101111000,110110011,101100101,001101011,010111101,111001001,110101110,100011111,011010110
011011011,110110001,110011100,101010101,110000111,011101101,101101010,000111111,011110110
100011110,101110011,001111100,110101101,010111011,001001111,011010101,111001000,011100110
110110010,110010101,101100100,111000011,100011110,100111001,011011000,001110111,010101111
001111010,101110101,110100011,110110100,010101101,011010111,111011001,100011111,111001110
010111011,111110000,111001010,001100011,001111110,011101101,110100110,100011101,011010111
101000111,011100011,101011001,111001010,011011101,111110100,110010011,110101101,000111110
100011001,010111100,111110001,011010111,001101011,101110110,101001101,111001010,110100111
011110110,100100111,011001101,110111100,111101011,001111001,111010001,010011011,101011110
101101010,001110011,111010110,111011001,110000011,011001111,101100101,010111100,100011111
001011011,111110010,111101001,101111100,010111001,011010101,110011110,100100111,011101110
100110110,110010001,111000111,011011010,001011101,101101011,111101100,011110001,010101111
001111001,101110100,111010011,011011110,100001111,010100111,111101000,100111010,110011101
100111110,111110000,101100001,111001100,010111101,001010111,110011011,110100111,011101010
100011011,010010110,111110001,111001000,001011101,101100110,100111100,011111010,010101111
011100111,001111011,101001111,010011110,011010101,110101001,101111100,111010010,100110111
101111000,001110110,110110011,000111101,011101011,111100101,011011100,101001111,110101110
011010110,100100111,001111100,111110001,010101010,001001011,111001100,010001101,100011010
011001110,100000111,001111100,111011001,110101100,011100101,101101011,010111011,111110010
001111001,111110100,111010011,001011110,100110111,011101111,101101010,010111010,110001101
100011011,010010110,111110001,111001000,001011101,101100110,100111100,011111010,010101111
001111001,111110100,111010011,001011110,100110111,011101111,101101010,010111010,110001101
001011011,111110010,111101001,101111100,010111001,011010101,110011110,100100111,011101110
001111001,101110100,111010011,011011110,100001111,010100111,111101000,100111010,110011101
011001110,100000111,001111100,111011001,110101100,011100101,101101011,010111011,111110010
001111001,101110100,111010011,011011110,100001111,010100111,111101000,100111010,110011101
011001110,100000111,001111100,111011001,110101100,011100101,101101011,010111011,111110010
001011001,111110100,111010011,001011110,100110111,011101111,101101010,010111010,110001101
101000111,011100011,101011001,111001010,011011101,111110100,110010011,110101101,000111110
001111010,101110101,110100011,110110100,010101101,011010111,111011001,100011111,111001110
001111001,101110100,111010011,011011110,100001111,010100111,111101000,100111010,110011101
110110010,110010101,101100100,111000011,100011110,100111001,011011000,001110111,010101111
011110110,100100111,011001101,110111100,111101011,001111001,111010001,010011011,101011110
001111010,101110101,110100011,110110100,010101101,011010111,111011001,100011111,111001110
101101010,001110011,111010110,111011001,110000011,011001111,101100101,010111100,100011111
011100111,001111011,101001111,010011110,011010101,110101001,101111100,111010010,100110111
001111001,101110100,111010011,011011110,100001111,010100111,111101000,100111010,110011101
101000111,011100011,101011001,111001010,011011101,111110100,110010011,110101101,000111110
101000111,011100011,101011001,111001010,011011101,111110100,110010011,110101101,000111110
100011011,010010110,111110001,111001000,001011101,101100110,100111100,011111010,010101111
101101010,001110011,111010110,111011001,110000011,011001111,101100101,010111100,100011111
011001110,100000111,001111100,111011001,110101100,011100101,101101011,010111011,111110010
101111000,110110011,101100101,001101011,010111101,111001001,110101110,100011111,011010110
001111001,101110100,111010011,011011110,100001111,010100111,111101000,100111010,110011101
010111011,111110000,111001010,001100011,001111110,011101101,110100110,100011101,011010111
101000111,011100011,101011001,111001010,011011101,111110100,110010011,110101101,000111110
101000111,011100011,101011001,111001010,011011101,111110100,110010011,110101101,000111110
001011011,111110010,111101001,101111100,010111001,011010101,110011110,100100111,011101110
101000111,011100011,101011001,111001010,011011101,111110100,110010011,110101101,000111110
010111011,111110000,111001010,001100011,001111110,011101101,110100110,100011101,011010111
100011001,010111100,111110001,011010111,001101011,101110110,101001101,111001010,110100111
101000111,011100011,101011001,111001010,011011101,111110100,110010011,110101101,000111110
100011011,010010110,111110001,111001000,001011101,101100110,100111100,011111010,010101111
001111010,101110101,110100011,110110100,010101101,011010111,111011001,100011111,111001110
100011110,101110011,001111100,110101101,010111011,001001111,011010101,111001000,011100110
101111000,001110110,110110011,000111101,011101011,111100101,011011100,101001111,110101110
100011011,010010110,111110001,111001000,001011101,101100110,100111100,011111010,010101111
010111011,111110000,111001010,001100011,001111110,011101101,110100110,100011101,011010111
001011011,111110010,111101001,101111100,010111001,011010101,110011110,100100111,011101110
001111001,101110100,111010011,011011110,100001111,010100111,111101000,100111010,110011101
001011011,111110010,111101001,101111100,010111001,011010101,110011110,100100111,011101110
011001110,100000111,001111100,111011001,110101100,011100101,101101011,010111011,111110010
001111001,101110100,111010011,011011110,100001111,010100111,111101000,100111110,110011101
001111001,101110100,111010011,011011110,100001111,010100111,111101000,100111010,110011101
001111001,101110100,111010011,011011110,100001111,010100111,111101000,100111010,110011101
011001110,100000111,001111100,111011001,110101100,011100101,101101011,010111011,111110010
101101010,001110011,111010110,111011001,110000011,011001111,101100101,010111100,100011111
100111110,111110000,101100001,111001100,010111101,001010111,110011011,110100111,011101010
110110010,110010101,101100100,111000011,100011110,100111001,011011000,001110111,010101111
001111001,101110100,111010011,011011110,100001111,010100111,111101000,100111010,110011101
010111011,111110000,111001010,001100011,001111110,011101101,110100110,100011101,011010111
100111110,111110000,101100001,111001100,010111101,001010111,110011011,110100111,011101010
001011011,111110010,111101001,101111100,010111001,011010101,110011110,100100111,011101110
001111010,101110101,110100011,110110100,010101101,011010111,111011001,100011111,111001110
100011110,101110011,001111100,110101101,010111011,001001111,011010101,111001000,011100110
101000111,011100011,101011001,111001010,011011101,111110100,110010011,110101101,000111110
100011011,010010110,111110001,111001000,001011101,101100110,100111100,011111010,010101111
011100111,001111011,101001111,010011110,011010101,110101001,101111100,111010010,100110111
011001110,100000111,001111100,111011001,110101100,011100101,101101011,010111011,111110010
011001110,100000111,001111100,111011001,110101100,011100101,101101011,010111011,111110010
001111010,101110101,110100011,110110100,010101101,011010111,111011001,100011111,111001110
100111110,111110000,101100001,111001100,010111101,001010111,110011011,110100111,011101010
101101010,001110011,111010110,111011001,110000011,011001111,101100101,010111100,100011111
01100,110,100000111,001111100,111011001,010101101,001101011,111001000,010001111,100011010
100011011,010010110,111110001,111001000,001011101,101100110,100111100,011111010,010101111
001011011,111110010,111101001,101111100,010111001,011010101,110011110,100100111,011101110
100111110,111110000,101100001,111001100,010111101,001010111,110011011,110100111,011101010
110110010,110010101,101100100,111000011,100011110,100111001,011011000,001110111,010101111
101101010,001110011,111010110,111011001,110000011,011001111,101100101,010111100,100011111
001111010,101110101,110100011,110110100,010101101,011010111,111011001,100011111,111001110
011001110,100000111,001111100,111011001,110101100,011100101,101101011,010111011,111110010
101101010,001110011,111010110,111011001,110000011,011001111,101100101,010111100,100011111
101111000,110110011,101100101,001101011,010111101,111001001,110101110,100011111,011010110
100011001,010111100,111110001,011010111,001101011,101110110,101001101,111001010,110100111
101101010,001110011,111010110,111011001,110000011,011001111,101100101,010111100,100011111
101101010,001110011,111010110,111011001,110000011,011001111,101100101,010111100,100011111
101000111,011100011,101011001,111001010,011011101,111110100,110010011,110101101,000111110
100011001,010111100,111110001,011010111,001101011,101110110,101001101,111001010,110100111
110110010,110010101,101100100,111000011,100011110,100111001,011011000,001110111,010101111
100011011,010010110,111110001,111001000,001011101,101100110,100111100,011111010,010101111
001111001,111110100,111010011,001011110,100110111,011101111,101101010,010111010,110001101
001011011,111110010,111101001,101111100,010111001,011010101,110011110,100100111,011101110
110110010,110010101,101100100,111000011,100011110,100111001,011011000,001110111,010101111
001011011,111110010,111101001,101111100,010111001,011010101,110011110,100100111,011101110
011100111,001111011,101001111,010011110,011010101,110101001,101111100,111010010,100110111
110110010,110010101,101100100,111000011,100011110,100111001,011011000,001110111,010101111
100011011,010010110,111110001,111001000,001011101,101100110,100111100,011111010,010101111
100011011,010010110,111110001,111001000,001011101,101100110,100111100,011111010,010101111
101101010,001110011,111010110,111011001,110000011,011001111,101100101,010111100,110011111
011001110,100000111,001111100,111011001,110101100,011100101,101101011,010111011,111110010
010111011,111110000,111001010,001100011,001111110,011101101,110100110,100011101,011010111
100111110,111110000,101100001,111001100,010111101,001010111,110011011,110100111,011101010
011100111,001111011,101001111,010011110,011010101,110101001,101111100,111010010,100110111
011100111,001111011,101001111,010011110,011010101,110101001,101111100,111010010,100110111
011010110,100100111,001111100,111110001,010101010,001001011,111001100,010001101,100011010
001111010,101110101,110100011,110110100,010101101,011010111,111011001,100011111,111001110
101101010,001110011,111010110,111011001,110000011,011001111,101100101,010111100,100011111
001111010,101110101,110100011,110110100,010101101,011010111,111011001,100011111,111001110
110110010,110010101,101100100,111000011,100011110,100111001,011011000,001110111,010101111
100011001,010111100,111110001,011010111,001101011,101110110,101001101,111001010,110100111
011100111,001111011,101001111,010011110,011010101,110101001,101111100,111010010,100110111
001111001,111110100,111010011,001011110,100110111,011101111,101101010,010111010,110001101
011001110,100000111,001111100,111011001,110101100,011100101,101101011,010111011,111110010
101101010,001110011,111010110,111011001,110000011,011001111,101100101,010111100,100011111
101101010,001110011,111010110,111011001,110000011,011001111,101100101,010111100,100011111
010111011,111110000,111001010,001100011,001111110,011101101,110100110,100011101,011010111
011100111,001111011,101001111,010011110,011010101,110101001,101111100,111010010,100110111
010111011,111110000,111001010,001100011,001111110,011101101,110100110,100011101,011010111
011001110,100000111,001111100,111110101,110101100,011100101,011001011,010011011,101110010
101101010,001110011,111010110,111011001,110000011,011001111,101100101,010111100,100011111
100011011,010010110,111110001,111001000,001011101,101100110,100111100,011111010,010101111
101000111,011100011,101011001,111001010,011011101,111110100,110010011,110101101,000111110
001011011,111110010,111101001,101111100,010111001,011010101,110011110,100100111,011101110
110110010,110010101,101100100,111000011,100011110,100111001,011011000,001110111,010101111
101101010,001110011,111010110,111011001,110000011,011001111,101100101,010111100,100011111
001111001,111110100,111010011,001011110,100110111,011101111,101101010,010111010,110001101
001111010,101110101,110100011,110110100,010101101,011010111,111011001,100011111,111001110
100011011,010010110,111110001,111001000,001011101,101100110,100111100,011111010,010101111
011001110,100000111,001111100,111011001,110101100,011100101,101101011,010111011,111110010
011001110,100000111,001111100,111011001,110101100,011100101,101101011,010111011,111110010
001011011,111110010,111101001,101111100,010111001,011010101,110011110,100100111,011101110
011110110,100100111,011001101,110111100,110100010,001000101,101001111,101011101,001010010
100011001,010111100,111110001,011010111,001101011,101110110,101001101,111001010,110100111
011100111,001111011,101001111,010011110,011010101,110101001,101111100,111010010,100110111
001111010,101110101,110100011,110110100,010101101,011010111,111011001,100011111,111001110
010111011,111110000,111001010,001100011,001111110,011101101,110100110,100011101,011010111
001111001,111110100,111010011,001011110,100110111,011101111,101101010,010111010,110001101
101111000,110110011,101100101,001101011,010111101,111001001,110101110,100011111,011010110
101101010,001110011,111010110,111011001,110000011,011001111,101100101,010111100,100011111
011100111,001111011,101001111,010011110,011010101,110101001,101111100,111010010,100110111
011010110,100100111,001111100,111110001,010101010,001001011,111001100,010001101,100011010
011100111,001111011,101001111,010011110,011010101,110101001,101111100,111010010,100110111
010111011,111110000,111001010,001100011,001111110,011101101,110100110,100011101,011010111
110110010,110010101,101100100,111000011,100011110,100111001,011011100,001110001,010101111
011001110,100000111,001111100,111011001,110101100,011100101,101101011,010111011,111110010
010111011,111110000,111001010,001100011,001111110,011101101,110100110,100011101,011010111
100111110,111110000,101100001,111001100,010111101,001010111,110011011,110100111,011101010
100111110,111110000,101100001,111001100,010111101,001010111,110011011,110100111,011101010
010111011,111110000,111001010,001100011,001111110,011101101,110100110,100011101,011010111
101000111,011100011,101011001,111001010,011011101,111110100,110010011,110101101,000111110
001011011,111110010,111101001,101111100,010111001,011010101,110011110,100100111,011101110
110110010,110010101,101100100,111000011,100011110,100111001,011011000,001110111,010101111
011001110,100000111,001111100,111011001,110101100,011100101,101101011,010111011,111110010
011010110,100100111,001111100,111110001,010101010,001001011,111001100,010001101,100011010
110110010,110010101,101100100,111000011,100011110,100111001,011011000,001110111,010101111
100011011,010010110,111110001,111001000,001011101,101100110,100111100,011111010,010101111
101111000,001110110,110110011,000111101,011101011,111100101,011011100,101001111,110101110
011001110,100000111,001111100,111011001,110101100,011100101,101101011,010111011,111110010
010111011,111110000,111001010,001100011,001111110,011101101,110100110,100011101,011010111
001111001,101110100,111010011,011011110,100001111,010100111,111101000,100111010,110011101
100011011,010010110,111110001,111001000,001011101,101100110,100111100,011111010,010101111
100011001,010111100,111110001,011010111,001101011,101110110,101001101,111001010,110100111
001111001,111110100,111010011,001011110,100110111,011101111,101101010,010111010,110001101
011010110,100100111,001111100,111110001,010101010,001001011,111001100,010001101,100011010
011110110,100100111,011001101,110111100,111101011,001111001,111010001,010011011,101011110
100011110,101110011,001111100,110101101,010111011,001001111,011010101,111001000,011100110
100011001,010111100,111110001,011010111,001101011,101110110,101001101,111001010,110100111
100011001,010111100,111110001,011010111,001101011,101110110,101001101,111001010,110100111
011001110,100000111,001111100,111011001,110101100,011100101,101101011,010111011,111110010
100111110,111110000,101100001,111001100,010111101,001010111,110011011,110100111,011101010
011001110,100000111,001111100,111011001,110101100,011100101,101101011,010111011,111110010
011001110,100000111,001111100,111011001,110101100,011100101,101101011,010111011,111110010
100011001,010111100,111110001,011010111,001101011,101110110,101001101,111001010,110100111
001011011,111110010,111101001,101111100,010111001,011010101,110011110,100100111,011101110
011100111,001111011,101001111,010011110,011010101,110101001,101111100,111010010,100110111
001011011,111110010,111101001,101111100,010111001,011010101,110011110,100100111,011101110
011100111,001111011,101001111,010011110,011010101,110101001,101111100,111010010,100110111
010111011,111110000,111001010,001100011,001111110,011101101,110100110,100011101,011010111
101111000,001110110,110110011,000111101,011101011,111100101,011011100,101001111,110101110
001011011,111110010,111101001,101111100,010111001,011010101,110011110,100100111,011101110
011010110,100100111,001111100,111110001,010101010,001001011,111001100,010001101,100011010
101111000,001110110,110110011,000111101,011101011,111100101,011011100,101001111,110101110
001111010,101110101,110100011,110110100,010101101,011010111,111011001,100011111,111001110
100011011,010010110,111110001,111001000,001011101,101100110,100111100,011111010,010101111
010111011,111110000,111001010,001100011,001111110,011101101,110100110,100011101,011010111
011001110,100000111,001111100,111011001,110101100,011100101,101101011,010111011,111110010
100011001,010111100,111110001,011010111,001101011,101110110,101001101,111001010,110100111
101101010,001110011,111010110,111011001,110000011,011001111,101100101,010111100,100011111
001111001,111110100,111010011,001011110,100110111,011101111,101101010,010111010,110001101
001111001,101110100,111010011,011011110,100001111,010100111,111101000,100111010,110011101
100011110,101110011,001111100,110101101,010111011,001001111,011010101,111001000,011100110
001111001,101110100,111010011,011011110,100001111,010100111,111101000,100111010,110011101
101111000,110110011,101100101,001101011,010111101,111001001,110101110,100011111,011010110
100011001,010111100,111110001,011010111,001101011,101110110,101001101,111001010,110100111
011100111,001111011,101001111,010011110,011010101,110101001,101111100,111010010,100110111
001111001,101110100,111010011,011011110,100001111,010100111,111101000,100111010,110011101
100111110,111110000,101100001,111001100,010111101,001010111,110011011,110100111,011101010
100011001,010111100,111110001,011010111,001101011,101110110,101001101,111001010,110100111
001011011,111110010,111101001,101111100,010111001,011010101,110011110,100100111,011101110
001011011,111110010,111101001,101111100,010111001,011010101,110011110,100100111,011101110
011001110,100000111,001111100,111011001,110101100,011100101,101101011,010111011,111110010
001111001,111110100,111010011,001011110,100110111,011101111,101101010,010111010,110001101
100011001,010111100,111110001,011010111,001101011,101110110,101001101,111001010,110100111
101000111,011100011,101011001,111001010,011011101,111110100,110010011,110101101,000111110
101111000,001110110,110110011,000111101,011101011,111100101,011011100,101001111,110101110
001011011,111110010,111101001,101111100,010111001,011010101,110011110,100100111,011101110
001111010,101110101,110100011,110110100,010101101,011010111,111011001,100011111,111001110
001111001,111110100,111010011,001011110,100110111,011101111,101101010,010111010,110001101
011100111,001111011,101001111,010011110,011010101,110101001,101111100,111010010,100110111
100011011,010010110,111110001,111001000,001011101,101100110,100111100,011111010,010101111
100011001,010111100,111110001,011010111,001101011,101110110,101001101,111001010,110100111
011001110,100001011,001111100,111011001,110101100,011100101,101101011,010111011,111110010
100011011,010010110,111110001,111001000,001011101,101100110,100111100,011111010,010101111
100011011,010010110,111110001,111001000,001011101,101100110,100111100,011111010,010101111
101111000,001110110,110110011,000111101,011101011,111100101,011011100,101001111,110101110
011001110,100000111,001111100,111011001,110101100,011100101,101101011,010111011,111110010
100011001,010111100,111110001,011010111,001101011,101110110,101001101,111001010,110100111
011100111,001111011,101001111,010011110,011010101,110101001,101111100,111010010,100110111
100011001,010111100,111110001,011010111,001101011,101110110,101001101,111001010,110100111
100011001,010111100,111110001,011010111,001101011,101110110,101001101,111001010,110100111
001111010,101110101,110100011,110110100,010101101,011010111,111011001,100011111,111001110
101111000,110110011,101100101,001101011,010111101,111001001,110101110,100011111,011010110
011001110,100000111,001111100,111011001,110101100,011100101,101101011,010111011,111110010
011001110,100000111,001111100,111011001,110101100,011100101,101101011,010111011,111110010
001011011,111110010,111101001,101111100,010111001,011010101,110011110,100100111,011101110
101101010,001110011,111010110,111011001,110000011,011001111,101100101,010111100,100011111
001111010,101110101,110100011,110110100,010101101,011010111,111011001,100011111,111001110
100111110,111110000,101100001,111001100,010111101,001010111,110011011,110100111,011101010
100011001,010111100,111110001,011010111,001101011,101110110,101001101,111001010,110100111
101111000,001110110,110110011,000111101,011101011,111100101,011011100,101001111,110101110
001111001,111110100,111010011,001011110,100110111,011101111,101101010,010111010,110001101
100011011,010010110,111110001,111001000,001011101,101100110,100111100,011111010,010101111
011010110,100100111,001111100,111110001,010101010,001001011,111001100,010001101,100011010
011001110,100000111,001111100,111011001,110101100,011100101,101101011,010111011,111110010
100111110,111110000,101100001,111001100,010111101,001010111,110011011,110100111,011101010
011001110,100000111,001111100,111011001,110101100,011100101,101101011,010111011,111110010
001111010,101110101,110100011,110110100,010101101,011010111,111011001,100011111,111001110
001111001,111110100,111010011,001011110,100110111,011101111,101101010,010111010,110001101
100011011,010010110,111110001,111001000,001011101,101100110,100111100,011111010,010101111
011100111,001111011,101001111,010011110,011010101,110101001,101111100,111010010,100110111
100011110,101110011,001111100,110101101,010111011,001001111,011010101,111001000,011100110
010111011,111110000,111001010,001100011,001111110,011101101,110100110,100011101,011010111
101101010,001110011,111010110,111011001,110000011,011001111,101100101,010111100,100011111
101101010,001110011,111010110,111011001,110000011,011001111,101100101,010111100,100011111
100011011,010010110,111110001,111001000,001011101,101100110,100111100,011111010,010101111
011001110,100000111,001111100,111011001,110101100,011100101,101101011,010111011,111110010
001111010,101110101,110100011,110110100,010101101,011010111,111011001,100011111,111001110
101111000,110110011,101100101,001101011,010111101,111001001,110101110,100011111,011010110
001111010,101110101,110100011,110110100,010101101,011010111,111011001,100011111,111001110
101111000,001110110,110110011,000111101,011101011,111100101,011011100,101001111,110101110
001111001,101110100,111010011,011011110,100001111,010100111,111101000,100111010,110011101
001111010,101110101,110100011,110110100,010101101,011010111,111011001,100011111,111001110
100011011,010010110,111110001,111001000,001011101,101100110,100111100,011111010,010101111
101101010,001110011,111010110,111011001,110000011,011001111,101100101,010111100,100011111
101101010,001110011,111010110,111011001,110000011,011001111,101100101,010111100,100011111
100011001,010111100,111110001,011010111,001101011,101110110,101001101,111001010,110100111
110110010,110010101,101100100,111000011,100011110,100111001,011011000,001110111,010101111
101111000,001110110,110110011,000111101,011101011,111100101,011011100,101001111,110101110
001111010,101110101,110100011,110110100,010101101,011010111,111011001,100011111,111001110
100011011,010010110,111110001,111001000,001011101,101100110,100111100,011111010,010101111
100111110,111110000,101100001,111001100,010111101,001010111,110011011,110100111,011101010
010111011,111110000,111001010,001100011,001111110,011101101,110100110,100011101,011010111
011100111,001111011,101001111,010011110,011010101,110101001,101111100,111010010,100110111
101111000,001110110,110110011,000111101,011101011,111100101,011011100,101001111,110101110
011010110,100100101,111111010,110110001,010101010,001010111,111010001,010011111,100111110
101111000,001110110,110110011,000111101,011101011,111100101,011011100,101001111,110101110
010111011,111110000,111001010,001100011,001111110,011101101,110100110,100011101,011010111
101111000,001110110,110110011,000111101,011101011,111100101,011011100,101001111,110101110
011010110,100100111,001111100,111110001,010101010,001001011,111001100,010001101,100011010
100111110,111110000,101100001,111001100,010111101,001010111,110011011,110100111,011101010
001111010,101110101,110100011,110110100,010101101,011010111,111011001,100011111,111001110
011010110,100100111,001111100,111110001,010101010,001001011,111001100,010001101,100011010
001011011,111110010,111101001,101111100,010111001,011010101,110011110,100100111,011101110
011010110,100100111,001111100,111110001,010101010,001001011,111001100,010001101,100011010
001011011,111110010,111101001,101111100,010111001,011010101,110011110,100100111,011101110
110110010,110010101,101100100,111000011,100011110,100111001,011011000,001110111,010101111
001011011,111111001,001101101,110101101,010111010,011010111,110001101,100100101,101011110
001111001,101110100,111010011,011011110,100001111,010100111,111101000,100111010,110011101
001011011,111110010,111101001,101111100,010111001,011010101,110011110,100100111,011101110
011100111,001111011,101001111,010011110,011010101,110101001,101111100,111010010,100110111
101000111,011100011,101011001,111001010,011011101,111110100,110010011,110101101,000111110
101111000,001110110,110110011,000111101,011101011,111100101,011011100,101001111,110101110
001111001,101110100,111010011,011011110,100001111,010100111,111101000,100111010,110011101
001111001,101110100,111010011,011011110,100001111,010100111,111101000,100111010,110011101
100011001,010111100,111110001,011010111,001101011,101110110,101001101,111001010,110100111
010111011,111110000,111001010,001100011,001111110,011101101,110100110,100011101,011010111
100111110,111110000,101100001,111001100,010111101,001010111,110011011,110100111,011101010
101000111,011100011,101011001,111001010,011011101,111110100,110010011,110101101,000111110
100011001,010111100,111110001,011010111,001101011,101110110,101001101,111001010,110100111
011100111,001111011,101001111,010011110,011010101,110101001,101111100,111010010,100110111
011001110,100000111,001111100,111011001,110101100,011100101,101101011,010111011,111110010
011010110,100100111,001111100,111110001,010101010,001001011,111001100,010001101,100011010
100011001,010111100,111110001,011010111,001101011,101110110,101001101,111001010,110100111
001111001,111110100,111010011,001011110,100110111,011101111,101101010,010111010,110001101
011010110,100100111,001111100,111110001,010101010,001001011,111001100,010001101,100011010
100011011,010010110,111110001,111001000,001011101,101100110,100111100,011111010,010101111
001111001,111110100,111010011,001011110,100110111,011101111,101101010,010111010,110001101
001011011,111110010,111101001,101111100,010111001,011010101,110011110,100100111,011101110
101101010,001110011,111010110,111011001,110000011,011001111,101100101,010111100,100011111
001111001,111110100,111010011,001011110,100110111,011101111,101101010,010111010,110001101
001111010,101110101,110100011,110110100,010101101,011010111,111011001,100011111,111001110
101000111,011100011,101011001,111001010,011011101,111110100,110010011,110101101,000111110
100011011,010010110,111110001,111001000,001011101,101100110,100111100,011111010,010101111
101101010,001110011,111010110,111011001,110000011,011001111,101100101,010111100,100011111
010111011,111110000,111001010,001100011,001111110,011101101,110100110,100011101,011010111
001111001,101110100,111010011,011011110,100001111,010100111,111101000,100111010,110011101
001011011,111110010,111101001,101111100,010111001,011010101,110011110,100100111,011101110
100011110,101110011,001111100,110101101,010111011,001001111,011010101,111001000,011100110
101111000,110110011,101100101,001101011,010111101,111001001,110101110,100011111,011010110
011110110,100100111,011001101,110111100,111101011,001111001,111010001,010011011,101011110
010111011,111110000,111001010,001100011,001111110,011101101,110100110,100011101,011010111
011100111,001111011,101001111,010011110,011010101,110101001,101111100,111010010,100110111
011110110,100100111,011001101,110111100,111101011,001111001,111010001,010011011,101011110
011010110,100100111,001111100,111110001,010101010,001001011,111001100,010001101,100011010
100111110,111110000,101100001,111001100,010111101,001010111,110011011,110100111,011101010
100111110,111110000,101100001,111001100,010111101,001010111,110011011,110100111,011101010
001011011,111110010,111101001,101111100,010111001,011010101,110011110,100100111,011101110
100011110,101110011,001111100,110101101,010111011,001001111,011010101,111001000,011100110
101111000,001110110,110110011,000111101,011101011,111100101,011011100,101001111,110101110
011010110,100100111,001111100,111110001,010101010,001001011,111001100,010001101,100011010
001111010,101110101,110100011,110110100,010101101,011010111,111011001,100011111,111001110
011100111,001111011,101001111,010011110,011010101,110101001,101111100,111010010,100110111
011010110,100100111,001111100,111110001,010101010,001001011,111001100,010001101,100011010
010111011,111110000,111001010,001100011,001111110,011101101,110100110,100011101,011010111
011001110,100000111,001111100,111011001,110101100,011100101,101101011,010111011,111110010
101000111,011100011,101011001,111001010,011011101,111110100,110010011,110101101,000111110
101111000,110110011,101100101,001101011,010111101,111001001,110101110,100011111,011010110
001011011,111110010,111101001,101111100,010111001,011010101,110011110,100100111,011101110
100011011,010010110,111110001,111001000,001011101,101100110,100111100,011111010,010101111
101111000,001110110,110110011,000111101,011101011,111100101,011011100,101001111,110101110
100011011,010010110,111110001,111001000,001011101,101100110,100111100,011111010,010101111
001111001,111110100,111010011,001011110,100110111,011101111,101101010,010111010,110001101
001111001,101110100,111010011,011011110,100001111,010100111,111101000,100111010,110011101
110110010,110010101,101100100,111000011,100011110,100111001,011011000,001110111,010101111
101000111,011100011,101011001,111001010,011011101,111110100,110010011,110101101,000111110
001111001,111110100,111010011,001011110,100110111,011101111,101101010,010111010,110001101
001011011,111110010,111101001,101111100,010111001,011010101,110011110,100100111,011101110
001111010,101110101,110100011,110110100,010101101,011010111,111011001,100011111,111001110
001001011,011111000,111101101,011001000,010001011,110101011,110101110,0011101
011010110,100100111,001111100,111110001,010101010,001001011,111001100,010001101,100011010
101101010,001110011,111010110,111011001,110000011,011001111,101100101,010111100,100011111
100011011,010010110,111110001,111001000,001011101,101100110,100111100,011111010,010101111
011010110,100100111,001111100,111110001,010101010,001001011,111001100,010001101,100011010
010111011,111110000,111001010,001100011,001111110,011101101,110100110,100011101,011010111
011110110,100100111,011001101,110111100,111101011,001111001,111010001,010011011,101011110
100011001,010111100,111110001,011010111,001101011,101110110,101001101,111001010,110100111
100011011,010010110,111110001,111001000,001011101,101100110,100111100,011111010,010101111
100011011,010010110,111110001,111001000,001011101,101100110,100111100,011111010,010101111
011100111,001111011,101001111,010011110,011010101,110101001,101111100,111010010,100110111
011100111,001111011,101001111,010011110,011010101,110101001,101111100,111010010,100110111
001111001,101110100,111010011,011011110,100001111,010100111,111101000,100111010,110011101
011001110,100000111,001111100,111011001,110101100,011100101,101101011,010111011,111110010
011001110,100000111,001111100,111011001,110101100,011100101,101101011,010111011,111110010
001111001,111110100,111010011,001011110,100110111,011101111,101101010,010111010,110001101
101000111,011100011,101011001,111001010,011011101,111110100,110010011,110101101,000111110
110110010,110010101,101100100,111000011,100011110,100111001,011011000,001110111,010101111
110110010,110010101,101100100,111000011,100011110,100111001,011011000,001110111,010101111
100011011,010010110,111110001,111001000,001011101,101100110,100111100,011111010,010101111
001111010,101110101,110100011,110110100,010101101,011010111,111011001,100011111,111001110
100011011,010010110,111110001,111001000,001011101,101100110,100111100,011111010,010101111
001111010,101110101,110100011,110110100,010101101,011010111,111011001,100011111,111001110
100011001,010111100,111110001,011010111,001101011,101110110,101001101,111001010,110100111
011010110,100100111,001111100,111110001,010101010,001001011,111001100,010001101,100011010
001011011,111110010,111101001,101111100,010111001,011010101,110011110,100100111,011101110
011100111,001111011,101001111,010011110,011010101,110101001,101111100,111010010,100110111
001111001,101110100,111010011,011011110,100001111,010100111,111101000,100111010,110011101
001111001,101110100,111010011,011011110,100001111,010100111,111101000,100111010,110011101
100011011,010010110,111110001,111001000,001011101,101100110,100111100,011111010,010101111
010111011,111110000,111001010,001100011,001111110,011101101,110100110,100011101,011010111
011110110,100100111,011001101,110111100,111101011,001111001,111010001,010011011,101011110
100011001,010111100,111110001,011010111,001101011,101110110,101001101,111001010,110100111
001111010,101110101,110100011,110110100,010101101,011010111,111011001,100011111,111001110
001111010,101110101,110100011,110110100,010101101,011010111,111011001,100011111,111001110
100111110,111110000,101100001,111001100,010111101,001010111,110011011,110100111,011101010
011001110,100000111,001111100,111011001,110101100,011100101,101101011,010111011,111110010
000111110,101110011,001100101,110101000,010001101,001010111,110010101,110011101,011100110
100011011,010010110,111110001,111001000,001011101,101100110,100111100,011111010,010101111
010111011,111110000,111001010,001100011,001111110,011101101,110100110,100011101,011010111
011100111,001111011,101001111,010011110,011010101,110101001,101111100,111010010,100110111
110110010,110010101,101100100,111000011,100011110,100111001,011011000,001110111,010101111
100011011,010010110,111110001,111001000,001011101,101100110,100111100,011111010,010101111
110110010,110010101,101100100,111000011,100011110,100111001,011011000,001110111,010101111
011001110,100000111,001111100,111011001,110101100,011100101,101101011,010111011,111110010
101111000,110110011,101100101,001101011,010111101,111001001,110101110,100011111,011010110
100011011,010010110,111110001,111001000,001011101,101100110,100111100,011111010,010101111
101111000,001110110,110110011,000111101,011101011,111100101,011011100,101001111,110101110
001111010,101110101,110100011,110110100,010101101,011010111,111011001,100011111,111001110
101101010,001110011,111010110,111011001,110000011,011001111,101100101,010111100,100011111
001011011,111110010,111101001,101111100,010111001,011010101,110011110,100100111,011101110
001111001,111110100,111010011,001011110,100110111,011101111,101101010,010111010,110001101
011010110,100100111,001111100,111110001,010101010,001001011,111001100,010001101,100011010
011001110,100000111,001111100,111011001,110101100,011100101,101101011,010111011,111110010
101111010,101110011,110100111,110110001,010101110,011001001,111011100,110001111,110011110
100011011,010010110,111110001,111001000,001011101,101100110,100111100,011111010,010101111
001011011,111110010,111101001,101111100,010111001,011010101,110011110,100100111,011101110
100011011,010010110,111110001,111001000,001011101,101100110,100111100,011111010,010101111
011010110,100100111,001111100,111110001,010101010,001001011,111001100,010001101,100011010
011010110,100100111,001111100,111110001,010101010,001001011,111001100,010001101,100011010
100011011,010010110,111110001,111001000,001011101,101100110,100111100,011111010,010101111
001011011,111110010,111101001,101111100,010111001,011010101,110011110,100100111,011101110
001111001,111110100,111010011,001011110,100110111,011101111,101101010,010111010,110001101
101000111,011100011,101011001,111001010,011011101,111110100,110010011,110101101,000111110
101101010,001110011,111010110,111011001,110000011,011001111,101100101,010111100,100011111
011100111,001111011,101001111,010011110,011010101,110101001,101111100,111010010,100110111
001001111,101111100,101011001,011011110,010110101,011011111,111100110,100100101,100001011
011010110,100100111,001111100,111110001,010101010,001001011,111001100,010001101,100011010
101000111,011100011,101011001,111001010,011011101,111110100,110010011,110101101,000111110
100011110,101110011,001111100,110101101,010111011,001001111,011010101,111001000,011100110
001101010,101110101,110100011,110110100,010101101,011010111,111011001,100011111,111001110
001111010,101110101,110100011,110110100,010101101,011010111,111011001,100011111,111001110
001111010,101110101,110100011,110110100,010101101,011010111,111011001,100011111,111001110
011100111,001111011,101001111,010011110,011010101,110101001,101111100,111010010,100110111
110110010,110010101,101100100,111000011,100011110,100111001,011011000,001110111,010101111
101111000,001110110,110110011,000111101,011101011,111100101,011011100,101001111,110101110
011001110,100000111,001111100,111011001,110101100,011100101,101101011,010111011,111110010
001111010,101110101,110100011,110110100,010101101,011010111,111011001,100011111,111001110
011010110,100100111,001111100,111110001,010101010,001001011,111001100,010001101,100011010
101111000,001110110,110110011,000111101,011101011,111100101,011011100,101001111,110101110
001111010,101110101,110100011,110110100,010101101,011010111,111011001,100011111,111001110
100011011,010010110,111110001,111001000,001011101,101100110,100111100,011111010,010101111
001111001,111110100,111010011,001011110,100110111,011101111,101111010,010111010,110001101
001011011,111110010,111101001,101111100,010111001,011010101,110011110,100100111,011101110
001111001,101110100,111010011,011011110,100001111,010100111,111101000,100111010,110011101
100111110,111110000,101100001,111001100,010111101,001010111,110011011,110100111,011101010
001111001,101110100,111010011,011011110,100001111,010100111,111101000,100111010,110011101
010111011,111110000,111001010,001100011,001111110,011101101,110100110,100011101,011010111
001111001,101110100,111010011,011011110,100001111,010100111,111101000,100111010,110011101
001011011,111110010,111101001,101111100,010111001,011010101,110011110,100100111,011101110
100011110,101110011,001111100,110101101,010111011,001001111,011010101,111001000,011100110
100011011,010010110,111110001,111001000,001011101,101100110,100111100,011111010,010101111
010111011,111110000,111001010,001100011,001111110,011101101,110100110,100011101,011010111
100011011,010010110,111110001,111001000,001011101,101100110,100111100,011111010,010101111
011001110,100000111,001111100,111011001,110101100,011100101,101101011,010111011,111110010
100011011,010010110,111110001,111001000,001011101,101100110,100111100,011111010,010101111
011010110,100100111,001111100,111110001,010101010,001001011,111001100,010001101,100011010
001011011,111110010,111101001,101111100,010111001,011010101,110011110,100100111,011101110
100011001,010111100,111110001,011010111,001101011,101110110,101001101,111001010,110100111
001111001,101110100,111010011,011011110,100001111,010100111,111101000,100111010,110011101
101101010,001110011,111010110,111011001,110000011,011001111,101100101,010111100,100011111
011110111,001110011,101001111,000011010,111001011,001111001,101111000,111010011,100110111
100011001,010111100,111110001,011010111,001101011,101110110,101001101,111001010,110100111
011100111,001111011,101001111,010011110,011010101,110101001,101111100,111010010,100110111
011001110,100000111,001111100,111011001,110101100,011100101,101101011,010111011,111110010
101000111,011100011,101011001,111001010,011011101,111110100,110010011,110101101,000111110
001101010,101110101,110100011,110110100,010101101,011010111,111011001,100011111,111001110
100011001,010111100,111110001,011010111,001101011,101110110,101001101,111001010,110100111
010111011,111110000,111001010,001100011,001111110,011101101,110100110,100011101,011010111
100011001,010111100,111110001,011010111,001101011,101110110,101001101,111001010,110100111
001111001,111110100,111010011,001011110,100110111,011101111,101101010,010111010,110001101
011100111,001111011,101001111,010011110,011010101,110101001,101111100,111010010,100110111
100011011,010010110,111110001,111001000,001011101,101100110,100111100,011111010,010101111
100011011,010010110,111110001,111001000,001011101,101100110,100111100,011111010,010101111
100011001,010111100,111110001,011010111,001101011,101110110,101001101,111001010,110100111
101111000,001110110,110110011,000111101,011101011,111100101,011011100,101001111,110101110
100011001,010111100,111110001,011010111,001101011,101110110,101001101,111001010,110100111
100011110,101110011,001111100,110101101,010111011,001001111,011010101,111001000,011100110
001111001,101110100,111010011,011011110,100001111,010100111,111101000,100111010,110011101
101111000,001110110,110110011,000111101,011101011,111100101,011011100,101001111,110101110
011100111,001111011,101001111,010011110,011010101,110101001,101111100,111010010,100110111
011100111,001111011,101001111,010011110,011010101,110101001,101111100,111010010,100110111
101111000,001110110,110110011,000111101,011101011,111100101,011011100,101001111,110101110
001111001,101110100,111010011,011011110,100001111,010100111,111101000,100111010,110011101
001011011,111110010,111101001,101111100,010111001,011010101,110011110,100100111,011101110
100011011,010010110,111110001,111001000,001011101,101100110,100111100,011111010,010101111
011001110,100000111,001111100,111011001,110101100,011100101,101101011,010111011,111110010
101111000,110110011,101100101,001101011,010111101,111001001,110101110,100011111,011010110
110110010,110010101,101100100,111000011,100011110,100111001,011011000,001110111,010101111
001011011,111110010,111101001,101111100,010111001,011010101,110011110,100100111,011101110
001111001,111110100,111010011,001011110,100110111,011101111,101101010,010111010,110001101
011100111,001111011,101001111,010011110,011010101,110101001,101111100,111010010,100110111
101111000,001110110,110110011,000111101,011101011,111100101,011011100,101001111,110101110
011001110,100000111,001111100,111011001,110101100,011100101,101101011,010111011,111110010
011010110,100100111,001111100,111110001,010101010,001001011,111001100,010001101,100011010
011001110,100000111,001111100,111011001,110101100,011100101,101101011,010111011,111110010
001111001,111110100,111010011,001011110,100110111,011101111,101101010,010111010,110001101
001111001,101110100,111010011,011011110,100001111,010100111,111101000,100111010,110011101
001111010,101110101,110100011,110110100,010101101,011010111,111011001,100011111,111001110
011110110,100100111,011001101,110111100,111101011,001111001,111010001,010011011,101011110
001111001,111110100,111010011,001011110,100110111,011101111,101101010,010111010,110001101
011001110,100000111,001111100,111011001,110101100,011100101,101101011,010111011,111110010
101111010,101010011,110100111,110110001,110101100,011001000,111010100,100101101,110011110
101111010,101010011,110100111,110110001,110010010,011001001,111010100,100111111,100011110
001111010,101110101,110100011,110110100,010101101,011010111,111011001,100011111,111001110
011010110,100100111,001111100,111110001,010101010,001001011,111001100,010001101,100011010
101111000,110110011,101100101,001101011,010111101,111001001,110101110,100011111,011010110
100011110,101110011,001111100,110101101,010111011,001001111,011010101,111001000,011100110
110110010,110010101,101100100,111000011,100011110,100111001,011011000,001110111,010101111
001111001,101110100,111010011,011011110,100001111,010100111,111101000,100111010,110011101
011001110,100000111,001111100,111011001,110101100,011100101,101101011,010111011,111110010
101000111,011100011,101011001,111001010,011011101,111110100,110010011,110101101,000111110
011001110,100000111,001111100,111011001,110101100,011100101,101101011,010111011,111110010
100111110,111110000,101100001,111001100,010111101,001010111,110011011,110100111,011101010
100011011,010010110,111110001,111001000,001011101,101100110,100111100,011111010,010101111
010111011,111110000,111001010,001100011,001111110,011101101,110100110,100011101,011010111
100011011,010010110,111110001,111001000,001011101,101100110,100111100,011111010,010101111
011010110,100100111,001111100,111110001,010101010,001001011,111001100,010001101,100011010
001111001,111110100,111010011,001011110,100110111,011101111,101101010,010111010,110001101
001111010,101110101,110100011,110110100,010101101,011010111,111011001,100011111,111001110
101111000,011110100,111010011,111011100,101011011,101110111,010101101,001100110,110101101
010111011,111110000,111001010,001100011,001111110,011101101,110100110,100011101,011010111
001111001,111110100,111010011,001011110,100110111,011101111,101101010,010111010,110001101
011010110,100100111,001111100,111110001,010101010,001001011,111001100,010001101,100011010
101111000,001110110,110110011,000111101,011101011,111100101,011011100,101001111,110101110
101101010,001110011,111010110,111011001,110000011,011001111,101100101,010111100,100011111
100111110,111110000,101100001,111001100,010111101,001010111,110011011,110100111,011101010
100011001,010111100,111110001,011010111,001101011,101110110,101001101,111001010,110100111
001111010,101110101,110100011,110110100,010101101,011010111,111011001,100011111,111001110
011010110,100100111,001111100,111110001,010101010,001001011,111001100,010001101,100011010
100011001,010111100,111110001,011010111,001101011,101110110,101001101,111001010,110100111
001011011,111110010,111101001,101111100,010111001,011010101,110011110,100100111,011101110
001111001,101110100,111010011,011011110,100001111,010100111,111101000,100111010,110011101
101101010,001110011,111010110,111011001,110000011,011001111,101100101,010111100,100011111
101101010,001110011,111010110,111011001,110000011,011001111,101100101,010111100,100011111
001111010,101110101,110100011,110110100,010101101,011010111,111011001,100011111,111001110
100011110,101110011,001111100,110101101,010111011,001001111,011010101,111001000,011100110
011001110,100000111,001111100,111011001,110101100,011100101,101101011,010111011,111110010
010111011,111110000,111001010,001100011,001111110,011101101,110100110,100011101,011010111
100011001,010111100,111110001,011010111,001101011,101110110,101001101,111001010,110100111
010111011,111110000,111001010,001100011,001111110,011101101,110100110,100011101,011010111
101111000,110110011,101100101,001101011,010111101,111001001,110101110,100011111,011010110
001111001,101110100,111010011,011011110,100001111,010100111,111101000,100111010,110011101
100011001,010111100,111110001,011010111,001101011,101110110,101001101,111001010,110100111
001111010,101110101,110100011,110110100,010101101,011010111,111011001,100011111,111001110
010111011,111110000,111001010,001100011,001111110,011101101,110100110,100011101,011010111
011110110,100100111,011001101,110111100,111101011,001111001,111010001,010011011,101011110
001111001,101110100,111010011,011011110,100001111,010100111,111101000,100111010,110011101
011100111,001111011,101001111,010011110,011010101,110101001,101111100,111010010,100110111
101111000,001110110,110110011,000111101,011101011,111100101,011011100,101001111,110101110
011010110,100100111,001111100,111110001,010101010,001001011,111001100,010001101,100011010
011001110,100000111,001111100,111011001,110101100,011100101,101101011,010111011,111110010
101111000,001110110,110110011,000111101,011101011,111100101,011011100,101001111,110101110
001111001,101110100,111010011,011011110,100001111,010100111,111101000,100111010,110011101
010111011,111110000,111001010,001100011,001111110,011101101,110100110,100011101,011010111
101111000,001110110,110110011,000111101,011101011,111100101,011011100,101001111,110101110
011100111,001111011,101001111,010011110,011010101,110101001,101111100,111010010,100110111
101111000,001110110,110110011,000111101,011101011,111100101,011011100,101001111,110101110
101000111,011100011,101011001,111001010,011011101,111110100,110010011,110101101,000111110
100011110,101110011,001111100,110101101,010111011,001001111,011010101,111001000,011100110
001111010,101110101,110100011,110110100,010101101,011010111,111011001,100011111,111001110
010111011,111110000,111001010,001100011,001111110,011101101,110100110,100011101,011010111
101111000,001110110,110110011,000111101,011101011,111100101,011011100,101001111,110101110
101101010,001110011,111010110,111011001,110000011,011001111,101100101,010111100,100011111
011001110,100000111,001111100,111011001,110101100,011100101,101101011,010111011,111110010
011110110,100100111,011001101,110111100,111101011,001111001,111010001,010011011,101011110
100011001,010111100,111110001,011010111,001101011,101110110,101001101,111001010,110100111
001111001,101110100,111010011,011011110,100001111,010100111,111101000,100111010,110011101
011110110,100100111,011001101,110111100,111101011,001111001,111010001,010011011,101011110
001111010,101110101,110100011,110110100,010101101,011010111,111011001,100011111,111001110
001011011,111110010,111101001,101111100,010111001,011010101,110011110,100100111,011101110
001011011,111110010,111101001,101111100,010111001,011010101,110011110,100100111,011101110
100111110,111110000,101100001,111001100,010111101,001010111,110011011,110100111,011101010
010111011,111110000,111001010,001100011,001111110,011101101,110100110,100011101,011010111
011100111,001111011,101001111,010011110,011010101,110101001,101111100,111010010,100110111
011010110,100100111,001111100,111110001,010101010,001001011,111001100,010001101,100011010
100011110,101110011,001111100,110101101,010111011,001001111,011010101,111001000,011100110
010111011,111110000,111001010,001100011,001111110,011101101,110100110,100011101,011010111
101000111,011100011,101011001,111001010,011011101,111110100,110010011,110101101,000111110
101000111,011100011,101011001,111001010,011011101,111110100,110010011,110101101,000111110
001111001,101110100,111010011,011011110,100001111,010100111,111101000,100111010,110011101
001111001,111110100,111010011,001011110,100110111,011101111,101101010,010111010,110001101
100011110,101110011,001111100,110101101,010111011,001001111,011010101,111001000,011100110
001111010,101110101,110100011,110110100,010101101,011010111,111011001,100011111,111001110
101000111,011100011,101011001,111001010,011011101,111110100,110010011,110101101,000111110
001111001,111110100,111010011,001011110,100110111,011101111,101101010,010111010,110001101
001111010,101110101,110100011,110110100,010101101,011010111,111011001,100011111,111001110
011010110,100100111,001111100,111110001,010101010,001001011,111001100,010001101,100011010
011010110,100100111,001111100,111110001,010101010,001001011,111001100,010001101,100011010
110110010,110010101,101100100,111000011,100011110,100111001,011011000,001110111,010101111
100011011,010010110,111110001,111001000,001011101,101100110,100111100,011111010,010101111
001111010,101110101,110100011,110110100,010101101,011010111,111011001,100011111,111001110
100011011,010010110,111110001,111001000,001011101,101100110,100111100,011111010,010101111
100111110,111110000,101100001,111001100,010111101,001010111,110011011,110100111,011101010
010111011,111110000,111001010,001100011,001111110,011101101,110100110,100011101,011010111
100111110,111110000,101100001,111001100,010111101,001010111,110011011,110100111,011101010
101011010,011010111,110110101,111110101,010101101,111001001,110011101,100001111,110010110
001111001,101110100,111010011,011011110,100001111,010100111,111101000,100111010,110011101
011110110,100100111,011001101,110111100,111101011,001111001,111010001,010011011,101011110
011010110,100100111,001111100,111110001,010101010,001001011,111001100,010001101,100011010
001111010,101110101,110100011,110110100,010101101,011010111,111011001,100011111,111001110
100011011,010010110,111110001,111001000,001011101,101100110,100111100,011111010,010101111
011001110,100000111,001111100,111011001,110101100,011100101,101101011,010111011,111110010
101000111,011100011,101011001,111001010,011011101,111110100,110010011,110101101,000111110
001011011,111110010,111101001,101111100,010111001,011010101,110011110,100100111,011101110
001111001,111110100,111010011,001011110,100110111,011101111,101101010,010111010,110001101
100011001,010111100,111110001,011010111,001101011,101110110,101001101,111001010,110100111
100111110,111110000,101100001,111001100,010111101,001010111,110011011,110100111,011101010
001111010,101110101,110100011,110110100,010101101,011010111,111011001,100011111,111001110
011100111,001111011,101001111,010011110,011010101,110101001,101111100,111010010,100110111
001111010,101110101,110100011,110110100,010101101,011010111,111011001,100011111,111001110
011010110,100100111,001111100,111110001,010101010,001001011,111001100,010001101,100011010
001011011,111110010,111101001,101111100,010111001,011010101,110011110,100100111,011101110
001111001,101110100,111010011,011011110,100001111,010100111,111101000,100111010,110011101
101111000,110110011,101100101,001101011,010111101,111001001,110101110,100011111,011010110
110110010,110010101,101100100,111000011,100011110,100111001,011011000,001110111,010101111
011010110,100100111,001111100,111110001,010101010,001001011,111001100,010001101,100011010
011110110,100100111,011001101,110111100,111101011,001111001,111010001,010011011,101011110
001111010,101110101,110100011,110110100,010101101,011010111,111011001,100011111,111001110
110110010,110010101,101100100,111000011,100011110,100111001,011011000,001110111,010101111
101111000,110110011,101100101,001101011,010111101,111001001,110101110,100011111,011010110
100011011,010010110,111110001,111001000,001011101,101100110,100111100,011111010,010101111
001011011,111110010,111101001,101111100,010111001,011010101,110011110,100100111,011101110
101111000,001110110,110110011,000111101,011101011,111100101,011011100,101001111,110101110
101101010,001110011,111010110,111011001,110000011,011001111,101100101,010111100,100011111
101111000,001110110,110110011,000111101,011101011,111100101,011011100,101001111,110101110
100111110,111110000,101100001,111001100,010111101,001010111,110011011,110100111,011101010
100011011,010010110,111110001,111001000,001011101,101100110,100111100,011111010,010101111
001011011,111110010,111101001,101111100,010111001,011010101,110011110,100100111,011101110
011010110,100100111,001111100,111110001,010101010,001001011,111001100,010001101,100011010
001111001,111110100,111010011,001011110,100110111,011101111,101101010,010111010,110001101
100011001,010111100,111110001,011010111,001101011,101110110,101001101,111001010,110100111
100011001,010111100,111110001,011010111,001101011,101110110,101001101,111001010,110100111
011100111,001111011,101001111,010011110,011010101,110101001,101111100,111010010,100110111
100011110,101110011,001111100,110101101,010111011,001001111,011010101,111001000,011100110
100011101,010100110,111011100,011101111,010001100,110101110,010001111,101101000,001110111
011001110,100000111,001111100,111011001,110101100,011100101,101101011,010111011,111110010
101101010,001110011,111010110,111011001,110000011,011001111,101100101,010111100,100011111
101111000,110110011,101100101,001101011,010111101,111001001,110101110,100011111,011010110
101101010,001110011,111010110,111011001,110000011,011001111,101100101,010111100,100011111
011010110,100100111,001111100,111110001,010101010,001001011,111001100,010001101,100011010
101101010,001110011,111010110,111011001,110000011,011001111,101100101,010111100,100011111
101111000,001110110,110110011,000111101,011101011,111100101,011011100,101001111,110101110
101101010,001110011,111010110,111011001,110000011,011001111,101100101,010111100,100011111
101000111,011100011,101011001,111001010,011011101,111110100,110010011,110101101,000111110
101111000,001110110,110110011,000111101,011101011,111100101,011011100,101001111,110101110
001011011,111110010,111101001,101111100,010111001,011010101,110011110,100100111,011101110
011010110,100100111,001111100,111110001,010101010,001001011,111001100,010001101,100011010
101111000,110110011,101100101,001101011,010111101,111001001,110101110,100011111,011010110
001011011,111110010,111101001,101111100,010111001,011010101,110011110,100100111,011101110
110110010,110010101,101100100,111000011,100011110,100111001,011011000,001110111,010101111
010111011,111110000,111001010,001100011,001111110,011101101,110100110,100011101,011010111
001111010,101110101,110100011,110110100,010101101,011010111,111011001,100011111,111001110
001111010,101110101,110100011,110110100,010101101,011010111,111011001,100011111,111001110
001111001,111110100,111010011,001011110,100110111,011101111,101101010,010111010,110001101
101111000,001110110,110110011,000111101,011101011,111100101,011011100,101001111,110101110
101000111,011100011,101011001,111001010,011011101,111110100,110010011,110101101,000111110
110110010,110010101,101100100,111000011,100011110,100111001,011011100,001110001,010101111
001111010,101110101,110100011,110110100,010101101,011010111,111011001,100011111,111001110
100011011,010010110,111110001,111001000,001011101,101100110,100111100,011111010,010101111
011110110,100100111,011001101,110111100,111101011,001111001,111010001,010011011,101011110
001111010,101110101,110100011,110110100,010101101,011010111,111011001,100011111,111001110
001111010,101110101,110100011,110110100,010101101,011010111,111011001,100011111,111001110
001111010,101110101,110100011,110110100,010101101,011010111,111011001,100011111,111001110
101000111,011100011,101011001,111001010,011011101,111110100,110010011,110101101,000111110
100011011,010010110,111110001,111001000,001011101,101100110,100111100,011111010,010101111
001111001,101110100,111010011,011011110,100001111,010100111,111101000,100111010,110011101
001111010,101110101,110100011,110110100,010101101,011010111,111011001,100011111,111001110
110110011,001000111,011000101,011001110,001111011,001110100,110011100,011100010,000110111
011001110,100000111,001111100,111011001,110101100,011100101,101101011,010111011,111110010
100011110,101110011,001111100,110101101,010111011,001001111,011010101,111001000,011100110
001111010,101110101,110100011,110110100,010101101,011010111,111011001,100011111,111001110
001111010,101110101,110100011,110110100,010101101,011010111,111011001,100011111,111001110
110110010,110010101,101100100,111000011,100011110,100111001,011011000,001110111,010101111
001111010,101110101,110100011,110110100,010101101,011010111,111011001,100011111,111001110
001111001,101110100,111010011,011011110,100001111,010100111,111101000,100111010,110011101
001111001,111110100,111010011,001011110,100110111,011101111,101101010,010111010,110001101
011001110,100000111,001111100,111011001,110101100,011100101,101101011,010111011,111110010
001111001,101110100,111010011,011011110,100001111,010100111,111101000,100111010,110011101
001011011,111110010,111101001,101111100,010111001,011010101,110011110,100100111,011101110
011110110,100100111,011001101,110111100,111101011,001111001,111010001,010011011,101011110
101101010,001110011,111010110,111011001,110000011,011001111,101100101,010111100,100011111
011001110,100000111,001111100,111011001,110101100,011100101,101101011,010111011,111110010
110110010,110010101,101100100,111000011,100011110,100111001,011011000,001110111,010101111
001011011,111110010,111101001,101111100,010111001,011010101,110011110,100100111,011101110
011010110,100100111,001111100,111110001,010101010,001001011,111001100,010001101,100011010
011001110,100000111,001111100,111011001,110101100,011100101,101101011,010111011,111110010
101101010,001110011,111010110,111011001,110000011,011001111,101100101,010111100,100011111
011001110,100000111,001111100,111011001,110101100,011100101,101101011,010111011,111110010
101111000,001110110,110110011,000111101,011101011,111100101,011011100,101001111,110101110
101111000,001110110,110110011,000111101,011101011,111100101,011011100,101001111,110101110
101111000,001110110,110110011,000111101,011101011,111100101,011011100,101001111,110101110
101000111,011100011,101011001,111001010,011011101,111110100,110010011,110101101,000111110
001011011,111110010,111101001,101111100,010111001,011010101,110011110,100100111,011101110
100011011,010010110,111110001,111001000,001011101,101100110,100111100,011111010,010101111
011001110,100000111,001111100,111011001,110101100,011100101,101101011,010111011,111110010
001011011,111110010,111101001,101111100,010111001,011010101,110011110,100100111,011101110
100011011,010010110,111110001,111001000,001011101,101100110,100111100,011111010,010101111
100111110,111110000,101100001,111001100,010111101,001010111,110011011,110100111,011101010
100111110,111110000,101100001,111001100,010111101,001010111,110011011,110100111,011101010
001111001,111110100,111010011,001011110,100110111,011101111,101101010,010111010,110001101
001111011,001111100,111010011,011011110,010001100,010110101,101101101,101011011,100011101
001111010,101110101,110100011,110110100,010101101,011010111,111011001,100011111,111001110
011100111,001111011,101001111,010011110,011010101,110101001,101111100,111010010,100110111
011001110,100000111,001111100,111011001,110101100,011100101,101101011,010111011,111110010
001111010,101110101,110100011,110110100,010101101,011010111,111011001,100011111,111001110
100011011,010010110,111110001,111001000,001011101,101100110,100111100,011111010,010101111
100111110,111110000,101100001,111001100,010111101,001010111,110011011,110100111,011101010
111000110,001110011,110010101,111001110,010101101,001101101,110011100,110011111,100011101
110110010,110010101,101100100,111000011,100011110,100111001,011011000,001110111,010101111
001111010,101110101,110100011,110110100,010101101,011010111,111011001,100011111,111001110
101000111,011100011,101011001,111001010,011011101,111110100,110010011,110101101,000111110
001011011,111110010,111101001,101111100,010111001,011010101,110011110,100100111,011101110
001111010,101110101,110100011,110110100,010101101,011010111,111011001,100011111,111001110
101111000,001110110,110110011,000111101,011101011,111100101,011011100,101001111,110101110
001011011,111110010,111101001,101111100,010111001,111010101,110011110,100100111,011101110
011001110,100000111,001111100,111011001,110101100,011100101,101101011,010111011,111110010
010111011,111110000,111001010,001100011,001111110,011101101,110100110,100011101,011010111
011001110,100000111,001111100,111011001,110101100,011100101,101101011,010111011,111110010
101000111,011100011,101011001,111001010,011011101,111110100,110010011,110101101,000111110
110110010,110010101,101100100,111000011,100011110,100111001,011011000,001110111,010101111
100011001,010111100,111110001,011010111,001101011,101110110,101001101,111001010,110100111
110110010,110010101,101100100,111000011,100011110,100111001,011011000,001110111,010101111
100011011,010010110,111110001,111001000,001011101,101100110,100111100,011111010,010101111
100011011,010010110,111110001,111001000,001011101,101100110,100111100,011111010,010101111
011110110,100100111,011001101,110111100,111101011,001111001,111010001,010011011,101011110
011001110,100000111,001111100,111011001,110101100,011100101,101101011,010111011,111110010
001011011,111110010,111101001,101111100,010111001,011010101,110011110,100100111,011101110
011100111,001111011,101001111,010011110,011010101,110101001,101111100,111010010,100110111
100011001,010111100,111110001,011010111,001101011,101110110,101001101,111001010,110100111
101101010,001110011,111010110,111011001,110000011,011001111,101100101,010111100,100011111
001111001,101110100,111010011,011011110,100001111,010100111,111101000,100111010,110011101
001111010,101110101,110100011,110110100,010101101,011010111,111011001,100011111,111001110
100011001,010111100,111110001,011010111,001101011,101110110,101001101,111001010,110100111
001111001,101110100,111010011,011011110,100001111,010100111,111101000,100111010,110011101
001111010,101110101,110100011,110110100,010101101,011010111,111011001,100011111,111001110
010111011,111110000,111001010,001100011,001111110,011101101,110100110,100011101,011010111
011001110,100000111,001111100,111011001,110101100,011100101,101101011,010111011,111110010
011110110,100100111,011001101,110111100,111101011,001111001,111010001,010011011,101011110
001111101,101110100,111010011,011011110,100001100,010101111,110101000,010111010,110001101
010111011,111110000,111001010,001100011,001111110,011101101,110100110,100011101,011010111
011110110,100100111,011001101,110111100,111101011,001111001,111010001,010011
101111000,001110110,110110011,000111101,011101011,111100101,011011100,101001111,110101110
001111010,101110101,110100011,110110100,010101101,011010111,111011001,100011111,111001110
001011011,111110010,111101001,101111100,010111001,011010101,110011110,100100111,011101110
100011001,010111100,111110001,011010111,001101011,101110110,101001101,111001010,110100111
100011001,010111100,111110001,011010111,001101011,101110110,101001101,111001010,110100111
010111011,111110000,111001010,001100011,001111110,011101101,110100110,100011101,011010111
001111001,101110100,111010011,011011110,100001111,010100111,111101000,100111010,110011101
001011011,111110010,111101001,101111100,010111001,011010101,110011110,100100111,011101110
010111011,111110000,111001010,001100011,001111110,011101101,110100110,100011101,011010111
001011011,111110010,111101001,101111100,010111001,011010101,110011110,100100111,011101110
100011011,010010110,111110001,111001000,001011101,101100110,100111100,011111010,010101111
101000111,011100011,101011001,111001010,011011101,111110100,110010011,110101101,000111110
011100111,001111011,101001111,010011110,011010101,110101001,101111100,111010010,100110111
001111001,111110100,111010011,001011110,100110111,011101111,101101010,010111010,110001101
110110010,110010101,101100100,111000011,100011110,100111001,011011000,001110111,010101111
001111001,101110100,111010011,011011110,100001111,010100111,111101000,100111010,110011101
101000111,011100011,101011001,111001010,011011101,111110100,110010011,110101101,000111110
101111000,001110110,110110011,000111101,011101011,111100101,011011100,101001111,110101110
001111001,101110100,111010011,011011110,100001111,010100111,111101000,100111010,110011101
100011001,010111100,111110001,011010111,001101011,101110110,101001101,111001010,110100111
100011011,010010110,111110001,111001000,001011101,101100110,100111100,011111010,010101111
101101010,001110011,111010110,111011001,110000011,011001111,101100101,010111100,100011111
101111000,110110011,101100101,001101011,010111101,111001001,110101110,100011111,011010110
101101010,001110011,111010110,111011001,110000011,011001111,101100101,010111100,100011111
001111001,101110100,111010011,011011110,100001111,010100111,111101000,100111010,110011101
001111001,101110100,111010011,011011110,100001111,010100111,111101000,100111010,110011101
001111010,101110101,110100011,110110100,010101101,011010111,111011001,100011111,111001110
100111110,111110000,101100001,111001100,010111101,001010111,110011011,110100111,011101010
001111010,101110101,110100011,110110100,010101101,011010111,111011001,100011111,111001110
011110110,100100111,011001101,110111100,111101011,001111001,111010001,010011011,101011110
001111001,101110100,111010011,011011110,100001111,010100111,111101000,100111010,110011101
101101010,001110011,111010110,111011001,110000011,011001111,101100101,010111100,100011111
010111011,111110000,111001010,001100011,001111110,011101101,110100110,100011101,011010111
101111000,110110011,101100101,001101011,010111101,111001001,110101110,100011111,011010110
100011011,010010110,111110001,111001000,001011101,101100110,100111100,011111010,010101111
001011011,111110010,111101001,101111100,010111001,011010101,110011110,100100111,011101110
110110010,110010101,101100100,111000011,100011110,100111001,011011000,001110111,010101111
101101010,001110011,111010110,111011001,110000011,011001111,101100101,010111100,100011111
011001110,100000111,001111100,111011001,110101100,011100101,101101011,010111011,111110010
001111001,111110100,111010011,001011110,100110111,011101111,101101010,010111010,110001101
001011011,111110010,111101001,101111100,010111001,011010101,110011110,100100111,011101110
001111010,101110101,110100011,110110100,010101101,011010111,111011001,100011111,111001110
100011001,010111100,111110001,011010111,001101011,101110110,101001101,111001010,110100111
101000111,011100011,101011001,111001010,011011101,111110100,110010011,110101101,000111110
101111000,110110011,101100101,001101011,010111101,111001001,110101110,100011111,011010110
100011011,010010110,111110001,111001000,001011101,101100110,100111100,011111010,010101111
100011011,010010110,111110001,111001000,001011101,101100110,100111100,011111010,010101111
101000111,011100011,101011001,111001010,011011101,111110100,110010011,110101101,000111110
011001110,100000111,001111100,111011001,110101100,011100101,101101011,010111011,111110010
001111001,111110100,111010011,001011110,100110111,011101111,101101010,010111010,110001101
100011010,011110010,110110101,111001000,010111101,111011011,110011110,101000000,010001110
101111000,001110110,110110011,000111101,011101011,111100101,011011100,101001111,110101110
100011011,010010110,111110001,111001000,001011101,101100110,100111100,011111010,010101111
100011011,010010110,111110001,111001000,001011101,101100110,100111100,011111010,010101111
101000111,011100011,101011001,111001010,011011101,111110100,110010011,110101101,000111110
011100111,001111011,101001111,010011110,011010101,110101001,101111100,111010010,100110111
100011011,010010110,111110001,111001000,001011101,101100110,100111100,011111010,010101111
110110010,110010101,101100100,111000011,100011110,100111001,011011000,001110111,010101111
101000111,011100011,101011001,111001010,011011101,111110100,110010011,110101101,000111110
011100111,001111011,101001111,010011110,011010101,110101001,101111100,111010010,100110111
011001110,100000111,001111100,111011001,110101100,011100101,101101011,010111011,111110010
001111010,101110111,110100011,110101100,010101101,011001001,111011101,100101111,111001110
011010110,100100111,001111100,111110001,010101010,001001011,111001100,010001101,100011010
011001110,100000111,001111100,111011001,110101100,011100101,101101011,010111011,111110010
011001110,100000111,001111100,111011001,110101100,011100101,101101011,010111011,111110010
100011001,010111100,111110001,011010111,001101011,101110110,101001101,111001010,110100111
101000111,011100011,101011001,111001010,011011101,111110100,110010011,110101101,000111110
001011011,111110010,111101001,101111100,010111001,011010101,110011110,100100111,011101110
011010110,100100111,001111100,111110001,010101010,001001011,111001100,010001101,100011010
110110010,110010101,101100100,111000011,100011110,100111001,011011000,001110111,010101111
101111000,001110110,110110011,000111101,011101011,111100101,011011100,101001111,110101110
011100111,001111011,101001111,010011110,011010101,110101001,101111100,111010010,100110111
101000111,011100011,101011001,111001010,011011101,111110100,110010011,110101101,000111110
100011001,010111100,111110001,011010111,001101011,101110110,101001101,111001010,110100111
001111001,101110100,111010011,011011110,100001111,010100111,111101000,100111010,110011101
010111011,111110000,111001010,001100011,001111110,011101101,110100110,100011101,011010111
100111110,111110000,101100001,111001100,010111101,001010111,110011011,110100111,011101010
011001110,100000111,001111100,111011001,110101100,011100101,101101011,010111011,111110010
100011001,010111100,111110001,011010111,001101011,101110110,101001101,111001010,110100111
001111010,101110101,110100011,110110100,010101101,011010111,111011001,100011111,111001110
011010110,100100111,001111100,111110001,010101010,001001011,111001100,010001101,100011010
000111110,101110011,001100101,111001000,010001101,001010111,110010111,110000111,011101010
100011110,101110011,001111100,110101101,010111011,001001111,011010101,111001000,011100110
001111010,101110101,110100011,110110100,010101101,011010111,111011001,100011111,111001110
001111001,101110100,111010011,011011110,100001111,010100111,111101000,100111010,110011101
001111001,101110100,111010011,011011110,100001111,010100111,111101000,100111010,110011101
011100111,001111011,101001111,010011110,011010101,110101001,101111100,111010010,100110111
001110110,101110100,111010011,110111100,011011011,011101101,111011001,100101010,100101111
110110010,110010101,101100100,111000011,100011110,100111001,011011000,001110111,010101111
001011011,111110010,111101001,101111100,010111001,011010101,110011110,100100111,011101110
001111001,111110100,111010011,001011110,100110111,011101111,101101010,010111010,110001101
101101010,001110011,111010110,111011001,110000011,011001111,101100101,010111100,100011111
100011001,010111100,111110001,011010111,001101011,101110110,101001101,111001010,110100111
011100111,001111011,101001111,010011110,011010101,110101001,101111100,111010010,100110111
001111001,111110100,111010011,001011110,100110111,011101111,101101010,010111010,110001101
101000111,011100011,101011001,111001010,011011101,111110100,110010011,110101101,000111110
011010110,100100111,001111100,111110001,010101010,001001011,111001100,010001101,100011010
100011011,010010110,111110001,111001000,001011101,101100110,100111100,011111010,010101111
110110010,110010101,101100100,111000011,100011110,100111001,011011000,001110111,010101111
001011011,111110010,111101001,101111100,010111001,011010101,110011110,100100111,011101110
101101010,001110011,111010110,111011001,110000011,011001111,101100101,010111100,100011111
100011001,010111100,111110001,011010111,001101011,101110110,101001101,111001010,110100111
011010110,100100111,001111100,111110001,010101010,001001011,111001100,010001101,100011010
011100111,001111011,101001111,010011110,011010101,110101001,101111100,111010010,100110111
011001110,100000111,001111100,111011001,110101100,011100101,101101011,010111011,111110010
001011011,111110010,111101001,101111100,010111001,011010101,110011110,100100111,011101110
101111000,001110110,110110011,000111101,011101011,111100101,011011100,101001111,110101110
011010110,100100111,001111100,111110001,010101010,001001011,111001100,010001101,100011010
100111110,111110000,101100001,111001100,010111101,001010111,110011011,110100111,011101010
100111110,111110000,101100001,111001100,010111101,001010111,110011011,110100111,011101010
101000111,011100011,101011001,111001010,011011101,111110100,110010011,110101101,000111110
010111011,111110000,111001010,001100011,001111110,011101101,110100110,100011101,011010111
101111000,110110011,101100101,001101011,010111101,111001001,110101110,100011111,011010110
100111001,010110101,101100001,011001111,001101011,101101110,101001111,011111001,011010111
100011011,010010110,111110001,111001000,001011101,101100110,100111100,011111010,010101111
011001110,100000111,001111100,111011001,110101100,011100101,101101011,010111011,111110010
101101010,001110011,111010110,111011001,110000011,011001111,101100101,010111100,100011111
100111110,111110000,101100001,111001100,010111101,001010111,110011011,110100111,011101010
011010110,100100111,001111100,111110001,010101010,001001011,111001100,010001101,100011010
011100111,001111011,101001111,010011110,011010101,110101001,101111100,111010010,100110111
010111011,111110000,111001010,001100011,001111110,011101101,110100110,100011101,011010111
100011011,010010110,111110001,111001000,001011101,101100110,100111100,011111010,010101111
101111000,110110011,101100101,001101011,010111101,111001001,110101110,100011111,011010110
100011011,010010110,111110001,111001000,001011101,101100110,100111100,001111010,010101111
011100111,001111011,101001111,010011110,011010101,110101001,101111100,111010010,100110111
001111010,101110101,110100011,110110100,010101101,011010111,111011001,100011111,111001110
100011011,010010110,111110001,111001000,001011101,101100110,100111100,011111010,010101111
100011010,001110011,111100101,110001000,011011101,101100111,110011100,010011011,110101110
001011011,111110010,111101001,101111100,010111001,011010101,110011110,100100111,011101110
001011011,111110010,111101001,101111100,010111001,011010101,110011110,100100111,011101110
101101010,001110011,111010110,111011001,110000011,011001111,101100101,010111100,100011111
100111110,111110000,101100001,111001100,010111101,001010111,110011011,110100111,011101010
101000111,011100011,101011001,111001010,011011101,111110100,110010011,110101101,000111110
100011011,010010110,111110001,111001000,001011101,101100110,100111100,011111010,010101111
100011110,101110011,001111100,110101101,010111011,001001111,011010101,111001000,011100110
011001110,100000111,001111100,111011001,110101100,011100101,101101011,010111011,111110010
100011001,010111100,111110001,011010111,001101011,101110110,101001101,111001010,110100111
100011001,010111100,111110001,011010111,001101011,101110110,101001101,111001010,110100111
001111010,101110101,110100011,110110100,010101101,011010111,111011001,100011111,111001110
001111010,101110101,110100011,110110100,010101101,011010111,111011001,100011111,111001110
001011011,111110010,111101001,101111100,010111001,011010101,110011110,100100111,011101110
100011110,101110011,001111100,110101101,010111011,001001111,011010101,111001000,011100110
001111001,111110100,111010011,001011110,100110111,011101111,101101010,010111010,110001101
100011011,010010110,111110001,111001000,001011101,101100110,100111100,011111010,010101111
001111010,101110101,110100011,110110100,010101101,011010111,111011001,100011111,111001110
011001110,100000111,001111100,111011001,110101100,011100101,101101011,010111011,111110010
001011011,111110010,111101001,101111100,010111001,011010101,110011110,100100111,011101110
001111001,101110100,111010011,011011110,100001111,010100111,111101000,100111010,110011101
100011001,010111100,111110001,011010111,001101011,101110110,101001101,111001010,110100111
101111000,110110011,101100101,001101011,010111101,111001001,110101110,100011111,011010110
001011011,111110010,111101001,101111100,010111001,011010101,110011110,100100111,011101110
100011110,101110011,001111100,110101101,010111011,001001111,011010101,111001000,011100110
101000111,011100011,101011001,111001010,011011101,111110100,110010011,110101101,000111110
001111010,101110101,110100011,110110100,010101101,011010111,111011001,100011111,111001110
011001110,100000111,001111100,111011001,110101100,011100101,101101011,010111011,111110010
101000111,011100011,101011001,111001010,011011101,111110100,110010011,110101101,000111110
100011110,101110011,001111100,110101101,010111011,001001111,011010101,111001000,011100110
100011011,010010110,111110001,111001000,001011101,101100110,100111100,011111010,010101111
100011110,101110011,001111100,110101101,010111011,001001111,011010101,111001000,011100110
101111000,001110110,110110011,000111101,011101011,111100101,011011100,101001111,110101110
011100111,001111011,101001111,010011110,011010101,110101001,101111100,111010010,100110111
011001110,100000111,001111100,111011001,110101100,011100101,101101011,010111011,111110010
001111001,101110100,111010011,011011110,100001111,010100111,111101000,100111010,110011101
101111000,110110011,101100101,001101011,010111101,111001001,110101110,100011111,011010110
001111010,101110101,110100011,110110100,010101101,011010111,111011001,100011111,111001110
100011110,101110011,001111100,110101101,010111011,001001111,011010101,111001000,011100110
100011001,010111100,111110001,011010111,001101011,101110110,101001101,111001010,110100111
011010110,100100111,001111100,111110001,010101010,001001011,111001100,010001101,100011010
010111011,111110000,111001010,001100011,001111110,011101101,110100110,100011101,011010111
011001110,100000111,001111100,111011001,110101100,011100101,101101011,010111011,111110010
011100111,001111011,101001111,010011110,011010101,110101001,101111100,111010010,100110111
011100111,001111011,101001111,010011110,011010101,110101001,101111100,111010010,100110111
010111011,111110000,111001010,001100011,001111110,011101101,110100110,100011101,011010111
101111000,110110011,101100101,001101011,010111100,101001001,110111000,110011111,011010110
010111011,111110000,111001010,001100011,001111110,011101101,110100110,100011101,011010111
101111000,110110011,101100101,001101011,010111101,111001001,110101110,100011111,011010110
101101010,001110011,111010110,111011001,110000011,011001111,101100101,010111100,100011111
011001110,100000111,001111100,111011001,110101100,011100101,101101011,010111011,111110010
011110110,100100111,011001101,110111100,111101011,001111001,111010001,010011011,101011110
011001110,100000111,001111100,111011001,110101100,011100101,101101011,010111011,111110010
001111010,101110101,110100011,110110100,010101101,011010111,111011001,100011111,111001110
011100111,001111011,101001111,010011110,011010101,110101001,101111100,111010010,100110111
100111110,111110000,101100001,111001100,010111101,001010111,110011011,110100111,011101010
100011011,010010110,111110001,111001000,001011101,101100110,100111100,011111010,010101111
010111011,111110000,111001010,001100011,001111110,011101101,110100110,100011101,011010111
100011110,101110011,001111100,110101101,010111011,001001111,011010101,111001000,011100110
011100111,001111011,101001111,010011110,011010101,110101001,101111100,111010010,100110111
101000111,011100011,101011001,111001010,011011101,111110100,110010011,110101101,000111110
101111000,110110011,101100101,001101011,010111101,111001001,110101110,100011111,011010110
011100111,001111011,101001111,010011110,011010101,110101001,101111100,111010010,100110111
101101010,001110011,111010110,111011001,110000011,011001111,101100101,010111100,100011111
000111110,101110011,001100101,110101000,010001101,011001001,110010101,100100111,011101110
101111000,001110110,110110011,000111101,011101011,111100101,011011100,101001111,110101110
001111001,111110100,111010011,001011110,100110111,011101111,101101010,010111010,110001101
001111010,101110101,110100011,110110100,010101101,011010111,111011001,100011111,111001110
001111001,101110100,111010011,011011110,100001111,010100111,111101000,100111010,110011101
100111110,111110000,101100001,111001100,010111101,001010111,110011011,110100111,011101010
100011001,010111100,111110001,011010111,001101011,101110110,101001101,111001010,110100111
010111011,111110000,111001010,001100011,001111110,011101101,110100110,100011101,011010111
001111010,101110101,110100011,110110100,010101101,011010111,111011001,100011111,111001110
100011001,010111100,111110001,011010111,001101011,101110110,101001101,111001010,110100111
010111011,111110000,111001010,001100011,001111110,011101101,110100110,100011101,011010111
100111110,111110000,101100001,111001100,010111101,001010111,110011011,110100111,011101010
100011011,010010110,111110001,111001000,001011101,101100110,100111100,011111010,010101111
100011011,010010110,111110001,111001000,001011101,101100110,100111100,011111010,010101111
011010110,100100111,001111100,111110001,010101010,001001011,111001100,010001101,100011010
101111000,001110110,110110011,000111101,011101011,111100101,011011100,101001111,110101110
010111011,111110000,111001010,001100011,001111110,011101101,110100110,100011101,011010111
001111001,101110100,111010011,011011110,100001111,010100111,111101000,100111010,110011101
101101010,001110011,111010110,111011001,110000011,011001111,101100101,010111100,100011111
001111001,101110100,111010011,011011110,100001111,010100111,111101000,100111010,110011101
001111001,101110100,111010011,011011110,100001111,010100111,111101000,100111010,110011101
001111010,101110101,110100011,110110100,010101101,011010111,111011001,100011111,111001110
001111010,101110101,110100011,110110100,010101101,011010111,111011001,100011111,111001110
011010110,100100111,001111100,111110001,010101010,001001011,111001100,010001101,100011010
100111110,111110000,101100001,111001100,010111101,001010111,110011011,110100111,011101010
100111110,111110000,101100001,111001100,010111101,001010111,110011011,110100111,011101010
100111110,111110000,101100001,111001100,010111101,001010111,110011011,110100111,011101010
100011011,010010110,111110001,111001000,001011101,101100110,100111100,011111010,010101111
001111010,101110101,110100011,110110100,010101101,011010111,111011001,100011111,111001110
001011011,111110010,111101001,101111100,010111001,011010101,110011110,100100111,011101110
100111110,111110000,101100001,111001100,010111101,001010111,110011011,110100111,011101010
001111001,111110100,111010011,001011110,100110111,011101111,101101010,010111010,110001101
011010110,100100111,001111100,111110001,010101010,001001011,111001100,010001101,100011010
100011001,010111100,111110001,011010111,001101011,101110110,101001101,111001010,110100111
011010110,100100111,001111100,111110001,010101010,001001011,111001100,010001101,100011010
010111011,111110000,111001010,001100011,001111110,011101101,110100110,100011101,011010111
010111011,111110000,111001010,001100011,001111110,011101101,110100110,100011101,011010111
100111110,111110000,101100001,111001100,010111101,001010111,110011011,110100111,011101010
100011001,010111100,111110001,011010111,001101011,101110110,101001101,111001010,110100111
011100111,001111011,101001111,010011110,011010101,110101001,101111100,111010010,100110111
001111001,111110100,111010011,001011110,100110111,011101111,101101010,010111010,110001101
001111010,101110101,110100011,110110100,010101101,011010111,111011001,100011111,111001110
001011011,111110010,111101001,101111100,010111001,011010101,110011110,100100111,011101110
011010110,100100111,001111100,111110001,010101010,001001011,111001100,010001101,100011010
001111001,101110110,111010011,011011110,010001111,010100111,111101000,100111110,110011101
110110010,110010101,101100100,111000011,100011110,100111001,011011000,001110111,010101111
100011110,101110011,001111100,110101101,010111011,001001111,011010101,111001000,011100110
100011011,010010110,111110001,111001000,001011101,101100110,100111100,011111010,010101111
011001110,100000111,001111100,111011001,110101100,011100101,101101011,010111011,111110010
011001110,100000111,001111100,111011001,110101100,011100101,101101011,010111011,111110010
101111000,001110110,110110011,000111101,011101011,111100101,011011100,101001111,110101110
100111110,111110000,101100001,111001100,010111101,001010111,110011011,110100111,011101010
001111010,101110101,110100011,110110100,010101101,011010111,111011001,100011111,111001110
001111001,101110100,111010011,011011110,100001111,010100111,111101000,100111010,110011101
001111001,111110100,111010011,001011110,100110111,011101111,101101010,010111010,110001101
100111110,111110000,101100001,111001100,010111101,001010111,110011011,110100111,011101010
100011001,010111100,111110001,011010111,001101011,101110110,101001101,111001010,110100111
100011001,010111110,010010101,011011111,010011011,111100111,100100101,011101001,111011101
110110010,110010101,101100100,111000011,100011110,100111001,011011000,001110111,010101111
010111011,111110000,111001010,001100011,001111110,011101101,110100110,100011101,011010111
011001110,100000111,001111100,111011001,110101100,011100101,101101011,010111011,111110010
100011110,101110011,001111100,110101101,010111011,001001111,011010101,111001000,011100110
100111110,111110000,101100001,111001100,010111101,001010111,110011011,110100111,011101010
001111001,111110100,111010011,001011110,100110111,011101111,101101010,010111010,110001101
010111011,111110000,111001010,001100011,001111110,011101101,110100110,100011101,011010111
100111110,111110000,101100001,111001100,010111101,001010111,110011011,110100111,011101010
011001110,100000111,001111100,111011001,110101100,011100101,101101011,010111011,111110010
100111110,111110000,101100001,111001100,010111101,001010111,110011011,110100111,011101010
001111010,101110101,110100011,110110100,010101101,011010111,111011001,100011111,111001110
101000111,011100011,101011001,111001010,011011101,111110100,110010011,110101101,000111110
101000111,011100011,101011001,111001010,011011101,111110100,110010011,110101101,000111110
011010110,100100111,001111100,111110001,010101010,001001011,111001100,010001101,100011010
011001110,100000111,001111100,111011001,110101100,011100101,101101011,010111011,111110010
011100111,001111011,101001111,010011110,011010101,110101001,101111100,111010010,100110111
011001110,100000111,001111100,111011001,110101100,011100101,101101011,010111011,111110010
011001110,100000111,001111100,111011001,110101100,011100101,101101011,010111011,111110010
100011001,010111100,111110001,011010111,001101011,101110110,101001101,111001010,110100111
101101010,001110011,111010110,111011001,110000011,011001111,101100101,010111100,100011111
011010110,100100111,001111100,111110001,010101010,001001011,111001100,010001101,100011010
001111001,111110100,111010011,001011110,100110111,011101111,101101010,010111010,110001101
010111011,111110000,111001010,001100011,001111110,011101101,110100110,100011101,011010111
011100111,001111011,101001111,010011110,011010101,110101001,101111100,111010010,100110111
011010110,100100111,001111100,111110001,010101010,001001011,111001100,010001101,100011010
011100111,001111011,101001111,010011110,011010101,110101001,101111100,111010010,100110111
101000111,011100011,101011001,111001010,011011101,111110100,110010011,110101101,000111110
001111001,101110100,111010011,011011110,100001111,010100111,111101000,100111010,110011101
101111000,001110110,110110011,000111101,011101011,111100101,011011100,101001111,110101110
010111011,111110000,111001010,001100011,001111110,011101101,110100110,100011101,011010111
101000111,011100011,101011001,111001010,011011101,111110100,110010011,110101101,000111110
001111001,101110100,111010011,011011110,100001111,010100111,111101000,100111010,110011101
011010110,100100111,001111100,111110001,010101010,001001011,111001100,010001101,100011010
011010110,100100111,001111100,111110001,010101010,001001011,111001100,010001101,100011010
011001110,100000111,001111100,111011001,110101100,011100101,101101011,010111011,111110010
100011011,010010110,111110001,111001000,001011101,101100110,100111100,011111010,010101111
100011001,010111100,111110001,011010111,001101011,101110110,101001101,111001010,110100111
101101010,001110011,111010110,111011001,110000011,011001111,101100101,010111100,100011111
001111010,101110101,110100011,110110100,010101101,011010111,111011001,100011111,111001110
101111000,001110110,110110011,000111101,011101011,111100101,011011100,101001111,110101110
011010110,100100111,001111100,111110001,010101010,001001011,111001100,010001101,100011010
101101010,001110011,111010110,111011001,110000011,011001111,101100101,010111100,100011111
001111010,101110101,110100011,110110100,010101101,011010111,111011001,100011111,111001110
001011011,111110010,111101001,101111100,010111001,011010101,110011110,100100111,011101110
101000111,011100011,101011001,111001010,011011101,111110100,110010011,110101101,000111110
011001110,100000111,001111100,111011001,110101100,011100101,101101011,010111011,111110010
001111001,111110100,111010011,001011110,100110111,011101111,101101010,010111010,110001101
010111011,111110000,111001010,001100011,001111110,011101101,110100110,100011101,011010111
100011011,010010110,111110001,111001000,001011101,101100110,100111100,011111010,010101111
001111001,101110100,111010011,011011110,100001111,010100111,111101000,100111010,110011101
001111010,101110101,110100011,110110100,010101101,011010111,111011001,100011111,111001110
001111001,101110100,111010011,011011110,100001111,010100111,111101000,100111010,110011101
100011001,010111100,111110001,011010111,001101011,101110110,101001101,111001010,110100111
101111000,001110110,110110011,000111101,011101011,111100101,011011100,101001111,110101110
011110110,100100111,011001101,110111100,111101011,001111001,111010001,010011011,101011110
011110110,100100111,011001101,110111100,111101011,001111001,111010001,010011011,101011110
001011011,111110010,111101001,101100011,010111011,011011111,110011110,000111011,111010110
100011011,010010110,111110001,111001000,001011101,101100110,100111100,011111010,010101111
100011011,010010110,111110001,111011000,001011101,101111000,100111100,001111010,010101111
001111010,101110101,110100011,110110100,010101101,011010111,111011001,100011111,111001110
101111000,110110011,101100101,001101011,010111101,111001001,110101110,100011111,011010110
100011001,010111100,111110001,011010111,001101011,101110110,101001101,111001010,110100111
101111000,001110110,110110011,000111101,011101011,111100101,011011100,101001111,110101110
011010110,100100111,001111100,111110001,010101010,001001011,111001100,010001101,100011010
001111010,101110101,110100011,110110100,010101101,011010111,111011001,100011111,111001110
011010110,100100111,001111100,111110001,010101010,001001011,111001100,010001101,100011010
101000111,011100011,101011001,111001010,011011101,111110100,110010011,110101101,000111110
001111001,101110100,111010011,011011110,100001111,010100111,111101000,100111010,110011101
011100111,001111011,101001111,010011110,011010101,110101001,101111100,111010010,100110111
100011110,101110011,001111100,110101101,010111011,001001111,011010101,111001000,011100110
011100111,001111011,101001111,010011110,011010101,110101001,101111100,111010010,100110111
011110110,100100111,011001101,110111100,111101011,001111001,111010001,010011011,101011110
001111010,101110101,110100011,110110100,010101101,011010111,111011001,100011111,111001110
001111001,101110100,111010011,011011110,100001111,010100111,111101000,100111010,110011101
001011011,111110010,111101001,101111100,010111001,011010101,110011110,100100111,011101110
011110110,100100111,011001101,110111100,111101011,001111001,111010001,010011011,101011110
011001110,100000111,001111100,111011001,110101100,011100101,101101011,010111011,111110010
011001110,100000111,001111100,111011001,110101100,011100101,101101011,010111011,111110010
100111110,111110000,101100001,111001100,010111101,001010111,110011011,110100111,011101010
110110010,110010101,101100100,111000011,100011110,100111001,011011000,001110111,010101111
101101010,001110011,111010110,111011001,110000011,011001111,101100101,010111100,100011111
001111010,101110101,110100011,110110100,010101101,011010111,111011001,100011111,111001110
101111000,001110110,110110011,000111101,011101011,111100101,011011100,101001111,110101110
001111001,101110100,111010011,011011110,100001111,010100111,111101000,100111010,110011101
001111010,101110101,110100011,110110100,010101101,011010111,111011001,100011111,111001110
001111001,101110100,111010011,011011110,100001111,010100111,111101000,100111010,110011101
100011011,010010110,111110001,111001000,001011101,101100110,100111100,011111010,010101111
100011110,101110011,001111100,110101101,010111011,001001111,011010101,111001000,011100110
001111010,101110101,110100011,110110100,010101101,011010111,111011001,100011111,111001110
100011001,010111100,111110001,011010111,001101011,101110110,101001101,111001010,110100111
100011110,101110011,001111100,110101101,010111011,001001111,011010101,111001000,011100110
001011011,111110010,111101001,101111100,010111001,011010101,110011110,100100111,011101110
110110010,110010101,101100100,111000011,100011110,100111001,011011000,001110111,010101111
001011011,111110010,111101001,101111100,010111001,011010101,110011110,100100111,011101110
100111110,111110000,101100001,111001100,010111101,001010111,110011011,110100111,011101010
011100111,001111011,101001111,010011110,011010101,110101001,101111100,111010010,100110111
011010110,100100111,001111100,111110001,010101010,001001011,111001100,010001101,100011010
011100111,001111011,101001111,010011110,011010101,110101001,101111100,111010010,100110111
011110110,100100111,011001101,110111100,111101011,001111001,111010001,010011011,101011110
011010110,100100111,001111100,111110001,010101010,001001011,111001100,010001101,100011010
010111011,111110000,111001010,001100011,001111110,011101101,110100110,100011101,011010111
011001110,100000111,001111100,111011001,110101100,011100101,101101011,010111011,111110010
011001110,100000111,001111100,111011001,110101100,011100101,101101011,010111011,111110010
010111011,111110000,111001010,001100011,001111110,011101101,110100110,100011101,011010111
101111000,110110011,101100101,001101011,010111101,111001001,110101110,100011111,011010110
100011110,101110011,001111100,110101101,010111011,001001111,011010101,111001000,011100110
000111110,101110011,001100101,110101000,010001101,001010111,110010101,110011101,011100110
011100111,001111011,101001111,010011110,011010101,110101001,101111100,111010010,100110111
011100111,001111011,101001111,010011110,011010101,110101001,101111100,111010010,100110111
101000111,011100011,101011001,111001010,011011101,111110100,110010011,110101101,000111110
100011011,010010110,111110001,111001000,001011101,101100110,100111100,011111010,010101111
000111110,101110011,001100101,110101000,010001101,001010111,110010101,100011101,011101110
101000111,011100011,101011001,111001010,011011101,111110100,110010011,110101101,000111110
001111001,111110100,111010011,001011110,100110111,011101111,101101010,010111010,110001101
001111001,101110100,111010011,011011110,100001111,010100111,111101000,100111010,110011101
001111010,101110101,110100011,110110100,010101101,011010111,111011001,100011111,111001110
101101010,001110011,111010110,111011001,110000011,011001111,101100101,010111100,100011111
010111011,111110000,111001010,001100011,001111110,011101101,110100110,100011101,011010111
001111001,111110100,111010011,001011110,100110111,011101111,101101010,010111010,110001101
011110110,100100111,011001101,110111100,111101011,001111001,111010001,010011011,101011110
100011011,010010110,111110001,111001000,001011101,101100110,100111100,011111010,010101111
110110010,110010101,101100100,111000011,100011110,100111001,011011000,001110111,010101111
011001110,100000111,001111100,111011001,110101100,011100101,101101011,010111011,111110010
101111000,001110110,110110011,000111101,011101011,111100101,011011100,101001111,110101110
100011001,010111100,111110001,011010111,001101011,101110110,101001101,111001010,110100111
100111110,111110000,101100001,111001100,010111101,001010111,110011011,110100111,011101010
101000111,011100011,101011001,111001010,011011101,111110100,110010011,110101101,000111110
001111001,101110100,111010011,011011110,100001111,010100111,111101000,100111010,110011101
001011011,111110010,111101001,101111100,010111001,011010101,110011110,100100111,011101110
101101010,001110011,111010110,111011001,110000011,011001111,101100101,010111100,100011111
100011001,010111100,111110001,011010111,001101011,101110110,101001101,111001010,110100111
001111001,111110100,111010011,001011110,100110111,011101111,101101010,010111010,110001101
101000111,011100011,101011001,111001010,011011101,111110100,110010011,110101101,000111110
011001110,100000111,001111100,111011001,110101100,011100101,101101011,010111011,111110010
100011001,010111100,111110001,011010111,001101011,101110110,101001101,111001010,110100111
100011011,010010110,111110001,111001000,001011101,101100110,100111100,011111010,010101111
001111010,101110101,110100011,110110100,010101101,011010111,111011001,100011111,111001110
001111001,101110100,111010011,011011110,100001111,010100111,111101000,100111010,110011101
011010110,100100111,001111100,111110001,010101010,001001011,111001100,010001101,100011010
101101010,001110011,111010110,111011001,110000011,011001111,101100101,010111100,100011111
011100111,001111011,101001111,010011110,011010101,110101001,101111100,111010010,100110111
100011011,010010110,111110001,111001000,001011101,101100110,100111100,011111010,010101111
100011001,010111100,111110001,011010111,001101011,101110110,101001101,111001010,110100111
101111000,001110110,110110011,000111101,011101011,111100101,011011100,101001111,110101110
001111001,101110100,111010011,011011110,100001111,010100111,111101000,100111010,110011101
100111110,111110000,101100001,111001100,010111101,001010111,110011011,110100111,011101010
001111001,111110100,111010011,001011110,100110111,011101111,101101010,010111010,110001101
001011011,111110010,111101001,101111100,010111001,011010101,110011110,100100111,011101110
011010110,100100111,001111100,111110001,010101010,001001011,111001100,010001101,100011010
100011001,010111100,111110001,011010111,001101011,101110110,101001101,111001010,110100111
011110110,100100111,011001101,110111100,111101011,001111001,111010001,010011011,101011110
011100111,001111011,101001111,010011110,011010101,110101001,101111100,111010010,100110111
000111110,101110011,001100101,110101000,010001101,011001011,110010101,011011001,011101110
100111110,111110000,101100001,111001100,010111101,001010111,110011011,110100111,011101010
001111001,111110100,111010011,001011110,100110111,011101111,101101010,010111010,110001101
101111000,001110110,110110011,000111101,011101011,111100101,011011100,101001111,110101110
101000111,011100011,101011001,111001010,011011101,111110100,110010011,110101101,000111110
001111001,101110100,111010011,011011110,100001111,010100111,111101000,100111010,110011101
100011001,010111100,111110001,011010111,001101011,101110110,101001101,111001010,110100111
101111000,001110110,110110011,000111101,011101011,111100101,011011100,101001111,110101110
001111001,111110100,111010011,001011110,100110111,011101111,101101010,010111010,110001101
011010110,100100111,001111100,111110001,010101010,001001011,111001100,010001101,100011010
001111001,111110100,111010011,001011110,100110111,011101111,101101010,010111010,110001101
101111000,001110110,110110011,000111101,011101011,111100101,011011100,101001111,110101110
011001110,100000111,001111100,111011001,110101100,011100101,101101011,010111011,111110010
011010110,100100111,001111100,111110001,010101010,001001011,111001100,010001101,100011010
011100111,001111011,101001111,010011110,011010101,110101001,101111100,111010010,100110111
010111011,111110000,111001010,001100011,001111110,011101101,110100110,100011101,011010111
100011011,010010110,111110001,111001000,001011101,101100110,100111100,011111010,010101111
001111010,101110101,110100011,110110100,010101101,011010111,111011001,100011111,111001110
001111010,101110101,110100011,110110100,010101101,011010111,111011001,100011111,111001110
101111000,001110110,110110011,000111101,011101011,111100101,011011100,101001111,110101110
011001110,100000111,001111100,111011001,110101100,011100101,101101011,010111011,111110010
001111001,101110100,111010011,011011110,100001111,010100111,111101000,100111010,110011101
101111000,001110110,110110011,000111101,011101011,111100101,011011100,101001111,110101110
001111001,101110100,111010011,011011110,100001111,010100111,111101000,100111010,110011101
011001110,100000111,001111100,111011001,110101100,011100101,101101011,010111011,111110010
001011011,111110010,111101001,101111100,010111001,011010101,110011110,100100111,011101110
101111000,001110110,110110011,000111101,011101011,111100101,011011100,101001111,110101110
011001110,100000111,001111100,111011001,110101100,011100101,101101011,010111011,111110010
011110110,100100111,011001101,110111100,111101011,001111001,111010001,010011011,101011110
001011011,111110010,111101001,101111100,010111001,011010101,110011110,100100111,011101110
001111001,101110100,111010011,011011110,100001111,010100111,111101000,100111010,110011101
100111110,111110000,101100001,111001100,010111101,001010111,110011011,110100111,011101010
101101010,001110011,111010110,111011001,110000011,011001111,101100101,010111100,100011111
011001110,100000111,001111100,111011001,110101100,011100101,101101011,010111011,111110010
100011011,010010110,111110001,111001000,001011101,101100110,100111100,011111010,010101111
011001110,100000111,001111100,111011001,110101100,011100101,101101011,010111011,111110010
001011011,111110010,111101001,101111100,010111001,011010101,110011110,100100111,011101110
010111011,111110000,111001010,001100011,001111110,011101101,110100110,100011101,011010111
001111001,101110100,111010011,011011110,100001111,010100111,111101000,100111010,110011101
101111000,001110110,110110011,000111101,011101011,111100101,011011100,101001111,110101110
101000111,011100011,101011001,111001010,011011101,111110100,110010011,110101101,000111110
001111010,101110101,110100011,110110100,010101101,011010111,111011001,100011111,111001110
100011011,010010110,111110001,111001000,001011101,101100110,100111100,011111010,010101111
100011001,010111100,111110001,011010111,001101011,101110110,101001101,111001010,110100111
011001110,100000111,001111100,111011001,110101100,011100101,101101011,010111011,111110010
001111001,101110100,111010011,011011110,100001111,010100111,111101000,100111010,110011101
011001110,100000111,001111100,111011001,110101100,011100101,101101011,010111011,111110010
011010110,100100111,001111100,111110001,010101010,001001011,111001100,010001101,100011010
101111000,110110011,101100101,001101011,010111101,111001001,110101110,100011111,011010110
100111110,111110000,101100001,111001100,010111101,001010111,110011011,110100111,011101010
101111000,001110110,110110011,000111101,011101011,111100101,011011100,101001111,110101110
001111010,101110101,110100011,110110100,010101101,011010111,111011001,100011111,111001110
011001110,100000111,001111100,111011001,110101100,011100101,101101011,010111011,111110010
101011000,110110011,101110100,111001111,100001110,001100111,011101111,001011100,111101101
100111110,111110000,101100001,111001100,010111101,001010111,110011011,110100111,011101010
101101010,001110011,111010110,111011001,110000011,011001111,101100101,010111100,100011111
101101010,001110011,111010111,110101101,011001011,101110111,010001101,101101010,110101011
011100111,001111011,101001111,010011110,011010101,110101001,101111100,111010010,100110111
101000111,011100011,101011001,111001010,011011101,111110100,110010011,110101101,000111110
001011011,111110010,111101001,101111100,010111001,011010101,110011110,100100111,011101110
010111011,111110000,111001010,001100011,001111110,011101101,110100110,100011101,011010111
101101010,001110011,111010110,111011001,110000011,011001111,101100101,010111100,100011111
101111000,001110110,110110011,000111101,011101011,111100101,011011100,101001111,110101110
001011011,111110010,111101001,101111100,010111001,011010101,110011110,100100111,011101110
110110010,110010101,101100100,111000011,100011110,100111001,011011000,001110111,010101111
001111001,101110100,111010011,011011110,100001111,010100111,111101000,100111010,110011101
010111011,111110000,111001010,001100011,001111110,011101101,110100110,100011101,011010111
001011011,111110010,111101001,101111100,010111001,011010101,110011110,100100111,011101110
011110110,100100111,011001101,110111100,111101011,001111001,111010001,010011011,101011110
011010110,100100111,001111100,111110001,010101010,001001011,111001100,010001101,100011010
011100111,001111011,101001111,010011110,011010101,110101001,101111100,111010010,100110111
011100111,001111011,101001111,010011110,011010101,110101001,101111100,111010010,100110111
101101010,001110011,111010110,111011001,110000011,011001111,101100101,010111100,100011111
001011011,111110010,111101001,101111100,010111001,011010101,110011110,100100111,011101110
100111110,111110000,101100001,111001100,010111101,001010111,110011011,110100111,011101010
101000111,011100011,101011001,111001010,011011101,111110100,110010011,110101101,000111110
110110010,110010101,101100100,111000011,100011110,100111001,011011000,001110111,010101111
011001110,100000111,001111100,111011001,110101100,011100101,101101011,010111011,111110010
011100111,001111011,101001111,010011110,011010101,110101001,101111100,111010010,100110111
001011011,111110010,111101001,101111100,010111001,011010101,110011110,100100111,011101110
010111011,111110000,111001010,001100011,001111110,011101101,110100110,100011101,011010111
010111011,111110000,111001010,001100011,001111110,011101101,110100110,100011101,011010111
101101010,001110011,111010110,111011001,110000011,011001111,101100101,010111100,100011111
011010110,100100111,001111100,111110001,010101010,001001011,111001100,010001101,100011010
001111010,101110101,110100011,110110100,010101101,011010111,111011001,100011111,111001110
101000111,011100011,101011001,111001010,011011101,111110100,110010011,110101101,000111110
100011011,010010110,111110001,111001000,001011101,101100110,100111100,011111010,010101111
001111010,101110101,110100011,110110100,010101101,011010111,111011001,100011111,111001110
101000111,011100011,101011001,111001010,011011101,111110100,110010011,110101101,000111110
101111000,001110110,110110011,000111101,011101011,111100101,011011100,101001111,110101110
010111011,111110000,111001010,001100011,001111110,011101101,110100110,100011101,011010111
001011011,111110010,111101001,101111100,010111001,011010101,110011110,100100111,011101110
101111000,001110110,110110011,000111101,011101011,111100101,011011100,101001111,110101110
100011001,010111100,111110001,011010111,001101011,101110110,101001101,111001010,110100111
001111010,101110101,110100011,110110100,010101101,011010111,111011001,100011111,111001110
011010110,100100111,001111100,111110001,010101010,001001011,101101100,010001111,100011010
110110010,110010101,101100100,111000011,100011110,100111001,011011000,001110111,010101111
001011011,111110010,111101001,101111100,010111001,011010101,110011110,100100111,011101110
001111011,111110001,101101100,011101011,010111100,011010101,111010100,010111101,011010110
011100111,001111011,101001111,010011110,011010101,110101001,101111100,111010010,100110111
011100111,001111011,101001111,010011110,011010101,110101001,101111100,111010010,100110111
100011011,010010110,111110001,111001000,001011101,101100110,100111100,011111010,010101111
001011011,111110010,111101001,101111100,010111001,011010101,110011110,100100111,011101110
100011011,010010110,111110001,111001000,001011101,101100110,100111100,011111010,010101111
001111010,101110101,110100011,110110100,010101101,011010111,111011001,100011111,111001110
100011011,010010110,111110001,111001000,001011101,101100110,100111100,011111010,010101111
100011011,010010110,111110001,111001000,001011101,101100110,100111100,011111010,010101111
100111110,111110000,101100001,111001100,010111101,001010111,110011011,110100111,011101010
011010110,100100111,001111100,111110001,010101010,001001011,111001100,010001101,100011010
010111011,111110000,111001010,001100011,001111110,011101101,110100110,100011101,011010111
100011011,010010110,111110001,111001000,001011101,101100110,100111100,011111010,010101111
001111001,101110100,111010011,011011110,100001111,010100111,111101000,100111010,110011101
100111110,111110000,101100001,111001100,010111101,001010111,110011011,110100111,011101010
101000111,011100011,101011001,111001010,011011101,111110100,110010011,110101101,000111110
001011011,111110010,111101001,101111100,010111001,011010101,110011110,100100111,011101110
001011011,111110010,111101001,101111100,010111001,011010101,110011110,100100111,011101110
101111000,001110110,110110011,000111101,011101011,111100101,011011100,101001111,110101110
001111010,101110101,110100011,110110100,010101101,011010111,111011001,100011111,111001110
011100111,001111011,101001111,010011110,011010101,110101001,101111100,111010010,100110111
101011000,001110011,110110011,000110100,011001110,111100101,011011100,100101111,110101110
011100111,001111011,101001111,010011110,011010101,110101001,101111100,111010010,100110111
001011011,111110010,111101001,101111100,010111001,011010101,110011110,100100111,011101110
011110110,100100111,011001101,110111100,111101011,001111001,111010001,010011011,101011110
101000111,011100011,101011001,111001010,011011101,111110100,110010011,110101101,000111110
100011011,010010110,111110001,111001000,001011101,101100110,100111100,011111010,010101111
001111010,101110101,110100011,110110100,010101101,011010111,111011001,100011111,111001110
001111010,101110101,110100011,110110100,010101101,011010111,111011001,100011111,111001110
001111001,111110100,111010011,001011110,100110111,011101111,101101010,010111010,110001101
101000111,011100011,101011001,111001010,011011101,111110100,110010011,110101101,000111110
001111010,101110101,110100011,110110100,010101101,011010111,111011001,100011111,111001110
001111010,101110101,110100011,110110100,010101101,011010111,111011001,100011111,111001110
011001110,100000111,001111100,111011001,110101100,011100101,101101011,010111011,111110010
001011011,111110010,111101001,101111100,010111001,011010101,110011110,100100111,011101110
100011001,010111100,111110001,011010111,001101011,101110110,101001101,111001010,110100111
100011011,010011101,011101100,110101011,001011010,101101110,110001100,101001011,101010011
000111110,101110011,001100101,111001000,010001101,001010111,110010111,110000111,011101010
001111010,101110101,110100011,110110100,010101101,011010111,111011001,100011111,111001110
011001110,100000111,001111100,111011001,110101100,011100101,101101011,010111011,111110010
001111010,101110101,110100011,110110100,010101101,011010111,111011001,100011111,111001110
110110010,110010101,101100100,111000011,100011110,100111001,011011000,001110111,010101111
101111000,110110011,101100101,001101011,010111101,111001001,110101110,100011111,011010110
001111001,101110100,111010011,011011110,100001111,010100111,111101000,100111010,110011101
100011011,010010110,111110001,111001000,001011101,101100110,100111100,011111010,010101111
011001110,100000111,001111100,111011001,110101100,011100101,101101011,010111011,111110010
001011011,111110010,111101001,101111100,010111001,011010101,110011110,100100111,011101110
100011011,010010110,111110001,111001000,001011101,101100110,100111100,011111010,010101111
011010110,100100111,001111100,111110001,010101010,001001011,111001100,010001101,100011010
100011001,010111100,111110001,011010111,001101011,101110110,101001101,111001010,110100111
001111010,101110101,110100011,110110100,010101101,011010111,111011001,100011111,111001110
010111011,111110000,111001010,001100011,001111110,011101101,110100110,100011101,011010111
011100111,001111011,101001111,010011110,011010101,110101001,101111100,111010010,100110111
011010110,100100111,001111100,111110001,010101010,001001011,111001100,010001101,100011010
010111011,111110000,111001010,001100011,001111110,011101101,110100110,100011101,011010111
101111000,001110110,110110011,000111101,011101011,111100101,011011100,101001111,110101110
011001110,100000111,001111100,111011001,110101100,011100101,101101011,010111011,111110010
011010110,100100111,001111100,111110001,010101010,001001011,111001100,010001101,100011010
100011001,010111100,111110001,011010111,001101011,101110110,101001101,111001010,110100111
011001110,100000111,001111100,111011001,110101100,011100101,101101011,010111011,111110010
011100111,001111011,101001111,010011110,011010101,110101001,101111100,111010010,100110111
001111010,101110101,110100011,110110100,010101101,011010111,111011001,100011111,111001110
100011011,010010110,111110001,111001000,001011101,101100110,100111100,011111010,010101111
010111011,111110000,111001010,001100011,001111110,011101101,110100110,100011101,011010111
011001110,100000111,001111100,111011001,110101100,011100101,101101011,010111011,111110010
101101010,001110011,111010110,111011001,110000011,011001001,101100101,010111100,100011111
001111001,101110100,111010011,011011110,100001111,010100111,111101000,100111010,110011101
001111010,101110101,110100011,110110100,010101101,011010111,111011001,100011111,111001110
001111001,111110100,111010011,001011110,100110111,011101111,101101010,010111010,110001101
110110010,110010101,101100100,111000011,100011110,100111001,011011000,001110111,010101111
100111110,111110000,101100001,111001100,010111101,001010111,110011011,110100111,011101010
001111001,101110100,111010011,011011110,100001111,010100111,111101000,100111010,110011101
001011011,111110010,111101001,101111100,010111001,011010101,110011110,100100111,011101110
100011011,010010110,111110001,111001000,001011101,101100110,100111100,011111010,010101111
001111010,101110101,110100011,110110100,010101101,011010111,111011001,100011111,111001110
010111011,111110000,111001010,001100011,001111110,011101101,110100110,100011101,011010111
100111110,111110000,101100001,111001100,010111101,001010111,110011011,110100111,011101010
100011110,101110011,001111100,110101101,010111011,001001111,011010101,111001000,011100110
001011011,111110010,111101001,101111100,010111001,011010101,110011110,100100111,011101110
001011011,111110010,111101001,101111100,010111001,011010101,110011110,100100111,011101110
100011001,010111100,111110001,011010111,001101011,101110110,101001101,111001010,110100111
101000111,011100011,101011001,111001010,011011101,111110100,110010011,110101101,000111110
001111010,101110101,110100011,110110100,010101101,011010111,111011001,100011111,111001110
001011011,111110010,111101001,101111100,010111001,011010101,110011110,100100111,011101110
001101010,101110101,110100011,110110100,010101101,011010111,111011001,100011111,111001110
101101010,001110011,111010110,111011001,110000011,011001111,101100101,010111100,100011111
011110011,101110011,110001110,011011010,011011101,001110101,111011000,110101110,100010111
100011001,010111100,111110001,011010111,001101011,101110110,101001101,111001010,110100111
011100111,001111011,101001111,010011110,011010101,110101001,101111100,111010010,100110111
001111001,111110100,111010011,001011110,100110111,011101111,101101010,010111010,110001101
001011011,111110010,111101001,101111100,010111001,011010101,110011110,100100111,011101110
001111010,101110101,110100011,110110100,010101101,011010111,111011001,100011111,111001110
011001110,100000111,001111100,111011001,110101100,011100101,101101011,010111011,111110010
011001110,100000111,001111100,111011001,110101100,011100101,101101011,010111011,111110010
011100111,001111011,101001111,010011110,011010101,110101001,101111100,111010010,100110111
011001110,100000111,001111100,111011001,110101100,011100101,101101011,010111011,111110010
101000111,011100011,101011001,111001010,011011101,111110100,110010011,110101101,000111110
100111110,111110000,101100001,111001100,010111101,001010111,110011011,110100111,011101010
001111010,101110101,110100011,110110100,010101101,011010111,111011001,100011111,111001110
011110110,100100111,011001101,110111100,111101011,001111001,111010001,010011011,101011110
001111001,111110100,111010011,001011110,100110111,011101111,101101010,010111010,110001101
101101010,001110011,111010110,111011001,110000011,011001111,101100101,010111100,100011111
100011011,010010110,111110001,111001000,001011101,101100110,100111100,011111010,010101111
010111011,111110000,111001010,001100011,001111110,011101101,110100110,100011101,011010111
011001110,100000111,001111100,111011001,110101100,011100101,101101011,010111011,111110010
011001110,100000111,001111100,111011001,110101100,011100101,101101011,010111011,111110010
100011110,101110011,001111100,110101101,010111011,001001111,011010101,111001000,011100110
100011011,010010110,111110001,111001000,001011101,101100110,100111100,011111010,010101111
110110010,110010101,101100100,111000011,100011110,100111001,011011000,001110111,010101111
100011001,010111100,111110001,011010111,001101011,101110110,101001101,111001010,110100111
001111001,101110100,111010011,011011110,100001111,010100111,111101000,100111010,110011101
101101010,001110011,111010110,111011001,110000011,011001111,101100101,010111100,100011111
011100111,001111011,101001111,010011110,011010101,110101001,101111100,111010010,100110111
101111000,110110011,101100010,001101011,010111101,101001001,110111110,100011111,011010110
001111001,101110100,111010011,011011110,100001111,010100111,111101000,100111010,110011101
100011011,010010110,111110001,111001000,001011101,101100110,100111100,011111010,010101111
001011011,111110010,111101001,101111100,010111001,011010101,110011110,100100111,011101110
100011011,010010110,111110001,111001000,001011101,101100110,100111100,011111010,010101111
011010110,100100111,001111100,111110001,010101010,001001011,111001100,010001101,100011010
100011001,010111100,111110001,011010111,001101011,101110110,101001101,111001010,110100111
100011001,010111100,111110001,011010111,001101011,101110110,101001101,111001010,110100111
101101010,001110011,111010110,111011001,110000011,011001111,101100101,010111100,100011111
001111001,111110100,111011101,001011110,100110111,011100111,100101010,010111110,110101101
010111011,111110000,111001010,001100011,001111110,011101101,110100110,100011101,011010111
100111110,111110000,101100001,111001100,010111101,001010111,110011011,110100111,011101010
101000111,011100011,101011001,111001010,011011101,111110100,110010011,110101101,000111110
110110010,110010101,101100100,111000011,100011110,100111001,011011000,001110111,010101111
101111000,001110110,110110011,000111101,011101011,111100101,011011100,101001111,110101110
011100111,001111011,101001111,010011110,011010101,110101001,101111100,111010010,100110111
100011110,101110011,001111100,110101101,010111011,001001111,011010101,111001000,011100110
010111011,111110000,111001010,001100011,001111110,011101101,110100110,100011101,011010111
100011011,010010110,111110001,111001000,001011101,101100110,100111100,011111010,010101111
011001110,100000111,001111100,111011001,110101100,011100101,101101011,010111011,111110010
001111010,101110101,110100011,110110100,010101101,011010111,111011001,100011111,111001110
011001110,100000111,001111100,111011001,110101100,011100101,101101011,010111011,111110010
010111011,111110000,111001010,001100011,001111110,011101101,110100110,100011101,011010111
010111011,111110000,111001010,001100011,001111110,011101101,110100110,100011101,011010111
011001110,100000111,001111100,111011001,110101100,011100101,101101011,010111011,111110010
110110010,110010101,101100100,111000011,100011110,100111001,011011000,001110111,010101111
011001110,100000111,001111100,111011001,110101100,011100101,101101011,010111011,111110010
011100111,001111011,101001111,010011110,011010101,110101001,101111100,111010010,100110111
011100111,001111011,101001111,010011110,011010101,110101001,101111100,111010010,100110111
001011011,111110010,111101001,101111100,010111001,011010101,110011110,100100111,011101110
101000111,011100011,101011001,111001010,011011101,111110100,110010011,110101101,000111110
011110110,100100111,011001101,110111100,111101011,001111001,111010001,010011011,101011110
001111001,101110100,111010011,011011110,100001111,010100111,111101000,100111010,110011101
101111000,001110110,110110011,000111101,011101011,111100101,011011100,101001111,110101110
001111001,101110100,111010011,011011110,100001111,010100111,111101000,100111010,110011101
011010110,100100111,001111100,111110001,010101010,001001011,111001100,010001101,100011010
100111110,111110000,101100001,111001100,010111101,001010111,110011011,110100111,011101010
001111001,101110100,111010011,011011110,100001111,010100111,111101000,100111010,110011101
001111010,101110101,110100011,110110100,010101101,011010111,111011001,100011111,111001110
100011001,010111100,111110001,011010111,001101011,101110110,101001101,111001010,110100111
011001110,100000111,001111100,111011001,110101100,011100101,101101011,010111011,111110010
010111011,111110000,111001010,001100011,001111110,011101101,110100110,100011101,011010111
100111110,111110000,101100001,111001100,010111101,001010111,110011011,110100111,011101010
011001110,100000111,001111100,111011001,110101100,011100101,101101011,010111011,111110010
110110010,110010101,101100100,111000011,100011110,100111001,011011000,001110111,010101111
100011011,010010110,111110001,111001000,001011101,101100110,100111100,011111010,010101111
011010110,100100111,001111100,111110001,010101010,001001011,111001100,010001101,100011010
011110110,100100111,011001101,110111100,111101011,001111001,111010001,010011011,101011110
010111011,111110000,111001010,001100011,001111110,011101101,110100110,100011101,011010111
101111000,001110110,110110011,000111101,011101011,111100101,011011100,101001111,110101110
110110010,110010101,101100100,111000011,100011110,100111001,011011000,001110111,010101111
100111110,111110000,101100001,111001100,010111101,001010111,110011011,110100111,011101010
001111001,101110100,111010011,011011110,100001111,010100111,111101000,100111010,110011101
001111001,111110100,111010011,001011110,100110111,011101111,101101010,010111010,110001101
101000111,011100011,101011001,111001010,011011101,111110100,110010011,110101101,000111110
011010110,100100111,001111100,111110001,010101010,001001011,111001100,010001101,100011010
001111010,101110101,110100011,110110100,010101101,011010111,111011001,100011111,111001110
101111000,001110110,110110011,000111101,011101011,111100101,011011100,101001111,110101110
011001110,100000111,001111100,111011001,110101100,011100101,101101011,010111011,111110010
001011011,111110010,111101001,101111100,010111001,011010101,111011110,000111111,011101110
100011011,010010110,111110001,111001000,001011101,101100110,100111100,011111010,010101111
101000111,011100011,101011001,111001010,011011101,111110100,110010011,110101101,000111110
011001110,100000111,001111100,111011001,110101100,011100101,101101011,010111011,111110010
001011011,111110010,111101001,101111100,010111001,011010101,110011110,100100111,011101110
001111001,101110100,111010011,011011110,100001111,010100111,111101000,100111010,110011101
001111010,101110101,110100011,110110100,010101101,011010111,111011001,100011111,111001110
100011001,010111100,111110001,011010111,001101011,101110110,101001101,111001010,110100111
101111000,001110110,110110011,000111101,011101011,111100101,011011100,101001111,110101110
011110110,100100111,011001101,110111100,111101011,001111001,111010001,010011011,101011110
011100111,001111011,101001111,010011110,011010101,110101001,101111100,111010010,100110111
101111000,001110110,110110011,000111101,011101011,111100101,011011100,101001111,110101110
100011001,010111100,111110001,011010111,001101011,101110110,101001101,111001010,110100111
011010110,100100111,001111100,111110001,010101010,001001011,111001100,010001101,100011010
101111000,001110110,110110011,000111101,011101011,111100101,011011100,101001111,110101110
100011011,010010110,111110001,111001000,001011101,101100110,100111100,011111010,010101111
101111000,001110110,110110011,000111101,011101011,111100101,011011100,101001111,110101110
011100111,001111011,101001111,010011110,011010101,110101001,101111100,111010010,100110111
100011011,010010110,111110001,111001000,001011101,101100110,100111100,011111010,010101111
011001110,100000111,001111100,111011001,110101100,011100101,101101011,010111011,111110010
011010110,100100111,001111100,111110001,010101010,001001011,111001100,010001101,100011010
110110010,110010101,101100100,111000011,100011110,100111001,011011000,001110111,010101111
001111001,111110100,111010011,001011110,100110111,011101111,101101010,010111010,110001101
011001110,100000111,001111100,111011001,110101100,011100101,101101011,010111011,111110010
101111000,001110110,110110011,000111101,011101011,111100101,011011100,101001111,110101110
101111000,001110110,110110011,000111101,011101011,111100101,011011100,101001111,110101110
001001111,101111100,101011101,011011110,010110011,011011111,111100110,100100101,100001111
101101010,001110011,111010110,111011001,110000011,011001111,101100101,010111100,100011111
100011110,101110011,001111100,110101101,010111011,001001111,011010101,111001000,011100110
101101010,001110011,111010110,111011001,110000011,011001111,101100101,010111100,100011111
010111011,111110000,111001010,001100011,001111110,011101101,110100110,100011101,011010111
100011011,010010110,111110001,111001000,001011101,101100110,100111100,011111010,010101111
001011011,111110010,111101001,101111100,010111001,011010101,110011110,100100111,011101110
100011011,010010110,111110001,111001000,001011101,101100110,100111100,011111010,010101111
011010110,100100111,001111100,111110001,010101010,001001011,111001100,010001101,100011010
001111010,101110101,110100011,110110100,010101101,011010111,111011001,100011111,111001110
011001110,100000111,001111100,111011001,110101100,011100101,101101011,010111011,111110010
011110110,100100111,011001101,110111100,111101011,001111001,111010001,010011011,101011110
100011001,010111100,111110001,011010111,001101011,101110110,101001101,111001010,110100111
001111010,101110101,110100011,110110100,010101101,011010111,111011001,100011111,111001110
101111000,001110110,110110011,000111101,011101011,111100101,011011100,101001111,110101110
101101010,001110011,111010110,111011001,110000011,011001111,101100101,010111100,100011111
001011011,111110010,111101001,101111100,010111001,011010101,110011110,100100111,011101110
001011011,111110010,111101001,101111100,010111001,011010101,110011110,100100111,011101110
011100111,001111011,101001111,010011110,011010101,110101001,101111100,111010010,100110111
101101010,001110011,111010110,111011001,110000011,011001111,101100101,010111100,100011111
101000111,011100011,101011001,111001010,011011101,111110100,110010011,110101101,000111110
101101010,001110011,111010110,111011001,110000011,011001111,101100101,010111100,100011111
010111011,111110000,111001010,001100011,001111110,011101101,110100110,100011101,011010111
001111010,101110101,110100011,110110100,010101101,011010111,111011001,100011111,111001110
101000111,011100011,101011001,111001010,011011101,111110100,110010011,110101101,000111110
100011010,011110010,110110101,111001000,010111101,111011011,110011110,101000000,010001110
001111010,101110101,110100011,110110100,010101101,011010111,111011001,100011111,111001110
001111001,101110100,111010011,011011110,100001111,010100111,111101000,100111010,110011101
001011011,111110010,111101001,101111100,010111001,011010101,110011110,100100111,011101110
011110110,100100111,011001101,110111100,111101011,001111001,111010001,010011011,101011110
100011011,010010110,1,1110001,111001000,001011101,101100110,100111100,011111010,010101111
001111010,101110101,110100011,110110100,010101101,011010111,111011001,100011111,111001110
001111010,101110101,110100011,110110100,010101101,011010111,111011001,100011111,111001110
110110010,110010101,101100100,111000011,100011110,100111001,011011000,001110111,010101111
001111010,101110101,110100011,110110100,010101101,011010111,111011001,100011111,111001110
001111001,101110100,111010011,011011110,100001111,010100111,111101000,100111010,110011101
101111000,110110011,101100101,001101011,010111101,111001001,110101110,100011111,011010110
001111010,101110101,110100011,110110100,010101101,011010111,111011001,100011111,111001110
011110110,100100111,011001101,110111100,111101011,001111001,111010001,010011011,101011110
010111011,111110000,111001010,001100011,001111110,011101101,110100110,100011101,011010111
011010110,100100111,001111100,111110001,010101010,001001011,111001100,010001101,100011010
010111011,111110000,111001010,001100011,001111110,011101101,110100110,100011101,011010111
100011011,010010110,111110001,111001000,001011101,101100110,100111100,011111010,010101111
011001110,100000111,001111100,111011001,110101100,011100101,101101011,010111011,111110010
100111110,111110000,101100001,111001100,010111101,001010111,110011011,110100111,011101010
011010110,100100111,001111100,111110001,010101010,001001011,111001100,010001101,100011010
001111010,101110101,110100011,110110100,010101101,011010111,111011001,100011111,111001110
011100111,001111011,101001111,010011110,011010101,110101001,101111100,111010010,100110111
100011011,010010110,111110001,111001000,001011101,101100110,100111100,011111010,010101111
001111010,101110101,110100011,110110100,010101101,011010111,111011001,100011111,111001110
100011011,010010110,111110001,111001000,001011101,101100110,100111100,011111010,010101111
011001110,100000111,001111100,111011001,110101100,011100101,101101011,010111011,111110010
011110110,100100111,011001101,110111100,111101011,001111001,111010001,010011011,101011110
010111011,111110000,111001010,001100011,001111110,011101101,110100110,100011101,011010111
010111011,111110000,111001010,001100011,001111110,011101101,110100110,100011101,011010111
001011011,111110010,111101001,101111100,010111001,011010101,110011110,100100111,011101110
100011110,101110011,001111100,110101101,010111011,001001111,011010101,111001000,011100110
001111010,101110101,110100011,110110100,010101101,011010111,111011001,100011111,111001110
001111001,111110100,111010011,001011110,100110111,011101111,101101010,010111010,110001101
001011011,111110010,111101001,101111100,010111001,011010101,110011110,100100111,011101110
101111000,001110110,110110011,000111101,011101011,111100101,011011100,101001111,110101110
101111000,001110110,110110011,000111101,011101011,111100101,011011100,101001111,110101110
001111010,101110101,110100011,110110100,010101101,011010111,111011001,100011111,111001110
100011011,010010110,111110001,111001000,001011101,101100110,100111100,011111010,010101111
001111010,101110101,110100011,110110100,010101101,011010111,111011001,100011111,111001110
101000111,011100011,101011001,111001010,011011101,111110100,110010011,110101101,000111110
001111010,101110101,110100011,110110100,010101101,011010111,111011001,100011111,111001110
010111011,111110000,111001010,001100011,001111110,011101101,110100110,100011101,011010111
100011001,010111100,111110001,011010111,001101011,101110110,101001101,111001010,110100111
100011001,010111100,111110001,011010111,001101011,101110110,101001101,111001010,110100111
100011001,010111100,111110001,011010111,001101011,101110110,101001101,111001010,110100111
011100111,001111011,101001111,010011110,011010101,110101001,101111100,111010010,100110111
001111001,111110100,111010011,001011110,100110111,011101111,101101010,010111010,110001101
011001110,100000111,001111100,111011001,110101100,011100101,101101011,010111011,111110010
011100111,001111011,101001111,010011110,011010101,110101001,101111100,111010010,100110111
100011011,010010110,111110001,111001000,001011101,101100110,100111100,011111010,010101111
001011011,111110010,111101001,101111100,010111001,011010101,110011110,100100111,011101110
100011011,010010110,111110001,111001000,001011101,101100110,100111100,011111010,010101111
101000111,011100011,101011001,111001010,011011101,111110100,110010011,110101101,000111110
011100111,001111011,101001111,010011110,011010101,110101001,101111100,111010010,100110111
011010110,100100111,001111100,111110001,010101010,001001011,111001100,010001101,100011010
110110010,110010101,101100100,111000011,100011110,100111001,011011000,001110111,010101111
001111010,101110101,110100011,110110100,010101101,011010111,111011001,100011111,111001110
100111110,111110000,101100001,111001100,010111101,001010111,110011011,110100111,011101010
110110010,110010101,101100100,111000011,100011110,100111001,011011000,001110111,010101111
001111001,111110100,111010011,001011110,100110111,011101111,101101100,010111010,110001101
100011011,010010110,111110001,111001000,001011101,101100110,100111100,011111010,010101111
101111010,101010011,110100111,110110001,110101100,011001000,111010100,100101101,110011110
011001110,100000111,001111100,111011001,110101100,011100101,101101011,010111011,111110010
001011011,111110010,111101001,101111100,010111001,011010101,110011110,100100111,011101110
001111010,101110101,110100011,110110100,010101101,011010111,111011001,100011111,111001110
101111000,001110110,110110011,000111101,011101011,111100101,011011100,101001111,110101110
010111011,111110000,111001010,001100011,001111110,011101101,110100110,100011101,011010111
101000111,011100011,101011001,111001010,011011101,111110100,110010011,110101101,000111110
001011011,111110010,111101001,101111100,010111001,011010101,110011110,100100111,011101110
001111001,101110100,111010011,011011110,100001111,010100111,111101000,100111010,110011101
101111000,001110110,110110011,000111101,011101011,111100101,011011100,101001111,110101110
001111001,101110100,111010011,011011110,100001111,010100111,111101000,100111010,110011101
100011110,101110011,001111100,110101101,010111011,001001111,011010101,111001000,011100110
001111001,111110100,111010011,001011110,100110111,011101111,101101010,010111010,110001101
001011011,111110010,111101001,101111100,010111001,011010101,110011110,100100111,011101110
011001110,100000111,001111100,111011001,110101100,011100101,101101011,010111011,111110010
101001110,001111011,111010101,110111101,011111011,101110100,111011101,101001001,111111011
101011010,101010011,001110111,111000000,110011101,001000100,111110100,110001111,100011110
011110110,100100111,011001101,110111100,111101011,001111001,111010001,010011011,101011110
001111001,111110100,111010011,001011110,100110111,011101111,101101010,010111010,110001101
010111011,111110000,111001010,001100011,001111110,011101101,110100110,100011101,011010111
100011110,101110011,001111100,110101101,010111011,001001111,011010101,111001000,011100110
011010110,100100111,001111100,111110001,010101010,001001011,111001100,010001101,100011010
011001110,100000111,001111100,111011001,110101100,011100101,101101011,010111011,111110010
010111011,111110000,111001010,001100011,001111110,011101101,110100110,100011101,011010111
010111011,111110000,111001010,001100011,001111110,011101101,110100110,100011101,011010111
011010110,100100111,001111100,111110001,010101010,001001011,111001100,010001101,100011010
001011011,111110010,111101001,101111100,010111001,011010101,110011110,100100111,011101110
101111000,110110011,101100101,001101011,010111101,111001001,110101110,100011111,011010110
101111000,001110110,110110011,000111101,011101011,111100101,011011100,101001111,110101110
101000111,011100011,101011001,111001010,011011101,111110100,110010011,110101101,000111110
001011011,111110010,111101001,101111100,010111001,011010101,110011110,100100111,011101110
011001110,100000111,001111100,111011001,110101100,011100101,101101011,010111011,111110010
001111010,101110101,110100011,110110100,010101101,011010111,111011001,100011111,111001110
100011110,101110011,001111100,110101101,010111011,001001111,011010101,111001000,011100110
100011011,010010110,111110001,111001000,001011101,101100110,100111100,011111010,010101111
100111110,111110000,101100001,111001100,010111101,001010111,110011011,110100111,011101010
110110010,110010101,101100100,111000011,100011110,100111001,011011000,001110111,010101111
011001110,100000111,001111100,111011001,110101100,011100101,101101011,010111011,111110010
100111110,111110000,101100001,111001100,010111101,001010111,110011011,110100111,011101010
100111110,111110000,101100001,111001100,010111101,001010111,110011011,110100111,011101010
001011011,111110010,111101001,101111100,010111001,011010101,110011110,100100111,011101110
101101010,001110011,111010110,111011001,110000011,011001111,101100101,010111100,100011111
011001110,100000111,001111100,111011001,110101100,011100101,101101011,010111011,111110010
011010110,100100111,001111100,111110001,010101010,001001011,111001100,010001101,100011010
101111001,101110100,111010011,001011110,100111101,011100101,101101100,110101110,100101101
101000111,011100011,101011001,111001010,011011101,111110100,110010011,110101101,000111110
001111001,101110100,111010011,011011110,100001111,010100111,111101000,100111010,110011101
110110010,110010101,101100100,111000011,100011110,100111001,011011000,001110111,010101111
001111010,101110101,110100011,110110100,010101101,011010111,111011001,100011111,111001110
001011011,111110010,111101001,101111100,010111001,011010101,110011110,100100111,011101110
001011011,111110010,111101001,101111100,010111001,011010101,110011110,100100111,011101110
000111110,101110011,001100101,111001000,010001101,001010111,110010111,110000111,011101110
100011011,010010110,111110001,111001000,001011101,101100110,100111100,011111010,010101111
101101010,001110011,111010110,111011001,110000011,011001111,101100101,010111100,100011111
010111011,111110000,111001010,001100011,001111110,011101101,110100110,100011101,011010111
110110010,110010101,101100100,111000011,100011110,100111001,011011000,001110111,010101111
100011011,010010110,111110001,111001000,001011101,101100110,100111100,011111010,010101111
010111011,111110000,111001010,001100011,001111110,011101101,110100110,100011101,011010111
100111110,111110000,101100001,111001100,010111101,001010111,110011011,110100111,011101010
001011011,111110010,111101001,101111100,010111001,011010101,110011110,100100111,011101110
101111000,001110110,110110011,000111101,011101011,111100101,011011100,101001111,110101110
001111001,101110100,111010011,011011110,100001111,010100111,111101000,100111010,110011101
100011011,010010110,111110001,111001000,001011101,101100110,100111100,011111010,010101111
110110010,110010101,101100100,111000011,100011110,100111001,011011000,001110111,010101111
001011011,111110010,111101001,101110011,010111100,011011101,110001110,100111111,011001110
011001110,100000111,001111100,111011001,110101100,011100101,101101011,010111011,111110010
100011011,010010110,111110001,111001000,001011101,101100110,100111100,011111010,010101111
100011010,011110010,110110001,111001000,010111101,101011111,110011110,101000111,010000110
001111001,101110100,111010011,011011110,100001111,010100111,111101000,100111010,110011101
101111000,001110110,110110011,000111101,011101011,111100101,011011100,101001111,110101110
101111000,001110110,110110011,000111101,011101011,111100101,011011100,101001111,110101110
001111010,101110101,110100011,110110100,010101101,011010111,111011001,100011111,111001110
101111000,001110110,110110011,000111101,011101011,111100101,011011100,101001111,110101110
101111000,001110110,110110011,000111101,011101011,111100101,011011100,101001111,110101110
001111001,101110100,111010011,011011110,100001111,010100111,111101000,100111010,110011101
100011011,010010110,111110001,111001000,001011101,101100110,100111100,011111010,010101111
011001110,100000111,001111100,111011001,110101100,011100101,101101011,010111011,111110010
001111001,111110100,111010011,001011110,100110111,011101111,101101010,010111010,110001101
110110010,110010101,101100100,111000011,100011110,100111001,011011000,001110111,010101111
100011011,010010110,111110001,111001000,001011101,101100110,100111100,011111010,010101111
011010110,100100111,001111100,111110001,010101010,001001011,111001100,010001101,100011010
001111001,111110100,111010011,001011110,100110111,011101111,101101010,010111010,110001101
110110010,110010101,101100100,111000011,100011110,100111001,011011000,001110111,010101111
011100111,001111011,101001111,010011110,011010101,110101001,101111100,111010010,100110111
000111110,101110011,001100101,111001101,110101100,011001011,111000100,100101011,011001110
101111000,001110110,110110011,000111101,011101011,111100101,011011100,101001111,110101110
101111000,001110110,110110011,000111101,011101011,111100101,011011100,101001111,110101110
001111001,101110100,111010011,011011110,100001111,010100111,111101000,100111010,110011101
110110010,110010101,101100100,111000011,100011110,111101001,011011000,001110111,010101111
001111010,101110101,110100011,110110100,010101101,011010111,111011001,100011111,111001110
001011011,111110010,111101001,101111100,010111001,011010101,110011110,100100111,011101110
001111001,101110100,111010011,011011110,100001111,010100111,111101000,100111010,110011101
001011011,111110010,111101001,101111100,010111001,011010101,110011110,100100111,011101110
001111001,101110100,111010011,011011110,100001111,010100111,111101000,100111010,110011101
011100111,001111011,101001111,010011110,011010101,110101001,101111100,111010010,100110111
011001110,100000111,001111100,111011001,110101100,011100101,101101011,010111011,111110010
011001110,100000111,001111100,111011001,110101100,011100101,101101011,010111011,111110010
001111010,101110101,110100011,110110100,010101101,011010111,111011001,100011111,111001110
101111000,001110110,110110011,000111101,011101011,111100101,011011100,101001111,110101110
101101010,001110011,111010110,111011001,110000011,011001111,101100101,010111100,100011111
011001110,100000111,001111100,111011001,110101100,011100101,101101011,010111011,111110010
001111001,101110100,111010011,011011110,100001111,010100111,111101000,100111010,110011101
001011011,111110010,111101001,101111100,010111001,011010101,110011110,100100111,011101110
100011001,010111100,111110001,011010111,001101000,101101010,100111100,111001011,110101110
011010110,100100111,001111100,111110001,010101010,001001011,111001100,010001101,100011010
110110010,110010101,101100100,111000011,100011110,100111001,011011000,001110111,010101111
100011110,101110011,001111100,110101101,010111011,001001111,011010101,111001000,011100110
001111010,101110101,110100011,110110100,010101101,011010111,111011001,100011111,111001110
011110110,100101111,111010011,110111100,011101011,001111000,111011101,001101110,010101111
011100111,001111011,101001111,010011110,011010101,110101001,101111100,111010010,100110111
100011001,010111100,111110001,011010111,001101011,101110110,101001101,111001010,110100111
001111010,101110101,110100011,110110100,010101101,011010111,111011001,100011111,111001110
101101010,001110011,111010110,111011001,110000011,011001111,101100101,010111100,100011111
100111110,111110000,101100001,111001100,010111101,001010111,110011011,110100111,011101010
001111001,111110100,111010011,001011110,100110111,011101111,101101010,010111010,110001101
011001110,100000111,001111100,111011001,110101100,011100101,101101011,010111011,111110010
100011001,010111100,111110001,011010111,001101011,101110110,101001101,111001010,110100111
011001110,100000111,001111100,111011001,110101100,011100101,101101011,010111011,111110010
011010110,100100111,001111100,111110001,010101010,001001011,111001100,010001101,100011010
011100111,001111011,101001111,010011110,011010101,110101001,101111100,111010010,100110111
001011011,111110010,111101001,101111100,010111001,011010101,110011110,100100111,011101110
001011011,111110010,111101001,101111100,010111001,011010101,110011110,100100111,011101110
001111001,111110100,111010011,001011110,100110111,011101111,101101010,010111010,110001101
100111110,111110000,101100001,111001100,010111101,001010111,110011011,110100111,011101010
001011011,111110010,111101001,101111100,010111001,011010101,110011110,100100111,011101110
001111001,101110100,111010011,011011110,100001111,010100111,111101000,100111010,110011101
001111001,111110100,111010011,001011110,100110111,011101111,101101010,010111010,110001101
011010110,100100111,001111100,111110001,010101010,001001011,111001100,010001101,100011010
101111000,110110011,101100101,001101011,010111101,111001001,110101110,100011111,011010110
100011011,010010110,111110001,111001000,001011101,101100110,100111100,011111010,010101111
001111001,111110100,111010011,001011110,100110111,011101111,101101010,010111010,110001101
100011110,101110011,001111100,110101101,010111011,001001111,011010101,111001000,011100110
100011011,010010110,111110001,111001000,001011101,101100110,100111100,011111010,010101111
101111000,001110110,110110011,000111101,011101011,111100101,011011100,101001111,110101110
001111001,101110100,111010011,011011110,100001111,010100111,111101000,100111010,110011101
101101010,001110011,111010110,111011001,110000011,011001111,101100101,010111100,100011111
100111110,111110000,101100001,111001100,010111101,001010111,110011011,110100111,011101010
010111011,111110000,111001010,001100011,001111110,011101101,110100110,100011101,011010111
001111010,101110101,110100011,110110100,010101101,011010111,111011001,100011111,111001110
101111000,001110110,110110011,000111101,011101011,111100101,011011100,101001111,110101110
100011001,010111100,111110001,011010111,001101011,101110110,101001101,111001010,110100111
100011011,010010110,111110001,111001000,001011101,101100110,100111100,011111010,010101111
101111000,001110110,110110011,000111101,011101011,111100101,011011100,101001111,110101110
001111010,101110101,110100011,110110100,010101101,011010111,111011001,100011111,111001110
001011011,111110010,111101001,101111100,010111001,011010101,110011110,100100111,011101110
011010110,100100111,001111100,111110001,010101010,001001011,111001100,010001101,100011010
100011011,010010110,111110001,111001000,001011101,101100110,100111100,011111010,010101111
011100111,001111011,101001111,010011110,011010101,110101001,101111100,111010010,100110111
100011011,010010110,111110001,111001000,001011101,101100110,100111100,011111010,010101111
100011001,010111100,111110001,011010111,001101011,101110110,101001101,111001010,110100111
011100111,001111011,101001111,010011110,011010101,110101001,101111100,111010010,100110111
011010110,100100111,001111100,111110001,010101010,001001011,111001100,010001101,100011010
010111011,111110000,111001010,001100011,001111110,011101101,110100110,100011101,011010111
100011001,010111100,111110001,011010111,001101011,101110110,101001101,111001011,110100111
001011011,111110010,111101001,101111100,010111001,011010101,110011110,100100111,011101110
100011001,010111100,111110001,011010111,001101011,101110110,101001101,111001010,110100111
101000111,011100011,101011001,111001010,011011101,111110100,110010011,110101101,000111110
010111011,111110000,111001010,001100011,001111110,011101101,110100110,100011101,011010111
101000111,011100011,101011001,111001010,011011101,111110100,110010011,110101101,000111110
001111010,101110101,110100011,110110100,010101101,011010111,111011001,100011111,111001110
001011011,111110010,111101001,101111100,010111001,011010101,110011110,100100111,011101110
001111001,101110100,111010011,011011110,100001111,010100111,111101000,100111010,110011101
001011011,111110010,111101001,101111100,010111001,011010101,110011110,100100111,011101110
010111011,111110000,111001010,001100011,001111110,011101101,110100110,100011101,011010111
001111010,101110101,110100011,110110100,010101101,011010111,111011001,100011111,111001110
001011011,111110010,111101001,101111100,010111001,011010101,110011110,100100111,011101110
011010110,100100111,001111100,111110001,010101010,001001011,111001100,010001101,100011010
100011011,010010110,111110001,111001000,001011101,101100110,100111100,011111010,010101111
001011011,111110010,111101001,101111100,010111001,011010101,110011110,100100111,011101110
001111001,111110100,111010011,001011110,100110111,011101111,101101010,010111010,110001101
100011011,010010110,111110001,111001000,001011101,101100110,100111100,011111010,010101111
101000111,011100011,101011001,111001010,011011101,111110100,110010011,110101101,000111110
001011011,111110010,111101001,101111100,010111001,011010101,110011110,100100111,011101110
101101010,001110011,111010110,111011001,110000011,011001111,101100101,010111100,100011111
100111110,111110000,101100001,111001100,010111101,001010111,110011011,110100111,011101010
011100111,001111011,101001111,010011110,011010101,110101001,101111100,111010010,100110111
100111110,111110000,101100001,111001100,010111101,001010111,110011011,110100111,011101010
101101010,001110011,111010110,111011001,110000011,011001111,101100101,010111100,100011111
011001110,100000111,001111100,111011001,110101100,011100101,101101011,010111011,111110010
100011001,010111100,111110001,011010111,001101011,101110110,101001101,111001010,110100111
011010110,100100111,001111100,111110001,010101010,001001011,111001100,010001101,100011010
101111000,001110110,110110011,000111101,011101011,111100101,011011100,101001111,110101110
010111011,111110000,111001010,001100011,001111110,011101101,110100110,100011101,011010111
001111010,101110101,110100011,110110100,010101101,011010111,111011001,100011111,111001110
001111010,101110101,110100011,110110100,010101101,011010111,111011001,100011111,111001110
100111110,111110000,101100001,111001100,010111101,001010111,110011011,110100111,011101010
011001110,100000111,001111100,111011001,110101100,011100101,101101011,010111011,111110010
011001110,100000111,001111100,111011001,110101100,011100101,101101011,010111011,111110010
101111010,101010011,110100111,110110001,110101101,011001000,111010101,110001100,110011110
011010110,100100111,001111100,111110001,010101010,001001011,111001100,010001101,100011010
001011011,111110010,111101001,101111100,010111001,011010101,110011110,100100111,011101110
100011011,010010110,111110001,111001000,001011101,101100110,100111100,011111010,010101111
011010110,100100111,001111100,111110001,010101010,001001011,111001100,010001101,100011010
100111110,111110000,101100001,111001100,010111101,001010111,110011011,110100111,011101010
011100111,001111011,101001111,010011110,011010101,110101001,101111100,111010010,100110111
001011011,111110010,111101001,101111100,010111001,011010101,110011110,100100111,011101110
011010110,100100111,001111100,111110001,010101010,001001011,111001100,010001101,100011010
001111001,111110100,111010011,001011110,100110111,011101111,101101010,010111010,110001101
100111110,111110000,101100001,111001100,010111101,001010111,110011011,110100111,011101010
100011011,010010110,111110001,111001000,001011101,101100110,100111100,011111010,010101111
100011011,010010110,111110001,111001000,001011101,101100110,100111100,011111010,010101111
101101010,000111011,011000110,011011010,001011101,111110100,101101011,110101101,101111011
001011011,111110010,111101001,101111100,010111001,011010101,110011110,100100111,011101110
011001110,100000111,001111100,111011001,110101100,011100101,101101011,010111011,111110010
101000111,011100011,101011001,111001010,011011101,111110100,110010011,110101101,000111110
011010110,100100111,001111100,111110001,010101010,001001011,111001100,010001101,100011010
011110110,100100111,011001101,110111100,111101011,001111001,111010001,010011011,101011110
001111001,111110100,111010011,001011110,100110111,011101111,101101010,010111010,110001101
101111000,110110011,101100101,001101011,010111101,111001001,110101110,100011111,011010110
100011011,010010110,111110001,111001000,001011101,101100110,100111100,011111010,010101111
011010110,100100111,001111100,111110001,010101010,001001011,111001100,010001101,100011010
011010110,100100111,001111100,111110001,010101010,001001011,111001100,010001101,100011010
101111000,001110110,110110011,000111101,011101011,111100101,011011100,101001111,110101110
001111010,101110101,110100011,110110100,010101101,011010111,111011001,100011111,111001110
010111011,111110000,111001010,001100011,001111110,011101101,110100110,100011101,011010111
010111011,111110000,111001010,001100011,001111110,011101101,110100110,100011101,011010111
011110110,100100111,011001101,110111100,111101011,001111001,111010001,010011011,101011110
011010110,100100111,001111100,111110001,010101010,001001011,111001100,010001101,100011010
101000111,011100011,101011001,111001010,011011101,111110100,110010011,110101101,000111110
011001110,100000111,001111100,111011001,110101100,011100101,101101011,010111011,111110010
001111001,101110100,111010011,011011110,100001111,010100111,111101000,100111010,110011101
101111000,110110011,101100101,001101011,010111101,111001001,110101110,100011111,011010110
011010110,100100111,001111100,111110001,010101010,001001011,111001100,010001101,100011010
101000111,010010010,111110101,111001100,001001111,101110111,101001101,101001100,010100111
001011011,111110010,111101001,101111100,010111001,011010101,110011110,100100111,011101110
010111011,111110000,111001010,001100011,001111110,011101101,110100110,100011101,011010111
001111001,111110100,111010011,001011110,100110111,011101111,101101010,010111010,110001101
101111000,001110110,110110011,000111101,011101011,111100101,011011100,101001111,110101110
001011011,111110010,111101001,101111100,010111001,011010101,110011110,100100111,011101110
011001110,100000111,001111100,111011001,110101100,011100101,101101011,010111011,111110010
001111010,101110101,110100011,110110100,010101101,011010111,111011001,100011111,111001110
010111011,111110000,111001010,001100011,001111110,011101101,110100110,100011101,011010111
001111010,101110101,110100011,110110100,010101101,011010111,111011001,100011111,111001110
100011110,101110011,001111100,110101101,010111011,001001111,011010101,111001000,011100110
011001110,100000111,001111100,111011001,110101100,011100101,101101011,010111011,111110010
011010110,100100111,001111100,111110001,010101010,001001011,111001100,010001101,100011010
100111110,111110000,101100001,111001100,010111101,001010111,110011011,110100111,011101010
001111001,111110100,111010011,001011110,100110111,011101111,101101010,010111010,110001101
101111000,001110110,110110011,000111101,011101011,111100101,011011100,101001111,110101110
100011001,010111100,111110001,011010111,001101011,101110110,101001101,111001010,110100111
100111110,111110000,101100001,111001100,010111101,001010111,110011011,110100111,011101010
011001110,100000111,001111100,111011001,110101100,011100101,101101011,010111011,111110010
001111010,101110101,110100011,110110100,010101101,011010111,111011001,100011111,111001110
101000111,011100011,101011001,111001010,011011101,111110100,110010011,110101101,000111110
101111000,001110110,110110011,000111101,011101011,111100101,011011100,101001111,110101110
011100111,001111011,101001111,010011110,011010101,110101001,101111100,111010010,100110111
001111010,101110101,110100011,110110100,010101101,011010111,111011001,100011111,111001110
001111001,101110100,111010011,011011110,100001111,010100111,111101000,100111010,110011101
001101010,101110101,110100011,110110100,010101101,011010111,111011001,100011111,111001110
100111011,001110110,011000101,110111010,011011011,001011011,110011100,011000011,010100111
100011011,010010110,111110001,111001000,001011101,101100110,100111100,011111010,010101111
001111001,101110100,111010011,011011110,100001111,010100111,111101000,100111010,110011101
101000111,011100011,101011001,111001010,011011101,111110100,110010011,110101101,000111110
011110110,100100111,011001101,110111100,111101011,001111001,111010001,010011011,101011110
001001110,101100111,001111101,110110101,010101101,011001011,111001001,100111101,011011110
011010110,100100111,001111100,111110001,010101010,001001011,111001100,010001101,100011010
100011001,010111100,111110001,011010111,001101011,101110110,101001101,111001010,110100111
001111010,101110101,110100011,110110100,010101101,011010111,111011001,100011111,111001110
001111001,101110100,111010011,011011110,100001111,010100111,111101000,100111010,110011101
001111001,111110100,111010011,001011110,100110111,011101111,101101010,010111010,110001101
011100111,001111011,101001111,010011110,011010101,110101001,101111100,111010010,100110111
001111001,101110100,111010011,011011110,100001111,010100111,111101000,100111010,110011101
100011011,010010110,111110001,111001000,001011101,101100110,100111100,011111010,010101111
011001110,100000111,001111100,111011001,110101100,011100101,101101011,010111011,111110010
100111110,111110000,101100001,111001100,010111101,001010111,110011011,110100111,011101010
001111001,111110100,111010011,001011110,100110111,011101111,101101010,010111010,110001101
011001110,100000111,001111100,111011001,110101100,011100101,101101011,010111011,111110010
001111001,111110100,111010011,001011110,100110111,011101111,101101010,010111010,110001101
100011011,010010110,111110001,111001000,001011101,101100110,100111100,011111010,010101111
011001110,100000111,001111100,111011001,110101100,011100101,101101011,010111011,111110010
101000111,011100011,101011001,111001010,011011101,111110100,110010011,110101101,000111110
011001110,100000111,001111100,111011001,110101100,011100101,101101011,010111011,111110010
001011011,111110010,111101001,101111100,010111001,011010101,110011110,100100111,011101110
011001110,100000111,001111100,111011001,110101100,011100101,101101011,010111011,111110010
010111011,111110000,111001010,001100011,001111110,011101101,110100110,100011101,011010111
001111010,101110101,110100011,110110100,010101101,011010111,111011001,100011111,111001110
011001110,100000111,001111100,111011001,110101100,011100101,101101011,010111011,111110010
001111010,101110101,110100011,110110100,010101101,011010111,111011001,100011111,111001110
001011011,111110010,111101001,101111100,010111001,011010101,110011110,100100111,011101110
001011011,111110010,111101001,101111100,010111001,011010101,110011110,100100111,011101110
101111000,001110110,110110011,000111101,011101011,111100101,011011100,101001111,110101110
011001110,100000111,001111100,111011001,110101100,011100101,101101011,010111011,111110010
101101010,001110011,111010110,111011001,110000011,011001111,101100101,010111100,100011111
101000111,011100011,101011001,111001010,011011101,111110100,110010011,110101101,000111110
011001110,100000111,001111100,111011001,110101100,011100101,101101011,010111011,111110010
001011011,111110010,111101001,101111100,010111001,011010101,110011110,100100111,011101110
011110110,100100111,011001101,110111100,111101011,001111001,111010001,010011011,101011110
011001110,100000111,001111100,111011001,110101100,011100101,101101011,010111011,111110010
100111110,111110000,101100001,111001100,010111101,001010111,110011011,110100111,011101010
110110010,110010101,101100100,111000011,100011110,100111001,011011000,001110111,010101111
011010110,100100111,001111101,111110001,010101010,001001011,111001100,010001101,100011010
001011011,111110010,111101001,101111100,010111001,011010101,110011110,100100111,011101110
010111011,111110000,111001010,001100011,001111110,011101101,110100110,100011101,011010111
011100111,001111011,101001111,010011110,011010101,110101001,101111100,111010010,100110111
001111010,101110101,110100011,110110100,010101101,011010111,111011001,100011111,111001110
110110010,110010101,101100100,111000011,100011110,100111001,011011000,001110111,010101111
001101010,101110101,110100011,110110100,010101101,011010111,111011001,100011111,111001110
110110010,110010101,101100100,111000011,100011110,100111001,011011000,001110111,010101111
100111110,111110000,101100001,111001100,010111101,001010111,110011011,110100111,011101010
010111011,111110000,111001010,001100011,001111110,011101101,110100110,100011101,011010111
101000111,011100011,101011001,111001010,011011101,111110100,110010011,110101101,000111110
011001110,100000111,001111100,111011001,110101100,011100101,101101011,010111011,111110010
001011011,111110010,111101001,101111100,010111001,011010101,110011110,100100111,011101110
011001110,100000111,001111100,111011001,110101100,011100101,101101011,010111011,111110010
101111000,110110011,101100101,001101011,010111101,111001001,110101110,100011111,011010110
011100111,001111011,101001111,010011110,011010101,110101001,101111100,111010010,100110111
100011010,011110010,110110001,111001000,010111101,111011111,110010110,101000000,010001110
011110110,100100111,011001101,110111100,111101011,001111001,111010001,010011011,101011110
001011011,111110010,111101001,101111100,010111001,011010101,110011110,100100111,011101110
011010110,100100111,001111100,111110001,010101010,001001011,111001100,010001101,100011010
011110110,100100111,011001101,110111100,111101011,001111001,111010001,010011011,101011110
001111001,101110100,111010011,011011110,100001111,010100111,111101000,100111010,110011101
001111010,101110101,110100011,110110100,010101101,011010111,111011001,100011111,111001110
100111110,111110000,101100001,111001100,010111101,001010111,110011011,110100111,011101010
011001110,100000111,001111100,111011001,110101100,011100101,101101011,010111011,111110010
001111001,111110100,111010011,001011110,100110111,011101111,101101010,010111010,110001101
100111110,111110000,101100001,111001100,010111101,001010111,110011011,110100111,011101010
100011001,010111100,111110001,011010111,001101011,101110110,101001101,111001010,110100111
001111001,111110100,111010011,001011110,100110111,011101111,101101010,010111010,110001101
100011110,101110011,001111100,110101101,010111011,001001111,011010101,111001000,011100110
011010110,100100111,001111100,111110001,010101010,001001011,111001100,010001101,100011010
001111001,101110100,111010011,011011110,100001111,010100111,111101000,100111010,110011101
001111001,111110100,111010011,001011110,100110111,011101111,101101010,010111010,110001101
011001110,100000111,001111100,111011001,110101100,011100101,101101011,010111011,111110010
101000111,011100011,101011001,111001010,011011101,111110100,110010011,110101101,000111110
011100111,001111011,101001111,010011110,011010101,110101001,101111100,111010010,100110111
101111000,110110011,101100101,001101011,010111101,111001001,110101110,100011111,011010110
100011011,010010110,111110001,111001000,001011101,101100110,100111100,011111010,010101111
100011011,010010110,111110001,111001000,001011101,101100110,100111100,011111010,010101111
011001110,100000111,001111100,111011001,110101100,011100101,101101011,010111011,111110010
001111010,101110101,110100011,110110100,010101101,011010111,111011001,100011111,111001110
011100111,001111011,101001111,010011110,011010101,110101001,101111100,111010010,100110111
101111000,001110110,110110011,000111101,011101011,111100101,011011100,101001111,110101110
101101010,001110011,111010110,111011001,110000011,011001111,101100101,010111100,100011111
100011011,010010110,111110001,111001000,001011101,101100110,100111100,011111010,010101111
101101010,001110011,111010110,111011001,110000011,011001111,101100101,010111100,100011111
011110110,100100111,011001101,110111100,111101011,001111001,111010001,010011011,101011110
011010110,100100111,001111100,111110001,110101010,001001011,111001100,010001101,101011010
100011110,101110011,001111100,110101101,010111011,001001111,011010101,111001000,011100110
101000111,011100011,101011001,111001010,011011101,111110100,110010011,110101101,000111110
100011110,101110011,001111100,110101101,010111011,001001111,011010101,111001000,011100110
001111001,111110100,111010011,001011110,100110111,011101111,101101010,010111010,110001101
100011001,010111100,111110001,011010111,001101011,101110110,101001101,111001010,110100111
100011001,010111100,111110001,011010111,001101011,101110110,101001101,111001010,110100111
011010110,100100111,001111100,111110001,010101010,001001011,111001100,010001101,100011010
110110010,110010101,101100100,111000011,100011110,100111001,011011000,001110111,010101111
100111110,111110000,101100001,111001100,010111101,001010111,110111011,001011001,011101010
101111000,001110110,110110011,000111101,011101011,111100101,011011100,101001111,110101110
101000111,011100011,101011001,111001010,011011101,111110100,110010011,110101101,000111110
110110010,110010101,101100100,111000011,100011110,100111001,011011000,001110111,010101111
100011001,010111100,111110001,011010111,001101011,101110110,101001101,111001010,110100111
100111110,111110000,101100001,111001100,010111101,001010111,110011011,110100111,011101010
100011110,101110011,001111100,110101101,010111011,001001111,011010101,111001000,011100110
011010110,100100111,001111100,111110001,010101010,001001011,111001100,010001101,100011010
001111010,101110101,110100011,110110100,010101101,011010111,111011001,100011111,111001110
101000111,011100011,101011001,111001010,011011101,111110100,110010011,110101101,000111110
100011001,010111100,111110001,011010111,001101011,101110110,101001101,111001010,110100111
001011011,111110010,111101001,101111100,010111001,011010101,110011110,100100111,011101110
101111000,001110110,110110011,000111101,011101011,111100101,011011100,101001111,110101110
100011001,010111100,111110001,011010111,001101011,101110110,101001101,111001010,110100111
011010110,100100111,001111100,111110001,010101010,001001011,111001100,010001101,100011010
001111001,101110100,111010011,011011110,100001111,010100111,111101000,100111010,110011101
100011001,010111100,111110001,011010111,001101011,101110110,101001101,111001010,110100111
011010110,100100111,001111100,111110001,010101010,001001011,111001100,010001101,100011010
100111110,111110000,101100001,111001100,010111101,001010111,110011011,110100111,011101010
100011011,010010110,111110001,111001000,001011101,101100110,100111100,011111010,010101111
001111001,101110100,111010011,011011110,100001111,010100111,111101000,100111010,110011101
010111011,111110000,111001010,001100011,001111110,011101101,110100110,100011101,011010111
001011011,111110010,111101001,101111100,010111001,011010101,110011110,100100111,011101110
011010110,100100111,001111100,111110001,010101010,001001011,111001100,010001101,100011010
101111000,110110011,101100101,001101011,010111101,111001001,110101110,100011111,011010110
011010110,100100111,001111100,111110001,010101010,001001011,111001100,010001101,100011010
001111001,101110100,111010011,011011110,100001111,010100111,111101000,100111010,110011101
101111000,001110110,110110011,000111101,011101011,111100101,011011100,101001111,110101110
011001110,100000111,001111100,111011001,110101100,011100101,101101011,010111011,111110010
001011011,111110010,111101001,101111100,010111001,011010101,110011110,100100111,011101110
101111000,001110110,110110011,000111101,011101011,111100101,011011100,101001111,110101110
101111000,001110110,110110011,000111101,011101011,111100101,011011100,101001111,110101110
101000111,011100011,101011001,111001010,011011101,111110100,110010011,110101101,000111110
001111010,101110101,110100011,110110100,010101101,011010111,111011001,100011111,111001110
001111001,101110100,111010011,011011110,100001111,010100111,111101000,100111010,110011101
011001110,100000111,001111100,111011001,110101100,011100101,101101011,010111011,111110010
001111001,101110100,111010011,011011110,100001111,010100111,111101000,100111010,110011101
001111010,101110101,110100011,110110100,010101101,011010111,111011001,100011111,111001110
010111011,111110000,111001010,001100011,001111110,011101101,110100110,100011101,011010111
011010110,100100111,001111100,111110001,010101010,001001011,111001100,010001101,100011010
011001110,100000111,001111100,111011001,110101100,011100101,101101011,010111011,111110010
100011011,010010110,111110001,111001000,001011101,101101010,100111100,011111010,010101111
001111010,101110101,110100011,110110100,010101101,011010111,111011001,100011111,111001110
011100111,001111011,101001111,010011110,011010101,110101001,101111100,111010010,100110111
100011001,010111100,111110001,011010111,001101011,101110110,101001101,111001010,110100111
001111001,111110100,111010011,001011110,100110111,011101111,101101010,010111010,110001101
001011011,111110010,111101001,101111100,010111001,011010101,110011110,100100111,011101110
100011011,010010110,111110001,111001000,001011101,101100110,100111100,011111010,010101111
100111110,111110000,101100001,111001100,010111101,001010111,110011011,110100111,011101010
011100111,001111011,101001111,010011110,011010101,110101001,101111100,111010010,100110111
001111001,111110100,111010011,001011110,100110111,011101111,101101010,010111010,110001101
001111010,101110101,110100011,110110100,010101101,011010111,111011001,100011111,111001110
001011011,111110010,111101001,101111100,010111001,011010101,110011110,100100111,011101110
011100111,001111011,101001111,010011110,011010101,110101001,101111100,111010010,100110111
100011011,010010110,111110001,111001000,001011101,101100110,100111100,011111010,010101111
100111110,111110000,101100001,111001100,010111101,001010111,110011011,110100111,011101010
010111011,111110000,111001010,001100011,001111110,011101101,110100110,100011101,011010111
100111110,111110000,101100001,111001100,010111101,001010111,110011011,110100111,011101010
011010110,100100111,001111100,111110001,010101010,001001011,111001100,010001101,100011010
101111000,110110011,101100101,001101011,010111101,111001001,110101110,100011111,011010110
001111010,101110101,110100011,110110100,010101101,011010111,111011001,100011111,111001110
101000111,011100011,101011001,111001010,011011101,111110100,110010011,110101101,000111110
010111011,111110000,111001010,001100011,001111110,011101101,110100110,100011101,011010111
110110010,110010101,101100100,111000011,100011110,100111001,011011000,001110111,010101111
101101010,001110011,111010110,111011001,110000011,011001111,101100101,010111100,100011111
100111110,111110000,101100001,111001100,010111101,001010111,110011011,110100111,011101010
011001110,100000111,001111100,111011001,110101100,011100101,101101011,010111011,111110010
011001110,100000111,001111100,111011001,110101100,011100101,101101011,010111011,111110010
011100111,001111011,101001111,010011110,011010101,110101001,101111100,111010010,100110111
001111001,101110100,111010011,011011110,100001111,010100111,111101000,100111010,110011101
100011011,010010110,111110001,111001000,001011101,101100110,100111100,011111010,010101111
001111001,111110100,111010011,001011110,100110111,011101111,101101010,010111010,110001101
001011011,111110010,111101001,101111100,010111001,011010101,110011110,100100111,011101110
100011110,101110011,001111100,110101101,010111011,001001111,011010101,111001000,011100110
101111000,001110110,110110011,000111101,011101011,111100101,011011100,101001111,110101110
001011011,111110010,111101001,101111100,010111001,011010101,110011110,100100111,011101110
001001110,101100111,001111101,110110101,010101010,011001011,111001011,100111101,011011110
101111000,110110011,101100101,001101011,010111101,111001001,110101110,100011111,011010110
100111110,111110000,101100001,111001100,010111101,001010111,110011011,110100111,011101010
011001110,100000111,001111100,111011001,110101100,011100101,101101011,010111011,111110010
011010110,100100111,001111100,111110001,010101010,001001011,111001100,010001101,100011010
001011011,111110010,111101001,101111100,010111001,011010101,110011110,100100111,011101110
101000111,011100011,101011001,111001010,011011101,111110100,110010011,110101101,000111110
101101010,001110011,111010110,111011001,110000011,011001111,101100101,010111100,100011111
100011001,010111100,111110001,011010111,001101011,101110110,101001101,111001010,110100111
101000111,011100011,101011001,111001010,011011101,111110100,110010011,110101101,000111110
001111010,101110101,110100011,110110100,010101101,011010111,111011001,100011111,111001110
101111000,001110110,110110011,000111101,011101011,111100101,011011100,101001111,110101110
101000111,011100011,101011001,111001010,011011101,111110100,110010011,110101101,000111110
001111010,101110101,110100011,110110100,010101101,011010111,111011001,100011111,111001110
100011011,010010110,111110001,111001000,001011101,101100110,100111100,011111010,010101111
101101010,001110011,111010110,111011001,110000011,011001111,101100101,010111100,100011111
001111001,101110100,111010011,011011110,100001111,010100111,111101000,100111010,110011101
100011001,010111100,111110001,011010111,001101011,101110110,101001101,111001010,110100111
011001110,100000111,001111100,111011001,110101100,011100101,101101011,010111011,111110010
010111011,111110000,111001010,001100011,001111110,011101101,110100110,100011101,011010111
011010110,100100111,001111100,111110001,010101010,001001011,111001100,010001101,100011010
001111001,101110100,111010011,011011110,100001111,010100111,111101000,100111010,110011101
010111011,111110000,111001010,001100011,001111110,011101101,110100110,100011101,011010111
001011011,111110010,111101001,101110011,010111100,011011101,110011110,100111101,011001110
011010110,100100111,001111100,111110001,010101010,001001011,111001100,010001101,100011010
101101010,001110011,111010110,111011001,110000011,011001111,101100101,010111100,100011111
011001110,100000111,001111100,111011001,110101100,011100101,101101011,010111011,111110010
000111110,101110011,001100101,111001000,010001101,001010111,110010111,110000111,011101010
101111000,001110110,110110011,000111101,011101011,111100101,011011100,101001111,110101110
001111001,111110100,111010011,001011110,100110111,011101111,101101010,010111010,110001101
011110110,100100111,011001101,110111100,111101011,001111001,111010001,010011011,101011110
101000111,011100011,101011001,111001010,011011101,111110100,110010011,110101101,000111110
011010110,100100111,001111100,111110001,010101010,001001011,111001100,010001101,100011010
100011110,101110011,001111100,110101101,010111011,001001111,011010101,111001000,011100110
100011001,010111100,111110001,011010111,001101011,101110110,101001101,111001010,110100111
001011011,111110010,111101001,101111100,010111001,011010101,110011110,100100111,011101110
010111011,111110000,111001010,001100011,001111110,011101101,110100110,100011101,011010111
101000111,011100011,101011001,111001010,011011101,111110100,110010011,110101101,000111110
001111001,111010100,111110011,001011100,100101111,011100111,101101100,010111010,010001111
100011011,010010110,111110001,111001000,001011101,101100110,100111100,011111010,010101111
001111010,101110101,110100011,110110100,010101101,011010111,111011001,100011111,111001110
011110110,100100111,011001101,110111100,111101011,001111001,111010001,010011011,101011110
101000111,011100011,101011001,111001010,011011101,111110100,110010011,110101101,000111110
100011011,010010110,111110001,111001000,001011101,101100110,100111100,011111010,010101111
001111001,101110100,111010011,011011110,100001111,010100111,111101000,100111010,110011101
101101010,001110011,111010110,111011001,110000011,011001111,101100101,010111100,100011111
011100111,001111011,101001111,010011110,011010101,110101001,101111100,111010010,100110111
100011011,010010110,111110001,111001000,001011101,101100110,100111100,011111010,010101111
100011001,010111100,111110001,011010111,001101011,101110110,101001101,111001010,110100111
011010110,100100111,001111100,111110001,010101010,001001011,111001100,010001101,100011010
100111110,111110000,101100001,111001100,010111101,001010111,110011011,110100111,011101010
100011011,010010110,111110001,111001000,001011101,101100110,100111100,011111010,010101111
011001110,100000111,001111100,111011001,110101100,011100101,101101011,010111011,111110010
001111001,101110100,111010011,011011110,100001111,010100111,111101000,100111010,110011101
011100111,001111011,101001111,010011110,011010101,110101001,101111100,111010010,100110111
100111110,111110000,101100001,111001100,010111101,001010111,110011011,110100111,011101010
011010110,100100111,001111100,111110001,010101010,001001011,111001100,010001101,100011010
101101010,001110011,111010110,111011001,110000011,011001111,101100101,010111100,100011111
100011001,010111100,111110001,011010111,001101011,101110110,101001101,111001010,110100111
100011011,010010110,111110001,111001000,001011101,101100110,100111100,011111010,010101111
100111110,111110000,101100001,111001100,010111101,001010111,110011011,110100111,011101010
100011001,010111100,111110001,011010111,001101011,101110110,101001101,111001010,110100111
011100111,001111011,101001111,010011110,011010101,110101001,101111100,111010010,100110111
101111000,110110011,101100101,001101011,010111101,111001001,110101110,100011111,011010110
101000111,011100011,101011001,111001010,011011101,111110100,110010011,110101101,000111110
001011011,111110010,111101001,101111100,010111001,011010101,110011110,100100111,011101110
011001110,100000111,001111100,111011001,110101100,011100101,101101011,010111011,111110010
101111000,110110011,101100101,001101011,010111101,111001001,110101110,100011111,011010110
011110110,100100111,011001101,110111100,111101011,001111001,111010001,010011011,101011110
001111010,101110101,110100011,110110100,010101101,011010111,111011001,100011111,111001110
100111110,111110000,101100001,111001100,010111101,001010111,110011011,110100111,011101010
001111001,111110100,111010011,001011110,100110111,011101111,101101010,010111010,110001101
011100111,001111011,101001111,010011110,011010101,110101001,101111100,111010010,100110111
011110110,100100111,011001101,110111100,111101011,001111001,111010001,010011011,101011110
011001110,100000111,001111100,111011001,110101100,011100101,101101011,010111011,111110010
100011011,010010110,111110001,111001000,001011101,101100110,100111100,011111010,010101111
011100111,001111011,101001111,010011110,011010101,110101001,101111100,111010010,100110111
001011011,111110010,111101001,101111100,010111001,011010101,110011110,100100111,011101110
001111001,111110100,111010011,001011110,100110111,011101111,101101010,010111010,110001101
101111000,001110110,110110011,000111101,011101011,111100101,011011100,101001111,110101110
110110010,110010101,101100100,111000011,100011110,100111001,011011000,001110111,010101111
101010110,101110011,001110100,110110000,111001101,001111000,111010101,100101101,111101110
001111001,111110100,111010011,001011110,100110111,011101111,101101010,010111010,110001101
001111001,101110100,111010011,011011110,100001111,010100111,111101000,100111010,110011101
100011001,010111100,111110001,011010111,001101011,101110110,101001101,111001010,110100111
100111110,111110000,101100001,111001100,010111101,001010111,110011011,110100111,011101010
100011001,010111100,111110001,011010111,001101011,101110110,101001101,111001010,110100111
011001110,100000111,001111100,111011001,110101100,011100101,101101011,010111011,111110010
001111001,101110100,111010011,011011110,100001111,010100111,111101000,100111010,110011101
011010110,100100111,001111100,111110001,010101010,001001011,111001100,010001101,100011010
100011110,101110011,001111100,110101101,010111011,001001111,011010101,111001000,011100110
011010110,100100111,001111100,111110001,010101010,001001011,111001100,010001101,100011010
100011001,010111100,111110001,011010111,001101011,101110110,101001101,111001010,110100111
011001110,100000111,001111100,111011001,110101100,011100101,101101011,010111011,111110010
001111001,101110100,111010011,011011110,100001111,010100111,111101000,100111010,110011101
101000111,011100011,101011001,111001010,011011101,111110100,110010011,110101101,000111110
101101001,101110110,111010011,001011110,100000111,011100101,001111100,010111010,110011101
001011011,111110010,111101001,101111100,010111001,011010101,110011110,100100111,011101110
100011001,010111100,111110001,011010111,001101011,101110110,101001101,111001010,110100111
011001110,100000111,001111100,111011001,110101100,011100101,101101011,010111011,111110010
011110110,100100111,011001101,110111100,111101011,001111001,111010001,010011011,101011110
001011011,111110010,111101001,101111100,010111001,011010101,110011110,100100111,011101110
011100111,001111011,101001111,010011110,011010101,110101001,101111100,111010010,100110111
001111001,111110100,111010011,001011110,100110111,011101111,101101010,010111010,110001101
010111011,111110000,111001010,001100011,001111110,011101101,110100110,100011101,011010111
101111000,001110110,110110011,000111101,011101011,111100101,011011100,101001111,110101110
010111011,111110000,111001010,001100011,001111110,011101101,110100110,100011101,011010111
101101010,001110011,111010110,111011001,110000011,011001111,101100101,010111100,100011111
100011001,010111100,111110001,011010111,001101011,101110110,101001101,111001010,110100111
001111010,101110101,110100011,110110100,010101101,011010111,111011001,100011111,111001110
101111000,110110011,101100101,001101011,010111101,111001001,110101110,100011111,011010110
100011011,010010110,111110001,111001000,001011101,101100110,100111100,011111010,010101111
101111000,001110110,110110011,000111101,011101011,111100101,011011100,101001111,110101110
011100111,001111011,101001111,010011110,011010101,110101001,101111100,111010010,100110111
100111110,111110000,101100001,111001100,010111101,001010111,110011011,110100111,011101010
001111001,111110100,111010011,001011110,100110111,011101111,101101010,010111010,110001101
011110110,100100111,011001101,110111100,111101011,001111001,111010001,010011011,101011110
001111001,101110100,111010011,011011110,100001111,010100111,111101000,100111010,110011101
011001110,100000111,001111100,111011001,110101100,011100101,101101011,010111011,111110010
000011110,101110011,001101101,110101101,010111010,001010111,110001101,100100111,100010110
001011011,111110010,111101001,101111100,010111001,011010101,110011110,100100111,011101110
001111001,101110100,111010011,011011110,100001111,010100111,111101000,100111010,110011101
100011110,101110011,001111100,110101101,010111011,001001111,011010101,111001000,011100110
011001110,100000111,001111100,111011001,110101100,011100101,101101011,010111011,111110010
010111011,111110000,111001010,001100011,001111110,011101101,110100110,100011101,011010111
100011110,101110011,001111100,110101101,010111011,001001111,011010101,111001000,011100110
100011001,010111100,111110001,011010111,001101011,101110110,101001101,111001010,110100111
011001110,100000111,001111100,111011001,110101100,011100101,101101011,010111011,111110010
011001110,100000111,001111100,111011001,110101100,011100101,101101011,010111011,111110010
001111001,111110100,111010011,001011110,100110111,011101111,101101010,010111010,110001101
101111000,001110110,110110011,000111101,011101011,111100101,011011100,101001111,110101110
001111010,101110101,110100011,110110100,010101101,011010111,111011001,100011111,111001110
011001110,100000111,001111100,111011001,110101100,011100101,101101011,010111011,111110010
100111110,111110000,101100001,111001100,010111101,001010111,110011011,110100111,011101010
101111000,001110110,110110011,000111101,011101011,111100101,011011100,101001111,110101110
100011001,010111100,111110001,011010111,001101011,101110110,101001101,111001010,110100111
001111001,111110100,111010011,001011110,100110111,011101111,101101010,010111010,110001101
011100111,001111011,101001111,010011110,011010101,110101001,101111100,111010010,100110111
100011011,010010110,111110001,111001000,001011101,101100110,100111100,011111010,010101111
101000111,011100011,101011001,111001010,011011101,111110100,110010011,110101101,000111110
001011011,111110010,111101001,101111100,010111001,011010101,110011110,100100111,011101110
011001110,100000111,001111100,111011001,110101100,011100101,101101011,010111011,111110010
001011011,111110010,111101001,101111100,010111001,011010101,110011110,100100111,011101110
011001110,100000111,001111100,111011001,110101100,011100101,101101011,010111011,111110010
100011011,010010110,111110001,111001000,001011101,101100110,100111100,011111010,010101111
001111001,101110100,111010011,011011110,100001111,010100111,111101000,100111010,110011101
001011011,111110010,111101001,101111100,010111001,011010101,110011110,100100111,011101110
101101010,001110011,111010110,111011001,110000011,011001111,101100101,010111100,100011111
100011001,010111100,111110001,011010111,001101011,101110110,101001101,111001010,110100111
011100111,001111011,101001111,010011110,011010101,110101001,101111100,111010010,100110111
010111011,111110000,111001010,001100011,001111110,011101101,110100110,100011101,011010111
100111110,111110000,101100001,111001100,010111101,001010111,110011011,110100111,011101010
101111000,001110110,110110011,000111101,011101011,111100101,011011100,101001111,110101110
101111000,001110110,110110011,000111101,011101011,111100101,011011100,101001111,110101110
100011011,010010110,111110001,111001000,001011101,101100110,100111100,011111010,010101111
100011011,010010110,111110001,111001000,001011101,101100110,100111100,011111010,010101111
001111010,101110101,110100011,110110100,010101101,011010111,111011001,100011111,111001110
100111110,111110000,101100001,111001100,010111101,001010111,110011011,110100111,011101010
011100111,001111011,101001111,010011110,011010101,110101001,101111100,111010010,100110111
011001110,100000111,001111100,111011001,110101100,011100101,101101011,010111011,111110010
100011110,111110000,001101101,110101000,101011101,001101011,110010011,101000111,011101110
011001110,100000111,001111100,111011001,110101100,011100101,101101011,010111011,111110010
011010110,100100111,001111100,111110001,010101010,001001011,111001100,010001101,100011010
100011001,010111100,011110001,111001011,001101011,101110110,101001101,111001010,110100111
100111110,111110000,101100001,111001100,010111101,001010111,110011011,110100111,011101010
100011001,010111100,111110001,011010111,001101011,101110110,101001101,111001010,110100111
001111010,101110101,110100011,110110100,010101101,011010111,111011001,100011111,111001110
100011001,010111100,111110001,011010111,001101011,101110110,101001101,111001010,110100111
011001110,100000111,001111100,111011001,110101100,011100101,101101011,010111011,111110010
100011110,101110011,001111100,110101101,010111011,001001111,011010101,111001000,011100110
001011011,111110010,111101001,101111100,010111001,011010101,110011110,100100111,011101110
011001110,100000111,001111100,111011001,110101100,011100101,101101011,010111011,111110010
011010110,100100111,001111100,111110001,010101010,001001011,111001100,010001101,100011010
100011001,010111100,111110001,011010111,001101011,101110110,101001101,111001010,110100111
101101010,001110011,111010110,111011001,110000011,011001111,101100101,010111100,100011111
100011010,011110010,110110001,111001000,010111101,111011111,110011110,101000000,010001110
110110010,110010101,101100100,111000011,100011110,100111001,011011000,001110111,010101111
100111110,111110000,101100001,111001100,010111101,001010111,110011011,110100111,011101010
101000111,011100011,101011001,111001010,011011101,111110100,110010011,110101101,000111110
100011001,010111100,111110001,011010111,001101011,101110110,101001101,111001010,110100111
100011011,010010110,111110001,111001000,001011101,101100110,100111100,011111010,010101111
101101010,001110011,111010110,111011001,110000011,011001111,101100101,010111100,100011111
101101010,001110011,111010110,111011001,110000011,011001111,101100101,010111100,100011111
101111000,001110110,110110011,000111101,011101011,111100101,011011100,101001111,110101110
011010110,100100111,001111100,111110001,010101010,001001011,111001100,010001101,100011010
101111000,110110011,101100101,001101011,010111101,111001001,110101110,100011111,011010110
100011001,010111100,111110001,011010111,001101011,101110110,101001101,111001010,110100111
001111001,101110100,111010011,011011110,100001111,010100111,111101000,100111010,110011101
100011110,101110011,001111100,110101101,010111011,001001111,011010101,111001000,011100110
011100111,001111011,101001111,010011110,011010101,110101001,101111100,111010010,100110111
101111000,001110110,110110011,000111101,011101011,111100101,011011100,101001111,110101110
100011011,010010110,111110001,111001000,001011101,101100110,100111100,011111010,010101111
010111011,111110000,111001010,001100011,001111110,011101101,110100110,100011101,011010111
101000111,011100011,101011001,111001010,011011101,111110100,110010011,110101101,000111110
100111110,111110000,101100001,111001100,010111101,001010111,110011011,110100111,011101010
001111001,111110100,111010011,001011110,100110111,011101111,101101010,010111010,110001101
101111000,001110110,110110011,000111101,011101011,111100101,011011100,101001111,110101110
011100111,001111011,101001111,010011110,011010101,110101001,101111100,111010010,100110111
011010110,100100111,001111100,111110001,010101010,001001011,111001100,010001101,100011010
001111001,111110100,111010011,001011110,100110111,011101111,101101010,010111010,110001101
101000111,011100011,101011001,111001010,011011101,111110100,110010011,110101101,000111110
100011110,101110011,001111100,110101101,010111011,001001111,011010101,111001000,011111010
011100111,001111011,101001111,010011110,011010101,110101001,101111100,111010010,100110111
011001110,100000111,001111100,111011001,110101100,011100101,101101011,010111011,111110010
100011110,101110011,001111100,110101101,010111011,001001111,011010101,111001000,011100110
010111011,111110000,111001010,001100011,001111110,011101101,110100110,100011101,011010111
001111001,111110100,111010011,001011110,100110111,011101111,101101010,010111010,110001101
011001110,100000111,001111100,111011001,110101100,011100101,101101011,010111011,111110010
001011011,111110010,111101001,101111100,010111001,011010101,110011110,100100111,011101110
101111000,110110011,101100101,001101011,010111101,111001001,110101110,100011111,011010110
100011001,010111100,111110001,011010111,001101011,101110110,101001101,111001010,110100111
101101010,001110011,111010110,111011001,110000011,011001111,101100101,010111100,100011111
001011011,111110010,111101001,101111100,010111001,011010101,110011110,100100111,011101110
001111010,101110101,110100011,110110100,010101101,011010111,111011001,100011111,111001110
001111010,101110101,110100011,110110100,010101101,011010111,111011001,100011111,111001110
101101010,001110011,111010110,111011001,110000011,011001111,101100101,010111100,100011111
011100111,001111011,101001111,010011110,011010101,110101001,101111100,111010010,100110111
000111010,111110000,101100101,111001000,110111101,001010111,110011011,101000111,011101110
011001110,100000111,001111100,111011001,110101100,011100101,101101011,010111011,111110010
101111000,001110110,110110011,000111101,011101011,111100101,011011100,101001111,110101110
101101010,001110011,111010110,111011001,110000011,011001111,101100101,010111100,100011111
011001110,100000111,001111100,111011001,110101100,011100101,101101011,010111011,111110010
100011001,010111100,111110001,011010111,001101011,101110110,101001101,111001010,110100111
011010110,100100111,001111100,111110001,010101010,001001011,111001100,010001101,100011010
100111110,111110000,101100001,111001100,010111101,001010111,110011011,110100111,011101010
011001110,100000111,001111100,111011001,110101100,011100101,101101011,010111011,111110010
100011011,010010110,111110001,111011000,001011101,101101010,100111100,001111010,010101111
011010110,100100111,001111100,111110001,010101010,001001011,111001100,010001101,100011010
001111001,101110100,111010011,011011110,100001111,010100111,111101000,100111010,110011111
011001110,100000111,001111100,111011001,110101100,011100101,101101011,010111011,111110010
011001110,100000111,001111100,111011001,110101100,011100101,101101011,010111011,111110010
011110110,100100111,011001101,110111100,111101011,001111001,111010001,010011011,101011110
011100111,001111011,101001111,010011110,011010101,110101001,101111100,111010010,100110111
011100111,001111011,101001111,010011110,011010101,110101001,101111100,111010010,100110111
011010110,100100111,001111100,111110001,010101010,001001011,111001100,010001101,100011010
011100111,001111011,101001111,010011110,011010101,110101001,101111100,111010010,100110111
101111000,001110110,110110011,000111101,011101011,111100101,011011100,101001111,110101110
100011110,101110011,001111100,110101101,010111011,001001111,011010101,111001000,011100110
011001110,100000111,001111100,111011001,110101100,011100101,101101011,010111011,111110010
100011001,010111100,111110001,011010111,001101011,101110110,101001101,111001010,110100111
011110110,100100111,011001101,110111100,111101011,001111001,111010001,010011011,101011110
101000111,011100011,101011001,111001010,011011101,111110100,110010011,110101101,000111110
001111010,101110101,110100011,110110100,010101101,011010111,111011001,100011111,111001110
001011011,111110010,111101001,101111100,010111001,011010101,110011110,100100111,011101110
100011001,010111100,111110001,011010111,001101011,101110110,101001101,111001010,110100111
110110010,110010101,101100100,111000011,100011110,100111001,011011000,001110111,010101111
011001110,100000111,001111100,111011001,110101100,011100101,101101011,010111011,111110010
011001110,100000111,001111100,111011001,110101100,011100101,101101011,010111011,111110010
100011011,010010110,111110001,111001000,001011101,101100110,100111100,011111010,010101111
100011011,010010110,111110001,111001000,001011101,101100110,100111100,011111010,010101111
011010110,100100111,001111100,111110001,010101010,001001011,111001100,010001101,100011010
001111010,101110101,110100011,110110100,010101101,011010111,111011001,100011111,111001110
100011001,010111100,111110001,011010111,001101011,101110110,101001101,111001010,110100111
011001110,100000111,001111100,111011001,110101100,011100101,101101011,010111011,111110010
100011011,010010110,111110001,111001000,001011101,101100110,100111100,011111010,010101111
010111011,111110000,111001010,001100011,001111110,011101101,110100110,100011101,011010111
011100111,001111011,101001111,010011110,011010101,110101001,101111100,111010010,100110111
100011011,010010110,111110001,111001000,001011101,101100110,100111100,011111010,010101111
001011011,111110010,111101001,101111100,010111001,011010101,110011110,100100111,011101110
101111000,001110110,110110011,000111101,011101011,111100101,011011100,101001111,110101110
101111000,001110110,110110011,000111101,011101011,111100101,011011100,101001111,1,0101110
001011011,111110010,111101001,101111100,010111001,011010101,110011110,100100111,011101110
101101010,001110011,111010110,111011001,110000011,011001111,101100101,010111100,100011111
001111010,101110101,110100011,110110100,010101101,011010111,111011001,100101111,111001110
011001110,100000111,001111100,111011001,110101100,011100101,101101011,010111011,111110010
011010110,100100111,001111100,111110001,010101010,001001011,111001100,010001101,100011010
001111010,101110101,110100011,110110100,010101101,011010111,111011001,100011111,111001110
001011011,111110010,111101001,101111100,010111001,011010101,110011110,100100111,011101110
001111010,101110101,110100011,110110100,010101101,011010111,111011001,100011111,111001110
011100111,001111011,101001111,010011110,011010101,110101001,101111100,111010010,100110111
101000111,011100011,101011001,111001010,011011101,111110100,110010011,110101101,000111110
001011011,111110010,111101001,101111100,010111001,011010101,110011110,100100111,011101110
100011110,101110011,001111100,110101101,010111011,001001111,011010101,111001000,011100110
101111000,001110110,110110011,000111101,011101011,111100101,011011100,101001111,110101110
011100111,001111011,101001111,010011110,011010101,110101001,101111100,111010010,100110111
100011011,010010110,111110001,111001000,001011101,101100110,100111100,011111010,010101111
001011011,111110010,111101001,101111100,010111001,011010101,110011110,100100111,011101110
001111001,101110100,111010011,011011110,100001111,010100111,111101000,100111010,110011101
101000111,011100011,101011001,111001010,011011101,111110100,110010011,110101101,000111110
101111000,001110110,110110011,000111101,011101011,111100101,011010100,101001111,110101110
101111000,001110110,110110011,000111101,011101011,111100101,011011100,101001111,11010
011001110,100000111,001111100,111011001,110101100,011100101,101101011,010111011,111110010
100011001,010111100,111110001,011010111,001101011,101110110,101001101,111001010,110100111
011010110,100100111,001111100,111110001,010101010,001001011,111001100,010001101,100011010
001111001,111110100,111010011,001011110,100110111,011101111,101101010,010111010,110001101
001011011,111110010,111101001,101111100,010111001,011010101,110011110,100100111,011101110
001111001,111110100,111010011,001011110,100110111,011101111,101101010,010111010,110001101
100011001,010111100,111110001,011010111,001101011,101110110,101001101,111001010,110100111
011001110,100000111,001111100,111011001,110101100,011100101,101101011,010111011,111110010
010111011,111110000,111001010,001100011,001111110,011101101,110100110,100011101,011010111
011001110,100000111,001111100,111011001,110101100,011100101,101101011,010111011,111110010
001111010,101110101,110100011,110110100,010101101,011010111,111011001,100011111,111001110
010111011,111110000,111001010,001100011,001111110,011101101,110100110,100011101,011010111
001011011,111110010,111101001,101111100,010111001,011010101,110011110,100100111,011101110
100011011,010010110,111110001,111001000,001011101,101100110,100111100,011111010,010101111
101000111,011100011,101011001,111001010,011011101,111110100,110010011,110101101,000111110
100111110,111110000,101100001,111001100,010111101,001010111,110011011,110100111,011101010
001111010,101110101,110100011,110,10100,010101101,011010111,111011001,100011111,111001110
001111010,101110101,110100011,110110100,010101101,011010111,111011001,100011111,111001110
010111011,111110000,111001010,001100011,001111110,011101101,110100110,100011101,011010111
011001110,100000111,001111100,111011001,110101100,011100101,101101011,010111011,111110010
011001110,100000111,001111100,111011001,110101100,011100101,101101011,010111011,111110010
100011001,010111100,111110001,011010111,001101011,101110110,101001101,111001010,110100111
100111110,111110000,101100001,111001100,010111101,001010111,110011011,110100111,011101010
011110110,100100111,011001101,110111100,111101011,001111001,111010001,010011011,101011110
100111110,111110000,101100001,111001100,010111101,001010111,110011011,110100111,011101010
100011110,101110011,001111100,110101101,010111011,001001111,011010101,111001000,011100110
100011110,101110010,001110001,111001101,010011101,001001011,111010110,110001100,010100110
011001110,100000111,001111100,111011001,110101100,011100101,101101011,010111011,111110010
011100111,001111011,101001111,010011110,011010101,110101001,101111100,111010010,100110111
011001110,100000111,001111100,111011001,110101100,011100101,101101011,010111011,111110010
001111001,101110100,111010011,011011110,100001111,010100111,111101000,100111010,110011101
011010110,100100111,001111100,111110001,010101010,001001011,111001100,010001101,100011010
001011011,111110010,111101001,101111100,010111001,011010101,110011110,100100111,011101110
010111011,111110000,111001010,001100011,001111110,011101101,110100110,100011101,011010111
100011011,010010110,111110001,111001000,001011101,101100110,100111100,011111010,010101111
011100111,001111011,101001111,010011110,011010101,110101001,101111100,111010010,100110111
101111000,110110011,101100101,001101011,010111101,111001001,110101110,100011111,011010110
001111010,101110101,110100011,110110100,010101101,011010111,111011001,100011111,111001110
100111110,111110000,101100001,111001100,010111101,001010111,110011011,110100111,011101010
100011011,010010110,111110001,111001000,001011101,101100110,100111100,011111010,010101111
010111011,111110000,111001010,001100011,001111110,011101101,110100110,100011101,011010111
011110110,100100111,011001101,110111100,111101011,001111001,111010001,010011011,101011110
001111001,101110100,111010011,011011110,100001111,010100111,111101000,100111010,110011101
011100111,001111011,101001111,010011110,011010101,110101001,101111100,111010010,100110111
100011011,010010110,111110001,111001000,001011101,101100110,100111100,011111010,010101111
001111010,101110101,110100011,110110100,010101101,011010111,111011001,100011111,111001110
100011011,010010110,111110001,111001000,001011101,101100110,100111100,011111010,010101111
011100111,001111011,101001111,010011110,011010101,110101001,101111100,111010010,100110111
100011001,010111100,111110001,011010111,001101011,101110110,101001101,111001010,110100111
011010110,100100111,001111100,111110001,010101010,001001011,111001100,010001101,100011010
011001110,100000111,001111100,111011001,110101100,011100101,101101011,010111011,111110010
100011011,010010110,111110001,111001000,001011101,101100110,100111100,011111010,010101111
110110010,110010101,101100100,111000011,100011110,100111001,011011000,001110111,010101111
001011011,111110010,111101001,101111100,010111001,011010101,110011110,100100111,011101110
011100111,001111011,101001111,010011110,011010101,110101001,101111100,111010010,100110111
011110110,100100111,011001101,110111100,111101011,001111001,111010001,010011011,101011110
100011011,010010110,111110001,111001000,001011101,101100110,100111100,011111010,010101111
101000111,011100011,101011001,111001010,011011101,111110100,110010011,110101101,000111110
100011011,010010110,111110001,111001000,001011101,101100110,100111100,011111010,010101111
001111010,101110101,110100011,110110100,010101101,011010111,111011001,100011111,111001110
100011110,101110011,001111100,110101101,010111011,001001111,011010101,111001000,011100110
100011001,010111100,111110001,011010111,001101011,101110110,101001101,111001010,110100111
001111001,101110100,111010011,011011110,100001111,010100111,111101000,100111010,110011101
001111001,101110100,111010011,011011110,100001111,010100111,111101000,100111010,110011101
100111110,111110000,101100001,111001100,010111101,001010111,110011011,110100111,011101010
100011011,010010110,111110001,111001000,001011101,101100110,100111100,011111010,010101111
100011011,010010110,111110001,111001000,001011101,101100110,100111100,011111010,010101111
011001110,100000111,001111100,111011001,110101100,011100101,101101011,010111011,111110010
001111010,101110101,110100011,110110100,010101101,011010111,111011001,100011111,111001110
010111011,111110000,111001010,001100011,001111110,011101101,110100110,100011101,011010111
010111011,111110000,111001010,001100011,001111110,011101101,110100110,100011101,011010111
001111010,101110101,110100011,110110100,010101101,011010111,111011001,100011111,111001110
010111011,111110000,111001010,001100011,001111110,011101101,110100110,100011101,011010111
100011011,010010110,111110001,111001000,001011101,101100110,100111100,011111010,010101111
001111001,101110100,111010011,011011110,100001111,010100111,111101000,100111010,110011101
100011001,010111100,111110001,011010111,001101011,101110110,101001101,111001010,110100111
100011011,010010110,111110001,111001000,001011101,101100110,100111100,011111010,010101111
101000111,011100011,101011001,111001010,011011101,111110100,110010011,110101101,000111110
011001110,100000111,001111100,111011001,110101100,011100101,101101011,010111011,111110010
110110010,110010101,101100100,111000011,100011110,100111001,011011000,001110111,010101111
011001110,100000111,001111100,111011001,110101100,011100101,101101011,010111011,111110010
101000111,011100011,101011001,111001010,011011101,111110100,110010011,110101101,000111110
011001110,100000111,001111100,111011001,110101100,011100101,101101011,010111011,111110010
001111001,101110100,111010011,011011110,100001111,010100111,111101000,100111010,110011101
001111010,101110101,110100011,110110100,010101101,011010111,111011001,100011111,111001110
011001110,100000111,001111100,111011001,110101100,011100101,101101011,010111011,111110010
001111001,101110100,111010011,011011110,100001111,010100111,111101000,100111010,110011101
001111001,101110100,111010011,011011110,100001111,010100111,111101000,100111010,110011101
110110010,110010101,101100100,111000011,100011110,100111001,011011000,001110111,010101111
100011011,010010110,111110001,111001000,001011101,101100110,100111100,011111010,010101111
001111001,101110100,111010011,011011110,100001111,010100111,111101000,100111010,110011101
011010110,100100111,001111100,111110001,010101010,001001011,111001100,010001101,100011010
100011001,010111100,111110001,011010111,001101011,101110110,101001101,111001010,110100111
001111001,101110100,111010011,011011110,100001111,010100111,111101000,100111010,110011101
011010110,100100111,001111100,111110001,010101010,001001011,111001100,010001101,100011010
100011011,010010110,111110001,111001000,001011101,101100110,100111100,011111010,010101111
001111001,111110100,111010011,001011110,100110111,011101111,101101010,010111010,110001101
101000111,011100011,101011001,111001010,011011101,111110100,110010011,110101101,000111110
100111110,111110000,101100001,111001100,010111101,001010111,110011011,110100111,011101010
011110110,100100111,011001101,110111100,111101011,001111001,111010001,010011011,101011110
011001110,100000111,001111100,111011001,110101100,011100101,101101011,010111011,111110010
011100111,001111011,101001111,010011110,011010101,110101001,101111100,111010010,100110111
100011110,101110011,001111100,110101101,010111011,001001111,011010101,111001000,011100110
001111001,101110100,111010011,011011110,100001111,010100111,111101000,100111010,110011101
001111001,111110100,111010011,001011110,100110111,011101111,101101010,010111010,110001101
001111010,101110101,110100011,110110100,010101101,011010111,111011001,100011111,111001110
100011001,010111100,111110001,011010111,001101011,101110110,101001101,111001010,110100111
001111001,111110100,111010011,001011110,100110111,011101111,101101010,010111010,110001101
010111011,111110000,111001010,001100011,001111110,011101101,110100110,100011101,011010111
100011001,010111100,111110001,011010111,001101011,101110110,101001101,111001010,110100111
001011011,111110010,111101001,101111100,010111001,011010101,110011110,100100111,011101110
011001110,100000111,001111100,111011011,110101100,011101011,101001011,010111011,111110010
100011001,010111100,111110001,011010111,001101011,101110110,101001101,111001010,110100111
101101010,001110011,111010110,111011001,110000011,011001111,101100101,010111100,100011111
100111110,111110000,101100001,111001100,010111101,001010111,110011011,110100111,011101010
001011011,111110010,111101001,101111100,010111001,011010101,110011110,100100111,011101110
011110110,100100111,011001101,110111100,111101011,001111001,111010001,010011011,101011110
010111011,111110000,111001010,001100011,001111110,011101101,110100110,100011101,011010111
100011011,010010110,111110001,111001000,001011101,101100110,100111100,011111010,010101111
101101010,001110011,111010110,111011001,110000011,011001111,101100101,010111100,100011111
011100111,001111011,101001111,010011110,011010101,110101001,101111100,111010010,100110111
001111001,101110100,111010011,011011110,100001111,010100111,111101000,100111010,110011101
011001110,100000111,001111100,111011001,110101100,011100101,101101011,010111011,111110010
011100111,001111011,101001111,010011110,011010101,110101001,101111100,111010010,100110111
011110110,100100111,011001101,110111100,111101011,001111001,111010001,010011011,101011110
100011011,010010110,111110001,111001000,001011101,101100110,100111100,011111010,010101111
011001110,100000111,001111100,111011001,110101100,011100101,101101011,010111011,111110010
100011001,010111100,111110001,011010111,001101011,101110110,101001101,111001010,110100111
001111001,101110100,111010011,011011110,100001111,010100111,111101000,100111010,110011101
101101010,001110011,111010110,111011001,110000011,011001111,101100101,010111100,100011111
011110110,100100111,011001101,110111100,111101011,001111001,111010001,010011011,101011110
011001110,100000111,001111100,111011001,110101100,011100101,101101011,010111011,111110010
010111011,111110000,111001010,001100011,001111110,011101101,110100110,100011101,011010111
001111001,101110100,111010011,011011110,100001111,010100111,111101000,100111010,110011101
100011001,010111100,111110001,011010111,001101011,101110110,101001101,111001010,110100111
011100111,001111011,101001111,010011110,011010101,110101001,101111100,111010010,100110111
011001110,100000111,001111100,111011001,110101100,011100101,101101011,010111011,111110010
100011011,010010110,111110001,111001000,001011101,101100110,100111100,011111010,010101111
101000111,011100011,101011001,111001010,011011101,111110100,110010011,110101101,000111110
011100111,001111011,101001111,010011110,011010101,110101001,101111100,111010010,100110111
100011110,101110011,001111100,110101101,010111011,001001111,011010101,111001000,011100110
100111110,111110000,101100001,111001100,010111101,001010111,110011011,110100111,011101010
011001110,100000111,001111100,111011001,110101100,011100101,101101011,010111011,111110010
100011001,010111100,111110001,011010111,001101011,101110110,101001101,111001010,110100111
101101010,001110011,111010110,111011001,110000011,011001111,101100101,010111100,100011111
001111010,101110101,110100011,110110100,010101101,011010111,111011001,100011111,111001110
101101010,001110011,111010110,111011001,110000011,011001111,101100101,010111100,100011111
011010110,100100111,001111100,111110001,010101010,001001011,111001100,010001101,100011010
001111001,101110100,111010011,011011110,100001111,010100111,111101000,100111010,110011101
110110010,110010101,101100100,111000011,100011110,100111001,011011000,001110111,010101111
001011011,111110010,111101001,101111100,010111001,011010101,110011110,100100111,011101110
101000111,011100011,101011001,111001010,011011101,111110100,110010011,110101101,000111110
001111001,111110100,111010011,001011110,100110111,011101111,101101010,010111010,110001101
011100111,001111011,101001111,010011110,011010101,110101001,101111100,111010010,100110111
101000111,011100011,101011001,111001010,011011101,111110100,110010011,110101101,000111110
010111011,111110000,111001010,001100011,001111110,011101101,110100110,100011101,011010111
101101010,001110011,111010110,111011001,110000011,011001111,101100101,010111100,100011111
100111110,111110000,101100001,111001100,010111101,001010111,110011011,110100111,011101010
011010110,100100111,001111100,111110001,010101010,001001011,111001100,010001101,100011010
011001110,100000111,001111100,111011001,110101100,011100101,101101011,010111011,111110010
001011011,111110010,111101001,101111100,010111001,011010101,110011110,100100111,011101110
011100111,001111011,101001111,010011110,011010101,110101001,101111100,111010010,100110111
100111110,111110000,101100001,111001100,010111101,001010111,110011011,110100111,011101010
100011011,010010110,111110001,111001000,001011101,101100110,100111100,011111010,010101111
101000111,011100011,101011001,111001010,011011101,111110100,110010011,110101101,000111110
001111010,101110101,110100011,110110100,010101101,011010111,111011001,100011111,111001110
011001110,100000111,001111100,111011001,110101100,011100101,101101011,010111011,111110010
010111011,111110000,111001010,001100011,001111110,011101101,110100110,100011101,011010111
010111011,111110000,111001010,001100011,001111110,011101101,110100110,100011101,011010111
001011011,111110010,111101001,101111100,010111001,011010101,110011110,100100111,011101110
011010110,100100111,001111100,111110001,010101010,001001011,111001100,010001101,100011010
001011011,111110010,111101001,101111100,010111001,011010101,110011110,100100111,011101110
001111001,101110100,111010011,011011110,100001111,010100111,111101000,100111010,110011101
100011110,101110011,001111100,110101101,010111011,001001111,011010101,111001000,011100110
001111001,111110100,111010011,001011110,100110111,011101111,101101010,010111010,110001101
001111010,101110101,110100011,110110100,010101101,011010111,111011001,100011111,111001110
011100111,001111011,101001111,010011110,011010101,110101001,101111100,111010010,100110111
011100111,001111011,101001111,010011110,011010101,110101001,101111100,111010010,100110111
011010110,100100111,001111100,111110001,010101010,001001011,111001100,010001101,100011010
011100111,001111011,101001111,010011110,011010101,110101001,101111100,111010010,100110111
001111010,101110101,110100011,110110100,010101101,011010111,111011001,100011111,111001110
101101010,001110011,111010110,111011001,110000011,011001111,101100101,010111100,100011111
010111011,111110000,111001010,001100011,001111110,011101101,110100110,100011101,011010111
010111011,111110000,111001010,001100011,001111110,011101101,110100110,100011101,011010111
001001111,101111100,101011001,011011110,010110101,011011111,110100110,110100101,001000111
001111010,101110101,110100011,110110100,010101101,011010111,111011001,100011111,111001110
110110010,110010101,101100100,111000011,100011110,100111001,011011000,001110111,010101111
001111001,101110100,111010011,011011110,100001111,010100111,111101000,100111010,110011101
101101010,001110011,111010110,111011001,110000011,011001111,101100101,010111100,100011111
100011011,010010110,111110001,111001000,001011101,101100110,100111100,011111010,010101111
001011011,111110010,111101001,101111100,010111001,011010101,110011110,100100111,011101110
011001110,100000111,001111100,111011001,110101100,011100101,101101011,010111011,111110010
011001110,100000111,001111100,111011001,110101100,011100101,101101011,010111011,111110010
001111010,101110101,110100011,110110100,010101101,011010111,111011001,100011111,111001110
010111011,111110000,111001010,001100011,001111110,011101101,110100110,100011101,011010111
101111000,001110110,110110011,000111101,011101011,111100101,011011100,101001111,110101110
011010110,100100111,001111100,111110001,010101010,001001011,111001100,010001101,100011010
101111000,001110110,110110011,000111101,011101011,111100101,011011100,101001111,110101110
010111011,111110000,111001010,001100011,001111110,011101101,110100110,100011101,011010111
100011011,010010110,111110001,111001000,001011101,101100110,100111100,011111010,010101111
011001110,100000111,001111100,111011001,110101100,011100101,101101011,010111011,111110010
100011001,010111100,111110001,011010111,001101011,101110110,101001101,111001010,110100111
000111110,101110011,001100101,111001000,010001101,001010111,110010111,110000111,011101010
100011011,010010110,111110001,111001000,001011101,101100110,100111100,011111010,010101111
100011001,010111100,111110001,011010111,001101011,101110110,101001101,111001010,110100111
100011110,101110011,001111100,110101101,010111011,001001111,011010101,111001000,011100110
101111000,001110110,110110011,000111101,011101011,111100101,011011100,101001111,110101110
011010110,100100111,001111100,111110001,010101010,001001011,111001100,010001101,100011010
100011001,010111100,111110001,011010111,001101011,101110110,101001101,111001010,110100111
011010110,100100111,001111100,111110001,010101010,001001011,111001100,010001101,100011010
100011011,010010110,111110001,111001000,001011101,101100110,100111100,011111010,010101111
011110110,100100111,011001101,110111100,111101011,001111001,111010001,010011011,101011110
011110110,100100111,011001101,110111100,111101011,001111001,111010001,010011011,101011110
011100111,001111011,101001111,010011110,011010101,110101001,101111100,111010010,100110111
011001110,100000111,001111100,111011001,110101100,011100101,101101011,010111011,111110010
001111010,101110101,110100011,110110100,010101101,011010111,111011001,100011111,111001110
001011011,111110010,111101001,101111100,010111001,011010101,110011110,100100111,011101110
001111001,111110100,111010011,001011110,100110111,011101111,101101010,010111010,110001101
000111110,101110011,001100101,110101000,010001101,011001001,110010101,100100111,011101110
001111001,101110100,111010011,011011110,100001111,010100111,111101000,100111010,110011101
100011001,010111100,111110001,011010111,001101011,101110110,101001101,111001010,110100111
001111010,101110101,110100011,110110100,010101101,011010111,111011001,100011111,111001110
001111001,101110100,111010011,011011110,100001111,010100111,111101000,100111010,110011101
011001110,100000111,001111100,111011001,110101100,011100101,101101011,010111011,111110010
101101010,001110011,111010110,111011001,110000011,011001111,101100101,010111100,100011111
100111110,111110000,101100001,111001100,010111101,001010111,110011011,110100111,011101010
001011011,111110010,111101001,101111100,010111001,011010101,110011110,100100111,011101110
001011011,111110010,111101001,101111100,010111001,011010101,110011110,100100111,011101110
001111001,101110100,111010011,011011110,100001111,010100111,111101000,100111010,110011101
001011011,111110010,111101001,101111100,010111001,011010101,110011110,100100111,011101110
100111110,111110000,101100001,111001100,010111101,001010111,110011011,110100111,011101010
011010110,100100111,001111100,111110001,010101010,001001011,111001100,010001101,100011010
011110110,100100111,011001101,110111100,111101011,001111001,111010001,010011011,101011110
001111001,101110100,111010011,011011110,100001111,010100111,111101000,100111010,110011101
100011110,101110011,001111100,110101101,010111011,001001111,011010101,111001000,011100110
001011011,111110010,111101001,101111100,010111001,011010101,110011110,100100111,011101110
100011110,101110011,001111100,110101101,010111011,001001111,011010101,111001000,011100110
100011001,010111100,111110001,011010111,001101011,101110110,101001101,111001010,110100111
010111011,111110000,111001010,001100011,001111110,011101101,110100110,100011101,011010111
001011011,111110010,111101001,101111100,010111001,011010101,110011110,100100111,011101110
001111001,101110100,111010011,011011110,100001111,010100111,111101000,100111010,110011101
101000111,011100011,101011001,111001010,011011101,111110100,110010011,110101101,000111110
001111001,101110100,111010011,011011110,100001111,010100111,111101000,100111010,110011101
001111010,101110101,110100011,110110100,010101101,011010111,111011001,100011111,111001110
101101010,001110011,111010110,111011001,110000011,011001111,101100101,010111100,100011111
011110110,100100111,011001101,110111100,111101011,001111001,111010001,010011011,101011110
101101010,001110011,111010110,111011001,110000011,011001111,101100101,010111100,100011111
010111011,111110000,111001010,001100011,001111110,011101101,110100110,100011101,011010111
101101010,001110011,111010110,111011001,110000011,011001111,101100101,010111100,100011111
011010110,100100111,001111100,111110001,010101010,001001011,111001100,010001101,100011010
001111010,101110101,110100011,110110100,010101101,011010111,111011001,100011111,111001110
100011001,010111100,111110001,011010111,001101011,101110110,101001101,111001010,110100111
011001110,100000111,001111100,111011001,110101100,011100101,101101011,010111011,111110010
010111011,111110000,111001010,001100011,001111110,011101101,110100110,100011101,011010111
101111000,001110110,110110011,000111101,011101011,111100101,011011100,101001111,110101110
100011011,010010110,111110001,111001000,001011101,101100110,100111100,011111010,010101111
011001110,100000111,001111100,111011001,110101100,011100101,101101011,010111011,111110010
001111010,101110101,110100011,110110100,010101101,011010111,111011001,100011111,111001110
101000111,011100011,101011001,111001010,011011101,111110100,110010011,110101101,000111110
011001110,100000111,001111100,111011001,110101100,011100101,101101011,010111011,111110010
001111001,101110100,111010011,011011110,100001111,010100111,111101000,100111010,110011101
100011011,001110110,111110001,000101011,001011100,101100110,111011100,110101011,010101110
100011011,010010110,111110001,111001000,001011101,101100110,100111100,011111010,010101111
011001110,100000111,001111100,111011001,110101100,011100101,101101011,010111011,111110010
011100111,001111011,101001111,010011110,011010101,110101001,101111100,111010010,100110111
110110010,110010101,101100100,111000011,100011110,100111001,011011000,001110111,010101111
011110110,100100111,011001101,110111100,111101011,001111001,111010001,010011011,101011110
100111110,111110000,101100001,111001100,010111101,001010111,110011011,110100111,011101010
101000111,011100011,101011001,111001010,011011101,111110100,110010011,110101101,000111110
010111011,111110000,111001010,001100011,001111110,011101101,101000110,100011101,011011111
101111000,001110110,110110011,000111101,011101011,111100101,011011100,101001111,110101110
001011011,111110010,111101001,101111100,010111001,011010101,110011110,100100111,011101110
011100111,001111011,101001111,010011110,011010101,110101001,101111100,111010010,100110111
001011011,111110010,111101001,101111100,010111001,011010101,110011110,100100111,011101110
011001110,100000111,001111100,111011001,110101100,011100101,101101011,010111011,111110010
101111000,110110011,101100101,001101011,010111101,111001001,110101110,100011111,011010110
100111110,111110000,101100001,111001100,010111101,001010111,110011011,110100111,011101010
101000111,011100011,101011001,111001010,011011101,111110100,110010011,110101101,000111110
000111110,101110011,001100101,110101000,010001101,011001011,110001100,100100111,011001110
011110110,100100111,011001101,110111100,111101011,001111001,111010001,010011011,101011110
011001110,100000111,001111100,111011001,110101100,011100101,101101011,010111011,111110010
011100111,001111011,101001111,010011110,011010101,110101001,101111100,111010010,100110111
011001110,100000111,001111100,111011001,110101100,011100101,101101011,010111011,111110010
011001110,100000111,001111100,111011001,110101100,011100101,101101011,010111011,111110010
001111001,101110100,111010011,011011110,100001111,010100111,111101000,100111010,110011101
010111011,111110000,111001010,001100011,001111110,011101101,110100110,100011101,011010111
100011110,101110011,001111100,110101101,010111011,001001111,011010101,111001000,011100110
001111001,111110100,111010011,001011110,100110111,011101111,101101010,010111010,110001101
011110110,100100111,011001101,110111100,111101011,001111001,111010001,010011011,101011110
011110110,100100111,011001101,110111100,111101011,001111001,111010001,010011011,101011110
001111001,101110100,111010011,011011110,100001111,010100111,111101000,100111010,110011101
011100111,001111011,101001111,010011110,011010101,110101001,101111100,111010010,100110111
001111001,101110100,111010011,011011110,100001111,010100111,111101000,100111010,110011101
010111011,111110000,111001010,001100011,001111110,011101101,110100110,100011101,011010111
100011011,010010110,111110001,111001000,001011101,101100110,100111100,011111010,010101111
010111011,111110000,111001010,001100011,001111110,011101101,110100110,100011101,011010111
101000111,011100011,101011001,111001010,011011101,111110100,110010011,110101101,000111110
000111110,101110011,001100101,110101000,010001101,011001001,110010101,100100111,011101110
011100111,001111011,101001111,010011110,011010101,110101001,101111100,111010010,100110111
100111110,111110000,101100001,111001100,010111101,001010111,110011011,110100111,011101010
011010110,100100111,001111100,111110001,010101010,001001011,101101100,010001111,100011010
001111001,101110100,111010011,011011110,100001111,010100111,111101000,100111010,110011101
101111000,001110110,110110011,000111101,011101011,111100101,011011100,101001111,110101110
101111000,110110011,101100101,001101011,010111101,111001001,110101110,100011111,011010110
011110110,100100111,011001101,110111100,111101011,001111001,111010001,010011011,101011110
011001110,100000111,001111100,111011001,110101100,011100101,101101011,010111011,111110010
011001110,100000111,001111100,111011001,110101100,011100101,101101011,010111011,111110010
011010110,100100111,001111100,111110001,010101010,001001011,111001100,010001101,100011010
011010110,100100111,001111100,111110001,010101010,001001011,111001100,010001101,100011010
101101010,001110011,111010110,111011001,110000011,011001111,101100101,010111100,100011111
101000111,011100011,101011001,111001010,011011101,111110100,110010011,110101101,000111110
001111001,111110100,111010011,001011110,100110111,011101111,101101010,010111010,110001101
001111010,101110101,110100011,110110100,010101101,011010111,111011001,100011111,111001110
101101010,001110011,111010110,111011001,110000011,011001111,101100101,010111100,100011111
100011011,010010110,111110001,111001000,001011101,101100110,100111100,011111010,010101111
011010110,100100111,001111100,111110001,010101010,001001011,111001100,010001101,100011010
100011011,010010110,111110001,111001000,001011101,101100110,100111100,011111010,010101111
100011110,101110011,001111100,110101101,010111011,001001111,011010101,111001000,011100110
010101011,111110000,111001010,001001011,010111101,011101111,110100110,011110101,010010111
011100111,001111011,101001111,010011110,011010101,110101001,101111100,111010010,100110111
101111000,001110110,110110011,000111101,011101011,111100101,011011100,101001111,110101110
101111000,110110011,101100101,001101011,010111101,111001001,110101110,100011111,011010110
001111001,101110100,111010011,011011110,100001111,010100111,111101000,100111010,110011101
100011011,010010110,111110001,111001000,001011101,101100110,100111100,011111010,010101111
010111011,111110000,111001010,001100011,001111110,011101101,110100110,100011101,011010111
011100111,001111011,101001111,010011110,011010101,110101001,101111100,111010010,100110111
001111001,111110100,111010011,001011110,100110111,011101111,101101010,010111010,110001101
101111000,110110011,101100101,001101011,010111101,111001001,110101110,100011111,011010110
001111010,101110101,110100011,110110100,010101101,011010111,111011001,100011111,111001110
001011011,111110010,111101001,101111100,010111001,011010101,110011110,100100111,011101110
011100111,001111011,101001111,010011110,011010101,110101001,101111100,111010010,100110111
011010110,100100111,001111100,111110001,010101010,001001011,111001100,010001101,100011010
011110110,100100111,011001101,110111100,111101011,001111001,111010001,010011011,101011110
011001110,100000111,001111100,111011001,110101100,011100101,101101011,010111011,111110010
001111001,101110100,111010011,011011110,100001111,010100111,111101000,100111010,110011101
011001110,100000111,001111100,111011001,110101100,011100101,101101011,010111011,111110010
011100111,001111011,101001111,010011110,011010101,110101001,101111100,111010010,100110111
101111000,110110011,101100101,001101011,010111101,111001001,110101110,100011111,011010110
110110010,110010101,101100100,111000011,100011110,100111001,011011000,001110111,010101111
100011110,101110011,001111100,110101101,010111011,001001111,011010101,111001000,011100110
101000111,011100011,101011001,111001010,011011101,111110100,110010011,110101101,000111110
011010110,100100111,001111100,111110001,010101010,001001011,111001100,010001101,100011010
100011011,010010110,111110001,111001000,001011101,101100110,100111100,011111010,010101111
011100111,001111011,101001111,010011110,011010101,110101001,101111100,111010010,100110111
100011011,010010110,111110001,111001000,001011101,101100110,100111100,011111010,010101111
011100111,001111011,101001111,010011110,011010101,110101001,101111100,111010010,100110111
101111000,110110011,101100101,001101011,010111101,111001001,110101110,100011111,011010110
011110110,100100111,011001101,110111100,111101011,001111001,111010001,010011011,101011110
101000111,011100011,101011001,111001010,011011101,111110100,110010011,110101101,000111110
011110110,100100111,011001101,110111100,111101011,001111001,111010001,010011011,101011110
011010110,100100111,001111100,111110001,010101010,001001011,111001100,010001101,100011010
011110110,100100111,011001101,110111100,111101011,001111001,111010001,010011011,101011110
011001110,100000111,001111100,111011001,110101100,011100101,101101011,010111011,111110010
001011011,111110010,111101001,101111100,010111001,011010101,110011110,100100111,011101110
011010110,100100111,001111100,111110001,010101010,001001011,111001100,010001101,100011010
011001110,100000111,001111100,111011001,010101101,001101011,101101001,010001111,111011110
100011011,010010110,111110001,111001000,001011101,101100110,100111100,011111010,010101111
101000111,011100011,101011001,111001010,011011101,111110100,110010011,110101101,000111110
011100111,001111011,101001111,010011110,011010101,110101001,101111100,111010010,100110111
101111000,110110011,101100101,001101011,010111101,111001001,110101110,100011111,011010110
001111001,111110100,111010011,001011110,100110111,011101111,101101010,010111010,110001101
110110010,110010101,101100100,111000011,100011110,100111001,011011000,001110111,010101111
011010110,100100111,001111100,111110001,010101010,001001011,111001100,010001101,100011010
100011011,010010110,111110001,111001000,001011101,101100110,100111100,011111010,010101111
101101010,001110011,111010110,111011001,110000011,011001111,101100101,010111100,100011111
100011011,010010110,111110001,111001000,001011101,101100110,100111100,011111010,010101111
011110110,100100111,011001101,110111100,111101011,001111001,111010001,010011011,101011110
100011011,010010110,111110001,111001000,001011101,101100110,100111100,011111010,010101111
001111010,101110101,110100011,110110100,010101101,011010111,111011001,100011111,111001110
011001110,100000111,001111100,111011001,110101100,011100101,101101011,010111011,111110010
101111000,001110110,110110011,000111101,011101011,111100101,011011100,101001111,110101110
100111110,111110000,101100001,111001100,010111101,001010111,110011011,110100111,011101010
100011001,010111100,111110001,011010111,001101011,101110110,101001101,111001010,110100111
010111011,111110000,111001010,001100011,001111110,011101101,110100110,100011101,011010111
001111001,101110100,111010011,011011110,100001111,010100111,111101000,100111010,110011101
110110010,110010101,101100100,111000011,100011110,100111001,011011000,001110111,010101111
010111011,111110000,111001010,001100011,001111110,011101101,110100110,100011101,011010111
011001110,100000111,001111100,111011001,110101100,011100101,101101011,010111011,111110010
011010110,100100111,001111100,111110001,010101010,001001011,111001100,010001101,100011010
101111000,110110011,101100101,001101011,010111101,111001001,110101110,100011111,011010110
011010110,100100111,001111100,111110001,010101010,001001011,111001100,010001101,100011010
001111010,101110101,110100011,110110100,010101101,011010111,111011001,100011111,111001110
001011011,111110010,111101001,101111100,010111001,011010101,110011110,100100111,011101110
001111001,101110100,111010011,011011110,100001111,010100111,111101000,100111010,110011101
001111010,101110101,110100011,110110100,010101101,011010111,111011001,100011111,111001110
101111000,001110110,110110011,000111101,011101011,111100101,011011100,101001111,110101110
101111000,001110110,110110011,000111101,011101011,111100101,011011100,101001111,110101110
100011001,010111100,111110001,011010111,001101011,101110110,101001101,111001010,110100111
001011011,111110010,111101001,101111100,010111001,011010101,110011110,100100111,011101110
001111010,101110101,110100011,110110100,010101101,011010111,111011001,100011111,111001110
001111001,101110100,111010011,011011110,100001111,010100111,111101000,100111010,110011101
011010110,100100111,001111100,111110001,010101010,001001011,111001100,010001101,100011010
010111011,111110000,111001010,001100011,001111110,011101101,110100110,100011101,011010111
001111010,101110101,110100011,110110100,010101101,011010111,111011001,100011111,111001110
011001110,100000111,001111100,111011001,110101100,011100101,101101011,010111011,111110010
100011011,010010110,111110001,111001000,001011101,101100110,100111100,011111010,010101111
100011110,101110011,001111100,110101101,010111011,001001111,011010101,111001000,011100110
010111011,111110000,111001010,001100011,001111110,011101101,110100110,100011101,011010111
010111011,111110000,111001010,001100011,001111110,011101101,110100110,100011101,011010111
001011011,111110010,111101001,101111100,010111001,011010101,110011110,100100111,011101110
100011001,010111100,111110001,011010111,001101011,101110110,101001101,111001010,110100111
011001110,100000111,001111100,111011001,110101100,011100101,101101011,010111011,111110010
010111011,111110000,111001010,001100011,001111110,011101101,110100110,100011101,011010111
001011011,111110010,111101001,101111100,010111001,011010101,110011110,100100111,011101110
100011011,010010110,111110001,111001000,001011101,101100110,100111100,011111010,010101111
100011011,010010110,111110001,111001000,001011101,101100110,100111100,011111010,010101111
011001110,100000111,001111100,111011001,110101100,011100101,101101011,010111011,111110010
101111000,001110110,110110011,000111101,011101011,111100101,011011100,101001111,110101110
011110110,100100111,011001101,110111100,111101011,001111001,111010001,010011011,101011110
110110010,110010101,101100100,111000011,100011110,100111001,011011000,001110111,010101111
101111000,110110011,101100101,001101011,010111101,111001001,110101110,100011111,011010110
100111110,111110000,101100001,111001100,010111101,001010111,110011011,110100111,011101010
001011011,111110010,111101001,101111100,010111001,011010101,110011110,100100111,011101110
110110010,110010101,101100100,111000011,100011110,100111001,011011000,001110111,010101111
001011011,111110010,111101001,101111100,010111001,011010101,110011110,100100111,011101110
001011011,111110010,111101001,101111100,010111001,011010101,110011110,100100111,011101110
100011001,010111100,111110001,011010111,001101011,101110110,101001101,111001010,110100111
100111110,111110000,101100001,111001100,010111101,001010111,110011011,110100111,011101010
100011011,010010110,111110001,111001000,001011101,101100110,100111100,011111010,010101111
001111010,101110101,110100011,110110100,010101101,011010111,111011001,100011111,111001110
001011011,111110010,111101001,101111100,010111001,011010101,110011110,100100111,011101110
100011011,010010110,111110001,111001000,001011101,101100110,100111100,011111010,010101111
011100111,001111011,101001111,010011110,011010101,110101001,101111100,111010010,100110111
100011011,010010110,111110001,111001000,001011101,101100110,100111100,011111010,010101111
101111000,001110110,110110011,000111101,011101011,111100101,011011100,101001111,110101110
001111010,101110101,110100011,110110100,0,1001101,011100110,111011101,100101110,110101110
001011011,111110010,111101001,101111100,010111001,011010101,110011110,100100111,011101110
101101010,001110011,111010110,111011001,110000011,011001111,101100101,010111100,100011111
001111001,101110100,111010011,011011110,100001111,010100111,111101000,100111010,110011101
010111011,111110000,111001010,001100011,001111110,011101101,110100110,100011101,011010111
101100111,111010010,101010110,001101011,101011100,111110110,111011000,110101101,010111100
001011011,111110010,111101001,101111100,010111001,011010101,110011110,100100111,011101110
000111110,101110011,001100101,111001000,010001101,001010111,110010111,110000111,011101110
101010110,101110011,001110100,110110000,111001101,001111000,111010101,100101100,110100110
101000111,011100011,101011001,111001010,011011101,111110100,110010011,110101101,000111110
001111010,101110101,110100011,110110100,010101101,011010111,111011001,100011111,111001110
100011110,101110011,001111100,110101101,010111011,001001111,011010101,111001000,011100110
001111010,101110101,110100011,110110100,010101101,011010111,111011001,100011111,111001110
001111001,111110100,111010011,001011110,100110111,011101111,101101010,010111010,110001101
001011011,111110010,111101001,101111100,010111001,011010101,110011110,100100111,011101110
100011110,101110011,001111100,110101101,010111011,001001111,011010101,111001000,011100110
011001110,100000111,001111100,111011001,110101100,011100101,101101011,010111011,111110010
100011011,010010110,111110001,111001000,001011101,101100110,100111100,011111010,010101111
011010110,100100111,001111100,111110001,010101010,001001011,111001100,010001101,100011010
001111010,101110101,110100011,110110100,010101101,011010111,111011001,100011111,111001110
010111011,111110000,111001010,001100011,001111110,011101101,110100110,100011101,011010111
100111110,111110000,101100001,111001100,010111101,001010111,110011011,110100111,011101010
100111110,111110000,101100001,111001100,010111101,001010111,110011011,110100111,011101010
100011001,010111100,111110001,011010111,001101011,101110110,101001101,111001010,110100111
011001110,100000111,001111100,111011001,110101100,011100101,101101011,010111011,111110010
100011011,010010110,111110001,111001000,001011101,101100110,100111100,011111010,010101111
001111010,101110101,110100011,110110100,010101101,011010111,111011001,100011111,111001110
100011011,010010110,111110001,111001000,001011101,101100110,100111100,011111010,010101111
011010110,100100111,001111100,111110001,010101010,001001011,111001100,010001101,100011010
001011011,111110010,111101001,101111100,010111001,011010101,110011110,100100111,011101110
011010110,100100111,001111100,111110001,010101010,001001011,111001100,010001101,100011010
000111011,001110100,111100001,011001011,010111111,101100110,101111100,011111010,010101101
001111001,101110100,111010011,011011110,100001111,010100111,111101000,100111010,110011101
100011001,010111100,111110001,011010111,001101011,101110110,101001101,111001010,110100111
100011011,010010110,111110001,111001000,001011101,101100110,100111100,011111010,010101111
001111010,101110101,110100011,110110100,010101101,011010111,111011001,100011111,111001110
011110110,100100111,011001101,110111100,111101011,001111001,111010001,010011011,101011110
001111001,101110100,111010011,011011110,100001111,010100111,111101000,100111010,110011101
100011011,010010110,111110001,111001000,001011101,101100110,100111100,011111010,010101111
011100111,001111011,101001111,010011110,011010101,110101001,101111100,111010010,100110111
011010110,100100111,001111100,111110001,010101010,001001011,111001100,010001101,100011010
001011011,111110010,111101001,101111100,010111001,011010101,110011110,100100111,011101110
011100111,001111011,101001111,010011110,011010101,110101001,101111100,111010010,100110111
011001110,100000111,001111100,111011001,110101100,011100101,101101011,010111011,111110010
011001110,100000111,001111100,111011001,110101100,011100101,101101011,010111011,111110010
101111000,001110110,110110011,000111101,011101011,111100101,011011100,101001111,110101110
011100111,001111011,101001111,010011110,011010101,110101001,101111100,111010010,100110111
010111011,111110000,111001010,001100011,001111110,011101101,110100110,100011101,011010111
100011011,010010110,111110001,111001000,001011101,101100110,100111100,011111010,010101111
001111001,101110100,111010011,011011110,100001111,010100111,111101000,100111010,110011101
101111000,001110110,110110011,000111101,011101011,111100101,011011100,101001111,110101110
100011011,010010110,111110001,111001000,001011101,101100110,100111100,011111010,010101111
011100111,001111011,101001111,010011110,011010101,110101001,101111100,111010010,100110111
001111001,101110100,111010011,011011110,100001111,010100111,111101000,100111010,110011101
001111010,101110101,110100011,110110100,010101101,011010111,111011001,100011111,111001110
011110110,100100111,011001101,110111100,111101011,001111001,111010001,010011011,101011110
001111010,101110101,110100011,110110100,010101101,011010111,111011001,100011111,111001110
100011001,010111100,111110001,011010111,001101011,101110110,101001101,111001010,110100111
011100111,001111011,101001111,010011110,011010101,110101001,101111100,111010010,100110111
101111000,001110110,110110011,000111101,011101011,111100101,011011100,101001111,110101110
001111010,101110101,110100011,110110100,010101101,011010111,111011001,100011111,111001110
011100111,001111011,101001111,010011110,011010101,110101001,101111100,111010010,100110111
101000111,011100011,101011001,111001010,011011101,111110100,110010011,110101101,000111110
100011001,010111100,111110101,011010111,001101011,101110110,101001101,111001010,110100111
001111001,101110100,111010011,011011110,100001111,010100111,111101000,100111010,110011101
001111010,101110101,110100011,110110100,010101101,011010111,111011001,100011111,111001110
001001110,101100111,001111101,110110101,010101100,011001011,111001011,100111101,011011110
100011001,010111100,111110001,011010111,001101011,101110110,101001101,111001010,110100111
100111110,111110000,101100001,111001100,010111101,001010111,110011011,110100111,010101010
101000111,011100011,101011001,111001010,011011101,111110100,110010011,110101101,000111110
101111000,110110011,101100101,001101011,010111101,111001001,110101110,100011111,011010110
011100111,001111011,101001111,010011110,011010101,110101001,101111100,111010010,100110111
011100111,001111011,101001111,010011110,011010101,110101001,101111100,111010010,100110111
101111000,001110110,110110011,000111101,011101011,111100101,011011100,101001111,110101110
010111011,111110000,111001010,001100011,001111110,011101101,110100110,100011101,011010111
101101010,001110011,111010110,111011001,110000011,011001111,101100101,010111100,100011111
100111110,111110000,101100001,111001100,010111101,001010111,110011011,110100111,011101010
011100111,001111011,101001111,010011110,011010101,110101001,101111100,111010010,100110111
100111110,111110000,101100001,111001100,010111101,001010111,110011011,110100111,011101010
101000111,011100011,101011001,111001010,011011101,111110100,110010011,110101101,000111110
011100111,001111011,101001111,010011110,011010101,110101001,101111100,111010010,100110111
011001110,100000111,001111100,111011001,110101100,011100101,101101011,010111011,111110010
101111000,001110110,110110011,000111101,011101011,111100101,011011100,101001111,110101110
011110110,100100111,011001101,110111100,111101011,001111001,111010001,010011011,101011110
101111000,110110011,101100101,001101011,010111101,111001001,110101110,100011111,011010110
101000111,011100011,101011001,111001010,011011101,111110100,110010011,110101101,000111110
001011011,111110010,111101001,101111100,010111001,011010101,110011110,100100111,011101110
011010110,100100111,001111100,111110001,010101010,001001011,111001100,010001101,100011010
011100111,001111011,101001111,010011110,011010101,110101001,101111100,111010010,100110111
100111110,111110000,101100001,111001100,010111101,001010111,110011011,110100111,011101010
101000111,011100011,101011001,111001010,011011101,111110100,110010011,110101101,000111110
010111011,111110000,111001010,001100011,001111110,011101101,110100110,100011101,011010111
101000111,011100011,101011001,111001010,011011101,111110100,110010011,110101101,000111110
100011011,010010110,111110001,111001000,001011101,101100110,100111100,011111010,010101111
011110110,100100111,011001101,110111100,111101011,001111001,111010001,010011011,101011110
010111011,111110000,111001010,001100011,001111110,011101101,110100110,100011101,011010111
011001110,100000111,001111100,111011001,110101100,011100101,101101011,010111011,111110010
100011011,010010110,111110001,111001000,001011101,101100110,100111100,011111010,010101111
011010110,100100111,001111100,111110001,010101010,001001011,111001100,010001101,100011010
001111001,101110100,111010011,011011110,100001111,010100111,111101000,100111010,110011101
011110110,100100111,011001101,110111100,111101011,001111001,111010001,010011011,101011110
100011110,101110011,001111100,110101101,010111011,001001111,011010101,111001000,011100110
001011011,111110010,111101001,101111100,010111001,011010101,110011110,100100111,011101110
001011011,111110010,111101001,101111100,010111001,011010101,110011110,100100111,011101110
011001110,100000111,001111100,111011001,110101100,011100101,101101011,010111011,111110010
011001110,100000111,001111100,111011001,110101100,011100101,101101011,010111011,111110010
100011001,010111100,111110001,011010111,001101011,101110110,101001101,111001010,110100111
100011011,010010110,111110001,111001000,001011101,101100110,100111100,011111010,010101111
101111010,101110011,110100111,110110001,010101110,011001001,111011100,100011111,100011110
100011001,010111100,111110001,011010111,001101011,101110110,101001101,111001010,110100111
100111110,111110000,101100001,111001100,010111101,001010111,110011011,110100111,011101010
011001110,100000111,001111100,111011001,110101100,011100101,101101011,010111011,111110010
011100111,001111011,101001111,010011110,011010101,110101001,101111100,111010010,100110111
011001110,100000111,001111100,111011001,110101100,011100101,101101011,010111011,111110010
110110010,110010101,101100100,111000011,100011110,100111001,011011000,001110111,010101111
100011011,001110110,111110001,011001011,001011100,101100110,100111100,110101101,010101110
001111010,101110101,110100011,110110100,010101101,011010111,111011001,100011111,111001110
001111010,101110101,110100011,110110100,010101101,011010111,111011001,100011111,111001110
100011110,101110011,001111100,110101101,010111011,001001111,011010101,111001000,011100110
101111000,001110110,110110011,000111101,011101011,111100101,011011100,101001111,110101110
110110010,110010101,101100100,111000011,100011110,100111001,011011000,001110111,010101111
100011001,010111100,111110001,011010111,001101011,101110110,101001101,111011010,110100111
100111110,111110000,101100001,111001100,010111101,001010111,110011011,110100111,011101010
001111001,101110100,111010011,011011110,100001111,010100111,111101000,100111010,110011101
100011110,101110011,001111100,110101101,010111011,001001111,011010101,111001000,011100110
100011001,010111100,111110001,011010111,001101011,101110110,101001101,111001010,110100111
100011011,010010110,111110001,111001000,001011101,101100110,100111100,011111010,010101111
001011011,111110010,111101001,101111100,010111001,011010101,110011110,100100111,011101110
001111001,111110100,111010011,001011110,100110111,011101111,101101010,010111010,110001101
101111000,110110011,101100101,001101011,010111101,111001001,110101110,100011111,011010110
011010110,100100111,001111100,111110001,010101010,001001011,111001100,010001101,100011010
101101010,001110011,111010110,111011001,110000011,011001111,101100101,010111100,100011111
011001110,100000111,001111100,111011001,110101100,011100101,101101011,010111011,111110010
001111010,101110101,110100011,110110100,010101101,011010111,111011001,100011111,111001110
100011110,101110011,001111100,110101101,010111011,001001111,011010101,111001000,011100110
011001110,100000111,001111100,111011001,110101100,011100101,101101011,010111011,111110010
100111110,111110000,101100001,111001100,010111101,001010111,110011011,110100111,011101010
001111001,101110100,111010011,011011110,100001111,010100111,111101000,100111010,110011101
101000111,011100011,101011001,111001010,011011101,111110100,110010011,110101101,000111110
001111001,101110100,111010011,011011110,100001111,010100111,111101000,100111010,110011101
001111010,101110101,110100011,110110100,011101101,011100111,111011001,100101101,111001110
100111110,111110000,101100001,111001100,010111101,001010111,110011011,110100111,011101010
100011001,010111100,111110001,011010111,001101011,101110110,101001101,111001010,110100111
011110110,100100111,011001101,110111100,111101011,001111001,111010001,010011011,101011110
101000111,011100011,101011001,111001010,011011101,111110100,110010011,110101101,000111110
011100111,001111011,101001111,010011110,011010101,110101001,101111100,111010010,100110111
001111010,101110101,110100011,110110100,010101101,011010111,111011001,100011111,111001110
100011001,010111100,111110001,011010111,001101011,101110110,101001101,111001010,110100111
100011011,010010110,111110001,111001000,001011101,101100110,100111100,011111010,010101111
100011010,011110010,110110001,111001000,010111101,111011111,110010110,101000000,010001110
101101010,001110011,111010110,111011001,110000011,011001111,101100101,010111100,100011111
001111001,101110100,111010011,011011110,100001111,010100111,111101000,100111010,110011101
100011011,010010110,111110001,111001000,001011101,101100110,100111100,011111010,010101111
100011110,101110011,001111100,110101101,010111011,001001111,011010101,111001000,011100110
011110110,100100111,011001101,110111100,111101011,001111001,111010001,010011011,101011110
011010110,100100111,001111100,111110001,010101010,001001011,111001100,010001101,100011010
100011011,010010110,111110001,111001000,001011101,101100110,100111100,011111010,010101111
101111000,001110110,110110011,000111101,011101011,111100101,011011100,101001111,110101110
101111000,001110110,110110011,000111101,011101011,111100101,011011100,101001111,110101110
001111010,101110101,110100011,110110100,010101101,011010111,111011001,100011111,111001110
101111000,001110110,110110011,000111101,011101011,111100101,011011100,101001111,110101110
101111000,001110110,110110011,000111101,011101011,111100101,011011100,101001111,110101110
001111010,101110101,110100011,110110100,010101101,011010111,111011001,100011111,111001110
101000011,011110010,110110010,100101000,011001101,111110111,000111100,001011100,100101110
100011001,010111100,111110001,011010111,001101011,101110110,101001101,111001010,110100111
100011010,011110010,110110101,111001000,010111101,101011111,110011110,101000000,010101110
011100111,001111011,101001111,010011110,011010101,110101001,101111100,111010010,100110111
100011011,010010110,111110001,111001000,001011101,101100110,100111100,011111010,010101111
001111001,101110100,111010011,011011110,100001111,010100111,111101000,100111010,110011101
001011011,111110010,111101001,101111100,010111001,011010101,110011110,100100111,011101110
011110110,100100111,011001101,110111100,111101011,001111001,111010001,010011011,101011110
110110010,110010101,101100100,111000011,100011110,100111001,011011000,001110111,010101111
001111001,101110100,111010011,011011110,100001111,010100111,111101000,100111010,110011101
001011010,101110101,110100011,011110100,010101101,011010111,111011001,100101111,111001110
011010110,100100111,001111100,111110001,010101010,001001011,111001100,010001101,100011010
100011001,010111100,111110001,011010111,001101011,101110110,101001101,111001010,110100111
100011011,010010110,111110001,111001000,001011101,101100110,100111100,011111010,010101111
010111011,111110000,111001010,001100011,001111110,011101101,110100110,100011101,011010111
100011011,010010110,111110001,111001000,001011101,101100110,100111100,011111010,010101111
001111010,101110101,110100011,110110100,010101101,011010111,111011001,100011111,111001110
100011110,101110011,001111100,110101101,010111011,001001111,011010101,111001000,011100110
011100111,001111011,101001111,010011110,011010101,110101001,101111100,111010010,100110111
001111010,101110101,110100011,110110100,010101101,011010111,111011001,100011111,111001110
001111001,111110100,111010011,001011110,100110111,011101111,101101010,010111010,110001101
001011011,111110010,111101001,101111100,010111001,011010101,110011110,100100111,011101110
011110110,100100111,011001101,110111100,111101011,001111001,111010001,010011011,101011110
101011010,001110011,111010110,111001101,010110011,011001111,011100101,001011100,110011111
101101001,101110110,111010011,001011110,100111101,111100101,001101100,010111010,110011101
001011011,111110010,111101001,101111100,010111001,011010101,110011110,100100111,011101110
110110010,110010101,101100100,111000011,100011110,100111001,011011000,001110111,010101111
001011011,111110010,111101001,101111100,010111001,011010101,110011110,100100111,011101110
011100111,001111011,101001111,010011110,011010101,110101001,101111100,111010010,100110111
100011011,010010110,111110001,111001000,001011101,101100110,100111100,011111010,010101111
110110010,110010101,101100100,111000011,100011110,100111001,011011000,001110111,010101111
011010110,100100111,001111100,111110001,010101010,001001011,111001100,010001101,100011010
100011110,101110011,001111100,110101101,010111011,001001111,011010101,111001000,011100110
001111010,101110101,110100011,110110100,010101101,011010111,111011001,100011111,111001110
101101010,001110011,111010110,111011001,110000011,011001111,101100101,010111100,100011111
001111010,101110101,110100011,110110100,010101101,011010111,111011001,100011111,111001110
001111001,111110100,111010011,001011110,100110111,011101111,101101010,010111010,110001101
011001110,100000111,001111100,111011001,110101100,011100101,101101011,010111011,111110010
100011110,101110011,001111100,110101101,010111011,001001111,011010101,111001000,011100110
011100111,001111011,101001111,010011110,011010101,110101001,101111100,111010010,100110111
011100111,001111011,101001111,010011110,011010101,110101001,101111100,111010010,100110111
011110110,100100111,011001101,110111100,111101011,001111001,111010001,010011011,101011110
011001110,100000111,001111100,111011001,110101100,011100101,101101011,010111011,111110010
100111110,111110000,101100001,111001100,010111101,001010111,110011011,110100111,011101010
010111011,111110000,111001010,001100011,001111110,011101101,110100110,100011101,011010111
100011001,010111100,111110001,011010111,001101011,101110110,101001101,111001010,110100111
101111000,001110110,110110011,000111101,011101011,111100101,011011100,101001111,110101110
001011011,111110010,111101001,101111100,010111001,011010101,110011110,100100111,011101110
001111010,101110101,110100011,110110100,010101101,011010111,111011001,100011111,111001110
100011001,010111100,111110001,011010111,001101011,101110110,101001101,111001010,110100111
001111001,101110100,111010011,011011110,100001111,010100111,111101000,100111010,110011101
011001110,100000111,001111100,111011001,110101100,011100101,101101011,010111011,111110010
001111010,101110101,110100011,110110100,010101101,011010111,111011001,100011111,111001110
011001110,100000111,001111100,111011001,110101100,011100101,101101011,010111011,111110010
100011001,010111100,111110001,011010111,001101011,101110110,101001101,111001010,110100111
100011011,010010110,111110001,111001000,001011101,101100110,100111100,011111010,010101111
011100111,001111011,101001111,010011110,011010101,110101001,101111100,111010010,100110111
011010110,100100111,001111100,111110001,010101010,001001011,111001100,010001101,100011010
100011110,101110011,001111100,110101101,010111011,001001111,011010101,111001000,011100110
010111011,111110000,111001010,001100011,001111110,011101101,110100110,100011101,011010111
011110110,100100111,011001101,110111100,111101011,001111001,111010001,010011011,101011110
101101010,001110011,111010110,111011001,110000011,011001111,101100101,010111100,100011111
101000111,011100011,101011001,111001010,011011101,111110100,110010011,110101101,000111110
011100111,001111011,101001111,010011110,011010101,110101001,101111100,111010010,100110111
011001110,100000111,001111100,111011001,110101100,011100101,101101011,010111011,111110010
011100111,001111011,101001111,010011110,011010101,110101001,101111100,111010010,100110111
001011011,111110010,111101001,101111100,010111001,011010101,110011110,100100111,011101110
100011001,010111100,111110001,011010111,001101011,101110110,101001101,111001010,110100111
011001110,100000111,001111100,111011001,110101100,011100101,101101011,010111011,111110010
001111001,101110100,111010011,011011110,100001111,010100111,111101000,100111010,110011101
011110110,100100111,011001101,110111100,111101011,001111001,111010001,010011011,101011110
011110110,100100111,011001101,110111100,111101011,001111001,111010001,010011011,101011110
100011011,010010110,111110001,111001000,001011101,101100110,100111100,011111010,010101111
001011011,111110010,111101001,101111100,010111001,011010101,110011110,100100111,011101110
100111110,111110000,101100001,111001100,010111101,001010111,110011011,110100111,011101010
100011011,010010110,111110001,111001000,001011101,101100110,100111100,011111010,010101111
001111010,101110101,110100011,110110100,010101101,011010111,111011001,100011111,111001110
011100111,001111011,101001111,010011110,011010101,110101001,101111100,111010010,100110111
011110110,100100111,011001101,110111100,111101011,001111001,111010001,010011011,101011110
011010110,100100111,001111100,111110001,010101010,001001011,111001100,010001101,100011010
011100111,001111011,101001111,010011110,011010101,110101001,101111100,111010010,100110111
100011110,101110011,001111100,110101101,010111011,001001111,011010101,111001000,011100110
100011011,010010110,111110001,111001000,001011101,101100110,100111100,011111010,010101111
001111001,101110100,111010011,011011110,100001111,010100111,111101000,100111010,110011101
011010110,100100111,001111100,111110001,010101010,001001011,111001100,010001101,100011010
100011101,010100110,111011101,011101100,010001101,111111000,110000110,001100001,011101111
101111000,001110110,110110011,000111101,011101011,111100101,011011100,101001111,110101110
011100111,001111011,101001111,010011110,011010101,110101001,101111100,111010010,100110111
100111110,111110000,101100001,111001100,010111101,001010111,110011011,110100111,011101010
101000111,011100011,101011001,111001010,011011101,111110100,110010011,110101101,000111110
010111011,111110000,111001010,001100011,001111110,011101101,110100110,100011101,011010111
011001110,100000111,001111100,111011001,110101100,011100101,101101011,010111011,111110010
001011011,111110010,111101001,101111100,010111001,011010101,110011110,100100111,011101110
101111000,001110110,110110011,000111101,011101011,111100101,011011100,101001111,110101110
100111110,111110000,101100001,111001100,010111101,001010111,110011011,110100111,011101010
100011001,010111100,111110001,011010111,001101011,101110110,101001101,111001010,110100111
001111001,101110100,111010011,011011110,100001111,010100111,111101000,100111010,110011101
101101010,001110011,111010110,111011001,110000011,011001111,101100101,010111100,100011111
100111110,111110000,101100001,111001100,010111101,001010111,110011011,110100111,011101010
001111001,101110100,111010011,011011110,100001111,010100111,111101000,100111010,110011101
101101010,001110011,111010110,111011001,110000011,011001111,101100101,010111100,100010011
101101010,001110011,111010110,111011001,110000011,011001111,101100101,010111100,100011111
110110010,110010101,101100100,111000011,100011110,100111001,011011000,001110111,010101111
011010110,100100111,001111100,111110001,010101010,001001011,111001100,010001101,100011010
110110010,110010101,101100100,111000011,100011110,100111001,011011000,001110111,010101111
101111000,110110011,101100101,001101011,010111101,111001001,110101110,100011111,011010110
100111110,111110000,101100001,111001100,010111101,001010111,110011011,110100111,011101010
001111001,101110100,111010011,011011110,100001111,010100111,111101000,100111010,110011101
110110010,110010101,101100100,111000011,100011110,100111001,011011000,001110111,010101111
011001110,100000111,001111100,111011001,110101100,011100101,101101011,010111011,111110010
011100111,001111011,101001111,010011110,011010101,110101001,101111100,111010010,100110111
101111000,001110110,110110011,000111101,011101011,111100101,011011100,101001111,110101110
101111000,110110011,101100101,001101011,010111101,111001001,110101110,100011111,011010110
001011011,111110010,111101001,101111100,010111001,011010101,110011110,100100111,011101110
101101010,001110011,111010110,111011001,110000011,011001111,101100101,010111100,100011111
101111000,001110110,110110011,000111101,011101011,111100101,011011100,101001111,110101110
100011011,010010110,111110001,111001000,001011101,101100110,100111100,011111010,010101111
001111001,101110100,111010011,011011110,100001111,010100111,111101000,100111010,110011101
101111000,110110011,101100101,001101011,010111101,111001001,110101110,100011111,011010110
100111110,111110000,101100001,111001100,010111101,001010111,110011011,110100111,011101010
100111110,111110000,101100001,111001100,010111101,001010111,110011011,110100111,011101010
001011011,111110010,111101001,101111100,010111001,011010101,110011110,100100111,011101110
011100111,001111011,101001111,010011110,011010101,110101001,101111100,111010010,100110111
100011110,101110011,001111100,110101101,010111011,001001111,011010101,111001000,011100110
100011001,010111100,111110001,011010111,001101011,001110110,101001101,111001010,110100111
100011101,010100110,111011100,111001011,010001100,111101100,110001110,001101001,011111111
001011011,111110010,111101001,101111100,010111001,011010101,110011110,100100111,011101110
001111001,001111100,111010011,011011110,010001111,110100101,101101100,100101110,000011101
101111000,110110011,101100101,001101011,010111101,111001001,110101110,100011111,011010110
100011110,101110011,001111100,110101101,010111011,001001111,011010101,111001000,011100110
001111010,101110101,110100011,110110100,010101101,011010111,111011001,100011111,111001110
101111000,001110110,110110011,000111101,011101011,111100101,011011100,101001111,110101110
011001110,100000111,001111100,111011001,110101100,011100101,101101011,010111011,111110010
101101010,001110011,111010110,111011001,110000011,011001111,101100101,010111100,100011111
001111001,101110100,111010011,011011110,100001111,010100111,111101000,100111010,110011101
100111110,111110000,101100001,111001100,010111101,001010111,110011011,110100111,011101010
011001110,100000111,001111100,111011001,110101100,011100101,101101011,010111011,111110010
001011011,111110010,111101001,101111100,010111001,011010101,110011110,100100111,011101110
101000111,011100011,101011001,111001010,011011101,111110100,110010011,110101101,000111110
010111011,111110000,111001010,001100011,001111110,011101101,110100110,100011101,011010111
001111010,101110101,110100011,110110100,010101101,011010111,111011001,100011111,111001110
100011011,010010110,111110001,111001000,001011101,101100110,100111100,011111010,010101111
001111001,101110100,111010011,011011110,100001111,010100111,111101000,100111010,110011101
101101010,001110011,111010110,111011001,110000011,011001111,101100101,010111100,100011111
100011001,010111100,111110001,011010111,001101011,101110110,101001101,111001010,110100111
101111000,001110110,110110011,000111101,011101011,111100101,011011100,101001111,110101110
101111000,110110011,101100101,001101011,010111101,111001001,110101110,100011111,011010110
100011110,101110011,001111100,110101101,010111011,001001111,011010101,111001000,011100110
100011011,010010110,111110001,111001000,001011101,101100110,100111100,011111010,010101111
011001110,100000111,001111100,111011001,110101100,011100101,101101011,010111011,111110010
001011011,111110010,111101001,101111100,010111001,011010101,110011110,100100111,011101110
001111001,101110100,111010011,011011110,100001111,010100111,111101000,100111010,110011101
100011011,010010110,111110001,111001000,001011101,101100110,100111100,011111010,010101111
100111110,111110000,101100001,111001100,010111101,001010111,110011011,110100111,011101010
100011110,101110011,001111100,110101101,010111011,001001111,011010101,111001000,011100110
010111011,111110000,111001010,001100011,001111110,011101101,110100110,100011101,011010111
101000111,011100011,101011001,111001010,011011101,111110100,110010011,110101101,000111110
100001110,111110000,001101101,111001100,010111101,001011111,110011011,101000011,011101010
100011011,010010110,111110001,111001000,001011101,101100110,100111100,011111010,010101111
100011001,010111100,111110001,011010111,001101011,101110110,101001101,111001010,110100111
011001110,100000111,001111100,111011001,110101100,011100101,101101011,010111011,111110010
011001110,100000111,001111100,111011001,110101100,011100101,101101011,010111011,111110010
001011011,111110010,111101001,101111100,010111001,011010101,110011110,100100111,011101110
100011011,010010110,111110001,111001000,001011101,101100110,100111100,011111010,010101111
110110010,110010101,101100100,111000011,100011110,100111001,011011000,001110111,010101111
001011011,111110010,111101001,101111100,010111001,011010101,110011110,100100111,011101110
010111011,111110000,111001010,001100011,001111110,011101101,110100110,100011101,011010111
001111010,101110101,110100011,110110100,010101101,011010111,111011001,100011111,111001110
001111001,111110100,111010011,001011110,100110111,011101111,101101010,010111010,110001101
100011011,010010110,111110001,111001000,001011101,101100110,100111100,011111010,010101111
011001110,100000111,001111100,111011001,110101100,011100101,101101011,010111011,111110010
100011110,101110011,001111100,110101101,010111011,001001111,011010101,111001000,011100110
011010110,100100111,001111100,111110001,010101010,001001011,111001100,010001101,100011010
011110110,100100111,011001101,110111100,111101011,001111001,111010001,010011011,101011110
101111000,110110011,101100101,001101011,010111101,111001001,110101110,100011111,011010110
001111001,111110100,111010011,001011110,100110111,011101111,101101010,010111010,110001101
001001110,101100111,001111101,110110101,010101101,011001011,111001001,100111101,011011110
101000111,011100011,101011001,111001010,011011101,111110100,110010011,110101101,000111110
001111001,111110100,111010011,001011110,100110111,011101111,101101010,010111010,110001101
100011001,010111100,111110001,011010111,001101011,101110110,101001101,111001010,110100111
011001110,100000111,001111100,111011001,110101100,011100101,101101011,010111011,111110010
110110010,110010101,101100100,111000011,100011110,100111001,011011000,001110111,010101111
001011011,111110010,111101001,101111100,010111001,011010101,110011110,100100111,011101110
001111001,111110100,111010011,001011110,100110111,011101111,101101010,010111010,110001101
100111110,111110000,101100001,111001100,010111101,001010111,110011011,110100111,011101010
010111011,111110000,111001010,001100011,001111110,011101101,110100110,100011101,011010111
100011001,010111100,111110001,011010111,001101011,101110110,101001101,111001010,110100111
011010110,100100111,001111100,111110001,010101010,001001011,111001100,010001101,100011010
010111011,111110000,111001010,001100011,001111110,011101101,110100110,100011101,011010111
100011011,010010110,111110001,111001000,001011101,101100110,100111100,011111010,010101111
011010110,100100111,001111100,111110001,010101010,001001011,111001100,010001101,100011010
001111001,101110100,111010011,011011110,100001111,010100111,111101000,100111010,110011101
001111001,101110100,111010011,011011110,100001111,010100111,111101000,100111010,110011101
101111000,001110110,110110011,000111101,011101011,111100101,011011100,101001111,110101110
011110110,100100111,011001101,110111100,111101011,001111001,111010001,010011011,101011110
011001110,100000111,001111100,111011001,110101100,011100101,101101011,010111011,111110010
011100111,001111011,101001111,010011110,011010101,110101001,101111100,111010010,100110111
100011011,010010110,111110001,111001000,001011101,101100110,100111100,011111010,010101111
010111011,111110000,100111101,001111011,110101111,001101001,111010110,000011101,011101110
011100111,001111011,101001111,010011110,011010101,110101001,101111100,111010010,100110111
110110010,110010101,101100100,111000011,100011110,100111001,011011000,001110111,010101111
011010110,100100111,001111100,111110001,010101010,001001011,111001100,010001101,100011010
001011011,111110010,111101001,101111100,010111001,011010101,110011110,100100111,011101110
001111010,101110101,110100011,110110100,010101101,011010111,111011001,100011111,111001110
100011110,101110011,001111100,110101101,010111011,001001111,011010101,111001000,011100110
011010110,100100111,001111100,111110001,010101010,001001011,111001100,010001101,100011010
101011010,001110011,110110011,111010001,010101110,101001000,111011000,110011111,110011110
010111011,111110000,111001010,001100011,001111110,011101101,110100110,100011101,011010111
001111001,101110100,111010011,011011110,100001111,010100111,111101000,100111010,110011101
100111110,111110000,101100001,111001100,010111101,001010111,110011011,110100111,011101010
101111000,001110110,110110011,000111101,011101011,111100101,011011100,101001111,110101110
100011011,010010110,111110001,111001000,001011101,101100110,100111100,011111010,010101111
100011011,010010110,111110001,111001000,001011101,101100110,100111100,011111010,010101111
111000110,001110011,001110101,111000001,110001110,101101001,100110100,100011101,110110110
001011011,111110010,111101001,101111100,010111001,011010101,110011110,100100111,011101110
001111010,101110101,110100011,110110100,010101101,011010111,111011001,100011111,111001110
011010110,100100111,001111100,111110001,010101010,001001011,111001100,010001101,100011010
011010110,100100111,001111100,111110001,010101010,001001011,111001100,010001101,100011010
011001110,100000111,001111100,111011001,110101100,011100101,101101011,010111011,111110010
100011011,010010110,111110001,111001000,001011101,101100110,100111100,011111010,010101111
011001110,100000111,001111100,111011001,110101100,011100101,101101011,010111011,111110010
011100111,001111011,101001111,010011110,011010101,110101001,101111100,111010010,100110111
001011011,111110010,111101001,101111100,010111001,011010101,110011110,100100111,011101110
101101010,001110011,111010110,111011001,110000011,011001111,101100101,010111100,100011111
101111000,001110110,110110011,000111101,011101011,111100101,011011100,101001111,110101110
001111001,101110100,111010011,011011110,100001111,010100111,111101000,100111010,110011101
100011110,101110011,001111100,110101101,010111011,001001111,011010101,111001000,011100110
010111011,111110000,111001010,001100011,001111110,011101101,110100110,100011101,011010111
010111011,111110000,111001010,001100011,001111110,011101101,110100110,100011101,011010111
100011011,010010110,111110001,111001000,001011101,101100110,100111100,011111010,010101111
001111010,101110101,110100011,110110100,010101101,011010111,111011001,100011111,111001110
101101001,001111100,111010011,001011110,001011011,111100101,100101100,110100110,000110101
011001110,100000111,001111100,111011001,110101100,011100101,101101011,010111011,111110010
011001110,100000111,001111100,111011001,110101100,011100101,101101011,010111011,111110010
011010110,100100111,001111100,111110001,010101010,001001011,101101100,010001111,100011010
100011011,010010110,111110001,111001000,001011101,101100110,100111100,011111010,010101111
001111010,101110101,110100011,110110100,010101101,011010111,111011001,100011111,111001110
001111010,101110101,110100011,110110100,010101101,011010111,111011001,100011111,111001110
011100111,001111011,101001111,010011110,011010101,110101001,101111100,111010010,100110111
001111001,101110100,111010011,011011110,100001111,010100111,111101000,100111010,110011101
100011001,010111100,111110001,011010111,001101011,101110110,101001101,111001010,110100111
011010110,100100111,001111100,111110001,010101010,001001011,111001100,010001101,100011010
100011001,010111100,111110001,011010111,001101011,101110110,101001101,111001010,110100111
110110010,110010101,101100100,111000011,100011110,100111001,011011000,001110111,010101111
101000111,011100011,101011001,111001010,011011101,111110100,110010011,110101101,000111110
101101010,001110011,111010110,111011001,110000011,011001111,101100101,010111100,100011111
011001110,100000111,001111100,111011001,110101100,011100101,101101011,010111011,111110010
101000111,011100011,101011001,111001010,011011101,111110100,110010011,110101101,000111110
100011011,010010110,111110001,111001000,001011101,101100110,100111100,011111010,010101111
101000111,011100011,101011001,111001010,011011101,111110100,110010011,110101101,000111110
001111010,101110101,110100011,110110100,010101101,011010111,111011001,100011111,111001110
100011110,101110011,001111100,110101101,010111011,001001111,011010101,111001000,011100110
101101010,001110011,111010110,111011001,110000011,011001111,101100101,010111100,100011111
011001110,100000111,001111100,111011001,110101100,011100101,101101011,010111011,111110010
001111010,101110101,110100011,110110100,010101101,011010111,111011001,100011111,111001110
001111001,101110100,111010011,011011110,100001111,010100111,111101000,100111010,110011101
110110010,110010101,101100100,111000011,100011110,100111001,011011000,001110111,010101111
001111001,111110100,111010011,001011110,100110111,011101111,101101010,010111010,110001101
100111110,111110000,101100001,111001100,010111101,001010111,110011011,110100111,011101010
011001110,100000111,001111100,111011001,110101100,011100101,101101011,010111011,111110010
011001110,100000111,001111100,111011001,110101100,011100101,101101011,010111011,111110010
100111110,111110000,101100001,111001100,010111101,001010111,110011011,110100111,011101010
011100111,001111011,101001111,010011110,011010101,110101001,101111100,111010010,100110111
011100111,001111011,101001111,010011110,011010101,110101001,101111100,111010010,100110111
011001110,100000111,001111100,111011001,110101100,011100101,101101011,010111011,111110010
011100111,001111011,101001111,010011110,011010101,110101001,101111100,111010010,100110111
001111001,101110100,111010011,011011110,100001111,010100111,111101000,100111010,110011101
011001110,100000111,001111100,111011001,110101100,011100101,101101011,010111011,111110010
011010110,100100111,001111100,111110001,010101010,001001011,111001100,010001101,100011010
011001110,100000111,001111100,111011001,110101100,011100101,101101011,010111011,111110010
100011001,010111100,111110001,011010111,001101011,101110110,101001101,111001010,110100111
110110010,110010101,101100100,111000011,100011110,100111001,011011000,001110111,010101111
100011001,010111100,111110001,011010111,001101011,101110110,101001101,111001010,110100111
100011001,010111100,111110001,011010111,001101011,101110110,101001101,111001010,110100111
001111010,101110101,110100011,110110100,010101101,011010111,111011001,100011111,111001110
011100111,001111011,101001111,010011110,011010101,110101001,101111100,111010010,100110111
101101010,001110011,111010110,111011001,110000011,011001111,101100101,010111100,100011111
011100111,001111011,101001111,010011110,011010101,110101001,101111100,111010010,100110111
101111000,110110011,101100101,001101011,010111101,111001001,110101110,100011111,011010110
100011011,010010110,111110001,111001000,001011101,101100110,100111100,011111010,010101111
001111001,101110100,111010011,011011110,100001111,010100111,111101000,100111010,110011101
011110110,100100111,011001101,110111100,111101011,001111001,111010001,010011011,101011110
100011011,010010110,111110001,111001000,001011101,101100110,100111100,011111010,010101111
011010110,100100111,001111100,111110001,010101010,001001011,111001100,010001101,100011010
011010110,100100111,001111100,111110001,010101010,001001011,111001100,010001101,100011010
001111001,111110100,111010011,001011110,100110111,011101111,101101010,010111010,110001101
100011011,010010110,111110001,111001000,001011101,101100110,100111100,011111010,010101111
101000111,011100011,101011001,111001010,011011101,111110100,110010011,110101101,000111110
011001110,100000111,001111100,111011001,110101100,011100101,101101011,010111011,111110010
011010110,100100111,001111100,111110001,010101010,001001011,111001100,010001101,100011010
101101010,001110011,111010110,111011001,110000011,011001111,101100101,010111100,100011111
001111010,101110101,110100011,110110100,010101101,011010111,111011001,100011111,111001110
100011011,010010110,111110001,111001000,001011101,101100110,100111100,011111010,010101111
001111001,111110100,111010011,001011110,100110111,011101111,101101010,010111010,110001101
001011011,111110010,111101001,101111100,010111001,011010101,110011110,100100111,011101110
001111001,111110100,111010011,001011110,100110111,011101111,101101010,010111010,110001101
010111011,111110000,111001010,001100011,001111110,011101101,110100110,100011101,011010111
100011011,010010110,111110001,111001000,001011101,101100110,100111100,011111010,010101111
100011110,101110011,001111100,110101101,010111011,001001111,011010101,111001000,011100110
001011011,111110010,111101001,101111100,010111001,011010101,110011110,100100111,011101110
011100111,001111011,101001111,010011110,011010101,110101001,101111100,111010010,100110111
100011001,010111100,111110001,011010111,001101011,101110110,101001101,111001010,110100111
011001110,100000111,001111100,111011001,110101100,011100101,101101011,010111011,111110010
000011011,010110101,111100101,101010011,010111110,101101010,110001100,010111111,010011110
110110010,110010101,101100100,111000011,100011110,100111001,011011000,001110111,010101111
100011011,010010110,111110001,111001000,001011101,101100110,100111100,011111010,010101111
001011011,111110010,111101001,101111100,010111001,011010101,110011110,100100111,011101110
001111001,111110100,111010011,001011110,100110111,011101111,101101010,010111010,110001101
011110110,100100111,011001101,110111100,111101011,001111001,111010001,010011011,101011110
110110110,100010011,101100100,111100011,110011110,000111000,011010100,000011100,010011110
100111110,111110000,101100001,111001100,010111101,001010111,110011011,110100111,011101010
010111011,111110000,111001010,001100011,001111110,011101101,110100110,100011101,011010111
010111011,111110000,111001010,001100011,001111110,011101101,110100110,100011101,011010111
011001110,100000111,001111100,111011001,110101100,011100101,101101011,010111011,111110010
010111011,111110000,111001010,001100011,001111110,011101101,110100110,100011101,011010111
001111001,111110100,111010011,001011110,100110111,011101111,101101010,010111010,110001101
001011011,111110010,111101001,101111100,010111001,011010101,110011110,100100111,011101110
011100111,001111011,101001111,010011110,011010101,110101001,101111100,111010010,100110111
011001110,100000111,001111100,111011001,110101100,011100101,101101011,010111011,111110010
001011011,111110010,111101001,101111100,010111001,011010101,110011110,100100111,011101110
001111010,101110101,110100011,110110100,010101101,011010111,111011001,100011111,111001110
101101010,001110011,111010110,111011001,110000011,011001111,101100101,010111100,100011111
001111001,111110100,111010011,001011110,100110111,011101111,101101010,010111010,110001101
100111110,111110000,101100001,111001100,010111101,001010111,110011011,110100111,011101010
011001110,100000111,001111100,111011001,110101100,011100101,101101011,010111011,111110010
011100111,001111011,101001111,010011110,011010101,110101001,101111100,111010010,100110111
100011001,010111100,111110001,011010111,001101011,101110110,101001101,111001010,110100111
011001110,100000111,001111100,111011001,110101100,011100101,101101011,010111011,111110010
101000111,011100011,101011001,111001010,011011101,111110100,110010011,110101101,000111110
010111011,111110000,111001010,001100011,001111110,011101101,110100110,100011101,011010111
010111011,111110000,111001010,001100011,001111110,011101101,110100110,100011101,011010111
110110010,110010101,101100100,111000011,100011110,100111001,011011000,001110111,010101111
110110010,110010101,101100100,111000011,100011110,100111001,011011000,001110111,010101111
001111010,101110101,110100011,110110100,010101101,011010111,111011001,100011111,111001110
100011011,010010110,111110001,111001000,001011101,101100110,100111100,011111010,010101111
100011011,010010110,111110001,111001000,001011101,101100110,100111100,011111010,010101111
100011011,010010110,110110001,011001011,010011101,101101000,111011110,001111001,010011111
110110010,110010101,101100100,111000011,100011110,100111001,011011000,001110111,010101111
101111000,110110011,101100101,001101011,010111101,111001001,110101110,100011111,011010110
001111010,101110101,110100011,110110100,010101101,011010111,111011001,100011111,111001110
100011001,010111100,111110001,011010111,001101011,101110110,101001101,111001010,110100111
110110010,110010101,101100100,111000011,100011110,100111001,011011000,001110111,010101111
100111110,111110000,101100001,111001100,010111101,001010111,110011011,110100111,011101010
110110010,110010101,101100100,111000011,100011110,100111001,011011000,001110111,010101111
001111001,101110100,111010011,011011110,100001111,010100111,111101000,100111010,110011101
001111010,101110101,110100011,110110100,010101101,011010111,111011001,100011111,111001110
110110010,110010101,101100100,111000011,100011110,100111001,011011000,001110111,010101111
001011011,111110010,111101001,101111100,010111001,011010101,110011110,100100111,011101110
100011001,010111100,111110001,011010111,001101011,101110110,101001101,111001010,110100111
001111001,111110100,111010011,001011110,100110111,011101111,101101010,010111010,110001101
001011011,111110010,111101001,101111100,010111001,011010101,110011110,100100111,011101110
101111000,110110011,101100101,001101011,010111101,111001001,110101110,100011111,011010110
011010110,100100111,001111100,111110001,010101010,001001011,111001100,010001101,100011010
001111010,101110101,110100011,110110100,010101101,011010111,111011001,100011111,111001110
101101010,001110011,111010110,111011001,110000011,011001111,101100101,010111100,100011111
001111010,101110101,110100011,110110100,010101101,011010111,111011001,100011111,111001110
001001011,101111100,011010011,011011110,010010111,010101101,111101000,100101111,100001101
001111001,101110100,111010011,011011110,100001111,010100111,111101000,100111010,110011101
011010110,100100111,001111100,111110001,010101010,001001011,111001100,010001101,100011010
100011110,101110011,001111100,110101101,010111011,001001111,011010101,111001000,011100110
010111011,111110000,111001010,001100011,001111110,011101101,110100110,100011101,011010111
011001110,100000111,001111100,111011001,110101100,011100101,101101011,010111011,111110010
101000111,011100011,101011001,111001010,011011101,111110100,110010011,110101101,000111110
011100111,001111011,101001111,010011110,011010101,110101001,101111100,111010010,100110111
011100111,001111011,101001111,010011110,011010101,110101001,101111100,111010010,100110111
101111000,001110110,110110011,000111101,011101011,111100101,011011100,101001111,110101110
001011011,111110010,111101001,101111100,010111001,011010101,110011110,100100111,011101110
100111110,111110000,101100001,111001100,010111101,001010111,110011011,110100111,011101010
011110101,100110110,110010011,001011110,110001111,010101101,111011100,100011110,110010101
100011011,010010110,111110001,111001000,001011101,101100110,100111100,011111010,010101111
110110010,110010101,101100100,111000011,100011110,100111001,011011000,001110111,010101111
100111110,111110000,101100001,111001100,010111101,001010111,110011011,110100111,011101010
001011011,111110010,111101001,101111100,010111001,011010101,110011110,100100111,011101110
001111001,111110100,111010011,001011110,100110111,011101111,101101010,010111010,110001101
100011001,010111100,111110001,011010111,001101011,101110110,101001101,111001010,110100111
011010110,100100111,001111100,111110001,010101010,001001011,111001100,010001101,100011010
011001110,100000111,001111100,111011001,110101100,011100101,101101011,010111011,111110010
011010110,100100111,001111100,111110001,010101010,001001001,111001100,010001101,100011010
101000111,011100011,101011001,111001010,011011101,111110100,110010011,110101101,000111110
101101010,001110011,111010110,111011001,110000011,011001111,101100101,010111100,100011111
001111001,101110100,111010011,011011110,100001111,010100111,111101000,100111010,110011101
011110110,100100111,011001101,110111100,111101011,001111001,111010001,010011011,101011110
011100111,001111011,101001111,010011110,011010101,110101001,101111100,111010010,100110111
001111001,101110100,111010011,011011110,100001111,010100111,111101000,100111010,110011101
110110010,110010101,101100100,111000011,100011110,100111001,011011000,001110111,010101111
011001110,100000111,001111100,111011001,110101100,011100101,101101011,010111011,111110010
100111110,111110000,101100001,111001100,010111101,001010111,110011011,110100111,011101010
100011011,010010110,111110001,111001000,001011100,101100110,100111100,011101011,010101111
110110010,110010101,101100100,111000011,100011110,100111001,011011000,001110111,010101111
100111110,111110000,101100001,111001100,010111101,001010111,110011011,110100111,011101010
011010110,100100111,001111100,111110001,010101010,001001011,111001100,010001101,100011010
011001110,100000111,001111100,111011001,110101100,011100101,101101011,010111011,111110010
001111010,101110101,110100011,110110100,010101101,011010111,111011001,100011111,111001110
101101010,001110011,111010110,111011001,110000011,011001111,101100101,010111100,100011111
011001110,100000111,001111100,111011001,110101100,011100101,101101011,010111011,111110010
011100111,001111011,101001111,010011110,011010101,110101001,101111100,111010010,100110111
011010110,100100111,001111100,111110001,010101010,001001011,111001100,010001101,100011010
001011011,111110010,111101001,101111100,010111001,011010101,110011110,100100111,011101110
011110110,100100111,010001111,110111000,111101011,001101001,011000101,101001011,111110011
101000111,011100011,101011001,111001010,011011101,111110100,110010011,110101101,000111110
011010110,100100111,001111100,111110001,010101010,001001011,111001100,010001101,100011010
001111010,101110101,110100011,110110100,010101101,011010111,111011001,100011111,111001110
100011001,010111100,111110001,011010111,001101011,101110110,101001101,111001010,110100111
101101010,001110011,111010110,111011001,110000011,011001111,101100101,010111100,100011111
001111001,101110100,111010011,011011110,100001111,010100111,111101000,100111010,110011101
001011011,111110010,111101001,101111100,010111001,011010101,110011110,100100111,011101110
001011011,111110010,111101001,101111100,010111001,011010101,110011110,100100111,011101110
001111010,101110101,110100011,110110100,010101101,011010111,111011001,100011111,111001110
011010110,100100111,001111100,111110001,010101010,001001011,111001100,010001101,100011010
010111011,111110000,111100010,001100011,000111111,011101110,111010110,010011101,011011110
001111001,101110100,111010011,011011110,100001111,010100111,111101000,100111010,110011101
100111110,111110000,101100001,111001100,010111101,001010111,110011011,110100111,011101010
011001110,100000111,001111100,111011001,110101100,011100101,101101011,010111011,111110010
011010110,100100111,001111100,111110001,010101010,001001011,111001100,010001101,100011010
101101010,001110011,111010110,111011001,110000011,011001111,101100101,010111100,100011111
011110110,100100111,011001101,110111100,111101011,001111001,111010001,010011011,101011110
011100111,001111011,101001111,010011110,011010101,110101001,101111100,111010010,100110111
100011011,010010110,111110001,111001000,001011101,101100110,100111100,011111010,010101111
011001110,100000111,001111100,111011001,110101100,011100101,101101011,010111011,111110010
011001110,100000111,001111100,111011001,110101100,011100101,101101011,010111011,111110010
100011011,010010110,111110001,111001000,001011101,101100110,100111100,011111010,010101111
011010110,100100111,001111100,111110001,010101010,001001011,111001100,010001101,100011010
100011001,010111100,111110001,011010111,001101011,101110110,101001101,111001010,110100111
011010110,100100111,001111100,111110001,010101010,001001011,111001100,010001101,100011010
001011011,111110010,111101001,101111100,010111001,011010101,110011110,100100111,011101110
011001110,100000111,001111100,111011001,110101100,011100101,101101011,010111011,111110010
001111001,101110100,111010011,011011110,100000111,010100111,111101000,100111010,110011101
101000111,011100011,101011001,111001010,011011101,111110100,110010011,110101101,000111110
011010110,100100111,001111100,111110001,010101010,001001011,111001100,010001101,100011010
011010110,100100111,001111100,111110001,010101010,001001011,111001100,010001101,100011010
001111001,101110100,111010011,011011110,100001111,010100111,111101000,100111010,110011101
101000111,011100011,101011001,111001010,011011101,111110100,110010011,110101101,000111110
011001110,100000111,001111100,111011001,110101100,011100101,101101011,010111011,111110010
101000111,011100011,101011001,111001010,011011101,111110100,110010011,110101101,000111110
011110110,100100111,011001101,110111100,111101011,001111001,111010001,010011011,101011110
101111000,110110011,101100101,001101011,010111101,111001001,110101110,100011111,011010110
100111110,111110000,101100001,111001100,010111101,001010111,110011011,110100111,011101010
011100111,001111011,101001111,010011110,011010101,110101001,101111100,111010010,100110111
100011011,010010110,111110001,111001000,001011101,101100110,100111100,011111010,010101111
101111000,110110011,101100101,001101011,010111101,111001001,110101110,100011111,011010110
100011011,010010110,111110001,111001000,001011101,101100110,100111100,011111010,010101111
010111011,111110000,111001010,001100011,001111110,011101101,110100110,100011101,011010111
001111001,101110100,111010011,011011110,100001111,010100111,111101000,100111010,110011101
101000111,011100011,101011001,111001010,011011101,111110100,110010011,110101101,000111110
101111000,110110011,101100101,001101011,010111101,111001001,110101110,100011111,011010110
001011011,111110010,111101001,101111100,010111001,011010101,110011110,100100111,011101110
001011011,111110010,111101001,101111100,010111001,011010101,110011110,100100111,011101110
001011011,111110010,111101001,101111100,010111001,011010101,110011110,100100111,011101110
100011011,010010110,111110001,111001000,001011101,101100110,100111100,011111010,010101111
000111110,101110011,001100101,111001000,010001101,001010111,110010111,110000111,011101010
011100111,001111011,101001111,010011110,011010101,110101001,101111100,111010010,100110111
011010110,100100111,001111100,111110001,010101010,001001011,111001100,010001101,100011010
011100111,001111011,101001111,010011110,011010101,110101001,101111100,111010010,100110111
100011110,101110011,001111100,110101101,010111011,001001111,011010101,111001000,011100110
101111000,110110011,101100101,001101011,010111101,111001001,110101110,100011111,011010110
100011001,010111100,111110001,011010111,001101011,101110110,101001101,111001010,110100111
100111110,111110000,101100001,111001100,010111101,001010111,110011011,110100111,011101010
001111001,101110101,101110011,010110011,110000111,011001011,111101000,010111110,110011110
000111110,101110011,001100101,110101000,010001101,011001001,110010101,100100111,011101110
101111000,001110110,110110011,000111101,011101011,111100101,011011100,101001111,110101110
101000111,011100011,101011001,111001010,011011101,111110100,110010011,110101101,000111110
011001110,100000111,001111100,111011001,110101100,011100101,101101011,010111011,111110010
001011011,111110010,111101001,101111100,010111001,011010101,110011110,100100111,011101110
001011011,101111100,011011011,010111100,010110011,011011011,110101110,010100111,100001111
101111000,110110011,101100101,001101011,010111101,111001001,110101110,100011111,011010110
100011011,010010110,111110001,111001000,001011101,101100110,100111100,011111010,010101111
101101010,001110011,111010110,111011001,110000011,011001111,101100101,010111100,100011111
100011001,010111100,111110001,011010111,001101011,101110110,101001101,111001010,110100111
101101010,001110011,111010110,111011001,110000011,011001111,101100101,010111100,100011111
011001110,100000111,001111100,111011001,110101100,011100101,101101011,010111011,111110010
100011001,010111100,111110001,011010111,001101011,101110110,101001101,111001010,110100111
100011001,010111100,111110001,011010111,001101011,101110110,101001101,111001010,110100111
101101010,001110011,111010110,111011001,110000011,011001111,101100101,010111100,100011111
011100111,001111011,101001111,010011110,011010101,110101001,101111100,111010010,100110111
100011110,101110011,001111100,110101101,010111011,001001111,011010101,111001000,011100110
001011011,111110010,111101001,101111100,010111001,011010101,110011110,100100111,011101110
101111000,110110011,101100101,001101011,010111101,111001001,110101110,100011111,011010110
101000111,011100011,101011001,111001010,011011101,111110100,110010011,110101101,000111110
000111110,101110011,001100101,111001000,010001101,001010111,110010111,110000111,011101010
010111011,111110000,111001010,001100011,001111110,011101101,110100110,100011101,011010111
001111010,101110101,110100011,110110100,010101101,011010111,111011001,100011111,111001110
101101010,001110011,111010110,111011001,110000011,011001111,101100101,010111100,100011111
001111010,101110101,110100011,110110100,010101101,011010111,111011001,100011111,111001110
011001110,100000111,001111100,111011001,110101100,011100101,101101011,010111011,111110010
100011011,010010110,111110001,111001000,001011101,101100110,100111100,011111010,010101111
001011011,111110010,111101001,101111100,010111001,011010101,110011110,100100111,011101110
101101010,001110011,111010110,111011001,110000011,011001111,101100101,010111100,100011111
110110010,110010101,101100100,111000011,100011110,100111001,011011000,001110111,010101111
001111001,101110100,111010011,011011110,100001111,010100111,111101000,100111010,110011101
101101010,001110011,111010110,111011001,110000011,011001111,101100101,010111100,100011111
101101010,001110011,111010110,111011001,110000011,011001111,101100101,010111100,100011111
100011011,010010110,111110001,111001000,001011101,101100110,100111100,011111010,010101111
011100111,001111011,101001111,010011110,011010101,110101001,101111100,111010010,100110111
010111011,111110000,111001010,001100011,001111110,011101101,110100110,100011101,011010111
011100111,001111011,101001111,010011110,011010101,110101001,101111100,111010010,100110111
110110010,110010101,101100100,111000011,100011110,100111001,011011000,001110111,010101111
100011011,010010111,011101100,110101011,001011010,101101010,110001011,111001101,101010010
100011001,010111100,111110001,011010111,001101011,101110110,101001101,111001010,110100111
011001110,100000111,001111100,111011001,110101100,011100101,101101011,010111011,111110010
010111011,111110000,111001010,001100011,001111110,011101101,110100110,100011101,011010111
011100111,001111011,101001111,010011110,011010101,110101001,101111100,111010010,100110111
011100111,001111011,101001111,010011110,011010101,110101001,101111100,111010010,100110111
011001110,100000111,001111100,111011001,110101100,011100101,101101011,010111011,111110010
011010110,100100111,001111100,111110001,010101010,001001011,111001100,010001101,100011010
001011011,111110010,111101001,101111100,010111001,011010101,110011110,100100111,011101110
011001110,100000111,001111100,111011001,110101100,011100101,101101011,010111011,111110010
100011001,010111100,111110001,011010111,001101011,101110110,101001101,111001010,110100111
001111001,111110100,111010011,001011110,100110111,011101111,101101010,010111010,110001101
001111010,101110101,110100011,110110100,010101101,011010111,111011001,100011111,111001110
110110010,110010101,101100100,111000011,100011110,100111001,011011000,001110111,010101111
101111000,001110110,110110011,000111101,011101011,111100101,011011100,101001111,110101110
001111010,101110101,110100011,110110100,010101101,011010111,111011001,100011111,111001110
110110010,110010101,101100100,111000011,100011110,100111001,011011000,001110111,010101111
011100111,001111011,101001111,010011110,011010101,110101001,101111100,111010010,100110111
001111001,111110100,111010011,001011110,100110111,011101111,101101010,010111010,110001101
011010110,100100111,001111100,111110001,010101010,001001011,111001100,010001101,100011010
101111000,001110110,110110011,000111101,011101011,111100101,011011100,101001111,110101110
010111011,111110000,111001010,001100011,001111110,011101101,110100110,100011101,011010111
011010110,100100111,001111100,111110001,010101010,001001011,111101100,010001101,100011010
101101010,001110011,111010110,111011001,110000011,011001111,101100101,010111100,100011111
101111000,110110011,101100101,001101011,010111101,111001001,110101110,100011111,011010110
011100111,001111011,101001111,010011110,011010101,110101001,101111100,111010010,100110111
101111000,001110110,110110011,000111101,011101011,111100101,011011100,101001111,110101110
101111010,101010011,110100111,110110001,110101101,011001000,111010101,110001100,110011110
100011001,010111100,111110001,011010111,001101011,101110110,101001101,111001010,110100111
100011110,101110011,001111100,110101101,010111011,001001011,011010101,111001000,011100110
100011011,010010110,111110001,111001000,001011101,101100110,100111100,011111010,010101111
001111010,101110101,110100011,110110100,010101101,011010111,111011001,100011111,111001110
011001110,100000111,001111100,111011001,110101100,011100101,101101011,010111011,111110010
100011001,010111100,111110001,011010111,001101011,101110110,101001101,111001010,110100111
101000111,011100011,101011001,111001010,011011101,111110100,110010011,110101101,000111110
010111011,111110000,111001010,001100011,001110110,011101101,110100110,100011101,011010111
001111010,101110101,110100011,110110100,010101101,011010111,111011001,100011111,111001110
100011011,010010110,111110001,111001000,001011101,101100110,100111100,011111010,010101111
101101010,001110011,111010110,111011001,110000011,011001111,101100101,010111100,100011111
110110010,110010101,101100100,111000011,100011110,100111001,011011000,001110111,010101111
010111011,111110000,111001010,001100011,001111110,011101101,110100110,100011101,011010111
011100111,001111011,101001111,010011110,011010101,110101001,101111100,111010010,100110111
101101010,001110011,111010110,111011001,110000011,011001111,101100101,010111100,100011111
001111010,101110101,110100011,110110100,010101101,011010111,111011001,100011111,111001110
100011010,011110010,110110101,111001000,010111101,101011111,110011110,101000000,010001110
101111000,001110110,110110011,000111101,011101011,111100101,011011100,101001111,110101110
011010110,100100111,001111100,111110001,010101010,001001011,111001100,010001101,100011010
011110110,100100111,011001101,110111100,111101011,001111001,111010001,010011011,101011110
001011011,111110010,111101001,101111100,010111001,011010101,110011110,100100111,011101110
011100111,001111011,101001111,010011110,011010101,110101001,101111100,111010010,100110111
100011011,010010110,111110001,111001000,001011101,101100110,100111100,011111010,010101111
001011011,111110010,111101001,101111100,010111001,011010101,110011110,100100111,011101110
100011110,101110011,001111100,110101101,010111011,001001111,011010101,111001000,011100110
100011001,010111100,111110001,011010111,001101011,101110110,101001101,111001010,110100111
110110010,110010101,101100100,111000011,100011110,100111001,011011000,001110111,010101111
100011011,010010110,111110001,111001000,001011101,101100110,100111100,011111010,010101111
001011011,111110010,111101001,101111100,010111001,011010101,110011110,100100111,011101110
100011110,101110011,001111100,110101101,010111011,001001111,011010101,111001000,011100110
101000111,011100011,101011001,111001010,011011101,111110100,110010011,110101101,000111110
011001110,100000111,001111100,111011001,110101100,011100101,101101011,010111011,111110010
001111001,101100111,111010011,010111110,010001101,011001101,111111000,010011110,110011111
010111011,111110000,111001010,001100011,001111110,011101101,110100110,100011101,011010111
101000111,011100011,101011001,111001010,011011101,111110100,110010011,110101101,000111110
001111001,101110100,111010011,011011110,100001111,010100111,111101000,100111010,110011101
101101010,001110011,111010110,111011001,110000011,011001111,101100101,010111100,100011111
100011001,010111100,111110001,011010111,001101011,101110110,101001101,111001010,110100111
010111011,111110000,111001010,001100011,001111110,011101101,110100110,100011101,011010111
010111011,111110000,111001010,001100011,001111110,011101101,110100110,100011101,011010111
001111001,101110100,111010011,011011110,100001111,010100111,111101000,100111010,110011101
001011011,111110010,111101001,101111100,010111001,011010101,110011110,100100111,011101110
101111000,001110110,110110011,000111101,011101011,111100101,011011100,101001111,110101110
011110110,100100111,011001101,110111100,111101011,001111001,111010001,010011011,101011110
011001110,100000111,001111100,111011001,110101100,011100101,101101011,010111011,111110010
001111010,101110101,110100011,110110100,110101101,011010111,111011001,100011111,111001110
101111000,001110110,110110011,000111101,011101011,111100101,011011100,101001111,110101110
001111001,111110100,111010011,001011110,100110111,011101111,101101010,010111010,110001101
101111000,001110110,110110011,000111101,011101011,111100101,011011100,101001111,110101110
011100111,001111011,101001111,010011110,011010101,110101001,101111100,111010010,100110111
011001110,100000111,001111100,111011001,110101100,011100101,101101011,010111011,111110010
100011011,010010110,111110001,111001000,001011101,101100110,100111100,011111010,010101111
001111001,101110100,111010011,011011110,100001111,010100111,111101000,100111010,110011101
110110010,110010101,101100100,111000011,100011110,100111001,011011000,001110111,010101111
011110110,100100111,011001101,110111100,111101011,001111001,111010001,010011011,101011110
101111000,001110110,110110011,000111101,011101011,111100101,011011100,101001111,110101110
100011011,010010110,111110001,111001000,001011101,101100110,100111100,011111010,010101111
001111001,111110100,111010011,001011110,100110111,011101111,101101010,010111010,110001101
011001110,100000111,001111100,111011001,110101100,011100101,101101011,010111011,111110010
001111001,101110100,111010011,011011110,100001111,010100111,111101000,100111010,110011101
010110110,111010010,100110111,111101100,000011111,000111001,010010101,100011101,111001110
101111000,001110110,110110011,000111101,011101011,111100101,011011100,101001111,110101110
011001110,100000111,001111100,111011001,110101100,011100101,101101011,010111011,111110010
011100111,001111011,101001111,010011110,011010101,110101001,101111100,111010010,100110111
011110110,100100111,011001101,110111100,111101011,001111001,111010001,010011011,101011110
001111010,101110101,110100011,110110100,010101101,011010111,111011001,100011111,111001110
011001110,100000111,001111100,111011001,110101100,011100101,101101011,010111011,111110010
100011001,010111100,111110001,011010111,001101011,101110110,101001101,111001010,110100111
011001110,100000111,001111100,111011001,110101100,011100101,101101011,010111011,111110010
011010110,100100111,001111100,111110001,010101010,001001011,111001100,010001101,100011010
110110010,110010101,101100100,111000011,100011110,100111001,011011000,001110111,010101111
011001110,100000111,001111100,111011001,110101100,011100101,101101011,010111011,111110010
011010110,100100111,001111100,111110001,010101010,001001011,111001100,010001101,100011010
011100111,001111011,101001111,010011110,011010101,110101001,101111100,111010010,100110111
100011001,010111100,111110001,011010111,001101011,101110110,101001101,111001010,110100111
001011011,111110010,111101001,101111100,010111001,011010101,110011110,100100111,011101110
001011011,111110010,111101001,101111100,010111001,011010101,110011110,100100111,011101110
011100111,001111011,101001111,010011110,011010101,110101001,101111100,111010010,100110111
011100111,001111011,101001111,010011110,011010101,110101001,101111100,111010010,100110111
011001110,100000111,001111100,111011001,110101100,011100101,101101011,010111011,111110010
101101010,001110011,111010110,111011001,110000011,011001111,101100101,010111100,100011111
111000110,001110011,001110101,111000001,110001110,101101001,100110100,100101101,110110110
010111011,111110000,111001010,001100011,001111110,011101101,110100110,100011101,011010111
100011011,010010110,111110001,111001000,001011101,101100110,100111100,011111010,010101111
001111001,101110100,111010011,011011110,100001111,010100111,111101000,100111010,110011101
001011011,111110010,111101001,101111100,010111001,011010101,110011110,100100111,011101110
100011011,010010110,111110001,111001000,001011101,101100110,100111100,011111010,010101111
001011011,111110010,111101001,101111100,010111001,011010101,110011110,100100111,011101110
001011011,111110010,111101001,101111100,010111001,011010101,110011110,100100111,011101110
001111001,101110100,111010011,011011110,100001111,010100111,111101000,100111010,110011101
100011001,010111100,111110001,011010111,001101011,101110110,101001101,111001010,110100111
101111000,001110101,110100011,001001100,010010110,001101001,100101100,010110111,010011110
101111000,001110110,110110011,000111101,011101011,111100101,011011100,101001111,110101110
100011011,010010110,111110001,111001000,001011101,101100110,100111100,011111010,010101111
001111001,101110100,111010011,011011110,100001111,010100111,111101000,100111010,110011101
011010110,100100111,001111100,111110001,010101010,001001011,111001100,010001101,100011010
110110010,110010101,101100100,111000011,100011110,100111001,011011000,001110111,010101111
100011001,010111100,111110001,011010111,001101011,101110110,101001101,111001010,110100111
011001110,100000111,001111100,111011001,110101100,011100101,101101011,010111011,111110010
101000111,011100011,101011001,111001010,011011101,111110100,110010011,110101101,000111110
001111010,101110101,110100011,110110100,010101101,011010111,111011001,100011111,111001110
010111011,111110000,111001010,001100011,001111110,011101101,110100110,100011101,011010111
001111010,101110101,110100011,110110100,010101101,011010111,111011001,100011111,111001110
011110110,100100111,011001101,110111100,111101011,001111001,111010001,010011011,101011110
011100111,001111011,101001111,010011110,011010101,110101001,101111100,111010010,100110111
101111000,001110110,110110011,000111101,011101011,111100101,011011100,101001111,110101110
100011110,101110011,001111100,110101101,010111011,001001111,011010101,111001000,011100110
001111001,111110100,111010011,001011110,100110111,011101111,101101010,010111010,110001101
101000111,011100011,101011001,111001010,011011101,111110100,110010011,110101101,000111110
101000111,011100011,101011001,111001010,011011101,111110100,110010011,110101101,000111110
010111011,111110000,111001010,001100011,001111110,011101101,110100110,100011101,011010111
010111011,111110000,111001010,001100011,001111110,011101101,110100110,100011101,011010111
101000111,011100011,101011001,111001010,011011101,111110100,110010011,110101101,000111110
101000111,011100011,101011001,111001010,011011101,111110100,110010011,110101101,000111110
001111010,101110101,110100011,110110100,010101101,011010111,111011001,100011111,111001110
101111000,001110110,110110011,000111101,011101011,111100101,011011100,101001111,110101110
100011011,010010110,111110001,111001000,001011101,101100110,100111100,011111010,010101111
001111001,101110100,111010011,011011110,100001111,010100111,111101000,100111010,110011101
001011011,111110010,111101001,101111100,010111001,011010101,110011110,100100111,011101110
100011011,010010110,111110001,111001000,001011101,101100110,100111100,011111010,010101111
100011110,101110011,001111100,110101101,010111011,001001111,011010101,111001000,011100110
100111110,111110000,101100001,111001100,010111101,001010111,110011011,110100111,011101010
001011011,111110010,111101001,101111100,010111001,011010101,110011110,100100111,011101110
001111001,101110100,111010011,011011110,100001111,010100111,111101000,100111010,110011101
001011011,111110010,111101001,101111100,010111001,011010101,110011110,100100111,011101110
101000111,011100011,101011001,111001010,011011101,111110100,110010011,110101101,000111110
001111010,101110101,110100011,110110100,010101101,011010111,111011001,100011111,111001110
100011011,010010110,111110001,111001000,001011101,101100110,100111100,011111010,010101111
100011011,010010110,111110001,111001000,001011101,101100110,100111100,011111010,010101111
100011011,010010110,111110001,111001000,001011101,101100110,100111100,011111010,010101111
001111010,101110101,110100011,110110100,010101101,011010111,111011001,100011111,111001110
001011011,111110010,111101001,101111100,010111001,011010101,110011110,100100111,011101110
101111000,110110011,101100101,001101011,010111101,111001001,110101110,100011111,011010110
001011011,111110010,111101001,101111100,010111001,011010101,110011110,100100111,011101110
011010110,100100111,001111100,111110001,010101010,001001011,111001100,010001101,100011010
100111110,111110000,101100001,111001100,010111101,001010111,110011011,110100111,011101010
101111000,001110110,110110011,000111101,011101011,111100101,011011100,101001111,110101110
100011011,010010110,111110001,111001000,001011101,101100110,100111100,011111010,010101111
101111000,110110011,101100101,001101011,010111101,111001001,110101110,100011111,011010110
001011011,111110010,111101001,101111100,010111001,011010101,110011110,100100111,011101110
001111010,101110101,110100011,110110100,010101101,011010111,111011001,100011111,111001110
001011011,111110010,111101001,101111100,010111001,011010101,110011110,100100111,011101110
100011110,101110011,001111100,110101101,010111011,001001111,011010101,111001000,011100110
101101010,001110011,111010110,111011001,110000011,011001111,101100101,010111100,100011111
100011110,101110011,001111100,110101101,010111011,001001111,011010101,111001000,011100110
001111001,111110100,111010011,001011110,100110111,011101111,101101010,010111010,110001101
011100111,001111011,101001111,010011110,011010101,110101001,101111100,111010010,100110111
011100111,001111011,101001111,010011110,011010101,110101001,101111100,111010010,100110111
101111000,001110110,110110011,000111101,011101011,111100101,011011100,101001111,110101110
100011001,010111100,111110001,011010111,001101011,101110110,101001101,111001010,110100111
001111010,101110101,110100011,110110100,010101101,011010111,111011001,100011111,111001110
001011011,111110010,111101001,101111100,010111001,011010101,110011110,100100111,011101110
001111001,101110100,111010011,011011110,100001111,010100111,111101000,100111010,110011101
100011110,101110011,001111100,110101101,010111011,001001111,011010101,111001000,011100110
101111000,001110110,110110011,000111101,011101011,111100101,011011100,101001111,110101110
100011011,010010110,111110001,111001000,001011101,101100110,100111100,011111010,010101111
001111010,101110101,110100011,110110100,010101101,011010111,111011001,100011111,111001110
001111001,111110100,111010011,001011110,100110111,011101111,101101010,010111010,110001101
101001110,001110011,111011101,111001110,010110011,110110111,101100111,110001111,101110111
110110010,110010101,101100100,111000011,100011110,100111001,011011000,001110111,010101111
100011001,010111100,111110001,011010111,001101011,101110110,101001101,111001010,110100111
001111001,111110100,111010011,001011110,100110111,011101111,101101010,010111010,110001101
101111000,001110110,110110011,000111101,011101011,111100101,011011100,101001111,110101110
011110110,100100111,011001101,110111100,111101011,001111001,111010001,010011011,101011110
001011011,111110011,110101001,011110011,010111101,011011111,110010110,000111101,011100110
001111001,101110100,111010011,011011110,100001111,010100111,111101000,100111010,110011101
011100111,001111011,101001111,010011110,011010101,110101001,101111100,111010010,100110111
100011001,010111100,111110001,011010111,001101011,101110110,101001101,111001010,110100111
101111000,001110110,110110011,000111101,011101011,111100101,011011100,101001111,110101110
001011011,111110010,111101001,101111100,010111001,011010101,110011110,100100111,011101110
001011011,111110010,111101001,101111100,010111001,011010101,110010110,100100111,011101110
001111001,111110100,111010011,001011110,100110111,011101111,101101010,010111010,110001101
101101010,001110011,111010110,111011001,110000011,011001111,101100101,010111100,100011111
011001110,100000111,001111100,111011001,110101100,011100101,101101011,010111011,111110010
001111010,101110101,110100011,110110100,010101101,011010111,111011001,100011111,111001110
001011011,111110010,111101001,101111100,010111001,011010101,110011110,100100111,011101110
001111001,111110100,111010011,001011110,100110111,011101111,101101010,010111010,110001101
001111001,101110100,111010011,011011110,100001111,010100111,111101000,100111010,110011101
011001110,100000111,001111100,111011001,110101100,011100101,101101011,010111011,111110010
010111011,111110000,111001010,001100011,001111110,011101101,110100110,100011101,011010111
010111011,111110000,111001010,001100011,001111110,011101101,110100110,100011101,011010111
001111001,101110100,111010011,011011110,100001111,010100111,111101000,100111010,110011101
011110110,100100111,011001101,110111100,111101011,001111001,111010001,010011011,101011110
001011011,111110010,111101001,101111100,010111001,011010101,110011110,100100111,011101110
001111001,101110100,111010011,011011110,100001111,010100111,111101000,100111010,110011101
011100111,001111011,101001111,010011110,011010101,110101001,101111100,111010010,100110111
011010110,100100111,001111100,111110001,010101010,001001011,111001100,010001101,100011010
001011011,101111100,001110011,011010100,010001111,001011011,111111000,010101111,110001110
011010110,100100111,001111100,111110001,010101010,001001011,111001100,010001101,100011010
001111010,101110101,110100011,110110100,010101101,011010111,111011001,100011111,111001110
010111011,111110000,111001010,001100011,001111110,011101101,110100110,100011101,011010111
001111010,101110101,110100011,110110100,010101101,011010111,111011001,100011111,111001110
110110010,110010101,101100100,111000011,100011110,100111001,011011000,001110111,010101111
011100111,001111011,101001111,010011110,011010101,110101001,101111100,111010010,100110111
001101011,101111100,111010011,011011110,010001101,010101101,111101000,101011011,110001101
011001110,100000111,001111100,111011001,110101100,011100101,101101011,010111011,111110010
010111011,111110000,111001010,001100011,001111110,011101101,110100110,100011101,011010111
101101010,001110011,111010110,111011001,110000011,011001111,101100101,010111100,100011111
100011110,101110011,001111100,110101101,010111011,001001111,011010101,111001000,011100110
001111001,101110100,111010011,011011110,100001111,010100111,111101000,100111010,110011101
001111010,101110101,110100011,110110100,010101101,011010111,111011001,100011111,111001110
011010110,100100111,001111100,111110001,010101010,001001011,111001100,010001101,100011010
011100111,001111011,101001111,010011110,011010101,110101001,101111100,111010010,100110111
001111001,101110100,111010011,011011110,100001111,010100111,111101000,100111010,110011101
100011110,101110011,001111100,110101101,010111011,001001111,011010101,111001000,011100110
110110010,110010101,101100100,111000011,100011110,100111001,011011000,001110111,010101111
001111010,101110101,110100011,110110100,010101101,011010111,111011001,100011111,111001110
101111000,001110110,110110011,000111101,011101011,111100101,011011100,101001111,110101110
001111010,101110101,110100011,110110100,010101101,011010111,111011001,100011111,111001110
100011110,101110011,001111100,110101101,010111011,001001111,011010101,111001000,011100110
100011011,010010110,111110001,111001000,001011101,101100110,100111100,011111010,010101111
110110010,110010101,101100100,111000011,100011110,100111001,011011000,001110111,010101111
011001110,100000111,001111100,111011001,110101100,011100101,101101011,010111011,111110010
100011001,010111100,111110001,011010111,001101011,101110110,101001101,111001010,110100111
011110110,100100111,011001101,110111100,111101011,001111001,111010001,010011011,101011110
001111001,101110100,111010011,011011110,100001111,010100111,111101000,100111010,110011101
001011011,111110010,111101001,101111100,010111001,011010101,110011110,100100111,011101110
100111110,111110000,101100001,111001100,010111101,001010111,110011011,110100111,011101010
100011001,010111100,111110001,011010111,001101011,101110110,101001101,111001010,110100111
100111110,111110000,101100001,111001100,010111101,001010111,110011011,110100111,011101010
110110010,110010101,101100100,111000011,100011110,100111001,011011000,001110111,010101111
010111011,111110000,111001010,001100011,001111110,011101101,110100110,100011101,011010111
001111010,101110101,110100011,110110100,010101101,011010111,111011001,100011111,111001110
101101010,001110011,111010110,111011001,110000011,011001111,101100101,010111100,100011111
011100111,001111011,101001111,010011110,011010101,110101001,101111100,111010010,100110111
101111000,001110110,110110011,000111101,011101011,111100101,011011100,101001111,110101110
100011011,010010110,111110001,111001000,001011101,101100110,100111100,011111010,010101111
001111010,101110101,110100011,110110100,010101101,011010111,111011001,100011111,111001110
110110010,110010101,101100100,111000011,100011110,100111001,011011000,001110111,010101111
011110110,100100111,011001101,110111100,111101011,001111001,111010001,010011011,101011110
001011011,111110010,111101001,101111100,010111001,011010101,110011110,100100111,011101110
011110110,100100111,011001101,110111100,111101011,001111001,111010001,010011011,101011110
011010110,100100111,001111100,111110001,010101010,001001011,111001100,010001101,100011010
011100111,001111011,101001111,010011110,011010101,110101001,101111100,111010010,100110111
100011110,101110011,001111100,110101101,010111011,001001111,011010101,111001000,011100110
101111000,110110011,101100101,001101011,010111101,111001001,110101110,100011111,011010110
011001110,100000111,001111100,111011001,110101100,011100101,101101011,010111011,111110010
001111010,101110101,110100011,110110100,010101101,011010111,111011001,100011111,111001110
100011001,010111100,111110001,011010111,001101011,101110110,101001101,111001010,110100111
011010110,100100111,001111100,111110001,010101010,001001011,111001100,010001101,100011010
001111001,111110100,111010011,001011110,100110111,011101111,101101010,010111010,110001101
110110010,110010101,101100100,111000011,100011110,100111001,011011000,001110111,010101111
011110110,100100111,011001101,110111100,111101011,001111001,111010001,010011011,101011110
100011011,010010110,111110001,111001000,001011101,101100110,100111100,011111010,010101111
011100111,001111011,101001111,010011110,011010101,110101001,101111100,111010010,100110111
011001110,100000111,001111100,111011001,110101100,011100101,101101011,010111011,111110010
100011001,010111100,111110001,011010111,001101011,101110110,101001101,111001010,110100111
001011011,111110010,111101001,101111100,010111001,011010101,110011110,100100111,011101110
001111010,101110101,110100011,110110100,010101101,011010111,111011001,100011111,111001110
001111010,101110101,110100011,110110100,010101101,011010111,111011001,100011111,111001110
110110010,110010101,101100100,111000011,100011110,100111001,011011000,001110111,010101111
110110010,110010101,101100100,111000011,100011110,100111001,011011000,001110111,010101111
001011011,111110010,111101001,101111100,010111001,011010101,110011110,100100111,011101110
011100111,001111011,101001111,010011110,011010101,110101001,101111100,111010010,100110111
100011001,010111100,111110001,011010111,001101011,101110110,101001101,111001010,110100111
001011011,111110010,111101001,101111100,010111001,011010101,110011110,100100111,011101110
001111001,101110100,111010011,011011110,100001111,010100111,111101000,100111010,110011101
001111010,101110101,110100011,110110100,010101101,011010111,111011001,100011111,111001110
101111001,110100111,011011100,101011111,100110011,011101101,010101011,011011101,101011111
011100111,001111011,101001111,010011110,011010101,110101001,101111100,111010010,100110111
101111000,001110110,110110011,000111101,011101011,111100101,011011100,101001111,110101110
011100111,001111011,101001111,010011110,011010101,110101001,101111100,111010010,100110111
101000111,011100011,101011001,111001010,011011101,111110100,110010011,110101101,000111110
100111110,111110000,101100001,111001100,010111101,001010111,110011011,110100111,011101010
011100111,001111011,101001111,010011110,011010101,110101001,101111100,111010010,100110111
111000111,000011011,111110001,111001101,000001111,100111001,100101000,000011111,110010110
101111000,001110110,110110011,000111101,011101011,111100101,011011100,101001111,110101110
010111011,111110000,111001010,001100011,001111110,011101101,110100110,100011101,011010111
011100111,001111011,101001111,010011110,011010101,110101001,101111100,111010010,100110111
101000111,011100011,101011001,111001010,011011101,111110100,110010011,110101101,000111110
001101011,101111100,111010011,011011101,010110110,011010101,111101010,100101110,100011101
100011001,010111100,111110001,011010111,001101011,101110110,101001101,111001010,110100111
101111000,001110110,110110011,000111101,011101011,111100101,011011100,101001111,110101110
011010110,100100111,001111100,111110001,010101010,001001011,111001100,010001101,100011010
010111011,111110000,111001010,001100011,001111110,011101101,110100110,100011101,011010111
101000111,011100011,101011001,111001010,011011101,111110100,110010011,110101101,000111110
001111001,101110100,111010011,011011110,100001111,010100111,111101000,100111010,110011101
011001110,100000111,001111100,111011001,110101100,011100101,101101011,010111011,111110010
011001110,100000111,001111100,111011001,110101100,011100101,101101011,010111011,111110010
101101010,001110011,111010110,111011001,110000011,011001111,101100101,010111100,100011111
111000110,000110011,111011101,111001111,011011011,101101101,101111100,111101110,100111101
101111000,001110110,110110011,000111101,011101011,111100101,011011100,101001111,110101110
101111000,001110110,110110011,000111101,011101011,111100101,011011100,101001111,110101110
000111110,101110011,001100101,110101000,010001101,011001011,110000101,100100111,011101110
100011011,010010110,111110001,111001000,001011101,101100110,100111100,011111010,010101111
101101010,001110011,111010110,111011001,110000011,011001111,101100101,010111100,100011111
101000111,011100011,101011001,111001010,011011101,111110100,110010011,110101101,000111110
011110110,100100111,011001101,110111100,111101011,001111001,111010001,010011011,101011110
100011011,010010110,111110001,111001000,001011101,101100110,100111100,011111010,010101111
010111011,111110000,111001010,001100011,001111110,011101101,110100110,100011101,011010111
011001110,100000111,001111100,111011001,110101100,011100101,101101011,010111011,111110010
001111001,101110100,111010011,011011110,100001111,010100111,111101000,100111010,110011101
110110010,110010101,101100100,111000011,100011110,100111001,011011000,001110111,010101111
100011110,101110011,001111100,110101101,010111011,001001111,011010101,111001000,011100110
011100111,001111011,101001111,010011110,011010101,110101001,101111100,111010010,100110111
100011011,010010110,111110001,111001000,001011101,101100110,100111100,011111010,010101111
110110010,110010101,101100100,111000011,100011110,100111001,011011000,001110111,010101111
110110010,110010101,101100100,111000011,100011110,100111001,011011000,001110111,010101111
001111001,101110100,111010011,011011110,100001111,010100111,111101000,100111010,110011101
101111000,001110110,110110011,000111101,011101011,111100101,011011100,101001111,110101110
100011110,101110011,001111100,110101101,010111011,001001111,011010101,111001000,011100110
100111110,111110000,101100001,111001100,010111101,001010111,110011011,110100111,011101010
101111000,001110110,110110011,000111101,011101011,111100101,011011100,101001111,110101110
011100111,001111011,101001111,010011110,011010101,110101001,101111100,111010010,100110111
101111000,001110110,110110011,000111101,011101011,111100101,011011100,101001111,110101110
100011011,010010110,111110001,111001000,001011101,101100110,100111100,011111010,010101111
001111010,101110101,110100011,110110100,010101101,011010111,111011001,100011111,111001110
001111001,101110100,111010011,011011110,100001111,010100111,111101000,100111010,110011101
011010110,100100111,001111100,111110001,010101010,001001011,111001100,010001101,100011010
101101010,001110011,111010110,111011001,110000011,011001111,101100101,010111100,100011111
001011011,111110010,111101001,101111100,010111001,011010101,110011110,100100111,011101110
100011001,010111100,111110001,011010111,001101011,101110110,101001101,111001010,110100111
100011011,010010110,111110001,111001000,001011101,101100110,100111100,011111010,010101111
100111110,111110000,101100001,111001100,010111101,001010111,110011011,110100111,011101010
101111000,001110110,110110011,000111101,011101011,111100101,011011100,101001111,110101110
011010110,100100111,001111100,111110001,010101010,001001011,101101100,010001111,100011010
010111011,111110000,111001010,001100011,001111110,011101101,110100110,100011101,011010111
100011001,010111100,111110001,011010111,001101011,101110110,101001101,111001010,110100111
011010110,100100111,001111100,111110001,010101010,001001011,111001100,010001101,100011010
100011001,010111100,111110001,011010111,001101011,101110110,101001101,111001010,110100111
100011011,010010110,111110001,111001000,001011101,101100110,100111100,011111010,010101111
101111000,001110110,110110011,000111101,011101011,111100101,011011100,101001111,110101110
010111011,111110000,111001010,001100011,001111110,011101101,110100110,100011101,011010111
011010110,100100111,001111100,111110001,010101010,001001011,111001100,010001101,100011010
011010110,100100111,001111100,111110001,010101010,001001011,111001100,010001101,100011010
101111000,001110110,110110011,000111101,011101011,111100101,011011100,101001111,110101110
100011011,010010110,111110001,111001000,001011101,101100110,100111100,011111010,010101111
101111000,001110110,110110011,000111101,011101011,111100101,011011100,101001111,110101110
001111010,101110101,110100011,110110100,010101101,011010111,111011001,100011111,111001110
010111011,111110000,111001010,001100011,001111110,011101101,110100110,100011101,011010111
011001110,100000111,001111100,111011001,110101100,011100101,101101011,010111011,111110010
001111010,101110101,110100011,110110100,010101101,011010111,111011001,100011111,111001110
011110110,100100111,011001101,110111100,111101011,001111001,111010001,010011011,101011110
101111000,001110110,110110011,000111101,011101011,111100101,011011100,101001111,110101110
001111001,111110100,111010011,001011110,100110111,011101111,101101010,010111010,110001101
001111001,111110100,111010011,001011110,100110111,011101111,101101010,010111010,110001101
001111001,101110100,111010011,011011110,100001111,010100111,111101000,100111010,110011101
011010110,100100111,001111100,111110001,010101010,001001011,111001100,010001101,100011010
001111001,111110100,111010011,001011110,100110111,011101111,101101010,010111010,110001101
001111010,101110101,110100011,110110100,010101101,011010111,111011001,100011111,111001110
001111010,101110101,110100011,110110100,010101101,011010111,111011001,100011111,111001110
001111010,101110101,110100011,110110100,010101101,011010111,111011001,100011111,111001110
100011001,010111100,111110001,011010111,001101011,101110110,101001101,111001010,110100111
011100111,001111011,101001111,010011110,011010101,110101001,101111100,111010010,100110111
001111001,101110100,111010011,011011110,100001111,010100111,111101000,100111010,110011101
110110010,110010101,101100100,111000011,100011110,100111001,011011000,001110111,010101111
100011001,010111100,111110001,011010111,001101011,101110110,101001101,111001010,110100111
101111000,001110110,110110011,000111101,011101011,111100101,011011100,101001111,110101110
011001110,100000111,001111100,111011001,110101100,011100101,101101011,010111011,111110010
001011011,111110010,111101001,101111100,010111001,011010101,110011110,100100111,011101110
001011011,111110010,111101001,101111100,010111001,011010101,110011110,100100111,011101110
101000111,011100011,101011001,111001010,011011101,111110100,110010011,110101101,000111110
101110110,111100011,101011011,110101100,011111001,001001110,110010000,110001101,011110111
001111001,101110100,111010011,011011110,100001111,010100111,111101000,100111010,110011101
001111001,101110100,111010011,011011110,100001111,010100111,111101000,100111010,110011101
010111011,111110000,111001010,001100011,001111110,011101101,110100110,100011101,011010111
001011011,111110010,111101001,101111100,010111001,011010101,110011110,100100111,011101110
100011011,010010110,111110001,111001000,001011101,101100110,100111100,011111010,010101111
001111010,101110101,110100011,110110100,010101101,011010111,111011001,100011111,111001110
011110110,100100111,011001101,110111100,111101011,001111001,111010001,010011011,101011110
100011011,010010110,111110001,111001000,001011101,101100110,100111100,011111010,010101111
011100111,001111011,101001111,010011110,011010101,110101001,101111100,111010010,100110111
100011110,101110011,001111100,110101101,010111011,001001111,011010101,111001000,011100110
100011011,010010110,111110001,111001000,001011101,101100110,100111100,011111010,010101111
010111011,111110000,111001010,001100011,001111110,011101101,110100110,100011101,011010111
011100111,001111011,101001111,010011110,011010101,110101001,101111100,111010010,100110111
001011011,111110010,111101001,101111100,010111001,011010101,110011110,100100111,011101110
010111011,111110000,111001010,001100011,001111110,011101101,110100110,100011101,011010111
100111001,010110100,111110001,011010111,001101011,101110110,101001101,111001010,110100111
001011011,111110010,111101001,101111100,010111001,011010101,110011110,000111111,011101110
001011011,111110010,111101001,101111100,010111001,011010101,110011110,100100111,011101110
011001110,100000111,001111100,111011001,110101100,011100101,101101011,010111011,111110010
101111000,001110110,110110011,000111101,011101011,111100101,011011100,101001111,110101110
101000111,011100011,101011001,111001010,011011101,111110100,110010011,110101101,000111110
010111011,111110000,111001010,001100011,001111110,011101101,110100110,100011101,011010111
001011011,111110010,111101001,101111100,010111001,011010101,110011110,100100111,011101110
011001110,100000111,001111100,111011001,110101100,011100101,101101011,010111011,111110010
001111001,101110100,111010011,011011110,100001111,010100111,111101000,100111010,110011101
010111011,111110000,111001010,001100011,001111110,011101101,110100110,100011101,011010111
001111001,111110100,111010011,001011110,100110111,011101111,101101010,010111010,110001101
101111010,101010011,110100111,110110001,110101101,011001000,111010101,110001100,110011110
011010110,100100111,001111100,111110001,010101010,001001011,111001100,010001101,100011010
100011011,010010110,111110001,111001000,001011101,101100110,100111100,011111010,010101111
101101010,001110011,111010110,111011001,110000011,011001111,101100101,010111100,100011111
001111001,101110100,111010011,011011110,100001111,010100111,111101000,100111010,110011101
100011011,010010110,111110001,111001000,001011101,101100110,100111100,011111010,010101111
101000111,011100011,101011001,111001010,011011101,111110100,110010011,110101101,000111110
010111011,111110000,111001010,001100011,001111110,011101101,110100110,100011101,011010111
101111000,001110110,110110011,000111101,011101011,111100101,011011100,101001111,110101110
001111010,101110101,110100011,110110100,010101101,011010111,111011001,100011111,111001110
001111001,111110100,111010011,001011110,100110111,011101111,101101010,010111010,110001101
101111000,001110110,110110011,000111101,011101011,111100101,011011100,101001111,110101110
100011011,010010110,111110001,111001000,001011101,101100110,100111100,011111010,010101111
001111001,101110100,111010011,011011110,100001111,010100111,111101000,100111010,110011101
011010110,100100111,001111100,111110001,010101010,001001011,111001100,010001101,100011010
110110010,110010101,101100100,111000011,100011110,100111001,011011000,001110111,010101111
001111010,101110101,110100011,110110100,010101101,011010111,111011001,100011111,111001110
101111000,001110110,110110011,000111101,011101011,111100101,011011100,101001111,110101110
011001110,100000111,001111100,111011001,110101100,011100101,101101011,010111011,111110010
011001110,100000111,001111100,111011001,110101100,011100101,101101011,010111011,111110010
111000110,000111011,110010101,111100011,011011111,101101101,110011100,110101110,110111101
101111000,001110110,110110011,000111101,011101011,111100101,011011100,101001111,110101110
100011011,010010110,111110001,111001000,001011101,101100110,100111100,011111010,010101111
011001110,100000111,001111100,111011001,110101100,011100101,101101011,010111011,111110010
101111000,110110011,101100101,001101011,010111101,111001001,110101110,100011111,011010110
011100111,001111011,101001111,010011110,011010101,110101001,101111100,111010010,100110111
011010110,100100111,001111100,111110001,010101010,001001011,111001100,010001101,100011010
101101010,001110011,111010110,111011001,110000011,011001111,101100101,010111100,100011111
110110010,110010101,101100100,111000011,100011110,100111001,011011000,001110111,010101111
001111010,101110101,110100011,110110100,010101101,011010111,111011001,100011111,111001110
011010110,100100111,001111100,111110001,010101010,001001011,111001100,010001101,100011010
101111000,001110110,110110011,000111101,011101011,111100101,011011100,101001111,110101110
010111011,111110000,111001010,001100011,001111110,011101101,110100110,100011101,011010111
001001110,101100111,001111101,110110101,010101100,011001011,111001011,100111101,011011110
010111011,111110000,111001010,001100011,001111110,011101101,110100110,100011101,011010111
001111001,111110100,111010011,001011110,100110111,011101111,101101010,010111010,110001101
011100111,001111011,101001111,010011110,011010101,110101001,101111100,111010010,100110111
001011011,111110010,111101001,101111100,010111001,011010101,110011110,100100111,011101110
001011011,111110010,111101001,101111100,010111001,011010101,110011110,100100111,011101110
100011011,010010110,111110001,111001000,001011101,101100110,100111100,011111010,010101111
011100111,001111011,101001111,010011110,011010101,110101001,101111100,111010010,100110111
011010110,100100111,001111100,111110001,010101010,001001011,111001100,010001101,100011010
001111010,101110101,110100011,110110100,010101101,011010111,111011001,100011111,111001110
100111110,111110000,101100001,111001100,010111101,001010111,110011011,110100111,011101010
000111110,101110011,001100101,111001000,010001101,001010111,110010111,011011001,011101110
001111010,101110101,110100011,110110100,010101101,011010111,111011001,100011111,111001110
100111110,111110000,101100001,111001100,010111101,001010111,110011011,110100111,011101010
101111000,001110110,110110011,000111101,011101011,111100101,011011100,101001111,110101110
100111110,111110000,101100001,111001100,010111101,001010111,110011011,110100111,011101010
100011001,010111100,111110001,011010111,001101011,101110110,101001101,111001010,110100111
001011011,111110010,111101001,101111100,010111001,011010101,110011110,100100111,011101110
011001110,100000111,001111100,111011001,110101100,011100101,101101011,010111011,111110010
001111001,111110100,111010011,001011110,100110111,011101111,101101010,010111010,110001101
100011011,010010110,111110001,111001000,001011101,101100110,100111100,011111010,010101111
110110010,110010101,101100100,111000011,100011110,100111001,011011000,001110111,010101111
001111001,101110100,111010011,011011110,100001111,010100111,111101000,100111010,110011101
100111110,111110000,101100001,111001100,010111101,001010111,110011011,110100111,011101010
011001110,100000111,001111100,111011001,110101100,011100101,101101011,010111011,111110010
101111000,001110110,110110011,000111101,011101011,111100101,011011100,101001111,110101110
100011110,101110011,001111100,110101101,010111011,001001111,011010101,111001000,011100110
001111001,101110100,111010011,011011110,100001111,010100111,111101000,100111010,110011101
101000111,011100011,101011001,111001010,011011101,111110100,110010011,110101101,000111110
100011011,010010110,111110001,111001000,001011101,101100110,100111100,011111010,010101111
011001110,100000111,001111100,111011001,110101100,011100101,101101011,010111011,111110010
100011011,010010110,111110001,111001000,001011101,101100110,100111100,011111010,010101111
100011110,101110011,001111100,110101101,010111011,001001111,011010101,111001000,011100110
100011011,010010110,111110001,111001000,001011101,101100110,100111100,011111010,010101111
100011011,010010110,111110001,111001000,001011101,101100110,100111100,011111010,010101111
100011001,010111100,111110001,011010111,001101011,101110110,101001101,111001010,110100111
011001110,100000111,001111100,111011001,110101100,011100101,101101011,010111011,111110010
110110010,110010101,101100100,111000011,100011110,100111001,011011000,001110111,010101111
010111011,111110000,111001010,001100011,001111110,011101101,110100110,100011101,011010111
010111011,111110000,111001010,001100011,001111110,011101101,110100110,100011101,011010111
011001110,100000111,001111100,111011001,110101100,011100101,101101011,010111011,111110010
001111010,101110101,110100011,110110100,010101101,011010111,111011001,100011111,111001110
001111010,101110101,110100011,110110100,010101101,011010111,111011001,100011111,111001110
011010110,100100111,001111100,111110001,010101010,001001011,111001100,010001101,100011010
001111001,101110100,111010011,011011110,100001111,010100111,111101000,100111010,110011101
110110010,110010101,101100100,111000011,100011110,100111001,011011000,001110111,010101111
011001110,100000111,001111100,111011001,110101100,011100101,101101011,010111011,111110010
001111010,101110101,110100011,110110100,010101101,011010111,111011001,100011111,111001110
100011001,010111100,111110001,011010111,001101011,101110110,101001101,111001010,110100111
100111110,111110000,101100001,111001100,010111101,001010111,110011011,110100111,011101010
011001110,100000111,001111100,111011001,110101100,011100101,101101011,010111011,111110010
011110110,100100111,011001101,110111100,111101011,001111001,111010001,010011011,101011110
110110010,110010101,101100100,111000011,100011110,100111001,011011000,001110111,010101111
001011011,111110010,111101001,101111100,010111001,011010101,110011110,100100111,011101110
001111001,111110100,111010011,001011110,100110111,011101111,101101010,010111010,110001101
011110110,100100111,011001101,110111100,111101011,001111001,111010001,010011011,101011110
011010110,100100111,001111100,111110001,010101010,001001011,111001100,010001101,100011010
011001110,100000111,001111100,111011001,110101100,011100101,101101011,010111011,111110010
100011011,010010110,111110001,111001000,001011101,101100110,100111100,011111010,010101111
001011011,111110010,111101001,101111100,010111001,011010101,110011110,100100111,011101110
101111000,001110110,110110011,000111101,011101011,111100101,011011100,101001111,110101110
100011001,010111100,111110001,011010111,001101011,101110110,101001101,111001010,110100111
100011110,101110011,001111100,110101101,010111011,001001111,011010101,111001000,011100110
101101010,001110011,111010110,111011001,110000011,011001111,101100101,010111100,100011111
011100111,001111011,101001111,010011110,011010101,110101001,101111100,111010010,100110111
000111110,101110011,001100101,110101000,010001101,011001011,110010100,100100111,011101110
001111001,111110100,111010011,001011110,100110111,011101111,101101010,010111010,110001101
100011001,010111100,111110001,011010111,001101011,101110110,101001101,111001010,110100111
100111110,111110000,101100001,111001100,010111101,001010111,110011011,110100111,011101010
001011011,111110010,111101001,101111100,010111001,011010101,110011110,100100111,011101110
011100111,001111011,101001111,010011110,011010101,110101001,101111100,111010010,100110111
011010110,100100111,001111100,111110001,010101010,001001011,111001100,010001101,100011010
100011011,010010110,111110001,111001000,001011101,101100110,100111100,011111010,010101111
001111001,101110100,111010011,011011110,100001111,010100111,111101000,100111010,110011101
101000111,011100011,101011001,111001010,011011101,111110100,110010011,110101101,000111110
001111010,101110101,110100011,110110100,010101101,011010111,111011001,100011111,111001110
001111010,101110101,110100011,110110100,010101101,011010111,111011001,100011111,111001110
100011001,010111100,111110001,011010111,001101011,101110110,101001101,111001010,110100111
101111000,110110011,101100101,001101011,010111101,111001001,110101110,100011111,011010110
011110110,100100111,011001101,110111100,111101011,001111001,111010001,010011011,101011110
010111011,111110000,111001010,001100011,001111110,011101101,110100110,100011101,011010111
011001110,100000111,001111100,111011001,110101100,011100101,101101011,010111011,111110010
011100111,001111011,101001111,010011110,011010101,110101001,101111100,111010010,100110111
001111010,101110101,110100011,110110100,010101101,011010111,111011001,100011111,111001110
101111000,001110110,110110011,000111101,011101011,111100101,011011100,101001111,110101110
011001110,100000111,001111100,111011001,110101100,011100101,101101011,010111011,111110010
101000111,011100011,101011001,111001010,011011101,111110100,110010011,110101101,000111110
001111001,111110100,111010011,001011110,100110111,011101111,101101010,010111010,110001101
100011110,101110011,001111100,110101101,010111011,001001111,011010101,111001000,011100110
001111001,101110100,111010011,011011110,100001111,010100111,111101000,100111010,110011101
110110010,110010101,101100100,111000011,100011110,100111001,011011000,001110111,010101111
011010110,100100111,001111100,111110001,010101010,001001011,111001100,010001101,100011010
001011011,111110010,111101001,101111100,010111001,011010101,110011110,100100111,011101110
100011001,010111100,111110001,011010111,001101011,101110110,101001101,111001010,110100111
100011110,101110011,001111100,110101101,010111011,001001111,011010101,111001000,011100110
001111001,101110100,111010011,011011110,100001111,010100111,111101000,100111010,110011101
011001110,100000111,001111100,111011001,110101100,011100101,101101011,010111011,111110010
011010110,100100111,001111100,111110001,010101010,001001011,111001100,010001101,100011010
110110010,110010101,101100100,111000011,100011110,100111001,011011000,001110111,010101111
100011011,010010110,111110001,111001000,001011101,101100110,100111100,011111010,010101111
100011011,001110110,111110001,000101000,001011101,001100110,100111100,011111010,010101111
100011001,010111100,111110001,011010111,001101011,101110110,101001101,111001010,110100111
010111011,111110000,111001010,001100011,001111110,011101101,110100110,100011101,011010111
001111010,101110101,110100011,110110100,010101101,011010111,111011001,100011111,111001110
110110010,110010101,101100100,111000011,100011110,100111001,011011000,001110111,010101111
011001110,100000111,001111100,111011001,110101100,011100101,101101011,010111011,111110010
011100111,001111011,101001111,010011110,011010101,110101001,101111100,111010010,100110111
011001110,100000111,001111100,111011001,110101100,011100101,101101011,010111011,111110010
001011011,111110010,111101001,101111100,010111001,011010101,110011110,100100111,011101110
011001110,100000111,001111100,111011001,110101100,011100101,101101011,010111011,111110010
001111010,101110101,110100011,110110100,010101101,011010111,111011001,100011111,111001110
001111001,101110100,111010011,011011110,100001111,010100111,111101000,100111010,110011101
101101010,001110011,111010110,111011001,110000011,011001111,101100101,010111100,100011111
110110010,110010101,101100100,111000011,100011110,100111001,011011000,001110111,010101111
101101010,001110011,111010110,111011001,110000011,011001111,101100101,010111100,100011111
101000111,011100011,101011001,111001010,011011101,111110100,110010011,110101101,000111110
100111110,111110000,101100001,111001100,010111101,001010111,110011011,110100111,011101010
010111011,111110000,111001010,001100011,001111110,011101101,110100110,100011101,011010111
001111001,111110100,111010011,001011110,100110111,011101111,101101010,010111010,110001101
011110110,100100111,011001101,110111100,111101011,001111001,111010001,010011011,101011110
011100111,001111011,101001111,010011110,011010101,110101001,101111100,111010010,100110111
100011001,010111100,111110001,011010111,001101011,101110110,101001101,111001010,110100111
101111000,110110010,111011100,000101011,101010111,111101001,101011110,101001111,101010111
011010110,100100111,001111100,111110001,010101010,001001011,111001100,010001101,100011010
110110010,110010101,101100100,111000011,100011110,100111001,011011000,001110111,010101111
101000111,011100011,101011001,111001010,011011101,111110100,110010011,110101101,000111110
100111110,111110000,101100001,111001100,010111101,001010111,110011011,110100111,011101010
011100111,001111011,101001111,010011110,011010101,110101001,101111100,111010010,100110111
001111001,101110100,111010011,011011110,100001111,010100111,111101000,100111010,110011101
010111011,111110000,111001010,001100011,001111110,011101101,110100110,100011101,011010111
100111110,111110000,101100001,111001100,010111101,001010111,110011011,110100111,011101010
100011001,010111100,111110001,011010111,001101011,101110110,101001101,111001010,110100111
100111110,111110000,101100001,111001100,010111101,001010111,110011011,110100111,011101010
010111011,111110000,111001010,001100011,001111110,011101101,110100110,100011101,011010111
001011011,111110010,111101001,101111100,010111001,011010101,110011110,100100111,011101110
010111011,111110000,111001010,001100011,001111110,011101101,110100110,100011101,011010111
101000111,011100011,101011001,111001010,011011101,111110100,110010011,110101101,000111110
100011011,001110110,111110001,000101011,001011100,101100110,111011100,110101010,010100110
001111001,101110100,111010011,011011110,100001111,010100111,111101000,100111010,110011101
101101010,001110011,111010110,111011001,110000011,011001111,101100101,010111100,100011111
100011011,010010110,111110001,111001000,001011101,101100110,100111100,011111010,010101111
001111001,101110100,111010011,011011110,100001111,010100111,111101000,100111010,110011101
001111010,101110101,110100011,110110100,010101101,011010111,111011001,100011111,111001110
011100111,001111011,101001111,010011110,011010101,110101001,101111100,111010010,100110111
001011011,111110010,111101001,101111100,010111001,011010101,110011110,100100111,011101110
101000111,011100011,101011001,111001010,011011101,111110100,110010011,110101101,000111110
001111010,101110101,110100011,110110100,010101101,011010111,111011001,100011111,111001110
100011001,010111100,111110001,011010111,001101011,101110110,101001101,111001010,110100111
011001110,100000111,001111100,111011001,110101100,011100101,101101011,010111011,111110010
001111001,101110100,111010011,011011110,100001111,010100111,111101000,100111010,110011101
001111001,111110100,111010011,001011110,100110111,011101111,101101010,010111010,110001101
100011011,010010110,111110001,111001000,001011101,101100110,100111100,011111010,010101111
101101010,001110011,111010110,111011001,110000011,011001111,101100101,010111100,100011111
001111001,101110100,111010011,011011110,100001111,010100111,111101000,100111010,110011101
011001110,100000111,001111100,111011001,110101100,011100101,101101011,010111011,111110010
100011011,010010110,111110001,111001000,001011101,101100110,100111100,011111010,010101111
001111010,101110101,110100011,110110100,010101101,011010111,111011001,100011111,111001110
100011011,010010110,111110001,111001000,001011101,101100110,100111100,011111010,010101111
101000111,011100011,101011001,111001010,011011101,111110100,110010011,110101101,000111110
011001110,100000111,001111100,111011001,110101100,011100101,101101011,010111011,111110010
110110010,110010101,101100100,111000011,100011110,100111001,011011000,001110111,010101111
101000111,011100011,101011001,111001010,011011101,111110100,110010011,110101101,000111110
011010110,100100111,001111100,111110001,010101010,001001011,111001100,010001101,100011010
100011011,010010110,111110001,111001000,001011101,101100110,100111100,011111010,010101111
010111011,111110000,111001010,001100011,001111110,011101101,110100110,100011101,011010111
110110010,110010101,101100100,111000011,100011110,100111001,011011000,001110111,010101111
010111011,111110000,111001010,001100011,001111110,011101101,110100110,100011101,011010111
011010110,100100111,001111100,111110001,010101010,001001011,111001100,010001101,100011010
101101010,001110011,111010110,111011001,110000011,011001111,101100101,010111100,100011111
011110110,100100111,011001101,110111100,111101011,001111001,111010001,010011011,101011110
001011011,111110010,111101001,101111100,010111001,011010101,110011110,100100111,011101110
100011011,010010110,111110001,111001000,001011101,101100110,100111100,011111010,010101111
110110010,110010101,101100100,111000011,100011110,100111001,011011000,001110111,010101111
011001110,100000111,001111100,111011001,110101100,011100101,101101011,010111011,111110010
001111001,111110100,111010011,001011110,100110111,011101111,101101010,010111010,110001101
001111010,101110101,110100011,110110100,010101101,011010111,111011001,100011111,111001110
100011011,010010110,111110001,111001000,001011101,101100110,100111100,011111010,010101111
011010110,100100111,001111100,111110001,010101010,001001011,111001100,010001101,100011010
101101010,001110011,111010110,111011001,110000011,011001111,101100101,010111100,100011111
101000111,011100011,101011001,111001010,011011101,111110100,110010011,110101101,000111110
010111011,111110000,111001010,001100011,001111110,011101101,110100110,100011101,011010111
001111010,101110101,110100011,110110100,010101101,011010111,111011001,100011111,111001110
001011011,111110010,111101001,101111100,010111001,011010101,110011110,100100111,011101110
100011011,010010110,111110001,111001000,001011101,101100110,100111100,011111010,010101111
011010110,100100111,001111100,111110001,010101010,001001011,111001100,010001101,100011010
001111001,101110100,111010011,011011110,100001111,010100111,111101000,100111010,110011101
010111011,111110000,111001010,001100011,001111110,011101101,110100110,100011101,011010111
001111001,101110100,111010011,011011110,100001111,010100111,111101000,100111010,110011101
100011110,101110011,001111100,110101101,010111011,001001111,011010101,111001000,011100110
100011011,010010110,111110001,111001000,001011101,101100110,100111100,011111010,010101111
001111001,101110100,111010011,011011110,100001111,010100111,111101000,100111010,110011101
011110110,100100110,011001101,111011001,010001101,001111101,111001100,010011010,010010011
100011011,010010110,111110001,111001000,001011101,101100110,100111100,011111010,010101111
011010110,100100111,001111100,111110001,010101010,001001011,111001100,010001101,100011010
101101010,001110011,111010110,111011001,110000011,011001111,101100101,010111100,100011111
011100111,001111011,101001111,010011110,011010101,110101001,101111100,111010010,100110111
100011110,101110011,001111100,110101101,010111011,001001111,011010101,111001000,011100110
011110110,100100111,011001101,110111100,111101011,001111001,111010001,010011011,101011110
100011011,010010110,111110001,111001000,001011101,101100110,100111100,011111010,010101111
001011011,111110010,111101001,101111100,010111001,011010101,110011110,100100111,011101110
001111010,101110101,110100011,110110100,010101101,011010111,111011001,100011111,111001110
100011011,010010110,111110001,111001000,001011101,101100110,100111100,011111010,010101111
001111010,101110101,110100011,110110100,010101101,011010111,111011001,100011111,111001110
101000111,011100011,101011001,111001010,011011101,111110100,110010011,110101101,000111110
011100111,001111011,101001111,010011110,011010101,110101001,101111100,111010010,100110111
100011110,101110011,001111100,110101101,010111011,001001111,011010101,111001000,011100110
001111001,101110100,111010011,011011110,100001111,010100111,111101000,100111010,110011101
011100111,001111011,101001111,010011110,011010101,110101001,101111100,111010010,100110111
001011011,111110010,111101001,101111100,010111001,011010101,110011110,100100111,011101110
001111010,101110101,110100011,110110100,010101101,011010111,111011001,100011111,111001110
011100111,001111011,101001111,010011110,011010101,110101001,101111100,111010010,100110111
101101010,001110011,111010110,111011001,110000011,011001111,101100101,010111100,100011111
001011011,111110010,111101001,101111100,010111001,011010101,110011110,100100111,011101110
011001110,100000111,001111100,111011001,110101100,011100101,101101011,010111011,111110010
001111010,101110101,110100011,110110100,010101101,011010111,111011001,100011111,111001110
101101010,001110011,111010110,111011001,110000011,011001111,101100101,010111100,100011111
100011110,101110011,001111100,110101101,010111011,001001111,011010101,111001000,011100110
100111110,111110000,101100001,111001100,010111101,001010111,110011011,110100111,011101010
001011011,111110010,111101001,101111100,010111001,011010101,110011110,100100111,011101110
011001110,100000111,001111100,111011001,110101100,011100101,101101011,010111011,111110010
011110110,100100111,011001101,110111100,111101011,001111001,111010001,010011011,101011110
001111010,101110101,110100011,110110100,010101101,011010111,111011001,100011111,111001110
001111010,101110101,110100011,110110100,010101101,011010111,111011001,100011111,111001110
100011011,010010110,111110001,111001000,001011101,101100110,100111100,011111010,010101111
101111000,110110011,101100101,001101011,010111101,111001001,110101110,100011111,011010110
101101010,001110011,111010110,111011001,110000011,011001111,101100101,010111100,100011111
011001110,100000111,001111100,111011001,110101100,011100101,101101011,010111011,111110010
011010110,100100111,001111100,111110001,010101010,001001011,111001100,010001101,100011010
100011001,010111100,111110001,011010111,001101011,101110110,101001101,111001010,110100111
100111110,111110000,101100001,111001100,010111101,001010111,110011011,110100111,011101010
011010110,100100111,001111100,111110001,010101010,001001011,111001100,010001101,100011010
100011001,010111100,111110001,011010111,001101011,101110110,101001101,111001010,110100111
011001110,100000111,001111100,111011001,110101100,011100101,101101011,010111011,111110010
100111110,111110000,101100001,111001100,010111101,001010111,110011011,110100111,011101010
011010110,100100111,001111100,111110001,010101010,001001011,111001100,010001101,100011010
101000111,011100011,101011001,111001010,011011101,111110100,110010011,110101101,000111110
011010110,100100111,001111100,111110001,010101010,001001011,111001100,010001101,100011010
100011011,010010110,111110001,111001000,001011101,101100110,100111100,011111010,010101111
011010110,100100111,001111100,111110001,010101010,001001011,111001100,010001101,100011010
011001110,100000111,001111100,111011001,110101100,011100101,101101011,010111011,111110010
010111011,111110000,111001010,001100011,001111110,011101101,110100110,100011101,011010111
010111011,111110000,111001010,001100011,001111110,011101101,110100110,100011101,011010111
001101011,101111100,111010011,011011110,010110110,010101101,111101010,100101010,100001101
101111000,001110110,110110011,000111101,011101011,111100101,011011100,101001111,110101110
100011011,010010110,111110001,111001000,001011101,101100110,100111100,011111010,010101111
101101010,001110011,111010110,111011001,110000011,011001111,101100101,010111100,100011111
100111110,111110000,101100001,111001100,010111101,001010111,110011011,110100111,011101010
011001110,100000111,001111100,111011001,110101100,011100101,101101011,010111011,111110010
011010110,100100111,001111100,111110001,010101010,001001011,111001100,010001101,100011010
101111000,001110110,110110011,000111101,011101011,111100101,011011100,101001111,110101110
101111000,001110110,110110011,000111101,011101011,111100101,011011100,101001111,110101110
110110010,110010101,101100100,111000011,100011110,100111001,011011000,001110111,010101111
001111001,101110100,111010011,011011110,100001111,010100111,111101000,100111010,110011101
001111010,101110101,110100011,110110100,010101101,011010111,111011001,100011111,111001110
011001110,100000111,001111100,111011001,110101100,011100101,101101011,010111011,111110010
001111010,101110101,110100011,110110100,010101101,011010111,111011001,100011111,111001110
101000111,011100011,101011001,111001010,011011101,111110100,110010011,110101101,000111110
011001110,100000111,001111100,111011001,110101100,011100101,101101011,010111011,111110010
100111110,111110000,101100001,111001100,010111101,001010111,110011011,110100111,011101010
110110010,110010101,101100100,111000011,100011110,100111001,011011000,001110111,010101111
110110010,110010101,101100100,111000011,100011110,100111001,011011000,001110111,010101111
101000111,011100011,101011001,111001010,011011101,111110100,110010011,110101101,000111110
011010110,100100111,001111100,111110001,010101010,001001011,111001100,010001101,100011010
010111011,111110000,111001010,001100011,000111110,011101101,110100110,100011101,011010110
001011011,111110010,111101001,101111100,010111001,011010101,110011110,100100111,011101110
011010110,100100111,001111100,111110001,010101010,001001011,111001100,010001101,100011010
011001110,100000111,001111100,111011001,110101100,011100101,101101011,010111011,111110010
100111110,111110000,101100001,111001100,010111101,001010111,110011011,110100111,011101010
001001110,101100111,001111101,110110101,010101100,011001011,111001011,100111101,011011110
011001110,100000111,001111100,111011001,110101100,011100101,101101011,010111011,111110010
001111001,111110100,111010011,001011110,100110111,011101111,101101010,010111010,110001101
101101001,001111100,111000011,001011110,001011011,111110101,100101100,110100110,000100101
110011111,000111011,111011100,011111101,010000110,110101010,011000111,001011101,011110110
100011001,010111100,111110001,011010111,001101011,101110110,101001101,111001010,110100111
100011011,010010110,111110001,111001000,001011101,101100110,100111100,011111010,010101111
011010110,100100111,001111100,111110001,010101010,001001011,111001100,010001101,100011010
100011011,010010110,111110001,111001000,001011101,101100110,100111100,011111010,010101111
100011110,101110011,001111100,110101101,010111011,001001111,011010101,111001000,011100110
101101010,001110011,111010110,111011001,110000011,011001111,101100101,010111100,100011111
100011011,010010110,111110001,111001000,001011101,101100110,100111100,011111010,010101111
011010110,100100111,001111100,111110001,010101010,001001011,111001100,010001101,100011010
001101010,101110101,110100011,110110100,010101101,011010111,111011001,100011111,111001110
100011001,010111100,111110001,011010111,001101011,101110110,101001101,111001010,110100111
100111110,111110000,101100001,111001100,010111101,001010111,110011011,110100111,011101010
011010110,100100111,001111100,111110001,010101010,001001011,111001100,010001101,100011010
011001110,100000111,001111100,111011001,110101100,011100101,101101011,010111011,111110010
100011110,101110011,001111100,110101101,010111011,001001111,011010101,111001000,011100110
100011110,101110011,001111100,110101101,010111011,001001111,011010101,111001000,01110
100011110,101110011,001111100,110101101,010111011,001001111,011010101,111001000,011100110
101101010,001110011,111010110,111011001,110000011,011001111,101100101,010111100,100011111
011110110,100100111,011001101,110111100,111101011,001111001,111010001,010011011,101011110
100011001,010111100,111110001,011010111,001101011,101110110,101001101,111001010,110100111
101111000,001110110,110110011,000111101,011101011,111100101,011011100,101001111,110101110
001111001,101110100,111010011,011011110,100001111,010100111,111101000,100111010,110011101
101111000,001110110,110110011,000111101,011101011,111100101,011011100,101001111,110101110
001111001,101110100,111010011,011011110,100001111,010100111,111101000,100111010,110011101
101111000,001110110,110110011,000111101,011101011,111100101,011011100,101001111,110101110
101000111,011100011,101011001,111001010,011011101,111110100,110010011,110101101,000111110
101101110,101110011,110010011,111111001,010111101,011011001,111011010,110001111,111111110
001111010,101110101,110100011,110110100,010101101,011010111,111011001,100011111,111001110
001111001,101110100,111010011,011011110,100001111,010100111,111101000,100111010,110011101
001111001,101110100,111010011,011011110,100001111,010100111,111101000,100111010,110011101
100011110,101110011,001111100,110101101,010111011,001001111,011010101,111001000,011100110
100011001,010111100,111110001,011010111,001101011,101110110,101001101,111001010,110100111
001111001,101110100,111010011,011011110,100001111,010100111,111101000,100111010,110011101
001111001,101110100,111010011,011011110,100001111,010100111,111101000,100111010,110011101
001111001,101110100,111010011,011011110,100001111,010100111,111101000,100111010,110011101
011001110,100000111,001111100,111011001,110101100,011100101,101101011,010111011,111110010
001111001,101110100,111010011,011011110,100001111,010100111,111101000,100111010,110011101
001011011,111110010,111101001,101111100,010111001,011010101,110011110,100100111,011101110
110110010,110010101,101100100,111000011,100011110,100111001,011011000,001110111,010101111
001111001,111110100,111010011,001011110,100110111,011101111,101101010,010111010,110001101
001111001,101110100,111010011,011011110,100001111,010100111,111101000,100111010,110011101
100011011,010010110,111110001,111001000,001011101,101100110,100111100,011111010,010101111
001111010,101110101,110100011,110110100,010101101,011010111,111011001,100011111,111001110
011100111,001111011,101001111,010011110,011010101,110101001,101111100,111010010,100110111
101001110,001110011,111011001,111001101,110110111,111011000,101100111,001010111,101010110
100111110,111110000,101100001,111001100,010111101,001010111,110011011,110100111,011101010
100011011,010010110,111110001,111001000,001011101,101100110,100111100,011111010,010101111
011100111,001111011,101001111,010011110,011010101,110101001,101111100,111010010,100110111
011001110,100000111,001111100,111011001,110101100,011100101,101101011,010111011,111110010
101101010,001110011,111010110,111011001,110000011,011001111,101100101,010111100,100011111
101111000,001110110,110110011,000111101,011101011,111100101,011011100,101001111,110101110
011001110,100000111,001111100,111011001,110101100,011100101,101101011,010111011,111110010
100111110,111110000,101100001,111001100,010111101,001010111,110011011,110100111,011101010
001111010,101110101,110100011,110110100,010101101,011010111,111011001,100011111,111001110
011010110,100100111,001111100,111110001,010101010,001001011,111001100,010001101,100011010
100011001,010111100,111110001,011010111,001101011,101110110,101001101,111001010,110100111
010111011,111110000,111001010,001100011,001111110,011101101,110100110,100011101,011010111
100111110,111110000,101100001,111001100,010111101,001010111,110011011,110100111,011101010
001111001,111110100,111010011,001011110,100110111,011101111,101101010,010111010,110001101
100011011,010010110,111110001,111001000,001011101,101100110,100111100,011111010,010101111
010111011,111110000,111001010,001100011,001111110,011101101,110100110,100011101,011010111
001111001,111110100,111010011,001011110,100110111,011101111,101101010,010111010,110001101
011010110,100100111,001111100,111110001,010101010,001001011,111001100,010001101,100011010
100111110,111110000,101100001,111001100,010111101,001010111,110011011,110100111,010101010
101111000,110110011,101100101,001101011,010111101,111001001,110101110,100011111,011010110
011010110,100100111,001111100,111110001,010101010,001001011,111001100,010001101,100011010
100011011,010010110,111110001,111001000,001011101,101100110,100111100,011111010,010101111
011001110,100000111,001111100,111011001,110101100,011100101,101101011,010111011,111110010
001011011,111110010,111101001,101111100,010111001,011010101,110011110,100100111,011101110
011100111,001111011,101001111,010011110,011010101,110101001,101111100,111010010,100110111
101101010,001110011,111010110,111011001,110000011,011001111,101100101,010111100,100011111
110110010,110010101,101100100,111000011,100011110,100111001,011011000,001110111,010101111
100011001,010111100,111110001,011010111,001101000,101101010,100111100,111001101,110100110
000011110,101110011,001101101,110101001,101011010,001010111,110001011,110001101,011010110
101111000,001110110,110110011,000111101,011101011,111100101,011011100,101001111,110101110
001011011,111110010,111101001,101111100,010111001,011010101,110011110,100100111,011101110
011100111,001111011,101001111,010011110,011010101,110101001,101111100,111010010,100110111
001011011,111110010,111101001,101111100,010111001,011010101,110011110,100100111,011101110
101000111,011100011,101011001,111001010,011011101,111110100,110010011,110101101,000111110
010111011,111110000,111001010,001100011,001111110,011101101,110100110,100011101,011010111
010111011,111110000,111001010,001100011,001111110,011101101,110100110,100011101,011010111
001111001,101110100,111010011,011011110,100001111,010100111,111101000,100111010,110011101
001111010,101110101,110100011,110110100,010101101,011010111,111011001,100011111,111001110
010111011,111110000,111001010,001100011,001111110,011101101,110100110,100011101,011010111
100011011,010010110,111110001,111001000,001011101,101100110,100111100,011111010,010101111
011010110,100100111,001111100,111110001,010101010,001001011,111001100,010001101,100011010
011010110,100100111,001111100,111110001,010101010,001001011,111001100,010001101,100011010
100011001,010111100,111110001,001010111,001011011,101110110,100111101,011011010,110101111
010111011,111110000,111001010,001100011,001111110,011101101,110100110,100011101,011010111
001001110,101100111,001111101,110110101,010101100,011001101,111001100,100011101,011011110
101101010,001110011,111010110,111011001,110000011,011001111,101100101,010111100,100011111
011010110,100100111,001111100,111110001,010101010,001001011,111001100,010001101,100011010
001111001,101110100,111010011,011011110,100001111,010100111,111101000,100111010,110011101
011001110,100000111,001111100,111011001,110101100,011100101,101101011,010111011,111110010
001111001,101110100,111010011,011011110,100001111,010100111,111101000,100111010,110011101
100011011,010010110,111110001,111001000,001011101,101100110,100111100,011111010,010101111
100011110,101110011,001111100,110101101,010111011,001001111,011010101,111001000,011100110
100011001,010111100,111110001,011010111,001101011,101110110,101001101,111001010,110100111
001011011,111110010,111101001,101111100,010111001,011010101,110011110,100100111,011101110
011010110,100100111,001111100,111110001,010101010,001001011,111001100,010001101,100011010
011100111,001111011,101001111,010011110,011010101,110101001,101111100,111010010,100110111
100011011,010010110,111110001,111001000,001011101,101100110,100111100,011111010,010101111
011010110,100100111,001111100,111110001,010101010,001001011,111001100,010001101,100011010
001111001,101110100,111010011,011011110,100001111,010100111,111101000,100111010,110011101
011110110,100100111,011001101,110111100,111101011,001111001,111010001,010011011,101011110
011110110,100100111,011001101,110111100,111101010,001111001,111010001,010011011,101011110
110110010,110010101,101100100,111000011,100011110,100111001,011011000,001110111,010101111
001111010,101110101,110100011,110110100,010101101,011010111,111011001,100011111,111001110
100011110,101110011,001111100,110101101,010111011,001001111,011010101,111001000,011100110
011010110,100100111,001111100,111110001,010101010,001001011,111001100,010001101,100011010
110110010,110010101,101100100,111000011,100011110,100111001,011011000,001110111,010101111
001111010,101110101,110100011,110110100,010101101,011010111,111011001,100011111,111001110
001111001,111110100,111010011,001011110,100110111,011101111,101101010,010111010,110001101
011001110,100000111,001111100,111011001,110101100,011100101,101101011,010111011,111110010
100011001,010111100,111110001,011010111,001101011,101110110,101001101,111001010,110100111
011001110,100000111,001111100,111011001,110101100,011100101,101101011,010111011,111110010
001011011,111110010,111101001,101111100,010111001,011010101,110011110,100100111,011101110
110110010,110010101,101100100,111000011,100011110,100111001,011011000,001110111,010101111
001111001,101110100,111010011,011011110,100001111,010100111,111101000,100111010,110011101
110110010,110010101,101100100,111000011,100011110,100111001,011011000,001110111,010101111
001011011,111110010,111101001,101111100,010111001,011010101,110011110,100100111,011101110
101111000,001110110,110110011,000111101,011101011,111100101,011011100,101001111,110101110
100111110,111110000,101100001,111001100,010111101,001010111,110011011,110100111,011101010
001011011,111110010,111101001,101111100,010111001,011010101,110011110,100100111,011101110
101011001,101110011,001110011,000101011,101001111,011101111,111001000,100101101,011101110
001111010,101110101,110100011,110110100,010101101,011010111,111011001,100011111,111001110
100011001,010111100,111110001,011010111,001101011,101110110,101001101,111001010,110100111
001111010,101110101,110100011,110110100,010101101,011010111,111011001,100011111,111001110
011010110,100100111,001111100,111110001,010101010,001001011,111001100,010001101,100011010
001111001,111110100,111010011,001011110,100110111,011101111,101101010,010111010,110001101
100011001,010111100,111110001,011010111,001101011,101110110,101001101,111001010,110100111
010111011,111110000,111001010,001100011,001111110,011101101,110100110,100011101,011010111
001111001,111110100,111010011,001011110,100110111,011101111,101101010,010111010,110001101
011010110,100100111,001111100,111110001,010101010,001001011,111001100,010001101,100011010
001011011,111110010,111101001,101111100,010111001,011010101,110011110,100100111,011101110
011001110,100000111,001111100,111011001,110101100,011100101,101101011,010111011,111110010
001111010,101110101,110100011,110110100,010101101,011010111,111011001,100011111,111001110
001101011,101111100,111010011,011011101,010110110,011010101,111101010,100101110,100011101
100111110,111110000,101100001,111001100,010111101,001010111,110011011,110100111,011101010
011001110,100000111,001111100,111011001,110101100,011100101,101101011,010111011,111110010
001111010,101110101,110100011,110110100,011101101,011010111,111011001,100101101,111001110
101000111,011100011,101011001,111001010,011011101,111110100,110010011,110101101,000111110
001011011,111110010,111101001,101111100,010111001,011010101,110011110,100100111,011101110
011100111,001111011,101001111,010011110,011010101,110101001,101111100,111010010,100110111
101111000,001110110,110110011,000111101,011101011,111100101,011011100,101001111,110101110
101101010,001110011,111010110,111011001,110000011,011001111,101100101,010111100,100011111
001111010,101110101,110100011,110110100,010101101,011010111,111011001,100011111,111001110
100011001,010111100,111110001,011010111,001101011,101110110,101001101,111001010,110100111
100011011,010010110,111110001,111001000,001011101,101100110,100111100,011111010,010101111
100011011,010010110,111110001,111001000,001011101,101100110,100111100,011111010,010101111
101111000,110110011,101100101,001101011,010111101,111001001,110101110,100011111,011010110
101111000,110110011,101100101,001101011,010111101,111001001,110101110,100011111,011010110
100011011,010010110,111110001,111001000,001011101,101100110,100111100,011111010,010101111
001011011,111110010,111101001,101111100,010111001,011010101,110011110,100100111,011101110
011010110,100100111,001111100,111110001,010101010,001001011,111001000,010001111,100011010
001011011,111110010,111101001,101111100,010111001,011010101,110011110,100100111,011101110
101111000,001110110,110110011,000111101,011101011,111100101,011011100,101001111,110101110
101111000,001110110,110110011,000111101,011101011,111100101,011011100,101001111,110101110
011010110,100100111,001111100,111110001,010101010,001001011,111001100,010001101,100011010
011010110,100100111,001111100,111110001,010101010,001001011,111001100,010001101,100011010
011001110,100000111,001111100,111011001,110101100,011100101,101101011,010111011,111110010
100011001,010111100,111110001,011010111,001101011,101110110,101001101,111001010,110100111
011010110,100100111,001111100,111110001,010101010,001001011,111001100,010001101,100011010
011100111,001111011,101001111,010011110,011010101,110101001,101111100,111010010,100110111
101101010,001110011,111010110,111011001,110000011,011001111,101100101,010111100,100011111
100011110,101110011,001111100,110101101,010111011,001001111,011010101,111001000,011100110
001111010,101110101,110100011,110110100,010101101,011010111,111011001,100011111,111001110
011010110,100100111,001111100,111110001,010101010,001001011,111001100,010001101,100011010
011010110,100100111,001111100,111110001,010101010,001001011,111001100,010001101,100011010
001101010,101110101,110100011,110110100,010101101,011010111,111011001,100011111,111001110
011001110,100000111,001111100,111011001,110101100,011100101,101101011,010111011,111110010
011001110,100000111,001111100,111011001,110101100,011100101,101101011,010111011,111110010
001011011,111110010,111101001,101111100,011011001,011010111,100111011,011111110,110101110
011010110,100100111,001111100,111110001,010101010,001001011,111001100,010001101,100011010
011010110,100100111,001111100,111110001,010101010,001001011,111001100,010001101,100011010
100011001,010111100,111110001,011010111,001101011,101110110,101001101,111001010,110100111
010111011,111110000,111001010,001100011,001111110,011101101,110100110,100011101,011010111
001111010,101110101,110100011,110110100,010101101,011010111,111011001,100011111,111001110
001011011,111110010,111101001,101111100,010111001,011010101,110011110,100100111,011101110
011001110,100000111,001111100,111011001,110101100,011100101,101101011,010111011,111110010
001011011,111110010,111101001,101111100,010111001,011010101,110011110,100100111,011101110
101000111,011100011,101011001,111001010,011011101,111110100,110010011,110101101,000111110
110110010,110010101,101100100,111000011,100011110,100111001,011011000,001110111,010101111
010111011,111110000,111001010,001100011,001111110,011101101,110100110,100011101,011010111
100011011,010010110,111110001,111001000,001011101,101100110,100111100,011111010,010101111
110110010,110010101,101100100,111000011,100011110,100111001,011011000,001110111,010101111
010111011,111110000,111001010,001100011,001111110,011101101,110100110,100011101,011010111
100011011,010010110,111110001,111001000,001011101,101100110,100111100,011111010,010101111
001111001,111110100,111010011,001011110,100110111,011101111,101101010,010111010,110001101
010111011,111110000,111001010,001100011,001111110,011101101,110100110,100011101,011010111
011010110,100100111,001111100,111110001,010101010,001001011,111001100,010001101,100011010
001111010,101110101,110100011,110110100,010101101,011010111,111011001,100011111,111001110
100111110,111110000,101100001,111001100,010111101,001010111,110011011,110100111,011101010
100111110,111110000,101100001,111001100,010111101,001010111,110011011,110100111,011101010
100011110,101110011,001111100,110101101,010111011,001001111,011010101,111001000,011100110
110110010,110010101,101100100,111000011,100011110,100111001,011011000,001110111,010101111
101111000,110110011,101100101,001101011,010111101,111001001,110101110,100011111,011010110
100011011,010010110,111110001,111001000,001011101,101100110,100111100,011111010,010101111
011100111,001111011,101001111,010011110,011010101,110101001,101111100,111010010,100110111
010111011,111110000,111001010,001100011,001111110,011101101,110100110,100011101,011010111
110110010,110010101,101100100,111000011,100011110,100111001,011011000,001110111,010101111
100011110,101110011,001111100,110101101,010111011,001001111,011010101,111001000,011100110
001111001,111110100,111010011,001011110,100110111,011101111,101101010,010111010,110001101
011110110,100100111,011001101,110111100,111101011,001111001,111010001,010011011,101011110
001011011,111110010,111101001,101111100,010111001,011010101,110011110,100100111,011101110
101101010,001110011,111010110,111011001,110000011,011001111,101100101,010111100,100011111
101111000,110110011,101100101,001101011,010111101,111001001,110101110,100011111,011010110
001111010,101110101,110100011,110110100,010101101,011010111,111011001,100011111,111001110
011100111,001111011,101001111,010011110,011010101,110101001,101111100,111010010,100110111
001111010,101110101,110100011,110110100,010101101,011010111,111011001,100011111,111001110
101111000,001110110,110110011,000111101,011101011,111100101,011011100,101001111,110101110
001111001,111110100,111010011,001011110,100110111,011101111,101101010,010111010,110001101
100011011,010010110,111110001,111001000,001011101,101100110,100111100,011111010,010101111
001111010,101110101,110100011,110110100,010101101,011010111,111011001,100011111,111001110
001011011,111110010,111101001,101111100,010111001,011010101,110011110,100100111,011101110
001011011,111110010,111101001,101111100,010111001,011010101,110011110,100100111,011101110
010111011,111110000,111001010,001100011,001111110,011101101,110100110,100011101,011010111
101000111,011100011,101011001,111001010,011011101,111110100,110010011,110101101,000111110
001111001,111110100,111010011,001011110,100110111,011101111,101101010,010111010,110001101
101101010,001110011,111010110,111011001,110000011,011001111,101100101,010111100,100011111
011001110,100000111,001111100,111011001,110101100,011100101,101101011,010111011,111110010
011110110,100100111,011001101,110111100,111101011,001111001,111010001,010011011,101011110
110110010,110010101,101100100,111000011,100011110,100111001,011011000,001110111,010101111
001111001,101110100,111010011,011011110,100001111,010100111,111101000,100111010,110011101
100111110,111110000,101100001,111001100,010111101,001010111,110011011,110100111,011101010
011001110,100000111,001111100,111011001,110101100,011100101,101101011,010111011,111110010
101101011,001111110,111010011,011011011,001011101,111101000,111011100,110101010,000111101
101111010,101010011,110100111,110110001,110101101,011001000,111010101,110001100,110011110
001111001,101110100,111010011,011011110,100001111,010100111,111101000,100111010,110011101
110110010,110010101,101100100,111000011,100011110,100111001,011011000,001110111,010101111
001111001,101110100,111010011,011011110,100001111,010100111,111101000,100111010,110011101
001111010,101110101,110100011,110110100,010101101,011010111,111011001,100011111,111001110
101111000,001110110,110110011,000111101,011101011,111100101,011011100,101001111,110101110
100011001,010111100,111110001,011010111,001101011,101110110,101001101,111001010,110100111
001111010,101110101,110100011,110110100,010101101,011010111,111011001,100011111,111001110
001111001,111110100,111010011,001011110,100110111,011101111,101101010,010111010,110001101
011010110,100100111,001111100,111110001,010101010,001001011,111001100,010001101,100011010
011010110,100100111,001111100,111110001,010101010,001001011,111001100,010001101,100011010
011110110,100100111,011001101,110111100,111101011,001111001,111010001,010011011,101011110
001111001,111110100,111010011,001011110,100110111,011101111,101101010,010111010,110001101
100011011,010010110,111110001,111001000,001011101,101100110,100111100,011111010,010101111
101101010,001110011,111010110,111011001,110000011,011001111,101100101,010111100,100011111
000011011,010110101,111100101,101010011,010101110,101101010,110011100,010111111,010011110
110110010,110010101,101100100,111000011,100011110,100111001,011011000,001110111,010101111
001111001,101110100,111010011,011011110,100001111,010100111,111101000,100111010,110011101
011100111,001111011,101001111,010011110,011010101,110101001,101111100,111010010,100110111
010111011,111110000,111001010,001100011,001111110,011101101,110100110,100011101,011010111
001111001,101110100,111010011,011011110,100001111,010100111,111101000,100111010,110011101
011001110,100000111,001111100,111011001,110101100,011100101,101101011,010111011,111110010
100011011,010010110,111110001,111001000,001011101,101100110,100111100,011111010,010101111
100011011,010010110,111110001,111001000,001011101,101100110,100111100,011111010,010101111
011001110,100000111,001111100,111011001,110101100,011100101,101101011,010111011,111110010
101111000,001110110,110110011,000111101,011101011,111100101,011011100,101001111,110101110
101000111,011100011,101011001,111001010,011011101,111110100,110010011,110101101,000111110
101111000,001110110,110110011,000111101,011101011,111100101,011011100,101001111,110101110
011001110,100000111,001111100,111011001,110101100,011100101,101101011,010111011,111110010
001011011,111110010,111101001,101111100,010111001,011010101,110011110,100100111,011101110
011100111,001111011,101001111,010011110,011010101,110101001,101111100,111010010,100110111
001111001,111110100,111010011,001011110,100110111,011101111,101101010,010111010,110001101
001011011,111110010,111101001,101111100,010111001,011010101,110011110,100100111,011101110
011100111,001111011,101001111,010011110,011010101,110101001,101111100,111010010,100110111
011010110,100100111,001111100,111110001,010101010,001001011,111001100,010001101,100011010
001101010,101110101,110100011,110110100,010101101,011010111,111011001,100011111,111001110
101000111,011100011,101011001,111001010,011011101,111110100,110010011,110101101,000111110
100011011,010010110,111110001,111001000,001011101,101100110,100111100,011111010,010101111
101111000,001110110,110110011,000111101,011101011,111100101,011011100,101001111,110101110
011001110,100000111,001111100,111011001,110101100,011100101,101101011,010111011,111110010
001111001,101110100,111010011,011011110,100001111,010100111,111101000,100111010,110011101
011010110,100100111,001111100,111110001,010101010,001001011,111001100,010001101,100011010
100111110,111110000,101100001,111001100,010111101,001010111,110011011,110100111,011101010
001111010,101110101,110100011,110110100,010101101,011010111,111011001,100011111,111001110
110110010,110010101,101100100,111000011,100011110,100111001,011011000,001110111,010101111
001111001,111110100,111010011,001011110,100110111,011101111,101101010,010111010,110001101
101111000,110110011,101100101,001101011,010111101,111001001,110101110,100011111,011010110
001011011,111110010,111101001,101111100,010111001,011010101,110011110,100100111,011101110
011001110,100000111,001111100,111011001,110101100,011100101,101101011,010111011,111110010
101111000,110110011,101100101,001101011,010111101,111001001,110101110,100011111,011010110
101000111,011100011,101011001,111001010,011011101,111110100,110010011,110101101,000111110
100011011,010010110,111110001,111001000,001011101,101100110,100111100,011111010,010101111
011001110,100000111,001111100,111011001,110101100,011100101,101101011,010111011,111110010
011010110,100100111,001111100,111110001,010101010,001001011,111001100,010001101,100011010
011001110,100000111,001111100,111011001,110101100,011100101,101101011,010111011,111110010
001111001,101110100,111010011,011011110,100001111,010100111,111101000,100111010,110011101
100011011,010010110,111110001,111001100,000011100,100100110,110101110,011100011,010010111
011100111,001111011,101001111,010011110,011010101,110101001,101111100,111010010,100110111
100011110,101110011,001111100,110101101,010111011,001001111,011010101,111001000,011100110
001111010,101110101,110100011,110110100,010101101,011010111,111011001,100011111,111001110
011001110,100000111,001111100,111011001,110101100,011100101,101101011,010111011,111110010
011110110,100100111,011001101,110111100,111101011,001111001,111010001,010011011,101011110
101000111,011100011,101011001,111001010,011011101,111110100,110010011,110101101,000111110
001111010,101110101,110100011,110110100,010101101,011010111,111011001,100011111,111001110
100011011,010010110,111110001,111001000,001011101,101100110,100111100,011111010,010101111
011110110,100100111,011001101,110111100,111101011,001111001,111010001,010011011,101011110
101111000,001110110,110110011,000111101,011101011,111100101,011011100,101001111,110101110
001111001,101110100,111010011,011011110,100001111,010100111,111101000,100111010,110011101
100011011,010010110,111110001,111001000,001011101,101100110,100111100,011111010,010101111
011010110,100100111,001111100,111110001,010101010,001001011,111001100,010001101,100011010
100011011,010010110,111110001,111001000,001011101,101100110,100111100,011111010,010101111
100011001,010111100,111110001,011010111,001101011,101110110,101001101,111001010,110100111
100111110,111110000,101100001,111001100,010111101,001010111,110011011,110100111,011101010
101111000,001110110,110110011,000111101,011101011,111100101,011011100,101001111,110101110
100011011,010010110,111110001,111001000,001011101,101100110,100111100,011111010,010101111
100111110,111110000,101100001,111001100,010111101,001010111,110011011,110100111,011101010
101111000,110110011,101100101,001101011,010111101,111001001,110101110,100011111,011010110
011010110,100100110,111111010,111110000,010101011,001010111,111011101,010001111,110101110
100111110,111110000,101100001,111001100,010111101,001010111,110011011,110100111,011101010
001111001,101110100,111010011,011011110,100001111,010100111,111101000,100111010,110011101
011001110,100000111,001111100,111011001,110101100,011100101,101101011,010111011,111110010
001111001,111110100,111010011,001011110,100110111,011101111,101101010,010111010,110001101
001111010,101110101,110100011,110110100,010101101,011010111,111011001,100011111,111001110
100111110,111110000,101100001,111001100,010111101,001010111,110011011,110100111,011101010
001111001,101110100,111010011,011011110,100001111,010100111,111101000,100111010,110011101
011001110,100000111,001111100,111011001,110101100,011100101,101101011,010111011,111110010
011010110,100100111,001111100,111110001,010101010,001001011,111001100,010001101,100011010
001111001,101110100,111010011,011011110,100001111,010100111,111101000,100111010,110011101
100111110,111110000,101100001,111001100,010111101,001010111,110011011,110100111,011101010
100011011,010010110,111110001,111001000,001011101,101100110,100111100,011111010,010101111
001111001,111110100,111010011,001011110,100110111,011101111,101101010,010111010,110001101
011010110,100100111,001111100,111110001,010101010,001001011,111001100,010001101,100011010
001111001,111110100,111010011,001011110,100110111,011101111,101101010,010111010,110001101
011010110,100100111,001111100,111110001,010101010,001001011,111001100,010001101,100011010
100011001,010111100,111110001,011010111,001101011,101110110,101001101,111001010,110100111
001111001,111110100,111010011,001011110,100110111,011101111,101101010,010111010,110001101
100011001,010111100,111110001,011010111,001101011,101110110,101001101,111001010,110100111
101000111,011100011,101011001,111001010,011011101,111110100,110010011,110101101,000111110
100011011,010010110,111110001,111001000,001011101,101100110,100111100,011111010,010101111
010111011,111110000,111001010,001100011,001111110,011101101,110100110,100011101,011010111
011001110,100000111,001111100,111011001,110101100,011100101,101101011,010111011,111110010
001011011,111110010,111101001,101111100,010111001,011010101,110011110,100100111,011101110
011001110,100000111,001111100,111011001,110101100,011100101,101101011,010111011,111110010
101111000,001110110,110110011,000111101,011101011,111100101,011011100,101001111,110101110
100011001,010111100,111110001,011010111,001101011,101110110,101001101,111001010,110100111
100011011,010010110,111110001,111001000,001011101,101100110,100111100,011111010,010101111
011100111,001111011,101001111,010011110,011010101,110101001,101111100,111010010,100110111
101111000,110110011,101100101,001101011,010111101,111001001,110101110,100011111,011010110
011110110,100100111,011001101,110111100,111101011,001111001,111010001,010011011,101011110
011001110,100000111,001111100,111011001,110101100,011100101,101101011,010111011,111110010
101111000,001110110,110110011,000111101,011101011,111100101,011011100,101001111,110101110
100011011,010010110,111110001,111001000,001011101,101100110,100111100,011111010,010101111
011010110,100100111,001111100,111110001,010101010,001001011,111001100,010001101,100011010
011100111,001111011,101001111,010011110,011010101,110101001,101111100,111010010,100110111
101101001,101110110,111010011,001011110,100000111,011100101,001111000,010111110,110011101
011110110,100100111,011001101,110111100,111101011,001111001,111010001,010011011,101011110
001011011,111110010,111101001,101111100,010111001,011010101,110011110,100100111,011101110
001111010,101110101,110100011,110110100,010101101,011010111,111011001,100011111,111001110
011001110,100000111,001111100,111011001,110101100,011100101,101101011,010111011,111110010
101111000,110110011,101100101,001101011,010111101,111001001,110101110,100011111,011010110
101111000,001110110,110110011,000111101,011101011,111100101,011011100,101001111,110101110
100011011,010010110,111110001,111001000,001011101,101100110,100111100,011111010,010101111
001011011,111110010,111101001,101111100,010111001,011010101,110011110,100100111,011101110
100011011,010010110,111110001,111001000,001011101,101100110,100111100,011111010,010101111
101111000,001110110,110110011,000111101,011101011,111100101,011011100,101001111,110101110
011001110,100000111,001111100,111011001,110101100,011100101,101101011,010111011,111110010
001111001,111110100,111010011,001011110,100110111,011101111,101101010,010111010,110001101
010111011,111110000,111001010,001100011,001111110,011101101,110100110,100011101,011010111
110110010,110010101,101100100,111000011,100011110,100111001,011011000,001110111,010101111
001111010,101110101,110100011,110110100,010101101,011010111,111011001,100011111,111001110
100011110,101110011,001111100,110101101,010111011,001001111,011010101,111001000,011100110
100011001,010111100,111110001,011010111,001101011,101110110,101001101,111001010,110100111
001011011,111110010,111101001,101111100,010111001,011010101,110011110,100100111,011101110
001011011,111110010,111101001,101111100,010111001,011010101,110011110,100100111,011101110
001111001,101110100,111010011,011011110,100001111,010100111,111101000,100111010,110011101
100001011,010010110,111110001,011001011,000011101,101100110,101111110,011111010,010010111
111000110,000110011,111011101,111001111,011011011,101101101,101111100,111101110,100111101
100011001,010111100,111110001,011010111,001101011,101110110,101001101,111001010,110100111
011001110,100000111,001111100,111011001,110101100,011100101,101101011,010111011,111110010
011001110,100000111,001111100,111011001,110101100,011100101,101101011,010111011,111110010
011100111,001111011,101001111,010011110,011010101,110101001,101111100,111010010,100110111
100111110,111110000,101100001,111001100,010111101,001010111,110011011,110100111,011101010
101111000,110110011,101100101,001101011,010111101,111001001,110101110,100011111,011010110
011001110,100000111,001111100,111011001,110101100,011100101,101101011,010111011,111110010
010111011,111110000,111001010,001100011,001111110,011101101,110100110,100011101,011010111
011001110,100000111,001111100,111011001,110101100,011100101,101101011,010111011,111110010
100011110,101110011,001111100,110101101,010111011,001001111,011010101,111001000,011100110
110110010,110010101,101100100,111000011,100011110,100111001,011011000,001110111,010101111
101101010,001110011,111010110,111011001,110000011,011001111,101100101,010111100,100011111
100011001,010111100,111110001,011010111,001101011,101110110,101001101,111001010,110100111
101000111,011100011,101011001,111001010,011011101,111110100,110010011,110101101,000111110
011110110,100100111,011001101,110111100,111101011,001111001,111010001,010011011,101011110
001111001,101110100,111010011,011011110,100001111,010100111,111101000,100111010,110011101
100111110,111110000,101100001,111001100,010111101,001010111,110011011,110100111,011101010
011001110,100000111,001111100,111011001,110101100,011100101,101101011,010111011,111110010
001111010,101110101,110100011,110110100,010101101,011010111,111011001,100011111,111001110
001111010,101110101,110100011,110110100,010101101,011010111,111011001,100011111,111001110
001011011,111110010,111101001,101111100,010111001,011010101,110011110,100100111,011101110
100011001,010111100,111110001,011010111,001101011,101110110,101001101,111001010,110100111
011100111,001111011,101001111,010011110,011010101,110101001,101111100,111010010,100110111
001011011,111110010,111101001,101111100,010111001,011010101,110011110,100100111,011101110
010111011,111110000,111001010,001100011,001111110,011101101,110100110,100011101,011010111
011100111,001111011,101001111,010011110,011010101,110101001,101111100,111010010,100110111
101111000,001110110,110110011,000111101,011101011,111100101,011011100,101001111,110101110
010111011,111110000,111001010,001100011,001111110,011101101,110100110,100011101,011010111
001111010,101110101,110100011,110110100,010101101,011010111,111011001,100011111,111001110
011010110,100100111,001111100,111110001,010101010,001001011,111001100,010001101,100011010
101101010,001110011,111010110,111011001,110000011,011001111,101100101,010111100,100011111
011001110,100000111,001111100,111011001,110101100,011100101,101101011,010111011,111110010
011010110,100100111,001111100,111110001,010101010,001001011,111001100,010001101,100011010
101101010,001110011,111010110,111011001,110000011,011001111,101100101,010111100,100011111
101101010,001110011,111010110,111011001,110000011,011001111,101100101,010111100,100011111
001011011,111110010,111101001,101111100,010111001,011010101,110011110,100100111,011101110
001011011,111110010,111101001,101111100,010111001,011010101,110011110,100100111,011101110
101111010,101010011,110100111,110110001,110101101,011001000,111010101,110001100,110011110
001011011,111110010,111101001,101111100,010111001,011010101,110011110,100100111,011101110
100011011,010010110,111110001,111001000,001011101,101100110,100111100,011111010,010101111
011010110,100100111,001111100,111110001,010101010,001001011,111001100,010001101,100011010
011001110,100000111,001111100,111011001,110101100,011100101,101101011,010111011,111110010
100111110,111110000,101100001,111001100,010111101,001010111,110011011,110100111,011101010
001011011,111110010,111101001,101111100,010111001,011010101,110011110,100100111,011101110
001111001,101110100,111010011,011011110,100001111,010100111,111101000,100111010,110011101
011010110,100100111,001111100,111110001,010101010,001001011,111001100,010001101,100011010
100011001,010111100,111110001,011010111,001101011,101110110,101001101,111001010,110100111
100011011,010010110,111110001,111001000,001011101,101100110,100111100,011111010,010101111
101000111,011100011,101011001,111001010,011011101,111110100,110010011,110101101,000111110
011110110,100100111,011001101,110111100,111101011,001111001,111010001,010011011,101011110
011010110,100100111,001111100,111110001,010101010,001001011,111001100,010001101,100011010
000111110,101110011,001100101,111001000,010001101,001010111,110010111,011011001,011101010
010111011,111110000,111001010,001100011,001111110,011101101,110100110,100011101,011010111
101111000,001110110,110110011,000111101,011101011,111100101,011011100,101001111,110101110
100011011,010010110,111110001,111001000,001011101,101100110,100111100,011111010,010101111
001011011,111110010,111101001,101111100,010111001,011010101,110011110,100100111,011101110
100111110,111110000,101100001,111001100,010111101,001010111,110011011,110100111,011101010
001111001,111110100,111010011,001011110,100110111,011101111,101101010,010111010,110001101
101111000,110110011,101100101,001101011,010111101,111001001,110101110,100011111,011010110
011001110,100000111,001111100,111011001,110101100,011100101,101101011,010111011,111110010
011001110,100000111,001111100,111011001,110101100,011100101,101101011,010111011,111110010
011110110,100100111,011001101,110111100,111101011,001111001,111010001,010011011,101011110
100011011,010010110,111110001,111001000,001011101,101100110,100111100,011111010,010101111
011001110,100000111,001111100,111011001,110101100,011100101,101101011,010111011,111110010
110110010,110010101,101100100,111000011,100011110,100111001,011011000,001110111,010101111
100011001,010111100,111110001,011010111,001101011,101110110,101001101,111001010,110100111
101111000,001110110,110110011,000111101,011101011,111100101,011011100,101001111,110101110
001111001,101110100,111010011,011011110,100001111,010100111,111101000,100111010,110011101
101000111,011100011,101011001,111001010,011011101,111110100,110010011,110101101,000111110
011100111,001111011,101001111,010011110,011010101,110101001,101111100,111010010,100110111
101101010,001110011,111010110,111011001,110000011,011001111,101100101,010111100,100011111
001111010,101110101,110100011,110110100,010101101,011010111,111011001,100011111,111001110
011010110,100100111,001111100,111110001,010101010,001001011,111001100,010001101,100011010
001011011,111110101,111100010,011110011,010111010,011010101,111010110,100101111,011010110
001011011,111110010,111101001,101111100,010111001,011010101,110011110,100100111,011101110
100111110,111110000,101100001,111001100,010111101,001010111,110011011,110100111,011101010
101101010,001110011,111010110,111011001,110000011,011001111,101100101,010111100,100011111
001111010,101110101,110100011,110110100,010101101,011010111,111011001,100011111,111001110
001111001,101110100,111010011,011011110,100001111,010100111,111101000,100111010,110011101
001011011,111110010,111101001,101111100,010111001,011010101,110011110,100100111,011101110
001111001,111110100,111010011,001011110,100110111,011101111,101101010,010111010,110001101
011100111,001111011,101001111,010011110,011010101,110101001,101111100,111010010,100110111
010111011,111110000,111001010,001100011,001111110,011101101,110100110,100011101,011010111
101111000,110110011,101100101,001101011,010111101,111001001,110101110,100011111,011010110
011100111,001111011,101001111,010011110,011010101,110101001,101111100,111010010,100110111
011001110,100000111,001111100,111011001,110101100,011100101,101101011,010111011,111110010
100011011,010010110,111110001,111001000,001011101,101100110,100111100,011111010,010101111
011110110,100100111,011001101,110111100,111101011,001111001,111010001,010011011,101011110
101111000,001110110,110110011,000111101,011101011,111100101,011011100,101001111,110101110
100011001,010111100,111110001,011010111,001101011,101110110,101001101,111001010,110100111
001111010,101110101,110100011,110110100,010101101,011010111,111011001,100011111,111001110
011010110,100100111,001111100,111110001,010101010,001001011,111001100,010001101,100011010
001111001,111110100,111010011,001011110,100110111,011101111,101101010,010111010,110001101
011001110,100000111,001111100,111011001,110101100,011100101,101101011,010111011,111110010
101000111,011100011,101011001,111001010,011011101,111110100,110010011,110101101,000111110
001111010,101110101,110100011,110110100,010101101,011010111,111011001,100011111,111001110
100011011,010010110,111110001,111001000,001011101,101100110,100111100,011111010,010101111
011001110,100000111,001111100,111011001,110101100,011100101,101101011,010111011,111110010
101000111,011100011,101011001,111001010,011011101,111110100,110010011,110101101,000111110
101000111,011100011,101011001,111001010,011011101,111110100,110010011,110101101,000111110
110110010,110010101,101100100,111000011,100011110,100111001,011011000,001110111,010101111
001111001,111110100,111010011,001011110,100110111,011101111,101101010,010111010,110001101
110110010,110010101,101100100,111000011,100011110,100111001,011011000,001110111,010101111
001111010,101110101,110100011,110110100,010101101,011010111,111011001,100011111,111001110
001011011,111110010,111101001,101111100,010111001,011010101,110011110,100100111,011101110
001111001,101110100,111010011,011011110,100001111,010100111,111101000,100111010,110011101
011010110,100100111,001111100,111110001,010101010,001001011,111001100,010001101,100011010
110110010,110010101,101100100,111000011,100011110,100111001,011011000,001110111,010101111
101111000,001110110,110110011,000111101,011101011,111100101,011011100,101001111,110101110
001111001,111110100,111010011,001011110,100110111,011101111,101101010,010111010,110001101
011100111,001111011,101001111,010011110,011010101,110101001,101111100,111010010,100110111
001111001,111110100,111010011,001011110,100110111,011101111,101101010,010111010,110001101
001011011,111110010,111101001,101111100,010111001,011010101,110011110,100100111,011101110
001011011,111110010,111101001,101111100,010111001,011010101,110011110,100100111,011101110
010111011,111110000,111001010,001100011,001111110,011101101,110100110,100011101,011010111
100111110,111110000,101100001,111001100,010111101,001010111,110011011,110100111,011101010
101000111,011100011,101011001,111001010,011011101,111110100,110010011,110101101,000111110
101111000,001110110,110110011,000111101,011101011,111100101,011011100,101001111,110101110
011100111,001111011,101001111,010011110,011010101,110101001,101111100,111010010,100110111
011001110,100000111,001111100,111011001,110101100,011100101,101101011,010111011,111110010
100011001,010111100,111110001,011010111,001101011,101110110,101001101,111001010,110100111
100011011,010010110,111110001,111001000,001011101,101100110,100111100,011111010,010101111
010111011,111110000,111001010,001100011,001111110,011101101,110100110,100011101,011010111
001111001,111110100,111010011,001011110,100110111,011101111,101101010,010111010,110001101
001111010,101110101,110100011,110110100,010101101,011010111,111011001,100011111,111001110
011110110,100100111,011001101,110111100,111101011,001111001,111010001,010011011,101011110
100011001,010111100,111110001,011010111,001101011,101110110,101001101,111001010,110100111
100011011,010010110,111110001,111001000,001011101,101100110,100111100,011111010,010101111
011110110,100100111,011001101,110111100,111101011,001111001,111010001,010011011,101011110
001011011,111110010,111101001,101111100,010111001,011010101,110011110,100100111,011101110
001111010,101110101,110100011,110110100,010101101,011010111,111011001,100011111,111001110
101111000,001110110,110110011,000111101,011101011,111100101,011011100,101001111,110101110
100011001,010111100,111110001,011010111,001101011,101110110,101001101,111001010,110100111
001111010,101110101,110100011,110110100,010101101,011010111,111011001,100011111,111001110
100011001,010111100,111110001,011010111,001101011,101110110,101001101,111001010,110100111
001011011,111110010,111101001,101111100,010111001,011010101,110011110,100100111,011101110
100011001,010111100,111110001,011010111,001101011,101110110,101001101,111001010,110100111
101101010,001110011,111010110,111011001,110000011,011001111,101100101,010111100,100011111
101111000,001110110,110110011,000111101,011101011,111100101,011011100,101001111,110101110
001011011,111110101,111100010,011101011,010111101,011010101,111011010,010111111,110011110
011100111,001111011,101001111,010011110,011010101,110101001,101111100,111010010,100110111
011001110,100000111,001111100,111011001,110101100,011100101,101101011,010111011,111110010
011001110,100000111,001111100,111011001,110101100,011100101,101101011,010111011,111110010
001011011,111110010,111101001,101111100,010111001,011010101,110011110,100100111,011101110
101111000,001110110,110110011,000111101,011101011,111100101,011011100,101001111,110101110
011001110,100000111,001111100,111011001,110101100,011100101,101101011,010111011,111110010
011110110,100100111,011001101,110111100,111101011,001111001,111010001,010011011,101011110
100111110,111110000,101100001,111001100,010111101,001010111,110011011,110100111,011101010
011001110,100000111,001111100,111011001,110101100,011100101,101101011,010111011,111110010
101111000,001110110,110110011,000111101,011101011,111100101,011011100,101001111,110101110
011100111,001111011,101001111,010011110,011010101,110101001,101111100,111010010,100110111
001011011,111110010,111101001,101111100,010111001,011010101,110011110,100100111,011101110
100011011,010010110,111110001,111001000,001011101,101100110,100111100,011111010,010101111
011010110,100100111,001111100,111110001,010101010,001001011,111001100,010001101,100011010
001111010,101110101,110100011,110110100,010101101,011010111,111011001,100011111,111001110
100011011,010010110,111110001,111001000,001011101,101100110,100111100,011111010,010101111
101000111,011100011,101011001,111001010,011011101,111110100,110010011,110101101,000111110
010111011,111110000,111001010,001100011,001111110,011101101,110100110,100011101,011010111
001011011,111110010,111101001,101111100,010111001,011010101,110011110,100100111,011101110
011001110,100000111,001111100,111011001,110101100,011100101,101101011,010111011,111110010
100011011,010010110,111110001,111001000,001011101,101100110,100111100,011111010,010101111
100011001,010111100,111110001,011010111,001101011,101110110,101001101,111001010,110100111
001111010,101110101,110100011,110110100,010101101,011010111,111011001,100011111,111001110
100011001,010111100,111110001,011010111,001101011,101110110,101001101,111001010,110100111
110110010,110010101,101100100,111000011,100011110,100111001,011011000,001110111,010101111
011001110,100000111,001111100,111011001,110101100,011100101,101101011,010111011,111110010
010111011,111110000,111001010,001100011,001111110,011101101,110100110,100011101,011010111
011010110,100100111,001111100,111110001,010101010,001001011,111001100,010001101,100011010
100011011,010010110,111110001,111001000,001011101,101100110,100111100,011111010,010101111
001011011,111110010,111101001,101111100,010111001,011010101,110011110,100100111,011101110
100011011,010010110,111110001,111001000,001011101,101100110,100111100,011111010,010101111
101000111,011100011,101011001,111001010,011011101,111110100,110010011,110101101,000111110
101101010,001110011,111010110,111011001,110000011,011001111,101100101,010111100,100011111
011100111,001111011,101001111,010011110,011010101,110101001,101111100,111010010,100110111
001111001,111110100,111010011,001011110,100110111,011101111,101101010,010111010,110001101
011001110,100000111,001111100,111011001,110101100,011100101,101101011,010111011,111110010
101111000,110110011,101100101,001101011,010111101,111001001,110101110,100011111,011010110
101111000,001110110,110110011,000111101,011101011,111100101,011011100,101001111,110101110
001111001,101110100,111010011,011011110,100001111,010100111,111101000,100111010,110011101
100011011,010010110,111110001,111001000,001011101,101100110,100111100,011111010,010101111
001011011,111110010,111101001,101111100,010111001,011010101,110011110,100100111,011101110
100111110,111110000,101100001,111001100,010111101,001010111,110011011,110100111,011101010
101101010,001110011,111010110,111011001,110000011,011001111,101100101,010111100,100011111
101101010,001110011,111010110,111011001,110000011,011001111,101100101,010111100,100011111
011010110,100100111,001111100,111110001,010101010,001001011,111001100,010001101,100011010
101111000,110110011,101100101,001101011,010111101,111001001,110101110,100011111,011010110
101111000,110110011,101100101,001101011,010111101,111001001,110101110,100011111,011010110
100011011,010010110,111110001,111001000,001011101,101100110,100111100,011111010,010101111
011110110,100100111,011001101,110111100,111101011,001111001,111010001,010011011,101011110
001011011,111110010,111101001,101111100,010111001,011010101,110011110,100100111,011101110
001111010,101110101,110100011,110110100,010101101,011010111,111011001,100011111,111001110
001111001,101110100,111010011,011011110,100001111,010100111,111101000,100111010,110011101
001011011,111110010,111101001,101111100,010111001,011010101,110011110,100100111,011101110
001111001,111110100,111010011,001011110,100110111,011101111,101101010,010111010,110001101
100011011,010010110,111110001,111001000,001011101,101100110,100111100,011111010,010101111
100011001,010111100,111110001,011010111,001101011,101110110,101001101,111001010,110100111
101101010,001110011,111010110,111011001,110000011,011001111,101100101,010111100,100011111
011001110,100000111,001111100,111011001,110101100,011100101,101101011,010111011,111110010
100111110,111110000,101100001,111001100,010111101,001010111,110011011,110100111,011101010
001011011,111110010,111101001,101111100,010111001,011010101,110011110,100100111,011101110
011010110,100100111,001111100,111110001,010101010,001001011,111001100,010001101,100011010
001111010,101110101,110100011,110110100,010101101,011010111,111011001,100011111,111001110
101101010,001110011,111010110,111011001,110000011,011001111,101100101,010111100,100011111
101000111,011100011,101011001,111001010,011011101,111110100,110010011,110101101,000111110
001011011,111110010,111101001,101111100,010111001,011010101,110011110,100100111,011101110
001111010,101110101,110100011,110110100,010101101,011010111,111011001,100011111,111001110
001011011,111110010,111101001,101111100,010111001,011010101,110011110,100100111,011101110
100011011,010010110,111110001,111001000,001011101,101100110,100111100,011111010,010101111
011100111,001111011,101001111,010011110,011010101,110101001,101111100,111010010,100110111
011001110,100000111,001111100,111011001,110101100,011100101,101101011,010111011,111110010
001011011,111110010,111101001,101111100,010111001,011010101,110011110,100100111,011101110
011001110,100000111,001111100,111011001,110101100,011100101,101101011,010111011,111110010
101111010,101010011,110100111,111001001,101001101,011110101,101011101,100101101,010100110
101000111,011100011,101011001,111001010,011011101,111110100,110010011,110101101,000111110
011001110,100000111,001111100,111011001,110101100,011100101,101101011,010111011,111110010
011001110,100000111,001111100,111011001,110101100,011100101,101101011,010111011,111110010
100011001,010111100,111110001,011010111,001101011,101110110,101001101,111001010,110100111
001111010,101110101,110100011,110110100,010101101,011010111,111011001,100011111,111001110
011001110,100000111,001111100,111011001,110101100,011100101,101101011,010111011,111110010
001111001,101110100,111010011,011011110,100001111,010100111,111101000,100111010,110011101
100111110,111110000,101100001,111001100,010111101,001010111,110011011,110100111,011101010
010111011,111110000,111001010,001100011,001111110,011101101,110100110,100011101,011010111
001111001,101110100,111010011,011011110,100001111,010100111,111101000,100111010,110011101
100011011,010010110,111110001,111001000,001011101,101100110,100111100,011111010,010101111
011001110,100000111,001111100,111011001,110101100,011100101,101101011,010111011,111110010
101111000,001110110,110110011,000111101,011101011,111100101,011011100,101001111,110101110
011001110,100000111,001111100,111011001,110101100,011100101,101101011,010111011,111110010
001111001,101110100,111010011,011011110,100001111,010100111,111101000,100111010,110011101
011110110,100100111,011001101,110111100,111101011,001111001,111010001,010011011,101011110
011010110,100100111,001111100,111110001,010101010,001001011,111001100,010001101,100011010
000111110,101110011,001100101,110101000,010001101,011001011,110010101,100100111,011101110
101111000,110110011,101100101,001101011,010111101,111001001,110101110,100011111,011010110
001111010,101110101,110100011,110110100,010101101,011010111,111011001,100011111,111001110
001011011,111110010,111101001,101111100,010111001,011010101,110011110,100100111,011101110
011001110,100000111,001111100,111011001,110101100,011100101,101101011,010111011,111110010
100111110,111110000,101100001,111001100,010111101,001010111,110011011,110100111,011101010
001011011,111110010,111101001,101111100,010111001,011010101,110011110,100100111,011101110
001111001,111110100,111010011,001011110,100110111,011101111,101101010,010111010,110001101
011110110,100100111,011001101,110111100,111101011,001111001,111010001,010011011,101011110
001111001,101110100,111010011,011011110,100001111,010100111,111101000,100111010,110011101
001011011,111110010,111101001,101111100,010111001,011010101,110011110,100100111,011101110
001111001,111110100,111010011,001011110,100110111,011101111,101101010,010111010,110001101
011100111,001111011,101001111,010011110,011010101,110101001,101111100,111010010,100110111
011110110,100100111,011001101,110111100,111101011,001111001,111010001,010011011,101011110
010111011,111110000,111001010,001100011,001111110,011101101,110100110,100011101,011010111
101000111,011100011,101011001,111001010,011011101,111110100,110010011,110101101,000111110
001011011,111110010,111101001,101111100,010111001,011010101,110011110,100100111,011101110
001111001,101110100,111010011,011011110,100001111,010100111,111101000,100111010,110011101
010111011,111110000,111001010,001100011,001111110,011101101,110100110,100011101,011010111
101101010,001110011,111010110,111011001,110000011,011001111,101100101,010111100,100011111
101101010,001110011,111010110,111011001,110000011,011001111,101100101,010111100,100011111
100111110,111110000,101100001,111001100,010111101,001010111,110011011,110100111,011101010
011001110,100000111,001111100,111011001,110101100,011100101,101101011,010111011,111110010
001011011,111110010,111101001,101111100,010111001,011010101,110011110,100100111,011101110
001111010,101110101,110100011,110110100,010101101,011010111,111011001,100011111,111001110
000111110,101110011,001100101,111001000,010001101,001010111,110010111,110000111,011101010
011010110,100100111,001111100,111110001,010101010,001001011,111001100,010001101,100011010
110110010,110010101,101100100,111000011,100011110,100111001,011011000,001110111,010101111
011100111,001111011,101001111,010011110,011010101,110101001,101111100,111010010,100110111
100011011,010010110,111110001,111001000,001011101,101100110,100111100,011111010,010101111
001011011,111110010,111101001,101111100,010111001,011010101,110011110,100100111,011101110
001111010,101110101,110100011,110110100,010101101,011010111,111011001,100011111,111001110
100011011,010010110,111110001,111001000,001011101,101100110,100111100,011111010,010101111
100011011,010010110,111110001,111001000,001011101,101100110,100111100,011111010,010101111
011001110,100000111,001111100,111011001,110101100,011100101,101101011,010111011,111110010
001111001,111110100,111010011,001011110,100110111,011101111,101101010,010111010,110001101
010111011,111110000,111001010,001100011,001111110,011101101,110100110,100011101,011010111
100011110,101110011,001111100,110101101,010111011,001001111,011010101,111001000,011100110
011010110,100100111,001111100,111110001,010101010,001001011,111001100,010001101,100011010
100011001,010111100,111110001,011010111,001101011,101110110,101001101,111001010,110100111
101101010,001110011,111010110,111011001,110000011,011001111,101100101,010111100,100011111
101000111,011100011,101011001,111001010,011011101,111110100,110010011,110101101,000111110
010111011,111110000,111001010,001100011,001111110,011101101,110100110,100011101,011010111
001011011,111110010,111101001,101111100,010111001,011010101,110011110,100100111,011101110
011100111,001111011,101001111,010011110,011010101,110101001,101111100,111010010,100110111
100011001,010111100,111110001,011010111,001101011,101110110,101001101,111001010,110100111
011100111,001111011,101001111,010011110,011010101,110101001,101111100,111010010,100110111
101101010,001110011,111010110,111011001,110000011,011001111,101100101,010111100,100011111
011001110,100000111,001111100,111011001,110101100,011100101,101101011,010111011,111110010
001111001,111110100,111010011,001011110,100110111,011101111,101101010,010111010,110001101
011100111,001111011,101001111,010011110,011010101,110101001,101111100,111010010,100110111
101101010,001110011,111010110,111011001,110000011,011001111,101100101,010111100,100011111
011100111,001111011,101001111,010011110,011010101,110101001,101111100,111010010,100110111
011110110,100100111,011001101,110111100,111101011,001111001,111010001,010011011,101011110
001111001,111110100,111010011,001011110,100110111,011101111,101101010,010111010,110001101
001011011,111110010,111101001,101111100,010111001,011010101,110011110,100100111,011101110
011110110,100100111,011001101,110111100,111101011,001111001,111010001,010011011,101011110
011001110,100000111,001111100,111011001,110101100,011100101,101101011,010111011,111110010
100011001,010111100,111110001,011010111,001101011,101110010,101001101,111001010,110100111
101111000,001110110,110110011,000111101,011101011,111100101,011011100,101001111,110101110
001011011,111110010,111101001,101111100,010111001,011010101,110011110,100100111,011101110
001111010,101110101,110100011,110110100,010101101,011010111,111011001,100011111,111001110
101000111,011100011,101011001,111001010,011011101,111110100,110010011,110101101,000111110
001011011,111110010,111101001,101111100,010111001,011010101,110011110,100100111,011101110
101000111,011100011,101011001,111001010,011011101,111110100,110010011,110101101,000111110
011110110,100100111,011001101,110111100,111101011,001111001,111010001,010011011,101011110
011100111,001111011,101001111,010011110,011010101,110101001,101111100,111010010,100110111
001111010,101110101,110100011,110110100,010101101,011010111,111011001,100011111,111001110
101101010,001110011,111010110,111011001,110000011,011001111,101100101,010111100,100011111
011001110,100000111,001111100,111011001,110101100,011100101,101101011,010111011,111110010
001011011,111110010,111101001,101111100,010111001,011010101,110011110,100100111,011101110
100011001,010111100,111110001,011010111,001101011,101110110,101001101,111001010,110100111
011001110,100000111,001111100,111011001,110101100,011100101,101101011,010111011,111110010
100011011,010010110,111110001,111001000,001011101,101100110,100111100,011111010,010101111
001111001,111110100,111010011,001011110,100110111,011101111,101101010,010111010,110001101
001111010,101110101,110100011,110110100,010101101,011010111,111011001,100011111,111001110
100011011,010010110,111110001,111001000,001011101,101100110,100111100,011111010,010101111
001111001,111110100,111010011,001011110,100110111,011101111,101101010,010111010,110001101
101101010,001110011,111010110,111011001,110000011,011001111,101100101,010111100,100011111
001111001,111110100,111010011,001011110,100110111,011101111,101101010,010111010,110001101
100011001,010111100,111110001,011010111,001101011,101110110,101001101,111001010,110100111
011110110,100100111,011001101,110111100,111101011,001111001,111010001,010011011,101011110
011100111,001111011,101001111,010011110,011010101,110101001,101111100,111010010,100110111
100111110,111110000,101100001,111001100,010111101,001010111,110011011,110100111,011101010
010111011,111110000,111001010,001100011,001111110,011101101,110100110,100011101,011010111
001011011,111110010,111101001,101111100,010111001,011010101,110011110,100100111,011101110
011110110,100100111,011001101,110111100,111101011,001111001,111010001,010011011,101011110
001111010,101110101,110100011,110110100,010101101,011010111,111011001,100011111,111001110
011010110,100100111,001111100,111110001,010101010,001001011,111001100,010001101,100011010
101101010,001110011,111010110,111001001,110000011,011001111,101100101,011011100,100011111
100111110,111110000,101100001,111001100,010111101,001010111,110011011,110100111,011101010
011001110,100000111,001111100,111011001,110101100,011100101,101101011,010111011,111110010
101101010,001110011,111010110,111011001,110000011,011001111,101100101,010111100,100011111
001111010,101110101,110100011,110110100,010101101,011010111,111011001,100011111,111001110
101110110,111100011,101100011,110110100,010001110,001000111,110011100,110001101,100101110
011100111,001111011,101001111,010011110,011010101,110101001,101111100,111010010,100110111
001011011,111110010,111101001,101111100,010111001,011010101,110011110,100100111,011101110
001111001,111110100,111010011,001011110,100110111,011101111,101101010,010111010,110001101
001111001,101110100,111010011,011011110,100001111,010100111,111101000,100111010,110011101
001111001,111110100,111010011,001011110,100110111,011101111,101101010,010111010,110001101
101101010,001110011,111010110,111011001,110000011,011001111,101100101,010111100,100011111
001111001,101110100,111010011,011011110,100010111,010100111,111101000,100111010,100011101
001111010,101110101,110100011,110110100,010101101,011010111,111011001,100011111,111001110
101001110,001111011,111010101,110111101,011111011,101110100,110011101,101101010,100111111
101111000,110110011,101100101,001101011,010111101,111001001,111011110,100011111,011010110
001111010,101110101,110100011,110110100,010101101,011010111,111011001,100011111,111001110
001111001,101110100,111010011,011011110,100001111,010100111,111101000,100111010,110011101
011010110,100100111,001111100,111110001,010101010,001001011,111001100,010001101,100011010
101000111,011100011,101011001,111001010,011011101,111110100,110010011,110101101,000111110
110110010,110010101,101100100,111000011,100011110,100111001,011011000,001110111,010101111
001111001,101110100,111010011,011011110,100001111,010100111,111101000,100111010,110011101
011001110,100000111,001111100,111011001,110101100,011100101,101101011,010111011,111110010
011100111,001111011,101001111,010011110,011010101,110101001,101111100,111010010,100110111
100011001,010111100,111110001,011010111,001101011,101110110,101001101,111001010,110100111
100011001,010111100,111110001,011010111,001101011,101110110,101001101,111001010,110100111
011001110,100000111,001111100,111011001,110101100,011100101,101101011,010111011,111110010
100011001,010111100,111110001,011010111,001101011,101110110,101001101,111001010,110100111
001011011,111110010,111101001,101111100,010111001,011010101,110011110,100100111,011101110
100011011,010010110,111110001,111001000,001011101,101100110,100111100,011111010,010101111
010111011,111110000,111001010,001100011,001111110,011101101,110100110,100011101,011010111
100011001,010111100,111110001,011010111,001101011,101110110,101001101,111001010,110100111
101101010,001110011,111010110,111011001,110000011,011001111,101100101,010111100,100011111
101000111,011100011,101011001,111001010,011011101,111110100,110010011,110101101,000111110
010111011,111110000,111001010,001100011,001111110,011101101,110100110,100011101,011010111
011010110,100100111,001111100,111110001,010101010,001001011,111001100,010001101,100011010
011010110,100100111,001111100,111110001,010101010,001001011,111001100,010001101,100011010
101111000,110110011,101100101,001101011,010111101,111001001,110101110,100011111,011010110
001011011,111110010,111101001,101111100,010111001,011010101,110011110,100100111,011101110
100111110,111110000,101100001,111001100,010111101,001010111,110011011,110100111,011101010
010111010,111110000,001100101,111110000,010000011,001101001,110011111,011100011,010001110
001111010,101110101,110100011,110110100,010101101,011010111,111011001,100011111,111001110
001011011,101111100,111010011,011011110,010110110,010101101,111101010,100101111,100001111
011010110,100100111,001111100,111110001,010101010,001001011,111001100,010001101,100011010
100011110,101110011,001111100,110101101,010111011,001001111,011010101,111001000,011100110
100011011,010010110,111110001,111001000,001011101,101100110,100111100,011111010,010101111
100111110,111110000,101100001,111001100,010111101,001010111,110011011,110100111,011101010
010111011,111110000,111001010,001100011,001111110,011101101,110100110,100011101,011010111
001111001,111110100,111010011,001011110,100110111,011101111,101101010,010111010,110001101
100011110,101110011,001111100,110101101,010111011,001001111,011010101,111001000,011100110
001011011,111110010,111101001,101111100,010111001,011010101,110011110,100100111,011101110
101000111,011100011,101011001,111001010,011011101,111110100,110010011,110101101,000111110
101111000,001110110,110110011,000111101,011101011,111100101,011011100,101001111,110101110
001011011,111110010,111101001,101111100,010111001,011010101,110011110,100100111,011101110
011001110,100000111,001111100,111011001,110101100,011100101,101101011,010111011,111110010
101111000,001110110,110110011,000111101,011101011,111100101,011011100,101001111,110101110
100011110,101110011,001111100,110101101,010111011,001001111,011010101,111001000,011100110
100111110,111110000,101100001,111001100,010111101,001010111,110011011,110100111,011101010
001001110,101100111,001111101,110110101,010101101,011001011,111001001,100111101,011011110
101000111,011100011,101011001,111001010,011011101,111110100,110010011,110101101,000111110
011100111,001111011,101001111,010011110,011010101,110101001,101111100,111010010,100110111
001011011,111110010,111101001,101111100,010111001,011010101,110011110,100100111,011101110
100011011,010010110,111110001,111001000,001011101,101100110,100111100,011111010,010101111
011110110,100100111,011001101,110111100,111101011,001111001,111010001,010011011,101011110
101000111,011100011,101011001,111001010,011011101,111110100,110010011,110101101,000111110
101000111,011100011,101011001,111001010,011011101,111110100,110010011,110101101,000111110
011010110,100100111,001111100,111110001,010101010,001001011,111001100,010001101,100011010
100011110,101110011,001111100,110101101,010111011,001001111,011010101,111001000,011100110
100011001,010111100,111110001,011010111,001101011,101110110,101001101,111001010,110100111
011100111,001111011,101001111,010011110,011010101,110101001,101111100,111010010,100110111
101101010,001110011,111010110,111011001,110000011,011001111,101100101,010111100,100011111
011100111,001111011,101001111,010011110,011010101,110101001,101111100,111010010,100110111
010111011,111110000,111001010,001100011,001111110,011101101,110100110,100011101,011010111
010111011,111110000,111001010,001100011,001111110,011101101,110100110,100011101,011010111
001111010,101110101,110100011,110110100,010101101,011010111,111011001,100011111,111001110
110110010,110010101,101100100,111000011,100011110,100111001,011011000,001110111,010101111
110110010,110010101,101100100,111000011,100011110,100111001,011011000,001110111,010101111
011001110,100000111,001111100,111011001,110101100,011100101,101101011,010111011,111110010
011110110,100100111,011001101,110111100,111101011,001111001,111010001,010011001,101011110
010111011,111110000,111001010,001100011,001111110,011101101,110100110,100011101,011010111
101111000,001110110,110110011,000111101,011101011,111100101,011011100,101001111,110101110
101101010,001110011,111010110,111011001,110000011,011001111,101100101,010111100,100011111
101000111,011100011,101011001,111001010,011011101,111110100,110010011,110101101,000111110
101111000,001110110,110110011,000111101,011101011,111100101,011011100,101001111,110101110
110110010,110010101,101100100,111000011,100011110,100111001,011011000,001110111,010101111
001111001,111110100,111010011,001011110,100110111,011101111,101101010,010111010,110001101
001111010,101110101,110100011,110110100,010101101,011010111,111011001,100011111,111001110
010111011,111110000,111001010,001100011,001111110,011101101,110100110,100011101,011010111
001111001,101110100,111010011,011011110,100001111,010100111,111101000,100111010,110011101
110110010,110010101,101100100,111000011,100011110,100111001,011011000,001110111,010101111
100011001,010111100,111110001,011010111,001101011,101110110,101001101,111001010,110100111
100011011,010010110,111110001,111001000,001011101,101100110,100111100,011111010,010101111
001111010,101110101,110100011,110110100,010101101,011010111,111011001,100011111,111001110
011001110,100000111,001111100,111011001,110101100,011100101,101101011,010111011,111110010
101101010,001110011,111010110,111011001,110000011,011001111,101100101,010111100,100011111
011100111,001111011,101001111,010011110,011010101,110101001,101111100,111010010,100110111
011100111,001111011,101001111,010011110,011010101,110101001,101111100,111010010,100110111
101111000,110110011,101100101,001101011,010111101,111001001,110101110,100011111,011010110
100011011,010010110,111110001,111001000,001011101,101100110,100111100,011111010,010101111
100011011,010010110,111110001,111001000,001011101,101100110,100111100,011111010,010101111
100011001,010111100,111110001,011010111,001101011,101110110,101001101,111001010,110100111
101111000,001110110,110110011,000111101,011101011,111100101,011011100,101001111,110101110
001001110,101100111,001111101,110110101,010101100,011001011,111001011,100111101,011011110
100111110,111110000,101100001,111001100,010111101,001010111,110011011,110100111,011101010
001011011,111110010,111101001,101111100,010111001,011010101,110011110,100100111,011101110
011110110,100100111,011001101,110111100,111101011,001111001,111010001,010011011,101011110
100011001,010111100,111110001,011010111,001101011,101110110,101001101,111001010,110100111
101111000,110110011,101100101,001101011,010111101,111001001,110101110,100011111,011010110
100011011,010010110,111110001,111001000,001011101,101100110,100111100,011111010,010101111
001011011,111110010,111101001,101111100,010111001,011010101,110011110,100100111,011101110
100111110,111110000,101100001,111001100,010111101,001010111,110011011,110100111,011101010
100111110,111110000,101100001,111001100,010111101,001010111,110011011,110100111,011101010
100011110,101110011,001111100,110101101,010111011,001001111,011010101,111001000,011100110
101111000,110110011,101100101,001101011,010111101,111001001,110101110,100011111,011010110
100011001,010111100,111110001,011010111,001101011,101110110,101001101,111001010,110100111
100011011,010010110,111110001,111001000,001011101,101100110,100111100,011111010,010101111
011001110,100000111,001111100,111011001,110101100,011100101,101101011,010111011,111110010
001111010,101110101,110100011,110110100,010101101,011010111,111011001,100011111,111001110
001011110,101100111,001111101,110110101,010111010,011001111,111010110,110000111,111100110
011001110,100000111,001111100,111011001,110101100,011100101,101101011,010111011,111110010
001111001,101110100,111010011,011011110,100001111,010100111,111101000,100111010,110011101
001101010,101110101,110100011,110110100,010101101,011010111,111011001,100011111,111001110
101111000,110110011,101100101,001101011,010111101,111001001,110101110,100011111,011010110
110110010,110010101,101100100,111000011,100011110,100111001,011011000,001110111,010101111
011001110,100000111,001111100,111011001,110101100,011100101,101101011,010111011,111110010
101111000,001110110,110110011,000111101,011101011,111100101,011011100,101001111,110101110
100011001,010111100,111110001,011010111,001101011,101110110,101001101,111001010,110100111
110110010,110010101,101100100,111000011,100011110,100111001,011011000,001110111,010101111
100011001,010111100,111110001,011010111,001101011,101110110,101001101,111001010,110100111
100011110,101110011,001111100,110101101,010111011,001001111,011010101,111001000,011100110
011100111,001111011,101001111,010011110,011010101,110101001,101111100,111010010,100110111
001011011,111110010,111101001,101111100,010111001,011010101,110011110,100100111,011101110
010111011,111110000,111001010,001100011,001111110,011101101,110100110,100011101,011010111
011001110,100000111,001111100,111011001,110101100,011100101,101101011,010111011,111110010
100111110,111110000,101100001,111001100,010111101,001010111,110011011,110100111,011101010
011001110,100000111,001111100,111011001,110101100,011100101,101101011,010111011,111110010
001111010,101110101,110100011,110110100,010101101,011010111,111011001,100011111,111001110
011010110,100100111,001111100,111110001,010101010,001001011,111001100,010001101,100011010
101111000,001110110,110110011,000111101,011101011,111100101,011011100,101001111,110101110
101101010,001110011,111010110,111011001,110000011,011001111,101100101,010111100,100011111
100011001,010111100,111110001,011010111,001101011,101110110,101001101,111001010,110100111
101111000,110110011,101100101,001101011,010111101,111001001,110101110,100011111,011010110
010111011,111110000,111001010,001100011,001111110,011101101,110100110,100011101,011010111
001111001,111110100,111010011,001011110,100110111,011101111,101101010,010111010,110001101
001011011,111110010,111101001,101111100,010111001,011010101,110011110,100100111,011101110
110110010,110010101,101100100,111000011,100011110,100111001,011011000,001110111,010101111
001111001,111110100,111010011,001011110,100110111,011101111,101101010,010111010,110001101
001111010,101110101,110100011,110110100,010101101,011010111,111011001,100011111,111001110
001111001,101110100,111010011,011011110,100001111,010100111,111101000,100111010,110011101
001111010,101110101,110100011,110110100,010101101,011010111,111011001,100011111,111001110
100011001,010111100,111110001,011010111,001101011,101110110,101001101,111001010,110100111
001101010,101110101,110100011,110110100,010101101,011010111,111011001,100011111,111001110
101111000,001110110,110110011,000111101,011101011,111100101,011011100,101001111,110101110
011100111,001111011,101001111,010011110,011010101,110101001,101111100,111010010,100110111
001011011,111110010,111101001,101111100,010111001,011010101,110011110,100100111,011101110
101101010,001110011,111010110,111011001,110000011,011001111,101100101,010111100,100011111
001111001,101110100,111010011,011011110,100001111,010100111,111101000,100111010,110011101
001111010,101110101,110100011,110110100,010101101,011010111,111011001,100011111,111001110
001111010,101110101,110100011,110110100,010101101,011010111,111011001,100011111,111001110
101111000,001110110,110110011,000111101,011101011,111100101,011011100,101001111,110101110
101101010,001110011,111010110,111011001,110000011,011001111,101100101,010111100,100011111
100011001,010111100,111110001,011010111,001101011,101110110,101001101,111001010,110100111
011001110,100000111,001111100,111011001,110101100,011100101,101101011,010111011,111110010
001111010,101110101,110100011,110110100,010101101,011010111,111011001,100011111,111001110
011001110,100000111,001111100,111011001,110101100,011100101,101101011,010111011,111110010
011001110,100000111,001111100,111011001,110101100,011100101,101101011,010111011,111110010
101000111,011100011,101011001,111001010,011011101,111110100,110010011,110101101,000111110
011010110,100100111,001111100,111110001,010101010,001001011,111001100,010001101,100011010
011010110,100100111,001111100,111110001,010101010,001001011,111001100,010001101,100011010
101000111,011100011,101011001,111001010,011011101,111110100,110010011,110101101,000111110
001111010,101110101,110100011,110110100,010101101,011010111,111011001,100011111,111001110
011010110,100100111,001111100,111110001,010101010,001001011,111001100,010001101,100011010
001111001,101110100,111010011,011011110,100001111,010100111,111101000,100111010,110011101
001011011,111110010,111101001,101111100,010111001,011010101,110011110,100100111,011101110
011100111,001111011,101001111,010011110,011010101,110101001,101111100,111010010,100110111
011001110,100000111,001111100,111011001,110101100,011100101,101101011,010111011,111110010
001111001,111110100,111010011,001011110,100110111,011101111,101101010,010111010,110001101
010111011,111110000,111001010,001100011,001111110,011101101,110100110,100011101,011010111
001111010,101110101,110100011,110110100,010101101,011010111,111011001,100011111,111001110
100011011,010010110,111110001,111001000,001011101,101100110,100101100,011111010,010101111
001011011,111110010,111101001,101111100,010111001,011010101,110011110,100100111,011101110
101101010,001110011,111010110,111011001,110000011,011001111,101100101,010111100,100011111
001011011,111110010,111101001,101111100,010111001,011010101,110011110,100100111,011101110
011001110,100000111,001111100,111011001,110101100,011100101,101101011,010111011,111110010
001111001,101110100,111010011,011011110,100001111,010100111,111101000,100111010,110011101
011110110,100100111,011001101,110111100,111101011,001111001,111010001,010011011,101011110
011010110,100100111,001111100,111110001,010101010,001001011,111001100,010001101,100011010
001111010,101110101,110100011,110110100,010101101,011010111,111011001,100011111,111001110
011001110,100000111,001111100,111011001,110101100,011100101,101101011,010111011,111110010
001011011,111110010,111101001,101111100,010111001,011010101,110011110,100100111,011101110
011001110,100000111,001111100,111011001,110101100,011100101,101101011,010111011,111110010
011001110,100000111,001111100,111011001,110101100,011100101,101101011,010111011,111110010
001011011,111110010,111101001,101111100,010111001,011010101,110011110,100100111,011101110
011100111,001111011,101001111,010011110,011010101,110101001,101111100,111010010,100110111
101101010,001110011,111010110,111011001,110000011,011001111,101100101,010111100,100011111
001111001,101110100,111010011,011011110,100001111,010100111,111101000,100111010,110011101
100011001,010111100,111110001,011010111,001101011,101110110,101001101,111001010,110100111
001111010,101110101,110100011,110110100,010101101,011010111,111011001,100011111,111001110
100011001,010111100,111110001,011010111,001101011,101110110,101001101,111001010,110100111
010111011,111110000,111001010,001100011,001111110,011101101,110100110,100011101,011010111
011001110,100000111,001111100,111011001,110101100,011100101,101101011,010111011,111110010
001111010,101110101,110100011,110110100,010101101,011010111,111011001,100011111,111001110
100011011,010010110,111110001,111001000,001011101,101100110,100111100,011111010,010101111
011110110,100100111,011001101,110111100,111101011,001111001,111010001,010011011,101011110
100011110,101110011,001111100,110101101,010111011,001001111,011010101,111001000,011100110
001011011,111110010,111101001,101111100,010111001,011010101,110011110,100100111,011101110
110110010,110010101,101100100,111000011,100011110,100111001,011011000,001110111,010101111
011001110,100000111,001111100,111011001,110101100,011100101,101101011,010111011,111110010
101111000,001110110,110110011,000111101,011101011,111100101,011011100,101001111,110101110
011110110,100100111,011001101,110111100,111101011,001111001,111010001,010011011,101011110
001111010,101110101,110100011,110110100,010101101,011010111,111011001,100011111,111001110
010111011,111110000,111001010,001100011,001111110,011101101,110100110,100011101,011010111
101011000,110110011,111101100,000100011,010111110,101011011,110011011,100011111,011010110
100111110,111110000,101100001,111001100,010111101,001010111,110011011,110100111,011101010
100011001,010111100,111110001,011010111,001101011,101110110,101001101,111001010,110100111
001011001,111110100,111010011,001011110,100110111,011101111,101101010,010111010,110001101
110110010,110010101,101100100,111000011,100011110,100111001,011011000,001110111,010101111
100011001,010111100,111110001,011010111,001101011,101110110,101001101,111001010,110100111
100111110,111110000,101100001,111001100,010111101,001010111,110011011,110100111,011101010
011100111,001111011,101001111,010011110,011010101,110101001,101111100,111010010,100110111
110110010,110010101,101100100,111000011,100011110,100111001,011011000,001110111,010101111
101111000,110010011,101100101,001101011,010111101,111001001,110101110,100011111,011010110
001011011,111110010,111101001,101111100,010111001,011010101,110011110,100100111,011101110
101000111,011100011,101011001,111001010,011011101,111110100,110010011,110101101,000111110
100011110,101110011,001111100,110101101,010111011,001001111,011010101,111001000,011100110
100111110,111110000,101100001,111001100,010111101,001010111,110011011,110100111,011101010
110110010,110010101,101100100,111000011,100011110,100111001,011011000,001110111,010101111
011100111,001111011,101001111,010011110,011010101,110101001,101111100,111010010,100110111
110110010,110010101,101100100,111000011,100011110,100111001,011011000,001110111,010101111
001111001,111110100,111010011,001011110,100110111,011101111,101101010,010111010,110001101
101101010,001110011,111010110,111011001,110000011,011001111,101100101,010111100,100011111
101000111,011100011,101011001,111001010,011011101,111110100,110010011,110101101,000111110
011001110,100000111,001111100,111011001,110101100,011100101,101101011,010111011,111110010
011001110,100000111,001111100,111011001,110101100,011100101,101101011,010111011,111110010
001011011,111110010,111101001,101111100,010111001,011010101,110011110,100100111,011101110
011110110,100100111,011001101,110111100,111101011,001111001,111010001,010011011,101011110
101111000,001110110,110110011,000111101,011101011,111100101,011011100,101001111,110101110
010111011,111110000,111001010,001100011,001111110,011101101,110100110,100011101,011010111
011100111,001111011,101001111,010011110,011010101,110101001,101111100,111010010,100110111
011001110,100000111,001111100,111011001,110101100,011100101,101101011,010111011,111110010
101000111,011100011,101011001,111001010,011011101,111110100,110010011,110101101,000111110
001111001,101110100,111010011,011011110,100001111,010100111,111101000,100111010,110011101
100011011,010010110,111110001,111001000,001011101,101100110,100111100,011111010,010101111
101101010,001110011,111010110,111011001,110000011,011001111,101100101,010111100,100011111
001111010,101110101,110100011,110110100,010101101,011010111,111011001,100011111,111001110
010111011,111110000,111001010,001100011,001111110,011101101,110100110,100011101,011010111
101111000,110110011,101100101,001101011,010111101,111001001,110101110,100011111,011010110
101101010,001110011,111010110,111011001,110000011,011001111,101100101,010111100,100011111
001111001,101110100,111010011,011011110,100001111,010100111,111101000,100111010,110011101
011001110,100000111,001111100,111011001,110101100,011100101,101101011,010111011,111110010
011010110,100100111,001111100,111110001,010101010,001001011,111001100,010001101,100011010
010111011,111110000,111001010,001100011,001111110,011101101,110100110,100011101,011010111
001011011,111110010,111101001,101111100,010111001,011010101,110011110,100100111,011101110
100111110,111110000,101100001,111001100,010111101,001010111,110011011,110100111,011101010
100011011,010010110,111110001,111001000,001011101,101100110,100111100,011111010,010101111
001111010,101110101,110100011,110110100,010101101,011010111,111011001,100011111,111001110
100011001,010111100,111110001,011010111,001101011,101110110,101001101,111001010,110100111
011100111,001111011,101001111,010011110,011010101,110101001,101111100,111010010,100110111
100111110,111110000,101100001,111001100,010111101,001010111,110011011,110100111,011101010
100011011,010010110,111110001,111001000,001011101,101100110,100111100,011111010,010101111
100011001,010111100,111110001,011010111,001101011,101110110,101001101,111001010,110100111
100011011,010010110,111110001,111001000,001011101,101100110,100111100,011111010,010101111
001011011,111110010,111101001,101111100,010111001,011010101,110011110,100100111,011101110
100011011,010010110,111110001,111001000,001011101,101100110,100111100,011111010,010101111
100011001,010111100,111110001,011010111,001101011,101110110,101001101,111001010,110100111
011001110,100000111,001111100,111011001,110101100,011100101,101101011,010111011,111110010
100111110,111110000,101100001,111001100,010111101,001010111,110011011,110100111,011101010
011110110,100100111,011001101,110111100,111101011,001111001,111010001,010011011,101011110
010111011,111110000,111001010,001100011,001111110,011101101,110100110,100011101,011010111
000111110,101110011,001100101,110101000,010001101,001010111,110010101,110000111,011101010
100011001,010111100,111110001,011010111,001101011,101110110,101001101,111001010,110100111
001111001,101110100,111010011,011011110,100001111,010100111,111101000,100111010,110011101
100111110,111110000,101100001,111001100,010111101,001010111,110011011,110100111,011101010
001111010,101110101,110100011,110110100,010101101,011010111,111011001,100011111,111001110
100011001,010111100,111110001,011010111,001101011,101110110,101001101,111001010,110100111
001111001,101110100,111010011,011011110,100001111,010100111,111101000,100111010,110011101
001011011,111110010,111101001,101111100,010111001,011010101,110011110,100100111,011101110
011110110,100100111,011001101,110111100,111101011,001111001,111010001,010011011,101011110
011001110,100000111,001111100,111011001,110101100,011100101,101101011,010111011,111110010
001111001,101110100,111010011,011011110,100001111,010100111,111101000,100111010,110011101
001011011,111110010,111101001,101111100,010111001,011010101,110011110,100100111,011101110
101111000,110110011,101100101,001101011,010111101,111001001,110101110,100011111,011010110
011010110,100100111,001111100,111110001,010101010,001001011,111001100,010001101,100011010
001111010,101110101,110100011,110110100,010101101,011010111,111011001,100011111,111001110
011010110,100100111,001111100,111110001,010101010,001001011,111001100,010001101,100011010
011010110,100100111,001111100,111110001,010101010,001001011,111001100,010001101,100011010
101111000,001110110,110110011,000111101,011101011,111100101,011011100,101001111,110101110
101101010,001110011,111010110,111011001,110000011,011001111,101100101,010111100,100011111
001111001,101110100,111010011,011011110,100001111,010100111,111101000,100111010,110011101
011001110,100000111,001111100,111011001,110101100,011100101,101101011,010111011,111110010
001111001,111110100,111010011,001011110,100110111,011101111,101101010,010111010,110001101
001011011,111110010,111101001,101111100,010111001,011010101,110011110,100100111,011101110
001011011,111110010,111101001,101111100,010111001,011010101,110011110,100100111,011101110
100111110,111110000,101100001,111001100,010111101,001010111,110011011,110100111,011101010
011100111,001111011,101001111,010011110,011010101,110101001,101111100,111010010,100110111
011100111,001111011,101001111,010011110,011010101,110101001,101111100,111010010,100110111
011010110,100100111,001111100,111110001,010101010,001001011,111001100,010001101,100011010
101101010,001110011,111010110,111011001,110000011,011001111,101100101,010111100,100011111
011001110,100000111,001111100,111011001,110101100,011100101,101101011,010111011,111110010
001111001,101110100,111010011,011011110,100001111,010100111,111101000,100111010,110011101
011100111,001111011,101001111,010011110,011010101,110101001,101111100,111010010,100110111
001111001,101110100,111010011,011011110,100001111,010100111,111101000,100111010,110011101
101111000,001110110,110110011,000111101,011101011,111100101,011011100,101001111,110101110
101111000,001110110,110110011,000111101,011101011,111100101,011011100,101001111,110101110
011001110,100000111,001111100,111011001,110101100,011100101,101101011,010111011,111110010
011010110,100100101,111111010,110100001,010101010,001001101,111001100,010011101,100011110
100011001,010111100,111110001,011010111,001101011,101110110,101001101,111001010,110100111
010111011,111110000,111001010,001100011,001111110,011101101,110100110,100011101,011010111
011001110,100000111,001111100,111011001,110101100,011100101,101101011,010111011,111110010
001111001,101110100,111010011,011011110,100001111,010100111,111101000,100111010,110011101
100111110,111110000,101100001,111001100,010111101,001010111,110011011,110100111,011101010
100011110,101110011,001111100,110101101,010111011,001001111,011010101,111001000,011100110
101111000,001110110,110110011,000111101,011101011,111100101,011011100,101001111,110101110
100111110,111110000,101100001,111001100,010111101,001010111,110011011,110100111,011101010
010111011,111110000,111001010,001100011,001111110,011101101,110100110,100011101,011010111
001111001,111110100,111010011,001011110,100110111,011101111,101101010,010111010,110001101
001111010,101110101,110100011,110110100,010101101,011010111,111011001,100011111,111001110
001111010,101110101,110100011,110110100,010101101,011010111,111011001,100011111,111001110
001111001,111110100,111010011,001011110,100110111,011101111,101101010,010111010,110001101
101111000,001110110,110110011,000111101,011101011,111100101,011011100,101001111,110101110
011010110,100100111,001111100,111110001,010101010,001001011,111001100,010001101,100011010
100111110,111110000,101100001,111001100,010111101,001010111,110011011,110100111,011101010
011010110,100100111,001111100,111110001,010101010,001001011,111001100,010001101,100011010
