INFO - 11/17/25 21:06:44 - 0:00:00 - ============ Initialized logger ============
INFO - 11/17/25 21:06:44 - 0:00:00 - batch_size: 32
                                     command: python fc_loop.py --exp_name=dim20_run_2 --dump_path=/home/yuebi/Project/dim20_run --num_initial_empty_objects=800 --final_database_size=100 --target_db_size=100 --nb_local_searches=800 --max_epochs=20 --type=transformer --max-output-length=350 --sample-only=20000 --max-steps=1500 --n_tokens=15 --n-layer=8 --n-embd=128 --n-embd2=128 --exp_id=1111 --exp_id "1111"
                                     cpu: False
                                     debug: False
                                     debug_slurm: False
                                     dump_path: /home/yuebi/Project/dim20_run/dim20_run_2/1111
                                     exp_id: 1111
                                     exp_name: dim20_run_2
                                     final_database_size: 100
                                     gen_batch_size: 1000
                                     global_rank: 0
                                     is_master: True
                                     is_slurm_job: True
                                     learning_rate: 0.0005
                                     local_rank: 0
                                     master_addr: gpu-6
                                     master_port: -1
                                     max_epochs: 20
                                     max_output_length: 350
                                     max_steps: 1500
                                     multi_gpu: False
                                     multi_node: False
                                     n_embd: 128
                                     n_embd2: 128
                                     n_gpu_per_node: 1
                                     n_head: 8
                                     n_layer: 8
                                     n_nodes: 1
                                     n_tokens: 15
                                     nb_local_searches: 800
                                     nb_threads: 1
                                     node_id: 0
                                     num_initial_empty_objects: 800
                                     num_workers: 8
                                     sample_only: 20000
                                     seed: -1
                                     target_db_size: 100
                                     temperature: 1.0
                                     top_k: -1
                                     type: transformer
                                     weight_decay: 0.01
                                     world_size: 1
INFO - 11/17/25 21:06:44 - 0:00:00 - The experiment will be stored in /home/yuebi/Project/dim20_run/dim20_run_2/1111
                                     
INFO - 11/17/25 21:06:44 - 0:00:00 - Running command: python fc_loop.py --exp_name=dim20_run_2 --dump_path=/home/yuebi/Project/dim20_run --num_initial_empty_objects=800 --final_database_size=100 --target_db_size=100 --nb_local_searches=800 --max_epochs=20 --type=transformer --max-output-length=350 --sample-only=20000 --max-steps=1500 --n_tokens=15 --n-layer=8 --n-embd=128 --n-embd2=128 --exp_id=1111

WARNING - 11/17/25 21:06:44 - 0:00:00 - Signal handler installed.
INFO - 11/17/25 21:06:44 - 0:00:00 - seed: 530346772
INFO - 11/17/25 21:06:44 - 0:00:00 - JULIA_NUM_THREADS is set to 1
INFO - 11/17/25 21:08:35 - 0:01:51 - Created /home/yuebi/Project/dim20_run/dim20_run_2/1111/temp.txt and training tokenizer...
INFO - 11/17/25 21:08:35 - 0:01:51 - Directory '/home/yuebi/Project/dim20_run/dim20_run_2/1111/tokenizer_data' created.
INFO - 11/17/25 21:08:35 - 0:01:51 - File '/home/yuebi/Project/dim20_run/dim20_run_2/1111/temp.txt' has been deleted.
INFO - 11/17/25 21:08:35 - 0:01:51 - 0 / 100
INFO - 11/17/25 21:08:35 - 0:01:51 - initializing at generation: 1
INFO - 11/17/25 21:08:35 - 0:01:51 - number of examples in the dataset: 100
INFO - 11/17/25 21:08:35 - 0:01:51 - max word length: 164
INFO - 11/17/25 21:08:35 - 0:01:51 - number of unique characters in the vocabulary: 15
INFO - 11/17/25 21:08:35 - 0:01:51 - vocabulary:
INFO - 11/17/25 21:08:35 - 0:01:51 - ['V0', 'V1', 'V2', 'V3', 'V4', 'V5', 'V6', 'V7', 'V8', 'V9', 'V10', 'V11', 'V12', 'V13', 'V14']
INFO - 11/17/25 21:08:35 - 0:01:51 - split up the dataset into 90 training examples and 10 test examples
INFO - 11/17/25 21:08:35 - 0:01:51 - dataset determined that: vocab_size=16, block_size=351
INFO - 11/17/25 21:08:35 - 0:01:51 - model #params: 1635456
INFO - 11/17/25 21:08:35 - 0:01:51 - ============ Start of generation 1 ============
INFO - 11/17/25 21:08:35 - 0:01:51 - Memory allocated:  10.00MB, reserved: 12.00MB
INFO - 11/17/25 21:08:35 - 0:01:51 - training
INFO - 11/17/25 21:08:40 - 0:01:56 - step 0 | loss 2.9430 | step time 618.72ms
INFO - 11/17/25 21:09:09 - 0:02:24 - step 100 | loss 1.8446 | step time 285.61ms
INFO - 11/17/25 21:09:37 - 0:02:53 - step 200 | loss 1.0590 | step time 285.78ms
INFO - 11/17/25 21:10:06 - 0:03:22 - step 300 | loss 0.1953 | step time 285.59ms
INFO - 11/17/25 21:10:34 - 0:03:50 - step 400 | loss 0.0381 | step time 285.52ms
INFO - 11/17/25 21:11:03 - 0:04:19 - step 500 | loss 0.0326 | step time 285.66ms
INFO - 11/17/25 21:11:03 - 0:04:19 - step 500 train loss: 0.034282173961400986 test loss: 7.176197528839111
INFO - 11/17/25 21:11:03 - 0:04:19 - test loss 7.176197528839111 is the best so far, saving model to /home/yuebi/Project/dim20_run/dim20_run_2/1111/model.pt
INFO - 11/17/25 21:11:32 - 0:04:48 - step 600 | loss 0.0321 | step time 285.63ms
INFO - 11/17/25 21:12:00 - 0:05:16 - step 700 | loss 0.0443 | step time 285.99ms
INFO - 11/17/25 21:12:29 - 0:05:45 - step 800 | loss 0.0319 | step time 285.85ms
INFO - 11/17/25 21:12:57 - 0:06:13 - step 900 | loss 0.0306 | step time 285.57ms
INFO - 11/17/25 21:13:26 - 0:06:42 - step 1000 | loss 0.0317 | step time 285.64ms
INFO - 11/17/25 21:13:26 - 0:06:42 - step 1000 train loss: 0.03064679726958275 test loss: 7.240757942199707
INFO - 11/17/25 21:13:55 - 0:07:11 - step 1100 | loss 0.0307 | step time 285.59ms
INFO - 11/17/25 21:14:23 - 0:07:39 - step 1200 | loss 0.0330 | step time 285.63ms
INFO - 11/17/25 21:14:52 - 0:08:08 - step 1300 | loss 0.0301 | step time 285.63ms
INFO - 11/17/25 21:15:21 - 0:08:36 - step 1400 | loss 0.0301 | step time 285.44ms
INFO - 11/17/25 21:15:49 - 0:09:05 - Memory allocated:  45.82MB, reserved: 3306.00MB
INFO - 11/17/25 21:15:49 - 0:09:05 - generating
INFO - 11/17/25 23:35:51 - 2:29:07 - distribution of sample lengths: average: 503.07885 max: 1099
INFO - 11/17/25 23:35:51 - 2:29:07 - printed 20000 samples
INFO - 11/17/25 23:35:51 - 2:29:07 - decoding
INFO - 11/17/25 23:35:51 - 2:29:07 - Decoding complete. Check the output in /home/yuebi/Project/dim20_run/dim20_run_2/1111/transformer-output-decoded.txt
INFO - 11/17/25 23:35:51 - 2:29:07 - Memory allocated:  45.82MB, reserved: 10106.00MB
INFO - 11/17/25 23:35:51 - 2:29:07 - ============ End of generation 1 ============
INFO - 11/17/25 23:35:51 - 2:29:07 - launching search.jl
INFO - 11/17/25 23:35:51 - 2:29:07 - JULIA_NUM_THREADS is set to 1
INFO - 11/17/25 23:40:57 - 2:34:12 - distribution of scores(all rounds)
INFO - 11/17/25 23:40:57 - 2:34:12 - Score:37256720.0, Count:1
                                     
INFO - 11/17/25 23:40:57 - 2:34:12 - Score:37238772.0, Count:1
                                     
INFO - 11/17/25 23:40:57 - 2:34:12 - Score:37238350.0, Count:1
                                     
INFO - 11/17/25 23:40:57 - 2:34:12 - Score:37154980.0, Count:1
                                     
INFO - 11/17/25 23:40:57 - 2:34:12 - Score:36983900.0, Count:1
                                     
INFO - 11/17/25 23:40:57 - 2:34:12 - Score:36928260.0, Count:1
                                     
INFO - 11/17/25 23:40:57 - 2:34:12 - Score:36854996.0, Count:1
                                     
INFO - 11/17/25 23:40:57 - 2:34:12 - Score:36775696.0, Count:1
                                     
INFO - 11/17/25 23:40:57 - 2:34:12 - Score:36570560.0, Count:1
                                     
INFO - 11/17/25 23:40:57 - 2:34:12 - Score:36488132.0, Count:1
                                     
INFO - 11/17/25 23:40:57 - 2:34:12 - Score:36375320.0, Count:1
                                     
INFO - 11/17/25 23:40:57 - 2:34:12 - Score:36345852.0, Count:1
                                     
INFO - 11/17/25 23:40:57 - 2:34:12 - Score:36204944.0, Count:1
                                     
INFO - 11/17/25 23:40:57 - 2:34:12 - Score:36196110.0, Count:1
                                     
INFO - 11/17/25 23:40:57 - 2:34:12 - Score:36183550.0, Count:1
                                     
INFO - 11/17/25 23:40:57 - 2:34:12 - Score:36136584.0, Count:1
                                     
INFO - 11/17/25 23:40:57 - 2:34:12 - Score:36072970.0, Count:1
                                     
INFO - 11/17/25 23:40:57 - 2:34:12 - Score:35931236.0, Count:1
                                     
INFO - 11/17/25 23:40:57 - 2:34:12 - Score:35927790.0, Count:1
                                     
INFO - 11/17/25 23:40:57 - 2:34:12 - Score:35880830.0, Count:1
                                     
INFO - 11/17/25 23:40:57 - 2:34:12 - Score:35880380.0, Count:1
                                     
INFO - 11/17/25 23:40:57 - 2:34:12 - Score:35793536.0, Count:1
                                     
INFO - 11/17/25 23:40:57 - 2:34:12 - Score:35629620.0, Count:1
                                     
INFO - 11/17/25 23:40:57 - 2:34:12 - Score:35592576.0, Count:1
                                     
INFO - 11/17/25 23:40:57 - 2:34:12 - Score:35490890.0, Count:1
                                     
INFO - 11/17/25 23:40:57 - 2:34:12 - Score:35463484.0, Count:1
                                     
INFO - 11/17/25 23:40:57 - 2:34:12 - Score:35311120.0, Count:1
                                     
INFO - 11/17/25 23:40:57 - 2:34:12 - Score:35308940.0, Count:1
                                     
INFO - 11/17/25 23:40:57 - 2:34:12 - Score:35261320.0, Count:1
                                     
INFO - 11/17/25 23:40:57 - 2:34:12 - Score:35259612.0, Count:1
                                     
INFO - 11/17/25 23:40:57 - 2:34:12 - Score:35195664.0, Count:1
                                     
INFO - 11/17/25 23:40:57 - 2:34:12 - Score:35193524.0, Count:1
                                     
INFO - 11/17/25 23:40:57 - 2:34:12 - Score:35172250.0, Count:1
                                     
INFO - 11/17/25 23:40:57 - 2:34:12 - Score:35142570.0, Count:1
                                     
INFO - 11/17/25 23:40:57 - 2:34:12 - Score:35013564.0, Count:1
                                     
INFO - 11/17/25 23:40:57 - 2:34:12 - Score:35012264.0, Count:1
                                     
INFO - 11/17/25 23:40:57 - 2:34:12 - Score:34987452.0, Count:1
                                     
INFO - 11/17/25 23:40:57 - 2:34:12 - Score:34967056.0, Count:1
                                     
INFO - 11/17/25 23:40:57 - 2:34:12 - Score:34930296.0, Count:1
                                     
INFO - 11/17/25 23:40:57 - 2:34:12 - Score:34927090.0, Count:1
                                     
INFO - 11/17/25 23:40:57 - 2:34:12 - Score:34866864.0, Count:1
                                     
INFO - 11/17/25 23:40:57 - 2:34:12 - Score:34862896.0, Count:1
                                     
INFO - 11/17/25 23:40:57 - 2:34:12 - Score:34852680.0, Count:1
                                     
INFO - 11/17/25 23:40:57 - 2:34:12 - Score:34793160.0, Count:1
                                     
INFO - 11/17/25 23:40:57 - 2:34:12 - Score:34788580.0, Count:1
                                     
INFO - 11/17/25 23:40:57 - 2:34:12 - Score:34759570.0, Count:1
                                     
INFO - 11/17/25 23:40:57 - 2:34:12 - Score:34758876.0, Count:1
                                     
INFO - 11/17/25 23:40:57 - 2:34:12 - Score:34722490.0, Count:1
                                     
INFO - 11/17/25 23:40:57 - 2:34:12 - Score:34686400.0, Count:1
                                     
INFO - 11/17/25 23:40:57 - 2:34:12 - Score:34647180.0, Count:1
                                     
INFO - 11/17/25 23:40:57 - 2:34:12 - Score:34623660.0, Count:1
                                     
INFO - 11/17/25 23:40:57 - 2:34:12 - Score:34619340.0, Count:1
                                     
INFO - 11/17/25 23:40:57 - 2:34:12 - Score:34614036.0, Count:1
                                     
INFO - 11/17/25 23:40:57 - 2:34:12 - Score:34605744.0, Count:1
                                     
INFO - 11/17/25 23:40:57 - 2:34:12 - Score:34601496.0, Count:1
                                     
INFO - 11/17/25 23:40:57 - 2:34:12 - Score:34590310.0, Count:1
                                     
INFO - 11/17/25 23:40:57 - 2:34:12 - Score:34576080.0, Count:1
                                     
INFO - 11/17/25 23:40:57 - 2:34:12 - Score:34559176.0, Count:1
                                     
INFO - 11/17/25 23:40:57 - 2:34:12 - Score:34542560.0, Count:1
                                     
INFO - 11/17/25 23:40:57 - 2:34:12 - Score:34522050.0, Count:1
                                     
INFO - 11/17/25 23:40:57 - 2:34:12 - Score:34475104.0, Count:1
                                     
INFO - 11/17/25 23:40:57 - 2:34:12 - Score:34440236.0, Count:1
                                     
INFO - 11/17/25 23:40:57 - 2:34:12 - Score:34437080.0, Count:1
                                     
INFO - 11/17/25 23:40:57 - 2:34:12 - Score:34427908.0, Count:1
                                     
INFO - 11/17/25 23:40:57 - 2:34:12 - Score:34416940.0, Count:1
                                     
INFO - 11/17/25 23:40:57 - 2:34:12 - Score:34402068.0, Count:1
                                     
INFO - 11/17/25 23:40:57 - 2:34:12 - Score:34394576.0, Count:1
                                     
INFO - 11/17/25 23:40:57 - 2:34:12 - Score:34380824.0, Count:1
                                     
INFO - 11/17/25 23:40:57 - 2:34:12 - Score:34376750.0, Count:1
                                     
INFO - 11/17/25 23:40:57 - 2:34:12 - Score:34296970.0, Count:1
                                     
INFO - 11/17/25 23:40:57 - 2:34:12 - Score:34292910.0, Count:1
                                     
INFO - 11/17/25 23:40:57 - 2:34:12 - Score:34285652.0, Count:1
                                     
INFO - 11/17/25 23:40:57 - 2:34:12 - Score:34269816.0, Count:1
                                     
INFO - 11/17/25 23:40:57 - 2:34:12 - Score:34250756.0, Count:1
                                     
INFO - 11/17/25 23:40:57 - 2:34:12 - Score:34227000.0, Count:1
                                     
INFO - 11/17/25 23:40:57 - 2:34:12 - Score:34216200.0, Count:1
                                     
INFO - 11/17/25 23:40:57 - 2:34:12 - Score:34198344.0, Count:1
                                     
INFO - 11/17/25 23:40:57 - 2:34:12 - Score:34189816.0, Count:1
                                     
INFO - 11/17/25 23:40:57 - 2:34:12 - Score:34182810.0, Count:1
                                     
INFO - 11/17/25 23:40:57 - 2:34:12 - Score:34182092.0, Count:1
                                     
INFO - 11/17/25 23:40:57 - 2:34:12 - Score:34134060.0, Count:1
                                     
INFO - 11/17/25 23:40:57 - 2:34:12 - Score:34091610.0, Count:1
                                     
INFO - 11/17/25 23:40:57 - 2:34:12 - Score:34072010.0, Count:1
                                     
INFO - 11/17/25 23:40:57 - 2:34:12 - Score:34046836.0, Count:1
                                     
INFO - 11/17/25 23:40:57 - 2:34:12 - Score:34008664.0, Count:1
                                     
INFO - 11/17/25 23:40:57 - 2:34:12 - Score:34007884.0, Count:1
                                     
INFO - 11/17/25 23:40:57 - 2:34:12 - Score:33984056.0, Count:1
                                     
INFO - 11/17/25 23:40:57 - 2:34:12 - Score:33972908.0, Count:1
                                     
INFO - 11/17/25 23:40:57 - 2:34:12 - Score:33969404.0, Count:1
                                     
INFO - 11/17/25 23:40:57 - 2:34:12 - Score:33956310.0, Count:1
                                     
INFO - 11/17/25 23:40:57 - 2:34:12 - Score:33929804.0, Count:1
                                     
INFO - 11/17/25 23:40:57 - 2:34:12 - Score:33898196.0, Count:1
                                     
INFO - 11/17/25 23:40:57 - 2:34:12 - Score:33870596.0, Count:1
                                     
INFO - 11/17/25 23:40:57 - 2:34:12 - Score:33848852.0, Count:1
                                     
INFO - 11/17/25 23:40:57 - 2:34:12 - Score:33833636.0, Count:1
                                     
INFO - 11/17/25 23:40:57 - 2:34:12 - Score:33799056.0, Count:1
                                     
INFO - 11/17/25 23:40:57 - 2:34:12 - Score:33753028.0, Count:1
                                     
INFO - 11/17/25 23:40:57 - 2:34:12 - Score:33748772.0, Count:1
                                     
INFO - 11/17/25 23:40:57 - 2:34:12 - Score:33743772.0, Count:1
                                     
INFO - 11/17/25 23:40:57 - 2:34:12 - Score:33724890.0, Count:1
                                     
INFO - 11/17/25 23:40:57 - 2:34:12 - Score:33711750.0, Count:0
                                     
INFO - 11/17/25 23:40:57 - 2:34:12 - tokenizing
INFO - 11/17/25 23:40:57 - 2:34:12 - Loading tokenizer from /home/yuebi/Project/dim20_run/dim20_run_2/1111/tokenizer_data/tokenizer.json...
INFO - 11/17/25 23:40:57 - 2:34:12 - 0 / 100
INFO - 11/17/25 23:40:57 - 2:34:12 - number of examples in the dataset: 100
INFO - 11/17/25 23:40:57 - 2:34:12 - max word length: 166
INFO - 11/17/25 23:40:57 - 2:34:12 - number of unique characters in the vocabulary: 15
INFO - 11/17/25 23:40:57 - 2:34:12 - vocabulary:
INFO - 11/17/25 23:40:57 - 2:34:12 - ['V0', 'V1', 'V2', 'V3', 'V4', 'V5', 'V6', 'V7', 'V8', 'V9', 'V10', 'V11', 'V12', 'V13', 'V14']
INFO - 11/17/25 23:40:57 - 2:34:12 - split up the dataset into 90 training examples and 10 test examples
INFO - 11/17/25 23:40:57 - 2:34:12 - ============ Start of generation 2 ============
INFO - 11/17/25 23:40:57 - 2:34:12 - Memory allocated:  45.82MB, reserved: 10106.00MB
INFO - 11/17/25 23:40:57 - 2:34:12 - training
INFO - 11/17/25 23:40:57 - 2:34:13 - step 0 | loss 1.7425 | step time 294.74ms
INFO - 11/17/25 23:41:26 - 2:34:42 - step 100 | loss 0.0480 | step time 286.77ms
INFO - 11/17/25 23:41:54 - 2:35:10 - step 200 | loss 0.0381 | step time 286.57ms
INFO - 11/17/25 23:42:23 - 2:35:39 - step 300 | loss 0.0310 | step time 286.95ms
INFO - 11/17/25 23:42:52 - 2:36:08 - step 400 | loss 0.0313 | step time 286.84ms
INFO - 11/17/25 23:43:21 - 2:36:36 - step 500 | loss 0.0317 | step time 286.61ms
INFO - 11/17/25 23:43:21 - 2:36:37 - step 500 train loss: 0.03137383982539177 test loss: 2.3395447731018066
INFO - 11/17/25 23:43:21 - 2:36:37 - test loss 2.3395447731018066 is the best so far, saving model to /home/yuebi/Project/dim20_run/dim20_run_2/1111/model.pt
INFO - 11/17/25 23:43:50 - 2:37:05 - step 600 | loss 0.0442 | step time 286.95ms
INFO - 11/17/25 23:44:18 - 2:37:34 - step 700 | loss 0.0294 | step time 286.68ms
INFO - 11/17/25 23:44:47 - 2:38:03 - step 800 | loss 0.0304 | step time 286.76ms
INFO - 11/17/25 23:45:16 - 2:38:31 - step 900 | loss 0.0290 | step time 286.96ms
INFO - 11/17/25 23:45:44 - 2:39:00 - step 1000 | loss 0.0434 | step time 286.82ms
INFO - 11/17/25 23:45:45 - 2:39:00 - step 1000 train loss: 0.0435398668050766 test loss: 2.617974042892456
INFO - 11/17/25 23:46:13 - 2:39:29 - step 1100 | loss 0.0281 | step time 286.92ms
INFO - 11/17/25 23:46:42 - 2:39:58 - step 1200 | loss 0.0297 | step time 286.75ms
INFO - 11/17/25 23:47:11 - 2:40:26 - step 1300 | loss 0.0297 | step time 286.92ms
INFO - 11/17/25 23:47:39 - 2:40:55 - step 1400 | loss 0.0311 | step time 286.82ms
INFO - 11/17/25 23:48:08 - 2:41:23 - Memory allocated:  45.82MB, reserved: 10106.00MB
INFO - 11/17/25 23:48:08 - 2:41:23 - generating
INFO - 11/18/25 01:07:06 - 0:00:00 - ============ Initialized logger ============
INFO - 11/18/25 01:07:06 - 0:00:00 - batch_size: 32
                                     command: python fc_loop.py --exp_name=dim20_run_2 --dump_path=/home/yuebi/Project/dim20_run --num_initial_empty_objects=800 --final_database_size=100 --target_db_size=100 --nb_local_searches=800 --max_epochs=20 --type=transformer --max-output-length=350 --sample-only=20000 --max-steps=1500 --n_tokens=15 --n-layer=8 --n-embd=128 --n-embd2=128 --exp_id=1111 --exp_id "1111"
                                     cpu: False
                                     debug: False
                                     debug_slurm: False
                                     dump_path: /home/yuebi/Project/dim20_run/dim20_run_2/1111
                                     exp_id: 1111
                                     exp_name: dim20_run_2
                                     final_database_size: 100
                                     gen_batch_size: 1000
                                     global_rank: 0
                                     is_master: True
                                     is_slurm_job: True
                                     learning_rate: 0.0005
                                     local_rank: 0
                                     master_addr: gpu-6
                                     master_port: -1
                                     max_epochs: 20
                                     max_output_length: 350
                                     max_steps: 1500
                                     multi_gpu: False
                                     multi_node: False
                                     n_embd: 128
                                     n_embd2: 128
                                     n_gpu_per_node: 1
                                     n_head: 8
                                     n_layer: 8
                                     n_nodes: 1
                                     n_tokens: 15
                                     nb_local_searches: 800
                                     nb_threads: 1
                                     node_id: 0
                                     num_initial_empty_objects: 800
                                     num_workers: 8
                                     sample_only: 20000
                                     seed: -1
                                     target_db_size: 100
                                     temperature: 1.0
                                     top_k: -1
                                     type: transformer
                                     weight_decay: 0.01
                                     world_size: 1
INFO - 11/18/25 01:07:06 - 0:00:00 - The experiment will be stored in /home/yuebi/Project/dim20_run/dim20_run_2/1111
                                     
INFO - 11/18/25 01:07:06 - 0:00:00 - Running command: python fc_loop.py --exp_name=dim20_run_2 --dump_path=/home/yuebi/Project/dim20_run --num_initial_empty_objects=800 --final_database_size=100 --target_db_size=100 --nb_local_searches=800 --max_epochs=20 --type=transformer --max-output-length=350 --sample-only=20000 --max-steps=1500 --n_tokens=15 --n-layer=8 --n-embd=128 --n-embd2=128 --exp_id=1111

WARNING - 11/18/25 01:07:06 - 0:00:00 - Signal handler installed.
INFO - 11/18/25 01:07:06 - 0:00:00 - seed: 406660241
INFO - 11/18/25 01:07:06 - 0:00:00 - initializing at generation: 2
INFO - 11/18/25 01:07:06 - 0:00:00 - number of examples in the dataset: 100
INFO - 11/18/25 01:07:06 - 0:00:00 - max word length: 166
INFO - 11/18/25 01:07:06 - 0:00:00 - number of unique characters in the vocabulary: 15
INFO - 11/18/25 01:07:06 - 0:00:00 - vocabulary:
INFO - 11/18/25 01:07:06 - 0:00:00 - ['V0', 'V1', 'V2', 'V3', 'V4', 'V5', 'V6', 'V7', 'V8', 'V9', 'V10', 'V11', 'V12', 'V13', 'V14']
INFO - 11/18/25 01:07:06 - 0:00:00 - split up the dataset into 90 training examples and 10 test examples
INFO - 11/18/25 01:07:06 - 0:00:00 - dataset determined that: vocab_size=16, block_size=351
INFO - 11/18/25 01:07:06 - 0:00:00 - model #params: 1635456
INFO - 11/18/25 01:07:06 - 0:00:00 - resuming from existing model
INFO - 11/18/25 01:07:06 - 0:00:00 - ============ Start of generation 2 ============
INFO - 11/18/25 01:07:06 - 0:00:00 - Memory allocated:  10.00MB, reserved: 22.00MB
INFO - 11/18/25 01:07:06 - 0:00:00 - training
INFO - 11/18/25 01:07:11 - 0:00:05 - step 0 | loss 0.1472 | step time 627.11ms
INFO - 11/18/25 01:07:40 - 0:00:34 - step 100 | loss 0.0310 | step time 286.53ms
INFO - 11/18/25 01:08:08 - 0:01:02 - step 200 | loss 0.0291 | step time 286.61ms
INFO - 11/18/25 01:08:37 - 0:01:31 - step 300 | loss 0.0302 | step time 286.57ms
INFO - 11/18/25 01:09:06 - 0:02:00 - step 400 | loss 0.0299 | step time 286.75ms
INFO - 11/18/25 01:09:34 - 0:02:28 - step 500 | loss 0.0297 | step time 287.35ms
INFO - 11/18/25 01:09:35 - 0:02:29 - step 500 train loss: 0.029621349647641182 test loss: 0.4013398587703705
INFO - 11/18/25 01:09:35 - 0:02:29 - test loss 0.4013398587703705 is the best so far, saving model to /home/yuebi/Project/dim20_run/dim20_run_2/1111/model.pt
INFO - 11/18/25 01:10:03 - 0:02:57 - step 600 | loss 0.0284 | step time 286.91ms
INFO - 11/18/25 01:10:32 - 0:03:26 - step 700 | loss 0.0332 | step time 286.64ms
INFO - 11/18/25 01:11:01 - 0:03:55 - step 800 | loss 0.0321 | step time 286.62ms
INFO - 11/18/25 01:11:29 - 0:04:23 - step 900 | loss 0.0279 | step time 286.41ms
INFO - 11/18/25 01:11:58 - 0:04:52 - step 1000 | loss 0.0295 | step time 286.76ms
INFO - 11/18/25 01:11:58 - 0:04:52 - step 1000 train loss: 0.0297235157340765 test loss: 0.6236346364021301
INFO - 11/18/25 01:12:27 - 0:05:21 - step 1100 | loss 0.0498 | step time 286.77ms
INFO - 11/18/25 01:12:56 - 0:05:50 - step 1200 | loss 0.0295 | step time 286.78ms
INFO - 11/18/25 01:13:24 - 0:06:18 - step 1300 | loss 0.0302 | step time 286.52ms
INFO - 11/18/25 01:13:53 - 0:06:47 - step 1400 | loss 0.0313 | step time 286.50ms
INFO - 11/18/25 01:14:21 - 0:07:15 - Memory allocated:  45.82MB, reserved: 3306.00MB
INFO - 11/18/25 01:14:21 - 0:07:15 - generating
INFO - 11/18/25 03:06:19 - 0:00:00 - ============ Initialized logger ============
INFO - 11/18/25 03:06:19 - 0:00:00 - batch_size: 32
                                     command: python fc_loop.py --exp_name=dim20_run_2 --dump_path=/home/yuebi/Project/dim20_run --num_initial_empty_objects=800 --final_database_size=100 --target_db_size=100 --nb_local_searches=800 --max_epochs=20 --type=transformer --max-output-length=330 --sample-only=25000 --max-steps=1500 --n_tokens=15 --n-layer=8 --n-embd=128 --n-embd2=128 --exp_id=1111 --exp_id "1111"
                                     cpu: False
                                     debug: False
                                     debug_slurm: False
                                     dump_path: /home/yuebi/Project/dim20_run/dim20_run_2/1111
                                     exp_id: 1111
                                     exp_name: dim20_run_2
                                     final_database_size: 100
                                     gen_batch_size: 1000
                                     global_rank: 0
                                     is_master: True
                                     is_slurm_job: True
                                     learning_rate: 0.0005
                                     local_rank: 0
                                     master_addr: gpu-6
                                     master_port: -1
                                     max_epochs: 20
                                     max_output_length: 330
                                     max_steps: 1500
                                     multi_gpu: False
                                     multi_node: False
                                     n_embd: 128
                                     n_embd2: 128
                                     n_gpu_per_node: 1
                                     n_head: 8
                                     n_layer: 8
                                     n_nodes: 1
                                     n_tokens: 15
                                     nb_local_searches: 800
                                     nb_threads: 1
                                     node_id: 0
                                     num_initial_empty_objects: 800
                                     num_workers: 8
                                     sample_only: 25000
                                     seed: -1
                                     target_db_size: 100
                                     temperature: 1.0
                                     top_k: -1
                                     type: transformer
                                     weight_decay: 0.01
                                     world_size: 1
INFO - 11/18/25 03:06:19 - 0:00:00 - The experiment will be stored in /home/yuebi/Project/dim20_run/dim20_run_2/1111
                                     
INFO - 11/18/25 03:06:19 - 0:00:00 - Running command: python fc_loop.py --exp_name=dim20_run_2 --dump_path=/home/yuebi/Project/dim20_run --num_initial_empty_objects=800 --final_database_size=100 --target_db_size=100 --nb_local_searches=800 --max_epochs=20 --type=transformer --max-output-length=330 --sample-only=25000 --max-steps=1500 --n_tokens=15 --n-layer=8 --n-embd=128 --n-embd2=128 --exp_id=1111

WARNING - 11/18/25 03:06:19 - 0:00:00 - Signal handler installed.
INFO - 11/18/25 03:06:19 - 0:00:00 - seed: 972562486
INFO - 11/18/25 03:06:19 - 0:00:00 - initializing at generation: 2
INFO - 11/18/25 03:06:19 - 0:00:00 - number of examples in the dataset: 100
INFO - 11/18/25 03:06:19 - 0:00:00 - max word length: 166
INFO - 11/18/25 03:06:19 - 0:00:00 - number of unique characters in the vocabulary: 15
INFO - 11/18/25 03:06:19 - 0:00:00 - vocabulary:
INFO - 11/18/25 03:06:19 - 0:00:00 - ['V0', 'V1', 'V2', 'V3', 'V4', 'V5', 'V6', 'V7', 'V8', 'V9', 'V10', 'V11', 'V12', 'V13', 'V14']
INFO - 11/18/25 03:06:19 - 0:00:00 - split up the dataset into 90 training examples and 10 test examples
INFO - 11/18/25 03:06:19 - 0:00:00 - dataset determined that: vocab_size=16, block_size=331
INFO - 11/18/25 03:06:19 - 0:00:00 - model #params: 1632896
INFO - 11/18/25 03:06:19 - 0:00:00 - resuming from existing model
INFO - 11/18/25 03:06:21 - 0:00:00 - ============ Initialized logger ============
INFO - 11/18/25 03:06:21 - 0:00:00 - batch_size: 32
                                     command: python fc_loop.py --exp_name=dim20_run_2 --dump_path=/home/yuebi/Project/dim20_run --num_initial_empty_objects=800 --final_database_size=100 --target_db_size=100 --nb_local_searches=800 --max_epochs=20 --type=transformer --max-output-length=330 --sample-only=25000 --max-steps=1500 --n_tokens=15 --n-layer=8 --n-embd=128 --n-embd2=128 --exp_id=1111 --exp_id "1111"
                                     cpu: False
                                     debug: False
                                     debug_slurm: False
                                     dump_path: /home/yuebi/Project/dim20_run/dim20_run_2/1111
                                     exp_id: 1111
                                     exp_name: dim20_run_2
                                     final_database_size: 100
                                     gen_batch_size: 1000
                                     global_rank: 0
                                     is_master: True
                                     is_slurm_job: True
                                     learning_rate: 0.0005
                                     local_rank: 0
                                     master_addr: gpu-6
                                     master_port: -1
                                     max_epochs: 20
                                     max_output_length: 330
                                     max_steps: 1500
                                     multi_gpu: False
                                     multi_node: False
                                     n_embd: 128
                                     n_embd2: 128
                                     n_gpu_per_node: 1
                                     n_head: 8
                                     n_layer: 8
                                     n_nodes: 1
                                     n_tokens: 15
                                     nb_local_searches: 800
                                     nb_threads: 1
                                     node_id: 0
                                     num_initial_empty_objects: 800
                                     num_workers: 8
                                     sample_only: 25000
                                     seed: -1
                                     target_db_size: 100
                                     temperature: 1.0
                                     top_k: -1
                                     type: transformer
                                     weight_decay: 0.01
                                     world_size: 1
INFO - 11/18/25 03:06:21 - 0:00:00 - The experiment will be stored in /home/yuebi/Project/dim20_run/dim20_run_2/1111
                                     
INFO - 11/18/25 03:06:21 - 0:00:00 - Running command: python fc_loop.py --exp_name=dim20_run_2 --dump_path=/home/yuebi/Project/dim20_run --num_initial_empty_objects=800 --final_database_size=100 --target_db_size=100 --nb_local_searches=800 --max_epochs=20 --type=transformer --max-output-length=330 --sample-only=25000 --max-steps=1500 --n_tokens=15 --n-layer=8 --n-embd=128 --n-embd2=128 --exp_id=1111

WARNING - 11/18/25 03:06:21 - 0:00:00 - Signal handler installed.
INFO - 11/18/25 03:06:21 - 0:00:00 - seed: 491741110
INFO - 11/18/25 03:06:21 - 0:00:00 - initializing at generation: 2
INFO - 11/18/25 03:06:21 - 0:00:00 - number of examples in the dataset: 100
INFO - 11/18/25 03:06:21 - 0:00:00 - max word length: 166
INFO - 11/18/25 03:06:21 - 0:00:00 - number of unique characters in the vocabulary: 15
INFO - 11/18/25 03:06:21 - 0:00:00 - vocabulary:
INFO - 11/18/25 03:06:21 - 0:00:00 - ['V0', 'V1', 'V2', 'V3', 'V4', 'V5', 'V6', 'V7', 'V8', 'V9', 'V10', 'V11', 'V12', 'V13', 'V14']
INFO - 11/18/25 03:06:21 - 0:00:00 - split up the dataset into 90 training examples and 10 test examples
INFO - 11/18/25 03:06:21 - 0:00:00 - dataset determined that: vocab_size=16, block_size=331
INFO - 11/18/25 03:06:21 - 0:00:00 - model #params: 1632896
INFO - 11/18/25 03:06:21 - 0:00:00 - resuming from existing model
INFO - 11/18/25 03:06:24 - 0:00:00 - ============ Initialized logger ============
INFO - 11/18/25 03:06:24 - 0:00:00 - batch_size: 32
                                     command: python fc_loop.py --exp_name=dim20_run_2 --dump_path=/home/yuebi/Project/dim20_run --num_initial_empty_objects=800 --final_database_size=100 --target_db_size=100 --nb_local_searches=800 --max_epochs=20 --type=transformer --max-output-length=330 --sample-only=25000 --max-steps=1500 --n_tokens=15 --n-layer=8 --n-embd=128 --n-embd2=128 --exp_id=1111 --exp_id "1111"
                                     cpu: False
                                     debug: False
                                     debug_slurm: False
                                     dump_path: /home/yuebi/Project/dim20_run/dim20_run_2/1111
                                     exp_id: 1111
                                     exp_name: dim20_run_2
                                     final_database_size: 100
                                     gen_batch_size: 1000
                                     global_rank: 0
                                     is_master: True
                                     is_slurm_job: True
                                     learning_rate: 0.0005
                                     local_rank: 0
                                     master_addr: gpu-6
                                     master_port: -1
                                     max_epochs: 20
                                     max_output_length: 330
                                     max_steps: 1500
                                     multi_gpu: False
                                     multi_node: False
                                     n_embd: 128
                                     n_embd2: 128
                                     n_gpu_per_node: 1
                                     n_head: 8
                                     n_layer: 8
                                     n_nodes: 1
                                     n_tokens: 15
                                     nb_local_searches: 800
                                     nb_threads: 1
                                     node_id: 0
                                     num_initial_empty_objects: 800
                                     num_workers: 8
                                     sample_only: 25000
                                     seed: -1
                                     target_db_size: 100
                                     temperature: 1.0
                                     top_k: -1
                                     type: transformer
                                     weight_decay: 0.01
                                     world_size: 1
INFO - 11/18/25 03:06:24 - 0:00:00 - The experiment will be stored in /home/yuebi/Project/dim20_run/dim20_run_2/1111
                                     
INFO - 11/18/25 03:06:24 - 0:00:00 - Running command: python fc_loop.py --exp_name=dim20_run_2 --dump_path=/home/yuebi/Project/dim20_run --num_initial_empty_objects=800 --final_database_size=100 --target_db_size=100 --nb_local_searches=800 --max_epochs=20 --type=transformer --max-output-length=330 --sample-only=25000 --max-steps=1500 --n_tokens=15 --n-layer=8 --n-embd=128 --n-embd2=128 --exp_id=1111

WARNING - 11/18/25 03:06:24 - 0:00:00 - Signal handler installed.
INFO - 11/18/25 03:06:24 - 0:00:00 - seed: 329018125
INFO - 11/18/25 03:06:24 - 0:00:00 - initializing at generation: 2
INFO - 11/18/25 03:06:24 - 0:00:00 - number of examples in the dataset: 100
INFO - 11/18/25 03:06:24 - 0:00:00 - max word length: 166
INFO - 11/18/25 03:06:24 - 0:00:00 - number of unique characters in the vocabulary: 15
INFO - 11/18/25 03:06:24 - 0:00:00 - vocabulary:
INFO - 11/18/25 03:06:24 - 0:00:00 - ['V0', 'V1', 'V2', 'V3', 'V4', 'V5', 'V6', 'V7', 'V8', 'V9', 'V10', 'V11', 'V12', 'V13', 'V14']
INFO - 11/18/25 03:06:24 - 0:00:00 - split up the dataset into 90 training examples and 10 test examples
INFO - 11/18/25 03:06:24 - 0:00:00 - dataset determined that: vocab_size=16, block_size=331
INFO - 11/18/25 03:06:24 - 0:00:00 - model #params: 1632896
INFO - 11/18/25 03:06:24 - 0:00:00 - resuming from existing model
INFO - 11/18/25 03:06:27 - 0:00:00 - ============ Initialized logger ============
INFO - 11/18/25 03:06:27 - 0:00:00 - batch_size: 32
                                     command: python fc_loop.py --exp_name=dim20_run_2 --dump_path=/home/yuebi/Project/dim20_run --num_initial_empty_objects=800 --final_database_size=100 --target_db_size=100 --nb_local_searches=800 --max_epochs=20 --type=transformer --max-output-length=330 --sample-only=25000 --max-steps=1500 --n_tokens=15 --n-layer=8 --n-embd=128 --n-embd2=128 --exp_id=1111 --exp_id "1111"
                                     cpu: False
                                     debug: False
                                     debug_slurm: False
                                     dump_path: /home/yuebi/Project/dim20_run/dim20_run_2/1111
                                     exp_id: 1111
                                     exp_name: dim20_run_2
                                     final_database_size: 100
                                     gen_batch_size: 1000
                                     global_rank: 0
                                     is_master: True
                                     is_slurm_job: True
                                     learning_rate: 0.0005
                                     local_rank: 0
                                     master_addr: gpu-6
                                     master_port: -1
                                     max_epochs: 20
                                     max_output_length: 330
                                     max_steps: 1500
                                     multi_gpu: False
                                     multi_node: False
                                     n_embd: 128
                                     n_embd2: 128
                                     n_gpu_per_node: 1
                                     n_head: 8
                                     n_layer: 8
                                     n_nodes: 1
                                     n_tokens: 15
                                     nb_local_searches: 800
                                     nb_threads: 1
                                     node_id: 0
                                     num_initial_empty_objects: 800
                                     num_workers: 8
                                     sample_only: 25000
                                     seed: -1
                                     target_db_size: 100
                                     temperature: 1.0
                                     top_k: -1
                                     type: transformer
                                     weight_decay: 0.01
                                     world_size: 1
INFO - 11/18/25 03:06:27 - 0:00:00 - The experiment will be stored in /home/yuebi/Project/dim20_run/dim20_run_2/1111
                                     
INFO - 11/18/25 03:06:27 - 0:00:00 - Running command: python fc_loop.py --exp_name=dim20_run_2 --dump_path=/home/yuebi/Project/dim20_run --num_initial_empty_objects=800 --final_database_size=100 --target_db_size=100 --nb_local_searches=800 --max_epochs=20 --type=transformer --max-output-length=330 --sample-only=25000 --max-steps=1500 --n_tokens=15 --n-layer=8 --n-embd=128 --n-embd2=128 --exp_id=1111

WARNING - 11/18/25 03:06:27 - 0:00:00 - Signal handler installed.
INFO - 11/18/25 03:06:27 - 0:00:00 - seed: 948271391
INFO - 11/18/25 03:06:27 - 0:00:00 - initializing at generation: 2
INFO - 11/18/25 03:06:27 - 0:00:00 - number of examples in the dataset: 100
INFO - 11/18/25 03:06:27 - 0:00:00 - max word length: 166
INFO - 11/18/25 03:06:27 - 0:00:00 - number of unique characters in the vocabulary: 15
INFO - 11/18/25 03:06:27 - 0:00:00 - vocabulary:
INFO - 11/18/25 03:06:27 - 0:00:00 - ['V0', 'V1', 'V2', 'V3', 'V4', 'V5', 'V6', 'V7', 'V8', 'V9', 'V10', 'V11', 'V12', 'V13', 'V14']
INFO - 11/18/25 03:06:27 - 0:00:00 - split up the dataset into 90 training examples and 10 test examples
INFO - 11/18/25 03:06:27 - 0:00:00 - dataset determined that: vocab_size=16, block_size=331
INFO - 11/18/25 03:06:27 - 0:00:00 - model #params: 1632896
INFO - 11/18/25 03:06:27 - 0:00:00 - resuming from existing model
INFO - 11/18/25 03:06:30 - 0:00:00 - ============ Initialized logger ============
INFO - 11/18/25 03:06:30 - 0:00:00 - batch_size: 32
                                     command: python fc_loop.py --exp_name=dim20_run_2 --dump_path=/home/yuebi/Project/dim20_run --num_initial_empty_objects=800 --final_database_size=100 --target_db_size=100 --nb_local_searches=800 --max_epochs=20 --type=transformer --max-output-length=330 --sample-only=25000 --max-steps=1500 --n_tokens=15 --n-layer=8 --n-embd=128 --n-embd2=128 --exp_id=1111 --exp_id "1111"
                                     cpu: False
                                     debug: False
                                     debug_slurm: False
                                     dump_path: /home/yuebi/Project/dim20_run/dim20_run_2/1111
                                     exp_id: 1111
                                     exp_name: dim20_run_2
                                     final_database_size: 100
                                     gen_batch_size: 1000
                                     global_rank: 0
                                     is_master: True
                                     is_slurm_job: True
                                     learning_rate: 0.0005
                                     local_rank: 0
                                     master_addr: gpu-6
                                     master_port: -1
                                     max_epochs: 20
                                     max_output_length: 330
                                     max_steps: 1500
                                     multi_gpu: False
                                     multi_node: False
                                     n_embd: 128
                                     n_embd2: 128
                                     n_gpu_per_node: 1
                                     n_head: 8
                                     n_layer: 8
                                     n_nodes: 1
                                     n_tokens: 15
                                     nb_local_searches: 800
                                     nb_threads: 1
                                     node_id: 0
                                     num_initial_empty_objects: 800
                                     num_workers: 8
                                     sample_only: 25000
                                     seed: -1
                                     target_db_size: 100
                                     temperature: 1.0
                                     top_k: -1
                                     type: transformer
                                     weight_decay: 0.01
                                     world_size: 1
INFO - 11/18/25 03:06:30 - 0:00:00 - The experiment will be stored in /home/yuebi/Project/dim20_run/dim20_run_2/1111
                                     
INFO - 11/18/25 03:06:30 - 0:00:00 - Running command: python fc_loop.py --exp_name=dim20_run_2 --dump_path=/home/yuebi/Project/dim20_run --num_initial_empty_objects=800 --final_database_size=100 --target_db_size=100 --nb_local_searches=800 --max_epochs=20 --type=transformer --max-output-length=330 --sample-only=25000 --max-steps=1500 --n_tokens=15 --n-layer=8 --n-embd=128 --n-embd2=128 --exp_id=1111

WARNING - 11/18/25 03:06:30 - 0:00:00 - Signal handler installed.
INFO - 11/18/25 03:06:30 - 0:00:00 - seed: 607749701
INFO - 11/18/25 03:06:30 - 0:00:00 - initializing at generation: 2
INFO - 11/18/25 03:06:30 - 0:00:00 - number of examples in the dataset: 100
INFO - 11/18/25 03:06:30 - 0:00:00 - max word length: 166
INFO - 11/18/25 03:06:30 - 0:00:00 - number of unique characters in the vocabulary: 15
INFO - 11/18/25 03:06:30 - 0:00:00 - vocabulary:
INFO - 11/18/25 03:06:30 - 0:00:00 - ['V0', 'V1', 'V2', 'V3', 'V4', 'V5', 'V6', 'V7', 'V8', 'V9', 'V10', 'V11', 'V12', 'V13', 'V14']
INFO - 11/18/25 03:06:30 - 0:00:00 - split up the dataset into 90 training examples and 10 test examples
INFO - 11/18/25 03:06:30 - 0:00:00 - dataset determined that: vocab_size=16, block_size=331
INFO - 11/18/25 03:06:30 - 0:00:00 - model #params: 1632896
INFO - 11/18/25 03:06:30 - 0:00:00 - resuming from existing model
INFO - 11/18/25 03:06:33 - 0:00:00 - ============ Initialized logger ============
INFO - 11/18/25 03:06:33 - 0:00:00 - batch_size: 32
                                     command: python fc_loop.py --exp_name=dim20_run_2 --dump_path=/home/yuebi/Project/dim20_run --num_initial_empty_objects=800 --final_database_size=100 --target_db_size=100 --nb_local_searches=800 --max_epochs=20 --type=transformer --max-output-length=330 --sample-only=25000 --max-steps=1500 --n_tokens=15 --n-layer=8 --n-embd=128 --n-embd2=128 --exp_id=1111 --exp_id "1111"
                                     cpu: False
                                     debug: False
                                     debug_slurm: False
                                     dump_path: /home/yuebi/Project/dim20_run/dim20_run_2/1111
                                     exp_id: 1111
                                     exp_name: dim20_run_2
                                     final_database_size: 100
                                     gen_batch_size: 1000
                                     global_rank: 0
                                     is_master: True
                                     is_slurm_job: True
                                     learning_rate: 0.0005
                                     local_rank: 0
                                     master_addr: gpu-6
                                     master_port: -1
                                     max_epochs: 20
                                     max_output_length: 330
                                     max_steps: 1500
                                     multi_gpu: False
                                     multi_node: False
                                     n_embd: 128
                                     n_embd2: 128
                                     n_gpu_per_node: 1
                                     n_head: 8
                                     n_layer: 8
                                     n_nodes: 1
                                     n_tokens: 15
                                     nb_local_searches: 800
                                     nb_threads: 1
                                     node_id: 0
                                     num_initial_empty_objects: 800
                                     num_workers: 8
                                     sample_only: 25000
                                     seed: -1
                                     target_db_size: 100
                                     temperature: 1.0
                                     top_k: -1
                                     type: transformer
                                     weight_decay: 0.01
                                     world_size: 1
INFO - 11/18/25 03:06:33 - 0:00:00 - The experiment will be stored in /home/yuebi/Project/dim20_run/dim20_run_2/1111
                                     
INFO - 11/18/25 03:06:33 - 0:00:00 - Running command: python fc_loop.py --exp_name=dim20_run_2 --dump_path=/home/yuebi/Project/dim20_run --num_initial_empty_objects=800 --final_database_size=100 --target_db_size=100 --nb_local_searches=800 --max_epochs=20 --type=transformer --max-output-length=330 --sample-only=25000 --max-steps=1500 --n_tokens=15 --n-layer=8 --n-embd=128 --n-embd2=128 --exp_id=1111

WARNING - 11/18/25 03:06:33 - 0:00:00 - Signal handler installed.
INFO - 11/18/25 03:06:33 - 0:00:00 - seed: 695919173
INFO - 11/18/25 03:06:33 - 0:00:00 - initializing at generation: 2
INFO - 11/18/25 03:06:33 - 0:00:00 - number of examples in the dataset: 100
INFO - 11/18/25 03:06:33 - 0:00:00 - max word length: 166
INFO - 11/18/25 03:06:33 - 0:00:00 - number of unique characters in the vocabulary: 15
INFO - 11/18/25 03:06:33 - 0:00:00 - vocabulary:
INFO - 11/18/25 03:06:33 - 0:00:00 - ['V0', 'V1', 'V2', 'V3', 'V4', 'V5', 'V6', 'V7', 'V8', 'V9', 'V10', 'V11', 'V12', 'V13', 'V14']
INFO - 11/18/25 03:06:33 - 0:00:00 - split up the dataset into 90 training examples and 10 test examples
INFO - 11/18/25 03:06:33 - 0:00:00 - dataset determined that: vocab_size=16, block_size=331
INFO - 11/18/25 03:06:33 - 0:00:00 - model #params: 1632896
INFO - 11/18/25 03:06:33 - 0:00:00 - resuming from existing model
INFO - 11/18/25 03:06:36 - 0:00:00 - ============ Initialized logger ============
INFO - 11/18/25 03:06:36 - 0:00:00 - batch_size: 32
                                     command: python fc_loop.py --exp_name=dim20_run_2 --dump_path=/home/yuebi/Project/dim20_run --num_initial_empty_objects=800 --final_database_size=100 --target_db_size=100 --nb_local_searches=800 --max_epochs=20 --type=transformer --max-output-length=330 --sample-only=25000 --max-steps=1500 --n_tokens=15 --n-layer=8 --n-embd=128 --n-embd2=128 --exp_id=1111 --exp_id "1111"
                                     cpu: False
                                     debug: False
                                     debug_slurm: False
                                     dump_path: /home/yuebi/Project/dim20_run/dim20_run_2/1111
                                     exp_id: 1111
                                     exp_name: dim20_run_2
                                     final_database_size: 100
                                     gen_batch_size: 1000
                                     global_rank: 0
                                     is_master: True
                                     is_slurm_job: True
                                     learning_rate: 0.0005
                                     local_rank: 0
                                     master_addr: gpu-6
                                     master_port: -1
                                     max_epochs: 20
                                     max_output_length: 330
                                     max_steps: 1500
                                     multi_gpu: False
                                     multi_node: False
                                     n_embd: 128
                                     n_embd2: 128
                                     n_gpu_per_node: 1
                                     n_head: 8
                                     n_layer: 8
                                     n_nodes: 1
                                     n_tokens: 15
                                     nb_local_searches: 800
                                     nb_threads: 1
                                     node_id: 0
                                     num_initial_empty_objects: 800
                                     num_workers: 8
                                     sample_only: 25000
                                     seed: -1
                                     target_db_size: 100
                                     temperature: 1.0
                                     top_k: -1
                                     type: transformer
                                     weight_decay: 0.01
                                     world_size: 1
INFO - 11/18/25 03:06:36 - 0:00:00 - The experiment will be stored in /home/yuebi/Project/dim20_run/dim20_run_2/1111
                                     
INFO - 11/18/25 03:06:36 - 0:00:00 - Running command: python fc_loop.py --exp_name=dim20_run_2 --dump_path=/home/yuebi/Project/dim20_run --num_initial_empty_objects=800 --final_database_size=100 --target_db_size=100 --nb_local_searches=800 --max_epochs=20 --type=transformer --max-output-length=330 --sample-only=25000 --max-steps=1500 --n_tokens=15 --n-layer=8 --n-embd=128 --n-embd2=128 --exp_id=1111

WARNING - 11/18/25 03:06:36 - 0:00:00 - Signal handler installed.
INFO - 11/18/25 03:06:36 - 0:00:00 - seed: 588391704
INFO - 11/18/25 03:06:36 - 0:00:00 - initializing at generation: 2
INFO - 11/18/25 03:06:36 - 0:00:00 - number of examples in the dataset: 100
INFO - 11/18/25 03:06:36 - 0:00:00 - max word length: 166
INFO - 11/18/25 03:06:36 - 0:00:00 - number of unique characters in the vocabulary: 15
INFO - 11/18/25 03:06:36 - 0:00:00 - vocabulary:
INFO - 11/18/25 03:06:36 - 0:00:00 - ['V0', 'V1', 'V2', 'V3', 'V4', 'V5', 'V6', 'V7', 'V8', 'V9', 'V10', 'V11', 'V12', 'V13', 'V14']
INFO - 11/18/25 03:06:36 - 0:00:00 - split up the dataset into 90 training examples and 10 test examples
INFO - 11/18/25 03:06:36 - 0:00:00 - dataset determined that: vocab_size=16, block_size=331
INFO - 11/18/25 03:06:36 - 0:00:00 - model #params: 1632896
INFO - 11/18/25 03:06:36 - 0:00:00 - resuming from existing model
INFO - 11/18/25 03:06:39 - 0:00:00 - ============ Initialized logger ============
INFO - 11/18/25 03:06:39 - 0:00:00 - batch_size: 32
                                     command: python fc_loop.py --exp_name=dim20_run_2 --dump_path=/home/yuebi/Project/dim20_run --num_initial_empty_objects=800 --final_database_size=100 --target_db_size=100 --nb_local_searches=800 --max_epochs=20 --type=transformer --max-output-length=330 --sample-only=25000 --max-steps=1500 --n_tokens=15 --n-layer=8 --n-embd=128 --n-embd2=128 --exp_id=1111 --exp_id "1111"
                                     cpu: False
                                     debug: False
                                     debug_slurm: False
                                     dump_path: /home/yuebi/Project/dim20_run/dim20_run_2/1111
                                     exp_id: 1111
                                     exp_name: dim20_run_2
                                     final_database_size: 100
                                     gen_batch_size: 1000
                                     global_rank: 0
                                     is_master: True
                                     is_slurm_job: True
                                     learning_rate: 0.0005
                                     local_rank: 0
                                     master_addr: gpu-6
                                     master_port: -1
                                     max_epochs: 20
                                     max_output_length: 330
                                     max_steps: 1500
                                     multi_gpu: False
                                     multi_node: False
                                     n_embd: 128
                                     n_embd2: 128
                                     n_gpu_per_node: 1
                                     n_head: 8
                                     n_layer: 8
                                     n_nodes: 1
                                     n_tokens: 15
                                     nb_local_searches: 800
                                     nb_threads: 1
                                     node_id: 0
                                     num_initial_empty_objects: 800
                                     num_workers: 8
                                     sample_only: 25000
                                     seed: -1
                                     target_db_size: 100
                                     temperature: 1.0
                                     top_k: -1
                                     type: transformer
                                     weight_decay: 0.01
                                     world_size: 1
INFO - 11/18/25 03:06:39 - 0:00:00 - The experiment will be stored in /home/yuebi/Project/dim20_run/dim20_run_2/1111
                                     
INFO - 11/18/25 03:06:39 - 0:00:00 - Running command: python fc_loop.py --exp_name=dim20_run_2 --dump_path=/home/yuebi/Project/dim20_run --num_initial_empty_objects=800 --final_database_size=100 --target_db_size=100 --nb_local_searches=800 --max_epochs=20 --type=transformer --max-output-length=330 --sample-only=25000 --max-steps=1500 --n_tokens=15 --n-layer=8 --n-embd=128 --n-embd2=128 --exp_id=1111

WARNING - 11/18/25 03:06:39 - 0:00:00 - Signal handler installed.
INFO - 11/18/25 03:06:39 - 0:00:00 - seed: 504492994
INFO - 11/18/25 03:06:39 - 0:00:00 - initializing at generation: 2
INFO - 11/18/25 03:06:39 - 0:00:00 - number of examples in the dataset: 100
INFO - 11/18/25 03:06:39 - 0:00:00 - max word length: 166
INFO - 11/18/25 03:06:39 - 0:00:00 - number of unique characters in the vocabulary: 15
INFO - 11/18/25 03:06:39 - 0:00:00 - vocabulary:
INFO - 11/18/25 03:06:39 - 0:00:00 - ['V0', 'V1', 'V2', 'V3', 'V4', 'V5', 'V6', 'V7', 'V8', 'V9', 'V10', 'V11', 'V12', 'V13', 'V14']
INFO - 11/18/25 03:06:39 - 0:00:00 - split up the dataset into 90 training examples and 10 test examples
INFO - 11/18/25 03:06:39 - 0:00:00 - dataset determined that: vocab_size=16, block_size=331
INFO - 11/18/25 03:06:39 - 0:00:00 - model #params: 1632896
INFO - 11/18/25 03:06:39 - 0:00:00 - resuming from existing model
INFO - 11/18/25 03:06:42 - 0:00:00 - ============ Initialized logger ============
INFO - 11/18/25 03:06:42 - 0:00:00 - batch_size: 32
                                     command: python fc_loop.py --exp_name=dim20_run_2 --dump_path=/home/yuebi/Project/dim20_run --num_initial_empty_objects=800 --final_database_size=100 --target_db_size=100 --nb_local_searches=800 --max_epochs=20 --type=transformer --max-output-length=330 --sample-only=25000 --max-steps=1500 --n_tokens=15 --n-layer=8 --n-embd=128 --n-embd2=128 --exp_id=1111 --exp_id "1111"
                                     cpu: False
                                     debug: False
                                     debug_slurm: False
                                     dump_path: /home/yuebi/Project/dim20_run/dim20_run_2/1111
                                     exp_id: 1111
                                     exp_name: dim20_run_2
                                     final_database_size: 100
                                     gen_batch_size: 1000
                                     global_rank: 0
                                     is_master: True
                                     is_slurm_job: True
                                     learning_rate: 0.0005
                                     local_rank: 0
                                     master_addr: gpu-6
                                     master_port: -1
                                     max_epochs: 20
                                     max_output_length: 330
                                     max_steps: 1500
                                     multi_gpu: False
                                     multi_node: False
                                     n_embd: 128
                                     n_embd2: 128
                                     n_gpu_per_node: 1
                                     n_head: 8
                                     n_layer: 8
                                     n_nodes: 1
                                     n_tokens: 15
                                     nb_local_searches: 800
                                     nb_threads: 1
                                     node_id: 0
                                     num_initial_empty_objects: 800
                                     num_workers: 8
                                     sample_only: 25000
                                     seed: -1
                                     target_db_size: 100
                                     temperature: 1.0
                                     top_k: -1
                                     type: transformer
                                     weight_decay: 0.01
                                     world_size: 1
INFO - 11/18/25 03:06:42 - 0:00:00 - The experiment will be stored in /home/yuebi/Project/dim20_run/dim20_run_2/1111
                                     
INFO - 11/18/25 03:06:42 - 0:00:00 - Running command: python fc_loop.py --exp_name=dim20_run_2 --dump_path=/home/yuebi/Project/dim20_run --num_initial_empty_objects=800 --final_database_size=100 --target_db_size=100 --nb_local_searches=800 --max_epochs=20 --type=transformer --max-output-length=330 --sample-only=25000 --max-steps=1500 --n_tokens=15 --n-layer=8 --n-embd=128 --n-embd2=128 --exp_id=1111

WARNING - 11/18/25 03:06:42 - 0:00:00 - Signal handler installed.
INFO - 11/18/25 03:06:42 - 0:00:00 - seed: 199043493
INFO - 11/18/25 03:06:42 - 0:00:00 - initializing at generation: 2
INFO - 11/18/25 03:06:42 - 0:00:00 - number of examples in the dataset: 100
INFO - 11/18/25 03:06:42 - 0:00:00 - max word length: 166
INFO - 11/18/25 03:06:42 - 0:00:00 - number of unique characters in the vocabulary: 15
INFO - 11/18/25 03:06:42 - 0:00:00 - vocabulary:
INFO - 11/18/25 03:06:42 - 0:00:00 - ['V0', 'V1', 'V2', 'V3', 'V4', 'V5', 'V6', 'V7', 'V8', 'V9', 'V10', 'V11', 'V12', 'V13', 'V14']
INFO - 11/18/25 03:06:42 - 0:00:00 - split up the dataset into 90 training examples and 10 test examples
INFO - 11/18/25 03:06:42 - 0:00:00 - dataset determined that: vocab_size=16, block_size=331
INFO - 11/18/25 03:06:42 - 0:00:00 - model #params: 1632896
INFO - 11/18/25 03:06:42 - 0:00:00 - resuming from existing model
INFO - 11/18/25 03:06:45 - 0:00:00 - ============ Initialized logger ============
INFO - 11/18/25 03:06:45 - 0:00:00 - batch_size: 32
                                     command: python fc_loop.py --exp_name=dim20_run_2 --dump_path=/home/yuebi/Project/dim20_run --num_initial_empty_objects=800 --final_database_size=100 --target_db_size=100 --nb_local_searches=800 --max_epochs=20 --type=transformer --max-output-length=330 --sample-only=25000 --max-steps=1500 --n_tokens=15 --n-layer=8 --n-embd=128 --n-embd2=128 --exp_id=1111 --exp_id "1111"
                                     cpu: False
                                     debug: False
                                     debug_slurm: False
                                     dump_path: /home/yuebi/Project/dim20_run/dim20_run_2/1111
                                     exp_id: 1111
                                     exp_name: dim20_run_2
                                     final_database_size: 100
                                     gen_batch_size: 1000
                                     global_rank: 0
                                     is_master: True
                                     is_slurm_job: True
                                     learning_rate: 0.0005
                                     local_rank: 0
                                     master_addr: gpu-6
                                     master_port: -1
                                     max_epochs: 20
                                     max_output_length: 330
                                     max_steps: 1500
                                     multi_gpu: False
                                     multi_node: False
                                     n_embd: 128
                                     n_embd2: 128
                                     n_gpu_per_node: 1
                                     n_head: 8
                                     n_layer: 8
                                     n_nodes: 1
                                     n_tokens: 15
                                     nb_local_searches: 800
                                     nb_threads: 1
                                     node_id: 0
                                     num_initial_empty_objects: 800
                                     num_workers: 8
                                     sample_only: 25000
                                     seed: -1
                                     target_db_size: 100
                                     temperature: 1.0
                                     top_k: -1
                                     type: transformer
                                     weight_decay: 0.01
                                     world_size: 1
INFO - 11/18/25 03:06:45 - 0:00:00 - The experiment will be stored in /home/yuebi/Project/dim20_run/dim20_run_2/1111
                                     
INFO - 11/18/25 03:06:45 - 0:00:00 - Running command: python fc_loop.py --exp_name=dim20_run_2 --dump_path=/home/yuebi/Project/dim20_run --num_initial_empty_objects=800 --final_database_size=100 --target_db_size=100 --nb_local_searches=800 --max_epochs=20 --type=transformer --max-output-length=330 --sample-only=25000 --max-steps=1500 --n_tokens=15 --n-layer=8 --n-embd=128 --n-embd2=128 --exp_id=1111

WARNING - 11/18/25 03:06:45 - 0:00:00 - Signal handler installed.
INFO - 11/18/25 03:06:45 - 0:00:00 - seed: 777105518
INFO - 11/18/25 03:06:45 - 0:00:00 - initializing at generation: 2
INFO - 11/18/25 03:06:45 - 0:00:00 - number of examples in the dataset: 100
INFO - 11/18/25 03:06:45 - 0:00:00 - max word length: 166
INFO - 11/18/25 03:06:45 - 0:00:00 - number of unique characters in the vocabulary: 15
INFO - 11/18/25 03:06:45 - 0:00:00 - vocabulary:
INFO - 11/18/25 03:06:45 - 0:00:00 - ['V0', 'V1', 'V2', 'V3', 'V4', 'V5', 'V6', 'V7', 'V8', 'V9', 'V10', 'V11', 'V12', 'V13', 'V14']
INFO - 11/18/25 03:06:45 - 0:00:00 - split up the dataset into 90 training examples and 10 test examples
INFO - 11/18/25 03:06:45 - 0:00:00 - dataset determined that: vocab_size=16, block_size=331
INFO - 11/18/25 03:06:45 - 0:00:00 - model #params: 1632896
INFO - 11/18/25 03:06:45 - 0:00:00 - resuming from existing model
INFO - 11/18/25 03:06:48 - 0:00:00 - ============ Initialized logger ============
INFO - 11/18/25 03:06:48 - 0:00:00 - batch_size: 32
                                     command: python fc_loop.py --exp_name=dim20_run_2 --dump_path=/home/yuebi/Project/dim20_run --num_initial_empty_objects=800 --final_database_size=100 --target_db_size=100 --nb_local_searches=800 --max_epochs=20 --type=transformer --max-output-length=330 --sample-only=25000 --max-steps=1500 --n_tokens=15 --n-layer=8 --n-embd=128 --n-embd2=128 --exp_id=1111 --exp_id "1111"
                                     cpu: False
                                     debug: False
                                     debug_slurm: False
                                     dump_path: /home/yuebi/Project/dim20_run/dim20_run_2/1111
                                     exp_id: 1111
                                     exp_name: dim20_run_2
                                     final_database_size: 100
                                     gen_batch_size: 1000
                                     global_rank: 0
                                     is_master: True
                                     is_slurm_job: True
                                     learning_rate: 0.0005
                                     local_rank: 0
                                     master_addr: gpu-6
                                     master_port: -1
                                     max_epochs: 20
                                     max_output_length: 330
                                     max_steps: 1500
                                     multi_gpu: False
                                     multi_node: False
                                     n_embd: 128
                                     n_embd2: 128
                                     n_gpu_per_node: 1
                                     n_head: 8
                                     n_layer: 8
                                     n_nodes: 1
                                     n_tokens: 15
                                     nb_local_searches: 800
                                     nb_threads: 1
                                     node_id: 0
                                     num_initial_empty_objects: 800
                                     num_workers: 8
                                     sample_only: 25000
                                     seed: -1
                                     target_db_size: 100
                                     temperature: 1.0
                                     top_k: -1
                                     type: transformer
                                     weight_decay: 0.01
                                     world_size: 1
INFO - 11/18/25 03:06:48 - 0:00:00 - The experiment will be stored in /home/yuebi/Project/dim20_run/dim20_run_2/1111
                                     
INFO - 11/18/25 03:06:48 - 0:00:00 - Running command: python fc_loop.py --exp_name=dim20_run_2 --dump_path=/home/yuebi/Project/dim20_run --num_initial_empty_objects=800 --final_database_size=100 --target_db_size=100 --nb_local_searches=800 --max_epochs=20 --type=transformer --max-output-length=330 --sample-only=25000 --max-steps=1500 --n_tokens=15 --n-layer=8 --n-embd=128 --n-embd2=128 --exp_id=1111

WARNING - 11/18/25 03:06:48 - 0:00:00 - Signal handler installed.
INFO - 11/18/25 03:06:48 - 0:00:00 - seed: 927164300
INFO - 11/18/25 03:06:48 - 0:00:00 - initializing at generation: 2
INFO - 11/18/25 03:06:48 - 0:00:00 - number of examples in the dataset: 100
INFO - 11/18/25 03:06:48 - 0:00:00 - max word length: 166
INFO - 11/18/25 03:06:48 - 0:00:00 - number of unique characters in the vocabulary: 15
INFO - 11/18/25 03:06:48 - 0:00:00 - vocabulary:
INFO - 11/18/25 03:06:48 - 0:00:00 - ['V0', 'V1', 'V2', 'V3', 'V4', 'V5', 'V6', 'V7', 'V8', 'V9', 'V10', 'V11', 'V12', 'V13', 'V14']
INFO - 11/18/25 03:06:48 - 0:00:00 - split up the dataset into 90 training examples and 10 test examples
INFO - 11/18/25 03:06:48 - 0:00:00 - dataset determined that: vocab_size=16, block_size=331
INFO - 11/18/25 03:06:49 - 0:00:00 - model #params: 1632896
INFO - 11/18/25 03:06:49 - 0:00:00 - resuming from existing model
INFO - 11/18/25 03:06:51 - 0:00:00 - ============ Initialized logger ============
INFO - 11/18/25 03:06:51 - 0:00:00 - batch_size: 32
                                     command: python fc_loop.py --exp_name=dim20_run_2 --dump_path=/home/yuebi/Project/dim20_run --num_initial_empty_objects=800 --final_database_size=100 --target_db_size=100 --nb_local_searches=800 --max_epochs=20 --type=transformer --max-output-length=330 --sample-only=25000 --max-steps=1500 --n_tokens=15 --n-layer=8 --n-embd=128 --n-embd2=128 --exp_id=1111 --exp_id "1111"
                                     cpu: False
                                     debug: False
                                     debug_slurm: False
                                     dump_path: /home/yuebi/Project/dim20_run/dim20_run_2/1111
                                     exp_id: 1111
                                     exp_name: dim20_run_2
                                     final_database_size: 100
                                     gen_batch_size: 1000
                                     global_rank: 0
                                     is_master: True
                                     is_slurm_job: True
                                     learning_rate: 0.0005
                                     local_rank: 0
                                     master_addr: gpu-6
                                     master_port: -1
                                     max_epochs: 20
                                     max_output_length: 330
                                     max_steps: 1500
                                     multi_gpu: False
                                     multi_node: False
                                     n_embd: 128
                                     n_embd2: 128
                                     n_gpu_per_node: 1
                                     n_head: 8
                                     n_layer: 8
                                     n_nodes: 1
                                     n_tokens: 15
                                     nb_local_searches: 800
                                     nb_threads: 1
                                     node_id: 0
                                     num_initial_empty_objects: 800
                                     num_workers: 8
                                     sample_only: 25000
                                     seed: -1
                                     target_db_size: 100
                                     temperature: 1.0
                                     top_k: -1
                                     type: transformer
                                     weight_decay: 0.01
                                     world_size: 1
INFO - 11/18/25 03:06:51 - 0:00:00 - The experiment will be stored in /home/yuebi/Project/dim20_run/dim20_run_2/1111
                                     
INFO - 11/18/25 03:06:51 - 0:00:00 - Running command: python fc_loop.py --exp_name=dim20_run_2 --dump_path=/home/yuebi/Project/dim20_run --num_initial_empty_objects=800 --final_database_size=100 --target_db_size=100 --nb_local_searches=800 --max_epochs=20 --type=transformer --max-output-length=330 --sample-only=25000 --max-steps=1500 --n_tokens=15 --n-layer=8 --n-embd=128 --n-embd2=128 --exp_id=1111

WARNING - 11/18/25 03:06:51 - 0:00:00 - Signal handler installed.
INFO - 11/18/25 03:06:51 - 0:00:00 - seed: 144785858
INFO - 11/18/25 03:06:51 - 0:00:00 - initializing at generation: 2
INFO - 11/18/25 03:06:51 - 0:00:00 - number of examples in the dataset: 100
INFO - 11/18/25 03:06:51 - 0:00:00 - max word length: 166
INFO - 11/18/25 03:06:51 - 0:00:00 - number of unique characters in the vocabulary: 15
INFO - 11/18/25 03:06:51 - 0:00:00 - vocabulary:
INFO - 11/18/25 03:06:51 - 0:00:00 - ['V0', 'V1', 'V2', 'V3', 'V4', 'V5', 'V6', 'V7', 'V8', 'V9', 'V10', 'V11', 'V12', 'V13', 'V14']
INFO - 11/18/25 03:06:51 - 0:00:00 - split up the dataset into 90 training examples and 10 test examples
INFO - 11/18/25 03:06:51 - 0:00:00 - dataset determined that: vocab_size=16, block_size=331
INFO - 11/18/25 03:06:51 - 0:00:00 - model #params: 1632896
INFO - 11/18/25 03:06:51 - 0:00:00 - resuming from existing model
INFO - 11/18/25 03:06:55 - 0:00:00 - ============ Initialized logger ============
INFO - 11/18/25 03:06:55 - 0:00:00 - batch_size: 32
                                     command: python fc_loop.py --exp_name=dim20_run_2 --dump_path=/home/yuebi/Project/dim20_run --num_initial_empty_objects=800 --final_database_size=100 --target_db_size=100 --nb_local_searches=800 --max_epochs=20 --type=transformer --max-output-length=330 --sample-only=25000 --max-steps=1500 --n_tokens=15 --n-layer=8 --n-embd=128 --n-embd2=128 --exp_id=1111 --exp_id "1111"
                                     cpu: False
                                     debug: False
                                     debug_slurm: False
                                     dump_path: /home/yuebi/Project/dim20_run/dim20_run_2/1111
                                     exp_id: 1111
                                     exp_name: dim20_run_2
                                     final_database_size: 100
                                     gen_batch_size: 1000
                                     global_rank: 0
                                     is_master: True
                                     is_slurm_job: True
                                     learning_rate: 0.0005
                                     local_rank: 0
                                     master_addr: gpu-6
                                     master_port: -1
                                     max_epochs: 20
                                     max_output_length: 330
                                     max_steps: 1500
                                     multi_gpu: False
                                     multi_node: False
                                     n_embd: 128
                                     n_embd2: 128
                                     n_gpu_per_node: 1
                                     n_head: 8
                                     n_layer: 8
                                     n_nodes: 1
                                     n_tokens: 15
                                     nb_local_searches: 800
                                     nb_threads: 1
                                     node_id: 0
                                     num_initial_empty_objects: 800
                                     num_workers: 8
                                     sample_only: 25000
                                     seed: -1
                                     target_db_size: 100
                                     temperature: 1.0
                                     top_k: -1
                                     type: transformer
                                     weight_decay: 0.01
                                     world_size: 1
INFO - 11/18/25 03:06:55 - 0:00:00 - The experiment will be stored in /home/yuebi/Project/dim20_run/dim20_run_2/1111
                                     
INFO - 11/18/25 03:06:55 - 0:00:00 - Running command: python fc_loop.py --exp_name=dim20_run_2 --dump_path=/home/yuebi/Project/dim20_run --num_initial_empty_objects=800 --final_database_size=100 --target_db_size=100 --nb_local_searches=800 --max_epochs=20 --type=transformer --max-output-length=330 --sample-only=25000 --max-steps=1500 --n_tokens=15 --n-layer=8 --n-embd=128 --n-embd2=128 --exp_id=1111

WARNING - 11/18/25 03:06:55 - 0:00:00 - Signal handler installed.
INFO - 11/18/25 03:06:55 - 0:00:00 - seed: 965554042
INFO - 11/18/25 03:06:55 - 0:00:00 - initializing at generation: 2
INFO - 11/18/25 03:06:55 - 0:00:00 - number of examples in the dataset: 100
INFO - 11/18/25 03:06:55 - 0:00:00 - max word length: 166
INFO - 11/18/25 03:06:55 - 0:00:00 - number of unique characters in the vocabulary: 15
INFO - 11/18/25 03:06:55 - 0:00:00 - vocabulary:
INFO - 11/18/25 03:06:55 - 0:00:00 - ['V0', 'V1', 'V2', 'V3', 'V4', 'V5', 'V6', 'V7', 'V8', 'V9', 'V10', 'V11', 'V12', 'V13', 'V14']
INFO - 11/18/25 03:06:55 - 0:00:00 - split up the dataset into 90 training examples and 10 test examples
INFO - 11/18/25 03:06:55 - 0:00:00 - dataset determined that: vocab_size=16, block_size=331
INFO - 11/18/25 03:06:55 - 0:00:00 - model #params: 1632896
INFO - 11/18/25 03:06:55 - 0:00:00 - resuming from existing model
INFO - 11/18/25 03:12:31 - 0:00:00 - ============ Initialized logger ============
INFO - 11/18/25 03:12:31 - 0:00:00 - batch_size: 32
                                     command: python fc_loop.py --exp_name=dim20_run_2 --dump_path=/home/yuebi/Project/dim20_run --num_initial_empty_objects=800 --final_database_size=100 --target_db_size=100 --nb_local_searches=800 --max_epochs=20 --type=transformer --max-output-length=350 --sample-only=25000 --max-steps=1500 --n_tokens=15 --n-layer=8 --n-embd=128 --n-embd2=128 --exp_id=1111 --exp_id "1111"
                                     cpu: False
                                     debug: False
                                     debug_slurm: False
                                     dump_path: /home/yuebi/Project/dim20_run/dim20_run_2/1111
                                     exp_id: 1111
                                     exp_name: dim20_run_2
                                     final_database_size: 100
                                     gen_batch_size: 1000
                                     global_rank: 0
                                     is_master: True
                                     is_slurm_job: True
                                     learning_rate: 0.0005
                                     local_rank: 0
                                     master_addr: gpu-6
                                     master_port: -1
                                     max_epochs: 20
                                     max_output_length: 350
                                     max_steps: 1500
                                     multi_gpu: False
                                     multi_node: False
                                     n_embd: 128
                                     n_embd2: 128
                                     n_gpu_per_node: 1
                                     n_head: 8
                                     n_layer: 8
                                     n_nodes: 1
                                     n_tokens: 15
                                     nb_local_searches: 800
                                     nb_threads: 1
                                     node_id: 0
                                     num_initial_empty_objects: 800
                                     num_workers: 8
                                     sample_only: 25000
                                     seed: -1
                                     target_db_size: 100
                                     temperature: 1.0
                                     top_k: -1
                                     type: transformer
                                     weight_decay: 0.01
                                     world_size: 1
INFO - 11/18/25 03:12:31 - 0:00:00 - The experiment will be stored in /home/yuebi/Project/dim20_run/dim20_run_2/1111
                                     
INFO - 11/18/25 03:12:31 - 0:00:00 - Running command: python fc_loop.py --exp_name=dim20_run_2 --dump_path=/home/yuebi/Project/dim20_run --num_initial_empty_objects=800 --final_database_size=100 --target_db_size=100 --nb_local_searches=800 --max_epochs=20 --type=transformer --max-output-length=350 --sample-only=25000 --max-steps=1500 --n_tokens=15 --n-layer=8 --n-embd=128 --n-embd2=128 --exp_id=1111

WARNING - 11/18/25 03:12:31 - 0:00:00 - Signal handler installed.
INFO - 11/18/25 03:12:31 - 0:00:00 - seed: 32185057
INFO - 11/18/25 03:12:31 - 0:00:00 - initializing at generation: 2
INFO - 11/18/25 03:12:31 - 0:00:00 - number of examples in the dataset: 100
INFO - 11/18/25 03:12:31 - 0:00:00 - max word length: 166
INFO - 11/18/25 03:12:31 - 0:00:00 - number of unique characters in the vocabulary: 15
INFO - 11/18/25 03:12:31 - 0:00:00 - vocabulary:
INFO - 11/18/25 03:12:31 - 0:00:00 - ['V0', 'V1', 'V2', 'V3', 'V4', 'V5', 'V6', 'V7', 'V8', 'V9', 'V10', 'V11', 'V12', 'V13', 'V14']
INFO - 11/18/25 03:12:31 - 0:00:00 - split up the dataset into 90 training examples and 10 test examples
INFO - 11/18/25 03:12:31 - 0:00:00 - dataset determined that: vocab_size=16, block_size=351
INFO - 11/18/25 03:12:31 - 0:00:00 - model #params: 1635456
INFO - 11/18/25 03:12:31 - 0:00:00 - resuming from existing model
INFO - 11/18/25 03:12:31 - 0:00:00 - ============ Start of generation 2 ============
INFO - 11/18/25 03:12:31 - 0:00:00 - Memory allocated:  10.00MB, reserved: 22.00MB
INFO - 11/18/25 03:12:31 - 0:00:00 - training
INFO - 11/18/25 03:12:36 - 0:00:05 - step 0 | loss 0.0842 | step time 609.04ms
INFO - 11/18/25 03:13:05 - 0:00:34 - step 100 | loss 0.0324 | step time 286.55ms
INFO - 11/18/25 03:13:34 - 0:01:03 - step 200 | loss 0.0330 | step time 286.63ms
INFO - 11/18/25 03:14:02 - 0:01:31 - step 300 | loss 0.0316 | step time 286.52ms
INFO - 11/18/25 03:14:31 - 0:02:00 - step 400 | loss 0.0289 | step time 287.04ms
INFO - 11/18/25 03:15:00 - 0:02:29 - step 500 | loss 0.0295 | step time 287.19ms
INFO - 11/18/25 03:15:00 - 0:02:29 - step 500 train loss: 0.029734643176198006 test loss: 0.21716508269309998
INFO - 11/18/25 03:15:00 - 0:02:29 - test loss 0.21716508269309998 is the best so far, saving model to /home/yuebi/Project/dim20_run/dim20_run_2/1111/model.pt
INFO - 11/18/25 03:15:29 - 0:02:58 - step 600 | loss 0.0313 | step time 287.04ms
INFO - 11/18/25 03:15:57 - 0:03:26 - step 700 | loss 0.0320 | step time 286.41ms
INFO - 11/18/25 03:16:26 - 0:03:55 - step 800 | loss 0.0307 | step time 286.47ms
INFO - 11/18/25 03:16:55 - 0:04:24 - step 900 | loss 0.0288 | step time 286.85ms
INFO - 11/18/25 03:17:23 - 0:04:52 - step 1000 | loss 0.0298 | step time 286.55ms
INFO - 11/18/25 03:17:24 - 0:04:53 - step 1000 train loss: 0.029279861599206924 test loss: 0.46238595247268677
INFO - 11/18/25 03:17:52 - 0:05:21 - step 1100 | loss 0.0284 | step time 286.72ms
INFO - 11/18/25 03:18:21 - 0:05:50 - step 1200 | loss 0.0307 | step time 286.79ms
INFO - 11/18/25 03:18:50 - 0:06:19 - step 1300 | loss 0.0708 | step time 286.89ms
INFO - 11/18/25 03:19:18 - 0:06:47 - step 1400 | loss 0.0295 | step time 286.62ms
INFO - 11/18/25 03:19:47 - 0:07:16 - Memory allocated:  45.82MB, reserved: 3306.00MB
INFO - 11/18/25 03:19:47 - 0:07:16 - generating
INFO - 11/18/25 06:14:50 - 3:02:19 - distribution of sample lengths: average: 504.32032 max: 1103
INFO - 11/18/25 06:14:50 - 3:02:19 - printed 25000 samples
INFO - 11/18/25 06:14:50 - 3:02:19 - decoding
INFO - 11/18/25 06:14:51 - 3:02:19 - Decoding complete. Check the output in /home/yuebi/Project/dim20_run/dim20_run_2/1111/transformer-output-decoded.txt
INFO - 11/18/25 06:14:51 - 3:02:19 - Memory allocated:  45.82MB, reserved: 10106.00MB
INFO - 11/18/25 06:14:51 - 3:02:19 - ============ End of generation 2 ============
INFO - 11/18/25 06:14:51 - 3:02:19 - launching search.jl
INFO - 11/18/25 06:14:51 - 3:02:19 - JULIA_NUM_THREADS is set to 1
INFO - 11/18/25 06:21:41 - 3:09:10 - distribution of scores(all rounds)
INFO - 11/18/25 06:21:41 - 3:09:10 - Score:37256720.0, Count:2
                                     
INFO - 11/18/25 06:21:41 - 3:09:10 - Score:37238772.0, Count:2
                                     
INFO - 11/18/25 06:21:41 - 3:09:10 - Score:37238350.0, Count:2
                                     
INFO - 11/18/25 06:21:41 - 3:09:10 - Score:37167948.0, Count:1
                                     
INFO - 11/18/25 06:21:41 - 3:09:10 - Score:37154980.0, Count:2
                                     
INFO - 11/18/25 06:21:41 - 3:09:10 - Score:36983900.0, Count:2
                                     
INFO - 11/18/25 06:21:41 - 3:09:10 - Score:36928260.0, Count:2
                                     
INFO - 11/18/25 06:21:41 - 3:09:10 - Score:36854996.0, Count:2
                                     
INFO - 11/18/25 06:21:41 - 3:09:10 - Score:36775696.0, Count:2
                                     
INFO - 11/18/25 06:21:41 - 3:09:10 - Score:36570560.0, Count:2
                                     
INFO - 11/18/25 06:21:41 - 3:09:10 - Score:36488132.0, Count:2
                                     
INFO - 11/18/25 06:21:41 - 3:09:10 - Score:36461320.0, Count:1
                                     
INFO - 11/18/25 06:21:41 - 3:09:10 - Score:36375320.0, Count:2
                                     
INFO - 11/18/25 06:21:41 - 3:09:10 - Score:36345852.0, Count:2
                                     
INFO - 11/18/25 06:21:41 - 3:09:10 - Score:36204944.0, Count:2
                                     
INFO - 11/18/25 06:21:41 - 3:09:10 - Score:36196110.0, Count:2
                                     
INFO - 11/18/25 06:21:41 - 3:09:10 - Score:36183550.0, Count:2
                                     
INFO - 11/18/25 06:21:41 - 3:09:10 - Score:36136584.0, Count:2
                                     
INFO - 11/18/25 06:21:41 - 3:09:10 - Score:36072970.0, Count:2
                                     
INFO - 11/18/25 06:21:41 - 3:09:10 - Score:35976404.0, Count:1
                                     
INFO - 11/18/25 06:21:41 - 3:09:10 - Score:35931236.0, Count:2
                                     
INFO - 11/18/25 06:21:41 - 3:09:10 - Score:35927790.0, Count:2
                                     
INFO - 11/18/25 06:21:41 - 3:09:10 - Score:35890364.0, Count:1
                                     
INFO - 11/18/25 06:21:41 - 3:09:10 - Score:35880830.0, Count:2
                                     
INFO - 11/18/25 06:21:41 - 3:09:10 - Score:35880380.0, Count:2
                                     
INFO - 11/18/25 06:21:41 - 3:09:10 - Score:35848628.0, Count:1
                                     
INFO - 11/18/25 06:21:41 - 3:09:10 - Score:35793536.0, Count:2
                                     
INFO - 11/18/25 06:21:41 - 3:09:10 - Score:35629620.0, Count:2
                                     
INFO - 11/18/25 06:21:41 - 3:09:10 - Score:35592576.0, Count:2
                                     
INFO - 11/18/25 06:21:41 - 3:09:10 - Score:35490890.0, Count:2
                                     
INFO - 11/18/25 06:21:41 - 3:09:10 - Score:35463484.0, Count:2
                                     
INFO - 11/18/25 06:21:41 - 3:09:10 - Score:35346660.0, Count:1
                                     
INFO - 11/18/25 06:21:41 - 3:09:10 - Score:35311120.0, Count:2
                                     
INFO - 11/18/25 06:21:41 - 3:09:10 - Score:35308940.0, Count:2
                                     
INFO - 11/18/25 06:21:41 - 3:09:10 - Score:35261320.0, Count:2
                                     
INFO - 11/18/25 06:21:41 - 3:09:10 - Score:35259612.0, Count:2
                                     
INFO - 11/18/25 06:21:41 - 3:09:10 - Score:35195664.0, Count:2
                                     
INFO - 11/18/25 06:21:41 - 3:09:10 - Score:35193524.0, Count:2
                                     
INFO - 11/18/25 06:21:41 - 3:09:10 - Score:35172250.0, Count:2
                                     
INFO - 11/18/25 06:21:41 - 3:09:10 - Score:35142570.0, Count:2
                                     
INFO - 11/18/25 06:21:41 - 3:09:10 - Score:35013564.0, Count:2
                                     
INFO - 11/18/25 06:21:41 - 3:09:10 - Score:35012264.0, Count:2
                                     
INFO - 11/18/25 06:21:41 - 3:09:10 - Score:34987452.0, Count:2
                                     
INFO - 11/18/25 06:21:41 - 3:09:10 - Score:34967056.0, Count:2
                                     
INFO - 11/18/25 06:21:41 - 3:09:10 - Score:34930296.0, Count:2
                                     
INFO - 11/18/25 06:21:41 - 3:09:10 - Score:34927090.0, Count:2
                                     
INFO - 11/18/25 06:21:41 - 3:09:10 - Score:34874090.0, Count:1
                                     
INFO - 11/18/25 06:21:41 - 3:09:10 - Score:34866864.0, Count:2
                                     
INFO - 11/18/25 06:21:41 - 3:09:10 - Score:34862896.0, Count:2
                                     
INFO - 11/18/25 06:21:41 - 3:09:10 - Score:34852680.0, Count:2
                                     
INFO - 11/18/25 06:21:41 - 3:09:10 - Score:34793160.0, Count:2
                                     
INFO - 11/18/25 06:21:41 - 3:09:10 - Score:34788580.0, Count:2
                                     
INFO - 11/18/25 06:21:41 - 3:09:10 - Score:34759570.0, Count:2
                                     
INFO - 11/18/25 06:21:41 - 3:09:10 - Score:34758876.0, Count:1
                                     
INFO - 11/18/25 06:21:41 - 3:09:10 - tokenizing
INFO - 11/18/25 06:21:41 - 3:09:10 - Loading tokenizer from /home/yuebi/Project/dim20_run/dim20_run_2/1111/tokenizer_data/tokenizer.json...
INFO - 11/18/25 06:21:41 - 3:09:10 - 0 / 100
INFO - 11/18/25 06:21:41 - 3:09:10 - number of examples in the dataset: 100
INFO - 11/18/25 06:21:41 - 3:09:10 - max word length: 166
INFO - 11/18/25 06:21:41 - 3:09:10 - number of unique characters in the vocabulary: 15
INFO - 11/18/25 06:21:41 - 3:09:10 - vocabulary:
INFO - 11/18/25 06:21:41 - 3:09:10 - ['V0', 'V1', 'V2', 'V3', 'V4', 'V5', 'V6', 'V7', 'V8', 'V9', 'V10', 'V11', 'V12', 'V13', 'V14']
INFO - 11/18/25 06:21:41 - 3:09:10 - split up the dataset into 90 training examples and 10 test examples
INFO - 11/18/25 06:21:41 - 3:09:10 - ============ Start of generation 3 ============
INFO - 11/18/25 06:21:41 - 3:09:10 - Memory allocated:  45.82MB, reserved: 10106.00MB
INFO - 11/18/25 06:21:41 - 3:09:10 - training
INFO - 11/18/25 06:21:41 - 3:09:10 - step 0 | loss 0.5237 | step time 296.22ms
INFO - 11/18/25 06:22:10 - 3:09:39 - step 100 | loss 0.0303 | step time 286.90ms
INFO - 11/18/25 06:22:39 - 3:10:07 - step 200 | loss 0.0299 | step time 286.80ms
INFO - 11/18/25 06:23:07 - 3:10:36 - step 300 | loss 0.0294 | step time 287.14ms
INFO - 11/18/25 06:23:36 - 3:11:05 - step 400 | loss 0.1429 | step time 287.20ms
INFO - 11/18/25 06:24:05 - 3:11:34 - step 500 | loss 0.0298 | step time 287.22ms
INFO - 11/18/25 06:24:05 - 3:11:34 - step 500 train loss: 0.029075343161821365 test loss: 0.294096976518631
INFO - 11/18/25 06:24:05 - 3:11:34 - test loss 0.294096976518631 is the best so far, saving model to /home/yuebi/Project/dim20_run/dim20_run_2/1111/model.pt
INFO - 11/18/25 06:24:34 - 3:12:03 - step 600 | loss 0.0300 | step time 286.67ms
INFO - 11/18/25 06:25:02 - 3:12:31 - step 700 | loss 0.0310 | step time 286.78ms
INFO - 11/18/25 06:25:31 - 3:13:00 - step 800 | loss 0.0289 | step time 287.30ms
INFO - 11/18/25 06:26:00 - 3:13:29 - step 900 | loss 0.0303 | step time 286.87ms
INFO - 11/18/25 06:26:29 - 3:13:57 - step 1000 | loss 0.0285 | step time 287.02ms
INFO - 11/18/25 06:26:29 - 3:13:58 - step 1000 train loss: 0.02889156900346279 test loss: 0.447522908449173
INFO - 11/18/25 06:26:58 - 3:14:26 - step 1100 | loss 0.0284 | step time 286.95ms
INFO - 11/18/25 06:27:26 - 3:14:55 - step 1200 | loss 0.0293 | step time 286.82ms
INFO - 11/18/25 06:27:55 - 3:15:24 - step 1300 | loss 0.0287 | step time 287.04ms
INFO - 11/18/25 06:28:24 - 3:15:52 - step 1400 | loss 0.0299 | step time 286.83ms
INFO - 11/18/25 06:28:52 - 3:16:21 - Memory allocated:  45.82MB, reserved: 10106.00MB
INFO - 11/18/25 06:28:52 - 3:16:21 - generating
INFO - 11/18/25 06:42:49 - 0:00:00 - ============ Initialized logger ============
INFO - 11/18/25 06:42:49 - 0:00:00 - batch_size: 32
                                     command: python fc_loop.py --exp_name=dim20_run_2 --dump_path=/home/yuebi/Project/dim20_run --num_initial_empty_objects=800 --final_database_size=100 --target_db_size=100 --nb_local_searches=800 --max_epochs=20 --type=transformer --max-output-length=350 --sample-only=25000 --max-steps=1500 --n_tokens=15 --n-layer=8 --n-embd=128 --n-embd2=128 --exp_id=1111 --exp_id "1111"
                                     cpu: False
                                     debug: False
                                     debug_slurm: False
                                     dump_path: /home/yuebi/Project/dim20_run/dim20_run_2/1111
                                     exp_id: 1111
                                     exp_name: dim20_run_2
                                     final_database_size: 100
                                     gen_batch_size: 1000
                                     global_rank: 0
                                     is_master: True
                                     is_slurm_job: True
                                     learning_rate: 0.0005
                                     local_rank: 0
                                     master_addr: gpu-6
                                     master_port: -1
                                     max_epochs: 20
                                     max_output_length: 350
                                     max_steps: 1500
                                     multi_gpu: False
                                     multi_node: False
                                     n_embd: 128
                                     n_embd2: 128
                                     n_gpu_per_node: 1
                                     n_head: 8
                                     n_layer: 8
                                     n_nodes: 1
                                     n_tokens: 15
                                     nb_local_searches: 800
                                     nb_threads: 1
                                     node_id: 0
                                     num_initial_empty_objects: 800
                                     num_workers: 8
                                     sample_only: 25000
                                     seed: -1
                                     target_db_size: 100
                                     temperature: 1.0
                                     top_k: -1
                                     type: transformer
                                     weight_decay: 0.01
                                     world_size: 1
INFO - 11/18/25 06:42:49 - 0:00:00 - The experiment will be stored in /home/yuebi/Project/dim20_run/dim20_run_2/1111
                                     
INFO - 11/18/25 06:42:49 - 0:00:00 - Running command: python fc_loop.py --exp_name=dim20_run_2 --dump_path=/home/yuebi/Project/dim20_run --num_initial_empty_objects=800 --final_database_size=100 --target_db_size=100 --nb_local_searches=800 --max_epochs=20 --type=transformer --max-output-length=350 --sample-only=25000 --max-steps=1500 --n_tokens=15 --n-layer=8 --n-embd=128 --n-embd2=128 --exp_id=1111

WARNING - 11/18/25 06:42:49 - 0:00:00 - Signal handler installed.
INFO - 11/18/25 06:42:49 - 0:00:00 - seed: 677135207
INFO - 11/18/25 06:42:49 - 0:00:00 - initializing at generation: 3
INFO - 11/18/25 06:42:49 - 0:00:00 - number of examples in the dataset: 100
INFO - 11/18/25 06:42:49 - 0:00:00 - max word length: 166
INFO - 11/18/25 06:42:49 - 0:00:00 - number of unique characters in the vocabulary: 15
INFO - 11/18/25 06:42:49 - 0:00:00 - vocabulary:
INFO - 11/18/25 06:42:49 - 0:00:00 - ['V0', 'V1', 'V2', 'V3', 'V4', 'V5', 'V6', 'V7', 'V8', 'V9', 'V10', 'V11', 'V12', 'V13', 'V14']
INFO - 11/18/25 06:42:49 - 0:00:00 - split up the dataset into 90 training examples and 10 test examples
INFO - 11/18/25 06:42:49 - 0:00:00 - dataset determined that: vocab_size=16, block_size=351
INFO - 11/18/25 06:42:49 - 0:00:00 - model #params: 1635456
INFO - 11/18/25 06:42:49 - 0:00:00 - resuming from existing model
INFO - 11/18/25 06:42:49 - 0:00:00 - ============ Start of generation 3 ============
INFO - 11/18/25 06:42:49 - 0:00:00 - Memory allocated:  10.00MB, reserved: 22.00MB
INFO - 11/18/25 06:42:49 - 0:00:00 - training
INFO - 11/18/25 06:42:54 - 0:00:05 - step 0 | loss 0.0797 | step time 617.95ms
INFO - 11/18/25 06:43:23 - 0:00:34 - step 100 | loss 0.0291 | step time 287.04ms
INFO - 11/18/25 06:43:52 - 0:01:03 - step 200 | loss 0.0312 | step time 286.67ms
INFO - 11/18/25 06:44:20 - 0:01:31 - step 300 | loss 0.0333 | step time 287.11ms
INFO - 11/18/25 06:44:49 - 0:02:00 - step 400 | loss 0.0297 | step time 286.83ms
INFO - 11/18/25 06:45:18 - 0:02:29 - step 500 | loss 0.0293 | step time 286.57ms
INFO - 11/18/25 06:45:18 - 0:02:29 - step 500 train loss: 0.029378890991210938 test loss: 0.18003948032855988
INFO - 11/18/25 06:45:18 - 0:02:29 - test loss 0.18003948032855988 is the best so far, saving model to /home/yuebi/Project/dim20_run/dim20_run_2/1111/model.pt
INFO - 11/18/25 06:45:47 - 0:02:58 - step 600 | loss 0.0297 | step time 286.21ms
INFO - 11/18/25 06:46:15 - 0:03:26 - step 700 | loss 0.0295 | step time 286.91ms
INFO - 11/18/25 06:46:44 - 0:03:55 - step 800 | loss 0.0356 | step time 286.32ms
INFO - 11/18/25 06:47:13 - 0:04:24 - step 900 | loss 0.0287 | step time 286.33ms
INFO - 11/18/25 06:47:41 - 0:04:52 - step 1000 | loss 0.0295 | step time 286.67ms
INFO - 11/18/25 06:47:42 - 0:04:53 - step 1000 train loss: 0.029239092022180557 test loss: 0.3322272300720215
INFO - 11/18/25 06:48:10 - 0:05:21 - step 1100 | loss 0.0289 | step time 286.77ms
INFO - 11/18/25 06:48:39 - 0:05:50 - step 1200 | loss 0.0789 | step time 287.00ms
INFO - 11/18/25 06:49:08 - 0:06:19 - step 1300 | loss 0.0290 | step time 286.91ms
INFO - 11/18/25 06:49:36 - 0:06:47 - step 1400 | loss 0.0291 | step time 286.64ms
INFO - 11/18/25 06:50:05 - 0:07:16 - Memory allocated:  45.82MB, reserved: 3306.00MB
INFO - 11/18/25 06:50:05 - 0:07:16 - generating
INFO - 11/18/25 09:45:08 - 3:02:19 - distribution of sample lengths: average: 503.87176 max: 1094
INFO - 11/18/25 09:45:08 - 3:02:19 - printed 25000 samples
INFO - 11/18/25 09:45:08 - 3:02:19 - decoding
INFO - 11/18/25 09:45:09 - 3:02:20 - Decoding complete. Check the output in /home/yuebi/Project/dim20_run/dim20_run_2/1111/transformer-output-decoded.txt
INFO - 11/18/25 09:45:09 - 3:02:20 - Memory allocated:  45.82MB, reserved: 10106.00MB
INFO - 11/18/25 09:45:09 - 3:02:20 - ============ End of generation 3 ============
INFO - 11/18/25 09:45:09 - 3:02:20 - launching search.jl
INFO - 11/18/25 09:45:09 - 3:02:20 - JULIA_NUM_THREADS is set to 1
INFO - 11/18/25 09:52:00 - 3:09:11 - distribution of scores(all rounds)
INFO - 11/18/25 09:52:00 - 3:09:11 - Score:37256720.0, Count:3
                                     
INFO - 11/18/25 09:52:00 - 3:09:11 - Score:37238772.0, Count:3
                                     
INFO - 11/18/25 09:52:00 - 3:09:11 - Score:37238350.0, Count:3
                                     
INFO - 11/18/25 09:52:00 - 3:09:11 - Score:37167948.0, Count:2
                                     
INFO - 11/18/25 09:52:00 - 3:09:11 - Score:37154980.0, Count:3
                                     
INFO - 11/18/25 09:52:00 - 3:09:11 - Score:37135190.0, Count:1
                                     
INFO - 11/18/25 09:52:00 - 3:09:11 - Score:37038400.0, Count:1
                                     
INFO - 11/18/25 09:52:00 - 3:09:11 - Score:36983900.0, Count:3
                                     
INFO - 11/18/25 09:52:00 - 3:09:11 - Score:36928260.0, Count:3
                                     
INFO - 11/18/25 09:52:00 - 3:09:11 - Score:36854996.0, Count:3
                                     
INFO - 11/18/25 09:52:00 - 3:09:11 - Score:36775696.0, Count:3
                                     
INFO - 11/18/25 09:52:00 - 3:09:11 - Score:36581000.0, Count:1
                                     
INFO - 11/18/25 09:52:00 - 3:09:11 - Score:36570560.0, Count:3
                                     
INFO - 11/18/25 09:52:00 - 3:09:11 - Score:36488132.0, Count:3
                                     
INFO - 11/18/25 09:52:00 - 3:09:11 - Score:36461320.0, Count:2
                                     
INFO - 11/18/25 09:52:00 - 3:09:11 - Score:36375320.0, Count:3
                                     
INFO - 11/18/25 09:52:00 - 3:09:11 - Score:36345852.0, Count:3
                                     
INFO - 11/18/25 09:52:00 - 3:09:11 - Score:36204944.0, Count:3
                                     
INFO - 11/18/25 09:52:00 - 3:09:11 - Score:36196110.0, Count:3
                                     
INFO - 11/18/25 09:52:00 - 3:09:11 - Score:36183550.0, Count:3
                                     
INFO - 11/18/25 09:52:00 - 3:09:11 - Score:36136584.0, Count:3
                                     
INFO - 11/18/25 09:52:00 - 3:09:11 - Score:36072970.0, Count:3
                                     
INFO - 11/18/25 09:52:00 - 3:09:11 - Score:35976404.0, Count:2
                                     
INFO - 11/18/25 09:52:00 - 3:09:11 - Score:35931236.0, Count:3
                                     
INFO - 11/18/25 09:52:00 - 3:09:11 - Score:35927790.0, Count:3
                                     
INFO - 11/18/25 09:52:00 - 3:09:11 - Score:35890364.0, Count:2
                                     
INFO - 11/18/25 09:52:00 - 3:09:11 - Score:35880830.0, Count:3
                                     
INFO - 11/18/25 09:52:00 - 3:09:11 - Score:35880380.0, Count:3
                                     
INFO - 11/18/25 09:52:00 - 3:09:11 - Score:35848628.0, Count:2
                                     
INFO - 11/18/25 09:52:00 - 3:09:11 - Score:35810560.0, Count:1
                                     
INFO - 11/18/25 09:52:00 - 3:09:11 - Score:35793536.0, Count:3
                                     
INFO - 11/18/25 09:52:00 - 3:09:11 - Score:35629620.0, Count:3
                                     
INFO - 11/18/25 09:52:00 - 3:09:11 - Score:35592576.0, Count:3
                                     
INFO - 11/18/25 09:52:00 - 3:09:11 - Score:35490890.0, Count:3
                                     
INFO - 11/18/25 09:52:00 - 3:09:11 - Score:35463484.0, Count:3
                                     
INFO - 11/18/25 09:52:00 - 3:09:11 - Score:35346660.0, Count:2
                                     
INFO - 11/18/25 09:52:00 - 3:09:11 - Score:35311120.0, Count:3
                                     
INFO - 11/18/25 09:52:00 - 3:09:11 - Score:35308940.0, Count:3
                                     
INFO - 11/18/25 09:52:00 - 3:09:11 - Score:35261320.0, Count:0
                                     
INFO - 11/18/25 09:52:00 - 3:09:11 - tokenizing
INFO - 11/18/25 09:52:00 - 3:09:11 - Loading tokenizer from /home/yuebi/Project/dim20_run/dim20_run_2/1111/tokenizer_data/tokenizer.json...
INFO - 11/18/25 09:52:00 - 3:09:11 - 0 / 100
INFO - 11/18/25 09:52:00 - 3:09:11 - number of examples in the dataset: 100
INFO - 11/18/25 09:52:00 - 3:09:11 - max word length: 166
INFO - 11/18/25 09:52:00 - 3:09:11 - number of unique characters in the vocabulary: 15
INFO - 11/18/25 09:52:00 - 3:09:11 - vocabulary:
INFO - 11/18/25 09:52:00 - 3:09:11 - ['V0', 'V1', 'V2', 'V3', 'V4', 'V5', 'V6', 'V7', 'V8', 'V9', 'V10', 'V11', 'V12', 'V13', 'V14']
INFO - 11/18/25 09:52:00 - 3:09:11 - split up the dataset into 90 training examples and 10 test examples
INFO - 11/18/25 09:52:00 - 3:09:11 - ============ Start of generation 4 ============
INFO - 11/18/25 09:52:00 - 3:09:11 - Memory allocated:  45.82MB, reserved: 10106.00MB
INFO - 11/18/25 09:52:00 - 3:09:11 - training
INFO - 11/18/25 09:52:00 - 3:09:11 - step 0 | loss 0.4426 | step time 294.59ms
INFO - 11/18/25 09:52:29 - 3:09:40 - step 100 | loss 0.0284 | step time 286.96ms
INFO - 11/18/25 09:52:58 - 3:10:09 - step 200 | loss 0.0297 | step time 286.78ms
INFO - 11/18/25 09:53:26 - 3:10:38 - step 300 | loss 0.0283 | step time 286.92ms
INFO - 11/18/25 09:53:55 - 3:11:06 - step 400 | loss 0.0291 | step time 287.12ms
INFO - 11/18/25 09:54:24 - 3:11:35 - step 500 | loss 0.0309 | step time 286.92ms
INFO - 11/18/25 09:54:24 - 3:11:35 - step 500 train loss: 0.029809243977069855 test loss: 0.5850953459739685
INFO - 11/18/25 09:54:24 - 3:11:35 - test loss 0.5850953459739685 is the best so far, saving model to /home/yuebi/Project/dim20_run/dim20_run_2/1111/model.pt
INFO - 11/18/25 09:54:53 - 3:12:04 - step 600 | loss 0.0288 | step time 287.22ms
INFO - 11/18/25 09:55:22 - 3:12:33 - step 700 | loss 0.0285 | step time 286.85ms
INFO - 11/18/25 09:55:50 - 3:13:01 - step 800 | loss 0.0280 | step time 287.03ms
INFO - 11/18/25 09:56:19 - 3:13:30 - step 900 | loss 0.0292 | step time 287.04ms
INFO - 11/18/25 09:56:48 - 3:13:59 - step 1000 | loss 0.0299 | step time 286.88ms
INFO - 11/18/25 09:56:48 - 3:13:59 - step 1000 train loss: 0.029269495978951454 test loss: 0.6373867392539978
INFO - 11/18/25 09:57:17 - 3:14:28 - step 1100 | loss 0.0307 | step time 287.20ms
INFO - 11/18/25 09:57:45 - 3:14:56 - step 1200 | loss 0.0292 | step time 286.84ms
INFO - 11/18/25 09:58:14 - 3:15:25 - step 1300 | loss 0.0288 | step time 287.21ms
INFO - 11/18/25 09:58:43 - 3:15:54 - step 1400 | loss 0.0292 | step time 287.30ms
INFO - 11/18/25 09:59:11 - 3:16:22 - Memory allocated:  45.82MB, reserved: 10106.00MB
INFO - 11/18/25 09:59:11 - 3:16:22 - generating
INFO - 11/18/25 10:12:53 - 0:00:00 - ============ Initialized logger ============
INFO - 11/18/25 10:12:53 - 0:00:00 - batch_size: 32
                                     command: python fc_loop.py --exp_name=dim20_run_2 --dump_path=/home/yuebi/Project/dim20_run --num_initial_empty_objects=800 --final_database_size=100 --target_db_size=100 --nb_local_searches=800 --max_epochs=20 --type=transformer --max-output-length=350 --sample-only=25000 --max-steps=1500 --n_tokens=15 --n-layer=8 --n-embd=128 --n-embd2=128 --exp_id=1111 --exp_id "1111"
                                     cpu: False
                                     debug: False
                                     debug_slurm: False
                                     dump_path: /home/yuebi/Project/dim20_run/dim20_run_2/1111
                                     exp_id: 1111
                                     exp_name: dim20_run_2
                                     final_database_size: 100
                                     gen_batch_size: 1000
                                     global_rank: 0
                                     is_master: True
                                     is_slurm_job: True
                                     learning_rate: 0.0005
                                     local_rank: 0
                                     master_addr: gpu-6
                                     master_port: -1
                                     max_epochs: 20
                                     max_output_length: 350
                                     max_steps: 1500
                                     multi_gpu: False
                                     multi_node: False
                                     n_embd: 128
                                     n_embd2: 128
                                     n_gpu_per_node: 1
                                     n_head: 8
                                     n_layer: 8
                                     n_nodes: 1
                                     n_tokens: 15
                                     nb_local_searches: 800
                                     nb_threads: 1
                                     node_id: 0
                                     num_initial_empty_objects: 800
                                     num_workers: 8
                                     sample_only: 25000
                                     seed: -1
                                     target_db_size: 100
                                     temperature: 1.0
                                     top_k: -1
                                     type: transformer
                                     weight_decay: 0.01
                                     world_size: 1
INFO - 11/18/25 10:12:53 - 0:00:00 - The experiment will be stored in /home/yuebi/Project/dim20_run/dim20_run_2/1111
                                     
INFO - 11/18/25 10:12:53 - 0:00:00 - Running command: python fc_loop.py --exp_name=dim20_run_2 --dump_path=/home/yuebi/Project/dim20_run --num_initial_empty_objects=800 --final_database_size=100 --target_db_size=100 --nb_local_searches=800 --max_epochs=20 --type=transformer --max-output-length=350 --sample-only=25000 --max-steps=1500 --n_tokens=15 --n-layer=8 --n-embd=128 --n-embd2=128 --exp_id=1111

WARNING - 11/18/25 10:12:53 - 0:00:00 - Signal handler installed.
INFO - 11/18/25 10:12:53 - 0:00:00 - seed: 876148968
INFO - 11/18/25 10:12:53 - 0:00:00 - initializing at generation: 4
INFO - 11/18/25 10:12:53 - 0:00:00 - number of examples in the dataset: 100
INFO - 11/18/25 10:12:53 - 0:00:00 - max word length: 166
INFO - 11/18/25 10:12:53 - 0:00:00 - number of unique characters in the vocabulary: 15
INFO - 11/18/25 10:12:53 - 0:00:00 - vocabulary:
INFO - 11/18/25 10:12:53 - 0:00:00 - ['V0', 'V1', 'V2', 'V3', 'V4', 'V5', 'V6', 'V7', 'V8', 'V9', 'V10', 'V11', 'V12', 'V13', 'V14']
INFO - 11/18/25 10:12:53 - 0:00:00 - split up the dataset into 90 training examples and 10 test examples
INFO - 11/18/25 10:12:53 - 0:00:00 - dataset determined that: vocab_size=16, block_size=351
INFO - 11/18/25 10:12:53 - 0:00:00 - model #params: 1635456
INFO - 11/18/25 10:12:53 - 0:00:00 - resuming from existing model
INFO - 11/18/25 10:12:53 - 0:00:00 - ============ Start of generation 4 ============
INFO - 11/18/25 10:12:53 - 0:00:00 - Memory allocated:  10.00MB, reserved: 22.00MB
INFO - 11/18/25 10:12:53 - 0:00:00 - training
INFO - 11/18/25 10:12:58 - 0:00:05 - step 0 | loss 0.0437 | step time 621.13ms
INFO - 11/18/25 10:13:27 - 0:00:34 - step 100 | loss 0.0285 | step time 286.99ms
INFO - 11/18/25 10:13:55 - 0:01:02 - step 200 | loss 0.0282 | step time 286.84ms
INFO - 11/18/25 10:14:24 - 0:01:31 - step 300 | loss 0.0281 | step time 286.55ms
INFO - 11/18/25 10:14:53 - 0:02:00 - step 400 | loss 0.0291 | step time 286.75ms
INFO - 11/18/25 10:15:21 - 0:02:28 - step 500 | loss 0.0302 | step time 287.17ms
INFO - 11/18/25 10:15:22 - 0:02:29 - step 500 train loss: 0.028906119987368584 test loss: 0.5916270017623901
INFO - 11/18/25 10:15:22 - 0:02:29 - test loss 0.5916270017623901 is the best so far, saving model to /home/yuebi/Project/dim20_run/dim20_run_2/1111/model.pt
INFO - 11/18/25 10:15:50 - 0:02:57 - step 600 | loss 0.0298 | step time 286.58ms
INFO - 11/18/25 10:16:19 - 0:03:26 - step 700 | loss 0.0288 | step time 286.81ms
INFO - 11/18/25 10:16:48 - 0:03:55 - step 800 | loss 0.0307 | step time 286.68ms
INFO - 11/18/25 10:17:16 - 0:04:23 - step 900 | loss 0.0735 | step time 286.73ms
INFO - 11/18/25 10:17:45 - 0:04:52 - step 1000 | loss 0.0287 | step time 286.66ms
INFO - 11/18/25 10:17:45 - 0:04:52 - step 1000 train loss: 0.028669122606515884 test loss: 0.6642508506774902
INFO - 11/18/25 10:18:14 - 0:05:21 - step 1100 | loss 0.0289 | step time 287.16ms
INFO - 11/18/25 10:18:43 - 0:05:50 - step 1200 | loss 0.0283 | step time 286.93ms
INFO - 11/18/25 10:19:11 - 0:06:18 - step 1300 | loss 0.0289 | step time 286.85ms
INFO - 11/18/25 10:19:40 - 0:06:47 - step 1400 | loss 0.0290 | step time 286.70ms
INFO - 11/18/25 10:20:08 - 0:07:16 - Memory allocated:  45.82MB, reserved: 3306.00MB
INFO - 11/18/25 10:20:08 - 0:07:16 - generating
INFO - 11/18/25 13:15:09 - 3:02:17 - distribution of sample lengths: average: 502.62972 max: 519
INFO - 11/18/25 13:15:09 - 3:02:17 - printed 25000 samples
INFO - 11/18/25 13:15:09 - 3:02:17 - decoding
INFO - 11/18/25 13:15:10 - 3:02:17 - Decoding complete. Check the output in /home/yuebi/Project/dim20_run/dim20_run_2/1111/transformer-output-decoded.txt
INFO - 11/18/25 13:15:10 - 3:02:17 - Memory allocated:  45.82MB, reserved: 10106.00MB
INFO - 11/18/25 13:15:10 - 3:02:17 - ============ End of generation 4 ============
INFO - 11/18/25 13:15:10 - 3:02:17 - launching search.jl
INFO - 11/18/25 13:15:10 - 3:02:17 - JULIA_NUM_THREADS is set to 1
INFO - 11/18/25 13:21:58 - 3:09:05 - distribution of scores(all rounds)
INFO - 11/18/25 13:21:58 - 3:09:05 - Score:37256720.0, Count:4
                                     
INFO - 11/18/25 13:21:58 - 3:09:05 - Score:37238772.0, Count:4
                                     
INFO - 11/18/25 13:21:58 - 3:09:05 - Score:37238350.0, Count:4
                                     
INFO - 11/18/25 13:21:58 - 3:09:05 - Score:37167948.0, Count:3
                                     
INFO - 11/18/25 13:21:58 - 3:09:05 - Score:37154980.0, Count:4
                                     
INFO - 11/18/25 13:21:58 - 3:09:05 - Score:37135190.0, Count:2
                                     
INFO - 11/18/25 13:21:58 - 3:09:05 - Score:37038400.0, Count:2
                                     
INFO - 11/18/25 13:21:58 - 3:09:05 - Score:36983900.0, Count:4
                                     
INFO - 11/18/25 13:21:58 - 3:09:05 - Score:36928260.0, Count:4
                                     
INFO - 11/18/25 13:21:58 - 3:09:05 - Score:36899800.0, Count:1
                                     
INFO - 11/18/25 13:21:58 - 3:09:05 - Score:36854996.0, Count:4
                                     
INFO - 11/18/25 13:21:58 - 3:09:05 - Score:36775696.0, Count:4
                                     
INFO - 11/18/25 13:21:58 - 3:09:05 - Score:36581000.0, Count:2
                                     
INFO - 11/18/25 13:21:58 - 3:09:05 - Score:36570560.0, Count:4
                                     
INFO - 11/18/25 13:21:58 - 3:09:05 - Score:36488132.0, Count:4
                                     
INFO - 11/18/25 13:21:58 - 3:09:05 - Score:36461320.0, Count:3
                                     
INFO - 11/18/25 13:21:58 - 3:09:05 - Score:36375320.0, Count:4
                                     
INFO - 11/18/25 13:21:58 - 3:09:05 - Score:36345852.0, Count:4
                                     
INFO - 11/18/25 13:21:58 - 3:09:05 - Score:36204944.0, Count:4
                                     
INFO - 11/18/25 13:21:58 - 3:09:05 - Score:36196110.0, Count:4
                                     
INFO - 11/18/25 13:21:58 - 3:09:05 - Score:36183550.0, Count:4
                                     
INFO - 11/18/25 13:21:58 - 3:09:05 - Score:36136584.0, Count:4
                                     
INFO - 11/18/25 13:21:58 - 3:09:05 - Score:36118256.0, Count:1
                                     
INFO - 11/18/25 13:21:58 - 3:09:05 - Score:36072970.0, Count:4
                                     
INFO - 11/18/25 13:21:58 - 3:09:05 - Score:35976404.0, Count:3
                                     
INFO - 11/18/25 13:21:58 - 3:09:05 - Score:35931236.0, Count:4
                                     
INFO - 11/18/25 13:21:58 - 3:09:05 - Score:35927790.0, Count:4
                                     
INFO - 11/18/25 13:21:58 - 3:09:05 - Score:35890364.0, Count:3
                                     
INFO - 11/18/25 13:21:58 - 3:09:05 - Score:35880830.0, Count:4
                                     
INFO - 11/18/25 13:21:58 - 3:09:05 - Score:35880380.0, Count:0
                                     
INFO - 11/18/25 13:21:58 - 3:09:05 - tokenizing
INFO - 11/18/25 13:21:58 - 3:09:05 - Loading tokenizer from /home/yuebi/Project/dim20_run/dim20_run_2/1111/tokenizer_data/tokenizer.json...
INFO - 11/18/25 13:21:58 - 3:09:05 - 0 / 100
INFO - 11/18/25 13:21:58 - 3:09:05 - number of examples in the dataset: 100
INFO - 11/18/25 13:21:58 - 3:09:05 - max word length: 166
INFO - 11/18/25 13:21:58 - 3:09:05 - number of unique characters in the vocabulary: 15
INFO - 11/18/25 13:21:58 - 3:09:05 - vocabulary:
INFO - 11/18/25 13:21:58 - 3:09:05 - ['V0', 'V1', 'V2', 'V3', 'V4', 'V5', 'V6', 'V7', 'V8', 'V9', 'V10', 'V11', 'V12', 'V13', 'V14']
INFO - 11/18/25 13:21:58 - 3:09:05 - split up the dataset into 90 training examples and 10 test examples
INFO - 11/18/25 13:21:58 - 3:09:05 - ============ Start of generation 5 ============
INFO - 11/18/25 13:21:58 - 3:09:05 - Memory allocated:  45.82MB, reserved: 10106.00MB
INFO - 11/18/25 13:21:58 - 3:09:05 - training
INFO - 11/18/25 13:21:59 - 3:09:06 - step 0 | loss 0.8007 | step time 294.07ms
INFO - 11/18/25 13:22:27 - 3:09:34 - step 100 | loss 0.0289 | step time 287.13ms
INFO - 11/18/25 13:22:56 - 3:10:03 - step 200 | loss 0.0297 | step time 286.87ms
INFO - 11/18/25 13:23:25 - 3:10:32 - step 300 | loss 0.0301 | step time 286.89ms
INFO - 11/18/25 13:23:53 - 3:11:00 - step 400 | loss 0.0291 | step time 286.89ms
INFO - 11/18/25 13:24:22 - 3:11:29 - step 500 | loss 0.0296 | step time 286.96ms
INFO - 11/18/25 13:24:22 - 3:11:29 - step 500 train loss: 0.02913827635347843 test loss: 0.12608489394187927
INFO - 11/18/25 13:24:22 - 3:11:29 - test loss 0.12608489394187927 is the best so far, saving model to /home/yuebi/Project/dim20_run/dim20_run_2/1111/model.pt
INFO - 11/18/25 13:24:51 - 3:11:58 - step 600 | loss 0.0309 | step time 287.03ms
INFO - 11/18/25 13:25:20 - 3:12:27 - step 700 | loss 0.0287 | step time 286.82ms
INFO - 11/18/25 13:25:48 - 3:12:55 - step 800 | loss 0.0286 | step time 286.77ms
INFO - 11/18/25 13:26:17 - 3:13:24 - step 900 | loss 0.0296 | step time 286.72ms
INFO - 11/18/25 13:26:46 - 3:13:53 - step 1000 | loss 0.0300 | step time 286.75ms
INFO - 11/18/25 13:26:46 - 3:13:53 - step 1000 train loss: 0.02930268831551075 test loss: 0.2112809717655182
INFO - 11/18/25 13:27:15 - 3:14:22 - step 1100 | loss 0.0288 | step time 286.97ms
INFO - 11/18/25 13:27:43 - 3:14:51 - step 1200 | loss 0.0289 | step time 286.87ms
INFO - 11/18/25 13:28:12 - 3:15:19 - step 1300 | loss 0.0279 | step time 286.89ms
INFO - 11/18/25 13:28:41 - 3:15:48 - step 1400 | loss 0.0291 | step time 287.10ms
INFO - 11/18/25 13:29:09 - 3:16:16 - Memory allocated:  45.82MB, reserved: 10106.00MB
INFO - 11/18/25 13:29:09 - 3:16:16 - generating
INFO - 11/18/25 13:43:02 - 0:00:00 - ============ Initialized logger ============
INFO - 11/18/25 13:43:02 - 0:00:00 - batch_size: 32
                                     command: python fc_loop.py --exp_name=dim20_run_2 --dump_path=/home/yuebi/Project/dim20_run --num_initial_empty_objects=800 --final_database_size=100 --target_db_size=100 --nb_local_searches=800 --max_epochs=20 --type=transformer --max-output-length=350 --sample-only=25000 --max-steps=1500 --n_tokens=15 --n-layer=8 --n-embd=128 --n-embd2=128 --exp_id=1111 --exp_id "1111"
                                     cpu: False
                                     debug: False
                                     debug_slurm: False
                                     dump_path: /home/yuebi/Project/dim20_run/dim20_run_2/1111
                                     exp_id: 1111
                                     exp_name: dim20_run_2
                                     final_database_size: 100
                                     gen_batch_size: 1000
                                     global_rank: 0
                                     is_master: True
                                     is_slurm_job: True
                                     learning_rate: 0.0005
                                     local_rank: 0
                                     master_addr: gpu-6
                                     master_port: -1
                                     max_epochs: 20
                                     max_output_length: 350
                                     max_steps: 1500
                                     multi_gpu: False
                                     multi_node: False
                                     n_embd: 128
                                     n_embd2: 128
                                     n_gpu_per_node: 1
                                     n_head: 8
                                     n_layer: 8
                                     n_nodes: 1
                                     n_tokens: 15
                                     nb_local_searches: 800
                                     nb_threads: 1
                                     node_id: 0
                                     num_initial_empty_objects: 800
                                     num_workers: 8
                                     sample_only: 25000
                                     seed: -1
                                     target_db_size: 100
                                     temperature: 1.0
                                     top_k: -1
                                     type: transformer
                                     weight_decay: 0.01
                                     world_size: 1
INFO - 11/18/25 13:43:02 - 0:00:00 - The experiment will be stored in /home/yuebi/Project/dim20_run/dim20_run_2/1111
                                     
INFO - 11/18/25 13:43:02 - 0:00:00 - Running command: python fc_loop.py --exp_name=dim20_run_2 --dump_path=/home/yuebi/Project/dim20_run --num_initial_empty_objects=800 --final_database_size=100 --target_db_size=100 --nb_local_searches=800 --max_epochs=20 --type=transformer --max-output-length=350 --sample-only=25000 --max-steps=1500 --n_tokens=15 --n-layer=8 --n-embd=128 --n-embd2=128 --exp_id=1111

WARNING - 11/18/25 13:43:02 - 0:00:00 - Signal handler installed.
INFO - 11/18/25 13:43:02 - 0:00:00 - seed: 32231376
INFO - 11/18/25 13:43:02 - 0:00:00 - initializing at generation: 5
INFO - 11/18/25 13:43:02 - 0:00:00 - number of examples in the dataset: 100
INFO - 11/18/25 13:43:02 - 0:00:00 - max word length: 166
INFO - 11/18/25 13:43:02 - 0:00:00 - number of unique characters in the vocabulary: 15
INFO - 11/18/25 13:43:02 - 0:00:00 - vocabulary:
INFO - 11/18/25 13:43:02 - 0:00:00 - ['V0', 'V1', 'V2', 'V3', 'V4', 'V5', 'V6', 'V7', 'V8', 'V9', 'V10', 'V11', 'V12', 'V13', 'V14']
INFO - 11/18/25 13:43:02 - 0:00:00 - split up the dataset into 90 training examples and 10 test examples
INFO - 11/18/25 13:43:02 - 0:00:00 - dataset determined that: vocab_size=16, block_size=351
INFO - 11/18/25 13:43:02 - 0:00:00 - model #params: 1635456
INFO - 11/18/25 13:43:02 - 0:00:00 - resuming from existing model
INFO - 11/18/25 13:43:02 - 0:00:00 - ============ Start of generation 5 ============
INFO - 11/18/25 13:43:02 - 0:00:00 - Memory allocated:  10.00MB, reserved: 22.00MB
INFO - 11/18/25 13:43:02 - 0:00:00 - training
INFO - 11/18/25 13:43:07 - 0:00:05 - step 0 | loss 0.0352 | step time 623.28ms
INFO - 11/18/25 13:43:36 - 0:00:34 - step 100 | loss 0.0284 | step time 286.55ms
INFO - 11/18/25 13:44:04 - 0:01:02 - step 200 | loss 0.0278 | step time 286.82ms
INFO - 11/18/25 13:44:33 - 0:01:31 - step 300 | loss 0.0287 | step time 286.81ms
INFO - 11/18/25 13:45:02 - 0:02:00 - step 400 | loss 0.0298 | step time 286.64ms
INFO - 11/18/25 13:45:30 - 0:02:29 - step 500 | loss 0.0291 | step time 287.17ms
INFO - 11/18/25 13:45:31 - 0:02:29 - step 500 train loss: 0.028918378055095673 test loss: 0.0848596915602684
INFO - 11/18/25 13:45:31 - 0:02:29 - test loss 0.0848596915602684 is the best so far, saving model to /home/yuebi/Project/dim20_run/dim20_run_2/1111/model.pt
INFO - 11/18/25 13:45:59 - 0:02:58 - step 600 | loss 0.0381 | step time 286.80ms
INFO - 11/18/25 13:46:28 - 0:03:26 - step 700 | loss 0.0285 | step time 286.59ms
INFO - 11/18/25 13:46:57 - 0:03:55 - step 800 | loss 0.0284 | step time 286.71ms
INFO - 11/18/25 13:47:26 - 0:04:24 - step 900 | loss 0.0291 | step time 287.11ms
INFO - 11/18/25 13:47:54 - 0:04:52 - step 1000 | loss 0.0281 | step time 287.37ms
INFO - 11/18/25 13:47:55 - 0:04:53 - step 1000 train loss: 0.02890261821448803 test loss: 0.16917604207992554
INFO - 11/18/25 13:48:23 - 0:05:21 - step 1100 | loss 0.0292 | step time 286.73ms
INFO - 11/18/25 13:48:52 - 0:05:50 - step 1200 | loss 0.0387 | step time 286.80ms
INFO - 11/18/25 13:49:21 - 0:06:19 - step 1300 | loss 0.0283 | step time 286.82ms
INFO - 11/18/25 13:49:49 - 0:06:47 - step 1400 | loss 0.0286 | step time 286.98ms
INFO - 11/18/25 13:50:18 - 0:07:16 - Memory allocated:  45.82MB, reserved: 3306.00MB
INFO - 11/18/25 13:50:18 - 0:07:16 - generating
INFO - 11/18/25 16:45:19 - 3:02:17 - distribution of sample lengths: average: 503.9164 max: 520
INFO - 11/18/25 16:45:19 - 3:02:17 - printed 25000 samples
INFO - 11/18/25 16:45:19 - 3:02:17 - decoding
INFO - 11/18/25 16:45:20 - 3:02:18 - Decoding complete. Check the output in /home/yuebi/Project/dim20_run/dim20_run_2/1111/transformer-output-decoded.txt
INFO - 11/18/25 16:45:20 - 3:02:18 - Memory allocated:  45.82MB, reserved: 10106.00MB
INFO - 11/18/25 16:45:20 - 3:02:18 - ============ End of generation 5 ============
INFO - 11/18/25 16:45:20 - 3:02:18 - launching search.jl
INFO - 11/18/25 16:45:20 - 3:02:18 - JULIA_NUM_THREADS is set to 1
INFO - 11/18/25 16:52:13 - 3:09:11 - distribution of scores(all rounds)
INFO - 11/18/25 16:52:13 - 3:09:11 - Score:37256720.0, Count:5
                                     
INFO - 11/18/25 16:52:13 - 3:09:11 - Score:37238772.0, Count:5
                                     
INFO - 11/18/25 16:52:13 - 3:09:11 - Score:37238350.0, Count:5
                                     
INFO - 11/18/25 16:52:13 - 3:09:11 - Score:37167948.0, Count:4
                                     
INFO - 11/18/25 16:52:13 - 3:09:11 - Score:37154980.0, Count:5
                                     
INFO - 11/18/25 16:52:13 - 3:09:11 - Score:37135190.0, Count:3
                                     
INFO - 11/18/25 16:52:13 - 3:09:11 - Score:37038400.0, Count:3
                                     
INFO - 11/18/25 16:52:13 - 3:09:11 - Score:36983900.0, Count:5
                                     
INFO - 11/18/25 16:52:13 - 3:09:11 - Score:36928260.0, Count:5
                                     
INFO - 11/18/25 16:52:13 - 3:09:11 - Score:36899800.0, Count:2
                                     
INFO - 11/18/25 16:52:13 - 3:09:11 - Score:36854996.0, Count:5
                                     
INFO - 11/18/25 16:52:13 - 3:09:11 - Score:36775696.0, Count:5
                                     
INFO - 11/18/25 16:52:13 - 3:09:11 - Score:36581000.0, Count:3
                                     
INFO - 11/18/25 16:52:13 - 3:09:11 - Score:36570560.0, Count:5
                                     
INFO - 11/18/25 16:52:13 - 3:09:11 - Score:36488132.0, Count:5
                                     
INFO - 11/18/25 16:52:13 - 3:09:11 - Score:36461320.0, Count:4
                                     
INFO - 11/18/25 16:52:13 - 3:09:11 - Score:36375320.0, Count:5
                                     
INFO - 11/18/25 16:52:13 - 3:09:11 - Score:36345852.0, Count:5
                                     
INFO - 11/18/25 16:52:13 - 3:09:11 - Score:36223160.0, Count:1
                                     
INFO - 11/18/25 16:52:13 - 3:09:11 - Score:36204944.0, Count:5
                                     
INFO - 11/18/25 16:52:13 - 3:09:11 - Score:36196110.0, Count:5
                                     
INFO - 11/18/25 16:52:13 - 3:09:11 - Score:36183550.0, Count:5
                                     
INFO - 11/18/25 16:52:13 - 3:09:11 - Score:36136584.0, Count:5
                                     
INFO - 11/18/25 16:52:13 - 3:09:11 - Score:36118256.0, Count:0
                                     
INFO - 11/18/25 16:52:13 - 3:09:11 - tokenizing
INFO - 11/18/25 16:52:13 - 3:09:11 - Loading tokenizer from /home/yuebi/Project/dim20_run/dim20_run_2/1111/tokenizer_data/tokenizer.json...
INFO - 11/18/25 16:52:13 - 3:09:11 - 0 / 100
INFO - 11/18/25 16:52:13 - 3:09:11 - number of examples in the dataset: 100
INFO - 11/18/25 16:52:13 - 3:09:11 - max word length: 166
INFO - 11/18/25 16:52:13 - 3:09:11 - number of unique characters in the vocabulary: 15
INFO - 11/18/25 16:52:13 - 3:09:11 - vocabulary:
INFO - 11/18/25 16:52:13 - 3:09:11 - ['V0', 'V1', 'V2', 'V3', 'V4', 'V5', 'V6', 'V7', 'V8', 'V9', 'V10', 'V11', 'V12', 'V13', 'V14']
INFO - 11/18/25 16:52:13 - 3:09:11 - split up the dataset into 90 training examples and 10 test examples
INFO - 11/18/25 16:52:13 - 3:09:11 - ============ Start of generation 6 ============
INFO - 11/18/25 16:52:13 - 3:09:11 - Memory allocated:  45.82MB, reserved: 10106.00MB
INFO - 11/18/25 16:52:13 - 3:09:11 - training
INFO - 11/18/25 16:52:13 - 3:09:11 - step 0 | loss 0.0963 | step time 294.40ms
INFO - 11/18/25 16:52:42 - 3:09:40 - step 100 | loss 0.0286 | step time 287.23ms
INFO - 11/18/25 16:53:11 - 3:10:09 - step 200 | loss 0.0280 | step time 287.03ms
INFO - 11/18/25 16:53:39 - 3:10:37 - step 300 | loss 0.0285 | step time 286.86ms
INFO - 11/18/25 16:54:08 - 3:11:06 - step 400 | loss 0.0283 | step time 286.91ms
INFO - 11/18/25 16:54:37 - 3:11:35 - step 500 | loss 0.0301 | step time 287.09ms
INFO - 11/18/25 16:54:37 - 3:11:35 - step 500 train loss: 0.029161175712943077 test loss: 0.13060881197452545
INFO - 11/18/25 16:54:37 - 3:11:35 - test loss 0.13060881197452545 is the best so far, saving model to /home/yuebi/Project/dim20_run/dim20_run_2/1111/model.pt
INFO - 11/18/25 16:55:06 - 3:12:04 - step 600 | loss 0.0290 | step time 287.22ms
INFO - 11/18/25 16:55:34 - 3:12:32 - step 700 | loss 0.0287 | step time 287.15ms
INFO - 11/18/25 16:56:03 - 3:13:01 - step 800 | loss 0.0285 | step time 287.17ms
INFO - 11/18/25 16:56:32 - 3:13:30 - step 900 | loss 0.0288 | step time 286.82ms
INFO - 11/18/25 16:57:01 - 3:13:59 - step 1000 | loss 0.0293 | step time 287.09ms
INFO - 11/18/25 16:57:01 - 3:13:59 - step 1000 train loss: 0.02905869111418724 test loss: 0.23443832993507385
INFO - 11/18/25 16:57:30 - 3:14:28 - step 1100 | loss 0.0313 | step time 286.77ms
INFO - 11/18/25 16:57:58 - 3:14:56 - step 1200 | loss 0.0290 | step time 286.96ms
INFO - 11/18/25 16:58:27 - 3:15:25 - step 1300 | loss 0.0289 | step time 287.11ms
INFO - 11/18/25 16:58:56 - 3:15:54 - step 1400 | loss 0.0283 | step time 287.11ms
INFO - 11/18/25 16:59:24 - 3:16:22 - Memory allocated:  45.82MB, reserved: 10106.00MB
INFO - 11/18/25 16:59:24 - 3:16:22 - generating
INFO - 11/18/25 17:13:07 - 0:00:00 - ============ Initialized logger ============
INFO - 11/18/25 17:13:07 - 0:00:00 - batch_size: 32
                                     command: python fc_loop.py --exp_name=dim20_run_2 --dump_path=/home/yuebi/Project/dim20_run --num_initial_empty_objects=800 --final_database_size=100 --target_db_size=100 --nb_local_searches=800 --max_epochs=20 --type=transformer --max-output-length=350 --sample-only=25000 --max-steps=1500 --n_tokens=15 --n-layer=8 --n-embd=128 --n-embd2=128 --exp_id=1111 --exp_id "1111"
                                     cpu: False
                                     debug: False
                                     debug_slurm: False
                                     dump_path: /home/yuebi/Project/dim20_run/dim20_run_2/1111
                                     exp_id: 1111
                                     exp_name: dim20_run_2
                                     final_database_size: 100
                                     gen_batch_size: 1000
                                     global_rank: 0
                                     is_master: True
                                     is_slurm_job: True
                                     learning_rate: 0.0005
                                     local_rank: 0
                                     master_addr: gpu-6
                                     master_port: -1
                                     max_epochs: 20
                                     max_output_length: 350
                                     max_steps: 1500
                                     multi_gpu: False
                                     multi_node: False
                                     n_embd: 128
                                     n_embd2: 128
                                     n_gpu_per_node: 1
                                     n_head: 8
                                     n_layer: 8
                                     n_nodes: 1
                                     n_tokens: 15
                                     nb_local_searches: 800
                                     nb_threads: 1
                                     node_id: 0
                                     num_initial_empty_objects: 800
                                     num_workers: 8
                                     sample_only: 25000
                                     seed: -1
                                     target_db_size: 100
                                     temperature: 1.0
                                     top_k: -1
                                     type: transformer
                                     weight_decay: 0.01
                                     world_size: 1
INFO - 11/18/25 17:13:07 - 0:00:00 - The experiment will be stored in /home/yuebi/Project/dim20_run/dim20_run_2/1111
                                     
INFO - 11/18/25 17:13:07 - 0:00:00 - Running command: python fc_loop.py --exp_name=dim20_run_2 --dump_path=/home/yuebi/Project/dim20_run --num_initial_empty_objects=800 --final_database_size=100 --target_db_size=100 --nb_local_searches=800 --max_epochs=20 --type=transformer --max-output-length=350 --sample-only=25000 --max-steps=1500 --n_tokens=15 --n-layer=8 --n-embd=128 --n-embd2=128 --exp_id=1111

WARNING - 11/18/25 17:13:07 - 0:00:00 - Signal handler installed.
INFO - 11/18/25 17:13:07 - 0:00:00 - seed: 588310102
INFO - 11/18/25 17:13:07 - 0:00:00 - initializing at generation: 6
INFO - 11/18/25 17:13:07 - 0:00:00 - number of examples in the dataset: 100
INFO - 11/18/25 17:13:07 - 0:00:00 - max word length: 166
INFO - 11/18/25 17:13:07 - 0:00:00 - number of unique characters in the vocabulary: 15
INFO - 11/18/25 17:13:07 - 0:00:00 - vocabulary:
INFO - 11/18/25 17:13:07 - 0:00:00 - ['V0', 'V1', 'V2', 'V3', 'V4', 'V5', 'V6', 'V7', 'V8', 'V9', 'V10', 'V11', 'V12', 'V13', 'V14']
INFO - 11/18/25 17:13:07 - 0:00:00 - split up the dataset into 90 training examples and 10 test examples
INFO - 11/18/25 17:13:07 - 0:00:00 - dataset determined that: vocab_size=16, block_size=351
INFO - 11/18/25 17:13:07 - 0:00:00 - model #params: 1635456
INFO - 11/18/25 17:13:07 - 0:00:00 - resuming from existing model
INFO - 11/18/25 17:13:07 - 0:00:00 - ============ Start of generation 6 ============
INFO - 11/18/25 17:13:07 - 0:00:00 - Memory allocated:  10.00MB, reserved: 22.00MB
INFO - 11/18/25 17:13:07 - 0:00:00 - training
INFO - 11/18/25 17:13:12 - 0:00:05 - step 0 | loss 0.0415 | step time 621.01ms
INFO - 11/18/25 17:13:41 - 0:00:34 - step 100 | loss 0.0286 | step time 286.85ms
INFO - 11/18/25 17:14:09 - 0:01:02 - step 200 | loss 0.0293 | step time 286.38ms
INFO - 11/18/25 17:14:38 - 0:01:31 - step 300 | loss 0.0291 | step time 286.39ms
INFO - 11/18/25 17:15:07 - 0:02:00 - step 400 | loss 0.0555 | step time 286.45ms
INFO - 11/18/25 17:15:35 - 0:02:28 - step 500 | loss 0.0287 | step time 286.56ms
INFO - 11/18/25 17:15:36 - 0:02:29 - step 500 train loss: 0.02863430045545101 test loss: 0.2093522846698761
INFO - 11/18/25 17:15:36 - 0:02:29 - test loss 0.2093522846698761 is the best so far, saving model to /home/yuebi/Project/dim20_run/dim20_run_2/1111/model.pt
INFO - 11/18/25 17:16:04 - 0:02:57 - step 600 | loss 0.0283 | step time 286.35ms
INFO - 11/18/25 17:16:33 - 0:03:26 - step 700 | loss 0.0279 | step time 286.50ms
INFO - 11/18/25 17:17:02 - 0:03:55 - step 800 | loss 0.0290 | step time 287.13ms
INFO - 11/18/25 17:17:30 - 0:04:23 - step 900 | loss 0.0281 | step time 286.41ms
INFO - 11/18/25 17:17:59 - 0:04:52 - step 1000 | loss 0.0288 | step time 286.28ms
INFO - 11/18/25 17:17:59 - 0:04:52 - step 1000 train loss: 0.029100453481078148 test loss: 0.17738911509513855
INFO - 11/18/25 17:17:59 - 0:04:52 - test loss 0.17738911509513855 is the best so far, saving model to /home/yuebi/Project/dim20_run/dim20_run_2/1111/model.pt
INFO - 11/18/25 17:18:28 - 0:05:21 - step 1100 | loss 0.0283 | step time 286.45ms
INFO - 11/18/25 17:18:56 - 0:05:50 - step 1200 | loss 0.0394 | step time 286.45ms
INFO - 11/18/25 17:19:25 - 0:06:18 - step 1300 | loss 0.0278 | step time 286.75ms
INFO - 11/18/25 17:19:54 - 0:06:47 - step 1400 | loss 0.0284 | step time 286.70ms
INFO - 11/18/25 17:20:22 - 0:07:15 - Memory allocated:  45.82MB, reserved: 3306.00MB
INFO - 11/18/25 17:20:22 - 0:07:15 - generating
INFO - 11/18/25 20:15:27 - 3:02:20 - distribution of sample lengths: average: 503.41544 max: 811
INFO - 11/18/25 20:15:27 - 3:02:20 - printed 25000 samples
INFO - 11/18/25 20:15:27 - 3:02:20 - decoding
INFO - 11/18/25 20:15:28 - 3:02:21 - Decoding complete. Check the output in /home/yuebi/Project/dim20_run/dim20_run_2/1111/transformer-output-decoded.txt
INFO - 11/18/25 20:15:28 - 3:02:21 - Memory allocated:  45.82MB, reserved: 10106.00MB
INFO - 11/18/25 20:15:28 - 3:02:21 - ============ End of generation 6 ============
INFO - 11/18/25 20:15:28 - 3:02:21 - launching search.jl
INFO - 11/18/25 20:15:28 - 3:02:21 - JULIA_NUM_THREADS is set to 1
INFO - 11/18/25 20:22:27 - 3:09:20 - distribution of scores(all rounds)
INFO - 11/18/25 20:22:27 - 3:09:20 - Score:37256720.0, Count:6
                                     
INFO - 11/18/25 20:22:27 - 3:09:20 - Score:37238772.0, Count:6
                                     
INFO - 11/18/25 20:22:27 - 3:09:20 - Score:37238350.0, Count:6
                                     
INFO - 11/18/25 20:22:27 - 3:09:20 - Score:37167948.0, Count:5
                                     
INFO - 11/18/25 20:22:27 - 3:09:20 - Score:37154980.0, Count:6
                                     
INFO - 11/18/25 20:22:27 - 3:09:20 - Score:37135190.0, Count:4
                                     
INFO - 11/18/25 20:22:27 - 3:09:20 - Score:37038400.0, Count:4
                                     
INFO - 11/18/25 20:22:27 - 3:09:20 - Score:36983900.0, Count:6
                                     
INFO - 11/18/25 20:22:27 - 3:09:20 - Score:36928260.0, Count:6
                                     
INFO - 11/18/25 20:22:27 - 3:09:20 - Score:36899800.0, Count:3
                                     
INFO - 11/18/25 20:22:27 - 3:09:20 - Score:36854996.0, Count:6
                                     
INFO - 11/18/25 20:22:27 - 3:09:20 - Score:36775696.0, Count:6
                                     
INFO - 11/18/25 20:22:27 - 3:09:20 - Score:36581000.0, Count:4
                                     
INFO - 11/18/25 20:22:27 - 3:09:20 - Score:36570560.0, Count:6
                                     
INFO - 11/18/25 20:22:27 - 3:09:20 - Score:36488132.0, Count:6
                                     
INFO - 11/18/25 20:22:27 - 3:09:20 - Score:36461320.0, Count:5
                                     
INFO - 11/18/25 20:22:27 - 3:09:20 - Score:36375320.0, Count:6
                                     
INFO - 11/18/25 20:22:27 - 3:09:20 - Score:36345852.0, Count:6
                                     
INFO - 11/18/25 20:22:27 - 3:09:20 - Score:36223160.0, Count:2
                                     
INFO - 11/18/25 20:22:27 - 3:09:20 - Score:36204944.0, Count:1
                                     
INFO - 11/18/25 20:22:27 - 3:09:20 - tokenizing
INFO - 11/18/25 20:22:27 - 3:09:20 - Loading tokenizer from /home/yuebi/Project/dim20_run/dim20_run_2/1111/tokenizer_data/tokenizer.json...
INFO - 11/18/25 20:22:27 - 3:09:20 - 0 / 100
INFO - 11/18/25 20:22:27 - 3:09:20 - number of examples in the dataset: 100
INFO - 11/18/25 20:22:27 - 3:09:20 - max word length: 166
INFO - 11/18/25 20:22:27 - 3:09:20 - number of unique characters in the vocabulary: 15
INFO - 11/18/25 20:22:27 - 3:09:20 - vocabulary:
INFO - 11/18/25 20:22:27 - 3:09:20 - ['V0', 'V1', 'V2', 'V3', 'V4', 'V5', 'V6', 'V7', 'V8', 'V9', 'V10', 'V11', 'V12', 'V13', 'V14']
INFO - 11/18/25 20:22:27 - 3:09:20 - split up the dataset into 90 training examples and 10 test examples
INFO - 11/18/25 20:22:27 - 3:09:20 - ============ Start of generation 7 ============
INFO - 11/18/25 20:22:27 - 3:09:20 - Memory allocated:  45.82MB, reserved: 10106.00MB
INFO - 11/18/25 20:22:27 - 3:09:20 - training
INFO - 11/18/25 20:22:27 - 3:09:20 - step 0 | loss 0.0549 | step time 296.80ms
INFO - 11/18/25 20:22:56 - 3:09:49 - step 100 | loss 0.0286 | step time 286.83ms
INFO - 11/18/25 20:23:25 - 3:10:18 - step 200 | loss 0.0291 | step time 286.91ms
INFO - 11/18/25 20:23:54 - 3:10:47 - step 300 | loss 0.0294 | step time 287.22ms
INFO - 11/18/25 20:24:22 - 3:11:15 - step 400 | loss 0.0281 | step time 286.82ms
INFO - 11/18/25 20:24:51 - 3:11:44 - step 500 | loss 0.0343 | step time 286.88ms
INFO - 11/18/25 20:24:51 - 3:11:44 - step 500 train loss: 0.03278835490345955 test loss: 0.23319600522518158
INFO - 11/18/25 20:24:51 - 3:11:44 - test loss 0.23319600522518158 is the best so far, saving model to /home/yuebi/Project/dim20_run/dim20_run_2/1111/model.pt
INFO - 11/18/25 20:25:20 - 3:12:13 - step 600 | loss 0.0283 | step time 286.87ms
INFO - 11/18/25 20:25:49 - 3:12:42 - step 700 | loss 0.0291 | step time 287.11ms
INFO - 11/18/25 20:26:17 - 3:13:10 - step 800 | loss 0.0292 | step time 287.20ms
INFO - 11/18/25 20:26:46 - 3:13:39 - step 900 | loss 0.0290 | step time 287.39ms
INFO - 11/18/25 20:27:15 - 3:14:08 - step 1000 | loss 0.0281 | step time 287.09ms
INFO - 11/18/25 20:27:15 - 3:14:08 - step 1000 train loss: 0.028678247705101967 test loss: 0.17109614610671997
INFO - 11/18/25 20:27:15 - 3:14:08 - test loss 0.17109614610671997 is the best so far, saving model to /home/yuebi/Project/dim20_run/dim20_run_2/1111/model.pt
INFO - 11/18/25 20:27:44 - 3:14:37 - step 1100 | loss 0.0288 | step time 286.95ms
INFO - 11/18/25 20:28:13 - 3:15:06 - step 1200 | loss 0.0394 | step time 287.20ms
INFO - 11/18/25 20:28:41 - 3:15:34 - step 1300 | loss 0.0280 | step time 287.11ms
INFO - 11/18/25 20:29:10 - 3:16:03 - step 1400 | loss 0.0289 | step time 287.58ms
INFO - 11/18/25 20:29:38 - 3:16:31 - Memory allocated:  45.82MB, reserved: 10106.00MB
INFO - 11/18/25 20:29:38 - 3:16:31 - generating
INFO - 11/18/25 20:43:13 - 0:00:00 - ============ Initialized logger ============
INFO - 11/18/25 20:43:13 - 0:00:00 - batch_size: 32
                                     command: python fc_loop.py --exp_name=dim20_run_2 --dump_path=/home/yuebi/Project/dim20_run --num_initial_empty_objects=800 --final_database_size=100 --target_db_size=100 --nb_local_searches=800 --max_epochs=20 --type=transformer --max-output-length=350 --sample-only=25000 --max-steps=1500 --n_tokens=15 --n-layer=8 --n-embd=128 --n-embd2=128 --exp_id=1111 --exp_id "1111"
                                     cpu: False
                                     debug: False
                                     debug_slurm: False
                                     dump_path: /home/yuebi/Project/dim20_run/dim20_run_2/1111
                                     exp_id: 1111
                                     exp_name: dim20_run_2
                                     final_database_size: 100
                                     gen_batch_size: 1000
                                     global_rank: 0
                                     is_master: True
                                     is_slurm_job: True
                                     learning_rate: 0.0005
                                     local_rank: 0
                                     master_addr: gpu-6
                                     master_port: -1
                                     max_epochs: 20
                                     max_output_length: 350
                                     max_steps: 1500
                                     multi_gpu: False
                                     multi_node: False
                                     n_embd: 128
                                     n_embd2: 128
                                     n_gpu_per_node: 1
                                     n_head: 8
                                     n_layer: 8
                                     n_nodes: 1
                                     n_tokens: 15
                                     nb_local_searches: 800
                                     nb_threads: 1
                                     node_id: 0
                                     num_initial_empty_objects: 800
                                     num_workers: 8
                                     sample_only: 25000
                                     seed: -1
                                     target_db_size: 100
                                     temperature: 1.0
                                     top_k: -1
                                     type: transformer
                                     weight_decay: 0.01
                                     world_size: 1
INFO - 11/18/25 20:43:13 - 0:00:00 - The experiment will be stored in /home/yuebi/Project/dim20_run/dim20_run_2/1111
                                     
INFO - 11/18/25 20:43:13 - 0:00:00 - Running command: python fc_loop.py --exp_name=dim20_run_2 --dump_path=/home/yuebi/Project/dim20_run --num_initial_empty_objects=800 --final_database_size=100 --target_db_size=100 --nb_local_searches=800 --max_epochs=20 --type=transformer --max-output-length=350 --sample-only=25000 --max-steps=1500 --n_tokens=15 --n-layer=8 --n-embd=128 --n-embd2=128 --exp_id=1111

WARNING - 11/18/25 20:43:13 - 0:00:00 - Signal handler installed.
INFO - 11/18/25 20:43:13 - 0:00:00 - seed: 659369249
INFO - 11/18/25 20:43:13 - 0:00:00 - initializing at generation: 7
INFO - 11/18/25 20:43:13 - 0:00:00 - number of examples in the dataset: 100
INFO - 11/18/25 20:43:13 - 0:00:00 - max word length: 166
INFO - 11/18/25 20:43:13 - 0:00:00 - number of unique characters in the vocabulary: 15
INFO - 11/18/25 20:43:13 - 0:00:00 - vocabulary:
INFO - 11/18/25 20:43:13 - 0:00:00 - ['V0', 'V1', 'V2', 'V3', 'V4', 'V5', 'V6', 'V7', 'V8', 'V9', 'V10', 'V11', 'V12', 'V13', 'V14']
INFO - 11/18/25 20:43:13 - 0:00:00 - split up the dataset into 90 training examples and 10 test examples
INFO - 11/18/25 20:43:13 - 0:00:00 - dataset determined that: vocab_size=16, block_size=351
INFO - 11/18/25 20:43:13 - 0:00:00 - model #params: 1635456
INFO - 11/18/25 20:43:13 - 0:00:00 - resuming from existing model
INFO - 11/18/25 20:43:13 - 0:00:00 - ============ Start of generation 7 ============
INFO - 11/18/25 20:43:13 - 0:00:00 - Memory allocated:  10.00MB, reserved: 22.00MB
INFO - 11/18/25 20:43:13 - 0:00:00 - training
INFO - 11/18/25 20:43:18 - 0:00:05 - step 0 | loss 0.0398 | step time 608.06ms
INFO - 11/18/25 20:43:47 - 0:00:34 - step 100 | loss 0.0279 | step time 286.40ms
INFO - 11/18/25 20:44:15 - 0:01:02 - step 200 | loss 0.0287 | step time 286.38ms
INFO - 11/18/25 20:44:44 - 0:01:31 - step 300 | loss 0.0285 | step time 286.24ms
INFO - 11/18/25 20:45:13 - 0:02:00 - step 400 | loss 0.0284 | step time 286.45ms
INFO - 11/18/25 20:45:41 - 0:02:28 - step 500 | loss 0.0299 | step time 286.41ms
INFO - 11/18/25 20:45:42 - 0:02:29 - step 500 train loss: 0.028790198266506195 test loss: 0.08217490464448929
INFO - 11/18/25 20:45:42 - 0:02:29 - test loss 0.08217490464448929 is the best so far, saving model to /home/yuebi/Project/dim20_run/dim20_run_2/1111/model.pt
INFO - 11/18/25 20:46:10 - 0:02:57 - step 600 | loss 0.0291 | step time 286.52ms
INFO - 11/18/25 20:46:39 - 0:03:26 - step 700 | loss 0.0287 | step time 286.69ms
INFO - 11/18/25 20:47:08 - 0:03:55 - step 800 | loss 0.0286 | step time 286.38ms
INFO - 11/18/25 20:47:36 - 0:04:23 - step 900 | loss 0.0282 | step time 286.39ms
INFO - 11/18/25 20:48:05 - 0:04:52 - step 1000 | loss 0.0287 | step time 286.34ms
INFO - 11/18/25 20:48:05 - 0:04:52 - step 1000 train loss: 0.028517303988337517 test loss: 0.1365313082933426
INFO - 11/18/25 20:48:34 - 0:05:21 - step 1100 | loss 0.0286 | step time 286.34ms
INFO - 11/18/25 20:49:02 - 0:05:49 - step 1200 | loss 0.0283 | step time 286.62ms
INFO - 11/18/25 20:49:31 - 0:06:18 - step 1300 | loss 0.0288 | step time 286.58ms
INFO - 11/18/25 20:50:00 - 0:06:47 - step 1400 | loss 0.0296 | step time 286.46ms
INFO - 11/18/25 20:50:28 - 0:07:15 - Memory allocated:  45.82MB, reserved: 3306.00MB
INFO - 11/18/25 20:50:28 - 0:07:15 - generating
INFO - 11/18/25 23:45:28 - 3:02:15 - distribution of sample lengths: average: 503.98408 max: 520
INFO - 11/18/25 23:45:28 - 3:02:15 - printed 25000 samples
INFO - 11/18/25 23:45:28 - 3:02:15 - decoding
INFO - 11/18/25 23:45:29 - 3:02:16 - Decoding complete. Check the output in /home/yuebi/Project/dim20_run/dim20_run_2/1111/transformer-output-decoded.txt
INFO - 11/18/25 23:45:29 - 3:02:16 - Memory allocated:  45.82MB, reserved: 10106.00MB
INFO - 11/18/25 23:45:29 - 3:02:16 - ============ End of generation 7 ============
INFO - 11/18/25 23:45:29 - 3:02:16 - launching search.jl
INFO - 11/18/25 23:45:29 - 3:02:16 - JULIA_NUM_THREADS is set to 1
INFO - 11/18/25 23:52:35 - 3:09:22 - distribution of scores(all rounds)
INFO - 11/18/25 23:52:35 - 3:09:22 - Score:37427384.0, Count:1
                                     
INFO - 11/18/25 23:52:35 - 3:09:22 - Score:37256720.0, Count:7
                                     
INFO - 11/18/25 23:52:35 - 3:09:22 - Score:37238772.0, Count:7
                                     
INFO - 11/18/25 23:52:35 - 3:09:22 - Score:37238350.0, Count:7
                                     
INFO - 11/18/25 23:52:35 - 3:09:22 - Score:37167948.0, Count:6
                                     
INFO - 11/18/25 23:52:35 - 3:09:22 - Score:37154980.0, Count:7
                                     
INFO - 11/18/25 23:52:35 - 3:09:22 - Score:37135190.0, Count:5
                                     
INFO - 11/18/25 23:52:35 - 3:09:22 - Score:37038400.0, Count:5
                                     
INFO - 11/18/25 23:52:35 - 3:09:22 - Score:36983900.0, Count:7
                                     
INFO - 11/18/25 23:52:35 - 3:09:22 - Score:36928260.0, Count:7
                                     
INFO - 11/18/25 23:52:35 - 3:09:22 - Score:36899800.0, Count:4
                                     
INFO - 11/18/25 23:52:35 - 3:09:22 - Score:36854996.0, Count:7
                                     
INFO - 11/18/25 23:52:35 - 3:09:22 - Score:36775696.0, Count:7
                                     
INFO - 11/18/25 23:52:35 - 3:09:22 - Score:36581000.0, Count:5
                                     
INFO - 11/18/25 23:52:35 - 3:09:22 - Score:36570560.0, Count:7
                                     
INFO - 11/18/25 23:52:35 - 3:09:22 - Score:36515636.0, Count:1
                                     
INFO - 11/18/25 23:52:35 - 3:09:22 - Score:36488132.0, Count:7
                                     
INFO - 11/18/25 23:52:35 - 3:09:22 - Score:36461320.0, Count:3
                                     
INFO - 11/18/25 23:52:35 - 3:09:22 - tokenizing
INFO - 11/18/25 23:52:35 - 3:09:22 - Loading tokenizer from /home/yuebi/Project/dim20_run/dim20_run_2/1111/tokenizer_data/tokenizer.json...
INFO - 11/18/25 23:52:35 - 3:09:22 - 0 / 100
INFO - 11/18/25 23:52:35 - 3:09:22 - number of examples in the dataset: 100
INFO - 11/18/25 23:52:35 - 3:09:22 - max word length: 166
INFO - 11/18/25 23:52:35 - 3:09:22 - number of unique characters in the vocabulary: 15
INFO - 11/18/25 23:52:35 - 3:09:22 - vocabulary:
INFO - 11/18/25 23:52:35 - 3:09:22 - ['V0', 'V1', 'V2', 'V3', 'V4', 'V5', 'V6', 'V7', 'V8', 'V9', 'V10', 'V11', 'V12', 'V13', 'V14']
INFO - 11/18/25 23:52:35 - 3:09:22 - split up the dataset into 90 training examples and 10 test examples
INFO - 11/18/25 23:52:35 - 3:09:22 - ============ Start of generation 8 ============
INFO - 11/18/25 23:52:35 - 3:09:22 - Memory allocated:  45.82MB, reserved: 10106.00MB
INFO - 11/18/25 23:52:35 - 3:09:22 - training
INFO - 11/18/25 23:52:36 - 3:09:23 - step 0 | loss 0.3012 | step time 294.18ms
INFO - 11/18/25 23:53:05 - 3:09:52 - step 100 | loss 0.0287 | step time 286.88ms
INFO - 11/18/25 23:53:33 - 3:10:20 - step 200 | loss 0.0289 | step time 287.15ms
INFO - 11/18/25 23:54:02 - 3:10:49 - step 300 | loss 0.0285 | step time 287.07ms
INFO - 11/18/25 23:54:31 - 3:11:18 - step 400 | loss 0.0306 | step time 286.74ms
INFO - 11/18/25 23:54:59 - 3:11:46 - step 500 | loss 0.0280 | step time 286.63ms
INFO - 11/18/25 23:55:00 - 3:11:47 - step 500 train loss: 0.028509529307484627 test loss: 0.8146935105323792
INFO - 11/18/25 23:55:00 - 3:11:47 - test loss 0.8146935105323792 is the best so far, saving model to /home/yuebi/Project/dim20_run/dim20_run_2/1111/model.pt
INFO - 11/18/25 23:55:28 - 3:12:15 - step 600 | loss 0.0283 | step time 286.92ms
INFO - 11/18/25 23:55:57 - 3:12:44 - step 700 | loss 0.0278 | step time 286.97ms
INFO - 11/18/25 23:56:26 - 3:13:13 - step 800 | loss 0.0295 | step time 286.87ms
INFO - 11/18/25 23:56:54 - 3:13:41 - step 900 | loss 0.0370 | step time 286.87ms
INFO - 11/18/25 23:57:23 - 3:14:10 - step 1000 | loss 0.0290 | step time 286.85ms
INFO - 11/18/25 23:57:23 - 3:14:10 - step 1000 train loss: 0.028435084968805313 test loss: 0.9072628617286682
INFO - 11/18/25 23:57:52 - 3:14:39 - step 1100 | loss 0.0285 | step time 287.93ms
INFO - 11/18/25 23:58:21 - 3:15:08 - step 1200 | loss 0.0289 | step time 286.76ms
INFO - 11/18/25 23:58:49 - 3:15:36 - step 1300 | loss 0.0287 | step time 286.65ms
INFO - 11/18/25 23:59:18 - 3:16:05 - step 1400 | loss 0.0292 | step time 286.67ms
INFO - 11/18/25 23:59:46 - 3:16:33 - Memory allocated:  45.82MB, reserved: 10106.00MB
INFO - 11/18/25 23:59:46 - 3:16:33 - generating
INFO - 11/19/25 00:13:19 - 0:00:00 - ============ Initialized logger ============
INFO - 11/19/25 00:13:19 - 0:00:00 - batch_size: 32
                                     command: python fc_loop.py --exp_name=dim20_run_2 --dump_path=/home/yuebi/Project/dim20_run --num_initial_empty_objects=800 --final_database_size=100 --target_db_size=100 --nb_local_searches=800 --max_epochs=20 --type=transformer --max-output-length=350 --sample-only=25000 --max-steps=1500 --n_tokens=15 --n-layer=8 --n-embd=128 --n-embd2=128 --exp_id=1111 --exp_id "1111"
                                     cpu: False
                                     debug: False
                                     debug_slurm: False
                                     dump_path: /home/yuebi/Project/dim20_run/dim20_run_2/1111
                                     exp_id: 1111
                                     exp_name: dim20_run_2
                                     final_database_size: 100
                                     gen_batch_size: 1000
                                     global_rank: 0
                                     is_master: True
                                     is_slurm_job: True
                                     learning_rate: 0.0005
                                     local_rank: 0
                                     master_addr: gpu-6
                                     master_port: -1
                                     max_epochs: 20
                                     max_output_length: 350
                                     max_steps: 1500
                                     multi_gpu: False
                                     multi_node: False
                                     n_embd: 128
                                     n_embd2: 128
                                     n_gpu_per_node: 1
                                     n_head: 8
                                     n_layer: 8
                                     n_nodes: 1
                                     n_tokens: 15
                                     nb_local_searches: 800
                                     nb_threads: 1
                                     node_id: 0
                                     num_initial_empty_objects: 800
                                     num_workers: 8
                                     sample_only: 25000
                                     seed: -1
                                     target_db_size: 100
                                     temperature: 1.0
                                     top_k: -1
                                     type: transformer
                                     weight_decay: 0.01
                                     world_size: 1
INFO - 11/19/25 00:13:19 - 0:00:00 - The experiment will be stored in /home/yuebi/Project/dim20_run/dim20_run_2/1111
                                     
INFO - 11/19/25 00:13:19 - 0:00:00 - Running command: python fc_loop.py --exp_name=dim20_run_2 --dump_path=/home/yuebi/Project/dim20_run --num_initial_empty_objects=800 --final_database_size=100 --target_db_size=100 --nb_local_searches=800 --max_epochs=20 --type=transformer --max-output-length=350 --sample-only=25000 --max-steps=1500 --n_tokens=15 --n-layer=8 --n-embd=128 --n-embd2=128 --exp_id=1111

WARNING - 11/19/25 00:13:19 - 0:00:00 - Signal handler installed.
INFO - 11/19/25 00:13:19 - 0:00:00 - seed: 172860174
INFO - 11/19/25 00:13:19 - 0:00:00 - initializing at generation: 8
INFO - 11/19/25 00:13:19 - 0:00:00 - number of examples in the dataset: 100
INFO - 11/19/25 00:13:19 - 0:00:00 - max word length: 166
INFO - 11/19/25 00:13:19 - 0:00:00 - number of unique characters in the vocabulary: 15
INFO - 11/19/25 00:13:19 - 0:00:00 - vocabulary:
INFO - 11/19/25 00:13:19 - 0:00:00 - ['V0', 'V1', 'V2', 'V3', 'V4', 'V5', 'V6', 'V7', 'V8', 'V9', 'V10', 'V11', 'V12', 'V13', 'V14']
INFO - 11/19/25 00:13:19 - 0:00:00 - split up the dataset into 90 training examples and 10 test examples
INFO - 11/19/25 00:13:19 - 0:00:00 - dataset determined that: vocab_size=16, block_size=351
INFO - 11/19/25 00:13:19 - 0:00:00 - model #params: 1635456
INFO - 11/19/25 00:13:19 - 0:00:00 - resuming from existing model
INFO - 11/19/25 00:13:19 - 0:00:00 - ============ Start of generation 8 ============
INFO - 11/19/25 00:13:19 - 0:00:00 - Memory allocated:  10.00MB, reserved: 22.00MB
INFO - 11/19/25 00:13:19 - 0:00:00 - training
INFO - 11/19/25 00:13:24 - 0:00:05 - step 0 | loss 0.2566 | step time 618.71ms
INFO - 11/19/25 00:13:53 - 0:00:34 - step 100 | loss 0.0283 | step time 286.66ms
INFO - 11/19/25 00:14:21 - 0:01:02 - step 200 | loss 0.0293 | step time 286.73ms
INFO - 11/19/25 00:14:50 - 0:01:31 - step 300 | loss 0.0284 | step time 286.63ms
INFO - 11/19/25 00:15:19 - 0:02:00 - step 400 | loss 0.0302 | step time 286.66ms
INFO - 11/19/25 00:15:47 - 0:02:28 - step 500 | loss 0.0288 | step time 286.65ms
INFO - 11/19/25 00:15:48 - 0:02:29 - step 500 train loss: 0.02839306741952896 test loss: 0.13496476411819458
INFO - 11/19/25 00:15:48 - 0:02:29 - test loss 0.13496476411819458 is the best so far, saving model to /home/yuebi/Project/dim20_run/dim20_run_2/1111/model.pt
INFO - 11/19/25 00:16:16 - 0:02:57 - step 600 | loss 0.0285 | step time 289.45ms
INFO - 11/19/25 00:16:45 - 0:03:26 - step 700 | loss 0.0286 | step time 286.83ms
INFO - 11/19/25 00:17:14 - 0:03:55 - step 800 | loss 0.0284 | step time 286.54ms
INFO - 11/19/25 00:17:42 - 0:04:23 - step 900 | loss 0.0285 | step time 286.73ms
INFO - 11/19/25 00:18:11 - 0:04:52 - step 1000 | loss 0.0308 | step time 286.63ms
INFO - 11/19/25 00:18:11 - 0:04:52 - step 1000 train loss: 0.03042842261493206 test loss: 0.25368860363960266
INFO - 11/19/25 00:18:40 - 0:05:21 - step 1100 | loss 0.0284 | step time 286.66ms
INFO - 11/19/25 00:19:09 - 0:05:50 - step 1200 | loss 0.0285 | step time 286.93ms
INFO - 11/19/25 00:19:37 - 0:06:18 - step 1300 | loss 0.0274 | step time 286.94ms
INFO - 11/19/25 00:20:06 - 0:06:47 - step 1400 | loss 0.0282 | step time 286.95ms
INFO - 11/19/25 00:20:34 - 0:07:15 - Memory allocated:  45.82MB, reserved: 3306.00MB
INFO - 11/19/25 00:20:34 - 0:07:15 - generating
INFO - 11/19/25 03:15:35 - 3:02:16 - distribution of sample lengths: average: 504.70624 max: 524
INFO - 11/19/25 03:15:35 - 3:02:16 - printed 25000 samples
INFO - 11/19/25 03:15:35 - 3:02:16 - decoding
INFO - 11/19/25 03:15:35 - 3:02:16 - Decoding complete. Check the output in /home/yuebi/Project/dim20_run/dim20_run_2/1111/transformer-output-decoded.txt
INFO - 11/19/25 03:15:35 - 3:02:16 - Memory allocated:  45.82MB, reserved: 10106.00MB
INFO - 11/19/25 03:15:35 - 3:02:16 - ============ End of generation 8 ============
INFO - 11/19/25 03:15:35 - 3:02:16 - launching search.jl
INFO - 11/19/25 03:15:35 - 3:02:16 - JULIA_NUM_THREADS is set to 1
INFO - 11/19/25 03:22:36 - 3:09:17 - distribution of scores(all rounds)
INFO - 11/19/25 03:22:36 - 3:09:17 - Score:37427384.0, Count:2
                                     
INFO - 11/19/25 03:22:36 - 3:09:17 - Score:37256720.0, Count:8
                                     
INFO - 11/19/25 03:22:36 - 3:09:17 - Score:37238772.0, Count:8
                                     
INFO - 11/19/25 03:22:36 - 3:09:17 - Score:37238350.0, Count:8
                                     
INFO - 11/19/25 03:22:36 - 3:09:17 - Score:37167948.0, Count:7
                                     
INFO - 11/19/25 03:22:36 - 3:09:17 - Score:37154980.0, Count:8
                                     
INFO - 11/19/25 03:22:36 - 3:09:17 - Score:37135190.0, Count:6
                                     
INFO - 11/19/25 03:22:36 - 3:09:17 - Score:37038400.0, Count:6
                                     
INFO - 11/19/25 03:22:36 - 3:09:17 - Score:36983900.0, Count:8
                                     
INFO - 11/19/25 03:22:36 - 3:09:17 - Score:36928260.0, Count:8
                                     
INFO - 11/19/25 03:22:36 - 3:09:17 - Score:36899800.0, Count:5
                                     
INFO - 11/19/25 03:22:36 - 3:09:17 - Score:36854996.0, Count:8
                                     
INFO - 11/19/25 03:22:36 - 3:09:17 - Score:36775696.0, Count:8
                                     
INFO - 11/19/25 03:22:36 - 3:09:17 - Score:36581000.0, Count:6
                                     
INFO - 11/19/25 03:22:36 - 3:09:17 - Score:36570560.0, Count:4
                                     
INFO - 11/19/25 03:22:36 - 3:09:17 - tokenizing
INFO - 11/19/25 03:22:36 - 3:09:17 - Loading tokenizer from /home/yuebi/Project/dim20_run/dim20_run_2/1111/tokenizer_data/tokenizer.json...
INFO - 11/19/25 03:22:36 - 3:09:17 - 0 / 100
INFO - 11/19/25 03:22:36 - 3:09:17 - number of examples in the dataset: 100
INFO - 11/19/25 03:22:36 - 3:09:17 - max word length: 166
INFO - 11/19/25 03:22:36 - 3:09:17 - number of unique characters in the vocabulary: 15
INFO - 11/19/25 03:22:36 - 3:09:17 - vocabulary:
INFO - 11/19/25 03:22:36 - 3:09:17 - ['V0', 'V1', 'V2', 'V3', 'V4', 'V5', 'V6', 'V7', 'V8', 'V9', 'V10', 'V11', 'V12', 'V13', 'V14']
INFO - 11/19/25 03:22:36 - 3:09:17 - split up the dataset into 90 training examples and 10 test examples
INFO - 11/19/25 03:22:36 - 3:09:17 - ============ Start of generation 9 ============
INFO - 11/19/25 03:22:36 - 3:09:17 - Memory allocated:  45.82MB, reserved: 10106.00MB
INFO - 11/19/25 03:22:36 - 3:09:17 - training
INFO - 11/19/25 03:22:36 - 3:09:17 - step 0 | loss 0.0507 | step time 294.17ms
INFO - 11/19/25 03:23:05 - 3:09:46 - step 100 | loss 0.0285 | step time 287.11ms
INFO - 11/19/25 03:23:33 - 3:10:14 - step 200 | loss 0.0288 | step time 287.04ms
INFO - 11/19/25 03:24:02 - 3:10:43 - step 300 | loss 0.0285 | step time 286.86ms
INFO - 11/19/25 03:24:31 - 3:11:12 - step 400 | loss 0.0292 | step time 287.11ms
INFO - 11/19/25 03:24:59 - 3:11:40 - step 500 | loss 0.0291 | step time 286.85ms
INFO - 11/19/25 03:25:00 - 3:11:41 - step 500 train loss: 0.02856736071407795 test loss: 0.11692670732736588
INFO - 11/19/25 03:25:00 - 3:11:41 - test loss 0.11692670732736588 is the best so far, saving model to /home/yuebi/Project/dim20_run/dim20_run_2/1111/model.pt
INFO - 11/19/25 03:25:28 - 3:12:09 - step 600 | loss 0.0330 | step time 287.08ms
INFO - 11/19/25 03:25:57 - 3:12:38 - step 700 | loss 0.0286 | step time 287.11ms
INFO - 11/19/25 03:26:26 - 3:13:07 - step 800 | loss 0.0282 | step time 287.31ms
INFO - 11/19/25 03:26:55 - 3:13:36 - step 900 | loss 0.0286 | step time 287.54ms
INFO - 11/19/25 03:27:23 - 3:14:04 - step 1000 | loss 0.0277 | step time 287.22ms
INFO - 11/19/25 03:27:24 - 3:14:05 - step 1000 train loss: 0.028416171669960022 test loss: 0.17191432416439056
INFO - 11/19/25 03:27:52 - 3:14:33 - step 1100 | loss 0.0287 | step time 286.92ms
INFO - 11/19/25 03:28:21 - 3:15:02 - step 1200 | loss 0.0284 | step time 286.91ms
INFO - 11/19/25 03:28:50 - 3:15:31 - step 1300 | loss 0.0318 | step time 287.05ms
INFO - 11/19/25 03:29:18 - 3:15:59 - step 1400 | loss 0.0289 | step time 286.85ms
INFO - 11/19/25 03:29:47 - 3:16:28 - Memory allocated:  45.82MB, reserved: 10106.00MB
INFO - 11/19/25 03:29:47 - 3:16:28 - generating
INFO - 11/19/25 03:43:20 - 0:00:00 - ============ Initialized logger ============
INFO - 11/19/25 03:43:20 - 0:00:00 - batch_size: 32
                                     command: python fc_loop.py --exp_name=dim20_run_2 --dump_path=/home/yuebi/Project/dim20_run --num_initial_empty_objects=800 --final_database_size=100 --target_db_size=100 --nb_local_searches=800 --max_epochs=20 --type=transformer --max-output-length=350 --sample-only=25000 --max-steps=1500 --n_tokens=15 --n-layer=8 --n-embd=128 --n-embd2=128 --exp_id=1111 --exp_id "1111"
                                     cpu: False
                                     debug: False
                                     debug_slurm: False
                                     dump_path: /home/yuebi/Project/dim20_run/dim20_run_2/1111
                                     exp_id: 1111
                                     exp_name: dim20_run_2
                                     final_database_size: 100
                                     gen_batch_size: 1000
                                     global_rank: 0
                                     is_master: True
                                     is_slurm_job: True
                                     learning_rate: 0.0005
                                     local_rank: 0
                                     master_addr: gpu-6
                                     master_port: -1
                                     max_epochs: 20
                                     max_output_length: 350
                                     max_steps: 1500
                                     multi_gpu: False
                                     multi_node: False
                                     n_embd: 128
                                     n_embd2: 128
                                     n_gpu_per_node: 1
                                     n_head: 8
                                     n_layer: 8
                                     n_nodes: 1
                                     n_tokens: 15
                                     nb_local_searches: 800
                                     nb_threads: 1
                                     node_id: 0
                                     num_initial_empty_objects: 800
                                     num_workers: 8
                                     sample_only: 25000
                                     seed: -1
                                     target_db_size: 100
                                     temperature: 1.0
                                     top_k: -1
                                     type: transformer
                                     weight_decay: 0.01
                                     world_size: 1
INFO - 11/19/25 03:43:20 - 0:00:00 - The experiment will be stored in /home/yuebi/Project/dim20_run/dim20_run_2/1111
                                     
INFO - 11/19/25 03:43:20 - 0:00:00 - Running command: python fc_loop.py --exp_name=dim20_run_2 --dump_path=/home/yuebi/Project/dim20_run --num_initial_empty_objects=800 --final_database_size=100 --target_db_size=100 --nb_local_searches=800 --max_epochs=20 --type=transformer --max-output-length=350 --sample-only=25000 --max-steps=1500 --n_tokens=15 --n-layer=8 --n-embd=128 --n-embd2=128 --exp_id=1111

WARNING - 11/19/25 03:43:20 - 0:00:00 - Signal handler installed.
INFO - 11/19/25 03:43:20 - 0:00:00 - seed: 165220458
INFO - 11/19/25 03:43:20 - 0:00:00 - initializing at generation: 9
INFO - 11/19/25 03:43:20 - 0:00:00 - number of examples in the dataset: 100
INFO - 11/19/25 03:43:20 - 0:00:00 - max word length: 166
INFO - 11/19/25 03:43:20 - 0:00:00 - number of unique characters in the vocabulary: 15
INFO - 11/19/25 03:43:20 - 0:00:00 - vocabulary:
INFO - 11/19/25 03:43:20 - 0:00:00 - ['V0', 'V1', 'V2', 'V3', 'V4', 'V5', 'V6', 'V7', 'V8', 'V9', 'V10', 'V11', 'V12', 'V13', 'V14']
INFO - 11/19/25 03:43:20 - 0:00:00 - split up the dataset into 90 training examples and 10 test examples
INFO - 11/19/25 03:43:20 - 0:00:00 - dataset determined that: vocab_size=16, block_size=351
INFO - 11/19/25 03:43:20 - 0:00:00 - model #params: 1635456
INFO - 11/19/25 03:43:20 - 0:00:00 - resuming from existing model
INFO - 11/19/25 03:43:20 - 0:00:00 - ============ Start of generation 9 ============
INFO - 11/19/25 03:43:20 - 0:00:00 - Memory allocated:  10.00MB, reserved: 22.00MB
INFO - 11/19/25 03:43:20 - 0:00:00 - training
INFO - 11/19/25 03:43:25 - 0:00:05 - step 0 | loss 0.0301 | step time 621.07ms
INFO - 11/19/25 03:43:54 - 0:00:34 - step 100 | loss 0.0281 | step time 287.16ms
INFO - 11/19/25 03:44:23 - 0:01:03 - step 200 | loss 0.0285 | step time 286.81ms
INFO - 11/19/25 03:44:51 - 0:01:31 - step 300 | loss 0.0291 | step time 286.89ms
INFO - 11/19/25 03:45:20 - 0:02:00 - step 400 | loss 0.0278 | step time 286.62ms
INFO - 11/19/25 03:45:49 - 0:02:29 - step 500 | loss 0.0281 | step time 286.87ms
INFO - 11/19/25 03:45:49 - 0:02:29 - step 500 train loss: 0.028502145782113075 test loss: 0.08762984722852707
INFO - 11/19/25 03:45:49 - 0:02:29 - test loss 0.08762984722852707 is the best so far, saving model to /home/yuebi/Project/dim20_run/dim20_run_2/1111/model.pt
INFO - 11/19/25 03:46:18 - 0:02:58 - step 600 | loss 0.0283 | step time 286.60ms
INFO - 11/19/25 03:46:46 - 0:03:26 - step 700 | loss 0.0282 | step time 287.11ms
INFO - 11/19/25 03:47:15 - 0:03:55 - step 800 | loss 0.0285 | step time 286.36ms
INFO - 11/19/25 03:47:43 - 0:04:24 - step 900 | loss 0.0284 | step time 286.37ms
INFO - 11/19/25 03:48:12 - 0:04:52 - step 1000 | loss 0.0284 | step time 286.31ms
INFO - 11/19/25 03:48:12 - 0:04:52 - step 1000 train loss: 0.028419936075806618 test loss: 0.15635745227336884
INFO - 11/19/25 03:48:41 - 0:05:21 - step 1100 | loss 0.0288 | step time 286.49ms
INFO - 11/19/25 03:49:10 - 0:05:50 - step 1200 | loss 0.0287 | step time 286.75ms
INFO - 11/19/25 03:49:38 - 0:06:18 - step 1300 | loss 0.0284 | step time 286.58ms
INFO - 11/19/25 03:50:07 - 0:06:47 - step 1400 | loss 0.0288 | step time 286.60ms
INFO - 11/19/25 03:50:35 - 0:07:15 - Memory allocated:  45.82MB, reserved: 3306.00MB
INFO - 11/19/25 03:50:35 - 0:07:15 - generating
INFO - 11/19/25 06:45:38 - 3:02:18 - distribution of sample lengths: average: 505.08564 max: 518
INFO - 11/19/25 06:45:38 - 3:02:18 - printed 25000 samples
INFO - 11/19/25 06:45:38 - 3:02:18 - decoding
INFO - 11/19/25 06:45:39 - 3:02:19 - Decoding complete. Check the output in /home/yuebi/Project/dim20_run/dim20_run_2/1111/transformer-output-decoded.txt
INFO - 11/19/25 06:45:39 - 3:02:19 - Memory allocated:  45.82MB, reserved: 10106.00MB
INFO - 11/19/25 06:45:39 - 3:02:19 - ============ End of generation 9 ============
INFO - 11/19/25 06:45:39 - 3:02:19 - launching search.jl
INFO - 11/19/25 06:45:39 - 3:02:19 - JULIA_NUM_THREADS is set to 1
INFO - 11/19/25 06:52:40 - 3:09:20 - distribution of scores(all rounds)
INFO - 11/19/25 06:52:40 - 3:09:20 - Score:37427384.0, Count:3
                                     
INFO - 11/19/25 06:52:40 - 3:09:20 - Score:37256720.0, Count:9
                                     
INFO - 11/19/25 06:52:40 - 3:09:20 - Score:37238772.0, Count:9
                                     
INFO - 11/19/25 06:52:40 - 3:09:20 - Score:37238350.0, Count:9
                                     
INFO - 11/19/25 06:52:40 - 3:09:20 - Score:37167948.0, Count:8
                                     
INFO - 11/19/25 06:52:40 - 3:09:20 - Score:37154980.0, Count:9
                                     
INFO - 11/19/25 06:52:40 - 3:09:20 - Score:37135190.0, Count:7
                                     
INFO - 11/19/25 06:52:40 - 3:09:20 - Score:37038400.0, Count:7
                                     
INFO - 11/19/25 06:52:40 - 3:09:20 - Score:36983900.0, Count:9
                                     
INFO - 11/19/25 06:52:40 - 3:09:20 - Score:36944550.0, Count:1
                                     
INFO - 11/19/25 06:52:40 - 3:09:20 - Score:36928260.0, Count:9
                                     
INFO - 11/19/25 06:52:40 - 3:09:20 - Score:36899800.0, Count:6
                                     
INFO - 11/19/25 06:52:40 - 3:09:20 - Score:36854996.0, Count:9
                                     
INFO - 11/19/25 06:52:40 - 3:09:20 - Score:36775696.0, Count:5
                                     
INFO - 11/19/25 06:52:40 - 3:09:20 - tokenizing
INFO - 11/19/25 06:52:40 - 3:09:20 - Loading tokenizer from /home/yuebi/Project/dim20_run/dim20_run_2/1111/tokenizer_data/tokenizer.json...
INFO - 11/19/25 06:52:40 - 3:09:20 - 0 / 100
INFO - 11/19/25 06:52:40 - 3:09:20 - number of examples in the dataset: 100
INFO - 11/19/25 06:52:40 - 3:09:20 - max word length: 166
INFO - 11/19/25 06:52:40 - 3:09:20 - number of unique characters in the vocabulary: 15
INFO - 11/19/25 06:52:40 - 3:09:20 - vocabulary:
INFO - 11/19/25 06:52:40 - 3:09:20 - ['V0', 'V1', 'V2', 'V3', 'V4', 'V5', 'V6', 'V7', 'V8', 'V9', 'V10', 'V11', 'V12', 'V13', 'V14']
INFO - 11/19/25 06:52:40 - 3:09:20 - split up the dataset into 90 training examples and 10 test examples
INFO - 11/19/25 06:52:40 - 3:09:20 - ============ Start of generation 10 ============
INFO - 11/19/25 06:52:40 - 3:09:20 - Memory allocated:  45.82MB, reserved: 10106.00MB
INFO - 11/19/25 06:52:40 - 3:09:20 - training
INFO - 11/19/25 06:52:40 - 3:09:20 - step 0 | loss 0.1449 | step time 296.27ms
INFO - 11/19/25 06:53:09 - 3:09:49 - step 100 | loss 0.0300 | step time 288.33ms
INFO - 11/19/25 06:53:38 - 3:10:18 - step 200 | loss 0.0293 | step time 287.98ms
INFO - 11/19/25 06:54:06 - 3:10:46 - step 300 | loss 0.0293 | step time 288.15ms
INFO - 11/19/25 06:54:35 - 3:11:15 - step 400 | loss 0.0296 | step time 288.06ms
INFO - 11/19/25 06:55:04 - 3:11:44 - step 500 | loss 0.0292 | step time 287.32ms
INFO - 11/19/25 06:55:04 - 3:11:44 - step 500 train loss: 0.02864696830511093 test loss: 0.23555073142051697
INFO - 11/19/25 06:55:04 - 3:11:44 - test loss 0.23555073142051697 is the best so far, saving model to /home/yuebi/Project/dim20_run/dim20_run_2/1111/model.pt
INFO - 11/19/25 06:55:33 - 3:12:13 - step 600 | loss 0.0275 | step time 287.21ms
INFO - 11/19/25 06:56:02 - 3:12:42 - step 700 | loss 0.0295 | step time 288.33ms
INFO - 11/19/25 06:56:31 - 3:13:11 - step 800 | loss 0.0281 | step time 288.20ms
INFO - 11/19/25 06:57:00 - 3:13:40 - step 900 | loss 0.0373 | step time 288.24ms
INFO - 11/19/25 06:57:28 - 3:14:08 - step 1000 | loss 0.0285 | step time 288.23ms
INFO - 11/19/25 06:57:29 - 3:14:09 - step 1000 train loss: 0.028447868302464485 test loss: 0.38683998584747314
INFO - 11/19/25 06:57:57 - 3:14:37 - step 1100 | loss 0.0280 | step time 288.20ms
INFO - 11/19/25 06:58:26 - 3:15:06 - step 1200 | loss 0.0287 | step time 286.78ms
INFO - 11/19/25 06:58:55 - 3:15:35 - step 1300 | loss 0.0286 | step time 287.00ms
INFO - 11/19/25 06:59:24 - 3:16:04 - step 1400 | loss 0.0288 | step time 286.72ms
INFO - 11/19/25 06:59:52 - 3:16:32 - Memory allocated:  45.82MB, reserved: 10106.00MB
INFO - 11/19/25 06:59:52 - 3:16:32 - generating
INFO - 11/19/25 07:13:31 - 0:00:00 - ============ Initialized logger ============
INFO - 11/19/25 07:13:31 - 0:00:00 - batch_size: 32
                                     command: python fc_loop.py --exp_name=dim20_run_2 --dump_path=/home/yuebi/Project/dim20_run --num_initial_empty_objects=800 --final_database_size=100 --target_db_size=100 --nb_local_searches=800 --max_epochs=20 --type=transformer --max-output-length=350 --sample-only=25000 --max-steps=1500 --n_tokens=15 --n-layer=8 --n-embd=128 --n-embd2=128 --exp_id=1111 --exp_id "1111"
                                     cpu: False
                                     debug: False
                                     debug_slurm: False
                                     dump_path: /home/yuebi/Project/dim20_run/dim20_run_2/1111
                                     exp_id: 1111
                                     exp_name: dim20_run_2
                                     final_database_size: 100
                                     gen_batch_size: 1000
                                     global_rank: 0
                                     is_master: True
                                     is_slurm_job: True
                                     learning_rate: 0.0005
                                     local_rank: 0
                                     master_addr: gpu-6
                                     master_port: -1
                                     max_epochs: 20
                                     max_output_length: 350
                                     max_steps: 1500
                                     multi_gpu: False
                                     multi_node: False
                                     n_embd: 128
                                     n_embd2: 128
                                     n_gpu_per_node: 1
                                     n_head: 8
                                     n_layer: 8
                                     n_nodes: 1
                                     n_tokens: 15
                                     nb_local_searches: 800
                                     nb_threads: 1
                                     node_id: 0
                                     num_initial_empty_objects: 800
                                     num_workers: 8
                                     sample_only: 25000
                                     seed: -1
                                     target_db_size: 100
                                     temperature: 1.0
                                     top_k: -1
                                     type: transformer
                                     weight_decay: 0.01
                                     world_size: 1
INFO - 11/19/25 07:13:31 - 0:00:00 - The experiment will be stored in /home/yuebi/Project/dim20_run/dim20_run_2/1111
                                     
INFO - 11/19/25 07:13:31 - 0:00:00 - Running command: python fc_loop.py --exp_name=dim20_run_2 --dump_path=/home/yuebi/Project/dim20_run --num_initial_empty_objects=800 --final_database_size=100 --target_db_size=100 --nb_local_searches=800 --max_epochs=20 --type=transformer --max-output-length=350 --sample-only=25000 --max-steps=1500 --n_tokens=15 --n-layer=8 --n-embd=128 --n-embd2=128 --exp_id=1111

WARNING - 11/19/25 07:13:31 - 0:00:00 - Signal handler installed.
INFO - 11/19/25 07:13:31 - 0:00:00 - seed: 494602804
INFO - 11/19/25 07:13:31 - 0:00:00 - initializing at generation: 10
INFO - 11/19/25 07:13:31 - 0:00:00 - number of examples in the dataset: 100
INFO - 11/19/25 07:13:31 - 0:00:00 - max word length: 166
INFO - 11/19/25 07:13:31 - 0:00:00 - number of unique characters in the vocabulary: 15
INFO - 11/19/25 07:13:31 - 0:00:00 - vocabulary:
INFO - 11/19/25 07:13:31 - 0:00:00 - ['V0', 'V1', 'V2', 'V3', 'V4', 'V5', 'V6', 'V7', 'V8', 'V9', 'V10', 'V11', 'V12', 'V13', 'V14']
INFO - 11/19/25 07:13:31 - 0:00:00 - split up the dataset into 90 training examples and 10 test examples
INFO - 11/19/25 07:13:31 - 0:00:00 - dataset determined that: vocab_size=16, block_size=351
INFO - 11/19/25 07:13:31 - 0:00:00 - model #params: 1635456
INFO - 11/19/25 07:13:31 - 0:00:00 - resuming from existing model
INFO - 11/19/25 07:13:31 - 0:00:00 - ============ Start of generation 10 ============
INFO - 11/19/25 07:13:31 - 0:00:00 - Memory allocated:  10.00MB, reserved: 22.00MB
INFO - 11/19/25 07:13:31 - 0:00:00 - training
INFO - 11/19/25 07:13:36 - 0:00:05 - step 0 | loss 0.0435 | step time 622.34ms
INFO - 11/19/25 07:14:05 - 0:00:34 - step 100 | loss 0.0280 | step time 286.80ms
INFO - 11/19/25 07:14:33 - 0:01:02 - step 200 | loss 0.0290 | step time 286.76ms
INFO - 11/19/25 07:15:02 - 0:01:31 - step 300 | loss 0.0291 | step time 286.49ms
INFO - 11/19/25 07:15:31 - 0:02:00 - step 400 | loss 0.0280 | step time 286.66ms
INFO - 11/19/25 07:15:59 - 0:02:28 - step 500 | loss 0.0479 | step time 287.01ms
INFO - 11/19/25 07:16:00 - 0:02:29 - step 500 train loss: 0.04280651733279228 test loss: 0.10464742034673691
INFO - 11/19/25 07:16:00 - 0:02:29 - test loss 0.10464742034673691 is the best so far, saving model to /home/yuebi/Project/dim20_run/dim20_run_2/1111/model.pt
INFO - 11/19/25 07:16:28 - 0:02:57 - step 600 | loss 0.0284 | step time 286.73ms
INFO - 11/19/25 07:16:57 - 0:03:26 - step 700 | loss 0.0285 | step time 286.55ms
INFO - 11/19/25 07:17:26 - 0:03:55 - step 800 | loss 0.0283 | step time 286.58ms
INFO - 11/19/25 07:17:54 - 0:04:23 - step 900 | loss 0.0287 | step time 286.60ms
INFO - 11/19/25 07:18:23 - 0:04:52 - step 1000 | loss 0.0296 | step time 286.62ms
INFO - 11/19/25 07:18:23 - 0:04:52 - step 1000 train loss: 0.028592241927981377 test loss: 0.0984085276722908
INFO - 11/19/25 07:18:23 - 0:04:52 - test loss 0.0984085276722908 is the best so far, saving model to /home/yuebi/Project/dim20_run/dim20_run_2/1111/model.pt
INFO - 11/19/25 07:18:52 - 0:05:21 - step 1100 | loss 0.0420 | step time 286.46ms
INFO - 11/19/25 07:19:21 - 0:05:50 - step 1200 | loss 0.0284 | step time 286.56ms
INFO - 11/19/25 07:19:49 - 0:06:18 - step 1300 | loss 0.0282 | step time 286.51ms
INFO - 11/19/25 07:20:18 - 0:06:47 - step 1400 | loss 0.0286 | step time 286.68ms
INFO - 11/19/25 07:20:46 - 0:07:16 - Memory allocated:  45.82MB, reserved: 3306.00MB
INFO - 11/19/25 07:20:46 - 0:07:16 - generating
INFO - 11/19/25 10:15:45 - 3:02:14 - distribution of sample lengths: average: 504.24052 max: 524
INFO - 11/19/25 10:15:45 - 3:02:14 - printed 25000 samples
INFO - 11/19/25 10:15:45 - 3:02:14 - decoding
INFO - 11/19/25 10:15:46 - 3:02:15 - Decoding complete. Check the output in /home/yuebi/Project/dim20_run/dim20_run_2/1111/transformer-output-decoded.txt
INFO - 11/19/25 10:15:46 - 3:02:15 - Memory allocated:  45.82MB, reserved: 10106.00MB
INFO - 11/19/25 10:15:46 - 3:02:15 - ============ End of generation 10 ============
INFO - 11/19/25 10:15:46 - 3:02:15 - launching search.jl
INFO - 11/19/25 10:15:46 - 3:02:15 - JULIA_NUM_THREADS is set to 1
INFO - 11/19/25 10:22:40 - 3:09:09 - distribution of scores(all rounds)
INFO - 11/19/25 10:22:40 - 3:09:09 - Score:37427384.0, Count:4
                                     
INFO - 11/19/25 10:22:40 - 3:09:09 - Score:37256720.0, Count:10
                                     
INFO - 11/19/25 10:22:40 - 3:09:09 - Score:37238772.0, Count:10
                                     
INFO - 11/19/25 10:22:40 - 3:09:09 - Score:37238350.0, Count:10
                                     
INFO - 11/19/25 10:22:40 - 3:09:09 - Score:37167948.0, Count:9
                                     
INFO - 11/19/25 10:22:40 - 3:09:09 - Score:37154980.0, Count:10
                                     
INFO - 11/19/25 10:22:40 - 3:09:09 - Score:37135190.0, Count:8
                                     
INFO - 11/19/25 10:22:40 - 3:09:09 - Score:37038400.0, Count:8
                                     
INFO - 11/19/25 10:22:40 - 3:09:09 - Score:36983900.0, Count:10
                                     
INFO - 11/19/25 10:22:40 - 3:09:09 - Score:36944550.0, Count:2
                                     
INFO - 11/19/25 10:22:40 - 3:09:09 - Score:36928260.0, Count:10
                                     
INFO - 11/19/25 10:22:40 - 3:09:09 - Score:36899800.0, Count:7
                                     
INFO - 11/19/25 10:22:40 - 3:09:09 - Score:36854996.0, Count:2
                                     
INFO - 11/19/25 10:22:40 - 3:09:09 - tokenizing
INFO - 11/19/25 10:22:40 - 3:09:09 - Loading tokenizer from /home/yuebi/Project/dim20_run/dim20_run_2/1111/tokenizer_data/tokenizer.json...
INFO - 11/19/25 10:22:40 - 3:09:09 - 0 / 100
INFO - 11/19/25 10:22:40 - 3:09:09 - number of examples in the dataset: 100
INFO - 11/19/25 10:22:40 - 3:09:09 - max word length: 166
INFO - 11/19/25 10:22:40 - 3:09:09 - number of unique characters in the vocabulary: 15
INFO - 11/19/25 10:22:40 - 3:09:09 - vocabulary:
INFO - 11/19/25 10:22:40 - 3:09:09 - ['V0', 'V1', 'V2', 'V3', 'V4', 'V5', 'V6', 'V7', 'V8', 'V9', 'V10', 'V11', 'V12', 'V13', 'V14']
INFO - 11/19/25 10:22:40 - 3:09:09 - split up the dataset into 90 training examples and 10 test examples
INFO - 11/19/25 10:22:40 - 3:09:09 - ============ Start of generation 11 ============
INFO - 11/19/25 10:22:40 - 3:09:09 - Memory allocated:  45.82MB, reserved: 10106.00MB
INFO - 11/19/25 10:22:40 - 3:09:09 - training
INFO - 11/19/25 10:22:41 - 3:09:10 - step 0 | loss 0.0338 | step time 294.18ms
INFO - 11/19/25 10:23:09 - 3:09:39 - step 100 | loss 0.0280 | step time 286.85ms
INFO - 11/19/25 10:23:38 - 3:10:07 - step 200 | loss 0.0285 | step time 286.83ms
INFO - 11/19/25 10:24:07 - 3:10:36 - step 300 | loss 0.0293 | step time 286.69ms
INFO - 11/19/25 10:24:36 - 3:11:05 - step 400 | loss 0.0289 | step time 286.63ms
INFO - 11/19/25 10:25:04 - 3:11:33 - step 500 | loss 0.0284 | step time 286.85ms
INFO - 11/19/25 10:25:05 - 3:11:34 - step 500 train loss: 0.02864595502614975 test loss: 0.12766306102275848
INFO - 11/19/25 10:25:05 - 3:11:34 - test loss 0.12766306102275848 is the best so far, saving model to /home/yuebi/Project/dim20_run/dim20_run_2/1111/model.pt
INFO - 11/19/25 10:25:33 - 3:12:02 - step 600 | loss 0.0286 | step time 286.68ms
INFO - 11/19/25 10:26:02 - 3:12:31 - step 700 | loss 0.0283 | step time 286.91ms
INFO - 11/19/25 10:26:31 - 3:13:00 - step 800 | loss 0.0280 | step time 286.84ms
INFO - 11/19/25 10:26:59 - 3:13:28 - step 900 | loss 0.0284 | step time 286.87ms
INFO - 11/19/25 10:27:28 - 3:13:57 - step 1000 | loss 0.0280 | step time 286.71ms
INFO - 11/19/25 10:27:28 - 3:13:57 - step 1000 train loss: 0.028460301458835602 test loss: 0.17966441810131073
INFO - 11/19/25 10:27:57 - 3:14:26 - step 1100 | loss 0.0286 | step time 287.09ms
INFO - 11/19/25 10:28:26 - 3:14:55 - step 1200 | loss 0.0289 | step time 286.94ms
INFO - 11/19/25 10:28:54 - 3:15:23 - step 1300 | loss 0.0356 | step time 286.86ms
INFO - 11/19/25 10:29:23 - 3:15:52 - step 1400 | loss 0.0284 | step time 286.71ms
INFO - 11/19/25 10:29:51 - 3:16:20 - Memory allocated:  45.82MB, reserved: 10106.00MB
INFO - 11/19/25 10:29:51 - 3:16:20 - generating
INFO - 11/19/25 10:43:34 - 0:00:00 - ============ Initialized logger ============
INFO - 11/19/25 10:43:34 - 0:00:00 - batch_size: 32
                                     command: python fc_loop.py --exp_name=dim20_run_2 --dump_path=/home/yuebi/Project/dim20_run --num_initial_empty_objects=800 --final_database_size=100 --target_db_size=100 --nb_local_searches=800 --max_epochs=20 --type=transformer --max-output-length=350 --sample-only=25000 --max-steps=1500 --n_tokens=15 --n-layer=8 --n-embd=128 --n-embd2=128 --exp_id=1111 --exp_id "1111"
                                     cpu: False
                                     debug: False
                                     debug_slurm: False
                                     dump_path: /home/yuebi/Project/dim20_run/dim20_run_2/1111
                                     exp_id: 1111
                                     exp_name: dim20_run_2
                                     final_database_size: 100
                                     gen_batch_size: 1000
                                     global_rank: 0
                                     is_master: True
                                     is_slurm_job: True
                                     learning_rate: 0.0005
                                     local_rank: 0
                                     master_addr: gpu-6
                                     master_port: -1
                                     max_epochs: 20
                                     max_output_length: 350
                                     max_steps: 1500
                                     multi_gpu: False
                                     multi_node: False
                                     n_embd: 128
                                     n_embd2: 128
                                     n_gpu_per_node: 1
                                     n_head: 8
                                     n_layer: 8
                                     n_nodes: 1
                                     n_tokens: 15
                                     nb_local_searches: 800
                                     nb_threads: 1
                                     node_id: 0
                                     num_initial_empty_objects: 800
                                     num_workers: 8
                                     sample_only: 25000
                                     seed: -1
                                     target_db_size: 100
                                     temperature: 1.0
                                     top_k: -1
                                     type: transformer
                                     weight_decay: 0.01
                                     world_size: 1
INFO - 11/19/25 10:43:34 - 0:00:00 - The experiment will be stored in /home/yuebi/Project/dim20_run/dim20_run_2/1111
                                     
INFO - 11/19/25 10:43:34 - 0:00:00 - Running command: python fc_loop.py --exp_name=dim20_run_2 --dump_path=/home/yuebi/Project/dim20_run --num_initial_empty_objects=800 --final_database_size=100 --target_db_size=100 --nb_local_searches=800 --max_epochs=20 --type=transformer --max-output-length=350 --sample-only=25000 --max-steps=1500 --n_tokens=15 --n-layer=8 --n-embd=128 --n-embd2=128 --exp_id=1111

WARNING - 11/19/25 10:43:34 - 0:00:00 - Signal handler installed.
INFO - 11/19/25 10:43:34 - 0:00:00 - seed: 112190729
INFO - 11/19/25 10:43:34 - 0:00:00 - initializing at generation: 11
INFO - 11/19/25 10:43:34 - 0:00:00 - number of examples in the dataset: 100
INFO - 11/19/25 10:43:34 - 0:00:00 - max word length: 166
INFO - 11/19/25 10:43:34 - 0:00:00 - number of unique characters in the vocabulary: 15
INFO - 11/19/25 10:43:34 - 0:00:00 - vocabulary:
INFO - 11/19/25 10:43:34 - 0:00:00 - ['V0', 'V1', 'V2', 'V3', 'V4', 'V5', 'V6', 'V7', 'V8', 'V9', 'V10', 'V11', 'V12', 'V13', 'V14']
INFO - 11/19/25 10:43:34 - 0:00:00 - split up the dataset into 90 training examples and 10 test examples
INFO - 11/19/25 10:43:34 - 0:00:00 - dataset determined that: vocab_size=16, block_size=351
INFO - 11/19/25 10:43:34 - 0:00:00 - model #params: 1635456
INFO - 11/19/25 10:43:34 - 0:00:00 - resuming from existing model
INFO - 11/19/25 10:43:34 - 0:00:00 - ============ Start of generation 11 ============
INFO - 11/19/25 10:43:34 - 0:00:00 - Memory allocated:  10.00MB, reserved: 22.00MB
INFO - 11/19/25 10:43:34 - 0:00:00 - training
INFO - 11/19/25 10:43:39 - 0:00:05 - step 0 | loss 0.0288 | step time 623.96ms
INFO - 11/19/25 10:44:08 - 0:00:34 - step 100 | loss 0.0285 | step time 286.44ms
INFO - 11/19/25 10:44:36 - 0:01:02 - step 200 | loss 0.0282 | step time 286.46ms
INFO - 11/19/25 10:45:05 - 0:01:31 - step 300 | loss 0.0290 | step time 286.17ms
INFO - 11/19/25 10:45:34 - 0:02:00 - step 400 | loss 0.0286 | step time 286.39ms
INFO - 11/19/25 10:46:02 - 0:02:28 - step 500 | loss 0.0291 | step time 286.60ms
INFO - 11/19/25 10:46:03 - 0:02:29 - step 500 train loss: 0.028521938249468803 test loss: 0.0625629648566246
INFO - 11/19/25 10:46:03 - 0:02:29 - test loss 0.0625629648566246 is the best so far, saving model to /home/yuebi/Project/dim20_run/dim20_run_2/1111/model.pt
INFO - 11/19/25 10:46:31 - 0:02:57 - step 600 | loss 0.0310 | step time 286.66ms
INFO - 11/19/25 10:47:00 - 0:03:26 - step 700 | loss 0.0282 | step time 286.34ms
INFO - 11/19/25 10:47:29 - 0:03:55 - step 800 | loss 0.0285 | step time 286.55ms
INFO - 11/19/25 10:47:57 - 0:04:23 - step 900 | loss 0.0280 | step time 286.63ms
INFO - 11/19/25 10:48:26 - 0:04:52 - step 1000 | loss 0.0283 | step time 286.22ms
INFO - 11/19/25 10:48:26 - 0:04:52 - step 1000 train loss: 0.028348084539175034 test loss: 0.14718715846538544
INFO - 11/19/25 10:48:55 - 0:05:21 - step 1100 | loss 0.0291 | step time 286.27ms
INFO - 11/19/25 10:49:23 - 0:05:49 - step 1200 | loss 0.0396 | step time 287.01ms
INFO - 11/19/25 10:49:52 - 0:06:18 - step 1300 | loss 0.0276 | step time 286.57ms
INFO - 11/19/25 10:50:21 - 0:06:47 - step 1400 | loss 0.0282 | step time 286.63ms
INFO - 11/19/25 10:50:49 - 0:07:15 - Memory allocated:  45.82MB, reserved: 3306.00MB
INFO - 11/19/25 10:50:49 - 0:07:15 - generating
INFO - 11/19/25 13:45:51 - 3:02:17 - distribution of sample lengths: average: 504.0766 max: 524
INFO - 11/19/25 13:45:51 - 3:02:17 - printed 25000 samples
INFO - 11/19/25 13:45:51 - 3:02:17 - decoding
INFO - 11/19/25 13:45:52 - 3:02:18 - Decoding complete. Check the output in /home/yuebi/Project/dim20_run/dim20_run_2/1111/transformer-output-decoded.txt
INFO - 11/19/25 13:45:52 - 3:02:18 - Memory allocated:  45.82MB, reserved: 10106.00MB
INFO - 11/19/25 13:45:52 - 3:02:18 - ============ End of generation 11 ============
INFO - 11/19/25 13:45:52 - 3:02:18 - launching search.jl
INFO - 11/19/25 13:45:52 - 3:02:18 - JULIA_NUM_THREADS is set to 1
INFO - 11/19/25 13:52:50 - 3:09:16 - distribution of scores(all rounds)
INFO - 11/19/25 13:52:50 - 3:09:16 - Score:37427384.0, Count:5
                                     
INFO - 11/19/25 13:52:50 - 3:09:16 - Score:37256720.0, Count:11
                                     
INFO - 11/19/25 13:52:50 - 3:09:16 - Score:37238772.0, Count:11
                                     
INFO - 11/19/25 13:52:50 - 3:09:16 - Score:37238350.0, Count:11
                                     
INFO - 11/19/25 13:52:50 - 3:09:16 - Score:37167948.0, Count:10
                                     
INFO - 11/19/25 13:52:50 - 3:09:16 - Score:37154980.0, Count:11
                                     
INFO - 11/19/25 13:52:50 - 3:09:16 - Score:37135190.0, Count:9
                                     
INFO - 11/19/25 13:52:50 - 3:09:16 - Score:37038400.0, Count:9
                                     
INFO - 11/19/25 13:52:50 - 3:09:16 - Score:36983900.0, Count:11
                                     
INFO - 11/19/25 13:52:50 - 3:09:16 - Score:36944550.0, Count:3
                                     
INFO - 11/19/25 13:52:50 - 3:09:16 - Score:36928260.0, Count:9
                                     
INFO - 11/19/25 13:52:50 - 3:09:16 - tokenizing
INFO - 11/19/25 13:52:50 - 3:09:16 - Loading tokenizer from /home/yuebi/Project/dim20_run/dim20_run_2/1111/tokenizer_data/tokenizer.json...
INFO - 11/19/25 13:52:50 - 3:09:16 - 0 / 100
INFO - 11/19/25 13:52:50 - 3:09:16 - number of examples in the dataset: 100
INFO - 11/19/25 13:52:50 - 3:09:16 - max word length: 166
INFO - 11/19/25 13:52:50 - 3:09:16 - number of unique characters in the vocabulary: 15
INFO - 11/19/25 13:52:50 - 3:09:16 - vocabulary:
INFO - 11/19/25 13:52:50 - 3:09:16 - ['V0', 'V1', 'V2', 'V3', 'V4', 'V5', 'V6', 'V7', 'V8', 'V9', 'V10', 'V11', 'V12', 'V13', 'V14']
INFO - 11/19/25 13:52:50 - 3:09:16 - split up the dataset into 90 training examples and 10 test examples
INFO - 11/19/25 13:52:50 - 3:09:16 - ============ Start of generation 12 ============
INFO - 11/19/25 13:52:50 - 3:09:16 - Memory allocated:  45.82MB, reserved: 10106.00MB
INFO - 11/19/25 13:52:50 - 3:09:16 - training
INFO - 11/19/25 13:52:51 - 3:09:17 - step 0 | loss 0.1519 | step time 297.30ms
INFO - 11/19/25 13:53:19 - 3:09:45 - step 100 | loss 0.0288 | step time 286.79ms
INFO - 11/19/25 13:53:48 - 3:10:14 - step 200 | loss 0.0284 | step time 286.74ms
INFO - 11/19/25 13:54:17 - 3:10:43 - step 300 | loss 0.0285 | step time 286.73ms
INFO - 11/19/25 13:54:45 - 3:11:11 - step 400 | loss 0.0291 | step time 287.40ms
INFO - 11/19/25 13:55:14 - 3:11:40 - step 500 | loss 0.0288 | step time 287.12ms
INFO - 11/19/25 13:55:14 - 3:11:40 - step 500 train loss: 0.028487037867307663 test loss: 0.0773383304476738
INFO - 11/19/25 13:55:14 - 3:11:40 - test loss 0.0773383304476738 is the best so far, saving model to /home/yuebi/Project/dim20_run/dim20_run_2/1111/model.pt
INFO - 11/19/25 13:55:43 - 3:12:09 - step 600 | loss 0.0283 | step time 287.02ms
INFO - 11/19/25 13:56:12 - 3:12:38 - step 700 | loss 0.0283 | step time 287.22ms
INFO - 11/19/25 13:56:40 - 3:13:07 - step 800 | loss 0.0288 | step time 287.29ms
INFO - 11/19/25 13:57:09 - 3:13:35 - step 900 | loss 0.0284 | step time 287.24ms
INFO - 11/19/25 13:57:38 - 3:14:04 - step 1000 | loss 0.0277 | step time 287.11ms
INFO - 11/19/25 13:57:38 - 3:14:04 - step 1000 train loss: 0.02844509668648243 test loss: 0.13709120452404022
INFO - 11/19/25 13:58:07 - 3:14:33 - step 1100 | loss 0.0275 | step time 287.07ms
INFO - 11/19/25 13:58:36 - 3:15:02 - step 1200 | loss 0.0404 | step time 287.07ms
INFO - 11/19/25 13:59:04 - 3:15:30 - step 1300 | loss 0.0283 | step time 287.25ms
INFO - 11/19/25 13:59:33 - 3:15:59 - step 1400 | loss 0.0288 | step time 287.28ms
INFO - 11/19/25 14:00:02 - 3:16:28 - Memory allocated:  45.82MB, reserved: 10106.00MB
INFO - 11/19/25 14:00:02 - 3:16:28 - generating
INFO - 11/19/25 14:13:41 - 0:00:00 - ============ Initialized logger ============
INFO - 11/19/25 14:13:41 - 0:00:00 - batch_size: 32
                                     command: python fc_loop.py --exp_name=dim20_run_2 --dump_path=/home/yuebi/Project/dim20_run --num_initial_empty_objects=800 --final_database_size=100 --target_db_size=100 --nb_local_searches=800 --max_epochs=20 --type=transformer --max-output-length=350 --sample-only=25000 --max-steps=1500 --n_tokens=15 --n-layer=8 --n-embd=128 --n-embd2=128 --exp_id=1111 --exp_id "1111"
                                     cpu: False
                                     debug: False
                                     debug_slurm: False
                                     dump_path: /home/yuebi/Project/dim20_run/dim20_run_2/1111
                                     exp_id: 1111
                                     exp_name: dim20_run_2
                                     final_database_size: 100
                                     gen_batch_size: 1000
                                     global_rank: 0
                                     is_master: True
                                     is_slurm_job: True
                                     learning_rate: 0.0005
                                     local_rank: 0
                                     master_addr: gpu-6
                                     master_port: -1
                                     max_epochs: 20
                                     max_output_length: 350
                                     max_steps: 1500
                                     multi_gpu: False
                                     multi_node: False
                                     n_embd: 128
                                     n_embd2: 128
                                     n_gpu_per_node: 1
                                     n_head: 8
                                     n_layer: 8
                                     n_nodes: 1
                                     n_tokens: 15
                                     nb_local_searches: 800
                                     nb_threads: 1
                                     node_id: 0
                                     num_initial_empty_objects: 800
                                     num_workers: 8
                                     sample_only: 25000
                                     seed: -1
                                     target_db_size: 100
                                     temperature: 1.0
                                     top_k: -1
                                     type: transformer
                                     weight_decay: 0.01
                                     world_size: 1
INFO - 11/19/25 14:13:41 - 0:00:00 - The experiment will be stored in /home/yuebi/Project/dim20_run/dim20_run_2/1111
                                     
INFO - 11/19/25 14:13:41 - 0:00:00 - Running command: python fc_loop.py --exp_name=dim20_run_2 --dump_path=/home/yuebi/Project/dim20_run --num_initial_empty_objects=800 --final_database_size=100 --target_db_size=100 --nb_local_searches=800 --max_epochs=20 --type=transformer --max-output-length=350 --sample-only=25000 --max-steps=1500 --n_tokens=15 --n-layer=8 --n-embd=128 --n-embd2=128 --exp_id=1111

WARNING - 11/19/25 14:13:41 - 0:00:00 - Signal handler installed.
INFO - 11/19/25 14:13:41 - 0:00:00 - seed: 4034281
INFO - 11/19/25 14:13:41 - 0:00:00 - initializing at generation: 12
INFO - 11/19/25 14:13:41 - 0:00:00 - number of examples in the dataset: 100
INFO - 11/19/25 14:13:41 - 0:00:00 - max word length: 166
INFO - 11/19/25 14:13:41 - 0:00:00 - number of unique characters in the vocabulary: 15
INFO - 11/19/25 14:13:41 - 0:00:00 - vocabulary:
INFO - 11/19/25 14:13:41 - 0:00:00 - ['V0', 'V1', 'V2', 'V3', 'V4', 'V5', 'V6', 'V7', 'V8', 'V9', 'V10', 'V11', 'V12', 'V13', 'V14']
INFO - 11/19/25 14:13:41 - 0:00:00 - split up the dataset into 90 training examples and 10 test examples
INFO - 11/19/25 14:13:41 - 0:00:00 - dataset determined that: vocab_size=16, block_size=351
INFO - 11/19/25 14:13:41 - 0:00:00 - model #params: 1635456
INFO - 11/19/25 14:13:41 - 0:00:00 - resuming from existing model
INFO - 11/19/25 14:13:41 - 0:00:00 - ============ Start of generation 12 ============
INFO - 11/19/25 14:13:41 - 0:00:00 - Memory allocated:  10.00MB, reserved: 22.00MB
INFO - 11/19/25 14:13:41 - 0:00:00 - training
INFO - 11/19/25 14:13:46 - 0:00:05 - step 0 | loss 0.0355 | step time 618.58ms
INFO - 11/19/25 14:14:15 - 0:00:34 - step 100 | loss 0.0290 | step time 286.68ms
INFO - 11/19/25 14:14:44 - 0:01:03 - step 200 | loss 0.0286 | step time 286.75ms
INFO - 11/19/25 14:15:12 - 0:01:32 - step 300 | loss 0.0284 | step time 286.73ms
INFO - 11/19/25 14:15:41 - 0:02:00 - step 400 | loss 0.0283 | step time 286.72ms
INFO - 11/19/25 14:16:10 - 0:02:29 - step 500 | loss 0.0501 | step time 286.47ms
INFO - 11/19/25 14:16:10 - 0:02:29 - step 500 train loss: 0.042270150035619736 test loss: 0.12436160445213318
INFO - 11/19/25 14:16:10 - 0:02:29 - test loss 0.12436160445213318 is the best so far, saving model to /home/yuebi/Project/dim20_run/dim20_run_2/1111/model.pt
INFO - 11/19/25 14:16:39 - 0:02:58 - step 600 | loss 0.0282 | step time 286.61ms
INFO - 11/19/25 14:17:07 - 0:03:26 - step 700 | loss 0.0282 | step time 286.40ms
INFO - 11/19/25 14:17:36 - 0:03:55 - step 800 | loss 0.0283 | step time 287.01ms
INFO - 11/19/25 14:18:05 - 0:04:24 - step 900 | loss 0.0290 | step time 286.73ms
INFO - 11/19/25 14:18:33 - 0:04:52 - step 1000 | loss 0.0313 | step time 286.31ms
INFO - 11/19/25 14:18:34 - 0:04:53 - step 1000 train loss: 0.0357305146753788 test loss: 0.1454622745513916
INFO - 11/19/25 14:19:02 - 0:05:21 - step 1100 | loss 0.0285 | step time 286.47ms
INFO - 11/19/25 14:19:31 - 0:05:50 - step 1200 | loss 0.0289 | step time 286.74ms
INFO - 11/19/25 14:20:00 - 0:06:19 - step 1300 | loss 0.0280 | step time 286.64ms
INFO - 11/19/25 14:20:28 - 0:06:47 - step 1400 | loss 0.0290 | step time 286.69ms
INFO - 11/19/25 14:20:57 - 0:07:16 - Memory allocated:  45.82MB, reserved: 3306.00MB
INFO - 11/19/25 14:20:57 - 0:07:16 - generating
INFO - 11/19/25 17:15:58 - 3:02:17 - distribution of sample lengths: average: 504.4872 max: 519
INFO - 11/19/25 17:15:58 - 3:02:17 - printed 25000 samples
INFO - 11/19/25 17:15:58 - 3:02:17 - decoding
INFO - 11/19/25 17:15:59 - 3:02:18 - Decoding complete. Check the output in /home/yuebi/Project/dim20_run/dim20_run_2/1111/transformer-output-decoded.txt
INFO - 11/19/25 17:15:59 - 3:02:18 - Memory allocated:  45.82MB, reserved: 10106.00MB
INFO - 11/19/25 17:15:59 - 3:02:18 - ============ End of generation 12 ============
INFO - 11/19/25 17:15:59 - 3:02:18 - launching search.jl
INFO - 11/19/25 17:15:59 - 3:02:18 - JULIA_NUM_THREADS is set to 1
INFO - 11/19/25 17:22:54 - 3:09:13 - distribution of scores(all rounds)
INFO - 11/19/25 17:22:54 - 3:09:13 - Score:37427384.0, Count:6
                                     
INFO - 11/19/25 17:22:54 - 3:09:13 - Score:37256720.0, Count:12
                                     
INFO - 11/19/25 17:22:54 - 3:09:13 - Score:37238772.0, Count:12
                                     
INFO - 11/19/25 17:22:54 - 3:09:13 - Score:37238350.0, Count:12
                                     
INFO - 11/19/25 17:22:54 - 3:09:13 - Score:37167948.0, Count:11
                                     
INFO - 11/19/25 17:22:54 - 3:09:13 - Score:37154980.0, Count:12
                                     
INFO - 11/19/25 17:22:54 - 3:09:13 - Score:37135190.0, Count:10
                                     
INFO - 11/19/25 17:22:54 - 3:09:13 - Score:37038400.0, Count:10
                                     
INFO - 11/19/25 17:22:54 - 3:09:13 - Score:36983900.0, Count:12
                                     
INFO - 11/19/25 17:22:54 - 3:09:13 - Score:36944550.0, Count:3
                                     
INFO - 11/19/25 17:22:54 - 3:09:13 - tokenizing
INFO - 11/19/25 17:22:54 - 3:09:13 - Loading tokenizer from /home/yuebi/Project/dim20_run/dim20_run_2/1111/tokenizer_data/tokenizer.json...
INFO - 11/19/25 17:22:54 - 3:09:13 - 0 / 100
INFO - 11/19/25 17:22:54 - 3:09:13 - number of examples in the dataset: 100
INFO - 11/19/25 17:22:54 - 3:09:13 - max word length: 166
INFO - 11/19/25 17:22:54 - 3:09:13 - number of unique characters in the vocabulary: 15
INFO - 11/19/25 17:22:54 - 3:09:13 - vocabulary:
INFO - 11/19/25 17:22:54 - 3:09:13 - ['V0', 'V1', 'V2', 'V3', 'V4', 'V5', 'V6', 'V7', 'V8', 'V9', 'V10', 'V11', 'V12', 'V13', 'V14']
INFO - 11/19/25 17:22:54 - 3:09:13 - split up the dataset into 90 training examples and 10 test examples
INFO - 11/19/25 17:22:54 - 3:09:13 - ============ Start of generation 13 ============
INFO - 11/19/25 17:22:54 - 3:09:13 - Memory allocated:  45.82MB, reserved: 10106.00MB
INFO - 11/19/25 17:22:54 - 3:09:13 - training
INFO - 11/19/25 17:22:54 - 3:09:13 - step 0 | loss 0.0663 | step time 294.57ms
INFO - 11/19/25 17:23:23 - 3:09:42 - step 100 | loss 0.0291 | step time 287.13ms
INFO - 11/19/25 17:23:52 - 3:10:11 - step 200 | loss 0.0287 | step time 287.06ms
INFO - 11/19/25 17:24:20 - 3:10:39 - step 300 | loss 0.0300 | step time 287.01ms
INFO - 11/19/25 17:24:49 - 3:11:08 - step 400 | loss 0.0286 | step time 286.84ms
INFO - 11/19/25 17:25:18 - 3:11:37 - step 500 | loss 0.0287 | step time 286.92ms
INFO - 11/19/25 17:25:18 - 3:11:37 - step 500 train loss: 0.028535787016153336 test loss: 0.08879724889993668
INFO - 11/19/25 17:25:18 - 3:11:37 - test loss 0.08879724889993668 is the best so far, saving model to /home/yuebi/Project/dim20_run/dim20_run_2/1111/model.pt
INFO - 11/19/25 17:25:47 - 3:12:06 - step 600 | loss 0.0363 | step time 286.86ms
INFO - 11/19/25 17:26:15 - 3:12:34 - step 700 | loss 0.0286 | step time 286.71ms
INFO - 11/19/25 17:26:44 - 3:13:03 - step 800 | loss 0.0292 | step time 286.97ms
INFO - 11/19/25 17:27:13 - 3:13:32 - step 900 | loss 0.0280 | step time 286.84ms
INFO - 11/19/25 17:27:41 - 3:14:00 - step 1000 | loss 0.0284 | step time 286.86ms
INFO - 11/19/25 17:27:42 - 3:14:01 - step 1000 train loss: 0.028492501005530357 test loss: 0.12580320239067078
INFO - 11/19/25 17:28:10 - 3:14:29 - step 1100 | loss 0.0287 | step time 286.92ms
INFO - 11/19/25 17:28:39 - 3:14:58 - step 1200 | loss 0.0276 | step time 286.88ms
INFO - 11/19/25 17:29:08 - 3:15:27 - step 1300 | loss 0.0286 | step time 287.01ms
INFO - 11/19/25 17:29:37 - 3:15:56 - step 1400 | loss 0.0288 | step time 286.88ms
INFO - 11/19/25 17:30:05 - 3:16:24 - Memory allocated:  45.82MB, reserved: 10106.00MB
INFO - 11/19/25 17:30:05 - 3:16:24 - generating
INFO - 11/19/25 17:43:49 - 0:00:00 - ============ Initialized logger ============
INFO - 11/19/25 17:43:49 - 0:00:00 - batch_size: 32
                                     command: python fc_loop.py --exp_name=dim20_run_2 --dump_path=/home/yuebi/Project/dim20_run --num_initial_empty_objects=800 --final_database_size=100 --target_db_size=100 --nb_local_searches=800 --max_epochs=20 --type=transformer --max-output-length=350 --sample-only=25000 --max-steps=1500 --n_tokens=15 --n-layer=8 --n-embd=128 --n-embd2=128 --exp_id=1111 --exp_id "1111"
                                     cpu: False
                                     debug: False
                                     debug_slurm: False
                                     dump_path: /home/yuebi/Project/dim20_run/dim20_run_2/1111
                                     exp_id: 1111
                                     exp_name: dim20_run_2
                                     final_database_size: 100
                                     gen_batch_size: 1000
                                     global_rank: 0
                                     is_master: True
                                     is_slurm_job: True
                                     learning_rate: 0.0005
                                     local_rank: 0
                                     master_addr: gpu-6
                                     master_port: -1
                                     max_epochs: 20
                                     max_output_length: 350
                                     max_steps: 1500
                                     multi_gpu: False
                                     multi_node: False
                                     n_embd: 128
                                     n_embd2: 128
                                     n_gpu_per_node: 1
                                     n_head: 8
                                     n_layer: 8
                                     n_nodes: 1
                                     n_tokens: 15
                                     nb_local_searches: 800
                                     nb_threads: 1
                                     node_id: 0
                                     num_initial_empty_objects: 800
                                     num_workers: 8
                                     sample_only: 25000
                                     seed: -1
                                     target_db_size: 100
                                     temperature: 1.0
                                     top_k: -1
                                     type: transformer
                                     weight_decay: 0.01
                                     world_size: 1
INFO - 11/19/25 17:43:49 - 0:00:00 - The experiment will be stored in /home/yuebi/Project/dim20_run/dim20_run_2/1111
                                     
INFO - 11/19/25 17:43:49 - 0:00:00 - Running command: python fc_loop.py --exp_name=dim20_run_2 --dump_path=/home/yuebi/Project/dim20_run --num_initial_empty_objects=800 --final_database_size=100 --target_db_size=100 --nb_local_searches=800 --max_epochs=20 --type=transformer --max-output-length=350 --sample-only=25000 --max-steps=1500 --n_tokens=15 --n-layer=8 --n-embd=128 --n-embd2=128 --exp_id=1111

WARNING - 11/19/25 17:43:49 - 0:00:00 - Signal handler installed.
INFO - 11/19/25 17:43:49 - 0:00:00 - seed: 955658246
INFO - 11/19/25 17:43:49 - 0:00:00 - initializing at generation: 13
INFO - 11/19/25 17:43:49 - 0:00:00 - number of examples in the dataset: 100
INFO - 11/19/25 17:43:49 - 0:00:00 - max word length: 166
INFO - 11/19/25 17:43:49 - 0:00:00 - number of unique characters in the vocabulary: 15
INFO - 11/19/25 17:43:49 - 0:00:00 - vocabulary:
INFO - 11/19/25 17:43:49 - 0:00:00 - ['V0', 'V1', 'V2', 'V3', 'V4', 'V5', 'V6', 'V7', 'V8', 'V9', 'V10', 'V11', 'V12', 'V13', 'V14']
INFO - 11/19/25 17:43:49 - 0:00:00 - split up the dataset into 90 training examples and 10 test examples
INFO - 11/19/25 17:43:49 - 0:00:00 - dataset determined that: vocab_size=16, block_size=351
INFO - 11/19/25 17:43:49 - 0:00:00 - model #params: 1635456
INFO - 11/19/25 17:43:49 - 0:00:00 - resuming from existing model
INFO - 11/19/25 17:43:49 - 0:00:00 - ============ Start of generation 13 ============
INFO - 11/19/25 17:43:49 - 0:00:00 - Memory allocated:  10.00MB, reserved: 22.00MB
INFO - 11/19/25 17:43:49 - 0:00:00 - training
INFO - 11/19/25 17:43:54 - 0:00:05 - step 0 | loss 0.0299 | step time 630.05ms
INFO - 11/19/25 17:44:23 - 0:00:34 - step 100 | loss 0.0288 | step time 286.89ms
INFO - 11/19/25 17:44:51 - 0:01:02 - step 200 | loss 0.0295 | step time 286.56ms
INFO - 11/19/25 17:45:20 - 0:01:31 - step 300 | loss 0.0283 | step time 286.51ms
INFO - 11/19/25 17:45:49 - 0:02:00 - step 400 | loss 0.0282 | step time 286.57ms
INFO - 11/19/25 17:46:17 - 0:02:28 - step 500 | loss 0.0290 | step time 286.82ms
INFO - 11/19/25 17:46:18 - 0:02:29 - step 500 train loss: 0.028580302372574806 test loss: 0.1040772870182991
INFO - 11/19/25 17:46:18 - 0:02:29 - test loss 0.1040772870182991 is the best so far, saving model to /home/yuebi/Project/dim20_run/dim20_run_2/1111/model.pt
INFO - 11/19/25 17:46:46 - 0:02:57 - step 600 | loss 0.0283 | step time 286.98ms
INFO - 11/19/25 17:47:15 - 0:03:26 - step 700 | loss 0.0280 | step time 286.47ms
INFO - 11/19/25 17:47:44 - 0:03:55 - step 800 | loss 0.0286 | step time 286.88ms
INFO - 11/19/25 17:48:12 - 0:04:23 - step 900 | loss 0.0323 | step time 286.75ms
INFO - 11/19/25 17:48:41 - 0:04:52 - step 1000 | loss 0.0284 | step time 286.47ms
INFO - 11/19/25 17:48:41 - 0:04:52 - step 1000 train loss: 0.02831670083105564 test loss: 0.1849721074104309
INFO - 11/19/25 17:49:10 - 0:05:21 - step 1100 | loss 0.0284 | step time 286.45ms
INFO - 11/19/25 17:49:38 - 0:05:50 - step 1200 | loss 0.0287 | step time 286.85ms
INFO - 11/19/25 17:50:07 - 0:06:18 - step 1300 | loss 0.0279 | step time 286.95ms
INFO - 11/19/25 17:50:36 - 0:06:47 - step 1400 | loss 0.0280 | step time 286.53ms
INFO - 11/19/25 17:51:04 - 0:07:15 - Memory allocated:  45.82MB, reserved: 3306.00MB
INFO - 11/19/25 17:51:04 - 0:07:15 - generating
INFO - 11/19/25 20:46:14 - 3:02:25 - distribution of sample lengths: average: 505.39064 max: 518
INFO - 11/19/25 20:46:14 - 3:02:25 - printed 25000 samples
INFO - 11/19/25 20:46:14 - 3:02:25 - decoding
INFO - 11/19/25 20:46:14 - 3:02:26 - Decoding complete. Check the output in /home/yuebi/Project/dim20_run/dim20_run_2/1111/transformer-output-decoded.txt
INFO - 11/19/25 20:46:14 - 3:02:26 - Memory allocated:  45.82MB, reserved: 10106.00MB
INFO - 11/19/25 20:46:14 - 3:02:26 - ============ End of generation 13 ============
INFO - 11/19/25 20:46:14 - 3:02:26 - launching search.jl
INFO - 11/19/25 20:46:14 - 3:02:26 - JULIA_NUM_THREADS is set to 1
INFO - 11/19/25 20:53:17 - 3:09:28 - distribution of scores(all rounds)
INFO - 11/19/25 20:53:17 - 3:09:28 - Score:37427384.0, Count:7
                                     
INFO - 11/19/25 20:53:17 - 3:09:28 - Score:37256720.0, Count:13
                                     
INFO - 11/19/25 20:53:17 - 3:09:28 - Score:37238772.0, Count:13
                                     
INFO - 11/19/25 20:53:17 - 3:09:28 - Score:37238350.0, Count:13
                                     
INFO - 11/19/25 20:53:17 - 3:09:28 - Score:37167948.0, Count:12
                                     
INFO - 11/19/25 20:53:17 - 3:09:28 - Score:37154980.0, Count:13
                                     
INFO - 11/19/25 20:53:17 - 3:09:28 - Score:37135190.0, Count:11
                                     
INFO - 11/19/25 20:53:17 - 3:09:28 - Score:37048050.0, Count:1
                                     
INFO - 11/19/25 20:53:17 - 3:09:28 - Score:37038400.0, Count:11
                                     
INFO - 11/19/25 20:53:17 - 3:09:28 - Score:36983900.0, Count:6
                                     
INFO - 11/19/25 20:53:17 - 3:09:28 - tokenizing
INFO - 11/19/25 20:53:17 - 3:09:28 - Loading tokenizer from /home/yuebi/Project/dim20_run/dim20_run_2/1111/tokenizer_data/tokenizer.json...
INFO - 11/19/25 20:53:17 - 3:09:28 - 0 / 100
INFO - 11/19/25 20:53:17 - 3:09:28 - number of examples in the dataset: 100
INFO - 11/19/25 20:53:17 - 3:09:28 - max word length: 166
INFO - 11/19/25 20:53:17 - 3:09:28 - number of unique characters in the vocabulary: 15
INFO - 11/19/25 20:53:17 - 3:09:28 - vocabulary:
INFO - 11/19/25 20:53:17 - 3:09:28 - ['V0', 'V1', 'V2', 'V3', 'V4', 'V5', 'V6', 'V7', 'V8', 'V9', 'V10', 'V11', 'V12', 'V13', 'V14']
INFO - 11/19/25 20:53:17 - 3:09:28 - split up the dataset into 90 training examples and 10 test examples
INFO - 11/19/25 20:53:17 - 3:09:28 - ============ Start of generation 14 ============
INFO - 11/19/25 20:53:17 - 3:09:28 - Memory allocated:  45.82MB, reserved: 10106.00MB
INFO - 11/19/25 20:53:17 - 3:09:28 - training
INFO - 11/19/25 20:53:18 - 3:09:29 - step 0 | loss 0.0581 | step time 296.92ms
INFO - 11/19/25 20:53:46 - 3:09:57 - step 100 | loss 0.0277 | step time 287.27ms
INFO - 11/19/25 20:54:15 - 3:10:26 - step 200 | loss 0.0283 | step time 287.15ms
INFO - 11/19/25 20:54:44 - 3:10:55 - step 300 | loss 0.0291 | step time 287.26ms
INFO - 11/19/25 20:55:12 - 3:11:24 - step 400 | loss 0.0288 | step time 287.28ms
INFO - 11/19/25 20:55:41 - 3:11:52 - step 500 | loss 0.0288 | step time 286.97ms
INFO - 11/19/25 20:55:42 - 3:11:53 - step 500 train loss: 0.02837231568992138 test loss: 0.15288662910461426
INFO - 11/19/25 20:55:42 - 3:11:53 - test loss 0.15288662910461426 is the best so far, saving model to /home/yuebi/Project/dim20_run/dim20_run_2/1111/model.pt
INFO - 11/19/25 20:56:10 - 3:12:21 - step 600 | loss 0.0280 | step time 287.13ms
INFO - 11/19/25 20:56:39 - 3:12:50 - step 700 | loss 0.0283 | step time 287.15ms
INFO - 11/19/25 20:57:08 - 3:13:19 - step 800 | loss 0.0284 | step time 287.10ms
INFO - 11/19/25 20:57:36 - 3:13:47 - step 900 | loss 0.0282 | step time 287.29ms
INFO - 11/19/25 20:58:05 - 3:14:16 - step 1000 | loss 0.0286 | step time 287.15ms
INFO - 11/19/25 20:58:05 - 3:14:16 - step 1000 train loss: 0.028533831238746643 test loss: 0.14650367200374603
INFO - 11/19/25 20:58:05 - 3:14:16 - test loss 0.14650367200374603 is the best so far, saving model to /home/yuebi/Project/dim20_run/dim20_run_2/1111/model.pt
INFO - 11/19/25 20:58:34 - 3:14:45 - step 1100 | loss 0.0320 | step time 287.05ms
INFO - 11/19/25 20:59:03 - 3:15:14 - step 1200 | loss 0.0282 | step time 286.96ms
INFO - 11/19/25 20:59:32 - 3:15:43 - step 1300 | loss 0.0289 | step time 286.64ms
INFO - 11/19/25 21:00:00 - 3:16:11 - step 1400 | loss 0.0280 | step time 286.88ms
INFO - 11/19/25 21:00:29 - 3:16:40 - Memory allocated:  45.82MB, reserved: 10106.00MB
INFO - 11/19/25 21:00:29 - 3:16:40 - generating
INFO - 11/19/25 21:13:52 - 0:00:00 - ============ Initialized logger ============
INFO - 11/19/25 21:13:52 - 0:00:00 - batch_size: 32
                                     command: python fc_loop.py --exp_name=dim20_run_2 --dump_path=/home/yuebi/Project/dim20_run --num_initial_empty_objects=800 --final_database_size=100 --target_db_size=100 --nb_local_searches=800 --max_epochs=20 --type=transformer --max-output-length=350 --sample-only=25000 --max-steps=1500 --n_tokens=15 --n-layer=8 --n-embd=128 --n-embd2=128 --exp_id=1111 --exp_id "1111"
                                     cpu: False
                                     debug: False
                                     debug_slurm: False
                                     dump_path: /home/yuebi/Project/dim20_run/dim20_run_2/1111
                                     exp_id: 1111
                                     exp_name: dim20_run_2
                                     final_database_size: 100
                                     gen_batch_size: 1000
                                     global_rank: 0
                                     is_master: True
                                     is_slurm_job: True
                                     learning_rate: 0.0005
                                     local_rank: 0
                                     master_addr: gpu-6
                                     master_port: -1
                                     max_epochs: 20
                                     max_output_length: 350
                                     max_steps: 1500
                                     multi_gpu: False
                                     multi_node: False
                                     n_embd: 128
                                     n_embd2: 128
                                     n_gpu_per_node: 1
                                     n_head: 8
                                     n_layer: 8
                                     n_nodes: 1
                                     n_tokens: 15
                                     nb_local_searches: 800
                                     nb_threads: 1
                                     node_id: 0
                                     num_initial_empty_objects: 800
                                     num_workers: 8
                                     sample_only: 25000
                                     seed: -1
                                     target_db_size: 100
                                     temperature: 1.0
                                     top_k: -1
                                     type: transformer
                                     weight_decay: 0.01
                                     world_size: 1
INFO - 11/19/25 21:13:52 - 0:00:00 - The experiment will be stored in /home/yuebi/Project/dim20_run/dim20_run_2/1111
                                     
INFO - 11/19/25 21:13:52 - 0:00:00 - Running command: python fc_loop.py --exp_name=dim20_run_2 --dump_path=/home/yuebi/Project/dim20_run --num_initial_empty_objects=800 --final_database_size=100 --target_db_size=100 --nb_local_searches=800 --max_epochs=20 --type=transformer --max-output-length=350 --sample-only=25000 --max-steps=1500 --n_tokens=15 --n-layer=8 --n-embd=128 --n-embd2=128 --exp_id=1111

WARNING - 11/19/25 21:13:52 - 0:00:00 - Signal handler installed.
INFO - 11/19/25 21:13:52 - 0:00:00 - seed: 158605563
INFO - 11/19/25 21:13:52 - 0:00:00 - initializing at generation: 14
INFO - 11/19/25 21:13:52 - 0:00:00 - number of examples in the dataset: 100
INFO - 11/19/25 21:13:52 - 0:00:00 - max word length: 166
INFO - 11/19/25 21:13:52 - 0:00:00 - number of unique characters in the vocabulary: 15
INFO - 11/19/25 21:13:52 - 0:00:00 - vocabulary:
INFO - 11/19/25 21:13:52 - 0:00:00 - ['V0', 'V1', 'V2', 'V3', 'V4', 'V5', 'V6', 'V7', 'V8', 'V9', 'V10', 'V11', 'V12', 'V13', 'V14']
INFO - 11/19/25 21:13:52 - 0:00:00 - split up the dataset into 90 training examples and 10 test examples
INFO - 11/19/25 21:13:52 - 0:00:00 - dataset determined that: vocab_size=16, block_size=351
INFO - 11/19/25 21:13:52 - 0:00:00 - model #params: 1635456
INFO - 11/19/25 21:13:52 - 0:00:00 - resuming from existing model
INFO - 11/19/25 21:13:52 - 0:00:00 - ============ Start of generation 14 ============
INFO - 11/19/25 21:13:52 - 0:00:00 - Memory allocated:  10.00MB, reserved: 22.00MB
INFO - 11/19/25 21:13:52 - 0:00:00 - training
INFO - 11/19/25 21:13:57 - 0:00:05 - step 0 | loss 0.0335 | step time 619.54ms
INFO - 11/19/25 21:14:26 - 0:00:34 - step 100 | loss 0.0288 | step time 287.09ms
INFO - 11/19/25 21:14:54 - 0:01:02 - step 200 | loss 0.0282 | step time 287.07ms
INFO - 11/19/25 21:15:23 - 0:01:31 - step 300 | loss 0.0288 | step time 286.91ms
INFO - 11/19/25 21:15:52 - 0:02:00 - step 400 | loss 0.0286 | step time 287.26ms
INFO - 11/19/25 21:16:20 - 0:02:28 - step 500 | loss 0.0285 | step time 287.27ms
INFO - 11/19/25 21:16:21 - 0:02:29 - step 500 train loss: 0.02854173444211483 test loss: 0.06740924715995789
INFO - 11/19/25 21:16:21 - 0:02:29 - test loss 0.06740924715995789 is the best so far, saving model to /home/yuebi/Project/dim20_run/dim20_run_2/1111/model.pt
INFO - 11/19/25 21:16:49 - 0:02:57 - step 600 | loss 0.0300 | step time 286.84ms
INFO - 11/19/25 21:17:18 - 0:03:26 - step 700 | loss 0.0283 | step time 287.53ms
INFO - 11/19/25 21:17:47 - 0:03:55 - step 800 | loss 0.0284 | step time 286.62ms
INFO - 11/19/25 21:18:16 - 0:04:24 - step 900 | loss 0.0283 | step time 287.17ms
INFO - 11/19/25 21:18:44 - 0:04:52 - step 1000 | loss 0.0286 | step time 287.20ms
INFO - 11/19/25 21:18:45 - 0:04:53 - step 1000 train loss: 0.02837437577545643 test loss: 0.13870775699615479
INFO - 11/19/25 21:19:13 - 0:05:21 - step 1100 | loss 0.0278 | step time 287.24ms
INFO - 11/19/25 21:19:42 - 0:05:50 - step 1200 | loss 0.0292 | step time 287.17ms
INFO - 11/19/25 21:20:11 - 0:06:19 - step 1300 | loss 0.0280 | step time 286.84ms
INFO - 11/19/25 21:20:39 - 0:06:47 - step 1400 | loss 0.0279 | step time 287.23ms
INFO - 11/19/25 21:21:08 - 0:07:16 - Memory allocated:  45.82MB, reserved: 3306.00MB
INFO - 11/19/25 21:21:08 - 0:07:16 - generating
INFO - 11/20/25 00:16:15 - 3:02:23 - distribution of sample lengths: average: 504.53288 max: 530
INFO - 11/20/25 00:16:15 - 3:02:23 - printed 25000 samples
INFO - 11/20/25 00:16:15 - 3:02:23 - decoding
INFO - 11/20/25 00:16:16 - 3:02:24 - Decoding complete. Check the output in /home/yuebi/Project/dim20_run/dim20_run_2/1111/transformer-output-decoded.txt
INFO - 11/20/25 00:16:16 - 3:02:24 - Memory allocated:  45.82MB, reserved: 10106.00MB
INFO - 11/20/25 00:16:16 - 3:02:24 - ============ End of generation 14 ============
INFO - 11/20/25 00:16:16 - 3:02:24 - launching search.jl
INFO - 11/20/25 00:16:16 - 3:02:24 - JULIA_NUM_THREADS is set to 1
INFO - 11/20/25 00:23:14 - 3:09:22 - distribution of scores(all rounds)
INFO - 11/20/25 00:23:14 - 3:09:22 - Score:37427384.0, Count:8
                                     
INFO - 11/20/25 00:23:14 - 3:09:22 - Score:37256720.0, Count:14
                                     
INFO - 11/20/25 00:23:14 - 3:09:22 - Score:37238772.0, Count:14
                                     
INFO - 11/20/25 00:23:14 - 3:09:22 - Score:37238350.0, Count:14
                                     
INFO - 11/20/25 00:23:14 - 3:09:22 - Score:37167948.0, Count:13
                                     
INFO - 11/20/25 00:23:14 - 3:09:22 - Score:37154980.0, Count:14
                                     
INFO - 11/20/25 00:23:14 - 3:09:22 - Score:37135190.0, Count:12
                                     
INFO - 11/20/25 00:23:14 - 3:09:22 - Score:37048050.0, Count:2
                                     
INFO - 11/20/25 00:23:14 - 3:09:22 - Score:37038400.0, Count:9
                                     
INFO - 11/20/25 00:23:14 - 3:09:22 - tokenizing
INFO - 11/20/25 00:23:14 - 3:09:22 - Loading tokenizer from /home/yuebi/Project/dim20_run/dim20_run_2/1111/tokenizer_data/tokenizer.json...
INFO - 11/20/25 00:23:14 - 3:09:22 - 0 / 100
INFO - 11/20/25 00:23:14 - 3:09:22 - number of examples in the dataset: 100
INFO - 11/20/25 00:23:14 - 3:09:22 - max word length: 166
INFO - 11/20/25 00:23:14 - 3:09:22 - number of unique characters in the vocabulary: 15
INFO - 11/20/25 00:23:14 - 3:09:22 - vocabulary:
INFO - 11/20/25 00:23:14 - 3:09:22 - ['V0', 'V1', 'V2', 'V3', 'V4', 'V5', 'V6', 'V7', 'V8', 'V9', 'V10', 'V11', 'V12', 'V13', 'V14']
INFO - 11/20/25 00:23:14 - 3:09:22 - split up the dataset into 90 training examples and 10 test examples
INFO - 11/20/25 00:23:14 - 3:09:22 - ============ Start of generation 15 ============
INFO - 11/20/25 00:23:14 - 3:09:22 - Memory allocated:  45.82MB, reserved: 10106.00MB
INFO - 11/20/25 00:23:14 - 3:09:22 - training
INFO - 11/20/25 00:23:14 - 3:09:22 - step 0 | loss 0.1402 | step time 295.56ms
INFO - 11/20/25 00:23:43 - 3:09:51 - step 100 | loss 0.0299 | step time 285.98ms
INFO - 11/20/25 00:24:11 - 3:10:19 - step 200 | loss 0.0290 | step time 286.04ms
INFO - 11/20/25 00:24:40 - 3:10:48 - step 300 | loss 0.0286 | step time 286.04ms
INFO - 11/20/25 00:25:09 - 3:11:17 - step 400 | loss 0.0286 | step time 286.01ms
INFO - 11/20/25 00:25:37 - 3:11:45 - step 500 | loss 0.0292 | step time 286.08ms
INFO - 11/20/25 00:25:37 - 3:11:45 - step 500 train loss: 0.028765402734279633 test loss: 0.08684077858924866
INFO - 11/20/25 00:25:37 - 3:11:45 - test loss 0.08684077858924866 is the best so far, saving model to /home/yuebi/Project/dim20_run/dim20_run_2/1111/model.pt
INFO - 11/20/25 00:26:06 - 3:12:14 - step 600 | loss 0.0286 | step time 286.03ms
INFO - 11/20/25 00:26:35 - 3:12:43 - step 700 | loss 0.0286 | step time 286.02ms
INFO - 11/20/25 00:27:03 - 3:13:11 - step 800 | loss 0.0280 | step time 286.48ms
INFO - 11/20/25 00:27:32 - 3:13:40 - step 900 | loss 0.0287 | step time 286.32ms
INFO - 11/20/25 00:28:01 - 3:14:09 - step 1000 | loss 0.0279 | step time 286.92ms
INFO - 11/20/25 00:28:01 - 3:14:09 - step 1000 train loss: 0.028467390686273575 test loss: 0.15649133920669556
INFO - 11/20/25 00:28:30 - 3:14:38 - step 1100 | loss 0.0290 | step time 287.19ms
INFO - 11/20/25 00:28:58 - 3:15:06 - step 1200 | loss 0.0284 | step time 286.32ms
INFO - 11/20/25 00:29:27 - 3:15:35 - step 1300 | loss 0.0280 | step time 286.99ms
INFO - 11/20/25 00:29:56 - 3:16:04 - step 1400 | loss 0.0280 | step time 286.33ms
INFO - 11/20/25 00:30:24 - 3:16:32 - Memory allocated:  45.82MB, reserved: 10106.00MB
INFO - 11/20/25 00:30:24 - 3:16:32 - generating
