INFO - 11/14/25 13:15:23 - 0:00:00 - ============ Initialized logger ============
INFO - 11/14/25 13:15:23 - 0:00:00 - batch_size: 32
                                     command: python fc_loop.py --exp_name=dim16_run_9 --dump_path=/home/yuebi/Project/dim16_run --num_initial_empty_objects=100 --final_database_size=100 --target_db_size=100 --nb_local_searches=800 --max_epochs=20 --type=transformer --max-output-length=271 --sample-only=1000 --max-steps=1000 --n_tokens=15 --n-layer=8 --n-embd=128 --n-embd2=128 --exp_id=1111 --exp_id "1111"
                                     cpu: False
                                     debug: False
                                     debug_slurm: False
                                     dump_path: /home/yuebi/Project/dim16_run/dim16_run_9/1111
                                     exp_id: 1111
                                     exp_name: dim16_run_9
                                     final_database_size: 100
                                     gen_batch_size: 1000
                                     global_rank: 0
                                     is_master: True
                                     is_slurm_job: True
                                     learning_rate: 0.0005
                                     local_rank: 0
                                     master_addr: gpu-6
                                     master_port: -1
                                     max_epochs: 20
                                     max_output_length: 271
                                     max_steps: 1000
                                     multi_gpu: False
                                     multi_node: False
                                     n_embd: 128
                                     n_embd2: 128
                                     n_gpu_per_node: 1
                                     n_head: 8
                                     n_layer: 8
                                     n_nodes: 1
                                     n_tokens: 15
                                     nb_local_searches: 800
                                     nb_threads: 1
                                     node_id: 0
                                     num_initial_empty_objects: 100
                                     num_workers: 8
                                     sample_only: 1000
                                     seed: -1
                                     target_db_size: 100
                                     temperature: 1.0
                                     top_k: -1
                                     type: transformer
                                     weight_decay: 0.01
                                     world_size: 1
INFO - 11/14/25 13:15:23 - 0:00:00 - The experiment will be stored in /home/yuebi/Project/dim16_run/dim16_run_9/1111
                                     
INFO - 11/14/25 13:15:23 - 0:00:00 - Running command: python fc_loop.py --exp_name=dim16_run_9 --dump_path=/home/yuebi/Project/dim16_run --num_initial_empty_objects=100 --final_database_size=100 --target_db_size=100 --nb_local_searches=800 --max_epochs=20 --type=transformer --max-output-length=271 --sample-only=1000 --max-steps=1000 --n_tokens=15 --n-layer=8 --n-embd=128 --n-embd2=128 --exp_id=1111

WARNING - 11/14/25 13:15:23 - 0:00:00 - Signal handler installed.
INFO - 11/14/25 13:15:23 - 0:00:00 - seed: 204561233
INFO - 11/14/25 13:15:23 - 0:00:00 - JULIA_NUM_THREADS is set to 1
INFO - 11/14/25 13:15:34 - 0:00:10 - Created /home/yuebi/Project/dim16_run/dim16_run_9/1111/temp.txt and training tokenizer...
INFO - 11/14/25 13:15:34 - 0:00:10 - Directory '/home/yuebi/Project/dim16_run/dim16_run_9/1111/tokenizer_data' created.
INFO - 11/14/25 13:15:34 - 0:00:10 - File '/home/yuebi/Project/dim16_run/dim16_run_9/1111/temp.txt' has been deleted.
INFO - 11/14/25 13:15:34 - 0:00:10 - 0 / 100
INFO - 11/14/25 13:15:34 - 0:00:10 - initializing at generation: 1
INFO - 11/14/25 13:15:34 - 0:00:10 - number of examples in the dataset: 100
INFO - 11/14/25 13:15:34 - 0:00:10 - max word length: 113
INFO - 11/14/25 13:15:34 - 0:00:10 - number of unique characters in the vocabulary: 15
INFO - 11/14/25 13:15:34 - 0:00:10 - vocabulary:
INFO - 11/14/25 13:15:34 - 0:00:10 - ['V0', 'V1', 'V2', 'V3', 'V4', 'V5', 'V6', 'V7', 'V8', 'V9', 'V10', 'V11', 'V12', 'V13', 'V14']
INFO - 11/14/25 13:15:34 - 0:00:10 - split up the dataset into 90 training examples and 10 test examples
INFO - 11/14/25 13:15:34 - 0:00:10 - dataset determined that: vocab_size=16, block_size=272
INFO - 11/14/25 13:15:34 - 0:00:10 - model #params: 1625344
INFO - 11/14/25 13:15:34 - 0:00:10 - ============ Start of generation 1 ============
INFO - 11/14/25 13:15:34 - 0:00:10 - Memory allocated:  8.46MB, reserved: 10.00MB
INFO - 11/14/25 13:15:34 - 0:00:10 - training
INFO - 11/14/25 13:15:39 - 0:00:16 - step 0 | loss 2.9614 | step time 592.75ms
INFO - 11/14/25 13:16:05 - 0:00:41 - step 100 | loss 1.6623 | step time 257.05ms
INFO - 11/14/25 13:16:30 - 0:01:07 - step 200 | loss 0.3984 | step time 256.97ms
INFO - 11/14/25 13:16:56 - 0:01:33 - step 300 | loss 0.0529 | step time 256.96ms
INFO - 11/14/25 13:17:22 - 0:01:58 - step 400 | loss 0.0501 | step time 257.25ms
INFO - 11/14/25 13:17:47 - 0:02:24 - step 500 | loss 0.0465 | step time 256.98ms
INFO - 11/14/25 13:17:48 - 0:02:24 - step 500 train loss: 0.047166116535663605 test loss: 6.43224573135376
INFO - 11/14/25 13:17:48 - 0:02:24 - test loss 6.43224573135376 is the best so far, saving model to /home/yuebi/Project/dim16_run/dim16_run_9/1111/model.pt
INFO - 11/14/25 13:18:13 - 0:02:50 - step 600 | loss 0.0481 | step time 257.00ms
INFO - 11/14/25 13:18:39 - 0:03:16 - step 700 | loss 0.0451 | step time 257.02ms
INFO - 11/14/25 13:19:05 - 0:03:41 - step 800 | loss 0.0451 | step time 256.93ms
INFO - 11/14/25 13:19:30 - 0:04:07 - step 900 | loss 0.0448 | step time 256.97ms
INFO - 11/14/25 13:19:56 - 0:04:33 - Memory allocated:  43.97MB, reserved: 2272.00MB
INFO - 11/14/25 13:19:56 - 0:04:33 - generating
INFO - 11/14/25 13:24:34 - 0:09:11 - distribution of sample lengths: average: 335.072 max: 356
INFO - 11/14/25 13:24:34 - 0:09:11 - printed 1000 samples
INFO - 11/14/25 13:24:34 - 0:09:11 - decoding
INFO - 11/14/25 13:24:34 - 0:09:11 - Decoding complete. Check the output in /home/yuebi/Project/dim16_run/dim16_run_9/1111/transformer-output-decoded.txt
INFO - 11/14/25 13:24:34 - 0:09:11 - Memory allocated:  43.97MB, reserved: 7644.00MB
INFO - 11/14/25 13:24:34 - 0:09:11 - ============ End of generation 1 ============
INFO - 11/14/25 13:24:34 - 0:09:11 - launching search.jl
INFO - 11/14/25 13:24:34 - 0:09:11 - JULIA_NUM_THREADS is set to 1
INFO - 11/14/25 13:24:47 - 0:09:24 - distribution of scores(all rounds)
INFO - 11/14/25 13:24:47 - 0:09:24 - Score:327680.0, Count:1
                                     
INFO - 11/14/25 13:24:47 - 0:09:24 - Score:299008.0, Count:1
                                     
INFO - 11/14/25 13:24:47 - 0:09:24 - Score:258560.0, Count:1
                                     
INFO - 11/14/25 13:24:47 - 0:09:24 - Score:257664.0, Count:1
                                     
INFO - 11/14/25 13:24:47 - 0:09:24 - Score:256512.0, Count:1
                                     
INFO - 11/14/25 13:24:47 - 0:09:24 - Score:256000.0, Count:1
                                     
INFO - 11/14/25 13:24:47 - 0:09:24 - Score:252928.0, Count:1
                                     
INFO - 11/14/25 13:24:47 - 0:09:24 - Score:252416.0, Count:2
                                     
INFO - 11/14/25 13:24:47 - 0:09:24 - Score:251904.0, Count:1
                                     
INFO - 11/14/25 13:24:47 - 0:09:24 - Score:246960.0, Count:1
                                     
INFO - 11/14/25 13:24:47 - 0:09:24 - Score:245760.0, Count:1
                                     
INFO - 11/14/25 13:24:47 - 0:09:24 - Score:245248.0, Count:1
                                     
INFO - 11/14/25 13:24:47 - 0:09:24 - Score:245209.0, Count:1
                                     
INFO - 11/14/25 13:24:47 - 0:09:24 - Score:241920.0, Count:1
                                     
INFO - 11/14/25 13:24:47 - 0:09:24 - Score:240352.0, Count:1
                                     
INFO - 11/14/25 13:24:47 - 0:09:24 - Score:237760.0, Count:1
                                     
INFO - 11/14/25 13:24:47 - 0:09:24 - Score:237696.0, Count:1
                                     
INFO - 11/14/25 13:24:47 - 0:09:24 - Score:237312.0, Count:1
                                     
INFO - 11/14/25 13:24:47 - 0:09:24 - Score:236032.0, Count:1
                                     
INFO - 11/14/25 13:24:47 - 0:09:24 - Score:235008.0, Count:1
                                     
INFO - 11/14/25 13:24:47 - 0:09:24 - Score:234880.0, Count:1
                                     
INFO - 11/14/25 13:24:47 - 0:09:24 - Score:234576.0, Count:1
                                     
INFO - 11/14/25 13:24:47 - 0:09:24 - Score:234112.0, Count:1
                                     
INFO - 11/14/25 13:24:47 - 0:09:24 - Score:233440.0, Count:1
                                     
INFO - 11/14/25 13:24:47 - 0:09:24 - Score:232896.0, Count:1
                                     
INFO - 11/14/25 13:24:47 - 0:09:24 - Score:231992.0, Count:1
                                     
INFO - 11/14/25 13:24:47 - 0:09:24 - Score:231225.0, Count:1
                                     
INFO - 11/14/25 13:24:47 - 0:09:24 - Score:230396.0, Count:1
                                     
INFO - 11/14/25 13:24:47 - 0:09:24 - Score:229512.0, Count:1
                                     
INFO - 11/14/25 13:24:47 - 0:09:24 - Score:228672.0, Count:1
                                     
INFO - 11/14/25 13:24:47 - 0:09:24 - Score:228200.0, Count:1
                                     
INFO - 11/14/25 13:24:47 - 0:09:24 - Score:227020.0, Count:1
                                     
INFO - 11/14/25 13:24:47 - 0:09:24 - Score:224452.0, Count:1
                                     
INFO - 11/14/25 13:24:47 - 0:09:24 - Score:224224.0, Count:1
                                     
INFO - 11/14/25 13:24:47 - 0:09:24 - Score:223332.0, Count:1
                                     
INFO - 11/14/25 13:24:47 - 0:09:24 - Score:223144.0, Count:1
                                     
INFO - 11/14/25 13:24:47 - 0:09:24 - Score:221764.0, Count:1
                                     
INFO - 11/14/25 13:24:47 - 0:09:24 - Score:220774.0, Count:1
                                     
INFO - 11/14/25 13:24:47 - 0:09:24 - Score:219540.0, Count:1
                                     
INFO - 11/14/25 13:24:47 - 0:09:24 - Score:219352.0, Count:1
                                     
INFO - 11/14/25 13:24:47 - 0:09:24 - Score:219245.0, Count:1
                                     
INFO - 11/14/25 13:24:47 - 0:09:24 - Score:218416.0, Count:1
                                     
INFO - 11/14/25 13:24:47 - 0:09:24 - Score:218400.0, Count:1
                                     
INFO - 11/14/25 13:24:47 - 0:09:24 - Score:217848.0, Count:1
                                     
INFO - 11/14/25 13:24:47 - 0:09:24 - Score:217600.0, Count:1
                                     
INFO - 11/14/25 13:24:47 - 0:09:24 - Score:217511.0, Count:1
                                     
INFO - 11/14/25 13:24:47 - 0:09:24 - Score:216724.0, Count:1
                                     
INFO - 11/14/25 13:24:47 - 0:09:24 - Score:216304.0, Count:1
                                     
INFO - 11/14/25 13:24:47 - 0:09:24 - Score:216128.0, Count:1
                                     
INFO - 11/14/25 13:24:47 - 0:09:24 - Score:215861.0, Count:1
                                     
INFO - 11/14/25 13:24:47 - 0:09:24 - Score:215388.0, Count:1
                                     
INFO - 11/14/25 13:24:47 - 0:09:24 - Score:214592.0, Count:1
                                     
INFO - 11/14/25 13:24:47 - 0:09:24 - Score:214272.0, Count:1
                                     
INFO - 11/14/25 13:24:47 - 0:09:24 - Score:213883.0, Count:1
                                     
INFO - 11/14/25 13:24:47 - 0:09:24 - Score:213620.0, Count:1
                                     
INFO - 11/14/25 13:24:47 - 0:09:24 - Score:213408.0, Count:1
                                     
INFO - 11/14/25 13:24:47 - 0:09:24 - Score:211968.0, Count:1
                                     
INFO - 11/14/25 13:24:47 - 0:09:24 - Score:211216.0, Count:1
                                     
INFO - 11/14/25 13:24:47 - 0:09:24 - Score:209632.0, Count:1
                                     
INFO - 11/14/25 13:24:47 - 0:09:24 - Score:209266.0, Count:1
                                     
INFO - 11/14/25 13:24:47 - 0:09:24 - Score:209248.0, Count:1
                                     
INFO - 11/14/25 13:24:47 - 0:09:24 - Score:208824.0, Count:1
                                     
INFO - 11/14/25 13:24:47 - 0:09:24 - Score:208752.0, Count:1
                                     
INFO - 11/14/25 13:24:47 - 0:09:24 - Score:208336.0, Count:1
                                     
INFO - 11/14/25 13:24:47 - 0:09:24 - Score:207732.0, Count:1
                                     
INFO - 11/14/25 13:24:47 - 0:09:24 - Score:206989.0, Count:1
                                     
INFO - 11/14/25 13:24:47 - 0:09:24 - Score:206798.0, Count:1
                                     
INFO - 11/14/25 13:24:47 - 0:09:24 - Score:205600.0, Count:1
                                     
INFO - 11/14/25 13:24:47 - 0:09:24 - Score:205275.0, Count:1
                                     
INFO - 11/14/25 13:24:47 - 0:09:24 - Score:203874.0, Count:1
                                     
INFO - 11/14/25 13:24:47 - 0:09:24 - Score:203740.0, Count:1
                                     
INFO - 11/14/25 13:24:47 - 0:09:24 - Score:203736.0, Count:1
                                     
INFO - 11/14/25 13:24:47 - 0:09:24 - Score:202840.0, Count:1
                                     
INFO - 11/14/25 13:24:47 - 0:09:24 - Score:202830.0, Count:1
                                     
INFO - 11/14/25 13:24:47 - 0:09:24 - Score:202120.0, Count:1
                                     
INFO - 11/14/25 13:24:47 - 0:09:24 - Score:201816.0, Count:1
                                     
INFO - 11/14/25 13:24:47 - 0:09:24 - Score:200907.0, Count:1
                                     
INFO - 11/14/25 13:24:47 - 0:09:24 - Score:200760.0, Count:1
                                     
INFO - 11/14/25 13:24:47 - 0:09:24 - Score:200466.0, Count:1
                                     
INFO - 11/14/25 13:24:47 - 0:09:24 - Score:200342.0, Count:1
                                     
INFO - 11/14/25 13:24:47 - 0:09:24 - Score:200192.0, Count:1
                                     
INFO - 11/14/25 13:24:47 - 0:09:24 - Score:197767.0, Count:1
                                     
INFO - 11/14/25 13:24:47 - 0:09:24 - Score:197460.0, Count:1
                                     
INFO - 11/14/25 13:24:47 - 0:09:24 - Score:196840.0, Count:1
                                     
INFO - 11/14/25 13:24:47 - 0:09:24 - Score:196192.0, Count:1
                                     
INFO - 11/14/25 13:24:47 - 0:09:24 - Score:194469.0, Count:1
                                     
INFO - 11/14/25 13:24:47 - 0:09:24 - Score:194052.0, Count:1
                                     
INFO - 11/14/25 13:24:47 - 0:09:24 - Score:193828.0, Count:1
                                     
INFO - 11/14/25 13:24:47 - 0:09:24 - Score:192506.0, Count:1
                                     
INFO - 11/14/25 13:24:47 - 0:09:24 - Score:191760.0, Count:1
                                     
INFO - 11/14/25 13:24:47 - 0:09:24 - Score:191656.0, Count:1
                                     
INFO - 11/14/25 13:24:47 - 0:09:24 - Score:191120.0, Count:1
                                     
INFO - 11/14/25 13:24:47 - 0:09:24 - Score:190251.0, Count:1
                                     
INFO - 11/14/25 13:24:47 - 0:09:24 - Score:190020.0, Count:1
                                     
INFO - 11/14/25 13:24:47 - 0:09:24 - Score:188928.0, Count:1
                                     
INFO - 11/14/25 13:24:47 - 0:09:24 - Score:187762.0, Count:1
                                     
INFO - 11/14/25 13:24:47 - 0:09:24 - Score:187632.0, Count:1
                                     
INFO - 11/14/25 13:24:47 - 0:09:24 - Score:187115.0, Count:1
                                     
INFO - 11/14/25 13:24:47 - 0:09:24 - Score:186447.0, Count:1
                                     
INFO - 11/14/25 13:24:47 - 0:09:24 - Score:185079.0, Count:0
                                     
INFO - 11/14/25 13:24:47 - 0:09:24 - tokenizing
INFO - 11/14/25 13:24:47 - 0:09:24 - Loading tokenizer from /home/yuebi/Project/dim16_run/dim16_run_9/1111/tokenizer_data/tokenizer.json...
INFO - 11/14/25 13:24:47 - 0:09:24 - 0 / 100
INFO - 11/14/25 13:24:47 - 0:09:24 - number of examples in the dataset: 100
INFO - 11/14/25 13:24:47 - 0:09:24 - max word length: 113
INFO - 11/14/25 13:24:47 - 0:09:24 - number of unique characters in the vocabulary: 15
INFO - 11/14/25 13:24:47 - 0:09:24 - vocabulary:
INFO - 11/14/25 13:24:47 - 0:09:24 - ['V0', 'V1', 'V2', 'V3', 'V4', 'V5', 'V6', 'V7', 'V8', 'V9', 'V10', 'V11', 'V12', 'V13', 'V14']
INFO - 11/14/25 13:24:47 - 0:09:24 - split up the dataset into 90 training examples and 10 test examples
INFO - 11/14/25 13:24:47 - 0:09:24 - ============ Start of generation 2 ============
INFO - 11/14/25 13:24:47 - 0:09:24 - Memory allocated:  43.97MB, reserved: 7644.00MB
INFO - 11/14/25 13:24:47 - 0:09:24 - training
INFO - 11/14/25 13:24:48 - 0:09:24 - step 0 | loss 0.2560 | step time 263.31ms
INFO - 11/14/25 13:25:13 - 0:09:50 - step 100 | loss 0.0482 | step time 257.12ms
INFO - 11/14/25 13:25:39 - 0:10:16 - step 200 | loss 0.0464 | step time 257.09ms
INFO - 11/14/25 13:26:05 - 0:10:41 - step 300 | loss 0.0887 | step time 257.14ms
INFO - 11/14/25 13:26:31 - 0:11:07 - step 400 | loss 0.0453 | step time 257.16ms
INFO - 11/14/25 13:26:56 - 0:11:33 - step 500 | loss 0.0458 | step time 257.20ms
INFO - 11/14/25 13:26:57 - 0:11:33 - step 500 train loss: 0.04458508640527725 test loss: 1.6015585660934448
INFO - 11/14/25 13:26:57 - 0:11:33 - test loss 1.6015585660934448 is the best so far, saving model to /home/yuebi/Project/dim16_run/dim16_run_9/1111/model.pt
INFO - 11/14/25 13:27:22 - 0:11:59 - step 600 | loss 0.0454 | step time 257.16ms
INFO - 11/14/25 13:27:48 - 0:12:25 - step 700 | loss 0.0437 | step time 257.15ms
INFO - 11/14/25 13:28:14 - 0:12:50 - step 800 | loss 0.0447 | step time 257.23ms
INFO - 11/14/25 13:28:39 - 0:13:16 - step 900 | loss 0.0442 | step time 257.22ms
INFO - 11/14/25 13:29:05 - 0:13:42 - Memory allocated:  43.97MB, reserved: 7648.00MB
INFO - 11/14/25 13:29:05 - 0:13:42 - generating
INFO - 11/14/25 13:33:34 - 0:18:10 - distribution of sample lengths: average: 334.873 max: 352
INFO - 11/14/25 13:33:34 - 0:18:10 - printed 1000 samples
INFO - 11/14/25 13:33:34 - 0:18:10 - decoding
INFO - 11/14/25 13:33:34 - 0:18:10 - Decoding complete. Check the output in /home/yuebi/Project/dim16_run/dim16_run_9/1111/transformer-output-decoded.txt
INFO - 11/14/25 13:33:34 - 0:18:10 - Memory allocated:  43.97MB, reserved: 7648.00MB
INFO - 11/14/25 13:33:34 - 0:18:10 - ============ End of generation 2 ============
INFO - 11/14/25 13:33:34 - 0:18:10 - launching search.jl
INFO - 11/14/25 13:33:34 - 0:18:10 - JULIA_NUM_THREADS is set to 1
INFO - 11/14/25 13:33:47 - 0:18:24 - distribution of scores(all rounds)
INFO - 11/14/25 13:33:47 - 0:18:24 - Score:327680.0, Count:2
                                     
INFO - 11/14/25 13:33:47 - 0:18:24 - Score:299008.0, Count:2
                                     
INFO - 11/14/25 13:33:47 - 0:18:24 - Score:258560.0, Count:2
                                     
INFO - 11/14/25 13:33:47 - 0:18:24 - Score:257664.0, Count:2
                                     
INFO - 11/14/25 13:33:47 - 0:18:24 - Score:256512.0, Count:2
                                     
INFO - 11/14/25 13:33:47 - 0:18:24 - Score:256000.0, Count:2
                                     
INFO - 11/14/25 13:33:47 - 0:18:24 - Score:252928.0, Count:2
                                     
INFO - 11/14/25 13:33:47 - 0:18:24 - Score:252416.0, Count:4
                                     
INFO - 11/14/25 13:33:47 - 0:18:24 - Score:251904.0, Count:2
                                     
INFO - 11/14/25 13:33:47 - 0:18:24 - Score:246960.0, Count:2
                                     
INFO - 11/14/25 13:33:47 - 0:18:24 - Score:245760.0, Count:2
                                     
INFO - 11/14/25 13:33:47 - 0:18:24 - Score:245248.0, Count:2
                                     
INFO - 11/14/25 13:33:47 - 0:18:24 - Score:245209.0, Count:2
                                     
INFO - 11/14/25 13:33:47 - 0:18:24 - Score:241920.0, Count:2
                                     
INFO - 11/14/25 13:33:47 - 0:18:24 - Score:240352.0, Count:2
                                     
INFO - 11/14/25 13:33:47 - 0:18:24 - Score:237760.0, Count:2
                                     
INFO - 11/14/25 13:33:47 - 0:18:24 - Score:237696.0, Count:2
                                     
INFO - 11/14/25 13:33:47 - 0:18:24 - Score:237312.0, Count:2
                                     
INFO - 11/14/25 13:33:47 - 0:18:24 - Score:236032.0, Count:2
                                     
INFO - 11/14/25 13:33:47 - 0:18:24 - Score:235008.0, Count:2
                                     
INFO - 11/14/25 13:33:47 - 0:18:24 - Score:234880.0, Count:2
                                     
INFO - 11/14/25 13:33:47 - 0:18:24 - Score:234576.0, Count:2
                                     
INFO - 11/14/25 13:33:47 - 0:18:24 - Score:234112.0, Count:2
                                     
INFO - 11/14/25 13:33:47 - 0:18:24 - Score:233440.0, Count:2
                                     
INFO - 11/14/25 13:33:47 - 0:18:24 - Score:232896.0, Count:2
                                     
INFO - 11/14/25 13:33:47 - 0:18:24 - Score:231992.0, Count:2
                                     
INFO - 11/14/25 13:33:47 - 0:18:24 - Score:231225.0, Count:2
                                     
INFO - 11/14/25 13:33:47 - 0:18:24 - Score:230396.0, Count:2
                                     
INFO - 11/14/25 13:33:47 - 0:18:24 - Score:229512.0, Count:2
                                     
INFO - 11/14/25 13:33:47 - 0:18:24 - Score:228672.0, Count:2
                                     
INFO - 11/14/25 13:33:47 - 0:18:24 - Score:228200.0, Count:2
                                     
INFO - 11/14/25 13:33:47 - 0:18:24 - Score:227020.0, Count:2
                                     
INFO - 11/14/25 13:33:47 - 0:18:24 - Score:224452.0, Count:2
                                     
INFO - 11/14/25 13:33:47 - 0:18:24 - Score:224224.0, Count:2
                                     
INFO - 11/14/25 13:33:47 - 0:18:24 - Score:223332.0, Count:2
                                     
INFO - 11/14/25 13:33:47 - 0:18:24 - Score:223144.0, Count:2
                                     
INFO - 11/14/25 13:33:47 - 0:18:24 - Score:221764.0, Count:2
                                     
INFO - 11/14/25 13:33:47 - 0:18:24 - Score:220774.0, Count:2
                                     
INFO - 11/14/25 13:33:47 - 0:18:24 - Score:219540.0, Count:2
                                     
INFO - 11/14/25 13:33:47 - 0:18:24 - Score:219352.0, Count:2
                                     
INFO - 11/14/25 13:33:47 - 0:18:24 - Score:219245.0, Count:2
                                     
INFO - 11/14/25 13:33:47 - 0:18:24 - Score:218416.0, Count:2
                                     
INFO - 11/14/25 13:33:47 - 0:18:24 - Score:218400.0, Count:2
                                     
INFO - 11/14/25 13:33:47 - 0:18:24 - Score:217848.0, Count:2
                                     
INFO - 11/14/25 13:33:47 - 0:18:24 - Score:217600.0, Count:2
                                     
INFO - 11/14/25 13:33:47 - 0:18:24 - Score:217511.0, Count:2
                                     
INFO - 11/14/25 13:33:47 - 0:18:24 - Score:216724.0, Count:2
                                     
INFO - 11/14/25 13:33:47 - 0:18:24 - Score:216304.0, Count:2
                                     
INFO - 11/14/25 13:33:47 - 0:18:24 - Score:216128.0, Count:2
                                     
INFO - 11/14/25 13:33:47 - 0:18:24 - Score:215861.0, Count:0
                                     
INFO - 11/14/25 13:33:47 - 0:18:24 - tokenizing
INFO - 11/14/25 13:33:47 - 0:18:24 - Loading tokenizer from /home/yuebi/Project/dim16_run/dim16_run_9/1111/tokenizer_data/tokenizer.json...
INFO - 11/14/25 13:33:47 - 0:18:24 - 0 / 100
INFO - 11/14/25 13:33:47 - 0:18:24 - number of examples in the dataset: 100
INFO - 11/14/25 13:33:47 - 0:18:24 - max word length: 113
INFO - 11/14/25 13:33:47 - 0:18:24 - number of unique characters in the vocabulary: 15
INFO - 11/14/25 13:33:47 - 0:18:24 - vocabulary:
INFO - 11/14/25 13:33:47 - 0:18:24 - ['V0', 'V1', 'V2', 'V3', 'V4', 'V5', 'V6', 'V7', 'V8', 'V9', 'V10', 'V11', 'V12', 'V13', 'V14']
INFO - 11/14/25 13:33:47 - 0:18:24 - split up the dataset into 90 training examples and 10 test examples
INFO - 11/14/25 13:33:47 - 0:18:24 - ============ Start of generation 3 ============
INFO - 11/14/25 13:33:47 - 0:18:24 - Memory allocated:  43.97MB, reserved: 7648.00MB
INFO - 11/14/25 13:33:47 - 0:18:24 - training
INFO - 11/14/25 13:33:48 - 0:18:24 - step 0 | loss 0.2602 | step time 263.43ms
INFO - 11/14/25 13:34:13 - 0:18:50 - step 100 | loss 0.0453 | step time 257.10ms
INFO - 11/14/25 13:34:39 - 0:19:16 - step 200 | loss 0.0434 | step time 257.09ms
INFO - 11/14/25 13:35:05 - 0:19:42 - step 300 | loss 0.0454 | step time 257.12ms
INFO - 11/14/25 13:35:31 - 0:20:07 - step 400 | loss 0.0428 | step time 257.17ms
INFO - 11/14/25 13:35:56 - 0:20:33 - step 500 | loss 0.0426 | step time 257.19ms
INFO - 11/14/25 13:35:57 - 0:20:33 - step 500 train loss: 0.04430462419986725 test loss: 0.302046000957489
INFO - 11/14/25 13:35:57 - 0:20:33 - test loss 0.302046000957489 is the best so far, saving model to /home/yuebi/Project/dim16_run/dim16_run_9/1111/model.pt
INFO - 11/14/25 13:36:22 - 0:20:59 - step 600 | loss 0.0431 | step time 257.15ms
INFO - 11/14/25 13:36:48 - 0:21:25 - step 700 | loss 0.0450 | step time 257.16ms
INFO - 11/14/25 13:37:14 - 0:21:50 - step 800 | loss 0.0436 | step time 257.17ms
INFO - 11/14/25 13:37:39 - 0:22:16 - step 900 | loss 0.0442 | step time 257.19ms
INFO - 11/14/25 13:38:05 - 0:22:42 - Memory allocated:  43.97MB, reserved: 7648.00MB
INFO - 11/14/25 13:38:05 - 0:22:42 - generating
INFO - 11/14/25 13:42:34 - 0:27:11 - distribution of sample lengths: average: 334.772 max: 355
INFO - 11/14/25 13:42:34 - 0:27:11 - printed 1000 samples
INFO - 11/14/25 13:42:34 - 0:27:11 - decoding
INFO - 11/14/25 13:42:34 - 0:27:11 - Decoding complete. Check the output in /home/yuebi/Project/dim16_run/dim16_run_9/1111/transformer-output-decoded.txt
INFO - 11/14/25 13:42:34 - 0:27:11 - Memory allocated:  43.97MB, reserved: 7648.00MB
INFO - 11/14/25 13:42:34 - 0:27:11 - ============ End of generation 3 ============
INFO - 11/14/25 13:42:34 - 0:27:11 - launching search.jl
INFO - 11/14/25 13:42:34 - 0:27:11 - JULIA_NUM_THREADS is set to 1
INFO - 11/14/25 13:42:47 - 0:27:24 - distribution of scores(all rounds)
INFO - 11/14/25 13:42:47 - 0:27:24 - Score:327680.0, Count:3
                                     
INFO - 11/14/25 13:42:47 - 0:27:24 - Score:299008.0, Count:3
                                     
INFO - 11/14/25 13:42:47 - 0:27:24 - Score:258560.0, Count:3
                                     
INFO - 11/14/25 13:42:47 - 0:27:24 - Score:257664.0, Count:3
                                     
INFO - 11/14/25 13:42:47 - 0:27:24 - Score:256512.0, Count:3
                                     
INFO - 11/14/25 13:42:47 - 0:27:24 - Score:256000.0, Count:3
                                     
INFO - 11/14/25 13:42:47 - 0:27:24 - Score:252928.0, Count:3
                                     
INFO - 11/14/25 13:42:47 - 0:27:24 - Score:252416.0, Count:6
                                     
INFO - 11/14/25 13:42:47 - 0:27:24 - Score:251904.0, Count:3
                                     
INFO - 11/14/25 13:42:47 - 0:27:24 - Score:246960.0, Count:3
                                     
INFO - 11/14/25 13:42:47 - 0:27:24 - Score:245760.0, Count:3
                                     
INFO - 11/14/25 13:42:47 - 0:27:24 - Score:245248.0, Count:3
                                     
INFO - 11/14/25 13:42:47 - 0:27:24 - Score:245209.0, Count:3
                                     
INFO - 11/14/25 13:42:47 - 0:27:24 - Score:241920.0, Count:3
                                     
INFO - 11/14/25 13:42:47 - 0:27:24 - Score:240352.0, Count:3
                                     
INFO - 11/14/25 13:42:47 - 0:27:24 - Score:237760.0, Count:3
                                     
INFO - 11/14/25 13:42:47 - 0:27:24 - Score:237696.0, Count:3
                                     
INFO - 11/14/25 13:42:47 - 0:27:24 - Score:237312.0, Count:3
                                     
INFO - 11/14/25 13:42:47 - 0:27:24 - Score:236032.0, Count:3
                                     
INFO - 11/14/25 13:42:47 - 0:27:24 - Score:235008.0, Count:3
                                     
INFO - 11/14/25 13:42:47 - 0:27:24 - Score:234880.0, Count:3
                                     
INFO - 11/14/25 13:42:47 - 0:27:24 - Score:234576.0, Count:3
                                     
INFO - 11/14/25 13:42:47 - 0:27:24 - Score:234112.0, Count:3
                                     
INFO - 11/14/25 13:42:47 - 0:27:24 - Score:233440.0, Count:3
                                     
INFO - 11/14/25 13:42:47 - 0:27:24 - Score:232896.0, Count:3
                                     
INFO - 11/14/25 13:42:47 - 0:27:24 - Score:231992.0, Count:3
                                     
INFO - 11/14/25 13:42:47 - 0:27:24 - Score:231225.0, Count:3
                                     
INFO - 11/14/25 13:42:47 - 0:27:24 - Score:230396.0, Count:3
                                     
INFO - 11/14/25 13:42:47 - 0:27:24 - Score:229512.0, Count:3
                                     
INFO - 11/14/25 13:42:47 - 0:27:24 - Score:228672.0, Count:3
                                     
INFO - 11/14/25 13:42:47 - 0:27:24 - Score:228200.0, Count:3
                                     
INFO - 11/14/25 13:42:47 - 0:27:24 - Score:227020.0, Count:3
                                     
INFO - 11/14/25 13:42:47 - 0:27:24 - Score:224452.0, Count:1
                                     
INFO - 11/14/25 13:42:47 - 0:27:24 - tokenizing
INFO - 11/14/25 13:42:47 - 0:27:24 - Loading tokenizer from /home/yuebi/Project/dim16_run/dim16_run_9/1111/tokenizer_data/tokenizer.json...
INFO - 11/14/25 13:42:47 - 0:27:24 - 0 / 100
INFO - 11/14/25 13:42:47 - 0:27:24 - number of examples in the dataset: 100
INFO - 11/14/25 13:42:47 - 0:27:24 - max word length: 113
INFO - 11/14/25 13:42:47 - 0:27:24 - number of unique characters in the vocabulary: 15
INFO - 11/14/25 13:42:47 - 0:27:24 - vocabulary:
INFO - 11/14/25 13:42:47 - 0:27:24 - ['V0', 'V1', 'V2', 'V3', 'V4', 'V5', 'V6', 'V7', 'V8', 'V9', 'V10', 'V11', 'V12', 'V13', 'V14']
INFO - 11/14/25 13:42:47 - 0:27:24 - split up the dataset into 90 training examples and 10 test examples
INFO - 11/14/25 13:42:47 - 0:27:24 - ============ Start of generation 4 ============
INFO - 11/14/25 13:42:47 - 0:27:24 - Memory allocated:  43.97MB, reserved: 7648.00MB
INFO - 11/14/25 13:42:47 - 0:27:24 - training
INFO - 11/14/25 13:42:48 - 0:27:25 - step 0 | loss 0.0771 | step time 263.04ms
INFO - 11/14/25 13:43:14 - 0:27:50 - step 100 | loss 0.0440 | step time 257.23ms
INFO - 11/14/25 13:43:39 - 0:28:16 - step 200 | loss 0.0450 | step time 257.26ms
INFO - 11/14/25 13:44:05 - 0:28:42 - step 300 | loss 0.0440 | step time 257.14ms
INFO - 11/14/25 13:44:31 - 0:29:07 - step 400 | loss 0.0432 | step time 257.25ms
INFO - 11/14/25 13:44:56 - 0:29:33 - step 500 | loss 0.0444 | step time 257.29ms
INFO - 11/14/25 13:44:57 - 0:29:33 - step 500 train loss: 0.04425928741693497 test loss: 0.17224930226802826
INFO - 11/14/25 13:44:57 - 0:29:33 - test loss 0.17224930226802826 is the best so far, saving model to /home/yuebi/Project/dim16_run/dim16_run_9/1111/model.pt
INFO - 11/14/25 13:45:22 - 0:29:59 - step 600 | loss 0.0430 | step time 257.15ms
INFO - 11/14/25 13:45:48 - 0:30:25 - step 700 | loss 0.0427 | step time 257.34ms
INFO - 11/14/25 13:46:14 - 0:30:51 - step 800 | loss 0.0435 | step time 257.25ms
INFO - 11/14/25 13:46:40 - 0:31:16 - step 900 | loss 0.0423 | step time 257.20ms
INFO - 11/14/25 13:47:05 - 0:31:42 - Memory allocated:  43.97MB, reserved: 7648.00MB
INFO - 11/14/25 13:47:05 - 0:31:42 - generating
INFO - 11/14/25 13:51:34 - 0:36:11 - distribution of sample lengths: average: 335.956 max: 352
INFO - 11/14/25 13:51:34 - 0:36:11 - printed 1000 samples
INFO - 11/14/25 13:51:34 - 0:36:11 - decoding
INFO - 11/14/25 13:51:34 - 0:36:11 - Decoding complete. Check the output in /home/yuebi/Project/dim16_run/dim16_run_9/1111/transformer-output-decoded.txt
INFO - 11/14/25 13:51:34 - 0:36:11 - Memory allocated:  43.97MB, reserved: 7648.00MB
INFO - 11/14/25 13:51:34 - 0:36:11 - ============ End of generation 4 ============
INFO - 11/14/25 13:51:34 - 0:36:11 - launching search.jl
INFO - 11/14/25 13:51:34 - 0:36:11 - JULIA_NUM_THREADS is set to 1
INFO - 11/14/25 13:51:48 - 0:36:24 - distribution of scores(all rounds)
INFO - 11/14/25 13:51:48 - 0:36:24 - Score:327680.0, Count:4
                                     
INFO - 11/14/25 13:51:48 - 0:36:24 - Score:299008.0, Count:4
                                     
INFO - 11/14/25 13:51:48 - 0:36:24 - Score:258560.0, Count:4
                                     
INFO - 11/14/25 13:51:48 - 0:36:24 - Score:257664.0, Count:4
                                     
INFO - 11/14/25 13:51:48 - 0:36:24 - Score:256512.0, Count:4
                                     
INFO - 11/14/25 13:51:48 - 0:36:24 - Score:256000.0, Count:4
                                     
INFO - 11/14/25 13:51:48 - 0:36:24 - Score:252928.0, Count:4
                                     
INFO - 11/14/25 13:51:48 - 0:36:24 - Score:252416.0, Count:8
                                     
INFO - 11/14/25 13:51:48 - 0:36:24 - Score:251904.0, Count:4
                                     
INFO - 11/14/25 13:51:48 - 0:36:24 - Score:246960.0, Count:4
                                     
INFO - 11/14/25 13:51:48 - 0:36:24 - Score:245760.0, Count:4
                                     
INFO - 11/14/25 13:51:48 - 0:36:24 - Score:245248.0, Count:4
                                     
INFO - 11/14/25 13:51:48 - 0:36:24 - Score:245209.0, Count:4
                                     
INFO - 11/14/25 13:51:48 - 0:36:24 - Score:241920.0, Count:4
                                     
INFO - 11/14/25 13:51:48 - 0:36:24 - Score:240352.0, Count:4
                                     
INFO - 11/14/25 13:51:48 - 0:36:24 - Score:237760.0, Count:4
                                     
INFO - 11/14/25 13:51:48 - 0:36:24 - Score:237696.0, Count:4
                                     
INFO - 11/14/25 13:51:48 - 0:36:24 - Score:237312.0, Count:4
                                     
INFO - 11/14/25 13:51:48 - 0:36:24 - Score:236032.0, Count:4
                                     
INFO - 11/14/25 13:51:48 - 0:36:24 - Score:235008.0, Count:4
                                     
INFO - 11/14/25 13:51:48 - 0:36:24 - Score:234880.0, Count:4
                                     
INFO - 11/14/25 13:51:48 - 0:36:24 - Score:234576.0, Count:4
                                     
INFO - 11/14/25 13:51:48 - 0:36:24 - Score:234112.0, Count:4
                                     
INFO - 11/14/25 13:51:48 - 0:36:24 - Score:233440.0, Count:4
                                     
INFO - 11/14/25 13:51:48 - 0:36:24 - Score:232896.0, Count:0
                                     
INFO - 11/14/25 13:51:48 - 0:36:24 - tokenizing
INFO - 11/14/25 13:51:48 - 0:36:24 - Loading tokenizer from /home/yuebi/Project/dim16_run/dim16_run_9/1111/tokenizer_data/tokenizer.json...
INFO - 11/14/25 13:51:48 - 0:36:24 - 0 / 100
INFO - 11/14/25 13:51:48 - 0:36:24 - number of examples in the dataset: 100
INFO - 11/14/25 13:51:48 - 0:36:24 - max word length: 113
INFO - 11/14/25 13:51:48 - 0:36:24 - number of unique characters in the vocabulary: 15
INFO - 11/14/25 13:51:48 - 0:36:24 - vocabulary:
INFO - 11/14/25 13:51:48 - 0:36:24 - ['V0', 'V1', 'V2', 'V3', 'V4', 'V5', 'V6', 'V7', 'V8', 'V9', 'V10', 'V11', 'V12', 'V13', 'V14']
INFO - 11/14/25 13:51:48 - 0:36:24 - split up the dataset into 90 training examples and 10 test examples
INFO - 11/14/25 13:51:48 - 0:36:24 - ============ Start of generation 5 ============
INFO - 11/14/25 13:51:48 - 0:36:24 - Memory allocated:  43.97MB, reserved: 7648.00MB
INFO - 11/14/25 13:51:48 - 0:36:24 - training
INFO - 11/14/25 13:51:48 - 0:36:25 - step 0 | loss 0.0735 | step time 264.07ms
INFO - 11/14/25 13:52:14 - 0:36:50 - step 100 | loss 0.0438 | step time 257.18ms
INFO - 11/14/25 13:52:39 - 0:37:16 - step 200 | loss 0.0436 | step time 257.27ms
INFO - 11/14/25 13:53:05 - 0:37:42 - step 300 | loss 0.0448 | step time 257.22ms
INFO - 11/14/25 13:53:31 - 0:38:08 - step 400 | loss 0.0431 | step time 257.19ms
INFO - 11/14/25 13:53:57 - 0:38:33 - step 500 | loss 0.0647 | step time 257.14ms
INFO - 11/14/25 13:53:57 - 0:38:34 - step 500 train loss: 0.06886088848114014 test loss: 0.29320573806762695
INFO - 11/14/25 13:53:57 - 0:38:34 - test loss 0.29320573806762695 is the best so far, saving model to /home/yuebi/Project/dim16_run/dim16_run_9/1111/model.pt
INFO - 11/14/25 13:54:23 - 0:38:59 - step 600 | loss 0.0432 | step time 257.21ms
INFO - 11/14/25 13:54:48 - 0:39:25 - step 700 | loss 0.0436 | step time 257.15ms
INFO - 11/14/25 13:55:14 - 0:39:51 - step 800 | loss 0.0436 | step time 257.14ms
INFO - 11/14/25 13:55:40 - 0:40:16 - step 900 | loss 0.0432 | step time 257.20ms
INFO - 11/14/25 13:56:05 - 0:40:42 - Memory allocated:  43.97MB, reserved: 7648.00MB
INFO - 11/14/25 13:56:05 - 0:40:42 - generating
INFO - 11/14/25 14:00:34 - 0:45:11 - distribution of sample lengths: average: 335.642 max: 352
INFO - 11/14/25 14:00:34 - 0:45:11 - printed 1000 samples
INFO - 11/14/25 14:00:34 - 0:45:11 - decoding
INFO - 11/14/25 14:00:34 - 0:45:11 - Decoding complete. Check the output in /home/yuebi/Project/dim16_run/dim16_run_9/1111/transformer-output-decoded.txt
INFO - 11/14/25 14:00:34 - 0:45:11 - Memory allocated:  43.97MB, reserved: 7648.00MB
INFO - 11/14/25 14:00:34 - 0:45:11 - ============ End of generation 5 ============
INFO - 11/14/25 14:00:34 - 0:45:11 - launching search.jl
INFO - 11/14/25 14:00:34 - 0:45:11 - JULIA_NUM_THREADS is set to 1
INFO - 11/14/25 14:00:48 - 0:45:25 - distribution of scores(all rounds)
INFO - 11/14/25 14:00:48 - 0:45:25 - Score:327680.0, Count:5
                                     
INFO - 11/14/25 14:00:48 - 0:45:25 - Score:299008.0, Count:5
                                     
INFO - 11/14/25 14:00:48 - 0:45:25 - Score:270336.0, Count:1
                                     
INFO - 11/14/25 14:00:48 - 0:45:25 - Score:258560.0, Count:5
                                     
INFO - 11/14/25 14:00:48 - 0:45:25 - Score:257664.0, Count:5
                                     
INFO - 11/14/25 14:00:48 - 0:45:25 - Score:256512.0, Count:5
                                     
INFO - 11/14/25 14:00:48 - 0:45:25 - Score:256000.0, Count:5
                                     
INFO - 11/14/25 14:00:48 - 0:45:25 - Score:252928.0, Count:5
                                     
INFO - 11/14/25 14:00:48 - 0:45:25 - Score:252416.0, Count:10
                                     
INFO - 11/14/25 14:00:48 - 0:45:25 - Score:251904.0, Count:5
                                     
INFO - 11/14/25 14:00:48 - 0:45:25 - Score:246960.0, Count:5
                                     
INFO - 11/14/25 14:00:48 - 0:45:25 - Score:245760.0, Count:5
                                     
INFO - 11/14/25 14:00:48 - 0:45:25 - Score:245248.0, Count:5
                                     
INFO - 11/14/25 14:00:48 - 0:45:25 - Score:245209.0, Count:5
                                     
INFO - 11/14/25 14:00:48 - 0:45:25 - Score:241920.0, Count:5
                                     
INFO - 11/14/25 14:00:48 - 0:45:25 - Score:240352.0, Count:5
                                     
INFO - 11/14/25 14:00:48 - 0:45:25 - Score:237760.0, Count:5
                                     
INFO - 11/14/25 14:00:48 - 0:45:25 - Score:237696.0, Count:5
                                     
INFO - 11/14/25 14:00:48 - 0:45:25 - Score:237312.0, Count:5
                                     
INFO - 11/14/25 14:00:48 - 0:45:25 - Score:236032.0, Count:4
                                     
INFO - 11/14/25 14:00:48 - 0:45:25 - tokenizing
INFO - 11/14/25 14:00:48 - 0:45:25 - Loading tokenizer from /home/yuebi/Project/dim16_run/dim16_run_9/1111/tokenizer_data/tokenizer.json...
INFO - 11/14/25 14:00:48 - 0:45:25 - 0 / 100
INFO - 11/14/25 14:00:48 - 0:45:25 - number of examples in the dataset: 100
INFO - 11/14/25 14:00:48 - 0:45:25 - max word length: 113
INFO - 11/14/25 14:00:48 - 0:45:25 - number of unique characters in the vocabulary: 15
INFO - 11/14/25 14:00:48 - 0:45:25 - vocabulary:
INFO - 11/14/25 14:00:48 - 0:45:25 - ['V0', 'V1', 'V2', 'V3', 'V4', 'V5', 'V6', 'V7', 'V8', 'V9', 'V10', 'V11', 'V12', 'V13', 'V14']
INFO - 11/14/25 14:00:48 - 0:45:25 - split up the dataset into 90 training examples and 10 test examples
INFO - 11/14/25 14:00:48 - 0:45:25 - ============ Start of generation 6 ============
INFO - 11/14/25 14:00:48 - 0:45:25 - Memory allocated:  43.97MB, reserved: 7648.00MB
INFO - 11/14/25 14:00:48 - 0:45:25 - training
INFO - 11/14/25 14:00:48 - 0:45:25 - step 0 | loss 0.1609 | step time 263.44ms
INFO - 11/14/25 14:01:14 - 0:45:51 - step 100 | loss 0.0433 | step time 257.14ms
INFO - 11/14/25 14:01:40 - 0:46:16 - step 200 | loss 0.0446 | step time 257.22ms
INFO - 11/14/25 14:02:05 - 0:46:42 - step 300 | loss 0.0433 | step time 257.18ms
INFO - 11/14/25 14:02:31 - 0:47:08 - step 400 | loss 0.0425 | step time 257.28ms
INFO - 11/14/25 14:02:57 - 0:47:34 - step 500 | loss 0.0436 | step time 257.23ms
INFO - 11/14/25 14:02:57 - 0:47:34 - step 500 train loss: 0.043264295905828476 test loss: 0.11445485800504684
INFO - 11/14/25 14:02:57 - 0:47:34 - test loss 0.11445485800504684 is the best so far, saving model to /home/yuebi/Project/dim16_run/dim16_run_9/1111/model.pt
INFO - 11/14/25 14:03:23 - 0:48:00 - step 600 | loss 0.0455 | step time 257.22ms
INFO - 11/14/25 14:03:49 - 0:48:25 - step 700 | loss 0.0533 | step time 257.14ms
INFO - 11/14/25 14:04:14 - 0:48:51 - step 800 | loss 0.0418 | step time 257.23ms
INFO - 11/14/25 14:04:40 - 0:49:17 - step 900 | loss 0.0414 | step time 257.17ms
INFO - 11/14/25 14:05:06 - 0:49:42 - Memory allocated:  43.97MB, reserved: 7648.00MB
INFO - 11/14/25 14:05:06 - 0:49:42 - generating
INFO - 11/14/25 14:09:34 - 0:54:11 - distribution of sample lengths: average: 335.856 max: 352
INFO - 11/14/25 14:09:34 - 0:54:11 - printed 1000 samples
INFO - 11/14/25 14:09:34 - 0:54:11 - decoding
INFO - 11/14/25 14:09:35 - 0:54:11 - Decoding complete. Check the output in /home/yuebi/Project/dim16_run/dim16_run_9/1111/transformer-output-decoded.txt
INFO - 11/14/25 14:09:35 - 0:54:11 - Memory allocated:  43.97MB, reserved: 7648.00MB
INFO - 11/14/25 14:09:35 - 0:54:11 - ============ End of generation 6 ============
INFO - 11/14/25 14:09:35 - 0:54:11 - launching search.jl
INFO - 11/14/25 14:09:35 - 0:54:11 - JULIA_NUM_THREADS is set to 1
INFO - 11/14/25 14:09:48 - 0:54:25 - distribution of scores(all rounds)
INFO - 11/14/25 14:09:48 - 0:54:25 - Score:327680.0, Count:6
                                     
INFO - 11/14/25 14:09:48 - 0:54:25 - Score:299008.0, Count:6
                                     
INFO - 11/14/25 14:09:48 - 0:54:25 - Score:270336.0, Count:2
                                     
INFO - 11/14/25 14:09:48 - 0:54:25 - Score:258560.0, Count:6
                                     
INFO - 11/14/25 14:09:48 - 0:54:25 - Score:257664.0, Count:6
                                     
INFO - 11/14/25 14:09:48 - 0:54:25 - Score:256512.0, Count:6
                                     
INFO - 11/14/25 14:09:48 - 0:54:25 - Score:256000.0, Count:6
                                     
INFO - 11/14/25 14:09:48 - 0:54:25 - Score:252928.0, Count:6
                                     
INFO - 11/14/25 14:09:48 - 0:54:25 - Score:252416.0, Count:12
                                     
INFO - 11/14/25 14:09:48 - 0:54:25 - Score:251904.0, Count:6
                                     
INFO - 11/14/25 14:09:48 - 0:54:25 - Score:246960.0, Count:6
                                     
INFO - 11/14/25 14:09:48 - 0:54:25 - Score:245760.0, Count:6
                                     
INFO - 11/14/25 14:09:48 - 0:54:25 - Score:245248.0, Count:6
                                     
INFO - 11/14/25 14:09:48 - 0:54:25 - Score:245209.0, Count:6
                                     
INFO - 11/14/25 14:09:48 - 0:54:25 - Score:241920.0, Count:6
                                     
INFO - 11/14/25 14:09:48 - 0:54:25 - Score:240352.0, Count:6
                                     
INFO - 11/14/25 14:09:48 - 0:54:25 - Score:237760.0, Count:2
                                     
INFO - 11/14/25 14:09:48 - 0:54:25 - tokenizing
INFO - 11/14/25 14:09:48 - 0:54:25 - Loading tokenizer from /home/yuebi/Project/dim16_run/dim16_run_9/1111/tokenizer_data/tokenizer.json...
INFO - 11/14/25 14:09:48 - 0:54:25 - 0 / 100
INFO - 11/14/25 14:09:48 - 0:54:25 - number of examples in the dataset: 100
INFO - 11/14/25 14:09:48 - 0:54:25 - max word length: 113
INFO - 11/14/25 14:09:48 - 0:54:25 - number of unique characters in the vocabulary: 15
INFO - 11/14/25 14:09:48 - 0:54:25 - vocabulary:
INFO - 11/14/25 14:09:48 - 0:54:25 - ['V0', 'V1', 'V2', 'V3', 'V4', 'V5', 'V6', 'V7', 'V8', 'V9', 'V10', 'V11', 'V12', 'V13', 'V14']
INFO - 11/14/25 14:09:48 - 0:54:25 - split up the dataset into 90 training examples and 10 test examples
INFO - 11/14/25 14:09:48 - 0:54:25 - ============ Start of generation 7 ============
INFO - 11/14/25 14:09:48 - 0:54:25 - Memory allocated:  43.97MB, reserved: 7648.00MB
INFO - 11/14/25 14:09:48 - 0:54:25 - training
INFO - 11/14/25 14:09:49 - 0:54:25 - step 0 | loss 0.0624 | step time 263.10ms
INFO - 11/14/25 14:10:15 - 0:54:51 - step 100 | loss 0.0429 | step time 257.19ms
INFO - 11/14/25 14:10:40 - 0:55:17 - step 200 | loss 0.0427 | step time 257.19ms
INFO - 11/14/25 14:11:06 - 0:55:43 - step 300 | loss 0.0429 | step time 257.20ms
INFO - 11/14/25 14:11:32 - 0:56:08 - step 400 | loss 0.0446 | step time 257.18ms
INFO - 11/14/25 14:11:57 - 0:56:34 - step 500 | loss 0.0428 | step time 257.14ms
INFO - 11/14/25 14:11:58 - 0:56:34 - step 500 train loss: 0.04299703985452652 test loss: 0.10898896306753159
INFO - 11/14/25 14:11:58 - 0:56:34 - test loss 0.10898896306753159 is the best so far, saving model to /home/yuebi/Project/dim16_run/dim16_run_9/1111/model.pt
INFO - 11/14/25 14:12:23 - 0:57:00 - step 600 | loss 0.0824 | step time 257.25ms
INFO - 11/14/25 14:12:49 - 0:57:26 - step 700 | loss 0.0420 | step time 257.13ms
INFO - 11/14/25 14:13:15 - 0:57:52 - step 800 | loss 0.0431 | step time 257.25ms
INFO - 11/14/25 14:13:41 - 0:58:17 - step 900 | loss 0.0419 | step time 257.23ms
INFO - 11/14/25 14:14:06 - 0:58:43 - Memory allocated:  43.97MB, reserved: 7648.00MB
INFO - 11/14/25 14:14:06 - 0:58:43 - generating
INFO - 11/14/25 14:18:35 - 1:03:12 - distribution of sample lengths: average: 335.639 max: 352
INFO - 11/14/25 14:18:35 - 1:03:12 - printed 1000 samples
INFO - 11/14/25 14:18:35 - 1:03:12 - decoding
INFO - 11/14/25 14:18:35 - 1:03:12 - Decoding complete. Check the output in /home/yuebi/Project/dim16_run/dim16_run_9/1111/transformer-output-decoded.txt
INFO - 11/14/25 14:18:35 - 1:03:12 - Memory allocated:  43.97MB, reserved: 7648.00MB
INFO - 11/14/25 14:18:35 - 1:03:12 - ============ End of generation 7 ============
INFO - 11/14/25 14:18:35 - 1:03:12 - launching search.jl
INFO - 11/14/25 14:18:35 - 1:03:12 - JULIA_NUM_THREADS is set to 1
INFO - 11/14/25 14:18:49 - 1:03:25 - distribution of scores(all rounds)
INFO - 11/14/25 14:18:49 - 1:03:25 - Score:327680.0, Count:7
                                     
INFO - 11/14/25 14:18:49 - 1:03:25 - Score:299008.0, Count:7
                                     
INFO - 11/14/25 14:18:49 - 1:03:25 - Score:270336.0, Count:3
                                     
INFO - 11/14/25 14:18:49 - 1:03:25 - Score:258560.0, Count:7
                                     
INFO - 11/14/25 14:18:49 - 1:03:25 - Score:257664.0, Count:7
                                     
INFO - 11/14/25 14:18:49 - 1:03:25 - Score:256512.0, Count:7
                                     
INFO - 11/14/25 14:18:49 - 1:03:25 - Score:256000.0, Count:7
                                     
INFO - 11/14/25 14:18:49 - 1:03:25 - Score:252928.0, Count:7
                                     
INFO - 11/14/25 14:18:49 - 1:03:25 - Score:252416.0, Count:14
                                     
INFO - 11/14/25 14:18:49 - 1:03:25 - Score:251904.0, Count:7
                                     
INFO - 11/14/25 14:18:49 - 1:03:25 - Score:246960.0, Count:7
                                     
INFO - 11/14/25 14:18:49 - 1:03:25 - Score:245760.0, Count:7
                                     
INFO - 11/14/25 14:18:49 - 1:03:25 - Score:245248.0, Count:7
                                     
INFO - 11/14/25 14:18:49 - 1:03:25 - Score:245209.0, Count:6
                                     
INFO - 11/14/25 14:18:49 - 1:03:25 - tokenizing
INFO - 11/14/25 14:18:49 - 1:03:25 - Loading tokenizer from /home/yuebi/Project/dim16_run/dim16_run_9/1111/tokenizer_data/tokenizer.json...
INFO - 11/14/25 14:18:49 - 1:03:25 - 0 / 100
INFO - 11/14/25 14:18:49 - 1:03:25 - number of examples in the dataset: 100
INFO - 11/14/25 14:18:49 - 1:03:25 - max word length: 113
INFO - 11/14/25 14:18:49 - 1:03:25 - number of unique characters in the vocabulary: 15
INFO - 11/14/25 14:18:49 - 1:03:25 - vocabulary:
INFO - 11/14/25 14:18:49 - 1:03:25 - ['V0', 'V1', 'V2', 'V3', 'V4', 'V5', 'V6', 'V7', 'V8', 'V9', 'V10', 'V11', 'V12', 'V13', 'V14']
INFO - 11/14/25 14:18:49 - 1:03:25 - split up the dataset into 90 training examples and 10 test examples
INFO - 11/14/25 14:18:49 - 1:03:25 - ============ Start of generation 8 ============
INFO - 11/14/25 14:18:49 - 1:03:25 - Memory allocated:  43.97MB, reserved: 7648.00MB
INFO - 11/14/25 14:18:49 - 1:03:25 - training
INFO - 11/14/25 14:18:49 - 1:03:26 - step 0 | loss 0.0524 | step time 264.09ms
INFO - 11/14/25 14:19:15 - 1:03:51 - step 100 | loss 0.0486 | step time 257.23ms
INFO - 11/14/25 14:19:41 - 1:04:17 - step 200 | loss 0.0441 | step time 257.29ms
INFO - 11/14/25 14:20:06 - 1:04:43 - step 300 | loss 0.0436 | step time 257.38ms
INFO - 11/14/25 14:20:32 - 1:05:09 - step 400 | loss 0.0437 | step time 257.26ms
INFO - 11/14/25 14:20:58 - 1:05:34 - step 500 | loss 0.0433 | step time 257.25ms
INFO - 11/14/25 14:20:58 - 1:05:35 - step 500 train loss: 0.042880039662122726 test loss: 0.13098366558551788
INFO - 11/14/25 14:20:58 - 1:05:35 - test loss 0.13098366558551788 is the best so far, saving model to /home/yuebi/Project/dim16_run/dim16_run_9/1111/model.pt
INFO - 11/14/25 14:21:24 - 1:06:00 - step 600 | loss 0.0426 | step time 257.23ms
INFO - 11/14/25 14:21:49 - 1:06:26 - step 700 | loss 0.0423 | step time 257.22ms
INFO - 11/14/25 14:22:15 - 1:06:52 - step 800 | loss 0.0432 | step time 257.27ms
INFO - 11/14/25 14:22:41 - 1:07:18 - step 900 | loss 0.0449 | step time 257.26ms
INFO - 11/14/25 14:23:06 - 1:07:43 - Memory allocated:  43.97MB, reserved: 7648.00MB
INFO - 11/14/25 14:23:06 - 1:07:43 - generating
INFO - 11/14/25 14:27:35 - 1:12:12 - distribution of sample lengths: average: 335.735 max: 855
INFO - 11/14/25 14:27:35 - 1:12:12 - printed 1000 samples
INFO - 11/14/25 14:27:35 - 1:12:12 - decoding
INFO - 11/14/25 14:27:35 - 1:12:12 - Decoding complete. Check the output in /home/yuebi/Project/dim16_run/dim16_run_9/1111/transformer-output-decoded.txt
INFO - 11/14/25 14:27:35 - 1:12:12 - Memory allocated:  43.97MB, reserved: 7648.00MB
INFO - 11/14/25 14:27:35 - 1:12:12 - ============ End of generation 8 ============
INFO - 11/14/25 14:27:35 - 1:12:12 - launching search.jl
INFO - 11/14/25 14:27:35 - 1:12:12 - JULIA_NUM_THREADS is set to 1
INFO - 11/14/25 14:27:49 - 1:12:26 - distribution of scores(all rounds)
INFO - 11/14/25 14:27:49 - 1:12:26 - Score:327680.0, Count:8
                                     
INFO - 11/14/25 14:27:49 - 1:12:26 - Score:299008.0, Count:8
                                     
INFO - 11/14/25 14:27:49 - 1:12:26 - Score:270336.0, Count:4
                                     
INFO - 11/14/25 14:27:49 - 1:12:26 - Score:258560.0, Count:8
                                     
INFO - 11/14/25 14:27:49 - 1:12:26 - Score:257664.0, Count:8
                                     
INFO - 11/14/25 14:27:49 - 1:12:26 - Score:256512.0, Count:8
                                     
INFO - 11/14/25 14:27:49 - 1:12:26 - Score:256000.0, Count:8
                                     
INFO - 11/14/25 14:27:49 - 1:12:26 - Score:252928.0, Count:8
                                     
INFO - 11/14/25 14:27:49 - 1:12:26 - Score:252416.0, Count:16
                                     
INFO - 11/14/25 14:27:49 - 1:12:26 - Score:251904.0, Count:8
                                     
INFO - 11/14/25 14:27:49 - 1:12:26 - Score:246960.0, Count:8
                                     
INFO - 11/14/25 14:27:49 - 1:12:26 - Score:245760.0, Count:8
                                     
INFO - 11/14/25 14:27:49 - 1:12:26 - Score:245248.0, Count:0
                                     
INFO - 11/14/25 14:27:49 - 1:12:26 - tokenizing
INFO - 11/14/25 14:27:49 - 1:12:26 - Loading tokenizer from /home/yuebi/Project/dim16_run/dim16_run_9/1111/tokenizer_data/tokenizer.json...
INFO - 11/14/25 14:27:49 - 1:12:26 - 0 / 100
INFO - 11/14/25 14:27:49 - 1:12:26 - number of examples in the dataset: 100
INFO - 11/14/25 14:27:49 - 1:12:26 - max word length: 113
INFO - 11/14/25 14:27:49 - 1:12:26 - number of unique characters in the vocabulary: 15
INFO - 11/14/25 14:27:49 - 1:12:26 - vocabulary:
INFO - 11/14/25 14:27:49 - 1:12:26 - ['V0', 'V1', 'V2', 'V3', 'V4', 'V5', 'V6', 'V7', 'V8', 'V9', 'V10', 'V11', 'V12', 'V13', 'V14']
INFO - 11/14/25 14:27:49 - 1:12:26 - split up the dataset into 90 training examples and 10 test examples
INFO - 11/14/25 14:27:49 - 1:12:26 - ============ Start of generation 9 ============
INFO - 11/14/25 14:27:49 - 1:12:26 - Memory allocated:  43.97MB, reserved: 7648.00MB
INFO - 11/14/25 14:27:49 - 1:12:26 - training
INFO - 11/14/25 14:27:49 - 1:12:26 - step 0 | loss 0.0717 | step time 263.08ms
INFO - 11/14/25 14:28:15 - 1:12:52 - step 100 | loss 0.0439 | step time 257.27ms
INFO - 11/14/25 14:28:41 - 1:13:18 - step 200 | loss 0.0422 | step time 257.19ms
INFO - 11/14/25 14:29:07 - 1:13:43 - step 300 | loss 0.0424 | step time 257.29ms
INFO - 11/14/25 14:29:32 - 1:14:09 - step 400 | loss 0.0430 | step time 257.25ms
INFO - 11/14/25 14:29:58 - 1:14:35 - step 500 | loss 0.0430 | step time 257.25ms
INFO - 11/14/25 14:29:58 - 1:14:35 - step 500 train loss: 0.04284866899251938 test loss: 0.09280285239219666
INFO - 11/14/25 14:29:58 - 1:14:35 - test loss 0.09280285239219666 is the best so far, saving model to /home/yuebi/Project/dim16_run/dim16_run_9/1111/model.pt
INFO - 11/14/25 14:30:24 - 1:15:01 - step 600 | loss 0.0429 | step time 257.21ms
INFO - 11/14/25 14:30:50 - 1:15:26 - step 700 | loss 0.0434 | step time 257.17ms
INFO - 11/14/25 14:31:15 - 1:15:52 - step 800 | loss 0.0428 | step time 257.24ms
INFO - 11/14/25 14:31:41 - 1:16:18 - step 900 | loss 0.0424 | step time 257.19ms
INFO - 11/14/25 14:32:07 - 1:16:43 - Memory allocated:  43.97MB, reserved: 7648.00MB
INFO - 11/14/25 14:32:07 - 1:16:43 - generating
INFO - 11/14/25 14:36:36 - 1:21:12 - distribution of sample lengths: average: 335.364 max: 352
INFO - 11/14/25 14:36:36 - 1:21:12 - printed 1000 samples
INFO - 11/14/25 14:36:36 - 1:21:12 - decoding
INFO - 11/14/25 14:36:36 - 1:21:12 - Decoding complete. Check the output in /home/yuebi/Project/dim16_run/dim16_run_9/1111/transformer-output-decoded.txt
INFO - 11/14/25 14:36:36 - 1:21:12 - Memory allocated:  43.97MB, reserved: 7648.00MB
INFO - 11/14/25 14:36:36 - 1:21:12 - ============ End of generation 9 ============
INFO - 11/14/25 14:36:36 - 1:21:12 - launching search.jl
INFO - 11/14/25 14:36:36 - 1:21:12 - JULIA_NUM_THREADS is set to 1
INFO - 11/14/25 14:36:49 - 1:21:26 - distribution of scores(all rounds)
INFO - 11/14/25 14:36:49 - 1:21:26 - Score:327680.0, Count:9
                                     
INFO - 11/14/25 14:36:49 - 1:21:26 - Score:299008.0, Count:9
                                     
INFO - 11/14/25 14:36:49 - 1:21:26 - Score:270336.0, Count:5
                                     
INFO - 11/14/25 14:36:49 - 1:21:26 - Score:258560.0, Count:9
                                     
INFO - 11/14/25 14:36:49 - 1:21:26 - Score:257664.0, Count:9
                                     
INFO - 11/14/25 14:36:49 - 1:21:26 - Score:256512.0, Count:9
                                     
INFO - 11/14/25 14:36:49 - 1:21:26 - Score:256000.0, Count:9
                                     
INFO - 11/14/25 14:36:49 - 1:21:26 - Score:252928.0, Count:9
                                     
INFO - 11/14/25 14:36:49 - 1:21:26 - Score:252416.0, Count:18
                                     
INFO - 11/14/25 14:36:49 - 1:21:26 - Score:251904.0, Count:9
                                     
INFO - 11/14/25 14:36:49 - 1:21:26 - Score:246960.0, Count:5
                                     
INFO - 11/14/25 14:36:49 - 1:21:26 - tokenizing
INFO - 11/14/25 14:36:49 - 1:21:26 - Loading tokenizer from /home/yuebi/Project/dim16_run/dim16_run_9/1111/tokenizer_data/tokenizer.json...
INFO - 11/14/25 14:36:49 - 1:21:26 - 0 / 100
INFO - 11/14/25 14:36:50 - 1:21:26 - number of examples in the dataset: 100
INFO - 11/14/25 14:36:50 - 1:21:26 - max word length: 113
INFO - 11/14/25 14:36:50 - 1:21:26 - number of unique characters in the vocabulary: 15
INFO - 11/14/25 14:36:50 - 1:21:26 - vocabulary:
INFO - 11/14/25 14:36:50 - 1:21:26 - ['V0', 'V1', 'V2', 'V3', 'V4', 'V5', 'V6', 'V7', 'V8', 'V9', 'V10', 'V11', 'V12', 'V13', 'V14']
INFO - 11/14/25 14:36:50 - 1:21:26 - split up the dataset into 90 training examples and 10 test examples
INFO - 11/14/25 14:36:50 - 1:21:26 - ============ Start of generation 10 ============
INFO - 11/14/25 14:36:50 - 1:21:26 - Memory allocated:  43.97MB, reserved: 7648.00MB
INFO - 11/14/25 14:36:50 - 1:21:26 - training
INFO - 11/14/25 14:36:50 - 1:21:27 - step 0 | loss 0.2486 | step time 263.48ms
INFO - 11/14/25 14:37:16 - 1:21:52 - step 100 | loss 0.0443 | step time 257.22ms
INFO - 11/14/25 14:37:41 - 1:22:18 - step 200 | loss 0.0420 | step time 257.28ms
INFO - 11/14/25 14:38:07 - 1:22:44 - step 300 | loss 0.0423 | step time 257.24ms
INFO - 11/14/25 14:38:33 - 1:23:09 - step 400 | loss 0.0426 | step time 257.36ms
INFO - 11/14/25 14:38:59 - 1:23:35 - step 500 | loss 0.0445 | step time 257.29ms
INFO - 11/14/25 14:38:59 - 1:23:35 - step 500 train loss: 0.04308927431702614 test loss: 0.11354654282331467
INFO - 11/14/25 14:38:59 - 1:23:35 - test loss 0.11354654282331467 is the best so far, saving model to /home/yuebi/Project/dim16_run/dim16_run_9/1111/model.pt
INFO - 11/14/25 14:39:25 - 1:24:01 - step 600 | loss 0.0423 | step time 257.30ms
INFO - 11/14/25 14:39:50 - 1:24:27 - step 700 | loss 0.0437 | step time 257.23ms
INFO - 11/14/25 14:40:16 - 1:24:53 - step 800 | loss 0.0421 | step time 257.28ms
INFO - 11/14/25 14:40:42 - 1:25:18 - step 900 | loss 0.0420 | step time 257.23ms
INFO - 11/14/25 14:41:07 - 1:25:44 - Memory allocated:  43.97MB, reserved: 7648.00MB
INFO - 11/14/25 14:41:07 - 1:25:44 - generating
INFO - 11/14/25 14:45:36 - 1:30:13 - distribution of sample lengths: average: 335.266 max: 352
INFO - 11/14/25 14:45:36 - 1:30:13 - printed 1000 samples
INFO - 11/14/25 14:45:36 - 1:30:13 - decoding
INFO - 11/14/25 14:45:36 - 1:30:13 - Decoding complete. Check the output in /home/yuebi/Project/dim16_run/dim16_run_9/1111/transformer-output-decoded.txt
INFO - 11/14/25 14:45:36 - 1:30:13 - Memory allocated:  43.97MB, reserved: 7648.00MB
INFO - 11/14/25 14:45:36 - 1:30:13 - ============ End of generation 10 ============
INFO - 11/14/25 14:45:36 - 1:30:13 - launching search.jl
INFO - 11/14/25 14:45:36 - 1:30:13 - JULIA_NUM_THREADS is set to 1
INFO - 11/14/25 14:45:50 - 1:30:26 - distribution of scores(all rounds)
INFO - 11/14/25 14:45:50 - 1:30:26 - Score:327680.0, Count:10
                                     
INFO - 11/14/25 14:45:50 - 1:30:26 - Score:299008.0, Count:10
                                     
INFO - 11/14/25 14:45:50 - 1:30:26 - Score:270336.0, Count:6
                                     
INFO - 11/14/25 14:45:50 - 1:30:26 - Score:258560.0, Count:10
                                     
INFO - 11/14/25 14:45:50 - 1:30:26 - Score:257664.0, Count:10
                                     
INFO - 11/14/25 14:45:50 - 1:30:26 - Score:256512.0, Count:10
                                     
INFO - 11/14/25 14:45:50 - 1:30:26 - Score:256000.0, Count:10
                                     
INFO - 11/14/25 14:45:50 - 1:30:26 - Score:252928.0, Count:10
                                     
INFO - 11/14/25 14:45:50 - 1:30:26 - Score:252416.0, Count:20
                                     
INFO - 11/14/25 14:45:50 - 1:30:26 - Score:251904.0, Count:4
                                     
INFO - 11/14/25 14:45:50 - 1:30:26 - tokenizing
INFO - 11/14/25 14:45:50 - 1:30:26 - Loading tokenizer from /home/yuebi/Project/dim16_run/dim16_run_9/1111/tokenizer_data/tokenizer.json...
INFO - 11/14/25 14:45:50 - 1:30:26 - 0 / 100
INFO - 11/14/25 14:45:50 - 1:30:26 - number of examples in the dataset: 100
INFO - 11/14/25 14:45:50 - 1:30:26 - max word length: 113
INFO - 11/14/25 14:45:50 - 1:30:26 - number of unique characters in the vocabulary: 15
INFO - 11/14/25 14:45:50 - 1:30:26 - vocabulary:
INFO - 11/14/25 14:45:50 - 1:30:26 - ['V0', 'V1', 'V2', 'V3', 'V4', 'V5', 'V6', 'V7', 'V8', 'V9', 'V10', 'V11', 'V12', 'V13', 'V14']
INFO - 11/14/25 14:45:50 - 1:30:26 - split up the dataset into 90 training examples and 10 test examples
INFO - 11/14/25 14:45:50 - 1:30:26 - ============ Start of generation 11 ============
INFO - 11/14/25 14:45:50 - 1:30:26 - Memory allocated:  43.97MB, reserved: 7648.00MB
INFO - 11/14/25 14:45:50 - 1:30:26 - training
INFO - 11/14/25 14:45:50 - 1:30:27 - step 0 | loss 0.0727 | step time 263.56ms
INFO - 11/14/25 14:46:16 - 1:30:53 - step 100 | loss 0.0432 | step time 257.18ms
INFO - 11/14/25 14:46:42 - 1:31:18 - step 200 | loss 0.0424 | step time 257.22ms
INFO - 11/14/25 14:47:07 - 1:31:44 - step 300 | loss 0.0421 | step time 257.26ms
INFO - 11/14/25 14:47:33 - 1:32:10 - step 400 | loss 0.0442 | step time 257.19ms
INFO - 11/14/25 14:47:59 - 1:32:35 - step 500 | loss 0.0427 | step time 257.21ms
INFO - 11/14/25 14:47:59 - 1:32:36 - step 500 train loss: 0.042971719056367874 test loss: 0.10982454568147659
INFO - 11/14/25 14:47:59 - 1:32:36 - test loss 0.10982454568147659 is the best so far, saving model to /home/yuebi/Project/dim16_run/dim16_run_9/1111/model.pt
INFO - 11/14/25 14:48:25 - 1:33:01 - step 600 | loss 0.0434 | step time 257.29ms
INFO - 11/14/25 14:48:50 - 1:33:27 - step 700 | loss 0.0418 | step time 257.27ms
INFO - 11/14/25 14:49:16 - 1:33:53 - step 800 | loss 0.0429 | step time 257.23ms
INFO - 11/14/25 14:49:42 - 1:34:19 - step 900 | loss 0.0424 | step time 257.20ms
INFO - 11/14/25 14:50:07 - 1:34:44 - Memory allocated:  43.97MB, reserved: 7648.00MB
INFO - 11/14/25 14:50:07 - 1:34:44 - generating
INFO - 11/14/25 14:54:36 - 1:39:13 - distribution of sample lengths: average: 335.545 max: 352
INFO - 11/14/25 14:54:36 - 1:39:13 - printed 1000 samples
INFO - 11/14/25 14:54:36 - 1:39:13 - decoding
INFO - 11/14/25 14:54:36 - 1:39:13 - Decoding complete. Check the output in /home/yuebi/Project/dim16_run/dim16_run_9/1111/transformer-output-decoded.txt
INFO - 11/14/25 14:54:36 - 1:39:13 - Memory allocated:  43.97MB, reserved: 7648.00MB
INFO - 11/14/25 14:54:36 - 1:39:13 - ============ End of generation 11 ============
INFO - 11/14/25 14:54:36 - 1:39:13 - launching search.jl
INFO - 11/14/25 14:54:36 - 1:39:13 - JULIA_NUM_THREADS is set to 1
INFO - 11/14/25 14:54:50 - 1:39:27 - distribution of scores(all rounds)
INFO - 11/14/25 14:54:50 - 1:39:27 - Score:327680.0, Count:11
                                     
INFO - 11/14/25 14:54:50 - 1:39:27 - Score:299008.0, Count:11
                                     
INFO - 11/14/25 14:54:50 - 1:39:27 - Score:270336.0, Count:7
                                     
INFO - 11/14/25 14:54:50 - 1:39:27 - Score:258560.0, Count:11
                                     
INFO - 11/14/25 14:54:50 - 1:39:27 - Score:257664.0, Count:11
                                     
INFO - 11/14/25 14:54:50 - 1:39:27 - Score:256512.0, Count:11
                                     
INFO - 11/14/25 14:54:50 - 1:39:27 - Score:256000.0, Count:11
                                     
INFO - 11/14/25 14:54:50 - 1:39:27 - Score:252928.0, Count:11
                                     
INFO - 11/14/25 14:54:50 - 1:39:27 - Score:252416.0, Count:16
                                     
INFO - 11/14/25 14:54:50 - 1:39:27 - tokenizing
INFO - 11/14/25 14:54:50 - 1:39:27 - Loading tokenizer from /home/yuebi/Project/dim16_run/dim16_run_9/1111/tokenizer_data/tokenizer.json...
INFO - 11/14/25 14:54:50 - 1:39:27 - 0 / 100
INFO - 11/14/25 14:54:50 - 1:39:27 - number of examples in the dataset: 100
INFO - 11/14/25 14:54:50 - 1:39:27 - max word length: 113
INFO - 11/14/25 14:54:50 - 1:39:27 - number of unique characters in the vocabulary: 15
INFO - 11/14/25 14:54:50 - 1:39:27 - vocabulary:
INFO - 11/14/25 14:54:50 - 1:39:27 - ['V0', 'V1', 'V2', 'V3', 'V4', 'V5', 'V6', 'V7', 'V8', 'V9', 'V10', 'V11', 'V12', 'V13', 'V14']
INFO - 11/14/25 14:54:50 - 1:39:27 - split up the dataset into 90 training examples and 10 test examples
INFO - 11/14/25 14:54:50 - 1:39:27 - ============ Start of generation 12 ============
INFO - 11/14/25 14:54:50 - 1:39:27 - Memory allocated:  43.97MB, reserved: 7648.00MB
INFO - 11/14/25 14:54:50 - 1:39:27 - training
INFO - 11/14/25 14:54:50 - 1:39:27 - step 0 | loss 0.0556 | step time 263.27ms
INFO - 11/14/25 14:55:16 - 1:39:53 - step 100 | loss 0.0423 | step time 257.25ms
INFO - 11/14/25 14:55:42 - 1:40:19 - step 200 | loss 0.0420 | step time 257.30ms
INFO - 11/14/25 14:56:08 - 1:40:44 - step 300 | loss 0.0432 | step time 257.32ms
INFO - 11/14/25 14:56:33 - 1:41:10 - step 400 | loss 0.0428 | step time 257.28ms
INFO - 11/14/25 14:56:59 - 1:41:36 - step 500 | loss 0.0424 | step time 257.25ms
INFO - 11/14/25 14:56:59 - 1:41:36 - step 500 train loss: 0.0426374115049839 test loss: 0.10452789068222046
INFO - 11/14/25 14:56:59 - 1:41:36 - test loss 0.10452789068222046 is the best so far, saving model to /home/yuebi/Project/dim16_run/dim16_run_9/1111/model.pt
INFO - 11/14/25 14:57:25 - 1:42:02 - step 600 | loss 0.0438 | step time 257.19ms
INFO - 11/14/25 14:57:51 - 1:42:27 - step 700 | loss 0.0450 | step time 257.25ms
INFO - 11/14/25 14:58:16 - 1:42:53 - step 800 | loss 0.0425 | step time 257.18ms
INFO - 11/14/25 14:58:42 - 1:43:19 - step 900 | loss 0.0420 | step time 257.26ms
INFO - 11/14/25 14:59:08 - 1:43:44 - Memory allocated:  43.97MB, reserved: 7648.00MB
INFO - 11/14/25 14:59:08 - 1:43:44 - generating
INFO - 11/14/25 15:03:37 - 1:48:13 - distribution of sample lengths: average: 335.911 max: 352
INFO - 11/14/25 15:03:37 - 1:48:13 - printed 1000 samples
INFO - 11/14/25 15:03:37 - 1:48:13 - decoding
INFO - 11/14/25 15:03:37 - 1:48:13 - Decoding complete. Check the output in /home/yuebi/Project/dim16_run/dim16_run_9/1111/transformer-output-decoded.txt
INFO - 11/14/25 15:03:37 - 1:48:13 - Memory allocated:  43.97MB, reserved: 7648.00MB
INFO - 11/14/25 15:03:37 - 1:48:13 - ============ End of generation 12 ============
INFO - 11/14/25 15:03:37 - 1:48:13 - launching search.jl
INFO - 11/14/25 15:03:37 - 1:48:13 - JULIA_NUM_THREADS is set to 1
INFO - 11/14/25 15:03:50 - 1:48:27 - distribution of scores(all rounds)
INFO - 11/14/25 15:03:50 - 1:48:27 - Score:327680.0, Count:12
                                     
INFO - 11/14/25 15:03:50 - 1:48:27 - Score:299008.0, Count:12
                                     
INFO - 11/14/25 15:03:50 - 1:48:27 - Score:270336.0, Count:8
                                     
INFO - 11/14/25 15:03:50 - 1:48:27 - Score:258560.0, Count:12
                                     
INFO - 11/14/25 15:03:50 - 1:48:27 - Score:257664.0, Count:12
                                     
INFO - 11/14/25 15:03:50 - 1:48:27 - Score:256512.0, Count:12
                                     
INFO - 11/14/25 15:03:50 - 1:48:27 - Score:256000.0, Count:12
                                     
INFO - 11/14/25 15:03:50 - 1:48:27 - Score:252928.0, Count:12
                                     
INFO - 11/14/25 15:03:50 - 1:48:27 - Score:252416.0, Count:8
                                     
INFO - 11/14/25 15:03:50 - 1:48:27 - tokenizing
INFO - 11/14/25 15:03:50 - 1:48:27 - Loading tokenizer from /home/yuebi/Project/dim16_run/dim16_run_9/1111/tokenizer_data/tokenizer.json...
INFO - 11/14/25 15:03:50 - 1:48:27 - 0 / 100
INFO - 11/14/25 15:03:50 - 1:48:27 - number of examples in the dataset: 100
INFO - 11/14/25 15:03:50 - 1:48:27 - max word length: 113
INFO - 11/14/25 15:03:50 - 1:48:27 - number of unique characters in the vocabulary: 15
INFO - 11/14/25 15:03:50 - 1:48:27 - vocabulary:
INFO - 11/14/25 15:03:50 - 1:48:27 - ['V0', 'V1', 'V2', 'V3', 'V4', 'V5', 'V6', 'V7', 'V8', 'V9', 'V10', 'V11', 'V12', 'V13', 'V14']
INFO - 11/14/25 15:03:50 - 1:48:27 - split up the dataset into 90 training examples and 10 test examples
INFO - 11/14/25 15:03:50 - 1:48:27 - ============ Start of generation 13 ============
INFO - 11/14/25 15:03:50 - 1:48:27 - Memory allocated:  43.97MB, reserved: 7648.00MB
INFO - 11/14/25 15:03:50 - 1:48:27 - training
INFO - 11/14/25 15:03:51 - 1:48:27 - step 0 | loss 0.3329 | step time 263.65ms
INFO - 11/14/25 15:04:17 - 1:48:53 - step 100 | loss 0.0429 | step time 257.23ms
INFO - 11/14/25 15:04:42 - 1:49:19 - step 200 | loss 0.0437 | step time 257.24ms
INFO - 11/14/25 15:05:08 - 1:49:45 - step 300 | loss 0.0420 | step time 257.21ms
INFO - 11/14/25 15:05:34 - 1:50:10 - step 400 | loss 0.0435 | step time 257.27ms
INFO - 11/14/25 15:05:59 - 1:50:36 - step 500 | loss 0.0422 | step time 257.24ms
INFO - 11/14/25 15:06:00 - 1:50:36 - step 500 train loss: 0.04259853810071945 test loss: 0.08644457906484604
INFO - 11/14/25 15:06:00 - 1:50:36 - test loss 0.08644457906484604 is the best so far, saving model to /home/yuebi/Project/dim16_run/dim16_run_9/1111/model.pt
INFO - 11/14/25 15:06:25 - 1:51:02 - step 600 | loss 0.0433 | step time 257.28ms
INFO - 11/14/25 15:06:51 - 1:51:28 - step 700 | loss 0.0425 | step time 257.23ms
INFO - 11/14/25 15:07:17 - 1:51:54 - step 800 | loss 0.0426 | step time 257.21ms
INFO - 11/14/25 15:07:43 - 1:52:19 - step 900 | loss 0.0427 | step time 257.28ms
INFO - 11/14/25 15:08:08 - 1:52:45 - Memory allocated:  43.97MB, reserved: 7648.00MB
INFO - 11/14/25 15:08:08 - 1:52:45 - generating
INFO - 11/14/25 15:12:37 - 1:57:14 - distribution of sample lengths: average: 335.129 max: 352
INFO - 11/14/25 15:12:37 - 1:57:14 - printed 1000 samples
INFO - 11/14/25 15:12:37 - 1:57:14 - decoding
INFO - 11/14/25 15:12:37 - 1:57:14 - Decoding complete. Check the output in /home/yuebi/Project/dim16_run/dim16_run_9/1111/transformer-output-decoded.txt
INFO - 11/14/25 15:12:37 - 1:57:14 - Memory allocated:  43.97MB, reserved: 7648.00MB
INFO - 11/14/25 15:12:37 - 1:57:14 - ============ End of generation 13 ============
INFO - 11/14/25 15:12:37 - 1:57:14 - launching search.jl
INFO - 11/14/25 15:12:37 - 1:57:14 - JULIA_NUM_THREADS is set to 1
INFO - 11/14/25 15:12:51 - 1:57:28 - distribution of scores(all rounds)
INFO - 11/14/25 15:12:51 - 1:57:28 - Score:327680.0, Count:13
                                     
INFO - 11/14/25 15:12:51 - 1:57:28 - Score:299008.0, Count:13
                                     
INFO - 11/14/25 15:12:51 - 1:57:28 - Score:270336.0, Count:9
                                     
INFO - 11/14/25 15:12:51 - 1:57:28 - Score:258560.0, Count:13
                                     
INFO - 11/14/25 15:12:51 - 1:57:28 - Score:257664.0, Count:13
                                     
INFO - 11/14/25 15:12:51 - 1:57:28 - Score:256512.0, Count:13
                                     
INFO - 11/14/25 15:12:51 - 1:57:28 - Score:256000.0, Count:13
                                     
INFO - 11/14/25 15:12:51 - 1:57:28 - Score:252928.0, Count:13
                                     
INFO - 11/14/25 15:12:51 - 1:57:28 - Score:252416.0, Count:0
                                     
INFO - 11/14/25 15:12:51 - 1:57:28 - tokenizing
INFO - 11/14/25 15:12:51 - 1:57:28 - Loading tokenizer from /home/yuebi/Project/dim16_run/dim16_run_9/1111/tokenizer_data/tokenizer.json...
INFO - 11/14/25 15:12:51 - 1:57:28 - 0 / 100
INFO - 11/14/25 15:12:51 - 1:57:28 - number of examples in the dataset: 100
INFO - 11/14/25 15:12:51 - 1:57:28 - max word length: 113
INFO - 11/14/25 15:12:51 - 1:57:28 - number of unique characters in the vocabulary: 15
INFO - 11/14/25 15:12:51 - 1:57:28 - vocabulary:
INFO - 11/14/25 15:12:51 - 1:57:28 - ['V0', 'V1', 'V2', 'V3', 'V4', 'V5', 'V6', 'V7', 'V8', 'V9', 'V10', 'V11', 'V12', 'V13', 'V14']
INFO - 11/14/25 15:12:51 - 1:57:28 - split up the dataset into 90 training examples and 10 test examples
INFO - 11/14/25 15:12:51 - 1:57:28 - ============ Start of generation 14 ============
INFO - 11/14/25 15:12:51 - 1:57:28 - Memory allocated:  43.97MB, reserved: 7648.00MB
INFO - 11/14/25 15:12:51 - 1:57:28 - training
INFO - 11/14/25 15:12:51 - 1:57:28 - step 0 | loss 0.0626 | step time 263.23ms
INFO - 11/14/25 15:13:17 - 1:57:54 - step 100 | loss 0.0425 | step time 257.25ms
INFO - 11/14/25 15:13:43 - 1:58:19 - step 200 | loss 0.0425 | step time 257.20ms
INFO - 11/14/25 15:14:08 - 1:58:45 - step 300 | loss 0.0442 | step time 257.27ms
INFO - 11/14/25 15:14:34 - 1:59:11 - step 400 | loss 0.0425 | step time 257.27ms
INFO - 11/14/25 15:15:00 - 1:59:37 - step 500 | loss 0.0431 | step time 257.31ms
INFO - 11/14/25 15:15:00 - 1:59:37 - step 500 train loss: 0.042662329971790314 test loss: 0.09588809311389923
INFO - 11/14/25 15:15:00 - 1:59:37 - test loss 0.09588809311389923 is the best so far, saving model to /home/yuebi/Project/dim16_run/dim16_run_9/1111/model.pt
INFO - 11/14/25 15:15:26 - 2:00:03 - step 600 | loss 0.0427 | step time 257.23ms
INFO - 11/14/25 15:15:52 - 2:00:28 - step 700 | loss 0.0427 | step time 257.50ms
INFO - 11/14/25 15:16:17 - 2:00:54 - step 800 | loss 0.0420 | step time 257.24ms
INFO - 11/14/25 15:16:43 - 2:01:20 - step 900 | loss 0.0424 | step time 257.23ms
INFO - 11/14/25 15:17:09 - 2:01:45 - Memory allocated:  43.97MB, reserved: 7648.00MB
INFO - 11/14/25 15:17:09 - 2:01:45 - generating
INFO - 11/14/25 15:21:38 - 2:06:14 - distribution of sample lengths: average: 335.76 max: 352
INFO - 11/14/25 15:21:38 - 2:06:14 - printed 1000 samples
INFO - 11/14/25 15:21:38 - 2:06:14 - decoding
INFO - 11/14/25 15:21:38 - 2:06:14 - Decoding complete. Check the output in /home/yuebi/Project/dim16_run/dim16_run_9/1111/transformer-output-decoded.txt
INFO - 11/14/25 15:21:38 - 2:06:14 - Memory allocated:  43.97MB, reserved: 7648.00MB
INFO - 11/14/25 15:21:38 - 2:06:14 - ============ End of generation 14 ============
INFO - 11/14/25 15:21:38 - 2:06:14 - launching search.jl
INFO - 11/14/25 15:21:38 - 2:06:14 - JULIA_NUM_THREADS is set to 1
INFO - 11/14/25 15:21:51 - 2:06:28 - distribution of scores(all rounds)
INFO - 11/14/25 15:21:51 - 2:06:28 - Score:327680.0, Count:14
                                     
INFO - 11/14/25 15:21:51 - 2:06:28 - Score:299008.0, Count:14
                                     
INFO - 11/14/25 15:21:51 - 2:06:28 - Score:270336.0, Count:10
                                     
INFO - 11/14/25 15:21:51 - 2:06:28 - Score:258560.0, Count:14
                                     
INFO - 11/14/25 15:21:51 - 2:06:28 - Score:257664.0, Count:14
                                     
INFO - 11/14/25 15:21:51 - 2:06:28 - Score:256512.0, Count:14
                                     
INFO - 11/14/25 15:21:51 - 2:06:28 - Score:256000.0, Count:14
                                     
INFO - 11/14/25 15:21:51 - 2:06:28 - Score:252928.0, Count:6
                                     
INFO - 11/14/25 15:21:51 - 2:06:28 - tokenizing
INFO - 11/14/25 15:21:51 - 2:06:28 - Loading tokenizer from /home/yuebi/Project/dim16_run/dim16_run_9/1111/tokenizer_data/tokenizer.json...
INFO - 11/14/25 15:21:51 - 2:06:28 - 0 / 100
INFO - 11/14/25 15:21:51 - 2:06:28 - number of examples in the dataset: 100
INFO - 11/14/25 15:21:51 - 2:06:28 - max word length: 113
INFO - 11/14/25 15:21:51 - 2:06:28 - number of unique characters in the vocabulary: 15
INFO - 11/14/25 15:21:51 - 2:06:28 - vocabulary:
INFO - 11/14/25 15:21:51 - 2:06:28 - ['V0', 'V1', 'V2', 'V3', 'V4', 'V5', 'V6', 'V7', 'V8', 'V9', 'V10', 'V11', 'V12', 'V13', 'V14']
INFO - 11/14/25 15:21:51 - 2:06:28 - split up the dataset into 90 training examples and 10 test examples
INFO - 11/14/25 15:21:51 - 2:06:28 - ============ Start of generation 15 ============
INFO - 11/14/25 15:21:51 - 2:06:28 - Memory allocated:  43.97MB, reserved: 7648.00MB
INFO - 11/14/25 15:21:51 - 2:06:28 - training
INFO - 11/14/25 15:21:52 - 2:06:28 - step 0 | loss 0.0426 | step time 263.74ms
INFO - 11/14/25 15:22:17 - 2:06:54 - step 100 | loss 0.0424 | step time 257.20ms
INFO - 11/14/25 15:22:43 - 2:07:20 - step 200 | loss 0.0429 | step time 257.17ms
INFO - 11/14/25 15:23:09 - 2:07:45 - step 300 | loss 0.0426 | step time 257.30ms
INFO - 11/14/25 15:23:35 - 2:08:11 - step 400 | loss 0.0431 | step time 257.16ms
INFO - 11/14/25 15:24:00 - 2:08:37 - step 500 | loss 0.0415 | step time 257.20ms
INFO - 11/14/25 15:24:00 - 2:08:37 - step 500 train loss: 0.04274704307317734 test loss: 0.08633498102426529
INFO - 11/14/25 15:24:00 - 2:08:37 - test loss 0.08633498102426529 is the best so far, saving model to /home/yuebi/Project/dim16_run/dim16_run_9/1111/model.pt
INFO - 11/14/25 15:24:26 - 2:09:03 - step 600 | loss 0.0437 | step time 257.03ms
INFO - 11/14/25 15:24:52 - 2:09:29 - step 700 | loss 0.0429 | step time 257.11ms
INFO - 11/14/25 15:25:18 - 2:09:54 - step 800 | loss 0.0423 | step time 257.19ms
INFO - 11/14/25 15:25:43 - 2:10:20 - step 900 | loss 0.0436 | step time 257.18ms
INFO - 11/14/25 15:26:09 - 2:10:46 - Memory allocated:  43.97MB, reserved: 7648.00MB
INFO - 11/14/25 15:26:09 - 2:10:46 - generating
INFO - 11/14/25 15:30:38 - 2:15:14 - distribution of sample lengths: average: 335.815 max: 352
INFO - 11/14/25 15:30:38 - 2:15:14 - printed 1000 samples
INFO - 11/14/25 15:30:38 - 2:15:14 - decoding
INFO - 11/14/25 15:30:38 - 2:15:14 - Decoding complete. Check the output in /home/yuebi/Project/dim16_run/dim16_run_9/1111/transformer-output-decoded.txt
INFO - 11/14/25 15:30:38 - 2:15:14 - Memory allocated:  43.97MB, reserved: 7648.00MB
INFO - 11/14/25 15:30:38 - 2:15:14 - ============ End of generation 15 ============
INFO - 11/14/25 15:30:38 - 2:15:14 - launching search.jl
INFO - 11/14/25 15:30:38 - 2:15:14 - JULIA_NUM_THREADS is set to 1
INFO - 11/14/25 15:30:52 - 2:15:28 - distribution of scores(all rounds)
INFO - 11/14/25 15:30:52 - 2:15:28 - Score:327680.0, Count:15
                                     
INFO - 11/14/25 15:30:52 - 2:15:28 - Score:299008.0, Count:15
                                     
INFO - 11/14/25 15:30:52 - 2:15:28 - Score:270336.0, Count:11
                                     
INFO - 11/14/25 15:30:52 - 2:15:28 - Score:258560.0, Count:15
                                     
INFO - 11/14/25 15:30:52 - 2:15:28 - Score:257664.0, Count:15
                                     
INFO - 11/14/25 15:30:52 - 2:15:28 - Score:256512.0, Count:15
                                     
INFO - 11/14/25 15:30:52 - 2:15:28 - Score:256000.0, Count:14
                                     
INFO - 11/14/25 15:30:52 - 2:15:28 - tokenizing
INFO - 11/14/25 15:30:52 - 2:15:28 - Loading tokenizer from /home/yuebi/Project/dim16_run/dim16_run_9/1111/tokenizer_data/tokenizer.json...
INFO - 11/14/25 15:30:52 - 2:15:28 - 0 / 100
INFO - 11/14/25 15:30:52 - 2:15:28 - number of examples in the dataset: 100
INFO - 11/14/25 15:30:52 - 2:15:28 - max word length: 113
INFO - 11/14/25 15:30:52 - 2:15:28 - number of unique characters in the vocabulary: 15
INFO - 11/14/25 15:30:52 - 2:15:28 - vocabulary:
INFO - 11/14/25 15:30:52 - 2:15:28 - ['V0', 'V1', 'V2', 'V3', 'V4', 'V5', 'V6', 'V7', 'V8', 'V9', 'V10', 'V11', 'V12', 'V13', 'V14']
INFO - 11/14/25 15:30:52 - 2:15:28 - split up the dataset into 90 training examples and 10 test examples
INFO - 11/14/25 15:30:52 - 2:15:28 - ============ Start of generation 16 ============
INFO - 11/14/25 15:30:52 - 2:15:28 - Memory allocated:  43.97MB, reserved: 7648.00MB
INFO - 11/14/25 15:30:52 - 2:15:28 - training
INFO - 11/14/25 15:30:52 - 2:15:29 - step 0 | loss 0.0661 | step time 263.08ms
INFO - 11/14/25 15:31:18 - 2:15:54 - step 100 | loss 0.0444 | step time 257.29ms
INFO - 11/14/25 15:31:44 - 2:16:20 - step 200 | loss 0.0429 | step time 257.29ms
INFO - 11/14/25 15:32:09 - 2:16:46 - step 300 | loss 0.0423 | step time 257.26ms
INFO - 11/14/25 15:32:35 - 2:17:12 - step 400 | loss 0.0429 | step time 257.24ms
INFO - 11/14/25 15:33:01 - 2:17:37 - step 500 | loss 0.0426 | step time 257.30ms
INFO - 11/14/25 15:33:01 - 2:17:38 - step 500 train loss: 0.042458850890398026 test loss: 0.15871448814868927
INFO - 11/14/25 15:33:01 - 2:17:38 - test loss 0.15871448814868927 is the best so far, saving model to /home/yuebi/Project/dim16_run/dim16_run_9/1111/model.pt
INFO - 11/14/25 15:33:27 - 2:18:03 - step 600 | loss 0.0421 | step time 257.30ms
INFO - 11/14/25 15:33:52 - 2:18:29 - step 700 | loss 0.0413 | step time 257.24ms
INFO - 11/14/25 15:34:18 - 2:18:55 - step 800 | loss 0.0418 | step time 257.27ms
INFO - 11/14/25 15:34:44 - 2:19:21 - step 900 | loss 0.0429 | step time 257.25ms
INFO - 11/14/25 15:35:09 - 2:19:46 - Memory allocated:  43.97MB, reserved: 7648.00MB
INFO - 11/14/25 15:35:09 - 2:19:46 - generating
INFO - 11/14/25 15:39:38 - 2:24:15 - distribution of sample lengths: average: 335.869 max: 848
INFO - 11/14/25 15:39:38 - 2:24:15 - printed 1000 samples
INFO - 11/14/25 15:39:38 - 2:24:15 - decoding
INFO - 11/14/25 15:39:38 - 2:24:15 - Decoding complete. Check the output in /home/yuebi/Project/dim16_run/dim16_run_9/1111/transformer-output-decoded.txt
INFO - 11/14/25 15:39:38 - 2:24:15 - Memory allocated:  43.97MB, reserved: 7648.00MB
INFO - 11/14/25 15:39:38 - 2:24:15 - ============ End of generation 16 ============
INFO - 11/14/25 15:39:38 - 2:24:15 - launching search.jl
INFO - 11/14/25 15:39:38 - 2:24:15 - JULIA_NUM_THREADS is set to 1
INFO - 11/14/25 15:39:52 - 2:24:29 - distribution of scores(all rounds)
INFO - 11/14/25 15:39:52 - 2:24:29 - Score:327680.0, Count:16
                                     
INFO - 11/14/25 15:39:52 - 2:24:29 - Score:299008.0, Count:16
                                     
INFO - 11/14/25 15:39:52 - 2:24:29 - Score:270336.0, Count:12
                                     
INFO - 11/14/25 15:39:52 - 2:24:29 - Score:258560.0, Count:16
                                     
INFO - 11/14/25 15:39:52 - 2:24:29 - Score:257664.0, Count:16
                                     
INFO - 11/14/25 15:39:52 - 2:24:29 - Score:256512.0, Count:16
                                     
INFO - 11/14/25 15:39:52 - 2:24:29 - Score:256000.0, Count:8
                                     
INFO - 11/14/25 15:39:52 - 2:24:29 - tokenizing
INFO - 11/14/25 15:39:52 - 2:24:29 - Loading tokenizer from /home/yuebi/Project/dim16_run/dim16_run_9/1111/tokenizer_data/tokenizer.json...
INFO - 11/14/25 15:39:52 - 2:24:29 - 0 / 100
INFO - 11/14/25 15:39:52 - 2:24:29 - number of examples in the dataset: 100
INFO - 11/14/25 15:39:52 - 2:24:29 - max word length: 113
INFO - 11/14/25 15:39:52 - 2:24:29 - number of unique characters in the vocabulary: 15
INFO - 11/14/25 15:39:52 - 2:24:29 - vocabulary:
INFO - 11/14/25 15:39:52 - 2:24:29 - ['V0', 'V1', 'V2', 'V3', 'V4', 'V5', 'V6', 'V7', 'V8', 'V9', 'V10', 'V11', 'V12', 'V13', 'V14']
INFO - 11/14/25 15:39:52 - 2:24:29 - split up the dataset into 90 training examples and 10 test examples
INFO - 11/14/25 15:39:52 - 2:24:29 - ============ Start of generation 17 ============
INFO - 11/14/25 15:39:52 - 2:24:29 - Memory allocated:  43.97MB, reserved: 7648.00MB
INFO - 11/14/25 15:39:52 - 2:24:29 - training
INFO - 11/14/25 15:39:52 - 2:24:29 - step 0 | loss 0.0850 | step time 263.11ms
INFO - 11/14/25 15:40:18 - 2:24:55 - step 100 | loss 0.0419 | step time 257.23ms
INFO - 11/14/25 15:40:44 - 2:25:21 - step 200 | loss 0.0422 | step time 257.21ms
INFO - 11/14/25 15:41:10 - 2:25:46 - step 300 | loss 0.0432 | step time 257.23ms
INFO - 11/14/25 15:41:35 - 2:26:12 - step 400 | loss 0.0440 | step time 257.21ms
INFO - 11/14/25 15:42:01 - 2:26:38 - step 500 | loss 0.0434 | step time 257.27ms
INFO - 11/14/25 15:42:01 - 2:26:38 - step 500 train loss: 0.0426938571035862 test loss: 0.0951242670416832
INFO - 11/14/25 15:42:01 - 2:26:38 - test loss 0.0951242670416832 is the best so far, saving model to /home/yuebi/Project/dim16_run/dim16_run_9/1111/model.pt
INFO - 11/14/25 15:42:27 - 2:27:04 - step 600 | loss 0.0413 | step time 257.20ms
INFO - 11/14/25 15:42:53 - 2:27:29 - step 700 | loss 0.0429 | step time 257.26ms
INFO - 11/14/25 15:43:18 - 2:27:55 - step 800 | loss 0.0440 | step time 257.22ms
INFO - 11/14/25 15:43:44 - 2:28:21 - step 900 | loss 0.0435 | step time 257.26ms
INFO - 11/14/25 15:44:10 - 2:28:46 - Memory allocated:  43.97MB, reserved: 7648.00MB
INFO - 11/14/25 15:44:10 - 2:28:46 - generating
INFO - 11/14/25 15:48:39 - 2:33:15 - distribution of sample lengths: average: 335.236 max: 349
INFO - 11/14/25 15:48:39 - 2:33:15 - printed 1000 samples
INFO - 11/14/25 15:48:39 - 2:33:15 - decoding
INFO - 11/14/25 15:48:39 - 2:33:15 - Decoding complete. Check the output in /home/yuebi/Project/dim16_run/dim16_run_9/1111/transformer-output-decoded.txt
INFO - 11/14/25 15:48:39 - 2:33:15 - Memory allocated:  43.97MB, reserved: 7648.00MB
INFO - 11/14/25 15:48:39 - 2:33:15 - ============ End of generation 17 ============
INFO - 11/14/25 15:48:39 - 2:33:15 - launching search.jl
INFO - 11/14/25 15:48:39 - 2:33:15 - JULIA_NUM_THREADS is set to 1
INFO - 11/14/25 15:48:52 - 2:33:29 - distribution of scores(all rounds)
INFO - 11/14/25 15:48:52 - 2:33:29 - Score:327680.0, Count:17
                                     
INFO - 11/14/25 15:48:52 - 2:33:29 - Score:299008.0, Count:17
                                     
INFO - 11/14/25 15:48:52 - 2:33:29 - Score:270336.0, Count:13
                                     
INFO - 11/14/25 15:48:52 - 2:33:29 - Score:258560.0, Count:17
                                     
INFO - 11/14/25 15:48:52 - 2:33:29 - Score:257664.0, Count:17
                                     
INFO - 11/14/25 15:48:52 - 2:33:29 - Score:256512.0, Count:17
                                     
INFO - 11/14/25 15:48:52 - 2:33:29 - Score:256000.0, Count:2
                                     
INFO - 11/14/25 15:48:52 - 2:33:29 - tokenizing
INFO - 11/14/25 15:48:52 - 2:33:29 - Loading tokenizer from /home/yuebi/Project/dim16_run/dim16_run_9/1111/tokenizer_data/tokenizer.json...
INFO - 11/14/25 15:48:52 - 2:33:29 - 0 / 100
INFO - 11/14/25 15:48:52 - 2:33:29 - number of examples in the dataset: 100
INFO - 11/14/25 15:48:52 - 2:33:29 - max word length: 113
INFO - 11/14/25 15:48:52 - 2:33:29 - number of unique characters in the vocabulary: 15
INFO - 11/14/25 15:48:52 - 2:33:29 - vocabulary:
INFO - 11/14/25 15:48:52 - 2:33:29 - ['V0', 'V1', 'V2', 'V3', 'V4', 'V5', 'V6', 'V7', 'V8', 'V9', 'V10', 'V11', 'V12', 'V13', 'V14']
INFO - 11/14/25 15:48:52 - 2:33:29 - split up the dataset into 90 training examples and 10 test examples
INFO - 11/14/25 15:48:52 - 2:33:29 - ============ Start of generation 18 ============
INFO - 11/14/25 15:48:52 - 2:33:29 - Memory allocated:  43.97MB, reserved: 7648.00MB
INFO - 11/14/25 15:48:52 - 2:33:29 - training
INFO - 11/14/25 15:48:53 - 2:33:29 - step 0 | loss 0.0632 | step time 264.56ms
INFO - 11/14/25 15:49:18 - 2:33:55 - step 100 | loss 0.0426 | step time 257.29ms
INFO - 11/14/25 15:49:44 - 2:34:21 - step 200 | loss 0.0417 | step time 257.17ms
INFO - 11/14/25 15:50:10 - 2:34:47 - step 300 | loss 0.0424 | step time 257.23ms
INFO - 11/14/25 15:50:36 - 2:35:12 - step 400 | loss 0.0432 | step time 257.24ms
INFO - 11/14/25 15:51:01 - 2:35:38 - step 500 | loss 0.0421 | step time 257.13ms
INFO - 11/14/25 15:51:02 - 2:35:38 - step 500 train loss: 0.04252122715115547 test loss: 0.13691772520542145
INFO - 11/14/25 15:51:02 - 2:35:38 - test loss 0.13691772520542145 is the best so far, saving model to /home/yuebi/Project/dim16_run/dim16_run_9/1111/model.pt
INFO - 11/14/25 15:51:27 - 2:36:04 - step 600 | loss 0.0427 | step time 257.25ms
INFO - 11/14/25 15:51:53 - 2:36:30 - step 700 | loss 0.0422 | step time 257.22ms
INFO - 11/14/25 15:52:19 - 2:36:55 - step 800 | loss 0.0597 | step time 257.24ms
INFO - 11/14/25 15:52:44 - 2:37:21 - step 900 | loss 0.0430 | step time 257.21ms
INFO - 11/14/25 15:53:10 - 2:37:47 - Memory allocated:  43.97MB, reserved: 7648.00MB
INFO - 11/14/25 15:53:10 - 2:37:47 - generating
INFO - 11/14/25 15:57:39 - 2:42:16 - distribution of sample lengths: average: 335.601 max: 352
INFO - 11/14/25 15:57:39 - 2:42:16 - printed 1000 samples
INFO - 11/14/25 15:57:39 - 2:42:16 - decoding
INFO - 11/14/25 15:57:39 - 2:42:16 - Decoding complete. Check the output in /home/yuebi/Project/dim16_run/dim16_run_9/1111/transformer-output-decoded.txt
INFO - 11/14/25 15:57:39 - 2:42:16 - Memory allocated:  43.97MB, reserved: 7648.00MB
INFO - 11/14/25 15:57:39 - 2:42:16 - ============ End of generation 18 ============
INFO - 11/14/25 15:57:39 - 2:42:16 - launching search.jl
INFO - 11/14/25 15:57:39 - 2:42:16 - JULIA_NUM_THREADS is set to 1
INFO - 11/14/25 15:57:53 - 2:42:29 - distribution of scores(all rounds)
INFO - 11/14/25 15:57:53 - 2:42:29 - Score:327680.0, Count:18
                                     
INFO - 11/14/25 15:57:53 - 2:42:29 - Score:299008.0, Count:18
                                     
INFO - 11/14/25 15:57:53 - 2:42:29 - Score:270336.0, Count:14
                                     
INFO - 11/14/25 15:57:53 - 2:42:29 - Score:258560.0, Count:18
                                     
INFO - 11/14/25 15:57:53 - 2:42:29 - Score:257664.0, Count:18
                                     
INFO - 11/14/25 15:57:53 - 2:42:29 - Score:256512.0, Count:14
                                     
INFO - 11/14/25 15:57:53 - 2:42:29 - tokenizing
INFO - 11/14/25 15:57:53 - 2:42:29 - Loading tokenizer from /home/yuebi/Project/dim16_run/dim16_run_9/1111/tokenizer_data/tokenizer.json...
INFO - 11/14/25 15:57:53 - 2:42:29 - 0 / 100
INFO - 11/14/25 15:57:53 - 2:42:29 - number of examples in the dataset: 100
INFO - 11/14/25 15:57:53 - 2:42:29 - max word length: 113
INFO - 11/14/25 15:57:53 - 2:42:29 - number of unique characters in the vocabulary: 15
INFO - 11/14/25 15:57:53 - 2:42:29 - vocabulary:
INFO - 11/14/25 15:57:53 - 2:42:29 - ['V0', 'V1', 'V2', 'V3', 'V4', 'V5', 'V6', 'V7', 'V8', 'V9', 'V10', 'V11', 'V12', 'V13', 'V14']
INFO - 11/14/25 15:57:53 - 2:42:29 - split up the dataset into 90 training examples and 10 test examples
INFO - 11/14/25 15:57:53 - 2:42:29 - ============ Start of generation 19 ============
INFO - 11/14/25 15:57:53 - 2:42:29 - Memory allocated:  43.97MB, reserved: 7648.00MB
INFO - 11/14/25 15:57:53 - 2:42:29 - training
INFO - 11/14/25 15:57:53 - 2:42:30 - step 0 | loss 0.0673 | step time 265.76ms
INFO - 11/14/25 15:58:19 - 2:42:55 - step 100 | loss 0.0427 | step time 257.23ms
INFO - 11/14/25 15:58:44 - 2:43:21 - step 200 | loss 0.0422 | step time 257.21ms
INFO - 11/14/25 15:59:10 - 2:43:47 - step 300 | loss 0.0419 | step time 257.25ms
INFO - 11/14/25 15:59:36 - 2:44:13 - step 400 | loss 0.0417 | step time 257.21ms
INFO - 11/14/25 16:00:02 - 2:44:38 - step 500 | loss 0.0428 | step time 257.24ms
INFO - 11/14/25 16:00:02 - 2:44:39 - step 500 train loss: 0.0425909087061882 test loss: 0.08715913444757462
INFO - 11/14/25 16:00:02 - 2:44:39 - test loss 0.08715913444757462 is the best so far, saving model to /home/yuebi/Project/dim16_run/dim16_run_9/1111/model.pt
INFO - 11/14/25 16:00:28 - 2:45:04 - step 600 | loss 0.0418 | step time 257.19ms
INFO - 11/14/25 16:00:53 - 2:45:30 - step 700 | loss 0.0425 | step time 257.22ms
INFO - 11/14/25 16:01:19 - 2:45:56 - step 800 | loss 0.0425 | step time 257.21ms
INFO - 11/14/25 16:01:45 - 2:46:21 - step 900 | loss 0.0424 | step time 257.20ms
INFO - 11/14/25 16:02:10 - 2:46:47 - Memory allocated:  43.97MB, reserved: 7648.00MB
INFO - 11/14/25 16:02:10 - 2:46:47 - generating
INFO - 11/14/25 16:06:39 - 2:51:16 - distribution of sample lengths: average: 335.785 max: 352
INFO - 11/14/25 16:06:39 - 2:51:16 - printed 1000 samples
INFO - 11/14/25 16:06:39 - 2:51:16 - decoding
INFO - 11/14/25 16:06:39 - 2:51:16 - Decoding complete. Check the output in /home/yuebi/Project/dim16_run/dim16_run_9/1111/transformer-output-decoded.txt
INFO - 11/14/25 16:06:39 - 2:51:16 - Memory allocated:  43.97MB, reserved: 7648.00MB
INFO - 11/14/25 16:06:39 - 2:51:16 - ============ End of generation 19 ============
INFO - 11/14/25 16:06:39 - 2:51:16 - launching search.jl
INFO - 11/14/25 16:06:39 - 2:51:16 - JULIA_NUM_THREADS is set to 1
INFO - 11/14/25 16:06:53 - 2:51:30 - distribution of scores(all rounds)
INFO - 11/14/25 16:06:53 - 2:51:30 - Score:327680.0, Count:19
                                     
INFO - 11/14/25 16:06:53 - 2:51:30 - Score:299008.0, Count:19
                                     
INFO - 11/14/25 16:06:53 - 2:51:30 - Score:270336.0, Count:15
                                     
INFO - 11/14/25 16:06:53 - 2:51:30 - Score:258560.0, Count:19
                                     
INFO - 11/14/25 16:06:53 - 2:51:30 - Score:257664.0, Count:19
                                     
INFO - 11/14/25 16:06:53 - 2:51:30 - Score:256512.0, Count:9
                                     
INFO - 11/14/25 16:06:53 - 2:51:30 - tokenizing
INFO - 11/14/25 16:06:53 - 2:51:30 - Loading tokenizer from /home/yuebi/Project/dim16_run/dim16_run_9/1111/tokenizer_data/tokenizer.json...
INFO - 11/14/25 16:06:53 - 2:51:30 - 0 / 100
INFO - 11/14/25 16:06:53 - 2:51:30 - number of examples in the dataset: 100
INFO - 11/14/25 16:06:53 - 2:51:30 - max word length: 113
INFO - 11/14/25 16:06:53 - 2:51:30 - number of unique characters in the vocabulary: 15
INFO - 11/14/25 16:06:53 - 2:51:30 - vocabulary:
INFO - 11/14/25 16:06:53 - 2:51:30 - ['V0', 'V1', 'V2', 'V3', 'V4', 'V5', 'V6', 'V7', 'V8', 'V9', 'V10', 'V11', 'V12', 'V13', 'V14']
INFO - 11/14/25 16:06:53 - 2:51:30 - split up the dataset into 90 training examples and 10 test examples
INFO - 11/14/25 16:06:53 - 2:51:30 - ============ Start of generation 20 ============
INFO - 11/14/25 16:06:53 - 2:51:30 - Memory allocated:  43.97MB, reserved: 7648.00MB
INFO - 11/14/25 16:06:53 - 2:51:30 - training
INFO - 11/14/25 16:06:53 - 2:51:30 - step 0 | loss 0.0601 | step time 263.06ms
INFO - 11/14/25 16:07:19 - 2:51:56 - step 100 | loss 0.0427 | step time 257.18ms
INFO - 11/14/25 16:07:45 - 2:52:21 - step 200 | loss 0.0429 | step time 257.29ms
INFO - 11/14/25 16:08:10 - 2:52:47 - step 300 | loss 0.0422 | step time 257.20ms
INFO - 11/14/25 16:08:36 - 2:53:13 - step 400 | loss 0.0424 | step time 257.17ms
INFO - 11/14/25 16:09:02 - 2:53:39 - step 500 | loss 0.0468 | step time 257.28ms
INFO - 11/14/25 16:09:02 - 2:53:39 - step 500 train loss: 0.04460275173187256 test loss: 0.18871459364891052
INFO - 11/14/25 16:09:02 - 2:53:39 - test loss 0.18871459364891052 is the best so far, saving model to /home/yuebi/Project/dim16_run/dim16_run_9/1111/model.pt
INFO - 11/14/25 16:09:28 - 2:54:05 - step 600 | loss 0.0418 | step time 257.26ms
INFO - 11/14/25 16:09:54 - 2:54:30 - step 700 | loss 0.0418 | step time 257.21ms
INFO - 11/14/25 16:10:19 - 2:54:56 - step 800 | loss 0.0424 | step time 257.24ms
INFO - 11/14/25 16:10:45 - 2:55:22 - step 900 | loss 0.0422 | step time 257.20ms
INFO - 11/14/25 16:11:11 - 2:55:47 - Memory allocated:  43.97MB, reserved: 7648.00MB
INFO - 11/14/25 16:11:11 - 2:55:47 - generating
INFO - 11/14/25 16:15:40 - 3:00:16 - distribution of sample lengths: average: 335.409 max: 352
INFO - 11/14/25 16:15:40 - 3:00:16 - printed 1000 samples
INFO - 11/14/25 16:15:40 - 3:00:16 - decoding
INFO - 11/14/25 16:15:40 - 3:00:16 - Decoding complete. Check the output in /home/yuebi/Project/dim16_run/dim16_run_9/1111/transformer-output-decoded.txt
INFO - 11/14/25 16:15:40 - 3:00:16 - Memory allocated:  43.97MB, reserved: 7648.00MB
INFO - 11/14/25 16:15:40 - 3:00:16 - ============ End of generation 20 ============
INFO - 11/14/25 16:15:40 - 3:00:16 - launching search.jl
INFO - 11/14/25 16:15:40 - 3:00:16 - JULIA_NUM_THREADS is set to 1
INFO - 11/14/25 16:15:43 - 0:00:00 - ============ Initialized logger ============
INFO - 11/14/25 16:15:43 - 0:00:00 - batch_size: 32
                                     command: python fc_loop.py --exp_name=dim16_run_9 --dump_path=/home/yuebi/Project/dim16_run --num_initial_empty_objects=100 --final_database_size=100 --target_db_size=100 --nb_local_searches=800 --max_epochs=20 --type=transformer --max-output-length=271 --sample-only=1000 --max-steps=1000 --n_tokens=15 --n-layer=8 --n-embd=128 --n-embd2=128 --exp_id=1111 --exp_id "1111"
                                     cpu: False
                                     debug: False
                                     debug_slurm: False
                                     dump_path: /home/yuebi/Project/dim16_run/dim16_run_9/1111
                                     exp_id: 1111
                                     exp_name: dim16_run_9
                                     final_database_size: 100
                                     gen_batch_size: 1000
                                     global_rank: 0
                                     is_master: True
                                     is_slurm_job: True
                                     learning_rate: 0.0005
                                     local_rank: 0
                                     master_addr: gpu-6
                                     master_port: -1
                                     max_epochs: 20
                                     max_output_length: 271
                                     max_steps: 1000
                                     multi_gpu: False
                                     multi_node: False
                                     n_embd: 128
                                     n_embd2: 128
                                     n_gpu_per_node: 1
                                     n_head: 8
                                     n_layer: 8
                                     n_nodes: 1
                                     n_tokens: 15
                                     nb_local_searches: 800
                                     nb_threads: 1
                                     node_id: 0
                                     num_initial_empty_objects: 100
                                     num_workers: 8
                                     sample_only: 1000
                                     seed: -1
                                     target_db_size: 100
                                     temperature: 1.0
                                     top_k: -1
                                     type: transformer
                                     weight_decay: 0.01
                                     world_size: 1
INFO - 11/14/25 16:15:43 - 0:00:00 - The experiment will be stored in /home/yuebi/Project/dim16_run/dim16_run_9/1111
                                     
INFO - 11/14/25 16:15:43 - 0:00:00 - Running command: python fc_loop.py --exp_name=dim16_run_9 --dump_path=/home/yuebi/Project/dim16_run --num_initial_empty_objects=100 --final_database_size=100 --target_db_size=100 --nb_local_searches=800 --max_epochs=20 --type=transformer --max-output-length=271 --sample-only=1000 --max-steps=1000 --n_tokens=15 --n-layer=8 --n-embd=128 --n-embd2=128 --exp_id=1111

WARNING - 11/14/25 16:15:43 - 0:00:00 - Signal handler installed.
INFO - 11/14/25 16:15:43 - 0:00:00 - seed: 151435322
INFO - 11/14/25 16:15:43 - 0:00:00 - initializing at generation: 19
INFO - 11/14/25 16:15:43 - 0:00:00 - number of examples in the dataset: 100
INFO - 11/14/25 16:15:43 - 0:00:00 - max word length: 113
INFO - 11/14/25 16:15:43 - 0:00:00 - number of unique characters in the vocabulary: 15
INFO - 11/14/25 16:15:43 - 0:00:00 - vocabulary:
INFO - 11/14/25 16:15:43 - 0:00:00 - ['V0', 'V1', 'V2', 'V3', 'V4', 'V5', 'V6', 'V7', 'V8', 'V9', 'V10', 'V11', 'V12', 'V13', 'V14']
INFO - 11/14/25 16:15:43 - 0:00:00 - split up the dataset into 90 training examples and 10 test examples
INFO - 11/14/25 16:15:43 - 0:00:00 - dataset determined that: vocab_size=16, block_size=272
INFO - 11/14/25 16:15:43 - 0:00:00 - model #params: 1625344
INFO - 11/14/25 16:15:43 - 0:00:00 - resuming from existing model
INFO - 11/14/25 16:15:43 - 0:00:00 - ============ Start of generation 19 ============
INFO - 11/14/25 16:15:43 - 0:00:00 - Memory allocated:  8.46MB, reserved: 18.00MB
INFO - 11/14/25 16:15:43 - 0:00:00 - training
INFO - 11/14/25 16:15:48 - 0:00:05 - step 0 | loss 0.0519 | step time 595.34ms
INFO - 11/14/25 16:16:14 - 0:00:31 - step 100 | loss 0.0425 | step time 256.96ms
INFO - 11/14/25 16:16:39 - 0:00:56 - step 200 | loss 0.0430 | step time 256.97ms
INFO - 11/14/25 16:17:05 - 0:01:22 - step 300 | loss 0.0426 | step time 257.03ms
INFO - 11/14/25 16:17:31 - 0:01:48 - step 400 | loss 0.0422 | step time 257.04ms
INFO - 11/14/25 16:17:56 - 0:02:13 - step 500 | loss 0.0414 | step time 257.02ms
INFO - 11/14/25 16:17:57 - 0:02:14 - step 500 train loss: 0.04243839532136917 test loss: 0.1293363720178604
INFO - 11/14/25 16:17:57 - 0:02:14 - test loss 0.1293363720178604 is the best so far, saving model to /home/yuebi/Project/dim16_run/dim16_run_9/1111/model.pt
INFO - 11/14/25 16:18:22 - 0:02:39 - step 600 | loss 0.0429 | step time 257.03ms
INFO - 11/14/25 16:18:48 - 0:03:05 - step 700 | loss 0.0427 | step time 256.93ms
INFO - 11/14/25 16:19:14 - 0:03:31 - step 800 | loss 0.0427 | step time 257.01ms
INFO - 11/14/25 16:19:40 - 0:03:57 - step 900 | loss 0.0423 | step time 256.97ms
INFO - 11/14/25 16:20:05 - 0:04:22 - Memory allocated:  43.97MB, reserved: 2272.00MB
INFO - 11/14/25 16:20:05 - 0:04:22 - generating
INFO - 11/14/25 16:24:43 - 0:09:00 - distribution of sample lengths: average: 334.866 max: 352
INFO - 11/14/25 16:24:43 - 0:09:00 - printed 1000 samples
INFO - 11/14/25 16:24:43 - 0:09:00 - decoding
INFO - 11/14/25 16:24:43 - 0:09:00 - Decoding complete. Check the output in /home/yuebi/Project/dim16_run/dim16_run_9/1111/transformer-output-decoded.txt
INFO - 11/14/25 16:24:43 - 0:09:00 - Memory allocated:  43.97MB, reserved: 7644.00MB
INFO - 11/14/25 16:24:43 - 0:09:00 - ============ End of generation 19 ============
INFO - 11/14/25 16:24:43 - 0:09:00 - launching search.jl
INFO - 11/14/25 16:24:43 - 0:09:00 - JULIA_NUM_THREADS is set to 1
INFO - 11/14/25 16:24:56 - 0:09:13 - distribution of scores(all rounds)
INFO - 11/14/25 16:24:56 - 0:09:13 - Score:327680.0, Count:20
                                     
INFO - 11/14/25 16:24:56 - 0:09:13 - Score:299008.0, Count:20
                                     
INFO - 11/14/25 16:24:56 - 0:09:13 - Score:270336.0, Count:16
                                     
INFO - 11/14/25 16:24:56 - 0:09:13 - Score:258560.0, Count:20
                                     
INFO - 11/14/25 16:24:56 - 0:09:13 - Score:257664.0, Count:20
                                     
INFO - 11/14/25 16:24:56 - 0:09:13 - Score:256512.0, Count:4
                                     
INFO - 11/14/25 16:24:56 - 0:09:13 - tokenizing
INFO - 11/14/25 16:24:56 - 0:09:13 - Loading tokenizer from /home/yuebi/Project/dim16_run/dim16_run_9/1111/tokenizer_data/tokenizer.json...
INFO - 11/14/25 16:24:56 - 0:09:13 - 0 / 100
INFO - 11/14/25 16:24:56 - 0:09:14 - number of examples in the dataset: 100
INFO - 11/14/25 16:24:56 - 0:09:14 - max word length: 113
INFO - 11/14/25 16:24:56 - 0:09:14 - number of unique characters in the vocabulary: 15
INFO - 11/14/25 16:24:57 - 0:09:14 - vocabulary:
INFO - 11/14/25 16:24:57 - 0:09:14 - ['V0', 'V1', 'V2', 'V3', 'V4', 'V5', 'V6', 'V7', 'V8', 'V9', 'V10', 'V11', 'V12', 'V13', 'V14']
INFO - 11/14/25 16:24:57 - 0:09:14 - split up the dataset into 90 training examples and 10 test examples
INFO - 11/14/25 16:24:57 - 0:09:14 - ============ Start of generation 20 ============
INFO - 11/14/25 16:24:57 - 0:09:14 - Memory allocated:  43.97MB, reserved: 7644.00MB
INFO - 11/14/25 16:24:57 - 0:09:14 - training
INFO - 11/14/25 16:24:57 - 0:09:14 - step 0 | loss 0.0453 | step time 262.95ms
INFO - 11/14/25 16:25:23 - 0:09:40 - step 100 | loss 0.0431 | step time 257.17ms
INFO - 11/14/25 16:25:48 - 0:10:05 - step 200 | loss 0.0439 | step time 257.20ms
INFO - 11/14/25 16:26:14 - 0:10:31 - step 300 | loss 0.0424 | step time 257.19ms
INFO - 11/14/25 16:26:40 - 0:10:57 - step 400 | loss 0.0426 | step time 257.18ms
INFO - 11/14/25 16:27:05 - 0:11:23 - step 500 | loss 0.0428 | step time 257.13ms
INFO - 11/14/25 16:27:06 - 0:11:23 - step 500 train loss: 0.04244474694132805 test loss: 0.12038901448249817
INFO - 11/14/25 16:27:06 - 0:11:23 - test loss 0.12038901448249817 is the best so far, saving model to /home/yuebi/Project/dim16_run/dim16_run_9/1111/model.pt
INFO - 11/14/25 16:27:31 - 0:11:49 - step 600 | loss 0.0420 | step time 257.17ms
INFO - 11/14/25 16:27:57 - 0:12:14 - step 700 | loss 0.0431 | step time 257.18ms
INFO - 11/14/25 16:28:23 - 0:12:40 - step 800 | loss 0.0425 | step time 257.16ms
INFO - 11/14/25 16:28:49 - 0:13:06 - step 900 | loss 0.0422 | step time 257.22ms
INFO - 11/14/25 16:29:14 - 0:13:31 - Memory allocated:  43.97MB, reserved: 7648.00MB
INFO - 11/14/25 16:29:14 - 0:13:31 - generating
INFO - 11/14/25 16:33:43 - 0:18:00 - distribution of sample lengths: average: 335.937 max: 352
INFO - 11/14/25 16:33:43 - 0:18:00 - printed 1000 samples
INFO - 11/14/25 16:33:43 - 0:18:00 - decoding
INFO - 11/14/25 16:33:43 - 0:18:00 - Decoding complete. Check the output in /home/yuebi/Project/dim16_run/dim16_run_9/1111/transformer-output-decoded.txt
INFO - 11/14/25 16:33:43 - 0:18:00 - Memory allocated:  43.97MB, reserved: 7648.00MB
INFO - 11/14/25 16:33:43 - 0:18:00 - ============ End of generation 20 ============
INFO - 11/14/25 16:33:43 - 0:18:00 - launching search.jl
INFO - 11/14/25 16:33:43 - 0:18:00 - JULIA_NUM_THREADS is set to 1
INFO - 11/14/25 16:33:57 - 0:18:14 - distribution of scores(all rounds)
INFO - 11/14/25 16:33:57 - 0:18:14 - Score:327680.0, Count:21
                                     
INFO - 11/14/25 16:33:57 - 0:18:14 - Score:299008.0, Count:21
                                     
INFO - 11/14/25 16:33:57 - 0:18:14 - Score:270336.0, Count:17
                                     
INFO - 11/14/25 16:33:57 - 0:18:14 - Score:258560.0, Count:21
                                     
INFO - 11/14/25 16:33:57 - 0:18:14 - Score:257664.0, Count:20
                                     
INFO - 11/14/25 16:33:57 - 0:18:14 - tokenizing
INFO - 11/14/25 16:33:57 - 0:18:14 - Loading tokenizer from /home/yuebi/Project/dim16_run/dim16_run_9/1111/tokenizer_data/tokenizer.json...
INFO - 11/14/25 16:33:57 - 0:18:14 - 0 / 100
INFO - 11/14/25 16:33:57 - 0:18:14 - number of examples in the dataset: 100
INFO - 11/14/25 16:33:57 - 0:18:14 - max word length: 113
INFO - 11/14/25 16:33:57 - 0:18:14 - number of unique characters in the vocabulary: 15
INFO - 11/14/25 16:33:57 - 0:18:14 - vocabulary:
INFO - 11/14/25 16:33:57 - 0:18:14 - ['V0', 'V1', 'V2', 'V3', 'V4', 'V5', 'V6', 'V7', 'V8', 'V9', 'V10', 'V11', 'V12', 'V13', 'V14']
INFO - 11/14/25 16:33:57 - 0:18:14 - split up the dataset into 90 training examples and 10 test examples
INFO - 11/14/25 16:33:59 - 0:00:00 - ============ Initialized logger ============
INFO - 11/14/25 16:33:59 - 0:00:00 - batch_size: 32
                                     command: python fc_loop.py --exp_name=dim16_run_9 --dump_path=/home/yuebi/Project/dim16_run --num_initial_empty_objects=100 --final_database_size=100 --target_db_size=100 --nb_local_searches=800 --max_epochs=20 --type=transformer --max-output-length=271 --sample-only=1000 --max-steps=1000 --n_tokens=15 --n-layer=8 --n-embd=128 --n-embd2=128 --exp_id=1111 --exp_id "1111"
                                     cpu: False
                                     debug: False
                                     debug_slurm: False
                                     dump_path: /home/yuebi/Project/dim16_run/dim16_run_9/1111
                                     exp_id: 1111
                                     exp_name: dim16_run_9
                                     final_database_size: 100
                                     gen_batch_size: 1000
                                     global_rank: 0
                                     is_master: True
                                     is_slurm_job: True
                                     learning_rate: 0.0005
                                     local_rank: 0
                                     master_addr: gpu-6
                                     master_port: -1
                                     max_epochs: 20
                                     max_output_length: 271
                                     max_steps: 1000
                                     multi_gpu: False
                                     multi_node: False
                                     n_embd: 128
                                     n_embd2: 128
                                     n_gpu_per_node: 1
                                     n_head: 8
                                     n_layer: 8
                                     n_nodes: 1
                                     n_tokens: 15
                                     nb_local_searches: 800
                                     nb_threads: 1
                                     node_id: 0
                                     num_initial_empty_objects: 100
                                     num_workers: 8
                                     sample_only: 1000
                                     seed: -1
                                     target_db_size: 100
                                     temperature: 1.0
                                     top_k: -1
                                     type: transformer
                                     weight_decay: 0.01
                                     world_size: 1
INFO - 11/14/25 16:33:59 - 0:00:00 - The experiment will be stored in /home/yuebi/Project/dim16_run/dim16_run_9/1111
                                     
INFO - 11/14/25 16:33:59 - 0:00:00 - Running command: python fc_loop.py --exp_name=dim16_run_9 --dump_path=/home/yuebi/Project/dim16_run --num_initial_empty_objects=100 --final_database_size=100 --target_db_size=100 --nb_local_searches=800 --max_epochs=20 --type=transformer --max-output-length=271 --sample-only=1000 --max-steps=1000 --n_tokens=15 --n-layer=8 --n-embd=128 --n-embd2=128 --exp_id=1111

WARNING - 11/14/25 16:33:59 - 0:00:00 - Signal handler installed.
INFO - 11/14/25 16:33:59 - 0:00:00 - seed: 510682209
INFO - 11/14/25 16:33:59 - 0:00:00 - initializing at generation: 19
INFO - 11/14/25 16:33:59 - 0:00:00 - number of examples in the dataset: 100
INFO - 11/14/25 16:33:59 - 0:00:00 - max word length: 113
INFO - 11/14/25 16:33:59 - 0:00:00 - number of unique characters in the vocabulary: 15
INFO - 11/14/25 16:33:59 - 0:00:00 - vocabulary:
INFO - 11/14/25 16:33:59 - 0:00:00 - ['V0', 'V1', 'V2', 'V3', 'V4', 'V5', 'V6', 'V7', 'V8', 'V9', 'V10', 'V11', 'V12', 'V13', 'V14']
INFO - 11/14/25 16:33:59 - 0:00:00 - split up the dataset into 90 training examples and 10 test examples
INFO - 11/14/25 16:33:59 - 0:00:00 - dataset determined that: vocab_size=16, block_size=272
INFO - 11/14/25 16:33:59 - 0:00:00 - model #params: 1625344
INFO - 11/14/25 16:33:59 - 0:00:00 - resuming from existing model
INFO - 11/14/25 16:33:59 - 0:00:00 - ============ Start of generation 19 ============
INFO - 11/14/25 16:33:59 - 0:00:00 - Memory allocated:  8.46MB, reserved: 18.00MB
INFO - 11/14/25 16:33:59 - 0:00:00 - training
INFO - 11/14/25 16:34:04 - 0:00:05 - step 0 | loss 0.0506 | step time 593.65ms
INFO - 11/14/25 16:34:30 - 0:00:31 - step 100 | loss 0.0433 | step time 256.99ms
INFO - 11/14/25 16:34:55 - 0:00:56 - step 200 | loss 0.0425 | step time 257.04ms
INFO - 11/14/25 16:35:21 - 0:01:22 - step 300 | loss 0.0430 | step time 257.01ms
INFO - 11/14/25 16:35:47 - 0:01:48 - step 400 | loss 0.0427 | step time 256.98ms
INFO - 11/14/25 16:36:13 - 0:02:13 - step 500 | loss 0.0430 | step time 257.13ms
INFO - 11/14/25 16:36:13 - 0:02:14 - step 500 train loss: 0.04246130958199501 test loss: 0.10084729641675949
INFO - 11/14/25 16:36:13 - 0:02:14 - test loss 0.10084729641675949 is the best so far, saving model to /home/yuebi/Project/dim16_run/dim16_run_9/1111/model.pt
INFO - 11/14/25 16:36:39 - 0:02:39 - step 600 | loss 0.0422 | step time 257.08ms
INFO - 11/14/25 16:37:04 - 0:03:05 - step 700 | loss 0.0427 | step time 256.96ms
INFO - 11/14/25 16:37:30 - 0:03:31 - step 800 | loss 0.0671 | step time 256.96ms
INFO - 11/14/25 16:37:56 - 0:03:56 - step 900 | loss 0.0426 | step time 257.07ms
INFO - 11/14/25 16:38:21 - 0:04:22 - Memory allocated:  43.97MB, reserved: 2272.00MB
INFO - 11/14/25 16:38:21 - 0:04:22 - generating
INFO - 11/14/25 16:42:59 - 0:09:00 - distribution of sample lengths: average: 335.79 max: 352
INFO - 11/14/25 16:42:59 - 0:09:00 - printed 1000 samples
INFO - 11/14/25 16:42:59 - 0:09:00 - decoding
INFO - 11/14/25 16:42:59 - 0:09:00 - Decoding complete. Check the output in /home/yuebi/Project/dim16_run/dim16_run_9/1111/transformer-output-decoded.txt
INFO - 11/14/25 16:42:59 - 0:09:00 - Memory allocated:  43.97MB, reserved: 7644.00MB
INFO - 11/14/25 16:42:59 - 0:09:00 - ============ End of generation 19 ============
INFO - 11/14/25 16:42:59 - 0:09:00 - launching search.jl
INFO - 11/14/25 16:42:59 - 0:09:00 - JULIA_NUM_THREADS is set to 1
INFO - 11/14/25 16:43:13 - 0:09:14 - distribution of scores(all rounds)
INFO - 11/14/25 16:43:13 - 0:09:14 - Score:327680.0, Count:22
                                     
INFO - 11/14/25 16:43:13 - 0:09:14 - Score:299008.0, Count:22
                                     
INFO - 11/14/25 16:43:13 - 0:09:14 - Score:270336.0, Count:18
                                     
INFO - 11/14/25 16:43:13 - 0:09:14 - Score:258560.0, Count:22
                                     
INFO - 11/14/25 16:43:13 - 0:09:14 - Score:257664.0, Count:16
                                     
INFO - 11/14/25 16:43:13 - 0:09:14 - tokenizing
INFO - 11/14/25 16:43:13 - 0:09:14 - Loading tokenizer from /home/yuebi/Project/dim16_run/dim16_run_9/1111/tokenizer_data/tokenizer.json...
INFO - 11/14/25 16:43:13 - 0:09:14 - 0 / 100
INFO - 11/14/25 16:43:13 - 0:09:14 - number of examples in the dataset: 100
INFO - 11/14/25 16:43:13 - 0:09:14 - max word length: 113
INFO - 11/14/25 16:43:13 - 0:09:14 - number of unique characters in the vocabulary: 15
INFO - 11/14/25 16:43:13 - 0:09:14 - vocabulary:
INFO - 11/14/25 16:43:13 - 0:09:14 - ['V0', 'V1', 'V2', 'V3', 'V4', 'V5', 'V6', 'V7', 'V8', 'V9', 'V10', 'V11', 'V12', 'V13', 'V14']
INFO - 11/14/25 16:43:13 - 0:09:14 - split up the dataset into 90 training examples and 10 test examples
INFO - 11/14/25 16:43:13 - 0:09:14 - ============ Start of generation 20 ============
INFO - 11/14/25 16:43:13 - 0:09:14 - Memory allocated:  43.97MB, reserved: 7644.00MB
INFO - 11/14/25 16:43:13 - 0:09:14 - training
INFO - 11/14/25 16:43:13 - 0:09:14 - step 0 | loss 0.0531 | step time 264.29ms
INFO - 11/14/25 16:43:39 - 0:09:40 - step 100 | loss 0.0423 | step time 257.21ms
INFO - 11/14/25 16:44:05 - 0:10:05 - step 200 | loss 0.0431 | step time 257.20ms
INFO - 11/14/25 16:44:30 - 0:10:31 - step 300 | loss 0.0419 | step time 257.18ms
INFO - 11/14/25 16:44:56 - 0:10:57 - step 400 | loss 0.0423 | step time 257.09ms
INFO - 11/14/25 16:45:22 - 0:11:23 - step 500 | loss 0.0424 | step time 257.18ms
INFO - 11/14/25 16:45:22 - 0:11:23 - step 500 train loss: 0.04237231984734535 test loss: 0.10374615341424942
INFO - 11/14/25 16:45:22 - 0:11:23 - test loss 0.10374615341424942 is the best so far, saving model to /home/yuebi/Project/dim16_run/dim16_run_9/1111/model.pt
INFO - 11/14/25 16:45:48 - 0:11:49 - step 600 | loss 0.0419 | step time 257.17ms
INFO - 11/14/25 16:46:14 - 0:12:14 - step 700 | loss 0.0416 | step time 257.23ms
INFO - 11/14/25 16:46:39 - 0:12:40 - step 800 | loss 0.0434 | step time 257.21ms
INFO - 11/14/25 16:47:05 - 0:13:06 - step 900 | loss 0.0422 | step time 257.20ms
INFO - 11/14/25 16:47:30 - 0:13:31 - Memory allocated:  43.97MB, reserved: 7648.00MB
INFO - 11/14/25 16:47:30 - 0:13:31 - generating
INFO - 11/14/25 16:51:59 - 0:18:00 - distribution of sample lengths: average: 335.482 max: 352
INFO - 11/14/25 16:51:59 - 0:18:00 - printed 1000 samples
INFO - 11/14/25 16:51:59 - 0:18:00 - decoding
INFO - 11/14/25 16:51:59 - 0:18:00 - Decoding complete. Check the output in /home/yuebi/Project/dim16_run/dim16_run_9/1111/transformer-output-decoded.txt
INFO - 11/14/25 16:51:59 - 0:18:00 - Memory allocated:  43.97MB, reserved: 7648.00MB
INFO - 11/14/25 16:51:59 - 0:18:00 - ============ End of generation 20 ============
INFO - 11/14/25 16:51:59 - 0:18:00 - launching search.jl
INFO - 11/14/25 16:51:59 - 0:18:00 - JULIA_NUM_THREADS is set to 1
INFO - 11/14/25 16:52:13 - 0:18:14 - distribution of scores(all rounds)
INFO - 11/14/25 16:52:13 - 0:18:14 - Score:327680.0, Count:23
                                     
INFO - 11/14/25 16:52:13 - 0:18:14 - Score:299008.0, Count:23
                                     
INFO - 11/14/25 16:52:13 - 0:18:14 - Score:270336.0, Count:19
                                     
INFO - 11/14/25 16:52:13 - 0:18:14 - Score:258560.0, Count:23
                                     
INFO - 11/14/25 16:52:13 - 0:18:14 - Score:257664.0, Count:12
                                     
INFO - 11/14/25 16:52:13 - 0:18:14 - tokenizing
INFO - 11/14/25 16:52:13 - 0:18:14 - Loading tokenizer from /home/yuebi/Project/dim16_run/dim16_run_9/1111/tokenizer_data/tokenizer.json...
INFO - 11/14/25 16:52:13 - 0:18:14 - 0 / 100
INFO - 11/14/25 16:52:13 - 0:18:14 - number of examples in the dataset: 100
INFO - 11/14/25 16:52:13 - 0:18:14 - max word length: 113
INFO - 11/14/25 16:52:13 - 0:18:14 - number of unique characters in the vocabulary: 15
INFO - 11/14/25 16:52:13 - 0:18:14 - vocabulary:
INFO - 11/14/25 16:52:13 - 0:18:14 - ['V0', 'V1', 'V2', 'V3', 'V4', 'V5', 'V6', 'V7', 'V8', 'V9', 'V10', 'V11', 'V12', 'V13', 'V14']
INFO - 11/14/25 16:52:13 - 0:18:14 - split up the dataset into 90 training examples and 10 test examples
INFO - 11/14/25 16:52:16 - 0:00:00 - ============ Initialized logger ============
INFO - 11/14/25 16:52:16 - 0:00:00 - batch_size: 32
                                     command: python fc_loop.py --exp_name=dim16_run_9 --dump_path=/home/yuebi/Project/dim16_run --num_initial_empty_objects=100 --final_database_size=100 --target_db_size=100 --nb_local_searches=800 --max_epochs=20 --type=transformer --max-output-length=271 --sample-only=1000 --max-steps=1000 --n_tokens=15 --n-layer=8 --n-embd=128 --n-embd2=128 --exp_id=1111 --exp_id "1111"
                                     cpu: False
                                     debug: False
                                     debug_slurm: False
                                     dump_path: /home/yuebi/Project/dim16_run/dim16_run_9/1111
                                     exp_id: 1111
                                     exp_name: dim16_run_9
                                     final_database_size: 100
                                     gen_batch_size: 1000
                                     global_rank: 0
                                     is_master: True
                                     is_slurm_job: True
                                     learning_rate: 0.0005
                                     local_rank: 0
                                     master_addr: gpu-6
                                     master_port: -1
                                     max_epochs: 20
                                     max_output_length: 271
                                     max_steps: 1000
                                     multi_gpu: False
                                     multi_node: False
                                     n_embd: 128
                                     n_embd2: 128
                                     n_gpu_per_node: 1
                                     n_head: 8
                                     n_layer: 8
                                     n_nodes: 1
                                     n_tokens: 15
                                     nb_local_searches: 800
                                     nb_threads: 1
                                     node_id: 0
                                     num_initial_empty_objects: 100
                                     num_workers: 8
                                     sample_only: 1000
                                     seed: -1
                                     target_db_size: 100
                                     temperature: 1.0
                                     top_k: -1
                                     type: transformer
                                     weight_decay: 0.01
                                     world_size: 1
INFO - 11/14/25 16:52:16 - 0:00:00 - The experiment will be stored in /home/yuebi/Project/dim16_run/dim16_run_9/1111
                                     
INFO - 11/14/25 16:52:16 - 0:00:00 - Running command: python fc_loop.py --exp_name=dim16_run_9 --dump_path=/home/yuebi/Project/dim16_run --num_initial_empty_objects=100 --final_database_size=100 --target_db_size=100 --nb_local_searches=800 --max_epochs=20 --type=transformer --max-output-length=271 --sample-only=1000 --max-steps=1000 --n_tokens=15 --n-layer=8 --n-embd=128 --n-embd2=128 --exp_id=1111

WARNING - 11/14/25 16:52:16 - 0:00:00 - Signal handler installed.
INFO - 11/14/25 16:52:16 - 0:00:00 - seed: 145173069
INFO - 11/14/25 16:52:16 - 0:00:00 - initializing at generation: 19
INFO - 11/14/25 16:52:16 - 0:00:00 - number of examples in the dataset: 100
INFO - 11/14/25 16:52:16 - 0:00:00 - max word length: 113
INFO - 11/14/25 16:52:16 - 0:00:00 - number of unique characters in the vocabulary: 15
INFO - 11/14/25 16:52:16 - 0:00:00 - vocabulary:
INFO - 11/14/25 16:52:16 - 0:00:00 - ['V0', 'V1', 'V2', 'V3', 'V4', 'V5', 'V6', 'V7', 'V8', 'V9', 'V10', 'V11', 'V12', 'V13', 'V14']
INFO - 11/14/25 16:52:16 - 0:00:00 - split up the dataset into 90 training examples and 10 test examples
INFO - 11/14/25 16:52:16 - 0:00:00 - dataset determined that: vocab_size=16, block_size=272
INFO - 11/14/25 16:52:16 - 0:00:00 - model #params: 1625344
INFO - 11/14/25 16:52:16 - 0:00:00 - resuming from existing model
INFO - 11/14/25 16:52:16 - 0:00:00 - ============ Start of generation 19 ============
INFO - 11/14/25 16:52:16 - 0:00:00 - Memory allocated:  8.46MB, reserved: 18.00MB
INFO - 11/14/25 16:52:16 - 0:00:00 - training
INFO - 11/14/25 16:52:21 - 0:00:05 - step 0 | loss 0.0586 | step time 591.75ms
INFO - 11/14/25 16:52:46 - 0:00:31 - step 100 | loss 0.0420 | step time 257.00ms
INFO - 11/14/25 16:53:12 - 0:00:56 - step 200 | loss 0.0423 | step time 256.95ms
INFO - 11/14/25 16:53:38 - 0:01:22 - step 300 | loss 0.0423 | step time 256.97ms
INFO - 11/14/25 16:54:03 - 0:01:48 - step 400 | loss 0.0429 | step time 256.90ms
INFO - 11/14/25 16:54:29 - 0:02:13 - step 500 | loss 0.0417 | step time 257.05ms
INFO - 11/14/25 16:54:29 - 0:02:14 - step 500 train loss: 0.04230877012014389 test loss: 0.09881851822137833
INFO - 11/14/25 16:54:29 - 0:02:14 - test loss 0.09881851822137833 is the best so far, saving model to /home/yuebi/Project/dim16_run/dim16_run_9/1111/model.pt
INFO - 11/14/25 16:54:55 - 0:02:39 - step 600 | loss 0.0428 | step time 256.91ms
INFO - 11/14/25 16:55:21 - 0:03:05 - step 700 | loss 0.0440 | step time 256.86ms
INFO - 11/14/25 16:55:46 - 0:03:31 - step 800 | loss 0.0422 | step time 256.91ms
INFO - 11/14/25 16:56:12 - 0:03:56 - step 900 | loss 0.0418 | step time 256.87ms
INFO - 11/14/25 16:56:38 - 0:04:22 - Memory allocated:  43.97MB, reserved: 2272.00MB
INFO - 11/14/25 16:56:38 - 0:04:22 - generating
INFO - 11/14/25 17:01:15 - 0:09:00 - distribution of sample lengths: average: 335.999 max: 353
INFO - 11/14/25 17:01:15 - 0:09:00 - printed 1000 samples
INFO - 11/14/25 17:01:15 - 0:09:00 - decoding
INFO - 11/14/25 17:01:15 - 0:09:00 - Decoding complete. Check the output in /home/yuebi/Project/dim16_run/dim16_run_9/1111/transformer-output-decoded.txt
INFO - 11/14/25 17:01:15 - 0:09:00 - Memory allocated:  43.97MB, reserved: 7644.00MB
INFO - 11/14/25 17:01:15 - 0:09:00 - ============ End of generation 19 ============
INFO - 11/14/25 17:01:15 - 0:09:00 - launching search.jl
INFO - 11/14/25 17:01:15 - 0:09:00 - JULIA_NUM_THREADS is set to 1
INFO - 11/14/25 17:01:29 - 0:09:13 - distribution of scores(all rounds)
INFO - 11/14/25 17:01:29 - 0:09:13 - Score:327680.0, Count:24
                                     
INFO - 11/14/25 17:01:29 - 0:09:13 - Score:299008.0, Count:24
                                     
INFO - 11/14/25 17:01:29 - 0:09:13 - Score:270336.0, Count:20
                                     
INFO - 11/14/25 17:01:29 - 0:09:13 - Score:258560.0, Count:24
                                     
INFO - 11/14/25 17:01:29 - 0:09:13 - Score:257664.0, Count:8
                                     
INFO - 11/14/25 17:01:29 - 0:09:13 - tokenizing
INFO - 11/14/25 17:01:29 - 0:09:13 - Loading tokenizer from /home/yuebi/Project/dim16_run/dim16_run_9/1111/tokenizer_data/tokenizer.json...
INFO - 11/14/25 17:01:29 - 0:09:13 - 0 / 100
INFO - 11/14/25 17:01:29 - 0:09:13 - number of examples in the dataset: 100
INFO - 11/14/25 17:01:29 - 0:09:13 - max word length: 113
INFO - 11/14/25 17:01:29 - 0:09:13 - number of unique characters in the vocabulary: 15
INFO - 11/14/25 17:01:29 - 0:09:13 - vocabulary:
INFO - 11/14/25 17:01:29 - 0:09:13 - ['V0', 'V1', 'V2', 'V3', 'V4', 'V5', 'V6', 'V7', 'V8', 'V9', 'V10', 'V11', 'V12', 'V13', 'V14']
INFO - 11/14/25 17:01:29 - 0:09:13 - split up the dataset into 90 training examples and 10 test examples
INFO - 11/14/25 17:01:29 - 0:09:13 - ============ Start of generation 20 ============
INFO - 11/14/25 17:01:29 - 0:09:13 - Memory allocated:  43.97MB, reserved: 7644.00MB
INFO - 11/14/25 17:01:29 - 0:09:13 - training
INFO - 11/14/25 17:01:30 - 0:09:14 - step 0 | loss 0.0608 | step time 264.22ms
INFO - 11/14/25 17:01:55 - 0:09:40 - step 100 | loss 0.0431 | step time 257.18ms
INFO - 11/14/25 17:02:21 - 0:10:05 - step 200 | loss 0.0424 | step time 257.18ms
INFO - 11/14/25 17:02:47 - 0:10:31 - step 300 | loss 0.0417 | step time 257.30ms
INFO - 11/14/25 17:03:12 - 0:10:57 - step 400 | loss 0.0422 | step time 257.27ms
INFO - 11/14/25 17:03:38 - 0:11:22 - step 500 | loss 0.0421 | step time 257.24ms
INFO - 11/14/25 17:03:38 - 0:11:23 - step 500 train loss: 0.042443323880434036 test loss: 0.1026621088385582
INFO - 11/14/25 17:03:38 - 0:11:23 - test loss 0.1026621088385582 is the best so far, saving model to /home/yuebi/Project/dim16_run/dim16_run_9/1111/model.pt
INFO - 11/14/25 17:04:04 - 0:11:48 - step 600 | loss 0.0429 | step time 257.34ms
INFO - 11/14/25 17:04:30 - 0:12:14 - step 700 | loss 0.0420 | step time 257.21ms
INFO - 11/14/25 17:04:56 - 0:12:40 - step 800 | loss 0.0441 | step time 257.29ms
INFO - 11/14/25 17:05:21 - 0:13:06 - step 900 | loss 0.0420 | step time 257.23ms
INFO - 11/14/25 17:05:47 - 0:13:31 - Memory allocated:  43.97MB, reserved: 7648.00MB
INFO - 11/14/25 17:05:47 - 0:13:31 - generating
INFO - 11/14/25 17:10:16 - 0:18:00 - distribution of sample lengths: average: 335.491 max: 352
INFO - 11/14/25 17:10:16 - 0:18:00 - printed 1000 samples
INFO - 11/14/25 17:10:16 - 0:18:00 - decoding
INFO - 11/14/25 17:10:16 - 0:18:00 - Decoding complete. Check the output in /home/yuebi/Project/dim16_run/dim16_run_9/1111/transformer-output-decoded.txt
INFO - 11/14/25 17:10:16 - 0:18:00 - Memory allocated:  43.97MB, reserved: 7648.00MB
INFO - 11/14/25 17:10:16 - 0:18:00 - ============ End of generation 20 ============
INFO - 11/14/25 17:10:16 - 0:18:00 - launching search.jl
INFO - 11/14/25 17:10:16 - 0:18:00 - JULIA_NUM_THREADS is set to 1
INFO - 11/14/25 17:10:29 - 0:18:14 - distribution of scores(all rounds)
INFO - 11/14/25 17:10:29 - 0:18:14 - Score:327680.0, Count:25
                                     
INFO - 11/14/25 17:10:29 - 0:18:14 - Score:299008.0, Count:25
                                     
INFO - 11/14/25 17:10:29 - 0:18:14 - Score:270336.0, Count:21
                                     
INFO - 11/14/25 17:10:29 - 0:18:14 - Score:258560.0, Count:25
                                     
INFO - 11/14/25 17:10:29 - 0:18:14 - Score:257664.0, Count:4
                                     
INFO - 11/14/25 17:10:29 - 0:18:14 - tokenizing
INFO - 11/14/25 17:10:29 - 0:18:14 - Loading tokenizer from /home/yuebi/Project/dim16_run/dim16_run_9/1111/tokenizer_data/tokenizer.json...
INFO - 11/14/25 17:10:29 - 0:18:14 - 0 / 100
INFO - 11/14/25 17:10:29 - 0:18:14 - number of examples in the dataset: 100
INFO - 11/14/25 17:10:29 - 0:18:14 - max word length: 113
INFO - 11/14/25 17:10:29 - 0:18:14 - number of unique characters in the vocabulary: 15
INFO - 11/14/25 17:10:29 - 0:18:14 - vocabulary:
INFO - 11/14/25 17:10:29 - 0:18:14 - ['V0', 'V1', 'V2', 'V3', 'V4', 'V5', 'V6', 'V7', 'V8', 'V9', 'V10', 'V11', 'V12', 'V13', 'V14']
INFO - 11/14/25 17:10:29 - 0:18:14 - split up the dataset into 90 training examples and 10 test examples
INFO - 11/14/25 17:10:39 - 0:00:00 - ============ Initialized logger ============
INFO - 11/14/25 17:10:39 - 0:00:00 - batch_size: 32
                                     command: python fc_loop.py --exp_name=dim16_run_9 --dump_path=/home/yuebi/Project/dim16_run --num_initial_empty_objects=100 --final_database_size=100 --target_db_size=100 --nb_local_searches=800 --max_epochs=20 --type=transformer --max-output-length=271 --sample-only=1000 --max-steps=1000 --n_tokens=15 --n-layer=8 --n-embd=128 --n-embd2=128 --exp_id=1111 --exp_id "1111"
                                     cpu: False
                                     debug: False
                                     debug_slurm: False
                                     dump_path: /home/yuebi/Project/dim16_run/dim16_run_9/1111
                                     exp_id: 1111
                                     exp_name: dim16_run_9
                                     final_database_size: 100
                                     gen_batch_size: 1000
                                     global_rank: 0
                                     is_master: True
                                     is_slurm_job: True
                                     learning_rate: 0.0005
                                     local_rank: 0
                                     master_addr: gpu-6
                                     master_port: -1
                                     max_epochs: 20
                                     max_output_length: 271
                                     max_steps: 1000
                                     multi_gpu: False
                                     multi_node: False
                                     n_embd: 128
                                     n_embd2: 128
                                     n_gpu_per_node: 1
                                     n_head: 8
                                     n_layer: 8
                                     n_nodes: 1
                                     n_tokens: 15
                                     nb_local_searches: 800
                                     nb_threads: 1
                                     node_id: 0
                                     num_initial_empty_objects: 100
                                     num_workers: 8
                                     sample_only: 1000
                                     seed: -1
                                     target_db_size: 100
                                     temperature: 1.0
                                     top_k: -1
                                     type: transformer
                                     weight_decay: 0.01
                                     world_size: 1
INFO - 11/14/25 17:10:39 - 0:00:00 - The experiment will be stored in /home/yuebi/Project/dim16_run/dim16_run_9/1111
                                     
INFO - 11/14/25 17:10:39 - 0:00:00 - Running command: python fc_loop.py --exp_name=dim16_run_9 --dump_path=/home/yuebi/Project/dim16_run --num_initial_empty_objects=100 --final_database_size=100 --target_db_size=100 --nb_local_searches=800 --max_epochs=20 --type=transformer --max-output-length=271 --sample-only=1000 --max-steps=1000 --n_tokens=15 --n-layer=8 --n-embd=128 --n-embd2=128 --exp_id=1111

WARNING - 11/14/25 17:10:39 - 0:00:00 - Signal handler installed.
INFO - 11/14/25 17:10:39 - 0:00:00 - seed: 242552712
INFO - 11/14/25 17:10:39 - 0:00:00 - initializing at generation: 19
INFO - 11/14/25 17:10:39 - 0:00:00 - number of examples in the dataset: 100
INFO - 11/14/25 17:10:39 - 0:00:00 - max word length: 113
INFO - 11/14/25 17:10:39 - 0:00:00 - number of unique characters in the vocabulary: 15
INFO - 11/14/25 17:10:39 - 0:00:00 - vocabulary:
INFO - 11/14/25 17:10:39 - 0:00:00 - ['V0', 'V1', 'V2', 'V3', 'V4', 'V5', 'V6', 'V7', 'V8', 'V9', 'V10', 'V11', 'V12', 'V13', 'V14']
INFO - 11/14/25 17:10:39 - 0:00:00 - split up the dataset into 90 training examples and 10 test examples
INFO - 11/14/25 17:10:39 - 0:00:00 - dataset determined that: vocab_size=16, block_size=272
INFO - 11/14/25 17:10:39 - 0:00:00 - model #params: 1625344
INFO - 11/14/25 17:10:39 - 0:00:00 - resuming from existing model
INFO - 11/14/25 17:10:39 - 0:00:00 - ============ Start of generation 19 ============
INFO - 11/14/25 17:10:39 - 0:00:00 - Memory allocated:  8.46MB, reserved: 18.00MB
INFO - 11/14/25 17:10:39 - 0:00:00 - training
INFO - 11/14/25 17:10:44 - 0:00:05 - step 0 | loss 0.0545 | step time 585.76ms
INFO - 11/14/25 17:11:10 - 0:00:31 - step 100 | loss 0.0428 | step time 257.03ms
INFO - 11/14/25 17:11:36 - 0:00:57 - step 200 | loss 0.0432 | step time 256.97ms
INFO - 11/14/25 17:12:02 - 0:01:22 - step 300 | loss 0.0421 | step time 257.34ms
INFO - 11/14/25 17:12:27 - 0:01:48 - step 400 | loss 0.0427 | step time 257.06ms
INFO - 11/14/25 17:12:53 - 0:02:14 - step 500 | loss 0.0412 | step time 257.10ms
INFO - 11/14/25 17:12:53 - 0:02:14 - step 500 train loss: 0.04248085990548134 test loss: 0.0970548614859581
INFO - 11/14/25 17:12:53 - 0:02:14 - test loss 0.0970548614859581 is the best so far, saving model to /home/yuebi/Project/dim16_run/dim16_run_9/1111/model.pt
INFO - 11/14/25 17:13:19 - 0:02:40 - step 600 | loss 0.0421 | step time 257.03ms
INFO - 11/14/25 17:13:45 - 0:03:05 - step 700 | loss 0.0422 | step time 257.04ms
INFO - 11/14/25 17:14:10 - 0:03:31 - step 800 | loss 0.0426 | step time 257.00ms
INFO - 11/14/25 17:14:36 - 0:03:57 - step 900 | loss 0.0428 | step time 257.10ms
INFO - 11/14/25 17:15:01 - 0:04:22 - Memory allocated:  43.97MB, reserved: 2272.00MB
INFO - 11/14/25 17:15:01 - 0:04:22 - generating
INFO - 11/14/25 17:19:39 - 0:09:00 - distribution of sample lengths: average: 335.837 max: 851
INFO - 11/14/25 17:19:39 - 0:09:00 - printed 1000 samples
INFO - 11/14/25 17:19:39 - 0:09:00 - decoding
INFO - 11/14/25 17:19:39 - 0:09:00 - Decoding complete. Check the output in /home/yuebi/Project/dim16_run/dim16_run_9/1111/transformer-output-decoded.txt
INFO - 11/14/25 17:19:39 - 0:09:00 - Memory allocated:  43.97MB, reserved: 7644.00MB
INFO - 11/14/25 17:19:39 - 0:09:00 - ============ End of generation 19 ============
INFO - 11/14/25 17:19:39 - 0:09:00 - launching search.jl
INFO - 11/14/25 17:19:39 - 0:09:00 - JULIA_NUM_THREADS is set to 1
INFO - 11/14/25 17:19:53 - 0:09:14 - distribution of scores(all rounds)
INFO - 11/14/25 17:19:53 - 0:09:14 - Score:327680.0, Count:26
                                     
INFO - 11/14/25 17:19:53 - 0:09:14 - Score:299008.0, Count:26
                                     
INFO - 11/14/25 17:19:53 - 0:09:14 - Score:270336.0, Count:22
                                     
INFO - 11/14/25 17:19:53 - 0:09:14 - Score:258560.0, Count:26
                                     
INFO - 11/14/25 17:19:53 - 0:09:14 - Score:257664.0, Count:0
                                     
INFO - 11/14/25 17:19:53 - 0:09:14 - tokenizing
INFO - 11/14/25 17:19:53 - 0:09:14 - Loading tokenizer from /home/yuebi/Project/dim16_run/dim16_run_9/1111/tokenizer_data/tokenizer.json...
INFO - 11/14/25 17:19:53 - 0:09:14 - 0 / 100
INFO - 11/14/25 17:19:53 - 0:09:14 - number of examples in the dataset: 100
INFO - 11/14/25 17:19:53 - 0:09:14 - max word length: 113
INFO - 11/14/25 17:19:53 - 0:09:14 - number of unique characters in the vocabulary: 15
INFO - 11/14/25 17:19:53 - 0:09:14 - vocabulary:
INFO - 11/14/25 17:19:53 - 0:09:14 - ['V0', 'V1', 'V2', 'V3', 'V4', 'V5', 'V6', 'V7', 'V8', 'V9', 'V10', 'V11', 'V12', 'V13', 'V14']
INFO - 11/14/25 17:19:53 - 0:09:14 - split up the dataset into 90 training examples and 10 test examples
INFO - 11/14/25 17:19:53 - 0:09:14 - ============ Start of generation 20 ============
INFO - 11/14/25 17:19:53 - 0:09:14 - Memory allocated:  43.97MB, reserved: 7644.00MB
INFO - 11/14/25 17:19:53 - 0:09:14 - training
INFO - 11/14/25 17:19:53 - 0:09:14 - step 0 | loss 0.0452 | step time 263.27ms
INFO - 11/14/25 17:20:19 - 0:09:40 - step 100 | loss 0.0418 | step time 257.22ms
INFO - 11/14/25 17:20:45 - 0:10:06 - step 200 | loss 0.0473 | step time 257.27ms
INFO - 11/14/25 17:21:11 - 0:10:31 - step 300 | loss 0.0426 | step time 257.37ms
INFO - 11/14/25 17:21:36 - 0:10:57 - step 400 | loss 0.0427 | step time 257.29ms
INFO - 11/14/25 17:22:02 - 0:11:23 - step 500 | loss 0.0416 | step time 257.32ms
INFO - 11/14/25 17:22:02 - 0:11:23 - step 500 train loss: 0.04232034087181091 test loss: 0.12425865232944489
INFO - 11/14/25 17:22:02 - 0:11:23 - test loss 0.12425865232944489 is the best so far, saving model to /home/yuebi/Project/dim16_run/dim16_run_9/1111/model.pt
INFO - 11/14/25 17:22:28 - 0:11:49 - step 600 | loss 0.0429 | step time 257.32ms
INFO - 11/14/25 17:22:54 - 0:12:15 - step 700 | loss 0.0415 | step time 257.24ms
INFO - 11/14/25 17:23:20 - 0:12:40 - step 800 | loss 0.0426 | step time 257.31ms
INFO - 11/14/25 17:23:45 - 0:13:06 - step 900 | loss 0.0425 | step time 257.30ms
INFO - 11/14/25 17:24:11 - 0:13:32 - Memory allocated:  43.97MB, reserved: 7648.00MB
INFO - 11/14/25 17:24:11 - 0:13:32 - generating
INFO - 11/14/25 17:28:40 - 0:18:00 - distribution of sample lengths: average: 336.371 max: 860
INFO - 11/14/25 17:28:40 - 0:18:00 - printed 1000 samples
INFO - 11/14/25 17:28:40 - 0:18:00 - decoding
INFO - 11/14/25 17:28:40 - 0:18:00 - Decoding complete. Check the output in /home/yuebi/Project/dim16_run/dim16_run_9/1111/transformer-output-decoded.txt
INFO - 11/14/25 17:28:40 - 0:18:00 - Memory allocated:  43.97MB, reserved: 7648.00MB
INFO - 11/14/25 17:28:40 - 0:18:00 - ============ End of generation 20 ============
INFO - 11/14/25 17:28:40 - 0:18:00 - launching search.jl
INFO - 11/14/25 17:28:40 - 0:18:00 - JULIA_NUM_THREADS is set to 1
INFO - 11/14/25 17:28:51 - 0:18:12 - distribution of scores(all rounds)
INFO - 11/14/25 17:28:51 - 0:18:12 - Score:327680.0, Count:27
                                     
INFO - 11/14/25 17:28:51 - 0:18:12 - Score:299008.0, Count:27
                                     
INFO - 11/14/25 17:28:51 - 0:18:12 - Score:286720.0, Count:1
                                     
INFO - 11/14/25 17:28:51 - 0:18:12 - Score:270336.0, Count:23
                                     
INFO - 11/14/25 17:28:51 - 0:18:12 - Score:258560.0, Count:22
                                     
INFO - 11/14/25 17:28:51 - 0:18:12 - tokenizing
INFO - 11/14/25 17:28:51 - 0:18:12 - Loading tokenizer from /home/yuebi/Project/dim16_run/dim16_run_9/1111/tokenizer_data/tokenizer.json...
INFO - 11/14/25 17:28:51 - 0:18:12 - 0 / 100
INFO - 11/14/25 17:28:51 - 0:18:12 - number of examples in the dataset: 100
INFO - 11/14/25 17:28:51 - 0:18:12 - max word length: 113
INFO - 11/14/25 17:28:51 - 0:18:12 - number of unique characters in the vocabulary: 15
INFO - 11/14/25 17:28:51 - 0:18:12 - vocabulary:
INFO - 11/14/25 17:28:51 - 0:18:12 - ['V0', 'V1', 'V2', 'V3', 'V4', 'V5', 'V6', 'V7', 'V8', 'V9', 'V10', 'V11', 'V12', 'V13', 'V14']
INFO - 11/14/25 17:28:51 - 0:18:12 - split up the dataset into 90 training examples and 10 test examples
INFO - 11/14/25 17:28:54 - 0:00:00 - ============ Initialized logger ============
INFO - 11/14/25 17:28:54 - 0:00:00 - batch_size: 32
                                     command: python fc_loop.py --exp_name=dim16_run_9 --dump_path=/home/yuebi/Project/dim16_run --num_initial_empty_objects=100 --final_database_size=100 --target_db_size=100 --nb_local_searches=800 --max_epochs=20 --type=transformer --max-output-length=271 --sample-only=1000 --max-steps=1000 --n_tokens=15 --n-layer=8 --n-embd=128 --n-embd2=128 --exp_id=1111 --exp_id "1111"
                                     cpu: False
                                     debug: False
                                     debug_slurm: False
                                     dump_path: /home/yuebi/Project/dim16_run/dim16_run_9/1111
                                     exp_id: 1111
                                     exp_name: dim16_run_9
                                     final_database_size: 100
                                     gen_batch_size: 1000
                                     global_rank: 0
                                     is_master: True
                                     is_slurm_job: True
                                     learning_rate: 0.0005
                                     local_rank: 0
                                     master_addr: gpu-6
                                     master_port: -1
                                     max_epochs: 20
                                     max_output_length: 271
                                     max_steps: 1000
                                     multi_gpu: False
                                     multi_node: False
                                     n_embd: 128
                                     n_embd2: 128
                                     n_gpu_per_node: 1
                                     n_head: 8
                                     n_layer: 8
                                     n_nodes: 1
                                     n_tokens: 15
                                     nb_local_searches: 800
                                     nb_threads: 1
                                     node_id: 0
                                     num_initial_empty_objects: 100
                                     num_workers: 8
                                     sample_only: 1000
                                     seed: -1
                                     target_db_size: 100
                                     temperature: 1.0
                                     top_k: -1
                                     type: transformer
                                     weight_decay: 0.01
                                     world_size: 1
INFO - 11/14/25 17:28:54 - 0:00:00 - The experiment will be stored in /home/yuebi/Project/dim16_run/dim16_run_9/1111
                                     
INFO - 11/14/25 17:28:54 - 0:00:00 - Running command: python fc_loop.py --exp_name=dim16_run_9 --dump_path=/home/yuebi/Project/dim16_run --num_initial_empty_objects=100 --final_database_size=100 --target_db_size=100 --nb_local_searches=800 --max_epochs=20 --type=transformer --max-output-length=271 --sample-only=1000 --max-steps=1000 --n_tokens=15 --n-layer=8 --n-embd=128 --n-embd2=128 --exp_id=1111

WARNING - 11/14/25 17:28:54 - 0:00:00 - Signal handler installed.
INFO - 11/14/25 17:28:54 - 0:00:00 - seed: 191672869
INFO - 11/14/25 17:28:54 - 0:00:00 - initializing at generation: 19
INFO - 11/14/25 17:28:54 - 0:00:00 - number of examples in the dataset: 100
INFO - 11/14/25 17:28:54 - 0:00:00 - max word length: 113
INFO - 11/14/25 17:28:54 - 0:00:00 - number of unique characters in the vocabulary: 15
INFO - 11/14/25 17:28:54 - 0:00:00 - vocabulary:
INFO - 11/14/25 17:28:54 - 0:00:00 - ['V0', 'V1', 'V2', 'V3', 'V4', 'V5', 'V6', 'V7', 'V8', 'V9', 'V10', 'V11', 'V12', 'V13', 'V14']
INFO - 11/14/25 17:28:54 - 0:00:00 - split up the dataset into 90 training examples and 10 test examples
INFO - 11/14/25 17:28:54 - 0:00:00 - dataset determined that: vocab_size=16, block_size=272
INFO - 11/14/25 17:28:54 - 0:00:00 - model #params: 1625344
INFO - 11/14/25 17:28:54 - 0:00:00 - resuming from existing model
INFO - 11/14/25 17:28:55 - 0:00:00 - ============ Start of generation 19 ============
INFO - 11/14/25 17:28:55 - 0:00:00 - Memory allocated:  8.46MB, reserved: 18.00MB
INFO - 11/14/25 17:28:55 - 0:00:00 - training
INFO - 11/14/25 17:28:59 - 0:00:05 - step 0 | loss 0.0581 | step time 587.57ms
INFO - 11/14/25 17:29:25 - 0:00:31 - step 100 | loss 0.0429 | step time 256.83ms
INFO - 11/14/25 17:29:51 - 0:00:56 - step 200 | loss 0.0432 | step time 256.87ms
INFO - 11/14/25 17:30:16 - 0:01:22 - step 300 | loss 0.0418 | step time 256.99ms
INFO - 11/14/25 17:30:42 - 0:01:48 - step 400 | loss 0.0418 | step time 256.83ms
INFO - 11/14/25 17:31:08 - 0:02:13 - step 500 | loss 0.0417 | step time 256.87ms
INFO - 11/14/25 17:31:08 - 0:02:14 - step 500 train loss: 0.04242768511176109 test loss: 0.09092521667480469
INFO - 11/14/25 17:31:08 - 0:02:14 - test loss 0.09092521667480469 is the best so far, saving model to /home/yuebi/Project/dim16_run/dim16_run_9/1111/model.pt
INFO - 11/14/25 17:31:34 - 0:02:39 - step 600 | loss 0.0422 | step time 256.89ms
INFO - 11/14/25 17:31:59 - 0:03:05 - step 700 | loss 0.0433 | step time 256.90ms
INFO - 11/14/25 17:32:25 - 0:03:31 - step 800 | loss 0.0428 | step time 256.84ms
INFO - 11/14/25 17:32:51 - 0:03:56 - step 900 | loss 0.0421 | step time 256.93ms
INFO - 11/14/25 17:33:16 - 0:04:22 - Memory allocated:  43.97MB, reserved: 2272.00MB
INFO - 11/14/25 17:33:16 - 0:04:22 - generating
INFO - 11/14/25 17:37:54 - 0:09:00 - distribution of sample lengths: average: 335.428 max: 352
INFO - 11/14/25 17:37:54 - 0:09:00 - printed 1000 samples
INFO - 11/14/25 17:37:54 - 0:09:00 - decoding
INFO - 11/14/25 17:37:54 - 0:09:00 - Decoding complete. Check the output in /home/yuebi/Project/dim16_run/dim16_run_9/1111/transformer-output-decoded.txt
INFO - 11/14/25 17:37:54 - 0:09:00 - Memory allocated:  43.97MB, reserved: 7644.00MB
INFO - 11/14/25 17:37:54 - 0:09:00 - ============ End of generation 19 ============
INFO - 11/14/25 17:37:54 - 0:09:00 - launching search.jl
INFO - 11/14/25 17:37:54 - 0:09:00 - JULIA_NUM_THREADS is set to 1
INFO - 11/14/25 17:38:08 - 0:09:14 - distribution of scores(all rounds)
INFO - 11/14/25 17:38:08 - 0:09:14 - Score:327680.0, Count:28
                                     
INFO - 11/14/25 17:38:08 - 0:09:14 - Score:299008.0, Count:28
                                     
INFO - 11/14/25 17:38:08 - 0:09:14 - Score:286720.0, Count:1
                                     
INFO - 11/14/25 17:38:08 - 0:09:14 - Score:270336.0, Count:24
                                     
INFO - 11/14/25 17:38:08 - 0:09:14 - Score:258560.0, Count:19
                                     
INFO - 11/14/25 17:38:08 - 0:09:14 - tokenizing
INFO - 11/14/25 17:38:08 - 0:09:14 - Loading tokenizer from /home/yuebi/Project/dim16_run/dim16_run_9/1111/tokenizer_data/tokenizer.json...
INFO - 11/14/25 17:38:08 - 0:09:14 - 0 / 100
INFO - 11/14/25 17:38:08 - 0:09:14 - number of examples in the dataset: 100
INFO - 11/14/25 17:38:08 - 0:09:14 - max word length: 113
INFO - 11/14/25 17:38:08 - 0:09:14 - number of unique characters in the vocabulary: 15
INFO - 11/14/25 17:38:08 - 0:09:14 - vocabulary:
INFO - 11/14/25 17:38:08 - 0:09:14 - ['V0', 'V1', 'V2', 'V3', 'V4', 'V5', 'V6', 'V7', 'V8', 'V9', 'V10', 'V11', 'V12', 'V13', 'V14']
INFO - 11/14/25 17:38:08 - 0:09:14 - split up the dataset into 90 training examples and 10 test examples
INFO - 11/14/25 17:38:08 - 0:09:14 - ============ Start of generation 20 ============
INFO - 11/14/25 17:38:08 - 0:09:14 - Memory allocated:  43.97MB, reserved: 7644.00MB
INFO - 11/14/25 17:38:08 - 0:09:14 - training
INFO - 11/14/25 17:38:08 - 0:09:14 - step 0 | loss 0.0596 | step time 263.80ms
INFO - 11/14/25 17:38:34 - 0:09:40 - step 100 | loss 0.0423 | step time 257.14ms
INFO - 11/14/25 17:39:00 - 0:10:05 - step 200 | loss 0.0426 | step time 257.14ms
INFO - 11/14/25 17:39:25 - 0:10:31 - step 300 | loss 0.0421 | step time 257.21ms
INFO - 11/14/25 17:39:51 - 0:10:57 - step 400 | loss 0.0422 | step time 257.18ms
INFO - 11/14/25 17:40:17 - 0:11:23 - step 500 | loss 0.0434 | step time 257.18ms
INFO - 11/14/25 17:40:17 - 0:11:23 - step 500 train loss: 0.04238423705101013 test loss: 0.0914311483502388
INFO - 11/14/25 17:40:17 - 0:11:23 - test loss 0.0914311483502388 is the best so far, saving model to /home/yuebi/Project/dim16_run/dim16_run_9/1111/model.pt
INFO - 11/14/25 17:40:43 - 0:11:49 - step 600 | loss 0.0422 | step time 257.23ms
INFO - 11/14/25 17:41:09 - 0:12:14 - step 700 | loss 0.0423 | step time 257.29ms
INFO - 11/14/25 17:41:34 - 0:12:40 - step 800 | loss 0.0417 | step time 257.30ms
INFO - 11/14/25 17:42:00 - 0:13:06 - step 900 | loss 0.0425 | step time 257.17ms
INFO - 11/14/25 17:42:26 - 0:13:31 - Memory allocated:  43.97MB, reserved: 7648.00MB
INFO - 11/14/25 17:42:26 - 0:13:31 - generating
INFO - 11/14/25 17:46:55 - 0:18:00 - distribution of sample lengths: average: 335.554 max: 352
INFO - 11/14/25 17:46:55 - 0:18:00 - printed 1000 samples
INFO - 11/14/25 17:46:55 - 0:18:00 - decoding
INFO - 11/14/25 17:46:55 - 0:18:00 - Decoding complete. Check the output in /home/yuebi/Project/dim16_run/dim16_run_9/1111/transformer-output-decoded.txt
INFO - 11/14/25 17:46:55 - 0:18:00 - Memory allocated:  43.97MB, reserved: 7648.00MB
INFO - 11/14/25 17:46:55 - 0:18:00 - ============ End of generation 20 ============
INFO - 11/14/25 17:46:55 - 0:18:00 - launching search.jl
INFO - 11/14/25 17:46:55 - 0:18:00 - JULIA_NUM_THREADS is set to 1
INFO - 11/14/25 17:47:08 - 0:18:14 - distribution of scores(all rounds)
INFO - 11/14/25 17:47:08 - 0:18:14 - Score:327680.0, Count:29
                                     
INFO - 11/14/25 17:47:08 - 0:18:14 - Score:299008.0, Count:29
                                     
INFO - 11/14/25 17:47:08 - 0:18:14 - Score:286720.0, Count:1
                                     
INFO - 11/14/25 17:47:08 - 0:18:14 - Score:270336.0, Count:25
                                     
INFO - 11/14/25 17:47:08 - 0:18:14 - Score:258560.0, Count:16
                                     
INFO - 11/14/25 17:47:08 - 0:18:14 - tokenizing
INFO - 11/14/25 17:47:08 - 0:18:14 - Loading tokenizer from /home/yuebi/Project/dim16_run/dim16_run_9/1111/tokenizer_data/tokenizer.json...
INFO - 11/14/25 17:47:08 - 0:18:14 - 0 / 100
INFO - 11/14/25 17:47:08 - 0:18:14 - number of examples in the dataset: 100
INFO - 11/14/25 17:47:08 - 0:18:14 - max word length: 113
INFO - 11/14/25 17:47:08 - 0:18:14 - number of unique characters in the vocabulary: 15
INFO - 11/14/25 17:47:08 - 0:18:14 - vocabulary:
INFO - 11/14/25 17:47:08 - 0:18:14 - ['V0', 'V1', 'V2', 'V3', 'V4', 'V5', 'V6', 'V7', 'V8', 'V9', 'V10', 'V11', 'V12', 'V13', 'V14']
INFO - 11/14/25 17:47:08 - 0:18:14 - split up the dataset into 90 training examples and 10 test examples
INFO - 11/14/25 17:47:11 - 0:00:00 - ============ Initialized logger ============
INFO - 11/14/25 17:47:11 - 0:00:00 - batch_size: 32
                                     command: python fc_loop.py --exp_name=dim16_run_9 --dump_path=/home/yuebi/Project/dim16_run --num_initial_empty_objects=100 --final_database_size=100 --target_db_size=100 --nb_local_searches=800 --max_epochs=20 --type=transformer --max-output-length=271 --sample-only=1000 --max-steps=1000 --n_tokens=15 --n-layer=8 --n-embd=128 --n-embd2=128 --exp_id=1111 --exp_id "1111"
                                     cpu: False
                                     debug: False
                                     debug_slurm: False
                                     dump_path: /home/yuebi/Project/dim16_run/dim16_run_9/1111
                                     exp_id: 1111
                                     exp_name: dim16_run_9
                                     final_database_size: 100
                                     gen_batch_size: 1000
                                     global_rank: 0
                                     is_master: True
                                     is_slurm_job: True
                                     learning_rate: 0.0005
                                     local_rank: 0
                                     master_addr: gpu-6
                                     master_port: -1
                                     max_epochs: 20
                                     max_output_length: 271
                                     max_steps: 1000
                                     multi_gpu: False
                                     multi_node: False
                                     n_embd: 128
                                     n_embd2: 128
                                     n_gpu_per_node: 1
                                     n_head: 8
                                     n_layer: 8
                                     n_nodes: 1
                                     n_tokens: 15
                                     nb_local_searches: 800
                                     nb_threads: 1
                                     node_id: 0
                                     num_initial_empty_objects: 100
                                     num_workers: 8
                                     sample_only: 1000
                                     seed: -1
                                     target_db_size: 100
                                     temperature: 1.0
                                     top_k: -1
                                     type: transformer
                                     weight_decay: 0.01
                                     world_size: 1
INFO - 11/14/25 17:47:11 - 0:00:00 - The experiment will be stored in /home/yuebi/Project/dim16_run/dim16_run_9/1111
                                     
INFO - 11/14/25 17:47:11 - 0:00:00 - Running command: python fc_loop.py --exp_name=dim16_run_9 --dump_path=/home/yuebi/Project/dim16_run --num_initial_empty_objects=100 --final_database_size=100 --target_db_size=100 --nb_local_searches=800 --max_epochs=20 --type=transformer --max-output-length=271 --sample-only=1000 --max-steps=1000 --n_tokens=15 --n-layer=8 --n-embd=128 --n-embd2=128 --exp_id=1111

WARNING - 11/14/25 17:47:11 - 0:00:00 - Signal handler installed.
INFO - 11/14/25 17:47:11 - 0:00:00 - seed: 122344203
INFO - 11/14/25 17:47:11 - 0:00:00 - initializing at generation: 19
INFO - 11/14/25 17:47:11 - 0:00:00 - number of examples in the dataset: 100
INFO - 11/14/25 17:47:11 - 0:00:00 - max word length: 113
INFO - 11/14/25 17:47:11 - 0:00:00 - number of unique characters in the vocabulary: 15
INFO - 11/14/25 17:47:11 - 0:00:00 - vocabulary:
INFO - 11/14/25 17:47:11 - 0:00:00 - ['V0', 'V1', 'V2', 'V3', 'V4', 'V5', 'V6', 'V7', 'V8', 'V9', 'V10', 'V11', 'V12', 'V13', 'V14']
INFO - 11/14/25 17:47:11 - 0:00:00 - split up the dataset into 90 training examples and 10 test examples
INFO - 11/14/25 17:47:11 - 0:00:00 - dataset determined that: vocab_size=16, block_size=272
INFO - 11/14/25 17:47:11 - 0:00:00 - model #params: 1625344
INFO - 11/14/25 17:47:11 - 0:00:00 - resuming from existing model
INFO - 11/14/25 17:47:11 - 0:00:00 - ============ Start of generation 19 ============
INFO - 11/14/25 17:47:11 - 0:00:00 - Memory allocated:  8.46MB, reserved: 18.00MB
INFO - 11/14/25 17:47:11 - 0:00:00 - training
INFO - 11/14/25 17:47:17 - 0:00:05 - step 0 | loss 0.0473 | step time 584.55ms
INFO - 11/14/25 17:47:42 - 0:00:31 - step 100 | loss 0.0430 | step time 257.01ms
INFO - 11/14/25 17:48:08 - 0:00:57 - step 200 | loss 0.0427 | step time 257.04ms
INFO - 11/14/25 17:48:34 - 0:01:22 - step 300 | loss 0.0431 | step time 256.98ms
INFO - 11/14/25 17:48:59 - 0:01:48 - step 400 | loss 0.0428 | step time 257.04ms
INFO - 11/14/25 17:49:25 - 0:02:14 - step 500 | loss 0.0427 | step time 257.06ms
INFO - 11/14/25 17:49:25 - 0:02:14 - step 500 train loss: 0.042418889701366425 test loss: 0.1290498822927475
INFO - 11/14/25 17:49:25 - 0:02:14 - test loss 0.1290498822927475 is the best so far, saving model to /home/yuebi/Project/dim16_run/dim16_run_9/1111/model.pt
INFO - 11/14/25 17:49:51 - 0:02:40 - step 600 | loss 0.0430 | step time 257.08ms
INFO - 11/14/25 17:50:17 - 0:03:06 - step 700 | loss 0.0441 | step time 257.04ms
INFO - 11/14/25 17:50:42 - 0:03:31 - step 800 | loss 0.0598 | step time 257.04ms
INFO - 11/14/25 17:51:08 - 0:03:57 - step 900 | loss 0.0424 | step time 257.09ms
INFO - 11/14/25 17:51:34 - 0:04:22 - Memory allocated:  43.97MB, reserved: 2272.00MB
INFO - 11/14/25 17:51:34 - 0:04:22 - generating
INFO - 11/14/25 17:56:11 - 0:09:00 - distribution of sample lengths: average: 335.827 max: 352
INFO - 11/14/25 17:56:11 - 0:09:00 - printed 1000 samples
INFO - 11/14/25 17:56:11 - 0:09:00 - decoding
INFO - 11/14/25 17:56:11 - 0:09:00 - Decoding complete. Check the output in /home/yuebi/Project/dim16_run/dim16_run_9/1111/transformer-output-decoded.txt
INFO - 11/14/25 17:56:11 - 0:09:00 - Memory allocated:  43.97MB, reserved: 7644.00MB
INFO - 11/14/25 17:56:11 - 0:09:00 - ============ End of generation 19 ============
INFO - 11/14/25 17:56:11 - 0:09:00 - launching search.jl
INFO - 11/14/25 17:56:11 - 0:09:00 - JULIA_NUM_THREADS is set to 1
INFO - 11/14/25 17:56:25 - 0:09:14 - distribution of scores(all rounds)
INFO - 11/14/25 17:56:25 - 0:09:14 - Score:327680.0, Count:30
                                     
INFO - 11/14/25 17:56:25 - 0:09:14 - Score:299008.0, Count:30
                                     
INFO - 11/14/25 17:56:25 - 0:09:14 - Score:286720.0, Count:1
                                     
INFO - 11/14/25 17:56:25 - 0:09:14 - Score:270336.0, Count:26
                                     
INFO - 11/14/25 17:56:25 - 0:09:14 - Score:258560.0, Count:13
                                     
INFO - 11/14/25 17:56:25 - 0:09:14 - tokenizing
INFO - 11/14/25 17:56:25 - 0:09:14 - Loading tokenizer from /home/yuebi/Project/dim16_run/dim16_run_9/1111/tokenizer_data/tokenizer.json...
INFO - 11/14/25 17:56:25 - 0:09:14 - 0 / 100
INFO - 11/14/25 17:56:25 - 0:09:14 - number of examples in the dataset: 100
INFO - 11/14/25 17:56:25 - 0:09:14 - max word length: 113
INFO - 11/14/25 17:56:25 - 0:09:14 - number of unique characters in the vocabulary: 15
INFO - 11/14/25 17:56:25 - 0:09:14 - vocabulary:
INFO - 11/14/25 17:56:25 - 0:09:14 - ['V0', 'V1', 'V2', 'V3', 'V4', 'V5', 'V6', 'V7', 'V8', 'V9', 'V10', 'V11', 'V12', 'V13', 'V14']
INFO - 11/14/25 17:56:25 - 0:09:14 - split up the dataset into 90 training examples and 10 test examples
INFO - 11/14/25 17:56:25 - 0:09:14 - ============ Start of generation 20 ============
INFO - 11/14/25 17:56:25 - 0:09:14 - Memory allocated:  43.97MB, reserved: 7644.00MB
INFO - 11/14/25 17:56:25 - 0:09:14 - training
INFO - 11/14/25 17:56:26 - 0:09:14 - step 0 | loss 0.0719 | step time 263.57ms
INFO - 11/14/25 17:56:51 - 0:09:40 - step 100 | loss 0.0431 | step time 257.18ms
INFO - 11/14/25 17:57:17 - 0:10:06 - step 200 | loss 0.0431 | step time 257.22ms
INFO - 11/14/25 17:57:43 - 0:10:32 - step 300 | loss 0.0421 | step time 257.22ms
INFO - 11/14/25 17:58:09 - 0:10:57 - step 400 | loss 0.0421 | step time 257.30ms
INFO - 11/14/25 17:58:34 - 0:11:23 - step 500 | loss 0.0433 | step time 257.23ms
INFO - 11/14/25 17:58:35 - 0:11:23 - step 500 train loss: 0.04262688383460045 test loss: 0.08023568987846375
INFO - 11/14/25 17:58:35 - 0:11:23 - test loss 0.08023568987846375 is the best so far, saving model to /home/yuebi/Project/dim16_run/dim16_run_9/1111/model.pt
INFO - 11/14/25 17:59:00 - 0:11:49 - step 600 | loss 0.0422 | step time 257.25ms
INFO - 11/14/25 17:59:26 - 0:12:15 - step 700 | loss 0.0423 | step time 257.25ms
INFO - 11/14/25 17:59:52 - 0:12:41 - step 800 | loss 0.0425 | step time 257.23ms
INFO - 11/14/25 18:00:17 - 0:13:06 - step 900 | loss 0.0427 | step time 257.23ms
INFO - 11/14/25 18:00:43 - 0:13:32 - Memory allocated:  43.97MB, reserved: 7648.00MB
INFO - 11/14/25 18:00:43 - 0:13:32 - generating
INFO - 11/14/25 18:05:12 - 0:18:01 - distribution of sample lengths: average: 335.362 max: 352
INFO - 11/14/25 18:05:12 - 0:18:01 - printed 1000 samples
INFO - 11/14/25 18:05:12 - 0:18:01 - decoding
INFO - 11/14/25 18:05:12 - 0:18:01 - Decoding complete. Check the output in /home/yuebi/Project/dim16_run/dim16_run_9/1111/transformer-output-decoded.txt
INFO - 11/14/25 18:05:12 - 0:18:01 - Memory allocated:  43.97MB, reserved: 7648.00MB
INFO - 11/14/25 18:05:12 - 0:18:01 - ============ End of generation 20 ============
INFO - 11/14/25 18:05:12 - 0:18:01 - launching search.jl
INFO - 11/14/25 18:05:12 - 0:18:01 - JULIA_NUM_THREADS is set to 1
INFO - 11/14/25 18:05:26 - 0:18:14 - distribution of scores(all rounds)
INFO - 11/14/25 18:05:26 - 0:18:14 - Score:327680.0, Count:31
                                     
INFO - 11/14/25 18:05:26 - 0:18:14 - Score:299008.0, Count:31
                                     
INFO - 11/14/25 18:05:26 - 0:18:14 - Score:286720.0, Count:1
                                     
INFO - 11/14/25 18:05:26 - 0:18:14 - Score:270336.0, Count:27
                                     
INFO - 11/14/25 18:05:26 - 0:18:14 - Score:258560.0, Count:10
                                     
INFO - 11/14/25 18:05:26 - 0:18:14 - tokenizing
INFO - 11/14/25 18:05:26 - 0:18:14 - Loading tokenizer from /home/yuebi/Project/dim16_run/dim16_run_9/1111/tokenizer_data/tokenizer.json...
INFO - 11/14/25 18:05:26 - 0:18:14 - 0 / 100
INFO - 11/14/25 18:05:26 - 0:18:14 - number of examples in the dataset: 100
INFO - 11/14/25 18:05:26 - 0:18:14 - max word length: 113
INFO - 11/14/25 18:05:26 - 0:18:14 - number of unique characters in the vocabulary: 15
INFO - 11/14/25 18:05:26 - 0:18:14 - vocabulary:
INFO - 11/14/25 18:05:26 - 0:18:14 - ['V0', 'V1', 'V2', 'V3', 'V4', 'V5', 'V6', 'V7', 'V8', 'V9', 'V10', 'V11', 'V12', 'V13', 'V14']
INFO - 11/14/25 18:05:26 - 0:18:14 - split up the dataset into 90 training examples and 10 test examples
INFO - 11/14/25 18:05:28 - 0:00:00 - ============ Initialized logger ============
INFO - 11/14/25 18:05:28 - 0:00:00 - batch_size: 32
                                     command: python fc_loop.py --exp_name=dim16_run_9 --dump_path=/home/yuebi/Project/dim16_run --num_initial_empty_objects=100 --final_database_size=100 --target_db_size=100 --nb_local_searches=800 --max_epochs=20 --type=transformer --max-output-length=271 --sample-only=1000 --max-steps=1000 --n_tokens=15 --n-layer=8 --n-embd=128 --n-embd2=128 --exp_id=1111 --exp_id "1111"
                                     cpu: False
                                     debug: False
                                     debug_slurm: False
                                     dump_path: /home/yuebi/Project/dim16_run/dim16_run_9/1111
                                     exp_id: 1111
                                     exp_name: dim16_run_9
                                     final_database_size: 100
                                     gen_batch_size: 1000
                                     global_rank: 0
                                     is_master: True
                                     is_slurm_job: True
                                     learning_rate: 0.0005
                                     local_rank: 0
                                     master_addr: gpu-6
                                     master_port: -1
                                     max_epochs: 20
                                     max_output_length: 271
                                     max_steps: 1000
                                     multi_gpu: False
                                     multi_node: False
                                     n_embd: 128
                                     n_embd2: 128
                                     n_gpu_per_node: 1
                                     n_head: 8
                                     n_layer: 8
                                     n_nodes: 1
                                     n_tokens: 15
                                     nb_local_searches: 800
                                     nb_threads: 1
                                     node_id: 0
                                     num_initial_empty_objects: 100
                                     num_workers: 8
                                     sample_only: 1000
                                     seed: -1
                                     target_db_size: 100
                                     temperature: 1.0
                                     top_k: -1
                                     type: transformer
                                     weight_decay: 0.01
                                     world_size: 1
INFO - 11/14/25 18:05:28 - 0:00:00 - The experiment will be stored in /home/yuebi/Project/dim16_run/dim16_run_9/1111
                                     
INFO - 11/14/25 18:05:28 - 0:00:00 - Running command: python fc_loop.py --exp_name=dim16_run_9 --dump_path=/home/yuebi/Project/dim16_run --num_initial_empty_objects=100 --final_database_size=100 --target_db_size=100 --nb_local_searches=800 --max_epochs=20 --type=transformer --max-output-length=271 --sample-only=1000 --max-steps=1000 --n_tokens=15 --n-layer=8 --n-embd=128 --n-embd2=128 --exp_id=1111

WARNING - 11/14/25 18:05:28 - 0:00:00 - Signal handler installed.
INFO - 11/14/25 18:05:28 - 0:00:00 - seed: 209451181
INFO - 11/14/25 18:05:28 - 0:00:00 - initializing at generation: 19
INFO - 11/14/25 18:05:28 - 0:00:00 - number of examples in the dataset: 100
INFO - 11/14/25 18:05:28 - 0:00:00 - max word length: 113
INFO - 11/14/25 18:05:28 - 0:00:00 - number of unique characters in the vocabulary: 15
INFO - 11/14/25 18:05:28 - 0:00:00 - vocabulary:
INFO - 11/14/25 18:05:28 - 0:00:00 - ['V0', 'V1', 'V2', 'V3', 'V4', 'V5', 'V6', 'V7', 'V8', 'V9', 'V10', 'V11', 'V12', 'V13', 'V14']
INFO - 11/14/25 18:05:28 - 0:00:00 - split up the dataset into 90 training examples and 10 test examples
INFO - 11/14/25 18:05:28 - 0:00:00 - dataset determined that: vocab_size=16, block_size=272
INFO - 11/14/25 18:05:28 - 0:00:00 - model #params: 1625344
INFO - 11/14/25 18:05:28 - 0:00:00 - resuming from existing model
INFO - 11/14/25 18:05:28 - 0:00:00 - ============ Start of generation 19 ============
INFO - 11/14/25 18:05:28 - 0:00:00 - Memory allocated:  8.46MB, reserved: 18.00MB
INFO - 11/14/25 18:05:28 - 0:00:00 - training
INFO - 11/14/25 18:05:33 - 0:00:05 - step 0 | loss 0.0468 | step time 594.32ms
INFO - 11/14/25 18:05:59 - 0:00:31 - step 100 | loss 0.0424 | step time 257.11ms
INFO - 11/14/25 18:06:25 - 0:00:56 - step 200 | loss 0.0425 | step time 257.22ms
INFO - 11/14/25 18:06:50 - 0:01:22 - step 300 | loss 0.0422 | step time 257.13ms
INFO - 11/14/25 18:07:16 - 0:01:48 - step 400 | loss 0.0427 | step time 257.12ms
INFO - 11/14/25 18:07:42 - 0:02:13 - step 500 | loss 0.0421 | step time 257.13ms
INFO - 11/14/25 18:07:42 - 0:02:14 - step 500 train loss: 0.04230647534132004 test loss: 0.08229910582304001
INFO - 11/14/25 18:07:42 - 0:02:14 - test loss 0.08229910582304001 is the best so far, saving model to /home/yuebi/Project/dim16_run/dim16_run_9/1111/model.pt
INFO - 11/14/25 18:08:08 - 0:02:39 - step 600 | loss 0.0426 | step time 257.24ms
INFO - 11/14/25 18:08:33 - 0:03:05 - step 700 | loss 0.0428 | step time 257.19ms
INFO - 11/14/25 18:08:59 - 0:03:31 - step 800 | loss 0.0424 | step time 257.12ms
INFO - 11/14/25 18:09:25 - 0:03:57 - step 900 | loss 0.0420 | step time 257.11ms
INFO - 11/14/25 18:09:50 - 0:04:22 - Memory allocated:  43.97MB, reserved: 2272.00MB
INFO - 11/14/25 18:09:50 - 0:04:22 - generating
INFO - 11/14/25 18:14:28 - 0:09:00 - distribution of sample lengths: average: 335.665 max: 352
INFO - 11/14/25 18:14:28 - 0:09:00 - printed 1000 samples
INFO - 11/14/25 18:14:28 - 0:09:00 - decoding
INFO - 11/14/25 18:14:28 - 0:09:00 - Decoding complete. Check the output in /home/yuebi/Project/dim16_run/dim16_run_9/1111/transformer-output-decoded.txt
INFO - 11/14/25 18:14:28 - 0:09:00 - Memory allocated:  43.97MB, reserved: 7644.00MB
INFO - 11/14/25 18:14:28 - 0:09:00 - ============ End of generation 19 ============
INFO - 11/14/25 18:14:28 - 0:09:00 - launching search.jl
INFO - 11/14/25 18:14:28 - 0:09:00 - JULIA_NUM_THREADS is set to 1
INFO - 11/14/25 18:14:42 - 0:09:14 - distribution of scores(all rounds)
INFO - 11/14/25 18:14:42 - 0:09:14 - Score:327680.0, Count:32
                                     
INFO - 11/14/25 18:14:42 - 0:09:14 - Score:299008.0, Count:32
                                     
INFO - 11/14/25 18:14:42 - 0:09:14 - Score:286720.0, Count:1
                                     
INFO - 11/14/25 18:14:42 - 0:09:14 - Score:270336.0, Count:28
                                     
INFO - 11/14/25 18:14:42 - 0:09:14 - Score:258560.0, Count:7
                                     
INFO - 11/14/25 18:14:42 - 0:09:14 - tokenizing
INFO - 11/14/25 18:14:42 - 0:09:14 - Loading tokenizer from /home/yuebi/Project/dim16_run/dim16_run_9/1111/tokenizer_data/tokenizer.json...
INFO - 11/14/25 18:14:42 - 0:09:14 - 0 / 100
INFO - 11/14/25 18:14:42 - 0:09:14 - number of examples in the dataset: 100
INFO - 11/14/25 18:14:42 - 0:09:14 - max word length: 113
INFO - 11/14/25 18:14:42 - 0:09:14 - number of unique characters in the vocabulary: 15
INFO - 11/14/25 18:14:42 - 0:09:14 - vocabulary:
INFO - 11/14/25 18:14:42 - 0:09:14 - ['V0', 'V1', 'V2', 'V3', 'V4', 'V5', 'V6', 'V7', 'V8', 'V9', 'V10', 'V11', 'V12', 'V13', 'V14']
INFO - 11/14/25 18:14:42 - 0:09:14 - split up the dataset into 90 training examples and 10 test examples
INFO - 11/14/25 18:14:42 - 0:09:14 - ============ Start of generation 20 ============
INFO - 11/14/25 18:14:42 - 0:09:14 - Memory allocated:  43.97MB, reserved: 7644.00MB
INFO - 11/14/25 18:14:42 - 0:09:14 - training
INFO - 11/14/25 18:14:42 - 0:09:14 - step 0 | loss 0.0458 | step time 263.33ms
INFO - 11/14/25 18:15:08 - 0:09:40 - step 100 | loss 0.0444 | step time 257.25ms
INFO - 11/14/25 18:15:34 - 0:10:05 - step 200 | loss 0.0431 | step time 257.29ms
INFO - 11/14/25 18:15:59 - 0:10:31 - step 300 | loss 0.0417 | step time 257.32ms
INFO - 11/14/25 18:16:25 - 0:10:57 - step 400 | loss 0.0419 | step time 257.29ms
INFO - 11/14/25 18:16:51 - 0:11:23 - step 500 | loss 0.0426 | step time 257.30ms
INFO - 11/14/25 18:16:51 - 0:11:23 - step 500 train loss: 0.042273543775081635 test loss: 0.1277092695236206
INFO - 11/14/25 18:16:51 - 0:11:23 - test loss 0.1277092695236206 is the best so far, saving model to /home/yuebi/Project/dim16_run/dim16_run_9/1111/model.pt
INFO - 11/14/25 18:17:17 - 0:11:49 - step 600 | loss 0.0420 | step time 257.28ms
INFO - 11/14/25 18:17:43 - 0:12:14 - step 700 | loss 0.0427 | step time 257.28ms
INFO - 11/14/25 18:18:08 - 0:12:40 - step 800 | loss 0.0419 | step time 257.29ms
INFO - 11/14/25 18:18:34 - 0:13:06 - step 900 | loss 0.0437 | step time 257.25ms
INFO - 11/14/25 18:19:00 - 0:13:31 - Memory allocated:  43.97MB, reserved: 7648.00MB
INFO - 11/14/25 18:19:00 - 0:13:31 - generating
INFO - 11/14/25 18:23:28 - 0:18:00 - distribution of sample lengths: average: 335.248 max: 352
INFO - 11/14/25 18:23:28 - 0:18:00 - printed 1000 samples
INFO - 11/14/25 18:23:28 - 0:18:00 - decoding
INFO - 11/14/25 18:23:29 - 0:18:00 - Decoding complete. Check the output in /home/yuebi/Project/dim16_run/dim16_run_9/1111/transformer-output-decoded.txt
INFO - 11/14/25 18:23:29 - 0:18:00 - Memory allocated:  43.97MB, reserved: 7648.00MB
INFO - 11/14/25 18:23:29 - 0:18:00 - ============ End of generation 20 ============
INFO - 11/14/25 18:23:29 - 0:18:00 - launching search.jl
INFO - 11/14/25 18:23:29 - 0:18:00 - JULIA_NUM_THREADS is set to 1
INFO - 11/14/25 18:23:42 - 0:18:14 - distribution of scores(all rounds)
INFO - 11/14/25 18:23:42 - 0:18:14 - Score:327680.0, Count:33
                                     
INFO - 11/14/25 18:23:42 - 0:18:14 - Score:299008.0, Count:33
                                     
INFO - 11/14/25 18:23:42 - 0:18:14 - Score:286720.0, Count:1
                                     
INFO - 11/14/25 18:23:42 - 0:18:14 - Score:270336.0, Count:29
                                     
INFO - 11/14/25 18:23:42 - 0:18:14 - Score:258560.0, Count:4
                                     
INFO - 11/14/25 18:23:42 - 0:18:14 - tokenizing
INFO - 11/14/25 18:23:42 - 0:18:14 - Loading tokenizer from /home/yuebi/Project/dim16_run/dim16_run_9/1111/tokenizer_data/tokenizer.json...
INFO - 11/14/25 18:23:42 - 0:18:14 - 0 / 100
INFO - 11/14/25 18:23:42 - 0:18:14 - number of examples in the dataset: 100
INFO - 11/14/25 18:23:42 - 0:18:14 - max word length: 113
INFO - 11/14/25 18:23:42 - 0:18:14 - number of unique characters in the vocabulary: 15
INFO - 11/14/25 18:23:42 - 0:18:14 - vocabulary:
INFO - 11/14/25 18:23:42 - 0:18:14 - ['V0', 'V1', 'V2', 'V3', 'V4', 'V5', 'V6', 'V7', 'V8', 'V9', 'V10', 'V11', 'V12', 'V13', 'V14']
INFO - 11/14/25 18:23:42 - 0:18:14 - split up the dataset into 90 training examples and 10 test examples
INFO - 11/14/25 18:23:45 - 0:00:00 - ============ Initialized logger ============
INFO - 11/14/25 18:23:45 - 0:00:00 - batch_size: 32
                                     command: python fc_loop.py --exp_name=dim16_run_9 --dump_path=/home/yuebi/Project/dim16_run --num_initial_empty_objects=100 --final_database_size=100 --target_db_size=100 --nb_local_searches=800 --max_epochs=20 --type=transformer --max-output-length=271 --sample-only=1000 --max-steps=1000 --n_tokens=15 --n-layer=8 --n-embd=128 --n-embd2=128 --exp_id=1111 --exp_id "1111"
                                     cpu: False
                                     debug: False
                                     debug_slurm: False
                                     dump_path: /home/yuebi/Project/dim16_run/dim16_run_9/1111
                                     exp_id: 1111
                                     exp_name: dim16_run_9
                                     final_database_size: 100
                                     gen_batch_size: 1000
                                     global_rank: 0
                                     is_master: True
                                     is_slurm_job: True
                                     learning_rate: 0.0005
                                     local_rank: 0
                                     master_addr: gpu-6
                                     master_port: -1
                                     max_epochs: 20
                                     max_output_length: 271
                                     max_steps: 1000
                                     multi_gpu: False
                                     multi_node: False
                                     n_embd: 128
                                     n_embd2: 128
                                     n_gpu_per_node: 1
                                     n_head: 8
                                     n_layer: 8
                                     n_nodes: 1
                                     n_tokens: 15
                                     nb_local_searches: 800
                                     nb_threads: 1
                                     node_id: 0
                                     num_initial_empty_objects: 100
                                     num_workers: 8
                                     sample_only: 1000
                                     seed: -1
                                     target_db_size: 100
                                     temperature: 1.0
                                     top_k: -1
                                     type: transformer
                                     weight_decay: 0.01
                                     world_size: 1
INFO - 11/14/25 18:23:45 - 0:00:00 - The experiment will be stored in /home/yuebi/Project/dim16_run/dim16_run_9/1111
                                     
INFO - 11/14/25 18:23:45 - 0:00:00 - Running command: python fc_loop.py --exp_name=dim16_run_9 --dump_path=/home/yuebi/Project/dim16_run --num_initial_empty_objects=100 --final_database_size=100 --target_db_size=100 --nb_local_searches=800 --max_epochs=20 --type=transformer --max-output-length=271 --sample-only=1000 --max-steps=1000 --n_tokens=15 --n-layer=8 --n-embd=128 --n-embd2=128 --exp_id=1111

WARNING - 11/14/25 18:23:45 - 0:00:00 - Signal handler installed.
INFO - 11/14/25 18:23:45 - 0:00:00 - seed: 273893903
INFO - 11/14/25 18:23:45 - 0:00:00 - initializing at generation: 19
INFO - 11/14/25 18:23:45 - 0:00:00 - number of examples in the dataset: 100
INFO - 11/14/25 18:23:45 - 0:00:00 - max word length: 113
INFO - 11/14/25 18:23:45 - 0:00:00 - number of unique characters in the vocabulary: 15
INFO - 11/14/25 18:23:45 - 0:00:00 - vocabulary:
INFO - 11/14/25 18:23:45 - 0:00:00 - ['V0', 'V1', 'V2', 'V3', 'V4', 'V5', 'V6', 'V7', 'V8', 'V9', 'V10', 'V11', 'V12', 'V13', 'V14']
INFO - 11/14/25 18:23:45 - 0:00:00 - split up the dataset into 90 training examples and 10 test examples
INFO - 11/14/25 18:23:45 - 0:00:00 - dataset determined that: vocab_size=16, block_size=272
INFO - 11/14/25 18:23:45 - 0:00:00 - model #params: 1625344
INFO - 11/14/25 18:23:45 - 0:00:00 - resuming from existing model
INFO - 11/14/25 18:23:45 - 0:00:00 - ============ Start of generation 19 ============
INFO - 11/14/25 18:23:45 - 0:00:00 - Memory allocated:  8.46MB, reserved: 18.00MB
INFO - 11/14/25 18:23:45 - 0:00:00 - training
INFO - 11/14/25 18:23:50 - 0:00:05 - step 0 | loss 0.0506 | step time 588.07ms
INFO - 11/14/25 18:24:16 - 0:00:31 - step 100 | loss 0.0423 | step time 256.79ms
INFO - 11/14/25 18:24:42 - 0:00:57 - step 200 | loss 0.0422 | step time 256.91ms
INFO - 11/14/25 18:25:07 - 0:01:22 - step 300 | loss 0.0419 | step time 256.78ms
INFO - 11/14/25 18:25:33 - 0:01:48 - step 400 | loss 0.0422 | step time 256.79ms
INFO - 11/14/25 18:25:59 - 0:02:14 - step 500 | loss 0.0423 | step time 256.84ms
INFO - 11/14/25 18:25:59 - 0:02:14 - step 500 train loss: 0.04252728447318077 test loss: 0.09058165550231934
INFO - 11/14/25 18:25:59 - 0:02:14 - test loss 0.09058165550231934 is the best so far, saving model to /home/yuebi/Project/dim16_run/dim16_run_9/1111/model.pt
INFO - 11/14/25 18:26:25 - 0:02:40 - step 600 | loss 0.0422 | step time 256.82ms
INFO - 11/14/25 18:26:50 - 0:03:05 - step 700 | loss 0.0428 | step time 256.69ms
INFO - 11/14/25 18:27:16 - 0:03:31 - step 800 | loss 0.0435 | step time 256.79ms
INFO - 11/14/25 18:27:42 - 0:03:57 - step 900 | loss 0.0424 | step time 256.74ms
INFO - 11/14/25 18:28:07 - 0:04:22 - Memory allocated:  43.97MB, reserved: 2272.00MB
INFO - 11/14/25 18:28:07 - 0:04:22 - generating
INFO - 11/14/25 18:32:45 - 0:09:00 - distribution of sample lengths: average: 335.512 max: 352
INFO - 11/14/25 18:32:45 - 0:09:00 - printed 1000 samples
INFO - 11/14/25 18:32:45 - 0:09:00 - decoding
INFO - 11/14/25 18:32:45 - 0:09:00 - Decoding complete. Check the output in /home/yuebi/Project/dim16_run/dim16_run_9/1111/transformer-output-decoded.txt
INFO - 11/14/25 18:32:45 - 0:09:00 - Memory allocated:  43.97MB, reserved: 7644.00MB
INFO - 11/14/25 18:32:45 - 0:09:00 - ============ End of generation 19 ============
INFO - 11/14/25 18:32:45 - 0:09:00 - launching search.jl
INFO - 11/14/25 18:32:45 - 0:09:00 - JULIA_NUM_THREADS is set to 1
INFO - 11/14/25 18:32:59 - 0:09:14 - distribution of scores(all rounds)
INFO - 11/14/25 18:32:59 - 0:09:14 - Score:327680.0, Count:34
                                     
INFO - 11/14/25 18:32:59 - 0:09:14 - Score:299008.0, Count:34
                                     
INFO - 11/14/25 18:32:59 - 0:09:14 - Score:286720.0, Count:1
                                     
INFO - 11/14/25 18:32:59 - 0:09:14 - Score:270336.0, Count:30
                                     
INFO - 11/14/25 18:32:59 - 0:09:14 - Score:258560.0, Count:1
                                     
INFO - 11/14/25 18:32:59 - 0:09:14 - tokenizing
INFO - 11/14/25 18:32:59 - 0:09:14 - Loading tokenizer from /home/yuebi/Project/dim16_run/dim16_run_9/1111/tokenizer_data/tokenizer.json...
INFO - 11/14/25 18:32:59 - 0:09:14 - 0 / 100
INFO - 11/14/25 18:32:59 - 0:09:14 - number of examples in the dataset: 100
INFO - 11/14/25 18:32:59 - 0:09:14 - max word length: 113
INFO - 11/14/25 18:32:59 - 0:09:14 - number of unique characters in the vocabulary: 15
INFO - 11/14/25 18:32:59 - 0:09:14 - vocabulary:
INFO - 11/14/25 18:32:59 - 0:09:14 - ['V0', 'V1', 'V2', 'V3', 'V4', 'V5', 'V6', 'V7', 'V8', 'V9', 'V10', 'V11', 'V12', 'V13', 'V14']
INFO - 11/14/25 18:32:59 - 0:09:14 - split up the dataset into 90 training examples and 10 test examples
INFO - 11/14/25 18:32:59 - 0:09:14 - ============ Start of generation 20 ============
INFO - 11/14/25 18:32:59 - 0:09:14 - Memory allocated:  43.97MB, reserved: 7644.00MB
INFO - 11/14/25 18:32:59 - 0:09:14 - training
INFO - 11/14/25 18:32:59 - 0:09:14 - step 0 | loss 0.0525 | step time 264.02ms
INFO - 11/14/25 18:33:25 - 0:09:40 - step 100 | loss 0.0442 | step time 257.14ms
INFO - 11/14/25 18:33:51 - 0:10:05 - step 200 | loss 0.0428 | step time 257.06ms
INFO - 11/14/25 18:34:16 - 0:10:31 - step 300 | loss 0.0430 | step time 257.06ms
INFO - 11/14/25 18:34:42 - 0:10:57 - step 400 | loss 0.0419 | step time 257.08ms
INFO - 11/14/25 18:35:08 - 0:11:22 - step 500 | loss 0.0433 | step time 257.07ms
INFO - 11/14/25 18:35:08 - 0:11:23 - step 500 train loss: 0.042350832372903824 test loss: 0.1314760148525238
INFO - 11/14/25 18:35:08 - 0:11:23 - test loss 0.1314760148525238 is the best so far, saving model to /home/yuebi/Project/dim16_run/dim16_run_9/1111/model.pt
INFO - 11/14/25 18:35:34 - 0:11:48 - step 600 | loss 0.0418 | step time 257.13ms
INFO - 11/14/25 18:35:59 - 0:12:14 - step 700 | loss 0.0415 | step time 257.04ms
INFO - 11/14/25 18:36:25 - 0:12:40 - step 800 | loss 0.0419 | step time 257.09ms
INFO - 11/14/25 18:36:51 - 0:13:06 - step 900 | loss 0.0426 | step time 257.07ms
INFO - 11/14/25 18:37:16 - 0:13:31 - Memory allocated:  43.97MB, reserved: 7648.00MB
INFO - 11/14/25 18:37:16 - 0:13:31 - generating
INFO - 11/14/25 18:41:45 - 0:18:00 - distribution of sample lengths: average: 335.298 max: 352
INFO - 11/14/25 18:41:45 - 0:18:00 - printed 1000 samples
INFO - 11/14/25 18:41:45 - 0:18:00 - decoding
INFO - 11/14/25 18:41:45 - 0:18:00 - Decoding complete. Check the output in /home/yuebi/Project/dim16_run/dim16_run_9/1111/transformer-output-decoded.txt
INFO - 11/14/25 18:41:45 - 0:18:00 - Memory allocated:  43.97MB, reserved: 7648.00MB
INFO - 11/14/25 18:41:45 - 0:18:00 - ============ End of generation 20 ============
INFO - 11/14/25 18:41:45 - 0:18:00 - launching search.jl
INFO - 11/14/25 18:41:45 - 0:18:00 - JULIA_NUM_THREADS is set to 1
INFO - 11/14/25 18:41:59 - 0:18:14 - distribution of scores(all rounds)
INFO - 11/14/25 18:41:59 - 0:18:14 - Score:327680.0, Count:35
                                     
INFO - 11/14/25 18:41:59 - 0:18:14 - Score:299008.0, Count:35
                                     
INFO - 11/14/25 18:41:59 - 0:18:14 - Score:286720.0, Count:1
                                     
INFO - 11/14/25 18:41:59 - 0:18:14 - Score:270336.0, Count:29
                                     
INFO - 11/14/25 18:41:59 - 0:18:14 - tokenizing
INFO - 11/14/25 18:41:59 - 0:18:14 - Loading tokenizer from /home/yuebi/Project/dim16_run/dim16_run_9/1111/tokenizer_data/tokenizer.json...
INFO - 11/14/25 18:41:59 - 0:18:14 - 0 / 100
INFO - 11/14/25 18:41:59 - 0:18:14 - number of examples in the dataset: 100
INFO - 11/14/25 18:41:59 - 0:18:14 - max word length: 113
INFO - 11/14/25 18:41:59 - 0:18:14 - number of unique characters in the vocabulary: 15
INFO - 11/14/25 18:41:59 - 0:18:14 - vocabulary:
INFO - 11/14/25 18:41:59 - 0:18:14 - ['V0', 'V1', 'V2', 'V3', 'V4', 'V5', 'V6', 'V7', 'V8', 'V9', 'V10', 'V11', 'V12', 'V13', 'V14']
INFO - 11/14/25 18:41:59 - 0:18:14 - split up the dataset into 90 training examples and 10 test examples
INFO - 11/14/25 18:42:01 - 0:00:00 - ============ Initialized logger ============
INFO - 11/14/25 18:42:01 - 0:00:00 - batch_size: 32
                                     command: python fc_loop.py --exp_name=dim16_run_9 --dump_path=/home/yuebi/Project/dim16_run --num_initial_empty_objects=100 --final_database_size=100 --target_db_size=100 --nb_local_searches=800 --max_epochs=20 --type=transformer --max-output-length=271 --sample-only=1000 --max-steps=1000 --n_tokens=15 --n-layer=8 --n-embd=128 --n-embd2=128 --exp_id=1111 --exp_id "1111"
                                     cpu: False
                                     debug: False
                                     debug_slurm: False
                                     dump_path: /home/yuebi/Project/dim16_run/dim16_run_9/1111
                                     exp_id: 1111
                                     exp_name: dim16_run_9
                                     final_database_size: 100
                                     gen_batch_size: 1000
                                     global_rank: 0
                                     is_master: True
                                     is_slurm_job: True
                                     learning_rate: 0.0005
                                     local_rank: 0
                                     master_addr: gpu-6
                                     master_port: -1
                                     max_epochs: 20
                                     max_output_length: 271
                                     max_steps: 1000
                                     multi_gpu: False
                                     multi_node: False
                                     n_embd: 128
                                     n_embd2: 128
                                     n_gpu_per_node: 1
                                     n_head: 8
                                     n_layer: 8
                                     n_nodes: 1
                                     n_tokens: 15
                                     nb_local_searches: 800
                                     nb_threads: 1
                                     node_id: 0
                                     num_initial_empty_objects: 100
                                     num_workers: 8
                                     sample_only: 1000
                                     seed: -1
                                     target_db_size: 100
                                     temperature: 1.0
                                     top_k: -1
                                     type: transformer
                                     weight_decay: 0.01
                                     world_size: 1
INFO - 11/14/25 18:42:01 - 0:00:00 - The experiment will be stored in /home/yuebi/Project/dim16_run/dim16_run_9/1111
                                     
INFO - 11/14/25 18:42:01 - 0:00:00 - Running command: python fc_loop.py --exp_name=dim16_run_9 --dump_path=/home/yuebi/Project/dim16_run --num_initial_empty_objects=100 --final_database_size=100 --target_db_size=100 --nb_local_searches=800 --max_epochs=20 --type=transformer --max-output-length=271 --sample-only=1000 --max-steps=1000 --n_tokens=15 --n-layer=8 --n-embd=128 --n-embd2=128 --exp_id=1111

WARNING - 11/14/25 18:42:01 - 0:00:00 - Signal handler installed.
INFO - 11/14/25 18:42:01 - 0:00:00 - seed: 659600203
INFO - 11/14/25 18:42:01 - 0:00:00 - initializing at generation: 19
INFO - 11/14/25 18:42:01 - 0:00:00 - number of examples in the dataset: 100
INFO - 11/14/25 18:42:01 - 0:00:00 - max word length: 113
INFO - 11/14/25 18:42:01 - 0:00:00 - number of unique characters in the vocabulary: 15
INFO - 11/14/25 18:42:01 - 0:00:00 - vocabulary:
INFO - 11/14/25 18:42:01 - 0:00:00 - ['V0', 'V1', 'V2', 'V3', 'V4', 'V5', 'V6', 'V7', 'V8', 'V9', 'V10', 'V11', 'V12', 'V13', 'V14']
INFO - 11/14/25 18:42:01 - 0:00:00 - split up the dataset into 90 training examples and 10 test examples
INFO - 11/14/25 18:42:01 - 0:00:00 - dataset determined that: vocab_size=16, block_size=272
INFO - 11/14/25 18:42:01 - 0:00:00 - model #params: 1625344
INFO - 11/14/25 18:42:01 - 0:00:00 - resuming from existing model
INFO - 11/14/25 18:42:01 - 0:00:00 - ============ Start of generation 19 ============
INFO - 11/14/25 18:42:01 - 0:00:00 - Memory allocated:  8.46MB, reserved: 18.00MB
INFO - 11/14/25 18:42:01 - 0:00:00 - training
INFO - 11/14/25 18:42:06 - 0:00:05 - step 0 | loss 0.0584 | step time 583.74ms
INFO - 11/14/25 18:42:32 - 0:00:31 - step 100 | loss 0.0430 | step time 256.84ms
INFO - 11/14/25 18:42:58 - 0:00:56 - step 200 | loss 0.0425 | step time 256.87ms
INFO - 11/14/25 18:43:23 - 0:01:22 - step 300 | loss 0.0414 | step time 256.82ms
INFO - 11/14/25 18:43:49 - 0:01:48 - step 400 | loss 0.0428 | step time 256.82ms
INFO - 11/14/25 18:44:15 - 0:02:14 - step 500 | loss 0.0427 | step time 256.91ms
INFO - 11/14/25 18:44:15 - 0:02:14 - step 500 train loss: 0.04247119650244713 test loss: 0.09468772262334824
INFO - 11/14/25 18:44:15 - 0:02:14 - test loss 0.09468772262334824 is the best so far, saving model to /home/yuebi/Project/dim16_run/dim16_run_9/1111/model.pt
INFO - 11/14/25 18:44:41 - 0:02:40 - step 600 | loss 0.0422 | step time 256.80ms
INFO - 11/14/25 18:45:06 - 0:03:05 - step 700 | loss 0.0427 | step time 256.77ms
INFO - 11/14/25 18:45:32 - 0:03:31 - step 800 | loss 0.0423 | step time 256.72ms
INFO - 11/14/25 18:45:58 - 0:03:57 - step 900 | loss 0.0416 | step time 256.71ms
INFO - 11/14/25 18:46:23 - 0:04:22 - Memory allocated:  43.97MB, reserved: 2272.00MB
INFO - 11/14/25 18:46:23 - 0:04:22 - generating
INFO - 11/14/25 18:51:01 - 0:09:00 - distribution of sample lengths: average: 335.14 max: 352
INFO - 11/14/25 18:51:01 - 0:09:00 - printed 1000 samples
INFO - 11/14/25 18:51:01 - 0:09:00 - decoding
INFO - 11/14/25 18:51:01 - 0:09:00 - Decoding complete. Check the output in /home/yuebi/Project/dim16_run/dim16_run_9/1111/transformer-output-decoded.txt
INFO - 11/14/25 18:51:01 - 0:09:00 - Memory allocated:  43.97MB, reserved: 7644.00MB
INFO - 11/14/25 18:51:01 - 0:09:00 - ============ End of generation 19 ============
INFO - 11/14/25 18:51:01 - 0:09:00 - launching search.jl
INFO - 11/14/25 18:51:01 - 0:09:00 - JULIA_NUM_THREADS is set to 1
INFO - 11/14/25 18:51:15 - 0:09:14 - distribution of scores(all rounds)
INFO - 11/14/25 18:51:15 - 0:09:14 - Score:327680.0, Count:36
                                     
INFO - 11/14/25 18:51:15 - 0:09:14 - Score:299008.0, Count:36
                                     
INFO - 11/14/25 18:51:15 - 0:09:14 - Score:286720.0, Count:1
                                     
INFO - 11/14/25 18:51:15 - 0:09:14 - Score:270336.0, Count:27
                                     
INFO - 11/14/25 18:51:15 - 0:09:14 - tokenizing
INFO - 11/14/25 18:51:15 - 0:09:14 - Loading tokenizer from /home/yuebi/Project/dim16_run/dim16_run_9/1111/tokenizer_data/tokenizer.json...
INFO - 11/14/25 18:51:15 - 0:09:14 - 0 / 100
INFO - 11/14/25 18:51:15 - 0:09:14 - number of examples in the dataset: 100
INFO - 11/14/25 18:51:15 - 0:09:14 - max word length: 113
INFO - 11/14/25 18:51:15 - 0:09:14 - number of unique characters in the vocabulary: 15
INFO - 11/14/25 18:51:15 - 0:09:14 - vocabulary:
INFO - 11/14/25 18:51:15 - 0:09:14 - ['V0', 'V1', 'V2', 'V3', 'V4', 'V5', 'V6', 'V7', 'V8', 'V9', 'V10', 'V11', 'V12', 'V13', 'V14']
INFO - 11/14/25 18:51:15 - 0:09:14 - split up the dataset into 90 training examples and 10 test examples
INFO - 11/14/25 18:51:15 - 0:09:14 - ============ Start of generation 20 ============
INFO - 11/14/25 18:51:15 - 0:09:14 - Memory allocated:  43.97MB, reserved: 7644.00MB
INFO - 11/14/25 18:51:15 - 0:09:14 - training
INFO - 11/14/25 18:51:15 - 0:09:14 - step 0 | loss 0.0582 | step time 264.03ms
INFO - 11/14/25 18:51:41 - 0:09:40 - step 100 | loss 0.0434 | step time 257.05ms
INFO - 11/14/25 18:52:07 - 0:10:05 - step 200 | loss 0.0421 | step time 257.03ms
INFO - 11/14/25 18:52:32 - 0:10:31 - step 300 | loss 0.0424 | step time 257.03ms
INFO - 11/14/25 18:52:58 - 0:10:57 - step 400 | loss 0.0430 | step time 257.06ms
INFO - 11/14/25 18:53:24 - 0:11:22 - step 500 | loss 0.0415 | step time 257.00ms
INFO - 11/14/25 18:53:24 - 0:11:23 - step 500 train loss: 0.042434073984622955 test loss: 0.09330897778272629
INFO - 11/14/25 18:53:24 - 0:11:23 - test loss 0.09330897778272629 is the best so far, saving model to /home/yuebi/Project/dim16_run/dim16_run_9/1111/model.pt
INFO - 11/14/25 18:53:50 - 0:11:48 - step 600 | loss 0.0423 | step time 257.02ms
INFO - 11/14/25 18:54:15 - 0:12:14 - step 700 | loss 0.0426 | step time 257.00ms
INFO - 11/14/25 18:54:41 - 0:12:40 - step 800 | loss 0.0423 | step time 257.02ms
INFO - 11/14/25 18:55:07 - 0:13:06 - step 900 | loss 0.0420 | step time 257.08ms
INFO - 11/14/25 18:55:32 - 0:13:31 - Memory allocated:  43.97MB, reserved: 7648.00MB
INFO - 11/14/25 18:55:32 - 0:13:31 - generating
INFO - 11/14/25 19:00:01 - 0:18:00 - distribution of sample lengths: average: 335.632 max: 352
INFO - 11/14/25 19:00:01 - 0:18:00 - printed 1000 samples
INFO - 11/14/25 19:00:01 - 0:18:00 - decoding
INFO - 11/14/25 19:00:01 - 0:18:00 - Decoding complete. Check the output in /home/yuebi/Project/dim16_run/dim16_run_9/1111/transformer-output-decoded.txt
INFO - 11/14/25 19:00:01 - 0:18:00 - Memory allocated:  43.97MB, reserved: 7648.00MB
INFO - 11/14/25 19:00:01 - 0:18:00 - ============ End of generation 20 ============
INFO - 11/14/25 19:00:01 - 0:18:00 - launching search.jl
INFO - 11/14/25 19:00:01 - 0:18:00 - JULIA_NUM_THREADS is set to 1
INFO - 11/14/25 19:00:15 - 0:18:14 - distribution of scores(all rounds)
INFO - 11/14/25 19:00:15 - 0:18:14 - Score:327680.0, Count:37
                                     
INFO - 11/14/25 19:00:15 - 0:18:14 - Score:299008.0, Count:37
                                     
INFO - 11/14/25 19:00:15 - 0:18:14 - Score:286720.0, Count:1
                                     
INFO - 11/14/25 19:00:15 - 0:18:14 - Score:270336.0, Count:25
                                     
INFO - 11/14/25 19:00:15 - 0:18:14 - tokenizing
INFO - 11/14/25 19:00:15 - 0:18:14 - Loading tokenizer from /home/yuebi/Project/dim16_run/dim16_run_9/1111/tokenizer_data/tokenizer.json...
INFO - 11/14/25 19:00:15 - 0:18:14 - 0 / 100
INFO - 11/14/25 19:00:15 - 0:18:14 - number of examples in the dataset: 100
INFO - 11/14/25 19:00:15 - 0:18:14 - max word length: 113
INFO - 11/14/25 19:00:15 - 0:18:14 - number of unique characters in the vocabulary: 15
INFO - 11/14/25 19:00:15 - 0:18:14 - vocabulary:
INFO - 11/14/25 19:00:15 - 0:18:14 - ['V0', 'V1', 'V2', 'V3', 'V4', 'V5', 'V6', 'V7', 'V8', 'V9', 'V10', 'V11', 'V12', 'V13', 'V14']
INFO - 11/14/25 19:00:15 - 0:18:14 - split up the dataset into 90 training examples and 10 test examples
INFO - 11/14/25 19:00:17 - 0:00:00 - ============ Initialized logger ============
INFO - 11/14/25 19:00:17 - 0:00:00 - batch_size: 32
                                     command: python fc_loop.py --exp_name=dim16_run_9 --dump_path=/home/yuebi/Project/dim16_run --num_initial_empty_objects=100 --final_database_size=100 --target_db_size=100 --nb_local_searches=800 --max_epochs=20 --type=transformer --max-output-length=271 --sample-only=1000 --max-steps=1000 --n_tokens=15 --n-layer=8 --n-embd=128 --n-embd2=128 --exp_id=1111 --exp_id "1111"
                                     cpu: False
                                     debug: False
                                     debug_slurm: False
                                     dump_path: /home/yuebi/Project/dim16_run/dim16_run_9/1111
                                     exp_id: 1111
                                     exp_name: dim16_run_9
                                     final_database_size: 100
                                     gen_batch_size: 1000
                                     global_rank: 0
                                     is_master: True
                                     is_slurm_job: True
                                     learning_rate: 0.0005
                                     local_rank: 0
                                     master_addr: gpu-6
                                     master_port: -1
                                     max_epochs: 20
                                     max_output_length: 271
                                     max_steps: 1000
                                     multi_gpu: False
                                     multi_node: False
                                     n_embd: 128
                                     n_embd2: 128
                                     n_gpu_per_node: 1
                                     n_head: 8
                                     n_layer: 8
                                     n_nodes: 1
                                     n_tokens: 15
                                     nb_local_searches: 800
                                     nb_threads: 1
                                     node_id: 0
                                     num_initial_empty_objects: 100
                                     num_workers: 8
                                     sample_only: 1000
                                     seed: -1
                                     target_db_size: 100
                                     temperature: 1.0
                                     top_k: -1
                                     type: transformer
                                     weight_decay: 0.01
                                     world_size: 1
INFO - 11/14/25 19:00:17 - 0:00:00 - The experiment will be stored in /home/yuebi/Project/dim16_run/dim16_run_9/1111
                                     
INFO - 11/14/25 19:00:17 - 0:00:00 - Running command: python fc_loop.py --exp_name=dim16_run_9 --dump_path=/home/yuebi/Project/dim16_run --num_initial_empty_objects=100 --final_database_size=100 --target_db_size=100 --nb_local_searches=800 --max_epochs=20 --type=transformer --max-output-length=271 --sample-only=1000 --max-steps=1000 --n_tokens=15 --n-layer=8 --n-embd=128 --n-embd2=128 --exp_id=1111

WARNING - 11/14/25 19:00:17 - 0:00:00 - Signal handler installed.
INFO - 11/14/25 19:00:17 - 0:00:00 - seed: 568342884
INFO - 11/14/25 19:00:17 - 0:00:00 - initializing at generation: 19
INFO - 11/14/25 19:00:17 - 0:00:00 - number of examples in the dataset: 100
INFO - 11/14/25 19:00:17 - 0:00:00 - max word length: 113
INFO - 11/14/25 19:00:17 - 0:00:00 - number of unique characters in the vocabulary: 15
INFO - 11/14/25 19:00:17 - 0:00:00 - vocabulary:
INFO - 11/14/25 19:00:17 - 0:00:00 - ['V0', 'V1', 'V2', 'V3', 'V4', 'V5', 'V6', 'V7', 'V8', 'V9', 'V10', 'V11', 'V12', 'V13', 'V14']
INFO - 11/14/25 19:00:17 - 0:00:00 - split up the dataset into 90 training examples and 10 test examples
INFO - 11/14/25 19:00:17 - 0:00:00 - dataset determined that: vocab_size=16, block_size=272
INFO - 11/14/25 19:00:17 - 0:00:00 - model #params: 1625344
INFO - 11/14/25 19:00:17 - 0:00:00 - resuming from existing model
INFO - 11/14/25 19:00:17 - 0:00:00 - ============ Start of generation 19 ============
INFO - 11/14/25 19:00:17 - 0:00:00 - Memory allocated:  8.46MB, reserved: 18.00MB
INFO - 11/14/25 19:00:17 - 0:00:00 - training
INFO - 11/14/25 19:00:23 - 0:00:05 - step 0 | loss 0.0471 | step time 585.03ms
INFO - 11/14/25 19:00:48 - 0:00:31 - step 100 | loss 0.0433 | step time 257.03ms
INFO - 11/14/25 19:01:14 - 0:00:57 - step 200 | loss 0.0442 | step time 256.96ms
INFO - 11/14/25 19:01:40 - 0:01:22 - step 300 | loss 0.0441 | step time 256.94ms
INFO - 11/14/25 19:02:05 - 0:01:48 - step 400 | loss 0.0423 | step time 256.90ms
INFO - 11/14/25 19:02:31 - 0:02:14 - step 500 | loss 0.0425 | step time 256.96ms
INFO - 11/14/25 19:02:31 - 0:02:14 - step 500 train loss: 0.04231920465826988 test loss: 0.15679116547107697
INFO - 11/14/25 19:02:31 - 0:02:14 - test loss 0.15679116547107697 is the best so far, saving model to /home/yuebi/Project/dim16_run/dim16_run_9/1111/model.pt
INFO - 11/14/25 19:02:57 - 0:02:40 - step 600 | loss 0.0422 | step time 256.93ms
INFO - 11/14/25 19:03:23 - 0:03:06 - step 700 | loss 0.0427 | step time 256.86ms
INFO - 11/14/25 19:03:48 - 0:03:31 - step 800 | loss 0.0428 | step time 256.83ms
INFO - 11/14/25 19:04:14 - 0:03:57 - step 900 | loss 0.0432 | step time 256.84ms
INFO - 11/14/25 19:04:40 - 0:04:22 - Memory allocated:  43.97MB, reserved: 2272.00MB
INFO - 11/14/25 19:04:40 - 0:04:22 - generating
INFO - 11/14/25 19:09:17 - 0:09:00 - distribution of sample lengths: average: 334.871 max: 352
INFO - 11/14/25 19:09:17 - 0:09:00 - printed 1000 samples
INFO - 11/14/25 19:09:17 - 0:09:00 - decoding
INFO - 11/14/25 19:09:17 - 0:09:00 - Decoding complete. Check the output in /home/yuebi/Project/dim16_run/dim16_run_9/1111/transformer-output-decoded.txt
INFO - 11/14/25 19:09:17 - 0:09:00 - Memory allocated:  43.97MB, reserved: 7644.00MB
INFO - 11/14/25 19:09:17 - 0:09:00 - ============ End of generation 19 ============
INFO - 11/14/25 19:09:17 - 0:09:00 - launching search.jl
INFO - 11/14/25 19:09:17 - 0:09:00 - JULIA_NUM_THREADS is set to 1
INFO - 11/14/25 19:09:30 - 0:09:13 - distribution of scores(all rounds)
INFO - 11/14/25 19:09:30 - 0:09:13 - Score:327680.0, Count:38
                                     
INFO - 11/14/25 19:09:30 - 0:09:13 - Score:299008.0, Count:38
                                     
INFO - 11/14/25 19:09:30 - 0:09:13 - Score:286720.0, Count:1
                                     
INFO - 11/14/25 19:09:30 - 0:09:13 - Score:270336.0, Count:23
                                     
INFO - 11/14/25 19:09:30 - 0:09:13 - tokenizing
INFO - 11/14/25 19:09:30 - 0:09:13 - Loading tokenizer from /home/yuebi/Project/dim16_run/dim16_run_9/1111/tokenizer_data/tokenizer.json...
INFO - 11/14/25 19:09:30 - 0:09:13 - 0 / 100
INFO - 11/14/25 19:09:30 - 0:09:13 - number of examples in the dataset: 100
INFO - 11/14/25 19:09:30 - 0:09:13 - max word length: 113
INFO - 11/14/25 19:09:30 - 0:09:13 - number of unique characters in the vocabulary: 15
INFO - 11/14/25 19:09:30 - 0:09:13 - vocabulary:
INFO - 11/14/25 19:09:30 - 0:09:13 - ['V0', 'V1', 'V2', 'V3', 'V4', 'V5', 'V6', 'V7', 'V8', 'V9', 'V10', 'V11', 'V12', 'V13', 'V14']
INFO - 11/14/25 19:09:30 - 0:09:13 - split up the dataset into 90 training examples and 10 test examples
INFO - 11/14/25 19:09:30 - 0:09:13 - ============ Start of generation 20 ============
INFO - 11/14/25 19:09:30 - 0:09:13 - Memory allocated:  43.97MB, reserved: 7644.00MB
INFO - 11/14/25 19:09:30 - 0:09:13 - training
INFO - 11/14/25 19:09:30 - 0:09:13 - step 0 | loss 0.0758 | step time 264.11ms
INFO - 11/14/25 19:09:56 - 0:09:39 - step 100 | loss 0.0421 | step time 257.20ms
INFO - 11/14/25 19:10:22 - 0:10:05 - step 200 | loss 0.0430 | step time 257.23ms
INFO - 11/14/25 19:10:48 - 0:10:30 - step 300 | loss 0.0423 | step time 257.34ms
INFO - 11/14/25 19:11:13 - 0:10:56 - step 400 | loss 0.0427 | step time 257.31ms
INFO - 11/14/25 19:11:39 - 0:11:22 - step 500 | loss 0.0424 | step time 257.26ms
INFO - 11/14/25 19:11:39 - 0:11:22 - step 500 train loss: 0.042259152978658676 test loss: 0.09579705446958542
INFO - 11/14/25 19:11:39 - 0:11:22 - test loss 0.09579705446958542 is the best so far, saving model to /home/yuebi/Project/dim16_run/dim16_run_9/1111/model.pt
INFO - 11/14/25 19:12:05 - 0:11:48 - step 600 | loss 0.0427 | step time 257.26ms
INFO - 11/14/25 19:12:31 - 0:12:14 - step 700 | loss 0.0417 | step time 257.27ms
INFO - 11/14/25 19:12:57 - 0:12:39 - step 800 | loss 0.0433 | step time 257.28ms
INFO - 11/14/25 19:13:22 - 0:13:05 - step 900 | loss 0.0426 | step time 257.32ms
INFO - 11/14/25 19:13:48 - 0:13:31 - Memory allocated:  43.97MB, reserved: 7648.00MB
INFO - 11/14/25 19:13:48 - 0:13:31 - generating
INFO - 11/14/25 19:18:17 - 0:18:00 - distribution of sample lengths: average: 335.873 max: 352
INFO - 11/14/25 19:18:17 - 0:18:00 - printed 1000 samples
INFO - 11/14/25 19:18:17 - 0:18:00 - decoding
INFO - 11/14/25 19:18:17 - 0:18:00 - Decoding complete. Check the output in /home/yuebi/Project/dim16_run/dim16_run_9/1111/transformer-output-decoded.txt
INFO - 11/14/25 19:18:17 - 0:18:00 - Memory allocated:  43.97MB, reserved: 7648.00MB
INFO - 11/14/25 19:18:17 - 0:18:00 - ============ End of generation 20 ============
INFO - 11/14/25 19:18:17 - 0:18:00 - launching search.jl
INFO - 11/14/25 19:18:17 - 0:18:00 - JULIA_NUM_THREADS is set to 1
INFO - 11/14/25 19:18:31 - 0:18:13 - distribution of scores(all rounds)
INFO - 11/14/25 19:18:31 - 0:18:13 - Score:327680.0, Count:39
                                     
INFO - 11/14/25 19:18:31 - 0:18:13 - Score:299008.0, Count:39
                                     
INFO - 11/14/25 19:18:31 - 0:18:13 - Score:286720.0, Count:1
                                     
INFO - 11/14/25 19:18:31 - 0:18:13 - Score:270336.0, Count:21
                                     
INFO - 11/14/25 19:18:31 - 0:18:13 - tokenizing
INFO - 11/14/25 19:18:31 - 0:18:13 - Loading tokenizer from /home/yuebi/Project/dim16_run/dim16_run_9/1111/tokenizer_data/tokenizer.json...
INFO - 11/14/25 19:18:31 - 0:18:13 - 0 / 100
INFO - 11/14/25 19:18:31 - 0:18:13 - number of examples in the dataset: 100
INFO - 11/14/25 19:18:31 - 0:18:13 - max word length: 113
INFO - 11/14/25 19:18:31 - 0:18:13 - number of unique characters in the vocabulary: 15
INFO - 11/14/25 19:18:31 - 0:18:13 - vocabulary:
INFO - 11/14/25 19:18:31 - 0:18:13 - ['V0', 'V1', 'V2', 'V3', 'V4', 'V5', 'V6', 'V7', 'V8', 'V9', 'V10', 'V11', 'V12', 'V13', 'V14']
INFO - 11/14/25 19:18:31 - 0:18:13 - split up the dataset into 90 training examples and 10 test examples
INFO - 11/14/25 19:18:33 - 0:00:00 - ============ Initialized logger ============
INFO - 11/14/25 19:18:33 - 0:00:00 - batch_size: 32
                                     command: python fc_loop.py --exp_name=dim16_run_9 --dump_path=/home/yuebi/Project/dim16_run --num_initial_empty_objects=100 --final_database_size=100 --target_db_size=100 --nb_local_searches=800 --max_epochs=20 --type=transformer --max-output-length=271 --sample-only=1000 --max-steps=1000 --n_tokens=15 --n-layer=8 --n-embd=128 --n-embd2=128 --exp_id=1111 --exp_id "1111"
                                     cpu: False
                                     debug: False
                                     debug_slurm: False
                                     dump_path: /home/yuebi/Project/dim16_run/dim16_run_9/1111
                                     exp_id: 1111
                                     exp_name: dim16_run_9
                                     final_database_size: 100
                                     gen_batch_size: 1000
                                     global_rank: 0
                                     is_master: True
                                     is_slurm_job: True
                                     learning_rate: 0.0005
                                     local_rank: 0
                                     master_addr: gpu-6
                                     master_port: -1
                                     max_epochs: 20
                                     max_output_length: 271
                                     max_steps: 1000
                                     multi_gpu: False
                                     multi_node: False
                                     n_embd: 128
                                     n_embd2: 128
                                     n_gpu_per_node: 1
                                     n_head: 8
                                     n_layer: 8
                                     n_nodes: 1
                                     n_tokens: 15
                                     nb_local_searches: 800
                                     nb_threads: 1
                                     node_id: 0
                                     num_initial_empty_objects: 100
                                     num_workers: 8
                                     sample_only: 1000
                                     seed: -1
                                     target_db_size: 100
                                     temperature: 1.0
                                     top_k: -1
                                     type: transformer
                                     weight_decay: 0.01
                                     world_size: 1
INFO - 11/14/25 19:18:33 - 0:00:00 - The experiment will be stored in /home/yuebi/Project/dim16_run/dim16_run_9/1111
                                     
INFO - 11/14/25 19:18:33 - 0:00:00 - Running command: python fc_loop.py --exp_name=dim16_run_9 --dump_path=/home/yuebi/Project/dim16_run --num_initial_empty_objects=100 --final_database_size=100 --target_db_size=100 --nb_local_searches=800 --max_epochs=20 --type=transformer --max-output-length=271 --sample-only=1000 --max-steps=1000 --n_tokens=15 --n-layer=8 --n-embd=128 --n-embd2=128 --exp_id=1111

WARNING - 11/14/25 19:18:33 - 0:00:00 - Signal handler installed.
INFO - 11/14/25 19:18:33 - 0:00:00 - seed: 287930926
INFO - 11/14/25 19:18:33 - 0:00:00 - initializing at generation: 19
INFO - 11/14/25 19:18:33 - 0:00:00 - number of examples in the dataset: 100
INFO - 11/14/25 19:18:33 - 0:00:00 - max word length: 113
INFO - 11/14/25 19:18:33 - 0:00:00 - number of unique characters in the vocabulary: 15
INFO - 11/14/25 19:18:33 - 0:00:00 - vocabulary:
INFO - 11/14/25 19:18:33 - 0:00:00 - ['V0', 'V1', 'V2', 'V3', 'V4', 'V5', 'V6', 'V7', 'V8', 'V9', 'V10', 'V11', 'V12', 'V13', 'V14']
INFO - 11/14/25 19:18:33 - 0:00:00 - split up the dataset into 90 training examples and 10 test examples
INFO - 11/14/25 19:18:33 - 0:00:00 - dataset determined that: vocab_size=16, block_size=272
INFO - 11/14/25 19:18:33 - 0:00:00 - model #params: 1625344
INFO - 11/14/25 19:18:33 - 0:00:00 - resuming from existing model
INFO - 11/14/25 19:18:33 - 0:00:00 - ============ Start of generation 19 ============
INFO - 11/14/25 19:18:33 - 0:00:00 - Memory allocated:  8.46MB, reserved: 18.00MB
INFO - 11/14/25 19:18:33 - 0:00:00 - training
INFO - 11/14/25 19:18:39 - 0:00:05 - step 0 | loss 0.0433 | step time 587.31ms
INFO - 11/14/25 19:19:04 - 0:00:31 - step 100 | loss 0.0424 | step time 256.98ms
INFO - 11/14/25 19:19:30 - 0:00:57 - step 200 | loss 0.0423 | step time 256.96ms
INFO - 11/14/25 19:19:56 - 0:01:22 - step 300 | loss 0.0418 | step time 256.92ms
INFO - 11/14/25 19:20:21 - 0:01:48 - step 400 | loss 0.0424 | step time 256.91ms
INFO - 11/14/25 19:20:47 - 0:02:14 - step 500 | loss 0.0418 | step time 256.94ms
INFO - 11/14/25 19:20:47 - 0:02:14 - step 500 train loss: 0.042265649884939194 test loss: 0.10524062812328339
INFO - 11/14/25 19:20:47 - 0:02:14 - test loss 0.10524062812328339 is the best so far, saving model to /home/yuebi/Project/dim16_run/dim16_run_9/1111/model.pt
INFO - 11/14/25 19:21:13 - 0:02:40 - step 600 | loss 0.0418 | step time 256.85ms
INFO - 11/14/25 19:21:39 - 0:03:05 - step 700 | loss 0.0419 | step time 256.84ms
INFO - 11/14/25 19:22:04 - 0:03:31 - step 800 | loss 0.0419 | step time 256.77ms
INFO - 11/14/25 19:22:30 - 0:03:57 - step 900 | loss 0.0422 | step time 256.78ms
INFO - 11/14/25 19:22:55 - 0:04:22 - Memory allocated:  43.97MB, reserved: 2272.00MB
INFO - 11/14/25 19:22:55 - 0:04:22 - generating
INFO - 11/14/25 19:27:33 - 0:09:00 - distribution of sample lengths: average: 335.449 max: 352
INFO - 11/14/25 19:27:33 - 0:09:00 - printed 1000 samples
INFO - 11/14/25 19:27:33 - 0:09:00 - decoding
INFO - 11/14/25 19:27:33 - 0:09:00 - Decoding complete. Check the output in /home/yuebi/Project/dim16_run/dim16_run_9/1111/transformer-output-decoded.txt
INFO - 11/14/25 19:27:33 - 0:09:00 - Memory allocated:  43.97MB, reserved: 7644.00MB
INFO - 11/14/25 19:27:33 - 0:09:00 - ============ End of generation 19 ============
INFO - 11/14/25 19:27:33 - 0:09:00 - launching search.jl
INFO - 11/14/25 19:27:33 - 0:09:00 - JULIA_NUM_THREADS is set to 1
INFO - 11/14/25 19:27:47 - 0:09:14 - distribution of scores(all rounds)
INFO - 11/14/25 19:27:47 - 0:09:14 - Score:327680.0, Count:40
                                     
INFO - 11/14/25 19:27:47 - 0:09:14 - Score:299008.0, Count:40
                                     
INFO - 11/14/25 19:27:47 - 0:09:14 - Score:286720.0, Count:1
                                     
INFO - 11/14/25 19:27:47 - 0:09:14 - Score:270336.0, Count:19
                                     
INFO - 11/14/25 19:27:47 - 0:09:14 - tokenizing
INFO - 11/14/25 19:27:47 - 0:09:14 - Loading tokenizer from /home/yuebi/Project/dim16_run/dim16_run_9/1111/tokenizer_data/tokenizer.json...
INFO - 11/14/25 19:27:47 - 0:09:14 - 0 / 100
INFO - 11/14/25 19:27:47 - 0:09:14 - number of examples in the dataset: 100
INFO - 11/14/25 19:27:47 - 0:09:14 - max word length: 113
INFO - 11/14/25 19:27:47 - 0:09:14 - number of unique characters in the vocabulary: 15
INFO - 11/14/25 19:27:47 - 0:09:14 - vocabulary:
INFO - 11/14/25 19:27:47 - 0:09:14 - ['V0', 'V1', 'V2', 'V3', 'V4', 'V5', 'V6', 'V7', 'V8', 'V9', 'V10', 'V11', 'V12', 'V13', 'V14']
INFO - 11/14/25 19:27:47 - 0:09:14 - split up the dataset into 90 training examples and 10 test examples
INFO - 11/14/25 19:27:47 - 0:09:14 - ============ Start of generation 20 ============
INFO - 11/14/25 19:27:47 - 0:09:14 - Memory allocated:  43.97MB, reserved: 7644.00MB
INFO - 11/14/25 19:27:47 - 0:09:14 - training
INFO - 11/14/25 19:27:47 - 0:09:14 - step 0 | loss 0.0443 | step time 264.19ms
INFO - 11/14/25 19:28:13 - 0:09:40 - step 100 | loss 0.0426 | step time 257.15ms
INFO - 11/14/25 19:28:39 - 0:10:05 - step 200 | loss 0.0424 | step time 257.18ms
INFO - 11/14/25 19:29:04 - 0:10:31 - step 300 | loss 0.0419 | step time 257.20ms
INFO - 11/14/25 19:29:30 - 0:10:57 - step 400 | loss 0.0427 | step time 257.16ms
INFO - 11/14/25 19:29:56 - 0:11:23 - step 500 | loss 0.0424 | step time 257.18ms
INFO - 11/14/25 19:29:56 - 0:11:23 - step 500 train loss: 0.042319945991039276 test loss: 0.10344391316175461
INFO - 11/14/25 19:29:56 - 0:11:23 - test loss 0.10344391316175461 is the best so far, saving model to /home/yuebi/Project/dim16_run/dim16_run_9/1111/model.pt
INFO - 11/14/25 19:30:22 - 0:11:49 - step 600 | loss 0.0424 | step time 257.17ms
INFO - 11/14/25 19:30:48 - 0:12:14 - step 700 | loss 0.0426 | step time 257.20ms
INFO - 11/14/25 19:31:13 - 0:12:40 - step 800 | loss 0.0425 | step time 257.17ms
INFO - 11/14/25 19:31:39 - 0:13:06 - step 900 | loss 0.0468 | step time 257.21ms
INFO - 11/14/25 19:32:04 - 0:13:31 - Memory allocated:  43.97MB, reserved: 7648.00MB
INFO - 11/14/25 19:32:04 - 0:13:31 - generating
INFO - 11/14/25 19:36:33 - 0:18:00 - distribution of sample lengths: average: 334.876 max: 352
INFO - 11/14/25 19:36:33 - 0:18:00 - printed 1000 samples
INFO - 11/14/25 19:36:33 - 0:18:00 - decoding
INFO - 11/14/25 19:36:33 - 0:18:00 - Decoding complete. Check the output in /home/yuebi/Project/dim16_run/dim16_run_9/1111/transformer-output-decoded.txt
INFO - 11/14/25 19:36:33 - 0:18:00 - Memory allocated:  43.97MB, reserved: 7648.00MB
INFO - 11/14/25 19:36:33 - 0:18:00 - ============ End of generation 20 ============
INFO - 11/14/25 19:36:33 - 0:18:00 - launching search.jl
INFO - 11/14/25 19:36:33 - 0:18:00 - JULIA_NUM_THREADS is set to 1
INFO - 11/14/25 19:36:47 - 0:18:14 - distribution of scores(all rounds)
INFO - 11/14/25 19:36:47 - 0:18:14 - Score:327680.0, Count:41
                                     
INFO - 11/14/25 19:36:47 - 0:18:14 - Score:299008.0, Count:41
                                     
INFO - 11/14/25 19:36:47 - 0:18:14 - Score:286720.0, Count:1
                                     
INFO - 11/14/25 19:36:47 - 0:18:14 - Score:270336.0, Count:17
                                     
INFO - 11/14/25 19:36:47 - 0:18:14 - tokenizing
INFO - 11/14/25 19:36:47 - 0:18:14 - Loading tokenizer from /home/yuebi/Project/dim16_run/dim16_run_9/1111/tokenizer_data/tokenizer.json...
INFO - 11/14/25 19:36:47 - 0:18:14 - 0 / 100
INFO - 11/14/25 19:36:47 - 0:18:14 - number of examples in the dataset: 100
INFO - 11/14/25 19:36:47 - 0:18:14 - max word length: 113
INFO - 11/14/25 19:36:47 - 0:18:14 - number of unique characters in the vocabulary: 15
INFO - 11/14/25 19:36:47 - 0:18:14 - vocabulary:
INFO - 11/14/25 19:36:47 - 0:18:14 - ['V0', 'V1', 'V2', 'V3', 'V4', 'V5', 'V6', 'V7', 'V8', 'V9', 'V10', 'V11', 'V12', 'V13', 'V14']
INFO - 11/14/25 19:36:47 - 0:18:14 - split up the dataset into 90 training examples and 10 test examples
INFO - 11/14/25 19:36:50 - 0:00:00 - ============ Initialized logger ============
INFO - 11/14/25 19:36:50 - 0:00:00 - batch_size: 32
                                     command: python fc_loop.py --exp_name=dim16_run_9 --dump_path=/home/yuebi/Project/dim16_run --num_initial_empty_objects=100 --final_database_size=100 --target_db_size=100 --nb_local_searches=800 --max_epochs=20 --type=transformer --max-output-length=271 --sample-only=1000 --max-steps=1000 --n_tokens=15 --n-layer=8 --n-embd=128 --n-embd2=128 --exp_id=1111 --exp_id "1111"
                                     cpu: False
                                     debug: False
                                     debug_slurm: False
                                     dump_path: /home/yuebi/Project/dim16_run/dim16_run_9/1111
                                     exp_id: 1111
                                     exp_name: dim16_run_9
                                     final_database_size: 100
                                     gen_batch_size: 1000
                                     global_rank: 0
                                     is_master: True
                                     is_slurm_job: True
                                     learning_rate: 0.0005
                                     local_rank: 0
                                     master_addr: gpu-6
                                     master_port: -1
                                     max_epochs: 20
                                     max_output_length: 271
                                     max_steps: 1000
                                     multi_gpu: False
                                     multi_node: False
                                     n_embd: 128
                                     n_embd2: 128
                                     n_gpu_per_node: 1
                                     n_head: 8
                                     n_layer: 8
                                     n_nodes: 1
                                     n_tokens: 15
                                     nb_local_searches: 800
                                     nb_threads: 1
                                     node_id: 0
                                     num_initial_empty_objects: 100
                                     num_workers: 8
                                     sample_only: 1000
                                     seed: -1
                                     target_db_size: 100
                                     temperature: 1.0
                                     top_k: -1
                                     type: transformer
                                     weight_decay: 0.01
                                     world_size: 1
INFO - 11/14/25 19:36:50 - 0:00:00 - The experiment will be stored in /home/yuebi/Project/dim16_run/dim16_run_9/1111
                                     
INFO - 11/14/25 19:36:50 - 0:00:00 - Running command: python fc_loop.py --exp_name=dim16_run_9 --dump_path=/home/yuebi/Project/dim16_run --num_initial_empty_objects=100 --final_database_size=100 --target_db_size=100 --nb_local_searches=800 --max_epochs=20 --type=transformer --max-output-length=271 --sample-only=1000 --max-steps=1000 --n_tokens=15 --n-layer=8 --n-embd=128 --n-embd2=128 --exp_id=1111

WARNING - 11/14/25 19:36:50 - 0:00:00 - Signal handler installed.
INFO - 11/14/25 19:36:50 - 0:00:00 - seed: 409383772
INFO - 11/14/25 19:36:50 - 0:00:00 - initializing at generation: 19
INFO - 11/14/25 19:36:50 - 0:00:00 - number of examples in the dataset: 100
INFO - 11/14/25 19:36:50 - 0:00:00 - max word length: 113
INFO - 11/14/25 19:36:50 - 0:00:00 - number of unique characters in the vocabulary: 15
INFO - 11/14/25 19:36:50 - 0:00:00 - vocabulary:
INFO - 11/14/25 19:36:50 - 0:00:00 - ['V0', 'V1', 'V2', 'V3', 'V4', 'V5', 'V6', 'V7', 'V8', 'V9', 'V10', 'V11', 'V12', 'V13', 'V14']
INFO - 11/14/25 19:36:50 - 0:00:00 - split up the dataset into 90 training examples and 10 test examples
INFO - 11/14/25 19:36:50 - 0:00:00 - dataset determined that: vocab_size=16, block_size=272
INFO - 11/14/25 19:36:50 - 0:00:00 - model #params: 1625344
INFO - 11/14/25 19:36:50 - 0:00:00 - resuming from existing model
INFO - 11/14/25 19:36:50 - 0:00:00 - ============ Start of generation 19 ============
INFO - 11/14/25 19:36:50 - 0:00:00 - Memory allocated:  8.46MB, reserved: 18.00MB
INFO - 11/14/25 19:36:50 - 0:00:00 - training
INFO - 11/14/25 19:36:55 - 0:00:05 - step 0 | loss 0.0446 | step time 592.18ms
INFO - 11/14/25 19:37:21 - 0:00:30 - step 100 | loss 0.0427 | step time 257.09ms
INFO - 11/14/25 19:37:46 - 0:00:56 - step 200 | loss 0.0431 | step time 256.91ms
INFO - 11/14/25 19:38:12 - 0:01:22 - step 300 | loss 0.0424 | step time 256.92ms
INFO - 11/14/25 19:38:38 - 0:01:48 - step 400 | loss 0.0423 | step time 256.94ms
INFO - 11/14/25 19:39:03 - 0:02:13 - step 500 | loss 0.0427 | step time 257.03ms
INFO - 11/14/25 19:39:04 - 0:02:14 - step 500 train loss: 0.042344506829977036 test loss: 0.09003682434558868
INFO - 11/14/25 19:39:04 - 0:02:14 - test loss 0.09003682434558868 is the best so far, saving model to /home/yuebi/Project/dim16_run/dim16_run_9/1111/model.pt
INFO - 11/14/25 19:39:29 - 0:02:39 - step 600 | loss 0.0428 | step time 256.85ms
INFO - 11/14/25 19:39:55 - 0:03:05 - step 700 | loss 0.0420 | step time 256.83ms
INFO - 11/14/25 19:40:21 - 0:03:31 - step 800 | loss 0.0423 | step time 256.78ms
INFO - 11/14/25 19:40:47 - 0:03:56 - step 900 | loss 0.0463 | step time 256.80ms
INFO - 11/14/25 19:41:12 - 0:04:22 - Memory allocated:  43.97MB, reserved: 2272.00MB
INFO - 11/14/25 19:41:12 - 0:04:22 - generating
INFO - 11/14/25 19:45:50 - 0:08:59 - distribution of sample lengths: average: 335.471 max: 352
INFO - 11/14/25 19:45:50 - 0:08:59 - printed 1000 samples
INFO - 11/14/25 19:45:50 - 0:08:59 - decoding
INFO - 11/14/25 19:45:50 - 0:08:59 - Decoding complete. Check the output in /home/yuebi/Project/dim16_run/dim16_run_9/1111/transformer-output-decoded.txt
INFO - 11/14/25 19:45:50 - 0:08:59 - Memory allocated:  43.97MB, reserved: 7644.00MB
INFO - 11/14/25 19:45:50 - 0:08:59 - ============ End of generation 19 ============
INFO - 11/14/25 19:45:50 - 0:08:59 - launching search.jl
INFO - 11/14/25 19:45:50 - 0:08:59 - JULIA_NUM_THREADS is set to 1
INFO - 11/14/25 19:46:04 - 0:09:13 - distribution of scores(all rounds)
INFO - 11/14/25 19:46:04 - 0:09:13 - Score:327680.0, Count:42
                                     
INFO - 11/14/25 19:46:04 - 0:09:13 - Score:299008.0, Count:42
                                     
INFO - 11/14/25 19:46:04 - 0:09:13 - Score:286720.0, Count:1
                                     
INFO - 11/14/25 19:46:04 - 0:09:13 - Score:270336.0, Count:15
                                     
INFO - 11/14/25 19:46:04 - 0:09:13 - tokenizing
INFO - 11/14/25 19:46:04 - 0:09:13 - Loading tokenizer from /home/yuebi/Project/dim16_run/dim16_run_9/1111/tokenizer_data/tokenizer.json...
INFO - 11/14/25 19:46:04 - 0:09:13 - 0 / 100
INFO - 11/14/25 19:46:04 - 0:09:13 - number of examples in the dataset: 100
INFO - 11/14/25 19:46:04 - 0:09:13 - max word length: 113
INFO - 11/14/25 19:46:04 - 0:09:13 - number of unique characters in the vocabulary: 15
INFO - 11/14/25 19:46:04 - 0:09:13 - vocabulary:
INFO - 11/14/25 19:46:04 - 0:09:13 - ['V0', 'V1', 'V2', 'V3', 'V4', 'V5', 'V6', 'V7', 'V8', 'V9', 'V10', 'V11', 'V12', 'V13', 'V14']
INFO - 11/14/25 19:46:04 - 0:09:13 - split up the dataset into 90 training examples and 10 test examples
INFO - 11/14/25 19:46:04 - 0:09:13 - ============ Start of generation 20 ============
INFO - 11/14/25 19:46:04 - 0:09:13 - Memory allocated:  43.97MB, reserved: 7644.00MB
INFO - 11/14/25 19:46:04 - 0:09:13 - training
INFO - 11/14/25 19:46:04 - 0:09:14 - step 0 | loss 0.0680 | step time 264.15ms
INFO - 11/14/25 19:46:30 - 0:09:39 - step 100 | loss 0.0429 | step time 257.31ms
INFO - 11/14/25 19:46:55 - 0:10:05 - step 200 | loss 0.0422 | step time 257.23ms
INFO - 11/14/25 19:47:21 - 0:10:31 - step 300 | loss 0.0414 | step time 257.18ms
INFO - 11/14/25 19:47:47 - 0:10:57 - step 400 | loss 0.0436 | step time 257.16ms
INFO - 11/14/25 19:48:13 - 0:11:22 - step 500 | loss 0.0426 | step time 257.17ms
INFO - 11/14/25 19:48:13 - 0:11:23 - step 500 train loss: 0.04231586307287216 test loss: 0.0947413295507431
INFO - 11/14/25 19:48:13 - 0:11:23 - test loss 0.0947413295507431 is the best so far, saving model to /home/yuebi/Project/dim16_run/dim16_run_9/1111/model.pt
INFO - 11/14/25 19:48:39 - 0:11:48 - step 600 | loss 0.0428 | step time 257.18ms
INFO - 11/14/25 19:49:04 - 0:12:14 - step 700 | loss 0.0422 | step time 257.18ms
INFO - 11/14/25 19:49:30 - 0:12:40 - step 800 | loss 0.0422 | step time 257.19ms
INFO - 11/14/25 19:49:56 - 0:13:05 - step 900 | loss 0.0430 | step time 257.20ms
INFO - 11/14/25 19:50:21 - 0:13:31 - Memory allocated:  43.97MB, reserved: 7648.00MB
INFO - 11/14/25 19:50:21 - 0:13:31 - generating
INFO - 11/14/25 19:54:50 - 0:18:00 - distribution of sample lengths: average: 335.73 max: 354
INFO - 11/14/25 19:54:50 - 0:18:00 - printed 1000 samples
INFO - 11/14/25 19:54:50 - 0:18:00 - decoding
INFO - 11/14/25 19:54:50 - 0:18:00 - Decoding complete. Check the output in /home/yuebi/Project/dim16_run/dim16_run_9/1111/transformer-output-decoded.txt
INFO - 11/14/25 19:54:50 - 0:18:00 - Memory allocated:  43.97MB, reserved: 7648.00MB
INFO - 11/14/25 19:54:50 - 0:18:00 - ============ End of generation 20 ============
INFO - 11/14/25 19:54:50 - 0:18:00 - launching search.jl
INFO - 11/14/25 19:54:50 - 0:18:00 - JULIA_NUM_THREADS is set to 1
INFO - 11/14/25 19:55:04 - 0:18:14 - distribution of scores(all rounds)
INFO - 11/14/25 19:55:04 - 0:18:14 - Score:327680.0, Count:43
                                     
INFO - 11/14/25 19:55:04 - 0:18:14 - Score:299008.0, Count:43
                                     
INFO - 11/14/25 19:55:04 - 0:18:14 - Score:286720.0, Count:1
                                     
INFO - 11/14/25 19:55:04 - 0:18:14 - Score:270336.0, Count:13
                                     
INFO - 11/14/25 19:55:04 - 0:18:14 - tokenizing
INFO - 11/14/25 19:55:04 - 0:18:14 - Loading tokenizer from /home/yuebi/Project/dim16_run/dim16_run_9/1111/tokenizer_data/tokenizer.json...
INFO - 11/14/25 19:55:04 - 0:18:14 - 0 / 100
INFO - 11/14/25 19:55:04 - 0:18:14 - number of examples in the dataset: 100
INFO - 11/14/25 19:55:04 - 0:18:14 - max word length: 113
INFO - 11/14/25 19:55:04 - 0:18:14 - number of unique characters in the vocabulary: 15
INFO - 11/14/25 19:55:04 - 0:18:14 - vocabulary:
INFO - 11/14/25 19:55:04 - 0:18:14 - ['V0', 'V1', 'V2', 'V3', 'V4', 'V5', 'V6', 'V7', 'V8', 'V9', 'V10', 'V11', 'V12', 'V13', 'V14']
INFO - 11/14/25 19:55:04 - 0:18:14 - split up the dataset into 90 training examples and 10 test examples
INFO - 11/14/25 19:55:07 - 0:00:00 - ============ Initialized logger ============
INFO - 11/14/25 19:55:07 - 0:00:00 - batch_size: 32
                                     command: python fc_loop.py --exp_name=dim16_run_9 --dump_path=/home/yuebi/Project/dim16_run --num_initial_empty_objects=100 --final_database_size=100 --target_db_size=100 --nb_local_searches=800 --max_epochs=20 --type=transformer --max-output-length=271 --sample-only=1000 --max-steps=1000 --n_tokens=15 --n-layer=8 --n-embd=128 --n-embd2=128 --exp_id=1111 --exp_id "1111"
                                     cpu: False
                                     debug: False
                                     debug_slurm: False
                                     dump_path: /home/yuebi/Project/dim16_run/dim16_run_9/1111
                                     exp_id: 1111
                                     exp_name: dim16_run_9
                                     final_database_size: 100
                                     gen_batch_size: 1000
                                     global_rank: 0
                                     is_master: True
                                     is_slurm_job: True
                                     learning_rate: 0.0005
                                     local_rank: 0
                                     master_addr: gpu-6
                                     master_port: -1
                                     max_epochs: 20
                                     max_output_length: 271
                                     max_steps: 1000
                                     multi_gpu: False
                                     multi_node: False
                                     n_embd: 128
                                     n_embd2: 128
                                     n_gpu_per_node: 1
                                     n_head: 8
                                     n_layer: 8
                                     n_nodes: 1
                                     n_tokens: 15
                                     nb_local_searches: 800
                                     nb_threads: 1
                                     node_id: 0
                                     num_initial_empty_objects: 100
                                     num_workers: 8
                                     sample_only: 1000
                                     seed: -1
                                     target_db_size: 100
                                     temperature: 1.0
                                     top_k: -1
                                     type: transformer
                                     weight_decay: 0.01
                                     world_size: 1
INFO - 11/14/25 19:55:07 - 0:00:00 - The experiment will be stored in /home/yuebi/Project/dim16_run/dim16_run_9/1111
                                     
INFO - 11/14/25 19:55:07 - 0:00:00 - Running command: python fc_loop.py --exp_name=dim16_run_9 --dump_path=/home/yuebi/Project/dim16_run --num_initial_empty_objects=100 --final_database_size=100 --target_db_size=100 --nb_local_searches=800 --max_epochs=20 --type=transformer --max-output-length=271 --sample-only=1000 --max-steps=1000 --n_tokens=15 --n-layer=8 --n-embd=128 --n-embd2=128 --exp_id=1111

WARNING - 11/14/25 19:55:07 - 0:00:00 - Signal handler installed.
INFO - 11/14/25 19:55:07 - 0:00:00 - seed: 145908374
INFO - 11/14/25 19:55:07 - 0:00:00 - initializing at generation: 19
INFO - 11/14/25 19:55:07 - 0:00:00 - number of examples in the dataset: 100
INFO - 11/14/25 19:55:07 - 0:00:00 - max word length: 113
INFO - 11/14/25 19:55:07 - 0:00:00 - number of unique characters in the vocabulary: 15
INFO - 11/14/25 19:55:07 - 0:00:00 - vocabulary:
INFO - 11/14/25 19:55:07 - 0:00:00 - ['V0', 'V1', 'V2', 'V3', 'V4', 'V5', 'V6', 'V7', 'V8', 'V9', 'V10', 'V11', 'V12', 'V13', 'V14']
INFO - 11/14/25 19:55:07 - 0:00:00 - split up the dataset into 90 training examples and 10 test examples
INFO - 11/14/25 19:55:07 - 0:00:00 - dataset determined that: vocab_size=16, block_size=272
INFO - 11/14/25 19:55:07 - 0:00:00 - model #params: 1625344
INFO - 11/14/25 19:55:07 - 0:00:00 - resuming from existing model
INFO - 11/14/25 19:55:07 - 0:00:00 - ============ Start of generation 19 ============
INFO - 11/14/25 19:55:07 - 0:00:00 - Memory allocated:  8.46MB, reserved: 18.00MB
INFO - 11/14/25 19:55:07 - 0:00:00 - training
INFO - 11/14/25 19:55:12 - 0:00:05 - step 0 | loss 0.0469 | step time 590.35ms
INFO - 11/14/25 19:55:38 - 0:00:30 - step 100 | loss 0.0424 | step time 256.96ms
INFO - 11/14/25 19:56:03 - 0:00:56 - step 200 | loss 0.0420 | step time 256.96ms
INFO - 11/14/25 19:56:29 - 0:01:22 - step 300 | loss 0.0430 | step time 256.86ms
INFO - 11/14/25 19:56:55 - 0:01:48 - step 400 | loss 0.0424 | step time 256.98ms
INFO - 11/14/25 19:57:20 - 0:02:13 - step 500 | loss 0.0424 | step time 256.91ms
INFO - 11/14/25 19:57:21 - 0:02:13 - step 500 train loss: 0.04232514277100563 test loss: 0.10220197588205338
INFO - 11/14/25 19:57:21 - 0:02:13 - test loss 0.10220197588205338 is the best so far, saving model to /home/yuebi/Project/dim16_run/dim16_run_9/1111/model.pt
INFO - 11/14/25 19:57:46 - 0:02:39 - step 600 | loss 0.0423 | step time 256.80ms
INFO - 11/14/25 19:58:12 - 0:03:05 - step 700 | loss 0.0426 | step time 256.77ms
INFO - 11/14/25 19:58:38 - 0:03:31 - step 800 | loss 0.0424 | step time 256.76ms
INFO - 11/14/25 19:59:03 - 0:03:56 - step 900 | loss 0.0443 | step time 256.74ms
INFO - 11/14/25 19:59:29 - 0:04:22 - Memory allocated:  43.97MB, reserved: 2272.00MB
INFO - 11/14/25 19:59:29 - 0:04:22 - generating
INFO - 11/14/25 20:04:07 - 0:08:59 - distribution of sample lengths: average: 335.538 max: 352
INFO - 11/14/25 20:04:07 - 0:08:59 - printed 1000 samples
INFO - 11/14/25 20:04:07 - 0:08:59 - decoding
INFO - 11/14/25 20:04:07 - 0:08:59 - Decoding complete. Check the output in /home/yuebi/Project/dim16_run/dim16_run_9/1111/transformer-output-decoded.txt
INFO - 11/14/25 20:04:07 - 0:08:59 - Memory allocated:  43.97MB, reserved: 7644.00MB
INFO - 11/14/25 20:04:07 - 0:08:59 - ============ End of generation 19 ============
INFO - 11/14/25 20:04:07 - 0:08:59 - launching search.jl
INFO - 11/14/25 20:04:07 - 0:08:59 - JULIA_NUM_THREADS is set to 1
INFO - 11/14/25 20:04:21 - 0:09:13 - distribution of scores(all rounds)
INFO - 11/14/25 20:04:21 - 0:09:13 - Score:327680.0, Count:44
                                     
INFO - 11/14/25 20:04:21 - 0:09:13 - Score:299008.0, Count:44
                                     
INFO - 11/14/25 20:04:21 - 0:09:13 - Score:286720.0, Count:1
                                     
INFO - 11/14/25 20:04:21 - 0:09:13 - Score:270336.0, Count:11
                                     
INFO - 11/14/25 20:04:21 - 0:09:13 - tokenizing
INFO - 11/14/25 20:04:21 - 0:09:13 - Loading tokenizer from /home/yuebi/Project/dim16_run/dim16_run_9/1111/tokenizer_data/tokenizer.json...
INFO - 11/14/25 20:04:21 - 0:09:13 - 0 / 100
INFO - 11/14/25 20:04:21 - 0:09:13 - number of examples in the dataset: 100
INFO - 11/14/25 20:04:21 - 0:09:13 - max word length: 113
INFO - 11/14/25 20:04:21 - 0:09:13 - number of unique characters in the vocabulary: 15
INFO - 11/14/25 20:04:21 - 0:09:13 - vocabulary:
INFO - 11/14/25 20:04:21 - 0:09:13 - ['V0', 'V1', 'V2', 'V3', 'V4', 'V5', 'V6', 'V7', 'V8', 'V9', 'V10', 'V11', 'V12', 'V13', 'V14']
INFO - 11/14/25 20:04:21 - 0:09:13 - split up the dataset into 90 training examples and 10 test examples
INFO - 11/14/25 20:04:21 - 0:09:13 - ============ Start of generation 20 ============
INFO - 11/14/25 20:04:21 - 0:09:13 - Memory allocated:  43.97MB, reserved: 7644.00MB
INFO - 11/14/25 20:04:21 - 0:09:13 - training
INFO - 11/14/25 20:04:21 - 0:09:14 - step 0 | loss 0.0724 | step time 264.04ms
INFO - 11/14/25 20:04:47 - 0:09:39 - step 100 | loss 0.0431 | step time 257.23ms
INFO - 11/14/25 20:05:12 - 0:10:05 - step 200 | loss 0.0428 | step time 257.19ms
INFO - 11/14/25 20:05:38 - 0:10:31 - step 300 | loss 0.0421 | step time 257.13ms
INFO - 11/14/25 20:06:04 - 0:10:57 - step 400 | loss 0.0424 | step time 257.17ms
INFO - 11/14/25 20:06:30 - 0:11:22 - step 500 | loss 0.0427 | step time 257.25ms
INFO - 11/14/25 20:06:30 - 0:11:23 - step 500 train loss: 0.042303312569856644 test loss: 0.07566199451684952
INFO - 11/14/25 20:06:30 - 0:11:23 - test loss 0.07566199451684952 is the best so far, saving model to /home/yuebi/Project/dim16_run/dim16_run_9/1111/model.pt
INFO - 11/14/25 20:06:56 - 0:11:48 - step 600 | loss 0.0421 | step time 257.29ms
INFO - 11/14/25 20:07:21 - 0:12:14 - step 700 | loss 0.0460 | step time 257.17ms
INFO - 11/14/25 20:07:47 - 0:12:40 - step 800 | loss 0.0423 | step time 257.17ms
INFO - 11/14/25 20:08:13 - 0:13:06 - step 900 | loss 0.0427 | step time 257.21ms
INFO - 11/14/25 20:08:38 - 0:13:31 - Memory allocated:  43.97MB, reserved: 7648.00MB
INFO - 11/14/25 20:08:38 - 0:13:31 - generating
INFO - 11/14/25 20:13:07 - 0:18:00 - distribution of sample lengths: average: 335.004 max: 353
INFO - 11/14/25 20:13:07 - 0:18:00 - printed 1000 samples
INFO - 11/14/25 20:13:07 - 0:18:00 - decoding
INFO - 11/14/25 20:13:07 - 0:18:00 - Decoding complete. Check the output in /home/yuebi/Project/dim16_run/dim16_run_9/1111/transformer-output-decoded.txt
INFO - 11/14/25 20:13:07 - 0:18:00 - Memory allocated:  43.97MB, reserved: 7648.00MB
INFO - 11/14/25 20:13:07 - 0:18:00 - ============ End of generation 20 ============
INFO - 11/14/25 20:13:07 - 0:18:00 - launching search.jl
INFO - 11/14/25 20:13:07 - 0:18:00 - JULIA_NUM_THREADS is set to 1
INFO - 11/14/25 20:13:21 - 0:18:14 - distribution of scores(all rounds)
INFO - 11/14/25 20:13:21 - 0:18:14 - Score:327680.0, Count:45
                                     
INFO - 11/14/25 20:13:21 - 0:18:14 - Score:299008.0, Count:45
                                     
INFO - 11/14/25 20:13:21 - 0:18:14 - Score:286720.0, Count:1
                                     
INFO - 11/14/25 20:13:21 - 0:18:14 - Score:270336.0, Count:9
                                     
INFO - 11/14/25 20:13:21 - 0:18:14 - tokenizing
INFO - 11/14/25 20:13:21 - 0:18:14 - Loading tokenizer from /home/yuebi/Project/dim16_run/dim16_run_9/1111/tokenizer_data/tokenizer.json...
INFO - 11/14/25 20:13:21 - 0:18:14 - 0 / 100
INFO - 11/14/25 20:13:21 - 0:18:14 - number of examples in the dataset: 100
INFO - 11/14/25 20:13:21 - 0:18:14 - max word length: 113
INFO - 11/14/25 20:13:21 - 0:18:14 - number of unique characters in the vocabulary: 15
INFO - 11/14/25 20:13:21 - 0:18:14 - vocabulary:
INFO - 11/14/25 20:13:21 - 0:18:14 - ['V0', 'V1', 'V2', 'V3', 'V4', 'V5', 'V6', 'V7', 'V8', 'V9', 'V10', 'V11', 'V12', 'V13', 'V14']
INFO - 11/14/25 20:13:21 - 0:18:14 - split up the dataset into 90 training examples and 10 test examples
INFO - 11/14/25 20:13:23 - 0:00:00 - ============ Initialized logger ============
INFO - 11/14/25 20:13:23 - 0:00:00 - batch_size: 32
                                     command: python fc_loop.py --exp_name=dim16_run_9 --dump_path=/home/yuebi/Project/dim16_run --num_initial_empty_objects=100 --final_database_size=100 --target_db_size=100 --nb_local_searches=800 --max_epochs=20 --type=transformer --max-output-length=271 --sample-only=1000 --max-steps=1000 --n_tokens=15 --n-layer=8 --n-embd=128 --n-embd2=128 --exp_id=1111 --exp_id "1111"
                                     cpu: False
                                     debug: False
                                     debug_slurm: False
                                     dump_path: /home/yuebi/Project/dim16_run/dim16_run_9/1111
                                     exp_id: 1111
                                     exp_name: dim16_run_9
                                     final_database_size: 100
                                     gen_batch_size: 1000
                                     global_rank: 0
                                     is_master: True
                                     is_slurm_job: True
                                     learning_rate: 0.0005
                                     local_rank: 0
                                     master_addr: gpu-6
                                     master_port: -1
                                     max_epochs: 20
                                     max_output_length: 271
                                     max_steps: 1000
                                     multi_gpu: False
                                     multi_node: False
                                     n_embd: 128
                                     n_embd2: 128
                                     n_gpu_per_node: 1
                                     n_head: 8
                                     n_layer: 8
                                     n_nodes: 1
                                     n_tokens: 15
                                     nb_local_searches: 800
                                     nb_threads: 1
                                     node_id: 0
                                     num_initial_empty_objects: 100
                                     num_workers: 8
                                     sample_only: 1000
                                     seed: -1
                                     target_db_size: 100
                                     temperature: 1.0
                                     top_k: -1
                                     type: transformer
                                     weight_decay: 0.01
                                     world_size: 1
INFO - 11/14/25 20:13:23 - 0:00:00 - The experiment will be stored in /home/yuebi/Project/dim16_run/dim16_run_9/1111
                                     
INFO - 11/14/25 20:13:23 - 0:00:00 - Running command: python fc_loop.py --exp_name=dim16_run_9 --dump_path=/home/yuebi/Project/dim16_run --num_initial_empty_objects=100 --final_database_size=100 --target_db_size=100 --nb_local_searches=800 --max_epochs=20 --type=transformer --max-output-length=271 --sample-only=1000 --max-steps=1000 --n_tokens=15 --n-layer=8 --n-embd=128 --n-embd2=128 --exp_id=1111

WARNING - 11/14/25 20:13:23 - 0:00:00 - Signal handler installed.
INFO - 11/14/25 20:13:23 - 0:00:00 - seed: 816209127
INFO - 11/14/25 20:13:23 - 0:00:00 - initializing at generation: 19
INFO - 11/14/25 20:13:23 - 0:00:00 - number of examples in the dataset: 100
INFO - 11/14/25 20:13:23 - 0:00:00 - max word length: 113
INFO - 11/14/25 20:13:23 - 0:00:00 - number of unique characters in the vocabulary: 15
INFO - 11/14/25 20:13:23 - 0:00:00 - vocabulary:
INFO - 11/14/25 20:13:23 - 0:00:00 - ['V0', 'V1', 'V2', 'V3', 'V4', 'V5', 'V6', 'V7', 'V8', 'V9', 'V10', 'V11', 'V12', 'V13', 'V14']
INFO - 11/14/25 20:13:23 - 0:00:00 - split up the dataset into 90 training examples and 10 test examples
INFO - 11/14/25 20:13:23 - 0:00:00 - dataset determined that: vocab_size=16, block_size=272
INFO - 11/14/25 20:13:23 - 0:00:00 - model #params: 1625344
INFO - 11/14/25 20:13:23 - 0:00:00 - resuming from existing model
INFO - 11/14/25 20:13:23 - 0:00:00 - ============ Start of generation 19 ============
INFO - 11/14/25 20:13:23 - 0:00:00 - Memory allocated:  8.46MB, reserved: 18.00MB
INFO - 11/14/25 20:13:23 - 0:00:00 - training
INFO - 11/14/25 20:13:28 - 0:00:05 - step 0 | loss 0.0472 | step time 596.29ms
INFO - 11/14/25 20:13:54 - 0:00:31 - step 100 | loss 0.0427 | step time 257.06ms
INFO - 11/14/25 20:14:20 - 0:00:57 - step 200 | loss 0.0423 | step time 257.11ms
INFO - 11/14/25 20:14:46 - 0:01:22 - step 300 | loss 0.0428 | step time 257.04ms
INFO - 11/14/25 20:15:11 - 0:01:48 - step 400 | loss 0.0427 | step time 257.34ms
INFO - 11/14/25 20:15:37 - 0:02:14 - step 500 | loss 0.0434 | step time 257.23ms
INFO - 11/14/25 20:15:37 - 0:02:14 - step 500 train loss: 0.04229285195469856 test loss: 0.08833631873130798
INFO - 11/14/25 20:15:37 - 0:02:14 - test loss 0.08833631873130798 is the best so far, saving model to /home/yuebi/Project/dim16_run/dim16_run_9/1111/model.pt
INFO - 11/14/25 20:16:03 - 0:02:40 - step 600 | loss 0.0433 | step time 257.15ms
INFO - 11/14/25 20:16:29 - 0:03:06 - step 700 | loss 0.0422 | step time 257.10ms
INFO - 11/14/25 20:16:54 - 0:03:31 - step 800 | loss 0.0423 | step time 257.19ms
INFO - 11/14/25 20:17:20 - 0:03:57 - step 900 | loss 0.0425 | step time 257.13ms
INFO - 11/14/25 20:17:46 - 0:04:22 - Memory allocated:  43.97MB, reserved: 2272.00MB
INFO - 11/14/25 20:17:46 - 0:04:22 - generating
INFO - 11/14/25 20:22:24 - 0:09:00 - distribution of sample lengths: average: 335.15 max: 354
INFO - 11/14/25 20:22:24 - 0:09:00 - printed 1000 samples
INFO - 11/14/25 20:22:24 - 0:09:00 - decoding
INFO - 11/14/25 20:22:24 - 0:09:00 - Decoding complete. Check the output in /home/yuebi/Project/dim16_run/dim16_run_9/1111/transformer-output-decoded.txt
INFO - 11/14/25 20:22:24 - 0:09:00 - Memory allocated:  43.97MB, reserved: 7644.00MB
INFO - 11/14/25 20:22:24 - 0:09:00 - ============ End of generation 19 ============
INFO - 11/14/25 20:22:24 - 0:09:00 - launching search.jl
INFO - 11/14/25 20:22:24 - 0:09:00 - JULIA_NUM_THREADS is set to 1
INFO - 11/14/25 20:22:37 - 0:09:14 - distribution of scores(all rounds)
INFO - 11/14/25 20:22:37 - 0:09:14 - Score:327680.0, Count:46
                                     
INFO - 11/14/25 20:22:37 - 0:09:14 - Score:299008.0, Count:46
                                     
INFO - 11/14/25 20:22:37 - 0:09:14 - Score:286720.0, Count:1
                                     
INFO - 11/14/25 20:22:37 - 0:09:14 - Score:270336.0, Count:7
                                     
INFO - 11/14/25 20:22:37 - 0:09:14 - tokenizing
INFO - 11/14/25 20:22:37 - 0:09:14 - Loading tokenizer from /home/yuebi/Project/dim16_run/dim16_run_9/1111/tokenizer_data/tokenizer.json...
INFO - 11/14/25 20:22:37 - 0:09:14 - 0 / 100
INFO - 11/14/25 20:22:37 - 0:09:14 - number of examples in the dataset: 100
INFO - 11/14/25 20:22:37 - 0:09:14 - max word length: 113
INFO - 11/14/25 20:22:37 - 0:09:14 - number of unique characters in the vocabulary: 15
INFO - 11/14/25 20:22:37 - 0:09:14 - vocabulary:
INFO - 11/14/25 20:22:37 - 0:09:14 - ['V0', 'V1', 'V2', 'V3', 'V4', 'V5', 'V6', 'V7', 'V8', 'V9', 'V10', 'V11', 'V12', 'V13', 'V14']
INFO - 11/14/25 20:22:37 - 0:09:14 - split up the dataset into 90 training examples and 10 test examples
INFO - 11/14/25 20:22:37 - 0:09:14 - ============ Start of generation 20 ============
INFO - 11/14/25 20:22:37 - 0:09:14 - Memory allocated:  43.97MB, reserved: 7644.00MB
INFO - 11/14/25 20:22:37 - 0:09:14 - training
INFO - 11/14/25 20:22:38 - 0:09:14 - step 0 | loss 0.0453 | step time 263.98ms
INFO - 11/14/25 20:23:03 - 0:09:40 - step 100 | loss 0.0426 | step time 257.21ms
INFO - 11/14/25 20:23:29 - 0:10:06 - step 200 | loss 0.0429 | step time 257.21ms
INFO - 11/14/25 20:23:55 - 0:10:32 - step 300 | loss 0.0420 | step time 257.23ms
INFO - 11/14/25 20:24:21 - 0:10:57 - step 400 | loss 0.0423 | step time 257.22ms
INFO - 11/14/25 20:24:46 - 0:11:23 - step 500 | loss 0.0423 | step time 257.23ms
INFO - 11/14/25 20:24:47 - 0:11:23 - step 500 train loss: 0.042458705604076385 test loss: 0.09393669664859772
INFO - 11/14/25 20:24:47 - 0:11:23 - test loss 0.09393669664859772 is the best so far, saving model to /home/yuebi/Project/dim16_run/dim16_run_9/1111/model.pt
INFO - 11/14/25 20:25:12 - 0:11:49 - step 600 | loss 0.0420 | step time 257.24ms
INFO - 11/14/25 20:25:38 - 0:12:15 - step 700 | loss 0.0431 | step time 257.25ms
INFO - 11/14/25 20:26:04 - 0:12:41 - step 800 | loss 0.0426 | step time 257.24ms
INFO - 11/14/25 20:26:30 - 0:13:06 - step 900 | loss 0.0416 | step time 257.29ms
INFO - 11/14/25 20:26:55 - 0:13:32 - Memory allocated:  43.97MB, reserved: 7648.00MB
INFO - 11/14/25 20:26:55 - 0:13:32 - generating
INFO - 11/14/25 20:31:24 - 0:18:01 - distribution of sample lengths: average: 335.533 max: 352
INFO - 11/14/25 20:31:24 - 0:18:01 - printed 1000 samples
INFO - 11/14/25 20:31:24 - 0:18:01 - decoding
INFO - 11/14/25 20:31:24 - 0:18:01 - Decoding complete. Check the output in /home/yuebi/Project/dim16_run/dim16_run_9/1111/transformer-output-decoded.txt
INFO - 11/14/25 20:31:24 - 0:18:01 - Memory allocated:  43.97MB, reserved: 7648.00MB
INFO - 11/14/25 20:31:24 - 0:18:01 - ============ End of generation 20 ============
INFO - 11/14/25 20:31:24 - 0:18:01 - launching search.jl
INFO - 11/14/25 20:31:24 - 0:18:01 - JULIA_NUM_THREADS is set to 1
INFO - 11/14/25 20:31:38 - 0:18:15 - distribution of scores(all rounds)
INFO - 11/14/25 20:31:38 - 0:18:15 - Score:327680.0, Count:47
                                     
INFO - 11/14/25 20:31:38 - 0:18:15 - Score:299008.0, Count:47
                                     
INFO - 11/14/25 20:31:38 - 0:18:15 - Score:286720.0, Count:1
                                     
INFO - 11/14/25 20:31:38 - 0:18:15 - Score:270336.0, Count:5
                                     
INFO - 11/14/25 20:31:38 - 0:18:15 - tokenizing
INFO - 11/14/25 20:31:38 - 0:18:15 - Loading tokenizer from /home/yuebi/Project/dim16_run/dim16_run_9/1111/tokenizer_data/tokenizer.json...
INFO - 11/14/25 20:31:38 - 0:18:15 - 0 / 100
INFO - 11/14/25 20:31:38 - 0:18:15 - number of examples in the dataset: 100
INFO - 11/14/25 20:31:38 - 0:18:15 - max word length: 113
INFO - 11/14/25 20:31:38 - 0:18:15 - number of unique characters in the vocabulary: 15
INFO - 11/14/25 20:31:38 - 0:18:15 - vocabulary:
INFO - 11/14/25 20:31:38 - 0:18:15 - ['V0', 'V1', 'V2', 'V3', 'V4', 'V5', 'V6', 'V7', 'V8', 'V9', 'V10', 'V11', 'V12', 'V13', 'V14']
INFO - 11/14/25 20:31:38 - 0:18:15 - split up the dataset into 90 training examples and 10 test examples
