INFO - 11/17/25 21:25:55 - 0:00:00 - ============ Initialized logger ============
INFO - 11/17/25 21:25:55 - 0:00:00 - batch_size: 32
                                     command: python fc_loop.py --exp_name=dim19_run_2 --dump_path=/home/yuebi/Project/dim19_run --num_initial_empty_objects=800 --final_database_size=100 --target_db_size=100 --nb_local_searches=800 --max_epochs=20 --type=transformer --max-output-length=330 --sample-only=25000 --max-steps=1500 --n_tokens=15 --n-layer=8 --n-embd=128 --n-embd2=128 --exp_id=1111 --exp_id "1111"
                                     cpu: False
                                     debug: False
                                     debug_slurm: False
                                     dump_path: /home/yuebi/Project/dim19_run/dim19_run_2/1111
                                     exp_id: 1111
                                     exp_name: dim19_run_2
                                     final_database_size: 100
                                     gen_batch_size: 1000
                                     global_rank: 0
                                     is_master: True
                                     is_slurm_job: True
                                     learning_rate: 0.0005
                                     local_rank: 0
                                     master_addr: gpu-6
                                     master_port: -1
                                     max_epochs: 20
                                     max_output_length: 330
                                     max_steps: 1500
                                     multi_gpu: False
                                     multi_node: False
                                     n_embd: 128
                                     n_embd2: 128
                                     n_gpu_per_node: 1
                                     n_head: 8
                                     n_layer: 8
                                     n_nodes: 1
                                     n_tokens: 15
                                     nb_local_searches: 800
                                     nb_threads: 1
                                     node_id: 0
                                     num_initial_empty_objects: 800
                                     num_workers: 8
                                     sample_only: 25000
                                     seed: -1
                                     target_db_size: 100
                                     temperature: 1.0
                                     top_k: -1
                                     type: transformer
                                     weight_decay: 0.01
                                     world_size: 1
INFO - 11/17/25 21:25:55 - 0:00:00 - The experiment will be stored in /home/yuebi/Project/dim19_run/dim19_run_2/1111
                                     
INFO - 11/17/25 21:25:55 - 0:00:00 - Running command: python fc_loop.py --exp_name=dim19_run_2 --dump_path=/home/yuebi/Project/dim19_run --num_initial_empty_objects=800 --final_database_size=100 --target_db_size=100 --nb_local_searches=800 --max_epochs=20 --type=transformer --max-output-length=330 --sample-only=25000 --max-steps=1500 --n_tokens=15 --n-layer=8 --n-embd=128 --n-embd2=128 --exp_id=1111

WARNING - 11/17/25 21:25:55 - 0:00:00 - Signal handler installed.
INFO - 11/17/25 21:25:55 - 0:00:00 - seed: 812790903
INFO - 11/17/25 21:25:55 - 0:00:00 - JULIA_NUM_THREADS is set to 1
INFO - 11/17/25 21:27:27 - 0:01:32 - Created /home/yuebi/Project/dim19_run/dim19_run_2/1111/temp.txt and training tokenizer...
INFO - 11/17/25 21:27:27 - 0:01:32 - Directory '/home/yuebi/Project/dim19_run/dim19_run_2/1111/tokenizer_data' created.
INFO - 11/17/25 21:27:27 - 0:01:32 - File '/home/yuebi/Project/dim19_run/dim19_run_2/1111/temp.txt' has been deleted.
INFO - 11/17/25 21:27:27 - 0:01:32 - 0 / 100
INFO - 11/17/25 21:27:27 - 0:01:32 - initializing at generation: 1
INFO - 11/17/25 21:27:27 - 0:01:32 - number of examples in the dataset: 100
INFO - 11/17/25 21:27:27 - 0:01:32 - max word length: 151
INFO - 11/17/25 21:27:27 - 0:01:32 - number of unique characters in the vocabulary: 15
INFO - 11/17/25 21:27:27 - 0:01:32 - vocabulary:
INFO - 11/17/25 21:27:27 - 0:01:32 - ['V0', 'V1', 'V2', 'V3', 'V4', 'V5', 'V6', 'V7', 'V8', 'V9', 'V10', 'V11', 'V12', 'V13', 'V14']
INFO - 11/17/25 21:27:27 - 0:01:32 - split up the dataset into 90 training examples and 10 test examples
INFO - 11/17/25 21:27:27 - 0:01:32 - dataset determined that: vocab_size=16, block_size=331
INFO - 11/17/25 21:27:27 - 0:01:32 - model #params: 1632896
INFO - 11/17/25 21:27:27 - 0:01:32 - ============ Start of generation 1 ============
INFO - 11/17/25 21:27:27 - 0:01:32 - Memory allocated:  9.57MB, reserved: 10.00MB
INFO - 11/17/25 21:27:27 - 0:01:32 - training
INFO - 11/17/25 21:27:32 - 0:01:37 - step 0 | loss 2.9348 | step time 604.36ms
INFO - 11/17/25 21:27:59 - 0:02:04 - step 100 | loss 1.7949 | step time 270.34ms
INFO - 11/17/25 21:28:26 - 0:02:31 - step 200 | loss 0.9002 | step time 270.36ms
INFO - 11/17/25 21:28:53 - 0:02:58 - step 300 | loss 0.1233 | step time 270.61ms
INFO - 11/17/25 21:29:20 - 0:03:25 - step 400 | loss 0.0382 | step time 270.42ms
INFO - 11/17/25 21:29:48 - 0:03:52 - step 500 | loss 0.7931 | step time 270.33ms
INFO - 11/17/25 21:29:48 - 0:03:53 - step 500 train loss: 0.7761796712875366 test loss: 5.107949256896973
INFO - 11/17/25 21:29:48 - 0:03:53 - test loss 5.107949256896973 is the best so far, saving model to /home/yuebi/Project/dim19_run/dim19_run_2/1111/model.pt
INFO - 11/17/25 21:30:15 - 0:04:20 - step 600 | loss 0.0370 | step time 270.30ms
INFO - 11/17/25 21:30:42 - 0:04:47 - step 700 | loss 0.0369 | step time 270.33ms
INFO - 11/17/25 21:31:09 - 0:05:14 - step 800 | loss 0.0329 | step time 270.12ms
INFO - 11/17/25 21:31:36 - 0:05:41 - step 900 | loss 0.0357 | step time 270.48ms
INFO - 11/17/25 21:32:03 - 0:06:08 - step 1000 | loss 0.1655 | step time 270.32ms
INFO - 11/17/25 21:32:03 - 0:06:08 - step 1000 train loss: 0.1414872109889984 test loss: 5.484436511993408
INFO - 11/17/25 21:32:30 - 0:06:35 - step 1100 | loss 0.0333 | step time 270.12ms
INFO - 11/17/25 21:32:57 - 0:07:02 - step 1200 | loss 0.0338 | step time 270.39ms
INFO - 11/17/25 21:33:24 - 0:07:29 - step 1300 | loss 0.0344 | step time 270.00ms
INFO - 11/17/25 21:33:51 - 0:07:56 - step 1400 | loss 0.0327 | step time 270.10ms
INFO - 11/17/25 21:34:18 - 0:08:23 - Memory allocated:  45.32MB, reserved: 3148.00MB
INFO - 11/17/25 21:34:18 - 0:08:23 - generating
INFO - 11/18/25 00:05:55 - 2:40:00 - distribution of sample lengths: average: 479.21104 max: 1077
INFO - 11/18/25 00:05:55 - 2:40:00 - printed 25000 samples
INFO - 11/18/25 00:05:55 - 2:40:00 - decoding
INFO - 11/18/25 00:05:56 - 2:40:01 - Decoding complete. Check the output in /home/yuebi/Project/dim19_run/dim19_run_2/1111/transformer-output-decoded.txt
INFO - 11/18/25 00:05:56 - 2:40:01 - Memory allocated:  45.32MB, reserved: 9964.00MB
INFO - 11/18/25 00:05:56 - 2:40:01 - ============ End of generation 1 ============
INFO - 11/18/25 00:05:56 - 2:40:01 - launching search.jl
INFO - 11/18/25 00:05:56 - 2:40:01 - JULIA_NUM_THREADS is set to 1
INFO - 11/18/25 00:06:05 - 2:40:09 - distribution of scores(all rounds)
INFO - 11/18/25 00:06:05 - 2:40:09 - Score:19531250.0, Count:1
                                     
INFO - 11/18/25 00:06:05 - 2:40:09 - Score:12709375.0, Count:1
                                     
INFO - 11/18/25 00:06:05 - 2:40:09 - Score:10541395.0, Count:1
                                     
INFO - 11/18/25 00:06:05 - 2:40:09 - Score:10326125.0, Count:1
                                     
INFO - 11/18/25 00:06:05 - 2:40:09 - Score:10317155.0, Count:1
                                     
INFO - 11/18/25 00:06:05 - 2:40:09 - Score:10093140.0, Count:1
                                     
INFO - 11/18/25 00:06:05 - 2:40:09 - Score:10064646.0, Count:1
                                     
INFO - 11/18/25 00:06:05 - 2:40:09 - Score:10055428.0, Count:1
                                     
INFO - 11/18/25 00:06:05 - 2:40:09 - Score:10045350.0, Count:1
                                     
INFO - 11/18/25 00:06:05 - 2:40:09 - Score:10042930.0, Count:1
                                     
INFO - 11/18/25 00:06:05 - 2:40:09 - Score:9990134.0, Count:1
                                     
INFO - 11/18/25 00:06:05 - 2:40:09 - Score:9978428.0, Count:1
                                     
INFO - 11/18/25 00:06:05 - 2:40:09 - Score:9902450.0, Count:1
                                     
INFO - 11/18/25 00:06:05 - 2:40:09 - Score:9880848.0, Count:1
                                     
INFO - 11/18/25 00:06:05 - 2:40:09 - Score:9877329.0, Count:1
                                     
INFO - 11/18/25 00:06:05 - 2:40:09 - Score:9869380.0, Count:1
                                     
INFO - 11/18/25 00:06:05 - 2:40:09 - Score:9848928.0, Count:1
                                     
INFO - 11/18/25 00:06:05 - 2:40:09 - Score:9827682.0, Count:1
                                     
INFO - 11/18/25 00:06:05 - 2:40:09 - Score:9819488.0, Count:1
                                     
INFO - 11/18/25 00:06:05 - 2:40:09 - Score:9778806.0, Count:1
                                     
INFO - 11/18/25 00:06:05 - 2:40:09 - Score:9774854.0, Count:1
                                     
INFO - 11/18/25 00:06:05 - 2:40:09 - Score:9768362.0, Count:1
                                     
INFO - 11/18/25 00:06:05 - 2:40:09 - Score:9721898.0, Count:1
                                     
INFO - 11/18/25 00:06:05 - 2:40:09 - Score:9721440.0, Count:1
                                     
INFO - 11/18/25 00:06:05 - 2:40:09 - Score:9720795.0, Count:1
                                     
INFO - 11/18/25 00:06:05 - 2:40:09 - Score:9720063.0, Count:1
                                     
INFO - 11/18/25 00:06:05 - 2:40:09 - Score:9690900.0, Count:1
                                     
INFO - 11/18/25 00:06:05 - 2:40:09 - Score:9690576.0, Count:1
                                     
INFO - 11/18/25 00:06:05 - 2:40:09 - Score:9690472.0, Count:1
                                     
INFO - 11/18/25 00:06:05 - 2:40:09 - Score:9677608.0, Count:1
                                     
INFO - 11/18/25 00:06:05 - 2:40:09 - Score:9662706.0, Count:1
                                     
INFO - 11/18/25 00:06:05 - 2:40:09 - Score:9651028.0, Count:1
                                     
INFO - 11/18/25 00:06:05 - 2:40:09 - Score:9647398.0, Count:1
                                     
INFO - 11/18/25 00:06:05 - 2:40:09 - Score:9628410.0, Count:1
                                     
INFO - 11/18/25 00:06:05 - 2:40:09 - Score:9616918.0, Count:1
                                     
INFO - 11/18/25 00:06:05 - 2:40:09 - Score:9611720.0, Count:1
                                     
INFO - 11/18/25 00:06:05 - 2:40:09 - Score:9607246.0, Count:1
                                     
INFO - 11/18/25 00:06:05 - 2:40:09 - Score:9607098.0, Count:1
                                     
INFO - 11/18/25 00:06:05 - 2:40:09 - Score:9605600.0, Count:1
                                     
INFO - 11/18/25 00:06:05 - 2:40:09 - Score:9602848.0, Count:1
                                     
INFO - 11/18/25 00:06:05 - 2:40:09 - Score:9594447.0, Count:1
                                     
INFO - 11/18/25 00:06:05 - 2:40:09 - Score:9580034.0, Count:1
                                     
INFO - 11/18/25 00:06:05 - 2:40:09 - Score:9579877.0, Count:1
                                     
INFO - 11/18/25 00:06:05 - 2:40:09 - Score:9578580.0, Count:1
                                     
INFO - 11/18/25 00:06:05 - 2:40:09 - Score:9576364.0, Count:1
                                     
INFO - 11/18/25 00:06:05 - 2:40:09 - Score:9574016.0, Count:1
                                     
INFO - 11/18/25 00:06:05 - 2:40:09 - Score:9554220.0, Count:1
                                     
INFO - 11/18/25 00:06:05 - 2:40:09 - Score:9552600.0, Count:1
                                     
INFO - 11/18/25 00:06:05 - 2:40:09 - Score:9531222.0, Count:1
                                     
INFO - 11/18/25 00:06:05 - 2:40:09 - Score:9527217.0, Count:1
                                     
INFO - 11/18/25 00:06:05 - 2:40:09 - Score:9526525.0, Count:1
                                     
INFO - 11/18/25 00:06:05 - 2:40:09 - Score:9525860.0, Count:1
                                     
INFO - 11/18/25 00:06:05 - 2:40:09 - Score:9521732.0, Count:1
                                     
INFO - 11/18/25 00:06:05 - 2:40:09 - Score:9500500.0, Count:1
                                     
INFO - 11/18/25 00:06:05 - 2:40:09 - Score:9494402.0, Count:1
                                     
INFO - 11/18/25 00:06:05 - 2:40:09 - Score:9485244.0, Count:1
                                     
INFO - 11/18/25 00:06:05 - 2:40:09 - Score:9469172.0, Count:1
                                     
INFO - 11/18/25 00:06:05 - 2:40:09 - Score:9469054.0, Count:1
                                     
INFO - 11/18/25 00:06:05 - 2:40:09 - Score:9469002.0, Count:1
                                     
INFO - 11/18/25 00:06:05 - 2:40:09 - Score:9449044.0, Count:1
                                     
INFO - 11/18/25 00:06:05 - 2:40:09 - Score:9447808.0, Count:1
                                     
INFO - 11/18/25 00:06:05 - 2:40:09 - Score:9447220.0, Count:1
                                     
INFO - 11/18/25 00:06:05 - 2:40:09 - Score:9430190.0, Count:1
                                     
INFO - 11/18/25 00:06:05 - 2:40:09 - Score:9429904.0, Count:1
                                     
INFO - 11/18/25 00:06:05 - 2:40:09 - Score:9429630.0, Count:1
                                     
INFO - 11/18/25 00:06:05 - 2:40:09 - Score:9426716.0, Count:1
                                     
INFO - 11/18/25 00:06:05 - 2:40:09 - Score:9424888.0, Count:1
                                     
INFO - 11/18/25 00:06:05 - 2:40:09 - Score:9415072.0, Count:1
                                     
INFO - 11/18/25 00:06:05 - 2:40:09 - Score:9395144.0, Count:1
                                     
INFO - 11/18/25 00:06:05 - 2:40:09 - Score:9393248.0, Count:1
                                     
INFO - 11/18/25 00:06:05 - 2:40:09 - Score:9387520.0, Count:1
                                     
INFO - 11/18/25 00:06:05 - 2:40:09 - Score:9385452.0, Count:1
                                     
INFO - 11/18/25 00:06:05 - 2:40:09 - Score:9384147.0, Count:1
                                     
INFO - 11/18/25 00:06:05 - 2:40:09 - Score:9374568.0, Count:1
                                     
INFO - 11/18/25 00:06:05 - 2:40:09 - Score:9372209.0, Count:1
                                     
INFO - 11/18/25 00:06:05 - 2:40:09 - Score:9361224.0, Count:1
                                     
INFO - 11/18/25 00:06:05 - 2:40:09 - Score:9354700.0, Count:1
                                     
INFO - 11/18/25 00:06:05 - 2:40:09 - Score:9347260.0, Count:1
                                     
INFO - 11/18/25 00:06:05 - 2:40:09 - Score:9346200.0, Count:1
                                     
INFO - 11/18/25 00:06:05 - 2:40:09 - Score:9338990.0, Count:1
                                     
INFO - 11/18/25 00:06:05 - 2:40:09 - Score:9334263.0, Count:1
                                     
INFO - 11/18/25 00:06:05 - 2:40:09 - Score:9332136.0, Count:1
                                     
INFO - 11/18/25 00:06:05 - 2:40:09 - Score:9332048.0, Count:1
                                     
INFO - 11/18/25 00:06:05 - 2:40:09 - Score:9325196.0, Count:1
                                     
INFO - 11/18/25 00:06:05 - 2:40:09 - Score:9323325.0, Count:1
                                     
INFO - 11/18/25 00:06:05 - 2:40:09 - Score:9311584.0, Count:1
                                     
INFO - 11/18/25 00:06:05 - 2:40:09 - Score:9309720.0, Count:1
                                     
INFO - 11/18/25 00:06:05 - 2:40:09 - Score:9308108.0, Count:1
                                     
INFO - 11/18/25 00:06:05 - 2:40:09 - Score:9307777.0, Count:1
                                     
INFO - 11/18/25 00:06:05 - 2:40:09 - Score:9297015.0, Count:1
                                     
INFO - 11/18/25 00:06:05 - 2:40:09 - Score:9292412.0, Count:1
                                     
INFO - 11/18/25 00:06:05 - 2:40:09 - Score:9290925.0, Count:1
                                     
INFO - 11/18/25 00:06:05 - 2:40:09 - Score:9281506.0, Count:1
                                     
INFO - 11/18/25 00:06:05 - 2:40:09 - Score:9273792.0, Count:1
                                     
INFO - 11/18/25 00:06:05 - 2:40:09 - Score:9273537.0, Count:1
                                     
INFO - 11/18/25 00:06:05 - 2:40:09 - Score:9272462.0, Count:1
                                     
INFO - 11/18/25 00:06:05 - 2:40:09 - Score:9271955.0, Count:1
                                     
INFO - 11/18/25 00:06:05 - 2:40:09 - Score:9268635.0, Count:1
                                     
INFO - 11/18/25 00:06:05 - 2:40:09 - Score:9257112.0, Count:1
                                     
INFO - 11/18/25 00:06:05 - 2:40:09 - Score:9247992.0, Count:1
                                     
INFO - 11/18/25 00:06:05 - 2:40:09 - tokenizing
INFO - 11/18/25 00:06:05 - 2:40:09 - Loading tokenizer from /home/yuebi/Project/dim19_run/dim19_run_2/1111/tokenizer_data/tokenizer.json...
INFO - 11/18/25 00:06:05 - 2:40:09 - 0 / 100
INFO - 11/18/25 00:06:05 - 2:40:09 - number of examples in the dataset: 100
INFO - 11/18/25 00:06:05 - 2:40:09 - max word length: 151
INFO - 11/18/25 00:06:05 - 2:40:09 - number of unique characters in the vocabulary: 15
INFO - 11/18/25 00:06:05 - 2:40:09 - vocabulary:
INFO - 11/18/25 00:06:05 - 2:40:09 - ['V0', 'V1', 'V2', 'V3', 'V4', 'V5', 'V6', 'V7', 'V8', 'V9', 'V10', 'V11', 'V12', 'V13', 'V14']
INFO - 11/18/25 00:06:05 - 2:40:09 - split up the dataset into 90 training examples and 10 test examples
INFO - 11/18/25 00:06:05 - 2:40:09 - ============ Start of generation 2 ============
INFO - 11/18/25 00:06:05 - 2:40:09 - Memory allocated:  45.32MB, reserved: 9964.00MB
INFO - 11/18/25 00:06:05 - 2:40:09 - training
INFO - 11/18/25 00:06:05 - 2:40:10 - step 0 | loss 0.8528 | step time 277.37ms
INFO - 11/18/25 00:06:32 - 2:40:37 - step 100 | loss 0.0351 | step time 270.42ms
INFO - 11/18/25 00:06:59 - 2:41:04 - step 200 | loss 0.0347 | step time 270.48ms
INFO - 11/18/25 00:07:26 - 2:41:31 - step 300 | loss 0.0329 | step time 270.53ms
INFO - 11/18/25 00:07:53 - 2:41:58 - step 400 | loss 0.2127 | step time 270.45ms
INFO - 11/18/25 00:08:20 - 2:42:25 - step 500 | loss 0.0319 | step time 270.67ms
INFO - 11/18/25 00:08:20 - 2:42:25 - step 500 train loss: 0.03246591240167618 test loss: 1.685117244720459
INFO - 11/18/25 00:08:20 - 2:42:25 - test loss 1.685117244720459 is the best so far, saving model to /home/yuebi/Project/dim19_run/dim19_run_2/1111/model.pt
INFO - 11/18/25 00:08:48 - 2:42:52 - step 600 | loss 0.0323 | step time 270.39ms
INFO - 11/18/25 00:09:15 - 2:43:19 - step 700 | loss 0.0335 | step time 270.74ms
INFO - 11/18/25 00:09:42 - 2:43:46 - step 800 | loss 0.0336 | step time 270.84ms
INFO - 11/18/25 00:10:09 - 2:44:13 - step 900 | loss 0.0326 | step time 270.59ms
INFO - 11/18/25 00:10:36 - 2:44:40 - step 1000 | loss 0.0324 | step time 270.46ms
INFO - 11/18/25 00:10:36 - 2:44:41 - step 1000 train loss: 0.03219916298985481 test loss: 2.0456252098083496
INFO - 11/18/25 00:11:03 - 2:45:08 - step 1100 | loss 0.0323 | step time 270.50ms
INFO - 11/18/25 00:11:30 - 2:45:35 - step 1200 | loss 0.0319 | step time 270.78ms
INFO - 11/18/25 00:11:57 - 2:46:02 - step 1300 | loss 0.0317 | step time 270.52ms
INFO - 11/18/25 00:12:24 - 2:46:29 - step 1400 | loss 0.0339 | step time 270.29ms
INFO - 11/18/25 00:12:51 - 2:46:56 - Memory allocated:  45.32MB, reserved: 9964.00MB
INFO - 11/18/25 00:12:51 - 2:46:56 - generating
INFO - 11/18/25 01:26:07 - 0:00:00 - ============ Initialized logger ============
INFO - 11/18/25 01:26:07 - 0:00:00 - batch_size: 32
                                     command: python fc_loop.py --exp_name=dim19_run_2 --dump_path=/home/yuebi/Project/dim19_run --num_initial_empty_objects=800 --final_database_size=100 --target_db_size=100 --nb_local_searches=800 --max_epochs=20 --type=transformer --max-output-length=330 --sample-only=25000 --max-steps=1500 --n_tokens=15 --n-layer=8 --n-embd=128 --n-embd2=128 --exp_id=1111 --exp_id "1111"
                                     cpu: False
                                     debug: False
                                     debug_slurm: False
                                     dump_path: /home/yuebi/Project/dim19_run/dim19_run_2/1111
                                     exp_id: 1111
                                     exp_name: dim19_run_2
                                     final_database_size: 100
                                     gen_batch_size: 1000
                                     global_rank: 0
                                     is_master: True
                                     is_slurm_job: True
                                     learning_rate: 0.0005
                                     local_rank: 0
                                     master_addr: gpu-6
                                     master_port: -1
                                     max_epochs: 20
                                     max_output_length: 330
                                     max_steps: 1500
                                     multi_gpu: False
                                     multi_node: False
                                     n_embd: 128
                                     n_embd2: 128
                                     n_gpu_per_node: 1
                                     n_head: 8
                                     n_layer: 8
                                     n_nodes: 1
                                     n_tokens: 15
                                     nb_local_searches: 800
                                     nb_threads: 1
                                     node_id: 0
                                     num_initial_empty_objects: 800
                                     num_workers: 8
                                     sample_only: 25000
                                     seed: -1
                                     target_db_size: 100
                                     temperature: 1.0
                                     top_k: -1
                                     type: transformer
                                     weight_decay: 0.01
                                     world_size: 1
INFO - 11/18/25 01:26:07 - 0:00:00 - The experiment will be stored in /home/yuebi/Project/dim19_run/dim19_run_2/1111
                                     
INFO - 11/18/25 01:26:07 - 0:00:00 - Running command: python fc_loop.py --exp_name=dim19_run_2 --dump_path=/home/yuebi/Project/dim19_run --num_initial_empty_objects=800 --final_database_size=100 --target_db_size=100 --nb_local_searches=800 --max_epochs=20 --type=transformer --max-output-length=330 --sample-only=25000 --max-steps=1500 --n_tokens=15 --n-layer=8 --n-embd=128 --n-embd2=128 --exp_id=1111

WARNING - 11/18/25 01:26:07 - 0:00:00 - Signal handler installed.
INFO - 11/18/25 01:26:07 - 0:00:00 - seed: 719554494
INFO - 11/18/25 01:26:07 - 0:00:00 - initializing at generation: 2
INFO - 11/18/25 01:26:07 - 0:00:00 - number of examples in the dataset: 100
INFO - 11/18/25 01:26:07 - 0:00:00 - max word length: 151
INFO - 11/18/25 01:26:07 - 0:00:00 - number of unique characters in the vocabulary: 15
INFO - 11/18/25 01:26:07 - 0:00:00 - vocabulary:
INFO - 11/18/25 01:26:07 - 0:00:00 - ['V0', 'V1', 'V2', 'V3', 'V4', 'V5', 'V6', 'V7', 'V8', 'V9', 'V10', 'V11', 'V12', 'V13', 'V14']
INFO - 11/18/25 01:26:07 - 0:00:00 - split up the dataset into 90 training examples and 10 test examples
INFO - 11/18/25 01:26:07 - 0:00:00 - dataset determined that: vocab_size=16, block_size=331
INFO - 11/18/25 01:26:07 - 0:00:00 - model #params: 1632896
INFO - 11/18/25 01:26:07 - 0:00:00 - resuming from existing model
INFO - 11/18/25 01:26:07 - 0:00:00 - ============ Start of generation 2 ============
INFO - 11/18/25 01:26:07 - 0:00:00 - Memory allocated:  9.57MB, reserved: 20.00MB
INFO - 11/18/25 01:26:07 - 0:00:00 - training
INFO - 11/18/25 01:26:12 - 0:00:05 - step 0 | loss 0.0642 | step time 599.05ms
INFO - 11/18/25 01:26:39 - 0:00:32 - step 100 | loss 0.0323 | step time 270.11ms
INFO - 11/18/25 01:27:06 - 0:00:59 - step 200 | loss 0.0323 | step time 270.48ms
INFO - 11/18/25 01:27:33 - 0:01:26 - step 300 | loss 0.0318 | step time 270.19ms
INFO - 11/18/25 01:28:00 - 0:01:53 - step 400 | loss 0.1596 | step time 270.30ms
INFO - 11/18/25 01:28:27 - 0:02:20 - step 500 | loss 0.0309 | step time 270.19ms
INFO - 11/18/25 01:28:27 - 0:02:20 - step 500 train loss: 0.032203540205955505 test loss: 0.21552613377571106
INFO - 11/18/25 01:28:27 - 0:02:20 - test loss 0.21552613377571106 is the best so far, saving model to /home/yuebi/Project/dim19_run/dim19_run_2/1111/model.pt
INFO - 11/18/25 01:28:55 - 0:02:48 - step 600 | loss 0.0319 | step time 270.05ms
INFO - 11/18/25 01:29:22 - 0:03:15 - step 700 | loss 0.0318 | step time 270.39ms
INFO - 11/18/25 01:29:49 - 0:03:42 - step 800 | loss 0.0329 | step time 270.32ms
INFO - 11/18/25 01:30:16 - 0:04:09 - step 900 | loss 0.0338 | step time 270.18ms
INFO - 11/18/25 01:30:43 - 0:04:36 - step 1000 | loss 0.0312 | step time 270.15ms
INFO - 11/18/25 01:30:43 - 0:04:36 - step 1000 train loss: 0.03194327652454376 test loss: 0.5311439633369446
INFO - 11/18/25 01:31:10 - 0:05:03 - step 1100 | loss 0.0318 | step time 270.15ms
INFO - 11/18/25 01:31:37 - 0:05:30 - step 1200 | loss 0.0315 | step time 270.20ms
INFO - 11/18/25 01:32:04 - 0:05:57 - step 1300 | loss 0.0331 | step time 270.18ms
INFO - 11/18/25 01:32:31 - 0:06:24 - step 1400 | loss 0.0317 | step time 270.37ms
INFO - 11/18/25 01:32:58 - 0:06:51 - Memory allocated:  45.32MB, reserved: 3148.00MB
INFO - 11/18/25 01:32:58 - 0:06:51 - generating
INFO - 11/18/25 02:56:47 - 0:00:00 - ============ Initialized logger ============
INFO - 11/18/25 02:56:47 - 0:00:00 - batch_size: 32
                                     command: python fc_loop.py --exp_name=dim19_run_2 --dump_path=/home/yuebi/Project/dim19_run --num_initial_empty_objects=800 --final_database_size=100 --target_db_size=100 --nb_local_searches=800 --max_epochs=20 --type=transformer --max-output-length=330 --sample-only=25000 --max-steps=1500 --n_tokens=15 --n-layer=8 --n-embd=128 --n-embd2=128 --exp_id=1111 --exp_id "1111"
                                     cpu: False
                                     debug: False
                                     debug_slurm: False
                                     dump_path: /home/yuebi/Project/dim19_run/dim19_run_2/1111
                                     exp_id: 1111
                                     exp_name: dim19_run_2
                                     final_database_size: 100
                                     gen_batch_size: 1000
                                     global_rank: 0
                                     is_master: True
                                     is_slurm_job: True
                                     learning_rate: 0.0005
                                     local_rank: 0
                                     master_addr: gpu-6
                                     master_port: -1
                                     max_epochs: 20
                                     max_output_length: 330
                                     max_steps: 1500
                                     multi_gpu: False
                                     multi_node: False
                                     n_embd: 128
                                     n_embd2: 128
                                     n_gpu_per_node: 1
                                     n_head: 8
                                     n_layer: 8
                                     n_nodes: 1
                                     n_tokens: 15
                                     nb_local_searches: 800
                                     nb_threads: 1
                                     node_id: 0
                                     num_initial_empty_objects: 800
                                     num_workers: 8
                                     sample_only: 25000
                                     seed: -1
                                     target_db_size: 100
                                     temperature: 1.0
                                     top_k: -1
                                     type: transformer
                                     weight_decay: 0.01
                                     world_size: 1
INFO - 11/18/25 02:56:47 - 0:00:00 - The experiment will be stored in /home/yuebi/Project/dim19_run/dim19_run_2/1111
                                     
INFO - 11/18/25 02:56:47 - 0:00:00 - Running command: python fc_loop.py --exp_name=dim19_run_2 --dump_path=/home/yuebi/Project/dim19_run --num_initial_empty_objects=800 --final_database_size=100 --target_db_size=100 --nb_local_searches=800 --max_epochs=20 --type=transformer --max-output-length=330 --sample-only=25000 --max-steps=1500 --n_tokens=15 --n-layer=8 --n-embd=128 --n-embd2=128 --exp_id=1111

WARNING - 11/18/25 02:56:47 - 0:00:00 - Signal handler installed.
INFO - 11/18/25 02:56:47 - 0:00:00 - seed: 920174172
INFO - 11/18/25 02:56:47 - 0:00:00 - initializing at generation: 2
INFO - 11/18/25 02:56:47 - 0:00:00 - number of examples in the dataset: 100
INFO - 11/18/25 02:56:47 - 0:00:00 - max word length: 151
INFO - 11/18/25 02:56:47 - 0:00:00 - number of unique characters in the vocabulary: 15
INFO - 11/18/25 02:56:47 - 0:00:00 - vocabulary:
INFO - 11/18/25 02:56:47 - 0:00:00 - ['V0', 'V1', 'V2', 'V3', 'V4', 'V5', 'V6', 'V7', 'V8', 'V9', 'V10', 'V11', 'V12', 'V13', 'V14']
INFO - 11/18/25 02:56:47 - 0:00:00 - split up the dataset into 90 training examples and 10 test examples
INFO - 11/18/25 02:56:47 - 0:00:00 - dataset determined that: vocab_size=16, block_size=331
INFO - 11/18/25 02:56:47 - 0:00:00 - model #params: 1632896
INFO - 11/18/25 02:56:47 - 0:00:00 - resuming from existing model
INFO - 11/18/25 02:56:47 - 0:00:00 - ============ Start of generation 2 ============
INFO - 11/18/25 02:56:47 - 0:00:00 - Memory allocated:  9.57MB, reserved: 20.00MB
INFO - 11/18/25 02:56:47 - 0:00:00 - training
INFO - 11/18/25 02:56:52 - 0:00:05 - step 0 | loss 0.0474 | step time 607.60ms
INFO - 11/18/25 02:57:19 - 0:00:32 - step 100 | loss 0.0327 | step time 271.25ms
INFO - 11/18/25 02:57:46 - 0:01:00 - step 200 | loss 0.0323 | step time 269.89ms
INFO - 11/18/25 02:58:13 - 0:01:27 - step 300 | loss 0.0321 | step time 269.88ms
INFO - 11/18/25 02:58:40 - 0:01:54 - step 400 | loss 0.1152 | step time 270.03ms
INFO - 11/18/25 02:59:07 - 0:02:21 - step 500 | loss 0.0316 | step time 270.50ms
INFO - 11/18/25 02:59:08 - 0:02:21 - step 500 train loss: 0.03196076303720474 test loss: 0.24261385202407837
INFO - 11/18/25 02:59:08 - 0:02:21 - test loss 0.24261385202407837 is the best so far, saving model to /home/yuebi/Project/dim19_run/dim19_run_2/1111/model.pt
INFO - 11/18/25 02:59:35 - 0:02:48 - step 600 | loss 0.0320 | step time 270.02ms
INFO - 11/18/25 03:00:02 - 0:03:15 - step 700 | loss 0.0319 | step time 270.19ms
INFO - 11/18/25 03:00:29 - 0:03:42 - step 800 | loss 0.0313 | step time 269.85ms
INFO - 11/18/25 03:00:56 - 0:04:09 - step 900 | loss 0.0335 | step time 270.12ms
INFO - 11/18/25 03:01:23 - 0:04:36 - step 1000 | loss 0.0351 | step time 270.26ms
INFO - 11/18/25 03:01:23 - 0:04:36 - step 1000 train loss: 0.03506239131093025 test loss: 0.6258391737937927
INFO - 11/18/25 03:01:50 - 0:05:03 - step 1100 | loss 0.0311 | step time 270.03ms
INFO - 11/18/25 03:02:17 - 0:05:30 - step 1200 | loss 0.0321 | step time 270.05ms
INFO - 11/18/25 03:02:44 - 0:05:57 - step 1300 | loss 0.0326 | step time 269.73ms
INFO - 11/18/25 03:03:11 - 0:06:24 - step 1400 | loss 0.0320 | step time 269.72ms
INFO - 11/18/25 03:03:38 - 0:06:51 - Memory allocated:  45.32MB, reserved: 3148.00MB
INFO - 11/18/25 03:03:38 - 0:06:51 - generating
INFO - 11/18/25 05:35:14 - 2:38:27 - distribution of sample lengths: average: 457.7414 max: 743
INFO - 11/18/25 05:35:14 - 2:38:27 - printed 25000 samples
INFO - 11/18/25 05:35:14 - 2:38:27 - decoding
INFO - 11/18/25 05:35:15 - 2:38:28 - Decoding complete. Check the output in /home/yuebi/Project/dim19_run/dim19_run_2/1111/transformer-output-decoded.txt
INFO - 11/18/25 05:35:15 - 2:38:28 - Memory allocated:  45.32MB, reserved: 9964.00MB
INFO - 11/18/25 05:35:15 - 2:38:28 - ============ End of generation 2 ============
INFO - 11/18/25 05:35:15 - 2:38:28 - launching search.jl
INFO - 11/18/25 05:35:15 - 2:38:28 - JULIA_NUM_THREADS is set to 1
INFO - 11/18/25 05:40:40 - 2:43:53 - distribution of scores(all rounds)
INFO - 11/18/25 05:40:40 - 2:43:53 - Score:19531250.0, Count:2
                                     
INFO - 11/18/25 05:40:40 - 2:43:53 - Score:12709375.0, Count:2
                                     
INFO - 11/18/25 05:40:40 - 2:43:53 - Score:10541395.0, Count:2
                                     
INFO - 11/18/25 05:40:40 - 2:43:53 - Score:10326125.0, Count:2
                                     
INFO - 11/18/25 05:40:40 - 2:43:53 - Score:10317155.0, Count:2
                                     
INFO - 11/18/25 05:40:40 - 2:43:53 - Score:10181550.0, Count:1
                                     
INFO - 11/18/25 05:40:40 - 2:43:53 - Score:10093140.0, Count:2
                                     
INFO - 11/18/25 05:40:40 - 2:43:53 - Score:10064646.0, Count:2
                                     
INFO - 11/18/25 05:40:40 - 2:43:53 - Score:10055428.0, Count:2
                                     
INFO - 11/18/25 05:40:40 - 2:43:53 - Score:10045350.0, Count:2
                                     
INFO - 11/18/25 05:40:40 - 2:43:53 - Score:10042930.0, Count:2
                                     
INFO - 11/18/25 05:40:40 - 2:43:53 - Score:10032720.0, Count:1
                                     
INFO - 11/18/25 05:40:40 - 2:43:53 - Score:10024927.0, Count:1
                                     
INFO - 11/18/25 05:40:40 - 2:43:53 - Score:9990134.0, Count:2
                                     
INFO - 11/18/25 05:40:40 - 2:43:53 - Score:9978428.0, Count:2
                                     
INFO - 11/18/25 05:40:40 - 2:43:53 - Score:9902450.0, Count:2
                                     
INFO - 11/18/25 05:40:40 - 2:43:53 - Score:9880848.0, Count:2
                                     
INFO - 11/18/25 05:40:40 - 2:43:53 - Score:9877329.0, Count:2
                                     
INFO - 11/18/25 05:40:40 - 2:43:53 - Score:9875010.0, Count:1
                                     
INFO - 11/18/25 05:40:40 - 2:43:53 - Score:9869380.0, Count:2
                                     
INFO - 11/18/25 05:40:40 - 2:43:53 - Score:9848928.0, Count:2
                                     
INFO - 11/18/25 05:40:40 - 2:43:53 - Score:9827682.0, Count:2
                                     
INFO - 11/18/25 05:40:40 - 2:43:53 - Score:9819488.0, Count:2
                                     
INFO - 11/18/25 05:40:40 - 2:43:53 - Score:9778806.0, Count:2
                                     
INFO - 11/18/25 05:40:40 - 2:43:53 - Score:9774854.0, Count:2
                                     
INFO - 11/18/25 05:40:40 - 2:43:53 - Score:9768362.0, Count:2
                                     
INFO - 11/18/25 05:40:40 - 2:43:53 - Score:9721898.0, Count:2
                                     
INFO - 11/18/25 05:40:40 - 2:43:53 - Score:9721440.0, Count:2
                                     
INFO - 11/18/25 05:40:40 - 2:43:53 - Score:9720795.0, Count:2
                                     
INFO - 11/18/25 05:40:40 - 2:43:53 - Score:9720063.0, Count:2
                                     
INFO - 11/18/25 05:40:40 - 2:43:53 - Score:9690900.0, Count:2
                                     
INFO - 11/18/25 05:40:40 - 2:43:53 - Score:9690576.0, Count:2
                                     
INFO - 11/18/25 05:40:40 - 2:43:53 - Score:9690472.0, Count:2
                                     
INFO - 11/18/25 05:40:40 - 2:43:53 - Score:9677608.0, Count:2
                                     
INFO - 11/18/25 05:40:40 - 2:43:53 - Score:9662706.0, Count:2
                                     
INFO - 11/18/25 05:40:40 - 2:43:53 - Score:9651028.0, Count:2
                                     
INFO - 11/18/25 05:40:40 - 2:43:53 - Score:9647398.0, Count:2
                                     
INFO - 11/18/25 05:40:40 - 2:43:53 - Score:9628410.0, Count:2
                                     
INFO - 11/18/25 05:40:40 - 2:43:53 - Score:9616918.0, Count:2
                                     
INFO - 11/18/25 05:40:40 - 2:43:53 - Score:9611720.0, Count:2
                                     
INFO - 11/18/25 05:40:40 - 2:43:53 - Score:9607246.0, Count:2
                                     
INFO - 11/18/25 05:40:40 - 2:43:53 - Score:9607098.0, Count:2
                                     
INFO - 11/18/25 05:40:40 - 2:43:53 - Score:9605600.0, Count:2
                                     
INFO - 11/18/25 05:40:40 - 2:43:53 - Score:9602848.0, Count:2
                                     
INFO - 11/18/25 05:40:40 - 2:43:53 - Score:9594447.0, Count:2
                                     
INFO - 11/18/25 05:40:40 - 2:43:53 - Score:9580034.0, Count:2
                                     
INFO - 11/18/25 05:40:40 - 2:43:53 - Score:9579877.0, Count:2
                                     
INFO - 11/18/25 05:40:40 - 2:43:53 - Score:9578580.0, Count:2
                                     
INFO - 11/18/25 05:40:40 - 2:43:53 - Score:9576364.0, Count:2
                                     
INFO - 11/18/25 05:40:40 - 2:43:53 - Score:9574016.0, Count:2
                                     
INFO - 11/18/25 05:40:40 - 2:43:53 - Score:9554220.0, Count:2
                                     
INFO - 11/18/25 05:40:40 - 2:43:53 - Score:9552600.0, Count:2
                                     
INFO - 11/18/25 05:40:40 - 2:43:53 - Score:9531222.0, Count:0
                                     
INFO - 11/18/25 05:40:40 - 2:43:53 - tokenizing
INFO - 11/18/25 05:40:40 - 2:43:53 - Loading tokenizer from /home/yuebi/Project/dim19_run/dim19_run_2/1111/tokenizer_data/tokenizer.json...
INFO - 11/18/25 05:40:40 - 2:43:53 - 0 / 100
INFO - 11/18/25 05:40:40 - 2:43:53 - number of examples in the dataset: 100
INFO - 11/18/25 05:40:40 - 2:43:53 - max word length: 151
INFO - 11/18/25 05:40:40 - 2:43:53 - number of unique characters in the vocabulary: 15
INFO - 11/18/25 05:40:40 - 2:43:53 - vocabulary:
INFO - 11/18/25 05:40:40 - 2:43:53 - ['V0', 'V1', 'V2', 'V3', 'V4', 'V5', 'V6', 'V7', 'V8', 'V9', 'V10', 'V11', 'V12', 'V13', 'V14']
INFO - 11/18/25 05:40:40 - 2:43:53 - split up the dataset into 90 training examples and 10 test examples
INFO - 11/18/25 05:40:40 - 2:43:53 - ============ Start of generation 3 ============
INFO - 11/18/25 05:40:40 - 2:43:53 - Memory allocated:  45.32MB, reserved: 9964.00MB
INFO - 11/18/25 05:40:40 - 2:43:53 - training
INFO - 11/18/25 05:40:40 - 2:43:53 - step 0 | loss 0.7468 | step time 278.01ms
INFO - 11/18/25 05:41:07 - 2:44:20 - step 100 | loss 0.0354 | step time 270.56ms
INFO - 11/18/25 05:41:34 - 2:44:47 - step 200 | loss 0.0536 | step time 270.44ms
INFO - 11/18/25 05:42:01 - 2:45:14 - step 300 | loss 0.0316 | step time 270.71ms
INFO - 11/18/25 05:42:28 - 2:45:41 - step 400 | loss 0.0313 | step time 270.62ms
INFO - 11/18/25 05:42:55 - 2:46:09 - step 500 | loss 0.0330 | step time 270.66ms
INFO - 11/18/25 05:42:56 - 2:46:09 - step 500 train loss: 0.03182535246014595 test loss: 0.28980115056037903
INFO - 11/18/25 05:42:56 - 2:46:09 - test loss 0.28980115056037903 is the best so far, saving model to /home/yuebi/Project/dim19_run/dim19_run_2/1111/model.pt
INFO - 11/18/25 05:43:23 - 2:46:36 - step 600 | loss 0.0320 | step time 270.61ms
INFO - 11/18/25 05:43:50 - 2:47:03 - step 700 | loss 0.0313 | step time 271.09ms
INFO - 11/18/25 05:44:17 - 2:47:30 - step 800 | loss 0.0328 | step time 270.40ms
INFO - 11/18/25 05:44:44 - 2:47:57 - step 900 | loss 0.0311 | step time 270.54ms
INFO - 11/18/25 05:45:11 - 2:48:24 - step 1000 | loss 0.0320 | step time 270.29ms
INFO - 11/18/25 05:45:11 - 2:48:24 - step 1000 train loss: 0.03130333870649338 test loss: 0.5934379696846008
INFO - 11/18/25 05:45:38 - 2:48:51 - step 1100 | loss 0.0324 | step time 270.48ms
INFO - 11/18/25 05:46:05 - 2:49:19 - step 1200 | loss 0.0336 | step time 270.43ms
INFO - 11/18/25 05:46:32 - 2:49:46 - step 1300 | loss 0.0321 | step time 270.72ms
INFO - 11/18/25 05:46:59 - 2:50:13 - step 1400 | loss 0.0323 | step time 270.33ms
INFO - 11/18/25 05:47:26 - 2:50:39 - Memory allocated:  45.32MB, reserved: 9964.00MB
INFO - 11/18/25 05:47:26 - 2:50:39 - generating
INFO - 11/18/25 05:57:17 - 0:00:00 - ============ Initialized logger ============
INFO - 11/18/25 05:57:17 - 0:00:00 - batch_size: 32
                                     command: python fc_loop.py --exp_name=dim19_run_2 --dump_path=/home/yuebi/Project/dim19_run --num_initial_empty_objects=800 --final_database_size=100 --target_db_size=100 --nb_local_searches=800 --max_epochs=20 --type=transformer --max-output-length=330 --sample-only=25000 --max-steps=1500 --n_tokens=15 --n-layer=8 --n-embd=128 --n-embd2=128 --exp_id=1111 --exp_id "1111"
                                     cpu: False
                                     debug: False
                                     debug_slurm: False
                                     dump_path: /home/yuebi/Project/dim19_run/dim19_run_2/1111
                                     exp_id: 1111
                                     exp_name: dim19_run_2
                                     final_database_size: 100
                                     gen_batch_size: 1000
                                     global_rank: 0
                                     is_master: True
                                     is_slurm_job: True
                                     learning_rate: 0.0005
                                     local_rank: 0
                                     master_addr: gpu-6
                                     master_port: -1
                                     max_epochs: 20
                                     max_output_length: 330
                                     max_steps: 1500
                                     multi_gpu: False
                                     multi_node: False
                                     n_embd: 128
                                     n_embd2: 128
                                     n_gpu_per_node: 1
                                     n_head: 8
                                     n_layer: 8
                                     n_nodes: 1
                                     n_tokens: 15
                                     nb_local_searches: 800
                                     nb_threads: 1
                                     node_id: 0
                                     num_initial_empty_objects: 800
                                     num_workers: 8
                                     sample_only: 25000
                                     seed: -1
                                     target_db_size: 100
                                     temperature: 1.0
                                     top_k: -1
                                     type: transformer
                                     weight_decay: 0.01
                                     world_size: 1
INFO - 11/18/25 05:57:17 - 0:00:00 - The experiment will be stored in /home/yuebi/Project/dim19_run/dim19_run_2/1111
                                     
INFO - 11/18/25 05:57:17 - 0:00:00 - Running command: python fc_loop.py --exp_name=dim19_run_2 --dump_path=/home/yuebi/Project/dim19_run --num_initial_empty_objects=800 --final_database_size=100 --target_db_size=100 --nb_local_searches=800 --max_epochs=20 --type=transformer --max-output-length=330 --sample-only=25000 --max-steps=1500 --n_tokens=15 --n-layer=8 --n-embd=128 --n-embd2=128 --exp_id=1111

WARNING - 11/18/25 05:57:17 - 0:00:00 - Signal handler installed.
INFO - 11/18/25 05:57:17 - 0:00:00 - seed: 418600643
INFO - 11/18/25 05:57:17 - 0:00:00 - initializing at generation: 3
INFO - 11/18/25 05:57:17 - 0:00:00 - number of examples in the dataset: 100
INFO - 11/18/25 05:57:17 - 0:00:00 - max word length: 151
INFO - 11/18/25 05:57:17 - 0:00:00 - number of unique characters in the vocabulary: 15
INFO - 11/18/25 05:57:17 - 0:00:00 - vocabulary:
INFO - 11/18/25 05:57:17 - 0:00:00 - ['V0', 'V1', 'V2', 'V3', 'V4', 'V5', 'V6', 'V7', 'V8', 'V9', 'V10', 'V11', 'V12', 'V13', 'V14']
INFO - 11/18/25 05:57:17 - 0:00:00 - split up the dataset into 90 training examples and 10 test examples
INFO - 11/18/25 05:57:17 - 0:00:00 - dataset determined that: vocab_size=16, block_size=331
INFO - 11/18/25 05:57:17 - 0:00:00 - model #params: 1632896
INFO - 11/18/25 05:57:17 - 0:00:00 - resuming from existing model
INFO - 11/18/25 05:57:17 - 0:00:00 - ============ Start of generation 3 ============
INFO - 11/18/25 05:57:17 - 0:00:00 - Memory allocated:  9.57MB, reserved: 20.00MB
INFO - 11/18/25 05:57:17 - 0:00:00 - training
INFO - 11/18/25 05:57:22 - 0:00:05 - step 0 | loss 0.0946 | step time 600.80ms
INFO - 11/18/25 05:57:49 - 0:00:33 - step 100 | loss 0.0331 | step time 270.11ms
INFO - 11/18/25 05:58:16 - 0:01:00 - step 200 | loss 0.0326 | step time 270.54ms
INFO - 11/18/25 05:58:43 - 0:01:27 - step 300 | loss 0.0317 | step time 270.32ms
INFO - 11/18/25 05:59:11 - 0:01:54 - step 400 | loss 0.0336 | step time 270.09ms
INFO - 11/18/25 05:59:38 - 0:02:21 - step 500 | loss 0.0625 | step time 270.25ms
INFO - 11/18/25 05:59:38 - 0:02:21 - step 500 train loss: 0.05999991297721863 test loss: 0.27344897389411926
INFO - 11/18/25 05:59:38 - 0:02:21 - test loss 0.27344897389411926 is the best so far, saving model to /home/yuebi/Project/dim19_run/dim19_run_2/1111/model.pt
INFO - 11/18/25 06:00:05 - 0:02:48 - step 600 | loss 0.0310 | step time 270.30ms
INFO - 11/18/25 06:00:32 - 0:03:15 - step 700 | loss 0.0310 | step time 270.28ms
INFO - 11/18/25 06:00:59 - 0:03:42 - step 800 | loss 0.0323 | step time 270.49ms
INFO - 11/18/25 06:01:26 - 0:04:09 - step 900 | loss 0.0314 | step time 270.27ms
INFO - 11/18/25 06:01:53 - 0:04:36 - step 1000 | loss 0.0322 | step time 270.25ms
INFO - 11/18/25 06:01:53 - 0:04:36 - step 1000 train loss: 0.031910739839076996 test loss: 0.21115326881408691
INFO - 11/18/25 06:01:53 - 0:04:36 - test loss 0.21115326881408691 is the best so far, saving model to /home/yuebi/Project/dim19_run/dim19_run_2/1111/model.pt
INFO - 11/18/25 06:02:20 - 0:05:03 - step 1100 | loss 0.0872 | step time 270.21ms
INFO - 11/18/25 06:02:47 - 0:05:30 - step 1200 | loss 0.0315 | step time 270.37ms
INFO - 11/18/25 06:03:14 - 0:05:58 - step 1300 | loss 0.0313 | step time 270.45ms
INFO - 11/18/25 06:03:41 - 0:06:25 - step 1400 | loss 0.0306 | step time 270.47ms
INFO - 11/18/25 06:04:08 - 0:06:51 - Memory allocated:  45.32MB, reserved: 3148.00MB
INFO - 11/18/25 06:04:08 - 0:06:51 - generating
INFO - 11/18/25 08:35:44 - 2:38:27 - distribution of sample lengths: average: 458.8234 max: 478
INFO - 11/18/25 08:35:44 - 2:38:27 - printed 25000 samples
INFO - 11/18/25 08:35:44 - 2:38:27 - decoding
INFO - 11/18/25 08:35:44 - 2:38:28 - Decoding complete. Check the output in /home/yuebi/Project/dim19_run/dim19_run_2/1111/transformer-output-decoded.txt
INFO - 11/18/25 08:35:44 - 2:38:28 - Memory allocated:  45.32MB, reserved: 9964.00MB
INFO - 11/18/25 08:35:44 - 2:38:28 - ============ End of generation 3 ============
INFO - 11/18/25 08:35:44 - 2:38:28 - launching search.jl
INFO - 11/18/25 08:35:44 - 2:38:28 - JULIA_NUM_THREADS is set to 1
INFO - 11/18/25 08:41:29 - 2:44:12 - distribution of scores(all rounds)
INFO - 11/18/25 08:41:29 - 2:44:12 - Score:19531250.0, Count:3
                                     
INFO - 11/18/25 08:41:29 - 2:44:12 - Score:12709375.0, Count:3
                                     
INFO - 11/18/25 08:41:29 - 2:44:12 - Score:10541395.0, Count:3
                                     
INFO - 11/18/25 08:41:29 - 2:44:12 - Score:10326125.0, Count:3
                                     
INFO - 11/18/25 08:41:29 - 2:44:12 - Score:10317155.0, Count:3
                                     
INFO - 11/18/25 08:41:29 - 2:44:12 - Score:10184000.0, Count:1
                                     
INFO - 11/18/25 08:41:29 - 2:44:12 - Score:10181550.0, Count:2
                                     
INFO - 11/18/25 08:41:29 - 2:44:12 - Score:10093140.0, Count:3
                                     
INFO - 11/18/25 08:41:29 - 2:44:12 - Score:10064646.0, Count:3
                                     
INFO - 11/18/25 08:41:29 - 2:44:12 - Score:10055428.0, Count:3
                                     
INFO - 11/18/25 08:41:29 - 2:44:12 - Score:10045350.0, Count:3
                                     
INFO - 11/18/25 08:41:29 - 2:44:12 - Score:10042930.0, Count:3
                                     
INFO - 11/18/25 08:41:29 - 2:44:12 - Score:10032720.0, Count:2
                                     
INFO - 11/18/25 08:41:29 - 2:44:12 - Score:10024927.0, Count:2
                                     
INFO - 11/18/25 08:41:29 - 2:44:12 - Score:9990134.0, Count:3
                                     
INFO - 11/18/25 08:41:29 - 2:44:12 - Score:9978428.0, Count:3
                                     
INFO - 11/18/25 08:41:29 - 2:44:12 - Score:9974805.0, Count:1
                                     
INFO - 11/18/25 08:41:29 - 2:44:12 - Score:9902450.0, Count:3
                                     
INFO - 11/18/25 08:41:29 - 2:44:12 - Score:9880848.0, Count:3
                                     
INFO - 11/18/25 08:41:29 - 2:44:12 - Score:9877329.0, Count:3
                                     
INFO - 11/18/25 08:41:29 - 2:44:12 - Score:9875010.0, Count:2
                                     
INFO - 11/18/25 08:41:29 - 2:44:12 - Score:9869380.0, Count:3
                                     
INFO - 11/18/25 08:41:29 - 2:44:12 - Score:9848928.0, Count:3
                                     
INFO - 11/18/25 08:41:29 - 2:44:12 - Score:9827682.0, Count:3
                                     
INFO - 11/18/25 08:41:29 - 2:44:12 - Score:9819488.0, Count:3
                                     
INFO - 11/18/25 08:41:29 - 2:44:12 - Score:9778806.0, Count:3
                                     
INFO - 11/18/25 08:41:29 - 2:44:12 - Score:9774854.0, Count:3
                                     
INFO - 11/18/25 08:41:29 - 2:44:12 - Score:9768362.0, Count:3
                                     
INFO - 11/18/25 08:41:29 - 2:44:12 - Score:9721898.0, Count:3
                                     
INFO - 11/18/25 08:41:29 - 2:44:12 - Score:9721440.0, Count:3
                                     
INFO - 11/18/25 08:41:29 - 2:44:12 - Score:9720795.0, Count:3
                                     
INFO - 11/18/25 08:41:29 - 2:44:12 - Score:9720063.0, Count:3
                                     
INFO - 11/18/25 08:41:29 - 2:44:12 - Score:9690900.0, Count:3
                                     
INFO - 11/18/25 08:41:29 - 2:44:12 - Score:9690576.0, Count:3
                                     
INFO - 11/18/25 08:41:29 - 2:44:12 - Score:9690472.0, Count:3
                                     
INFO - 11/18/25 08:41:29 - 2:44:12 - Score:9677608.0, Count:3
                                     
INFO - 11/18/25 08:41:29 - 2:44:12 - Score:9662706.0, Count:0
                                     
INFO - 11/18/25 08:41:29 - 2:44:12 - tokenizing
INFO - 11/18/25 08:41:29 - 2:44:12 - Loading tokenizer from /home/yuebi/Project/dim19_run/dim19_run_2/1111/tokenizer_data/tokenizer.json...
INFO - 11/18/25 08:41:29 - 2:44:12 - 0 / 100
INFO - 11/18/25 08:41:29 - 2:44:12 - number of examples in the dataset: 100
INFO - 11/18/25 08:41:29 - 2:44:12 - max word length: 151
INFO - 11/18/25 08:41:29 - 2:44:12 - number of unique characters in the vocabulary: 15
INFO - 11/18/25 08:41:29 - 2:44:12 - vocabulary:
INFO - 11/18/25 08:41:29 - 2:44:12 - ['V0', 'V1', 'V2', 'V3', 'V4', 'V5', 'V6', 'V7', 'V8', 'V9', 'V10', 'V11', 'V12', 'V13', 'V14']
INFO - 11/18/25 08:41:29 - 2:44:12 - split up the dataset into 90 training examples and 10 test examples
INFO - 11/18/25 08:41:29 - 2:44:12 - ============ Start of generation 4 ============
INFO - 11/18/25 08:41:29 - 2:44:12 - Memory allocated:  45.32MB, reserved: 9964.00MB
INFO - 11/18/25 08:41:29 - 2:44:12 - training
INFO - 11/18/25 08:41:30 - 2:44:13 - step 0 | loss 0.4584 | step time 278.00ms
INFO - 11/18/25 08:41:57 - 2:44:40 - step 100 | loss 0.0312 | step time 270.46ms
INFO - 11/18/25 08:42:24 - 2:45:07 - step 200 | loss 0.0328 | step time 270.51ms
INFO - 11/18/25 08:42:51 - 2:45:34 - step 300 | loss 0.0312 | step time 270.44ms
INFO - 11/18/25 08:43:18 - 2:46:01 - step 400 | loss 0.0307 | step time 270.42ms
INFO - 11/18/25 08:43:45 - 2:46:28 - step 500 | loss 0.0319 | step time 270.55ms
INFO - 11/18/25 08:43:45 - 2:46:28 - step 500 train loss: 0.03133261576294899 test loss: 0.21112684905529022
INFO - 11/18/25 08:43:45 - 2:46:28 - test loss 0.21112684905529022 is the best so far, saving model to /home/yuebi/Project/dim19_run/dim19_run_2/1111/model.pt
INFO - 11/18/25 08:44:12 - 2:46:55 - step 600 | loss 0.0322 | step time 270.65ms
INFO - 11/18/25 08:44:39 - 2:47:22 - step 700 | loss 0.0309 | step time 270.64ms
INFO - 11/18/25 08:45:06 - 2:47:49 - step 800 | loss 0.0317 | step time 270.60ms
INFO - 11/18/25 08:45:33 - 2:48:16 - step 900 | loss 0.0311 | step time 270.40ms
INFO - 11/18/25 08:46:00 - 2:48:43 - step 1000 | loss 0.0314 | step time 270.29ms
INFO - 11/18/25 08:46:01 - 2:48:44 - step 1000 train loss: 0.03131890296936035 test loss: 0.42270326614379883
INFO - 11/18/25 08:46:28 - 2:49:11 - step 1100 | loss 0.0318 | step time 270.41ms
INFO - 11/18/25 08:46:55 - 2:49:38 - step 1200 | loss 0.0313 | step time 270.59ms
INFO - 11/18/25 08:47:22 - 2:50:05 - step 1300 | loss 0.0328 | step time 270.54ms
INFO - 11/18/25 08:47:49 - 2:50:32 - step 1400 | loss 0.0356 | step time 270.75ms
INFO - 11/18/25 08:48:16 - 2:50:59 - Memory allocated:  45.32MB, reserved: 9964.00MB
INFO - 11/18/25 08:48:16 - 2:50:59 - generating
INFO - 11/18/25 08:57:21 - 0:00:00 - ============ Initialized logger ============
INFO - 11/18/25 08:57:21 - 0:00:00 - batch_size: 32
                                     command: python fc_loop.py --exp_name=dim19_run_2 --dump_path=/home/yuebi/Project/dim19_run --num_initial_empty_objects=800 --final_database_size=100 --target_db_size=100 --nb_local_searches=800 --max_epochs=20 --type=transformer --max-output-length=330 --sample-only=25000 --max-steps=1500 --n_tokens=15 --n-layer=8 --n-embd=128 --n-embd2=128 --exp_id=1111 --exp_id "1111"
                                     cpu: False
                                     debug: False
                                     debug_slurm: False
                                     dump_path: /home/yuebi/Project/dim19_run/dim19_run_2/1111
                                     exp_id: 1111
                                     exp_name: dim19_run_2
                                     final_database_size: 100
                                     gen_batch_size: 1000
                                     global_rank: 0
                                     is_master: True
                                     is_slurm_job: True
                                     learning_rate: 0.0005
                                     local_rank: 0
                                     master_addr: gpu-6
                                     master_port: -1
                                     max_epochs: 20
                                     max_output_length: 330
                                     max_steps: 1500
                                     multi_gpu: False
                                     multi_node: False
                                     n_embd: 128
                                     n_embd2: 128
                                     n_gpu_per_node: 1
                                     n_head: 8
                                     n_layer: 8
                                     n_nodes: 1
                                     n_tokens: 15
                                     nb_local_searches: 800
                                     nb_threads: 1
                                     node_id: 0
                                     num_initial_empty_objects: 800
                                     num_workers: 8
                                     sample_only: 25000
                                     seed: -1
                                     target_db_size: 100
                                     temperature: 1.0
                                     top_k: -1
                                     type: transformer
                                     weight_decay: 0.01
                                     world_size: 1
INFO - 11/18/25 08:57:21 - 0:00:00 - The experiment will be stored in /home/yuebi/Project/dim19_run/dim19_run_2/1111
                                     
INFO - 11/18/25 08:57:21 - 0:00:00 - Running command: python fc_loop.py --exp_name=dim19_run_2 --dump_path=/home/yuebi/Project/dim19_run --num_initial_empty_objects=800 --final_database_size=100 --target_db_size=100 --nb_local_searches=800 --max_epochs=20 --type=transformer --max-output-length=330 --sample-only=25000 --max-steps=1500 --n_tokens=15 --n-layer=8 --n-embd=128 --n-embd2=128 --exp_id=1111

WARNING - 11/18/25 08:57:21 - 0:00:00 - Signal handler installed.
INFO - 11/18/25 08:57:21 - 0:00:00 - seed: 795407351
INFO - 11/18/25 08:57:21 - 0:00:00 - initializing at generation: 4
INFO - 11/18/25 08:57:21 - 0:00:00 - number of examples in the dataset: 100
INFO - 11/18/25 08:57:21 - 0:00:00 - max word length: 151
INFO - 11/18/25 08:57:21 - 0:00:00 - number of unique characters in the vocabulary: 15
INFO - 11/18/25 08:57:21 - 0:00:00 - vocabulary:
INFO - 11/18/25 08:57:21 - 0:00:00 - ['V0', 'V1', 'V2', 'V3', 'V4', 'V5', 'V6', 'V7', 'V8', 'V9', 'V10', 'V11', 'V12', 'V13', 'V14']
INFO - 11/18/25 08:57:21 - 0:00:00 - split up the dataset into 90 training examples and 10 test examples
INFO - 11/18/25 08:57:21 - 0:00:00 - dataset determined that: vocab_size=16, block_size=331
INFO - 11/18/25 08:57:21 - 0:00:00 - model #params: 1632896
INFO - 11/18/25 08:57:21 - 0:00:00 - resuming from existing model
INFO - 11/18/25 08:57:21 - 0:00:00 - ============ Start of generation 4 ============
INFO - 11/18/25 08:57:21 - 0:00:00 - Memory allocated:  9.57MB, reserved: 20.00MB
INFO - 11/18/25 08:57:21 - 0:00:00 - training
INFO - 11/18/25 08:57:26 - 0:00:05 - step 0 | loss 0.0429 | step time 598.63ms
INFO - 11/18/25 08:57:53 - 0:00:32 - step 100 | loss 0.0336 | step time 270.07ms
INFO - 11/18/25 08:58:20 - 0:00:59 - step 200 | loss 0.0338 | step time 270.38ms
INFO - 11/18/25 08:58:47 - 0:01:26 - step 300 | loss 0.0320 | step time 270.03ms
INFO - 11/18/25 08:59:14 - 0:01:53 - step 400 | loss 0.0320 | step time 270.44ms
INFO - 11/18/25 08:59:41 - 0:02:20 - step 500 | loss 0.0316 | step time 270.36ms
INFO - 11/18/25 08:59:41 - 0:02:21 - step 500 train loss: 0.031645335257053375 test loss: 0.38387784361839294
INFO - 11/18/25 08:59:41 - 0:02:21 - test loss 0.38387784361839294 is the best so far, saving model to /home/yuebi/Project/dim19_run/dim19_run_2/1111/model.pt
INFO - 11/18/25 09:00:09 - 0:02:48 - step 600 | loss 0.0322 | step time 270.29ms
INFO - 11/18/25 09:00:36 - 0:03:15 - step 700 | loss 0.0323 | step time 270.21ms
INFO - 11/18/25 09:01:03 - 0:03:42 - step 800 | loss 0.0393 | step time 270.24ms
INFO - 11/18/25 09:01:30 - 0:04:09 - step 900 | loss 0.0308 | step time 270.04ms
INFO - 11/18/25 09:01:57 - 0:04:36 - step 1000 | loss 0.0311 | step time 270.42ms
INFO - 11/18/25 09:01:57 - 0:04:36 - step 1000 train loss: 0.03167098015546799 test loss: 0.5369130969047546
INFO - 11/18/25 09:02:24 - 0:05:03 - step 1100 | loss 0.0314 | step time 270.29ms
INFO - 11/18/25 09:02:51 - 0:05:30 - step 1200 | loss 0.0323 | step time 270.63ms
INFO - 11/18/25 09:03:18 - 0:05:57 - step 1300 | loss 0.0321 | step time 270.23ms
INFO - 11/18/25 09:03:45 - 0:06:24 - step 1400 | loss 0.0330 | step time 270.13ms
INFO - 11/18/25 09:04:12 - 0:06:51 - Memory allocated:  45.32MB, reserved: 3148.00MB
INFO - 11/18/25 09:04:12 - 0:06:51 - generating
INFO - 11/18/25 11:35:49 - 2:38:28 - distribution of sample lengths: average: 456.9678 max: 1040
INFO - 11/18/25 11:35:49 - 2:38:28 - printed 25000 samples
INFO - 11/18/25 11:35:49 - 2:38:28 - decoding
INFO - 11/18/25 11:35:50 - 2:38:29 - Decoding complete. Check the output in /home/yuebi/Project/dim19_run/dim19_run_2/1111/transformer-output-decoded.txt
INFO - 11/18/25 11:35:50 - 2:38:29 - Memory allocated:  45.32MB, reserved: 9964.00MB
INFO - 11/18/25 11:35:50 - 2:38:29 - ============ End of generation 4 ============
INFO - 11/18/25 11:35:50 - 2:38:29 - launching search.jl
INFO - 11/18/25 11:35:50 - 2:38:29 - JULIA_NUM_THREADS is set to 1
INFO - 11/18/25 11:40:41 - 2:43:20 - distribution of scores(all rounds)
INFO - 11/18/25 11:40:41 - 2:43:20 - Score:19531250.0, Count:4
                                     
INFO - 11/18/25 11:40:41 - 2:43:20 - Score:12709375.0, Count:4
                                     
INFO - 11/18/25 11:40:41 - 2:43:20 - Score:12396875.0, Count:1
                                     
INFO - 11/18/25 11:40:41 - 2:43:20 - Score:10541395.0, Count:4
                                     
INFO - 11/18/25 11:40:41 - 2:43:20 - Score:10326125.0, Count:4
                                     
INFO - 11/18/25 11:40:41 - 2:43:20 - Score:10317155.0, Count:4
                                     
INFO - 11/18/25 11:40:41 - 2:43:20 - Score:10184000.0, Count:2
                                     
INFO - 11/18/25 11:40:41 - 2:43:20 - Score:10181550.0, Count:3
                                     
INFO - 11/18/25 11:40:41 - 2:43:20 - Score:10112700.0, Count:1
                                     
INFO - 11/18/25 11:40:41 - 2:43:20 - Score:10093140.0, Count:4
                                     
INFO - 11/18/25 11:40:41 - 2:43:20 - Score:10064646.0, Count:4
                                     
INFO - 11/18/25 11:40:41 - 2:43:20 - Score:10055428.0, Count:4
                                     
INFO - 11/18/25 11:40:41 - 2:43:20 - Score:10050720.0, Count:1
                                     
INFO - 11/18/25 11:40:41 - 2:43:20 - Score:10045350.0, Count:4
                                     
INFO - 11/18/25 11:40:41 - 2:43:20 - Score:10042930.0, Count:4
                                     
INFO - 11/18/25 11:40:41 - 2:43:20 - Score:10032720.0, Count:3
                                     
INFO - 11/18/25 11:40:41 - 2:43:20 - Score:10024927.0, Count:3
                                     
INFO - 11/18/25 11:40:41 - 2:43:20 - Score:9990134.0, Count:4
                                     
INFO - 11/18/25 11:40:41 - 2:43:20 - Score:9978428.0, Count:4
                                     
INFO - 11/18/25 11:40:41 - 2:43:20 - Score:9975664.0, Count:1
                                     
INFO - 11/18/25 11:40:41 - 2:43:20 - Score:9974805.0, Count:2
                                     
INFO - 11/18/25 11:40:41 - 2:43:20 - Score:9964291.0, Count:1
                                     
INFO - 11/18/25 11:40:41 - 2:43:20 - Score:9902450.0, Count:4
                                     
INFO - 11/18/25 11:40:41 - 2:43:20 - Score:9891012.0, Count:1
                                     
INFO - 11/18/25 11:40:41 - 2:43:20 - Score:9883895.0, Count:1
                                     
INFO - 11/18/25 11:40:41 - 2:43:20 - Score:9880848.0, Count:4
                                     
INFO - 11/18/25 11:40:41 - 2:43:20 - Score:9877329.0, Count:4
                                     
INFO - 11/18/25 11:40:41 - 2:43:20 - Score:9875010.0, Count:3
                                     
INFO - 11/18/25 11:40:41 - 2:43:20 - Score:9869380.0, Count:4
                                     
INFO - 11/18/25 11:40:41 - 2:43:20 - Score:9848928.0, Count:4
                                     
INFO - 11/18/25 11:40:41 - 2:43:20 - Score:9827682.0, Count:4
                                     
INFO - 11/18/25 11:40:41 - 2:43:20 - Score:9819488.0, Count:4
                                     
INFO - 11/18/25 11:40:41 - 2:43:20 - Score:9817038.0, Count:1
                                     
INFO - 11/18/25 11:40:41 - 2:43:20 - Score:9814485.0, Count:0
                                     
INFO - 11/18/25 11:40:41 - 2:43:20 - tokenizing
INFO - 11/18/25 11:40:41 - 2:43:20 - Loading tokenizer from /home/yuebi/Project/dim19_run/dim19_run_2/1111/tokenizer_data/tokenizer.json...
INFO - 11/18/25 11:40:41 - 2:43:20 - 0 / 100
INFO - 11/18/25 11:40:41 - 2:43:20 - number of examples in the dataset: 100
INFO - 11/18/25 11:40:41 - 2:43:20 - max word length: 151
INFO - 11/18/25 11:40:41 - 2:43:20 - number of unique characters in the vocabulary: 15
INFO - 11/18/25 11:40:41 - 2:43:20 - vocabulary:
INFO - 11/18/25 11:40:41 - 2:43:20 - ['V0', 'V1', 'V2', 'V3', 'V4', 'V5', 'V6', 'V7', 'V8', 'V9', 'V10', 'V11', 'V12', 'V13', 'V14']
INFO - 11/18/25 11:40:41 - 2:43:20 - split up the dataset into 90 training examples and 10 test examples
INFO - 11/18/25 11:40:41 - 2:43:20 - ============ Start of generation 5 ============
INFO - 11/18/25 11:40:41 - 2:43:20 - Memory allocated:  45.32MB, reserved: 9964.00MB
INFO - 11/18/25 11:40:41 - 2:43:20 - training
INFO - 11/18/25 11:40:41 - 2:43:20 - step 0 | loss 1.2555 | step time 277.60ms
INFO - 11/18/25 11:41:08 - 2:43:47 - step 100 | loss 0.0354 | step time 270.60ms
INFO - 11/18/25 11:41:35 - 2:44:14 - step 200 | loss 0.0323 | step time 270.31ms
INFO - 11/18/25 11:42:02 - 2:44:41 - step 300 | loss 0.0312 | step time 270.48ms
INFO - 11/18/25 11:42:29 - 2:45:08 - step 400 | loss 0.0318 | step time 270.37ms
INFO - 11/18/25 11:42:56 - 2:45:35 - step 500 | loss 0.0336 | step time 270.31ms
INFO - 11/18/25 11:42:57 - 2:45:36 - step 500 train loss: 0.03277724236249924 test loss: 1.3500221967697144
INFO - 11/18/25 11:42:57 - 2:45:36 - test loss 1.3500221967697144 is the best so far, saving model to /home/yuebi/Project/dim19_run/dim19_run_2/1111/model.pt
INFO - 11/18/25 11:43:24 - 2:46:03 - step 600 | loss 0.0320 | step time 270.58ms
INFO - 11/18/25 11:43:51 - 2:46:30 - step 700 | loss 0.0318 | step time 270.63ms
INFO - 11/18/25 11:44:18 - 2:46:57 - step 800 | loss 0.0324 | step time 270.25ms
INFO - 11/18/25 11:44:45 - 2:47:24 - step 900 | loss 0.0315 | step time 270.41ms
INFO - 11/18/25 11:45:12 - 2:47:51 - step 1000 | loss 0.0314 | step time 269.91ms
INFO - 11/18/25 11:45:12 - 2:47:51 - step 1000 train loss: 0.03190799057483673 test loss: 1.3758821487426758
INFO - 11/18/25 11:45:39 - 2:48:18 - step 1100 | loss 0.0324 | step time 270.52ms
INFO - 11/18/25 11:46:06 - 2:48:45 - step 1200 | loss 0.0317 | step time 270.39ms
INFO - 11/18/25 11:46:33 - 2:49:12 - step 1300 | loss 0.0318 | step time 270.23ms
INFO - 11/18/25 11:47:00 - 2:49:39 - step 1400 | loss 0.0319 | step time 270.45ms
INFO - 11/18/25 11:47:27 - 2:50:06 - Memory allocated:  45.32MB, reserved: 9964.00MB
INFO - 11/18/25 11:47:27 - 2:50:06 - generating
INFO - 11/18/25 11:57:30 - 0:00:00 - ============ Initialized logger ============
INFO - 11/18/25 11:57:30 - 0:00:00 - batch_size: 32
                                     command: python fc_loop.py --exp_name=dim19_run_2 --dump_path=/home/yuebi/Project/dim19_run --num_initial_empty_objects=800 --final_database_size=100 --target_db_size=100 --nb_local_searches=800 --max_epochs=20 --type=transformer --max-output-length=330 --sample-only=25000 --max-steps=1500 --n_tokens=15 --n-layer=8 --n-embd=128 --n-embd2=128 --exp_id=1111 --exp_id "1111"
                                     cpu: False
                                     debug: False
                                     debug_slurm: False
                                     dump_path: /home/yuebi/Project/dim19_run/dim19_run_2/1111
                                     exp_id: 1111
                                     exp_name: dim19_run_2
                                     final_database_size: 100
                                     gen_batch_size: 1000
                                     global_rank: 0
                                     is_master: True
                                     is_slurm_job: True
                                     learning_rate: 0.0005
                                     local_rank: 0
                                     master_addr: gpu-6
                                     master_port: -1
                                     max_epochs: 20
                                     max_output_length: 330
                                     max_steps: 1500
                                     multi_gpu: False
                                     multi_node: False
                                     n_embd: 128
                                     n_embd2: 128
                                     n_gpu_per_node: 1
                                     n_head: 8
                                     n_layer: 8
                                     n_nodes: 1
                                     n_tokens: 15
                                     nb_local_searches: 800
                                     nb_threads: 1
                                     node_id: 0
                                     num_initial_empty_objects: 800
                                     num_workers: 8
                                     sample_only: 25000
                                     seed: -1
                                     target_db_size: 100
                                     temperature: 1.0
                                     top_k: -1
                                     type: transformer
                                     weight_decay: 0.01
                                     world_size: 1
INFO - 11/18/25 11:57:30 - 0:00:00 - The experiment will be stored in /home/yuebi/Project/dim19_run/dim19_run_2/1111
                                     
INFO - 11/18/25 11:57:30 - 0:00:00 - Running command: python fc_loop.py --exp_name=dim19_run_2 --dump_path=/home/yuebi/Project/dim19_run --num_initial_empty_objects=800 --final_database_size=100 --target_db_size=100 --nb_local_searches=800 --max_epochs=20 --type=transformer --max-output-length=330 --sample-only=25000 --max-steps=1500 --n_tokens=15 --n-layer=8 --n-embd=128 --n-embd2=128 --exp_id=1111

WARNING - 11/18/25 11:57:30 - 0:00:00 - Signal handler installed.
INFO - 11/18/25 11:57:30 - 0:00:00 - seed: 308009619
INFO - 11/18/25 11:57:30 - 0:00:00 - initializing at generation: 5
INFO - 11/18/25 11:57:30 - 0:00:00 - number of examples in the dataset: 100
INFO - 11/18/25 11:57:30 - 0:00:00 - max word length: 151
INFO - 11/18/25 11:57:30 - 0:00:00 - number of unique characters in the vocabulary: 15
INFO - 11/18/25 11:57:30 - 0:00:00 - vocabulary:
INFO - 11/18/25 11:57:30 - 0:00:00 - ['V0', 'V1', 'V2', 'V3', 'V4', 'V5', 'V6', 'V7', 'V8', 'V9', 'V10', 'V11', 'V12', 'V13', 'V14']
INFO - 11/18/25 11:57:30 - 0:00:00 - split up the dataset into 90 training examples and 10 test examples
INFO - 11/18/25 11:57:30 - 0:00:00 - dataset determined that: vocab_size=16, block_size=331
INFO - 11/18/25 11:57:30 - 0:00:00 - model #params: 1632896
INFO - 11/18/25 11:57:30 - 0:00:00 - resuming from existing model
INFO - 11/18/25 11:57:30 - 0:00:00 - ============ Start of generation 5 ============
INFO - 11/18/25 11:57:30 - 0:00:00 - Memory allocated:  9.57MB, reserved: 20.00MB
INFO - 11/18/25 11:57:30 - 0:00:00 - training
INFO - 11/18/25 11:57:35 - 0:00:05 - step 0 | loss 0.2645 | step time 605.07ms
INFO - 11/18/25 11:58:02 - 0:00:32 - step 100 | loss 0.0332 | step time 270.22ms
INFO - 11/18/25 11:58:29 - 0:00:59 - step 200 | loss 0.0333 | step time 270.39ms
INFO - 11/18/25 11:58:56 - 0:01:26 - step 300 | loss 0.0318 | step time 270.32ms
INFO - 11/18/25 11:59:23 - 0:01:53 - step 400 | loss 0.0320 | step time 270.25ms
INFO - 11/18/25 11:59:50 - 0:02:20 - step 500 | loss 0.0649 | step time 270.45ms
INFO - 11/18/25 11:59:51 - 0:02:21 - step 500 train loss: 0.05985410511493683 test loss: 0.2796574831008911
INFO - 11/18/25 11:59:51 - 0:02:21 - test loss 0.2796574831008911 is the best so far, saving model to /home/yuebi/Project/dim19_run/dim19_run_2/1111/model.pt
INFO - 11/18/25 12:00:18 - 0:02:48 - step 600 | loss 0.0308 | step time 270.18ms
INFO - 11/18/25 12:00:45 - 0:03:15 - step 700 | loss 0.0312 | step time 270.23ms
INFO - 11/18/25 12:01:12 - 0:03:42 - step 800 | loss 0.0309 | step time 270.43ms
INFO - 11/18/25 12:01:39 - 0:04:09 - step 900 | loss 0.0320 | step time 270.43ms
INFO - 11/18/25 12:02:06 - 0:04:36 - step 1000 | loss 0.0309 | step time 270.52ms
INFO - 11/18/25 12:02:06 - 0:04:36 - step 1000 train loss: 0.03156130760908127 test loss: 0.3162938356399536
INFO - 11/18/25 12:02:33 - 0:05:03 - step 1100 | loss 0.0327 | step time 270.21ms
INFO - 11/18/25 12:03:00 - 0:05:30 - step 1200 | loss 0.0327 | step time 270.20ms
INFO - 11/18/25 12:03:27 - 0:05:57 - step 1300 | loss 0.0308 | step time 270.51ms
INFO - 11/18/25 12:03:54 - 0:06:24 - step 1400 | loss 0.0315 | step time 270.12ms
INFO - 11/18/25 12:04:21 - 0:06:51 - Memory allocated:  45.32MB, reserved: 3148.00MB
INFO - 11/18/25 12:04:21 - 0:06:51 - generating
INFO - 11/18/25 14:35:58 - 2:38:28 - distribution of sample lengths: average: 457.951 max: 476
INFO - 11/18/25 14:35:58 - 2:38:28 - printed 25000 samples
INFO - 11/18/25 14:35:58 - 2:38:28 - decoding
INFO - 11/18/25 14:35:58 - 2:38:28 - Decoding complete. Check the output in /home/yuebi/Project/dim19_run/dim19_run_2/1111/transformer-output-decoded.txt
INFO - 11/18/25 14:35:58 - 2:38:28 - Memory allocated:  45.32MB, reserved: 9964.00MB
INFO - 11/18/25 14:35:58 - 2:38:28 - ============ End of generation 5 ============
INFO - 11/18/25 14:35:58 - 2:38:28 - launching search.jl
INFO - 11/18/25 14:35:58 - 2:38:28 - JULIA_NUM_THREADS is set to 1
INFO - 11/18/25 14:41:45 - 2:44:15 - distribution of scores(all rounds)
INFO - 11/18/25 14:41:45 - 2:44:15 - Score:19531250.0, Count:5
                                     
INFO - 11/18/25 14:41:45 - 2:44:15 - Score:12709375.0, Count:5
                                     
INFO - 11/18/25 14:41:45 - 2:44:15 - Score:12396875.0, Count:2
                                     
INFO - 11/18/25 14:41:45 - 2:44:15 - Score:10541395.0, Count:5
                                     
INFO - 11/18/25 14:41:45 - 2:44:15 - Score:10326125.0, Count:5
                                     
INFO - 11/18/25 14:41:45 - 2:44:15 - Score:10317155.0, Count:5
                                     
INFO - 11/18/25 14:41:45 - 2:44:15 - Score:10184000.0, Count:3
                                     
INFO - 11/18/25 14:41:45 - 2:44:15 - Score:10181550.0, Count:4
                                     
INFO - 11/18/25 14:41:45 - 2:44:15 - Score:10112700.0, Count:2
                                     
INFO - 11/18/25 14:41:45 - 2:44:15 - Score:10093140.0, Count:5
                                     
INFO - 11/18/25 14:41:45 - 2:44:15 - Score:10064646.0, Count:5
                                     
INFO - 11/18/25 14:41:45 - 2:44:15 - Score:10055428.0, Count:5
                                     
INFO - 11/18/25 14:41:45 - 2:44:15 - Score:10050720.0, Count:2
                                     
INFO - 11/18/25 14:41:45 - 2:44:15 - Score:10045350.0, Count:5
                                     
INFO - 11/18/25 14:41:45 - 2:44:15 - Score:10042930.0, Count:5
                                     
INFO - 11/18/25 14:41:45 - 2:44:15 - Score:10032720.0, Count:4
                                     
INFO - 11/18/25 14:41:45 - 2:44:15 - Score:10024927.0, Count:4
                                     
INFO - 11/18/25 14:41:45 - 2:44:15 - Score:9990134.0, Count:5
                                     
INFO - 11/18/25 14:41:45 - 2:44:15 - Score:9978428.0, Count:5
                                     
INFO - 11/18/25 14:41:45 - 2:44:15 - Score:9975664.0, Count:2
                                     
INFO - 11/18/25 14:41:45 - 2:44:15 - Score:9974805.0, Count:3
                                     
INFO - 11/18/25 14:41:45 - 2:44:15 - Score:9964291.0, Count:2
                                     
INFO - 11/18/25 14:41:45 - 2:44:15 - Score:9902450.0, Count:5
                                     
INFO - 11/18/25 14:41:45 - 2:44:15 - Score:9891012.0, Count:2
                                     
INFO - 11/18/25 14:41:45 - 2:44:15 - Score:9883895.0, Count:2
                                     
INFO - 11/18/25 14:41:45 - 2:44:15 - Score:9880848.0, Count:3
                                     
INFO - 11/18/25 14:41:45 - 2:44:15 - tokenizing
INFO - 11/18/25 14:41:45 - 2:44:15 - Loading tokenizer from /home/yuebi/Project/dim19_run/dim19_run_2/1111/tokenizer_data/tokenizer.json...
INFO - 11/18/25 14:41:45 - 2:44:15 - 0 / 100
INFO - 11/18/25 14:41:45 - 2:44:15 - number of examples in the dataset: 100
INFO - 11/18/25 14:41:45 - 2:44:15 - max word length: 150
INFO - 11/18/25 14:41:45 - 2:44:15 - number of unique characters in the vocabulary: 15
INFO - 11/18/25 14:41:45 - 2:44:15 - vocabulary:
INFO - 11/18/25 14:41:45 - 2:44:15 - ['V0', 'V1', 'V2', 'V3', 'V4', 'V5', 'V6', 'V7', 'V8', 'V9', 'V10', 'V11', 'V12', 'V13', 'V14']
INFO - 11/18/25 14:41:45 - 2:44:15 - split up the dataset into 90 training examples and 10 test examples
INFO - 11/18/25 14:41:45 - 2:44:15 - ============ Start of generation 6 ============
INFO - 11/18/25 14:41:45 - 2:44:15 - Memory allocated:  45.32MB, reserved: 9964.00MB
INFO - 11/18/25 14:41:45 - 2:44:15 - training
INFO - 11/18/25 14:41:46 - 2:44:16 - step 0 | loss 0.0410 | step time 277.74ms
INFO - 11/18/25 14:42:13 - 2:44:43 - step 100 | loss 0.0322 | step time 270.62ms
INFO - 11/18/25 14:42:40 - 2:45:10 - step 200 | loss 0.0322 | step time 270.61ms
INFO - 11/18/25 14:43:07 - 2:45:37 - step 300 | loss 0.0316 | step time 270.66ms
INFO - 11/18/25 14:43:34 - 2:46:04 - step 400 | loss 0.0324 | step time 270.50ms
INFO - 11/18/25 14:44:01 - 2:46:31 - step 500 | loss 0.0395 | step time 270.49ms
INFO - 11/18/25 14:44:01 - 2:46:31 - step 500 train loss: 0.03704993799328804 test loss: 0.17439478635787964
INFO - 11/18/25 14:44:01 - 2:46:31 - test loss 0.17439478635787964 is the best so far, saving model to /home/yuebi/Project/dim19_run/dim19_run_2/1111/model.pt
INFO - 11/18/25 14:44:28 - 2:46:58 - step 600 | loss 0.0312 | step time 270.56ms
INFO - 11/18/25 14:44:55 - 2:47:25 - step 700 | loss 0.0311 | step time 270.56ms
INFO - 11/18/25 14:45:22 - 2:47:52 - step 800 | loss 0.0313 | step time 270.39ms
INFO - 11/18/25 14:45:49 - 2:48:19 - step 900 | loss 0.0320 | step time 270.88ms
INFO - 11/18/25 14:46:16 - 2:48:46 - step 1000 | loss 0.0312 | step time 270.56ms
INFO - 11/18/25 14:46:17 - 2:48:47 - step 1000 train loss: 0.031540147960186005 test loss: 0.1731397658586502
INFO - 11/18/25 14:46:17 - 2:48:47 - test loss 0.1731397658586502 is the best so far, saving model to /home/yuebi/Project/dim19_run/dim19_run_2/1111/model.pt
INFO - 11/18/25 14:46:44 - 2:49:14 - step 1100 | loss 0.0318 | step time 270.38ms
INFO - 11/18/25 14:47:11 - 2:49:41 - step 1200 | loss 0.0318 | step time 270.45ms
INFO - 11/18/25 14:47:38 - 2:50:08 - step 1300 | loss 0.0311 | step time 270.40ms
INFO - 11/18/25 14:48:05 - 2:50:35 - step 1400 | loss 0.0309 | step time 270.62ms
INFO - 11/18/25 14:48:32 - 2:51:02 - Memory allocated:  45.32MB, reserved: 9964.00MB
INFO - 11/18/25 14:48:32 - 2:51:02 - generating
INFO - 11/18/25 14:57:34 - 0:00:00 - ============ Initialized logger ============
INFO - 11/18/25 14:57:34 - 0:00:00 - batch_size: 32
                                     command: python fc_loop.py --exp_name=dim19_run_2 --dump_path=/home/yuebi/Project/dim19_run --num_initial_empty_objects=800 --final_database_size=100 --target_db_size=100 --nb_local_searches=800 --max_epochs=20 --type=transformer --max-output-length=330 --sample-only=25000 --max-steps=1500 --n_tokens=15 --n-layer=8 --n-embd=128 --n-embd2=128 --exp_id=1111 --exp_id "1111"
                                     cpu: False
                                     debug: False
                                     debug_slurm: False
                                     dump_path: /home/yuebi/Project/dim19_run/dim19_run_2/1111
                                     exp_id: 1111
                                     exp_name: dim19_run_2
                                     final_database_size: 100
                                     gen_batch_size: 1000
                                     global_rank: 0
                                     is_master: True
                                     is_slurm_job: True
                                     learning_rate: 0.0005
                                     local_rank: 0
                                     master_addr: gpu-6
                                     master_port: -1
                                     max_epochs: 20
                                     max_output_length: 330
                                     max_steps: 1500
                                     multi_gpu: False
                                     multi_node: False
                                     n_embd: 128
                                     n_embd2: 128
                                     n_gpu_per_node: 1
                                     n_head: 8
                                     n_layer: 8
                                     n_nodes: 1
                                     n_tokens: 15
                                     nb_local_searches: 800
                                     nb_threads: 1
                                     node_id: 0
                                     num_initial_empty_objects: 800
                                     num_workers: 8
                                     sample_only: 25000
                                     seed: -1
                                     target_db_size: 100
                                     temperature: 1.0
                                     top_k: -1
                                     type: transformer
                                     weight_decay: 0.01
                                     world_size: 1
INFO - 11/18/25 14:57:34 - 0:00:00 - The experiment will be stored in /home/yuebi/Project/dim19_run/dim19_run_2/1111
                                     
INFO - 11/18/25 14:57:34 - 0:00:00 - Running command: python fc_loop.py --exp_name=dim19_run_2 --dump_path=/home/yuebi/Project/dim19_run --num_initial_empty_objects=800 --final_database_size=100 --target_db_size=100 --nb_local_searches=800 --max_epochs=20 --type=transformer --max-output-length=330 --sample-only=25000 --max-steps=1500 --n_tokens=15 --n-layer=8 --n-embd=128 --n-embd2=128 --exp_id=1111

WARNING - 11/18/25 14:57:34 - 0:00:00 - Signal handler installed.
INFO - 11/18/25 14:57:34 - 0:00:00 - seed: 170487153
INFO - 11/18/25 14:57:34 - 0:00:00 - initializing at generation: 6
INFO - 11/18/25 14:57:34 - 0:00:00 - number of examples in the dataset: 100
INFO - 11/18/25 14:57:34 - 0:00:00 - max word length: 150
INFO - 11/18/25 14:57:34 - 0:00:00 - number of unique characters in the vocabulary: 15
INFO - 11/18/25 14:57:34 - 0:00:00 - vocabulary:
INFO - 11/18/25 14:57:34 - 0:00:00 - ['V0', 'V1', 'V2', 'V3', 'V4', 'V5', 'V6', 'V7', 'V8', 'V9', 'V10', 'V11', 'V12', 'V13', 'V14']
INFO - 11/18/25 14:57:34 - 0:00:00 - split up the dataset into 90 training examples and 10 test examples
INFO - 11/18/25 14:57:34 - 0:00:00 - dataset determined that: vocab_size=16, block_size=331
INFO - 11/18/25 14:57:34 - 0:00:00 - model #params: 1632896
INFO - 11/18/25 14:57:34 - 0:00:00 - resuming from existing model
INFO - 11/18/25 14:57:34 - 0:00:00 - ============ Start of generation 6 ============
INFO - 11/18/25 14:57:34 - 0:00:00 - Memory allocated:  9.57MB, reserved: 20.00MB
INFO - 11/18/25 14:57:34 - 0:00:00 - training
INFO - 11/18/25 14:57:39 - 0:00:05 - step 0 | loss 0.0314 | step time 603.63ms
INFO - 11/18/25 14:58:06 - 0:00:32 - step 100 | loss 0.0310 | step time 270.29ms
INFO - 11/18/25 14:58:33 - 0:00:59 - step 200 | loss 0.0305 | step time 270.07ms
INFO - 11/18/25 14:59:00 - 0:01:26 - step 300 | loss 0.0308 | step time 269.84ms
INFO - 11/18/25 14:59:27 - 0:01:53 - step 400 | loss 0.0323 | step time 269.65ms
INFO - 11/18/25 14:59:54 - 0:02:20 - step 500 | loss 0.0313 | step time 269.98ms
INFO - 11/18/25 14:59:55 - 0:02:21 - step 500 train loss: 0.031373053789138794 test loss: 0.28307753801345825
INFO - 11/18/25 14:59:55 - 0:02:21 - test loss 0.28307753801345825 is the best so far, saving model to /home/yuebi/Project/dim19_run/dim19_run_2/1111/model.pt
INFO - 11/18/25 15:00:22 - 0:02:48 - step 600 | loss 0.0325 | step time 269.91ms
INFO - 11/18/25 15:00:49 - 0:03:15 - step 700 | loss 0.0316 | step time 269.85ms
INFO - 11/18/25 15:01:16 - 0:03:42 - step 800 | loss 0.0319 | step time 269.86ms
INFO - 11/18/25 15:01:43 - 0:04:09 - step 900 | loss 0.0327 | step time 270.15ms
INFO - 11/18/25 15:02:10 - 0:04:36 - step 1000 | loss 0.0541 | step time 270.18ms
INFO - 11/18/25 15:02:10 - 0:04:36 - step 1000 train loss: 0.050042085349559784 test loss: 0.4912559688091278
INFO - 11/18/25 15:02:37 - 0:05:03 - step 1100 | loss 0.0314 | step time 269.88ms
INFO - 11/18/25 15:03:04 - 0:05:30 - step 1200 | loss 0.0314 | step time 269.97ms
INFO - 11/18/25 15:03:31 - 0:05:57 - step 1300 | loss 0.0321 | step time 269.83ms
INFO - 11/18/25 15:03:58 - 0:06:24 - step 1400 | loss 0.0314 | step time 270.11ms
INFO - 11/18/25 15:04:25 - 0:06:51 - Memory allocated:  45.32MB, reserved: 3148.00MB
INFO - 11/18/25 15:04:25 - 0:06:51 - generating
INFO - 11/18/25 17:36:01 - 2:38:27 - distribution of sample lengths: average: 458.99704 max: 475
INFO - 11/18/25 17:36:01 - 2:38:27 - printed 25000 samples
INFO - 11/18/25 17:36:01 - 2:38:27 - decoding
INFO - 11/18/25 17:36:02 - 2:38:28 - Decoding complete. Check the output in /home/yuebi/Project/dim19_run/dim19_run_2/1111/transformer-output-decoded.txt
INFO - 11/18/25 17:36:02 - 2:38:28 - Memory allocated:  45.32MB, reserved: 9964.00MB
INFO - 11/18/25 17:36:02 - 2:38:28 - ============ End of generation 6 ============
INFO - 11/18/25 17:36:02 - 2:38:28 - launching search.jl
INFO - 11/18/25 17:36:02 - 2:38:28 - JULIA_NUM_THREADS is set to 1
INFO - 11/18/25 17:41:53 - 2:44:19 - distribution of scores(all rounds)
INFO - 11/18/25 17:41:53 - 2:44:19 - Score:19531250.0, Count:6
                                     
INFO - 11/18/25 17:41:53 - 2:44:19 - Score:12709375.0, Count:6
                                     
INFO - 11/18/25 17:41:53 - 2:44:19 - Score:12396875.0, Count:3
                                     
INFO - 11/18/25 17:41:53 - 2:44:19 - Score:10541395.0, Count:6
                                     
INFO - 11/18/25 17:41:53 - 2:44:19 - Score:10326125.0, Count:6
                                     
INFO - 11/18/25 17:41:53 - 2:44:19 - Score:10317155.0, Count:6
                                     
INFO - 11/18/25 17:41:53 - 2:44:19 - Score:10184000.0, Count:4
                                     
INFO - 11/18/25 17:41:53 - 2:44:19 - Score:10181550.0, Count:5
                                     
INFO - 11/18/25 17:41:53 - 2:44:19 - Score:10112700.0, Count:3
                                     
INFO - 11/18/25 17:41:53 - 2:44:19 - Score:10093140.0, Count:6
                                     
INFO - 11/18/25 17:41:53 - 2:44:19 - Score:10084380.0, Count:1
                                     
INFO - 11/18/25 17:41:53 - 2:44:19 - Score:10064646.0, Count:6
                                     
INFO - 11/18/25 17:41:53 - 2:44:19 - Score:10055428.0, Count:6
                                     
INFO - 11/18/25 17:41:53 - 2:44:19 - Score:10050720.0, Count:3
                                     
INFO - 11/18/25 17:41:53 - 2:44:19 - Score:10045350.0, Count:6
                                     
INFO - 11/18/25 17:41:53 - 2:44:19 - Score:10042930.0, Count:6
                                     
INFO - 11/18/25 17:41:53 - 2:44:19 - Score:10032720.0, Count:5
                                     
INFO - 11/18/25 17:41:53 - 2:44:19 - Score:10024927.0, Count:5
                                     
INFO - 11/18/25 17:41:53 - 2:44:19 - Score:9990134.0, Count:6
                                     
INFO - 11/18/25 17:41:53 - 2:44:19 - Score:9978428.0, Count:5
                                     
INFO - 11/18/25 17:41:53 - 2:44:19 - tokenizing
INFO - 11/18/25 17:41:53 - 2:44:19 - Loading tokenizer from /home/yuebi/Project/dim19_run/dim19_run_2/1111/tokenizer_data/tokenizer.json...
INFO - 11/18/25 17:41:53 - 2:44:19 - 0 / 100
INFO - 11/18/25 17:41:53 - 2:44:19 - number of examples in the dataset: 100
INFO - 11/18/25 17:41:53 - 2:44:19 - max word length: 150
INFO - 11/18/25 17:41:53 - 2:44:19 - number of unique characters in the vocabulary: 15
INFO - 11/18/25 17:41:53 - 2:44:19 - vocabulary:
INFO - 11/18/25 17:41:53 - 2:44:19 - ['V0', 'V1', 'V2', 'V3', 'V4', 'V5', 'V6', 'V7', 'V8', 'V9', 'V10', 'V11', 'V12', 'V13', 'V14']
INFO - 11/18/25 17:41:53 - 2:44:19 - split up the dataset into 90 training examples and 10 test examples
INFO - 11/18/25 17:41:53 - 2:44:19 - ============ Start of generation 7 ============
INFO - 11/18/25 17:41:53 - 2:44:19 - Memory allocated:  45.32MB, reserved: 9964.00MB
INFO - 11/18/25 17:41:53 - 2:44:19 - training
INFO - 11/18/25 17:41:53 - 2:44:19 - step 0 | loss 0.0474 | step time 285.57ms
INFO - 11/18/25 17:42:20 - 2:44:46 - step 100 | loss 0.0317 | step time 270.41ms
INFO - 11/18/25 17:42:47 - 2:45:13 - step 200 | loss 0.0306 | step time 270.58ms
INFO - 11/18/25 17:43:14 - 2:45:40 - step 300 | loss 0.0309 | step time 270.44ms
INFO - 11/18/25 17:43:41 - 2:46:07 - step 400 | loss 0.0315 | step time 270.34ms
INFO - 11/18/25 17:44:08 - 2:46:34 - step 500 | loss 0.0309 | step time 270.57ms
INFO - 11/18/25 17:44:09 - 2:46:35 - step 500 train loss: 0.03122556023299694 test loss: 0.6793180108070374
INFO - 11/18/25 17:44:09 - 2:46:35 - test loss 0.6793180108070374 is the best so far, saving model to /home/yuebi/Project/dim19_run/dim19_run_2/1111/model.pt
INFO - 11/18/25 17:44:36 - 2:47:02 - step 600 | loss 0.0522 | step time 270.69ms
INFO - 11/18/25 17:45:03 - 2:47:29 - step 700 | loss 0.0316 | step time 270.56ms
INFO - 11/18/25 17:45:30 - 2:47:56 - step 800 | loss 0.0308 | step time 270.59ms
INFO - 11/18/25 17:45:57 - 2:48:23 - step 900 | loss 0.0319 | step time 270.73ms
INFO - 11/18/25 17:46:24 - 2:48:50 - step 1000 | loss 0.0312 | step time 270.48ms
INFO - 11/18/25 17:46:24 - 2:48:50 - step 1000 train loss: 0.031222306191921234 test loss: 0.7473230361938477
INFO - 11/18/25 17:46:51 - 2:49:17 - step 1100 | loss 0.0316 | step time 270.36ms
INFO - 11/18/25 17:47:18 - 2:49:44 - step 1200 | loss 0.0613 | step time 270.40ms
INFO - 11/18/25 17:47:45 - 2:50:11 - step 1300 | loss 0.0320 | step time 270.40ms
INFO - 11/18/25 17:48:12 - 2:50:38 - step 1400 | loss 0.0314 | step time 270.43ms
INFO - 11/18/25 17:48:39 - 2:51:05 - Memory allocated:  45.32MB, reserved: 9964.00MB
INFO - 11/18/25 17:48:39 - 2:51:05 - generating
INFO - 11/18/25 17:57:36 - 0:00:00 - ============ Initialized logger ============
INFO - 11/18/25 17:57:36 - 0:00:00 - batch_size: 32
                                     command: python fc_loop.py --exp_name=dim19_run_2 --dump_path=/home/yuebi/Project/dim19_run --num_initial_empty_objects=800 --final_database_size=100 --target_db_size=100 --nb_local_searches=800 --max_epochs=20 --type=transformer --max-output-length=330 --sample-only=25000 --max-steps=1500 --n_tokens=15 --n-layer=8 --n-embd=128 --n-embd2=128 --exp_id=1111 --exp_id "1111"
                                     cpu: False
                                     debug: False
                                     debug_slurm: False
                                     dump_path: /home/yuebi/Project/dim19_run/dim19_run_2/1111
                                     exp_id: 1111
                                     exp_name: dim19_run_2
                                     final_database_size: 100
                                     gen_batch_size: 1000
                                     global_rank: 0
                                     is_master: True
                                     is_slurm_job: True
                                     learning_rate: 0.0005
                                     local_rank: 0
                                     master_addr: gpu-6
                                     master_port: -1
                                     max_epochs: 20
                                     max_output_length: 330
                                     max_steps: 1500
                                     multi_gpu: False
                                     multi_node: False
                                     n_embd: 128
                                     n_embd2: 128
                                     n_gpu_per_node: 1
                                     n_head: 8
                                     n_layer: 8
                                     n_nodes: 1
                                     n_tokens: 15
                                     nb_local_searches: 800
                                     nb_threads: 1
                                     node_id: 0
                                     num_initial_empty_objects: 800
                                     num_workers: 8
                                     sample_only: 25000
                                     seed: -1
                                     target_db_size: 100
                                     temperature: 1.0
                                     top_k: -1
                                     type: transformer
                                     weight_decay: 0.01
                                     world_size: 1
INFO - 11/18/25 17:57:36 - 0:00:00 - The experiment will be stored in /home/yuebi/Project/dim19_run/dim19_run_2/1111
                                     
INFO - 11/18/25 17:57:36 - 0:00:00 - Running command: python fc_loop.py --exp_name=dim19_run_2 --dump_path=/home/yuebi/Project/dim19_run --num_initial_empty_objects=800 --final_database_size=100 --target_db_size=100 --nb_local_searches=800 --max_epochs=20 --type=transformer --max-output-length=330 --sample-only=25000 --max-steps=1500 --n_tokens=15 --n-layer=8 --n-embd=128 --n-embd2=128 --exp_id=1111

WARNING - 11/18/25 17:57:36 - 0:00:00 - Signal handler installed.
INFO - 11/18/25 17:57:36 - 0:00:00 - seed: 88527821
INFO - 11/18/25 17:57:36 - 0:00:00 - initializing at generation: 7
INFO - 11/18/25 17:57:36 - 0:00:00 - number of examples in the dataset: 100
INFO - 11/18/25 17:57:36 - 0:00:00 - max word length: 150
INFO - 11/18/25 17:57:36 - 0:00:00 - number of unique characters in the vocabulary: 15
INFO - 11/18/25 17:57:36 - 0:00:00 - vocabulary:
INFO - 11/18/25 17:57:36 - 0:00:00 - ['V0', 'V1', 'V2', 'V3', 'V4', 'V5', 'V6', 'V7', 'V8', 'V9', 'V10', 'V11', 'V12', 'V13', 'V14']
INFO - 11/18/25 17:57:36 - 0:00:00 - split up the dataset into 90 training examples and 10 test examples
INFO - 11/18/25 17:57:36 - 0:00:00 - dataset determined that: vocab_size=16, block_size=331
INFO - 11/18/25 17:57:36 - 0:00:00 - model #params: 1632896
INFO - 11/18/25 17:57:36 - 0:00:00 - resuming from existing model
INFO - 11/18/25 17:57:36 - 0:00:00 - ============ Start of generation 7 ============
INFO - 11/18/25 17:57:36 - 0:00:00 - Memory allocated:  9.57MB, reserved: 20.00MB
INFO - 11/18/25 17:57:36 - 0:00:00 - training
INFO - 11/18/25 17:57:41 - 0:00:05 - step 0 | loss 0.2052 | step time 590.60ms
INFO - 11/18/25 17:58:08 - 0:00:32 - step 100 | loss 0.0318 | step time 270.36ms
INFO - 11/18/25 17:58:35 - 0:00:59 - step 200 | loss 0.0310 | step time 270.16ms
INFO - 11/18/25 17:59:02 - 0:01:26 - step 300 | loss 0.0317 | step time 270.36ms
INFO - 11/18/25 17:59:29 - 0:01:53 - step 400 | loss 0.0304 | step time 270.33ms
INFO - 11/18/25 17:59:56 - 0:02:20 - step 500 | loss 0.0317 | step time 270.23ms
INFO - 11/18/25 17:59:56 - 0:02:20 - step 500 train loss: 0.03165091201663017 test loss: 0.07733389735221863
INFO - 11/18/25 17:59:56 - 0:02:20 - test loss 0.07733389735221863 is the best so far, saving model to /home/yuebi/Project/dim19_run/dim19_run_2/1111/model.pt
INFO - 11/18/25 18:00:23 - 0:02:47 - step 600 | loss 0.0331 | step time 270.32ms
INFO - 11/18/25 18:00:50 - 0:03:14 - step 700 | loss 0.0309 | step time 270.44ms
INFO - 11/18/25 18:01:18 - 0:03:41 - step 800 | loss 0.0320 | step time 270.46ms
INFO - 11/18/25 18:01:45 - 0:04:09 - step 900 | loss 0.0307 | step time 270.35ms
INFO - 11/18/25 18:02:12 - 0:04:36 - step 1000 | loss 0.0325 | step time 270.36ms
INFO - 11/18/25 18:02:12 - 0:04:36 - step 1000 train loss: 0.03150849789381027 test loss: 0.1542988419532776
INFO - 11/18/25 18:02:39 - 0:05:03 - step 1100 | loss 0.0310 | step time 270.08ms
INFO - 11/18/25 18:03:06 - 0:05:30 - step 1200 | loss 0.0594 | step time 270.23ms
INFO - 11/18/25 18:03:33 - 0:05:57 - step 1300 | loss 0.0311 | step time 270.28ms
INFO - 11/18/25 18:04:00 - 0:06:24 - step 1400 | loss 0.0313 | step time 270.19ms
INFO - 11/18/25 18:04:27 - 0:06:51 - Memory allocated:  45.32MB, reserved: 3148.00MB
INFO - 11/18/25 18:04:27 - 0:06:51 - generating
INFO - 11/18/25 20:36:04 - 2:38:28 - distribution of sample lengths: average: 458.60684 max: 1040
INFO - 11/18/25 20:36:04 - 2:38:28 - printed 25000 samples
INFO - 11/18/25 20:36:04 - 2:38:28 - decoding
INFO - 11/18/25 20:36:04 - 2:38:28 - Decoding complete. Check the output in /home/yuebi/Project/dim19_run/dim19_run_2/1111/transformer-output-decoded.txt
INFO - 11/18/25 20:36:04 - 2:38:28 - Memory allocated:  45.32MB, reserved: 9964.00MB
INFO - 11/18/25 20:36:04 - 2:38:28 - ============ End of generation 7 ============
INFO - 11/18/25 20:36:04 - 2:38:28 - launching search.jl
INFO - 11/18/25 20:36:04 - 2:38:28 - JULIA_NUM_THREADS is set to 1
INFO - 11/18/25 20:41:56 - 2:44:20 - distribution of scores(all rounds)
INFO - 11/18/25 20:41:56 - 2:44:20 - Score:19531250.0, Count:7
                                     
INFO - 11/18/25 20:41:56 - 2:44:20 - Score:12709375.0, Count:7
                                     
INFO - 11/18/25 20:41:56 - 2:44:20 - Score:12396875.0, Count:4
                                     
INFO - 11/18/25 20:41:56 - 2:44:20 - Score:10541395.0, Count:7
                                     
INFO - 11/18/25 20:41:56 - 2:44:20 - Score:10326125.0, Count:7
                                     
INFO - 11/18/25 20:41:56 - 2:44:20 - Score:10317155.0, Count:7
                                     
INFO - 11/18/25 20:41:56 - 2:44:20 - Score:10184000.0, Count:5
                                     
INFO - 11/18/25 20:41:56 - 2:44:20 - Score:10181550.0, Count:6
                                     
INFO - 11/18/25 20:41:56 - 2:44:20 - Score:10112700.0, Count:4
                                     
INFO - 11/18/25 20:41:56 - 2:44:20 - Score:10093140.0, Count:7
                                     
INFO - 11/18/25 20:41:56 - 2:44:20 - Score:10084380.0, Count:2
                                     
INFO - 11/18/25 20:41:56 - 2:44:20 - Score:10064646.0, Count:7
                                     
INFO - 11/18/25 20:41:56 - 2:44:20 - Score:10055428.0, Count:7
                                     
INFO - 11/18/25 20:41:56 - 2:44:20 - Score:10050720.0, Count:4
                                     
INFO - 11/18/25 20:41:56 - 2:44:20 - Score:10045350.0, Count:7
                                     
INFO - 11/18/25 20:41:56 - 2:44:20 - Score:10042930.0, Count:7
                                     
INFO - 11/18/25 20:41:56 - 2:44:20 - Score:10032720.0, Count:5
                                     
INFO - 11/18/25 20:41:56 - 2:44:20 - tokenizing
INFO - 11/18/25 20:41:56 - 2:44:20 - Loading tokenizer from /home/yuebi/Project/dim19_run/dim19_run_2/1111/tokenizer_data/tokenizer.json...
INFO - 11/18/25 20:41:56 - 2:44:20 - 0 / 100
INFO - 11/18/25 20:41:56 - 2:44:20 - number of examples in the dataset: 100
INFO - 11/18/25 20:41:56 - 2:44:20 - max word length: 150
INFO - 11/18/25 20:41:56 - 2:44:20 - number of unique characters in the vocabulary: 15
INFO - 11/18/25 20:41:56 - 2:44:20 - vocabulary:
INFO - 11/18/25 20:41:56 - 2:44:20 - ['V0', 'V1', 'V2', 'V3', 'V4', 'V5', 'V6', 'V7', 'V8', 'V9', 'V10', 'V11', 'V12', 'V13', 'V14']
INFO - 11/18/25 20:41:56 - 2:44:20 - split up the dataset into 90 training examples and 10 test examples
INFO - 11/18/25 20:41:56 - 2:44:20 - ============ Start of generation 8 ============
INFO - 11/18/25 20:41:56 - 2:44:20 - Memory allocated:  45.32MB, reserved: 9964.00MB
INFO - 11/18/25 20:41:56 - 2:44:20 - training
INFO - 11/18/25 20:41:57 - 2:44:21 - step 0 | loss 0.1895 | step time 277.85ms
INFO - 11/18/25 20:42:24 - 2:44:48 - step 100 | loss 0.0312 | step time 270.62ms
INFO - 11/18/25 20:42:51 - 2:45:15 - step 200 | loss 0.0310 | step time 270.77ms
INFO - 11/18/25 20:43:18 - 2:45:42 - step 300 | loss 0.0309 | step time 271.32ms
INFO - 11/18/25 20:43:45 - 2:46:09 - step 400 | loss 0.0343 | step time 270.45ms
INFO - 11/18/25 20:44:12 - 2:46:36 - step 500 | loss 0.0314 | step time 269.97ms
INFO - 11/18/25 20:44:12 - 2:46:36 - step 500 train loss: 0.031262099742889404 test loss: 1.0086359977722168
INFO - 11/18/25 20:44:12 - 2:46:36 - test loss 1.0086359977722168 is the best so far, saving model to /home/yuebi/Project/dim19_run/dim19_run_2/1111/model.pt
INFO - 11/18/25 20:44:39 - 2:47:03 - step 600 | loss 0.0311 | step time 270.38ms
INFO - 11/18/25 20:45:06 - 2:47:30 - step 700 | loss 0.0315 | step time 270.07ms
INFO - 11/18/25 20:45:33 - 2:47:57 - step 800 | loss 0.0314 | step time 270.46ms
INFO - 11/18/25 20:46:00 - 2:48:24 - step 900 | loss 0.0308 | step time 270.16ms
INFO - 11/18/25 20:46:27 - 2:48:51 - step 1000 | loss 0.0339 | step time 270.09ms
INFO - 11/18/25 20:46:28 - 2:48:52 - step 1000 train loss: 0.03284577280282974 test loss: 1.0776594877243042
INFO - 11/18/25 20:46:55 - 2:49:19 - step 1100 | loss 0.0316 | step time 269.88ms
INFO - 11/18/25 20:47:22 - 2:49:46 - step 1200 | loss 0.0304 | step time 269.87ms
INFO - 11/18/25 20:47:49 - 2:50:13 - step 1300 | loss 0.0324 | step time 269.74ms
INFO - 11/18/25 20:48:16 - 2:50:40 - step 1400 | loss 0.0313 | step time 270.04ms
INFO - 11/18/25 20:48:43 - 2:51:07 - Memory allocated:  45.32MB, reserved: 9964.00MB
INFO - 11/18/25 20:48:43 - 2:51:07 - generating
INFO - 11/18/25 20:57:43 - 0:00:00 - ============ Initialized logger ============
INFO - 11/18/25 20:57:43 - 0:00:00 - batch_size: 32
                                     command: python fc_loop.py --exp_name=dim19_run_2 --dump_path=/home/yuebi/Project/dim19_run --num_initial_empty_objects=800 --final_database_size=100 --target_db_size=100 --nb_local_searches=800 --max_epochs=20 --type=transformer --max-output-length=330 --sample-only=25000 --max-steps=1500 --n_tokens=15 --n-layer=8 --n-embd=128 --n-embd2=128 --exp_id=1111 --exp_id "1111"
                                     cpu: False
                                     debug: False
                                     debug_slurm: False
                                     dump_path: /home/yuebi/Project/dim19_run/dim19_run_2/1111
                                     exp_id: 1111
                                     exp_name: dim19_run_2
                                     final_database_size: 100
                                     gen_batch_size: 1000
                                     global_rank: 0
                                     is_master: True
                                     is_slurm_job: True
                                     learning_rate: 0.0005
                                     local_rank: 0
                                     master_addr: gpu-6
                                     master_port: -1
                                     max_epochs: 20
                                     max_output_length: 330
                                     max_steps: 1500
                                     multi_gpu: False
                                     multi_node: False
                                     n_embd: 128
                                     n_embd2: 128
                                     n_gpu_per_node: 1
                                     n_head: 8
                                     n_layer: 8
                                     n_nodes: 1
                                     n_tokens: 15
                                     nb_local_searches: 800
                                     nb_threads: 1
                                     node_id: 0
                                     num_initial_empty_objects: 800
                                     num_workers: 8
                                     sample_only: 25000
                                     seed: -1
                                     target_db_size: 100
                                     temperature: 1.0
                                     top_k: -1
                                     type: transformer
                                     weight_decay: 0.01
                                     world_size: 1
INFO - 11/18/25 20:57:43 - 0:00:00 - The experiment will be stored in /home/yuebi/Project/dim19_run/dim19_run_2/1111
                                     
INFO - 11/18/25 20:57:43 - 0:00:00 - Running command: python fc_loop.py --exp_name=dim19_run_2 --dump_path=/home/yuebi/Project/dim19_run --num_initial_empty_objects=800 --final_database_size=100 --target_db_size=100 --nb_local_searches=800 --max_epochs=20 --type=transformer --max-output-length=330 --sample-only=25000 --max-steps=1500 --n_tokens=15 --n-layer=8 --n-embd=128 --n-embd2=128 --exp_id=1111

WARNING - 11/18/25 20:57:43 - 0:00:00 - Signal handler installed.
INFO - 11/18/25 20:57:43 - 0:00:00 - seed: 295833288
INFO - 11/18/25 20:57:43 - 0:00:00 - initializing at generation: 8
INFO - 11/18/25 20:57:43 - 0:00:00 - number of examples in the dataset: 100
INFO - 11/18/25 20:57:43 - 0:00:00 - max word length: 150
INFO - 11/18/25 20:57:43 - 0:00:00 - number of unique characters in the vocabulary: 15
INFO - 11/18/25 20:57:43 - 0:00:00 - vocabulary:
INFO - 11/18/25 20:57:43 - 0:00:00 - ['V0', 'V1', 'V2', 'V3', 'V4', 'V5', 'V6', 'V7', 'V8', 'V9', 'V10', 'V11', 'V12', 'V13', 'V14']
INFO - 11/18/25 20:57:43 - 0:00:00 - split up the dataset into 90 training examples and 10 test examples
INFO - 11/18/25 20:57:43 - 0:00:00 - dataset determined that: vocab_size=16, block_size=331
INFO - 11/18/25 20:57:43 - 0:00:00 - model #params: 1632896
INFO - 11/18/25 20:57:43 - 0:00:00 - resuming from existing model
INFO - 11/18/25 20:57:43 - 0:00:00 - ============ Start of generation 8 ============
INFO - 11/18/25 20:57:43 - 0:00:00 - Memory allocated:  9.57MB, reserved: 20.00MB
INFO - 11/18/25 20:57:43 - 0:00:00 - training
INFO - 11/18/25 20:57:48 - 0:00:05 - step 0 | loss 0.3015 | step time 631.66ms
INFO - 11/18/25 20:58:15 - 0:00:32 - step 100 | loss 0.0310 | step time 270.14ms
INFO - 11/18/25 20:58:42 - 0:00:59 - step 200 | loss 0.0310 | step time 270.46ms
INFO - 11/18/25 20:59:09 - 0:01:26 - step 300 | loss 0.0313 | step time 270.27ms
INFO - 11/18/25 20:59:36 - 0:01:53 - step 400 | loss 0.0311 | step time 270.27ms
INFO - 11/18/25 21:00:03 - 0:02:20 - step 500 | loss 0.0434 | step time 270.20ms
INFO - 11/18/25 21:00:04 - 0:02:21 - step 500 train loss: 0.046612948179244995 test loss: 0.1360785961151123
INFO - 11/18/25 21:00:04 - 0:02:21 - test loss 0.1360785961151123 is the best so far, saving model to /home/yuebi/Project/dim19_run/dim19_run_2/1111/model.pt
INFO - 11/18/25 21:00:31 - 0:02:48 - step 600 | loss 0.0312 | step time 270.14ms
INFO - 11/18/25 21:00:58 - 0:03:15 - step 700 | loss 0.0307 | step time 270.14ms
INFO - 11/18/25 21:01:25 - 0:03:42 - step 800 | loss 0.0309 | step time 270.41ms
INFO - 11/18/25 21:01:52 - 0:04:09 - step 900 | loss 0.0316 | step time 270.48ms
INFO - 11/18/25 21:02:19 - 0:04:36 - step 1000 | loss 0.0315 | step time 270.57ms
INFO - 11/18/25 21:02:19 - 0:04:36 - step 1000 train loss: 0.0311539638787508 test loss: 0.18682628870010376
INFO - 11/18/25 21:02:46 - 0:05:03 - step 1100 | loss 0.0313 | step time 270.26ms
INFO - 11/18/25 21:03:13 - 0:05:30 - step 1200 | loss 0.0303 | step time 270.15ms
INFO - 11/18/25 21:03:40 - 0:05:57 - step 1300 | loss 0.0314 | step time 270.33ms
INFO - 11/18/25 21:04:07 - 0:06:24 - step 1400 | loss 0.0307 | step time 270.17ms
INFO - 11/18/25 21:04:34 - 0:06:51 - Memory allocated:  45.32MB, reserved: 3148.00MB
INFO - 11/18/25 21:04:34 - 0:06:51 - generating
INFO - 11/18/25 23:36:10 - 2:38:27 - distribution of sample lengths: average: 458.90412 max: 474
INFO - 11/18/25 23:36:10 - 2:38:27 - printed 25000 samples
INFO - 11/18/25 23:36:10 - 2:38:27 - decoding
INFO - 11/18/25 23:36:11 - 2:38:28 - Decoding complete. Check the output in /home/yuebi/Project/dim19_run/dim19_run_2/1111/transformer-output-decoded.txt
INFO - 11/18/25 23:36:11 - 2:38:28 - Memory allocated:  45.32MB, reserved: 9964.00MB
INFO - 11/18/25 23:36:11 - 2:38:28 - ============ End of generation 8 ============
INFO - 11/18/25 23:36:11 - 2:38:28 - launching search.jl
INFO - 11/18/25 23:36:11 - 2:38:28 - JULIA_NUM_THREADS is set to 1
INFO - 11/18/25 23:41:57 - 2:44:14 - distribution of scores(all rounds)
INFO - 11/18/25 23:41:57 - 2:44:14 - Score:19531250.0, Count:8
                                     
INFO - 11/18/25 23:41:57 - 2:44:14 - Score:12709375.0, Count:8
                                     
INFO - 11/18/25 23:41:57 - 2:44:14 - Score:12396875.0, Count:5
                                     
INFO - 11/18/25 23:41:57 - 2:44:14 - Score:10541395.0, Count:8
                                     
INFO - 11/18/25 23:41:57 - 2:44:14 - Score:10326125.0, Count:8
                                     
INFO - 11/18/25 23:41:57 - 2:44:14 - Score:10317155.0, Count:8
                                     
INFO - 11/18/25 23:41:57 - 2:44:14 - Score:10184000.0, Count:6
                                     
INFO - 11/18/25 23:41:57 - 2:44:14 - Score:10181550.0, Count:7
                                     
INFO - 11/18/25 23:41:57 - 2:44:14 - Score:10112700.0, Count:5
                                     
INFO - 11/18/25 23:41:57 - 2:44:14 - Score:10093140.0, Count:8
                                     
INFO - 11/18/25 23:41:57 - 2:44:14 - Score:10084380.0, Count:3
                                     
INFO - 11/18/25 23:41:57 - 2:44:14 - Score:10064646.0, Count:8
                                     
INFO - 11/18/25 23:41:57 - 2:44:14 - Score:10055428.0, Count:8
                                     
INFO - 11/18/25 23:41:57 - 2:44:14 - Score:10050720.0, Count:5
                                     
INFO - 11/18/25 23:41:57 - 2:44:14 - Score:10045350.0, Count:5
                                     
INFO - 11/18/25 23:41:57 - 2:44:14 - tokenizing
INFO - 11/18/25 23:41:57 - 2:44:14 - Loading tokenizer from /home/yuebi/Project/dim19_run/dim19_run_2/1111/tokenizer_data/tokenizer.json...
INFO - 11/18/25 23:41:57 - 2:44:14 - 0 / 100
INFO - 11/18/25 23:41:57 - 2:44:14 - number of examples in the dataset: 100
INFO - 11/18/25 23:41:57 - 2:44:14 - max word length: 150
INFO - 11/18/25 23:41:57 - 2:44:14 - number of unique characters in the vocabulary: 15
INFO - 11/18/25 23:41:57 - 2:44:14 - vocabulary:
INFO - 11/18/25 23:41:57 - 2:44:14 - ['V0', 'V1', 'V2', 'V3', 'V4', 'V5', 'V6', 'V7', 'V8', 'V9', 'V10', 'V11', 'V12', 'V13', 'V14']
INFO - 11/18/25 23:41:57 - 2:44:14 - split up the dataset into 90 training examples and 10 test examples
INFO - 11/18/25 23:41:57 - 2:44:14 - ============ Start of generation 9 ============
INFO - 11/18/25 23:41:57 - 2:44:14 - Memory allocated:  45.32MB, reserved: 9964.00MB
INFO - 11/18/25 23:41:57 - 2:44:14 - training
INFO - 11/18/25 23:41:57 - 2:44:14 - step 0 | loss 0.0537 | step time 277.68ms
INFO - 11/18/25 23:42:24 - 2:44:41 - step 100 | loss 0.0310 | step time 270.32ms
INFO - 11/18/25 23:42:51 - 2:45:08 - step 200 | loss 0.0312 | step time 270.57ms
INFO - 11/18/25 23:43:19 - 2:45:35 - step 300 | loss 0.0309 | step time 270.47ms
INFO - 11/18/25 23:43:46 - 2:46:03 - step 400 | loss 0.0317 | step time 270.67ms
INFO - 11/18/25 23:44:13 - 2:46:30 - step 500 | loss 0.0328 | step time 270.29ms
INFO - 11/18/25 23:44:13 - 2:46:30 - step 500 train loss: 0.031610190868377686 test loss: 0.18939505517482758
INFO - 11/18/25 23:44:13 - 2:46:30 - test loss 0.18939505517482758 is the best so far, saving model to /home/yuebi/Project/dim19_run/dim19_run_2/1111/model.pt
INFO - 11/18/25 23:44:40 - 2:46:57 - step 600 | loss 0.0367 | step time 270.18ms
INFO - 11/18/25 23:45:07 - 2:47:24 - step 700 | loss 0.0307 | step time 270.36ms
INFO - 11/18/25 23:45:34 - 2:47:51 - step 800 | loss 0.0312 | step time 270.27ms
INFO - 11/18/25 23:46:01 - 2:48:18 - step 900 | loss 0.0307 | step time 270.71ms
INFO - 11/18/25 23:46:28 - 2:48:45 - step 1000 | loss 0.0317 | step time 270.75ms
INFO - 11/18/25 23:46:28 - 2:48:45 - step 1000 train loss: 0.03121938556432724 test loss: 0.28366515040397644
INFO - 11/18/25 23:46:55 - 2:49:12 - step 1100 | loss 0.0321 | step time 270.55ms
INFO - 11/18/25 23:47:23 - 2:49:40 - step 1200 | loss 0.0313 | step time 270.79ms
INFO - 11/18/25 23:47:50 - 2:50:07 - step 1300 | loss 0.0357 | step time 270.74ms
INFO - 11/18/25 23:48:17 - 2:50:34 - step 1400 | loss 0.0306 | step time 270.79ms
INFO - 11/18/25 23:48:43 - 2:51:00 - Memory allocated:  45.32MB, reserved: 9964.00MB
INFO - 11/18/25 23:48:43 - 2:51:00 - generating
INFO - 11/18/25 23:57:48 - 0:00:00 - ============ Initialized logger ============
INFO - 11/18/25 23:57:48 - 0:00:00 - batch_size: 32
                                     command: python fc_loop.py --exp_name=dim19_run_2 --dump_path=/home/yuebi/Project/dim19_run --num_initial_empty_objects=800 --final_database_size=100 --target_db_size=100 --nb_local_searches=800 --max_epochs=20 --type=transformer --max-output-length=330 --sample-only=25000 --max-steps=1500 --n_tokens=15 --n-layer=8 --n-embd=128 --n-embd2=128 --exp_id=1111 --exp_id "1111"
                                     cpu: False
                                     debug: False
                                     debug_slurm: False
                                     dump_path: /home/yuebi/Project/dim19_run/dim19_run_2/1111
                                     exp_id: 1111
                                     exp_name: dim19_run_2
                                     final_database_size: 100
                                     gen_batch_size: 1000
                                     global_rank: 0
                                     is_master: True
                                     is_slurm_job: True
                                     learning_rate: 0.0005
                                     local_rank: 0
                                     master_addr: gpu-6
                                     master_port: -1
                                     max_epochs: 20
                                     max_output_length: 330
                                     max_steps: 1500
                                     multi_gpu: False
                                     multi_node: False
                                     n_embd: 128
                                     n_embd2: 128
                                     n_gpu_per_node: 1
                                     n_head: 8
                                     n_layer: 8
                                     n_nodes: 1
                                     n_tokens: 15
                                     nb_local_searches: 800
                                     nb_threads: 1
                                     node_id: 0
                                     num_initial_empty_objects: 800
                                     num_workers: 8
                                     sample_only: 25000
                                     seed: -1
                                     target_db_size: 100
                                     temperature: 1.0
                                     top_k: -1
                                     type: transformer
                                     weight_decay: 0.01
                                     world_size: 1
INFO - 11/18/25 23:57:48 - 0:00:00 - The experiment will be stored in /home/yuebi/Project/dim19_run/dim19_run_2/1111
                                     
INFO - 11/18/25 23:57:48 - 0:00:00 - Running command: python fc_loop.py --exp_name=dim19_run_2 --dump_path=/home/yuebi/Project/dim19_run --num_initial_empty_objects=800 --final_database_size=100 --target_db_size=100 --nb_local_searches=800 --max_epochs=20 --type=transformer --max-output-length=330 --sample-only=25000 --max-steps=1500 --n_tokens=15 --n-layer=8 --n-embd=128 --n-embd2=128 --exp_id=1111

WARNING - 11/18/25 23:57:48 - 0:00:00 - Signal handler installed.
INFO - 11/18/25 23:57:48 - 0:00:00 - seed: 972000626
INFO - 11/18/25 23:57:48 - 0:00:00 - initializing at generation: 9
INFO - 11/18/25 23:57:48 - 0:00:00 - number of examples in the dataset: 100
INFO - 11/18/25 23:57:48 - 0:00:00 - max word length: 150
INFO - 11/18/25 23:57:48 - 0:00:00 - number of unique characters in the vocabulary: 15
INFO - 11/18/25 23:57:48 - 0:00:00 - vocabulary:
INFO - 11/18/25 23:57:48 - 0:00:00 - ['V0', 'V1', 'V2', 'V3', 'V4', 'V5', 'V6', 'V7', 'V8', 'V9', 'V10', 'V11', 'V12', 'V13', 'V14']
INFO - 11/18/25 23:57:48 - 0:00:00 - split up the dataset into 90 training examples and 10 test examples
INFO - 11/18/25 23:57:48 - 0:00:00 - dataset determined that: vocab_size=16, block_size=331
INFO - 11/18/25 23:57:48 - 0:00:00 - model #params: 1632896
INFO - 11/18/25 23:57:48 - 0:00:00 - resuming from existing model
INFO - 11/18/25 23:57:48 - 0:00:00 - ============ Start of generation 9 ============
INFO - 11/18/25 23:57:48 - 0:00:00 - Memory allocated:  9.57MB, reserved: 20.00MB
INFO - 11/18/25 23:57:48 - 0:00:00 - training
INFO - 11/18/25 23:57:53 - 0:00:05 - step 0 | loss 0.0498 | step time 611.37ms
INFO - 11/18/25 23:58:20 - 0:00:32 - step 100 | loss 0.0314 | step time 270.05ms
INFO - 11/18/25 23:58:47 - 0:00:59 - step 200 | loss 0.0309 | step time 270.05ms
INFO - 11/18/25 23:59:14 - 0:01:26 - step 300 | loss 0.0313 | step time 269.83ms
INFO - 11/18/25 23:59:41 - 0:01:53 - step 400 | loss 0.0313 | step time 269.97ms
INFO - 11/19/25 00:00:08 - 0:02:20 - step 500 | loss 0.0330 | step time 270.10ms
INFO - 11/19/25 00:00:08 - 0:02:20 - step 500 train loss: 0.034078460186719894 test loss: 0.1414698213338852
INFO - 11/19/25 00:00:08 - 0:02:20 - test loss 0.1414698213338852 is the best so far, saving model to /home/yuebi/Project/dim19_run/dim19_run_2/1111/model.pt
INFO - 11/19/25 00:00:35 - 0:02:47 - step 600 | loss 0.0316 | step time 270.29ms
INFO - 11/19/25 00:01:02 - 0:03:14 - step 700 | loss 0.0317 | step time 270.31ms
INFO - 11/19/25 00:01:29 - 0:03:41 - step 800 | loss 0.0314 | step time 270.24ms
INFO - 11/19/25 00:01:56 - 0:04:08 - step 900 | loss 0.0313 | step time 270.11ms
INFO - 11/19/25 00:02:23 - 0:04:35 - step 1000 | loss 0.0312 | step time 270.24ms
INFO - 11/19/25 00:02:24 - 0:04:36 - step 1000 train loss: 0.03137541189789772 test loss: 0.12641751766204834
INFO - 11/19/25 00:02:24 - 0:04:36 - test loss 0.12641751766204834 is the best so far, saving model to /home/yuebi/Project/dim19_run/dim19_run_2/1111/model.pt
INFO - 11/19/25 00:02:51 - 0:05:03 - step 1100 | loss 0.0326 | step time 270.26ms
INFO - 11/19/25 00:03:18 - 0:05:30 - step 1200 | loss 0.0310 | step time 270.58ms
INFO - 11/19/25 00:03:45 - 0:05:57 - step 1300 | loss 0.0309 | step time 270.15ms
INFO - 11/19/25 00:04:12 - 0:06:24 - step 1400 | loss 0.0315 | step time 270.15ms
INFO - 11/19/25 00:04:39 - 0:06:51 - Memory allocated:  45.32MB, reserved: 3148.00MB
INFO - 11/19/25 00:04:39 - 0:06:51 - generating
INFO - 11/19/25 02:36:13 - 2:38:25 - distribution of sample lengths: average: 459.25648 max: 486
INFO - 11/19/25 02:36:13 - 2:38:25 - printed 25000 samples
INFO - 11/19/25 02:36:13 - 2:38:25 - decoding
INFO - 11/19/25 02:36:14 - 2:38:26 - Decoding complete. Check the output in /home/yuebi/Project/dim19_run/dim19_run_2/1111/transformer-output-decoded.txt
INFO - 11/19/25 02:36:14 - 2:38:26 - Memory allocated:  45.32MB, reserved: 9964.00MB
INFO - 11/19/25 02:36:14 - 2:38:26 - ============ End of generation 9 ============
INFO - 11/19/25 02:36:14 - 2:38:26 - launching search.jl
INFO - 11/19/25 02:36:14 - 2:38:26 - JULIA_NUM_THREADS is set to 1
INFO - 11/19/25 02:42:03 - 2:44:15 - distribution of scores(all rounds)
INFO - 11/19/25 02:42:03 - 2:44:15 - Score:19531250.0, Count:9
                                     
INFO - 11/19/25 02:42:03 - 2:44:15 - Score:12709375.0, Count:9
                                     
INFO - 11/19/25 02:42:03 - 2:44:15 - Score:12396875.0, Count:6
                                     
INFO - 11/19/25 02:42:03 - 2:44:15 - Score:10541395.0, Count:9
                                     
INFO - 11/19/25 02:42:03 - 2:44:15 - Score:10326125.0, Count:9
                                     
INFO - 11/19/25 02:42:03 - 2:44:15 - Score:10317155.0, Count:9
                                     
INFO - 11/19/25 02:42:03 - 2:44:15 - Score:10184000.0, Count:7
                                     
INFO - 11/19/25 02:42:03 - 2:44:15 - Score:10181550.0, Count:8
                                     
INFO - 11/19/25 02:42:03 - 2:44:15 - Score:10112700.0, Count:6
                                     
INFO - 11/19/25 02:42:03 - 2:44:15 - Score:10093140.0, Count:9
                                     
INFO - 11/19/25 02:42:03 - 2:44:15 - Score:10084380.0, Count:4
                                     
INFO - 11/19/25 02:42:03 - 2:44:15 - Score:10064646.0, Count:9
                                     
INFO - 11/19/25 02:42:03 - 2:44:15 - Score:10055428.0, Count:6
                                     
INFO - 11/19/25 02:42:03 - 2:44:15 - tokenizing
INFO - 11/19/25 02:42:03 - 2:44:15 - Loading tokenizer from /home/yuebi/Project/dim19_run/dim19_run_2/1111/tokenizer_data/tokenizer.json...
INFO - 11/19/25 02:42:03 - 2:44:15 - 0 / 100
INFO - 11/19/25 02:42:03 - 2:44:15 - number of examples in the dataset: 100
INFO - 11/19/25 02:42:03 - 2:44:15 - max word length: 150
INFO - 11/19/25 02:42:03 - 2:44:15 - number of unique characters in the vocabulary: 15
INFO - 11/19/25 02:42:03 - 2:44:15 - vocabulary:
INFO - 11/19/25 02:42:03 - 2:44:15 - ['V0', 'V1', 'V2', 'V3', 'V4', 'V5', 'V6', 'V7', 'V8', 'V9', 'V10', 'V11', 'V12', 'V13', 'V14']
INFO - 11/19/25 02:42:03 - 2:44:15 - split up the dataset into 90 training examples and 10 test examples
INFO - 11/19/25 02:42:03 - 2:44:15 - ============ Start of generation 10 ============
INFO - 11/19/25 02:42:03 - 2:44:15 - Memory allocated:  45.32MB, reserved: 9964.00MB
INFO - 11/19/25 02:42:03 - 2:44:15 - training
INFO - 11/19/25 02:42:03 - 2:44:15 - step 0 | loss 0.0514 | step time 277.24ms
INFO - 11/19/25 02:42:30 - 2:44:42 - step 100 | loss 0.0321 | step time 270.49ms
INFO - 11/19/25 02:42:57 - 2:45:09 - step 200 | loss 0.0316 | step time 270.50ms
INFO - 11/19/25 02:43:24 - 2:45:36 - step 300 | loss 0.0313 | step time 270.53ms
INFO - 11/19/25 02:43:51 - 2:46:03 - step 400 | loss 0.0314 | step time 270.50ms
INFO - 11/19/25 02:44:18 - 2:46:30 - step 500 | loss 0.0320 | step time 270.37ms
INFO - 11/19/25 02:44:19 - 2:46:31 - step 500 train loss: 0.031276870518922806 test loss: 0.07986200600862503
INFO - 11/19/25 02:44:19 - 2:46:31 - test loss 0.07986200600862503 is the best so far, saving model to /home/yuebi/Project/dim19_run/dim19_run_2/1111/model.pt
INFO - 11/19/25 02:44:46 - 2:46:58 - step 600 | loss 0.0334 | step time 270.39ms
INFO - 11/19/25 02:45:13 - 2:47:25 - step 700 | loss 0.0308 | step time 270.24ms
INFO - 11/19/25 02:45:40 - 2:47:52 - step 800 | loss 0.0316 | step time 270.44ms
INFO - 11/19/25 02:46:07 - 2:48:19 - step 900 | loss 0.0309 | step time 270.39ms
INFO - 11/19/25 02:46:34 - 2:48:46 - step 1000 | loss 0.0313 | step time 270.43ms
INFO - 11/19/25 02:46:34 - 2:48:46 - step 1000 train loss: 0.03122369945049286 test loss: 0.16330765187740326
INFO - 11/19/25 02:47:01 - 2:49:13 - step 1100 | loss 0.0317 | step time 270.51ms
INFO - 11/19/25 02:47:28 - 2:49:40 - step 1200 | loss 0.0308 | step time 270.62ms
INFO - 11/19/25 02:47:55 - 2:50:07 - step 1300 | loss 0.0358 | step time 270.57ms
INFO - 11/19/25 02:48:23 - 2:50:35 - step 1400 | loss 0.0315 | step time 270.64ms
INFO - 11/19/25 02:48:49 - 2:51:01 - Memory allocated:  45.32MB, reserved: 9964.00MB
INFO - 11/19/25 02:48:49 - 2:51:01 - generating
INFO - 11/19/25 02:57:50 - 0:00:00 - ============ Initialized logger ============
INFO - 11/19/25 02:57:50 - 0:00:00 - batch_size: 32
                                     command: python fc_loop.py --exp_name=dim19_run_2 --dump_path=/home/yuebi/Project/dim19_run --num_initial_empty_objects=800 --final_database_size=100 --target_db_size=100 --nb_local_searches=800 --max_epochs=20 --type=transformer --max-output-length=330 --sample-only=25000 --max-steps=1500 --n_tokens=15 --n-layer=8 --n-embd=128 --n-embd2=128 --exp_id=1111 --exp_id "1111"
                                     cpu: False
                                     debug: False
                                     debug_slurm: False
                                     dump_path: /home/yuebi/Project/dim19_run/dim19_run_2/1111
                                     exp_id: 1111
                                     exp_name: dim19_run_2
                                     final_database_size: 100
                                     gen_batch_size: 1000
                                     global_rank: 0
                                     is_master: True
                                     is_slurm_job: True
                                     learning_rate: 0.0005
                                     local_rank: 0
                                     master_addr: gpu-6
                                     master_port: -1
                                     max_epochs: 20
                                     max_output_length: 330
                                     max_steps: 1500
                                     multi_gpu: False
                                     multi_node: False
                                     n_embd: 128
                                     n_embd2: 128
                                     n_gpu_per_node: 1
                                     n_head: 8
                                     n_layer: 8
                                     n_nodes: 1
                                     n_tokens: 15
                                     nb_local_searches: 800
                                     nb_threads: 1
                                     node_id: 0
                                     num_initial_empty_objects: 800
                                     num_workers: 8
                                     sample_only: 25000
                                     seed: -1
                                     target_db_size: 100
                                     temperature: 1.0
                                     top_k: -1
                                     type: transformer
                                     weight_decay: 0.01
                                     world_size: 1
INFO - 11/19/25 02:57:50 - 0:00:00 - The experiment will be stored in /home/yuebi/Project/dim19_run/dim19_run_2/1111
                                     
INFO - 11/19/25 02:57:50 - 0:00:00 - Running command: python fc_loop.py --exp_name=dim19_run_2 --dump_path=/home/yuebi/Project/dim19_run --num_initial_empty_objects=800 --final_database_size=100 --target_db_size=100 --nb_local_searches=800 --max_epochs=20 --type=transformer --max-output-length=330 --sample-only=25000 --max-steps=1500 --n_tokens=15 --n-layer=8 --n-embd=128 --n-embd2=128 --exp_id=1111

WARNING - 11/19/25 02:57:50 - 0:00:00 - Signal handler installed.
INFO - 11/19/25 02:57:50 - 0:00:00 - seed: 305494549
INFO - 11/19/25 02:57:50 - 0:00:00 - initializing at generation: 10
INFO - 11/19/25 02:57:50 - 0:00:00 - number of examples in the dataset: 100
INFO - 11/19/25 02:57:50 - 0:00:00 - max word length: 150
INFO - 11/19/25 02:57:50 - 0:00:00 - number of unique characters in the vocabulary: 15
INFO - 11/19/25 02:57:50 - 0:00:00 - vocabulary:
INFO - 11/19/25 02:57:50 - 0:00:00 - ['V0', 'V1', 'V2', 'V3', 'V4', 'V5', 'V6', 'V7', 'V8', 'V9', 'V10', 'V11', 'V12', 'V13', 'V14']
INFO - 11/19/25 02:57:50 - 0:00:00 - split up the dataset into 90 training examples and 10 test examples
INFO - 11/19/25 02:57:50 - 0:00:00 - dataset determined that: vocab_size=16, block_size=331
INFO - 11/19/25 02:57:50 - 0:00:00 - model #params: 1632896
INFO - 11/19/25 02:57:50 - 0:00:00 - resuming from existing model
INFO - 11/19/25 02:57:50 - 0:00:00 - ============ Start of generation 10 ============
INFO - 11/19/25 02:57:50 - 0:00:00 - Memory allocated:  9.57MB, reserved: 20.00MB
INFO - 11/19/25 02:57:50 - 0:00:00 - training
INFO - 11/19/25 02:57:55 - 0:00:05 - step 0 | loss 0.0310 | step time 619.17ms
INFO - 11/19/25 02:58:22 - 0:00:32 - step 100 | loss 0.0313 | step time 269.89ms
INFO - 11/19/25 02:58:49 - 0:00:59 - step 200 | loss 0.0310 | step time 269.81ms
INFO - 11/19/25 02:59:16 - 0:01:26 - step 300 | loss 0.0308 | step time 270.15ms
INFO - 11/19/25 02:59:43 - 0:01:53 - step 400 | loss 0.0313 | step time 270.04ms
INFO - 11/19/25 03:00:10 - 0:02:20 - step 500 | loss 0.0317 | step time 270.13ms
INFO - 11/19/25 03:00:10 - 0:02:20 - step 500 train loss: 0.031104382127523422 test loss: 0.13840432465076447
INFO - 11/19/25 03:00:10 - 0:02:20 - test loss 0.13840432465076447 is the best so far, saving model to /home/yuebi/Project/dim19_run/dim19_run_2/1111/model.pt
INFO - 11/19/25 03:00:37 - 0:02:47 - step 600 | loss 0.0308 | step time 269.60ms
INFO - 11/19/25 03:01:04 - 0:03:14 - step 700 | loss 0.0318 | step time 269.68ms
INFO - 11/19/25 03:01:31 - 0:03:41 - step 800 | loss 0.0418 | step time 269.64ms
INFO - 11/19/25 03:01:58 - 0:04:08 - step 900 | loss 0.0314 | step time 270.09ms
INFO - 11/19/25 03:02:25 - 0:04:35 - step 1000 | loss 0.0307 | step time 269.69ms
INFO - 11/19/25 03:02:26 - 0:04:36 - step 1000 train loss: 0.031094523146748543 test loss: 0.29010263085365295
INFO - 11/19/25 03:02:53 - 0:05:03 - step 1100 | loss 0.0313 | step time 269.95ms
INFO - 11/19/25 03:03:20 - 0:05:30 - step 1200 | loss 0.0307 | step time 269.77ms
INFO - 11/19/25 03:03:47 - 0:05:56 - step 1300 | loss 0.0311 | step time 269.62ms
INFO - 11/19/25 03:04:14 - 0:06:23 - step 1400 | loss 0.0315 | step time 269.60ms
INFO - 11/19/25 03:04:40 - 0:06:50 - Memory allocated:  45.32MB, reserved: 3148.00MB
INFO - 11/19/25 03:04:40 - 0:06:50 - generating
INFO - 11/19/25 05:36:15 - 2:38:25 - distribution of sample lengths: average: 458.72788 max: 1055
INFO - 11/19/25 05:36:15 - 2:38:25 - printed 25000 samples
INFO - 11/19/25 05:36:15 - 2:38:25 - decoding
INFO - 11/19/25 05:36:16 - 2:38:26 - Decoding complete. Check the output in /home/yuebi/Project/dim19_run/dim19_run_2/1111/transformer-output-decoded.txt
INFO - 11/19/25 05:36:16 - 2:38:26 - Memory allocated:  45.32MB, reserved: 9964.00MB
INFO - 11/19/25 05:36:16 - 2:38:26 - ============ End of generation 10 ============
INFO - 11/19/25 05:36:16 - 2:38:26 - launching search.jl
INFO - 11/19/25 05:36:16 - 2:38:26 - JULIA_NUM_THREADS is set to 1
INFO - 11/19/25 05:40:29 - 2:42:39 - distribution of scores(all rounds)
INFO - 11/19/25 05:40:29 - 2:42:39 - Score:19531250.0, Count:10
                                     
INFO - 11/19/25 05:40:29 - 2:42:39 - Score:12709375.0, Count:10
                                     
INFO - 11/19/25 05:40:29 - 2:42:39 - Score:12396875.0, Count:7
                                     
INFO - 11/19/25 05:40:29 - 2:42:39 - Score:10541395.0, Count:10
                                     
INFO - 11/19/25 05:40:29 - 2:42:39 - Score:10326125.0, Count:10
                                     
INFO - 11/19/25 05:40:29 - 2:42:39 - Score:10317155.0, Count:10
                                     
INFO - 11/19/25 05:40:29 - 2:42:39 - Score:10184000.0, Count:8
                                     
INFO - 11/19/25 05:40:29 - 2:42:39 - Score:10181550.0, Count:9
                                     
INFO - 11/19/25 05:40:29 - 2:42:39 - Score:10142875.0, Count:1
                                     
INFO - 11/19/25 05:40:29 - 2:42:39 - Score:10112700.0, Count:7
                                     
INFO - 11/19/25 05:40:29 - 2:42:39 - Score:10093140.0, Count:10
                                     
INFO - 11/19/25 05:40:29 - 2:42:39 - Score:10092800.0, Count:1
                                     
INFO - 11/19/25 05:40:29 - 2:42:39 - Score:10090268.0, Count:1
                                     
INFO - 11/19/25 05:40:29 - 2:42:39 - Score:10084380.0, Count:5
                                     
INFO - 11/19/25 05:40:29 - 2:42:39 - Score:10064646.0, Count:1
                                     
INFO - 11/19/25 05:40:29 - 2:42:39 - tokenizing
INFO - 11/19/25 05:40:29 - 2:42:39 - Loading tokenizer from /home/yuebi/Project/dim19_run/dim19_run_2/1111/tokenizer_data/tokenizer.json...
INFO - 11/19/25 05:40:29 - 2:42:39 - 0 / 100
INFO - 11/19/25 05:40:29 - 2:42:39 - number of examples in the dataset: 100
INFO - 11/19/25 05:40:29 - 2:42:39 - max word length: 151
INFO - 11/19/25 05:40:29 - 2:42:39 - number of unique characters in the vocabulary: 15
INFO - 11/19/25 05:40:29 - 2:42:39 - vocabulary:
INFO - 11/19/25 05:40:29 - 2:42:39 - ['V0', 'V1', 'V2', 'V3', 'V4', 'V5', 'V6', 'V7', 'V8', 'V9', 'V10', 'V11', 'V12', 'V13', 'V14']
INFO - 11/19/25 05:40:29 - 2:42:39 - split up the dataset into 90 training examples and 10 test examples
INFO - 11/19/25 05:40:29 - 2:42:39 - ============ Start of generation 11 ============
INFO - 11/19/25 05:40:29 - 2:42:39 - Memory allocated:  45.32MB, reserved: 9964.00MB
INFO - 11/19/25 05:40:29 - 2:42:39 - training
INFO - 11/19/25 05:40:30 - 2:42:40 - step 0 | loss 1.0359 | step time 277.73ms
INFO - 11/19/25 05:40:57 - 2:43:07 - step 100 | loss 0.0384 | step time 270.28ms
INFO - 11/19/25 05:41:24 - 2:43:34 - step 200 | loss 0.0341 | step time 270.39ms
INFO - 11/19/25 05:41:51 - 2:44:01 - step 300 | loss 0.0317 | step time 270.50ms
INFO - 11/19/25 05:42:18 - 2:44:28 - step 400 | loss 0.0314 | step time 270.38ms
INFO - 11/19/25 05:42:45 - 2:44:55 - step 500 | loss 0.0319 | step time 270.40ms
INFO - 11/19/25 05:42:45 - 2:44:55 - step 500 train loss: 0.03145938739180565 test loss: 1.9654648303985596
INFO - 11/19/25 05:42:45 - 2:44:55 - test loss 1.9654648303985596 is the best so far, saving model to /home/yuebi/Project/dim19_run/dim19_run_2/1111/model.pt
INFO - 11/19/25 05:43:12 - 2:45:22 - step 600 | loss 0.0671 | step time 270.42ms
INFO - 11/19/25 05:43:39 - 2:45:49 - step 700 | loss 0.0305 | step time 270.55ms
INFO - 11/19/25 05:44:07 - 2:46:16 - step 800 | loss 0.0312 | step time 270.41ms
INFO - 11/19/25 05:44:34 - 2:46:44 - step 900 | loss 0.0311 | step time 270.35ms
INFO - 11/19/25 05:45:01 - 2:47:11 - step 1000 | loss 0.0304 | step time 270.46ms
INFO - 11/19/25 05:45:01 - 2:47:11 - step 1000 train loss: 0.031271494925022125 test loss: 2.1429920196533203
INFO - 11/19/25 05:45:28 - 2:47:38 - step 1100 | loss 0.0496 | step time 270.27ms
INFO - 11/19/25 05:45:55 - 2:48:05 - step 1200 | loss 0.0310 | step time 270.34ms
INFO - 11/19/25 05:46:22 - 2:48:32 - step 1300 | loss 0.0321 | step time 270.73ms
INFO - 11/19/25 05:46:49 - 2:48:59 - step 1400 | loss 0.0317 | step time 270.58ms
INFO - 11/19/25 05:47:16 - 2:49:26 - Memory allocated:  45.32MB, reserved: 9964.00MB
INFO - 11/19/25 05:47:16 - 2:49:26 - generating
INFO - 11/19/25 05:57:57 - 0:00:00 - ============ Initialized logger ============
INFO - 11/19/25 05:57:57 - 0:00:00 - batch_size: 32
                                     command: python fc_loop.py --exp_name=dim19_run_2 --dump_path=/home/yuebi/Project/dim19_run --num_initial_empty_objects=800 --final_database_size=100 --target_db_size=100 --nb_local_searches=800 --max_epochs=20 --type=transformer --max-output-length=330 --sample-only=25000 --max-steps=1500 --n_tokens=15 --n-layer=8 --n-embd=128 --n-embd2=128 --exp_id=1111 --exp_id "1111"
                                     cpu: False
                                     debug: False
                                     debug_slurm: False
                                     dump_path: /home/yuebi/Project/dim19_run/dim19_run_2/1111
                                     exp_id: 1111
                                     exp_name: dim19_run_2
                                     final_database_size: 100
                                     gen_batch_size: 1000
                                     global_rank: 0
                                     is_master: True
                                     is_slurm_job: True
                                     learning_rate: 0.0005
                                     local_rank: 0
                                     master_addr: gpu-6
                                     master_port: -1
                                     max_epochs: 20
                                     max_output_length: 330
                                     max_steps: 1500
                                     multi_gpu: False
                                     multi_node: False
                                     n_embd: 128
                                     n_embd2: 128
                                     n_gpu_per_node: 1
                                     n_head: 8
                                     n_layer: 8
                                     n_nodes: 1
                                     n_tokens: 15
                                     nb_local_searches: 800
                                     nb_threads: 1
                                     node_id: 0
                                     num_initial_empty_objects: 800
                                     num_workers: 8
                                     sample_only: 25000
                                     seed: -1
                                     target_db_size: 100
                                     temperature: 1.0
                                     top_k: -1
                                     type: transformer
                                     weight_decay: 0.01
                                     world_size: 1
INFO - 11/19/25 05:57:57 - 0:00:00 - The experiment will be stored in /home/yuebi/Project/dim19_run/dim19_run_2/1111
                                     
INFO - 11/19/25 05:57:57 - 0:00:00 - Running command: python fc_loop.py --exp_name=dim19_run_2 --dump_path=/home/yuebi/Project/dim19_run --num_initial_empty_objects=800 --final_database_size=100 --target_db_size=100 --nb_local_searches=800 --max_epochs=20 --type=transformer --max-output-length=330 --sample-only=25000 --max-steps=1500 --n_tokens=15 --n-layer=8 --n-embd=128 --n-embd2=128 --exp_id=1111

WARNING - 11/19/25 05:57:57 - 0:00:00 - Signal handler installed.
INFO - 11/19/25 05:57:57 - 0:00:00 - seed: 402862717
INFO - 11/19/25 05:57:57 - 0:00:00 - initializing at generation: 11
INFO - 11/19/25 05:57:57 - 0:00:00 - number of examples in the dataset: 100
INFO - 11/19/25 05:57:57 - 0:00:00 - max word length: 151
INFO - 11/19/25 05:57:57 - 0:00:00 - number of unique characters in the vocabulary: 15
INFO - 11/19/25 05:57:57 - 0:00:00 - vocabulary:
INFO - 11/19/25 05:57:57 - 0:00:00 - ['V0', 'V1', 'V2', 'V3', 'V4', 'V5', 'V6', 'V7', 'V8', 'V9', 'V10', 'V11', 'V12', 'V13', 'V14']
INFO - 11/19/25 05:57:57 - 0:00:00 - split up the dataset into 90 training examples and 10 test examples
INFO - 11/19/25 05:57:57 - 0:00:00 - dataset determined that: vocab_size=16, block_size=331
INFO - 11/19/25 05:57:57 - 0:00:00 - model #params: 1632896
INFO - 11/19/25 05:57:57 - 0:00:00 - resuming from existing model
INFO - 11/19/25 05:57:57 - 0:00:00 - ============ Start of generation 11 ============
INFO - 11/19/25 05:57:57 - 0:00:00 - Memory allocated:  9.57MB, reserved: 20.00MB
INFO - 11/19/25 05:57:57 - 0:00:00 - training
INFO - 11/19/25 05:58:02 - 0:00:05 - step 0 | loss 0.0427 | step time 603.77ms
INFO - 11/19/25 05:58:29 - 0:00:32 - step 100 | loss 0.0313 | step time 269.95ms
INFO - 11/19/25 05:58:56 - 0:00:59 - step 200 | loss 0.0317 | step time 270.02ms
INFO - 11/19/25 05:59:23 - 0:01:26 - step 300 | loss 0.0306 | step time 270.24ms
INFO - 11/19/25 05:59:50 - 0:01:53 - step 400 | loss 0.0324 | step time 270.24ms
INFO - 11/19/25 06:00:17 - 0:02:20 - step 500 | loss 0.0334 | step time 270.13ms
INFO - 11/19/25 06:00:18 - 0:02:21 - step 500 train loss: 0.03321446105837822 test loss: 0.10516153275966644
INFO - 11/19/25 06:00:18 - 0:02:21 - test loss 0.10516153275966644 is the best so far, saving model to /home/yuebi/Project/dim19_run/dim19_run_2/1111/model.pt
INFO - 11/19/25 06:00:45 - 0:02:48 - step 600 | loss 0.0320 | step time 270.11ms
INFO - 11/19/25 06:01:12 - 0:03:15 - step 700 | loss 0.0315 | step time 270.35ms
INFO - 11/19/25 06:01:39 - 0:03:42 - step 800 | loss 0.0311 | step time 269.96ms
INFO - 11/19/25 06:02:06 - 0:04:09 - step 900 | loss 0.0309 | step time 270.25ms
INFO - 11/19/25 06:02:33 - 0:04:36 - step 1000 | loss 0.0321 | step time 270.12ms
INFO - 11/19/25 06:02:33 - 0:04:36 - step 1000 train loss: 0.03127564117312431 test loss: 0.3336763083934784
INFO - 11/19/25 06:03:00 - 0:05:03 - step 1100 | loss 0.0414 | step time 270.40ms
INFO - 11/19/25 06:03:27 - 0:05:30 - step 1200 | loss 0.0310 | step time 270.51ms
INFO - 11/19/25 06:03:54 - 0:05:57 - step 1300 | loss 0.0312 | step time 269.98ms
INFO - 11/19/25 06:04:21 - 0:06:24 - step 1400 | loss 0.0307 | step time 270.17ms
INFO - 11/19/25 06:04:48 - 0:06:51 - Memory allocated:  45.32MB, reserved: 3148.00MB
INFO - 11/19/25 06:04:48 - 0:06:51 - generating
INFO - 11/19/25 08:36:23 - 2:38:26 - distribution of sample lengths: average: 459.40344 max: 1045
INFO - 11/19/25 08:36:23 - 2:38:26 - printed 25000 samples
INFO - 11/19/25 08:36:23 - 2:38:26 - decoding
INFO - 11/19/25 08:36:24 - 2:38:27 - Decoding complete. Check the output in /home/yuebi/Project/dim19_run/dim19_run_2/1111/transformer-output-decoded.txt
INFO - 11/19/25 08:36:24 - 2:38:27 - Memory allocated:  45.32MB, reserved: 9964.00MB
INFO - 11/19/25 08:36:24 - 2:38:27 - ============ End of generation 11 ============
INFO - 11/19/25 08:36:24 - 2:38:27 - launching search.jl
INFO - 11/19/25 08:36:24 - 2:38:27 - JULIA_NUM_THREADS is set to 1
INFO - 11/19/25 08:42:16 - 2:44:19 - distribution of scores(all rounds)
INFO - 11/19/25 08:42:16 - 2:44:19 - Score:19531250.0, Count:11
                                     
INFO - 11/19/25 08:42:16 - 2:44:19 - Score:12709375.0, Count:11
                                     
INFO - 11/19/25 08:42:16 - 2:44:19 - Score:12396875.0, Count:8
                                     
INFO - 11/19/25 08:42:16 - 2:44:19 - Score:10541395.0, Count:11
                                     
INFO - 11/19/25 08:42:16 - 2:44:19 - Score:10326125.0, Count:11
                                     
INFO - 11/19/25 08:42:16 - 2:44:19 - Score:10317155.0, Count:11
                                     
INFO - 11/19/25 08:42:16 - 2:44:19 - Score:10184000.0, Count:9
                                     
INFO - 11/19/25 08:42:16 - 2:44:19 - Score:10181550.0, Count:10
                                     
INFO - 11/19/25 08:42:16 - 2:44:19 - Score:10142875.0, Count:2
                                     
INFO - 11/19/25 08:42:16 - 2:44:19 - Score:10112700.0, Count:8
                                     
INFO - 11/19/25 08:42:16 - 2:44:19 - Score:10093140.0, Count:8
                                     
INFO - 11/19/25 08:42:16 - 2:44:19 - tokenizing
INFO - 11/19/25 08:42:16 - 2:44:19 - Loading tokenizer from /home/yuebi/Project/dim19_run/dim19_run_2/1111/tokenizer_data/tokenizer.json...
INFO - 11/19/25 08:42:16 - 2:44:19 - 0 / 100
INFO - 11/19/25 08:42:16 - 2:44:19 - number of examples in the dataset: 100
INFO - 11/19/25 08:42:16 - 2:44:19 - max word length: 151
INFO - 11/19/25 08:42:16 - 2:44:19 - number of unique characters in the vocabulary: 15
INFO - 11/19/25 08:42:16 - 2:44:19 - vocabulary:
INFO - 11/19/25 08:42:16 - 2:44:19 - ['V0', 'V1', 'V2', 'V3', 'V4', 'V5', 'V6', 'V7', 'V8', 'V9', 'V10', 'V11', 'V12', 'V13', 'V14']
INFO - 11/19/25 08:42:16 - 2:44:19 - split up the dataset into 90 training examples and 10 test examples
INFO - 11/19/25 08:42:16 - 2:44:19 - ============ Start of generation 12 ============
INFO - 11/19/25 08:42:16 - 2:44:19 - Memory allocated:  45.32MB, reserved: 9964.00MB
INFO - 11/19/25 08:42:16 - 2:44:19 - training
INFO - 11/19/25 08:42:16 - 2:44:19 - step 0 | loss 0.5023 | step time 279.04ms
INFO - 11/19/25 08:42:43 - 2:44:46 - step 100 | loss 0.0313 | step time 270.48ms
INFO - 11/19/25 08:43:10 - 2:45:13 - step 200 | loss 0.0307 | step time 270.43ms
INFO - 11/19/25 08:43:37 - 2:45:40 - step 300 | loss 0.0311 | step time 270.37ms
INFO - 11/19/25 08:44:04 - 2:46:07 - step 400 | loss 0.0315 | step time 270.90ms
INFO - 11/19/25 08:44:31 - 2:46:34 - step 500 | loss 0.0328 | step time 270.61ms
INFO - 11/19/25 08:44:32 - 2:46:35 - step 500 train loss: 0.03130336105823517 test loss: 0.7087454199790955
INFO - 11/19/25 08:44:32 - 2:46:35 - test loss 0.7087454199790955 is the best so far, saving model to /home/yuebi/Project/dim19_run/dim19_run_2/1111/model.pt
INFO - 11/19/25 08:44:59 - 2:47:02 - step 600 | loss 0.0329 | step time 270.24ms
INFO - 11/19/25 08:45:26 - 2:47:29 - step 700 | loss 0.0311 | step time 270.35ms
INFO - 11/19/25 08:45:53 - 2:47:56 - step 800 | loss 0.0306 | step time 270.86ms
INFO - 11/19/25 08:46:20 - 2:48:23 - step 900 | loss 0.0309 | step time 270.18ms
INFO - 11/19/25 08:46:47 - 2:48:50 - step 1000 | loss 0.0306 | step time 270.53ms
INFO - 11/19/25 08:46:47 - 2:48:50 - step 1000 train loss: 0.03115737996995449 test loss: 0.8691121935844421
INFO - 11/19/25 08:47:14 - 2:49:17 - step 1100 | loss 0.0308 | step time 270.43ms
INFO - 11/19/25 08:47:41 - 2:49:44 - step 1200 | loss 0.0308 | step time 270.43ms
INFO - 11/19/25 08:48:08 - 2:50:11 - step 1300 | loss 0.0314 | step time 270.19ms
INFO - 11/19/25 08:48:35 - 2:50:38 - step 1400 | loss 0.0307 | step time 270.66ms
INFO - 11/19/25 08:49:02 - 2:51:05 - Memory allocated:  45.32MB, reserved: 9964.00MB
INFO - 11/19/25 08:49:02 - 2:51:05 - generating
INFO - 11/19/25 08:58:03 - 0:00:00 - ============ Initialized logger ============
INFO - 11/19/25 08:58:03 - 0:00:00 - batch_size: 32
                                     command: python fc_loop.py --exp_name=dim19_run_2 --dump_path=/home/yuebi/Project/dim19_run --num_initial_empty_objects=800 --final_database_size=100 --target_db_size=100 --nb_local_searches=800 --max_epochs=20 --type=transformer --max-output-length=330 --sample-only=25000 --max-steps=1500 --n_tokens=15 --n-layer=8 --n-embd=128 --n-embd2=128 --exp_id=1111 --exp_id "1111"
                                     cpu: False
                                     debug: False
                                     debug_slurm: False
                                     dump_path: /home/yuebi/Project/dim19_run/dim19_run_2/1111
                                     exp_id: 1111
                                     exp_name: dim19_run_2
                                     final_database_size: 100
                                     gen_batch_size: 1000
                                     global_rank: 0
                                     is_master: True
                                     is_slurm_job: True
                                     learning_rate: 0.0005
                                     local_rank: 0
                                     master_addr: gpu-6
                                     master_port: -1
                                     max_epochs: 20
                                     max_output_length: 330
                                     max_steps: 1500
                                     multi_gpu: False
                                     multi_node: False
                                     n_embd: 128
                                     n_embd2: 128
                                     n_gpu_per_node: 1
                                     n_head: 8
                                     n_layer: 8
                                     n_nodes: 1
                                     n_tokens: 15
                                     nb_local_searches: 800
                                     nb_threads: 1
                                     node_id: 0
                                     num_initial_empty_objects: 800
                                     num_workers: 8
                                     sample_only: 25000
                                     seed: -1
                                     target_db_size: 100
                                     temperature: 1.0
                                     top_k: -1
                                     type: transformer
                                     weight_decay: 0.01
                                     world_size: 1
INFO - 11/19/25 08:58:03 - 0:00:00 - The experiment will be stored in /home/yuebi/Project/dim19_run/dim19_run_2/1111
                                     
INFO - 11/19/25 08:58:03 - 0:00:00 - Running command: python fc_loop.py --exp_name=dim19_run_2 --dump_path=/home/yuebi/Project/dim19_run --num_initial_empty_objects=800 --final_database_size=100 --target_db_size=100 --nb_local_searches=800 --max_epochs=20 --type=transformer --max-output-length=330 --sample-only=25000 --max-steps=1500 --n_tokens=15 --n-layer=8 --n-embd=128 --n-embd2=128 --exp_id=1111

WARNING - 11/19/25 08:58:03 - 0:00:00 - Signal handler installed.
INFO - 11/19/25 08:58:03 - 0:00:00 - seed: 287533166
INFO - 11/19/25 08:58:03 - 0:00:00 - initializing at generation: 12
INFO - 11/19/25 08:58:03 - 0:00:00 - number of examples in the dataset: 100
INFO - 11/19/25 08:58:03 - 0:00:00 - max word length: 151
INFO - 11/19/25 08:58:03 - 0:00:00 - number of unique characters in the vocabulary: 15
INFO - 11/19/25 08:58:03 - 0:00:00 - vocabulary:
INFO - 11/19/25 08:58:03 - 0:00:00 - ['V0', 'V1', 'V2', 'V3', 'V4', 'V5', 'V6', 'V7', 'V8', 'V9', 'V10', 'V11', 'V12', 'V13', 'V14']
INFO - 11/19/25 08:58:03 - 0:00:00 - split up the dataset into 90 training examples and 10 test examples
INFO - 11/19/25 08:58:03 - 0:00:00 - dataset determined that: vocab_size=16, block_size=331
INFO - 11/19/25 08:58:03 - 0:00:00 - model #params: 1632896
INFO - 11/19/25 08:58:03 - 0:00:00 - resuming from existing model
INFO - 11/19/25 08:58:03 - 0:00:00 - ============ Start of generation 12 ============
INFO - 11/19/25 08:58:03 - 0:00:00 - Memory allocated:  9.57MB, reserved: 20.00MB
INFO - 11/19/25 08:58:03 - 0:00:00 - training
INFO - 11/19/25 08:58:08 - 0:00:05 - step 0 | loss 0.0456 | step time 597.91ms
INFO - 11/19/25 08:58:35 - 0:00:32 - step 100 | loss 0.0316 | step time 270.07ms
INFO - 11/19/25 08:59:02 - 0:00:59 - step 200 | loss 0.0306 | step time 270.07ms
INFO - 11/19/25 08:59:29 - 0:01:26 - step 300 | loss 0.0316 | step time 270.08ms
INFO - 11/19/25 08:59:56 - 0:01:53 - step 400 | loss 0.0320 | step time 270.18ms
INFO - 11/19/25 09:00:23 - 0:02:20 - step 500 | loss 0.0305 | step time 269.98ms
INFO - 11/19/25 09:00:24 - 0:02:21 - step 500 train loss: 0.031115613877773285 test loss: 0.11854918301105499
INFO - 11/19/25 09:00:24 - 0:02:21 - test loss 0.11854918301105499 is the best so far, saving model to /home/yuebi/Project/dim19_run/dim19_run_2/1111/model.pt
INFO - 11/19/25 09:00:51 - 0:02:48 - step 600 | loss 0.0310 | step time 270.30ms
INFO - 11/19/25 09:01:18 - 0:03:15 - step 700 | loss 0.0310 | step time 270.13ms
INFO - 11/19/25 09:01:45 - 0:03:42 - step 800 | loss 0.0307 | step time 269.97ms
INFO - 11/19/25 09:02:12 - 0:04:09 - step 900 | loss 0.0307 | step time 269.97ms
INFO - 11/19/25 09:02:39 - 0:04:36 - step 1000 | loss 0.0315 | step time 269.64ms
INFO - 11/19/25 09:02:39 - 0:04:36 - step 1000 train loss: 0.03111298941075802 test loss: 0.10606515407562256
INFO - 11/19/25 09:02:39 - 0:04:36 - test loss 0.10606515407562256 is the best so far, saving model to /home/yuebi/Project/dim19_run/dim19_run_2/1111/model.pt
INFO - 11/19/25 09:03:06 - 0:05:03 - step 1100 | loss 0.0311 | step time 269.97ms
INFO - 11/19/25 09:03:33 - 0:05:30 - step 1200 | loss 0.0309 | step time 269.84ms
INFO - 11/19/25 09:04:00 - 0:05:57 - step 1300 | loss 0.0313 | step time 269.68ms
INFO - 11/19/25 09:04:27 - 0:06:24 - step 1400 | loss 0.0306 | step time 269.71ms
INFO - 11/19/25 09:04:54 - 0:06:51 - Memory allocated:  45.32MB, reserved: 3148.00MB
INFO - 11/19/25 09:04:54 - 0:06:51 - generating
INFO - 11/19/25 11:36:28 - 2:38:25 - distribution of sample lengths: average: 459.18036 max: 480
INFO - 11/19/25 11:36:28 - 2:38:25 - printed 25000 samples
INFO - 11/19/25 11:36:28 - 2:38:25 - decoding
INFO - 11/19/25 11:36:29 - 2:38:26 - Decoding complete. Check the output in /home/yuebi/Project/dim19_run/dim19_run_2/1111/transformer-output-decoded.txt
INFO - 11/19/25 11:36:29 - 2:38:26 - Memory allocated:  45.32MB, reserved: 9964.00MB
INFO - 11/19/25 11:36:29 - 2:38:26 - ============ End of generation 12 ============
INFO - 11/19/25 11:36:29 - 2:38:26 - launching search.jl
INFO - 11/19/25 11:36:29 - 2:38:26 - JULIA_NUM_THREADS is set to 1
INFO - 11/19/25 11:42:22 - 2:44:19 - distribution of scores(all rounds)
INFO - 11/19/25 11:42:22 - 2:44:19 - Score:19531250.0, Count:12
                                     
INFO - 11/19/25 11:42:22 - 2:44:19 - Score:12709375.0, Count:12
                                     
INFO - 11/19/25 11:42:22 - 2:44:19 - Score:12396875.0, Count:9
                                     
INFO - 11/19/25 11:42:22 - 2:44:19 - Score:10541395.0, Count:12
                                     
INFO - 11/19/25 11:42:22 - 2:44:19 - Score:10326125.0, Count:12
                                     
INFO - 11/19/25 11:42:22 - 2:44:19 - Score:10317155.0, Count:12
                                     
INFO - 11/19/25 11:42:22 - 2:44:19 - Score:10184000.0, Count:10
                                     
INFO - 11/19/25 11:42:22 - 2:44:19 - Score:10181550.0, Count:11
                                     
INFO - 11/19/25 11:42:22 - 2:44:19 - Score:10142875.0, Count:3
                                     
INFO - 11/19/25 11:42:22 - 2:44:19 - Score:10112700.0, Count:7
                                     
INFO - 11/19/25 11:42:22 - 2:44:19 - tokenizing
INFO - 11/19/25 11:42:22 - 2:44:19 - Loading tokenizer from /home/yuebi/Project/dim19_run/dim19_run_2/1111/tokenizer_data/tokenizer.json...
INFO - 11/19/25 11:42:22 - 2:44:19 - 0 / 100
INFO - 11/19/25 11:42:22 - 2:44:19 - number of examples in the dataset: 100
INFO - 11/19/25 11:42:22 - 2:44:19 - max word length: 151
INFO - 11/19/25 11:42:22 - 2:44:19 - number of unique characters in the vocabulary: 15
INFO - 11/19/25 11:42:22 - 2:44:19 - vocabulary:
INFO - 11/19/25 11:42:22 - 2:44:19 - ['V0', 'V1', 'V2', 'V3', 'V4', 'V5', 'V6', 'V7', 'V8', 'V9', 'V10', 'V11', 'V12', 'V13', 'V14']
INFO - 11/19/25 11:42:22 - 2:44:19 - split up the dataset into 90 training examples and 10 test examples
INFO - 11/19/25 11:42:22 - 2:44:19 - ============ Start of generation 13 ============
INFO - 11/19/25 11:42:22 - 2:44:19 - Memory allocated:  45.32MB, reserved: 9964.00MB
INFO - 11/19/25 11:42:22 - 2:44:19 - training
INFO - 11/19/25 11:42:22 - 2:44:19 - step 0 | loss 0.0324 | step time 277.74ms
INFO - 11/19/25 11:42:49 - 2:44:46 - step 100 | loss 0.0310 | step time 270.43ms
INFO - 11/19/25 11:43:16 - 2:45:13 - step 200 | loss 0.0315 | step time 270.50ms
INFO - 11/19/25 11:43:43 - 2:45:40 - step 300 | loss 0.0311 | step time 270.58ms
INFO - 11/19/25 11:44:10 - 2:46:07 - step 400 | loss 0.0306 | step time 270.37ms
INFO - 11/19/25 11:44:37 - 2:46:34 - step 500 | loss 0.0432 | step time 269.90ms
INFO - 11/19/25 11:44:38 - 2:46:35 - step 500 train loss: 0.0351530946791172 test loss: 0.24406230449676514
INFO - 11/19/25 11:44:38 - 2:46:35 - test loss 0.24406230449676514 is the best so far, saving model to /home/yuebi/Project/dim19_run/dim19_run_2/1111/model.pt
INFO - 11/19/25 11:45:05 - 2:47:02 - step 600 | loss 0.0311 | step time 270.10ms
INFO - 11/19/25 11:45:32 - 2:47:29 - step 700 | loss 0.0308 | step time 269.90ms
INFO - 11/19/25 11:45:59 - 2:47:56 - step 800 | loss 0.0308 | step time 270.16ms
INFO - 11/19/25 11:46:26 - 2:48:23 - step 900 | loss 0.0315 | step time 270.38ms
INFO - 11/19/25 11:46:53 - 2:48:50 - step 1000 | loss 0.0315 | step time 270.05ms
INFO - 11/19/25 11:46:53 - 2:48:50 - step 1000 train loss: 0.03122738003730774 test loss: 0.18211103975772858
INFO - 11/19/25 11:46:53 - 2:48:50 - test loss 0.18211103975772858 is the best so far, saving model to /home/yuebi/Project/dim19_run/dim19_run_2/1111/model.pt
INFO - 11/19/25 11:47:20 - 2:49:17 - step 1100 | loss 0.0312 | step time 270.10ms
INFO - 11/19/25 11:47:47 - 2:49:44 - step 1200 | loss 0.0310 | step time 270.11ms
INFO - 11/19/25 11:48:14 - 2:50:11 - step 1300 | loss 0.0310 | step time 270.45ms
INFO - 11/19/25 11:48:41 - 2:50:38 - step 1400 | loss 0.0303 | step time 270.34ms
INFO - 11/19/25 11:49:08 - 2:51:05 - Memory allocated:  45.32MB, reserved: 9964.00MB
INFO - 11/19/25 11:49:08 - 2:51:05 - generating
INFO - 11/19/25 11:58:06 - 0:00:00 - ============ Initialized logger ============
INFO - 11/19/25 11:58:06 - 0:00:00 - batch_size: 32
                                     command: python fc_loop.py --exp_name=dim19_run_2 --dump_path=/home/yuebi/Project/dim19_run --num_initial_empty_objects=800 --final_database_size=100 --target_db_size=100 --nb_local_searches=800 --max_epochs=20 --type=transformer --max-output-length=330 --sample-only=25000 --max-steps=1500 --n_tokens=15 --n-layer=8 --n-embd=128 --n-embd2=128 --exp_id=1111 --exp_id "1111"
                                     cpu: False
                                     debug: False
                                     debug_slurm: False
                                     dump_path: /home/yuebi/Project/dim19_run/dim19_run_2/1111
                                     exp_id: 1111
                                     exp_name: dim19_run_2
                                     final_database_size: 100
                                     gen_batch_size: 1000
                                     global_rank: 0
                                     is_master: True
                                     is_slurm_job: True
                                     learning_rate: 0.0005
                                     local_rank: 0
                                     master_addr: gpu-6
                                     master_port: -1
                                     max_epochs: 20
                                     max_output_length: 330
                                     max_steps: 1500
                                     multi_gpu: False
                                     multi_node: False
                                     n_embd: 128
                                     n_embd2: 128
                                     n_gpu_per_node: 1
                                     n_head: 8
                                     n_layer: 8
                                     n_nodes: 1
                                     n_tokens: 15
                                     nb_local_searches: 800
                                     nb_threads: 1
                                     node_id: 0
                                     num_initial_empty_objects: 800
                                     num_workers: 8
                                     sample_only: 25000
                                     seed: -1
                                     target_db_size: 100
                                     temperature: 1.0
                                     top_k: -1
                                     type: transformer
                                     weight_decay: 0.01
                                     world_size: 1
INFO - 11/19/25 11:58:06 - 0:00:00 - The experiment will be stored in /home/yuebi/Project/dim19_run/dim19_run_2/1111
                                     
INFO - 11/19/25 11:58:06 - 0:00:00 - Running command: python fc_loop.py --exp_name=dim19_run_2 --dump_path=/home/yuebi/Project/dim19_run --num_initial_empty_objects=800 --final_database_size=100 --target_db_size=100 --nb_local_searches=800 --max_epochs=20 --type=transformer --max-output-length=330 --sample-only=25000 --max-steps=1500 --n_tokens=15 --n-layer=8 --n-embd=128 --n-embd2=128 --exp_id=1111

WARNING - 11/19/25 11:58:06 - 0:00:00 - Signal handler installed.
INFO - 11/19/25 11:58:06 - 0:00:00 - seed: 434846878
INFO - 11/19/25 11:58:06 - 0:00:00 - initializing at generation: 13
INFO - 11/19/25 11:58:06 - 0:00:00 - number of examples in the dataset: 100
INFO - 11/19/25 11:58:06 - 0:00:00 - max word length: 151
INFO - 11/19/25 11:58:06 - 0:00:00 - number of unique characters in the vocabulary: 15
INFO - 11/19/25 11:58:06 - 0:00:00 - vocabulary:
INFO - 11/19/25 11:58:06 - 0:00:00 - ['V0', 'V1', 'V2', 'V3', 'V4', 'V5', 'V6', 'V7', 'V8', 'V9', 'V10', 'V11', 'V12', 'V13', 'V14']
INFO - 11/19/25 11:58:06 - 0:00:00 - split up the dataset into 90 training examples and 10 test examples
INFO - 11/19/25 11:58:06 - 0:00:00 - dataset determined that: vocab_size=16, block_size=331
INFO - 11/19/25 11:58:06 - 0:00:00 - model #params: 1632896
INFO - 11/19/25 11:58:06 - 0:00:00 - resuming from existing model
INFO - 11/19/25 11:58:06 - 0:00:00 - ============ Start of generation 13 ============
INFO - 11/19/25 11:58:06 - 0:00:00 - Memory allocated:  9.57MB, reserved: 20.00MB
INFO - 11/19/25 11:58:06 - 0:00:00 - training
INFO - 11/19/25 11:58:11 - 0:00:05 - step 0 | loss 0.0540 | step time 610.79ms
INFO - 11/19/25 11:58:38 - 0:00:32 - step 100 | loss 0.0311 | step time 270.24ms
INFO - 11/19/25 11:59:05 - 0:00:59 - step 200 | loss 0.0329 | step time 270.14ms
INFO - 11/19/25 11:59:32 - 0:01:26 - step 300 | loss 0.0310 | step time 270.19ms
INFO - 11/19/25 11:59:59 - 0:01:53 - step 400 | loss 0.0313 | step time 270.29ms
INFO - 11/19/25 12:00:26 - 0:02:20 - step 500 | loss 0.0309 | step time 270.62ms
INFO - 11/19/25 12:00:26 - 0:02:20 - step 500 train loss: 0.031172938644886017 test loss: 0.0808359906077385
INFO - 11/19/25 12:00:26 - 0:02:20 - test loss 0.0808359906077385 is the best so far, saving model to /home/yuebi/Project/dim19_run/dim19_run_2/1111/model.pt
INFO - 11/19/25 12:00:54 - 0:02:48 - step 600 | loss 0.0313 | step time 270.55ms
INFO - 11/19/25 12:01:21 - 0:03:15 - step 700 | loss 0.0308 | step time 270.40ms
INFO - 11/19/25 12:01:48 - 0:03:42 - step 800 | loss 0.0309 | step time 270.10ms
INFO - 11/19/25 12:02:15 - 0:04:09 - step 900 | loss 0.0315 | step time 270.15ms
INFO - 11/19/25 12:02:42 - 0:04:36 - step 1000 | loss 0.0310 | step time 270.37ms
INFO - 11/19/25 12:02:42 - 0:04:36 - step 1000 train loss: 0.0309135764837265 test loss: 0.13387659192085266
INFO - 11/19/25 12:03:09 - 0:05:03 - step 1100 | loss 0.0320 | step time 270.56ms
INFO - 11/19/25 12:03:36 - 0:05:30 - step 1200 | loss 0.0325 | step time 270.33ms
INFO - 11/19/25 12:04:03 - 0:05:57 - step 1300 | loss 0.0320 | step time 270.39ms
INFO - 11/19/25 12:04:30 - 0:06:24 - step 1400 | loss 0.0309 | step time 270.28ms
INFO - 11/19/25 12:04:57 - 0:06:51 - Memory allocated:  45.32MB, reserved: 3148.00MB
INFO - 11/19/25 12:04:57 - 0:06:51 - generating
INFO - 11/19/25 14:36:31 - 2:38:25 - distribution of sample lengths: average: 459.75096 max: 472
INFO - 11/19/25 14:36:31 - 2:38:25 - printed 25000 samples
INFO - 11/19/25 14:36:31 - 2:38:25 - decoding
INFO - 11/19/25 14:36:32 - 2:38:26 - Decoding complete. Check the output in /home/yuebi/Project/dim19_run/dim19_run_2/1111/transformer-output-decoded.txt
INFO - 11/19/25 14:36:32 - 2:38:26 - Memory allocated:  45.32MB, reserved: 9964.00MB
INFO - 11/19/25 14:36:32 - 2:38:26 - ============ End of generation 13 ============
INFO - 11/19/25 14:36:32 - 2:38:26 - launching search.jl
INFO - 11/19/25 14:36:32 - 2:38:26 - JULIA_NUM_THREADS is set to 1
INFO - 11/19/25 14:42:25 - 2:44:19 - distribution of scores(all rounds)
INFO - 11/19/25 14:42:25 - 2:44:19 - Score:19531250.0, Count:13
                                     
INFO - 11/19/25 14:42:25 - 2:44:19 - Score:12709375.0, Count:13
                                     
INFO - 11/19/25 14:42:25 - 2:44:19 - Score:12396875.0, Count:10
                                     
INFO - 11/19/25 14:42:25 - 2:44:19 - Score:10541395.0, Count:13
                                     
INFO - 11/19/25 14:42:25 - 2:44:19 - Score:10326125.0, Count:13
                                     
INFO - 11/19/25 14:42:25 - 2:44:19 - Score:10317155.0, Count:13
                                     
INFO - 11/19/25 14:42:25 - 2:44:19 - Score:10184000.0, Count:11
                                     
INFO - 11/19/25 14:42:25 - 2:44:19 - Score:10181550.0, Count:12
                                     
INFO - 11/19/25 14:42:25 - 2:44:19 - Score:10142875.0, Count:2
                                     
INFO - 11/19/25 14:42:25 - 2:44:19 - tokenizing
INFO - 11/19/25 14:42:25 - 2:44:19 - Loading tokenizer from /home/yuebi/Project/dim19_run/dim19_run_2/1111/tokenizer_data/tokenizer.json...
INFO - 11/19/25 14:42:25 - 2:44:19 - 0 / 100
INFO - 11/19/25 14:42:25 - 2:44:19 - number of examples in the dataset: 100
INFO - 11/19/25 14:42:25 - 2:44:19 - max word length: 151
INFO - 11/19/25 14:42:25 - 2:44:19 - number of unique characters in the vocabulary: 15
INFO - 11/19/25 14:42:25 - 2:44:19 - vocabulary:
INFO - 11/19/25 14:42:25 - 2:44:19 - ['V0', 'V1', 'V2', 'V3', 'V4', 'V5', 'V6', 'V7', 'V8', 'V9', 'V10', 'V11', 'V12', 'V13', 'V14']
INFO - 11/19/25 14:42:25 - 2:44:19 - split up the dataset into 90 training examples and 10 test examples
INFO - 11/19/25 14:42:25 - 2:44:19 - ============ Start of generation 14 ============
INFO - 11/19/25 14:42:25 - 2:44:19 - Memory allocated:  45.32MB, reserved: 9964.00MB
INFO - 11/19/25 14:42:25 - 2:44:19 - training
INFO - 11/19/25 14:42:25 - 2:44:19 - step 0 | loss 0.1190 | step time 277.34ms
INFO - 11/19/25 14:42:52 - 2:44:46 - step 100 | loss 0.0308 | step time 270.22ms
INFO - 11/19/25 14:43:19 - 2:45:13 - step 200 | loss 0.0311 | step time 270.55ms
INFO - 11/19/25 14:43:46 - 2:45:40 - step 300 | loss 0.0311 | step time 270.30ms
INFO - 11/19/25 14:44:13 - 2:46:07 - step 400 | loss 0.0311 | step time 270.40ms
INFO - 11/19/25 14:44:40 - 2:46:34 - step 500 | loss 0.0344 | step time 270.44ms
INFO - 11/19/25 14:44:41 - 2:46:35 - step 500 train loss: 0.04425092041492462 test loss: 0.12195895612239838
INFO - 11/19/25 14:44:41 - 2:46:35 - test loss 0.12195895612239838 is the best so far, saving model to /home/yuebi/Project/dim19_run/dim19_run_2/1111/model.pt
INFO - 11/19/25 14:45:08 - 2:47:02 - step 600 | loss 0.0309 | step time 270.31ms
INFO - 11/19/25 14:45:35 - 2:47:29 - step 700 | loss 0.0313 | step time 270.43ms
INFO - 11/19/25 14:46:02 - 2:47:56 - step 800 | loss 0.0314 | step time 270.36ms
INFO - 11/19/25 14:46:29 - 2:48:23 - step 900 | loss 0.0312 | step time 270.66ms
INFO - 11/19/25 14:46:56 - 2:48:50 - step 1000 | loss 0.0307 | step time 270.32ms
INFO - 11/19/25 14:46:56 - 2:48:50 - step 1000 train loss: 0.030962567776441574 test loss: 0.11710315942764282
INFO - 11/19/25 14:46:56 - 2:48:50 - test loss 0.11710315942764282 is the best so far, saving model to /home/yuebi/Project/dim19_run/dim19_run_2/1111/model.pt
INFO - 11/19/25 14:47:23 - 2:49:17 - step 1100 | loss 0.0330 | step time 270.24ms
INFO - 11/19/25 14:47:50 - 2:49:44 - step 1200 | loss 0.0310 | step time 270.30ms
INFO - 11/19/25 14:48:17 - 2:50:11 - step 1300 | loss 0.0306 | step time 270.71ms
INFO - 11/19/25 14:48:44 - 2:50:38 - step 1400 | loss 0.0303 | step time 270.42ms
INFO - 11/19/25 14:49:11 - 2:51:05 - Memory allocated:  45.32MB, reserved: 9964.00MB
INFO - 11/19/25 14:49:11 - 2:51:05 - generating
INFO - 11/19/25 14:58:12 - 0:00:00 - ============ Initialized logger ============
INFO - 11/19/25 14:58:12 - 0:00:00 - batch_size: 32
                                     command: python fc_loop.py --exp_name=dim19_run_2 --dump_path=/home/yuebi/Project/dim19_run --num_initial_empty_objects=800 --final_database_size=100 --target_db_size=100 --nb_local_searches=800 --max_epochs=20 --type=transformer --max-output-length=330 --sample-only=25000 --max-steps=1500 --n_tokens=15 --n-layer=8 --n-embd=128 --n-embd2=128 --exp_id=1111 --exp_id "1111"
                                     cpu: False
                                     debug: False
                                     debug_slurm: False
                                     dump_path: /home/yuebi/Project/dim19_run/dim19_run_2/1111
                                     exp_id: 1111
                                     exp_name: dim19_run_2
                                     final_database_size: 100
                                     gen_batch_size: 1000
                                     global_rank: 0
                                     is_master: True
                                     is_slurm_job: True
                                     learning_rate: 0.0005
                                     local_rank: 0
                                     master_addr: gpu-6
                                     master_port: -1
                                     max_epochs: 20
                                     max_output_length: 330
                                     max_steps: 1500
                                     multi_gpu: False
                                     multi_node: False
                                     n_embd: 128
                                     n_embd2: 128
                                     n_gpu_per_node: 1
                                     n_head: 8
                                     n_layer: 8
                                     n_nodes: 1
                                     n_tokens: 15
                                     nb_local_searches: 800
                                     nb_threads: 1
                                     node_id: 0
                                     num_initial_empty_objects: 800
                                     num_workers: 8
                                     sample_only: 25000
                                     seed: -1
                                     target_db_size: 100
                                     temperature: 1.0
                                     top_k: -1
                                     type: transformer
                                     weight_decay: 0.01
                                     world_size: 1
INFO - 11/19/25 14:58:12 - 0:00:00 - The experiment will be stored in /home/yuebi/Project/dim19_run/dim19_run_2/1111
                                     
INFO - 11/19/25 14:58:12 - 0:00:00 - Running command: python fc_loop.py --exp_name=dim19_run_2 --dump_path=/home/yuebi/Project/dim19_run --num_initial_empty_objects=800 --final_database_size=100 --target_db_size=100 --nb_local_searches=800 --max_epochs=20 --type=transformer --max-output-length=330 --sample-only=25000 --max-steps=1500 --n_tokens=15 --n-layer=8 --n-embd=128 --n-embd2=128 --exp_id=1111

WARNING - 11/19/25 14:58:12 - 0:00:00 - Signal handler installed.
INFO - 11/19/25 14:58:12 - 0:00:00 - seed: 193869219
INFO - 11/19/25 14:58:12 - 0:00:00 - initializing at generation: 14
INFO - 11/19/25 14:58:12 - 0:00:00 - number of examples in the dataset: 100
INFO - 11/19/25 14:58:12 - 0:00:00 - max word length: 151
INFO - 11/19/25 14:58:12 - 0:00:00 - number of unique characters in the vocabulary: 15
INFO - 11/19/25 14:58:12 - 0:00:00 - vocabulary:
INFO - 11/19/25 14:58:12 - 0:00:00 - ['V0', 'V1', 'V2', 'V3', 'V4', 'V5', 'V6', 'V7', 'V8', 'V9', 'V10', 'V11', 'V12', 'V13', 'V14']
INFO - 11/19/25 14:58:12 - 0:00:00 - split up the dataset into 90 training examples and 10 test examples
INFO - 11/19/25 14:58:12 - 0:00:00 - dataset determined that: vocab_size=16, block_size=331
INFO - 11/19/25 14:58:12 - 0:00:00 - model #params: 1632896
INFO - 11/19/25 14:58:12 - 0:00:00 - resuming from existing model
INFO - 11/19/25 14:58:12 - 0:00:00 - ============ Start of generation 14 ============
INFO - 11/19/25 14:58:12 - 0:00:00 - Memory allocated:  9.57MB, reserved: 20.00MB
INFO - 11/19/25 14:58:12 - 0:00:00 - training
INFO - 11/19/25 14:58:17 - 0:00:05 - step 0 | loss 0.0369 | step time 608.54ms
INFO - 11/19/25 14:58:44 - 0:00:32 - step 100 | loss 0.0314 | step time 270.38ms
INFO - 11/19/25 14:59:11 - 0:00:59 - step 200 | loss 0.0308 | step time 270.30ms
INFO - 11/19/25 14:59:38 - 0:01:26 - step 300 | loss 0.0314 | step time 270.23ms
INFO - 11/19/25 15:00:05 - 0:01:53 - step 400 | loss 0.0320 | step time 270.19ms
INFO - 11/19/25 15:00:32 - 0:02:20 - step 500 | loss 0.0315 | step time 270.01ms
INFO - 11/19/25 15:00:33 - 0:02:21 - step 500 train loss: 0.03118903934955597 test loss: 0.0840444266796112
INFO - 11/19/25 15:00:33 - 0:02:21 - test loss 0.0840444266796112 is the best so far, saving model to /home/yuebi/Project/dim19_run/dim19_run_2/1111/model.pt
INFO - 11/19/25 15:01:00 - 0:02:48 - step 600 | loss 0.0386 | step time 269.61ms
INFO - 11/19/25 15:01:27 - 0:03:15 - step 700 | loss 0.0307 | step time 270.14ms
INFO - 11/19/25 15:01:54 - 0:03:42 - step 800 | loss 0.0309 | step time 270.17ms
INFO - 11/19/25 15:02:21 - 0:04:09 - step 900 | loss 0.0312 | step time 269.89ms
INFO - 11/19/25 15:02:48 - 0:04:36 - step 1000 | loss 0.0307 | step time 270.53ms
INFO - 11/19/25 15:02:48 - 0:04:36 - step 1000 train loss: 0.0309744942933321 test loss: 0.18046072125434875
INFO - 11/19/25 15:03:15 - 0:05:03 - step 1100 | loss 0.0310 | step time 270.17ms
INFO - 11/19/25 15:03:42 - 0:05:30 - step 1200 | loss 0.0312 | step time 270.07ms
INFO - 11/19/25 15:04:09 - 0:05:57 - step 1300 | loss 0.0325 | step time 270.14ms
INFO - 11/19/25 15:04:36 - 0:06:24 - step 1400 | loss 0.0309 | step time 270.28ms
INFO - 11/19/25 15:05:03 - 0:06:51 - Memory allocated:  45.32MB, reserved: 3148.00MB
INFO - 11/19/25 15:05:03 - 0:06:51 - generating
INFO - 11/19/25 17:36:40 - 2:38:28 - distribution of sample lengths: average: 459.3124 max: 479
INFO - 11/19/25 17:36:40 - 2:38:28 - printed 25000 samples
INFO - 11/19/25 17:36:40 - 2:38:28 - decoding
INFO - 11/19/25 17:36:41 - 2:38:29 - Decoding complete. Check the output in /home/yuebi/Project/dim19_run/dim19_run_2/1111/transformer-output-decoded.txt
INFO - 11/19/25 17:36:41 - 2:38:29 - Memory allocated:  45.32MB, reserved: 9964.00MB
INFO - 11/19/25 17:36:41 - 2:38:29 - ============ End of generation 14 ============
INFO - 11/19/25 17:36:41 - 2:38:29 - launching search.jl
INFO - 11/19/25 17:36:41 - 2:38:29 - JULIA_NUM_THREADS is set to 1
INFO - 11/19/25 17:42:32 - 2:44:20 - distribution of scores(all rounds)
INFO - 11/19/25 17:42:32 - 2:44:20 - Score:19531250.0, Count:14
                                     
INFO - 11/19/25 17:42:32 - 2:44:20 - Score:12709375.0, Count:14
                                     
INFO - 11/19/25 17:42:32 - 2:44:20 - Score:12396875.0, Count:11
                                     
INFO - 11/19/25 17:42:32 - 2:44:20 - Score:10541395.0, Count:14
                                     
INFO - 11/19/25 17:42:32 - 2:44:20 - Score:10326125.0, Count:14
                                     
INFO - 11/19/25 17:42:32 - 2:44:20 - Score:10317155.0, Count:14
                                     
INFO - 11/19/25 17:42:32 - 2:44:20 - Score:10184000.0, Count:12
                                     
INFO - 11/19/25 17:42:32 - 2:44:20 - Score:10181550.0, Count:7
                                     
INFO - 11/19/25 17:42:32 - 2:44:20 - tokenizing
INFO - 11/19/25 17:42:32 - 2:44:20 - Loading tokenizer from /home/yuebi/Project/dim19_run/dim19_run_2/1111/tokenizer_data/tokenizer.json...
INFO - 11/19/25 17:42:32 - 2:44:20 - 0 / 100
INFO - 11/19/25 17:42:32 - 2:44:20 - number of examples in the dataset: 100
INFO - 11/19/25 17:42:32 - 2:44:20 - max word length: 151
INFO - 11/19/25 17:42:32 - 2:44:20 - number of unique characters in the vocabulary: 15
INFO - 11/19/25 17:42:32 - 2:44:20 - vocabulary:
INFO - 11/19/25 17:42:32 - 2:44:20 - ['V0', 'V1', 'V2', 'V3', 'V4', 'V5', 'V6', 'V7', 'V8', 'V9', 'V10', 'V11', 'V12', 'V13', 'V14']
INFO - 11/19/25 17:42:32 - 2:44:20 - split up the dataset into 90 training examples and 10 test examples
INFO - 11/19/25 17:42:32 - 2:44:20 - ============ Start of generation 15 ============
INFO - 11/19/25 17:42:32 - 2:44:20 - Memory allocated:  45.32MB, reserved: 9964.00MB
INFO - 11/19/25 17:42:32 - 2:44:20 - training
INFO - 11/19/25 17:42:33 - 2:44:20 - step 0 | loss 0.3085 | step time 277.49ms
INFO - 11/19/25 17:43:00 - 2:44:48 - step 100 | loss 0.0319 | step time 270.39ms
INFO - 11/19/25 17:43:27 - 2:45:15 - step 200 | loss 0.0310 | step time 270.63ms
INFO - 11/19/25 17:43:54 - 2:45:42 - step 300 | loss 0.0311 | step time 271.02ms
INFO - 11/19/25 17:44:21 - 2:46:09 - step 400 | loss 0.0306 | step time 270.17ms
INFO - 11/19/25 17:44:48 - 2:46:36 - step 500 | loss 0.0413 | step time 270.25ms
INFO - 11/19/25 17:44:48 - 2:46:36 - step 500 train loss: 0.0382358580827713 test loss: 0.24740691483020782
INFO - 11/19/25 17:44:48 - 2:46:36 - test loss 0.24740691483020782 is the best so far, saving model to /home/yuebi/Project/dim19_run/dim19_run_2/1111/model.pt
INFO - 11/19/25 17:45:15 - 2:47:03 - step 600 | loss 0.0312 | step time 270.20ms
INFO - 11/19/25 17:45:42 - 2:47:30 - step 700 | loss 0.0308 | step time 269.95ms
INFO - 11/19/25 17:46:09 - 2:47:57 - step 800 | loss 0.0307 | step time 270.13ms
INFO - 11/19/25 17:46:36 - 2:48:24 - step 900 | loss 0.0317 | step time 270.15ms
INFO - 11/19/25 17:47:03 - 2:48:51 - step 1000 | loss 0.0316 | step time 270.05ms
INFO - 11/19/25 17:47:03 - 2:48:51 - step 1000 train loss: 0.031227469444274902 test loss: 0.22572952508926392
INFO - 11/19/25 17:47:03 - 2:48:51 - test loss 0.22572952508926392 is the best so far, saving model to /home/yuebi/Project/dim19_run/dim19_run_2/1111/model.pt
INFO - 11/19/25 17:47:30 - 2:49:18 - step 1100 | loss 0.0308 | step time 269.82ms
INFO - 11/19/25 17:47:57 - 2:49:45 - step 1200 | loss 0.0309 | step time 270.25ms
INFO - 11/19/25 17:48:24 - 2:50:12 - step 1300 | loss 0.0306 | step time 270.29ms
INFO - 11/19/25 17:48:51 - 2:50:39 - step 1400 | loss 0.0314 | step time 270.01ms
INFO - 11/19/25 17:49:18 - 2:51:06 - Memory allocated:  45.32MB, reserved: 9964.00MB
INFO - 11/19/25 17:49:18 - 2:51:06 - generating
INFO - 11/19/25 17:58:19 - 0:00:00 - ============ Initialized logger ============
INFO - 11/19/25 17:58:19 - 0:00:00 - batch_size: 32
                                     command: python fc_loop.py --exp_name=dim19_run_2 --dump_path=/home/yuebi/Project/dim19_run --num_initial_empty_objects=800 --final_database_size=100 --target_db_size=100 --nb_local_searches=800 --max_epochs=20 --type=transformer --max-output-length=330 --sample-only=25000 --max-steps=1500 --n_tokens=15 --n-layer=8 --n-embd=128 --n-embd2=128 --exp_id=1111 --exp_id "1111"
                                     cpu: False
                                     debug: False
                                     debug_slurm: False
                                     dump_path: /home/yuebi/Project/dim19_run/dim19_run_2/1111
                                     exp_id: 1111
                                     exp_name: dim19_run_2
                                     final_database_size: 100
                                     gen_batch_size: 1000
                                     global_rank: 0
                                     is_master: True
                                     is_slurm_job: True
                                     learning_rate: 0.0005
                                     local_rank: 0
                                     master_addr: gpu-6
                                     master_port: -1
                                     max_epochs: 20
                                     max_output_length: 330
                                     max_steps: 1500
                                     multi_gpu: False
                                     multi_node: False
                                     n_embd: 128
                                     n_embd2: 128
                                     n_gpu_per_node: 1
                                     n_head: 8
                                     n_layer: 8
                                     n_nodes: 1
                                     n_tokens: 15
                                     nb_local_searches: 800
                                     nb_threads: 1
                                     node_id: 0
                                     num_initial_empty_objects: 800
                                     num_workers: 8
                                     sample_only: 25000
                                     seed: -1
                                     target_db_size: 100
                                     temperature: 1.0
                                     top_k: -1
                                     type: transformer
                                     weight_decay: 0.01
                                     world_size: 1
INFO - 11/19/25 17:58:19 - 0:00:00 - The experiment will be stored in /home/yuebi/Project/dim19_run/dim19_run_2/1111
                                     
INFO - 11/19/25 17:58:19 - 0:00:00 - Running command: python fc_loop.py --exp_name=dim19_run_2 --dump_path=/home/yuebi/Project/dim19_run --num_initial_empty_objects=800 --final_database_size=100 --target_db_size=100 --nb_local_searches=800 --max_epochs=20 --type=transformer --max-output-length=330 --sample-only=25000 --max-steps=1500 --n_tokens=15 --n-layer=8 --n-embd=128 --n-embd2=128 --exp_id=1111

WARNING - 11/19/25 17:58:19 - 0:00:00 - Signal handler installed.
INFO - 11/19/25 17:58:19 - 0:00:00 - seed: 783432407
INFO - 11/19/25 17:58:19 - 0:00:00 - initializing at generation: 15
INFO - 11/19/25 17:58:19 - 0:00:00 - number of examples in the dataset: 100
INFO - 11/19/25 17:58:19 - 0:00:00 - max word length: 151
INFO - 11/19/25 17:58:19 - 0:00:00 - number of unique characters in the vocabulary: 15
INFO - 11/19/25 17:58:19 - 0:00:00 - vocabulary:
INFO - 11/19/25 17:58:19 - 0:00:00 - ['V0', 'V1', 'V2', 'V3', 'V4', 'V5', 'V6', 'V7', 'V8', 'V9', 'V10', 'V11', 'V12', 'V13', 'V14']
INFO - 11/19/25 17:58:19 - 0:00:00 - split up the dataset into 90 training examples and 10 test examples
INFO - 11/19/25 17:58:19 - 0:00:00 - dataset determined that: vocab_size=16, block_size=331
INFO - 11/19/25 17:58:19 - 0:00:00 - model #params: 1632896
INFO - 11/19/25 17:58:19 - 0:00:00 - resuming from existing model
INFO - 11/19/25 17:58:19 - 0:00:00 - ============ Start of generation 15 ============
INFO - 11/19/25 17:58:19 - 0:00:00 - Memory allocated:  9.57MB, reserved: 20.00MB
INFO - 11/19/25 17:58:19 - 0:00:00 - training
INFO - 11/19/25 17:58:24 - 0:00:05 - step 0 | loss 0.0342 | step time 607.14ms
INFO - 11/19/25 17:58:51 - 0:00:32 - step 100 | loss 0.0321 | step time 270.29ms
INFO - 11/19/25 17:59:18 - 0:00:59 - step 200 | loss 0.0314 | step time 270.40ms
INFO - 11/19/25 17:59:45 - 0:01:26 - step 300 | loss 0.0313 | step time 270.76ms
INFO - 11/19/25 18:00:12 - 0:01:53 - step 400 | loss 0.0307 | step time 270.62ms
INFO - 11/19/25 18:00:39 - 0:02:20 - step 500 | loss 0.0309 | step time 270.39ms
INFO - 11/19/25 18:00:39 - 0:02:20 - step 500 train loss: 0.03112681210041046 test loss: 0.08521240949630737
INFO - 11/19/25 18:00:39 - 0:02:20 - test loss 0.08521240949630737 is the best so far, saving model to /home/yuebi/Project/dim19_run/dim19_run_2/1111/model.pt
INFO - 11/19/25 18:01:06 - 0:02:47 - step 600 | loss 0.0314 | step time 270.49ms
INFO - 11/19/25 18:01:34 - 0:03:15 - step 700 | loss 0.0316 | step time 270.31ms
INFO - 11/19/25 18:02:01 - 0:03:42 - step 800 | loss 0.0305 | step time 270.45ms
INFO - 11/19/25 18:02:28 - 0:04:09 - step 900 | loss 0.0311 | step time 270.43ms
INFO - 11/19/25 18:02:55 - 0:04:36 - step 1000 | loss 0.0307 | step time 270.35ms
INFO - 11/19/25 18:02:55 - 0:04:36 - step 1000 train loss: 0.03114728443324566 test loss: 0.16272613406181335
INFO - 11/19/25 18:03:22 - 0:05:03 - step 1100 | loss 0.0310 | step time 270.39ms
INFO - 11/19/25 18:03:49 - 0:05:30 - step 1200 | loss 0.0302 | step time 270.53ms
INFO - 11/19/25 18:04:16 - 0:05:57 - step 1300 | loss 0.0314 | step time 270.32ms
INFO - 11/19/25 18:04:43 - 0:06:24 - step 1400 | loss 0.0379 | step time 270.48ms
INFO - 11/19/25 18:05:10 - 0:06:51 - Memory allocated:  45.32MB, reserved: 3148.00MB
INFO - 11/19/25 18:05:10 - 0:06:51 - generating
INFO - 11/19/25 20:36:46 - 2:38:27 - distribution of sample lengths: average: 459.21204 max: 473
INFO - 11/19/25 20:36:46 - 2:38:27 - printed 25000 samples
INFO - 11/19/25 20:36:46 - 2:38:27 - decoding
INFO - 11/19/25 20:36:47 - 2:38:28 - Decoding complete. Check the output in /home/yuebi/Project/dim19_run/dim19_run_2/1111/transformer-output-decoded.txt
INFO - 11/19/25 20:36:47 - 2:38:28 - Memory allocated:  45.32MB, reserved: 9964.00MB
INFO - 11/19/25 20:36:47 - 2:38:28 - ============ End of generation 15 ============
INFO - 11/19/25 20:36:47 - 2:38:28 - launching search.jl
INFO - 11/19/25 20:36:47 - 2:38:28 - JULIA_NUM_THREADS is set to 1
INFO - 11/19/25 20:42:35 - 2:44:16 - distribution of scores(all rounds)
INFO - 11/19/25 20:42:35 - 2:44:16 - Score:19531250.0, Count:15
                                     
INFO - 11/19/25 20:42:35 - 2:44:16 - Score:12709375.0, Count:15
                                     
INFO - 11/19/25 20:42:35 - 2:44:16 - Score:12396875.0, Count:12
                                     
INFO - 11/19/25 20:42:35 - 2:44:16 - Score:10556250.0, Count:1
                                     
INFO - 11/19/25 20:42:35 - 2:44:16 - Score:10541395.0, Count:15
                                     
INFO - 11/19/25 20:42:35 - 2:44:16 - Score:10326125.0, Count:15
                                     
INFO - 11/19/25 20:42:35 - 2:44:16 - Score:10325000.0, Count:1
                                     
INFO - 11/19/25 20:42:35 - 2:44:16 - Score:10317155.0, Count:15
                                     
INFO - 11/19/25 20:42:35 - 2:44:16 - Score:10184000.0, Count:11
                                     
INFO - 11/19/25 20:42:35 - 2:44:16 - tokenizing
INFO - 11/19/25 20:42:35 - 2:44:16 - Loading tokenizer from /home/yuebi/Project/dim19_run/dim19_run_2/1111/tokenizer_data/tokenizer.json...
INFO - 11/19/25 20:42:35 - 2:44:16 - 0 / 100
INFO - 11/19/25 20:42:35 - 2:44:16 - number of examples in the dataset: 100
INFO - 11/19/25 20:42:35 - 2:44:16 - max word length: 151
INFO - 11/19/25 20:42:35 - 2:44:16 - number of unique characters in the vocabulary: 15
INFO - 11/19/25 20:42:35 - 2:44:16 - vocabulary:
INFO - 11/19/25 20:42:35 - 2:44:16 - ['V0', 'V1', 'V2', 'V3', 'V4', 'V5', 'V6', 'V7', 'V8', 'V9', 'V10', 'V11', 'V12', 'V13', 'V14']
INFO - 11/19/25 20:42:35 - 2:44:16 - split up the dataset into 90 training examples and 10 test examples
INFO - 11/19/25 20:42:35 - 2:44:16 - ============ Start of generation 16 ============
INFO - 11/19/25 20:42:35 - 2:44:16 - Memory allocated:  45.32MB, reserved: 9964.00MB
INFO - 11/19/25 20:42:35 - 2:44:16 - training
INFO - 11/19/25 20:42:36 - 2:44:17 - step 0 | loss 0.2839 | step time 277.72ms
INFO - 11/19/25 20:43:03 - 2:44:44 - step 100 | loss 0.0311 | step time 270.52ms
INFO - 11/19/25 20:43:30 - 2:45:11 - step 200 | loss 0.0312 | step time 270.66ms
INFO - 11/19/25 20:43:57 - 2:45:38 - step 300 | loss 0.0309 | step time 270.58ms
INFO - 11/19/25 20:44:24 - 2:46:05 - step 400 | loss 0.0321 | step time 270.50ms
INFO - 11/19/25 20:44:51 - 2:46:32 - step 500 | loss 0.0310 | step time 270.61ms
INFO - 11/19/25 20:44:51 - 2:46:32 - step 500 train loss: 0.031049739569425583 test loss: 0.10654600709676743
INFO - 11/19/25 20:44:51 - 2:46:32 - test loss 0.10654600709676743 is the best so far, saving model to /home/yuebi/Project/dim19_run/dim19_run_2/1111/model.pt
INFO - 11/19/25 20:45:18 - 2:46:59 - step 600 | loss 0.0305 | step time 270.51ms
INFO - 11/19/25 20:45:45 - 2:47:26 - step 700 | loss 0.0413 | step time 270.69ms
INFO - 11/19/25 20:46:12 - 2:47:53 - step 800 | loss 0.0309 | step time 270.65ms
INFO - 11/19/25 20:46:39 - 2:48:20 - step 900 | loss 0.0313 | step time 271.65ms
INFO - 11/19/25 20:47:07 - 2:48:48 - step 1000 | loss 0.0313 | step time 271.70ms
INFO - 11/19/25 20:47:07 - 2:48:48 - step 1000 train loss: 0.03099825792014599 test loss: 0.18743665516376495
INFO - 11/19/25 20:47:34 - 2:49:15 - step 1100 | loss 0.0314 | step time 271.76ms
INFO - 11/19/25 20:48:01 - 2:49:42 - step 1200 | loss 0.0310 | step time 271.76ms
INFO - 11/19/25 20:48:28 - 2:50:09 - step 1300 | loss 0.0317 | step time 271.89ms
INFO - 11/19/25 20:48:56 - 2:50:37 - step 1400 | loss 0.0313 | step time 271.88ms
INFO - 11/19/25 20:49:22 - 2:51:04 - Memory allocated:  45.32MB, reserved: 9964.00MB
INFO - 11/19/25 20:49:22 - 2:51:04 - generating
INFO - 11/19/25 20:58:21 - 0:00:00 - ============ Initialized logger ============
INFO - 11/19/25 20:58:21 - 0:00:00 - batch_size: 32
                                     command: python fc_loop.py --exp_name=dim19_run_2 --dump_path=/home/yuebi/Project/dim19_run --num_initial_empty_objects=800 --final_database_size=100 --target_db_size=100 --nb_local_searches=800 --max_epochs=20 --type=transformer --max-output-length=330 --sample-only=25000 --max-steps=1500 --n_tokens=15 --n-layer=8 --n-embd=128 --n-embd2=128 --exp_id=1111 --exp_id "1111"
                                     cpu: False
                                     debug: False
                                     debug_slurm: False
                                     dump_path: /home/yuebi/Project/dim19_run/dim19_run_2/1111
                                     exp_id: 1111
                                     exp_name: dim19_run_2
                                     final_database_size: 100
                                     gen_batch_size: 1000
                                     global_rank: 0
                                     is_master: True
                                     is_slurm_job: True
                                     learning_rate: 0.0005
                                     local_rank: 0
                                     master_addr: gpu-6
                                     master_port: -1
                                     max_epochs: 20
                                     max_output_length: 330
                                     max_steps: 1500
                                     multi_gpu: False
                                     multi_node: False
                                     n_embd: 128
                                     n_embd2: 128
                                     n_gpu_per_node: 1
                                     n_head: 8
                                     n_layer: 8
                                     n_nodes: 1
                                     n_tokens: 15
                                     nb_local_searches: 800
                                     nb_threads: 1
                                     node_id: 0
                                     num_initial_empty_objects: 800
                                     num_workers: 8
                                     sample_only: 25000
                                     seed: -1
                                     target_db_size: 100
                                     temperature: 1.0
                                     top_k: -1
                                     type: transformer
                                     weight_decay: 0.01
                                     world_size: 1
INFO - 11/19/25 20:58:21 - 0:00:00 - The experiment will be stored in /home/yuebi/Project/dim19_run/dim19_run_2/1111
                                     
INFO - 11/19/25 20:58:21 - 0:00:00 - Running command: python fc_loop.py --exp_name=dim19_run_2 --dump_path=/home/yuebi/Project/dim19_run --num_initial_empty_objects=800 --final_database_size=100 --target_db_size=100 --nb_local_searches=800 --max_epochs=20 --type=transformer --max-output-length=330 --sample-only=25000 --max-steps=1500 --n_tokens=15 --n-layer=8 --n-embd=128 --n-embd2=128 --exp_id=1111

WARNING - 11/19/25 20:58:21 - 0:00:00 - Signal handler installed.
INFO - 11/19/25 20:58:21 - 0:00:00 - seed: 595107266
INFO - 11/19/25 20:58:21 - 0:00:00 - initializing at generation: 16
INFO - 11/19/25 20:58:21 - 0:00:00 - number of examples in the dataset: 100
INFO - 11/19/25 20:58:21 - 0:00:00 - max word length: 151
INFO - 11/19/25 20:58:21 - 0:00:00 - number of unique characters in the vocabulary: 15
INFO - 11/19/25 20:58:21 - 0:00:00 - vocabulary:
INFO - 11/19/25 20:58:21 - 0:00:00 - ['V0', 'V1', 'V2', 'V3', 'V4', 'V5', 'V6', 'V7', 'V8', 'V9', 'V10', 'V11', 'V12', 'V13', 'V14']
INFO - 11/19/25 20:58:21 - 0:00:00 - split up the dataset into 90 training examples and 10 test examples
INFO - 11/19/25 20:58:21 - 0:00:00 - dataset determined that: vocab_size=16, block_size=331
INFO - 11/19/25 20:58:21 - 0:00:00 - model #params: 1632896
INFO - 11/19/25 20:58:21 - 0:00:00 - resuming from existing model
INFO - 11/19/25 20:58:21 - 0:00:00 - ============ Start of generation 16 ============
INFO - 11/19/25 20:58:21 - 0:00:00 - Memory allocated:  9.57MB, reserved: 20.00MB
INFO - 11/19/25 20:58:21 - 0:00:00 - training
INFO - 11/19/25 20:58:26 - 0:00:05 - step 0 | loss 0.0353 | step time 598.11ms
INFO - 11/19/25 20:58:53 - 0:00:32 - step 100 | loss 0.0310 | step time 269.88ms
INFO - 11/19/25 20:59:20 - 0:00:59 - step 200 | loss 0.0310 | step time 270.37ms
INFO - 11/19/25 20:59:47 - 0:01:26 - step 300 | loss 0.0305 | step time 270.07ms
INFO - 11/19/25 21:00:14 - 0:01:53 - step 400 | loss 0.0308 | step time 270.10ms
INFO - 11/19/25 21:00:41 - 0:02:20 - step 500 | loss 0.0308 | step time 270.30ms
INFO - 11/19/25 21:00:42 - 0:02:21 - step 500 train loss: 0.031047817319631577 test loss: 0.09592001140117645
INFO - 11/19/25 21:00:42 - 0:02:21 - test loss 0.09592001140117645 is the best so far, saving model to /home/yuebi/Project/dim19_run/dim19_run_2/1111/model.pt
INFO - 11/19/25 21:01:09 - 0:02:48 - step 600 | loss 0.0433 | step time 270.18ms
INFO - 11/19/25 21:01:36 - 0:03:15 - step 700 | loss 0.0312 | step time 270.05ms
INFO - 11/19/25 21:02:03 - 0:03:42 - step 800 | loss 0.0313 | step time 270.30ms
INFO - 11/19/25 21:02:30 - 0:04:09 - step 900 | loss 0.0313 | step time 270.21ms
INFO - 11/19/25 21:02:57 - 0:04:36 - step 1000 | loss 0.0318 | step time 270.33ms
INFO - 11/19/25 21:02:57 - 0:04:36 - step 1000 train loss: 0.030927900224924088 test loss: 0.2475510835647583
INFO - 11/19/25 21:03:24 - 0:05:03 - step 1100 | loss 0.0311 | step time 270.25ms
INFO - 11/19/25 21:03:51 - 0:05:30 - step 1200 | loss 0.0306 | step time 270.36ms
INFO - 11/19/25 21:04:18 - 0:05:57 - step 1300 | loss 0.0304 | step time 270.40ms
INFO - 11/19/25 21:04:45 - 0:06:24 - step 1400 | loss 0.0309 | step time 270.40ms
INFO - 11/19/25 21:05:12 - 0:06:51 - Memory allocated:  45.32MB, reserved: 3148.00MB
INFO - 11/19/25 21:05:12 - 0:06:51 - generating
INFO - 11/19/25 23:36:48 - 2:38:27 - distribution of sample lengths: average: 459.17812 max: 473
INFO - 11/19/25 23:36:48 - 2:38:27 - printed 25000 samples
INFO - 11/19/25 23:36:48 - 2:38:27 - decoding
INFO - 11/19/25 23:36:49 - 2:38:28 - Decoding complete. Check the output in /home/yuebi/Project/dim19_run/dim19_run_2/1111/transformer-output-decoded.txt
INFO - 11/19/25 23:36:49 - 2:38:28 - Memory allocated:  45.32MB, reserved: 9964.00MB
INFO - 11/19/25 23:36:49 - 2:38:28 - ============ End of generation 16 ============
INFO - 11/19/25 23:36:49 - 2:38:28 - launching search.jl
INFO - 11/19/25 23:36:49 - 2:38:28 - JULIA_NUM_THREADS is set to 1
INFO - 11/19/25 23:42:40 - 2:44:19 - distribution of scores(all rounds)
INFO - 11/19/25 23:42:40 - 2:44:19 - Score:19531250.0, Count:16
                                     
INFO - 11/19/25 23:42:40 - 2:44:19 - Score:12709375.0, Count:16
                                     
INFO - 11/19/25 23:42:40 - 2:44:19 - Score:12396875.0, Count:13
                                     
INFO - 11/19/25 23:42:40 - 2:44:19 - Score:10556250.0, Count:2
                                     
INFO - 11/19/25 23:42:40 - 2:44:19 - Score:10541395.0, Count:16
                                     
INFO - 11/19/25 23:42:40 - 2:44:19 - Score:10326125.0, Count:16
                                     
INFO - 11/19/25 23:42:40 - 2:44:19 - Score:10325000.0, Count:2
                                     
INFO - 11/19/25 23:42:40 - 2:44:19 - Score:10317155.0, Count:16
                                     
INFO - 11/19/25 23:42:40 - 2:44:19 - Score:10184000.0, Count:3
                                     
INFO - 11/19/25 23:42:40 - 2:44:19 - tokenizing
INFO - 11/19/25 23:42:40 - 2:44:19 - Loading tokenizer from /home/yuebi/Project/dim19_run/dim19_run_2/1111/tokenizer_data/tokenizer.json...
INFO - 11/19/25 23:42:40 - 2:44:19 - 0 / 100
INFO - 11/19/25 23:42:40 - 2:44:19 - number of examples in the dataset: 100
INFO - 11/19/25 23:42:40 - 2:44:19 - max word length: 151
INFO - 11/19/25 23:42:40 - 2:44:19 - number of unique characters in the vocabulary: 15
INFO - 11/19/25 23:42:40 - 2:44:19 - vocabulary:
INFO - 11/19/25 23:42:40 - 2:44:19 - ['V0', 'V1', 'V2', 'V3', 'V4', 'V5', 'V6', 'V7', 'V8', 'V9', 'V10', 'V11', 'V12', 'V13', 'V14']
INFO - 11/19/25 23:42:40 - 2:44:19 - split up the dataset into 90 training examples and 10 test examples
INFO - 11/19/25 23:42:40 - 2:44:19 - ============ Start of generation 17 ============
INFO - 11/19/25 23:42:40 - 2:44:19 - Memory allocated:  45.32MB, reserved: 9964.00MB
INFO - 11/19/25 23:42:40 - 2:44:19 - training
INFO - 11/19/25 23:42:40 - 2:44:19 - step 0 | loss 0.1652 | step time 277.75ms
INFO - 11/19/25 23:43:07 - 2:44:46 - step 100 | loss 0.0331 | step time 270.49ms
INFO - 11/19/25 23:43:34 - 2:45:13 - step 200 | loss 0.0311 | step time 270.48ms
INFO - 11/19/25 23:44:01 - 2:45:40 - step 300 | loss 0.0309 | step time 271.97ms
INFO - 11/19/25 23:44:28 - 2:46:07 - step 400 | loss 0.0309 | step time 270.56ms
INFO - 11/19/25 23:44:55 - 2:46:34 - step 500 | loss 0.0314 | step time 270.45ms
INFO - 11/19/25 23:44:56 - 2:46:35 - step 500 train loss: 0.03101888671517372 test loss: 0.30104920268058777
INFO - 11/19/25 23:44:56 - 2:46:35 - test loss 0.30104920268058777 is the best so far, saving model to /home/yuebi/Project/dim19_run/dim19_run_2/1111/model.pt
INFO - 11/19/25 23:45:23 - 2:47:02 - step 600 | loss 0.0316 | step time 270.49ms
INFO - 11/19/25 23:45:50 - 2:47:29 - step 700 | loss 0.0319 | step time 270.43ms
INFO - 11/19/25 23:46:17 - 2:47:56 - step 800 | loss 0.0307 | step time 270.69ms
INFO - 11/19/25 23:46:44 - 2:48:23 - step 900 | loss 0.0306 | step time 270.41ms
INFO - 11/19/25 23:47:11 - 2:48:50 - step 1000 | loss 0.0310 | step time 270.70ms
INFO - 11/19/25 23:47:11 - 2:48:50 - step 1000 train loss: 0.031027808785438538 test loss: 0.36774709820747375
INFO - 11/19/25 23:47:38 - 2:49:17 - step 1100 | loss 0.0310 | step time 270.36ms
INFO - 11/19/25 23:48:05 - 2:49:44 - step 1200 | loss 0.0299 | step time 270.27ms
INFO - 11/19/25 23:48:32 - 2:50:11 - step 1300 | loss 0.0299 | step time 270.40ms
INFO - 11/19/25 23:48:59 - 2:50:38 - step 1400 | loss 0.0323 | step time 270.38ms
INFO - 11/19/25 23:49:26 - 2:51:05 - Memory allocated:  45.32MB, reserved: 9964.00MB
INFO - 11/19/25 23:49:26 - 2:51:05 - generating
