110101111010,100101011101,010110101100,010110011011,001101001110,011101110101,111011011000,000011111111,110011000111,101111101001,111000101111,101110110110
010110101110,111000101101,000011111000,010001011011,101110011001,101011001110,011011010101,100010110111,111101110010,001111100011,110111000001,000101011101
111001110010,101011101110,111010001001,101001010111,011111010100,110101001100,100110011010,110110100111,010011001011,001101101001,011000111110,100011111101
100100111010,000001001011,000110010111,110101100101,101010101101,111100000011,010111001110,011011110010,110111011001,110000011110,011100111101,101101010100
011111101000,010100001111,110101011010,001100110011,000010111011,110010100110,100100111100,111000111001,110110010001,011010010100,010001110101,101011001111
110011001011,111100011100,011111100000,100110101110,101011111010,100101111001,001100111011,010010110101,111001100111,010001011110,001011001101,100111010111
100100111010,110000011101,010100100111,101001100111,100110001011,111111101100,011010111011,001110010110,110011010010,011101011011,101111110001,000011111101
101010001101,011010011011,100011001011,110100110101,111101011110,001100101011,101010110010,111011101000,010110000110,000011111110,011001100111,001111010001
011011010101,010000111111,110101000011,011101010010,101011101010,111000110001,101100011101,110110011000,110101100100,011110101001,000101111001,000110110111
010111100011,101111101001,110011110100,110100100101,110000011011,010010001101,000101011111,011001101110,011101010001,101011000111,111110001110,001010110111
111001011011,101010101010,110110011000,101101011110,111101100000,010011000110,001111001011,111110010101,011100110010,110100101111,001011111101,100111110011
000010111100,110100110010,110111001100,010001011011,110001110101,011010000111,001111010001,011110101001,101011101010,101000011101,011001111100,000101101111
111001101101,110101101010,111100010010,010100111100,100010110001,100101010101,010011011001,010001110110,011111100000,010110000111,101011011110,001101111011
100101011011,110011101000,010110001011,101010101111,110000000101,111101100110,000011010110,111110011100,011001011101,010000111110,000111110101,111010110011
000101001110,001111101001,110001101011,111100001101,101001100100,101101010011,011100100010,011001010101,001010111111,111011011000,111011000111,110110110100
111000111001,100100001010,110011001001,000110110011,111001100010,111010000111,010100101111,101111100101,110101010101,011111011000,001001011111,100010111100
011111110000,111000010110,000011110011,111011001010,110001101100,011010111101,010111000101,011001100011,101001010001,110100111011,001101011110,101110100111
111001010110,010000101011,011011011001,001100011111,101111000011,101010110001,011110101000,100011111010,110101111001,110010001101,010111110101,001001101101
010111001111,110110000001,100000101111,101010011010,111101101100,111001000011,101001010101,011010111001,000101111011,110011110110,011100010110,001111100111
111010001000,011000111111,100011010101,110101010011,010111111000,011111000101,111110110110,110001101110,100110001111,001101011110,101011100011,101100101101
111101100001,101011110011,001011001101,111000111100,100110101101,110001010101,000100111111,011010100111,111110011011,110011101010,010111110000,101101000110
010010111111,111110100001,011011010100,101001110011,000111001011,011101101010,101010101110,101100010111,000110110010,110010011010,100101111100,110001100110
000111100101,100010010111,111011000001,010110011011,110010111001,110110001100,101111101010,011110100110,010001101111,101100011101,011011011100,110101110010
101001110111,001101001100,010101010101,110101010010,100110100101,111010010100,001111010001,011110100110,000110011111,110011001011,111100111001,000011111000
111011011110,101010111011,111110001101,100101011001,110001100010,001101000111,010000111111,010110010011,111100110100,000111101100,100011010101,011011110001
110100100011,110101001101,011010001011,111000111100,010111101010,001001101011,011101010001,001101010110,100011011011,101110001000,111011100101,000110111101
000110010011,110010110000,101111010110,000111011100,011011001010,110000011111,011001110101,011100101110,101101111001,111110000101,100011100111,001010111101
011011001101,100011110100,001101111100,011111110000,010110101110,100111101001,110001011010,000111011111,110101010101,101110011100,101101000110,101000110011
010010001111,010011110010,100110100100,011000100011,100001101111,011111101000,111101001110,111011010101,101010011010,100111000011,110100111001,001101010111
001100101100,101001001010,000111001111,100111110011,010101100010,011110010110,000001110111,001101011001,110011111100,011010101011,110100011111,111001000101
011011001101,100011110100,111111000101,011010111100,100001100011,101110110110,010101101010,010101011011,110110101101,111100011011,010101111110,101011010110
100110010011,010010001101,101101000111,110100010011,010110101000,111110011010,101101101110,110100101110,100101001011,011100010110,111010111001,111011010010
101010001101,010011001011,100100000101,010001110011,010110101100,111111001011,011101010100,011011111001,101110111000,101100101110,111011110001,111000010011
111011101110,010101101011,100100000011,101110011011,110000100011,111011001010,111101000110,111010101001,110110001101,110000110001,110100110101,101010100111
101010001111,010011011010,100101000010,011110011001,101000101110,111111001010,101111010101,011000101001,100101101100,011010000111,100111111001,001010110011
000110011111,110010000101,110101010010,001101011001,101010001010,101110110010,100101101110,011010010010,010111100110,011111001000,011010110000,001011101110
010111101111,110111000001,100001100111,111110100010,110110101101,111001001000,001101010111,010010010101,000110101100,010101101001,111101011000,001110101011
010011011111,100111111010,011100100101,101111100010,110001101100,111001111001,100111011001,010100101011,111010110100,111100101011,111100011001,000011110111
111010001000,011000101111,110011101001,110001011000,101101010100,001100111010,101000010110,110110101001,010100110110,010011100110,011000000011,101110100011
1010100010011101010011100,110111011000,001101011111,011101001010,011011011011,101101010101,011000101010,110101111101,101010011011,100101010001,001010110111
101110001111,010011001010,110101000110,010110111011,010010111010,011111001000,000110110110,001110101111,101011001100,111110001110,100011010001,101010110111
000110010110,001011110011,100110101101,101001001011,110010001011,111110010101,101111001110,110001010011,110110011100,110100111101,111100011001,11101010110111,010101001,0111111,101000,1011,01010011110100001000101,1010101,1011010111011101110000,11,01010100001111110011111101010001,101110011101010,1,0,1010,00,0,0101100,0,1001110101000,1,10001,01100,01000,1010110000,1111010,101,00100011111111,11011100,
000111110001,101100101100,100111010101,000110010010,110101111100,110010010100,001101011110,110001101001,001110011101,011100010111,011011011111,101010001010
111001010110,010000001100,011101110101,011001011110,101101001011,100011011001,101111011011,111100100110,101101101001,011100101011,101111010001,101101001100
011010001111,010011001010,110101000111,010110111100,111000111010,001111010000,011101111110,111101101100,001011111110,011000011011,111011111110,000001010110
001100101100,101001001010,000111010101,110010110101,010110100010,011110011101,000111110111,010001100110,101110101100,011100100011,101101011110,101011010110
111011010000,110000001111,100101101111,111101011010,101011000001,111010001010,101011111110,111010101010,110111001001,110000101101,011010110011,111010100101
110010101010,101011110101,011010100100,111001100111,100011011010,101101100101,101110100000,111010110101,100110101000,010111001010,000110110101,001010110011
011111100000,110000001111,110001011011,011100110100,011010101010,101010110111,101101011001,011010011001,101010100001,010110100010,101101100110,111011011101
011010010110,110100101111,111101001111,001101011100,001111101000,101001001010,011110011010,110110010110,011111100111,001000111001,101011000101,100010111011
111001010110,010000111011,111001111001,001111011100,101001001011,101000110011,010110101001,110010010010,110101101000,111100100101,010111000110,101010101011
0101111111100111111100001,000011111100,100100111010,100110000101,101010101011,110101010101,010011101101,101010101010,110100001010,100101001110,101011001111
110101101011,010101001001,111010001011,111000110101,101000100101,011001001010,000001010110,110011110101,001011110010,0110111001001111011110100,100111000111
011111010000,110000001111,111010011011,101100001101,101001101010,101010010110,011101100100,100010110111,111101111000,111111001010,011010010001,010010111111
111001110000,101011100100,111110001001,0011100111101111000010100,010011001110,001101011011,111010100101,011101101001,110010101011,011011011110,100011110011
100111011111,110100000010,001111000111,100110100000,110001101101,111111111001,000111010101,001110101001,101010011110,010100101011,101101011001,101111010111
111001110000,101001101100,011101110100,110101010011,100110010011,0100111010010101111011010,101100100111,110101101001,111000011011,100101010110,101010111001
001100010111,110110001101,100101010111,001001011001,110001101011,111000010010,101101110010,110001101010,110101101110,101100111010,101010010110,100010011010
000110110011,110010010100,000101001111,101010111011,110010001011,101110110101,001101101110,011010100110,110101101110,111100101011,001111111111,101011001110
1010100010011111000111100,100011100011,101010100111,110101010100,011001001110,101001110101,011110100100,011111011110,100101101011,001101011010,010111010101
0011110010011101000011100,1000111010001,00101001100,010110111010,010111010110,100110110110,001010101111,101101011001,001110011011,101010000010,000001011111
010010111111,100011010100,010111010010,011101011011,010110001001,111010110010,101011010111,011100101110,101111101000,110110000101,111001011000,000110110110
010110101110,111000101011,110011001010,000101011101,011110011001,101001010010,101001110110,101011010110,001100111110,001111011000,111011000101,000110110101
011010010111,010011110011,100101011111,110101110000,100010100010,110011010011,101101110110,111000100111,100101011000,110110011101,101010100111,101010101101
111001001000,101001101000,110101101011,101101011101,100101010010,010101001010,001111011001,001000100111,011101011110,011011101000,101011110110,110010111011
011010010111,010011110011,110101010011,101011011011,110010001010,111010110000,101101101010,101010100111,110100101100,110111011001,110101011010,001010100101
010110001110,110100100001,111110101001,011100101010,110000010100,101001000010,100101010100,101110010111,010111011111,001011011011,111011010001,000010111111
0110110101000111101100011,000111011011,111100111011,100010011001,011010010101,010111010110,110101101011,110101011100,110100011001,001011010010,101100101011
000110011100,010011001001,011001001111,010100111001,110010111010,111110110010,100000111111,011001101111,100111101100,011100011001,001111011001,001001010110
100101011011,110011101000,010000101011,101101011110,110110001010,100111010111,111111011001,001110011101,111001111101,011100101011,101110010001,100011011101
010110100011,110111001001,100010010111,110001011101,100100010101,001011001100,011111010101,011101110110,101111101010,101101011010,100110010101,001101010011
110101101011,001111001001,1101101010110111100100100,100101100101,101001001010,010011010011,011110100001,000111110010,010010001010
111010101000,011001111011,100001001010,000101011100,010101111010,011100001011,011110110010,011001100011,111111100010,100001010010,101011100001,101100101011
010010111011,110110100000,110111010111,101010100001,011001101101,101101010010,101111001111,011100101001,000110101101,111100011011,111100011001,101010100100
111101101000,010001101101,000111010111,110000110101,100110100011,111011001001,101111010011,101000110110,101001101100,111000111011,100101101001,111010101111
001100101100,101001010101,100010010111,010100010101,010110101010,101001010110,111111100011,011001011001,010111011100,011000101010,111000110001,001010111111
110101101011,110101001001,111010001010,010100110101,101001010101,101001011010,001010110010,101010110111,001010101001,101001001111,110111100001,100110111111
111000100000,011001011101,100010010010,010111011101,110100011010,010101001100,100011001011,011000100010,010110111100,110101011011,100111101101,000110111111
0001111101111010000010101,100101010011,101110100011,101000101011,100010110001,101111000110,011001101111,101110101110,011101001011,111100011111,101011000100
111001010010,010000111011,000101111011,111001111010,010111101000,101011010000,101110010101,110011011010,100010010100,111100010100,101110010110,111010101101
1100110101100111100011111,011010101011,101100010011,101101100100,001011101010,101101010100,110010100110,100000101010,111101010000,101011010110,100010101101
111101010011,101000101100,110011100011,101110010101,001011010101,110001011000,000111001011,101010111011,110101111101,011010101001,111111010011,100011001110011110111101101111100000000,1111,11010101000101001110100,011011101111000001111101,10101010000011100001011010011111101010011,101111011101000,11110110,10,1,00111110001001101000111,1,01010,10001011001,1011110000,1110100,001,10100010011101,11011100,
000010110101,010101010011,100011000111,010101110001,010010101010,011110010001,101101111110,011011100010,110101001100,101100011001,111101011001,001001010111
111011001001,101011111100,111011111100,000111010110,000110110010,100111111110,101101110110,000001000111,111110011111,110101001100,111101111100,001000111111
011110010000,101011110010,000011110111,100001101010,000011101100,111011110101,001111010110,111000100010,111110011101,110010101011,100101001111,101010110011
101001110111,001101001101,011011010111,000101110001,110100010111,101011010001,101011010001,010100101110,110101111000,110010010101,100100011001,10101100111010101011100110011010010010010001,0101011011,01001000010011010100,1111110101010101,10110101,01011101001110111010110101010001,010100010101010,110,1011,10,1,0101110,0,1001001001001,1,10110,10100,01010,1011010000,01010011001,101000111111,0,11,011010
111001010110,000011111001,111111111101,000101011000,101100001101,101100001011,110111000010,110110100010,101111111000,000011100101,011011010001,001011100011
111010101000,011001111011,100011010011,010101110101,110010010010,101011001010,011101101110,111011100010,011111101100,011001000110,011111100010,101010110101
1110010010011101001001100,000001011111,100111001011,110010100010,101011010101,101111011010,111001010100,110101101110,101100011011,101010010010,101011110011
1110010010011101011011011,100011101001,111001000101,100100011101,010101000101,101010110110,011101101101,011111111101,111011010001,101011000010,001011110110
100111111110,110100101011,010111011110,010100110001,110110001011,011110001011,101111011010,011010101011,001011101110,100000011110,011010111101,111000100111
000110101100,000111000101,000101000111,010111011011,110010100001,111110010010,100111101010,011010100111,101101101110,111111001011,010100011100,001001010110
011111000000,110000010111,100011011011,110100010011,110110100010,111010010100,111011110101,010100100111,100100101110,111000011101,101011110001,001010101111
100100111010,110000101101,010101010111,110101000101,110110000101,111001010011,101110110001,011110100110,101111011010,101101000101,101101110111,000011011111
111010001000,011000111101,1110100000101,10101010111,010010011010,101001001010,111110110100,111010100110,011111111010,000001011100,110011000001,000111011101
000110001100,101100001111,100011010101,110100010001,110110101010,001010010010,111111100010,111001101010,110101011010,110011101100,111010110110,001001010111
010010111100,110100001101,010101111111,101100011010,110011101010,101110010110,110111011010,011000111010,110111101010,001100011010,111010010110,011011110110
011010001111,110000001101,111011001110,010101011011,110101011000,011101001010,101110110111,001011100101,000110101010,111000110011,101111111001,000101011111
010111001011,001111100100,100001101001,101001001100,101001101100,111001010101,010011010011,010000111000,010111111111,111010101011,110100011110,110101001100
111001010110,010000001111,011011110101,011000110011,100011100011,100011110000,101100111010,111000101111,101111101000,110100011001,011111010101,001011100001
1010100010011111000001101,100011010011,101010110101,010101100100,011100001010,101110100011,011010111111,101100011000,010101011001,001101010110,010110101011
010111101110,011100101001,110001101011,101100011101,110101100101,101001001010,000011010110,100010100111,001000111010,111001000110,100111000011,111110101110
001111000000,110000001111,110101001110,010001110101,101010111010,010110101001,101110110101,011010100100,101101001000,111100100100,011011110001,101001011001
010110001110,101000101100,011011111001,100010011101,111000010100,001001001010,010111010101,010101010101,110111111010,101010101010,111011011010,000101010111
111001110000,001011001111,10011111010101001010111010101010011001,010010010110,110100100111,0100101011100110110101001,111010011011,001110011010,101010110110
100100111010,000011001011,100110001011,101110100101,101010000101,101001010100,101111010110,011110111010,000111011101,111101011001,011010110101,101010101110
101110110111,010011010110,000011010110,101110100011,010010101011,111110010110,100011101110,011010101111,100111011100,010100010111,100101111001,001010110110
111101101000,010001010101,100101011010,011010001100,001101101011,101011010100,101110110101,011010100101,001110100000,110100001001,100111101001,101010101011
011010001111,101000111101,110011001011,011101011010,101001111000,100101010010,011011111001,011010011110,011101110100,011100010100,101010010010,100111010001
010010111111,010011100001,110110010100,011001010011,000110001011,111001010100,011101011110,011011101101,000111011100,010100000101,111001110001,001010101110
000011111100,110100110010,110011010111,001011010011,111001100101,101011010100,101111001110,111100100011,110111011101,010100011011,111000111001,101001100110
010111100010,111110101000,100011111000,101000101001,101001011010,010101001010,001011001111,011010100011,000110111001,010010100110,111011011001,100111001111
111011001000,011100011101,111101011011,110000011001,110111101010,011101000010,100010111011,011000100111,100111101110,010101000101,101010011010,100111101101
000111101101,000011000101,111001010011,010110110000,110010101010,111010010000,101101010010,011010101110,001101010111,111100011011,101010111101,001010110110
010111100000,011110001101,110010101010,110100100100,101101010101,101010110100,001011010101,011001101010,011111101000,101010000101,110011001101,010110100111
011011001101,010000000101,110101010111,011100110010,100110011010,010111010000,101001010110,111011011010,110010011100,011111011010,011001010001,111010101101
110100100010,001010101111,111010000001,101101111010,101010010110,101011001010,101001010100,111010100101,011000101010,010101101010,110110010101,100111010101
011111101000,010100110011,100110010111,100110110001,100001101101,111000100101,100011010111,011010110111,001001010100,010100000001,101101111101,001110100011
000010111011,001100010101,110101010111,110101000101,010110101001,111001000100,101011110110,011010101110,001101011110,011000010011,101101010111,001011101110
111010001000,011000111111,001011010011,100001010100,101011101010,101111001010,011010110111,011000101101,100110100001,110010101011,101011101010,101000100111
100100110010,101001001010,010111000100,010101110101,010100001010,101111010010,100111001011,011101100110,110111010000,101100100111,111100111100,001011010101
111011001110,110100001101,111100001011,011111011111,100001100010,001001001010,110101101011,011110010100,111110111010,011101101100,101011110001,110101011001
101100010111,010011001100,010101010110,010001111101,010110100011,111011110000,101101111110,101010101111,101110010010,111111010101,101110111101,10100011011111101000110001010010,001000,1101,101101,111,100001001000,1110101,1101001001011001,11001,11,11010100001111010011011010010001,101111011101011,1,110010,10,0,1101011,111001110001011,1,0,011,01000,01001,1010110000,1111000,001,00110011010101,10011110,
001100110011,110011001010,000101010110,110001111101,110010001010,111110010110,001111011110,011010100110,101110101010,111100011011,011110111101,101001010100
011111000000,110000001101,000111110110,010100110101,101010101011,101010001001,111101000101,011010101010,101110011100,111000010101,100101110101,001011010101
100101011011,000011101011,111000101011,011101001001,110010001101,101100110100,101110010010,101111011110,001001011110,111100011001,000011011101,000010101010111010001101110111101000100,1111,0101001111,10001100100111111100,11110,1010110001,11000,11,00011100101111110010011111010001,101100010101100,1,0,1101,10,0,1101100,111001110101001,1,11110,11001,00010,1010010000,1101000,101,101000010110,0,01011110,
010110100010,011111001011,100011101011,110100100100,011010100101,101010010101,010011110111,011001111101,100110011100,111010001010,110110010110,101010100110
010010111100,011111101000,010110001101,010110111011,110001000101,110011110110,001101001010,011100010111,001011111101,110010100011,011111111001,101011000100
111001110000,010101001100,011101001101,110001011111,010111100000,011111000100,001111010011,001101110110,101111101101,110100001011,101110010110,101010101110
010111100000,111100001100,011011011011,100100111011,100010010110,101101001101,001011010110,111100110001,001011001000,100010100110,111001111010,100111011101
111101110000,101001010110,110101010101,110101010011,100101101000,110110010100,001111011101,010000010101,011011110110,011101101000,101010011110,000111100001
000110010111,010000110010,101011010101,100010010011,110001001010,111110010010,001111101111,010001101111,100111101101,111101011001,011101011000,001001010010
1000101111100011100101010,010100001101,101101110011,110001000101,011011010110,001111010101,111100010101,101011111010,110000101101,011000110101,100101100110
111100101000,010001001011,101010010011,111001001101,101001101010,010011001010,101101010110,110001101110,111100101010,110111100001,111010001101,101011001011
011011101101,010001010101,000101011111,111000111000,100110001011,111011010001,100111001110,101000111010,110110001100,010100011011,110101010110,101110100110
010110101000,011001101001,000011110110,100101010111,101010010000,0110110010110101101010110,101010100111,100101111010,111011011100,110111001101,001010110101
111111001000,010100001111,100100000011,111000110100,101010101011,101010101001,011001111111,011010101010,100101011101,010010100100,000111000101,101010100011
111011101100,001111101000,011100011011,111110011111,111011100010,011100111001,000001011010,010010100111,100101101101,110011100010,100111011001,100101111110
110001011011,010100001101,100110001001,100101000101,110001101101,100101010010,101100111111,011010010010,010111111110,111100000101,110110111101,000011100110
111011001110,001010011011,001011110100,011100101011,110011100011,011111010001,101111000010,011000101111,001111101110,110100011100,111111100001,101000110110
111001010100,010000001101,100111100011,011101010011,110001100100,101100110010,100100100110,011010010110,001111101110,001011101100,011000110110,000011110010
010110101110,011001101001,000011011011,100000110011,010011100110,111101010110,111001001101,010001110111,010111111110,111000100101,111111011101,000111000101
110010101010,001010011111,110101001010,000101011011,101110010010,010101001010,101110011111,011000011101,010101101001,111101000101,111100010001,100111000101
100100111000,110011001100,010100011010,001001011001,100101000101,111101010110,011111010010,011010101001,101011011010,011000001010,110101110001,100101011100
111101110000,001011001111,010101110010,111101011101,001010001011,0101101100010010100011111,010010100011,100110111000,111100011011,111101011010,011011001110
010110101110,101011001011,111011000100,010101011101,111000010001,111001000010,001011101110,111000101100,001111111010,011111011000,110110010000,001011110100
111011011000,101011101111,111011011101,111101011100,100110000011,111010001010,101110101110,111000100111,101110011010,001100011010,111011000010,001010101101
111010010100,110000010111,111101011001,100101011011,111010001001,101110010010,111110011111,010101111010,110101101110,001000111010,001011010010,001011101010
010010111011,101100101100,010100011010,101011011101,010101010101,011011101010,000101101010,011010100101,010111011001,100010110111,101000010101,101111001101
000110101100,001011001101,111011001101,100100111100,011010100101,101010110010,000101110110,111001101010,110111101000,110111010101,110010011010,101010110110
010110101110,110100101011,011010111001,110100100101,101001100101,101011010011,001101010101,011010110101,101111101010,101101010110,110110010001,001001010011
011011001001,001000111101,100011001011,000101010010,101101010010,110101001001,101100111110,110001100110,010110011011,011100110111,011010011010,001100110111
010111001011,110111100010,001111010110,010100100100,110110110101,110001100101,001101011110,111010100101,111111001100,011101101110,011011010101,10010011111110101000100110110110,0,0100,1110,1011101111,000001001000,0010010,00010,1110111001,11001011,11010011011110010011011111010,00,111101010101101,0,100010,10,1,0101110,111000111111001,1,10111,10010,01001,0011100000,1111000,111,10110010111101,00,11100,
1100110101110110111100011,100110001100,010100011001,100101100101,111001001011,101110010101,011000110101,100110101010,110010000101,100100110101,001010101111
110011001111
000110000011,101111101010,100001001111,100110110100,111000100100,111101000010,011101010101,011001011001,100100011100,001100010101,111011011010,011010110101
111111001000,010100001111,010101011110,000100110010,101110110011,101011001001,010101110101,011011001000,101101011000,010010101001,010110110010,001010100111
111001010111,001011010101,111011110001,001001011100,001010001010,011010110101,110100101110,1111001011110110101100010,111100001010,111110000011,101010111110
010111101110,111100101001,010010111000,110000010111,101011100101,101001010110,000011011010,101000110110,110110110001,001011000010,110011011101,100101011111
000110011111,100011101010,001111010111,101110100100,011001101100,110110011001,001111101111,011100101000,111101111100,110100011011,101010011001,001011010010
000111010111,001111000001,000111001111,1111001010101000110100001,110010110101,010100111100,011001101001,110110101100,110100101011,111111011111,000010101110
000010111100,001100101011,100101001101,110101011101,101001100001,101001000110,010011101111,011000000010,110101111110,110010011001,100100011110,101101000101
111001110000,101011011110,001111110100,000001010111,010010011011,101110011101,101111001010,110001101001,110100001001,110101011011,110101010110,10001100011110100101110110010001,001100,1001,110101,111,100110101000,101001001111001010111001,10011011,01101010011111010001110100011,01,010101010101011,1,0,1010,10,0,01010110111001101011001,1,11010,10000,01010,0010110000,0101000,001,00100010011101,00,011,0,
100110011011,111000001100,011100011011,110110010111,110011011010,011101100110,000001010111,011100100111,110100011101,110100101010,001010111001,100011011111
111010001100,010000111111,100101001101,011100100011,110111000010,101111010010,011110000011,011010011101,100101101100,011100011011,101011110001,010100100001
110011011011,001011101010,111111010100,100111011011,100001000011,110011011110,001111001110,111011100111,010111111100,010100010111,111011011101,001011110101
011010010101,110011110110,010101011011,101111011000,111010001110,111000101010,010111010100,011010111011,110101001000,110110100101,000101001110,001010110111
000111010111,110000101101,111011001001,011101011010,110001101010,111100110010,011101111001,011001001010,111101101010,100010100101,001111011110,000010110111
0011110000011101100010100,001111111011,100110000100,110110110110,110001101101,000001001101,011110100101,101011011101,011000101011,011010111101,101011110011
111001011000,101011101011,100111101001,110101011010,101010011001,1011010001010010100011111,110100101111,011111110100,110110010101,101011010010,100011110001
011010001111,010011001010,100111000011,101010010100,011001101100,110110110001,100111110111,011110101101,100110100110,111000100110,100110010011,100010101110
1010011110011010001001010,110101010111,100101011011,010110101000,111010000100,101011010110,111000101111,000110011100,111100011011,111000101001,100011100011
0100101111110111111100001,110100010110,010101110010,100010101001,101101011010,101011001101,010100101000,110110101000,110010000010,100100111001,001011010001
000110010011,110010000100,111011001011,100110111100,111001001001,010001001110,001111110101,011110101010,010101111010,011100011011,001011111110,100010101110
011010010111,010011010001,100101010100,011011110000,100110101011,101011001001,101101110101,010001001110,100111010100,110110101010,100101100111,001010100010
1010000101011010011001100,111000001011,010100011011,110000011110,111001010010,011011010010,011110100010,010011011010,011010010100,011011110101,100011111011
101010001101,010011011011,100101000101,110100011000,110010101010,111111010011,111101111100,010001011010,101111100100,101011000101,111111110111,001010110100
110100101010,001011001001,111010101011,011001010101,101001010101,001001000100,101111010010,111101100101,010001111011,101011101010,111010001001,100110111101
000111111100,110100001001,011101110110,010100111011,111001011001,011110010011,101011001010,010011101010,111111101110,111100000100,011111111000,111001010111
011110000000,111100001111,0000010100101,11000111011,101010110010,011010010101,101111110100,011001101111,001010011110,101010000100,100011111101,101000101111
000111110110,110111101011,000110011111,111000010011,110000001010,111110011111,011011010010,011110100110,111111101110,111100111011,100111111101,001000110000
011111101000,101000111110,110010001001,101011011011,110001100010,010110111110,000110111001,011101011000,110111101001,011010101011,010110000101,100010110111
111100110010,001011011111,000011010110,110101010101,101010000011,011111010101,010011111111,011010011100,101101101100,111000101001,100011111010,010111010101
111001010110,001111001011,111001110101,010001011101,110011001101,101100010000,110010110110,101010101111,011000111110,111010001110,101011010111,000010111110
111000100000,011001011101,100010010011,110101011101,101010011001,101101001000,010101001011,011010101001,101100101000,010011010010,101011010101,011010101001
100010011111,010011110000,111000001100,001101110011,110001101010,011111000011,001111010110,011010101110,001101011100,110000011101,100100111101,001001101110
110101101011,010101101001,100011010011,100000011001,110101110101,011011001000,001011011110,111001101111,100110111010,011101001010,110100011101,100101001110
1101001000111110101001110,011011001011,111000101011,110101101010,011001101010,001011010010,101110110100,101001011010,100001001010,101011101001,100111010111
110001011000,010100001101,111010001001,001101010011,101101100100,101001001010,011001010100,111010010100,010111111011,010100010100,000100011101,101111100111
111011111000,101000011111,111010011100,000111001111,110011001011,101101001110,001111011011,010010100111,011101111110,111110000000,000000110101,000011100111
101010001101,001011011000,111001011100,000101010011,110110011010,101101010110,101011110110,011011100110,011101100010,000111001000,111010111101,000101111100
0100101111110000011001011,111011000110,010101010011,110000000011,101100110010,101011101110,010110000110,010101101110,111000011000,110101110100,000011110100
111001011010,101000101011,000011110001,011101101101,101010010011,101101101001,110100100110,011011101010,110101101001,110100101101,011101000110,101011101101
101101110001,101011001010,000111110101,110101001010,110110011001,110010011101,001001011110,011110101010,110100011001,010100010111,010101011010,101101001011
1110001010001101001101011,100010010001,111001011101,101000011101,111001001010,001110100010,1001011111100110101111111,110001101001,111011000101,101010110101
111100110011,101011101101,111010001011,1011110111000111101001101,111001011001,010011011011,010110101001,000110111110,010011100010,110011110100,101101001110
000010110011,110100101101,100101001000,001000111011,101110001011,101011010100,111011010101,011010101000,101101101000,010110010101,000101110000,001001101111
001100010111,110011001000,000110011111,100011011101,110101101010,110011000110,010111010111,011100101001,111111110010,011100101011,101111111000,101001011101
110101101011,110101001001,111010001011,111000110101,100101100101,011101001010,001110110011,011100100101,000011011011,010001101010,010111110001,100111011111
0101111111100110111101001,111110000101,100111011100,110000001101,101001001110,010101000110,111110100101,111011001110,001100111010,010111100110,000011111101
100101011111,000011110100,010100101101,100111001101,010110101010,101101110010,101101011011,011110101001,110010101101,111100100011,111100111001,000010111100
000111110111,111100100010,000101110111,110111100000,110110001101,111011010101,101111010111,011100100111,100101011101,101000001010,101110011010,001010101110
000110010000,001111101000,000110111101,110001010011,110010001101,1110100101010010101101101,101001111111010111000110110101001110010101111011011,10101000111100110111110101011110100010100101,11010100110110001110000,111111101110101110111000,10101011,01100101001011010011100111001001,101101001001000,1,110010,10,1,10111110101001110101001,1,10100,10001101100,101011000101110,10,001,10100001011101,01010100,
111011101000,011001111011,100011010011,110100011101,101000011010,010101001010,111110011110,011010100110,010101110110,010000100101,111011110011,101111001011
110011001111,101011010101,110010001011,011001001110,011111001010,010101010100,011110111011,010010100111,010111111111,100111000001,111011010101,100111000010
101110011111,010000010110,101101010111,100110110010,010111101010,011010010110,101101110100,110110100111,110111010101,010100111010,101100111011,001010111001
111001010010,101010101110,010011010011,100111010111,011011010000,110010011101,001100101001,110101101011,110111101001,110100101010,111110011010,101011110101
1010100011011001011011011,100011001011,110100110101,101001101110,101001010010,101100110110,011001101010,110110101100,010011001000,110111100001,101010110010
111011101000,010001111011,100100011010,010001110101,101110011010,010001000111,011111110110,011010110100,111110101000,010000000110,011011101101,101010110101
000111111111,001111110011,100111010111,111000101001,110000101101,010010010101,100011010101,011001100110,110010011100,011100000010,111101011110,101011001010
0110110101000011111100011,100101011101,001101011011,100001001000,011011010101,111111010110,111101001010,001101001101,010100011101,100101100011,110010100101
011111001100,010000110011,100101011110,010100010011,101000101010,110011010000,111111010110,111010100110,101100001100,010111011010,100101100101,101000101111
1011110010011110000011100,111101011010,010100110101,010110110010,110101110110,001111011001,011010101001,110111100010,101000001010,011011111101,100010111011
010111001111,110011100101,100001101100,010001011010,111110011001,1010101010010101101010101,010011101001,110101011010,010101011010,000100110100,001101010101
111001010010,010000011101,010110010010,111101110011,100001101011,011111010100,111110010010,101010101110,100111001100,010100011001,100100111001,111010010101
100100111010,001011000101,010100010111,010101110011,100100001011,011111010010,100111010101,011001100001,110111111100,110011100111,010100011001,101011000010
100010111111,110110000100,000101010111,101010100011,110010001101,111011110010,101111010110,111110100111,000111011110,110100011010,101101111001,110011110000
111011011110,010000111001,010111110101,111000011101,110001101011,011111000010,110101101111,000011101111,110101101100,011100101111,101111111000,101010100010
111001101001,010001110001,100101000111,101111110000,100100101101,110111001000,000111010010,101001110111,110110001110,110111001111,111011111100,110101000110
111001110000,010101001101,011011010010,101100111011,101010000011,101110110101,001011101010,011010100110,100101101000,010100001011,011110101001,001010110101
1011100010011110011011010,101101000111,100110100101,011010111110,011001000101,010101110101,011010101111,101111101101,011100101010,101001011110,001010100001
111101101000,011001001011,100011010010,010101010101,001001101011,101011001001,001011110101,011000101101,101110110000,011011000110,100010010101,101010010111
0100101111110001111100001,110110000111,110101010010,100010000101,111010010100,010101001110,011100100110,010101101100,110101101010,101000110110,010111110110
000110010111,010011000010,000101010111,111010000010,010110101001,111111110001,100110101110,011000101111,100111101100,011100001011,111111011001,101011001110
010110101110,011101101011,100011001010,000101000101,011110010101,101011001011,001011010110,010000011101,101111011000,010011001010,110111110001,101011010101
011010010111,010011110011,000111010111,101001110000,000101101100,111011000011,101111100110,010110101101,100111000010,010100110101,101101111111,000010101111
1000110111100110100110010,111110001100,000100011011,110001001011,111011001011,011001010101,010010101011,101111001101,110100000101,111001111001,111001001111
100100111110,001011001011,010101101110,010101100010,101110011001,101101010010,101111010011,010010101010,110110011000,111010001001,110100110001,101001010110
010010001110,010100101101,011000110101,110100111011,101011100000,1011101110110010110101010,011010101101,110100010100,110101100010,111010010101,101010100111
001101100101,100011001011,111001001101,010101011000,110000101110,101001001011,011101110101,001100100110,101101101110,111100011011,100110010010,111010100101
011010001111,110011001101,100101000111,011001111100,100000011010,010111001010,010101011010,001010110001,111101110010,010011011110,111011010001,100010111001
011111100000,001001101011,000111011001,111000010000,010110101010,110110110100,110110111110,111000011001,110110011100,110010000111,101111110101,101000000011
001100110011,101011001010,000111010111,100111010101,100010000011,101110010110,000111101101,0110001010110101001101101,011100101011,111101011010,100011010101
000111110101,110111100000,011101011011,111010101011,110010001010,111110010100,010111011111,000101101111,101101101010,011100101011,101101011010,001011010110
000110011011,110010001100,111011000010,001010011111,011010001010,101010111010,010101101110,011100011010,110101011010,011010100100,110110111110,101010110011
000111011100,110100110010,011101011101,101110110011,110111101010,101010010010,101111010110,111101010101,101101010110,101000100111,101101111110,110011101001
011110000000,111000011111,100011000111,010101010101,110101111000,011100000101,101111010110,111110101001,010001001110,010111011010,000010110011,100110101111
111001010110,010000101011,011110011101,011000011011,010111100010,101101010001,111110100010,000101011101,101011111101,110100101100,101111010101,101000101101
111111001000,010100001111,100101011010,011000111001,101001101011,101010001001,01110,011101,011001101100,100110100000,011011011010,100111010001,000110101011
111101101001,010101001001,001001011011,111000111100,100110100101,111011011001,000101110101,011011101001,010110101100,011011010010,100111111000,101101001100
100100111010,000111001011,011011010011,111100100101,110010001001,011101010010,010111010010,011000100110,101110101100,111000000011,111101101110,100010111100
111001110000,011001101110,011001110100,000001011011,010110010011,101111100101,001111001010,100100010110,110111111001,001110010100,100110010010,001011111111
101011011101,010100010101,010101011110,011100110011,000101100011,011010010000,101111010101,011010101001,100110011010,010010001101,010101010110,001111001010
100100111010,000010101011,111010001011,011101010011,110001100101,101001010010,101001010010,101111010110,010001011010,110010010101,101100110001,111001101110
111001010110,101011101011,111001111101,000101011100,001101101100,001011000110,111110100011,1110000101100110111111000,110000110101,110011100101,101011110101
010110101110,011101101011,100010000111,010110110010,110000111001,101011001110,011101010110,111010100000,111001101010,010001111000,110110110101,001101010111
010110101110,011101101011,100100000111,110001010011,110010011101,111011001010,101101010110,110010011101,110111011100,101001110010,110100110001,101100101111
011010111111,110011010101,000101110111,111101100000,010110101010,111001110010,101011010110,011010101001,110111011001,010110011010,101011001110,110010110101
101010001101,001000011011,110111000101,110100110011,100001010010,011011001010,111110101110,111001101010,110111011100,101000110101,110010111111,101010100010
010110001110,011000001101,111011101001,010100011010,111111100100,000101000010,100100111010,111001110010,010100011011,1100100010001111011010001,100101000001
001100010111,000111000010,001101001111,101100100010,110010101011,111010110010,000111011101,011010100101,100111101100,111100001011,001101111001,101010110010
001111000101,110010000101,001101100111,111110011000,101000101010,111001101010,111101100101,010010100111,101101010100,101000101101,000101010010,001010101111
101011011101,001100010111,111011010101,001101011010,000001100100,111010010101,001101010010,111000101110,010111011101,110010011101,101000111110,001010101101
011010001111,101011010101,100001001110,011101011101,000100110000,111100010010,011111110010,011010000001,000110110010,010111100010,111000110110,111110110011
000111110111,110000001101,000101110111,110001100001,010010101011,111110010010,010101011111,011001101110,100101101100,0111001001110,11011011010,000011010011
111101101001,001010111001,111011110101,100111011010,110001100001,111100010101,100100101110,1110001011110110111101111,011100010011,100011011101,000111001010
011010010011,110000111111,000011010101,100001100101,110001101010,111011001101,010111101101,011000101110,101101010010,001100011010,101111110110,000010101011
011111110000,110000001111,100101010111,110101000011,010110100001,111010010110,111011000110,111001011110,101111101000,101100011010,101011110101,101010101011
011010001111,010111000010,110101000011,010100101011,110001111100,011100101100,101101010101,011110100111,100110011100,111111101001,101100011001,001111001100
011111000011,110000001100,100111011010,000100101011,101001110000,010011001110,001011011011,010101011001,101100100100,111010011010,100111010001,101100110111
100000111111,110101010010,010100011101,101010100011,110000001101,111111110010,110011010110,101100111011,110110001101,010100101011,100011111001,001010101111
111001110000,010101001101,100101011010,010001011100,101000010101,010011010100,101111111001,011010101110,101011100000,110100000101,101011110110,101010100101
101010001101,110000011011,101011000111,010100110001,110101111110,001101001011,111110110101,010101100000,101111111101,001101010101,101011000010,001100100101
001011101101,001101010100,000011010111,100110100001,010110101101,011111010001,000101010110,001001011000,101111000100,110100011011,110011011001,111011001110
010110101110,011101101011,100011001011,110100110011,111100001001,111001000011,101011010110,111010110011,000100110010,011111011010,111001010101,100111000011
011011001101,100011110010,111110000101,000111110110,111001010010,110100101111,001000001111,010110011001,111101111001,011100100101,011011111001,101000110101
011010001001,110011011000,001110001111,110110110000,110001111101,011001101101,001101010101,011010111001,101101011001,100000101011,101101011001,001101011011
011100110000,001011011110,000101010011,110101010101,010010100010,011010110110,010101101110,010010101110,110111101010,111010101001,110100011110,101011001100
000110010111,011100101010,000101110100,110100100010,110111100101,111010110001,101101101110,111001101000,100011101101,011000011001,110101011110,101010101110
011010010111,010011000101,110101010110,001001111000,001110001011,100111010010,011101011111,011000101110,100111101000,011010010100,100101010110,000011011001
110100100011,110101001101,101010001011,011010110010,101101101010,101001001010,011010110001,001011000110,001011011010,011101010101,100111110001,001010111111
101010001101,010011011000,111001000111,010110111100,111001111110,001100101011,100011111001,001011100110,111101111100,101111001001,101111111100,000010110111
1001001010111010101001011,000010001111,110000100101,110111100101,111101001011,100101001110,011011110101,101000110101,011000001011,111110111001,101101011111
010111101110,000111101001,110011000101,111110001100,111000100101,111001000010,010001011110,011011101010,111001100000,111100001010,100101010110,001010110111
111011011000,101011011011,111001010111,111101011011,110011001001,101101010110,100110011111,110110100111,110101110100,001100001101,101111010010,100010111001
010110101100,110111001001,011011101110,010110100011,110110011010,101101001011,101011010010,101010111110,111111010010,100100001010,111111000101,000101011111
000010110011,110100101101,111011001000,001001011011,010110001010,101010110101,011101110110,011000100010,000110101110,011110011100,111011110100,001011010111
001111001101,100011010100,101110000111,010111010100,111001110010,111000101010,011111100101,011100100101,100101111001,101100101010,011010011010,001011010111
011111100000,010101101011,000101011111,110000011011,100010101101,111010000101,100111010110,101000110111,101111010100,110100011011,110111011001,111010100111
000110010011,001111100010,000101010111,101101100010,110010101011,101110110101,000111001110,001001100111,101101011100,011100011011,101101111001,101011000101
011010110111,110011010100,110011010111,111011011010,100001101101,101010010110,001111010111,011001101111,100010110100,111011011001,101100111001,011010110101
100100111010,001001010101,000101110101,101001100101,101010101011,101101010101,101110101011,011000101110,100111011100,01001000100101111000110011011011010110
111011001110,010000011111,011010011101,011110111011,110001100010,011111111000,001001011010,111010110110,101111100110,110100000110,011111111101,100011001101
111001110000,011001101101,011001110010,110101011000,011010011001,101100100101,101010010010,100010110101,110110001110,110100011011,101110000110,101010100101
011010001001,011000001111,000010010011,110101110000,101001101100,110111000101,101100111010,011001111111,100010011101,100011000111,100110001101,100010101111
111101111000,001011101011,111010010101,110001010010,110001011010,111010001010,001011010110,111010101110,011111100001,010000111010,010111110101,100010110111
111001110000,001011011111,001101100010,110001011101,101010011101,101101010010,010010100111,010010101100,011111101000,111100001001,101111010010,001011001110
011111000000,101000011111,111011000011,101100010100,100100100011,011010110101,000100110110,010000101001,101111011001,010100100101,111011110010,100010110111
101010001101,010011011011,100101000111,001101010001,110010101010,111111010010,111001100110,010111110110,101101111100,011000101101,101011110001,000010110111
011011001000,110000111110,110011101001,000100011110,001110111010,100111001110,101101010101,010010110101,111101010110,101000101010,001011010110,101011010101
111001011000,101100011010,000100010111,101111011011,110011100010,111010010110,001001010111,011000100111,101111011100,010100100101,111100010001,101010110101
110001111010,010101101001,111010000010,010101010011,010111011010,001001010100,011101011001,010010100111,010111111110,000010000100,111011110010,000111100011
011010111110,110000110111,101011001011,101101111101,101001001101,111000101010,010111010101,011010101111,100100101001,011010010101,101101111110,100011010111
010110110010,111000101110,0000011001101,10001011001,101011011001,010001100110,101011010110,100010101111,110111110001,111010000011,010011011010,101010111101
100100111110,101111001001,1101110010110011001011100,111001100111,101001010110,001000101010,011111011010,010101101001,010011100101,111011010101,001010110110
111000110010,100011111111,110101001011,110001010011,110100101100,101101010010,110111111010,011101101010,010111110100,000101011000,101011110010,000001111110
100010011011,001110001100,110101001011,111101001011,110001100100,111101010010,000110010010,001000011111,000111010110,000010011011,101100011010,000111111000
1110010010011101001011011,000010010111,110001111011,110010011010,111001001001,100110110110,110001110011,000111101100,101101001110,111011110101,101010001011
110011001001,101110011100,011100100101,110110101011,110010010010,101011111001,001101011011,010010100101,100111011110,111101100101,111100010001,100101001101
111101100001,101011001101,111010010101,111000100110,110010100011,110010110100,101101110101,001101001100,110111111101,011000011011,110110010001,101011011001
101010001101,101000011111,111011001100,010001000101,100101011010,001101001010,111101110111,011000011010,110111010001,000010011000,000011110101,001110110011
111101101000,010101001001,110101000011,111100110101,100001111101,010001101001,100100111101,011000110111,100111011000,110011011010,100110001010,101110101110
110101011010,110011101001,111110001001,111001010110,110101001010,101001010110,011111011001,111001011010,010110111010,101001011010,011011010010,001011010011
010110001110,111000001101,110010101011,010001011011,111101010100,001001001010,101011000101,111010100111,010001011110,001001110110,110011010001,100111011011
000110010111,010000110001,000011010101,111010100011,110110101011,111110010000,101111101110,011000100101,110111101110,101111011011,011100011100,101001010110
111101101000,010001001001,110101010011,000011011011,010101111001,101100010100,101110111111,011001101011,000111111100,011100000111,101011010111,000111001100
111001010110,010000101011,100111100001,010101011001,110111100001,101100110000,111110111011,010010000111,000111110110,111100000000,011011110001,100011100101
001100101100,101000111100,010110011011,100110110101,010010100101,110110110110,001001011011,011110010100,110010110101,111100101011,101100111001,101010110111
111000110010,010001101101,011010001011,101001110101,101110000101,011011001101,010111010110,101010101110,010111011110,111100011001,111100111001,111010111101
011010011111,110011101100,111101000010,001111000100,101000001111,101001110110,101101101101,101110001111,101101101011,010110100111,101111010001,000010111011
111010001110,010000111011,111101001011,010111111011,110001111000,111100110001,101001111110,011011100010,000110011110,011111111000,011011110001,100010100111
0011011010011010001001010,000111010111,111010100100,110110101101,111000110100,100111010010,111010010100,100111011101,111101001011,010111101101,111001010110
011111110000,110000010110,100101010111,111101010011,100000101010,011010010100,110011110110,110101100010,110110101001,111010010101,100101111010,110011100011
011100110010,101001011100,000101010111,110001011101,100001101101,101010010100,000111010110,011110100110,110101011010,011100101001,101100010110,100011110101
001101010010,101000101100,100111111001,100101011010,101001100100,110010010100,001111001011,100001111111,110101111101,111100101011,111100011110,110010100101
110011001111,101111000100,111110001000,001001011111,101000010010,001101011011,011011010101,011100100100,000111111010,011010001010,111010111001,000111011011
1110011010011101011101000,111110001101,100111010111,110000010010,110101001110,001101011011,001011011001,001101111111,111100100011,110111110001,001011011011
111101100001,010101001101,000101011101,100100110101,100110100010,010011110001,011101111110,111001110101,111110001100,101100011110,101011011001,001100010111
010111001010,111000101101,100011111001,100000101010,001010101000,101011000101,110111010101,100001010111,110101011110,111101011011,100111010101,111010100101
101011011101,010000010101,000101011010,010101001011,101110101011,111011000001,001101110101,011010101000,100110101100,110110010101,010101011001,001111010111
1100111111110111111100010,011101111100,100100111110,111111001001,0111000101110001101011011,0101011001100110111100110,111001101011,101111111000,100100111100
111010000000,011000011111,100101101011,101101010011,101010010010,101101010101,011010110101,010000011111,010101101010,110101101000,101111001010,010110101111
000111010111,100100101100,011100011101,100111011011,110000001010,111110010101,010111101011,011001010110,110111101110,101100101011,011100010111,100011010111
111001010010,010001011101,100111110011,101001011010,010110101100,101110110101,100110100110,110100101111,100110010100,011100000010,111011101110,100010101101
011011000101,101011110100,000101100101,110111100100,110001101100,011111011101,010011000101,010001101001,101110011101,110100100111,110101001011,101100101111
100010011111,011000001010,1101000010001001101010011,010010001010,111001110100,011011010110,011110110110,010101010110,010110100010,000000110001,000011111001
100100111010,110000110101,010100001011,011001101000,110110001101,111011010110,101110101011,001100111111,101001010010,110100000011,101100010001,111010101101
111001011010,101000101011,111110001001,1110010100011101101100010,101101010010,110110100010,111001011010,010100011000,000100101101,010111110101,101010100011
000010111100,110011010101,111010011011,010100011011,001010001010,101110010110,101011111110,111011001010,001100111100,110110011011,100100011101,101011010011
010010111011,101111010100,000011010110,110101010011,100100010001,011011010101,001011010110,011001010110,101111001101,010100011010,110101011010,100111100110
0100101111110011111100010,010001010111,111010100011,110011100101,111011010100,000111001110,111000100011,110001010001,110101011011,100100011110,100111110010
000110010011,001111110010,000101010111,110101100001,110100101010,111111010101,000110100110,011001100111,100111000100,111100111011,101100011010,101010100001
111001110000,101010101110,111110000001,1011010111110111001010101,110010001100,001101001011,011010101000,010110110111,111100101011,011111000111,101010110101
111011110000,010101011110,100100011111,110111010001,110001100010,111001000110,101101010110,011110001001,110110011001,010010100110,010100110110,110011111001
111001010110,101011101011,1101111110010111101011100,101101100000,101001010010,110011101010,110010101010,011101111101,001100011100,011011000111,101001110001
000110110011,101111010101,1110110011001010001011010,010010001001,111110010101,101111101111,011100101110,001110001110,110100001011,111100011110,000111101010
110011001110,011100001001,111011110001,101000101110,111001100100,101101010110,011110100110,100001111111,001110101011,011001101010,111111111001,100100111110
010010111111,111100010101,011001011011,101010010011,101110000101,010101010101,101100111010,111010101010,010110111110,110010011010,101101011100,100010101000
010110111010,111000001101,000011101011,101101011010,101100000101,100111010110,001011011110,110110101010,010110101111,010011111010,011101011000,100011010111
011010001111,110011001010,100001001110,011110011100,011110101010,000111111000,101111111000,101101100101,101110110101,110110010100,000010011101,101010110011
010010011111,000011110000,111000001011,101111010011,110001100100,111101010010,100111010111,001110011101,000001100100,010110101011,101100011110,000011110100
111100010011,010000011101,011011010011,010101011101,001001011010,010111010001,110110111110,011111101110,111111011110,001000000110,101011001110,111010110101
010111111000,111100001100,111010001011,100110011111,101001010101,101010111100,001111010101,111100010101,010111101110,101000101011,011000011110,100110110001
110111101110,010101001011,011010001101,110110110011,110001100010,011001111000,101111011010,101011011011,101010011110,010000010010,110111000100,110101011101
010110001110,110100101001,111000101011,011100011010,111111010100,101011000010,011001011000,110110101101,001010111011,001110010100,111011011001,000011011111
010110101111,001111000010,000110010101,110100010011,101010101001,011111010011,000101001111,010001111111,100100011100,110111100101,101100001000,001110000111
011010010111,010000101111,111001000010,011101011011,101011101000,100010110010,011111000110,111010100111,010111101000,111110011110,011011110100,100010110010
001100010101,010101001101,010101010011,011100110011,010110001011,111010111001,101111010010,111011101010,100100000100,011100011011,101101011010,101011010110
100100111010,001101001011,011010010010,010101010101,001010010101,101101010010,010111010001,011010010100,101011001010,110101011011,101100110010,001011011111
111001010111,010000001101,100101110011,101101110000,101001100101,101100010010,110100101011,011001101110,100110101100,111010101011,101100011010,000110110010
011110010000,101011101110,1100010010101,01101010011,011101100010,011001010110,101001010110,100010101101,010101111001,111010001001,100011011001,000011111101
111000110010,11000,001110,111101011011,101101011101,101001001101,111000101010,001111010001,000010101010,101011111100,010100101011,011110111101,101011101101
1100111111100111010101001,111101111000,000101010111,111111101000,101011001010,011000110110,110010100111,011111101000,001101101110,100010110101,001001110011
101010001101,010011001011,100101000001,011101010011,110010101010,111110110010,111101100110,011001101001,110101001100,101111001110,111011000001,101010110011
111001010010,001011011110,011011010101,111101011011,110010101000,111001000101,001111011010,111001101011,110110010001,010010010111,111100011110,100010110001
011111110000,011000110010,0001110101101,10100100001,110001111001,011110000101,000111010110,011001101011,101111001100,001010010111,010101011000,100111000011
000010111100,010100001011,110001001101,010101100011,110111100101,101001010010,101110100010,011010101010,001010111101,111100001001,111001111101,110010101100
111001101001,101011101001,111010011010,010101011101,000100010011,101101010100,010011101011,011010101100,010111111110,011101100011,101011010001,010011011111
111011001110,011100101011,100000011001,110110111101,110011100010,101101000110,111100110011,011011011111,110110001100,010111101010,100011110001,101000100111
000110010011,100001110010,001111010011,100110111000,111010101100,111010000010,010101101110,011101101000,101101011010,111110100101,000111011110,101010101011
111011001000,110100011110,111100001101,011000110111,110001110010,011011001000,001010111010,111010100111,110110010001,011000101011,110111111001,101010110111
011111110000,110010010110,1001010110001,01101011011,010010001010,111010110101,001011010110,011100101011,101011001010,010110001010,101011010111,000010110011
111001010110,101011101010,110111111001,0001010101010111001100100,1111000001110001111001011,000010010111,010110101101,111011100101,111111011110,101001101101
0100101111100101100110110,011011010100,010111010011,100001100101,111010010100,001111001010,111010101110,101011011010,110000001010,100101101101,001010111110
011011001101,100000010111,100110001100,010101011010,000110111010,100111010001,010111000101,010000101110,110110110100,010111011010,101010010001,001010100011
010110101010,101001101011,000011110110,110001000101,101010010101,101011001010,101010101110,100010111010,101111011010,110101011011,110101001101,101010101101
111010001010,001000101111,111011000011,111101011101,101001100010,001101010100,110000101011,010101100110,110011101001,010101011011,101110010111,111010100101
010110101110,011101101011,000011001100,110101010011,000110101001,011110110011,101111111110,001000001011,111111110100,101000001110,110111111100,100101011110
101010001100,110100001111,100101001001,111000010111,111010100100,100011101011,101001111010,010110101010,101111011010,111000001100,101011110110,101010101001
0100101111110111111101000,011111001100,111110110011,010011001001,111101111000,001011011000,101110001111,000101011010,010010000111,100101111001,100011111110
000110010010,110000001110,100111001011,101110010010,111001101010,110010110010,110101101110,111101011010,110101011101,011100100101,011010110010,101011010101
000111110100,110100101001,000111111111,101110111010,001001101001,011100010011,101111010011,010010101010,111111101100,111100111011,110111111000,001001010100
011111110000,110000010110,100101011011,111011011011,101001101000,111010010101,010111001110,111000011001,110100101001,010100100010,101011111010,110010010111
110100101011,010011101001,111010000011,111100111100,110001001010,011001001011,011101010001,011010101110,010011001100,101101001010,110111110101,000111011011
010111100000,111000101101,110001010011,110001011010,101010010101,101010110010,000111010010,111001100101,010111011100,100101011001,011011010110,101010110111
001100100101,010011001010,010111011111,010100100101,100101111101,011011010110,100111010010,011110100100,101111110010,101000111111,010010011001,101001010111
101111101100,010101001011,110101011101,010100011011,110010111010,011111010000,011101111010,011010111010,101011001100,011100011100,011110110101,001010100111
011010001111,010011001011,000001011010,010110110011,000110101010,111111001001,101011110110,000001111001,101010011100,011111010111,110111110101,110010001110
100100110011,110011101001,011010001010,010101011101,101010100101,001101001011,011111001010,011010101010,100110101010,011100010010,111011110001,101010101101
111101101001,101011101001,111010011101,110111011100,100100011011,000100000110,110101111111,1011011001110111110110011,111101100010,111100010001,011001010001
111001011000,101000101000,111110010101,100111011011,110000011100,110011000100,001011011001,110110100111,010101100000,101100101011,000110111110,000111111111
111001011010,101000101011,100110011001,1111010110110010010011001,111010000100,011111011010,110010101010,010100011101,111100100101,001011000110,101011101111
111001011010,010000010101,100111010011,111101110011,100111001001,111000010101,101101011110,110010101011
000010111100,111100101000,110111001001,010011011011,110001110101,111011000100,000101010110,010010101001,010110111001,011010101011,010101111110,111101001001
011110001111,111000000101,0000100101101010110110001,010001101010,111001001000,101011100111,011010111111,100101011000,100010000101,100100110101,001010101001
110010101110,010100001101,010110001000,011001111111,101011000011,101101001010,101110011000,011010101110,101010100010,010011010100,010110110001,100101011010
010111101110,111110100001,110011101000,010100011010,101100011001,101011010110,011101101010,101010011011,110101101010,110111001010,110101010100,001011010111
111010001000,011000111110,100101010011,110101011011,010011010000,001111010110,001101011011,011010101011,100111101101,010101000011,101011111010,100101000111
111101101110,001101001001,110001011101,110111011010,110000100001,111100010000,101111111010,111001100110,001110101110,100101111010,111011110110,000111110110
101010001101,010011011011,100100000001,110100110011,110010101010,111111001010,111001110110,010111101000,101101000000,010111101100,101101110000,100010100111
110101101010,101011101011,111000101101,011101000101,100110010101,101001001010,101110100011,010110100101,011010111010,100001100001,111011011101,000111011101
110100100010,101010001111,110010101011,011101010001,100101010110,000101101010,101110101010,101100110111,001000110010,100011100110,111011000101,110011011101
010010111111,000011011001,111011000110,010001010011,101110001000,100110110011,101111101110,101011100010,011101001110,111100011111,111001011000,001011110011
001100110010,001011011010,100101010111,110101010011,110100001001,111010010101,100101101110,1010011010110110110001100,111100001011,011101011111,111011001101
011110000000,011000111111,1000010010101,11101000100,011110101010,101011010010,011100010110,010101101110,101101001001,011010011100,111011100101,100010110111
101100010011,010011101010,110101011110,100100111101,101010001010,110110010111,101011011110,111010000110,101101011101,111100011111,001010110101,001010111101
1010100011011001011011011,100010010110,010001010001,101000111110,101011001011,011101100010,111001101001,101110101001,101100011110,111111000101,101000110011
100100011010,001000101011,1100100010101010100011111,101101001001,101001110010,010000101101,011010101101,010111010000,000010001010,110100010101,111011010011
010010111111,010011110000,110101010010,001101011011,110010001011,111010010100,101011011110,011010011111,001101001100,011111001011,100101111000,001011110010
111000110100,101011001111,10011111001100110010110010111010000101,011101010110,110011010110,011010101001,011111111000,110100011010,011101010110,000011110100
101010001101,001011001010,100111001100,010101111101,010000010110,101101010010,011111100010,011011100100,011101101010,101100011010,101011001110,001100110110
101010000111,010011011010,100111100111,010100100100,111001101110,111001001011,011101010101,010010110100,101001111101,011101011110,101111010100,011010110011
1010100011011010011001011,100101000111,010101100001,110101111100,001001001011,011101110110,001000111010,101111001100,011111011110,110011010101,111100100001
001100010011,010111000010,000101010111,110111011001,110001001001,111110010001,100101010110,111101101010,100110011100,111100011010,111101011010,000010100010
011010000110,010000111111,100000001001,010101011111,011101001000,101011010010,011001110110,111010100110,100100111001,111110100100,101010100110,001000110011
100100110011,010011001011,100000101011,100001011001,010110001101,011110110010,101101110110,111011101010,100101011110,111100001101,111011000101,100011001000
100100111010,001011001011,010101010011,100101100101,010010101010,111101000100,010111001110,111001101110,100111011101,0110101010110100100110010,111011010100
000010111100,001111010111,110101001110,010101010011,010010101010,101010010110,101101100110,111000101010,101101011100,010100111010,111101010101,001011110110
1100110111110110100000101,110110000011,111110010011,100001101010,011011001010,000011010101,001010101011,110101011010,110100000101,110100110110,001110101111
001111101111,010001010101,000101010111,111110100000,100110101011,111110110001,010101110110,010010101001,111111010100,010100011010,010111111001,111010100110
011111111000,110000001110,000101001011,111011011011,100001101101,011011111100,000110010101,010101101101,100101001000,111010101011,001011111010,101010100111
010111011011,111011100101,000001011111,100101110000,110100001101,111011010010,001011010001,011001100011,110110010010,010101101011,110101000110,011011000111
010010001110,110100110010,110100001101,010100111011,000010111011,111001000011,111101010010,110001011011,110101010011,010100101101,101011110001,101000100101
010010001111,011111000010,011001011110,010100100011,111100100000,011111000001,001011010110,111000111101,100101001100,000111011111,101100011101,001100100110
010110101110,011101101001,110011101001,110100101010,110100100101,101011010110,001011010010,111010110101,001011111010,010011100010,110111010101,100111010111
001010001101,110000001101,110101001011,011101011001,101001110100,111000110000,111111110101,011001101000,110101101100,101100100101,001011010010,001010101111
111111010000,010000111110,111000011010,001001011111,110011001010,011010111110,001111011101,011100101011,111011101001,110100010010,001000101001,111010100011
100100111010,110010001010,000111010111,100101011001,110101101101,111000010010,101111010110,111000101001,110111100010,111100101001,101111111110,000011011011
111001010010,101011011111,110110011011,110101010101,101010001010,101010010101,110011111011,110010100110,111111101100,111000101011,111111000001,101011110011
000111110111,001111110000,000111010111,110110100010,110010101001,011110010110,000111101111,011110101001,101101101100,111000011011,011101011001,001101000110
110100100011,110101001011,101011001011,010100011100,100101100101,101001001011,010110010001,011000110101,011110111010,010101001010,100011110100,000110100011
011010110000,111000101110,000111011011,111011010011,010011100100,011010010110,001011011111,011000101110,101110111001,111000010101,101001111001,101001001001
000010111011,010100110010,100111010111,101010000010,110110101010,111110010100,001111001111,011000100111,101101011101,110100101010,101101111001,000011011110
001100010011,110010001100,110101000111,110101011011,110001101000,011111000110,001111110101,011110100110,101001101010,111100001011,101101101011,000010111110
100010011010,110100101110,110100001011,101010011001,110001100101,011001101010,001011010110,101100110101,010011001101,110010111011,100100111101,100010100111
100101010011,110111101000,010111111000,010000100111,010110001010,011011111000,101111010011,001101101111,101101011100,111100001001,101111011110,111001011011
111000110010,101101011101,100110001010,001001011101,010110000100,101100101101,110111011010,011010101101,011111101010,000100100100,001111100101,000010111101
101010001101,101011011011,100011010100,010101010101,101001011010,101101001010,011111110010,011011111000,010101101100,101000011110,010011110101,001101010101
011111101100,010100000101,011000011111,101010101011,000011100011,111010110000,011111111000,010010101010
010010111010,011111010101,111011110100,101100101001,100000001011,111101010101,100101011110,011010101111,001101010100,110100011011,111101001011,000010101010
000110010011,110010001101,000101010110,011101111001,000101101001,110011110010,101111011110,111000100110,101111101100,011100001110,101001011001,101000101111
111001111000,101101010100,000011010011,111001011101,010010010101,010110110101,000111011001,0110101010010110101111100,111100011011,011001011010,111101000110
010110110010,101011101111,001101101110,110101010001,101010000001,1010110100110101111101111,110000110111,111111111000,110101001011,110101010101,001010110001
011111001100,010000110110,100101010011,101110110011,010010101010,111110010000,100101011110,110100101011,110101011100,010010000101,101001111001,100011001111
000111010111,010000000101,110011010111,100100111011,100110101000,111110010000,010011101010,011001011110,001111100110,111100010111,011101011110,001110100101
110101100011,110101101011,010010010101,010000111101,011011101001,011001001001,101010110011,010110100010,001110111000,100001101010,100111111010,101101011011
111101101000,010101001001,110101011010,010100110011,000110110010,101011010100,001011010010,101011101010,101111111000,100011000010,110011110101,100111010011
011111101000,010001101011,100001011110,010000111011,100100110101,111010000101,001111100110,011001100010,101011011000,111100001110,010111110101,101100100011
010111001111,110000001101,010010110011,111010100010,110100010101,101111001010,010011010110,000010010111,110111110011,101101101011,111111011001,000101010011
000100000110,101100101101,011101001011,110100011101,100110100100,101101010010,101010010010,011101011010,000101011110,101010010100,111100010001,110110111110
1010100011011010011011010,001101010110,011000111100,010010101011,011101110011,101101111001,011011100110,101100111100,111100011011,101111111001,000011010101
100100111010,110010010101,111010001011,010101010101,101101001010,011001010010,011111010110,101010101001,101000110010,111110100101,100100110001,100010101111
101010001000,011000111111,100011001011,100101010101,011101011010,101101010010,111110110110,010001111010,011001011110,000111011000,011001000101,101010110101
111001010100,101111001100,011111110101,100111010110,110001100100,111010011000,000111011011,001010101110,110100101011,101100011011,111011011001,001011110101
110010001110,111010110010,011011001101,100100011111,100111011000,111001101010,001011010010,111110010101,110101011010,010001100111,101001110101,001101010101
011101011000,101000101010,000101111011,100001011100,111010101100,110001110110,000100111110,110110011001,101001010101,111100101001,001001111110,101011110111
010010001111,010011000100,110101001010,101000101011,100100100011,101011010010,101111010110,010010111011,000100011010,110011011011,110100111001,100101001100
111011001001,101000001101,111011010011,100111011001,101000011010,101101001010,010000010111,010001101110,010110111110,011011101011,100101001010,001010110111
010111001111,100011110001,000101110010,101101011010,101000101011,101011010010,011011001110,011010011001,111101010000,111100000110,111101010101,101011010110
101010000110,110101001111,001001011001,101100111011,101010101010,101110110010,101110010111,00,011001110,101101100110,110110000101,110111110110,101000100111
011110001111,110000001110,000101011111,100100111011,110101101000,011011001110,001111010101,011110101001,100101101101,010100100110,101110111011,101110,01011
011111101000,101000111110,110011011011,100100011101,110101100010,010010010110,000111111010,011001110111,011011000011,011011001001,101111110000,100001110111
000000011111,011100001001,010101011011,101001010011,101110001011,011100110001,101010100110,110101011011,110101111110,011100011011,111001101101,111010101010
110100100011,010101010011,101011010111,111000100100,100101100101,111001001010,011110110010,011000001101,101110111010,110001111000,011101100001,100111010111
000111110001,110100010111,100101010111,111010100001,110110101010,111010010010,110110101110,011001100011,101111011100,011100011010,011010101011,111010101001
100101011010,000011001011,010111010110,010101111101,100110001011,101110010010,010101010001,011011101100,101101011100,111100010100,010101110100,000011010101
110100100011,101010011101,111010101100,000001011101,101101011011,101001001010,101110100101,010100100010,010101111010,100011101001,110011011001,011011010101
100111011111,011111100000,010100010111,110110100011,110001001101,110111110000,101111011101,111010101111,001011001110,110000010010,101100111110,101011101110
010111001111,110111000001,100001111110,010000100011,110110000101,111001010011,101110110110,111001110100,001110001100,011101111111,111011010001,001001001011
011010001111,101000111101,110011000001,011101010100,000100101100,101001001010,101111110011,011001101110,010110010101,101111010101,110011010010,101000111110
111010000000,111000000101,111011011111,100100011101,011011100010,011101000110,111111100011,011000100011,110110101001,110010001011,011010001111,100111001001
010110001110,110111101000,011000111000,010100011111,010011010010,101011110011,010000111001,001101010111,101111101010,101110001000,110110010001,000101010111
010110101110,110111001001,111000001110,010100111101,110000011011,101001010011,010011001010,011010100110,001111100010,011111011010,111011000000,001010111101
011010110000,111000111110,1100110010101001101011111,011010000010,111010110110,101011110010,111110101110,011101011001,010110011010,100110100110,101010110111
010110101110,011101101001,100111001001,110100111101,010010100101,100100110011,100100010110,011000101111,000101101110,011011000010,111011110001,100111000110
100100111010,110000101010,010100011010,101001010111,101101001010,010111010110,011011010110,001100100111,110111011000,111100010100,111111111101,100001011011
101010001111,010010011010,100110001110,011100110011,010001101010,001111010011,011011011110,011111111000,100111001100,011110000111,110010111101,001100110001
000010110001,010100110010,1101101001001,01101000011,010100001010,111111001100,111011010110,011101011001,001011100010,011000011111,111100111110,000010111010
100111111111,010000000101,011011010110,110100110011,100110001011,111110010001,001011110011,010010101100,110110101010,110011011011,100100111000,001001100110
011111010000,110000011110,100111010011,100111011101,110001100010,111010011101,010101101111,011000100010,101011101101,011100101010,101011011011,101011010100
111101100001,101001010100,111010011011,100110110010,101000101100,110101000110,000111011011,010110100001,001011111111,001111101000,111011110001,110111000111
000010011111,010000110010,100101010110,010001010011,010010111010,101110010001,010110101110,010001100110,110111101100,101100011001,100001111110,001001010111
011110101100,010000110011,110100010110,010101011011,110010001010,111111010011,111110110110,011011010110,001101001100,101111100011,011011100101,001000100111
000010111100,110100001010,010011001101,100101011011,110110001001,111010110010,001101111110,1111101011010110111001010,111100101011,011101111010,000001010011
100011010011,010000111101,110101110011,110000011010,101010101010,101010110001,010111011101,010001101011,100110011100,111100011011,010101011010,001011001110
011111100000,010100101111,110101010010,010100100101,001010101011,011110001000,100011110101,011010100110,000110101000,011111000011,101110110000,101010111001
011010001110,010000110011,100101011011,011100100011,110111101010,101001010011,011001110110,011001101101,101010001101,010111000100,101010010001,101010100111
100101011011,001111100100,110110001010,001101010111,100100001011,111001010100,010111001010,011101001110,001111010010,011000010101,111010110101,001011110101
010111100000,101111101010,000010011111,110110110011,010110010010,110101010101,101001010011,011110100110,110110011110,100101011010,110110011101,100101001011
001100010011,110010011100,100101011011,101011011011,110101100000,110011010110,101111011010,111101000111,001010011010,011100111010,101011111101,100011001001
111101010011,101000010100,110110011011,100111011011,010101011100,010101011000,000101001101,111011101001,001011111101,010100100111,011000010100,001111001111
111001010010,101011101110,111101110010,001001011101,011011000010,101101011010,101000101011,000001011101,111101111101,011110101010,011110001110,101011001011
010110001011,010011111010,100001100011,101101000100,010110101010,101001110011,101011011110,111010101001,000111111010,110110001010,111010111110,000011010100
001110010101,110011010100,100101010111,101110100000,110101100010,010011110110,101011101110,011010101001,110111011001,010010011010,010100111110,110011110010
1010100011011010011011000,111001000011,011000110101,111000101110,110110110010,101101101110,111100101001,110111011010,111111010010,101000000111,101011010000
011010001001,110011111011,100001010010,010001111100,101110011010,011011000100,101101011100,011010100110,011101010110,011111011100,101011100101,101000110111
101010001101,010011011011,100101000010,010101111101,101010101010,101110110011,111001100110,011011101000,101111101000,111111011100,010110000101,001000110111
100101011011,110011101000,010111000011,111010101101,110100001101,111111001010,000111010110,110010101101,101011000101,111000111010,010111001110,101010110011
010010111111,010011100011,110101010110,0,1001110011,100010000101,111010010011,001111001110,111010101101,001100101100,010011101010,111101110100,001110101010
111011111000,101011101111,001111110101,011101001100,111000001101,111010001100,010001001111,010101101010,100111101001,011100110111,110010111010,110101110011
1010100011011010011011010,100110000110,010110111101,010010110010,111101001011,011101011010,011010101001,101111101001,110100011011,110110110101,100010010111
011111110000,110000010110,100101010111,110111010001,100001001101,111000001101,000111010101,101010100011,101100101101,100100100001,101101011001,101111000101
111001110000,101011001111,101001110001,101101011010,010101101001,011010010101,101100101010,111100101010,010111111110,110100011010,010011010001,100011110101
100100110010,001011001001,111010010111,001101010101,101001001011,101010001010,001101001110,111100101010,110111111010,110010101011,101010010101,101010110101
111001011010,010011010101,100101110110,101001100011,010010001011,101011110001,110100011111,011001100011,110110011100,111100011101,011101010010,000011001110
110100100011,110110001101,111010101000,010101000101,101101011010,001001001010,101110110001,011000101110,000111011010,100101001010,111011000101,000110111101
100010011011,011100011010,110100001010,010101010011,100001111100,011001100101,001010110110,101011100110,010101001100,110000110111,110100111101,000010101111
100010011111,000011110010,110100000110,011101100011,010000101011,111001000011,101111010010,010010101010,100111011000,110110010010,110100110101,000011111110
100111011111,010001000101,010101010111,101010001011,010110101011,001001110001,101111011111,010001101011,110101101100,011000101011,101101011001,111011000010
110011001111,110100000100,100111000011,101110100110,111001010101,010101011000,001011011001,011011101011,000110110110,110000011000,101011111001,100111011110
010010111000,101011110110,111011000011,101101010010,101010101101,111010110100,001011010101,111011100011,010101010111,111010110011,011000001000,101011110110
010111100011,111100101101,000011011100,110000110001,000110101001,111001010000,001111010010,101010010110,100101011110,110010011110,100111110101,101100101111
011111100000,110000001101,100101011011,011000110101,101001011010,101010100100,011101101101,011010101010,001101101001,010111010001,001011110110,101010101111
110100101011,110101000101,011010010110,010110110101,000001101010,011101001010,100010110011,001010101110,100111011000,100101001011,101011011001,110110101001
000110010000,001111101001,111011001010,000101011100,011000000101,100110110010,010000110111,011011101101,000111001100,111110011101,011101110000,001011010111
1100110111110001111110011,010011010101,111100101010,100001001001,011010110010,001101101110,111110101011,110101001100,010011011010,000101011010,101111100100
011010000001,110011001101,100101010110,010101011001,000110110000,001011000101,110111110101,011000011011,101000110100,101010001011,101111010110,011010101101
011010011111,001011001111,100101010111,110111011100,111000000011,011000001010,101011101110,110110101010,110111111000,110010011000,110100000110,001111110100
110100100011,101011001101,101011001011,111001011100,101110001000,100101010010,011111001011,001010111011,000101011100,011111000001,110111011011,100110111101
111011010110,101000001110,110111110001,111111001110,011011100100,111010010110,001111000011,011100100101,011111111110,111110101010,111010111001,10001111010000101011110001010101,100100,0010,1100010111,100001011110,10,001001111000011111101,10001011,10011011001100010011101010110,01,101011001101100,1,110110,10,0,01010110100001111111011,1,00010,10001,00111,1110110000,0100000,111,001000110110,1,0101010,1
010111100000,011111101000,100010100101,110000011011,110001100101,111010010101,000101011111,111001101011,000111101001,100011010001,111000001010,101111000111
110010001011,011000111100,110001101000,001101011110,101101101010,011011010110,101111010101,011000100111,000101000111,100111101010,101110011110,110111001001
1011000100011110011011000,110111001101,101011010111,110101101000,111001010110,011101110110,011110100000,111010101101,011110111101,011011110001,100011011111
011011000100,111100100010,010110011101,110010111111,110001110010,101011000110,001011011010,010101010100,110110111100,010100101010,101101011001,101010110111
1010100011011010011011001,111001000110,010100011100,111010111010,111100101011,011001110100,011010101000,101110100100,111111011100,010011110101,001010110001
110100010010,010001001100,011010101011,100110110101,101101000100,111001001010,001011010010,101110110101,101010111010,111000001010,101001001101,100010111101
010101001111,100011101001,100011100011,011100011100,110100001100,001001001101,010011010100,010101110101,011110111001,001101011011,111011010100,100110010000
111011011100,001111110110,011100001101,111111111011,110000101011,111001010101,100101010110,111110010101,110011010101,000011010011,101000111101,100010110101
111001010111,001010101011,111101111000,000101011010,101111001001,1011010010010011100101111,110010101010,011111101000,010100001011,110110110010,001111110100
111011101000,010101101101,110101011011,001100111101,100010100011,011010110100,010101011101,011000100111,101111101101,110100011010,011010010001,101011011101
110101100011,010111001000,111001100010,011000100101,100101010101,011001001010,010111010000,101110110010,000110111010,110011001010,110001010010,100111011011
111011001110,010000110101,110101011101,010111011011,010101111000,111101000010,011110111010,100010011111,110110011110,110100000111,110011010111,111000100101
011011001001,100010010111,100111010111,011001100100,100101101010,111001000101,010011110101,011001100001,001111101001,011100100010,101011100101,000110100111
000010110011,110100101101,110101001011,010101011011,110110001001,111100110010,101010110010,111010100110,001110111100,111100111001,001100111110,111001010000
010111011111,111111100000,000011111011,101100101100,001111001110,011001101101,100001010111,111011010111,010100011101,011010111010,101100001010,001010110111
101010001101,010011011010,010101000111,110100111011,110110101010,101111001011,101101111010,011011101000,110110011100,011000101111,110111111001,101001010010
110011101011,011001011010,011011110100,100110100110,100110010010,1001111110010101111011011,010010100101,110111101100,101001011001,010111011001,101011010111
101010001100,110101001010,111100011101,001000100111,010010100011,111001110110,001101010110,011010110110,001011001101,011100101100,111011111101,110101011111
010010001111,010011000011,100111000111,011100100011,100100101101,011111001001,101101010111,001011101011,100100000100,111011100101,100011011100,000100100011
0011110000011001110010100,100111011111,100100111100,110001010010,010110010101,000111110110,010001100010,100110011011,011100101011,111011011110,101011010010
111001011000,101011101010,011011010101,110111011101,110001010000,011101001101,000101101011,011001101001,110101111100,111100011011,011101001110,101011101110
011010001111,101000011101,111011001010,110100111100,001010100010,100101010010,111100111010,101001111110,110101100110,111110001000,100011110101,100010111110
000111100001,101111010100,100111010101,110111000011,110110011001,110010010100,101101101110,111101100011,111111100111,111100010001,011110011010,101011001110
101010001100,010000111011,100001001101,010101111101,101101011000,101011010010,011110110010,011010101000,110110101000,011111000100,011011110110,101100010111
100100111010,110010001101,000111101011,001011011010,100110001101,011011010101,100101010110,111010101101,101110101110,101100101010,001101011101,101010101110
100011001111,101111000100,011100011111,100011010011,110001010101,110101001000,101111011010,001101011011,110100011110,110100100011,111100011001,001101001101
101010001101,010011011011,000100110111,100001100100,101001101110,111011001111,010011010111,011000111001,110110111000,110100100010,100111011001,001110101101
101001110110,101011001001,111010001010,010101011111,101110000010,001101010110,101111100010,011101001010,010111101000,100100001000,111100100101,011011111011
011110100110,010001001111,110100011011,011100110011,001010100010,101110110010,011001110110,010010111110,101110101000,111010011000,110110110001,001001110101
011010001111,110011001010,110100000111,000110101111,110000011110,111001001110,011011010101,010101110001,110111110001,011000111010,101010010101,001010111111
011111100000,001011011010,100111011101,110000111101,110100101001,011010000100,000111110110,011010101010,101111011000,111011101011,010111111101,101101000110
110100000010,001001101111,000010011011,111100011101,101010100100,101001010010,010111011010,011010010100,001011011010,011011111111,101010000101,101011010111
100011011111,010000010101,110101010110,010100110011,100110111010,110011010100,101001110010,011010100001,110100011010,110100001100,100011110101,001010101111
111001010110,010000111011,110110000011,110100011011,110000101010,101111001000,111111111000,101011011110,101100011100,000100000001,001111110110,001010101111
010111001011,101100001101,110011110001,101001000101,101000100100,111100001001,101011010111,0101011011010100010011101,011011001011,110101011010,110111000110
111011101110,010101001011,100101011101,111000111101,110000100011,111110010110,110111100010,111000100110,111111110001,111100001011,111010110001,101001111110
111001010110,010000101011,111101111111,0001001010111110001111000,101000000011,011110100010,110001101010,101101111000,110001010100,011010100110,101000100101
101001110110,000011101011,011010011010,010101100111,101110000011,101011011001,100111001010,010001100110,111111001001,110100011010,100100110101,101011010101
000111110111,001111110011,000101001110,001111010010,000110100101,011010110001,101101110110,111000101011,001101011110,111010000101,101100010111,001011000110
110100100011,010101001011,101010010011,111001011010,101010001010,111011000011,111101001010,111001100110,111011001011,111011100100,101011111001,11100100110111110110100010111110,001000,1100,1110101111,100001000000,1110101001110,1000110101000001,01,11010100001111010011011101111,01110101111100101101,100010,10,0,10011010110001111101011,1,10101,10000,11000,0010110000,1001000,101,10100011110101,11011100,
000110010111,110010000101,100101010101,111101100001,110110000100,110110010010,100111010110,011100101010,001100101000,111111000101,101100011100,001010100011
010010111010,011001101011,110011001011,101001011011,110010001010,100110110110,101110110110,111011001110,010111100011,011100011001,101001011101,111011001110
111010001000,010100011111,111000010011,111000010011,101011010010,011101100100,011010110100,101100101111,101000011001,110010000110,100111100001,111010110101
010010001111,110011001011,100001001010,011001100010,110110000101,1011010,0010,101110111101,001011101111,000111101010,110100011010,100111110010,000100100011
111001010010,101011101011,001101111001,101101011100,100010000011,011100110101,110110011011,110010101011,110100010100,110010101001,110111010010,101010100111
000010111100,110000110010,110100000101,101101010001,110001101101,011001001110,001011110011,010110101011,010011011010,110000010001,111100111101,000011101001
111001110000,101011101110,111101110101,100001011010,010101011101,010010010110,101101001010,011100100011,110111011001,110100101011,110011011101,10101011010101100011110101010101,001100,0010,110101,011,000011010110,00,1010011101,1110110001,10001010101101100011011010010000101010,00,011101001101101,1,0,1010,00,0,001100110,1011001100001,0,11010,10001101001,1011010000,0111100,101,00100011010101100110010,
111010100000,111001011101,110001011010,010101011011,101010011001,011101001010,001111010001,001010111011,100100111100,010110010101,100011000010,101100100101
010010001111,110011010010,100001010100,010110100011,110100001010,101111010011,100111101011,001001111001,100110101100,011100010101,111101110110,001101000111
011011010100,110110111111,110001000111,000101011100,011011001010,011010111001,101011010101,111110101010,111001101000,111000011001,100101111010,101011110001
011010110111,010011011101,110101000111,110001011100,101110101001,101001010110,110001110111,011100100011,111111101000,010100101001,111111011001,001110101110
011010010011,010011010110,100111010011,111100100011,010010101010,111010010101,100101010010,101100111001,110100011100,111010011011,100101011010,001010101001
000111110001,110100010110,100011010110,010100110001,000110011010,001110101101,001111010110,011101110101,001111011010,101110101000,011001011101,000011010011
011010001111,010010001011,010000101111,011101100011,010010001011,111001110000,111101000110,011011110111,111001111000,110111100100,101100010001,100101011011
111101100011,101011001101,1100111010010,11100101100,010110100011,101001010000,011111111010,101000101001,110101111000,110011011010,101010000110,101010111110
101001110011,101001010100,000111110101,110101100001,010010101100,110011110001,000100011110,111000110001,110101011000,110000001011,101001011111,101100101011
111001101000,101011101011,001011011010,110000011101,010101101010,101011110101,010110111000,110001010101,101110101110,011101011011,101110000101,101101000011
110011001011,101111010100,011101011100,111100101111,100011100000,111101110101,101101110011,011001101001,100111011100,110000001011,110101001101,000111101110
111001111000,101011001011,111101001010,010101010011,110111000001,101101000101,101100110111,011000100110,011100101000,110010011001,101101010110,000111101101
011101110000,101011010110,1001100110101,00101010100,011110001010,110110010101,011001111011,011101010101,111101101100,010010000100,111010011001,100010110111
011010001111,110000001101,000100010111,111001111010,100110011010,010111110101,111011010110,110101010110,111100101111,101100011011,101011111100,110001010111
111111001000,010100011111,110101011010,011000011011,000101101011,001111010101,001101111101,010001111010,100100101000,111010001010,100110110001,100111001010
101011001101,010011010100,111001011100,010101111001,100101001010,111001010010,101011010010,011100010111,101011011001,110110001011,100101111101,101000101111
110100100011,110101001000,011011101011,100000011100,101011101010,101001101011,011101010101,001010111110,101100110111,011100001011,101110111001,100010111111
110011101111,010101000011,100110010110,000110100010,101001111011,000101010101,011111010101,010000111011,110100101000,010100000101,100101101001,001101011011
011010001111,110011001010,000110001111,111110100100,111001101100,111001111000,001101011110,011010110110,111001011001,011000100110,100111111101,101011010101
110010101010,011001101000,111011101001,101100101110,101000010101,011010110100,001111010010,011010100011,010101011001,010011100110,111011111101,100101110111
111010101110,010001010101,001000001011,011111110011,110010001010,011111110011,101110010101,011010101101,101111011100,010100010101,101100111001,001011010011
011111101000,010100110010,100101000011,111010110011,110001011010,110000101100,000101010110,111110101011,000110011100,110110010011,000100011010,100111001111
000110011111,010000110010,000011010111,101110100010,110110101101,111110010010,100111001110,011010101001,101111011100,111100101011,000101111001,101001010110
010010111111,010011110011,000111010100,111100100010,100110000101,111111010011,101110010010,010110101101,100101001100,110010011010,100101110001,001100101010
100101010011,110111101000,000100111010,010101010110,101010001010,101011110110,101011001011,000011010100,110101111110,011110011100,101111010001,101001011101
110001110010,010101001101,111000000010,001101011101,010110010100,010100110010,101110110010,001010101110,001110100010,010010001000,100110110101,000110111111
111011011110,101011011011,000111111101,111001110010,100110101000,101010010110,101011111101,011001010111,111101010100,011100011111,100111111001,001100110101
100101011011,000011101011,011000110111,110000101101,100110001011,101001010010,110111001010,010110010110,110111010110,111100011101,111011010001,101010110011
010111101000,101010111111,000011110101,111101000010,110010011001,111010010101,101101011000,111001101010,110110010100,100101101011,110101011111,111010101110
111010001000,110100001111,111000011010,010100111011,101010011010,011011001010,011111010101,010000101110,101100011000,010110010010,101010110001,101010100101
011010001000,011000101110,110101001011,100001010111,101100101010,011011000110,101100010110,110001011010,110110011001,111011100001,110011010110,000011011011
111001010110,010000101011,110101111001,011000011101,110001100010,101100110011,011110100011,010100101010,000101101101,110100001100,101111110110,101000100011
011011001100,010000111011,000111011101,010100111100,100111111000,111000000101,011101111010,011011101101,101101001101,011100011101,011011100001,001100100101
011100110010,101001011111,000101010101,110001011101,011010101001,011110000101,100111111110,0110001011100101110011101,111110011000,110100011010,110011000101
011010010110,110010101111,111001001111,011101010001,111001101000,001100110010,111110110100,100110011010,110101110101,111110001100,100011110110,100011111001
111000110010,101010011111,101010011010,101111010101,101001001011,011000000101,110100101001,000100101011,001100101000,010101010101,110110110010,001011111101
011010001111,010011001101,110101001100,011001111011,100001001001,100111010001,111101100001,011001111011,110111111000,010111001011,101001011001,001110101010
100011011111,110100000100,011101011100,000110011011,100111000011,001011110010,101001000111,011100011010,100110101100,110110000111,101101011000,001001110101
001111100001,011100010100,110101011110,000101010010,010101111001,010000100110,001110010010,101101111001,110110011010,010011001111,100011011110,100110000101
111111001000,010100001111,010101011011,101100111011,100110100100,111011010101,000101010110,010010101010,100110010101,010011001110,101011101001,101010100010
110100101011,101010000101,111010101011,011111011100,101101010101,101001010100,010101010110,101010010111,011011001100,001100111011,110111010101,100110111101
000111110001,101111000010,000101000111,111001001011,100001100101,111010010101,000011011111,001001101011,101110011100,111010101011,110100011010,11101000011011,01011110010010011,10010010100,11010000110100000000000,111110101111001110011101,10101011111110100011110010011111001010001,10100111010100101,110010,10,1,0101100,101001110101001,0,10111,11001001000,0011100000,1000000,001,000000101110,1,11000100,
100101011011,110000001101,010100111011,111000101001,110110000110,100101110010,001011010010,111101011101,001011000100,111100010110,111011010010,101010101011
010110001100,110111101001,011000111111,010100110011,101111010000,1010110000110011111011010,110110110100,110111011010,011101010100,110111110101,001001010111
101010001101,010011011000,111001000111,010100111011,000111111000,110111001011,101101011010,111010100111,110111011001,100100011011,110011011101,101010110010
100010001111,010011000101,100001000111,110100100011,110000101100,111110010100,101111101110,111001100101,111001001100,101101011010,111111000111,101000100100
110011010011,011011010101,100111100100,110101001010,100001100001,011111010101,101110110111,011001101001,100010001000,010101011011,101100011010,001111000011
101001110111,001101001010,010101010100,010101110011,110010001011,101110010100,001111010001,011010101110,101101100000,111010010101,100101111001,000110110101
0110110101000011100111111,000111011100,000101111101,000011100011,111010010111,100100111110,110000101110,001101111110,111100011000,100111111100,101011110111
000111010111,001111110011,000011110101,101100101010,100010101010,111110110001,100101101110,001001101111,101111011100,1111011010010010101011010,111011000101
1010100010011111000011101,100011010011,010101010101,111001110100,011100001010,101101010100,111010100001,110111011010,100011001100,010011111011,101100101111
111011011100,101010111011,110100000101,011101011010,110001101100,111001000110,001011010101,111010010011,111101101000,010011101011,100111110010,000010101101
100101010100,001101101011,011011111101,010100001101,101010001011,101010010010,001111001010,011010011000,111001101001,110010000101,111101010111,101011010101
110011001110,010000011111,110010101001,100100101011,110001101010,101100110011,011111010010,010010101001,001010110110,011100011110,100011110001,100011000001
000010111100,110100101110,110101001001,001101001011,110111000101,111010110100,001011011010,111110101011,000100011010,110100101011,000101110001,101001111000
010110001110,110100101011,100010101011,001110011010,111000011010,101011001011,011001010010,010101010101,001011001001,011111110100,110111110101,001010110011
010111100000,011110001101,111000101011,110000110010,101101110101,101010101000,101101010101,110010101010,010100001001,110011101011,110100011010,101010101111
100010011111,010011110010,100100000110,011101100011,010000101011,110111110000,101111010010,011000111110,001011001100,110100000011,100100111101,100010101111
111001110000,101011101110,010100010010,110110111101,110000011011,101011111100,000011010011,011100100111,110111101101,011100000010,011110110101,100011010111
011010010011,110011001100,110101011011,101101011011,011110001000,111110011001,101101010100,111110011010,101011010100,011110000010,101011100010,001010110001
011111111000,010000110110,100101001011,001111010011,110000111100,110010100101,000111011110,111100001001,101010010101,011010101011,010100011110,001011001011
010010001100,001011010111,111010100100,011001100111,100010011011,101101001010,001101010110,011010101101,001010111010,010011101010,111010110001,001010110101
111101010011,010000001101,110101011110,001001011011,100010001011,101111010101,010111011110,110101110110,001010101010,101111011100,011000110011,111011001110
011010010111,010010010101,111001100111,011101010010,010010100011,011000110010,101111010101,011000101010,110110001000,111010000101,100101011011,001011101100
000110010011,110010001100,111010001011,100110010110,111000001010,101001110110,011001110101,011100101010,010101101101,011000011010,011011111101,001010101001
010111100000,011100001101,000111111011,100100101010,110110100101,101011010101,001111010110,110000101010,101111001011,010011001010,010101010111,101010100110
110011001111,010000010101,100011100111,110100100000,110101101100,111101010010,101010100011,011010100010,000111010010,111111100101,111100111110,000111100110
111001110000,011001011101,110011110010,010101000000,010010010101,011001001011,101110110101,011010101101,010101001000,110010011011,101011010010,000011101011
111001010110,010000001011,011101110101,011000111110,101011110101,101010110000,000110101010,100001100010,100111111101,110011011110,111111110001,101001000010
110100100010,001101101101,111001000011,111101011010,101010100101,101011000010,101010101010,111011100010,001011010011,110011001001,110111110101,100111000010
000111010111,001111110000,110101010100,010001001011,110110001001,111011010101,101111001111,011101101110,001111011100,111100011011,110101010001,001011110110
010010111111,011111000100,010101010110,110100010001,000110101001,111111010010,100111010110,000100100100,110110011100,010000001001,110101111010,100111001110
100100111010,000101001011,010101010111,111101000011,100100001011,111110010011,101010010001,011001110111,101111011101,010100001001,111100111100,111011010110
110001111010,010001001011,011011010101,110100100011,100100100101,001010101001,101110110010,011000101110,101110001010,110011101011,110100111000,101100101110
011010001000,011000011101,100011001011,110101011010,101110101000,011110010110,011010111110,011000101111,011110001110,011100011011,111011011001,100010110101
011111101100,010100000111,110101000101,010100111011,110001111001,111110000000,100101011110,110010011000,110101011000,110011101011,010101111001,001110000010
110100100011,010111101001,111010000010,111000011011,100100001001,100101001010,101111011011,001100110111,000011111010,110101001010,111011110101,111010100110
111001100110,010111101001,111100001101,011100111101,100001000011,111101010010,100011011010,101011011010,001101111100,100011010101,100011110101,001010101101
100011011111,110100000100,011101011100,011101010011,100110000101,111011001010,100111010110,001111100110,111101011010,100010001101,110101011100,010011101110
110010101011,011001001011,011010101011,110000101010,010111101010,011111100101,111110110011,011000110111,100100011010,010001101010,101100011001,100100100111
000010111100,001111101000,010111001011,111101000011,110001100101,110001010110,000111011011,011110100111,000111110001,111010011000,111110011100,100010110010
111001101000,101010111011,100010011011,111001001101,010110011010,010101001000,101110111011,0110101001110011111011101,001001011010,110111110001,110000110110
001101010011,101000101110,110101010011,100101011010,110101100000,110010010110,001111010110,110001101001,101111011110,110110111011,001010001110,101100100001
000111101101,100111000100,001111010111,100010101011,110000111101,111100010100,110111011011,00110110101101010111011010111100100110,111101011010,000101011100
110101100010,001101001101,111010000011,111101011101,010101100101,101001000011,000110101010,010100100110,001011011010,010010001010,111011011000,100100111110
111001010110,010000101001,111110001001,0111011110110110001100010,001100110001,011111011010,011000100010,001101101010,100011100100,010011110001,101000111011
111011001000,011100011101,1110000000101,01101011101,000010101010,101011010110,111100010110,011010101110,001101101110,011011011100,011011110101,100010110101
011111101000,010100110011,100101011111,000110010001,110001011010,111000101001,110000110110,110011101011,100101011100,101010111010,001001110110,001000100111
100100111110,101011001011,011011001010,011101010011,101110001011,101101010111,101100101010,011100101010,000111011110,010100011100,111010110101,001110111100
1010100010011111000011100,111011001011,100100110011,110101010100,010101001010,001101110110,101010110110,010101011110,010010111010,100001011110,110110111011
100100111010,110100001010,000100011010,010101010111,1100010010111111010010111,101111010010,011100010100,101111011001,110100001010,110100110101,100011110111
010010010000,111111001100,000011110111,100100100011,110011100100,111110010110,001101010110,011000100111,100111001100,110100101010,110101011111,111011101001
000110101100,000111010011,100011001101,011100110001,111010101010,111100010010,100001100110,011011011010,110101011100,110110100101,010101011100,00101101010111001010110010010110100010010101,1101010011,010001110010,1110001,1111010101111001,10001011,11010101000111010011011011011001,101011011001111,1,110010,1110,10011110101001110101001,1,01111,10000,01010,1010110000,11110001001,100000111110,1,00,01100,
010110101011,110110001101,111100001011,111100110101,010100011010,001101000010,101111010101,010010100101,010110111010,011110001001,101011010101,000111010111
111001101000,101011101011,110010011011,100111001101,010100010100,010101010100,111110111001,0110101001101011111111110,101001000011,101011000101,100011111110
011010010110,110011001111,111101001101,011111001101,111110001001,101001000010,101111111001,101001101001,111111111000,111010001001,110111010010,101010110101
1111010010011101001010100,100011101101,100110111010,100100101100,111000010110,001101010011,011010100110,101101101110,100010101001,101001011010,100111110011
010110101011,010111001001,000011110011,111100000011,100010100101,111110110101,000111010110,011001111101,1001111011110111001100111,110111111001,111010100100
010110100010,111011101001,100010100011,110101010101,010101010100,001011010100,101110010111,111100101011,011001011000,010011100011,100111001001,001010101111
011111101001,010000000101,110101010110,000101010011,000110110011,110010001100,001111101110,111001010101,111111101000,101100001101,111011110001,001010100111
100100110010,110011001010,000111100111,101001001010,110110001011,111010110100,101111011010,111110101010,110011011010,011100011011,011101110101,101011010100
100100110010,110011001101,011011100101,110001011010,101010001001,101111010010,100111011010,111010011110,0111010111110101100001011,011111011101,101010010011
010111100000,111000101101,000010110101,100101010101,101010010101,101010001101,011011010110,100011011010,110111110101,110001110010,110101001101,101010100101
011111000001,110000001101,111000011011,011100110101,010110011010,101001010100,011011110101,011101011001,001101110101,011000101010,101011100101,001010011111
111001010110,001111101011,111100000101,011001010001,010011001011,101101001000,110111010010,010100100011,110101101101,000100011100,111011110101,000010111110
011111110000,110000010110,100100001011,101011011011,101000011010,010110101111,000010110110,111011011010,010101011101,011010101010,011001111110,101011010001
011111000000,110000001111,100011011001,011000010101,101101100010,101011010101,011101110101,001001110110,101101111110,111100101011,101011110111,001010101011
110011001111,101111000100,011000101100,101000101110,100011010101,100101101010,001101011010,101110110100,110101011111,010100011001,111110010101,101100110101
110101101010,101011101001,101010111000,011000110101,001110010100,000100100100,101011010011,011010100110,011111111001,100001011010,110111010101,100101011011
011111100000,101001011111,100011010111,110101000101,100110101001,111010000101,100111100110,001001101010,001111011100,011011001111,111101000001,101011010111
010110101110,000111110001,100001101011,110100101001,101101001001,111101001010,000111010110,111000111101,000110111100,110011100011,100101001111,000101001111
1110011010011101011101001,000011011011,110110101100,100010011101,111101010101,000011110011,011010010110,101011101101,110100010100,010110010010,101101010111
100100111110,001101001001,011010001001,100110111101,001010001011,101010110110,100110101001,011100100110,101100111100,110010001001,111100011100,101010110110
011010010011,010011101100,110111000001,111111011011,000011101000,110010110110,100101010100,111000011111,110101101000,111110011001,100111010010,100010111110
101001110111,001101001100,011011100101,001011010010,100101011111,101011011000,010111001010,101001111011,110111001100,010100011011,110101011001,011011010110
011111100000,010101101011,100001011011,001100110011,110001001011,111010110100,100111010110,111001100110,001111011110,001100010111,000101010001,101011001010
011010001110,111000010100,110101001010,011101011011,101001011000,001011010110,101101010100,101100110011,110101011000,110000010101,101011110010,110101101111
110101101010,001011101001,001011011101,110001111101,010110100001,011101010001,100011110011,0110011011100101111111010,111001100101,110111111100,111101000110
1110010010101010101101001,100101011010,010101110010,000100110100,101101010101,101011011000,011010110100,001011111101,000001001010,111011100101,100111100011
111011111110,110000011011,111000011101,110111011011,110001001100,101101000110,101011011010,101100011111,010111011101,110000010010,100110110110,100010101111
111011001001,101001101100,111010001101,100111011011,110001100010,011101000110,001110110111,010001010000,010110001111,111101100010,101011110001,101011011111
001010010101,011000010101,000101001111,110101010001,101110001010,011011010010,010011110110,011010101010,110110011000,111000101101,011101111001,100011010110
010111101000,101011011011,100011001011,111001000101,101000101010,101010110101,001101111110,111001101010,010101000110,111011000101,100110001110,110010110111
110101101000,101001101001,011010100100,010101011101,100001010110,001001001010,001011010111,011010100100,110010101010,010101100101,110111110001,000101010111
011010110000,111000101110,110011001000,001101001001,011011001101,011011010111,001111010101,111000101111,010110101001,001010001001,100101011011,100011000101
111011010010,011000101101,011101110101,110001111011,100010011001,101111010101,101111011011,110000011001,110101101100,110000111011,101101011001,111011000101
100100110010,110011001011,011011001010,010101011011,110100001011,011110110010,001011010010,001100100010,111111010010,111100001011,111110111110,101001011100,01000101100101101101001100,1100,0101001111,10001100000111010100,11110,1001101101,11000,10,01010010011110011010111111011,111010010001001001,1,100110,10,0,0101100,110001110101001,0,10010,10001101010,0011100001,0111001,101,10100011101101,11011100,
011111111000,110000010110,100101011001,101110001010,111001101100,001010110101,001101010100,111010101010,110101001001,010100110101,010101110110,101110101111
111000110010,010001101101,111011010010,011101011101,101010001010,010011001010,110111010101,011010101110,010100101100,111100000101,101011110010,101010111011
010110101110,111000101011,110011000011,110100110101,001110100100,001001010010,101011010110,011010110110,010110101110,011011000000,111001111101,000110111011
000110010000,110100101110,110101001011,101100011001,011011101000,011010110010,101101111010,110110100010,110001101110,101100101011,011011111001,100010110100
011111100000,101001101111,110010010101,110101010101,100001101010,011010010100,110101011111,010001111010,110110101000,0110110110110100110010001,101010110101
111101110000,001001001101,100101001011,110001011101,101010101001,011010010100,100111101100,1010001011110100100101010,011011011001,100111010010,100001001110
101001110111,001101001010,010101011101,100101010010,110110100011,111010010101,110100011001,011111100110,110101101100,011100100100,101100111000,110011110010
111001010110,101011101011,001011110101,1111010111010111000001101,101101010011,010011101011,111010100011,101011101100,011100101111,111111110100,001100110111
010110101110,110111101001,111000101001,011000111101,110001101010,101001001010,011010011001,010011010111,101100101110,101110001010,100111010100,000100111001
1110010010011010001101001,110010010011,111100110101,100000101100,011101010110,111110110011,011000101111,000110011100,001100000110,110111110001,000111011111
111101100001,101011111001,000010011100,111001011101,000110001011,110111010101,100111111011,0111001001100111111100110,011100001011,111110010000,101010111110
111011001001,110100010101,101101011110,011010111000,110100101011,101001001010,011110110101,011001011001,101110101000,111000010101,100101110000,001101010101
011010110011,110011011100,111101011111,100101000100,111010001100,111010001110,101111101110,110010010010,111100111001,010100111011,101010111010,101011110011
100100111010,110000101010,010100010111,110101011011,010110001010,011011010110,101111010010,110101010110,111010110010,010101000101,110100111110,110001011111
111101101000,010101001001,110101000011,010101011011,100001110001,111011000100,101011010110,111000101010,110111101010,010011100101,111000011001,101100101111
101011011101,001100010110,110010010101,100111010001,100000100011,111010010100,001101011110,011010101010,010111010101,110011011001,011000111001,100011111010
111101100001,101011010101,111010011100,011100110010,000101101010,101011000100,101111010101,011000110110,001110101010,010101000101,011010110101,001010111011
111010101000,011001011101,000100001011,101111110011,101001100010,111101000010,100100111010,011010110101,101011101000,000011100110,110010111001,001010100011
111010010000,101010110100,110111110101,111101001010,101101101100,111011000100,001101010101,110010110011,110101011001,010101100101,101101011110,101011110110
111101101001,101001001101,000011100101,111111010100,100111100010,010111010101,000011111001,011001100011,110111101000,010011101010,101110010110,101010101111
010111101111,010111100001,000010011110,110100100001,110001001011,111111010001,100101011111,001011101101,100111010100,110100011011,101100011001,001010100001
0111110010011010000010100,100101011011,101010111011,111001001010,110010010101,001101011111,010001100110,101011101100,011100010001,101011111010,010111001110
011010001111,110011100010,111001011110,011000110011,110101001010,111101001001,101011010101,011101110101,100101101101,101010011011,101011010101,001010101111
100010011111,110010000100,111100000100,010001111011,010101110010,101001101010,011011010110,010010100101,010101000011,101101011000,101011100000,101011011011
111010010000,100010011111,111101011111,001101011101,101011001010,101010000110,101111101111,000101011010,111001101001,111110101101,101111110001,001010110001
110100101011,110101001000,011011101011,100110100100,110101011101,101001101100,001111010010,101110110101,000000111011,100001100101,101111110101,100111011011
010010111011,010111110000,110101010100,110001110000,010110101001,111111010011,100111011110,000000110111,100101110100,010111001010,000101110010,111011011010
011010001110,110000101100,100010001101,010111011011,010110010010,110101010110,101111010010,111111011001,001101011001,001100110100,101011110110,001000110011
110000110000,010010001111,111010101001,0111010110010110001001101,101001010100,010010101001,011010101101,001110111010,110100011011,101011010101,000011101101
111001001000,011001101011,000010000101,110101110011,110000100110,111101000101,001111010111,011010100101,101011011000,010001011011,110011101001,001010100001
011111110000,100011111111,000101010001,101001010101,100110101001,111010111101,100011101010,101010101001,010110111100,111010011010,011010011010,001010110111
011010001111,010011010010,100101011111,011110010000,110101100010,101111010001,101011011110,011101101111,100110011001,110111011011,101100011001,101000101000
011011010100,010000111110,111000001101,100101010011,100001000010,111110111001,001111011010,111100011011,000100011101,110010101011,100100011001,110011000001
111001110000,010101101101,110101011001,000101010011,101010001010,101011010101,011011010110,011000101010,010111010001,011100001101,111011110001,100111111011
010110101010,011001101011,100010011010,010110010100,101101011010,011011001011,011010010101,010001110101,101111011000,011001010100,110110101001,000101010111
011010001001,011011011011,100011010010,010101110101,110000011010,011011001001,111011110101,011001101011,100101001100,101011011001,100101010110,000111010111
100100111011,010001001001,010101010011,111001100011,100110100101,111011010010,101110101101,001001111111,100111011100,011100011001,110111001001,111010100100
010111100000,111000101101,000011111011,110000100101,100010011010,101011001101,001011001001,010101100010,110111001010,010101101011,110111010110,101010100101
111111001000,001001111111,001011001101,111100111101,100010101010,011011000101,001101111011,010010011010,100110011100,010010111100,101110111001,101010100111
000010111011,101110101010,110101001010,001001000011,010010011011,011011011100,001111010101,011000101011,001011101101,101100000011,011001110001,110011111101
011011010001,110000011111,000110110011,101111010010,101010001010,111010110101,101011001101,010100100110,110111101100,111100101011,001100101001,000010110111
1010100011011001010011100,111000001011,011001011111,111001010010,000101001110,001111010010,011010101011,010101111001,010010111010,111010001101,100010111011
1010100011011010111010010,110101011110,010100100011,110000110010,111100010011,101101001110,011100101001,101111001001,010110000011,101101111101,100101011110
011111110000,101000110100,110011001011,001011011011,010000101101,111010100100,000111010110,011110100011,010100010101,111010011011,010101001010,101011100011
111101100001,101010011101,111011001101,111000111100,101101011001,110101001000,000111111010,111011101010,011111011111,001101001111,011010001111,000111001110
111101100011,001011101001,111010011011,111110110100,100000010101,110101010100,100111110010,110101010110,010100100111,011011111010,110011001001,000110111110
110101101011,101001001101,111010000010,011101011100,010100011010,001001001000,011011010001,001000011110,010110111001,010001100010,110110110101,100110111011
000110010011,010011110010,001101010111,110110100000,110110101010,111001110101,010111110010,001101101110,101101011100,111100000101,101101101111,101010101110
010010001000,011111101000,100001100011,100101001111,010010100100,1010110101110101101010110,111000010101,111110011010,011101101110,110010010110,100111001111
010111100000,111100001101,110011101011,110100100101,101000011010,101010001100,010101010110,111001101010,010100101000,011010001010,111011001101,101010110011
000111110001,101111010100,000101110111,101001000010,100101101111,1110100101010010111010111,0110011011010111111100100,111010101001,111100011010,101010000110
000000111011,101100101100,010101011001,111011011101,100110001001,110011010100,010010010011,011101100011,110110010101,111010011010,111100011010,101010101110
111001011010,001011111011,110101010010,101011011101,001001001011,101101010101,110010011110,011010101110,001101100110,111011011001,101010011101,011010110110
010110101110,011101101001,110011001001,101100011011,110100001001,101011010101,101101111000,010001101101,001100101111,011101111010,111011010010,110110100111
111001110010,010001101101,111000011011,110110011011,101100001010,100101110100,010011010011,110010100110,010101110100,010011000101,101011010110,100010111011
111011111000,101011101111,110000011100,010001010100,101110001011,000101001110,111011111111,111000001011,111001101000,110100010100,110111000001,101010111101
1100110101100101111011111,111010000101,111100010010,110000001101,111001001110,010111010001,101000101111,010111010101,110100100110,110100011010,000011100001
1010100010011111011101011,100011010011,100101010101,000110010110,011101010100,101111110110,111010101001,010101011010,010010111110,001011000010,111000101001
010111001111,110100000101,011010100010,010000101010,101000111011,101011000011,101011010110,101101011001,111111011110,101111000111,110100010101,000100111011
000110010011,110011101010,000111011111,110110100110,110000001010,111110010110,001111100111,010010001010,111101101100,111100111011,001111111110,001000110111
101010010011,111000011110,100111001011,101101010011,111000001100,011011010101,001010110110,111110101011,110101011001,010100111011,001001111110,101011110101
110011010011,010100111100,000011111100,111000100010,101110101011,111011110001,101101011010,100011110110,011100010101,000000001110,111010111111,000010110011
100101011000,000011001101,001011101011,111100001010,100100101100,011111010010,001111011010,011011101100,101011011100,111000011011,011011010001,001110110110
001110101100,110000010110,1001110010101010101011011,101001110001,111010101110,001110110101,011110100101,001111101101,101000101011,011010101001,001101010101
011010001111,001010111011,000001011111,100001111100,101101001101,011011010001,100111110101,011000011011,110111100100,011000110110,010111011010,111101001101
010110101010,101011101011,100010100111,110001011010,101010011001,100101000111,101101010110,110001011101,011101111010,011101111010,111010010001,101101010101
000110011111,110100001000,011101010110,010101011011,110110001010,011110011011,010111010100,001001101111,101101111100,011010001010,100111111010,000011011111
1100110111110110100011100,011110111100,000111011001,110101100010,001101111010,101111011010,111100010101,110001000000,110000010100,101010111101,100010111001
101010001101,010011011000,111001001110,010100111101,111100111010,100100110010,101111100010,010011100110,110110101010,010111011010,001011011101,101000100011
000110011111,001111010010,000101010111,1011101000101000100100101,111010010001,100111101010,011101100001,110110010100,111011100000,110101111101,111011001010
111011010110,010001111010,100101011101,011111011011,110000100011,101110010110,101001011111,011111101001,110100101000,001011111011,011110111001,101100000111
010111100000,001111111000,000111111101,110000101101,000110101001,011001010101,000111011111,011000100011,100111111100,011011011011,110101011101,100101001110
010010111111,010011010101,100101010111,111000010011,110110100101,110011010001,001110101110,111000110001,110111011100,110100001011,111100011110,111011000010
0100100111100110100101011,100100101101,011101011010,110011100100,1010101100110011101010010,111010101010,111000101010,010110010110,001011110101,001001010101
010010001111,110111001001,110001001010,010100110011,110110001010,101101010010,101101111001,001000101111,100101111010,100110010100,101110110100,000100101111
011011101001,101001010100,000111110101,110110101000,100100010011,010111111101,100100011010,111101010001,000110011110,011100011011,111001010110,101100101111
100100111010,000011001011,011001001011,111101010011,010110100101,111101010010,001110110011,0011011011010100110011100,111100001001,111100111001,110011011110
1100110111110110100011100,010101101100,110110111111,010111000010,111111010000,101111001001,011100010111,111110110010,111101100011,111010110001,100011010010
010111101110,111000101001,110011001000,010100111101,101101100101,101111000100,011110110001,011000101010,100110110010,110011001010,110111110100,100100100001
101010001101,110011011001,100111010110,010110110001,100101101010,001110001010,001011111101,011001111110,100100101000,010100001001,100111110101,001101010011
1010100011011001010111011,111001001011,011001011101,001010100000,101101001010,101011111110,010010101110,010101011111,000110110100,110011010001,101011010001
111010001000,110000011111,101011010011,011000011011,110110011010,101011000101,011101111010,111010101101,000101001010,101101111000,011011110101,001010100101
111101101001,010001001000,110101010101,110100110101,110001100001,010011011110,100111011111,011100100111,001011101110,101100001011,101011011000,000111011110
001100010011,010011001000,000111010111,010111011100,110110001101,111000010110,100101110010,110110101110,101101010101,011100111111,001101111010,110010110111
011111100000,101001011111,0000110100101011001110101,001010101011,010010110101,000111110110,111000101010,100111011100,110011001111,100101101100,101000101110
111000001010,101000101011,000111110011,110101011101,010110100010,101101110010,110110110001,000011110111,101011111100,111101001011,110110010011,111010101101
111001101000,100011111011,001111100011,110110101100,010010101010,101111010001,010111110011,011010100111,101010100110,010100011010,101110010001,001010110001
010111100000,001111011010,100110010110,110001011101,100001101010,011010000110,100100111101,011001010010,110101100000,111111010101,110010010001,001011000111
110111100011,011101001000,111011001010,010110110001,100101110101,010001000100,001011011110,101000100111,001011001010,010011001001,111011111101,100111001011
011010001000,011010111111,000011010001,010111010101,101001011000,010110010101,101100111110,110001101110,110110001110,001100011110,101010001010,100101011111
011110110000,001011111111,000101010101,110101011000,101010101101,110010110101,000100010110,110010100010,011111111100,010011001001,100110011111,001010110110
101001110111,001011010100,011011010101,011001111001,110001100011,111000110100,000111010001,011100101111,100111100000,110010100000,101100011010,100011100110
110011001111,101111000100,111000101100,011100100010,100001010111,101001101010,000011010010,001010111011,001011000011,010010010101,110011010000,001010110101
011110000000,011000111111,100001011001,101001011011,101010101000,110011010101,100111100110,111001010010,110111010100,011011011000,111011110101,000110100111
011011101001,101001011011,000011010111,010111000100,100100100011,111111010101,000011111011,011001101001,1101011010000111011000111,101010011000,001111010011
111001010010,010000111011,100010010010,100001111101,010001100010,011011010101,111110110011,010100100010,100100111100,010100010101,100011010001,101010101101
010110101110,100111001001,011000001111,110110110011,010110101001,100110110011,101111011010,001100011111,111010001110,111100011011,011110111001,100101010110
011111001000,010000110111,100011010110,010100110011,100010111010,110010000101,101101100110,111010101001,101101101000,010100010101,000111100101,100110101111
011010001111,001011101001,110000001111,100111010000,001010101010,011101010010,011100011111,011001110111,110111011000,100111010101,110010010001,001010110011
100101011011,110011101000,010111011011,101000101001,110100001101,111111011010,001111011110,111110100101,101110101010,110100101011,001101011101,101101010011
111001010110,101011101011,111111111000,0011010100110110111100000,101101000110,111110100110,110110000110,011111000010,000100011110,001011010001,101001111111
111001011000,101010011011,111101000011,100101010011,001001101000,111101000101,001111111000,111001100011,010101101000,010101101101,111010010111,111010100010
111011010110,110000111011,111111001101,111100010001,000111111100,111101000010,110111110110,110011001011,011010101000,001100101110,111010111010,101011100011
011010001111,010011001001,011001001111,010110000000,010010111011,001111110001,110111111010,001001111111,000110100010,111111001011,101110011110,111010000011
101010010111,111010000100,111001000111,101101011000,111001101100,111001000100,110011000101,111110101001,010100100101,011000101011,101000111011,101011111001
111001010110,101011001011,001011110101,011001100101,110110001011,101101010001,010100011111,010110100011,110011101110,111100001101,111111010010,10100111011000,01011010001010011,101000,1011,0111000011,011001001100,101000001111000001111001110000,00,011111000011100110111101000100011101110110101100,1,110010,00,0,0011100,0,0001101001011,1,11011,11001011000,0100100000,0101011,101,00100011011101,0111111,0
110011011010,111100111011,010000110101,100111001011,110011101010,111010010101,001111010111,011000100110,100011111101,010000101010,101110110101,101010101101
010111100010,011100101101,000011110100,110000111011,100110101001,101010000101,101011010101,011001101010,101111011100,010011110111,110101010001,101100100101
010111001111,010000100100,110101110011,011110100010,110110101010,111101001000,101111010011,001010110011,000110100011,111011101011,111100111111,000111010010
101111001100,010000101011,011100010111,110100110011,110011101010,111010010001,111101010010,010110101010,101001001101,110011011111,010100111101,101010100111
010010111011,011111100000,010111010110,110100110010,100100001011,111111010101,101111001111,011100101101,100111010100,110100011010,001101011010,101011000110
111010001000,110100001100,101101011110,010000110111,100010011011,011111001010,001111010111,011010100101,001101110001,100000100111,101011011101,001010111111
101010110111,001011001001,111011000111,011111010000,010001101110,101001001010,101011100110,011010101001,010111000101,001011011110,110000110001,001010110010
011010010111,010011110000,011110011110,000001111111,010010001011,111111010111,001111001110,011101011000,110101011010,110110000101,100100111101,101000111101
100100111010,110010010101,110000101101,101001010101,101010001010,101101010010,011011010111,011010100111,110101101101,101100111011,011011000101,001010110101
011010111111,001011111111,000111010011,101111111000,001001001101,011000110001,000011011101,010110101011,110110101100,010011100011,100101001010,010001000110
110010001000,011000111111,111010011011,010000110111,101101010100,001011001011,101010110110,111011100011,010111001010,101101101110,111010000101,101110101011
101010010111,110010010110,111101000011,100111011011,111010001010,111001101011,001001010101,010100101101,101101101001,110110101011,101101011010,000011110001
1111010010011101001010100,000111110101,110011011100,110110101100,110001001101,000111011011,010010110101,101101010101,101001101000,101111001010,101101011111
100100111010,100011001101,011011010111,111001011101,010110001010,101101010010,110101100101,0111011001010101001101110,101101010110,101110100110,001011011010
0100110111110011100110100,011011100011,101010101000,110101101101,111101110001,000111011011,011000011000,110101011101,110101101011,110100011010,100010101100
011010001001,011000110110,111011001011,100000111011,110001101100,011010110101,000101010101,011001101111,100111011100,110110011010,100011011110,101010100011
000111110111,110000101010,111011001001,011110011100,111000011010,101011010110,010100101001,001010101111,101101101111,111010101010,101111111010,000001110101
111000100001,110101101101,000101001011,111001011111,100110001010,101100111010,011101010011,011010101001,101111101100,011100101010,001011010110,001010100101
0011110010011101000011100,100111110001,100010101100,110100101101,110000111101,000111110101,011001101011,110101011001,011011100011,101001011010,101111000101
110001101011,101001101000,011011111000,011100101010,010111010101,101001001000,101111010010,001100110101,101011011010,110101001010,110101001101,100101111001
001100110011,111000101100,100011010011,100011010011,011010010100,010110010110,000111010110,1111101001110100111011001,010010101010,000100011010,101011011001
011111101100,011000100010,000111011100,110000111011,110101100001,111011010101,000111010101,011001101001,100101001010,110100001010,101101111001,101101100011
101010001100,010000111001,110111001001,011100011111,101101101000,101111000110,101010111001,010010101010,111110101100,010100010100,101011100010,111010101101
011111110000,011001110010,100110011001,111111010011,110000000101,111000101100,000111010110,111010011010,001000001101,110010101010,000101111110,101011100001
1101011010101001011101001,100001101100,011101011100,000010101011,101101000100,011100110111,011010100110,000101111000,010011001001,111011111001,000111011110
010110101110,010111101001,000011100111,111100100001,110001100101,110111010011,100111101010,111000010111,111111111010,110000100001,100111011101,110101001100
000111010111,110010100010,100110001101,101110100010,110101000101,111011010010,101111010110,111110101101,001011011110,101000111011,001001111101,000111010011
000111011111,110100000000,000111010010,101110101011,101010001011,101110110010,001101100110,011100100111,001111100110,111100001001,101101111101,101011010110
111011011110,010000011111,011101010101,100110110011,010111101000,110111110001,001000111101,111000100110,100111101110,101100001011,100111011101,100011101100
001101100100,101111001010,000111011101,110100111101,010110100000,111110010110,000111111010,011111100100,1101110111010111110101011,110100011000,111001010000
011111101110,000001011111,000101011110,010100111011,000110101001,111110010001,100100111111,011010101001,101110011100,110011010011,110100011000,111100100010
000100101110,001011001011,100001001011,1111010110101010110100100,101101010010,101001110010,011001010010,110111011101,101100101011,111100011110,101011001100
100110011011,010111000010,011101010110,010110100011,100010000111,111111010110,001110010110,011010011101,100111011000,110111011011,100100111001,101010101110
000111110111,110000001100,000111101101,110110100010,110110001011,111110110010,101111011001,011010101000,110011101110,001100101011,011101011001,001011010111
010111101110,111110000011,100011110101,110010101010,110110010101,111101010100,100110110110,001010100111,001011011101,110101001011,1111010110101100101101110
010110100000,111011101011,100010101010,010001110101,101100010101,001011001010,101111010100,111000101101,010110101010,010011100001,110110000010,101010110111
111001010010,101010101110,011111110101,110101010110,111001010000,010011101101,001101101010,011110101111,101101001001,010100100011,011111010110,101010110101
010111100110,111100101011,110011000001,110100111101,110101100101,101001001010,001011010001,011010010101,100111011010,010011011010,110111000101,101110100111
101001111001,101001010100,000111010011,111001010011,100110100101,110010110101,101111011010,111001010111,101011011001,110010000101,100100011101,100011100001
100010011100,110100111010,011100111100,010000100011,110011001011,011010011011,100011001110,001100111111,110100010010,110110010000,000100111101,111001010011
100100111010,110000101010,010100011011,101010010110,110110000101,010111110101,001111101010,011110100101,101001011001,110100101010,101010000110,101010100011
111011101000,001111011011,100101000110,111101010011,100010101011,101101000101,110100111111,011000010111,100111100110,111100011010,111110110000,001011001110
001101010010,101000001101,011011010010,110101011001,101001100001,110010010101,100111011010,011000101110,110100011000,010100011011,101100011110,111011001010
111101100001,101011010101,110010010101,101001010100,101010010101,001011010101,011011011011,011101101001,001111101000,101010101001,111011010001,001010101111
010111101110,100111101001,1111111111010011000001100,110110011101,101001001010,010011011010,010110101001,111011001010,011101000100,010011000110,001010111111
101001110110,010101001000,010100010111,110101110011,010010100010,111010010100,001011010010,010111101110,101001011001,111000011010,010100111001,101001011110
011001010111,001111100000,010101111101,111101101100,000111101100,110001110010,000100101010,011110010101,110101110010,010100101011,101101011001,100011100110
100100111110,001111001011,0110110011110101100100101,101010001011,101101010010,010111101010,011100101010,110111011000,110010011001,110101110101,001001011110
011011010100,1010111111100111011001100,000001110011,110001111100,010010010110,000101011110,011110100011,011001011000,111100010110,011001110000,101011110011
1010100011011000011011011,001001010101,101100111101,101010101011,111110001010,110101100111,010101100110,101111101100,101100001011,101110001010,001011010110
111110001000,001001111110,1101000010101,00101010011,010101101010,101011000110,011101011011,011010101001,110111101001,010100010101,110010111001,000101000001
100010011111,010011000010,110100001100,010101010010,010110101010,111001110011,001001010001,011010011101,100111011000,110010011010,100100110101,001001011111
101010011101,010011011011,100011000111,100001011011,101010100100,111110110010,101011100110,011011100110,101110101100,011100110101,010110111001,000010110001
100100111010,110010001010,010100100110,010110100111,100110001001,111001110110,001111010010,011100111010,100010111001,110000011010,110100110101,100111011001
111001110000,011001011101,000111110011,110001011010,101010011001,010001010101,001111011001,111000101011,110010011001,011100010101,110111010010,101101000101
101100010011,010011101010,110101011111,101100110100,110010001001,110011010110,101111110110,111100101010,101001001011,111100100101,101011101011,110011111011
111001101001,101011101001,100001110101,100110101100,100110010011,101011001101,011100101001,0101011011010101011101000,010101100101,110101110110,100110110101
100101011011,110011101100,000111110011,011001001101,110100001101,011001111010,101101001010,101101011110,111101011001,011100111011,101011110100,101001011101
010111100000,101101001101,111011001011,100000011010,110101101010,101010110101,011001010110,011000010110,010111000000,111111000110,111010011101,100110111111
011111100000,110000001111,110011000110,010001100011,100001111011,101100101100,101011011101,010000101111,101111101000,010100011001,100111110001,011010100101
000010111100,010100010110,110101001000,001101010001,000100101011,101011110010,101111001010,111110101011,000011011101,100010010101,111000111001,001000111010
111011011000,010000111111,011001010010,011001111101,110001000011,011011110101,101111111001,001010101011,101001101100,110110011011,101011011001,001011000111
010010001111,100011001011,100110110110,011100100010,100100001011,101001001010,101101010010,010111111100,001111011010,100001101110,111000110001,000100110011
010110101110,110101001011,110000101011,1100001001001011111101010,101001010011,011101011010,011010100100,111010111011,010110011010,100100110101,100101011111
101010010111,111010010110,110101000111,000101010011,111011011001,011001001110,001011010101,101010111111,100101011100,010110100101,100111011011,101010101111
101010001111,010011011010,111000000100,000001111111,110010010010,111111001011,101101111110,011010101001,101101011001,010100101011,101011111001,101010110111
011111110110,111100000011,110001010110,111100011011,100101101001,111010010001,000111000101,010001101011,100111101000,010100011001,100111010010,10110100010101101010100110011011,01110010010,1101000111,010011001010,1010100,10101,0101000011110100101,01011011011110010011111010010001,010101010101100,1,101010,10,0,001101100,1001001001001,0,01110,10101,11010,0011010000,1101011,001,10100011111101,0010111,1
101010001101,001011011011,1000100011001010001111101,101010011010,101101001010,101101110110,011011000010,110110101010,001111101100,011011000101,001001010111
111001011110,010000101101,111100001101,011001010011,110101100010,001101001000,111001010011,111100111011,110010001001,010100000011,110111011001,101101011011
100100111010,000001001001,011011010110,010001111101
111001010110,001100011011,011010011101,101111011101,101001001010,011101010010,011100101010,111010001011,001110111101,001100001100,001000011101,101110100011
011011001101,100010000110,010110101101,101011101111,010011001011,110111110100,100111001011,010101010011,110111101101,111100010101,111100011001,100011001011
111100110011,010010011101,100110001110,011001111101,000010001011,101110110111,010011011111,011100100110,001101101010,011010011011,100111110001,000010111111
110100001000,001100001101,111001001011,010101000001,110101011100,001001010100,101101010101,010110101110,010111010001,100011001101,111100000110,000111101110
111010001000,110100011101,101101011110,010100111100,001110110010,101101010010,011111111011,011010101001,100100101100,001001010100,101011110101,001000111011
011111110000,110000010110,000101111011,100111010010,101010011101,110010101101,001011010101,110110101011,100101001101,111000101011,000101010010,101011010111
110011001101,100110000100,110111100100,010111011010,100101111001,001101001010,011111001011,010011101010,000101111110,111100001011,011001011000,000110110011
0100101111110110111100001,111011000110,010101010011,010010000101,111101010011,010111010111,001010111111,001101111100,011101010101,101111011001,011010100001
000110011111,110010000010,100101010111,101001100010,110110101010,111110010100,101111101111,011111001001,010110100111,011100100111,011100110110,001001010110
010111001111,110000001101,110011100011,101010111010,001000101001,111001000010,101111010110,111010101010,000111101010,010011110100,111001100110,100111110111
011011001100,110100001101,111000001011,010100010111,110011100010,101100110110,110101101010,011110101001,000101111010,101011011010,001011110101,000010100001
111101101001,010001001011,000101011111,100010110111,100110101011,111111010101,000100111111,011001101001,100111101100,110001100110,101111101001,101010000101
111011011000,101000111111,101110001011,110111011101,111001010010,001101010110,110000111010,001000111011,101110111101,000110101001,101011110110,100010110110
111111111000,101000011111,0001110111101,10110111101,000110000011,011110010110,100001010001,011101000111,101111111010,010100001001,110111011010,010111010100
010111100000,101111101001,111011101001,110100000101,010101101010,101011001001,101010110110,101001110111,010100010101,111101000011,111111001111,111010100101
110010101010,001011101010,111010101001,100001011011,101101010101,1001010101010101011011011,010110100011,010111111110,010010101010,101011011001,100101000101
010110101110,100110001111,111000001101,011100011101,011110001000,101010100110,110101010100,011101011100,010100101010,001110011000,111001010110,000111111010
011011010100,101011111100,111111110000,001101011000,110000001101,011010111000,010101011110,111110011011,010101111101,010010010110,010000001110,001010110001
110101101011,110101001101,110010000011,111000101010,100001011011,110101001010,011110110011,001100011010,001011101110,010001101010,010111111101,100110100111
111101101000,010001001011,100110010111,110110110101,010010101010,110011000101,100100111011,011001101110,110110011100,011000001111,100111110101,100010101111
000110010011,001111000001,100010010101,110101010001,110100101101,111001010001,101111000110,111001101010,000111011110,1110110011110111100011101,101000001010
111011011111,011100000101,111010010100,011100110011,000011001011,110010110100,011011011110,111011100111,001011000010,011000001101,110111010000,101010101010
111001110000,101001001101,100101101001,1110010101010101110011011,101101010010,001110100011,010100101010,001111100001,110010101001,100101110110,001010100101
100010011111,001011011010,011011001100,000001110011,010110001011,111110010001,101111101110,011010101110,010111011101,111100001001,111111011001,10001111010010100000110001010010,001000,1011,1011010110,100001001000,1110001,1111001101110101,101010000,0011101001111010011110101010011,111010010101100,1,110110,10,1,01010011111001101101001,0,11110,01000,01000,101011000,10111000,101,000000110111,0,1101011,0
1111010010011100011110101,101001111100,011001001001,100101001011,010011001011,101010110100,011011101001,110111011010,101000110010,101011010001,001100100101
010011011011,111110110001,000011110101,110000100010,111011101000,1111100101010001111011110,011001101111,100111010100,101010010111,100101011110,100011100111
000010111100,010100001011,111011001011,010100011001,110001111010,101100110110,010010100011,011001100111,101111101101,101100011000,011000011001,100011011110
110011101100,110100001101,110011001001,011110010011,110101101010,101001110010,011111101000,011011011001,001011101010,000101100101,011011110110,000110110111
111001011010,101011101011,000101111101,1001011111010110010001011,100001010101,010100101110,111110101011,011101101100,111100111101,000111110010,101010100111
000010111100,010100110010,110101011101,010100110011,110110100100,111000110100,101011010010,111010100010,001100011101,011000110101,011101111110,000000101111
100111011111,010000000101,100101010111,111100010010,101010101001,110010110010,101011010010,111010100100,110111101110,011111111011,001000111110,101101100010
011101010000,011000101100,011101110011,100101010011,101010010010,010010101101,001111011010,100001110001,110101111001,001010101011,100110011110,101011001101
110101101011,110101001001,010011100011,1101100110101010110101010,101001001010,101101010010,101011011001,110111000111,010011111111,111011100001,110101001011
111011011000,101011111011,111001000101,111001010011,110011101000,110110000110,101111011100,101100100111,110111101001,110100001001,000111011001,100010111001
001100101100,101001001010,000111010110,010101110011,010110100010,111010010110,001111010010,011001101000,110101010010,111100100111,110101110001,101001010111
101010010111,110010010110,101101011111,111001000011,010101101100,010011110110,101111010101,011000100000,111011111100,011100000101,101011111001,100011110011
000010111100,110100110010,110101001101,011100110011,110001101001,111001010111,101111101001,011100101001,110100011101,110100101011,101000111110,100101001110
011010110000,110011110010,000111010111,111011111011,010001100001,011110010110,001111011111,011010101001,101111001000,111100100101,011101110001,110011000111
000010101101,001101010100,000010001111,110110110011,010100101011,010011010101,000111110010,011101101000,110111011110,001000011011,111000111101,001101001110
110011101011,101101010100,100101101101,011101000001,000101101101,111000010100,100111011011,010000100111,000111110110,110101101011,101000010101,10011010000111100010100110011101100010011010,1101001111,100001100000,0011001,1010111010110101110101,01,01101100001110010010010100000,01,011001010101010,1,10,010,00,1,0111100,111001110001001,0,11011,11001011010,0010110000,1111000,001,001000100010,1101,00100,
111001110010,101010101110,011101100011,110111010010,010111011100,1010111110010001100010111,111100100110,110101100100,110010011011,101011011010,101010110101
010110101011,001011101011,000011110111,110101000101,010010101010,101101010101,101101110000,111001111110,110110011010,110101011010,110110001110,001010110110
101010001101,010000011010,111101000111,010110110000,010110111110,101101100000,111011110001,011011101001,100111111100,001100011101,101011110110,000010100011
111000100000,110101001101,010101010101,110101010101,101010000011,101111010010,111010010111,001011011111,001111101110,111100010101,111110011000,110001011101
010010111111,111111110001,011011000111,110101010001,010111100101,111001010010,000110101111,011001010100,100101110010,000100101011,101101011010,001110101010
000110000110,110100101101,111000101010,010100111010,101110010100,101001010010,101101010001,001010110110,101001011010,010110001100,101010110101,001010111011
011011001101,010000011100,110101001011,011010111110,110001001011,111000110100,001111011010,110010101011,000111111001,011100101010,011001001001,100110111110
010010111011,111111010100,000101110110,110101100001,010110101010,011101110010,101100100110,011000010111,100101011001,110100011100,101100010110,000011100111
011111110000,110000010110,100101010111,100111010011,110100101011,111010010101,101111010101,011001101011,101011100101,101000101011,111011001110,101010101101
111010001000,001001111111,101011001011,111001001011,101010101010,101001001010,101000110011,011010111000,110110011100,010110100111,110111110001,011010010111
010111001010,011000101100,000001011010,111000010100,101011101010,101011010010,001011010111,010001101110,100010011011,010010011001,111001111001,100111010111
110011001011,110100011100,111101000011,011110100110,110111100100,101001110110,001101011001,011110100001,110101011010,100001001010,100101010010,000111110111
011010001111,010011001010,111001000110,011000101111,010010100011,111111110000,101101111110,011000110001,001101111100,111111010011,100011111001,100011000000
111011011000,101000111100,111110001101,100011011001,110001110010,011101000100,001011011011,011010011000,111001110101,011110100111,101000111001,101010110101
0110110101000111100110011,111001011101,101000010011,110010100001,110011010100,001011110110,101101011011,110001011100,110110111101,100101110000,101001101110
111001010110,010000101001,100110011101,110001011101,101000000101,101100010110,011011011111,110110011010,100101001100,101100010101,001111100001,001100101101
100100111010,110000010101,010011011001,110101011011,101100001001,110011000101,010111011010,111110101110,110111011010,111100011011,011100011000,000010101101
111001110000,101001101100,110101110011,000110011010,010010100101,101010110100,011111010111,010000101011,110100001101,111100100101,011011101010,101011110101
111011101110,010101101010,110101001101,100011111100,110001110010,111101000010,000101011111,011010101000,111000110101,011100101010,101010101010,101101010001
010110100011,110100001101,110011001011,110100110010,101001101001,101011010100,101110110100,101010100010,010001011111,111111110100,100011110001,111010100111
011111101000,010100110001,110101000111,111100010011,010001101010,011110010000,100100110110,010000100111,101101011100,010111010010,101001001011,101011000110
011111110000,110000010110,100101011011,100111001011,110101101100,011010010101,001101010101,011001011010,101011110101,011010101011,011011000010,100010100101
011010001110,010001101001,000111011011,010111010011,101110100000,111111010010,110111000110,000011010110,111011100001,011110100011,111111011001,101100100111
011110001111,110000001100,110101000011,101110100101,001001101100,011001111000,001011011101,011010101011,101001100101,111000101010,101011010111,100110110111
000111101101,100001010101,001110010111,011010100100,101011101010,111010010100,010101100111,011011101000,101010101110,110010101011,010100111000,000101000111
110100101010,001010010101,101011011111,101101011100,101001101001,101001010010,001110110111,010001101110,000011101011,111011100010,110011111101,100111010100
1100110111110110111100010,111100101100,000101111010,110011001010,101100101011,100011010010,001110010011,010101011100,111110101100,100100110100,001010111111
011111101010,110000001101,110001000011,110101010101,101000100010,101110101010,010010110101,011010101110,011010100100,011100011011,101111010110,001011010101
011010001111,010011001011,100101010111,001001101100,101010001011,111111001001,110100111101,010001110011,111111100100,111111001011,101111100000,101010100010
010110101011,010110001101,111011000110,010100111101,100100010011,011101001010,001101010101,011010110101,000111101010,011110001011,010111010000,000101011001
011010001001,000010111111,100101001111,011101110000,100001101100,101001001011,101100100100,111011110110,100101010100,101111010101,100010100011,001110100011
111011111000,101010011111,111011010100,100001011111,011011110000,111010010110,101001010110,111110101011,001111111000,000100011010,110110011001,101011110101
000010011101,010000110110,110101001100,010101010011,100111001010,111001010010,101011010011,001001111010,101100101100,110110001001,101101111000,000011010111
100101011011,000011101001,011011010011,101100101101,100100101011,101001010010,010111101110,011011101101,111011101010,111100010010,011011110101,100010110100
1010100011011001011001011,110001001011,011001011101,110100101111,101001010100,101110110001,010001101110,110100101100,111011011001,100011000110,001010110010
110100101011,010001001101,111001000011,111000110010,000110101010,111000101011,101101010010,011010100110,110011011011,011101011000,111010100001,010111011010
100100111010,110000101010,000111010010,010001010111,101010001011,111011010110,011111001001,010010100110,101010011010,111100001011,110101110100,001001011111
110101101010,101011101001,111010001001,111100011100,101101100101,000101010100,001101010011,011100100110,010110101011,010101100010,111010110101,100110111110
0100101111110110111000011,011011010110,011100100001,001010001011,011111010010,010111010101,011010100010,100010101000,010110000101,110101111010,001011010101
111101100001,101011101001,1000111101010,00101011010,110101101001,101101010101,101011111011,011001100111,001111100100,101001101011,111111000000,001101010111
001100101100,101001001010,000111011110,010101110011,010110011010,010010010110,001011010001,011101111010,101100001100,111000101011,110010101110,111001010011
000110010111,110010000010,100110010111,101010011010,110001101010,111010100100,011111010111,011001101001,001100101110,111100101011,101100001001,001010110111
111011111000,000110001111,011100001100,100110111110,100010100011,101110111010,010101011110,011010101001,100111101001,010100000101,001011110101,001010110101
111011101000,101011010111,101011011011,101000111011,100010101010,111101010101,001101100110,001000100011,110100101010,000111111010,111010010110,100111000001
111011011000,101010010111,001111110101,111101000001,100011101011,1000100110110001111011111,010001101101,100111101100,110100011011,101010011010,001010100110
000110001100,001100001011,110001001101,111101011011,101110101000,100010010010,101011111010,111001011010,010111100101,011100011110,111011111110,111011010100
010111100000,111000101101,110011101011,110000111100,101001010110,001010101010,001010110100,111001101010,010101011010,011011101010,011000001010,101001010111
000111110001,101111110100,110101100101,010110100000,110010111101,110001110101,100111011110,110000101001,110101011001,110100010011,001001011010,111010110101
100100110011,110000001101,011011010011,111000011011,110010001010,111010010010,111101010110,111010010111,110101011011,001100010110,011010011010,101001010110
000111110001,010100010101,100111010011,101000101010,101001101011,111010110101,100110101110,111000011000,001111011110,111100000101,111101111101,111010000110
111101100001,101011110011,110011100101,111110100100,010110101010,101001010001,110100111101,011001101001,010110110010,111100011010,101011010110,000111010110
011010001111,001011111011,000011010111,101001100000,110001100011,011111010001,001111111110,011001100001,111111101100,011100011010,110111111001,110101000110
110100100010,110101001101,010111001001,001001011101,101010110101,101001001010,010101010111,011100100010,101010101010,101001010110,101011100010,000110111011
111010001000,110100001111,110100000011,110100011010,101001111010,011101001010,111101011001,011010101011,101010101001,001100100101,101001111101,101010101101
111101100000,010101001101,011001010011,101010110011,010100100011,110110110101,000011010111,011000001011,100101101000,110100011011,101110010101,100111000111
111010101000,11000,010111,101011010111,011000111101,010101100101,101011000101,101101111011,011001101011,100101011000,110010011010,101010101001,001100100011
010110100010,011001101101,100010011010,010101000101,101010011010,011011001100,011111010110,011000100110,010111101110,011011000010,100110110001,000101011001
111010001110,010000110011,011101011111,110000011011,110111111000,111101010011,101110010010,011000101011,101111011101,010100011010,111011010000,111000100011
110101100011,010101001101,111010001011,100100100101,101101100101,101000101000,001111010011,011010100010,000011111010,010101010010,100111110101,000111011101
111101100001,010001001101,000101010110,010101010100,101000101011,110000110100,010111111111,011000101110,101010101000,110111010010,110110110000,101001011100
100101011011,110011101000,000111001011,100110101011,110100001100,110001111011,001001010110,111010100110,110011001010,000000100110,101111011111,101111010011
111001010010,101011001110,110110001010,100101011110,101010010010,100101001110,001111011011,010000101010,011101111101,011010101001,110110110001,101010110001
111011111000,101011101100,101111110001,111001010110,111001101100,111010001100,001111001011,011010010111,110100101001,111100111011,101011011110,101101110101
101010001100,101010001111,001011010101,111100111100,001011100011,101010110010,011100111010,011010101010,110111011000,110011101010,110101111001,001000110111
000010111100,110000110110,110101001011,011010110011,110101100101,111000101010,001011010101,011010101001,101111001010,110101000011,010101111110,100110101000
1100111111110110100010101,111011000011,101110010010,101001100101,011001010010,101111010110,111010101010,011001011010,110011111001,000100101110,101110101100
000101001110,001100101011,010011011001,101100101100,111001100101,111001010010,000111010110,010010101010,110111011101,110000011010,110100011010,101011010011
110010101010,101001111011,101011010101,100001011000,101001101101,101011010100,101110011001,111000010110,110110101110,010011111010,110110110100,001101010111
0011110010011101000011100,100111011011,101000010100,111001101100,110001010110,011001101111,010110101001,110101000101,111100111010,010101011101,100111010101
111010001111,010100001101,111100000010,001101011011,100011011010,011101001010,111101011001,011101101111,001100100100,100110011010,101010010101,000110100101
110011001110,110100001101,011010111101,010100110011,110001110100,101111110010,101001011010,111010100010,110011010011,010001010010,001011110101,101100101011
000111110111,001110010100,110101010101,110001001010,100010101001,111010010100,001111010011,010001101010,001111101110,1110111010110111111011000,011011110100
010010111010,111010101001,111011001000,011100111110,111001101001,001100110110,001111010001,001011100011,111110100000,010111011000,100111010000,001101011111
111001010110,010000111011,011110011101,010100111010,100110001010,101111010001,010011010011,011110010110,110110101000,111000011010,010111110001,001011010011
111001110000,010001111101,111010011001,111001011101,001101100010,101011000101,011110110001,011000101110,011111101001,011000100100,101011010101,001010111001
010111001111,110011100101,100001111010,011000101010,010010011010,101011001010,011101010110,010010101011,110101011010,011110011010,000011010001,101010110101
000110010011,010010010010,100011010111,101110100000,110001100101,101010110010,000111011110,011101100101,101111010100,101100011011,011101011111,101010101110
111001010110,101011101010,011101111001,111101011010,110011100000,111010011010,001111010001,000100111010,111111101101,110100100101,110111011001,10100111111010,01011100000111111,110100,1011,1101000011,100000001000,10,0101
000111110111,111100100000,011111010010,001110101101,010110001011,111001111100,100111010111,000100100101,101111010101,110010001011,110110011010,101010111110
010010111011,110100010100,011101011111,101010110011,110110001010,011101110010,101011001010,101010100111,110111011101,011100011011,110101111001,000011101100
100011011011,110100000100,111101001011,101110010011,110001100100,110001110001,001101011110,111010100001,001011011110,111100011010,001001110111,100011100011
111011111000,010001111111,100101010101,111101010001,110010101010,011110010010,001101011110,111011100110,101110101100,011010001001,111111011001,011101100010
111010001110,010000110011,011101000110,011000111011,001001101011,010111110001,001110011111,011010111111,100110000000,010111010010,011110111001,001001000111
011110000000,011000011111,100011010010,010001011101,110010111100,101011000101,101101110101,011110101101,100100010100,010110010010,100110010101,001010100110
010110001111,010000000011,100010001001,111100100001,110101001011,011101001010,101101011101,011011111111,000110101010,010110000101,111100111100,001111010110
111000110010,101011101110,110111000111,111001010100,111001100101,111001000110,000101011011,001111111011,101110101101,011011001001,111111111110,101011001101
011111110000,110000011111,000101011111,111101011011,110110101000,111010010100,010111000101,011010101010,101011010100,011010001101,101101011110,110010101111
010111100001,111100001101,000011000101,010110110001,010010111001,011101001001,100111010101,010010010110,100111101100,000011100010,110111011010,101001001001
110100100010,001011101111,110010101011,010101011101,101001010000,000101010100,110110110111,001011010010,010111110110,111111101001,110111000101,100111001101
1010100011011011011010100,1101000011001010101110001,100101011010,111101001010,011011000110,101010110111,100101011001,110010100001,110100110001,111001010011
011111111000,010011100010,1001010000101,01101010011,100001101011,111010110101,100111000101,010001101011,101111101100,110100011011,010101011110,011011010010
011111100000,110000001111,110011010011,011010111011,010010101010,011010110100,101011010100,101001011010,110100101101,010111101011,100101111101,101011000111
111011011110,001011111010,111011011111,111111011000,110001001100,010110001011,000111011110,111011100111,010110001111,110100001010,111001000010,101101100110
010111001000,101100011110,000011111001,100000001111,101010100100,011011010100,001111001110,111001101010,010111010011,110101101011,111101011110,101011001110
111000110010,101011101110,111010001000,001110001011,101001010011,011011001110,001111001010,101101010111,010101001010,110100000010,100100010110,100011011011,1010011110110111101,000100,1011,0101011111,00101011001011010101,10111,1101010001,11011,00,11001010011110010010011110010,01,101011010101100,1,0,0010,10,0,0101011011,001111101001,1,11010,10001,01100,0111010000,0110100,101,10100011001101101,10100,
000111110111,001111111000,000111010101,100111100010,000110111101,011110011101,100110001110,011110100111,101010000111,111100000011,111100011110,001011001110
010010001111,010011001011,100001110111,110100100000,101110101010,101101001011,011100110001,000001111010,100100101000,011111100111,110111000001,101001010111
011110001000,101000011111,100011010011,101101011011,101000100010,111010010100,001111110010,101001100111,101100100001,111111011001,100110010011,101010110111
010010001111,110000101101,011011011011,010000101111,010100111010,101101010010,101101110010,001010011110,111100111000,010001001010,111011110110,101001011011
111001010010,010000111010,000111110011,111100101001,110101000101,111001111001,000111010010,111000101011,100110011110,010010001010,101001011001,001111100011
111000110010,101011101110,111010001011,1001110110110101001010100,011011001110,001111001011,110110010101,010100101110,111000011010,011010011110,101100110101
1100111111100110111101011,100001111100,011100111010,000101101010,101101001011,101011001010,100010101111,110100101110,000000001100,100110110010,100110111011
111101100001,101011010101,111011101100,011100010101,000110000011,101011010101,010111101011,001101100011,001011101110,111011010101,111110110100,001010101110
110100100011,010110001101,100010101101,101001011101,101100001011,101011001010,101110101010,011010100110,001011111111,101101111110,111011000101,001010110101
110010101010,011001011010,100111100101,101100100101,010010011010,101011110010,101101011001,010011101010,111101101100,011101011011,101011001010,000111010111
111001101001,100001101001,100110110111,011101010010,100000010101,101011001010,011111001110,111010101000,001111101100,011100101001,011011110101,100101010111
011011001101,100010010111,001101010111,011100101000,100110101011,110111001001,101101111010,011000100010,110011011000,010111010101,111101010101,100010100011
111001010110,101011101011,001011100100,0111010101110000111101011,011011110101,001111011010,011000110101,100111111010,111100011010,110110110001,101001110110
111001010110,010000101010,011001101101,101111011111,110111100010,101001110000,111111011110,110011000010,110001100001,110100011001,001111011101,111010110001
010110001010,101000111111,100010101010,011001010110,001010001000,101011001011,001101010101,011011110101,010101011010,001101010101,010111010101,011010110101
001100101100,001011001010,000111010010,010101110101,011010100010,111110010110,000101100110,011010101000,101111001101,011100100111,111100011100,101011010111
000110010011,110011110010,001101011011,100111011000,110001101101,111010010110,010011101101,010101101101,101101011100,011100101011,101101011110,101010101101
1010100010011111001111010,100011001001,100110010111,110100110100,010011001110,101111110101,011010101000,010110011110,011000111111,111000111110,101101010101
0011001010011010111001000,100111000111,110110110100,110101001101,101001001110,000111010011,011010100110,101100101110,011100101011,101011111101,011011010111
100100111010,001001011010,000101100111,1101010000101010110101010,110011010010,001111010011,011010100110,110110011100,110100111011,101100111001,101010101110
101001110110,101010001110,010101001011,000101010111,110101100101,111011010100,001011010110,011110010101,110011101101,010000101010,100111011001,101010110110
011010010111,010011110011,000101011100,011001101001,001110100001,101111110001,100100110101,010000101010,101110111000,011010000101,100101110110,010111001010
010110101110,101111101001,000011111111,111100110010,110001100101,101011011010,001101011010,001001100111,110111111010,011111101010,110100010101,000100100001
100100110000,110011001101,010100111111,001001011011,110110001101,111011010010,110110101010,110101010101,111011010110,101101101001,111100011110,101011010011
011111110000,011000110010,110111010011,101110010001,110100101101,111010010100,000111010111,111000011011,101001101110,110100100100,101001010111,001010100111
1010100010011111001111000,111011001000,000100110001,110101110110,001011001010,101111110110,101010110101,100101011010,010010101110,100000111001,111011011011
111101111000,001011101011,011000011101,101101001011,110010000010,111011010101,011101011010,001100010111,110111101001,110010010100,110011111001,101010111110
100100110011,110010001101,110101000110,010101011101,010010001001,101101010010,111111010101,001011101110,101101011110,101100011001,100010110010,001011011101
010110101011,110111001000,100011001001,100110100101,110100010101,011001000110,000111110111,011010101010,010101110101,101101100011,101001010110,000111010111
100100011011,110011101010,010100101100,010101011101,100110001010,101111010010,101100011011,011110011001,110101101001,110100101101,101110111001,101000010011
011011010001,010000101111,110101010010,011001011010,101010001011,111010101001,101101010101,011010101110,001111000100,110100001011,000001111011,001011100011
111011101000,001111110011,110101010111,111000011011,100010100011,111101010101,101000101111,011001011001,101100001100,010010111001,101011110001,001011000101
111001010110,101110101000,100101101101,100110011010,110101100000,010001011110,101011001111,111100011001,000111111110,111100000001,111000011111,100010110100
011010001110,010000001111,110100000011,011101011011,010010100010,101110110010,111101010010,011001111110,110111111100,011000011010,110101010101,010011010100
011010001110,001010111011,000111011110,011001101001,100001100011,110011000110,101111111011,011000111111,100010011000,011111001101,110111110000,100010101110
010010111111,111111101001,011011010001,100001111101,110011000101,111010011001,001111011110,110100010010,010101110100,010011011011,100101111110,101110101110
101110010011,110010010100,111101010010,110101011011,101010001010,001010101010,011011111001,001010101011,101101101100,111110001011,100101111011,100010111011
000110010111,100000101110,001101001011,101011011100,011010101010,101110110010,010101101010,011101011001,110101100110,101100101010,111011011110,001010110101
010010010011,010011000101,010101001011,111100011011,100010100011,111110110001,001111010010,011000100111,100110011100,111011001011,111100000111,101010100110
000110001100,001100110111,001100011111,110100110101,101010101010,111001010010,101001110010,011011011001,101100101100,110101101100,111011000001,001010110111
111101010011,101000010100,110110011011,101101010101,101000011101,010101011100,000111011011,111010101011,010001100110,110010101011,011000011110,10111110111011101011110110010011,00111000011,1011010011,000001000010110,1001,11011,1011110101110011000101001011001110010011111100000001,101101010001111,1,0,1010,1110,1011010,110001101001010,1,10011,10001,11001,0010110000,1011100,111,101000100010,0,11,10110,
111101101000,010101001101,000101011011,111000010101,010101100101,011011100001,001100110101,011001010101,101110100110,010011011001,101110110001,110101001110
011010001000,011000101111,000011010011,101001011010,101010101011,111000110101,101110110110,111001100110,101111101111,101000111011,111010010101,101010100101
0011110010011101000010110,000111001111,100110010100,011010110010,010101110001,100111100001,011011101001,111111101100,001100101001,111101001001,101011100111
111011011011,010000110101,011101100111,110001010010,110011101010,110011110001,101101010011,110101101001,100110011100,110100011011,100101011010,111010101111
000110001011,010011001010,000011000111,111110100101,110100101010,111111010001,000111101110,011101101001,001101101110,111100010110,111111011101,101010110111
0101111111100111101111011,000111110001,110100001010,110101000101,111011011001,001011010110,111100101001,110110011010,111000001010,100110001011,101001110111
101011011111,010000010101,011101010111,111110010011,100010101011,111001110001,101011010010,010010101110,101010011100,110010010101,100000110001,101010101101
111010001000,101011111111,101011000011,111001011100,101010101000,101101010110,110100100111,001000011110,111100111010,011110100101,100110110010,001011010111
110100001011,110101001001,011011100011,010100100100,010111110100,001001100011,101110110101,001010110111,101101111010,101001011010,101011010101,100101011111
011111110000,110000001110,110101000011,101111011011,011000101010,011010111100,100001010101,011001011010,110111001001,111110101011,101101111010,101010111011
110011001011,001100110101,111101100011,111000101001,100001101011,101101010010,100110101001,011001101001,000111101101,110011100101,010011011010,101010101110
110110101010,100111101011,110010100101,100101011010,010010110010,101011001010,011101011010,011010101000,001101101101,011101011100,011011010101,111010110101
111001110010,101011001101,111010011011,1110010110111101100001001,101101000100,101100111010,111010101110,010111101010,110110010101,011000010110,101011111110
0011011010011010001011001,000011010111,110110111000,110100101101,111110001001,100101100110,010011101101,1011110111000011100011011,010101110001,111100101110
111011101000,011001111011,100001001010,010001111101,101010011001,100101001011,101010111011,010010101111,000111101100,010000001010,111011110001,101110100001
000110011011,010011100001,000101011010,011010111000,101010101011,101110110001,010011101101,011001100101,100110101100,111100011011,101001111010,000111000101
111011101110,010101010011,100001011011,110110111011,100010101001,101110110011,101110100110,010011101011,110110001000,111000010101,100101011001,101101000100
111001101000,010101001100,110101001001,101011011111,110000110010,010011001110,001011011011,011001010010,110111101001,010100000100,101011110110,101010101110
011111110000,011000110010,101111011011,101011010011,110001001100,111010010101,000111010110,001111100001,000111011101,011000011010,101101111110,110001101011
101010001101,110001011001,100110001010,010101111101,010110011010,101101010110,111111110111,001011000110,110101010110,101100010111,101011010001,000011011111
100100111010,110000101010,000111010101,100010011011,110110001010,011011010110,001011010111,001101100011,111111111100,010100101011,101111011001,100011010111
011010010111,110011110011,100101100111,100101110000,110110001010,010001001011,101101010110,011101100101,110101010100,010110010101,101011101110,001010110111
111001101110,010001011011,100101011011,110111111010,000110100010,101111010000,001111011101,011001101011,100111110000,110101011010,100111110001,100100100100
010111101110,111100101001,110011110001,110100110100,101001010101,101010011010,001011010001,111010101010,100101101001,011011101010,110111010010,100101010111
101001011011,011000010100,110101010011,101001011011,110101111000,010111010100,101110110110,011001100011,000101011101,011100001111,101000011111,111110000001
1100110111110101101100100,011110111100,000010110110,011101011101,100101011001,101111010011,000101010011,101111110010,110101011011,011011011000,100101001101
011011001101,100000010111,100111010101,010100110000,100100110010,010101001010,011011110110,011000101010,110101001010,011111010101,001011100001,101110110011
000110001100,001100110111,110011000101,111100011011,101000101001,111010010010,101111100110,010001101010,111001100100,111101111101,111011010110,001011010100
110101100011,110101001001,100010001010,010101011010,101101101001,110001001011,101010110001,001011110101,101011001010,100001001111,111000110001,101110111111
111011011100,001010111000,111101110001,101111011100,011011001100,0110011110110000101011111,1000011000100111001011101,011011011011,111111001010,101011110010
000110010111,110000110110,100101010111,101110100010,110110001011,111011010110,101111011010,010101011010,010110111110,011100101011,101100111110,100011110110
010111001110,111100101001,110011111001,110000111010,110101011000,101011010110,011011010010,101101100111,000111111111,101101111010,111011010101,100101000101
100011011011,101100110100,011111001001,101111001011,110001001101,111001110001,000111011010,011110100111,001011011101,111010101011,001111111000,100010100001
100100111010,110000110101,010100010111,110101110010,101011101001,111011010010,101110110011,001011011110,100101011100,100100001011,101111011001,001010101101
110101100011,101111001101,111011101000,001001011010,101101001001,101101010101,011110111011,001010111111,000111111110,110011100011,111110010000,000111000100
011010010111,010011110010,111101111110,001100110010,010000001011,111011110001,101111010110,111100101111,110100011100,111110011010,110001001110,100010110010
111010001000,011000111111,001011010011,100100011011,010111101010,111011010101,101110100111,010010100001,100110011100,110011011011,101011110101,001010100101
100100011010,110010101010,000011001001,101001010111,110100001101,011011010001,001111010011,010010100001,110111101110,111100110111,011101011110,101101010110
100101111010,000101101101,010101010111,100101110000,101010101011,111010110001,101111001010,110010110110,110111001110,100000011010,110101111001,101011010100
111101110000,101001010110,010101011011,100111011011,101010101000,110010111101,001101011010,011110100110,110101001100,010010011011,000011010101,001011110110
010010001100,101011110011,101011101001,011000100110,101110010101,011011110100,101100110010,111011101010,011101000100,101011010100,011010010110,001001111101
011011001111,010000010101,100101010101,111100010000,000110101011,011111010001,101010110110,111001101010,100101011100,011111011101,101001110001,101100100010
011111100000,100010111111,000111010111,111001110101,100001101010,110010001101,110101101110,011000100101,110010101101,011100111110,111011101001,111010100101
011010010110,001000111111,100101011001,011101010010,011111101000,101010010010,110000111110,101001100101,110110011101,111010010100,110011010110,111010110010
101010001111,101011011011,100001001010,011101010101,011110010010,000101010010,111100011010,010010101000,001111100110,010110011000,101011110011,100110110101
1010100010011011000000101,000111011011,101100110101,001011101001,111011010101,111100110110,100001110111,100110011100,111011001111,110110001011,100011001110
111010001000,011000001111,1100011000101,10101010011,010101011010,011101001010,001101010001,011001101110,100100101101,010010101011,001010110110,100110101111
100101110011,110011101000,010110000010,110001010101,010101101010,110111101111,001111101011,001101111110,101111011100,1111000000110100110111101,101001011101
111010001100,001011101011,001011111001,111001010010,111110001001,1011110100100011011011000,110101100111,101100111010,010011101010,111101010101,010100110111
001111010100,010011110010,110101001110,000101110011,100101101010,111010010101,101111010110,110011101000,110110011101,010010011011,011001111101,001010100101
001100101100,101101001010,0001000011001000111110101,010110001101,110011110110,000101011111,001100100011,001111111100,110100011011,111010111001,111001011011
101010001001,110011111001,100111000111,010101110101,010010111010,011101001010,011111110101,011010101001,101111110100,011100100010,110010110101,001010110111
100101011011,000011101000,010111001101,110101001011,110110101000,011111010010,001111011110,111111000100,110011101101,111100001111,011111011001,000010110110
010010001111,001111000001,100001000111,111000100001,110101101011,101101010000,001110100011,011001110110,001101101100,110011100101,101100011111,001111000110
111001010010,101011011111,001011101000,111001011101,101110001011,101101010000,001110111011,010010010101,100111101110,110010101101,111100000101,001010110101
0100101111100110100001101,011010010011,111100011000,111111100100,101010110010,011111001010,011010100010,110101100011,110000011010,111011101101,000010111001
011111001000,110000001111,000101011110,000101111011,110110011010,101011000100,111011110110,011010101010,100101010100,011100011010,011011110101,101010100101
000111111111,010011110010,000011010101,010011100001,100110111101,110011110001,100011101010,011010101101,100110101100,011011101011,010101111000,111001000111
111010001000,011000011111,000101011010,101101011001,101001101010,101111000101,101101011011,011001101000,100110101100,011010010101,101011001001,101010100110
001100010011,110010001100,110101001011,100111000011,110001111000,011001010110,001101010110,101101010111,001011011101,011100011010,101101111111,111010110010
111100100000,010101001101,110101010010,010101010100,001001101010,101011001010,111010110100,111001101101,001111001001,010100001011,111010100101,101010111011
010110101110,110111001001,010011100111,110100101011,100100101001,111111010010,101111010110,001011111010,111101101010,111100010111,111111010101,000100110100
111011010111,110000011100,111111100011,001111001010,111000001010,011001111110,001101010110,110100111010,010000110001,111011110010,100111011110,101010110111
1100110111000111100011010,011111011101,111000011111,110011001010,110010010110,010011111110,011110101011,100111011111,110000011110,110001011110,100010110101
000110010011,110000101101,110101001001,111101010011,110110001010,100110110010,101110111011,011101001110,110101101110,011100101010,111111011010,100010101101
011111100000,110000001111,100011010111,010000100101,001010110010,110110001110,111111000111,011001010010,110101101000,111100100101,100110010110,101000101101
1100110111000011101001011,111110000011,110100011111,110011100010,001101010110,101001110011,111010101111,100111010110,110100000110,110111110000,100001100101
111101111000,001011101011,100010100101,101111001010,101010010011,101101001100,010111001110,010010101110,011101101110,010100110101,100110010110,100111001111
0110110101000111100111111,110001011101,000101001101,100111101000,101011010110,000011010110,000001111110,101111111000,111110100100,110110111000,100010111111
010010111011,110111110000,111011000110,101010110011,110000100101,111110110100,010111010110,001100101111,101101010100,010100010101,100101011110,111010101010
011111001000,010000001110,100101011011,101000010101,010101101010,111000000110,011101010101,011001101011,100110101001,010010100010,101001011111,101011001111
010110101110,101001001011,110001001011,111101011101,111100000001,101001001010,101110110000,111000100110,010011011101,101101010101,111011000010,100110110101
011010001110,110000101101,110101000010,011001010111,100110010110,001101010110,111111110101,010010100110,110101011110,001101000100,100011110101,001010110111
010010111111,111110011001,010001001110,111001111011,101010001000,111010110011,001101011110,101100011111,100101011100,110010011010,110111011010,100010110110
000011110100,110100110010,110111001001,011110110001,110000001101,101001011010,010101010010,111110101011,001100111001,010100011011,001001011110,000011010001
101111110001,110000010110,011111010010,101010101101,010110101011,101001101110,010111010101,011010101001,100110111100,011100011011,011011011001,001010110111
110100001011,110100101101,100010001001,010101011101,101101011000,001001001010,010111010101,010010101010,010111111001,000100010010,111001100111,010110110111
111001010010,101011101101,111010011000,010001011100,101011010011,101101001001,011000111011,010010010101,011101111001,101100101010,011011100101,011101010101
101010001101,010011011100,011001011110,010000011101,110110111010,001111010110,111011001010,010010101111,111101011001,011100011010,010101111101,100001011110
010111001111,110111000101,100001011111,101110100000,110110000101,111001010010,101101110111,001010101110,100101111100,110100000101,111100111010,000110101010
011111000001,111011000100,000011110011,001110101100,111001101100,001111010101,000011011110,011000100111,101110011001,111100100111,100101011101,001101010101
000111011111,110000101010,100111010001,100111010010,110110001101,110010011110,101111011110,101111000111,111001110110,001100111011,111111111000,100001110111
010111100000,011001011011,100011101011,110100101010,0101101010001101010110101,101010110101,111001100111,000111011010,010011011001,110111011000,101010101110
000111110010,101100101010,110111010101,110101000011,110100011001,011110010100,001111101110,0011011011110101111011101,1111000001010101100011110,111010110110
100011011111,010000011100,011101011100,101100010010,100110101011,110010110001,001111011110,011010101001,001111101110,010100110111,011001101001,111000110110
001111000101,110111000010,100101100111,011110100000,110101101100,111000101011,011101010101,101010111000,101011011101,111100101001,101101001010,101011010011
111101110000,001011101111,011011110110,110001011101,101010001011,011110010001,010100011110,101010100110,110101101101,011110011100,101111000101,100111010110
110110101010,010101101101,110101001010,011100010011,101010100101,101011001010,101011010110,101010110110,101101001101,100011001110,010111100001,101010111101
001100101100,101000100100,010110011101,110010111011,010101100001,110011010110,000011011011,0011010110110110001111100,110010101011,100100010001,101011000111
000110010111,110011101010,000111010100,010111010001,110110001010,111110001010,101111100110,011010101010,111111101010,011100011010,100111000001,001010111011
011011010001,010001110110,100111011100,000001111100,110010111010,110010010101,101111101111,010001010111,111101101100,101000101001,011001011110,100010110111
011010110011,101011010111,100110001011,100101011000,101010010010,011010101101,010011010110,011000011110,010101101000,011010001001,101011011001,001010110111
111011001000,010101110011,000101011101,110000001011,100110010010,110011010101,100111010111,001001010011,110101100100,011100000011,001111111001,101010101011
010110101110,101011101011,111011001101,100001011001,110101100001,101101001010,001111011010,101000011101,011100110111,111101101011,101100011001,111010110011
110101101010,101011101001,011011111001,110000101010,101110010101,101011001001,101100100110,110101100101,111011011101,101101101010,111010000101,001011001101
100101011011,000011001101,011011010011,111100101001,110100101011,101101010011,110011010010,100001100101,110101111110,011100011011,100101011000,11111010111111101000010001010010000010110011,1101001111,000101110000,1010100,0111010110110101,10110,11,01010101001111010010111101010001,100101010111100,010,1010,00,0,0101000,111001101101001,0,10011,10000111010,1010110001,11110001001,10100010111101110,1011,1
1100110101110111111100001,110100011000,011100110011,110001001001,011011010101,101010110101,011010101010,001110110100,110010101010,100100110001,100110101000
100101011011,111011101000,010000011011,101101011101,110100001101,111001011011,001111010010,111110100010,110010011010,110000111001,100100110001,101101011011
000010110011,010100110010,100111010011,101110100001,110001111101,110000001110,000111011110,011110100001,001001011010,101010111001,000101110000,100011101110
011010001111,110011001010,111001001111,011110011100,000110101010,110111111000,101101110101,010010100110,111110110111,011110001011,111010111110,100010110101
101010001101,010010011011,100101000111,010101110011,110001100100,111111001011,011010100110,010001110111,101111011100,101101110111,101111100100,101100101110
001010010011,110010010110,100111000111,111001010000,110101101100,110001110010,001111110101,011011100110,100101101100,111100111011,001101011110,001011010110
111011110110,011100011101,110000011110,001101010001,011111101000,111001010110,110000100010,100010110111,010100101001,110010001010,100110110101,100011111101
000110011011,000011110010,001011010111,101110000101,110101100101,110001110000,000111101111,010111101000,100111101100,011100101011,011101010110,111011010110
011010010101,111011110010,111111000110,000110100001,010101000010,011101101001,010110110101,001001110111,100011101100,110110001011,101011001011,000010101111
011111110000,011000010110,100011010011,100110011001,101010101101,110010000101,000101011110,111000100011,110111011001,110100000100,101001101011,100010100111
011111001001,010000010101,100101010111,111100100000,100101101011,111001001001,011101110101,011001101000,100110011000,110011010101,100100110110,001010101111
1010100010001110011111010,101101000111,010001100011,100110101100,111011001011,101011000101,011010111001,101111011000,110100100101,110101101100,101011011111
010110101110,011101101001,100011110010,0110001001001101001010111,011101001010,011001010010,010010101101,001111111010,010011011000,110111000101,000110101111
000110010011,110010001100,110100101011,101101011010,111000001101,011110110110,101111001010,111101011010,010001001111,011100111011,001100001001,101010111101
110100100011,110101001001,111010000001,011100111101,110100011010,101001001010,011011010010,111101010101,001011011011,001111100110,111010000101,100100111011
000110010010,001111101001,100011001101,111001000011,110110001010,111110010001,010111101111,011000101100,101111101110,1111111001010011101111000,001111010110
111101111010,001001011011,000111001101,110001010011,100110101001,111111010101,001011111110,111001100101,101111101000,011100011110,010010010001,101100100011
010110101110,111000101101,010011001010,010101011110,011110011001,101011001010,001111001001,010000101010,010101100010,110011000011,000111110110,000111011001
101010001111,111010001101,100011000110,010101110011,100101011010,000011001010,100111110100,011001101110,001110011100,100011011010,100011010011,101100110111
111011011000,101011101111,100010010111,010101001011,000111010001,011101001100,001110001110,110010101001,010110011001,110100110101,100100011001,111101110011
100100111010,100011001010,010101010111,110010101101,100110001010,111011010010,001111010011,011101101100,100111101101,111100101011,111100011001,101011011110
010010111111,110111100101,000101010111,111111110001,110000001000,111001010010,101011010111,011101101010,110111101100,110100001011,101101011010,000010101100
01101101010001110001011100011101000101,100011010011,110101101100,011011111001,101110010101,101000101011,111011010100,110000011001,101001111110,010011101101
100111111111,010000000101,110101010111,110001010011,110010101001,011110000100,101111111111,011001101000,110101100110,111000011011,101101011001,001110100111
100110010010,110010101110,011100101010,011001010011,110010010110,001011101010,011010110101,011010101011,101101100101,101000101101,010101011001,101011011111
111001011010,101111010110,1101010000101,10001000111,110010011011,010110110101,000100111101,001010101111,110101101110,111100000011,110110011010,101011110110
100010011111,110010000100,111100000100,010011011011,110100011010,001101001010,101011010101,011010101100,010111001101,111000000011,111010111001,001010111111
101111110001,110000001110,111101011011,101100011001,110101101101,111000100110,001101011011,011100101001,001010101001,011100101011,111011000011,100010100111
100010010111,010010000011,111000000100,010100110001,110010001010,101111000011,100101110110,011010100110,010100101010,110110011000,100100111000,001001010001
010111001111,110010000101,100011001011,101100101010,110100001001,100111001010,110111011101,011001101110,010101011110,111100101001,101101011010,001110100110
010010111111,011100100010,010110101101,101110110010,110001000100,110011110101,001011011110,111100101101,000110111011,110100101011,111100011010,101010101000
101010001101,010011001011,100101000111,010101100000,101011110010,011111001011,111101010110,010000101010,011111011101,111100111110,111010000110,110011010111
110101100010,110101001101,111010001011,011010111100,010101100101,001001010110,011101010010,011110010101,001011011011,010001011011,111011100101,110101011001
100110011011,010011001010,000111000111,111110100011,110000101100,111110110000,000101001110,011111100110,100100011100,011101011001,001101011110,101111010110
1010100010001111000011110,110100001011,101001010111,110010010100,111011001010,001101001001,111101001011,100001010101,011100101011,101011010100,101010100111
100111011111,110100000010,011111010111,000110100010,110001011101,111001101001,010111010101,011110101001,100110011110,101100101001,001101111010,001110101001
011010110111,010011110010,110101011111,110110111000,000010101100,111000110011,100111010110,011000011110,111100101000,110110000011,100101001010,000001110101
100011011111,110100000100,011100101011,011010101001,110001100101,101101101010,001111010010,101000100111,100110110000,110011010010,100100111110,100011101011
100010011111,110010000101,110101001011,111101011010,101001101001,111100110010,101110111000,111110000010,010011011110,011011111000,001010110001,000111101000
100010111111,110100001101,011011000110,010001110011,100110011011,101011010100,101101101010,011010101010,111101101010,100100000100,010111101001,001010110111
010010001110,010100101011,110001100001,101000100111,100011100100,101101010010,101101010110,010010100101,001010111100,111000111010,110011010110,000110101110
110111111010,101011011011,111111111000,010001001000,001111100001,100011110111,101011010011,110000100111,110101111010,110000000110,110111110110,100010111101
111001011010,010000111011,100011110011,001101010001,110111100100,101000110001,101100111110,100011100011,110100110110,111100110110,000101000101,101011100111
110010001110,110100001101,111000101001,001100110101,101100010100,101000101000,001111010101,101010111001,001001101010,101110100101,111011000101,000100100111
1010100011011001000011011,100010000001,101101010001,001110111110,001101010010,111001010110,111001010101,010110111010,010101000100,111011100101,000011010101
011010111111,110011010100,110101011101,110111011000,111100001101,101001010110,101101110101,100011101111,110111101100,111011001011,101101111011,000011111110
111001010010,101011101110,111010001000,001101011111,111001000011,101101001110,001111101010,111101010100,010101101011,110100101011,011010010001,001011111111
011111101100,010100000011,110001011001,011110111011,110001000001,111110010000,100111010110,101011101011,001101011110,010011101011,000101111111,000011000110
111010010000,101011001110,101010000111,110111001111,011011010010,111101000110,001001011011,000101101011,110110111101,010111101011,100110011001,101010111101
111001010110,010000001011,111111111001,001100011010,110000001010,011011010010,011011010110,111010101010,001111101111,000100001010,011001010001,111010110100
111100111010,001011101111,111011010101,100001011101,111010001011,101101010110,010100100111,1011101111110111100101100,111100001001,101111011001,010010101111
111101010011,101000001101,000101110010,010101100001,001010011011,101101010001,101111010111,010000101110,100110010100,111010001101,100101010110,101010101101
001100010010,101001001110,100011001010,000011011011,101100001010,110010110110,100000100111,011101101110,110111001010,110111101011,111100011110,001011000111
000111111001,110100010100,110101010111,101010100000,110010001011,101010110100,101011010111,010011100110,010100101110,111100100111,011100111110,000111100010
0001100111100111100101010,010101010111,110110110011,100001101010,011011110110,001111010010,111001101010,010111011101,111000001000,110101110111,101001101111
110011001101,010100110001,110110000110,001100110011,100000100111,111001001011,101011010110,011001111001,001111011010,010000011110,110001001001,101010101110
0000101111100110100001010,110100001011,001101011011,110001100101,111010110100,011001110010,011010011001,001011011101,010100101001,011000111001,101011101011
010111100111,011111100001,100001100110,111000100010,101001101001,011011010101,101111001111,011000101111,000110011110,001100011011,111100011100,101111000110
0011010000111101010001101,110001011011,101001011101,101010001010,110101010101,011100100011,011001101011,000100011110,111100100111,100011011111,101010001010
010111101000,011101101000,100011101001,1000101010001110000110101,101011001101,100011010110,111010100100,011011010010,010011000110,111001000110,101010110111
000011110100,110100110010,110111011001,011100000111,110100001101,111011010100,001111010010,011110101010,000111000010,010110111011,011001111000,000100111010
111001010100,001100101011,010111101101,101101010011,101000001011,1111010100010011011011010,011010100111,001111101111,111100011100,011011110101,000011111110
001010001101,110100010010,110100000101,100010010111,110110011010,010111101010,001101010100,011010010101,110111011110,011100100101,001011111101,100001011111
010010101110,101111101011,111011000001,111000010100,011001101010,001110110011,101000110001,0111000111110111111101010,111100010010,110110010101,000101001110
111001010110,010000101011,110111011101,011000001111,110001000011,101100010100,101001110101,111110101001,110111100100,011100110101,010011000001,101010101011
010110101110,110100101010,010010001011,101100111101,110001100101,011001001010,010101010010,011010100011,001011011000,010010000010,100011011110,011010110011
001111101001,101100010101,100011010111,110100100001,101001010011,110010010101,000111001110,011001101010,101011101000,111011001011,100111010111,101000100110
011010101001,010001111010,100111010111,010100110100,100110111100,011000110111,101011110010,00,010111001,111100001101,010100011110,100101011110,100101010011
111011011100,101000011111,110100010111,100101011110,101011101100,111010010110,000001011101,010010011010,110110111101,110110101101,110110011001,101010110111
110100100011,110101001101,010011011000,000101010101,101110101101,101011001010,001101010101,001011111111,101111111010,101100000111,110110100110,001001010101
000111011011,001111110000,000111100111,100111100000,110001101100,111110011001,000101101110,011001101101,100011011101,010100111011,101101011110,10101010110101,10000101110011101000010010101,11010101110100100001010,101000001111001110111001,10101011,01101101011011010011111001101001,101010011101110,1,00,001,00,0,10111110101001101101100,1,10101,11000,01100,1010110000,1011000,101,10100011111101,11011100,
000111110100,010011110011,000101111101,110000101000,010110001011,011110110001,101011011110,101011000111,110111010100,110100011011,111101011001,101001001110
011101110000,001001011011,000111000111,110101001011,100010101001,111110010101,100111000101,010000101011,101111100100,110100011010,100101011001,101110101101
011100110000,001011011110,110011000011,101001010101,011010101010,010110110110,000100111110,111010100111,011001011110,011100011010,111011000101,100010110110
000110010011,110010001100,110101000010,011101010110,011010001010,110010110010,011101110001,011011101110,101100101100,110110001001,101010111110,010011010111
111001111000,001001111011,000101110101,111101100010,100110100011,100010110101,101011011011,010001101000,101110001100,111100011011,101111010010,101011000010
011011001110,010000010111,100111001001,111100001001,101001000010,111001010010,110110010110,111011101010,110101011100,110010000001,101101100101,001111001110
011111100000,110000001111,100001010111,000010101010,001010100011,111010001110,101111000101,111001101001,110100111000,111000100111,101111110101,101011000111
1100110111100101111111010,111100111001,011111001010,110001100100,011001110110,010001011011,010110010111,001001011110,010010111011,101011111001,100011110011
1110011010011001011111001,100011100100,100101011010,100100101001,101011001001,001111101101,011001101101,010110011010,111011001011,101110011000,001110101110
000010111100,110100101001,111001001101,010101011010,010111111011,101010010010,011101101010,110000000110,100101111011,101100010101,011001011110,101001110101
011111110000,110000011110,100100111011,101001011001,010100001101,100110101110,100111011110,110100111011,110011011001,010010100001,101000011010,100011111001
011010010111,111011110110,100101010111,000101010000,101011000101,111011001110,100111001101,111100101111,100101011101,010010111011,101101011010,101010101101
110100001100,001011101011,111010101001,0111010111010101101010110,101101000010,110010101011,010100101010,010010111010,000011010101,111011010101,000110101001
100010111011,110110010010,111100001110,010110110011,110010010101,111010101011,001101010101,011110100101,101101010101,101000010101,000101111001,001011010011
010010111111,010011010101,100101010110,011101110001,000010101011,111110011000,001011011010,011001101110,101110101000,110110000101,110100110001,001010101110
000110010011,010011100010,000100001011,111110010011,110000101110,111110110001,001001010110,010011101011,110111011100,111100111101,010100111110,101000101111
011111101100,010100010011,100010011111,101110011011,100001001011,011110010100,011111000110,111100101011,001000010110,111100011011,100100011001,101011001101
1100110111110110100011011,111110001001,101000011110,011011100100,001011110011,101101101001,111010101000,010111101110,110100111001,101100111001,000111100101
1111011010011101011101001,000011110101,111001011100,100110001011,110011010101,011001101111,011001101010,101111101010,111100001011,111111010110,100101000111
111001011000,010000011011,100110001011,110101011101,101101011010,001101011001,101100111011,011010001011,110100011000,000011001000,011000010110,101111010001
010010111111,001110100010,010111010101,101111000010,110001100101,111011110110,000111010110,011100101101,001010010010,111011000011,110100001110,101010110111
000111110111,110000001101,110101010101,101101011010,110110001010,111110011010,101111011010,111111001000,011110101110,0111110100110,01100011000,100111010110
110011011011,111000101100,110011110001,101011001010,111001001100,1100101100100001101011010,111101101011,010101101110,110100111010,101011010110,100011110101
111110010011,101000010111,1110010101101,11001011101,001001100011,111001010010,101011100111,011000101110,101111101001,010010000101,111010111001,101010111101
011110010011,110010010100,100101010011,100001010101,111010001100,111010101101,010111101101,111110101111,010101000100,011100101010,011101111010,001111010111
111001000110,001011101011,111010001001,011101011011,010010011010,101110001000,011100111010,011100100111,001111111100,100110100100,110011000101,101011010111
100010011111,100011110010,110000101010,011101011010,101000001010,001011100111,011011010110,011010101010,010111011101,110110101101,011000111101,000011110001
010110101110,101010101111,111011101001,011101010010,101101100100,001011010110,001001010101,011000111111,011101111010,101110000010,111010011000,001010111111
010010111011,010111010001,100111010010,111100000011,000110101010,111110110101,101110010010,011010110001,000100011000,010111011011,101100101001,001010100010
011111101000,011000110010,110011011011,001110110011,110101100110,011010010100,000001010110,011001101011,001010011101,001110100111,101001110111,001010100111
011111110000,110000010110,100101011011,101011000001,110001100101,111000100101,000011010100,111101101011,101000011001,010100101011,100101111111,011010101011
1000110111100010100110010,110001110101,101100101010,000111101010,111010010010,101001010110,110010100111,110101101101,010100111010,101101011110,100011100100
010111100000,111001101011,1001100001101010001010001,100101111010,001011001101,011101010011,011001010101,010110101000,101010100110,110011110000,110101010111
111011011000,010000011110,111101011101,101111011111,110001001010,110010010111,100011011111,011110101001,111110010100,111100101001,111001011001,100011101101
111100000011,010001101101,100000110011,110110100111,010110101010,101011010100,011111010110,111000101101,111011011010,101101001110,101010111000,101010111001
010010111011,010011110010,100011110011,101100001010,010010101100,011110110101,101111010110,110010100001,110111010101,111000011011,101100001110,101011100110
000010111100,111000010110,000101011111,101101010011,110110001010,111010010101,011011010110,110100101011,101010101101,010100101000,110101111010,101011010110
011111111000,110001010110,000101011001,001110101101,101010101100,110100110100,100111011110,111010101010,100100101101,110100110101,001101101010,101011100111
010111111000,111100001100,011111001001,100111011111,110001100100,111010110101,000011001110,111001100111,010111011110,111100100000,111100011010,100011110101
011010010111,110011001101,111101000010,001101011100,011110000011,101001111010,110001110101,010110100110,111111101000,111110011010,100111000100,000010111101
111001010100,101011101011,111111110000,0000010101110111001001101,101100011001,010011011110,111010100111,010111100110,001100100110,011011010001,101011110111
1010100010011111000010101,100011001011,111000010100,111010101100,011111001010,101110110010,111100101001,100101010101,011010110010,101001100111,000010101111
000111011111,110000101010,100011010011,101111001010,110110001101,111110011110,101101011110,111111001001,001001110111,101100111011,001111111110,100010111011
111101101000,010101001011,110001011011,011110110001,100001100101,111000110000,011011110010,111001101010,100110011001,111011100110,110100110111,110011000110
1010100011011001010001101,111011001011,011001011011,101101100010,001101001010,011111110001,001001101001,110111111100,111111001000,110011010101,000111010110
101010001101,010011011011,100101110110,010100100001,101010100010,101111001011,111101010111,011001101000,100111101000,111110000101,000111000110,011000101111
100101101010,001101001011,100010101011,110101000010,101010101101,101010110010,011101001010,111010010101,001001111101,111100011010,001100010001,001001010111
011111100000,010001111011,100000011001,100000111101,110010101101,010010110101,000001101110,011001101110,101111010100,111010101101,010111111101,101010000101
1010100010011011010011111,1001010010101,00101010101,101101110010,100011001101,101110110111,011101101001,100100001100,110010001001,010111110001,101101010001
1100110111110110111100000,100110111100,010100111010,100101110100,010011011010,011101010110,100010100111,110101000010,110110000100,101011110110,001101101011
111101100000,010101001101,110101010010,011000010101,001010101011,101011010000,111100110101,011010101010,100010101000,110011010101,110011110001,001010100110
011111000000,011000111100,100001111010,001100010111,010010101010,101010000110,001011011101,011010100101,111001101001,111000100011,101011010001,101011010111
011011001101,100011000100,111111000101,000111011100,111001101100,110110001100,001101001111,011001101001,101001000100,110111010101,110011111010,101010100111
101010001101,010010011011,110101000010,011100111001,110010101010,101111001011,110101110110,010010101101,001110101100,110111000100,111011000101,101010101110
000011111001,110100010100,100111010011,101010100011,110000101101,111000011100,000111010110,101000101110,001111010110,010110101011,111100010111,111001000010
011011010100,110010111111,000110011111,111001111101,010111101010,111000000110,011011010010,110010101010,110111111001,010000101101,100111011100,001001111111
001100111100,101001001010,000111010011,100110010101,101010001010,110010110110,000110101111,0111111010010110111101100,101100101011,011100011000,101010110110
111010001110,010000001110,011101011101,101110101111,110001100011,111111000110,001101011001,011000100111,101101101111,111100101010,100110111001,100101000101
1100111101110111111000101,110010011001,101100011001,011101000101,111001010100,010111001010,101000101111,010111011010,110011011101,101011010110,100001100110
100010111111,110110000100,011100011100,011010110011,010110001011,111011101010,101101010101,001101011111,110100011100,111010001011,101110001001,000100101111
011010001110,110000101101,100110001010,011101011011,101000100010,001111010011,111110110110,011001001010,111110101001,101111011100,111011011001,001000110001
100100111010,000001001011,010101010011,111100100101,101010100101,011101010010,001001010010,011010110110,101101011100,011010000100,101101110111,111011010110
101010010111,010010010101,011001001111,111001111001,100101101011,001001001011,101011110101,011000101110,100111011000,010010010011,110111011001,001010101110
110011001111,101111000100,110110111100,001100100110,100001011010,101101011011,011101011010,011010100101,000101111000,011101101010,001011110101,100101110101
1010100010011111000011100,1101110010001,01001010111,110101101010,101101001010,000111110010,011010100111,011110001010,010101100111,101011111101,000110110111
111010001110,010000111001,111101001101,010000111111,100001011010,001011010111,111100100111,010101101111,110111101100,101100010100,101011110101,001000100111
110100100011,110101001101,011011000010,011001011011,101010010101,001011001010,001111010011,001010100110,101111111010,011101001000,100111110100,000101011110
1000100111100011100101010,010101001101,110100010011,010011100100,110011110010,001111010001,110110101011,100111011100,110000001011,111101111001,101010101010
011111001000,101000111110,100001001001,001101011011,110001101100,111110000101,001011010101,011001100011,100100011000,011000111001,101011101101,001010110111
011011001101,001111010100,111001011011,001110011100,110001100010,111100010111,000100110110,011100101001,001111101110,111111001011,111000011001,000010110110
1100110111110110100000111,111010001010,000110101011,100101011010,011001101010,010011101101,101010101111,001101011010,010110010100,100100110001,001110100001
101010001100,011000110110,1110010010101001100110011,010110101010,101011110110,100001010110,001110110110,110101011101,000110011000,101010101101,101010110011
001100010111,001011001100,000101010111,110001100011,010110100000,111111010001,000111010110,011001100110,001111111100,111100000010,101101010111,111011001010
1001001010111010101001010,010100001011,110110100011,010100001010,111101101011,110111010011,001101011001,101111011100,011100011011,110100111001,100111010101
111011001000,011100011101,100100001011,110100101011,110010110010,011101000101,111101010110,111010111001,000101101001,010011010100,001011100001,101010101101
000110010011,110010101101,000111010111,111110100100,010110101010,101001010010,110101101101,011100101010,101101101010,101101010101,101101110010,001010110101
011010001000,110000111111,100011010010,010101010101,101010010010,011011000110,111111110100,001011101010,010100111101,111000010010,101011100101,000001010111
011010110111,111010101111,111111000011,001101010000,111100000101,011000111010,001111010001,010110010010,010111101101,111100101001,100101011001,000111110101
000111001100,101111100101,110001101011,011100011010,010010101010,011010110110,011001110010,011000010011,101010101011,110110011010,111011110101,101010110101
000110001110,001100101011,110001000101,011101011011,110001100001,111010110010,101110100010,111000101010,110110011101,010111100011,110010011110,101010100110
111000110010,010001011101,111010000011,101101111101,010010001010,101101001010,110100111011,0010110111110100100101100,011100000101,101011110010,000011011111
0100101111100101100111011,110011001100,001101011101,101011000001,101001001011,010111101100,001010101110,011111100101,001100011001,101111010010,001011110110
011011001000,110000110110,100011110101,001011011010,110110101100,110011010100,101101010101,011010101001,110100101000,111110101011,001011010010,100101001111
011010001111,010010010011,000101010101,101110100011,110010101011,011111010001,110110110110,011000111001,101110011000,110111101010,111101011001,101011001110
111001010010,010000011101,110101010011,100101011101,101010100100,010011010010,110111011110,100000101111,010111101001,111100011001,111110000110,111010101001
101010001101,010010011011,100111000110,010100111001,101010111010,001111001011,101110000111,011010101000,011101101100,111100001101,100011110101,001110101111
001100010111,010011000100,000101010111,110010111011,010100101000,011111100001,101101110110,111001101001,010111011000,111100011010,001101111111,111011101010
010110100010,111011101010,100011101000,100001011101,101001010101,010001101101,101011010010,110100110101,010110101010,010011101001,111011001101,000101011011
111001010010,101011011111,111010001010,111001011101,101100001010,001101010101,110010101010,101100101010,010110111110,000100011001,101100100010,000011110111
111000110010,101011101101,100101110100,0101010111010011000000001,101011010110,101011101111,011010101110,101100100100,111100000101,111111010010,101011011001
010010001011,111010100101,011010111000,001001101011,010110010110,100101100100,011110101010,100001000110,101111111110,110110001100,111110000001,10100010100100101111101010111110100110111101,11010110,1,0000100010101100011100111011010111001001011111,01010100011011010001011111000,00,111110011101101,1,0,1001,11,1,11011000111001001100101,0,101010,1100,11000,1000110000,1111000,101,00100010100101,00,11100,
010110101110,111000101001,110011101101,010001011010,111101100110,100011000110,001011011001,110100101010,111011110001,100101000001,100011010001,101010111011
101010001101,010011011011,100101000100,010101010011,101010100010,111111001011,011011110110,010001101100,101101101100,111100011011,100101110101,101010110101
110100101000,001011111001,110010100101,011001011101,100101010010,011011010100,101110101011,011010101101,010010101011,010101100111,111011010101,100111010011
001100110011,100010111100,111001001011,100101011100,111010001010,100110110110,101101001000,111010101001,101011011011,111100001001,011101111110,101010110101
1010100011011010011011011,000101110111,110100100001,110110101010,011111001011,111110110010,010001110101,100110101100,111100001000,101110100111,101100100111
111101001000,001001011011,100011001011,110101011011,000110101000,111011000101,001101110110,110001111010,110100011100,011101011110,111010000011,111010100001
011111100000,010100101111,110101011010,001100010011,010011001011,101010110100,111101010101,011010101010,001101101000,110010011010,000101000101,000110111011
000111110111,110000001011,100101010101,110101011010,110010001001,111110010100,101111110110,111110101010,001111110110,100100011011,011111011000,000111101010
000110011111,000011000101,001011010111,110110001101,010010100011,111110010010,010011101011,011000101110,101011110100,111100011011,110101010010,101011010010
100100111010,101001001001,010101010101,100001010111,101010001001,111010010101,101110101110,101001100010,111111111101,110100011011,100111011110,101010101101
001010001100,010010110001,100011001100,010100110011,110011111000,110011000011,101101010110,011010101010,110101000001,010100010101,011011110101,101010101101
001100010011,110011001010,000101010011,110110100101,110110000101,110111110001,001111011110,101010101000,001101111100,101100101011,101111011111,111010101110
110100100010,001011101001,1100101010110010101010100,011010011010,001000101010,101110010011,100011010111,100011111110,001111111000,101010110101,111001011001
100100110011,011011001001,010110001001,101001100101,010101100101,111101010010,101110100110,101011010010,100011010110,110011111011,110100111001,001010101110
110100100011,010111101001,110010101010,011001011101,101001001010,011001010010,101110111010,101010101110,001011100011,011101000100,111011110101,100110111100
101111110111,010000010101,111011010111,111110010000,101001101011,111110000000,010101101110,011010100110,101110101000,010011011010,011001010111,101110100110
100100111010,100011001010,010100011001,101010010101,101010001010,111101010010,010101010111,010010100110,110101101101,011100101011,111100111001,111011010100
011111110000,110000011110,100101010011,011101011011,110001101010,111010010101,101110011101,110001101011,101001101101,011010101001,101011111101,100011000011
000010110101,101101010100,110101001011,0110010110101010010001011,111010101100,001010001111,011100100111,001011011101,110010101011,111100011000,001011111010
011010011110,010000110110,100101011101,111101011011,110110100000,001011010110,001011010110,010110100111,110101011100,010110100100,101000111101,000011111111
001101101001,101001001000,000111110111,110110100100,110110101110,110001010101,100111011011,001011011001,111111011100,1111001010110110110001010,111010110101
0011111010011101100010100,110101010111,100010110100,110000110101,110010001110,000111101110,111001101001,1101010101010111100111010,110101011110,111011001001
111011000111,000010011111,111101000100,011100111100,100110101011,101001010001,110111111001,010011101001,010111101000,110011010010,111010110100,010111010110
000010111100,110100110010,010101011101,100100110011,110010000101,011110010101,101101010111,101100100111,101101010001,010100101010,101101111001,111000101101
111000110010,101011100110,101111110101,111001011100,111001000101,111010011100,000111001011,101101111011,110100101001,110100101001,100101011010,101100111101
111011011100,010000111011,000101111111,111100100011,110110101010,111001000001,110111011111,010000101101,101101110000,110100011100,100110011110,101010101011
010010111111,110111100001,011001010111,111010110011,110110001011,011101010010,101110101010,111010100100,110111011110,100100011011,111101111010,000010100111
100101011011,010000001101,010101010111,110100110001,110110101010,111001000010,101101010010,111010100110,100111101110,101100001101,101010001111,110011010110
101010011101,010010010110,111101000111,011101010011,110000001010,111001001011,101111010101,011100100111,010111011000,110110001011,101101110001,000011111000
111011010110,1010111111100111110000100,010001011011,100001010011,111001101110,001011011001,111010101011,100111111100,110000000101,010111001101,101011111101
000110110011,010100010101,100101010111,110101010001,110110100101,011110010100,101101001011,011010101111,100111011100,110011100011,011100010010,000111011010
000111111111,100011111011,000011110111,1100111011001000110110101,101001011110,101111101010,011010101001,101110111010,101100011010,011010011110,101101010011
100100111010,101001001101,010011010111,111001010001,100110001010,111010010100,010111010110,110101101110,110110011110,101010101010,111100111000,101011010110
101001110110,010001001011,010101011000,010001011111,101110001001,101111001010,101010111011,011000101001,101110101000,110100010101,110101010101,101001010011
111010101000,011001111011,100011000010,010101010011,101010011010,010110110101,101100111111,010000101111,100010001100,010110010101,101010110001,110110010111
011010001001,010011111010,101001010111,010100110000,110010111110,001011101001,101101110101,011001101101,000111011101,010110000101,101011001110,101010100111
001010010011,010011110010,100100011110,010001010001,110110001010,011111001011,110101010110,011010111001,101111011100,010110011010,010111010101,010010101011
011111101000,010100110011,100101010111,111100010011,000101101001,111000010101,110100111110,110000101011,101101010100,010111111010,101001100010,101100101110
000010111100,010100110010,010101011101,101100110011,110001101010,011010110101,101110010010,110010101011,110111001100,010000111010,010100111001,111001011100
100010000111,010011000011,110000101010,010000100100,010110111010,101101110011,011101110010,001010111001,101011111100,100010011100,110011000001,101010010101
1010100011011010011011011,000101010111,110100110000,110110101010,011111001011,111010110110,011010101000,100111001000,001100011101,001111111101,101100101111
101010001101,110011011011,100100000111,010101110011,100100101100,110111001011,101011010101,011011110110,101111011100,110101001010,100111110001,001011011001
101110001100,010000110110,110100001101,010101110001,101010110010,011011001011,011101010110,10,010110010,110111011100,111010110111,111011110101,001000110101
001100010011,010011000010,000101010001,111100101011,110110101010,111110110101,000111010101,011101011000,100111101100,011010101000,111101011000,001011101110
010010111011,010111110000,110101010010,101101010011,110010001010,111110110101,101101010110,111110010011,001101001101,110100001011,111101011001,001010100110
111011111000,101011011110,110011110010,001101000110,110001101101,111010011110,001011001110,011010100111,010111110011,010100011011,011111011001,101010110101
101010001101,010011011011,100101000111,010100110011,100100111110,001011001011,101111110111,011000101001,100101101100,101101011010,101010100101,000110101101
010110100011,011011001011,100011100111,110101000010,010010101010,1011110101010101101010111,0110011111010100111100100,011101011011,101110010011,000111000111
0100101111110110111110011,110100011010,011001010011,000010000101,111101110011,011110110010,011010111001,001100101010,010110001101,101011110101,000010100111
011111101000,101000111100,110011010011,110100011011,110001100001,011010000110,000101011110,011101101010,011011011001,011011001011,100101011110,101110110101
000101101100,010011001011,100010101101,010100101011,110110000101,111101010100,101111001010,110100111010,001000010010,110100011011,111100110010,111001010111
111001010010,001011101111,000111001011,110001011101,101110100000,111101010001,101100011001,010010101110,111110011100,111100100101,101111010010,001010100111
111001011000,010000110101,110011110011,111101011010,101010101000,101010110101,010010011011,011110100011,110110011000,011100001001,010111110010,001010100111
001101010011,101000001100,000111110101,110101000010,100010101100,110010011101,011111010111,011101100110,100111011100,110100101010,101101011110,101011010110
010010001011,010011101011,100000001000,011101011011,101100010100,011101110010,101110110000,011011101100,001101011010,100110011101,110011110001,001011010001
111001110000,101011011110,001001101001,111001001110,111100011101,101011101101,000111010001,010010100101,111111011011,111110100001,011111010110,10101100010000100011110110001101,10100010001,100111,101,0001000011001001101001111000111011001,10001010100010100001111010110110100010,01,101110011001011,1,0,1001,10,1,00110011111001101111001,1,01011,10001011010,1011100000,1011000,001,10101010001101100101100,
010110100011,011110001101,110011010100,100100110011,100101010000,010101010101,001101011110,011001110111,000110101010,110011101011,101011001101,110101000001
010111100000,011111101001,110011100100,110000100100,010101010101,101011001000,101011010100,011001101101,011111011011,101001011010,110111001010,101010110110
011010001111,001011110011,000111010011,111100100011,010010111000,010011010000,101011100110,111000010111,110101010000,110111010101,100110011101,111100100110
101010001101,010011001011,100101001011,111100110011,010010101010,111101010010,111101110010,011010100001,100111101010,011110001100,101011110111,100011010010
011111001010,110000001101,100101110011,111000011010,101011100010,011010110100,101101010101,011001101010,101111101000,111100100010,101010110110,100111001111
010110101000,011001101010,000011010111,100110100100,000110101010,111011010110,101011010110,011010110110,100111011101,010001011010,011010101101,100100110111
111010001110,101011101111,111001000101,011101011100,011010101000,001101001010,111100111001,010010101010,111111111000,000110011001,010110010110,100110111111
111010001100,000011111011,101000000111,001111011011,010011101010,101100110011,011111000110,011001011101,110000111110,111100011100,111011110101,000010110101
111011001001,101001001100,111011010010,000111001111,101000011010,010100001001,001111111111,010000100010,110111101001,111100001011,100101110101,101011010111
001100010111,110011001010,000101111011,100110100101,011010001101,111010011110,101010101101,111010101001,110110001100,111000101011,111101011111,000011110111
011101110000,101011010110,000101100101,110101011010,100101101101,010011000101,100111011101,111010011001,110101110100,010011000011,101001010010,101110100110
100001111011,101000101100,010111010101,110101000111,110010011001,111101010100,001011010011,011100100010,110111100010,111000101001,111011011000,000110111111
010111100000,111000101101,000011110100,110001011011,100110010101,101011001010,001101010101,010001100101,101111101010,101000101010,110111010100,001010100101
110011011000,111100011110,111111110001,100100000100,111011101100,111010000111,001101011101,111110100011,100111110111,111100000110,110111111110,10001110101000100001111001110001,101000,1001,11010101100111000001101,10,101001111000100110010,10101010110011101011111010001101010010,01,101110011001100,0,0,1010,10,0,1111011111,001101101011,0,01111,10100,01010,0011010001,0111000,111,11000011011101,00,101,10
011101110000,101011010110,0001100101101,10001111000,100001100011,110010110101,100101011110,011100100110,110111010000,110011001011,100101011001,101010110111
110010101010,101001111011,101011001010,010101011101,010010010001,100101010110,111110110011,010010101110,010101101010,010101001001,110100101010,000101111111
010010101110,010101101011,011010001101,110000110011,110011100101,111011010010,101001011010,011010101101,101101011010,000011100110,100100111101,101001011111
000011111001,110100010100,110101011100,000001010011,110110001010,111011010100,001011010110,111100101111,001101011110,101100011010,000101111101,011001010001
111010001000,011000011111,000101000111,110101011101,110011011010,101101010010,111010100010,111001101111,100111011010,010101001110,111010001001,100010100011
100111011110,110100101010,010111001001,101110011101,110001100100,111110111010,100111010101,001110101111,101101011110,011100101011,011111111001,000011110110
000111011011,101100010100,000111010101,100111000011,110110101000,111010010101,001101101110,111101100001,111101011101,111111101011,001100011110,101000100110
110100100011,110101001101,111010001010,010100010101,010101010101,011101001010,101110010010,001011001110,001001011010,000101010100,100011110101,100010111011
110011001111,000011110101,111001100100,011100101010,100001101011,101101001100,011101010011,011100100110,101110101000,010111011010,100010110101,001010110110
000110101100,101011010101,111101011101,111100111011,110110000001,111101010110,100101111010,111100101010,110101001101,010101100101,111011111010,100101000110
010110101110,111000101011,110011000011,111100110101,010100101011,101001001010,101101101010,111000101011,010111011010,100011011010,110110000010,100111011001
001111101100,100010111011,111000011101,010101001101,011010011010,100100110110,100111111010,011101011000,011010110101,011100011000,011011100101,001010110111
000111110001,101110000100,110101010111,101010101010,100100010100,010110101101,100111010110,1100011011110110101011101,011100101010,011011011110,101011001010
010110101110,110111101001,011000101011,101000010110,001011101010,001101010111,011011011011,011010110010,111101110010,010001100101,100111001001,000101100011
011010001111,010010001011,111001000010,011000111011,100110101011,001011001001,111111011001,011000011110,101111101000,011010001011,010110100001,001011011110
001100010010,110010001110,100101011010,001001011001,110101001010,110011010100,101110110101,011101101011,101111101100,010100011011,101010010110,001010100111
010111001110,011100101000,011110111001,100110110010,110001011010,101000110110,001101011110,100100100110,100011110111,010011110010,110111011001,100100111111
100111011111,011100000010,010111010111,010110000110,110001110101,111001010100,101111010010,101010101111,010111010111,110000111011,100101111110,000101101110
1011110010011110000011101,100011010110,001101110101,010101010010,010111100110,111101111010,011010101001,000111110110,011000011010,010011100101,100010111111
1100110111110110100010101,110110000001,110111011011,110100001010,111011010010,011011010110,011100101010,010101001010,110101101010,101001110001,100010111111
011010001111,010010001101,111001000001,011100110011,110001101110,001100110000,101111110010,011001100011,110100111010,011110000110,101011010111,001011000010
111010001000,110100011111,101101011011,011100010101,001010100010,101101110010,101101101010,111000101110,101011101001,011110010101,101011100101,101000110101
010010111111,001100010101,011011010101,101101000011,100110001011,011011010010,001111000010,011100101110,110101101010,010011000100,101101011110,000010110010
111011001000,010000111111,100100011011,110101010011,101010101010,111011000101,101110010101,011000101110,001110001101,010000001101,101111110101,101000100011
100100111110,110111001011,1101000011110001111111011,110010000101,111110110011,101111001001,111010111101,110000011110,111100100111,101111111001,111010100010
000110010011,110011110000,001111010010,011110100101,010010001010,111111110000,011101101110,010010100011,100111010010,010110101111,101101111101,101000110101
000110010011,110010010100,101111010100,000011011011,110110001101,110010010110,101111101111,011100001011,101101101101,011000001011,111001010001,111011010011
010010110011,101111010100,011011010100,100101010011,010110000101,011110010101,101111010110,011000101011,000110011010,110100001010,111101001010,101010111110
000111010111,110011000000,000111000110,010110111011,110100001010,111110010010,001111010110,111101100010,101010101100,100100110110,110111011001,001010101111
000111110111,110000001101,111001001011,111101011010,110110001010,111110010100,100111111001,010100101010,010110100110,111101101011,111100011010,000111111110
100100111010,110000101010,010011000011,101010101011,110100101101,111001010100,001011010101,011110101011,101011001010,110100101011,111100111100,100010101111
100100111010,110000101010,010100011011,100110110111,101101100100,010011010110,011111010010,101110110100,110010101101,110100101010,110111110001,000010110011
010111001010,111001101001,100011110011,110001101010,110100011000,101100101001,101011010010,110001101010,111100100011,101101111011,001011010110,100101000011
011111100000,110001101110,000011011011,100110110101,101001011101,010010001110,000111011101,011010101011,101110101100,111000100011,010101011110,101101010111
111001010010,101011101110,111101010101,1001010111110000111011100,110010010110,001111010101,010110100111,111111111110,011100100110,101010011110,100010110101
011010001111,110011001010,000001011111,110101011010,010110101000,110011001111,100111101101,011001101001,100111111100,011100001011,100110011110,100010110111
000010111100,001101101010,110101000101,010101010011,110001100101,111010000010,001111010110,111000101011,110111010001,110010101011,110100011110,100011001010
110100100011,010111101001,111010011000,010101011101,001100011010,101101001010,101101010010,101011011110,111011011010,101111100010,110011100101,001001011001
101011011101,010000001101,111011001010,011100011011,101000101011,101000110100,101010111000,011110101110,000111101000,011110000110,000100110101,011011111110
100100111010,110000001001,010111010111,100101111011,110110000101,111110010010,101110101010,1110011010011001011111111,101100001111,111011011111,101001000100
000011101101,010100010101,110011010101,010100110011,010110100100,111010010000,101111010010,111001101011,001011101111,101100011010,111001011001,110111010000
111010001000,011000111110,1110110000101,01000111110,011001100010,110111100110,101001101010,110110100110,011111111011,010111010010,100010101100,110110111001
001010001100,110100001110,011101011101,000010110101,110110111010,001011100010,101111010101,010101011101,101100101101,011100101010,011011011101,101001010011
010001011010,110010101011,011001111001,001100011010,110111100100,101011010101,101110101010,001010101011,110101011010,111100010001,100100110110,111001101111
011010010111,001110010110,111001010010,001001011000,011011001011,111000100010,100001011110,111100101111,010100011101,010010001000,101001011011,100010110110
100101101110,000101001011,010111101010,010100010101,101010111011,101101010010,010101010010,011010101010,110111011101,100010010100,000101110001,101011111100
011010001001,110011011011,100001011010,001001111011,100110001010,101111101001,011101110101,010001101001,101110100100,011000010001,101111010110,001010101111
111010110000,101001111100,100001010111,111001011001,110101101100,111001001100,101101010111,111001100111,010101100001,111100011011,101011111110,000010110010
101010001101,010011011011,011001000111,000110111101,001010111010,111001100011,101101011110,110011100000,110110111100,111100111010,010111100101,101010110011
111010001000,010111110011,100101001111,110000110011,000010111010,111111000001,001110110111,010000101111,100100101000,011110011101,101101110001,001011000001
011010001111,010011001100,110101000111,011110111100,110001101010,110111001000,001011011110,111001101111,101101011000,011011011010,100101110001,101001001100
000110010000,110010001111,011001001111,110000011011,110111100001,111110010010,101010110101,011101111000,101111100010,111100011011,101101011000,111011010110
011110111000,001011001111,0001010110101,11101010011,001110100001,111110010110,001111100110,010000100110,011011110000,110010011000,011100110110,000011110101
001100110101,010111110000,111001000110,010101011011,000110111001,111001010110,100111010010,101110101111,100011001000,110110001011,100100000110,111011111011
000111010110,110110101011,000101110111,110100110010,110110001010,011010110011,101111011000,010010101010,111111011100,111100001101,011010111110,101001010111
111001010110,101011111011,001101100101,111101010001,110001101100,000001010010,110011011110,111000101011,111000011000,100100001100,110100110110,101010111101
1100110111110110100000101,010010011101,111100000011,100111000101,111010010100,001011010110,011010100110,101110101010,111101010001,011100110001,101101101110
110100000010,001001101110,010011001011,100101011011,010010011000,011011010011,001101010110,111010011010,000110011001,110010101110,011100011110,110111001101
1100110111110111100100110,001110111100,100110110010,000011011010,111011101010,001011010010,100110010111,100101011011,010010010110,100100110000,101001110111
101010001101,010111000010,011101011110,011000111011,100001101011,101111001010,111011010110,011011101001,101111010000,101000000111,100101111001,111000101101
010010111111,010011110011,100110010111,101001011010,010010001010,111110110101,010011001111,0101011011110101100101100,011100000011,101101111001,001011100010
110010111010,101011110110,100101110010,100101011010,101010011010,101110101010,001011010110,010110101011,010100101001,010110001011,100101011010,101011010001
100101011011,110011101100,010100111011,100101011101,110100001101,111000110010,101111010110,111110010101,110000011010,110000111011,001011010110,000011110101
000110011011,110010001100,001101010001,101110100101,111010000111,110010111001,001110101110,111101010101,101101011101,111100101011,101110001011,101010110110
011010010011,110011110010,000111010010,010011110101,111001110000,011111100110,001111101101,010101010001,100111101100,111100101001,101100111111,000011000101
110101100011,101101001101,011010000100,100010111101,100101101011,100111000101,000011010111,011000100010,110111101010,110011000110,110010111000,101101001101
111010001000,011000101101,100110001001,110101010111,101010010010,100011010110,011101111011,010010100110,110110101101,101100101011,110110100101,101010101101
101001110111,001101001100,010101010011,111001011101,101010001011,110010110100,000111011001,011100100110,110110101101,111010011001,111100011000,101011010110
111011011000,100010010111,011001011111,101101010011,000101100010,111011110101,111001011101,010110100001,010111011000,011101100110,100101011001,111010100011
010010111010,101011011011,010110010110,110001011101,101010101010,111010010101,010011001111,011010101010,101110100000,001100000110,010110101101,101011010111
1110011010001010101001001,110101001011,111100111011,100000100101,011101000100,101110110010,011010100110,001111101110,110000000110,111000100111,110111101010
111001110000,101001101100,010011110101,111001011101,100010011101,101010011100,001011011000,101010100010,110100101101,110100100111,111100011010,101011110011
110101100011,110101010101,110010001011,111100110101,100101101010,010101001010,011110110011,010110010101,001010101010,010101101010,100111101001,00011101111110101001000110110001111110110010,1101001111,10100000101010011100,0010110101011001,00010101,01010011011110010010110101011,001101010110001111,1,010010,1010,110110100,1001101101101,1,01110,00001011010,101101000,110110011001110100101011101,01,011101
1010100010001111000011110,1110100010001000101011111,111101001010,101011001010,001001100101,011011011001,100101011101,101010101001,100111010010,101010110011
101010001111,010011011010,100101000011,100110110101,110010111110,110101001010,101101110110,111110100001,110111011101,101100101010,010111001110,100010110011
100100111011,110011001000,010100011010,010101011101,101010000101,111011010110,010101010110,001010111110,101101011010,111100011010,100110110101,101010111101
011111101000,101000111100,110001011011,100101011001,010101101100,011011000110,010011010001,011001000111,010110101011,011000101010,111011111110,100110110110
010111100111,101111100001,111000011110,011001011101,000110001010,111011010110,100101001011,011000101011,001110101000,010110101011,100011010100,001010101111
011111000000,011000011111,100011010011,0010000111011101010011010,110100101101,000100110101,011000010111,110110001001,111010011011,101010010010,001010100111
000101001111,100000000101,110101001111,010101011010,110110111100,101001110010,101110110001,001101010110,110111101110,101100001001,111110011000,000101010111
000111110111,110000010101,000101010110,110010110011,100110001011,111110010010,101001101110,011010100110,001111001100,111100011011,111101011101,001011010110
111110011000,010010001111,101001011110,010001010011,101111101010,110011000110,001111011101,011000100010,111110101000,011110001010,100101110101,001111010011
001100110101,101011010100,001101010111,110001010011,011010001001,110010010110,100111001110,111101100110,010111001100,001100011011,100101010111,101011110110
000110010011,110011110010,001101011111,111101010000,110101101101,010011110110,110111001101,010101101111,100111011100,011100011011,001101010010,101010100111
000111010111,110011110010,000111010111,101100000101,111001101100,111001010010,001111101110,010010101000,111100100100,111000101111,101101111111,110011010111
111001100001,011101001101,111010001000,010011010101,110001110010,010101101010,101010110001,011000100111,001100111001,010011010101,100011110001,110110000111
100111011111,100111110011,010001010010,110001011010,101010100101,111001010010,101011010100,001010101110,101101011000,010110011010,110101110101,001010111010
010010111011,101111001000,010101010011,101101000001,110100001101,101101011101,001111011010,111101101010,010111010101,110010101011,111100011001,100010110010
011010001111,001011010011,100001011111,111100011011,100000100000,111101010010,111100110110,010001101011,110110011100,111011000101,010011110100,000110101110
111001011010,101000101011,000111010100,100100111011,100001101001,011111010101,101101000111,011000101011,101111101000,110000001011,101011010001,110011100111
000010101110,010100101011,100011000011,101100101011,010110100101,111001010000,100001010110,011000101110,101110101010,110010011011,100101111000
111011111000,010001011111,111010010001,111100010001,110011101010,111000110100,101001011010,111000101111,101000001001,111100000010,101011101101,100001101111
001100111011,010011001010,000100010111,100011111101,110010001010,111110110111,000101101110,011011101001,1111100101000011100001011,101100011111,00101011111100,11000110110011101,001000,1111,110101011101100010010001101101101111000111011000,10001,11,01101100011111010011111011010001,10100101110111100,000110,10,0,0101111010,001101000101,1,10111,10001011010,1010110000,0100000,111,10110011110101011010100,
111001001000,101011101001,111010010011,100101011101,101001010010,010101001001,001011011011,0110011011010110101101100,101101001011,101011010101,100110100011
111001010110,101011101010,111100001100,000111011011,010011010011,111101000110,101111010001,010110011011,001011110101,110100010011,111000101001,100011111101
111001110000,101011011110,001111010101,000101010111,100011101100,010010011101,001101011111,100001011111,011110011111,011100011010,111110011010,101011000001
011010001111,010011001011,100101011110,011000100011,100010001010,111111011001,001111010111,011000110010,101110001000,011000000111,110111010101,001010100111
111001011000,101010101010,100110111000,000111010011,110101010010,010011001110,001111010111,010001010111,011110110010,101100101001,001011110101,101011000011
1001001010101001001001011,100010001011,110101010101,101100011010,101101010110,010110100010,010000100110,011011111111,011101101010,111010000001,100111011011
110010100011,011011111011,100001100110,100001011010,001010101010,011011000101,101101010011,010000111010,100110101100,110110000101,101111010110,001011001111
1100110111100111100101011,111110000001,111100011111,110011100100,100010010101,101111101010,101100101110,110101010111,111100111000,101011110001,100010111111
000010111100,110100110010,110111001101,010011010011,110110000101,111010010110,001011010110,011110101010,110111011011,010000111011,011001111001,001001101111
011010001111,010011001101,111001000011,011100111011,010010101010,101101110001,110101111111,011000001111,100111111100,011010011010,101101110101,000011001010
111011001001,110000011100,111101010011,011100111110,110011101010,011010001110,001111010111,011110100110,000111110011,010100101010,010110101101,101001111001
000110101100,001111010011,1000110101101011100100011,100101101010,111010010110,101011100110,011001101010,001111001110,111000111111,111100111100,001001010110
011111110000,110000010110,100011010011,101011010100,111001010101,010110111100,000011111110,111010011011,100101011001,110100010110,011001011110,101101100111
0100101111100111100101101,010010001100,010001011111,101111001001,011001001110,100101010110,101010111110,011111001000,110100011000,110111101001,000110111101
0011001010011010001001011,000011010111,110100100001,110110100010,111100110010,101111010010,011011101001,100101101100,111100100111,110101011001,111000100111
011010001001,011011011000,000110011111,110100110100,110011100010,011011000111,101101111110,011000011111,111101011001,111100111010,100110001001,101010110101
101011011101,100011010110,111101011100,000101011100,011110100010,110010010110,101111111001,010110100110,111101101101,111100010101,111010111001,000011011101
111001101001,010001111001,100001010010,011101110011,000110101000,111101000100,101111010001,011010111110,100111111000,010100000101,100110110101,000111011101
010110101110,101010101111,1110111010010011101011010,101101100100,001010110110,001011010010,111000110110,011111001011,011111111010,111010010000,100101110111
000001111010,010100100010,010101010101,110101100001,110110100101,111010010001,100110101110,111000100100,101111011101,110000011011,110100111110,101001001100
010010111111,111111100000,011011110100,101000100010,010111001011,111101101010,101001010110,101110011001,110110111010,010110010011,101101001101,00101011011100101011010111001001,101100,0011,0101011111,101000010010,10,110100011001110010001,10011,10,11110100011110010010111111010001,111011010001100,1,111010,10,0,01010110111001111000001,0,10111,01000,11000,0011110000,0110000,111,10110011010101,01010100,
111001011010,010000111011,100101001101,111101011001,110111101000,111111010001,101010111010,010001101010,100111101000,010100001101,111111100011,111010100010
100100110011,110001001001,110100000011,111001010101,110100001011,101001010101,010110110111,001011111010,110101011100,101101010010,111100110101,00101101110111100001110110110011010010010001,1101001011,001001001000,1110100,0101010101111101,11010101,01101100001110010011011011010001,101010010101011,1,0,1110,00,0,0101110,0,1001110100001,0,01111,10000,01011,101011000011011000,101110100101111101,11101100,
001111110011,111110000100,110101100111,110101000000,110101101101,110001010101,100111011110,111000100111,100111010101,110010011011,100000011110,010010101010
111011001111,010000001101,111001011011,010110011110,001011111000,101000010110,011011110001,011010101001,110111101000,010010100110,110011110110,001001101001
101010001101,001011001011,100011000110,010101110011,000100101110,011101110010,101111110001,010001101111,100101001000,000111000100,110011010001,001110110011
111011001001,110100010100,111101010111,000111011110,111001111000,010010001110,001011011111,011010010011,110111101001,011000001011,010111111101,101101010111
110101100011,110101001101,111010001010,011000111101,000101011010,001001010010,011110110001,011011100100,001110110010,010010000010,100011100110,000110110111
111011011100,101010101000,011111011101,100111111110,111001100000,111110000110,001111001010,010100101111,111110101011,111000101011,111111011110,001000110011
1010100011011001011011011,100011001011,111100010001,110000101110,101011010010,110100110110,011001101111,100101000100,100111011100,101011000110,001110110101
111001010110,101011101011,11111111000100010010110110101001100001,111010011001,101110100110,110000101011,011111011010,110100011010,011011110110,101010110011
000010111100,010100110110,110101001001,001101010011,110001101010,111010110101,001111010010,111010101001,001000001101,011010100011,011000111111,001011010010
1100110111110011100010011,110010011001,011100011000,010111000101,111011010011,101110011101,110111101011,010110011110,110000001010,100100011011,100011100010
101111101001,110000001011,110010010011,110110110011,110001111010,110100001010,111110110110,011010101001,000100111010,111000100110,011011110100,101010100011
111001110000,101011011110,000111010101,111101010101,100001101101,111111010100,000011011001,011010101011,110110101100,110100100100,110100000110,101111110111
100011001110,010000110101,100011110101,010100101011,100111001001,101111010010,011101010011,011010101001,100110101100,110001000011,111100111110,100100100011
011010001111,110011001001,111000001010,011001010111,101010011010,101101001011,111010111110,00,010111001,101100101100,111111000110,111000010101,000011011010
110101100011,110101001101,111010011001,011000011010,101101100101,101011101000,001110110010,101010000010,111001011011,010101100010,111010100101,001101010101
101010001101,010011011011,000011010110,010100111010,101010101010,111110010011,111101100110,010010111000,101101101000,111100011011,000101010001,001101010101
011010101111,110000010101,100101010110,001101010011,110101101101,111100010010,101010110110,011000111111,000101101010,011110011001,100111010101,001100100011
010010111011,110100010100,000010011111,011011010011,110110000101,011111001100,101111010111,011100100110,101101011101,110100101011,101100111001,000011010011
0100101111110110111100001,111011010110,000101011010,001010100101,111110010010,101101011110,111000010010,101101111100,100111101000,110100110000,101000110111
100101010011,000011001101,011010110111,110100100110,010110001011,101011010100,101111001010,110101011110,111010011101,101110010101,110110110001,001101010100
000110010011,110000110110,111011001011,101110011011,110110000101,111010101100,001111010110,111010101011,001011010101,111100111011,011100011110,101011101011
010110101011,110100011101,100011001001,000010110101,101101111000,011011010101,010101110101,001001011110,101101111010,100110000011,101011010110,001110100111
011010010111,101011110011,111001000111,011101011100,001010000001,101001111001,010100110111,111100100101,111101110100,111010100010,101010011010,001010110111
001111100001,110011010100,000101111111,110110010100,101010101010,111010010110,011101001111,111010101001,101001111101,011100101011,011101011001,000011010011
101010001101,010011011000,111000001100,000100011111,001101111010,001011001011,100110111110,011110111000,101011011001,100110010010,110011000101,101010110001
010111001000,110100001101,111011101011,000100011010,111001110100,011010100100,100101110100,111001100101,010101011011,001101010100,011011010110,101010100111
011010001111,001000100101,000101010111,110111010000,110101101100,110011010010,010110110111,011001110110,100110100100,110111011011,100110000000,001100101101
010111001010,011100101100,010011111001,100110101100,101001100100,101101010101,001111010111,001001101011,100101001101,010101111011,101101011110,101010101111
010010111010,111000101101,011011001101,100101011101,010111101000,101100110010,001110111010,111000101001,110100111001,111000100101,101001111110,100111000111
000101010011,010011110001,000111110110,011100101001,000110101001,111111010000,100111100010,000010110011,101101011100,111100010111,110111011001,111100000010
010110101110,100111101001,100001111101,011000011100,011110001001,101001010010,111101011001,011010100010,010111011001,111110001011,111011010110,000110110110
100100111010,101001001010,010101001011,100110100101,110101100101,101011010010,100111011010,001101010010,110111011000,011010101010,101100001110,111011010111
011010001111,010010001101,111001010011,011100101011,010010100000,111111001000,110111110101,011000101001,100110001100,111111011010,101111010110,001010100010
110100101010,001001101011,101010100001,111101100101,101001010110,000101010010,101110010010,011010100010,010011111011,011001100110,111011110111,110010110111
000010111101,010000110101,110010001101,101001010011,100101100110,011011001010,001011010101,001010111010,010111101100,010100110011,011100111001,001001010111
000101101101,100011010100,001011010111,011010101011,110110101010,111110010010,101111001011,001101100001,101111111110,011100101111,111100011000,000101010110
011010001111,110011001010,111001001011,010110011011,110001011010,111100101001,101101011110,101001010110,110100011101,111110011011,100111010001,100011011001
1010100010011011000101101,111011001011,000111010101,101101010110,001011010100,111000110101,010001101110,100101011101,101010100010,101010110110,101010101101
011110001111,010000001101,110101010011,010110111011,110010101000,111110010001,010101101110,011000101111,101111010100,111111001000,111111110111,101010100010
011110010000,111000010110,000111001011,111101111011,101001110000,011010110101,000010010110,011110010011,110011011101,010010101011,010101111001,101101000011
011111001000,110000011110,000011010011,011011010101,110101100010,011011001110,001011110110,011111011000,110111011001,010100100110,010011101110,101010110111
111111011000,010000111111,111001011011,111100011000,101110101010,001011001011,101100111110,011010101010,111001101101,000100011101,010110010010,001001110001
010111100000,111000001111,110011101101,100100011010,010110100101,101010100100,101110010110,001001101111,101011011010,000001111010,011110010110,101010110101
110101101011,110101001001,111010001011,110000111010,110100101010,101001010110,010110101010,110101001110,001010110010,011101100110,111111100101,100110111011
000010111011,001101010101,000101010111,110101100001,010110101001,111110010001,100111010111,011000101110,100110010000,110010011011,101100011010,101111001110
011111110000,110000011110,0101010010101,01101011011,010110101011,111010010110,001111010101,011100101001,101011110100,111100001011,101011101110,100010111101
1110011010011101001101001,100010000000,010101011101,101110010100,010101001011,001110110011,011010100101,001110111000,100011100101,110011100101,001110010011
011111000001,101000100100,111111011011,100110010100,111001110100,000101001111,001100111010,111110100101,001011101011,010100101010,111011111001,100110011111
1010100011011001011011011,100011000111,100101010101,111010100010,110101010010,111100010011,001011011111,110101101000,011111001001,101000111001,111011010110
110010101010,101011011011,101011101010,000101010010,101110011010,101011101010,101100110010,110011101100,011111001010,011110000100,111011000011,001010110011
111011001110,010000110001,111001110101,011100110011,010101101010,101001010001,111110111001,011000100110,110110101000,110111100101,101111010001,100101001111
011011010001,101011110100,111101000001,111100011010,110010101100,111001100101,000101010110,011111100100,010101010101,010100111011,001101111100,101001110101
111010001000,001000011111,001011010111,110101110011,010111100010,111101010001,101110011011,0110011011100100101101010,110101001011,101110011001,000110100110
111001010011,101100011100,000101110101,110111010010,010111101100,010011111001,101011011010,110001100111,110111000010,110000010111,101100011110,101100100011
0011110000011110011010101,100011010110,011001111001,000110101010,110110010010,011011110110,010001101110,101111011110,111110011101,110011010101,101000101111
000110010000,110100110010,000111000101,010111000011,110110011010,111011010110,101111010110,011010011001,111101101110,101100100110,011001111001,001001010111
011111100000,110000001111,110101011010,000101010101,001110100010,101010101010,010011110111,011000100101,101111100001,011100000101,101010110001,101010110111
111101100001,010101001001,000101011110,010100010011,000110100011,111111000101,001101110010,011001101101,100111101010,111100100010,110110110101,101000100101
010111101100,111100001011,110011101010,010100011000,101001111001,101001001010,011101000101,001010101111,100111111010,110010001000,110111000101,100110111111
010111001111,110000001101,110010101011,011100100010,110001101010,101001001010,100110110101,011010111001,000100111010,101010001010,101011010101,000111011101
011010010110,001011111111,000111011011,011101010001,110001100011,111001010011,001000111110,010110101011,110111101000,111010010101,100100011001,001100110100
110011001010,111000011101,011011010101,110000110111,100110101010,011001110101,101110111010,110011100110,111111001010,011101011100,101011110101,101001000011
100100110010,110011001001,010110110011,101001011011,010000001110,111110010100,011111011011,0010110111110101101011100,0111000101111011110011001,111001010101
111001010010,010000001101,110111101010,011101001010,101101101010,101001010100,111010111001,011010101110,100101101000,110010010100,001011010010,101010101101
111011101000,011001111001,100000011011,111001011000,001010101010,101101000110,111110100111,010010101110,100110101000,010010001001,100111110001,101010111101
000101101100,001111001001,110011110101001110010101,,010010100101,101100010110,001001011010,111001011011,110111101110,011100001000,111100011001,111010110110
110101100011,110101001001,111010001011,011000011101,101110010101,001001101010,011101010010,111100100010,001010110001,011011101110,111011100101,10010101011111001101110011110010,000100,0110,1011011100,10000101010101010110,1111010110111001,10001010,01001100111000111010111101010,001011111111001011,1,100101,1110,110111100,1001111101001,0,11010,10000,01000,1011011101,0010100,101,10100100010101101,00100,
011011010101,110000011110,111011000011,101100011010,111001000010,011110111100,001111011010,101100100110,011000101111,011111010011,100111011110,100011111000
001100101100,001011010101,100000010111,111001010011,101010000011,111010010110,101111000110,111001010100,110011101100,111100011000,111100110101,111011010010
1010100010011011011111011,1000000110001,10101110101,110010011010,001111001011,101010110111,011010101101,100101011000,111000010101,100110100001,011010110011
011011010001,101000110110,110011011100,000110011110,111111001001,010011010101,001101110101,011010100011,101101011100,011100101111,001001000111,101011110111
110101100011,110101001101,011011001010,010100100011,100110101010,101001101011,001011010011,001010110110,100010111010,100101000100,100111111001,000110111111
000010101101,010000010111,100011010111,011000000011,110101101100,010011010100,101111101110,111011101001,001101011100,101100011011,010110111100,110101010110
0011110010011101000011100,000111110111,100110100000,110101110110,010111001101,100111010110,011001101001,111001000100,101100010110,010011011110,101010101111
100100111010,110000101010,010100011001,101010101011,010110001010,111011110100,011011010110,110101011010,110111010001,101100100101,101100111101,101001011011
010010111111,010011000101,110101000111,111100110000,100110101001,111001010010,101111010010,010100101111,000111011000,010100011010,101100111001,000111101010
010001011010,110100101010,010101011010,000101010011,110111000100,111011010100,001011010110,011110100101,001001011110,010100001100,100101110001,100011100111
000111110111,100010010101,101011010101,111110011010,100010101001,111010010100,010101101111,010001101110,001010100010,111010100111,101101010011,001010110101
011010001111,010010001010,010111011110,011100111111,000011001010,111111010000,001111010110,011110011000,101111101100,011100011011,100110111001,101001010110
011010001110,100011110011,110111000110,011101100011,100000101010,101111010110,001101011110,010100101110,110100101010,111000001101,101101110101,000011011010
110101100011,110101001001,011010001011,111000111101,110111000100,010101110010,101110111110,111101010101,110001010000,011111100110,110000101100,100111001111
101110010111,110011010110,100101000111,111111010010,010101101010,111001100110,101011110101,011101100111,101101100010,110100101011,101101111011,000000111101
100100111010,110000110101,010011010111,110110111011,100010001001,111110010010,101110101110,111110101111,101011011000,101100000001,111101111111,000011011110
111001010110,101010101110,011001001101,000101011101,111010011100,111001100010,001010101010,110101010111,010101111101,111100100101,111101111001,101001110111
111011101000,011001111001,100010010001,101101010011,110101101010,101100110101,001001011010,100010110010,110111101101,010011111010,010111110001,100101010111
011111110001,011100010100,010101011111,101000010011,100101101011,110011010101,000111011100,010001100001,110110001000,111010010111,100101001111,101011000001
1100110111110110100110001,110110001100,011100011011,100100000101,111011001011,011111010110,101000010101,101111010110,100011010100,010101110001,101100101111
000010111010,010100110010,100110010011,110101100011,110001111010,110010010101,101111001111,011000100011,110111011100,110100100100,111100011101,111001011101
011010001111,010011001011,100100001111,011100111000,100000101101,011111001001,011110111110,011001111111,100110001000,111111010111,010111110101,101100110010
101001110111,100011001011,001011110011,011101010010,101010001011,011010110101,101011001010,111110101010,110101011000,011110001011,001100111100,111001110110
100101010111,110011101001,011011110100,010001011001,110010001010,001101010010,101111011001,001100101110,101101111100,111100000101,101111000101,110010101101
100111011011,001111110010,000111010100,100101001100,110010001011,110011010101,001111101111,011011101011,100111001101,111000010111,011101111001,110011001110
111011011000,101011011111,110110010100,111101011101,100000010011,110010001010,110101011110,100100011110,101111010101,110011001010,110110010100,001010110111
010110101010,110100101101,010010111010,010001011011,101001100101,001011001010,101110110101,011010110100,100110101010,011011000010,000111010001,111100101001
010010111100,110010110010,110111001100,011001011001,011101101010,101101000011,110101101110,000101010111,110101101101,111101011001,100100110110,001011010101
1110011000011101011101101,111010010010,011101011101,101000011011,101101001010,011111000010,111010100010,001111101110,010001111110,011011100101,101000110101
010110101011,011111001001,100000011111,110100010001,110101101010,111101000100,101111010111,011100010110,000101101110,010011100001,100111110001,000110101011
110101100011,110101001101,111010001001,101010111100,101001100010,101001000110,011011010101,010110010100,000101111010,010011100101,100111111001,010111011111
111010001001,101001011100,111010001100,010001011111,010010010010,010111000110,011111011011,011101010001,010000111110,011110000111,100110001001,101011011111
000010011101,010000110101,010101001101,101001110001,100010100101,111010110010,101010011110,000101101111,100111011110,010101100100,111100111001,101011001110
011111101000,010100110011,100100010111,111100110011,000010101010,111010010100,111101000110,111001101010,100110001100,111010001011,110001110101,110010101100
010110101011,111100001101,000011010111,110110100101,100001100101,111001010101,001111010110,111001111101,001110011010,111001001010,101111111101,100110101010
111010001000,011000111111,100011010010,010101001100,101000111010,101101001010,101101010010,010010101110,111001100010,010110001100,100011100101,100110110111
100111011111,010000001011,011101010110,010000101011,100110110011,111011010001,010101011110,101000110111,101111111100,100100001010,110111010001,101010100111
000110010111,010011000010,000101010111,110110010011,110110100010,111110000010,101111011111,111101101000,100111101100,111111011001,110100111000,001101010110
111101100001,101010111101,111011110001,110100101001,110101101001,111101010000,100111010111,001000101000,111010111100,111100001011,110100011011,111110000110
111101100001,000111111000,100110011101,111111010101,100001100010,010101001110,000101011010,111100100110,001011011101,111100101101,111011110101,100010111110
000010111100,110100110001,111111011100,010100011011,110111111001,011100010010,011110101010,001011101001,101100111110,110111100011,101001011000,001001011001
111101101000,010101001001,110101000011,011100110101,100101100101,101001010100,011110110011,011001011010,000111011100,011011010101,100100110110,001111000100
100111011111,110100000100,011100101100,010010010011,100100011011,110110101010,101011010110,111010100110,110111010010,010100010010,000100111101,101011101011
010111100000,011101101001,100010101010,010001010101,110001011010,010101010110,010011011101,011000010101,001000111010,010011101010,100110010101,001010100101
0100101111110110111000101,011011010110,001001110011,100110000100,111101010010,101111011010,010100101110,101101011010,100111011001,101101010011,000011101110
001100101100,101011101010,000111001101,100111100101,010110011010,111101010110,000111010001,011101011001,110011111101,101000100101,111101011001,100011010111
010010001010,110100101101,100011101001,011000101010,101010011010,101011001011,001101010010,010010100010,101101101010,011110101010,011011110101,001010110101
1010100010011011000011111,000101001011,110110110100,110110011011,111101001010,101100100110,101011011110,100110011101,010010100101,110111101101,101010010101
101100010011,010011101100,110101000111,111101011001,110101001101,111001001010,000101010101,111011101010,101011100110,101100101011,101101011110,101010100110
111001010011,101011010100,111011110011,101101101010,110000010101,110010110100,101111011010,111110100010,010101001011,011011011011,001000011010,101010111110
011111100000,010101001111,000101010110,000000111011,100010100011,111110110101,100101100010,011001101001,101010001000,011011010010,100110001001,111010101111
111101101001,101001010101,000010010011,111001101101,100110111011,110011010101,110110101011,0110001001110110111101010,110101101011,111110011000,101010100101
000110010011,110010001100,111011001001,100010011011,111000001010,111001010110,101111101110,111100101001,011001111101,011000110111,101001011001,101011110101
111001010010,101011011110,110110001011,101101011101,011010010010,010100101001,001011011010,101111011011,010101000101,111100101001,111100001110,100011111111
000010110011,010100110000,110111000111,111001100011,110001101000,111110010001,000101101111,011001101001,001111011100,011100101011,111101111000,001010100101
011010011111,010010010101,010101011110,011111100000,010010101011,111001010011,101111110110,111000101001,100110001000,000110011101,010101110100,001010100110
011111000000,101000111111,100010001011,110101011100,101100101010,101000100110,011100110101,000001011111,111100001101,011100000101,111111111101,101100010011
100101011011,010000001011,010101010001,001110101011,010110101010,111111010000,101110110011,001011101111,100111011100,111100001010,111111111000,100110101110
011111110000,110000001110,110011010001,101111000101,110101001010,110010110100,001111011110,001010101011,010111101011,011100110010,011101010110,100010111110
101010001101,001011011011,100011001010,011101010011,101100000011,101111011010,101011110110,111001101010,010111001000,011000011110,110011110101,000111010010
111101100000,010101101001,000111000111,111000110101,100001101011,011110110000,100100111111,010010101111,001010001110,111100010101,100111111000,001011001110
110010111010,101100011110,011100011101,111001011111,010111100010,111011100100,100011011011,001100100111,110110000010,010110000100,101010111001,101011011001
111101100001,101011111001,100010001101,100111010101,110100011010,110101001101,010100110111,0010110111110111101111100,111100001001,100111001001,001010111101
110101101011,010101001101,000011011111,010110110000,100110101100,101011110001,001011001110,111011100100,100111011110,011100111100,000110111101,101101001100
111100100001,101011110101,111010010101,111111011100,101001010101,110001010100,100011110111,011010101111,011011011110,101001101001,111011010101,001011010011
000110010011,110010000101,100101000111,101010111011,110001101101,111110110000,110101100111,0110011011010100111100100,011101101011,101101011111,110011001110
011010001111,010010010010,111101011110,011110100000,010110101010,011111101000,101101010110,101010110101,100101001101,010011001101,100011111101,111000100010
011010010111,110000111100,111111000110,001001011110,011111001000,011011110110,001111101001,000010110111,110101100011,011110101111,110011001101,101101110101
010010111010,001011100111,000111110100,110001111010,100010000101,1011101101011001011010111,011000101101,100101100000,111010101010,001101011001,100110100101
011011001101,100011110100,101101011100,011111011100,010101101010,001001000110,011111011000,010110101001,000111111011,011100010101,110101111110,101100111100
010010111010,111000011101,011010011011,100100110010,111110010101,101011010101,100111010111,010010101110,101011011010,010010011001,110100111001,100010100011
111100100000,010101101100,110101001011,100101011011,101010100001,111011000110,001001010101,011011100001,001111111110,011100101011,110101011001,100110110110
011010010111,110011110011,100111010111,101101010000,100100001101,111011010010,100111101110,111010101110,110111011000,011100011010,010100101110,100011110111
000111110111,001111110000,000111010110,110001000011,101010000101,111010010101,001011001101,010101100110,101111101100,011010011011,111101000001,001101110110
110101101011,010101001001,101011000011,111000100010,100001100101,011001000100,101011011110,111111100110,000011111011,011101000110,111111011101,100110101010
011011001101,100011110100,111101000101,011110111000,110000101100,011011101000,101101010110,110110101001,110110011001,110010011010,101011111110,100010110011
010111101110,011111110001,110001111101,010100110010,110110100101,0111100101010001101011011,011001101011,100110011100,111011011001,110100011000,111011000100
100100111010,000111001011,011011010101,101101000101,010110001011,011101010010,101110010110,010101100110,110111011010,011000101011,111100110110,100111011100
111010101110,010001101010,011101011101,100111110011,110010,10010,110011110010,011110010110,100011111110,111101111100,010000111011,101111101101,101001010100
001100010011,110100001101,111001010111,100101011001,110110001010,011100010010,011111011101,001001100111,101101111100,111010010101,101110011010,111000101101
111011101000,11000,011110,111010000011,110110011011,110001111010,011001101010,001101010011,011010100110,001100111100,010100101011,000111110001,000110111101
1010100011011010011011010,100101000111,110110110011,110001101100,111111010010,001101011110,011011101001,101010010100,011100111001,110110111111,101100101110
100110011011,110010001010,110011001011,100010010011,111001100100,011110110010,001011011111,011100101000,101100101100,010101101011,101101111010,00101101000111110001110110110011,111100,1010,1011001111
001100010001,110111001010,000101001111,110101111111,010110001000,111110010001,101101111110,110111011000,1101111011010101100101011,101110010110,100010101111
100010011111,001011100101,011010011010,010111010011,001001001010,011101010010,100011101001,011010100001,110110111000,010110010101,110100110101,011001010001
001100010101,010011000101,000101010110,001101010011,001010101011,011110010001,101011010110,011001101101,001011110000,011100011011,111101011001,111010100110
010010111011,101111101000,000110000111,100010110101,110001011101,111101100101,110111001010,110011000110,001111100110,111100101011,011100011110,001011110101
110011001011,110100011101,110010101011,010100010010,101100110100,010101001011,001001010100,111010110101,010111111010,010111101110,011011100101,100101010111
111001011010,101000101001,000010011100,110001010101,101111101011,101101000101,111110100001,011001100101,101101111110,001101010110,101011110001,001010110001
000111111111,110000001010,000110010101,100011011100,010011101010,111100110110,001001111110,011100100110,011100111010,001100110111,101110011001,10100101001110100001100101010111,01110010101,1101010101,110010010000,0010101,1010101100100101001000,11,111101010111100100110101010100011111001011101111,1,110101,00,0,1110010,0,1001101001011,1,10110,10001,00101,1010100000,0111000,111,00110111111101,11010100,
011010110011,010011001101,110101010111,110001011000,010010101001,011011010101,101111111010,110000101010,100111101000,011111010101,101100011101,110011100000
111001110000,101011010101,111010010101,110101001001,010010011001,110011001010,110111000110,1110001010110110101011000,000100000101,011011000110,101010101011
010111100000,111000101101,000001011111,110001010100,011110100101,101011000101,101101010101,010010101101,100110101010,010101010010,101011110110,101101010101
0110110101000110100101111,001110010101,000001101111,110011110010,001011110110,111111000010,111010010001,110110111001,101100101010,010110011001,101100111101
010111100000,111000101111,110010011011,110000111011,100001100101,101011000100,001111001001,101010101111,010111101010,110001101010,100111010001,101010101101
111011001000,101011001111,100010010111,100101010101,101010011100,010101001001,101111011011,010010101001,110110101100,110001010100,011011110101,101101010011
100010011111,001011110010,011000011100,011101100011,000010001011,111111110001,001011010010,011100101110,100111001100,110000010101,110100111001,110100101110
1100110111110010011111000,011110111100,111100111110,110000001011,101011111000,011011010000,101110100111,111100111001,010100000011,110111111100,001011010111
010111001111,110100000010,101000011011,101110100010,110100010101,110101010011,101111010110,001110101011,000101011101,011100100111,101100100010,100111101011
010110001110,111000101001,111000101001,100101011011,111010010100,101011010111,010100101011,110000100111,010110101001,001111101010,111000010100,101011011111
111101100001,101011110101,111010010101,111000111101,100001100101,110011010100,000111011001,010000101100,111111101110,110101101011,110100001001,101101001110
110011001111,010000010101,000111110110,001000100001,000110010100,110111100010,101110110110,011011101001,110110011010,001100100110,111111010101,101100001000
100100110010,110100101101,010011000011,111001010011,110110001010,011011010010,111010010010,111010100100,110100101110,111101100101,101111111000,111001000110
011010110000,111000101100,011111011101,111011011011,100011000001,111010010110,001011011110,111000101011,101011011001,110100010011,101100011001,100011111111
000110101100,101011010101,100011000101,110101011001,101010101001,011110010110,110111100110,1010011000110110111111100,111100001111,111101011000,101010110110
111011011100,101011001011,100111101100,010101010011,100000001001,011110001010,101101001110,011010100001,010101100001,010100011010,111101010010,101111110001
100011011111,000011110011,100111010100,010101100000,100100101011,101001010011,010111100011,010010101000,001110101100,010100000101,111111110000,001110101111
110010001111,111011001011,111000111000,011110010010,101001010100,000100111011,001110101010,101010111111,000110111010,110110010111,100011110101,111100100001
101110011011,110000001100,111101010010,010101011001,111010010010,011010101010,010111010101,011010101011,101110101000,110110000100,010101111010,001010111001
111001110000,101010011100,111110001001,101001011010,011011010101,110101000100,001111011010,111000100111,010101101001,010000101011,011000011001,101011110011
000110001100,001111010001,001011011101,101000111010,101010101011,111110010010,001101100100,011011101010,101101101111,011100010110,101101111100,101011000110
101010001100,101011001111,111011001011,011001011100,011101100011,101001001010,011001110010,111010101010,110101010000,110011010100,100011000101,101010110101
011111101000,010001101011,100011010011,101100110001,100001001011,111010110000,100101101110,110000101011,110110000100,111111101011,110101111001,001011000110
010111001110,110111110001,100001010111,110000111011,110110101000,011011010011,001011011111,011001101011,101110010100,011100111111,110101111000,001100100111
011010001001,101010011100,110010000011,111101011110,011010011010,011001001010,101111110010,010110101010,010101011101,010011010010,111000001110,100011111001
000110010011,110010001100,111011001011,101110010100,001001000101,110001101011,001011111101,011010100110,010101101101,111100101011,100101100011,101011011100
000001111010,101000101010,110111001011,110101011010,101001100101,111000110100,001111001001,010101101010,110101101101,101000101011,100100011001,101010110111
000110010011,110010001100,111000101011,101010101010,111001101010,101101100110,001111101010,011101010101,011010111001,011110011010,111010011001,101010101101
101010010110,001100111110,110101010101,110101010011,101001101000,010010010100,001111011011,111110101011,110111101100,011000000101,110011001001,110011111110
100101101011,101011011101,110011011011,111000101101,110000101000,111101010100,001111011110,011010011001,001010111101,011101111010,110111110001,110111010110
111101100000,001001010111,000111010111,111001100101,110010011010,010101010101,100001110110,111010011010,100011000110,111011011010,011011001101,101110100010
100101011011,110011101000,010011001011,101100011101,110100001100,111001010010,010111010110,111100100101,010100111101,111100111010,001011011010,111010110111
100101011011,000011101011,001010110101,110100100001,100100101100,111101010010,101101101011,001111011110,101111010100,111100100101,110100111001,001001010111
000010101100,110100110010,110110001101,100010110011,110001110101,010011001110,001011010110,111110100011,000111111010,101100100011,011100111101,100111011111
001100110011,110011001010,000101001110,110101111001,010110001010,110011110011,101011010110,101011101110,110101001100,111100011011,101111001110,110010111001
111001010110,001110101101,111000000101,100111000011,110001100011,101011000110,111000100101,110000011110,111011111110,110000010101,111111010101,100010110010
000011101001,001101010100,000111101111,110110100010,100100111101,110011010101,100111010110,111001100101,101011011100,101000010001,101101011110,001011001110
110101100011,110101001101,111000001001,010100101101,101101101010,001001001010,011011010001,011010101101,001011001010,010001101010,100111100101,100110101011
010011011011,001111010100,100011110101,100111001100,010110101010,101110010110,000101001101,010011101100,010001111010,111100101011,111100010110,001011110001
101010001101,010111000100,111101000010,011100011010,110010110011,110010101010,001101011010,011100101001,101011011000,110110011010,110101010101,111011010011
010110101110,011101101011,100011011001,110100010011,101101100100,011011010010,001101001001,011001110011,100101100010,111111100110,110111110100,001101010111
111101111000,001011001011,010111000111,101001001011,110010010011,001110110101,001000010111,011110010110,011010101010,011100110011,111111111001,111011000010
1010100010011111000011110,111010001011,100000111111,111011010010,011000101010,001001110101,011100110101,101101101110,100110101010,101000011001,101010110111
111001010110,101011101010,110110001101,100110011111,010011100011,011101000110,001101011001,011110010000,101110111111,110010101010,101000111001,001011110111
011111101100,010100110011,110101010111,011100010011,110001101010,111010010001,100101110011,011000100010,110100001100,110111110101,101101110000,101010100110
011011001001,010000111110,000111011111,110000011100,110110111000,100111000111,001011110010,011010111001,111001011001,010100110110,011001011110,101101001011
0011110010011010000011101,100101010111,100100110100,101010101010,111000110101,101101010010,111011101000,111101101100,011011010110,011011100001,111010100111
000001001110,010100101001,110001111001,011100010011,110110000101,101101010010,101110101110,111010100010,001010111111,100100010101,001001011001,101000101010
000111111011,100011111011,000110110111,111111100100,100000001011,011010110100,010111101111,011010100010,111110101100,111100101011,010111111000,01001011001111101010110110010011,10010010011,010100,110,010000001010,0101000,1010110101110110,10101,11,010101010111100100111111000100001100110011001010,1,10,010,10,1,0101110,101001101101010,1,01110,10101011010,1011010001,0011001,101,11100011010101,01010100,
100100111010,100011001011,011011010111,110101010100,101010001010,111010010010,010101101110,011010101010,110101011010,111100110101,011101110001,101011010101
011010110110,011100000111,111011011010,001101011011,101001100001,011010010110,101100110111,011000010111,110110001000,010100001101,100101011101,100111100110
010010101100,101011010111,010011101101,010101010011,101010100101,0111110101010101010111010,011010101110,110110001101,110101101011,110100011101,101011011110
000010111100,110111001011,010101011101,110000010000,110110101010,011010110001,101111101110,011011100110,001100100110,111100001111,010110111000,111001010000
010111011111,011111100100,000001111100,110100010010,101111101000,111000010010,101011010011,110000101111,100110011001,111010001011,010100111001,101010100101
000110010111,110011101000,000111010111,111010100001,110100000101,100111111010,101011011111,001111010010,011101101010,010100111011,111111111000,000011010010
111011011111,010000010101,111100010001,111111011001,111001100010,010001010010,101101010111,111100100010,010111101110,110111010101,111100111001,000011101110
011010001111,010010001011,101001011111,011100110000,110001101100,001100110011,101110110010,011001111111,100110111000,011111000111,101011100101,000110100000
110010001011,110100001101,110100100011,101100100110,101011010100,101011110101,011101010001,011011111001,000101101010,010101011010,101001010101,001010101111
010110001011,110111101000,001111110011,100110100100,110101011100,011001101010,001101010110,111101101001,100101001010,010001011110,101011100010,001100111111
111110001000,010000111111,001101001111,110100111011,110011101010,111011010001,101101010110,011010101010,101101010100,101100010110,010111101101,101010101001
110100100011,110101001101,110010001011,011001010101,010110011010,001001010010,111010010010,101000101110,001010111001,101010111010,111011100101,110100111101
100011011111,110100000101,111010001011,011100011010,110000011011,100101101100,100110110010,011100101010,010111011011,010011101000,011000011101,100010111101
1100110111110001111111011,100100001100,110001111100,100111100010,101001001011,101101000110,101000111111,010111111010,010100010110,100011110001,100010101101
111101101000,010001000101,011011010100,010100111100,101010110011,010011010101,001011111010,011010101010,001110101110,110100011110,011110001110,101011010111
000010111100,110100101001,110011000011,011101010011,111110001001,001110101010,101111101000,111111001010,001011110101,000100011011,011000111110,101011010011
010010111111,111110100001,011010011101,011101110001,100101101101,111001001010,001010101010,110010010100,100110111101,110011000101,100000011100,101101101011
111001010110,010000101011,011100111101,010100111011,100010000011,101111010000,111110110001,100001010100,011111111000,111100010101,111110110001,101001001011
111010001000,011000101101,111011101001,010001010100,101010011010,101101001010,111100110101,000010111111,110001100010,110110110001,111011010110,100010111001
100110011010,110000001110,001101011011,101010000111,110110001010,010111101110,001001010110,111000011011,110001011010,111100100110,100101111001,101010110011
010010111011,110111100000,111011010110,001110010001,010001001101,011101111100,001101010110,101110101011,001101011101,010110010101,111101111101,000010100001
111001010110,100011101011,111100000111,011111011100,100111001011,101000110010,011111010001,010010101010,010101111001,111110101101,001010110110,001000111011
001111101111,010001000101,000100010110,001110010011,101010100011,111110110101,101111001001,010010110111,101111101100,010100010111,100100111001,000101011110
100101011011,110011101000,010000111010,010101101100,110110000101,111001101011,101011010010,101000110101,101110011010,110100011010,100011001101,100011011011
100100110110,100111001011,010100101110,010101011101,101010001011,101101010011,010011011011,011010101010,110111101000,111100010100,110100110110,001001011100
100101100011,110100001101,110010001011,011010110101,101001100101,011101001010,001110110011,001011111110,001011011100,101000010011,100111111001,000111011111
111011001110,010000110010,111101011101,101010001001,110001101100,111001000011,101111010111,011011101001,110101101100,110000101011,101011111001,001001100111
111101101000,010101001001,110101011010,011000110101,000110100011,101011010110,101100110010,111000101001,110111111110,100010011100,110010100101,100011010011
100100110011,110011101010,010100101011,111001011011,110010001101
000110001100,000011110011,001010111110,010100100011,110110001000,111110010011,101001110001,010010101101,101110101101,010100011011,111100111001,100101010111
010111111100,111111110000,011110011011,100100110011,100001100101,011010010101,001010101111,111000100101,001111011110,111000111001,100100011001,110111100011
111101101001,101010011101,001011110101,111001100101,110110011010,101101001001,001101101011,011110100001,111101101010,101001101010,010111010010,011011010101
010110100110,011101101010,000011000111,110000110011,010010101001,111011010011,100111011110,111000110111,100110010101,011011101011,110100011101,101101000000
101100010010,010000101101,111001011001,010001011011,110101111000,101011001011,101110101001,011000100101,110101011010,101000011001,101011010110,101010100011
111001010010,101010011100,111011011010,001001011011,110001001011,011010010101,001011010110,011010010111,010101110010,010100011011,001001011010,101010110101
000010111100,010100010101,011011011101,101100011011,111010001011,111010010010,101111001010,110010101010,110111001101,110000000101,111100111110,101001101110
010110101110,111000101011,110011101001,1010000110101000100100101,101101010110,001111010101,011010101100,001101111000,101110101011,100111010101,000110110111
0100100111111111110100101,011011010101,101100110000,101101111101,011001001010,101010101010,111100100101,110110111010,100000001010,110101111110,100011100110
000110010011,110011101101,000101000111,101010101001,100110001011,111110110010,101111011110,111101011001,101011101110,011000011101,111111111101,111010101100
011010001111,110011001010,111001000111,011110100011,110001100010,111101001001,101101010001,101111010001,101110110100,110110101011,101110011001,000110111111
100100111010,100011001011,0101101101010011001011010,101110001010,011010110100,011011001010,111101011010,110111011100,111000011111,100111010101,101001010011
100100111010,000101101010,010011001011,1010010011001110101100101,111101010101,000111010010,011110100101,001010011110,111000001010,101000111111,101010111110
111001101011,101001101011,100110010011,110111010100,010101100100,101001001000,101101110101,010010100101,010110101010,101101101010,100111110101,000111010111
010010001111,110011001001,110001000100,010100111011,100000101010,001011000110,011101110101,011010100010,110110101010,010011100110,011011010100,001101010011
101010001111,010011011010,100101000111,110110100011,110001111100,011001001011,110111010101,011110101100,100110111101,110100101011,101111011001,000110101011
010110101110,110111001001,010011111111,111110000010,110000001011,111011010011,101101010110,111011001110,011110101010,111100011011,111111011001,001001010110
1000111111100111100101010,011111011001,001010001101,111001010101,111011101000,000011011010,101100110111,101110111010,010110111010,100101001010,011010111000
100100111010,100011001011,010111010111,111101000101,101010000100,111101010010,110001010110,010011101110,111101011101,011100101010,011110110010,101010110100
010111101110,111100101001,110010001001,111100011011,110001100101,101101001010,001111010010,011010101011,000011011010,010101110110,100100110101,100111100001
011010110000,011011000111,100101001101,111100110001,101101101001,111001010101,100110010111,101001100111,001111011000,100111010101,010100111010,110010101101
000101010111,000011000011,100110010111,011001101000,110100101010,111010100010,011111001110,010101101010,111101011110,101100001110,010011111101,101001010110
001111101101,010000010101,000101010111,010100111001,100110111001,011110010000,010111110111,010010101011,100110110100,010100011010,010010011010,111110001011
010110101110,011101001011,100011000011,110000011011,110101110100,101011010110,101011010110,110010010111,000110010010,011010001010,111111011101,000110110111
111001011011,100011101000,111111110001,101111000110,111011000100,011001111000,001111001101,010110010110,011110100111,111000101011,101111111111,100011110110
000111011111,010000001011,100011010001,100010011010,110110110101,111010000101,101111011110,101001011111,101111010110,101100011011,101101011000,101101000110
010111001111,110010000101,100011000111,100110101010,110101101001,111001010010,101111010110,111001101001,000111001100,011110111110,101011110001,111101000111
111001011001,010000010101,111101001011,100101011011,110111101000,111101010101,010110110111,011000101111,010110011100,110100001001,101100001011,111010101110
011011001101,100011010100,111111000101,011111011010,110000101000,011110001110,001101001110,011001101010,101101001101,011111100011,111101111011,101000110100
111010001110,011000101011,111011000001,011001000111,101011101010,101100110110,001000100101,010100011110,110111101101,010100101001,100110111001,101011011111
100010011111,000011110010,111000010110,011101010011,010000001011,111000101011,101111010001,010101100110,110110011000,110110000111,110000111001,000110110100
100011011111,110100000100,011100101111,101010100010,010111001111,111001101000,101111010010,011010100110,001000001111,010000110101,101001011101,010111101011
010110101110,110100101011,110000101010,010101011001,111001101001,101001001011,100101010110,001010110110,010110110101,100111101010,111010100100,000111011111
111001101000,101010011100,111011101000,010101011010,001101100000,010111011010,001011011111,011010100110,011110101001,011100000010,111010011110,101100110011
000010111100,001111110000,010101011101,010101010011,110010001010,111010010101,001111010110,110110111011,001001011101,011011101011,111101011001,001001010110
010110100010,110100111101,100011001001,100001010101,101100101010,101011010110,001110110110,011001011101,000111011001,011011011010,011001110101,101010110111
010110101110,111000000101,000001110011,001011010011,111010010101,101011010110,001011010110,111000100111,010111011101,010111001011,111011010101,101011010110
011111110000,011000101100,000111100011,101111001010,110001101101,111010111100,100111000010,110010100100,110001011001,010011011010,000101011110,100111110011
111010001000,110100011111,101101010011,111100111010,101000100010,101110110101,110101110110,011010101110,100111101111,001111011100,001111010001,101000110111
001100101100,101000001101,100010001011,011000010111,011010011010,101010110110,011001000110,011110101010,010101111000,101110101001,011011011101,100100111101
111000101000,001011111001,100010010010,110101011101,001010011010,101111010110,110100100111,010000101110,010111101110,101101001100,111010000101,000010111011
111001010111,101010101000,110111101101,0011110101000111001100100,110000111000,001111011101,111010000000,111001110001,011100101011,111011001011,100111110110
000010111100,110000111010,110111000101,000010110001,010111110101,111001001010,101111010010,110110101100,101011001010,100100100101,100101001110,100101010101
100100110010,101101001010,110010001001,101010100101,110101001100,100101110010,000011010010,011010110111,011011011010,010100100011,111100111101,101010110110
011111100000,010001111001,100011010111,110000111101,010110101010,111010010100,100101111111,011000011010,100111101100,011011101010,101001011101,011011010011
111011011000,010000111111,010110011101,110101111011,110010011010,111011000101,101111110001,110010101110,100111100100,011000011010,011011110001,101010101110
111001101000,010101001001,110100101011,110100110010,000101100100,101101001010,101110110001,011010101001,000111001000,010011011010,101010110110,000111000101
111111001000,010100001111,111001011010,011100110001,001010010011,101010101001,101010110101,010010100110,100110100000,010111010101,100111110101,001010100111
111001010110,001011111011,000110011011,101111110101,010010000011,111101010001,110011110110,001100101110,111101111001,111000101010,100100110001,101011110010
100010001111,010011001010,111000001011,101100100101,010000100110,111101110011,101101010010,001010110111,101001011110,100011011010,111000110110,000010111010
100100111010,110010001010,010100011001,101010011011,110110001010,111011101011,101111010111,011111011000,110101001100,101100100100,001100111001,100011011101
111011101000,011001011111,000101010110,110100110011,000010010011,110011110101,101101011010,101010100010,110111110000,110000000001,100101010110,101011011011
111010001010,010000011111,100101010001,111001010011,110110001010,100111010101,001010111101,010010100111,110111101110,011000000101,101111010110,101011001001
0111111101111110000110100,100011010011,111011010010,001010100100,110010110110,001111001110,010110100101,110101000101,011100111111,100001001011,101110110111
111011011000,101011011100,110111100000,110101011110,111001101000,111001000110,001101101110,011000101111,011101101001,011010001011,101011010011,101010110101
1110010010011101101101100,000101011101,100101111011,110110100000,111111000100,101111011011,011110110101,100110001110,011001101011,000110010001,100101110111
110101100011,110011101001,011011000100,110100000101,100101011010,010101001010,101110111001,000100111110,100110111000,100101001011,010110101010,100110111101
111101010011,001011101000,110010011100,101101011101,100010001011,001110011110,010101011110,110010100111,011011011011,011100011101,011011001001,000011110111
011110010000,111000010110,000111011101,101001011001,110101101100,111011000100,000100110111,111000101110,100111010101,010110101010,101101011010,100010100111
111001110000,101011011110,001111110101,110101011100,110001011101,101010001101,001101011001,101110100111,111101100100,110100101011,100111011101,001011110101
011111110000,110000010110,100011010011,111100011011,101001011101,010010101100,001011010101,111010011001,110111100101,011010100111,010101011110,101111000110
111011001000,011000101101,111010011001,100001011111,101000011010,101100001010,011101010111,010010100110,010111111000,011001100101,011011110001,001011110111
100001111011,101000101010,010111010011,011101001110,110011011101,110001010100,001111011010,111110100111,001011011111,101000100011,011010111110,100011111010
011010001001,110010001111,100010010011,011001000111,101010010010,001101001100,111101110101,010000010110,110101110010,111110001001,101011100101,001010110101
110011001011,110100011101,100010000011,110110100011,100100101100,011101001000,011011010101,011010110110,101110100100,110001101010,100101010001,000111011011
011111110000,110000011110,100101011011,101011001101,110101101100,110010000110,010111011111,011001101011,010100101110,011010011011,100011010010,101011110111
111001010100,001110011011,111110000101,110001011101,110000001011,101001001011,110011101101,101011001011,011101111100,111100001001,111011110001,001011110101
100100111110,110100001010,011100001011,100101011011,110010001010,011110110010,001111010101,001100011111,110011011110,111100100011,111100111010,100001111011
010111101110,011111100001,100001111101,111100111010,110000000101,111010001010,101110101110,011010100111,101110011101,110100001111,110101010111,101011001110
011111101000,010100100011,110101011110,000100110101,000010101011,111010010111,000100011110,011000100111,100100001001,111011001110,111011110001,100010100111
111010001000,011000011111,001011000001,101101101011,010010101010,111011101001,101110110110,101011101100,100101011100,010011010111,101011100101,101010100101
010110101110,011101101011,100011000011,101110010011,010110100101,111001001010,101101010110,111000110111,100111011010,100101000110,010111010101,000110110110
011011001101,100000010111,110101001011,011101011010,010110001010,111100101001,101101010100,110111011001,001011101110,101000111010,001011110110,000110100011
111011101000,110100000111,110101010110,011100010001,000010101011,101101001010,111010110100,011010101011,001101011110,010011010010,100101100001,000010101011
010010111111,010011010011,100101010100,101001100011,101010000011,111110000011,001111001110,101011101111,101111101100,111000010101,010100111001,001010101110
011110001110,010100110010,000001011011,101110110011,110001001100,111011100001,001011001110,110010101111,101101011101,110100011011,001101011001,101010101110
1110100010001011000111101,100011110011,110001010011,101010101010,011111000101,101010101111,011000011011,100110001000,010101101011,101101010010,101010100101
111001010010,010100001101,011011001010,011101010001,101111001011,001101010010,101110111010,010010100110,100101101110,010100001100,001001010101,100010101110
011110001000,011000101011,000011010001,110101110101,110001101010,011011010101,110010110110,011011101111,101011011100,101000011110,010101100011,001010101111
010010111111,100110010100,011101010101,100011011011,100010000101,111010010101,101011011101,011000100111,110111101010,010111001011,011100010001,000111111100
000111110111,001111110100,000101001011,0111110100001010010101101,111001110001,100111101011,011011011001,100110011100,010010101011,111100011010,001011001110101010111100100100101001001,0001,1101010010,10001000110011010011,0111010011110101,10100,10,11110100010110010010110101011001,110111110101100,1,100110,01,0,01010010101001110101001,1,11011,10001011010,1011000000,1011000,101,101000110111,1,11010100,
110100100000,000110001011,111010101100,000101010101,001100010101,101001001010,101110100101,011011101100,010010101010,101001001001,111011010001,000111011111
010110101110,101011101011,110000001101,111101011101,110001100001,001011000110,101111111001,011000011111,110101101010,101001000010,010111010101,100101010110
101010000111,010011011000,111001000011,011100110011,110000111110,001101101010,101111010001,011010101001,001001111100,011100100111,101010111001,000010111101
000010111100,001111010110,000101011101,010101010011,110110101001,011010000110,101011001110,110011010010,110111000101,110010011011,010101011110,101101100110
111001010010,101100001110,011101011101,100111011111,000111100000,011111110101,001111010111,011000100111,110101101010,111000101010,101110011111,10001011011000100001010000110111,11010110011,1110100011,100001001100,0011011,10001,0100010101110000,10,00001010011111010011110101011,10,011011011101100,1,110010,10,1,0101110,110001101001001,1,11111,10001,10001,0011110000,0111000,111,10101011101101,010001,10
111011001001,110000001101,111011000011,011100110011,110101010010,010101001000,101101010111,001011101010,110111101100,101100011100,011011010101,001100101101
110011011011,011000010101,110011001011,011101111010,101001101000,111011010101,001110110101,111011101000,011111001100,110011011001,010100011110,001110100001
100101100011,101111001001,011010110011,110100011011,100010011010,100101010101,101111010011,011110100111,001101011100,111101101011,101100010001,100111011111
1100110111110010000011111,110111110000,010001011010,101111101000,101011010010,101011010110,100011011011,111101111000,111110011010,100111011001,101000101001
010110101110,111000101011,110000100001,101101011010,111001100001,101011001110,101011010110,101011010010,000111110011,010010001010,110111110000,101010111111
111000110010,010001101100,111011000001,101011011011,010110001011,101011001100,001101011011,011001100101,110111111110,101100101011,110110011010,100011111101
010010111111,100111100000,011111010101,100011100011,110110001011,111110010010,001111001111,001000100100,110110111010,111011101011,101101111000,000111011110
111011001000,010100111111,100101000011,111100111011,100010100010,111010110000,101011011110,101011101001,101100011000,010111011100,000111100110,101010100001
0100101111110010011100011,010101010100,101001101011,100110001001,111011010101,101110010110,110000101111,110101011010,110100011001,100101011011,010010101010
000111100101,000111010011,100011000111,011110000011,110000101011,111110111000,000111101110,011011101001,001111010110,111100011011,011101011100,111001000110
111010001000,101011111101,001011110101,110101011101,100010010010,101111001010,010101100111,000010110111,111011101011,111101101010,100101001011,101011010101
010111001111,010001100101,100011010111,010110100000,110100111101,010101001100,101111010010,110010101011,110101011010,010001111010,000111100110,100101011110
111001110000,010101101101,110101010011,110101011011,001010100000,111110000100,001101001010,111010101110,101111101000,111010000101,100100110001,110010101111
010010001100,010000111010,110011001001,010100011111,110001111000,101011110010,000101110000,011010101101,001111011100,001111101010,011001111100,000101010011
001100101100,101001001010,000011011111,100110110101
100100110011,010011001101,011011000111,111100100101,100100001011,010111010010,101011011010,011010100111,111111011010,011100010011,111011111101,100011011110
1010100010011111000010111,100010010001,110001010101,110101111100,011101101011,011010110010,011010101101,101110011111,011101010110,010011000101,100010101111
001111111001,010000110110,100101010011,101111011000,110001101101,111010110101,000111010110,011010101001,100111011101,010010101011,011101111001,101011000110
010110111010,001100001111,111010001001,111101011010,101010010101,101011010100,010101001010,110101011101,010111011010,101010000010,011010010110,011010110101
000010111100,110100111010,111100001011,001100010011,001111100101,111001100110,101001001001,011110011001,101011111001,010110100101,110010111001,011001011101
010111111000,001101010111,1000100111101,10101010011,100000001011,110010110101,001101011110,011001101110,001101001110,111011010101,110100010101,101010100110
100100111110,001011010110,000100000011,110101010101,101010101100,111101010010,010101010110,011010001100,110111011101,110010100011,111100001110,100011010110
111010001000,110100000110,111101001101,011100011010,110011101010,111011001010,001011010110,011110101001,101100101001,101100001001,101011010001,001010110111
100100110010,110011001001,111010000010,010101001001,110100000101,101011001010,101111010101,001011101110,101011011100,101000011011,100111110101,001010101100
100100111010,110100001010,010100010111,110101011011,110100001010,111110000111,011111010010,111101010100,110111011110,011100100110,101100111000,100011010111
000011001111,101100001101,110010011001,010101011010,110101010110,110100001010,101110101010,111000101010,001111001111,010001111010,010100111101,100101011001
111101100011,010001001101,000100011111,111000010101,100110100010,110111110100,101110111011,011000100110,110110101110,101100011011,110110110001,001001011100
010111101110,011100001011,110011001101,100001110011,110101011001,111001010001,101010110010,101000100101,000111111110,011101110111,111010011100,000111001110
010010111011,011111010100,000101010110,110001010001,100010001011,011111010101,100011010011,0111000111110100101101110,010100011101,101101011110,001011001110
1101001010001001010011111,110010100101,011101011101,101001001001,101001001010,101101010111,011010101110,010011111000,100011001001,111111010101,000110110110
111101100001,010111000001,100101010111,001111010010,110001100101,111011010110,100100101110,111001101001,101111101001,101111101111,111110011111,000101000110
011010001111,010011001010,110101000111,010110011011,110001111000,111100110000,101101011010,111110101111,100101101100,100111011011,001011011001,100111000100
100100111010,110000101101,0101,1010101,110101011011,010101100101,111110010010,011101011010,111001011010,001101111100,101111100111,110111011000,101001010101
111001111000,101101010100,000111010111,111001000001,110100100101,111001100101,000111010110,001100100111,101111011001,010011010011,110100101010,100010101110
111010101000,001011111010,001111011101,110110110100,110010101100,011111000111,000101111011,010110100101,101110101111,010100101010,111001011010,100111000111
0111010000011101001001101,000011110001,111001000101,100101101101,101001101001,000111010110,101001111001,101111011101,111100010101,110111011101,111010001110
011010001110,010000110011,100101011011,011100011011,110011101000,111110010010,011101010110,011001100011,101101011100,001111001100,111011010001,101000100001
111001010110,101001101011,111011111000,0001010101110101011001011,101010010100,011011010111,100110110001,011001101110,001111011100,010011010100,101011010111
110100100010,001011101111,110010001010,011101001100,001101101001,011001010100,011010110001,011010110010,001001111000,010011001001,100111100001,010110110001
011110010011,010000110110,100101010111,111101010000,110101101100,111000100101,011101110101,011111100101,100111101101,101100101011,001101011011,000010100001
000111010111,001110010011,000111110101,011100001010,010111001001,111111011001,010110101110,011001101110,100110011100,011100011011,101001010110,101010100110
010111100000,011101001011,100011101011,110100100000,011010101001,111010000101,101110011110,111001101111,000111011011,111000000110,111010001111,101010101110
100010111011,010111010010,100101010111,111100000011,110010101010,001110110100,110111011110,011100100111,100111011100,110100011011,101101011001,100010101110
000010111100,110100110010,110101000101,001101010011,010010101010,011010010110,001101010110,111100101011,111010011010,011110011001,111100111000,000011011011
000111011100,110100110110,100101001101,101111010011,110110101010,111010010010,101011011110,111100100111,110100010110,101110101101,001111111110,100001010001
100010011111,110010000100,010011010111,100110100011,010110111010,010011010010,101101010110,111110101001,110111011010,100100011010,101001010001,100010111011
111011001110,010000011011,110101010011,101100011101,110011101010,011110000011,110110111110,011001011011,000101101110,010100001010,100110011111,101010100100
000110011111,010001000101,000101010010,011001100011,101010100100,110011010010,101111010110,011010100010,110110100000,011111001111,111000111000,110111010110
010111100000,101111101010,000010110101,110110100101,100010011010,101010101110,000101010111,010011011001,110101101001,011010101011,010110000100,101010110111
111001010011,010000111100,111111000011,110110010111,110001101100,011001011000,001111011101,101101101001,100101111010,110100010111,101111111110,000010101001
100011001111,100011000100,111000001100,010100111101,110000011100,101001001110,001011010001,011011011010,001100101010,110110001101,100100110101,000111110111
1010100010011111000011100,111011001011,100000010111,111101110100,011011010110,101111110101,011110110001,010110001110,011001100110,011010011010,101110011111
011010010011,100011111111,100011010101,111101010100,100010001010,101010110101,010011010110,101011100110,111101101101,111010111011,000111110010,001011110011
000010111100,110100101010,110101001000,010001011011,110001110101,011010110110,000101010001,011110101011,001011101010,100010001011,011000111000,100101101111
100101011110,100011101011,011010110101,010100100100,111010001010,001011010010,011101101011,011011001110,010111111100,101100011010,010110110001,001001010111
0100101111110111111100100,010011010101,101110110010,110001001101,111101010101,001111010110,011100101001,001100111101,111010001010,100101111011,100111101110
1101001000001101001101101,101001101010,000111011100,010101010101,001001001010,001101010101,011010100001,010111100010,100010001001,100011010101,110110111111
111010001000,010100111111,001110010111,110100010011,100011111010,011101001011,001110010111,011010110100,001100101000,011000011101,100111011001,000111010011
100010011011,001111010100,011101010100,110001100011,100000101011,111011110101,110011100101,011000100001,100110011100,110011000111,110100011110,111011001110
100100111010,001001010101,000101001011,111001110011,110010100101,111010110001,100100110110,111011101101,100111011010,010010000101,110100011111,101011000110
011111110000,011000010110,100101001001,101101011010,101001011001,110010101101,100111011110,111010100000,110110010001,110011101011,010101010010,101111101101
010010111011,001000101011,110011001010,001001011110,101100000101,101011010101,010101010110,010001111101,001100101010,011100011001,111011111100,001010110010
011110110000,101010111110,000111010111,100101010101,111010010010,101110001110,000111101110,110001101010,110110110100,111010100101,110101000110,100011110001
101010001101,110010011101,111001000111,011101011011,110001101010,101100101010,011111110110,011011010110,001101100110,001111000010,101011010111,001010110011
011101100001,010101001001,000101000111,110110110000,100110001011,101111001001,100011010111,011001101001,100110011100,010011010101,100101111000,101011000100
010010001110,110100101101,111000001001,010100110101,110111010100,101001001010,111001010001,101001011010,011011000100,001110101100,111011101101,000101010001
111010001000,001000111111,000111110111,111001100100,101001100011,101111010101,011110100111,011000100100,011011011100,011101101011,110101111001,001011010111
011111110001,011110010010,000011011111,100110110000,000110100100,011110010101,000111011110,111000011011,100101001101,010100001111,101101011111,101111000110
100011111111,010000010101,110101011011,101010101011,010110100101,111000110000,110111010100,011010010010,110101011010,111111000100,110000111000,000111101110
1111010010011101010001101,111011011000,000101011100,001010011011,100101001001,001011111101,011010100110,001111101010,011101011101,111010000110,001111010011
000110010000,110010001110,110101001011,101100010101,111100001010,101001010010,011011011001,010101101010,110101101101,101010100101,111010111110,110011010101110010111100,0110110,101100,1101,01010100110110001101000,0011000,1001010100111101,00001001,11110110001111010011111011010,01,011001010101010,1,110110,10,0,1101010,110001110001011,1,10010,10000,01001,0000100000,1101000,111,10100110111101,1100110,1
110010001100,101011101011,111010101100,010101011011,100101100010,101101001010,101101100110,010011011101,111111101010,000001100100,011011001101,100101110111
000110010011,010000110010,100111010111,110010100001,110100100101,111001110010,000010010111,011101111001,100110011100,111010101011,110101011000,001111010111
110011001111,010000101101,110011001000,010100100011,101001110000,001101010010,011111010001,011010101010,100111100000,110010000100,110011110101,000111011011
100101011011,110011101000,110111000011,101110001101,110001100100,111001000010,010111011111,011101100101,001110101110,111100101011,111111111001,000010110110
111010001000,011000111111,1010100100101,10001010001,101011010010,011101001010,111010100010,011010110110,110111001010,011001101110,110010100101,001101011111
111011011000,101011011110,101111101100,110101011000,111001101000,111001000010,001111000100,111110101011,011101101001,010010001101,100000111110,100011110111
1010100011011010011011010,011101000111,010110011001,110010111110,111101110011,100001011010,011001100101,101001111101,101100101011,101101111000,100010110111
010010001111,110011000010,100110100110,010100100010,100100011111,101101010010,101101011001,010010111011,001111011100,100100100100,111010110101,011001011101
100010011111,010100000101,111000001011,101100010011,101010000101,101010100100,101110110101,001011100110,010101110100,010111001000,101100111001,000011100100
1110011010011010101001001,111011000011,011101011010,100000101101,011101001010,001101011101,011010101111,000111101110,010100010101,100111011001,010110100101
001100010101,001011010100,001011010111,100001010001,110100101101,111110010010,000111101110,110010100011,110111011100,110100010110,000101111101,001011001110
111101011110,000010111010,111101001101,010110011000,110000110011,111001001110,101110011001,110100010111,110111101001,011110010011,111011111001,101101110100
111001010010,010001101101,010110000011,111101010011,110010001011,111011001001,111100011010,010010100010,010010001110,111100010101,111100110110,101011000111
011010110111,110011110111,100101110110,011001110000,010110001011,101101010010,010111010101,010010010111,110110101010,010100001010,101011010010,001010111011
001101101100,101011001010,000111101101,100110100101,110100011101,111001011101,000001010110,011101100101,110111010100,101000100110,101011111001,110011010111
0100101111110101111101101,010100011111,100001110001,010101001010,111101110010,010111011010,001100010011,010111101110,111011100110,111011111100,100011011110
1010100011011010011011011,100101000101,110000111001,110100100010,111111010011,011011100110,011001101101,101110101110,011100010101,011110011101,110010001101
110001110010,010101001101,011000011010,010000111111,110110100101,010001110100,001111011010,010010100110,110111011001,010001010100,110111100001,100101100010
011011001101,001100010100,000110011111,101110010011,100001100011,111101010101,000111011010,011101100100,001111011110,110011011011,101000011101,100111001110
010110110010,111111101101,100011101000,010001011010,100101101011,000011011110,011101010101,110000101111,111111100010,110010011010,100111010010,100101111111
1110010000011010001001101,100011001011,110001011101,101100100001,011101001001,001111001111,011001101010,100111011000,110011011001,101011001010,101101001010
101010001101,010011011011,100101000100,010001110011,100010101010,010111010011,111101110110,011001100110,101111101000,011111000111,100011110101,100110110111
110111101010,101011101011,100011110011,111001001010,101010011001,1110101101010000101011110,011010100111,011101101110,011100100110,001011011000,101100110111
011111110000,110000010110,100101011011,100111001001,110101001101,111000101100,000111010010,111100101011,001001011001,010100001001,101011101111,100010100111
010110101110,111000101101,110011101010,010001010010,011010011101,111001001010,001101010101,010010010010,010101111010,100010010101,111011010101,000110110011
111011101000,011001010101,000101011011,010111100101,101110111000,111101000100,101010110111,010000100101,010111111000,111000111011,101111110001,000011000001
010010001111,010011110000,100111000111,001110000000,010101110100,111111001010,101111010110,001011111001,110101011101,101101101111,111101000101,101000100010
101000010111,110011001010,111000001010,010001011111,111010111010,001011001010,011011011010,101101011110,110101011010,010010000101,100111010101,101011010011
010111100000,111000101101,110011011011,110010111010,101000011000,011011010110,101011010110,110001101010,001111001011,101001101000,111011101101,101010111101
011010001111,001011001011,110000010100,011101010011,000010001011,101101010001,101100110101,011001010111,110101101000,010111011011,100010110001,001010101010
011111111011,011000110010,100001001011,101111011100,111001100100,111000110101,000100111101,101011101110,101101100110,111100111011,101101001011,101011000100
001111101000,010100101011,100101000110,010100110011,100110110010,110010100100,101111010110,011011101000,101111001000,011110011100,0001111100001001000100011
110101101011,110101001001,110010001001,111010011101,100101101010,010101001010,011011001011,011010100110,001000111101,010001011001,101011010101,110110110111
110101100011,010111101001,110010001011,111100110101,010101000101,101001010000,101101011011,111100010101,000001100110,011101101010,101011011101,100111011110
011010001111,010011001001,111001000010,011000111100,010010101011,101001110011,110101110110,011000101000,110111111010,111111010000,110011110001,001010111100
010010001000,011000111111,110010101001,010001011011,110001110100,101011001010,101101010110,110010101101,110101001010,010101101110,011011010101,000101010111
000111110011,101100101100,110011011011,101101001010,101010000101,111000110100,001111010110,011010101010,111001001101,111010101011,000101111101,100111110110
110010001110,010011001000,111000000101,000000001011,110101111100,101001101010,101111010101,011011111001,110010011001,011100100011,110011111100,000101010101
110100100011,110101001100,001010001010,011001011111,100101010100,011001000010,001011010010,011101110100,001011011010,010101001010,100111101101,100100111011
111101010011,010000101101,111001011010,011101010011,101110001011,101011010001,101101010101,101011101101,100101111000,010000011011,001111010011,101010100001
100010011011,011100010101,100101101010,000101010010,110110001010,100111010101,101110110111,011010100110,010101001110,110101101001,100100111101,000011100110
111001010110,010000101011,011101011111,100000010011,110111100011,111011010001,101110110110,000001111111,100111110110,011101100111,111111011001,111001001101
100010111111,001011110100,011000010011,100111010011,111010001011,111010101001,101001101011,011010100111,111111011100,111000101011,110100011001,001011010111
010010001011,001111101000,010110001011,101101010111,110001001100,111101010100,001101010110,101111011001,000100001111,111100111111,111100011001,111001001101
0100110111110111111010101,000111000111,011000000011,110101001011,011011010001,101011010111,011100101001,100101101100,111011011011,101001011010,001111001110
111101101001,001011011101,000011100111,111001100100,010110100010,110111010001,100011111001,1110001101110110011101010,111100001011,101110110000,100110110000
011110000000,101000101111,110010000011,110101011101,101001011010,101010010110,111101100101,011001011010,010100101100,101010101011,100100010110,001010110101
011010111100,110000011111,111100001110,011101011000,011111100000,101101110010,101001011001,101101001010,101101101000,011010000101,100111110101,100010111111
1010011110011010001001010,110101011011,100101010001,110010101101,110010000100,101101011110,010010101111,110111001001,111100000010,101110111110,101010100010
111000110010,010001001101,111011010011,111001011101,101010001011,010010110100,110010110101,1100101111110110101100100,110100011011,101011010110,101010100101
011111101000,010100110011,100100000111,111100110011,100001101011,110000100100,100011011110,111011100010,110100011000,110111101101,000111110001,100111001011
111100010011,101011011100,110101001011,101101011101,101010001101,001001001010,010011011100,101010101011,110111011010,010010101010,101101111110,100011111001
111001010110,011000001101,001011001001,111001010001,111001100100,001101010010,011010111010,111000100111,110110000110,110011100110,111111000111,000011101110
110100001000,110100001101,011011000011,101000111101,101001101010,011001000010,101010110101,011010101010,100001001011,010011000101,101001111101,111111000111
001111100001,101111010100,000111010011,110110100100,010010111101,110010010110,000111101110,111010100101,101100011111,111100011011,010010011110,101110110110
111111101000,001001011111,000101010111,100110110101,110010100011,011110010100,000101011111,011000100111,101111101001,010011010011,101010111001,101011000101
000101001110,001111101001,1100011110110011100000101,101001001010,101101010011,011010101010,011001101010,001111010110,111100011101,111100011110,101011000110
011111100011,011100100001,000010010111,110110110011,100001011101,110010001101,100011001110,101001111111,100000011000,111011001011,110111001101,101010001001
101011011001,010000010110,011101011110,000101111011,100110111010,110011000111,101101010110,010010100110,110110001001,010110010101,000101111101,101000101101
111011101000,11010,011101,110010001101,010100110100,100110110010,101011001010,111111010101,011010101001,110111101001,000101101001,010111110001,001010110011
100111011111,100111110000,011111000100,010011100111,010010111011,110001110001,110101101110,001101101111,001101011110,111100011011,111101111000,001010100111
001110010101,010011010110,100101000110,010001110011,010110101010,110010110101,101011111110,011101100110,110110011100,011110001011,101001111110,001010110110
011111101100,010100000111,100101011111,001100111010,101001101001,110010100001,100111000111,010001011011,110110011000,011011100101,110111010110,101101000110
110100100011,110101010101,111010001011,010110110100,101101010101,010101000010,011001010101,011110110101,001010110010,100101100101,110111010101,000110111101
101010001101,010011011000,111001000111,110101110011,110001101010,111110001110,101101111001,011001101111,100110011100,101100011011,101011011001,010001010101
000110011111,010000110001,100011010011,101110100010,110110101010,111010110010,010111101010,011001101111,001001011110,011000111011,001101111110,001010100110
111010001000,011000111111,1001010000101,00001010011,101010111010,101100101010,110110111110,000011100111,111110001100,001010111110,111111000010,001010010101
000110010011,110010001100,100101010111,101110100011,110101100100,111001010111,001111011111,001111101000,100110101100,111100101011,101111011001,000010101110
001100010111,111010000100,000101011011,101011111001,010110000101,111011110001,100110101111,011010101011,100110001100,111100100101,111101001010,101011001010
010010111010,110100101101,111011001011,0011010011110111001111000,100010110110,001110101011,011110100010,101111001001,011101101001,011100101000,100011111111
010010001111,010011000011,110001000111,011000100011,110110101010,111101010010,101001010010,010011110111,110110011110,100111100111,111010111100,000111001110
101010010111,110000001110,110101000111,101111010011,111001100010,111001000010,101011011101,011111101000,110001101100,011100101011,101011011001,001011010111
111001011010,010000011100,111101011101,101101011111,110111001001,111100010110,001111011010,111010100111,010101001110,111100111010,001001001110,100011111111
100101011011,111100001000,010111000010,010101010011,111010010100,011001101001,001011010110,111010100110,001110011010,110000100010,011101101101,100111010111
011010001111,110011001010,110100001100
111100100000,010101101101,110000010010,010101010100,001111011010,010011010110,011101011000,101010101110,110111111001,101100010101,110010100100,101010110101
010110110010,111000101111,000011011011,110101010011,110110000101,111011010101,101001001110,111010101101,110111011010,101000111010,001101110110,101010101111
001100101100,101001001011,000011001111,110101110101,101010100010,111101010110,011100110010,010010011000,001111101111,011010101011,111100011111,111001010000
110100100010,101011101101,111010001010,011101011101,101101000001,101001001010,011110110011,011001010100,000111111001,001011101001,010011110101,100111010111
011111110000,110000010110,100101010111,100011010011,000110010010,110011001101,001111001011,111100011011,101011101000,101100011011,100101011010,100010100111
100101011011,010000011011,100011010011,100100101011,110110101001,111110010001,001111010110,011001101001,101001101110,111100110101,111011111100,100111000111
001101010101,110100001101,111000001010,010101010001,101101101010,101001001010,101111010001,011010101110,100111011010,100110010011,101010110101,000010110011
111101101001,010001001101,000101011110,010100110011,000110101011,010011110001,101111011110,101001011001,101110011100,010000011011,100111011001,101010101111
111001010010,101011101110,111101011100,000101011010,110011001001,111010010101,101110011001,111111101011,101110001001,110011000101,110010111010,101010110101
111010001000,011000011111,001010001001,011101001010,101101010100,011100101011,001110011001,011010010010,100110011101,011001101011,101110010101,001101010101
111010001000,011000111110,111000001011,101101011111,110010010010,011011001010,000101010110,011010100111,000011010011,010101011010,011011100101,101010111001
111001011000,101011101010,110110001101,100001011111,110101100011,011011000110,101111010101,111100010111,101110111111,111100010001,011010011001,001010111101
111001110000,101011101110,010110010101,111111011101,110010010011,111001001100,010011010011,011010100111,100101111010,111010001011,011110111000,001010110101
011010010011,0100101011000111101001111,111101011011,110001100000,011110010110,100101011101,011100101110,110110101100,111110000011,101100011101,110011100101
110111000110,110011101011,111111100000,010100110101,101001101010,111001001010,001011000010,101010110010,111011110010,111001001100,010011100101,101010101001
011011010001,001100110110,000111101101,000101011100,010010111100,010011010101,010111011111,010000000011,010111111111,111010111011,011100011110,10001110110001100011110110010111,00110110011,1100110111,0101000001000101110101010001001110101110011001,01110101001101010011110101010011,10101100010110101,00,010,00,0,1011100,101001101001001,1,11010,01000,01001,1010010101,1111000,111,101000111011011010001110
011110010000,111000001110,1100110010001,00101011011,011101011000,011001010110,001101010101,111100101001,010100110110,111110001011,100000111110,100011000111
110100101011,110101001001,111010001010,010001011100,101101011010,001001001010,001110110001,011010101100,010111011010,010111001010,100111100101,000110111001
110100100110,001110001101,111010101001,010111011101,111001010000,001001010110,010101010011,001010101110,001011111110,001011101010,111011000101,000110101110
010110001110,011000101101,110011101001,010101011010,111101100100,111101000010,101000110101,110001101010,101111001010,100011101001,101101011010,100101010111
010010111111,110111100001,011010000111,011110110011,000011100101,111101110010,101110101010,111010101001,110100001100,110101101011,100100110101,001011001101
011110000000,111000101111,100010001001,110001011101,011101100010,011011010101,111101110110,111000100110,111101010110,101011011000,100111100001,001010110011
001100101110,100110001101,111001001010,000101010101,000010010011,101001010111,110101010101,011101010101,000111111010,011100011010,101010110000,000010111010
101001010111,001000110101,011011000100,010001111011,010110101001,101011100001,001111100010,101011101110,100111001100,010011011010,110100000101,110001001010
011110000000,110000011101,101011001011,011100011100,000001111100,011011010111,010101110100,001011101110,101101101000,101010010100,101011010010,101010110011
101000010111,110000011101,011011010011,011001001011,101110011011,101101010010,100011010110,101011110110,111111111010,111000011011,111111110000,000010111101
111001110000,010101001101,111010011011,110000011101,100011100101,011010000100,101011011001,101010101111,100101101001,110010001000,100111110000,100011101001
000111011011,101100110010,100111010100,100101100010,110010001011,110010010101,101011111111,011101101011,110101001100,111100011000,101001111110,100010101110
100100111000,110011001101,010100110111,110101011001,110110001010,101100110010,111110101010,111100101010,110111001001,111111101010,111110110001,100000110100
1100110111000111100101011,111110100001,101101011110,111101100100,101010110110,101100111010,111010011010,010101101001,000011110110,011000111101,001101100001
101101010010,101000101101,110010010011,101001011101,101010011010,101010110100,011011010110,111011001010,010101011001,010010101101,011010110101,101011010111
111111111000,001011111111,111001111101,001001011100,010101001101,011010110101,100011110110,111110100011,111111010101,010010011010,001010110110,101111110100
010010111111,110111100001,110110010111,101110110010,110000001011,111001010100,010111011111,011010010010,000111100000,111100101011,111101111001,001010110101
110010101000,001010111110,111011000101,110001011011,110010101010,101011010110,101001100110,011110101111,010101101101,101011110010,111011011100,000100110110
111101100001,101011110011,000011101101,101010101100,100110101101,110011110101,100100111111,001011011110,001111010110,110100111011,111111010010,101010001010
0100100111110010000110001,110011000111,101000111001,100101000101,111001001010,101011010011,011010101101,100100101010,110100101011,101101010110,000011000100
111011001110,010000110101,011011010101,101110011011,010010101011,111110010001,110100111011,011000101010,001011101110,111100001111,110101011000,101010101010
011011101100,101111010000,110111000100,001001011111,010001100011,111010010100,000111011110,010100101011,000101101000,110100001011,110101011110,001011110110
110100100011,010111101101,100010101011,011001011101,101001001011,101001010011,011110011011,011100101101,000011111000,110001100010,100111010001,000110111111
111010001000,011000101101,111010011001,101100111101,101001100010,011011000100,111110100111,011000101010,001101110101,110011010100,101011000001,111010101101
001100101100,101001001001,000010111011,101010101101,110110000101,111101010111,011111010010,011010100100,110111100011,011100101011,110100011001,101010100110
010110101110,011101110010,000011011110,010110110011,100001110101,011111010010,000111110100,011000100011,101011011010,110011101010,110101111100,001101000111
000110011110,001100110010,000100010111,110101100001,010110111010,111010000010,100001010110,001101011111,110101011101,110100101011,101100011001,111010101101
111100010010,101011101110,111001000011,101101011101,111010010010,101101001010,001011010010,110110101011,010101001011,011010101001,011011111101,001010110101
010010001111,111010101001,100011001011,010101011011,111001100100,010001110110,101111111010,111000100001,000111111001,001101100100,111011110001,110101000011
010110101110,101010101111,100011111001,101001011010,111001100101,101010110110,001001101001,101001110111,010110111110,111111001010,100011010100,100100100110
100100111010,001010101010,010101010111,110101010011,110101100101,111010010010,101111000011,011001101010,110111011101,1111001010110110100011001,100110101110
1011111010011111100000101,110011010111,110110100001,100100111101,111100000100,010011010011,011001101110,001110111100,110010001011,100101111010,001101101101
110100101011,110100001101,111000001010,011001010110,010110011010,001001001010,011010110101,011010100101,001011011001,001001000010,111011100001,000110110111
011010001111,010011001011,100101010110,010101111000,100110101010,101111001001,110101110110,011001011110,101100101000,101111011011,110110010001,000100100101
110100100000,101011010101,110010101011,011101011101,010101011001,001001001010,100010110011,0110101011100010101111001,001010100101,101011010001,101110110111
011010110010,101011111110,111100001001,101101001000,101100011101,111011011110,000101000110,010110010011,001010111001,001010101001,100100100111,101011111101
001101010011,101000101101,000011110101,110101000001,100101101100,011011010001,010111010110,010000100110,101110010100,111100010111,100101011110,111010100111
111001010110,101100101011,100110011100,011101010011,000101100000,001101011110,100011011010,001110010110,001111100010,000100000100,111011110001,000110101001
100100111010,110011001001,010011010110,010001010101,101010001010,101110010010,011001111111,010100100110,101010011100,111101001011,110110100100,000011010111
011011001101,001100010100,011111001101,100110110011,100001010011,010111111001,000100010110,011001101010,100111010100,110011101010,111101011101,101010100110
111011001000,101100011111,001101011111,100001111011,110010101010,111110010101,101100111011,011000100111,110111101100,010100011010,101110001101,001010100001
101010110111,110011010110,000101010111,101011100001,110010001101,111011101101,101111010111,011010101001,101010101100,110100100111,100011010011,011010100110
111000110010,101011011110,001111010101,111001011011,110010000001,111110001101,001101101010,011101101110,101100010101,110100010111,101101011110,100011110101
110101100011,100110001101,110110001101,101010011010,101101100101,010101010100,101111011010,110101011010,001001110111,011101101010,111011010101,110110111011
010111100000,111000111101,100011101011,110000110010,110101011001,101100101101,000110001011,010001100111,010111011010,111010001010,011010010010,001101011101
011010001111,010000010110,100101011011,101110101011,110101101010,011001010110,101110010110,111001110111,001001011100,110111001000,101011111111,000010101110
000001111010,101000101010,010110011010,101001010111,010101000101,110010010100,000101011011,011101101010,110111011010,111010011011,110100001100,101011001101
001100101100,101001001010,000111010101,100110110101,010110011010,110010010110,000110100101,011011100110,110100101100,011010010100,111110110110,111001000111
001111010101,110010000101,110100111111,010111011000,010010011010,110001001010,111011000101,010010111010,110101011001,011010100100,101011010010,110010101011
010110101011,011100001101,110011001010,010001010011,101100110101,011011010100,101110110101,010000110011,010111101010,011010001011,110111011100,000110100111101010011001101110101010100,1000,0101001101,11000000000011010100,1111110101011101,00011100,01011010001100110010110101010,001101000010101101,010,0110,00,1,011101110,1001100110001,0,01010,10001,01100,1011010001,111101010011100001110111,1,0110011,0
111010001000,001000101111,011011101011,111000111011,010011101010,101101010101,000100110111,001001011001,100011100101,011110011001,101011010101,101010100111
101010001101,001000011011,111011001011,011000011101,111000111110,001101001011,111100110010,011000010110,011101011111,001101001100,111010000110,101010110010
111001101110,101011101001,111010110001,011110011101,110001100011,111101010110,110100101011,0111100110000001111111101,001100100111,110011010101,101011101111
010110101110,011101001011,100011001011,110000000101,110101100101,111011010010,000011010110,011000110110,101110111010,010001010101,110111110101,001101010100
100010001111,010011000100,111000000100,010101110010,110100111010,111001001010,101101110010,101010011110,101011011101,111111011010,110000100101,101001010001
000110010111,100111100000,001110010001,111101011011,010010000110,110110111010,000001100111,011010001101,101011100101,001100101010,111101011010,111011010110
001100101100,001010101010,110101001011,110101111001,101001010001,111000000110,100111010111,011001001000,010101110100,011010101001,111011011110,101010100101
010010111111,110111100101,010001010010,111001110011,100010000101,011110110010,110011011110,001100110111,101111011010,110111011011,101100010100,001011011010
111011100110,011101000001,111011010101,101110110001,000101100101,111101010010,001010110101,011000101011,100110101100,110011100111,110011011001,101111001110
011111000000,110000001111,100011001011,011100011011,110101101010,011000110100,011111100101,011001101010,110100011000,111100101101,001011110110,001011000011
111001010110,001010111010,100111101101,101111100010,110001100000,111101000111,001111011011,010000011011,001111110000,011100111011,111000001001,000111110000
100011011111,010011100010,010101001011,111110100010,110001100101,111001110001,010011010010,011010100101,100111010100,010010101011,101101101110,101011001010101010011111101100101001000,0010,0101001111,10001100101111010101,1111010100110101,10000100,01101111011110010011100101010001,111000010101101,1,110110,10,0,01010111111001111000000,1,10100,01001,01010,1011000000,11110001001,101000110110,1,01,101,10
010110100011,111100101101,110010001010,010001010100,011101010101,011011001010,001001010101,010010110101,010011011010,010010011001,100111110101,000110111111
011010111110,101011011110,000011001111,111001011001,110010100001,111001110010,000101111110,110010100101,110100111001,110010010011,000100011110,010011101101
111010001100,000011101111,111001001101,011001011101,110010100010,000111101010,111100011011,010010100111,111101101000,000111011000,111011100101,101001011101
011010110011,110011110100,111101011110,010110111000,010110001010,111001001110,101111010101,011010100111,101011010000,110110011001,101011001011,001010110101
010010111100,110111001011,011011001011,101000011110,001110001011,101110010110,101100111010,001100001110,101110111000,000111011000,101101101110,000011110110
010010111111,110111100001,010111010111,110110110100,100001101010,111001010101,010101100011,001010101111,101010101101,011011001001,101101110000,001010110111
1011100011011010010011010,101101000111,011110011100,011011101010,111110101000,011101111101,011001100001,101111100100,011110111001,101011111011,000011010110
0011010000011101100001101,110101000011,110101010011,110001101000,111101000000,011001110110,111001100101,001111011110,111101111010,101100011101,111010100110
110100100011,101011101011,1110101000110011101011010,110010011010,101001001010,101101010010,111100100110,011011011010,101110101101,100010110001,100101011101
111011011010,101010101111,001101110100,111101010011,100011001011,101101011001,100110101111,010010101101,100111101100,010100001011,101010111010,111010101101
000010111100,110100101001,110101001010,011000011011,110111100100,101011010110,011001011101,011000010101,001111101110,101100011010,011011110100,100101101000,0101011010111010101,000100,1110,0101001011,110010001000,0010010,1110101001011101110000,11,00010000101011011010110101010,011101000101011101,1,010110,00,0,11011101111001110001001,1,01110,11101,01010,100101100,11101000,001,101100011110,1,1101010,1
111101111000,101001001100,011001001011,101010011111,101010100101,101010110101,010111010101,011010011010,110111101001,111010100011,010100001110,101011110101
111001110000,101001011110,001110010101,111001011111,100011010010,110010010101,001111011011,011010100110,101101101001,110100100101,010110011001,001010110011
111101101000,010101001101,010101011000,010100110101,101110100011,101110110001,001000111010,011010101010,100110101000,110011010110,010111011101,101010101100
100100110011,110000001101,011011010011,101001011011,110110001010,101010110010,011011010111,001101101011,100111111110,111100011011,111110011000,101001010101
100100111010,110000101010,000111001010,010001011011,110010001010,111011010110,001011001111,001100101111,101100100010,111100101011,101101011000,100010111011
101001110111,100011110100,011110011101,111011111100,100001000101,110111110110,010100101011,011010010111,111011101111,111100100101,010100111001,101000100111
100100111010,001001001010,000111010111,110101000101,101010000100,101110010101,001011010111,011011101010,101111011100,1110101010111010111011000,000010100001
101010001101,001011001011,100001000111,110001110010,010100101110,101111000010,011011110110,001001101001,111111110000,111100011100,101111110101,111000010111
110111100011,110100000011,011111011110,010110010011,100110011011,001101101001,001101010111,011010100011,001100101110,011101101100,011011111100,001010101001
010010101110,110100101011,110010100001,011100011010,011011010101,101001101010,101101010001,101000100010,110001111010,011001101010,110110110101,011010100011
111001010110,101011101011,111011001111,0001010111010111111100000,101101010010,110111011011,0101001010100011110101110,111100111001,101100111000,110011110111
100010111111,110100001010,011111000010,010110101111,110010011010,101110110110,010101101010,001111010110,010100101110,111110001010,000110111100,010010110011
111010001110,110100001100,110101001101,010111010011,100110110010,011101001010,001111010011,011100101011,001111011110,101100101011,111011111110,000100111001
001100010101,100101001100,001100011111,110011011011,110010001010,101010110010,011001010110,011110100110,101011001101,111100011011,001100110110,101010111101
011010001001,101011011000,100111001111,100101010100,111000010010,111101001000,001101010110,111010101101,011101011110,010100111010,110011110110,001011010101
011010110111,110000011111,000101010111,111101110000,010110101100,111001010010,101111010110,011110101110,100101101000,100010001010,100101111110,000011110010
000010111100,110100101010,110101001001,010011111011,010011110100,111001010110,101101010010,011110101010,000101011101,100100100101,011101111110,100011101011
110100100011,110101101001,111100001011,000101111100,101101010101,001101001100,011110110010,101101010101,001011001010,101101011110,110011100101,000100110101
111001110000,101011011110,001111110100,101001011000,101010000101,001110010101,101011010110,011010101011,101101101001,010100001011,010101011110,100110111101
111001110110,001101011011,111010011001,110111011001,110001100001,101010010110,101111011010,011000011011,001011111010,111000001010,111011110001,010011101110
111011011110,101011011011,111111011100,000101010011,000010001001,111010001011,100111110110,100100101011,110110001010,110110001101,110000111000,101011111001
011111110000,011010010110,100101110011,000101010010,010110011010,110000110100,001111010110,110010100110,010101111001,011011111001,001001010110,101010110101
100001011111,110100001010,000111001011,000011100111,110100011100,111001110000,001111010010,110110100110,001010110110,011100111001,001001111110,100011011011
101011011101,100011010101,111011010101,011101011000,100101101100,010110001011,001111010101,011100011011,001111011100,110100011011,010101011001,000010110011
101010001111,010010011000,111101000111,011100111100,111001101110,001100101011,100011011101,011110101000,100111111000,110110011010,100111111001,000010110101
000111010111,110010001101,111001011110,010101011001,110110001010,100110001010,101011110110,011010101101,011100101010,010100101100,100011111001,100010111011
100100111010,000101001011,010101001011,111101011001,101110000101,011101010010,100010110010,010101110110,101111011100,111010011001,101101111000,111001010100
101010010011,111000001100,1111100000101,00101110101,111000011110,101001001010,010001110110,111110100101,001001011010,010010100100,100101110101,001011010111
111001010110,101011010110,001111011101,110101011101,000111100000,011111110001,100010001100,011100100111,101111101101,010110101010,111100111001,100010110111
010111100000,101101101011,100011001101,110100111100,100100100101,111001000101,000111010101,000011101010,101100101001,110010001011,100101010010,111101000111
111001101001,010000001101,111010010001,011101011110,001101010101,101011010100,011010001010,110110100110,001011100000,101001101010,111011110101,001001110111
111110001011,101011100111,001001000110,111100101001,010110101011,111101100001,110110110111,001000111111,100110011100,110010101001,101100010010,101011000111
110010001110,010100001101,110111101100,010100010011,101001111100,101101010110,011110110001,001010010100,100111110100,100011011011,111011010101,00010101101011100111000011111010,000100,1000,1111001111,101010101001,1110100,0111011001101101,10001011,01001100,11111010011010010010,01,101101010001010,1,100010,10,0,1101010,111001110101001,1,10111,11000,11000,1111110000,111,000,101,10100000011101,11,10100,
010111100000,111000101101,110010101010,010001011010,101100011010,001011000110,011011010101,010000100110,011011111010,010010011011,110010010001,001010110101
110101111010,001011010110,010110101011,100111011010,101010011010,010101010101,000101110110,111100010101,010010111010,110010100011,111000011001,100011001011
000110001100,001100110110,110001000101,100101011011,101001011001,010010010010,011111010110,111100101010,110111101010,110100101011,111000001110,100111110001
110101101011,010101001001,101011000001,110100010010,010010111010,101001010010,101111010010,111101101001,000111111010,011101101110,111001111101,100111001110
011010001111,110011001010,111001000101,000010111111,100010010110,111001001110,001011010110,111101011001,110101111010,011000101001,101011111101,001010110111
100010101111,110011001010,110110000100,010101100111,100100010101,011101001110,011101001001,011011101010,101110110000,0110010010101011011010101,000101010011
011111110000,111001100010,000011100011,110101001010,001010101100,111010110101,000101010110,110110100111,101011011100,010010011010,010101010110,101010110101
110100100010,001011101011,011010101011,110101011010,101011010101,101011001010,010101001001,010010110101,110100101010,101010110101,110100010010,101101000011
111001010010,010000011101,111011000011,101001011111,110011101010,101001010101,010010111111,011000100010,110110100000,011010100101,111010101110,110010100111
1010100011011010000011011,100101001011,111100011011,110010000010,011011001011,111101110111,011011101011,100101000100,101100101011,101011010110,000110100110
1100110111110001111110011,110110001100,010001111110,000111101010,011011010101,101101011100,110010101000,010110101110,110010001100,100011010101,101010110011
100100111010,110010001010,010100100111,101010100101,100101101101,110001101100,101111010110,100110110110,110011001010,110000101010,101110111001,100011110011
111001011010,101100101010,010111110101,100111011001,110001100001,111110011000,000111011111,011001011001,110111111100,011100101010,101101011101,101010110111
111001010010,101011001111,110110010011,1111010110010101101100000,101100010110,101110100011,100110010110,110110111000,111011001001,100110010001,100011101111
010110101110,011101101001,110010001000,000001010111,101101101001,101011001110,000101011111,011000110101,110110101010,010011101010,110111010101,000101010101
100100111010,110000101010,010100011000,010001011011,100110001010,111011001110,011001010111,001011011110,101101011101,111100001011,011110110101,101001011011
011011010100,110100101111,110101001101,001001010000,111101101010,101101000010,110111010110,111010011000,010100111011,001100101100,001011110110,101011110111
111011011000,101011111011,111101001101,100101011101,100010101000,110001110011,110000011111,100011111010,100111101000,011110101100,111001000011,001011110011
110100100011,101001101101,111010101100,010101010101,110001010010,000101001010,001011010001,011010100110,010101111010,000101101010,100111110101,100111011111
010010111111,101011101101,010100011111,111001110001,100001100101,101101010100,101001011011,011110001010,110100111100,110010100011,101100111001,000111110110
1010100011011001011011000,111001001100,010101000111,101100011011,111101000110,101101010001,011000011001,110111111001,100010010011,110011011001,000110110111
111011011000,101011010100,111110011011,101101010011,110001100100,001010010110,001111011011,100110100011,100101101110,110100011001,110100101110,101101111101
000111101101,100011000100,000111110111,100110101000,110110101011,111000110010,101101101011,011010101010,111111100100,111100101011,011101111000,001001010110
011101100001,010101001001,000101011111,110100110000,100010101011,111111000001,100111010101,010001100110,100111011110,010100101001,100101001010,001010100111
111111101000,010101001111,110100000001,101100111001,100010101011,111010101000,111101011110,111010101010,101001011000,010011001101,000110100100,101011011011
010111100010,111000001100,000011111011,110100100101,101001100110,011011001100,001111010110,111101100010,110100001010,010010101010,110101011110,101011010011
101010001101,010010001101,110101001010,011100100111,010110100011,001001001010,111111110001,011010101001,100101111000,010110010101,101011110101,000110101101
011010110000,000011111110,111010001101,100111010011,110001001010,101010110101,110111000110,011100101011,010111101001,111010100001,100100111101,001011110011
001101110001,110111001011,000101010111,110101101001,010110001001,111110010010,100101011110,011010101010,101110101110,1111000110110100110011010,001010101110
010010111111,011111100000,010111010101,101110110000,110001100101,110001110010,000101011110,111100100101,110111011010,110010101011,110100011000,100110100110
100011011111,011100010100,000111010101,110110000011,110100101001,001111110001,010101111110,011101011001,110100001100,111000011110,000111011010,101101000010
011011001101,010000010101,000101001110,011100100011,100110101011,111111000001,101110100010,011010101110,100111011000,110000000011,111101111101,10101010111111101001100001011010,000100,0001,0111101111,100010001010,1010101,1110,10110111101,10100,10,11011101010011101011010101010001,101001011001101,1,0,0010,10,0,0101111,111000101100001,1,01110,10000,00100,1011011000,0111100,0011101000111110,1,01,011,01
111010000111,101011011101,000101111111,010001111000,110110011001,101011001001,101100111010,111010100110,110110101010,100101011011,101111000010,101101010101
101010001101,010010011011,001100011011,111000110011,110011101010,111100101011,101001011010,010101011110,101111011001,010110010101,110111111101,101000101110
101010001100,001011011011,1001000010101001101111101,010010011010,111101001010,111001110101,010010101101,101101111000,011010000101,110011000101,000010110111
111010001000,011000111111,100010010011,110001010101,101010101010,101100110101,101100110011,011000110100,110110101010,110101000101,011111110001,000010111101
111100110011,101011101100,011010010101,011111011010,110011011101,111011001100,000111000110,011111010110,101010111010,111000101010,000100111010,101011111011
010111101110,011000001101,110011001001,111100010010,111001001001,011001010110,011111011000,111000010101,010111100111,111111000010,110010011110,100110101100
001101101001,010001001011,000011010110,010100110101,000110101010,111111010101,000111110010,011001011001,100101101010,111010001011,101110011100,111000010111
011010010111,110011101111,100100011100,100101000101,011010001010,011011001010,101111110101,011110011000,110101111000,110110010100,101011000101,001010111001
101010001101,001010011011,1100100011001010101110011,101101100010,000101000101,111111100110,111001101110,010111111000,000100101010,110011010101,101101010010
101010001101,010011011011,100101000111,010101010011,010110101010,110111001011,111110111101,011001101001,110101110100,111100001001,111111010110,001011010001
0011011000011101011001011,100001101111,100001011010,110110011001,110110010101,000111011110,0111010010010111110011110,101100011101,011011011001,101010000111
001111100001,111100010011,100001000001,111010101011,110010100101,101110110101,001101010010,011010101111,101000011010,011010001011,100111100101,111010100110
1100110111010010110000111,111001001101,100000011011,110111100010,111001001010,110000110110,011000101111,010111000110,010110011100,101001011000,111010100011
111001110000,101001101100,011110011101,100111010011,000110010010,110101100110,001111011101,100010010111,110111101101,110100100011,110110010001,100011111101
110101000011,110100001101,011010001010,010100111111,010111010010,001101101000,000101010011,000101110110,110011011010,100101000100,000111100101,100110110001
110100100010,101011101111,110010101001,011101010101,010101010101,101001000100,101010010011,011010101110,010111011001,010101011011,111010110101,000100111101
010110101010,110100101101,110001000011,110001010101,101010101010,011101001010,000011010101,010010111110,010101011001,010110001010,101111010110,000110110101
000010111100,000111110110,110101001101,010101110001,110010000101,111000110010,100001101110,110110010011,110101001000,011010011001,001101111000,0000101111101010000110001101101010101011011010101010111,10001000101011011010,10101,1101111101,10100,00111010101001110010011011011010001,110110010101111,110,0110,10,1,0101010,0,1001110001101,1,10100,10001,10010,1011110000,1101000,001,10110011010101,1101010,1
0001100111100110100101010,011100100101,100101010001,110111101100,101010110010,101111011010,111100100101,110011001010,011100101011,101110111101,111010110111
011010001111,010000000101,110101010111,010011111000,010110101000,111111010000,101101110110,111100111110,110100001100,111000011011,101011110111,100010100110
110100100010,101010000111,011011101001,111111010100,101010010101,101101001010,001010110001,010010100010,100101001010,111010101001,101101110110,001011010101
011010001111,010011001011,000101011000,001101011011,110010000011,001011010011,111011110110,010000110111,111110101010,111111000111,111000111001,101100100110
111001010010,101010101111,100001010101,1001010110110100110011001,111101010101,101110100100,110110101010,010110001110,110100010101,011011110110,111010101101
001101011001,101000101100,110011010001,100101010101,111001011100,110000001101,000011001111,011011100110,010101110101,100100010111,010101011110,101011110110
1100111111100011111111111,011011111100,001100011001,100101101011,101001101010,010011011010,111000101011,100101011010,110010000110,100111100110,101011110001
111010001000,011000111111,001011011010,000101011011,100110011011,101101001010,101010110110,010011101010,101110101010,010001000100,000110110101,101010101011
001111100001,110011010100,000101111111,110010101000,110101101101,110011010110,000111011110,011110101001,101101001010,111011011010,010101011001,101100110111
011110001111,110010000101,111000001110,011001110011,110001011010,011101001010,101101010000,101010111001,010101011001,010110011101,101011100101,101010101111
010010111111,110100001101,011011001110,101100011011,100110001011,010001110010,101011001010,010100100000,111101111110,110000010100,100111111101,00001111110010101011010110111010,100100,1000,1101101110,10010100000110010100,11110
000010110011,110100010101,111011000111,010001010011,010101111001,111100110000,001111010010,011010101001,010111111110,101100011011,010001111101,000011011111
000111001101,000011000101,101001110101,011100101000,110000101101,111000001010,101011010010,011010101010,110110101010,111111010111,110011000000,011001010010
111010101000,011001011011,000101010111,100001101000,110001101101,111111000101,011110110001,0100011111100101111010100,010011001011,100111010110,101101001110
111001101001,101010011101,111001110101,011101011100,100110101001,100101001001,101011011010,111010100111,011100101001,0011111110101000011110100,101001010010
100100111010,010011001101,010101010110,010101010011,101010001000,010011010101,111111010001,011011101110,100111001100,110100010011,110111010010,110111011110
1010100010011101011111000,111001001100,000001011111,111100011010,011011000110,100110111010,110100010101,111110011010,011101010010,100111110001,111010110101
011011001101,100001001100,010111011100,010111011111,100110000010,110110001110,110101011001,011110101001,110100101101,111000011011,011110011000,100011010111
111010010000,011000101111,100011110001,110101011010,011010101100,100110010110,101000110110,110110010010,110001101001,010010011001,101011110110,101011100011
110011001111,101100010100,011001010101,111010001001,110111100100,101100110010,001111011011,001111110001,101011111100,110000100001,111101010001,000111101100
000010111100,110100110110,100101001101,010101010011,111110001001,011010010010,101111010010,101010111011,110101011001,010110111011,101101111000,101001100111
011110001000,110000001111,100011001111,011001001011,100001100010,111111010110,110011111111,011000111111,001001100100,111100011011,111110010001,000000100111
011111110000,011000110010,0001110111001,10100010011,000010101011,111010010101,011111110101,110001100011,101110001100,111010011100,100101111110,101000000111
000010111100,011100101001,111011001101,010101011011,110001011001,011010010110,001111011000,111110101010,001011111001,010000101010,011001111001,101011101110
000110010111,110010110100,100101010111,101101011010,110110001010,110010110110,110011101111,011010101011,110111101100,111100110100,011101011010,001011010111
010110001110,001111101001,111000110010,011100011101,101000000101,101001000010,101011010000,010100101110,010110111010,010111011010,110100110101,100111011000
000111010111,110011100010,000111010101,111110101000,110101001101,110111001010,010101011111,001101101011,001111011110,111100001011,101111011110,101010101010
000010111011,010100010101,100101010010,010001111011,000101001000,101011010101,001011011110,010001101101,101111001100,111101001010,110101111101,101011001100
100100110011,010011001011,000111000111,110100011011,110110101001,001110110011,101101011110,111001101001,011110011110,011000110111,111111110101,101100000010
100100011011,111010101010,010011001011,100110010111,110101100100,011000110101,001011010101,010011100111,101100011010,110100101011,001111011001,101010101011
110011001111,010000010101,110111001001,010110010011,001000111000,111101001010,101100110010,111010101010,100101011010,100011111010,011001010001,100110101001
111001110000,101011011100,110100010101,111001011001,010101100001,011101011101,100011010011,0101000100100101110100100,010011100010,110111010110,100000111110
011010001111,010011001011,000101010100,011101011011,000100101100,110011110001,101011111110,101000101101,101111101100,111100000110,101110011100,111010101100
011111100100,110000001111,000101010111,011000111011,110110101000,111110010110,110011010110,011000100110,110111101110,111000010110,101110010110,101100110101
000110010111,111101000001,000101010110,010101110001,001010000101,111110010010,101011000110,011011100110,100111011100,010100011101,100101011101,101011010110
101111100001,110011010101,100101011110,011000111001,000010100010,111110101010,011011010110,011011101001,101111011000,011010110111,010111010001,101000101111
101010000111,001011001011,100000001000,010101110101,101010011010,101101010101,111100110010,011010101000,010110110000,110010000010,111011110101,001010111011
110101100011,110101000101,100010011101,101010111011,110101100101,110011010100,001110110111,001001110111,001011011110,101101100011,111011111101,100101001010
0100101111100001110110010,011101011101,011101010011,110001100101,110001000101,101011011110,110010010110,110100010101,100010011001,101100011001,101011100100
010010111111,111111100001,110110010110,000101010001,100101001011,110110010101,010101011110,0101001001010110111100110,101101010101,100011010101,101010100101
011111100000,110000011111,100001010110,010101011001,101001010001,010011001111,100011011101,011001011010,101011101000,110100001011,100011010100,000111010011
110101101011,110101010101,100110001011,111010100101,010101101010,110101001000,010110101011,011010110001,000111101010,110101100101,101111110001,100110101111
000111111100,010100010110,100101001111,101100010001,110101100101,111001010010,100111010111,111000101011,100110001101,110010101000,111100011101,100011001101
000010111100,010011110001,100011010111,011001111011,110000001000,111110010101,000111101110,011011011010,110001101100,011111101011,011101110001,001001010000
101001110111,001101001010,000111010101,000110110001,110001111101,010010011000,000011010110,010110100111,101011011001,011000001011,100101001111,000010101010
000010111100,110100101001,111011001001,011100010011,110111100101,101100101010,001110011010,011110101010,001001101110,1000001011001011001111000,0000101110111010100101001111101010101001001010100101111,01001000101010010100,1111010100110001110001,00101011101,01111010011110101100,011101011011101101,1,010110,10,0,10110010111011101100001,0,01010,10000,01010,1011010001,01010011001110110110011101,01,1011,1
000110010111,011111000010,0000000111101,10100110011,100010001011,111110010011,101111010110,011010101010,001110001100,110010001111,110100111101,101001101111
001100101101,110111001010,000101011111,101011100111,010110001010,111010010110,111011011101,01110101101110011001111010111001111010,101110111001,101010111101
111000100000,011001101101,110001101010,000101011010,101100011011,101011001010,010110110111,010000101101,010000111000,010011101010,101010000110,101010110011
000111101001,010111010000,100111010101,100110100011,110110101010,111110010100,100111011101,011001111001,101101101100,101111101011,001100001000,001011010111
100111010011,110100001100,011111011011,101010001111,110001100100,111011011100,001111001111,010001011001,101011011010,011100101111,111110010101,001010100011
100101011010,110100100010,010011011010,001000111011,110101100101,101001010010,001111010010,011010100010,100110101010,010010010100,010101110001,101101100101
100011111100,010100111001,110111000101,110100111011,010011001001,111000101010,101110111110,111011101100,000111011100,011100010111,100001111001,100011100110
0110110101000111000111111,100001011101,000101011011,010110100000,111010010110,101101000110,011100101111,011011001110,010100111100,111011011001,110011111011
111111001000,010000111111,100001001110,010100111001,110110111010,101011001011,101100110101,010010101000,100010001000,010010001101,101011110101,001110100011
111111101000,010001101111,100010010110,010000111011,000110111010,101110100100,011111010101,011011101000,100111101000,010010000001,100110110001,001101010001
011101110000,101011010110,000111010011,101011011011,100010100011,110010110101,000101001110,111110010011,110101011001,110010101001,010100010110,10101100011001101001110101010101,00110010010,1101010110,110101010000,101001101011010010110010,10101011,11010101011101010011000101010001,110000011101000,1,110010,00,0,01011110101011011001101,0,10101,00001101001,1110110000,0111000,001,10000011111101,11010100,
011111101001,001111010000,100111011111,100110001010,110000111001,110010010110,010111001011,011101101001,1111111011000111100101011,111101011000,001101000110
111010101000,110001011110,111011101011,000001011010,001010101100,101011101110,000101010101,010010101110,101101101101,110100101011,101010011010,010101011101
0100101111100110111101001,111011001111,100101011011,100000001101,011101011011,001011010110,011000100111,001101111101,010100111111,110011111101,111011110010
111000110110,001001101011,111010001001,1111110111010100001100011,101000110110,110110101010,011000011010,010111110110,100011101000,010011010101,000011110101
111001010010,101011010110,111010000011,111001001011,110001100100,011001000100,001101010110,111110100111,010100011100,010011001010,100100110111,000010111010
111010001111,010000011010,101110000111,011111011110,110001101010,001001001011,011011011010,010010101111,111101101001,111100011010,101011010101,100101000111
110100100010,001011101010,101011101011,011001011001,010100010010,001010101010,001111010011,010100100101,010011111110,011101100101,110011001110,100110100111
111010110000,011001111100,100110010011,111001010111,111011001101,111010001100,001111001011,111110010011,010100101101,110100100111,101100011110,101111001111
000010111100,110100010110,110100011001,011100010001,010101100100,110011100110,001111011001,010010101011,001101001010,110110101011,100100111110,100001100111
011011001101,001000110101,110101010011,011101010010,100001101000,110001010101,101011111110,111001101000,000110001111,110100111001,110101110110,111010100000
010010111111,110111100001,100110010110,001101010010,101010101011,101100111010,010101011110,111010011001,111101101001,010100101101,011011110100,000011010111
011010001111,110011001010,111001000111,011110100011,110100010010,110101111000,100110111010,011001100110,111010011101,010111100010,101111111110,101010110001
010111100000,001111101001,100011110101,100001001101,011001100001,1010100101010101101011111,111001101010,011111011100,1111111010110110011011110,001010100110
000110010011,010011110000,100111010100,010001111001,110000111001,110010010011,001011100110,011101100001,111111101011,111100010101,111001101101,111000001111
010110101110,110100100011,100011101011,101010101010,111001100101,101011010010,011101001010,011010101100,001101001111,010101111011,101011011101,001010100111
111010001000,001011111111,100011110011,100101011010,101010101010,010110110101,111100111011,011001100110,100010000110,111110101010,110110010110,100011000111
111001010110,010000101010,100101110101,000111111110,110011110000,101010000110,011111001110,010011111001,111001101101,011000101110,010000111001,100111110110
1110001010001101011101011,001010001001,101111010101,010110010101,011101100101,101010110110,111010010100,110101111100,001001100110,101011110101,101011010011
000101110011,101011101000,0101111101110000111001100,111001100110,110001010101,001011001111,011101100101,111111101110,011100101011,111100011110,111001011100
000010111100,110100100010,110011001101,010011011011,110101110101,110010000100,100111011110,110110101011,001011011101,101001101010,000010011000,101001011111
111001011010,010000111011,101101001010,011101111101,100001101011,001100110001,001110111101,011010101110,100110101100,011010001001,101111110001,000011100011
111101010010,101010011100,110101011011,100101011101,011010100000,101001010110,001011111011,011111100101,011001101111,101100100011,101001111111,100011110110
111001010110,110100101100,000111101001,111110011010,110001000101,101011101010,001111101101,111111010101,101010101101,111000011011,011111011010,101101110010
001010001101,101011010100,1110100001001010101011101,011010011010,110000001010,100011110110,111110100000,001101011001,000111100001,111110001101,101011011011
000111110001,011100010100,1101010011101,00001010011,000110100011,101010110101,101011010101,001001101111,100111101110,110011011011,100101011001,000011101110
011010001111,010010001101,111001000011,011000111000,111001101011,000111001010,011001010110,101100111100,111110111111,111011011011,010110000000,100010111111
111101001000,010001101011,100001010011,101001110101,100110100010,010011001001,101110110010,111001101010,101111011001,110011011001,111111100001,101010101010
111011001001,010000001101,111011010110,010000111111,100011011010,010011001000,101111011110,111000101011,101110001010,011111011110,110000111101,101010100111
100100110010,001001001101,001011010111,110101010011,101010001001,111110010010,101011101010,1110001011110110101010000,111100011011,111101011001,101010100110
111101111000,001010011011,110010001101,100110111101,101010101010,101101000101,110111100111,0100110011100100111101100,001010101000,011011110101,000010110110
100110011011,010011110010,100110000111,101110100101,100001101101,101111010110,000111100111,011010111101,101111111100,111000101011,011100111001,001110110100
111011011000,101011011100,110101010110,111101011011,100000101010,111110000110,000111000111,011001101010,001111011110,111011111010,110100111000,100011110001
001111000101,010011110010,100001010101,110110100000,110100111100,110111001001,010111010110,011010100101,101110011100,110100001111,000101111001,101100100111
111011010110,010000111111,111100001001,110001011101,101110100010,101001110010,111100110011,010011001010,110111101100,011100101100,001011110110,001010111101
000010111100,010100110001,111011001101,010100010011,110110001010,111001010010,011011110011,011010100110,001101101100,111010110001,011101111100,010001010010
110100000011,110111101001,011000111010,010000101101,010100010100,101000101011,101110110001,001001010111,101110101000,101101000111,111011010001,101000111101
110100100110,001101001001,111010000101,011101011101,101001100001,111001000010,011011011010,011001101100,000111111011,101011100110,111010010101,100111001110
011010111111,010011010100,110001010111,101111010011,110001101001,101111011100,100101101110,110000101011,010110011110,010100011010,101101111001,10101011000001100011110110010001,01111110011,1101010111,110011001100,111010101111101101011100,10000,10,11001100011110010011011001010001,111010000101100,1110,010,10,0,1111011110,001011001010,1,10110,10001,01010,0010110000,0101000,101,10110011011101,01,101,10
010010001111,110011001001,011000101000,010001101111,101011011010,001011110001,011101010111,001011010110,101101111100,011000010111,110111010001,110101010101
010110001110,011111101001,000001111110,110100100011,111100001000,100111010011,100011011110,100001100111,111010011100,111111010111,110010000110,110111000101
110100100010,101011101101,101010100011,011111011010,101000010101,001010101010,001111001010,110100010101,011010101011,011101001001,111011110101,110100110111
100111011110,001100111011,111000111101,101000000011,110011100101,101010010100,101101011010,110010101011,010111111010,111000011000,110100111101,100010111110
011010001111,111010101010,111001000011,001010011111,011011010100,011111110110,100100011010,111100100101,011010111110,011100100001,100011111010,100110111111
111010101110,010001001001,100110010111,101111111101,000110000011,101101010110,101111011011,011100101010,100111111100,010100011001,111011110001,000101011010
011111001000,101000111110,000011101011,100111011100,101001101100,001011011001,000110111101,001010101011,101010111101,011010011011,110101001110,101100100111
001111101000,101000011110,1001100110001,00101010101,010010010010,010110110001,000110111110,011010101010,000111111100,011000011010,110100111101,100010110011
011010011110,111000001110,000011011101,110001011011,110111100000,101011110110,001001111110,111110010110,010111111101,010000111010,001101111001,101101111001
011010001111,110011010101,100101011110,011101110001,000110101010,101001010010,111101110110,10,001111111,101100101100,110110011011,101011010110,000011011011
000011011101,110000001101,110001001011,001001011011,110110001010,100110110010,011111011110,111101000110,001010101111,011100101011,011011111100,100011010110
011010001001,001011111011,000011001111,100101110100,101110101001,111111010000,101000111110,110001101110,011111011111,001100111111,111111011101,101010000100
001100110011,110011001010,0001100101110,00111110001,100100001101,111011100110,001101010010,111110111001,101010111011,111100011010,010100111001,101101010111
111011101000,101011011001,110011111100,011001011110,000100101011,011101010110,001111100111,011001111001,001110101000,010111000010,111011110000,001011001001
000111110111,010000100101,110101010111,011101000011,110110011011,111100010000,011111010010,011010100010,001111101111,101100100101,011011101110,010101010110
010010001110,001111001101,111001101011,011100101110,101011100010,001101010010,101000011010,101010100101,001101101111,110011001011,111110010100,000111111100
100100111110,101111001001,0101100011110101101010011,110010000101,101101010110,010111011110,011010101010,001010101111,1100100110010111111110100,000011011110
011010001111,010011001011,100001010100,001001011011,100110101011,111111001001,110111011110,011001101111,101001101110,101100000111,111111110101,101000100110
001111110001,001110110100,110101000111,100111010010,110001100011,101010010101,000001011111,011101010101,101111101101,111010101011,101100011001,100111000101
001100001100,101000101101,011011011011,011111001101,010000100100,101011110010,001111010001,011010001101,101111011110,110000101010,110101101101,110010110111
111000110010,101011110110,111010000100,111001010111,010101010010,010101011110,101111011011,0111000110110010100001110,111100011011,101010111001,100011001001
001100101101,100111001010,001111010111,010010111100,011010111001,101110110100,110100101011,011110101000,101101111110,010100101011,011110011010,001010110111
111011011000,010000011101,100111110011,110101010001,110110101010,011110010010,010111011111,011101011001,100110011100,111100101111,110100111001,001011010101
010111100000,011111001000,100011100011,1100001010101100101101001,101010110100,001110011111,011000100111,000111100000,111011001011,111000011111,101110110101
111010110000,101011111100,111011110001,111001000110,101111010101,111010111100,000111100001,001010110110,011101101110,011101111111,111011011010,001011110101
100101010011,010100001101,011011000011,111000100101,101001100101,110001110010,000110111110,101011111111,100011001110,111100001111,111111000101,100010101010
010111101110,111100101001,110000001011,111000111011,010010100101,101011001011,001111010010,011010100011,110110001010,010011101010,110111010101,100101000111
101111110001,010000010111,1110100100101,01011010001,101001101101,111010101000,011101010101,011000101101,101111011000,010010000010,100100110101,001010101111
010111100000,111000101101,110110101001,110001011001,001101101001,101011010100,101010110101,011010101010,011011101010,001011010010,111011010101,101010100101
110101100011,110101001101,100010001001,100101011010,101101101001,101011010101,011011011010,101101010110,001011111111,100111101010,111010010101,100101000111
111011011000,010000001111,110111010011,101100111010,110011100010,011110100101,010010101110,011001101111,101101011100,011100011010,001111110101,001010101110
000110010011,110110000000,111100000111,100110111011,110001111010,110101010111,101001010111,001101011110,101101001110,111100100110,101110011101,111010101011
111011111110,010000111011,111101010110,010001011011,000101111001,010011010111,101011010110,111000101011,110101101000,110000011010,100111000101,111101101100
110010101010,011001101011,011011100101,110100100101,100111100110,101101001010,111101010110,010010100101,101100111000,010011101110,110110000111,101011000001
010110101110,101111101001,111000000111,100111011101,110001100001,101000110110,110101101010,011000010011,011011101010,011011101010,100010011001,000110111011
001111100001,011100000101,110101010111,110100110001,100110101101,111010000100,100111000110,111000101010,101001011000,010011001010,100101110001,101010100110
110010101011,101001011101,111010000100,010101000111,110101011010,010101001100,101110101001,010010101110,010110111000,010001000101,100111111101,000110111111
001100101100,101011001000,000010000111,110110011100,011010101101,110110110111,100101111011,010001000110,110111111100,111100101011,110110011001,101101010101
001101010011,001100101100,110101011000,010101010001,101001001001,110110010001,100010011111,011101101010,111001011100,111010001001,100101011000,100011101110
101111110001,110000010110,110011011101,101010111010,100100011010,010110110110,001111010110,111010100110,010111101100,111000110101,001101110110,110011110101
010110101110,111001001011,100001111011,110100100010,110110011010,011011000111,001011000110,101100110111,011101010001,010001110101,111111110101,100101011111
111011010110,110000011101,111101010011,010110101011,110011111000,111100000110,010011011110,011001100111,110111101010,011100011010,001110110110,000010111011
010011011011,001111110100,111001110100,101101001010,100011001011,111110010101,101101011111,011101101011,101101101100,110010011011,101101011001,000011110110
111101101001,010001001001,000111010111,100010111011,100111001101,111110010001,000111010110,011000101011,1011111111100110000000011,111101010001,101110100111
011010000111,110010001100,011101011100,010100111111,100100011010,011111110110,001111101001,011110101101,111101101010,111100001011,101100111001,000101011111
011111000000,110000001111,100011011011,011100010101,101001100010,101010110110,011111100101,011000101010,101101101100,110100001100,011011100110,111010010101
011110010000,101011110110,100010011011,101101011101,011010101100,111010110100,000101110110,100101111110,110101011101,101010101010,101100001001,101010110111
000010111100,110100110010,010100011001,101110110011,110010001010,011001100101,011111010010,011000101011,110101101010,110010100010,111100111001,000011111110
001111101001,010000100101,100101001101,100110110011,110101101001,110010101100,100111010110,111001101011,101011011000,011011101011,101011111101,001100001111
100100111011,010010001101,100100010101,110101010011,100110101001,111001011010,101111011110,111000101110,100101011001,011100000111,111111110101,100010100110
110101101010,001011101001,111011101001,011101001010,101001100100,011001010100,001011010010,111010100110,011011111001,010011101010,111011110101,101010110110
1010100010011111000011101,100011010010,110100010100,011010110110,101101010110,010100110101,011011101001,100001011100,100110001010,101011010101,001010110111
1001000000111110101101100,010100100011,110010011010,101001011100,101001101010,101101010010,111110110100,110011011010,101000111010,001011100101,100101011101
1010100011011010011011010,100111000111,000010111101,110001110010,111101010111,100101101111,011001101001,101111110100,101100011011,101011011010,001101010101
010111100000,111100011101,110111110011,100000101010,101010011001,101010110101,001011010101,011101010100,001110101000,111101100111,111010001011,101010110111
010010111011,001111101000,110111001011,101001111010,111100001101,111100110101,100111001110,110010100111,011001110011,111100010011,001001111110,100011110110
110010000011,010100111101,111000001011,111000111011,010010101010,001101101010,110110110010,001001010010,110111011110,000111011000,111010000101,000011011111
011111001100,010000110111,100101001111,011101100011,010110100000,111001010011,101101110010,010010110110,101101000100,101011111100,101001010001,101010100111
011111101011,010000100010,100101010110,010000110001,100101111101,010011001100,110011010101,011001011011,101110011000,011010000101,110101111101,101010001001
011110001111,111000000101,000011010101,101110100011,110101101010,011101010101,101011110101,011001010111,000110000110,011100011111,101011111001,001010100111
101011011111,010001010101,000101010111,111101100001,100110101011,011001101000,101011010101,011010101101,000110010100,010010011010,100101111001,010011101110
111001010110,101011011001,001001001001,100001111101,111000101100,011101110001,001110111001,111000100011,110101101000,011100110101,100111011001,110011001110
100010011111,010011000010,110100001110,001101010011,1000000010111110011001011,010111010110,001010010110,110010011100,010110101011,111000111001,101011010101
111001110000,011001011101,110010010001,111101011011,010100001010,101101000100,011111010101,111100100111,010101101110,001101010101,101010000010,000110101011
1010000010111001011101101,100000010011,101001110100,110110011101,011001000100,011111010101,111001100101,101111011001,110001011001,110100110101,101101011101
110100100011,010101001101,110010001011,111000111010,100101101001,101000100010,001011010010,101001110110,001010111011,010011101010,101011010101,100111011011
111001100001,101011101101,001010011101,110111111100,100100011010,001101010101,111110110010,1011010111110001011111111,111101011010,101100000101,001011011101
010110101110,110110000001,110111100110,010100100011,010001010101,100101010010,101011010110,101010111111,001101011010,010111001011,111110010001,001010101000
111111110000,010001001111,111001011101,111000111011,100010001011,111010110100,101111011110,111010101010,110110001000,110010000001,100101111110,100011100010
000010110011,010100101101,110101101010,011001010010,010110001011,101010110100,101111001010,111001010110,001101011110,100100000101,111001011001,111011100001
111000110010,101001111110,001101001101,111110011011,110110010001,110001111000,100000111000,101110010111,110110011001,111010000011,101101011010,100010110111
111011001000,011000111101,110010011011,110001011100,101100101010,101101001010,011110110011,000010110111,101110101001,111101011011,100111110001,101011010101
101010011101,001011010110,111001001100,001101010011,010101101010,011000110010,001101110101,011101101001,100110011110,011010011011,110001111000,000011010110
111000100000,001011111001,100010010111,100001011101,101010011010,100101001101,111100110011,0000010111010110111101110,1111110100110011100010000,111000000011
111000110010,100010011111,011001010111,110101110011,100010001010,111110010010,010101011010,011001100110,101111101100,101101011010,100010110010,001010110101
110000111010,101101101010,010101000101,100111011111,110011100001,111011110100,001111011010,111000100111,101111001010,110110101011,101100011110,000011111111
111111001000,010100011111,110101011010,011100111011,000010011010,101011001001,011011010101,011010101011,100111010100,010010010100,100011110101,001010100001
111011001111,010000010101,011011010111,101010011011,010011101011,110001110000,110011110110,110001011001,110110011010,011111101111,110111111101,111000001100
111011011000,001010111111,011010111001,100101011101,111110000001,011100110101,011011011100,111010011111,101001100101,011100011011,010110010001,100011101111
111011011000,010000111111,110101011100,010101011101,110110001010,101111011001,110011011100,111011001011,110111001000,000010000100,001011100010,101100101111
101001110110,010001001101,011011101000,010101011011,101110000010,101110110010,101110101001,011010100110,110111101000,010100001011,111110110001,100100110011
000100111110,001111101001,011011001001,111000110101,110110001010,111101010010,011100101010,011100101010,110111011110,111100000101,101101111101,011011010110
011011001001,010000110110,000111011111,100110110000,100101111100,010111001101,100100010110,110000101001,110110011001,110011101010,101011101110,101100101111
001101101100,101011001000,000110010111,110110011101,100010100011,111010010110,000111001001,011001100101,1101111111010111010100111,110110001001,100011010111
010110100010,111011101011,100011101010,010001011011,010100011001,111011001101,101110110110,110001100110,110111000010,101101111010,110111010010,101010110111
000111110111,110000001101,100101010011,111100011010,110110001011,111110010100,101111011011,010101100110,000010101100,111011101011,111110011000,000110110011
100100110010,001101001011,010101010110,010101110010,101010001000,111110011010,001101011100,111010101010,101111101100,010100011110,011101010101,100011010010
001101101000,010101001110,000101101011,111001100101,110110100101,110001110001,010101001010,011010110101,101011011001,110010101010,101101011111,001011010111
010111100001,011111000101,100011100011,111000001010,010110101001,001011010101,101001011111,011001100110,000100111110,111011100110,101100011010,100111000110
101010001101,010001011011,100101000010,010001111011,1010101000101111110110010,111101110111,011001100100,001111101100,111100011000,101011110001,101010101011
000101001110,001111101001,11000111101100111000010101110010100101,101010110101,111101011011,001001010111,110111101100,111100011001,110010011101,101011101101
100110011011,010011110101,100101010011,111101000011,110110101010,001111010010,010011010111,011010010011,100101100100,110111111011,101011011010,001011010110
1010100011011001011011011,100010001011,111100110101,101100001101,001111010100,100111110110,011000101010,001110011110,110011011110,100011100010,101101011110
1011001010011010011001011,100011010110,010101011011,101010101001,111110000100,111111001110,111001101001,101100101000,111100001111,110101111001,100111000101
101010001111,010011011010,100101000110,010001111011,010110111010,111110001011,101111011110,011001101001,101010011101,010100001111,101010111001,101100110001
110011001110,001111110111,010101111101,010100100001,010011101010,101101110010,011100100101,110010101101,100110111100,110100110101,110101010110,101010000011
101001110111,001101001010,010101001101,110111010010,110110100011,111011010000,001111011010,011100100110,101001001001,110100001011,101100101110,101011110010
011010110011,101011110110,111111000100,100111010000,011010000001,111110101110,100111000011,011010100111,100100110100,110100000011,101100010011,001001111001
011111100000,110000001111,110011011010,010000111011,101001010001,101010100100,101111010101,010010010010,100101100100,011011011001,001011010101,000111011101
011111100000,110000001111,100011010011,111000010011,010101101010,100110110100,111110111010,110100011010,001001100110,101101000011,101011010111,101010101111
111000110010,101001101111,110100010011,111001011101,101010001011,011010110100,110100101011,110010101010,110110101100,110100110100,011011010010,101011010001
011111001011,101000010100,100111010011,111110000100,110101101100,010001011101,001011110011,011010100111,001101011111,010100110011,101011001110,101110110110
100100110010
010010001111,010010000101,110001000111,011100111011,100101100001,111101001010,101101010010,101010111111,000111011110,101100000111,110111010001,000110101100
011011001111,001000110101,000101011100,011101110000,100100101011,110111000001,001011111110,011101100001,100111011000,110011011100,110111110001,101100100110
110101101010,001011011000,111011101010,011100001010,101101100101,010001001010,001111010010,101010110010,011010011001,010011111011,110110010110,100011000100
000110010010,001100110101,111011001001,101001011011,010110100100,101010100010,101001101110,111000101101,100100001110,010101110010,101001011110,110001011110
000111111111,110000001010,110101010111,100010100010,010101101010,111011010100,101011111110,111001101001,111100011110,101100110010,101101111001,111001010011
111001011010,010000101011,111101010010,010101011011,110000010010,101100110110,011011011010,011010101010,110111101000,010110000101,010001110110,101010100111
011010110000,111000011110,000001101011,111001010000,101110101101,111011010110,001111010101,100010111111,100101101100,010010100100,101101011110,100010111101
011010001001,110000010111,100101011001,001011010101,010110101000,011111001000,111010110100,111001111111,101100011010,011000110110,101010100111,101010010101
000111110011,110011101000,000111110111,110110100100,100000001101,111110011101,000111010111,011110100010,101101101100,111100101010,001110110110,001010110111
101010001101,010011001011,100101000111,010110110001,110100111100,001101001010,111110100010,011011101010,100101011000,101101101010,101011100101,001110101111
110100100011,110101001100,111010011011,011010011100,101001010101,101001000110,010011000010,101010110010,010010111011,101010101110,100011110001,000110111011
111001101011,010001101000,011011110101,110110011100,000110100010,111111001110,001101011011,010110100101,101011111001,010100111010,110110010001,101001010111
111001010110,010000100011,111010011100,000001011011,101101101011,101100010000,111001010101,011100011010,101101101000,010100000101,100111010001,101010101101
111001011010,010000111001,000110011101,110101011011,110011100000,111111000101,001101011010,011010101100,101111101100,010100010010,010111110101,100011100111
000010111100,010100110010,110101000101,010110100011,100101111001,111001000100,001010110001,011110101001,101111101000,010000101011,100101101110,100110101110
010010111011,001111101100,010101011111,100101010101,100010000101,111101010101,001011010111,010010011001,010101111001,010010101011,111101011001,110111001110
110100101011,010101001001,110011001011,101100111000,101101001010,101001001100,011110101001,010100100110,000111101110,010101101010,110101010110,010110101010
010110111010,111100101100,0000100010001,11101010001,111101100101,001010110110,001111010001,010110100111,100101101010,110010000111,100100011101,000011110111
010010001100,010100111011,011001001101,011100111010,010110100100,101101010011,101101110000,011010100110,100111011110,100001010100,111010110110,001001101100
111001010000,000101111110,1111000010101001000000111,101100011011,101001101001,001111011001,011010000101,010111111100,010010101010,011011001001,100011111110
100101011011,110111101000,010110000011,101110101111,110010001010,110101111110,010111011011,011010100010,111011111100,111100100011,111011011101,001010111000
110010101010,101011111011,001011101001,111001001100,101010011011,101011010101,101010110111,010010101110,111101101001,101101011011,100110001010,001010110111
1001010110110110011101000,010111001011,101010101011,101000001101,110001111010,101111011100,111110101110,110001011010,110100011111,000111110110,100010101000
011111110000,110000010110,100101010111,111110110010,100000101011,111010000100,101111010011,101010111010,110101101101,011100011001,101101110010,100010110011
111001010110,101000011011,111001110101,111101011010,100010000011,101101010010,110100101010,111101010010,011111100110,110100001100,111111011000,010001111010
111001010010,001011101111,110101001101,100101011101,101101010001,101101110001,010110111011,010010101011,110110000100,110101011001,101011010010,001111001101
1010100010011111000010110,0011110111001,00100110111,010101110010,011111100110,001111110110,000011100011,110110011010,110110101100,100101010100,111100011101
1010100011011010000011011,100101001011,101100100011,110100101110,111101001010,011010110110,010100111001,101011011100,100001101110,111011010001,100010100101
011010010011,101011010010,110100011111,110101010000,110011101100,011001000110,001010110101,111110010111,010101011001,101010001011,100100111110,100001111011
100101011011,000011101000,010101011011,101101001101,101000101101,111001010010,001011101110,111011101010,110110101101,111100001111,010100011111,101001010110
011110001110,010000001101,110101000011,011100011011,110000101011,111110110000,110011110110,011010100010,110111101001,011111011010,010011110101,000011010100
010111101110,111100101001,110010001001,110000111011,110001101001,111011000110,001111001001,101010010111,111011101010,010101100001,110111110001,111011010111
110100100011,101011001101,111010000010,011001011010,101010011001,101001001010,011011010001,011010100010,001110111010,010010001011,111011100101,000110111011
1010100010011110011100011,111001000110,010001110100,110101011010,001111001011,111101010101,011010101001,100111011010,010100000101,101001100001,000010101011
101010001101,010011001011,100101000111,010001111101,111000111010,001011001011,101111100110,011001101010,111001011100,100100011111,111011100111,001100110111
000110001100,101000111011,111011001011,011100010011,110001101010,101001010110,011101110010,011001010110,001011011111,001101101101,110010110101,001010110101
111101101001,010001001101,000101010111,101010110101,100100101011,101111010001,001011011111,011001010101,101000101110,011100101011,101111110001,001101010110
011010001100,010000111011,000110011110,010100111111,000001001100,101011010111,001101100110,010010111110,010110010110,011111011110,101010111101,001100010101
111000110010,101011101110,101110001001,101110010111,011010010101,011011011110,000010011001,1111001001110010101111111,011100001000,110011011010,101011111111
1111010010011001001101011,000011110100,110101010010,100110101010,101111000101,001011110110,011001100101,101110011100,101101100110,101011010001,101011010101
011010010011,101011010110,100101011010,101001011100,001110101010,111010010110,100110110110,011000101110,111000011101,011100001011,111011111010,101010110110
111001010110,001110001011,110110001011,111101010001,111101100000,001101010010,110110100010,100100010101,011111110010,001011011000,101011110101,000010111010
100100111010,000101001011,010101010001,111101001011,101010100110,111010110010,101001010000,111010101010,100111001101,110010001011,101100011110,111010101100
111000110010,101011101110,110110001000,100111010111,110010010011,101101001110,001101011011,010100010101,010101100110,101100001011,101010111001,111011110101
011010001001,110000011111,100011000011,011101011001,001010101010,111100101010,111110010110,111000110110,100100111101,101110011101,101011110001,000010100001
001010001111,100011010100,101000001111,010101010011,010010001110,001110110010,100111010101,011000111001,110010110010,011110010101,111100011010,100011011011
111001010010,101011101110,100110010101,100111010011,110101011000,110011000110,100001010110,111100100011,010101011101,110100101111,001000110110,100011111011
111001010110,101011101011,110101110101,111101011010,100000001001,111010010110,011111010110,111101101010,010110010100,010100000101,111011010111,101010110110
000110010111
010010001111,110111001001,100001001001,110110111011,110110001100,101101010010,101011101110,001001100011,101110101110,111111111111,001011010001,000100101110
111101100001,001011101001,000011100101,110101101100,100110100010,110111010101,100111101011,0110001011100100111101100,011100001011,110110011010,10110100010010101101010100011101,000100,1011,1101000000,011011001000,1010010,11101,0100111001,10101111,01110000010011011011111101010001,10100100110110101,0,1010,00,1,0101100,0,1001101001001,1,10111,10001001010,1011100011,1111000,1011101000111010,1,01001100,
100100101110,001001000101,011011001011,111001011011,101001110101,101101010010,101010101010,111001010100,110111101110,011000001110,110101111001,100110100110
010010111111,111110100100,010101011101,110111010010,100111101001,111010010110,101111011011,010000101001,110110101101,010100101011,101011010110,101011001110
101010010011,011000101101,010101001001,110100100101,101110101010,011011010101,010011110111,011010010110,100110011100,110011001000,110100111010,001011110110
111011101000,101011011011,111001011101,110100110101,110010100010,101101000101,110100100110,111001100011,010101110110,001101010110,101011110010,101110110111
101010110111,110111000101,110101100100,001101010010,010110001011,101011010110,001101010101,010010101010,101101101000,010110000111,101011010110,001010110111
000111001101,100011000011,101011110101,010010100100,110110001100,101110110010,101101101110,110110100101,000111101001,111100111110,011011011001,101001010101
111100100001,101111101101,111100011100,010101000101,101010011011,101101001100,111100110001,011010101110,001001100001,011010010101,100111000001,100111010111
111011010110,1010110111110100101111100,011101011101,001000001010,101001011011,110011011111,010000011111,111101100000,111000011010,101010110010,101011100010
011010001111,110000001100,111011001011,011010011110,111101011010,101001001010,010111101010,011111010000,011010111101,001011111010,101010111110,00011101010111110001010100101101,0110011101111101010111,10000001001011010010,11110,1001110101,10001,00,11010011001110010011011111010,011111011011101110,1,0,1001,10,0,0101010,0,1001111101011,0,11110,10001,11001,1011010000,1000100,101,10100011011101100,01100,
100110001110,110100001110,010100101011,101010100011,110001100100,011101100010,101011010111,001010111001,101011011101,010100001011,111101011101,100101011111
110011001111,101110000100,001011111010,001100011110,101101100100,100101111001,001111011010,011011100101,001100101010,111101101010,101011011001,100100110001
110010111010,101011011010,111100000111,000101011111,110011010010,111010001110,001101101010,010110100011,010111100101,011100101111,001010111110,000011110111
100100110010,110011001101,010100110011,111001011011,101010000101,111110110010,101010111001,111101010101,111111111100,110100101011,111100011001,101001010101
010110101110,001101101101,000010011101,110001010010,110110101010,101011010110,011100111010,011001011111,000111010111,011101101000,111111110001,001000111101
010110101110,011101101011,100011001011,010000011011,010110111001,111011000110,101101011110,011000101010,110111110001,110011101000,010111010101,111010110011
111101100001,101010001101,101011101000,011001010001,101101001011,100011010100,101011010110,011101101010,000110110110,111100010111,100011110101,111011000110
101000010111,011010011010,110100000011,100001110111,110011000010,110001010110,101111010110,101110011011,010101011101,010010100011,101100110101,111010111011
010110101110,011101101001,110011000011,110100010011,110101100101,101001001010,011111001010,101000010011,110101010010,110011101010,110101110001,100111010111
111010001000,110100001100,111100000010,011001011111,010010010010,101011101010,101110111001,011110100101,000101111110,110110011010,101010110001,000010111001
111010001000,110100011111,101011001011,011100011001,101100100100,101101010010,001001101111,011010100111,100110100010,011111001100,101011010101,001010110111
1100110111100011100011011,111110001001,010110010010,110101011100,101100101011,101010010001,011001011001,110110011101,010000100101,111011011101,101010100111
000010111100,011100101010,010011001101,100101011011,010111100001,011001010110,001111011011,010010100111,101001110010,110010101011,100110011110,001001010001
000110101011,010101001010,010101000111,110110100001,110100101010,010111011101,100111001011,011001110011,101010011100,111001100110,111101111100,100101011110
111011101000,011001111011,100011000011,110100110101,110010111010,101101001010,101010110101,010010011011,110110010000,110010101001,110111001010,001111010101
110011101010,011101001001,000111010101,110000101011,110111100001,111111010101,001110110111,011001010101,100111101100,000101011010,101111111000,10010010011010100110100101110011,110100,1010,0101001101,110010000100,0111010,01110,1100111001,00011011,01100010011111010010110011011,01,101001011001101,1,10,011,10,1,0101011,0,1001100001001,0,10010,10001010100,1011100000,1010,10,011,10000010110110,01,101,0,
101110010001,010011010110,101101010111,101101010011,110010101010,111010010110,101101011110,011110100110,101001011101,011100011010,001001111101,101010110110
0100101111100111111101001,100011111001,111101011010,111001100100,101010001010,000011011110,111110010101,011111011101,000011001010,111000011000,101000110001
100100111010,001001101010,010110010111,110101010011,010101100101,111010010100,101101010010,111101011101,101011011010,010010011110,101010110101,100101001001
111001010110,010000100011,011011100101,101000110011,010011101011,010011110001,001110110100,110111101001,110110011010,111000010111,110001111001,111010000110
010010001111,110011010010,100110001100,011100100011,010100001010,111101010011,101111010110,001101011011,110111011100,111101000100,111100111101,100101011011
111001010010,101011101100,111110001000,000111011011,001010010010,010101001001,001101011010,100100100101,010100111101,110010001000,111111110001,010011110001
001110101100,001011010101,001011001110,011101110011,010010100101,111110010010,100101110010,011010001010,101111011100,010010011100,110110110100,001010101010
011010110111,010011011101,111001000111,110111011100,011110101000,111000100010,101000100110,111010101110,111000101001,111111011001,100111111001,001001110000
110010001110,110100001101,111000101001,010100011001,111110010100,001010110010,111001010110,010110100110,010101111001,100110100100,111011000000,100101111111
010111100000,111000101101,100011101010,110000110101,101101010100,100101001010,101110110010,101001110110,010111011110,101101100100,111011001110,110110101101
1010100011011010011011010,100101000001,010110011101,111010011110,101101010010,101101101110,111110100100,110101111101,011110001010,001011101001,100111010110
1010100011011010011011010,100111000111,010110110011,010001111101,111100001001,101111011110,011111101000,110101011000,100000111011,100101111110,101101010011
010111100000,111000101101,110010101011,110001011001,010101101010,001011001110,101010110111,110001011010,000111011010,010011100101,100111001110,100101000101
000010111111,010100100010,110101000100,010101110011,010110000101,101011010000,001111010110,011010101010,010101011000,010010010101,100101101001,001001101011
000111110100,110111001010,011101010110,001100110011,110010001011,011110010110,101101011110,010010101011,111111101110,111100000111,011110011000,000011110100111010001100,1111110,101110,1011,1101000011,100001000010,1010011,11101,0101011001,10000,10,01101101101111010011111000000,01,100110011101111,1,110110,10,1,01011010110001111101001,1,10111,01001,00100,0011110000,0111001,101,10101011110101,00,10110,
111100100000,010101101011,100001011001,111000101001,010101100101,100101001010,001101010110,110100110100,110111111010,010011100110,101010100110,111101001110
011011101100,110100001101,110011001010,001001011001,101100011011,101100101010,010101011010,010100011010,001010110001,101111000100,011011110000,001011010111
110010101010,011001101001,111010100001,101001000110,101011010101,101011010100,001110110110,100101010010,100001111011,010011000110,111011110101,100100100111
011110001110,010000110010,100001011110,010100011011,010010111010,101111100001,001011110101,011001101101,101111101100,101110011001,100011011001,001010100101
010010111111,111111100001,000111010011,111101100001,110101101101,110011010011,100010101110,110100101111,110101011010,110011001010,100100011000,101100100011
111001011011,101000101011,000011110011,101111001100,011010000111,101101010101,101010011001,101011101111,101111111100,111100011001,101110000010,101101001101
000111110111,010000100101,110101010111,110100110000,101010100101,111010010011,101111101010,011011101000,110111011101,101000011010,011011011001,101010101110
1010011010111001011011100,110101001011,110101011100,101100101100,111101010100,000111010011,011001100110,110111010101,110100010011,110100011101,110111110100
010110101110,011101001011,100010001011,1001101100001110100100101,111001001011,101101001110,011010101101,000110101111,010000001001,111111011101,100101010110
101001110111,001101010100,011011010111,110001010010,100110100101,011011010100,001101010101,011110100111,100110011100,111101101001,101100110001,10001111111011101011110001011001,100100,1010,110100,111,100010001000,10,1001,11110,1100011101,00101,100,1111111001111010010111001010001,010000010101101,1,0,1110,10,0,0101100,111001001001010,1,10101,01000,01110,1001110000,0111000,001,101000111111,1,11,1011,1
101011011101,010000010101,110100001011,101101010011,010011101010,110001010001,101110011111,010100011010,110100011001,110110100001,101100101001,101011011010
011011011100,101011010111,110101011101,110101011001,100101101001,111001010001,010100110101,001000101111,101010011100,111011011011,101101000110,100011001110
011011010100,110000110110,111001111101,001101011001,111111001000,111000001010,110101010111,110010010110,110101101101,110100010101,101011001000,100111110111
111010100000,010101111111,100101011010,010101010011,101010111000,101100100101,001110001010,010011011101,001101100100,010111010100,000111110101,001001100111
000111011100,110100110010,100111011100,000100001101,101001001010,111010010101,011011111110,011010101010,110101001101,011100011101,010011111001,000010110111
100110010011,010011110100,100101001000,011001011011,110100101100,111011110010,001011110110,110010101101,101010010000,011111001110,000001110101,011010110011
0011110010011101000010110,100111010011,101010101010,110101010010,010110101101,000111101011,011100100100,001111011100,110100101001,111100011110,101011101111
011011001101,010000000101,110101001001,011100110000,101001110101,010111001000,011010110110,111001101010,110111010100,011111011001,111001111110,101101001101
111001010010,101000011111,000010011010,111101011001,010001101011,101101010100,011011011011,110010011010,100110101100,110010010100,100100100101,001010101101
010111001111,110000001101,110011100010,010000100110,101000110101,001101001010,001011010101,011010101110,010101101000,100111000101,110111010000,000111010010
100101011111,110000001101,110100101011,011101011101,001110001010,101101010011,110100101010,111110101010,010010110110,000101101110,101011010110,100011010011
111001101000,101011101011,110110010010,010101010100,101001010101,010101001000,011111010101,011000101010,010111111001,110000010111,100111110101,100110100111
110100100010,101011101101,101010101001,011001011010,110100011101,111011001010,001111010010,110110100010,011011011010,001101110110,001011110101,101001010101
010111001010,011000001101,100011111011,010100101010,101100111000,101011000100,001011010101,110001100110,010111011010,111101001011,100101010010,101110100001
1010100010011111011111010,100000001111,110001010101,111101010010,111001000101,111011010110,111010110101,111010011000,100001101110,010101111101,101011010110
010111101110,111000101011,100011111001,100000110010,111001111001,011011011001,001101011010,111000100111,101010101001,101111001010,110010011001,001100110111
010110101110,111000110101,100001101011,1010101010101010101010110,010101010110,101010110110,101010101101,010111011111,010101011010,100101010101,110101011100
011111110000,110000001111,110010011011,010101011011,110001110010,111100000110,001111010110,010101010100,010110111001,101100101010,010100001101,101011110111
101010001101,010011001010,111000001100,010100111111,110010010010,101100110110,101001111010,011110100001,111011100010,111110010011,001010110110,000010111111
010111100110,111100101011,000011111001,110000011101,101001010101,101011001101,001101101010,111010101010,110111011101,101001000110,110101001011,101101000111
010110101110,011111100000,100011101001,101010101010,110101100101,111001010110,000111010001,011000111101,001111101101,110001101011,111010011101,100111000100
011110010000,111000010110,100011011111,100101011000,111101101100,111000010111,010001110110,111000100110,110111011101,110101000101,101001011110,100001100101
111001010110,101011101011,111100010101,1101011111010011011100000,101101000011,010100011011,1111110110000110111101000,110010101001,110011010001,101001110011
011010001111,010011001011,110101000001,010001101011,110010101001,111111001001,001111011110,011101110111,100110111100,111111000111,110010011101,101011000100
1010100011011010011011010,010101000110,010000110101,010001111010,110111110001,111111111010,011101011001,110101101100,011100001110,100111001110,101010110111
000010110101,101101010000,000111010111,100101100001,000101101101,111110010001,100111010110,011100100110,001111011100,010011011011,000100011000,001101110110
000110010000,001111101000,110001001011,101001011011,101001101010,111100010110,100100100111,010000100011,111111101101,111101101001,111100011010,101011001100
011011001101,011101000100,010101010011,111110010011,100001100011,111111010000,000111011001,011001011001,100101101000,011011101011,101100010010,101111000010
111110001000,010000110111,101101001011,011001010011,010110101100,111011001000,011110111101,010010101111,100101011001,110100010100,101011100110,001010100011
001100110101,010111000001,110101000011,111100011010,101010101011,111000110010,100111011110,1110101110010110001101100,110100000111,000101111001,101011001000
111010001000,011000001111,100110000011,110101010111,101010011010,011101001010,010101010111,010011101010,100111001100,010011100101,110011110101,001010101101
100001111110,001111101010,010100001011,101101011111,110001000101,111010110100,000111001001,0101000110110110101101101,110010101011,101101001001,111011001110
110101100011,110101001101,111010000011,011000111101,100100011010,001001001010,001011001011,011001101001,001011111010,010101100100,111011100101,010110110110
000110101100,001101101011,100010000101,110101011011,010010101010,111010010110,100101100110,011001010110,001111101110,111100101011,111010011001,011010110111
011010001111,010011001011,100101010011,011001100011,100010101011,111111001001,101111000110,011000011111,101111111000,110111001011,010110011001,101000101001
111010001000,110100011111,101101001111,010000111011,110111111010,101101001010,010110100110,111011001000,101011110110,100100111100,001011100010,101010101011
1010100011011010011011001,100101000111,110111100011,100000100010,111111010010,111011110110,011001011001,101111101000,011111001111,110011110101,001000110010
000111110111,001111110100,000101010110,111001101010,100110100101,111010010101,100011010110,011001101101,101111011000,110100011011,111100011001,011101000010
110101100011,110101001001,111010010001,111000100101,100110010101,101001000100,011011010010,111010110010,001011011001,011001001110,111011100101,110100111111
101001110111,100011001000,011111010101,111011011100,100110001010,110110111010,010111101010,001110010111,110100101100,011100101011,101111111001,101011110110
001100111011,101011001000,000111010111,110111000001,110000001101,111110110110,000111000111,0110011010110101101101100,111100001011,100101011110,100010110101
111001101000,010101000001,111011000010,000111111100,101001110101,010001000110,100110110110,011000101111,000101111011,010011000110,111001001101,001110111110
0100101111110010111100001,011001000110,110001110001,110010000101,111111010011,100100100010,011000101111,100110101010,110110011011,101100011001,011011001010
101010010111,110010010101,110011000111,111111010011,100001001010,111001001010,101111010001,011011011010,101100100100,011010101010,101011100110,000010101101
010111001110,111100101000,011001010011,010100011011,110010110100,101011100101,001101010010,111110110101,001111010011,101101100100,110110011101,100101110111
000110010011,110010001101,000011001111,101101011000,110110001010,110110110010,010101111010,010101101010,111111111110,101101011011,011101011110,001010110100
111011101000,011001111011,100000011011,101101000011,110010011010,111001001010,101110110110,110010101010,011111001110,010000111010,010111111101,101010110011
100100111010,111000101010,010101001001,101101010011,110110001010,111011001010,011101010110,111010100010,110111011010,011000111010,010101011101,110011010111
011010001111,001011110001,100111010000,011101110000,101001101011,011011010001,001011110101,011000011110,100111001100,110111011011,100100110000,001101000110
111010001000,011000011111,100101011001,101001010101,001110101010,011101000101,111100110101,011000101111,100111100000,010110100101,101001010110,101010101111
110101100010,101011101010,000011111010,010101011101,101010010101,000101001010,001111010011,010010100010,001001110001,111101000101,111011010110,101111000111
111001010110,010000101011,110101011101,010101000010,110111100000,101101010010,101100110101,010100100101,111110100100,101000100110,101011010110,100011100111
011111100000,110000001111,000101010011,111100111001,001010101010,111110100010,010101010101,011010100110,101111101100,011100011010,010101110011,001011010111
011010001000,011000011111,1000100110101,10100110111,101010011010,101100010101,101101110101,011000001100,010100001110,110110001010,100100111101,001010111111
111011011000,101000111100,011010010101,100111011011,110010011100,100110001110,001011011000,111110000011,110101101011,010100101001,010111010110,111001111011
111011011100,101011111000,010111110101,101001111110,111010001101,101010010101,101111101110,001110100000,101100111101,111100111111,101011111010,101010110011
100100111010,001001001011,000111010110,000101110101,001010101011,101110010010,101111000110,111001101100,111001111100,101000010111,110100010100,101011010110
010110101110,111000100101,110001101001,111010101010,111101101001,101000101110,001010110101,001010010111,010101011011,110011000111,100111010001,110111010111
111011001000,011100011101,100100000011,101001011111,101010101010,101101001010,110001010001,011010101011,000110111100,010011010101,111111010001,001010101011
000010111100,001110010110,111101001010,001101001111,010010001011,101010110110,100001010110,011100100111,001000011010,010100001011,101010110001,000001111101
100111111000,010100110101,110101011111,110000111011,100010100100,111010010101,001111010111,011000101111,100101011100,010101111000,101101011010,111010100110
011010001001,110011101010,111001000011,011100111100,011001010010,111001101011,101101101001,001010101001,010100111001,011110111010,100110101010,001010111011
111011101110,010101101011,110100001101,011111010011,110000000011,011111011001,101011011110,111010101010,111011101110,110000010001,111111110101,000101100000
000110010000,001111101011,111001001101,010101011001,110010001010,111110010010,101100100010,001101100111,111101001110,111110011100,111100
101011011101,010000001101,110100011110,010001001001,010110010001,011011001011,101111010001,011100101110,100111101000,110000010100,100101111101,000011101011
111101100001,101011011101,001010001101,110111000011,110110011001,110011110101,100100111010,111101011001,111011011010,100001111011,001011001101,101101000111
111111001000,010100001111,111000011011,111100011001,010010101010,111010100000,111101111010,111001011010,101001010101,010000010101,101111000110,101010101001
010111001111,011111100000,000001011011,100010011101,010111100100,001100110001,100100110011,011000010011,100100110100,111011001000,101110011101,101100001111
010110101100,011100001100,011011001011,100110111111,110001110101,011101000111,010011010100,011000100111,000110011110,110011000010,111001111010,100111011100
0011110010011101000011100,001111110011,111100100010,100110101100,110000110101,001001011110,111011100101,101001011101,111100011010,000101011001,101011010111
111010001000,001000011111,101010110100,010101011111,101010011010,101101001010,111100000111,110010101100,010101100100,010110000101,100011000101,001010110111
100100110011,101010101101,011001010100,100001011101,101010010001,010011010101,101111001010,101101100010,110011111010,010010010101,110100010111,110100111100
011010010011,0100101111000110111000101,110111011011,110001001000,011111010000,101111001111,011010100010,111001101100,111100001011,101111111111,000010101110
010110101111,110011001001,110001110111,111110100010,110100001001,100101001011,101011010101,011010111111,000101101110,101101001011,100111010110,011011010111
011010010011,010011110010,100111010110,011000011011,010010101010,111010010101,101011011110,111100011111,100100011000,111000100111,100101111011,001010101011
010110101011,101001011101,000011110011,111101000101,010110100101,101011010101,101001101011,010001110111,101110101001,011011011010,101111010101,101011010110
1010011100011010011001011,110101001011,010001011001,110110101010,101011010100,011111010010,011001101010,110111100100,111010011001,110011100001,101010101110
1011111010011101000010110,110011011011,100110010011,110100111100,010000100110,000111110110,111000010011,000111011010,110011011010,011100011010,100110111001
101010110011,101011010100,110101010111,100101010001,101010001101,111010001101,100111001110,010100101011,010101011101,111010011011,101001011110,101010110011
100110111011,010111000101,111011000010,100100010100,011010100101,111110110010,101100110101,011000101100,101111011010,110110011001,100100111010,000010111010
010111100000,101001101011,100011110101,100101000101,101001101001,1010100001010100111010111,011001101110,011111101100,001011001011,111110010010,101010110110
0011011000011101101001010,000111110111,110110100100,100110100101,111010011100,100111001110,011110100101,101011011011,111000001011,100101001101,011011010111
011010001111,010011001101,111000000001,001011011110
100100011011,110011101000,010111001011,101101011101,110100011101,011101011010,001011010101,010011101010,101111111010,011101100100,011101111001,000011011011
100100110010,110100001101,011000010110,010101011011,001101101101,101011100010,101110110010,101001111110,101010001110,110100101100,111100110101,101001010011
111011001000,110100011111,101101001010,011100110111,100010011010,011011001001,011101010101,011010101010,101100101000,011000010010,010111100101,001011011111
011101110000,001001001011,110100011011,100101000101,100101101010,101010010101,101010100110,111000100111,011101011010,010011000110,101011110101,101010110011
010110001110,110100001101,100000101010,010001010011,111101101000,101001010010,111001010110,101010101101,001001001010,001111000010,101011011001,000110111010
000010110101,010100010111,100000010111,010101010011,101010000101,111010000011,011011000110,011010101010,000111001100,111000100101,111100111001,000110100101
111001101000,101011101010,100111101001,101111011010,110001100100,100101001110,001101011011,011001010011,010111101111,011100100101,111010011001,101101000111
000111110111,110000001101,110101010110,010101010011,110110001001,111110010010,101111011010,011010101011,000110100010,111100010110,011011111100,000101010011
000010111100,110111001011,110101001001,001001011010,111110001101,101010110010,101011011110,111110100100,111110100110,101100101001,001111011100,101000110110
010010111000,011100111010,100101001011,101101011011,101101101000,101011010110,001111011010,110110100101,001011101110,010010101010,100001011111,100011110011
110011001011,010100011101,111001110010,010100100010,101000111010,011011000101,101101010110,010010101010,110101010010,010111010010,110111110101,100101101110
100101011011,000010001011,111000101011,011101001010,110001100101,101101000010,101010010001,011010111110,100110111010,010110001011,101100111001,100010101001
1100110111110110100011010,011111010011,001111011110,111111100100,010011001001,001111011010,111010010111,110110001110,111100010111,110111111101,001101110110
010111100000,011101101011,100011101011,110000100101,101001011010,011010101001,001010101110,111001011010,000110111101,111011111010,111001010101,101010100111
000010111100,110100101010,110111001001,010011011010,111001010101,101010101100,101111001001,110000111011,111001101001,011000101011,011011011010,101001100101
110100000000,111011101100,010011101000,010110111101,100001010100,001011010001,001011010101,011011101101,000101101010,101110001010,100100010010,001111010011
011111110000,110000010110,000011100101,110111100010,010010100100,111010100101,101111010111,010110101010,101101011100,111000100001,101101011011,101010100111
111101100001,010101001101,000101011110,000100110101,000110101011,110011110001,101111010111,011000100110,101111110110,111011000100,100110110101,101000111100
011110010011,110000010011,100110001101,011101110000,100101000010,101111010101,110010110101,111100011110,101111011100,011001011001,101101110101,001010100010
010111101111,110111000001,100001011110,001000011011,110100001011,111111010001,001111011110,011010100011,000101101100,011100011111,011011011101,111010100110
110100101010,101001101101,011110110001,111001011101,101010011010,101000101010,011101010001,010110110101,110111101100,010001101010,101011110101,100101001011
011010011111,110010110100,000101011111,101011110000,110100001101,010011001100,101111011111,111010100011,010101110111,111100111011,101101010010,101111101010
100111011110,110100101010,011100111001,101100101110,111001100100,011101110110,001101011001,010011010101
111011010110,111000101011,011101111101,110110011100,111110001001,001011110010,011100110111,000011010011,111000111100,101110111101,001101111110,100111111101
0011001010011010111001000,100101000111,110100011011,110000001101,110010110010,101111011110,111101101000,110001011100,111110011011,100111011110,101001001110
111001101000,101001011101,110010010110,000101011101,100100001011,101011001100,111101110110,101010101110,001111111110,001100011010,111011100101,000010111101
011011010001,110000011111,000110001111,111001110000,100001001101,110011110101,101011010101,010110110110,101111101000,110100000101,011101111101,001011011111
101010001101,010010010101,111000000111,011000111011,110001101010,011111010100,011111110010,011100010001,101011011110,011111011010,111011100001,100101011010
110101100011,010111101001,111000001100,010000011111,100101101010,101001001011,011011001101,011000100001,001110110011,011101100101,110011110101,111010000101
000111011111,110000110110,000111100110,101100101010,100110000101,110011110010,100101011110,010010101001,110111010101,010110011000,011101000110,101011010111
010110001011,010011101001,000011110110,110100100101,100100110101,101011000011,101001010101,001011111101,100111111100,111001011010,110101010101,000110100011
101010010111,010000010111,011010010111,111000100011,010111101011,010011110001,011110110110,011010101001,100111011000,1100000011101010101111101,111010100110
000001111100,101101001010,010111011010,000101011001,101000010101,111010010100,001101010110,011100011011,001001011001,101010011010,010010011101,101010110110
101001110111,100011001100,111011000101,100111010100,011001101100,101001011000,010101111011,011000010110,001111110101,101100011010,111110011010,100011110110
011010001000,101010010111,100011000111,100101011101,101001101000,011111010000,110000110011,011001101111,110100001100,111011001010,101111000111,001010100111
100101011010,001100101101,010011110101,1101001010101010101100100,100111010001,101010111001,011001100110,110111011100,110100011011,110100011110,111010101101
010010111100,111111101011,011111111100,101001100011,110001100111,101101001110,001111010110,100000110111,101111101010,110000100110,100111110101,101001111110
010010111111,110111100101,011010010100,001000111011,100110001011,111101010101,101111010110,011100100011,001111011010,010111010001,101011110101,000011101110
1010100011011010011001011,100101000111,010101110011,010010101011,111110001001,111101110110,111001101001,100111011010,101100001111,111011010111,101011000011
101001110101,100101010000,111101000101,001101011010,110110101101,011000110010,101111011001,001101100111,001011001110,111100101101,111100111000,000010110110
011111001000,010000111111,110001010001,111100111011,100010101001,111010010101,001001011110,111010101010,001111011000,010100000110,101101111001,001010101110
111010001000,110100011111,001101001101,100100010111,000111011010,010111110101,111101110110,110010101010,110110011110,100101011100,101011101101,100010100011
1010110010011101000011110,111011010001,100110011011,010101111100,001001000101,001101010101,000010101111,100111001101,010010111001,111101010110,101110100101
111001101000,100010101110,110101001010,000111010001,101001010010,101001001010,110101011011,010100011010,001101111001,011100011000,001010110110,101010110001
1010100010011111000001111,000010001111,110101110101,110101010100,111101001011,001010110010,011010110101,101100010101,101001001010,101011101101,101101010111
111010000000,111000111111,100010011010,010101011100,011010010010,001101001010,010011110101,010100101101,101101001011,000101011010,100101100010,010011011111
001110011101,000011010110,101101010011,101110010010,111001101010,111010110001,100101101110,011101101001,110101011101,011100101001,011001111110,001011010010
111011011100,101011010100,111101001101,001101010001,110001101100,111000000110,101011110110,111000011011,010101001101,110010110101,001001111001,100010101101
110101100000,101010011111,111010100101,011001011101,100101101010,101011000100,110101010111,011000110110,010111101000,010101101010,111011010101,100111011001
010111100000,111100001101,110011101011,100100101010,101101101001,100111010110,111110000111,011000100011,000110000111,110101101011,111110010110,101010101111
100011111111,010111110011,000101010111,111010100001,110001101101,011111010000,000101010110,011010100111,100110101001,110100001011,100010111001,110110100110
000110010011,110010001101,110011010110,011001001001,110101101010,101110010010,011111100101,011000100010,101111011110,011100011011,101101011000,001011010111
000101010011,110011101010,000110110111,110100100101,110100001101,111101010010,011101010011,011101011001,101110110100,111100101001,111100010110,11100101011100101001110010001111,101100,1101,11010100010110001001000,10,0101,0111001101011101001001011,111101010111110100100110110100011101110011101100,1,0,1101,10,0,0101110,110001111101000,1,10101,11001011001,0010010000,0110,10,011,10110011110101,00,10100,
111000101000,010001101011,000111010011,110001111101,100100101101,111111000110,001101010100,010001100101,110111101110,111000001110,101111110101,101101010110
1010100011011010001110101,100101000111,011101110001,100100100101,011001010010,111111010110,011010111001,101010100100,111101011100,101011110001,100010101100
111011001110,110100001101,110101001011,111000001000,001011011011,100100110010,111100001010,110110100111,010100111101,011100111110,101011010110,100110001001
101010001101,010011011011,101001000100,110000110011,100110011010,000111001011,111110111001,001001101110,101111111100,110100001011,100111010101,001010100101
011010001111,110000011101,111001000011,000101010011,110110011010,101001001010,011111110101,011011100110,110101100100,101110100100,011010110010,001001010011
010110101110,111001001011,000001101111,111100100001,110110000101,101011010010,101101010001,010010111011,110110110100,110010001000,101111010110,111010100111
0100101111110110111100001,111011010110,011101010010,000110001011,111101011010,101010010110,011100100111,001111011110,010111001010,111100110110,000011111110
110011001111,101100000100,011111001100,000011111110,110111111000,010000010110,011111011011,011110100100,000100101111,111101101011,100100011000,100110111101
100101011000,100011101010,010011101001,100001011101,110101100101,101001010010,001100101110,111101011010,101010111001,101101011001,010101010110,100010101111
111100000011,010011101101,100001100011,111001010011,100010101010,101011010001,111110111111,011001100110,101111101100,101101011010,100111010110,011010100101
011011010100,011100101100,111110001100,000111011011,110001000011,111010001100,001110011001,101010100011,111000111001,010111100011,100111111101,101011001111
111001010110,101111101011,110111000001,1111010111010101001100001,111001001010,001111011010,101010100111,011100111001,111100001001,111111000110,100010110001
011010001111,110011001001,000111000011,101010101100,101010101011,111111001001,110101110101,010000111111,010101101110,111100101010,101111110101,000001010111
111011001001,010000011101,000111001010,111100000010,101101011011,110111001001,101110101010,011011101000,100110011000,111100001110,011011100101,101010010011
011010001100,010000111011,111001001011,010000110011,110111111100,001001010011,011001110110,010010011101,100110101010,010110011100,101011010101,001010100101
111011101000,101011001111,110000010101,110111010101,010001100010,100011000110,011111011001,0100011011110111111101000,110101011010,110110010101,100101110010
1011111010011010001010101,100101010110,010110010001,000010110011,110100101001,101011010111,011010101111,100110011000,110000010101,100101111101,001001011011
111101101001,100010010100,111101011011,100110011011,100100101101,110100101110,101101011011,011001101001,001011111110,011111100101,001010011111,100010101101
1010100010011111000011101,100011001011,101001000101,111101100010,101101001010,101110110101,010010101000,100101111000,011010101001,101011110101,000111101111
000010111011,010100110010,100110010011,101010100001,110001101101,011000111100,000111010110,011000110111,001001000100,001011101011,100100111101,111011001110
0011110000011110010000111,001101011111,111110100100,101001101010,111001001001,101011110010,001011101110,111101001111,111100011111,101110010001,101000110011
100100111010,000011001011,011011010111,110101000101,101010001011,110010010010,010101101101,011010100110,110101101100,111101000101,111011111000,100010101101
101010001110,001100111011,111001000111,010001011101,011011101010,111000000011,011000110110,111000100101,100101111010,110011100100,101010010111,001010111111
101001110111,001101101010,010111001010,001011011110,010110001001,111101011100,001111011001,011011101011,001111111101,011100011011,100101101001,000010111000
111001001000,010101100011,100010011010,010110111101,000010111010,010101010100,011101110001,011011100101,001111111000,001011011010,100010100101,101010101111
011011001101,001111010010,100111011100,000100011100,100111111010,110010010101,100100110110,000001101111,001101110111,011011111011,110010010110,101010111110
111011001110,110100001101,111101011000,000100011011,101110011011,101100110010,111111111001,000011010111,111011110000,001110011011,111011010001,001001011101
011110011000,101000111110,000111001011,101011010101,111001101100,001011111101,000001110100,111010100001,110111001101,011000001001,011101111011,101111100111
000110011110,101100001001,111011000111,101110011001,110001100010,100101010010,010111100111,0010001011010111110101110,011100101111,110010011000,111010110110
001100000100,001101010001,001001011111,100100110101,101010101011,111010010010,100100110010,011001101010,110101101100,111010011101,111011011000,000011001110
001100010011,1110001011000000111011010,100101010101,101101001010,110011010110,001001111101,011011101001,110111101100,110100101011,100111011110,101010100001
110010101010,011001101101,111011110001,010001010010,101010010101,101001010101,101101010110,000011001101,110010111110,111011011010,101001010101,101010111001
011110001111,011100010010,0
111001111000,100011011010,110110001011,101101011011,110000010010,011001000110,010011001010,011100101010,010110110001,011010101011,011001011110,100011110011
001100101100,001011001010,000111010111,110100110011,100010100010,111110010111,000001111010,011000101010,110110011101,111110110110,110100010110,111010010110
000111011111,000011010001,001000110111,111110101000,100010101011,111000110011,010001101010,011010110010,101111011100,010101011010,010100111001,001010110100
011011010001,101100111111,100011010101,110101011000,100101001001,111101010101,000111101010,111110100110,000111010100,111010011010,001001111010,100011101001
111001011010,010000101010,111001011101,000001011101,100110011100,111011010101,001111011110,010110101010,101001101001,010010010101,011001110010,101011101001
011111000000,110000001101,111001100011,011000111011,110001101010,101010110100,101101100101,011001101010,110111001001,111100011010,010101010110,001011011011
111001010110,001011111011,111011110001,011001010001,111100001111,1011010010010010011010101,110111101001,100101001100,001100111011,111111010010,001011000001
111010001000,001011111111,100111010111,110101010011,000110101000,110011010101,111111111100,111001110001,110111101110,011101011110,110011000110,101010100010
011111100000,010101101011,100001000111,110100110011,100001101010,110010110100,111101110110,101000011111,001111011000,111111000100,100111111111,110010000111
100100111010,001011001101,011011010111,110101010011,100110001001,111110010010,101111001010,111110101010,110111001110,110000000110,111100111111,101011100010
010111100000,011011110101,100011101101,010101011010,100100101001,111011010101,101111010111,011001100111,110101010000,101101101011,100111010010,001010100011
000110010011,110010010100,001101110111,111110101100,110110000101,010011111010,001011101110,111110101010,011110001110,011101011001,111101111111,111101000010
110100100011,010111101001,110010100100,010101010101,100100011010,101001001010,111110101010,101010101110,000111011010,100101101010,111100100101,000100111011
110110101010,101011101011,111010101001,110101001010,110011010101,101011010100,101101101011,010010100010,001110111110,100010111010,011010010010,101011010111
101010001100,110100001110,111101000101,010100110101,001011110010,101101110010,101101111010,010101011010,110101101010,010110101010,101010110101,100011111101
111011101000,011001001101,110010010011,110100110101,101010010001,101101001001,101101010101,101001101011,110111110000,111010101011,100100010001,101011000111
1010100010011111000011111,100001011001,110100110101,101010101010,101100010101,011101110101,011010101110,110101101100,010101011010,101011000110,001110110111
111011001000,110100010111,101101011011,101100110011,100010100100,111011001010,101101010010,101010101111,001101010110,010110011100,101100100001,111010101111
0110110101000111000001111,111010000001,111100011011,101011101000,110001000100,010101011001,101010101111,110101011000,100110101010,101010010001,101010100111
101011011101,100011010110,110110000111,011111010010,110000101100,110110110101,001111010110,010010101010,010111101001,111000111011,011000111001,100010110010
011010010110,110010001111,100101010100,010101011100,001111101000,101011000110,111111111001,100010011000,100111111100,011110000101,110001110110,100010111111
000111111100,110100101001,111111000000,010100011011,110111111001,111100110010,001111011001,010110001011,101111101010,000000100111,011010111000,000101101101
100100111010,110011001001,010111001001,111101011010,101010001010,111110110110,010110110110,111111011000,111101101010,101100100111,011110010110,101011010011
010010001111,110111001101,111000001000,110100010011,110001101100,101101001010,101011111010,101010100010,110111101010,100111010011,110011110101,000101110100
001100110011,010011011010,000001010111,110101100001,110100101110,101111100010,110110100101,011001101100,101100101000,110100100101,101101011110,00101101011101101011110101011001,110100,101101101000011,110001001000,1011101,1110101001011101,10100,11,10010101011111010010011011010001,010010010101001,1,110010,00,1,0101000,0,1001110101001,1,11111,0100101000100010100000,1011000,111,101000101111,1,110101001
000110110011,110010010101,100100010111,110111110000,101111100101,110010110010,101011001010,101010111001,101111001110,110100000111,101111111101,111001010011
0110110101000111100110011,111001011101,100011011000,100111001001,111011010001,101110110110,111010101011,110101011000,110100011010,111011110110,101010101111
010110100011,011111001001,111011100010,110100000011,101000010101,011101001010,101101010110,111000101010,000100101110,011010000111,100111010011,111010101011
111001101000,010001101011,100101010011,101101011011,100010100010,101100110100,101010110110,111000100111,000100101101,111100011110,011110110001,100101011110
011111100000,000111111011,100000010111,111100110001,100001001011,111010010000,111111000110,111001100110,001111101100,010011011101,101100011101,001011001010
010111101110,111100001000,011001011010,000110011101,101100111001,101001111010,000011110001,001000110111,111111101110,010011001011,110111110000,000101011111
1100110111110110111101001,100011110000,010001011010,101101001001,101011011011,100011011110,111010100010,011111010010,011100011111,011011110100,101101111001
100100111010,110001001010,010101001011,100101011011,110110000101,111010110010,101010110110,001111010011,110011011100,011100111010,001101111001,100011010111
001111010001,110011100100,100011000111,101011111000,110101001101,110001001101,000011010101,011110101111,101110111100,110100101010,011101010110,001010101111
111110011000,100011111100,101110001100,001001011111,011110001011,111010001100,010111001101,011110101010,011101110100,011000101111,110011011001,001011110101
011111001000,010000111111,100001010001,101000110010,101010101010,111010100101,101101110110,100001101110,101101011100,111100011100,110111100011,101010101101
111001111000,101010001110,100111010011,111101011010,110101100100,010010000101,001111010011,000110101010,011001111001,011101101011,100011111110,101111110110
010111100000,101110010110,111011100100,010100001010,100101111000,010010100110,001001010110,111000100111,011110010001,110111100010,100100011110,101011000101
011010001111,010010001101,100101000011,010110011101,101001101001,011001010010,111101011111,011000110110,110111011000,111111011001,111110010001,001110101100
011111110000,110000010110,100101011011,101101011000,010110101100,011010100100,010001010010,001101100111,101101011101,110100101001,101101011010,101010100011
011011001001,101000110110,111001010101,100011010100,010111011100,110100000110,000111011001,110001101011,101101011010,110100101010,111011001111,101010100011
111001010110,010000101010,110111001101,001001011011,000111100011,110001001100,101100011110,111010010011,101010011101,010010101101,101111110110,100011100011
110010101010,011001101011,100010100101,110101010001,110101101111,101111001010,101100100001,011000101101,101101001010,101010100101,110111000101,101011001111
111001010010,101011101110,001101101100,100001011101,110010010010,001111011010,001011011010,110100100101,110101101110,010100010101,101011110010,101011110001
010111100000,101111011011,100011101011,111100001101,010110101010,101010110101,000001010111,011001100011,110110101000,110110000101,110011011110,101011000110
010010001111,110111001001,100000001110,010001110001,110000011010,101101010010,101101111101,001011011111,000100111100,101010011011,101011010101,100100010101
111001010110,010000101001,100111101000,011101010001,100101101010,101101010010,111110100000,010010110010,011101101010,000100011100,011011110101,101000110001
1110010010011101011011011,100011101011,110101001100,101100010001,010101010110,001110111011,011110100111,011111011010,111101000101,101011010000,100111000111
011010001110,010000110001,100100001101,011101111011,110001101000,111000100011,001001011010,011011011101,101101011000,110111100100,111000110101,000101001111
100100111010,100011001011,011100010111,100101010101,101001101010,101101110010,110010101011,011010101110,110111001101,011100001010,111100010101,111011010100
001111000101,110010010101,001101000111,101110110000,101001001011,111001001011,101101110101,011010101001,101100101100,110100101010,101101000110,001010100101
000010111100,010100110010,110101000101,010001111011,110001111000,011110110000,011111010011,010001101011,101011001101,010100101101,010011111110,001000100101
110110101010,010101101001,110111001111,110000111011,110001010001,111101010101,001110110111,011011111101,000110101000,111101101011,101111011001,000111001111
111001110000,001011011111,100010010011,010101001101,010110010010,101011001100,101101011001,011010101010,110101101000,110010011010,001011110001,101010111010
100111111111,111100000100,011011010101,100110100010,110110101101,011011110100,001101010111,010010100111,100111101110,110100011011,001100111001,110101111010
011110010000,011000110110,100111001011,101101011011,110001101100,101010110101,001111011101,110001101010,101101101100,110010101011,001101011011,101011000101
010111000011,110111100001,100001111110,010100100101,100100011010,010101001011,110110110110,001010110111,111100001010,111110000111,111011100000,100101010111
101110010111,010011010110,011100011111,101110101101,001010001011,001111110010,110111101110,111110010010,001010111001,110010101011,111100111101,101011010101
111010001000,011000111110,1110010000101,10110111101,100011011010,101101001010,001011000101,011010100101,011101111110,101100001011,100110111101,000110110111
1111010000011010101001101,100001010001,010101011011,110110011001,010001001001,001101110100,111010101110,110111011110,011000001110,001011110111,111100101010
111001010110,101011001001,111100011101,100111011011,110001100000,011101010110,101000111010,111000011001,001000101110,100100011100,101011110001,100011111111
011011001101,011100011010,100111000010,000110111010,110011111000,111100110110,000001111110,011000100111,000111111110,011111000010,000001111100,100111110110
000110010011,110010010010,101101010111,101110100100,110110001010,110001011101,101011110110,111101101010,011100001100,110100011011,101101111011,110010110011
100101010111,110011101000,010111001011,101010101101,111001111100,011101011011,000100101011,011010111001,100011100100,111100100111,011101111100,000011010111
000110010000,001100011111,111010001011,100101011001,110010101010,011010010101,100101100110,111000100111,011100011110,010110111011,111100001100,000001011010
011010001110,010000110001,100111011101,011100101001,010110101000,111111010010,011001100111,000010110111,100110101100,111110011101,011011011001,001100010011
010010110001,101111101100,011011001010,101001011111,010110101011,111101010110,000101000110,011110100111,001101111011,111100001011,111000011100,000011111110
111101100001,101011111011,111010010101,110100111100,100001101010,111001001001,000101110101,011010101110,011111011100,011100100010,100111001101,001010110101
111001001000,010101101001,100101100010,010101111010,100100111010,010011001011,101110110001,011010100100,110110011000,111111100001,100000110001,101111000011
111011001110,010000001111,100100010011,111000010011,001011100010,011111010010,111110111010,111001101010,111001101000,010101011010,101011100101,101010101011
0100101111100111011101011,111111110001,111100111001,001111100100,101110010000,100111011011,1010001101010110110111110,111011010001,111000110001,111001000101
000010011011,010000010110,100101010110,000101110011,010101111000,110111010001,101111011110,010000101001,110111011010,101100101011,110000111001,100110101011
0100101111100101111110010,110111001010,001111011011,010001001001,111010001110,001101001110,011110101011,001001011001,010100011011,101001101110,001010111100
111011001001,010100011100,111101011100,000111011111,000101110000,110010000110,101111011111,011001100001,101110101110,011100000111,111011100001,101101000111
111101010110,001011110111,001001100101,111101010010,101010101001,011011110101,101000100110,111101100110,101010001001,110011011001,110100110110,011010110110
010010111111,111111100101,011001011110,011101110001,000110101001,010011110010,001011000110,101010111111,110110111010,010110000010,100100111001,111001101110
101010110110,111000010110,110101001001,010011011011,110100111100,011011000110,001011001101,101000101101,010110101101,110010010011,001100011001,101111111111
100101011011,110100001010,010111001101,100010010111,110110001010,111001010010,011101010110,111110100101,101100101101,101000111110,011011110001,001011010011
001111000101,110011000101,001101110110,000001101001,101010010011,110110001101,101011010110,011001100011,101111100100,111111011110,111010010010,101000101111
000011101101,100011010100,110101001011,011100110010,110110100101,001001010101,001111010010,011101101010,001000110010,111100011001,111011011001,001101010010
000010111100,110100110010,110101001101,010011010011,110001111001,111011010111,101111001110,111100001001,110101011010,101000100011,011001111111,111001001111
111001010010,001010011111,000011100101,100100010101,101010101011,1010101000010110111100111,000011101111,111110011100,011100100100,111111010011,10101000110110,11010110000011111000100000100,1110010111,110000101100,111000101010100110100001,11001011,10010101011110011001111011011001,011110000101000,1,001110,10,0,0111110,101000101101001,1,10110,10000,11000,1010110000,1111010,001,10100011110101,10011110,
111011011100,001111111000,111001111100,001111001010,000111101011,111001000110,001111001110,011000000111,100101111011,010100010100,100010111001,110010110111
110100101010,101010011111,110010100100,010101011101,101001010001,001001000101,101110110011,001010100110,010101001010,011101100111,100111110001,111101010011
101010000111,110000011100,111001001011,011100010010,101011101110,101001010010,011101011001,001010101001,101011011011,111110101010,111010111001,100010111101
110011011011,011100010100,011110101011,101110100010,110001010101,111011101001,001101010010,111010100101,100101001101,010011101101,010001111101,101011000111
001100111100,101101000100,000101011111,000111000011,010110100101,111011010100,001111100101,011110100101,101001011000,110010101011,100100101001,110110110101
111101110000,101001010110,010101011011,101011001011,101010010100,010110100101,010111010110,101010100011,110101010001,101010111011,101101001011,111001100101
001111000001,101100001110,000111101111,100110100001,010101111100,110001100010,100111010110,101001011001,111011011100,110010101110,110101000110,110011001111
010111100000,110100001111,110010000011,110010110011,100101101010,101010100100,011011010101,011100101100,001101011010,001011011010,101010110001,000110100011
011010110111,110000011111,110011010101,110001011000,010110100001,111110000110,101111011110,111101010110,110110110000,100100001010,100101010110,100011111001
011110000000,101011101111,110001011011,001101001100,0111101010101001011010100,101100010110,111001101110,010110101110,011110001000,010001000101,101010111111
000010111100,110100101001,011111011101,010100101011,110111111000,111010010110,100111011010,001000101011,111010000010,011111100111,111111111000,100001011111
111001010010,101010011101,001011100011,110101011010,101010010001,101101110101,101110100110,100001100110,011000111100,111100001000,111111110011,101011001101
1010100011011001011011011,001010010110,010000110101,101010010011,011101001011,101101110110,010010100110,111111011110,011100011100,111011100101,001100101011
0100101111110110111101001,011011110100,011101100010,000110001011,101111111010,101111011010,001101011111,111111110010,000110001010,110111010000,101000111111
110011001111,010000010111,011011110011,111100100000,101000100101,010111110011,101100111010,011010100111,110101001011,011000001111,111011011101,100100100110
101010001111,010011011000,111001001000,010110111101,101100111010,101101001011,101011110000,001101111000,110100111101,111110010100,100011100110,101010110001
011010001111,101011010100,100100001110,011001011111,011110000010,001100110110,101111111110,010101011110,010101001101,010010011001,110011111101,100011011110
010111101110,101111101001,000010111101,111111000101,100001100101,101000001110,011101011010,110001010101,111010111010,110001101010,110100001101,001100110111
010111100000,111100001101,100010100011,110001010010,101101101010,011010101110,101010110101,010001010010,010111101010,101011001010,111011010001,001010110111
011011010100,1011111101110100111011100,000101011011,100000001001,101110010101,001101111110,101010101111,001101011100,111010010101,100011011101,001010110101
000110000111,110011001010,001001010011,111110100101,110101101001,111001110010,101111011010,001110101011,110111100010,011000010111,111110111101,100101011110
000111110100,010011010011,100010010111,111100110011,110010010101,011111010100,101111010010,100110100111,101101011100,011000100111,100101111001,001101010110
010111101110,100111111001,110000000110,011101010010,100001100101,101011001010,011101010100,011000101010,110110101010,011111100110,110110110101,000101010110
111100110010,100011101111,110110010000,011101010101,001001101010,101011010110,111111001001,010111010100,011110011001,011101101011,111010110001,001010101101
011111101000,000101011011,100101010110,010001011001,000110111010,101110010001,000101100110,011011101010,101111101000,010111011000,010101110101,000101001110
001100110011,101011001010,000111001111,110111010011,110000001101,011010010110,000111010110,110101100110,101100011100,010100011011,100101010110,101111001011
1111011000011101011001101,001011010100,100111011101,000100101011,101111010101,100111101011,0110011010000101111101010,010011010101,110110010100,000110101010
111001010010,010000011101,111010010101,110101011101,101011100000,101100010101,011101001010,111010101001,110100101001,010100101010,011010110001,111011010101
011111110000,110000010110,100011010011,101011111011,111001001001,101010110100,001111000101,111011101010,101101101100,111100101011,001101011111,001111001110
100100111010,000011001001,011011010011,111100100101,101010001011,011100110010,100111010011,010011011110,101111001101,111000100010,110101001010,101010110010
000111100101,100011010100,001011110110,010110100100,010110101011,101110110010,010101100011,010101101001,101111101010,110100001011,110101011000,001011110101
011111101000,101001101100,000011011111,110001010101,100101100010,110010011110,000111010110,111100100110,111111011101,011011101010,100111111100,100011000111
011010001111,010011010000,100101010110,011110110011,010000100010,111111010000,101111010110,011100111110,100111001100,110111000101,110011111001,100010101100
011111000000,001111110110,100110011011,101100110101,010000101100,111010010100,000101010110,111010100101,001011011111,011000011110,111000110001,110011010110
100100111010,001001001101,000111010011,110101010100,100010101011,101110100101,001111010100,011000101110,111100101110,1101100010010111100011001,101011010110
111001110000,011001011101,100011100011,110101010010,010010100100,101101000101,101110011001,111000011111,010110011001,110010001011,101100011010,100010101111
111001010010,010000011101,010010010011,010001110111,010111101010,111011010101,101010111011,0100001111100010110001100,011100001001,111110111001,100010101111
001101101100,101101001010,000111011101,100110110101,110101100010,110010010111,011001010110,011101010101,110111001110,011000101011,111101110101,100011010100
011111001100,110000001111,111001011010,010100111011,101110010000,101010110010,101111111010,10,000111101,101111111110,111110001100,111010000001,100100111101
010110101110,111000001101,010011100111,000111010011,110110011001,101011010110,101011101010,111010101111,010011001110,010101111010,111011010101,100101010011
0100101111100111110101011,100011001111,111101010011,110001100100,111101010110,001111010010,110000111110,010111101110,011100010110,111000111110,000011111100
1110011010011010001101001,100010010011,110011111101,110000011101,101100101000,001011010011,011011101110,000111101010,011000101010,100111110010,001101011111
011010001111,010011001011,000101000011,110110010011,110010101010,101110110001,110111011110,011000111001,100111101110,011111011111,111011100101,001010000100
000010111100,110100010110,110101001101,010010110010,110101111001,110001001100,101111001001,011110100101,110111001101,101010011011,100101111000,000101010111
011010001111,110011001011,100100001111,011001100101,100000011110,101011001011,011101110110,101000111111,111101011001,101100111011,110110110101,100011010101
1010100011011001011011011,100000001011,101101010101,101101000010,011101001010,101110110110,010011101110,010111001110,111000111100,110011110101,001101010010
100000111111,010011000101,010101010111,101001110010,100110001011,111110110100,101010110110,110101101110,110111010111,110100011011,111100011000,100011101110
111100110010,101001011110,000101010011,111001010011,001010101100,101010110101,101111010110,011000100101,110110011101,001010101010,111100011011,101011000001
111011011100,101010111011,001111111100,000001110001,000111100011,1010110100110001111011111,010000101110,100110111100,110100010001,111101000001,110010110011
111001101000,101011101011,111010110001,110001001101,001010010010,101101001010,111110100011,010010100010,110110101000,010101011011,110111000110,101010110011
111011011110,101000111011,001111101100,011001111111,100011000011,101010110110,001111100101,010001011111,110101101110,111100001011,111111111000,001011110101
010111100000,101101101011,110010101010,010101010101,001101010100,1001010100110101010110011,010000100110,010110111011,110110001011,000110010101,100110100001
110100100011,110101001001,111010001010,001001011101,100101010101,011001001010,011001010100,011100100101,001010111010,011101101110,111011010101,100110111111
111101101001,101011101001,111010011100,011100111100,000110001011,100101001001,101110111001,011010101110,001111111001,110001011010,110110110001,101011011010
110100100011,110110001101,110010101011,010101010100,101101010100,001001010001,010110110101,011110101101,010111011010,001101101010,100011010101,000110111111
001111101000,101000011110,100111101001,100101000010,010101111100,010011010001,100011010110,110010100011,110110101001,010100100110,110101011110,101101010011
110100001011,010000001101,111010011011,010100111100,101101110100,001001001010,100001001010,111010110101,011001001011,001001111100,111010100101,100110111001
010110100110,101111101011,000011001111,100101010101,111001100001,011011010001,011011101110,010000101111,111111101010,111101100001,110111010101,101101010100
110101101011,010100001101,100011010111,111100010010,100101101001,011101011000,101010111011,001011100111,000110011110,100101111001,100111011100,000011001100
1010100011011010011111010,100101000100,010001110101,110010110010,111111001011,101101111101,010010101001,101011101100,011100010101,011011111001,001010110011
1011110010011110000010101,001101001111,110010011011,110110111010,011111001001,101101010110,011010101000,101011011101,011100001110,011011101101,101010101101
111010001000,110100010111,101101011111,010000111011,110111111000,011101010010,111110100110,010011101110,101111011011,011101011110,100011100001,101000101111
100100101011,110101001010,010101001011,111011010101,101001100101,011001001010,101111010001,011010111010,100101011101,110000101011,101101111001,101111011000
111001010010,001011111000,011101011110,101001011010,100010101011,111011000101,001111011011,011001100101,101101101100,011100011011,101111110001,101011000001
000111110111,110100001010,000110001101,110011010011,110001101101,101110110100,001111011110,011101011101,101011101110,011100100111,001100111001,101011001111
100010111111,011000110101,011011010100,010101110011,010010000101,011111010010,101011101110,001010101011,101111011000,000111000101,110101111001,100001101110
011100110000,101011011110,000101011011,101100110101,101010000010,111010001110,000110101010,110010100111,001111001111,011010100010,111101110110,101010110010
100100111010,001001001010,000011010011,110101010101,101010101001,111010010010,001111001110,101010101011,110110011100,1110100110110111100011001,101001010110
101001110111,001100001100,010101010101,110101010010,101010100101,110010010101,101111101010,111001100010,110111011101,111000011011,010001111110,101011110000
101010001100,010000111011,100111001001,011110111011,110001001100,001111010010,101011111010,011011101111,001001011100,101100000100,101101010111,001110100101
010010111100,011111101000,011011001101,011111010011,110001100100,111011000110,001101011010,111110100111,000001011011,010010100110,110100111101,100010111010
111001010110,001111001011,000111100011,100101101101,110010000011,011101110001,010011011110,000010100011,110110111101,010010101111,110111110001,11001100011010101011000110110001,10110010011,0101000111,100011111000,1110000010101,0101111001,10000,11,01101100011100010011010101011001,010101011101010,1,00,010,00,1,00110110101001100001001,0,10001,10101,11010,1011100001,01110001001,101010111111011010101111
011011001001,100011010111,001011010111,011001101000,010010101011,111000010000,101011100111,011001101010,110111011000,010110010011,101101111000,001011000111
1010100011011010011001011,100101000010,011100111010,101010101010,101110110010,011001110010,011011101000,101100101000,111010010100,110011110101,000110110111
010010111111,111111010101,011011010111,111100010000,100001101001,110001011010,001011011110,001010101010,110111011010,110010000100,100001011111,101011101110
110010001110,110100001111,111000101001,011100010011,110001100010,101001110110,011101011010,011110100110,001010111010,010110100100,111010010001,000101110101
101001110111,001011010100,011011010010,001001011011,010110000110,101110110101,001111011010,010000100111,010111011110,111000010111,111100011101,110011110110
011111110000,110000011110,100101011011,100111010101,010010101100,111010000110,010101110110,011010001011,110101101001,010100101010,010100011111,100011110101
000110010011,110010001100,111011001011,101110010011,101001101100,111001010010,001101011110,011010101001,011001101110,111100111001,001001001001,101010100111
010110101110,111000101101,011011001011,110100011101,111100011001,100100110010,101010111011,110010010101,110100101010,111101000011,110110011010,100101010111
011010001111,110011001000,110110001011,011110011110,011101101010,101001001010,101011011001,011100101001,111111110001,110110101010,010111110001,100001011101
011111110000,010000110110,000101000111,110011110011,111001001001,111010110001,000011110110,110001101010,110101011100,110011110011,010101011110,101011000111
111000110010,101011101101,001001000111,1001111111010110001101101,011001011001,100011010101,011001101010,101011100100,010011000111,101100001010,111110001111
011010010111,010011110100,111100001110,011001010001,110001101011,111000001010,101111100110,101110011001,110101001101,110010100011,100100110001,100011111111
001101010011,001011101010,000111110100,000101100100,100110001101,010111011101,100101011111,001011101111,101111011100,011100010111,110110001010,111011010110
111011011110,101011011001,111101011001,100101011011,111111101000,111000000111,101000111001,111000101110,011011110110,110100011000,101010011000,101011110001
001111100001,011000100101,100011010111,100110110010,110101101001,111110100101,000111010110,011001101001,101101101000,111100011011,101011011101,101101000111
1010100010011111000011101,100010011011,110100110101,101001011100,010101001010,111110010110,011001101010,110110011010,010000110110,110111100001,100010100101
010110101010,111000100110,011011100011,100010100110,101010011010,101101101110,011011010111,010101010001,110111011101,010001100010,110101010010,101011010101
111001010110,101011101111,111000010101,000101000111,111001100000,111001010110,101001011110,010100010110,000101111011,010011101000,101011110101,100011101111
011010001111,110000011101,100101010111,011101011011,110001101000,111100001010,101111011010,011001111110,110111111000,100111011011,111110011001,000101010011
010010001110,110100101101,110011100101,001100011010,101000001101,101011010010,101111101000,101000100010,110101011111,001001100110,111011110001,001011011111
111110001000,001001111110,110101000101,100101011001,101010101010,101011000110,010101101110,100010111111,110101101101,010100111010,101111110110,100011000111
111000101000,101010011111,001010011001,111001011011,010110101011,101100110101,011100111011,011000000111,001110111111,000101100101,110110011001,111001000111111010011100,1010001110110110011,1101001111,010000001100,10,1101011101,0101010001,10010,00100010010011110010011111011010001,100110011001010,1,0,0010,10,0,1101100,101001101101001,1,10110,10001,01000,1011110000,1101000,001,10110011110101,00100100,
111011111010,101100011111,111101011101,111101001011,110001101000,010010001010,001101011110,111000101101,010110010000,010100011010,100110011010,110111111001
011101010001,101000101100,000111101011,111001011010,010011101100,010010111101,000100011110,110100100111,110011011010,110100001010,101100011010,100101111001
0100101111100101111101101,111100001001,101111011011,110001100101,101101011010,101100101000,111010011010,001010111010,000010010100,111011011101,000010111101
011010010111,110011101101,111101000001,010101011000,011110000010,101001001010,110001111101,110101101110,110110101000,011110011001,100111110110,000011011001
111010001000,011000101111,110011010010,010001011011,001011110001,101011010101,111101111011,010000011010,010101100100,010110010011,100011000110,100110101011
1110001010001010001101101,000101010110,010101111011,100010101001,111111110100,000111010010,010000111110,101011101010,110100011001,111110010101,111100101011
010010111111,100111100011,111000100100,011101011010,010010001010,101101010010,110001010110,011010101110,001010011100,010010011000,111010110100,000010111101
111011011000,010000110111,111011011100,001001011011,100011101010,101000110101,101110110110,111000101011,101101001001,011010100010,010101100101,101010101011
011010110000,011011110010,100111010110,110101110001,110001001010,011110010110,001111010110,101001100101,110111011101,010111011001,101000011110,100001101110
100100111010,110000101001,100100001011,011001011010,110110001010,011011010110,001110010001,011101011110,101111011010,101000011001,101101111001,000011011011
011111101000,010100110011,100101011111,000101011011,110001101001,111010010101,000001111010,010001011011,101101001000,111011100110,011011111101,001100100111
1100110111110110100100011,010111111000,001100100010,101111001011,011011001011,011101010101,011010100010,101101001000,110110011011,010101110100,001101010101
110101100000,101011101011,111010001001,011101010001,001101010101,101001001000,010110010011,111010100101,010111110010,001001101010,111011010101,100111010111
110011011011,001110010100,110110110101,100001000110,111001011010,110101001101,101011011010,010010100000,011011111111,110000000111,111100010001,101011110011
011010001001,001011111011,100010110100,010001000101,110010011010,101101000101,011011110111,010010101000,101111011100,010110011101,110011000101,001010101011
010010001111,100010010100,011111000011,101010101100,010101001111,101101101010,100111010110,001101100111,110111110111,011000001011,111101111001,100011011000
110110100011,110111101001,101111100000,011100100100,101010011011,001010101010,101011011011,011000101110,011010101010,100101001010,111011010100,000110111101
101010010111,010011010101,100101000111,101101110011,010010000011,110010101010,101011010110,011010100110,110110011100,110110101010,101101011011,101011010010
101010001101,010011011000,110111000111,010100111011,110000111100,010111001010,101101010101,011111101000,110100010100,111111101011,100111011001,100110110111
010010111111,100111000100,010101000101,111011010011,100001101011,001011110100,010101011110,011100000110,110110100100,010111000011,101001011110,001011110010
000111010111,110000101100,111001101010,011101011010,110111101010,101001110110,101111011001,001101010011,111111110110,100100001011,111010110101,000011111101
000110001110,001100110011,001010110011,111100100011,110010101010,011101110101,010001110010,010011100110,101100101000,010011001010,101100011100,001100110111
011010001111,100111001011,001101011010,010101110000,101110001011,001111001011,101011110101,011010110110,101110101100,011000010101,010111110101,010101101010
011111110000,110000010110,100101010111,100011011011,110000101010,111000110101,001101010110,011001101010,110110101001,111100001001,101101111110,001010110111
111010001000,110100010110,111000010011,011100111010,110011010101,011011101010,001101010010,010010110101,000100000010,111111101010,001011101100,100110111011
011010001110,110100001101,011100001010,011100111100,010111110010,001011101010,111101011001,011010001101,100110101110,010110011010,101010110101,001010110101
010111100000,111100001101,111010001011,110000110101,010101011010,001011010110,001011010010,011001010111,010111011011,011011101010,111010001101,100100111111
111101100001,101011110101,111010000101,011011011110,010011011010,110101010110,011100101011,011100100000,000110011111,010101101011,111011010111,100111001011
110100100011,110101001101,011011001011,101000010101,101011101010,101001101010,011110110101,001011110001,111101111110,111100001011,100111110111,000010101101
1010100011011010000011011,100100011011,000101011011,010110111010,101100110011,101110110010,011001011001,110111111100,101000101100,111011010101,000010101101
111010001000,010100111111,0010,1010111,110100111011,100011011010,111101001001,101101010110,10,011100110,100101001101,010111110110,101111100001,101010100001
011111110100,111000010010,000101110101,100111100001,110101100101,111011000101,000111010110,011000101011,101011001001,110100010110,100001011010,101100101011
010110101100,110100001101,111011000011,011110010111,101000101001,001001001010,101111010101,010010100110,011110111010,001111101000,111011010101,000110110101
011010110110,110011101111,000111010101,011101010011,110010001101,110010010110,101111001110,001111010110,110110101101,011100011011,100111111110,101101110010
110101101110,001011101101,110011001011,011101011101,101101100100,101001010010,001110101010,100011011110,011011111110,111101100001,100111110001,000110110010
111011011000,010000101111,100110011101,110001001111,110011101010,011010010100,111111010111,011000101111,101110001101,111100111010,011010110001,110010101111
110001011011,101011101000,111100111000,001101011110,101101000101,101010011000,000101000111,111000101101,101111111011,010010100111,110011110101,100010110101
011110010000,111000010110,0001000110101,01101011110,011011000010,111010101110,101111010101,011100100100,011100101111,111000111011,100100110001,101010110111
010110101111,110011001001,100011110110,010101010010,001000011001,101011000011,101101011110,010011100110,101111011000,101101000100,101111010101,101001010101
011011001101,100011010100,111111000100,010100010011,110001101001,111111101100,001011011110,011101101001,000101011010,111111100011,100101111101,000011110010
111001011010,100000111011,010110010111,111001110011,100011001010,101110011001,011101001000,111011101010,010111101100,111100000101,111101111001,001010100111
100100011010,110010101010,010100101011,101001011001,110101100100,011001101011,101011110010,001010011101,110011011010,110100101010,101100111001,111011010111
010110001110,011100001101,111000001010,010100110011,101001101100,001000111010,101011010001,101010000110,100011111110,000011001000,110111010101,110110100111
111011011100,000011011110,110111001101,010111011100,001111101000,111001000010,101111110001,111000101110,111000111101,111101100001,111111111001,000010110101
001010001101,110111000011,100101010110,011100110001,000110101010,111000001010,111101110101,011010101001,001111010100,110110000101,101011110000,001000101011
111001011000,100011111000,111010001011,100111000011,110000011100,011001001010,010010010110,010010001011,010111111001,010100110101,011001010010,101010100001
111001010110,010000101011,110111111011,001100010010,111001000101,100110010010,011100011010,111010100110,110111101001,110100101101,011111000001,101010111101
100100111010,110010001010,010100111011,101010011011,110010001010,111010111110,001111010110,101010110111,110001011101,111100100111,111100110101,100011011111
111000110110,001001101011,011001101101,111001011001,101010001011,101101010010,101100101110,010101011010,101111111001,011100010100,111011000110,101011110100
101011001101,010000010101,010101000111,101100110011,100110100011,111111001001,101011010110,011001011001,100101011100,111100011110,101011101101,101010100110
110101110010,110011101001,100110001001,1010010110110110001101101,101011010101,011111010101,011010010111,011001101110,011001111110,001011100101,001110110011
111111101000,001001111111,000011010111,110111010101,110010101010,111000010101,000101111111,010011101010,101100101110,111100101010,010111110101,001010110110
111101011000,101011010110,110100011101,100101000011,100101101100,001011001101,001111010101,111000100010,110100101110,110100101011,101011111110,100010110111
001111011011,010000110010,100111010111,100111001000,110101111100,010011010101,100111010110,011110011001,110101001100,100100110111,001001011110,100010101011
111101010011,101000010100,1000110100101,10111011011,100001101000,110001000110,001011010110,111000100011,001111001001,110100001000,110100111011,100110111011
011111101000,101000111110,100010011011,100111010100,111001100100,110010000110,000111001110,111010100101,011101101001,011100100110,000111001110,100100110011
011010001111,111010101010,000011111011,001001011100,011111100100,101001101001,101100110101,010110010110,111101111000,011001010101,100111000110,001100110111
111001010110,010000101101,111001111001,0010011110110110111000010,011010010101,011101010110,101010101011,101101111101,111100000101,011011010011,101011110010
111001110000,101001101100,111010001001,101111011100,010101010100,010101001110,001111011001,1011101001110001100011010,011010101001,110111111001,100010110101
111101100110,000111101001,111001000101,001111011011,110001100011,111100000000,111001100111,011001101011,110110010100,011100100111,110110011110,11011010110010,01010010111010010,101100,0011,1101000011,110011100100,1111100,11101,1100011001,11000,00,10011101001111110011111000010001,100101011001011,1,10,110,00,1,1101111,111001100001001,0,01110,10000,01000,1011000000,0011000,001,00100011111101101,0101,1
1010100010011111000011101,100010000011,111001010111,101010101101,111011010100,011011100100,011110010111,100111011110,010101001010,110111110101,001010110111
011010001111,010011001100,111001000110,010101011100,011010111000,101111110000,111101111110,100011101110,110101111001,110111001000,111110000110,001011110011
011011001101,011100000100,010100011111,100110111011,110101010010,110101010101,101011010010,101101011001,110111011100,110111100010,110100011101,000100101111
011111101000,010100100011,110101010110,010100110011,100001010011,010010100101,101110101110,011010100011,000101101000,110111000101,011001100001,101010100111
111001101000,100011111011,101010011011,001001011011,110000001101,111100110100,001101011001,011011011011,001101101100,111100110010,001011010101,000100101111
011011000101,010000010110,100011011100,000000011011,010110110000,010111010001,101111010110,011110101001,000101010000,111111100111,111001111101,100111000011
111001001000,101001101011,100010010011,110101011101,010110011010,100101101101,101010000011,0111000101100010111110110,010011010011,111010110001,101001011001
000111011111,110100000010,000111010110,010010011011,111000001011,111110010010,101011101111,010011101010,110101100100,111100000011,001101101110,001011010001
101100010011,010011101100,011101100111,110101110011,100010001010,111001110010,101101010101,111111011001,100111100000,111010100111,101111011001,100010111111
111101100001,110001001101,000011001111,110101110100,100100101010,010111001101,011111111011,011001101001,110100101010,011100100101,101011010101,001101011011
1000100111100010000110010,110100001101,101100100011,110001100101,111001001011,010011010110,011010110100,101011011010,110000101010,101001110101,001010101111
101010001111,010010111010,110100001100,010101111111,010011001100,111001001011,101011010101,011011110000,100110111100,111100001011,100111110101,000110111111
011111101000,010100110011,100101010101,110100010011,100110001011,101110010101,101101110101,011011100111,100110011100,001100101011,011101011001,001011100110
011010001111,001011010111,100001001100,011101110000,010110101010,101101010001,001100100110,011010111000,110110001100,110011011110,110011100101,001010110100
100110011000,110011001010,111100001011,100001011111,111010001010,001010110110,011001011110,111000100111,111001001101,111110001101,011011110001,101011010111
100100110000,110011001011,011011001011,111001011011,110010001010,111110101001,101010001010,110100101111,110111001110,111100011011,011010011101,101011010000
000010111100,110100101010,110101001001,010011011011,110000001101,111010110110,001111010010,111010100111,001010011101,101100101011,011100111110,100011100011
011010001111,010011001011,100001011010,011101001010,101010000011,111111001001,011001110110,011011101100,101111101000,111111001011,110110010001,000110110111
110101100000,101011101011,110010101010,010101010101,101001011010,000101010100,011110110101,011100101011,000111101000,000010011010,100010010000,100110111001
010111101000,011101101100,000011000110,1100001001001010100110101,110111010110,000111011010,000001100111,111110011010,010111000001,110110001110,101101001011
111001010110,010000001010,111111000011,000111111111,110001111000,011100000111,001111001011,011000100110,001111110010,111000101011,111000101001,100111111100
001111100001,110100000111,100100011101,111010110001,110101001010,111100010101,011011010110,011001101001,101011101110,101000111000,111011001101,101010101011
111101011010,001000111011,000111110101,110101011101,100010101011,111001010000,010111100111,011010000111,101010101010,111100010011,111110010110,010011000111
001100001100,001001001010,000111110111,100001100101,010101100010,011111010011,000101110111,010001110101,101111110100,101100101011,101101011001,110101010110
010010111011,010111100000,111011000110,100110010011,110000001011,111011010100,101111100110,011000010011,101101011010,110111100101,110100111001,001011101010
100101011011,110011101000,010111000011,111010001111,110100001101,111011010110,001011010110,110010101110,111001011100,011100111011,001111110001,101011011000
110001110011,101110010100,011101110100,110101010010,100110000101,1010111101010001011010111,010010101011,101101100000,010010001010,010101011010,111011110010
010110100010,101011101101,111011101001,110101011100,101001010101,001010101010,001010110110,111010101110,010101001001,101011110010,010101001110,101011010111
111111010000,1000111111110111110000011,111110101011,000010101011,1100010010
110010001110,110100001111,010011111001,110100101010,101000101010,011110110010,010111010010,001001100010,000111100111,011111010011,110111100110,100101010111
101001110111,001100001100,010011001010,001011011110,010110001011,110011011101,000101011010,010010101101,001011001010,011010001001,111001111001,110011111110
1111010000011110010001101,100011011001,111000110101,111000001001,110101001010,011101011100,101110101111,001101110111,011000100011,111011110111,101110111111
100010001011,111010111101,100010101000,010101010111,110101011010,000101001101,101110110011,011010000110,010110111100,100001001010,100111010001,001101011101
010110100011,110111001001,100010010111,110100100100,101000010101,101011001101,101101010101,011010100110,110110101000,101101100101,010011110001,001101011001
000010111100,001111010110,000101011100,100101010001,010010100101,101110110101,101111010110,011010101010,110111001100,110000010011,110101101110,110001100010
010010111111,010011000011,010111000011,111100100011,100010101011,111001010011,101110101110,101011101110,110111000100,011011101011,110100111001,001001010100
010010111111,110100001101,011011010111,001101011010,110110000101,111100010101,101011011011,011111101010,100111101100,101100000111,110101011000,000111111010
101010001101,010011011011,100101000110,010101110001,101010011010,101101001011,011101110110,011011101000,101110101000,011100001110,011010110101,000010110111
110101100010,101011101011,110011001010,011101011011,100001100001,101001110100,011101011010,101010101111,000111011001,110011000110,111010010001,100111000111
010110101110,110111001000,110000000011,100110111011,101001101010,111001000110,101001010110,110010110010,001001100010,111011001011,100111010101,000101110111
111011011100,010000111010,111101011101,001110011111,100010101100,011110011110,001110010111,000110100011,011101011001,111110110000,011111111001,101001111110
101010001000,111000011110,001101011111,010100110101,110110111101,001011000110,001101110110,011011101000,110110001010,110000001010,010111111010,001101110001
100101010000,000111101011,111000000101,010101011101,010100001010,111100011010,011111010000,111100101110,001011011010,101100111000,111010110001,100010110111
010110101010,101010100111,100001101001,111110011011,101010011101,011010101010,100010101110,011010100101,001101011010,101011111010,010100010010,101010110001
000010111100,111100010110,000101010111,110010110011,111110001001,101001101101,110011000110,110110101010,110101011000,110011011011,000101111110,101011000110
001010010101,100011010100,111111000101,011111010000,010101101100,110000110010,101111100110,011110000110,010011011101,111100001101,111000110110,000010110001
011111101000,010100110011,100111010111,110000111001,110001101001,011110000001,000111111110,011001101011,101010011100,111111011000,010101111101,101100100000
011111110000,110000010110,100100011011,101111010001,110101101100,110000100101,001011010111,111010101001,001000111101,111010001011,001000111111,101011011101
1010100011011001011011011,100011001011,111100110011,010000100010,001111110010,101101110111,011001101001,110100011100,011101001100,101111011101,000011010010
101010001100,110100001111,101101001011,011000011011,110011100000,101110110010,111110110110,011001010110,000111101011,011110100100,110001100101,111001111110
000110010011,010010110010,000111010111,010111100000,110101111101,010010010001,100110101110,011110101000,100000011100,011100010111,001001111110,110111001101
010010111111,110111000011,110100011110,011101010010,100000001011,111011010100,101111100101,010100101110,001101011100,100110000101,101011010001,001010101101
1010100010011111000011110,111011001011,100100011111,111001010010,111001001110,001011110101,011100100101,010010110010,110101101011,101010111101,000111011111
100111111111,110101000100,010101011110,010110100011,100110001011,100111110010,001101011110,011010101011,110110011010,111000010101,000101111001,101010101011
010010110010,111110001101,110011110011,001101001010,111010001010,011010110110,011011000110,111100101111,001101101010,010110011001,111101010110,000010110111
100101010111,000011100001,010011110101,101100100101,100100101111,101001010010,010111010010,010011100101,110101101010,101000101100,111011011101,001011010110
111101011000,001000111011,010101110101,111101010010,100010100011,111010110100,101100100110,011010100110,110111101001,001100111010,001101110110,100011110110
111001010110,010000101010,110111001101,111100010011,100001001101,110001010010,001111011110,111001111001,001001110001,011000101011,101001011110,101011101010
111011011000,101011011111,001111000101,111101011100,011010100000,111000110010,001100110110,110010010001,100111100100,111100100110,110100100011,100011111011
111001111000,010001101011,011101011001,101101010001,010110100100,101101110010,001100101010,111010101011,100110111000,010010010100,110101110110,101000101101
0101110111000011011101000,000011011101,010111011011,110101100000,111011010101,001011010011,011001101101,100111110000,011011100101,110000010001,001101110111
1100110111110110111100011,110001100011,101110100010,110000001101,111001010011,101101001110,111110101011,010101011110,010011001101,100101110111,100011101000
110100100011,010101001101,011101010011,111100100100,101010100101,100101101010,001110111010,110010110100,111011011011,110001001010,111010111101,110101011100
010111001111,111110000001,000001110011,101110101000,101000010101,111001101001,010101010110,101010111101,100101001110,111011100111,110101010011,101010101110
010110101110,101010001110,000011111101,100111010010,101001100101,101001010110,001111001010,111000101101,101001111011,110000101010,101101010000,101101010101
111010001000,011000111101,100010011001,110101011101,101010010011,110101000101,111110111011,011010101010,110101101100,100101000101,100011000101,101010100101
010010111111,010011110000,010111010111,110110110011,111000001001,100011010101,001101101111,111001101001,110111101100,011100011001,101101111000,001101001110
111110001000,110001001101,111001010100,010101010101,101010010010,011011001010,111101010101,011010101010,101011010100,100110001010,100101110101,101010111011
011010001111,010000010100,011101001011,101010111011,110001101010,111111100001,101111010110,011000101111,100100011101,111111011011,101100011101,111010000010
101010001101,001011011010,110111001100,010100011011,000100111000,000111010110,111011111110,011100101001,110111010010,010011011010,101000001110,000111111110
000010101011,010100110101,100101010111,110100110011,100110101000,011111010000,101111010011,011000100101,101111000100,111001101011,101101111000,000110100010
111001110000,101001101100,111000011010,000111011011,010101010010,010011000110,011111011010,0101001001010110111000001,010010010001,110010110010,101010111101111010011100111100101000100,0000,0011011101,100010110010100,0010,1111110110101001,10011010,00010101101111011010010111010,011010110110101101,0,010010,10,0,01010010111001111000001,0,01110,00001,11001,0011010010,0110100,001,001001000110,0,01,001110
000111110110,110100100110,110101010101,110100110011,110110001001,111110010110,101111011011,110110101011,110111101110,100101001011,110100111110,111001100110
111001010010,010000111011,000111110101,100101101101,100101001010,100111010101,110010111111,010001101010,110101101100,111100101011,101111010010,101010101011
011011100001,001111100100,111011010101,110110100100,110001110010,010011010110,000011011101,011001101000,111111101110,111100011010,110101011110,100100111010
111001010110,001111101011,010110010100,101101011101,001010000101,011011011001,011111001001,010110101010,001010101110,110100010101,111011110001,101110101010
0011011000011101101010100,000111101111,100101100100,110110011101,110010101101,010111011010,011101000001,111010011101,111000101010,110101011010,110011010111
010010111100,101111110010,011111001010,101101001101,011101001011,110101010010,100111100010,011010011001,010111111000,010100001011,111101111001,000010110110
1010100010011001011111011,100011001011,110101010101,101101100010,011101010010,011100110011,111010100101,101110101100,111110001001,110011111101,001101010011
100100111010,101001101010,000100010111,110001011100,101010011100,110101010110,101011010011,011100010100,110111111110,111000101010,111100111001,100101010111
011011010100,1010111111100110111000100,010001011011,110001100000,111110000110,010101011110,011110101010,101101101000,011100011001,000101111110,001011110001
111011011000,101011111110,100110011101,100000011111,110011010010,111010000110,011111011110,010110100010,111101101101,010100111101,010100111001,101010110011
011111100011,010000100011,100101010101,110110110000,100101101001,010011010100,100011110110,111000010111,110110011100,111100011101,100111110001,001100100111
1110011010001010101000101,111010011011,001100110001,100001011101,101011001000,111110101010,110100100111,001100110110,101100011010,011000101101,101011011011
011111001100,110000001111,111001010011,001000010100,011000100101,101110110010,011101011110,100101101011,111101101101,011111000110,111111000110,100010101111
001011001101,010000011100,110101000011,011101011011,110001101010,110000100110,001011011010,111101101011,001011011101,010100101010,111011111101,000111001010
110010001110,010100101101,110111110001,011000111010,101001011010,101001010010,011011010010,111010100110,001111100110,011111101000,101001110101,000110111100
011010001100,101011110001,001111001111,111001111100,000111101010,001110110010,111000111011,010001100111,111110011100,111100101101,111111110101,001001001111
010010111011,110111100100,110101011100,011101000011,110110001001,111111010100,101011001110,011010101111,001101011111,111100000101,100101011110,110011101110
111010001000,011000111111,000101011011,110101110011,101110101000,011111000101,001010011001,010011110110,100110001000,111001101011,101011111001,111101010001
111001010110,101011101011,001110001101,110111010101,110001101100,101101000110,110000111111,010100010011,110110101010,110100000101,110111110001,001101110011
000110010111,110011101011,011011000011,111110100001,110100000101,111101001001,101111001110,010101011010,011001011100,011100010101,101101111001,101011010101
010111001110,111010101001,000011111000,110100101101,101101101000,001011000010,001101110101,011000101101,100110100010,111011001010,110111010101,101101010111
011111100000,010101001111,000101000111,100100110011,100010101011,111110110001,100000111010,011010100111,101111010100,110011001011,010101011101,101011000101
011010001111,010011010010,010101011111,111110100000,110000101100,111001010010,101101010110,111110111110,110101001100,010110011011,110101111001,000011101111
100100111010,110010001101,010110110111,110001101011,110010001010,111110010100,101111010110,111010101010,110111011001,111100011011,011100111101,101001101100
011010010111,110000101111,001101010011,100001001011,101010001011,111011010100,100111010010,011101100010,010111110110,110111011010,100101011110,110010110001
010111001111,110011100100,010011011010,010110101111,100110010101,110011000100,001111001010,111101100011,110110100000,110100001011,110101111101,001001010101
111011010110,100010101111,111111001111,011101000000,111001100000,001101011010,010111011010,111110010110,011111101111,001100000100,011011110110,000011110011
0100101111110110111100001,100011010111,110011011001,110110001001,011101010010,101111011111,0111011011110000111101110,111000100101,101101111001,000011101100
111001010110,010000101011,100111111001,0000010100110110011010010,101100010010,011111011110,100111100111,011101101010,011111101111,001000011000,001010110001
110100000011,110101001101,111010001001,011000111101,101000011010,111001001010,011101010001,011100100101,001001001001,1001011010101101011110101,000110111111
011101110000,101001011000,000111101011,100101011001,101001111101,101001000101,000011010110,010110100101,101011101001,110100101010,010101011110,101011010111
100100111010,110010001101,011011000011,101001011011,110010000101,111101010100,101110110111,001110101011,100101001100,111100000011,101101111001,001011101100
011101110000,101011010110,000111110101,100101010101,100010101101,1100100101010000111011011,011110101010,110111101101,011100111000,110110011010,100011000101
111001010110,101011101011,1101111110010000001011011,101111101000,0011010101100101110101011,1000000101110011111111111,001111111111,111100011000,100001000001
101001110101,001101001101,011011010101,010100011000,101110111001,101010100001,010111010010,011010010110,110111101000,110011011010,010100010000,101101110010
110010101010,101011001111,110001101101,110101101010,110101100001,110010110100,100010110111,011000111111,010110010110,110101000111,101010011000,111011000011
0100110111110111110100100,011011101101,101010100101,110111101101,111101010000,100100111010,111010100011,010101010010,011111100111,111000111000,101011101010
010010001111,100011001011,111001000111,000100111100,101010101010,101010100011,101001110110,011100100110,111111101000,101110001100,111010010001,110011010111
0100101111110101111010101,011011010111,100101010000,101010011001,111010010101,101111001001,011010011110,110101101000,010100001101,101010011010,010110101101
111011101010,001011110111,100101010111,011101010011,110010101001,111110010101,101110100111,000000110111,101111101100,111101010011,101111010001,101010100101
111101100001,101011110011,100010010101,101011011010,110010011101,001011101001,101101010110,111101010101,110111011010,101000110011,111000011001,110101000111
1100110111110111100010101,011010011001,000111010011,101001101000,111011010100,001011010110,111100100101,110111011001,101000101001,100100110001,101111100001
100101010111,110011101000,010111001010,010101011111,101000000101,111111110010,001111001001,011110101010,100111111100,111100001010,010111011001,000011010011
110100100010,001010101111,111010101001,010101011101,110100100101,100101010100,010111011001,011000101110,010110111001,010011101001,111010010110,000111111011
1010011100011101011010100,100011101100,000101011010,101000010000,010011001110,000111010010,111110010100,010011011001,010100001011,011101011110,101111110011
011011001101,010000010111,100101010101,011100101000,101001111001,110000100011,101110110010,111001011001,110110010110,110000011110,110011110110,101101000010
111000110010,101011011110,111010001011,101101011011,010010010001,011101010110,001111011001,111100011010,010101110110,110100011011,111011011001,110011000010
000010111100,010100110010,010100011101,100010100011,110011000101,101011110101,000101010110,110101101010,101011010100,110010100101,100111111001,101000100111
0100100111110101011010101,000011000101,011001111000,100010100101,111010110101,101111010110,010010100110,110110011011,010011011001,100100111001,001011110110
010111100000,101101100101,000011111100,110100100101,000110101011,101011010101,101101010110,111000101010,110110000010,110010011100,110101001001,101101010101
110001111010,011101001001,110010001011,111100011110,101001000101,101011010100,011110010010,111110101010,001010111100,010011011001,111000010101,100110001011
111011101001,010101001100,111001000011,101010100111,110000100101,011111001110,000011011101,011010100111,000101111110,011000101011,101011111101,000111111100
111001101000,010101001010,011111001101,100100101111,100011100001,101111010101,001100101111,011100100001,101101101000,110010100110,101110011101,100101000111
001100010111,110100001101,111011000010,010101011011,101001101000,101000110010,101111110101,011010111000,101001101010,111100001000,010111111101,111010100011
010111001011,110111000101,100001011100,110100010011,101000101000,111111001000,001101010110,011011101110,100101001010,011111001010,100111000101,101010100001
0110110101000100111011111,111001001100,011101011011,000110101010,101110010010,010111011010,011000011010,101011101000,010110011000,100011010100,000011110001
011010010111,011111100001,100110011100,011101110000,001010001011,011011000011,110001110101,000101111101,100100101000,010110011001,100111010110,000010101111
100101011011,001111100100,010100101100,110101010011,100100001011,111101010100,101011010011,011011010010,110011011100,110100001011,110100111101,000111101110
010010111011,110100010100,111010001011,101010011011,110000001101,011011110100,001010110110,110010111111,000110110110,010010001010,100100011101,000010100111
010110101110,111100101011,110000001001,111000110100,110101010100,000011000110,101011001010,111010100110,011010111001,011001011010,110111010001,100100110011
010111101000,110100010100,100011101100,010100010010,010110101010,011011010110,001101010101,011010101010,000110101010,011110000101,111010111100,010101010111
1010100011011010000001101,110101001001,010101011011,111100111100,101100110010,101110010010,111010100110,010101101100,001001101110,000011110110,100011110011
010111001111,110000001101,110011001011,011000101000,110101101001,101101001010,001111010001,011010101110,000111111010,010000001010,100111110101,000110101111
0011010100111101011101010,000111110100,100001101101,100100000011,110011011001,100101101111,011110101011,1101100111000111100010111,110110011010,11101100110100,00011110101011101000100010101,0101010100,100101001100,101101101111001101010101,10011011,11010100011111010011111010010000,101110011101100,1,00,010,00,1,0101110,10,001100100001,1,0,111,10001001001,1010110000,1010000,101,10000101111101,11010110,
000110010111,000011100011,001011000111,101110101000,010010101011,111110110001,010001101110,011010001110,101110011100,011100011101,011101110000,001010110110
110100101011,001011101001,101011001011,101111010100,101101100100,101001010010,101110110110,011001100010,011011111101,111101101100,111011110101,110111001110
111011001110,010000111011,011101011101,111100111101,110001001010,011111001001,010110111110,010010010110,001111101011,111100010010,111111111101,101000100100
110101100011,010101001101,011010000111,100100111011,100010101011,111011001000,011111010111,011010010001,001011101100,111001011010,100111110001,101011010110
100101010111,110111110001,011000111100,010100010001,110110000101,101101010011,100010110100,101100111111,101111011100,010100010101,110111010001,101010101101
111001111011,101011010101,000111101001,111101001001,100000101101,111101010000,000000111110,101000011011,100111011010,110000110100,110100010110,111111100101
101001010111,100011101011,001011100101,010001100000,110101101101,101001110010,001111000010,101011111110,100101000100,111100000011,101111110001,101001110111
111100100000,101011101111,000011110101,110001011011,100110011001,011111010101,001111010110,111001100010,111111101010,101101101011,010111011101,101101000101
1010100011011110011011010,111001000100,010101011011,110010111010,111000110011,001101101110,010110100101,101111101010,010100001010,000111110101,100011110101
111011001110,010000110011,011101011101,110110111011,110011001000,111111000001,101010101110,111011110011,110101011110,010100011010,011101010001,000111101011
100111011111,010000000101,111001010001,101110010011,001010101011,111011010001,010111011110,011100101111,110101101110,101000001010,111001111001,000011100100
1010011110011010011001000,110111000111,111001011011,110000111101,111000100100,000101010110,110110101010,001110011000,110100100011,000001111110,110111000011
111001110110,010001101001,000111101101,101101110001,110110001011,011111010000,001011011010,111100111011,110001011000,110100001100,111001010001,101101110001
100100111010,110001001010,010101000111,100101010101,110101001010,111001010010,001101010111,011011101010,110110101100,111100101010,101101111110,001010100011
1010100011011010100011011,100100011001,010100110011,110010111010,000101001001,101111010110,011111100110,110111001010,101110011010,100011110000,001001011100
100010011111,110000011001,111011000010,000101011011,010011110010,001101010010,101111101010,010101001010,011000101000,100110000110,011011110101,000110111001
011010001001,110010011101,100011000001,010101011011,010110110000,111011001010,101111110110,011000101001,111011101010,011101001101,111010100010,001011010011
010010001111,010010001101,010000110111,010100100011,100111110010,101101001010,101110101011,001001011111,100110111100,000111000101,110110010001,101001010011
111010001000,011000111101,110010010011,100101010111,101000101010,101011001010,111110011001,000001110101,111110100001,011101100111,110110000001,101000110001
110100001011,110011001101,110010100010,011001011101,101001011010,001001001010,000001010101,011010110100,010101101010,011011001010,101011100001,001110101101
111011110110,011100011101,110110001100,001101011011,101101001001,100111001110,010111001010,011000010111,010111111001,010011010010,100111110101,101101110001
001100101100,101001001010,000111010101,100110110101,101010100010,111110010110,100101101011,010101101010,110111100110,111100101010,111100011000,101011010001
011010001000,001010101111,100001000101,100001010100,101010101010,101110110101,011000010111,011010101110,100101001100,111110100101,101110000010,001010110101
000010111100,110100101110,000011001101,010011011011,110110000101,111010110100,101111010010,011110100110,110111001101,101110100011,011001111100,100000111011
100100111010,110000101101,010100010111,110101111011,100110001010,111011111010,011101010010,111010100010,100110101010,101101101011,011011111001,101001010101
000111011011,101100010100,000011010011,101110001010,110110101001,111010110101,000110101110,011101011001,101111001100,111010001011,110101011110,101011000110
111001010110,010000101011,111011111001,001100010010,111000001011,101010110001,111100001110,110011011001,110100101001,011100101100,011011010001,100111110011
110010001110,110100001101,011011111001,011010011001,110111100100,101101110010,011101001011,000011000111,101101111010,101110100110,111110010101,000101011111
1100110111100110100101011,011110110001,110000010011,110011101100,101011110010,011001011011,110010101111,100101101010,100100100110,100111010101,101001100111
010010111100,011011110100,010111100101,110101100001,010111101100,1110001100110100111010110,111010100011,110010010101,110011100011,110100011001,101011000101
110111101010,100101101011,111011011011,000100010101,101101010101,010011001010,101010100110,111001100110,110111010010,101101101110,011011110101,101101010110
111000110010,101011101110,101010001011,101001011101,111001100101,111001000110,000001001011,111010100011,101111011101,110100010101,011011011110,101011111101
111001010110,010000001101,111010001101,001101011001,110000000011,101100110010,001101011110,010010101010,010100101111,011100010101,001001110001,101011110101
100100111011,110011101001,011011000110,010101111101,100010001011,101001010110,001111110101,011100100110,101101101010,111100011001,100110110100,000011011111
100101011000,110011001011,010101111101,110100101001,100100001010,111010010010,101010110011,001011101111,100101001100,111100001101,101111010111,101001010011
111001010110,010000101011,011111111001,000111011011,001101000000,100011110001,011100111110,110001100010,111111111000,111100001010,111011110110,100011100011
010010001000,100100111111,010011010111,110101010101,101010101010,001111001010,011010110010,010010110110,110111001101,011101111100,101110110101,100101010100
010111100000,011101101011,100011100101,110000100101,000110100101,101101010101,101110110111,011000101011,000010011010,110011001011,111100011010,101111001111
111001010110,101010101011,111010011011,0000010001111111111100010,001101010110,011001111011,110010010111,111101111001,100000101010,011011110101,100010110111
111101100001,010101001001,000101011011,101010100101,100110100101,111011001100,100011011110,111001101001,101010000110,111000011110,110111101001,101101001100
010010111111,111111000101,011011010110,001101110000,101001001101,100011010010,101011010111,011100101010,100101101000,010110000101,100101011010,101010101101
101111101001,010001001101,000100000111,100110010101,101010111011,110110101101,010010111111,011010100110,101110101100,101000001011,111110111001,001010100111
000111110111,001111110001,111010010101,011111000001,110001101011,111010010100,100101001110,011101011010,010111000100,010100001000,101100101111,001010111110
100100111011,010001001010,000101001011,101010100101,010110101101,111001110001,000111010110,001011010110,101011011110,111000101011,111101111101,100011010110
1010100010111110010011100,101100001110,010001101110,111111011010,011001001010,101110110101,011110110000,101011111001,010110001000,101011010101,101010111011
1010100010011111000011111,000011010111,110001110101,101010011011,011101010101,101101110110,111010100001,110110101100,100101001111,110111101101,101101100001
100111111000,101100010110,011101010111,100101000011,110010101011,111010010101,001011010101,010010100110,010101101101,111010101011,100100110001,101011110110
111101110001,101011101100,110010011011,101111011010,111001001101,110010101100,000101001010,011110101111,010101001101,010100000111,100111110111,110010101111
100100111010,110000101001,010111000111,110000011001,110010110101,111001000010,110110101010,111110100100,110011101001,011101100010,010111111101,100011101101
101111110001,101100010110,110101010101,100101010000,110100101101,110010000110,010101100110,101010100011,100001010101,110100000111,101101111111,000010111011
111111101000,001001111111,100011010100,010101100100,101010111011,010010010101,000101111110,111001101010,111111101100,101000010101,010011000101,101100110111
010010001111,001100010101,111001001011,111100010001,101101101000,001101010100,101110110010,111001101010,000111010010,010011010100,111000111111,000011001010
111011110000,100011111110,111101111100,000111010010,010110101010,001011001110,011101001111,110011011001,111101101101,101100011010,011011111001,001001110100
111010001110,010000011111,110011001010,011100111111,101001101010,101001010010,101001101100,001010011111,110101001101,011111011110,000011100001,001010110011
100010111100,110100010110,010101011101,101010011011,110010101011,111010010110,001111010110,011100100111,110100001010,010100011011,101101111110,111001101010
100100111000,000101001001,011001010110,000101011011,101010000101,111110110010,101101000110,011010010100,101111101110,111000001110,011100100001,101101010110
111001010010,101011101101,001000011010,100101010101,101110010011,101101001001,111100101011,010100010101,111000101100,101101100011,101000101010,101010110101
111011111000,101010010110,101111110100,100101011010,010110011001,001110001110,001011010011,010010100001,110110111101,011010101011,111011111001,101100110011
110011001010,011100010101,111010011011,101100010111,101011100100,011011001010,011101010110,010010100101,100110101111,010011101010,101011101100,101010101101
011111000000,110000001111,000111010110,010100111011,100110111010,110011100101,101110110101,011000101010,111110011100,101100011101,000110010101,100101000011
011111100000,010100101111,110101011011,001100110011,100001100011,001010110100,101111010110,110001100110,001111011110,101011000010,100111110101,101010101110
000101111100,010100101011,110010000101,011101001011,000110001001,111010010110,101001011110,111110011001,001000111010,110000011001,111100110101,000111011111
100011001111,100010000101,111001001100,010100110011,100110101010,001001001010,101011101101,011010110101,001101011010,100101011000,100011110100,000110101111
110101101010,001010011100,111011111000,000001111110,101101100101,100011011100,001111011010,111001100101,010111111011,011111001010,111011000001,100111110100111110001000110110101001100,1010,101101,111,000001110000,1010010,1101000111010101,10011011,01011101101111010010011001010,01,111011100101001,0,00,001,00,0,01011111111001111100011,1,10101,10000,11011,1001010100,0011100,001,10100011000100,01,011,0,
111101100001,101010111101,001011010100,100101110101,110110010011,101101010000,110011111011,011010000110,100110101010,010101111001,011011010010,000111010110
111001101000,101011101011,111001001011,111101011010,100110010000,101101010100,110110010011,001011010001,001111101110,001011111011,111111110010,000111000110
100111110011,011100001101,100101010111,110100100010,101010101001,111000010101,101011011110,011001101110,001111111110,111011011010,100100011111,111011100110
1110010010011101001001100,000110010101,100111011011,100100100010,010111000110,101111110011,011100110101,110110011110,110101100011,110110011101,100101000111
010010101110,001111101011,111001001101,110100111011,110110001000,101101010010,101100111010,111100100110,001110111100,011101111000,111111110001,000011011110
000010111100,010100010110,110101000101,100101010010,101110000101,111010100101,101011010110,111010100110,011100011101,110000110100,101000111111,101101010100
010010001111,110111001001,111000001011,010100100011,010110011010,001101101010,101101110010,001011011110,000101011110,100111001100,111011110001,100011010011
1100110101110111111100011,111000011100,000100101011,000111000010,001011110100,011011010110,011100110110,010110111110,010010000100,100011110001,100110111001
010110101000,011001001011,100011101011,010001010100,010101011101,100101010110,101110011101,010000101011,010100011010,110010001011,100111010110,100110101011
010010001011,010011101001,100011001111,110100111011,110000101100,111001010010,101001110110,111010101110,101010001110,111010011111,111000111001,000111010101
000110010111,110011101101,011100010011,111101011101,011010000101,101010101110,101101100101,011110101110,110111101100,011000101010,101111110101,001011010110
0001010001111101100000100,010110101001,111010100010,110100100111,110101101001,100111010011,001101011001,111011011100,111001100011,111100111101,100101001010
1100110111110110100001100,010111000011,001110110110,111011100100,010001111001,010111111011,010110100011,110001110110,110001101010,101001111010,001111110010
1111010010011101001001100,100011101101,100111011100,110100100010,010111000110,000111111011,0101010101010111111111111,011100101010,100010000001,000111000001
100111011011,110000010100,011101011011,101111001011,110010001010,111111001010,001111010001,011100100011,101111011010,010100101011,101101011010,100011101101
000010111100,110100101010,110101001011,011100010011,101101110100,001001001110,001111010001,011110101010,001011111000,010000101011,011001101110,000111101101
000010111100,010011110001,000111010111,011100100011,110010101101,111010010100,101011101110,101010101110,101101011100,010100010101,101101111001,101001010110
011110001010,110000001110,101101011010,010100101010,110101100010,011010101110,101111010101,011101101001,101110001001,101110001010,100101000010,101011011111
0100101111110010111000001,110101010110,011000011011,100110001011,111010010010,101111010110,101010101001,000100101000,110111010101,100101111001,001011001010
0100101111100110111101011,111111000101,101100011101,010011100101,111101000010,101100101110,110010100111,111111111010,110000011000,110111111101,000101110100
101010001000,111000011110,1110110010101000100011111,111010011010,101011001010,001100010101,011010100011,110101101010,101010000101,100011111001,00101011011110101001100010110110,010100,0010,1101101101,100010001001,0010110,1111011101111001,10011010,01011011001010010110010111010,011010111000101010,1,110101,1010,0101110,111001110001011,0,00110,11000,01000,100110000,11111000,001,10000111001101,00,00100,
011111110000,110000001110,110101010011,101011011011,110011100010,011010110010,001011011110,110110100011,010111001101,011010101010,011011111111,101010111001
101010010111,110010010110,110110001100,010101011011,100011101010,101001010110,011111010101,011100101001,101011110100,110110010101,101011010001,000011110001
111011011000,010000111111,111101010011,010101011101,110011001010,111000111001,110011010110,111010101010,110110000101,011010110101,000000111101,000010100011
010110101110,111100101011,000011111000,010000100111,100001111010,011011001110,001011001010,011000100111,101111011001,101101001010,010101110101,101001011111
101010001100,010000111011,100110001011,011100111011,101001010010,101100100110,111110110010,011010101010,010111001101,000000111100,011111110101,101001010111
100101010000,110100001101,011011000001,111000110010,010111001010,101011110010,101110110001,001101100110,100110111110,101010010101,101101111100,100011011100111000001101101111101001100,1111,0101000010,110001100101000,1100,11101,1101111101,10000101,010100110010110100000111110110011010110011001010,1,110011,00,0,11010111101001110101011,0,01011,10001101000,0000100001,1011000,101,10100011111101,01010110,
111001110000,011001011101,110010010011,110001011101,010110100010,101101000101,011110111001,111000100111,010111111110,110011001010,101011010001,100011000011
111000110010,101001101110,001011110101,110101011010,100011100100,011010010101,000110010010,010110101011,101110010001,010100101011,101100001010,101101110101
011010010111,110011110101,000101001111,101010111000,100001100011,111001101010,101111010101,011010100110,010101011100,110100011001,101101111010,001010100111
100101011011,000011101001,010100010101,110101010100,101010101010,111111010010,011101001011,011010101100,101110101100,110100100011,110100110011,110010110011
000010110011,110100101101,110100000011,010001110011,110010011010,101101010100,101111010011,011101011000,001011011010,101100101011,111011010101,000110100101
011111110000,011000110110,100100011011,101111010001,010001001101,111010110100,000011010101,101010011110,100101111101,111010101001,101101011001,001011001110
100011111111,110100000100,011100011100,011010110011,100001110101,111011110000,000111010010,001111100101,101011011010,110100101010,010100111000,000101100011
010111100000,101110010011,111010011010,010000011101,101100010101,100011010101,001101010101,011000101010,010101101001,111011100101,110011010101,101010100011
100110011011,110010001100,110100111000,101001011011,110100001010,101011011010,011011010101,011100100111,100111101010,111100001010,100111010101,000011010101
111011011000,101011110110,110111010001,101101011101,101000101100,011001010110,000011101101,011010101110,110101101101,111011001011,111011011011,101010110110
101100010010,110010001101,011101010011,100101011100,101010010101,101010101010,101101101000,111110101010,101111011001,101100101010,010101010010,101010111101
111011011111,010000010111,011001011111,111100010011,110010101011,101101010001,101101101111,011010101101,100111101100,010100011011,101101011001,001010100010
110100100011,101101001101,0011111101111011110100100,101000011101,101000101000,101110101010,111010100100,111011001011,100001011101,111011001101,100101011101
011010001100,100011011001,110111001111,010111011100,111000111000,101100001011,111111110001,011001101110,111001101001,001000000010,111010100010,000111010011
011010000001,111011011101,100010000111,110101110100,100100010010,101101001010,100001110111,011010110100,111101100100,010100101010,000111001010,001011010011
011111100000,101001101111,110010010100,011001010101,000010011011,101011000110,011101010110,011001101010,110111101000,110010001100,111010111101,101010110111
010111001111,010000100101,100011100001,100110100010,110101101010,101001001010,101111010100,111001100111,000011011011,011101001010,100101110001,111011010101
110101100011,010111101001,011010111000,110100100101,101011010101,010101010001,101011011010,101011010111,001010101110,111011000111,111111110101,111001001110
011010011111,000010001110,111101001011,001111011100,111001100010,111100111110,000100101110,011000100110,010100111110,010111111000,101011001010,000011101110
010110100010,111011101001,000011111011,110101010100,011010010100,1001001010110001101001110,110010010101,111100101010,010011101010,110110000101,101010110101
010110001110,111000100100,011011101001,101010101011,110100011100,011011011010,001011010010,111010011011,010011010010,010011110010,010101011110,100101010011
011100110010,101010101100,110101001011,101001011101,101101010000,111011010110,000011010110,111010101010,010111101100,011010101001,001011111110,101111110111
110011001111,010000010101,011010011011,101110110011,100001100100,111101001001,011110110010,011010101000,100111011110,110001010010,111000110101,100110101100
000110010111,110011101011,000101001111,111000111001,110110000101,111110110010,101111001110,011010100110,111111101100,011100111110,001111111101,110011010101
010010111011,011111100000,010111010111,111101100010,110000000101,111011010100,001011010111,111101111101,101110000100,001100011001,110101011010,111011010100
0011110000011110011010100,100111011100,010100101101,100101111010,110110001110,101111011010,011010101001,100101011010,011100001110,001011110101,111000110111
010111100000,011101101101,000011011100,100000111101,100110101011,101010000101,001111110110,101001101110,001011111110,0110110001110111011110001,101010000111
111001010010,101011101110,011111101001,110101011110,110011010001,101010110101,001101011010,110110100110,101001011011,010100101011,011111111011,101011110011
111100110011,110011011100,110101010101,111010111101,110110101010,111001000100,101101110101,111110101110,111101101110,010100110110,010110111010,001011110100
010110101110,111000101011,000011111001,110100100101,110001101101,101011001101,001111010101,010010101111,100110010010,010001101010,100101011010,101111010111
111001010010,101000101101,001011110101,1100010010110110011101000,101111010101,001100100101,010001101011,101111011100,110100101010,100101001110,101011100101
000011110100,110100110010,110011000101,010111010011,110001011101,111010010100,001111011110,001110101011,001011011101,110000111001,011101111001,101001100111
101010110001,101011011100,001111010111,101101010001,000110001111,111110001101,100101010110,001001101011,110110111101,110100010101,110101011010,101010111110001010101100010110101000100,0101,0101010111,010001001000,0110101,1111001001101001,11010100,10010100011111010011010100010001,100111010101101,1,110110,10,1,1011010,011000111001100,1,10011,10101,11001,1011110001,1010100,101,00100110011101,10010100,
010010010011,110111100000,111111000110,001100011011,110001001011,011110010010,101011011110,110100101011,000111011110,110110011010,111001011100,110010101010
1110011010001010101001101,111010001011,011100001111,100001100101,011001001010,101011011001,010010100010,110110111100,110000010101,100100110110,101111100011
010010111111,111110110010,011000010101,101110100001,010011001101,110100101101,101110101010,111010010010,110111001101,110100010011,100100111001,000011100000
101010001101,110011011010,101001000100,010101110011,110110111010,101001000111,011011101101,011010101001,100111111010,011100010001,001011011001,001011010001
000110101011,010100011010,100101000111,110000100101,110101110110,110011001101,000101010110,011001100001,111111011101,101101101011,110111010110,101010100110
1110011000011101011101101,000011001100,110101011011,010110010001,110011010101,001011111010,101000111001,110111101100,111100010010,101111110101,110100101100
100100111010,110000101001,010111001011,110101011101,110101001001,011101010010,110110110110,001011010110,110100101110,111101011010,001011011110,110101011100
100001111011,010000001101,110011000001,100101011001,101001101110,101101010010,010110101110,110100101010,010111011101,011100011001,111000000111,111010001010
011110010000,111000000110,110010011011,101101011011,101000001101,111010010100,011011011110,011101101110,010001001101,010010101011,100101011110,101010110001
0110110101000101111010111,000110010111,110001111101,100000001010,101010110101,011011011111,111010100010,110101011100,110011100010,010100011000,101011110101
100100011010,110010101010,010100001011,101001011111,110001001010,111001110110,001001010101,011101011101,100111101101,111100101011,111100111101,100010111100
000111110111,001111110011,100101010111,101111100001,110110001011,101110110001,100100101111,011011101001,001100011100,111100101001,111101111010,001010101010
100100100011,110100001101,110010000011,111001011011,110101101101,111001001010,101110101010,011101010110,001010111101,011101111011,111010010101,100100101110
1010100010011101011111011,100011001011,100101010101,101100011110,011011001010,011100010100,011000101010,011110101110,111000111101,111011100110,101010110111
110100100000,101011101111,111011101000,011001010100,011101000100,101000100101,101100010011,011101010101,010110111010,101010000100,111011010110,100110111111
000111110001,101100010110,110100011111,100001010010,100101101010,110010010101,010111011110,1100001010011001001011111,011100101010,111011111001,001010110111
100110011011,110010001100,100110000001,101110011101,111001100100,011001000110,010111010101,011100100111,010111101101,111100101011,101011010101,000011111010
011011001001,101001010100,111011011011,100110011000,110101111100,010000100001,101011110110,111000100110,001001001111,100000011110,100101001001,100110111011
011010001000,010000011111,100101011011,011100110011,100110101010,101010100110,001111010001,011001111101,100110001000,110110011011,100101010010,001100100111
011111100111,010000000101,000101000111,110110110100,101110101001,111000110001,100111001110,111011101000,101101101100,011100011111,011101111001,101101000100
011010110011,010010111100,111010000111,111001111011,010011001010,111100101100,000111010110,111001011111,000111011100,001110101011,101100010001,001011101001
000110001011,010011001010,000111000111,100110100101,110000001101,111111010001,100101111111,011011101010,100101101110,111100100111,011011011100,001010101110
110010001000,011000111111,110011101001,110100101010,101001101000,101011001010,101010110101,011010101110,100101010101,011001000010,100111010010,101110100111
111101100001,101010111101,111011010010,011100101101,100001011011,010011010100,001011100111,0111001011100001101101010,011011011011,100110110000,100111011010
110101100011,110101001001,111011000010,001100011100,010101011010,000101101010,011010110001,001000100001,001011111010,100011000110,111001010101,100110111011
110011001011,110100001101,111010000011,111100011011,110000011010,101011010100,111101110111,001011010111,001010111101,101101110111,111010111001,000101011101
110100100010,001011101101,110001110011,011101011100,101010010101,001011010100,010011010100,111011110101,010111011010,001010100110,111011110010,001010110101
011111110000,011000110010,110101011001,101111010001,010001001101,101110001101,000101001110,110111101110,010100110100,010100011011,101001011010,101010101010
011011001101,010000110011,100111010011,011000101010,110101101010,110011010101,101110110011,011001010101,000111011100,110100001001,101101111101,101100100010
011010111111,011000110001,110101001111,111101010011,100001101000,011001010111,101100110110,101001011001,010111011100,011011101101,010100111111,001010101000
111001010110,101010101011,011111110101,100001010100,101001100101,1011011010010001110100011,010111101100,111110101001,111100100111,110110010000,101101011101
111010001000,010100111111,100100011011,111100010100,010110100100,011010101011,100110110101,011010100101,100100000100,110011011010,101011100010,001101011101
111011111000,101010011111,111111001101,111101011011,110001101001,111101000110,100111011010,010110101011,010111000010,000011010110,111000111110,100011111101
111000110010,101011011110,001101110011,111101011010,110010000100,010110110110,101111010110,010100100111,110111010010,010110010011,101101011110,100010111110
110100000011,110101001100,010101001011,101011011100,101001101010,100101101010,001111011110,111100100101,100010010011,011100101110,111010110101,100111011101
000110010111,110011101010,000111010111,100110011101,110100001010,111110001111,001010101110,011110101001,101110100010,111100011001,010111111110,101001010111
111010011000,101000011111,111011011101,100101011011,110010101000,111010000110,001101111001,111001100110,110110101101,111100110010,100101111110,111011101001
001101010101,001100000101,110010010101,010101010001,110001101011,111000010000,011111010010,111001100001,110110010110,100100101010,110100110111,101010101110
011010110011,010010111101,1110,1000111,100101011100,111001101001,111000110010,101100100101,111010101001,100111001000,011111101001,110111011101,000010110111
000110010011,011100100010,100111010100,010101011011,110101110001,110110010101,101111011110,111100100101,001110001110,110000011111,001000011011,111001000011
100100111010,110010001001,110110001011,011101011001,110101101101,111101000010,100110101001,010110111101,100011011010,010101100100,101010110001,000111011011
010111101000,101001101011,000010111000,100101010101,101010011010,100101001101,010101001011,0100101101010110110101101,011010001010,010110010101,101010110101
011010001111,110011001001,000111010011,110110100100,111000101110,011001001011,010101110101,010010111111,100111101000,101100100110,101101110010,000111010111
011010010111,110011101101,000111010101,111001111100,011100001010,110011111000,101111111001,011001101010,101110111000,111110100101,010111110101,000011010011
111001110000,100010101101,111101101101,011101011010,000010001010,010110110100,110110110110,011010011010,010101101101,001110001101,001011010110,001010111101
010011010111,111011010100,011011111011,101100001010,111111101000,110010010101,101111010111,010100100011,110110010110,110011010000,111111010001,000011111000111010011001101101100001100,0011,100101,111,100011000110,011010101111000101011101,10011010101011011010011010001011001010001,01101000100110101,0,1010,10,1,11011110110001000101001,1,10111,10001011010,0010100000,0111011,101,11000010111101100,101,0,
111001010110,010000101001,110110011011,0101010111110111001101000,100100010110,111000100001,011011101110,101111100000,111100101101,110100010001,101000110101
111010001110,110100001001,111101000001,011111011101,111001100010,001001001010,001101111001,010010100111,011101111110,100111001110,101011110001,000110110011
111001010110,001110101010,110101101100,001101011110,010111000011,101010011000,101011011011,111010001011,001110111101,111100001011,100011101001,101011110110
110100100011,010111101001,111010001110,011100011010,100101011101,100101010010,101110110001,001010110110,000011011010,011101100100,111011010001,100100111011
111010001000,010100011111,001101001110,000000111111,101100010011,011111001001,000011010110,011011101101,101100101000,010010011110,110111000101,101010010111
010011001011,110100011101,000010011011,111001100111,100111100100,110011010101,001011011011,011010100110,100111001110,010101101011,111011011001,101100101101
111010001000,110100011111,101101011010,011100011011,101010010010,011101001010,111101010101,011010101010,100101101001,010110010010,001011010010,001010111101
010010111011,010111010010,100101010111,101100100010,110010101011,111110110101,100101011101,011000100111,100111010000,110100010111,111010011011,000010101010
111010001000,110100011111,101101011011,010100011000,111110111010,101111000010,011001100110,010010101010,111101100010,101110101100,011011100101,100011011101
111001010010,101011011101,111010011101,111001011101,100111000011,101101000100,110100010101,111110101110,110010100101,001010101011,101111010010,101010110001
111101001011,010010001101,111001011100,010100110101,100110101010,101101001001,010011101100,111010101001,101111011001,010100011000,101010101101,100110100001
010111100000,111100001100,111110000010,010000000100,101101011010,010101001110,011111010001,001001101111,011011011011,010010001101,110010001110,100110111111
110010101010,011001100101,100110010101,110010111001,101010010101,111101000100,101010110110,100011111111,101101011100,010011111011,101011110001,011001100011
000110010111,010011000011,000101010110,001101100001,000110101011,011110010011,101111010110,010000101010,110111011100,110100011011,111100111001,001001010100
111001010010,100000111111,110110010101,110101011011,100010011001,011101010011,101110101001,111110010010,110111101100,011100101011,001111010001,011010100011
111001010010,101011101111,001011010100,110101011101,100110000011,011011110101,001011010111,001101101011,100110011000,010100010101,110111100101,111010100011
111001110000,011001101101,010101101011,110001011101,101010010101,101101001010,010110110110,110100101010,110110011001,010100100001,111000000101,101011000101
001100010101,110111101100,000101011110,010101110001,110101111010,011001011010,011111011000,011101011001,101010101010,011100001011,101011111110,100010110011
111101100001,010101001001,000101000110,010111110011,000110101001,101111100001,101111010011,011001100111,100111101100,000100011011,100111010001,001110101110
100100111010,110000101010,000111010100,000001001111,101010001011,011011010110,001011010101,011101101100,101101011100,011100100101,101010010110,101011011111
111001010110,010000101011,011011110001,010111010011,010011111010,111100010001,011110100010,100000111111,001001111101,010110001111,101111110001,111001000101
0100101111100111111110001,100100011101,111001111010,010111000101,101011010101,101110110110,011101010111,110100111010,110111101011,101010010110,001010000111
111001010110,101011011001,001010001011,110101100101,101001101100,101000110001,011011111011,011011101110,111001100000,100000100100,110100111001,100011100111
100101010011,110111101100,010100110011,010101011011,110110000101,111011010100,110111010110,101001011111,001011011101,111100011001,101100111001,101011011011111010101100110111001001100,1101,1101001111,100101110000,11,1100,10110,1110101101,11101100101010101001010010010011100010,01,101011110101000,0,110110,10,0,001101110,1111101101001,1,10100,10010,01010,1011111001,1110100,101,10100010111101,00,101,10
111011001000,110100011111,110101010011,101100110101,000110100010,011101001010,111010110101,010010101011,100111101000,110100101010,010111100110,000110101111
000010111100,110000110110,110101010001,011010110011,101010001010,111110110100,001111001010,111101011010,001011000101,011000100101,111011111110,101001010011
111001111000,010001001101,111001010111,110101111101,100011000001,011011001001,101110011101,111010101110,101101011000,010100010100,101011001010,111010100011
001101110001,101011010100,110101010110,000101010000,101010010010,010010110110,100111010110,111000101001,110111011100,010100010101,010101111110,100011110010
100101010011,010010001101,111000001011,011100010101,101101100100,101001000010,101110110001,011111011100,000101011011,110100011001,101011010101,001010100111
100100110011,111111001000,010100001011,101001011010,111010000101,111010110110,011011010110,100110111111,101101011101,110010011011,100100010101,110010110111
101010001111,010011011010,011101000111,110000100101,110010110010,111111001010,101111011010,011110101001,111011010100,010110000011,101111001100,001010110111
010111101110,101111101001,111011111100,000111001010,110000011001,101011010110,011001101111,110110110011,110111111110,001100011111,010011111000,010100100101
000111010111,010000110101,100010110101,111000101010,101010101011,111010000010,101111001010,101010111001,110110111100,111100011011,110100001001,101001100111
101010001101,110011011010,110001000011,010111011011,110010100010,111110110010,111101111000,010110011001,110100100010,111110001010,100111111001,100010110011
111101101000,010101001011,100101011010,010101110011,100100101010,101011010100,101111110001,011000100101,001111101000,010011011001,100011110001,000110111001
100010011111,010011000010,011100011100,101110100011,110,00011011,010011100011,101101010111,011100101011,100101001100,100100010101,110100111000,101010100111
010010111111,010011110000,110101010110,011001110011,110000001011,111011010010,101101001111,011100101111,110110001000,110111100101,111100011000,001001010100
010111100000,111100001100,011011111011,100000101011,101011010101,011010100101,001011010001,011000101011,100101101000,110010101011,101111011001,100101000101
111011001110,010000110011,100111110101,110111100010,110000101010,111111010001,111101110111,011000100110,110101101000,101100011101,100111010110,000101010011
110010101010,011001101010,111011001001,100010111111,110011010101,101101001010,001011000010,011011100101,101100111010,010010101000,100110001110,101011000111
011111101111,010000010101,110100010111,101010111000,100001101010,111000110110,100101100111,011001101001,110110101000,110111010011,110100011001,001000101110
100010011111,010011110010,100100000111,101100100011,110001101101,101111010010,101111010110,011010101001,100111011000,110110010010,101011011001,101101010110
000110001100,001100001111,1100110010101010101011011,001010101001,101010010010,101111100100,001010101101,110101101110,111010010000,100011111001,101011010101
000111011100,110100110010,100111011101,101110011010,110110101011,111010011010,101001111110,111010100011,110101010101,110100110101,001101111001,101011010101
110100100011,110111001001,010001101111,111100100100,010011100101,101001101011,101110110011,001011011101,101001011011,010001011010,101110110101,001010111011
011111000111,110000000101,000101011110,011110110000,000110100010,111111010000,111101010101,011011101001,100101001000,101110011101,101101110000,001000101011
0100101111100110111101001,100011111101,011111011100,001000001101,101001001010,011011011110,011010100000,010101001111,011100011111,111011110010,001000111010
1100110111110110111000101,111001010100,011100110001,000011001011,111001110011,101101010101,011010101010,100101010100,111010000101,100101101101,000111101101
010111001011,110111000101,100001111111,111100100000,100100101010,111001001010,010011010100,110001111001,100110111010,010111100111,110011010111,000110100011
101011101101,010001010101,100101010100,010001110011,100100111010,110011011001,101111010101,011000100110,101110100100,010100001011,100101110001,001101010011
000111111001,110000010100,100111010111,011101010010,000110101010,111010010100,101111110110,111101101001,110110011101,101100101011,011001111001,100011010011
111001011010,101000111011,001111110100,100110100011,000011100011,101101110101,101110100111,010000100111,100010001100,010101100110,101111010001,101010001001
110100100011,110111001001,110001101011,010111010100,011101010100,011000101010,101101010001,011010101101,001001011000,011101010001,101111000110,001111010101
000010111101,010000110010,000111000101,101010100001,010110100101,111011010001,100111010110,011010100010,101111011100,110000100111,110101101110,001010101110
001100110011,110011001101,000100010111,011001110100,111010001011,111110010101,111111001011,011010101010,101111101000,011100011011,100100111001,101011011101
100100111010,000101001011,010101010100,011001010101,101010101010,111010110011,101100101011,011000010110,101111001100,111100010011,111100100101,011010100100
111010001000,110000010111,101011011010,001100111011,101101010010,011101001011,101110100101,010100101101,101011001000,010001010101,101011100001,001101011111
010010001111,010011010001,100001110100,010100100011,110110101010,101111010011,101101110010,001011100111,100111101100,111111011100,110010110100,001000010001
111001110000,010101101101,011010011001,111000111100,100011000101,011011010101,011011001010,111010101010,101110100001,110010010101,010100111001,100011101011
110011001010,001001111011,100101010000,110001010101,101010100010,101101010101,110010111110,111001101010,111101011010,010011001100,101011100001,101010101110
011010110000,111000010110,111001010011,100111010011,111000010001,010011010110,001011111010,111110100011,000101011001,111010011010,100101111110,101000110111
011010001111,010110000011,000101011111,111100100000,100011110010,110111001001,101101100101,011010101011,000101010100,110110100101,101111011001,010010101110
111011001001,101010011100,0001111000001,11111001100,101001101100,111110101001,000111001010,011001010100,011111011101,001100101011,100111110101,101110110001
111001010110,001011111011,111011111000,000001011101,001111001011,101101010010,110010101111,110010100011,101111101110,001100010101,111011110101,001011001101
001100101100,101001001010,000101011111,100111010101,010110100010,111010010110,100111110110,011100011100,110101001101,101010101011,101100011001,111011010111
111011001001,101011011100,111001101100,000111011110,000000111010,101111000110,101101100111,010010100001,110011010101,111101101101,011011011101,101010001101
110100100011,110101001101,111010000011,011001011101,101001011011,001001010010,011110110000,101101101110,001011001011,011101101010,111011110001,100101011111
011111010000,110001010111,100101010110,010101010011,000110111010,110011010100,111111000110,100010100101,110100111100,111110011100,100011010101,101010111011
1011100010011110011001010,100111010011,101010100101,101001010101,011101001110,000111011101,011010111011,010111110100,010000101010,101011011101,011111010111
100101011100,100100101010,011010001001,101100011111,110000000101,011010110000,010111010110,011110100011,001011011010,011100101010,010111111001,000011111101
100110011011,010000011101,111001000101,111001100011,110110101010,111110110010,001111010101,011101101110,101110100100,011000010011,101010111010,001011011101
010110100011,011110001101,111011001000,110110110101,101001100101,011101001010,000100110101,011000110001,000110101010,010011001011,100111011010,001110101110
111001010110,101011011011,100110011100,011001000111,110111100011,101101000110,111101010011,010010000011,100111110001,000010101110,110011010101,101000110001
100011111111,110100000100,000111010110,001111010011,100101100101,111011010100,001111011010,010010101011,001100001110,010100011010,111101111101,000101101110
000100111010,101010101001,110010001011,101001010101,101101001010,101010110100,011110101010,110101000110,011010101111,011100110110,111010011101,101010110101
111011001011,010000011101,100101000011,111111000011,110001100010,111001001001,101011111111,011001101110,000111011000,010100010100,100111010010,010110100101
001110010111,010011000110,000101010101,110110100011,110010101011,011110110001,101011010110,011100111001,101110011100,110101011011,110101010110,101110101110
010010111111,100111110011,110011010010,011101011010,001010001001,011010110010,101101001100,110010100100,010100100010,110111101011,100101111100,001011110000
110011001111,101100010100,001100100101,111111011010,100000101111,110101101000,100111011011,001110111001,110011011100,110001101011,110000010001,100111001101
011010001111,010000010010,100111010110,011100101011,010101101100,111000000011,101101011110,011111100111,001111011100,010111011010,100011111101,000110101110
111011101000,001011111011,100011110101,110101010100,010010101010,011101000101,010101110010,010010101110,111010101101,011101011010,111001100110,101010110110
000111010111,110000110000,100111010111,110110100000,111000100100,111111010010,010111001111,011010100101,101110101100,111000100111,001101110010,000111010011
011010010101,010011111100,111011000111,000101001100,111110001100,111000111110,010111100101,011010101000,110110011001,011110101001,010101011010,001111110011
011011010100,110100111111,000111010111,111100001101,010010101010,110010010110,101011011110,011010101110,100111100111,011100010101,111111111110,100011110110
010011001111,010000111011,100011000001,111110100010,100100100100,111111010001,101110100010,010010011010,001111101110,111100111110,011001111100,001001010010
111010001000,011000110111,100100011011,111001010011,110001110100,111101000101,101101010010,011001011101,101101011001,010011100101,101011010001,001010100101
011111110000,101000110110,100011010001,101111011100,011001010101,010110110101,000101010110,110001101000,110100111100,011010100111,100101011101,101110110111
1100110111110110100000101,010011011011,111100110110,011010100100,011011110010,101111110000,011010100110,110111001101,101101011010,111011110101,100101110011
111001110001,101011010100,011111011011,100111010011,110000011101,110011011101,100111011010,001100100101,110110010100,110100001010,110101111010,001011101010
010110101011,110010001100,100011001011,100110010011,010101101000,101011000110,101011010110,011010001111,010110111101,011101101110,110011101001,100111010101
100011011111,000011000101,000111110111,110001100000,100110101011,011001001010,010111100011,010001100110,100110111100,111011001011,101101111000,000111010110
111001010110,010000101011,100111011001,010100011011,110000001101,111100010010,101111011110,111100001010,000111110101,110000011101,011001110110,100010100010
101011001101,010000010101,010101011110,010110110001,010010111010,010111110001,101101110010,010010100110,100101011110,100100001010,011011010110,101010101110
111001010110,010000111101,111001101101,011001011101,101110000010,101101001010,110010100011,110100101110,110111110100,101100010101,110111001011,101011010011
100100111010,110010010101,111010001100,001001011011,101010101101,101011110011,101110101010,111011011000,101011011010,000100011110,001011110110,111010101011
010110101110,111000101010,010011111001,100010100001,110001100101,110111010110,001111011010,011100110101,100111111011,010000100110,110111010000,000101110101
1011001000011010011101101,111001001011,011100111101,101000100101,011101001010,100011010110,111010111001,101011011100,110011010101,110010001001,101011011101
111011001001,010000011101,000111010010,101101100010,000110101011,111111010101,001111010110,011000100110,101101101110,011100001110,100111010000,101010110011
000110010011,010011100101,000011010011,111110110001,100100101010,110010110001,101111101110,010001101101,100110011100,111100011011,110001011111,110110101100
010010111100,110011110010,110111001101,100111011011,110001100101,111010010110,101011011101,111101101001,110111101110,011101100001,111100011001,101001000111
0001110111100110100101010,110101001011,101110011101,110001100100,111110110110,000001011010,011010101011,110100101100,011101011010,001011111110,000010111011
111001010110,101011101011,001011110101,1110010100110110011100000,101011010110,011101011010,110110101010,010111100011,110100011010,110101111000,101101000101
0100100111110110110100000,011011010111,001110110011,110001101100,111000011010
111011011110,110000010110,111010010101,101111010011,100001101100,111001001010,001100010110,111110101011,110100001101,110010100110,000100011001,101011111011
111110101110,010001001101,111001000011,011100011011,101010101011,101110110010,101001111110,011010100101,100111101110,111111111010,011010010101,000011110110
100110010011,010011110011,100111010111,110110100000,110100101010,111111010010,010011101101,001001101111,100110101100,111100001011,100101111011,001011010011
010010111011,110111100001,100010110100,001001010001,110001001101,110011010101,101011011110,011100110111,001101110110,101111010011,101100110101,101100100111
111001011000,101011111010,111110001100,000001011011,110001111010,000011000110,001100001111,111011011001,101111101000,010100001110,010111101001,100011111011
011010010111,110011110110,100101011111,100111010000,111000001100,011111001001,101111010101,111010101110,100101010101,010101011011,101011001001,101010101011
111001011010,101000101011,101010001001,111001111100,101101100100,101001001010,001100111010,111010010101,011111110101,001100011000,010111000101,100011111111
101001110111,001110001010,010101011101,001001111100,110111101011,011000110100,000111011010,011101110101,001010010110,011100101011,101100010011,111011001010
111101100001,101001010010,110011101011,101010111010,010101101100,110101000100,100001011110,111110100111,000111011011,110100001010,100100011011,100110111011
0100101111000011011101010,011011110100,110000100000,010101100100,011111111010,001011000010,101110110011,110001011101,010111001001,111100101101,111001001111
111001110000,101011101100,011111110100,110001011011,100101100001,011101011101,001011011011,011000100111,100111101100,010100101011,111100101110,111101110010
010110101011,001101011011,000011010101,110001100001,010010101001,110011010101,101001010101,011001111111,100101101100,011101101011,100111011001,101011100010
101110010011,110010010100,111001001111,101010110011,010110101010,011011110110,101111010110,111100100111,010110101101,010100011010,001011111110,110010110010
010111000111,111111000001,100001111110,010100100000,100100010101,010100110011,101011010111,000100110011,000110011010,110111001011,100111010000,100110100101
000110010111,010011100010,000101010011,101110101010,111010101011,111010110001,010111001110,011001011001,111111010100,110100100111,110101011110,101011010010
111001011000,010000111011,011011010010,011101111010,100000011011,101111001001,001101110110,011010101010,101110011001,010100011110,100101100010,100010101011
010010001011,011111001001,100001101011,111100100010,100110001010,011101001001,101100110110,011001101100,111111010110,100001010111,111010011010,10011010011011110000110110111010,00010110011,1010001111,010011100001,1010000,11110,1100110111,00100,10,11010001001011001011110111010,01,101110001101000,1,0,0010,10,1,0101011,0,1001101101001,1,01101,10001,10100,1011100001,1110,00,101,101001100111,1,101001,01
111010001000,011000111110,110101000011,101001001111,110011101010,011011000110,001101011111,001001100111,100101101101,111100100100,101110111110,101011000011
001101000100,101100001101,111000001011,000101010011,111110011010,001010110011,101000110110,011101101010,000101111001,011011101000,001011110001,101000111011
111101100001,010001001101,110010001001,111010111101,100001001011,010111000100,011111011011,011001101010,000111111000,010011010101,100110010101,101010101111
010111001111,110111100001,100000101011,101110100010,110101001101,111001001011,101010110110,111,10111001,001110010111,100011110011,110101010001,001010100001
110011001111,101111000100,111001101100,000111010110,011110010010,110100001010,001011010111,010110100011,000011111011,010111101011,111010110000,100111001111
111011010010,101011011111,110101001101,111101011011,110011101000,011101000101,100111011101,110001101111,010011101110,001100001011,101011011111,000001100010
111011001000,110100001111,111010001011,001100111011,110000010010,101101000110,111001010111,011010101010,101101100101,010100101101,011011110100,001010101001
100101011011,110011101000,010000111011,100101011010,010010001100,111011101011,101011010110,101110011111,101001001101,111010001101,101101110101,001001011011
011111100000,110010001111,111011010011,001100111101,010010100010,101010100110,011101101101,011001100010,110101101001,111010100101,101010110010,100101011111
111001010010,011000101101,110001110001,100001010110,101011011010,101010010101,010010101101,1101010110100110110100100,110100101011,101011010110,101010101101
111101100001,101011111001,100010000100,100111011011,000100011010,010101001001,101111010111,001010100110,001101111000,110101110101,000111000101,101010111101
110111111010,101011010111,000101000111,111001010011,100010100001,111011100101,100101011110,111001101110,010110011001,111010011010,100101111111,000110100110
100100011011,110011101001,000011010011,111001011101,101010001010,111101010110,011011010111,011101101110,101101101100,111100101101,101111110100,001000111010
111011101110,010101101011,000101011011,111000111011,100010100011,111110110001,101100111110,011001100111,100101101101,011100011110,000111010001,001010100100
010110101110,110100101011,100110001000,010101010011,010110011010,001011010101,101011010101,001010101101,001000100000,011110011010,100111010001,000101011111
000110011111,010000110001,100011110011,101110001010,111010000101,111010110010,101011001110,011110100011,110111011100,011100111101,001101011001,101011101110
111001010100,010000111011,111110100001,011100011110,101001101010,101000101010,011001010011,010010101110,011111101000,110100101101,000111010101,101001110111
111011001000,110100011101,111001011011,001000101111,101011101010,101100100101,011101010101,011010100101,100101100110,011100011110,001011010001,001010111111
110101101010,101011101001,111010100010,011101010101,110001010100,001001011010,011010010001,011010101101,011010101010,010001011010,110100110101,000110111111
111011001111,101011010101,000101111100,011101010011,100110001011,111100010101,101110101001,011010101011,100110011101,110100010101,101101010101,000110101110
000010111100,110111001101,111011001100,010101110011,111110001001,111010010010,101111101110,111110100010,111011101110,100111100111,001001111100,100101110000
011010001111,101011010101,100010010100,011001111100,011010001011,101011001001,011101110101,011010100110,110101101000,111111011011,101110110000,001001010111
101111110001,110000010111,000101011111,101100110001,010110001011,111010110101,110111110101,011010100110,101110101100,011100010101,001101011010,000011011110
0100101111110100111000101,111011000111,010101010010,110000000101,111010010101,101001010110,111100101110,001101011100,100111101010,101100110110,000010111010
000110101100,001011010101,100011010011,101101011001,101010100100,111100110111,100101101010,0110011010010111110101100,011011101011,111010011000,101100100100
000010111100,001101101001,011011001101,111101000011,110010001011,101010110100,000011101110,111010100010,101011101101,011010011101,011100111000,001000111110
111011010110,110000111111,110111001101,101001011011,110111101000,111001000110,101110111110,111010010000,111011101011,011100111110,011001110001,101101111111
101010010111,110010010100,101011010111,101111010010,111000001100,101010010110,010101001110,101011101110,010101011101,011110010110,101011011010,101010110001
101011011101,010000010110,111100001111,011110110010,111001101010,011101000110,010111010010,011110010110,001011001101,010110001010,001000111111,110010101011
110100001011,110111001001,111110101011,000110011010,100101100100,111001001010,100101110101,001110110111,001001001110,001101111010,101011110010,000111011111
101000011011,110010001100,111100001011,101010011011,110001001100,101001101010,101101101000,101110101111,010101011001,110100101001,101100110111,101010111011
011010011111,010011000111,000011010111,111110111000,100000101011,110011000010,101101111110,101101100111,111000011000,110111011001,100101111010,101011001010
001100010111,110111001010,000101011001,111100101101,111010001101,111010110010,010101011101,010110101010,101101100110,011100101011,101111111010,101010110110
010111101110,011000001011,110011101011,0101100000101110001011001,101001001110,011011010010,111000101111,001011011110,010000011010,111011000101,000110111111
111001010110,010000001101,011011101010,010101011101,101001001011,101000100011,011111011001,111010100101,110101001000,110100010101,101111010101,001011010011
111011101000,011001101101,000101011111,111100111000,100110101001,011111010010,101110110001,011001100111,101100101000,010011001011,101111110000,001101010101
011111110000,110000001111,111011010011,111100000101,101000011011,101100110110,010101100110,111010100101,011111100110,011100110110,001001111110,101010110111
011011001101,001100010100,011101001101,100110111011,000110101011,111111010001,100111000110,010001100111,111010011000,110011011011,101000011001,100110101101
000010111100,010100110010,110101101010,011001010001,010110001010,001011101011,001011010001,110101100111,001111011101,010010010101,111111001101,101001010010
010110101110,101010101100,110000100100,010001001101,011010010001,111001000110,101011011001,110110100010,010011111010,110110000001,111010110110,100110111001
010111001111,110000001101,110010101010,010100100010,100101110101,101000110010,011111010001,010010101010,010100101010,011101000100,100011110101,000111010001
011010110000,011011011110,011011101010,110101010010,011110001010,101001001110,101110010110,100010101110,101100011101,010010010101,101101001110,100011110101
001100101100,010101001001,110001000111,010001110010,010010101101,111010100011,101101110010,011001100110,110101011101,011100010110,101011010001,101010101101
000010111011,010100110010,100100000001,101110100011,111001101110,111001110101,100001001110,011010100000,101100011000,111111100110,001100110101,101010011111
110010101010,011001101011,010011110101,110100001010,101010101001,101111010100,011010111010,110010110110,111111011111,101101100001,111110010100,101000100101
011010001111,110011010101,100000011110,011101111001,100100001010,000111010010,001011110110,010011111111,101101011000,111110010100,101010100101,100011010101
011111110000,101100110100,011101011001,111001011101,110001100101,111010000101,010001011011,011100101001,101100111101,010100101111,101101000110,100010101110
010010001111,110011001011,110000101010,001100100001,010110011010,101100101010,101110110110,001011011111,001010111000,000110000110,111010110101,001000110011
111011001000,110100011111,001101011111,010100110011,100111111010,111101000100,011010111010,011011100110,101101101010,010001010110,001011110101,101100101111
011110101111,110000010101,000101010101,111110100011,010101000010,101111101001,101010001110,011011101111,110110101100,101000010011,101111010010,101011010110
110101101010,001011101000,011011011000,100001011011,101010010000,101011011011,011101010110,110010100100,111111101110,011100001110,011011010101,101011001011
011101101000,010101001001,000101011111,110000111011,100110100001,011111010001,100011010110,010000110101,101101101110,111100011011,101111111101,101100000010
111001011010,101000011001,111101001011,1101010111010111010010001,011001010010,110111100110,011000101011,000101011001,111010001001,001001010000,10101111011110101001110111001101100000001010,110101,111,11001001110011010010011001,0010110001110101,10100111100001110011010110101010000,001011001011101,1,0,0010,00,0,111101100,0001101001001,1,10111,10001,11011,1100110000,11010001001,10100011011101,110101010
010110101110,110100101001,110011100001,011100011110,011010101001,001001001010,011011110101,010100100010,111111010010,011001011010,110111010110,000100111011
100100111010,100011001011,0101110101111011001011101,010010101010,111110010010,101010101110,011101010110,111111011110,011100011011,111100111101,001000110100101000101100,01011110101100,0011,11010000010101011010000,1010011,0111010001111001,10000,11,01110001001110010011010101011,01,011110011001100,1,110010,10,1,11011110110001100101011,1,10110,10000,01000,1011010001,0101000,101,00110011111101,00,11100,
011011001001,010000011111,100011010011,101010001011,101001101011,111111010100,001011001110,010000101111,101111111111,111100000111,111011111101,100010101010
100100111010,110010001010,010100101011,101010011011,110010001010,101010110110,011011010110,101101011111,110101011101,111100101011,101101011001,101011010101
101001110111,001101001100,010101010101,011111110010,010110100101,111011010000,110111010010,001110100010,110111011001,000100001011,111100011001,100011111110
110100100011,110101001001,011011010110,010100111011,100010101001,111001001011,101110110001,001011110110,101111000110,001101100010,110111010101,000111011111
111001110000,011001101101,010101011010,100101011101,101110001001,101101010101,101110110110,110010101010,010111000110,010011010101,110111000101,111010101001
110011011011,110100011100,000011011101,101000001111,110111101010,111011010110,011111101011,011101000111,010111100111,111100101011,111110011110,000001110111
100100111010,001001001001,010110010111,110101010011,100110000101,011101010100,101001010110,101101100110,110101000110,010010011011,101100111000,111000100111
011010001111,010010010011,100100011111,010110110000,101100101100,010110000010,111110110110,111111111000,110111000100,011111001101,111111010101,101100001100
101010110001,011010001100,111010000101,100001010111,111010010010,011101001100,011111010110,011001111010,010101111001,010010101011,110100010101,100010110111
1100110111110110100010101,110110010011,111100011010,101001100100,011011010100,011011010110,111011101010,010101001110,010101110100,010100111110,100111100111
001100110011,110011001100,000011010101,110011010001,010101101100,110011110110,110011010110,1011011111110101110011100,0011000110110101111000011,111010000101
011110110000,001011011111,000101010011,110001110101,101010101011,111010100101,100010011000,110010111010,011110011100,110010001011,111100011110,010011000110
101111001011,101000010100,110110011011,101100010011,010101101100,010101000101,001111010101,010010100011,000111101010,010010011001,111000111001,100111101111
000101001110,101011001011,110011100001,011101001010,110110011010,001011010110,011011101010,011100101011,001011011111,011100011000,011100011001,101011010011
111011101000,11010,001101,111011001001,011000000011,110000101101,101101000100,011111001001,011010011011,001101101010,010100101001,101011110001,000110100111
110001011011,101100101000,011101111000,001111011001,001101001101,010101111001,101110011001,000010100111,110011111110,010000011011,110111000101,111011100110
010110101110,111000001101,111011101010,010100010001,101101100101,001001001010,101111010001,111000110101,010111011010,100011001010,110111000010,100111011111
110101100011,110101001101,011010001011,110010111101,100110011010,110101101000,011110110111,001101010111,111011001110,101101001011,111111110001,000010111111
100100111010,001001001010,0001110010001011001011101,010101001011,111011010001,000011010111,011010101011,001111111100,010010011011,110100011000,101011001110
000011101101,100011000100,100111001101,010110110100,110100111101,111000000100,001101010011,011110101000,110111101100,010100101011,011010110110,001101010100
010110101110,101010101111,111100001010,011101010100,001101010100,001001001010,011010110000,011010101100,011011011010,001010011000,110111110001,000101110111
100100111010,110011001010,010111001011,101101011011,110010001010,010011110010,101101011010,111001011001,101011011001,111100101011,110110011101,001011001101
000111110100,110100001111,100101101101,011100010001,110001101110,001110110010,101110111010,111000101010,110010101110,100100001010,111101011110,000011100100
111001101001,101010111001,001010011100,110111000101,100110011010,100101001001,111011110001,010010100011,110110011110,010001010101,110111110001,100001011011
010111100010,111100101101,110011101001,100000111010,100101101001,101011010100,001011010100,111000101110,011101011011,101101101010,100111010101,101010101111
101101110001,110011001011,111010010101,110100110001,110101101010,101010001010,011011010110,101101010110,101110111010,110100011010,100011100101,111010101001
111110011000,010000011111,011100011011,011111011000,101011001010,111011110001,011101010110,111100101010,101010101000,110010011101,010100110001,101010101011
011011001101,010011000100,010100011111,111100111011,110001100010,111111010010,100001011010,011001111001,110111011100,110111010101,100100011101,101010101110
010110101110,111000101011,100011101001,101100011010,110100011001,101011001110,011111010110,101110100110,011111011011,001101010100,111010110010,000101110111
111001110000,011001011101,100011101011,110101010010,101010011001,101101010101,101010110111,110111100010,010111101100,000010011001,001010000010,101111101001
111010001000,001000111111,101011010101,110111010011,100010100010,101011010101,111101111011,011000100111,110111101010,101101001011,101110010101,000010110111
011011010100,011011110111,100011111001,001001011001,101101101100,1010101001010001111010110,111001100111,010111001110,110100111101,100101011110,110011101110
111010001000,101001001111,101011010010,010101011001,001010010010,101101010110,101011110110,000010110111,011100111100,111011010010,111010000001,001010111101
111001101000,101011101001,001011110101,111001101010,101010100001,011111010101,001011000111,011001111001,001110001100,100100101011,111111111000,101101000011
100100111000,000101001001,011011010111,110101011011,110010001001,111110010010,110110110010,0011011011110111111101110,111000011011,111100011110,111011000000
110100100011,110001001101,011011011011,111000110100,010110101010,001001100010,111110110010,101010110110,101011011011,101001001100,101011000111,100111011111
100011001111,010000001101,110100001011,010100010011,101101101010,101101001010,011110010010,111011111000,000101011110,100001111110,001111100101,110101010111
000111111001,010100010101,100101010110,010101010011,110110110001,011110010100,101111010010,011001100110,101101001110,101101011010,000101011001,101100101101
001100001100,001000101010,000111011010,010101110101,010101001010,110001010010,001101110011,011010111010,110101011100,011011101101,101100110001,100011010111
101010010111,110010010110,010101001011,100111010011,101010101010,111011100110,101111010110,111010011001,110101011000,110100100001,001101111001,101010110011
111001010110,010000101101,111011001101,010101011110,101110001000,101000110010,111111111001,100110010010,111010101100,000010010101,101011000011,110010111101
011010001111,111010010010,100111000111,100110100100,111001111100,111001000010,001011110110,111010100001,110100111010,010011111010,101001111001,101101010111
011011010100,101111010110,100101010111,100001010011,110001101100,111010010101,000101010110,011000101011,110101010101,010100111010,101001011010,011010110110
111010001110,001010011011,111011000011,111100010011,011010101010,101101011010,101100110110,011001100001,010110101110,000111011110,111011000001,000111110111
1001001000111101111001101,110010001111,100101000011,100100011101,111101000100,110111010110,111101011001,000111011010,101011101010,101011010101,101011011011
000110010000,110100110010,011101011011,101100110011,110010011010,110010010010,101111011110,111010101011,110101101010,011100111010,001101111001,100010111100
1110001010001010001101001,100101001011,111101111101,100000110100,011001001010,001110110010,011010100010,001110100010,010000111110,110101001101,101101011110
010110101110,110111001001,011000101010,010001001111,011111101001,101011110011,010101011000,101010110101,110100110010,110111000111,100100010010,101101010111
111001010010,010000111101,111010011001,110101011100,101011001010,011000101011,011010110000,100010111010,110011101001,010011001101,010111100111,101011011111
010010111111,111110110001,011011010010,101100110011,001110001001,111011101010,101110101110,101100111111,000110001110,110111011010,010100100010,101010100110
1010110011011001010010100,100111010100,010101011100,011010110000,110001010110,101101111001,011010101000,110100100101,111010010011,111001011001,101100110000
011011010100,110010111111,100111000100,010001011101,010111000101,111110001001,101111111001,011010101011,101001111000,001000011010,100111111010,001010110101
100010011110,110100101010,110100001011,010101010011,101001110100,001101001010,011111010001,010110100100,110111111110,011010100101,111111111101,000001010111
100100111010,110010001101,011011000111,110101010101,101001101001,100111010010,101110011011,011110100110,110010101010,111000101011,101110110100,001011011111
011010001111,001000111011,100011001111,100101011100,101001101000,101011010010,101000111110,100001111111,111001110101,111111011111,110011000101,110010110001
1100110101110010110000011,100110001100,011000000001,101101101010,101010101000,011011011001,010011101010,110101101000,011010010001,000100110101,000111010011
000010110101,010100010110,100101010111,010110110000,010110001011,111000101011,001111010010,011011010100,000111001101,110100100101,101001011001,001011101011
011011001101,010000010101,110011010111,011100110010,100101101010,011011100001,011111010010,011010011001,001100011000,111000111010,101001011001,100111010111
010111101000,011001101010,100010010111,110000100101,110101110100,110101000100,011111011001,010001101001,010110111101,101101011010,111010011100,100101000111
111101101000,010101101001,110001011010,010100011101,101100101011,101100100010,101110001101,010010101010,110110101100,110010000101,110111110001,001001010111
000000111110,101100000101,0110111010110100101011000,111010010101,101001010010,010110101001,0100101010110110101101100,010010101001,111011010110,111010110101
000110010111,110011101010,000101001111,101110100000,110101101101,111001110010,101101101110,010010101001,111111101010,011100100101,001111111110,001011010000
111001110000,001001001111,111010000000,001001011001,101010010011,101101001010,110110100101,010110101010,010100111100,011110010101,011010000001,001011001001
111001111000,11000,011010,111101001101,000101011111,110111101000,111001000101,010001011010,101110100011,010001111001,110100010000,001011110110,100010100001
110100101010,001011101010,110010101011,010001010010,101110100101,101001001010,001101010111,011010110101,010111111011,110001101010,111010010001,100110110111
000110010110,001111101011,100001001100,010101011011,000100101000,101110010010,101111011110,110001100001,101101101000,111100011010,110011110001,001011010010
111001010010,101011101110,100110011101,100101000101,111101100000,011101000110,101011001011,1000110111100110101100101,010010011011,111111101101,001101101101
011010110111,110011110001,110101011111,101101010000,100100001010,101011110010,101111101100,111011001001,001010100011,111100111010,101011110010,100010110111
100100111011,110011101001,011011001010,010001010101,110100001011,101101010011,001111111110,011001011010,111101011010,100100001110,111011010101,100111010111
000110010011,111100000101,100011010110,010111010001,110100001010,111001010010,110101110110,111000101100,001101001110,101111110110,001001100110,010010101001
101010001101,010000011011,100101000111,011001011011,010110101010,010111110000,111011111111,011001101110,100111101100,010111011011,100011010110,000010101100
111000110010,010001101101,011011001011,111101011001,101010001001,101111000010,110110100110,011010011111,110101101010,111010010101,000101110010,101010100001
100010111111,110110000100,010011010011,101010101001,110101100101,011011101100,000111000010,011100101011,010101011110,010100101001,101101111001,100011100110
001100101100,101001001010,000111011111,100010110011,110110000010,111010011101,001011110110,011101011001,1101100111010011100101011,101101111101,101101001110
100110011011,110010001100,011100101001,101101101011,1110100010101011011010110,101111001010,101101011111,101011011101,011010001001,101110111000,101010110101
100100111010,110010001010,010100111010,010101011011,101010001010,101111001010,011111010001,010110101100,101101010100,111000101001,101101010001,101011010111
101010001101,010010011011,100101000111,000101110011,110001111010,111111001011,111101100110,011001100100,111111101100,011100011010,011011111101,011010110110
011010001111,010010010010,110100011100,011100011011,100001001100,111111001011,001111010110,011010111001,101101000000,111111100010,001100010101,100110100111
000010111100,010100110001,111010001101,001010111001,110101100111,011001010101,010001010110,111010101011,001000111100,010010010101,011000111001,001011011111
111001010110,101111101000,011111111101,111001001101,110100000101,111101111100,000011011001,001110010111,111100111011,111000101011,111101000010,100011110101
110100100010,001011101101,111010101001,010101011010,010101100110,101011010100,101001010011,011000100110,001010111010,110101010010,101010110101,100111010111
100101011011,111100001000,010111001011,001100100101,110101100011,111001110001,000010111111,000011010011,100101111010,110011100011,101100011100,111011001111
101001110111,001111001000,010101011101,110101110001,010110100000,111101010001,110111101001,010001100110,110111110100,101100101011,111100011010,100011001110
0011011010011010010001000,110111000111,110010110001,110001110101,111001001000,100111010101,010001111010,100111101100,011100101011,111011011110,001010101101
1100110111010001110010110,010111111100,001101011101,001001100011,111111010010,100001001111,011010101001,110111101100,110100101010,111100011001,101011001100
110010101010,101010001111,111011000100,000101011011,101010010011,011101010110,101100110110,110100101110,101101101001,010111000100,101010010010,100111001001
100101011011,001110000100,010101011011,101101001100,110101001101,111101010010,000101010110,011110010100,001111011011,010010111010,101100011111,111001001110
010010111111,111110100101,000100011110,101001110011,101100001001,111001010101,110110010101,010101010110,101111101000,110101010100,100101110100,001101010110
011111110000,111000000110,000110000011,111011010111,110001100101,011010110101,000111010111,011010101011,101011101100,010010100011,101100011101,101111000111
100100111010,110010001010,010100101011,111010100111,110001001010,011100110110,001111011010,011110010101,001011001110,011100011010,011010111101,100010111101
010110101110,111000101011,000010111001,110100100100,111111100101,001011000010,011010110010,011010110101,111111101010,111001000110,100111000110,101100110111
110010001011,011000011101,100011101011,110100010010,101101101100,010101001010,001110111111,011000111110,100110011001,110011010101,100111010010,101101000111
010111100011,111111100001,000010101011,111000101101,000110101011,111011101101,000101011111,110010110101,100101010100,110010101011,101100011011,100111000011
1100110111100111100111011,011101111100,000100111011,000011101010,101011110011,101100010110,110010100001,110101111010,110100010110,100111010101,000010100111
011010011111,001011110110,000011100111,111001101010,110000000011,011111110001,100111101101,011000100011,111110001100,010100111001,111101011010,011011001010
1100110111110110100010100,011011111100,001110100010,100111001011,101011110010,001011011010,011110100111,101011001011,010100001110,101000111101,001010110101
001100101100,000101001010,000101011110,010110110010,000110110010,101011100110,101101010001,010101111100,101100101000,101100001011,101101011001,101011011011
011111101001,101100010100,110001011011,101010011010,110001101101,111000100100,000111010110,111010100000,001011011111,110011010011,010101100100,110111111000
100101011011,110011101000,010111000101,110100011101,110001101100,010001100011,000111011110,110110101010,110001011100,010000111010,001111101110,110001011111
0100110111110111110100001,010110001100,010001110000,110001101011,111101010001,011010110110,101010101001,110111011010,110011010100,010100110101,110010001111
010010111111,110111100011,100111010110,011101010001,000110001011,111101010010,011111011110,011100010101,001010111110,010110011011,101011110100,010011010100
001100101100,101101001010,101001000011,010110010011,110001110010,011010000110,001101010011,011100101010,001011111000,111010101011,111010011110,100011010011
011111100000,101001111010,000011001001,110111010101,110101100010,010010110110,000111110110,011011101001,111011001000,010100101001,010111001110,101011001011
111010001000,011100011111,000101011010,010101100011,001110111000,111101001000,101100111101,010010111110,100111000100,110000010101,101111100110,001010100111
100110011011,110010001100,111011000011,101101101101,111001001010,011101011010,001101101111,011110100011,010111101101,111110100011,111010111001,011011010011
010110101010,011001001010,000111101111,110010100101,110100101010,101101001101,001011001111,011001110101,100101001101,101010101011,111111001101,101011010011
010111100000,101111101001,110010001010,011101011101,001101010001,010101000110,010111000100,111000100101,011010111001,010101101001,101010011010,100101010011
000010101101,001101010100,000111010011,111010100101,000100101101,111001101101,000011010011,011010101001,100111011100,100010011011,110101011000,001110101110
010111101111,110111000001,000110000101,111110100011,110000001101,001111011001,001111011101,011011101010,100110101110,111100101011,101100111001,001101010100
001100110011,010011001010,000001010111,110101101101,110010101101,001110110111,000110101110,011101010101,001111010010,011100101111,111110011111,11100100011111101001010101001101,001000,1011,11010100,10110000001100,011010001011101111011101,10001011,11011101010100001011101101010001,101101011101010,1,100110,10,1,00111110101001101101011,0,01010,10001101010,0010110000,1011000,101,00101011110101,11010100,
011010010111,110011010110,100101000111,101111100000,110101101100,011001100010,001101010101,111110101101,100100101100,110100100100,101101111100,001100110101
010010001111,110111001001,101110000010,010100111100,101010011011,001101001000,111101110100,011010101110,001111101010,001111011100,111010100101,000100111100
011111010000,011000010111,100010011011,101101010000,100101101100,111010010101,011111010010,111001101010,101001011001,001010111010,010011100101,100010100001
110100101010,001011001011,011010011011,110110100101,101010010101,101001001010,101110100011,011010110110,110010101110,110101100101,110101110101,000110101111
111001110000,011001101101,011001110011,100001011011,101110011001,011101010101,001110100111,110000101110,100110101001,110010010100,101111010010,111010100101
111010001000,010100111111,100101010010,010101110000,101010111010,001111001011,111001010101,011010100110,100111101000,010100010101,011011010101,000111010001
010001110011,111100100101,010011001011,111001000011,100101101001,111101010110,101110101010,111110010101,000111011011,010100011011,011111001010,100011100010
100110111011,110011010100,010101010001,111110101011,110010100101,101110110110,101111010110,011010101001,101111011100,110010100101,000101111011,101011110010
010111100110,011111101001,110000011001,111110011011,111110000000,101011001010,101110101010,111010101110,000111101111,110100011010,100111110101,101010110100
010111001110,010111100001,101001110110,010100100011,110110001011,101111010000,101111010011,011000101111,100100001100,010110011111,110011010000,111000100101
011010000111,010011101001,111001000010,011000001101,101000100011,101110111001,111100111001,011001111001,100101100000,110111001010,101110010001,001011010101
1010100011011010010001100,110101001100,010001111010,110100111010,001111010110,101111111001,010101101001,010111110000,011111000101,111101011100,001101010111
0110110101000111100110011,111010010100,001001111011,100001011011,101010010101,101110110101,010100010111,101010101000,010100011010,101010110101,101010101111
101000010111,010000001101,011011000010,010101110011,110100010011,000111001010,101111101010,010100001010,110101011010,100100010101,110111010110,101010101100
010100001110,001101001001,000011100010,0101010111001000111101010,101101010010,101010100010,001001101010,110011011101,110011001000,111100000111,111110111110
110000110010,101010101110,011011110101,100101011010,010111010101,1010110101011001111010110,100000100111,110110111111,011101101011,111100011001,100010111101
101010010111,110010010101,001100011011,111001110010,101011001010,111101001010,111010110101,010101010110,010111000001,101010100110,100100111001,000011110101
111001010011,101000010101,0001110100101,11001110101,010101101010,010001110001,001010100111,011001010111,100010000100,010101011011,111111110010,101110100001
100010111111,111100010100,010100011100,010101100001,101010011010,011010000110,011011010110,010100101110,101100111001,111010011010,100100110101,100001010001
000111110111,110000101010,111011110011,001110000000,111110001101,011100111110,100101011010,001010111011,111111101110,111100100011,011111001001,100010111101
011011001111,001111100000,110111001100,001111110010,110001100100,111101010001,000001010110,011001100011,110111011100,011111011010,110001110101,011010110100
000111101100,001111010011,100011010110,010101010011,100101101000,010010010111,101111101110,111000110110,110111101110,011100011011,110011011100,111101100100
100101010111,110011110000,000110101100,010101010011,100101101100,110011010100,101001010110,101000111111,101011011010,110100011010,100100010101,111011011011
010111100110,011111001001,111000001111,110000111101,110001100010,111001010110,100001011010,1110001011110111000101000,110011010010,110111110101,011010111110
000011101101,100101010100,010111010100,011110010011,100110101011,110010001100,101111011010,011100100111,110101011110,101100001010,100110111001,110101010110
0011011010011010001001011,010011010010,010100110101,101010110010,010111010101,000111010110,011010101001,100111101010,111100011010,111010110101,101011010111
011010110111,110011101101,000111010111,011110011100,011100001101,111000111101,010001101111,010000101110,110101101100,110100101011,101110011010,001110101111
000110001011,110110001101,100001011110,011101000100,001010101010,101001110110,111101110101,001011101001,101011110110,001110111011,101010110100,000010111101
100101011011,110011101000,010111000101,110100101011,010110100100,111011010010,101101010111,001111101001,000111111100,011100111011,111111011001,100011001011
011011010100,111000110110,110111011111,000101011011,110101101100,011011000101,001101010111,011001011011,101101100100,110100101011,101001011111,101010100101
011011001101,100010010100,111111000101,011111011010,110001101000,111110010000,001011111110,010110101001,000111110111,011111100111,011001111001,100110110010
110100000011,110100010001,111010001011,010000111101,010101110100,001001101010,101101011000,111110010101,001010111011,101101100010,111011100101,001010111111
010111100000,100111101011,100011110000,011100100101,101000010101,101011101000,001101010101,011011010101,101101001000,010101010101,010100110100,001101010011
001100001100,101000101100,011001011001,010111011111,010110100100,110001010010,001011010010,011010100110,110101011010,111000101010,100101111001,100101111111
111100101000,010001001011,100100011011,011001110101,110010011010,101011001011,011101010101,011010101101,001101101000,011100101010,111011100001,001010101111
101010001101,010010011100,110101000111,010111011100,111011111010,101111000010,111001111010,111001101010,101011101001,010111010101,111011110110,101011110100
011011101100,110100001101,111010001011,001000011011,111001101011,101110110111,001101001010,010100101111,000100110111,011100100110,101011010101,101011011111
011111010000,110000011110,100111010011,000111011011,010101111100,110010011101,001111010110,010001011011,110110001100,010100111010,011010011110,101010100001
1011110010011101000011100,110111010011,101010011100,001001111111,010101000110,000111011010,111000101011,110110010101,110011010001,110001111110,100011001010
111101101001,001101001001,000111001111,111000011100,100010111011,110001000101,000111111110,011000100011,111110011011,111100010110,111011001101,101011000100
111011001001,101011011100,111010001101,111000001111,110001100010,110101000100,011001110111,010000101100,111110110011,011101100011,111010010101,101011000111
000011110100,011100101001,110010011001,111101011001,111001001001,110100010111,101100011010,1110100001010110111101111,111100101010,011011010001,100101010110
111000110010,101010101110,110110001001,101111111110,111001010101,101000100110,001101101010,111010010011,001100101011,110010101011,011000111110,101011110101
100101011011,000011001011,100010010111,110001000101,101000101101,111001000010,101111001110,111100010010,111110111100,010000011111,111011110101,101001010110
010110101100,110111000001,111000100011,011001011011,101000011010,101011110010,011101010110,111101011101,001011010111,101110010010,111100000001,101010101101
000111011111,000000110111,100101010111,101110101000,101100101011,111010000010,010111100101,011001101000,110111101000,011000011011,111101111000,001011010000
0100100111110110111100010,111100001100,001101011011,010111001010,101101110011,101101011010,101100011111,001101011101,110110010011,101100010001,101010101001
010111001111,010000100101,100011010110,010100110010,100101100101,111011000001,101011010101,011010101111,000111011011,110100001010,100101011000,101111010011
101010001100,010000111011,100100000011,011101111001,110001101100,111001001011,111101010010,011010110010,101001011010,100011101100,101100110001,001100101101
1010100010011111000001111,100101010011,110001010101,111010010100,011101001010,101110110110,011011101010,100110001010,010010111110,011001010011,111101010101
000110010111,110011100010,000101010111,101110101001,110100001101,111111010010,010011011110,000101100111,101110111100,111111010101,111101111000,101010101110
000111011011,101100100100,000111110100,100101000010,110110011011,110010010101,111011011110,110001101011,111101011010,011101101000,001100011110,101011001111
000110101100,101011010101,100011000101,111101010011,000110101001,111010010110,101111100110,101001010111,110111111110,011100011011,111100011100,101001010001
010111100000,111000101110,001010110001,110010100010,101011011110,010111001101,000101110110,100101110111,110110001011,010101100011,110110011101,10101010110100110001100110111100101110010101,1101010011,000101000101110,010101111001101101001000011,101000101000100110100100011010101011101111011001101,1,110101,10,0,10111110110001111101001,0,10110,10000,01001,1010010000,1110100,101,00101011101101,01010100,
100010011111,010011110010,100100001111,100110100001,010010101110,111101010011,110101010110,011100111001,100110011100,010101011010,100100110101,000011001111
101001110111,001101001100,010101010101,111001011101,100010100011,111010010100,000101011010,011110100110,110101001010,111010001010,100100111110,100011101100
011111010000,101000101110,100011010011,101111011010,111000100010,011010011100,001111001110,100101101001,101000111001,111010100011,100101011110,101011110011
111011111000,101011011111,110001010111,110101011100,011010101100,111001000110,100001011110,111010101011,110110110000,011010011101,101011110000,011010110101
1111010010011001001101011,000011101101,100111100010,100110101100,111011000101,101110110111,011001100001,110111010100,110000111101,101101100101,100110101111
010111100010,111000101101,100010101011,100001001010,101101101010,101011001110,011110110110,110000101010,011010111011,101101100010,111111100101,101010110011
010110101110,001101101011,111011001011,111100010010,111001101001,101001010010,001101111001,011000101111,110111101111,111000011010,110010010101,000111010110
010111100000,111000100111,000011011111,110010110011,100110011001,110011010101,101110110110,111000100011,110100001111,010011111011,101011011001,101101000111
111001111000,101011011011,001101100101,010001010010,110010011101,011011110101,101011010101,110010011110,100111101100,111100011001,001011010010,101010100111
111101101110,000010101010,011001010100,011100011101,010101100011,011011111000,100111011001,011010100110,111100101001,111100000110,100110101001,101001010110
111100001010,010001101011,000001011011,111000111011,100110001010,111111011001,101110101010,011011101101,100111001100,101100001111,111110000011,101010101111
010111001111,110111010000,000111110110,010110100010,100001111010,110001010001,011101011110,101010101111,100101011100,010111001111,100111010101,100101001100
000010110011,001100110110,110101000100,010111000001,010101111001,010001011101,100110010011,011001100111,000111011010,110100001011,101000011110,001011101010
1010100011011010011011010,100111000010,011001110011,000001011110,011111001010,001111010101,011010011011,100101101000,111100011001,100101011001,001101010111
110011001011,110100001101,100011010110,010000111011,100100111010,011011001000,101101010111,010010101101,100101101010,100101001010,000111110100,001101010011
010110001110,110100101011,100001001010,010100111011,110111110000,101011000011,111110011001,001010101001,100100100110,001110000111,100011101110,001010100011
100100111010,110000101010,010100010110,010001110111,010110001010,111001100111,001011010011,011101110100,101011111101,101100100101,111010110001,100010110001
010111100000,111000101111,100011100010,0100010100101011010011010,010010101100,001101010110,101001101100,111101010010,101110001100,110110000111,101010111001
000010111000,101011101010,010110001101,010111110011,110001100101,111010010101,001110001110,111100100001,111011011000,110000101001,110100110101,111011001111
011010001111,001010111011,111001001111,011011011100,010111101010,111001000001,010100110111,011000111111,100111111100,100110101001,110011010110,000011010111
100101011011,110100001001,010100110111,110000101001,110111101010,111000010010,101110110011,001100101011,100111010100,111100010111,101100110111,111001000111
011010010110,001011111110,111101001011,100001010101,011111000010,111001010010,101100110101,010100100110,110101101111,010010100100,111010110010,001011110100
111011001000,011000111101,111011011001,110000111101,101001010010,010010000101,001111111000,110001101010,110111101010,010101001010,110111100011,101010101111
111001010110,010001001011,010101111111,111100111010,100110001011,111011010001,100110111001,111010101010,110110011000,100110010011,101111010000,101011000010
110101100011,110101001101,010010001011,100110110101,101001101010,010101010010,101110011011,011010100110,110011011010,010001101010,110111111001,100110111111
111001011000,010000111011,100101111011,111100010010,010110101010,101011010001,110010111110,110000100111,110110010100,111100111100,100011111011,100011001001
011010001001,011011111000,000011101100,101001110100,100110101010,011111000111,001111111110,011001110101,111011101100,010000111110,110011001001,101011010111
111011101000,110100001111,000101011011,100100000100,101101101110,111011001010,101101011011,011010100010,100111100001,110100101010,101100100110,111010101000
100110010011,010011110010,100111000110,011101100011,110000101011,101111010011,001101010110,011010011001,101101011010,111100011100,000101111101,001011010111
100100111010,001101001000,010100011011,1000100101001010110101010,111101010101,101000110111,011001011110,101111011101,1101001000110111100111001,101111011100
111011010110,010000101111,100010001011,100111011111,111000001101,101010110111,011001111100,100011010010,110101010001,111100111001,001111011111,101010110111
000010111011,010100010101,100101010111,110001100001,110010100101,111010010000,001011001110,011001101011,101111011000,110100011011,111111011001,101010100110
111001011010,101010101110,111101011001,101101011110,111111000000,011010000110,101111101010,111010001011,011100010111,110100101011,011011111110,101011110101
111101100000,001011101011,001011010101,110000111101,100010101011,111100010101,000101110110,1110011011010110100101000,111100100011,111011111011,101011000011
000110010010,110000001101,100111000111,100101011011,110110001101,111010010011,010111001111,011001110101,101111101100,011101101011,111110011000,101011010011
110010101100,110011001011,111010100000,001000110111,010111010101,101101001010,111101110110,010110100101,000110110010,000001000100,111010110001,001010110011
100101010111,110111101000,100000001011,101100011111,111010001010,111101110010,001001001010,111110100010,000111011101,111100110011,001010110001,101011110111
010111001111,101111100000,110111100011,101010011100,111001100001,100101010010,000101010111,011000100111,110101111011,111010000011,110100011010,101110100110
100100111010,110010001010,010011001010,010101011011,110001101001,111001010110,001111010001,011100100010,110111101001,111100001101,101100111110,100111001100
010110001011,110111101001,100001111110,010100100001,110100011010,001001001010,011111010101,001010100101,101111001100,011110001110,100001010101,001010110111
010111001111,110100000010,010111100011,101110100100,111001101011,111001111001,000101010111,001010100111,100101000110,111111001011,101110011101,000110110111
100100111010,000101001001,010011010110,010101110100,101000101011,111010010010,001101101100,011010101100,111110100100,111100010111,111101110001,101001010110
111011001000,011100101101,010101111010,010100111011,101110011000,010011001001,101010110110,100011101111,000111010101,010101101000,110111100101,101010101101
111011010110,011000111011,100101110011,111100000011,110010100010,111001000110,011101010110,011010100011,110111101000,011011011100,110010110111,000011110110
001111110001,011100010101,110101010111,100100110001,100101100010,111010010101,100111010110,011001101001,001010011100,011011111001,101001011001,101010100110
111001110000,011001101101,111010011001,1111010100110101100001001,011011001000,111110110001,111010101110,010110001001,010101001011,111011110010,101011011011
011010111111,010000110010,110011000101,101010100000,110101000101,010111110010,100011111110,011100101011,110111111100,010100001011,101101111001,100010101110
000110010111,111100100001,011001011111,110111010001,110110001010,101110010010,101010110011,011001011010,100110100100,110100011011,101101011000,001010101111
111001110000,101011101100,111110001001,1001110101110101010010100,010101001110,010011010111,000010110111,011111101111,111000100011,101111011110,100011111111
110100100011,101010001101,010011110110,111001011010,001010001101,101011010100,111110101010,111001100111,111011010011,101101100110,101010010101,101011001101
111000110010,101001011111,111010010010,011101010101,001010001011,011001010100,011011011001,011010101110,010110111100,110100011011,100100110001,010010110111
111011001110,010000101011,111011001001,011110010011,101101011010,111100110010,001110011010,111011010010,000100110001,111110100110,011111101001,101100110001
110011001111,010000010101,100111010010,011100010011,101001000110,011101110001,011010110010,011011100000,001111101010,010011000110,111001111101,111100100100
111001110000,101011101110,110110000101,100101011011,110101100001,110001001110,000111011011,111000100010,111101100110,111101100010,111000101001,100111110101
010111111000,011011101000,000011111101,100101001101,010011100101,111010010101,000101010111,0010011011010101011111101,111100001011,111111010110,101010100110
100101010011,110011101100,010100111010,010001011110,101010000110,101011010110,010101010110,101111010101,101100111001,010110001010,100110110101,101001011101
011011001000,011000011110,110111001010,000001001101,101101110000,010110110101,000011011110,011001100111,000111011111,010011010101,110110001100,000011000011
011010001111,010011001010,111000000111,011010100111,110000010001,110001111110,011111011110,110000111110,110011010011,111000011011,111011011001,100011011111
111001101000,010101001011,100011010011,101000011101,101011100011,100100110100,001010011001,011000100111,101111011100,110010001010,100110001110,001011000010
010010001110,110100101101,111000101001,010100010010,101011110100,101001010010,011010110001,001010110110,100101111011,101110101010,101010110001,000101011101
010111001011,011111100000,100001111011,101100100100,111001100110,111001010001,001001010111,011001010101,000100101010,111111101010,101100010011,101011000111
000111010111,110100000011,000101010111,111100100001,100110101011,111110000010,010111011110,010001101010,110110101110,111101011011,011101111000,101001010000
111001010000,011000101101,010111011001,001101010001,101101101100,101011010101,101100010100,111000100010,110110101010,011011011101,011000110110,101011101001
010010110010,111000111110,011111101001,100101011001,010110100100,111010101101,101100010110,010001010111,110101001101,101010011010,101001001010,101011110011
111011110000,101011111111,001110010101,111001011001,110001100010,010011110110,100111011011,010110100001,111110101000,100011101011,100100010110,111000110111
1010100010011111000011111,1000010110001,11001010011,101100011010,011011000101,101010110101,011010101010,100101011100,010101001010,100111110101,001010101011
001100101100,001011001110,000110010111,110101110101,010100100001,111110010110,000111011011,011110111000,110011111100,1100100010110110111011001,101011010110
111011011110,101000111111,1001000010101011001011111,111100001101,011000110110,001101010110,111100010111,011001110001,010010011000,100011100101,100010110011
000010111100,110100101001,100110011010,001001011011,101001100101,010010011110,101011001011,011001011010,110111101000,110000011011,110111110000,111001011010
0110110101000110100111111,000110011101,111100110001,010011101010,111001100010,101111110001,011110011001,100101111000,011100111010,101010110001,000010100111
111100100001,101011101101,111010001011,1111010111010101000011010,011101001010,011111000011,010010110110,011101101001,011001101011,010111010101,001010110101
000010111100,010100101011,010101011010,010101011111,010111100001,111010010101,101010110000,011010101010,100111011001,110010011010,100101011001,111001010100
111001010110,010000101011,100111111001,001100010001,110111100011,101100001001,011110111011,010001010111,110111101110,110100101011,111111010001,000011010010
000111110111,001011110011,100100110111,101111100000,110001101011,111001010101,100101101111,0100010110011001111101100,010111100101,110100010110,101011000101
001111010000,101011110110,100011010100,100001010101,100101100010,110010010101,101101111110,111001101001,110101010000,010100101110,100101011110,000011010111
011111110000,010000110110,1001000110101,01101011011,010001001010,111010110101,001101010110,011000100111,101001011001,010110010100,100001010101,001010111001
001100110011,110000001101,110101010110,010001011011,101100011001,111011001100,101101010101,010101101110,101111101100,101100001011,100101010010,001010100101
110101101010,101011101001,110011101001,011101010101,100101100101,101000101000,101010110011,001011101010,010100111000,100111000111,100111000111,101110100011
011100111000,101001011110,000100010111,100111010101,100110011101,111011000101,000101010111,011110101010,011110111001,111100100010,101100011001,100010110111
010111001110,011111100101,100001101001,100100010101,110101101001,101001010010,101010110101,111000101111,100110010010,110011001010,110111010011,110110101010
101010001101,011100010100,100100010111,100110110011,110001111100,010000001010,101011010010,111001110111,001011011010,010111000110,100011111001,000110101011
101001110111,001101001010,010101010101,110001100010,010110100011,101111110100,101100011001,010001100111,000101111110,111100011011,101100001110,100001111110
0100101111100011111101001,011011111100,011100111010,000001100101,001111111010,101011010010,101010100111,100110001110,110011000000,100111011001,111000110101
110101100011,110101001001,110010000011,111010100101,010101101010,010101001010,101110010000,111100100010,001010111011,010001100001,110111011101,100110111111
110011100110,000111001011,011011101101,100000101001,110011000011,101101110010,111100100110,101010110011,101001101110,110011100100,111101000101,101011001010
001110101100,110000010110,100001011111,100010101011,001010111010,011010101110,101011010100,010100101010,010101000101,001010101011,101011110001,101011011111
1010110011011001011010100,100111010100,010101011011,010110111000,111111010000,101101110010,111000101001,100111011101,100100100101,111001011110,110110101110
111111100000,010101101101,110101011010,010000110101,001110100011,010011001001,101011011100,011010011110,111101010100,010100010100,100011100100,100110111111
101111111000,001010111011,001101001100,110011011011,100010100011,111110010101,000101110110,001010100110,101110011101,110010010010,100101110101,100011111010
011011001101,010000010101,110101011001,011100100011,010010101010,111001010001,101101010010,101001100110,110100011100,111011011101,111001111001,000110100000
001100101100,001011010100,000111010111,110101110011,010010100100,111110010010,000001110110,010110101010,011111011000,111011111011,111000010101,111010100110
001010110101,101111010100,110101000101,100111010010,000101000010,010110110110,101110101110,1111001010010110101101100,110100101011,110101010110,010001111110
111001011000,010000111011,100101100011,111101101010,100001101010,101111000101,100100111111,010010101111,000111101100,010100001011,101110011010,100011101110
101101010011,101000001100,110111001011,101001011011,100100011101,011100001100,001011010010,110010101010,001011001010,110010111110,011001111110,100111100010
111001110110,011101001011,011011101001,000001110010,111110000101,101101010101,011110111010,111010101010,100101101001,110010010101,010101010101,101011100110
011111100000,010101001011,1001010000101,01000111011,100001010011,101010101101,100101010110,011000100110,001111101000,111011010110,011001110101,101010101100
110100101000,001011101001,111010001011,011101011101,101001010101,101001001010,001110010010,110111010100,001011110111,001101100010,111111100101,100111010110
110011001101,100011110100,110110100100,011110100110,100001011011,101001001010,011101011011,010100111000,110111111001,011100100100,111010110101,001001010111
111011110000,011000111111,000101011111,110001010011,000110101000,101110010111,100111110110,100001111011,110000011000,010011110101,101110010010,101100000011
000110010000,110100111110,110101011011,101100010101,101000101010,011010010010,010010010111,001110011110,101111101011,011110101011,111110111000,110011010100
0110110101000011111001100,111100001101,110001011111,110001100010,011110000110,011111011001,101110011111,001110110001,111110100011,111110001101,101001001101
011011001101,100000010101,110101010111,011101011010,100001001010,111110010110,011101010010,011000101010,110101011110,011111111010,001011110110,000010110110
101010001101,001010001011,100011001011,010101011101,100001111110,001100010110,101010110110,001110101011,010101010110,111010001111,110011110101,000010110110
010010111111,011100100010,010111010101,110110100001,110001101101,101101010010,001111010011,011000101101,101111111100,010100011001,101100011001,001111001110
011111001000,110100001101,111000001001,011100111011,110001010010,101011001010,011011010010,111101010101,000111010000,101110101100,101010011101,110010101011
010010001110,110010001101,111001101011,010000000011,011011111010,101101010010,011100011010,001010011010,110011111010,110110011000,111010110101,000101011111
111101100001,101011010101,100011110101,110111011100,100110011001,1100110101010101011101110,110010101011,011111100010,0111010111010010011110001,100111001011
011010001111,010011001011,100100011011,011110100000,101001101100,111111001000,101111000110,011011111111,100100011100,111100011001,100111100101,001010101101
111101101011,101010101001,111010010000,111100111010,000101101010,011011001000,001011101011,011010100110,000101101010,010101010110,100100010001,101110111011
100111011111,110100000010,011011000110,010110100001,110001010111,010001101011,101101010110,011100101011,100111001010,110000010100,100101001110,110010100011
110100101010,101011101001,110010001001,011101011101,101101100100,111001001010,001101010010,011100100101,001101011001,001010101110,111011110101,100100110011
100101011011,100000001101,010100110011,101010100110,010110100101,100111110010,101110101010,111110111001,110011010010,111100001000,111011010101,101010101101
010010001000,011000111111,1000101010001010001011011,101101011000,001011010100,101101010110,100011111111,010101000110,001111011110,111000000001,110101000111
111010001000,011000111101,111010001001,101101010010,101101100100,011011001010,101101010110,011010101101,011110001011,010101111110,010111100101,101010101011
100100111010,110000101101,110110001011,010001001011,110110001010,101011010110,011111010011,001101011110,110111000110,011110011011,111000010001,111001011001
111001110000,101011101100,111110001000,000001010011,111100000101,100100111110,101111011000,111000010011,010110001001,110010101001,011001110110,101011101101
110001111011,010001101100,011011110001,101010101110,110011000101,011011111000,001111101001,011010100110,101110101110,111100011011,011101001110,101101001110
010111100000,111100001101,110010101001,110000100110,101101010101,100101101100,101110001101,101010100111,010111001010,101101010011,110111110001,100101010001
101001110111,001101001010,010011000011,111001010010,110010100101,111001010100,001111011010,011101101001,000110011111,110010000110,111100011110,100011111100
001110101100,010100001011,111001000110,010100111011,101010010010,101110110010,101001110110,011010101000,101101101000,010111011010,010101110101,001011010111
010111111110,111011101001,000001111100,110101011100,101110001001,1010111101110010100110101,110100101101,111110101011,111100001010,110101010110,110011010101
110010111010,101011111011,111110001100,011001011111,110011111010,101011010110,111000100111,000011000101,011110110010,011110111100,001011011000,001001010001
111010010110,0011111111010111100001111,111101011011,010011100011,111101110010,100100011000,111100011011,000100010101,110011000000,110000111101,000010110010
100100111010,001011001010,0101010010001101001011101,101010001011,101101010101,001111010111,011010101010,100101101100,011010011001,101101010001,001010110110
1001001010111010101001011,000000010111,110100100111,100110101010,111111010011,011110101111,001011111000,100101001100,111110000111,101111111000,100101010111
100010111111,000000110100,011100010111,101011100010,100010001111,001011011010,001011001111,111010101010,110101001100,110100010011,101100111001,001001110011
011010011000,101000011111,001010000111,100101111101,101011011010,101010110101,100100100110,011010100110,110111011110,101100101010,010110011001,011010110001
111101001001,010001001011,100011010010,010100110101,110010111010,010101001001,001011110101,011010100110,101111101000,011000001101,110011010101,000111010111
111001010010,101011011011,001101001101,111101011101,100110001011,101101011101,010100110111,011010100011,110110010100,111100100101,110110000010,101011000111
011111111000,010000110011,100011010111,100111010011,110000000011,110010110101,001011111110,110000011111,110101001100,111011010111,000101110110,101011000110
000101001110,001111101001,110001001001,111100011101,100101100100,101001010010,011101010010,011001101001,001010101110,111001100110,111011110101,000110101000
111001111000,101011011011,001011001101,100111010100,011110100000,011010110000,110100100101,111011101110,100111101000,010101001001,100111011010,101111110111
1100110111100011100111001,100111110001,011000011110,111011101010,101010010110,011100101111,110010101011,110110101000,111110100110,110011111110,001001000111
111001010010,100011101111,011111100101,111001011010,010110001011,101110110000,011011011011,110011011010,110110101100,111000011011,111011010110,011011010101
011111100000,010001111011,100001011010,010000011001,110110111010,101110100101,101100110110,010010101001,101111001100,101010011100,001011010001,110010101111
100011011011,100101110000,000110010111,110011100011,111000001100,111011110001,001011001110,110111011000,101111001100,010100100111,011001111011,101101001011
110100100011,111011101001,111010101000,0101010111010010101010100,000101010100,101110110101,011100110110,011011111010,101001001000,111011010001,100111011001
010010111111,111111100101,000101011001,111101011001,110101100101,110001010010,001101011110,101100111010,100110110010,010011010101,100101111110,100010101100
000110011111,000111000000,001101010111,101010100011,110000101100,101110110001,001111101110,011101101001,111100101100,011100011011,111101111001,001010110111
011111110000,110000011110,100011110011,001111011010,110001101100,110010111100,001111011100,011110011111,000101010100,111100111010,000101001101,101011110011
100100111010,001001001001,010110010110,110101110011,100101000101,111101001010,101011010010,011010101010,100111001010,010011011011,111100111001,100011011110
111101001000,010101101111,110001001011,101000110101,100110101010,101011010001,010100111110,111010111001,110110011000,010011001110,010011100100,101010101111
1010100010011101010011110,110111001011,100001111101,111001100010,011101000110,011001110010,111101100101,011101011110,010100110110,101011111110,10001010111110101001100110110110,001100,0110,0101010111,100001010010,1010110,11110,1001110101,01011011,10010101001110010010011111010001,111110011001101,0,0,1010,00,0,01010111111001101101001,1,10110,01000,11001,0011110000,1111110,101,00100010111111101,11100,
100101011011,110011101000,010011110011,101010001101,110010001101,111101111010,000011010110,111110100101,001011001100,011100111010,011011110110,101011010111
111001010110,010010101001,011011101101,011100101011,110001100011,001001011000,111111010011,011000100111,111100011100,110000011111,100111010001,110010100100
111001010111,101011001011,000111001101,111101111100,100110000001,111000001001,001100110111,010110101011,110110001100,110100100111,111101110010,001111101110
011110010000,101011101110,110001001011,101101010011,111101100000,111001000110,001111011110,011110101001,000111110101,010100101010,011011011111,001011110001
111101101001,101010001101,001010001011,111111111100,100001011010,110101001001,000101111001,011010101110,110101101010,111100101010,100011110101,101101010101
011110010000,110000011110,100011010010,101101010101,001010101010,111010010110,010111011110,010001101010,010101100010,111110011010,101011011110,001010100111
110011011111,010011010100,010011001100,011100111011,011111100000,111001110001,101111010000,011001101110,000111010100,110100011010,100001110001,100111101000
1010100011011010010010101,110101000011,011100111011,110001100010,011011001010,101110110110,011001101011,101111010100,110011011011,101011010110,101010101000
000010011101,111101010010,000100011111,100101100001,000001001101,111101110001,001111010110,111100101010,100111011100,110011011011,100100110110,100011001010
000010111100,010100110110,110111001001,011100110011,1100001010101111010110100,001111010010,110011001010,001001011101,011100101011,011101011001,001011101000
011011001001,001100010110,000111010111,110110000100,100110110011,110001010100,100100110111,011001111000,110111011100,110010101010,110101011110,101011001100
111101010011,101000001110,110101011011,101101011101,001011001101,110101010110,010111011010,111011001011,010100011011,110010100101,101001001111,101010100111
000011110111,110100100010,110101011100,010111010010,110110001010,111110010101,011111010011,011000100111,001101101110,101100100101,101101110111,000100101111
100111011111,011011100010,010001010100,110100100010,110110100101,101111010011,001111010110,011010010001,101110011100,010010010110,100101011101,111100001101
000101011011,110011101000,000111100110,000101001011,110110001010,111111001010,000101010011,001010111111,100111100100,011100100111,101111011000,10001101111111101001110010101110110110110101,000100,101,010001001000,1110011,1111000110011101000001010,011011010111110100110111110100011101110011101110,1,110110,10,1,0101110,111001110101001,1,10110,10000,01000,1010100000,0111000,101,10110011011101,11010100,
011010001001,001011011101,100011010111,100001011101,101010101000,110011010100,111100111101,011001101000,110101101100,111011111011,101011001010,001110100010
1100110111100101011011000,001111101100,100111011111,111000000011,011101110010,001101101110,010000100010,111011010111,111100011111,100101011110,101100110111
111010001000,010000111111,101011011001,010100111011,101101111000,011100000101,101101011010,011010101010,110111001001,010111010100,101011100101,101100110101
011010001001,011011111010,1000110000101,10100111100,111000111100,011111100001,000101101010,010010010110,111111001101,001111001101,010011111000,100111011011
000111110001,011100010101,110011010101,110100000011,000110101001,111010110101,101011011110,0110001011111000101000110,111100011011,101101011111,101011000000
010010111111,000111110011,011001010111,101001100010,010010101011,111010110001,101100101110,011100100011,110111011100,111000111011,110100111001,001011110110
0011110000011110011010100,100111011111,101010011000,000101001010,110111001110,101011010110,111000101001,110111011011,011000111111,101011011101,111010101011
000010111111,010000110101,100100011100,010101110011,010110000101,110011010100,101111110010,011010101110,000111011010,110000101010,110100110101,000101101110
111001010010,010000111010,010111011010,111101011101,101000100011,111011000101,001001011011,011010101011,110111101100,111100010101,001101111001,111001101110
0100101111100101111111011,011110001101,0111011111010010010001010,001101111010,010011011010,010000100011,100110100101,010010001101,111111111001,001011011111
111001010110,010000101011,011111010101,011100111101,100000001001,101111010010,010111101011,010101101001,100101010100,011101100101,111110010110,011010100111
011011101100,001011010101,110101011101,111100101101,100001101001,110011011100,100111000110,101000101111,001100000111,111011010101,111100010110,001010100110
100100111010,000001001011,010101010110,010101110011,100110101001,111011010010,101011010010,011010101010,101111001000,111000101011,110011111101,101001010110
011111110000,110010010111,110100001011,110101011011,010110101000,011011010110,011101010110,111010111010,101010101000,011100010010,001010101110,101011011011
111001110010,010001101101,111011011001,0011010111110101010001010,011010110100,011011011001,111011101010,010101101100,101100010101,011011110010,000010111101
110100001011,110101001001,101010001001,101000111100,101101101100,011001001010,011101001010,111110010101,001001111011,001101101110,110010100101,100110111111
011010110111,110011110011,100110010111,111101100000,100000001101,110011010101,101111010101,010110101010,101100101100,010111000101,101010110110,001011011111
010110101110,110100101011,110000100011,111100100110,101001010101,010101010110,010101001010,010010101110,011011011011,010001011010,110110110001,000101011111
100101011011,110011101000,010100110100,010001010111,100110001010,101011110110,011111010101,011010101101,001110111100,001000101111,011011110101,001001010111
110011001110,101111101011,110001110010,110100101101,001011100000,001101001010,011100011011,011010100011,100100100000,110011010100,110010110001,000110111001
011111110010,010000110110,100100011011,101111010000,110001101101,111010110100,000001010110,111100101010,110111010101,010010101011,010100110010,100011101101
0100101111100011111010001,111011001011,110011011011,110001111001,111100010010,101000011110,011100101111,000111111110,111100001001,111000011001,100011101010
101001110111,001101001010,010101010011,101010010101,010101001101,110101011000,100100111011,011001101001,000110011101,011010100011,111101011110,101011000110
101010001101,010000011101,111001001011,011110010011,010101100010,001101010010,111110100010,011100110100,110111101010,011110001010,101011110101,000111010000
100101011011,110011101000,110110001010,001001011111,101000001010,101101000110,011111011010,011010011101,000101011010,011100100101,011101010001,101111110011
111001010110,010000101010,011111110101,001111011110,110001100100,111011001000,101101001010,111010100010,101110010001,110100100010,101101111001,101010110111
111001011010,000010111011,100111010111,111101010001,100001101010,111101000001,110010110101,011000101111,100101101100,111100011011,101101110110,000111010001
000010111100,110100101010,110011001001,010011011011,110111000101,111100101100,001011010010,010110101011,001011111101,000000100111,011001111110,100101101011
011011001101,010100000100,110101001011,011110011010,011110100011,111000110000,101101011010,101110101001,100100010101,111110101111,100001111001,000111111011
001100101100,101001000101,110011001001,011101010111,001010001010,101010011010,101100100101,011011100110,010111101110,101010101001,111100011100,001000110110
000111010111,110011110000,000110110100,000111100001,110101101101,110011011001,101101011110,011010111001,101111000010,110100011011,010100111101,101001010111
111010001000,101001111111,101001000111,110101010011,000110010010,010101010101,111110110111,011001111100,010110010110,111101011001,101110011010,100010100001
111010101000,110001011110,111011001011,011100010111,110001010101,011001001010,001111010101,011010101010,101110101101,010100011011,010101111010,001101010011
010111001111,101011100100,011011101000,101100001110,101010011011,010100101101,001001011011,010100101111,101101011011,111100001011,010101011100,100111000101
011111101000,001001101010,000111010111,110110100100,110101100011,111000000000,000101111111,000010001011,111010010101,111100101011,101011111011,001010110001
110011010011,000100101101,111011100101,111101000010,010111101010,101010010000,101110100111,011001010010,010111101110,101100011011,110000111001,000111111010
100100110011,110111001001,011011000111,100101011000,110010001011,111110010010,101001010110,1101010111110001101101100,111100001111,111110011001,101010101100
000110010111,010000110010,100101000111,010111110001,110101101010,111110000011,110110101111,011001111001,100111011100,101100101011,011100011000,001001010111
010010111111,000111110011,110101000101,101111000010,110001001010,111001010010,010101011111,011101100101,110111101100,101100101010,111100001010,000011110110
111011111000,101011001110,111101011010,001111011111,011011000011,111100011110,100100101111,011010100011,110101110001,111100101000,111010111010,001011110101
111001010010,101000011111,001010011001,001111001111,101111101010,000011110101,101110111011,011000010111,110111010001,111100101010,110010010001,111010110011
000010111011,010100110010,100111010111,100110100010,110101001010,111010010101,010111101111,011000101001,101101001100,111000101011,011101111000,001011010011
010110001110,110011101011,100000111010,010001011101,101110011010,001011010101,111101101001,011001100110,110101101110,011101000100,100011100101,001010110101
111000110010,101011101110,010111101001,100111010101,110101100100,1011011001110101011011011,010110011001,101011111111,110010100001,010111101001,000011110011
000111010111,110011000000,100111000111,111110010010,110101100100,111011010010,001111011110,011111100101,001111101110,101100111011,011001011001,001011010100
011010101111,111000100010,110111010101,100010110100,101000110101,110100101001,000011011110,011000010101,111001100100,110100101010,101010011010,001110111111
011111101000,010110000010,110101011011,100110110011,100001110010,010010101100,000111011101,011100101011,101011011000,110110100011,101001110110,101010100111
001100101100,101001001010,000111010111,100110110101,010110100010,111110010110,100101100001,0111011010010110111111000,111100101011,111100011001,111010100101
100110011011,010010010101,101011000111,111100000011,110100100100,111111010010,101011010110,011110101110,010110011010,111100001110,100101011001,101011100100
010010111100,010010111010,111010001001,011100011011,110001100101,101010110110,001001011010,011100101111,001011001010,110010011010,110100001000,011001111001
111010001000,110100001111,110100010011,011001011011,110010011010,101101001010,101110110101,011010101010,110110100001,110110000011,101011110101,001010101101
000110010011,110011110010,001111000110,010101010001,010110001101,111111010011,101111010110,001001111011,101101010100,011100001011,101101111101,101010100111
011010010101,010011011111,111000001011,010111010000,111100001011,111001000011,101101010110,110110011110,010111101000,110010010101,011100110110,000010111101
1010100011011010011011010,100110000101,010110110001,010010011110,111101001011,101101010110,111111001000,101011011001,100100110101,110011001101,001010110011
100010011111,010011000010,110100001110,010001101011,1000000010111111001001011,101011010110,011010111011,001011011001,010110011011,111011110101,001001010011
111011011000,101011011111,111011011101,100001011001,110110001001,011101001010,101111010101,111001100101,110101110100,011100000101,101111011010,101110110001
010110100011,110111101001,000010000101,110110010011,110100011010,101011001101,010001010111,011011101110,100101001010,010010101010,101111110001,001010110111
111001101000,101011101011,000011110011,111001101101,100110010010,101101010101,101110101010,101011011011,110101110010,111100001011,110111100001,100101000111
011011010101,110000011111,000111011101,100101110000,110101100010,011110010001,010111011110,011001101010,110110100100,111010001110,010101011010,111100110101
110011001111,101111000100,011001100100,111110100110,100011100100,101101111000,001111010110,001000100011,101100110010,110011001000,111111010110,100111111110
001101100011,101011001001,100010010111,110110100100,100100011101,110011001100,100100110111,001011110111,111111001100,111000001011,111110010101,101010010111
011111110000,110010010100,110100011011,101011011001,101001001101,111100101100,000011010101,111110101010,001010101101,110010111011,011001111001,111010101010
111101101001,101011010101,111011010100,111100101101,000110101011,100001010001,001111110101,011000101001,000011111000,110011000111,101010111101,101010100100
001100110011,101011001000,000101001111,100111110000,110101100101,110001110110,100111011101,011001100110,100111101100,110010101001,101100011110,101011000110
111010101000,011001111010,100111001100,010101011101,000110101000,111001000111,100011010110,110010100110,011110001010,000101001100,110110111101,110111010001
010110101010,110100001101,111011001001,010100111011,010110110101,101001001010,110110110100,101001110010,100110110110,101011001000,111010010110,000101011011011100011001111011001011100,0100,0111010011,00000111001011110100,01110,0110111000,11001010,01010010,11010010010011111010,111101011011101011,1,0,0010,00,0,11010111111001110101101,1,01010,10010,01010,1011110000,11101001001,00100101111101,010101001
100101011011,000011001001,111011000101,100001011100,110100101011,011001010010,101011010110,110011101110,011000100110,110100011111,111011000111,110010110100
111010110000,010101101101,110011010111,010001010011,110011110010,111110010100,101110111110,110000101011,001001101001,110110010110,101000010101,111011101001
111010001000,011000111111,1000100010101,10101011101,101010110000,101011001010,111100000100,100010110111,010011111110,111100010100,110100110101,110010111101
1010100011011010010011000,111100001111,010000010111,101100011110,101101001011,101111010001,001111011000,110101111100,111100011011,101011010101,001010110101
000010001101,010000110111,100011001011,011001010011,110101101010,111001001101,101110110010,011010011000,001101011101,111100111011,011000111101,101001010100
011010001111,001011010101,100001000101,010111100000,111000010001,011111010001,100100100110,101001111011,110111010000,000111001011,110111010111,111110100010
010111001111,010000000101,100011100011,111010000010,101001101101,111001001101,101110101111,001001100111,000101011110,011100100111,101101011001,001110101110
0011001010011011011001010,100111001011,100110100100,111000111100,111001001110,000111010111,010111011000,011110101100,111100100001,111011111101,000111010011
001100110011,001011011010,000100010111,010110110101,110010011010,101101010110,010101101011,011110101000,111111111100,111010110011,011100011001,001011010111
111011111000,010101110010,110011010111,101111010000,110000100101,111010110010,000101011110,100100110111,000110011101,110111010111,100101111001,101010101110
010111101110,111100101001,110010001011,110000111111,110001100101,101011000110,001011010010,101000101111,000110111011,111011000010,110100010100,101011010101
000111110110,110111101011,000101111101,101100010010,110100001011,011110111010,101011011010,011110100110,111111101110,100100111011,001110011100,001011110100
110100100011,110101001101,111010001011,011000111100,010100101010,001001001010,101110001001,011010101110,000111101010,010101011010,100111100101,010101011011
011010001000,110000011111,001100011011,010100011011,010101111010,101101010101,111001010110,011011000110,000110111010,101110011010,101011100101,001000100101
010110100000,111011101101,110011001001,110101010011,110110010101,101011001011,101010101101,110010011101,010111010110,011101001001,111101011100,001010110101
001111010101,110011110010,110101011100,000011011101,110101001010,110011001111,101011111101,011010100111,110101101111,110100011011,001010011010,111010111100
000110010011,100011010010,001111010111,101110100100,110001101011,110010011101,010011100111,011001101001,111101101100,011001010111,100101111110,001011010100
000111011111,110000101010,100111010111,100110010010,110110001010,111100010110,101111011111,011001010110,111101010110,101100101011,001111111010,000101110011
1010100010011111011011011,0000100101001,00101110101,101010011010,111100000010,011101110101,000011111001,101101111110,111110101010,100111110001,001001010001
000111011011,101100100100,000110011111,100111010011,110100001101,111010010101,001011001110,011001101011,111111000101,1110001111110010100001110,001011100101
010110101100,110100001101,100010101011,000101011110,011110010101,101001001010,101011010100,111010100100,110111011101,001101010100,110011010101,000101011011
001100010111,110000001101,110101010011,001101011011,101010001010,111010010100,111011011010,111101101010,010101011110,100100111010,111011011111,101010100000
011110011110,110000010110,000101011010,100101011011,010110101010,111011110110,101001010101,011101101001,101101100100,010010011001,101011011110,110000101111
1100111111100101011111011,100001111101,101001111101,111111000001,0100100101010110100111111,1010111010100111111100000,111111111000,110011111010,10101111111000,110101100011111100000011,1000,0110100111,111110000000,101001001011000101110101,10111101,01001101001111011001101100010001,101010011001100,1,001110,00,0,011100100,1001110101001,1,10111,10000,00110,0001111000,0111011,101,00010010110101,0010111,0
100111011100,100111101000,011111001101,010111011100,110001101101,111001000010,010101010110,011010100110,111101111010,011100101010,000111110001,101010110111
111001110000,101011001101,101011101001,1000010011010111010010101,101101001010,101110100110,110100011001,010101111010,010000101001,011011001010,100010110011
100100111010,100011001010,010100101011,101010101001,101011001101,111001010010,001111010010,110101010101,101010111011,110100101010,111100111101,000011011011
111001010110,010000111010,110111000011,111111011011,110000100000,111111000010,010111001011,010010101011,110001001101,011000101110,011001111001,111011110010
0100101111110010000110101,100110010101,111000010011,110101001010,111011010101,101110101001,011010101110,001111011100,101000011011,101100111001,001101010110
110011001111,010100000101,111001001010,010100100011,101001010110,001101001010,101010110010,011010101110,000110111110,010011011001,100001100101,110111100110
010111100000,001111101011,100011001011,111000001101,101001100101,111010100100,000101011110,101001101010,101101011001,110011011011,101101010010,101001000110
110100000011,110100001101,111010000011,011000011110,101101011010,001001001010,010101000101,011100110101,000101011000,001111000110,101011110101,000110111011
111001010110,010000101101,011011111101,000001011011,010111001011,111000010001,110011011001,101000111111,111111100100,111000011001,101111011001,100010100011
111001010110,010000111011,011011111001,001100011110,010111100010,101010110011,011100111010,010010100011,110110101001,110100011100,011011110101,101000100111
011111100000,110000001111,000101011010,010101110100,101010101011,101000110111,011011100101,010010100110,100110101110,111100000011,010110110001,001010111011
101010110111,010011010110,100101010110,001111110011,010010001011,101110110110,101101010110,011110100010,001111101100,011110010101,100101101110,101001110011
1010100010011101011111011,001011010111,100001110101,010001011110,011101010100,111010110110,111001101110,111100011110,101100111111,101011001100,001010110111
101011011101,010100010101,110101010110,001101110010,100010101011,011010010101,101011110101,011010101110,100101001000,110010001101,100101111001,001010110111
1100110101010010111111100,100110001100,101111011111,110001100010,111001011000,001001011101,001010101101,101110111010,111010011110,011011111001,001001010110
011101110000,101001001100,000111110101,110101010010,100110100001,110010010101,101011011110,110001100110,110101010001,110100010101,100101011010,100110111011
011110110000,110000010110,000101011111,101011011011,010101001010,111110010110,101111001101,011101101011,100111101101,111010010101,101111011010,001010100011
111001101000,101010111011,110010010010,011001011111,101010010011,100101010100,110111010010,001010010101,011101101110,001011011111,111010010101,001011111101
011010001111,101011110010,110111000100,011111100011,010000111000,110111010000,100111010110,011000100100,110111001101,110100001100,111010111110,100111010001
110010001110,010100001101,111001101001,011100011011,101011100010,001101001011,101100111010,011010101110,000101011010,010011011000,111011001101,000111110100
010010111100,110111001011,111100001111,001100011111,110110001010,101010011010,101011011010,111011010110,000110101111,001110011010,011010110101,001000110000
010111001111,111000100101,100000100011,111010100101,101001101100,010101000010,101010111010,111010110011,010110001010,011001101010,111010110101,100111001011
111001010110,010000001101,111011001101,011111011001,000000101100,101100010010,111000100010,111011100010,011111111110,000100010000,111001110110,000011111010
100100111010,100011001011,011011010111,110101010101,110110001010,101101010001,010111111010,001101101010,110111011101,101100011010,110101110010,101010110000
111001010110,010000101011,110010011001,011001011011,110001100010,011100110000,111110111001,011000100110,110111101100,011000101101,011011110001,000011101010
111001010110,010000101011,110110001001,001001011100,001010101011,101011010010,111110100111,100101011010,110101010001,011010101000,111110110001,101001000001
010010001100,101011110010,111010001101
111011011000,001011011100,111100011101,001001011110,001011010011,111010001110,101101001110,011101011011,111101111001,101100100011,010100011101,101011100101
011111100000,100011011011,001011011011,110100001101,001010101010,111110010101,110101101110,010010011010,111101101000,011100001010,010100010110,101010110111
110100001011,010001101001,101010101011,101100100010,100001101100,001000101011,011011010101,001011110001,100101111010,111100011010,101011010101,101010101111
110011001111,010000010100,111001100011,011110100010,111001101100,111001110000,101111010011,010110110111,000101011100,010101001101,101001111101,000110100000
111111101000,001011011111,110011000111,101001101011,010010101011,001110110101,100111100111,011001100010,011101011110,011100110010,011111111101,111011110110
110010101010,011001011001,100001101001,010100011010,110110101010,101111010101,101100110111,010000100111,110111101101,101101000110,101011010001,100110101011
101000010111,010010001101,011000011011,010001110011,001110011010,101011010010,011101010010,101010110110,110101111100,011010010100,111111110101,100000111101
100100110011,110011101010,010100101100,010110100101,100111001010,101001101011,101111010000,110101010001,110111001101,101100010100,110111010101,101101010011
111001010100,010000101010,111111111100,001111011110,000111000011,101010011000,001101011010,100000101111,110110101010,110110011011,101001110110,010011111001
010110101110,111011001001,011011110100,110100011011,110110001001,100011010110,101101111010,101000111011,100110111010,010111011011,110111110000,111001000011
110011001110,110100101010,110110101001,011000100110,111001100100,101001101010,011101011011,010000101010,101010111011,100001100100,110111110110,100100101111
000010110011,110100101100,111011100000,010011011010,110110011010,001010111110,011101010011,010100101010,110101101001,011100100101,011101111000,001001111111
101010001100,110100001101,111101001010,010000011111,101100011010,101100110010,111101001010,011010101010,010111101010,101110001110,010011110001,000011110101
1010100011011010000011101,111000001011,011100011011,110010101010,000111010110,111110110001,010011011111,100111010100,001110011011,101011010001,000010100111
111011011000,010000111111,111011011100,000111011111,000010001100,101110010110,101111011111,011010101011,100111101000,011100011010,011011110001,001011110101
101110010011,010010010101,011101010110,100101011001,001010100011,101111010011,110101101111,010101101110,100100101100,111100011010,101001110010,000010101110
1010100011011010011011010,010101000111,100010011101,110010111010,111111110010,100011111110,010101101001,100110101100,011100011010,110110000110,101011010111
000010111011,010100110001,100101010011,111001010011,110110101010,111010010101,101110101110,011011100001,001111001110,111100011111,011100100001,001001100010
1010100011011001011011011,100011001010,011001010101,011010100010,101101010010,111100010110,100011101011,110001101100,000111001000,101011000111,001010111011
1111010010011101001010100,100011000101,111001011011,100100011100,110001010101,001101010110,101010101011,001011011110,111011010010,101001101110,100111111110
1010100010011111000011111,100010010011,110100010100,101101110100,011011001010,011110110100,011010110001,101111011010,010001010110,010111100101,101101010011
111011011000,101100010110,111111010101,100101011110,011010010010,111010010101,001101100111,111001101011,111101101101,111100100101,111010001010,110010110111
111010001110,010000111011,110101001011,111100011101,010110101010,101101001011,110110111010,011010101011,110101101100,001100011100,101011000001,000011101001
100101011011,110010001100,010100101001,101010101101,110100001101,010111111010,101011011010,000010111111,110011011110,110100001011,110011011110,101011011010
000110010000,101100110110,100110001011,101001011011,110001110100,111010010110,000001011011,010110100101,101011100101,110100101000,011000011101,101011010111
010110100011,111100101101,000011110001,110001010010,011010101100,101011001101,101010010011,010110111110,100111010001,010010001010,100111010101,101010101111
000110010011,010011100010,000111010100,110001100101,100110001010,110011010111,101111101110,011110100110,110111001101,111100011011,011110111001,111000110100
010001010011,110100101100,010101111011,001100011110,101011000101,101011110100,011111011010,011110100001,101010111101,101000101011,011011010010,110010100101
010010001010,110010001111,111010001001,010000011101,001111110100,001011001010,101010110010,010010111001,110110110000,001001101110,111011110101,100101011011
1100110111110110100011011,100110001101,101111010001,010001100100,111000110011,110111011110,111011000001,111001100110,000000101110,000001110110,111100100011
111101101000,010001001010,111000001101,100100011011,100010110010,110011010100,001101010110,101010100110,110110111010,010011010010,101010110110,100101011111
101111100000,010101001111,100101011011,010100010011,101010110010,111010100100,101001010101,010010101010,101101101000,010100101101,011011001001,001010101111
111010001000,001011001110,1001000000101,11011010111,010010100010,010011010110,101011011001,010001101111,101011111110,111000001011,111010110101,100011000110
100000111011,101011101000,010111001000,101001011111,010110001011,101011010110,001011011010,101010111011,110111001010,110110101011,100100111100,111001111110
101010001101,010010001011,111001000111,010001111011,110000110010,011100110010,111110100101,011001101110,010111101000,111110010101,100101111000,001101010011
011111000000,110000011111,100011010011,111000100101,101001101010,101010001101,010101110100,011001100110,111110101100,101100100110,101110010111,101010110111
0110110101000111100001111,110011001010,001101011011,101001100000,101100110110,101100111010,100111101110,000101001110,010010111010,100111011000,001010111110
0100101111110110111100001,111011010110,011110110000,000010000101,011001001010,010101001101,001100100111,101100101000,010110111010,101011010110,001010101111
101001110111,001101001011,010101010111,110110010010,100110100011,111011010001,101011011011,011000010110,100111011100,110010001011,100100111001,101010100010
101010001101,010011011010,111001000110,010100111011,110000111010,111111001011,101011110001,110010101010,101111101100,100100001011,110100111101,000010110111
011110110000,111000010110,0001010101101,10001110011,100010011010,011001101101,000101010101,010100101111,101101011100,010110101011,101001011001,001010100111
000110010111,110010000011,100111010111,101010010010,110001101010,111010010100,101011010111,011101101001,010101111110,101100100111,001101001000,001011100010
110100100011,110101001101,111010000011,011001011101,101001010101,011001001010,011110110001,011010010100,000111111010,100101111010,101111010101,000011010101
010110101110,011101101011,000011001011,0101101100101110101100101,101011010101,101001010110,111011101110,100111001010,000011011011,100100111001,001100100111
111001010110,010000001101,111011111101,011001011010,110110000011,101100110010,010100110010,111010101010,000101111111,110100001110,001000110010,001010111101
010010110011,111111000101,110010001011,101101011010,101101101001,111011010101,101100101010,100100111111,001111011111,110101101011,100100010101,101011100111
000110001100,010011001011,100010110001,011101101011,010100101000,111011010010,101111010010,111010101000,110011011100,101100111100,110011010101,111001010111
1010100011011010011011010,100111000101,111100100101,110001101100,011111010010,100101011110,011010100111
110011001111,011100000101,011010011001,011110110001,010101100100,011101010010,101010110010,111010110110,000111001110,010001110100,111000100101,111101111000
111001010110,010000101011,011101010101,001001110011,101111100001,101011010001,101111000110,100111111010,001101100000,111000111001,101110111001,110000101111
011010001111,110000010110,111001011111,011010100011,110101100010,111001000110,101111011010,011101010111,100110011101,010111001010,101011110110,100010101011
111000110010,101011001111,001010010111,100111010101,101000011100,101011010101,011011001010,110010101110,101101010100,110100101010,010111110101,110010110001
011010110000,110000011011,111010011011,011001011010,101111101010,101010100101,111010110110,010001101010,110111101001,011000001110,111011010101,100010111101
000010011111,110010110010,100110010100,010101100011,110101111010,110001000100,010101011110,011100101001,110111011010,010110011010,010100110100,100001100111
111011001110,010000110011,000111101100,001001111001,101001001011,111001001000,101110110111,010010101011,001111010100,110011110011,100101110101,001011001100
000011111100,010111101000,110111000111,110100111101,110000001010,111110010110,000101101111,011111001010,001001101000,011100101011,011111111000,001100110010
111000110000,101001011110,001110001011,101111010101,101001010101,111000001101,010011010011,011000101011,110011111001,110010100010,101000111101,101101000111
001100101100,101000101010,000111011101,100011111101,010110011101,110001001110,000111110011,011110100100,110101111100,101000101011,101101011110,100011010111
011111100000,010001111011,100011011011,001100110011,100000100010,111010110101,001101110110,011000100110,101101001000,110111011110,000111100101,101000110101
111010101010,010001111010,100111010101,100111110101,010001110010,111111000110,100011011110,011110111001,110111101010,010101010010,100101001101,100010110111
101010000111,110010011011,100100110111,010001010011,110010010100,011011010100,111101010110,011110011001,101001011000,011101111110,011011010001,101010110101
011010001001,110010011101,100100001011,011001011011,101110010010,011101001010,111011010110,011010101110,101101101001,100110110101,010001110001,110010110101
111010001000,011000011111,100011010001,010101011101,101010111000,010111001010,101100100010,011010101110,101100101000,010111011011,101011100010,101010101000
0011110000011110001001101,000101010110,010101010101,101010110010,110110010101,101101101101,011010101001,100111101100,011100011011,010110110100,101100101111
000110010111,110011101010,000111010111,110101100001,110101101101,111001000010,001101011101,011011101001,101110111010,111100101011,001111011001,001001011111
110101101010,101011101001,111000101001,111101010101,101001010101,101001000010,101010101010,111110100101,011111101010,001101101010,011011111001,100100111111
011111110111,111100000100,000101011111,100011011000,001011001101,110010110110,100010101110,111100101110,101011010101,110010010011,101101011110,101010100111
101010010011,011011110010,100001001110,110001011011,110010100010,111110110100,101001100110,011010100111,101101001010,010110000100,100101111000,000011111101
0100101111110111100100010,010111011101,101011100010,110011101101,111011010100,001101010110,111000100110,110110110101,010010000101,101100110110,101001101010
000010111001,010100110000,010111010111,010001111011,110010111001,111010010100,001011001110,110010111001,110111101010,111100001010,011100011110,101001000100
111001101000,010100001101,111011001011,111000011011,100000110101,101101011010,001110110010,011000100111,001001111010,011011001010,111001010101,100111111110
000110110011,010100101101,110101010111,111010100011,110010100101,111110110001,100111001110,011000010110,100111010110,111100010111,100101111101,101011001101
0100101111100111100101011,010011111101,111001010001,110001100101,111100010010,001011011010,011010100111,010110101110,110000101110,111100011001,100110100011
010110101011,110111001101,100011110101,100001000101,101001011010,011011000110,101111010101,011100100010,110111001010,101101101011,110111010110,001010111111
111001010010,010000111011,000110011010,110101111011,100011001010,101111010100,101101010111,010010101110,100110101100,111100000011,000111110001,101010100111
111001011000,101011101010,110111110000,001001011110,111010000101,101010111101,001111001010,110110100011,011100011001,110100101011,011011010110,101010110111
111011001110,010000110101,011011001101,111000111011,110011100001,011111010001,101110111010,011010101011,100101011100,110100011010,101101111001,001100101111
000111110111,101111100011,000111010111,111111100000,100001101001,111000010101,000111110111,011010101110,001111100100,011011100101,100100011000,001011110100
011010111110,111100001100,011101000111,000011110011,110011110001,111011100101,100001011110,111000100111,110110000010,010010101010,100100111010,100011110001
110011001111,001111100000,110100000100,011111011110,110001100011,101111001000,011001011011,111000100101,011111111110,010100011011,101010010001,000111001110
000110000110,111100101110,110000101001,100100110111,011010010100,101010110110,101001010110,101111010110,010001010101,110101101011,101100111101,111101011101
011010111111,110011010100,110100010111,111111010000,110000000101,001111110110,010111010110,011101101110,010110101000,011011010011,101100111110,000011111111
110011001111,101111000100,110110000100,011100100110,100001100101,111001001010,011111010001,010110101010,000110111010,110011100011,110100111001,000111001110
100100111010,110101101100,010101011001,101010101011,010100101101,111011110010,101101010111,111010100101,100011110110,101100101011,101100111001,100011011110
111001110000,001011100111,111010011001,1111010101010101010010101,101010010100,010010101011,010101101111,010110101110,011100101011,111010010110,001011010010
110011011011,101111010100,111010111100,101000010010,100001101100,111001001010,001111011110,110010100001,011110011010,010010011010,100111011001,100010110111
010010001110,110100101100,011001001001,011100111011,110001100100,101011101010,001001011010,001101010101,101101001101,101110101010,110101011001,101001011011
011010001110,010000100001,010110001101,101110011011,010011100010,011111010011,011101110110,001001111000,101111101101,110111100101,111100010001,110011001110
101010010011,111010011100,000111010111,000001111101,011011110000,101111100001,001100111110,110010100101,110101111101,010010011110,010110011110,100011010011
011010001111,010011001010,000111011100,011000100011,000110101011,100111011001,101011001110,111110111111,000110011100,110110001011,101111100001,101000110111
110100101011,110101001001,111010001010,011000011101,101000011011,001001001010,011011010000,101010101000,000111110010,100110011010,111011010001,100110100110
010110101110,110100101011,010011110110,010000011011,110110010101,101101001010,101011010001,001010110101,001001101001,011101000101,100111010001,101010110111
011010001111,010010001011,110101000011,010110111100,101000111010,101100110011,011100110101,011001101110,110111001100,011111001001,111011010001,001011010100
000101101101,000011010101,000110110110,010000100101,000110101011,111111010101,000011011011,010010110001,101100111100,110100011011,100100111000,101001010101
000110110011,110011101010,000101000110,110101011011,110110000001,101110110110,101111011111,011011001001,101111101110,111000011011,011111101100,001011010110
111010001000,011000110101,1001100101101,00101110010,101010011010,010111001010,111110110110,100010111011,111101001100,110101101110,111011100101,101010000101
0100101111100111100101101,000011110101,011111000010,110011100110,101010010110,001111011010,111001001010,100101111001,010100111010,100111010110,000101111111
001101000100,101101001101,000001111010,010101011011,101010001010,101110010010,101110100010,000101111110,101010110001,011110010100,110010010110,111010000101
000110010011,101110100100,1101000010101,00101011101,011001000010,110011010110,001111010110,011100110101,001011011001,011100101010,110010110101,001010111101
000110011111,010010000101,100011010111,100110101000,101001100101,111110010010,001111001010,011001011001,101111100100,011100011110,101011011001,101010101010
1011111000011110100000111,110101000111,001010111011,110001011011,110100101100,011101010110,111001101111,001010101110,101100111001,010111110001,101010100111
011010001111,110001001101,000100011011,100101110011,110010010010,111011010010,101101010110,011011011001,110111101110,101000011010,111011110001,001010110111
001101101100,001101001001,110001001011,010101011101,001010101000,111100010011,100111011010,0110011010101001100001110,011011101001,101100000111,000010110001
011110010000,111000001110,1100110010101,00101011101,011011011000,010010110110,001001111110,111010011010,010101111101,010110000101,100000111101,100010111111
010010111110,110100101101,011011001111,0111011100110110010001010,001101110110,011111011110,111110000110,001000111101,011100001110,001011010101,101010111000
000111110111,101110110011,110110010100,011001010001,110001101011,111011010101,100101001110,011001101011,001111011110,010100010101,111000111100,001011100110
010010111111,111100100010,000111011101,101011110010,110101101101,111011010100,001010101110,111110100001,110110011001,010000010101,110100110001,101101100111
001100101100,001011010101,100011010011,101001010100,011010101011,010110110110,100000111110,0110011010010110101101100,111100011010,111011011110,101010110100
011010001000,000011111110,100110001101,010001010111,110010111010,000111000110,001111011010,011110010100,110111110101,101111001010,110010111101,111011010101
100100111011,110011001001,011011000111,110101100100,011000100101,111100110011,101111010110,111110101000,101000101010,111100011111,100111110001,111000110011
1100110111000111100101011,100011000101,100001011010,110110101000,111011000110,101101100101,110001101111,011111101011,010000111110,100101111010,101101110001
111101111000,000011111011,111011011100,001110110101,000101101011,101011001001,001111110110,011010101001,001101100100,010100011101,101011010001,101110110011
100001011011,010000101101,110000011001,010101000111,101101100110,101001010100,011110110010,111001101100,001011011110,000101011010,111011010100,110010100011
1010100011011010011011010,100111000111,010001111100,111001111100,001111001011,100110111110,001011111000,110110111101,011100101001,110101110011,101100110001
110100100011,110010011101,101011100100,010101011010,001010101001,101001001011,101101000110,011010101110,111011001011,001101100010,111011110101,100101011111
001111010101,011100010100,110101010111,100010110010,110100101011,110010010100,100011010111,110000101101,110111111100,110100101010,101101011001,100010100110
101010001101,010011011010,110101000111,010110110011,110001111010,110001001001,100111000110,111011101000,110110011000,111111011010,100111000110,10101011011110101100110011011000,00110010110,11010011001111011001000,1010100,11110,0101110001,10011010,11001010001110010010011001010,01,011010011101011,11110110,00,0,1101010,111001111001001,1,11100,10100,01010,001101000,11101000,100,00010111101101,10,101,01
011011010100,011100110011,110101011101,110100011011,100111100000,111011010000,111010110101,111000011011,101101010100,010010011101,101011000110,101010100011
001111100000,010100011111,000011010100,010100110101,100110111010,110010010101,100101110010,011010010101,001110101000,111010011010,011110010110,111010010111
010111100000,111000101101,000011110010,110000011011,101010011001,101010110101,001110001001,010010010111,010001101100,111010011011,010111010000,001100110111
010010101110,101001110111,100010001011,101101010101,101001000101,011011010110,011110101001,011001101010,110011101011,010011110101,110010110101,100101001110
011010001111,010010001011,100100001101,001101111011,110001000011,111100110001,111111000101,011000001111,101100101100,111111100101,001010010110,000111001011
1100110111100111010101011,111110000010,011100011111,010010000011,001001111010,000111111001,100010110111,111100101010,111001101010,110111010101,110011010111
1010100011011001011001011,111001001011,011100011101,110001100010,101101001011,111000110110,010000111111,001101010100,110110010100,111001111101,101010110000
0111010010011101000101100,000011111011,100110010100,111001100100,110110011101,001111001011,011001010101,111101011000,111100001011,101110001110,101011010101
111010001000,011000101111,110011101001,110100111001,101010101010,110101000101,010110011010,110010101111,010101101110,000100011100,101010010110,100111100011
111001011010,101000011001,100110011001,110111011101,101011011000,111010010100,010011101010,010010101010,010100111101,010100111011,001011010010,101010101001
1010100011011010010011011,100100001011,011100111010,110010101110,111001001011,011101010010,010010110101,101011001100,011110111010,101011010101,001010110011
011111100000,010101101011,111001011011,001100110011,000010011010,101010101001,001101010110,111010011010,100101011001,011010101000,011001010101,101010100111
110010101011,100111011000,111110000011,101101010110,011001010100,101101000110,101101001010,111010100110,011101111011,100110000001,110111000001,100111111110
100110111011,001111010100,000101010111,100110100011,111010101001,111110010101,100111101110,111110010110,100101010010,110011010011,100100011111,101111000010
111100010010,010000101101,110100011011,101001011011,101110001010,011011100100,011111010010,111010101001,010110101110,010100101101,010011110110,101010100111
111010001000,110000011111,101011010011,011100110100,101010100100,011111001010,011101110100,011010101010,001101011011,010000111010,100111000110,101010100111
111100101000,010101001011,100101011010,011100110011,100101100010,010011001001,101110110101,011001011010,100110010000,110111001010,100111110101,101010100011
111001110000,101011101110,010111001100,111001010111,110010001011,010001110101,001101010111,011111010010,011110101100,110100101000,100111101101,100111110110
110100101010,101011101011,001010111001,011111011010,101010011010,101000101010,100100110010,100011011110,101101111110,000110100100,101011000010,101101011100
010111101110,010111100001,100001100011,010110000000,111001111101,100111010000,100110111110,010001101101,100110101010,110111011011,111100010001,101100100110
011111110000,111000010110,010001010101,110110010011,110101101000,100011110001,001111110101,010001101011,101110010000,111100100110,010100011101,101011000111
011111111000,010000110110,100011010011,100110011011,110001101101,111010010101,000101010101,011001110111,101110101000,111011101010,101100011011,101110100110
101010010011,111010011100,111001001011,100001011011,001110011010,011011000110,001111001011,110100101010,100111111001,110010001000,110101101000,101011110011
011011010100,110010010111,100111011101,101100011011,110110100000,111010010010,101111011110,011011000010,110101100100,111010100101,011011000010,111010110101
100100110010,110011001001,011011001010,010101011101,101100001101,101101010011,011110110001,001011101110,100101011100,111100001001,100101110101,001010100111
111001010110,001111000011,100010011101,101111011101,101001001011,101010010100,110110101001,111100101011,110111101100,110100100101,111011010101,101011001010
111011010110,010000000101,110111001101,101100110011,100111101101,111001000010,101110110110,011000101011,110110010110,111100011000,101001110001,101010101110
111101110000,001011001111,100010001011,111001011011,110010101010,011010100100,011111010111,011010101001,010100011100,011011000110,000100010001,100111001010
0100100111110111110100001,011111011110,001100110000,101110001001,100101010011,100100111111,001010111111,110110011000,110110001001,101110010010,011010101101
111000110010,101011011110,110101001011,101001010011,110100011100,101101001101,001100110111,110110101011,010111110110,010100101000,011011111110,100011110010
111111110000,010001110111,100101010101,111111010011,010010101000,111010010101,001111010110,111011101001,101010010100,010100100110,101101100110,101010101110
100010011111,110010000100,011101011100,000011011011,110011111010,010011100100,101111010110,101100011111,110100001110,111110001010,101100111101,100001111011
011111001001,001111000100,100111000011,101110110100,110001101100,110101010001,000100110111,011001101001,100111100110,011100111011,011001011010,101111001010
110011001111,101111001000,111110001000,001110010110,111101010100,011001001000,011111011001,011110010101,001111011001,011001101010,001011010101,010111010111
000010011011,110010110010,100111010111,101110000000,110101100101,110001110011,001111010111,011000010001,100110111100,111100101011,110101111000,101001010100
011010010011,110011110100,111001011111,101101010100,011110001100,111010010110,101101111110,111010011110,110100111011,110100101001,101011001001,100011111011
111011011000,101011011111,100110011111,000001101101,111000010011,011110001110,100100110111,111010101011,111000001000,110100011000,010100011010,011101101011
111010001010,001011001111,0010100001101,00111011011,001010101010,011111010101,111000110111,010000110101,001101100000,010101001101,111110011101,010111001111
111000110110,001111101001,111100000001,111111001101,111001110100,001101011010,110110100010,010110011010,010010101101,000011001000,011010110110,000011110000
101100101111,010010011010,110101000111,010110111100,011110101001,111001001011,011101101110,111010101000,111011011101,111100011010,111011001110,100011010011
010111001111,110111010001,000001110010,111000101010,000010100100,111011110011,010101010111,001001101111,100111011100,110100011011,111011000010,000110101110
000110101100,001101010111,100011000101,101101010011,101010101010,111111011010,000101100010,0110011010110101111001100,101000111010,101101011101,101011010110
111010001000,011000011111,000101010111,110101010011,110110011000,111101000100,110110001011,011001101110,100110010101,010101011011,100111110010,111010101001
111110001000,010000111111,001001001101,110100111001,010101100010,111111110001,101110111010,111011010110,110101001000,010100001100,101011100101,111010100111
100101001110,001101001011,010011101011,110100101101,101001100100,101101010010,101110100010,011011100110,001110100110,111001111011,110100000001,101011011110
000111110100,011100010111,110011011101,110100011011,110101101010,011110010101,101111111011,011011101011,100110000000,111011101111,101100111000,101000100101
010110101110,011101101011,101011000011,100100010101,110101101101,010001001011,001111010110,111000010111,000111010100,011011000110,010110111001,111110100110
100100111010,000011001001,011011010011,011101011011,110000000101,111110010010,101011000010,011111101110,101111011100,011011011011,011100011100,001001010010
111000110010,101011101110,110010001011,101001011100,011101100100,110101010110,000111011011,1101000101000110101111110,011100100011,111110011110,000010111101
1010100011011010010011011,100101000111,010001110011,110001111100,110111001011,101010111110,110000011101,100101011100,111000111111,101011110101,101100110011
010110101110,110100101011,011000111010,000100111011,110110011010,001011101011,010101110110,001011010110,101111011010,001111000100,111011110001,001001010111
000101101100,001111001011,110001001101,111101001100,110111100001,011101010010,000110111010,0110010001110100101101010,010101011010,110101011110,000111010111
011010001111,110011001101,110001000011,011110111011,110000010010,111011000010,111101100010,011001101010,010101101010,011111001111,111001110110,000010110111
0110110101000111100010111,110011001011,101100001011,110000101010,111010110101,001101110110,111000101110,001110011101,011100011001,111000011010,101010110010
111011111110,110000001111,000111011011,111111011011,110001100001,111110010110,001011011110,110010100011,100111101011,010100010010,010111011110,100011110010
011111100000,110000000111,000101011111,111000111001,101010101001,101110110010,100011111110,111001101010,101101111110,011100011101,011100011001,101100100111
111001010110,010000101001,111111001100,011001001101,101001100001,101100010010,111100111111,010100010110,111001001100,100100011001,111011000001,001110110111
000101010111,000010001010,001011010011,101110001011,110110011010,111100010010,100101101011,001101100111,101111110100,111110100101,111100011110,001001010100
111001110000,011001011101,100001001010,000001001111,101110011011,011101001101,101110101010,111010100101,010111101010,001000011100,010110010110,100010110011
010110101111,001110010001,111000001111,1011101011001010010101011,101001000011,110100010111,011000110111,000110101110,110001101010,011100011001,000110111110
011010001001,000011111011,100011000110,011101010011,000110000010,011111010001,110101111110,011001010011,101111101100,101111000100,111011110101,001010101110
110001111000,010101001011,110110000011,101001011011,110001100101,111011000100,101110101001,011010100111,001010111110,110100001011,110100011110,101011000100
010010001111,111010101001,110011110000,010001011010,101100011000,101101001010,101101110110,110110011010,011111111101,000101001010,011011110101,001001010111
010010001111,010011000001,100001110100,011000011001,100110101011,111111001010,101101010010,001001110111,110111011101,011100011011,111010110001,101000101010
111011101000,11010,001101,110101011010,011000111011,000110100011,011101001010,011111001000,001010101010,101101011001,010100011100,110111100001,101010101101
011111001000,010000111100,100101011011,101000101001,110000101100,111011000110,000111010010,001010111011,110111010101,010011101010,100101111001,101011001010
010111100000,111000101111,110010000011,110001011101,100100011010,101011001100,011011010010,111001010110,001010101110,011011010101,111111100100,110100101011
010010111100,010011010101,100101111110,001101111001,101000001010,101110110010,110011001110,111011101010,110101000000,110110011101,011000010110,001011010110
111111101000,101001011111,111000011101,111110110100,010010100010,101011000110,111101010111,001011011111,100101101100,001100011010,101111000101,001010101001
111101100000,010011001011,000101111111,110000100101,100101100011,111111010101,100010011101,0100011011110101101101000,010100011010,101110010001,111010100011
010111101000,101011101011,110011011011,111100001101,110001100101,101010010100,001111010011,011010101001,010111101010,010011010101,111011101101,001110100101
100110010011,110011101010,100110001110,010101011011,110000000100,111011010111,001110110110,011010101110,010111011010,010100001100,100111010001,101010111111
011111110000,110010010110,100101011011,101101010011,110001000101,110010110101,001111011101,111100101011,001101110101,110100100111,101011001011,101010100101
011010001111,001000111011,111001001011,011101011100,101100011001,101001001010,101111110001,010010100010,110110011001,111011110001,110011010010,001101000111
011010001111,110000010101,100101010011,011101010011,110110001010,010111010101,111110110111,011001111011,110101100100,101111101011,101111010000,000011011101
010010101110,001111101001,110010001101,111100000111,101001100101,101101001010,011111001110,011000011010,001001101101,110001000100,111011100101,111011101110
0101111111100101100101101,111111110000,000111011110,101001100101,101010000110,001001001010,011110100010,010111111010,110011001010,111100010001,000111111110
111011010000,101100011100,111101010011,111111011101,111000001101,111001001010,000011010111,011010101011,110110011000,011111100001,011001011111,101001110101
1010100010011111000011101,100011010001,010001110101,111010011100,101011010101,011101110101,011000101001,100101011000,101010101010,101011010010,001011010101
100101111110,101111001011,000110001101,111101010001,000110100101,111101010010,010111001010,011100100010,110011011110,010010100010,110100110101,111010100001
011010001111,111010010001,110010001011,111100011011,100001101010,111000100101,100100110110,011000110001,010111111100,010011011010,101010010101,000110100101
111111101000,010101101001,110101011011,011101010001,110001100011,111100000001,101101011110,010010110110,001101101001,111011111011,001010110001,101000100010
010010111111,000011110011,111110000111,101001011010,100001101010,111010110010,111101001110,1101001011010100111011100,010100011010,101100010110,001011010110
1111011000011010101001101,000101011111,111000110011,101010100001,101011010101,101110101010,111000100000,110111101110,011100011111,111011011001,001100100110
111011010110,101011111000,100111011100,001001011110,111111100000,011010011110,001001111110,011010100011,111111111001,010100010110,010011010001,001100110011
010110101110,101001101011,111011101001,111001001010,111100001001,100100110110,101110111010,111100101101,011001110111,100001111010,111011000101,100101111110
011010001001,110011111001,100011000011,011010110100,101000101110,011001001011,011011110110,011000110110,101101111011,011100110010,101011100010,101010110101
010010111000,110100111110,011111000011,101000111111,010001001010,011110111101,001111011010,011010101101,110111101101,011100011001,110100011110,100011111110
111010001000,011000110111,100101011001,111101010011,101010101000,011011000100,110110110101,011001101101,101100011000,010110101101,101111110110,000110100111
111101100001,101011101001,011010001101,111001111011,110010010001,111101010101,100011010110,011101010110,111011101110,011101011010,010100110110,101101001101
110011001111,010000010101,010101110111,101010100000,110010100101,111111010010,010110101111,001001111000,100111010100,111100101011,111011011000,100111001110
011101110001,010001001100,000101111011,111001011010,110010001010,111010110101,001111010101,011000011110,110111101100,111011101001,001101000000,101111110111
111011011001,101010000010,111111001101,100010010110,111001011101,001110010110,100111101110,011111100111,011101111101,111100100001,010011011010,101011110001
001110010101,110011010110,100101010001,011111010010,111010000101,111010110110,010110101101,011010111011,101101011100,011100101011,001101011010,001001110001
110010101010,011001011011,100011001010,1100010101011101010100101,100111010101,101011111111,011001011101,100110001100,110010011011,111101010001,101111001010
110001011100,101000101011,010111011001,001101011010,101011001001,011011010101,011100100110,011010101000,110111101010,010100101001,011010010010,001110110101
100010111111,110100001010,011100000111,101010100010,110111101011,111001101011,000111101010,011010111001,110011011010,110100001010,110100111110,100010111011
000010111100,110100110010,110101001101,010101010011,110110001010,011011010111,110101010011,011101011111,111101010101,101100100101,011010011000,111001010011
100101011011,110011101000,000111001011,101110101100,110101100100,111101011010,001111001010,011110100001,000011011110,011100111011,000101111001,100111110011
100100110010,001011001011,011011010110,011101000101,101010001011,011101010010,010011001111,011010100110,100100101000,110100001011,110101111000,100011011100
011111110000,101000101110,000111010101,110101011001,110001100001,111010010101,000010011111,001000101101,101111100001,011100011011,101100010110,101101010011
100100111011,010001001010,000101010111,110001100011,110010101010,111110010010,001111101110,111001101101,111111001100,111001101011,111101110001,111001000100
111011011000,010000111111,111011010101,110000110011,110011101010,110010011010,001110110110,111000100011,110111011000,110100010110,100111100001,101011101011
000111110111,100011110011,001001010101,111010100100,110110001011,110110110110,001111001011,011100011010,110110100100,011100000110,111101111000,001011010110
100011011011,010100110010,110111010100,010000001011,100111110010,110011010101,101101011110,111000100110,101110001101,110100011101,010101111101,101011001100
0011011000011101110001100,110111001011,110110011100,111001011001,110011001110,010101110010,001111011001,1110010110010011100101011,101010011010,101011010101
010110100011,011111001001,100011100001,100101001010,110110011001,101011010101,110101010101,010000101111,010011101110,101010011011,101111001010,011111000110
110100001110,101011101001,011001000101,111101010101,010101001010,101001001010,111100010011,111000010010,010001101001,100011100101,110110001110,000101011111
111010001110,010000111011,100011001101,101111010011,110001101010,101111001001,101010111110,011000101110,111101101001,111100101111,111110110001,101000100100
011010010111,010011000111,110100011110,011101010001,000110001011,010011010010,110111010110,101010010011,101110111000,111010001011,100111110001,000010100011
111011011110,001111110011,000110011101,110001011011,010001101000,111011010101,101001011110,110010101111,101100000101,010100011110,100100010110,111100100111
000111011111,110000101000,011111010010,001110101011,111001101010,111110011001,001111001110,011100101110,101111011100,101100001010,110110111101,100011010001
001101100001,101010110101,000011010111,111001010011,110110001001,101111010101,001011101001,001011111001,101011100100,111100001010,111101011010,101011001001
000111111111,001111110000,000101000101,111011100011,010010101000,101110110001,001111101110,011101111101,101110011100,1111011110111010100011001,001011000100
1010100011011010011011010,100111001100,010100010101,111001110010,111101001011,101011111101,011011101000,101100101100,100100100101,001011111001,001111010111
1011111010011111100000100,110101011010,001110110101,010101011010,110100101110,000101011110,010010100111,001011001010,010110111010,011110001110,100110110111
1001001010111001101001011,000011010001,111001100101,101010101101,111101010010,000101010111,011010110010,101111010100,111010101011,110101011000,001111010110
100101111010,001011101010,010111101011,100101001010,110110000101,011110110101,100111010110,111100100011,110111001101,111000000011,110100101110,101011110110
000110101100,001101010101,100011010111,110100011011,110100101001,111010010110,101111100110,011001101010,110100011100,111001110111,111011011001,001010100110
110101101011,010101001000,110110001011,101011011010,100001101010,111001001010,001101011010,111100010101,001011011110,100011100010,111000111101,110111001100
111011011100,010000101111,111101000001,111110010011,110001001101,011110111000,101011011101,111110101011,110001101100,000000001011,100111011101,000010100010
111001110000,101011101110,110110001001,001001000111,111011010101,110010010100,001011010111,011100011011,100101101001,110100010101,011011011001,101010110101
111011011100,101011111011,111110001111,000101011011,110001100000,111101000110,000001011010,101110010111,011110011101,110010010001,010100110001,101110101001
000110010011,010011100100,000101010010,101001111011,110110000011,011110110001,101111010111,011001100011,101101101110,111110011011,101101011000,000011010110
1100110111100111100101001,011001011101,011100110011,110010001010,011011000111,110111011001,110101101001,110111110100,010101111010,100111010010,001010100111
111011011000,101011111011,100101011100,110111011000,100100001001,111010001010,101111011110,100010101111,100100011000,010110011100,100111100001,001100101100
011010001111,010011001011,100100001011,010110011101,010100110010,111001001011,111010111010,010011111101,111110011010,111100101011,110011010101,001010110001
010111101110,011000001011,110011000011,1101100010001110100101001,111001010010,100111111110,101010011010,000101111110,000011001010,111110000110,000111001100
1010000100111110000001101,100100101011,011001011001,101101011100,001101001011,011101010110,101101011001,101101101100,101100101110,101011000110,101010101001
000111110111,110000001101,111011010001,101100011010,110110001010,011110101100,101101111010,011010100110,010110101101,101000100111,011111011001,111011110110
001101100101,100111001010,001111011011,010110111100,111101100001,011110011100,011111001010,011110101000,111001101011,110100101001,101110011101,101100110101
010110001110,011100001101,111000001001,110100011011,111110010000,101011001010,001101010110,110110101101,010011011010,000011110010,100010010001,100110110111
011110001111,110011000100,000101011111,011110100100,011010111100,111001100110,100101110101,001110111111,101010111100,111110100101,101010111010,000010111101
010111100000,110010011111,100010101011,110100100101,010110101010,101101001101,001101010111,011010010101,010101000001,010101011010,100111010001,110110111111
101010001101,011000011011,100011001011,110000010100,110011101110,011101001011,101010110110,001011101111,011101001110,000000111110,101011000111,001010110111
010110101110,101011001011,111010111000,011001011101,101001000010,101010010110,001011011010,001100101010,010111111001,010001011010,110100110101,001010110101
010111101110,011100101001,110011111001,110100001101,110001100101,100100000111,010011011111,0110001011110110101101101,111000001011,100101011000,101101000100
100100110011,110011101001,011011001011,111001011011,110110000101,111110110010,101001011010,111011010100,101111100110,101100111011,011111111101,101001010100
011011001001,101000110111,000001011111,111001010000,100101010010,110011010101,101110110110,111001010110,000111001110,101100001011,110101000101,100011100011
101010000111,110010110010,111101000110,011000111001,110001011011,011101001010,101011010101,011000111011,101100110101,111101100101,101011101001,000010100111
111001101000,010101001001,111010000010,010101011110,101010010010,101011010110,011101001110,011010100101,000111101011,011011000100,011010110001,101011011111
110100100000,101011101011,010011001101,110111010011,110110001001,111011010101,101110110011,011001011011,000101110110,011101000101,010101110000,110111000101
111000110010,010001100101,111011101001,0110010100010101010000101,011110110010,101010110101,111010010111,010111101100,110110000001,010101011010,101011101101
010111100011,111111110001,000011110100,100100100110,100110011010,010011010101,111011010111,011001101011,101110011000,010010000111,110010010100,011010100111
110100101011,010111001000,101011001111,111000011100,110101100101,111001001010,000111010001,011010000100,000101111011,011101101010,101010111101,101110101111
101010001100,010000111011,100101001011,101100011110,100111000010,111011010110,011101110110,011000011010,110101011001,010010101101,101011010001,101010110001
011011001101,010100000101,100101011001,011100011000,010110101011,111000101000,101111010011,010100101011,100110011100,010111101010,101001110001,001011000010
000110101100,001011010101,000101011001,011101110011,101010101001,111110010101,100001100110,011011101010,110100011100,011100001111,110011111000,110110100110
111011101000,110001011111,000100001011,011101010111,010010101010,111111101001,001011010111,011010100110,101100111100,110000000101,101010110101,001010110101
011010110011,001011001101,100010010111,111101010000,101001101101,110010000100,101111001110,011000011110,010101101100,110011010111,100100010110,101110110010
010111001111,010000000101,000001110111,100100010011,100010100111,010111010000,101011001111,011000101010,110111011100,101000011011,110101011000,101011010110
011111110000,110000001111,000010011011,000100111101,101010010011,110000110110,111111010110,100011011001,100001010101,011011010101,011111110101,101010010011
011010001111,101011110010,110101001110,011101011100,011110101000,110001000011,100100110010,111010110110,111100011000,111010001010,101011110110,100011010111
001111100001,110010010101,100101010111,111110101001,110101001001,001110110101,100101101110,011000100010,101101011010,111100001111,101111111111,101010110000
011010001110,110100101000,110101000101,010101001011,100111011000,111001010110,001111010110,011111011001,010111111001,011110101000,001011111101,000101011101
1011011010011010001001011,000101010111,110010110101,100010100101,111011010111,100110101111,011001011001,100111011000,011000101010,101101111001,101101010111
0011011010011010101001001,000101000111,110110110001,100110101011,111001010001,100111010011,010011111010,100111101000,010010011011,100111011001,011011001110
111101100001,111001001001,000011110010,111000101101,100110011010,101101001001,011001010101,011010100101,100111100110,111001011010,000010010010,001010110111
111101100001,010101001001,000101010111,111000100011,100100100011,011110110011,001111010010,011001101001,100011011010,111100011111,111011110101,111000000110
010111001100,011111100000,110001101011,101100100101,101001100100,111001010010,000101010111,011001101010,000111000101,010011101011,111101001110,101011000110
000010111011,101100101100,010101010001,111011000011,110110001011,110010110101,001101001010,1111001110110110110011001,011010010011,111100011101,100011000101
111111001000,010100001111,100101011010,010000111011,101010110011,101100101001,101101011101,011010110101,100110001000,111110000100,010111000001,100110101011
011111111000,110000010110,100101011011,100111011001,110001101100,111000110101,000101010101,011110101011,100101101101,011010011011,001000011101,001110100111
100100110011,110011111010,010011100010,011001001011,110110001011,111011011010,101111010110,101101011011,101011011010,011100011011,110111010101,101011010101
100101011000,110011001011,000111110100,010100011011,100110000101,111110010010,001101010110,101011111001,001110101111,111101101110,111111010100,101001010111
101111110001,010001010110,100101010110,010101100001,100100111011,110011010110,100111010110,010010101010,110110010000,110011001011,000101111001,100010111101
111001001000,101001011011,100010010011,111101000101,100100011100,010101001010,101101010110,110000100010,010110011011,010011001110,110011010001,101101111101
111001110000,101001011110,001111110101,100001011100,110010010101,101010101101,000011010110,010010100111,111101101010,011010101001,011011110010,100011100011
011111110000,000111011011,100100011111,111001010011,100001101010,101010010101,011101100101,011111101011,100101101100,011100101010,001100010111,001011000110
101010010011,011010111100,111001001000,101101010101,011001101100,001111110010,101100110101,110100100111,011111110110,011100001001,101010111001,100011011010
111010101000,011000111101,001010011011,100001111001,101101101101,111011000101,101010010101,011010110101,101110101001,010001001010,100111110001,110101001101
000011101110,110110101001,111000000001,011100111111,110111000101,101001010100,101101001010,011111011001,010010101010,111000010100,011011111001,000101101111
000110011011,110010001100,111000001011,101110010111,111000000101,110001100110,001111000101,011110101100,010111101110,110100101011,111100110001,110011111110
011111110000,110000010110,100011010111,111101010010,110101000010,110010111101,101101011101,111010101010,110100101101,111010101011,011101011110,101010110101
010110101110,111000101011,000011111001,101100011010,101110000101,101011010110,010011001010,011010100101,110111010111,101001100111,110111010101,101010110111
111010001010,011000101101,111011011001,100100110101,100100100100,011101001010,111110010010,011010011111,010111011110,000011010110,111111000110,100110101111
100100111110,101011010110,010010001011,100101011011,101010001010,101010110110,010001010101,001111011110,110101101001,111110101010,101100011001,101011010101
111001010110,101011101011,001101111101,1001011111010110000000011,101011110001,111111011011,111010011011,100101101100,111100100101,110110011000,110010110011
000011011101,010011100100,110101001011,011000111000,010110101101,111001110000,100110100010,011010011010,110110010100,010010000001,111001111001,001011101010
100010011010,010100101110,010001011011,101001011011,010010100100,111010110010,001111001011,011010011011,100101011101,110100100101,110100111001,101011101110
1110011010001010101000101,110100001011,110100111100,101010011010,001111001010,010110110011,011010001011,000101100100,010100011010,010101101001,001000110111
111010001110,001000111011,110101000010,011101110011,101011100100,101101000010,011010111101,010000111101,000110101100,110001010110,101111110101,000110100100
011010110000,100011111111,101011010101,111001011000,110010000011,110010110110,101011111110,110101010110,101101101000,011100010011,100101101010,111010111101
011010001111,010011001011,100101010111,010110011100,110110101010,101111001001,010101111100,011001110101,111101101110,011100011110,101011100001,001010110111
001100101101,010011001000,000111010101,100110111100,110110101010,100111010110,001101111011,011001101001,101110101100,110100100111,111110011001,100011011101
011010001111,110000010101,100101010110,011101110001,100001001010,010111001010,111110110110,011001101111,100110011010,011111001110,101011100101,001010101111
000111110111,110000001101,100101010110,010101010001,001110000101,111110010010,101111010110,011000101011,101111101010,011100011010,111011110001,000101010011
111101100001,010101001100,100101000111,101010110100,100001101101,110001000110,000111011101,011110101000,100110101001,010011100011,110111111101,101111000110
111101101000,010101101001,010110010110,010000110100,100101111101,110011001001,100110111011,011011101001,100110011000,101001011010,010111101001,101101010111
110111100011,110100001101,100011100011,110010100010,101010101011,101011001100,101011010101,010101101010,001011101011,011101010101,111101010001,001011011111
000110101100,001111000100,110111000101,110000100101,010101100101,011010010110,000111010110,011100101011,110011010010,110011101010,100000011110,101011001110
001010001101,010011010010,100111000000,011001100011,010110101010,111111010000,001111010110,011001101001,100110011000,111100101011,111001111101,101011100100
000010111100,110000110110,110101001011,011101010011,110101101101,111001001011,101101010010,111010100101,100101011010,010100101010,001001011001,100101101011
101001011011,101000101010,110111001001,101001011011,110101100000,100011010100,001111011010,110110100111,010111011101,010100101001,110011111110,100011101010
1010011100011110011001000,100101011011,010101011100,101010110100,011000100110,011110110001,011110101000,101111101001,111000011010,011011110110,100001110011
010110100011,110111101001,110010001001,011101011010,110000010101,101011001010,011011010101,011010011101,001101101010,101101010010,100111010010,001010101111
111011001001,010000011101,111011000011,111100110011,100000101010,111110101000,001101110101,011101101110,100111011100,100100001011,101101111001,001010101011
1000110111101110010101001,111011111000,000100011011,110111110100,101100010010,101101011001,110011000101,100100110110,100100101010,011110010101,001001101111
100111111110,001111111011,111100001101,111001000011,000010100111,111101001010,100100111110,111010011111,001011011101,010010100101,100100011101,101010110110
010111101110,111000110010,100010101001,010010101110,110101111010,101011010110,011011010011,010100100001,100100111001,101101101011,100101011101,101101000001
100111011111,010100000101,111001000111,111010000011,110001101010,111101010000,010111111101,011001100111,100111111110,110100101010,101000111000,000111100110
000110001100,001100110110,1101001010101011001010011,010101001010,101011010010,011001010110,001100111001,000100111101,011110001100,010011011001,111010110111
010111100000,001111101000,100111011100,010101010010,110101111001,101010010100,001111011110,111001101000,110111101011,011101011000,111010010101,101100110110
111011000111,101011100101,111001100100,000001011110,101001010010,001101001010,011011101101,010110101001,010111100100,010101100101,110011110001,001111001101
010110001110,011100101101,111000001010,010001011011,110101111000,001011010000,101001010101,111010110011,010011110010,000101011010,110010110101,101101011111
100100111010,110000101010,010100010111,100010011011,110101101010,111011010110,101011010110,101101001011,001011011101,110101111010,111100010101,111001011011
100101011011,110011001010,010100101001,100101011101,110100001101,111101110010,101101010101,110101011010,110000111101,101101001011,101100111110,100011010111
000010111100,010100110010,110101001101,010101110001,010011000101,011010010011,001111010010,101010101011,101010001101,110010100101,110011011001,101010101111
0011011010011010011001000,000111110101,110110100000,110101101101,111001001100,100011011101,011110100110,001101011000,001100011011,100101001110,111110101011
1010100010011011011101011,100011001011,100100110101,011010100110,111010010100,011100010110,110001100111,101101011110,011101010101,101011100011,101010110011
0011011010011010101001000,000110011110,000110110101,011010111010,101110100111,000101001101,011100110101,101110111100,111000010101,100100111001,001011010011
111001010110,101011101011,001111010100,011101111101,100000000011,100000111001,011011110011,010010101010,011010101110,111100011101,100101100000,001111111100
011010001111,010011001010,011100001111,011000011111,110000001010,111111110001,101101111110,011011010111,001111101100,111111111010,111110011101,001000110111
100100111010,110000101101,010100010011,101001011011,110110001010,101011010100,111001010110,111101011010,100110101010,101000101010,110100010111,110010100101
101010001101,011011010010,100101001111,100101110011,110010011010,010011010010,101111110110,011101100011,110110011100,010100101101,100011111110,101010100011
000110000111,001111000011,100001010110,011101010011,0000101011001111110010010,101101101110,111001001010,100011001100,111011011111,111001010101,001011010010
000111110001,001111001011,100101010111,111101000001,110010101010,111100010101,100011010101,0010011011110101011101100,1110111001110111100010011,001011000110
010010111111,010111000011,110101000101,101100100011,110000101011,110001010010,001011011110,111010101011,111001011000,110011101010,111100111100,000010101100
011011010001,101000010111,100011010111,110011011000,100101101000,110000010101,001011110111,011001100110,000101100110,111011010101,100001111000,010111101110
111101110000,101011010010,110110101011,101001000110,111001100100,110010100110,000001011111,010100100000,110110111001,110100100101,111011011110,101011000011
010110101110,111000100101,1100001010101010101010001,101010011010,101001001010,011011010110,101010110111,010100100010,010110001010,100111000101,001010110111
100100111010,000011101010,010101010111,110101010011,010110100100,111110010010,101111010010,011010111010,110110001101,111100101011,111100111110,101000101100
000010111100,010100110010,110101001101,010101010011,110001111001,011000000100,001111010010,101110100110,110111011000,010010101011,100101011110,000101101010
111100110011,101011010101,110011010111,100001011011,100100101001,111011010101,101111010110,111001101110,010110001100,110100001001,011100011111,111011000010
100001111011,101000101100,010110010100,010101011111,101010011001,011011010100,011111001011,011110100110,011101101100,101100001011,000100111001,101100110111
110010001010,110100001101,011101110110,010000111011,100110111010,001101001010,011111010011,010010111100,100101001100,010101101111,100111010001,001010101001
110101100011,110101010111,100010000101,101010010101,100101101101,110101001010,011110110101,010100100101,001011110110,101001101010,101011010101,101110101111
1000111111100110011001001,111011111000,011100001011,110000000100,101110011010,101111011001,011011101010,101111101000,011100001111,011011110000,111001100010
111001010010
010010001011,110011101001,100011100110,010101011010,010110011010,111101001010,111101110010,001010100001,111001101111,000101111010,111011000001,001010110001
101010010111,101011010110,001111010111,110101010010,110010001101,111010010110,001011010110,111010101010,101101011001,110010011011,000101011110,101001110000
110011001111,001111000011,100001111100,011000100010,100010000101,011010110001,101011001010,111011101111,001010011000,110100000001,111101010111,101110101010
100010011111,010000010101,100101010011,101101010011,101010111010,110010010100,101110010110,111010100110,010101101010,111000101010,111001111110,100011110111
100101011111,000010001011,111000110101,011101000010,101001101011,101001000010,111101001010,111101011010,110111011011,101100000010,101010110001,101001111010
111011101000,11010,001101,100101010010,011100111011,000010101011,101100110100,011111110110,011000101010,001111101100,010000001010,100011110001,100110110111
111001010110,010000001001,111011001101,011000011111,011001101000,101000010000,111010111111,111000110110,101110101000,111111000100,011011110001,101001010010
010110101110,101011110111,100100101101,101101011010,101110000101,100101010101,101101011010,111011011010,011011011101,101011010001,100100010101,101010110111
100100110010,001011001011,000101010011,110101100101,101010001001,011101010010,001111010110,111001101110,100110011101,011000010111,101100011111,101010100000
101001110111,100011001011,011011010101,010101011101,110010001001,011010010101,010101101110,011010101010,110111011010,111100010100,010101110100,100011111010
111010001000,101001101110,1110100010001000001001011,011100011100,010101001010,111101011011,000010110111,110111111110,000110011000,110010001100,100011011101
111011010000,100011010111,101111010110,010101011100,101010000011,101011001011,010101101110,011010101001,010100101001,0110,0000101,011011110010,001010110101
1010100011011011011010100,010101011111,000101110011,110100101100,111111010110,101001110110,111001101001,001111001101,011000101110,110101111001,101010110111
010010111011,111111010000,010111010111,111100100001,110001001101,111101010010,000111011101,011001101101,100110101100,110100011111,101001011010,000110100100
000110010010,110000101101,100010110101,110101100001,110110010101,111100010010,011011010111,010011011010,100110101110,011100100100,011100100110,101000101111
000111010111,110011100010,000111110100,010010101010,110110001010,111100110100,001111010110,011011101001,110111010000,010100011010,000101111001,000100110111
001100101100,101001001010,001111010101,100110110101,010101100010,011010010110,001111010010,010100110101,110111010010,010100100111,111100011110,101011010011
101110010111,010000010110,111101010111,101110100000,110101000101,011110101010,100111010110,011010101011,110010011001,010100001011,110100111001,101111110110
011111001000,110000011111,100101001011,111100011000,101100101010,101001010110,111101010101,011010101000,110101101001,011100100101,001011110110,000011011001
100101011011,000000100101,011011010101,110110100101,100110101011,011001010010,101111010010,111101100110,110101001010,100100010111,111011100110,101001111100
111100110010,101011011110,111010001010,101001011011,010101100010,101011001110,001110111001,011010100111,010110111110,101100001011,111010111101,000010111110
0110110101000111110100011,110010011101,100101011101,011101101000,111011010111,100100110110,011110001110,001101111110,001100111100,011111000001,001010100111
011111011111,011100000100,000100010111,111111000011,110101100011,111000000100,100111010100,111100100001,101010011001,010011110010,100100011110,101100100111
010010001110,010100101001,111000001001,011100011001,110101100100,101001001010,101101011110,101010101110,000101010110,110011100100,101011100101,00010010011101011001100011011110100101111111,110101,100,01001011000111010100,10110
100100011010,110010101001,111010000101,010000010111,110101000101,101001001010,011111010001,011110101100,101010100010,011110101011,100111110000,001010100111
110101101010,001011011000,010100101100,110001101101,101010101010,101000110010,000011011011,011011010100,110111101100,110010001010,110111001101,100111010011
000110011111,010000001010,000101010111,101110100011,110111101010,111110010000,101110101110,010011101001,110111101100,111100100111,011101111111,101001000000
000111110111,110000101010,111001011010,011100010010,110011001011,111010110100,100011001110,001101100111,001111111101,010100001010,100011111100,000111110011
010111001111,010000110101,100011010110,010100110010,100110101001,111011010001,010111011101,001010100111,100100011010,110111001011,100101010100,000111010111
111001011010,101011101011,111110010001,101000010010,101001100101,011011010101,101100111001,111100100111,101101110100,100100010101,101011110101,101010101101
0100100111110110111100001,110111000111,111101010010,110001101001,111101010010,101101101110,111101101001,000111101111,011100011101,111011111000,101010101010
010010111011,110111101001,110111000000,011011010101,101000001011,101101011010,010111011110,010010101010,010101110110,011010011110,110011110100,001011010001
010111001111,011001000101,100011100001,110110000001,110100101101,011101010001,100100110011,011001110011,110111011010,111011101001,100001001010,111111000110
111001110000,101011001110,001010011001,101101010101,111101010101,110000001110,000111010110,011110010101,010110110010,110010100010,010100000110,001101110111
101011110101,010011000111,010101010111,111100100001,010110101011,111001110001,001111010010,011010101010,100100101100,110010000101,100101011110,001010100011
010110001110,110111101001,010001111011,111100011010,111110001001,101011010011,100101101010,111010110010,111001101010,100111101010,001111010100,001011010111
100010001101,010011001011,100000101011,001100010011,110010001110,101101001010,101001000110,111010110101,111001011101,101100011100,111011010001,101011010010
011110001110,010000111011,100101011101,111001011011,110010101000,111100010011,110011111010,001001111111,101111101100,111000101110,111111111101,000010100010
110101101011,010111101001,111000001100,010000011101,100101111101,101001000100,101011011011,011010110101,001011111010,100001010101,111111110110,000111011111
111101100001,101011111011,001011110101,100111001100,100110011001,101011110101,001011101010,100011111111,1111011010010111101111010,011111010101,101001010011
001100101100,110101001010,000101010111,010110110101,010110100101,111010010011,001101010110,011001101010,101111001101,111100101000,111101111001,101001010111
110010001110,110000101101,011011001001,011100101111,010011100100,001101110010,011010111010,010110011100,100011111010,100001000100,110011100110,100110111111
111001010010,101011011101,100101111011,1110010111010101110001010,011010010100,101011011011,110010101010,100101101001,010100111011,100110010010,101011100101
111101101000,010001001011,100101001110,010100110011,100100110010,011011001001,101110110001,010000100110,101100011000,101101011010,100111100110,001010101001
100100111010,001101001101,011001010110,010101010011,101000001011,101110010010,110111001010,011000100110,110111000110,010100011001,110101110101,101010100110
111000100011,010001001101,100101010011,100101011011,010110101001,111101010100,111110111010,111000110111,000111110110,011000001011,101010011111,100011101110
001101001110,001110101001,111101001000,000001011101,101101100010,101100110001,011000110110,011000100100,001100111110,011111111100,100111100001,001010110111
000010111100,110111001011,011011000110,010100110011,010110000101,011110110111,101111011000,010010101010,101111011100,110100011000,110111011100,101001100010
000111101101,000111010011,000100100111,101110100011,010010101011,111110010001,010111001111,011011110101,100111101100,011011101011,110100011000,111010000100
011011010100,111000111111,000011010101,110101001101,110000001101,111010010101,001001011110,101001100111,111101100110,111100110110,100111001010,111011110011
000010111100,001111010110,000101001101,010101110011,010110101001,111010010101,111111000010,111010100110,110010011101,010100001010,100101011110,101011001110
010110101011,110111001001,100011110111,100000010101,010110101010,011011010110,100110110101,0101011111110100110110100,101110101001,010111010010,001010110111
001100110011,110000001101,110101010110,010101011011,001110001101,101010010100,101001010101,011001101110,101101011000,111010100101,100101010110,101010101101
111001010110,010000001011,111010011001,011000010011,110111000011,101011010000,011110011010,011110101000,001101101010,110100011101,011000110101,001011100011
101010001101,010011011011,100100000111,110001110011,110010101000,101011010100,011011111110,011010110110,111111101101,111100011010,111011110101,101010110010
1010100010011111000011100,001111000011,110010110101,101010111110,111101101001,000011010110,001110110100,100101001101,110011001011,100001001111,101011010111
100011111100,110100010101,111010001101,010100111011,110001001101,110010010110,101111011010,011010101010,000111011011,110000001010,010100111101,000010011111
1100110111100010110001010,111111110000,001110001011,101001000101,101111110010,001011011110,111000100101,101001111001,111110011010,000111111101,100011110000
001111101101,010000010101,000101010111,101011100001,110110101011,101110110001,100111101110,011001101000,101110101100,111000001011,101011011001,111010100110
010010101110,110010101011,111011100001,011100100001,111001100101,101100110010,101110101010,001011011110,001101110111,111111100100,111100110000,101001110111
000111110111,001111110011,100101010010,011001001011,100011100101,110010010101,101111001110,011000101100,001111001100,011100011001,111100011110,101010100110
110100100011,010111101001,111010001000,001100110011,100101010101,011001010010,101110101010,101100110110,010011111010,100010100110,111011110001,111100101111
111101101000,001011101010,110111001101,101101011011,100001100001,101110011100,000101010110,101110100110,010101111111,111011100111,110011111000,101101000001
011010111111,010000101101,110011010111,011101010010,010110101011,111010010100,101111011001,011001100110,110101111000,111000011010,100111111001,000011110001
011111001000,110000011110,100001011001,101100111101,110101101010,010111000110,000111010110,011010101010,110101011101,110100010101,011011111010,100010111001
100010011111,110010001000,010011001110,011101011101,001100001011,111001110011,101101101110,011100111010,110001101010,100110001100,111001111100,100010110111
111101101000,001011101011,110011011011,111100111010,100100100001,110010010110,101011111010,111001100110,001111101101,111100001001,111011010111,011011010010
101010001000,011000111110,111001001011,100110010111,110010111010,101011001010,001101110101,010110100101,110101100101,101001001010,101011110101,101110110011
011010101111,001011010101,000100001111,111110100000,100010101011,101001011010,110011110111,011010100110,100110011000,110011000011,100100111001,000011010100
100100111010,110010001010,010100101011,101010101011,110000001101,111111110010,001111010111,001011011010,101101011100,111100100101,101100011101,110011011111
110110100011,101010010111,101011100100,100101010100,101101100010,011011001010,101010110111,011001110001,010001101010,010011001110,100011110100,001110110111
000010111100,110100101010,000111001100,010001111011,110110000100,110010110111,001111011010,011110101001,110011000001,011000011100,011110111100,101000101111
100010011111,111000100100,011011001000,011100011001,111001011101,010101101010,001011110001,011110101010,010110011101,110011101010,000101110000,000011101111
011010001111,001011110011,100000010110,010111110000,100000101011,011111000001,101101010100,011001111110,101101101100,110111101010,101100100101,000110010110
000110010011,110010001101,111011001111,011101011000,110101000101,011101100101,010101010101,011101101110,010101100110,010010100101,101011011000,000110100111
101010111101,010010000110,111101000110,011101010011,011001001010,111110001010,101011010110,011100011010,010001011001,110111001010,101100011001,101011110010
110011001111,001111100000,011110101100,101110010010,100001101111,101101101000,001101010110,100010110001,110101011110,110011100010,110100101101,101010110111
011010110000,111011110010,111011001011,100101001011,111001010100,001011010110,001011010101,101011101101,100111111100,010110101001,101100011010,101011000111
011111110001,101011110100,110010010101,110111110100,010011101100,010010011110,010001001111,111110100111,101100111001,110100100011,111100011001,001010110111
000010111100,110000010110,110101001011,011001011011,101000100101,111010110100,001111010011,011010010111,101001011100,100100100101,011011010001,111011010001
011101100001,010001011000,000111011001,110110110100,100110101101,010011011101,100111011101,010001101001,101111011000,111100010101,101111001110,101101001101
101110001111,010011001010,111101000100,110100100101,110010101010,111111001011,010101111001,011010101001,011110101001,010100011011,110110110010,001011010011
011010001111,110111001000,111101000111,010110110011,110010011010,111100100000,101101011111,011110100110,000111010001,011110101011,101110111001,000011011111
110010101010,101010011111,011011101000,111000101011,101010010011,101100110100,110010110110,010000100110,101101100010,010101001010,111011010101,001010111110
101001110111,001011101011,011011010101,010101101000,100100011101,101101010101,001111010010,111100101010,110101011000,110010101010,100100010110,101001100111
100111011111,000011110011,110111000101,101011001100,101001101001,011011010001,010111101101,000010100010,100111101000,110101101011,111101101010,001101100110
001100110011,101011001100,000100001111,100111111100,101010001101,111010110110,000111001011,011010010101,100101111101,111010101011,010100011101,101010010111
011110010000,111000010110,000111010011,111111010011,110101001100,111011000101,001111010010,111100101001,001010001101,011010111011,100101111110,101010000111
011110010110,101011110110,100111010000,001101010011,010101001011,011010100110,001011010110,111100100011,011100011001,110110011011,100101111110,001001111001
000111010111,001111110000,000111010111,110000100001,111001100101,111110010001,000101001110,111001100101,100111011100,111100011010,101101011110,100111000010
011111110000,110000011110,1001110100101,01111011001,010001100011,111010110110,000001010110,011010100110,101011100000,010110011011,010001011110,101011110001
1010100011011010010011011,100101000110,010110111101,101001111000,001111001011,111101010101,011001101000,101111101000,111100011001,100111010001,001110101011
010010111111,111111100001,011001001110,101101110011,100110000101,110011010100,101011011110,101001101111,101110101010,110100010101,100101101000,101011100101
111011110000,011100011100,011101001011,110111001011,010010101000,111011100110,101111011101,001110100111,100100010101,010011100001,111011111110,000010111100
111100010011,101011111100,000111010100,100001011100,101011100011,011111011110,100111001011,011100110001,111101111000,011000011010,011111011000,001011010111
0100101111100110100101101,011011000111,110100011001,110000000101,111110110010,010111010000,101010101111,110101101110,111100001010,111101111100,000010110111
000111011011,101100010100,000111010111,000111000001,110110111100,101011000101,001111010111,011001101101,100111001101,010010101011,010001011010,100110101111
1100110111110110100010101,111011001011,101000011011,110000101011,011110110010,001111110110,110100101010,110101011101,110011101100,011001011001,000010101010
011011010001,100011110110,111111010101,111001010010,110011000010,001110010101,101111011111,011001011000,101011101101,110100001011,101101011010,001011101101
111001001000,101001111001,100010010010,010001000101,101000010100,010101000101,111001101001,011010011010,010101111000,010101011010,100111110001,101101010101
011111100000,001011111011,000011000111,110101011101,100010101010,110010010101,100100100110,111001101111011011001110000111111011010010101011001,101010000111
011011001111,001111110000,000111001101,100011110011,110001101000,111111010001,100100011110,111000100001,110111010100,010100111101,101101000110,10111100110010,01011010111010011,10110010101,0101010111,100101001000,0110101001101,0101010101,00111010101010101011100110011100101000001,111010010101101,11001101,00,0,01111111111001111000101,1,10101,10101,11101,0010110000,1110100,101,00100000111101111,10110,
010110101110,101011101011,111010001101,100111011011,110000100010,101100110110,101101111010,111100100110,011010101111,101001101000,100111010101,110111011111
010010111000,001111110100,110100001011,011000111111,110001011010,011001010101,110111010111,010001101011,001100011101,011011111011,001100001010,001011001101
111001010111,010000001101,011011110011,100111010010,001111001010,101101010001,011011011011,000001101010,110110111100,111100000010,011010111011,101010100101
0011110010011101100110100,100001001101,101111010000,110110100110,110001010001,011111010110,111001011000,101011011101,010100111101,110000111110,101010101011
111101100111,101011111001,111000011100,000001011101,000101000011,101100101001,101111110111,011010100001,001110101010,100011011000,111111110001,001000100111
110101100011,110101001100,111010001010,010000111010,101101011010,010101001110,101111010001,110100100101,110011011010,010001010100,110010110101,100101010111
111011110110,101011111001,110011110101,111101011011,110000001101,0111100110010101011011111,111011110011,111001110100,111100010100,100011111001,001010110110
000010110101,110100010110,110101000111,010101010011,110110101001,111001010010,000111011110,101011101001,001101101100,011111101011,001001111111,000011010111
001100110010,101011001010,000111010101,110001100001,010110100010,110010010110,000111111110,010101100001,110101001100,011100011011,110101111110,111011001010
011111100000,010101100011,000101011011,011110110011,000110101010,111100110000,011101110110,011010101001,000110011111,111010010100,111001011110,101010000100
010111100000,111100001101,110011101011,111000101010,010101100110,101010101100,101010110101,011001101111,000110011110,010101001000,100111010110,101010100111
100010011111,000011110010,100100001110,011001010011,010001111010,101101110010,101001010010,010110101000,010110010010,110110010010,101100110110,00001101111111101001110011010010,00101011010,1001101111,000100001000,1000100,11101,0010110011,10111,10,10011101111111001001011101010,01,011011010101010,1,011001,10,0,10011010111001001001010,1,11110,10000100110,0111010001,0111000,101,10110100010101,11,101001
0100101111111011111100000,010101011111,111000111001,110101100101,111101010011,000100100111,001000111011,100101110100,110111101110,101100000110,111011000110
111001011010,101000101011,100110010011,101001011101,011010010011,101101010101,010100100111,110010011010,110110110100,011010100101,111010010010,101011001101
111001010110,010000101011,110010011001,001101010000,111101100110,101000110011,011000111010,100110011010,110110111001,010010101010,010111110001,101001010001
000111111111,110001001010,000101010111,110111010011,110110001001,111110011100,001101011001,011011101010,110111100100,111100101011,011101101001,101011010011
001100111011,101011001000,000111010110,111001010001,010100001010,101110101001,001101110101,011111100010,101111101100,111100001011,111101111001,001011010110
110111101010,101011011011,110011011100,110100111011,000110101000,011101010101,101101110100,111000101101,011111101110,000101010000,110011010101,100110111001
110011011010,011100111011,011110110100,110100100011,100011110010,010011110101,001111010010,100010110011,101111101100,110000001110,100111010101,000010100111
101010010101,010010010110,101001000111,101110110011,110001100010,111110010010,101111011010,010010101000,110110011110,110110100010,101001111001,100011110010
111110110000,010001110110,110101011101,010101010011,010110111000,110011010110,101111011101,010010100011,110100101101,110100101001,100101111110,001011010111
010011001011,000111110011,100001011111,100100101010,110110101010,101111010001,101100110111,011001111001,101110001100,110100001011,111101111000,000111001010
1010100011011010000011101,110101001011,001101010011,110101101110,001101001010,111101110110,110011100001,110101101110,001001111100,001011110110,001010100110
111001010000,101011101110,010011110101,110101011010,100111100000,0111100001010111111101010,111110110101,110111010000,110100101010,000101011010,101010110011
1001011000011110101001101,110010001011,010100110011,010110011101,100101001011,101110110010,111100100110,000111010101,011101011010,111010110101,111001011011
010110101110,101011101011,111010000111,110101000101,111000010101,101101010010,110101001010,111100101010,010101111010,100101101011,100111110001,000101110101
001110010110,111000001110,101101011010,000011010011,011010010010,011010101010,100101000101,111010010011,110101111000,111100000101,101011111110,110011011111
111010001000,110100011111,101101001011,011100111001,100011010010,011101001010,110101010110,011000100010,101100101010,011110000100,101011100010,001100100001
010111001011,101110100100,100011010100,100110101001,010101111000,010101000001,000110011111,010001100110,000111110010,111101101011,111100001110,100111000110
001100101100,001001011010,000111010111,100101010101,010101101010,111010010110,001001110110,011001101010,110111101101,0101001001110111101011110,111011010100
000111010111,110000101101,111011000011,011100010010,110010001011,111010011010,101111011010,111101011000,010110100111,101100011011,011011011000,101010110011
100010110100,110100110010,011111000101,010110110001,110101111101,110001100011,101111010001,011100100101,110110101110,010100100101,101001111001,100011011011
1100110111110110111100010,111110001000,001100111111,101011001010,111010110110,001001011110,111110010001,000101011010,010110010110,000100111001,101011111101
010110101110,011001101011,000011111101,110100100010,010010101001,101111010011,001101011110,111000110011,110011111010,010100010110,010111010101,101101010101
101001110111,001011010100,011011010111,110001011001,110101100000,111101010001,100111011010,011101010110,001010011110,110111011011,111100011000,110011100010
101100010111,101010001100,011111011011,100101011011,111101100000,110011010110,001111011010,100110111110,110000010010,010111001011,100100011001,001101111111
011111111000,110100010110,0001010111101,00101111000,101001001011,111110000101,011111010100,010010100010,110111001101,010100011011,010101111111,100011101110
011111110000,101001110110,000111010111,110111010011,110010101000,111010010101,100111000111,011000010111,100101101101,011000111010,110101011010,10101101011010101011100110010101,01000010101,1101010111,000100001010,0010011,1011011001101101,10101011,01101011011111010011111011010000,010101011101011,1,111010,00,0,0101110,0,1001101001001,1,10111,10011011010,0010100000,0101001,101,10110011101101,110101,10
101000010111,010011001010,111000001100,100100111110,110010001011,101011001011,101111011001,011110011101,101011101100,111100011010,101010010101,101010110101
110011011011,011000011100,100011101011,101110001101,011101101100,111001011101,000100101111,001000111001,110111110010,110010101011,111000011111,000010101111
101010010011,111000011100,110011000011,001101011101,101001100100,011001001110,001011110100,111110101001,010110011101,110010011010,101001111001,100011111011
010111100000,111000101101,1000101000101010001010110,001110011010,101011000110,001101010111,000000011101,101011111101,010110101001,110010010101,101010111101
011111101100,010100001101,110101001011,010100010011,110000111101,111000110000,100111000110,101010011011,001011011110,010111000110,011001111001,001010111110
010010111111,110111100001,010011010110,111001111011,110110001001,111100010011,100101011011,001010111110,100111101010,111111100101,111100111000,001010100111
011111110000,110000011110,100101011101,101101010011,110010001010,111000110101,001011011110,111010101010,010101101101,011100011011,001000111110,001011110111
111001011000,010000011011,010101001011,111101110011,110011001010,111110110001,001010111110,111001101010,100100001101,011100000101,100111111011,101010101110
0011110000011110011010100,110101011111,100010111001,100101101010,011001001101,110011010110,011001000101,101010101101,011010010110,101011101110,100010101011
111010101000,011001111011,100011001011,100101010101,010110101010,100101010111,110100110111,010000111001,100110101100,110101011001,101011110010,100011001101
111001101000,010101001011,100101011011,111100110010,100100100101,110011010100,101101111010,111000100111,110101011001,100000011010,111010110110,001101100010
000110010010,110000101110,100101010101,010101001001,110110000101,111110010010,101011011110,010110100100,110110100110,011100101011,011101011110,101001010010
100101011011,000010001101,111010001011,100101010101,101001001010,111000101011,101101001110,111101001110,001001001101,101100010001,111011100101,101010110101
100001111011,101000010101,010111010100,010101010001,100010100111,110011010101,101110101001,0110011011100100110011100,010100010011,100101010110,101011011001
100101011011,110011101000,010110000101,110101011011,110000001101,111011010010,001011011110,111110110101,101011011010,010100101010,110100110000,101011010011
1110011000011101011101101,100011110011,100001100001,000110010101,101101010100,101111011011,0100011010100110111111100,111001001011,101010010010,001011010110
111111011000,011000010110,110101101011,001101010010,101011100100,111010111001,100100010010,101010101011,101101010101,111010111010,110101010010,001010101111
0100101111110110111100000,111000011110,011100010011,000111001010,111001100110,011111010100,010110101101,000010111010,010110101001,101100111101,000011101001
010111001111,011000100101,100011010011,110010100001,110101011001,111001001001,101110101111,111000001011,000101011110,110111101011,100001011110,001111000011
110010101010,110001101101,010011010011,100001000101,110110100101,101101001010,101010110000,011001110110,110110101110,101001001010,101111001010,00010101110110101001100110111010,0,110110100,010101,111,010011110010110,0101,10110,0100011101,00100,00,01010011011111010001011010110,01,010101011001100,1,0,1010,00,0,0101010,0,1001111101001,0,11101,10001,01010,0011000001,1101000,101,01000101101101,01,001101
011010110011,110011110100,110101010010,111101001100,011010001010,111001110110,101111101000,010010101110,110101101101,011110011011,101010110010,001011110101
101010001101,010011011010,110100000111,001101010011,110001101100,011111010011,101111011010,011011100111,101011011001,110000100101,101011011101,101010110111
110001110011,101111101000,011100110000,110111010101,111001000101,101100111000,001101011001,011100100101,101101111010,110010101010,101110010110,101011010101
011011011001,010001110100,100111110100,001101011010,100010101011,111010010101,101011011110,011000100111,110110011101,010110010010,010100011110,110011110111
111011111110,101011011011,100011101101,101101011100,111110000001,001110110010,110111011101,1011101101100100111011111,110110100111,101011010011,101111001010001000111101000111110001000,101111111010111,0000100001001111111001111001101111101,10101011,10010100011011010011100110010001,111110001001100,0,101010,10,0,00111111101001100011011,1,10110,01110011001,0000011100,1110000,001,10100011111101100110100,
101010010111,001000111110,100111001100,000001011011,010011001011,110010001110,100111010110,010110101011,001011000000,010111001000,111010010111,100011111111
001100110110,001011011010,000101010110,110101110011,010110101000,010010010110,101011010110,111111011000,110101011100,011000000101,101001101110,101011000010
111001101001,100011111000,111111110100,011000100110,010110101011,010111001110,101101011011,000000111001,101100111011,101100001011,111110011110,101001011101
000001011011,110010100000,100011111011,000011001110,110001100101,111111010100,001111010011,000111101111,101101011100,011100101011,101100011001,111000101101
111011011010,101010111011,001001111101,111101001010,011011101100,101011010001,101110110110,110000101110,100110011101,011000001010,100110110111,100011110011
100100110011,110111001010,010100001111,110101011001,110001101001,011111010011,101111011010,111011001001,110010001110,111100011011,111111011001,100011011100
111001011110,010000101011,100111011001,111100011001,010011001001,111100101001,101110111110,101011100010,000111111110,111000010101,101111110000,000010101101
010110101110,011101001001,000011111011,011110000010,110110011011,100011010110,011111011001,001010101110,111110011010,110001101011,110110010001,100101010010
111001010010,101011100101,111010011001,1011010101010101100010001,101011010100,111010101000,101011010010,110101111110,110000100100,110111000110,101011101001
000111010111,110011100010,000001111001,101110101010,110110001100,111010110101,001011010110,011011101011,001101011101,111100111001,001101011010,111011101101
1010100011011110011011010,110101000011,011110110011,010010101100,111001110010,101011010101,011010110111,100111111101,111100011010,101011011001,000111010010
110011001100,110100001101,111001100010,010000111011,101001011010,101001001010,011101011001,010100101110,101101101000,100110011010,100110010101,100101011011
011010000101,001010011111,111001001011,011100011100,101001101010,101001010010,111000110110,011001100000,001101101010,111011111001,101001010111,001010110010
100100111010,110001001010,010100001011,101010100101,101010001011,111101110100,010111010111,001101011001,101011011100,111000100101,110101011001,111011000001
110011001111,101111000100,111010000001,101100101110,111101100100,101000101010,101001001010,111110100101,000011001111,010011001010,111011111101,100111110110
101010011011,001011111010,000101001110,110101110011,010110100010,111111010001,101000010001,011011101111,100111101100,110100011011,101001111001,001011000001
011010001111,000000111010,111101000111,001111011100,010110101010,101111010000,010101111110,011001101111,111101110101,101110100101,101110011110,100011010110
0011011000011101111001000,110011011101,100110111100,100101100001,111010011100,100011111110,011101100001,110101010010,111100100110,100100011011,101011001111
111010001000,011000110010,111101011100,010001111011,100011011000,111011000100,001001010110,100010110110,100011011001,010010101011,101100101011,100111000101
101001110111,001101010100,010101010011,101011101001,100001100100,111011010100,010111010110,011101100101,001010010100,110011100011,101100011111,100011101110
011010001001,011000101101,000001001001,101001011001,101110101100,011111000101,001110110101,011001110111,100110001100,111100011001,110111001010,001101001110
100010011111,111010100100,011011001000,001110110111,011011001010,011101101010,001011010100,010100101111,010010011111,110100011010,101001111001,100111011110
011010001000,011000111111,101011001010,001001010111,101101011010,001011010101,101010010110,101000111011,110110011101,010010011110,110011010101,111010101101
000111011111,110000101100,000110110011,101101011100,111001101100,111100111000,101001010110,011100011001,110110100101,010101010110,010100001101,101011110111
111001110000,101001111110,0011100011001000001011111,110110010011,110011100110,001111011101,010010010001,011101111110,111100101101,000100000101,100011110111
000010111011,010100110001,100101010100,010101100001,100101111001,000011010101,001111010110,011001010110,101111001010,111000011011,111011011100,101100101010
110100100011,110111001001,101011100000,011000011010,101010011011,101011000010,101011011010,111010100101,001101011010,011101101110,011001100001,101011011101
111101110000,001011011111,100011010101,110101010101,101010101001,011010010101,110000011110,111000101001,111111101001,010111010101,101011110110,10101100001011101000100110010011,00110010010,0011100111,1000100000101101000001111001110110101,10101010,10101010001111011011010001010000,101010010101010,1,001110,10,0,01110111101000101100101,0,10110,01000,11000,1010101000,1111011,101,00100010111101,001011,10
1011001010011010011010101,100010010111,111011110001,100001101101,111101001010,100111001110,011010111001,101101011100,011100001111,110100110101,001111010101
110011001011,011100010101,000111110110,110100100010,100110101011,111111110001,101010010111,011010100111,100111001000,010011100011,100100111001,10011010111110101001000110111111,11110111010,010010,101,011010001000,00,0101,10101,1100011101,10011,10,01101010011011011011011011010,011100101011101100,1,100110,10,0,0101110,111001110101001,0,11010,10001001010,1010110000,0110110,100,10110011010101,01,111010
011010001111,101011110101,100001010100,001001010001,100110001011,101101001010,101011110111,010010110011,010110101100,111011100101,111100110000,001111001110
011010010111,111011101111,000111010111,110101010000,010010001101,111001110010,101011010010,110110101110,110110100010,011100001010,100110111110,100011111011
011111101000,001001110110,001111010101,110000011101,000110101100,110010010001,100011111011,011001100001,110111001100,110011001011,111101011010,101110100111
111001010110,010000000101,111011001101,011100011011,010101100000,101100110010,110010111010,001100111011,001110011001,110111100000,111011010001,101010100001
010111100001,100111101000,100010101101,100110010010,000101111101,101010100110,101101011010,110011001001,001000111010,101101101110,011011010101,100100111001
000110010011,110010001100,110100110011,100010101100,101010001010,101110110110,011101001110,101001011111,101101000101,111100011011,111110010111,111010110011
101001110110,001011011001,111011110100,010001011010,001010101011,001110010100,101011100001,111001101110,110110011000,011100001001,110100110001,101011001110
111001101000,101011100101,111010000011,101011011101,101001010100,101101001010,100100101011,0101001011010110111101100,010101100010,110111110101,001010101101
111011001000,101010011110,000011111101,100111011101,110001011100,101101001010,100011010100,100010101001,010010000011,110101100101,111101001110,111111001011
011111110000,011000110110,100101011011,001111001100,111001101100,101010010101,000101010111,110010100010,110111101101,010111011010,010111011001,011010100111
001100011101,010011000100,000101001101,110101010011,110111101000,111001010011,101111010000,111101101000,110111011100,011100101011,101101111110,111010100110
0011110010011101000010110,100110011011,100110010011,110001111100,010001000101,001101010110,110110000011,001011011101,011010010110,011001011100,100111001011
011010011111,111010101101,111011011001,001101101100,111111001000,101001010101,101011111110,110010010111,011111110011,001110111001,111011000001,000111010111
011010001000,110110001111,000101001010,011101011011,010110100010,011111110010,010011110010,001000111110,101111011110,111110011000,101101010110,001011011101
1011001010011010011001011,100011010111,100010110011,110100101101,111110101000,101110110110,010001100111,101111101110,111100011111,110011011101,110010101100
0110110101000011100001101,011011011100,000001010000,101111101011,101011010001,010111111110,100001101110,111111111001,011110000000,110111000101,101010110111
100011011111,110100000100,011101001100,000110111011,110110001011,111001100010,001101010101,011100101011,100101011010,110010000101,101001111001,000011101011
011011010100,110100011111,111101001011,000101011101,010011001010,111000110011,010111001110,011010101001,011001101000,111110011000,101010111110,001010110011
101010001101,010011011011,100101000100,0101011000011101010111010,011111001011,111101110110,011001101000,100101011000,100110011110,111011100001,101010110001
000110010011,110010001100,100101010111,110010111011,010110101001,111000010010,101101111111,011001100110,101101111110,101101101011,101101011010,100011001110
001100101100,100101010110,000111010111,100110110101,010110101010,110110010110,010001111011,0110101010010101111101100,011000101011,110010011001,101011010110
010111100001,111111100001,111010011000,100000110101,101101010101,001011001001,001011010111,011010101101,000111101100,101010010100,100111010001,001101010111
000010111100,010100010110,110101001001,0111010100101010010101010,111010110110,001001110110,110000100111,101101011100,101010100101,101001111111,000011110010
000111111111,110011100100,000111010110,011010100011,110000001011,101101110110,001111011111,001111101001,100111101100,011011000100,101011011001,001010110111
011100010011,001011101100,000101001011,111101011100,111100101100,100001110001,100100010110,011010101000,100111000101,111100110100,111111111010,101011000101
000110010011,010011100010,000111010011,111110100001,110100101101,111010010001,000111001110,011110101000,101111011100,111000011011,010101011110,101011101000
110001011000,010100101010,111110001011,001100011101,110001010101,011001001010,001111010110,011100100101,001011011010,010000101011,011001010001,110010101011
101101110001,010001001011,0001000100101010101110001,111010011011,010011000101,101111010010,011011101110,101011011000,110010011010,100110101000,101010101101
111101101000,011000001101,000010010010,111001111100,110100101011,101011010101,011101110100,010010101010,111111101010,010011011010,010111010001,101010110011
010110100010,111011100101,100011011010,010101010101,101100010101,101011001010,000111010101,010010100101,101111011010,101011000101,100101110010,001100110111
110100100000,000111101011,110010111010,010101011101,101010011010,101001010010,101001010001,010010101010,001101101010,011110100101,100000110101,001011011011
011010001111,010011001010,111001000111,011100100011,010001101100,111001110000,101001011110,011001111000,110110010001,111111001011,111111111001,100011000010
100111011011,110011000100,010101000111,111110100101,100110000101,110001110101,101011011110,111101101010,110111010101,010010011011,101101111110,101010100000
111001110000,101001011110,001111010010,000111010111,101010011011,100010011100,001111001010,100110101011,110101101001,110100001010,110110010110,101010111101
000110010000,001111110110,1001011010101001101001010,101010001011,110010110110,001101001111,011100101001,101101101110,110110001010,111001011110,101011110110
101011011100,010000110110,100011110011,101011011001,010111100100,111010100100,101111010111,010110101011,101000101101,110110101011,101001010110,101011001110
000010111101,010100010101,010101010110,010101110011,010110101000,111011010001,101011010010,010011101110,101101001100,110001010101,010101010110,001001100110
010110101010,011001101101,100011010011,110001010101,101010101101,100110110101,100100111110,111001100101,110110010101,111011001010,011010010110,101011000111
011010001111,010011001011,100101010111,011100100000,100100101110,110111001001,010101001110,011001111001,111110001000,111111010110,110111010001,101010100111
111101000111,101011101001,001001110100,010101011100,000101100010,101101110001,010100110101,011001111001,110110101000,100011001011,100110010010,001101010011
111000110010,101011100110,101101111011,101101011000,111001001101,101011011010,100011010110,100010110111,010100000110,110010110101,101101011110,100010111011
111101011000,001011101011,110011011010,010101011100,101010001011,101001010101,010011111111,011010100110,011000100110,111100011101,011011110010,001001010111
011011001101,001100000100,111101000011,001010011110,110001100011,111000110100,000001010111,0111011001100101101101000,111011101011,101000011001,000111001011
000010111100,010100010110,110101001011,000101011001,110001101010,111000110010,011001110110,111010101011,000101001101,011011101010,011001111111,000011010110
100100111110,101101001010,010101010010,010110110011,000110001010,011110011010,110101010001,011100100111,110111010100,100100101010,101010011110,001011011001
100011011111,110100000100,010111010111,101110010010,010011100100,111001110010,001111010101,011011101001,100111101101,110000011011,101101111001,000111100100
101010001111,010011011010,100101001111,011001011101,010010101010,111111001011,100101111110,001001101001,110110011100,111110001010,111111000010,001010100111
010111100000,111000101101,110011101000,010001011010,110010011001,101011001110,001101010100,010010100110,011101011011,100101101010,011011001101,100100110111
000011101101,100011010100,000111110111,010110000001,111001111101,110000010101,001111000001,011010101000,110111101100,111100101000,111101011110,101101010110
011111000000,110000001110,100111011011,001011011001,110101100100,110000110110,001101010010,101110110011,001001011011,011111001001,101001010001,101011011101
110010101010,011001101011,100011101001,100001011010,101101101010,101000110101,101100011111,010001101110,010111100010,110010111010,100111010101,001010100111
1010100011011010011001011,100101000111,000011110011,110000111110,101100110011,011110110110,011000100101,111101101100,011100110010,101011110101,101010110001
111011010000,110100011111,011011000111,011100111011,110011101010,001101010100,011011011011,011011101010,101110101100,111100011010,001111011001,001010101010
010111100010,010111000101,100011101101,110100000011,110110011001,100110110100,101110111010,010010101011,110100011010,111101101011,010101011001,101010100110
001111100001,110010011100,100101011111,100110110100,101001101010,111000001110,010111110101,011110100001,100110101111,011100101010,011011010110,000111010111
1011001010011010010011100,001101011111,110100011101,101010101100,011011001010,001001010101,011001101110,101111000001,011101011011,101101001010,101111011100
010010001111,110000001101,111011000010,010000111010,101101100100,101011010010,101011110010,011011101100,001110100010,101111001010,111011110100,100101010001
001100101100,101001001010,000111010111,110100110101,010010100010,111110010110,100101100111,0011010010110110111111100,111110101011,111010010110,111010000101
111101100001,010101001100,110101000101,110010111011,100001100001,110011001110,101111011101,011001101001,110111101000,111100010010,100111001110,101101001010
101001110111,001101001010,010101000101,110101100010,100110100100,101111011000,001111010010,001010100111,101011011101,110010011011,100100111001,100010110010
011010010111,010011000101,100101010111,111100010000,010110100011,110011010010,110111111010,010001101111,110101001000,110111001011,100101010110,001010101110
011010001101,110011001011,110001000011,000110101100,011110110010,101001101011,011011111100,010101101101,111101100101,101100010101,110110000110,100010101001
111001010110,101010101011,010110011101,000110111111,110011000011,011101010101,011111010011,011010101010,110101101100,110100110100,001111110001,111011001110
111001110000,101010011111,001011010101,110101001011,100110011001,101101100101,000011011011,010111100110,101111101100,110110010000,010110010010,101101001001
011111100110,010010110011,000101011111,111000101101,110001101000,011011010001,100011111110,011001101011,111110111000,110011011101,100111101100,001101001000
111001101001,101011011000,100110011011,101001010101,110010010101,010101001110,000101011011,011010100101,011111111110,011000101010,011011111001,100011001101
000010111100,110100110010,110001011101,001110110011,111000100101,111010010010,001111001010,101010100110,110101011101,010100111001,101011111001,101000100001
011010001111,001010011001,111010001100,011101011100,101101101010,101001000110,011100111011,000011100110,110110111100,011111101000,100011000101,101001011101
001010010101,010011010100,110101000011,101101110010,010110101010,110010110010,101101100110,111101101010,110111010101,111010101001,111001010110,101010110010
1100110111100101100111011,111110000110,011100111011,100001101010,111001010010,011000110001,011010100010,110101111000,000001100110,110011110101,000011110111
011010010111,110011110011,010101011111,101101011000,100100001010,111011010010,010101110110,110101011101,101100101000,010100101010,101011101010,101010110101
010010001111,110111010010,000111010110,001000101011,100110101011,011111010010,101111011110,001101111111,100110101110,110111101011,111100011000,111101100110
010111100000,011101001011,000011111001,110100100100,100010100101,111010110110,000101110110,110001100100,100100101010,010110000101,101111011111,100110100111
010111111000,111000101100,011111110001,110000010111,110101100101,010001111101,101011010011,110001010111,111011011011,101001100011,111010001110,100111101111
001111100001,101100010110,000111010101,110110100000,110110111111,110000010101,000101010110,011010101001,101011011001,110010011011,010001011110,101011000111
011111101111,010001000101,000100010101,110100100001,100110101101,101111010001,010111010110,011011011001,101111011000,110011011011,010100011000,001101001110
011111000000,110000011111,001101011111,010101100101,100110111010,110000001101,101011110110,011101100110,111101011000,011110011010,001111100001,001000111011
111000110010,010001001101,110110001011,110101011101,101010001101,101101001010,101010110011,111010010100,110101101100,110100101001,101011110101,000011010111
0100101111100101111110011,111011000111,111101010001,100000001101,111010010010,101111001110,101010101011,010111010110,101011010000,111101111000,100001111110
1001001111100001101010101,011011010111,110100110011,000110101001,111110110101,001011010000,0110101010010110101100100,011000010110,101101111101,101011100110
111100110010,101011011110,110101001010,101101010100,011101101010,101001001010,001101001010,111010100100,011111010111,011100001001,110101110010,100010110011
101010001101,010010011100,110101000111,010110111100,111001111000,001111001010,101011111010,111101101000,110101001001,011111101010,100111100110,100101010011
010010111111,110111100001,110011010100,010101010010,001011001001,111011010010,101011011101,011100100110,101101101100,010110011011,101011010010,001011010101
010111100000,011001001010,100011011000,010101011101,101000010100,101010010101,010111010111,001010101001,010101101000,111011100010,110111011100,101010100111
010110101110,011101101011,100011001011,100110110011,110000101001,011011010010,101111010110,011000101011,000110001110,111011110110,111000011101,100111000110
011010110010,001011101110,110101001001,001101011101,111101110001,011010010110,100111101110,110100100011,001111101110,010100100011,111000010110,101111110101
1000110111100010100110000,000111110101,010111100011,110001110100,011000011001,000111010010,011011101010,101111011001,010100101011,010101011010,111101010001
010110101110,101110110011,000011111101,010111011010,110110001001,001110010111,101101111010,111010111011,001101001111,011101111011,001101011100,011000110001
000110010011,110010001101,111011110100,000101011000,111010001010,100110010010,111101110110,111001101110,110101101000,101110001011,111010010011,110010110011
101010001101,001111011010,110101001100,000100100111,010110111010,111101010010,101001111101,010001100101,101110011110,101111100011,111010111001,000011011000
111010001110,010000111101,111001001011,011111011111,010010100100,001001001010,101101101010,110110101011,101101001001,000011000100,111011110101,101010101111
101010010111,101011010110,001100011110,000111110001,000110001011,011111011010,101011010110,010100010011,101001011001,110011010101,101000111001,101000111011
1010100011011010011011010,100111100111,010100011100,110000111110,101110100110,101101101010,001010101001,100011101101,011011100111,010111111101,101011010100
010111100000,101111101001,000011101101,100101000100,100101101010,111011010101,011101001111,011000101001,110111100100,101010001001,110111010101,100101000101
111010001000,101000111111,110011010001,111001010011,101010101000,101011001010,011011011101,011010101110,101100100001,111001101000,101011110010,101010110101
111101001011,101001001101,000011101011,110111011011,100110101000,011100110010,101110100110,010001101110,000101111110,111100010001,111111000111,111100101110
111001101001,101010010101,110010010011,110110111101,100001101010,010111010101,000101011011,0010011000100110111111110,010101011011,101010110001,101100101001
100011011111,110100000100,010101011111,101110010001,010111100100,111001101010,101111010010,011110100110,000110011110,010101100100,101001111001,100010100011
111001010110,010000101011,011100011101,011100011111,100111000011,101101010000,101110101011,111110010101,110101011000,101100101001,001011011001,001001101111
000010111100,110100101010,110101001011,010011011011,110001111001,111000110110,001101011001,011111011001,101010101101,011100101011,011011011100,100101010011
011010001111,010011001011,100001000101,101110100011,000110100010,111011010001,011111111101,011001111111,100101110100,011100001011,101110011001,000010101110
111001101000,010101001101,110100001010,010001011111,101010011010,010011101000,010011001010,010100101010,001101111001,010011001010,111010010001,101010111101
111011011000,101010011111,000111110111,100101010101,101111000010,001010000110,010011101001,110100100111,100111111110,111010101011,100111011010,100010110111
111010101000,011001101101,110011001011,100101011010,001110101000,011101001010,101000110011,010010111110,100110101001,111001010101,101011110010,101010100001
011010010111,101011010111,100110010110,000101011001,000100001011,100110110010,101101011110,111100101110,010111001000,110010010101,110001010101,100011110010
000010111100,110100110010,111101001101,010110100011,110001111101,111011010010,101101010010,111110101000,101011001010,100101010101,010101011001,100010100101
111010001000,010100011101,111001010010,011100010011,001011101010,011111000010,111010011001,011000111010,100110000101,110110010101,001011110101,101010101101
000111101101,010100001101,110011000110,010100110011,000110111010,101101010010,101111011010,011101101000,001111101110,100011101010,111001011001,100101010110
010110001110,111000110101,001010101011,110100100111,010111101010,101001010110,101011010010,011000110111,101011011011,100010100100,110100100101,101011011111
100100010011,010011111000,000110001010,011001111011,110000001011,110011010011,001111011110,011101101111,100010011100,011100011111,110111111101,101000000110
100110011011,110010001100,111011001011,101110010001,111000001110,110101011010,001011011110,111010100110,010111010111,011100111011,001000111110,100011110101
101011011101,010000010101,111011010101,011001011010,100111101010,111010010101,010011000110,010110101010,001111011100,100110011010,011001111100,101010100111
011110101000,010001111010,100111010001,100110110101,010110101010,111011010110,100101101100,110010101001,101101011001,110100101010,101011111110,111010110111
010010001111,010011000101,100001100110,011001011011,100110001011,011111010010,011011010011,011000111011,100111100100,010111000100,110101010000,111101001100
1010100011011010011011010,100111000111,010110110011,110001111100,011101001010,101111010010,011111101000,101011010000,011100101110,100101111111,101101010001
001100110011,010011001010,000010010011,111010011101,110010001101,101110110110,000111010111,011010101010,101111100100,011100100001,011100010010,101011011111
111001011010,010000110100,110011110011,101001011010,110101001101,111011010100,101101010111,111010100011,101111101101,010011101010,010101011110,101011101110
101010010011,111000001101,111011001011,100101010101,101100010110,011011010110,101011110100,011100011010,010101000101,010100101010,111000111110,000010111011
000110010011,110010001100,110100101011,100101011010,111001101000,111010110110,101110101011,011001011001,110111101100,101100101011,011100011110,000011110001
111101110000,101001010110,110101010101,101011011101,100100100010,110000110101,000111011101,011010101011,010111100001,111100101011,001010011101,110010110100
011111110001,110000010110,100111010011,100111010010,010110101010,110010010101,001011110110,111001101001,110111101101,111100010111,011001111110,101010110011
111101101000,010001001101,100101010010,001101010101,001010101101,101011001001,101111011010,110010111010,100100101000,101011010110,111010100101,101101010110
111101100011,101010111101,111010010011,111111010010,010101100010,010101001000,100011011010,011100100110,001011011110,100101011010,111000110110,111010100011
010111101110,111110100101,110010001011,111100111011,110000011000,111011010110,010101101010,110100101011,001011011110,010101111010,011011111101,001010110101
100100111010,110100001010,010100001011,101010010011,110010001101,111011101010,001111010110,111101010101,101011010010,110000100101,111011111001,101011011111
110101101011,101001001001,110010100101,100010101100,010101100101,100101010100,000101010101,0110011011010110111101110,100101000010,100111010110,100111011011
011111101000,010100110011,100101010111,110000111011,110010001001,111010010001,000011110111,011001101001,101011011100,110100011001,101111010110,001010100011
000010111100,010000001011,011011011101,010100100011,110111111001,111010010100,101110110010,011010111000,110110001001,111000011011,010100111010,101001010110
101111110001,010000010111,100101000111,111010100011,100010101011,101110110000,101111010110,011010101001,001011011100,001100001010,100101111001,101010101101
000110011111,000011110000,001001010111,011011100001,110001101101,011111011000,100111001110,011001101110,101111011000,111000011011,100101010111,101010101010
111001010100,001100101011,110010011101,0111010110110101101001001,110011001000,111110101001,0110101010100101111101100,110100110101,010011110001,000111101101
010110101011,011110001101,110010001011,110000011011,101000011010,100101010110,101111010110,101100111111,010101101110,111101000010,110110010101,111010100101
111001010110,010000101011,111101110001,001100111101,101111100010,101000110001,011110100010,110001100101,010111111110,101000001011,011011010111,00001011001101000010110111010101,010000,1101,1101010111,100010001100,0010010,01110,1110111101,10101,01,01101101001110010001011110010,01,111010011101011,1,00,010,10,0,0101111,111011101001001,1,0,001,10000,11000,0011000000,0101000,001,101000111011011000101111
010110101110,111000101001,110011101001,110100011010,111100011001,101101001110,001001010110,110110101110,010111101000,000011111010,011011010101,000101110101
000111010111,110000001101,100101110010,011101010010,101010001011,011110111010,100111011110,001011101010,111111101111,111100010111,011111011100,001001010110
111001111000,101010011011,001101010101,100111011010,110110011001,111101000101,001100110110,111001101010,110101011001,001101111000,000111110110,101010100111
011010001110,010001101011,000111000111,010001111101,110110110001,111111010001,001011100110,011010101110,111110101100,011000111010,010111111001,101100110111
000111111111,110000010101,100101001111,101101110010,110001101001,111110010010,001111001110,001001100111,110101011110,111100101011,110011100110,001010101010
001100101100,100101010101,100101010111,011001011011,100110100001,111010010010,101111011010,011101100101,101111101100,011100101011,111001110110,000111010010
011110010011,010001101100,000111010111,111111110000,110001101100,011000100110,001111010110,111011101100,100110010101,011100101011,000101011111,101111001110
011010110011,010011111100,111011000011,100011011100,011010101100,111000111110,000111110101,011010101111,101100101100,111100100000,011111110010,001011010000
100010011011,010010010101,100101010111,101001100011,110110000101,011110010010,101110101001,010011101111,100101011100,010100011011,101101011010,001111100110
011011001101,010000000101,110101010011,011100110010,100001011010,010111010000,101111101110,101001101010,101111010100,111100001001,111111111001,111010100010
000111111100,010011110010,100111001101,100110111011,110001101001,111110010100,100001111110,100000101111,001110011110,111100010110,101001111001,110110100110
111101100001,010101001101,000101010111,111000110011,100110101001,111110010001,100111010010,011001111110,100110011110,011100001011,111111111011,101101000010
100111111111,010100000001,110101000111,101010011011,010110101001,110010110000,101101111010,111011101111,001011011110,011100001111,110001011001,101010100100
000111011011,101100100100,110110011011,101011001101,101001001001,111001011101,010011001111,001010011001,001101111001,110100010101,101111011001,101010101111
100111110011,110100011110,000101110011,101100100101,010110101011,011110110110,100011011011,111010100001,110100111100,111100101010,101011011001,110010100001
100011001111,100111010000,111110000100,011100011111,000000000011,001111110010,011111010011,010010101001,000111111100,110100010111,111011111001,000111001110
000010111100,111100110010,010111010101,100010110010,110111101101,011010010101,001111010110,110100101011,101011001101,110000101001,101101011110,101011000111
110101101011,010111101001,010011111100,110100100001,100101100101,011101001001,001111010011,001011111101,000101011100,010001011011,110111011101,001110100110
1100110111110010011100010,111101001010,011000111111,110011001010,111000110100,001011001110,111010101011,001001001010,110010010101,000101111110,101011101010
010010111111,110111100001,011001011111,100111111000,100001101001,111001010011,010101010110,011001101010,110110101010,110110001001,100100111011,001010101111
101011001101,010000010101,100101010111,011000110011,100110101011,110001001001,011111010010,010010101110,101110011100,011000001110,111011100001,100110100011
110111001011,010100001101,111000001011,101010110110,101011100101,100101000100,101101011101,011010100110,010111111001,110001001001,111011111100,100011101101
000111011111,110000101010,100111000111,100111011100,110101001101,111001001110,001111010110,011010101010,011011001100,111100100110,011000111011,101010111111
011010000111,110000011100,111000001101,010101011111,110010011010,101001010110,111101111001,011000100111,111011100001,101110001010,101010100000,000011111011
110011001111,010000011101,110011100011,001100100010,110100101100,110111101000,001111010110,011010011001,001010011010,011100000110,111010110111,111010101001
010111100111,111000101101,000010110100,010010100101,100110011101,101011000101,001011001011,011011101010,100010101010,101001101010,100101011001,001101010111
010010001111,110100001101,110011011001,011100011010,010110101011,101101010010,011001111001,001010011101,101101111110,101110011011,101000010010,000101101111
011010001001,001000111111,100011010011,110101010001,101001011010,011001001010,111110100111,011010101001,111100001000,100011100101,100011000010,000110101101
011011001001,101000011110,111010011010,000111011110,111101011010,010001000110,001111011010,111110011001,001010011011,011100011000,010000111001,101101011001
000100011011,110010111000,101100001011,101101011101,101001000100,111001010011,011011011111,011101001010,100101111100,011100101101,101100011110,001011010111
111001110000,100011111111,011111001101,110101011101,100110101001,101111001010,110110100110,011010010110,110111101011,101000101001,011111000110,000011101111
101111111000,001000111010,110101001101,010111010011,110001011001,110010001100,000101011110,111010101011,010110011100,110010110001,011001111001,101111001001
010110001110,110100101010,011000100011,010000100101,111001011100,100001110011,101001011010,011010110111,000000101111,111100100010,011111010101,000111011111
010110101011,110111001001,100011110111,110100100100,100000011010,011011001110,101101010100,111100101110,110111011010,010111000010,110110110110,100101011011
000111101101,110011000100,000111110101,011010101001,110001000101,111110110011,100111011010,010001101101,101111011110,111100101011,111110011011,111001001110
010111101000,011101101001,100011110010,010000100101,101000011011,100101010101,001101000111,010010101101,001111101001,011101001000,101010110010,001010111111
111001010110,010000001001,111011111101,000001001111,010011001011,101100010110,111110100111,1100001011100010111011011,011100011011,101110011100,100010101100
110011001011,111000101011,011011011001,111000011011,110011100100,111011001000,100101000110,111011100111,100100010010,101011101110,110111111100,110101000111
010010001011,010011011010,100001001011,111100000101,110100101100,110001110011,101100111110,110011101110,110111000010,011100010011,101111100001,000011011100
100111001111,001000001101,100011001011,101010001011,010101101001,101111000001,101111111001,011001001111,000110111110,111000011011,100010011001,100110100110
011111101111,110000010100,000101011111,100100110100,010010111101,101000101110,100111110101,011010101001,111110101001,011100100001,101011011001,101101010111
000111110111,110000001011,110110001011,111100010001,110101100101,111101001010,101011001010,011010111010,001111011110,010100101010,011100011001,100110101111
011010101111,010111000011,000101000110,101010101010,100010101011,111111010001,010111010010,011001101111,101101011000,110111010101,101110001000,100110100110
010111100000,111100001101,100010001011,111000110101,101001101010,011001001110,001011010110,011001000101,011011011001,011011100110,110110010101,00101001111110110101100110110010,01010011010,1110110111,10010100000011010101,10110,0110011001,10011011,01001100000110010010011110000,01,111011011101100,1,0,1010,10,0,01010110101001101101011,1,01110,01000,11000,1011010000,0111000,001,00100011011101,11,01100,
111010101000,001011111001,100111010010,010001011101,010110100010,101101010110,011001011011,010010100011,111111101100,011101010101,111111110001,001001000101
101010111111,010011010100,010100010010,101110110011,000101101011,011111110110,101111010101,011100100111,101110111100,111000000011,101100111001,000111111110
110101110010,001111101001,110010100101,1111010111010101001001001,101010001100,010111001111,111100100110,011101101110,001000101011,101111010001,101111001011
111010001000,011000101111,111001000010,010001010111,100111011010,101101001010,101100010101,010010101100,010111101010,010110001010,100011000010,101010111011
111010001000,011000111111,000111001011,110101110011,101000100010,011111011000,101001100111,011010101110,100111011100,110011001001,101111001101,001010100111
000010111100,101100101010,010111000001,101101011111,001010001010,111010110110,000011001010,011010011010,010100101101,111010101011,110101111100,001011010110
010110101011,110111001001,000011100111,110000000011,110010011010,111101001010,101111010110,111010101101,100110101010,011001101010,100111010110,001010110111
101010001101,010010011011,100100001011,011100011011,110010101010,111101001010,011101010110,111010110101,101001001100,011101101011,100111110001,000011010101
110101001011,110100001101,110010001011,100100111100,100101100100,010101001010,011110110100,101001100010,011011010001,010011011110,110011100111,100110101011
1011111010011110000001101,111011010001,011100011001,110101101101,011100101010,011111011010,011010101010,000111011010,011100011110,011011100101,101101011011
010010111111,010011110010,100101010111,111100100001,110001101101,111000010011,100111010011,011001010011,100111011100,110010011011,110100011001,001100101100
011010010111,010011100011,110101010111,010001011001,010110101000,111110000001,010011010110,011001011010,110111010100,010010101101,101011010010,101010100001
100100111000,000101001001,111010001011,011101011011,110010000101,111000110010,001101010010,111110100110,001011001000,011010010110,111000110101,100010111110
0110110101000011100111111,110001011101,000101011101,101011101000,011010010001,101011010110,111000101010,110111001001,011110011001,100110111110,101001101010
100101011011,110011101000,010111001011,101010101011,000110101100,111101110010,101111010010,111101010001,100011011100,011100111010,101001110001,000111111111
011010001001,110010001101,100101001010,011101011011,100000011010,011101000110,110101110100,011001100010,001111101000,011010001100,111011100010,001011011001
010010111111,000011010101,100101000111,111001000011,010110101001,011111010100,100111101111,0100011011100000111111000,111100011001,110100011000,000011101000
101100010011,010011101010,110101000111,101101110100,110001101100,111001001010,010011010101,011110101101,101111011101,011000101001,101111101010,101010110110
110101001011,110101001101,111000000001,101010011101,101010101010,101001010010,101101010101,011100101101,001001111001,101010101010,101001110101,100111011101
111111110000,101000011111,001011110001,111001011001,101010101010,101010110100,010110100110,101010101011,101001101010,101010111101,010100010110,000011010101
111011011110,101011101011,101111110101,001001111100,111001001101,101001001010,010011000111,011010100011,111001110110,001100111110,101011100110,001111110111
000010111100,110100101010,000111011101,100011011011,010110001010,111110010110,101011011110,010010001011,101111101101,101101011100,111001111101,101001011100
1010100011011001011011000,111000001100,010111010111,110001111010,001101000110,101101100110,011101011001,010111010101,100010011110,011010110001,101100110011
111001110000,011001101101,010111110000,110101010011,001010001001,011011000100,101101011010,101010100101,101101111000,010100100101,101110110110,001010101101
011010001001,010011101000,111011000001,111000110110,111000100100,010111001110,001101111101,010110110111,111001101000,011100101011,101110010001,101011010111
001111001000,110000001110,100111001010,011000111111,010100100010,110110110110,001101101010,010100101011,110111011010,101100101010,101010001110,101010100111
011011001101,001000100101,111011010011,011000011011,100010001011,101010101001,101100100110,111001100111,000111101111,011100001111,111011111001,101010001110
010110101110,111000101001,110001111001,110100111010,111100011001,101011000110,101110101001,010110100111,111011101010,001101000010,100111000110,100101010011
110010000110,110100001111,011011100001,011100011011,010111101010,101101010010,101111011010,001000101111,110001001011,010110010100,111010110000,111000101001
111001101000,001010111011,000111010101,110001111101,100110101001,111101010101,100110111011,0010010110110100110010000,110100011010,101110010110,111101010101
111001010110,101111101000,000111111000,111101010010,101101100100,101011100110,001001010010,100110010010,110101101001,010010101110,110111110001,100100111111
011111101100,010100000011,100101011111,001110010011,110001101011,010010010000,100111111110,011001101011,101101010100,111011100101,100101110111,101010100100
111011011000,001011111111,110100001101,101011001011,110001100010,000110110110,001111011111,010001101111,111110010100,111100010011,110111101001,100001001110
111111000000,010001111111,000101011111,110000100101,100110101010,111010000101,01110,110111,011010101001,100110011100,110000110101,010101001001,101010100101
011111110000,011000010111,110011010011,110100110001,101001101001,111010110001,100110100111,010010101111,100110010100,101011001011,100100001011,100111000111
111001010110,101011001011,111111000101,1111010111010100001100001,110001010010,110111100111,101100010111,111001111000,111100001000,111111010000,100000110110
011011000101,100000011111,100111000111,010100011010,101001101001,111000001010,101111000110,110001101010,101111101100,011101111101,011101110110,001100110000
010110101100,111010101011,000010100101,110001010011,101011010100,101001001010,100011001001,010110010110,111110101000,101001000011,110111011011,101101010111
010111100000,111100001111,110011101001,110000010010,101010011001,101010100101,001100110010,101001010111,010101010111,111101010100,100110010110,111010100101
1010100011011001011001001,011011001100,010101110101,101101101010,101101001010,111110100011,011010101110,100101001100,110011001100,101100000101,001111010111
101010010011,101011101100,110111000100,010001011111,011010000001,111110110110,101110100101,000010111111,101010011101,011100110010,110110011010,101011011101
100100011011,000011101001,011011000111,100001001101,110100100101,110101011010,001101010110,101111101110,001111011110,111100011111,111111100101,111000010010
1100110111110110011110100,011111010100,110000111011,010011100000,111011010110,001101010110,101010110001,110101011100,110110011100,100101111000,101101101001
010110101110,111000101011,000011110011,011101011010,111010011001,101101001010,011101010100,110010101110,111111010011,101001011010,010111010010,100101011011
010110100011,111111101000,110011101000,100001011101,101000010101,011011111100,001001110101,010010101101,011111101000,111101101011,100111011010,000110111111
010110101110,110100101001,110010100001,011100110010,011110010101,101001001010,011101010101,010010111010,110011011001,000101101010,110111010001,000101010101
101010001000,111000011111,101011000011,110000110001,110100011110,000011001010,101001110100,111010101011,110000001010,010101110010,101011101101,101101011011
011110000000,100011111110,001001011111,100110111001,110001101100,011011011001,100111010101,010010000110,001110100101,011010101011,101101111001,101110110111
011101100011,101001001011,000011010111,110010101100,100110101001,110011010101,100111101110,111000100110,1111111111110111100011011,101110001001,101010110000
1010100010011100000111111,101011000101,010001011011,110010111100,101011001010,011111101010,011011101000,101101011010,011100111101,011010110101,001000110111
111011011110,101011111010,000111110101,010001111010,010011111100,011010011101,001111001110,111000100011,110100011010,011000101101,100100111001,101100110101
010010011111,010011000011,010101010111,101000011011,110010000101,011110101001,101110101100,101001101011,110101011010,111000011011,111001111001,101011001110
011010001110,010100101101,110101001011,011101010011,110001100010,100111010010,101001011010,111000110011,111101100101,110111010011,001011110101,100011010100
111001001000,101001101011,0000000100101011101111101,100100011010,101011001001,111110100001,011001100101,100111101010,101101011001,110110000101,011100100101
010110101110,111010001010,000001111111,100100011011,110110010101,101011001010,001101010110,100100110011,010111111010,111001101011,110101001110,100101010111
111011011000,010000111111,100111011101,001101011101,101111101000,010011011001,000110111101,010010100110,111111101100,011000111010,001101111001,100100110001
1010100011011110000110010,110111001101,011110110011,110001101100,101101001010,001101010110,011101011001,100101010100,011011101101,101010110110,001010101001
100100111010,001001001001,010110001011,110101010101,010110101010,101101010010,010111010011,011011011010,110111011100,111100101001,111010110001,001010010101
100101011011,110011101001,000010101100,010101011011,010111101010,100101110011,101110110010,101010111001,001011111110,111100111110,111100110100,101000011111
001100010011,001011001010,000101010111,110101010001,100101101101,100011010001,001111011110,111001101010,110110011100,111010001011,110100011001,111011100100
010010111010,110100110010,110111001010,001001011011,110001101010,111011001101,001111010110,001010010101,001111100101,011110011001,101000111001,011010100111
101010000111,110011001011,100001001011,011101110000,111001011100,010101001011,101110110101,011010101010,100101011100,100100011010,101011000110,001100101011
100010011100,010000110010,000101011111,100100111010,110110101010,111110010001,011001110101,011010011001,100101011100,110100101011,011101111001,111001010111
100110011000,110011001001,101111001101,100001011011,101110011100,101101010010,010111110110,111000010010,111110011111,101011001100,011011111001,111010110111
111010001000,011000110101,100110010011,110001110101,101101011000,011011001010,101010110111,011010101111,010110011100,010101111010,100111100001,001100101011
111011011000,010000111111,111011100010,010101011001,101001111010,101100110010,110000111110,110011001110,110110101000,011010000110,010101110001,100011110111
100101010011,110111101000,000100111011,101100101101,110100001101,111001101010,011101010110,111110110101,101001011001,100000101110,001011010001,101010101011
011010110011,110000001111,000101010111,111001000011,000110001011,101101010101,011111010011,011101101001,100110111100,110010101011,001101011010,001011010011
011111110000,110000010110,1001010110101,01101001010,111001100010,111010110100,001001010101,011101101001,000011100101,011110010111,101011011110,101000100111
111101100001,101011110100,111011011100,001001011101,010111001011,110101010110,100101111011,0111001010100001111110110,111100010101,111011111010,101011001000
010010111111,011111000001,010101010111,011001110000,110101101001,111001010011,001111011100,011000101111,000111010001,110011001011,011100010001,101101101000
000110010011,110010001100,110100101011,100110011010,111001101010,101001010110,010111101001,011101011101,001110110110,101100001001,101010000110,100010101101
111001010010,101000011111,001001111001,111101010010,010111100100,001011110101,110110110110,111001101010,010110001101,010100010101,101100011010,111111001011
010110100110,111100101101,110011010001,101100111101,101001100101,010011010110,011101011000,011000011010,011101101010,010011011010,110100010110,100110111110
111011001001,100011111100,010111010111,111100100011,110000110010,111111110110,001101011110,011000101001,111110011100,110100010111,010111100110,101001000101
010111001100,110110001101,011001111011,110100111101,110001011000,101000110010,011101110100,110010100010,110111101110,101100011110,011011010110,000101110111
011010001111,110000001101,111011001011,011000011011,110001011010,101110101010,111110110110,111001101111,001101101010,101000011110,111110011000,001010110001
111001101000,101011101011,100011110011,111001011010,101010011001,101101001010,101100101010,010110101010,011111111110,011100111010,001010010010,101010110101
001111000001,110011010101,101001011111,100100010101,010110101010,110110011001,011101010011,010001101001,101111010000,001100001101,110101011110,101010101111
011011001001,101000110110,100010010101,111011011100,010010100010,110111000110,000111011011,010101100111,111101101101,111100101011,101010001101,101010110101
000101010111,110011101001,000111101110,010101100001,100100001011,101101001010,101111010010,001011011101,111111011011,100100010110,111111000101,101000110101
100101011111,110100001011,010010000110,010101100011,100001110101,011011010010,101111010110,101010101110,101011001110,010100011110,101011010101,101100101001
111001010100,000011101111,010101000010,011101011101,100010100011,101111001010,111110011001,011010100101,110110101100,111100011001,111100100001,001011010110
000110010111,010000110010,100101001111,101111010010,110110101010,111000100011,101111101110,011100100101,001111011111,101101110010,011101011001,100011010111
011010011000,110000111110,000111011111,100101011101,111011101000,111110000110,001101110110,011010101001,011100101101,111100110100,011011111001,111000110001
011010001111,001111100010,110001001011,100111011100,111001100000,111101010010,010100111110,111000101111,001101011100,111111101011,101100001111,000001001110
111101110000,001011111010,011101101010,101001011101,101010011011,100111001010,000011011011,010101011011,111111101001,011010101001,111010010010,110111001010
110101101011,101011101001,111010001000,010001000111,100101011010,001000110100,101001011011,011010100110,011101101010,010011100101,100011111100,100110110101
100100110011,110011001101,011011001011,110101011011,110010001000,011110110010,010011010111,001101100011,111111100101,111011000011,101010111010,110011010001
010110111010,111001101100,011101110011,110101010000,101001100101,001011110110,100100010110,011001100110,110000111010,001011000110,100001011110,100010111101
010110101110,110111001001,011000110111,100000101101,111111000101,001001110111,101101010110,101100110110
010010001100,101010110111,101010001010,001001010111,000110011010,101010010110,011101110111,010001001010,010111111010,101001010101,110011110001,001001011110
001111000101,010000000101,111001011110,010100110011,000110001010,111010010010,101111010010,011011101010,101111011001,011110011110,010010100101,101000110111
100100111010,110100101001,110100001011,0111010110110111110000101,111011010010,101110101001,101111011010,101111011110,101100011000,111111010101,100011011001
110100100000,001010010101,110010100111,110001001010,101101101001,101010000110,101101010111,0011011111110110110001110,111101000010,111110010001,101011001101
100111111110,110100101001,111011000001,110011010011,101110000101,011101001011,101001111110,011011011010,111011001111,101100111110,010111110001,111000101011
001111110011,101100010100,000101010111,110111000001,100101101110,110000110101,000001010111,011101100111,101001011000,110010101010,101100011110,100011000101
000110011111,011100000101,010101010111,101100010011,101010101011,111110010001,101110111110,101011101101,100111001110,111010111001,111000001001,111011010010
111011011111,001111110000,111111111100,001111011100,011111000011,011110010010,110110101101,011000111111,111010110111,111100101010,101010111011,10001100110001101011100110101011,10110000011,11010101100111011001100,111101101111100111010101,10001010001011100001101010011101010011,11,100111011001110,1,111101,10,0,01100111001101110111001,1,10011,10001011001,1010001000,1100000,111,10100011111101,100101,0,
010110101110,111000101010,010010100011,1111000101101011001100101,011101001010,001011010010,010110110010,010011011010,110001001010,110100111010,000111111111
111011111000,101011111011,110010011011,101001010101,101000001101,010110111101,100010110101,1110011001010110100101001,111100101011,011111011001,001110110101
011010001111,110011001101,111001000011,011101001010,111010011000,101001000010,111101110100,101011100101,111111111110,111111000010,110001110110,000010110111
111101110000,001011101011,110011100101,1101010101010101010011001,1110110100010010100101101,110010101011,111110101010,011100101011,111010011010,101011000011
101010010111,101011110110,111001000100,000001011011,000110010011,101011101101,101101101110,101000101111,110101010001,010111010101,110010010110,101010111011
111001101001,010001101011,000110010111,110000011101,110010101101,111101001101,001101010010,011010101101,100111111010,011000101010,101011011101,110101010111
111101101001,010011111000,100111011100,000000111101,100100111110,010011010110,000011110101,010011101001,110100101010,011000011111,011011111100,001101010111
010111100000,111000101101,100001101011,110001010101,010101101010,001011011010,101010010110,111001010110,010101011100,001011011010,111011000101,101011010011
111101101000,010101001001,110100011010,010001010100,101101101010,101011001000,111101110101,011001101010,001000111001,010011011010,110110100101,000110101101
000111101101,100011010100,001011010111,101010101011,110000101011,111110110101,001111101011,0101011011010101110101110,111100101111,010101000100,001001010110
000110010011,110011101010,000101010111,110110100001,111000001101,111110001010,001111001111,011110101000,100100111100,111000101011,101101010111,101010101101
100011111100,110110000101,011110101101,011100111001,111000001101,111001110010,001001011010,111011010010,100100101101,110011101101,010101010001,101001100111
111011011000,101011111010,111110001101,111111000111,100001100011,110011111000,100001010111,010111100010,111100010111,011100010111,111111011110,011010000111
000111111100,110100001011,100111000101,111100011011,011011000101,111110010010,101111010111,011011101010,101111111110,001100111101,111111011100,001101010110
010110101110,011111101001,110000001111,110001010000,110101101010,101011010110,101001111110,011000111011,000110101011,010011100110,111111010010,101010111000
1100110111110111100100101,010011011000,101100111001,001110000101,101011101010,010110001101,011000101110,100110101001,110100010101,101100111000,100111010111
111011011110,100011011101,011110011101,011111000111,000011100011,010011000110,111011011110,111010010111,110110011111,011100001110,110111011001,100011111010
011010001111,001111010010,100101001011,101110011100,110101110011,011101010010,000000101110,011100100101,001110010110,011111111001,111011010110,000011011100
101010001101,110011011101,100100000111,010101111101,011010101010,101101001010,111111111010,011011011000,101011111001,101100101010,110011000100,100101010111
100101010111,110000001101,110100001011,0111010110110111110001001,111101010010,101110101010,111010101010,110101101001,100101101101,011011010101,100010100111
111001010110,101000011011,000111110101,111101111010,100001101100,011011010001,101110100011,010111101010,100110001100,111110010101,101100011000,101101000001
000010111100,101111010110,010011010101,100101011001,110010001010,111010110110,000101101010,1111001010110110101010101,110100111011,011101011010,111011010010
000110010111,110011101010,000011010110,010111111100,011010001010,111001011010,010011110100,011110100110,110110101100,011000101001,100111111010,101101110101
111010001000,101000011111,001101011010,111001110101,010010101011,101101110010,110110100110,011111101001,100011101010,100100011100,110111110101,000010101001
111001010110,011000101011,110010011001,0111010011110111011000010,101100010110,111100101011,1110100111100011100111100,011100100101,101111010001,101010110101
011010001110,001000111011,111001001011,011101010011,111111100000,101100110010,001110100001,010000110111,100110101110,111000000101,111011110001,000111011110
100100111010,110000101101,010011001011,110101011011,110110001001,111110110010,101110101010,111110101010,110011010010,101000101101,011100111110,100101011111
010110101110,011101100011,100101011011,110100100011,110011011001,011101010010,001110110101,010010110001,110101101110,110011101011,101011011000,000110110110
1001010110111000011101000,010100100111,110110100011,100000001101,010101111000,101011011110,001011111110,111001011100,110000000111,101111011111,100010100010
000010111100,110100101010,110101001001,010011011011,111001110100,111000110110,001111010000,011010101010,001110101101,011000101001,011001111110,100011100111
111001010010,101011011110,001011101011,101101011101,011010011100,001100111001,000100110110,110110100111,110101010100,010100100001,011101001110,101011110111
000010111100,110100010110,110101001001,011100011011,110101100101,111001110100,001011010010,011110011001,001001011010,010010100101,011001111001,000111100000
111011001000,110100011111,101011000011,111100011011,100001101010,111101001010,101101011110,011010100110,000111101110,010100011110,001011000100,100111101110
011111110000,110000010100,110100011011,101011011011,101001101010,101010100100,001111010101,111101101001,001010111101,011010101010,101011011101,110010101001
011010001000,011000011110,111010001001,100001011111,110010010100,011011000110,001011010110,110010110100,010110011010,110010101010,111000011101,001011010111
101010010111,010011010101,100101010111,110101110001,100010100010,111010001010,101101100101,011010100110,101101001100,010101011011,101100110110,001010100101
111010001000,011000101101,111010001101,000001011111,110010011010,101101001101,111110110111,010001011001,010101111100,000101011010,100010010101,001010101101
100100110010,001011011011,000011010110,110001100101,100110001011,111101010011,010111010010,011000011010,101110011010,1100100110110100101110100,101011010110
011111110000,011000110000,110101111011,101101011010,110001000101,111010110101,010101010110,111010010001,001001011110,010111101010,001001011110,101010100111
101001110111,001101001000,010101011101,100101110010,110110100011,011010010100,001111010101,010001101001,110111101100,010010101011,110100011001,100111110010
010111001111,110000001101,110001100001,101100101010,101000100101,101010110010,001111010100,110110010101,011011101011,101101001010,111011010001,100110110111
100101011011,110011001001,011011001010,010100011101,101100001001,101111010010,100011000110,111010101110,100111011010,011100011010,011011010001,101010110111
011111100000,110000001111,000100011110,000101111101,001010010011,110000100111,111101010110,100010111010,111100111000,111100011101,100110110101,101000100101
000110010011,110010001100,001101011100,111100111011,110110001001,110010010010,101111011110,111100100110,110111101110,111100011011,001101111100,100010111111
010010111011,010111100001,110111000111,011101110010,110000001011,101010110101,101011001111,011010101010,110101101100,111100100101,110101010001,001010101110
011010001111,010010010001,000111010111,101110100011,100001101100,111111010001,101101110110,011000111111,000011010110,111100011111,101011100101,111010101100
110100100011,010111001101,110010001011,111110111010,100000100101,110101010010,001111010001,011010100110,000100111010,010011101010,100100110110,101110101100
101101110001,101010010110,100111101001,101011011000,101000101101,110001000111,000111011110,011000011011,001011010101,110011001011,011001010111,101011100001
010111100000,111000000111,111011100111,1010000010101010110101010,111101010110,101010110111,011000100111,001110010101,111001111010,111010010101,100110101111
010110101110,011001101011,100011110010,010001010010,100001111001,101011010101,001111011101,010001101111,101110100000,010011000111,110110010001,100010110111
101010010011,010000111101,100101010110,010001110001,010110001010,011011010010,011101111101,011001101110,101111001000,110110001010,101011010110,001010101111
011010010110,110010101111,110101001110,010101001111,010011101000,101001000110,100111011110,011010011001,011111101000,000110101000,100010110101,001011110011
111101110110,001011111111,110011111001,000101011000,101000000101,101101011010,101111010010,110010101110,010111101001,110010011001,110101010110,101011110100
011010110011,001000011111,110100010110,010101010011,000101100001,101101010101,101011010101,001001010001,110110010100,010011011001,000111110001,001111000111
111101100001,101011110101,111010010100,011111010010,000101001010,110101000000,011111010101,011010101111,001111111000,010100011010,100101001000,101010111111
001100010011,010010001101,100101010111,111001001000,101101001001,111011010010,011111001010,111000101010,100111111110,111100010111,111011011001,111010101100
111011011000,010000111111,111110111001,001101011010,110000001010,011110111001,010111011010,111100100111,110100010101,101100000101,010111110101,100011110011
001100110010,101001001101,0001110001110110001110001,100110101011,011110011000,100100110101,011001010110,100101001100,001010001011,001101011110,111011000110
011011001001,101100010100,111001010011,101110001000,010101101100,110101100110,000111011010,101100100111,000101011101,110011011010,101101111000,000110111010
011010010101,001010011111,110010001110,001001011101,011010001010,001101010010,101111100110,111010001001,010111110100,000010001100,111011000001,001011110101
011010001011,010011101000,010111011111,100100110100,110110110010,011111010001,101111110110,100001100111,111110010110,011100011011,111111001110,000011010111
110011011011,011000111101,011011011001,111100010001,110100100100,011011110000,001001101110,111101101111,010110001010,010011001001,110111011101,000011101101
101100010011,010000001100,111101001011,101010011101,110101101010,101001011110,010011010101,011001101111,101010101000,111010100101,101011011001,010010111101
1010100011011010011111000,111001000011,011110111100,011010101110,001110101010,101001111001,011100101110,101101111001,111110011000,101010001110,101101010101
111011011000,101010111111,110001011101,000101000011,000010011100,100111001101,000101001111,101000011101,110110111101,110100010011,100110011010,001010111011
101101110001,010001001101,010101010111,110101010001,100110101101,111011000001,010001010110,111001101101,001101011100,011011000101,101101111111,111110000010
011111110110,111000110010,100011010011,101011001101,101000010101,111010101100,000111001010,111001001011,010101001101,011011101011,100001111010,101111110101
100100111010,000011001011,010101010101,110001101101,100110100101,111001010010,101011010010,011010010110,101110101010,111000101011,111111110101,100001010110
0100101111110010011110010,100111010110,011000100011,110000001011,101111010100,101101001011,011100011111,101011010100,101010011011,111001011010,001010101110
011010111111,101000111010,001101011101,000101011110,111101101100,110011010110,100100001101,000011111111,001110111110,011110111001,111011111000,101101110101
111001011000,010000101011,111110011001,101010011011,100011100010,101011000101,011110101001,011001101011,100111101100,101100101010,010111110001,101100101011
101011011101,100011110110,101101010100,010101011100,111011000010,110010110110,101101101001,011101101110,101001101001,011100001011,110101111010,010011111101
111001010110,010000101011,111101111001,0011000111010101111101010,101000010010,111100100110,110010011010,010111001101,010110111001,001011110001,101001100011
111011001001,011111010000,100111111100,000100111001,100101110000,110000000110,101101011111,010000101001,110111111101,010010110111,110001011110,101101001101
1000111111100110100101001,100111110001,001100001001,111001100101,101100010110,111001011010,111010101010,111001101010,110000101011,011010110101,000011101111
010111100000,101111011011,100010110011,1111001010101010011111010,011010100101,100001011001,010001110111,101110011010,010101100011,110010011001,101101001101
111011011000,101011101111,100110101101,100101011001,110001101100,110001000110,101100011110,011010010111,010110011001,010011001110,110011000001,101010101111
101100110011,010011001101,110101010101,011101011011,110010001000,111110010101,101111010010,101111101110,101101011100,011100011011,101110110010,001010101110
1100110111110101111100011,011111011100,100100111111,100110000010,101101010101,010011111111,010011101010,110110101100,010100011001,110111010100,001110100010
011100110010,101011010110,000101010111,110101010011,100100101100,011011010101,000111010110,111101100100,101111010100,110011101011,101100001010,101110111010
011111110000,110010010110,000101011111,110101110011,110101100001,111010010101,101111011100,111001101010,110110010101,110100001011,101001011110,001111001011
111001010010,010000111101,100101101011,1111010110010110111101000,101101000001,101100111011,110010011010,110100011100,110010011001,001111010001,110010101101
111010000110,010000101111,111001001011,011000110011,101111010010,011001000010,011010110001,010100110110,000110110110,110110001010,101001010110,101010010011
000110010011,010100001101,110011010111,110100011011,100110101000,111110010010,101011010011,011001101110,000011101110,111100010101,111101011010,001011010110
010110100011,101111010101,100011110110,100101000100,001010010101,001011010110,101101101100,110010100110,101000101010,101011000010,110101010111,101010101101
011010110011,110011111100,000101000100,111101010011,010110001010,011011110110,010111010110,010010101010,100101101000,111100001001,100101111110,101011111010
011011010100,111000010110,111000011011,101111011011,000011110010,111000100100,001111000110,100010110010,010101011101,011010011010,100000101110,101010111011
011011001001,101010110110,110011011001,100110011100,101101111100,110001000101,100100110111,010001010111,100101101111,101011101011,010011001110,001110110101
100101010111,000011100011,011000100101,101100000110,110010101011,101011010010,011001010111,011010101101,101101001010,011000100101,101100010101,001010111111
111101110000,101011010100,111011010100,100101011011,010010010001,110010011100,001101010101,110110101011,001011101001,011010001011,111010010010,001011111010
111011101000,011101001101,111001011001,111000111010,100010100010,101010110100,001011111001,010100101101,101111101100,010010010010,101011110101,101010110001
011010011111,110011110010,000101010111,101111110000,110101101100,011001100110,101011010101,011010101111,101010101100,010010101010,101011011011,010010100011
111011011110,011000010101,011010011100,111100110000,101101101011,111001000010,111010100010,011010100110,110110101101,010011010110,100000100101,010011110011
110011111111,111110010010,011111111100,101100101110,111111100100,111001000101,001011011011,001010110000,110111101110,010011101010,111111111100,100111100110
111001110000,101011101100,111001010100,000101010011,110110010001,010011001110,101110011010,101010111110,011111011001,110110000001,111010111110,000011111111
011010001111,010011001010,110101000010,010110111100,111010111000,101000111001,101101101110,111010101001,110101001001,011111011010,001011000001,101010110111
100001011011,100011101010,011111000011,111000101111,110010000101,111001110010,010101010010,011010101010,111001001010,111100110011,001101111000,101011110111
011010001111,110011001010,000110010101,100010101111,111010001101,111111000110,101101001110,111110110110,111111011001,111000100000,110100101000,110100110011
001100101100,001011001010,000111010111,101001100101,000110100011,101110110110,000101011010,011101101001011011111100101110101010110110110001101,101011010010
000110101100,001111010101,000111010111,010100100101,101010111010,111100010110,010101101010,011010100101,111111101100,111010101110,001101111100,001001010110
110011001111,101111000100,111000101100,011100100010,100001010101,010001101010,001101011001,001110110111,001101011011,010010001011,101100111001,100111001110
111011001111,010100000101,111001011100,011000111011,000111001011,100011010000,011101011111,011010011011,000101101000,110111010100,011011110101,101010101110
011010110011,010110000101,111011011110,011001010011,000010001011,011110110100,101111010100,110100011101,001110011000,110010011011,100101001001,101010101010
111011011000,010000111011,110011110011,111001010010,110011100010,010010110110,101111011110,010010101010,110101010001,011100011101,010110111001,100010101111
1010100010011111011111011,000011010111,110110010101,101000011110,011101001010,101101110110,111010100100,100101011101,100000111010,010110101111,100110110101
000010111101,010000110010,110101001100,000101110011,010110101010,111011010001,110001010110,011010101001,111100001101,101010011010,010001110000,001010110111
010110101010,110101101011,100010001001,110001010101,101010011001,011011001010,010101110010,101010111101,100101010010,011001011001,100110111010,001010111111
110011001111,001110010011,111000101000,011000101110,101111011011,101001001001,101100101010,011010101001,000111011010,110011010010,110100010101,001011111110
111101110000,001011111111,000011010101,101101101101,101010101001,111010010101,000011101110,011011101010,011100001100,111011111011,011100011110,000010110110
110100100011,110101001101,101000001011,010101011101,010110010101,001001001010,101110110001,011010110100,010001001011,100101101010,101011111101,001101111001
010010001000,110011001111,111001101000,010100111001,101010010010,001101001010,011110010010,100010111110,101101001100,101010001100,111010100001,101010111101
010010111111,111111100001,000111010111,101001011001,110101101101,110001010010,010101011111,010100100011,110110101010,010101100111,110101111001,000111001100
011111110000,011000010110,0001010110001,00101011011,101010100001,110011010101,100101111110,110000001011,001111011100,110010011010,100101011010,101010101001
000110011111,000000110110,001011010101,100110000011,110110101011,011010010010,101111101110,011101101001,011111011101,011100001001,110101111001,101001010010
111001010010,001011111011,000101110101,110101011101,110000101100,011111010101,001110100101,111001011001,110110011100,110101101011,101100011010,000010100111
001100010011,110011001100,000101011111,110101111101,110100000001,011111001110,001111111101,011010101001,110101101110,111100101011,111111011001,101011010110
001111101000,010100001101,110010010111,110100111011,000000111010,110010010110,011111000101,011000100110,101011111100,110000100101,101101011000,111011010101
010010111111,101111100101,110100010111,111101010100,110001001101,101001010101,011001011011,011010101100,010111001101,110100011001,111011011001,000110110110
011111101000,010100100011,110101011011,000110010011,110101111010,110010001100,101110100110,110000111001,001111100100,110111011110,011001100110,111010100111
011010001111,110000001101,000011001111,011101010011,010010100010,101011101001,011111110101,011010010110,101110101000,011111011010,100110111010,001001101111
100111011111,000011111000,010101010111,110110000011,110001101000,111101111001,000111011110,010001101010,110111101100,011100011110,100110101110,001011010010
011011010111,001110110000,110111110101,111001001100,000111100011,011110010100,100111001101,1110011001100010111111111,010100100100,011100011101,101011101010
010010111100,111111101010,110011001001,101001111100,110010001101,111000111110,001101011110,111010010111,011001010100,011100101010,000111111010,000011111101
111001101000,010110001101,010101011111,100100111011,100101100001,111001010101,101100111010,101001101011,110100011110,111100001001,111111110101,111001001110
111001011010,101011101001,111110011001,001001001001,110100011101,101100001001,101000111101,110110010100,110111101100,110010010101,010111010101,001010110101
111010001000,101011111111,000010110101,110001101011,110010011010,001001001010,011111010111,010011010101,011111101100,100101001011,110111011001,001010110111
011010001111,110011001001,000111010010,011001101101,110100001011,001011001010,110111101101,011010101010,110110101000,011111011011,100111110100,101100110111
011010010111,110000011111,000101010101,110011111000,100110101010,010011110010,010111110110,111001101000,110110101000,011100011110,110010111110,101010110010
110011001011,011100010101,100100110101,110110100001,100101101100,111101001000,011101010111,011001100101,100101011101,010011101010,001011010001,100110100111
111001010110,010000101001,111011111011,0001000110110111111101000,100000110001,111100111011,000011010011,111110111100,111111100111,111000011000,111100000011
011010001110,011000101101,111010001000,010001011110,101011010010,011011010110,101001111010,010110100110,011110110011,010011011000,101010110000,101011011111
100100111010,110000101011,010100010111,110101110101,010110000101,111011010010,101110010011,011011011100,101111011100,011001010101,101100110110,001000101111
111001010010,010000111011,100110010011,111001011011,111011000100,111010101000,101110101010,110110100010,110100001000,011100100000,001011110001,101111000111
010010111100,101111110010,011011011100,100101011011,110001100010,111010010110,000111010011,011000101011,110101101100,110110011011,101000011110,001011110110
0100101111110000011101001,111011000111,011111011100,000000001011,111000011010,101011101100,110010101110,011111111100,010100001001,111001110001,000011111000
010110001110,110111101001,011001111011,101100110010,001110101010,001010110001,101011010110,001011010101,101111101100,010111101110,111111110101,000101011110
011010001111,010011001011,100100010111,011001100000,110001100011,111111001001,101111001110,011001111111,111111011000,111100101011,111100010100,011011001010
000110001100,001101101011,100011001111,010101011011,1100001110001111100000010,101111100010,111001000101,001111101110,001101110100,011010011001,110101010111
111011001000,011100001101,110101011010,010001111100,101101010010,010101001010,101100101101,010010110101,011111001001,010101010101,101011100010,101110101011
001010010101,010100010111,100111010100,011100010011,000010101011,111010010010,101011010010,001011101110,101101011100,110110011010,101101010101,001010101110
111001010110,001111101001,011110010101,110101111001,110001100000,011101010010,011101011010,110110010100,110111101000,010011101010,100111110101,011001110110
000010011101,010000110110,110101000100,010101110001,010111001001,110001001011,110111010000,011010011010,110111001000,110010010100,110001001110,011100100101
000010110011,101100101101,110101001000,011001011011,010110001001,101010110110,010100101110,011110100010,001111100010,111010001000,100101110100,100011111101
010110101110,011101101010,000011001010,110100100101,100100011011,101001001110,001111010001,011010100011,110101101010,110101001010,100111001101,000110110011
110100001111,101010001001,111010100011,011111011010,101101100100,001001001010,101101010011,011110100101,000011111011,000011101010,111011010001,110111001111
011010001111,110011001010,111000001100,010101111111,110010011010,001101001011,101101111110,001110101001,111100111001,010110000100,100011110000,001010110001
111001110000,011001011101,100011110000,010100111010,010100101001,101111000100,001011010101,011000100110,110011011000,110101000101,010110110010,100111001011
010010001111,101011010101,100011001010,011101011011,000100001001,001101010010,111101101110,111010000010,000100111010,110101011000,111011010101,000110100110
010110100011,011011101001,100011110111,110101000010,110100011001,011001010101,101111010101,011000111111,010010011110,001101110111,110011011100,011011010111
100100110011,010011001011,011011000110,010101110001,1001000010110010111010011,101111111111,001000111100,100111011100,111100011011,100011011001,101011011100101011011100101110101100100,1011,110100,101,110000001000,1110101,01101,0001111101,00100,10111001101001111110011011001010001,010100110101100,1,0,0110,0010,01011010111001100101001,1,10010,10001,11100,1011100001,1110101,001,10100011111101,10,11100,
110100100011,110101001101,101010000011,011010111100,101001010101,011001001010,011101010001,011010101100,001011011010,011101101010,100111100101,000110111011
1011100010011101011011011,001001010011,111100100101,010110101010,011100010101,011101111111,011010100111,101111011000,011101011010,101110010110,000010111101
010110101110,110100101011,011011000011,011001011011,110110101001,101011001011,101111011010,001010111110,111011010011,011101100111,111110111101,000101010111
111011001110,001110110001,101001111101,111100011011,100001001001,111001010010,011110101111,100110111111,100101101100,111111100011,101101000001,111011000110
011010001111,001011110001,000111010111,111100100000,100100101101,111001010001,001011100110,011000110011,110101101000,110011011110,100101000110,111100100110
110100100011,110101001101,011001011011,111000111011,110110000101,100111010100,001110010010,001101101110,110111010011,111101101010,111110011101,111001001110
110100100011,010111101001,011010101100,010001011101,100101011010,001001000101,100110110001,011000110101,101111101010,101001101011,100111010101,000101011011
111010001000,011000111011,101010011000,010101011001,100011011010,100100101011,001010101101,011010110101,100100101010,010110000101,100111110001,000100100101
110011011010,111100111011,110011110001,111000001010,110011000101,111010110101,001110110110,011110101000,010101110010,110000001110,101111011111,100001101011
000111110001,110111000010,110101010111,101110001011,110110010001,111110010100,101111011110,111011001001,001111101110,101100111011,011101111000,10101111011011,010101101100101001011100,1100,0010000011,101001001100,1111101,1110101110111100,00000100,11101101011101010011111000010001,100110010101111,0,0,1110,10,0,1101110,110001101101001,0,10100,10001,01010,1001010000,1011001,101,10000011111110,00,101,01
000111110111,110000001001,110110010111,110101011010,110111101001,111100010100,101010111010,011111010110,001110101110,011100101001,111111111001,100101010011
100010011111,010011000100,010101010111,011100010011,110001100101,110010010010,101111011110,111100101001,110111001000,110010011001,110100111001,101101010111
1010100011011010010011011,100101000010,011101011011,010110001010,101011001011,101101111110,011010101001,101101001100,001111010100,111011010101,111010110001
000110010011,110010001100,111011000111,100101011011,010110000001,011110010110,110111101110,110001100011,111111110110,111100111011,111011111000,100011000001
101010001000,011000111111,001100011011,110000110101,110010111010,101101001011,011010100101,010010101101,101100101100,010001001101,101111000001,000010100111
011010110000,010101111110,100101011011,101101000000,010110101100,111011000110,010111010110,111010100001,110100010001,110010011101,100100111110,000010111011
010110101110,111000101001,110011101001,011101011001,011011100100,001001010010,101101010110,111010101010,010010111101,100011101000,111010010110,100110100111
111010111110,010001110010,010101001111,011110111011,101000100101,111011110010,000111101010,011010101011,111110010000,110011010011,001101011110,101011010011
010111100000,101110001111,000010110011,111100000101,101010011011,010101001101,010101010111,011001000110,010001100101,010010101011,111110010100,111010110001
011011001101,010001010101,000101011011,101010101011,010100101011,111111010001,001111000110,011001101000,101101011100,111000111100,101101011111,101100110110
001100010111,001011001100,000101010111,100011100011,010110100011,111110010001,100111010011,01000110100101101111111001111010000001,110100011001,101011000110
110100100011,110101001101,110010000010,010001011010,101101011000,011001001000,011001010101,011010101100,000111011010,010101001010,100111101101,000110111011
111001010110,101011011111,001001100100,110101101011,010110000001,101111110001,101011010101,011010101111,100100011000,110100011011,101111010101,100010110010
011010110011,110011110010,100111000111,001111110100,011010000101,111110101101,000111001111,011110100110,101100101001,111010001011,101011011010,010010110011
011010001111,110010001101,100101001111,010101100000,111100011000,010100101011,100111110101,011110100110,110111010100,111100010101,100011000110,001100110001
010110101110,011001101000,000010011111,010010110011,110101010101,111010000100,001101010110,011101110101,110110010010,010111101011,110100011000,101100100101
110100100011,010111010001,101011100100,011
011111100000,110000001111,000101010111,110100011010,101010101101,111010010101,101101001101,011011100110,101111101100,101000101011,010101110101,001101010111
010111001111,110011000101,100001011111,100110011010,000110100100,111011001010,010101010101,011010010101,100111011100,011101011011,101100010010,001101010011
010111001111,110100000101,000011011110,100100110011,100110000101,111111010010,101011110010,101010010011,100110101110,011100011111,111101111000,111100100111
111010101000,011001111010,001111001011,110000010111,101011100100,111001000101,001111001110,111010010101,101101010010,010011011010,001001111101,101101010101
010110101011,110111001001,100010001110,110001011101,010010010001,011101001010,101111010101,010010111001,100110110010,110110001010,100111010001,010110100111
1101001010001001011101000,111011101100,000101011101,010101001001,011001001010,101111001011,011011001100,010111111010,101100001001,111011001001,100111001111
000110010100,010100110011,111001001101,011000111010,110011100101,101110110010,101110100010,101010100010,100101011101,110100011101,010101111101,101001011010
011111001100,101000011111,000010001111,111110111100,100001111010,011001110001,011011111001,010010101010,001101100000,100010111011,011010011001,101010110001
000111011111,100010010100,101011010101,101111011010,110001111000,110011010101,001011101110,010110101111,010101100101,110000011000,011101101110,101011110110
111011011110,101100111011,111001000101,101001011011,110000101100,111001100101,001111010110,001110100111,011110011101,010010001110,111001111001,110000111110
111001010011,001011111001,000111110100,110001100101,100110001011,1011110010010110100101011,010010101011,101011101000,011100011111,111110010010,001010000011
101010001101,010011001011,100100001100,010101110011,101100101010,101111001011,111001110110,011001111000,111111101000,111100010100,111011100101,101010110001
000110010011,110110001101,111000001111,101101010010,110010001010,101001010110,101111101101,011010101110,010100101100,011100000101,101101000110,001011111111
101001110111,001101001100,010101010101,110101011101,100100100011,110011010100,001111011011,011000100110,001101110110,011011001011,101100011001,100010101000
101010001101,010011001011,000100110111,110100100001,101010101110,111111001011,111001000110,011010111000,101101011100,111100111110,110011010001,101010101101
011011001101,001111010100,110000001101,100001111011,110001100010,111101000100,100101011010,111101010001,001010011110,110011101001,111100011111,111011000110
011111100000,110001101011,100011010011,000100111001,110100111010,010010001101,111011110111,010010101010,110100101000,011000101111,010101010110,100110100111
000110011111,100011101010,101111000101,100111000010,110101101100,111001011010,001011011110,011100101100,111001101011,011100101010,101011111001,000011101011
010010001000,110100111110,010011001010,010000111011,100011011000,010111101010,011111010001,011010101101,100101011010,010110011100,101111111100,000010100111
000111110111,110000001110,000101110110,010101010011,010110001010,111110010101,110111011001,010011101010,110110101100,101100011001,111010111010,001011010111
100010011111,010011000010,110101000100,010101010011,1001100000101111110110010,101001101110,010100101110,100111011010,010110011001,111100111001,000101010000
000111101111,001101000100,000111010111,110110100010,110100101011,011110010100,000111010011,011010100111,101101001000,111011101010,110000011000,101011010101
000110001100,001100011011,10001100110010001101100101001110111010,100110010010,101101110110,010001101010,110111101010,101111011100,101001111000,001011010110
110100100011,111001001111,000011100111,110111010100,110101100101,101001001010,101100101001,011010110101,000110111010,010001100101,100110110110,101110100101
111011011000,101000011111,1101100100101011101001101,101011101010,101010000110,101101011001,011010100101,101110101110,011100011010,010110100101,000011110111
000111100111,001111000011,100011010111,111110100000,100100101011,110010010100,000011110111,011000100111,000111101110,010100001011,101100110110,101111000100
011010001111,010011001000,111001001111,011000111100,100001001110,110111001000,001111111110,101111101001,111001101001,111111000001,100110000111,101010111111
010110101110,111000101011,000001110111,110100100101,110110010100,001011001110,100101010110,011011010101,100111101000,010011101010,110110000101,101010110111
010111001111,111110000001,000001111111,110110101000,110110011001,101011001001,101010110110,111001100111,100101010010,010010010110,101011000111,101010101111
011111100000,011000111111,100011010011,110000111100,101101010001,110010110101,000011111110,111010100110,000111101110,011100101001,010110011111,111110100101
011111000000,011000111111,100001011011,110100011001,101001101000,011011010001,001100011101,011010101011,100100001000,110011110101,101111010101,101110000111
101001110110,010001101101,011011011001,001001010111,101110010101,010011010101,001001011010,101100111011,110111001001,110100011001,110111011101,111011001101
000111010111,111101100010,000111100101,100011100010,101001101101,011110110101,000101001111,010101101011,101101011100,110100101011,101101011110,11101100111100101010100110011101,10110110101,11010000110110000001010,10,111101101001101010101,10,11010001100100011110010101101011010001,101010010101010,1,110110,10,1,0011110,0,1001110101001,1,10111,10001011010,1010110000,1010100,101,001100111100,0,01010100,
011010001111,010010001011,111001000011,011000011011,010010101010,110110110011,110101110110,010000100001,111101010110,011111010111,111011110001,101011001100
111001010000,101010011110,111101111010,001101010010,010111001010,011010001010,001011010111,111010100110,010110110111,110110000101,101010111110,100010111111
011111011100,101000110110,100011110001,101111001011,100001011101,011010010100,000111011110,111110101011,010101011001,010100000101,001011011110,101010110010
100100110010,110011001010,010100000110,010001100101,101010000101,011011110011,001111011110,011010100100,101111011010,110100010101,110100111001,101001011111
101010001101,010011001011,100101000011,111000101011,0100100010101111011010010,011111110110,011001101001,100111011100,111111111111,111011110101,001100010100
111101100001,101011110011,111010010101,111110100100,100001011010,010101010101,100110111011,0101010110100110110101000,010101010010,110100110110,101011000111
000110011111,010000110010,110101010111,101110100000,110101101010,111001010010,101111010011,011011101001,000111100100,011100100101,010101110110,001001101011
010010111111,110111100001,111011010110,011001011010,110111101001,011100010010,001111011101,011010011100,000111101010,010110011001,111100010000,001111101001
110101100011,001111101001,100011101100,010001011010,100101101101,100011001001,011111011110,111001101001,000111111010,111100001100,101011010001,000110111101
000010011101,010000110110,110101001100,010001110011,110101101001,111011000000,001111010111,011110101000,100101001000,010010011010,000101111001,001101010111
000110010000,110101101010,110101001011,101100011011,110000101101,101010110110,101001110110,111110100101,110001010001,111100101001,001101011110,101011010111
101010010111,101011010110,010101010111,111101010010,100010101011,111010010110,100011010010,010010100010,110111001101,110010011011,110101011010,110010110010
011010010011,100111010110,101001010111,100111010000,110101101100,010001110010,000111001010,011110101110,110110111001,110010011011,101101011110,100010111010
111001011010,001010111011,000110011010,111001110011,100110001011,011101010101,101011011001,011010101011,101110011000,110000000101,110100111001,111011000101
011010010111,110011110010,100111010111,111001111000,111000101100,010011000110,100111011101,011001010011,110001110100,111011010101,101101101010,101100110001
011010001001,110011110010,100110010000,011101011111,010010011010,011011001001,101101010101,011010111100,101000111001,011110011101,111010110001,001000110011
111011011100,101011011011,111011010111,000001010101,111000111100,011001010010,101100100110,111100100011,111111101010,011100011000,000101111001,100011110011
100101011011,110011101000,000110111010,010001010001,110110000101,111001001010,101011010010,101110010111,100111001010,110100010110,100100110001,111001101011
011011010100,101011101110,100111110101,0001110110100010010011100,111010001100,010111001111,100010101011,111101011100,111100110111,101101011010,101011110111
1100110111110110111000101,111001100011,101100101010,101011101100,101010110010,101011010101,111110100001,010101101110,010010101010
101010001101,010011011010,111000001111,011000111101,110001101110,001101001011,101001111010,011001011011,101011011001,110010010101,110111100000,101010110011
110011001111,101111000100,110100001100,011101011110,100101100010,101101000100,101101011011,010110100101,001111110011,010101101011,111010110001,000111110110
011111110000,011000110010,100101011011,001111010011,010010100101,110010010101,000111011101,101110100011,101100011100,111011101010,001100011010,101011000111
111001011010,101001011011,111110011010,000001010010,101010011011,100101010101,011111011001,010010101110,011001111000,110010011001,001011000001,010011111111
111001010110,010000001101,111001110011,011001010011,110001001011,101000010010,110101011010,011101101011,001100101000,111110011010,001101010110,001011100010
001101100001,100011001101,001010001111,100010111001,101010101101,110110110010,100111001011,0111001110010101110101100,111100001011,111100011001,001101010111
101001110111,001101010100,010101010011,111001010101,101011100111,101001010000,001111001010,111010101001,101011101001,111010011010,010100111110,101010101110
001111101001,101000010110,110101011101,100100010001,100101101101,110001000101,000100111111,001001100111,100111011101,111010101011,101101011011,100001011001
110100100000,101011101011,101010001001,010111010101,101101100100,101001000100,010111010011,011000101101,010100111010,001011101011,111011110100,000111010011
111001110000,011001001101,011011001011,111101001001,101010011001,011101001010,001100110100,111010100011,110110100101,110011101001,011001000010,101111100110
111011010110,010000111111,111101010101,101100000011,110011101010,111000000010,001011010110,111110100101,110111100000,000010111010,100111010110,100011101010
011010010111,010011100010,111101010000,001111010011,000010000011,111010110110,101101101110,110100111111,101101011000,110110001010,101000010110,101011111001
010010111010,001110111110,111011001010,100001011101,011110001010,001010111010,000111101010,101010111111,010111000110,001110001001,111101010110,001010111001
101010011101,001011010110,111001001100,001001011101,001110101011,111001000010,101000111110,111110001001,010100011001,010010100101,100001101001,101010110111
001111010101,101111100000,000111110101,100111001100,110001101101,110110011101,000111001111,011001101001,100111101100,111101101011,111101011000,100011110110
111011011100,001100101000,011010010101,111011010011,010011100011,111110111000,100101001011,0100010011010111110011111,111100100101,111111011001,100011000101
1010011100011010011001100,100101100011,111001010010,101001101100,111010110100,001111010010,111000100100,101111011001,011100101001,101001000101,001011111110
100101011011,000011110011,001001110111,101001001001,010110101011,111101010001,101010011110,111001101111,101001011110,1101000011110,11100011110,100110101100
110010101010,011001101011,100011101001,110100101010,101010011010,010101001011,000010110110,100011111110,111101001000,101110001001,100111001110,111010100001
000101011011,110011101000,000110110111,111000101101,100100010101,110011110110,001111010010,110101010101,111011011010,111100101011,010111111001,101001010111
000110001100,101011010100,110011000101,1000101001001001010101010,111010010010,001101010110,111001101010,100111011101,111010101011,111001011001,101010110010
000110010011,110010001100,110100100010,010111011011,110001111010,001101001010,101111010100,011010101010,010101001001,101100001110,001001011100,101010110011
100101011011,010000001001,010110110011,101001101100,101001101101,111001010010,011111000110,001001110111,101011011111,111100110111,111100011101,101001010110
111011011110,010000110111,111011010100,010101010011,110010000011,011010110011,001111010110,111010100111,110110001001,011011000111,010101011001,001101110101
0100101111110101111010101,011001001110,111101010001,000110001011,101101110010,101010010110,011010001111,000011010101,010010010100,010101111101,000011110110
111001010110,001111111011,011101110101,110100011001,110000001011,101101110001,010000110110,111110100101,100111101000,110100010110,110111010110,101011110110
011010001111,101010001101,000101010111,111101110011,110010001001,111101010001,101011111010,111000101111,100100011000,110111000110,101011010111,100111001110
111001110000,101011101110,101101110010,001001011010,110010011101,010010101100,101101011010,011010101011,000101011001,010010011011,011010010010,111011110111
111001110000,011001101101,000101101011,100001111011,101110010001,111011010101,101010101010,100100111111,010100010010,011011111011,111011110001,001011000101
000110010011,010011110010,000101010111,110110100001,110000101010,111111010110,010111101111,001001100111,100110101000,011100010111,101011111001,111011011110
110000110010,010001101101,111010001001,010001011110,101101010101,101011001010,010110101001,010100010101,110111100010,010101100010,010100000010,101101011101
110001110011,110111101000,111110001000,000001110111,110001011100,011001101000,001011011110,101110100111,001011010010,010110001110,111011010001,100010110011
000110010000,110110001111,111001001010,011100011011,110011101100,111010010010,101111010000,111011101010,001001011010,111100011100,000011110000,001010100101
011010001001,011000111101,000011010001,111001010001,010010101100,110111000110,001100110110,011001011001,100101100100,011010111011,100111100110,001010101101
000111110110,110100101011,010100111101,110101011010,110101101010,101110110110,100111001010,110010011011,111111101110,101100001000,011111011101,110001010101
110101101000,001011101011,011010101001,111000100101,010011100101,101001010101,100110110001,010110110110,101001011110,010011100010,111010101101,111011001101
000010111001,010011010100,100101100111,110001100010,110110100100,111010110101,100111010110,101001101001,000111011100,111100111011,111101011110,110010100110
111011010110,110000111011,111011111101,100000011101,110110101010,101001001010,011010111101,100011101110,111111111011,001100011110,101111001001,101000101011
010111111000,111111100000,011110011011,101100110011,110000001101,100111010101,101111011100,011100101011,101010011101,001101010101,110100011110,110011100101
100101011011,000000111011,100110000111,111101000011,100100001101,111001010010,110101010110,110101101110,001011011010,011100010010,111010111101,100110101010
111100010010,101011011111,111010101010,000101011101,011110001010,101011010110,010101111011,010100101011,010101101010,110100001001,101011010001,101010111011
1010100011011001000001111,011011001011,111100110000,010101101110,001111001010,011110100010,010101100111,100111011110,010011011010,110110100110,110010110000
010110101010,110100101101,110001001011,111000011011,110101101001,010011001010,011110110110,101010110010,101101011010,101001101001,100111011111,111010101110
100100011010,110100101001,010111001111,110100011011,110110111000,101011010000,011011001011,001011011010,110111101110,101100001101,111111011000,101001011100
111001010110,010001101011,111111001000,010001010001,101101001011,101101010001,111100110001,011010101110,110100101000,110100011100,001110110101,001010100011
101010010111,010011010100,011101010110,011001010011,010110100010,111111110001,101010110110,011100101111,100101100000,111110011010,100100111101,100010110010
111001110000,011001101101,111010001000,010001011111,101100011010,010101001100,101110101001,011010100110,011010101110,001101011101,111011110001,001011010101
110100100011,110101001100,011010001101,010110110101,100100110101,101001001010,000011010010,111010100100,111001011010,100101001110,100111101101,100101011111
0100101111110110111101001,111111000110,011101000010,100100001011,111001011010,001111011110,101011010010,001111111110,000111010010,100011110100,000010010001
011010001111,010011001011,000101011010,011100100011,100100101011,111111110001,101011011110,001000111111,101110011100,111111000100,000111010101,101000101110
100101100011,101111101001,110010101000,001001010010,101101001101,010101010100,101111010111,011010101110,001011011010,110101011011,100110110101,000101100110
111101100001,100101001101,011001011011,100110110011,101010101010,010100110010,101011010110,101011011011,001101101110,011100011100,101011011111,111000101101
101010001101,010011011011,100101000111,010110110001,110001101100,111001010011,101110110101,011011101000,100111101100,110000010110,101111110101,001110101110
000111111001,101100110100,1101010101101,00001010011,100110011010,010010010101,001011011111,011101100111,001110010110,101100010101,111010011010,101011000101
011111101000,101000101110,110011000011,100101011011,110001100010,011010010110,000101011100,001001100110,001110111111,011100101011,101101010010,101010101011
000110010010,110000101110,100101011001,101101011011,110110011010,010010010110,101011011010,010101011010,110101101010,011100100101,001011111110,100011111011
011010011110,010000110011,100011010101,110101011011,010111101000,111011010101,101101110110,011001101010,110101011101,101100111100,110001010101,101010100101
010010010011,110111101000,111111000010,001101010011,110000001110,101001111111,010111011100,001100110011,001011101100,011110001110,111111110000,000010111111
111011001001,110100010100,101100010011,101111011011,110010011010,110011001001,101111010110,111100100111,001011011111,010000011110,000010110101,101010101101
101110001111,001011011011,101001010110,010101110001,000110101011,101101100011,101101110110,011010101001,100100101000,010011010110,000011110101,001010110101
101010000111,010011001101,000110010111,110100110000,010110101110,111111001010,111001010110,101010111110,100111001010,110100011011,110100100101,101010110111
100010011111,110100000101,111000011000,011101010001,101010001011,101010101010,101110110101,101100110011,110100111100,111110000100,111010110001,100001011111
000110001100,101000111011,110011001101,0111001001001001010111010,101001010010,110100110010,010100101010,110101011010,101010001110,111011100110,000010111001
010110100011,110111101001,100011110010,010101010101,100100011010,000011010110,101111010111,011010101010,010110100000,111110001011,110111010000,001001011011
011010001000,011000111111,000010011010,010001111011,101110011000,011111000101,001111010111,011010111010,100110011000,010010011011,100100110101,001101010011
111011101000,011001011101,110001010011,100101011100,100110100010,101011001010,111010111101,011101101000,100100101100,110011011010,101010001001,101010100001
101010001101,010000011011,100100001001,111000111001,110010101100,010111010011,111101010110,011011110001,101011101110,101100011010,110011100101,100010101110
011010001111,010011001011,000101011110,000110111000,101010101011,111011001001,101101110110,111001111101,100110001100,111110011110,100111110101,101100100100
100100111010,001001001010,000111001011,101010100101,110100100100,111101010010,000111001011,000111100101,101110001101,111010101011,011110011101,110010010101
011010001110,010000101110,110101001011,010110011111,110001000010,111000110110,101101011010,111110100110,000110001110,011011011000,111011111110,000011110111
1010100011011001011011010,110111000100,010001110101,110001110010,101001001011,101101110110,111001101001,110111011101,010100011110,110011110001,001010110111
011010011111,010011010011,100101010111,111101100000,100010001011,111000110011,010101110011,011001101110,100101000100,010110011011,101101011010,011010101110
110011001111,101111000101,110001100011,101001010010,011010101011,101101010010,010100101111,011000101101,000110100010,111111101001,111100000110,011011000001
110100101001,110101001001,011011011010,011000111101,101010011010,011011001010,001110110000,011100101101,101011101011,011101100110,111010100001,100101010101
011010001001,010010011100,000010011111,110100011011,110010111010,101011000111,001101011010,011101111101,001100101101,111100011011,101100011101,101000100111
111001011000,101010011011,001011111100,111001010011,110010001011,101010010100,001111010011,001100011011,101101111100,011110011101,101111010000,110010100011
011101110000,101001011010,000111001011,100101010101,101010101101,110010100101,000100111110,111010100010,110111011000,001010101011,010101111110,101010110001
000010111101,100101010100
110011001010,110100011111,100011000010,010000011010,101010111011,101111000101,101101101001,011010101001,001111101001,010101001001,011011010000,101110101111
010111100000,101111101001,000011101101,110001001101,100110011000,001010110101,001111001111,010010101011,110110011100,011010100101,001111011000,101100100111
101010010101,001011010110,1010010011001,00101010011,001110101010,001111010110,001111110111,011100000111,010111110000,111010001001,111000011001,000010111110
100010011010,110100110010,011100011100,010110110010,010110110100,111010010011,101011010010,011010110101,101101111010,010100011000,100100010101,101001101111
000011101101,100011010100,100110001101,101010010011,110100001101,111001001100,110111010010,110001101010,110111011010,001100101011,111011011101,100101010110
010111100000,111111101000,110110101101,110000100101,110101010101,101011000100,001111011011,010010101011,001011101110,101101101011,011011011001,001010110111
011111001000,010000111110,100101011011,101000111101,010110101010,110011000110,000101011110,111001101000,110111011101,110010011010,101001110110,101000100111
111001010110,001100101011,1101111110010000111011010,110110001010,100101010110,111100010110,110011000110,011110010111,001100111000,011011010110,10101111101001101001010001110001,0011011001111101001111,100011010000,10,1010,0111010101111001,00000,10,01011101001011010011011010010,01,111010111011100,1,0,0010,00,0,0101110,0,1001101110011,1,00011,01000,10110,0001011000,0111000,101,10100101111101101,1011,1
111011011000,010000111110,111101001101,111111010011,110001100010,011101000110,101110011001,111011000110,110110111100,111100101001,111111110001,100011101110
100100111010,001101001010,000101010111,1101101001001010110101011,111001010010,100111010110,011010101000,110110011110,111100001011,101100111001,100011011010
011010001111,111010101010,111001000011,011000111101,111001011100,001101101000,010100110110,101110010111,011111010110,111111001000,100111001100,110010110101
1010100011011010011011010,011101000111,010110011001,110010110010,111001101011,101101001010,111010100101,101110101110,110100011010,000101011010,100011010001
010010111100,001111111000,010111000111,011001110011,110001101101,100010110110,000111001110,101110100111,110001111100,110011101011,100111110100,000001110110
101111110001,110011010100,111011011101,100110010100,111001101100,011010000110,010111101101,011010011001,101101101101,111010101010,011010111011,101011010101
011111100000,101001111011,0000110011101010101110101,000110111001,010011010101,100100100100,111010100100,111111111010,101101010100,010110110101,100010110111
000010111011,101110101000,110011000011,011001001101,001000011101,111001010100,000111001110,101111101010,010101011001,111010011001,111100001110,001010110110
111001001110,010001101011,000111110011,110000101011,110110100010,101111010001,101110110001,011001101001,100100001100,011000000011,101111110101,101010001101
101010001101,010010011000,010111000110,011110100110,010111101010,111111001000,101111110001,011010101000,011111111100,110100001011,100111111001,000011010010
000111111001,010100010101,110101010001,111100110010,100110100101,111110110100,001011010111,011001100101,100111011100,010010001011,101101011001,001010101010
011010001000,100011011111,101001011101,010001011101,101110001010,101110010101,111110110110,011011000010,010101001001,011111110111,111011111101,001000110111
0100101111110010011110011,100111010111,011001100001,110000001011,110011010101,101101011111,011011101110,110110011100,110100011001,110101011000,001011010100
001100101100,101001001001,111011000011,010101011101,111000101001,101100010110,000001110110,011001111010,010101111101,111011000111,111010010100,100010110111
110011011011,110100011100,111101100011,101011001110,110011101010,011001111110,000011011110,101110100111,010100011100,110110001010,101110111111,100010100001
111010001000,011000111110,011101010101,110100111101,111011101000,111011000010,101101011011,011010100111,100101101101,010100101011,101110011101,000111010111
111001010010,010001011101,010110010011,111101011011,100010001011,101111010101,010101010111,010010100111,100100100100,011100010111,101101010101,110011101110
100010111111,010011010010,010101000011,101110100001,110001101101,101111110010,100111010110,001110101001,100111010010,010010101011,100100111101,101111000111
011111101000,101000101110,000011011101,100111011101,100100100010,101011000110,001111010001,011010101001,1111101011010101010101011,110011011101,101011000111
110011011010,111100111000,110011110001,101111000010,111001100100,1110111101100001101011110,111010100111,011001010111,011100010100,100111111001,001011110001
111001110110,010101100011,111010011101,010001011011,010110000110,011100110100,101110110010,101010001011,000100101101,001111011010,101001110110,001001100011
000010111100,011100101010,010111001101,100101010011,110101100101,111010010101,001101101110,110001101010,110111011001,010011101011,110000011001,100101000101
011111110000,100011111100,110100001011,011111011101,010000101100,110000111110,010110011100,101100011011,110000101000,111110010010,001100001010,001011100101
010010111010,001111010110,000101011111,110111000011,101010001000,101111010100,101101001111,101010010011,110101101100,111100011011,101110001001,001011011110
011010001001,011010111100,111001001011,110100010111,111100011000,001101001001,001111010010,001010100111,110111011001,110011101001,110011000001,101001011111
011010010111,010011110000,011111011111,111111010000,100001101100,011000110011,100111010110,011010101111,100101011100,110100001010,000100011110,101011101001
001010010101,010111010010,100101010110,001101110000,010010101100,100010110011,101101011110,111100101001,100101011100,111110001010,100101111111,000010110100
111101110000,001011011111,111010011001,111001011011,101010000011,111100110100,010111010110,110010100110,001111101110,011010011010,011011010001,100010100010
101100111111,010011001100,011101010110,010101111101,010100001011,111111111010,100111011000,001000100011,111111110010,111110000011,110111111101,101001011010
011010001111,110000001101,111010001001,011101010011,010110011100,101101011010,100101010110,101111011110,010111101110,000110011010,110011110101,010011010001
1100110111110110111100001,111100000011,101100111001,110001101101,111001001011,101001010110,111010010100,010101010110,110011111110,100100110000,000010101111
000110001100,101000111010,110010000101,100101010111,101000011010,111010010110,001101101010,011100101010,010111111100,101110101011,011000011110,101000100101
111001110000,001001011111,000110010101,100101101011,010110101001,111111000001,001011011011,010001100110,101111110100,110100001010,101011010101,110010101110
010111001111,101111100000,011001111100,011110110010,100001001010,110111011001,100101011011,001101100110,110101010110,110111101010,110100011010,100111001111
100100111011,010001001010,000111010111,100110100100,110110100101,111110000100,101111010010,110110100110,101101011010,110100011000,101100111101,110101010100
101010010011,111010011100,100101010010,110001010111,101011001010,011010010110,001111111101,011010101011,101101101000,010100011011,101011011010,001010110101
111011011110,010000010111,100101001111,110110111011,100001101000,111111000011,001111010111,010001100110,101010010000,110111100101,101100111001,101111000010
010111100110,010111101001,111000001101,110100111101,100001000101,101101001010,110011011110,111010011010,110010011010,110011100010,110100000101,101010100111
100101011011,100011101100,010111000010,010001011111,110100000101,010011011010,001111011010,111010101111,110110011001,111100001011,010111011101,001011010110
000010100101,001111010100,100111000100,011011110011,010100101001,110011010100,100111010110,111101100110,010111001100,011100001011,111001100101,100111001110
000010111111,001100100101,010100010101,111011100011,100010001011,111010110100,001011101010,111100101010,110101011000,010011101011,110100111001,101011011110
010110001110,011000011101,100001001011,110100011011,110111101000,001001010010,101001010110,111010011110,011011011101,001111111000,110011000101,010110101001
010111101110,001111001001,111001101101,100111001100,110001011001,101001010010,100100101110,111000101111,000111111110,011100001010,111011000110,000111111010
100011011111,010100011000,011100011000,010000110011,110111111100,001011101000,001111001110,011110101010,100101011010,110000010010,000100111100,101111101111
000111110001,110100010100,111101010111,100100110011,110010001010,111010010101,001111011111,011001101011,001110101110,110000101011,101101001111,000011100110
011111101100,010100100011,110101011101,000100111101,010110110010,110010010110,011101111111,010010101001,110101011100,100110000110,010011010110,100010101111
111010001000,110100010111,101100000111,111000110011,100010011001,010111101010,111010110110,111011011111,101100010010,011000110110,111011100001,101010100101
011010001111,101010011101,111001000000,010101010011,110101101000,101001001000,001011110101,011000110110,010111101000,010011011010,100111110001,000111111010
000110001100,111001001010,000011000111,010100110011,110101111100,111011010101,001111010101,011001111000,110110011100,101100001011,101101011001,111010100111
101010001101,110011011011,100101000111,011001111011,110000101010,111001001011,111001110101,010101101110,001000111000,111110001011,101011100110,001010101111
111001010110,011100001001,110110000011,110111011000,101101100001,111101000010,111100100001,110010111011,000111100110,110000011101,111011110001,100111000010
010110101110,111011010101,100001101011,1111000100101011101101000,011111110110,101001111010,111000100010,110110011011,110011101010,110100010110,100111000111
101010001111,010011011010,100100001011,100110011011,111010101010,110111001011,101101011110,011010011000,000110110101,011100111101,111111111001,101010010111
101110001111,001010000101,1101000101001011101110011,000011101010,011101001010,111101010110,011010100111,001110100100,100011001111,110010100101,000110101010
110100100010,101001101101,101010110010,010001011100,001010010101,001001001010,011101010001,001010111110,000111011110,101101100101,111011010001,100101011111
100100110011,110011001010,111010001011,101010011101,110100001101,101011011010,001011010110,101110101011,001011001010,010100011110,111011100101,001011011001
111000110011,010011101001,111110001111,111101011100,000010000101,111101010100,110111011011,011101001010,100010111100,110100001001,111011101010,001010101001
1000110111101010100110010,010111010001,101010101001,101001100101,111111110000,000111001110,011010100011,101001011101,010000100011,010101010110,101111000110
011111010000,110000011110,100111010011,100111010101,110101001100,011110001101,001011010101,111010001010,101101101101,011100010101,011011111101,101010100101
111000110010,101011001110,001111110010,111101101010,101010001011,100011111101,101011001010,100010100111,110111010001,010100011011,101110010010,101010111100
000101011010,110000110010,000111101011,101010101010,010110101100,111011110010,101111011010,001000111001,111101011101,111100111011,101111011001,111001100100
111001110110,010001111011,010101011101,101101111001,110110000001,111111010001,110011011010,110111011010,100111011100,010100010101,010111111110,001010100101
111001010110,010000101011,111111001001,0101000111110101111100000,101100110001,101100111110,111000010010,110111101001,111100100011,000100110110,111000101101
011111110000,110000010110,1001010110101,00011010011,101010001010,111010101101,001111010110,110100101010,101011011001,010010011010,100101010110,000110111111
010110101110,111000101011,100011001001,110101011000,111101101010,001011000110,010111011010,101001001010,110101111010,110011101010,100101110100,000101010011
001100010101,110111001100,000100011110,010101111101,011010001010,111010010110,100111011001,011110100010,001100111100,011110011011,101110111101,001010110101
101010001101,101011011100,111001001100,010101011111,010110010010,011101010110,111101110001,011000101011,110110101010,111100100011,100010111001,000010111111
001100010101,111000001000,011111010010,000101010011,011010011100,010001011010,001101010111,011110101000,100101111100,010010101011,100101011010,110011011001
111101011000,001011010111,111010011001,101101010101,101010000010,111010110101,010100111110,111001010100,011101101110,101100011010,011000110010,101011110101
001101100011,010001001101,000101110111,110000100101,100110101011,011111010100,100111010010,011001110010,111110011010,011000011010,111111011101,111001010110
010111100000,011111001001,000011110111,110100100101,100101101101,111010000100,100101010111,001001101010,010110010100,101011011011,000010011100,110101000101
000010111100,110110010010,110111001101,010010111011,100001111010,111000010110,001011010011,011010101010,110100101100,110110101011,001100100110,110010101111
0100101111100011110001011,111011001100,011001011110,110001000011,101101010110,010111010001,010110101111,001110111100,111110010001,111010011010,101011001110
000111010111,001111110011,000101110011,111000101010,100110101011,111010110001,100111001110,011000101101,100110011100,110100011011,011100011001,101011001010
0100101111100110111101010,111100001101,101101010011,110001010101,110101001010,101111011001,111010011011,111011111110,100100100011,111000011001,100011110011
111101100001,101011110010,111011010101,110111001010,110001011101,110011011000,000111011000,111001100100,110111011100,110101110111,101010011110,101110100101
111001011000,010000111010,111111000101,100111011011,100001010010,011011000111,101101011010,110110101011,010101111100,010100011010,001001111110,101011110011
111011000111,010100000101,110100000110,011100111011,100000111011,101101000010,111101010011,010011110110,101110101000,110111000011,101010110001,001001101000
111000101000,101010111001,101010011011,111001011101,010010011010,000101010101,110110110001,0110100111110100100110101,011010011011,101011010101,001010110101
011111110000,110000010110,100101011011,100011011011,110101000010,111010100101,001110110110,111000011011,010111010101,111100101001,011001011011,100010100111
111001011000,101011011011,111101001100,010100111000,010101001001,101001001001,101110110111,110011101010,010010010100,110010001101,111101110000,101110100001
010010111011,110111100000,111011010100,101001010011,100111001011,001111010100,101111011110,111100011111,001111011110,010110001001,110101111000,111011100110
011001110110,101011010111,110011010101,111101011001,100000001011,111100010010,010011011010,111000101011,001110111000,110100101001,101000011010,000011111110
011010010111,110011110100,111111000100,001110110011,010110000011,111001100110,001111001100,101010110110,110110110010,010110001011,100101111001,001101110111
111011001110,010000001111,111010001011,010111011111,110001110010,001000110110,111001111000,011110101010,110001101010,010011010010,010011110001,101010111001
000110011111,110010000100,111011010011,101110010010,001110001010,011010110110,101111011110,101101011111,011100101011,111100011011,101110011110,110011111000
111011010110,110000001111,100111111010,011001001010,101111001011,101010110101,100011001111,011010100110,111111101000,011100010111,000111111001,001101110001
101010010111,010011010110,100101010111,101100100001,110010101110,111000110010,001111010110,010101100101,101110011110,010010100101,101000111001,000010111010
010110101110,110100101011,100011000011,110000111011,010111101001,111011001010,100110101101,001001110101,011111111110,101101111010,100101011001,000101010111
000111001011,101111000100,100111010111,101001001011,010110100000,111110010100,101110101110,111101100001,111111111010,111000111011,111100011101,111001000110
011010011101,011000110100,011101011100,001111010011,010011001011,111011110001,101011010110,101010101111,100101011101,110110010101,101101101101,101010100110
100101011011,110011101000,010111000011,111111001101,110100001101,011001011010,001111010011,011110101010,110011111100,010000101011,110101111001,011111010110
000101001111,100010001101,010010101011,101001011011,110001001101,001101010010,101110101010,111101011111,001011110111,011100100100,111111011101,111001010100
0011110010011100011010100,101110011101,100110011100,111001111100,010101001110,011101010010,111010100101,111011001011,011100001111,010011001101,101011010111
1110001000011001011101101,000010001101,011001101011,010100101101,011101010101,001111010010,111001011101,101110001010,010101001011,011111010101,110100101001
101010001101,010010011011,000111011111,111000111101,010111100010,011111010011,111010010010,011001011001,100111111100,011100001111,111011100101,001101010110
000010111100,001100110110,010101011101,100101010011,010110101010,110010011101,001111110111,011000101001,100101011101,111000100101,111101111001,10101010011011100000110001011110100010110011,110100,111,110000101000,0010001,01110,1111110100,10001010,11101101001111010011111001011101,101010011001100,0,00,110,00,0,0100110,0,1001101101011,0,11110,10000,01000,100010000,11111000,111,101000111110,1,11,01100,
111010001000,110100011111,101011001011,010100101011,110010101010,100111010111,001111011011,011100100110,100111101110,011110010011,101010110101,000010111101
111010001000,011000111111,100010010011,110101011001,001010101010,101001001010,111110111011,010010110110,010101111100,110101001011,100111100001,000011010111
111111001000,001001111011,1000000111101,00111110101,100010011010,010101001000,101011110111,010010101111,001001101100,010000011101,100111110100,001010110101
000001010111,001111010010,000001001101,1101010100101110110100100,110011010001,101100011101,111011101001,110111011100,110100010100,101101011001,100010101010
100100111010,110010001010,010110001010,010101001011,110101111010,010011010100,001111010010,011100101010,110011101010,101100000101,100100111101,100011100011
010111101110,111001101001,000111111001,100110111001,110100011101,101101001001,101100101001,110111100101,110101101110,101101100011,101011000001,100101000111
001100101100,101001101010,000111010111,110001111101,110001100001,111110010110,000101101011,0111111010010110111100100,111100101011,010101011000,101101010111
010111100000,111000101101,000011110101,010001011011,110110011001,101011001101,001101010110,110001010101,111111011110,101001111010,011011010011,101010110111
010010111011,010111100000,110111000100,111100010011,100000101011,111110110101,001111011111,011000100111,000110001110,111011100011,111101011100,001011001110
111110001000,001001101111,000111010110,010111110101,000101111010,011101000101,111010110111,000001101110,111111000000,011101000010,100111111100,111010111101
111001110000,101011001111,001011110101,110101011100,010110011001,101100010101,110010101000,1011011001110111011111010,010100101010,111110001110,101011011001
010110001110,011100101011,1100000000101010101000101,101010010100,101001001011,101001010110,111010101010,010110111001,010110001000,101011110101,000110100101
110111100011,011001001101,100011101001,110010001010,010110101010,101011010101,101010110111,010001010100,010111101110,010011101010,111001011001,101111000011
001110010011,010011010100,000101010110,110101010010,101011101010,110010010110,101111101110,111110100110,010111001100,111100000111,100101111001,110010111110
110010001110,001011010111,1000000010101010101010011,101111101010,101101000101,011100110111,011000101101,000110001010,111011011000,110010110001,001010101101
0110110101000111100110011,101011010100,000101011001,000011000011,011110010010,011111011100,110000101111,101101011000,110110011010,100101110101,110010101101
011010001111,110011001010,111001001111,010100111100,111110010010,110101110011,101101011000,111010101000,111011110100,011110011001,101010100010,100010111011
111101100001,101011110101,001010001101,111010101101,110010011011,010101101101,100111111011,0100101010110001111101010,111000000011,111101001001,101011100100
011010001111,011000010101,100011010011,110101010011,101001000001,110011010001,101100010101,101001101011,110110011000,111111101011,100100011011,100110100101
001111010001,110011110100,100011110100,100101010001,010001101100,110010000110,001111011101,011101100111,101011101100,010100010110,101010111010,101010101011
110011011011,001111010100,111011110100,101000001010,100000101011,111010110101,001111011111,010001100101,010101101110,111100011001,101001010110,001011110111
0100100111110110011100010,010011111110,001001100000,110110000101,011111110010,101011010110,101100111011,101101010010,110110010101,100101011001,101011011011
010010111111,010011000001,110101110011,011110100010,100010001011,011110110001,010001010110,011011100110,001010101100,010111011011,100100111000,011011010010
011010010101,110011010110,111101010111,101100001000,011011100010,111100110001,101101011110,011100101110,101000101100,110110000101,001010111100,010110111011
111001011000,101011011010,100110011101,100100010001,110100010011,011001001101,001101011011,101110011111,010101101001,011100001011,111111111100,100010110111
000110010011,100011110010,001111010111,111100100000,110101100101,110010010010,101101101110,011010100110,110101000100,111100011010,001011111110,001010110110
011110110110,1010111011110000010001111,100001011101,011110000011,110010110101,100011111101,110010100011,111110101000,111100111011,111111011001,101011000111
100101011011,001000101011,010110010011,111001100001,100001100101,001101010001,010101010111,011010110110,100111001100,010011100001,110100111001,110110101000
010111001111,110011000101,100001101111,110000010010,110110101010,101011000010,101101010110,111010010100,010001011011,011101111110,011011011001,001110100111
111001011010,101011011011,001100010101,111001001001,010111101010,100101110001,001011011011,010001100110,111101101000,010101011010,100111110101,100010101110
111001110000,101010011111,101011110011,1101010111010101010010001,1011010101010010011010111,0011101011100110101101011,110110101011,100110011010,101010110001
111001010110,010000111011,110111100001,010101010011,110111100000,0011010010110011100111111,110010100111,100111101100,111000110110,001011110101,000111010111
000110010011,110010001100,001101011110,010001011011,110110001010,011110010110,101111011110,001101100111,101101111110,111100010111,001101011101,111000111011
111001011000,011000101011,110001111001,110101010010,101110011000,101101001001,010010110110,110011101001,010110011011,101100001101,001011110101,101010001001
111100010011,110011001100,100010001101,101111010011,110101001100,101001000100,011111011100,111101011110,110111101100,010010101010,101011010110,100011111011
110100100011,110101001101,010010100010,011001011010,101010011101,011001101010,010101010110,001010110110,101011011010,010101000110,111011100100,000111011110
111101100000,010101111001,000011000011,111000111100,101010101011,110011001001,000100111110,111010101010,111001000100,010011011001,111101101001,001011000111
111101110000,001001101101,110010010101,111101011101,101010001011,101010010100,010101011010,011010100110,011100101110,101011101010,011011110110,101010110110
111101010110,001011101011,1110011011010011001010011,100110001101,1011010100010101011011110,101110010111,001010111110,111010001100,111111010101,10001111111000100110000001010010,10010110000,0110101111,11001000011011110100,11101,0101100111,01110,01,10010011001111011010011011010001,001010001001100,1,10,010,00,0,01110111111011101100011,1,01110,10000,11010,0111100001,1101100,001,10100011110110,0101011,1
010111101110,010111100001,100001111110,000110110011,111000001010,111110010110,101101010110,001011100110,001100101001,111111110111,111010010001,001001010101
011111110000,110000010110,100101010111,100101010011,110100000010,111010101101,001111001110,011101011010,110110101000,010100101000,101001111110,101010110101
010110100011,111100000101,110001011010,010101000101,101101010101,011001010110,101010110101,0101011010100110101010000,101010000010,100101010110,001110101111
011111101000,011000110010,000111000111,110110110011,110000011101,110011100101,000101001110,111010101011,110101001100,010100111011,001001111110,111100100111
1010100011011010010011011,100100000111,101001110001,110001101110,111111001010,011111010110,001001110011,101010101110,011100111110,011001110101,100011010010
110001111010,101011100101,011010110101,110001010101,100011010101,0100110101010101010010110,011100101011,110101010010,110010001001,111100011001,100010101111
101001110111,001101001010,010101010101,100111010010,100110100010,011111010101,101111011010,011010100110,110101011101,011010011011,001100111001,100011110110
1010100011011001011011011,100011001100,010101011101,101100101110,101101000101,111100111010,110101101110,010110001110,111100001100,111011100101,001011010110
110101100011,010111101001,111000001100,010000111101,100101101010,001001000110,101111010011,011010100101,000111111000,010011110100,100010110110,001110111011
001111010001,110100010110,100101000111,111010101000,110101101100,011000111100,100011010110,111110101000,101001001100,010100111010,000101101110,100010101011
010111101110,101111001001,111000000110,010111111101,100010011011,101001011010,100010010001,101001100110,111111111100,001100010010,110110000001,101010110111
111101110000,001011101001,1100011101010101001011001,101010001011,1011001101010010100101111,0100101011110110111101100,010100000011,111111001011,101011001101
100100111010,100011001011,011011010000,011101010101,001010101010,101100110010,110101110110,011010010010,110101101010,101100000100,011100110000,001011100111
110100101010,001011111011,101010101001,111001010100,101010011010,001011001010,011100110010,100101011111,111100111111,101101010010,111011000101,101010110101
000110110001,110011110010,100101010110,011110110000,010111101010,110010010110,010111011110,001101100001,101110100010,010110000111,111110011010,101010111111
011010110000,111000110110,1001010100101,11001111011,010110001010,111110100111,001011001110,011100101110,000111011101,010111101001,101000111111,100011101011
011111101001,010000000101,110101000101,111010111010,100001001001,110110110101,100101101110,111001011011,1101110111000011100011011,011001010111,001000100110
000110010011,110000110101,100101011111,111101011001,110110001010,110110010010,010110110110,111010110010,101111101110,101100111100,011101111010,100010100111
