INFO - 12/05/25 22:34:09 - 0:00:00 - ============ Initialized logger ============
INFO - 12/05/25 22:34:09 - 0:00:00 - batch_size: 32
                                     command: python fc_loop.py --exp_name=dim21_run_1 --dump_path=/home/yuebi/Project/dim21_run --num_initial_empty_objects=800 --final_database_size=100 --target_db_size=100 --nb_local_searches=800 --max_epochs=20 --type=transformer --max-output-length=350 --sample-only=25000 --max-steps=1500 --n_tokens=15 --n-layer=8 --n-embd=128 --n-embd2=128 --exp_id=1111 --exp_id "1111"
                                     cpu: False
                                     debug: False
                                     debug_slurm: False
                                     dump_path: /home/yuebi/Project/dim21_run/dim21_run_1/1111
                                     exp_id: 1111
                                     exp_name: dim21_run_1
                                     final_database_size: 100
                                     gen_batch_size: 1000
                                     global_rank: 0
                                     is_master: True
                                     is_slurm_job: True
                                     learning_rate: 0.0005
                                     local_rank: 0
                                     master_addr: gpu-6
                                     master_port: -1
                                     max_epochs: 20
                                     max_output_length: 350
                                     max_steps: 1500
                                     multi_gpu: False
                                     multi_node: False
                                     n_embd: 128
                                     n_embd2: 128
                                     n_gpu_per_node: 1
                                     n_head: 8
                                     n_layer: 8
                                     n_nodes: 1
                                     n_tokens: 15
                                     nb_local_searches: 800
                                     nb_threads: 1
                                     node_id: 0
                                     num_initial_empty_objects: 800
                                     num_workers: 8
                                     sample_only: 25000
                                     seed: -1
                                     target_db_size: 100
                                     temperature: 1.0
                                     top_k: -1
                                     type: transformer
                                     weight_decay: 0.01
                                     world_size: 1
INFO - 12/05/25 22:34:09 - 0:00:00 - The experiment will be stored in /home/yuebi/Project/dim21_run/dim21_run_1/1111
                                     
INFO - 12/05/25 22:34:09 - 0:00:00 - Running command: python fc_loop.py --exp_name=dim21_run_1 --dump_path=/home/yuebi/Project/dim21_run --num_initial_empty_objects=800 --final_database_size=100 --target_db_size=100 --nb_local_searches=800 --max_epochs=20 --type=transformer --max-output-length=350 --sample-only=25000 --max-steps=1500 --n_tokens=15 --n-layer=8 --n-embd=128 --n-embd2=128 --exp_id=1111

WARNING - 12/05/25 22:34:09 - 0:00:00 - Signal handler installed.
INFO - 12/05/25 22:34:09 - 0:00:00 - seed: 719832968
INFO - 12/05/25 22:34:09 - 0:00:00 - JULIA_NUM_THREADS is set to 1
INFO - 12/05/25 22:36:26 - 0:02:17 - Created /home/yuebi/Project/dim21_run/dim21_run_1/1111/temp.txt and training tokenizer...
INFO - 12/05/25 22:36:26 - 0:02:17 - Directory '/home/yuebi/Project/dim21_run/dim21_run_1/1111/tokenizer_data' created.
INFO - 12/05/25 22:36:26 - 0:02:17 - File '/home/yuebi/Project/dim21_run/dim21_run_1/1111/temp.txt' has been deleted.
INFO - 12/05/25 22:36:26 - 0:02:17 - 0 / 100
INFO - 12/05/25 22:36:26 - 0:02:17 - initializing at generation: 1
INFO - 12/05/25 22:36:26 - 0:02:17 - number of examples in the dataset: 100
INFO - 12/05/25 22:36:26 - 0:02:17 - max word length: 181
INFO - 12/05/25 22:36:26 - 0:02:17 - number of unique characters in the vocabulary: 15
INFO - 12/05/25 22:36:26 - 0:02:17 - vocabulary:
INFO - 12/05/25 22:36:26 - 0:02:17 - ['V0', 'V1', 'V2', 'V3', 'V4', 'V5', 'V6', 'V7', 'V8', 'V9', 'V10', 'V11', 'V12', 'V13', 'V14']
INFO - 12/05/25 22:36:26 - 0:02:17 - split up the dataset into 90 training examples and 10 test examples
INFO - 12/05/25 22:36:26 - 0:02:17 - dataset determined that: vocab_size=16, block_size=351
INFO - 12/05/25 22:36:26 - 0:02:17 - model #params: 1635456
INFO - 12/05/25 22:36:26 - 0:02:17 - ============ Start of generation 1 ============
INFO - 12/05/25 22:36:26 - 0:02:17 - Memory allocated:  10.00MB, reserved: 12.00MB
INFO - 12/05/25 22:36:26 - 0:02:17 - training
INFO - 12/05/25 22:36:31 - 0:02:22 - step 0 | loss 2.9182 | step time 625.60ms
INFO - 12/05/25 22:37:00 - 0:02:51 - step 100 | loss 1.8969 | step time 286.57ms
INFO - 12/05/25 22:37:29 - 0:03:19 - step 200 | loss 1.1538 | step time 286.54ms
INFO - 12/05/25 22:37:57 - 0:03:48 - step 300 | loss 0.2488 | step time 286.76ms
INFO - 12/05/25 22:38:26 - 0:04:17 - step 400 | loss 0.0450 | step time 286.50ms
INFO - 12/05/25 22:38:55 - 0:04:45 - step 500 | loss 0.0308 | step time 286.48ms
INFO - 12/05/25 22:38:55 - 0:04:46 - step 500 train loss: 0.030700840055942535 test loss: 7.267725467681885
INFO - 12/05/25 22:38:55 - 0:04:46 - test loss 7.267725467681885 is the best so far, saving model to /home/yuebi/Project/dim21_run/dim21_run_1/1111/model.pt
INFO - 12/05/25 22:39:24 - 0:05:14 - step 600 | loss 0.0318 | step time 286.36ms
INFO - 12/05/25 22:39:52 - 0:05:43 - step 700 | loss 0.0361 | step time 286.48ms
INFO - 12/05/25 22:40:21 - 0:06:12 - step 800 | loss 0.0289 | step time 286.59ms
INFO - 12/05/25 22:40:50 - 0:06:40 - step 900 | loss 0.0290 | step time 286.63ms
INFO - 12/05/25 22:41:18 - 0:07:09 - step 1000 | loss 0.0284 | step time 286.55ms
INFO - 12/05/25 22:41:19 - 0:07:09 - step 1000 train loss: 0.028783326968550682 test loss: 7.227547645568848
INFO - 12/05/25 22:41:19 - 0:07:09 - test loss 7.227547645568848 is the best so far, saving model to /home/yuebi/Project/dim21_run/dim21_run_1/1111/model.pt
INFO - 12/05/25 22:41:47 - 0:07:38 - step 1100 | loss 0.0329 | step time 286.61ms
INFO - 12/05/25 22:42:16 - 0:08:07 - step 1200 | loss 0.0290 | step time 286.39ms
INFO - 12/05/25 22:42:44 - 0:08:35 - step 1300 | loss 0.0275 | step time 286.56ms
INFO - 12/05/25 22:43:13 - 0:09:04 - step 1400 | loss 0.0264 | step time 286.53ms
INFO - 12/05/25 22:43:41 - 0:09:32 - Memory allocated:  45.82MB, reserved: 3306.00MB
INFO - 12/05/25 22:43:41 - 0:09:32 - generating
INFO - 12/06/25 01:38:21 - 3:04:11 - distribution of sample lengths: average: 550.01156 max: 600
INFO - 12/06/25 01:38:21 - 3:04:11 - printed 25000 samples
INFO - 12/06/25 01:38:21 - 3:04:11 - decoding
INFO - 12/06/25 01:38:22 - 3:04:12 - Decoding complete. Check the output in /home/yuebi/Project/dim21_run/dim21_run_1/1111/transformer-output-decoded.txt
INFO - 12/06/25 01:38:22 - 3:04:12 - Memory allocated:  45.82MB, reserved: 10106.00MB
INFO - 12/06/25 01:38:22 - 3:04:12 - ============ End of generation 1 ============
INFO - 12/06/25 01:38:22 - 3:04:12 - launching search.jl
INFO - 12/06/25 01:38:22 - 3:04:12 - JULIA_NUM_THREADS is set to 1
INFO - 12/06/25 01:45:33 - 3:11:24 - distribution of scores(all rounds)
INFO - 12/06/25 01:45:33 - 3:11:24 - Score:195312500.0, Count:1
                                     
INFO - 12/06/25 01:45:33 - 3:11:24 - Score:138365740.0, Count:1
                                     
INFO - 12/06/25 01:45:33 - 3:11:24 - Score:137114880.0, Count:1
                                     
INFO - 12/06/25 01:45:33 - 3:11:24 - Score:135978050.0, Count:1
                                     
INFO - 12/06/25 01:45:33 - 3:11:24 - Score:135860180.0, Count:1
                                     
INFO - 12/06/25 01:45:33 - 3:11:24 - Score:135809470.0, Count:1
                                     
INFO - 12/06/25 01:45:33 - 3:11:24 - Score:135345730.0, Count:1
                                     
INFO - 12/06/25 01:45:33 - 3:11:24 - Score:135130720.0, Count:1
                                     
INFO - 12/06/25 01:45:33 - 3:11:24 - Score:135115380.0, Count:1
                                     
INFO - 12/06/25 01:45:33 - 3:11:24 - Score:134381200.0, Count:1
                                     
INFO - 12/06/25 01:45:33 - 3:11:24 - Score:134312200.0, Count:1
                                     
INFO - 12/06/25 01:45:33 - 3:11:24 - Score:133593290.0, Count:1
                                     
INFO - 12/06/25 01:45:33 - 3:11:24 - Score:133122024.0, Count:1
                                     
INFO - 12/06/25 01:45:33 - 3:11:24 - Score:132952104.0, Count:1
                                     
INFO - 12/06/25 01:45:33 - 3:11:24 - Score:132766620.0, Count:1
                                     
INFO - 12/06/25 01:45:33 - 3:11:24 - Score:132348090.0, Count:1
                                     
INFO - 12/06/25 01:45:33 - 3:11:24 - Score:132344424.0, Count:1
                                     
INFO - 12/06/25 01:45:33 - 3:11:24 - Score:131807580.0, Count:1
                                     
INFO - 12/06/25 01:45:33 - 3:11:24 - Score:131146400.0, Count:1
                                     
INFO - 12/06/25 01:45:33 - 3:11:24 - Score:131077910.0, Count:1
                                     
INFO - 12/06/25 01:45:33 - 3:11:24 - Score:131026950.0, Count:1
                                     
INFO - 12/06/25 01:45:33 - 3:11:24 - Score:130837090.0, Count:1
                                     
INFO - 12/06/25 01:45:33 - 3:11:24 - Score:130805544.0, Count:1
                                     
INFO - 12/06/25 01:45:33 - 3:11:24 - Score:130539080.0, Count:1
                                     
INFO - 12/06/25 01:45:33 - 3:11:24 - Score:130505400.0, Count:1
                                     
INFO - 12/06/25 01:45:33 - 3:11:24 - Score:130383230.0, Count:1
                                     
INFO - 12/06/25 01:45:33 - 3:11:24 - Score:130253370.0, Count:1
                                     
INFO - 12/06/25 01:45:33 - 3:11:24 - Score:130233144.0, Count:1
                                     
INFO - 12/06/25 01:45:33 - 3:11:24 - Score:129988700.0, Count:1
                                     
INFO - 12/06/25 01:45:33 - 3:11:24 - Score:129971496.0, Count:1
                                     
INFO - 12/06/25 01:45:33 - 3:11:24 - Score:129799590.0, Count:1
                                     
INFO - 12/06/25 01:45:33 - 3:11:24 - Score:129281650.0, Count:1
                                     
INFO - 12/06/25 01:45:33 - 3:11:24 - Score:128276536.0, Count:1
                                     
INFO - 12/06/25 01:45:33 - 3:11:24 - Score:128257390.0, Count:1
                                     
INFO - 12/06/25 01:45:33 - 3:11:24 - Score:128257040.0, Count:1
                                     
INFO - 12/06/25 01:45:33 - 3:11:24 - Score:128251380.0, Count:1
                                     
INFO - 12/06/25 01:45:33 - 3:11:24 - Score:128201800.0, Count:1
                                     
INFO - 12/06/25 01:45:33 - 3:11:24 - Score:128156870.0, Count:1
                                     
INFO - 12/06/25 01:45:33 - 3:11:24 - Score:128133050.0, Count:1
                                     
INFO - 12/06/25 01:45:33 - 3:11:24 - Score:128033480.0, Count:1
                                     
INFO - 12/06/25 01:45:33 - 3:11:24 - Score:127973870.0, Count:1
                                     
INFO - 12/06/25 01:45:33 - 3:11:24 - Score:127856370.0, Count:1
                                     
INFO - 12/06/25 01:45:33 - 3:11:24 - Score:127699490.0, Count:1
                                     
INFO - 12/06/25 01:45:33 - 3:11:24 - Score:127677290.0, Count:1
                                     
INFO - 12/06/25 01:45:33 - 3:11:24 - Score:127572350.0, Count:1
                                     
INFO - 12/06/25 01:45:33 - 3:11:24 - Score:127301624.0, Count:1
                                     
INFO - 12/06/25 01:45:33 - 3:11:24 - Score:127114240.0, Count:1
                                     
INFO - 12/06/25 01:45:33 - 3:11:24 - Score:127091230.0, Count:1
                                     
INFO - 12/06/25 01:45:33 - 3:11:24 - Score:126895576.0, Count:1
                                     
INFO - 12/06/25 01:45:33 - 3:11:24 - Score:126864460.0, Count:1
                                     
INFO - 12/06/25 01:45:33 - 3:11:24 - Score:126803150.0, Count:1
                                     
INFO - 12/06/25 01:45:33 - 3:11:24 - Score:126786890.0, Count:1
                                     
INFO - 12/06/25 01:45:33 - 3:11:24 - Score:126773390.0, Count:1
                                     
INFO - 12/06/25 01:45:33 - 3:11:24 - Score:126358000.0, Count:1
                                     
INFO - 12/06/25 01:45:33 - 3:11:24 - Score:126306840.0, Count:1
                                     
INFO - 12/06/25 01:45:33 - 3:11:24 - Score:125998350.0, Count:1
                                     
INFO - 12/06/25 01:45:33 - 3:11:24 - Score:125913430.0, Count:1
                                     
INFO - 12/06/25 01:45:33 - 3:11:24 - Score:125891690.0, Count:1
                                     
INFO - 12/06/25 01:45:33 - 3:11:24 - Score:125801464.0, Count:1
                                     
INFO - 12/06/25 01:45:33 - 3:11:24 - Score:125727160.0, Count:1
                                     
INFO - 12/06/25 01:45:33 - 3:11:24 - Score:125705896.0, Count:1
                                     
INFO - 12/06/25 01:45:33 - 3:11:24 - Score:125689550.0, Count:1
                                     
INFO - 12/06/25 01:45:33 - 3:11:24 - Score:125614810.0, Count:1
                                     
INFO - 12/06/25 01:45:33 - 3:11:24 - Score:125495840.0, Count:1
                                     
INFO - 12/06/25 01:45:33 - 3:11:24 - Score:125490904.0, Count:1
                                     
INFO - 12/06/25 01:45:33 - 3:11:24 - Score:125439090.0, Count:1
                                     
INFO - 12/06/25 01:45:33 - 3:11:24 - Score:125408300.0, Count:1
                                     
INFO - 12/06/25 01:45:33 - 3:11:24 - Score:125362190.0, Count:1
                                     
INFO - 12/06/25 01:45:33 - 3:11:24 - Score:125218216.0, Count:1
                                     
INFO - 12/06/25 01:45:33 - 3:11:24 - Score:125201550.0, Count:1
                                     
INFO - 12/06/25 01:45:33 - 3:11:24 - Score:125196230.0, Count:1
                                     
INFO - 12/06/25 01:45:33 - 3:11:24 - Score:125089080.0, Count:1
                                     
INFO - 12/06/25 01:45:33 - 3:11:24 - Score:124997580.0, Count:1
                                     
INFO - 12/06/25 01:45:33 - 3:11:24 - Score:124842010.0, Count:1
                                     
INFO - 12/06/25 01:45:33 - 3:11:24 - Score:124747590.0, Count:1
                                     
INFO - 12/06/25 01:45:33 - 3:11:24 - Score:124746100.0, Count:1
                                     
INFO - 12/06/25 01:45:33 - 3:11:24 - Score:124739430.0, Count:1
                                     
INFO - 12/06/25 01:45:33 - 3:11:24 - Score:124647960.0, Count:1
                                     
INFO - 12/06/25 01:45:33 - 3:11:24 - Score:124594460.0, Count:1
                                     
INFO - 12/06/25 01:45:33 - 3:11:24 - Score:124512670.0, Count:1
                                     
INFO - 12/06/25 01:45:33 - 3:11:24 - Score:124495750.0, Count:1
                                     
INFO - 12/06/25 01:45:33 - 3:11:24 - Score:124481740.0, Count:1
                                     
INFO - 12/06/25 01:45:33 - 3:11:24 - Score:124385540.0, Count:1
                                     
INFO - 12/06/25 01:45:33 - 3:11:24 - Score:124225680.0, Count:1
                                     
INFO - 12/06/25 01:45:33 - 3:11:24 - Score:124187250.0, Count:1
                                     
INFO - 12/06/25 01:45:33 - 3:11:24 - Score:123996290.0, Count:1
                                     
INFO - 12/06/25 01:45:33 - 3:11:24 - Score:123953260.0, Count:1
                                     
INFO - 12/06/25 01:45:33 - 3:11:24 - Score:123936300.0, Count:1
                                     
INFO - 12/06/25 01:45:33 - 3:11:24 - Score:123921180.0, Count:1
                                     
INFO - 12/06/25 01:45:33 - 3:11:24 - Score:123897350.0, Count:1
                                     
INFO - 12/06/25 01:45:33 - 3:11:24 - Score:123777560.0, Count:1
                                     
INFO - 12/06/25 01:45:33 - 3:11:24 - Score:123692080.0, Count:1
                                     
INFO - 12/06/25 01:45:33 - 3:11:24 - Score:123572470.0, Count:1
                                     
INFO - 12/06/25 01:45:33 - 3:11:24 - Score:123519656.0, Count:1
                                     
INFO - 12/06/25 01:45:33 - 3:11:24 - Score:123507160.0, Count:1
                                     
INFO - 12/06/25 01:45:33 - 3:11:24 - Score:123409540.0, Count:1
                                     
INFO - 12/06/25 01:45:33 - 3:11:24 - Score:123271610.0, Count:1
                                     
INFO - 12/06/25 01:45:33 - 3:11:24 - Score:123097830.0, Count:1
                                     
INFO - 12/06/25 01:45:33 - 3:11:24 - Score:123085970.0, Count:1
                                     
INFO - 12/06/25 01:45:33 - 3:11:24 - Score:123076620.0, Count:1
                                     
INFO - 12/06/25 01:45:33 - 3:11:24 - Score:123064290.0, Count:0
                                     
INFO - 12/06/25 01:45:33 - 3:11:24 - tokenizing
INFO - 12/06/25 01:45:33 - 3:11:24 - Loading tokenizer from /home/yuebi/Project/dim21_run/dim21_run_1/1111/tokenizer_data/tokenizer.json...
INFO - 12/06/25 01:45:33 - 3:11:24 - 0 / 100
INFO - 12/06/25 01:45:33 - 3:11:24 - number of examples in the dataset: 100
INFO - 12/06/25 01:45:33 - 3:11:24 - max word length: 181
INFO - 12/06/25 01:45:33 - 3:11:24 - number of unique characters in the vocabulary: 15
INFO - 12/06/25 01:45:33 - 3:11:24 - vocabulary:
INFO - 12/06/25 01:45:33 - 3:11:24 - ['V0', 'V1', 'V2', 'V3', 'V4', 'V5', 'V6', 'V7', 'V8', 'V9', 'V10', 'V11', 'V12', 'V13', 'V14']
INFO - 12/06/25 01:45:33 - 3:11:24 - split up the dataset into 90 training examples and 10 test examples
INFO - 12/06/25 01:45:33 - 3:11:24 - ============ Start of generation 2 ============
INFO - 12/06/25 01:45:33 - 3:11:24 - Memory allocated:  45.82MB, reserved: 10106.00MB
INFO - 12/06/25 01:45:33 - 3:11:24 - training
INFO - 12/06/25 01:45:33 - 3:11:24 - step 0 | loss 1.8637 | step time 293.49ms
INFO - 12/06/25 01:46:02 - 3:11:53 - step 100 | loss 0.0505 | step time 286.41ms
INFO - 12/06/25 01:46:31 - 3:12:21 - step 200 | loss 0.0300 | step time 286.52ms
INFO - 12/06/25 01:46:59 - 3:12:50 - step 300 | loss 0.0308 | step time 286.70ms
INFO - 12/06/25 01:47:28 - 3:13:19 - step 400 | loss 0.0280 | step time 286.65ms
INFO - 12/06/25 01:47:57 - 3:13:47 - step 500 | loss 0.0321 | step time 286.76ms
INFO - 12/06/25 01:47:57 - 3:13:48 - step 500 train loss: 0.03270825371146202 test loss: 1.4384346008300781
INFO - 12/06/25 01:47:57 - 3:13:48 - test loss 1.4384346008300781 is the best so far, saving model to /home/yuebi/Project/dim21_run/dim21_run_1/1111/model.pt
INFO - 12/06/25 01:48:26 - 3:14:16 - step 600 | loss 0.0296 | step time 286.33ms
INFO - 12/06/25 01:48:54 - 3:14:45 - step 700 | loss 0.0300 | step time 286.61ms
INFO - 12/06/25 01:49:23 - 3:15:14 - step 800 | loss 0.0278 | step time 286.69ms
INFO - 12/06/25 01:49:52 - 3:15:42 - step 900 | loss 0.0268 | step time 286.46ms
INFO - 12/06/25 01:50:20 - 3:16:11 - step 1000 | loss 0.0284 | step time 286.32ms
INFO - 12/06/25 01:50:21 - 3:16:11 - step 1000 train loss: 0.02794160321354866 test loss: 2.1354236602783203
INFO - 12/06/25 01:50:49 - 3:16:40 - step 1100 | loss 0.0277 | step time 286.42ms
INFO - 12/06/25 01:51:18 - 3:17:09 - step 1200 | loss 0.0276 | step time 286.88ms
INFO - 12/06/25 01:51:47 - 3:17:37 - step 1300 | loss 0.0276 | step time 286.58ms
INFO - 12/06/25 01:52:15 - 3:18:06 - step 1400 | loss 0.2919 | step time 286.13ms
INFO - 12/06/25 01:52:44 - 3:18:34 - Memory allocated:  45.82MB, reserved: 10106.00MB
INFO - 12/06/25 01:52:44 - 3:18:34 - generating
INFO - 12/06/25 02:04:19 - 0:00:00 - ============ Initialized logger ============
INFO - 12/06/25 02:04:19 - 0:00:00 - batch_size: 32
                                     command: python fc_loop.py --exp_name=dim21_run_1 --dump_path=/home/yuebi/Project/dim21_run --num_initial_empty_objects=800 --final_database_size=100 --target_db_size=100 --nb_local_searches=800 --max_epochs=20 --type=transformer --max-output-length=350 --sample-only=25000 --max-steps=1500 --n_tokens=15 --n-layer=8 --n-embd=128 --n-embd2=128 --exp_id=1111 --exp_id "1111"
                                     cpu: False
                                     debug: False
                                     debug_slurm: False
                                     dump_path: /home/yuebi/Project/dim21_run/dim21_run_1/1111
                                     exp_id: 1111
                                     exp_name: dim21_run_1
                                     final_database_size: 100
                                     gen_batch_size: 1000
                                     global_rank: 0
                                     is_master: True
                                     is_slurm_job: True
                                     learning_rate: 0.0005
                                     local_rank: 0
                                     master_addr: gpu-6
                                     master_port: -1
                                     max_epochs: 20
                                     max_output_length: 350
                                     max_steps: 1500
                                     multi_gpu: False
                                     multi_node: False
                                     n_embd: 128
                                     n_embd2: 128
                                     n_gpu_per_node: 1
                                     n_head: 8
                                     n_layer: 8
                                     n_nodes: 1
                                     n_tokens: 15
                                     nb_local_searches: 800
                                     nb_threads: 1
                                     node_id: 0
                                     num_initial_empty_objects: 800
                                     num_workers: 8
                                     sample_only: 25000
                                     seed: -1
                                     target_db_size: 100
                                     temperature: 1.0
                                     top_k: -1
                                     type: transformer
                                     weight_decay: 0.01
                                     world_size: 1
INFO - 12/06/25 02:04:19 - 0:00:00 - The experiment will be stored in /home/yuebi/Project/dim21_run/dim21_run_1/1111
                                     
INFO - 12/06/25 02:04:19 - 0:00:00 - Running command: python fc_loop.py --exp_name=dim21_run_1 --dump_path=/home/yuebi/Project/dim21_run --num_initial_empty_objects=800 --final_database_size=100 --target_db_size=100 --nb_local_searches=800 --max_epochs=20 --type=transformer --max-output-length=350 --sample-only=25000 --max-steps=1500 --n_tokens=15 --n-layer=8 --n-embd=128 --n-embd2=128 --exp_id=1111

WARNING - 12/06/25 02:04:19 - 0:00:00 - Signal handler installed.
INFO - 12/06/25 02:04:19 - 0:00:00 - seed: 659848895
INFO - 12/06/25 02:04:19 - 0:00:00 - initializing at generation: 2
INFO - 12/06/25 02:04:19 - 0:00:00 - number of examples in the dataset: 100
INFO - 12/06/25 02:04:19 - 0:00:00 - max word length: 181
INFO - 12/06/25 02:04:19 - 0:00:00 - number of unique characters in the vocabulary: 15
INFO - 12/06/25 02:04:19 - 0:00:00 - vocabulary:
INFO - 12/06/25 02:04:19 - 0:00:00 - ['V0', 'V1', 'V2', 'V3', 'V4', 'V5', 'V6', 'V7', 'V8', 'V9', 'V10', 'V11', 'V12', 'V13', 'V14']
INFO - 12/06/25 02:04:19 - 0:00:00 - split up the dataset into 90 training examples and 10 test examples
INFO - 12/06/25 02:04:19 - 0:00:00 - dataset determined that: vocab_size=16, block_size=351
INFO - 12/06/25 02:04:19 - 0:00:00 - model #params: 1635456
INFO - 12/06/25 02:04:19 - 0:00:00 - resuming from existing model
INFO - 12/06/25 02:04:19 - 0:00:00 - ============ Start of generation 2 ============
INFO - 12/06/25 02:04:19 - 0:00:00 - Memory allocated:  10.00MB, reserved: 22.00MB
INFO - 12/06/25 02:04:19 - 0:00:00 - training
INFO - 12/06/25 02:04:24 - 0:00:05 - step 0 | loss 0.3548 | step time 622.79ms
INFO - 12/06/25 02:04:53 - 0:00:34 - step 100 | loss 0.0268 | step time 286.32ms
INFO - 12/06/25 02:05:21 - 0:01:02 - step 200 | loss 0.0275 | step time 286.52ms
INFO - 12/06/25 02:05:50 - 0:01:31 - step 300 | loss 0.0275 | step time 286.50ms
INFO - 12/06/25 02:06:19 - 0:02:00 - step 400 | loss 0.0346 | step time 286.49ms
INFO - 12/06/25 02:06:47 - 0:02:28 - step 500 | loss 0.0273 | step time 286.63ms
INFO - 12/06/25 02:06:48 - 0:02:29 - step 500 train loss: 0.027023520320653915 test loss: 0.44139567017555237
INFO - 12/06/25 02:06:48 - 0:02:29 - test loss 0.44139567017555237 is the best so far, saving model to /home/yuebi/Project/dim21_run/dim21_run_1/1111/model.pt
INFO - 12/06/25 02:07:16 - 0:02:57 - step 600 | loss 0.0281 | step time 286.59ms
INFO - 12/06/25 02:07:45 - 0:03:26 - step 700 | loss 0.0285 | step time 286.32ms
INFO - 12/06/25 02:08:14 - 0:03:55 - step 800 | loss 0.0909 | step time 286.59ms
INFO - 12/06/25 02:08:42 - 0:04:23 - step 900 | loss 0.0266 | step time 286.71ms
INFO - 12/06/25 02:09:11 - 0:04:52 - step 1000 | loss 0.0284 | step time 286.84ms
INFO - 12/06/25 02:09:11 - 0:04:52 - step 1000 train loss: 0.02730492129921913 test loss: 0.7859755158424377
INFO - 12/06/25 02:09:40 - 0:05:21 - step 1100 | loss 0.0278 | step time 286.38ms
INFO - 12/06/25 02:10:08 - 0:05:50 - step 1200 | loss 0.0831 | step time 286.43ms
INFO - 12/06/25 02:10:37 - 0:06:18 - step 1300 | loss 0.0260 | step time 286.29ms
INFO - 12/06/25 02:11:06 - 0:06:47 - step 1400 | loss 0.0267 | step time 286.25ms
INFO - 12/06/25 02:11:34 - 0:07:15 - Memory allocated:  45.82MB, reserved: 3306.00MB
INFO - 12/06/25 02:11:34 - 0:07:15 - generating
INFO - 12/06/25 05:06:12 - 3:01:53 - distribution of sample lengths: average: 551.41348 max: 1108
INFO - 12/06/25 05:06:12 - 3:01:53 - printed 25000 samples
INFO - 12/06/25 05:06:12 - 3:01:53 - decoding
INFO - 12/06/25 05:06:13 - 3:01:54 - Decoding complete. Check the output in /home/yuebi/Project/dim21_run/dim21_run_1/1111/transformer-output-decoded.txt
INFO - 12/06/25 05:06:13 - 3:01:54 - Memory allocated:  45.82MB, reserved: 10106.00MB
INFO - 12/06/25 05:06:13 - 3:01:54 - ============ End of generation 2 ============
INFO - 12/06/25 05:06:13 - 3:01:54 - launching search.jl
INFO - 12/06/25 05:06:13 - 3:01:54 - JULIA_NUM_THREADS is set to 1
INFO - 12/06/25 05:14:10 - 3:09:51 - distribution of scores(all rounds)
INFO - 12/06/25 05:14:10 - 3:09:51 - Score:195312500.0, Count:2
                                     
INFO - 12/06/25 05:14:10 - 3:09:51 - Score:138365740.0, Count:2
                                     
INFO - 12/06/25 05:14:10 - 3:09:51 - Score:137114880.0, Count:2
                                     
INFO - 12/06/25 05:14:10 - 3:09:51 - Score:136546740.0, Count:1
                                     
INFO - 12/06/25 05:14:10 - 3:09:51 - Score:135978050.0, Count:2
                                     
INFO - 12/06/25 05:14:10 - 3:09:51 - Score:135860180.0, Count:2
                                     
INFO - 12/06/25 05:14:10 - 3:09:51 - Score:135809470.0, Count:2
                                     
INFO - 12/06/25 05:14:10 - 3:09:51 - Score:135345730.0, Count:2
                                     
INFO - 12/06/25 05:14:10 - 3:09:51 - Score:135130720.0, Count:2
                                     
INFO - 12/06/25 05:14:10 - 3:09:51 - Score:135115380.0, Count:2
                                     
INFO - 12/06/25 05:14:10 - 3:09:51 - Score:134381200.0, Count:2
                                     
INFO - 12/06/25 05:14:10 - 3:09:51 - Score:134312200.0, Count:2
                                     
INFO - 12/06/25 05:14:10 - 3:09:51 - Score:133593290.0, Count:2
                                     
INFO - 12/06/25 05:14:10 - 3:09:51 - Score:133122024.0, Count:2
                                     
INFO - 12/06/25 05:14:10 - 3:09:51 - Score:132952104.0, Count:2
                                     
INFO - 12/06/25 05:14:10 - 3:09:51 - Score:132766620.0, Count:2
                                     
INFO - 12/06/25 05:14:10 - 3:09:51 - Score:132348090.0, Count:2
                                     
INFO - 12/06/25 05:14:10 - 3:09:51 - Score:132344424.0, Count:2
                                     
INFO - 12/06/25 05:14:10 - 3:09:51 - Score:131860690.0, Count:1
                                     
INFO - 12/06/25 05:14:10 - 3:09:51 - Score:131807580.0, Count:2
                                     
INFO - 12/06/25 05:14:10 - 3:09:51 - Score:131146400.0, Count:2
                                     
INFO - 12/06/25 05:14:10 - 3:09:51 - Score:131077910.0, Count:2
                                     
INFO - 12/06/25 05:14:10 - 3:09:51 - Score:131026950.0, Count:2
                                     
INFO - 12/06/25 05:14:10 - 3:09:51 - Score:130837090.0, Count:2
                                     
INFO - 12/06/25 05:14:10 - 3:09:51 - Score:130805544.0, Count:2
                                     
INFO - 12/06/25 05:14:10 - 3:09:51 - Score:130539080.0, Count:2
                                     
INFO - 12/06/25 05:14:10 - 3:09:51 - Score:130505400.0, Count:2
                                     
INFO - 12/06/25 05:14:10 - 3:09:51 - Score:130383230.0, Count:2
                                     
INFO - 12/06/25 05:14:10 - 3:09:51 - Score:130253370.0, Count:2
                                     
INFO - 12/06/25 05:14:10 - 3:09:51 - Score:130233144.0, Count:2
                                     
INFO - 12/06/25 05:14:10 - 3:09:51 - Score:129988700.0, Count:2
                                     
INFO - 12/06/25 05:14:10 - 3:09:51 - Score:129971496.0, Count:2
                                     
INFO - 12/06/25 05:14:10 - 3:09:51 - Score:129799590.0, Count:2
                                     
INFO - 12/06/25 05:14:10 - 3:09:51 - Score:129281650.0, Count:2
                                     
INFO - 12/06/25 05:14:10 - 3:09:51 - Score:128276536.0, Count:2
                                     
INFO - 12/06/25 05:14:10 - 3:09:51 - Score:128257390.0, Count:2
                                     
INFO - 12/06/25 05:14:10 - 3:09:51 - Score:128257040.0, Count:2
                                     
INFO - 12/06/25 05:14:10 - 3:09:51 - Score:128251380.0, Count:2
                                     
INFO - 12/06/25 05:14:10 - 3:09:51 - Score:128201800.0, Count:2
                                     
INFO - 12/06/25 05:14:10 - 3:09:51 - Score:128156870.0, Count:2
                                     
INFO - 12/06/25 05:14:10 - 3:09:51 - Score:128133050.0, Count:2
                                     
INFO - 12/06/25 05:14:10 - 3:09:51 - Score:128033480.0, Count:2
                                     
INFO - 12/06/25 05:14:10 - 3:09:51 - Score:127973870.0, Count:2
                                     
INFO - 12/06/25 05:14:10 - 3:09:51 - Score:127856370.0, Count:2
                                     
INFO - 12/06/25 05:14:10 - 3:09:51 - Score:127740180.0, Count:1
                                     
INFO - 12/06/25 05:14:10 - 3:09:51 - Score:127699490.0, Count:2
                                     
INFO - 12/06/25 05:14:10 - 3:09:51 - Score:127677290.0, Count:2
                                     
INFO - 12/06/25 05:14:10 - 3:09:51 - Score:127572350.0, Count:2
                                     
INFO - 12/06/25 05:14:10 - 3:09:51 - Score:127301624.0, Count:2
                                     
INFO - 12/06/25 05:14:10 - 3:09:51 - Score:127258600.0, Count:1
                                     
INFO - 12/06/25 05:14:10 - 3:09:51 - Score:127114240.0, Count:2
                                     
INFO - 12/06/25 05:14:10 - 3:09:51 - Score:127091230.0, Count:2
                                     
INFO - 12/06/25 05:14:10 - 3:09:51 - Score:126895576.0, Count:0
                                     
INFO - 12/06/25 05:14:10 - 3:09:51 - tokenizing
INFO - 12/06/25 05:14:10 - 3:09:51 - Loading tokenizer from /home/yuebi/Project/dim21_run/dim21_run_1/1111/tokenizer_data/tokenizer.json...
INFO - 12/06/25 05:14:10 - 3:09:51 - 0 / 100
INFO - 12/06/25 05:14:10 - 3:09:51 - number of examples in the dataset: 100
INFO - 12/06/25 05:14:10 - 3:09:51 - max word length: 181
INFO - 12/06/25 05:14:10 - 3:09:51 - number of unique characters in the vocabulary: 15
INFO - 12/06/25 05:14:10 - 3:09:51 - vocabulary:
INFO - 12/06/25 05:14:10 - 3:09:51 - ['V0', 'V1', 'V2', 'V3', 'V4', 'V5', 'V6', 'V7', 'V8', 'V9', 'V10', 'V11', 'V12', 'V13', 'V14']
INFO - 12/06/25 05:14:10 - 3:09:51 - split up the dataset into 90 training examples and 10 test examples
INFO - 12/06/25 05:14:10 - 3:09:51 - ============ Start of generation 3 ============
INFO - 12/06/25 05:14:10 - 3:09:51 - Memory allocated:  45.82MB, reserved: 10106.00MB
INFO - 12/06/25 05:14:10 - 3:09:51 - training
INFO - 12/06/25 05:14:11 - 3:09:52 - step 0 | loss 0.3749 | step time 293.95ms
INFO - 12/06/25 05:14:39 - 3:10:20 - step 100 | loss 0.0291 | step time 286.79ms
INFO - 12/06/25 05:15:08 - 3:10:49 - step 200 | loss 0.0496 | step time 286.81ms
INFO - 12/06/25 05:15:37 - 3:11:18 - step 300 | loss 0.0262 | step time 286.70ms
INFO - 12/06/25 05:16:05 - 3:11:46 - step 400 | loss 0.0267 | step time 286.97ms
INFO - 12/06/25 05:16:34 - 3:12:15 - step 500 | loss 0.0420 | step time 286.82ms
INFO - 12/06/25 05:16:34 - 3:12:15 - step 500 train loss: 0.041968945413827896 test loss: 1.0526779890060425
INFO - 12/06/25 05:16:34 - 3:12:15 - test loss 1.0526779890060425 is the best so far, saving model to /home/yuebi/Project/dim21_run/dim21_run_1/1111/model.pt
INFO - 12/06/25 05:17:03 - 3:12:44 - step 600 | loss 0.0267 | step time 286.94ms
INFO - 12/06/25 05:17:32 - 3:13:13 - step 700 | loss 0.0284 | step time 286.76ms
INFO - 12/06/25 05:18:00 - 3:13:41 - step 800 | loss 0.0275 | step time 287.19ms
INFO - 12/06/25 05:18:29 - 3:14:10 - step 900 | loss 0.0282 | step time 286.86ms
INFO - 12/06/25 05:18:58 - 3:14:39 - step 1000 | loss 0.0388 | step time 286.77ms
INFO - 12/06/25 05:18:58 - 3:14:39 - step 1000 train loss: 0.03765803575515747 test loss: 1.2971301078796387
INFO - 12/06/25 05:19:27 - 3:15:08 - step 1100 | loss 0.0265 | step time 287.23ms
INFO - 12/06/25 05:19:55 - 3:15:37 - step 1200 | loss 0.0261 | step time 286.78ms
INFO - 12/06/25 05:20:24 - 3:16:05 - step 1300 | loss 0.0467 | step time 286.63ms
INFO - 12/06/25 05:20:53 - 3:16:34 - step 1400 | loss 0.0264 | step time 287.25ms
INFO - 12/06/25 05:21:21 - 3:17:02 - Memory allocated:  45.82MB, reserved: 10106.00MB
INFO - 12/06/25 05:21:21 - 3:17:02 - generating
INFO - 12/06/25 05:34:23 - 0:00:00 - ============ Initialized logger ============
INFO - 12/06/25 05:34:23 - 0:00:00 - batch_size: 32
                                     command: python fc_loop.py --exp_name=dim21_run_1 --dump_path=/home/yuebi/Project/dim21_run --num_initial_empty_objects=800 --final_database_size=100 --target_db_size=100 --nb_local_searches=800 --max_epochs=20 --type=transformer --max-output-length=350 --sample-only=25000 --max-steps=1500 --n_tokens=15 --n-layer=8 --n-embd=128 --n-embd2=128 --exp_id=1111 --exp_id "1111"
                                     cpu: False
                                     debug: False
                                     debug_slurm: False
                                     dump_path: /home/yuebi/Project/dim21_run/dim21_run_1/1111
                                     exp_id: 1111
                                     exp_name: dim21_run_1
                                     final_database_size: 100
                                     gen_batch_size: 1000
                                     global_rank: 0
                                     is_master: True
                                     is_slurm_job: True
                                     learning_rate: 0.0005
                                     local_rank: 0
                                     master_addr: gpu-6
                                     master_port: -1
                                     max_epochs: 20
                                     max_output_length: 350
                                     max_steps: 1500
                                     multi_gpu: False
                                     multi_node: False
                                     n_embd: 128
                                     n_embd2: 128
                                     n_gpu_per_node: 1
                                     n_head: 8
                                     n_layer: 8
                                     n_nodes: 1
                                     n_tokens: 15
                                     nb_local_searches: 800
                                     nb_threads: 1
                                     node_id: 0
                                     num_initial_empty_objects: 800
                                     num_workers: 8
                                     sample_only: 25000
                                     seed: -1
                                     target_db_size: 100
                                     temperature: 1.0
                                     top_k: -1
                                     type: transformer
                                     weight_decay: 0.01
                                     world_size: 1
INFO - 12/06/25 05:34:23 - 0:00:00 - The experiment will be stored in /home/yuebi/Project/dim21_run/dim21_run_1/1111
                                     
INFO - 12/06/25 05:34:23 - 0:00:00 - Running command: python fc_loop.py --exp_name=dim21_run_1 --dump_path=/home/yuebi/Project/dim21_run --num_initial_empty_objects=800 --final_database_size=100 --target_db_size=100 --nb_local_searches=800 --max_epochs=20 --type=transformer --max-output-length=350 --sample-only=25000 --max-steps=1500 --n_tokens=15 --n-layer=8 --n-embd=128 --n-embd2=128 --exp_id=1111

WARNING - 12/06/25 05:34:23 - 0:00:00 - Signal handler installed.
INFO - 12/06/25 05:34:23 - 0:00:00 - seed: 17650177
INFO - 12/06/25 05:34:23 - 0:00:00 - initializing at generation: 3
INFO - 12/06/25 05:34:23 - 0:00:00 - number of examples in the dataset: 100
INFO - 12/06/25 05:34:23 - 0:00:00 - max word length: 181
INFO - 12/06/25 05:34:23 - 0:00:00 - number of unique characters in the vocabulary: 15
INFO - 12/06/25 05:34:23 - 0:00:00 - vocabulary:
INFO - 12/06/25 05:34:23 - 0:00:00 - ['V0', 'V1', 'V2', 'V3', 'V4', 'V5', 'V6', 'V7', 'V8', 'V9', 'V10', 'V11', 'V12', 'V13', 'V14']
INFO - 12/06/25 05:34:23 - 0:00:00 - split up the dataset into 90 training examples and 10 test examples
INFO - 12/06/25 05:34:23 - 0:00:00 - dataset determined that: vocab_size=16, block_size=351
INFO - 12/06/25 05:34:23 - 0:00:00 - model #params: 1635456
INFO - 12/06/25 05:34:23 - 0:00:00 - resuming from existing model
INFO - 12/06/25 05:34:23 - 0:00:00 - ============ Start of generation 3 ============
INFO - 12/06/25 05:34:23 - 0:00:00 - Memory allocated:  10.00MB, reserved: 22.00MB
INFO - 12/06/25 05:34:23 - 0:00:00 - training
INFO - 12/06/25 05:34:29 - 0:00:05 - step 0 | loss 0.0655 | step time 609.59ms
INFO - 12/06/25 05:34:57 - 0:00:34 - step 100 | loss 0.0279 | step time 286.40ms
INFO - 12/06/25 05:35:26 - 0:01:03 - step 200 | loss 0.0283 | step time 286.32ms
INFO - 12/06/25 05:35:54 - 0:01:31 - step 300 | loss 0.0435 | step time 286.51ms
INFO - 12/06/25 05:36:23 - 0:02:00 - step 400 | loss 0.0262 | step time 286.18ms
INFO - 12/06/25 05:36:52 - 0:02:28 - step 500 | loss 0.0277 | step time 286.65ms
INFO - 12/06/25 05:36:52 - 0:02:29 - step 500 train loss: 0.027273621410131454 test loss: 0.2896438241004944
INFO - 12/06/25 05:36:52 - 0:02:29 - test loss 0.2896438241004944 is the best so far, saving model to /home/yuebi/Project/dim21_run/dim21_run_1/1111/model.pt
INFO - 12/06/25 05:37:21 - 0:02:57 - step 600 | loss 0.0272 | step time 285.90ms
INFO - 12/06/25 05:37:49 - 0:03:26 - step 700 | loss 0.0265 | step time 286.52ms
INFO - 12/06/25 05:38:18 - 0:03:55 - step 800 | loss 0.0261 | step time 286.04ms
INFO - 12/06/25 05:38:47 - 0:04:23 - step 900 | loss 0.0272 | step time 286.02ms
INFO - 12/06/25 05:39:15 - 0:04:52 - step 1000 | loss 0.0265 | step time 286.44ms
INFO - 12/06/25 05:39:15 - 0:04:52 - step 1000 train loss: 0.027180442586541176 test loss: 0.374756395816803
INFO - 12/06/25 05:39:44 - 0:05:21 - step 1100 | loss 0.0263 | step time 286.09ms
INFO - 12/06/25 05:40:13 - 0:05:49 - step 1200 | loss 0.0272 | step time 286.59ms
INFO - 12/06/25 05:40:41 - 0:06:18 - step 1300 | loss 0.0462 | step time 286.47ms
INFO - 12/06/25 05:41:10 - 0:06:47 - step 1400 | loss 0.0264 | step time 286.06ms
INFO - 12/06/25 05:41:38 - 0:07:15 - Memory allocated:  45.82MB, reserved: 3306.00MB
INFO - 12/06/25 05:41:38 - 0:07:15 - generating
INFO - 12/06/25 08:36:15 - 3:01:52 - distribution of sample lengths: average: 552.474 max: 576
INFO - 12/06/25 08:36:15 - 3:01:52 - printed 25000 samples
INFO - 12/06/25 08:36:15 - 3:01:52 - decoding
INFO - 12/06/25 08:36:16 - 3:01:53 - Decoding complete. Check the output in /home/yuebi/Project/dim21_run/dim21_run_1/1111/transformer-output-decoded.txt
INFO - 12/06/25 08:36:16 - 3:01:53 - Memory allocated:  45.82MB, reserved: 10106.00MB
INFO - 12/06/25 08:36:16 - 3:01:53 - ============ End of generation 3 ============
INFO - 12/06/25 08:36:16 - 3:01:53 - launching search.jl
INFO - 12/06/25 08:36:16 - 3:01:53 - JULIA_NUM_THREADS is set to 1
INFO - 12/06/25 08:44:24 - 3:10:00 - distribution of scores(all rounds)
INFO - 12/06/25 08:44:24 - 3:10:00 - Score:195312500.0, Count:4
                                     
INFO - 12/06/25 08:44:24 - 3:10:00 - Score:138365740.0, Count:3
                                     
INFO - 12/06/25 08:44:24 - 3:10:00 - Score:137114880.0, Count:3
                                     
INFO - 12/06/25 08:44:24 - 3:10:00 - Score:136546740.0, Count:2
                                     
INFO - 12/06/25 08:44:24 - 3:10:00 - Score:135978050.0, Count:3
                                     
INFO - 12/06/25 08:44:24 - 3:10:00 - Score:135860180.0, Count:3
                                     
INFO - 12/06/25 08:44:24 - 3:10:00 - Score:135809470.0, Count:3
                                     
INFO - 12/06/25 08:44:24 - 3:10:00 - Score:135345730.0, Count:3
                                     
INFO - 12/06/25 08:44:24 - 3:10:00 - Score:135130720.0, Count:3
                                     
INFO - 12/06/25 08:44:24 - 3:10:00 - Score:135115380.0, Count:3
                                     
INFO - 12/06/25 08:44:24 - 3:10:00 - Score:134381200.0, Count:3
                                     
INFO - 12/06/25 08:44:24 - 3:10:00 - Score:134312200.0, Count:3
                                     
INFO - 12/06/25 08:44:24 - 3:10:00 - Score:133593290.0, Count:3
                                     
INFO - 12/06/25 08:44:24 - 3:10:00 - Score:133122024.0, Count:3
                                     
INFO - 12/06/25 08:44:24 - 3:10:00 - Score:132952104.0, Count:3
                                     
INFO - 12/06/25 08:44:24 - 3:10:00 - Score:132766620.0, Count:3
                                     
INFO - 12/06/25 08:44:24 - 3:10:00 - Score:132348090.0, Count:3
                                     
INFO - 12/06/25 08:44:24 - 3:10:00 - Score:132344424.0, Count:3
                                     
INFO - 12/06/25 08:44:24 - 3:10:00 - Score:131860690.0, Count:2
                                     
INFO - 12/06/25 08:44:24 - 3:10:00 - Score:131807580.0, Count:3
                                     
INFO - 12/06/25 08:44:24 - 3:10:00 - Score:131146400.0, Count:3
                                     
INFO - 12/06/25 08:44:24 - 3:10:00 - Score:131077910.0, Count:3
                                     
INFO - 12/06/25 08:44:24 - 3:10:00 - Score:131026950.0, Count:3
                                     
INFO - 12/06/25 08:44:24 - 3:10:00 - Score:130837090.0, Count:3
                                     
INFO - 12/06/25 08:44:24 - 3:10:00 - Score:130805544.0, Count:3
                                     
INFO - 12/06/25 08:44:24 - 3:10:00 - Score:130539080.0, Count:3
                                     
INFO - 12/06/25 08:44:24 - 3:10:00 - Score:130505400.0, Count:3
                                     
INFO - 12/06/25 08:44:24 - 3:10:00 - Score:130383230.0, Count:3
                                     
INFO - 12/06/25 08:44:24 - 3:10:00 - Score:130253370.0, Count:3
                                     
INFO - 12/06/25 08:44:24 - 3:10:00 - Score:130233144.0, Count:3
                                     
INFO - 12/06/25 08:44:24 - 3:10:00 - Score:129988700.0, Count:3
                                     
INFO - 12/06/25 08:44:24 - 3:10:00 - Score:129971496.0, Count:3
                                     
INFO - 12/06/25 08:44:24 - 3:10:00 - Score:129799590.0, Count:3
                                     
INFO - 12/06/25 08:44:24 - 3:10:00 - Score:129714490.0, Count:1
                                     
INFO - 12/06/25 08:44:24 - 3:10:00 - Score:129291820.0, Count:1
                                     
INFO - 12/06/25 08:44:24 - 3:10:00 - Score:129281650.0, Count:0
                                     
INFO - 12/06/25 08:44:24 - 3:10:00 - tokenizing
INFO - 12/06/25 08:44:24 - 3:10:00 - Loading tokenizer from /home/yuebi/Project/dim21_run/dim21_run_1/1111/tokenizer_data/tokenizer.json...
INFO - 12/06/25 08:44:24 - 3:10:00 - 0 / 100
INFO - 12/06/25 08:44:24 - 3:10:00 - number of examples in the dataset: 100
INFO - 12/06/25 08:44:24 - 3:10:00 - max word length: 181
INFO - 12/06/25 08:44:24 - 3:10:00 - number of unique characters in the vocabulary: 15
INFO - 12/06/25 08:44:24 - 3:10:00 - vocabulary:
INFO - 12/06/25 08:44:24 - 3:10:00 - ['V0', 'V1', 'V2', 'V3', 'V4', 'V5', 'V6', 'V7', 'V8', 'V9', 'V10', 'V11', 'V12', 'V13', 'V14']
INFO - 12/06/25 08:44:24 - 3:10:00 - split up the dataset into 90 training examples and 10 test examples
INFO - 12/06/25 08:44:24 - 3:10:00 - ============ Start of generation 4 ============
INFO - 12/06/25 08:44:24 - 3:10:00 - Memory allocated:  45.82MB, reserved: 10106.00MB
INFO - 12/06/25 08:44:24 - 3:10:00 - training
INFO - 12/06/25 08:44:24 - 3:10:01 - step 0 | loss 0.3681 | step time 295.88ms
INFO - 12/06/25 08:44:53 - 3:10:30 - step 100 | loss 0.0269 | step time 287.58ms
INFO - 12/06/25 08:45:22 - 3:10:58 - step 200 | loss 0.0283 | step time 287.60ms
INFO - 12/06/25 08:45:50 - 3:11:27 - step 300 | loss 0.0270 | step time 287.38ms
INFO - 12/06/25 08:46:19 - 3:11:56 - step 400 | loss 0.0268 | step time 287.63ms
INFO - 12/06/25 08:46:48 - 3:12:25 - step 500 | loss 0.0266 | step time 287.40ms
INFO - 12/06/25 08:46:48 - 3:12:25 - step 500 train loss: 0.02700858935713768 test loss: 0.09876568615436554
INFO - 12/06/25 08:46:48 - 3:12:25 - test loss 0.09876568615436554 is the best so far, saving model to /home/yuebi/Project/dim21_run/dim21_run_1/1111/model.pt
INFO - 12/06/25 08:47:17 - 3:12:54 - step 600 | loss 0.0281 | step time 287.71ms
INFO - 12/06/25 08:47:46 - 3:13:22 - step 700 | loss 0.0271 | step time 287.50ms
INFO - 12/06/25 08:48:14 - 3:13:51 - step 800 | loss 0.0270 | step time 287.68ms
INFO - 12/06/25 08:48:43 - 3:14:20 - step 900 | loss 0.0260 | step time 287.42ms
INFO - 12/06/25 08:49:12 - 3:14:49 - step 1000 | loss 0.0263 | step time 287.48ms
INFO - 12/06/25 08:49:12 - 3:14:49 - step 1000 train loss: 0.026927875354886055 test loss: 0.1895907074213028
INFO - 12/06/25 08:49:41 - 3:15:18 - step 1100 | loss 0.0267 | step time 287.64ms
INFO - 12/06/25 08:50:10 - 3:15:46 - step 1200 | loss 0.0269 | step time 286.34ms
INFO - 12/06/25 08:50:38 - 3:16:15 - step 1300 | loss 0.0531 | step time 286.53ms
INFO - 12/06/25 08:51:07 - 3:16:44 - step 1400 | loss 0.0262 | step time 286.58ms
INFO - 12/06/25 08:51:35 - 3:17:12 - Memory allocated:  45.82MB, reserved: 10106.00MB
INFO - 12/06/25 08:51:35 - 3:17:12 - generating
INFO - 12/06/25 09:04:28 - 0:00:00 - ============ Initialized logger ============
INFO - 12/06/25 09:04:28 - 0:00:00 - batch_size: 32
                                     command: python fc_loop.py --exp_name=dim21_run_1 --dump_path=/home/yuebi/Project/dim21_run --num_initial_empty_objects=800 --final_database_size=100 --target_db_size=100 --nb_local_searches=800 --max_epochs=20 --type=transformer --max-output-length=350 --sample-only=25000 --max-steps=1500 --n_tokens=15 --n-layer=8 --n-embd=128 --n-embd2=128 --exp_id=1111 --exp_id "1111"
                                     cpu: False
                                     debug: False
                                     debug_slurm: False
                                     dump_path: /home/yuebi/Project/dim21_run/dim21_run_1/1111
                                     exp_id: 1111
                                     exp_name: dim21_run_1
                                     final_database_size: 100
                                     gen_batch_size: 1000
                                     global_rank: 0
                                     is_master: True
                                     is_slurm_job: True
                                     learning_rate: 0.0005
                                     local_rank: 0
                                     master_addr: gpu-6
                                     master_port: -1
                                     max_epochs: 20
                                     max_output_length: 350
                                     max_steps: 1500
                                     multi_gpu: False
                                     multi_node: False
                                     n_embd: 128
                                     n_embd2: 128
                                     n_gpu_per_node: 1
                                     n_head: 8
                                     n_layer: 8
                                     n_nodes: 1
                                     n_tokens: 15
                                     nb_local_searches: 800
                                     nb_threads: 1
                                     node_id: 0
                                     num_initial_empty_objects: 800
                                     num_workers: 8
                                     sample_only: 25000
                                     seed: -1
                                     target_db_size: 100
                                     temperature: 1.0
                                     top_k: -1
                                     type: transformer
                                     weight_decay: 0.01
                                     world_size: 1
INFO - 12/06/25 09:04:28 - 0:00:00 - The experiment will be stored in /home/yuebi/Project/dim21_run/dim21_run_1/1111
                                     
INFO - 12/06/25 09:04:28 - 0:00:00 - Running command: python fc_loop.py --exp_name=dim21_run_1 --dump_path=/home/yuebi/Project/dim21_run --num_initial_empty_objects=800 --final_database_size=100 --target_db_size=100 --nb_local_searches=800 --max_epochs=20 --type=transformer --max-output-length=350 --sample-only=25000 --max-steps=1500 --n_tokens=15 --n-layer=8 --n-embd=128 --n-embd2=128 --exp_id=1111

WARNING - 12/06/25 09:04:28 - 0:00:00 - Signal handler installed.
INFO - 12/06/25 09:04:28 - 0:00:00 - seed: 251178988
INFO - 12/06/25 09:04:28 - 0:00:00 - initializing at generation: 4
INFO - 12/06/25 09:04:28 - 0:00:00 - number of examples in the dataset: 100
INFO - 12/06/25 09:04:28 - 0:00:00 - max word length: 181
INFO - 12/06/25 09:04:28 - 0:00:00 - number of unique characters in the vocabulary: 15
INFO - 12/06/25 09:04:28 - 0:00:00 - vocabulary:
INFO - 12/06/25 09:04:28 - 0:00:00 - ['V0', 'V1', 'V2', 'V3', 'V4', 'V5', 'V6', 'V7', 'V8', 'V9', 'V10', 'V11', 'V12', 'V13', 'V14']
INFO - 12/06/25 09:04:28 - 0:00:00 - split up the dataset into 90 training examples and 10 test examples
INFO - 12/06/25 09:04:28 - 0:00:00 - dataset determined that: vocab_size=16, block_size=351
INFO - 12/06/25 09:04:28 - 0:00:00 - model #params: 1635456
INFO - 12/06/25 09:04:28 - 0:00:00 - resuming from existing model
INFO - 12/06/25 09:04:28 - 0:00:00 - ============ Start of generation 4 ============
INFO - 12/06/25 09:04:28 - 0:00:00 - Memory allocated:  10.00MB, reserved: 22.00MB
INFO - 12/06/25 09:04:28 - 0:00:00 - training
INFO - 12/06/25 09:04:33 - 0:00:05 - step 0 | loss 0.0298 | step time 623.77ms
INFO - 12/06/25 09:05:02 - 0:00:34 - step 100 | loss 0.0271 | step time 286.11ms
INFO - 12/06/25 09:05:30 - 0:01:02 - step 200 | loss 0.0290 | step time 286.39ms
INFO - 12/06/25 09:05:59 - 0:01:31 - step 300 | loss 0.0269 | step time 286.38ms
INFO - 12/06/25 09:06:27 - 0:01:59 - step 400 | loss 0.0278 | step time 286.18ms
INFO - 12/06/25 09:06:56 - 0:02:28 - step 500 | loss 0.0266 | step time 286.16ms
INFO - 12/06/25 09:06:56 - 0:02:28 - step 500 train loss: 0.026637427508831024 test loss: 0.13011902570724487
INFO - 12/06/25 09:06:56 - 0:02:28 - test loss 0.13011902570724487 is the best so far, saving model to /home/yuebi/Project/dim21_run/dim21_run_1/1111/model.pt
INFO - 12/06/25 09:07:25 - 0:02:57 - step 600 | loss 0.0275 | step time 286.49ms
INFO - 12/06/25 09:07:54 - 0:03:26 - step 700 | loss 0.0263 | step time 286.43ms
INFO - 12/06/25 09:08:22 - 0:03:54 - step 800 | loss 0.0272 | step time 286.42ms
INFO - 12/06/25 09:08:51 - 0:04:23 - step 900 | loss 0.0310 | step time 286.22ms
INFO - 12/06/25 09:09:20 - 0:04:52 - step 1000 | loss 0.0267 | step time 286.45ms
INFO - 12/06/25 09:09:20 - 0:04:52 - step 1000 train loss: 0.026177536696195602 test loss: 0.28305840492248535
INFO - 12/06/25 09:09:49 - 0:05:21 - step 1100 | loss 0.0260 | step time 286.48ms
INFO - 12/06/25 09:10:17 - 0:05:49 - step 1200 | loss 0.0269 | step time 286.51ms
INFO - 12/06/25 09:10:46 - 0:06:18 - step 1300 | loss 0.0259 | step time 286.44ms
INFO - 12/06/25 09:11:14 - 0:06:47 - step 1400 | loss 0.0268 | step time 286.74ms
INFO - 12/06/25 09:11:43 - 0:07:15 - Memory allocated:  45.82MB, reserved: 3306.00MB
INFO - 12/06/25 09:11:43 - 0:07:15 - generating
INFO - 12/06/25 12:06:19 - 3:01:51 - distribution of sample lengths: average: 552.5076 max: 1107
INFO - 12/06/25 12:06:19 - 3:01:51 - printed 25000 samples
INFO - 12/06/25 12:06:19 - 3:01:51 - decoding
INFO - 12/06/25 12:06:20 - 3:01:52 - Decoding complete. Check the output in /home/yuebi/Project/dim21_run/dim21_run_1/1111/transformer-output-decoded.txt
INFO - 12/06/25 12:06:20 - 3:01:52 - Memory allocated:  45.82MB, reserved: 10106.00MB
INFO - 12/06/25 12:06:20 - 3:01:52 - ============ End of generation 4 ============
INFO - 12/06/25 12:06:20 - 3:01:52 - launching search.jl
INFO - 12/06/25 12:06:20 - 3:01:52 - JULIA_NUM_THREADS is set to 1
INFO - 12/06/25 12:14:37 - 3:10:10 - distribution of scores(all rounds)
INFO - 12/06/25 12:14:37 - 3:10:10 - Score:195312500.0, Count:6
                                     
INFO - 12/06/25 12:14:37 - 3:10:10 - Score:138365740.0, Count:4
                                     
INFO - 12/06/25 12:14:37 - 3:10:10 - Score:137114880.0, Count:4
                                     
INFO - 12/06/25 12:14:37 - 3:10:10 - Score:136546740.0, Count:3
                                     
INFO - 12/06/25 12:14:37 - 3:10:10 - Score:135978050.0, Count:4
                                     
INFO - 12/06/25 12:14:37 - 3:10:10 - Score:135860180.0, Count:4
                                     
INFO - 12/06/25 12:14:37 - 3:10:10 - Score:135809470.0, Count:4
                                     
INFO - 12/06/25 12:14:37 - 3:10:10 - Score:135345730.0, Count:4
                                     
INFO - 12/06/25 12:14:37 - 3:10:10 - Score:135130720.0, Count:4
                                     
INFO - 12/06/25 12:14:37 - 3:10:10 - Score:135115380.0, Count:4
                                     
INFO - 12/06/25 12:14:37 - 3:10:10 - Score:134381200.0, Count:4
                                     
INFO - 12/06/25 12:14:37 - 3:10:10 - Score:134312200.0, Count:4
                                     
INFO - 12/06/25 12:14:37 - 3:10:10 - Score:133593290.0, Count:4
                                     
INFO - 12/06/25 12:14:37 - 3:10:10 - Score:133122024.0, Count:4
                                     
INFO - 12/06/25 12:14:37 - 3:10:10 - Score:133114856.0, Count:1
                                     
INFO - 12/06/25 12:14:37 - 3:10:10 - Score:132952104.0, Count:4
                                     
INFO - 12/06/25 12:14:37 - 3:10:10 - Score:132766620.0, Count:4
                                     
INFO - 12/06/25 12:14:37 - 3:10:10 - Score:132687630.0, Count:1
                                     
INFO - 12/06/25 12:14:37 - 3:10:10 - Score:132348090.0, Count:4
                                     
INFO - 12/06/25 12:14:37 - 3:10:10 - Score:132344424.0, Count:4
                                     
INFO - 12/06/25 12:14:37 - 3:10:10 - Score:131860690.0, Count:3
                                     
INFO - 12/06/25 12:14:37 - 3:10:10 - Score:131807580.0, Count:4
                                     
INFO - 12/06/25 12:14:37 - 3:10:10 - Score:131146400.0, Count:4
                                     
INFO - 12/06/25 12:14:37 - 3:10:10 - Score:131077910.0, Count:4
                                     
INFO - 12/06/25 12:14:37 - 3:10:10 - Score:131026950.0, Count:4
                                     
INFO - 12/06/25 12:14:37 - 3:10:10 - Score:130837090.0, Count:4
                                     
INFO - 12/06/25 12:14:37 - 3:10:10 - Score:130805544.0, Count:2
                                     
INFO - 12/06/25 12:14:37 - 3:10:10 - tokenizing
INFO - 12/06/25 12:14:37 - 3:10:10 - Loading tokenizer from /home/yuebi/Project/dim21_run/dim21_run_1/1111/tokenizer_data/tokenizer.json...
INFO - 12/06/25 12:14:37 - 3:10:10 - 0 / 100
INFO - 12/06/25 12:14:37 - 3:10:10 - number of examples in the dataset: 100
INFO - 12/06/25 12:14:37 - 3:10:10 - max word length: 181
INFO - 12/06/25 12:14:37 - 3:10:10 - number of unique characters in the vocabulary: 15
INFO - 12/06/25 12:14:37 - 3:10:10 - vocabulary:
INFO - 12/06/25 12:14:37 - 3:10:10 - ['V0', 'V1', 'V2', 'V3', 'V4', 'V5', 'V6', 'V7', 'V8', 'V9', 'V10', 'V11', 'V12', 'V13', 'V14']
INFO - 12/06/25 12:14:37 - 3:10:10 - split up the dataset into 90 training examples and 10 test examples
INFO - 12/06/25 12:14:37 - 3:10:10 - ============ Start of generation 5 ============
INFO - 12/06/25 12:14:37 - 3:10:10 - Memory allocated:  45.82MB, reserved: 10106.00MB
INFO - 12/06/25 12:14:37 - 3:10:10 - training
INFO - 12/06/25 12:14:38 - 3:10:10 - step 0 | loss 0.0527 | step time 293.64ms
INFO - 12/06/25 12:15:07 - 3:10:39 - step 100 | loss 0.0266 | step time 286.56ms
INFO - 12/06/25 12:15:35 - 3:11:07 - step 200 | loss 0.0264 | step time 286.15ms
INFO - 12/06/25 12:16:04 - 3:11:36 - step 300 | loss 0.0255 | step time 286.94ms
INFO - 12/06/25 12:16:32 - 3:12:05 - step 400 | loss 0.0262 | step time 286.08ms
INFO - 12/06/25 12:17:01 - 3:12:33 - step 500 | loss 0.0256 | step time 286.55ms
INFO - 12/06/25 12:17:01 - 3:12:33 - step 500 train loss: 0.026586662977933884 test loss: 0.06156514957547188
INFO - 12/06/25 12:17:01 - 3:12:33 - test loss 0.06156514957547188 is the best so far, saving model to /home/yuebi/Project/dim21_run/dim21_run_1/1111/model.pt
INFO - 12/06/25 12:17:30 - 3:13:02 - step 600 | loss 0.0263 | step time 286.39ms
INFO - 12/06/25 12:17:59 - 3:13:31 - step 700 | loss 0.0266 | step time 286.29ms
INFO - 12/06/25 12:18:27 - 3:13:59 - step 800 | loss 0.0258 | step time 286.37ms
INFO - 12/06/25 12:18:56 - 3:14:28 - step 900 | loss 0.0260 | step time 286.52ms
INFO - 12/06/25 12:19:25 - 3:14:57 - step 1000 | loss 0.0264 | step time 286.40ms
INFO - 12/06/25 12:19:25 - 3:14:57 - step 1000 train loss: 0.026225749403238297 test loss: 0.14483176171779633
INFO - 12/06/25 12:19:54 - 3:15:26 - step 1100 | loss 0.0267 | step time 286.38ms
INFO - 12/06/25 12:20:22 - 3:15:54 - step 1200 | loss 0.0268 | step time 286.74ms
INFO - 12/06/25 12:20:51 - 3:16:23 - step 1300 | loss 0.0434 | step time 286.24ms
INFO - 12/06/25 12:21:20 - 3:16:52 - step 1400 | loss 0.0257 | step time 286.60ms
INFO - 12/06/25 12:21:48 - 3:17:20 - Memory allocated:  45.82MB, reserved: 10106.00MB
INFO - 12/06/25 12:21:48 - 3:17:20 - generating
INFO - 12/06/25 12:34:37 - 0:00:00 - ============ Initialized logger ============
INFO - 12/06/25 12:34:37 - 0:00:00 - batch_size: 32
                                     command: python fc_loop.py --exp_name=dim21_run_1 --dump_path=/home/yuebi/Project/dim21_run --num_initial_empty_objects=800 --final_database_size=100 --target_db_size=100 --nb_local_searches=800 --max_epochs=20 --type=transformer --max-output-length=350 --sample-only=25000 --max-steps=1500 --n_tokens=15 --n-layer=8 --n-embd=128 --n-embd2=128 --exp_id=1111 --exp_id "1111"
                                     cpu: False
                                     debug: False
                                     debug_slurm: False
                                     dump_path: /home/yuebi/Project/dim21_run/dim21_run_1/1111
                                     exp_id: 1111
                                     exp_name: dim21_run_1
                                     final_database_size: 100
                                     gen_batch_size: 1000
                                     global_rank: 0
                                     is_master: True
                                     is_slurm_job: True
                                     learning_rate: 0.0005
                                     local_rank: 0
                                     master_addr: gpu-6
                                     master_port: -1
                                     max_epochs: 20
                                     max_output_length: 350
                                     max_steps: 1500
                                     multi_gpu: False
                                     multi_node: False
                                     n_embd: 128
                                     n_embd2: 128
                                     n_gpu_per_node: 1
                                     n_head: 8
                                     n_layer: 8
                                     n_nodes: 1
                                     n_tokens: 15
                                     nb_local_searches: 800
                                     nb_threads: 1
                                     node_id: 0
                                     num_initial_empty_objects: 800
                                     num_workers: 8
                                     sample_only: 25000
                                     seed: -1
                                     target_db_size: 100
                                     temperature: 1.0
                                     top_k: -1
                                     type: transformer
                                     weight_decay: 0.01
                                     world_size: 1
INFO - 12/06/25 12:34:37 - 0:00:00 - The experiment will be stored in /home/yuebi/Project/dim21_run/dim21_run_1/1111
                                     
INFO - 12/06/25 12:34:37 - 0:00:00 - Running command: python fc_loop.py --exp_name=dim21_run_1 --dump_path=/home/yuebi/Project/dim21_run --num_initial_empty_objects=800 --final_database_size=100 --target_db_size=100 --nb_local_searches=800 --max_epochs=20 --type=transformer --max-output-length=350 --sample-only=25000 --max-steps=1500 --n_tokens=15 --n-layer=8 --n-embd=128 --n-embd2=128 --exp_id=1111

WARNING - 12/06/25 12:34:37 - 0:00:00 - Signal handler installed.
INFO - 12/06/25 12:34:37 - 0:00:00 - seed: 42217422
INFO - 12/06/25 12:34:37 - 0:00:00 - initializing at generation: 5
INFO - 12/06/25 12:34:37 - 0:00:00 - number of examples in the dataset: 100
INFO - 12/06/25 12:34:37 - 0:00:00 - max word length: 181
INFO - 12/06/25 12:34:37 - 0:00:00 - number of unique characters in the vocabulary: 15
INFO - 12/06/25 12:34:37 - 0:00:00 - vocabulary:
INFO - 12/06/25 12:34:37 - 0:00:00 - ['V0', 'V1', 'V2', 'V3', 'V4', 'V5', 'V6', 'V7', 'V8', 'V9', 'V10', 'V11', 'V12', 'V13', 'V14']
INFO - 12/06/25 12:34:37 - 0:00:00 - split up the dataset into 90 training examples and 10 test examples
INFO - 12/06/25 12:34:37 - 0:00:00 - dataset determined that: vocab_size=16, block_size=351
INFO - 12/06/25 12:34:37 - 0:00:00 - model #params: 1635456
INFO - 12/06/25 12:34:37 - 0:00:00 - resuming from existing model
INFO - 12/06/25 12:34:37 - 0:00:00 - ============ Start of generation 5 ============
INFO - 12/06/25 12:34:37 - 0:00:00 - Memory allocated:  10.00MB, reserved: 22.00MB
INFO - 12/06/25 12:34:37 - 0:00:00 - training
INFO - 12/06/25 12:34:42 - 0:00:05 - step 0 | loss 0.0326 | step time 603.46ms
INFO - 12/06/25 12:35:10 - 0:00:33 - step 100 | loss 0.0263 | step time 286.53ms
INFO - 12/06/25 12:35:39 - 0:01:02 - step 200 | loss 0.0259 | step time 286.58ms
INFO - 12/06/25 12:36:08 - 0:01:31 - step 300 | loss 0.0266 | step time 286.40ms
INFO - 12/06/25 12:36:36 - 0:01:59 - step 400 | loss 0.0266 | step time 286.48ms
INFO - 12/06/25 12:37:05 - 0:02:28 - step 500 | loss 0.0272 | step time 286.84ms
INFO - 12/06/25 12:37:05 - 0:02:28 - step 500 train loss: 0.027488289400935173 test loss: 0.1567157655954361
INFO - 12/06/25 12:37:05 - 0:02:28 - test loss 0.1567157655954361 is the best so far, saving model to /home/yuebi/Project/dim21_run/dim21_run_1/1111/model.pt
INFO - 12/06/25 12:37:34 - 0:02:57 - step 600 | loss 0.0259 | step time 286.73ms
INFO - 12/06/25 12:38:03 - 0:03:26 - step 700 | loss 0.0252 | step time 286.47ms
INFO - 12/06/25 12:38:31 - 0:03:54 - step 800 | loss 0.0270 | step time 286.29ms
INFO - 12/06/25 12:39:00 - 0:04:23 - step 900 | loss 0.0278 | step time 286.37ms
INFO - 12/06/25 12:39:29 - 0:04:52 - step 1000 | loss 0.0267 | step time 286.56ms
INFO - 12/06/25 12:39:29 - 0:04:52 - step 1000 train loss: 0.02641388587653637 test loss: 0.13154257833957672
INFO - 12/06/25 12:39:29 - 0:04:52 - test loss 0.13154257833957672 is the best so far, saving model to /home/yuebi/Project/dim21_run/dim21_run_1/1111/model.pt
INFO - 12/06/25 12:39:58 - 0:05:21 - step 1100 | loss 0.0449 | step time 286.50ms
INFO - 12/06/25 12:40:26 - 0:05:49 - step 1200 | loss 0.0262 | step time 286.82ms
INFO - 12/06/25 12:40:55 - 0:06:18 - step 1300 | loss 0.0259 | step time 286.67ms
INFO - 12/06/25 12:41:24 - 0:06:47 - step 1400 | loss 0.0271 | step time 286.69ms
INFO - 12/06/25 12:41:52 - 0:07:15 - Memory allocated:  45.82MB, reserved: 3306.00MB
INFO - 12/06/25 12:41:52 - 0:07:15 - generating
INFO - 12/06/25 15:36:29 - 3:01:52 - distribution of sample lengths: average: 551.95776 max: 1112
INFO - 12/06/25 15:36:29 - 3:01:52 - printed 25000 samples
INFO - 12/06/25 15:36:29 - 3:01:52 - decoding
INFO - 12/06/25 15:36:30 - 3:01:53 - Decoding complete. Check the output in /home/yuebi/Project/dim21_run/dim21_run_1/1111/transformer-output-decoded.txt
INFO - 12/06/25 15:36:30 - 3:01:53 - Memory allocated:  45.82MB, reserved: 10106.00MB
INFO - 12/06/25 15:36:30 - 3:01:53 - ============ End of generation 5 ============
INFO - 12/06/25 15:36:30 - 3:01:53 - launching search.jl
INFO - 12/06/25 15:36:30 - 3:01:53 - JULIA_NUM_THREADS is set to 1
INFO - 12/06/25 15:44:47 - 3:10:10 - distribution of scores(all rounds)
INFO - 12/06/25 15:44:47 - 3:10:10 - Score:195312500.0, Count:8
                                     
INFO - 12/06/25 15:44:47 - 3:10:10 - Score:138365740.0, Count:5
                                     
INFO - 12/06/25 15:44:47 - 3:10:10 - Score:137114880.0, Count:5
                                     
INFO - 12/06/25 15:44:47 - 3:10:10 - Score:136546740.0, Count:4
                                     
INFO - 12/06/25 15:44:47 - 3:10:10 - Score:135978050.0, Count:5
                                     
INFO - 12/06/25 15:44:47 - 3:10:10 - Score:135860180.0, Count:5
                                     
INFO - 12/06/25 15:44:47 - 3:10:10 - Score:135809470.0, Count:5
                                     
INFO - 12/06/25 15:44:47 - 3:10:10 - Score:135345730.0, Count:5
                                     
INFO - 12/06/25 15:44:47 - 3:10:10 - Score:135130720.0, Count:5
                                     
INFO - 12/06/25 15:44:47 - 3:10:10 - Score:135115380.0, Count:5
                                     
INFO - 12/06/25 15:44:47 - 3:10:10 - Score:134381200.0, Count:5
                                     
INFO - 12/06/25 15:44:47 - 3:10:10 - Score:134312200.0, Count:5
                                     
INFO - 12/06/25 15:44:47 - 3:10:10 - Score:133593290.0, Count:5
                                     
INFO - 12/06/25 15:44:47 - 3:10:10 - Score:133122024.0, Count:5
                                     
INFO - 12/06/25 15:44:47 - 3:10:10 - Score:133114856.0, Count:2
                                     
INFO - 12/06/25 15:44:47 - 3:10:10 - Score:132952104.0, Count:6
                                     
INFO - 12/06/25 15:44:47 - 3:10:10 - Score:132766620.0, Count:5
                                     
INFO - 12/06/25 15:44:47 - 3:10:10 - Score:132687630.0, Count:2
                                     
INFO - 12/06/25 15:44:47 - 3:10:10 - Score:132348090.0, Count:5
                                     
INFO - 12/06/25 15:44:47 - 3:10:10 - Score:132344424.0, Count:5
                                     
INFO - 12/06/25 15:44:47 - 3:10:10 - Score:131860690.0, Count:3
                                     
INFO - 12/06/25 15:44:47 - 3:10:10 - tokenizing
INFO - 12/06/25 15:44:47 - 3:10:10 - Loading tokenizer from /home/yuebi/Project/dim21_run/dim21_run_1/1111/tokenizer_data/tokenizer.json...
INFO - 12/06/25 15:44:47 - 3:10:10 - 0 / 100
INFO - 12/06/25 15:44:47 - 3:10:10 - number of examples in the dataset: 100
INFO - 12/06/25 15:44:47 - 3:10:10 - max word length: 181
INFO - 12/06/25 15:44:47 - 3:10:10 - number of unique characters in the vocabulary: 15
INFO - 12/06/25 15:44:47 - 3:10:10 - vocabulary:
INFO - 12/06/25 15:44:47 - 3:10:10 - ['V0', 'V1', 'V2', 'V3', 'V4', 'V5', 'V6', 'V7', 'V8', 'V9', 'V10', 'V11', 'V12', 'V13', 'V14']
INFO - 12/06/25 15:44:47 - 3:10:10 - split up the dataset into 90 training examples and 10 test examples
INFO - 12/06/25 15:44:47 - 3:10:10 - ============ Start of generation 6 ============
INFO - 12/06/25 15:44:47 - 3:10:10 - Memory allocated:  45.82MB, reserved: 10106.00MB
INFO - 12/06/25 15:44:47 - 3:10:10 - training
INFO - 12/06/25 15:44:47 - 3:10:10 - step 0 | loss 0.2727 | step time 294.04ms
INFO - 12/06/25 15:45:16 - 3:10:39 - step 100 | loss 0.0296 | step time 286.43ms
INFO - 12/06/25 15:45:44 - 3:11:07 - step 200 | loss 0.0254 | step time 286.46ms
INFO - 12/06/25 15:46:13 - 3:11:36 - step 300 | loss 0.0262 | step time 286.68ms
INFO - 12/06/25 15:46:42 - 3:12:05 - step 400 | loss 0.0271 | step time 286.51ms
INFO - 12/06/25 15:47:10 - 3:12:33 - step 500 | loss 0.0301 | step time 286.41ms
INFO - 12/06/25 15:47:11 - 3:12:34 - step 500 train loss: 0.030616626143455505 test loss: 0.17461428046226501
INFO - 12/06/25 15:47:11 - 3:12:34 - test loss 0.17461428046226501 is the best so far, saving model to /home/yuebi/Project/dim21_run/dim21_run_1/1111/model.pt
INFO - 12/06/25 15:47:39 - 3:13:02 - step 600 | loss 0.0263 | step time 285.78ms
INFO - 12/06/25 15:48:08 - 3:13:31 - step 700 | loss 0.0264 | step time 286.63ms
INFO - 12/06/25 15:48:37 - 3:14:00 - step 800 | loss 0.0263 | step time 286.63ms
INFO - 12/06/25 15:49:05 - 3:14:28 - step 900 | loss 0.0265 | step time 287.12ms
INFO - 12/06/25 15:49:34 - 3:14:57 - step 1000 | loss 0.0255 | step time 286.68ms
INFO - 12/06/25 15:49:34 - 3:14:57 - step 1000 train loss: 0.026455862447619438 test loss: 0.1272757351398468
INFO - 12/06/25 15:49:34 - 3:14:57 - test loss 0.1272757351398468 is the best so far, saving model to /home/yuebi/Project/dim21_run/dim21_run_1/1111/model.pt
INFO - 12/06/25 15:50:03 - 3:15:26 - step 1100 | loss 0.0450 | step time 286.67ms
INFO - 12/06/25 15:50:32 - 3:15:55 - step 1200 | loss 0.0257 | step time 286.59ms
INFO - 12/06/25 15:51:00 - 3:16:23 - step 1300 | loss 0.0257 | step time 286.84ms
INFO - 12/06/25 15:51:29 - 3:16:52 - step 1400 | loss 0.0261 | step time 286.58ms
INFO - 12/06/25 15:51:57 - 3:17:20 - Memory allocated:  45.82MB, reserved: 10106.00MB
INFO - 12/06/25 15:51:57 - 3:17:20 - generating
INFO - 12/06/25 16:04:44 - 0:00:00 - ============ Initialized logger ============
INFO - 12/06/25 16:04:44 - 0:00:00 - batch_size: 32
                                     command: python fc_loop.py --exp_name=dim21_run_1 --dump_path=/home/yuebi/Project/dim21_run --num_initial_empty_objects=800 --final_database_size=100 --target_db_size=100 --nb_local_searches=800 --max_epochs=20 --type=transformer --max-output-length=350 --sample-only=25000 --max-steps=1500 --n_tokens=15 --n-layer=8 --n-embd=128 --n-embd2=128 --exp_id=1111 --exp_id "1111"
                                     cpu: False
                                     debug: False
                                     debug_slurm: False
                                     dump_path: /home/yuebi/Project/dim21_run/dim21_run_1/1111
                                     exp_id: 1111
                                     exp_name: dim21_run_1
                                     final_database_size: 100
                                     gen_batch_size: 1000
                                     global_rank: 0
                                     is_master: True
                                     is_slurm_job: True
                                     learning_rate: 0.0005
                                     local_rank: 0
                                     master_addr: gpu-6
                                     master_port: -1
                                     max_epochs: 20
                                     max_output_length: 350
                                     max_steps: 1500
                                     multi_gpu: False
                                     multi_node: False
                                     n_embd: 128
                                     n_embd2: 128
                                     n_gpu_per_node: 1
                                     n_head: 8
                                     n_layer: 8
                                     n_nodes: 1
                                     n_tokens: 15
                                     nb_local_searches: 800
                                     nb_threads: 1
                                     node_id: 0
                                     num_initial_empty_objects: 800
                                     num_workers: 8
                                     sample_only: 25000
                                     seed: -1
                                     target_db_size: 100
                                     temperature: 1.0
                                     top_k: -1
                                     type: transformer
                                     weight_decay: 0.01
                                     world_size: 1
INFO - 12/06/25 16:04:44 - 0:00:00 - The experiment will be stored in /home/yuebi/Project/dim21_run/dim21_run_1/1111
                                     
INFO - 12/06/25 16:04:44 - 0:00:00 - Running command: python fc_loop.py --exp_name=dim21_run_1 --dump_path=/home/yuebi/Project/dim21_run --num_initial_empty_objects=800 --final_database_size=100 --target_db_size=100 --nb_local_searches=800 --max_epochs=20 --type=transformer --max-output-length=350 --sample-only=25000 --max-steps=1500 --n_tokens=15 --n-layer=8 --n-embd=128 --n-embd2=128 --exp_id=1111

WARNING - 12/06/25 16:04:44 - 0:00:00 - Signal handler installed.
INFO - 12/06/25 16:04:44 - 0:00:00 - seed: 234668483
INFO - 12/06/25 16:04:44 - 0:00:00 - initializing at generation: 6
INFO - 12/06/25 16:04:44 - 0:00:00 - number of examples in the dataset: 100
INFO - 12/06/25 16:04:44 - 0:00:00 - max word length: 181
INFO - 12/06/25 16:04:44 - 0:00:00 - number of unique characters in the vocabulary: 15
INFO - 12/06/25 16:04:44 - 0:00:00 - vocabulary:
INFO - 12/06/25 16:04:44 - 0:00:00 - ['V0', 'V1', 'V2', 'V3', 'V4', 'V5', 'V6', 'V7', 'V8', 'V9', 'V10', 'V11', 'V12', 'V13', 'V14']
INFO - 12/06/25 16:04:44 - 0:00:00 - split up the dataset into 90 training examples and 10 test examples
INFO - 12/06/25 16:04:44 - 0:00:00 - dataset determined that: vocab_size=16, block_size=351
INFO - 12/06/25 16:04:44 - 0:00:00 - model #params: 1635456
INFO - 12/06/25 16:04:44 - 0:00:00 - resuming from existing model
INFO - 12/06/25 16:04:44 - 0:00:00 - ============ Start of generation 6 ============
INFO - 12/06/25 16:04:44 - 0:00:00 - Memory allocated:  10.00MB, reserved: 22.00MB
INFO - 12/06/25 16:04:44 - 0:00:00 - training
INFO - 12/06/25 16:04:49 - 0:00:05 - step 0 | loss 0.0280 | step time 618.82ms
INFO - 12/06/25 16:05:18 - 0:00:34 - step 100 | loss 0.0261 | step time 286.66ms
INFO - 12/06/25 16:05:47 - 0:01:03 - step 200 | loss 0.0263 | step time 286.34ms
INFO - 12/06/25 16:06:15 - 0:01:31 - step 300 | loss 0.0268 | step time 286.50ms
INFO - 12/06/25 16:06:44 - 0:02:00 - step 400 | loss 0.0264 | step time 286.48ms
INFO - 12/06/25 16:07:13 - 0:02:29 - step 500 | loss 0.0261 | step time 286.67ms
INFO - 12/06/25 16:07:13 - 0:02:29 - step 500 train loss: 0.02667061798274517 test loss: 0.06621377170085907
INFO - 12/06/25 16:07:13 - 0:02:29 - test loss 0.06621377170085907 is the best so far, saving model to /home/yuebi/Project/dim21_run/dim21_run_1/1111/model.pt
INFO - 12/06/25 16:07:42 - 0:02:58 - step 600 | loss 0.0477 | step time 286.69ms
INFO - 12/06/25 16:08:10 - 0:03:26 - step 700 | loss 0.0261 | step time 286.81ms
INFO - 12/06/25 16:08:39 - 0:03:55 - step 800 | loss 0.0262 | step time 286.53ms
INFO - 12/06/25 16:09:08 - 0:04:24 - step 900 | loss 0.0263 | step time 286.47ms
INFO - 12/06/25 16:09:36 - 0:04:52 - step 1000 | loss 0.0260 | step time 287.50ms
INFO - 12/06/25 16:09:36 - 0:04:53 - step 1000 train loss: 0.02625453658401966 test loss: 0.11130141466856003
INFO - 12/06/25 16:10:05 - 0:05:21 - step 1100 | loss 0.0258 | step time 287.30ms
INFO - 12/06/25 16:10:34 - 0:05:50 - step 1200 | loss 0.0262 | step time 287.35ms
INFO - 12/06/25 16:11:03 - 0:06:19 - step 1300 | loss 0.0266 | step time 286.53ms
INFO - 12/06/25 16:11:31 - 0:06:47 - step 1400 | loss 0.0260 | step time 287.32ms
INFO - 12/06/25 16:12:00 - 0:07:16 - Memory allocated:  45.82MB, reserved: 3306.00MB
INFO - 12/06/25 16:12:00 - 0:07:16 - generating
INFO - 12/06/25 19:06:35 - 3:01:51 - distribution of sample lengths: average: 552.75548 max: 1110
INFO - 12/06/25 19:06:35 - 3:01:51 - printed 25000 samples
INFO - 12/06/25 19:06:35 - 3:01:51 - decoding
INFO - 12/06/25 19:06:36 - 3:01:52 - Decoding complete. Check the output in /home/yuebi/Project/dim21_run/dim21_run_1/1111/transformer-output-decoded.txt
INFO - 12/06/25 19:06:36 - 3:01:52 - Memory allocated:  45.82MB, reserved: 10106.00MB
INFO - 12/06/25 19:06:36 - 3:01:52 - ============ End of generation 6 ============
INFO - 12/06/25 19:06:36 - 3:01:52 - launching search.jl
INFO - 12/06/25 19:06:36 - 3:01:52 - JULIA_NUM_THREADS is set to 1
INFO - 12/06/25 19:14:49 - 3:10:05 - distribution of scores(all rounds)
INFO - 12/06/25 19:14:49 - 3:10:05 - Score:195312500.0, Count:10
                                     
INFO - 12/06/25 19:14:49 - 3:10:05 - Score:140035790.0, Count:1
                                     
INFO - 12/06/25 19:14:49 - 3:10:05 - Score:138365740.0, Count:6
                                     
INFO - 12/06/25 19:14:49 - 3:10:05 - Score:137114880.0, Count:6
                                     
INFO - 12/06/25 19:14:49 - 3:10:05 - Score:136546740.0, Count:5
                                     
INFO - 12/06/25 19:14:49 - 3:10:05 - Score:135978050.0, Count:6
                                     
INFO - 12/06/25 19:14:49 - 3:10:05 - Score:135860180.0, Count:6
                                     
INFO - 12/06/25 19:14:49 - 3:10:05 - Score:135809470.0, Count:6
                                     
INFO - 12/06/25 19:14:49 - 3:10:05 - Score:135345730.0, Count:6
                                     
INFO - 12/06/25 19:14:49 - 3:10:05 - Score:135130720.0, Count:6
                                     
INFO - 12/06/25 19:14:49 - 3:10:05 - Score:135115380.0, Count:6
                                     
INFO - 12/06/25 19:14:49 - 3:10:05 - Score:134381200.0, Count:6
                                     
INFO - 12/06/25 19:14:49 - 3:10:05 - Score:134312200.0, Count:6
                                     
INFO - 12/06/25 19:14:49 - 3:10:05 - Score:133593290.0, Count:6
                                     
INFO - 12/06/25 19:14:49 - 3:10:05 - Score:133122024.0, Count:6
                                     
INFO - 12/06/25 19:14:49 - 3:10:05 - Score:133114856.0, Count:3
                                     
INFO - 12/06/25 19:14:49 - 3:10:05 - Score:132952104.0, Count:8
                                     
INFO - 12/06/25 19:14:49 - 3:10:05 - Score:132766620.0, Count:1
                                     
INFO - 12/06/25 19:14:49 - 3:10:05 - tokenizing
INFO - 12/06/25 19:14:49 - 3:10:05 - Loading tokenizer from /home/yuebi/Project/dim21_run/dim21_run_1/1111/tokenizer_data/tokenizer.json...
INFO - 12/06/25 19:14:49 - 3:10:05 - 0 / 100
INFO - 12/06/25 19:14:49 - 3:10:05 - number of examples in the dataset: 100
INFO - 12/06/25 19:14:49 - 3:10:05 - max word length: 181
INFO - 12/06/25 19:14:49 - 3:10:05 - number of unique characters in the vocabulary: 15
INFO - 12/06/25 19:14:49 - 3:10:05 - vocabulary:
INFO - 12/06/25 19:14:49 - 3:10:05 - ['V0', 'V1', 'V2', 'V3', 'V4', 'V5', 'V6', 'V7', 'V8', 'V9', 'V10', 'V11', 'V12', 'V13', 'V14']
INFO - 12/06/25 19:14:49 - 3:10:05 - split up the dataset into 90 training examples and 10 test examples
INFO - 12/06/25 19:14:49 - 3:10:05 - ============ Start of generation 7 ============
INFO - 12/06/25 19:14:49 - 3:10:05 - Memory allocated:  45.82MB, reserved: 10106.00MB
INFO - 12/06/25 19:14:49 - 3:10:05 - training
INFO - 12/06/25 19:14:49 - 3:10:05 - step 0 | loss 0.3141 | step time 294.32ms
INFO - 12/06/25 19:15:18 - 3:10:34 - step 100 | loss 0.0265 | step time 286.79ms
INFO - 12/06/25 19:15:47 - 3:11:03 - step 200 | loss 0.0263 | step time 286.64ms
INFO - 12/06/25 19:16:15 - 3:11:31 - step 300 | loss 0.0261 | step time 287.82ms
INFO - 12/06/25 19:16:44 - 3:12:00 - step 400 | loss 0.0266 | step time 287.72ms
INFO - 12/06/25 19:17:13 - 3:12:29 - step 500 | loss 0.0404 | step time 287.43ms
INFO - 12/06/25 19:17:13 - 3:12:29 - step 500 train loss: 0.033664364367723465 test loss: 0.1566982865333557
INFO - 12/06/25 19:17:13 - 3:12:29 - test loss 0.1566982865333557 is the best so far, saving model to /home/yuebi/Project/dim21_run/dim21_run_1/1111/model.pt
INFO - 12/06/25 19:17:42 - 3:12:58 - step 600 | loss 0.0258 | step time 287.65ms
INFO - 12/06/25 19:18:11 - 3:13:27 - step 700 | loss 0.0254 | step time 287.05ms
INFO - 12/06/25 19:18:39 - 3:13:56 - step 800 | loss 0.0256 | step time 287.81ms
INFO - 12/06/25 19:19:08 - 3:14:24 - step 900 | loss 0.0258 | step time 287.86ms
INFO - 12/06/25 19:19:37 - 3:14:53 - step 1000 | loss 0.0262 | step time 287.83ms
INFO - 12/06/25 19:19:37 - 3:14:53 - step 1000 train loss: 0.026308126747608185 test loss: 0.11849597096443176
INFO - 12/06/25 19:19:37 - 3:14:53 - test loss 0.11849597096443176 is the best so far, saving model to /home/yuebi/Project/dim21_run/dim21_run_1/1111/model.pt
INFO - 12/06/25 19:20:06 - 3:15:22 - step 1100 | loss 0.0258 | step time 287.21ms
INFO - 12/06/25 19:20:35 - 3:15:51 - step 1200 | loss 0.0259 | step time 287.63ms
INFO - 12/06/25 19:21:04 - 3:16:20 - step 1300 | loss 0.0264 | step time 287.69ms
INFO - 12/06/25 19:21:32 - 3:16:48 - step 1400 | loss 0.0261 | step time 287.86ms
INFO - 12/06/25 19:22:01 - 3:17:17 - Memory allocated:  45.82MB, reserved: 10106.00MB
INFO - 12/06/25 19:22:01 - 3:17:17 - generating
INFO - 12/06/25 19:34:48 - 0:00:00 - ============ Initialized logger ============
INFO - 12/06/25 19:34:48 - 0:00:00 - batch_size: 32
                                     command: python fc_loop.py --exp_name=dim21_run_1 --dump_path=/home/yuebi/Project/dim21_run --num_initial_empty_objects=800 --final_database_size=100 --target_db_size=100 --nb_local_searches=800 --max_epochs=20 --type=transformer --max-output-length=350 --sample-only=25000 --max-steps=1500 --n_tokens=15 --n-layer=8 --n-embd=128 --n-embd2=128 --exp_id=1111 --exp_id "1111"
                                     cpu: False
                                     debug: False
                                     debug_slurm: False
                                     dump_path: /home/yuebi/Project/dim21_run/dim21_run_1/1111
                                     exp_id: 1111
                                     exp_name: dim21_run_1
                                     final_database_size: 100
                                     gen_batch_size: 1000
                                     global_rank: 0
                                     is_master: True
                                     is_slurm_job: True
                                     learning_rate: 0.0005
                                     local_rank: 0
                                     master_addr: gpu-6
                                     master_port: -1
                                     max_epochs: 20
                                     max_output_length: 350
                                     max_steps: 1500
                                     multi_gpu: False
                                     multi_node: False
                                     n_embd: 128
                                     n_embd2: 128
                                     n_gpu_per_node: 1
                                     n_head: 8
                                     n_layer: 8
                                     n_nodes: 1
                                     n_tokens: 15
                                     nb_local_searches: 800
                                     nb_threads: 1
                                     node_id: 0
                                     num_initial_empty_objects: 800
                                     num_workers: 8
                                     sample_only: 25000
                                     seed: -1
                                     target_db_size: 100
                                     temperature: 1.0
                                     top_k: -1
                                     type: transformer
                                     weight_decay: 0.01
                                     world_size: 1
INFO - 12/06/25 19:34:48 - 0:00:00 - The experiment will be stored in /home/yuebi/Project/dim21_run/dim21_run_1/1111
                                     
INFO - 12/06/25 19:34:48 - 0:00:00 - Running command: python fc_loop.py --exp_name=dim21_run_1 --dump_path=/home/yuebi/Project/dim21_run --num_initial_empty_objects=800 --final_database_size=100 --target_db_size=100 --nb_local_searches=800 --max_epochs=20 --type=transformer --max-output-length=350 --sample-only=25000 --max-steps=1500 --n_tokens=15 --n-layer=8 --n-embd=128 --n-embd2=128 --exp_id=1111

WARNING - 12/06/25 19:34:48 - 0:00:00 - Signal handler installed.
INFO - 12/06/25 19:34:48 - 0:00:00 - seed: 661466494
INFO - 12/06/25 19:34:48 - 0:00:00 - initializing at generation: 7
INFO - 12/06/25 19:34:48 - 0:00:00 - number of examples in the dataset: 100
INFO - 12/06/25 19:34:48 - 0:00:00 - max word length: 181
INFO - 12/06/25 19:34:48 - 0:00:00 - number of unique characters in the vocabulary: 15
INFO - 12/06/25 19:34:48 - 0:00:00 - vocabulary:
INFO - 12/06/25 19:34:48 - 0:00:00 - ['V0', 'V1', 'V2', 'V3', 'V4', 'V5', 'V6', 'V7', 'V8', 'V9', 'V10', 'V11', 'V12', 'V13', 'V14']
INFO - 12/06/25 19:34:48 - 0:00:00 - split up the dataset into 90 training examples and 10 test examples
INFO - 12/06/25 19:34:48 - 0:00:00 - dataset determined that: vocab_size=16, block_size=351
INFO - 12/06/25 19:34:48 - 0:00:00 - model #params: 1635456
INFO - 12/06/25 19:34:48 - 0:00:00 - resuming from existing model
INFO - 12/06/25 19:34:48 - 0:00:00 - ============ Start of generation 7 ============
INFO - 12/06/25 19:34:48 - 0:00:00 - Memory allocated:  10.00MB, reserved: 22.00MB
INFO - 12/06/25 19:34:48 - 0:00:00 - training
INFO - 12/06/25 19:34:53 - 0:00:05 - step 0 | loss 0.0336 | step time 612.02ms
INFO - 12/06/25 19:35:22 - 0:00:34 - step 100 | loss 0.0263 | step time 286.16ms
INFO - 12/06/25 19:35:50 - 0:01:02 - step 200 | loss 0.0267 | step time 286.50ms
INFO - 12/06/25 19:36:19 - 0:01:31 - step 300 | loss 0.0264 | step time 286.12ms
INFO - 12/06/25 19:36:47 - 0:01:59 - step 400 | loss 0.0255 | step time 286.11ms
INFO - 12/06/25 19:37:16 - 0:02:28 - step 500 | loss 0.0263 | step time 286.43ms
INFO - 12/06/25 19:37:16 - 0:02:28 - step 500 train loss: 0.026347214356064796 test loss: 0.07008413970470428
INFO - 12/06/25 19:37:16 - 0:02:28 - test loss 0.07008413970470428 is the best so far, saving model to /home/yuebi/Project/dim21_run/dim21_run_1/1111/model.pt
INFO - 12/06/25 19:37:45 - 0:02:57 - step 600 | loss 0.0261 | step time 287.12ms
INFO - 12/06/25 19:38:14 - 0:03:26 - step 700 | loss 0.0261 | step time 286.54ms
INFO - 12/06/25 19:38:42 - 0:03:54 - step 800 | loss 0.0261 | step time 286.46ms
INFO - 12/06/25 19:39:11 - 0:04:23 - step 900 | loss 0.0263 | step time 286.68ms
INFO - 12/06/25 19:39:40 - 0:04:52 - step 1000 | loss 0.0262 | step time 286.65ms
INFO - 12/06/25 19:39:40 - 0:04:52 - step 1000 train loss: 0.026136035099625587 test loss: 0.12495269626379013
INFO - 12/06/25 19:40:09 - 0:05:21 - step 1100 | loss 0.0263 | step time 286.61ms
INFO - 12/06/25 19:40:37 - 0:05:49 - step 1200 | loss 0.0254 | step time 286.30ms
INFO - 12/06/25 19:41:06 - 0:06:18 - step 1300 | loss 0.0269 | step time 286.80ms
INFO - 12/06/25 19:41:35 - 0:06:47 - step 1400 | loss 0.0268 | step time 286.69ms
INFO - 12/06/25 19:42:03 - 0:07:15 - Memory allocated:  45.82MB, reserved: 3306.00MB
INFO - 12/06/25 19:42:03 - 0:07:15 - generating
INFO - 12/06/25 22:36:39 - 3:01:51 - distribution of sample lengths: average: 552.22872 max: 1093
INFO - 12/06/25 22:36:39 - 3:01:51 - printed 25000 samples
INFO - 12/06/25 22:36:39 - 3:01:51 - decoding
INFO - 12/06/25 22:36:39 - 3:01:52 - Decoding complete. Check the output in /home/yuebi/Project/dim21_run/dim21_run_1/1111/transformer-output-decoded.txt
INFO - 12/06/25 22:36:39 - 3:01:52 - Memory allocated:  45.82MB, reserved: 10106.00MB
INFO - 12/06/25 22:36:39 - 3:01:52 - ============ End of generation 7 ============
INFO - 12/06/25 22:36:39 - 3:01:52 - launching search.jl
INFO - 12/06/25 22:36:39 - 3:01:52 - JULIA_NUM_THREADS is set to 1
INFO - 12/06/25 22:44:57 - 3:10:09 - distribution of scores(all rounds)
INFO - 12/06/25 22:44:57 - 3:10:09 - Score:195312500.0, Count:12
                                     
INFO - 12/06/25 22:44:57 - 3:10:09 - Score:147380200.0, Count:1
                                     
INFO - 12/06/25 22:44:57 - 3:10:09 - Score:140035790.0, Count:2
                                     
INFO - 12/06/25 22:44:57 - 3:10:09 - Score:138365740.0, Count:7
                                     
INFO - 12/06/25 22:44:57 - 3:10:09 - Score:138322140.0, Count:1
                                     
INFO - 12/06/25 22:44:57 - 3:10:09 - Score:137114880.0, Count:7
                                     
INFO - 12/06/25 22:44:57 - 3:10:09 - Score:136546740.0, Count:6
                                     
INFO - 12/06/25 22:44:57 - 3:10:09 - Score:136439520.0, Count:1
                                     
INFO - 12/06/25 22:44:57 - 3:10:09 - Score:135978050.0, Count:7
                                     
INFO - 12/06/25 22:44:57 - 3:10:09 - Score:135860180.0, Count:7
                                     
INFO - 12/06/25 22:44:57 - 3:10:09 - Score:135809470.0, Count:7
                                     
INFO - 12/06/25 22:44:57 - 3:10:09 - Score:135345730.0, Count:7
                                     
INFO - 12/06/25 22:44:57 - 3:10:09 - Score:135130720.0, Count:7
                                     
INFO - 12/06/25 22:44:57 - 3:10:09 - Score:135115380.0, Count:7
                                     
INFO - 12/06/25 22:44:57 - 3:10:09 - Score:134381200.0, Count:7
                                     
INFO - 12/06/25 22:44:57 - 3:10:09 - Score:134312200.0, Count:7
                                     
INFO - 12/06/25 22:44:57 - 3:10:09 - Score:134231740.0, Count:1
                                     
INFO - 12/06/25 22:44:57 - 3:10:09 - Score:133593290.0, Count:6
                                     
INFO - 12/06/25 22:44:57 - 3:10:09 - tokenizing
INFO - 12/06/25 22:44:57 - 3:10:09 - Loading tokenizer from /home/yuebi/Project/dim21_run/dim21_run_1/1111/tokenizer_data/tokenizer.json...
INFO - 12/06/25 22:44:57 - 3:10:09 - 0 / 100
INFO - 12/06/25 22:44:57 - 3:10:09 - number of examples in the dataset: 100
INFO - 12/06/25 22:44:57 - 3:10:09 - max word length: 181
INFO - 12/06/25 22:44:57 - 3:10:09 - number of unique characters in the vocabulary: 15
INFO - 12/06/25 22:44:57 - 3:10:09 - vocabulary:
INFO - 12/06/25 22:44:57 - 3:10:09 - ['V0', 'V1', 'V2', 'V3', 'V4', 'V5', 'V6', 'V7', 'V8', 'V9', 'V10', 'V11', 'V12', 'V13', 'V14']
INFO - 12/06/25 22:44:57 - 3:10:09 - split up the dataset into 90 training examples and 10 test examples
INFO - 12/06/25 22:44:57 - 3:10:09 - ============ Start of generation 8 ============
INFO - 12/06/25 22:44:57 - 3:10:09 - Memory allocated:  45.82MB, reserved: 10106.00MB
INFO - 12/06/25 22:44:57 - 3:10:09 - training
INFO - 12/06/25 22:44:57 - 3:10:09 - step 0 | loss 1.0787 | step time 294.03ms
INFO - 12/06/25 22:45:26 - 3:10:38 - step 100 | loss 0.0270 | step time 286.49ms
INFO - 12/06/25 22:45:54 - 3:11:07 - step 200 | loss 0.0263 | step time 286.70ms
INFO - 12/06/25 22:46:23 - 3:11:35 - step 300 | loss 0.0267 | step time 286.97ms
INFO - 12/06/25 22:46:52 - 3:12:04 - step 400 | loss 0.0266 | step time 286.40ms
INFO - 12/06/25 22:47:20 - 3:12:33 - step 500 | loss 0.0264 | step time 286.34ms
INFO - 12/06/25 22:47:21 - 3:12:33 - step 500 train loss: 0.026342282071709633 test loss: 0.16437874734401703
INFO - 12/06/25 22:47:21 - 3:12:33 - test loss 0.16437874734401703 is the best so far, saving model to /home/yuebi/Project/dim21_run/dim21_run_1/1111/model.pt
INFO - 12/06/25 22:47:49 - 3:13:01 - step 600 | loss 0.0264 | step time 286.60ms
INFO - 12/06/25 22:48:18 - 3:13:30 - step 700 | loss 0.0373 | step time 286.55ms
INFO - 12/06/25 22:48:47 - 3:13:59 - step 800 | loss 0.0261 | step time 286.63ms
INFO - 12/06/25 22:49:15 - 3:14:27 - step 900 | loss 0.0259 | step time 285.97ms
INFO - 12/06/25 22:49:44 - 3:14:56 - step 1000 | loss 0.0263 | step time 286.45ms
INFO - 12/06/25 22:49:44 - 3:14:56 - step 1000 train loss: 0.026194270700216293 test loss: 0.28336280584335327
INFO - 12/06/25 22:50:13 - 3:15:25 - step 1100 | loss 0.0262 | step time 286.23ms
INFO - 12/06/25 22:50:42 - 3:15:54 - step 1200 | loss 0.0256 | step time 286.51ms
INFO - 12/06/25 22:51:10 - 3:16:22 - step 1300 | loss 0.0296 | step time 286.22ms
INFO - 12/06/25 22:51:39 - 3:16:51 - step 1400 | loss 0.0260 | step time 286.47ms
INFO - 12/06/25 22:52:07 - 3:17:19 - Memory allocated:  45.82MB, reserved: 10106.00MB
INFO - 12/06/25 22:52:07 - 3:17:19 - generating
INFO - 12/06/25 23:04:55 - 0:00:00 - ============ Initialized logger ============
INFO - 12/06/25 23:04:55 - 0:00:00 - batch_size: 32
                                     command: python fc_loop.py --exp_name=dim21_run_1 --dump_path=/home/yuebi/Project/dim21_run --num_initial_empty_objects=800 --final_database_size=100 --target_db_size=100 --nb_local_searches=800 --max_epochs=20 --type=transformer --max-output-length=350 --sample-only=25000 --max-steps=1500 --n_tokens=15 --n-layer=8 --n-embd=128 --n-embd2=128 --exp_id=1111 --exp_id "1111"
                                     cpu: False
                                     debug: False
                                     debug_slurm: False
                                     dump_path: /home/yuebi/Project/dim21_run/dim21_run_1/1111
                                     exp_id: 1111
                                     exp_name: dim21_run_1
                                     final_database_size: 100
                                     gen_batch_size: 1000
                                     global_rank: 0
                                     is_master: True
                                     is_slurm_job: True
                                     learning_rate: 0.0005
                                     local_rank: 0
                                     master_addr: gpu-6
                                     master_port: -1
                                     max_epochs: 20
                                     max_output_length: 350
                                     max_steps: 1500
                                     multi_gpu: False
                                     multi_node: False
                                     n_embd: 128
                                     n_embd2: 128
                                     n_gpu_per_node: 1
                                     n_head: 8
                                     n_layer: 8
                                     n_nodes: 1
                                     n_tokens: 15
                                     nb_local_searches: 800
                                     nb_threads: 1
                                     node_id: 0
                                     num_initial_empty_objects: 800
                                     num_workers: 8
                                     sample_only: 25000
                                     seed: -1
                                     target_db_size: 100
                                     temperature: 1.0
                                     top_k: -1
                                     type: transformer
                                     weight_decay: 0.01
                                     world_size: 1
INFO - 12/06/25 23:04:55 - 0:00:00 - The experiment will be stored in /home/yuebi/Project/dim21_run/dim21_run_1/1111
                                     
INFO - 12/06/25 23:04:55 - 0:00:00 - Running command: python fc_loop.py --exp_name=dim21_run_1 --dump_path=/home/yuebi/Project/dim21_run --num_initial_empty_objects=800 --final_database_size=100 --target_db_size=100 --nb_local_searches=800 --max_epochs=20 --type=transformer --max-output-length=350 --sample-only=25000 --max-steps=1500 --n_tokens=15 --n-layer=8 --n-embd=128 --n-embd2=128 --exp_id=1111

WARNING - 12/06/25 23:04:55 - 0:00:00 - Signal handler installed.
INFO - 12/06/25 23:04:55 - 0:00:00 - seed: 751525947
INFO - 12/06/25 23:04:55 - 0:00:00 - initializing at generation: 8
INFO - 12/06/25 23:04:55 - 0:00:00 - number of examples in the dataset: 100
INFO - 12/06/25 23:04:55 - 0:00:00 - max word length: 181
INFO - 12/06/25 23:04:55 - 0:00:00 - number of unique characters in the vocabulary: 15
INFO - 12/06/25 23:04:55 - 0:00:00 - vocabulary:
INFO - 12/06/25 23:04:55 - 0:00:00 - ['V0', 'V1', 'V2', 'V3', 'V4', 'V5', 'V6', 'V7', 'V8', 'V9', 'V10', 'V11', 'V12', 'V13', 'V14']
INFO - 12/06/25 23:04:55 - 0:00:00 - split up the dataset into 90 training examples and 10 test examples
INFO - 12/06/25 23:04:55 - 0:00:00 - dataset determined that: vocab_size=16, block_size=351
INFO - 12/06/25 23:04:55 - 0:00:00 - model #params: 1635456
INFO - 12/06/25 23:04:55 - 0:00:00 - resuming from existing model
INFO - 12/06/25 23:04:55 - 0:00:00 - ============ Start of generation 8 ============
INFO - 12/06/25 23:04:55 - 0:00:00 - Memory allocated:  10.00MB, reserved: 22.00MB
INFO - 12/06/25 23:04:55 - 0:00:00 - training
INFO - 12/06/25 23:05:00 - 0:00:05 - step 0 | loss 0.0368 | step time 608.13ms
INFO - 12/06/25 23:05:28 - 0:00:33 - step 100 | loss 0.0264 | step time 286.63ms
INFO - 12/06/25 23:05:57 - 0:01:02 - step 200 | loss 0.0262 | step time 286.59ms
INFO - 12/06/25 23:06:26 - 0:01:31 - step 300 | loss 0.0263 | step time 286.63ms
INFO - 12/06/25 23:06:54 - 0:01:59 - step 400 | loss 0.0262 | step time 286.52ms
INFO - 12/06/25 23:07:23 - 0:02:28 - step 500 | loss 0.0257 | step time 287.10ms
INFO - 12/06/25 23:07:23 - 0:02:28 - step 500 train loss: 0.026129545643925667 test loss: 0.39907360076904297
INFO - 12/06/25 23:07:23 - 0:02:28 - test loss 0.39907360076904297 is the best so far, saving model to /home/yuebi/Project/dim21_run/dim21_run_1/1111/model.pt
INFO - 12/06/25 23:07:52 - 0:02:57 - step 600 | loss 0.0260 | step time 286.68ms
INFO - 12/06/25 23:08:21 - 0:03:26 - step 700 | loss 0.0258 | step time 286.66ms
INFO - 12/06/25 23:08:49 - 0:03:54 - step 800 | loss 0.0304 | step time 286.70ms
INFO - 12/06/25 23:09:18 - 0:04:23 - step 900 | loss 0.0260 | step time 286.76ms
INFO - 12/06/25 23:09:47 - 0:04:52 - step 1000 | loss 0.0266 | step time 286.62ms
INFO - 12/06/25 23:09:47 - 0:04:52 - step 1000 train loss: 0.026058681309223175 test loss: 0.6784573197364807
INFO - 12/06/25 23:10:16 - 0:05:21 - step 1100 | loss 0.0262 | step time 287.35ms
INFO - 12/06/25 23:10:44 - 0:05:49 - step 1200 | loss 0.0267 | step time 286.68ms
INFO - 12/06/25 23:11:13 - 0:06:18 - step 1300 | loss 0.0262 | step time 286.90ms
INFO - 12/06/25 23:11:42 - 0:06:47 - step 1400 | loss 0.0494 | step time 286.72ms
INFO - 12/06/25 23:12:10 - 0:07:15 - Memory allocated:  45.82MB, reserved: 3306.00MB
INFO - 12/06/25 23:12:10 - 0:07:15 - generating
INFO - 12/07/25 02:06:45 - 3:01:50 - distribution of sample lengths: average: 552.9544 max: 1119
INFO - 12/07/25 02:06:45 - 3:01:50 - printed 25000 samples
INFO - 12/07/25 02:06:45 - 3:01:50 - decoding
INFO - 12/07/25 02:06:46 - 3:01:51 - Decoding complete. Check the output in /home/yuebi/Project/dim21_run/dim21_run_1/1111/transformer-output-decoded.txt
INFO - 12/07/25 02:06:46 - 3:01:51 - Memory allocated:  45.82MB, reserved: 10106.00MB
INFO - 12/07/25 02:06:46 - 3:01:51 - ============ End of generation 8 ============
INFO - 12/07/25 02:06:46 - 3:01:51 - launching search.jl
INFO - 12/07/25 02:06:46 - 3:01:51 - JULIA_NUM_THREADS is set to 1
INFO - 12/07/25 02:14:59 - 3:10:04 - distribution of scores(all rounds)
INFO - 12/07/25 02:14:59 - 3:10:04 - Score:195312500.0, Count:14
                                     
INFO - 12/07/25 02:14:59 - 3:10:04 - Score:147380200.0, Count:2
                                     
INFO - 12/07/25 02:14:59 - 3:10:04 - Score:144265100.0, Count:1
                                     
INFO - 12/07/25 02:14:59 - 3:10:04 - Score:141899740.0, Count:1
                                     
INFO - 12/07/25 02:14:59 - 3:10:04 - Score:140035790.0, Count:3
                                     
INFO - 12/07/25 02:14:59 - 3:10:04 - Score:138365740.0, Count:8
                                     
INFO - 12/07/25 02:14:59 - 3:10:04 - Score:138322140.0, Count:2
                                     
INFO - 12/07/25 02:14:59 - 3:10:04 - Score:137114880.0, Count:8
                                     
INFO - 12/07/25 02:14:59 - 3:10:04 - Score:136546740.0, Count:7
                                     
INFO - 12/07/25 02:14:59 - 3:10:04 - Score:136439520.0, Count:2
                                     
INFO - 12/07/25 02:14:59 - 3:10:04 - Score:135978050.0, Count:8
                                     
INFO - 12/07/25 02:14:59 - 3:10:04 - Score:135860180.0, Count:8
                                     
INFO - 12/07/25 02:14:59 - 3:10:04 - Score:135809470.0, Count:8
                                     
INFO - 12/07/25 02:14:59 - 3:10:04 - Score:135345730.0, Count:8
                                     
INFO - 12/07/25 02:14:59 - 3:10:04 - Score:135130720.0, Count:8
                                     
INFO - 12/07/25 02:14:59 - 3:10:04 - Score:135115380.0, Count:8
                                     
INFO - 12/07/25 02:14:59 - 3:10:04 - Score:134978420.0, Count:1
                                     
INFO - 12/07/25 02:14:59 - 3:10:04 - Score:134897460.0, Count:1
                                     
INFO - 12/07/25 02:14:59 - 3:10:04 - Score:134672800.0, Count:1
                                     
INFO - 12/07/25 02:14:59 - 3:10:04 - Score:134381200.0, Count:1
                                     
INFO - 12/07/25 02:14:59 - 3:10:04 - tokenizing
INFO - 12/07/25 02:14:59 - 3:10:04 - Loading tokenizer from /home/yuebi/Project/dim21_run/dim21_run_1/1111/tokenizer_data/tokenizer.json...
INFO - 12/07/25 02:14:59 - 3:10:04 - 0 / 100
INFO - 12/07/25 02:14:59 - 3:10:04 - number of examples in the dataset: 100
INFO - 12/07/25 02:14:59 - 3:10:04 - max word length: 181
INFO - 12/07/25 02:14:59 - 3:10:04 - number of unique characters in the vocabulary: 15
INFO - 12/07/25 02:14:59 - 3:10:04 - vocabulary:
INFO - 12/07/25 02:14:59 - 3:10:04 - ['V0', 'V1', 'V2', 'V3', 'V4', 'V5', 'V6', 'V7', 'V8', 'V9', 'V10', 'V11', 'V12', 'V13', 'V14']
INFO - 12/07/25 02:14:59 - 3:10:04 - split up the dataset into 90 training examples and 10 test examples
INFO - 12/07/25 02:14:59 - 3:10:04 - ============ Start of generation 9 ============
INFO - 12/07/25 02:14:59 - 3:10:04 - Memory allocated:  45.82MB, reserved: 10106.00MB
INFO - 12/07/25 02:14:59 - 3:10:04 - training
INFO - 12/07/25 02:15:00 - 3:10:05 - step 0 | loss 0.6469 | step time 293.47ms
INFO - 12/07/25 02:15:28 - 3:10:33 - step 100 | loss 0.0301 | step time 286.55ms
INFO - 12/07/25 02:15:57 - 3:11:02 - step 200 | loss 0.0271 | step time 286.80ms
INFO - 12/07/25 02:16:26 - 3:11:31 - step 300 | loss 0.0258 | step time 286.76ms
INFO - 12/07/25 02:16:54 - 3:11:59 - step 400 | loss 0.0263 | step time 286.78ms
INFO - 12/07/25 02:17:23 - 3:12:28 - step 500 | loss 0.0254 | step time 286.75ms
INFO - 12/07/25 02:17:23 - 3:12:28 - step 500 train loss: 0.026392124593257904 test loss: 1.0656514167785645
INFO - 12/07/25 02:17:23 - 3:12:28 - test loss 1.0656514167785645 is the best so far, saving model to /home/yuebi/Project/dim21_run/dim21_run_1/1111/model.pt
INFO - 12/07/25 02:17:52 - 3:12:57 - step 600 | loss 0.0570 | step time 287.06ms
INFO - 12/07/25 02:18:21 - 3:13:26 - step 700 | loss 0.0257 | step time 287.04ms
INFO - 12/07/25 02:18:49 - 3:13:54 - step 800 | loss 0.0265 | step time 287.11ms
INFO - 12/07/25 02:19:18 - 3:14:23 - step 900 | loss 0.0266 | step time 287.08ms
INFO - 12/07/25 02:19:47 - 3:14:52 - step 1000 | loss 0.0257 | step time 286.79ms
INFO - 12/07/25 02:19:47 - 3:14:52 - step 1000 train loss: 0.026220154017210007 test loss: 1.145540714263916
INFO - 12/07/25 02:20:16 - 3:15:21 - step 1100 | loss 0.0263 | step time 286.61ms
INFO - 12/07/25 02:20:44 - 3:15:50 - step 1200 | loss 0.0273 | step time 286.71ms
INFO - 12/07/25 02:21:13 - 3:16:18 - step 1300 | loss 0.0320 | step time 286.79ms
INFO - 12/07/25 02:21:42 - 3:16:47 - step 1400 | loss 0.0261 | step time 286.91ms
INFO - 12/07/25 02:22:10 - 3:17:15 - Memory allocated:  45.82MB, reserved: 10106.00MB
INFO - 12/07/25 02:22:10 - 3:17:15 - generating
INFO - 12/07/25 02:35:02 - 0:00:00 - ============ Initialized logger ============
INFO - 12/07/25 02:35:02 - 0:00:00 - batch_size: 32
                                     command: python fc_loop.py --exp_name=dim21_run_1 --dump_path=/home/yuebi/Project/dim21_run --num_initial_empty_objects=800 --final_database_size=100 --target_db_size=100 --nb_local_searches=800 --max_epochs=20 --type=transformer --max-output-length=350 --sample-only=25000 --max-steps=1500 --n_tokens=15 --n-layer=8 --n-embd=128 --n-embd2=128 --exp_id=1111 --exp_id "1111"
                                     cpu: False
                                     debug: False
                                     debug_slurm: False
                                     dump_path: /home/yuebi/Project/dim21_run/dim21_run_1/1111
                                     exp_id: 1111
                                     exp_name: dim21_run_1
                                     final_database_size: 100
                                     gen_batch_size: 1000
                                     global_rank: 0
                                     is_master: True
                                     is_slurm_job: True
                                     learning_rate: 0.0005
                                     local_rank: 0
                                     master_addr: gpu-6
                                     master_port: -1
                                     max_epochs: 20
                                     max_output_length: 350
                                     max_steps: 1500
                                     multi_gpu: False
                                     multi_node: False
                                     n_embd: 128
                                     n_embd2: 128
                                     n_gpu_per_node: 1
                                     n_head: 8
                                     n_layer: 8
                                     n_nodes: 1
                                     n_tokens: 15
                                     nb_local_searches: 800
                                     nb_threads: 1
                                     node_id: 0
                                     num_initial_empty_objects: 800
                                     num_workers: 8
                                     sample_only: 25000
                                     seed: -1
                                     target_db_size: 100
                                     temperature: 1.0
                                     top_k: -1
                                     type: transformer
                                     weight_decay: 0.01
                                     world_size: 1
INFO - 12/07/25 02:35:02 - 0:00:00 - The experiment will be stored in /home/yuebi/Project/dim21_run/dim21_run_1/1111
                                     
INFO - 12/07/25 02:35:02 - 0:00:00 - Running command: python fc_loop.py --exp_name=dim21_run_1 --dump_path=/home/yuebi/Project/dim21_run --num_initial_empty_objects=800 --final_database_size=100 --target_db_size=100 --nb_local_searches=800 --max_epochs=20 --type=transformer --max-output-length=350 --sample-only=25000 --max-steps=1500 --n_tokens=15 --n-layer=8 --n-embd=128 --n-embd2=128 --exp_id=1111

WARNING - 12/07/25 02:35:02 - 0:00:00 - Signal handler installed.
INFO - 12/07/25 02:35:02 - 0:00:00 - seed: 787069219
INFO - 12/07/25 02:35:02 - 0:00:00 - initializing at generation: 9
INFO - 12/07/25 02:35:02 - 0:00:00 - number of examples in the dataset: 100
INFO - 12/07/25 02:35:02 - 0:00:00 - max word length: 181
INFO - 12/07/25 02:35:02 - 0:00:00 - number of unique characters in the vocabulary: 15
INFO - 12/07/25 02:35:02 - 0:00:00 - vocabulary:
INFO - 12/07/25 02:35:02 - 0:00:00 - ['V0', 'V1', 'V2', 'V3', 'V4', 'V5', 'V6', 'V7', 'V8', 'V9', 'V10', 'V11', 'V12', 'V13', 'V14']
INFO - 12/07/25 02:35:02 - 0:00:00 - split up the dataset into 90 training examples and 10 test examples
INFO - 12/07/25 02:35:02 - 0:00:00 - dataset determined that: vocab_size=16, block_size=351
INFO - 12/07/25 02:35:02 - 0:00:00 - model #params: 1635456
INFO - 12/07/25 02:35:02 - 0:00:00 - resuming from existing model
INFO - 12/07/25 02:35:02 - 0:00:00 - ============ Start of generation 9 ============
INFO - 12/07/25 02:35:02 - 0:00:00 - Memory allocated:  10.00MB, reserved: 22.00MB
INFO - 12/07/25 02:35:02 - 0:00:00 - training
INFO - 12/07/25 02:35:07 - 0:00:05 - step 0 | loss 0.0452 | step time 621.70ms
INFO - 12/07/25 02:35:36 - 0:00:34 - step 100 | loss 0.0266 | step time 286.29ms
INFO - 12/07/25 02:36:05 - 0:01:03 - step 200 | loss 0.0260 | step time 287.00ms
INFO - 12/07/25 02:36:33 - 0:01:31 - step 300 | loss 0.0266 | step time 286.78ms
INFO - 12/07/25 02:37:02 - 0:02:00 - step 400 | loss 0.0274 | step time 286.69ms
INFO - 12/07/25 02:37:31 - 0:02:29 - step 500 | loss 0.0314 | step time 286.50ms
INFO - 12/07/25 02:37:31 - 0:02:29 - step 500 train loss: 0.02858981303870678 test loss: 0.3555442988872528
INFO - 12/07/25 02:37:31 - 0:02:29 - test loss 0.3555442988872528 is the best so far, saving model to /home/yuebi/Project/dim21_run/dim21_run_1/1111/model.pt
INFO - 12/07/25 02:38:00 - 0:02:58 - step 600 | loss 0.0258 | step time 286.81ms
INFO - 12/07/25 02:38:28 - 0:03:26 - step 700 | loss 0.0264 | step time 286.70ms
INFO - 12/07/25 02:38:57 - 0:03:55 - step 800 | loss 0.0256 | step time 286.36ms
INFO - 12/07/25 02:39:26 - 0:04:24 - step 900 | loss 0.0257 | step time 286.67ms
INFO - 12/07/25 02:39:54 - 0:04:52 - step 1000 | loss 0.0258 | step time 286.86ms
INFO - 12/07/25 02:39:55 - 0:04:53 - step 1000 train loss: 0.026346344500780106 test loss: 0.3387492299079895
INFO - 12/07/25 02:39:55 - 0:04:53 - test loss 0.3387492299079895 is the best so far, saving model to /home/yuebi/Project/dim21_run/dim21_run_1/1111/model.pt
INFO - 12/07/25 02:40:23 - 0:05:21 - step 1100 | loss 0.0427 | step time 286.77ms
INFO - 12/07/25 02:40:52 - 0:05:50 - step 1200 | loss 0.0260 | step time 286.90ms
INFO - 12/07/25 02:41:21 - 0:06:19 - step 1300 | loss 0.0262 | step time 286.59ms
INFO - 12/07/25 02:41:49 - 0:06:47 - step 1400 | loss 0.0263 | step time 287.06ms
INFO - 12/07/25 02:42:18 - 0:07:16 - Memory allocated:  45.82MB, reserved: 3306.00MB
INFO - 12/07/25 02:42:18 - 0:07:16 - generating
INFO - 12/07/25 05:36:52 - 3:01:50 - distribution of sample lengths: average: 552.8038 max: 601
INFO - 12/07/25 05:36:52 - 3:01:50 - printed 25000 samples
INFO - 12/07/25 05:36:52 - 3:01:50 - decoding
INFO - 12/07/25 05:36:52 - 3:01:50 - Decoding complete. Check the output in /home/yuebi/Project/dim21_run/dim21_run_1/1111/transformer-output-decoded.txt
INFO - 12/07/25 05:36:52 - 3:01:50 - Memory allocated:  45.82MB, reserved: 10106.00MB
INFO - 12/07/25 05:36:52 - 3:01:50 - ============ End of generation 9 ============
INFO - 12/07/25 05:36:52 - 3:01:50 - launching search.jl
INFO - 12/07/25 05:36:52 - 3:01:50 - JULIA_NUM_THREADS is set to 1
INFO - 12/07/25 05:45:07 - 3:10:05 - distribution of scores(all rounds)
INFO - 12/07/25 05:45:07 - 3:10:05 - Score:195312500.0, Count:16
                                     
INFO - 12/07/25 05:45:07 - 3:10:05 - Score:147380200.0, Count:3
                                     
INFO - 12/07/25 05:45:07 - 3:10:05 - Score:144265100.0, Count:2
                                     
INFO - 12/07/25 05:45:07 - 3:10:05 - Score:141899740.0, Count:2
                                     
INFO - 12/07/25 05:45:07 - 3:10:05 - Score:140035790.0, Count:4
                                     
INFO - 12/07/25 05:45:07 - 3:10:05 - Score:138365740.0, Count:9
                                     
INFO - 12/07/25 05:45:07 - 3:10:05 - Score:138322140.0, Count:3
                                     
INFO - 12/07/25 05:45:07 - 3:10:05 - Score:137114880.0, Count:9
                                     
INFO - 12/07/25 05:45:07 - 3:10:05 - Score:136546740.0, Count:8
                                     
INFO - 12/07/25 05:45:07 - 3:10:05 - Score:136439520.0, Count:3
                                     
INFO - 12/07/25 05:45:07 - 3:10:05 - Score:135978050.0, Count:9
                                     
INFO - 12/07/25 05:45:07 - 3:10:05 - Score:135860180.0, Count:9
                                     
INFO - 12/07/25 05:45:07 - 3:10:05 - Score:135809470.0, Count:9
                                     
INFO - 12/07/25 05:45:07 - 3:10:05 - Score:135345730.0, Count:9
                                     
INFO - 12/07/25 05:45:07 - 3:10:05 - Score:135130720.0, Count:5
                                     
INFO - 12/07/25 05:45:07 - 3:10:05 - tokenizing
INFO - 12/07/25 05:45:07 - 3:10:05 - Loading tokenizer from /home/yuebi/Project/dim21_run/dim21_run_1/1111/tokenizer_data/tokenizer.json...
INFO - 12/07/25 05:45:07 - 3:10:05 - 0 / 100
INFO - 12/07/25 05:45:07 - 3:10:05 - number of examples in the dataset: 100
INFO - 12/07/25 05:45:07 - 3:10:05 - max word length: 181
INFO - 12/07/25 05:45:07 - 3:10:05 - number of unique characters in the vocabulary: 15
INFO - 12/07/25 05:45:07 - 3:10:05 - vocabulary:
INFO - 12/07/25 05:45:07 - 3:10:05 - ['V0', 'V1', 'V2', 'V3', 'V4', 'V5', 'V6', 'V7', 'V8', 'V9', 'V10', 'V11', 'V12', 'V13', 'V14']
INFO - 12/07/25 05:45:07 - 3:10:05 - split up the dataset into 90 training examples and 10 test examples
INFO - 12/07/25 05:45:07 - 3:10:05 - ============ Start of generation 10 ============
INFO - 12/07/25 05:45:07 - 3:10:05 - Memory allocated:  45.82MB, reserved: 10106.00MB
INFO - 12/07/25 05:45:07 - 3:10:05 - training
INFO - 12/07/25 05:45:08 - 3:10:06 - step 0 | loss 0.0672 | step time 293.88ms
INFO - 12/07/25 05:45:36 - 3:10:34 - step 100 | loss 0.0272 | step time 286.81ms
INFO - 12/07/25 05:46:05 - 3:11:03 - step 200 | loss 0.0264 | step time 287.03ms
INFO - 12/07/25 05:46:34 - 3:11:32 - step 300 | loss 0.0261 | step time 286.90ms
INFO - 12/07/25 05:47:02 - 3:12:00 - step 400 | loss 0.0261 | step time 286.87ms
INFO - 12/07/25 05:47:31 - 3:12:29 - step 500 | loss 0.0269 | step time 286.60ms
INFO - 12/07/25 05:47:31 - 3:12:29 - step 500 train loss: 0.02627771906554699 test loss: 0.0874534547328949
INFO - 12/07/25 05:47:31 - 3:12:29 - test loss 0.0874534547328949 is the best so far, saving model to /home/yuebi/Project/dim21_run/dim21_run_1/1111/model.pt
INFO - 12/07/25 05:48:00 - 3:12:58 - step 600 | loss 0.0412 | step time 286.72ms
INFO - 12/07/25 05:48:29 - 3:13:27 - step 700 | loss 0.0264 | step time 286.60ms
INFO - 12/07/25 05:48:57 - 3:13:55 - step 800 | loss 0.0254 | step time 286.79ms
INFO - 12/07/25 05:49:26 - 3:14:24 - step 900 | loss 0.0261 | step time 286.90ms
INFO - 12/07/25 05:49:55 - 3:14:53 - step 1000 | loss 0.0257 | step time 286.64ms
INFO - 12/07/25 05:49:55 - 3:14:53 - step 1000 train loss: 0.026085346937179565 test loss: 0.2041483074426651
INFO - 12/07/25 05:50:24 - 3:15:22 - step 1100 | loss 0.0256 | step time 286.56ms
INFO - 12/07/25 05:50:52 - 3:15:50 - step 1200 | loss 0.0399 | step time 286.57ms
INFO - 12/07/25 05:51:21 - 3:16:19 - step 1300 | loss 0.0262 | step time 287.07ms
INFO - 12/07/25 05:51:50 - 3:16:48 - step 1400 | loss 0.0256 | step time 286.78ms
INFO - 12/07/25 05:52:18 - 3:17:16 - Memory allocated:  45.82MB, reserved: 10106.00MB
INFO - 12/07/25 05:52:18 - 3:17:16 - generating
INFO - 12/07/25 06:05:11 - 0:00:00 - ============ Initialized logger ============
INFO - 12/07/25 06:05:11 - 0:00:00 - batch_size: 32
                                     command: python fc_loop.py --exp_name=dim21_run_1 --dump_path=/home/yuebi/Project/dim21_run --num_initial_empty_objects=800 --final_database_size=100 --target_db_size=100 --nb_local_searches=800 --max_epochs=20 --type=transformer --max-output-length=350 --sample-only=25000 --max-steps=1500 --n_tokens=15 --n-layer=8 --n-embd=128 --n-embd2=128 --exp_id=1111 --exp_id "1111"
                                     cpu: False
                                     debug: False
                                     debug_slurm: False
                                     dump_path: /home/yuebi/Project/dim21_run/dim21_run_1/1111
                                     exp_id: 1111
                                     exp_name: dim21_run_1
                                     final_database_size: 100
                                     gen_batch_size: 1000
                                     global_rank: 0
                                     is_master: True
                                     is_slurm_job: True
                                     learning_rate: 0.0005
                                     local_rank: 0
                                     master_addr: gpu-6
                                     master_port: -1
                                     max_epochs: 20
                                     max_output_length: 350
                                     max_steps: 1500
                                     multi_gpu: False
                                     multi_node: False
                                     n_embd: 128
                                     n_embd2: 128
                                     n_gpu_per_node: 1
                                     n_head: 8
                                     n_layer: 8
                                     n_nodes: 1
                                     n_tokens: 15
                                     nb_local_searches: 800
                                     nb_threads: 1
                                     node_id: 0
                                     num_initial_empty_objects: 800
                                     num_workers: 8
                                     sample_only: 25000
                                     seed: -1
                                     target_db_size: 100
                                     temperature: 1.0
                                     top_k: -1
                                     type: transformer
                                     weight_decay: 0.01
                                     world_size: 1
INFO - 12/07/25 06:05:11 - 0:00:00 - The experiment will be stored in /home/yuebi/Project/dim21_run/dim21_run_1/1111
                                     
INFO - 12/07/25 06:05:11 - 0:00:00 - Running command: python fc_loop.py --exp_name=dim21_run_1 --dump_path=/home/yuebi/Project/dim21_run --num_initial_empty_objects=800 --final_database_size=100 --target_db_size=100 --nb_local_searches=800 --max_epochs=20 --type=transformer --max-output-length=350 --sample-only=25000 --max-steps=1500 --n_tokens=15 --n-layer=8 --n-embd=128 --n-embd2=128 --exp_id=1111

WARNING - 12/07/25 06:05:11 - 0:00:00 - Signal handler installed.
INFO - 12/07/25 06:05:11 - 0:00:00 - seed: 776690886
INFO - 12/07/25 06:05:11 - 0:00:00 - initializing at generation: 10
INFO - 12/07/25 06:05:11 - 0:00:00 - number of examples in the dataset: 100
INFO - 12/07/25 06:05:11 - 0:00:00 - max word length: 181
INFO - 12/07/25 06:05:11 - 0:00:00 - number of unique characters in the vocabulary: 15
INFO - 12/07/25 06:05:11 - 0:00:00 - vocabulary:
INFO - 12/07/25 06:05:11 - 0:00:00 - ['V0', 'V1', 'V2', 'V3', 'V4', 'V5', 'V6', 'V7', 'V8', 'V9', 'V10', 'V11', 'V12', 'V13', 'V14']
INFO - 12/07/25 06:05:11 - 0:00:00 - split up the dataset into 90 training examples and 10 test examples
INFO - 12/07/25 06:05:11 - 0:00:00 - dataset determined that: vocab_size=16, block_size=351
INFO - 12/07/25 06:05:11 - 0:00:00 - model #params: 1635456
INFO - 12/07/25 06:05:11 - 0:00:00 - resuming from existing model
INFO - 12/07/25 06:05:11 - 0:00:00 - ============ Start of generation 10 ============
INFO - 12/07/25 06:05:11 - 0:00:00 - Memory allocated:  10.00MB, reserved: 22.00MB
INFO - 12/07/25 06:05:11 - 0:00:00 - training
INFO - 12/07/25 06:05:16 - 0:00:05 - step 0 | loss 0.0411 | step time 626.28ms
INFO - 12/07/25 06:05:45 - 0:00:34 - step 100 | loss 0.0263 | step time 286.70ms
INFO - 12/07/25 06:06:14 - 0:01:02 - step 200 | loss 0.0256 | step time 286.65ms
INFO - 12/07/25 06:06:42 - 0:01:31 - step 300 | loss 0.0260 | step time 286.90ms
INFO - 12/07/25 06:07:11 - 0:02:00 - step 400 | loss 0.0266 | step time 286.62ms
INFO - 12/07/25 06:07:40 - 0:02:28 - step 500 | loss 0.0266 | step time 287.00ms
INFO - 12/07/25 06:07:40 - 0:02:29 - step 500 train loss: 0.02618676796555519 test loss: 0.08126971870660782
INFO - 12/07/25 06:07:40 - 0:02:29 - test loss 0.08126971870660782 is the best so far, saving model to /home/yuebi/Project/dim21_run/dim21_run_1/1111/model.pt
INFO - 12/07/25 06:08:09 - 0:02:57 - step 600 | loss 0.0388 | step time 286.73ms
INFO - 12/07/25 06:08:37 - 0:03:26 - step 700 | loss 0.0258 | step time 286.89ms
INFO - 12/07/25 06:09:06 - 0:03:55 - step 800 | loss 0.0258 | step time 286.70ms
INFO - 12/07/25 06:09:35 - 0:04:23 - step 900 | loss 0.0258 | step time 286.99ms
INFO - 12/07/25 06:10:03 - 0:04:52 - step 1000 | loss 0.0254 | step time 286.88ms
INFO - 12/07/25 06:10:04 - 0:04:52 - step 1000 train loss: 0.02598535642027855 test loss: 0.267999529838562
INFO - 12/07/25 06:10:32 - 0:05:21 - step 1100 | loss 0.0260 | step time 286.58ms
INFO - 12/07/25 06:11:01 - 0:05:50 - step 1200 | loss 0.0262 | step time 286.95ms
INFO - 12/07/25 06:11:30 - 0:06:19 - step 1300 | loss 0.0463 | step time 286.80ms
INFO - 12/07/25 06:11:58 - 0:06:47 - step 1400 | loss 0.0262 | step time 286.79ms
INFO - 12/07/25 06:12:27 - 0:07:16 - Memory allocated:  45.82MB, reserved: 3306.00MB
INFO - 12/07/25 06:12:27 - 0:07:16 - generating
INFO - 12/07/25 09:06:59 - 3:01:48 - distribution of sample lengths: average: 553.63448 max: 691
INFO - 12/07/25 09:06:59 - 3:01:48 - printed 25000 samples
INFO - 12/07/25 09:06:59 - 3:01:48 - decoding
INFO - 12/07/25 09:07:00 - 3:01:49 - Decoding complete. Check the output in /home/yuebi/Project/dim21_run/dim21_run_1/1111/transformer-output-decoded.txt
INFO - 12/07/25 09:07:00 - 3:01:49 - Memory allocated:  45.82MB, reserved: 10106.00MB
INFO - 12/07/25 09:07:00 - 3:01:49 - ============ End of generation 10 ============
INFO - 12/07/25 09:07:00 - 3:01:49 - launching search.jl
INFO - 12/07/25 09:07:00 - 3:01:49 - JULIA_NUM_THREADS is set to 1
INFO - 12/07/25 09:15:14 - 3:10:02 - distribution of scores(all rounds)
INFO - 12/07/25 09:15:14 - 3:10:02 - Score:195312500.0, Count:18
                                     
INFO - 12/07/25 09:15:14 - 3:10:02 - Score:147380200.0, Count:4
                                     
INFO - 12/07/25 09:15:14 - 3:10:02 - Score:144265100.0, Count:3
                                     
INFO - 12/07/25 09:15:14 - 3:10:02 - Score:141899740.0, Count:3
                                     
INFO - 12/07/25 09:15:14 - 3:10:02 - Score:140035790.0, Count:5
                                     
INFO - 12/07/25 09:15:14 - 3:10:02 - Score:138365740.0, Count:10
                                     
INFO - 12/07/25 09:15:14 - 3:10:02 - Score:138322140.0, Count:4
                                     
INFO - 12/07/25 09:15:14 - 3:10:02 - Score:138081390.0, Count:1
                                     
INFO - 12/07/25 09:15:14 - 3:10:02 - Score:137114880.0, Count:10
                                     
INFO - 12/07/25 09:15:14 - 3:10:02 - Score:136546740.0, Count:9
                                     
INFO - 12/07/25 09:15:14 - 3:10:02 - Score:136439520.0, Count:4
                                     
INFO - 12/07/25 09:15:14 - 3:10:02 - Score:135978050.0, Count:10
                                     
INFO - 12/07/25 09:15:14 - 3:10:02 - Score:135860180.0, Count:10
                                     
INFO - 12/07/25 09:15:14 - 3:10:02 - Score:135809470.0, Count:9
                                     
INFO - 12/07/25 09:15:14 - 3:10:02 - tokenizing
INFO - 12/07/25 09:15:14 - 3:10:02 - Loading tokenizer from /home/yuebi/Project/dim21_run/dim21_run_1/1111/tokenizer_data/tokenizer.json...
INFO - 12/07/25 09:15:14 - 3:10:02 - 0 / 100
INFO - 12/07/25 09:15:14 - 3:10:03 - number of examples in the dataset: 100
INFO - 12/07/25 09:15:14 - 3:10:03 - max word length: 181
INFO - 12/07/25 09:15:14 - 3:10:03 - number of unique characters in the vocabulary: 15
INFO - 12/07/25 09:15:14 - 3:10:03 - vocabulary:
INFO - 12/07/25 09:15:14 - 3:10:03 - ['V0', 'V1', 'V2', 'V3', 'V4', 'V5', 'V6', 'V7', 'V8', 'V9', 'V10', 'V11', 'V12', 'V13', 'V14']
INFO - 12/07/25 09:15:14 - 3:10:03 - split up the dataset into 90 training examples and 10 test examples
INFO - 12/07/25 09:15:14 - 3:10:03 - ============ Start of generation 11 ============
INFO - 12/07/25 09:15:14 - 3:10:03 - Memory allocated:  45.82MB, reserved: 10106.00MB
INFO - 12/07/25 09:15:14 - 3:10:03 - training
INFO - 12/07/25 09:15:14 - 3:10:03 - step 0 | loss 0.6008 | step time 294.26ms
INFO - 12/07/25 09:15:43 - 3:10:32 - step 100 | loss 0.0271 | step time 286.86ms
INFO - 12/07/25 09:16:11 - 3:11:00 - step 200 | loss 0.0266 | step time 286.96ms
INFO - 12/07/25 09:16:40 - 3:11:29 - step 300 | loss 0.0262 | step time 287.00ms
INFO - 12/07/25 09:17:09 - 3:11:58 - step 400 | loss 0.0276 | step time 286.87ms
INFO - 12/07/25 09:17:38 - 3:12:26 - step 500 | loss 0.0269 | step time 286.90ms
INFO - 12/07/25 09:17:38 - 3:12:27 - step 500 train loss: 0.026482468470931053 test loss: 0.1007569432258606
INFO - 12/07/25 09:17:38 - 3:12:27 - test loss 0.1007569432258606 is the best so far, saving model to /home/yuebi/Project/dim21_run/dim21_run_1/1111/model.pt
INFO - 12/07/25 09:18:07 - 3:12:55 - step 600 | loss 0.0262 | step time 286.81ms
INFO - 12/07/25 09:18:35 - 3:13:24 - step 700 | loss 0.0253 | step time 286.92ms
INFO - 12/07/25 09:19:04 - 3:13:53 - step 800 | loss 0.0259 | step time 286.92ms
INFO - 12/07/25 09:19:33 - 3:14:22 - step 900 | loss 0.0257 | step time 287.00ms
INFO - 12/07/25 09:20:01 - 3:14:50 - step 1000 | loss 0.0258 | step time 286.97ms
INFO - 12/07/25 09:20:02 - 3:14:51 - step 1000 train loss: 0.026200639083981514 test loss: 0.19058623909950256
INFO - 12/07/25 09:20:30 - 3:15:19 - step 1100 | loss 0.0263 | step time 287.17ms
INFO - 12/07/25 09:20:59 - 3:15:48 - step 1200 | loss 0.0454 | step time 286.92ms
INFO - 12/07/25 09:21:28 - 3:16:17 - step 1300 | loss 0.0261 | step time 286.94ms
INFO - 12/07/25 09:21:56 - 3:16:45 - step 1400 | loss 0.0255 | step time 287.04ms
INFO - 12/07/25 09:22:25 - 3:17:14 - Memory allocated:  45.82MB, reserved: 10106.00MB
INFO - 12/07/25 09:22:25 - 3:17:14 - generating
INFO - 12/07/25 09:35:18 - 0:00:00 - ============ Initialized logger ============
INFO - 12/07/25 09:35:18 - 0:00:00 - batch_size: 32
                                     command: python fc_loop.py --exp_name=dim21_run_1 --dump_path=/home/yuebi/Project/dim21_run --num_initial_empty_objects=800 --final_database_size=100 --target_db_size=100 --nb_local_searches=800 --max_epochs=20 --type=transformer --max-output-length=350 --sample-only=25000 --max-steps=1500 --n_tokens=15 --n-layer=8 --n-embd=128 --n-embd2=128 --exp_id=1111 --exp_id "1111"
                                     cpu: False
                                     debug: False
                                     debug_slurm: False
                                     dump_path: /home/yuebi/Project/dim21_run/dim21_run_1/1111
                                     exp_id: 1111
                                     exp_name: dim21_run_1
                                     final_database_size: 100
                                     gen_batch_size: 1000
                                     global_rank: 0
                                     is_master: True
                                     is_slurm_job: True
                                     learning_rate: 0.0005
                                     local_rank: 0
                                     master_addr: gpu-6
                                     master_port: -1
                                     max_epochs: 20
                                     max_output_length: 350
                                     max_steps: 1500
                                     multi_gpu: False
                                     multi_node: False
                                     n_embd: 128
                                     n_embd2: 128
                                     n_gpu_per_node: 1
                                     n_head: 8
                                     n_layer: 8
                                     n_nodes: 1
                                     n_tokens: 15
                                     nb_local_searches: 800
                                     nb_threads: 1
                                     node_id: 0
                                     num_initial_empty_objects: 800
                                     num_workers: 8
                                     sample_only: 25000
                                     seed: -1
                                     target_db_size: 100
                                     temperature: 1.0
                                     top_k: -1
                                     type: transformer
                                     weight_decay: 0.01
                                     world_size: 1
INFO - 12/07/25 09:35:18 - 0:00:00 - The experiment will be stored in /home/yuebi/Project/dim21_run/dim21_run_1/1111
                                     
INFO - 12/07/25 09:35:18 - 0:00:00 - Running command: python fc_loop.py --exp_name=dim21_run_1 --dump_path=/home/yuebi/Project/dim21_run --num_initial_empty_objects=800 --final_database_size=100 --target_db_size=100 --nb_local_searches=800 --max_epochs=20 --type=transformer --max-output-length=350 --sample-only=25000 --max-steps=1500 --n_tokens=15 --n-layer=8 --n-embd=128 --n-embd2=128 --exp_id=1111

WARNING - 12/07/25 09:35:18 - 0:00:00 - Signal handler installed.
INFO - 12/07/25 09:35:18 - 0:00:00 - seed: 921490298
INFO - 12/07/25 09:35:18 - 0:00:00 - initializing at generation: 11
INFO - 12/07/25 09:35:18 - 0:00:00 - number of examples in the dataset: 100
INFO - 12/07/25 09:35:18 - 0:00:00 - max word length: 181
INFO - 12/07/25 09:35:18 - 0:00:00 - number of unique characters in the vocabulary: 15
INFO - 12/07/25 09:35:18 - 0:00:00 - vocabulary:
INFO - 12/07/25 09:35:18 - 0:00:00 - ['V0', 'V1', 'V2', 'V3', 'V4', 'V5', 'V6', 'V7', 'V8', 'V9', 'V10', 'V11', 'V12', 'V13', 'V14']
INFO - 12/07/25 09:35:18 - 0:00:00 - split up the dataset into 90 training examples and 10 test examples
INFO - 12/07/25 09:35:18 - 0:00:00 - dataset determined that: vocab_size=16, block_size=351
INFO - 12/07/25 09:35:18 - 0:00:00 - model #params: 1635456
INFO - 12/07/25 09:35:18 - 0:00:00 - resuming from existing model
INFO - 12/07/25 09:35:18 - 0:00:00 - ============ Start of generation 11 ============
INFO - 12/07/25 09:35:18 - 0:00:00 - Memory allocated:  10.00MB, reserved: 22.00MB
INFO - 12/07/25 09:35:18 - 0:00:00 - training
INFO - 12/07/25 09:35:23 - 0:00:05 - step 0 | loss 0.0276 | step time 621.72ms
INFO - 12/07/25 09:35:52 - 0:00:34 - step 100 | loss 0.0263 | step time 286.79ms
INFO - 12/07/25 09:36:21 - 0:01:03 - step 200 | loss 0.0256 | step time 286.39ms
INFO - 12/07/25 09:36:49 - 0:01:31 - step 300 | loss 0.0259 | step time 286.39ms
INFO - 12/07/25 09:37:18 - 0:02:00 - step 400 | loss 0.0262 | step time 286.56ms
INFO - 12/07/25 09:37:47 - 0:02:29 - step 500 | loss 0.0268 | step time 286.28ms
INFO - 12/07/25 09:37:47 - 0:02:29 - step 500 train loss: 0.02740808017551899 test loss: 0.21399328112602234
INFO - 12/07/25 09:37:47 - 0:02:29 - test loss 0.21399328112602234 is the best so far, saving model to /home/yuebi/Project/dim21_run/dim21_run_1/1111/model.pt
INFO - 12/07/25 09:38:16 - 0:02:58 - step 600 | loss 0.0255 | step time 286.72ms
INFO - 12/07/25 09:38:44 - 0:03:26 - step 700 | loss 0.0255 | step time 286.36ms
INFO - 12/07/25 09:39:13 - 0:03:55 - step 800 | loss 0.0258 | step time 286.62ms
INFO - 12/07/25 09:39:42 - 0:04:24 - step 900 | loss 0.0264 | step time 286.38ms
INFO - 12/07/25 09:40:10 - 0:04:52 - step 1000 | loss 0.0261 | step time 286.58ms
INFO - 12/07/25 09:40:11 - 0:04:53 - step 1000 train loss: 0.026150155812501907 test loss: 0.22058871388435364
INFO - 12/07/25 09:40:39 - 0:05:21 - step 1100 | loss 0.0380 | step time 286.38ms
INFO - 12/07/25 09:41:08 - 0:05:50 - step 1200 | loss 0.0257 | step time 286.66ms
INFO - 12/07/25 09:41:36 - 0:06:18 - step 1300 | loss 0.0258 | step time 286.41ms
INFO - 12/07/25 09:42:05 - 0:06:47 - step 1400 | loss 0.0253 | step time 287.39ms
INFO - 12/07/25 09:42:34 - 0:07:16 - Memory allocated:  45.82MB, reserved: 3306.00MB
INFO - 12/07/25 09:42:34 - 0:07:16 - generating
INFO - 12/07/25 12:37:07 - 3:01:49 - distribution of sample lengths: average: 553.56992 max: 699
INFO - 12/07/25 12:37:07 - 3:01:49 - printed 25000 samples
INFO - 12/07/25 12:37:07 - 3:01:49 - decoding
INFO - 12/07/25 12:37:08 - 3:01:50 - Decoding complete. Check the output in /home/yuebi/Project/dim21_run/dim21_run_1/1111/transformer-output-decoded.txt
INFO - 12/07/25 12:37:08 - 3:01:50 - Memory allocated:  45.82MB, reserved: 10106.00MB
INFO - 12/07/25 12:37:08 - 3:01:50 - ============ End of generation 11 ============
INFO - 12/07/25 12:37:08 - 3:01:50 - launching search.jl
INFO - 12/07/25 12:37:08 - 3:01:50 - JULIA_NUM_THREADS is set to 1
INFO - 12/07/25 12:45:24 - 3:10:06 - distribution of scores(all rounds)
INFO - 12/07/25 12:45:24 - 3:10:06 - Score:195312500.0, Count:20
                                     
INFO - 12/07/25 12:45:24 - 3:10:06 - Score:147380200.0, Count:5
                                     
INFO - 12/07/25 12:45:24 - 3:10:06 - Score:144265100.0, Count:4
                                     
INFO - 12/07/25 12:45:24 - 3:10:06 - Score:141899740.0, Count:4
                                     
INFO - 12/07/25 12:45:24 - 3:10:06 - Score:140035790.0, Count:6
                                     
INFO - 12/07/25 12:45:24 - 3:10:06 - Score:138365740.0, Count:11
                                     
INFO - 12/07/25 12:45:24 - 3:10:06 - Score:138322140.0, Count:5
                                     
INFO - 12/07/25 12:45:24 - 3:10:06 - Score:138081390.0, Count:2
                                     
INFO - 12/07/25 12:45:24 - 3:10:06 - Score:137114880.0, Count:11
                                     
INFO - 12/07/25 12:45:24 - 3:10:06 - Score:136546740.0, Count:10
                                     
INFO - 12/07/25 12:45:24 - 3:10:06 - Score:136439520.0, Count:5
                                     
INFO - 12/07/25 12:45:24 - 3:10:06 - Score:135978050.0, Count:11
                                     
INFO - 12/07/25 12:45:24 - 3:10:06 - Score:135860180.0, Count:6
                                     
INFO - 12/07/25 12:45:24 - 3:10:06 - tokenizing
INFO - 12/07/25 12:45:24 - 3:10:06 - Loading tokenizer from /home/yuebi/Project/dim21_run/dim21_run_1/1111/tokenizer_data/tokenizer.json...
INFO - 12/07/25 12:45:24 - 3:10:06 - 0 / 100
INFO - 12/07/25 12:45:24 - 3:10:06 - number of examples in the dataset: 100
INFO - 12/07/25 12:45:24 - 3:10:06 - max word length: 181
INFO - 12/07/25 12:45:24 - 3:10:06 - number of unique characters in the vocabulary: 15
INFO - 12/07/25 12:45:24 - 3:10:06 - vocabulary:
INFO - 12/07/25 12:45:24 - 3:10:06 - ['V0', 'V1', 'V2', 'V3', 'V4', 'V5', 'V6', 'V7', 'V8', 'V9', 'V10', 'V11', 'V12', 'V13', 'V14']
INFO - 12/07/25 12:45:24 - 3:10:06 - split up the dataset into 90 training examples and 10 test examples
INFO - 12/07/25 12:45:24 - 3:10:06 - ============ Start of generation 12 ============
INFO - 12/07/25 12:45:24 - 3:10:06 - Memory allocated:  45.82MB, reserved: 10106.00MB
INFO - 12/07/25 12:45:24 - 3:10:06 - training
INFO - 12/07/25 12:45:24 - 3:10:06 - step 0 | loss 0.0403 | step time 294.24ms
INFO - 12/07/25 12:45:53 - 3:10:35 - step 100 | loss 0.0263 | step time 286.93ms
INFO - 12/07/25 12:46:21 - 3:11:03 - step 200 | loss 0.0257 | step time 286.80ms
INFO - 12/07/25 12:46:50 - 3:11:32 - step 300 | loss 0.0263 | step time 286.81ms
INFO - 12/07/25 12:47:19 - 3:12:01 - step 400 | loss 0.0284 | step time 286.65ms
INFO - 12/07/25 12:47:48 - 3:12:30 - step 500 | loss 0.0265 | step time 286.94ms
INFO - 12/07/25 12:47:48 - 3:12:30 - step 500 train loss: 0.026004696264863014 test loss: 0.23432406783103943
INFO - 12/07/25 12:47:48 - 3:12:30 - test loss 0.23432406783103943 is the best so far, saving model to /home/yuebi/Project/dim21_run/dim21_run_1/1111/model.pt
INFO - 12/07/25 12:48:17 - 3:12:59 - step 600 | loss 0.0261 | step time 287.44ms
INFO - 12/07/25 12:48:45 - 3:13:27 - step 700 | loss 0.0263 | step time 286.65ms
INFO - 12/07/25 12:49:14 - 3:13:56 - step 800 | loss 0.0258 | step time 286.83ms
INFO - 12/07/25 12:49:43 - 3:14:25 - step 900 | loss 0.0256 | step time 287.16ms
INFO - 12/07/25 12:50:11 - 3:14:53 - step 1000 | loss 0.0381 | step time 286.68ms
INFO - 12/07/25 12:50:12 - 3:14:54 - step 1000 train loss: 0.03585749864578247 test loss: 0.31768274307250977
INFO - 12/07/25 12:50:40 - 3:15:22 - step 1100 | loss 0.0263 | step time 286.77ms
INFO - 12/07/25 12:51:09 - 3:15:51 - step 1200 | loss 0.0258 | step time 286.71ms
INFO - 12/07/25 12:51:38 - 3:16:20 - step 1300 | loss 0.0261 | step time 287.08ms
INFO - 12/07/25 12:52:06 - 3:16:48 - step 1400 | loss 0.0262 | step time 286.75ms
INFO - 12/07/25 12:52:35 - 3:17:17 - Memory allocated:  45.82MB, reserved: 10106.00MB
INFO - 12/07/25 12:52:35 - 3:17:17 - generating
INFO - 12/07/25 13:05:30 - 0:00:00 - ============ Initialized logger ============
INFO - 12/07/25 13:05:30 - 0:00:00 - batch_size: 32
                                     command: python fc_loop.py --exp_name=dim21_run_1 --dump_path=/home/yuebi/Project/dim21_run --num_initial_empty_objects=800 --final_database_size=100 --target_db_size=100 --nb_local_searches=800 --max_epochs=20 --type=transformer --max-output-length=350 --sample-only=25000 --max-steps=1500 --n_tokens=15 --n-layer=8 --n-embd=128 --n-embd2=128 --exp_id=1111 --exp_id "1111"
                                     cpu: False
                                     debug: False
                                     debug_slurm: False
                                     dump_path: /home/yuebi/Project/dim21_run/dim21_run_1/1111
                                     exp_id: 1111
                                     exp_name: dim21_run_1
                                     final_database_size: 100
                                     gen_batch_size: 1000
                                     global_rank: 0
                                     is_master: True
                                     is_slurm_job: True
                                     learning_rate: 0.0005
                                     local_rank: 0
                                     master_addr: gpu-6
                                     master_port: -1
                                     max_epochs: 20
                                     max_output_length: 350
                                     max_steps: 1500
                                     multi_gpu: False
                                     multi_node: False
                                     n_embd: 128
                                     n_embd2: 128
                                     n_gpu_per_node: 1
                                     n_head: 8
                                     n_layer: 8
                                     n_nodes: 1
                                     n_tokens: 15
                                     nb_local_searches: 800
                                     nb_threads: 1
                                     node_id: 0
                                     num_initial_empty_objects: 800
                                     num_workers: 8
                                     sample_only: 25000
                                     seed: -1
                                     target_db_size: 100
                                     temperature: 1.0
                                     top_k: -1
                                     type: transformer
                                     weight_decay: 0.01
                                     world_size: 1
INFO - 12/07/25 13:05:30 - 0:00:00 - The experiment will be stored in /home/yuebi/Project/dim21_run/dim21_run_1/1111
                                     
INFO - 12/07/25 13:05:30 - 0:00:00 - Running command: python fc_loop.py --exp_name=dim21_run_1 --dump_path=/home/yuebi/Project/dim21_run --num_initial_empty_objects=800 --final_database_size=100 --target_db_size=100 --nb_local_searches=800 --max_epochs=20 --type=transformer --max-output-length=350 --sample-only=25000 --max-steps=1500 --n_tokens=15 --n-layer=8 --n-embd=128 --n-embd2=128 --exp_id=1111

WARNING - 12/07/25 13:05:30 - 0:00:00 - Signal handler installed.
INFO - 12/07/25 13:05:30 - 0:00:00 - seed: 981799757
INFO - 12/07/25 13:05:30 - 0:00:00 - initializing at generation: 12
INFO - 12/07/25 13:05:30 - 0:00:00 - number of examples in the dataset: 100
INFO - 12/07/25 13:05:30 - 0:00:00 - max word length: 181
INFO - 12/07/25 13:05:30 - 0:00:00 - number of unique characters in the vocabulary: 15
INFO - 12/07/25 13:05:30 - 0:00:00 - vocabulary:
INFO - 12/07/25 13:05:30 - 0:00:00 - ['V0', 'V1', 'V2', 'V3', 'V4', 'V5', 'V6', 'V7', 'V8', 'V9', 'V10', 'V11', 'V12', 'V13', 'V14']
INFO - 12/07/25 13:05:30 - 0:00:00 - split up the dataset into 90 training examples and 10 test examples
INFO - 12/07/25 13:05:30 - 0:00:00 - dataset determined that: vocab_size=16, block_size=351
INFO - 12/07/25 13:05:30 - 0:00:00 - model #params: 1635456
INFO - 12/07/25 13:05:30 - 0:00:00 - resuming from existing model
INFO - 12/07/25 13:05:30 - 0:00:00 - ============ Start of generation 12 ============
INFO - 12/07/25 13:05:30 - 0:00:00 - Memory allocated:  10.00MB, reserved: 22.00MB
INFO - 12/07/25 13:05:30 - 0:00:00 - training
INFO - 12/07/25 13:05:35 - 0:00:05 - step 0 | loss 0.0292 | step time 622.54ms
INFO - 12/07/25 13:06:04 - 0:00:34 - step 100 | loss 0.0259 | step time 286.54ms
INFO - 12/07/25 13:06:33 - 0:01:03 - step 200 | loss 0.0267 | step time 286.41ms
INFO - 12/07/25 13:07:01 - 0:01:31 - step 300 | loss 0.0256 | step time 286.26ms
INFO - 12/07/25 13:07:30 - 0:02:00 - step 400 | loss 0.0259 | step time 286.36ms
INFO - 12/07/25 13:07:59 - 0:02:29 - step 500 | loss 0.0301 | step time 286.39ms
INFO - 12/07/25 13:07:59 - 0:02:29 - step 500 train loss: 0.029906315729022026 test loss: 0.15029090642929077
INFO - 12/07/25 13:07:59 - 0:02:29 - test loss 0.15029090642929077 is the best so far, saving model to /home/yuebi/Project/dim21_run/dim21_run_1/1111/model.pt
INFO - 12/07/25 13:08:28 - 0:02:58 - step 600 | loss 0.0257 | step time 286.70ms
INFO - 12/07/25 13:08:56 - 0:03:26 - step 700 | loss 0.0260 | step time 286.53ms
INFO - 12/07/25 13:09:25 - 0:03:55 - step 800 | loss 0.0269 | step time 286.56ms
INFO - 12/07/25 13:09:54 - 0:04:24 - step 900 | loss 0.0263 | step time 286.50ms
INFO - 12/07/25 13:10:22 - 0:04:52 - step 1000 | loss 0.0256 | step time 286.64ms
INFO - 12/07/25 13:10:23 - 0:04:53 - step 1000 train loss: 0.026217665523290634 test loss: 0.11611625552177429
INFO - 12/07/25 13:10:23 - 0:04:53 - test loss 0.11611625552177429 is the best so far, saving model to /home/yuebi/Project/dim21_run/dim21_run_1/1111/model.pt
INFO - 12/07/25 13:10:51 - 0:05:21 - step 1100 | loss 0.0277 | step time 286.35ms
INFO - 12/07/25 13:11:20 - 0:05:50 - step 1200 | loss 0.0255 | step time 286.31ms
INFO - 12/07/25 13:11:48 - 0:06:19 - step 1300 | loss 0.0259 | step time 286.46ms
INFO - 12/07/25 13:12:17 - 0:06:47 - step 1400 | loss 0.0263 | step time 286.23ms
INFO - 12/07/25 13:12:45 - 0:07:16 - Memory allocated:  45.82MB, reserved: 3306.00MB
INFO - 12/07/25 13:12:45 - 0:07:16 - generating
INFO - 12/07/25 16:07:20 - 3:01:50 - distribution of sample lengths: average: 554.10872 max: 894
INFO - 12/07/25 16:07:20 - 3:01:50 - printed 25000 samples
INFO - 12/07/25 16:07:20 - 3:01:50 - decoding
INFO - 12/07/25 16:07:21 - 3:01:51 - Decoding complete. Check the output in /home/yuebi/Project/dim21_run/dim21_run_1/1111/transformer-output-decoded.txt
INFO - 12/07/25 16:07:21 - 3:01:51 - Memory allocated:  45.82MB, reserved: 10106.00MB
INFO - 12/07/25 16:07:21 - 3:01:51 - ============ End of generation 12 ============
INFO - 12/07/25 16:07:21 - 3:01:51 - launching search.jl
INFO - 12/07/25 16:07:21 - 3:01:51 - JULIA_NUM_THREADS is set to 1
INFO - 12/07/25 16:15:46 - 3:10:16 - distribution of scores(all rounds)
INFO - 12/07/25 16:15:46 - 3:10:16 - Score:195312500.0, Count:22
                                     
INFO - 12/07/25 16:15:46 - 3:10:16 - Score:147380200.0, Count:6
                                     
INFO - 12/07/25 16:15:46 - 3:10:16 - Score:144265100.0, Count:5
                                     
INFO - 12/07/25 16:15:46 - 3:10:16 - Score:141899740.0, Count:5
                                     
INFO - 12/07/25 16:15:46 - 3:10:16 - Score:140035790.0, Count:7
                                     
INFO - 12/07/25 16:15:46 - 3:10:16 - Score:138365740.0, Count:12
                                     
INFO - 12/07/25 16:15:46 - 3:10:16 - Score:138322140.0, Count:6
                                     
INFO - 12/07/25 16:15:46 - 3:10:16 - Score:138081390.0, Count:3
                                     
INFO - 12/07/25 16:15:46 - 3:10:16 - Score:137114880.0, Count:12
                                     
INFO - 12/07/25 16:15:46 - 3:10:16 - Score:137013140.0, Count:1
                                     
INFO - 12/07/25 16:15:46 - 3:10:16 - Score:136546740.0, Count:11
                                     
INFO - 12/07/25 16:15:46 - 3:10:16 - Score:136439520.0, Count:6
                                     
INFO - 12/07/25 16:15:46 - 3:10:16 - Score:135978050.0, Count:4
                                     
INFO - 12/07/25 16:15:46 - 3:10:16 - tokenizing
INFO - 12/07/25 16:15:46 - 3:10:16 - Loading tokenizer from /home/yuebi/Project/dim21_run/dim21_run_1/1111/tokenizer_data/tokenizer.json...
INFO - 12/07/25 16:15:46 - 3:10:16 - 0 / 100
INFO - 12/07/25 16:15:46 - 3:10:16 - number of examples in the dataset: 100
INFO - 12/07/25 16:15:46 - 3:10:16 - max word length: 181
INFO - 12/07/25 16:15:46 - 3:10:16 - number of unique characters in the vocabulary: 15
INFO - 12/07/25 16:15:46 - 3:10:16 - vocabulary:
INFO - 12/07/25 16:15:46 - 3:10:16 - ['V0', 'V1', 'V2', 'V3', 'V4', 'V5', 'V6', 'V7', 'V8', 'V9', 'V10', 'V11', 'V12', 'V13', 'V14']
INFO - 12/07/25 16:15:46 - 3:10:16 - split up the dataset into 90 training examples and 10 test examples
INFO - 12/07/25 16:15:46 - 3:10:16 - ============ Start of generation 13 ============
INFO - 12/07/25 16:15:46 - 3:10:16 - Memory allocated:  45.82MB, reserved: 10106.00MB
INFO - 12/07/25 16:15:46 - 3:10:16 - training
INFO - 12/07/25 16:15:46 - 3:10:16 - step 0 | loss 0.0315 | step time 296.13ms
INFO - 12/07/25 16:16:15 - 3:10:45 - step 100 | loss 0.0259 | step time 288.18ms
INFO - 12/07/25 16:16:44 - 3:11:14 - step 200 | loss 0.0260 | step time 288.72ms
INFO - 12/07/25 16:17:13 - 3:11:43 - step 300 | loss 0.0255 | step time 288.56ms
INFO - 12/07/25 16:17:42 - 3:12:12 - step 400 | loss 0.0269 | step time 288.08ms
INFO - 12/07/25 16:18:10 - 3:12:40 - step 500 | loss 0.0254 | step time 288.44ms
INFO - 12/07/25 16:18:11 - 3:12:41 - step 500 train loss: 0.026363587006926537 test loss: 0.20347319543361664
INFO - 12/07/25 16:18:11 - 3:12:41 - test loss 0.20347319543361664 is the best so far, saving model to /home/yuebi/Project/dim21_run/dim21_run_1/1111/model.pt
INFO - 12/07/25 16:18:40 - 3:13:10 - step 600 | loss 0.0258 | step time 288.40ms
INFO - 12/07/25 16:19:08 - 3:13:38 - step 700 | loss 0.0257 | step time 288.17ms
INFO - 12/07/25 16:19:37 - 3:14:07 - step 800 | loss 0.0269 | step time 287.16ms
INFO - 12/07/25 16:20:06 - 3:14:36 - step 900 | loss 0.0269 | step time 286.69ms
INFO - 12/07/25 16:20:35 - 3:15:05 - step 1000 | loss 0.0261 | step time 286.67ms
INFO - 12/07/25 16:20:35 - 3:15:05 - step 1000 train loss: 0.025957798585295677 test loss: 0.2540226876735687
INFO - 12/07/25 16:21:04 - 3:15:34 - step 1100 | loss 0.0260 | step time 286.77ms
INFO - 12/07/25 16:21:32 - 3:16:02 - step 1200 | loss 0.0399 | step time 286.87ms
INFO - 12/07/25 16:22:01 - 3:16:31 - step 1300 | loss 0.0254 | step time 286.89ms
INFO - 12/07/25 16:22:30 - 3:17:00 - step 1400 | loss 0.0260 | step time 286.79ms
INFO - 12/07/25 16:22:58 - 3:17:28 - Memory allocated:  45.82MB, reserved: 10106.00MB
INFO - 12/07/25 16:22:58 - 3:17:28 - generating
INFO - 12/07/25 16:35:35 - 0:00:00 - ============ Initialized logger ============
INFO - 12/07/25 16:35:35 - 0:00:00 - batch_size: 32
                                     command: python fc_loop.py --exp_name=dim21_run_1 --dump_path=/home/yuebi/Project/dim21_run --num_initial_empty_objects=800 --final_database_size=100 --target_db_size=100 --nb_local_searches=800 --max_epochs=20 --type=transformer --max-output-length=350 --sample-only=25000 --max-steps=1500 --n_tokens=15 --n-layer=8 --n-embd=128 --n-embd2=128 --exp_id=1111 --exp_id "1111"
                                     cpu: False
                                     debug: False
                                     debug_slurm: False
                                     dump_path: /home/yuebi/Project/dim21_run/dim21_run_1/1111
                                     exp_id: 1111
                                     exp_name: dim21_run_1
                                     final_database_size: 100
                                     gen_batch_size: 1000
                                     global_rank: 0
                                     is_master: True
                                     is_slurm_job: True
                                     learning_rate: 0.0005
                                     local_rank: 0
                                     master_addr: gpu-6
                                     master_port: -1
                                     max_epochs: 20
                                     max_output_length: 350
                                     max_steps: 1500
                                     multi_gpu: False
                                     multi_node: False
                                     n_embd: 128
                                     n_embd2: 128
                                     n_gpu_per_node: 1
                                     n_head: 8
                                     n_layer: 8
                                     n_nodes: 1
                                     n_tokens: 15
                                     nb_local_searches: 800
                                     nb_threads: 1
                                     node_id: 0
                                     num_initial_empty_objects: 800
                                     num_workers: 8
                                     sample_only: 25000
                                     seed: -1
                                     target_db_size: 100
                                     temperature: 1.0
                                     top_k: -1
                                     type: transformer
                                     weight_decay: 0.01
                                     world_size: 1
INFO - 12/07/25 16:35:35 - 0:00:00 - The experiment will be stored in /home/yuebi/Project/dim21_run/dim21_run_1/1111
                                     
INFO - 12/07/25 16:35:35 - 0:00:00 - Running command: python fc_loop.py --exp_name=dim21_run_1 --dump_path=/home/yuebi/Project/dim21_run --num_initial_empty_objects=800 --final_database_size=100 --target_db_size=100 --nb_local_searches=800 --max_epochs=20 --type=transformer --max-output-length=350 --sample-only=25000 --max-steps=1500 --n_tokens=15 --n-layer=8 --n-embd=128 --n-embd2=128 --exp_id=1111

WARNING - 12/07/25 16:35:35 - 0:00:00 - Signal handler installed.
INFO - 12/07/25 16:35:35 - 0:00:00 - seed: 689586083
INFO - 12/07/25 16:35:35 - 0:00:00 - initializing at generation: 13
INFO - 12/07/25 16:35:35 - 0:00:00 - number of examples in the dataset: 100
INFO - 12/07/25 16:35:35 - 0:00:00 - max word length: 181
INFO - 12/07/25 16:35:35 - 0:00:00 - number of unique characters in the vocabulary: 15
INFO - 12/07/25 16:35:35 - 0:00:00 - vocabulary:
INFO - 12/07/25 16:35:35 - 0:00:00 - ['V0', 'V1', 'V2', 'V3', 'V4', 'V5', 'V6', 'V7', 'V8', 'V9', 'V10', 'V11', 'V12', 'V13', 'V14']
INFO - 12/07/25 16:35:35 - 0:00:00 - split up the dataset into 90 training examples and 10 test examples
INFO - 12/07/25 16:35:35 - 0:00:00 - dataset determined that: vocab_size=16, block_size=351
INFO - 12/07/25 16:35:35 - 0:00:00 - model #params: 1635456
INFO - 12/07/25 16:35:35 - 0:00:00 - resuming from existing model
INFO - 12/07/25 16:35:35 - 0:00:00 - ============ Start of generation 13 ============
INFO - 12/07/25 16:35:35 - 0:00:00 - Memory allocated:  10.00MB, reserved: 22.00MB
INFO - 12/07/25 16:35:35 - 0:00:00 - training
INFO - 12/07/25 16:35:40 - 0:00:05 - step 0 | loss 0.0326 | step time 608.90ms
INFO - 12/07/25 16:36:09 - 0:00:34 - step 100 | loss 0.0272 | step time 286.59ms
INFO - 12/07/25 16:36:38 - 0:01:03 - step 200 | loss 0.0260 | step time 286.41ms
INFO - 12/07/25 16:37:06 - 0:01:31 - step 300 | loss 0.0256 | step time 286.84ms
INFO - 12/07/25 16:37:35 - 0:02:00 - step 400 | loss 0.0263 | step time 287.13ms
INFO - 12/07/25 16:38:04 - 0:02:29 - step 500 | loss 0.0263 | step time 286.51ms
INFO - 12/07/25 16:38:04 - 0:02:29 - step 500 train loss: 0.026200128719210625 test loss: 0.060733724385499954
INFO - 12/07/25 16:38:04 - 0:02:29 - test loss 0.060733724385499954 is the best so far, saving model to /home/yuebi/Project/dim21_run/dim21_run_1/1111/model.pt
INFO - 12/07/25 16:38:33 - 0:02:58 - step 600 | loss 0.0393 | step time 286.63ms
INFO - 12/07/25 16:39:01 - 0:03:26 - step 700 | loss 0.0259 | step time 286.96ms
INFO - 12/07/25 16:39:30 - 0:03:55 - step 800 | loss 0.0260 | step time 286.57ms
INFO - 12/07/25 16:39:59 - 0:04:24 - step 900 | loss 0.0260 | step time 286.39ms
INFO - 12/07/25 16:40:27 - 0:04:52 - step 1000 | loss 0.0258 | step time 286.40ms
INFO - 12/07/25 16:40:27 - 0:04:53 - step 1000 train loss: 0.026001762598752975 test loss: 0.14290177822113037
INFO - 12/07/25 16:40:56 - 0:05:21 - step 1100 | loss 0.0262 | step time 286.92ms
INFO - 12/07/25 16:41:25 - 0:05:50 - step 1200 | loss 0.0331 | step time 286.50ms
INFO - 12/07/25 16:41:53 - 0:06:18 - step 1300 | loss 0.0254 | step time 286.73ms
INFO - 12/07/25 16:42:22 - 0:06:47 - step 1400 | loss 0.0256 | step time 286.93ms
INFO - 12/07/25 16:42:50 - 0:07:16 - Memory allocated:  45.82MB, reserved: 3306.00MB
INFO - 12/07/25 16:42:50 - 0:07:16 - generating
INFO - 12/07/25 19:37:24 - 3:01:49 - distribution of sample lengths: average: 553.186 max: 571
INFO - 12/07/25 19:37:24 - 3:01:49 - printed 25000 samples
INFO - 12/07/25 19:37:24 - 3:01:49 - decoding
INFO - 12/07/25 19:37:25 - 3:01:50 - Decoding complete. Check the output in /home/yuebi/Project/dim21_run/dim21_run_1/1111/transformer-output-decoded.txt
INFO - 12/07/25 19:37:25 - 3:01:50 - Memory allocated:  45.82MB, reserved: 10106.00MB
INFO - 12/07/25 19:37:25 - 3:01:50 - ============ End of generation 13 ============
INFO - 12/07/25 19:37:25 - 3:01:50 - launching search.jl
INFO - 12/07/25 19:37:25 - 3:01:50 - JULIA_NUM_THREADS is set to 1
INFO - 12/07/25 19:45:43 - 3:10:08 - distribution of scores(all rounds)
INFO - 12/07/25 19:45:43 - 3:10:08 - Score:195312500.0, Count:24
                                     
INFO - 12/07/25 19:45:43 - 3:10:08 - Score:147380200.0, Count:7
                                     
INFO - 12/07/25 19:45:43 - 3:10:08 - Score:144265100.0, Count:6
                                     
INFO - 12/07/25 19:45:43 - 3:10:08 - Score:141899740.0, Count:6
                                     
INFO - 12/07/25 19:45:43 - 3:10:08 - Score:140035790.0, Count:8
                                     
INFO - 12/07/25 19:45:43 - 3:10:08 - Score:138365740.0, Count:13
                                     
INFO - 12/07/25 19:45:43 - 3:10:08 - Score:138322140.0, Count:7
                                     
INFO - 12/07/25 19:45:43 - 3:10:08 - Score:138081390.0, Count:4
                                     
INFO - 12/07/25 19:45:43 - 3:10:08 - Score:137114880.0, Count:13
                                     
INFO - 12/07/25 19:45:43 - 3:10:08 - Score:137013140.0, Count:2
                                     
INFO - 12/07/25 19:45:43 - 3:10:08 - Score:136546740.0, Count:10
                                     
INFO - 12/07/25 19:45:43 - 3:10:08 - tokenizing
INFO - 12/07/25 19:45:43 - 3:10:08 - Loading tokenizer from /home/yuebi/Project/dim21_run/dim21_run_1/1111/tokenizer_data/tokenizer.json...
INFO - 12/07/25 19:45:43 - 3:10:08 - 0 / 100
INFO - 12/07/25 19:45:43 - 3:10:08 - number of examples in the dataset: 100
INFO - 12/07/25 19:45:43 - 3:10:08 - max word length: 181
INFO - 12/07/25 19:45:43 - 3:10:08 - number of unique characters in the vocabulary: 15
INFO - 12/07/25 19:45:43 - 3:10:08 - vocabulary:
INFO - 12/07/25 19:45:43 - 3:10:08 - ['V0', 'V1', 'V2', 'V3', 'V4', 'V5', 'V6', 'V7', 'V8', 'V9', 'V10', 'V11', 'V12', 'V13', 'V14']
INFO - 12/07/25 19:45:43 - 3:10:08 - split up the dataset into 90 training examples and 10 test examples
INFO - 12/07/25 19:45:43 - 3:10:08 - ============ Start of generation 14 ============
INFO - 12/07/25 19:45:43 - 3:10:08 - Memory allocated:  45.82MB, reserved: 10106.00MB
INFO - 12/07/25 19:45:43 - 3:10:08 - training
INFO - 12/07/25 19:45:44 - 3:10:09 - step 0 | loss 0.3430 | step time 294.05ms
INFO - 12/07/25 19:46:12 - 3:10:37 - step 100 | loss 0.0260 | step time 286.34ms
INFO - 12/07/25 19:46:41 - 3:11:06 - step 200 | loss 0.0258 | step time 286.63ms
INFO - 12/07/25 19:47:10 - 3:11:35 - step 300 | loss 0.0259 | step time 286.81ms
INFO - 12/07/25 19:47:38 - 3:12:03 - step 400 | loss 0.0263 | step time 286.99ms
INFO - 12/07/25 19:48:07 - 3:12:32 - step 500 | loss 0.0329 | step time 286.82ms
INFO - 12/07/25 19:48:07 - 3:12:32 - step 500 train loss: 0.03285406157374382 test loss: 0.197523832321167
INFO - 12/07/25 19:48:07 - 3:12:32 - test loss 0.197523832321167 is the best so far, saving model to /home/yuebi/Project/dim21_run/dim21_run_1/1111/model.pt
INFO - 12/07/25 19:48:36 - 3:13:01 - step 600 | loss 0.0257 | step time 286.85ms
INFO - 12/07/25 19:49:05 - 3:13:30 - step 700 | loss 0.0254 | step time 286.58ms
INFO - 12/07/25 19:49:33 - 3:13:59 - step 800 | loss 0.0262 | step time 287.03ms
INFO - 12/07/25 19:50:02 - 3:14:27 - step 900 | loss 0.0259 | step time 286.73ms
INFO - 12/07/25 19:50:31 - 3:14:56 - step 1000 | loss 0.0417 | step time 286.60ms
INFO - 12/07/25 19:50:31 - 3:14:56 - step 1000 train loss: 0.03685450181365013 test loss: 0.25367531180381775
INFO - 12/07/25 19:51:00 - 3:15:25 - step 1100 | loss 0.0259 | step time 287.02ms
INFO - 12/07/25 19:51:29 - 3:15:54 - step 1200 | loss 0.0262 | step time 286.86ms
INFO - 12/07/25 19:51:57 - 3:16:22 - step 1300 | loss 0.0262 | step time 287.05ms
INFO - 12/07/25 19:52:26 - 3:16:51 - step 1400 | loss 0.0259 | step time 286.64ms
INFO - 12/07/25 19:52:54 - 3:17:19 - Memory allocated:  45.82MB, reserved: 10106.00MB
INFO - 12/07/25 19:52:54 - 3:17:19 - generating
INFO - 12/07/25 20:05:38 - 0:00:00 - ============ Initialized logger ============
INFO - 12/07/25 20:05:38 - 0:00:00 - batch_size: 32
                                     command: python fc_loop.py --exp_name=dim21_run_1 --dump_path=/home/yuebi/Project/dim21_run --num_initial_empty_objects=800 --final_database_size=100 --target_db_size=100 --nb_local_searches=800 --max_epochs=20 --type=transformer --max-output-length=350 --sample-only=25000 --max-steps=1500 --n_tokens=15 --n-layer=8 --n-embd=128 --n-embd2=128 --exp_id=1111 --exp_id "1111"
                                     cpu: False
                                     debug: False
                                     debug_slurm: False
                                     dump_path: /home/yuebi/Project/dim21_run/dim21_run_1/1111
                                     exp_id: 1111
                                     exp_name: dim21_run_1
                                     final_database_size: 100
                                     gen_batch_size: 1000
                                     global_rank: 0
                                     is_master: True
                                     is_slurm_job: True
                                     learning_rate: 0.0005
                                     local_rank: 0
                                     master_addr: gpu-6
                                     master_port: -1
                                     max_epochs: 20
                                     max_output_length: 350
                                     max_steps: 1500
                                     multi_gpu: False
                                     multi_node: False
                                     n_embd: 128
                                     n_embd2: 128
                                     n_gpu_per_node: 1
                                     n_head: 8
                                     n_layer: 8
                                     n_nodes: 1
                                     n_tokens: 15
                                     nb_local_searches: 800
                                     nb_threads: 1
                                     node_id: 0
                                     num_initial_empty_objects: 800
                                     num_workers: 8
                                     sample_only: 25000
                                     seed: -1
                                     target_db_size: 100
                                     temperature: 1.0
                                     top_k: -1
                                     type: transformer
                                     weight_decay: 0.01
                                     world_size: 1
INFO - 12/07/25 20:05:38 - 0:00:00 - The experiment will be stored in /home/yuebi/Project/dim21_run/dim21_run_1/1111
                                     
INFO - 12/07/25 20:05:38 - 0:00:00 - Running command: python fc_loop.py --exp_name=dim21_run_1 --dump_path=/home/yuebi/Project/dim21_run --num_initial_empty_objects=800 --final_database_size=100 --target_db_size=100 --nb_local_searches=800 --max_epochs=20 --type=transformer --max-output-length=350 --sample-only=25000 --max-steps=1500 --n_tokens=15 --n-layer=8 --n-embd=128 --n-embd2=128 --exp_id=1111

WARNING - 12/07/25 20:05:38 - 0:00:00 - Signal handler installed.
INFO - 12/07/25 20:05:38 - 0:00:00 - seed: 699166768
INFO - 12/07/25 20:05:38 - 0:00:00 - initializing at generation: 14
INFO - 12/07/25 20:05:38 - 0:00:00 - number of examples in the dataset: 100
INFO - 12/07/25 20:05:38 - 0:00:00 - max word length: 181
INFO - 12/07/25 20:05:38 - 0:00:00 - number of unique characters in the vocabulary: 15
INFO - 12/07/25 20:05:38 - 0:00:00 - vocabulary:
INFO - 12/07/25 20:05:38 - 0:00:00 - ['V0', 'V1', 'V2', 'V3', 'V4', 'V5', 'V6', 'V7', 'V8', 'V9', 'V10', 'V11', 'V12', 'V13', 'V14']
INFO - 12/07/25 20:05:38 - 0:00:00 - split up the dataset into 90 training examples and 10 test examples
INFO - 12/07/25 20:05:38 - 0:00:00 - dataset determined that: vocab_size=16, block_size=351
INFO - 12/07/25 20:05:38 - 0:00:00 - model #params: 1635456
INFO - 12/07/25 20:05:38 - 0:00:00 - resuming from existing model
INFO - 12/07/25 20:05:38 - 0:00:00 - ============ Start of generation 14 ============
INFO - 12/07/25 20:05:38 - 0:00:00 - Memory allocated:  10.00MB, reserved: 22.00MB
INFO - 12/07/25 20:05:38 - 0:00:00 - training
INFO - 12/07/25 20:05:43 - 0:00:05 - step 0 | loss 0.0699 | step time 610.96ms
INFO - 12/07/25 20:06:12 - 0:00:34 - step 100 | loss 0.0255 | step time 286.74ms
INFO - 12/07/25 20:06:41 - 0:01:03 - step 200 | loss 0.0265 | step time 286.60ms
INFO - 12/07/25 20:07:09 - 0:01:31 - step 300 | loss 0.0258 | step time 286.41ms
INFO - 12/07/25 20:07:38 - 0:02:00 - step 400 | loss 0.0259 | step time 286.47ms
INFO - 12/07/25 20:08:06 - 0:02:28 - step 500 | loss 0.0298 | step time 286.89ms
INFO - 12/07/25 20:08:07 - 0:02:29 - step 500 train loss: 0.03663146495819092 test loss: 0.22212612628936768
INFO - 12/07/25 20:08:07 - 0:02:29 - test loss 0.22212612628936768 is the best so far, saving model to /home/yuebi/Project/dim21_run/dim21_run_1/1111/model.pt
INFO - 12/07/25 20:08:35 - 0:02:57 - step 600 | loss 0.0261 | step time 286.26ms
INFO - 12/07/25 20:09:04 - 0:03:26 - step 700 | loss 0.0259 | step time 287.20ms
INFO - 12/07/25 20:09:33 - 0:03:55 - step 800 | loss 0.0261 | step time 286.72ms
INFO - 12/07/25 20:10:01 - 0:04:23 - step 900 | loss 0.0265 | step time 286.80ms
INFO - 12/07/25 20:10:30 - 0:04:52 - step 1000 | loss 0.0264 | step time 286.70ms
INFO - 12/07/25 20:10:30 - 0:04:52 - step 1000 train loss: 0.026096049696207047 test loss: 0.18362344801425934
INFO - 12/07/25 20:10:30 - 0:04:52 - test loss 0.18362344801425934 is the best so far, saving model to /home/yuebi/Project/dim21_run/dim21_run_1/1111/model.pt
INFO - 12/07/25 20:10:59 - 0:05:21 - step 1100 | loss 0.0258 | step time 286.69ms
INFO - 12/07/25 20:11:28 - 0:05:50 - step 1200 | loss 0.0260 | step time 286.59ms
INFO - 12/07/25 20:11:56 - 0:06:18 - step 1300 | loss 0.0265 | step time 287.12ms
INFO - 12/07/25 20:12:25 - 0:06:47 - step 1400 | loss 0.0260 | step time 286.44ms
INFO - 12/07/25 20:12:53 - 0:07:15 - Memory allocated:  45.82MB, reserved: 3306.00MB
INFO - 12/07/25 20:12:53 - 0:07:15 - generating
INFO - 12/07/25 23:07:28 - 3:01:50 - distribution of sample lengths: average: 552.70304 max: 615
INFO - 12/07/25 23:07:28 - 3:01:50 - printed 25000 samples
INFO - 12/07/25 23:07:28 - 3:01:50 - decoding
INFO - 12/07/25 23:07:29 - 3:01:51 - Decoding complete. Check the output in /home/yuebi/Project/dim21_run/dim21_run_1/1111/transformer-output-decoded.txt
INFO - 12/07/25 23:07:29 - 3:01:51 - Memory allocated:  45.82MB, reserved: 10106.00MB
INFO - 12/07/25 23:07:29 - 3:01:51 - ============ End of generation 14 ============
INFO - 12/07/25 23:07:29 - 3:01:51 - launching search.jl
INFO - 12/07/25 23:07:29 - 3:01:51 - JULIA_NUM_THREADS is set to 1
INFO - 12/07/25 23:15:42 - 3:10:04 - distribution of scores(all rounds)
INFO - 12/07/25 23:15:42 - 3:10:04 - Score:195312500.0, Count:26
                                     
INFO - 12/07/25 23:15:42 - 3:10:04 - Score:147380200.0, Count:8
                                     
INFO - 12/07/25 23:15:42 - 3:10:04 - Score:144265100.0, Count:7
                                     
INFO - 12/07/25 23:15:42 - 3:10:04 - Score:141899740.0, Count:7
                                     
INFO - 12/07/25 23:15:42 - 3:10:04 - Score:140035790.0, Count:9
                                     
INFO - 12/07/25 23:15:42 - 3:10:04 - Score:138365740.0, Count:14
                                     
INFO - 12/07/25 23:15:42 - 3:10:04 - Score:138322140.0, Count:8
                                     
INFO - 12/07/25 23:15:42 - 3:10:04 - Score:138081390.0, Count:5
                                     
INFO - 12/07/25 23:15:42 - 3:10:04 - Score:137114880.0, Count:14
                                     
INFO - 12/07/25 23:15:42 - 3:10:04 - Score:137013140.0, Count:2
                                     
INFO - 12/07/25 23:15:42 - 3:10:04 - tokenizing
INFO - 12/07/25 23:15:42 - 3:10:04 - Loading tokenizer from /home/yuebi/Project/dim21_run/dim21_run_1/1111/tokenizer_data/tokenizer.json...
INFO - 12/07/25 23:15:42 - 3:10:04 - 0 / 100
INFO - 12/07/25 23:15:42 - 3:10:04 - number of examples in the dataset: 100
INFO - 12/07/25 23:15:42 - 3:10:04 - max word length: 181
INFO - 12/07/25 23:15:42 - 3:10:04 - number of unique characters in the vocabulary: 15
INFO - 12/07/25 23:15:42 - 3:10:04 - vocabulary:
INFO - 12/07/25 23:15:42 - 3:10:04 - ['V0', 'V1', 'V2', 'V3', 'V4', 'V5', 'V6', 'V7', 'V8', 'V9', 'V10', 'V11', 'V12', 'V13', 'V14']
INFO - 12/07/25 23:15:42 - 3:10:04 - split up the dataset into 90 training examples and 10 test examples
INFO - 12/07/25 23:15:42 - 3:10:04 - ============ Start of generation 15 ============
INFO - 12/07/25 23:15:42 - 3:10:04 - Memory allocated:  45.82MB, reserved: 10106.00MB
INFO - 12/07/25 23:15:42 - 3:10:04 - training
INFO - 12/07/25 23:15:42 - 3:10:04 - step 0 | loss 0.0410 | step time 293.97ms
INFO - 12/07/25 23:16:11 - 3:10:33 - step 100 | loss 0.0263 | step time 286.97ms
INFO - 12/07/25 23:16:39 - 3:11:01 - step 200 | loss 0.0259 | step time 287.04ms
INFO - 12/07/25 23:17:08 - 3:11:30 - step 300 | loss 0.0255 | step time 286.82ms
INFO - 12/07/25 23:17:37 - 3:11:59 - step 400 | loss 0.0265 | step time 286.71ms
INFO - 12/07/25 23:18:06 - 3:12:28 - step 500 | loss 0.0261 | step time 286.90ms
INFO - 12/07/25 23:18:06 - 3:12:28 - step 500 train loss: 0.02610466629266739 test loss: 0.0721702054142952
INFO - 12/07/25 23:18:06 - 3:12:28 - test loss 0.0721702054142952 is the best so far, saving model to /home/yuebi/Project/dim21_run/dim21_run_1/1111/model.pt
INFO - 12/07/25 23:18:35 - 3:12:57 - step 600 | loss 0.0294 | step time 286.58ms
INFO - 12/07/25 23:19:03 - 3:13:25 - step 700 | loss 0.0255 | step time 286.79ms
INFO - 12/07/25 23:19:32 - 3:13:54 - step 800 | loss 0.0257 | step time 286.73ms
INFO - 12/07/25 23:20:01 - 3:14:23 - step 900 | loss 0.0259 | step time 287.14ms
INFO - 12/07/25 23:20:29 - 3:14:51 - step 1000 | loss 0.0261 | step time 286.62ms
INFO - 12/07/25 23:20:30 - 3:14:52 - step 1000 train loss: 0.026029253378510475 test loss: 0.09760917723178864
INFO - 12/07/25 23:20:58 - 3:15:20 - step 1100 | loss 0.0255 | step time 286.89ms
INFO - 12/07/25 23:21:27 - 3:15:49 - step 1200 | loss 0.0251 | step time 287.28ms
INFO - 12/07/25 23:21:56 - 3:16:18 - step 1300 | loss 0.0403 | step time 286.77ms
INFO - 12/07/25 23:22:24 - 3:16:46 - step 1400 | loss 0.0260 | step time 286.99ms
INFO - 12/07/25 23:22:53 - 3:17:15 - Memory allocated:  45.82MB, reserved: 10106.00MB
INFO - 12/07/25 23:22:53 - 3:17:15 - generating
INFO - 12/07/25 23:35:46 - 0:00:00 - ============ Initialized logger ============
INFO - 12/07/25 23:35:46 - 0:00:00 - batch_size: 32
                                     command: python fc_loop.py --exp_name=dim21_run_1 --dump_path=/home/yuebi/Project/dim21_run --num_initial_empty_objects=800 --final_database_size=100 --target_db_size=100 --nb_local_searches=800 --max_epochs=20 --type=transformer --max-output-length=350 --sample-only=25000 --max-steps=1500 --n_tokens=15 --n-layer=8 --n-embd=128 --n-embd2=128 --exp_id=1111 --exp_id "1111"
                                     cpu: False
                                     debug: False
                                     debug_slurm: False
                                     dump_path: /home/yuebi/Project/dim21_run/dim21_run_1/1111
                                     exp_id: 1111
                                     exp_name: dim21_run_1
                                     final_database_size: 100
                                     gen_batch_size: 1000
                                     global_rank: 0
                                     is_master: True
                                     is_slurm_job: True
                                     learning_rate: 0.0005
                                     local_rank: 0
                                     master_addr: gpu-6
                                     master_port: -1
                                     max_epochs: 20
                                     max_output_length: 350
                                     max_steps: 1500
                                     multi_gpu: False
                                     multi_node: False
                                     n_embd: 128
                                     n_embd2: 128
                                     n_gpu_per_node: 1
                                     n_head: 8
                                     n_layer: 8
                                     n_nodes: 1
                                     n_tokens: 15
                                     nb_local_searches: 800
                                     nb_threads: 1
                                     node_id: 0
                                     num_initial_empty_objects: 800
                                     num_workers: 8
                                     sample_only: 25000
                                     seed: -1
                                     target_db_size: 100
                                     temperature: 1.0
                                     top_k: -1
                                     type: transformer
                                     weight_decay: 0.01
                                     world_size: 1
INFO - 12/07/25 23:35:46 - 0:00:00 - The experiment will be stored in /home/yuebi/Project/dim21_run/dim21_run_1/1111
                                     
INFO - 12/07/25 23:35:46 - 0:00:00 - Running command: python fc_loop.py --exp_name=dim21_run_1 --dump_path=/home/yuebi/Project/dim21_run --num_initial_empty_objects=800 --final_database_size=100 --target_db_size=100 --nb_local_searches=800 --max_epochs=20 --type=transformer --max-output-length=350 --sample-only=25000 --max-steps=1500 --n_tokens=15 --n-layer=8 --n-embd=128 --n-embd2=128 --exp_id=1111

WARNING - 12/07/25 23:35:46 - 0:00:00 - Signal handler installed.
INFO - 12/07/25 23:35:46 - 0:00:00 - seed: 195377522
INFO - 12/07/25 23:35:46 - 0:00:00 - initializing at generation: 15
INFO - 12/07/25 23:35:46 - 0:00:00 - number of examples in the dataset: 100
INFO - 12/07/25 23:35:46 - 0:00:00 - max word length: 181
INFO - 12/07/25 23:35:46 - 0:00:00 - number of unique characters in the vocabulary: 15
INFO - 12/07/25 23:35:46 - 0:00:00 - vocabulary:
INFO - 12/07/25 23:35:46 - 0:00:00 - ['V0', 'V1', 'V2', 'V3', 'V4', 'V5', 'V6', 'V7', 'V8', 'V9', 'V10', 'V11', 'V12', 'V13', 'V14']
INFO - 12/07/25 23:35:46 - 0:00:00 - split up the dataset into 90 training examples and 10 test examples
INFO - 12/07/25 23:35:46 - 0:00:00 - dataset determined that: vocab_size=16, block_size=351
INFO - 12/07/25 23:35:46 - 0:00:00 - model #params: 1635456
INFO - 12/07/25 23:35:46 - 0:00:00 - resuming from existing model
INFO - 12/07/25 23:35:46 - 0:00:00 - ============ Start of generation 15 ============
INFO - 12/07/25 23:35:46 - 0:00:00 - Memory allocated:  10.00MB, reserved: 22.00MB
INFO - 12/07/25 23:35:46 - 0:00:00 - training
INFO - 12/07/25 23:35:51 - 0:00:05 - step 0 | loss 0.0324 | step time 622.10ms
INFO - 12/07/25 23:36:20 - 0:00:34 - step 100 | loss 0.0260 | step time 286.67ms
INFO - 12/07/25 23:36:49 - 0:01:03 - step 200 | loss 0.0261 | step time 286.82ms
INFO - 12/07/25 23:37:17 - 0:01:31 - step 300 | loss 0.0264 | step time 286.42ms
INFO - 12/07/25 23:37:46 - 0:02:00 - step 400 | loss 0.0264 | step time 286.36ms
INFO - 12/07/25 23:38:15 - 0:02:29 - step 500 | loss 0.0254 | step time 286.80ms
INFO - 12/07/25 23:38:15 - 0:02:29 - step 500 train loss: 0.02605009265244007 test loss: 0.07928142696619034
INFO - 12/07/25 23:38:15 - 0:02:29 - test loss 0.07928142696619034 is the best so far, saving model to /home/yuebi/Project/dim21_run/dim21_run_1/1111/model.pt
INFO - 12/07/25 23:38:44 - 0:02:58 - step 600 | loss 0.0274 | step time 286.28ms
INFO - 12/07/25 23:39:12 - 0:03:26 - step 700 | loss 0.0258 | step time 286.48ms
INFO - 12/07/25 23:39:41 - 0:03:55 - step 800 | loss 0.0263 | step time 286.87ms
INFO - 12/07/25 23:40:10 - 0:04:24 - step 900 | loss 0.0259 | step time 287.12ms
INFO - 12/07/25 23:40:38 - 0:04:52 - step 1000 | loss 0.0262 | step time 286.74ms
INFO - 12/07/25 23:40:39 - 0:04:53 - step 1000 train loss: 0.026093633845448494 test loss: 0.16817043721675873
INFO - 12/07/25 23:41:07 - 0:05:21 - step 1100 | loss 0.0256 | step time 286.43ms
INFO - 12/07/25 23:41:36 - 0:05:50 - step 1200 | loss 0.0263 | step time 286.83ms
INFO - 12/07/25 23:42:05 - 0:06:19 - step 1300 | loss 0.0293 | step time 286.76ms
INFO - 12/07/25 23:42:33 - 0:06:47 - step 1400 | loss 0.0265 | step time 287.22ms
INFO - 12/07/25 23:43:02 - 0:07:16 - Memory allocated:  45.82MB, reserved: 3306.00MB
INFO - 12/07/25 23:43:02 - 0:07:16 - generating
INFO - 12/08/25 02:37:35 - 3:01:49 - distribution of sample lengths: average: 553.42088 max: 1105
INFO - 12/08/25 02:37:35 - 3:01:49 - printed 25000 samples
INFO - 12/08/25 02:37:35 - 3:01:49 - decoding
INFO - 12/08/25 02:37:36 - 3:01:50 - Decoding complete. Check the output in /home/yuebi/Project/dim21_run/dim21_run_1/1111/transformer-output-decoded.txt
INFO - 12/08/25 02:37:36 - 3:01:50 - Memory allocated:  45.82MB, reserved: 10106.00MB
INFO - 12/08/25 02:37:36 - 3:01:50 - ============ End of generation 15 ============
INFO - 12/08/25 02:37:36 - 3:01:50 - launching search.jl
INFO - 12/08/25 02:37:36 - 3:01:50 - JULIA_NUM_THREADS is set to 1
INFO - 12/08/25 02:45:51 - 3:10:05 - distribution of scores(all rounds)
INFO - 12/08/25 02:45:51 - 3:10:05 - Score:195312500.0, Count:28
                                     
INFO - 12/08/25 02:45:51 - 3:10:05 - Score:147380200.0, Count:9
                                     
INFO - 12/08/25 02:45:51 - 3:10:05 - Score:144265100.0, Count:8
                                     
INFO - 12/08/25 02:45:51 - 3:10:05 - Score:141899740.0, Count:8
                                     
INFO - 12/08/25 02:45:51 - 3:10:05 - Score:140035790.0, Count:10
                                     
INFO - 12/08/25 02:45:51 - 3:10:05 - Score:138365740.0, Count:15
                                     
INFO - 12/08/25 02:45:51 - 3:10:05 - Score:138322140.0, Count:9
                                     
INFO - 12/08/25 02:45:51 - 3:10:05 - Score:138081390.0, Count:6
                                     
INFO - 12/08/25 02:45:51 - 3:10:05 - Score:137114880.0, Count:7
                                     
INFO - 12/08/25 02:45:51 - 3:10:05 - tokenizing
INFO - 12/08/25 02:45:51 - 3:10:05 - Loading tokenizer from /home/yuebi/Project/dim21_run/dim21_run_1/1111/tokenizer_data/tokenizer.json...
INFO - 12/08/25 02:45:51 - 3:10:05 - 0 / 100
INFO - 12/08/25 02:45:51 - 3:10:05 - number of examples in the dataset: 100
INFO - 12/08/25 02:45:51 - 3:10:05 - max word length: 181
INFO - 12/08/25 02:45:51 - 3:10:05 - number of unique characters in the vocabulary: 15
INFO - 12/08/25 02:45:51 - 3:10:05 - vocabulary:
INFO - 12/08/25 02:45:51 - 3:10:05 - ['V0', 'V1', 'V2', 'V3', 'V4', 'V5', 'V6', 'V7', 'V8', 'V9', 'V10', 'V11', 'V12', 'V13', 'V14']
INFO - 12/08/25 02:45:51 - 3:10:05 - split up the dataset into 90 training examples and 10 test examples
INFO - 12/08/25 02:45:51 - 3:10:05 - ============ Start of generation 16 ============
INFO - 12/08/25 02:45:51 - 3:10:05 - Memory allocated:  45.82MB, reserved: 10106.00MB
INFO - 12/08/25 02:45:51 - 3:10:05 - training
INFO - 12/08/25 02:45:51 - 3:10:05 - step 0 | loss 0.6036 | step time 296.30ms
INFO - 12/08/25 02:46:20 - 3:10:34 - step 100 | loss 0.0270 | step time 286.69ms
INFO - 12/08/25 02:46:49 - 3:11:03 - step 200 | loss 0.0263 | step time 287.14ms
INFO - 12/08/25 02:47:17 - 3:11:31 - step 300 | loss 0.0258 | step time 286.91ms
INFO - 12/08/25 02:47:46 - 3:12:00 - step 400 | loss 0.0256 | step time 287.01ms
INFO - 12/08/25 02:48:15 - 3:12:29 - step 500 | loss 0.0257 | step time 286.78ms
INFO - 12/08/25 02:48:15 - 3:12:29 - step 500 train loss: 0.026219571009278297 test loss: 0.08970458805561066
INFO - 12/08/25 02:48:15 - 3:12:29 - test loss 0.08970458805561066 is the best so far, saving model to /home/yuebi/Project/dim21_run/dim21_run_1/1111/model.pt
INFO - 12/08/25 02:48:44 - 3:12:58 - step 600 | loss 0.0258 | step time 286.91ms
INFO - 12/08/25 02:49:12 - 3:13:26 - step 700 | loss 0.0273 | step time 287.13ms
INFO - 12/08/25 02:49:41 - 3:13:55 - step 800 | loss 0.0259 | step time 286.86ms
INFO - 12/08/25 02:50:10 - 3:14:24 - step 900 | loss 0.0261 | step time 287.05ms
INFO - 12/08/25 02:50:38 - 3:14:52 - step 1000 | loss 0.0259 | step time 286.86ms
INFO - 12/08/25 02:50:39 - 3:14:53 - step 1000 train loss: 0.026052402332425117 test loss: 0.12799261510372162
INFO - 12/08/25 02:51:07 - 3:15:21 - step 1100 | loss 0.0262 | step time 287.33ms
INFO - 12/08/25 02:51:36 - 3:15:50 - step 1200 | loss 0.0266 | step time 286.84ms
INFO - 12/08/25 02:52:05 - 3:16:19 - step 1300 | loss 0.0317 | step time 286.90ms
INFO - 12/08/25 02:52:34 - 3:16:48 - step 1400 | loss 0.0257 | step time 287.24ms
INFO - 12/08/25 02:53:02 - 3:17:16 - Memory allocated:  45.82MB, reserved: 10106.00MB
INFO - 12/08/25 02:53:02 - 3:17:16 - generating
INFO - 12/08/25 03:05:50 - 0:00:00 - ============ Initialized logger ============
INFO - 12/08/25 03:05:50 - 0:00:00 - batch_size: 32
                                     command: python fc_loop.py --exp_name=dim21_run_1 --dump_path=/home/yuebi/Project/dim21_run --num_initial_empty_objects=800 --final_database_size=100 --target_db_size=100 --nb_local_searches=800 --max_epochs=20 --type=transformer --max-output-length=350 --sample-only=25000 --max-steps=1500 --n_tokens=15 --n-layer=8 --n-embd=128 --n-embd2=128 --exp_id=1111 --exp_id "1111"
                                     cpu: False
                                     debug: False
                                     debug_slurm: False
                                     dump_path: /home/yuebi/Project/dim21_run/dim21_run_1/1111
                                     exp_id: 1111
                                     exp_name: dim21_run_1
                                     final_database_size: 100
                                     gen_batch_size: 1000
                                     global_rank: 0
                                     is_master: True
                                     is_slurm_job: True
                                     learning_rate: 0.0005
                                     local_rank: 0
                                     master_addr: gpu-6
                                     master_port: -1
                                     max_epochs: 20
                                     max_output_length: 350
                                     max_steps: 1500
                                     multi_gpu: False
                                     multi_node: False
                                     n_embd: 128
                                     n_embd2: 128
                                     n_gpu_per_node: 1
                                     n_head: 8
                                     n_layer: 8
                                     n_nodes: 1
                                     n_tokens: 15
                                     nb_local_searches: 800
                                     nb_threads: 1
                                     node_id: 0
                                     num_initial_empty_objects: 800
                                     num_workers: 8
                                     sample_only: 25000
                                     seed: -1
                                     target_db_size: 100
                                     temperature: 1.0
                                     top_k: -1
                                     type: transformer
                                     weight_decay: 0.01
                                     world_size: 1
INFO - 12/08/25 03:05:50 - 0:00:00 - The experiment will be stored in /home/yuebi/Project/dim21_run/dim21_run_1/1111
                                     
INFO - 12/08/25 03:05:50 - 0:00:00 - Running command: python fc_loop.py --exp_name=dim21_run_1 --dump_path=/home/yuebi/Project/dim21_run --num_initial_empty_objects=800 --final_database_size=100 --target_db_size=100 --nb_local_searches=800 --max_epochs=20 --type=transformer --max-output-length=350 --sample-only=25000 --max-steps=1500 --n_tokens=15 --n-layer=8 --n-embd=128 --n-embd2=128 --exp_id=1111

WARNING - 12/08/25 03:05:50 - 0:00:00 - Signal handler installed.
INFO - 12/08/25 03:05:50 - 0:00:00 - seed: 266508848
INFO - 12/08/25 03:05:50 - 0:00:00 - initializing at generation: 16
INFO - 12/08/25 03:05:50 - 0:00:00 - number of examples in the dataset: 100
INFO - 12/08/25 03:05:50 - 0:00:00 - max word length: 181
INFO - 12/08/25 03:05:50 - 0:00:00 - number of unique characters in the vocabulary: 15
INFO - 12/08/25 03:05:50 - 0:00:00 - vocabulary:
INFO - 12/08/25 03:05:50 - 0:00:00 - ['V0', 'V1', 'V2', 'V3', 'V4', 'V5', 'V6', 'V7', 'V8', 'V9', 'V10', 'V11', 'V12', 'V13', 'V14']
INFO - 12/08/25 03:05:50 - 0:00:00 - split up the dataset into 90 training examples and 10 test examples
INFO - 12/08/25 03:05:50 - 0:00:00 - dataset determined that: vocab_size=16, block_size=351
INFO - 12/08/25 03:05:50 - 0:00:00 - model #params: 1635456
INFO - 12/08/25 03:05:50 - 0:00:00 - resuming from existing model
INFO - 12/08/25 03:05:50 - 0:00:00 - ============ Start of generation 16 ============
INFO - 12/08/25 03:05:50 - 0:00:00 - Memory allocated:  10.00MB, reserved: 22.00MB
INFO - 12/08/25 03:05:50 - 0:00:00 - training
INFO - 12/08/25 03:05:55 - 0:00:05 - step 0 | loss 0.0296 | step time 616.97ms
INFO - 12/08/25 03:06:24 - 0:00:34 - step 100 | loss 0.0256 | step time 286.29ms
INFO - 12/08/25 03:06:52 - 0:01:02 - step 200 | loss 0.0263 | step time 286.39ms
INFO - 12/08/25 03:07:21 - 0:01:31 - step 300 | loss 0.0266 | step time 286.58ms
INFO - 12/08/25 03:07:50 - 0:02:00 - step 400 | loss 0.0259 | step time 286.40ms
INFO - 12/08/25 03:08:18 - 0:02:28 - step 500 | loss 0.0294 | step time 287.12ms
INFO - 12/08/25 03:08:19 - 0:02:29 - step 500 train loss: 0.03154648467898369 test loss: 0.09655395150184631
INFO - 12/08/25 03:08:19 - 0:02:29 - test loss 0.09655395150184631 is the best so far, saving model to /home/yuebi/Project/dim21_run/dim21_run_1/1111/model.pt
INFO - 12/08/25 03:08:47 - 0:02:57 - step 600 | loss 0.0265 | step time 286.45ms
INFO - 12/08/25 03:09:16 - 0:03:26 - step 700 | loss 0.0255 | step time 286.17ms
INFO - 12/08/25 03:09:45 - 0:03:55 - step 800 | loss 0.0265 | step time 286.41ms
INFO - 12/08/25 03:10:13 - 0:04:23 - step 900 | loss 0.0259 | step time 286.73ms
INFO - 12/08/25 03:10:42 - 0:04:52 - step 1000 | loss 0.0257 | step time 286.81ms
INFO - 12/08/25 03:10:42 - 0:04:52 - step 1000 train loss: 0.025983838364481926 test loss: 0.22764693200588226
INFO - 12/08/25 03:11:11 - 0:05:21 - step 1100 | loss 0.0255 | step time 286.65ms
INFO - 12/08/25 03:11:40 - 0:05:50 - step 1200 | loss 0.0297 | step time 286.76ms
INFO - 12/08/25 03:12:08 - 0:06:18 - step 1300 | loss 0.0262 | step time 286.72ms
INFO - 12/08/25 03:12:37 - 0:06:47 - step 1400 | loss 0.0258 | step time 286.75ms
INFO - 12/08/25 03:13:05 - 0:07:15 - Memory allocated:  45.82MB, reserved: 3306.00MB
INFO - 12/08/25 03:13:05 - 0:07:15 - generating
INFO - 12/08/25 06:07:39 - 3:01:49 - distribution of sample lengths: average: 553.05004 max: 700
INFO - 12/08/25 06:07:39 - 3:01:49 - printed 25000 samples
INFO - 12/08/25 06:07:39 - 3:01:49 - decoding
INFO - 12/08/25 06:07:40 - 3:01:50 - Decoding complete. Check the output in /home/yuebi/Project/dim21_run/dim21_run_1/1111/transformer-output-decoded.txt
INFO - 12/08/25 06:07:40 - 3:01:50 - Memory allocated:  45.82MB, reserved: 10106.00MB
INFO - 12/08/25 06:07:40 - 3:01:50 - ============ End of generation 16 ============
INFO - 12/08/25 06:07:40 - 3:01:50 - launching search.jl
INFO - 12/08/25 06:07:40 - 3:01:50 - JULIA_NUM_THREADS is set to 1
INFO - 12/08/25 06:15:53 - 3:10:03 - distribution of scores(all rounds)
INFO - 12/08/25 06:15:53 - 3:10:03 - Score:195312500.0, Count:30
                                     
INFO - 12/08/25 06:15:53 - 3:10:03 - Score:147380200.0, Count:10
                                     
INFO - 12/08/25 06:15:53 - 3:10:03 - Score:144265100.0, Count:9
                                     
INFO - 12/08/25 06:15:53 - 3:10:03 - Score:141899740.0, Count:9
                                     
INFO - 12/08/25 06:15:53 - 3:10:03 - Score:140035790.0, Count:11
                                     
INFO - 12/08/25 06:15:53 - 3:10:03 - Score:138365740.0, Count:16
                                     
INFO - 12/08/25 06:15:53 - 3:10:03 - Score:138322140.0, Count:10
                                     
INFO - 12/08/25 06:15:53 - 3:10:03 - Score:138081390.0, Count:5
                                     
INFO - 12/08/25 06:15:53 - 3:10:03 - tokenizing
INFO - 12/08/25 06:15:53 - 3:10:03 - Loading tokenizer from /home/yuebi/Project/dim21_run/dim21_run_1/1111/tokenizer_data/tokenizer.json...
INFO - 12/08/25 06:15:53 - 3:10:03 - 0 / 100
INFO - 12/08/25 06:15:53 - 3:10:03 - number of examples in the dataset: 100
INFO - 12/08/25 06:15:53 - 3:10:03 - max word length: 181
INFO - 12/08/25 06:15:53 - 3:10:03 - number of unique characters in the vocabulary: 15
INFO - 12/08/25 06:15:53 - 3:10:03 - vocabulary:
INFO - 12/08/25 06:15:53 - 3:10:03 - ['V0', 'V1', 'V2', 'V3', 'V4', 'V5', 'V6', 'V7', 'V8', 'V9', 'V10', 'V11', 'V12', 'V13', 'V14']
INFO - 12/08/25 06:15:53 - 3:10:03 - split up the dataset into 90 training examples and 10 test examples
INFO - 12/08/25 06:15:53 - 3:10:03 - ============ Start of generation 17 ============
INFO - 12/08/25 06:15:53 - 3:10:03 - Memory allocated:  45.82MB, reserved: 10106.00MB
INFO - 12/08/25 06:15:53 - 3:10:03 - training
INFO - 12/08/25 06:15:53 - 3:10:03 - step 0 | loss 0.0686 | step time 294.62ms
INFO - 12/08/25 06:16:22 - 3:10:32 - step 100 | loss 0.0260 | step time 286.79ms
INFO - 12/08/25 06:16:50 - 3:11:00 - step 200 | loss 0.0262 | step time 286.72ms
INFO - 12/08/25 06:17:19 - 3:11:29 - step 300 | loss 0.0257 | step time 286.82ms
INFO - 12/08/25 06:17:48 - 3:11:58 - step 400 | loss 0.0259 | step time 286.90ms
INFO - 12/08/25 06:18:16 - 3:12:27 - step 500 | loss 0.0261 | step time 286.75ms
INFO - 12/08/25 06:18:17 - 3:12:27 - step 500 train loss: 0.02606102079153061 test loss: 0.10162930935621262
INFO - 12/08/25 06:18:17 - 3:12:27 - test loss 0.10162930935621262 is the best so far, saving model to /home/yuebi/Project/dim21_run/dim21_run_1/1111/model.pt
INFO - 12/08/25 06:18:45 - 3:12:56 - step 600 | loss 0.0262 | step time 286.68ms
INFO - 12/08/25 06:19:14 - 3:13:24 - step 700 | loss 0.0258 | step time 286.91ms
INFO - 12/08/25 06:19:43 - 3:13:53 - step 800 | loss 0.0267 | step time 286.70ms
INFO - 12/08/25 06:20:12 - 3:14:22 - step 900 | loss 0.0258 | step time 286.84ms
INFO - 12/08/25 06:20:40 - 3:14:50 - step 1000 | loss 0.0263 | step time 286.68ms
INFO - 12/08/25 06:20:41 - 3:14:51 - step 1000 train loss: 0.026191309094429016 test loss: 0.10971467941999435
INFO - 12/08/25 06:21:09 - 3:15:19 - step 1100 | loss 0.0259 | step time 286.76ms
INFO - 12/08/25 06:21:38 - 3:15:48 - step 1200 | loss 0.0260 | step time 287.12ms
INFO - 12/08/25 06:22:07 - 3:16:17 - step 1300 | loss 0.0261 | step time 286.83ms
INFO - 12/08/25 06:22:35 - 3:16:45 - step 1400 | loss 0.0259 | step time 286.64ms
INFO - 12/08/25 06:23:04 - 3:17:14 - Memory allocated:  45.82MB, reserved: 10106.00MB
INFO - 12/08/25 06:23:04 - 3:17:14 - generating
INFO - 12/08/25 06:35:56 - 0:00:00 - ============ Initialized logger ============
INFO - 12/08/25 06:35:56 - 0:00:00 - batch_size: 32
                                     command: python fc_loop.py --exp_name=dim21_run_1 --dump_path=/home/yuebi/Project/dim21_run --num_initial_empty_objects=800 --final_database_size=100 --target_db_size=100 --nb_local_searches=800 --max_epochs=20 --type=transformer --max-output-length=350 --sample-only=25000 --max-steps=1500 --n_tokens=15 --n-layer=8 --n-embd=128 --n-embd2=128 --exp_id=1111 --exp_id "1111"
                                     cpu: False
                                     debug: False
                                     debug_slurm: False
                                     dump_path: /home/yuebi/Project/dim21_run/dim21_run_1/1111
                                     exp_id: 1111
                                     exp_name: dim21_run_1
                                     final_database_size: 100
                                     gen_batch_size: 1000
                                     global_rank: 0
                                     is_master: True
                                     is_slurm_job: True
                                     learning_rate: 0.0005
                                     local_rank: 0
                                     master_addr: gpu-6
                                     master_port: -1
                                     max_epochs: 20
                                     max_output_length: 350
                                     max_steps: 1500
                                     multi_gpu: False
                                     multi_node: False
                                     n_embd: 128
                                     n_embd2: 128
                                     n_gpu_per_node: 1
                                     n_head: 8
                                     n_layer: 8
                                     n_nodes: 1
                                     n_tokens: 15
                                     nb_local_searches: 800
                                     nb_threads: 1
                                     node_id: 0
                                     num_initial_empty_objects: 800
                                     num_workers: 8
                                     sample_only: 25000
                                     seed: -1
                                     target_db_size: 100
                                     temperature: 1.0
                                     top_k: -1
                                     type: transformer
                                     weight_decay: 0.01
                                     world_size: 1
INFO - 12/08/25 06:35:56 - 0:00:00 - The experiment will be stored in /home/yuebi/Project/dim21_run/dim21_run_1/1111
                                     
INFO - 12/08/25 06:35:56 - 0:00:00 - Running command: python fc_loop.py --exp_name=dim21_run_1 --dump_path=/home/yuebi/Project/dim21_run --num_initial_empty_objects=800 --final_database_size=100 --target_db_size=100 --nb_local_searches=800 --max_epochs=20 --type=transformer --max-output-length=350 --sample-only=25000 --max-steps=1500 --n_tokens=15 --n-layer=8 --n-embd=128 --n-embd2=128 --exp_id=1111

WARNING - 12/08/25 06:35:56 - 0:00:00 - Signal handler installed.
INFO - 12/08/25 06:35:56 - 0:00:00 - seed: 73762420
INFO - 12/08/25 06:35:56 - 0:00:00 - initializing at generation: 17
INFO - 12/08/25 06:35:56 - 0:00:00 - number of examples in the dataset: 100
INFO - 12/08/25 06:35:56 - 0:00:00 - max word length: 181
INFO - 12/08/25 06:35:56 - 0:00:00 - number of unique characters in the vocabulary: 15
INFO - 12/08/25 06:35:56 - 0:00:00 - vocabulary:
INFO - 12/08/25 06:35:56 - 0:00:00 - ['V0', 'V1', 'V2', 'V3', 'V4', 'V5', 'V6', 'V7', 'V8', 'V9', 'V10', 'V11', 'V12', 'V13', 'V14']
INFO - 12/08/25 06:35:56 - 0:00:00 - split up the dataset into 90 training examples and 10 test examples
INFO - 12/08/25 06:35:56 - 0:00:00 - dataset determined that: vocab_size=16, block_size=351
INFO - 12/08/25 06:35:56 - 0:00:00 - model #params: 1635456
INFO - 12/08/25 06:35:56 - 0:00:00 - resuming from existing model
INFO - 12/08/25 06:35:56 - 0:00:00 - ============ Start of generation 17 ============
INFO - 12/08/25 06:35:56 - 0:00:00 - Memory allocated:  10.00MB, reserved: 22.00MB
INFO - 12/08/25 06:35:56 - 0:00:00 - training
INFO - 12/08/25 06:36:01 - 0:00:05 - step 0 | loss 0.0283 | step time 630.79ms
INFO - 12/08/25 06:36:30 - 0:00:34 - step 100 | loss 0.0264 | step time 286.46ms
INFO - 12/08/25 06:36:59 - 0:01:03 - step 200 | loss 0.0259 | step time 286.66ms
INFO - 12/08/25 06:37:27 - 0:01:31 - step 300 | loss 0.0264 | step time 286.65ms
INFO - 12/08/25 06:37:56 - 0:02:00 - step 400 | loss 0.0261 | step time 286.67ms
INFO - 12/08/25 06:38:25 - 0:02:29 - step 500 | loss 0.0259 | step time 287.01ms
INFO - 12/08/25 06:38:25 - 0:02:29 - step 500 train loss: 0.026141315698623657 test loss: 0.07930292189121246
INFO - 12/08/25 06:38:25 - 0:02:29 - test loss 0.07930292189121246 is the best so far, saving model to /home/yuebi/Project/dim21_run/dim21_run_1/1111/model.pt
INFO - 12/08/25 06:38:54 - 0:02:58 - step 600 | loss 0.0344 | step time 286.36ms
INFO - 12/08/25 06:39:22 - 0:03:26 - step 700 | loss 0.0260 | step time 286.47ms
INFO - 12/08/25 06:39:51 - 0:03:55 - step 800 | loss 0.0261 | step time 286.77ms
INFO - 12/08/25 06:40:20 - 0:04:24 - step 900 | loss 0.0255 | step time 286.74ms
INFO - 12/08/25 06:40:48 - 0:04:52 - step 1000 | loss 0.0254 | step time 286.76ms
INFO - 12/08/25 06:40:49 - 0:04:53 - step 1000 train loss: 0.025938646867871284 test loss: 0.17814485728740692
INFO - 12/08/25 06:41:17 - 0:05:21 - step 1100 | loss 0.0254 | step time 287.19ms
INFO - 12/08/25 06:41:46 - 0:05:50 - step 1200 | loss 0.0258 | step time 286.51ms
INFO - 12/08/25 06:42:15 - 0:06:19 - step 1300 | loss 0.0264 | step time 286.85ms
INFO - 12/08/25 06:42:43 - 0:06:47 - step 1400 | loss 0.0263 | step time 286.24ms
INFO - 12/08/25 06:43:12 - 0:07:16 - Memory allocated:  45.82MB, reserved: 3306.00MB
INFO - 12/08/25 06:43:12 - 0:07:16 - generating
INFO - 12/08/25 09:37:47 - 3:01:51 - distribution of sample lengths: average: 552.60188 max: 1096
INFO - 12/08/25 09:37:47 - 3:01:51 - printed 25000 samples
INFO - 12/08/25 09:37:47 - 3:01:51 - decoding
INFO - 12/08/25 09:37:48 - 3:01:52 - Decoding complete. Check the output in /home/yuebi/Project/dim21_run/dim21_run_1/1111/transformer-output-decoded.txt
INFO - 12/08/25 09:37:48 - 3:01:52 - Memory allocated:  45.82MB, reserved: 10106.00MB
INFO - 12/08/25 09:37:48 - 3:01:52 - ============ End of generation 17 ============
INFO - 12/08/25 09:37:48 - 3:01:52 - launching search.jl
INFO - 12/08/25 09:37:48 - 3:01:52 - JULIA_NUM_THREADS is set to 1
INFO - 12/08/25 09:46:07 - 3:10:11 - distribution of scores(all rounds)
INFO - 12/08/25 09:46:07 - 3:10:11 - Score:195312500.0, Count:32
                                     
INFO - 12/08/25 09:46:07 - 3:10:11 - Score:147380200.0, Count:11
                                     
INFO - 12/08/25 09:46:07 - 3:10:11 - Score:144265100.0, Count:10
                                     
INFO - 12/08/25 09:46:07 - 3:10:11 - Score:141899740.0, Count:10
                                     
INFO - 12/08/25 09:46:07 - 3:10:11 - Score:140035790.0, Count:12
                                     
INFO - 12/08/25 09:46:07 - 3:10:11 - Score:138365740.0, Count:17
                                     
INFO - 12/08/25 09:46:07 - 3:10:11 - Score:138322140.0, Count:8
                                     
INFO - 12/08/25 09:46:07 - 3:10:11 - tokenizing
INFO - 12/08/25 09:46:07 - 3:10:11 - Loading tokenizer from /home/yuebi/Project/dim21_run/dim21_run_1/1111/tokenizer_data/tokenizer.json...
INFO - 12/08/25 09:46:07 - 3:10:11 - 0 / 100
INFO - 12/08/25 09:46:07 - 3:10:11 - number of examples in the dataset: 100
INFO - 12/08/25 09:46:07 - 3:10:11 - max word length: 181
INFO - 12/08/25 09:46:07 - 3:10:11 - number of unique characters in the vocabulary: 15
INFO - 12/08/25 09:46:07 - 3:10:11 - vocabulary:
INFO - 12/08/25 09:46:07 - 3:10:11 - ['V0', 'V1', 'V2', 'V3', 'V4', 'V5', 'V6', 'V7', 'V8', 'V9', 'V10', 'V11', 'V12', 'V13', 'V14']
INFO - 12/08/25 09:46:07 - 3:10:11 - split up the dataset into 90 training examples and 10 test examples
INFO - 12/08/25 09:46:07 - 3:10:11 - ============ Start of generation 18 ============
INFO - 12/08/25 09:46:07 - 3:10:11 - Memory allocated:  45.82MB, reserved: 10106.00MB
INFO - 12/08/25 09:46:07 - 3:10:11 - training
INFO - 12/08/25 09:46:07 - 3:10:11 - step 0 | loss 0.0588 | step time 294.79ms
INFO - 12/08/25 09:46:36 - 3:10:40 - step 100 | loss 0.0266 | step time 286.86ms
INFO - 12/08/25 09:47:04 - 3:11:08 - step 200 | loss 0.0259 | step time 286.88ms
INFO - 12/08/25 09:47:33 - 3:11:37 - step 300 | loss 0.0265 | step time 287.36ms
INFO - 12/08/25 09:48:02 - 3:12:06 - step 400 | loss 0.0261 | step time 286.78ms
INFO - 12/08/25 09:48:30 - 3:12:34 - step 500 | loss 0.0262 | step time 286.88ms
INFO - 12/08/25 09:48:31 - 3:12:35 - step 500 train loss: 0.026088228449225426 test loss: 0.16342821717262268
INFO - 12/08/25 09:48:31 - 3:12:35 - test loss 0.16342821717262268 is the best so far, saving model to /home/yuebi/Project/dim21_run/dim21_run_1/1111/model.pt
INFO - 12/08/25 09:48:59 - 3:13:03 - step 600 | loss 0.0261 | step time 287.05ms
INFO - 12/08/25 09:49:28 - 3:13:32 - step 700 | loss 0.0259 | step time 286.66ms
INFO - 12/08/25 09:49:57 - 3:14:01 - step 800 | loss 0.0256 | step time 286.51ms
INFO - 12/08/25 09:50:26 - 3:14:29 - step 900 | loss 0.0261 | step time 287.13ms
INFO - 12/08/25 09:50:54 - 3:14:58 - step 1000 | loss 0.0257 | step time 286.83ms
INFO - 12/08/25 09:50:55 - 3:14:58 - step 1000 train loss: 0.02603105641901493 test loss: 0.21576404571533203
INFO - 12/08/25 09:51:23 - 3:15:27 - step 1100 | loss 0.0267 | step time 286.79ms
INFO - 12/08/25 09:51:52 - 3:15:56 - step 1200 | loss 0.0307 | step time 286.88ms
INFO - 12/08/25 09:52:21 - 3:16:25 - step 1300 | loss 0.0261 | step time 286.92ms
INFO - 12/08/25 09:52:49 - 3:16:53 - step 1400 | loss 0.0258 | step time 286.82ms
INFO - 12/08/25 09:53:18 - 3:17:22 - Memory allocated:  45.82MB, reserved: 10106.00MB
INFO - 12/08/25 09:53:18 - 3:17:22 - generating
INFO - 12/08/25 10:06:04 - 0:00:00 - ============ Initialized logger ============
INFO - 12/08/25 10:06:04 - 0:00:00 - batch_size: 32
                                     command: python fc_loop.py --exp_name=dim21_run_1 --dump_path=/home/yuebi/Project/dim21_run --num_initial_empty_objects=800 --final_database_size=100 --target_db_size=100 --nb_local_searches=800 --max_epochs=20 --type=transformer --max-output-length=350 --sample-only=25000 --max-steps=1500 --n_tokens=15 --n-layer=8 --n-embd=128 --n-embd2=128 --exp_id=1111 --exp_id "1111"
                                     cpu: False
                                     debug: False
                                     debug_slurm: False
                                     dump_path: /home/yuebi/Project/dim21_run/dim21_run_1/1111
                                     exp_id: 1111
                                     exp_name: dim21_run_1
                                     final_database_size: 100
                                     gen_batch_size: 1000
                                     global_rank: 0
                                     is_master: True
                                     is_slurm_job: True
                                     learning_rate: 0.0005
                                     local_rank: 0
                                     master_addr: gpu-6
                                     master_port: -1
                                     max_epochs: 20
                                     max_output_length: 350
                                     max_steps: 1500
                                     multi_gpu: False
                                     multi_node: False
                                     n_embd: 128
                                     n_embd2: 128
                                     n_gpu_per_node: 1
                                     n_head: 8
                                     n_layer: 8
                                     n_nodes: 1
                                     n_tokens: 15
                                     nb_local_searches: 800
                                     nb_threads: 1
                                     node_id: 0
                                     num_initial_empty_objects: 800
                                     num_workers: 8
                                     sample_only: 25000
                                     seed: -1
                                     target_db_size: 100
                                     temperature: 1.0
                                     top_k: -1
                                     type: transformer
                                     weight_decay: 0.01
                                     world_size: 1
INFO - 12/08/25 10:06:04 - 0:00:00 - The experiment will be stored in /home/yuebi/Project/dim21_run/dim21_run_1/1111
                                     
INFO - 12/08/25 10:06:04 - 0:00:00 - Running command: python fc_loop.py --exp_name=dim21_run_1 --dump_path=/home/yuebi/Project/dim21_run --num_initial_empty_objects=800 --final_database_size=100 --target_db_size=100 --nb_local_searches=800 --max_epochs=20 --type=transformer --max-output-length=350 --sample-only=25000 --max-steps=1500 --n_tokens=15 --n-layer=8 --n-embd=128 --n-embd2=128 --exp_id=1111

WARNING - 12/08/25 10:06:04 - 0:00:00 - Signal handler installed.
INFO - 12/08/25 10:06:04 - 0:00:00 - seed: 888753822
INFO - 12/08/25 10:06:04 - 0:00:00 - initializing at generation: 18
INFO - 12/08/25 10:06:04 - 0:00:00 - number of examples in the dataset: 100
INFO - 12/08/25 10:06:04 - 0:00:00 - max word length: 181
INFO - 12/08/25 10:06:04 - 0:00:00 - number of unique characters in the vocabulary: 15
INFO - 12/08/25 10:06:04 - 0:00:00 - vocabulary:
INFO - 12/08/25 10:06:04 - 0:00:00 - ['V0', 'V1', 'V2', 'V3', 'V4', 'V5', 'V6', 'V7', 'V8', 'V9', 'V10', 'V11', 'V12', 'V13', 'V14']
INFO - 12/08/25 10:06:04 - 0:00:00 - split up the dataset into 90 training examples and 10 test examples
INFO - 12/08/25 10:06:04 - 0:00:00 - dataset determined that: vocab_size=16, block_size=351
INFO - 12/08/25 10:06:04 - 0:00:00 - model #params: 1635456
INFO - 12/08/25 10:06:04 - 0:00:00 - resuming from existing model
INFO - 12/08/25 10:06:04 - 0:00:00 - ============ Start of generation 18 ============
INFO - 12/08/25 10:06:04 - 0:00:00 - Memory allocated:  10.00MB, reserved: 22.00MB
INFO - 12/08/25 10:06:04 - 0:00:00 - training
INFO - 12/08/25 10:06:09 - 0:00:05 - step 0 | loss 0.0255 | step time 632.48ms
INFO - 12/08/25 10:06:38 - 0:00:34 - step 100 | loss 0.0266 | step time 286.86ms
INFO - 12/08/25 10:07:07 - 0:01:03 - step 200 | loss 0.0348 | step time 286.77ms
INFO - 12/08/25 10:07:35 - 0:01:31 - step 300 | loss 0.0256 | step time 286.75ms
INFO - 12/08/25 10:08:04 - 0:02:00 - step 400 | loss 0.0263 | step time 287.00ms
INFO - 12/08/25 10:08:33 - 0:02:29 - step 500 | loss 0.0256 | step time 286.74ms
INFO - 12/08/25 10:08:33 - 0:02:29 - step 500 train loss: 0.02605939470231533 test loss: 0.10600285977125168
INFO - 12/08/25 10:08:33 - 0:02:29 - test loss 0.10600285977125168 is the best so far, saving model to /home/yuebi/Project/dim21_run/dim21_run_1/1111/model.pt
INFO - 12/08/25 10:09:02 - 0:02:58 - step 600 | loss 0.0299 | step time 286.80ms
INFO - 12/08/25 10:09:30 - 0:03:26 - step 700 | loss 0.0266 | step time 287.05ms
INFO - 12/08/25 10:09:59 - 0:03:55 - step 800 | loss 0.0264 | step time 286.95ms
INFO - 12/08/25 10:10:28 - 0:04:24 - step 900 | loss 0.0261 | step time 286.78ms
INFO - 12/08/25 10:10:56 - 0:04:52 - step 1000 | loss 0.0252 | step time 286.84ms
INFO - 12/08/25 10:10:57 - 0:04:53 - step 1000 train loss: 0.02606785297393799 test loss: 0.16898486018180847
INFO - 12/08/25 10:11:25 - 0:05:21 - step 1100 | loss 0.0257 | step time 286.55ms
INFO - 12/08/25 10:11:54 - 0:05:50 - step 1200 | loss 0.0254 | step time 286.67ms
INFO - 12/08/25 10:12:23 - 0:06:19 - step 1300 | loss 0.0254 | step time 286.85ms
INFO - 12/08/25 10:12:51 - 0:06:47 - step 1400 | loss 0.0259 | step time 286.73ms
INFO - 12/08/25 10:13:20 - 0:07:16 - Memory allocated:  45.82MB, reserved: 3306.00MB
INFO - 12/08/25 10:13:20 - 0:07:16 - generating
INFO - 12/08/25 13:07:55 - 3:01:51 - distribution of sample lengths: average: 552.53424 max: 571
INFO - 12/08/25 13:07:55 - 3:01:51 - printed 25000 samples
INFO - 12/08/25 13:07:55 - 3:01:51 - decoding
INFO - 12/08/25 13:07:56 - 3:01:52 - Decoding complete. Check the output in /home/yuebi/Project/dim21_run/dim21_run_1/1111/transformer-output-decoded.txt
INFO - 12/08/25 13:07:56 - 3:01:52 - Memory allocated:  45.82MB, reserved: 10106.00MB
INFO - 12/08/25 13:07:56 - 3:01:52 - ============ End of generation 18 ============
INFO - 12/08/25 13:07:56 - 3:01:52 - launching search.jl
INFO - 12/08/25 13:07:56 - 3:01:52 - JULIA_NUM_THREADS is set to 1
INFO - 12/08/25 13:16:13 - 3:10:09 - distribution of scores(all rounds)
INFO - 12/08/25 13:16:13 - 3:10:09 - Score:195312500.0, Count:34
                                     
INFO - 12/08/25 13:16:13 - 3:10:09 - Score:147380200.0, Count:12
                                     
INFO - 12/08/25 13:16:13 - 3:10:09 - Score:144265100.0, Count:11
                                     
INFO - 12/08/25 13:16:13 - 3:10:09 - Score:141899740.0, Count:11
                                     
INFO - 12/08/25 13:16:13 - 3:10:09 - Score:140035790.0, Count:13
                                     
INFO - 12/08/25 13:16:13 - 3:10:09 - Score:138365740.0, Count:18
                                     
INFO - 12/08/25 13:16:13 - 3:10:09 - Score:138322140.0, Count:1
                                     
INFO - 12/08/25 13:16:13 - 3:10:09 - tokenizing
INFO - 12/08/25 13:16:13 - 3:10:09 - Loading tokenizer from /home/yuebi/Project/dim21_run/dim21_run_1/1111/tokenizer_data/tokenizer.json...
INFO - 12/08/25 13:16:13 - 3:10:09 - 0 / 100
INFO - 12/08/25 13:16:13 - 3:10:09 - number of examples in the dataset: 100
INFO - 12/08/25 13:16:13 - 3:10:09 - max word length: 181
INFO - 12/08/25 13:16:13 - 3:10:09 - number of unique characters in the vocabulary: 15
INFO - 12/08/25 13:16:13 - 3:10:09 - vocabulary:
INFO - 12/08/25 13:16:13 - 3:10:09 - ['V0', 'V1', 'V2', 'V3', 'V4', 'V5', 'V6', 'V7', 'V8', 'V9', 'V10', 'V11', 'V12', 'V13', 'V14']
INFO - 12/08/25 13:16:13 - 3:10:09 - split up the dataset into 90 training examples and 10 test examples
INFO - 12/08/25 13:16:13 - 3:10:09 - ============ Start of generation 19 ============
INFO - 12/08/25 13:16:13 - 3:10:09 - Memory allocated:  45.82MB, reserved: 10106.00MB
INFO - 12/08/25 13:16:13 - 3:10:09 - training
INFO - 12/08/25 13:16:13 - 3:10:09 - step 0 | loss 0.0555 | step time 296.85ms
INFO - 12/08/25 13:16:42 - 3:10:38 - step 100 | loss 0.0260 | step time 287.08ms
INFO - 12/08/25 13:17:11 - 3:11:07 - step 200 | loss 0.0265 | step time 286.87ms
INFO - 12/08/25 13:17:39 - 3:11:35 - step 300 | loss 0.0260 | step time 286.74ms
INFO - 12/08/25 13:18:08 - 3:12:04 - step 400 | loss 0.0264 | step time 287.06ms
INFO - 12/08/25 13:18:37 - 3:12:33 - step 500 | loss 0.0261 | step time 286.86ms
INFO - 12/08/25 13:18:37 - 3:12:33 - step 500 train loss: 0.02619158662855625 test loss: 0.07160431146621704
INFO - 12/08/25 13:18:37 - 3:12:33 - test loss 0.07160431146621704 is the best so far, saving model to /home/yuebi/Project/dim21_run/dim21_run_1/1111/model.pt
INFO - 12/08/25 13:19:06 - 3:13:02 - step 600 | loss 0.0265 | step time 287.14ms
INFO - 12/08/25 13:19:35 - 3:13:31 - step 700 | loss 0.0319 | step time 287.23ms
INFO - 12/08/25 13:20:03 - 3:13:59 - step 800 | loss 0.0257 | step time 287.08ms
INFO - 12/08/25 13:20:32 - 3:14:28 - step 900 | loss 0.0259 | step time 286.92ms
INFO - 12/08/25 13:21:01 - 3:14:57 - step 1000 | loss 0.0262 | step time 286.96ms
INFO - 12/08/25 13:21:01 - 3:14:57 - step 1000 train loss: 0.026015661656856537 test loss: 0.10936493426561356
INFO - 12/08/25 13:21:30 - 3:15:26 - step 1100 | loss 0.0260 | step time 287.04ms
INFO - 12/08/25 13:21:58 - 3:15:54 - step 1200 | loss 0.0263 | step time 287.03ms
INFO - 12/08/25 13:22:27 - 3:16:23 - step 1300 | loss 0.0268 | step time 287.18ms
INFO - 12/08/25 13:22:56 - 3:16:52 - step 1400 | loss 0.0311 | step time 286.86ms
INFO - 12/08/25 13:23:24 - 3:17:20 - Memory allocated:  45.82MB, reserved: 10106.00MB
INFO - 12/08/25 13:23:24 - 3:17:20 - generating
INFO - 12/08/25 13:36:10 - 0:00:00 - ============ Initialized logger ============
INFO - 12/08/25 13:36:10 - 0:00:00 - batch_size: 32
                                     command: python fc_loop.py --exp_name=dim21_run_1 --dump_path=/home/yuebi/Project/dim21_run --num_initial_empty_objects=800 --final_database_size=100 --target_db_size=100 --nb_local_searches=800 --max_epochs=20 --type=transformer --max-output-length=350 --sample-only=25000 --max-steps=1500 --n_tokens=15 --n-layer=8 --n-embd=128 --n-embd2=128 --exp_id=1111 --exp_id "1111"
                                     cpu: False
                                     debug: False
                                     debug_slurm: False
                                     dump_path: /home/yuebi/Project/dim21_run/dim21_run_1/1111
                                     exp_id: 1111
                                     exp_name: dim21_run_1
                                     final_database_size: 100
                                     gen_batch_size: 1000
                                     global_rank: 0
                                     is_master: True
                                     is_slurm_job: True
                                     learning_rate: 0.0005
                                     local_rank: 0
                                     master_addr: gpu-6
                                     master_port: -1
                                     max_epochs: 20
                                     max_output_length: 350
                                     max_steps: 1500
                                     multi_gpu: False
                                     multi_node: False
                                     n_embd: 128
                                     n_embd2: 128
                                     n_gpu_per_node: 1
                                     n_head: 8
                                     n_layer: 8
                                     n_nodes: 1
                                     n_tokens: 15
                                     nb_local_searches: 800
                                     nb_threads: 1
                                     node_id: 0
                                     num_initial_empty_objects: 800
                                     num_workers: 8
                                     sample_only: 25000
                                     seed: -1
                                     target_db_size: 100
                                     temperature: 1.0
                                     top_k: -1
                                     type: transformer
                                     weight_decay: 0.01
                                     world_size: 1
INFO - 12/08/25 13:36:10 - 0:00:00 - The experiment will be stored in /home/yuebi/Project/dim21_run/dim21_run_1/1111
                                     
INFO - 12/08/25 13:36:10 - 0:00:00 - Running command: python fc_loop.py --exp_name=dim21_run_1 --dump_path=/home/yuebi/Project/dim21_run --num_initial_empty_objects=800 --final_database_size=100 --target_db_size=100 --nb_local_searches=800 --max_epochs=20 --type=transformer --max-output-length=350 --sample-only=25000 --max-steps=1500 --n_tokens=15 --n-layer=8 --n-embd=128 --n-embd2=128 --exp_id=1111

WARNING - 12/08/25 13:36:10 - 0:00:00 - Signal handler installed.
INFO - 12/08/25 13:36:10 - 0:00:00 - seed: 675733604
INFO - 12/08/25 13:36:10 - 0:00:00 - initializing at generation: 19
INFO - 12/08/25 13:36:10 - 0:00:00 - number of examples in the dataset: 100
INFO - 12/08/25 13:36:10 - 0:00:00 - max word length: 181
INFO - 12/08/25 13:36:10 - 0:00:00 - number of unique characters in the vocabulary: 15
INFO - 12/08/25 13:36:10 - 0:00:00 - vocabulary:
INFO - 12/08/25 13:36:10 - 0:00:00 - ['V0', 'V1', 'V2', 'V3', 'V4', 'V5', 'V6', 'V7', 'V8', 'V9', 'V10', 'V11', 'V12', 'V13', 'V14']
INFO - 12/08/25 13:36:10 - 0:00:00 - split up the dataset into 90 training examples and 10 test examples
INFO - 12/08/25 13:36:10 - 0:00:00 - dataset determined that: vocab_size=16, block_size=351
INFO - 12/08/25 13:36:10 - 0:00:00 - model #params: 1635456
INFO - 12/08/25 13:36:10 - 0:00:00 - resuming from existing model
INFO - 12/08/25 13:36:10 - 0:00:00 - ============ Start of generation 19 ============
INFO - 12/08/25 13:36:10 - 0:00:00 - Memory allocated:  10.00MB, reserved: 22.00MB
INFO - 12/08/25 13:36:10 - 0:00:00 - training
INFO - 12/08/25 13:36:15 - 0:00:05 - step 0 | loss 0.0313 | step time 631.82ms
INFO - 12/08/25 13:36:44 - 0:00:34 - step 100 | loss 0.0262 | step time 286.83ms
INFO - 12/08/25 13:37:13 - 0:01:03 - step 200 | loss 0.0257 | step time 286.80ms
INFO - 12/08/25 13:37:41 - 0:01:31 - step 300 | loss 0.0263 | step time 286.51ms
INFO - 12/08/25 13:38:10 - 0:02:00 - step 400 | loss 0.0259 | step time 286.19ms
INFO - 12/08/25 13:38:39 - 0:02:29 - step 500 | loss 0.0264 | step time 286.78ms
INFO - 12/08/25 13:38:39 - 0:02:29 - step 500 train loss: 0.026270655915141106 test loss: 0.07043959945440292
INFO - 12/08/25 13:38:39 - 0:02:29 - test loss 0.07043959945440292 is the best so far, saving model to /home/yuebi/Project/dim21_run/dim21_run_1/1111/model.pt
INFO - 12/08/25 13:39:08 - 0:02:58 - step 600 | loss 0.0257 | step time 286.49ms
INFO - 12/08/25 13:39:36 - 0:03:26 - step 700 | loss 0.0260 | step time 286.40ms
INFO - 12/08/25 13:40:05 - 0:03:55 - step 800 | loss 0.0262 | step time 286.16ms
INFO - 12/08/25 13:40:34 - 0:04:24 - step 900 | loss 0.0256 | step time 286.76ms
INFO - 12/08/25 13:41:02 - 0:04:52 - step 1000 | loss 0.0257 | step time 286.19ms
INFO - 12/08/25 13:41:03 - 0:04:53 - step 1000 train loss: 0.02603205107152462 test loss: 0.10349535942077637
INFO - 12/08/25 13:41:31 - 0:05:21 - step 1100 | loss 0.0263 | step time 286.48ms
INFO - 12/08/25 13:42:00 - 0:05:50 - step 1200 | loss 0.0264 | step time 286.65ms
INFO - 12/08/25 13:42:29 - 0:06:19 - step 1300 | loss 0.0369 | step time 286.72ms
INFO - 12/08/25 13:42:57 - 0:06:47 - step 1400 | loss 0.0258 | step time 286.61ms
INFO - 12/08/25 13:43:26 - 0:07:16 - Memory allocated:  45.82MB, reserved: 3306.00MB
INFO - 12/08/25 13:43:26 - 0:07:16 - generating
INFO - 12/08/25 16:38:00 - 3:01:50 - distribution of sample lengths: average: 552.89444 max: 571
INFO - 12/08/25 16:38:00 - 3:01:50 - printed 25000 samples
INFO - 12/08/25 16:38:00 - 3:01:50 - decoding
INFO - 12/08/25 16:38:01 - 3:01:51 - Decoding complete. Check the output in /home/yuebi/Project/dim21_run/dim21_run_1/1111/transformer-output-decoded.txt
INFO - 12/08/25 16:38:01 - 3:01:51 - Memory allocated:  45.82MB, reserved: 10106.00MB
INFO - 12/08/25 16:38:01 - 3:01:51 - ============ End of generation 19 ============
INFO - 12/08/25 16:38:01 - 3:01:51 - launching search.jl
INFO - 12/08/25 16:38:01 - 3:01:51 - JULIA_NUM_THREADS is set to 1
INFO - 12/08/25 16:46:14 - 3:10:04 - distribution of scores(all rounds)
INFO - 12/08/25 16:46:14 - 3:10:04 - Score:195312500.0, Count:36
                                     
INFO - 12/08/25 16:46:14 - 3:10:04 - Score:147380200.0, Count:13
                                     
INFO - 12/08/25 16:46:14 - 3:10:04 - Score:144265100.0, Count:12
                                     
INFO - 12/08/25 16:46:14 - 3:10:04 - Score:141899740.0, Count:12
                                     
INFO - 12/08/25 16:46:14 - 3:10:04 - Score:140035790.0, Count:14
                                     
INFO - 12/08/25 16:46:14 - 3:10:04 - Score:138365740.0, Count:13
                                     
INFO - 12/08/25 16:46:14 - 3:10:04 - tokenizing
INFO - 12/08/25 16:46:14 - 3:10:04 - Loading tokenizer from /home/yuebi/Project/dim21_run/dim21_run_1/1111/tokenizer_data/tokenizer.json...
INFO - 12/08/25 16:46:14 - 3:10:04 - 0 / 100
INFO - 12/08/25 16:46:14 - 3:10:04 - number of examples in the dataset: 100
INFO - 12/08/25 16:46:14 - 3:10:04 - max word length: 181
INFO - 12/08/25 16:46:14 - 3:10:04 - number of unique characters in the vocabulary: 15
INFO - 12/08/25 16:46:14 - 3:10:04 - vocabulary:
INFO - 12/08/25 16:46:14 - 3:10:04 - ['V0', 'V1', 'V2', 'V3', 'V4', 'V5', 'V6', 'V7', 'V8', 'V9', 'V10', 'V11', 'V12', 'V13', 'V14']
INFO - 12/08/25 16:46:14 - 3:10:04 - split up the dataset into 90 training examples and 10 test examples
INFO - 12/08/25 16:46:14 - 3:10:04 - ============ Start of generation 20 ============
INFO - 12/08/25 16:46:14 - 3:10:04 - Memory allocated:  45.82MB, reserved: 10106.00MB
INFO - 12/08/25 16:46:14 - 3:10:04 - training
INFO - 12/08/25 16:46:14 - 3:10:04 - step 0 | loss 0.0396 | step time 295.35ms
INFO - 12/08/25 16:46:43 - 3:10:33 - step 100 | loss 0.0261 | step time 286.78ms
INFO - 12/08/25 16:47:12 - 3:11:02 - step 200 | loss 0.0258 | step time 286.83ms
INFO - 12/08/25 16:47:40 - 3:11:30 - step 300 | loss 0.0256 | step time 286.92ms
INFO - 12/08/25 16:48:09 - 3:11:59 - step 400 | loss 0.0263 | step time 286.96ms
INFO - 12/08/25 16:48:38 - 3:12:28 - step 500 | loss 0.0261 | step time 286.84ms
INFO - 12/08/25 16:48:38 - 3:12:28 - step 500 train loss: 0.02613173983991146 test loss: 0.31708088517189026
INFO - 12/08/25 16:48:38 - 3:12:28 - test loss 0.31708088517189026 is the best so far, saving model to /home/yuebi/Project/dim21_run/dim21_run_1/1111/model.pt
INFO - 12/08/25 16:49:07 - 3:12:57 - step 600 | loss 0.0262 | step time 286.99ms
INFO - 12/08/25 16:49:35 - 3:13:25 - step 700 | loss 0.0260 | step time 286.83ms
INFO - 12/08/25 16:50:04 - 3:13:54 - step 800 | loss 0.0259 | step time 286.67ms
INFO - 12/08/25 16:50:33 - 3:14:23 - step 900 | loss 0.0258 | step time 286.85ms
INFO - 12/08/25 16:51:01 - 3:14:51 - step 1000 | loss 0.0259 | step time 286.75ms
INFO - 12/08/25 16:51:02 - 3:14:52 - step 1000 train loss: 0.026209840551018715 test loss: 0.29493963718414307
INFO - 12/08/25 16:51:02 - 3:14:52 - test loss 0.29493963718414307 is the best so far, saving model to /home/yuebi/Project/dim21_run/dim21_run_1/1111/model.pt
INFO - 12/08/25 16:51:30 - 3:15:20 - step 1100 | loss 0.0412 | step time 286.56ms
INFO - 12/08/25 16:51:59 - 3:15:49 - step 1200 | loss 0.0258 | step time 286.78ms
INFO - 12/08/25 16:52:28 - 3:16:18 - step 1300 | loss 0.0260 | step time 286.63ms
INFO - 12/08/25 16:52:56 - 3:16:46 - step 1400 | loss 0.0264 | step time 286.66ms
INFO - 12/08/25 16:53:25 - 3:17:15 - Memory allocated:  45.82MB, reserved: 10106.00MB
INFO - 12/08/25 16:53:25 - 3:17:15 - generating
INFO - 12/08/25 17:06:20 - 0:00:00 - ============ Initialized logger ============
INFO - 12/08/25 17:06:20 - 0:00:00 - batch_size: 32
                                     command: python fc_loop.py --exp_name=dim21_run_1 --dump_path=/home/yuebi/Project/dim21_run --num_initial_empty_objects=800 --final_database_size=100 --target_db_size=100 --nb_local_searches=800 --max_epochs=20 --type=transformer --max-output-length=350 --sample-only=25000 --max-steps=1500 --n_tokens=15 --n-layer=8 --n-embd=128 --n-embd2=128 --exp_id=1111 --exp_id "1111"
                                     cpu: False
                                     debug: False
                                     debug_slurm: False
                                     dump_path: /home/yuebi/Project/dim21_run/dim21_run_1/1111
                                     exp_id: 1111
                                     exp_name: dim21_run_1
                                     final_database_size: 100
                                     gen_batch_size: 1000
                                     global_rank: 0
                                     is_master: True
                                     is_slurm_job: True
                                     learning_rate: 0.0005
                                     local_rank: 0
                                     master_addr: gpu-6
                                     master_port: -1
                                     max_epochs: 20
                                     max_output_length: 350
                                     max_steps: 1500
                                     multi_gpu: False
                                     multi_node: False
                                     n_embd: 128
                                     n_embd2: 128
                                     n_gpu_per_node: 1
                                     n_head: 8
                                     n_layer: 8
                                     n_nodes: 1
                                     n_tokens: 15
                                     nb_local_searches: 800
                                     nb_threads: 1
                                     node_id: 0
                                     num_initial_empty_objects: 800
                                     num_workers: 8
                                     sample_only: 25000
                                     seed: -1
                                     target_db_size: 100
                                     temperature: 1.0
                                     top_k: -1
                                     type: transformer
                                     weight_decay: 0.01
                                     world_size: 1
INFO - 12/08/25 17:06:20 - 0:00:00 - The experiment will be stored in /home/yuebi/Project/dim21_run/dim21_run_1/1111
                                     
INFO - 12/08/25 17:06:20 - 0:00:00 - Running command: python fc_loop.py --exp_name=dim21_run_1 --dump_path=/home/yuebi/Project/dim21_run --num_initial_empty_objects=800 --final_database_size=100 --target_db_size=100 --nb_local_searches=800 --max_epochs=20 --type=transformer --max-output-length=350 --sample-only=25000 --max-steps=1500 --n_tokens=15 --n-layer=8 --n-embd=128 --n-embd2=128 --exp_id=1111

WARNING - 12/08/25 17:06:20 - 0:00:00 - Signal handler installed.
INFO - 12/08/25 17:06:20 - 0:00:00 - seed: 320745592
INFO - 12/08/25 17:06:20 - 0:00:00 - initializing at generation: 19
INFO - 12/08/25 17:06:20 - 0:00:00 - number of examples in the dataset: 100
INFO - 12/08/25 17:06:20 - 0:00:00 - max word length: 181
INFO - 12/08/25 17:06:20 - 0:00:00 - number of unique characters in the vocabulary: 15
INFO - 12/08/25 17:06:20 - 0:00:00 - vocabulary:
INFO - 12/08/25 17:06:20 - 0:00:00 - ['V0', 'V1', 'V2', 'V3', 'V4', 'V5', 'V6', 'V7', 'V8', 'V9', 'V10', 'V11', 'V12', 'V13', 'V14']
INFO - 12/08/25 17:06:20 - 0:00:00 - split up the dataset into 90 training examples and 10 test examples
INFO - 12/08/25 17:06:20 - 0:00:00 - dataset determined that: vocab_size=16, block_size=351
INFO - 12/08/25 17:06:20 - 0:00:00 - model #params: 1635456
INFO - 12/08/25 17:06:20 - 0:00:00 - resuming from existing model
INFO - 12/08/25 17:06:20 - 0:00:00 - ============ Start of generation 19 ============
INFO - 12/08/25 17:06:20 - 0:00:00 - Memory allocated:  10.00MB, reserved: 22.00MB
INFO - 12/08/25 17:06:20 - 0:00:00 - training
INFO - 12/08/25 17:06:25 - 0:00:05 - step 0 | loss 0.0336 | step time 628.63ms
INFO - 12/08/25 17:06:54 - 0:00:34 - step 100 | loss 0.0263 | step time 286.67ms
INFO - 12/08/25 17:07:22 - 0:01:02 - step 200 | loss 0.0260 | step time 286.86ms
INFO - 12/08/25 17:07:51 - 0:01:31 - step 300 | loss 0.0267 | step time 286.76ms
INFO - 12/08/25 17:08:20 - 0:02:00 - step 400 | loss 0.0258 | step time 286.70ms
INFO - 12/08/25 17:08:48 - 0:02:28 - step 500 | loss 0.0257 | step time 286.91ms
INFO - 12/08/25 17:08:49 - 0:02:29 - step 500 train loss: 0.026064062491059303 test loss: 0.08399520814418793
INFO - 12/08/25 17:08:49 - 0:02:29 - test loss 0.08399520814418793 is the best so far, saving model to /home/yuebi/Project/dim21_run/dim21_run_1/1111/model.pt
INFO - 12/08/25 17:09:17 - 0:02:57 - step 600 | loss 0.0288 | step time 287.01ms
INFO - 12/08/25 17:09:46 - 0:03:26 - step 700 | loss 0.0260 | step time 286.87ms
INFO - 12/08/25 17:10:15 - 0:03:55 - step 800 | loss 0.0258 | step time 286.86ms
INFO - 12/08/25 17:10:43 - 0:04:23 - step 900 | loss 0.0261 | step time 286.84ms
INFO - 12/08/25 17:11:12 - 0:04:52 - step 1000 | loss 0.0262 | step time 286.59ms
INFO - 12/08/25 17:11:12 - 0:04:52 - step 1000 train loss: 0.026027865707874298 test loss: 0.11495313793420792
INFO - 12/08/25 17:11:41 - 0:05:21 - step 1100 | loss 0.0253 | step time 286.80ms
INFO - 12/08/25 17:12:10 - 0:05:50 - step 1200 | loss 0.0262 | step time 286.74ms
INFO - 12/08/25 17:12:38 - 0:06:18 - step 1300 | loss 0.0302 | step time 286.84ms
INFO - 12/08/25 17:13:07 - 0:06:47 - step 1400 | loss 0.0263 | step time 286.86ms
INFO - 12/08/25 17:13:36 - 0:07:16 - Memory allocated:  45.82MB, reserved: 3306.00MB
INFO - 12/08/25 17:13:36 - 0:07:16 - generating
INFO - 12/08/25 20:08:29 - 3:02:09 - distribution of sample lengths: average: 552.1116 max: 1099
INFO - 12/08/25 20:08:29 - 3:02:09 - printed 25000 samples
INFO - 12/08/25 20:08:29 - 3:02:09 - decoding
INFO - 12/08/25 20:08:30 - 3:02:10 - Decoding complete. Check the output in /home/yuebi/Project/dim21_run/dim21_run_1/1111/transformer-output-decoded.txt
INFO - 12/08/25 20:08:30 - 3:02:10 - Memory allocated:  45.82MB, reserved: 10106.00MB
INFO - 12/08/25 20:08:30 - 3:02:10 - ============ End of generation 19 ============
INFO - 12/08/25 20:08:30 - 3:02:10 - launching search.jl
INFO - 12/08/25 20:08:30 - 3:02:10 - JULIA_NUM_THREADS is set to 1
INFO - 12/08/25 20:16:48 - 3:10:28 - distribution of scores(all rounds)
INFO - 12/08/25 20:16:48 - 3:10:28 - Score:195312500.0, Count:38
                                     
INFO - 12/08/25 20:16:48 - 3:10:28 - Score:147380200.0, Count:14
                                     
INFO - 12/08/25 20:16:48 - 3:10:28 - Score:144265100.0, Count:13
                                     
INFO - 12/08/25 20:16:48 - 3:10:28 - Score:141899740.0, Count:13
                                     
INFO - 12/08/25 20:16:48 - 3:10:28 - Score:140035790.0, Count:15
                                     
INFO - 12/08/25 20:16:48 - 3:10:28 - Score:138365740.0, Count:7
                                     
INFO - 12/08/25 20:16:48 - 3:10:28 - tokenizing
INFO - 12/08/25 20:16:48 - 3:10:28 - Loading tokenizer from /home/yuebi/Project/dim21_run/dim21_run_1/1111/tokenizer_data/tokenizer.json...
INFO - 12/08/25 20:16:48 - 3:10:28 - 0 / 100
INFO - 12/08/25 20:16:48 - 3:10:28 - number of examples in the dataset: 100
INFO - 12/08/25 20:16:48 - 3:10:28 - max word length: 181
INFO - 12/08/25 20:16:48 - 3:10:28 - number of unique characters in the vocabulary: 15
INFO - 12/08/25 20:16:48 - 3:10:28 - vocabulary:
INFO - 12/08/25 20:16:48 - 3:10:28 - ['V0', 'V1', 'V2', 'V3', 'V4', 'V5', 'V6', 'V7', 'V8', 'V9', 'V10', 'V11', 'V12', 'V13', 'V14']
INFO - 12/08/25 20:16:48 - 3:10:28 - split up the dataset into 90 training examples and 10 test examples
INFO - 12/08/25 20:16:48 - 3:10:28 - ============ Start of generation 20 ============
INFO - 12/08/25 20:16:48 - 3:10:28 - Memory allocated:  45.82MB, reserved: 10106.00MB
INFO - 12/08/25 20:16:48 - 3:10:28 - training
INFO - 12/08/25 20:16:48 - 3:10:28 - step 0 | loss 0.0640 | step time 294.56ms
INFO - 12/08/25 20:17:17 - 3:10:57 - step 100 | loss 0.0266 | step time 286.93ms
INFO - 12/08/25 20:17:46 - 3:11:26 - step 200 | loss 0.0262 | step time 287.08ms
INFO - 12/08/25 20:18:14 - 3:11:54 - step 300 | loss 0.0257 | step time 287.11ms
INFO - 12/08/25 20:18:43 - 3:12:23 - step 400 | loss 0.0261 | step time 287.03ms
INFO - 12/08/25 20:19:12 - 3:12:52 - step 500 | loss 0.0263 | step time 286.81ms
INFO - 12/08/25 20:19:12 - 3:12:52 - step 500 train loss: 0.026049548760056496 test loss: 0.0711836963891983
INFO - 12/08/25 20:19:12 - 3:12:52 - test loss 0.0711836963891983 is the best so far, saving model to /home/yuebi/Project/dim21_run/dim21_run_1/1111/model.pt
INFO - 12/08/25 20:19:41 - 3:13:21 - step 600 | loss 0.0261 | step time 286.90ms
INFO - 12/08/25 20:20:10 - 3:13:50 - step 700 | loss 0.0270 | step time 286.89ms
INFO - 12/08/25 20:20:38 - 3:14:18 - step 800 | loss 0.0261 | step time 286.58ms
INFO - 12/08/25 20:21:07 - 3:14:47 - step 900 | loss 0.0261 | step time 286.68ms
INFO - 12/08/25 20:21:36 - 3:15:16 - step 1000 | loss 0.0261 | step time 286.61ms
INFO - 12/08/25 20:21:36 - 3:15:16 - step 1000 train loss: 0.025943027809262276 test loss: 0.11174977570772171
INFO - 12/08/25 20:22:05 - 3:15:45 - step 1100 | loss 0.0262 | step time 286.62ms
INFO - 12/08/25 20:22:33 - 3:16:13 - step 1200 | loss 0.0263 | step time 286.67ms
INFO - 12/08/25 20:23:02 - 3:16:42 - step 1300 | loss 0.0264 | step time 286.83ms
INFO - 12/08/25 20:23:31 - 3:17:11 - step 1400 | loss 0.0264 | step time 286.76ms
INFO - 12/08/25 20:23:59 - 3:17:39 - Memory allocated:  45.82MB, reserved: 10106.00MB
INFO - 12/08/25 20:23:59 - 3:17:39 - generating
