INFO - 11/06/25 16:52:20 - 0:00:00 - ============ Initialized logger ============
INFO - 11/06/25 16:52:20 - 0:00:00 - batch_size: 32
                                     command: python fc_loop.py --exp_name=dim16_run_7 --dump_path=/home/yuebi/Project/dim16_run --num_initial_empty_objects=800 --final_database_size=100 --target_db_size=100 --nb_local_searches=800 --max_epochs=22 --type=transformer --max-output-length=271 --sample-only=35000 --max-steps=1500 --n_tokens=15 --n-layer=8 --n-embd=128 --n-embd2=128 --exp_id=1111 --exp_id "1111"
                                     cpu: False
                                     debug: False
                                     debug_slurm: False
                                     dump_path: /home/yuebi/Project/dim16_run/dim16_run_7/1111
                                     exp_id: 1111
                                     exp_name: dim16_run_7
                                     final_database_size: 100
                                     gen_batch_size: 1000
                                     global_rank: 0
                                     is_master: True
                                     is_slurm_job: True
                                     learning_rate: 0.0005
                                     local_rank: 0
                                     master_addr: gpu-6
                                     master_port: -1
                                     max_epochs: 22
                                     max_output_length: 271
                                     max_steps: 1500
                                     multi_gpu: False
                                     multi_node: False
                                     n_embd: 128
                                     n_embd2: 128
                                     n_gpu_per_node: 1
                                     n_head: 8
                                     n_layer: 8
                                     n_nodes: 1
                                     n_tokens: 15
                                     nb_local_searches: 800
                                     nb_threads: 1
                                     node_id: 0
                                     num_initial_empty_objects: 800
                                     num_workers: 8
                                     sample_only: 35000
                                     seed: -1
                                     target_db_size: 100
                                     temperature: 1.0
                                     top_k: -1
                                     type: transformer
                                     weight_decay: 0.01
                                     world_size: 1
INFO - 11/06/25 16:52:20 - 0:00:00 - The experiment will be stored in /home/yuebi/Project/dim16_run/dim16_run_7/1111
                                     
INFO - 11/06/25 16:52:20 - 0:00:00 - Running command: python fc_loop.py --exp_name=dim16_run_7 --dump_path=/home/yuebi/Project/dim16_run --num_initial_empty_objects=800 --final_database_size=100 --target_db_size=100 --nb_local_searches=800 --max_epochs=22 --type=transformer --max-output-length=271 --sample-only=35000 --max-steps=1500 --n_tokens=15 --n-layer=8 --n-embd=128 --n-embd2=128 --exp_id=1111

WARNING - 11/06/25 16:52:20 - 0:00:00 - Signal handler installed.
INFO - 11/06/25 16:52:20 - 0:00:00 - seed: 732457775
INFO - 11/06/25 16:52:20 - 0:00:00 - JULIA_NUM_THREADS is set to 1
INFO - 11/06/25 16:53:08 - 0:00:48 - Created /home/yuebi/Project/dim16_run/dim16_run_7/1111/temp.txt and training tokenizer...
INFO - 11/06/25 16:53:08 - 0:00:48 - Directory '/home/yuebi/Project/dim16_run/dim16_run_7/1111/tokenizer_data' created.
INFO - 11/06/25 16:53:08 - 0:00:48 - File '/home/yuebi/Project/dim16_run/dim16_run_7/1111/temp.txt' has been deleted.
INFO - 11/06/25 16:53:08 - 0:00:48 - 0 / 100
INFO - 11/06/25 16:53:08 - 0:00:48 - initializing at generation: 1
INFO - 11/06/25 16:53:08 - 0:00:48 - number of examples in the dataset: 100
INFO - 11/06/25 16:53:08 - 0:00:48 - max word length: 112
INFO - 11/06/25 16:53:08 - 0:00:48 - number of unique characters in the vocabulary: 15
INFO - 11/06/25 16:53:08 - 0:00:48 - vocabulary:
INFO - 11/06/25 16:53:08 - 0:00:48 - ['V0', 'V1', 'V2', 'V3', 'V4', 'V5', 'V6', 'V7', 'V8', 'V9', 'V10', 'V11', 'V12', 'V13', 'V14']
INFO - 11/06/25 16:53:08 - 0:00:48 - split up the dataset into 90 training examples and 10 test examples
INFO - 11/06/25 16:53:08 - 0:00:48 - dataset determined that: vocab_size=16, block_size=272
INFO - 11/06/25 16:53:08 - 0:00:48 - model #params: 1625344
INFO - 11/06/25 16:53:08 - 0:00:48 - ============ Start of generation 1 ============
INFO - 11/06/25 16:53:08 - 0:00:48 - Memory allocated:  8.46MB, reserved: 10.00MB
INFO - 11/06/25 16:53:08 - 0:00:48 - training
INFO - 11/06/25 16:53:13 - 0:00:53 - step 0 | loss 2.9184 | step time 589.92ms
INFO - 11/06/25 16:53:39 - 0:01:19 - step 100 | loss 1.7291 | step time 256.91ms
INFO - 11/06/25 16:54:05 - 0:01:44 - step 200 | loss 0.6350 | step time 257.22ms
INFO - 11/06/25 16:54:30 - 0:02:10 - step 300 | loss 0.0675 | step time 257.31ms
INFO - 11/06/25 16:54:56 - 0:02:36 - step 400 | loss 0.0501 | step time 256.90ms
INFO - 11/06/25 16:55:22 - 0:03:01 - step 500 | loss 0.0491 | step time 256.98ms
INFO - 11/06/25 16:55:22 - 0:03:02 - step 500 train loss: 0.04835531488060951 test loss: 6.263237476348877
INFO - 11/06/25 16:55:22 - 0:03:02 - test loss 6.263237476348877 is the best so far, saving model to /home/yuebi/Project/dim16_run/dim16_run_7/1111/model.pt
INFO - 11/06/25 16:55:48 - 0:03:27 - step 600 | loss 0.1225 | step time 257.12ms
INFO - 11/06/25 16:56:13 - 0:03:53 - step 700 | loss 0.0481 | step time 256.99ms
INFO - 11/06/25 16:56:39 - 0:04:19 - step 800 | loss 0.0496 | step time 257.05ms
INFO - 11/06/25 16:57:05 - 0:04:45 - step 900 | loss 0.0454 | step time 257.04ms
INFO - 11/06/25 16:57:31 - 0:05:10 - step 1000 | loss 0.2378 | step time 257.30ms
INFO - 11/06/25 16:57:31 - 0:05:11 - step 1000 train loss: 0.1982404887676239 test loss: 5.801268100738525
INFO - 11/06/25 16:57:31 - 0:05:11 - test loss 5.801268100738525 is the best so far, saving model to /home/yuebi/Project/dim16_run/dim16_run_7/1111/model.pt
INFO - 11/06/25 16:57:57 - 0:05:36 - step 1100 | loss 0.0432 | step time 256.77ms
INFO - 11/06/25 16:58:22 - 0:06:02 - step 1200 | loss 0.0435 | step time 257.02ms
INFO - 11/06/25 16:58:48 - 0:06:28 - step 1300 | loss 0.0452 | step time 257.37ms
INFO - 11/06/25 16:59:14 - 0:06:53 - step 1400 | loss 0.0442 | step time 257.03ms
INFO - 11/06/25 16:59:39 - 0:07:19 - Memory allocated:  43.97MB, reserved: 2272.00MB
INFO - 11/06/25 16:59:39 - 0:07:19 - generating
INFO - 11/06/25 19:36:31 - 2:44:11 - distribution of sample lengths: average: 334.10697142857146 max: 862
INFO - 11/06/25 19:36:31 - 2:44:11 - printed 35000 samples
INFO - 11/06/25 19:36:31 - 2:44:11 - decoding
INFO - 11/06/25 19:36:32 - 2:44:12 - Decoding complete. Check the output in /home/yuebi/Project/dim16_run/dim16_run_7/1111/transformer-output-decoded.txt
INFO - 11/06/25 19:36:32 - 2:44:12 - Memory allocated:  43.97MB, reserved: 7648.00MB
INFO - 11/06/25 19:36:32 - 2:44:12 - ============ End of generation 1 ============
INFO - 11/06/25 19:36:32 - 2:44:12 - launching search.jl
INFO - 11/06/25 19:36:32 - 2:44:12 - JULIA_NUM_THREADS is set to 1
INFO - 11/06/25 19:39:02 - 2:46:41 - distribution of scores(all rounds)
INFO - 11/06/25 19:39:02 - 2:46:41 - Score:299008.0, Count:10
                                     
INFO - 11/06/25 19:39:02 - 2:46:41 - Score:294912.0, Count:1
                                     
INFO - 11/06/25 19:39:02 - 2:46:41 - Score:286720.0, Count:4
                                     
INFO - 11/06/25 19:39:02 - 2:46:41 - Score:278528.0, Count:1
                                     
INFO - 11/06/25 19:39:02 - 2:46:41 - Score:276480.0, Count:3
                                     
INFO - 11/06/25 19:39:02 - 2:46:41 - Score:275456.0, Count:1
                                     
INFO - 11/06/25 19:39:02 - 2:46:41 - Score:274432.0, Count:3
                                     
INFO - 11/06/25 19:39:02 - 2:46:41 - Score:270528.0, Count:2
                                     
INFO - 11/06/25 19:39:02 - 2:46:41 - Score:270336.0, Count:10
                                     
INFO - 11/06/25 19:39:02 - 2:46:41 - Score:268032.0, Count:2
                                     
INFO - 11/06/25 19:39:02 - 2:46:41 - Score:267264.0, Count:2
                                     
INFO - 11/06/25 19:39:02 - 2:46:41 - Score:266240.0, Count:1
                                     
INFO - 11/06/25 19:39:02 - 2:46:41 - Score:263168.0, Count:1
                                     
INFO - 11/06/25 19:39:02 - 2:46:41 - Score:262144.0, Count:1
                                     
INFO - 11/06/25 19:39:02 - 2:46:41 - Score:261120.0, Count:3
                                     
INFO - 11/06/25 19:39:02 - 2:46:41 - Score:259072.0, Count:1
                                     
INFO - 11/06/25 19:39:02 - 2:46:41 - Score:258560.0, Count:1
                                     
INFO - 11/06/25 19:39:02 - 2:46:41 - Score:258048.0, Count:1
                                     
INFO - 11/06/25 19:39:02 - 2:46:41 - Score:257296.0, Count:2
                                     
INFO - 11/06/25 19:39:02 - 2:46:41 - Score:256000.0, Count:4
                                     
INFO - 11/06/25 19:39:02 - 2:46:41 - Score:254976.0, Count:9
                                     
INFO - 11/06/25 19:39:02 - 2:46:41 - Score:254656.0, Count:3
                                     
INFO - 11/06/25 19:39:02 - 2:46:41 - Score:253952.0, Count:7
                                     
INFO - 11/06/25 19:39:02 - 2:46:41 - Score:253568.0, Count:1
                                     
INFO - 11/06/25 19:39:02 - 2:46:41 - Score:253440.0, Count:1
                                     
INFO - 11/06/25 19:39:02 - 2:46:41 - Score:252928.0, Count:1
                                     
INFO - 11/06/25 19:39:02 - 2:46:41 - Score:251904.0, Count:7
                                     
INFO - 11/06/25 19:39:02 - 2:46:41 - Score:251808.0, Count:1
                                     
INFO - 11/06/25 19:39:02 - 2:46:41 - Score:251416.0, Count:2
                                     
INFO - 11/06/25 19:39:02 - 2:46:41 - Score:250880.0, Count:1
                                     
INFO - 11/06/25 19:39:02 - 2:46:41 - Score:250528.0, Count:1
                                     
INFO - 11/06/25 19:39:02 - 2:46:41 - Score:249920.0, Count:2
                                     
INFO - 11/06/25 19:39:02 - 2:46:41 - Score:249888.0, Count:1
                                     
INFO - 11/06/25 19:39:02 - 2:46:41 - Score:249856.0, Count:2
                                     
INFO - 11/06/25 19:39:02 - 2:46:41 - Score:249280.0, Count:1
                                     
INFO - 11/06/25 19:39:02 - 2:46:41 - Score:249000.0, Count:2
                                     
INFO - 11/06/25 19:39:02 - 2:46:41 - Score:248576.0, Count:1
                                     
INFO - 11/06/25 19:39:02 - 2:46:41 - Score:248400.0, Count:1
                                     
INFO - 11/06/25 19:39:02 - 2:46:41 - Score:248256.0, Count:1
                                     
INFO - 11/06/25 19:39:02 - 2:46:41 - Score:248225.0, Count:1
                                     
INFO - 11/06/25 19:39:02 - 2:46:41 - Score:248064.0, Count:0
                                     
INFO - 11/06/25 19:39:02 - 2:46:41 - tokenizing
INFO - 11/06/25 19:39:02 - 2:46:41 - Loading tokenizer from /home/yuebi/Project/dim16_run/dim16_run_7/1111/tokenizer_data/tokenizer.json...
INFO - 11/06/25 19:39:02 - 2:46:41 - 0 / 100
INFO - 11/06/25 19:39:02 - 2:46:41 - number of examples in the dataset: 100
INFO - 11/06/25 19:39:02 - 2:46:41 - max word length: 112
INFO - 11/06/25 19:39:02 - 2:46:41 - number of unique characters in the vocabulary: 15
INFO - 11/06/25 19:39:02 - 2:46:41 - vocabulary:
INFO - 11/06/25 19:39:02 - 2:46:41 - ['V0', 'V1', 'V2', 'V3', 'V4', 'V5', 'V6', 'V7', 'V8', 'V9', 'V10', 'V11', 'V12', 'V13', 'V14']
INFO - 11/06/25 19:39:02 - 2:46:41 - split up the dataset into 90 training examples and 10 test examples
INFO - 11/06/25 19:39:02 - 2:46:41 - ============ Start of generation 2 ============
INFO - 11/06/25 19:39:02 - 2:46:41 - Memory allocated:  43.97MB, reserved: 7648.00MB
INFO - 11/06/25 19:39:02 - 2:46:41 - training
INFO - 11/06/25 19:39:02 - 2:46:42 - step 0 | loss 3.1866 | step time 264.06ms
INFO - 11/06/25 19:39:28 - 2:47:07 - step 100 | loss 0.0650 | step time 257.34ms
INFO - 11/06/25 19:39:53 - 2:47:33 - step 200 | loss 0.0465 | step time 257.11ms
INFO - 11/06/25 19:40:19 - 2:47:59 - step 300 | loss 0.0539 | step time 257.39ms
INFO - 11/06/25 19:40:45 - 2:48:25 - step 400 | loss 0.0454 | step time 257.07ms
INFO - 11/06/25 19:41:11 - 2:48:50 - step 500 | loss 0.0543 | step time 257.30ms
INFO - 11/06/25 19:41:11 - 2:48:51 - step 500 train loss: 0.0510285459458828 test loss: 1.8347504138946533
INFO - 11/06/25 19:41:11 - 2:48:51 - test loss 1.8347504138946533 is the best so far, saving model to /home/yuebi/Project/dim16_run/dim16_run_7/1111/model.pt
INFO - 11/06/25 19:41:37 - 2:49:16 - step 600 | loss 0.0448 | step time 257.26ms
INFO - 11/06/25 19:42:02 - 2:49:42 - step 700 | loss 0.0430 | step time 257.19ms
INFO - 11/06/25 19:42:28 - 2:50:08 - step 800 | loss 0.0448 | step time 257.09ms
INFO - 11/06/25 19:42:54 - 2:50:34 - step 900 | loss 0.0454 | step time 257.49ms
INFO - 11/06/25 19:43:19 - 2:50:59 - step 1000 | loss 0.0431 | step time 257.24ms
INFO - 11/06/25 19:43:20 - 2:51:00 - step 1000 train loss: 0.043920982629060745 test loss: 2.348160982131958
INFO - 11/06/25 19:43:45 - 2:51:25 - step 1100 | loss 0.0443 | step time 257.34ms
INFO - 11/06/25 19:44:11 - 2:51:51 - step 1200 | loss 0.0428 | step time 257.40ms
INFO - 11/06/25 19:44:37 - 2:52:17 - step 1300 | loss 0.0449 | step time 257.10ms
INFO - 11/06/25 19:45:03 - 2:52:42 - step 1400 | loss 0.0438 | step time 256.84ms
INFO - 11/06/25 19:45:28 - 2:53:08 - Memory allocated:  43.97MB, reserved: 7648.00MB
INFO - 11/06/25 19:45:28 - 2:53:08 - generating
INFO - 11/06/25 20:12:36 - 0:00:00 - ============ Initialized logger ============
INFO - 11/06/25 20:12:36 - 0:00:00 - batch_size: 32
                                     command: python fc_loop.py --exp_name=dim16_run_7 --dump_path=/home/yuebi/Project/dim16_run --num_initial_empty_objects=800 --final_database_size=100 --target_db_size=100 --nb_local_searches=800 --max_epochs=22 --type=transformer --max-output-length=271 --sample-only=35000 --max-steps=1500 --n_tokens=15 --n-layer=8 --n-embd=128 --n-embd2=128 --exp_id=1111 --exp_id "1111"
                                     cpu: False
                                     debug: False
                                     debug_slurm: False
                                     dump_path: /home/yuebi/Project/dim16_run/dim16_run_7/1111
                                     exp_id: 1111
                                     exp_name: dim16_run_7
                                     final_database_size: 100
                                     gen_batch_size: 1000
                                     global_rank: 0
                                     is_master: True
                                     is_slurm_job: True
                                     learning_rate: 0.0005
                                     local_rank: 0
                                     master_addr: gpu-6
                                     master_port: -1
                                     max_epochs: 22
                                     max_output_length: 271
                                     max_steps: 1500
                                     multi_gpu: False
                                     multi_node: False
                                     n_embd: 128
                                     n_embd2: 128
                                     n_gpu_per_node: 1
                                     n_head: 8
                                     n_layer: 8
                                     n_nodes: 1
                                     n_tokens: 15
                                     nb_local_searches: 800
                                     nb_threads: 1
                                     node_id: 0
                                     num_initial_empty_objects: 800
                                     num_workers: 8
                                     sample_only: 35000
                                     seed: -1
                                     target_db_size: 100
                                     temperature: 1.0
                                     top_k: -1
                                     type: transformer
                                     weight_decay: 0.01
                                     world_size: 1
INFO - 11/06/25 20:12:36 - 0:00:00 - The experiment will be stored in /home/yuebi/Project/dim16_run/dim16_run_7/1111
                                     
INFO - 11/06/25 20:12:36 - 0:00:00 - Running command: python fc_loop.py --exp_name=dim16_run_7 --dump_path=/home/yuebi/Project/dim16_run --num_initial_empty_objects=800 --final_database_size=100 --target_db_size=100 --nb_local_searches=800 --max_epochs=22 --type=transformer --max-output-length=271 --sample-only=35000 --max-steps=1500 --n_tokens=15 --n-layer=8 --n-embd=128 --n-embd2=128 --exp_id=1111

WARNING - 11/06/25 20:12:36 - 0:00:00 - Signal handler installed.
INFO - 11/06/25 20:12:36 - 0:00:00 - seed: 654428156
INFO - 11/06/25 20:12:36 - 0:00:00 - initializing at generation: 2
INFO - 11/06/25 20:12:36 - 0:00:00 - number of examples in the dataset: 100
INFO - 11/06/25 20:12:36 - 0:00:00 - max word length: 112
INFO - 11/06/25 20:12:36 - 0:00:00 - number of unique characters in the vocabulary: 15
INFO - 11/06/25 20:12:36 - 0:00:00 - vocabulary:
INFO - 11/06/25 20:12:36 - 0:00:00 - ['V0', 'V1', 'V2', 'V3', 'V4', 'V5', 'V6', 'V7', 'V8', 'V9', 'V10', 'V11', 'V12', 'V13', 'V14']
INFO - 11/06/25 20:12:36 - 0:00:00 - split up the dataset into 90 training examples and 10 test examples
INFO - 11/06/25 20:12:36 - 0:00:00 - dataset determined that: vocab_size=16, block_size=272
INFO - 11/06/25 20:12:36 - 0:00:00 - model #params: 1625344
INFO - 11/06/25 20:12:36 - 0:00:00 - resuming from existing model
INFO - 11/06/25 20:12:36 - 0:00:00 - ============ Start of generation 2 ============
INFO - 11/06/25 20:12:36 - 0:00:00 - Memory allocated:  8.46MB, reserved: 18.00MB
INFO - 11/06/25 20:12:36 - 0:00:00 - training
INFO - 11/06/25 20:12:41 - 0:00:05 - step 0 | loss 0.0690 | step time 587.11ms
INFO - 11/06/25 20:13:07 - 0:00:31 - step 100 | loss 0.0454 | step time 257.36ms
INFO - 11/06/25 20:13:33 - 0:00:57 - step 200 | loss 0.0438 | step time 257.04ms
INFO - 11/06/25 20:13:58 - 0:01:22 - step 300 | loss 0.0458 | step time 257.04ms
INFO - 11/06/25 20:14:24 - 0:01:48 - step 400 | loss 0.0465 | step time 257.25ms
INFO - 11/06/25 20:14:50 - 0:02:14 - step 500 | loss 0.0431 | step time 257.34ms
INFO - 11/06/25 20:14:50 - 0:02:14 - step 500 train loss: 0.04388910159468651 test loss: 0.6852290034294128
INFO - 11/06/25 20:14:50 - 0:02:14 - test loss 0.6852290034294128 is the best so far, saving model to /home/yuebi/Project/dim16_run/dim16_run_7/1111/model.pt
INFO - 11/06/25 20:15:16 - 0:02:40 - step 600 | loss 0.0424 | step time 257.33ms
INFO - 11/06/25 20:15:42 - 0:03:06 - step 700 | loss 0.0440 | step time 257.50ms
INFO - 11/06/25 20:16:07 - 0:03:31 - step 800 | loss 0.0450 | step time 257.27ms
INFO - 11/06/25 20:16:33 - 0:03:57 - step 900 | loss 0.0436 | step time 257.31ms
INFO - 11/06/25 20:16:59 - 0:04:23 - step 1000 | loss 0.0436 | step time 257.34ms
INFO - 11/06/25 20:16:59 - 0:04:23 - step 1000 train loss: 0.04380026087164879 test loss: 1.0213112831115723
INFO - 11/06/25 20:17:25 - 0:04:49 - step 1100 | loss 0.0438 | step time 257.34ms
INFO - 11/06/25 20:17:51 - 0:05:15 - step 1200 | loss 0.0439 | step time 257.23ms
INFO - 11/06/25 20:18:16 - 0:05:40 - step 1300 | loss 0.0432 | step time 257.22ms
INFO - 11/06/25 20:18:42 - 0:06:06 - step 1400 | loss 0.0425 | step time 257.14ms
INFO - 11/06/25 20:19:07 - 0:06:32 - Memory allocated:  43.97MB, reserved: 2272.00MB
INFO - 11/06/25 20:19:07 - 0:06:32 - generating
INFO - 11/06/25 22:55:59 - 2:43:23 - distribution of sample lengths: average: 335.59097142857144 max: 851
INFO - 11/06/25 22:55:59 - 2:43:23 - printed 35000 samples
INFO - 11/06/25 22:55:59 - 2:43:23 - decoding
INFO - 11/06/25 22:56:00 - 2:43:24 - Decoding complete. Check the output in /home/yuebi/Project/dim16_run/dim16_run_7/1111/transformer-output-decoded.txt
INFO - 11/06/25 22:56:00 - 2:43:24 - Memory allocated:  43.97MB, reserved: 7648.00MB
INFO - 11/06/25 22:56:00 - 2:43:24 - ============ End of generation 2 ============
INFO - 11/06/25 22:56:00 - 2:43:24 - launching search.jl
INFO - 11/06/25 22:56:00 - 2:43:24 - JULIA_NUM_THREADS is set to 1
INFO - 11/06/25 23:00:31 - 2:47:55 - distribution of scores(all rounds)
INFO - 11/06/25 23:00:31 - 2:47:55 - Score:299008.0, Count:21
                                     
INFO - 11/06/25 23:00:31 - 2:47:55 - Score:294912.0, Count:3
                                     
INFO - 11/06/25 23:00:31 - 2:47:55 - Score:286720.0, Count:8
                                     
INFO - 11/06/25 23:00:31 - 2:47:55 - Score:278528.0, Count:2
                                     
INFO - 11/06/25 23:00:31 - 2:47:55 - Score:276480.0, Count:6
                                     
INFO - 11/06/25 23:00:31 - 2:47:55 - Score:275456.0, Count:2
                                     
INFO - 11/06/25 23:00:31 - 2:47:55 - Score:274432.0, Count:6
                                     
INFO - 11/06/25 23:00:31 - 2:47:55 - Score:270528.0, Count:5
                                     
INFO - 11/06/25 23:00:31 - 2:47:55 - Score:270336.0, Count:21
                                     
INFO - 11/06/25 23:00:31 - 2:47:55 - Score:268032.0, Count:4
                                     
INFO - 11/06/25 23:00:31 - 2:47:55 - Score:267264.0, Count:4
                                     
INFO - 11/06/25 23:00:31 - 2:47:55 - Score:266240.0, Count:2
                                     
INFO - 11/06/25 23:00:31 - 2:47:55 - Score:263168.0, Count:2
                                     
INFO - 11/06/25 23:00:31 - 2:47:55 - Score:262144.0, Count:3
                                     
INFO - 11/06/25 23:00:31 - 2:47:55 - Score:261120.0, Count:6
                                     
INFO - 11/06/25 23:00:31 - 2:47:55 - Score:259072.0, Count:3
                                     
INFO - 11/06/25 23:00:31 - 2:47:55 - Score:258560.0, Count:2
                                     
INFO - 11/06/25 23:00:31 - 2:47:55 - Score:258048.0, Count:0
                                     
INFO - 11/06/25 23:00:31 - 2:47:55 - tokenizing
INFO - 11/06/25 23:00:31 - 2:47:55 - Loading tokenizer from /home/yuebi/Project/dim16_run/dim16_run_7/1111/tokenizer_data/tokenizer.json...
INFO - 11/06/25 23:00:31 - 2:47:55 - 0 / 100
INFO - 11/06/25 23:00:31 - 2:47:55 - number of examples in the dataset: 100
INFO - 11/06/25 23:00:31 - 2:47:55 - max word length: 112
INFO - 11/06/25 23:00:31 - 2:47:55 - number of unique characters in the vocabulary: 15
INFO - 11/06/25 23:00:31 - 2:47:55 - vocabulary:
INFO - 11/06/25 23:00:31 - 2:47:55 - ['V0', 'V1', 'V2', 'V3', 'V4', 'V5', 'V6', 'V7', 'V8', 'V9', 'V10', 'V11', 'V12', 'V13', 'V14']
INFO - 11/06/25 23:00:31 - 2:47:55 - split up the dataset into 90 training examples and 10 test examples
INFO - 11/06/25 23:00:31 - 2:47:55 - ============ Start of generation 3 ============
INFO - 11/06/25 23:00:31 - 2:47:55 - Memory allocated:  43.97MB, reserved: 7648.00MB
INFO - 11/06/25 23:00:31 - 2:47:55 - training
INFO - 11/06/25 23:00:31 - 2:47:55 - step 0 | loss 0.4005 | step time 264.52ms
INFO - 11/06/25 23:00:57 - 2:48:21 - step 100 | loss 0.0485 | step time 257.54ms
INFO - 11/06/25 23:01:23 - 2:48:47 - step 200 | loss 0.0453 | step time 257.64ms
INFO - 11/06/25 23:01:49 - 2:49:13 - step 300 | loss 0.0440 | step time 257.51ms
INFO - 11/06/25 23:02:14 - 2:49:38 - step 400 | loss 0.0440 | step time 257.52ms
INFO - 11/06/25 23:02:40 - 2:50:04 - step 500 | loss 0.0430 | step time 257.44ms
INFO - 11/06/25 23:02:40 - 2:50:04 - step 500 train loss: 0.04336501657962799 test loss: 0.7761765718460083
INFO - 11/06/25 23:02:40 - 2:50:04 - test loss 0.7761765718460083 is the best so far, saving model to /home/yuebi/Project/dim16_run/dim16_run_7/1111/model.pt
INFO - 11/06/25 23:03:06 - 2:50:30 - step 600 | loss 0.0412 | step time 257.63ms
INFO - 11/06/25 23:03:32 - 2:50:56 - step 700 | loss 0.0443 | step time 257.24ms
INFO - 11/06/25 23:03:58 - 2:51:22 - step 800 | loss 0.0444 | step time 257.34ms
INFO - 11/06/25 23:04:23 - 2:51:47 - step 900 | loss 0.0435 | step time 257.62ms
INFO - 11/06/25 23:04:49 - 2:52:13 - step 1000 | loss 0.0435 | step time 257.40ms
INFO - 11/06/25 23:04:49 - 2:52:13 - step 1000 train loss: 0.04341805726289749 test loss: 0.9132746458053589
INFO - 11/06/25 23:05:15 - 2:52:39 - step 1100 | loss 0.0429 | step time 257.32ms
INFO - 11/06/25 23:05:41 - 2:53:05 - step 1200 | loss 0.0437 | step time 257.25ms
INFO - 11/06/25 23:06:07 - 2:53:31 - step 1300 | loss 0.0437 | step time 257.65ms
INFO - 11/06/25 23:06:32 - 2:53:56 - step 1400 | loss 0.0580 | step time 257.75ms
INFO - 11/06/25 23:06:58 - 2:54:22 - Memory allocated:  43.97MB, reserved: 7648.00MB
INFO - 11/06/25 23:06:58 - 2:54:22 - generating
INFO - 11/06/25 23:32:43 - 0:00:00 - ============ Initialized logger ============
INFO - 11/06/25 23:32:43 - 0:00:00 - batch_size: 32
                                     command: python fc_loop.py --exp_name=dim16_run_7 --dump_path=/home/yuebi/Project/dim16_run --num_initial_empty_objects=800 --final_database_size=100 --target_db_size=100 --nb_local_searches=800 --max_epochs=22 --type=transformer --max-output-length=271 --sample-only=35000 --max-steps=1500 --n_tokens=15 --n-layer=8 --n-embd=128 --n-embd2=128 --exp_id=1111 --exp_id "1111"
                                     cpu: False
                                     debug: False
                                     debug_slurm: False
                                     dump_path: /home/yuebi/Project/dim16_run/dim16_run_7/1111
                                     exp_id: 1111
                                     exp_name: dim16_run_7
                                     final_database_size: 100
                                     gen_batch_size: 1000
                                     global_rank: 0
                                     is_master: True
                                     is_slurm_job: True
                                     learning_rate: 0.0005
                                     local_rank: 0
                                     master_addr: gpu-6
                                     master_port: -1
                                     max_epochs: 22
                                     max_output_length: 271
                                     max_steps: 1500
                                     multi_gpu: False
                                     multi_node: False
                                     n_embd: 128
                                     n_embd2: 128
                                     n_gpu_per_node: 1
                                     n_head: 8
                                     n_layer: 8
                                     n_nodes: 1
                                     n_tokens: 15
                                     nb_local_searches: 800
                                     nb_threads: 1
                                     node_id: 0
                                     num_initial_empty_objects: 800
                                     num_workers: 8
                                     sample_only: 35000
                                     seed: -1
                                     target_db_size: 100
                                     temperature: 1.0
                                     top_k: -1
                                     type: transformer
                                     weight_decay: 0.01
                                     world_size: 1
INFO - 11/06/25 23:32:43 - 0:00:00 - The experiment will be stored in /home/yuebi/Project/dim16_run/dim16_run_7/1111
                                     
INFO - 11/06/25 23:32:43 - 0:00:00 - Running command: python fc_loop.py --exp_name=dim16_run_7 --dump_path=/home/yuebi/Project/dim16_run --num_initial_empty_objects=800 --final_database_size=100 --target_db_size=100 --nb_local_searches=800 --max_epochs=22 --type=transformer --max-output-length=271 --sample-only=35000 --max-steps=1500 --n_tokens=15 --n-layer=8 --n-embd=128 --n-embd2=128 --exp_id=1111

WARNING - 11/06/25 23:32:43 - 0:00:00 - Signal handler installed.
INFO - 11/06/25 23:32:43 - 0:00:00 - seed: 885964744
INFO - 11/06/25 23:32:43 - 0:00:00 - initializing at generation: 3
INFO - 11/06/25 23:32:43 - 0:00:00 - number of examples in the dataset: 100
INFO - 11/06/25 23:32:43 - 0:00:00 - max word length: 112
INFO - 11/06/25 23:32:43 - 0:00:00 - number of unique characters in the vocabulary: 15
INFO - 11/06/25 23:32:43 - 0:00:00 - vocabulary:
INFO - 11/06/25 23:32:43 - 0:00:00 - ['V0', 'V1', 'V2', 'V3', 'V4', 'V5', 'V6', 'V7', 'V8', 'V9', 'V10', 'V11', 'V12', 'V13', 'V14']
INFO - 11/06/25 23:32:43 - 0:00:00 - split up the dataset into 90 training examples and 10 test examples
INFO - 11/06/25 23:32:43 - 0:00:00 - dataset determined that: vocab_size=16, block_size=272
INFO - 11/06/25 23:32:43 - 0:00:00 - model #params: 1625344
INFO - 11/06/25 23:32:43 - 0:00:00 - resuming from existing model
INFO - 11/06/25 23:32:43 - 0:00:00 - ============ Start of generation 3 ============
INFO - 11/06/25 23:32:43 - 0:00:00 - Memory allocated:  8.46MB, reserved: 18.00MB
INFO - 11/06/25 23:32:43 - 0:00:00 - training
INFO - 11/06/25 23:32:48 - 0:00:05 - step 0 | loss 0.0528 | step time 588.03ms
INFO - 11/06/25 23:33:14 - 0:00:31 - step 100 | loss 0.0460 | step time 256.94ms
INFO - 11/06/25 23:33:40 - 0:00:57 - step 200 | loss 0.0445 | step time 256.90ms
INFO - 11/06/25 23:34:05 - 0:01:22 - step 300 | loss 0.0443 | step time 257.19ms
INFO - 11/06/25 23:34:31 - 0:01:48 - step 400 | loss 0.0450 | step time 257.25ms
INFO - 11/06/25 23:34:57 - 0:02:14 - step 500 | loss 0.0459 | step time 257.19ms
INFO - 11/06/25 23:34:57 - 0:02:14 - step 500 train loss: 0.04613906517624855 test loss: 0.3382921814918518
INFO - 11/06/25 23:34:57 - 0:02:14 - test loss 0.3382921814918518 is the best so far, saving model to /home/yuebi/Project/dim16_run/dim16_run_7/1111/model.pt
INFO - 11/06/25 23:35:23 - 0:02:40 - step 600 | loss 0.0432 | step time 257.31ms
INFO - 11/06/25 23:35:49 - 0:03:06 - step 700 | loss 0.0435 | step time 257.18ms
INFO - 11/06/25 23:36:14 - 0:03:31 - step 800 | loss 0.0425 | step time 257.54ms
INFO - 11/06/25 23:36:40 - 0:03:57 - step 900 | loss 0.0582 | step time 256.86ms
INFO - 11/06/25 23:37:06 - 0:04:23 - step 1000 | loss 0.0435 | step time 256.63ms
INFO - 11/06/25 23:37:06 - 0:04:23 - step 1000 train loss: 0.042734239250421524 test loss: 0.5337416529655457
INFO - 11/06/25 23:37:32 - 0:04:49 - step 1100 | loss 0.0431 | step time 256.76ms
INFO - 11/06/25 23:37:57 - 0:05:14 - step 1200 | loss 0.0427 | step time 256.83ms
INFO - 11/06/25 23:38:23 - 0:05:40 - step 1300 | loss 0.0436 | step time 256.74ms
INFO - 11/06/25 23:38:49 - 0:06:06 - step 1400 | loss 0.0447 | step time 256.84ms
INFO - 11/06/25 23:39:14 - 0:06:31 - Memory allocated:  43.97MB, reserved: 2272.00MB
INFO - 11/06/25 23:39:14 - 0:06:31 - generating
INFO - 11/07/25 02:16:06 - 2:43:23 - distribution of sample lengths: average: 336.4165142857143 max: 857
INFO - 11/07/25 02:16:06 - 2:43:23 - printed 35000 samples
INFO - 11/07/25 02:16:06 - 2:43:23 - decoding
INFO - 11/07/25 02:16:06 - 2:43:23 - Decoding complete. Check the output in /home/yuebi/Project/dim16_run/dim16_run_7/1111/transformer-output-decoded.txt
INFO - 11/07/25 02:16:06 - 2:43:23 - Memory allocated:  43.97MB, reserved: 7648.00MB
INFO - 11/07/25 02:16:06 - 2:43:23 - ============ End of generation 3 ============
INFO - 11/07/25 02:16:06 - 2:43:23 - launching search.jl
INFO - 11/07/25 02:16:06 - 2:43:23 - JULIA_NUM_THREADS is set to 1
INFO - 11/07/25 02:20:38 - 2:47:55 - distribution of scores(all rounds)
INFO - 11/07/25 02:20:38 - 2:47:55 - Score:299008.0, Count:34
                                     
INFO - 11/07/25 02:20:38 - 2:47:55 - Score:294912.0, Count:5
                                     
INFO - 11/07/25 02:20:38 - 2:47:55 - Score:286720.0, Count:13
                                     
INFO - 11/07/25 02:20:38 - 2:47:55 - Score:278528.0, Count:3
                                     
INFO - 11/07/25 02:20:38 - 2:47:55 - Score:276480.0, Count:9
                                     
INFO - 11/07/25 02:20:38 - 2:47:55 - Score:275456.0, Count:3
                                     
INFO - 11/07/25 02:20:38 - 2:47:55 - Score:274432.0, Count:9
                                     
INFO - 11/07/25 02:20:38 - 2:47:55 - Score:270528.0, Count:8
                                     
INFO - 11/07/25 02:20:38 - 2:47:55 - Score:270336.0, Count:16
                                     
INFO - 11/07/25 02:20:38 - 2:47:55 - tokenizing
INFO - 11/07/25 02:20:38 - 2:47:55 - Loading tokenizer from /home/yuebi/Project/dim16_run/dim16_run_7/1111/tokenizer_data/tokenizer.json...
INFO - 11/07/25 02:20:38 - 2:47:55 - 0 / 100
INFO - 11/07/25 02:20:38 - 2:47:55 - number of examples in the dataset: 100
INFO - 11/07/25 02:20:38 - 2:47:55 - max word length: 112
INFO - 11/07/25 02:20:38 - 2:47:55 - number of unique characters in the vocabulary: 15
INFO - 11/07/25 02:20:38 - 2:47:55 - vocabulary:
INFO - 11/07/25 02:20:38 - 2:47:55 - ['V0', 'V1', 'V2', 'V3', 'V4', 'V5', 'V6', 'V7', 'V8', 'V9', 'V10', 'V11', 'V12', 'V13', 'V14']
INFO - 11/07/25 02:20:38 - 2:47:55 - split up the dataset into 90 training examples and 10 test examples
INFO - 11/07/25 02:20:38 - 2:47:55 - ============ Start of generation 4 ============
INFO - 11/07/25 02:20:38 - 2:47:55 - Memory allocated:  43.97MB, reserved: 7648.00MB
INFO - 11/07/25 02:20:38 - 2:47:55 - training
INFO - 11/07/25 02:20:38 - 2:47:55 - step 0 | loss 0.6869 | step time 264.73ms
INFO - 11/07/25 02:21:04 - 2:48:21 - step 100 | loss 0.0444 | step time 257.20ms
INFO - 11/07/25 02:21:30 - 2:48:47 - step 200 | loss 0.0434 | step time 257.42ms
INFO - 11/07/25 02:21:55 - 2:49:12 - step 300 | loss 0.0455 | step time 257.47ms
INFO - 11/07/25 02:22:21 - 2:49:38 - step 400 | loss 0.0444 | step time 257.55ms
INFO - 11/07/25 02:22:47 - 2:50:04 - step 500 | loss 0.0529 | step time 257.54ms
INFO - 11/07/25 02:22:47 - 2:50:04 - step 500 train loss: 0.056196220219135284 test loss: 0.38157302141189575
INFO - 11/07/25 02:22:47 - 2:50:04 - test loss 0.38157302141189575 is the best so far, saving model to /home/yuebi/Project/dim16_run/dim16_run_7/1111/model.pt
INFO - 11/07/25 02:23:13 - 2:50:30 - step 600 | loss 0.0427 | step time 257.36ms
INFO - 11/07/25 02:23:39 - 2:50:56 - step 700 | loss 0.0425 | step time 257.35ms
INFO - 11/07/25 02:24:04 - 2:51:21 - step 800 | loss 0.0433 | step time 257.57ms
INFO - 11/07/25 02:24:30 - 2:51:47 - step 900 | loss 0.0420 | step time 257.37ms
INFO - 11/07/25 02:24:56 - 2:52:13 - step 1000 | loss 0.0425 | step time 257.34ms
INFO - 11/07/25 02:24:56 - 2:52:13 - step 1000 train loss: 0.04309861361980438 test loss: 0.3204113245010376
INFO - 11/07/25 02:24:56 - 2:52:13 - test loss 0.3204113245010376 is the best so far, saving model to /home/yuebi/Project/dim16_run/dim16_run_7/1111/model.pt
INFO - 11/07/25 02:25:22 - 2:52:39 - step 1100 | loss 0.0452 | step time 257.46ms
INFO - 11/07/25 02:25:48 - 2:53:05 - step 1200 | loss 0.0421 | step time 257.35ms
INFO - 11/07/25 02:26:13 - 2:53:30 - step 1300 | loss 0.0430 | step time 257.33ms
INFO - 11/07/25 02:26:39 - 2:53:56 - step 1400 | loss 0.0431 | step time 257.47ms
INFO - 11/07/25 02:27:04 - 2:54:22 - Memory allocated:  43.97MB, reserved: 7648.00MB
INFO - 11/07/25 02:27:04 - 2:54:22 - generating
INFO - 11/07/25 02:52:52 - 0:00:00 - ============ Initialized logger ============
INFO - 11/07/25 02:52:52 - 0:00:00 - batch_size: 32
                                     command: python fc_loop.py --exp_name=dim16_run_7 --dump_path=/home/yuebi/Project/dim16_run --num_initial_empty_objects=800 --final_database_size=100 --target_db_size=100 --nb_local_searches=800 --max_epochs=22 --type=transformer --max-output-length=271 --sample-only=35000 --max-steps=1500 --n_tokens=15 --n-layer=8 --n-embd=128 --n-embd2=128 --exp_id=1111 --exp_id "1111"
                                     cpu: False
                                     debug: False
                                     debug_slurm: False
                                     dump_path: /home/yuebi/Project/dim16_run/dim16_run_7/1111
                                     exp_id: 1111
                                     exp_name: dim16_run_7
                                     final_database_size: 100
                                     gen_batch_size: 1000
                                     global_rank: 0
                                     is_master: True
                                     is_slurm_job: True
                                     learning_rate: 0.0005
                                     local_rank: 0
                                     master_addr: gpu-6
                                     master_port: -1
                                     max_epochs: 22
                                     max_output_length: 271
                                     max_steps: 1500
                                     multi_gpu: False
                                     multi_node: False
                                     n_embd: 128
                                     n_embd2: 128
                                     n_gpu_per_node: 1
                                     n_head: 8
                                     n_layer: 8
                                     n_nodes: 1
                                     n_tokens: 15
                                     nb_local_searches: 800
                                     nb_threads: 1
                                     node_id: 0
                                     num_initial_empty_objects: 800
                                     num_workers: 8
                                     sample_only: 35000
                                     seed: -1
                                     target_db_size: 100
                                     temperature: 1.0
                                     top_k: -1
                                     type: transformer
                                     weight_decay: 0.01
                                     world_size: 1
INFO - 11/07/25 02:52:52 - 0:00:00 - The experiment will be stored in /home/yuebi/Project/dim16_run/dim16_run_7/1111
                                     
INFO - 11/07/25 02:52:52 - 0:00:00 - Running command: python fc_loop.py --exp_name=dim16_run_7 --dump_path=/home/yuebi/Project/dim16_run --num_initial_empty_objects=800 --final_database_size=100 --target_db_size=100 --nb_local_searches=800 --max_epochs=22 --type=transformer --max-output-length=271 --sample-only=35000 --max-steps=1500 --n_tokens=15 --n-layer=8 --n-embd=128 --n-embd2=128 --exp_id=1111

WARNING - 11/07/25 02:52:52 - 0:00:00 - Signal handler installed.
INFO - 11/07/25 02:52:52 - 0:00:00 - seed: 170187434
INFO - 11/07/25 02:52:52 - 0:00:00 - initializing at generation: 4
INFO - 11/07/25 02:52:52 - 0:00:00 - number of examples in the dataset: 100
INFO - 11/07/25 02:52:52 - 0:00:00 - max word length: 112
INFO - 11/07/25 02:52:52 - 0:00:00 - number of unique characters in the vocabulary: 15
INFO - 11/07/25 02:52:52 - 0:00:00 - vocabulary:
INFO - 11/07/25 02:52:52 - 0:00:00 - ['V0', 'V1', 'V2', 'V3', 'V4', 'V5', 'V6', 'V7', 'V8', 'V9', 'V10', 'V11', 'V12', 'V13', 'V14']
INFO - 11/07/25 02:52:52 - 0:00:00 - split up the dataset into 90 training examples and 10 test examples
INFO - 11/07/25 02:52:52 - 0:00:00 - dataset determined that: vocab_size=16, block_size=272
INFO - 11/07/25 02:52:52 - 0:00:00 - model #params: 1625344
INFO - 11/07/25 02:52:52 - 0:00:00 - resuming from existing model
INFO - 11/07/25 02:52:52 - 0:00:00 - ============ Start of generation 4 ============
INFO - 11/07/25 02:52:52 - 0:00:00 - Memory allocated:  8.46MB, reserved: 18.00MB
INFO - 11/07/25 02:52:52 - 0:00:00 - training
INFO - 11/07/25 02:52:57 - 0:00:05 - step 0 | loss 0.0599 | step time 623.76ms
INFO - 11/07/25 02:53:23 - 0:00:31 - step 100 | loss 0.0439 | step time 257.24ms
INFO - 11/07/25 02:53:48 - 0:00:56 - step 200 | loss 0.0438 | step time 256.97ms
INFO - 11/07/25 02:54:14 - 0:01:22 - step 300 | loss 0.0417 | step time 257.27ms
INFO - 11/07/25 02:54:40 - 0:01:48 - step 400 | loss 0.0439 | step time 257.05ms
INFO - 11/07/25 02:55:05 - 0:02:13 - step 500 | loss 0.0466 | step time 257.02ms
INFO - 11/07/25 02:55:06 - 0:02:14 - step 500 train loss: 0.052749309688806534 test loss: 0.27275919914245605
INFO - 11/07/25 02:55:06 - 0:02:14 - test loss 0.27275919914245605 is the best so far, saving model to /home/yuebi/Project/dim16_run/dim16_run_7/1111/model.pt
INFO - 11/07/25 02:55:31 - 0:02:39 - step 600 | loss 0.0433 | step time 257.24ms
INFO - 11/07/25 02:55:57 - 0:03:05 - step 700 | loss 0.0437 | step time 257.27ms
INFO - 11/07/25 02:56:23 - 0:03:31 - step 800 | loss 0.0430 | step time 257.30ms
INFO - 11/07/25 02:56:49 - 0:03:57 - step 900 | loss 0.0425 | step time 257.20ms
INFO - 11/07/25 02:57:14 - 0:04:22 - step 1000 | loss 0.0437 | step time 257.44ms
INFO - 11/07/25 02:57:15 - 0:04:23 - step 1000 train loss: 0.04283666983246803 test loss: 0.21677906811237335
INFO - 11/07/25 02:57:15 - 0:04:23 - test loss 0.21677906811237335 is the best so far, saving model to /home/yuebi/Project/dim16_run/dim16_run_7/1111/model.pt
INFO - 11/07/25 02:57:40 - 0:04:48 - step 1100 | loss 0.0456 | step time 256.90ms
INFO - 11/07/25 02:58:06 - 0:05:14 - step 1200 | loss 0.0473 | step time 257.00ms
INFO - 11/07/25 02:58:32 - 0:05:40 - step 1300 | loss 0.0422 | step time 257.41ms
INFO - 11/07/25 02:58:58 - 0:06:06 - step 1400 | loss 0.0415 | step time 257.27ms
INFO - 11/07/25 02:59:23 - 0:06:31 - Memory allocated:  43.97MB, reserved: 2272.00MB
INFO - 11/07/25 02:59:23 - 0:06:31 - generating
INFO - 11/07/25 05:36:15 - 2:43:23 - distribution of sample lengths: average: 335.9920285714286 max: 352
INFO - 11/07/25 05:36:15 - 2:43:23 - printed 35000 samples
INFO - 11/07/25 05:36:15 - 2:43:23 - decoding
INFO - 11/07/25 05:36:16 - 2:43:24 - Decoding complete. Check the output in /home/yuebi/Project/dim16_run/dim16_run_7/1111/transformer-output-decoded.txt
INFO - 11/07/25 05:36:16 - 2:43:24 - Memory allocated:  43.97MB, reserved: 7648.00MB
INFO - 11/07/25 05:36:16 - 2:43:24 - ============ End of generation 4 ============
INFO - 11/07/25 05:36:16 - 2:43:24 - launching search.jl
INFO - 11/07/25 05:36:16 - 2:43:24 - JULIA_NUM_THREADS is set to 1
INFO - 11/07/25 05:40:52 - 2:48:00 - distribution of scores(all rounds)
INFO - 11/07/25 05:40:52 - 2:48:00 - Score:299008.0, Count:47
                                     
INFO - 11/07/25 05:40:52 - 2:48:00 - Score:294912.0, Count:7
                                     
INFO - 11/07/25 05:40:52 - 2:48:00 - Score:286720.0, Count:18
                                     
INFO - 11/07/25 05:40:52 - 2:48:00 - Score:278528.0, Count:4
                                     
INFO - 11/07/25 05:40:52 - 2:48:00 - Score:276480.0, Count:12
                                     
INFO - 11/07/25 05:40:52 - 2:48:00 - Score:275456.0, Count:4
                                     
INFO - 11/07/25 05:40:52 - 2:48:00 - Score:274432.0, Count:8
                                     
INFO - 11/07/25 05:40:52 - 2:48:00 - tokenizing
INFO - 11/07/25 05:40:52 - 2:48:00 - Loading tokenizer from /home/yuebi/Project/dim16_run/dim16_run_7/1111/tokenizer_data/tokenizer.json...
INFO - 11/07/25 05:40:52 - 2:48:00 - 0 / 100
INFO - 11/07/25 05:40:52 - 2:48:00 - number of examples in the dataset: 100
INFO - 11/07/25 05:40:52 - 2:48:00 - max word length: 112
INFO - 11/07/25 05:40:52 - 2:48:00 - number of unique characters in the vocabulary: 15
INFO - 11/07/25 05:40:52 - 2:48:00 - vocabulary:
INFO - 11/07/25 05:40:52 - 2:48:00 - ['V0', 'V1', 'V2', 'V3', 'V4', 'V5', 'V6', 'V7', 'V8', 'V9', 'V10', 'V11', 'V12', 'V13', 'V14']
INFO - 11/07/25 05:40:52 - 2:48:00 - split up the dataset into 90 training examples and 10 test examples
INFO - 11/07/25 05:40:52 - 2:48:00 - ============ Start of generation 5 ============
INFO - 11/07/25 05:40:52 - 2:48:00 - Memory allocated:  43.97MB, reserved: 7648.00MB
INFO - 11/07/25 05:40:52 - 2:48:00 - training
INFO - 11/07/25 05:40:52 - 2:48:00 - step 0 | loss 0.0818 | step time 264.45ms
INFO - 11/07/25 05:41:18 - 2:48:26 - step 100 | loss 0.0422 | step time 257.23ms
INFO - 11/07/25 05:41:44 - 2:48:52 - step 200 | loss 0.0428 | step time 257.31ms
INFO - 11/07/25 05:42:10 - 2:49:18 - step 300 | loss 0.0433 | step time 257.28ms
INFO - 11/07/25 05:42:35 - 2:49:43 - step 400 | loss 0.0430 | step time 257.44ms
INFO - 11/07/25 05:43:01 - 2:50:09 - step 500 | loss 0.0788 | step time 257.49ms
INFO - 11/07/25 05:43:01 - 2:50:09 - step 500 train loss: 0.06587940454483032 test loss: 0.19010476768016815
INFO - 11/07/25 05:43:01 - 2:50:09 - test loss 0.19010476768016815 is the best so far, saving model to /home/yuebi/Project/dim16_run/dim16_run_7/1111/model.pt
INFO - 11/07/25 05:43:27 - 2:50:35 - step 600 | loss 0.0420 | step time 257.50ms
INFO - 11/07/25 05:43:53 - 2:51:01 - step 700 | loss 0.0422 | step time 257.34ms
INFO - 11/07/25 05:44:19 - 2:51:27 - step 800 | loss 0.0414 | step time 257.14ms
INFO - 11/07/25 05:44:44 - 2:51:52 - step 900 | loss 0.0432 | step time 257.35ms
INFO - 11/07/25 05:45:10 - 2:52:18 - step 1000 | loss 0.0431 | step time 257.43ms
INFO - 11/07/25 05:45:10 - 2:52:18 - step 1000 train loss: 0.04291131719946861 test loss: 0.1620817929506302
INFO - 11/07/25 05:45:10 - 2:52:18 - test loss 0.1620817929506302 is the best so far, saving model to /home/yuebi/Project/dim16_run/dim16_run_7/1111/model.pt
INFO - 11/07/25 05:45:36 - 2:52:44 - step 1100 | loss 0.0425 | step time 257.43ms
INFO - 11/07/25 05:46:02 - 2:53:10 - step 1200 | loss 0.0433 | step time 257.53ms
INFO - 11/07/25 05:46:28 - 2:53:36 - step 1300 | loss 0.0425 | step time 257.57ms
INFO - 11/07/25 05:46:53 - 2:54:01 - step 1400 | loss 0.0433 | step time 257.40ms
INFO - 11/07/25 05:47:19 - 2:54:27 - Memory allocated:  43.97MB, reserved: 7648.00MB
INFO - 11/07/25 05:47:19 - 2:54:27 - generating
INFO - 11/07/25 06:13:00 - 0:00:00 - ============ Initialized logger ============
INFO - 11/07/25 06:13:00 - 0:00:00 - batch_size: 32
                                     command: python fc_loop.py --exp_name=dim16_run_7 --dump_path=/home/yuebi/Project/dim16_run --num_initial_empty_objects=800 --final_database_size=100 --target_db_size=100 --nb_local_searches=800 --max_epochs=22 --type=transformer --max-output-length=271 --sample-only=35000 --max-steps=1500 --n_tokens=15 --n-layer=8 --n-embd=128 --n-embd2=128 --exp_id=1111 --exp_id "1111"
                                     cpu: False
                                     debug: False
                                     debug_slurm: False
                                     dump_path: /home/yuebi/Project/dim16_run/dim16_run_7/1111
                                     exp_id: 1111
                                     exp_name: dim16_run_7
                                     final_database_size: 100
                                     gen_batch_size: 1000
                                     global_rank: 0
                                     is_master: True
                                     is_slurm_job: True
                                     learning_rate: 0.0005
                                     local_rank: 0
                                     master_addr: gpu-6
                                     master_port: -1
                                     max_epochs: 22
                                     max_output_length: 271
                                     max_steps: 1500
                                     multi_gpu: False
                                     multi_node: False
                                     n_embd: 128
                                     n_embd2: 128
                                     n_gpu_per_node: 1
                                     n_head: 8
                                     n_layer: 8
                                     n_nodes: 1
                                     n_tokens: 15
                                     nb_local_searches: 800
                                     nb_threads: 1
                                     node_id: 0
                                     num_initial_empty_objects: 800
                                     num_workers: 8
                                     sample_only: 35000
                                     seed: -1
                                     target_db_size: 100
                                     temperature: 1.0
                                     top_k: -1
                                     type: transformer
                                     weight_decay: 0.01
                                     world_size: 1
INFO - 11/07/25 06:13:00 - 0:00:00 - The experiment will be stored in /home/yuebi/Project/dim16_run/dim16_run_7/1111
                                     
INFO - 11/07/25 06:13:00 - 0:00:00 - Running command: python fc_loop.py --exp_name=dim16_run_7 --dump_path=/home/yuebi/Project/dim16_run --num_initial_empty_objects=800 --final_database_size=100 --target_db_size=100 --nb_local_searches=800 --max_epochs=22 --type=transformer --max-output-length=271 --sample-only=35000 --max-steps=1500 --n_tokens=15 --n-layer=8 --n-embd=128 --n-embd2=128 --exp_id=1111

WARNING - 11/07/25 06:13:00 - 0:00:00 - Signal handler installed.
INFO - 11/07/25 06:13:00 - 0:00:00 - seed: 944149989
INFO - 11/07/25 06:13:00 - 0:00:00 - initializing at generation: 5
INFO - 11/07/25 06:13:00 - 0:00:00 - number of examples in the dataset: 100
INFO - 11/07/25 06:13:00 - 0:00:00 - max word length: 112
INFO - 11/07/25 06:13:00 - 0:00:00 - number of unique characters in the vocabulary: 15
INFO - 11/07/25 06:13:00 - 0:00:00 - vocabulary:
INFO - 11/07/25 06:13:00 - 0:00:00 - ['V0', 'V1', 'V2', 'V3', 'V4', 'V5', 'V6', 'V7', 'V8', 'V9', 'V10', 'V11', 'V12', 'V13', 'V14']
INFO - 11/07/25 06:13:00 - 0:00:00 - split up the dataset into 90 training examples and 10 test examples
INFO - 11/07/25 06:13:00 - 0:00:00 - dataset determined that: vocab_size=16, block_size=272
INFO - 11/07/25 06:13:00 - 0:00:00 - model #params: 1625344
INFO - 11/07/25 06:13:00 - 0:00:00 - resuming from existing model
INFO - 11/07/25 06:13:00 - 0:00:00 - ============ Start of generation 5 ============
INFO - 11/07/25 06:13:00 - 0:00:00 - Memory allocated:  8.46MB, reserved: 18.00MB
INFO - 11/07/25 06:13:00 - 0:00:00 - training
INFO - 11/07/25 06:13:05 - 0:00:05 - step 0 | loss 0.0517 | step time 590.18ms
INFO - 11/07/25 06:13:31 - 0:00:31 - step 100 | loss 0.0418 | step time 256.89ms
INFO - 11/07/25 06:13:57 - 0:00:57 - step 200 | loss 0.0435 | step time 257.29ms
INFO - 11/07/25 06:14:22 - 0:01:22 - step 300 | loss 0.0424 | step time 257.58ms
INFO - 11/07/25 06:14:48 - 0:01:48 - step 400 | loss 0.0419 | step time 257.14ms
INFO - 11/07/25 06:15:14 - 0:02:14 - step 500 | loss 0.0419 | step time 257.17ms
INFO - 11/07/25 06:15:14 - 0:02:14 - step 500 train loss: 0.04311239719390869 test loss: 0.12416169047355652
INFO - 11/07/25 06:15:14 - 0:02:14 - test loss 0.12416169047355652 is the best so far, saving model to /home/yuebi/Project/dim16_run/dim16_run_7/1111/model.pt
INFO - 11/07/25 06:15:40 - 0:02:40 - step 600 | loss 0.0623 | step time 257.14ms
INFO - 11/07/25 06:16:06 - 0:03:06 - step 700 | loss 0.0420 | step time 257.11ms
INFO - 11/07/25 06:16:31 - 0:03:31 - step 800 | loss 0.0437 | step time 257.30ms
INFO - 11/07/25 06:16:57 - 0:03:57 - step 900 | loss 0.0431 | step time 257.40ms
INFO - 11/07/25 06:17:23 - 0:04:23 - step 1000 | loss 0.0426 | step time 257.08ms
INFO - 11/07/25 06:17:23 - 0:04:23 - step 1000 train loss: 0.04262492433190346 test loss: 0.23318028450012207
INFO - 11/07/25 06:17:49 - 0:04:49 - step 1100 | loss 0.0421 | step time 257.30ms
INFO - 11/07/25 06:18:15 - 0:05:15 - step 1200 | loss 0.0421 | step time 257.27ms
INFO - 11/07/25 06:18:40 - 0:05:40 - step 1300 | loss 0.0426 | step time 257.21ms
INFO - 11/07/25 06:19:06 - 0:06:06 - step 1400 | loss 0.0434 | step time 257.24ms
INFO - 11/07/25 06:19:31 - 0:06:31 - Memory allocated:  43.97MB, reserved: 2272.00MB
INFO - 11/07/25 06:19:31 - 0:06:31 - generating
INFO - 11/07/25 08:56:23 - 2:43:23 - distribution of sample lengths: average: 336.1628857142857 max: 849
INFO - 11/07/25 08:56:23 - 2:43:23 - printed 35000 samples
INFO - 11/07/25 08:56:23 - 2:43:23 - decoding
INFO - 11/07/25 08:56:24 - 2:43:24 - Decoding complete. Check the output in /home/yuebi/Project/dim16_run/dim16_run_7/1111/transformer-output-decoded.txt
INFO - 11/07/25 08:56:24 - 2:43:24 - Memory allocated:  43.97MB, reserved: 7648.00MB
INFO - 11/07/25 08:56:24 - 2:43:24 - ============ End of generation 5 ============
INFO - 11/07/25 08:56:24 - 2:43:24 - launching search.jl
INFO - 11/07/25 08:56:24 - 2:43:24 - JULIA_NUM_THREADS is set to 1
INFO - 11/07/25 09:00:54 - 2:47:54 - distribution of scores(all rounds)
INFO - 11/07/25 09:00:54 - 2:47:54 - Score:299008.0, Count:63
                                     
INFO - 11/07/25 09:00:54 - 2:47:54 - Score:294912.0, Count:9
                                     
INFO - 11/07/25 09:00:54 - 2:47:54 - Score:286720.0, Count:24
                                     
INFO - 11/07/25 09:00:54 - 2:47:54 - Score:278528.0, Count:4
                                     
INFO - 11/07/25 09:00:54 - 2:47:54 - tokenizing
INFO - 11/07/25 09:00:54 - 2:47:54 - Loading tokenizer from /home/yuebi/Project/dim16_run/dim16_run_7/1111/tokenizer_data/tokenizer.json...
INFO - 11/07/25 09:00:54 - 2:47:54 - 0 / 100
INFO - 11/07/25 09:00:54 - 2:47:54 - number of examples in the dataset: 100
INFO - 11/07/25 09:00:54 - 2:47:54 - max word length: 112
INFO - 11/07/25 09:00:54 - 2:47:54 - number of unique characters in the vocabulary: 15
INFO - 11/07/25 09:00:54 - 2:47:54 - vocabulary:
INFO - 11/07/25 09:00:54 - 2:47:54 - ['V0', 'V1', 'V2', 'V3', 'V4', 'V5', 'V6', 'V7', 'V8', 'V9', 'V10', 'V11', 'V12', 'V13', 'V14']
INFO - 11/07/25 09:00:54 - 2:47:54 - split up the dataset into 90 training examples and 10 test examples
INFO - 11/07/25 09:00:54 - 2:47:54 - ============ Start of generation 6 ============
INFO - 11/07/25 09:00:54 - 2:47:54 - Memory allocated:  43.97MB, reserved: 7648.00MB
INFO - 11/07/25 09:00:54 - 2:47:54 - training
INFO - 11/07/25 09:00:54 - 2:47:54 - step 0 | loss 0.1746 | step time 264.59ms
INFO - 11/07/25 09:01:20 - 2:48:20 - step 100 | loss 0.0447 | step time 257.83ms
INFO - 11/07/25 09:01:46 - 2:48:46 - step 200 | loss 0.0441 | step time 257.48ms
INFO - 11/07/25 09:02:11 - 2:49:11 - step 300 | loss 0.0421 | step time 257.95ms
INFO - 11/07/25 09:02:37 - 2:49:37 - step 400 | loss 0.0425 | step time 257.56ms
INFO - 11/07/25 09:03:03 - 2:50:03 - step 500 | loss 0.0439 | step time 257.56ms
INFO - 11/07/25 09:03:03 - 2:50:03 - step 500 train loss: 0.043031733483076096 test loss: 0.14170849323272705
INFO - 11/07/25 09:03:03 - 2:50:03 - test loss 0.14170849323272705 is the best so far, saving model to /home/yuebi/Project/dim16_run/dim16_run_7/1111/model.pt
INFO - 11/07/25 09:03:29 - 2:50:29 - step 600 | loss 0.0751 | step time 257.60ms
INFO - 11/07/25 09:03:55 - 2:50:55 - step 700 | loss 0.0439 | step time 257.68ms
INFO - 11/07/25 09:04:21 - 2:51:21 - step 800 | loss 0.0430 | step time 257.38ms
INFO - 11/07/25 09:04:46 - 2:51:46 - step 900 | loss 0.0426 | step time 257.53ms
INFO - 11/07/25 09:05:12 - 2:52:12 - step 1000 | loss 0.0425 | step time 257.50ms
INFO - 11/07/25 09:05:12 - 2:52:12 - step 1000 train loss: 0.04265429079532623 test loss: 0.3297392725944519
INFO - 11/07/25 09:05:38 - 2:52:38 - step 1100 | loss 0.0427 | step time 257.44ms
INFO - 11/07/25 09:06:04 - 2:53:04 - step 1200 | loss 0.0416 | step time 257.68ms
INFO - 11/07/25 09:06:30 - 2:53:30 - step 1300 | loss 0.0438 | step time 258.22ms
INFO - 11/07/25 09:06:55 - 2:53:55 - step 1400 | loss 0.0545 | step time 258.14ms
INFO - 11/07/25 09:07:21 - 2:54:21 - Memory allocated:  43.97MB, reserved: 7648.00MB
INFO - 11/07/25 09:07:21 - 2:54:21 - generating
INFO - 11/07/25 09:33:06 - 0:00:00 - ============ Initialized logger ============
INFO - 11/07/25 09:33:06 - 0:00:00 - batch_size: 32
                                     command: python fc_loop.py --exp_name=dim16_run_7 --dump_path=/home/yuebi/Project/dim16_run --num_initial_empty_objects=800 --final_database_size=100 --target_db_size=100 --nb_local_searches=800 --max_epochs=22 --type=transformer --max-output-length=271 --sample-only=35000 --max-steps=1500 --n_tokens=15 --n-layer=8 --n-embd=128 --n-embd2=128 --exp_id=1111 --exp_id "1111"
                                     cpu: False
                                     debug: False
                                     debug_slurm: False
                                     dump_path: /home/yuebi/Project/dim16_run/dim16_run_7/1111
                                     exp_id: 1111
                                     exp_name: dim16_run_7
                                     final_database_size: 100
                                     gen_batch_size: 1000
                                     global_rank: 0
                                     is_master: True
                                     is_slurm_job: True
                                     learning_rate: 0.0005
                                     local_rank: 0
                                     master_addr: gpu-6
                                     master_port: -1
                                     max_epochs: 22
                                     max_output_length: 271
                                     max_steps: 1500
                                     multi_gpu: False
                                     multi_node: False
                                     n_embd: 128
                                     n_embd2: 128
                                     n_gpu_per_node: 1
                                     n_head: 8
                                     n_layer: 8
                                     n_nodes: 1
                                     n_tokens: 15
                                     nb_local_searches: 800
                                     nb_threads: 1
                                     node_id: 0
                                     num_initial_empty_objects: 800
                                     num_workers: 8
                                     sample_only: 35000
                                     seed: -1
                                     target_db_size: 100
                                     temperature: 1.0
                                     top_k: -1
                                     type: transformer
                                     weight_decay: 0.01
                                     world_size: 1
INFO - 11/07/25 09:33:06 - 0:00:00 - The experiment will be stored in /home/yuebi/Project/dim16_run/dim16_run_7/1111
                                     
INFO - 11/07/25 09:33:06 - 0:00:00 - Running command: python fc_loop.py --exp_name=dim16_run_7 --dump_path=/home/yuebi/Project/dim16_run --num_initial_empty_objects=800 --final_database_size=100 --target_db_size=100 --nb_local_searches=800 --max_epochs=22 --type=transformer --max-output-length=271 --sample-only=35000 --max-steps=1500 --n_tokens=15 --n-layer=8 --n-embd=128 --n-embd2=128 --exp_id=1111

WARNING - 11/07/25 09:33:06 - 0:00:00 - Signal handler installed.
INFO - 11/07/25 09:33:06 - 0:00:00 - seed: 671877884
INFO - 11/07/25 09:33:06 - 0:00:00 - initializing at generation: 6
INFO - 11/07/25 09:33:06 - 0:00:00 - number of examples in the dataset: 100
INFO - 11/07/25 09:33:06 - 0:00:00 - max word length: 112
INFO - 11/07/25 09:33:06 - 0:00:00 - number of unique characters in the vocabulary: 15
INFO - 11/07/25 09:33:06 - 0:00:00 - vocabulary:
INFO - 11/07/25 09:33:06 - 0:00:00 - ['V0', 'V1', 'V2', 'V3', 'V4', 'V5', 'V6', 'V7', 'V8', 'V9', 'V10', 'V11', 'V12', 'V13', 'V14']
INFO - 11/07/25 09:33:06 - 0:00:00 - split up the dataset into 90 training examples and 10 test examples
INFO - 11/07/25 09:33:06 - 0:00:00 - dataset determined that: vocab_size=16, block_size=272
INFO - 11/07/25 09:33:06 - 0:00:00 - model #params: 1625344
INFO - 11/07/25 09:33:06 - 0:00:00 - resuming from existing model
INFO - 11/07/25 09:33:06 - 0:00:00 - ============ Start of generation 6 ============
INFO - 11/07/25 09:33:06 - 0:00:00 - Memory allocated:  8.46MB, reserved: 18.00MB
INFO - 11/07/25 09:33:06 - 0:00:00 - training
INFO - 11/07/25 09:33:11 - 0:00:05 - step 0 | loss 0.0566 | step time 624.12ms
INFO - 11/07/25 09:33:37 - 0:00:31 - step 100 | loss 0.0409 | step time 257.45ms
INFO - 11/07/25 09:34:03 - 0:00:57 - step 200 | loss 0.0421 | step time 257.20ms
INFO - 11/07/25 09:34:28 - 0:01:23 - step 300 | loss 0.0432 | step time 257.13ms
INFO - 11/07/25 09:34:54 - 0:01:48 - step 400 | loss 0.0420 | step time 257.40ms
INFO - 11/07/25 09:35:20 - 0:02:14 - step 500 | loss 0.0417 | step time 257.12ms
INFO - 11/07/25 09:35:20 - 0:02:14 - step 500 train loss: 0.0426175631582737 test loss: 0.1144360676407814
INFO - 11/07/25 09:35:20 - 0:02:14 - test loss 0.1144360676407814 is the best so far, saving model to /home/yuebi/Project/dim16_run/dim16_run_7/1111/model.pt
INFO - 11/07/25 09:35:46 - 0:02:40 - step 600 | loss 0.0495 | step time 257.26ms
INFO - 11/07/25 09:36:12 - 0:03:06 - step 700 | loss 0.0425 | step time 257.44ms
INFO - 11/07/25 09:36:37 - 0:03:31 - step 800 | loss 0.0422 | step time 257.55ms
INFO - 11/07/25 09:37:03 - 0:03:57 - step 900 | loss 0.0417 | step time 257.06ms
INFO - 11/07/25 09:37:29 - 0:04:23 - step 1000 | loss 0.0431 | step time 256.83ms
INFO - 11/07/25 09:37:29 - 0:04:23 - step 1000 train loss: 0.042479872703552246 test loss: 0.1952504962682724
INFO - 11/07/25 09:37:55 - 0:04:49 - step 1100 | loss 0.0425 | step time 257.02ms
INFO - 11/07/25 09:38:20 - 0:05:14 - step 1200 | loss 0.0655 | step time 257.05ms
INFO - 11/07/25 09:38:46 - 0:05:40 - step 1300 | loss 0.0414 | step time 256.89ms
INFO - 11/07/25 09:39:12 - 0:06:06 - step 1400 | loss 0.0421 | step time 256.95ms
INFO - 11/07/25 09:39:37 - 0:06:31 - Memory allocated:  43.97MB, reserved: 2272.00MB
INFO - 11/07/25 09:39:37 - 0:06:31 - generating
INFO - 11/07/25 12:16:29 - 2:43:23 - distribution of sample lengths: average: 335.96968571428573 max: 353
INFO - 11/07/25 12:16:29 - 2:43:23 - printed 35000 samples
INFO - 11/07/25 12:16:29 - 2:43:23 - decoding
INFO - 11/07/25 12:16:30 - 2:43:24 - Decoding complete. Check the output in /home/yuebi/Project/dim16_run/dim16_run_7/1111/transformer-output-decoded.txt
INFO - 11/07/25 12:16:30 - 2:43:24 - Memory allocated:  43.97MB, reserved: 7648.00MB
INFO - 11/07/25 12:16:30 - 2:43:24 - ============ End of generation 6 ============
INFO - 11/07/25 12:16:30 - 2:43:24 - launching search.jl
INFO - 11/07/25 12:16:30 - 2:43:24 - JULIA_NUM_THREADS is set to 1
INFO - 11/07/25 12:21:05 - 2:47:59 - distribution of scores(all rounds)
INFO - 11/07/25 12:21:05 - 2:47:59 - Score:299008.0, Count:79
                                     
INFO - 11/07/25 12:21:05 - 2:47:59 - Score:294912.0, Count:11
                                     
INFO - 11/07/25 12:21:05 - 2:47:59 - Score:286720.0, Count:10
                                     
INFO - 11/07/25 12:21:05 - 2:47:59 - tokenizing
INFO - 11/07/25 12:21:05 - 2:47:59 - Loading tokenizer from /home/yuebi/Project/dim16_run/dim16_run_7/1111/tokenizer_data/tokenizer.json...
INFO - 11/07/25 12:21:05 - 2:47:59 - 0 / 100
INFO - 11/07/25 12:21:05 - 2:47:59 - number of examples in the dataset: 100
INFO - 11/07/25 12:21:05 - 2:47:59 - max word length: 112
INFO - 11/07/25 12:21:05 - 2:47:59 - number of unique characters in the vocabulary: 15
INFO - 11/07/25 12:21:05 - 2:47:59 - vocabulary:
INFO - 11/07/25 12:21:05 - 2:47:59 - ['V0', 'V1', 'V2', 'V3', 'V4', 'V5', 'V6', 'V7', 'V8', 'V9', 'V10', 'V11', 'V12', 'V13', 'V14']
INFO - 11/07/25 12:21:05 - 2:47:59 - split up the dataset into 90 training examples and 10 test examples
INFO - 11/07/25 12:21:05 - 2:47:59 - ============ Start of generation 7 ============
INFO - 11/07/25 12:21:05 - 2:47:59 - Memory allocated:  43.97MB, reserved: 7648.00MB
INFO - 11/07/25 12:21:05 - 2:47:59 - training
INFO - 11/07/25 12:21:06 - 2:48:00 - step 0 | loss 0.0794 | step time 264.69ms
INFO - 11/07/25 12:21:31 - 2:48:25 - step 100 | loss 0.0430 | step time 257.56ms
INFO - 11/07/25 12:21:57 - 2:48:51 - step 200 | loss 0.0436 | step time 257.50ms
INFO - 11/07/25 12:22:23 - 2:49:17 - step 300 | loss 0.0427 | step time 257.31ms
INFO - 11/07/25 12:22:49 - 2:49:43 - step 400 | loss 0.0432 | step time 257.41ms
INFO - 11/07/25 12:23:14 - 2:50:08 - step 500 | loss 0.0427 | step time 257.49ms
INFO - 11/07/25 12:23:15 - 2:50:09 - step 500 train loss: 0.042921215295791626 test loss: 1.131763219833374
INFO - 11/07/25 12:23:15 - 2:50:09 - test loss 1.131763219833374 is the best so far, saving model to /home/yuebi/Project/dim16_run/dim16_run_7/1111/model.pt
INFO - 11/07/25 12:23:40 - 2:50:34 - step 600 | loss 0.0430 | step time 257.44ms
INFO - 11/07/25 12:24:06 - 2:51:00 - step 700 | loss 0.0425 | step time 257.61ms
INFO - 11/07/25 12:24:32 - 2:51:26 - step 800 | loss 0.0418 | step time 257.51ms
INFO - 11/07/25 12:24:58 - 2:51:52 - step 900 | loss 0.0420 | step time 257.56ms
INFO - 11/07/25 12:25:23 - 2:52:17 - step 1000 | loss 0.0427 | step time 257.48ms
INFO - 11/07/25 12:25:24 - 2:52:18 - step 1000 train loss: 0.042622633278369904 test loss: 1.2738802433013916
INFO - 11/07/25 12:25:49 - 2:52:43 - step 1100 | loss 0.0416 | step time 257.49ms
INFO - 11/07/25 12:26:15 - 2:53:09 - step 1200 | loss 0.0428 | step time 257.48ms
INFO - 11/07/25 12:26:41 - 2:53:35 - step 1300 | loss 0.0432 | step time 257.58ms
INFO - 11/07/25 12:27:07 - 2:54:01 - step 1400 | loss 0.0422 | step time 257.26ms
INFO - 11/07/25 12:27:32 - 2:54:26 - Memory allocated:  43.97MB, reserved: 7648.00MB
INFO - 11/07/25 12:27:32 - 2:54:26 - generating
INFO - 11/07/25 12:53:11 - 0:00:00 - ============ Initialized logger ============
INFO - 11/07/25 12:53:11 - 0:00:00 - batch_size: 32
                                     command: python fc_loop.py --exp_name=dim16_run_7 --dump_path=/home/yuebi/Project/dim16_run --num_initial_empty_objects=800 --final_database_size=100 --target_db_size=100 --nb_local_searches=800 --max_epochs=22 --type=transformer --max-output-length=271 --sample-only=35000 --max-steps=1500 --n_tokens=15 --n-layer=8 --n-embd=128 --n-embd2=128 --exp_id=1111 --exp_id "1111"
                                     cpu: False
                                     debug: False
                                     debug_slurm: False
                                     dump_path: /home/yuebi/Project/dim16_run/dim16_run_7/1111
                                     exp_id: 1111
                                     exp_name: dim16_run_7
                                     final_database_size: 100
                                     gen_batch_size: 1000
                                     global_rank: 0
                                     is_master: True
                                     is_slurm_job: True
                                     learning_rate: 0.0005
                                     local_rank: 0
                                     master_addr: gpu-6
                                     master_port: -1
                                     max_epochs: 22
                                     max_output_length: 271
                                     max_steps: 1500
                                     multi_gpu: False
                                     multi_node: False
                                     n_embd: 128
                                     n_embd2: 128
                                     n_gpu_per_node: 1
                                     n_head: 8
                                     n_layer: 8
                                     n_nodes: 1
                                     n_tokens: 15
                                     nb_local_searches: 800
                                     nb_threads: 1
                                     node_id: 0
                                     num_initial_empty_objects: 800
                                     num_workers: 8
                                     sample_only: 35000
                                     seed: -1
                                     target_db_size: 100
                                     temperature: 1.0
                                     top_k: -1
                                     type: transformer
                                     weight_decay: 0.01
                                     world_size: 1
INFO - 11/07/25 12:53:11 - 0:00:00 - The experiment will be stored in /home/yuebi/Project/dim16_run/dim16_run_7/1111
                                     
INFO - 11/07/25 12:53:11 - 0:00:00 - Running command: python fc_loop.py --exp_name=dim16_run_7 --dump_path=/home/yuebi/Project/dim16_run --num_initial_empty_objects=800 --final_database_size=100 --target_db_size=100 --nb_local_searches=800 --max_epochs=22 --type=transformer --max-output-length=271 --sample-only=35000 --max-steps=1500 --n_tokens=15 --n-layer=8 --n-embd=128 --n-embd2=128 --exp_id=1111

WARNING - 11/07/25 12:53:11 - 0:00:00 - Signal handler installed.
INFO - 11/07/25 12:53:11 - 0:00:00 - seed: 283915993
INFO - 11/07/25 12:53:11 - 0:00:00 - initializing at generation: 7
INFO - 11/07/25 12:53:11 - 0:00:00 - number of examples in the dataset: 100
INFO - 11/07/25 12:53:11 - 0:00:00 - max word length: 112
INFO - 11/07/25 12:53:11 - 0:00:00 - number of unique characters in the vocabulary: 15
INFO - 11/07/25 12:53:11 - 0:00:00 - vocabulary:
INFO - 11/07/25 12:53:11 - 0:00:00 - ['V0', 'V1', 'V2', 'V3', 'V4', 'V5', 'V6', 'V7', 'V8', 'V9', 'V10', 'V11', 'V12', 'V13', 'V14']
INFO - 11/07/25 12:53:11 - 0:00:00 - split up the dataset into 90 training examples and 10 test examples
INFO - 11/07/25 12:53:11 - 0:00:00 - dataset determined that: vocab_size=16, block_size=272
INFO - 11/07/25 12:53:11 - 0:00:00 - model #params: 1625344
INFO - 11/07/25 12:53:11 - 0:00:00 - resuming from existing model
INFO - 11/07/25 12:53:11 - 0:00:00 - ============ Start of generation 7 ============
INFO - 11/07/25 12:53:11 - 0:00:00 - Memory allocated:  8.46MB, reserved: 18.00MB
INFO - 11/07/25 12:53:11 - 0:00:00 - training
INFO - 11/07/25 12:53:16 - 0:00:05 - step 0 | loss 0.0508 | step time 597.59ms
INFO - 11/07/25 12:53:42 - 0:00:31 - step 100 | loss 0.0438 | step time 257.54ms
INFO - 11/07/25 12:54:08 - 0:00:57 - step 200 | loss 0.0421 | step time 257.10ms
INFO - 11/07/25 12:54:33 - 0:01:22 - step 300 | loss 0.0430 | step time 258.23ms
INFO - 11/07/25 12:54:59 - 0:01:48 - step 400 | loss 0.0420 | step time 257.34ms
INFO - 11/07/25 12:55:25 - 0:02:14 - step 500 | loss 0.0419 | step time 257.50ms
INFO - 11/07/25 12:55:25 - 0:02:14 - step 500 train loss: 0.0426488034427166 test loss: 0.11594940721988678
INFO - 11/07/25 12:55:25 - 0:02:14 - test loss 0.11594940721988678 is the best so far, saving model to /home/yuebi/Project/dim16_run/dim16_run_7/1111/model.pt
INFO - 11/07/25 12:55:51 - 0:02:40 - step 600 | loss 0.0433 | step time 256.97ms
INFO - 11/07/25 12:56:16 - 0:03:05 - step 700 | loss 0.0416 | step time 256.49ms
INFO - 11/07/25 12:56:42 - 0:03:31 - step 800 | loss 0.0427 | step time 256.74ms
INFO - 11/07/25 12:57:08 - 0:03:57 - step 900 | loss 0.0426 | step time 257.00ms
INFO - 11/07/25 12:57:33 - 0:04:22 - step 1000 | loss 0.0427 | step time 256.58ms
INFO - 11/07/25 12:57:34 - 0:04:23 - step 1000 train loss: 0.04276566207408905 test loss: 0.21076253056526184
INFO - 11/07/25 12:57:59 - 0:04:48 - step 1100 | loss 0.0430 | step time 256.71ms
INFO - 11/07/25 12:58:25 - 0:05:14 - step 1200 | loss 0.0425 | step time 256.63ms
INFO - 11/07/25 12:58:51 - 0:05:40 - step 1300 | loss 0.0422 | step time 256.50ms
INFO - 11/07/25 12:59:16 - 0:06:05 - step 1400 | loss 0.0417 | step time 256.60ms
INFO - 11/07/25 12:59:42 - 0:06:31 - Memory allocated:  43.97MB, reserved: 2272.00MB
INFO - 11/07/25 12:59:42 - 0:06:31 - generating
INFO - 11/07/25 15:36:33 - 2:43:22 - distribution of sample lengths: average: 335.8488571428571 max: 857
INFO - 11/07/25 15:36:33 - 2:43:22 - printed 35000 samples
INFO - 11/07/25 15:36:33 - 2:43:22 - decoding
INFO - 11/07/25 15:36:34 - 2:43:23 - Decoding complete. Check the output in /home/yuebi/Project/dim16_run/dim16_run_7/1111/transformer-output-decoded.txt
INFO - 11/07/25 15:36:34 - 2:43:23 - Memory allocated:  43.97MB, reserved: 7648.00MB
INFO - 11/07/25 15:36:34 - 2:43:23 - ============ End of generation 7 ============
INFO - 11/07/25 15:36:34 - 2:43:23 - launching search.jl
INFO - 11/07/25 15:36:34 - 2:43:23 - JULIA_NUM_THREADS is set to 1
INFO - 11/07/25 15:41:12 - 2:48:01 - distribution of scores(all rounds)
INFO - 11/07/25 15:41:12 - 2:48:01 - Score:299008.0, Count:96
                                     
INFO - 11/07/25 15:41:12 - 2:48:01 - Score:294912.0, Count:4
                                     
INFO - 11/07/25 15:41:12 - 2:48:01 - tokenizing
INFO - 11/07/25 15:41:12 - 2:48:01 - Loading tokenizer from /home/yuebi/Project/dim16_run/dim16_run_7/1111/tokenizer_data/tokenizer.json...
INFO - 11/07/25 15:41:12 - 2:48:01 - 0 / 100
INFO - 11/07/25 15:41:12 - 2:48:01 - number of examples in the dataset: 100
INFO - 11/07/25 15:41:12 - 2:48:01 - max word length: 112
INFO - 11/07/25 15:41:12 - 2:48:01 - number of unique characters in the vocabulary: 15
INFO - 11/07/25 15:41:12 - 2:48:01 - vocabulary:
INFO - 11/07/25 15:41:12 - 2:48:01 - ['V0', 'V1', 'V2', 'V3', 'V4', 'V5', 'V6', 'V7', 'V8', 'V9', 'V10', 'V11', 'V12', 'V13', 'V14']
INFO - 11/07/25 15:41:12 - 2:48:01 - split up the dataset into 90 training examples and 10 test examples
INFO - 11/07/25 15:41:12 - 2:48:01 - ============ Start of generation 8 ============
INFO - 11/07/25 15:41:12 - 2:48:01 - Memory allocated:  43.97MB, reserved: 7648.00MB
INFO - 11/07/25 15:41:12 - 2:48:01 - training
INFO - 11/07/25 15:41:12 - 2:48:01 - step 0 | loss 0.0651 | step time 264.04ms
INFO - 11/07/25 15:41:38 - 2:48:27 - step 100 | loss 0.0436 | step time 257.40ms
INFO - 11/07/25 15:42:04 - 2:48:53 - step 200 | loss 0.0428 | step time 257.05ms
INFO - 11/07/25 15:42:30 - 2:49:19 - step 300 | loss 0.0409 | step time 257.46ms
INFO - 11/07/25 15:42:55 - 2:49:44 - step 400 | loss 0.0421 | step time 256.91ms
INFO - 11/07/25 15:43:21 - 2:50:10 - step 500 | loss 0.0424 | step time 257.23ms
INFO - 11/07/25 15:43:21 - 2:50:10 - step 500 train loss: 0.042821720242500305 test loss: 0.1643163114786148
INFO - 11/07/25 15:43:21 - 2:50:10 - test loss 0.1643163114786148 is the best so far, saving model to /home/yuebi/Project/dim16_run/dim16_run_7/1111/model.pt
INFO - 11/07/25 15:43:47 - 2:50:36 - step 600 | loss 0.0421 | step time 257.28ms
INFO - 11/07/25 15:44:13 - 2:51:02 - step 700 | loss 0.0432 | step time 257.28ms
INFO - 11/07/25 15:44:39 - 2:51:28 - step 800 | loss 0.0435 | step time 257.36ms
INFO - 11/07/25 15:45:04 - 2:51:53 - step 900 | loss 0.0427 | step time 257.33ms
INFO - 11/07/25 15:45:30 - 2:52:19 - step 1000 | loss 0.0435 | step time 257.60ms
INFO - 11/07/25 15:45:30 - 2:52:19 - step 1000 train loss: 0.04258781298995018 test loss: 0.23477432131767273
INFO - 11/07/25 15:45:56 - 2:52:45 - step 1100 | loss 0.0441 | step time 257.50ms
INFO - 11/07/25 15:46:22 - 2:53:11 - step 1200 | loss 0.0426 | step time 257.33ms
INFO - 11/07/25 15:46:48 - 2:53:37 - step 1300 | loss 0.0431 | step time 257.20ms
INFO - 11/07/25 15:47:13 - 2:54:02 - step 1400 | loss 0.0423 | step time 257.33ms
INFO - 11/07/25 15:47:39 - 2:54:28 - Memory allocated:  43.97MB, reserved: 7648.00MB
INFO - 11/07/25 15:47:39 - 2:54:28 - generating
INFO - 11/07/25 16:13:22 - 0:00:00 - ============ Initialized logger ============
INFO - 11/07/25 16:13:22 - 0:00:00 - batch_size: 32
                                     command: python fc_loop.py --exp_name=dim16_run_7 --dump_path=/home/yuebi/Project/dim16_run --num_initial_empty_objects=800 --final_database_size=100 --target_db_size=100 --nb_local_searches=800 --max_epochs=22 --type=transformer --max-output-length=271 --sample-only=35000 --max-steps=1500 --n_tokens=15 --n-layer=8 --n-embd=128 --n-embd2=128 --exp_id=1111 --exp_id "1111"
                                     cpu: False
                                     debug: False
                                     debug_slurm: False
                                     dump_path: /home/yuebi/Project/dim16_run/dim16_run_7/1111
                                     exp_id: 1111
                                     exp_name: dim16_run_7
                                     final_database_size: 100
                                     gen_batch_size: 1000
                                     global_rank: 0
                                     is_master: True
                                     is_slurm_job: True
                                     learning_rate: 0.0005
                                     local_rank: 0
                                     master_addr: gpu-6
                                     master_port: -1
                                     max_epochs: 22
                                     max_output_length: 271
                                     max_steps: 1500
                                     multi_gpu: False
                                     multi_node: False
                                     n_embd: 128
                                     n_embd2: 128
                                     n_gpu_per_node: 1
                                     n_head: 8
                                     n_layer: 8
                                     n_nodes: 1
                                     n_tokens: 15
                                     nb_local_searches: 800
                                     nb_threads: 1
                                     node_id: 0
                                     num_initial_empty_objects: 800
                                     num_workers: 8
                                     sample_only: 35000
                                     seed: -1
                                     target_db_size: 100
                                     temperature: 1.0
                                     top_k: -1
                                     type: transformer
                                     weight_decay: 0.01
                                     world_size: 1
INFO - 11/07/25 16:13:22 - 0:00:00 - The experiment will be stored in /home/yuebi/Project/dim16_run/dim16_run_7/1111
                                     
INFO - 11/07/25 16:13:22 - 0:00:00 - Running command: python fc_loop.py --exp_name=dim16_run_7 --dump_path=/home/yuebi/Project/dim16_run --num_initial_empty_objects=800 --final_database_size=100 --target_db_size=100 --nb_local_searches=800 --max_epochs=22 --type=transformer --max-output-length=271 --sample-only=35000 --max-steps=1500 --n_tokens=15 --n-layer=8 --n-embd=128 --n-embd2=128 --exp_id=1111

WARNING - 11/07/25 16:13:22 - 0:00:00 - Signal handler installed.
INFO - 11/07/25 16:13:22 - 0:00:00 - seed: 603347429
INFO - 11/07/25 16:13:22 - 0:00:00 - initializing at generation: 8
INFO - 11/07/25 16:13:22 - 0:00:00 - number of examples in the dataset: 100
INFO - 11/07/25 16:13:22 - 0:00:00 - max word length: 112
INFO - 11/07/25 16:13:22 - 0:00:00 - number of unique characters in the vocabulary: 15
INFO - 11/07/25 16:13:22 - 0:00:00 - vocabulary:
INFO - 11/07/25 16:13:22 - 0:00:00 - ['V0', 'V1', 'V2', 'V3', 'V4', 'V5', 'V6', 'V7', 'V8', 'V9', 'V10', 'V11', 'V12', 'V13', 'V14']
INFO - 11/07/25 16:13:22 - 0:00:00 - split up the dataset into 90 training examples and 10 test examples
INFO - 11/07/25 16:13:22 - 0:00:00 - dataset determined that: vocab_size=16, block_size=272
INFO - 11/07/25 16:13:22 - 0:00:00 - model #params: 1625344
INFO - 11/07/25 16:13:22 - 0:00:00 - resuming from existing model
INFO - 11/07/25 16:13:22 - 0:00:00 - ============ Start of generation 8 ============
INFO - 11/07/25 16:13:22 - 0:00:00 - Memory allocated:  8.46MB, reserved: 18.00MB
INFO - 11/07/25 16:13:22 - 0:00:00 - training
INFO - 11/07/25 16:13:27 - 0:00:05 - step 0 | loss 0.0690 | step time 599.03ms
INFO - 11/07/25 16:13:53 - 0:00:31 - step 100 | loss 0.0423 | step time 257.17ms
INFO - 11/07/25 16:14:19 - 0:00:57 - step 200 | loss 0.0429 | step time 257.42ms
INFO - 11/07/25 16:14:44 - 0:01:22 - step 300 | loss 0.0422 | step time 257.10ms
INFO - 11/07/25 16:15:10 - 0:01:48 - step 400 | loss 0.0429 | step time 257.10ms
INFO - 11/07/25 16:15:36 - 0:02:14 - step 500 | loss 0.0423 | step time 257.34ms
INFO - 11/07/25 16:15:36 - 0:02:14 - step 500 train loss: 0.04258088022470474 test loss: 0.15096275508403778
INFO - 11/07/25 16:15:36 - 0:02:14 - test loss 0.15096275508403778 is the best so far, saving model to /home/yuebi/Project/dim16_run/dim16_run_7/1111/model.pt
INFO - 11/07/25 16:16:02 - 0:02:40 - step 600 | loss 0.0439 | step time 257.25ms
INFO - 11/07/25 16:16:28 - 0:03:06 - step 700 | loss 0.0423 | step time 257.36ms
INFO - 11/07/25 16:16:53 - 0:03:31 - step 800 | loss 0.0423 | step time 257.74ms
INFO - 11/07/25 16:17:19 - 0:03:57 - step 900 | loss 0.0423 | step time 257.16ms
INFO - 11/07/25 16:17:45 - 0:04:23 - step 1000 | loss 0.0418 | step time 257.25ms
INFO - 11/07/25 16:17:45 - 0:04:23 - step 1000 train loss: 0.04245857149362564 test loss: 0.25457024574279785
INFO - 11/07/25 16:18:11 - 0:04:49 - step 1100 | loss 0.0423 | step time 257.42ms
INFO - 11/07/25 16:18:37 - 0:05:15 - step 1200 | loss 0.0430 | step time 257.31ms
INFO - 11/07/25 16:19:02 - 0:05:40 - step 1300 | loss 0.0646 | step time 257.02ms
INFO - 11/07/25 16:19:28 - 0:06:06 - step 1400 | loss 0.0431 | step time 257.22ms
INFO - 11/07/25 16:19:53 - 0:06:31 - Memory allocated:  43.97MB, reserved: 2272.00MB
INFO - 11/07/25 16:19:53 - 0:06:31 - generating
INFO - 11/07/25 16:53:01 - 0:00:00 - ============ Initialized logger ============
INFO - 11/07/25 16:53:01 - 0:00:00 - batch_size: 32
                                     command: python fc_loop.py --exp_name=dim16_run_7 --dump_path=/home/yuebi/Project/dim16_run --num_initial_empty_objects=800 --final_database_size=100 --target_db_size=100 --nb_local_searches=800 --max_epochs=25 --type=transformer --max-output-length=271 --sample-only=35000 --max-steps=1500 --n_tokens=15 --n-layer=8 --n-embd=128 --n-embd2=128 --exp_id=1111 --exp_id "1111"
                                     cpu: False
                                     debug: False
                                     debug_slurm: False
                                     dump_path: /home/yuebi/Project/dim16_run/dim16_run_7/1111
                                     exp_id: 1111
                                     exp_name: dim16_run_7
                                     final_database_size: 100
                                     gen_batch_size: 1000
                                     global_rank: 0
                                     is_master: True
                                     is_slurm_job: True
                                     learning_rate: 0.0005
                                     local_rank: 0
                                     master_addr: gpu-6
                                     master_port: -1
                                     max_epochs: 25
                                     max_output_length: 271
                                     max_steps: 1500
                                     multi_gpu: False
                                     multi_node: False
                                     n_embd: 128
                                     n_embd2: 128
                                     n_gpu_per_node: 1
                                     n_head: 8
                                     n_layer: 8
                                     n_nodes: 1
                                     n_tokens: 15
                                     nb_local_searches: 800
                                     nb_threads: 1
                                     node_id: 0
                                     num_initial_empty_objects: 800
                                     num_workers: 8
                                     sample_only: 35000
                                     seed: -1
                                     target_db_size: 100
                                     temperature: 1.0
                                     top_k: -1
                                     type: transformer
                                     weight_decay: 0.01
                                     world_size: 1
INFO - 11/07/25 16:53:01 - 0:00:00 - The experiment will be stored in /home/yuebi/Project/dim16_run/dim16_run_7/1111
                                     
INFO - 11/07/25 16:53:01 - 0:00:00 - Running command: python fc_loop.py --exp_name=dim16_run_7 --dump_path=/home/yuebi/Project/dim16_run --num_initial_empty_objects=800 --final_database_size=100 --target_db_size=100 --nb_local_searches=800 --max_epochs=25 --type=transformer --max-output-length=271 --sample-only=35000 --max-steps=1500 --n_tokens=15 --n-layer=8 --n-embd=128 --n-embd2=128 --exp_id=1111

WARNING - 11/07/25 16:53:01 - 0:00:00 - Signal handler installed.
INFO - 11/07/25 16:53:01 - 0:00:00 - seed: 962479242
INFO - 11/07/25 16:53:01 - 0:00:00 - initializing at generation: 8
INFO - 11/07/25 16:53:01 - 0:00:00 - number of examples in the dataset: 100
INFO - 11/07/25 16:53:01 - 0:00:00 - max word length: 112
INFO - 11/07/25 16:53:01 - 0:00:00 - number of unique characters in the vocabulary: 15
INFO - 11/07/25 16:53:01 - 0:00:00 - vocabulary:
INFO - 11/07/25 16:53:01 - 0:00:00 - ['V0', 'V1', 'V2', 'V3', 'V4', 'V5', 'V6', 'V7', 'V8', 'V9', 'V10', 'V11', 'V12', 'V13', 'V14']
INFO - 11/07/25 16:53:01 - 0:00:00 - split up the dataset into 90 training examples and 10 test examples
INFO - 11/07/25 16:53:01 - 0:00:00 - dataset determined that: vocab_size=16, block_size=272
INFO - 11/07/25 16:53:01 - 0:00:00 - model #params: 1625344
INFO - 11/07/25 16:53:01 - 0:00:00 - resuming from existing model
INFO - 11/07/25 16:53:01 - 0:00:00 - ============ Start of generation 8 ============
INFO - 11/07/25 16:53:01 - 0:00:00 - Memory allocated:  8.46MB, reserved: 18.00MB
INFO - 11/07/25 16:53:01 - 0:00:00 - training
INFO - 11/07/25 16:53:07 - 0:00:05 - step 0 | loss 0.0490 | step time 587.23ms
INFO - 11/07/25 16:53:32 - 0:00:31 - step 100 | loss 0.0511 | step time 257.25ms
INFO - 11/07/25 16:53:58 - 0:00:57 - step 200 | loss 0.0416 | step time 257.29ms
INFO - 11/07/25 16:54:24 - 0:01:23 - step 300 | loss 0.0422 | step time 257.27ms
INFO - 11/07/25 16:54:50 - 0:01:48 - step 400 | loss 0.0423 | step time 256.94ms
INFO - 11/07/25 16:55:15 - 0:02:14 - step 500 | loss 0.0422 | step time 257.26ms
INFO - 11/07/25 16:55:16 - 0:02:14 - step 500 train loss: 0.04264457896351814 test loss: 0.21746096014976501
INFO - 11/07/25 16:55:16 - 0:02:14 - test loss 0.21746096014976501 is the best so far, saving model to /home/yuebi/Project/dim16_run/dim16_run_7/1111/model.pt
INFO - 11/07/25 16:55:41 - 0:02:40 - step 600 | loss 0.0441 | step time 257.04ms
INFO - 11/07/25 16:56:07 - 0:03:06 - step 700 | loss 0.0605 | step time 257.01ms
INFO - 11/07/25 16:56:33 - 0:03:31 - step 800 | loss 0.0421 | step time 257.08ms
INFO - 11/07/25 16:56:58 - 0:03:57 - step 900 | loss 0.0422 | step time 256.95ms
INFO - 11/07/25 16:57:24 - 0:04:23 - step 1000 | loss 0.0418 | step time 256.96ms
INFO - 11/07/25 16:57:24 - 0:04:23 - step 1000 train loss: 0.042262397706508636 test loss: 0.3053954839706421
INFO - 11/07/25 16:57:50 - 0:04:49 - step 1100 | loss 0.0425 | step time 256.93ms
INFO - 11/07/25 16:58:16 - 0:05:14 - step 1200 | loss 0.0433 | step time 257.05ms
INFO - 11/07/25 16:58:41 - 0:05:40 - step 1300 | loss 0.0430 | step time 256.90ms
INFO - 11/07/25 16:59:07 - 0:06:06 - step 1400 | loss 0.0429 | step time 256.91ms
INFO - 11/07/25 16:59:33 - 0:06:31 - Memory allocated:  43.97MB, reserved: 2272.00MB
INFO - 11/07/25 16:59:33 - 0:06:31 - generating
INFO - 11/07/25 19:36:24 - 2:43:22 - distribution of sample lengths: average: 335.5331142857143 max: 350
INFO - 11/07/25 19:36:24 - 2:43:22 - printed 35000 samples
INFO - 11/07/25 19:36:24 - 2:43:22 - decoding
INFO - 11/07/25 19:36:24 - 2:43:23 - Decoding complete. Check the output in /home/yuebi/Project/dim16_run/dim16_run_7/1111/transformer-output-decoded.txt
INFO - 11/07/25 19:36:24 - 2:43:23 - Memory allocated:  43.97MB, reserved: 7648.00MB
INFO - 11/07/25 19:36:24 - 2:43:23 - ============ End of generation 8 ============
INFO - 11/07/25 19:36:24 - 2:43:23 - launching search.jl
INFO - 11/07/25 19:36:24 - 2:43:23 - JULIA_NUM_THREADS is set to 1
INFO - 11/07/25 19:41:03 - 2:48:02 - distribution of scores(all rounds)
INFO - 11/07/25 19:41:03 - 2:48:02 - Score:299008.0, Count:100
                                     
INFO - 11/07/25 19:41:03 - 2:48:02 - tokenizing
INFO - 11/07/25 19:41:03 - 2:48:02 - Loading tokenizer from /home/yuebi/Project/dim16_run/dim16_run_7/1111/tokenizer_data/tokenizer.json...
INFO - 11/07/25 19:41:03 - 2:48:02 - 0 / 100
INFO - 11/07/25 19:41:03 - 2:48:02 - number of examples in the dataset: 100
INFO - 11/07/25 19:41:03 - 2:48:02 - max word length: 112
INFO - 11/07/25 19:41:03 - 2:48:02 - number of unique characters in the vocabulary: 15
INFO - 11/07/25 19:41:03 - 2:48:02 - vocabulary:
INFO - 11/07/25 19:41:03 - 2:48:02 - ['V0', 'V1', 'V2', 'V3', 'V4', 'V5', 'V6', 'V7', 'V8', 'V9', 'V10', 'V11', 'V12', 'V13', 'V14']
INFO - 11/07/25 19:41:03 - 2:48:02 - split up the dataset into 90 training examples and 10 test examples
INFO - 11/07/25 19:41:03 - 2:48:02 - ============ Start of generation 9 ============
INFO - 11/07/25 19:41:03 - 2:48:02 - Memory allocated:  43.97MB, reserved: 7648.00MB
INFO - 11/07/25 19:41:03 - 2:48:02 - training
INFO - 11/07/25 19:41:04 - 2:48:02 - step 0 | loss 0.0593 | step time 266.03ms
INFO - 11/07/25 19:41:29 - 2:48:28 - step 100 | loss 0.0426 | step time 257.14ms
INFO - 11/07/25 19:41:55 - 2:48:54 - step 200 | loss 0.0425 | step time 257.31ms
INFO - 11/07/25 19:42:21 - 2:49:19 - step 300 | loss 0.0418 | step time 257.53ms
INFO - 11/07/25 19:42:46 - 2:49:45 - step 400 | loss 0.0420 | step time 257.71ms
INFO - 11/07/25 19:43:12 - 2:50:11 - step 500 | loss 0.0421 | step time 257.53ms
INFO - 11/07/25 19:43:13 - 2:50:11 - step 500 train loss: 0.04260265454649925 test loss: 0.10157281905412674
INFO - 11/07/25 19:43:13 - 2:50:11 - test loss 0.10157281905412674 is the best so far, saving model to /home/yuebi/Project/dim16_run/dim16_run_7/1111/model.pt
INFO - 11/07/25 19:43:38 - 2:50:37 - step 600 | loss 0.0423 | step time 257.36ms
INFO - 11/07/25 19:44:04 - 2:51:03 - step 700 | loss 0.0455 | step time 257.17ms
INFO - 11/07/25 19:44:30 - 2:51:28 - step 800 | loss 0.0430 | step time 257.69ms
INFO - 11/07/25 19:44:55 - 2:51:54 - step 900 | loss 0.0422 | step time 257.56ms
INFO - 11/07/25 19:45:21 - 2:52:20 - step 1000 | loss 0.0425 | step time 257.15ms
INFO - 11/07/25 19:45:21 - 2:52:20 - step 1000 train loss: 0.04250263795256615 test loss: 0.22998091578483582
INFO - 11/07/25 19:45:47 - 2:52:46 - step 1100 | loss 0.0425 | step time 257.26ms
INFO - 11/07/25 19:46:13 - 2:53:12 - step 1200 | loss 0.0429 | step time 257.35ms
INFO - 11/07/25 19:46:39 - 2:53:37 - step 1300 | loss 0.0431 | step time 257.20ms
INFO - 11/07/25 19:47:04 - 2:54:03 - step 1400 | loss 0.0462 | step time 257.39ms
INFO - 11/07/25 19:47:30 - 2:54:29 - Memory allocated:  43.97MB, reserved: 7648.00MB
INFO - 11/07/25 19:47:30 - 2:54:29 - generating
INFO - 11/07/25 19:53:28 - 0:00:00 - ============ Initialized logger ============
INFO - 11/07/25 19:53:28 - 0:00:00 - batch_size: 32
                                     command: python fc_loop.py --exp_name=dim16_run_7 --dump_path=/home/yuebi/Project/dim16_run --num_initial_empty_objects=800 --final_database_size=100 --target_db_size=100 --nb_local_searches=800 --max_epochs=25 --type=transformer --max-output-length=271 --sample-only=35000 --max-steps=1500 --n_tokens=15 --n-layer=8 --n-embd=128 --n-embd2=128 --exp_id=1111 --exp_id "1111"
                                     cpu: False
                                     debug: False
                                     debug_slurm: False
                                     dump_path: /home/yuebi/Project/dim16_run/dim16_run_7/1111
                                     exp_id: 1111
                                     exp_name: dim16_run_7
                                     final_database_size: 100
                                     gen_batch_size: 1000
                                     global_rank: 0
                                     is_master: True
                                     is_slurm_job: True
                                     learning_rate: 0.0005
                                     local_rank: 0
                                     master_addr: gpu-6
                                     master_port: -1
                                     max_epochs: 25
                                     max_output_length: 271
                                     max_steps: 1500
                                     multi_gpu: False
                                     multi_node: False
                                     n_embd: 128
                                     n_embd2: 128
                                     n_gpu_per_node: 1
                                     n_head: 8
                                     n_layer: 8
                                     n_nodes: 1
                                     n_tokens: 15
                                     nb_local_searches: 800
                                     nb_threads: 1
                                     node_id: 0
                                     num_initial_empty_objects: 800
                                     num_workers: 8
                                     sample_only: 35000
                                     seed: -1
                                     target_db_size: 100
                                     temperature: 1.0
                                     top_k: -1
                                     type: transformer
                                     weight_decay: 0.01
                                     world_size: 1
INFO - 11/07/25 19:53:28 - 0:00:00 - The experiment will be stored in /home/yuebi/Project/dim16_run/dim16_run_7/1111
                                     
INFO - 11/07/25 19:53:28 - 0:00:00 - Running command: python fc_loop.py --exp_name=dim16_run_7 --dump_path=/home/yuebi/Project/dim16_run --num_initial_empty_objects=800 --final_database_size=100 --target_db_size=100 --nb_local_searches=800 --max_epochs=25 --type=transformer --max-output-length=271 --sample-only=35000 --max-steps=1500 --n_tokens=15 --n-layer=8 --n-embd=128 --n-embd2=128 --exp_id=1111

WARNING - 11/07/25 19:53:28 - 0:00:00 - Signal handler installed.
INFO - 11/07/25 19:53:28 - 0:00:00 - seed: 193655243
INFO - 11/07/25 19:53:28 - 0:00:00 - initializing at generation: 9
INFO - 11/07/25 19:53:28 - 0:00:00 - number of examples in the dataset: 100
INFO - 11/07/25 19:53:28 - 0:00:00 - max word length: 112
INFO - 11/07/25 19:53:28 - 0:00:00 - number of unique characters in the vocabulary: 15
INFO - 11/07/25 19:53:28 - 0:00:00 - vocabulary:
INFO - 11/07/25 19:53:28 - 0:00:00 - ['V0', 'V1', 'V2', 'V3', 'V4', 'V5', 'V6', 'V7', 'V8', 'V9', 'V10', 'V11', 'V12', 'V13', 'V14']
INFO - 11/07/25 19:53:28 - 0:00:00 - split up the dataset into 90 training examples and 10 test examples
INFO - 11/07/25 19:53:28 - 0:00:00 - dataset determined that: vocab_size=16, block_size=272
INFO - 11/07/25 19:53:28 - 0:00:00 - model #params: 1625344
INFO - 11/07/25 19:53:28 - 0:00:00 - resuming from existing model
INFO - 11/07/25 19:53:28 - 0:00:00 - ============ Start of generation 9 ============
INFO - 11/07/25 19:53:28 - 0:00:00 - Memory allocated:  8.46MB, reserved: 18.00MB
INFO - 11/07/25 19:53:28 - 0:00:00 - training
INFO - 11/07/25 19:53:33 - 0:00:05 - step 0 | loss 0.0453 | step time 592.18ms
INFO - 11/07/25 19:53:59 - 0:00:31 - step 100 | loss 0.0416 | step time 257.07ms
INFO - 11/07/25 19:54:25 - 0:00:57 - step 200 | loss 0.0417 | step time 257.26ms
INFO - 11/07/25 19:54:50 - 0:01:22 - step 300 | loss 0.0439 | step time 257.33ms
INFO - 11/07/25 19:55:16 - 0:01:48 - step 400 | loss 0.0422 | step time 257.20ms
INFO - 11/07/25 19:55:42 - 0:02:14 - step 500 | loss 0.0433 | step time 257.32ms
INFO - 11/07/25 19:55:42 - 0:02:14 - step 500 train loss: 0.042694780975580215 test loss: 0.12088023871183395
INFO - 11/07/25 19:55:42 - 0:02:14 - test loss 0.12088023871183395 is the best so far, saving model to /home/yuebi/Project/dim16_run/dim16_run_7/1111/model.pt
INFO - 11/07/25 19:56:08 - 0:02:40 - step 600 | loss 0.0433 | step time 257.31ms
INFO - 11/07/25 19:56:33 - 0:03:05 - step 700 | loss 0.0427 | step time 257.07ms
INFO - 11/07/25 19:56:59 - 0:03:31 - step 800 | loss 0.0418 | step time 257.18ms
INFO - 11/07/25 19:57:25 - 0:03:57 - step 900 | loss 0.0419 | step time 257.35ms
INFO - 11/07/25 19:57:51 - 0:04:23 - step 1000 | loss 0.0416 | step time 257.13ms
INFO - 11/07/25 19:57:51 - 0:04:23 - step 1000 train loss: 0.04230458289384842 test loss: 0.44456055760383606
INFO - 11/07/25 19:58:17 - 0:04:49 - step 1100 | loss 0.0424 | step time 257.43ms
INFO - 11/07/25 19:58:42 - 0:05:14 - step 1200 | loss 0.0415 | step time 257.14ms
INFO - 11/07/25 19:59:08 - 0:05:40 - step 1300 | loss 0.0436 | step time 257.05ms
INFO - 11/07/25 19:59:34 - 0:06:06 - step 1400 | loss 0.0571 | step time 257.16ms
INFO - 11/07/25 19:59:59 - 0:06:31 - Memory allocated:  43.97MB, reserved: 2272.00MB
INFO - 11/07/25 19:59:59 - 0:06:31 - generating
INFO - 11/07/25 22:36:51 - 2:43:23 - distribution of sample lengths: average: 335.35265714285714 max: 352
INFO - 11/07/25 22:36:51 - 2:43:23 - printed 35000 samples
INFO - 11/07/25 22:36:51 - 2:43:23 - decoding
INFO - 11/07/25 22:36:52 - 2:43:24 - Decoding complete. Check the output in /home/yuebi/Project/dim16_run/dim16_run_7/1111/transformer-output-decoded.txt
INFO - 11/07/25 22:36:52 - 2:43:24 - Memory allocated:  43.97MB, reserved: 7648.00MB
INFO - 11/07/25 22:36:52 - 2:43:24 - ============ End of generation 9 ============
INFO - 11/07/25 22:36:52 - 2:43:24 - launching search.jl
INFO - 11/07/25 22:36:52 - 2:43:24 - JULIA_NUM_THREADS is set to 1
INFO - 11/07/25 22:41:24 - 2:47:56 - distribution of scores(all rounds)
INFO - 11/07/25 22:41:24 - 2:47:56 - Score:299008.0, Count:100
                                     
INFO - 11/07/25 22:41:24 - 2:47:56 - tokenizing
INFO - 11/07/25 22:41:24 - 2:47:56 - Loading tokenizer from /home/yuebi/Project/dim16_run/dim16_run_7/1111/tokenizer_data/tokenizer.json...
INFO - 11/07/25 22:41:24 - 2:47:56 - 0 / 100
INFO - 11/07/25 22:41:24 - 2:47:56 - number of examples in the dataset: 100
INFO - 11/07/25 22:41:24 - 2:47:56 - max word length: 112
INFO - 11/07/25 22:41:24 - 2:47:56 - number of unique characters in the vocabulary: 15
INFO - 11/07/25 22:41:24 - 2:47:56 - vocabulary:
INFO - 11/07/25 22:41:24 - 2:47:56 - ['V0', 'V1', 'V2', 'V3', 'V4', 'V5', 'V6', 'V7', 'V8', 'V9', 'V10', 'V11', 'V12', 'V13', 'V14']
INFO - 11/07/25 22:41:24 - 2:47:56 - split up the dataset into 90 training examples and 10 test examples
INFO - 11/07/25 22:41:24 - 2:47:56 - ============ Start of generation 10 ============
INFO - 11/07/25 22:41:24 - 2:47:56 - Memory allocated:  43.97MB, reserved: 7648.00MB
INFO - 11/07/25 22:41:24 - 2:47:56 - training
INFO - 11/07/25 22:41:25 - 2:47:57 - step 0 | loss 0.1726 | step time 264.55ms
INFO - 11/07/25 22:41:50 - 2:48:22 - step 100 | loss 0.0444 | step time 257.25ms
INFO - 11/07/25 22:42:16 - 2:48:48 - step 200 | loss 0.0439 | step time 257.56ms
INFO - 11/07/25 22:42:42 - 2:49:14 - step 300 | loss 0.0424 | step time 257.37ms
INFO - 11/07/25 22:43:08 - 2:49:40 - step 400 | loss 0.0417 | step time 257.43ms
INFO - 11/07/25 22:43:33 - 2:50:05 - step 500 | loss 0.0432 | step time 257.58ms
INFO - 11/07/25 22:43:34 - 2:50:06 - step 500 train loss: 0.04255888983607292 test loss: 0.11256226897239685
INFO - 11/07/25 22:43:34 - 2:50:06 - test loss 0.11256226897239685 is the best so far, saving model to /home/yuebi/Project/dim16_run/dim16_run_7/1111/model.pt
INFO - 11/07/25 22:43:59 - 2:50:31 - step 600 | loss 0.0433 | step time 257.51ms
INFO - 11/07/25 22:44:25 - 2:50:57 - step 700 | loss 0.0487 | step time 257.46ms
INFO - 11/07/25 22:44:51 - 2:51:23 - step 800 | loss 0.0427 | step time 257.47ms
INFO - 11/07/25 22:45:17 - 2:51:49 - step 900 | loss 0.0427 | step time 257.39ms
INFO - 11/07/25 22:45:42 - 2:52:14 - step 1000 | loss 0.0419 | step time 257.49ms
INFO - 11/07/25 22:45:43 - 2:52:15 - step 1000 train loss: 0.04228857159614563 test loss: 0.16802442073822021
INFO - 11/07/25 22:46:08 - 2:52:40 - step 1100 | loss 0.0416 | step time 257.85ms
INFO - 11/07/25 22:46:34 - 2:53:06 - step 1200 | loss 0.0429 | step time 257.36ms
INFO - 11/07/25 22:47:00 - 2:53:32 - step 1300 | loss 0.0424 | step time 257.53ms
INFO - 11/07/25 22:47:26 - 2:53:58 - step 1400 | loss 0.0427 | step time 257.43ms
INFO - 11/07/25 22:47:51 - 2:54:23 - Memory allocated:  43.97MB, reserved: 7648.00MB
INFO - 11/07/25 22:47:51 - 2:54:23 - generating
INFO - 11/07/25 22:53:31 - 0:00:00 - ============ Initialized logger ============
INFO - 11/07/25 22:53:31 - 0:00:00 - batch_size: 32
                                     command: python fc_loop.py --exp_name=dim16_run_7 --dump_path=/home/yuebi/Project/dim16_run --num_initial_empty_objects=800 --final_database_size=100 --target_db_size=100 --nb_local_searches=800 --max_epochs=25 --type=transformer --max-output-length=271 --sample-only=35000 --max-steps=1500 --n_tokens=15 --n-layer=8 --n-embd=128 --n-embd2=128 --exp_id=1111 --exp_id "1111"
                                     cpu: False
                                     debug: False
                                     debug_slurm: False
                                     dump_path: /home/yuebi/Project/dim16_run/dim16_run_7/1111
                                     exp_id: 1111
                                     exp_name: dim16_run_7
                                     final_database_size: 100
                                     gen_batch_size: 1000
                                     global_rank: 0
                                     is_master: True
                                     is_slurm_job: True
                                     learning_rate: 0.0005
                                     local_rank: 0
                                     master_addr: gpu-6
                                     master_port: -1
                                     max_epochs: 25
                                     max_output_length: 271
                                     max_steps: 1500
                                     multi_gpu: False
                                     multi_node: False
                                     n_embd: 128
                                     n_embd2: 128
                                     n_gpu_per_node: 1
                                     n_head: 8
                                     n_layer: 8
                                     n_nodes: 1
                                     n_tokens: 15
                                     nb_local_searches: 800
                                     nb_threads: 1
                                     node_id: 0
                                     num_initial_empty_objects: 800
                                     num_workers: 8
                                     sample_only: 35000
                                     seed: -1
                                     target_db_size: 100
                                     temperature: 1.0
                                     top_k: -1
                                     type: transformer
                                     weight_decay: 0.01
                                     world_size: 1
INFO - 11/07/25 22:53:31 - 0:00:00 - The experiment will be stored in /home/yuebi/Project/dim16_run/dim16_run_7/1111
                                     
INFO - 11/07/25 22:53:31 - 0:00:00 - Running command: python fc_loop.py --exp_name=dim16_run_7 --dump_path=/home/yuebi/Project/dim16_run --num_initial_empty_objects=800 --final_database_size=100 --target_db_size=100 --nb_local_searches=800 --max_epochs=25 --type=transformer --max-output-length=271 --sample-only=35000 --max-steps=1500 --n_tokens=15 --n-layer=8 --n-embd=128 --n-embd2=128 --exp_id=1111

WARNING - 11/07/25 22:53:31 - 0:00:00 - Signal handler installed.
INFO - 11/07/25 22:53:31 - 0:00:00 - seed: 343971068
INFO - 11/07/25 22:53:31 - 0:00:00 - initializing at generation: 10
INFO - 11/07/25 22:53:31 - 0:00:00 - number of examples in the dataset: 100
INFO - 11/07/25 22:53:31 - 0:00:00 - max word length: 112
INFO - 11/07/25 22:53:31 - 0:00:00 - number of unique characters in the vocabulary: 15
INFO - 11/07/25 22:53:31 - 0:00:00 - vocabulary:
INFO - 11/07/25 22:53:31 - 0:00:00 - ['V0', 'V1', 'V2', 'V3', 'V4', 'V5', 'V6', 'V7', 'V8', 'V9', 'V10', 'V11', 'V12', 'V13', 'V14']
INFO - 11/07/25 22:53:31 - 0:00:00 - split up the dataset into 90 training examples and 10 test examples
INFO - 11/07/25 22:53:31 - 0:00:00 - dataset determined that: vocab_size=16, block_size=272
INFO - 11/07/25 22:53:31 - 0:00:00 - model #params: 1625344
INFO - 11/07/25 22:53:31 - 0:00:00 - resuming from existing model
INFO - 11/07/25 22:53:31 - 0:00:00 - ============ Start of generation 10 ============
INFO - 11/07/25 22:53:31 - 0:00:00 - Memory allocated:  8.46MB, reserved: 18.00MB
INFO - 11/07/25 22:53:31 - 0:00:00 - training
INFO - 11/07/25 22:53:36 - 0:00:05 - step 0 | loss 0.0422 | step time 596.98ms
INFO - 11/07/25 22:54:02 - 0:00:31 - step 100 | loss 0.0435 | step time 257.24ms
INFO - 11/07/25 22:54:28 - 0:00:57 - step 200 | loss 0.0427 | step time 256.93ms
INFO - 11/07/25 22:54:53 - 0:01:22 - step 300 | loss 0.0426 | step time 256.86ms
INFO - 11/07/25 22:55:19 - 0:01:48 - step 400 | loss 0.0423 | step time 256.97ms
INFO - 11/07/25 22:55:45 - 0:02:14 - step 500 | loss 0.0425 | step time 257.01ms
INFO - 11/07/25 22:55:45 - 0:02:14 - step 500 train loss: 0.04241995885968208 test loss: 0.14319764077663422
INFO - 11/07/25 22:55:45 - 0:02:14 - test loss 0.14319764077663422 is the best so far, saving model to /home/yuebi/Project/dim16_run/dim16_run_7/1111/model.pt
INFO - 11/07/25 22:56:11 - 0:02:40 - step 600 | loss 0.0436 | step time 257.18ms
INFO - 11/07/25 22:56:37 - 0:03:06 - step 700 | loss 0.0476 | step time 257.17ms
INFO - 11/07/25 22:57:02 - 0:03:31 - step 800 | loss 0.0422 | step time 257.20ms
INFO - 11/07/25 22:57:28 - 0:03:57 - step 900 | loss 0.0425 | step time 257.26ms
INFO - 11/07/25 22:57:54 - 0:04:23 - step 1000 | loss 0.0421 | step time 257.25ms
INFO - 11/07/25 22:57:54 - 0:04:23 - step 1000 train loss: 0.04225911572575569 test loss: 0.2638806700706482
INFO - 11/07/25 22:58:20 - 0:04:49 - step 1100 | loss 0.0425 | step time 257.12ms
INFO - 11/07/25 22:58:45 - 0:05:14 - step 1200 | loss 0.0422 | step time 257.42ms
INFO - 11/07/25 22:59:11 - 0:05:40 - step 1300 | loss 0.0413 | step time 256.98ms
INFO - 11/07/25 22:59:37 - 0:06:06 - step 1400 | loss 0.0427 | step time 257.65ms
INFO - 11/07/25 23:00:02 - 0:06:31 - Memory allocated:  43.97MB, reserved: 2272.00MB
INFO - 11/07/25 23:00:02 - 0:06:31 - generating
INFO - 11/08/25 01:36:54 - 2:43:23 - distribution of sample lengths: average: 334.5534285714286 max: 857
INFO - 11/08/25 01:36:54 - 2:43:23 - printed 35000 samples
INFO - 11/08/25 01:36:54 - 2:43:23 - decoding
INFO - 11/08/25 01:36:55 - 2:43:24 - Decoding complete. Check the output in /home/yuebi/Project/dim16_run/dim16_run_7/1111/transformer-output-decoded.txt
INFO - 11/08/25 01:36:55 - 2:43:24 - Memory allocated:  43.97MB, reserved: 7648.00MB
INFO - 11/08/25 01:36:55 - 2:43:24 - ============ End of generation 10 ============
INFO - 11/08/25 01:36:55 - 2:43:24 - launching search.jl
INFO - 11/08/25 01:36:55 - 2:43:24 - JULIA_NUM_THREADS is set to 1
INFO - 11/08/25 01:39:49 - 2:46:18 - distribution of scores(all rounds)
INFO - 11/08/25 01:39:49 - 2:46:18 - Score:299008.0, Count:100
                                     
INFO - 11/08/25 01:39:49 - 2:46:18 - tokenizing
INFO - 11/08/25 01:39:49 - 2:46:18 - Loading tokenizer from /home/yuebi/Project/dim16_run/dim16_run_7/1111/tokenizer_data/tokenizer.json...
INFO - 11/08/25 01:39:49 - 2:46:18 - 0 / 100
INFO - 11/08/25 01:39:49 - 2:46:18 - number of examples in the dataset: 100
INFO - 11/08/25 01:39:49 - 2:46:18 - max word length: 112
INFO - 11/08/25 01:39:49 - 2:46:18 - number of unique characters in the vocabulary: 15
INFO - 11/08/25 01:39:49 - 2:46:18 - vocabulary:
INFO - 11/08/25 01:39:49 - 2:46:18 - ['V0', 'V1', 'V2', 'V3', 'V4', 'V5', 'V6', 'V7', 'V8', 'V9', 'V10', 'V11', 'V12', 'V13', 'V14']
INFO - 11/08/25 01:39:49 - 2:46:18 - split up the dataset into 90 training examples and 10 test examples
INFO - 11/08/25 01:39:49 - 2:46:18 - ============ Start of generation 11 ============
INFO - 11/08/25 01:39:49 - 2:46:18 - Memory allocated:  43.97MB, reserved: 7648.00MB
INFO - 11/08/25 01:39:49 - 2:46:18 - training
INFO - 11/08/25 01:39:49 - 2:46:18 - step 0 | loss 0.3087 | step time 267.28ms
INFO - 11/08/25 01:40:15 - 2:46:44 - step 100 | loss 0.0444 | step time 257.37ms
INFO - 11/08/25 01:40:41 - 2:47:10 - step 200 | loss 0.0433 | step time 257.43ms
INFO - 11/08/25 01:41:06 - 2:47:35 - step 300 | loss 0.0438 | step time 258.01ms
INFO - 11/08/25 01:41:32 - 2:48:01 - step 400 | loss 0.0435 | step time 257.69ms
INFO - 11/08/25 01:41:58 - 2:48:27 - step 500 | loss 0.0420 | step time 257.24ms
INFO - 11/08/25 01:41:58 - 2:48:27 - step 500 train loss: 0.04297901690006256 test loss: 0.1670171022415161
INFO - 11/08/25 01:41:58 - 2:48:27 - test loss 0.1670171022415161 is the best so far, saving model to /home/yuebi/Project/dim16_run/dim16_run_7/1111/model.pt
INFO - 11/08/25 01:42:24 - 2:48:53 - step 600 | loss 0.0414 | step time 257.38ms
INFO - 11/08/25 01:42:50 - 2:49:19 - step 700 | loss 0.0507 | step time 257.40ms
INFO - 11/08/25 01:43:15 - 2:49:44 - step 800 | loss 0.0423 | step time 257.55ms
INFO - 11/08/25 01:43:41 - 2:50:10 - step 900 | loss 0.0422 | step time 257.39ms
INFO - 11/08/25 01:44:07 - 2:50:36 - step 1000 | loss 0.0424 | step time 257.43ms
INFO - 11/08/25 01:44:07 - 2:50:36 - step 1000 train loss: 0.04258210211992264 test loss: 0.25447773933410645
INFO - 11/08/25 01:44:33 - 2:51:02 - step 1100 | loss 0.0433 | step time 257.37ms
INFO - 11/08/25 01:44:59 - 2:51:28 - step 1200 | loss 0.0433 | step time 257.35ms
INFO - 11/08/25 01:45:24 - 2:51:53 - step 1300 | loss 0.0449 | step time 257.33ms
INFO - 11/08/25 01:45:50 - 2:52:19 - step 1400 | loss 0.0433 | step time 257.55ms
INFO - 11/08/25 01:46:16 - 2:52:45 - Memory allocated:  43.97MB, reserved: 7648.00MB
INFO - 11/08/25 01:46:16 - 2:52:45 - generating
INFO - 11/08/25 01:53:41 - 0:00:00 - ============ Initialized logger ============
INFO - 11/08/25 01:53:41 - 0:00:00 - batch_size: 32
                                     command: python fc_loop.py --exp_name=dim16_run_7 --dump_path=/home/yuebi/Project/dim16_run --num_initial_empty_objects=800 --final_database_size=100 --target_db_size=100 --nb_local_searches=800 --max_epochs=25 --type=transformer --max-output-length=271 --sample-only=35000 --max-steps=1500 --n_tokens=15 --n-layer=8 --n-embd=128 --n-embd2=128 --exp_id=1111 --exp_id "1111"
                                     cpu: False
                                     debug: False
                                     debug_slurm: False
                                     dump_path: /home/yuebi/Project/dim16_run/dim16_run_7/1111
                                     exp_id: 1111
                                     exp_name: dim16_run_7
                                     final_database_size: 100
                                     gen_batch_size: 1000
                                     global_rank: 0
                                     is_master: True
                                     is_slurm_job: True
                                     learning_rate: 0.0005
                                     local_rank: 0
                                     master_addr: gpu-6
                                     master_port: -1
                                     max_epochs: 25
                                     max_output_length: 271
                                     max_steps: 1500
                                     multi_gpu: False
                                     multi_node: False
                                     n_embd: 128
                                     n_embd2: 128
                                     n_gpu_per_node: 1
                                     n_head: 8
                                     n_layer: 8
                                     n_nodes: 1
                                     n_tokens: 15
                                     nb_local_searches: 800
                                     nb_threads: 1
                                     node_id: 0
                                     num_initial_empty_objects: 800
                                     num_workers: 8
                                     sample_only: 35000
                                     seed: -1
                                     target_db_size: 100
                                     temperature: 1.0
                                     top_k: -1
                                     type: transformer
                                     weight_decay: 0.01
                                     world_size: 1
INFO - 11/08/25 01:53:41 - 0:00:00 - The experiment will be stored in /home/yuebi/Project/dim16_run/dim16_run_7/1111
                                     
INFO - 11/08/25 01:53:41 - 0:00:00 - Running command: python fc_loop.py --exp_name=dim16_run_7 --dump_path=/home/yuebi/Project/dim16_run --num_initial_empty_objects=800 --final_database_size=100 --target_db_size=100 --nb_local_searches=800 --max_epochs=25 --type=transformer --max-output-length=271 --sample-only=35000 --max-steps=1500 --n_tokens=15 --n-layer=8 --n-embd=128 --n-embd2=128 --exp_id=1111

WARNING - 11/08/25 01:53:41 - 0:00:00 - Signal handler installed.
INFO - 11/08/25 01:53:41 - 0:00:00 - seed: 937605250
INFO - 11/08/25 01:53:41 - 0:00:00 - initializing at generation: 11
INFO - 11/08/25 01:53:41 - 0:00:00 - number of examples in the dataset: 100
INFO - 11/08/25 01:53:41 - 0:00:00 - max word length: 112
INFO - 11/08/25 01:53:41 - 0:00:00 - number of unique characters in the vocabulary: 15
INFO - 11/08/25 01:53:41 - 0:00:00 - vocabulary:
INFO - 11/08/25 01:53:41 - 0:00:00 - ['V0', 'V1', 'V2', 'V3', 'V4', 'V5', 'V6', 'V7', 'V8', 'V9', 'V10', 'V11', 'V12', 'V13', 'V14']
INFO - 11/08/25 01:53:41 - 0:00:00 - split up the dataset into 90 training examples and 10 test examples
INFO - 11/08/25 01:53:41 - 0:00:00 - dataset determined that: vocab_size=16, block_size=272
INFO - 11/08/25 01:53:41 - 0:00:00 - model #params: 1625344
INFO - 11/08/25 01:53:41 - 0:00:00 - resuming from existing model
INFO - 11/08/25 01:53:41 - 0:00:00 - ============ Start of generation 11 ============
INFO - 11/08/25 01:53:41 - 0:00:00 - Memory allocated:  8.46MB, reserved: 18.00MB
INFO - 11/08/25 01:53:41 - 0:00:00 - training
INFO - 11/08/25 01:53:46 - 0:00:05 - step 0 | loss 0.0590 | step time 593.41ms
INFO - 11/08/25 01:54:12 - 0:00:31 - step 100 | loss 0.0434 | step time 257.18ms
INFO - 11/08/25 01:54:37 - 0:00:56 - step 200 | loss 0.0421 | step time 257.28ms
INFO - 11/08/25 01:55:03 - 0:01:22 - step 300 | loss 0.0427 | step time 257.26ms
INFO - 11/08/25 01:55:29 - 0:01:48 - step 400 | loss 0.0426 | step time 257.28ms
INFO - 11/08/25 01:55:55 - 0:02:14 - step 500 | loss 0.0520 | step time 257.31ms
INFO - 11/08/25 01:55:55 - 0:02:14 - step 500 train loss: 0.05686433985829353 test loss: 0.24990415573120117
INFO - 11/08/25 01:55:55 - 0:02:14 - test loss 0.24990415573120117 is the best so far, saving model to /home/yuebi/Project/dim16_run/dim16_run_7/1111/model.pt
INFO - 11/08/25 01:56:21 - 0:02:40 - step 600 | loss 0.0432 | step time 257.41ms
INFO - 11/08/25 01:56:46 - 0:03:05 - step 700 | loss 0.0429 | step time 257.67ms
INFO - 11/08/25 01:57:12 - 0:03:31 - step 800 | loss 0.0424 | step time 257.35ms
INFO - 11/08/25 01:57:38 - 0:03:57 - step 900 | loss 0.0420 | step time 257.57ms
INFO - 11/08/25 01:58:04 - 0:04:23 - step 1000 | loss 0.0439 | step time 257.49ms
INFO - 11/08/25 01:58:04 - 0:04:23 - step 1000 train loss: 0.042619604617357254 test loss: 0.22495673596858978
INFO - 11/08/25 01:58:04 - 0:04:23 - test loss 0.22495673596858978 is the best so far, saving model to /home/yuebi/Project/dim16_run/dim16_run_7/1111/model.pt
INFO - 11/08/25 01:58:30 - 0:04:49 - step 1100 | loss 0.0420 | step time 256.75ms
INFO - 11/08/25 01:58:55 - 0:05:14 - step 1200 | loss 0.0488 | step time 256.84ms
INFO - 11/08/25 01:59:21 - 0:05:40 - step 1300 | loss 0.0434 | step time 256.64ms
INFO - 11/08/25 01:59:47 - 0:06:06 - step 1400 | loss 0.0419 | step time 256.92ms
INFO - 11/08/25 02:00:12 - 0:06:31 - Memory allocated:  43.97MB, reserved: 2272.00MB
INFO - 11/08/25 02:00:12 - 0:06:31 - generating
INFO - 11/08/25 04:37:03 - 2:43:22 - distribution of sample lengths: average: 334.8211714285714 max: 351
INFO - 11/08/25 04:37:03 - 2:43:22 - printed 35000 samples
INFO - 11/08/25 04:37:03 - 2:43:22 - decoding
INFO - 11/08/25 04:37:04 - 2:43:23 - Decoding complete. Check the output in /home/yuebi/Project/dim16_run/dim16_run_7/1111/transformer-output-decoded.txt
INFO - 11/08/25 04:37:04 - 2:43:23 - Memory allocated:  43.97MB, reserved: 7648.00MB
INFO - 11/08/25 04:37:04 - 2:43:23 - ============ End of generation 11 ============
INFO - 11/08/25 04:37:04 - 2:43:23 - launching search.jl
INFO - 11/08/25 04:37:04 - 2:43:23 - JULIA_NUM_THREADS is set to 1
INFO - 11/08/25 04:41:39 - 2:47:58 - distribution of scores(all rounds)
INFO - 11/08/25 04:41:39 - 2:47:58 - Score:299008.0, Count:100
                                     
INFO - 11/08/25 04:41:39 - 2:47:58 - tokenizing
INFO - 11/08/25 04:41:39 - 2:47:58 - Loading tokenizer from /home/yuebi/Project/dim16_run/dim16_run_7/1111/tokenizer_data/tokenizer.json...
INFO - 11/08/25 04:41:39 - 2:47:58 - 0 / 100
INFO - 11/08/25 04:41:39 - 2:47:58 - number of examples in the dataset: 100
INFO - 11/08/25 04:41:39 - 2:47:58 - max word length: 112
INFO - 11/08/25 04:41:39 - 2:47:58 - number of unique characters in the vocabulary: 15
INFO - 11/08/25 04:41:39 - 2:47:58 - vocabulary:
INFO - 11/08/25 04:41:39 - 2:47:58 - ['V0', 'V1', 'V2', 'V3', 'V4', 'V5', 'V6', 'V7', 'V8', 'V9', 'V10', 'V11', 'V12', 'V13', 'V14']
INFO - 11/08/25 04:41:39 - 2:47:58 - split up the dataset into 90 training examples and 10 test examples
INFO - 11/08/25 04:41:39 - 2:47:58 - ============ Start of generation 12 ============
INFO - 11/08/25 04:41:39 - 2:47:58 - Memory allocated:  43.97MB, reserved: 7648.00MB
INFO - 11/08/25 04:41:39 - 2:47:58 - training
INFO - 11/08/25 04:41:40 - 2:47:59 - step 0 | loss 0.0694 | step time 264.60ms
INFO - 11/08/25 04:42:05 - 2:48:24 - step 100 | loss 0.0438 | step time 257.34ms
INFO - 11/08/25 04:42:31 - 2:48:50 - step 200 | loss 0.0438 | step time 257.05ms
INFO - 11/08/25 04:42:57 - 2:49:16 - step 300 | loss 0.0425 | step time 257.37ms
INFO - 11/08/25 04:43:22 - 2:49:42 - step 400 | loss 0.0424 | step time 257.32ms
INFO - 11/08/25 04:43:48 - 2:50:07 - step 500 | loss 0.0434 | step time 257.48ms
INFO - 11/08/25 04:43:48 - 2:50:08 - step 500 train loss: 0.042914170771837234 test loss: 0.3556843101978302
INFO - 11/08/25 04:43:48 - 2:50:08 - test loss 0.3556843101978302 is the best so far, saving model to /home/yuebi/Project/dim16_run/dim16_run_7/1111/model.pt
INFO - 11/08/25 04:44:14 - 2:50:33 - step 600 | loss 0.0475 | step time 257.39ms
INFO - 11/08/25 04:44:40 - 2:50:59 - step 700 | loss 0.0427 | step time 257.21ms
INFO - 11/08/25 04:45:06 - 2:51:25 - step 800 | loss 0.0427 | step time 257.38ms
INFO - 11/08/25 04:45:31 - 2:51:50 - step 900 | loss 0.0436 | step time 257.15ms
INFO - 11/08/25 04:45:57 - 2:52:16 - step 1000 | loss 0.0425 | step time 257.27ms
INFO - 11/08/25 04:45:57 - 2:52:16 - step 1000 train loss: 0.042631786316633224 test loss: 0.46726304292678833
INFO - 11/08/25 04:46:23 - 2:52:42 - step 1100 | loss 0.0430 | step time 257.36ms
INFO - 11/08/25 04:46:49 - 2:53:08 - step 1200 | loss 0.0428 | step time 257.23ms
INFO - 11/08/25 04:47:15 - 2:53:34 - step 1300 | loss 0.0507 | step time 257.32ms
INFO - 11/08/25 04:47:40 - 2:53:59 - step 1400 | loss 0.0425 | step time 257.53ms
INFO - 11/08/25 04:48:06 - 2:54:25 - Memory allocated:  43.97MB, reserved: 7648.00MB
INFO - 11/08/25 04:48:06 - 2:54:25 - generating
INFO - 11/08/25 04:53:46 - 0:00:00 - ============ Initialized logger ============
INFO - 11/08/25 04:53:46 - 0:00:00 - batch_size: 32
                                     command: python fc_loop.py --exp_name=dim16_run_7 --dump_path=/home/yuebi/Project/dim16_run --num_initial_empty_objects=800 --final_database_size=100 --target_db_size=100 --nb_local_searches=800 --max_epochs=25 --type=transformer --max-output-length=271 --sample-only=35000 --max-steps=1500 --n_tokens=15 --n-layer=8 --n-embd=128 --n-embd2=128 --exp_id=1111 --exp_id "1111"
                                     cpu: False
                                     debug: False
                                     debug_slurm: False
                                     dump_path: /home/yuebi/Project/dim16_run/dim16_run_7/1111
                                     exp_id: 1111
                                     exp_name: dim16_run_7
                                     final_database_size: 100
                                     gen_batch_size: 1000
                                     global_rank: 0
                                     is_master: True
                                     is_slurm_job: True
                                     learning_rate: 0.0005
                                     local_rank: 0
                                     master_addr: gpu-6
                                     master_port: -1
                                     max_epochs: 25
                                     max_output_length: 271
                                     max_steps: 1500
                                     multi_gpu: False
                                     multi_node: False
                                     n_embd: 128
                                     n_embd2: 128
                                     n_gpu_per_node: 1
                                     n_head: 8
                                     n_layer: 8
                                     n_nodes: 1
                                     n_tokens: 15
                                     nb_local_searches: 800
                                     nb_threads: 1
                                     node_id: 0
                                     num_initial_empty_objects: 800
                                     num_workers: 8
                                     sample_only: 35000
                                     seed: -1
                                     target_db_size: 100
                                     temperature: 1.0
                                     top_k: -1
                                     type: transformer
                                     weight_decay: 0.01
                                     world_size: 1
INFO - 11/08/25 04:53:46 - 0:00:00 - The experiment will be stored in /home/yuebi/Project/dim16_run/dim16_run_7/1111
                                     
INFO - 11/08/25 04:53:46 - 0:00:00 - Running command: python fc_loop.py --exp_name=dim16_run_7 --dump_path=/home/yuebi/Project/dim16_run --num_initial_empty_objects=800 --final_database_size=100 --target_db_size=100 --nb_local_searches=800 --max_epochs=25 --type=transformer --max-output-length=271 --sample-only=35000 --max-steps=1500 --n_tokens=15 --n-layer=8 --n-embd=128 --n-embd2=128 --exp_id=1111

WARNING - 11/08/25 04:53:46 - 0:00:00 - Signal handler installed.
INFO - 11/08/25 04:53:46 - 0:00:00 - seed: 644914395
INFO - 11/08/25 04:53:46 - 0:00:00 - initializing at generation: 12
INFO - 11/08/25 04:53:46 - 0:00:00 - number of examples in the dataset: 100
INFO - 11/08/25 04:53:46 - 0:00:00 - max word length: 112
INFO - 11/08/25 04:53:46 - 0:00:00 - number of unique characters in the vocabulary: 15
INFO - 11/08/25 04:53:46 - 0:00:00 - vocabulary:
INFO - 11/08/25 04:53:46 - 0:00:00 - ['V0', 'V1', 'V2', 'V3', 'V4', 'V5', 'V6', 'V7', 'V8', 'V9', 'V10', 'V11', 'V12', 'V13', 'V14']
INFO - 11/08/25 04:53:46 - 0:00:00 - split up the dataset into 90 training examples and 10 test examples
INFO - 11/08/25 04:53:46 - 0:00:00 - dataset determined that: vocab_size=16, block_size=272
INFO - 11/08/25 04:53:46 - 0:00:00 - model #params: 1625344
INFO - 11/08/25 04:53:46 - 0:00:00 - resuming from existing model
INFO - 11/08/25 04:53:46 - 0:00:00 - ============ Start of generation 12 ============
INFO - 11/08/25 04:53:46 - 0:00:00 - Memory allocated:  8.46MB, reserved: 18.00MB
INFO - 11/08/25 04:53:46 - 0:00:00 - training
INFO - 11/08/25 04:53:51 - 0:00:05 - step 0 | loss 0.0452 | step time 585.29ms
INFO - 11/08/25 04:54:17 - 0:00:31 - step 100 | loss 0.0421 | step time 257.18ms
INFO - 11/08/25 04:54:43 - 0:00:57 - step 200 | loss 0.0434 | step time 257.18ms
INFO - 11/08/25 04:55:08 - 0:01:22 - step 300 | loss 0.0434 | step time 257.27ms
INFO - 11/08/25 04:55:34 - 0:01:48 - step 400 | loss 0.0425 | step time 257.47ms
INFO - 11/08/25 04:56:00 - 0:02:14 - step 500 | loss 0.0419 | step time 257.24ms
INFO - 11/08/25 04:56:00 - 0:02:14 - step 500 train loss: 0.043054405599832535 test loss: 0.10963241755962372
INFO - 11/08/25 04:56:00 - 0:02:14 - test loss 0.10963241755962372 is the best so far, saving model to /home/yuebi/Project/dim16_run/dim16_run_7/1111/model.pt
INFO - 11/08/25 04:56:26 - 0:02:40 - step 600 | loss 0.0426 | step time 257.63ms
INFO - 11/08/25 04:56:51 - 0:03:05 - step 700 | loss 0.0422 | step time 257.32ms
INFO - 11/08/25 04:57:17 - 0:03:31 - step 800 | loss 0.0422 | step time 257.11ms
INFO - 11/08/25 04:57:43 - 0:03:57 - step 900 | loss 0.0422 | step time 257.31ms
INFO - 11/08/25 04:58:09 - 0:04:23 - step 1000 | loss 0.0430 | step time 257.50ms
INFO - 11/08/25 04:58:09 - 0:04:23 - step 1000 train loss: 0.04289636015892029 test loss: 0.19712647795677185
INFO - 11/08/25 04:58:35 - 0:04:49 - step 1100 | loss 0.0426 | step time 257.12ms
INFO - 11/08/25 04:59:00 - 0:05:14 - step 1200 | loss 0.0413 | step time 257.08ms
INFO - 11/08/25 04:59:26 - 0:05:40 - step 1300 | loss 0.0424 | step time 257.27ms
INFO - 11/08/25 04:59:52 - 0:06:06 - step 1400 | loss 0.0425 | step time 257.15ms
INFO - 11/08/25 05:00:17 - 0:06:31 - Memory allocated:  43.97MB, reserved: 2272.00MB
INFO - 11/08/25 05:00:17 - 0:06:31 - generating
INFO - 11/08/25 07:37:09 - 2:43:23 - distribution of sample lengths: average: 334.23677142857144 max: 351
INFO - 11/08/25 07:37:09 - 2:43:23 - printed 35000 samples
INFO - 11/08/25 07:37:09 - 2:43:23 - decoding
INFO - 11/08/25 07:37:09 - 2:43:23 - Decoding complete. Check the output in /home/yuebi/Project/dim16_run/dim16_run_7/1111/transformer-output-decoded.txt
INFO - 11/08/25 07:37:09 - 2:43:23 - Memory allocated:  43.97MB, reserved: 7648.00MB
INFO - 11/08/25 07:37:09 - 2:43:23 - ============ End of generation 12 ============
INFO - 11/08/25 07:37:09 - 2:43:23 - launching search.jl
INFO - 11/08/25 07:37:09 - 2:43:23 - JULIA_NUM_THREADS is set to 1
INFO - 11/08/25 07:41:45 - 2:47:59 - distribution of scores(all rounds)
INFO - 11/08/25 07:41:45 - 2:47:59 - Score:299008.0, Count:100
                                     
INFO - 11/08/25 07:41:45 - 2:47:59 - tokenizing
INFO - 11/08/25 07:41:45 - 2:47:59 - Loading tokenizer from /home/yuebi/Project/dim16_run/dim16_run_7/1111/tokenizer_data/tokenizer.json...
INFO - 11/08/25 07:41:45 - 2:47:59 - 0 / 100
INFO - 11/08/25 07:41:45 - 2:47:59 - number of examples in the dataset: 100
INFO - 11/08/25 07:41:45 - 2:47:59 - max word length: 112
INFO - 11/08/25 07:41:45 - 2:47:59 - number of unique characters in the vocabulary: 15
INFO - 11/08/25 07:41:45 - 2:47:59 - vocabulary:
INFO - 11/08/25 07:41:45 - 2:47:59 - ['V0', 'V1', 'V2', 'V3', 'V4', 'V5', 'V6', 'V7', 'V8', 'V9', 'V10', 'V11', 'V12', 'V13', 'V14']
INFO - 11/08/25 07:41:45 - 2:47:59 - split up the dataset into 90 training examples and 10 test examples
INFO - 11/08/25 07:41:45 - 2:47:59 - ============ Start of generation 13 ============
INFO - 11/08/25 07:41:45 - 2:47:59 - Memory allocated:  43.97MB, reserved: 7648.00MB
INFO - 11/08/25 07:41:45 - 2:47:59 - training
INFO - 11/08/25 07:41:45 - 2:47:59 - step 0 | loss 0.4914 | step time 264.63ms
INFO - 11/08/25 07:42:11 - 2:48:25 - step 100 | loss 0.0429 | step time 257.08ms
INFO - 11/08/25 07:42:36 - 2:48:50 - step 200 | loss 0.0424 | step time 257.41ms
INFO - 11/08/25 07:43:02 - 2:49:16 - step 300 | loss 0.0438 | step time 257.28ms
INFO - 11/08/25 07:43:28 - 2:49:42 - step 400 | loss 0.0431 | step time 257.39ms
INFO - 11/08/25 07:43:54 - 2:50:08 - step 500 | loss 0.0446 | step time 257.41ms
INFO - 11/08/25 07:43:54 - 2:50:08 - step 500 train loss: 0.045446060597896576 test loss: 0.23502002656459808
INFO - 11/08/25 07:43:54 - 2:50:08 - test loss 0.23502002656459808 is the best so far, saving model to /home/yuebi/Project/dim16_run/dim16_run_7/1111/model.pt
INFO - 11/08/25 07:44:20 - 2:50:34 - step 600 | loss 0.0422 | step time 257.47ms
INFO - 11/08/25 07:44:45 - 2:50:59 - step 700 | loss 0.0423 | step time 257.38ms
INFO - 11/08/25 07:45:11 - 2:51:25 - step 800 | loss 0.0428 | step time 257.44ms
INFO - 11/08/25 07:45:37 - 2:51:51 - step 900 | loss 0.0434 | step time 257.41ms
INFO - 11/08/25 07:46:03 - 2:52:17 - step 1000 | loss 0.0427 | step time 257.37ms
INFO - 11/08/25 07:46:03 - 2:52:17 - step 1000 train loss: 0.04277068004012108 test loss: 0.19464369118213654
INFO - 11/08/25 07:46:03 - 2:52:17 - test loss 0.19464369118213654 is the best so far, saving model to /home/yuebi/Project/dim16_run/dim16_run_7/1111/model.pt
INFO - 11/08/25 07:46:29 - 2:52:43 - step 1100 | loss 0.0428 | step time 257.38ms
INFO - 11/08/25 07:46:54 - 2:53:08 - step 1200 | loss 0.0426 | step time 257.42ms
INFO - 11/08/25 07:47:20 - 2:53:34 - step 1300 | loss 0.0420 | step time 257.51ms
INFO - 11/08/25 07:47:46 - 2:54:00 - step 1400 | loss 0.0435 | step time 257.37ms
INFO - 11/08/25 07:48:11 - 2:54:25 - Memory allocated:  43.97MB, reserved: 7648.00MB
INFO - 11/08/25 07:48:11 - 2:54:25 - generating
INFO - 11/08/25 07:53:48 - 0:00:00 - ============ Initialized logger ============
INFO - 11/08/25 07:53:48 - 0:00:00 - batch_size: 32
                                     command: python fc_loop.py --exp_name=dim16_run_7 --dump_path=/home/yuebi/Project/dim16_run --num_initial_empty_objects=800 --final_database_size=100 --target_db_size=100 --nb_local_searches=800 --max_epochs=25 --type=transformer --max-output-length=271 --sample-only=35000 --max-steps=1500 --n_tokens=15 --n-layer=8 --n-embd=128 --n-embd2=128 --exp_id=1111 --exp_id "1111"
                                     cpu: False
                                     debug: False
                                     debug_slurm: False
                                     dump_path: /home/yuebi/Project/dim16_run/dim16_run_7/1111
                                     exp_id: 1111
                                     exp_name: dim16_run_7
                                     final_database_size: 100
                                     gen_batch_size: 1000
                                     global_rank: 0
                                     is_master: True
                                     is_slurm_job: True
                                     learning_rate: 0.0005
                                     local_rank: 0
                                     master_addr: gpu-6
                                     master_port: -1
                                     max_epochs: 25
                                     max_output_length: 271
                                     max_steps: 1500
                                     multi_gpu: False
                                     multi_node: False
                                     n_embd: 128
                                     n_embd2: 128
                                     n_gpu_per_node: 1
                                     n_head: 8
                                     n_layer: 8
                                     n_nodes: 1
                                     n_tokens: 15
                                     nb_local_searches: 800
                                     nb_threads: 1
                                     node_id: 0
                                     num_initial_empty_objects: 800
                                     num_workers: 8
                                     sample_only: 35000
                                     seed: -1
                                     target_db_size: 100
                                     temperature: 1.0
                                     top_k: -1
                                     type: transformer
                                     weight_decay: 0.01
                                     world_size: 1
INFO - 11/08/25 07:53:48 - 0:00:00 - The experiment will be stored in /home/yuebi/Project/dim16_run/dim16_run_7/1111
                                     
INFO - 11/08/25 07:53:48 - 0:00:00 - Running command: python fc_loop.py --exp_name=dim16_run_7 --dump_path=/home/yuebi/Project/dim16_run --num_initial_empty_objects=800 --final_database_size=100 --target_db_size=100 --nb_local_searches=800 --max_epochs=25 --type=transformer --max-output-length=271 --sample-only=35000 --max-steps=1500 --n_tokens=15 --n-layer=8 --n-embd=128 --n-embd2=128 --exp_id=1111

WARNING - 11/08/25 07:53:48 - 0:00:00 - Signal handler installed.
INFO - 11/08/25 07:53:48 - 0:00:00 - seed: 220267438
INFO - 11/08/25 07:53:48 - 0:00:00 - initializing at generation: 13
INFO - 11/08/25 07:53:48 - 0:00:00 - number of examples in the dataset: 100
INFO - 11/08/25 07:53:48 - 0:00:00 - max word length: 112
INFO - 11/08/25 07:53:48 - 0:00:00 - number of unique characters in the vocabulary: 15
INFO - 11/08/25 07:53:48 - 0:00:00 - vocabulary:
INFO - 11/08/25 07:53:48 - 0:00:00 - ['V0', 'V1', 'V2', 'V3', 'V4', 'V5', 'V6', 'V7', 'V8', 'V9', 'V10', 'V11', 'V12', 'V13', 'V14']
INFO - 11/08/25 07:53:48 - 0:00:00 - split up the dataset into 90 training examples and 10 test examples
INFO - 11/08/25 07:53:48 - 0:00:00 - dataset determined that: vocab_size=16, block_size=272
INFO - 11/08/25 07:53:48 - 0:00:00 - model #params: 1625344
INFO - 11/08/25 07:53:48 - 0:00:00 - resuming from existing model
INFO - 11/08/25 07:53:48 - 0:00:00 - ============ Start of generation 13 ============
INFO - 11/08/25 07:53:48 - 0:00:00 - Memory allocated:  8.46MB, reserved: 18.00MB
INFO - 11/08/25 07:53:48 - 0:00:00 - training
INFO - 11/08/25 07:53:53 - 0:00:05 - step 0 | loss 0.0504 | step time 591.03ms
INFO - 11/08/25 07:54:19 - 0:00:31 - step 100 | loss 0.0500 | step time 257.07ms
INFO - 11/08/25 07:54:45 - 0:00:57 - step 200 | loss 0.0423 | step time 257.33ms
INFO - 11/08/25 07:55:10 - 0:01:22 - step 300 | loss 0.0425 | step time 257.06ms
INFO - 11/08/25 07:55:36 - 0:01:48 - step 400 | loss 0.0428 | step time 256.91ms
INFO - 11/08/25 07:56:02 - 0:02:14 - step 500 | loss 0.0417 | step time 257.03ms
INFO - 11/08/25 07:56:02 - 0:02:14 - step 500 train loss: 0.0424722284078598 test loss: 0.1795232892036438
INFO - 11/08/25 07:56:02 - 0:02:14 - test loss 0.1795232892036438 is the best so far, saving model to /home/yuebi/Project/dim16_run/dim16_run_7/1111/model.pt
INFO - 11/08/25 07:56:28 - 0:02:40 - step 600 | loss 0.0423 | step time 257.09ms
INFO - 11/08/25 07:56:54 - 0:03:06 - step 700 | loss 0.0434 | step time 257.20ms
INFO - 11/08/25 07:57:19 - 0:03:31 - step 800 | loss 0.0423 | step time 257.15ms
INFO - 11/08/25 07:57:45 - 0:03:57 - step 900 | loss 0.0430 | step time 256.84ms
INFO - 11/08/25 07:58:11 - 0:04:23 - step 1000 | loss 0.0441 | step time 257.21ms
INFO - 11/08/25 07:58:11 - 0:04:23 - step 1000 train loss: 0.042460545897483826 test loss: 0.32457029819488525
INFO - 11/08/25 07:58:37 - 0:04:49 - step 1100 | loss 0.0420 | step time 256.91ms
INFO - 11/08/25 07:59:02 - 0:05:14 - step 1200 | loss 0.0422 | step time 257.29ms
INFO - 11/08/25 07:59:28 - 0:05:40 - step 1300 | loss 0.0424 | step time 257.05ms
INFO - 11/08/25 07:59:54 - 0:06:06 - step 1400 | loss 0.0679 | step time 257.07ms
INFO - 11/08/25 08:00:19 - 0:06:31 - Memory allocated:  43.97MB, reserved: 2272.00MB
INFO - 11/08/25 08:00:19 - 0:06:31 - generating
INFO - 11/08/25 10:37:10 - 2:43:23 - distribution of sample lengths: average: 335.0490571428571 max: 763
INFO - 11/08/25 10:37:10 - 2:43:23 - printed 35000 samples
INFO - 11/08/25 10:37:10 - 2:43:23 - decoding
INFO - 11/08/25 10:37:11 - 2:43:23 - Decoding complete. Check the output in /home/yuebi/Project/dim16_run/dim16_run_7/1111/transformer-output-decoded.txt
INFO - 11/08/25 10:37:11 - 2:43:23 - Memory allocated:  43.97MB, reserved: 7648.00MB
INFO - 11/08/25 10:37:11 - 2:43:23 - ============ End of generation 13 ============
INFO - 11/08/25 10:37:11 - 2:43:23 - launching search.jl
INFO - 11/08/25 10:37:11 - 2:43:23 - JULIA_NUM_THREADS is set to 1
INFO - 11/08/25 10:41:46 - 2:47:58 - distribution of scores(all rounds)
INFO - 11/08/25 10:41:46 - 2:47:58 - Score:299008.0, Count:100
                                     
INFO - 11/08/25 10:41:46 - 2:47:58 - tokenizing
INFO - 11/08/25 10:41:46 - 2:47:58 - Loading tokenizer from /home/yuebi/Project/dim16_run/dim16_run_7/1111/tokenizer_data/tokenizer.json...
INFO - 11/08/25 10:41:46 - 2:47:58 - 0 / 100
INFO - 11/08/25 10:41:46 - 2:47:58 - number of examples in the dataset: 100
INFO - 11/08/25 10:41:46 - 2:47:58 - max word length: 112
INFO - 11/08/25 10:41:46 - 2:47:58 - number of unique characters in the vocabulary: 15
INFO - 11/08/25 10:41:46 - 2:47:58 - vocabulary:
INFO - 11/08/25 10:41:46 - 2:47:58 - ['V0', 'V1', 'V2', 'V3', 'V4', 'V5', 'V6', 'V7', 'V8', 'V9', 'V10', 'V11', 'V12', 'V13', 'V14']
INFO - 11/08/25 10:41:46 - 2:47:58 - split up the dataset into 90 training examples and 10 test examples
INFO - 11/08/25 10:41:46 - 2:47:58 - ============ Start of generation 14 ============
INFO - 11/08/25 10:41:46 - 2:47:58 - Memory allocated:  43.97MB, reserved: 7648.00MB
INFO - 11/08/25 10:41:46 - 2:47:58 - training
INFO - 11/08/25 10:41:46 - 2:47:58 - step 0 | loss 0.3694 | step time 265.04ms
INFO - 11/08/25 10:42:12 - 2:48:24 - step 100 | loss 0.0437 | step time 257.19ms
INFO - 11/08/25 10:42:38 - 2:48:50 - step 200 | loss 0.0431 | step time 257.30ms
INFO - 11/08/25 10:43:03 - 2:49:15 - step 300 | loss 0.0431 | step time 257.32ms
INFO - 11/08/25 10:43:29 - 2:49:41 - step 400 | loss 0.0420 | step time 257.17ms
INFO - 11/08/25 10:43:55 - 2:50:07 - step 500 | loss 0.0412 | step time 257.18ms
INFO - 11/08/25 10:43:55 - 2:50:07 - step 500 train loss: 0.042636286467313766 test loss: 0.09871287643909454
INFO - 11/08/25 10:43:55 - 2:50:07 - test loss 0.09871287643909454 is the best so far, saving model to /home/yuebi/Project/dim16_run/dim16_run_7/1111/model.pt
INFO - 11/08/25 10:44:21 - 2:50:33 - step 600 | loss 0.0476 | step time 257.00ms
INFO - 11/08/25 10:44:47 - 2:50:59 - step 700 | loss 0.0436 | step time 258.01ms
INFO - 11/08/25 10:45:12 - 2:51:24 - step 800 | loss 0.0424 | step time 257.35ms
INFO - 11/08/25 10:45:38 - 2:51:50 - step 900 | loss 0.0420 | step time 257.38ms
INFO - 11/08/25 10:46:04 - 2:52:16 - step 1000 | loss 0.0423 | step time 257.21ms
INFO - 11/08/25 10:46:04 - 2:52:16 - step 1000 train loss: 0.04235208034515381 test loss: 0.20734527707099915
INFO - 11/08/25 10:46:30 - 2:52:42 - step 1100 | loss 0.0427 | step time 257.23ms
INFO - 11/08/25 10:46:55 - 2:53:08 - step 1200 | loss 0.0420 | step time 257.20ms
INFO - 11/08/25 10:47:21 - 2:53:33 - step 1300 | loss 0.0435 | step time 257.14ms
INFO - 11/08/25 10:47:47 - 2:53:59 - step 1400 | loss 0.0426 | step time 257.43ms
INFO - 11/08/25 10:48:12 - 2:54:24 - Memory allocated:  43.97MB, reserved: 7648.00MB
INFO - 11/08/25 10:48:12 - 2:54:24 - generating
INFO - 11/08/25 10:53:52 - 0:00:00 - ============ Initialized logger ============
INFO - 11/08/25 10:53:52 - 0:00:00 - batch_size: 32
                                     command: python fc_loop.py --exp_name=dim16_run_7 --dump_path=/home/yuebi/Project/dim16_run --num_initial_empty_objects=800 --final_database_size=100 --target_db_size=100 --nb_local_searches=800 --max_epochs=25 --type=transformer --max-output-length=271 --sample-only=35000 --max-steps=1500 --n_tokens=15 --n-layer=8 --n-embd=128 --n-embd2=128 --exp_id=1111 --exp_id "1111"
                                     cpu: False
                                     debug: False
                                     debug_slurm: False
                                     dump_path: /home/yuebi/Project/dim16_run/dim16_run_7/1111
                                     exp_id: 1111
                                     exp_name: dim16_run_7
                                     final_database_size: 100
                                     gen_batch_size: 1000
                                     global_rank: 0
                                     is_master: True
                                     is_slurm_job: True
                                     learning_rate: 0.0005
                                     local_rank: 0
                                     master_addr: gpu-6
                                     master_port: -1
                                     max_epochs: 25
                                     max_output_length: 271
                                     max_steps: 1500
                                     multi_gpu: False
                                     multi_node: False
                                     n_embd: 128
                                     n_embd2: 128
                                     n_gpu_per_node: 1
                                     n_head: 8
                                     n_layer: 8
                                     n_nodes: 1
                                     n_tokens: 15
                                     nb_local_searches: 800
                                     nb_threads: 1
                                     node_id: 0
                                     num_initial_empty_objects: 800
                                     num_workers: 8
                                     sample_only: 35000
                                     seed: -1
                                     target_db_size: 100
                                     temperature: 1.0
                                     top_k: -1
                                     type: transformer
                                     weight_decay: 0.01
                                     world_size: 1
INFO - 11/08/25 10:53:52 - 0:00:00 - The experiment will be stored in /home/yuebi/Project/dim16_run/dim16_run_7/1111
                                     
INFO - 11/08/25 10:53:52 - 0:00:00 - Running command: python fc_loop.py --exp_name=dim16_run_7 --dump_path=/home/yuebi/Project/dim16_run --num_initial_empty_objects=800 --final_database_size=100 --target_db_size=100 --nb_local_searches=800 --max_epochs=25 --type=transformer --max-output-length=271 --sample-only=35000 --max-steps=1500 --n_tokens=15 --n-layer=8 --n-embd=128 --n-embd2=128 --exp_id=1111

WARNING - 11/08/25 10:53:52 - 0:00:00 - Signal handler installed.
INFO - 11/08/25 10:53:52 - 0:00:00 - seed: 47206821
INFO - 11/08/25 10:53:52 - 0:00:00 - initializing at generation: 14
INFO - 11/08/25 10:53:52 - 0:00:00 - number of examples in the dataset: 100
INFO - 11/08/25 10:53:52 - 0:00:00 - max word length: 112
INFO - 11/08/25 10:53:52 - 0:00:00 - number of unique characters in the vocabulary: 15
INFO - 11/08/25 10:53:52 - 0:00:00 - vocabulary:
INFO - 11/08/25 10:53:52 - 0:00:00 - ['V0', 'V1', 'V2', 'V3', 'V4', 'V5', 'V6', 'V7', 'V8', 'V9', 'V10', 'V11', 'V12', 'V13', 'V14']
INFO - 11/08/25 10:53:52 - 0:00:00 - split up the dataset into 90 training examples and 10 test examples
INFO - 11/08/25 10:53:52 - 0:00:00 - dataset determined that: vocab_size=16, block_size=272
INFO - 11/08/25 10:53:52 - 0:00:00 - model #params: 1625344
INFO - 11/08/25 10:53:52 - 0:00:00 - resuming from existing model
INFO - 11/08/25 10:53:52 - 0:00:00 - ============ Start of generation 14 ============
INFO - 11/08/25 10:53:52 - 0:00:00 - Memory allocated:  8.46MB, reserved: 18.00MB
INFO - 11/08/25 10:53:52 - 0:00:00 - training
INFO - 11/08/25 10:53:57 - 0:00:05 - step 0 | loss 0.0499 | step time 587.96ms
INFO - 11/08/25 10:54:23 - 0:00:31 - step 100 | loss 0.0426 | step time 257.33ms
INFO - 11/08/25 10:54:48 - 0:00:57 - step 200 | loss 0.0426 | step time 257.45ms
INFO - 11/08/25 10:55:14 - 0:01:22 - step 300 | loss 0.0427 | step time 257.12ms
INFO - 11/08/25 10:55:40 - 0:01:48 - step 400 | loss 0.0435 | step time 257.41ms
INFO - 11/08/25 10:56:06 - 0:02:14 - step 500 | loss 0.0425 | step time 257.53ms
INFO - 11/08/25 10:56:06 - 0:02:14 - step 500 train loss: 0.042432259768247604 test loss: 0.19091396033763885
INFO - 11/08/25 10:56:06 - 0:02:14 - test loss 0.19091396033763885 is the best so far, saving model to /home/yuebi/Project/dim16_run/dim16_run_7/1111/model.pt
INFO - 11/08/25 10:56:32 - 0:02:40 - step 600 | loss 0.0419 | step time 257.16ms
INFO - 11/08/25 10:56:57 - 0:03:05 - step 700 | loss 0.0421 | step time 257.64ms
INFO - 11/08/25 10:57:23 - 0:03:31 - step 800 | loss 0.0426 | step time 257.60ms
INFO - 11/08/25 10:57:49 - 0:03:57 - step 900 | loss 0.0428 | step time 257.49ms
INFO - 11/08/25 10:58:15 - 0:04:23 - step 1000 | loss 0.0419 | step time 257.47ms
INFO - 11/08/25 10:58:15 - 0:04:23 - step 1000 train loss: 0.04260200634598732 test loss: 0.20020398497581482
INFO - 11/08/25 10:58:41 - 0:04:49 - step 1100 | loss 0.0433 | step time 256.86ms
INFO - 11/08/25 10:59:06 - 0:05:14 - step 1200 | loss 0.0421 | step time 256.95ms
INFO - 11/08/25 10:59:32 - 0:05:40 - step 1300 | loss 0.0424 | step time 256.74ms
INFO - 11/08/25 10:59:58 - 0:06:06 - step 1400 | loss 0.0427 | step time 256.94ms
INFO - 11/08/25 11:00:23 - 0:06:31 - Memory allocated:  43.97MB, reserved: 2272.00MB
INFO - 11/08/25 11:00:23 - 0:06:31 - generating
INFO - 11/08/25 13:37:15 - 2:43:23 - distribution of sample lengths: average: 335.07385714285715 max: 856
INFO - 11/08/25 13:37:15 - 2:43:23 - printed 35000 samples
INFO - 11/08/25 13:37:15 - 2:43:23 - decoding
INFO - 11/08/25 13:37:16 - 2:43:24 - Decoding complete. Check the output in /home/yuebi/Project/dim16_run/dim16_run_7/1111/transformer-output-decoded.txt
INFO - 11/08/25 13:37:16 - 2:43:24 - Memory allocated:  43.97MB, reserved: 7648.00MB
INFO - 11/08/25 13:37:16 - 2:43:24 - ============ End of generation 14 ============
INFO - 11/08/25 13:37:16 - 2:43:24 - launching search.jl
INFO - 11/08/25 13:37:16 - 2:43:24 - JULIA_NUM_THREADS is set to 1
INFO - 11/08/25 13:41:52 - 2:48:00 - distribution of scores(all rounds)
INFO - 11/08/25 13:41:52 - 2:48:00 - Score:299008.0, Count:100
                                     
INFO - 11/08/25 13:41:52 - 2:48:00 - tokenizing
INFO - 11/08/25 13:41:52 - 2:48:00 - Loading tokenizer from /home/yuebi/Project/dim16_run/dim16_run_7/1111/tokenizer_data/tokenizer.json...
INFO - 11/08/25 13:41:52 - 2:48:00 - 0 / 100
INFO - 11/08/25 13:41:52 - 2:48:00 - number of examples in the dataset: 100
INFO - 11/08/25 13:41:52 - 2:48:00 - max word length: 112
INFO - 11/08/25 13:41:52 - 2:48:00 - number of unique characters in the vocabulary: 15
INFO - 11/08/25 13:41:52 - 2:48:00 - vocabulary:
INFO - 11/08/25 13:41:52 - 2:48:00 - ['V0', 'V1', 'V2', 'V3', 'V4', 'V5', 'V6', 'V7', 'V8', 'V9', 'V10', 'V11', 'V12', 'V13', 'V14']
INFO - 11/08/25 13:41:52 - 2:48:00 - split up the dataset into 90 training examples and 10 test examples
INFO - 11/08/25 13:41:52 - 2:48:00 - ============ Start of generation 15 ============
INFO - 11/08/25 13:41:52 - 2:48:00 - Memory allocated:  43.97MB, reserved: 7648.00MB
INFO - 11/08/25 13:41:52 - 2:48:00 - training
INFO - 11/08/25 13:41:52 - 2:48:00 - step 0 | loss 0.0633 | step time 264.58ms
INFO - 11/08/25 13:42:18 - 2:48:26 - step 100 | loss 0.0428 | step time 257.23ms
INFO - 11/08/25 13:42:44 - 2:48:52 - step 200 | loss 0.0430 | step time 257.37ms
INFO - 11/08/25 13:43:10 - 2:49:18 - step 300 | loss 0.0427 | step time 257.42ms
INFO - 11/08/25 13:43:35 - 2:49:43 - step 400 | loss 0.0439 | step time 257.50ms
INFO - 11/08/25 13:44:01 - 2:50:09 - step 500 | loss 0.0424 | step time 257.56ms
INFO - 11/08/25 13:44:01 - 2:50:09 - step 500 train loss: 0.04292573779821396 test loss: 0.10471305251121521
INFO - 11/08/25 13:44:01 - 2:50:09 - test loss 0.10471305251121521 is the best so far, saving model to /home/yuebi/Project/dim16_run/dim16_run_7/1111/model.pt
INFO - 11/08/25 13:44:27 - 2:50:35 - step 600 | loss 0.0438 | step time 257.21ms
INFO - 11/08/25 13:44:53 - 2:51:01 - step 700 | loss 0.0417 | step time 257.26ms
INFO - 11/08/25 13:45:19 - 2:51:27 - step 800 | loss 0.0421 | step time 257.45ms
INFO - 11/08/25 13:45:44 - 2:51:52 - step 900 | loss 0.0429 | step time 257.25ms
INFO - 11/08/25 13:46:10 - 2:52:18 - step 1000 | loss 0.0427 | step time 257.48ms
INFO - 11/08/25 13:46:10 - 2:52:18 - step 1000 train loss: 0.042470332235097885 test loss: 0.18005691468715668
INFO - 11/08/25 13:46:36 - 2:52:44 - step 1100 | loss 0.0425 | step time 257.26ms
INFO - 11/08/25 13:47:02 - 2:53:10 - step 1200 | loss 0.0431 | step time 257.42ms
INFO - 11/08/25 13:47:28 - 2:53:36 - step 1300 | loss 0.0422 | step time 257.30ms
INFO - 11/08/25 13:47:53 - 2:54:01 - step 1400 | loss 0.0425 | step time 257.44ms
INFO - 11/08/25 13:48:19 - 2:54:27 - Memory allocated:  43.97MB, reserved: 7648.00MB
INFO - 11/08/25 13:48:19 - 2:54:27 - generating
INFO - 11/08/25 13:53:57 - 0:00:00 - ============ Initialized logger ============
INFO - 11/08/25 13:53:57 - 0:00:00 - batch_size: 32
                                     command: python fc_loop.py --exp_name=dim16_run_7 --dump_path=/home/yuebi/Project/dim16_run --num_initial_empty_objects=800 --final_database_size=100 --target_db_size=100 --nb_local_searches=800 --max_epochs=25 --type=transformer --max-output-length=271 --sample-only=35000 --max-steps=1500 --n_tokens=15 --n-layer=8 --n-embd=128 --n-embd2=128 --exp_id=1111 --exp_id "1111"
                                     cpu: False
                                     debug: False
                                     debug_slurm: False
                                     dump_path: /home/yuebi/Project/dim16_run/dim16_run_7/1111
                                     exp_id: 1111
                                     exp_name: dim16_run_7
                                     final_database_size: 100
                                     gen_batch_size: 1000
                                     global_rank: 0
                                     is_master: True
                                     is_slurm_job: True
                                     learning_rate: 0.0005
                                     local_rank: 0
                                     master_addr: gpu-6
                                     master_port: -1
                                     max_epochs: 25
                                     max_output_length: 271
                                     max_steps: 1500
                                     multi_gpu: False
                                     multi_node: False
                                     n_embd: 128
                                     n_embd2: 128
                                     n_gpu_per_node: 1
                                     n_head: 8
                                     n_layer: 8
                                     n_nodes: 1
                                     n_tokens: 15
                                     nb_local_searches: 800
                                     nb_threads: 1
                                     node_id: 0
                                     num_initial_empty_objects: 800
                                     num_workers: 8
                                     sample_only: 35000
                                     seed: -1
                                     target_db_size: 100
                                     temperature: 1.0
                                     top_k: -1
                                     type: transformer
                                     weight_decay: 0.01
                                     world_size: 1
INFO - 11/08/25 13:53:57 - 0:00:00 - The experiment will be stored in /home/yuebi/Project/dim16_run/dim16_run_7/1111
                                     
INFO - 11/08/25 13:53:57 - 0:00:00 - Running command: python fc_loop.py --exp_name=dim16_run_7 --dump_path=/home/yuebi/Project/dim16_run --num_initial_empty_objects=800 --final_database_size=100 --target_db_size=100 --nb_local_searches=800 --max_epochs=25 --type=transformer --max-output-length=271 --sample-only=35000 --max-steps=1500 --n_tokens=15 --n-layer=8 --n-embd=128 --n-embd2=128 --exp_id=1111

WARNING - 11/08/25 13:53:57 - 0:00:00 - Signal handler installed.
INFO - 11/08/25 13:53:57 - 0:00:00 - seed: 978322540
INFO - 11/08/25 13:53:57 - 0:00:00 - initializing at generation: 15
INFO - 11/08/25 13:53:57 - 0:00:00 - number of examples in the dataset: 100
INFO - 11/08/25 13:53:57 - 0:00:00 - max word length: 112
INFO - 11/08/25 13:53:57 - 0:00:00 - number of unique characters in the vocabulary: 15
INFO - 11/08/25 13:53:57 - 0:00:00 - vocabulary:
INFO - 11/08/25 13:53:57 - 0:00:00 - ['V0', 'V1', 'V2', 'V3', 'V4', 'V5', 'V6', 'V7', 'V8', 'V9', 'V10', 'V11', 'V12', 'V13', 'V14']
INFO - 11/08/25 13:53:57 - 0:00:00 - split up the dataset into 90 training examples and 10 test examples
INFO - 11/08/25 13:53:57 - 0:00:00 - dataset determined that: vocab_size=16, block_size=272
INFO - 11/08/25 13:53:57 - 0:00:00 - model #params: 1625344
INFO - 11/08/25 13:53:57 - 0:00:00 - resuming from existing model
INFO - 11/08/25 13:53:57 - 0:00:00 - ============ Start of generation 15 ============
INFO - 11/08/25 13:53:57 - 0:00:00 - Memory allocated:  8.46MB, reserved: 18.00MB
INFO - 11/08/25 13:53:57 - 0:00:00 - training
INFO - 11/08/25 13:54:02 - 0:00:05 - step 0 | loss 0.0542 | step time 597.68ms
INFO - 11/08/25 13:54:28 - 0:00:31 - step 100 | loss 0.0432 | step time 257.07ms
INFO - 11/08/25 13:54:54 - 0:00:57 - step 200 | loss 0.0424 | step time 257.24ms
INFO - 11/08/25 13:55:19 - 0:01:22 - step 300 | loss 0.0439 | step time 257.17ms
INFO - 11/08/25 13:55:45 - 0:01:48 - step 400 | loss 0.0430 | step time 256.88ms
INFO - 11/08/25 13:56:11 - 0:02:14 - step 500 | loss 0.0438 | step time 257.20ms
INFO - 11/08/25 13:56:11 - 0:02:14 - step 500 train loss: 0.049315858632326126 test loss: 0.17834331095218658
INFO - 11/08/25 13:56:11 - 0:02:14 - test loss 0.17834331095218658 is the best so far, saving model to /home/yuebi/Project/dim16_run/dim16_run_7/1111/model.pt
INFO - 11/08/25 13:56:37 - 0:02:40 - step 600 | loss 0.0422 | step time 257.03ms
INFO - 11/08/25 13:57:02 - 0:03:06 - step 700 | loss 0.0429 | step time 256.96ms
INFO - 11/08/25 13:57:28 - 0:03:31 - step 800 | loss 0.0424 | step time 257.19ms
INFO - 11/08/25 13:57:54 - 0:03:57 - step 900 | loss 0.0426 | step time 257.14ms
INFO - 11/08/25 13:58:20 - 0:04:23 - step 1000 | loss 0.0420 | step time 257.05ms
INFO - 11/08/25 13:58:20 - 0:04:23 - step 1000 train loss: 0.042466212064027786 test loss: 0.19375158846378326
INFO - 11/08/25 13:58:46 - 0:04:49 - step 1100 | loss 0.0465 | step time 257.13ms
INFO - 11/08/25 13:59:11 - 0:05:14 - step 1200 | loss 0.0422 | step time 257.14ms
INFO - 11/08/25 13:59:37 - 0:05:40 - step 1300 | loss 0.0428 | step time 257.07ms
INFO - 11/08/25 14:00:03 - 0:06:06 - step 1400 | loss 0.0419 | step time 257.07ms
INFO - 11/08/25 14:00:28 - 0:06:31 - Memory allocated:  43.97MB, reserved: 2272.00MB
INFO - 11/08/25 14:00:28 - 0:06:31 - generating
INFO - 11/08/25 16:37:22 - 2:43:25 - distribution of sample lengths: average: 335.20634285714283 max: 849
INFO - 11/08/25 16:37:22 - 2:43:25 - printed 35000 samples
INFO - 11/08/25 16:37:22 - 2:43:25 - decoding
INFO - 11/08/25 16:37:22 - 2:43:25 - Decoding complete. Check the output in /home/yuebi/Project/dim16_run/dim16_run_7/1111/transformer-output-decoded.txt
INFO - 11/08/25 16:37:22 - 2:43:25 - Memory allocated:  43.97MB, reserved: 7648.00MB
INFO - 11/08/25 16:37:22 - 2:43:25 - ============ End of generation 15 ============
INFO - 11/08/25 16:37:22 - 2:43:25 - launching search.jl
INFO - 11/08/25 16:37:22 - 2:43:25 - JULIA_NUM_THREADS is set to 1
INFO - 11/08/25 16:41:57 - 2:48:00 - distribution of scores(all rounds)
INFO - 11/08/25 16:41:57 - 2:48:00 - Score:299008.0, Count:100
                                     
INFO - 11/08/25 16:41:57 - 2:48:00 - tokenizing
INFO - 11/08/25 16:41:57 - 2:48:00 - Loading tokenizer from /home/yuebi/Project/dim16_run/dim16_run_7/1111/tokenizer_data/tokenizer.json...
INFO - 11/08/25 16:41:57 - 2:48:00 - 0 / 100
INFO - 11/08/25 16:41:57 - 2:48:00 - number of examples in the dataset: 100
INFO - 11/08/25 16:41:57 - 2:48:00 - max word length: 112
INFO - 11/08/25 16:41:57 - 2:48:00 - number of unique characters in the vocabulary: 15
INFO - 11/08/25 16:41:57 - 2:48:00 - vocabulary:
INFO - 11/08/25 16:41:57 - 2:48:00 - ['V0', 'V1', 'V2', 'V3', 'V4', 'V5', 'V6', 'V7', 'V8', 'V9', 'V10', 'V11', 'V12', 'V13', 'V14']
INFO - 11/08/25 16:41:57 - 2:48:00 - split up the dataset into 90 training examples and 10 test examples
INFO - 11/08/25 16:41:57 - 2:48:00 - ============ Start of generation 16 ============
INFO - 11/08/25 16:41:57 - 2:48:00 - Memory allocated:  43.97MB, reserved: 7648.00MB
INFO - 11/08/25 16:41:57 - 2:48:00 - training
INFO - 11/08/25 16:41:58 - 2:48:01 - step 0 | loss 0.1428 | step time 264.30ms
INFO - 11/08/25 16:42:23 - 2:48:27 - step 100 | loss 0.0437 | step time 257.22ms
INFO - 11/08/25 16:42:49 - 2:48:52 - step 200 | loss 0.0435 | step time 257.10ms
INFO - 11/08/25 16:43:15 - 2:49:18 - step 300 | loss 0.0413 | step time 257.38ms
INFO - 11/08/25 16:43:41 - 2:49:44 - step 400 | loss 0.0420 | step time 257.31ms
INFO - 11/08/25 16:44:06 - 2:50:09 - step 500 | loss 0.0431 | step time 257.34ms
INFO - 11/08/25 16:44:07 - 2:50:10 - step 500 train loss: 0.04437984526157379 test loss: 0.18669050931930542
INFO - 11/08/25 16:44:07 - 2:50:10 - test loss 0.18669050931930542 is the best so far, saving model to /home/yuebi/Project/dim16_run/dim16_run_7/1111/model.pt
INFO - 11/08/25 16:44:32 - 2:50:35 - step 600 | loss 0.0423 | step time 257.35ms
INFO - 11/08/25 16:44:58 - 2:51:01 - step 700 | loss 0.0421 | step time 257.13ms
INFO - 11/08/25 16:45:24 - 2:51:27 - step 800 | loss 0.0420 | step time 257.11ms
INFO - 11/08/25 16:45:50 - 2:51:53 - step 900 | loss 0.0433 | step time 257.07ms
INFO - 11/08/25 16:46:15 - 2:52:18 - step 1000 | loss 0.0428 | step time 257.19ms
INFO - 11/08/25 16:46:16 - 2:52:19 - step 1000 train loss: 0.0423000268638134 test loss: 0.1588405966758728
INFO - 11/08/25 16:46:16 - 2:52:19 - test loss 0.1588405966758728 is the best so far, saving model to /home/yuebi/Project/dim16_run/dim16_run_7/1111/model.pt
INFO - 11/08/25 16:46:41 - 2:52:44 - step 1100 | loss 0.0418 | step time 257.13ms
INFO - 11/08/25 16:47:07 - 2:53:10 - step 1200 | loss 0.0459 | step time 257.17ms
INFO - 11/08/25 16:47:33 - 2:53:36 - step 1300 | loss 0.0424 | step time 257.24ms
INFO - 11/08/25 16:47:59 - 2:54:02 - step 1400 | loss 0.0414 | step time 257.24ms
INFO - 11/08/25 16:48:24 - 2:54:27 - Memory allocated:  43.97MB, reserved: 7648.00MB
INFO - 11/08/25 16:48:24 - 2:54:27 - generating
INFO - 11/08/25 16:54:04 - 0:00:00 - ============ Initialized logger ============
INFO - 11/08/25 16:54:04 - 0:00:00 - batch_size: 32
                                     command: python fc_loop.py --exp_name=dim16_run_7 --dump_path=/home/yuebi/Project/dim16_run --num_initial_empty_objects=800 --final_database_size=100 --target_db_size=100 --nb_local_searches=800 --max_epochs=25 --type=transformer --max-output-length=271 --sample-only=35000 --max-steps=1500 --n_tokens=15 --n-layer=8 --n-embd=128 --n-embd2=128 --exp_id=1111 --exp_id "1111"
                                     cpu: False
                                     debug: False
                                     debug_slurm: False
                                     dump_path: /home/yuebi/Project/dim16_run/dim16_run_7/1111
                                     exp_id: 1111
                                     exp_name: dim16_run_7
                                     final_database_size: 100
                                     gen_batch_size: 1000
                                     global_rank: 0
                                     is_master: True
                                     is_slurm_job: True
                                     learning_rate: 0.0005
                                     local_rank: 0
                                     master_addr: gpu-6
                                     master_port: -1
                                     max_epochs: 25
                                     max_output_length: 271
                                     max_steps: 1500
                                     multi_gpu: False
                                     multi_node: False
                                     n_embd: 128
                                     n_embd2: 128
                                     n_gpu_per_node: 1
                                     n_head: 8
                                     n_layer: 8
                                     n_nodes: 1
                                     n_tokens: 15
                                     nb_local_searches: 800
                                     nb_threads: 1
                                     node_id: 0
                                     num_initial_empty_objects: 800
                                     num_workers: 8
                                     sample_only: 35000
                                     seed: -1
                                     target_db_size: 100
                                     temperature: 1.0
                                     top_k: -1
                                     type: transformer
                                     weight_decay: 0.01
                                     world_size: 1
INFO - 11/08/25 16:54:04 - 0:00:00 - The experiment will be stored in /home/yuebi/Project/dim16_run/dim16_run_7/1111
                                     
INFO - 11/08/25 16:54:04 - 0:00:00 - Running command: python fc_loop.py --exp_name=dim16_run_7 --dump_path=/home/yuebi/Project/dim16_run --num_initial_empty_objects=800 --final_database_size=100 --target_db_size=100 --nb_local_searches=800 --max_epochs=25 --type=transformer --max-output-length=271 --sample-only=35000 --max-steps=1500 --n_tokens=15 --n-layer=8 --n-embd=128 --n-embd2=128 --exp_id=1111

WARNING - 11/08/25 16:54:04 - 0:00:00 - Signal handler installed.
INFO - 11/08/25 16:54:04 - 0:00:00 - seed: 291321320
INFO - 11/08/25 16:54:04 - 0:00:00 - initializing at generation: 16
INFO - 11/08/25 16:54:04 - 0:00:00 - number of examples in the dataset: 100
INFO - 11/08/25 16:54:04 - 0:00:00 - max word length: 112
INFO - 11/08/25 16:54:04 - 0:00:00 - number of unique characters in the vocabulary: 15
INFO - 11/08/25 16:54:04 - 0:00:00 - vocabulary:
INFO - 11/08/25 16:54:04 - 0:00:00 - ['V0', 'V1', 'V2', 'V3', 'V4', 'V5', 'V6', 'V7', 'V8', 'V9', 'V10', 'V11', 'V12', 'V13', 'V14']
INFO - 11/08/25 16:54:04 - 0:00:00 - split up the dataset into 90 training examples and 10 test examples
INFO - 11/08/25 16:54:04 - 0:00:00 - dataset determined that: vocab_size=16, block_size=272
INFO - 11/08/25 16:54:04 - 0:00:00 - model #params: 1625344
INFO - 11/08/25 16:54:04 - 0:00:00 - resuming from existing model
INFO - 11/08/25 16:54:04 - 0:00:00 - ============ Start of generation 16 ============
INFO - 11/08/25 16:54:04 - 0:00:00 - Memory allocated:  8.46MB, reserved: 18.00MB
INFO - 11/08/25 16:54:04 - 0:00:00 - training
INFO - 11/08/25 16:54:09 - 0:00:05 - step 0 | loss 0.0481 | step time 581.98ms
INFO - 11/08/25 16:54:35 - 0:00:31 - step 100 | loss 0.0436 | step time 257.00ms
INFO - 11/08/25 16:55:00 - 0:00:56 - step 200 | loss 0.0422 | step time 257.12ms
INFO - 11/08/25 16:55:26 - 0:01:22 - step 300 | loss 0.0425 | step time 257.08ms
INFO - 11/08/25 16:55:52 - 0:01:48 - step 400 | loss 0.0435 | step time 257.04ms
INFO - 11/08/25 16:56:17 - 0:02:13 - step 500 | loss 0.0415 | step time 257.08ms
INFO - 11/08/25 16:56:18 - 0:02:14 - step 500 train loss: 0.042707301676273346 test loss: 0.10276813060045242
INFO - 11/08/25 16:56:18 - 0:02:14 - test loss 0.10276813060045242 is the best so far, saving model to /home/yuebi/Project/dim16_run/dim16_run_7/1111/model.pt
INFO - 11/08/25 16:56:43 - 0:02:39 - step 600 | loss 0.0429 | step time 256.99ms
INFO - 11/08/25 16:57:09 - 0:03:05 - step 700 | loss 0.0441 | step time 256.97ms
INFO - 11/08/25 16:57:35 - 0:03:31 - step 800 | loss 0.0428 | step time 256.98ms
INFO - 11/08/25 16:58:01 - 0:03:57 - step 900 | loss 0.0421 | step time 257.12ms
INFO - 11/08/25 16:58:26 - 0:04:22 - step 1000 | loss 0.0421 | step time 256.93ms
INFO - 11/08/25 16:58:26 - 0:04:22 - step 1000 train loss: 0.04257415235042572 test loss: 0.12762513756752014
INFO - 11/08/25 16:58:52 - 0:04:48 - step 1100 | loss 0.0413 | step time 256.61ms
INFO - 11/08/25 16:59:18 - 0:05:14 - step 1200 | loss 0.0424 | step time 256.81ms
INFO - 11/08/25 16:59:44 - 0:05:40 - step 1300 | loss 0.0428 | step time 256.73ms
INFO - 11/08/25 17:00:09 - 0:06:05 - step 1400 | loss 0.0426 | step time 256.79ms
INFO - 11/08/25 17:00:35 - 0:06:31 - Memory allocated:  43.97MB, reserved: 2272.00MB
INFO - 11/08/25 17:00:35 - 0:06:31 - generating
INFO - 11/08/25 19:37:29 - 2:43:25 - distribution of sample lengths: average: 335.0169142857143 max: 351
INFO - 11/08/25 19:37:29 - 2:43:25 - printed 35000 samples
INFO - 11/08/25 19:37:29 - 2:43:25 - decoding
INFO - 11/08/25 19:37:30 - 2:43:26 - Decoding complete. Check the output in /home/yuebi/Project/dim16_run/dim16_run_7/1111/transformer-output-decoded.txt
INFO - 11/08/25 19:37:30 - 2:43:26 - Memory allocated:  43.97MB, reserved: 7648.00MB
INFO - 11/08/25 19:37:30 - 2:43:26 - ============ End of generation 16 ============
INFO - 11/08/25 19:37:30 - 2:43:26 - launching search.jl
INFO - 11/08/25 19:37:30 - 2:43:26 - JULIA_NUM_THREADS is set to 1
INFO - 11/08/25 19:42:06 - 2:48:02 - distribution of scores(all rounds)
INFO - 11/08/25 19:42:06 - 2:48:02 - Score:299008.0, Count:100
                                     
INFO - 11/08/25 19:42:06 - 2:48:02 - tokenizing
INFO - 11/08/25 19:42:06 - 2:48:02 - Loading tokenizer from /home/yuebi/Project/dim16_run/dim16_run_7/1111/tokenizer_data/tokenizer.json...
INFO - 11/08/25 19:42:06 - 2:48:02 - 0 / 100
INFO - 11/08/25 19:42:06 - 2:48:02 - number of examples in the dataset: 100
INFO - 11/08/25 19:42:06 - 2:48:02 - max word length: 112
INFO - 11/08/25 19:42:06 - 2:48:02 - number of unique characters in the vocabulary: 15
INFO - 11/08/25 19:42:06 - 2:48:02 - vocabulary:
INFO - 11/08/25 19:42:06 - 2:48:02 - ['V0', 'V1', 'V2', 'V3', 'V4', 'V5', 'V6', 'V7', 'V8', 'V9', 'V10', 'V11', 'V12', 'V13', 'V14']
INFO - 11/08/25 19:42:06 - 2:48:02 - split up the dataset into 90 training examples and 10 test examples
INFO - 11/08/25 19:42:06 - 2:48:02 - ============ Start of generation 17 ============
INFO - 11/08/25 19:42:06 - 2:48:02 - Memory allocated:  43.97MB, reserved: 7648.00MB
INFO - 11/08/25 19:42:06 - 2:48:02 - training
INFO - 11/08/25 19:42:06 - 2:48:02 - step 0 | loss 0.0607 | step time 267.13ms
INFO - 11/08/25 19:42:32 - 2:48:28 - step 100 | loss 0.0422 | step time 257.20ms
INFO - 11/08/25 19:42:58 - 2:48:54 - step 200 | loss 0.0430 | step time 257.15ms
INFO - 11/08/25 19:43:24 - 2:49:20 - step 300 | loss 0.0421 | step time 257.17ms
INFO - 11/08/25 19:43:49 - 2:49:45 - step 400 | loss 0.0420 | step time 257.24ms
INFO - 11/08/25 19:44:15 - 2:50:11 - step 500 | loss 0.0423 | step time 257.14ms
INFO - 11/08/25 19:44:15 - 2:50:11 - step 500 train loss: 0.04259654879570007 test loss: 0.8802557587623596
INFO - 11/08/25 19:44:15 - 2:50:11 - test loss 0.8802557587623596 is the best so far, saving model to /home/yuebi/Project/dim16_run/dim16_run_7/1111/model.pt
INFO - 11/08/25 19:44:41 - 2:50:37 - step 600 | loss 0.0439 | step time 257.24ms
INFO - 11/08/25 19:45:07 - 2:51:03 - step 700 | loss 0.0462 | step time 257.30ms
INFO - 11/08/25 19:45:33 - 2:51:29 - step 800 | loss 0.0419 | step time 257.55ms
INFO - 11/08/25 19:45:58 - 2:51:54 - step 900 | loss 0.0418 | step time 257.19ms
INFO - 11/08/25 19:46:24 - 2:52:20 - step 1000 | loss 0.0420 | step time 257.38ms
INFO - 11/08/25 19:46:24 - 2:52:20 - step 1000 train loss: 0.04231986775994301 test loss: 0.9612084031105042
INFO - 11/08/25 19:46:50 - 2:52:46 - step 1100 | loss 0.0422 | step time 257.35ms
INFO - 11/08/25 19:47:16 - 2:53:12 - step 1200 | loss 0.0420 | step time 257.16ms
INFO - 11/08/25 19:47:41 - 2:53:37 - step 1300 | loss 0.0433 | step time 257.38ms
INFO - 11/08/25 19:48:07 - 2:54:03 - step 1400 | loss 0.0421 | step time 257.38ms
INFO - 11/08/25 19:48:33 - 2:54:29 - Memory allocated:  43.97MB, reserved: 7648.00MB
INFO - 11/08/25 19:48:33 - 2:54:29 - generating
INFO - 11/08/25 19:54:07 - 0:00:00 - ============ Initialized logger ============
INFO - 11/08/25 19:54:07 - 0:00:00 - batch_size: 32
                                     command: python fc_loop.py --exp_name=dim16_run_7 --dump_path=/home/yuebi/Project/dim16_run --num_initial_empty_objects=800 --final_database_size=100 --target_db_size=100 --nb_local_searches=800 --max_epochs=25 --type=transformer --max-output-length=271 --sample-only=35000 --max-steps=1500 --n_tokens=15 --n-layer=8 --n-embd=128 --n-embd2=128 --exp_id=1111 --exp_id "1111"
                                     cpu: False
                                     debug: False
                                     debug_slurm: False
                                     dump_path: /home/yuebi/Project/dim16_run/dim16_run_7/1111
                                     exp_id: 1111
                                     exp_name: dim16_run_7
                                     final_database_size: 100
                                     gen_batch_size: 1000
                                     global_rank: 0
                                     is_master: True
                                     is_slurm_job: True
                                     learning_rate: 0.0005
                                     local_rank: 0
                                     master_addr: gpu-6
                                     master_port: -1
                                     max_epochs: 25
                                     max_output_length: 271
                                     max_steps: 1500
                                     multi_gpu: False
                                     multi_node: False
                                     n_embd: 128
                                     n_embd2: 128
                                     n_gpu_per_node: 1
                                     n_head: 8
                                     n_layer: 8
                                     n_nodes: 1
                                     n_tokens: 15
                                     nb_local_searches: 800
                                     nb_threads: 1
                                     node_id: 0
                                     num_initial_empty_objects: 800
                                     num_workers: 8
                                     sample_only: 35000
                                     seed: -1
                                     target_db_size: 100
                                     temperature: 1.0
                                     top_k: -1
                                     type: transformer
                                     weight_decay: 0.01
                                     world_size: 1
INFO - 11/08/25 19:54:07 - 0:00:00 - The experiment will be stored in /home/yuebi/Project/dim16_run/dim16_run_7/1111
                                     
INFO - 11/08/25 19:54:07 - 0:00:00 - Running command: python fc_loop.py --exp_name=dim16_run_7 --dump_path=/home/yuebi/Project/dim16_run --num_initial_empty_objects=800 --final_database_size=100 --target_db_size=100 --nb_local_searches=800 --max_epochs=25 --type=transformer --max-output-length=271 --sample-only=35000 --max-steps=1500 --n_tokens=15 --n-layer=8 --n-embd=128 --n-embd2=128 --exp_id=1111

WARNING - 11/08/25 19:54:07 - 0:00:00 - Signal handler installed.
INFO - 11/08/25 19:54:07 - 0:00:00 - seed: 37609513
INFO - 11/08/25 19:54:07 - 0:00:00 - initializing at generation: 17
INFO - 11/08/25 19:54:07 - 0:00:00 - number of examples in the dataset: 100
INFO - 11/08/25 19:54:07 - 0:00:00 - max word length: 112
INFO - 11/08/25 19:54:07 - 0:00:00 - number of unique characters in the vocabulary: 15
INFO - 11/08/25 19:54:07 - 0:00:00 - vocabulary:
INFO - 11/08/25 19:54:07 - 0:00:00 - ['V0', 'V1', 'V2', 'V3', 'V4', 'V5', 'V6', 'V7', 'V8', 'V9', 'V10', 'V11', 'V12', 'V13', 'V14']
INFO - 11/08/25 19:54:07 - 0:00:00 - split up the dataset into 90 training examples and 10 test examples
INFO - 11/08/25 19:54:07 - 0:00:00 - dataset determined that: vocab_size=16, block_size=272
INFO - 11/08/25 19:54:07 - 0:00:00 - model #params: 1625344
INFO - 11/08/25 19:54:07 - 0:00:00 - resuming from existing model
INFO - 11/08/25 19:54:07 - 0:00:00 - ============ Start of generation 17 ============
INFO - 11/08/25 19:54:07 - 0:00:00 - Memory allocated:  8.46MB, reserved: 18.00MB
INFO - 11/08/25 19:54:07 - 0:00:00 - training
INFO - 11/08/25 19:54:12 - 0:00:05 - step 0 | loss 0.0474 | step time 586.93ms
INFO - 11/08/25 19:54:38 - 0:00:31 - step 100 | loss 0.0428 | step time 257.24ms
INFO - 11/08/25 19:55:04 - 0:00:57 - step 200 | loss 0.0424 | step time 257.31ms
INFO - 11/08/25 19:55:29 - 0:01:23 - step 300 | loss 0.0430 | step time 257.31ms
INFO - 11/08/25 19:55:55 - 0:01:48 - step 400 | loss 0.0426 | step time 257.00ms
INFO - 11/08/25 19:56:21 - 0:02:14 - step 500 | loss 0.0424 | step time 257.13ms
INFO - 11/08/25 19:56:21 - 0:02:14 - step 500 train loss: 0.04245123639702797 test loss: 0.09848284721374512
INFO - 11/08/25 19:56:21 - 0:02:14 - test loss 0.09848284721374512 is the best so far, saving model to /home/yuebi/Project/dim16_run/dim16_run_7/1111/model.pt
INFO - 11/08/25 19:56:47 - 0:02:40 - step 600 | loss 0.0423 | step time 257.31ms
INFO - 11/08/25 19:57:13 - 0:03:06 - step 700 | loss 0.0430 | step time 257.23ms
INFO - 11/08/25 19:57:38 - 0:03:31 - step 800 | loss 0.0432 | step time 257.30ms
INFO - 11/08/25 19:58:04 - 0:03:57 - step 900 | loss 0.0428 | step time 257.19ms
INFO - 11/08/25 19:58:30 - 0:04:23 - step 1000 | loss 0.0414 | step time 257.24ms
INFO - 11/08/25 19:58:30 - 0:04:23 - step 1000 train loss: 0.04239321127533913 test loss: 0.19326208531856537
INFO - 11/08/25 19:58:56 - 0:04:49 - step 1100 | loss 0.0425 | step time 257.21ms
INFO - 11/08/25 19:59:22 - 0:05:15 - step 1200 | loss 0.0421 | step time 257.71ms
INFO - 11/08/25 19:59:47 - 0:05:40 - step 1300 | loss 0.0417 | step time 257.20ms
INFO - 11/08/25 20:00:13 - 0:06:06 - step 1400 | loss 0.0427 | step time 257.31ms
INFO - 11/08/25 20:00:38 - 0:06:32 - Memory allocated:  43.97MB, reserved: 2272.00MB
INFO - 11/08/25 20:00:38 - 0:06:32 - generating
INFO - 11/08/25 22:37:33 - 2:43:26 - distribution of sample lengths: average: 335.0287142857143 max: 351
INFO - 11/08/25 22:37:33 - 2:43:26 - printed 35000 samples
INFO - 11/08/25 22:37:33 - 2:43:26 - decoding
INFO - 11/08/25 22:37:34 - 2:43:27 - Decoding complete. Check the output in /home/yuebi/Project/dim16_run/dim16_run_7/1111/transformer-output-decoded.txt
INFO - 11/08/25 22:37:34 - 2:43:27 - Memory allocated:  43.97MB, reserved: 7648.00MB
INFO - 11/08/25 22:37:34 - 2:43:27 - ============ End of generation 17 ============
INFO - 11/08/25 22:37:34 - 2:43:27 - launching search.jl
INFO - 11/08/25 22:37:34 - 2:43:27 - JULIA_NUM_THREADS is set to 1
INFO - 11/08/25 22:42:08 - 2:48:01 - distribution of scores(all rounds)
INFO - 11/08/25 22:42:08 - 2:48:01 - Score:299008.0, Count:100
                                     
INFO - 11/08/25 22:42:08 - 2:48:01 - tokenizing
INFO - 11/08/25 22:42:08 - 2:48:01 - Loading tokenizer from /home/yuebi/Project/dim16_run/dim16_run_7/1111/tokenizer_data/tokenizer.json...
INFO - 11/08/25 22:42:08 - 2:48:01 - 0 / 100
INFO - 11/08/25 22:42:08 - 2:48:01 - number of examples in the dataset: 100
INFO - 11/08/25 22:42:08 - 2:48:01 - max word length: 112
INFO - 11/08/25 22:42:08 - 2:48:01 - number of unique characters in the vocabulary: 15
INFO - 11/08/25 22:42:08 - 2:48:01 - vocabulary:
INFO - 11/08/25 22:42:08 - 2:48:01 - ['V0', 'V1', 'V2', 'V3', 'V4', 'V5', 'V6', 'V7', 'V8', 'V9', 'V10', 'V11', 'V12', 'V13', 'V14']
INFO - 11/08/25 22:42:08 - 2:48:01 - split up the dataset into 90 training examples and 10 test examples
INFO - 11/08/25 22:42:08 - 2:48:01 - ============ Start of generation 18 ============
INFO - 11/08/25 22:42:08 - 2:48:01 - Memory allocated:  43.97MB, reserved: 7648.00MB
INFO - 11/08/25 22:42:08 - 2:48:01 - training
INFO - 11/08/25 22:42:08 - 2:48:01 - step 0 | loss 0.3819 | step time 264.47ms
INFO - 11/08/25 22:42:34 - 2:48:27 - step 100 | loss 0.0432 | step time 257.03ms
INFO - 11/08/25 22:43:00 - 2:48:53 - step 200 | loss 0.0433 | step time 257.30ms
INFO - 11/08/25 22:43:26 - 2:49:19 - step 300 | loss 0.0425 | step time 257.48ms
INFO - 11/08/25 22:43:51 - 2:49:44 - step 400 | loss 0.0430 | step time 257.53ms
INFO - 11/08/25 22:44:17 - 2:50:10 - step 500 | loss 0.0423 | step time 257.45ms
INFO - 11/08/25 22:44:17 - 2:50:10 - step 500 train loss: 0.04263657331466675 test loss: 0.26244354248046875
INFO - 11/08/25 22:44:17 - 2:50:10 - test loss 0.26244354248046875 is the best so far, saving model to /home/yuebi/Project/dim16_run/dim16_run_7/1111/model.pt
INFO - 11/08/25 22:44:43 - 2:50:36 - step 600 | loss 0.0425 | step time 257.33ms
INFO - 11/08/25 22:45:09 - 2:51:02 - step 700 | loss 0.0423 | step time 257.31ms
INFO - 11/08/25 22:45:35 - 2:51:28 - step 800 | loss 0.0420 | step time 257.23ms
INFO - 11/08/25 22:46:00 - 2:51:53 - step 900 | loss 0.0430 | step time 257.29ms
INFO - 11/08/25 22:46:26 - 2:52:19 - step 1000 | loss 0.0418 | step time 257.31ms
INFO - 11/08/25 22:46:26 - 2:52:19 - step 1000 train loss: 0.04227200895547867 test loss: 0.2308061569929123
INFO - 11/08/25 22:46:26 - 2:52:19 - test loss 0.2308061569929123 is the best so far, saving model to /home/yuebi/Project/dim16_run/dim16_run_7/1111/model.pt
INFO - 11/08/25 22:46:52 - 2:52:45 - step 1100 | loss 0.0424 | step time 257.49ms
INFO - 11/08/25 22:47:18 - 2:53:11 - step 1200 | loss 0.0559 | step time 257.27ms
INFO - 11/08/25 22:47:44 - 2:53:37 - step 1300 | loss 0.0425 | step time 257.48ms
INFO - 11/08/25 22:48:09 - 2:54:02 - step 1400 | loss 0.0427 | step time 257.44ms
INFO - 11/08/25 22:48:35 - 2:54:28 - Memory allocated:  43.97MB, reserved: 7648.00MB
INFO - 11/08/25 22:48:35 - 2:54:28 - generating
INFO - 11/08/25 22:54:12 - 0:00:00 - ============ Initialized logger ============
INFO - 11/08/25 22:54:12 - 0:00:00 - batch_size: 32
                                     command: python fc_loop.py --exp_name=dim16_run_7 --dump_path=/home/yuebi/Project/dim16_run --num_initial_empty_objects=800 --final_database_size=100 --target_db_size=100 --nb_local_searches=800 --max_epochs=25 --type=transformer --max-output-length=271 --sample-only=35000 --max-steps=1500 --n_tokens=15 --n-layer=8 --n-embd=128 --n-embd2=128 --exp_id=1111 --exp_id "1111"
                                     cpu: False
                                     debug: False
                                     debug_slurm: False
                                     dump_path: /home/yuebi/Project/dim16_run/dim16_run_7/1111
                                     exp_id: 1111
                                     exp_name: dim16_run_7
                                     final_database_size: 100
                                     gen_batch_size: 1000
                                     global_rank: 0
                                     is_master: True
                                     is_slurm_job: True
                                     learning_rate: 0.0005
                                     local_rank: 0
                                     master_addr: gpu-6
                                     master_port: -1
                                     max_epochs: 25
                                     max_output_length: 271
                                     max_steps: 1500
                                     multi_gpu: False
                                     multi_node: False
                                     n_embd: 128
                                     n_embd2: 128
                                     n_gpu_per_node: 1
                                     n_head: 8
                                     n_layer: 8
                                     n_nodes: 1
                                     n_tokens: 15
                                     nb_local_searches: 800
                                     nb_threads: 1
                                     node_id: 0
                                     num_initial_empty_objects: 800
                                     num_workers: 8
                                     sample_only: 35000
                                     seed: -1
                                     target_db_size: 100
                                     temperature: 1.0
                                     top_k: -1
                                     type: transformer
                                     weight_decay: 0.01
                                     world_size: 1
INFO - 11/08/25 22:54:12 - 0:00:00 - The experiment will be stored in /home/yuebi/Project/dim16_run/dim16_run_7/1111
                                     
INFO - 11/08/25 22:54:12 - 0:00:00 - Running command: python fc_loop.py --exp_name=dim16_run_7 --dump_path=/home/yuebi/Project/dim16_run --num_initial_empty_objects=800 --final_database_size=100 --target_db_size=100 --nb_local_searches=800 --max_epochs=25 --type=transformer --max-output-length=271 --sample-only=35000 --max-steps=1500 --n_tokens=15 --n-layer=8 --n-embd=128 --n-embd2=128 --exp_id=1111

WARNING - 11/08/25 22:54:12 - 0:00:00 - Signal handler installed.
INFO - 11/08/25 22:54:12 - 0:00:00 - seed: 534324446
INFO - 11/08/25 22:54:12 - 0:00:00 - initializing at generation: 18
INFO - 11/08/25 22:54:12 - 0:00:00 - number of examples in the dataset: 100
INFO - 11/08/25 22:54:12 - 0:00:00 - max word length: 112
INFO - 11/08/25 22:54:12 - 0:00:00 - number of unique characters in the vocabulary: 15
INFO - 11/08/25 22:54:12 - 0:00:00 - vocabulary:
INFO - 11/08/25 22:54:12 - 0:00:00 - ['V0', 'V1', 'V2', 'V3', 'V4', 'V5', 'V6', 'V7', 'V8', 'V9', 'V10', 'V11', 'V12', 'V13', 'V14']
INFO - 11/08/25 22:54:12 - 0:00:00 - split up the dataset into 90 training examples and 10 test examples
INFO - 11/08/25 22:54:12 - 0:00:00 - dataset determined that: vocab_size=16, block_size=272
INFO - 11/08/25 22:54:12 - 0:00:00 - model #params: 1625344
INFO - 11/08/25 22:54:12 - 0:00:00 - resuming from existing model
INFO - 11/08/25 22:54:12 - 0:00:00 - ============ Start of generation 18 ============
INFO - 11/08/25 22:54:12 - 0:00:00 - Memory allocated:  8.46MB, reserved: 18.00MB
INFO - 11/08/25 22:54:12 - 0:00:00 - training
INFO - 11/08/25 22:54:17 - 0:00:05 - step 0 | loss 0.0568 | step time 591.18ms
INFO - 11/08/25 22:54:42 - 0:00:30 - step 100 | loss 0.0433 | step time 256.97ms
INFO - 11/08/25 22:55:08 - 0:00:56 - step 200 | loss 0.0438 | step time 256.95ms
INFO - 11/08/25 22:55:34 - 0:01:22 - step 300 | loss 0.0423 | step time 257.14ms
INFO - 11/08/25 22:55:59 - 0:01:47 - step 400 | loss 0.0424 | step time 257.06ms
INFO - 11/08/25 22:56:25 - 0:02:13 - step 500 | loss 0.0430 | step time 256.84ms
INFO - 11/08/25 22:56:25 - 0:02:13 - step 500 train loss: 0.04235927015542984 test loss: 0.13693097233772278
INFO - 11/08/25 22:56:25 - 0:02:13 - test loss 0.13693097233772278 is the best so far, saving model to /home/yuebi/Project/dim16_run/dim16_run_7/1111/model.pt
INFO - 11/08/25 22:56:51 - 0:02:39 - step 600 | loss 0.0436 | step time 256.76ms
INFO - 11/08/25 22:57:17 - 0:03:05 - step 700 | loss 0.0425 | step time 256.87ms
INFO - 11/08/25 22:57:43 - 0:03:31 - step 800 | loss 0.0429 | step time 257.03ms
INFO - 11/08/25 22:58:08 - 0:03:56 - step 900 | loss 0.0416 | step time 256.86ms
INFO - 11/08/25 22:58:34 - 0:04:22 - step 1000 | loss 0.0424 | step time 256.92ms
INFO - 11/08/25 22:58:34 - 0:04:22 - step 1000 train loss: 0.042435385286808014 test loss: 0.20747609436511993
INFO - 11/08/25 22:59:00 - 0:04:48 - step 1100 | loss 0.0418 | step time 256.71ms
INFO - 11/08/25 22:59:26 - 0:05:14 - step 1200 | loss 0.0432 | step time 256.88ms
INFO - 11/08/25 22:59:51 - 0:05:39 - step 1300 | loss 0.0418 | step time 256.77ms
INFO - 11/08/25 23:00:17 - 0:06:05 - step 1400 | loss 0.0423 | step time 256.80ms
INFO - 11/08/25 23:00:42 - 0:06:30 - Memory allocated:  43.97MB, reserved: 2272.00MB
INFO - 11/08/25 23:00:42 - 0:06:30 - generating
INFO - 11/09/25 01:37:37 - 2:43:25 - distribution of sample lengths: average: 335.1036571428571 max: 755
INFO - 11/09/25 01:37:37 - 2:43:25 - printed 35000 samples
INFO - 11/09/25 01:37:37 - 2:43:25 - decoding
INFO - 11/09/25 01:37:38 - 2:43:26 - Decoding complete. Check the output in /home/yuebi/Project/dim16_run/dim16_run_7/1111/transformer-output-decoded.txt
INFO - 11/09/25 01:37:38 - 2:43:26 - Memory allocated:  43.97MB, reserved: 7648.00MB
INFO - 11/09/25 01:37:38 - 2:43:26 - ============ End of generation 18 ============
INFO - 11/09/25 01:37:38 - 2:43:26 - launching search.jl
INFO - 11/09/25 01:37:38 - 2:43:26 - JULIA_NUM_THREADS is set to 1
INFO - 11/09/25 01:42:14 - 2:48:02 - distribution of scores(all rounds)
INFO - 11/09/25 01:42:14 - 2:48:02 - Score:299008.0, Count:100
                                     
INFO - 11/09/25 01:42:14 - 2:48:02 - tokenizing
INFO - 11/09/25 01:42:14 - 2:48:02 - Loading tokenizer from /home/yuebi/Project/dim16_run/dim16_run_7/1111/tokenizer_data/tokenizer.json...
INFO - 11/09/25 01:42:14 - 2:48:02 - 0 / 100
INFO - 11/09/25 01:42:14 - 2:48:02 - number of examples in the dataset: 100
INFO - 11/09/25 01:42:14 - 2:48:02 - max word length: 112
INFO - 11/09/25 01:42:14 - 2:48:02 - number of unique characters in the vocabulary: 15
INFO - 11/09/25 01:42:14 - 2:48:02 - vocabulary:
INFO - 11/09/25 01:42:14 - 2:48:02 - ['V0', 'V1', 'V2', 'V3', 'V4', 'V5', 'V6', 'V7', 'V8', 'V9', 'V10', 'V11', 'V12', 'V13', 'V14']
INFO - 11/09/25 01:42:14 - 2:48:02 - split up the dataset into 90 training examples and 10 test examples
INFO - 11/09/25 01:42:14 - 2:48:02 - ============ Start of generation 19 ============
INFO - 11/09/25 01:42:14 - 2:48:02 - Memory allocated:  43.97MB, reserved: 7648.00MB
INFO - 11/09/25 01:42:14 - 2:48:02 - training
INFO - 11/09/25 01:42:14 - 2:48:02 - step 0 | loss 0.1224 | step time 264.41ms
INFO - 11/09/25 01:42:40 - 2:48:28 - step 100 | loss 0.0440 | step time 257.21ms
INFO - 11/09/25 01:43:06 - 2:48:54 - step 200 | loss 0.0442 | step time 257.13ms
INFO - 11/09/25 01:43:31 - 2:49:20 - step 300 | loss 0.0419 | step time 257.22ms
INFO - 11/09/25 01:43:57 - 2:49:45 - step 400 | loss 0.0417 | step time 257.27ms
INFO - 11/09/25 01:44:23 - 2:50:11 - step 500 | loss 0.0427 | step time 257.42ms
INFO - 11/09/25 01:44:23 - 2:50:11 - step 500 train loss: 0.042446933686733246 test loss: 0.15953238308429718
INFO - 11/09/25 01:44:23 - 2:50:11 - test loss 0.15953238308429718 is the best so far, saving model to /home/yuebi/Project/dim16_run/dim16_run_7/1111/model.pt
INFO - 11/09/25 01:44:49 - 2:50:37 - step 600 | loss 0.0415 | step time 257.20ms
INFO - 11/09/25 01:45:15 - 2:51:03 - step 700 | loss 0.0427 | step time 257.15ms
INFO - 11/09/25 01:45:40 - 2:51:28 - step 800 | loss 0.0420 | step time 257.54ms
INFO - 11/09/25 01:46:06 - 2:51:54 - step 900 | loss 0.0429 | step time 257.18ms
INFO - 11/09/25 01:46:32 - 2:52:20 - step 1000 | loss 0.0427 | step time 257.21ms
INFO - 11/09/25 01:46:32 - 2:52:20 - step 1000 train loss: 0.04408726468682289 test loss: 0.22383877635002136
INFO - 11/09/25 01:46:58 - 2:52:46 - step 1100 | loss 0.0422 | step time 257.35ms
INFO - 11/09/25 01:47:24 - 2:53:12 - step 1200 | loss 0.0424 | step time 257.21ms
INFO - 11/09/25 01:47:49 - 2:53:37 - step 1300 | loss 0.0422 | step time 257.17ms
INFO - 11/09/25 01:48:15 - 2:54:03 - step 1400 | loss 0.0425 | step time 257.30ms
INFO - 11/09/25 01:48:40 - 2:54:29 - Memory allocated:  43.97MB, reserved: 7648.00MB
INFO - 11/09/25 01:48:40 - 2:54:29 - generating
INFO - 11/09/25 01:54:14 - 0:00:00 - ============ Initialized logger ============
INFO - 11/09/25 01:54:14 - 0:00:00 - batch_size: 32
                                     command: python fc_loop.py --exp_name=dim16_run_7 --dump_path=/home/yuebi/Project/dim16_run --num_initial_empty_objects=800 --final_database_size=100 --target_db_size=100 --nb_local_searches=800 --max_epochs=25 --type=transformer --max-output-length=271 --sample-only=35000 --max-steps=1500 --n_tokens=15 --n-layer=8 --n-embd=128 --n-embd2=128 --exp_id=1111 --exp_id "1111"
                                     cpu: False
                                     debug: False
                                     debug_slurm: False
                                     dump_path: /home/yuebi/Project/dim16_run/dim16_run_7/1111
                                     exp_id: 1111
                                     exp_name: dim16_run_7
                                     final_database_size: 100
                                     gen_batch_size: 1000
                                     global_rank: 0
                                     is_master: True
                                     is_slurm_job: True
                                     learning_rate: 0.0005
                                     local_rank: 0
                                     master_addr: gpu-6
                                     master_port: -1
                                     max_epochs: 25
                                     max_output_length: 271
                                     max_steps: 1500
                                     multi_gpu: False
                                     multi_node: False
                                     n_embd: 128
                                     n_embd2: 128
                                     n_gpu_per_node: 1
                                     n_head: 8
                                     n_layer: 8
                                     n_nodes: 1
                                     n_tokens: 15
                                     nb_local_searches: 800
                                     nb_threads: 1
                                     node_id: 0
                                     num_initial_empty_objects: 800
                                     num_workers: 8
                                     sample_only: 35000
                                     seed: -1
                                     target_db_size: 100
                                     temperature: 1.0
                                     top_k: -1
                                     type: transformer
                                     weight_decay: 0.01
                                     world_size: 1
INFO - 11/09/25 01:54:14 - 0:00:00 - The experiment will be stored in /home/yuebi/Project/dim16_run/dim16_run_7/1111
                                     
INFO - 11/09/25 01:54:14 - 0:00:00 - Running command: python fc_loop.py --exp_name=dim16_run_7 --dump_path=/home/yuebi/Project/dim16_run --num_initial_empty_objects=800 --final_database_size=100 --target_db_size=100 --nb_local_searches=800 --max_epochs=25 --type=transformer --max-output-length=271 --sample-only=35000 --max-steps=1500 --n_tokens=15 --n-layer=8 --n-embd=128 --n-embd2=128 --exp_id=1111

WARNING - 11/09/25 01:54:14 - 0:00:00 - Signal handler installed.
INFO - 11/09/25 01:54:14 - 0:00:00 - seed: 509590579
INFO - 11/09/25 01:54:14 - 0:00:00 - initializing at generation: 19
INFO - 11/09/25 01:54:14 - 0:00:00 - number of examples in the dataset: 100
INFO - 11/09/25 01:54:14 - 0:00:00 - max word length: 112
INFO - 11/09/25 01:54:14 - 0:00:00 - number of unique characters in the vocabulary: 15
INFO - 11/09/25 01:54:14 - 0:00:00 - vocabulary:
INFO - 11/09/25 01:54:14 - 0:00:00 - ['V0', 'V1', 'V2', 'V3', 'V4', 'V5', 'V6', 'V7', 'V8', 'V9', 'V10', 'V11', 'V12', 'V13', 'V14']
INFO - 11/09/25 01:54:14 - 0:00:00 - split up the dataset into 90 training examples and 10 test examples
INFO - 11/09/25 01:54:14 - 0:00:00 - dataset determined that: vocab_size=16, block_size=272
INFO - 11/09/25 01:54:14 - 0:00:00 - model #params: 1625344
INFO - 11/09/25 01:54:14 - 0:00:00 - resuming from existing model
INFO - 11/09/25 01:54:14 - 0:00:00 - ============ Start of generation 19 ============
INFO - 11/09/25 01:54:14 - 0:00:00 - Memory allocated:  8.46MB, reserved: 18.00MB
INFO - 11/09/25 01:54:14 - 0:00:00 - training
INFO - 11/09/25 01:54:19 - 0:00:05 - step 0 | loss 0.0604 | step time 597.59ms
INFO - 11/09/25 01:54:45 - 0:00:31 - step 100 | loss 0.0422 | step time 257.06ms
INFO - 11/09/25 01:55:10 - 0:00:57 - step 200 | loss 0.0421 | step time 257.16ms
INFO - 11/09/25 01:55:36 - 0:01:22 - step 300 | loss 0.0424 | step time 257.07ms
INFO - 11/09/25 01:56:02 - 0:01:48 - step 400 | loss 0.0422 | step time 256.87ms
INFO - 11/09/25 01:56:28 - 0:02:14 - step 500 | loss 0.0418 | step time 257.11ms
INFO - 11/09/25 01:56:28 - 0:02:14 - step 500 train loss: 0.04250483959913254 test loss: 0.10149262100458145
INFO - 11/09/25 01:56:28 - 0:02:14 - test loss 0.10149262100458145 is the best so far, saving model to /home/yuebi/Project/dim16_run/dim16_run_7/1111/model.pt
INFO - 11/09/25 01:56:54 - 0:02:40 - step 600 | loss 0.0422 | step time 256.83ms
INFO - 11/09/25 01:57:19 - 0:03:05 - step 700 | loss 0.0658 | step time 257.39ms
INFO - 11/09/25 01:57:45 - 0:03:31 - step 800 | loss 0.0418 | step time 256.93ms
INFO - 11/09/25 01:58:11 - 0:03:57 - step 900 | loss 0.0426 | step time 257.06ms
INFO - 11/09/25 01:58:36 - 0:04:22 - step 1000 | loss 0.0420 | step time 257.14ms
INFO - 11/09/25 01:58:37 - 0:04:23 - step 1000 train loss: 0.042305994778871536 test loss: 0.24311047792434692
INFO - 11/09/25 01:59:02 - 0:04:48 - step 1100 | loss 0.0431 | step time 256.78ms
INFO - 11/09/25 01:59:28 - 0:05:14 - step 1200 | loss 0.0428 | step time 257.25ms
INFO - 11/09/25 01:59:54 - 0:05:40 - step 1300 | loss 0.0423 | step time 257.04ms
INFO - 11/09/25 02:00:20 - 0:06:06 - step 1400 | loss 0.0427 | step time 257.13ms
INFO - 11/09/25 02:00:45 - 0:06:31 - Memory allocated:  43.97MB, reserved: 2272.00MB
INFO - 11/09/25 02:00:45 - 0:06:31 - generating
INFO - 11/09/25 04:37:39 - 2:43:25 - distribution of sample lengths: average: 334.9032 max: 354
INFO - 11/09/25 04:37:39 - 2:43:25 - printed 35000 samples
INFO - 11/09/25 04:37:39 - 2:43:25 - decoding
INFO - 11/09/25 04:37:40 - 2:43:26 - Decoding complete. Check the output in /home/yuebi/Project/dim16_run/dim16_run_7/1111/transformer-output-decoded.txt
INFO - 11/09/25 04:37:40 - 2:43:26 - Memory allocated:  43.97MB, reserved: 7648.00MB
INFO - 11/09/25 04:37:40 - 2:43:26 - ============ End of generation 19 ============
INFO - 11/09/25 04:37:40 - 2:43:26 - launching search.jl
INFO - 11/09/25 04:37:40 - 2:43:26 - JULIA_NUM_THREADS is set to 1
INFO - 11/09/25 04:42:21 - 2:48:07 - distribution of scores(all rounds)
INFO - 11/09/25 04:42:21 - 2:48:07 - Score:299008.0, Count:100
                                     
INFO - 11/09/25 04:42:21 - 2:48:07 - tokenizing
INFO - 11/09/25 04:42:21 - 2:48:07 - Loading tokenizer from /home/yuebi/Project/dim16_run/dim16_run_7/1111/tokenizer_data/tokenizer.json...
INFO - 11/09/25 04:42:21 - 2:48:07 - 0 / 100
INFO - 11/09/25 04:42:21 - 2:48:07 - number of examples in the dataset: 100
INFO - 11/09/25 04:42:21 - 2:48:07 - max word length: 112
INFO - 11/09/25 04:42:21 - 2:48:07 - number of unique characters in the vocabulary: 15
INFO - 11/09/25 04:42:21 - 2:48:07 - vocabulary:
INFO - 11/09/25 04:42:21 - 2:48:07 - ['V0', 'V1', 'V2', 'V3', 'V4', 'V5', 'V6', 'V7', 'V8', 'V9', 'V10', 'V11', 'V12', 'V13', 'V14']
INFO - 11/09/25 04:42:21 - 2:48:07 - split up the dataset into 90 training examples and 10 test examples
INFO - 11/09/25 04:42:21 - 2:48:07 - ============ Start of generation 20 ============
INFO - 11/09/25 04:42:21 - 2:48:07 - Memory allocated:  43.97MB, reserved: 7648.00MB
INFO - 11/09/25 04:42:21 - 2:48:07 - training
INFO - 11/09/25 04:42:21 - 2:48:07 - step 0 | loss 0.0790 | step time 264.47ms
INFO - 11/09/25 04:42:47 - 2:48:33 - step 100 | loss 0.0426 | step time 257.23ms
INFO - 11/09/25 04:43:12 - 2:48:58 - step 200 | loss 0.0419 | step time 257.90ms
INFO - 11/09/25 04:43:38 - 2:49:24 - step 300 | loss 0.0422 | step time 257.21ms
INFO - 11/09/25 04:44:04 - 2:49:50 - step 400 | loss 0.0423 | step time 257.39ms
INFO - 11/09/25 04:44:30 - 2:50:16 - step 500 | loss 0.0431 | step time 257.17ms
INFO - 11/09/25 04:44:30 - 2:50:16 - step 500 train loss: 0.042441919445991516 test loss: 0.12108064442873001
INFO - 11/09/25 04:44:30 - 2:50:16 - test loss 0.12108064442873001 is the best so far, saving model to /home/yuebi/Project/dim16_run/dim16_run_7/1111/model.pt
INFO - 11/09/25 04:44:56 - 2:50:42 - step 600 | loss 0.0420 | step time 257.29ms
INFO - 11/09/25 04:45:21 - 2:51:07 - step 700 | loss 0.0427 | step time 257.57ms
INFO - 11/09/25 04:45:47 - 2:51:33 - step 800 | loss 0.0432 | step time 257.20ms
INFO - 11/09/25 04:46:13 - 2:51:59 - step 900 | loss 0.0420 | step time 257.28ms
INFO - 11/09/25 04:46:39 - 2:52:25 - step 1000 | loss 0.0421 | step time 257.30ms
INFO - 11/09/25 04:46:39 - 2:52:25 - step 1000 train loss: 0.042346540838479996 test loss: 0.13230377435684204
INFO - 11/09/25 04:47:05 - 2:52:51 - step 1100 | loss 0.0422 | step time 257.33ms
INFO - 11/09/25 04:47:30 - 2:53:16 - step 1200 | loss 0.0420 | step time 257.11ms
INFO - 11/09/25 04:47:56 - 2:53:42 - step 1300 | loss 0.0423 | step time 257.20ms
INFO - 11/09/25 04:48:22 - 2:54:08 - step 1400 | loss 0.0425 | step time 257.39ms
INFO - 11/09/25 04:48:47 - 2:54:33 - Memory allocated:  43.97MB, reserved: 7648.00MB
INFO - 11/09/25 04:48:47 - 2:54:33 - generating
INFO - 11/09/25 04:54:18 - 0:00:00 - ============ Initialized logger ============
INFO - 11/09/25 04:54:18 - 0:00:00 - batch_size: 32
                                     command: python fc_loop.py --exp_name=dim16_run_7 --dump_path=/home/yuebi/Project/dim16_run --num_initial_empty_objects=800 --final_database_size=100 --target_db_size=100 --nb_local_searches=800 --max_epochs=25 --type=transformer --max-output-length=271 --sample-only=35000 --max-steps=1500 --n_tokens=15 --n-layer=8 --n-embd=128 --n-embd2=128 --exp_id=1111 --exp_id "1111"
                                     cpu: False
                                     debug: False
                                     debug_slurm: False
                                     dump_path: /home/yuebi/Project/dim16_run/dim16_run_7/1111
                                     exp_id: 1111
                                     exp_name: dim16_run_7
                                     final_database_size: 100
                                     gen_batch_size: 1000
                                     global_rank: 0
                                     is_master: True
                                     is_slurm_job: True
                                     learning_rate: 0.0005
                                     local_rank: 0
                                     master_addr: gpu-6
                                     master_port: -1
                                     max_epochs: 25
                                     max_output_length: 271
                                     max_steps: 1500
                                     multi_gpu: False
                                     multi_node: False
                                     n_embd: 128
                                     n_embd2: 128
                                     n_gpu_per_node: 1
                                     n_head: 8
                                     n_layer: 8
                                     n_nodes: 1
                                     n_tokens: 15
                                     nb_local_searches: 800
                                     nb_threads: 1
                                     node_id: 0
                                     num_initial_empty_objects: 800
                                     num_workers: 8
                                     sample_only: 35000
                                     seed: -1
                                     target_db_size: 100
                                     temperature: 1.0
                                     top_k: -1
                                     type: transformer
                                     weight_decay: 0.01
                                     world_size: 1
INFO - 11/09/25 04:54:18 - 0:00:00 - The experiment will be stored in /home/yuebi/Project/dim16_run/dim16_run_7/1111
                                     
INFO - 11/09/25 04:54:18 - 0:00:00 - Running command: python fc_loop.py --exp_name=dim16_run_7 --dump_path=/home/yuebi/Project/dim16_run --num_initial_empty_objects=800 --final_database_size=100 --target_db_size=100 --nb_local_searches=800 --max_epochs=25 --type=transformer --max-output-length=271 --sample-only=35000 --max-steps=1500 --n_tokens=15 --n-layer=8 --n-embd=128 --n-embd2=128 --exp_id=1111

WARNING - 11/09/25 04:54:18 - 0:00:00 - Signal handler installed.
INFO - 11/09/25 04:54:18 - 0:00:00 - seed: 542076811
INFO - 11/09/25 04:54:18 - 0:00:00 - initializing at generation: 20
INFO - 11/09/25 04:54:18 - 0:00:00 - number of examples in the dataset: 100
INFO - 11/09/25 04:54:18 - 0:00:00 - max word length: 112
INFO - 11/09/25 04:54:18 - 0:00:00 - number of unique characters in the vocabulary: 15
INFO - 11/09/25 04:54:18 - 0:00:00 - vocabulary:
INFO - 11/09/25 04:54:18 - 0:00:00 - ['V0', 'V1', 'V2', 'V3', 'V4', 'V5', 'V6', 'V7', 'V8', 'V9', 'V10', 'V11', 'V12', 'V13', 'V14']
INFO - 11/09/25 04:54:18 - 0:00:00 - split up the dataset into 90 training examples and 10 test examples
INFO - 11/09/25 04:54:18 - 0:00:00 - dataset determined that: vocab_size=16, block_size=272
INFO - 11/09/25 04:54:18 - 0:00:00 - model #params: 1625344
INFO - 11/09/25 04:54:18 - 0:00:00 - resuming from existing model
INFO - 11/09/25 04:54:18 - 0:00:00 - ============ Start of generation 20 ============
INFO - 11/09/25 04:54:18 - 0:00:00 - Memory allocated:  8.46MB, reserved: 18.00MB
INFO - 11/09/25 04:54:18 - 0:00:00 - training
INFO - 11/09/25 04:54:23 - 0:00:05 - step 0 | loss 0.0438 | step time 591.98ms
INFO - 11/09/25 04:54:49 - 0:00:31 - step 100 | loss 0.0428 | step time 257.16ms
INFO - 11/09/25 04:55:15 - 0:00:56 - step 200 | loss 0.0424 | step time 257.18ms
INFO - 11/09/25 04:55:40 - 0:01:22 - step 300 | loss 0.0416 | step time 257.04ms
INFO - 11/09/25 04:56:06 - 0:01:48 - step 400 | loss 0.0420 | step time 256.86ms
INFO - 11/09/25 04:56:32 - 0:02:14 - step 500 | loss 0.0418 | step time 256.97ms
INFO - 11/09/25 04:56:32 - 0:02:14 - step 500 train loss: 0.042450521141290665 test loss: 0.09002304077148438
INFO - 11/09/25 04:56:32 - 0:02:14 - test loss 0.09002304077148438 is the best so far, saving model to /home/yuebi/Project/dim16_run/dim16_run_7/1111/model.pt
INFO - 11/09/25 04:56:58 - 0:02:40 - step 600 | loss 0.0423 | step time 257.07ms
INFO - 11/09/25 04:57:23 - 0:03:05 - step 700 | loss 0.0430 | step time 256.90ms
INFO - 11/09/25 04:57:49 - 0:03:31 - step 800 | loss 0.0435 | step time 256.98ms
INFO - 11/09/25 04:58:15 - 0:03:57 - step 900 | loss 0.0420 | step time 256.91ms
INFO - 11/09/25 04:58:40 - 0:04:22 - step 1000 | loss 0.0429 | step time 257.09ms
INFO - 11/09/25 04:58:41 - 0:04:23 - step 1000 train loss: 0.042351413518190384 test loss: 0.16159293055534363
INFO - 11/09/25 04:59:06 - 0:04:48 - step 1100 | loss 0.0432 | step time 256.71ms
INFO - 11/09/25 04:59:32 - 0:05:14 - step 1200 | loss 0.0423 | step time 256.88ms
INFO - 11/09/25 04:59:58 - 0:05:40 - step 1300 | loss 0.0428 | step time 256.84ms
INFO - 11/09/25 05:00:23 - 0:06:05 - step 1400 | loss 0.0428 | step time 257.11ms
INFO - 11/09/25 05:00:49 - 0:06:31 - Memory allocated:  43.97MB, reserved: 2272.00MB
INFO - 11/09/25 05:00:49 - 0:06:31 - generating
INFO - 11/09/25 07:37:43 - 2:43:25 - distribution of sample lengths: average: 334.4002 max: 843
INFO - 11/09/25 07:37:43 - 2:43:25 - printed 35000 samples
INFO - 11/09/25 07:37:43 - 2:43:25 - decoding
INFO - 11/09/25 07:37:44 - 2:43:26 - Decoding complete. Check the output in /home/yuebi/Project/dim16_run/dim16_run_7/1111/transformer-output-decoded.txt
INFO - 11/09/25 07:37:44 - 2:43:26 - Memory allocated:  43.97MB, reserved: 7648.00MB
INFO - 11/09/25 07:37:44 - 2:43:26 - ============ End of generation 20 ============
INFO - 11/09/25 07:37:44 - 2:43:26 - launching search.jl
INFO - 11/09/25 07:37:44 - 2:43:26 - JULIA_NUM_THREADS is set to 1
INFO - 11/09/25 07:42:19 - 2:48:01 - distribution of scores(all rounds)
INFO - 11/09/25 07:42:19 - 2:48:01 - Score:299008.0, Count:100
                                     
INFO - 11/09/25 07:42:19 - 2:48:01 - tokenizing
INFO - 11/09/25 07:42:19 - 2:48:01 - Loading tokenizer from /home/yuebi/Project/dim16_run/dim16_run_7/1111/tokenizer_data/tokenizer.json...
INFO - 11/09/25 07:42:19 - 2:48:01 - 0 / 100
INFO - 11/09/25 07:42:19 - 2:48:01 - number of examples in the dataset: 100
INFO - 11/09/25 07:42:19 - 2:48:01 - max word length: 112
INFO - 11/09/25 07:42:19 - 2:48:01 - number of unique characters in the vocabulary: 15
INFO - 11/09/25 07:42:19 - 2:48:01 - vocabulary:
INFO - 11/09/25 07:42:19 - 2:48:01 - ['V0', 'V1', 'V2', 'V3', 'V4', 'V5', 'V6', 'V7', 'V8', 'V9', 'V10', 'V11', 'V12', 'V13', 'V14']
INFO - 11/09/25 07:42:19 - 2:48:01 - split up the dataset into 90 training examples and 10 test examples
INFO - 11/09/25 07:42:19 - 2:48:01 - ============ Start of generation 21 ============
INFO - 11/09/25 07:42:19 - 2:48:01 - Memory allocated:  43.97MB, reserved: 7648.00MB
INFO - 11/09/25 07:42:19 - 2:48:01 - training
INFO - 11/09/25 07:42:20 - 2:48:02 - step 0 | loss 0.0495 | step time 265.28ms
INFO - 11/09/25 07:42:45 - 2:48:27 - step 100 | loss 0.0442 | step time 257.13ms
INFO - 11/09/25 07:43:11 - 2:48:53 - step 200 | loss 0.0421 | step time 257.53ms
INFO - 11/09/25 07:43:37 - 2:49:19 - step 300 | loss 0.0420 | step time 257.35ms
INFO - 11/09/25 07:44:03 - 2:49:45 - step 400 | loss 0.0421 | step time 257.41ms
INFO - 11/09/25 07:44:28 - 2:50:10 - step 500 | loss 0.0431 | step time 257.18ms
INFO - 11/09/25 07:44:29 - 2:50:11 - step 500 train loss: 0.0424947626888752 test loss: 0.10016673803329468
INFO - 11/09/25 07:44:29 - 2:50:11 - test loss 0.10016673803329468 is the best so far, saving model to /home/yuebi/Project/dim16_run/dim16_run_7/1111/model.pt
INFO - 11/09/25 07:44:54 - 2:50:36 - step 600 | loss 0.0422 | step time 257.37ms
INFO - 11/09/25 07:45:20 - 2:51:02 - step 700 | loss 0.0430 | step time 257.31ms
INFO - 11/09/25 07:45:46 - 2:51:28 - step 800 | loss 0.0465 | step time 257.40ms
INFO - 11/09/25 07:46:12 - 2:51:54 - step 900 | loss 0.0425 | step time 257.32ms
INFO - 11/09/25 07:46:37 - 2:52:19 - step 1000 | loss 0.0422 | step time 257.46ms
INFO - 11/09/25 07:46:38 - 2:52:20 - step 1000 train loss: 0.04241826385259628 test loss: 0.1581777036190033
INFO - 11/09/25 07:47:03 - 2:52:45 - step 1100 | loss 0.0428 | step time 257.40ms
INFO - 11/09/25 07:47:29 - 2:53:11 - step 1200 | loss 0.0417 | step time 257.70ms
INFO - 11/09/25 07:47:55 - 2:53:37 - step 1300 | loss 0.0417 | step time 257.29ms
INFO - 11/09/25 07:48:21 - 2:54:03 - step 1400 | loss 0.0419 | step time 257.53ms
INFO - 11/09/25 07:48:46 - 2:54:28 - Memory allocated:  43.97MB, reserved: 7648.00MB
INFO - 11/09/25 07:48:46 - 2:54:28 - generating
INFO - 11/09/25 07:54:21 - 0:00:00 - ============ Initialized logger ============
INFO - 11/09/25 07:54:21 - 0:00:00 - batch_size: 32
                                     command: python fc_loop.py --exp_name=dim16_run_7 --dump_path=/home/yuebi/Project/dim16_run --num_initial_empty_objects=800 --final_database_size=100 --target_db_size=100 --nb_local_searches=800 --max_epochs=25 --type=transformer --max-output-length=271 --sample-only=35000 --max-steps=1500 --n_tokens=15 --n-layer=8 --n-embd=128 --n-embd2=128 --exp_id=1111 --exp_id "1111"
                                     cpu: False
                                     debug: False
                                     debug_slurm: False
                                     dump_path: /home/yuebi/Project/dim16_run/dim16_run_7/1111
                                     exp_id: 1111
                                     exp_name: dim16_run_7
                                     final_database_size: 100
                                     gen_batch_size: 1000
                                     global_rank: 0
                                     is_master: True
                                     is_slurm_job: True
                                     learning_rate: 0.0005
                                     local_rank: 0
                                     master_addr: gpu-6
                                     master_port: -1
                                     max_epochs: 25
                                     max_output_length: 271
                                     max_steps: 1500
                                     multi_gpu: False
                                     multi_node: False
                                     n_embd: 128
                                     n_embd2: 128
                                     n_gpu_per_node: 1
                                     n_head: 8
                                     n_layer: 8
                                     n_nodes: 1
                                     n_tokens: 15
                                     nb_local_searches: 800
                                     nb_threads: 1
                                     node_id: 0
                                     num_initial_empty_objects: 800
                                     num_workers: 8
                                     sample_only: 35000
                                     seed: -1
                                     target_db_size: 100
                                     temperature: 1.0
                                     top_k: -1
                                     type: transformer
                                     weight_decay: 0.01
                                     world_size: 1
INFO - 11/09/25 07:54:21 - 0:00:00 - The experiment will be stored in /home/yuebi/Project/dim16_run/dim16_run_7/1111
                                     
INFO - 11/09/25 07:54:21 - 0:00:00 - Running command: python fc_loop.py --exp_name=dim16_run_7 --dump_path=/home/yuebi/Project/dim16_run --num_initial_empty_objects=800 --final_database_size=100 --target_db_size=100 --nb_local_searches=800 --max_epochs=25 --type=transformer --max-output-length=271 --sample-only=35000 --max-steps=1500 --n_tokens=15 --n-layer=8 --n-embd=128 --n-embd2=128 --exp_id=1111

WARNING - 11/09/25 07:54:21 - 0:00:00 - Signal handler installed.
INFO - 11/09/25 07:54:21 - 0:00:00 - seed: 360400865
INFO - 11/09/25 07:54:21 - 0:00:00 - initializing at generation: 21
INFO - 11/09/25 07:54:21 - 0:00:00 - number of examples in the dataset: 100
INFO - 11/09/25 07:54:21 - 0:00:00 - max word length: 112
INFO - 11/09/25 07:54:21 - 0:00:00 - number of unique characters in the vocabulary: 15
INFO - 11/09/25 07:54:21 - 0:00:00 - vocabulary:
INFO - 11/09/25 07:54:21 - 0:00:00 - ['V0', 'V1', 'V2', 'V3', 'V4', 'V5', 'V6', 'V7', 'V8', 'V9', 'V10', 'V11', 'V12', 'V13', 'V14']
INFO - 11/09/25 07:54:21 - 0:00:00 - split up the dataset into 90 training examples and 10 test examples
INFO - 11/09/25 07:54:21 - 0:00:00 - dataset determined that: vocab_size=16, block_size=272
INFO - 11/09/25 07:54:21 - 0:00:00 - model #params: 1625344
INFO - 11/09/25 07:54:21 - 0:00:00 - resuming from existing model
INFO - 11/09/25 07:54:21 - 0:00:00 - ============ Start of generation 21 ============
INFO - 11/09/25 07:54:21 - 0:00:00 - Memory allocated:  8.46MB, reserved: 18.00MB
INFO - 11/09/25 07:54:21 - 0:00:00 - training
INFO - 11/09/25 07:54:26 - 0:00:05 - step 0 | loss 0.0506 | step time 584.64ms
INFO - 11/09/25 07:54:52 - 0:00:31 - step 100 | loss 0.0422 | step time 256.92ms
INFO - 11/09/25 07:55:18 - 0:00:57 - step 200 | loss 0.0422 | step time 256.91ms
INFO - 11/09/25 07:55:44 - 0:01:23 - step 300 | loss 0.0422 | step time 257.24ms
INFO - 11/09/25 07:56:09 - 0:01:48 - step 400 | loss 0.0416 | step time 256.91ms
INFO - 11/09/25 07:56:35 - 0:02:14 - step 500 | loss 0.0416 | step time 257.00ms
INFO - 11/09/25 07:56:35 - 0:02:14 - step 500 train loss: 0.04259667545557022 test loss: 0.10695795714855194
INFO - 11/09/25 07:56:35 - 0:02:14 - test loss 0.10695795714855194 is the best so far, saving model to /home/yuebi/Project/dim16_run/dim16_run_7/1111/model.pt
INFO - 11/09/25 07:57:01 - 0:02:40 - step 600 | loss 0.0431 | step time 256.96ms
INFO - 11/09/25 07:57:27 - 0:03:06 - step 700 | loss 0.0431 | step time 257.09ms
INFO - 11/09/25 07:57:52 - 0:03:31 - step 800 | loss 0.0419 | step time 257.15ms
INFO - 11/09/25 07:58:18 - 0:03:57 - step 900 | loss 0.0418 | step time 257.29ms
INFO - 11/09/25 07:58:44 - 0:04:23 - step 1000 | loss 0.0432 | step time 257.16ms
INFO - 11/09/25 07:58:44 - 0:04:23 - step 1000 train loss: 0.04229132458567619 test loss: 0.16836673021316528
INFO - 11/09/25 07:59:10 - 0:04:49 - step 1100 | loss 0.0430 | step time 256.65ms
INFO - 11/09/25 07:59:36 - 0:05:15 - step 1200 | loss 0.0423 | step time 257.04ms
INFO - 11/09/25 08:00:01 - 0:05:40 - step 1300 | loss 0.0421 | step time 257.23ms
INFO - 11/09/25 08:00:27 - 0:06:06 - step 1400 | loss 0.0424 | step time 257.17ms
INFO - 11/09/25 08:00:52 - 0:06:31 - Memory allocated:  43.97MB, reserved: 2272.00MB
INFO - 11/09/25 08:00:52 - 0:06:31 - generating
INFO - 11/09/25 10:37:47 - 2:43:26 - distribution of sample lengths: average: 334.52522857142856 max: 352
INFO - 11/09/25 10:37:47 - 2:43:26 - printed 35000 samples
INFO - 11/09/25 10:37:47 - 2:43:26 - decoding
INFO - 11/09/25 10:37:47 - 2:43:26 - Decoding complete. Check the output in /home/yuebi/Project/dim16_run/dim16_run_7/1111/transformer-output-decoded.txt
INFO - 11/09/25 10:37:47 - 2:43:26 - Memory allocated:  43.97MB, reserved: 7648.00MB
INFO - 11/09/25 10:37:47 - 2:43:26 - ============ End of generation 21 ============
INFO - 11/09/25 10:37:47 - 2:43:26 - launching search.jl
INFO - 11/09/25 10:37:47 - 2:43:26 - JULIA_NUM_THREADS is set to 1
INFO - 11/09/25 10:42:23 - 2:48:02 - distribution of scores(all rounds)
INFO - 11/09/25 10:42:23 - 2:48:02 - Score:299008.0, Count:100
                                     
INFO - 11/09/25 10:42:23 - 2:48:02 - tokenizing
INFO - 11/09/25 10:42:23 - 2:48:02 - Loading tokenizer from /home/yuebi/Project/dim16_run/dim16_run_7/1111/tokenizer_data/tokenizer.json...
INFO - 11/09/25 10:42:23 - 2:48:02 - 0 / 100
INFO - 11/09/25 10:42:23 - 2:48:02 - number of examples in the dataset: 100
INFO - 11/09/25 10:42:23 - 2:48:02 - max word length: 112
INFO - 11/09/25 10:42:23 - 2:48:02 - number of unique characters in the vocabulary: 15
INFO - 11/09/25 10:42:23 - 2:48:02 - vocabulary:
INFO - 11/09/25 10:42:23 - 2:48:02 - ['V0', 'V1', 'V2', 'V3', 'V4', 'V5', 'V6', 'V7', 'V8', 'V9', 'V10', 'V11', 'V12', 'V13', 'V14']
INFO - 11/09/25 10:42:23 - 2:48:02 - split up the dataset into 90 training examples and 10 test examples
INFO - 11/09/25 10:42:23 - 2:48:02 - ============ Start of generation 22 ============
INFO - 11/09/25 10:42:23 - 2:48:02 - Memory allocated:  43.97MB, reserved: 7648.00MB
INFO - 11/09/25 10:42:23 - 2:48:02 - training
INFO - 11/09/25 10:42:24 - 2:48:03 - step 0 | loss 0.0613 | step time 264.48ms
INFO - 11/09/25 10:42:50 - 2:48:29 - step 100 | loss 0.0431 | step time 257.17ms
INFO - 11/09/25 10:43:15 - 2:48:54 - step 200 | loss 0.0425 | step time 257.11ms
INFO - 11/09/25 10:43:41 - 2:49:20 - step 300 | loss 0.0429 | step time 257.37ms
INFO - 11/09/25 10:44:07 - 2:49:46 - step 400 | loss 0.0424 | step time 257.26ms
INFO - 11/09/25 10:44:32 - 2:50:11 - step 500 | loss 0.0411 | step time 257.22ms
INFO - 11/09/25 10:44:33 - 2:50:12 - step 500 train loss: 0.04253480210900307 test loss: 0.09719337522983551
INFO - 11/09/25 10:44:33 - 2:50:12 - test loss 0.09719337522983551 is the best so far, saving model to /home/yuebi/Project/dim16_run/dim16_run_7/1111/model.pt
INFO - 11/09/25 10:44:58 - 2:50:37 - step 600 | loss 0.0424 | step time 257.26ms
INFO - 11/09/25 10:45:24 - 2:51:03 - step 700 | loss 0.0425 | step time 257.76ms
INFO - 11/09/25 10:45:50 - 2:51:29 - step 800 | loss 0.0418 | step time 257.48ms
INFO - 11/09/25 10:46:16 - 2:51:55 - step 900 | loss 0.0423 | step time 257.10ms
INFO - 11/09/25 10:46:41 - 2:52:20 - step 1000 | loss 0.0431 | step time 257.26ms
INFO - 11/09/25 10:46:42 - 2:52:21 - step 1000 train loss: 0.0424768328666687 test loss: 0.14893367886543274
INFO - 11/09/25 10:47:07 - 2:52:46 - step 1100 | loss 0.0419 | step time 257.25ms
INFO - 11/09/25 10:47:33 - 2:53:12 - step 1200 | loss 0.0418 | step time 257.64ms
INFO - 11/09/25 10:47:59 - 2:53:38 - step 1300 | loss 0.0420 | step time 257.17ms
INFO - 11/09/25 10:48:25 - 2:54:04 - step 1400 | loss 0.0420 | step time 257.27ms
INFO - 11/09/25 10:48:50 - 2:54:29 - Memory allocated:  43.97MB, reserved: 7648.00MB
INFO - 11/09/25 10:48:50 - 2:54:29 - generating
INFO - 11/09/25 10:54:27 - 0:00:00 - ============ Initialized logger ============
INFO - 11/09/25 10:54:27 - 0:00:00 - batch_size: 32
                                     command: python fc_loop.py --exp_name=dim16_run_7 --dump_path=/home/yuebi/Project/dim16_run --num_initial_empty_objects=800 --final_database_size=100 --target_db_size=100 --nb_local_searches=800 --max_epochs=25 --type=transformer --max-output-length=271 --sample-only=35000 --max-steps=1500 --n_tokens=15 --n-layer=8 --n-embd=128 --n-embd2=128 --exp_id=1111 --exp_id "1111"
                                     cpu: False
                                     debug: False
                                     debug_slurm: False
                                     dump_path: /home/yuebi/Project/dim16_run/dim16_run_7/1111
                                     exp_id: 1111
                                     exp_name: dim16_run_7
                                     final_database_size: 100
                                     gen_batch_size: 1000
                                     global_rank: 0
                                     is_master: True
                                     is_slurm_job: True
                                     learning_rate: 0.0005
                                     local_rank: 0
                                     master_addr: gpu-6
                                     master_port: -1
                                     max_epochs: 25
                                     max_output_length: 271
                                     max_steps: 1500
                                     multi_gpu: False
                                     multi_node: False
                                     n_embd: 128
                                     n_embd2: 128
                                     n_gpu_per_node: 1
                                     n_head: 8
                                     n_layer: 8
                                     n_nodes: 1
                                     n_tokens: 15
                                     nb_local_searches: 800
                                     nb_threads: 1
                                     node_id: 0
                                     num_initial_empty_objects: 800
                                     num_workers: 8
                                     sample_only: 35000
                                     seed: -1
                                     target_db_size: 100
                                     temperature: 1.0
                                     top_k: -1
                                     type: transformer
                                     weight_decay: 0.01
                                     world_size: 1
INFO - 11/09/25 10:54:27 - 0:00:00 - The experiment will be stored in /home/yuebi/Project/dim16_run/dim16_run_7/1111
                                     
INFO - 11/09/25 10:54:27 - 0:00:00 - Running command: python fc_loop.py --exp_name=dim16_run_7 --dump_path=/home/yuebi/Project/dim16_run --num_initial_empty_objects=800 --final_database_size=100 --target_db_size=100 --nb_local_searches=800 --max_epochs=25 --type=transformer --max-output-length=271 --sample-only=35000 --max-steps=1500 --n_tokens=15 --n-layer=8 --n-embd=128 --n-embd2=128 --exp_id=1111

WARNING - 11/09/25 10:54:27 - 0:00:00 - Signal handler installed.
INFO - 11/09/25 10:54:27 - 0:00:00 - seed: 71786077
INFO - 11/09/25 10:54:27 - 0:00:00 - initializing at generation: 22
INFO - 11/09/25 10:54:27 - 0:00:00 - number of examples in the dataset: 100
INFO - 11/09/25 10:54:27 - 0:00:00 - max word length: 112
INFO - 11/09/25 10:54:27 - 0:00:00 - number of unique characters in the vocabulary: 15
INFO - 11/09/25 10:54:27 - 0:00:00 - vocabulary:
INFO - 11/09/25 10:54:27 - 0:00:00 - ['V0', 'V1', 'V2', 'V3', 'V4', 'V5', 'V6', 'V7', 'V8', 'V9', 'V10', 'V11', 'V12', 'V13', 'V14']
INFO - 11/09/25 10:54:27 - 0:00:00 - split up the dataset into 90 training examples and 10 test examples
INFO - 11/09/25 10:54:27 - 0:00:00 - dataset determined that: vocab_size=16, block_size=272
INFO - 11/09/25 10:54:27 - 0:00:00 - model #params: 1625344
INFO - 11/09/25 10:54:27 - 0:00:00 - resuming from existing model
INFO - 11/09/25 10:54:27 - 0:00:00 - ============ Start of generation 22 ============
INFO - 11/09/25 10:54:27 - 0:00:00 - Memory allocated:  8.46MB, reserved: 18.00MB
INFO - 11/09/25 10:54:27 - 0:00:00 - training
INFO - 11/09/25 10:54:32 - 0:00:05 - step 0 | loss 0.0440 | step time 574.75ms
INFO - 11/09/25 10:54:58 - 0:00:31 - step 100 | loss 0.0418 | step time 257.24ms
INFO - 11/09/25 10:55:24 - 0:00:57 - step 200 | loss 0.0424 | step time 257.10ms
INFO - 11/09/25 10:55:49 - 0:01:22 - step 300 | loss 0.0420 | step time 257.11ms
INFO - 11/09/25 10:56:15 - 0:01:48 - step 400 | loss 0.0424 | step time 256.96ms
INFO - 11/09/25 10:56:41 - 0:02:14 - step 500 | loss 0.0426 | step time 257.07ms
INFO - 11/09/25 10:56:41 - 0:02:14 - step 500 train loss: 0.042473260313272476 test loss: 0.10790278762578964
INFO - 11/09/25 10:56:41 - 0:02:14 - test loss 0.10790278762578964 is the best so far, saving model to /home/yuebi/Project/dim16_run/dim16_run_7/1111/model.pt
INFO - 11/09/25 10:57:07 - 0:02:40 - step 600 | loss 0.0427 | step time 257.11ms
INFO - 11/09/25 10:57:32 - 0:03:05 - step 700 | loss 0.0421 | step time 257.21ms
INFO - 11/09/25 10:57:58 - 0:03:31 - step 800 | loss 0.0422 | step time 256.98ms
INFO - 11/09/25 10:58:24 - 0:03:57 - step 900 | loss 0.0422 | step time 257.00ms
INFO - 11/09/25 10:58:50 - 0:04:23 - step 1000 | loss 0.0424 | step time 257.32ms
INFO - 11/09/25 10:58:50 - 0:04:23 - step 1000 train loss: 0.04226234555244446 test loss: 0.12768308818340302
INFO - 11/09/25 10:59:16 - 0:04:49 - step 1100 | loss 0.0421 | step time 256.73ms
INFO - 11/09/25 10:59:41 - 0:05:14 - step 1200 | loss 0.0429 | step time 257.19ms
INFO - 11/09/25 11:00:07 - 0:05:40 - step 1300 | loss 0.0432 | step time 257.16ms
INFO - 11/09/25 11:00:33 - 0:06:06 - step 1400 | loss 0.0434 | step time 257.21ms
INFO - 11/09/25 11:00:58 - 0:06:31 - Memory allocated:  43.97MB, reserved: 2272.00MB
INFO - 11/09/25 11:00:58 - 0:06:31 - generating
INFO - 11/09/25 13:37:55 - 2:43:28 - distribution of sample lengths: average: 334.07065714285716 max: 353
INFO - 11/09/25 13:37:55 - 2:43:28 - printed 35000 samples
INFO - 11/09/25 13:37:55 - 2:43:28 - decoding
INFO - 11/09/25 13:37:56 - 2:43:29 - Decoding complete. Check the output in /home/yuebi/Project/dim16_run/dim16_run_7/1111/transformer-output-decoded.txt
INFO - 11/09/25 13:37:56 - 2:43:29 - Memory allocated:  43.97MB, reserved: 7648.00MB
INFO - 11/09/25 13:37:56 - 2:43:29 - ============ End of generation 22 ============
INFO - 11/09/25 13:37:56 - 2:43:29 - launching search.jl
INFO - 11/09/25 13:37:56 - 2:43:29 - JULIA_NUM_THREADS is set to 1
INFO - 11/09/25 13:42:16 - 2:47:49 - distribution of scores(all rounds)
INFO - 11/09/25 13:42:16 - 2:47:49 - Score:299008.0, Count:100
                                     
INFO - 11/09/25 13:42:16 - 2:47:49 - tokenizing
INFO - 11/09/25 13:42:16 - 2:47:49 - Loading tokenizer from /home/yuebi/Project/dim16_run/dim16_run_7/1111/tokenizer_data/tokenizer.json...
INFO - 11/09/25 13:42:16 - 2:47:49 - 0 / 100
INFO - 11/09/25 13:42:16 - 2:47:49 - number of examples in the dataset: 100
INFO - 11/09/25 13:42:16 - 2:47:49 - max word length: 112
INFO - 11/09/25 13:42:16 - 2:47:49 - number of unique characters in the vocabulary: 15
INFO - 11/09/25 13:42:16 - 2:47:49 - vocabulary:
INFO - 11/09/25 13:42:16 - 2:47:49 - ['V0', 'V1', 'V2', 'V3', 'V4', 'V5', 'V6', 'V7', 'V8', 'V9', 'V10', 'V11', 'V12', 'V13', 'V14']
INFO - 11/09/25 13:42:16 - 2:47:49 - split up the dataset into 90 training examples and 10 test examples
INFO - 11/09/25 13:42:16 - 2:47:49 - ============ Start of generation 23 ============
INFO - 11/09/25 13:42:16 - 2:47:49 - Memory allocated:  43.97MB, reserved: 7648.00MB
INFO - 11/09/25 13:42:16 - 2:47:49 - training
INFO - 11/09/25 13:42:17 - 2:47:50 - step 0 | loss 0.3464 | step time 266.52ms
INFO - 11/09/25 13:42:43 - 2:48:16 - step 100 | loss 0.0445 | step time 257.18ms
INFO - 11/09/25 13:43:08 - 2:48:41 - step 200 | loss 0.0422 | step time 257.24ms
INFO - 11/09/25 13:43:34 - 2:49:07 - step 300 | loss 0.0428 | step time 257.19ms
INFO - 11/09/25 13:44:00 - 2:49:33 - step 400 | loss 0.0432 | step time 257.27ms
INFO - 11/09/25 13:44:25 - 2:49:58 - step 500 | loss 0.0426 | step time 257.49ms
INFO - 11/09/25 13:44:26 - 2:49:59 - step 500 train loss: 0.04234400391578674 test loss: 0.14647172391414642
INFO - 11/09/25 13:44:26 - 2:49:59 - test loss 0.14647172391414642 is the best so far, saving model to /home/yuebi/Project/dim16_run/dim16_run_7/1111/model.pt
INFO - 11/09/25 13:44:51 - 2:50:24 - step 600 | loss 0.0417 | step time 257.25ms
INFO - 11/09/25 13:45:17 - 2:50:50 - step 700 | loss 0.0432 | step time 257.24ms
INFO - 11/09/25 13:45:43 - 2:51:16 - step 800 | loss 0.0424 | step time 257.23ms
INFO - 11/09/25 13:46:09 - 2:51:42 - step 900 | loss 0.0410 | step time 257.26ms
INFO - 11/09/25 13:46:34 - 2:52:07 - step 1000 | loss 0.0427 | step time 257.19ms
INFO - 11/09/25 13:46:35 - 2:52:08 - step 1000 train loss: 0.0423278883099556 test loss: 0.190001979470253
INFO - 11/09/25 13:47:00 - 2:52:33 - step 1100 | loss 0.0422 | step time 257.19ms
INFO - 11/09/25 13:47:26 - 2:52:59 - step 1200 | loss 0.0425 | step time 257.28ms
INFO - 11/09/25 13:47:52 - 2:53:25 - step 1300 | loss 0.0429 | step time 257.14ms
INFO - 11/09/25 13:48:17 - 2:53:51 - step 1400 | loss 0.0418 | step time 257.19ms
INFO - 11/09/25 13:48:43 - 2:54:16 - Memory allocated:  43.97MB, reserved: 7648.00MB
INFO - 11/09/25 13:48:43 - 2:54:16 - generating
