00000000000000000000001000111100,0000000000000000010100110000100,000000110000000010010000010000,00011010100000000000100001000,0000000100100001100000100000,000000000000111000000001000,10000000101000010011000000,0000000100000000000000010,001010010000000010001000,00000000100010000100010,0000001000001000000000,000110000000000010001,00000001000000000001,1000000001010000000,000100101000000001,00000000000000100,0001000001000000,000000010000001,00000100100001,1000010010000,001001000010,10000001000,0001001000,000000110,01000100,0100000,000000,00000,0001,000,00,0,
10001100010000000000000010000000,0000000010100000000000101000000,000010010000000000001000100000,10000100000000000000001100001,0000000010010010001001010000,101000000000000100000000001,00001000000000010000110000,0000110000000100010001000,000000100001101100000100,00000000000000110100010,0000011000000000000000,101100010000000100000,00000100000000000101,0010001000010000000,101000000011000000,00000000000000010,0100000000000010,001010000001001,00000000000011,0001000001000,000000100100,00001001000,0100011000,100000000,00000000,0000000,000000,00000,0100,010,00,0,
00000000001010000000110000000000,0000100100001000000000000100000,000000000010001010000100000001,01000010000100010000000100000,0010000000100001100000001000,000000000101100010000000000,00001000000100000010100100,0000001000000010001001100,000010100000000011010000,10101001000100000000000,0000000000001000010100,000010010100000000110,00000100100101000000,0001000000001000000,000000010000000010,00000100010000000,1001000000000010,000000000001000,01010000010000,0000000000000,000000010000,00000000001,0000000000,100011010,10000010,0000000,000100,01001,0001,000,00,0,
00000001000010001000101000000000,0100110100000101000000000000001,000000000000000010010000000001,00000000000100000010000000100,1000000000010000001100000000,001000100000100010000000000,00000001001010000000100000,0110000010001000000000000,000101100000000000000010,00000000000100010000000,0100000011000100000100,000100101100001000000,00000000000000000101,0001100000100010000,000010000001010000,00000000000000010,0000001000010000,000000000001000,00010000100000,0110100000000,000001001000,01000000000,0010001000,000100001,00000010,0011000,010001,00110,0100,010,00,0,
00001100000001000000000001000000,1000000000000100010000010000000,000000000010010100001000100000,00000001100000000100011100000,0010010010100000000000001000,000001011000010000100000000,00010000011000000000000010,0000000101001000101000000,110000000001000000100100,01000100000001000000000,0000000010100000000000,000110000000000000000,00000100000110000011,0000000001000000000,000000000000111001,00000000000010010,1100000000001100,000000100000000,01000000010000,0100100000000,010000000000,11001010000,1000001010,000000000,00000000,0001000,000100,00000,0000,000,01,1,
00011000100000000000001000100000,0000000000000000000001110000001,001000010000101000000100000000,00000000000000111011000000100,0000001000100001000000100010,000000001011000001000000000,00000100001000100000110000,1000010000100000100010000,001001000010000000000001,10000000000010011010000,0000000001100101000000,100110000010000000000,00000000101000000000,0000000110000000000,000010100000000000,00100000010000000,0000000001001000,000000000010000,00001001000000,0000010100000,100000000000,00000000000,0000000100,000000001,00100100,0010000,001000,00000,0010,110,10,1,
10100011000000000010001000010000,0000000000000000000010000100000,000000000000110010000010000100,00000000000010100000001000010,0001010001000000000000001101,000000000001001100001000001,01001000000000000000100000,0000100000000000000011000,000000000000100000000100,10100101100001000000000,0001000000001100000000,001011000000000110000,00000000100000001010,0000100010000010001,000000000000010010,00000000001010000,1000000000000100,000000000000001,00010010000000,0001010000001,011001000100,00010000010,0000000100,000000000,11100000,0100000,000000,01000,0000,001,00,0,
00000110000000010000000001000001,0000010101000000000000100000100,000001100000010000000010000000,00100000000000100000000001110,0001000000000000101001000100,001010000100100000100000000,00000000101000010001000000,0000001000001000000000100,000100000010000000000100,01000100000000010000011,1001000000000001100000,000000010000001001000,11000000010000010000,0100001000000100000,000000001000000000,00000000000000000,0100000000100000,010011100100000,01100100001000,1000000000000,100010000000,00001000000,0010010000,100000001,00000000,0000000,000000,00010,1001,000,00,1,
00001000100000000000000010001000,1010010000000000000010000000000,000010110001100100000000000000,00101000010100000010010000000,1000000100000000010000000100,000010000010000000000001010,00000000100000100000010010,0000010000000001001000000,000001010000000000000100,00101001000000010000000,0000000010100100000000,001000011010000000001,10000000000000100000,0000010000001000000,010000000000010000,00000000000001001,0000000000000010,000000001000110,01000000100000,0100000000000,010001001000,00000100000,0010000000,110100011,10010000,0000000,011100,00001,0000,000,01,0,
00000000000100100000010010100000,0010000100000000001000000000100,100000000010010000001100000000,00000000001001000000100010001,0010000000001000000000100010,000000000000000001000110100,01000011100001000000000000,0000000111010000000000000,000000010100000010000010,00101000010001000000000,0000000001101010001001,000100000000100001010,10001100100000000000,0000000000000001100,000000000000010000,00011010100000000,0000000010000000,100000000000001,00000001000000,0001001000000,100000000000,00000010010,0000000101,000100000,00000000,0001000,010000,00000,0110,100,00,0,
00000000000001001000000000101010,0010000001001000100001011000000,000110000001000000000000000100,00000010000000111000000000010,1100010000110000000001000000,000100000001010100000000000,00000000000001000000000001,0111000000000000100010000,000110011000000010010000,01010000000000000000010,0000010000000100000000,100000001000000000000,00000000100000100000,0010000000000000011,001000001000000000,00000010000100100,0000000000001000,001000000010000,00000000110000,0010000001001,000000000000,01000100000,1000010101,000000000,10100001,0000100,000010,01000,0000,000,10,0,
00000010000010010000000001001000,0000001000001001000000000011000,000000100000000010001000001000,00010010001000000000000100010,0000010000000000100011010000,110000000000000110000000000,00000000100000010100001010,0000000001000000000100000,000000100100101000000000,00100000001000000001000,1000010100000000000000,100100000000000000001,10000000100000000101,0000100000000010010,000001000001000110,00000000000000010,0010010000000100,000000110000001,00001100000000,0001010000010,010001000000,00010000100,0000010001,001100001,10000000,0000000,000000,10000,0000,000,00,0,
00000000001000000001000000010000,0010001110000000000000100000000,010000000000001010001000000001,00100100000000000001000001010,0000000000100110000000000100,000011000000000110001000000,00000000000010000100110000,0001000000000000000001101,000001000000000101000000,01000001000000010000000,0010000000010000010000,000000000000010000001,00101000000001010000,0000100000000010001,010000001010010000,00000010010001000,1000010000100000,000000001000000,00000001100100,0000000010000,100000010110,01100000100,0000101000,000001000,00100001,0000000,000010,00000,0000,000,00,1,
00000000000000010100100000010000,0000000100000000000000100101000,000000101010010000000000000000,00000001001100000001000010100,0000000000110000000000001001,001010000000001010000000000,10000000000000011010100000,1001000000000100000100000,000000011000000101000000,00000000100010001000000,0000000101000000000000,000000010000000000101,00000011000001001010,1000000100010001000,000000000001110000,00001001100000000,0000000000010010,100001000000001,10101000000000,0000100000000,000000100010,00000001000,0010010001,000000000,10000000,0000110,000000,00000,0000,001,10,0,
10100000000100000000001000000000,0000100000000000000100011000000,000110001000000000000000001010,10001000000010001000000000000,0101000000000000000100100000,000010010100000100000001000,00000000001000000000010100,0010100010000000101000000,111000000000000000000001,00000000100010001001100,0000000000000000010000,010000010000000000010,00001000010000000001,1001010000001000000,001100000110000000,10000001010000000,0000000010000100,000000000000101,01000000000000,0010000010000,100000010010,00100001001,0010111000,100010000,00100000,0000010,000000,00000,0000,000,00,0,
00000001100110000000001010001000,0110000010100000000000000010000,000000101000000100000000010000,01000000000000100000100000100,0100100000000000000000100000,000100000011000000000000001,10000000000010001000100101,0011001000000001000000000,000100000000000000000110,00001010000000000000000,1000001000000011000000,000000000000100001000,00000000010000000001,0000000001000010000,000001110000000000,10000010000101000,0000000000000010,010100000000000,01001001000000,1000000011100,000001001000,00100100010,0000000001,000000000,00001010,1100000,000011,00000,0010,000,00,0,
00000000010000001011000000000000,0000101000010000000000000101000,000000001011000000100110000000,00000000010010101000001000000,1000000010000000000000010110,000001000000010001001010000,00001000000001000000001010,1011000010000000000000001,000100000010100000000100,10100000000000010100010,1000000100000000100000,000000000000000000000,00000010000000000010,0000100000000000000,001000000100100101,00110010010000001,0000000101001000,000001000001100,00001000000000,0000001000000,100000000010,11000000000,0000011001,000000000,00000010,0000000,100000,00000,1000,000,00,0,
00000000000000000011000000010001,0100010100000000000000000000011,000000000110000000100000010000,00000000010001000000010000010,0000000000111000000000000100,000000100001000010100000001,10000000000001110000000100,0000001000010100000000000,000001000000000100011000,00000000000000000001001,1000000000100011000001,001100000001000100001,00000100100100000010,0010000001010001000,001010000000100000,00001001100000000,0010000000001100,000010000000000,00001001000110,0000001000000,010000000010,00000000000,0001001000,000000000,10000000,1000000,000000,00010,0001,000,01,0,
00001000010010000001000100001000,0010001001000000000000010110000,000000001010100100001000000001,00001100100110010000000001000,0000100000000000001000100010,000001000011000010100000110,00010100000100010000100000,1010000000000000001000010,000000000000000000001001,00100000001000000000100,0000100001000010000000,000100000000000010000,01000000010001000000,0000110100000000000,001000000010000001,00000000000000000,0100000000000000,000000000100001,00000000100000,0000010000010,000000010001,00001010100,0000000010,101000001,01000000,0000100,010000,00000,0000,000,00,0,
00001000000011000000100000010010,1000010000000000000000000010100,010000000000000000010000001000,00001000000110000000100000000,0100100001000000000010000000,001000000000100000010010000,00100000000000000100010000,0000100010000000011000010,000000000000000010000001,00010100100000001000000,0000001101000000000001,000100010000010001000,10000000000000001001,0100000100000000000,010000001000000001,10011000000000000,0000000000100000,010000100000111,00000001100000,0001000000100,010000010000,10000100000,1100101000,001000000,00000010,0000000,000010,00100,0100,001,00,0,
00000100001010001001010000000000,0000000000000100001000001000001,001000000010000000100100000001,00000010000010101100000001000,0011000000100000000100001000,000000010010000000000000100,00000100001000000000001001,0000100010000001000000010,100001000001000000000000,00000000010000000100001,0000000010000100000000,001010000000100000000,00010000000001100000,0000001000010100000,010000000010010000,01000100010000100,0000000000000000,000000000000100,01001000000100,0000100110110,000001000010,10000010000,1000010000,000000101,01000000,0100000,000000,00000,0010,001,00,0,
00000010000000001000001000100000,1001000000000000011000000000000,100000000000000010000010101000,00000100000101000000000000000,0000000001011101000001000000,000000000000001000000010010,00001000110010100000000000,0100000000000000000000110,001000000000000001100011,11010000001000000000100,0000010000000100100000,010000110000000000000,00000100000100010000,1000000001000001000,000000000000110000,00000100100000010,1000000000000001,000011000000000,00000110000000,0010000000000,000001000000,00001010100,0000000100,100001000,00000010,0001101,001000,10000,0100,000,01,0,
00010000100011010000000000000000,1000000010000000000100001000000,000000000001001000110000010000,01001000000000001010100100000,0100110000000100000010000000,010000000000000000111000000,00000000000000010000000001,0010001000010001000000000,001000100000100000100000,01000001001000000000000,0000000000001000100000,000001000001001000000,00001000000100001001,0010000010001000100,100000000000010000,00000000010000001,0000100100000010,000000000000010,10100010000100,1100000000001,000000001000,00000000000,1000000001,000001000,00000000,1001010,000000,10110,1100,000,00,0,
00000001100100000000000101000000,0001110101000000000000010000000,010000110000000000001000000001,00010000000001010000000010000,0000000000010000001110000000,000000000000000100100000000,00100000010010000000000000,0000001000000010001000100,001000000011010100000001,00000001000000000000010,1000000000100000010100,000000100000010000000,00000000001000100000,0000010100011100000,000100001001000000,00010001000001100,0000110000001000,101000000011010,00001000000000,0001000000000,010000000000,00001001000,0000000100,000000000,00010000,0100000,000000,00111,0000,001,10,0,
10000000010010000001000100000000,0000100000100110000000000000000,001000000000100100010000000001,00100001000000011000000000101,0000100010000000100000000001,000001010001000000000100000,01100000001000000000001000,0010100000100000000001100,000001001000010000000000,00000000100000000100010,0000000000000001100001,000000000001000100100,00010010110000000000,1000010000000010000,010000000000000110,00100001000000000,0000000000000011,000000101000000,01000000010010,0000000010000,100100000000,11001000000,0010000000,001001000,10000000,0111000,010000,00000,0000,000,00,0,
01000100100000000010000000000000,1000000010000100000000100100000,000000100000000000001000100000,00100001000011001000100000000,0010100000000000000010010000,000000100000010011000001000,00000000000100000001010011,0000000001000000000101010,110011000100000000001000,00010000000000010000000,0101100000000000010000,010000000010000000000,00000000000000000110,0000000010000000010,001000101000000001,10000010010000000,1010000010000000,000000000000000,00000000001100,0000000001000,100100000100,10001100100,0001000000,000000001,00001000,0000101,010000,00010,0000,000,00,1,
10000110000000010000000100000000,0000000000000010101000000000100,001000010100001000000000100000,00001000100000011010000000000,0000001001000000010110010000,000001000000010000000000010,00010010000000100000000010,0000100000000001100001000,000000000100100001010000,00000100001100010001000,0000001000101000000000,000100100011000000010,11000001000000100000,1000000000000000100,000000000000010000,00000100000000000,1000000000010001,000010001001000,00001000100000,0000000000100,000000000010,00000010000,0000001000,000000000,10000000,1100100,000110,00001,0001,000,00,1,
00010100000000010000000100000000,0000000000010000000001100000010,100000000000000011000011000100,10000000000000000010000000100,0000010010010000000000010000,010001100000010100000000010,00100000100000000010000001,0000010000001110000000000,000000000010000100010001,00000001001001000100001,0110000000000001000001,000100000000001001000,00001100000100000100,0000001000000000000,000100010010100010,00000010000011000,0110000000001000,001000100000000,00000010000000,0000000000011,000000000000,01000010000,0100000000,001110000,00000000,1000000,000000,01100,0000,100,00,0,
01000000000000010001000000000010,0000100000000000000100010000011,000000000100100001010001100000,10000000000010010010000000000,0000000000000100000000110001,001010010100010000000000000,00000000000001000010000100,0000000101100100100000000,000000100000000000010010,00001110000001000000001,0001000100000001000100,000000010000011010000,00000000000010101000,0001011000000001001,000100011010000000,00000000000000000,0000000100001010,000010100010100,00000000001000,0000010000000,001000000000,00001000001,0000000000,000010000,10000000,0000000,010000,00101,0010,000,00,0,
10010000000000001000000011100000,1000000000000000001000000000010,100000001000000010001000010000,00000000100000100000001010000,0011001000000000000000100000,000000100010000001000100000,01000000000000000110010100,0000100000000000000000001,000000000110100000000000,01100000000100010000000,1000110001000101000000,000000000000100000000,00011000110000000000,1101000001000000000,000100000000100110,00001100000010000,0000000000000000,000010100000000,00000001000001,0011000001000,010000000000,00000000010,0000001100,010000001,00000011,1000000,001000,00100,0100,010,00,0,
00000010000010010000000001001000,0000001000001001000000000011000,000000100000000010001000001000,00010010001000000000000100010,0000010000000000100011010000,110000000000000110000000000,00000000100000010100100011000000010,00101000001100,000000000010000000010000001000000000000100,100,00000000,0,001010,00000,001000001000000010000010000,001100000110000000,00010,00,000000110000001,00001100000000,00100000,0000000010000,010000000000,0100000,1100000010001001000,000000101,0100000000,10000,000000,001,00000,0,,,0,
00010000100011010000000000000000,1000000010000000000100001000000,000000000001001000110000010000,01001000000000001010100100000,010010000000000010000,0,000000100100000,00000000000000010000000001,0010001000010001000000000,0000001000101000000,01000001001000000000000,0000000000001000100000,,000100000,1000,000000100001001,000100100000000,00000000010001,010000001000000001,0000110000001000,010110000001000,000000,00000100000001100100,01000000000000000110001,00010,00000010000,00001000000,000000000,0010100,0000000,000000,000000,00,00,000,0,000,
00110011000000000101000000000,00000000000000000000100110000000000000000,010000000010001101,101000000000000010000110000,00000000,110000000,0000010000000100100000,010010000000001000000000000000100,0000010,000000000100100000000010000010,000100000000000,010001000000000100,0000010100001000,0001001,00000100001100000100000100001,000001000000100000,00000110,10000010000101000,00000000,000001,000001000,00000111001000000,00000000,00000000,11001000000,0000000110010,0001,10000000,10001,0000,,0000,0100,,00,00,00,
10000000010010000001000100000000,0000100000100110000000000000000,001000000000100100010000000001,00100001000000011000000000101,0000100010000000100000000001,000001010001000000000100000,0110000000110000000010100000,,0000001000101000000,10100101100001000000000,0001000000001100000000101000000001000100000110000000010000000,00101100000110000010,000010001000000010000000,
0000000000001,0010000001
0000000000000001100001,1,0101000000,0000000000001000,000000100000101000000010000,00000100010000100,00000000001100000000100001000,01000000000000000100,101,0001000000000,00101,0000,0011000000000,110010000001,0000000000000100001,00000000,000001000000000,0010000000100000010000,0010000000101000000000000,0000000110010000,01000100010000100,001001001,01000100010000100,1010,000000001,000000000000,0000101,,000,000,000000000,100100000000,000000,,0000,,,00,000,0000,000,0,1,
01000100100000000010000000000000,1000000010000100000000100100000,000000100000000000001000100000,00100001000011001000100000000,0010100000000000000010010000,000000100000010011000001000,0000000000010000000101001000,00000000010001000001,000000000010000000000000000100000001000010,000010,00000010000,0000001,00000010000001001000,0010000,00000010000,000,00010001,00000010010001000,0000001,00100010000000,01000000000000000,0,0000001000,0001,0000001000010010,0001100000000,0001000000,000000,0000010,000000,00,0010,,0,
00000010000000001000001000100000,1001000000000000011000000000000,100000000000000010000010101000,00000100000101000000000000000,0000000001011101000001000000,000000000000001000000010010,00001000110010100000000000,0100000000000000000000110,001000000000000001100011,11010000001000000000100,0000010000000100100000,010000110000000000000,00000100000100010000,1000000001000001000,0000000000001001000,00000100100000010,1000000000000001,000011000000000,00000110000000,0010000000000,000001000000,00001010100,0000000100,100001000,00000010,0001101,001000,10000,0100,000,01,0,
00000000100010000000,00000010,0000000000000000000010000100001001000110000000100010000100100011000,00000,,000000,00000010010100001000000010100000000000000001100000001001000,00000110000,1000000,00000101,0000001110000,01000,010100000000000000000110000,010000000000,10000,000100000,0100000000000000,10000000001000000000000000,001000110,0100000000000001000000,0100000010100,0000000000010,000011000000000,0000100000010,0000000010,10000000000010001010000,0000000000010,00000000,0000000010,010000,10000000000000001000000,0,
00010000100011010000000000000000,1000000010000000000100001000000,000000000001001000110000010000,01001100,0100000000000000,0100110000000100000010000000,01000000000000000011100000000000000000100000000001000010001000000101000010011000000,00010000010000000,00000001000101000001,00100100100001,0000000101000000000000,0000000100000110000000,00000000,0000000100000000000101,10,0100011101000000000,00001001100000000,0001000001000100000,000000010,00000100000000,001,1000000100,000100000001000001000000100000101,00000000,000000001,00001001,10000000,000100000,000000,000000,11001,000,1,,0,100000000,00000,0001
00000110000000010000000001000001,0000010101000000000000100000100,000001100000010000000010000000,00100000000000100000000001110,0001000000000000101001000100,001010000100100000100000000,00000000101000010001000000,0000001000001000000000100,000100000010000000000100,01000100000000010000011,1001000000000001100000,000000010000001001000,11000000010000010000,0100001000000100000,000000001000000000,00000000000000000,0100000000100000,010011100100000,01100100001000,1000000000000,100010000000,00001000000,00100100,100000001,00000000,0000000,000000,00010,1001,000,00,1,
00000000000001001000000000101010,0010000001001000100001011000000,000110000001000000000000000100,00000010000000111000000000010,1100010000110000000001000000,000100000001010100000000000,00000000000001000000000001,0111000000000000100010000,000110011000000010010000,01010000000000000000010,0000010000000100000000,100000001000000000000,00000000100000100000,0010000000000000011,001000001000000000,00000010000100100,0000000000001000,001000000010000,00000000110000,0010000001001,000000000000,01000100000,1000010101,000000000,10100001,0000100,000010,01000,0000,000,10,0,
10010000000000001000000011100000,1000000000000000001000000000010,100000001000000010001000010000,00000000100000100000001010000,0011001000000000000000100000,000000100010000001000100000,01000000000000000110010100,000010000,0,000110011000000010000010100000000,11010000001000000000100,0000000000001000,0000000100000000,000000000000100000000,10000000000000001001,00000000010001,010000001000000001,100,00000000000000100,0000000000010,010,000000000010,00000000001100,010000000000,00000000010,00000001000,100000000,0000001000,10,00,000,00,010,0,0,
10000110000000010000000100000000,00000000000000100001000100000100,000000000001000000100000000000000001,00010010100000000100001,0010,0000000000100,000000100010000000010000000000,00000000000,10010100000010000000000010000000000001101100001000,100011,00010000001,0010000000101,00000010000010000,001000110000000000000011000001000001000000000,0001000000001000,010000000001000000,00010000,000000000000,1001001000100000000,0000000000001,00000110000000,000000000010000,01010000000000,0000000000000,000100000000,1000000010,10000000,0100000,10,1000,00001,01,
10010000000000001000000011100000,1000000000000000001000000000010,100000001000000010001000010000,00000000100000100000001010000,0011001000000000000000100000,000000100010000001000100000,01000000000000000110010100,0000100000000000000000001,000000000110100000000000,01100000000100010000000,1000110001000101000000,000000000000100000000,00011000110000000000,1101000001000000000,000100000000100110,00001100000010000,0000000000000000,000010100000000,100000000,00000100100001,0000100100,1000110100000000,11001010000,00000000000011,000000000,0000000010,001,0100000,0100000000,010000,0001,00000000,000,
00000000000000000011000000010001,0100010100000000000000000000011,000000000110000000100000010000,00000000010001000000010000010,0000000000111000000000000100,000000100001000010100000001,10000000000001110000000100,0000001000010100000000000,000001000000000100011000,00000000000000000001001,1000000000100011000001,001100000001000100001,00000100100100000010,0010000001010001000,001010000000100000,11001010000,0010000000001100,000010000000000,00001001000110,0000001000000,010000000010,00000000000,0001001000,000000000,10000000,1000000,000000,00010,0001,000,01,0,
00000000001000000001000000010000,0010001110000000000000100000000,010000000000001010001000000001,00100100000000000001000001010,0000000000100110000000000100,000011000000000110001000000,00000000000010000100110000,0001000000000000000001101,000001000000000101000000,01000001000000010000000,0010000000010000010000,000000000000010000001,00101000000001010000,0000100000000010001,010000001010010000,00000010010001000,1000010000100000,000000001000000,00000001100100,0000000010000,100000010110,01100000100,0000101000,000001000,00100001,0000000,000010,00000,0000,000,00,1,
011000100000000000000101000010000,001001000010011000000,00011001000000000110000,00000000000010000,0100000000000000001000001001001000000000001100001000,00100100001000100,0000010000100100010000011000000001011000000,000000010,00100,1100000000010000001,110000000001000000111000000001,00000100000100,00000000,0100000000100,00000001000000000001000010100000,100000,00100,0000000000000,00000000000000010,010000000000000001001,0000001,00000110010000010000000,00000000,01000000000,11001000000,0000000101000000,00000000001,000000000,000000001,010001000,00000,000010,000,1000000,000,
00000000000000000011000000010001,0100010100000000000000000000011,000000000110000000100000010000,00000000010001000000010000010,0000000000111000000000000100,000000100001000010100000001,10000000000001110000000100,0000001000010100000000000,000001000000000100011000,00000000000000000001001,1000000000100011000001,001100000001000100001,00000100100100000010,0010000001010001000,001010000000100000,0100100,0010000000001100,000010000000000,00001001000110,0000001000000,010000000010,000000001,0001001000,000000000,10000000,1000000,000000,00010,0001,000,0000000,0,
00000000000000010100100000010000,000000010000000000000010001000000100,00000010101001000000000000000000,000000000100000100000,000000100000010001000000000000001100001000,000001010110000000000001000000000000100001001010101000000,1010000,0010010000100000000000010000000,00000000010,00000000,0000000001000,0000000001000,0000001100000100000100010000,0000000001000100000,000100001001000000000000101,000,00000000,100000010100000001,0000,0000000000000001,0000010000000000100,1100,000000000010,00001001000,00000000,00,000010000,00001000,100000100,00001,00,0,
00000010000000001000001000100000,1001000000000000011000000000000,100000000000000010000010101000,00000100000101000000000000000,0000000001011101000001000000,000000000000001000000010010,00001000110010100000000000,0100000000000000000000110,001000000000000001100011,11010000001000000000100,0000010000000100100000,010000110000000000000,00000100000100010000,1000000001000001000,000000000000110000,00000100100000010,1000000000000001,000011000000000,00000110000000,0010000000000,000001000000,00001010100,0000000100,100001000,00000010,0001101,001000,10000,0100,000,01,0,
00000100001010001001010000000000,0000000000000100001000001000001,001000000010000000100100000001,00000010000010101100000001000,0011000000100000000100001000,000000010010000000000000100,100000010000000011000001001,0000100010000001000000010,100001000001000000000000,00000000010000000100001,00000000100000,001010000000100000000,00010000000001100000,000010100,10100000000000,0100000000000001001000,10000000000,0000000000100000,000000000000100,01001000000100,0000100110110,000001000000,0010,001110000,0000001000,10100000000000,0000000,000000,00000,0000,000,00,0,
00001000010010000001000100001000,0010001001000000000000010110000,000000001010100100001000000001,00001100100110010000000001000,0000100000000000001000100010,000001000011000010100000110,00010100000100010000100000,1010000000000000001000010,000000000000000000001001,00100000001000000000100,0000100001000010000000,000100000000000010000,01000000010001000000,0000110100000000000,001000000010000001,00000000000000000,0100000000000000,000000000100001,00000000100000,0000010000010,000000010001,00001010100,0000000010,101000001,01000000,0000100,010000,00000,0000,000,00,0,
01000100100000000010000000000000,1000000010000100000000100100000,000000100000000000001000100000,00100001000011001000100000000,0010100000000000000010010000,000000100000010011000001000,00000000000100000001010011,0000000001000000000101010,010,00000000000000000,00010000000000010000000,0101100000000000010000,010000000010000000000,0000000001000000000110000010000,001,001000101000000001,000010011000000000100000110001100,00110000010000,00001,00001001000,0000011000000,001000000000,10110000,0001000000,0100011001,00000000,0000101,01001,00001,001,10,000,
00000000001010000000110000000000,0000100100001000000000000100000,000000000010001010000100000001,01000010000100010000000100000,0010000000100001100000001000,000000000101100010000000000,00001000000100000010100100,0000001000000010001001100,000010100000000011010000,10101001000100000000000,0000000000001000010100,000010010100000000110,00000100100101000000,0001000000001000000,000000010000000010,00000100010000000,1001000000000010,000000000001000,01010000010000,0000000000000,000000010000,00000000001,0000000000,1000101000000,00000000,1100,,000100,01001,0001,000,00,0,
0000001000001001000000000110000,0000001000001011000010000000100,00100000010100010,0001001000100000000000010000010010000000,00000000000000100010000000100000000001,00100000010010000,0010000000101110000000000010001000,00011001100000001001,0001001000,000100000001000000000,000000000000100000000,0,000100000001000100101,0000100000000010010000000,0001,1010000000,000010000000,00001000,1001000000000010,01000000000000,000000000000,00000000,00100001,0010010001,0000,0010000,000000,00001000,000000,00,0000,0000,000,00,
00000000010000001011000000000000,00001010000100000000000000001,0000000001,0010100000,00001001,00010010010010001000,00000000001110000000,10000000001100011000000,0,001010000,00001001,000000100000010000000000,01000001,100001000000000000010,1000000000000000100000000,,10101,000011000000010,
0000000000111000000000010000,0000000100000000000000100101000,00010000101000000000001,00000000001,0000000100110000000100,0100100000000001000000000000000001100100000000,01000000000110001000000,00011000010000100101000100000001000000000110100000000000,01000000000000,00000001001000000011000,001010000,0000001010000000100,0100000000000,00000110,0000001000000000000,00010000000001,1001100000000000,0101000000001000,1000000000010001,010010000,000000000001000,01000000001000,0000100010,,0000000000,0,000000000010,10000010,00000000001000000,0000,00001,00,,00,00,
10000110000000010000000100000000,0000000000000010101000000000100,001000010100001000000000100000,00001000100000011010000000000,0000001001000000010110010000,000001000000010000000000010,00010010000000100000000010,0000100000000001100001000,000000000100100001010000,00000100001100010001000,0000001000101000000000,000100100011000000010,11000001000000100000,1000000000000000100,000000000000010000,00000010000001100,000000100000000,010000001,000000000100001,000000000000,0000001000,00000000001000000,00001000001,0001000000,10000,00,00010,0000,00001,0000,00,0,1,
00000001100100000000000101000000,0001110101000000000000010000000,010000110000000000001000000001,00010000000001010000000010000,0000000000010000001110000000,000000000000000100100000000,00100000010010000000000000,0000001000000010001000100,001000000011010100000001,00000001000000000000010,1000000000100000010100,000000100000010000000,00000000001000100000,0000010100011100000,000100001001000000,00010001000001100,0000110000001000,101000000011010,00001000000000,0001000000000,010000000000,00001001000,0000000100,000000000,00010000,0100000,000000,00111,0000,001,10,0,
00000000000000010100100000010000,0000000100000000000000100101000,000000101010010000000000000000,100000,010000000000001000001000001,000000100010,000000100001001000010110000000000001000001001000100010001000000001,000000000000000001101100001000,000000000001,000001000010,00100100110000000000000000000,000000000001,00000100110000000000000000,10000000000000001001,00000000010001,000000000000010000000000000010000,00000110,00000000000000000,010000100000111,00000001000001,00001,10000001,10000001,0010000000001000001000100001,000001,000000000,000000000,000000001,101,000000,000010,00010,0000,000,
000000000000010110010101000100001,001000011000011000000000001000,10001000000001000000000010001000000000000100000001001000,0001,0000001100000001,00000000000100110000100,10000000000000000000100100,001010,000100000000001100000010011000000,000100000010,00001,0000000000000000010000,0000000000001000110,0000001001000,00000100000010,0000001000000000000101,00000000010000001,01,01001
00001100000001000000000001000000,1000000000000100010000010000000,000000000010010100001000100000,00000001100000000100011100000,0010010010100000000000001000,000001011000010000100000000,00010000011000000000000010,0000000101001000101000000,110000000001000000100100,00010000001000000000010010001,0000000010100000000000,000110000000000000000,00000100000110000011,0000000001000000000,000000000000111001,00000000000010010,11000000000000001,00010000000001000,000010100010000100,01000001,0100000000000,11001010000,01,00010,00011,10000000000,000100,000000,0000,000,000,000,0000000001000,
10100000000100000000001000000000,0000100000000000000100011000000,000110001000000000000000001010,10001000000010001000000000000,0101000000000000000100100000,000010010100000100000001000,00000000001000000000010100,0010100010000000101000000,111000000000000000000001,00000000100010001001100,0000000000000000010000,010000010000000000010,00001000010000000001,1001000010,0000010000010001000000000001110000,00000001000000001001100000011000,00001100000000,00100001,00000010000,100000010000,000,0100000000,00001000000,100010000,0000000,000110110,010000,00000,000,000,00,0,
10100011000000000010001000010000,0000000000000000000010000100000,000000000000110010000010000100,00101,00101011100000000100000001000000000000001101,000101000000010010,0000100000001000010,001,00,000101000001100,000000100000000000010010,00000010,0001000000001100000000010001000000010001,000110000000000010001,11,0000000110000001000000000,
00000000000000010100100000010000,0000000100000000000000100101000,000000101010010000000000000000,00000001001100000001000010100,0000000000110000000000001001,001010000000001010000000000,10000000000000011010100000,1001000000000100000100000,000000011000000101000000,00000000100010001000000,00000000,0010100000000000,0000001000000100000101,000000010001000100,100000000,00010001,00100101,00001001100000000,0000000000010,100001000000001,001,00000010000000,000000100010,000000100100,0010010001,0,0100,0000110,,0000001,000000,,000,,0,00,0,
00001000010010000001000100001000,0010001001000000000000010110000,00000000101010010000100000000000000000110000100,0001,000010000000000100100001,00000000100000000001000010000001000000110110000000000001000010001000000110100000000010000010000000,000000000000000010000001,000101001010001000000000,1000000011000000,10110001,0000001100000100000101000,010000010000000000000010000000,01000100101,0001,00000000000000010,0100000000000010,1100000000,01000000010000,1100000000,1101000000,0000000001,00101,00101100001,,0001000000,000000,000001,00000,000100000,0100,10,0,
00000100001010001001010000000000,0000000000000100001000001000001,001000000010000000100100000001,00000010000010101100000001000,0011000000100000000100001000,000000010010000000000000100,00000100001000000000001001,0000100010000001000000010,100001000001000000000000,00000000010000000100001,0000000010000100000000,001010000000100000000,00010000000001100000,0000001000010100000,010000000010010000,01000100010000100,0000000000000000,000000000000100,01001000000100,0000100110100000,000001000010,10000010000,1000010000,000000101,01000000,0100000,000000,00000,0010,001,00,0,
00001000000011000000100000010010,1000010000000000000000000010100,010000000000000000010000001000,00001000000110000000100000000,0100100001000000000010000000,001000000000100000010010000,00100000000000000100010000,0000100010000000011000010,000000000000000010000001,00010100100000001000000,0000001101000000000001,000100010000010001000,10000000000000001001,0100000100000000000,010000001000000001,10011000000000000,0000000000100000,010000100000111,00000001100000,0001000000100,010000010000,10000100000,1100101000,001000000,00000010,0000000,000010,00100,0100,001,00,0,
00001000010010000001000100001000,001000100100000000001001,000010000,00000100001001,0001000000001010110000000100000000000000101,001,00000010,1000000000000001000000,1101000100000100001000101000001000100001,001000,00000100000100000,00000000001000100000000110000,000100000000000000000100,00010000000001101000,000000010000001000000000000000001,01100000000,00100101,000000010000000010,00000000001000,1000010,0011010000000,000000000010000100010000,000100000,000001000,0000,000000110,00100000001,000001,01000,100,0000,0000,0000,
00000001100110000000001010001000,0110000010100000000000000010000,000000101000000100000000010000,01000000000000100000100000100,0100100000000000000000100000,000100000011000000000000001,10000000000010001000100101,0011001000000001000000000,000100000000000000000110,00001010000000000000000,1000001000000011000000,000000000000100001000,00000000010000000001,0000000001000010000,000001110000000000,10000010000101000,0000000000000010,010100000000000,0000100000000,00000100000000000,00000000100000,000001001000,00100100010,0000000001,10000000,00000100100000,0010,000011,0001,000,000,00,0,
00000000010000001011000000000000,0000101000010000000000000101000,00000000101100000010010010010101,01000000001010000000000000,00000000010,00001000001000000010010000,10000000000010001000100101000000,010000,100000,0010010100000001000101001000100000000100000,100000011010010000000100000000,00000000,00000000010000000001,000000000101,0010000001001,100000000010000010010000010000000,00000001100000,1001000000000010,0000000000100,01100000000,100000000010,00000000000000010,00001000000000000,10100001,000000,100000,101000000000001000,000,00001,01,0,
0000101010000000001001000000101000100000000000110000000,100100001010101000000000000100100100,00000000100001000000,0000000010010001,1000000101,00000000110000000001,10000001000000101001000000000001010010,1000100001001100,0000111000000000000000000010,000000001000100000000000,100110000000000,000000000000000000000,0100000000000000,00000000000010101000,0100000001000101000,1000000101,00000000000,0000000000000010,000000010000001,000010000000001,00000,0000000010000,100000110000000,00,000000011001,10010001000,00000000,0100000000,010100000000,1000000110,000110000,01,
00000010000010010000000001001000,0000001000001001000000000011000,000000100000000010001000001000,00010010001000000000000100010,0000010000000000100011010000,110000000000000110000000000,00000000100000010100001010,0000000001000000000100000,000000100100101000000000,10000000000,0000100010100100000001000000,100100000000000000001,000000101001100001000,00000000010010,000001000001000110,00000000000000010,0010010000000100,000000110000001,00001100000000,0001010000010,010001000000,00010000100,0000010001,001100001,000000,0000000,000000,10000,0000,000,00,
000100001000110100000000000000000000010010,100001000000000,00000000101010000000000,0100100000000000000001,,0101000000000,0010000001,0000000000000010001
00000000000000000011000000010001,0100010100000000000000000000011,000000000110000000100000010000,00000000010001000000010000010,0000000000111000000000000100,000000100001000010100000001,10000000000001110000000100,0000001000010100000000000,000001000000000100011000,00000000000000000001001,1000000000100011000001,001100000001000100001,00000100100100000010,0010000001010001000,001010000000100000,00001001100000000,0010000000001100,000010000000000,00001001000110,0000001000000,010000000010,00000000000,0001001000,000000000,10000000,1000000,000000,00010,0001,000,01,0,
00000000001010000000110000000000,0000100100001000000000000100000,000000000010001010000100000001,01000010000100010000000100000,0010000000100001100000001000,000000000101100010000000000,00001100000001000010000100001010000010,00101100000,000010100000000011010000,1010100100010001000,0100010000000100000000,00000010100000,101001000100,00100000001,0000010,0000000000000,0000000000000000,000010100000000,00000000001,000010000000111010100000000,00000000101,0000010000010,10000010,00000000001,000000100001,1000000,0100000,01000000,0000,00001,11,1000,0,000,00,0,
000010000000001010000000000000001,000001010100010000010,00000010000100100000000000101001000011100000010010000000000,000000000010001000010000,00100000,000001000000,10000000010,,0000010110,0000010,01000000100000000000110,01010000000000001000000000,0000000010000001000101000,00010000000001100000,00000110,000000001000,
00000001100110000000001010001000,0110000010100000000000000010000,000000101000000100000000010000,01000000000000100000100000100,0100100000000000000000100000,000100000011000000000000001,10000000000010001000100101,0011001000000001000000000,000100000000000000000110,00001010000000000000000,1000001000000011000000,000000000000100001000,00000000010000000001,0000000001000010000,000001110000000000,10000010000101000,0000000000000010,010100000000000,01001001000000,1000000011100,000001001000,00100100010,0000000001,000000000,00001010,1100000,000011,00000,0010,000,00,0,
00001100000001000000000001000000,1000000000000100010000010000000,000000000010010100001000100000,00000001100000000100011100000,0010010010100000000000001000,000001011000010000100000000,00010000011000000000000010,000001100010,01000100100010100100010100100010000100010,1000,000111010100000000010000,00000100000110000011,0000010000010001000000001000000101000000001,100000100000011000000000000,0000010000000,00011100100000,0000100000000,0000010000,11001000000,1000001010,0110000000000,00000010,00001000,10000010,0000,000,000,000,0,
1000000100100000000010000000,0000100100001000000000000100000,001001000000000000100001,1001,0001000000010000001000000,00110000000000000001,0010000110000,010000000010011001000011001000001000001,100000001,1000000011001100000001000001000010001100110001000000000000101000010,10000000011001010000100000001000111000000,010000000010010,000010001000000,001000001000000000,0001000000,100000000,000000100100001,100000000000010000,00000001000010,100000000001000000,000000001,00001000000,0011001,,000000000,0000000001,0001101,000001,001000000000,001,000,00,0,
00000110000000010000000001000001,0000010101000000000000100000100,000001100000010000000010000000,00100000000000100000000001110,0001000000000000101001000100,0010100001001000001000000001000010000100010000,00001010000000000010,000000011100000000,0001000000001,0000010000000001,0000010000,00000010000001000000,0100000000010,0000000100000100100101,000001000000000,00001001001,0000000000000001,0000000000010000000,00000001000,11,000000000100001000000000,01000100100,0000100000000,0000010000000,01000100100,000000000,000000,000000000000000001,1000001,000011,,010,001,0,000,
00000000000010000001000101000,0000010000,000110000000000000,100100000000000,0100000000000011000,000000100010,0000000100000110000000000,0000100000010100100001001110,00000100001001000,00000000010001000000000001000000,000011000010000,0000100101000000,00010000000000100000,000100001001,000010000000001000110000101100000001,00000100000010000011000,00001100000010100000000000000000,0100100100000,10010001000,000001010001000000000110000000000,000001100000010000,000010,0100000000,0000010,000000,0000,00001,0000,000,00,
00000000000001001000000000101010,0010000001001000100001011000000,000110000001000000000000000100,00000010000000100010,0100010001000001,00010000000000001010000,000001000000010010,0000010000100000000,01000011000000010000,000110011000000010010000,000100100000000010,0000010000000100000000,100000001000000000000,000010101000001,00000000010000000001,0000000001
00000010000010010000000001001000,000000000001000,000000000100000000000,00011001000000000000,0000000100000100000001100000000000,0100110000000010000100010,01000000001000010010000,10000000010,00001011000000,0000000100000,00000001100000011100000000000,110000000000000000000001001001000,0000001101000000000001,0000000100000010110000000000,00000001000001000000000010100000010000000,00010010100000000000,0000001000000000,000000110000001000,00000001000001,000001011001000100,01,11001000000,001100,101100001,101,01000000,0100000,,0000,000,0000,,00,00,1,
00000001100100000000000101000000,0001110101000000000000010000000,010000110000000000001000000001,00010000000001010000000010000,0000000000010000001110000000,000000000000000100100000000,00100000010010000000000000,0000001000000010001000100,001000000011010100000001,00000001000000000000010,100000000010000001,110000000000010,01000000000000,00000010000000100000100100101,000001000000000,00010001101,100000000,00001100000010,01000000000000,00000110000,0000010001,0001,1000000100100000,0,00,001,00000010,001000001,10000010,001000,0010,0000,000,
00000000000000000011000000010001,0100010100000000000000000000011,000000000110000000100000010000,00000000010001000000010000010,00000000001110000000010000,000000100001000010100000001,10000000000001110000000100,0000001000010100000000000,000000,10000000000010001100100000000000000000001001,1000000000100011000001,001100000001000100001,00000100100100000010,10000000,001,001010000000100000,00001001001000100000000010001,10100000000,01000,0000001000000000000010000,0001000001000,000100000000000000000110,0001001000,,000000,00000010,10000000,01100,000,001,0001,0,
00011000100000000000001000100000,0000000000000000000001110000001,001000010000101000000100000000,00000000000000100000011010000000000,0000001000100001000000110100000000000,000001000000011,00000100001000100010000100,1000010000100000100010000,001001000010000000000001,10000000000010011010000,0000001000001000000000,000000000000100,00000,00000100000100010000,01000000000,000010100000000000,10000000010100000000000,10000000,00000000001,010100000000,000000,001000000000000,100000000000,000000,0,0000001,0,000000000,000000000,,000000000,000,000000,0,0,1,
00000000000000000011000000010001,0100010100000000000000000000011,000000000110000000100000010000,00000000010001000000010000011,0000000000111000000000000100,000000100001000010100000001,10000000000001110000000100,0000001000010100000000000,000001000000000100011000,00000000000000000001001,1000000000100011000001,001100000001000100001,00000100100100000010,0010000001010001000,001010000000100000,00001001100000000,0100000,0100,010000,00001001000110,0000001000000,010000000010,00000000,0001001000,000000000,10000000,1000000,000000,00010,0001,000,01,0,
00000000000000000011000000010001,0100010100000000000000000000011,000000000110000000100000010000,00000000010001000000010000010,0000000000111000000000000100,000000100001000010100000001,10000000000001110000000100,0000001000010100000000000,000001000000000100011000,00000000000000000001001,1000000000100011000001,001100000001000100001,000001001001000000,0010000001010001000,00101000000010000,00001001100000000,0010000000001100,000010000000000,00001001000110,0000001000000,010000000010,00000000000,0001001000,000000000,10000000,1000000,000000,00010,0001,000,01,0,
00000000010000001011000000000000,0000101000010000000000000101000,000000001011000000100110000000,00000000010010101000001000000,1000000010000000000000010110,000001000000010001001010000,00001000000001000000001010,1011000010000000000000001,000100000010100000000100,10100000000000010100010,1000000100000000100000,000000000000000000000,00000010000000000010,0000100000000000000,001000000100100101,00110010010000001,0000000101001000,000001000001100,00001000000000,0000001000000,100000000010,11000000000,0000011001,000000000,00,0000000,100000,00000,1000,000,00,0,1,1,
10010000000000001000000011100000,1000000000000000001000000000010,100000001000000010001000010000,00000000100000100000001010000,0011001000000000000000100000,000000100010000001000100000,01000000000000000110010100,0000100000000000000000001,000000000110100000000000,01100000000100010000000,1000110001000101000000,000000000000100000000,00011000110000000000,1101000001000000000,000100000000100110,00001100000010000,0000000000000000,000010100000000,00000001000001,0011000001000,010000000000,00000000010,0000001100,010000001,00000011,1000000,001000,00100,0100,010,00,0,
00010000100011010000000000000000,1000000010000000000100001000000,0100100000110000001000,010010000000000010101001000010010010010001001010000,00000,0000000001000000000000100001000000100000010000000000010000111000000,,100001
00000010000010010000000001001000,0000001000001001000000000011000,000000100000000010001000001000,00010010001000000000000100010,0000010000000000100010010001000,110000000000000110000000000,00000000100000010100001010,0000000001000000000100000,000000100100101000000000,00100000001000000001000,1000010100000000000000,100100000000000000001,10000000100000000101,0000100000000010010,000001000001000110,00000000000000010,0010010000000100,000000110000001,00001100000000,0001010000010,010001000000,00010000100,0000010001,001100001,10000000,0000000,000000,10000,0000,000,00,0,
00000001100110000000001010001000,0110000010100000000000000010000,000000101000000100000000010000,01000000000000100000100000100,0100100000000000000000100000,000100000011000000000000001,10000000000010001000100101,0011001000000001000000000,000100000000000000000110,00001010000000000000000,1000001000000011000000,000000000000100001000,00000000010000000001,0000000001000010000,000001110000000000,100000100,00000000110000010100000,010100000000000,01001001000000,1000000011100,000001001000,00100100010,000000000101,10000011010000,1100000,000011,00000,0010,000,00,0,
00000100001010001001010000000000,0000000000000100001000001000001,001000000010000000100100000001,00000010000010101100000001000,0011000000100000000100001000,000000010010000000000000100,00000100001000000000001001,0000100010000001000000010,100001000001000000000000,00000000010000000100001,0000000010000100000000,001010000000100000000000000110,0100000000100000,000100000000000010000,010000000010010000,01000100010000100,0000000010000100,000000000000100,010010000,10000000,0000001000000,000001000010,10000010000,1000010000,000000101,10000000000,0100000,000000,00000,0010,001,00,0,
00000000000000000011000000010001,01000101000000000000000000000101100000000,000100110101000100,000000010000010010010000000100,0100000000001001000000000010010,110000000010,0001010000000000000000010000110010100110100000010,0000000001000010000,01000000,0010100010000100,100010001100010000000100000100100100010000,0100000000,00010000100010100000001,0000000001000,100000001,10100000000000000001000,0000000000001000,000001,01000000000000000,001,0000000010000,1000001,0000010000,0000001,00001000001,0000101000,0100000000,000001,1000001,0100000000,000,0000001,001,0,10110,
10001100010000000000000010000000,0000000010100000000000101000000,000010010000000000001000100000,10000100000000000000001100001,0000000010010010001001010000,101000000000000100000000001,00001000000000010000110000,0000110000000100010001000,000000100001101100000100,00000000000000110100010,0000011000000000000000,101100010000000100000,00000100000000000101,0010001000010000000,101000000011000000,00000000000000010,0100000000000010,001010000001001,00000000000011,0001000001000,000000100100,00001001000,0100011000,100000000,00000000,0000000,000000,00000,0100,00010001,00,0,
00010000100011010000000000000000,1000000010000000000100001000000,000000000001001000110000010000,01001000000000001010100100000,0100110000000100000010000000,010000000000000000111000000,00000000000000010000000001,0010001000010001000000000,001000100000100000100000,01000001001000000000000,0000000000001000100000,000001000001001000000,00001000000100001001,0010000010001000100,100000000000010000,00000000010000001,0000100100000010,000000000000010,10100010000100,1100000000001,000000001000,00000000000,1000000001,000001000,00000000,1001010,000000,10110,1100,000,00,0,
00000010000010010000000001001000,0000001000001001000000000011000,000000100000000010001000001000,00010010001000000000000100010,0000010000000000100011010000,110000000000000110000000000,00000000100000010100001010,0000000001000000000100000,000000100100101000000000,00100000001000000001000,1000010100000000000000,100100000000000000001,10000000100000000101,00001000000000100100001,000001000001000110,00000000000000010,0010010000000100,000000110000001,00001100000000,0001010000010,010001100000,00010000100,00000010010010000,00001000000,00000000,000000,000011000,000000,00000,0,000,10000000,0,
00000010000010010000000001001000,0000001000001001000000000011000,000000100000000010001000001000,00010010001000000000000100010,0000010000000000100011010000,110000000000000110000000000,00000000100000010100001010,0000000001000000000100000,000000100100101000000000,00100000001000000001000,1000010100000000000000,100100000000000000001,10000000100000000101,0000100000000010010,000001000001000110,00000000000000010,0010010000000100,000000110000001,00001100000000,0001010000010,010001000000,00010000100,0000010001,001100001,10000000,0000000,000000,10000,0000,000,00,0,
00000001100110000000001010001000,0110000010100000000000000010000,000000101000000100000000010000,01000000000000100000100000100,0100100000000000000000100000,000100000011000000000000001,10000000000010001000100101,0011001000000001000000000,000100000000000000000110,00001010000000000000000,1000001000000011000000,000000000000100001000,00000000010000000001,0000000001000010000,000001110000000000,10000010000101000,0000000000000010,010100000000000,01001001000000,10000000111000,000001001000,00100100010,100000000,000000000,00001010,1100000,000011,00000,0010,000,00,0,
01000100100000000010000000000000,1000000010000100000000100100000,000000100000000000001000100000,00100001000011001000100000000,0010100000000000000010010000,000000100000010011000001000,00000000000100000001010011,0000000001000000000101010,110011000100000000001000,00010000000000010000000,0101100000000000010000,010000000010000000000,01000000000,001,01,001000000,0000001010000,0000000000100000,0000000100001010,000,00000000001100,0000000001000,100100000100,00001,00001000000,100000000,100000000,0000,001000000,00000,001,0000,000,00,1,
10000000010010000001000100000000,0000100000100110000000000000000,001000000000100100010000000001,00100001000000011000000000101,0000100010000000100000000001,000001010001000000000100000,01100000001000000000001000,0010100000100000000001100,000001001000010000000000,00000000100000000100010,0000000000000001100001,000000000001000100100,00010010110000000000,1000010000000010000,010000000000000110,00100001000000000,0000000000000011,000000101000000,01000000010010,0000000010000,100100000000,11001000000,0010000000,001001000,10000000,0111000,010000,00000,0000,000,00,0,
00000001100100000000000101000000,0001110101000000000000010000000,010000110000000000001000000001,00010000000001010000000010000,0000000000010000001110000000,000000000000000100100000000,00100000010010000000000000,0000001000000010001000100,001000000011010100000001,00000001000000000000010,1000000000100000010100,000000100000010000000,00000000001000100000,0000010100011100000,000100001001000000,00010001000001100,00000100010,100000000,1001000000000010,00001000000000,0001000000000,010000000000,0010001,0001,0001,00000010,0001000000000,000000,001,
00000001100110000000001010001000,0110000010100000000000000010000,000000101000000100000000010000,01000000000000100000100000100,0100100000000000000000100000,000100000011000000000000001,10000000000010001000100101,0011001000000001000000000,000100000000000000000110,00001010000000000000000,1000001000000011000000,000000000000100001000,00000000010000000001,0000000001000010000,000001110000000000,10000010000101000,0000000000000010,010100000000000,01001001000000,1000000011100,000001001000,00100100010,0000000001,000000000,00001010,1100000,000011,00000,0010,0000101,00,0,
00011000100000000000001000100000,0000000000000000000001110000001,001000010000101000000100000000,00000000000000111011000000100,0000001000100001000000100010,000000001011000001000000000,00000100001000100000110000,100001000010100000,000000100100000001101000,1000000000010000000001000001000000000,0000000001100101000000,100110000010000000000,00000000101000000000,0000000110000000000,00101000100001001100000100100000010000000,0000000001001000,000000000010000,00001001000000,00000100100001,100000000000,10100000000,0000000100,0000101,00100100,0010000,110,00000000,001000,100,10,1,
00001000000011000000100000010010,1000010000000000000000000010100,010000000000000000010000001000,00001000000110000000100000000,0100100001000000000010000000,001000000000100000010010000,00100000000000000100010000,0000100010000000011000010,000000000000000010000001,00010100100000001000000,0000001101000000000001,000100010000010001000,10000000000000001001,0100000100000000000,010000001000000001,10011000000000000,0000000000100000,010000100000111,00000001100000,0001000000100,010000010000,10000100000,1100101000,001000000,00000010,0000000,000010,00100,0100,001,00,0,
00000000001010000000110000000000,0000100100001000000000000100000,000000000010001010000100000001,01000010000100010000000100000,0010000000100001100000001000,000000000101100010000000000,00001000000100000010100100,0000001000000010001001100,000010100000000011010000000,10101001000100000000000,00000000000010010,000000100010,0010000,00000100100101000000,0001000000001000000,000000010000000010,0000,00000001,0100000000,00001,1000010010000,01000000001,0000000100,000000010000,1010000000,001,000000000000,01000,000000,0000000,000100,0000100000000,,00,1,
00000000001000000001000000010000,0010001110000000000000100000000,010000000000001010001000000001,00100100000000000001000001010,000000000010011000000001100000000,000011000000000110001000000,00000000000010000100110000,0001000000000000000001101,000001000000000101000000,01000001000000010000000,0010000000010000010000,000000000000010000001,00101000000001010000,0000100000000010001,010000001010010000,00000010010001000,1000010000100000,000000001000000,00000001100100,0000000010000,100000010110,01100000100,0000101000,000001000,00100001,0000000,000010,00000,0000,000,00,01000,
10001100010000000000000010000000,0000000010100000000000101000000,000010010000000000001000100000,10000100000000000000001100001,0000000010010010001001010000,101000000000000100000000001,00001000000000010000110000,0000110000000100010001000,000000100001101100000100,00000000000000110100010,0000011000000000000000,101100010000000100000,00000100000000000101,0010001000010000000,101000000011000000,00000000000000010,0100000000000010,001010000001001,00000000000011,0001000001000,000000100100,00001001000,0100011000,100000000,00000000,0000000,000000,00000,0100,010,00,0,
00000100001010001001010000000000,0000000000000100001000001000001,001000000010000000100100000001,00000010000010101100000001000,00110000001000000000000000100000,0010100000100000001000,00000000000001000,001,00000101,0011000000000,000010010000001,000000000000010,000001100001010000000110000000000,010000100000001000000100100,0,0000100000000010001000000,0000100101,000000000010000000,00001000000001,000010000,10000100000,0010000010000,000,00,100100000110,00000010,0000000010,001000001,00010,000011,00100,000,00,
01000100100000000010000000000000,001000000100100000000100100000,000000100000000000001000100000,00100001000011001000100000000,0010100000000000000010010000,000000100000010011000001000,00000000000100000001010011,0000000001000000000101010,110011000100000000001000,00010000000000010000000,0101100000000000010000,010000000010000000000,00000000000000000110,0000000010000000010,001000101000000001,10000010010000000,1010000010000000,000000000000000,00000000001100,000000000100001000000000,0010,1010000000000010000000,00000000001,01,000000001,00001000,0000101,0001000,00010,000,000,00,1,
00000000000000000000001000111100,0000000000000000010100110000100,000000110000000010010000010000,00011010100000000000100001000,00000001001000010000100101000000001100000000,01000000000000000000,00010000011000000000000000000000001,00000000000000000110110000100000000000000010,0001000000000,0100010000000001000000,0000010000000100100000,00000101,010000000000101000000001,1010000000000000100000,00101000000010000,00100001,000001
00001000010010000001000100001000,0010001001000000000000010110000,000000001010100100001000000001,00001100100110010000000001000,0000100000000000001000100010,000001000011000010100000110,00010100000100010000100000,00100000010001000000,000000000000000000001001,00100000001000000000100,000010000100001000000,000100000000000010000,01000000010001000000,0000110100000000000,001000000010000001,0000000000000000,0100000000000000,000000000100001,00000000100000,00000000010,000000010001,00001010100,0000000010,101000001,01000000,0000100,010000,00000,0000,000,00,0,
00001000010010000001000100001000,0010001001000000000000010110000,000000001010100100001000000001,0000110010001,001001000,0000100000000000001000100010,000001000011000010100000110,00010100000100010000100000,00100001,000000000,00010000000010000,0000000001000,000010000100001000000000000101,000100000000000010000,01000000010001000000,0000110100000000000,10000000101001000,000000010,010000001,000000000100001,00000000100000,0000000000000010000,000000010001,100000001,00001010100000,000000,000100010,000000,0100,00000,000,00,0,
00001000000011000000100000010010,1000010000000000000000000010100,010000000000000000010000001000,00001000000110000000100000000,0100100001000000000010000000,001000000000100000010010000,00100000000000000100010000,0000100010000000011000010,000000000000000010000001,00010100100000001000000,0000001101000000000001,000100010000010001000,10000000000000001001,0100000100000000000,010000001000000001,10011000000000000,0000000000100000,010000100000111,00000001100000,0001000000100,010000010000,10000100000,1100101000,001000000,00000010,0000000,000010,00100,0100,001,00,0,
00000010000010010000000001001000,0000001000001001000000000011000,000000100000000010001000001000,0001000000010100000100010000,00000100100100110000000000,0000000100,0101100001000,00010,000010000100010000,000000100100101000000000,1010000010000,000010000000100,000001001000000,00,0000000100000100100000100010001,0000001000000000000,11001,0100000011,000000001000,,0100000000000,000000010000010,00101001,10000001,0100001000,0000101,01,010,100100000000,000000,0001,0000000000000001,001,0000000000000001,0,0,
00010000100011010000000000000000,1000000010000000000100001000000,000000000001001000110000010000,01001000000000001010100100000,0100110000000100000010000000,010000000000000000111000000,00000000000000010000000001,0010001000010001000000000,001000100000100000100000,01000001001000000000000,0000000000001000100000,000001000001001000000,00001000000100001001,0010000010001000100,100000000000010000,00000000010000001,0000100100000010,000000000000010,10100010000100,1100000000001,000000001000,00000000000,1000000001,000001000,00000000,1001010,000000,10110,1100,000,00,0,
00010000100011010000000000000000,1000000010000000000100001000000,000000000001001000110000010000,01001000000000001010100100000,0100110000000100000010000000,010000000000000000111000000,00000000000000010000000001,0010001000010001000000000,001000100000100000100000,01000001001000000000000,0000000000001000100000,000001000001001000000,00001000000100001001,0010000010001000100,100000000000010000,00000000010000001,0000100100000010,000000000000010,10100010000100,1100000000001,000000001000,00000000000,1000000001,000001000,00000000,1001010,000000,10110,1100,000,00,0,
10100011000000000010001000010000,0000000000000000000010000100000,000000000000110010000010000100,00000000000010100000001000010,0001010001000000000000001101,000000000001001100001000001,01001000000000000000100000,0000100000000000000011000,000000000000100000000100,10100101100001000000000,0001000000001100000000,001011000000000110000000,00000000100000001010,0000100010000010001,000000000000010010,00000000001010000,1000000000000100,000000000000001,00010010000000,0001010000001,011001000100,00010000010,0000000100,000000000,11100000,0100000,000000,01000,0000,001,00,0,
01000100100000000010000000000000,1000000010000100000000100100000,000000100000000000001000100000,00100001000011001000100000000,0010100000000000000010010000,000000100000010011000001000,00000000000100000001010011,0000000001000000000101010,110011000100000000001000,00010000000000010000000,0101100000000000010000,010000000010000000000,00000000000000000110,0000000010000000010,001000101000000001,10000010010000000,1010000010000000,00000000001000,00000000001100,0000000001000,100100000100,10001100100,0001000000,000000001,00001000,0000101,010000,00010,0000,000,00,1,
00000100001010001001010000000000,0000000000000100001000001000001,001000000010000000100100000001,00000010000010101100000001000,0011000000100000000100001000,000000010010000000000000100,00000100001000000000001001,0000100010000001000000010,100001000001000000000000,00000000010000000100001,000000001000000100000101,00000010000001,00010000000001100000,0000001000010100000,0100000000,0100,01000100010000100,00000000000000000,000000000000100,01001000000100,00100001,0001000001000,100100000100,00000000000,0001,0000001000,000000,000000,000000,00000,0010,00,0,
00000001100100000000000101000000,0001110101000000000000010000000,010000110000000000001000000001,00010000000001010000000010000,0000000000010000001110000000,000000000000000100100000000,00100000010010000000000000,0000001000000010001000100,001000000011010100000001,00000001000000000000010,1000000000100000010100,000000100000010000000,00000000001000100000,0000010100011100000,000100001001000000,000100010010100,0000110000001000,101000000011010,00001000000000,0001000000000,010000000000,00001001000,0000000100,000000000,00010000,0100000,000000,00111,0000,001,10,0,
00000000010000001011000000000000,0000101000010000000000000101000,000000001011000000100110000000,00000000010010100000000010000000001
00000001100110000000001010001000,0110000010100000000000000010000,000000101000000100000000010000,01000000000000100000100000100,0100100000000000000000100000,000100000011000000000000001,10000000000010001000100101,0011001000000001000000000,000100000000000000000110,00001010000000000000000,1000001000000011000000,000000000000100001000,00000000010000000001,0000000001000010000,000001110000000000,10000010000101000,0000000000000010,010100000000000,01001001000000,1000000011100,000001001000,00100100010,0000000001,000000000,00001010,1100000,000011,00000,0010,000,00,0,
00000100001010001001010000000000,0000000000000100001000001000001,001000000010000000100100000001,000000100000100000000,1000000110100001010,000010000001,00000010010000000100000000010010,000001000010000001001,000010000000000000100000000110100000000000,000001000000000000,000011000000010,000000000000000001,001,00000010000000000010,0000,001000000000100000000000010101000,0000110010000,0100000000,0000000001000000001000,0000110000001,00001100000000,0000100100011000,10000000000001000,0000000100,0000010010010001,0100011000,0000000010,000110110,0001,000000,0001,000,00,0,10000,
00000001100110000000001010001000,0110000010110100000000000,000001010000010000,1000010000,0000001000100001000000010000010000100010000100000000010100000000001100000100000001010000000000000100000,000000100000000010,0000000000010,000001000,000001000001000010000000010000100000000,0100000000000,00000010100000011000001000001000001010000000110000000000,000000110000010010110000000000,000000100000010,10000100001000000,100000000,1100000000001,000000001000,0000001,100000000000000000,00000100010,000000010000,000000000,00000001000,1000001000,0000,0010,00000,01,0,
00000001100110000000001010001000,0110000010100000000000000010000,000000101000000100000000010000,01000000000000100000100000100,0100100000000000000000100000,000100000011000000000000001,1000000001000000010000000000010000000,001100100000000000000000,000100000000000000000110,00001010000000000000000,1000001000000011000000,000000000000100001000,00000000010000000001,00000000010001000,000001110000000000,10000010100000000000,0000000000000010,010100000000000,01001001,1100000000,000001001,000001001000,00100100010,0000000001,000000000,0001000000,1000000010,000011,0001000001,00,0,000,
10000000010010000001000100000000,0000100000100110000000000000000,001000000000100100010000000001,00100001000000011000000000101,0000100010000000100000000001,000001010001000000000100000,01100000001000000000001000,0010100000100000000001100,000001001000010000000000,00000000100000000100010,0000000000000001100001,000000000001000100100,00010010110000000000,1000010000000010000,010000000000000110,00100001000000000,0000000000000011,000000101000000,01000000010010,0000000010000,100100000000,11001000000,0010000000,001001000,10000000,0111000,010000,00000,0000,000,00,0,
10000110000000010000000100000000,00000000000000100100000000010000101,0000001000101000011000000001001,101000000001001,010000000000001011000000000100,01000,0000100010000000100,00000100000100000,00010010000000100000000010,00001000000010000000100,000010001,100010000000,000000000,0001000000001100000000101100000,00011000110000000000,00010010110000000000,0000010001,00010000000000000000010000001,00000000000010010,0000010010001100,0000000101,0000010010,0000001,01010000010000,00100,00000010000,0001,100100000000,00000010,10000000,00000,0000010,0000,000,00001
00001000010010000001000100001000,0010001001000000000000010110000,000000001010100100001000000001,00001100100101000011000000010000001,0000100000000000001000100010,000001000011000010100000110,00010100000100010000100000,1010000000000000001000010,00000000,0001,00100000001000000000100,0000100001000010000000,000100000000000010000,01000000010001000000,0000110100000000000,001000000010000001,00000000000000000,0100000000000000,000000000100001,00000000100000,0000010000010,000000010001,000000000000101,1001010,01000000,00001000,000000,00000,00000,000,000,0,
00011000100000000000001000100000,0000000000000000000001110000001,1000000,000000100000000,00000000000000111011000000100,0000001000100001000000100010,000000001011000001000000000,00000100001000100000110000,1000010000100000100010000,001001000010000000000001,10000000000010011010000,0000000001100101000000,100110000010000000000,00000000101000000000,0000000110000000000,000010100000000000,00100000010000000,0000000001001000,000000000010000,00001001000000,0000010100000,100000000000,1101000000000,0000000100,000100000,00000000,0010000,100000000,00000,0010,11
00000001100100000000000101000000,0001110101000000000000010000000,010000110000000000001000000001,00010000000001010000000010000,0000000000010000001110000000,000000000000000100100000000,00100000010010000000000000,0000001000000010001000100,001000000011010100000001,00000001000000000000010,1000000000100000010100,000000100000010000000,00000000001000100000,0000010100011100000,000100001001000000,00010001000001100,0000110000001000,101000000011010,00001000000000,0001000000000,010000000000,00001001000,0000000100,000000000,00010000,0100000,000000,00111,0000,001,10,0,
10001100010000000000000010000000,0000000010100000000000101000000,000010010000000000001101000000000000000001101000000000000000001010000000011000000000010,000100000000,00001001,0000110000000001010000100,000100000000100010000110000000100010001000,0000001000011000110100001000000000100000010000000000000000000010,0000001101000000001011000000010000000010000100000,00000101100000000011000000000000,001010001001010000000100000,000000010000000100000000000000010,000000011000000,00001011000000,00000010000,0001000001000,000000100100,0000001,0001001000,000000100001,0000010,0100000,000000,010000000000,001,00,0,
00000000001000000001000000010000,0010001110000000000000100000000,010000000000001010001000000001,00100100000000000001000001010,0000000000100110000000000100,00001001000,00000000000011100100000000,0,000001000,000000000110000001000,00000000010001,01010000000000000000010,0000010000000100000000,000100,001001000100000001000010000000001,0000001000000000000,01000000101001000,0000001,000000000010,01000000000100000000000,0000000000001,000000011001000,000000000000,000001000,10000000000,0010000,000000000,000000000,0000,00000000001,0010,0000,0000,0000,001,0,
100010000000000011100,00000010010000100001000000000000001,10000000000000001000000,0100100001001,0100000000000000,0010010100000,00001000010010000000000000000010000100010,01001100000000000010000000010000000000101000,000000000100000000000010100,0110000000001000,0000000000001010000001000000000100,10000000000000000100000,00000000100010000000100000,10000000000010000100,1000000000101000000000000000001,00001000001000100000000,0000000000000000010,01000000000000000100100,01001000000000000001000,0001000000100,010000000000,0010,00000001000000000100,00000000,10000000,00101,00000,000100001,010100000000,000100000,00001,,0,00,
00000000000001001000000000100001001000000,100000000000010000010000000,0010100000000000000,0010000000001,000000010000000000010101,000000110000,000000110000000000000010,10000000000001000100000110000,100000000000100011,00000010,0000100010000001,0000000100001000000,0000010000010100000000000000,,00110000000000010001,0000000100010000100,00001001,10000000000000000010000001,10000010,00000000,01,000011000000000,0000000001,000010101,0001000001,000010,0001000,0000000000,0000000001,000000,01000000,000000,00000000,,00000,0000000000,00,,0,0,
00011000100000000000001000100000,0000000000000000000001110000001,001000010000101000000100000000,00000000000000111011000000100,0000001000100001000000100010,000000001011000001000000000,00000100001000100000110000,1000010000100000100010000,001001000010000000000001,10000000000010011010000,0000000001100101000000,100110000010000000000,00000000101000000000,0000000110000000000,000010100000000000,00100000010000000,0000000001001000,000000000010000,11,00000100000100000011000011,0000000000100,00000000010,000000001,00100100,0010000,001000,00000,0010,110,10,1,1,
000001000010100010010000000100,0000110000000100000000,010000000000000001000000100000000000001,000000,000001000101000000,00000,0000000001000,00010000000001000000000,00001000010001010000101000,0000010000100000000110000100,00000010000000000001,0000000100100001,000100101,000000010000001000001,0000000000000010000000,00001100000000
00001000010010000001000100001000,0010001001000000000000010110000,000000001010100100001000000001,00001100100110010000000001000,0000100000000000001000100010,000001000011000010100000110,00010100000100010000100000,1010000000000000001000010,000000000000000000001001,00100000001000000000100,0000100001000010000000,000100000000000010000,01000000010001000000,0000110100000000000,001000000010000001,00000000000000000,0100000000000000,000000000100001,00000000100000,0000010000010,000000010001,00001010100,0000000010,101000001,01000000,0000100,010000,00000,0000,000,00,0,
0001000,0000000000000001000,0000100010000001001000,0000000000101000000000000100010000000,10000000000,001001100100101,00001001,000000001000000000000000100100000,0001001000000010000000001000,000000000000000001,0001
00000010000000001000001000100000,1001000000000000011000000000000,100000000000000010000010101000,00000100000101000000000000000,0000000001011101000001000000,000000000000001000000010010,00001000110010100000000000,0100000000000000000000110,001000000000000001100011,11010000001000000000100,0000010000000100100000,010000110000000000000,00000100000100010000,1000000001000001000,000000000000110000,00000100100000010,1000000000000001,000011000000000,00000110000000,0010000000000,000001000000,00001010100,0000000100,100001000,0100,0001101,001000,10000,0100,000,01,0,
00010000100011010000000000000000,00100011000000100000,00100000010100000001000000,0100100100000011000,0100000000000010000000001,1000000010000001,100010000001000000010010100000000000000011001,000000010000100000000000000,,00000010011000000100100100000000000110,000100010001001010,000000001000000010000000000100000000,000000001000010,00000001000000100010,01000000101000000000000000100000010000100100,00000000000000000,10100010000100,00000000100001001,0000000000,001010001000000000,000000000,0000001,010001,10000000,000000000,1000000,000001,000000,001,0,0100000,000,0,000,
00000000000001001000000000101010,0010000001001000100001011000000,000110000001000000000000000100,00000010000000111000000000010,1100010000110000000001000000,000100000001010100000000000,00000000000001000000000001,0111000000000000100010000,000110011000000010010000,01010000000000000000010,0000010000000100000000,100000001000000000000,00000000100000100000,0010000000000000011,001000001000000000,00000010000100100,0000000000001000,001000000010000,00000000110000,0010000001001,000000000000,01000100000,1000010101,000000000,10100001,0000100,000010,01000,0000,000,10,0,
00001000010010000001000100001000,0010001001000000000000010110000,000000001010100100001000000001,00001100100110010000000001000,0000100000000000001000100010,000001000011000010100000110,00010100000100010000100000,1010000000000000001000010,000000000000000000001001,00100000001000000000100,0000100001000010000000,000100000000000010000,01000000010001000000,0000110100000000000,001000000010000001,00000000000000000,0100000000000000,000000000100001,00000000100000,0000010000010,000000010001,00001010100,0000000010,1001,100000001,,0000100,010000,00000,0000,000,00,0,
0000000000101000000,,0001000,00000000001100001000,1000,000000001000000010000,0001000000000010000101000000011010000001010000000,0101100010000,000000000,0010000,11000000000001010000010000,0000010000000000100,000100000000001010000001,0000001,00000001000000000000000000000,11010000011,0000,00100000010000,0001,000000010000000010000000,00001000,00001000000000010,00000000001100,0000000000100,0000001,0100000000,0000,0000001000,000000000,1000000,10110,0000000,00000,010000001,000,000,00000,1,
10000000010010000001000100000000,0000100000100110000000000000000,001000000000100100010000000001,00100001000000011000000000101,100000001000000001100001,00000101000100000001,10000000000100000001000000000000,0000000000,00101000001000000000010000000,000000000000010010,01000001,000000100010000000011000000000100010000000001,000110001,00000011010000,000000001000000000000000101000,1001,01000100010000100,00100100000000000010101100000000000100000,010001,11000000000,0000000010000000,100010000,11001000000,000100000,00000000,00000000000,1000000,00100001,000010,000000,000000,10100,000,0,0,0,
00000000001000000001000000010000,0010001110000000000000100000000,010000000000001010001000000001,00100100000000000001000001010,0000000000100110000000000100,000011000000000110001000000,00000000000010000100110000,0001000000000000000001101,000001000000000101000000,01000001000000010000000,0010000000010000010000,000000000000010000001,00101000000001010000,0000100000000010001,010000001010010000,00000010010001000,1000010000100000,000000001000000,00000001100100,0000000010000,100000010110,01100000100,0000101000,000001000,00100001,0000000,000010,00000,0000,000,00,1,
00000000010000001011000000000000,000010100001000000000000011,0000000001,1000000100010000010001,01100011000000000101000000,0000000001000,000001000000010001001010100000000001110010,000,10100,1000010000010000,00000001000001000000001,000010000000001000,01000000001,0000010000110000010100000001,00000100010000,00110,0010000101,00001001100000000,1000000000000001,000000010,0000010000000001,0000101000,101000001000010,10010010010001,00001000000,00001,100000,00000001010000,0000000,1000,0001,0000,000,
000010000000001000000100010000100,000010000010000100000,00000100000100010000000,00000000000000001100001,00000100100000000001000,00000000,0000000100100000000000001010,0000010010000000,,0100000000001,0010000001000000000001,000101000000000,00010100100010000000010000,0000001000100000,00010001000100101,0000010000,001,00010000000011,00100001,00000000000000000,00000000000001,100101001100001,000000000000010000,000010001001,00000000010,00000000,11001,01,00000000,000000,0000001,0000,001,000,0000,0000,0,
00000001100110000000001000001000,0110000010100000000000000010000,000000100000000001001000100000000000010001000001001000010100,00000,00010,1000001000000000,,00000,000100101000000,00000011000010100,00000011010000000100000000000001000,000000001000,0010110000000000000010000000,0000000000,00000000,000000000110010000010001000000000000,000000001,000100000,0000000010000100,0100001000001000,00000000001,000000001,0010001000,00000100000001000,1001110000,000000000,0000000,000000001,0000010,,100000,000,00,0,
00000000000000000011000000010001,0100010100000000000000000000011,000000000110000000100000010000,00000000010001000000010000010,0000000000111000000000000100,000000100001000010100000001,10000000000001110000000100,0000001000010100000000000,000001000000000100011000,00000000000000000001001,1000000000100011000001,001100000001000100001,00000100100100000010,0010000001010001000,001010000000100000,00001001100000000,0010000000001100,000010000000000,00001001000110,0000001000000,010000000010,00000000000,0001001000,000000000,10000000,
00000000000000000000001000111100,0000000000000000010100110000100,000000110000000010010000010000,00011010100000000000100001000,0000000100100100100100010000000,010000000010000000000,100000001011100000000,00101,0000101010000,001010010000000010001000,00000000100010,0100000010100,1000000,1100110000,00010000100010,0000000000011010000000010,0000100000000,00000000000010,100000000,0001000001000000,100000000001000,000001010000010,1000,00000000000000010,11001000000,000000011000000,00000000001,0000000010,100000001,00000000,0000101,0000000,0001,000000000000101,000,
00000100001010001001010000000000,0000000000000100001000001000001,001000000010000000100100000001,00000010000010101100000001000,0011000000100000000100001000,000000010010000000000000100,00000100001000000000001001,0000100010000001000000010,100001000001000000000000,00000000010000000100001,0000000010000100000000,001010000000100000000,00010000000001100000,0000001000010100000,010000000010010000,01000100010000100,0000000000000000,000000000000100,01001000000100,00001001001100,000001000010,10000010000,1000010000,000000101,01000000,0100000,000000,00000,0010,001,00,0,
00000100001010001001010000000000,0000000000000100001000001000001,001000000010000000100100000001,00000010000010101100000001000,0011000000100000000100001000,000000010010000000000000100,00000100001000000000001001,0000100010000001000000010,000000100000000010001,00000000010000000100001,0000000010000100000000,001010000000100000000,00010000000001100000,0000001000010100000,010000000010010000,010001001000,000000000000000000000000,000000000000100,01001000000100,000010010000,001,000000100100,000000010001,0000001,00001001,00000010,100000001,0100000,000000,0000000,0000,01,00,
00000000000000000011000000010001,0100010100000000000000000000011,000000000110000000100000010000,00000000010001000000010000010,0000000000111000000000000100,000000100001000010100000001,10000000000001110000000100,0000001000010100000000000,000001000000000100011000,00000000000000000001001,1000000000100011000001,001100000001000100001,00000100100100000010,0010000001010001000,000000001,010001,00001001100000000,0010000000001100,000010000000000,00001001000110,0000001000000,010000000010,00000000000,0001001000,000000000,10000000,1000000,000000,00010,0001,000,01,0,
10000110000000010000000100000000,0000000000000010101000000000100,001000010100001000000000100000,00001000100000011010000000000,0000001001000000010110010000,000001000000010000000000010,00010010000000100000000010,0000100000000001100001000,000000000100100001010000,00000100001100010001000,0000001000101000000000,000100100011000000010,11000001000000100000,1000000000000000100,000000000000010000,00000100000000000,1000000000010001,000010001001000,00001000100000,0000000000100,000000000010,00000010000,0000001000,000000000,10000000,1100100,000110,00001,0001,000,00,1,
01000100100000000010000000000000,1000000010000100000000100100000,000000100000000000001000100000,00100001000011001000100000000,0010100000000000000010010000,000000100000010011000001000,00000000000100000001010011,0000000001000000000101010,110011000100000000001000,00010000000000010000000,0101100000000000010000,0100000000000000010010000,00010000000110000000000,001000,101000000011000000,0000000000000000000000000,000000010000101
000,0100000000000000000100000000,10000000000000010010000000,000000000001000000000100000000000100,00000010000000111001010000000010000,0010100000,0000001,00000100000001001000001000,0000000010010010000010,0000000100000000001000000000010,00000100000100000010000,000100000000100001000000001010000000000,0001100000000000,00100000000,0010000100000,010000000001000000001,0010,000001
00000000000000000011000000010001,0100010100000000000000000000011,000000000110000000100000010000,00000000010001000000010000010,0000000000111000000000000100,000000100001000010100000001,10000000000001110000000100,0000001000010100000000000,000001000000000100011000,00000000000000000001001,1000000000100011000001,001100000001000100001,00000100100100000010,0010000001010001000,001010000000100000,00001001100000000,0010000000001100,000010000000000,000100000,011000000000000,0000000100100,000110,00000010000,,000000000,10000000,1000000,000000,0001000000,0000000,00010,1000000,000,
00000010000010010000000001001000,000000100000100100000000001000,000000100000000010001000001000,0001001000100000000000010010010000,00000100100100100100100000000,0101000000000000001000010000000000100000000000000001010000110000000100010001000,00100000000000000101000000000000010011000,1000000,01000000000000000000001010000,000000000100000000,000000100001001,0001001010,0000001000000000000,010001110000,0000000000,100,000000000001001000000,010000,1010,0000000010000,,01000000,0100000000000,000100010,000000,000000000000,001000,10000,000000,0000,000,0,01,0,
100011000100000000000100000010000100100001000000000100,00000011100000000000001,000100000,10000100000100,00000010000001001000010000101000000000000010000100,0000000000010,10000000000001000011000000000000010,000000001100001000,100011010000000000000001000010,0000101000000001001,00000000101000000000000,00011000000000000000100000001000010000000001,0000000000010000000,0001000000001,00000000000000000,00000000010000000,000010000000,1010000000100000101,010010000,00,000000000010,00000010000,100,0100000000000,000000000001,00001010001000000,0000,000,00,00,00,
00000100001010001001010000000000,0000000000000100001000001000001,001000000010000000100100000001,00000010000010101100000001000,0011000000100000000100001000,000000010010000000000000100,00000100001000000000001001,0000100010000001000000010,100001000001000000000000,00000000010000000100001,0000000010000100000000,001010000000100000000,00010000000001100000,0000001000010100000,010000000010010000,01000100010000100,0000000000000000,000000000000100,01001000000100,0000100110110,000001000010,10000010000,1000010000,000000101,01000000,0100000,000000,00000,0010,001,00,0,
00001000000011000000100000010010,1000010000000000000000000010100,010000000000000000010000001000,00001000000110000000100000000,0100100001000000000010000000,001000000000100000010010000,00100000000000000100010000,0000100010000000011000010,000000000000000010000001,00010100100000001000000,01,00100000000010000001,0001001100001010,0100000100000000000,
10000110000000010000000100000000,0000000000000010101000000000100,001000010100001000000000100000,00001000100000011010000000000,000000100000000,0000001,001010000000000000000000001000,010100000000000010001000001001,0000001000000010010100100,0010000000000000010000000000000001000,00010100100010000000010101000000,00101,00110000000000000000,00000100,00000000010001,00010,00000000001,000100,00001000000,10100010000100,000010001000,00001,0000000001000,00,000,0010000000,000000,0000000010,00010,01100,110,000,0000,000,0,
000100100000000010000100000000,100000001000000000011000,100000001000000000001000000000100000001001,00001001,0001000000000000,00001000110000010000000001000,000100100001000000100100000,0000010000000001,00101101000000001,00000011000000,100000011000000,1001100000000010,000000001100001000000000,000000010000000000101,000000010001000010001001000,1000000001010000000,00010000001,1001100000000000,01000000000,0000000001,1001100000110000,00001000100000,10100000000000,000000101001000,100001,00000000001,00000010,00000001000,00010000001,000000,000000,000,01,00,
10000110000000010000000100000000,0000000000000010101000000000100,001010000100001000000000100,00001000100000011010000000000,000000100100000001010000000,000,0000100010010000,00011010100000,0001001000000010000000000000,000010001000001,0001001000000010000,001,0000000100000000,100000001000000000000,000100100000001000000000100000,00001001,1001010000000010010000,000000101000000000,00000000010000,0000001,000000100000000,000010001000,00000000001,00000000001000,00,010010010001,000000000,100100001,0,0000,000,0000,000,01,0000,
00000000010000001011000000000000,0000101000010000000000000101000,000000001011000000100110000000,00000000010010101000001000000,1000000010000000000000010110,0000010000000100010110000000000001
00001000010010000001000100001000,0010001001000000000000010110000,000000001010100100001000000001,00001100100110010000000001000,00001000000000000010000100,000001100000000000000000000100001000001000001000,00010100000100010000100000,1010000000000000001000010,000000000000000000001001,0010000000100000000010,0000100001000010000000,000100000000000010000,01000000010001000000,0000110100000000000,001000000010000001,00000000,010000000000000000110000,000000000100001,00000000100000,0000010000010,000000010001,00001010100,0000000010,101000001,01000000,0000100,010000,00000,,00,0,
10100011000000000010001000010000,0000000000000000000010000100000,000000000000110010000010000100,00000000000010100000001000010,0001010001000000000000001101,000000000001001100001000001,01001000000000000000100000,0000100000000000000011000,000000000000100000000100,10101000000000,0000000,0001000000001100000000,001011000000000110000,000000001000000011001000000000110000,00000100001001000,00000000001010000,1000000000000100,000000000000001,00010010000000,0001010000001,011001000100,0001,000000,00001001,001,000000,0100000,000000,000000000000000001000,000000,00000,0001,000,00,0,
00010000100011010000000000000000,1000000010000000000100001000000,000000000001001000110000010000,01001000000000001010100100000,0100110000000100000010000000,01000000000000000010000000001,000000,00100001,0010001000010001000000000,0000001001001001000001000000000000,000000,1101,0000000101000000000000,00000010000101
00000000000000000000001000111100,0000000000000000010100110000100,000000110000000010010000010000,00011010100000000000100001000,0000000100100001100000100000,000000000000111000000001000,000000101000010011000000,0000000100000000000000010,000000001100010000000,000101001000000010000000,100100000000,00011000110000000000,0100000001,000100000000000010000,001100000110000000,00010,0000000000000000,000001000,00000001000001,001000000,010001000,00000000001,11001,00001001000,00,000000110,00000000,,00000,000000,00000,0001,000,00,0,1,
00001000000011000000100000010010,1000010000000000000000000010100,010000000000000000010000001000,00001000000110000000101000,0100100001000000000010000000,001000000000100000010010000,00100000000000000100010000,0000100010000000011000010,000000000000000010000001,00010100100000001000000,0000001101000000000001,000100010000010001000,10000000000000001001,0100000100000000000,010000001000000001,10011000000000000,0000000000100000,010000100000111,00000001100000,0001000000100,010000010000,10000100000,1100101000,001000000,00000010,0000000,000010,00100,0100,001,00,0,
00000000001000000001000000010000,0010001110000000000000100000000,010000000000001010001000000001,00100100000000000001000001010,0000000000100110000000000100,000011000000000110001000000,00000000000010000100110000,0001000000000000000001101,000001000000000101000000,01000001000000010000000,0010000000010000010000,000000000000010000001,00101000000001010000,0000100000000010001,010000001010010000,00000010010001000,1000010000100000,000000001000000,00000001100100,0000000010000,100000010110,01100000100,0000101000,000001000,00100001,0000000,000010,00000,0000,000,00,0000000,
101000110000000000000000001,0000010000100,0001,1000000000000000100100000001,010000000000000000100001,01000000000000000010010100000000010000100000000,0001001000001000000010000,00100010000100010010001000100001,00010010,000000000000011000000000001,0001,10000000000,00000000010000,000100000000100000,000000000,10000010000,0000100010000,000000000100010,00000100000,000001000,00000000000000000,00000000010010000000101,00001001000100010000100,01010000010000,11001000000,000000000,00000000,1001010000000000,0000,00010001,,000011,0000,001,000,00,1,
000000000000000000000010001000100000,010000000100010001110000,0000000000110000000000,1000110000000000,00000,000000100010000100000100001001101000,00000101100001000,01000100000001000000000000010,00000001000001000000010000000010000,00010101000000000000000000000000,10000000000000100000000101000000000000,00000010000100101000000000010000010000000010000000110000001000,0001001000,11,00000000010,000001110000,00000001000001,000000011001,0000001000000,100000000010,1,10000011,0,10000000,0001000,1000001,0010,001,101,0000000101,
00000000000001001000000000101010,001000000100100010101000000000000000100000010000000001000,01000000000000010000,0000001010000000010100000000000,000000110100000000000,00010000011000001000000000,1000000000000001000000000100000010000,000000100000000000000110000100100000000010000110110000010,0000010000000010000,00000000010000000001,000000,000100000100000,000001,000000110000,00000010110000,00000110,0010001110010100000000,010000000010000,0000000010,00000010000000,0000000010,00100100,00100100010,10000,0001000001,0010000,0000000,1100,00001,0001,0,
00000100001010001001010000000000,0000000000000100001000000000000100,0000001000000000001,0100000010000000100001,01000000000000101000100001000001000000010010000,0000010000101010000000000000000000,0001000000001100000001,0000000101100100000000,1000000000000000000001,000001,01000100000000010001000000001000000001,00000000100000110000100,00000001000100101,001010101000000000100000001,000000000000,01,00000010010001000,00101,1100000000100000,01001,0000010,100001000,000000,00100000001,000000001,000,000000001,000000000,000,01,,,001,00001,,0000,000,0,
10010000000000001000000011100000,1000000000000000001000000000010,100000001000000010001000010000,00000000100000100000001010000,0011001000000000000000100000,000000100010000001000100000,01000000000000000110010100,0000100000000000000000001,000000000110100000000000,01100000000100010000000,1000110001000101000000,000000000000100000000,00011000110000000000,1101000001000000000,000100000000110100010001000000,00000000,000000010000000010,100000000000001,00000001000001,0011000001000,010000000000,1000000001,000000010001000,0000001000001,01000000000,000000,,100000000000001,0100,1,0,0,
10010000000000001000000011100000,1000000000000000001000000000010,100000001000000010001000010000,000000001000100000001010000,001100110000001110,000001000000011000010100000100000000000000010000100000000,0000100000000000000000001,000000000110100000000000,00000000001010000001000000000001,0000000000000000011010000,
01000100100000000010000000000000,1000000010000100000000100100000,000000100000000000001000100000,00100001000011001000100000000,0010100000000000000010010000,000000100000010011000001000,00000000000100000001010011,0000000001000000000101010,110011000100000000001000,00010000000000010000000,0101100000000000010000,010000000010000000000,00000000000000000110,0000000010000000010,001000101000000001,10000010010000000,1010000010000000,000000000000000,00000000001100,0000000001000,100100000100,10001100100,0001000000,000000001,00001000,0000101,010000,00010,0000,000,00,1,
00000110000000010000000001000001,0000010101000000000000100000100,000001100000010000000010000000,001000000000001001000001,10000000100000000000000101100000100000,0010100001001000001000,00000000101000010001000000,000000000101000000,001001000010000000,000000001,00000000,100000000000001,0000001000001000000000,000000010000001001000,100000000000001000001,0000000001000001,000001000000000001100100,1000000001000,000000000000000000000000110,0100000000
01000100100000000010000000000000,1000000010000100000000100100000,000000100000000000001000100000,00100001000011001000100000000,0010100000000000000010010000,000000100000010011000001000,00000000000100000001010011,0000000001000000000101010,110011000100000000001000,00010000000000010000000,0101100000000000010000,010000000010000000000,00000000000000000110,0000000010000000010,001000101000000001,10000010010000000,1010000010000000,000000000000000,00000000001100,0000000001000,100100000100,10001100100,0001000000,000000001,0000000000,0000,000,000001,00,000001000,1100,01000000000,0000100100,0,01010000000000,001,00000100000101,000010011000000101000,,000000001000,101,000000000000000001,00000100,0000000100110,00000011000000011000100010000100000000000,000000000,00010
10010000000000001000000011100000,1000000000000000001000000000010,100000001000000011000000,000000000001,01000100000001000100001,00000,0000000,00000000100000100000110000000000,01000000000000000001000000000000000100000,000010000,,0000000000001000,0100,000010001,0000000100100000011001,00000001,000001,1100000000000000000,0010100000000,00000000010000000000110000,100000000,00000000010000000000000,1001000010000,0000000000000000,00000000001,100000000,1000010,1000000000,1001010001000,0000000100,00000000010,1001,1001000000000,000000,0000000,0,001,010,1,00000000001,0,
00001000000011000000100000010010,1000010000000000000000000010100,010000000000000000010000001000,00001000000110000000100000000,0100100001000000000010000000,001000000000100000010010000,00100000000000000100010000,0000100010000000011000010,000000000000000010000001,00010100100000001000000,0000001101000000000001,000100010000010001000,10000000000000001001,0100000100000000000,010000001000000001,10011000000000000,0000000000100000,010000100000111,00000001100000,0001000000100,010000010000,10000100000,1100101000,001000000,00000010,0000000,000010,00100,0100,001,00,0,
10000110000000010000000100000000,0000000000000010101000000000100,001000010100001000000000100000,00001000100000011010000000000,0000001001000000010110010000,000001000000010000000000010,00010010000000100000000010,0000100000000001100001000,000000000100100001010000,0000010000110001,000110000000010000101000,01000000001010000,11000001000000100000,1000000000000000100,00001001000010000000,1,0000001000000001000000,00000110000000,0010001100000,000001,11001010000,100000,001000000000000101,000000000,001000000010000,00000000,000110,00001,10001,001,000,1,
10100011000000000010001000010000,0000000000000000000010000100000,000000000000110010000010000100,00000000000010100000001000010,0001010001000000000000001101,000000000001001100001000001,01001000000000000000100000,0000100000000000000011000,000000000000100000000100,10100101100001000000000,0001000000001100000000,001011000000000110000,00000000100000001010,0000100010000010001,000000000000010010,00000000001010000,1000000000000100,000000000000001,00010010000000,0001010000001,011001000100,01000001,01000000,0000000000000010000,11000000,0100000,000000,01000,0000,001,00,0,000100000,0,
0001100010000000,0000000000000000010010001000010000001000000000000010000100000001010000000000000010000001000010,00000000110000111001000000,000000100000010000000,001010000000010000100000001,000000,00000000101110000000010000,000000,00001001010000101000100000000000000000110,000001010001100000001,001000000000100000000001,00001100000001000100001,00001001010,0000000011000001001000001000000001,0000000000,000001101000000001000000000000,00000000100001100000000,00010010000000001000000001,000000001,00000000000,00001000,0000100000000,000000001,1001010,0000000100001000000,000000,000,00001,1,001,
10010000000000001000000011100000,1000000000000000001000000000010,100000001000000010001000010000,00000000100000100000001010000,0011001000000000000000100000,000000100010000001000100000,01000000000000000110010100,0000100000000000000000001,000000000110100000000000,01100000000100010000000,1000110001000101000000,000000000000100000000,00011000110000000000,1101000001000000000,000100000000100110,00001100000010000,0000000000000000,000010100000000,00000001000001,0011000001000,010000000000,00000000010,0000001100,010000001,00000011,0001000,001000,00100,0100,010,00,0,
00000000000000000000001000111100,0000000000000000010100110000100,000000110000000010010000010000,00011010100000000000100001000,0000000100100001100000100000,000000000000111000000001000,10000000101000010011000000,0000000100000000000000010,001010010000000010001000,00000000100010000100010,0000001000001000000000,000110000000000010001,0000000100000000000101,00000101000010000010010,00000110100000000000,0000000010000100,00001010000,00000000101,100000000,0010000,00000000,00010010,100000000,000001,1001010,10000000,000100010,010000,00000,0001,000,00,0,
00000000000000000011000000010001,0100010100000000000000000000011,000000000110000000100000010000,00000000010001000000010000010,0000000000111000000000000100,000000100001000010100000001,10000000000001110000000100,0000001000010100000000000,1010000010000000000001000,00000000000000000001001,1000000000100011000001,001100000001000100001,00000100000,0000100000000,00000000000001000,001010000000100000,00001001100000000,0001,10000010000,000000001,00001,01,0001000001000,001001000,00,000100000000000,0010,1000000,10000000,0100000,1100,000,0001,00,0,
10000000010010000001000100000000,0000100000100110000000000000000,010000000010000000000,000000010000001000101000,001100000000100000010000,000010100000110000000100000000,10000000000001000100000110000,0000000101,000000100100101000000000,001000010000000000,0000000000000000,00000000,0001000000,0000000000000000,000000010001000000000110000000000,000000000010000000000000000010,000000001,00000000001,0010000000001000010000000,0000,0000000101001000,00000001001,1001000100,00000000001,000010000101,001100001,,00100001,,101000001,0,000,000,,000,,0,
10001000000000000,11000,100001000100000100,0011000000000000000000000001000,00,00000,0010000000,0110,0000000000000000,0000100000000001000010001100000100,000010000000000000100010001,00110000000000000000000010,000,00000000,1000000000000100000000,1000000001000000,00100000100001000010001000000000001,0100101000,
00000010000000001000001000100000,1001000000000000011000000000000,100000000000000010000010101000,00000100000101000000000000000,0000000001011101000001000000,000000000000001000000010010,00001000110010100000000000,0100000000000000000000110,001000000000000001100011,11010000001000000000100,0000010000000100100000,010000110000000000000,00000101000000000,111000000001000001000,000000000000110000,00000100100000010,1000000000000001,000011000000000,00000110000000,0010000000000,000001000000,0000011,0000000100,100001000,00000010,0001101,001000,10000,0100,000,01,0,
00001000010010000001000100001000,0010001001000000000000010110000,000000001010100100001000000001,00001100100110010000000001000,0000100000000000001000100010,000001000011000010100000110,00010100000100010000100000,1010000000000000001000010,000000000000000000001001,000100000,100000001000100001,00011000100000001000010000000001,0001000000001000,0010001,000000001000000000000,00000000000000001,00000000000000000,,000010010001,010010000,010000000000,11001000000,00101100001,10000000,0000000010,010000000000,00010,001,0110000000000,1100000000,000,
000100010010000000001010000000,0000000001000010000010000,00000000001001011000010010000000,00000000001000100001000,001100100000000010011100000,000000000100001,001000001000000000010000000000100,000000000010000000,000000100001000100000001101001010000,00001000000,
00000000000001001000000000101010,0010000001001000100001011000000,000110000001000000000000000100,00000010000000111000000000010,1100010000110000000001000000,000100000001010100000000000,00000000000001000000000001,0111000000000000100010000,000110011000000010010000,01010000000000000000010,0000010000000100000000,100000001000000000000,00000000100000100000,0010000000000000011,001000001000000000,00000010000100100,0000000000001000,001000000010000,00000000110000,0010000001001,000000000000,01000100000,1000010101,000000000,10100001,0000100,000010,01000,0000,000,10,0,
10010000000000001000000011100000,1000000000000000001000000000010,100000001000000010001000010000,00000000100000100000001010000,0011001000000000000000100000,000000100010000001000100000,01000000000000000110010100,0000100000000000000000001,000000000110100000000000,01100000000100010000000,1000110001000101000000,000000000000100000000,00011000110000000000,1101000001000000000,000100000000100110,00001100000010000,0000000000000000,000010100000000,01000000000,10101000000000,00001001000,0000000000001,00000000010,0000001100,010000001,000000110,10000000,001000,00100,0100,010,00,0,
00000100001010001001010000000000,0000000000000100001000001000001,001000000010000000100100000001,00000010000010101100000001000,0011000000100000000100001000,000000010010000000000000100,00000100001000000000001001,0000100010000001000000010,100001000001000000000000,00000000010000000100001,0000000010000100000000,001010000000100000000,00010000000001100000,0000001000010100000,010000000010010000,01000100010000100,0000000000000000,000000000000100,01001000000100,0000100110110,000001000010,10000010000,1000010000,000000101,01000,0100000,000000,00000,0010,001,00,0,
00000000000001001000000000101010,0010000001001000100001011000000,000110000001000000000000000100,00000010000000111000000000010,1100010000110000000001000000,00010000000101010000000000,00000000000001000000110110000,0000000101,000110011000000010010000,00000000100000010000110000,0000000001100100000000,000,00000000100000100000,0010000000000000011,001000001000000000,000000100001001000,100001,0000001,1000010000101000010110100000000000,0000000010000,00000000000,000,000000000000,00000001000,,00000000100,10000000000,000000,0010,0000,000,0000,001,0,000,0,00000,1000110000000,
00011000100000000000001000100000,0000000000000000000001110000001,001000010000101000000100000000,00000000000000111011000000100,0000001000100001000000100010,000000001011000001000000000,00000100001000100000110000,1000010000100000100010000,001001000010000000000001,10000000000010011010000,0000000001100101000000,100110000010000000000,00000000101000000000,0000000110000000000,000010100000000000,00100000010000000,0000000001001000,000000000010000,00001001000000,0000010100000,100000000000,00000000000,0000101000,000100000,00000000,0010000,001000,00000,0010,110,10,1,
00000000000000000011000000010001,0100010100000000000000000000011,000000000110000000100000010000,00000000010001000000010000010,0000000000111000000000000100,000000100001000010100000001,10000000000001110000000100,0000001000010100000000000,000001000000000100011000,00000000000000000001001,1000000000100011000001,001100000001000100001,00000100100100000010,0010000001010001000,001010000000100000,000010011000000000,00000000001,0000100000000,00001001000110,0000001000000,010000000010,0000100,0001001000,000000000,10000000,1000000,000000,00010,0,000,01,0,
00000000000001001000000000100001001001000,0000110000000000001011000000,000111000000000000000001,00000100000101,01000000000000100000000,0000000000001100000010010,,000000001011000000010,00000001000000010100000000001,000000100000001010000,000000000010000100010001,000000010,0001000000,00000100000000,0010000000000000010,000001000001000000000,00010000100,000100010,00010001,100000110000001000,01,01,0100000000000000,0000000000011,00000000000,0000010000000,0,01,0010000010001,000000,000000000100000000,000001,000000,01,101,01,0,
00000000000000000000001000111100,000000000000000000001001000000000100,000000110000000010010000010000,00011010100000000000100001000,0000000100100001100000100000,000000000000111000000001000,10000000101000010011000000,0000000100000000000000010,001010010000000010001000,00000000100010000100010,0000001000001000000000,000110000000000010001,00000001000000000001,1000000001010000000,000100101000000001,00000000000000100,0001000001000000,000000010000001,000001010001,1000010010000,001001000010,10000001000,0001001000,000000110,01000100,0100000,000000,00000,0001,000,00,
00001000010010000001000100001000,0010001001000000000000010110000,00000000101010010000000000001000000,0100000000100000,000000110000,0000100000000000000010010000000001000000000,000000000001001,00001
10000110000000010000000100000000,0000000000000010101000000000100,001000010100001000000000100000,00001000100000011010000000000,0000001001000000010110010000,000001000000010000000000010,00010010000000100000000010,0000100000000001100001000,000000000100100001010000,00000100001100010001000,0000001000101000000000,000100100011000000010,11000001000000100000,1000000000000000100,000000000000010000,00000100000000000,1000000000010001,000010001001000,00001000100000,0000000000100,000000000010,00000010000,0000001000,000000000,10000000,1100100,000110,00001,0001,000,00,1,
10100000000100000000001000000000,0000100000000000000100011000000,000110001000000000000000001010,10001000000010001000000000000,0101000000000000000100100000,000010010100000100000001000,00000000001000000000010100,0010100010000000101000000,111000000000000000000001,00000000100010001001100,0000000000000000010000,010000010000000000010,00001000010000000001,1001010000001000000,001100000110000000,10000001010000000,0000000010000100,000000000000101,01000000000000,0010000010000,100000010010,00100001001,0010111000,00000000001,0,100000000,0000010,000000,00000,000,000,00,0,
00000000000000000011000000010001,0100010100000000000000000000011,000000000110000000100000010000,00000000010010100000000110,0000000000111000000000000100,000000100001000010100000001,10000000000001110000000100,0000001000010100000000000,000001000000000100011000,00000000000000000001001,1000000000100011000001,001100000001000100001,00000100100100000010,0010000001010001000,001010000000100000,00001001100000000,001000000000100000100010000,10110000010,0,0000001000000,010000000010,001,0001001000,0,10000000,100,000000,0000,1000,001,01,0,
00010000100011010000000000000000,1000000010000000000100001000000,000000000001001000110000010000,01001000000000001010100100000,0100110000000100000010000000,010000000000000000111000000,00000000000000010000000001,0010001000010001000000000,001000100000100000100000,01000001001000000000000,0000000000001000100000,000001000001001000000,00001000000100001001,0010000010001000100,100000000000010000,00000000010000001,0000100100000010,000000000000010,10100010000100,01001000,000000001000,00100001,1000000001,00001001000,00000000,1001010,000000,10110,1100,000,00,0,0,
10001100010000000000000010000000,0000000010100000000000101000000,000010010000000000001000100000,10000100000000000000001100001,0000000010010010001001010000,101000000000000100000000001,00001000000000010000110000,0000110000000100010001000,000000100001101100000100,00000000000000110100010,0000011000000000000000,00000000000000000110,0100000000110,10000010000,000001100100000001000,00000100001001100000000,0000,01,001010000001001,0000000110010000001000000,000000000100000000,01000000,00001001000,00001010100000000000,00000010,100000001,000000000000,01000000,000000,0000,000,000,0,010000010,
10000000010010000001000100000000,0000100000100110000000000000000,001000000000100100010000000001,00100001000000011000000000101,0000100010000000100000000001,000001010001000000000100000,01100000001000000000001000,0010100000100000000001100,000001001000010000000000,00000000100000000100010,0000000000000001100001,000000000001000100100,00010010110000000000,1000010000000010000,010000000000000110,00100001000000000,0000000000000011,000000101000000,00001000000000000001000110010001000000,000000000000000001,11001000000,0010000000,001000000,10000000,0000000,00000000,010000,00000,0000,000,00,0,0000100,
00001000010010000001000100001000,0010001001000000000000010110000,000000001010100100001000000001,00001100100110010000000001000,0000100000000000001000100010,000001000011000010100000110,00010100000100010000100000,1010000000000000001000010,000000000000000000001001,00100000001000000000100,0000100001000010000000,000100000000000010000,01000000010001000000,0000110100000000000,001000000010000001,00000000000000000,0100000000000000,000000000100001,0100010000010000,11001000000,000000010000,000000000,0000000010,101000001,01000000,0000100,010000,00000,0000,000,000,0,
10001100010000000000000010000000,0000000010100000000000101000000,000010010000000000001000100000,10000100000000000000001100001,0000000010010010001001010000,0010000001000000010000100010,00000000,10000000,00001000000000100001,0000100011000000000000000000010000,000001010,1000011000110000000000,000000100100000001,0000110000000100000000000000,00000100000000000101,0010001000010100000000000,00101,000000010000000010,01000000001000000,00000001000001,00100000001001,0000001000000,0001000,11001000000,00101100001,0,0010010000,000000000010,01000000000000000,000000,000,000,000,0,
10100011000000000010001000010000,0000000000000000000010000100000,000000000000110010000010000100,00000000000010100000001000010,00010100010000000000010000000000000001,110000000000000100010000010,01001000000000000000100000,0000100000000000000011000,000000000000100000000100,0000000100,0000000010000000101000000,100000000010000001,001011000000000101,00000000100000001010,0000100,00001011000000,000000000000111001,0000010001,00000000011000000000000,00000000000010000,0001010000001,0000000000100,10000001,00000,01000000000,00000000010000000,11100000,0000000,000000,0100000,,000000,0000000000,000,000,00,0,
00000000001000000001000000010000,0010001110000000000000100000000,010000000000001010001000000001,00100100000000000001000001010,0000000000100110000000000100,000011000000000110001000000,00000000000010000100110000,0001000000000000000001101,000001000000000101000000,01000001000000010000000,0010000000010000010000,000000000000010000001,00101000000001010000,0000100000000010001,010000001010010000,00000010010001000,1000010000100000,000000001000000,00000001100100,0000000010000,00000100010000,0000011011,0000000001,0000000,000001000,00100001,0000000,000010,00000,0000,000,00,1,
00000000010000001011000000000000,0000101000010000000000000101000,000000001011000000100110000000,00000000010010101000001000000,1000000010000000000000010110,000001000000010001001010000,00001000000001000000001010,1011000010000000000000001,000100000010100000000100,10100000000000010100010,1000000100000000100000,0000000010001000000010000110000000000,100001,0000100000000000000,001000000100100101,00110010010000001,0000000101001000,000001000001100,00001000000000,0000001000000,100000000010,01,01,00001000000,000000000,000000,000001,000000,110,000,00,0,
01000100100000000010000000000000,1000000010000100000000100100000,000000100000000000001000100000,0010000100001000010000,0011000000,000100000010,0000001000100000000010011000001000,00000000000100000001010010,0000,0000000000100000,000000000000,00000000000,0001000000000001,000000000,0000000000000,00000,001001000000000001,1000000000000,000100001001101000000011000000,000,100001000010100001000001000,0000,00000000001100,01010000010000,00000,100000001,000100010,0010000,00100000001,00001000,000,00100100,00000,00,0,000,
00000000000001001000000000101010,0010000001001000100001011000000,000110000001000000000000000100,00000010000000111000000000010,1100010000110000000001000000,000100000001010100000000000,00000000000001000000000001,0111000000000000100010000,000110011000000010010000,01010000000000000000010,0000010000000100000000,100000001000000000000,00000000100000100000,0010000000000000011,001000001000000000,00000010000100100,0000000000001000,001000000010000,00000000110000,0010000001001,000000000000,01000100000,1000010101,000000000,10100001,0000100,000010,01000,0000,000,10,0,
01000100100000000010000000000000,1000000010000100000000100100000,000000100000000000001000100000,00100001000011001000100000000,0010100000000000000010010000,000000100000010011000001000,00000000000100000001010011,0000000001000000000101010,110011000100000000001000,00010000000000010000000,0101100000000000010000,010000000010000000000,00000000000000000110,0000000010000000010,001000101000000001,00001001000000100000000000000000,00000000,101000000011010000,0000100000000,0000000001000,100100000100,10001100100,0001000000,000000001,00001000,0000101,010000,00010,0000,000,00,1,
01000000000000010001000000000010,0000100000000000000100010000011,000000000100100001010001100000,10000000000010010010000000000,0000000000000100000000110001,001010010100010000000000000,00000000000001000010000100,0000000101100100100000000,000000100000000000010010,00001110000001000000001,0001000100000001000100,000000010000011010000,00000000000010101000,0001011000000001001,000100011010000000,00000000000000000,0000000100001010,000010100010100,00000000001000,0000010000000,001000000000,00001000001,0000000000,000010000,10000000,0000000,010000,00101,0010,000,00,0,
00000110000000010000000001000001,0000010101000000000000100000100,000001100000010000000010000000,00100000000000100000000001110,0000000000001001000,00010,00101000010010000010000000,00000000101000010001000000,0000001000001000000000100,00010000001010010001000000000000000001000,00010000000000010000000,10000000000010001,000000010000001001000,,10000011,000000001000,00,0000000000000,0000000000000000000000000,000000000010000010000,0000100000000001,0000000010000,0000000100001001001000100001000000010001001000,000000000,0000000,000000,00001000,0000000,000000,00010,0000,000,00,1,000,01001
10000110000000010000000100000000,0000000000000010101000000000100,001000010100001000000000100000,00001000100000011010000000000,0000001001000000010110010000,000001000000010000000000010,00010010000000100000000010,0000100000000001100001000,000000000100100001010000,00000100001100010001000,0000001000101000000000,000100100011000000010,11000001000000100000,1000000000000000100,000000000000010000,00000100000000000,1000000000010001,000010001001000,00001000100000,0000000000100,000000000010,00000010000,0000001000,000000000,10000000,1100100,000110,00001,0001,000,00,1,
10000110000000010000000100000000,00000000000000101010000000001000,000101000100001000100000,00000000000011001010,000100000000100000000000000101000001001000000000,00000000000010100,0010,010100000000001,01100000000100001000000001100001000,000000000100011000010000,
00000001100100000000000101000000,0001110101000000000000010000000,010000110000000000001000000001,00010000000001010000000010000,0000000000010000001110000000,0000000000000001000100000000,00100000010010000000000000,0000001000000010001000100,00100000001001,01000100000001000000000000010,1000000000100000010100,000010111000000,00001000000,0000010001000100000,00110,10000,1000001000,0000000000000000100001000,1100000000,0010,00001000100000,01000000000000,0000000000001000,0000001100,001010000,000000000,0001,000001,0010,0000,0010,000,1,10,00000001001,
00001000010010000001000100001000,0010001001000000000000010110000,000000001010100100001000000001,00001100100110010000000001000,0000100000000000001000100010,000001000011000010100000110,00010100000100010000100000,101000000000000000110000000,000000000000000000001001,00100000001000000000100,0000100001000010000000,000100000000000010000,01000000010001000000,000011010000000000,000010001000001000000,00000001,0100000000000000,000000000100001,000000001010000000000,11001000000,0000000000001000,000000001,0000000010,110,00000001000000,000000,0001,00001001,000,0,010000110000,
00000001100100000000000101000000,0001110101000000000000010000000,010000110000000000001000000001,00010000000001010000000010000,000000000001000000100000,000100000000010110001000000,00000000000010000100110000,0000001000000010001000100,001000000011010100000001,00000001000000000000010010,10000000000000100000001001001000000000000001000000000010000100001000,000000010001000100000000000000010010,00110000010,0000001000010010,1000000,000010000000,000000001,01000000,0000000000011,0100000000,0000101,0010001000,01,00010,0001,00100000000001,000100,,0000,0000,0000,00,0,
1001000100000010000000000010010001000000010000000010110100000000000,0000001001000010100001000000,0000010000110000001011101011000,001010010000100000000001,00000100000000,000101000001,00000010,0000000100100100000000000001,1000000,000100000000000010100000001000010000,1000000100000000100000,0000100010,00000000000001111000000000000000100100000000000010000,0001100000010000,0001,0000000000010,0000,0010100001010,1000000010,000010101,010000000000,000000000000,0000001,0001000010001,1001100000000,000000,0100000000,000000,001000100,0001,000,000000,0,
000010000000,00000000001000,001000110000011000000000100100001100110000000010010000010101000000000,000001001000000000101000000000000010010000100000,00100001,000000001000000100000001101010000000001000010000,00000101000000100001,000010011000000,000000000000000010000000010001010010000,00100000000010100000000010000000110000000000,0100000000111,10000010000,1000010100000010100111001,00000110000001010000000000000000,010000100000001100000001,0010000000001,0000000000001010000111000000,100001,00000001001,00001001000,0000001,000000100001001,01000000,0100000,000000,100001,01001,0001,00000,0,0100110,
10010000000000001000000011100000,1000000000000000001000000000010,10000000101000000,0000101000000000100000000,0,000000000000001000000001001010000110000000010001,000000100010000001100000000000001000100000,000000000100011100000000,000100010000010000010000,0000000110000001000000000,001000,1101,100000000010000001,001000000100000000000000010,000000101000000,10000000000000001001,0000001000000000000,0001000100101000010010100010000010010000001,0000001000000000000,0100001000001,0000001000000,000000000001000,000010000,000001000000,0100000000,01000,00000000,000000110,00000000000,00001000,01000,0,000,0,00,
00000000000000000011000000010001,0100010100000000000000000000011,000000000110000000100000010000,00000000010001000000010000010,0000000000111000000000000100,000000100001000010100000001,10000000000001110000000100,0000001000010100000000000,000001000000000100011000,00000000000000000001001,1000000000100011000001,001000000100010,00000100100100000010,0010000001010001000,001010000000100000,00001001100000000,0010000000001100,000010000000000,00001001000110,0000001000000,01000000001000101010001000000000001,000100100001,0,10001,10000000,01100,0001,000,0000001,0,
00001000000011000000100000010010,1000010000000000000000000010100,010000000000000000010000001000,00001000000110000000100000000,0100100001000000000010000000,001000000000100000010010000,00100000000000000100010000,0000100010000000011000010,000000000000000010000001,00010100100000001000000,0000001101000000000001,000100010000010001000,10000000000000001001,0100000100000000000,010000001000000001,10011000000000000,0000000000100000,01000001,10010000100100101,0001000000100,010000010000,10000100000,1100101000,001000000,00000010,0000000,010,00100,0100,001,000,0,
00010000100011010000000000000000,1000000010000000000100001000000,000000000001001000110000010000,01001000000000001010100100000,0100110000000100000010000000,010000000000000000111000000,00000000000000010000000001,0010001000010001000000000,001000100000100000100000,01000001001000000000000,0000000000001000100000,000001000001001000000,00001000000100001001,0010000010001000100,100000000000010000,00000000010000001,0000100100000010,000000000000010,10100010000100,1100000000001,000000001000,00000000000,1000000001,000001000,00000000,1001010,000000,10110,1100,000,00,0,
0001011000000000110000000000000000,001000011000,010100000000,000000000110000001000,00000010000010110100010,00000010011000000100000000100000010000000,00000000010110001000000,1001010000000000000010000010010000000001100,101100001000000000001,00000000000000010000,0101000000000000000100001,1000000000100000010100101000000,01000010000000100000010001000000000101,00000000000010000,00000000010,00000000010000,000000000000001100000000,100001000010100000000,01,00000100100001,000000001000,10001000000000000000001,110000000000000001001,0001001000,0100001000001000000,0100011001,00100001,1000,000000,000100,001,
00010000100011010000000000000000,1000000010000000000100001000000,00000000000100100010000100100000,0100100000000000101010010010001010001001010000,00,00001000100,,00000000001000000000001000010010000011,,1000010,00000001000100000000000000000110,0000100000,10000000000,10000,0000100000000,000010000000100001000000010000010000000001000100000,0000101000000001,000001000000000001
10100000000100000000001000000000,0000100000000000000100011000000,000110001000000000000000001010,10001000000010001000000000000,0101000000000000000100100000,000010010100000100000001000,00000000001000000000010100,0010100010000000101000000,111000000000000000000001,00000000100010001001100,0000000000000000010000,010000010000000000010,00001000010000000001,1001010000001000000,001100000110000000,10000001010000000,0000000010000100,000000000000101,01000000000000,0010000010000,100000010010,00100001001,0010111000,100010000,00100000,0000010,000000,00000,0000,000,00,0,
10000110000000010000000100000000,0000000000000010101000000000100,001000010100001000000000100000,00001000100000011010000000000,0000001001000000010110010000,0000010000000100000000000110000,00010010000000100000000010,0000100000000001100001000,000000000100100001010000,00000100001100010001000,0000001000101000000000,000100100011000000010,11000001000000100000,1000000000000000100,000000000000010000,00000100000000000,1000000000010001,000010001001000,00001000100000,0000000000100,000000000010,00000010000,0000001000,000000000,10000000,1100100,000110,00001,0001,000,00,1,
00000001100100000000000101000000,0001110101000000000000010000000,0100001100000000100100000000,00010000000001010000000010000,0000000000010000001110000000,100,00000001,00100000010010000000000000,00000010000000000001000100000,000000100001000000010010000,0010001100000001,0001001000,0000010000000001,100010000,01000000000,00000100000100100101000000,00000101000000001,1000001000000000,000001000000,00000010000000,01000000,0000010000000,1000000100,0100001001,000001000100000000,,01,0010000001000,01,,0000,,0000,0010,,10,,
10000000010010000001000100000000,0000100000100110000000000000000,001000000000100100010000000001,00100001000000011000000000101,0000100010000000100000000001,000001010001000000000100000,01100000001000000000001000,0010100000100000000001100,000001001000010000000000,00000000100000000100010,0000000000000001100001,000000000001000100100,00010010110000000000,1000010000000010000,010000000000000110,00100001000000000,0000000000000011,000000101000000,01000000010010,0000000010000,100100000000,11001000000,0010000000,001001000,10000000,0111000,010000,00000,0000,000,00,0,
00000000000001001000000000101010,0010000001001000100001011000000,000101000001000000000000000100,00000010000000111000000000010,1100010000110000000001000000,000100000001010100000000000,00000000000001000000000001,0111000000000000100010000,000110011000000010010000,01010000000000000000010,0000010000000100000000,100000001000000000000,00000000100000100000,0010000000000000011,001000001000000000,00000010000100100,0000000000001000,010100000000,000000001,000010000000100000010000,000000000000,01000100000,000,0000000000001000,000000001,000000000,0000100,000010,01000,0000,000,0000,
00000100001010001001010000000000,0000000000000100001000001000001,001000000010000000100100000001,00000010000010101100000001000,0011000000100000000100001000,000000010010000000000000100,00000100001000000000001001,0000100010000001000000010,100001000001000000000000,00000000010000000100001,0000000010000100000000,001010000000100000000,00010000000001100000,0000001000010100000,010000000010010000,010001000100001000,1000010000100000,000001000001,000001,0000000001000010,0100000000,100100000100,00010010001,001000000,00000010,100000001,0000101,000000,0100,001,000,,0,0,10000,
10100011000000000010001000010000,0000000000000000000010000100000,000000000000101000000,000000000001,00000000000010100000001000010,00010100010000000000000011001,10000000000000001000010,00001000001000001100000000000000000001100000000000100000,0010100000110000000010010001000000000000000001,000001000100010010100000000000101000000,0001000001000000,1000101000000,10000000000000000010000000100010001,1000000101000110000000010,00000000001010000,100,0100101000,000000011000000,10010010000001001000000,0000000000010,0000100000000,010000000000000001001,0100001100,00000100010,000000,10000,001000,0100,00000,00000,,,,0,
00000000010000001011000000000000,0000101000010000000000000101000,000000001011000000100110000000,00000000010010101000001000000,1000000010000000000000010110,000001000000010001001010000,00000000000100000000000,1,0000000000000000010000000,11000000000010000,0000000010000000100001,0000000100000000010,,00000000100000,0100000000000100101,00000101,100001000001000000000,000010000,00000000000000,000000010010000000,00001001000000,0000010,0000001000000,010001,010000000000,0000001100,10000000,00000000,0,0000010,100000001,1000,000100,000,0,1,
00000100010001,0001000,0000000000000100000000001100001000,000000011000010000,00000000000010000,000000010000001,001000000000000001010100001,00000000001011000100100100110000000000010001101000,000010100000000000,100001000001,0001,00100000,000000001100010000000,0001,000101000,0001000000,0000100000000010001,00000110,01000010000010010000000000000010000000,001,000011000000000,00001000000,00000000001000,00000000,000001,0000000001100001,10000,0100000000000,00001,000001,00010000001,0000110,01,00,00,00,
010001001100000000001000010100000001,0000000000101000,001000000010100010010000000,0001001010000000010000001000,00100010000000100100000,01000000000000000000,0000000000001000010000000000111000000000000000001000000000111000000000000100010000,0000000,00000000100000001001,0001010000110010000,1000000,0001011000000001001000110001000100000,100010000000001000000000101,000011000010100000000010000001,000000000000010000,00000000000000000,00000000,0000000000,000010000000001000010000,000001001,0000000000100100000,00010010001,001000000,10000000000,010001000,,11000000001000001,00001,00100000000,000,
10000000010010000001000100000000,0000100000100110000000000000000,001000000000100100010000000001,00100001000000011000000000101,0000100010000000100000000001,000001010001000000000100000,01100000001000000000001000,0010100000100000000001100,000001001000010000000000,00000000100000000100010,0000000000000001100001,000000000001000100100,00010010110000000000,1000010000000010000,010000000000000110,00100001000000000,0000000000000011,000000101000000,01000000010010,0000000010000,100100000000,0100000001,0000010000,00100000,000000000,0000000001,00000001000010,010000,00000,,000,0000,000,
10000110000000010000000100000000,00000000000000101000000000,00000010,0100000000000000000100000010000000,00010000110000000000000,000100000000000000000100000,0000100100000010010000000000101100,0,000000000000100,00010001000,00,0000000001000100000000000000000110,100010001000000000000101000100000,000010000000000010010100000000000010000100000001000000000101,100000000100010000,0000010000,0000000001000011000000110000000,01000000000000010000000,000001,0010000000,0000001000000,00000010000,00000010000000000000010010000000,1000000000000,00000010,001,00000000,0000001,010000000000,01,001,0000,0000000001,
0000000000000101000111100,0000000000000000010100100000001011001001000000010000,100001,00010100000000000000001000000000110000,00000001010010000000100000,00000000000011100000000,10000000001000011000000000001001,01,00000000000010000100,000001,000010110,01010000000000001,100000000,00000110100000000010100000000,10000000000010001,1000000000100001100000000000000000000100001001000101000001,0000100101,10100000000000,01000001,0000010000000,000000,0000010100000,001,010000010000,00010001,000001000,000001,0000001010,000000,,010000,010000,00000,001,000,00,10000000,
00000000001000000001000000010000,0010001110000000000000100000000,010000000000001010001000000001,00100100000000000001000001010,0000000000100110000000000100,000011000000000110001000000,00000000000010000100110000,0001000000000000000001101,000001000000000101000000,01000001000000010000000,0010000000010000010000,000000000000010000001,00101000000001010000,0000100000000010001,010000001010010000,00000010010001000,1000010000100000,000000001000000,00000001100100,0000000010000,100000010110,011000001100,0000101000,000001000,00100001,0000000,000010,00000,0000,000,00,1,
00001001000000010000001000001010010000001,10000100000000000010100,1,00000000000000100000010,0000000010000000110000,001000,0100000,000000010010000100,0000000000010,000001100001000011000000000000010,000000000101100000000000,000000001101000000001000010000000000,00000000,0000000000000000010000,01000000000,000000000000000000000,00000010000000000010,000000000101,0000000000010000000,00000000100000000,0000000000000000000000000,0000100000000,000001000001100,0000100101001000,0000000000100,000000000010,000000010001001000,001,000000001,000000,11000,000000,0,000,00,00,0,
00011000100000000000001000100000,0000000000000000000001110000001,001000010000101000000100000000,00000000000000111011000000100,0000001000100001000000100010,000000001011000001000000000,00000100001000100000110000,1000010000100000100010000,000000000101011010000,00101000100000000100000,00011010000000000,10000000000000000,000000011,000000010000,100001,0000000100000,0100000,00010010000001100000010,100100000000001
00000001100110000000001010001000,0110000010100000000000000010000,000000101000000100000000010000,010000000000,0010000000000000010000001,0000011000000101000000000000000001010000000000000001010000000000001001000,100100000000010,000000100101,0000010010001000,00110000010,10000011000001,0010,00000,00000100000100010000000,10000000001,100000110000000,0000010000010001,
00000000010000001011000000000000,0000101000010000000000000101000,000000001011000000100110000000,00000000010010101000001000000,1000000010000000000000010110,000001000000010001001010000,0000100000000100000000000,000011000000100100010100,000100000010100000000100,10100000000000010100010,100000010000000010100000000000,000110000000000000011000001000001000000000100000000000000100000100000000010001000000,01000000000000101,0000000000,0000000000000001,000000100000000001,100001000000001,10000,000001000001,
01000100100000000010000000000000,100000001000011100000000000,000000000000001000101000000000,0000000000100,000100000000,00000000001001100100010,000000100001000000000010000,1000000000000100001100000000000001000,000000000100011000100000000011000000,00000010000,000010000010001000000000,100010000,001100000001000100001,001000100000001001,00000000010001000000,00010,0000000,010010000000000000000,100,0000000000100000,000010000001010000,01010000010000,000010000000010,00010000,0010000,0001000010,0000000,0000000,0000,0000,,000,0,
00001000000011000000100000010010,1000010000000000000000000010100,010000000000000000010000001000,00001000000110000000100000000,0100100001000000000010000000,001000000000100000010010000,00100000000000000100010000,0000100010000000011000010,000000000000000010000001,00010100100000001000000,0000001101000000000001,000100010000010001000,1000000000000100000000,0100000100000000000,010000001000000001,10011000000000000,0000000000100000,010000100000111,00000001100000,0001000000100,010000010000,10000100000,1100101000,001000000,00000010,0000000,000010,00100,0100,001,000,0,
000010000100100000010001000010000,0000000000000000010010001000000100110,000000001,000000001,000011001000000000001010101000000,000011000,000001000000010010,0000010000100010000000,000010000000010000000100010001000,00000010,010001000000000100100011000,0000000000001001000100000000000,000000000001,0000000100,00000100000,000000000,000001000000101000000,01100000000000000,01000000000000000,00000000010001000010,000000000000101,0000000101000000,0011000000,0000001000000,0000100010,0100000000,00000000,00001001,00000011,00001010,01,0000101,00000,001,00,0,0,
00011000100000000000001000100000,0000000000000000000001110000001,001000010000101000000100000000,00000000000000111011000000100,0000001000100001000000100010,000000001011000001000000000,00000100001000100000110000,1000010000100000100010000,00100100001000000100000001
00001000000011000000100000010010,1000010000000000000000000010100,010000000000000000010000001000,00001000000110000000100000000,0100100001000000000010000000,001000000000100000010010000,00100000000000000100010000,0000100010000000011000010,00000000000000010,001000000100100000000001000100010000100,000000000100000000,0010000000000000,0000001000000000001,010000,100,010000001000000001,10011000000000000,0000000000100000,010000100000111,00000001100000,000010010001000000,000000000000010,0000100000000,1000110011,0010000,10000,0,0,001000,001,,0,
00000000000001001000000000101010,0010000001000000000000100000,0010010001000000000000101000000,1101000000010000000000010001001001100000,0111010001101,00000100100000010000010000000,000000000000000100000,000000000110000000110000011,010010000001,00000000001000,00000000000001000000000000000000001001,100110100000000000100,010100000,00000001000000000001000000,001000,10001000000,00000110011000000001000,1000000000000001,10110,000001000000011001000,000001001,0000010000,0000100000000,00000000,1001100000000,100000000,0000,010000000001000000,000000,000,00,00,00,1,
10010000000000001000000011100000,1000000000000000001000000000010,100000001000000010001000010000,00000000100000100000001010000,0011001000000000000000100000,000000100010000001000100000,01000000000000000110010100,0000100000000000000000001,000000000110100000000000,01100000000100010000000,1000110001000101000000,000000000000100000000,00011000110000000000,1101000001000000000,000100000000100110,00001100000010000,0000000000000000,000010100000000,00000001000001,0011000001000,010000000000,00000000010,0000001100,010000001,00000011000010000,001100000000,00100,0100,010,00,0,
00000000000000010100100000010000,0000000100000100000100000,000,0000000100000000000,00000000000001,100011000110000000001101000001100000001000000000010000000,0000010000000010000100,00100000000,100000000000000,0000000001010,00000000001100100000000001,00000000,0000000010000,00010001100100000000000110000,000000100000,001000001000000000,00000000000010000000000000001,00010000000001,00000000,000000010000000010,0100000000000010,000000000,00001010001000000000,0010000,00000000000001,00010,0100000000100,000000000,0001,00001001,000000000010,000000,0000,000,00,00,0,
00000000001000000001000000010000,0010001110000000000000100000000,010000000000001010001000000001,00100100000000000001000001010,0000000000100110000000000100,000011000000000110001000000,00000000000010000100110000,0001000000000000000001101,000001000000000101000000,01000001000000010000000,0010000000010000010000,000000000000010000001,00101000000001010000,0000100000000010001,010000001010010000,00000010010001000,1000010000100000,000000001000000,00000001100100,0000000010000,100000010110,01100000100,0000101000,000001000,00100001,0000000,000010,00000,0000,000,00,1,
00000000010000001011000000000000,0000101000010000000000000101000,0000000011100101000001000,000000000000000001000000110000000100000000,00000000001110000000000000100000010,10000000000000001000000000000000001000000,,00001000000001000000001010,0,0,000100000010100000000100,000000001000000000000000110001,00000001010,100010,000010110000000000,1100000,00011000010100100000000010100000000000000000000101100,100001,0000001,01000000,000001000001100,0000011000,0000001000000,0000011000000,1100000000
00010000100011010000000000000000,1000000010000000000100001000000,000000000001001000110000010000,01001000000000001010100100000,0100110000000100000010000000,01000000000000000010000001001,00000000000000010000000001,0010001000010001000000000,001000100000100000100000,01000001001000000000000,0000000000001000100000,000001000001001000000,00001000000100001001,0010000010001000100,100000000000010000,00000000010000001,0000100100000010,000000000000010,10100010000100,1100000000000,000000001000,00000000000,1000000001,000001000,00000000,1001010,000000,10110,1100,000,00,00,0,010000000000,
0000000000000110000101000000010000,10000000100000000000000100010000010,0000000001,1000000000100000001,010100000000000000010001000000,0000000000101001000000101000001000000,00001000000000010100000000000100000000000010100000011010,0000001000000011000010000100010000000100000100000100000100010000000,00000000001000,00100000000101,00000000001,00001100000001000100001,001000001000000000,00000000010001,00110000000001000000000,11100000000,0100110000110001,0000100,0000101000010000010000000000000100000,010000010000,11001,00100100010,100010000,101,100000001,00100001,100000001,0000000,0000,01,000,0,
00000000000000010100100000010000,0000000100000000000000100101000,000000101010010000000000000000,00010000010000011001110,00000011000,0000000001000001000000010001001010000,000100000100000,01000000000000001110000000000,00000010000010010000000001000000000000,000000010000100,0001000000001,10000001,000001000000010100000,0000001,00000001000000000001,001000000100000000000,00100000010,00010000001,10000011,0000000000000011,00000001001000000,0000010000000,1000000011100,1000000001,0000000001,100001,001000000,00000010,01100001,000000000,00,1,00,0,
00000001100110000000001010001000,0110000010100000000000000010000,000000101000000100000000010000,01000000000000100000100000100,0100100000000000000000100000,0001000000100000,000010001100000100000110000000000010010101,11000000000010000000000000011011000001000010110000000000,000010100010,10000000000000100000000000001000000,00000010,000000000000001000,001000,10000000010000011,00101,001000,10000000,000100000010,000001000000,0000000,00000001100100,000000000000,000001001000010,000010101,000,000000101,00,00,000000,0000,0100,0,,0,00,0,
000000000000000000000010001111101,000000000000010010000000001100,100000001100110000000010010000010000,00010000000,0011000000100000000110010000,0000000100000000000010110001000000,0000100010000000101000010011000000,1000100000000001100,0001000000000000100,000000000000000001000,10000011000010100100001,00001100000001000100001,001000001,10000000000,11010000000,00010010100000000,0010000000,001001000000000,01000010000010,00000010,00010001000000,00000000100000,00100001001,100000001,00000000001,001000000001,0,0010000001,001001100000001,0000,01,00,0,
00000100001010001001010000000000,0000000000000100001000001000001,001000000010000000100100000001,00000010000010101100000001000,0011000000100000000100001000,000000010010000000000000100,00000100001000000000001001,0000100010000001000000010,100001000001000000000000,00000000010000000100001,0000000010000100000000,001010000000100000000,00010000000001100000,000000100001010000000000010,010000001000000001,01000100010000100,0110000000001000,000010,,01001000000100,0000100110110,010000000010,000000010010010001,000000100010000001,0000000,0000100101000000,00100001,000000,0100,001,000,,,0,
00000000000001001000000000101010,0010000001001000100001011001,00011000000100100000001,000000000010101100000001010000000010000,000000000010010100010,0010100000000000000100000100000001,001000001000000000101000010001000000,0000000001100,100000001001,00000100000000010000000100001,00000000010,10000000000010000100010,0000000010000100010,00000000000010110010000000000,0010000001001,00010001,0000001000001000000000,0000000000010010010001,000000,000010010001,00000000100,00000000000,1,0000000100,000000000,01,000000000,0100000001,0000000100001000,000000,,0000,01,001,0,
00000000010000001011000000000000,0000101000010000000000000101000,000000001011000000100110000000,00000001000101000000000001000001,000000000000010000000100,000010001000000000000100010000001,0000100010000,001000000000000001000110000,001010000010000000001001000,10001
1001000010000000010000001000,100001000001000000010000001,010000000000000000010000001000,0000110010000000000001000010001,000010010000000001000000000000010000000100000110000000001,0000001,0001000000001010000110000000100010001000,0000010,0001000100001,101000000000000101000000001,1000000000000,000000010000000101000000000,0010001100000001,000100000100100101,00010001,00001100000010000,00000000011000000000000,00010000001,00101000000110000,000000000100001,0100000000,00010000010,0000010001,0000000,0001,01001000,100000,000001,000000,001,00000,001,0,
10010000000000001000000011100000,1000000000000000001000000000010,100000001000000010001000010000,00000000100000100000001100000,0011001000000000000000100000,000000100010000001000100000,01000000000000000110010100,0000100000000000000000001,000000000110100000000000,01100000000100010000000,1000110001000101000000,000000000000100000000,00011000110000000000,1101000001000000000,000100000000100110,00001100000010000,0000000000000000,000010100000000,00000001000001,0011000001000,010000000000,00000000010,0000001100,010000001,00000011,1000000,001000,00100,0100,010,00,0,
10000110000000010000000100000000,0000000000000010101000000000100,001000010100001000000000100000,00001000100000011010000000000,0000001001000000010110010000,000001000000010000000000010,00010010000000100000000010,0000100000000001100001000,000000000100100001010000,00000100001100010001000,0000001000101000000000,000100100011000000010,110000001000000000000,000101000,000000000000000010,000001001100,100000000,000010001001000,00001000100,0000000000100,000000000010,00000010000,0000001000,000000000,10000000,0000,00000,0000,00001,0001,000,0,100000010,
01000100100000000010000000000000,1000000010000100000000100100000,000000100000000000001000100000,00100001000011001000100000000,0010100000000000000010010000,000000100000010011000001000,00000000000100000001010011,0000000001000000000101010,1100100100100000000001000,00010000000000010000000,0101100000000000010000,010000000010000000000,00000000000000000110,000000001000000000000,001000101000000001,10000010010000000,0100000000010000001,001001000,000000011001000,0000000001000,100100000100,0000000001100100,0001000000,000000001,00001000,0000101,010000,00010,0000,000,00,1,
100100000000000010000000100010000100,00000000000000000111001000000,000000000,000000000000001000101000010010,0001100000010000,0000000000100,000000000100,00000001000,100000000000010101000010010000000000,00000000000010000000100,100010100010000000000000011101000000100000000010000,0000010000,0000000100000000001000000100001001010000000010100010000100,0000001000000000000,0100000010000000000010000000,100100101000000000000000,0000001,100001000000001,00000100100001,01,0010100000,000000000010,0010000000,00001000000,000000000,000000,000001,000000,00000,0100,10,0,
0000000000001,00000000000001000100000,0000000100,0000000001000,0000000,0000001001000,00010000000100000100,0010001000011000000000000010000100000100000001010000001000000,000010001000001100,000001,01000000000,10000000000,0001010000010000,000001000010000010000000100000000,1000000000000000100000000,100000000100000100000100000001001,00110000001000,001000100101,10000010010,0001000010000,000000000001100000,00000010000000,100000001,0000001000000,100000000010,000000000000011,0001000000,0010000,1001,000001,0000,0100000,000000000000000001,000,,0,
00000000000000000011000000010100001,00010000001000100000,000000100,00000010000000001100000001,100100010000000101000000000100000000000100100000010000000000010000,000000101000000000010000000001010110000000000,0100000000000010000101
000000000100100000010000,0000000100000000000100001000100000100,0000101000000110000001000,0000100000010000000010101000,000,0000010010100000100000001000101000000000000000000,0000101000,0000110000000000010001,00,000001000010001001010000000010000000,0001000000000001,10000,00000001000000000010000000000,000000000000100,00000000000010010,000000000001,000100000,00000000000,00000001000000001,000010010010,0000000111,00000001100000,0000001,00100110000000,00000001010100000000,0000000000,010010000,0001000000,0000000001,000001,0000,00101,00001001,0001,0,
00001100000001000000000001000000,1000000000000100010000010000000,000000000010010100001000100000,00000001100000000100011100000,0010010010100000000000001000,000001011000010000100000000,00010000011000000000000010,0000000101001000010100,110000000001000000100100,00000100001100000000000000001,10000001000,000110000000000000000,0000010000010000,1000000000010,000110000000001000000001,0000000000000000011,0000001,,000000100000000,00000000000000010,0100100000000,00101,0,011000001,100001,0001000000001,0001000001,0001101,0000,100001,100001,0000000,,000,0,
00000000001010000000110000000000,0000100100001000000000000100000,00000000001000101000100010001,100000,01000100000001100001010,001000100100,000000100010000001000100000,00001000000000001001000011000000000000,1000,011000000001001100000001000000001000000010000,0000000,0010100000000010000,00000010001001000000000010000100100,0010000010001000100,0010000000,000100101000000001,0000000001000,00101100000000000,000,00001001000110,0000001000000,,01000000000,,0010000000,01,000000,000000,000000000,000000,000,010000,,0,0,
00001100000001000000000001000000,1000000000000100010000010000000,000000000010010100001000100000,00000001100000000100011100000,0010010010100000000000001000,000001011000010000100000000,00010000011000000000000010,0000000101001000101000000,110000000001000000100100,01000100000001000000000,0000000010100000000000,000110000000000000000,00000100000110000011,0000000001000000000,000000000000100001010,00000000000000100,000000000000001,0000010000000,0010010000100000000,000000000001000,0000000000100,100000010110,1000001010,01000000011100000000,010001000,0000100010000,00000000001,0100,
10001100010000000000000010000000,0000000010100000000000101000000,000010010000000000001000100000,10000100000000000000001100001,0000000010010010001001010000,101000000000000100000000001,00001000000000010000110000,0000110000000100010001000,000000100001000000000000,00000100000011000110100010,0000011000000000,101100010000000100000,00000100000000000101,00000000010000000000000,0000000001000000100,000000010000000010000000,0100000000000010,001010000001001,00000000000011,0001000001000,000000100100,00000010000,0001,000000100010001,00000000,0000,000000,00000,0100,010,00,0,
00000000000000000000001000111100,0000000000000000010100110000100,000000110000000010010000010000,00011010100000000000100001000,0000000100100001100000100000,000000000000111000000001000,10000000101000010011000000,0000000100000000000000010,0010100100000000100100000010011100000010001000001100000100000000000010101100000000,000110000000000010001,00000001000000000001,1000000001010000000,000100101000000001,00000000000000100,0001000001000000,0000000100101000,001,000000000000,00000000100000,00000001000,0000001,010000010000,0000001,00000010,10000000,0100000,0100001,00000,0001,000,000000,0,
00000000001000000001000000010000,0010001110000000000000100000000000000010010100000000000,100000000101000000001000000000001101,,0000000000100,0000000,00110000000100000000,0000000000100,0010000,00000010001000000000011000000000,000100000000000001000,001000100000000,101,0000000000010,0000,0010000010000000000000011,001
10000000010010000001000100000000,0000100000100110000000000000000,001000000000100100010000000001,00100001000000011000000000101,0000100010000000100000000001,000001010001000000000100000,01100000001000000000001000,0010100000100000000001100,000001001000010000000000,00000000100000000100010,0000000000000001100001,000000000001000100100,00010010110000000000,1000010000000010000,010000000000000110,00100001000000000,0000000000000011,000000101000000,01000000010010,0000000010000,100100000000,11001000000,0010000000,001001000,10000000,0111000,010000,00000,0000,000,00,0,
00001000010010000001000100001000,0010001001000000000000010110000,000000001010100100001000000001,00001100100110010000000001000,00001000000000000010001000100,000001000011000010100000110,000101000000,10100000000000101000000,0000000010000001000000000000000000001001,000000010010000001000000,000100000000000000100010,000100000000000010000,00110,000000000,000000100000100010000000,0000001,00000000000000000,10100000010,000000000001
00000000001000000001000000010000,0010001110000000000000100000000,010000000000001010001000000001,00100100000000000001000001010,0000000000100110000000000100,000011000000000110001000000,00000000000010000100110000,0001000000000000000001101,000001000000000101000000,01000001000000010000000,0010000000010000010000,000000000000010000001,00101000000001010000,0000100000000010001,010000001010010000,00000010010001000,10000100001000000,000000001000000,00001001,0000101,00000000000,100000010110,01100000100,001000000000100001,000001000,00100001,0000000,000010,00000,000,000,00,1,
00001100000001000000000001000000,1000000000000100010000010000000,000000000010010100001000100000,00000001100000000100011100000,0010010010100000000000001000,000001011000010000100000000,00010000011000000000000010,0000000101001000101000000,110000000001000000100100,01000100000001000000000,0000000010100000000000,000110000000000000000,00000100000110000011,0000000001000000000,000000000000111001,00000000000010010,1100000000001100,000000100000000,01000000010000,0100100000000,0100000000000,11001010000,1000001010,000000000,00000000,0001000,000100,00000,0000,000,01,1,
00000001100110000000001010001000,0110000010100000000000000010000,000000101000000100000000010000,01000000000000100000100000100,0100100000000000000000100000,000100000011000000000000001,10000000000010001000100101,0011001000000001000000000,000100000000000000000110,00001010000000000000000,1000001000000011000000,000000000000100001000,00000000010000000001,0000000001000010000,000001110000000000,10000010000101000,0000000000000010,010100000000000,01001001000000,1000000011100,000001001000,00100100010,0000000001,000000000,00001010,1100000,000011,00000,0010,000,00,0,
00000010000010010000000001001000,0000001000001001000000000011000,000000100000000010001000001000,00010010001000000000000100010,0000010000000000100011010000,110000000000000110000000000,00000000100000010100001010,0000000001000000000100000,000000100100101000000000,00100000001000000001000,1000010100000000000000,100100000000000000001,10000000100000000101,00001000000000111001,000001000001000110,00000000000000010,00100110000001000,0001000,100010,00000110,000001000000,00010000100,00101,001100001,0000000001,0000,001000,000001,0000,000,000,0,
0000001000000000100000100010000010001,00000,10010,0,100000000001000000010000,00,00000,0000100010000,0000000100000000000000000,000000000000101001000100001000000101100000001001,000000001100000001,100001000,10101000010100001110100001000100000000100000001000000000,000100010000001000001000000000,000011001000,,000,00000000000100000,0001000000000011000000,00000010010001000,0000000010,1000,000000000010,00000000010000100000,00001001001000010,01001000,101100,010001000,00010,00000001000000,110,10000011,0,
00001000000011000000100000010010,10000100000000000010001,0,0000001000000000000010000100,00000000000001000000010001,100000001000,100001000000001001000000000110000,000010000000000101000010000,0001000010001001101000,010000000010010000000000100,0001010010001000000,0000001101000000000001,000000100001001,000000100000000010000000001,0000001000000000000,000110,11,0000101000,0100000000001000000000100000000000001,100100000000010000000000,00000000001100,000000001010000010000,0110000000000001001000000001,001,0001,001,0000000,0000000,001000,000,000,00000000,0,
10000000010010000001000100000000,0000100000100110000000000000000,001000000000100100010000000001,00100001000000011000000000101,0000100010000000100000000001,000001010001000000000100000,01100000001000000000001000,0010100000100000000001100,000001001000010000000000,00000000100000000100010,0000000000000001100001,000000000001000100100,00010010110000000000,1000010000000010000,010000000000000110,00100001000000000,0000000000000011,000000101000000,0000100010000010010000000010000,100100000000,11001000000,0010000000,001001000,10000000,0111000,010000,00000,0000,000,00,0,
00000000000001001000000000101010,0010000001001000100001011000000,00011000000100000000000000100000000000010000,01100000001000,0000001,0001100000010000,00000100000001001100000100100000110000000000,000010001001010000010001,00000100010000000,00000000010001,000000100000101000000,00000000010,000001000001,000110001000000000,00000010000000001000000000100,00000100000,0001,0000010001,10000001,00000000,0000001,00000001,00001000110100000000000,0000111000000,10000000000000,1,00000001100000,,00000000001,00000010,0000000,0000000,00000,00000,10,01,1,
01000000000000010001000000000010,0000100000000000000100010000011,000000000100100001010001100000,10000000000010010010000000000,0000000000000100000000110001,001010010100010000000000000,00000000000001000010000100,0000000101100100100000000,000000100000000000010010,00001110000001000000001,0001000100000001000100,000000010000011010000,00000000000010101000,0001011000000001001,000100011010000000,00000000000000000,0000000100001010,000010100010100,00000000001000,0000010000000,001000000000,00001000001,0000000000,000010000,10000000,0000000,010000,00101,0010,000,00,0,
00000000010000001011000000000000,0000101000010000000000000010100010,000000001100,000000001,00001000000000000000001000,0000010000000010,000,0000010000000100010100000000
10001100010000000000000010000000,0000000010100000000000101000000,000010010000000000001000100000,100001000000000000000010100000,00000011010000,10100,00000000010,0000000000100001000,1000000000001000000000000000001101100001000,00000000000000000110100000000100000000100000010000000001000,0000011000000000000,1010000,000000000011000,000100000001000001000000100000,00000000010000,0001000001000010000000010000100,000000010000010000,00010,1000000000000,1001000000000000,1000000000000,000100001000000,00000000,0000000010,100000001,000000010000,0000,0000,000100001,00000000001,
00000100001010001001010000000000,000000000000010000100100001,001000000010000000100100000001,00000010000010101100000001000,0011000000100000000100001000,000000010010000000000000100,00000100001000000000001001,0000100010000001000000010,100001000001000000000000,00000000010000000100001,0000000010000100000000,001010000000100000000,00010000000001100000,0000001000010100000,010000000010010000,01000100010000100,0000000000000000,000000000000100,01001000000100,0000100110110,000001000010,10000010000,1000010000,000000101,01000000,0100000,000000,00000,0010,001,00,0,
01000000001101000010100010000100,00000000100000000,0000000000110000,000000000,00000100,00011010000110000000000110000000001000000,1000100000000010000001000,0001000000001
10100011000000000010001000010000,0000000000000000000010000100000,000000000000110010000010000100,00000000000010100000001000010,0001010001000000000000001101,000000000001001100001000001,01001000000000000000100000,0000100000000000000011000,000000000000100000000100,10100101100001000000000,0001000000001100000000,001011000000000110000,00000000100000001010,0000100010000010001,000000000000010010,00000000001010000,1000000000000100,000000000000001,00010010000000,0001010000001,011001000100,00010000010,0000000100,000000000,11100000,0100000,000000,01000,0000,001,00,0,
00000000001010000000110000000000,0000100100001000000000000100000,000000000010001010000100000001,01000010000100010000000100000,0010000000100001100000001000,10001100000,010000000000,00000010100100,0000001000000010001001000010,0000000000000000100000010000,0000000,00100000000110011010000000010000001,0000000001,0000000000100010,,00010100000100000000000,10,1000110000000000,0011001,10001100,01100100000000001000,0001100110110,0000000110010000010,00000001001,01,0010000,1000110100000000000,000000,0000,0000101001,000,00,0,1,
10000110000000010000000100000000,0000000000000010101000000000100,001000010100001000000000100000,00001000100000011010000000000,0000001001000000010110010000,000001000000010000000000010,00010010000000100000000010,0000100000000001100001000,000000000100100001010000,00000100001100010001000,0000001000101000000000,000100100011000000010,11000001000000100000,1000000000000000100,000000000000010000,00000100000000000,1000000000010001,000010001001000,00001000100000,0000000000100,000000000010,00000010000,0000001000,000000000,10000000,1100100,000110,00001,0001,000,00,1,
00000000001000000001000000010000,0010001110000000000000100000000,010000000000001010001000000001,00100100000000000001000001010,0000000000100110000000000100,000011000000000110001000000,00000000000010000100110000,0001000000000000000001101,000001000000000101000000,00000,0100010000000001000001,0000010000,0000010101000000000000,0000000010000000101000000,0000100000000010001,010000001010010000,00000010010001000,00000000001100,00001000000001000000,00000001100100,0000000010000,100000000000,0000001,0000000010000,010001000,000000001,0000000,01000,000011,0000,0000,000,00,1,
00001000010010000001000100001000,001000100100000000000001010000000000,000000001010100100001000000001,000010100000,001001000010001000000010010010000100000000010000000000000000001,0000100000010110000,0001000,000101000001100,0100010,01000,000000000000000000001001,0000000000000001100001,001100000001000100001,0001000000,1010000000010000000010001000000000010000010001000000,0001,00000000000000000,0100000000000000000,10000000,1010,0100,000000000000,0000100,110010,0010000000,,0000001000,000000,000000,0,001,00001,00000,,000,
00000000000000000000001000111100,0000000000000000010100110000100,000000110000000010010000010000,00011010100000000000100001000,0000000100100001100000100000,000000000000111000000001000,10000000101000010011000000,0000000100000000000000010,001010010000000010001000,00000000100010000100010,0000001000001000000000,000110000000000010001,00000001000000000001,1000000001010000000,000100101000000001,00000000000000100,0001000001000000,000000010000001,00000100100001,1000010010000,001001000010,10000001000,0001001000,000000110,01000100,0100000,000000,00000,0001,000,00,0,
00000001100110000000001010001000,0110000010100000000000000010000,000000101000000100000000010000,01000000000000100000100000100,0100100000000000000000100000,000100000011000000000000001,10000000000010001000100101,0011001000000001000000000,00100001010000000110000,000100000000100000,0000001000001000000000,000000000000100001000,00000000010000000001,0000000001010000000110000,010000000000001100000010000,0000000001100001000000000,0000000101001000000000,000,0000001000,00000000000000100,000001000100001,00000010000000,0001000000,10000000,000001000000000100000000,0100000,00000,0000,0001,000,000,00,1,
0010010101000000000000001000100001000,0000000000001000000001,0000000,0000000000,00100110001,0000100,0010000001000001100010000,0000100000000100000001,00000100001100000000100001000010001000000100000001000,10000101000010000,000000001100001,0001,0000010000,001001000000,0001001000100000001000010000000001,0000001000000001000,1000000000000000100,
1010000000010000000000100000000,0000100010000000000000010001
0000010000101010001000000000100,000010000010,00000000100001000100100001,00001000100000011010000000000,00,0010100000001000000,00000000001,000011000000000100000010100101000000001000000,0000000100000000001000000,1000000000,00000000000010100000000000110,000010100000000000,0000100,0000000100000000000000000,00000000,10000000000000001001,
00010000100011010000000000000000,1000000010000000000100001000000,000000000001001000110000010000,01001000000000001010100100000,0100110000000100000010000000,010000000000000000111000000,00000000000000010000000001,10000000,0000000001,001000100000100000100000,01000001001000000000000,00000100001000000001100000000000000,00000010000001000000,0100000000000,0000001001000000,000010010000100,000000001000000,1000000000000100,1000000000000001,000000010,00000100000001100100,010000000000101,0,10000001000,0001001000,1001010,000001000,00010001,00000,0,00001010100000001,001,0,
10010000000000001000000011100000,1000000000000000001000000000010,100000001000000010001000010000,00000000100000100000001010000,0011001000000000000000100000,000000100010000001000100000,01000000000000000110010100,0000100000000000000000001,000000000110100000000000,01100000000100010000000,1000110001000100000000100000100001001011000000001010000,0000001,00000001000000000001000000,001000100,00000000010000001,00010000,010000,00010001,00000001000000000000000,100010000000,010000000000,00000000010,0000001100,010000001,00000011,00000000,000,0010,0100,0100000001,00,0,
00011000100000000000001000100000,0000000000000000000001110000001,001000010000101000000100000000,00000000000000111011000000100,0000001000100001000000100010,000000001011000001000000000,00000100001000100000110000,1000010000100000100010000,00100100000000010001,10000000000010011010000,0000000001100101000000,100110000010000000000,00000000101000000000,0000000110000000000,000010100000000000,00100000010000000,0000000001001000,000000000010000,00001001,01000000010000,0100100000000,10110,0000000100,000000001,00100100,0,00100000,00000,0010,110,10,1,
00000010000010010000000001001000,0000001000001001000000000011000,000000100000000010001000001000,00010010001000000000000100010,0000010000000000100011010000,11000000000000011101000000001,001000000011001010000000010000,00010000000101000000,0010100,0010,000000000110000100000010001000000001110000,000100,00010000000001100000,00000110000000000,000001000001000110,0000000000110000100000000,0000000000000000000000000,010000,0000000,01000000010000,00001,000000000000,000000100001000,000010101,00100,000001000,01,0000010,1100,0000,0,001,0,
000010000100100000010010001000000010000,0000000010010100100100011000,000000001001000000000000001000000,0100000000000000,000000000010000100000000,0000000010010010100010010100000,0001,000100010000010,0000100010,0000000100000000000001001000,00101,000010000100010,100000000,0000001,1000000010000000000,00100000110000000,00000001010100000000000,0010101000000001,0000000000010,0000001,001000000010000,0100000000,0010001,00101,00101001,100001,11000000001,0001001000,0001000000,0100,0100000,1010010,,000010001,10,001,0,
00000001100110000000001010001000,0110000010100000000000000010000,000000101000000100000000010000,01000000000000100000100000100,1000010000011010000000000001000010000,000011000000000000001010011000000000000,001000000,00000011000000000000001000100000000000,0100010000000001000001,100000000101,000000,0000010100000000,1010000,000000,00000000000000010,0100000000000001010001000000,001000,100,0100,010000000000000001,,0,1000000011100,0000000010,000011000000000000000,000000,00000000,000000,000000,0,000,000,00000,0,
00010000010000001000001001000000000101000,000001000100100001010,10000000000000001001000000010000,000010001000000100000000010,00000010100,000000000010000000,00000000000000010010000000001,100000000000000000000100001001,10000,,0,0001000000100,000011000000000100000010000000001,0010000000010000100000000,0000000000000010001001000010000010000110000010010100,000010001000000011000010001000010,0000000000001,00000000000000100,0000000100,010100000000,010010000001000,000010000000000,100010000,00001000100000,0010000000,101100,0000110,000001,10000,11,00,00000001000,00,0,
00000000000000000011000000010001,0100010100000000000000000000011,000000000110000000100000010000,00000000010001000000010000010,0000000000111000000000000100,00000010000100001010001010000000010000100001110000000100,0000001000010100000000000,00000100000000010001,00000001000000000000010,1000000000100000010100,00000010000001,000100100011000000010,00001000100000,001,001010000000100000,00001001100000000,0000100100000000010000001,101000001,0010001,100001001000000000000000001000,1000000000000,0010010001,0100000000,00000000010000000,
01000100100000000010000000000000,1000000010000100000000100100000,000000100000000000001000100000,00100001000011001000100000000,00101000000000000000000,00000010100000000000100010,0010000100001
00000000000000010100100000010000,0000000100000000000000100101000,000000101010010000000000000000,0000000100110000000,00001001,0000000000110000000000001001,0010000000000101,00001000000100000011010100000,00001100000000000001001000001,100000001010000,00000000101000000,00000100000001000010,000000010000100010001,0000001,,00010000010000,00110000010010100010,0010100000000000,0000000000010,100000000,1001001,000000000100001,01000000000000000101000000,0000100,00001001000,000000000,0010000,0000000001,,100000,0000101,00000,0010,0000,00,
10001100010000000000000010000000,0000000010100000000000101000000,000010010000000000001000100000,100001000000000000001000000001100001,0000000010010010001001010000,101000000000000100000000001,00001000000000010000110000,0000110000000100010001000,000000100001101100000100,00000000000000110100010,0000011000000000000000,101100010000000100000,00000100000000000101,0010001000010000000,101000000011000000,00000000000000010,0100000000000010,001010000001001,00000000000011,000100000100010,0010,00001001000,0100011000,100000000,00000000,0000000,000000,00000,0100,010,00,0,
01000100100000000010000000000000,1000000010000100000000100100000,000000100000000000001000100000,00000000000000100010000000100000010000000,0000000,00000000001,000100000000101100010000000,000100000000000000000100,0001000000000000000001101100001100001,01000000001101010000000000000000100010001000000,100000000010000001,11010100000000001100000001000001000000001001100000000000100000,000010001100000000,000100101,10000100100000000010000,1100000000001100,100000000,100000000,001000000,00100001001000,00000000010,0010010001,0000100,000001,10000000,0000000001,10000000000000000,000,0000,00,000,0,000,
00000001100110000000001010001000,0110000010100000000000000010000,000000101000000100000000010000,01000000000000100000100000100,0100100000000000000000100000,000100000011000000000000001,1000000000000000000010000000110000100100000100000001100,00000000001100100000000010000001,0001000010001000100000000100000,010001000000000,010000000000000001000100101,,10000011000,000001000000000,010001,000000,00,100,100001000000000000001,0000000000,0,1101010000,00000,1100100000,0000000000001000,000000000,000000000,000000,01000,000000,0000,00000001001,01,,00,00,0,
00000000001000000001000000010000,0010001110000000000000100000000,010000000000001010001000000001,00100100000000000001000001010,0000000000100110000000000100,000011000000000110001000000,000000000000100010,10000100000010,0001001000100000000,000000100000000000010000,0000100,00010000000010000001,000000000000100001010110000,00000000100000001000010000000001000,00000100000001001,0000000011000001000000010010000,00000000000000000,010000100000110000000,000010010001,00001,010000000010000000000,0100000000000000,0000001,00001,000000000,00000000,000001000,00100001,00000,0000000,0010,0000,000,
10000000010010000001000100000000,0000100000100110000000000000000,0010000000001000100001000001,00100001000000011000000000101,0000100010000000100000000001,000001010001000000000100000,01100000001000000000001000,0010100000100000000001100,000001001000010000000000,010001000000000110110010010000000100000000,00000010001000001000000,000000110000010000010000000000,1000000010000100000000,010000001000000001,000101000001001100000000,1000010000100000,000001000001,010,00000000010000,0001000001000,100100000100,100000001,11100000,10000000000,1001,00000100010000,0100010010000001,010,,000,,0,0,0,
10000110000000010000000100000000,0000000000000010101000000000100,001000010100001000000000100000,00001000100000011010000000000,0000001001000000010110010000,000001000000010000000000010,00010010000000100000000010,0000100000000001100001000,000000000100100001010000,00000100001100010001000,0000001000101000000000,000100100011000000010,11000001000000100000,1000000000000000100,001001000,00000100000000000,1000000000010001,000010001001000,00001000100000,0000000000100,000000000010,00000010000,0000001000,000000000,10000000,1100100,000110,00001,0001,000,00,1,
100001100000000000000000000000000,00000000000000111011000000100,00000010111000001100,0010000000001010000000000010000100,00000010000010010000000001100,00011000000000000001000,0000000000000001,010000,00100000000010000,,000000100100101000000000,000101000000000,00000000010,100000000010000010000,00000000001010000000000,000000,10000000000000001001,001000000110001,000000100000,0000001001000,100000000,100000000110000000,10010000001001,0000001100001001100000001000,000000110010000010010010001,001100000,000000000,000000,10100,0001,00000,000,000,000,0,1,
00001000010010000001000100001000,001000100100000000000001010010,0000000010101001000011,00001100100110010000000001000,00001000000000000011101000000,0000100000100000110000001001,0001000000010000000000000010010001
00000000001000000001000000010000,0010001110000000000000100000000,010000000000001010001000000001,00100100000000000001000001010,0000000000100110000000000100,000011000000000110001000000,00000000000010000100110000,0001000000000000000001010001100001000,00000000010001,0000000000000000100001,0000010000000100000000,000000000000010000001,00011000100000001000010000000100,0010001000,10001100000000101,000001000,1000010000100000,000000000,000010000000001000010000000010000,100100000000,11001010000,0010000,100010000,0010100000000,000001,00010,0000,000,00001,01,00,000,001,000,
00000010000000001000001000100000,1001000000000000011000000000000,100000000000000010000010101000,00000100000101000000000000000,0000000001011101000001000000,000000000000001000000010010,00001000110010100000000000,0100000000000000000000110,001000000000000001100011,11010000001000000000100,0000010000000100100000,010000110000000000000,00000100000100010000,1000000001000001000,000000000000110000,00000100100000010,00000100000,000011000000000,000001000001000001,0010000000000,000001000000,00001010100,0000000100,00001001000,00000010,0001101,0000,10000,0100,000,01,0,
00000001100110000000001010001000,0110000010100000000000000010000,000000100000000001010000001000000000100100,0000101000010000,110000000000000,00010000000000001000000010010100000000000000010100000,0000001,1000001100000001,0000100010000,01000000000000,0000000100000000000001000,0010100,00101100000000000,000010100,10000000000000001001,100000001000100001000,0100000000000000000100000000000000100001010,0001000011,000000010000000,000000,001000000,0000001000000,00000101000000000,1,001000000010000000,,000000,0,000000,000000,,0000,000,,000,0,0,0,11001,1000000000100000010,0,10000000000000010000,0,0,11000000001,00000000,,0001,00000,10100000000,
00010000100011010000000000000000,00000010001000,100000001,000000000000001,10000000000001000000,100000001,00000,000000100010000100,00000000010000110000000000000001000,00000000010000000000000,00001000000000110000,,000100000000000000010,0001000000000,01000100000100010000100000010,001,000000,1110000000000010001,001010,000100000,0000001000001000000000,000010001,000000010000000010,0000000000000001000,100000,00010,000000001,0000000000100,000000000010,00000010000,0011000,000000000,000000,0000010,10,0,000,000,
10000000010010000001000100000000,0000100000100110000000000000000,001000000000100100010000000100100001000001000011000000000101,0000100010000000100000000001,000001000010000100100000100000000,0010,00101100011000100000001000100100001,0000010010000100000000000000010,00000000,00000000,100000010000000010000000100100001,01000010100000000000100001000100010,00010000000010000,100000001,00100000010000000,0000000001001000,000000010000010000000,000000000010,011000000001001000100,000001,110011000,1100101000,10000000,0010010000,01001,00000000,100000010000,000,0001,001,
000010000000010000000100000000,000000000000001000000000000101000001000,000000100010000000000000010100011000,101000000000000000011000000000101,1000101000,0000010000010001000,0000100000000001000010000000000100010000010,010,000000000011000000000000000000001,000000001000000000,1010000,0000000000000001,0001010,10001000000010000,000001000,1000110001000000000010001100000010000000,00101000000000110000000001000000000,000000000000000001,101000000011010,0000000010000,100011000001,11001000000,00000000,001000000000000,000000000,10000,000001,0000,0000000,00001,01,0000000001,
00010000000001010000000100000,000010100010000000000000011,0001000001,10000000001000,000000010010010001000100100010,110000000000000000,000100000100000000000000000100000,0000100010,001000000010000000001000000,000000000011000000010000100000000001100001000,0100000000011010000,00010000000001,100000010001000000000001000010000,0000000000001000011000,0000000001000000000001000010000,10000000010,11000000000001,0000010010000000000000010000000000100000,00000000000001,100100000000001100,010000,00000000001000,0001,0000000000000001100000,00001000000,100010000,0110000,00000000001,100,000011,001,000,000,00,
10000000010010000001000100000000,0000100000100110000000000000000,001000000000100100010000000001,00100001000000011000000000101,0000100010000000100000000001,000001010001000000000100000,01100000001000000000001000,0010100000100000000001100,000001001000010000000000,00000000100000000100010,0000000000000001100001,000000000001000100100,00010010110000000000,1000010000000010000,010000000000000110,00100001000000000,0000000000000011,000000101000000,01000000010010,0000000010000,100100000000,11001000000,0010000000,001001000,10000000,0111000,010000,00000,0000,000,00,0,
00000000000001001000000000101010,0010000001001000100001011000000,000110000001000000000000000100,00000010000000111000000000010,1100010000110000000001000000,000100000001010100000000000,00000000000001000000000001,0111000000000000100010000,0001100110000000100100010100000000110100000000010,0000010000000100000000,100000001000000000000,00001001,00100000100,0000000001000,00010010001,0000001000010010,0000000010000100,00001001100000,00000000110000,00000010000,00000001000,00111,00000000010,0,000,0000110,0000010,000000,00000,000,000,000,0,
10100000000100000000001000000000,0000100000000000000100011000000,0001100010000000000000100,10001000000010001000000000000101,000010001000,100010000,000010001100000000010000000000000001100101011100000000000010001000000110000010,000,0001100,00010100101,0000000100000000,1000000010000000000,00010000000000110,00010000000100010000001,11001,100000010,00000001000000001
00000000001000000001000000010000,0010001110000000000000100000000,010000000000001010001000000001,00100100000000000001000001010,0000000000100110000000000100,000011000000000110001000000,00000000000010000100110000,0001000000000000000001101,000001000000000101000000,01000001000000010000000,0010000000010000010000,000000000000010000001,00101000000001010000,0000100000000010001,010000001010010000,00000010010001000,1000010000100000,000000001000000,00000001100100,0000000010000,100000010110,01100000100,0000000100,,000001000,00100001,0000000,000010,00000,0000,000,00,1,
10000000010010000001000100000000,0000100000100110000000000000000,001000000000100100010000000001,00100001000000011000000000101,0000100010000000100000000001,000001010001000000000100000,01100000001000000000001000,0010100000100000000001100,000001001000010000000000,00000000100000000100010,0000000000000001100001,000000000001000100100,00010010110000000000,1000010000000010000,1000000000000000100,000001010001000000000101000,1,00000000000010000,01000000010010,000000001,100000110100010000100,010000000011001,,001,0000001000001,10000000,000000,0000000,0000000,00000,,000,,00,0,
00000000000000000011000000010001,0100010100000000000000000000011,000000000110000000100000010000,00000000010001000000010000010,0000,000000000010000000,00000101000100000000010000,000000000010100,0000110000000100010001000,000001
10000110000000010000000100000000,0000000000000011000010000011,00011000000,0000000000011,0010010000000001000100100,000010100000,00001,00000100000001000100000,00010000000000001011000000001010,00000100000000001100,000001000000000000,00000000,000001000100000000100000000000,0001100000,0000000100000010000000,000010000000001,00000100000010,00000100000,0001,0000000000000000000000000,00000000000001,0000000,000010010001,00001,01000000000000010000,11001000000,0000010000000000,,0001,101,00010000,100001,1000000100000,000,001,0100000000,
10000000010010000001000100000000,0000100000100110000000000000000,001000000000100100010000000001,00100001000000011000000000101,0000100010000000100000000001,000001010001000000000100000,01100000001000000000001000,0010100000100000000001100,000001001000010000000000,00000000100000000100010,0000000000000001100001,000000000001000100100,000101000010000000000,1000010000000010000,010000000000000110,00100001000000000,0000000000000011,000000101000000,01000000010010,0000000010000,100100000000,11001000000,0010000000,001001000,10000000,0111000,010000,00000,0000,000,00,0,
00000100001010001001010000000000,0000000000000100001000001000001,001000000010000000100100000001,00000010000010101100000001000,0011000000100000000100001000,000000010010000000000000100,00000100001000000000001001,0000100010000001000000010,100001000001000000000000,00000000010000000100001,0000000010000100000000,001010000000100000000,00010000000001100000,0000001000010100000,010000000010010000,01000100010000100,0000000000000000,000000000000100,01001000000100,0000100110110,000001100000,10000010000,1000010000,000000101,01000000,01000,000000,00000,0010,001,00,0,
00001000000011000000100000010010,1000010000000000000000000010100,0100000000000000000111010100000000001,000010,0010000000,01001000,00000100000000,0000001,0001000100000,0000001,0000100010000000010000,01001001,0001010001100000001,000100000000100000000,000000000100000000,100010,00000000,00000000000000000,00000,00110,0000101,00001001100000000,1000010000000001101100000110,000001001000110,000100,0001,0000000000000,0001,000000000001,0001000000000,00001010,00000000,00100,00000,0001,000,000,
00000001100110000000001010001000,0110000010100000000000000010000,000000101000000010000,000000,100000000,00000,01,00100000,0000000000001101,10000000000010001000100101,0,0100000000000,000000,010000000000000000100000000100000000100100000000100000,0100000000000,000000010000001001000,001010,00000,00110,00001100000010000,100000000,0000001,010000000010,000000001,001,0000000000001001000,101,0010001000,00000001010,001,0000010001,0000011,01100,0000,000,0000,,000,0,1,
01000000000001000111,10000000000,00101010001100,01000000010000001000100000100000000,0100000001,00000,000000001010000000000001000000000,00100001010100,0000110000001,1000000,001010010000000000,00000000001100,100000001,01000000,0010000001000,0000000010000000000010,100000001000000110000,000000001010000000,000,0001,0010000001001,1000000101000,000000000000001000000000000100010,00001000000000001000000,00000000010000000000,00100010000000100,1000000,010000000000,00000000010000000,,0001000,000,000001,0000,000011,001,0000,000,0,
00000000000000000011100100001,10000000100000000000000101000001110101001010000000000000000010000,00000010000000101001000100000000010,0000100000,00100000,0000001000000,00010010000000100000000010,00001000,00,000000100000010000001,100100000100001000000001000001000000000001101000001000001000001,00001000,000000100010000100,00000100100,0100000000000001000000,000000010000000010,0100000000000001,00000001000001,00001,0100101000,010000010000,11001000000,0001000101000000,0010,000000000,0000010,00100001,00100,000000,000100,
00000000001000000001000000010000,0010001110000000000000100000000,010000000000001010001000000001,00100100000000000001000001010,0000000000100110000000000100,000011000000000110001000000,00000000000010000100110000,0001000000000000000001101,000001000000000101000000,0100000100000001000000,0010000000010000010000,000000000000010000001,00101000000001010000,0000100000000010001,010000001010010000,00000010010001000,1000010000100000,000000001000000,00000001100100,0000000010000,0000010000000,0000010000,0000,0000101000,000001000,00100001,000000,000010,00000,0000,000,00,1,
00000000000001001000000000101010,00000010000010010000000001100100000000,11000000000000011010000010010000001,0000010001010000,00001010011000000110000,000000100010000000101010000000000,00000100000110000000010000,000010001000000,100001000000000100010000001,0001000000100000000000000010010,00010010100000000000,10010000000010100000000000,0000110000000000000110000,000000011100000001000000100000,0100000000,00100000010000000,0010010000000100,001,0100100010,0000000100,00000000011000010010000000,10001,001,00010000001,0000000000001,000000000,0000000,01010000000000000001001,00000000,00010,000000,000,00,00,00,1,
00000100001010001001010000000000,0000000000000100001000001000001,001000000010000000100100000001,00000010000010101100000001000,0011000000100000000100001000,000000010010000000000000100,00000100001000000000001001,0000100010000001000000010,100001000001000000000000,00000000010000000100001,0000000010000100000000,001010000000100000000,00010000000001100000,0000001000010100000,010000000010010000,01000100010000100,0000000000000000,000000000000100,01001000000100,0000100110110,000001000010,10000010000,1000010000,0000001,000010101000000,0100000,000000,00000,0010,001,00,0,
00000001100110000000001010001000,0110000010100000000000000010000,000000101000000100000000010000,01000000000000100000100000100,0100100000000000000000100000,100000100000001,000000000000100000001000100010000010000000000,0,00000000001100,0000010000010000010000000000010100001000000,000101000000,000000100000000010,0000000100000010000000,1000000001,0100100100001,100000000001,010001000000,100,00000,1010000000,00101,0000000110010000100000,01,100000110000000,000001000101,000000,000000000,00001010,010,000000001,0100,00001,0,
00000000000000010100100000010000,0000000100000000000000100101000,0000001010100100000000000000000000001,00000001001100000001000010100,0000000000110000000000001001,001010000000001010000000000,10000000000000011010100000,1001000000000100000100000,000000011000000101000000,00000000100010001000000,0000000101000000000000,000000010000000000101,00000011000001001010,1000000100010001000,000000000001110000,00001001100000000,0000000000010010,100001000000001,10101000000000,01,000000100010,00000001000,0010010001,000000000,10000000,0000110,000000,00000,0000,001,10,0,
00001000000011000000100000010010,1000010000000000000000000010100,010000000000000000010000001000,00001000000110000000100000000,0100100001000000000010000000,001000000000100000010010000,00100000000000000100010000,0000100010000000011000010,000000000000000010000001,00010100100000001000000,0000001101000000000001,000100010000010001000,10000000000000001001,0100000100000000000,010000001000000001,10011000000000000,0000000000100000,010000100000111,00000001100000,0001000000100,010000010000,10000100000,1100101000,001000000,00000010,0000000,000010,00100,0100,00010,0,
00000000001000000001000000010000,0010001110000000000000100000000,010000000000001010001000000001,001001000000000000010000100000,0000000000100110000000000100,000011000000000110001000000,00000000000010000100110000,0001000000000000000001101,000001000000000101000000,01000001000000010000000,0010000000010000010000,000000000000010000001,00101000000001010000,100100000000010001,010000001010010000,00000010010001000,1000010000100000,000000001000000,00000001100100,0000000010000,0000010000,000001000,000000000,0000101000,000001000,0010010000,000011,00000,0000,000,00,1,
00010100000000010000000100000000,0000000000010000000001100000010,100000000000000010000001000000000001,000000010000001000000000100,00000100100100000,00000000,10000000001000000000100,000000000,1000000001010,,0000001000100010000100,000000001000,000100011001,1000000000000,0000000001001000000000101100000000100100001100000100000100,1000000001010000000,01000000001010000000010,00000000000000100,0000101000,100000000,100100010000100000000,01000000010000,100000000,100100000100,000000000100,00110,00000010,0001101,00,000011,000100,001,0,00,0,0,
00000000000001001000000000101010,0010000001001000100001011000000,000110000001000000000000000100,00000010000000111000000000010,1100010000110000000001000000,000100000001010100000000000,00000000000001000000000001,010010100010000000101000000,000010000,01100000000100010000000,000100110100010,0100001000001000000001000000000000110,00001000011000000000,00010100000100000100010000000,0001000000001000000,00100000100000000001,000,00001100000000,001,000110010000001000000,01000100000,1,01,100010000,10000000,0000100,0000,01000,001,0000,000,000,
0001000000000010100000001,0000100010000,00000000100110000000001000000011001,10000010000,0001010000000000000000101,0110000,000100000000000000000110,00001100000000000000000000100001001,010001000000000100000001001,0110000000010011000000010000100000000,000100101,0001000000100000000001100000001100,1000001,0100000,010,0000010000001000001000000000100,0000000000,0001000100101000000001,00001001100000000,00010000010000000000000010000010000000,01000000,001,1001000100,00010000100,0100001000000010001001000,10000000,10000000,000000010010000,0100000,000000,00000,0010,100000,1000,0,1,0,010100000000000,00000000000010010,1000000000000001000,
000000000000000000,10000000000000001000010000,0100000000000,00000010010000001000,00000000000010100000001000001110,01110000000,
10001100010000000000000010000000,0000000010100000000000101000000,000010010000000000001000100000,10000100000000000000001100001,0000000010010010001001010000,101000000000000100000000001,00001000000000010000110000,0000110000000100010001000,000000100001101100000100,00000000000000110100010,0000011000000000000000,101100010000000100000,00000100000000000101,0010001000010000000,101000000011000000,00000000000000010,0100000000000010,001010000001001,00000000000011,0001000001000,000000100100,00001001000,0100011000,100000000,00000000,0000000,000000,00000,0100,010,00,0,
00010000100011010000000000000000,1000000010000000000100001000000,000000000001001000110000010000,010010000000000010000100100000010,000010000000,100000000000000010001100000010100000000000,,0110000000100000000,0000001000000010001001100001,0000100010000,000000000001000,0000000000001000100000,000001000001001000000,1101000000000000,000000001000001000,0000000010,00000010010000001001,0000001000010000,100000000,000000000000001,0001000001,100100100000100000000001,000010010000,00100010000,1,01,00000000,1001010,000000,000000,000000,000,00,00,
000000000000000000000001,10000000000000001000,00000000001000,00000000001,0000000010000000000000000,00100100010000000000100000,011010000,0010100000000010100000000000,01011000000010010000,0000000,00000010010100000000100100000000010000001000,100001010000000001,00100000000110000100,00011000110010000010001000100000000000010010100000000001,001000101000000001,001100000000,00000011000000100,00000001000001,0010000,00101001000,0010,0011000000000000,100010000,0100,000110110,000000,0000,00010,,000,0,
00000010000000001000001000100000,1001000000000000011000000000000,100000000000000010000010101000,00000100000101000000000000000,0000000001110,1010000,0000000101001001,100000000000100010,01000000001000,0000001000101000000,1010000000000000000000110,000,10000000001000000100100,0000000000000,0000000001100,00000001000000000001000000,00000100000100010000000,01000000,0010000001001100000000,100001000010100000000,010000001000000,0000000001,0000110001000000,0000010000000,00000000000,1000001010,00010000100000011,100000000,100000,000000,00000,0100,000,0,
00000010000010010000000001001000,000000100000100100000000001010000000000000101100000000,00001010000001001001000,0000010000000100100000000001000,001000000010000000000110000001000100000000000000000100010000010,000010001010000101000,001000000010000000101000000,10000100,0001000,1000100,00000000,01,000000000100,00001000,00000010,00001000001000010100000000000,0000110000001000,000000000000000000000000,000000100000000,0000100000000,100010000,01000000000000010000,1100100000,0000001110000000000,0100000000000,00001,0000010,000000,0000,0000,000,000,00,0010,
00001000000011000000100000010010,1000010000000000000000000010100,010000000000000000010000001000,00001000000110000000100000000,0100100001000000000010000000,001000000000100000010010000,00100000000000000100010000,0000100010000000011000010,000000000000000010000001,00010100100000001000000,0000001101000000000001,000100010000010001000,10000000000000001001,0100000100000000000,010000001000000001,10011000000000000,0000000000100000,010000100000111,00000001100000,0001000000100,010000010000,10000100000,1100101000,001000000,00000010,0000000,000010,00100,0100,001,00,0,
00001000000011000000100000010010,1000010000000000000000000010100,010000000000000000010000001000,00001000000110000000100000000,0100100001000000000010000000,001000000000100000010010000,00100000000000000100010000,0000100010000000011000010,000000000000000010000001,00010100100000001000000,0000001101000000000001,000100010000010001000,10000000000000001001,0100000100000000000,010000001000000001,10011000000000000,0000000000100000,010000100000111,00000001100000,0001000000100,010000010000,10000100000,1000000000000,001000000,00000010,0000000,
01000100100000000010000000000000,1000000010000100000000100100000,000000100000000000001000100000,00100001000011001000100000000,0010100000000000000010010000,000000100000010011000001000,00000000000100000001010011,0000000001000000000101010,110011000100000000001000,00010000000000010000000,0101100000000000010000,010000000010000000000,00000000000000000110,0000000010000000010,001000101000000001,10000010010000000,1010000010000000,000000000000000,00000000001100,0000000001000,100100000100,10001100100,0001000000,000000001,00001000,0000101,010000,00010,0000,000,00,1,
10100011000000000010001000010000,0000000000000000000010000100000,000000000000110010000010000100,00000000000010100000001000010,0001010001000000000000001101,000000000001001100001000001,01001000000000000000100000,0000100000000000000011000,000000000000100000000100,10100101100001000000000,000101000000,000001000000000,0000000100,0010100000001000001
10000000010010000001000100000000,0000100000100110000000000000000,001000000000100100010000000001,00100001000000011000000000101,0000100010000000100000000001,000001010001000000000100000,01100000001000000000001000,0010100000100000000001100,000001001000010000000000,00000000100000000100010,0000000000000001100001,000000000001000100100,00010010110000000000,1000010000000010000,010000000000000110,001000010,0000000000000011,000000101000000,01000000010010,0000000010000,100100000000,11001000000,0010000000,001001000,10000000,0111000,010000,00000,0000,000,00,1000000001,0,
00000010000000001000001000100000,1001000000000000011000000000000,100000000000000010000010101000,00000100000101000000000000000,0000000001011101000001000000,000000000000001000000010010,00001000110010100000000000,0100000000000000000000110,001000000000000001100011,11010000001000000000100,0000010000000100100000,010000110000000000000,00000100000100010000,1000000001000001000,000000000000110000,00000100100000010,1000000000000001,000011000000000,00000110000000,0010000000000,000001000000,00001010100,0000000100,100001000,00000010,0001101,001000,10000,0100,000,01,0,
01000100100000000010000000000000,1000000010000100000000100100000,000000100000000000001000100000,00100001000011001000100000000,0010100000000000000010010000,000000100000010011000001000,00000000000100000001010011,0000000001000000000101010,110011000100000000001000,00010000000000010000000,0101100000000000010000,010000000010000000000,00000000000000000110,0000000010000000010,00100010000001010,10000010010000000,1001010001000000010000001,000100010000001,00000000101,00000000,0000000010,00000010000,0100000000000,01,0000100,00000000,001,0000,00001,00001,0000011,00,1,
10100000000100000000001000000000,00001000010000010000,000110001000000000000000001001000100000010010,000101000000,0101000000000100,00001001000000,10000000000000010010000010000000,000000010000001,000001000001000000010000000100000000000000010,0000000001000100000000000000000110,1000101000001001,000000110100000000,000001000,010000000000000010,00010000000110000000000,000010100000000010000000000000100100001,000000010000000010,0100000000000010,0100000000000000,0000010100000,000000010000,000010,000010100,0000000100000,100001000,0000101,0001101,10000010,000000,0010,000000000001,000,00,
01000000110000000010000000100000000,000100000,0000000010000001,001000010100000010100101000000,01000100000000000000100000,1010000010001000010000,00100000,0001001010000,10000,00101101000000001,000000100000000010,1010010100000000001000,000110001,0000000010100000000000,0000010000100,000001001000,000000001000000001000,0100000000010001000000,00000100,1000000000000001,00001
00000001100110000000001010001000,0110000010100000000000000010000,000000101000000100000000010000,01000000000000100000100000100,0100100000000000000000100000,000100000011000000000000001,10000000000010001000100101,0011001000000001000000000,000100000000000000000110,00001010000000000000000,1000001000000011000000,000000000000100001000,00000000010000000001,0000000001000010000,000001110000000000,10000010000101000,0000100000000,0000000101001100000100,00000000010,1000000011100,000001001000,0000001100,000000001,0100000000000,000000001,01000100,,000011,00000,0000,000,00,0,
00001000010010000001000100001000,0010001001000000000000010100100001,000000001010100100001000000001,00001100100110010000000001000,0000100000000000001000100010,000001000011000010100000110,000101000000000,000000000000000010000001,0001100000001000000100000000101,010001000000000000000001000,000110000000100000,0000100000000010001,00010001001010000000100000,000000010000000010,010000000001000000,01000000000000,001,01,10010100010001000,00010011,01000001100,0000100000000,0000000,0001001000000,01000000,000000,00101,0001,0000,000,
10000110000000010000000100000000,0000000000000010101000000000100,001000010100001000000000100000,00001000100000011010000000000,0000001001000000010110010000,000001000000010000000000010,00010010000000100000000010,0000100000000001100001000,000000000100100001010000,00000100001100010001000,0000001000101000000000,000100100011000000010,11000001000000100000,1000000000000000100,000000000000010000,00000100000000000,1000000000010001,000010001001000,00001000100000,0000000000100,000000000010,00000010000,0000001000,000000000,10000000,1100100,000110,00001,0001,000,00,1,
00000010000010010000000001001000,0000001000001001000000000011000,000000100000000010001000001000,00010010001000000000000100010,0000010000000000100011010000,110000000000000100000001001000010100,000000000000000100000,0001000010,000000100100101000000000,0100000000100000000000,1000010100000000000010100,00000010001000,010000,000010000000001000,000001000001000110,10000001000,01000,0000001100,000011000000000,0000010,100100001010000000000,00000010000,0011000010000,000001000,000001000,000001000,0000,000,0,0,
00000000001000000001000000010000,0010001110000000000000100000000,010000000000001010001000000001,00100100000000000001000001010,0000000000100110000000000100,000011000000000110001000000,00000000000010100001001,0001000000000000000001101,000001000000000101000000,01000001000000010000000,0010000000010000010000,000000000000010000001,00101000000001010000,0000100000000010001,010000001010010000,00000010010001000,1000010000100000,000000001000000,00000001100100,0000000010000,100000010110,01100000100,0000101000,000001000,00100001,0000000,000010,00000,0000,000,00,1,
00000000010000001011000000000000,0000101000010000000000000101000,000000001011000000100110000000,00000000010010101000001000000,1000000010000000000000010110,000001000000010001001010000,0100,0000110000,1011000010000000000000001,000010001000000100101100000000000100101000000,000010100,10000000,000001000100100,00000001000010000000101000000000000,0010000101100000001,0000000100,0101000000000,0000000101001000,000001000001100,00001000000001,0000001000000,01000011100000,000000,000,0,00000000,000000,000000,000000,00000,001,0,0,
00000001100100000000000101000000,0001110101000000000000010000000,010000110000000000001000000001,00010000000001010000000010000,0000000000010000001110000000,000000000000000100100000000,00100000010010000000000000,0000001000000010001000100,001000000011010100000001,00000001000000000000010,1000000000100000010100,000000100000010000000,00000000001000100000,00000101000110000000000,001000001000000000,1000000101100000,00001000000,00000001000,0001010000001,000000000001000,0000000001000,0000100000,0000001100,00001000000,00000000,00010000,00000000,000000,0000,0001,000,000,0,
10010000000000001000000011100000,1000000000000000001000000000010,100000001000000010001000010000,00000000100000100000001010000,0011001000000000000000100000,000000100010000001000100000,01000000000000000110010100,0000100000000000000000001,000000000110100000000000,01100000000100010000000,1000110001000101000000,000000000000100000000,00011000110000000000,1101000001000000000,000100000000100110,00001100000010000,0000000000000000,000010100000000,00000001000001,0011000001000,010000000000,00000000010,0000001100,010000001,00000011,1000000,001000,00100,0100,010,00,0,
00001000010010000001000100001000,0010001001000000000000010110000,000000001010100100001000000001,00001100100110010000000001000,0000100000000000001000100010,000001000011000010100000110,00010100000100010000100000,1010000000000000001000010,000000000000000000001001,00100000001000000000100,0000100001000010000000,000100000000000010000,01000000010001000000,0000110100000000000,001000000010000001,00000000000000000,0100000000000000,000000000100001,00000000100000,0000010000010,000000010001,00001010100,0000000010,101000001,01000000,0000100,010000,00000,0000,000,00,0,
01000000000000010001000000000010,0000100000000000000100010000011,000000000100100001010001100000,10000000000010010010000000000,0000000000000100000000110001,001010010100010000000000000,00000000000001000010000100,0000000101100100100000000,000000100000000000010010,00001110000001000000001,0001000100000001000100,000000010000011010000,00000000000010101000,0001011000000001001,000100011010000000,00000000000000000,0000000100001010,000010100010100,00000000001000,0000010000000,001000000000,00001000001,0000000000,000010000,10000000,0000000,010000,00101,0010,000,00,0,
00000110000000010000000001000001,0000010101000000000000100000100,000001100000010000000010000000,00100000000000100000000001110,0001100001000010000001000000000001,000000000000100010,1000100001000100010000100010000,00010000100,000000010100000000000000,01000100000000010000,0000010000000,0000001000000000000,1000000000110000000010000010000,00000000000,100100000,00000000010000001,00000010000011000,0000000010000100,000001,00001010011100100000,0000100000,010000010000,00000100010000,00001000000,,000000110,000000,000000,000000000000000000,00000,0000,000,00,,00,0,0,
000100100000000000001000100000,000000000000000000000100000000001000,00100100000000010010000,00000000000000001,010000000010100000000000,00000010000,00100000,0010000,00001000100000010100100000000010000000001,00000010010000110101000001,0000000010000001000000000100,100000000000,000000100000010,0000001100000100000100000000,0001000000001000,0001000000001000000,00001001100000000,000000110000,100001,0001010000001,00011001000100,01000010000,1,000,000010001,10100001,000000,000001,0000000,0000,010,00000,0000,
00000000000000000000001000111100,0000000000000000010100110000100,000000110000000010010000010000,000110000000000000,1000000010000000000011010000,0000001000000100100001010100,000000000100000,10010000000111000000000110000000010011000000010001000001000000,1000000001,0001000000000001,0000001000100010000100,00000010001100010010,000000010000001000000000000,000100010,1001100000000000,00000000001,0000000000000001000,010000000000000010000000,000000000001000,10000000,010000,00000000001000000,0100000000000,100010000,00100010,000000,000000,000000000000,000,,00,,,0,
00000110000000010000000001000001,0000010101000000000000100000100,000001100000010000000010000000,00100000000000100000000001110,00011000,0010010000000001000,0000000000101010000000000100,000011000000010001000100000000100001001000,01000100000000010000000,00010100100010010100,00000000001,00011000110000000000,000000000100000001000000000001100000,00010,0000010000,10000000000,0000000000000000000000000,100000,0000000,00001,001010000010000,01000001,1000000000000,000,0001001000,00010,000000,000001,0000000000,01,00001,010000001000000,000,00,1,
00000000000000000000001000111100,0000000000000000010100110000100,000000110000000010010000010000,00011010100000000000100001000,0000000100100001100000100000,000000000000111000000001000,10000000101000010011000000,0000000100000000000000010,001010010000000010001000,00000000100010000100010,000000100000110000000,000110000000000010001,00000001000000000001,1000000001010000000,000100101000000001,00000000000000100,0001000001000000,1000001000,00000100100001,100001000100,001001000010,10000001000,0001001000,000000110,01000100,00000000,000000,00000,0001,000,00,0,
10100011000000000010001000010000,0000000000000000000010000100000,000000000000110010000010000100,00000000000010001010001000001,000000000000010000000011001,0010100000000010100000000,01000000000000100011001,0000001,0001000000000000000001,000101000000,0100000100000,0001000,00000000100010000000010000001,00001000101000000,000110000000000010001,00000000010000000001,00000000010001,000100010,00100000011,0000000000000000000000000,00010010000000,000001,00001,00001,00000000100000,0000000000010,1000001,00000000001,000000000,0100,000000,101,,000000000,0000,000,,,00,00,
00001000000011000000100000010010,1000010000000000000000000010100,010000000000000000010000001000,00001000000110000000100000000,0100100001000000000010000000,001000000000100000010010000,00100000000000000100010000,0000100010000000011000010,000000000000000010000001,0011100000001000000,0000001101000000000001,000100010000010001000,10000000000000001001,0100000100000000000,010000001000000001,10011000000000000,0000000000100000,010000100000111,00000001100000,0001000000100,010000010000,10000100000,1100101000,001000000,00000010,0000000,000010,00100,0100,001,00,0,
01000100100000000010000000000000,1000000010000100000000100100000,000000100000000000001000100000,100,000100000000,0011001000000100010,000100000001000100000,10001,00011010100000,00001
00010000100011010000000000000000,1000000010000000000100001000000,000000000001001000110000010000,01001000000000001010100100000,0100110000000100000010000000,0100000000000000001100000,000000100000010000000001,0010001000010001000000000,0000001000000110000,010000010,0100010000000001,1000000000000000100000000,0100000000000,00001000,00000100001000000,10000,0100000010000000010,0,0000000000000000,101000010,10010000010000000,000000100000000001,1000000100,0000000010,000000000010000,00000000,00001000,000000,00000000001100001000,00000,000,00,1,0,000,0,
00000001100100000000000101000000,0001110101000000000000010000000,010000110000000000001000000001,00010000000001010000000010000,0000000000010000001110000000,000000000000000100100000000,00100000010010000000000000,0000001000000010001000100,001000000011010100000001,00000001000000000000010,1000000000100000010100,000000100000010000000,00000000001000100000,0000010100011100000,000100001001000000,00010001000001100,0000110000001000,101000000011010,00001000000000,0001000000000,010000000000,00001001000000000,0000000100,000000000,00010000,0100000,000000,00111,0000,001,10,0,
000000000100100000010000,000000100000001000001100000001,010000000000001010001000000001,00000000010000,00000,001100100000100010001,0000100000101000100100000,000000000010100,000010001000000,00000001
01000100100000000010000000000000,1000000010000100000000100100000,00000010000000000000111001
00010000001000000000000001000111100,0000000000000010001000,00000000000000010001000010000,00000000,00010000,0000000000100011010000,10000000000001000100000,000010000001011000000010100001100,0000100011010000110110000010,00000000010,00000100000000,01000000000000,00000100001000,0000100000001001,10000000010100000000,0000000100000001010000,00000000000,000000000,0000000000000001,01000000000000000,00000001101,1100,0001,11001,000000000001,010010000,0001000000,01000000000,000001,0000000,000,00,000,0,0000001000001,
01000000000000010001100000010,1000000000000001000001010,0000000,1000000001001000001001000010000010000000100000001000110001,001010000,00000010100000000010100000000000,100000000000000100000000010000001,100000,100001000000001000000000,10100000000000000001000000000,0000010000100000000,000000000,000000010000000000100000000,0000001000,000100000000000010000,001100000110000000,0000100000100100000000000000100100001,001000000,1001100000000,0000000001100000,0000001000000,00000,01000000000,00000000010000,00000000,10000000,00000010,00000000010,000000,11,01001,001,0,
00000001100110000000001010001000,01100000101000000000000010001,00001001,00000000001001000000010000,010000000010011000001000100100000000100001010000000,01,0001010000000000001000100000,000010000,,100000001000000,0000001000000101001000110000000,00000000100000000100010,00010000001100000000100001001001000100001001,000001000000110,00010000000010000,0000100101000000001,01000000,000001000000000000100100001,00100,00000000110000,0010000001001,0100001100000,0000000000000,0000010001001000,01,010000001,001000,0000,000000,001,101,0000100100,1,0,1,
00001000010010000001000100001000,0010001001000000000000010110000,000000001010100100001000000001,00001100100110010000000001000,0000100000000000001000100010,000001000011000010100000110,00010100000100010000100000,1010000000000000001000010,000000000000000000001001,00100000001000000000100,0000100001000010000000,000100000000000010000,01000000010001000000,0000110100000000000,001000000010000001,00000000000000000,0100000000000000,000000000100001,00000000100000,0000010000010,000000010001,00001010100,0000000010,101000001,01000000,0000100,010000,00000,0000,000,00,0,
00000000000001001000000000101010,0010000001001000100001011000000,000110000001000000000000000100,00000010000000111000000000010,110110010001000000010000,00000010010000,00010000001,01000010011000000,00000001
01000100100000000000001110,1000000100100000000000010100000,000010000100110100000000000,0000000011000000,00010001010001001100,10000010010100010010000001,00000100010000110000,01001000,000000000000000100,0010000000110101000000010000,00000000000001010000,10000000001000001,000000000,0000100010,00000000100000001010,00000000100010000100,
00011001000000100000000,1000000010000110000001000,00010000000100100100010001000,00000000000000011000000000000100010101,001010000000,000000100000001000,000100000,001000000010000000001000,0000000001,0000000000001000,000100000010000000000100,00010000100010100000000000,0001,000100,00000100,1100000001000000000,01000000100010,000000000000100000000001000000,00010000000000000000,000100000000000001,10010100000000000000,000000000001000,1100100000000000,000100000000011,000000000,01,0000000000,10000000,101000001,0,0000,00,0,0,
0000100000001100000010000001100,0100110000100000000000010100,010000000000000000010000001000,00001000010,0010001001000000001100001001000000,0000000000,000000100000,0000000001000000100010000001,,001010000000101001000101000000,0000100010000001,1010000000000000,1000000000100000011000,0000000000000001,1000000010100011000001000,0000000001,0000000000000000010000,010000001000000001,0100000000,00000010000000,000000000000001,0100001000001010001,00010000100,000010011010100001,0000100010,00000000001,00001000100000,00100000,00000000,000000,00000,00000,0100,00,0,
00010000100011010000000000000000,1000000010000000000100001000000,000000000001001000110000010000,01001000000000001010100100000,0100110000000100000010000000,010000000000000000111000000,00000000000000010000000001,0010001000010001000000000,001000100000100000100000,01000001001000000000000,0000000000001000100000,000001000001001000000,00001000000100001001,0010000010001000100,000000010000100100,000000001000000,1000000000000100,1000000000000001,00001001,00000000110000,0000100,00000000,01000001000000000001000,0010001
00001000010010000001000100001000,0010001001000000000000010110000,000000001010100100001000000001,00001100100110010000000001000,0000100000000000001000100010,000001000011000010100000110,00010100000100010000100000,1010000000000000001000010,000000000000000000001001,00100000001000000000100,0000100001000010000000,000100000000000010000,01000000010001000000,0000110100000000000,001000000010000001,00000000000000000,0100000000100000,000000000100001,00000000100000,0000010000010,000000010001,00001010100,0000000010,101000001,00000000001,0000100,010000,00000,0000,000,000,0,
00001000000011000000100000010010,1000010000000000000000000010100,010000000000000000010000001000,00001000000110000000100000000,0100100001000000000010000000,001000000000100000010010000,00100000000000000100010000,0000100010000000011000010,000000000000000010000001,00010100100000001000000,0000001101000000000001,000100010000010001000,10000000000000001001,0100000100000000000,0000010000,10011000000000000,0000000000100000,010000100000111,00000001100000,01000000000000,010000010000,10000100000,00101010000000000,00000011,10000,01000,000000,00000,000,00,,,0,
00011000010000001000001000000000110000000000000001001000000000001000,00000000000100000001,1000010000,000000000001100001010,10010011001000000000100010100001,00010010100000,010000000000000010000010000000001,100000001,000000110000101000000,000000111000000000,000101000000,100010001000100000,000000110100000000000100000000010000000001,00100011000000010,0000000010000100000000000000,000100010,0100000000,1000001
00000000000000010100100000010000,0000000100000000000000100101000,000000101010010000000000000000,00000001001100000001000010100,0000000000110000000000001001,001010000000001010000000000,10000000000000011010100000,1001000000000100000100000,000000011000000101000000,00000000100010001000000,0000000101000000000000,000000010000000000101,00000011000001001010,1000000100010001000,000000000001110000,00001001100000000,0000000000010010,100001000000001,000110000,0000100000000,000000100010,00000001000,0010010001,000000000,10000000,0000110,000000,00000,0000,001,10,0,
00001000000011000000100000010010,1000010000000000000000000010100,010000000000000000010000001000,00001000000110000000100000000,0100100001000000000010000000,0010000000001000000100010000001,000100000000010000,10000000000000010000000101001000001000000000001,1010000000000000001000010,0000000001101001000,0000001101000000000001,0000001110000000000000001000100000000110000000000,0000001000000000000,00000000,010000000000,00100001,00000000000000000,00001000100010000100,00000000000010100,0000000010000,100100000000,10000100000,
00000000001000000001000000010000,0010001110000000000000100000000,010000000000001010001000000001,00100100000000000001000001010,0000000000100110000000000100,000011000000000110001000000,00000000000010000100110000,0001000000000000000001101,000001000000000101000000,01000001000000010000000,0010000000010000010000,000000000000010000001,00101000000001010000,0000100000000010001,010000001010010000,00000010010001000,1000010000100000,000000001000000,00000001100100,0000000010000,100000010110,01100000100,0000101000,000001000,00100001,0000000,000010,00000,0000,000,00,1,
0000000000011000100000000000000110010000010000100000,100000000100000100000,0000001000100001001000,01000000000000001000100011011000000010000000,000001000000,100000000010110000,01000000000000100000100101,0000000000010000000,00000001100001010001,000100000,00000010001000000,10000,0000001000001000010000000000100000,1000000000,000000000000001000100010000100010,0100000000000000001000000,1000000000000100,0000000000000010,00001100000000,00001001000110,000000000000101000000,10000000000000,0100000000,00000101100000000,01,000000,100000000,000000,00000,00000000001,00001,01,0,
01000100100000000010000000000000,1000000010000100000000100100000,000000100000000000001000100000,00100001000011001000100000000,0010100000000000000010010000,000000100000010011000001000,00000000000100000001010011,0000000001000000000101010,110011000100000000001000,00010000000000010000000,0101100000000000010000,010000000010000000000,0000000010000000001000,00000100010,001000101000000001,10000010010000000,1010000010000000,000000000000000,00000000001100,0000000001000,100100000100,1000100,0000000001,00000000,000000001,00001000,0000101,00000000000,00010,000,000,00,1,
00000000000000000011000000010001,0100010100000000000000000000011,000000000110000000100000010000,000000000100010000000001010000000000010,0000000000111000000000000100,000000100001000010100000001,00000100,0000100,000010100000000000,000001000000000100011000,0000000100001010,0001000000000001,000001100000001000100001,00000100000000000000100010000000100000100,00010001,00000000001,0000010010010000000100,00001100,000000100000000,00000,000000000100001000000000,010000000000,11001000000,000001
000011000010000000000010000001000,001000100100000000000001100100000010,000001100100000100,000110100001010010000000001001010000,000010010100010000000000000,000000000000100001000100000,01000000000000001000000010000010001000000100001000000,00101100001000000000000000000010000001,00101,1000000000000000111000000,00000011000001001010,000000000001,000000111,00000000000000110011000000000000,00000000010000000000010,0000000111,0100,0000000000011,00000000100000,0000100000,000000000001,100000001,001,00000000,0100000000,0000,000000,0000,00100,000,,0,
00011000100000000000001000100000,0000000000000000000001110000001,001000010000101000000100000000,00000000000000111011000000100,0000001000100001000000100010,00000000110000100,00000000100000010000001100100011010,100000,0001010,000000000000011010000,01000100000001000000,1001101,00011000110000000000,00000000101000000000,110101000000000000000010000,0000000001000000100010,0000000001001000,0000100000,010001,101
00000000000001001000000000101010,0010000001001000100001011000000,000110000001000000000000000100,00000010000000111000000000010,1100010000110000000001000000,000100000001010100000000000,00000000000001000000000001,0111000000000000100010000,000110011000000010010000,01010000000000000000010,0000010000000100000000,100000001000000000000,00000000100000100000,0010000000000000011,001000001000000000,00000010000100100,01000010010100010000010,000,10100000000000,0000110000000,00000000000,0000100010,000001001100100,000100,000001000,1000000000000001,1010000,0000,01,000,000000,
10100011000000000010001000010000,0000000000000000000010000100000,000000000000110010000010000100,00000000000010100000001000010,0001010001000000000000001101,000000000001001100001000001,01001000000000000000100000,0000100000000000000011000,000000000000100000000100,10100101100001000000000,0001000000001100000000,001011000000000110000,00000000100000001010,0000100010000010001,000000000000010010,00000000001010000,1000000000000100,000000000000001,00010010000000,0001010000001,011001000100,00010000010,0000000100,000000000,11100000,0100000,000000,01000,0000,001,00,0,
00000001100000,0100000000000,00000010000,00000010011010000000001010000001,00001,0000110010011101010000000000000100100,000001000000010000000000010,10000000000000000000101000000010010,00010100000100000000,100001,00000110,00000000,000000000000110000010000,00000000000001,000000000110000000000000000,00000110000,001000100000000100,000000001,1000011000000000000,0000000,000000000110100010000100,00000100100001,10010001000000,000000000000010,000000001,000000000100,000000000,0000000,10100000000000,00001000000,000011,00001,00001,00,0,
00000000000001001000000000101010,0010000001001000100001011000000,000110000001000000000000000100,00000010000000111000000000010,11000100001100000000000000,000100000001010100000000000,00000110000,0111000000000000100010000,000110011000000010010000,01010000000000000000010,0000010000000100000000,100000001000000000000,00000000100000100000,0010000000000000011,001000001000000000,00000010000100100,000010,00000110,000,0000100000010110010001000,01000101000,0000000100,1000110010,10100001,0000100,000001,01000000,000000000000,000,000,100,
00001000000011000000100000010010,1000010000000000000000000010100,010000000000000000010000001000,00001000000110000000100000000,0100100001000000000010000000,001000000000100000010010000,00100000000000000100010000,0000100010000000011000010,000000000000000010000001,00010100100000001000000,0000001101000000000001,000100010000010001000000,10000000000000001001,0,00000010000,000011000000101,0000000000000000000000000,010000100000111,0000000111001,0000000000000000010000,010000010000,10000100000,1010000000,001000000,11001000000,001000,0,00000,000,100000000,,0,001000000001,
00000000000001001000000000101010,0010000001001000100001011000000,000110000001000000000000000100,00000010000000111000000000010,1100010000110000000001000000,000100000001010100000000000,00000000000001000000000001,0111000000000000100010000,000110011000000010010000,01010000000000000000010,0000010000000100000000,100000001000000000000,00000000100000100000,0010000000000000011,001000001000000000,00000010000100100,0000000000001000,001000000010000,00000000110000,0010000001001,000000000000,01000100000,1000010101,000000000,10100001,0000100,000010,01000,0000,000,10,0,
00001000010010000001000100001000,0010001001000000000000010110000,000000001010100100001000000001,00001100100110010000000001000,0000100000000000001000100010,000001000011000010100000110,00010100000100010000100000,1010000000000000001000010,000000000000000000001001,00100000001000000000100,0000100001000010000000,000100000000000010000,01000000010001000000,0000110100000000000,001000000010000001,00000000000000000,0100000000000000,000000000100001,00000000100000,0000010000010,000000010001,00001010100,0000000010,101000001,01000000,0000100,010000,00000,0000,000,00,0,
00000000000001001000000000101010,0010000001001000100001011000000,000110000001000000000000000100,00000010000000111000000000010,1100010000110000000001000000,000100000001010100000000000,00000000000001000000000001,0111000000000000100010000,000110011000000010010000,01010000000000000000010,0000010000000100000000,100000001000000000000,00000000100000100000,0010000000000000011,001000001000000000,00000010000100100,100000001000000000000,001000000010000,00000000110000,0010000001001,000000000000,01000100000,1000010101,000000000,10100001,0000100,000010,01000,0000,000,10,0,
00000001100100000000000101000000,0001110101000000000000010000000,010000110000000000001000000001,00010000000001010000000010000,0000000000010000001110000000,000000000000000100100000000,00100000010010000000000000,0000001000000010001000100,001000000011010100000001,00000001000000000000010,100000000010000001000000001,000000100000010000000,00000000001000100000,100000000,1000000011,000100001001000000,0001000100000100,000011000000100,101000000011010,00001000000000,0001000000000,010000000000,00001001000,0000000100,000000000,00010000,0100000,10,00111,01,0000000001,
10001100010000000000000010000000,0000000010100000000000101000000,000010010000000000001000100000,10000100000000000000001100001,0000000010010010001001010000,101000000000000100000000001,00001000000000010000110000,0000110000000100010001000,000000100001101100000100,00000000000000110100010,0000011000000000000000,101100010000000100000,00000100000000000101,0010001000010000000,101000000011000000,00000000000000010,0100000000000010,001010000001001,00000000000011,0001000001000,000000100100,00001001000,0100011000,100000000,00000000,0000000,000000,00000,0100,010,00,0,
00000000000000000011000000010001,0100010100000000010001000,00000000010001100000010000,00000000010001000000000101000000000000100000010000000100100000,00001001010001000000000000100,10000100001110000000100,00000010000110110000100000000,0000000001000100000000000000000110,000000100010000000000010000000,00100000010001
00000000000000000011000000010001,0100010100000000000000000000011,000000000110000000100000010000,00000000010001000000010000010,0000000000111000000000000100,000000100001000010100000001,10000000000001110000000100,0000001000010100000000000,000001000000000100011000,00000000000000000001001,10000000001000101000000,001100000001000100001,00000100100100000010,0010000001010001000,001010000000100000,00001001100000000,0010000000001100,000010000000000,00001001000110,0000001000000,000001000000,00000000000,0001001000,000000000,10000000,0001001,000000,00010,0001,000,01,0,
00011000100000000000001000100000,0000000000000000000001110000001,001000010000101000000100000000,0000000000000010000000000001010010001,00000000,000000100010000000000000010000,0000000000,000001000000,10010000,00101010,0100010000000001000001001001000010000000000001,100000000010000110000000000001010,0000100,0000000100000000001,10000000000000000,00000100000000,000000000001000,010000001000000001,1000000,00010,,0001000001100000,000000010,00000100100001,000000001000000,010000010000,010000000000,00010010000000,000000,,,000000,,00,001000,00000,10,000,00,0,1,
00001000010010000001000100001000,0010001001000000000000010110000,000000001010100100001000000001,00001100100110010000000001000,0000100000000000001000100010,000001000011000010100000110,00010100000100010000100000,1010000000000000001000010,0000000000000001000000000,00100000001000000000100,0000100001000010000000,000100000000000010000,01000000010001000000,0000110100000000000,001000000010000001,00000000000000000,0100000000000000,000000000100001,00000000100000,0000010000010,000000010001,00001010100,0000000010,101000001,01000000,0000100,010000,00000,0000,000,00,0,
00000000000000000011000000010001,0100010100000000000000000000011,000000000110000000100000010000,00000000010001000000010000010,0000000000111000000000000100,000000100001000010100000001,10000000000001110000000100,0000001000010100000000000,000001000000000100011000,00000000000000000001001,1000000000100011000001,001100000001000100001,00000100100100000010,0010000001010001000,001010000000100000,00001001100000000,0010000000001100,000010000000000,00001001000110,0000001000000,010000000010,00000000000,0001001000,000000000,10000000,1000000,000000,00010,0001,000,01,0,
00000001100100000000000101000000,0001110101000000000000010000000,010000110000000000001000000001,00010000000001010000000010000,0000000000010000001110000000,0000000000000001001001000100001100000010100000000000000100010000100,0010000000001100100000000000000000,000000000100010100000010000010000010110000,000001000000000100,000000100000010000000,0100000000000,0000010100011100000,000100001001000000,00010001000001100,0010000000000000010001100000,0001010000001,0000000000011,10000001000,000001001000,0000001,010000000000,001,00001001,101000001,000100001,0001,010,001,001,10100,
10000110000000010000000100000000,0000000000000010101000000000100,001000010100001000000000100000,00001000100000011010000000000,0000001001000000010110010000,000001000000010000000000010,00010010000000100000000010,0000100000000001100001000,000000000100100001010000,00000100001100010001000,0000001000101000000000,000100100011000000010,11000001000000100000,1000000000000000100,000000000000010000,00000100000000000,1000000000010001,000010001001000,00001000100000,0000000000100,000000000010,00000010000,0000001000,000000000,10000000,1100100,000110,00001,0001,000,00,1,
00000000000000000000001000111100,0000000000000000010100110000100,000000110000000010010000010000,00011010100000000000100001000,0000000100100001100000100000,000000000000111000000001000,10000000101000010011000000,00000001000000000010000001000011011000001,0001000,00000000100010000100010,0000001000001000000000,000110000000000010001,00000001000000000001,1000000001010000000,10001101000000011000000,00000000010110000000001000,1101,01000000001010000000,000110010001,00000000000,10000000000,00100100000000000001,0000010000,0001,00000010,000101,10000000,0000,000000100,000,00,0,1,
10001100010000000000000010000000,000000001010000000000011000000,100001101000000001,0000001,000000001000000000100,0000101000000000010001000010000100101000001000000010001000101001000000000000000100000,00001100001001001000000001000,100001000001101,00000000100010001000000,000001,001000000,0000101000,0000110000000,00001000000000001,1000000010,0001000000001,0000010010000001,0000000000010,11000000000000,000110000,001010000001,0000000010,1000000101,00001,100001,000000001,0000000010,0001101,00001,000011,0001,100001,000,
00010100000000010000000100000000,0000000000010000000001100000010,100000000000000011000011000100,10000000000000000010000000100,0000010010010000000000010000,010001100000010100000000010,00100000100000000010000001,0000010000001110000000000,000000000010000100010001,00000001001001000100001,0110000000000001000001,000100000000001001000,00000000001,00000100,0000001000000001000,001000101000000001,10000011,00000011000000100,10,0000010000000,0000101,001,0000100000,01000000,00010100000,0000000000,1000000,000000,0101100000000000000,00000,000100,0,
00000000000000000000001000111100,100000000,00010000000100000000000001000000001,0000000001,000000001,000,001,001,0000000000000100,0000000001,010000000000000001100100000000010000001,00010000000100001000100000,000000000011001000000000000100,0000000,00010000000011001001000,000110001,0000000000100001,000100000000000010000,00000000011,000000000100010000010,000000000000000000100000,10000010000,10001110000,01100100001000,001000000010000,00000010000,0000000000001,0001000000,0010000001,
00000000000000000011000000010001,0100010100000000000000000000011,000000000110000000100000010000,00000000010001000000010000010,0000000000111000000000000100,000000100001000010100000001,10000000000001110000000100,0000001000010100000000000,000001000000000100011000,00000000000000000001001,1000000000100011000001,001100000001000100001,00000100100100000010,0010000001010001000,001010000000100000,00001001100000000,0010000000001100,000010000000000,00001001000110,0000001000000,010000000010,00000000000,0001001000,000000000,10000000,1000000,000000,00010,0001,000,01,0,
10000000010010000001000100000000,0000100000100110000000000000000,001000000000100100010000000001,00100001000000011000000000101,0000100010000000100000000001,000001010001000000000100000,01100000001000000000001000,0010100000100000000001100,000001001000010000000000,00000000100000000100010,0000000000000001100001,000000000001000100100,00010010110000000000,1000010000000010000,010000000000000110,00100001000000000,0000000000000011,000000101000000,01000000010010,0000000010000,100100000000,11001000000,0010000000,001001000,10000000,0111000,010000,00000,0000,000,00,0,
00000000000000000000001000111100,0000000000000000010100110000100,000000110000000010010000010000,00011010100000000000100001000,0000000100100001100000100000,000000000000111000000001000,10000000101000010011000000,0000000100000000000000010,001010010000000010001000,00000000100010000100010,0000001000001000000000,000110000000000010001,00000001000000000001,1000000001010000000,000100101000000001,00000000000000100,0001000001000000,000000010000001,00000100100001,1000010010000,001001000010,10000001000,0001001000,000000110,01000100,0100000,000000,00000,0001,000,00,0,
00000000010000001011000000000000,0000101000010000000000000101000,0000000010110010000,00000000010000,0100000000000010001000000001000100000100000,1000010000100000010000100,00000110010100,0000100000000000000000001,00000000001100,1000010000010000000000001,10000000000000000010,0000010000000100000000,00010000000000,0000100010000,10000000000000001001,100000000100000110,010000101000000001,00001001100000000,00000000000,000000010010,010010000001,0000100001000000000,010000010000,00100001,0010010001,0001,001010000,1000000,00010010000000,000000,00101,0000001,,000,
10010000000000001000000011100000,1000000000000000001000000000010,1000000010000000100010001,0000100010000,000000000000100000010,0011001000000000000000100000,0000001100011010,000001,0000000010000100,0100000000000000,00000010010100000000000000,00000000000110,100000000,1000000000100000010100,1000000000000000101000000000,0000001100000100000000000001,1000000110,010001010000100000,0100000000,000000010000000010,0000001,100001000,00000100100001,1000000000000001000000,0000010000000,0100000000,1,000010001,01000000,0,0000000,0000000,000000,000000,000,00,0,
10000110000000010000000100000000,0000000000000010101000000000100,001000010100001000000000100000,00001000100000011010000000000,0000001001000000010110010000,000001000000010000000000010,00010010000000100000000010,0000100000000001100001000,000000000100100001010000,00000100001100010001000,0000001000101000000000,000100100011000000010,11000001000000100000,1000000000000000100,000000000000010000,00000100000000000,1000000000010001,000010001001000,00001000100000,0000000000100,000000000010,00000010000,0000001000,000000000,10000000,1100100,000110,00001,0001,000,00,1,
00001000010010000001000100001000,0010001001000000000000010110000,000000001010100100001000000001,00001100100110010000000001000,0000100000000000001000100010,000001000011000010100000110,00010100000100010000100000,1010000000000000001000010,000000000000000000001001,00100000001000000000100,0000100001000010000000,000100000000000010000,001000000000100000100001000100000,00000100010000000010,1001000001,0100000000000000,0000010110010001000000,00000010000,10000010000,000000000001,000000000,00000000,01000000,00001000,000000,100000,00000,0000010001,000,
00000001100110000000001010001000,0110000010100000000000000010000,000000101000000100000000010000,01000000000000100000100000100,0100100000000000000000100000,000100000011000000000000001,10000000000010001000100101,0011001000000001000000000,001000000001000,00001010000000000000000,100000100000001000100001010,00000000,00000100000110000011,0000000000000010000,00001000100000,01,000100000010,01001000,00101,01001001000000,1000000011100,00000100010000000,0010010001,010100000000000,00000000,0000000000000000100,,0000,01000001,0,0000000,0,
00000100001010001001010000000000,0000000000000100001000001000001,001000000010000000100100000001,00000010000010101100000001000,0011000000100000000100001000,000000010010000000000000100,00000100001000000000001001,0000100010000001000000010,100001000001000000000000,00000000010000000100001,0000000010000100000000,001010000000100000000,00010000000001100000,0000001000010100000,010000000010010000,01000100010000100,00000000000000000,000000000000100,01001000000100,0000100110110,000001000010,10000010000,1000010000,000000101,01000000,0100000,000000,00000,0010,001,00,0,
00000001100100000000000101000000,0001110101000000000000010000000,010000110000000000001000000001,00010000000001010000000010000,0000000000010000001110000000,000000000000000100100000000,00100000010010000000000000,0000001000000010001000100,001000000011010100000001,0000000110000000000000000000110,0000010000000100100000,00001000000100001001,0000010000,000010100000,0000011,0000,00000110,000001
00000000000000000011000000010001,0100010100000000000000000000011,000000000110000000100000010000,00000000010001000000010000010,0000000000111000000000000100,000000100001000010100000001,10000000000001110000000100,0000001000010100000000000,000001000000000100011000,00000000000000000001001,1000000000100011000001,001100000001000100001,00000100100100000010,0010000001010001000,001010000000100000,00001001100000000,0010000000001100,000010000000000,00001001000110,0000001000000,010000000010,00000000000,0001001000,000000000,10000000,1000000,000000,00010,0001,000,01,0,
00000000000001001000000000101010,0010000001001000100001011000000,000110000001000000000000000100,00000010000000111000000000010,1100010000110000000001000000,000100000001010100000000000,00000000000001000000000001,0111000000000000000000001010000010000000010000000101100100000110000000,0000000100000000000001000000000000000100010,
000000000100000010110000000001000,000000001000,0100,000100000100100000001,00000000,1000010000010100000101010100000100100010000100100010000010000000101000001,10000,000000000001001,10000011000,00000010,000000100000000000010010,100,000100000000101101000000001010100000000000001000001,0001000000000101000000,0000010000000110000001000100011010010000001001,100,1000000000,0010000000110000001,000000101000000000,00000000,0000000000011,1000,100000000010,0100000,00001001000,10000000,0000000010,10000000,00001001,00001000100000,0100,0001,
10100000000100000000001000000000,0000100000000000000100011000000,000110001000000000000000001010,10001000000010001000000000000,0101000000000000000100100000,000010010100000100000001000,00000000001000000000010100,0010100010000000101000000,111000000000000000000001,00000000100010001001100,0000000000000000010000,010000010000000000010,00001000010000000001,1001010000001000000,001100000110000000,10000001010000000,0000000010000100,0000100010000000,0001010000001,0010100,100000010010,00100001001,0010111000,100010000,00100000,0000010,000000,00000,0000,000,00,0,
00000100001010001001010000000000,0000000000000100001000001000001,001000000010000000100100000001,00000010000010101100000001000,0011000000100000000100001000,000000010010000000000000100,00000100001000000000001001,0000100010000001000000010,100001000001000000000000,00000000010000000100001,0000000010000100000000,001010000000100000000,00010000000001100000,0000001000010100000,010000000010010000,01000100010000100,0000000000000000,000000000000100,01001000000100,0000100110110,000001000010,10000010000,1000010000,000000101,01000000,0100000,000000,00000,0010,001,00,0,
000000100000101100000010000001001,10000000,00000100000,00000001100001010000001000000001,11000000000110000000000000000101010000000000100001000100000000000,0000000,00000000000,0000000001,00010000001100100100,00001000010000,0000001000001000000000100,000000000000000001,00000110,000000001100000,0000010000010001,10000100000,000100010001,0000000100100001,100000001000000001,0001010010000,00100000011,0100000,0000110000000100010000100,1100100000,1100000000,0000000010000,010010000,000000100000,010000,00000011,000000000000101,00001000000100000,000100000,00001001,00,
00000010000000001000001000100000,1001000000000000011000000000000,100000000000000010000010101000,00000100000101000000000000000,0000000001011101000001000000,000000000000001000000010010,00001000110010100000000000,0100000000000000000000110,001000000000000001100011,11010000001000000000100,0000010000000100100000,010000110000000000000,00000100000100010000,1000000001000001000,000000000000110000,00000100100000010,1000000000000001,000011000000000,00000110000000,0010000000000,000001000000,00001010100,0000000100,100001000,00000010,0001101,001000,10000,0100,000,01,0,
00000000001000000001000000010000,0010001110000000000000100000000,010000000000001010001000000001,0000000000000011,000000000010000000000101100000110000000000100,000011000000000110001000000,00000000000010000100110000,1010010100000100000000010000101001000000000000010000010000,0100010000000001000001,10000001101,00000100001000100001000010000000,010000,0100000000000001110110,10100001001,10000010000000100,0100000,11001100000,0100000000100000,00000010000,010000000010000000000,000001100,00000010,00001000001,000000101,0010000001,00000,000000,10000,000010100000,000,100000,00,1,
00001100000001000000000001000000,1000000000000100010000010100010,01000000000000000100000000001100,0000000000,00000,0010100000000000000000000001000000001010100011000000000110001000000,0000000001000000101101100,0001100010000000000100,000110000000,1010000000000,100000000010000001010010000000000000100011000000000001010100000010000100101,00001010000100000010,000100000000101100000000,00000011000,010000000011001010000,000000001,0,10000,0000001000000,00000,0000000001010000,0010,001000,00000000001,00010000,0000,000001000,0000,0000,000,0,000,0,1,
00011000100000000000001000100000,000000000000000000000010000000000001000,0010000100000110000001000,001000010000100000011100100000,000000000010001100001000001000011000000101000000001000101000,000000100000000010000001,0001000,,1100000000,00010,0000000010001000100100000000001000000000001,000000000110010000000000011010100001000010100000,0000000100001000000000110000000000,000000100000,000000000100000000,1000000101,0000000000000000000000000,110100000,00000010000000,0000000100000001110000000,0001,11001000000,000000010000,001000001000000,,0000000,0101000,0000,0000,000001,000,0,1,
00001000010010000001000100001000,0010001001000000000000010110000,000000001010100100001000000001,0100000,00110010000000001000,0000100000000000001000100010,000001000011000010100000110,00010100000100010000100000,1010000000000000001000000000,000000000000000000001001,0000000000000000101000000,0001000001000010000000,000100000000000010000,00010,000000000101000000,000000010000000010,0001,100001,000000000110000,000000000100001,00000000100000,0000000000000010000,10011000001010,000000000,00100001,10001000,11001100,0001000,101,0001,0000001,000,1011,
00000000001000000001000000010000,0010001110000000000000100000000,010000000000001010001000000001,100,000101000000,0000000000100110000000000100,000011000000000110001000000,00000000000010000100110000,0001000000000000000001101,0000010010000010000,0010000000001000001000001101,0000000001100101000000,00001000000010000001001000,000001001000,0001000000001000,000000000010010110000010000,0000000000000000000000000,000000000000010000000,01000000000000000,000100000000,000000000011000,1000000000010,00000000001,101,00000000,0000000010,0000100,00100001,0000000,0000,00010,000,0000,0,1,0,00000000001000,
00000000000000000000001000111100,0000000000000000010100110000100,000000110000000010010000010000,00011010100000000000100001000,0000000100100001100000100000,000000000000111000000001000,10000000101000010011000000,0000000100000000000000010,001010010000000010000000000,00000000100010000100010,0000001000001000000000,0001001010000,00000001000000000001,10000000001000000,00010,00000101,100000000,0001000001000000,000000010000001,00000100100001,1000010010000,01000100000,10000001000,010001,10001,10000000,000000001,100000001,0000000,0000100,0000000001,00,
00000000000000000000001000111100,0000000000000000010100110000100,000000110000000010010000010000,00011010100000000000100001000,0000000100100001100000100000,000000000000111000000001000,1000000010100001001010000,0000000100000000000000010,001010010000000010001000,00000000100010000100011000000,0000001000001000000000,000110000000000010001,10000000010000,1000000001010000000,0000000000000001,0000010000010001,000000000000,0000001,100000000,0100010000000,0000000000000100000,0000000000,0000010000100,0000000010,0001001000,0010001,010100000000,100000001,0100000,000000000001,0000000,0001,000,00,0,
01000100100000000010000000000000,1000000010000100000000100100000,000000100000000000001000100000,00100001000011001000100000000,0010100000000000000010010000,000000100000010011000001000,0000000000010000000101001
00001000000011000000100000010010,1000010000000000000000000010100,010000000000000000010000001000,00001000000110000000100000000,0100100001000000000010000000,00010000001
10000110000000010000000100000000,0000000000000010101000000000100,001000010100001000000000100000,00001000100000011010000000000,0000001001000000010110010000,000001000000010000000000010,00010010000000100000000010,0000100000000001100001000,000000000100100001010000,00000100001100010001000,0000001000101000000000,000100100011000000010,11000001000000100000,1000000000000000100,000000000000010000,00000100000000000,1000000000010001,000010001001000,00001000100000,0000000000100,000000000010,00000010000,0000001000,000000000,10000000,1100100,000110,00001,0001,000,00,1,
00010000100011010000000000000000,1000000010000000000100001000000,000000000001001000110000010000,01001000000000001010100100000,0100110000000100000010000000,010000000000000000111000000,00000000000000010000000001,0010001000010001000000000,001000100000100000100000,01000001001000000000000,0000000000001000100000,000001000001001000000,00001000000100001001,0010000010001000100,100000000000010000,00000000010000001,0000100100000010,000000000000010,10100010000100,1100000000001,000000001000,00000000000,1000000001,000001000,00000000,1001010,000000,10110,1100,000,00,0,
00000000000001001000000000101010,0010000001001000100001011000000,000110000001000000000000000100,00000010000000111000000000010,1100010000110000000001000000,000100000001010100000000000,00000000000001000000000001,0111000000000000100010000,000110011000000010010000,01010000000000000000010,0000010000000100000000,100000001000000000000,0000000000001000000000000,000010000000001,00000000010001,10,,100001000010100,1010000000000000011,00001100000000,000010010001,000000001,0000000010000,0000010000,0000001,000010000,100100001,00000000,0000010,000000,000000,000,0000,000,00,1,
00000000001000000001000000010000,0010001110000000000000100000000,010000000000001010001000000001,00100100000000000001000001010,0000000000100110000000000100,000011000000000110001000000,00000000000010000100110000,0001000000000000000001101,000001000000000101000000,01000001000000010000000,0010000000010000010000,000000000000010000001,00101000000001010000,0000100000000010001,010000001010010000,00000010010001000,1000010000100000,000000001000000,00000001100100,0000000010000,100000010110,01100000100,0000101000,000001000,00100001,0000000,000010,00000,0000,000,00,
00000001100110000000001010001000,0110000010100000000000000010000,000000101000000100000000010000,01000000000000100000100000100,0100100000000000000000100000,000100000011000000000000001,10000000000010001000100101,0011001000000001000000000,000100000000000000000110,00001010000000000000000,1000001000000011000000,0000000000001000010,00000000010000000001,0000000001000010000,000001110000000000,10000010000101000,0000000000000010,010100000000000,01001001000000,1000000011100,000001001000,00100100010,0000000001,000000000,00001010,1100000,000011,00000,0010,000,00,0,
00000001100110000000001010001000,0110000010100000000000000010000,000000101000000100000000010000,01000000000000100000100000100,0100100000000000000000100000,000100000011000000000000001,10000000000010001000100101,0011001000000001000000000,000100000000000000000110,00001010000000000000000,1000001000000011000000,000000000000100001000,00000000010000000001,0000000001000010000,000001110000000000,10000010000101000,0000000000000010,010100000000000,01001001000000,1000000011100,000001001000,00100100010,0000000001,000000000,00001010,1100000,000011,00000,0010,000,00,0,
10100011000000000010001000010000,0000000000000000000010000100000,00000000000011010000010000100,00000000000010100000001000010,0001010001000000000000001101,000000000001000,000000000000100001000000000000001,00000000000100000,1001000000000100000110000000000000000001010,10100101100001000000000,00010000000010000001,1000000000001,0000010000100001000,000100000000000010000,0001100,00000000001010000,000001
01000100100000000010000000000000,1000000010000100000000100100000,000000100000000000001000100000,00100001000011001000100000000,0010100000000000000010010000,000000100000010011000001000,00000000000100000001010011,0000000001000000000101010,110011000100000000001000,00010000000000010000000,0101100000000000010000,010000000010000000000,00000000000000000110,0000000010000000010,001000101000000001,0000000100000000110000,1010000010000000,000000000000000,00000000001100,0000000001000,100100000100,10001100100,0001000000,000000001,00001000,0000101,010000,00010,0000,000,00,1,
010000010010000000001001000,0000001000001001000000000011000,000000100000000010001000001000,00010010001000000000000100010,0000010000000000100011010000,110000000000000110000000000,00000000100000010100001010,00000000010000000001000,000000100100101000000000,00100000001000000001000,1000010100000000000000,100100000000000000001,10000000100000000101,0000100000000010010,0000010000010001000,00000000000000010,0010010000000100,000000110000001,00001100000000,0001010000010,010001000000,00010000100,0000010001,001100001,10000000,0000000,000000,10000,0000,000,00,0,
00000000000000000000001000111100,0000000000000000010100110000100,000000110000000010010000010000,00011010100000000000100001000,0000000100100001100000100000,000000000000111000000001000,10000000101000010011000000,0000000100000000000000010,0010100011000,010001000000000100010000100011,000000010001,0100010000000000010,00000001000000000001,1000000001010000000,1100000000,01000100010000100,0000000010001000,0100001101,010010,000000000001000,0000000010,1000000001,000000001,00001000001,0001000000,10000000000,0000000001,00001000001,00000,0001,1,00,00,
0000000010000010010000001000000100010000,00001010,00000000,00000000000000001000,00000000,000,001000000100000100000000010100100000000,00100000001000000000100000000,00001000,0100101,0010100000100,0000000001,0100001010000000000,01,00000000,00000000001,00000000001000000000100000000,00001100000100000110100000000000,0001,00000100001000110000000001000000,1000001100000010000,00100010100000010000000,00000010000000,01000000000000,010000000000,100000010110,001100,00000010000,00000010,0000,00000000,,0000,00,000,
10000000010010000001000100000000,0000100000100110000000000000000,001000000000100100010000000001,00100001000000011000000000101,0000100010000000100000000001,000001010001000000000100000,01100000001000000000001000,0010100000100000000001100,000001001000010000000000,00000000100000000100010,0000000000000001100001,000000000001000100100,00010010110000000000,1000010000000010000,010000000000000110,00100001000000000,0000000000000011,000000101000000,01000000010010,0000000010000,100100000000,11001000000,0010000000,001001000,
00000001100110000000001010001000,0110000010100000000000000010000,000000101000000100000000010000,01000000000000100000100000100,0100100000000000000000100000,000100000011000000000000001,10000000000010001000100101,0011001000000001000000000,000100000000000000000110,00001010000000000000000,1000001000000011000000,000000000000100001000,00000000010000000001,0000000001000010000,000001110000000000,10000010000101000,0000000000000010,010100000000000,01001001000000,1000000011100,000001001000,00100100010,0000000001,000000000,00001010,1100000,000011,00000,0010,000,00,0,
10001100010000000000000010000000,0000000010100000000000101000000,000010010000000000001000100000,10000100000000000000001100001,0000000010010010001001010000,101000000000000100000000001,00001000000000010000110000,0000110000000100010001000,000000100001101100000100,00000000000000110100010,0000011000000000000000,101100010000000100000,00000100000000000101,0010001000010000000,101000000011000000,00000000000000010,0100000000000010,001010000001001,00000000000011,0001000001000,000000100100,000100000,1011,0001000000001,00000000,0000,000000,00000,11,010,00,0,
00000000010000001011000000000000,0000101000010000000000000101000,000000001011000000100110000000,00000000010010101000001000000,1000000010000000000000010110,000001000000010001001010000,00001000000001000000001010,1011000010000000000000001,000100000010100000000100,10100000000000010100010,1000000100000000100000,000000000000000000000,00000010000000000010,0000100000000000000,001000000100100101,00110010010000001,0000000101001000,000001000001100,00001000000000,0000001000000,100000000010,11000000000,0000011001,000000000,00000010,0000000,100000,00000,1000,000,00,0,
00000000000000000000001000111100,0000000000000000010100110000100,000000110000000010010000010000,000110101000000001000000,00000010010000000,010000000010000000000,00000001000000011001010000000000001001,00000010000000100010001000010101000000000,010000100000000001,000000010011100000010000000010000100000000,1001000000000,00110000000000000000000001110,000000010000001000000000000,000001000000000,1000000101,00000000010000000,0100000000101100,100001,00000100000,100000001000,0001,00000000001,000001000,0000001,0001,0000000100,10000000,01100,0001000,0,000,0,
00011000100000000000001000100000,000000000000000000000101000000,0000001000000000000110100001000000,000000001,010000000010000,000000000100000011100000010001100000010100000000010,0010000000000000000101000010001000000,,000000100010000100,00010,0000000010000001000000000100,00000100100000000000,00000000101000000100001000,000010000000001,00000010000010000,00000001,0000000000010000010010000001,00000000000000000,001000001,000010001001000,011001
00001000010010000001000100001000,0010001001000000000000010110000,000000001010100100001000000001,00001100100110010000000001000,0000100000000000001000100010,000001000011000010100000110,00010100000100010000100000,1010000000000000001000010,000000000000000000001001,00100000001000000000100,0000100001000010000000,000100000000000010000,01000000010001000000,0000110100000000000,001000000010000001,00000000000000000,0100000000000000,000000000100001,00000000100000,0000010000010,000000010001,00001010100,0000000010,101000001,01000000,0000100,010000,00000,0000,000,00,0,
10000000010010000001000100000000,0000100000100110000000000000000,0000100000000,0000000001,0000100010000000000000010010000010000000000,0000100010000000100000000001,00000000100000000001100000000000000000000000001000,00010100000000000,110110000001010000,10100101100001001100,0010100,000000000000101000111,000100100011000000010,0100,0001,0000000001,0010000010001,10000000,00000000000000000,
00000000000000000011000000010001,0100010100000000000000000000011,000000000110000000100000010000,000000000100010000000001010000000000,0000100010,0000000100010100000000000000001010000,0000010000100010000,000010,000,0000011000010100011000,000000000000000000010000000001000000000,010000000000100000000010000000,000010000100,000010000000001,0000010000000110,00000100000,00000100100010100,00000110000000,00001000000000,0000010001000010,0000000100010,000001000010,000010000000001,00001000001,0001,00000010,0100010010,00100,0000110000000,
00000001100110000000001010001000,0110000010100000000000000010000,000000101000000100000000010000,01000000000000100000100000100,0100100000000000000000100000,000100000011000000000000001,10000000000010001000100101,0011001000000001000000000,000100000000000000000110,00001010000000000000000,1000001000000011000000,000000000000100001000,00000000010000000001,0000000001000010000,000001110000000000,10000010000101000,0000000000000010,010100000000000,01001001000000,1000000011100,000001001000,00100100010,0000000001,000000000,00001010,1100000,000011,00000,0010,000,00,0,
0001000010001101000000000000100,1000000010000000000100001000000,0000000000010010001100000110,01001000000000001010100100000,0100110000000100000010000000,010000000000000000111000000,10000010100,00100010000100000000000100010001000,00000001100000011000100000000010000100010000000,1000000,100000001000,100100000010000000,01000000000000000,0000001001,00001010,100000001,00000010000100100000010,1000010,0000001,10010010000000,0000001001,01001000,000001001000,0000001100,00000000,0001000000,000000000,000000,0000,000,00,000,0,
00000001100110000000001010001000,0110000010100000000000000010000,000000101000000100000000010000,01000000000000100000100000100,0100100000000000000000100000,000100000011000000000000001,10000000000010001000100101,0011001000000001000000000,000100000000000000000110,00001010000000000000000,1000001000000011000000,000000000000100001000,00000000010000000001,0000000001000010000,000001110000000000,10000010000101000,0000000000000010,010100000000000,01001001000000,1000000011100,000001001000,00100100010,0000000001,000000000,00001010,1100000,000011,00000,0010,000,00,0,
00000000001000000001000000010000,0010001110000000000000100000000,010000000000001010001000000001,00100100000000000001000001010,0000000000100110000000000100,000011000000000110001000000,00000000000010000100110000,0001000000000000000001101,000001000000000101000000,01000001000000010000000,0010000000010000010000,000000000000010000001,00101000000001010000,0000100000000010001,010000001010010000,00000010010001000,1000010000100000,000000001000000,00000001100100,0000000010000,100000010110,01100000100,0000101000,000001000,00100001,0000000,000010,00000,0000001,000,00,1,
00000000000000000000001000111100,0000000000000000010100110000100,000000110000000010010000010000,00011010100000000000100001000,0000000100100001100000100000,000000000000111000000001000,10000000101000010011000000,0000000100000000000000010,001010010000000010000100,00000000100010000100010,000000000000000110001,000110000000000010001,00000001000000000001,1000000001010000000,00000000,00000000100100001,0000000000000000,0000100001010000,0000000010100000,000110010001,10000000,1000000000000,000000001,0010000001,10001,10000010000,100000001,00000000,0000001,0000000000001,0001,1100000000,00,00,1000000,
00000000000000000011000000010001,0100010100000000000000000000011,000000000110000000100000010000,00000000010001000000010000010,0000000000111000000000000100,000000100001000010100000001,10000000000001110000000100,0000001000010100000000000,000001000000000100011000,00000000000000000001001,1000000000100011000001,001100000001000100001,00000100000000001,00000000000010101000,001,001010000000100000,00001001100000000,0010000000001100,000010001,00001001000110,0000001000000,010000000010,00000000000,0001001000,000000000,10000000,1000000,000000,00010,0001,000,01,0,
00010000100011010000000000000000,1000000010000000000100001000000,000000000001001000110000010000,01001000000000001010100100000,0100110000000100000010000000,01000000000000000011101000001010000000,0010001000010001000000000,0000001000000000000010,0000000100100000,010001000000000100,000010100010001000,010001100000001000100001,00100000100000010000000,000001000001000110,0000000000,0001000100000110000000,0000000000010,000000010,00000100000000,000000010010000,00000000000,00001000,000001000,10000,000010,000000,0000010,000000,0,00000,000,000,0,1,
10001100010000000000000010000000,0000000010100000000000101000000,000010010000000000001000100000,10000100000000000000001100001,0000000010010010001001010000,101000000000000100000000001,00001000000000010000110000,0000110000000100010001000,000000100001101100000100,00000000000000110100010,0000011000000000000000,101100010000000100000,000001100010000,0010001000010000000,101000000011000000,00000000000000010,010000000000000000010000000,0100000000000000,00000000000011,0001000001000,000000100100,00001001000,0100010100,100000000,00000000,0000000,000000,00000,0100,010,00,0,
00000001100100000000000101000000,0001110101000000000000010000000,010000110000000000001000000001,00010000000001010000000010000,0000000000010000000000010000,0010000011000000100,00100000010010000000000000,0000001000000010001000100,0000000000100001000100011000,10001
00000010000000001000001000100000,1001000000000000011000000000000,100000000000000010000010101000,00000100000101000000000000000,0000000001011101000001000000,000000000000001000000010010,00001000110010100000000000,01000000000100001000001000000000010,0000001000110000000001000000,00001,00000001,00000100000000000,00000010,000110000000000000,000100000001010000001000000,00000110000000,000010,10000011,1000010000110001,01000000000000,00000101000000000000,1000000100,00000110000000,10000000001000110000,0000000001,,00000010,000010000,10000010,0001001,0000,0001,0,000100,
101000000001000000000010000,000000000000001000000100000110000001000,000100000,00000011,100000000000000000000110110000,
00000000000000000011000000010001,0100010100000000000000000000011,000000000110000000100000010000,00000000010001000000010000010,0000000000111000000000000100,000000100001000010100000001,10000000000001110000000100,0000001000010100000000000,000001000000000100011000,00000000000000000001001,1000000000100011000001,001100000001000100001,00000100100100000010,0010000001010001000,001010000000100000,00001001100000000,001000000000110100000000000,0100000,00001001000110,0000001000000,010000000010,00000000000,0001001000,000000000,0,000000,000000,000000,0001,000,01,0,
00000000001000000000101000100000000000,0000010001000000000011000,00000010000000001000000000,00010,0010000,0100000000
00010000100011010000000000000000,1000000010000000000100001000000,000000000001001000110000010000,01001000000000001010100100000,0100110000000100000010000000,010000000000000000111000000,00000000000000010000000001,0010001000010001000000000,001000100000100000100000,01000001001000000000000,0000000000001000100000,000001000001001000000,00001100100000,0010000010001000100,100000000000010000,00000000010000001,0000100100000010,000000000000010,101100000,10000001001,100000001,0000000001,00000000000,1000000001,00000010000000,00000000,1001010,000000,0000,0000,000,000,00,00,0,000,0,
00011000100000000000001000100000,0000000000000000000001110000001,001000010000101000000100000000,00000000000000111011000000100,0000001000100001000000100010,000000001011000001000000000,00000100001000100000110000,1000010000100000100010000,001001000010000000000001,10000000000010011010000,0000000001100101000000,100110000010000000000,00000000101000000000,0000000110000000000,000010100000000000,00100000010000000,0000000001001000,000000000010000,00001001000000,0000010100000,100000000000,00000000000,0000000100,000000001,00100100,0010000,001000,00000,0010,110,10,1,
00001100000001000000000001000000,1000000000000100010000010000000,000000000010010100001000100000,00000001100000000100011100000,0010010010100000000000001000,000001011000010000100000000,00010000011000000000000010,0000000101001000101000000,110000000001000000100100,01000100000001000000000,0000000010100000000000,000110000000000000000,00000100000110000011,0000000001000000000,000000000000111001,00000000000010010,1100000000001100,000000100000000,01000000010000,00000000001,0000000000100,000000000010,100000000,00100000001,000000000,00000000,0001000,000100,00000,0000,000,01,1,
00000000000001001000000000101010,0010000001001000100001011000000,000110000001000000000000000100,00000010000000111000000000010,1100010000110000000001000000,000100000001010100000000000,00000000000001000000000001,0111000000000000100010000,000110011000000010010000,01010000000000000000010,0000010000000100000000,100000001000000000000,00000000100000100000,0010000000000000011,001000001000000000,00000010000100100,0000000000001000,001000000010000,00000000110000,0010000001001,000000000000,01000100000,1000010101,000000000,10100001,0000100,000010,01000,0000,000,10,0,
00001000010010000001000100001000,0010001001000000000000010110000,000000001010100100001000000001,00001100100110010000000001000,0000100000000000001000100010,0000010000110000101000011000000010001000100010100000100010000100000,1010000000000000001000010,000000000000000000001001,00100000001000000000100,000010000000000,0001,000100000000000010000,01000000010001000000,0000110100000000000,001000000010000001,00000000000000000,0100000000000000,000000000100001,00000000100000,1000000101,000000010001,00001010100,0000000010,101000001,01000000,0000100,010000,00000,0000,000,00,0,
00000000000000000000001000111100,0000000000000000010100110000100,000000110000000010010000010000,00011010100000000000100001000,000000010000000000000010001000000000000000100100000000,100000010100000010100,00001100,0000000100,000001000001,000000100010,00010000000000101,000001001000000,001100000001000100001,00100000001000000000001,00000000000010100000100000,000010000,10011000000001,0000000000001000,00000010,00000000001,00000100100001,0000000000001000,010000000000,11001,001000000001,001,000000110,1000000,000000,10000010,00000,11001,000,,0,0,
00000110000000010000000001000001,0000010101000000000000100000100,000001100000010000000010000000,00100000000000100000000001110,000110000001000000001011000000000110001000000,0000000001000000000000,00101,000011000000100000000001000000000001000000,00010,00000100000000000000000,001000000100110000000000000000000010100100010000100000100001000000000110000011,0000000000000000100,01000000000000001,1000000,0000000000000000,00000000000000110100010000100,00001001000110,0010000000000,100000000010,010000000000,00010000000,0010001000010000,000101000000,01000,000010000100,0000,0000,000,
10010000000000001000000011100000,1000000000000000001000000000010,100000001000000010001000010000,000000001000000011000111000000,001001001010000000010,0000000010001100000000000000000001000,0000000000000000010,000001011001
10000000010010000001000100000000,0000100000100110000000000000000,001000000000100100010000000001,00100001000000011000000000101,0000100010000000100000000001,000001010001000000000100000,01100000001000000000001000,0010100000100000000001100,0000010010000100100000000000000100000000100010001000101000000,0000000000000001100001,00000000000100010001010000,00010010110000000000,00010011101000000,000100101000000001,00100001000000000,0000000000000011,000000101000000,001,00000000000001,10,0001000000000,11001,000000010001100000100,0000001000,010000,0000,01000000,0000,000,0,00,0,00,
00001000010010000001000100001000,00100010010010010110000,000000001,00000000,0100010000000001010000000000001000010001,0001000000,000010000000000000100010001100001010000010000110000,0010101000000,10101000000,001000,1010000000000000001000010,0000000010001000000001000000001,00000000101000000,0000000000000,00010010110000000000,10000000000,01000000010001000000,000000010000000000000001,0000000000000000000000000,010000100000110000000,01000000010000,001000000010000000,0100000000,1000,011000001,00000000,0000000001,00000000,100000000,00001000000000000101000000,000010110000000000,001,0000000000010,
00000100001010001001010000000000,0000000000000100001000001000001,001000000010000000100100000001,00000010000010000,10000001000,0011000000100000000100001000,1000,0010000100000010000001000000000100000,10000000100001000000000010000000,010000000010010000000000100,000100001001000000,100000000010001000000000100010110000000000000000,0100000000110,00000000100000100010000,101000000001,010001,10000000000,00000000000000000,00000001000000,01001000000100,000,0001000001000,000000001000000,00001001000,00010001100000,01,000000,00000,00000,00000,010000,0000,00,0,,
00010000100011010000000000000000,1000000010000000000100001000000,000000000001001000110000010000,01001000000000001010100100000,0100110000000100000010000000,010000000000000000111000000,00000000000000010000000001,0010001000010001000000000,001000100000100000100000,01000001001000000000000,0000000000001000100000,000001000001001000000,00001000000100001001,0010000010001000100,100000000000010000,00000000010000001,0000100100000,000000000000010,10100010000100,1100000000001,000000001000,00000000000,1000000001,000001000,00000000,1001010,000000,10110,1100,000,00,0,
00011000100000000000001000100000,0000000000000000000001110000001,001000010000101000000100000000,00000000000000111011000000100,0000001000100001000000100010,000000001011000001000000000,00000100001000100000110000,1000010000100000100010000,001001000010000000000001,10000000000010011010000,0000000001100101000000,100110000010000000000,00000000101000000000,0000000110000000000,000010100000000000,000000000100000000,0010010000000100,000000010000100000,1,0010000001001000000,100000000000,010000000010,0100000000,00000001001,,0010000,100000000,0000010,0000000,000000,000000,0000000,
10000110000000010000000100000000,0000000000000010101000000000100,001000010100001000000000100000,00001000100000011010000000000,0000001001000000010110010000,000001000000010000000000010,00010010000000100000000010,0000100000000001100001000,000000000100100001010000,00000100001100010001000,0000001000101000000000,000100100011000000010,11000001000000100000,1000000000000000100,000000000000010000,00000100000000000,1000000000010001,000010001001000,00001000100000,0000000000100,000000000010,00000010000,0000001000,000000000,10000000,1100100,000110,00001,0001,000,00,1,
00000001100110000000001010001000,0110000010100000000000000010000,000000101000000100000000010000,01000000000000100000100000100,0100100000000000000000100000,000100000011000000000000001,10000000000010001000100101,0011001000000001000000000,000100000000000000000110,00001010000000000000000,1000001000000011000000,000000000000100001000,00000000010000000000100000000010000,0000000000000001,000001110000000000,10000010000101000,0000000000000010,010100000000000,01001001000000,1000000011100,000001001000,00100100010,0000000001,0100010,10000000,1100000,000,00001,01,0,
10000110000000010000000100000000,0000000000000010101000000000100,001000010100001000000000100000,00001000100000011010000000000,0000001001000000010110010000,000001000000010000000000010,10000,0001000001000,00000000001100001000,00000000010010000000010000,00000100001000000000101000000000,0000001000101000000000,000100100011000000010,11000001000000100000,1000000000000000100,000000000000010000,00000100000000000,1000000000010001,000010001001000,00001000100000,0000000000100,000000000010,00000010000,0000001000,000000000,10000000,1100100,000110,00001,0001000,1,0,1,
00000000010000001011000000000000,0000101000010000000000000101000,000000001011000000100110000000,00000000010010101000001000000,1000000010000000000000010110,000001000000010001001010000,00001000000001000000001010,1011000010000000000000001,000100000010100000000100,10100000000000010100010,1000000100000000100000,000000000000000000000,00000010000000000010,0000100000000000000,001000000100100101,00100001001100000000,0000000101001000,000001000001100,00001000000000,0000001000000,100000000010,11000000000,0000011001,000000000,00000010,0000000,100000,00000,1000,000,00,0,
00001000010010000001000100001000,00100010010100000,0000010000101000000001010100100001000000001,00001100100101000000000,000000000010100010000001,0001001010000,001000011,000000000100001000001000001100,00001000100000011001000001000000000100000000,10000000,0000010000001,00101000010001,100000001010000100000,000001100000001,0000010000001,001000000100100101,0010001,0000000000000000000000000,00000000000000000,010011100100000,00001000100000,0000001,,0000000110000001000,0000001,0000000001,000000000,000000011,00100001,100000001,0000000,001,0000000100,000,00,0001001
00000000001000000001000000010000,0010001110000000000000100000000,010000000000001010001000000001,00100100000000000001000001010,0000000000100110000000001000000,0000110000000001100010001000001,00000000000010000100110000,0001000000000000000001101,000001000000000101000000,01000001000000010000000,0010000000010000010000,000000000000010000001,00101000000001010000,0000100000000010001,010000001010010000,00000010010001000,1000010000100000,000000001000000,00000001100100,0000000010000,100000010110,01100000100000,0000101000,000001000,00100001,0000000,000010,00000,0000,000,00,1,
00001000010010000001000100001000,0010001001000000000000010110000,000000001010100100001000000001,00001100100110010000000001000,0000100000000000001000100010,000001000011000010100000110,00010100000100010000100000,1010000000000000001000010,000000000000000000001001,00100000001000000000100,0000100001000010000000,000100000000000010000,01000000010001000000,0000110100000000000,001000000010000001,00000000000000000,0100000000000000,000000000100001,00000000100000,0000010000010,000000010001,00001010100,0000000010,101000001,01000000,0000100,010000,00000,0000,000,00,0,
00010000100011010000000000000000,1000000010000000000100001000000,000000000001001000110000010000,01001000000000001010100100000,0100110000000100000010000000,010000000000000000111000000,00000000000000010000000001,0010001000010001000000000,001000100000100000100000,01000001001000000000000,0000000000001000100000,000001000001001000000,00001000000100001001,0010000010001000100,100000000000010000,00000000010000001,0000100100000010,000000000000010,10100010000100,1100000000001,000000001000,00000000000,1000000001,000001000,00000000,1001010,000000,10110,1100,000,00,0,
00000100001010001001010000000000,0000000000000100001000001000001,001000000010000000100100000001,00000010000010101100000001000,0011000000100000000100001000,0000000100100000000000001100000,00000100001000000000001001,0000100010000001000000010,100001000001000000000000,00000000010000000100001,0000000010000100000000,001010000000100000000,00010000000001100000,0000001000010100000,010000000010010000,01000100010000100,0000000000000000,000000000000100,01001000000100,0000100110110,000001000010,10000010000,1000010000,000000101,010,0100000,000000,00000,0010,001,0,
00000000001010000000110000000000,0000100100001000000000000100000,000010010001010000100000001,010100000000,000000100000100000000010000000000000010000000,0010010011000000000000,10000,110101000000000100100000000000000010000000001,11000000000000100010000,01000000000,010100000000000010000000000001001000000000000,101000000001001,000000000001,000000000100000000,00000000,00000000100000001000000000,0000101,000000000000010000100000000001
00000010000000001000001000100000,1001000000000000011000000000000,00000,10000000011010000010000000,00000100000010,00100000010000000000010100000000001010000,000000010010,000000000110000000000010001000010000,000000000110000010,0000001000001000001,00000010,0000000100100001,0001000000000001,000000011000000001,00000000000010110000001000,100000000000010,1000000000010000,0010001010000000000100000010000000,0000000001001000,00100011010000,01001010000000010,01001000000010000,0000010100000,10000010000,100001,00000000000001000000,00000010,10000000,0100000,010000,010000,1100000000,10000,00,00,
00000001100110000000001010001000,0110000010100000000000000010000,000000101000000100000000010000,01000000000000100000100000100,0100100000000000000000100000,000100000011000000000000001,10000000000010001000100101,0011001000000001000000000,000100000000000000000110,00001010000000000000000,1000001000000011000000,000000000000100001000,00000000010000000001,0000000001000010000,000001110000000000,10000010000101000,0000000000000010,0001000001000,01001001000000,1000000011100,000001001000,00100100010,0000000001,000000000,00001010,1100000,000011,00000,0010,000,00,0,
00000000000000010100100000010000,0000000100000000000000100101000,000000101010010000000000000000,00000001001100000001000010100,0000000000110000000000100,001010000000001010000000000,10000000000000011010100000,1001000000000100000100000,0000000111000000000100000,00000000100010001000000,0000000101000000000000,000000010000000000101,00000011000001001010,000000100101000000,000000000001110000,00001001100000000,1000000000000001,100001000000001,101000000000,000100000,000000100010,00000001000,0000000001,,000000000,10000000,0000110,000000,00000,000,001,10,0,
00000000000001001000000000101010,0010000001001000100001011000000,000110000001000000000000000100,00000010000000111000000000010,1100010000110000000001000000,000100000001010100000000000,00000000000001000000000001,0111000000000000100010000,0000000000001000010100,00010000110000000010000000000,00000001000101,0000000010100000000000,00100000001000001001000001000000000,0000000001000,
010001000000000100,0000001000001100001000001000,010000000000001010000001001001000,000010001,0000110010000001001100,00000,1000000010000000000000,000000101001100000000000,0000001,00000010000000000111000000001100100000000,00000000000000000000001000100000000101,0001000010,00000001100101000000000010000010000000001,000010001100000110,0010001,10011000000000,001001001100,1000000010,00010000001,00000000010000100000000001000,0000000000001000,0100000000,0100000,001000000,0010100000000,01100000,000000,0000,000,000,00,0,1,
00000100001010001001010000000000,0000000000000100001000001000001,001000000010000000100100000001,00000010000010101100000001000,0011000000100000000100001000,000000010010000000000000100,00000100001000000000001001,0000100010000001000000010,100001000001000000000000,00000000010000000100001,0000000010000100000000,001010000000100000000,00010000000001100000,0000001000010100000,010000000010010000,01000100010000100,0000000000000000,000000000000100,01001000000100,0000100110110,000001000010,10000010000,1000010000,000000101,01000000,0100000,000000,00000,0010,001,00,0,
10000000010010000001000100000000,0000100000100110000000000000000,001000000000100100010000000001,00100001000000011000000000101,100001,000000000000001000000100000010010000010000000,00000000000001,000100000,0010100000100000000001100,000000000000010000,000010000000001100000000100010,0000000000000001100001,00011000110000000000,00000100100001000000000,00000001000001000000010001010010001,1000001000000000,00000000000,0100000000000001,1001000000000010,0000000000100,000010,00000000,1010000,11001000000,001000001000000000,0000,0000000001,0001000,0000,000,000,0000,0,
00001000010010000001000100001000,0010001001000000000000010110000,000000001010100100001000000001,00001100100110010000000001000,0000100000000000001000100010,000001000011000010100000110,00010100000100010000100000,1010000000000000001000010,000000000000000000001001,00100000001000000000100,0000100001000010000000,000100000000000010000,01000000010001000000,0000110100000000000,001000000010000001,00000000000000000,0100000000000000,000000000100001,00000000100000,000010001,000010110000000,0100000000,000000,0000000010,0001,0100000000000000,0000100,01000000,00000,0000,001,00000001001,0,
00000000000000000011000000010001,0100010100000000000000000000011,000000000110000000100000010000,000000000100010000000100000100,0000000000111000000000000100,000000100001000010100000001,1000000000000110000,001010010000010000,0000001000010100000000011010000,00000100010000000000010000010000010010100000000000,000000000110000001000,00001000000010000010010100000000000,001010000000100000,000000010000000010,,000000000110000,00000000110000,000000000001000,0001000001000,000100010010,00000000,11100000,10000000,000000000,000001,100000100000,0000,000,000,00,0,1,
10010000000000001000000011100000,1000000000000000001000000000010,100000001000000010001000010000,00000000100000100000001010000,0011001000000000000000100000,000000100010000001000100000,01000000000000000110010100,000010011000000,000000000110100000000000,01100000000100010000000,1000110001000101000000,0000001101000000000001000,000100100011000000010,0000010000,0000000110,00,100000000000,000100000000000,0000000101010000000000,00000100000000001,00001001000,00000000000010000,010000000000,00000001000001,10001,000000000,0000100,00001000,000000,000010,0001,00000000,00,00,
00000110000000010000000001000001,0000010101000000000000100000100,000001100000010000000010000000,00100000000000100000000001110,0001000000000000101001000100,001010000100100000100000000,00000000101000010001000000,0000001000001000000000100,000100000010000000000100,01000100000000010000011,1001000000000001100000,000000010000001001000,11000000010000010000,0100001000000100000,000000001000000000,00000000000000000,0100000000100000,010011100100000,01100100001000,1000000000000,100010000000,00001000000,0010010000,100000001,00000000,0000000,000000,00010,1001,000,00,1,
00000010000010010000000001001000,0000001000001001000000000011000,000000100000000010001000001000,00010010001000000000000100010,0000010000000000100011010000,110000000000000110000000000,00000000100000010100001010,0000000001000000000100000,000000100100101000000000,00100000001000000001000,1000010100000000000000,100100000000000000001,10000000100000000101,0000100000000010010,000001000001000110,00000000000000010,0010010000000100,000000110000001,00001100000000,0001010000010,010001000000,00010000100,0000010001,001100001,10000000,0000000,000000,10000,0000,000,00,0,
10100011000000000010001000010000,0000000000000000000010000100000,000000000000110010000010000100,00000000000010100000001000010,0001010001000000000000001101,000000000001001100001000001,01001000000000000000100000,00001000000000000000100010001000,00000010000000000000001,100000,01010000000000000000011,0000010000000100000000,000000000001,0000010000000010000101001000,
00001100000001000000000001000000,1000000000000100010000010000000,000000000010010100001000100000,00000001100000000100011100000,0010010010100000000000001000,000001011000010000100000000,00010000011000000000000010,0000000101001000101000000,110000000001000000100100,01000100000001000000000,0000000010100000000000,000110000000000000000,00000100000110000011,0000000001000000000,000000000000111001,00000000000010010,1100000000001100,000000100000000,00010001,00000000011000010001,100100000000,11001010000,1000001010,000000000,00000000,000000000001,000100,000000,0000,000,01,1,
101001100000000001000110,0010000000100110100000000000,00000100001010100000000000,0000101000000000010,00010100010100,10000100,01000000,0000100000,100010000000000000101000,00001000100010,0000101000000000110100100011000000010,000001000001010001000000011000000,0001000000000000001000,100000000010000010,1000001000,000010001000000,00000010000011000,100001000000000,001001000000010010,0000000000110,0000000010000001000000,01000001,000010,000000010001001000,0000000001,00000000,0000000000000011,00000000,010000,00000,00000,000,00,0,
01000100100000000010000000000000,1000000010000100000000100100000,000000100000000000001000100000,00100001000011001000100000000,001100000011010000,000000100000010011000001000,00000000000100000001010011,0000000001000000000101010,110011000100000000001000,00010000000000010000000,01011000000001000000,010000000010000000000,000,000000011000000001010000000,001000101000000001,10000010010000000,1010000010000000,000000000010,00001000100000,0000000001000,100100000100,10001010,00000000010,000000000000100001,00001000,0000101,00010000001,0001,0000,000,00,1,
0000100000000010000001001000100000010000010100001001100,01000000001000000,1000000100001000000000000001,000000000001010100000000,0010,00000010000000,100100000010010000001,000000110000000100000010000,0000001000000010010000100,0000000000010000,1101000000100000000010000011,0010001,0000001000000110000000,000000100000010001010000010000,10000000000,000000100010,01000100010000100,010000,10000000110110000000,00010000001100,00000010000000,010000000010000000000,000000000010,0001010000001010010000,0001000000,010001000,0010000001,000000,000100100010,00,0,
000010000000110000000000100001,100000001000100000000100000000,00000000001010000000000000000010000001,0000000010000010000000001010000000010000,01010000000000000,000000000001000010011000000000110001000000,00000000000001000011000000000000010,000000000101100000000100110000000100000000010001,0101000000000110000,0010100,001000000000100000010000001000000,00000000001,001010,1000000000000000000000,010000000001000000000,000000010000000010,00000000001,000000010000000,01000000010010,0000101,001,0000001100001,0010010001,00000000001,0010000,0000000001,000100,0000000,0000,00001,000,000,10000000,1,
000100000100000000010000000010000000100000000,0001010010000101,001000100000000000000100000011000000000000100101,000000100000100100000000011000000000000000000,0000001000001000000000000001110000000,000000000000000001001000000100110000010000100000000,101000000000000000010,001010000010000000001,0000000000100001000100000010000001,1100100000,1,0000000100001010100000001,0001000100000,100000110000011,000001000000100000,001000100101,000001000000100100001000000000,0000001,000000011000,00000100100001,01010000000000,100010000,10000000,0000101,0001001000,0010000,00001010,0000000,000100001,000,000,000,00,00,
000010000000,0010000110000000010000000001000010000000000000110000010100000000000000,0000000000100000001100000,100000001,0000001000000100110010000000001000,00000000000100100000010010000,10001000000000100000,1001000000000100000100,10000001101100000100,00000011000000001001,0000000100000000,000000100100,000000110011010000,000000011000000100010001000001000,01000000,110010,000000100010,0000000,00000010001,0100000000,0000001010000,0000,10000,000000111000,,001000,000000,11000,000110,000000,00,,0,00,0,
00010000100011010000000000000000,1000000010000000000100001000000,000000000001001000110000010000,01001000000000001010100100000,0100110000000100000010000000,0100000000000000001110,00000000000000010000000001,0010001000010001000000000,001000100000100000100,01000001001000000000000,0000000000001000100000,000001000001001000000,00001000000100001001,0010000010001000100,100000000000010000,00000000010000001,0000100100000010000000010,00000000001,000000010,1100000000001,000000001000,00000000000,00,
10001100010000000000000010000000,0000000010100000000000101000000,0000100100000000000010010,1000010000000000000100000000010,000010000000,0000000100000000001,0000100000000001,0000100000000001000011100000,000010001001000000001000,100000010010000,000000001000000100000000010000,0000011000000000,000010000001000000,000010100000,00000100100000110000001000,10100000001100,000010000000,010000000000011000000,0100000000,0000010100000,0000001000000,0000010000000,01000000000,0000100000001000,00001001,000000001,0000001,0100000000000000,000000001,0001,0000,000,00,1,000,00001
00000000001010000000110000000000,00001001000011010000000010000000000000000000001001100000000000000010000,01000000000000000,10000000100001010000010,00001000100000001,0000,0010100100000,000000100000000101000010001000000,000000010,00000000000010100000000010000000001,01010000000000000,00100000000100000000000,010000000000,000000010000001001000,000000011,00000100000100000,0001001010000000100000,110000000100,0010000000001100,0101000000000,0000101000100000000011100000000,00000000100000,0000100010,0000101000010000,0000101000100100,10000,11,00000000,00000,00,000,00,00,00,
10010000000000001000000011100000,1000000000000000001000000000010,100000001000000010001000010000,00000000100000100000001010000,0011001000000000000000100000,000000100010000001000100000,01000000000000000110010100,0000100000000000000000001,000000000110100000000000,011000000001000100000000000,000010100000000,
00000000000000000000001000111100,0000000000000000010100110000100,000000110000000010010000010000,0001101100000000,100000001100100011010000,00000001000101000000000010001001010010001100000001,0000001100001000000001100000,0010010010000,000000010000000,000100000000100000,1010000000000010000,0100000000,00010000100,000000011000000100010001000,01000000000000000100000,00001001100000000,0001000001000000,00000,0010000000100000000010,1000010010000,00000000,0000100,00000010000,000000100,0000,10,000001,00000001000000,00000,0001,000,00,0,
10100011000000000010001000010000,0000000000000000000010000100000,000000000000110010000010000100,00000000000010100000001000010,0001010001000000000000001101,00000000000100110000100000001001,01001000000000000000100000,0000100000000000000011000,000000000000100000000100,1010010110000110000000,0001000000001100000000,001011000000000110000,00000000100000001010,0000100010000010001,000000000000010010,00000000001010000,1000000000000100,000000000000001,00010010000000,0001010000001,011001000100,00010000010,0000000100,000000000,11100000,0100000,000000,01000,0000,001,00,0,
00000000000000010100100000010000,0000000100000000000000100101000,000000101010010000000000000000,00000001001100000001000010100,0000000000110000000000001001,0010100000000010100000000000,10000000000000011010100000,1001000000000100000100000,000000011000000101000000,00000000100010001000000,0000000101000000000000,000000010000000000101,00000011000001001010,1000000100010001000,000000000001110000,00001001100000000,0000000000010010,100001000000001,10101000000000,0000100000000,000000100010,00000001000,0010010001,000000000,10000000,0000110,000000,00000,0000,001,10,0,
01000100100000000010000000000000,1000000010000100000000100100000,000000100000000000001000100000,0100100000001000100000000,00110010000000110010000,000001000000010010,100000,00000000000100000001010011,
00000000010000001011000000000000,0000101000010000000000000101000,000000001011000000100110000000,00000000010010101000001000000,1000000010000000000000010110,000001000000010001001010000,00001000000001000000001010,1011000010000000000000001,000100000010100000000100,10100000000000010100010,1000000100000000100000,000000000000000000000,00000010000000000010,0000100000000000000,001000000100100101,00110010010000001,0000000101001000,000001000001100,00001000000000,0000001000000,100000000010,11000000000,0000011001,000000000,00000010,0000000,100000,00000,1000,000,00,0,
00000000000000000011000000010001,0100010100000000000000000000011000000000001000000000110000000100000010000,0000000001000000000000100010,01100000000010000000,000000000011000,00000101000100000001,00000000,0010000000100000000011,000010,1000000000,001000000010000000010100,000001000010000000010000100000000,00000000001,0010010100001000001000,10000000000000001001,00000000010001000000,01000000000000,00000100100000010,0000000000010010,0000100000000,00000000001,000000000001000,10000001100001001,0000100000000,0000000000110010000,001000000,101,00011010000001,01,0000000,000,000,000,00,
0100000000000000010010010000,000000000001000000000100011000000,00000000010001100000000000000000000,00100000000011000000000110000000000,
00000000001010000000110000000000,0000100100001000000000000100000,000000000010001010000100000001,010000100001000100000001010000,0010000000100001100000001000,000000000101100010000000000,00001000000100000010100100,0000001000000010001001100,000010100000000011010000,10101001000100000000000,0000000000001000010100,000010010100000000110,00000100100101000000,0001000000001000000,000000010000000010,00000100010000000,1001000000000010,000000000001000,01010000010000,0000000000000,000000010000,00000000001,0000000000,100011010,10000010,0000000,000100,01001,0001,000,00,0,
00000000010000001011000000000000,0000101000010000000000000101000,000000001011000000100110000000,00000000010010101000001000000,1000000010000000000000010110,000001000000010001001010000,00001000000001000000001010,1011000010000000000000001,000100000010100000000100,10100000000000010100010,1000000100000000100000,000000000000000000000,00000010000000000010,0000100000000000000,001000000100100101,00110010010000001,0000000101001000,000001000001100,00001000000000,0000001000000,100000000010,11000000000,0000011001,000000000,00000010,0000000,100000,00000,1000,000,00,0,
10100000000100000000000010000100000000,000010000000000000010001000001000000,000000101100001000001010101000100000000101001001011000000000000001,1000000,000000010001000000000000000001,000000000000100001001000100001,,00101000001000000000100,000000000000000001000010,000000000100000001000001001,00000000010000000000000,000000000010000100000000,0000100001000000000000,000000010000010000,0000001000001000,000001000001001100000000,1000010000100010001100000,0000001,0000010000000,100000000000,000001000010,00100010000100,010001,000000001,00000010,1010000010001,000000,10000,00,00,,0,0,
00000000000001001000000000101010,0010000001001000100001011000000,000110000001000000000000000100,00000010000000111000000000010,1100010000110000000001000000,000100000001010100000000000,00000000000001000000000001,0111000000000000100010000,000110011000000010010000,01010000000000000000010,0000010000000100000000,100000001000000000000,00000000100000100000,0010000000000000011,001000001000000000,00000010000100100,0000000000001000,001000000010000,00000000110000,0010000001001,000000000000,01000100000,1000010101,000000000,10100001,0000100,000010,01000,0000,000,10,0,
00000000000001001000000000101010,0010000001001000100001011000000,000110000001000000000000000100,00000010000000111000000000010,1100010000110000000001000000,000100000001010100000000000,00000000000001000000000001,0111000000000000100010000,000110011000000010010000,01010000000000000000010,0000010000000100000000,100000001000000000000,00000000100000100000,0010000000000000011,001000001000000000,00000010000100100,0000000000001000,001000000010000,00000000110000,0000100,0000001,00000000000,000,1000010101,0000000,10100001,0000100,000000000000,01000,0000,000,10,00000000001,
00000000010000001011000000000000,0000101000010000000000000101000,000000001011000000100110000000,00000000010010101000001000000,1000000010000000000000010110,000001000000010001001010000,00001000000001000000001010,1011000010000000000000001,000100000010100000000100,10100000000000010100010,1000000100000000100000,000000000000000000000,00000010000000000010,0000100000000000000,001000000100100101,00110010010000001,0000000101001000,000001000001100,00001000000000,0000001000000,100000000010,11000000000,0000011001,0001000,00000010,0000000,100000,00000,1000,000,00,0,0,
00001000010010000001000100001000,0010001001000000000000010110000,000000001010100100001000000001,00001100100110010000000001000,0000100000000000001000100010,000001000011000010100000110,00010100000100010000100000,1010000000000000001000010,000000000000000000001001,00100000001000000000100,0000100001000010000000,000100000000000010000,01000000010001000000,0000110100000000000,001000000010000001,00000000000000000,0100000000000000,000000000100001,00000000100000,0000010000010,000000010001,00001010100,0000000010,101000001,00000,0000100,010000,00000,0000,000,00,0,
00000100001010001001010000000000,0000000000000100001000001000001,001000000010000000100100000001,00000010000010101100000001000,001000000000000100000000100001000,000000010010000000000000100,00000100001000000000001001,000000000100001,001000001,0000010000,00000000010000000100001,0000000011000000000000000010000,000001000,0000100010000010,0000010000,000001000100000000000101001000,000000010000000010,000100000,00000001000001,000001100,0000001000000,000001,0000101010000,00000001001000000010000,000000000100000000,00000010,100000001,0100000,010000,0100,0001,10,00,
00000000000000000011000000010001,0100010100000000000000000000011,000000000110000000100000010000,00000000010001000000010000010,0000000000111000000000000100,000000100001000010100000001,10000000000001110000000100,0000001000010100000000000,000001000000000100011000,00000000000000000001001,1000000000100011000001,001100000001000100001,00000100100100000010,0010000001010001000,001010000000100000,00001001100000000,00101,010000,1,00001001000110,0000001000000,010000000010,00000000000,0001001000,000000000,0010010000,10000000,00000000,000000,0000000,00000,000000000,
00000000000001001000000000101010,0010000001001000100001011000000,000110000001000000000000000100,00000010000000111000000000010,1100010000110000000001000000,000100000001010100000000000,00000000000001000000000001,0111000000000000100010000,000110011000000010010000,01010000000000000000010,0000010000000100000000,1000000010000001,00000000100000100000,000000100,0000010010001000001000000000,00000010000100100,0000000000001000,001000000010000,00000000110000,0010000001001,000000000000,01000100000,1000010101,000000000,10100001,0000100,0000,01000,0000,000,10,0,
0000001000001001000000000101000,00000000000010000010000000,00000000000001001,00000000000010000000000000001,
10010000000000001000000011100000,1000000000000000001000000000010,100000001000000010001000010000,00000000100000100000001000001000100,
00000100001010001001010000000000,0000000000000100001000001000001,001000000010000000100100000001,00000010000010101100000001000,0011000000100000000100001000,000000010010000000000000100,00000100001000000000001001,0000100010000001000000010,100001000001000000000000,00000000010000000100001,00000000101100000000,001010000000100000000,00010000000001100000,0000001000010100000,010000000010010000,01000100010000100,0000000000000000,000000000000100,01001000000100,0000100110110,000001000010,10000010000,1000010000,000000101,01000000,0100000,000000,00000,0010,001,00,0,
100,00000000001100,000001000100010000010,10000000010000000100000101000000,1000,00000,0100100000000000100101000000000,10000000000000010000000000,1000000000000100010100,00101000,00000000,01000001001000010000000000001000010001,10000000,000100000000100000,001000000010000000000100000000,0000000010000000100001000000000100,00000000100110,000010000010001,100000000
00001000010010000001000100001000,0010001001000000000000010110000,000000001010100100001000000001,00001100100110010000000001000,0000100000000000001000100010,000001000011000010100000110,00010100000100010000100000,1010000000000000001000010,000000000000000000001001,00100000001000000000100,0000100001000010000000,000100000000000010000,01000000010001000000,0000110100000000000,001000000010000001,00000000000000000,00000010,001,10000001,00000000100000,0000010000010,000000010001,00001010100,0000000010,101000001,01000000,0000100,1100000000,00000,0000,0,00000,0,
00001000000011000000100000010010,1000010000000000000000000010100,010000000000000000010000001000,00001000000110000000100000000,0100100001000000000010000000,001000000000100000010010000,00100000000000000100010000,0000100010000000011000010,000000000000000010000001,00010100100000001000000,0000001101000000000001,000100010000010001000,0000001,0000100100101000000,0010001,0000000000001010000,0000000000100000,010000100000111,00000001000,01000000000000,010000010000,10000100000,00000011,001000000,00000010,000000,0100000,000000,1000,001,00,0,
00001000010010000001000100001000,0010001001000000000000010110000,000000001010100100001000000001,00001100100110010000000001000,0000100000000000001000100010,000001000011000010100000110,00010100000100010000100000,1010000000000000001000010,000000000000000000001001,00100000001000000000100,0000100001000010000000,000100000000000010000,01000000010001000000,0000110100000000000,001000000010000001,00000000000000000,0100000000000000,000000000100001,00000000100000,0000010000010,000000010001,00001010100,0000000010,101000001,01000000,0000100,010000,00000,0000,000,00,0,
00001100000001000000000001000000,1000000000000100010000010000000,000000000010010100001000100000,00000001100000000100011100000,0010010010100000000000001000,00000101100001000010000000000000010,0100000001,0000001000000010,000000000010000000000001,0100010000100,01000100000001,10000001101,000000,00100010000000000,00110000000000000001001,0,
00000000000001001000000000101010,0010000001001000100101100000,0010,000,0100000010000000111000000000010,00000100100100100010,0000010000010000000100001001000001100000001100001000010011000000001100101000,001001001,001000000011010100000001,0101000000000000000001,00010000000,000000001,000100,0100000000,0000001000000100000101,01001100001,10100000000,10100000001010000001,00000000000000010,0100000000000010,1001000000101,0000000000011,010000000001,000000000010,00000010000,01,1001000000000001,10010000,0100000,10000,00000,0000,01,000,
1000110001000000000000001001001,0000000010100000000001000,101,0000001010000001000100000,11000000000000100,010000000000001000000100000000,0000100000010,10000100000100001000000100000011010001000001000,000000011,11001000000,01000000000000,0000000100010000000010000001101000000001100001000,000000111,11000000010000001,1000000000,00000000010000000,000000100000100,0000001,0010001,01000000000000,001,000010101,00000000001,00000001000,0000001,0001001000,00000000100,1010000,00001000000,01,01,11,001,001000,000,
00000000000000000000001000111100,0000000000000000010100110000100,0100000001,0000010000,00011010100000000000100001000,0000000100100001100000100000,000000000000111000000000001000110010100000000000,000000100000001000000100100100000000001010,001000000000,00000000010,100000000011000000000000,100000001,00000000000000010100101000000000010000010001000100,000000100000,0010001,0000001010000000,0110000000001000,01000101000000101000000,00000100100001,100001000100,00000000001,1100101000000,0001001000,00001001,00100000010,0001101,01000,001000100,000100,01,0,
0100001100000000100100000000,000000000,0000000000000011,0001010000010101000000000000,0001000,010000,010000,0000000001011000000000010100000000000011100000000,0000110000000000001
00000000001010000000110000000000,0000100100001000000000000100000,000000000010001010000100000001,01000010000100010000000100000,0010000000100001100000001000,000000000101100010000000000,00001000000100000010100100,0000001000000010001001100,0000101000000000000000,000000010000000,0001000000001100001000,0000000100,000100000000010000000000,000010000000001001,0001000000,10011000000000000,00000000000000000,0100000000,1001000000000010,000000000001000,000000000000,100000000010,0100000000,000000010000,00000000001000000,,100011010,0100000000010010000,0100000000,000,001,000,000,00,
10100011000000000010001000010000,0000000000000000000010000100000,000000000000110010000010000100,00000000000010100000001000010,0001010001000000000000001101,000000000001001100001000001,01001000000000000000100000,0000100000000000000011000,000000000000100000000100,10100101100001000000000,0001000000001100000000,001011000000000110000,00000000100000001110000000,0000100000000,0000000000000100100001,00000000001010000,1000000000000100,000000000000001,00010010000000,0001010000001,011001000100,00010000010,0000000100,000000000,11000000000000,0000000,000000,000010,0000,001,00,0,
10000000001000110000010000011000000000,100001001000,001001001000000100000000000001001000010010,1000011010000000001011000000010000100,10000100,100001001000100001000000100000010000000000010010000,00000001010010101010,1100100000000000000000110,0000100100,000000100000000100000,00000000001000100000100,0001001010,000010010100000001,000110000001,00000011001010100000000000,100001000010000000000000010000000,010011100100000,01010000000001,100001000000000,11000000000100001,10001100100000,000000100001,0000100,0000001,01000000,0000,100000001,00,000,0,
00001000010010000001000100001000,0010001001000000000000010110000,000000001010100100001000000001,00001100100110010000000001000,0000100000000000001000100010,000001000011000010100000110,00010100000100010000100000,1010000000000000001000010,000000000000000000001001,00100000001000000000100,0000100001000010000000,000100000000000010000,01000000010001000000,0000110100000000000,001000000010000001,00000000000000000,0100000000000000,000000000100001,00000000100000,0000010000010,000000010001,00001010100,0000000010,101000001,01000000,0000100,010000,00000,0000,000,00,0,
00000001100110000000001010001000,0110000010100000000000000010000,000000101000000100000000010000,01000000000000100000100000100,0100100000000000000000100000,000100000011000000000000001,10000000000010001000100101,0011001000000001000000000,000100000000000000000110,00001010000000000000000,1000001000000011000000,000000000000100001000,00000000010000000001,0000000001000010000,000001110000000000,10000010000101000,0000000000000010,010100000000000,01001001000000,1000000011100,000001001000,00100100010,0000000001,000000000,00001010,1100000,000011,00000,0010,000,00,0,
00000000100000010010001001000,10000000001000101000,010000000010000000010010000010100000010001000000010001010000000,0000000100000000001,00000100000100000,0000110000000000010000000001,000011000000010000,00000000000000010,010001100010000000,00100001000101000000000010001,10001000000,00011000110000000000,0001001011010000000000000001100000010001,01000000101001001,01,0000000000000000,1001000100100001,00010100000,0001001000,00000000000010110100000000000,11001000000,000001101000000000000,000100011,000000,001000,001000,101,00001,0000,,00,
00001000010010000001000100001000,0010001001000000000000010110000,000000001010100100001000000001,0000100000010,000000000000010,0010000,00000001001100000100000001,000010,00000000000010,00010100000100010000100000,01000001,010001,00111010000001,00000000001000000,00110000000110000,0000001000000000001,0000100000000010000,
00010000100011010000000000000000,10000000100000000001000011,000000000001000000000000,1010000000,0000000,0100000000,0000000001,0001000010001000001000,100000,0000100000010010000100110000,00000001001100000,001000100001000000000000,000100100010000100010000000000000000010,0000001000110100000000000,00001000011000000000000000,000010000000001000100,0000010000001,010000,0010000101,001000100000000,00001000100010000100,00001,01000000000000,00,001,000,00,000000100001,00001,100000000,00000,000011,0000,000,00,0,1,
00000010000010010000000001001000,0000001000001001000000000011000,000000100000000010001000001000,000110010000010000000100000101010000000001,00000010000,00010000100000110000000000,01000000000000010000011000000001000000,00001011000000,000000010,00010,00011000,00000000000000000001000,0000000001100100000000000000,000000010000001001000,00000100010001,1000000000000,0010000001001,01000001,1000000000000100,000010011100100,010000000011000001000001,100001000001000,01,1000000001,0000010001,,000001,01000000,,000000,0,000000,00000,0100,0,,00,0,0,
00000000000000010100100000010000,0000000100000000000000100101000,000000101010010000000000000000,00000001001100000001000010100,0000000000110000000000001001,001010000000001010000000000,10000000000000011010100000,1001000000000100000100000,0000000100000100010000000,00000000100010001000000,0000000101000000000000,000000010000000000101,00000011000001001010,1000000100010001000,000000000001110000,00001001100000000,0000000000010010,100001000000001,10101000000000,0000100000000,000000100010,00000001000,0010010001,000000000,10000000,0000110,000000,00000,0000,001,10,0,
10000000010010000001000100000000,0000100000100110000000000000000,001000000000100100010000000001,00100001000000011000000000101,010010000000100000000001,000001010001000000000100000,01100000001000000000001000,0010100000100000000001100,000001001000010000000000,00000000100000000100010,0000000000000001100001,000000000001000100100,00010010110000000000,1000010000000010000,010000000000000110,00100001000000000,0000000000000011,000000101000000,01000000010010,0000000010000,01000000000000,11001000000,0010000000,001000000,10000000,0111000,010000,00000,0000,000,00,0,
00000000010000001011000000000000,0000101000010000000000000101000,000000001011000000100110000000,00000000010010101000001000000,1000000010000000000000010110,000001000000010001001010000,00001000000001000000001010,1011000010000000000000001,000100000010100000000100,10100000000000010100010,1000000100000000100000,000000000000000000000,00000010000000000010,0000100000000000000,001000000100100101,00110010010000001,0000000101001000,000001000001100,00001000000000,0000001000000,100000000010,11000000000,0000011001,000000000,00000010,0000000,100000,00000,1000,000,00,0,
00000000000000000011000000010001,01000101000000000000000000000110000000,000000000110000001001,0000010000,0001000000,000000001001010000000000,00000000000100111010001000001000000,00000000000010000100100010000100,0010100000000110000000001010,0010,00000001000000000000010,1000000000100000010100100000000,0000000001100000001000100001,00000101000100000000010,10010110,000000000000010000000100,1000000000000010000010,10000001000,000000001000000,0000010100000,0000001000000,0000010010000001100001,0000010001001000,0,0000000,000,000001,000001,0000001,00001,00,0,
00000001100100000000000101000000,0001110101000000000000010000000,010000110000000000001000000001,00010000000001010000000010000,0000000000010000001110000000,000000000000000100100000000,00100000010010000000000000,0000001000000010001000100,001000000011010100000001,00000001000000000000010,1000000000100000010100,000000100000010000000,00000000001000100000,0000010100011100000,000100001001000000,00010001000001100,0000110000001000,101000000011010,00001000000000,0001000000000,010000000000,00001001000,0000000100,000000000,00010000,0100000,000000,00111,0000,001,10,0,
00001000010010000001000100001000,0010001001000000000000010110000,000000001010100100001000000001,00001100100110010000000001000,0000100000000000001000100010,000001000011000010100000110,00010100000100010000100000,1010000000000000001000010,000000000000000000001001,00100000001000000000100,0000100001000010000000,000100000000000010000,01000000010001000000,0000110100000000000,001000000010000001,00000000000000000,0100000000000000,000000000100001,00000000100000,0000010000010,000000010001,00001010100,0000000010,101000001,01000000,0000100,010000,00000,0000,000,00,0,
00000000001000000001000000010000,0010001110000000000000100000000,010000000000001010001000000001,00100100000000000001000001010,0000000000100110000000000100,000011000000000110001000000,00000000000010000100110000,0001000000000000000001101,00000100000000010001000000100000000001,000000001000100010000000010000,100000010000000010100000000000,01,000000010010000,00010000000110000000001,00100001,00000000001010000,1000000100,1000010000100000,000000001000000,00000001100100,001010000,100000010110,01100000100,0000101000,000001000,0100000,0000000,0000000,00000,0000,000,00,1,
00000000000000000011000000010001,0100010100000000000000000000011,000000000110000000100000010000,00000000010001000000010000010,000000000010000100,00000001000100000100010000,0000000010100,01000000000000,000010100000000000,00000001100000010000000010000001,0000000100001,000000011001000010,0000000100000000000000000,0000000,10000000110,0001000000001,00100001,0000001,00000100100000010000000000100000,11001,0000000000000001000,001,1001000100,000001000010,0000000000,0000000001000,000000,000000000,001,000000,0,000,000,0000,000,0,000,0,00,0001
10010000000000001000000011100000,1000000000000000001000000000010,100000001000000010001000010000,00000000100000100000001010000,0011001000000000000000100000,000000100010000001000100000,01000000000000000110010100,0000100000000000000000001,000000000110100000000000,01100000000100010000000,1000110001000101000000,000000000000100000000,00011000110000000000,1101000001000000000,000100000000100110,00001100000010000,0000000000000000,000010100000000,00000001000001,0011000001000,010000000000,00000000010,0000001100,010000001,000000110,1000000,001000,00100,0100,010,00,0,
00001000000011000000100000010010,1000010000000000000000000010100,010000000000000000010000001000,00001000000110000000100000000100000110,000000000010000000,10100000000000000,00001100000000000011000000000000001,000100011,0000001000000101000000000,000100100001,0100010000000001101001000,0000001101000000000001,000000100000,0010000000000000000,01000000,000010000000,00001100000010000000,000,01000000000000010000000,1001000000000000000,0010000000010000,100100000000,00001000001001,00000000001,100010000,0000001,001,01,000000,00000,0000,000,0,0,
00000001100110000000001010001000,0110000010100000000000000010000,000000101000000100000000010000,01000000000000100000100000100,0100100000000000000000100000,000100000011000000000000001,10000000000010001000100101,0011001000000001000000000,000100000000000000000110,00001010000000000000000,1000001000000011000000,000000000000100001000,00000000010000000001,0000000001000010000,000001110000000000,10000010000101000,0000000000000010,01010000000000000101,001000000,1000000011100,000001001000,00100100010,0000000001,000000000,00001010,1100000,000011,00000,0010,0000,00,0,
00010000100010010000001010001,000000000,00000000,00,0000000100,10000,00000000000000100000000000001000101000,000000100100,0110,00000000100000000001100000100000100001000100000101000,10000000000010100000100000000,000000001000100101010,0000010001000000000001100,1100110,100000001010,0001000010001001000,00001000110000000010,00001000110000000000010001,000000000100000000000,000010010010,00000100,010000010010000010000,0000000001000,1000000000000,0000010000,010100000000,100100000000,001000,00,000,001,000,00010001,00,
10010000000000001000000011100000,1000000000000000001000000000010,100000001000000010001000010000,00000000100000100000001010000,0011001000000000000000100000,000000100010000001000100000,01000000000000000110010100,0000100000000000000000001,000000000110100000000000,011000000001000100000000,1000110001000101000000,000000000000100000000,00011000110000000000,1101000001000000000,000100000000100110,00001100000010000,0000000000000000,000010100000000,00000001000001,0011000001000,010000000000,00000000010,0000001100,010000001,00000011,1000000,001000,00100,0100,010,00,0,
00000000000000000011000000010001,0100010100000000000000000000011,000000000110000000100000010000,00000000010001000000010000010,0000000000111000000000000100,000000100001000010100000001,10000000000001110000000100,0000001000010100000000000,000001000000000100011000,00000000000000000001001,1000000000100011000001,001100000001000100001,00000100100100000010,0010000001010001000,001010000000100000,00001001100000000,0010000000001100,000010000000000,00001001000110,0000001000000,010000000010,00000000000,0001001000,000000000,10000000,1000000,000000,00010,0001,000,01,0,
10000000010010000001000100000000,0000100000100110000000000000000,001000000000100100010001001000000010001000000011000000000101,000010001000000010000,000001010001000000000100000,01100000001000000000001000,0010100000100000000001100,011000000000000,0100100000000100000000100010,0000000000000001100001,000000000001000100100,000100101,000010100000,000010100000000000,01000100010000100,00000000000001000,10100010000100,11000000000,0000000010000,100100000000,11001000000,0010000000,00110000000,10000000,1010000010,0000101,010000,000,000,00,0,
10100011000000000010001000010000,0000000000000000000010000100000,000000000000110010000010000100,00000000000010100000001000010,0001010001000000000000001101,000000000001001100001000001,01001000000000000000100000,0000100000000000000011000,000000000000100000000100,10100101100001000000000,0001000000001100000000,001011000000000110000,00000000100000001010,0000100010000010001,000000000000010010,00000000001010000,1000000000000100,000000000000001,0001001100,0001010000001,011001000100,10000001,000000000000,00001001000,11100000,01,000000,01000,0000,001,00,0,
00000110000000010000000001000001,0000010101000000000000100000100,000001100000010000000010000000,00100000000000100000000001110,0001000000000000101001000100,001010000100100000100000000,000000001010000100000000000000,0000001000001000000000100,000100000010000000000100,01000100000000010000011,1001000000000001100000,000000010000001001000,11000000010000010000,001,010000000000000110,000000010000000010,01000000000000000100010000100,1010,01100100001000,1000000000000,100010000000,000000001,0001000000,000000,0000000010,0000,000000,00010,000,000,,00,0,0000,000100000100010000,101,001,0,
00000000001000000001000000010000,0010001110000000000000100000000,010000000000001010001000000001,00100100000000000001000001010,0000000000100110000000000100,000011000000000110001000000,00000000000010000100110000,0001000000000000000001101,000001000000000101000000,01000001000000010000000,0010000000010000010000,000000000000010000001,00101000000001010000,0000100000000010001,010000001010010000,00000010010001000,1000010000100000,000000001000000,00000001100100,0000000010000,100000010110,01100000100,0000101000,000001000,00100001,0000000,000010,00000,0000,000,00,1,
00000100001010001001010000000000,0000000000000100001000001000001,001000000010000000100100000001,00000010000010101100000001000,0011000000100000000100001000,000000010010000000000000100,00000100001000000000001001,0000100010000001000000010,100001000001000000000000,00000000010000000100001,0000000010000100000000,001010000000100000000,00010000000001100000,0000001000010100000,010000000010010000,01000100010000100,0000000000000000,000000000000100,01001000000100,0000100110110,000001000000000,10000010000,1000010000,000000101,01000000,0100000,000000,00000,0010,001,00,0,
00000000000000000000001000111100,0000000000000000010100110000100,000000110000000010010000010000,00011010100000000000100001000,0000000100100001100000100000,000000000000111000000001000,10000000101000010011000000,0000000110000001000000000,001010010000000011101000000110100010,00000100000000010000000000000,001000101,000000010001001010,1000000001010000000,000100101000000001,00000000000000100,01000100000,0000000100000100000110,000001,00001000000000,00000000000,,001000,0000001,00100100,00000010,01000100,0,0010,00000,0001,1001,00,00,
00000001100110000000001010001000,0110000010100000000000000010000,000000101000000100000000010000,01000000000000100000100000100,0100100000000000000000100000,000100000011000000000000001,10000000000010001000100101,0011001000000001000000000,000100000000000000000110,00001010000000000000000,1000001000000011000000,000000000000100001000,00000000010000000001,0000000001000010000,000001110000000000,10000010000101000,0001000001000000,010100000000000,01001001000000,1000000011100,000001001000,00100100010,0000000001,000000000,00001010,1100000,000011,00000,0010,000,00,0,
10100000000100000000001000000000,000010000000000000010001000000000000000001,000110001000000000000000001010,01010000000000000001000110100000,0000000000000001000,001010000100100000000000000010010000000011000001000,10000000,001010001001000000011001000010100000000,00010000001000000000010000100000000010000000100001000000,0000000100000000,0000000100000000,0000000100000,0000010001000100,10000001000,0000000000010,000000100000010000000001001000,01000000000100000000000000,100001000000000000,0000001100001000100,0000000000001011000000000000,00000010000,00001000000,10000000,1000001,10110,000001000,0100,0000010000,0000,
00000100001010001001010000000000,0000100,00000000000001001100100000010000000001000000100,00001100100010000000010010010000000001000000100100,000010010100011000000000000101001000000000000000010111011000000,00,00000010000110001100010000000100000100010000000,0001000000001000010000000010010100000001000000000010000000,000010010,0000010000000,000000000000,00010000001,00001100000010000,0000000000000000000000000,00000000010,00110000,000000000100001,0000000010000,0000100000000001,0000000100010000001,0000000001,00001,01,0000,0001000001,0000,010000,00000,00,0,1,0,
00001000000011000000100000010010,1000010000000000000000000010100,100100000000000001000000000001000000,0000010000000100000000110010010000000,00000001000001100000001,000001010000000,0001101010100000000,00000000001,000000000110100000000000,000000000100010010110000100000,0001000000001,1000100000,0010000000001,00000000,000010000000001,0000010000001,000100101000000,001,0000000000000000000000000,0000000001,100000000,010010,100001001000000,00000000,100001,00000000000000110,00001,00100000,0000100,10000000,01000,01,00001,11,0,
00001000000000011000000010000001000,0000000000000000000010000110000,0010010001000100000,00000010000000100010000,0001,001001000,000000000,000001,0000100000010001000100000100,001000010000,0000001000000000000000001,1000000,0001000010,000100000000100000,000100000000000,100000001000100001,0001,00010000000100100000,000000000000010010,00000000,001100101010000000000,00001100000001001000,000000000000000,1100000000,0001000100000,00010,00000000,00000000010,0001,0010000,0000100,000001,01000,101,000,00010,000,
10000110000000010000000100000000,0000000000000010101000000000100,001000010100001000000000100000,000010001000000110100000000000,0000001001000000010110010000,000001000000011000000,00000000000010000001000100001000,0001110100001000001000,000000000100100001010000,0001000001000001,0000000100000000,000100,000100100011000000010,11000001000000100000,1000000000000000100,
00000001100110000000001010001000,0110000010100000000000000010000,000000101000000100000000010000,01000000000000100000100000100,0100100000000000000000100000,000100000011000000000000001,10000000000010001000100101,0011001000000001000000000,000100000000000110,00001000000000,0000000100000000,1100000000,000000000000100001000,00000000010000000001,0000000001000010000,000001110000000000,10000010000101000,0000000000000010,010100000000000,01001001000000,1000000011100,0000010000000001000100000,00001,0010,0100000000000,000000000000101,00000,0010,000011,00000,0010,000,00,0,
00000001100100000000000101000000,0001110101000000000000010000000,010000110000000000001000000001,00010000000001010000000010000,0000000000010000001110000000,000000000000000100100000000,00100000010010000000000000,0000001000000010001000100,001000000011010100000001,00000001000000000000010,1000000000100000010100,000000100000010000000,00000000001000100000,0000010100011100000,000100001001000000,00010001000001100,0000110000001000,101000000011010,00001000000000,0001000000000,010000000000,00001001000,0000000100,000000000,00010000,0100000,000000,00111,0000,00100010001,0,1,
10010000000000001000000011100000,1000000000000000001000000000010,100000001000000010001000010000,00000000100000100000001010000,0011001000000000000000100000,000000100010000001000100000,01000000000000000110010100,0000100000000000000000001,000000000110100000000000,01100000000100010000000,1000110001000101000000,000000000000100000000,00011000110000000000,1101000001000000000,000100000000100110,00001100000010000,0000000000000000,000010100000000,00000001000001,0011000001000,010000000000,00000000010,0000001100,010000001,00000011,1000000,001000,00100,00100,010,00,0,
00000000000000000000001000111100,0000000000000000010100110000100,0000001000000000000000001,10000000000100010000000000001001000000001000010000,001010000100010000001,000100000000000000000110,00001000000101100000001000000100000,000010100000000000,000001,000100000000000000000110,00000010001000000001000000000001,001011000000000110000,000000010001001010,0000000001000010000,0001010000010001000,0000010010000001,0000000000000000001000000010000000,00001000000,001000000000,0001,0001,1000000000000,10000000001,0000001,00000000001,10100000000,0000000001,100000,0100,1000,010000000000,001,
00001000010010000001000100001000,0010001001000000000000010110000,000000001010100100001000000001,00001100100110010000000001000,0000100000000000001000100010,000001000010000100,0001000000000001,00010100000100010000100000,1010000000000000001000010,000000000000000000001001,00100000001000000000100,00001000010000110000,000100000000000010000,01000000010001000,0000110100000000000,10000,000010000000,0010100000010000000,0000000001000010,010000000000,0100,000001000,000001,000000111001,000000,00001000,000000,010000,00000,01,000,
00000000000000000000001000111100,0000000000000000010100110000100,000000110000000010010000010000,00011010100000000000100001000,0000000100100001100000100000,000000000000111000000001000,10000000101000010011000000,0000000100000000000000010,001010010000000010001000,00000000100010000100010,0000001000001000000000,000110000000000010001,00000001000000000001,1000000001010000000,000100101000000001,00000000000000100,0001000001000000,000000010000001,00000100100001,1000010010000,001001000010,10000001000,0001001000,000000110,01000100,0100000,000000,00000,0001,00000,0,0,
0000000000000010000011000000011001000000000100000000000001001000010000,00000001,01,0001100000,00000000001100001000,100000001001010000000000010,000000000,000000010010000,0010000,001010,
00000000000001001000000000101010,0010000001001000100001011000000,000110000001000000000000000100,00000010000000111000000000010,00000,000000100010,00010000000001,00000001,00000100000100011100001010000000010,0000001100,0000101001000,0001100100000000010,00000000,000100000,100000001000000000000,010000000000,00000100000100000001001,10010000000010,0010001,10000000010100000000000,0000000010000100,00000000001,100100000010000000,00000000001100,0000000000100,0000010000000,01000000001,000010001,001,
10100011000000000010001000010000,0000000000000000000010000100000,000000000000110010000010000100,00000000000010100000001000010,0001001000000111000000000000100,000000000001001100001000001,01001000000000000000100000,000010001000000,00000001,0000000000010,00000000100000001000010,00000000001
00,0100000000100,0000000000010000000001000010100000010,0100,000000000010000001000,100000010101010000000010000,1000000000000001110000000,0000001000000100100010,000000000001,0000001,00000001000000101100001000,0000001000100000000000000000110,00001,0000000101000000000000,000010000001000000,0000001,0000010110000000000000010,10010000001000001000000000,0000000100010000100,0000000000000000,000000000000100,00000010000000,000000000001000,0010100000,00000001000,0000100010000,00000000001,00000011,0000000001,0000000,000000,000,010,0000000001,0,
00000000000000000000001000111100,0000000000000000010100110000100,000000110000000010010000010000,00011010100000000000100001000,0000000100100001100000100000,000000000000111000000001000,10000000101000010011000000,0000000100000000000000010,001010010000000010001000,00000000100010000100010,0000001000001000000000,000110000000000010001,00000001000000000001,1000000001010000000,000100101000000001,00000000000000100,0001000001000000,000000010000001,00000100100001,1000010010000,001001000010,10000001000,0001001000,000000110,01000100,0100000,000000,00000,001,000,00,0,
00000100001010001001010000000000,0000000000000100001000001000001,001000000010000000100100000001,00000010000010101100000001000,0011000000100000000100001000,000000010010000000000000100,00000100001000000000001001,0000100010000001000000010,100001000001000000000000,00000000010000000100001,0000000010000100000000,001010000000100000000,00010000000001100000,0000001000010100000,010000000010010000,01000100010000100,0000000000000000,000000000000100,01001000000100,0000100110110,000001000010,10000010000,1000010000,000000101,01000000,0100000,000000,00000,0010,001,00,0,
00000001100110000000001010001000,0110000010100000000000000010000,000000101000000100000000010000,01000000000000100000100000100,0100100000000000000000100000,000100000011000000000000001,10000000000010001000100101,0011001000000001000000000,00010000000000,10110000010001000000,1000001000000011000000,000000000000100001000,00000000010000000001,0000000001000010000,000001110000000000,10000010000101000,0010000000001100,010100000000000,01001001000000,1000000011100,00000110000000,0010010001,010100000000000,000000000,00001010,1100000,000011,00000,0010,000,00,0,
1000000001001000000100010000000001,0010001000010100000010000000000010000100010000011000,0000000001,1100000000,00000,001,000000000000000001,00000000010001000000000000000001010100000000000,0110000000010100000000101000000000100001000000000001,00001000111000000000,0000000000000000110000000101010000000000000000100000000001,000000000000010000000100100000,00000000,00010000000001100000,00001100,0,10,00001000000000,000000010000000010,01001000,00000001000000000000000,0000000001000000,00000001000000001,00000000010,0000000001,000000000001,0000000001,0000000000,00001010,0100000000,000000,00000,000,000,,0,
10000000010010000001000100000000,0000100000100110000000000000000,001000000000100100010000000001,00100001000000011000000000101,0000100010000000100000000001,000001010001000000000100000,01100000001000000000001000,00101000001000000000010100000010100,011010000,10010011000000000100000010100,00000000,0000100000,000100101,00000000010000000010000001101000001001000000100100101,000000011000000000000100,0000000000000011,000000101000000,01000000010010,000000,100000010000,1000000000000,0000000001,010010001,0000100000000,000010001,0111000,000000,,00000,000,,00,0,
01000100100000000010000000000000,1000000010000100000000100100000,000000100000000000001000100000,00100001000011001000100000000,0010100000000000000010010000,000000100000010011000001000,00000000000100000001010011,00000001001001000100100100000,00000010000001,10000000,00010000000000010000000,00010000100,000000000100,001100100000000010000,000001000001000110,101000000011000000,0000000000000000,0,1000011001000000000,
00000100001010001001010000000000,0000000000000100001000001000001,00000000000011010000000001000000100,00001,000000100000000100100101010001000000000100,00000100001000000000100,
00001001000110000100000000000001001000,1100000000000000000000100,000110000001001000001
10100000000100000000001000000000,0000100000000000000100011000000,000110001000000000000000001010,10001000000010001000000000000,0101000000000000000100100000,000010010100000100000001000,00000000001000000000010100,0010100010000000101000000,111000000000000000000001,00000000100010001001100,0000000000000000010000,010000010000000000010,00001000010000000001,1001010000001000000,001100000101000010100000000
10010000000000001000000011100000,1000000000000000001000000000010,100000001000000010001000010000,00000000100000100000001010000,0011001000000000000000100000,000000100010000001000100000,01000000000000000110010100,0000100000000000000000001,000000000110100000000000,01100000000100010000000,1000110001000101000000,000000000000100000000,00011000110000000000,1101000001000000000,000100000000100110,00001100000010000,0000000000000000,000010100000000,00000001000001,0011000001000,010000000000,00000000010,0000001100,010000001,00000011,1000000,001000,00100,0100,010,00,0,
00100101001000000110,0000000010000,0001,00000100000100000100010000000,00000000010000,0100000000000000000000,0000010000001110000000,0100000000000000000000001000100000000100000001000000000000000100000,00000110,0000000100100100000000100,001000000010000000010000100000010000000001,0000000100000000001101000000001000000010000000000101,0000000001100000,00010000010000000001000010000,0001,010001001000,0000000000000000,1001000001,000000001000000,00000001100100,0000000010000,00000001000,0000000100000100000000001,000000,000000000,10001101000001,00000001000000,00000,0001,000,000,,000,00,0,
00000000010000001011000000000000,0000101000010000000000000101000,000000001010000000100,1000000000,00101000000000000100,0000000000000100000000000100000,000000100000000010110001000000,000001000000000101000010001000000,000001000000000100,0000001000000000000101000,000000000000000010000,1000000110101000100000000010000001,0000100,0010110000000000,00001000000001,00001000110000000001000000001,00000001001001000000010000,000000,00000000000010010,00001010001000000000,0000000001,100100000000,00010000001,0100000000000,00001010100,0001000001,000000,000000,000000,000011,,00,,00,0,
00001000010010000001000100001000,0010001001000000000000010110000,000000001010100100001000000001,00001100100110010000000001000,0000100000000000001000100010,000001000011000010100000110,00011101100100011000100100100,000110000,000000001,00100000001000000000100,0000100001000010000000,000100000000000010000,0000110010000,0000101000,0000000000000000000000000,00000000000000000,0010000000,00010000000010000,010000000000,11001000000,0010000000,,000000110000000,010001,00001000,000000,010000,11,0001001,00,0,
00001100000001000000000001000000,1000000000000100010000010000000,00000000001001010100100000000000000001,100000000000100101000000000000000000,000000000001000000100001001,01000011000000000110001000000,00000000000001000011000000000000010,0000000101001000101000000,1010000000000000001100000,0001000001000000,001000000100110000000001100000000000010000,10000000000000000,0000000000001000,0000000001000,00010010000001,010001,00000001000000000000001,0000000100,010001100000001,0010010001,000001000001,110000,0000,010000000010010010010001,01,0001000000,00000000,0000,,000000,0000,000,,00,0,1,
10010000000000001000000011100000,1000000000000000001000000000010,100000001000000010001000010000,00000000100000100000001010000,0011001000000000000000100000,000000100010000001000100000,01000000000000000110010100,0000100000000000000000001,000000000110100000000000,01100000000100010000000,1000110001000101000000,000000000000100000000,00011000110000000000,1101000001000000000,000100000000100110,00001100000010000,0000000000000000,000010100000000,00000001000001,0011000001000,010000000000,00000000010,0000001100,010000001,00000011,1000000,001000,00100,0100,010,00,0,
00010000100011010000000000000000,1000000010000000000100001000000,000000000001001000110000010000,01001000000000001010100100000,0100110000000100000010000000,010000000000000000111000000,00000000000000010000000001,0010001000010001000000000,001000100000100000100000,01000001001000000000000,0000000000001000100000,000001000001001000000,00001000000100001001,0010000010001000100,100000000000010000,00000000010000001,0000100100000010,000000000000010,10100010000100,1100000000001,000000001000,00000000000,1000000001,000001000,00000000,1001100000,000000,10110,1100,000,00,0,
00000000010000001011000000000000,00001010000100000000000001000100000,000000001011000000100110000000,00000000010010101000001,000001,100000001010,00000010000000000010,001010000,00000000000100100010010,11100,0100000000101110000000000000000000000000110,00000000010000,000001000000000,1000000000110000,1100000000000,01000000000000100,0001000000,000000000100000000,000000110000010000,1100000000001010000,00000001000000000,00000100100001,00101,000000100000,00000000010,00101000010001100000000,000000000,100000000,000000,101,000000,101,101,00,0,
00000000000000000011000000010001,0100010100000000000000000000011,000000000110000000100000010000,00000000010001000000010000010,0000000000111000000000000100,000000100001000010100000001,10000000000001110000000100,0000001000010100000000000,000001000000000100011000,0000000010000000010001000000,0001,0000001000100000110000101,0000,00000111000000000010010100,01000000000000,00000001000,000001001100,0000100010,00001001000110,0000001000000,0000010000000,110000000000100100010,000000000,000000000,1000000,0,00010,0001,000,001,000,0,000,
10000110000000010000000100000000,0000000000000010000100010000010000,000000000000001000000100000000000001000000001000000,101000000000001100000000001010,0001000000000000101001000100,001010000100100000100000000,00000000101000010001000000,0101000000000000,0000100010010001,0000000100100,000000000000000110001,1000000000100011000,0010000001,00010010001100000001000100001,000010100000,000010001000000100000,10000,10000000000100,0010000000001010000000000000000100000000,010011100100000,000000000001000,010000001,10010000100,00000010000,00000000,00000000100,000000,000010000,000000,000011,00000,10,000,0,000010,
01000100100000000010000000000000,1000000010000100000000100100000,000000100000000000001000100000,00100001000011001000100000000,0010100000000000000010010000,000000100000010011000001000,00000000000100000001010011,000000000100000000010101010000000000000000010000010000010100000000000010,000000010001000000000001,00000000,1000010000,010000000010000000000,000000010000000000010000,000001000001000110,1010000010000010000100100000010,1,1010000010000000,000000000000000,0,00000000,00000000,1000000101,000001000,010000001,0001000000,0000000001,001000,0,000,0000,00,001,0,1,
00000000010000001011000000000000,0000101000010000000000000101000,000000001011000000100110000000,00000000010010101000001000000,1000000010000000000000010110,000001000000010001001010000,001000000010000000001000001,0010100000100000,0010010000100000000000010100000,10100000000000010100010,1000000100000000100000,000000001001000000010000010001000,0000101000,1000000100010001000,0100000000,110100001010000,1100000000000,0100000000,0000001,00000101,000000000000001,000000000000,0000010000000,10010010010001,000,0010000,000000,000001,0000,00000,01001,0000,00,0,
10000110000000010000000100000000,0000000000000010101000000000100,001000010100001000000000100000,00001000100000011010000000000,0000001001000000010110010000,000001000000010000000000010,00010010000000100000000010,0000100000000001100001000,000000000100100001010000,00000100001100010001000,0000001000101000000000,000100100011000000010,11000001000000100000,1000000000000000100,000000000000010000,0000010000000010,000000100100100,000001001000000001,0000000000100,000000000010,00000010000,01,0000001000,0000000,1100100,000110,00001,0001,000,11,1,
00000001100110000000001010001000,1001000001010100000,010000000000000,0001
10000000010010000001000100000000,0000100000100110000000000000000,001000000000100100010000000001,00100001000000011000000000101,0000100010000000100000000001,000001010001000000000100000,01100000001000000000001000,0010100000100000000001100,000001001000010000000000,00000000100000000100010,0000000000000001100001,000000000001000100100,00010010110000000000,1000010000000010000,010000000000000110,00100001000000000,0000000000000011,000000101000000,01000000010010,0000000010000,100100000000,100000,00000100,001100,000000000,00010000,01000001,000000000000100,000,000,01,0,00,
00000100001010001001010000000000,0000000000000100001000001000001,001000000010000000100100000001,00000010000010101100000001000,0011000000100000000100001000,00010,001000001000,0010000000100000000010,000010001000000001100001000,000000000100010,00001001,0001000000,000000100100,0001100010000000100000,00000,0000010000,001,000000000000110000,00000011000000000000000000000000000000000,00000001000100000,010010000001000010110010010000,00010000100,10000010000,00001000001,0000001100000001,100000,00,000000,0000,000,0000,,00,0,
10000110000000010000000100000000,0000000000000010101000000000100,001000100000,001001000000001,000000000000010000,010000000010010010100000101000001001000,000000100010,0000000000001000100000,00000000000010000100110000,
00000000001000000001000000010000,0010001110000000000000100000000,010000000000001010001000000001,00100100000000000001000001010,0000000000100110000000000100,000011000000000110001000000,00000000000010000100110000,0001000000000000000001101,000001000000000101000000,001000010000000000,00000100010000000010000010000,000000000000010000001,00101000000001010000,0000100000000010001,010000001010010000,00000010010001000,1000010000100000,000000001000000,00000001100100,0000000010000,100000010110,0110000010000,0000101000,000001000,00100001,0000000,000010,00000,0000,000,00,1,
10000110000000010000000100000000,0000000000000010101000000000100,001000010100001000000000100000,00001000100000011010000000000,0000001001000000010110010000,000001000000010000000000010,00010010000000100000000010,0000100000000001100001000,000000000100100001010000,00000100001100010001000,0000001000101000000000,000100100011000000010,11000001000000100000,1000000000000000100,000000000000010000,00000100000000000,1000000000010001,010010010,00001000100000,0000000000100,000000000010,00000010000,0000001000,000000000,10000000,1100100,000110,00001,0001,000,00,1,
00010000100011010000000000000000,1000000010000000000100001000000,000000000001001000110000010000,01001000000000001010100110010010,01100100000010001000000010000000000001000,000000,00000000101000000000001000010000000101000000,10000,100010000000001,0010,00000000000010110001010000010000,0000000,000011000000010000001001000,000010000000100000100110000001000,0100000000101000000010100000100010000000010,0000101,0101000000000,0000010000000110010000100000000,1000100010,00000100000111001,00000001000100000010000,0010000,000000,01,000000,0000,000,00,00,0,000,0,00,
00000000001000000001000000010000,0010001110000000000000100000000,010000000000001010001000000001,0010,0000000100000,000000000011100000,00000010000,00000001000,1000000000010000,00000000000010010000,000100001001000011000100010,0000000010000001100100100000000100000100000001001,101001000000110000010000,000001101,0000010000001000000,0001000000001000000,101000000010000000,0000001,0101,00011101,000,0000001000,00000011100100000,1010000000,100010000,101,100000001,0000000,0000000,0000,000100,0000,100,000,00,0,
00001000010010000001000100001000,001000100100000000000001011000000101100001000000001001000000000000010000011000000010101,001100,0000100100000000101,0000100000000001000,00010010110100000000110000101000000,0010000000110101000001,01010000000000000000010,0100,0000001101000000000001,0000010000100001000000,1001010000001000000,000010100000000000,10011000000000000,000000000000010,00000000010,0000000001001,0000001000,00000000100000,100100000100,000110000,000010001,100000000,0010000000001000,010000001,000000,000000000000010000,00,0000001,0,00,0,
00000001100100000000000101000000,0001110101000000000000010000000,000010000,00000011100000000,000100000001000100000000100100000000100000,00000000,0001000000110000,0100000000000000000100000001,100000001,001000110010,100000001,000001000011000000001000,00000010001000000000001,000000011000000001000000001000000100000000,0100000000110,0000010001000000001000,000000100000000000,,00001001100000000,0000000000010,000000100000000,00010000001,00000000010000100000000,0001,1000000001,0000010000,0001,00000100000100001001,000000000000000001,0000000000001,01000000,010010,0001,01,,000000,
00000000001000000001000000010000,0010001110000000000000100000000,010000000000001010001000000001,00100100000000000001000001010,0000000000100110000000000100,000011000000000110001000000,00000000000010000100110000,0001000000000000000001101,000001000000000101000000,01000001000000010000000,0010000000010000010000,000000000000010000001,00101000000001010000,0000100000000010001,010000001010010000,00000010010001000,1000010000100000,000000001000000,00000001100100,0000000010000,100000010110,01100000100,0000101000,000001000,01000,0000000,000010,00000,0000,000,00,1,
10000000010010000001000100000000,0000100000100110000000000000000,001000000000100100010000000001,00100001000000011000000000101,0000100010000000100000000001,000001010001000000000100000,01100000001000000000001000,0010100000100000000001100,000001001000010000000000,00000000100000000100010,0000000000000001100001,000000000001000100100,00010010110000000000,1000010000000010000,010000000000000110,00100001000000000,0000000000000011,0000,0000101001000000010000000001,0000000010000,100100000000,11001000000,0010000000,001001000,
00000000000000000011000000010001,0100010100000000000000000000011,000000000110000000100000010000,00000000010001000000010000010,0000000000111000000000000100,000000100001000010100000001,10000000000001110000000100,0000001000010100000000000,000001000000000100011000,00000000000000000001001,1000000000100011000001,001100000001000100001,00000100100100000010,0010000001010001000,001010000000100000,00001001100000000,0010000000001100,000010000000000,00001001000110,0000001000000,010000000010,00000000000,0001001000,000000000,10000000,1000000,000000,00010,0001,000,01,0,
01000000000000010001000000000010,0000100000000000000100010000011,000000000100100001010001100000,100000000000001000,00000000001000100110000000,000010000000000000001001,010000000000,00000000010000001,0001000000000000000001,1000010000000000000100000,0000100000000001100001000000000,000101000000,0000000010000010000000000100000000010,0000011000,0000100000000010001,000001000000001,0000010000111010000000010,000000000010000,000000001,00001000100000000,0000101,0001,1000000000000,0000001,0001001000,0000000000,1000000,000000000000010,00100,0100000000,0100,00,001,00,
01000100100000000010000000000000,1000000010000100000000100100000,000000100000000000001000100000,00100001000011001000100000000,0010100000000000000010010000,000000100000010011000001000,00000000000100000001010011,0000000001000000000101010,110011000100000000001000,00010000000000010000000,0101100000000000010000,010000000010000000000,00000000000000000110,0000000010000000010,001000101000000001,10000010010000000,1010000010000000,000000000000000,00000000001100,0000000001000,100100000100,10001100100,0001000000,000000001,00001000,0000101,010000,00010,0000,000,00,1,
00000000000001001000000000101010,0010000001001000100001011000000,000110000001000000000000000100,00000010000000111000000000010,1100010000110000000001000000,0001100000,000000000000100001000000000000100000001,0111000000000000100010000,00011000100000001100,000001
01000100100000000010000000000000,1000000010000100000000100100000,000000100000000000001000100000,00100001000011001000100000000,0010100000000000000010010000,000000100000010011000001000,00000000000100000001010011,0000000001000000000101010,110011000100000000001000,00010000000000010000000,0101100000000000010000,0100000000000000010010010000000,00000100000000010001,0000000000000,00000000,00001001100000000,000000100100011011000001000,01000000010010,00001,0000000001000,100100000100,0000,00001000000,00000000,000000001,00001000,0100000001,010000,00000,0000,000,00001000,
10100000000100000000001000000000,0000100000000000000100011000000,0001100010000000000000000010001000001,10001000000010001000000000000,0101000000000000000100100000,000010010100000100000001000,00000000001000000000010100,0010100010000000101000000,111000000000000000000001,00000000100010001001100,0000000000000000010000,010000010000000000010,00001000010000000001,1001010000001000000,001100000110000000,10000001010000000,0000000010000100,000000000000101,01000000000000,0010000010000,100000010010,00100001001,0010111000,100010000,00100000,0000010,000000,00000,0000,000,00,0,
00010000100011010000000000000000,1000000010000000000100001000000,000000000001001000110000010000,01001000000000001010100100000,0100110000000100000010000000,01000000000000000011100000,00000000000000010000000001,0010001000010001000000000,001000100000100000100000,010000010011000,0000000000001000100000,0000010000010010000000,00001000000100001001,0010000010001000100,100000000000010000,00000000010000001,00110000,000000000000010,10100010000100,1100000000001,000000001000,00000000000,0000010000000,0000011,00000000,0001,00000010,1010000010,000110,000,00,0,
00010000100010100011000,000000000000000000000100000000000010100100000010,10000000,000100100001,00000000010001000000000000101001000,10000000100000000000000101,000000101000000000010010000000000,100000000000010001100000001010000100000000000000,000000010000000000000001,0100000001,000100000010000000000000010010000000100000000010,0010100,00101100000000001000000000110000000010000000000010001,00000000010000000001,0000100110000,010000001000000001,100000010000,0100,0010000000001100,0000000100000,00001010001000000000100000000,000000000100,000000000000010,0100000000010000001000000,00001000000,000000000,1001,000001,01000000,1000,0100,01,01,
000010100000000000000100000001,00100000010010010000001100000100101,000000000000111010100000010000010000000100100000,
001000000100100000000010000000000000,0000001110000000000000100000000,0000000000100000001000010011000000000000,0000000100010,10010011000000000000000000001100000100000000,000000010010000000000000100,001011000010100,010010010000001001,001000100001000110000,0100000,000100000,011000000001001,0000001000001000000000,0000000000100001001000000,000000110000011000001000000000,000000000001000000000000,00000110,00000000001,1000000000000100,110010010000000001000001,101000000010001010000010,001010000,00000000000011001000001,,01000000,10000000,000000000,00000,,01100,00000,000,0,0,
00000000000000000011000000010001,0100010100000000100000001000000000000100,000001000010,0000000000001000010010000000,00000,00100000110,0000000001100000001000010000000000010,001010000,010000010,00000010000000000001010010001010100000000000,0000000001000100000000000000000110,1000010100000000100000000010000001101,000000010000000000100000000000100001001,00000100000100000010,000010001000100000,0010000001001,00000000100000000000,0000000000100000,010000100000100,000010,1000010011100,000000000010,00000001000000000000010,100010000,00000010,100000001,00100001,100001000,000,0001,0,
00000010000000001100,00,01100000000000010100000010100100000010000000000001000000000000000100,000010010000000,00000000001000000001010010,10001000,0000000000000000010100000000000,000000000001000000000100000010000001,10010000000001,000000100010000100000,010000010000,10,000100000000,1001000000000001000000000000100000100000100000,0000001110,0000010000000101000000,010000001000000001,10011000000000000,00000000000000000,010000100000101,00000001000001011001000100,000010,00000000010,000000000,0010000,00010000001,00000000,00001000,000000,000010,0010,000,00,000010000,
00000000001010000000110000000000,0000100100001000000000000100000,000000000010001010000100000001,01000010000100010000000100000,0010000000100001100000001000,000000000101100010000000000,00001000000100000010100100,0000001000000010001001100,000010100000000011010000,10101001000100000000000,0000000000001000010100,000010010100000000110,00000100100101000000,0001000000001000000,000000010000000010,00000100010000000,1001000000000010,000000000001000,01010000010000,0000000000000,000000010000,00000000001,0000000000,100011010,10000010,0000000,000100,01001,0001,000,00,0,
00011000100000000000001000100000,0000000000000000000001110000001,001000010000101000000100000000,00000000000000111011000000100,0000001000100001000000100010,000000001011000001000000000,00000100001000100000110000,1000010000100000100010000,001001000010000000000001,10000000000010011010000,0000000001100101000000,100110000010000100101000000,00000000000000000110,0000000001000100,0100,01,00000000001100000000,10000100001001000001000000000,00000100100001,0000000010000,001,0000000000100000,0000010000,00000000,0000000000011,1010000,00000000,000110,000,00001,000,10,0000000001000000000,
001001000010001001000,11000000000000010101000000000000100000100,000001100100000100000000,00001010000011100000000,0011000000000100001010100000000,000010100001000,0000000100,000010,00010000,00010001100100000110000100,000001,00000000100000010000000001000001000,0000000010100000000000,00000100000,000100101000000,10000000000100001,1,10000,10000010000101000,1000000000000001,00001001,10000100,000000100001000000000,00000010000000000000100,01000000000000001000001000000000,001000000010000,,00000010,0000001,0000,000000,000000,00,000,00,0,1,
00001000000011000000100000010010,1000010000000000000000000010100,010000000000000000010000001000,00001000000110000000100000000,0100100001000000000010000000,001000000000100000010010000,00100000000000000100010000,0000100010000000011000010,000000000000000010000001,00010100100000001000000,0000001101000000000001,000100010000010001000,10000000000000001001,0100000100000000000,010000001000000001,10011000000000000,0000000000100000,010000100000111,00000001100000,0001000000100,010000010000,10000100000,000010101000000,001000000,00000010,0000000,000010,01000001,0100,001,00,0,
00000000000000000000001000111100,0000000000000000010100110000100,000000110000000010010000010000,00011010100000000000100001000,0000000100100001100000100000,000000000000111000000001000,10000000101000010011000000,0000000100000000000000010,0000000000000000010000,1000000100100000010,0000000101000000000000,10000000000,000110000000000010001,00000001000000000001000000,0000101000,000100101000000001,00000000000000100,0001000001000000,00000001001000001,001000000001,100000001000000,001001000010,10000001000,0001001000,000000110,01000100,10000,000000,00000,0001,000,00,0,
10000110000000010000000100000000,0000000000000010101000000000100,001000010100001000000000100000,00001000100000010000000100100000,0000001001000000010110010000,00000100000001000000000001000000,00010010000000100000000010,0000100000000001100001000,0000000001001100100000100110000000000000000,0000010000,10000100,000100100011000000010,11000001000000100000,1000000000,000000000000010000,000001001100,000000100000000,010000001,10001,0000001,0100000000000,0001000,00000010000,0001,00000010000000010,0001101,100001000000,0000,10,0000,000,
01000100100000000010000000000000,1000000010000100000000100100000,000000100000000000001000100000,00100001000011001000100000000,0010100000000000000010010000,000000100000010011000001000,00000000000100000001010011,0000000001000000000101010,0010,0000000110000000,00010000000000010000000,0101100000000000010000,010000000010000000000,0000000100,00000001100,001000001000000000,10001,10000010010000000,1010000010000000,00000000000000,00000000001100,0000000001000,100100000100,0000000001,000000001,00000110,000000001,00001000,0000101,010000,00010,0000,000,00,1,
00000100001010001001010000000000,0000000000000100001000001000001,001000000010000000100100000001,00000010000010101100000001000,0011000000100000000100001000,000000010010000000000000100,00000100001000000000001001,0000100010000001000000010,100001000001000000000000,00000000010000000100001,0000000010000100000000,001011000000010010010001000,00000011000001000001000,00010000000010,0010001,00001001,01000,0010010000000100,0000000001,1010000,0000010000,0000001000000,010000100,0000101,100000001,1101,10000,000001000001,0001000001,00000000,,0000,010000,00,0,
00000010000010010000000001001000,0000001000001001000000000011000,000000100000000010001000001000,00010010001000000000000100010,0000010000000000100011010000,110000000000000110000000000,00000000100000010100001010,0000000001000000000100000,000000100100101000000000,00100000001000000001000,1000010100000000000000,100100000000000000001,10000000100000000101,0000100000000010010,000001000001000110,00000000000000010,0010010000000100,000000110000001,00001100000000,0001010000010,010001000000,00010000100,0000010001,001100001,10000000,0000000,000000,10000,0000,000,00,0,
00001000010010000001000100001000,0010001001000000000000010110000,0000000010101001010000000,00001100100110010000000001000,000010000000000000100,0000100000010110000,0001000010001000000100010100000100010000100000,00011000,0000000001
00000000000000000011000000010001,0100010100000000000000000000011,000000000110000000100000010000,00000000010001000000010000010,0000000000111000000000000100,000000100001000010100000001,10000000000001110000000100,0000001000010100000000000,000001000000000100011000,00000000000000000001001,1000000000100011000001,001100000001000100001,00000100100100000010,0010000001010001000,001010000000100000,00001001100000000,0010000000001100,000010000000000,00001001000110,0000001000000,010000000010,00000000000,0001001000,000000000,10000000,1000000,000000,00010,0001,000,01,0,
00000100001010001001010000000000,0000000000000100001000001000001,001000000010000000100100000001,00000010000010101100000001000,0011000000100000000100001000,0000000100100100000000,000001000010100100010,0000000100,0011000000000,00011000000000000,00001,0000010000000100000000,000000100100,00010000000001100000,000100000000000010000,0100010000000001,00110,10000010010000000,00010000000,1001000000000100010,00010000000010000,00001000000000,11001000000,000000000,00001000000,000000000,010001101000001,01000,110,0000,000,000,0,
00000000010000001011000000000000,0000101000010000000000000101000,000000001011000000100110000000,000000000100101000000100000100101000100001000,00001000000100010000000001110100101000000,10000000010,0010110010000000001,00000000000010000100,000000001000001,00001010100010000000001,,000001,000000,000,00000,000001000000100000100000000010,10010000011,11001000,000100000,,0,0100000000100000,1001000101000001,00010,1000000100,1000000101,100000000010,0,01000,00000010,000000,00010001,,0000,000,0,0,
00000001100100000000000101000000,0001110101000000000000010000000,010000110000000000001000000001,00010000000001010000000010000,000000000000000001010000000000,00110000000001100010,000000000000100000000010000001,0000001000000010001000100,001000000011010100000001,00000001000000000000010,0000000000010,000000000000100010000101000000000000010000010000,10100000000010000000000000,00000101000010000001,10000,,00001001100000000,0000000100,01000000010000000,000010001001000,0000000000011,00000000100000,1001000001000,00110000,101001000,00101001000,01100,000011,0001,000,000,0,
00000000000000000011000000010001,0100010100000000000000000000011,000000000110000000100000010000,00000000010001000000010000010,0000000000111000000000000100,000000100001000010100000001,10000000000001110000000100,0000001000010100000000000,000001000000000100011000,00000000000000000001001,1000000000100011000001,001100000001000100001,00000100000000001,110000000000100101000000,001010000000100000,00001001100000000,0010000000001100,00001000000,00001001000110,0000001000000,010000000010,00000000000,0001001000,000000000,10000000,1000000,000000,00010,0001,000,01,0,
10001100010000000000000010000000,0000000010100000000000101000000,000010010000000000001000100000,10000100000000000000001100001,0000000010010010001001010000,101000000000000100000000001,00001000000000010000110000,0000110000000100010001000,000000100001101100000100,00000000000000110100010,0000011000000000000000,101100010000000100000,00000100000000000101,0010001000010000000,101000000011000000,00000000000000010,0100000000000010,001010000001001,00000000000011,0001000001000,000000100100,00001001000,0100011000,100000000,00000000,0000000,000000,00000,0100,010,00,0,
00000001100110000000001010001000,0110000010100000000000000010000,000000101000000100000000010000,01000000000000100000100000100,0100100000000000000000100000,000100000011000000000000001,10000000000010001000100101,0011001000000001000000000,000100000000000000000110,00001010000000000000000,1000001000000011000000,000000000000100001000,00000000010000000001,0000000001000010000,000001110000000000,10000010000101000,0000000000000010,010100000000000,01001001000000,1000000011100,000001001000,00100100010,0000000001,000000000,00001010,1100000,000011,00000,0010,000,00,0,
00001000010010000001000100001000,0010001001000000000000010110000,000000001010100100001000000001,00001100100110010000000001000,0000100000000000001000100010,000001000011000010100000110,00010100000100010000100000,1010000000000000001000010,000000000000000000001001,00100000001000000000100,000010000000001000000000000,00000001000000000001,010000011000100000000001010,0001,0000010001000000,100001000010000000,010000000000000,00000100000000001100,0000000010000,000000000000100000,00000010000,0000001,000000110000000,0100001,001000,000000,
00000000010000001011000000000000,0000101000010000000000000101000,000000001011000000100110000000,00000000010010101000001000000,1000000010000000000000010110,000001000000010001001010000,00001000000001000000001010,1011000010000000000000001,000100000010100000000100,10100000000000010100010,1000000100000000100000,000000000000000000000,00000010000000000010,1000,01000,101000000011000000,0000000000000011,0100000000000010,000001000001100,0000100001001000000,010000000000,1000000000000,001000000010000,000000000,0001000000,,0000000,10010000,0000,0000,0,
00000000010000001011000000000000,0000101000010000000000000101000,000000001011000000100110000000,00000000010010101000001000000,1000000010000000000000010110,000001000000010001001010000,00001000000001000000001010,1011000010000000000000001,000100000010100000000100,10100000000000010100010,1000000100000000100000,00000000000000000,0000000000,0010000000100000000,0000100000000000000,001000000100100101,00110010010000001,0000000101001000,000001000001100,00001000000000,0000001000000,100000000010,11000000000,00000100,000000000,00000010,0000000,00,00000,1000,000,00,0,
00001000010010000001000100001000,0010001001000000000000010110000,000000001010100100001000000001,00001100100110010000000001000,0000100000000000001000100010,000001000011000010100000110,00010100000100010000100000,1010000000000000001000010,000000000100000000000000001000000001,01000101100000000,1001000001000,00001000100000010,00000000000,0000000000000101100000000,101000000011000000,000000000000000000000000000000000,010010001,0000100010000,00100,00000000100000,00010000011,0000000000000000010,00100001,0001,1000000,0000000,0100000,000000,000000001,1000,01,1,
00001000010010000001000100001000,0010001001000000000000010110000,000000001010100100001000000001,00001100100110010000100010000,0000100000000000001000100010,000001000011000010100000110,00010100000100010000100000,1010000000000000001000010,000000000000000000001001,00100000001000000000100,0000100001000010100000,000100000000000010000,01000000010001000000,0000110100000000000,001000000010000001,00000000000000000,0100000000000001000001000000010001000000,00000000100000,0000010000010,100001000,000000000000101,000001000001100000000,00000000,001,01000000,001,010000,00000,0000,
00000000010000001011000000000000,0000101000010000000000000101000,000000001011000000100110000000,00000000011101010000,000000101000000,000000000000,00010000000000000000010100000000101000000000000100000000000100100100010100000,0001000000000100000000,0001100,00000000000000010,000000000000001,00100000010010000000011001000000001010000000000,000110000000000010001,00000100000110000010,0010,001000000100100101000000,0000000001100000000,0000000100000,000000010,000100100000010,0000110000,0001000000000,11001010000,0001001000,01,00000000,0,0000000000,001,001,000,0000010001,
00000010000010010000000001001000,0000001000001001000000000011000,000000100000000010001000001000,00010010001000000000000100010,0000010000000000100011010000,110000000000000110000000000,00000000100000010100001010,0000000001000000000100000,000000100100101000000000,00100000001000000001000,1000010100000000000000,100100000000000000001,10000000100000000101,0000100000000010010,000001000001000110,00000000000000010,0010010000000100,000000110000001,00001100000000,0001010000010,010001000000,00010000100,0000010001,001100001,10000000,0000000,000000,10000,0000,000,00,0,
00000001100100000000000101000000,00010001000001111000000,1000000000000010000010001000001000,000100000001100000000,00000000,000000101000,0010100000000000000000001,00000,0001000011000000000000,00101000001000000000100,0000010000,000000010000000000000100,0000001,0000010000,00110000000000000100000000,00000010000000100011100000,000001000,0000001000010100,00000000000000000,000000000000100,0001010000001,001010000010000,,000001000000,0000101,000,110000,000,00010000,1100000,0000,00001,00,00,0,0,
00001000010010000001000100001000,0010001001000000000000010110000,000000001010100100001000000001,00001100100110010000000001000,0000100000000000001000100010,000001000011000010100000100000000010000000001,0001000001000000100000,00010000000010000000,0001000000,00010010000000100100,100000001000100001,0001,001000000000,0001,010,0010010000100000000,100000100101000000000000010,000100100010000100,10000,0010010001000001,0000100,0001000001010000001000000,00000000010000,10000000,00000010000100010000,000000,0000000,000000,010000,00000,000,0,0,
00000000000000000011000000010001,0100010100000000000000000000011,000000000110000000100000010000,00000000010001000000010000010,0000000000111000000000000100,000000100001000010100000001,10000000000001110000000100,0000001000010100000000000,000001000010001000001,00000001000000000000010,1000000000100000010100,0000001000100001,10,0000011,0010001,010000010001011000000001001,00100000010000000,001001000000000000011,01000010000010,0000100000000000010000000100,0000001000000,0100000000000,00000000,000110000,000000000,10000000,01000100,0000000,000000,000,001,000,10,0,
10000000010010000001000100000000,0000100000100110000000000000000,001000000000100100010000000001,00100001000000011000000000101,0000100010000000100000000001,000001010001000000000100000,01100000001000000000001000,0010100000100000000001100,000001001000010000000000,00000000000000000000001010000,10000000001000100000001000000000000010000001000000,00000011010000,0010000000110000000000,000010100000000010100000000,0100100100000010000000,0000000000100000,0000000000000001,101000000011010,000000,0001001000,000000000,00000000010010000000,001000000,10000000,0110000,00000,000000000000,000,00,0,
00000001100110000000001010001000,01100000101000000001000000000000000100000,010000000000000001000001001000010000000000,0010,001,1000010000,00001001,0000100000010000001110010001100010100000010001000000000000001010000000000000,00100001010000,01,00001001,001,00000100000100000010,00000000001110,0000000010000,011000001000000000100000010000,00001001000000010000000000100000,0000000000001000,01100,00000000001100,000010000,0000,11001000000,0001001000,001,0000000100,00010000,110000,0000,000,000,000,00,000,
00000000001010000000110000000000,100000100000,0000000011000000010,00000000100000010000,001000000000100000011010000000000,00110000000000000010,0000100000000000100110000000000000,10000000000010000010000000000010,0000,00000000010000000000010,000010000,10,00000000000001000000000,0000000101000000000000,000000100000010,000000110000010000000000,001010000,001000001000000000,001100000000000,000000000000010,0000000001,10001,00010001000,01001000,000000000100000000,0000010000,0010010001,01000000000,000010,0000100,0000010,0000000,,000,000,0000,
00000000000000000011000000010001,0100010100000000000000000000011000,000000000101000000,00000010100000001,000000000100010000,00000100100001001010000,0010000000010110001000000,000011100000000,0000001000000000100000100000000001100000010,000100000000000000000110,000001000010000000010000010000000100100000,00001000001000000001000001000000000,000001000010000,000001001000,00000100010000,000000100100011000,010000000000101,00000001000010,000001000100001,0000101,01000000,000001000010,000001000,001000000000000,10000000,0000010,0100000,000000,000010,000,000,000,
00000010000010010000000001001000,0000001000001001000000000011000,000000100000000010001000001000,00010010001000000000000100010,0000010000000000100011010000,110000000000000110000000000,00000000100000010100001010,0000000001000000000100000,000000100100101000000000,00100000001000000001000,1000010100000000000000,100100000000000000001,10000000100000000101,0000100000000010010,000001000001000110,00000000000000010,0010010000000100,000000110000001,00001100000000,0001010000010,010001000000,00010000100,0000010001,001100001,10000000,100,000000,10000,0000,000,00,0,
00000000001000000001000000010000,0010001110000000000000100000000,010000000000001010001000000001,001001000000000000010000011100,0000000000100000,00000000001,000000000010110001000000,00000000000010000100110000,101000000001000000000000100010,001001000010000000000001,101000000000000,001000000001100000000101,00000000001000000000010000110000000000000000,000000000101000000011000000100010001000,10001100010000000,000010000000000000001,100001000010000000,10100000000,0000010000000,10000000000,00000000000,1000000101,000001000,000000000,000000000100000000,1010000,0000010,010000000010,000,000001,1010,
00001000010010000001000100001000,0010001001000000000000010110000,000000001010100100001000000001,00001100100110010000000001000,0000100000000000001000100010,000001000011000010100000110,00010100000100010000100000,1010000000000000001000010,000000000000000000001001,00100000001000000000100,0000100001000010000000,000100000000000010000,01000000010001000000,0000110100000000000,001000000010000001,00000000000000000,0100000000000000,000000000100001,00000000100000,0000010000010,000000010001,00001010100,0000000010,101000001,01000000,0000100,0100,00000,0000,000,00,0,
00,000000100010000110001000001000,00000100,010000000000000000011001000001,0000001001000,0000010010000000,1100000000,00100010000000000001100000100000100,0000000001000000101000010011000000,000000010100,0000000100000000001000,000100000000001000100000000100,00000000001100,00001000010000110000011010001000010000,0000000000000100,0000100010100000000000,0000000,00000100000110,000000010000001,0000010000010100000,00000000001000,000000000000010,01000000000000000,0001001000,0001000000000,0001,000001,0000,000,000,0000,
00000000001000000001000000010000,0010001110000000000000100000000,010000000000001010001000000001,00100100000000000001000001010,0000000000100110000000000100,000011000000000110001000000,00000000000010000100110100000000000001000,000101000001000001001001000010000000000001,0010010010000000101000,0000000010000010000,0001,00010000000000,00100000110000000,0001000000001000,0001000000001010000,001100000000,00100001,00100100000000000010100,00001000111,00000000,00000000,00100,00100001,0000100100,000000000,0100,10001,010000,0010010001000001,01,100,000010010000100,000,
00000010000000001000001000100000,1001000000000000011000000000000,100000000000000010000010101000,00000100000101000000000000000,0000000001011101000001000000,000000000000001000000010010,00001000110010100000000000,0100000000000000000000110,001000000000000001100011,11010000001000000000100,0000010000000100100000,010000110000000000000,00000100000100010000,1000000001000001000,000000000000110000,00000100100000010,1000000000000001,000011000000000,00000110000000,0010000000000,000001000000,00001010100,0000000100,100001000,00000010,00010000001,0000,10000,0100,000,000,0,
01000000000000010001000000000010,0000100000000000000100010000011,000000000100100001010001100000,10000000000010010010000000000,0000000000000100000000110001,001010010100010000000000000,00000000000001000010000100,0000000101100100100000000,000000100000000000010010,00001110000001000000001,0001000100000001000100,000000010000011010000,00000000000010101000,0001011000000001001,000100011010000000,000000000000,0000000100001010,000010100010100,00000000001000,0000010000000,001000000000,00001000001,0000000000,000010000,10000000,0000000,010000,00101,0010,1,000,0,
00000000010000001011000000000000,000010100001000000000000010000000100,000000001010100000000,0000000000100,010000000010000000000,00000000001110000000000100000010010000010000000100100000,0010000000000000,0001000000000000000001,000000100100100100000000110010000,000000001000000000011000000000110000010000000001000,0000010000001001000,00000000010000000001,0000001000000000000,0001001010000000100000,10000,1,,011000000,010,011001000100,01,11001010000,00000111000000000000,00001,0010,10000000,00000000,,0000,000,
00000000001000000001000000010000,0010001110000000000000100000000,010000000000001010001000000001,00100100000000000001000001010,0000000000100110000000000100,000011000000000110001000000,00000000000010000100110000,000100010000001,000100100101000000000,1010000101100001000000001000000000000,00000000010001000,000000000000000000000,001000001000000000001000010010000,000100100,000000000000,00000010010001000,0000000100000,000011000000000,00000001100100,10001001000,1000000000000,100001000,000001,0001000000,0000100,0000,10000010,0000,00000,0000,000,00,1,
00000010000010010000000001001000,0000001000001001000000000011000,000000100000000010001000001000,00010010001000000000000100010,0000010000000000100011010000,110000000000000110000000000,00000000100000010100001010,0000000001000000000100000,000000100100101000000000,00100000001000000001000,1000010100000000000000,100100000000000000001,10000000100000000101,0000100000000010010,00000100000100010000000000001100,100000010000,100,000000110000001,00001100000000,0001010000010,010001000000,001000,11001000000,001100001,10000000,0000000,000000,000000000010,000000,00,000,000,000,0,
000000000001000000000,11000010100001000000000000001000000,010000000000,10000000010010100000010010000000100000001000000000001,000000000000101000100010000000001100000000001000110,0100000000000000000000001000100101,10000001001010000010001,0100000000000010100000000000000001000000000,0001,0000010001000010001000000000001010011000000,00000000100101000000001,00000000000010000000000,001000100,00000000000010101000,001000000,00101,0000011000000000000100,0000001,0001001000,00101,0010000010000000,0100000000,1000001,0000000100,001000001010,00000000001,0000000,00000000000001,000001,0000,001,11,10,01,0,
00000000000000000000001000111100,0000000000000000010100110000100,000000110000000010010000010000,00011010100000000000100001000,0000000100100001100000100000,000000000000111000000001000,10000000101000010011000000,0000000100000000000000010,001010010000000010001000,00000000100010000100010,0000001000001000000000,000110000000000010001,00000001000000000001,1000000001010000000,000100101000000000,00000000000000100,0001000001000000,000000010000001,00000100100001,1000010010000,001001000010,10000001000,0001001000,000000110,01000100,0100000,000000,00000,1000000,000,00,0,
00000000110000000000100,00000110000000001000100100000,0000001000000000001,0001,0001000000010000010000110000,00010000000000001010000,100000000011000100101,0000000000000001
00000110000000010000000001000001,0000010101000000000000100000100,000001100000010000000010000000,00100000000000100000000001110,0001000000000000101001000100,001010000100100000100000000,00000000101000010001000000,0000001000001000000000100,000100000010000000000100,01000100000000010000011,1001000000000001100000,000000010000001001000,11000000010000010000,0100001000000100000,000000001000000000,00000000000000000,0100000000100000,010011100100000,01100100001000,1000000000000,100010000000,00001000000,0010010000,100000001,00000000,0000000,000000,00010,1001,000,00,1,
0000000000001000010110000000000,00000001000010100001100000000,000000,000000100000000000001,0000010001000000001,01000000001,0010010000000,000000010001001010100011000000,000010001,0010000000100000000010,00001000000010000000100,000000011000000101000000001000,000000010001000000001,00000000,0000001,0000000001,01000000001010000,00000001010010,0001001000,0000000100000010000010010100000,0000000000010,1000011100000000,000010010001,01,00101001,000000000,0000001,100001,00000000001,00000000,0001,00100,000000000001,00101,0001,000,000,0,
00000000010000001011000000000000,0000101000010000000000000101000,000000001011000000100110000000,00000000010010101000001000000,1000000010000000000000010110,000001000000010001001010000,00001000000001000000001010,1011000010000000000000001,000100000010100000000100,10100000000000010100010,1000000100000000100000,000000000000000000000,00000010000000000010,0000100000000000000,001000000100100101,00110010010000001,0000000101001000,000001000001100,00001000000000,0000001000000,100000000010,11000000000,0000011001,000000000,00000010,0000000,100000,00000,1000,000,00,0,
10100011000000000010001000010000,0000000000000000000010000100000,000000000000110010000010000100,00000000000010100000001000010,0001010001000000000000001101,000000000001001100001000001,01001000000000000000100000,0000100000000000000011000,000000000000100000000100,10100101100001000000000,0001000000001100000000,001011000000000110000,00000000100000001010,0000100010000010001,000000000000010010,00000000001010000,1000000000000100,000000000000001,00010010000000,0001010000001,011001000100,00010000010,0000000100,000000000,11100000,010000001,000000,01000,0000,001,00,0,
00001000010010000001000100001000,0010001001000000000000010110000,000000001010100100001000000001,00001100100110010000000001000,0000100000000000001000100010,000001000011000010100000110,00010100000100010000100000,1010000000000000001000010,000000000000000000001001,00100000001000000000100,0000100001000010000000,000100000000000010000,01000000010001000000,0000110100000000000,001000000010000001,00000000000000000,0100000000000000,000000000100001,00000000100000,0000010000010,000000010001,00001010100,0000000010,101000001,01000000,0000100,010000,00000,0000,000,00,0,
00000000001000000000000001000111,00000000000001000000000101000000010000,00000100000110000000001000000,000000000000010000000111000000001100000,0010011000000011010000,01000000000000001000,0000000001000000000010100,000010011000000,0100000000000,0010000000110110000000000,00000000101110000001000,000000000,01,01,00000000,0000000010000000100000101110000,000000000000111001,0000000000001000,00000000000001000,11001,0000001,10110,0110010000,00000000,100001,0100000000000,00101,10100001,000000,00100,000010,010000,00010,1001,000,
10100011000000000010001000010000,00000000
0000000010100000000000010000,0000010000000,00000100,000000100000000010000001,00000100000011000101000,0000011010000000010100000000000,000011000000101100001000,000000001100001,000001000000100000001000011000000000,0000110000000001010000000010000000000,00010000000010000001,00000000001,000010000000100000010000000,0100000001,0000100000000010001,000001000000,00001000000010000011001000001000000000001100,00001000000000000001,00000101,00001000000001,010000000000,0000000100,0000001,00001000001,1001010,00001,00000,000000,0000100100001,00000,1001,000,00,1,
100,000000000011,0001010000000000,00000010001000001000000000010001100000,0000101000000,0000000010000010000000000,0000000000101001000100000000000000010010,00000000000001000000000001,0000000100001100000001000,00010000000000000001,0010000,00000000110,00010000000010000,00001000000001,00000000100000001000001000,00010000000001,1010000000,0001000000001000000,11000,0000000010,100001,0001010000001,000000000001000,01010000010000,110000000010,10001100100,0001000000,000000001,00001000,0000101,0100000001,0001,0000,000,
00000000010000001011000000000000,0000101000010000000000000101000,000000001011000000100110000000,00000000010010101000001000000,1000000010000000000000010110,000001000000010001001010000,00001000000001000000001010,1011000010000000000000001,000100000010100000000100,10100000000000010100010,1000000100000000100000,000000000000000000000,00000010000000000010,0000100000000000000,001000000100100101,00110010010000001,0000000101001000,000001000001100,00001000000000,0000001000000,100000000000100010010100000000,00000,000010001,000000000,00000010,000000,0000000,000000,0000,000,0,0,
00000001100100000000000101000000,0001110101000000000000010000000,010000110000000000001000000001,00010000000001010000000010000,000000000001000000100010,0001000000000000000001
0000100001010101000000000000001000000000100,0010100000100,01000000000000000001000000100,10000000010100000000000,1000010000010000000000010000000,00101000001000100000010,10000000000001000000000010000000000010,000011000000001000010,0010100100000000100010001001100,1000000000100000010100,000010000001,00010000000001,01000000000,10000000000000001100000000,10000000000000000010000001,0000000000010,00,01001000,00000001000001,00001000000000,000000000000,001,010010000,0001000001,00000000100,0000001000,100000000,00000,,000000,000000,0000,000,00,0,
00000000001010000000110000000000,0000100100001000000000000100000,000000000010001010000100000001,01000010000100010000000100000,0010000000100001100000001000,000000000101100010000000000,00001000000100000010100100,0000001000000010001001100,000010100000000011010000,101000010010000010000000100000000,0000000100000000,00010010001100000001,00001001000000,0010001000000,1000100000000001010000,000000010000000010,000010100000000100000,010010000,000000000001000,000000100010,0001000010,0000001100,01,100010000100011,1011000000,00000001000000,0000000,0000,000,000,00,000000,
10001100010000000000000010000000,0000000010100000000000101000000,000010010000000000001000100000,10000100000000000000001100001,0000000010010010001001010000,101000000000000100000000001,00001000000000010000110000,0000110000000100010001000,000000100001101100000100,00000000000000110100010,0000011000000000000000,101100010000000100000,00000100000000000101,0010001000010000000,101000000011000000,00000000000000010,0100000000000010,001010000001001,00000000000011,0001000001000,000000100100,00001001000,0100011000,100000000,00000000,0000000,000000,00000,0100,010,00,0,
00000010000010010000000001001000,100001000001000,01000001000001000000101000000010100000010000000,00011010000110010010000000000000010010000000,0000000001000000000,0000010000,0000000001,0000010,00000001
10010000000000001000000011100000,1000000000000000001000000000010,100000001000000010001000010000,00000000100000100000001010000,0011001000000000000000100000,000000100010000001000100000,01000000000000000110010100,0000100000000000000000001,000000000110100000000000,01100000000100010000000,1000110001000101000000,000000000000100000000,00011000110000000000,11010000010001000001,000100000000100110,00001100000010000,0000000000000000,000010100000000,00000001000001,0011000001000,010000000000,00000000010,0000001100,010000001,00000011,1000000,001000,00100,0100,010,00,0,
01000000000000010001000000000010,0000100000000000000100010,001,00000010000000001,0000000000100,00010010010000000000,1000111000000000100000,00,1000000000010000,00000,0000000100,00,0000000100100000000,00000010000000000001000010001000010,0000001000100000000000100,010000000000,000110000000000010001,1000000000,1000000100010001000,000000000000110000,00000000000010010,00000000000000000,0000010000000,000001,0000000100010000001,00100000000010000001,100000000000,000001000,0000000100,000000110,0010000001,000001,000000,110,0001,000,,0,
00000000000000000011000000010001,0100010100000000000000000000011,000000000110000000100000010000,00000000010001000000010000010,0000000000111000000000000100,000000100001000010100000001,10000000000001110000000100,0000001000010100000000000,00000100000000010011000,00000000000000000001001,1000000000100011000001,001100000001000100001,00000100100100000010,0010000001010001000,001010000000100000,00001001100000000,0010000000001100,000010000000000,00001001000110,0000001000000,010000000010,00000,0001001000,000000000,10000000,1000000,000000,00010,0001,000,01,0,
00001000000011000000100000010010,1000010000000000000000000010100,010000000000000000010000001000,00001000000110000000100000000,0100100001000000000010000000,001000000000100000010010000,00100000000000000100010000,0000100010000000011000010,000000000000000010000001,00010100100000001000000,0000001101000000000001,000100010000010001000,10000000000000001001,0100000100000000000,010000001000000001,10011000000000000,0000000000100000,010000100000111,00000001100000,0001000000100,010000010000,10000100000,1100101000,001000000,00000010,0000000,000010,00100,0100,001,00,0,
00010000100011010000000000000000,1000000010000000000100001000000,000000000001001000110000010000,01001000000000001010100100000,0100110000000100000010000000,010000000000000000111000000,00000000000000010000000001,0010001000010001000000000,001000100000100000100000,01000001001000000000000,0000000000001000100000,000001000001001000000,00001000000100001001,0010000010001000100,100000000000010000,00000000010000001,0000100100000010,000000000000010,10100010000100,1100000000001,000000001000,00000000000,1000000001,000001000,00000000,1001010,000000,10110,1100,000,00,0,
00000000000000000000001000111100,0000000000000000010100110000100,000000110000000010010000010000,00011010100000000000100001000,0000000100100001100000100000,00000000000010000100000000,0000000000001000010010000001,00000001000000101001000000001000000000,1100000000,0010000000001000000100000000010000011,0000001101000000000001,01,01,000010000000001,0001000000001000000000000000100000000010000000000000,10011000000000000,00000000000000000,001000100000000,00000010000000,0000001000,0100000000010000010000,0000100,0100000000000,000001,0000001000,000000,00000,,000000,00000,001,000,00,00,1,
01000100100000000010000000000000,1000000010000100000000100100000,0000001000000000000010100,00100001000011001000100000000,0010100000000000000010010000,100000000011000110001,1010000,00000,00000010000100000001000000110000,110011000100000000001000,00010010100,0101100000000000010000,000010000100100001000000,0000100000000010001000000,010000000001000000001,00001001100000000,0000001100,00001100000000,00001000101,0000110000000,010000010000,11001000000,00001100000,0000000001,00000000,0100000,00001010000,000,0000000,001,000,000,00,1,
00000000001000000001000000010000,0010001110000000000000100000000,010000000000001010001000000001,00100100000000000001000001010,0000000000100110000000000100,000011000000000110001000000,00000000000010000100110000,0001000000000000000001101,0000010000000000000000010000,00000100000000000000000,00010000000010000010000,0001000,0010100000000110,0000100000000010001,0000011010000010000010001,00001001100000000,1000010000100000,000000001000000,00001000000,00000000001000,0010001,10000100000,01,000010000110010000000010,100000001,00100001,0000000,0000000,0001,0000,000,00,1,
00000000000000000000001000111100,01000000000,000100,000000110000000010010000010000,00011010100000000000100001000,0000000100001,0100000000000010100000001,1000000000000100010000100110000,0000000101,00000000000000010,0000000000000000010000000,0000000100000000000001000,0000000110010000010000000010100000,000110000000000010001,0000000100000000000101,010000100,0001000000,00000000010000101000,10000001000,00000001001000010,0010000,000100,0001,001000000000,01,0001,0000001000,10000000000,000001,0000,000,01,0,01,000001000001,
10010000000000001000000011100000,1000000000000000001000000000010,100000001000000010001000010000,00000000100000100000001010000,0011001000000000000000100000,000000100010000001000100000,01000000000000000110010100,0000100000000000000000001,000000000110100000000000,01100000000100010000000,1000110001000101000000,000000000000100000000,00011000110000000000,1101000001000000000,000100000000100110,00001100000010000,0110000000,000010100000000,00000001000001,00000000,0000100100,0001,00000000010,0000001100,000001,000000110,000100000,001000,00100,000011,0100000000,000,00,0,
00000001100110000000001010001000,0110000010100000000000000010000,000000101000000100000000010000,01000000000000100000100000100,0100100000000000000000100000,000100000011000000000000001,10000000000010001000100101,0011001000000001000000000,000100000000000000000110,00001010000000000000000,1000001000000011000000,000000000000100001000,00000000010000000001,0000000001000010000,000001110000000000,10000010000101000,0000000000000010,010100000000000,01001001000000,1000000011100,000001001000,00100100010,0000000001,000000000,00001010,1100000,000011,00000,0010,000,00,0,
01000001000001000001100000010001,110000000001010001000000110000,010000000000000000010000100100000001,0100000,00000,000000100010000110000000001000000,00010000000001000000000,000001100000001000000000000000100000000011000000000010000100001000000000000000001000000,000000000110000,001000010000000010000000100100000000010000000010100000100000000,00100000010100010000000100001001,10000000000000000,00000100000000000101,00000000,0000000000001010,00000010000010001,000000000100000000,01001000,1001000001,001,000000001000,010000010000,00010001,00010,000000000,001,,
00000000000000010100100000010000,0000000100000000000000100101000,000000101010010000000000000000,00000001001100000001000010100,0000000000110000000000001001,0000001010000000001010000000000,10000000000000011010100000,10010000000001101100001000,010001000000000000,00000000100010001000000,0000000101000000000000,000000010000000000101,00000011000001001010,000000100101000,000000000001,00000010,0000000000000000000000000,10001,0000000000001000,0010000,0000001000000,100000000010,001000000000,100000100,000000000010,000001000,0100010010,0000,000,0,0,
00000000000000000011000000010001,0100010100000000000000000000011,000000000110000000100000010000,00000000010001000000010000010,0000000000111000000000000100,0000001000011000001000000000,10000000000001110000000100,0000001000010100000000000,000001000000000100011000,000000000000000000110000,1000000000100011000001,001100000001000100001,00000100100100000001001,0010000001010001000,001010000000100000,00001001100000000,0010000000001100,000010000000000,00000110000000,1001000100,010000000010,0100000000,0001001000,000000000,10000000,1000000,000000,0001000000,000,00000,000,000,0,
10010000000000001000000011100000,1000000000000000001000000000010,100000001000000010001000010000,00000000100000100000001010000,0011001000000000000000100000,0000000000010010000000100,000001000,00010001,00000000011001,000100000000000000000110100101100001000000000,000101000000,00000000,00001001,100000001000100001,0000001000000000001,001000000010000,00000100000110,00000000001010000,00000001000000001001000,0001001000,100100000000001000,00000000000011,0000101000,00000000000010,00000010000000,01,0010000,00000000000,01001000,1,010,0001,00001,00100,
00000000000001001000000000101010,0010000001001000100001010100000,00000010001000010000000000000100010001,0000100000010000000010101000100001100000000010100000000,00000010000001000000010011000001010000110000,00100000000011000010000100000001010010000011000,000100000000000000000110,0000000000001000100000,00000000011001000000000001,00000,00101000000000001001010000000100000100000000010000000000000001,01000000100000000000000101000000001,10000010010000000,
00000000001000000001000000010000,0010001110000000000000100000000,010000000000001010001000000001,00100100000000000001000001010,0000000000100110000000000100,000000001000000000110001000000,00000000000010000100110000,0001000000000000000001101,000001000000000101000000,01000001000000010000000,0010000000010000010000,000000000000010000001,00101000000001010000,0000100000000010001,010000001010010000,00000010010001000,1000010000100000,000000001000000,00000001100100,0000000010000,100000010110,01100000100,0000101000,000001000,00100001,0000000,000010,00000,0000,000,00,1,
00000000001000000001000000010000,0010001110000000000000100000000,010000000000001010001000000001,00100100000000000001000001010,0000000000100110000000000100,000011000000000110001000000,00000000000010000100110000,0001000010,00010000100100000001000000000010100000001,100001000000000,0010000000010000010000,0000000000100000000001010001000000001001000001000010,000000000000100000000000,00100100000000000001000000000001
00000000000000010100100000010000,0000000100000000000000100101000,000000101010010000000000000000,00000001001100000001000010100,0000000000110000000000001001,001010000000001010000000000,100000000000000110101000001,10010000000001,000000100100000000000000100,0000000010001000,000000001000100000000100,000000100010010100000000000,0000001,0000010000,0000010000001,00010001,101001000,00001001100000000,0000000000000011,01,00101001,01000010000,000000100000,0000001000100000,00000010000,000000000,000000001,0000110,000001,,010001110,01001,10,00,00000,1,
00000001100110000000001010001000,0110000010100000000000000010000,00000010000100,0100000000000001000100101,0000000,001,00100000,00100000,00010010000000100000000010,001000000000010000010001000000001,000000000,0001100100000000010,000000010000100000100,001000000000000000101001000010010,001,00100000,0001000000,00000010000101,100000000,0000001,0000000111100000000,00010,011001000100,00000110100000000000,00000010000,0000101000000,0001,0001,0000,101000000,00000,0001,0000,0,0,0,
00000001100110000000001010001000,0110000010100000000000000010000,000000101000000100000000010000,010,001,0110000,000010000100000000000000,010000000000000001000000000000000100000000010000001,0000000101,00000000001100,0000011000,00,00001100,100000010001000000000000,,10000000100000000000100001001000000,000,00000,00100010000100100101,,100000001000000000,00000000001100,00000,0000000,001000000,0000001000000,000001000000,0000000,0000000001000,000000001,000000,000000,00,0100000000010000,0,000100,000,0,0,00,00001000000,
10001100010000000000000010000000,0000000010100000000000101000000,00001001000000000000110000000000,10000100000000000000001100001,0000000010010010001001010000,101000000000000100000000001,00001000000000010000110000,000010000000000011000,100001000,000000001000000010100000000000010,00000000100000010,000001000000000001000000,001100000001000100001,001000001000000000001,0010010100010000100000000,101000000011000000,0100,1000010000100000,000000001,001,00000000000011,10100000000000,000000100000000000010,0000000101000000,000000,0000000010,00010100000,00001,001,0000,00000,000,0,
01000100100000000010000000000000,1000000010000100000000100100,000000100000000000001000100000,0010100100000001100000000000000000,0010100000000000000010010000,000000100000010011000001000,000000000001000000010100110,0000000001000000000101010,00000100010000,0000000010000000000100010000,0000000100,0000100000000,0000000001000,001000001000000000001000000,110010,010000000000000000010000000001,00001001100000000,100000000000001000,000,000101000001,01100100001000,0000001000000100,0010000000,000,01,
00000000010000001011000000000000,0000101000010000000000000101000,0000000010110000001001000000,10001000000000101000000000000000000,0000100,000010001,100000010100000000000100001001010000,00001000000001000000000000010,00000100000000000011000000000,00010000000000000010110000000010000,00010010100000,000100000000000000000110,1000000000000000100010010110000,10000000001,000100101001000000011100000000,1000001
0010000001010000100000010000,0000001000000000000010000000000000100001000010011000001000000010000000010100000,000000001000001000000011,0011000000100000000000000101100000100000,0000000000000000010000001000000,00000000000010000100100100001,010000000000000000000010001000,000000100000,110011000100000000001,101100001000000000,10010000000001000,000,0100000000101,00000000000000010000,0000010000001000001010000,01000000000000010001,01001000001000000110000,100001000000001,00000000110000,00000000101,10000,100100000100,000100001001,000000000,000000000,001000,000001,000000,0000010,00,000,00,0,
00000000010000000000010000001000,000100100010000101,000000100000000011000,000000001,0000100100,010000000000000100000000001000100101000000,00010010100010000000010110000,000010000000000101001000000000001001010000000010110000,1000101000000,00000001000000000000011,00000000,00000100000000000001000000,10000000100000000000101,00000000001,0000100000000000000011100000,000001110000,000000010000000010,101000001,000000001,000010001001000000000000000001000,0000000001000,00000100100100000,01,000000000,00001010,000000001,000000,0010001,001,000,0010001,
00011010001000010001,00010100100001000000001,00000000010100,0000000000,01001000000000011000010010000100000000000000000100100100000000000100010000010000110010000000000001000,00001000100100011000000011000000000000000001001000000000001,0000000000001010000,00000000000,1010000,0100000011000,000000000001,000010001000000000000101100000000001000,000000000001,001010,101000000000000010000000,000000000100000000,10011000000000000,0000000000000000,10000000000000000000010010,010001,000000001,0000000000000100,01000100000,00000000001000000,0000000010,0001000000,000000001,00000000001,00000,110,0000,0000,000,
00000001100110000000001010001000,0110000010100000000000000010000,000000101000000100000000010000,01000000000000100000100000100,0100100000000000000000100000,000100000011000000000000001,10000000000010001000100101,0011001000000001000000000,000100000000000000000110,00001010000000000000000,1000001000000011000000,000000000000100001000,00000000010000000001,0000000001000010000,000001110000000000,10000010000101000,0000000000000010,010100000000000,01001001000000,0000001000000,,00000100000000010000000000000,00000001001000000010000,01000000,00100000,10000000,10000010,000000,0001,000,1,0,0,
00000001100100000000000101000000,0001110101000000000000010000000,010000110000000000001000000001,00010000000001010000000010000,0000000000010000001110000000,000000000000000100100000000,00100000010010000000000000,0000001000000010001000100,001000000011010100000001,00000001000000000000010,1000000000100000010100,000000100000010000000,00000000001000100000,0000010100011100000,000100001001000000,00010001000001100,0000110000001000,101000000011010,00001000000000,0001000000000,010000000000,00001001000,0000000100,000000000,00010000,0100000,000000,00111,0000,0000000001,000010001,0,
00000001100110000000001010001000,0110000010100000000000000010000,000000101000000100000000010000,01000000000000100000100000100,01001000000000000000001000000,000100000011000000000000001,10000000000010001000100101,0011001000000001000000000,000100000000000000000110,0000100010000001,0000000000000010000011000000000010001000010000,0100000000000,00000000010000000001,0000100101000000,000001000000001,00100000010000000,0000000001100001000000000,0000000110000000,0100000000000000000,00010000000010000,000000010000,11001000000,01000000000,0000000001,10000000,00001010,1000001000000000,010010,0001,0010,000,00,1,
10000110000000010000000100000000,0000000000000010101000000000100,001000010100001000000000100000,00001000100000011010000000000,0000001001000000010110010000,000001000000010000000000010,00010010000000100000000010,0000100000000001100001000,000000000100100001010000,00000100001100010001000,0000001000101000000000,000100100011000000010,11000001000000100000,1000000000000000100,000000000000010000,00000100000000000,1000000000010001,000010001001000,00001000100000,0000000000100,000000000010,00000010000,0000001000,000000000,10000000,1100100,000110,00001,0001,000,00,1,
10100000000100000000001000000000,000010000000000000010000010000000,00010100011000,000000,00000000000000010010,000000,0000000000100,0000110000000100000000000000101010000000000,00000000010000000000010,00101100001000010100000000000,00010,0000000000100,1000100000000001000000100000000100000,000000000000100001011001001000,0100000000000000000000000001000,0000000110000000000,00000011000010010,00000010000001010000000,01000000000000000101,0001010000001,000000000001000000000,0000000000100010,0010,00000010000,0000001000,01,000000,0000001,10000010,000000000000,0000,000,000,0,1,
00000000000001001000000000101010,0010000001001000100001011000000,000110000001000000000000000100,00000010000000111000000000010,1100010000110000000001000000,000100000001010100000000000,0000000000000100001011000000,0010100010000000101000000,100,00010,00000001001,10000000,0001000000000001,0000000010000011010000000000,00000000100000100000,0010000000000000011100000000000001000001000110,0000,0000000000001000,0000000000100000,00010010000000,0001010000001,0000000000,0010000,010001000000101010000000000,000000000,01,010001000,000000000000101,11000000000,00000,0000000000100,10,,000,
100000000100100000010001100,0000100000100100000,000010100010000000010000000,00000000001100001,00000001,0000000000100000,0010000001000000100100100100100000100000000011100000,001100100011001000010001000000000,
00000100001010001001010000000000,0000000000000100001000000000000101,001000000010000000100100000001,00000010000010101100000001000,00110000001000000001000010000010100000101000100110,0000001000001,0010,00000000100010001000,100,0000000000000010010000000100000000100,000,0000010000,00000000001,0001100010000000100000,0000010000,0001000000001000,000000000000100,100110000000000000000000000000,0100000000000010,1001000000000010,0000000001000010,101100010100000,00000010000,0000001010100000000,000000000,1010000,000001000,000011,0000,00,00,
00001000000011000000100000010010,00000010011100100,000000011000010000000000000100000000,000010000001000000000001,00001001000000,0000010000010010000110000010000010000000110001000,
01000100100000000010000000000000,1000000010000100000000100100000,000000100000000000001000100000,0010000100001100100000010000000,0010100000000000000010010000,1000101100010000000,00000000100000010100001000100010000,00000010010100000000000000011010000100010010000000100001000000,000001001000000,00100000000,000000110000000000,00100000000101001001000100,0001000000,00000010010001000,0000001,0100000000000000,00110000000,001010000101001000,000001000000,001000000000,0001001000,000001,10000000,10000000,00000000,000000001000,0100,000,001,
00000000000000000000001000111100,0000000000000000010100110000100,000000110000000010010000010000,00011010100000000000100001000,0000000100100001100000100000,000000000000111000000001000,10000000101000010011000000,0000000100000000000000010,00101001000000001010,00000000100010000100010,0000001000001000000000,000110000000000010001,00000001000000000001,1000000001010000000,000100101000000001,00000000000010110000,0001000001000000,000000010000001,00000100100001,1000010010000,001001000010,10000001000,0001001000,000000110,01000100,000010,000000,00000,0001,000,00,0,
10000000010010000001000100000000,0000100000100110000000000000000,001000000000100100010000000001,00100001000000011000000000101,0000100010000000100000000001,000001010001000000000100000,01100000001000000000001000,0010100000100000000001100,000001001000010000000000,00000000100000000100010,0000000000000001000000000000000101100000000000010000,00000100,0000001,00000000000010101000,000010100000000000,010001000001010000000110000000000,0101000000000,0000000000010,000000000000101001000110,0100000000000000,000001000000,01000000000010010000,000,0100000000000,000000,,100000,000000,00000,0000,000,0,0,
01000100100000000010000000000000,1000000010000100000000100100000,000000100000000000001000100000,0010000100000001000100000001001000000,1000010100010000,00000100000001000100000000000001000010000,00000000000101000000,00000000001000,00000000000000010,0000000001000100000000000000000100,0000000000000100,1000000000000000010100000000,
00000000000000010100100000010000,0000000100000000000000100101000,000000101010010000000000000000,00000001001100000001000010100,0000000000110000000000001001,001010000000001010000000000,10000000000000011010100000,1001000000000100000100000,000000011000000101000000,000000001000100011100000010000000010000101001000001000001,0000001,01000000000000,000010,0000010000000010000000000,000000100000,0000001000010010010,10,0000001,100001000000001,10101000000000,00101110000,00000100000000000,0100000000,10000000,000000000,001000110,01100000000,000000,,0000000,00101,0001,0000,000,00,
00011000100000000000001000100000,0000000000000000000001110000001,0000000000000000010000001000,000000010001000010000,000010000000,0000000000000010000011000001010,000000010000000,000000000001,0010001000010000100,0000001000000010000000000,1000000010,000000000000110000001,0110000000010000,000000000001,100000000,1000010000100000000000000,000000010001001010,0000000001,0000110000001,000011000000101,100000000,01000000000100000000000010,0000000000001,00000000101,100000001,0100000000100000110,0001000,00101,00001001,0100000000000010,00000010,1,0010,00000000000110,000,000,0,
01000100100000000010000000000000,1000000010000100000000100100000,000000100000000000001000100000,00100001000011001000100000000,0010100000000000000010010000,000000100000010011000001000,00000000000100000001010011,0010001000010000,00000001110011000100000000001000,00010000000000010000000,010001000100,010000000010000000000,0000010001000001,0000000010000000010,001000101000000001,1000001001000000000,1010000010000000,000000000000000,0,0010001000,000001000010,01000000000,0001001000,0010000,000000000001,1100100,00100,0100,00000,0000,000,
0000000000100000000000000100010110000000000000000,001000100000000100100000,000000100000000000001000100000,00000000000000001,00001,0010010001001010000,001100000100000000000,00000000001000000000010000000001001,1,00010100000110100000000000,0001100001,00000000000000000000000000001001,1010000,00101,0000100001001000000,0000100010000,00110,10100000001000010,0000000000000000000000000,000000000010000010001000,001000000,0000001000000,0100000000000,00000,0001,00,00,00100000001001,,0000001,000000,00000,00,00,00,0,
10000000010010000001000100000000,0000100000100110000000000000000,001000000000100100010000000001,00100001000000011000000000101,0000100010000000100000000001,000001010001000000000100000,01100000001000000000001000,0010100000100000000001100,000001001000010000000000,00000000100000000100010,0000000000000001100001,000000000001000100100,10010,001000,,00,010000000000000110,00100001000000000,0000000000000011,000000101000000,01000000010010,0000000010000,100100000000,11001000000,0001001000,001001000,00001001,0111000,010000,00000,0000,000,00,0,
00000110000000010000000001000001,0000010101000000000000100000100,000001100000010000000010000000,00100000000000100000000001110,0001000000000000101001000100,001010000100100000100000000,00000000101000010001000000,0000001000001000000000100,000100000010000000000100,01000100000000010000011,1001000000000001100000,000000010000001001000,11000000010000010000,0100001000000100000,000000001000000000,00000000000000000,0100000000100000,010011100100000,01100100001000,1000000000000,100010000000,00001000000,0010010000,100000001,00000000,0000000,000000,00010,1001,000,00,1,
00000000010000001011000000000000,0000101000010000000000000101000,000000001011000000100110000000,00000000010010101000001000000,1000000010000000000000010110,000001000000010001001010000,00001000000001000000001010,1011000010000000000000001,000100000010100000000100,10100000000000010100010,1000000100000000100000,000000000000000000000,00000010000000000010,0000100000000000000,001000000100100101,001100100100000010001000,0100000000000010,000001000001100,00001000000000,0000001000000,100000000010,11000000000,0000011001,000000000,10000000,0111000,00000,1000,000,00,0,
01000100100000000010000000000000,1000000010000100000000100100000,000000100000000000001000100000,00100001000011001000100000000,0010100000000000000010010000,000000100000010011000001000,00000000000100000001010011,0000000001000000000101010,0001000100011101000000100000000010000,0000010000000000000000010000000,000000000101,00000000,1010000010100011100000,00010000100110100000100000110000010000,1000000000000,0000010000000,00010100000010,00001,0000000001000,1001000001,00000110,00001000000,01,0000010,00000000,000000,00000,0001,010,000,00,1,
00010000100011010000000000000000,100000001000000000010000100000,000000000001001000110000010000,01001000000000001010100100000,0100110000000100000010000000,010000000000000000111000000,00000000000000010000000001,0010001000010001000000000,001000100000100000100000,01000001001000000000000,0000000000001000100000,000001000001001000000,00001100000001000100001,0010000010001000100,1000000000,00010000001,0100000000,00001001100000000,0000000100000001000001,01000000,000101000001,000000001000,010000010000,0000100001010,0001001000,00001011,000000,10110,000000,0,00000,000,000,0,
10000000010010000001000100000000,0000100000100110000000000000000,001000000000100100010000000001,00100001000000011000000000101,0000100010000000100000000001,000001010001000000000100000,01100000001000000000001000,0010100000100000000001100,00000101000001,00001100000000100000000100010,0000000000000001100001,000000000001000100000100000,00010010110000000000,1000010000000010000,010000000000000110,00100001000000000,0000000000000011,000000101000000,01000000010010,0000000010000,100100000000,11001000000,0010000000,001001000,10000000,0111000,010000,00000,0000,000,00,0,
00000000010000001011000000000000,0000101000010000000000000101000,000000001011000000100110000000,00000000010010101000001000000,1000000010000000000000010110,000001000000010001001010000,00001000000001000000001010,1011000010000000000000001,000100000010100000000100,10100000000000010100010,1000000100000000100000,000000000000000000000,00000010000000000010,0000100000000000000,001000000100100101,00110010010000001,0000000101001000,000001000001100,00001000000000,0000001000000,100000000010,11000000000,0000011001,000000000,00000010,0000000,100000,00000,1000,000,00,0,
00000010000010010000000001001000,0000001000001001000000000011000,000000100000000010001000001000,00010010001000000000000100010,0000010000000000100011010000,110000000000000110000000000,00000000100000010100001010,0000000001000000000100000,000000100100101000000000,00100000001000000001000,1000010100000000000000,100100000000000000001,10000000100000000101,0000100000000010010,000001000001000110,00000000000000010,0010010000000100,000000110000001,00001100000000,00011010000000010000100000000,00000100,1000000001,1000001000,0000101101010000001000000,01000100,0000011,000001,00,0,000010000,
00000000000000000000001000111100,0000000000000000010100110000100,000000110000000010010000010000,00011010100000000000100001000,0000000100100001100000100000,000000000000111000000001000,10000000101000010011000000,00000001
00000000000000000000001000111100,0000000000000000010100110000100,000000110000000010010000010000,000110101000000001000000100000,0000000100100001100000100000,000000000000111000000001000,10000000101000010011000000,0000000100000000000000010,001010010000000010001000,00000000100010000100010,0000001000001000000000,000110000000000010001,00000001000000000001,1000000001010000000,000100101000000001,00000000000000100,0001000001000000,000000010000001,00000100100001,1000010010000,0010011,10000001000,0001001000,000000110,01000100,0100000,000000,00000,0001,000,00,0,
0000010000101001000000010000000001100000000,000000000000,00,100000000100000100,0000000110000000000010000,010,00011010000100000001101000000000000,0100101100000000100011000000000000,000010100000000000,000000010000000001000100000000000,00010,000101000000,0001000000100,0000000000010,00000000001000100000,00000000010,0000000001000000000,100000010000,00000010000011000,0000000000100000,0000100000000,100010,000001
00000000000000010100100000010000,0000000100000000000000100101000,0000001000010010000010101000,00000001001000000100000001001000000010000,010000000000,0000110000000001,0000110000000000000000001001000000010000000001,0000000101,000000011000000000,0000000100100000,0000000000000000,00000000,0010,000000100000100100,00101000000000010,0000010000000,0110000000000,0000000001000000101,01000,001000010,01000000,00000001000001,001000000,00000000001000,000010,0000000100,01,10100,0000000100,00001001,01001000,00010000001,00000000001,000,00,,000,00,01000,
00001000010010000001000100001000,0010001001000000000000010110000,000000001010100100001000000001,00001100100110010000000001000,0000100000000000001000100010,000001000011000010100000110,00010100000100010000100000,1010000000000000001000010,000000000000000000001001,00100000001000000000100,0000100001000010000000,000100000000000010000,01000000010001000000,0000110100000000000,001000000010000001,00000000000000000,0100000000000000,00001000100000,00000000100000,1001000001,000000010001,00001010100,0000000010,101000001,01000000,0000100,010000,00000,100001,0,00,0,
00000010000000001000001000100000,1001000000000000011000000000000,100000000000000010000010101000,00000100000101000000000000000,0000000001011101000001000000,000000000000001000000010010,00001000110010100000000000,0100000000000000000000110,001000000000000001100011,11010000001000000000100,0000010000000100100000,010000110000000000000,00000100000100010000,1000000001000001000,000000000000110000,00000100100000010,1000000000000001,000011000000000,00000110000000,0010000000000,000001000000,00001010100,0000000100,100001000,00000010,0001101,001000,10000,0100,000,01,0,
10000000010010000001000100000000,0000100000100110000000000000000,00100000000010101000,0010000000100000000010100000000000100000,00000000001001010001000000000000000001,000001010001000000000100000,0010000000000000010001000001,0010100000100000000001100,01000110000000,0000000100000000000001000,000000001000001010000001000000,010000100000100000000101000001,1000000000000000100100000,01000000,01000000,00000000001010000,00100001000000000,0000000000101001000,01000000000000,000001110010000,0000100,0000010000000,0100000000,0100000000000,00100000000110,0000010,0001000001,000000,00000,0010,00010001,0,00,0,
00000000001000000001000000010000,0010001110000000000000100000000,010000000000001010001000000001,00100100000000000001000001010,0000000000100110000000000100,000011000000000110001000000,00000000000010000100110000,0001000000000000000001101,000001000000000101000000,01000001000000010000000,0010000000010000010000,000000000000010000001,00101000000001010000,0000100000000010001,010000001010010000,00000010010001000,00000000001100,000001000,000,1000000000000,0000000010000,100000010110,01100000100,0001000000,000001000,00100001,0000000,0000000,00000,01,000,00,1,
10001100010000000000000010000000,0000000010100000000000101000000,01000,0100100000000,0000000000000101000,01000000000100010010010001001010000,001000,000000010000000000010,0000000001,0000001,10010100000,0000100000000100,0001000000101000000000100000000000100100000000010,00001000000000110010000000000010010001000000000011000000010000100000000,0000000000001000,000000010000001000000001000,000000001,1000000110000010000101000,100001000010000000000100000100000,0000101000000000,0000100000000001000000,0100000000000,01000000000001000,00001000001,,000000,00000011000000,010,000000,00101,000100,1,
00000000001000000001000000010000,0010001110000000000000100000000,010000000000001010001000000001,00100100000000000001000001010,0000000000100110000000000100,00001000000100001001,000010010001000000100000000010000001,0001000000000000000001101,000001000000000101000000,0001000010000,00001000000,00000000000001000100000,0001000000000000000000000,0000010000000000,0000100000000000000000100000000000001000,
00000000000000000000001000111100,000000000000000001010010000000000100,010000000010000000010010000010000,0001101010000000000010,0010100001001,000001010000000101000000000,000001000000000010010110000,000001010000001100,0000110101000000000,10000000000000000010,0000000010,00011000000000100100000001000100001000000000000,000100010000010000,000010000010000,01000100010000100,00000000,0000100000,0001000,00001001000110,0000001000000,100000000100,0000000000,00001000001,100000001,00000010,100000001,00000000,0000101,1000,0001,000,000,0,
00000000000000000000001000111100,0000000000000010001000,100010001100000000101000,001010000000,100100100011010000,00010000100010100010000000001,00000000001000000000000000010001110,,000110011000000010010000,000000000000000001000,00010000000011000000000000,10100000000000,0000000010000110000010010110000000000,00000100000010,010000000000010,000000100100001000000000,000000001000000,00000001001000001,001,00001,0000000010000,00000000010,0000001,100001,
00000000000000010100100000010000,0000000100000000000000100101000,00000010100001000100000,00000001001000000110100000000000,11001000,000000010000000010000100000101000100000001,10000000000,001000010010,0000010000000001,00000010000000,00000100000010,00000000,1000000,0000000101000000000000,000000000000010,0000001100,000000011,10000100001000,00010000100,0001,0000000000000000000000000,010000100000000,0100000000100,000000010100100000000,0000001,00000001000,0000001,00100,,00000000001,00010001,0000000,11001000000,00000000010,00000,0010,00,0,1,
00000000000000000011000000010001,0100010100000000000000000000011,000000000110000000100000010000,00000000010001000000010000010,00000000100000000100000,000000100001000010100000001,0000000100001100000100000,0000001000010100000000000,00000100000000010001,00000001000000000000010,1000000000100000010100,000000100100,0001001,000000101,00010010000000100000010000010000000100,00000000001,000001000,00000000000000000,0000000001000,0100000000000000,0000000000100000,0001000001000,0000001000010000,0100000000000,01,0010000,0001,00010001000,001000,0000000,000,000,000,0,
00000000001010001001000000000,000010000000000000000010000,00100000,00100000001,00000000001000010001000000111000000000010,11001000000101000000000000010000,01000000100001001000,000010001000000010000101000,000000000000,0000000,000101000000,001000011010000,01000100000001,0000000001010000000000100000000010100000000
10000110000000010000000100000000,0000000000000010101000000000100,001000010100001000000000100000,00001000100000011010000000000,0000001001000000010110010000,000001000000010000000000010,00010010000000100000000010,0000100000000001100001000,000000000100100001010000,00000100001100010001000,0000001000101000000000,000100100011000000010,11000001000000100000,100000000100,00000000010010001000000001000000000,000010000,1001000000000010,00001000100000,10000001,000001,10000000000000,00000010000000000000100,0000001000,00001,00000,0000000100000000000110,00001,0000,000,00,
00000001100110000000001010001000,0110000010100000000000000010000,000000101000000100000000010000,01000000000000100000100000100,0100100000000000000000100000,000100000011000000000000001,10000000000010001000100101,0011001000000001000000000,000100000000000000000110,00001010000000000000000,1000001000000011000000,000000000000100001000,00000000010000000001,0000000001000010000,000001110000000000,10000010000101000,0000000000000010,010100000000000,01001001000000,1000000011100,000001001000,00100100010,0000000001,000000000,00001010,1100000,000011,00000,0010,000,00,0,
00100000001000010010110000000011100,0000110000001000000,000000000000000001,000010010001000011001,10000000000011010010100010000100000010,00000010,0100000100000,000000000000110000000000,0000001000000000000000100000,00000001011001000000000000010000000000010,000000000000100,0001000,00100000000101,0,000000000,000000010000010001000,000100000000000010000,01000000010001000100101000000001,0000000000,1,010100100010010100000010000000,000000000001000,000000000000,0000000000000001,0000000000000,1000001010,000000000,00000000,01100000000,0000000,0000,001,0000,10,000001000001,0,
00000000001000000001000000010000,0010001110000000000000100000000,01000000000000101000100000000,00100100000000000001000001010,0000000000100110000000000100,000011000000000110001000000,00000000000010000100110000,0001000000000000000001101,000001000000000101000000,01000001000000010000000,0010000000010000010000,000000000000010000001,00101000000001010000,0000100000000010001,000001000000000,00010001,00001001100000000,1000010000100000,000000001000000,00000001100100,0000000010000,100000010110,01100000100,0000101000,000001000,00100001,0000000,000010,00000,0000,000,00,1,
00011000100000000000001000100000,0000000000000000000001110000001,001000010000101000000100000000,00000000000000111011000000100,0000001000100001000000100010,000000001011000001000000000,00000100001000100000110000,1000010000100000100010000,001001000010000000000001,10000000000010011010000,0000000001100101000000,100110000010000000000,00000000101000000000,0000000110000000000,000010100000000000,01000000000,000000000000001000000010010011000,1000000000010001,01001000000100000,0000000,01000000000000000100000,000000000000000001000000,10000000000,00000000,0010000,00000000,000000,0001000000,0000000,,01,000,
00001000010010000001000100001000,001000100100100100100100010,00000000101000000,000000000000011000000,00000000,001000000001100010000,00000100000100000010,00000100110000,000101001000000000001000101000001010000010001000000000000000001,0001000000001000000100000000010000,000,000111010100000001,000000000001,00011000000,00001000000000110,01000111,00000000001,1000001000,100,00000001001,100100000000001100,000000000001000,0000000010000,000,0000000000000011000000,0001000000001,0001,1000000,0110000,0000,000011,000,,00000000000001,
000101010000000000000000001
00001000010010000001000100001000,0010001001000000000000010110000,000000001010100100001000000001,00001100100110010000000001000,0000100000000000001000100010,000001000011000010100000110,00010100000100000000010000000001,1010000000000000001000010,0000000010001000000,00100000001000000000100,0000100001000010000000,000100000000000010000,01000000010001000000,0000110100000000000,001000000010000001,00000000000000000,0100000000000000,000000000100001,00000000100000,0000010000010,000000010001,00001010100,0000000010,101000001,01000000,0000100,010000,00000,0000,000,00,0,
00000000000000000000001000111100,0000000000000000010100110000100,000000110000000010010000010000,0001101010000000000010000110100000000000110100100100100000,00000001,00101000000000000000100000,000000000110100000000100001000000001100001000,0010100100000000100000,00000000100010000000010000100000000,0000,000110001,000,000000010010,00100101,0001100,10011000000000,000101000000,0001000001,00000001000001,0010000,0001,0100000000,1000000000000,00000001100000000,0001,00000010,1000000,001000,000000,001,000,0,00000000001,
10000110000000010000000100000000,0000000000000010101000000000001000001,000100000001010000100000100000000,0000000001,00011001,000000010000000000100,10000100,000010001000,0000001000000100000000000100,00000000000000100000010000010000000010000000001010,0010000010000000000,00010010100,010000101000000001,10000000100000000,000010000000001,100000000001000100,0000000000001,10011000000000000,0111000,000000010000001,00000100001001,1000010010000,0000100010,00010000001,0000100000000,0001100000,01,000000,000010,01000,1001000,00010,01,000,
00001000010010000001000100001000,0010001001000000000000010110000,000000001010100100001000000001,00001100100110010000000001000,0000100000000000001000100010,000001000011000010100000110,00010100000100010000100000,1010000000000000001000010,000000000000000000001001,00100000001000000000100,0000100001000010000000,000100000000000010000,01000000010001000000,0000110100000000000,001000000010000001,00000000000000000,0100000000000000,000000000100001,00000000100000,0000010000010,000000010001,00001010100,0000000010,101000001,01000000,0000100,010000,00000,0000,000,00,0,
00000001100110000000001010001000,0110000010100000000000000010000,000000101000000100000000010000,01000000000000100000100000100,0100100000000000000000100000,000100000011000000000000001,10000000000010001000100101,0011001000000001000000000,000100000000000000000110,00001010000000000000000,1000001000000011000000,000000000000100001000,00000000010000000001,0000000001000010000,000001110000000000,10000010000101000,0000000000000010,010100000000000,010010010000000000101000,100000001,000001001000,00100100010,0000000001,000000000,00001010,1100000,0000100000000000,00000,000,000,00,0,
10000000010010000001000100000000,0000100000100110000000000000000,0100000,0000000001,000000000,00000,0010000000001100000010000,00000,00000000011000000000000001,1000100000000010000001,000000010100001010000,100001001011010000,0000000010000,000000000110010000100000010100000000000,0000000100010010110000000000,0000000000001
00001000010010000001000100001000,001000100100001001000001,00000101000100000000010000001,000000001,00001000000,00000000000000,00000000000000000100000,000000000100100000,00000010000000,000001000,00000001000,10000100000101000000,0000000000100,000100000000100000,0001001000000100100000000,0100000,00000001000000000001,00000000010001,0010000001001,0100000010000000001000,001000000010000,00000000000000000,000010001001000,0110010000001000000,100,10000100000,0100000000,0000,00000010,01000000,000000,01000000,0000100000000,00001,0000,0,
010000000011010001000001001000,000000101010000000000000000001000,0000010000010000000000100000100100100000,000111001000000100000101,0000001000000000010000,1000000000000000110100001100000000100000000000,00001000010101000010101000110000001,000000100000000000010010,0000010000000000000001000000000110000,00000010000000000000100000010,01000000000000010100011000,0000001000000000000,1000000,,10000,100000101000000000000,1010000010000000000001010000010010,000001000000,0000001000000,00000,100000,00101,0100000011000001,0,10000,,100000,000000,00,0000,000,,00,0,0,
00000000000000000011000000010001,0100010100000000000000000000011,000000000110000000100000010000,00000000010001000000010000010,0000000000111000000000000100,000000100001000010100000001,10000000000001110000000100,0000001000010100000000000,000001000000000100011000,00000000000000000001001,1000000000100011000001,001100000001000100001,00000100100100000010,0010000001010001000,001010000000100000,00001001100000000,0010000000001100,000010000000000,00001001000110,0000001000000,010000000010,00000000000,0001001000,000000000,0000000,1000000,000000,00000000000,0001,000,01,0,
10000110000000010000000100000000,0000000000000010101000000000100,001000010100001000000000100000,000010001000000101000000,100100110000001000000001,00001000100000,01100000000100010,1100000000,0000000000001,00000000010000000001,00000010010000000000000011000101000000010000,000100001001000101000000,011001000000,00000000000010000100,00000000010000000001000010100000,001000,00001100000011000010,0000101000000,00000000000000000,000010001110010000010000,0000000000100,000000000010,01,0000100010000001000,0100001,10000000,11001000000,000000000000100,000000000000,0001,000,0,000,
00000010000010010000000001001000,0000001000001001000000000011000,000000100000000010001000001000,00010010001000000000000100010,0000010000000000100011010000,110000000000000110000000000,00000000100000010100001010,000000000000101,,000000100100101000000000,00100000001000000001000,1000010100000000000000,100100000000000000001,10000000100000000101,0000100000000010010,000001000001000110,00000000000000010,001001000000000011,101000001,000000001,0001010000010,10000000,01,1000000000000,0000101,0001001000,0001000000,000001000,01001000,001,00,0,
0000111011000000000001000010000000010000110000000100000000,001,,001000100,00000000000001000100000000010100000000010000,10000,00100001000000,00000000101100010100011000,000100000000000000000110,00111000000000000100,000001000001,00000000000010010,0001010011000010000,001010000000001000010000001000000,0000100,0000110000,0100000000000,0000010000001,0010000000,01000000010000000100000,0110000000010010000000000100000000010000000001,001,00000000100000,0000000000010,000110000000,000000001,00000011,00000000,,00010000100,000011,000000,000,000,0,
10010000000000001000000011100000,1000000000000000001000000000010,100000001000000010001000010000,00000000100000100000001010000,0011001000000000000000100000,000000100010000001000100000,01000000000000000110010100,0000100000000000000000001,000000000110100000000000,100000,00010001000011,0001001000,0100000000,0000100011,000000110000000000,00000010000,00000000010001,100,00000000,,00001001100000000,100001000010100000000,0000010,000000011001000,010000000000,00000000010,00000010000,100000000,00000011,1000000,01000000,00100,000011,0001,00,00,0,
00011000100000000000001000100000,0000000000000000000001110000001,001000010000101000000100000000,00000000000000111011000000100,0000001000100001000000100010,000000001011000001000000000,00000100001000100000110000,1000010000100000100010000,001001000010000000000001,10000000000010011010000,0000000001100101000000,100110000010000000000,00000000101000000000,0000000110000000000,000010100000000000,100000010000,0000000001001000,000000000010000,000010010100000100100001,000000000001000,0001,00000000010,000000001,00100100,0010,001,00010000000010,00000000000100,00,0001,0,
01000000100000000000100000010000000000000100100100,0000101100000,0100000000000000010001100100000000000000001,00000000001,0010000010001,00001001,000110000000001,0000100100000100000000010000001,0000000001000000000000100010,00000001010000,000100000000000000110,0000000000001000100000,000000000100,10000000001,000100100011000000010,00001000100000,001,010000000010000000000000001001,1000000000000100,1000000000000001,1000000000,00000000001,000000000100001000000000,0000000001,1000000001,01,001,0,00000000,0001000,010001000,000000,0000,001,0001,000,0,
00000000000001001000000000101010,0010000001001000100001011000000,000110000001000000000000000100,00000010000000111000000000010,1100010000110000000001000000,000100000001010100000000000,00000000000001000000000001,0111000000000000100010000,000110011000000010010000,01010000000000000000010,0000010000000100000000,100000001000000000000,00000000100000100000,0010000000000000011,001000001000000000,00000010000100100,0000000000001000,001000000010000,00000000110000,0010000001001,000000000000,01000100000,1000010101,000000000,10100001,0000100,000010,01000,0000,000,10,0,
00000100001010001001010000000000,0000000000000100001000001000001,001000000010000000100100000001,00000010000010101100000001000,0011000000100000000100001000,000000010010000000001000000000,00000100001000000000001001,0000100010000001000000010,100001000001000000000000,00000000010000000100001,00100000001,00100000001000000000100,00001000010100000000000000,0000001,00000000010001,00010001,,010001,100000,0110000000001000,0000001,0100000000000000,0000010000000,0000001000000,,01000000,10000010000,000000000001,,0000001000,000000,0001000100,,00000100010000,00000,,,,,
00001100000001000000000001000000,1000000000000100010000010000000,000000000010010100001000100000,00000001100000000100011100000,100,0100000000000001000,0000010110000100000001001,00010000011000000000000010,0000000101001000101000000,110000000001000000100100,01000100000001000000000,0000000010100000000000,000110000000000000000,00000100000110000011,0000000001000000000,000000000000111001,00000000000010010,1100000000001100,000000100000000,01000000010000,0100100000000,010000000000,11001010000,1000001010,000000000,00000000,0001000,000100,00000,0000,000,01,1,
00001000010010000001000100001000,0010001001000000000000010110000,000000001010100100001000000001,00001100100110010000000001000,0000100000000000001000100010,000001000011000010100000110,00010100000100010000100000,1010000000000000001000010,000000000000000000001001,00100000001000000000100,0000100001000010000000,000100000000000010000,01000000010001000000,0000110100000000000,001000000010000001,00000000000000000,0100000000000000,000000000100001,00000000100000,0000010000010,000000010001,00101000000,0000000010,101000001,01000000,0000100,010000,00000,0000,000,00,0,
00010000000000001,0010010000000100,0000100011000000000000001,000000000,00100100000000,00000000,0001001010000000010000,00001001000,000000010000000000110000000000000001000,001000000001000,0010001000,00000001000,10000100000100000000001,0000000100000000000001000,000000000100,10000000000010000100,0101,001000000000100,110100000000110,00001000000000000,00000100000000,0100000000000010010010000010000,00000100100,0000000100,0000000010000,0000010000010,00000001001110000,0000001000,10000,0010001,0100001,00000,010,0010001,001,10,00,
10100000000100000000001000000000,0000100000000000000100011000000,000110001000000000000000001010,10001000000010001000000000000,0101000000000000000100100000,000010010100000110000000100000000,00000000001000000000010100,0010100010000000101000000,010000000000000,00100000000100010001001100,00000000000000000100000,0000100011010000000000,00001000010000000001,0000001,0000001000000000000,000101000000000000000100000,0000100000000000000010,000000000010000,0000,001,00000000001100,10000001000,100100000100,00000,110000100,,00100000,0000,000,001,000,
00000000000000000011000000010001,0100010100000000000000000000011,000000000110000000100000010000,00000000010001000000010000010,0000000000111000000000000100,000000100001000010100000001,10000000000001110000000100,0000001000010100000000000,000001000000000100011000,00000000000000000001001,1000000000100011000001,001100000001000100001,00000100100100000010,0010000001010001000,001010000000100000,0000000001010000000000000000,0100000000000001,000001000001100,00001,0001000000100,010000000000,11001010000,0001001000,,100100001,000000,000000,01000,000100000,000,01,0,
10000000010010000001000100000000,0000100000100110000000000000000,001000000000100100010000000001,00100001000000011000000000101,0000100010000000100000000001,000001010001000000000100000,01100000001000000000001000,00101000001000000000010100000000100000,00100010010110000100000000100000000100010,00000000,1,001000000000100,000100101,00000000000010101000,000010000010000,01000100000111100000000,0000000000000011,000000101000000,01000000010010,0000000010000,100100000000,110010,00101100000000,001001000,01000100100,1100100000,00010,0010,001,00,0,00,
000010000100011000000000010000001,000001110000000000000100000000,0100,000000000001,000010100000000100000110000000000,00000100000,00000100000000000000100100100000,000001010100000,1000000100010000100,10010000000001,00000010000000000100000000001000000001000001,1000000000000000,1010010001,000001000000,0101,010000000000010,1001
00000000010000001011000000000000,0000101000010000000000000101000,000000001011000000100110000000,00000000010010101000001000000,1000000010000000000000010110,000001000000010001001010000,00001000000001000000001010,1011000010000000000000001,0001000000100000000000000010,11000000000000100,00000000100000,0000100,000000000000000000000,00000010000000000010,0000100000000000000,00010000101000000001,00000001000000001,0000000101001000,000001000001100,00001000000000,0000001000000,100000000010,11000000000,00000100,10100001,0,000001,000000000,000,000,,00,00,
00000000000000010100100000010000,000000010000000010100000000,010000000000000,00000000000000000101000010100000010000000001001000000100000010000100,0100000,0100000,0001000010000010000000110,000000001,10000000,00001001010000001000100000,10000000100000000,01000100000000000,000000001,0001000001000000,00000000011001000000000100001010,0100000001,,00000110001,1000000000000000000000,0010001010000000010,000000000100000000000,01000000000100,000000100000000000001,0000010000000000000011,0,00000000001,100100000100,0000010010000001,000000000,000000000,00000000,0000,,,000011,00000,,,,,0,
00001000000011000000100000010010,1000010000000000000000000010100,010000000000000000010000001000,00001000000110000000100000000,0100100001000000000010000000,001000000000100000010010000,00100000000000000100010000,0000100010100000000000,000000000000101000000011001000100101,0000000001000001000100101000,0100,0,000010001000000110000010000010000000101000000000000,001,10100001,00000010000000,0000000000100000,10001,1001000000000010,0000000000010000000,00101110000,01,00000010,0000001,0000001000,10000000,001000,000000,001,000,001,0000,0,
000010010000000110000001001,100000001000000000011000,0100100011010000000000000011101,0000011010000000000,100001,0010000000101000000000100000000000001,0000000010001000,0100000000000001000001100000000010000001,000010001000000,000000000100000,100001000001,00010001000001,00001,1000000000001000000001,0000001,100000001000100001,,0000000000001011000110000001000,00000010000000001,00001,00000010010001000,0000001100,01010000000000100,00001,000000001000,0000000001,0000100010,01000000000,000001,0000001000,000000,000001,000000,10000,0100,00,100000000000,
10100000000100000000001000000000,0000100000000000000100011000000,000110001000000000000000001010,10001000000010001000000000000,0101000000000000000100100000,000010010100000100000001000,00000000001000000000010100,0010100010000000101000000,111000000000000000000001,00000000100010001001100,0000000000000000010000,010000010000000000010,00001000010000000001,1001010000001000000,001100000110000000,10000001010000000,0000000010000100,000010,01000000000000,0010000010000,100000010010,00100001001,0010111000,100010000,00100000,0000010,,001,000,0,0,
00000000000000000011000000010001,0100010100000000000000000000011,000000000110000000100000010000,00000000010001000000010000010,0000000000111000000000000100,000000100001000010100000001,10000000000001110000000100,0000001000010100000000000,000001000000000100011000,00000000000000000001001,1000000000100011000001,001100000001000100001,00000100100100000010,0010000001010001000,001010000000100000,00001001100000000,001000000000110000001,0000100000000,000010010001000100010000,0001000001000,0000001100000,1000000010000011100000000,000000000,000000000,0,000000,0010010,0000,000,0010,000,
00000110000000010000000001000001,0000010101000000000000100000100,000001100000010000000010000000,00100000000000100000000001110,0001000000000000101001000100,001010000100100000100000000,00000000101000010001000000,0000001000001000000000100,000100000010000000000100,01000100000000010000011,1001000000000001100000,000000010000001001000,11000000010000010000,0100001000000100000,000000001000000000,00000000000000000,0100000000100000,010011100100000,01100100001000,1000000000000,100010000000,00001000000,0010010000,100000001,00000000,0000000,000000,00010,1001,000,00,1,
00000000001000000001000000010000,0010001110000000000000100000000,010000000000001010001000000001,00100100000000000001000001010,0000000000100110000000000100,000011000000000110001000000,00000000000010000100110000,0001000000000000000001101,000001000000000101000000,01000001000000010000000,00010000000010000010000,000000000000010000001,00101000000001010000,0000100000000010001,010000001010010000,00000010010001000,1000010000100000,000000001000000,00000001000001000001,0010000,0000010000000,0100000000,01100000100,0010000000001000,000001000,00100001,000000,000010,00000,0000,000,00,1,
00000001100100000000000101000000,0001110101000000000000010000000,010000110000000000001000000001,00010000000001010000000010000,0000000000010000001110000000,000000000000000100100000000,00100000010010000000000000,0000001000000010001000100,001000000011010100000001,00000001000000000000010,1000000000100000010100,000000100000010000000,00000000001000100000,0000010100011100000000001,000100001001000000,00010001000001100,000011000000100,101000000011010,00001000000000,0001000000000,010000000000,0010000000,0,0,00010000,0100000,000000,00111,0000,001,10,0,
00010000100011010000000000000000,1000000010000000000100001000000,000000000001001000110000010000,01001000000000001010100100000,0100110000000100000010000000,010000000000000000111000000,00000000000000010000000001,0010001000010001110100000100000000,0000000000001010010001,1101000000000,0000000000001000100000,000010,001010000101000000000,0000000010010000011,00000000010001,010000001000000001,0100000001001000,0000000000000000,001,00000000010,00000001100000,0000100100,0100000000,000001000010,0000010001001000,000000,000000,000000,00001000,1100,,000,00,000,00,
00000000010000001011000000000000,0000101000010000000000000101000,000000001011000000100110000000,00000000010010101000001000000,1000000010000000000000010110,000001000000010001001010000,00001000000001000000001010,1011000010000000000000001,000010011000000,000000001,100010001000000001000,110000000000000100000001010010000010000100101000001001000,0100001000000110000,00100100000000000000100,100001100000000,000000001100,0000000010,000001100100000010000,0100000000,01000100000,11000000001,0001001000,0001000000,100,00001000,000100001,1000,0001,000,000,0,
00000000001000000000000000001000000000000010000001000,10000100000100001000000010000001,001000000010000,00000000000000001,00,00110010000000001000000000,000010000000010000,00001000000100000010101000000000000,000100000000010000,010000,0100010000001,000100000,01000000,0000010001000001000000001,00000100001000,010,00000000100010000101100000000,01000001,101000000011000000,0000000000000000000000000,0100001000001000,01000000010010,01,000000000000,00010000100,0000010001,0000,1110,01,000000,000000,00000000,1000000000,00010,000,0,0,
00011000100000000000001000100000,0000000000000000000001110000001,001000010000101000000100000000,00000000000000111011000000100,0000001000100001000000100010,000000001011000001000000000,00000100001000100000110000,100001000010100,001000,1100000000,0000000010001000,01000100000001000000,001000000,000100000,1000000000000000000,00000100,0000000001000,11001,00000000000000010,0010010000000100,10000100001010000000000,1001001,000000000100001,1000000010000,00,0100000000,001110000,000000100000,000001000,0000,000000000010,00,000,0,0,1,
00000000000000000011000000010001,0100010100000000000000000000011,000000000110000000100000010000,00000000010001000000010000010,0000000000111000000000000100,000000100001000010100000001,10000000000001110000000100,00000010000101000000000000,000001000000000100011000,00000000000000000001001,1000000000100011000001,001100000001000100001,00000100100100000010,0010000001010001000,001010000000100000,00001001100000000,0010000000001100,000010000000000,00001001000110,0000001000000,010000000010,00000000000,0001001000,000000000,10000000,1000000,000000,00010,0001,000,01,0,
00000000000000000000001000111100,0000000000000000010100110000100,000000110000000010010000010000,00011010100000000000100001000,0000000100100001100000100000,000000000000111000000001000,10000000101000010011000000,0000000100000000000000010,001010010000000010001000,00000000100010000100010,0000001000001000000000,000110000000000010001,00000001000000000001,1000000001010000000,000100101000000001,00000000000000100,0000000000000010,000000010000001,00000100100001,1000010010000,001001000010,10000001000,0001001000,000000110,01000100,0100000,000000,00000,0001,000,00,0,000000100000101,0,
10010100000000000001000100000,000000110000000000000000010000000000000,000000100000010000000001010000000000000101100100100000000000,00100000001000000100010,0000010000000101010000000000,0000000110010000,10000,0,00000000010,000001010010000001000,00100000010011000000000,01000001100,01000000000,00100001,010,001000000010000,00000000000001100000110000000,1000000101,0010000001,0000000001000010001,0000001000001,1000011100000000001000000,100000000000,0010001,0000000100,00000001001,0001001000,0000000010,000000,00000,000000,10000,010,00,0,
00001000010010000001000100001000,0010001001000000000000010110000,000000001010100100001000000001,00001100100110010000000001000,1101000001000100000,0000000000000100,10,0000,00010100000100010000100000,1010000000000000001000010,00000000000000000000100000,00100000001000000000100,0000101000,0000001000000000001,0000100000000010001,010000001000000001,01000000,0000101000000,010000000000001010000000111001000000,00000001100000,10010001000000,010000000010,10000000,0010000000001110000,00,10000,0000000,0000000,000000,00101,00000,,000,0,000,0,0,
00000000000000000011000000010001,0100010100000000000000000000011,000000000110000000100000010000,00000000010001000000010000010,0000000000111000000000000100,000000100001000010100000001,10000000000001110000000100,0000001000010100000000000,000001000000000100011000,00000000000000000001001,1000000000100011000001,001100000001000100001,00000100100100000010,0010000001010001000,001010000000100000,00001001100000000,01000000,00100010000100,00001001000110,0000001000000,010000000010,0000000000110000,000100000,0,0010,10000000,001000000010000,0001,000,01,0,
10000000010010000001000100000000,0000100000100110000000000000000,001000000000100100010000000001,00100001000000011000000000101,0000100010000000100000000001,000001010001000000000100000,01100000001000000000001000,001010000010000000000100000010000010000000001,,0010000001,00000000100000000100010,100001,000010,0000100010000101000000010010010000010001000100,00000000000,0010000001000,11001,00100001000000000,0000000000000011,000000101000000,01000000010010,,0000001000000,01100000000,11001000000,100010,000000000,
00000000001000000001000000010000,0010001110000000000000100000000,010000000000001010001000000001,00100100000000000001000001010,0000000000100110000000000100,000011000000000110001000000,00000000000010000100110000,0001000000000000000001101,00000000,0000000000001,00000100000100000,0000010001000000001000001,10000001000,000100000001000001001000001,0000100000000010001,010000001000000001,00100000010000,00000000000000000,000000000010000,000000001000000,00000001100100,0000000010000,1000000000100000010000000000000011,001,0000000001,000000,000000001,0000,01001,000010,00000,0000,000,
10010000000000001000000011100000,1000000000000000001000000000010,100000001000000010001000010000,00000000100000100000001010000,0011001000000000000000100000,000000100010000001000100000,01000000000000000110010100,0000100000000000000000001,000000000110100000000000,01100000000100010000000,1000110001000101000000,000000000000100000000,00011000110000000000,1101000001000000000,000100000000100110,00001100000010000,0000000000000000,000010100000000,00000001000001,0011000001000,010000000000,00000000010,0000001100,010000001,00000011,1000000,001000,00100,0000000000,010,00,0,
10000110000000010000000100000000,0000000000000010101000000000100,001000010100001000000000100000,00001000100000011010000000000,0000001001000000010110010000,000001000000010000000000010,00010010000000100000000010,0000100000000001100001000,000000000100100001010000,00000100001100010001000,0000001000101000000000,000100100011000000010,11000001000000100000,1000000000000000100,000000000000010000,00000100000000000,1000000000010001,000010001001000,00001000100000,0000000000100,000000000010,00000010000,0000001000,000000000,10000000,1100100,000110,00001,0001,000,00,1,
00000000000000000011000000010001,0000000100,000000000000100,000000000110000000100000010000,00000000000000001,0100000000000,00100000000000000100000000100000010000010000000110100000000,00000100,0100000000000010110,000000000110100000000000,0000000001000110000,1000110000000,0000000101000000000000,0000000100000000,0000001001000,000000100100,0000001000000000000,000001000000000,0000101,000000000100000000000,00001010000000000,00000010000000,00001000110000000000001000,0000010000000000,0000001100,000000100,000000000,10001,0000,0,0000000000000010,00,000,000,0,1,
00001000010010000001000100001000,0010001001000000000000010110000,000000001010100100001000000001,00001100100110010000000001000,0000100000000000001000100010,000001000011000010100000110,00010100000100010000100000,1010000000000000001000010,000000000000000000001001,00100000001000000000100,0000100001000010000000,000100000000000010000,01000000010001000000,0000110100000000000,001000000010000001,00000000000000000,0100000000000000,000000000100001,00000000100000,0000010000010,000000010001,00001010100,0000000010,101000001,01000000,0000100,010000,00000,0000,000,00,0,
00000100001010001001010000000000,0000000000000100001000001000001,001000000010000000100100000001,00000010000010101100000001000,0011000000100000000100001000,000000010010000000000000100,00000100001000000000001001,0000100010000001000000010,100001000001000000000000,00000000010000000100001,0000000010000100000000,001010000000100000000,00010000000001100000,0000001000010100000,010000000010010000,01000100010000100,0000000000000000,000000000000100,01001000000100,0000100110110,000001000010,10000010000,1000010000,000000101,00001010,000000000,,00,0010,001,00,0,
00000000001000000001000000010000,0010001110000000000000100000000,010000000000001010001000000001,00100100000000000001000001010,0000000000100110000000000100,000011000000000110001000000,00000000000010000100110000,0001000000000000000001101,000001000000000101000000,01000001000000010000000,0010000000010000010000,000000000000010000001,00101000000001010000,0000100000000010001,010000001010010000,000000100100010000,1000010000100000,000000001000000,00000001100100,0000000010000,100000010110,01100000100,0000101000,000001000,00100001,0000000,000010,00000,0000,000,00,1,
00000110000000010000000001000001,0000010101000000000000100000100,000001100000010000000010000000,00100000000000100000000001110,0001000000000000101001000100,001010000100100000100000000,00000000101000010001000000,0000001000001000000000100,000100000010000000000100,01000100000000010000011,1001000000000001100000,000000010000001001000,11000000010000010000,0100001000000100000,000000001000000000,00000000000000000000,000000010000001,0000011100000000,01100100001000,1000000000000,100010000000,00001000000,0010010000,100000001,00000000,0000000,000000,00010,1001,000,00,1,
00000000000001001000000000101010,0010000001001000100001011000000,000110000001000000000000000100,00000010000000111000000000010,1100010000110000000001000000,000100000001010100000000000,00000000000001000000000001,01000001000001,10000000100101000110011000000010,000111010000001000000000100,00000000010000100101000000,00001000000100001001,00000010000000000010,0001000000001000000000,000000000000110000,0000000000001000,000100000000,00010010100000,010000000010000,0000001000,000000000000,00000000,11001000000,000100000,001,10100001,001000,0000010,10100000000000,000,0,000,0,000,0,00000,0001000010,
0000100000001100000010001000010,01000,00100000,0000000000011,
01000100100000000010000000000000,1000000010000100000000100100000,000000100000000000001000100000,00100001000011001000100000000,0010100000000000000010010000,000000100000010011000001000,00000000000100000001010011,0000000001000000000101010,110011000100000000001000,00010000000000010000000,0101100000000000010000,010000000010000000000,00000000000000000110,0000000010000000010,001000101000000001,10000010010000000,1010000010000000,000000000000000,0000000000110001,00000001001,100100000100,10001100100,0001000000,000000001,00001000,0000101,010000,00010,0000,000,00,1,
00000000001000100000,000100001000,0000100100000000000001000,0000000010000,000000001000,00,000001000,0010010000001,00000,0000010001000100000,000000001
00000000001000000001000000010000,0010001110000000000000100000000,010000000000001010001000000001,00100100000000000001000001010,0000000000100110000000000100,00001010,0000000001110000,000000000001001,10100000000100000000,00000010110000010000,000000000000101000000011000010000,00010000010000000000000000000,011100100000000010000000001,101000100000,000100001001000000,0010000000,0000000,0010000000,01,001,000000000100001000000000,010000000000,11001000000,0010000000,100010000,0010000,00001000,0000000,0000,001,01,000,00,0000100,
00000000000000000011000000010001,0100010100000000000000000000010001000,0000000001000000100000000,10000000000000000,00011010100000000000100001000,0000000000110000010000,100001001000000000000,000,0000001,0000100010000,0000001001000011011000001,000001010000010000010000100000000000000110,0100000000000,0000010100000000000,0000000100000000010,00000100010,00000100,0000010010000010,010000000010100010000100,000010010001,1000010001000,0000010000000,0100000000,0001001000,,1001100,0000010,10000000,000000,0000000010,000,,000,0,
00010000100011010000000000000000,1000000010000000000100001000000,000000000001001000110000010000,01001000000000001010100100000,0100110000000100000010000000,010000000000000000111000000,00000000000000010000000001,0010001000010001000000000,001000100000100000100000,01000001001000000000000,01000100000001000000,10000000110000000,00001000000100001001,0010000010001000100,100000000000010000,00000000010000001,0000100100000010,000000000000010,101010,0000000010000000000000011,10100000000000,00000000000,1000000000,000001000,00000000,0001,00000010,10000000,000010,000100001,000000,00010,000,000,0,
10000000000000000001000111100,00010010100000000000,00000000011,0000000000001000,0100000,00,001000100110001,000011000000000000000101000,00100000000000000000110,0000110000000100010001000,0000000000010,0001000,000101000000000,000001000001
00000001100110000000001010001000,0110000010100000000000000010000,000000101000000100000000010000,01000000000000100000100000100,0100100000000000000000100000,000100000011000000000000001,10000000000010001000100101,0011001000000001000000000,000100000000000000000110,00001010000000000000000,1000001000000011000000,000000000000100001000,00000000010000000001,0000000001000010000,000001110000000000,10000010000101000,0000000000000010,010100000000000,01001001000000,1000000011100,000001001000,00100100010,0000000001,000000000,00001010,1100000,000011,00000,0010,000,00,0,
000010000000000001000000100010000100,000010000010000000,0000000010000000100000000,10000000000000000000000001,0,00100001000101001000010000000,00010000010110000000010001000000,
00001000010010000001000100001000,0010001001000000000000010110000,000000001010100100001000000001,0000110010011001000000000100,0000100000000000001000100010,000001000011000010100000110,00010100000100010000100000,1010000000000000001000010,000000000000000000001001,00100000001000000000100,0000100001000010000000,000100000000000010000,01000000010001000000,0000110100000000000,001000000010000001,00000000000000000,0100000000000000,00010010000,00000000100000,0000010000010,000000010001,00001010100,0000000010,101000001,01000000,0000100,010000,00000,0000,000,00,0,
1100110000000000,10000000000000001000010000000000000010000000001000000000010,000000000000,00001000100000001001,00010000001,00010000,10000000100110000000001000000,00000000000100100000001000,100000001000,,001010010000010000000,00000000000000010,000010,000000100000100000000010,0000011000000000000,001010,00000,00000010000000000010,00110000001000,000010001000,100000000
00010000100011010000000000000000,1000000010000000000100001000000,000000000001001000110000010000,01001000000000001010100100000,0100110000000100000010000000,010000000000000000111000000,00000000000000010000000001,0010001000010001000000000,001000100000100000100000,010000010010100000000000000000101,0000010000000100000000,000000100000010000000,0000001100000100000100010001,0010000001010001000,000000000000000001,0100100000000,0000000000000000,01000000000100010000000,0000010000000,0100000001100000010000,010000010000,100001,00000010000,00000000,1001010,000000,0100000000,000000,0000,101,010,000,
00000000001000000001000000010000,0010001000010000000000101000,00010100001100000000000100000,00100100000000000001000001010,0000000000000000,00001001,000000001000000001000001,0000100000010100001100000000000001000,00000001000,00010000000000000100010,0000100000001000010000100000000,0010001,00000010,0000100010000,00000001001000000000000001001000000000,000001000000000,00000100,0000000000000001,0000001,11010000000,0100000000010001,011001000100,0001001,0010001000,1100,01,10000,10000,00001000,01,10000001000,01,0,
01000100100000000010000000000000,1000000010000100000000100100000,000000100000000000001000100000,00100001000011001000100000000,0010100000000000000010010000,000000100000010011000001000,00000000000100000001010011,0000000001000000000101010,110011000100000000001000,00010000000000010000000,0101100000000000010000,010000000010000000000,00000000000000000110,00000000110000000010,001000101000000001,10000010010000000,1010000010000000,000000000000000,00000000001100,000000000100,100100000100,10001100100,0001000000,000000001,00001000,0000101,010000,00010,0000,000,00,0000100,
00010001100001000000000001010000000000,00000000000001000010001000,10010000001000000000000010000000001,00010000000100000100,,00010000000000001010010001000011000000000110001,1000000000000110000,00001011000000,000001000000000,1000001000001,000000010000000000000100000000,0010100,010000000000,000000010000001001000,00000000010000000001,10000000010100000110,0000100010000010,0000000000000000000000000,00000001100001000000001,000010010001,1100000000,001010000,1000000001,10000000000001,00111001,000000000,0001,000001,000010000,00,0100,0,,00,00,
01000100100000000010000000000000,1000000010000100000000100100000,000000100000000000001000100000,00100001000011001000100000000,0010100000000000000010010000,000000100000010011000001000,00000000000100000001010011,0000000001000000000101010,1100110001000000000010100000,00010000000000010000000,0101100000000000010000,0000000010000011010000,0000000000,0010,000001000000000,00000000,10000010010000000,0100000000100000,000000001,0010,00000000001100,0000000001000,100100000100,10001100100,0001000000,001,00001000,0000000,010000,00010,0000,000,00,1,
00001000010010000001000100001000,00100010010000000000000101010000001010010000000000000000100000001,01000100000000010000000100,0000001,00010000000010000110,00010000000000000,0001101001000000011010010010011000000000100000010,000000000010000,0100010000100010001000000001000001,100001,00000000010000000000000,00010000000010000000001,000001000000010000010001,0010000001,0000000000000,0000000000000000,000000000010000,00000001000001,0000010000,00000000001000,00000000,001001100100100000000,010000,00000010100,0001000,01,0000,001,00000,00001001,
00000110000000010000000001000001,0000010101000000000000100000100,000001100000010000000010000000,00100000000000100000000001110,0001000000000000101001000100,001010000100100000100000000,00000000101000010001000000,0000001000001000000000100,000100000010000000000100,01000100000000010000011,1001000000000001100000,000000010000001001000,11000000010000010000,0100001000000100000,000000001000000000,00000000000000000,0100000000000,010011100100000,01100100001000,1000000000000,100010000000,00001000000,0010010000,100000001,00100001,0000000,000000,00010,1001,000,00,1,
00000000000000000000001000111100,0000000000000000010100110000100,000000110000000010010000010000,00011010100000000000100001000,0000000100100001100000100000,000000000000111000000001000,10000000101000010011000000,0000000100000000000000010,001010010000000010001000,00000000100010000100010,0000001000001000000000,000110000000000010001,0000010001,00000001100000010001000100,000100101000000001,00000000000000100,0001000001000000,000000010000001,00000100100001,1000010010000,001001000010,10000001000,0001001000,0000001000,1010000,0100000,000000,00000,0001,000,00,0,
00000000000000000000001000111100,0001000001001000,001000010000,10000100,00000000010000,00001100100100011010000,100000000000001000000010,00000000001000010000101
000000000100100010000010001,100110000000000000000000010101100000100000,000000100000000000001000100000,0100000100000010001010001100110000000,0001000000000000,0010010000000000,00000100000000,00000010111000000000,0,00000010000000000000001,000000000000,1000000000001001000,01000000000000100000110000000000,01000,00010,0010000011,0000001000000000000,0001001000,10011000000000000,1100000000001100,0000001000,01000000010000,0000000010000,010000000000,00100000,000,001100000,000000000,0000010001,0000010,,0000,0000,0,0,
10100011000000000010001000010000,0000000000000000000010000100000,00000000000010000011001000001,00000000000010100000001000010,0001010001000000000000001000110,01000000,1001000000,00000000000010000000101001000,00101000001100,1000010000000000001,0100000001,
0000000000000100100000000010000000,001000,00011000000,00110000001000,0000000000101,0001001000000011010010000000000,0000100000,0000000100010000,000110001000000000,001010000010000,000010100000000011010000,00000001000100010000001,000000110000000000,00000010,00000011010000,000000011000000101000000,00010001001011000000101,00000001000000001
10001100010000000000000010000000,0000000010100000000000101000000,000010010000000000001000100000,10000100000000000000001100001,0000000010010010001001010000,101000000000000100000000001,00001000000000010000110000,0000110000000100010001000,000000100001101100000100,00000000000000110100010,0000011000000000000000,101100010000000100000,00000100000000000101,0010001000010000000,101000000011000000,100000000,0001000001000000,01000000000,001,00000010101,00000010000,0100000000000,000110000,000010010000,1000001000,0010001,000000,00000,0100,00001,00,0,
00000000010000100000010000,0000000100000000000000100010000010,0001010000000000101000100,000000010001000,10010010000000000100100000000001100,00000100000001000,0000001001000000000000001000101001000,00000000010000000000011010000001,00010100001000,000100000000100000,00000000001,000110001000000,000100001001,00000001000000000000010000100000,00000000010000001,00101000000000000101000100000000000000000110,0000001000100001,10101000000000,01001000,010000010000,11001,0001100,00100000,000000000,000000,00100,00101,00000,0001,000,000,0,1,
00000000000000000011000000010001,0100010100000000000000000000011,000000000110000000100000010000,00000000010001000000010000010,0000000000111000000000000100,000000100001000010100000001,10000000000001110000000100,0000001000010100000000000,000001000000000100011000,00000000000000000001001,1000000000100011000001,001100000001000100001,00000100100100000010,0010000001010001000,001010000000100000,00001001100000000,0010000000001100,000010000000000,00001001000110,0000001000000,010000000010,00000000000,0001001000,000000000,10000000,00010,000000,00010,0001,000,01,0,
01000100100000000010000000000000,1000000010000100000000100100000,000000100000000000001000100000,00100001000011001000100000000,0010100000000000000010010000,000000100000010011000001000,00000000000100000001010011,0000000001000000000101010,110011000100000000001000,00010000000000010000000,01011000000000000000000101,00000000,00000000000000000110,0000000010000000010,001000101000000001,10000010010000000,1010000010000000,000000000000000,00000000001100,0000000001000,100100000100,10001100100,0001000000,000000001,00001000,100000100,0100000001,00,0000,
01000100100000000010000000000000,1000000010000100000000100100000,000000100000000000001000100000,00100001000011001000100000000,0010100000000000000010010000,000000100000010011000001000,00000000000100000001010011,0000000001000000000101010,110011000100000000001000,00010000000000010000000,0101100000000000010000,010000000010000000000,00000000000000000110,0000000010000000010,001000101000000001,10000010010000000,1010000010000000,000000000000000,00000000001010000,0000000001000,100100000100,10001100100,0001000000,000000001,00001000,0000101,010000,00010,0000,000,00,1,
01000000000000010001000000000010,0000100000000000000100010000011,000000000100100001010001100000,10000000000010010010000000000,0000000000000100000000110001,001010010100010000000000000,00000000000001000010000100,0000000101100100100000000,000000100000000000010010,00001110000001000000001,0001000100000001000100,000000010000011010000,00100000010000,0001011000000001001,000100010001000,0000000000000000000000000,0000000100001010,000010100010100,00000000001000,0000010000000,001000000000,00001000001,0000000000,000010000,10000000,0000000,010000,00101,0010,000,00,0,
00000010000010010000000001001000,0000001000001001000000000011000,000000100000000010001000001000,00010010001000000000000100010,0000010000000000100011010000,110000000000000110000000000,00000000100000010100001010,0000000001000000000100000,000000100100101000000000,00100000001000000001000,1000010100000000000000,100100000000000000001,10000000100000000101,01000000000,00010000000010,000000000110000000001000000,0010010000000100,000000110000001,00001100000000,0001010000010,010001000000,00010000100,1,001100001,10000000,0000000,000000,10000,0000,000,00,0,
10100000000100000000001000000000,0000100000000000000100011000000,000110001000000000000000001010,10001000000010001000000000000,0101000000000000000100100000,000010010100000100000001000,00000000001000000000010100,0010100010000000101000000,111000000000000000000001,00000000100010001001100,0000000000000000010000,010000010000000000010,00001000010000000001,1001010000001000000,0010000,0000110000001010000000,0000000010000100,000000000000101,01000000000000,0010000010000,100000010010,00100001001,0010111000,100010000,00100000,0000010,000000,00000,0000,000,00,0,
10000000010010000001000100000000,0000100000100110000000000000000,001000000000100100010000000001,00100001000000011000000000101,0000100010000000100000000001,000001010001000000000100000,01100000001000000000001000,0010100000100000000001100,000001001000010000000000,00000000100000000100010,0000000000000001100001,000000000001000100100,00010010110000000000,1000010000000010000,0010100010,110000,00000000,00000000001000,01000000000000,00000100000000001100,0000000001000,00000001000,00000010000,000000100,001,1001,0000,1001,00000,00000,000,,00,1,1,
000100001000101000000100,00000000000100010010001000,00010000001,00000000001100001001000000000000000001,1000110001110000000100110000000000001000100000001000,0000000000000010000000100100000,00000000000010000100110000,00000010110000000010,1000000000,000100000000000000000110,00001,00000000,00001001,000101000000000,0000000001,0000001000000000001,0000100000000010010000,0000101000000001,00001001100000000,0001000001000000,000011000000000,0010000010000,0000000010000,000000000010,0000001,001,100010000,000000000000,100000001,00000000,0000101,00000,0001,000,000,00,1,
0000000000000001010100000000,0000000,0000000010000000000100001000000001,110101000000000000000001000000110000,0000000000101010010000001001000100010001,00001001000,00000000010000001000,1001000000000000100000010,,101000000010001010000010,10000000,00000110000000,000110001,001011010000000010000001100010100000000000010100,00000000010000000001000010100,000010000001001,000010000010010000001,0000,000010001,,
00000000001010000000110000000000,0000100100001000000000000100000,000000000010001010000100000001,01000010000100010000000100000,0010000000100001100000001000,000000000101100010000000000,00001000000100000010100100,0000001000000010001001100,000010100000000011010000,10101001000100000000000,0000000000001000010100,000010010100000000110,00000100100101000000,0001000000001000000,000000010000000010,00000100010000000,1001000000000010,000000000001000,01010000010000,0000000000000,000000010000,0000000000000001,0000000000,100011010,10000010,0000000,000100,01001,0001,000,00,0,
00011000100000000000001000100000,0000000000000000000001110000001,001000010000101000000100000000,00000000000000111011000000100,0000001000100001000000100010,000000001011000001000000000,00000100001000100000110000,1000010000100000100010000,001001000010000000000001,10000000000010011010000,0000000001100101000000,100110000010000000000,00000000101000000000,0000000110000000000,000010100000000000,00100000010000000,0000000001001000,000000000010000,00001001000000,0000010100000,100000000000,00000000000,0000000100,000000001,00100100,0010000,001000,00000,0010,110,10,1,
00000001100110000000001010001000,0110000010100000000000000010000,000000101000000100000000010000,01000000000000100000100000100,0100100000000000000000100000,000100000011000000000000001,10000000000010001000100101,0011001000000001000000000,000100000000010100010011010110001,0000000100,0100000000000,000100000001000100101,010001,00100000010000000,0001000000001000000,0100000,00100100110000,0100,0000,001,000000001000,0001000000,0000001,0010010001,010000001,01,,01,,0000,,0000,000,,000,000,00,0,
00000000001000000001000000010000,0010001110000000000000100000000,010000000000001010001000000001,00100100000000000001000001010,0000000000100110000000000100,000011000000000110001000000,00000000000010000100110000,0001000000000000000001101,000001000000000101000000,01000001000000010000000,0010000000010000010000,000000000000010000001,00101000000001010000,0000100000000010001,010000001010010000,00000010010001000,1000010000100000,000000001000000,00000001100100,0000000010000,100000010110,01100000100,0000101000,000001000,00100001,0000000,000010,00000,0000,000,00,1,
0000000000100001000000010000000,0100010100000000000000101000,0001000000000000110,1001,
00011000100000000000001000100000,0000000000000000000001110000001,001000010000101000000100000000,00000000000000111011000000100,0000001000100001000000100010,000000001011000001000000000,000001010000001,000000001001
0100100000000010000100100100001000010000000001100001100000000,001,000000100001000100000,001,00011000,0000100010000000,001,011000100000000111000000,00000000000010000100100000010,000000000000,00000001
01000100100000000010000000000000,1000000010000100000000100100000,000000100000000000001000100000,00100001000011001000100000000,0010100000000000000010010000,000000100000010011000001000,00000000000100000001010011,0000000001000000000101010,110011000100000000001000,00010000000000010000000,0101100000000000010000,010000000010000000000,00000000000000000110,0000000010000000010,001000101000000001,10000010010000000,1010000010000000,000000000000000,00000000001100,0000000001000,100100000100,10001100100,0001000000,000000001,00001000,0000101,0000100000000,00010,0000,000,00,1,
10010000000000001000000011100000,1000000000000000001000000000010,100000001000000010001000010000,00000000100000100000001010000,0011001000000000000000100000,000000100010000001000100000,01000000000000000110010100,0000100000000000000000001,000000000110100000000000,011000000000001000000100000000000000010,100001,000000010100000000,00000000000010000101010000,0000,000100001000,00001000100,0000,00000000010000001,100000010010000001000000000000010,00000000,000000010000010000000,00000100000100000,000000101100000000,00000000010,00000010000,00000000,000000,00000010,0000000000001,01100,00000,
00000000001010000000110000000000,0000100100001000000000000100000,000000000010001001000100000100000100000,00000000000010000,01000000000000000000,0000000000101000000100001010000000000000101000100000001,00000000000001000000000001,001001000011000000010000,00000000000010000010000010000011001000000000100000010000,1010000000001001,00000000100000001,00001010100,000000101110000000101000000000000,001,00000000010000001,0000010010000000010,0100000000000010,010001,0000101000001,0000000,000000000000,000000001,0100000,0000000000,000,000000,000000,001000100001000000,000000,01,0100,100000000,001,0,0000000100,
00001000010010000001000100001000,0010001001000000000000010110000,000000001010100100001000000001,00001100100110010000000001000,0000100000000000001000100010,000001000011000010100000110,00010100000100010000100000,1010000000000000001000010,000000000000000000001001,00100000001000000000100,0000100001000010000000,000100000000000010000,01000000010001000000,0000110100000000000,001000000010000001,00000000000000000,0100000000000000,000000000100001,00000000100000,0000010000010,000000010001,00001010100,0000000010,101000001,01000000,0000100,010000,00000,0000,000,00,0,
00010000100011010000000000000000,1000000010000000000100001000000,000000000001001000110000010000,01001000000000001010100100000,0100110000000100000010000000,010000000000000000111000000,00000000000000010000000001,0010001000010001000000000,001000100000100000100000,01000001001000000000000,0000000000001000100000,000001000001001000000,00001000000100001001,0010000010001000100,100000000000010000,00000000010000001,0000100100000010,000000000000010,10100010000100,1100000000001,000000001000,1101,1000000001,000000001,10100,1001010,000000,1001,0000,000,000,00,0,
00001000010010000001000100001000,0010001001000000000000010110000,000000001010100100001000000001,00001100100110010000000001000,0000100000000000001000100010,000001000011000010100000110,0001010000010101000001001,0001000000,000000000000000000001001,0000000000,10100000000000,00010010001100000001000000,0000100000000010001,0000010001000000,00001010000000,001000000000110000100,01000000000000,00001000000,0000001000000,000001010000000000001001,0000100110100000010,000000000000,0000000010,101000001,01000000,1000,0000000000,00,00,001,1,
00000000000000000000001000111100,0000000000000000010100110000100,000000110000000010010000010000,00011010100000000000100001000,0000000100100001100000100000,000000000000111000000001000,10000000101000010011000000,0000000100000000000000010,001010010000000010001000,00000000100010000100010,0000001000001000000000,000110000000000010001,00000001000000000001,1000000001010000000,000100101000000001,00000000000000100,0001000001000000,000000010000001,00000100100001,1000010010000,001001000010,10000001000,0001001000,0000,010,00010000,0000000,000010,0001,000,000,0,
10000110000000010000000100000000,0000000000000010101000000000100,001000010100001000000000100000,000010001000001000010000000001010110000000100000000000000101000000,0000001000000100000010011000001000,00000000110100000000000,000010000000000110000000000,100001000001,01000000000000,10001000101000000,000000110100000000000100,0001001000100000000000100100100000010,1000000001000001000,0000000100,00000101000000,0000100000000010000000000000,001000000010000,000010001001000,00010000000010000,0000100000000,000000000010010000,000000100100,100010000,1000000,000000000001000,10000,0000,00001,100001,000,00,00000000001,
0001001010101000001,10010010000010000000,001000000100000000000001,00000000001011001000001010,00100000000010000000000000011000000010000000,000000100000000001,0000001,0001101000100101000100000001100000,00000010010,00100001000000000,000000000000010,0000000000000000010000,00001000101000000,00100000010010100000000110,00001001000000110001,000100001000100,0000000111100000000,000000101001000,1001000001,00100011001000100,01000100000,0110,0001001000,0001000000,0000100,10100000000000,000000,010010000,0000,,000,
00000100100000010000,000000100000000000000000100001010100000,1000000000000000110000100000,0000000100000100000001000010,0000001,0001010000000001000000,00000100000001000,00000100001000100000110000,0001000000000100000000,0001,0100000,001001,000000000100000000000000000001,100000000010000001,00000100001001,100000001,1000000000111000000010000000011000000100010001000,000000000100000000,00100000010000000,0000000001100,010000001,100000000,00001000100100,0000000001000010101,00000100010000,000000100000,1000001010,,0001,101,0000,01,1000001,0000000,0010,0000,000,
00000000000000000000001000111100,0000000000000100011000000,00000000010001100000000110000000000100,0001,10011100010000110000000010000,00010010100000000000010001000,1000000000100,010000000000100000001,00101000000,0000001000,00010,00000000000001000,00000010,0001100011,10000000000001100000100101000,00010000000010000,00000000000000001000000,10000010,00000001,0000000000100,00000100001001,00001,0000000010000,000000000010,00000010000,000,000000100,000000,000001,01000,01,00001001,00000,000,0,000,
00000010000010010000000001001000,0000001000001001000000000011000,000000100000000010001000001000,0001001000100000011010000000000,0000001001000000010101,0010,000100000010000100000000000,000100000000101010011,0001010000010000001000011011000001,00000000000000000,0001000000000,0001010001000000000100000000,10000010000000000,110100000100000000,00000100000001001000,10001110000,01000,000000000,11001000,1001000000000011,000000000001101,0000000001000,0000010000010,00010,00010000,10100001,000000,010000000000,,1010000,000,000,
00001000010010000001000100001000,0010001001000000000000010110000,000000001010100100001000000001,00001100100110010000000001000,0000100000000000001000100010,00001
00000000000000000011000000010001,0100010100000000000000000000011,000000000110000000100000010000,00000000010001000000010000010,0000000000111000000000000100,000000100001000010100000001,10000000000001110000000100,0000001000010100000000000,000001000000000100011000,00000000000000000001001,1000000000100011000001,001100000001000100001,00000100100100000010,0010000001010001000,001010000000100000,00001001100000000,0010000000001100,000010000000000,00001001000110,0000001000000,010000000010,10100000000000,000100000000,
01000000001000000100100100110001000000000000010000100,000001000,0000001000000000100000010000,00000011010000000000,0000001000000000000001000100100,000100101000101000000,10000010010000110000,0000100010000,10000100000000000000010,110000000001000000100100,1000001001000000000001,00000000,01010000000000,0000100101000000001100000010000,0010000001010001000,00001001101000000011000000,00000000000000010,000010000,0100000,0100100000010000,01100100001000,00000100010000000,000000000000010,01,01000000,0000000000000000010000,000000010010,00100,01000000,00010,01000000000,1,
10000110000000010000000100000000,0000000000000010101000000000100,001000010100001000000000100000,00001000100000011010000000000,0000001001000000010110010000,000001000000010000000000010,00010010000000100000000010,0000100000000001100001000,000000000100100001010000,00000100001100010001000,0000001000100100000001000000000100000,0010000010001000100,000000100000,0000100001011,1000000000000100,0000001,000001,0000,00000100100001,00001000000000,010000000000,00000000010000000000000,00010,,0000001000,000000,101,000,0000,00001,000000010000,0,0,
00001000010010000001000100001000,0010001001000000000000010110000,000000001010100100001000000001,00001100100110010000000001000,0000100000000000001000100010,000001000011000010100000110,00010100000100010000100000,1010000000000000001000010,000000000000000000001001,00100000001000000000100,0000100001000010000000,000100000000000010000,01000000010001000000,0000110100000000000,001000000010000001,00000000000000000,0100000000000000,000000000100001,00000000100000,0000010000010,000000010001,00001010100,0000000010,101000001,01000000,0000100,010000,00000,0000,000,00,0,
00000000010000001011000000000000,0000101000010000000000000101000,000000001011000000101000001000001,00000000010010101000001000000,0000100,000000000000110,000001000000010001001010000,00001000000001000000001010,1011000010000000000000001,001010010000000010000100,000001001010,01000000001000000101000000,000110000000010,10100000000000000010000010000000,00000100100000010010100000001
1001100000001000100001,0000101000010000100010000011010000000000,000000110000000000001000000001,10000000000000010000010000000100000110000,1000000101000000000001000,0100000,000000000000100100000010000,0000000010000000000001,0000100010001000010,00001010,000001,010100000000,00001000100000010,100000000,000000100100010000000000000,00000,00000101000000000000,0000000000000001001000000000000001001000000000110000001000000001,001000000010000000000000000011100000,0000000100,1000010,0100100001000000000,1101,00000010010,000010101,000001,00000011,0000000000001,000001,000000,000011,00000,0000,000,
0010001000000011000000000,0000001000000000000000100000,000000100010000000100100000001,010010000000000,010000000010000,000000000010000100000000001010001,10001000000010010000,0000000000100001000,01000000000000000100001011000000001001000000000010000100010001,00000001001110000001000000,0000100100,0000110000000100010000101,00000100010001000,0000010000010001000,0000,00000010010001000,0100000000010000000000000001000000000001,000000001000000,000,0010000,00000100000000,000000000,010100000000000,00100000,00100000,,01100,0000,0000,00,,0000,
01000000000000010001000000000010,0000100000000000000100010000011,000000000100100001010001100000,1000000000001000010,000000000100110000001000,001010010100010000000000000,0011000,001000000000100,00000100000000001100,00000010000000000001001000000000000,000000010001000000001,00010001000000011000000,000000000110,00000100100000000010,00000100,0010100101,0000001000000000001000,1000000000000,00001000000,0000010000000,00001,0000000010,1000000000000,00000100,000001,1000000000,00001,00000,001000,000010,0001,000,00,0,
00000010000010010000000001001000,0000001000001001000000000011000,000000100000000010001000001000,00010010001000000000000100010,0000010000000000100011010000,110000000000000110000000000,00000000100000010100001010,0000000001000000000100000,000000100100101000000000,00100000001000000001000,1000010100000000000000,100100000000000000001,10000000100000000101,0000100000000010010,000001000001000110,00000000000000010,0010010000000100,000000110000001,00001100000000,0001010000010,010001000000,00010000100,0000010001,001100001,10000000,0000000,000000,10000,0000,000,00,0,
00000010000010010000000001001000,0000001000001001000000000011000,000000100000000010001000001000,00010010001000000000000100010,00001010,0001000010,00010,1000,00000000100000010100001010,00000001001,,0001000100101000000001011000001,0000000100000000000001000,100000000100100000100000100010001000,000000000000100010,,000001000000100000,00110,101000000011000000,100,0000001100,0000000100,0000010000001000,0001000,010000001,0010,100100000000,0001000000001,10000000,00000000000001,0000010,000000,00000,0000,000,000,0,0,
00000000000000010100100000010000,0000000100000000000000100101000,000000101010010000000000000000,00000001001100000001000010100,0000000000110000000000001001,001010000000001010000000000,10000000000000011010100000,1001000000000100000100000,000000011000000101000000,00000000100010001000000,0000000100000010000,000000010000000000101,00000011000001001010,1000000100010001000,000000000001110000,00001001100000000,0000000000010010,100001000000001,10101000000000,0000100000000,000000100010,00000000001,000000000,100000100000,00000000001,0000000,0010,000000,0,0000,001,0,0,
00000000000000010100100000010000,0000000100000000000000100101000,00000010000001000000000000000001010,0000000100001000000000100000000010010000001,01001000000100001001,0001000010,000000000000100001000000000011000000000001000101010010010000011010000,00000000,00010000110000001,00000000100000000010000110000000000000000000000000,0000000000000000010000,0000000010000,10100000000,00100000010010000,00000000010000001,000001001100000000,0000000000000011,0000000000,1000000101,00000000011000010010000,000001000010,0000010001,1000001010,00000000,000000000,000000,000001,0000,00,01,000,00,,
00000000001000000001000000010000,0010001110000000000000100000000,010000000000001010001000000001,00100100000000000001000001010,0000000000100110000000010100000000000,0000010000000100,100000000000000100000000010000000,0000010010001000,000001000,101001010000,000001010100000000,0000010000,00010000000000101,000000000010010,0010000000000000010000,001000001000,0000010001000,0000000000000001,001001001001000000010000,0001010000001,0010000001001,00100000000010000,000000000000010,000001000,0000,0001000000,0000,0000,00010,0000,000,10,000,0,
00010000100011010000000000000000,1000000010000000000100001000000,000000000001001000110000010000,01001000000000001010100100000,0100110000000100000010000000,010000000000000000111000000,00000000000000010000000001,0010001000010001000000000,001000100000100000100000,01000001001000000000000,0000000000001000100000,000001000001001000000,00001000000100001001,0010000010001000100,100000000000010000,00000000010000001,0000100100000010,000000000000010,10100010000100,1100000000001,000000001000,00000000000,1000000001,000001000,00000000,1001010,000000,10110,1100,000,00,0,
000010000000001000000100010000100,000010000010000100000,0000010100010000000001,00001010000100000011000000010000000,00000000000000000,0010100000,00000000000010100100010000100000010000001000000000001001,100001000100010000100010000001100,011000000001000100100001000000,00000000100010010100000,0100000000,00000101,01,0000011,0000001000000000000,000100010010111001,0000001000000000000101100000000,0101000000000,0010000000001001000,0000100110000000,0000000010000,0100100100001,001000010100,00101100001,100010000,00000010,00100,00000000,001000000010000,010000,010,0,
00001000000000000010000001000100001000,000000000000000010001100110000010000100000000000001,00000,01000110000000000,000001,0000000,1010000,00000000000,0001001010000,11001,00000000010,00010100000100100101000000000,10100010000000010110000,000000001,0000000010100000000000,000000010000001,000001001001000001000000000,100000000,00010010010,0001,000000010000000010,10110100010000100,01000000010000,01000010000,0001000000000,11001000000,00000000,000000000,0001000000000,000000,000001,0000,001,000,0000,001,0,000,
01000000000000010001000000000010,0000100000000000000100010000011,000000000100100001010001100000,10000000000010010010000000000,0000000000000100000000110001,001010010100010000000000000,00000000000001000010000100,0000000101100100100000000,00000010000000000001,000000010000000000000000010000,0000000100,000000000100,00100000000000,00001010,,00000010100,000001000000000,10011000000000,00000000000000000,0000000100001010,000000,0000000000000001,00000000001000,000000001,000,000001000,00001,01,0,000100000,0000000,,001,00,00,000,0,0,
00001000010010000001000100001000,0010001001000000000000010110000,000000001010100100001000000001,00001100100110010000000001000,0000100000000000001000100010,000001000011000010100000110,00010100000100010000100000,1010000000000000001000010,000000000000000000001001,00100000001000000000100,0000100101000001001000001000000000001,0000010000001,010000001000000,000011000101001001000010,0100000000000010,01000000000000,00000100000010000000,00000000100000,1000000000000,000000010001,01001000,000000000,000010,0000000001,00100,00000000000001,010000,00000,0000,000,00,0,
00000001100110000000001010001000,0110000010100000000000000010000,000000101000000100000000010000,01000000000000100000100000100,01001000000000000,100000010100000000000000000101000000000000000110010000000100,00101,00110010000000010000000000100000000000000100000010000001,10100001001000000,000001001,0100000000000100110,000000000,00000010,000000,1000000000,000000,01000100010000100,
00000000000001001000000000101010,0010000001001000100001011000000,000110000001000000000000000100,00000010000000111000000000010,1100010000110000000001000000,000100000001010100000000000,00000000000001000000000001,0111000000000000100010000,000110011000000010010000,0100100000000010,0000010000000100000000,100000001000000000000,00000000100000100000,0010000000011100000,0010000001001,00000010000100100,0000000000001000,100001,00000001000001,0001000000,0000001,10001000001000000000,1000010101,0010,10100001,0000100,0000,000000,0000,000,,000,0,0,
00001000000011000000100000010010,1000010000000000000000000010100,010000000000000000010000001000,00001000000110000000100000000,0100100001000000000010000000,001000000000100000010010000,00100000000000000100010000,0000100010000000011000010,000000000000000010000001,00010100100000001000000,0000001101000000000001,0001000100000,11001000000,0101000000000000,000000110010000,10011000000000000,0000000000100000,010000100000111,00000001100000,00000010,010000010000,10000100000,10000000000,00001000000,0000000010,0000000,000010,000100000,110000,00001001000,000,
10001100010000000000000010000000,0000000010100000000000101000000,000010010000000000001000100000,10000100000000000000001100001,0000000010010010001001010000,101000000000000100000000001,00001000000000010000110000,0000110000000100010001000,000000100001101100000100,00000000000000110100010,0000011000000000000000,101100010000000100000,00000100000000000101,0010001000010000000,101000000011000000,00000000000000010,0100000000000010,001010000001001,00000000000011,0001000001000,000000100100,0000000100,10100,0000001100000000,100011010000010,000000,000000,000,000,00,0,1000000,
00001100000001000000000001000000,1000000000000100010000010000000,000000000010010100001000100000,00000001100000000100011100000,001001001000000000010000000,00000100000101000000000000000,01000001010000110000000100010001000,00110001100100000000001000,0001010010001000000001000001
00011000100000000000001000100000,0000000000000000000001110000001,001000010000101000000100000000,00000000000000111011000000100,0000001000100001000000100010,000000001011000001000000000,00000100001000100000110000,1000010000100000100010000,001001000010000000000001,10000000000010011010000,0000000001100101000000,100110000010000000000,00000000101000000000,0000000110000000000,000010100000000000,00100000010000000,0000000001001000,000000000010000,00001001000000,0000010100000,100000000000,00000000000,0000000100,000000001,00100100,0000001000,0000010,00000000,000100001,
10000000010010000001000100000000,0000100000100110000000000000000,001000000000100100010000000001,00100001000000011000000000101,0000100010000000100000000001,000001010001000000000100000,01100000001000000000000001,000000000000100001101100001,100100000100100001,00101,1001001000000001100000000101000000,000000000001000100100,00010010110000000000,0000000000110000000000,010000001000000001,01000,00000001000000001,0000100011000000,0000001000100001,01000000010010,0000000010000,100100000000,00001100000011010000000,00000000001000000,000000000,00000001011000000000,1010000000,,000,,000,0,0,
00000000000000000000001000111100,0000000000000000010100110000100,000000110000000010010000010000,00011010100000000000100001000,0000000100100001100000100000,000000000000111000000001000,10000000101000010011000000,0000000100000000000000010,001010010000000010001000,0000000010001100,100110001,00011000110000000000,00010000000001000001000001,1000000001010000000,010001100000001,0000010010000001,000,00001000010,100000000100101000010000100000000,00001,00000110,01000000001,000001000,000000000001,0001,00000010,0001101,00100,000010,00010,0,
10001100010000000000000010000000,0000000010100000000000101000000,000010010000000000001000100000,10000100000000000000001100001,0000000010010010001001010000,101000000000000100000000001,00001000000000010000110000,0000110000000100010001000,000000100001101100000100,00000000000000110100010,0000011000000000000000,101100010000000100000,00000100000000000101,0010001000010000000,101000000011000000,00000000000000010,0100000000000010,001010000001001,00000000000011,0001000001000,000000100100,00001001000,0100011000,100000000,00000000,0000000,000000,00000,0100,010,00,0,
10010000000000001000000011100000,1000000000000000001000000000010,100000001000000010001000010000,00000000100000100000001010000,001100101000001000110,000001000000010,00000100000100000110000000,0000100000000000000000001,0000000001001000,00001000100000111000000000,00000000010,1000000000000000100,100001,000000000001000,0100000000,000000000100000000,0000001101000010,100000000000000000000001,00000010000011000,000001,00000000001,0000100010000001,00001110,100000000000,0000011,000001001000,0100000,,11001,10000000,01000,000000001,000000,000,00000000000001,0100000001,0,
00000000000001001000000000101010,0010000001001000100001011000000,000110000001000000000000000100,00000010000000111000000000010,1100010000110000000001000000,000100000001010100000000000,00000000000001000000000001,0111000000000000100010000,000110011000000010010000,01010000000000000000010,0000010000000100000000,100000001000000000000,00000000100000100000,0010000000000000011,001000001000000000,00000010000100100,0000000000001000,001000000010000,00000000110000,0010000001001,000000000000,01000100000,1000010101,000000000,10100001,0000100,000010,01000,0000,000,10,0,
00000000000000000011000000010001,0100010100000000000000000000011,000000000110000000100000010000,00000000010001000000010000010,0000000000111000000000000100,000000100001000010100000001,10000000000001110000000100,0000001000010100000000000,000001000000000100011000,00000000000000000001001,1000000000100011000001,001100000001000100001,00000100100100000010,0010000001010001000,001010000000100000,00001001100000000,0010000000001100,000010000000000,00001001000110,0000001000000,010000000010,00000000000,0001001000,000000000,010000,000000,000000,001000,0001,000,01,0,
00000010000010010000000001001000,0000001000001001000000000011000,000000100000000010001000001000,00010010001000000000000100010,0000010000000000100011010000,110000000000000110000000000,00000000100000010100001010,0000000001000000000100000,000000100100101000000000,00100000001000000001000,1000010100000000000000,100100000000000000001,10000000100000000101,0000100000000010010,000001000001000110,00000000000000010,0010010000000100,000000110000001,00001100000000,0001010000010,010001000000,00010000100,0000010001,001100001,10000000,0000000,000000,10000,0000,000,00,0,
00000000001000000001000000010000,0010001110000000000000100000000,010000000000001010001000000001,00100100000000000001000001010,0000000000100110000000000100,000011000000000110001000000,00000000000010000100110000,0001000000000000000001101,000001000000000101000000,01000001000000010000000,0010000000010000010000,000000000000010000001,00101000000001010000,0000100000000010001,010000001010010000,00000010010001000,1000010000100000,000000001000000,00000001100100,0000000010000,100000010110,01100000100,0000101000,000001000,00100001,0000000,000010,00000,0000,000,00,1,
10000000010010000001000100000000,0000100000100110000000000000000,001000000000100100010000000001,00100001000000011000000000101,0000100010000000100000000001,000001010001000000000100000,01100000001000000000001000,0010100000100000000001100,000001001000010000000000,00000000100000000100010,0000000000000001100001,000000000001000100100,00011,0000100000000,1101000000,010000000000000110,001000011,0000000000000011,000000101000000,01000000010010,0000000010000,100100000000,11001000000,0010000000,001001000,10000000,0111000,010000,00000,0000,000,00,0,
00000001100110000000001010001000,0110000010100000000000000010000,000000101000000100000000010000,01000000000000100000100000100,0100100000000000000000100000,010000001000000000110000001,10000000000010001000100101,0011001000000001000000000,000100000000000000000110,0010100010000000010000,01000000,01000000000,100000000000000000010000010000000100,0000000001000000000,0000000000001110000,01000,00010000000000000000010,010100000000000,001,101,100000001000,000001000010,0000000100,000000010000,000000001100000,00100000,00000,00010,101,11,000,000,0,00,
00000000001000000001000000010000,0010001110000000000000100000000,010000000000001010001000000001,00100100000000000001000001010,0000000000100110000000000100,000011000000000110001000000,00000000000010000100110000,0001000000000000000001101,000001000000000101000000,01000001000000010000000,0010000000010000010000,000000000000010000001,00101000000001010000,0000100000000010001,0100000010000100010010001,00000010010001000,1000010000100000,000000001000000,00000001100100,0000000010000,100000010110,01100000100,0000101000,000001000,00100001,0000000,000010,00000,0000,000,00,1,
10100011000000000010001000010000,0000000000000000000010000100000,000000000000110010000010000100,00000000000010100000001000010,0001010001000000000000001101,000000000001001100001000001,01001000000000000000100000,0000100000000000000011000,000000000000100000000100,10100101100001000000000,0001000000001100000000,001011000000000110000,00000000100000001010,0000100010000010001,000000000000010010,00000000001010000,1000000000000100,000000000000001,00010010000000,0001010000001,011001000100,00010000010,0000000100,000000000,11100000,0100000,000000,01000,0000,001,00,0,
0000000000001,00010010000001,00,00000001010000001000001000001100000000000000010000000000000001,0010100000,0100000,000000,000000000000010000000100,00000001100100000100000001000,01000000000,000010000000000001010,1000000000,1000000000,000100000000000100,0100100000001000000000,0100000000000001000001,010000000000,0010100,000100000000000010000,100000110000,01000000001,1000000000000100,0000010,1000010000101100000,0011000001000000001,010000000000,00000000010,00000010010,000,00010000100,10,00000100,00000000000100,010,0000,0,
00000000000000000011000000010001,01000101000000000000000000000110,00000000010000000000001000,000001000000000100010000000001010000000000,0000011000000000,00001000000000001001100000100101,00000000010000001011100000000,000010,0000010000000001000000,01000000000000010000000001,0000011,000010100000001000001000000000000000100000010000000,0000001,00000100000000010001,000010100001001000000,00000110000001,0000000100000,01000000001,0100000000000000000000001001,1001000001000,000,11001000000,000001000,,0100000000000,0100000000,0000101000,000000,000,,11,,00,00,0,
00000100001010001001010000000000,1,0000000000,000010100001100000000000010100,00010000000100000000,00110100000000100000010000,00000100000110000000001,0000100000010101000000,100000010001000000010001001100001000,010000001,010000010000,0000000000000001001000000001000000010010000000100000000010100000001,0000110000000000000000,,00000000001,00101000000,000100010,01000100010000100,0000000,00000100010000000,01000000,01000000010000,0000000010000,01,,11001000000,010010001001000,000000000010,000000,01000,,,10100000000000,00010,,
00000000001010000000110000000000,0000100100001000000000000100000,000000000010001010000100000001,01000010000100010000000100000,0010000000100001100000001000,000000000101100010000000000,00001000000100000010100100,0000001000000010001001100,000010100000000011010000,10101001000100000000000,0000000000001000010100,000010010100000000110,00000100100101000000,0001000000001000000,000000010000000010,00000100010000000,1001000000000010,000000000001000,01010000010000,0000000000000,000000010000,00000000001,0000000000,100011010,10000010,0000000,000100,01001,0001,000,00,0,
00000001100100000000000101000000,0001110101000000000000010000000,01000011000000000000100000000100,0001101,00000000,000000000100,0,0010,000010000001000000110000000100000010,0000000001,00000010000001000011011000001000000000,0001000010001000101000000,00000010000000001,010000110000000000000100,0000001000000010000,000100001000,01000000,101,000000,00000000000000000,10001,1001000000000010,00000010000,000000000000,,01000000000000,0000,000001,11100000000,0000011,10000000000,000000,00000,000100,0010,0,0,0,
10010011000000000001000,0000100100000000000001000,10010000000001010010000000000110000100,0010000000010000000000000001000000000010,1000010111000000011010100000,010110010001000100010,00010,00000000000,0001,000001001000000000001,100010000100,00000000000000000110100010000010010,00010000000010000,100001,01,00000000001100000000,000111000000000000,00000001000000011010000,01100101010000000001,000000000010,00000010000,0100000000,0010,00101000,1100100,00010010,001,11,0000,
00000000000000000000001000111100,0000000000000000010100110000100,000000110000000010010000010000,00011010100000000000100001000,0000000100100001100000100000,000000000000111000000001000,10000000101000010011000000,0000000100000000000000010,001010010000000010001000,00000000100010000100010,0000001000001000000000,000110000000000010001,00000001000000000001,1000000001010000000,000100101000000001,00000000000000100,00000000010000000000000,000000010000001,00000100100001,1000010010000,001001000010,10000001000,0001001000,000000110,010001,0100000,0000000,0000000000100,0001,000,00,0,
00000000000000000011000000010001,0100010100000000000000000000011,000000000110000000100000010000,00000000010001000000010000010,0000000000111000000000000100,000000100001000010100000001,100000000000011010100000,0000001000010100000000000,000001000000000100011000,00000000000000000001001,1000000000100010100000000000,000000010000001000000,000000110000010,00000000001001,001010000000100000,000000010000000010000000,00000000001,00001100000000,00001001000110,0000001000000,010000000010,001,0001001000,000000000,0000100,0100000001,000000,01000,001,000,11,0,
010000000001000011000000000110000000,0000000000000000000010000100000,0000000000001101000000001,,0001001010000000011000000000000001,000000000011100000000000000000000101001000100,000000010001010000000000000100011010000100,00000010100000000000,1000000000,0000010000,00000000010000000001,10000000000000100000001001,000001000000010000000000000,0000010000010001,0000100,00000000000,00000000010000000000000,
00000000000000000011000000010001,0100010100000000000000000000011,000000000110000000100000010000,00000000010001000000010000010,0000000000111000000000000100,000000100001000010100000001,10000000000001110000000100,0000001000010100000000000,000001000000000100011000,00000000000000000001001,1000000000100011000001,001100000001000100001,00000100100100000010,0010000001010001000,001010000000100000,00001001100000000,0010000000001100,000010000000000,00001001000110,0000001000000,010000000010,00000000000,0001001000,000000000,0000000,000000,000000,01000,0001,000,01,0,
0000100000010000001100000,0000101000010000000000000101000,000100000000101000000000000010000100,00000100000100000,000100000000101010000,0000000,0000100000001,100000001000000000010100,00001100000001,0100000000000000010,0000000000,000101000000,00001,0000011010000000010010000000001,000,,0100,0000011000000,000001001001000110,,01000100000000010000000000000,0000000010000100,00011000000,10101000000,0001100000000010000001000000,00010000100,1,0000,11010000,000000000,,000000,1000000,,0000,00000,0,0,
0000000110010000000000011,0001110101000000000000010000,0000010001000000001,001000000100110000000000100,000000000101000,000101000001,00000110000000000,0000000001010000100000010000000000010,00000100000000010,1100,000001,10000000000100000010,0000010000000100000000,000001000100000,000010000100000100,000001001010001000,0000011,100000110000010,1000000000000,100000000,00000010000000,100000000,00010000100,00010000100,1000000,000000000,00001000000,000000,00000100,00000000,000000,00000,000100,001,0,0,0,
00000000001000000001000000010000,0010001110000000000000100000000,010000000000001010001000000001,00100100000000000001000001010,0000000000100110000000000100,000011000000000110001000000,00000000000010000100110000,0001000000000000000001101,000001000000000101000000,01000001000000010000000,0010000000010000010000,000000000000010000001,00101000000001010000,0000100000000010001,010000001010010000,00000010010001000,0000000100000,00001000000001000000,00000001100100,0000000010000,100000010110,01100000100,0000101000,000001000,00100001,0000000,000010,00000,0000,000,00,1,
00000000000001001000000000101010,0010000001001000100001011000000,000110000001000000000000000100,00000010000000111000000000010,11000100001100000000000000,0001000000010000100010,0000000000001010000110000,0000110000000100100100000001000000000100,10000000000,0000010010000001001000000000010000000000010,100000000,00000010000001000000,0100000000110,0000000100000001001000,0000100010,00000010000000010,00100011,0010001000,0010100000100100001,0000001,0010000000100000,0000100010,0000001,00000001001000,00000111001,00001010,0000001,00000,001110000,0000,000,0,
00000000000000000000001000111100,00000000000000000100100,0010000101000000000100,0000001,00010000000001010000000000001000001000001,00010010001000100011010100000000000000100100000000000100010100000,00000001,00101000000000010001100,00000000000100100101100001000000000,000100000000100000,00001,00011000100000001010,0000010000000000010000100000000,000001010000001100000100001001000000101,00000101100000000001000,0100000000000000000100000000010,00000000110000000,0000000000011,0010101001,00000001000,00000010000000,0001,00010,100000001,10100000000000,0000101,000000001,0001,01,101,
00000000001000000001000000010000,001000111000000000000010000001,000000000000,001010000010001,00000000010000,010000000000,0000000000100000000000010100000,000011000000000110001000000,10000000000,000010000000000010000000000001000,000001000000000101000000,00,000000000000010000010001000000001100000000010001000000010010001100001000100000,01000000001010000,000000011000000100010001000,00010000000010100,00001001100000000,1000010000100000,00000100010000,0000010000000000100,0000000010000,00000100010,00000010000000,00001000000,10000000,00000111101,00100,000000000010000,00000,01,000,00,1,
00000000000000000000001000111100,0000000000000000010100110000100,000000110000000010010000010000,00011010100000000000100001000,0000000100100001100000100000,000000000000111000000001000,100000001010000100100000000000,0000000100000000000000010,001010010000000010001000,00000000100010000100010,1000000000000000,000110000000000010001,00000001000000000001,1000000001010000000,0001,00000001010000,0001000,01000000001000000100,10010110000000,00001000100000,000000000,001001000010,10000001000,0001001000,0000001100000110,0001,0100000,00000010,000000,0001,000,00,0,
00001000000011000000100000010010,1000010000000000000000000010100,010000000000000000010000001000,00001000000110000000100000000,0100100001000000000010000000,001000000000100000010010000,00100000000000000100010000,0000100010000000011000010,000000000000000010000001,00010100100000001000000,0000001101000000000001,000100010000010001000,10000000000000001001,0100000100000000000,010000001000000001,10011000000000000,0000000000100000,010000100000111,0000000100001,0001000000100,010000010000,10000100000,1100101000,001000000,00000010,0000000,000010,00100,1000,001,00,0,
10000000010010000001000100000000,0000100000100110000000000000000,001000000000100100010000000001,00100001000000011000000000101,0000100010000000100000000001,000001010001000000000100000,01100000001000000000001000,0010100000100000000001100,000001110101000000000000,000001100000001,1000000000000000010000,000000000001000100100,00010010110000000000,100001000000001,010000001000000001,00100000010000000,00000000010000000,00000100010100000000,00000001000001,0001000000000,0000001000000,,00000000010,00000000000010,001000000,000000000,00000100000,00000000,010000,00000,00101,000000000,,0,00,0,0,
01000100100000000010000000000000,1000000010000100000000100100000,000000100000000000001000100000,00100001000011001000100000000,0010100000000000000010010000,000000100000010011000001000,00000000000100000001010011,0000000001000000000101010,110011000100000000001000,00010000000000010000000,0101100000000000010000,010000000010000000000,00000000000000000110,0000000010000000010,001000101000000001,10000010010000000,1010000010000000,000000000000000,00000000001100,0000000001000,100100000100,10001100100,0001000000,000000001,00001000,0000101,010000,00010,0000,000,00,1,
100100001000110100000000000100001,000001
00011000100000000000001000100000,0000000000000000000001110000001,001000010000101000000100000000,00000000000000111011000000100,0000001000100001000000100010,000000001011000001000000000,00000100001000100000110000,1000010000100000100010000,001001000010000000000001,00000000000110000000,0011000000000100000010100,00000010000001000000,1000000000001001000000,0000000110000000000,000010100000000000,00100000010000000,0000000001001000,0000011,00001001000000,00000100000100010000000,01001000,000000000010,000000001,00100100,0010000,001000,00000,001,0000000000000001,0000000,0000,0,
00010000100011010000000000000000,1000000010000000000100001000000,000000000001001000110000010000,01001000000000001010100100000,0100110000000100000010000000,010000000000000000111000000,00000000000000010000000001,0010001000010001000000000,001000100000100000100000,01000001001000000000000,0000000000001000100000,000001000001001000000,00001000000100001001,0010000010001000100,100000000000010000,00000000010000001,0000100100000010,000000000000010,10100010000100,1100000000001,000000001000,00000000000,1000000001,000001000,00000000,1001010,000000,1001,0000,0000,000,00,0,
00000000000000000000001000111100,0000000000000000010100110000100,000000110000000010010000010000,00011010100000000000100001000,0000000100100001100000100000,000000000000111000000001000,10000000101000010011000000,0000000100000000000000010,001010010000000010001000,00000000100010000100010,0000001000001000000000,000110000000000010001,00000001000000000001,1000000001010000000,000100101000000001,00000000000000100,0001000001000000,000000010000001,00000100100001,1000010010000,001001000010,10000001000,0001001000,000000110,01000100,0100000,000000,00000,0001,000,00,0,
00000000001000000001000000010000,0010001110000000000000100000000,010000000000001010001000000001,00100100000000000001000001010,0000000000100110000000000100,00001100000000011000101000000,00000000000010000100110000,0001000000000000000001101,000001000000000101000000,01000001000000010000000,0010000000010000010000,000000000000010000001,00101000000001010000,0000100000000010001,010000001010010000,00000010010001000,1000010000100000,000000001000000,0000000000001000100000,0010000,0000101,0000000000100000,0000,0000,0000101000,000001000,0000000,000000,000000000,00000,0000,000,00,1,
10000110000000010000000100000000,000000000000001001000010000010000000,000101000011000000000000100010,00001000100000000110000,01010000000000000000000000010000,0000100101000001000000010000000000010,
00000001100110000000001010001000,0110000010100000000010000101001,00000000011000010000,01000000000000100000100000100,0100100000000000000000100000,000100000011000000000000001,10000000000010001000100101,0000000000001000,00000100000100000,000000100000010000000,000000010001000000001000000000,01000011000001000000000000100010,00000000001001010,000000000101000000,0000011100000000,00000001001,0010,00100001000000000,00000,00000001000001,0000000001,0000000010000,0000000001,100000110000000,00000010000000,000001,01000000,,000000,01000,000100000,0100,000,100000,0,
00000000001000000001000000010000,0010001110000000000000100000000,010000000000001010001000000001,0010010010000001010100110000,0000000000100000,00000000001,000000000000000100100000000,0000000000100000000001010010010000,0,0000000000001000,00000001
00000001100100000000000101000000,0001110101000000000000010000000,010000110000000000001000000001,00010000000001010000000010000,0000000000010000001110000000,000000000000000100100000000,00100000010010000000000000,0000001000000010001000100,001000000011010100000001,00000001000000000000010,1000000000100000010100,000000100000010000000,0100000,10000000100000000,0000000000100,000100001001000000,00010001000001100,0000110000001000,101000000010001010000010,1000000010,1000000000000,0100000000,01,00000000001,001,0000,0001101,0000,0000,001,0000,
00000000000001001000000000101010,0010000001001000100001011000000,000110000001000000000000000100,00000010000000111000000000010,110001000010000101000100000000,0001000000000000100,00000000000001000000000001,01110000000000100000000010100001010101010,1010000000000000100100,01000100000001000000000,000100000010001000000001000,00000000,,00100000000000000110,001000001,000010001,00000010000011000,00000000000001000010,00010010000000,000000001000000100000101,000000001000,100001,0010,000000000000000001000,000000000,10100001,0000100,11000,000000,0,0000,001,000,0,
10000000010010000001000100000000,0000100000100110000000000000000,001000000000100100010000000001,00100001000000011000000000101,0000100010000000100000000001,000001010001000000000100000,01100000001000000000001000,0010100000100000000001100,000001001000010000000000,00000000100000000100010,0000000000000001100001,000000000001000100100,00010010110000000000,1000010000000010000,010000000000000110,00100001000000000,0000000000000011,000000101000000,01000000010010,0000000010000,100100000000,11001000000,0010000000,001001000,10000000,0111000,010000,00000,0000,000,00,0,
00000010000010010000000001001000,0000001000001001000000000011000,000000100000000010001000001000,00010010001000000000000100010,0000010000000000100011010000,110000000000000110000000000,00000000100000010100001010,0000000001000000000100000,000000100100101000000000,00100000001000000001000,1000010100000000000000,100100000000000000001,10000000100000000101,0000100000000010010,000001000001000110,00000000000000010,0010010000000100,000000110000001,00001100000000,0001010000010,010001000000,00010000100,0000010001,001100001,10000000,0000000,000000,10000,0000,000,00,0,
00001000000011000000100000010010,1000010000000000000000000010100,010000000000000000010000001000,00001000000110000000100000000,0100100001000000000010000000,001000000000100000010010000,00100000000000000100010000,0000100010000000011000010,000000000000000010000001,00010100100000001000000,0000001101000000000001,000100010000010001000,10000000000000001001,0100000100000000000,010000001000000001,10011000000000000,0000000000100000,01000100010000100,00000001100000,000000001,00000000100000,0000010000010,100010000000,00,00000010,10000,001000,,00100,00000,000,100000000,,0,
01000100100000000010000000000000,1000000010000100000000100100000,000000100000000000001000100000,00100001000011001000100000000,0010100000000000000010010000,000000100000010011000001000,0000000000010000000101001001001001,000000100100100000,1100110001000000000010,00010000000000010000000,0101100000000000010000,010000000010000000000,00000000000000010,00000000100100100000,010000000010010000,000010010000000100000000,0100000000000,1001010100000010,0000100110101010000010000,0000001000,0001001000,00100010000001,10000000,100000001,00000000,0000101,010000,0000,0000,0000,
1000000101000000000110000000000010000100,0000000000000000000000100110000000000000000,00100000001,0000000001,00000010000010000000001010000000000001100000010,0000001000001000000000000001000110000000001010000100001000100000001000000001011100000000,0010100000100000000001100,01100000000011010000,000,000001000000000100,0000000000000100010001,00010000000001100000,00000000,0000100000100000000000,000000001,00100000010000000,00000000,000011000000100,000,000010,10100000000001000100001000,00000100000,0010010001,00001001,0001000000,00,00001000,000000000000100,10000000000,00,,000,00,
10000000010010000001000100000000,0000100000100110000000000000000,001000000000100100010000000001,00100001000000011000000000101,0000100010000000100000000001,000001010001000000000100000,01100000001000000000001000,0010100000100000000001100,000001001000010000000000,00000000100000000100010,0000000000000001100001,000000000001000100100,00010010110000000000,1000010000000010000,010000000000000110,001000010000,0000000000010010,000000101000000,01000000010010,0000000010000,100100000000,11001000000,0010000000,001001000,10000000,0111000,010000,00000,0000,000,00,0,
10000110000000010000000100000000,0000000000000010101000000000100,001000010100001000000000100000,00001000100000011010000000000,0000001001000000010110010000,000001000000010000000000010,00010010000000100000000010,0000100000000001100001000,000000000100100001010000,00000100001100010001000,0000001000101000000000,000100100011000000010,11000001000000100000,0010000000100001011,100000000000,0000001100,000000110000,0000010000,00001000000000,010000000000,10000000000000001001,0000001000,00,000000000,0,0000010,0000001,00000,0000,000,000,0,1,
00001000010010000001000100001000,0010001001000000000000010110000,000000001010100100001000000001,00001100100110010000000001000,0000100000000000001000100010,000001000011000010100000110,00010100000100010000100000,1010000000000000001000010,000000000000000000001001,00100000001000000000100,0000100001000010000000,000100000000000010000,01000000010001000000,0000110100000000000,001000000010000001,00000000000000000,0100000000000000,000000000100001,00000000100000,0000010000010,000000010001,00001010100,0000000010,101000001,01000000,0000100,010000,00000,0000,000,00,0,
00001000000011000000100000010010,1000010000000000000000000010100,010000000000000000010000001000,00001000000110000000100000000,0100100001000000000010000000,001000000000100000010010000,00100000000000000100010000,0000100010000000011000010,000000000000000010000001,00010100100000001000000,0000001101000000000001,000100010000010001000,10000000000000001001,0100000100000000000,010000001000000001,10011000000000000,0000000000100000,010000100000111,00000001100000,0001000000100,010000010000,10000100000,1100101000,001000000,00000010,0000000,000010,00100,0100,001,00,0,
00010100000000010000000100000000,0000000000010000000001100000010,100000000000000011000011000100,10000000000000000010000000100,0000010010010000000000010000,010001100000010100000000010,00100000100000000010000001,0000010000001110000000000,000000000010000100010001,00000001001001000100001,0110000000000001000001,000100000000001001000,00001100000100000100,0000001000000000000,000100010010100010,00000010000011000,0110000000001000,001000100000000,00000010000000,0000000000011,000000000000,01000010000,0100000000,001110000,00000000,1000000,000000,01100,0000,100,00,10000000,0,1,
00000000000000010100100000010000,0000000100000000000000100101000,000000101010010000000000000000,00000001001100000001000000000001,0011000000100000000101,0010100000000010100000000,01000000000101,001,10010000000001,0000001000000000000000001000000,0000010000,000001000001000010000000001100,0000001000000000110,00001000,000001000000000001,0000001000000001,00000000000100000,10011000000000,00000000000000000,0010001,00000001001000000010010,0000000000000010000,0100000000,00000000001,11001000000,100000,00000000,00000,0000110,10000,0,000011,00,1,00,00,
0000000010111000001,0000010000000,00000100,000001100000010000000010000001,00000101000001
01000100001000000000000101001000000000000000001000000,0100000000000000001000,00000010000000000000000010011,000010001000000101110,00001000100000001000,0000000011000010000011100000000000000000000010,100000000000001000000000000001000000000000101100100000101100000000,00000000000000100100001,0000000010001000,00010000000010000100000000,1000000,000100001,00000001001000000000001,000001000000000001,00000000000000000100000000000,01000000100100001,000010000,000000000100000000000,0000000000000010,01010000000000,0100000001,0010000001001,00000000000010100010,0000100100000,00001001000,000000000,0000010,001000,0000000000,00100,0000100,000010100000,0000000000000001,000,
00000000000000010100100000010000,0000000100000000000000100101000,000000101010010000000000000000,00000001001100000001000010100,0000000000110000000000001001,001010000000001010000000000,100000000000000110100010001,10010000000001,00000011,01000110000000,00000000110000010000000000,0000000101000000000000,000000001,000000100001001,00000010000000000010,000001000000011100000000,000000000001,00000001001,00001001100000000,01000000000010100000,1100000000,1001,00000000000011,000000000000110000000000,100000000100100000001000000000,10000000000,,000000001,0100000001,1010000101000,000000,0100,00000010,000,00,0,1,
00000010000010010000000001001000,0000001000001001000000000011000,000000100000000010001000,01000000000000010000,0001000000000000,110001000000100000,001000,0010100100101000,00010111000000001000,0010100,001000000011010100000001,00000001000000000000010,0010100,00000000001,001100000001000100001,001010000000000,1100000,0001000010010000101010000,1000000000000000,000,00010,101000000010000010000000,00001001000,000000000100000000,0000,01,01,100001000,10001,0001101,0000,001,000,0000,000,
10010000000000001000000011100000,1000000000000000001000000000010,100000001000000010001000010000,00000000100000100000001010000,0011001000000000000000100000,000000100010000001000100000,01000000000000000110010100,0000100000000000000000001,000000000110100000000000,01100000000100010000000,1000110001000101000000,000000000000100000000,00011000110000000000,1101000001000000000,000100000000100110,00001100000010000,0000000000000000,000010100000000,00000001000001,0011000001000,0000000000100,00000000010,0000001100,010000001,00000011,1000000,001000,00100,0100,010,00,0,
00001000010010000001000100001000,0010001001000000000000010110000000,000000001010100100001000000001,00001100100110010000000001000,0000100000000000001000100010,000001000011000010100000110,00010100000100010000100000,0000000010000001,00100100100000010001000000,001000000010000000001000,0000100001000,0000000000,0000100000000010001,010000001000000001,000000001,10000011100000000,10100000000000,100001,0100000000000000,0000100000000,000100,11001,0000000100,0000010000,00001010001001000010,00000010,0000000,10000000,,0000100,0100,0010000001,0000,
000000001010,000100000001000010000000000001,1000001010010010001000000010000010000,01010001000,01001010,00001001000000,000000001000000010000000001,0000010000000000000001000000000100000,100100000000010,100000000000,000001000010110000100000000100000000,100000000
10100011000000000010001000010000,0000000000000000000010000100000,000000000000110010000010000100,00000000000010100000001000010,0001010001000000000000001101,000000000001001100001000001,01001000000000000000100000,0000100000000000000011000,10011000000000,10100101100001000000000,0001000000001100000000,00010010000001001100000000000100001,00010010110000000000,00000000010001,0000000000000,000001,1000000000,000000000000001,00010010000000,0001010000001,10000,00000,00000000000,0000100100,000000010000,11100000,000000000,000000,10000,,000000,00000,0000,000,,0,0,
10000110000000010000000100000000,000000000000001000100000010000000000,00000,00000000000100100000100010010000000,0001000000001,0001010001000000000000001,0000000001010100100010,00101,
00000001100100000000000101000000,0001110101000000000000010000000,01000110000000000001000000001,00010000000001010000000010000,0000000000010000001110000000,000000000000000100100000000,00100000010010000000000000,0000001000000010001000100,001000000011010100000001,00000001000000000000010,1000000000100000010100,000000100000010000000,00000000001000100000,0000010100011100000,000100001001000000,00010001000001100,0000110000001000,101000000011010,01010000000000,0001000000000,010000000000,00001001000,0000000100,1000000,00010000,0100000,000000,00111,0000,001,10,0,
01000100100000000010000000000000,1000000010000100000000100100000,000000100000000000001000100000,00100001000011001000100000000,0010100000000000000010010000,000000100000010011000001000,00000000000100000001010011,0000000001000000000101010,110011000100000000001000,00010000000000010000000,0101100000000000010000,010000000010000000000,00000000000000000110,0000000010000000010,001000100010000001,000001001000000011000010100000000000001110000000,000000000000000,00000000001100,0000000001000,1001000001,00000010000,0100000000000,01,000000001,00001000,0000101,010000,00010,0000,000,00,1,
00001000010010000001000100001000,0010001001000000000000010110000,000000001010100100001000000001,00001100100110010000000001000,0000100000000000001000100010,000001000011000010100000101000000000,000110000,10000101000010000,000100000,000000000000000000001001,10000000101000000,00011000100000001000001001000001000000000001,00010000000010000,00001000100000,0001,0000000000000000,0001000000,00000000010,000000011001000000,0000000010000,1000000000000,100010000000,001,0001,00000010,100000001,100001000,0000000000001,00001,00,01,
00000001100110000000001000001,0000001000000000000100000,00100000010000,10100001011010000,01000000000000100100001001000000010100000000000001000000001011000001000000000,000000100000010000000,000010011000000,0000000001001000,00000001000000010100000000100001,000101000100000,00001000001000100000,011000000000000100001000,00000000100000000,00000000010001,00000110,000100000,,0000000000000000,00000100010000000,000000001,01000010000001,0000000010000,10100000110000000000,000000001000,0100000000,,100100000000,000001000,01,,000011,0001,0000,000,00,1,
00000001100110000000001010001000,0110000010100000000000000010000,000000101000000100000000010000,01000000000000100000100000100,0100100000000000000000100000,00100000010010000001,10000000000010001000100101,0011001000000001000000000,000100000000000000000110,00001010000000000000000,1000001000000011000000,000000000000100001000,00000000010000000001,0000000001000010000,000001110000000000,10000010000101000,0000000000000010,010100000000000,01001001000000,1000000011100,000001001000,00100100010,0000000001,001,00001010,1100000,000011,00000,0010,000,00,0,
00000001100110000000001010001000,0110000010100000000000000010000,000000101000000100000000010000,01000000000000100000100000100,0100100000000000000000100000,000100000011000000000000001,10000000000010001000100101,0011001000000001000000000,000110000000000,00000000010,0000000100000,0100000000000,0000000100000010000000,00000000010000000001,00000000011101000000,010000000000000110,001100000000,0000000000000010,010100000000000,0000101000100000000000,0000001000000,,000001001000,00100001001000,0,000000000,000001000,1100000,000011,00,0000,000,00,0,
00001000010010000001000100001000,0010001001000000000000010110000,000000001010100100001000000001,00001100100110010000000001000,0000100000000000001000100010,000001000011000010100000110,000100000000000,110000000000000000010001,00000000000000,0001000000,0001001000000010,00000000000010000100001000000,000101000000000000,001100000100101001000000000100001010001,0000000000000000000000000,00000000010,000000000010000000100,000000000100001,00000000100000,0000000000,100001000010101,000001,0010000,000000001,00001000,000000000001,0100,0001,000,000,0,
10001100010000000000000010000000,0000000010100000000000101000000,00001001000000000000110000,1000010000000000000000100100001,0000000010010010001001010000,101000000000000100000000001,00001000000000010000110000,0000110000000100010001000,000000100001101100000100,00000000000000110100010,0000011000000000000000,101100010000000100000,00000100000000000101,0010001000010000000,101000000011000000,00000000000000010,0100000000000010,001010000001001,00000000000011,0001000001000,000000100100,00001001000,0100011000,100000000,00000000,0000000,000000,00000,0100,010,00,0,
00000001100100000000000101000000,0001110101000000000000010000000,010000110000000000001000000001,00010000000001010000000010000,0000000000010000001110000000,000000000000000100100000000,00100000010010000000000000,0000001000000010001000100,001000000011010100000001,00000001000000000000010,1000000000100000010100,000000100000010000000,00000000001000100000,0000010100011100000,000100001001000000,00010001000001100,0000110000001000,101000000011010,00001000000000,0001000000000,010000000000,00001001000,0000000100,000000000,00010000,0100000,000000,00111,0000,001,10,0,
00000000000000000000001000111100,0000000000000000010100110000100,000000110000000010010000010000,00011010100000000000100001000,0000000100100001100000100000,000000000000111000000001000,10000000101000010011000000,0000000100000000000000010,001010010000000010001000,00000000100010000100010,0000001000001000000000,000110000000000010001,00000001000000000001,1000000001010000000,000100101000000001,00000000000000100,0001000001000000,000000010000001,00000100100001,1000010010000,001001000010,10000001000,0001001000,000000110,01000100,0100000,000000,00000,0001,000,00,0,
00000100001010001001010000000000,0000000000000100001000001000001,001000000010000000100100000001,00000010000010101100000001000,0011000000100000000100001000,000000010010000000000000100,00000100001000000000001001,0000100010000001000000010,100001000001000000000000,00000000010000000100001,0000000010000100000000,001010000000100000000,00010000000001100000,0000001000010100000,010000000010010000,01000100010000100,0000000000000000,000000000000100,01001000000100,0000100110110,000001000010,10000010000,1000010000,000000101,01000000,0100000,000000,00000,0010,001,00,0,
00001000000011000000100000010010,1000010000000000000000000010100,010000000000000000010000001000,00001000000110000000100000000,0100100001000000000010000000,001000000000100000010010000,00100000000000000100010000,0000100010000000011000010,000000000000000010000001,00010100100000001000000,0000001101000000000001,000100010000010001000,10000000000000001001,0100000100000000000,010000001000000001,10011000000000000,0000000000100000,010000100000111,00000001100000,0001000000100,010000010000,10000100000,1100101000,001000000,00000010,0000000,000010,00100,0100,001,00,0,
10000000010010000001000100000000,0000100000100110000000000000000,001000000000100100010000000001,00100001000000011000000000101,0000100010000000100000000001,000001010001000000000100000,01100000001000000000001000,0010100000100000000001100,000001001000010000000000,00000000100000000100010,0000000000000001100001,000000000001000100100,00010010110000000000,1000010000000010000,010000000000000110,00100001000000000,0000000000000011,000000101000000,01000000010010,0000000010000,100100000000,11001000000,0010000000,001001000,10000000,0111000,010000,00000,0000,000,00,0,
10100011000000000010001000010000,0000000000000000000010000100000,000000000000110010000010000100,00000000000010100000001000010,0001010001000000000000001101,000000000001001100001000001,01001000000000000000100000,0000100000000000000011000,0000000000001000101000000,10100101100001000000000,0001000000001100000000,001011000000000110000,00000000100000001010,0000100010000010001,000000000000010010,00000000001010000,1000000000000000100,000000000000001,00010010000000,0001010000001,001010000,000000000000,00010000010,0000000100,000000000,11100000,0100000,000000,01000,0000,001,00,0,
00000000001000000001000000010000,0010001110000000000000100010001,010000000000001010001000000001,00100100000000000001000001010,0000000000100110000000000100,000011000000000110001000000,000000000100000010000000000,0001000000000000000001101,000001000000000101000000,01000001000000010000000,0010000000010000010000,000000000000010000001,00101000000001010000,0000100000000010001,010000001010010000,00000010010001000,1000010000100000,000000001000000,00000001100100000,0000000010000,100000010110,000000010000010000,0000101000,000001000,00100001,0000000,0000000,00000,0000,000,00,1,
00000100001010001001010000000000,0000000000000100001000001000001,0010000000100000001000100000,00000010000010101100000001000,0011000000100000000100001000,000000010010000000000000100,00000100001000000000001001,0000100010000001000000010,10000100000100100100,010001000000000100,0000010000010000,10110110000010000100000001010,000010100000,0100000001000100101000000010000,1000,0000000000000000,000000000000110000,01001000000100000010,00001001000,0010001,010010,0000000001100,00001,000000100000001,01000000,0000000000001,000000,00000,0100,00000,,,0,
100001000000000000001000000000000000001,00001000000000000,0001100100100010000000000001000000001,10000000010010000,0100000000000000001001100000010100000000000000010010001000010000,0000000100100100000,00000000000010000100110000,
00010000100011010000000000000000,1000000010000000000100001000000,000000000001001000110000010000,01001000000000001010100100000,0100110000000100000010000000,010000000000000000111000000,00000000000000010000000001,0010001000010001000000000,001000100000100000100000,01000001001000000000000,000000000000100010000100,00100000010010000000,0000000100000010000000,001000100010001,00000000010001,010000001000000001,00001010000001,0000000000000000,0100000000000010,10010010000000,011001000100,01,100001,00101,001,,1001010,000000,000010000,000000,000,,,00,0,
00010100000000010000000100000000,0000000000010000000001100000010,100000000000000011000011000100,10000000000000000010000000100,00000100100100000010000010001001000000,00000100000000,00000000100000010000001010011000000001010000,,00000000000011,0000000000000010100001001000110,0000000100100000,100000010000000000,,00000000100000,00000100000,000000100000011100000,000001,000011000000101000,00010000011,10000000000000000,000001,00000000000010110000000010010001,000000000010000,10000100000,0000011,,000010,010000010000,00000000,001000,00000,00001001,000,000,0,
00000001100110000000001010001000,0110000010100000000000000010000,000000101000000100000000010000,01000000000000100000100000100,0100100000000000000000100000,000100000011000000000000001,10000000000010001000100101,0011001000000001000000000,000100000000000000000110,00001010000000000000000,1000001000000011000000,000000000000100001000,00000000010000000001,0000000001000010000,000001110000000000,10000010000101000,0000000000000010,010100000000000,01001001000000,1000000011100,000001001000,00100100010,0000000001,000000000,00001010,1100000,000011,00000,0010,000,00,0,
00000001100110000000001010001000,0110000010100000000000000010000,000000101000000100000000010000,100100,0010100000000000010,000001010001001100000100000000001100000000000010,000000,0,00000011100000000000000011001100000000000100001000,000101000000,101,000000,1000110000000000,0000001000000101,0000000000100101,000001000000000,10011000000000000,0000000000100000,1010000000000000000,0000000,001,000000,010000,,01,000,00001,11100000,000000000,,0000000,0000,,0000,000,0,,000,
00000001100100000000000101000000,00010000100,000100000,,1000000001001001001000000100010000000100010000000000,01000100000,0000000,01000000010010011000001000,0010000001001,10,001000000000000,00000001000100000000000000000110,1000010000,10000000000100110000000010,000000000000100001000,00000000000011000010100000,00110,0001,,001000000010000000000000000,0100001000001000,110100000010000,0011100,100100000100,000100001100,000000,01,001000,0000010,0010000,0000,0000,000,0,000,0,
00000001100110000000001010001000,0110000010100000000000000010000,000000101000000100000000010000,01000000000000100000100000100,0100100000000000000000100000,000100000011000000000000001,10000000000010001000100101,0011001000000001000000000,000100000000000000000110,00001010000000000000000,1000001000000011000000,000000000000100001000,00000000010000000001,0000000001000010000,000001110000000000,10000010000101000,0000000000000010,010100000000000,01001001000000,1000000011100,000001001000,00100100010,0000000001,000000000,00001010,1100000,000011,00000,0010,000,00,0,
00000000000000010100100000010000,000000010000000000000010010100000000,000000100000001001,00000001001,0100000001,000010100,0010010010000000100,001000000000000001001010000100100000100000000,000000000000001000101010100000000000000000000101,0000001001001,00100001,0001000001000,0000000100,1000000000100000010000000010000,0000000000101,0000001,000000010000000000011100000100000000001,11010100000000101100,00001001100000000,0001000001000000,0000100100,101,100,100,100010000,11001000000,0010000000,00000000001,000000000,0000000100,01000,00000,0000,000,000,00,0,
00001000010010000001000100001000,0010001001000000000000010110000,000000001010100100001000000001,00001100100110010000000001000,0000100000000000001000100010,000001000011000010100000110,00010100000100010000100000,1010000000000000001000010,000000000000000000001001,00100000001000000000100,0000100001000010000000,000100000000000010000,01000000010001000000,0000110100000000000,001000000010000001,00000000000000000,0100000000000000,000000000100001,00000000100000,0000010000010,000000010001,00001010100,0000000010,101000001,01000000,0000100,000010,00000,00000000001,0,
00000000000000010100100000010000,0000000100000000000000100101000,000000101010010000000000000000,00000001001100000001000010100,0000000000110000000000001001,0010100000000110000,10000000000000011010100000,1001000000000100000100000,000000011000000101000000,00000000100010001000000,0000000101000000000000,00000001000000000010000000,00000011000001001010,1000000100010001000,000000000001110000,00001001100000000,0000000000010010,100001000000001,10101000000000,0000100000000,000000100010,00000001000,0010010001,000000000,10000000,0000110,000000,00000,0000,001,10,0,
00000000000000000011000000010001,0100010100000000000000000000011,000000000110000000100000010000,00000000010001000000010000010,0000000000111000000000000100,000000100001000010100000001,10000000000001110000000100,0000001000010100000000000,000001000000000100011000,00000000000000000001001,1000000000100011000001,001100000001000100001,00000100100100000010,0010000001010001000,001010000000100000,00001001100000000,0010000000001100,000010000000000,00001001000110,0000001000000,010000000010,00000000000,0001001000,000000000,10000000,1000000,000000,00010,0001,000,01,0,
00000000001000000001000000010000,0010001110000000000000100000000,010000000000001010001000000001,00100100000000000001000011000000000110000000,010000000000010,00001100000000110000000000000010000,000000000000000100000000011101100000010,000000010010000,001000000000100000100100000001,00001010000000101,0000000010000001,000100000011000000000110000,0000000010000000110000011,1010000000000000000010000000000100000,00000000001010000,00100,001001001100,100001000000001,10000001000,000,0001000001000,100000010110,0001010,100010000,1000001000,0000,0001000000,000010,00010,0000,000,00,000,
00010000100011010000000000000000,1000000010000000000100001000000,0000000000010010001000010010000000,0,000110100,100000001000000000000001110000000,1000000000000001000,001010000000001,0100000000000,0000001000100000000001000000000011,000100000000010000,1010001000000000001,001000000,00001000000100001000,000100001,00000,10000000010,0000000000001000000000,00001001001000010010001000,00010010000000,01001001,010001000,11000000000001,0,00000000001,000,0,0001000001,0,0000,0000000,000000,,00,,000,00,0,0,0,0000000001000,11,
10010000000000001000000011100000,1000000000000000001000000000010,100000001000000010001000010000,000000001000001000000010010100,00100100101000000000010,10000000001,000001000001010000,0000000100,000001,000000000110100000000000,10000,000001,000001000001000,10000000000010001101,0000000000001000000000000101001000,0000001,0000001,00000000100000,0110,00001100000010000,0000000000000000,0000001,100001000000001000000,00000110,0011100,00101,0010010001,010,0000001000,00100,000,0000,00000001001,0,00,0,
00010000100011010000000000000000,1000000010000000000100001000000,000000000001001000110000010000,01001000000000001100001,0010100110010000000000010000,0,000000000100000000,01001000000000001,10000,0000110000000001001000010,00000000100000010000001000,0001000100000110000000,00100000000000000100000000000010000100000000000000000,000000000000001000,0001000000010001000000001000,10000000,1001100000000000,0010010000000000001011,01010000000000,0000100100010000100,0,010000010000,00000010,0010111000,0010001,000000,000000,000000,00000,000,00001,00,,0,0,
00000001100100000000000101000000,0001110101000000000000010000000,010000110000000000001000000001,00010000000001010000000010000,0000000000010000001110000000,000000000000000100100000000,00100000010010000000000000,0000001000000010001000100,001000000011010100000001,00000001000000000000010,1000000000100000010100,00000010000001001000,00000000001000100000,0000010100011100000,000100001001000000,00010001000001100,0000110000001000,101000000011010,00001000000000,0001000000000,010000000000,00001001000,0000000100,000000000,00010000,0100000,000000,00111,0000,001,10,0,
00010000100011010000000000000000,1000000010000000000100001000000,000000000001001000110000010000,01001000000000001010100100000,0100110000000100000010000000,010000000000000000111000000,00000000000000010000000001,00100010100100001000000,1000000001,00100001,00000000100100001,10000000000000001000000000000010010000000001100100000010,010000000010100010000001,00000000000000000110,00000001000100001
10001100010000000000000010000000,0000000010100000000000101000000,000010010000000000001000100000,10000100000000000000001100001,0000000010010010001001010000,101000000000000100000000001,00001000000000010000110000,0000110000000100010001000,000000100001101100000100,00000000000000110100010,0000011000000000000000,101100010000000100000,00000100000000000101,0010001000010000000,101000000011000000,00000000000000010,0100000000000010,001010000001001,00000000000011,0001000001000,000000100100,00001001000,0100011000,100000000,00000000,0000000,000000,00000,0100,010,00,0,
00010000100011010000000000000000,1000000010000000000100001000000,000000000001001000110000010000,01001000000000001010100100000,0000100010,00000010001000000000000000001100000,00001000000100000011000000010000000000000001000,00,000000100000010000101000000000000000001,00000000001000,0001000001000001000000000010000,001010011000000010000000011100000,00000010000000000000101000,001000000,00001,000000100100010000000011,101000001,100000000,000001000000011001000,000000,000000000001,000100000,000,0001001000,1001010,000000,000000,0,000,000,000,0,
0000000000100100000000010000000000000,10000000100000000000000100011000000,0000000000100001000000000100000,0000000000100,100100100000010010100000000000,00100000,0010000,10000000110,0010100010000000100000000000100000000,00000000011001000000,1000000000001001101010000001,000000001010000000000,00110000000000000000,100000000010000001000000,00000000010,00000000010000001,001,00000000010000,
00000001100110000000001010001000,0110000010100000000000000010000,000000101000000100000000010000,01000000000000100000100000100,0100100000000000000000100000,000100000011000000000000001,10000000000010001000100101,0011001000000001000000000,000100000000000000000110,00001010000000000000000,1000001000000011000000,000000000000100001000,00000000010000000001,0000000001000010000,000001110000000000,10000010000101000,0000000000000010,1101000000001000000,001000000,000010000,0001,000001001000,00100100010,0000000001,000000000,00001,00001000,000000,0000,00000,0000000,000,00,0,
00000000010000001011000000000000,00001010000100000000000001100,000000001011000000100110000000,0000000001001010100000100000,1000000010000000000000010110,000001000000010001001010000,00001000000001000000001010,1011000010000000000000001,000100000010100000000100,10100000000000010100010,1000000100000000100000,000000000000000000000,00000010000000000010,0000100000000000000,001000000100100101,00110010010000001,0000000101001000,000001000001100,00001000000000,0000001000000,100000000010,11000000000,0000011001,000000000,00000010,0000000,000010,00000,1000,000,00,0,
00000000000000000011000000010001,0100010100000000000000000000010,00000000011101010000000000000100000000000001,0000,010000000000000100110000001000000001000010000001001000001000000010010,0000000001001010000010,0000001000000010000000000000011,0010000001,0001,00000000,00100010000000010000100000000,10000000010000101000,1000100000001
00000000001010000000110000000000,0000100100001000000000000100000,000000000010001010000100000001,01000010000100010000000100000,0010000000100001100000001000,000000000101100010000000000,00001000000100000010100100,0000001000000010001001100,101000000,000000001000000010000000,0010100,1001100001,000010000001000010010100000000110,00000100100101000000,000100000000110000,000000010000000010,0100000000000010,1001000000000010,00000010000,1000001000,000000100100,0000001100,010000000000,0010010000,001,00,0000000,0000000,0001,00,000,00,1,
00001000010010000001000100001000,0010001001000000000000010110000,000000001010100100001000000001,00001100100110010000000001000,0000100000000000001000100010,000001000011000010100000110,00010100000100010000100000,1010000000000000001000010,000000000000000000001001,00100000001000000000100,0000100001000010000000,000100000000000010000,01000000010001000000,0000110100000000000,001000000010000001,00000000000000000,0100000000000000,000000000100001,00000000100000,0000010000010,000000010001,0000101000000000000,0000000010,101000001,01000000,0000100,010000,00000,0000,000,00,0,
00001000000011000000100000010010,1000010000000000000000000010100,010000000000000000010000001000,00001000000110000000100000000,0100100001000000000010000000,001000000000100000010010000,00100000000000000100010000,0000000000010000,100000000000100000000000000000100000011010000,000000000000000000001001,0000001101000000000001,0000011000000100000001000100000000110000000000,010010000001,010000001000000001,100100000000,0000000000000000000000000,00100010000000,0000001,000010001,0001000000100,010000010000,11001000000,00000000010000000,00000000001,000000001,000100000,00001000,1000001,010000,000,000,,0,
