INFO - 11/09/25 15:38:08 - 0:00:00 - ============ Initialized logger ============
INFO - 11/09/25 15:38:08 - 0:00:00 - batch_size: 32
                                     command: python fc_loop.py --exp_name=dim16_run_8 --dump_path=/home/yuebi/Project/dim16_run --num_initial_empty_objects=800 --final_database_size=100 --target_db_size=100 --nb_local_searches=800 --max_epochs=20 --type=transformer --max-output-length=271 --sample-only=35000 --max-steps=1500 --n_tokens=15 --n-layer=8 --n-embd=128 --n-embd2=128 --exp_id=1111 --exp_id "1111"
                                     cpu: False
                                     debug: False
                                     debug_slurm: False
                                     dump_path: /home/yuebi/Project/dim16_run/dim16_run_8/1111
                                     exp_id: 1111
                                     exp_name: dim16_run_8
                                     final_database_size: 100
                                     gen_batch_size: 1000
                                     global_rank: 0
                                     is_master: True
                                     is_slurm_job: True
                                     learning_rate: 0.0005
                                     local_rank: 0
                                     master_addr: gpu-6
                                     master_port: -1
                                     max_epochs: 20
                                     max_output_length: 271
                                     max_steps: 1500
                                     multi_gpu: False
                                     multi_node: False
                                     n_embd: 128
                                     n_embd2: 128
                                     n_gpu_per_node: 1
                                     n_head: 8
                                     n_layer: 8
                                     n_nodes: 1
                                     n_tokens: 15
                                     nb_local_searches: 800
                                     nb_threads: 1
                                     node_id: 0
                                     num_initial_empty_objects: 800
                                     num_workers: 8
                                     sample_only: 35000
                                     seed: -1
                                     target_db_size: 100
                                     temperature: 1.0
                                     top_k: -1
                                     type: transformer
                                     weight_decay: 0.01
                                     world_size: 1
INFO - 11/09/25 15:38:08 - 0:00:00 - The experiment will be stored in /home/yuebi/Project/dim16_run/dim16_run_8/1111
                                     
INFO - 11/09/25 15:38:08 - 0:00:00 - Running command: python fc_loop.py --exp_name=dim16_run_8 --dump_path=/home/yuebi/Project/dim16_run --num_initial_empty_objects=800 --final_database_size=100 --target_db_size=100 --nb_local_searches=800 --max_epochs=20 --type=transformer --max-output-length=271 --sample-only=35000 --max-steps=1500 --n_tokens=15 --n-layer=8 --n-embd=128 --n-embd2=128 --exp_id=1111

WARNING - 11/09/25 15:38:08 - 0:00:00 - Signal handler installed.
INFO - 11/09/25 15:38:08 - 0:00:00 - seed: 746692527
INFO - 11/09/25 15:38:08 - 0:00:00 - JULIA_NUM_THREADS is set to 1
INFO - 11/09/25 15:38:56 - 0:00:48 - Created /home/yuebi/Project/dim16_run/dim16_run_8/1111/temp.txt and training tokenizer...
INFO - 11/09/25 15:38:56 - 0:00:48 - Directory '/home/yuebi/Project/dim16_run/dim16_run_8/1111/tokenizer_data' created.
INFO - 11/09/25 15:38:56 - 0:00:48 - File '/home/yuebi/Project/dim16_run/dim16_run_8/1111/temp.txt' has been deleted.
INFO - 11/09/25 15:38:56 - 0:00:48 - 0 / 100
INFO - 11/09/25 15:38:56 - 0:00:48 - initializing at generation: 1
INFO - 11/09/25 15:38:56 - 0:00:48 - number of examples in the dataset: 100
INFO - 11/09/25 15:38:56 - 0:00:48 - max word length: 111
INFO - 11/09/25 15:38:56 - 0:00:48 - number of unique characters in the vocabulary: 15
INFO - 11/09/25 15:38:56 - 0:00:48 - vocabulary:
INFO - 11/09/25 15:38:56 - 0:00:48 - ['V0', 'V1', 'V2', 'V3', 'V4', 'V5', 'V6', 'V7', 'V8', 'V9', 'V10', 'V11', 'V12', 'V13', 'V14']
INFO - 11/09/25 15:38:56 - 0:00:48 - split up the dataset into 90 training examples and 10 test examples
INFO - 11/09/25 15:38:56 - 0:00:48 - dataset determined that: vocab_size=16, block_size=272
INFO - 11/09/25 15:38:56 - 0:00:48 - model #params: 1625344
INFO - 11/09/25 15:38:56 - 0:00:48 - ============ Start of generation 1 ============
INFO - 11/09/25 15:38:56 - 0:00:48 - Memory allocated:  8.46MB, reserved: 10.00MB
INFO - 11/09/25 15:38:56 - 0:00:48 - training
INFO - 11/09/25 15:39:01 - 0:00:52 - step 0 | loss 2.9346 | step time 597.88ms
INFO - 11/09/25 15:39:27 - 0:01:18 - step 100 | loss 1.7157 | step time 257.10ms
INFO - 11/09/25 15:39:52 - 0:01:44 - step 200 | loss 0.6328 | step time 257.10ms
INFO - 11/09/25 15:40:18 - 0:02:10 - step 300 | loss 0.0670 | step time 257.14ms
INFO - 11/09/25 15:42:47 - 0:00:00 - ============ Initialized logger ============
INFO - 11/09/25 15:42:47 - 0:00:00 - batch_size: 32
                                     command: python fc_loop.py --exp_name=dim16_run_8 --dump_path=/home/yuebi/Project/dim16_run --num_initial_empty_objects=800 --final_database_size=100 --target_db_size=100 --nb_local_searches=800 --max_epochs=20 --type=transformer --max-output-length=271 --sample-only=35000 --max-steps=1500 --n_tokens=15 --n-layer=8 --n-embd=128 --n-embd2=128 --exp_id=1111 --exp_id "1111"
                                     cpu: False
                                     debug: False
                                     debug_slurm: False
                                     dump_path: /home/yuebi/Project/dim16_run/dim16_run_8/1111
                                     exp_id: 1111
                                     exp_name: dim16_run_8
                                     final_database_size: 100
                                     gen_batch_size: 1000
                                     global_rank: 0
                                     is_master: True
                                     is_slurm_job: True
                                     learning_rate: 0.0005
                                     local_rank: 0
                                     master_addr: gpu-6
                                     master_port: -1
                                     max_epochs: 20
                                     max_output_length: 271
                                     max_steps: 1500
                                     multi_gpu: False
                                     multi_node: False
                                     n_embd: 128
                                     n_embd2: 128
                                     n_gpu_per_node: 1
                                     n_head: 8
                                     n_layer: 8
                                     n_nodes: 1
                                     n_tokens: 15
                                     nb_local_searches: 800
                                     nb_threads: 1
                                     node_id: 0
                                     num_initial_empty_objects: 800
                                     num_workers: 8
                                     sample_only: 35000
                                     seed: -1
                                     target_db_size: 100
                                     temperature: 1.0
                                     top_k: -1
                                     type: transformer
                                     weight_decay: 0.01
                                     world_size: 1
INFO - 11/09/25 15:42:47 - 0:00:00 - The experiment will be stored in /home/yuebi/Project/dim16_run/dim16_run_8/1111
                                     
INFO - 11/09/25 15:42:47 - 0:00:00 - Running command: python fc_loop.py --exp_name=dim16_run_8 --dump_path=/home/yuebi/Project/dim16_run --num_initial_empty_objects=800 --final_database_size=100 --target_db_size=100 --nb_local_searches=800 --max_epochs=20 --type=transformer --max-output-length=271 --sample-only=35000 --max-steps=1500 --n_tokens=15 --n-layer=8 --n-embd=128 --n-embd2=128 --exp_id=1111

WARNING - 11/09/25 15:42:47 - 0:00:00 - Signal handler installed.
INFO - 11/09/25 15:42:47 - 0:00:00 - seed: 623032345
INFO - 11/09/25 15:42:47 - 0:00:00 - initializing at generation: 1
INFO - 11/09/25 15:42:47 - 0:00:00 - number of examples in the dataset: 100
INFO - 11/09/25 15:42:47 - 0:00:00 - max word length: 111
INFO - 11/09/25 15:42:47 - 0:00:00 - number of unique characters in the vocabulary: 15
INFO - 11/09/25 15:42:47 - 0:00:00 - vocabulary:
INFO - 11/09/25 15:42:47 - 0:00:00 - ['V0', 'V1', 'V2', 'V3', 'V4', 'V5', 'V6', 'V7', 'V8', 'V9', 'V10', 'V11', 'V12', 'V13', 'V14']
INFO - 11/09/25 15:42:47 - 0:00:00 - split up the dataset into 90 training examples and 10 test examples
INFO - 11/09/25 15:42:47 - 0:00:00 - dataset determined that: vocab_size=16, block_size=272
INFO - 11/09/25 15:42:47 - 0:00:00 - model #params: 1625344
INFO - 11/09/25 15:42:47 - 0:00:00 - ============ Start of generation 1 ============
INFO - 11/09/25 15:42:47 - 0:00:00 - Memory allocated:  8.46MB, reserved: 10.00MB
INFO - 11/09/25 15:42:47 - 0:00:00 - training
INFO - 11/09/25 15:42:53 - 0:00:05 - step 0 | loss 2.8381 | step time 599.84ms
INFO - 11/09/25 15:43:18 - 0:00:31 - step 100 | loss 1.6540 | step time 256.94ms
INFO - 11/09/25 15:43:44 - 0:00:57 - step 200 | loss 0.7075 | step time 257.00ms
INFO - 11/09/25 15:44:10 - 0:01:22 - step 300 | loss 0.0862 | step time 257.03ms
INFO - 11/09/25 15:44:35 - 0:01:48 - step 400 | loss 0.0578 | step time 256.96ms
INFO - 11/09/25 15:45:01 - 0:02:14 - step 500 | loss 0.0515 | step time 257.08ms
INFO - 11/09/25 15:45:01 - 0:02:14 - step 500 train loss: 0.04851306602358818 test loss: 6.114470481872559
INFO - 11/09/25 15:45:01 - 0:02:14 - test loss 6.114470481872559 is the best so far, saving model to /home/yuebi/Project/dim16_run/dim16_run_8/1111/model.pt
INFO - 11/09/25 15:45:27 - 0:02:40 - step 600 | loss 0.0479 | step time 257.02ms
INFO - 11/09/25 15:45:53 - 0:03:05 - step 700 | loss 0.0479 | step time 256.99ms
INFO - 11/09/25 15:46:18 - 0:03:31 - step 800 | loss 0.0488 | step time 257.07ms
INFO - 11/09/25 15:46:44 - 0:03:57 - step 900 | loss 0.0447 | step time 257.02ms
INFO - 11/09/25 15:47:10 - 0:04:23 - step 1000 | loss 0.0455 | step time 257.04ms
INFO - 11/09/25 15:47:10 - 0:04:23 - step 1000 train loss: 0.04532649740576744 test loss: 6.381798267364502
INFO - 11/09/25 15:47:36 - 0:04:49 - step 1100 | loss 0.0446 | step time 257.18ms
INFO - 11/09/25 15:48:01 - 0:05:14 - step 1200 | loss 0.0474 | step time 257.06ms
INFO - 11/09/25 15:48:27 - 0:05:40 - step 1300 | loss 0.1526 | step time 256.96ms
INFO - 11/09/25 15:48:53 - 0:06:06 - step 1400 | loss 0.0441 | step time 257.01ms
INFO - 11/09/25 15:49:18 - 0:06:31 - Memory allocated:  43.97MB, reserved: 2272.00MB
INFO - 11/09/25 15:49:18 - 0:06:31 - generating
INFO - 11/09/25 18:26:19 - 2:43:32 - distribution of sample lengths: average: 333.8315714285714 max: 355
INFO - 11/09/25 18:26:19 - 2:43:32 - printed 35000 samples
INFO - 11/09/25 18:26:19 - 2:43:32 - decoding
INFO - 11/09/25 18:26:20 - 2:43:33 - Decoding complete. Check the output in /home/yuebi/Project/dim16_run/dim16_run_8/1111/transformer-output-decoded.txt
INFO - 11/09/25 18:26:20 - 2:43:33 - Memory allocated:  43.97MB, reserved: 7648.00MB
INFO - 11/09/25 18:26:20 - 2:43:33 - ============ End of generation 1 ============
INFO - 11/09/25 18:26:20 - 2:43:33 - launching search.jl
INFO - 11/09/25 18:26:20 - 2:43:33 - JULIA_NUM_THREADS is set to 1
INFO - 11/09/25 18:30:41 - 2:47:54 - distribution of scores(all rounds)
INFO - 11/09/25 18:30:41 - 2:47:54 - Score:299008.0, Count:8
                                     
INFO - 11/09/25 18:30:41 - 2:47:54 - Score:294912.0, Count:2
                                     
INFO - 11/09/25 18:30:41 - 2:47:54 - Score:286720.0, Count:5
                                     
INFO - 11/09/25 18:30:41 - 2:47:54 - Score:282624.0, Count:2
                                     
INFO - 11/09/25 18:30:41 - 2:47:54 - Score:278528.0, Count:1
                                     
INFO - 11/09/25 18:30:41 - 2:47:54 - Score:276480.0, Count:1
                                     
INFO - 11/09/25 18:30:41 - 2:47:54 - Score:275456.0, Count:5
                                     
INFO - 11/09/25 18:30:41 - 2:47:54 - Score:274432.0, Count:1
                                     
INFO - 11/09/25 18:30:41 - 2:47:54 - Score:270528.0, Count:3
                                     
INFO - 11/09/25 18:30:41 - 2:47:54 - Score:270336.0, Count:10
                                     
INFO - 11/09/25 18:30:41 - 2:47:54 - Score:267264.0, Count:1
                                     
INFO - 11/09/25 18:30:41 - 2:47:54 - Score:266240.0, Count:2
                                     
INFO - 11/09/25 18:30:41 - 2:47:54 - Score:264192.0, Count:1
                                     
INFO - 11/09/25 18:30:41 - 2:47:54 - Score:263168.0, Count:1
                                     
INFO - 11/09/25 18:30:41 - 2:47:54 - Score:262144.0, Count:2
                                     
INFO - 11/09/25 18:30:41 - 2:47:54 - Score:261120.0, Count:3
                                     
INFO - 11/09/25 18:30:41 - 2:47:54 - Score:260096.0, Count:2
                                     
INFO - 11/09/25 18:30:41 - 2:47:54 - Score:259840.0, Count:2
                                     
INFO - 11/09/25 18:30:41 - 2:47:54 - Score:259072.0, Count:2
                                     
INFO - 11/09/25 18:30:41 - 2:47:54 - Score:258560.0, Count:1
                                     
INFO - 11/09/25 18:30:41 - 2:47:54 - Score:256512.0, Count:1
                                     
INFO - 11/09/25 18:30:41 - 2:47:54 - Score:256256.0, Count:3
                                     
INFO - 11/09/25 18:30:41 - 2:47:54 - Score:254976.0, Count:4
                                     
INFO - 11/09/25 18:30:41 - 2:47:54 - Score:254656.0, Count:2
                                     
INFO - 11/09/25 18:30:41 - 2:47:54 - Score:253952.0, Count:1
                                     
INFO - 11/09/25 18:30:41 - 2:47:54 - Score:253568.0, Count:1
                                     
INFO - 11/09/25 18:30:41 - 2:47:54 - Score:253440.0, Count:2
                                     
INFO - 11/09/25 18:30:41 - 2:47:54 - Score:253388.0, Count:1
                                     
INFO - 11/09/25 18:30:41 - 2:47:54 - Score:252928.0, Count:3
                                     
INFO - 11/09/25 18:30:41 - 2:47:54 - Score:251904.0, Count:3
                                     
INFO - 11/09/25 18:30:41 - 2:47:54 - Score:251840.0, Count:1
                                     
INFO - 11/09/25 18:30:41 - 2:47:54 - Score:251808.0, Count:1
                                     
INFO - 11/09/25 18:30:41 - 2:47:54 - Score:251648.0, Count:1
                                     
INFO - 11/09/25 18:30:41 - 2:47:54 - Score:250432.0, Count:1
                                     
INFO - 11/09/25 18:30:41 - 2:47:54 - Score:250425.0, Count:1
                                     
INFO - 11/09/25 18:30:41 - 2:47:54 - Score:249856.0, Count:1
                                     
INFO - 11/09/25 18:30:41 - 2:47:54 - Score:249280.0, Count:2
                                     
INFO - 11/09/25 18:30:41 - 2:47:54 - Score:249075.0, Count:1
                                     
INFO - 11/09/25 18:30:41 - 2:47:54 - Score:248768.0, Count:1
                                     
INFO - 11/09/25 18:30:41 - 2:47:54 - Score:248040.0, Count:3
                                     
INFO - 11/09/25 18:30:41 - 2:47:54 - Score:247950.0, Count:1
                                     
INFO - 11/09/25 18:30:41 - 2:47:54 - Score:247808.0, Count:2
                                     
INFO - 11/09/25 18:30:41 - 2:47:54 - Score:247040.0, Count:1
                                     
INFO - 11/09/25 18:30:41 - 2:47:54 - Score:246784.0, Count:2
                                     
INFO - 11/09/25 18:30:41 - 2:47:54 - Score:246528.0, Count:1
                                     
INFO - 11/09/25 18:30:41 - 2:47:54 - Score:245980.0, Count:1
                                     
INFO - 11/09/25 18:30:41 - 2:47:54 - Score:245888.0, Count:1
                                     
INFO - 11/09/25 18:30:41 - 2:47:54 - Score:245772.0, Count:1
                                     
INFO - 11/09/25 18:30:41 - 2:47:54 - Score:245760.0, Count:1
                                     
INFO - 11/09/25 18:30:41 - 2:47:54 - tokenizing
INFO - 11/09/25 18:30:41 - 2:47:54 - Loading tokenizer from /home/yuebi/Project/dim16_run/dim16_run_8/1111/tokenizer_data/tokenizer.json...
INFO - 11/09/25 18:30:41 - 2:47:54 - 0 / 100
INFO - 11/09/25 18:30:41 - 2:47:54 - number of examples in the dataset: 100
INFO - 11/09/25 18:30:41 - 2:47:54 - max word length: 111
INFO - 11/09/25 18:30:41 - 2:47:54 - number of unique characters in the vocabulary: 15
INFO - 11/09/25 18:30:41 - 2:47:54 - vocabulary:
INFO - 11/09/25 18:30:41 - 2:47:54 - ['V0', 'V1', 'V2', 'V3', 'V4', 'V5', 'V6', 'V7', 'V8', 'V9', 'V10', 'V11', 'V12', 'V13', 'V14']
INFO - 11/09/25 18:30:41 - 2:47:54 - split up the dataset into 90 training examples and 10 test examples
INFO - 11/09/25 18:30:41 - 2:47:54 - ============ Start of generation 2 ============
INFO - 11/09/25 18:30:41 - 2:47:54 - Memory allocated:  43.97MB, reserved: 7648.00MB
INFO - 11/09/25 18:30:41 - 2:47:54 - training
INFO - 11/09/25 18:30:41 - 2:47:54 - step 0 | loss 1.7660 | step time 264.37ms
INFO - 11/09/25 18:31:07 - 2:48:20 - step 100 | loss 0.0602 | step time 257.25ms
INFO - 11/09/25 18:31:33 - 2:48:45 - step 200 | loss 0.0474 | step time 257.21ms
INFO - 11/09/25 18:31:58 - 2:49:11 - step 300 | loss 0.0451 | step time 257.20ms
INFO - 11/09/25 18:32:24 - 2:49:37 - step 400 | loss 0.1337 | step time 257.15ms
INFO - 11/09/25 18:32:50 - 2:50:03 - step 500 | loss 0.0446 | step time 257.21ms
INFO - 11/09/25 18:32:50 - 2:50:03 - step 500 train loss: 0.0444226898252964 test loss: 2.738919734954834
INFO - 11/09/25 18:32:50 - 2:50:03 - test loss 2.738919734954834 is the best so far, saving model to /home/yuebi/Project/dim16_run/dim16_run_8/1111/model.pt
INFO - 11/09/25 18:33:16 - 2:50:29 - step 600 | loss 0.0465 | step time 257.12ms
INFO - 11/09/25 18:33:42 - 2:50:54 - step 700 | loss 0.0442 | step time 257.15ms
INFO - 11/09/25 18:34:07 - 2:51:20 - step 800 | loss 0.0470 | step time 257.16ms
INFO - 11/09/25 18:34:33 - 2:51:46 - step 900 | loss 0.0443 | step time 257.24ms
INFO - 11/09/25 18:34:59 - 2:52:11 - step 1000 | loss 0.0437 | step time 257.18ms
INFO - 11/09/25 18:34:59 - 2:52:12 - step 1000 train loss: 0.044662296772003174 test loss: 3.107485294342041
INFO - 11/09/25 18:35:25 - 2:52:37 - step 1100 | loss 0.0466 | step time 257.21ms
INFO - 11/09/25 18:35:50 - 2:53:03 - step 1200 | loss 0.0438 | step time 257.17ms
INFO - 11/09/25 18:36:16 - 2:53:29 - step 1300 | loss 0.0455 | step time 257.24ms
INFO - 11/09/25 18:36:42 - 2:53:55 - step 1400 | loss 0.0449 | step time 257.11ms
INFO - 11/09/25 18:37:07 - 2:54:20 - Memory allocated:  43.97MB, reserved: 7648.00MB
INFO - 11/09/25 18:37:07 - 2:54:20 - generating
INFO - 11/09/25 18:43:16 - 0:00:00 - ============ Initialized logger ============
INFO - 11/09/25 18:43:16 - 0:00:00 - batch_size: 32
                                     command: python fc_loop.py --exp_name=dim16_run_8 --dump_path=/home/yuebi/Project/dim16_run --num_initial_empty_objects=800 --final_database_size=100 --target_db_size=100 --nb_local_searches=800 --max_epochs=20 --type=transformer --max-output-length=271 --sample-only=35000 --max-steps=1500 --n_tokens=15 --n-layer=8 --n-embd=128 --n-embd2=128 --exp_id=1111 --exp_id "1111"
                                     cpu: False
                                     debug: False
                                     debug_slurm: False
                                     dump_path: /home/yuebi/Project/dim16_run/dim16_run_8/1111
                                     exp_id: 1111
                                     exp_name: dim16_run_8
                                     final_database_size: 100
                                     gen_batch_size: 1000
                                     global_rank: 0
                                     is_master: True
                                     is_slurm_job: True
                                     learning_rate: 0.0005
                                     local_rank: 0
                                     master_addr: gpu-6
                                     master_port: -1
                                     max_epochs: 20
                                     max_output_length: 271
                                     max_steps: 1500
                                     multi_gpu: False
                                     multi_node: False
                                     n_embd: 128
                                     n_embd2: 128
                                     n_gpu_per_node: 1
                                     n_head: 8
                                     n_layer: 8
                                     n_nodes: 1
                                     n_tokens: 15
                                     nb_local_searches: 800
                                     nb_threads: 1
                                     node_id: 0
                                     num_initial_empty_objects: 800
                                     num_workers: 8
                                     sample_only: 35000
                                     seed: -1
                                     target_db_size: 100
                                     temperature: 1.0
                                     top_k: -1
                                     type: transformer
                                     weight_decay: 0.01
                                     world_size: 1
INFO - 11/09/25 18:43:16 - 0:00:00 - The experiment will be stored in /home/yuebi/Project/dim16_run/dim16_run_8/1111
                                     
INFO - 11/09/25 18:43:16 - 0:00:00 - Running command: python fc_loop.py --exp_name=dim16_run_8 --dump_path=/home/yuebi/Project/dim16_run --num_initial_empty_objects=800 --final_database_size=100 --target_db_size=100 --nb_local_searches=800 --max_epochs=20 --type=transformer --max-output-length=271 --sample-only=35000 --max-steps=1500 --n_tokens=15 --n-layer=8 --n-embd=128 --n-embd2=128 --exp_id=1111

WARNING - 11/09/25 18:43:16 - 0:00:00 - Signal handler installed.
INFO - 11/09/25 18:43:16 - 0:00:00 - seed: 750694800
INFO - 11/09/25 18:43:16 - 0:00:00 - initializing at generation: 2
INFO - 11/09/25 18:43:16 - 0:00:00 - number of examples in the dataset: 100
INFO - 11/09/25 18:43:16 - 0:00:00 - max word length: 111
INFO - 11/09/25 18:43:16 - 0:00:00 - number of unique characters in the vocabulary: 15
INFO - 11/09/25 18:43:16 - 0:00:00 - vocabulary:
INFO - 11/09/25 18:43:16 - 0:00:00 - ['V0', 'V1', 'V2', 'V3', 'V4', 'V5', 'V6', 'V7', 'V8', 'V9', 'V10', 'V11', 'V12', 'V13', 'V14']
INFO - 11/09/25 18:43:16 - 0:00:00 - split up the dataset into 90 training examples and 10 test examples
INFO - 11/09/25 18:43:16 - 0:00:00 - dataset determined that: vocab_size=16, block_size=272
INFO - 11/09/25 18:43:16 - 0:00:00 - model #params: 1625344
INFO - 11/09/25 18:43:16 - 0:00:00 - resuming from existing model
INFO - 11/09/25 18:43:16 - 0:00:00 - ============ Start of generation 2 ============
INFO - 11/09/25 18:43:16 - 0:00:00 - Memory allocated:  8.46MB, reserved: 18.00MB
INFO - 11/09/25 18:43:16 - 0:00:00 - training
INFO - 11/09/25 18:43:21 - 0:00:05 - step 0 | loss 0.0507 | step time 588.79ms
INFO - 11/09/25 18:43:47 - 0:00:31 - step 100 | loss 0.0501 | step time 256.96ms
INFO - 11/09/25 18:44:12 - 0:00:56 - step 200 | loss 0.0446 | step time 256.88ms
INFO - 11/09/25 18:44:38 - 0:01:22 - step 300 | loss 0.0756 | step time 256.89ms
INFO - 11/09/25 18:45:04 - 0:01:48 - step 400 | loss 0.0450 | step time 256.93ms
INFO - 11/09/25 18:45:29 - 0:02:13 - step 500 | loss 0.0453 | step time 257.01ms
INFO - 11/09/25 18:45:30 - 0:02:14 - step 500 train loss: 0.04450226575136185 test loss: 0.2720118761062622
INFO - 11/09/25 18:45:30 - 0:02:14 - test loss 0.2720118761062622 is the best so far, saving model to /home/yuebi/Project/dim16_run/dim16_run_8/1111/model.pt
INFO - 11/09/25 18:45:55 - 0:02:39 - step 600 | loss 0.0434 | step time 256.87ms
INFO - 11/09/25 18:46:21 - 0:03:05 - step 700 | loss 0.0426 | step time 256.93ms
INFO - 11/09/25 18:46:47 - 0:03:31 - step 800 | loss 0.0482 | step time 256.90ms
INFO - 11/09/25 18:47:12 - 0:03:56 - step 900 | loss 0.0438 | step time 256.95ms
INFO - 11/09/25 18:47:38 - 0:04:22 - step 1000 | loss 0.0438 | step time 258.20ms
INFO - 11/09/25 18:47:38 - 0:04:22 - step 1000 train loss: 0.044278938323259354 test loss: 0.6094870567321777
INFO - 11/09/25 18:48:04 - 0:04:48 - step 1100 | loss 0.0455 | step time 256.91ms
INFO - 11/09/25 18:48:30 - 0:05:14 - step 1200 | loss 0.0425 | step time 256.98ms
INFO - 11/09/25 18:48:55 - 0:05:39 - step 1300 | loss 0.0493 | step time 256.93ms
INFO - 11/09/25 18:49:21 - 0:06:05 - step 1400 | loss 0.0427 | step time 256.92ms
INFO - 11/09/25 18:49:47 - 0:06:31 - Memory allocated:  43.97MB, reserved: 2272.00MB
INFO - 11/09/25 18:49:47 - 0:06:31 - generating
INFO - 11/09/25 21:26:48 - 2:43:32 - distribution of sample lengths: average: 334.5007428571429 max: 850
INFO - 11/09/25 21:26:48 - 2:43:32 - printed 35000 samples
INFO - 11/09/25 21:26:48 - 2:43:32 - decoding
INFO - 11/09/25 21:26:49 - 2:43:33 - Decoding complete. Check the output in /home/yuebi/Project/dim16_run/dim16_run_8/1111/transformer-output-decoded.txt
INFO - 11/09/25 21:26:49 - 2:43:33 - Memory allocated:  43.97MB, reserved: 7648.00MB
INFO - 11/09/25 21:26:49 - 2:43:33 - ============ End of generation 2 ============
INFO - 11/09/25 21:26:49 - 2:43:33 - launching search.jl
INFO - 11/09/25 21:26:49 - 2:43:33 - JULIA_NUM_THREADS is set to 1
INFO - 11/09/25 21:31:18 - 2:48:02 - distribution of scores(all rounds)
INFO - 11/09/25 21:31:18 - 2:48:02 - Score:299008.0, Count:18
                                     
INFO - 11/09/25 21:31:18 - 2:48:02 - Score:294912.0, Count:4
                                     
INFO - 11/09/25 21:31:18 - 2:48:02 - Score:286720.0, Count:11
                                     
INFO - 11/09/25 21:31:18 - 2:48:02 - Score:282624.0, Count:4
                                     
INFO - 11/09/25 21:31:18 - 2:48:02 - Score:278528.0, Count:2
                                     
INFO - 11/09/25 21:31:18 - 2:48:02 - Score:276480.0, Count:2
                                     
INFO - 11/09/25 21:31:18 - 2:48:02 - Score:275456.0, Count:11
                                     
INFO - 11/09/25 21:31:18 - 2:48:02 - Score:274432.0, Count:2
                                     
INFO - 11/09/25 21:31:18 - 2:48:02 - Score:270528.0, Count:6
                                     
INFO - 11/09/25 21:31:18 - 2:48:02 - Score:270336.0, Count:21
                                     
INFO - 11/09/25 21:31:18 - 2:48:02 - Score:267264.0, Count:2
                                     
INFO - 11/09/25 21:31:18 - 2:48:02 - Score:266240.0, Count:5
                                     
INFO - 11/09/25 21:31:18 - 2:48:02 - Score:264192.0, Count:2
                                     
INFO - 11/09/25 21:31:18 - 2:48:02 - Score:263168.0, Count:2
                                     
INFO - 11/09/25 21:31:18 - 2:48:02 - Score:262144.0, Count:4
                                     
INFO - 11/09/25 21:31:18 - 2:48:02 - Score:261120.0, Count:4
                                     
INFO - 11/09/25 21:31:18 - 2:48:02 - tokenizing
INFO - 11/09/25 21:31:18 - 2:48:02 - Loading tokenizer from /home/yuebi/Project/dim16_run/dim16_run_8/1111/tokenizer_data/tokenizer.json...
INFO - 11/09/25 21:31:18 - 2:48:02 - 0 / 100
INFO - 11/09/25 21:31:18 - 2:48:02 - number of examples in the dataset: 100
INFO - 11/09/25 21:31:18 - 2:48:02 - max word length: 111
INFO - 11/09/25 21:31:18 - 2:48:02 - number of unique characters in the vocabulary: 15
INFO - 11/09/25 21:31:18 - 2:48:02 - vocabulary:
INFO - 11/09/25 21:31:18 - 2:48:02 - ['V0', 'V1', 'V2', 'V3', 'V4', 'V5', 'V6', 'V7', 'V8', 'V9', 'V10', 'V11', 'V12', 'V13', 'V14']
INFO - 11/09/25 21:31:18 - 2:48:02 - split up the dataset into 90 training examples and 10 test examples
INFO - 11/09/25 21:31:18 - 2:48:02 - ============ Start of generation 3 ============
INFO - 11/09/25 21:31:18 - 2:48:02 - Memory allocated:  43.97MB, reserved: 7648.00MB
INFO - 11/09/25 21:31:18 - 2:48:02 - training
INFO - 11/09/25 21:31:19 - 2:48:03 - step 0 | loss 0.3199 | step time 266.72ms
INFO - 11/09/25 21:31:44 - 2:48:28 - step 100 | loss 0.0450 | step time 257.41ms
INFO - 11/09/25 21:32:10 - 2:48:54 - step 200 | loss 0.0435 | step time 257.13ms
INFO - 11/09/25 21:32:36 - 2:49:20 - step 300 | loss 0.0455 | step time 257.07ms
INFO - 11/09/25 21:33:02 - 2:49:46 - step 400 | loss 0.0471 | step time 257.29ms
INFO - 11/09/25 21:33:27 - 2:50:11 - step 500 | loss 0.0442 | step time 257.08ms
INFO - 11/09/25 21:33:28 - 2:50:12 - step 500 train loss: 0.043647944927215576 test loss: 1.643165111541748
INFO - 11/09/25 21:33:28 - 2:50:12 - test loss 1.643165111541748 is the best so far, saving model to /home/yuebi/Project/dim16_run/dim16_run_8/1111/model.pt
INFO - 11/09/25 21:33:53 - 2:50:37 - step 600 | loss 0.0438 | step time 257.15ms
INFO - 11/09/25 21:34:19 - 2:51:03 - step 700 | loss 0.0437 | step time 257.12ms
INFO - 11/09/25 21:34:45 - 2:51:29 - step 800 | loss 0.0459 | step time 257.19ms
INFO - 11/09/25 21:35:10 - 2:51:54 - step 900 | loss 0.0430 | step time 257.13ms
INFO - 11/09/25 21:35:36 - 2:52:20 - step 1000 | loss 0.0434 | step time 257.12ms
INFO - 11/09/25 21:35:36 - 2:52:20 - step 1000 train loss: 0.04354563355445862 test loss: 1.8951287269592285
INFO - 11/09/25 21:36:02 - 2:52:46 - step 1100 | loss 0.0426 | step time 257.12ms
INFO - 11/09/25 21:36:28 - 2:53:12 - step 1200 | loss 0.0445 | step time 257.13ms
INFO - 11/09/25 21:36:54 - 2:53:38 - step 1300 | loss 0.0724 | step time 257.13ms
INFO - 11/09/25 21:37:19 - 2:54:03 - step 1400 | loss 0.0447 | step time 257.22ms
INFO - 11/09/25 21:37:45 - 2:54:29 - Memory allocated:  43.97MB, reserved: 7648.00MB
INFO - 11/09/25 21:37:45 - 2:54:29 - generating
INFO - 11/09/25 21:43:22 - 0:00:00 - ============ Initialized logger ============
INFO - 11/09/25 21:43:22 - 0:00:00 - batch_size: 32
                                     command: python fc_loop.py --exp_name=dim16_run_8 --dump_path=/home/yuebi/Project/dim16_run --num_initial_empty_objects=800 --final_database_size=100 --target_db_size=100 --nb_local_searches=800 --max_epochs=20 --type=transformer --max-output-length=271 --sample-only=35000 --max-steps=1500 --n_tokens=15 --n-layer=8 --n-embd=128 --n-embd2=128 --exp_id=1111 --exp_id "1111"
                                     cpu: False
                                     debug: False
                                     debug_slurm: False
                                     dump_path: /home/yuebi/Project/dim16_run/dim16_run_8/1111
                                     exp_id: 1111
                                     exp_name: dim16_run_8
                                     final_database_size: 100
                                     gen_batch_size: 1000
                                     global_rank: 0
                                     is_master: True
                                     is_slurm_job: True
                                     learning_rate: 0.0005
                                     local_rank: 0
                                     master_addr: gpu-6
                                     master_port: -1
                                     max_epochs: 20
                                     max_output_length: 271
                                     max_steps: 1500
                                     multi_gpu: False
                                     multi_node: False
                                     n_embd: 128
                                     n_embd2: 128
                                     n_gpu_per_node: 1
                                     n_head: 8
                                     n_layer: 8
                                     n_nodes: 1
                                     n_tokens: 15
                                     nb_local_searches: 800
                                     nb_threads: 1
                                     node_id: 0
                                     num_initial_empty_objects: 800
                                     num_workers: 8
                                     sample_only: 35000
                                     seed: -1
                                     target_db_size: 100
                                     temperature: 1.0
                                     top_k: -1
                                     type: transformer
                                     weight_decay: 0.01
                                     world_size: 1
INFO - 11/09/25 21:43:22 - 0:00:00 - The experiment will be stored in /home/yuebi/Project/dim16_run/dim16_run_8/1111
                                     
INFO - 11/09/25 21:43:22 - 0:00:00 - Running command: python fc_loop.py --exp_name=dim16_run_8 --dump_path=/home/yuebi/Project/dim16_run --num_initial_empty_objects=800 --final_database_size=100 --target_db_size=100 --nb_local_searches=800 --max_epochs=20 --type=transformer --max-output-length=271 --sample-only=35000 --max-steps=1500 --n_tokens=15 --n-layer=8 --n-embd=128 --n-embd2=128 --exp_id=1111

WARNING - 11/09/25 21:43:22 - 0:00:00 - Signal handler installed.
INFO - 11/09/25 21:43:22 - 0:00:00 - seed: 589165632
INFO - 11/09/25 21:43:22 - 0:00:00 - initializing at generation: 3
INFO - 11/09/25 21:43:22 - 0:00:00 - number of examples in the dataset: 100
INFO - 11/09/25 21:43:22 - 0:00:00 - max word length: 111
INFO - 11/09/25 21:43:22 - 0:00:00 - number of unique characters in the vocabulary: 15
INFO - 11/09/25 21:43:22 - 0:00:00 - vocabulary:
INFO - 11/09/25 21:43:22 - 0:00:00 - ['V0', 'V1', 'V2', 'V3', 'V4', 'V5', 'V6', 'V7', 'V8', 'V9', 'V10', 'V11', 'V12', 'V13', 'V14']
INFO - 11/09/25 21:43:22 - 0:00:00 - split up the dataset into 90 training examples and 10 test examples
INFO - 11/09/25 21:43:22 - 0:00:00 - dataset determined that: vocab_size=16, block_size=272
INFO - 11/09/25 21:43:22 - 0:00:00 - model #params: 1625344
INFO - 11/09/25 21:43:22 - 0:00:00 - resuming from existing model
INFO - 11/09/25 21:43:22 - 0:00:00 - ============ Start of generation 3 ============
INFO - 11/09/25 21:43:22 - 0:00:00 - Memory allocated:  8.46MB, reserved: 18.00MB
INFO - 11/09/25 21:43:22 - 0:00:00 - training
INFO - 11/09/25 21:43:27 - 0:00:05 - step 0 | loss 0.0565 | step time 588.10ms
INFO - 11/09/25 21:43:53 - 0:00:31 - step 100 | loss 0.0456 | step time 256.93ms
INFO - 11/09/25 21:44:18 - 0:00:56 - step 200 | loss 0.0448 | step time 256.94ms
INFO - 11/09/25 21:44:44 - 0:01:22 - step 300 | loss 0.0438 | step time 256.90ms
INFO - 11/09/25 21:45:10 - 0:01:48 - step 400 | loss 0.0446 | step time 256.91ms
INFO - 11/09/25 21:45:36 - 0:02:13 - step 500 | loss 0.0590 | step time 256.99ms
INFO - 11/09/25 21:45:36 - 0:02:14 - step 500 train loss: 0.06344403326511383 test loss: 0.3133626878261566
INFO - 11/09/25 21:45:36 - 0:02:14 - test loss 0.3133626878261566 is the best so far, saving model to /home/yuebi/Project/dim16_run/dim16_run_8/1111/model.pt
INFO - 11/09/25 21:46:02 - 0:02:39 - step 600 | loss 0.0430 | step time 257.11ms
INFO - 11/09/25 21:46:27 - 0:03:05 - step 700 | loss 0.0422 | step time 256.87ms
INFO - 11/09/25 21:46:53 - 0:03:31 - step 800 | loss 0.0439 | step time 256.81ms
INFO - 11/09/25 21:47:19 - 0:03:57 - step 900 | loss 0.0451 | step time 256.91ms
INFO - 11/09/25 21:47:44 - 0:04:22 - step 1000 | loss 0.0461 | step time 256.91ms
INFO - 11/09/25 21:47:45 - 0:04:22 - step 1000 train loss: 0.043574556708335876 test loss: 0.2656761407852173
INFO - 11/09/25 21:47:45 - 0:04:22 - test loss 0.2656761407852173 is the best so far, saving model to /home/yuebi/Project/dim16_run/dim16_run_8/1111/model.pt
INFO - 11/09/25 21:48:10 - 0:04:48 - step 1100 | loss 0.0433 | step time 256.77ms
INFO - 11/09/25 21:48:36 - 0:05:14 - step 1200 | loss 0.0436 | step time 256.86ms
INFO - 11/09/25 21:49:02 - 0:05:40 - step 1300 | loss 0.0431 | step time 256.75ms
INFO - 11/09/25 21:49:27 - 0:06:05 - step 1400 | loss 0.0440 | step time 256.80ms
INFO - 11/09/25 21:49:53 - 0:06:31 - Memory allocated:  43.97MB, reserved: 2272.00MB
INFO - 11/09/25 21:49:53 - 0:06:31 - generating
INFO - 11/10/25 00:26:54 - 2:43:32 - distribution of sample lengths: average: 334.27882857142856 max: 702
INFO - 11/10/25 00:26:54 - 2:43:32 - printed 35000 samples
INFO - 11/10/25 00:26:54 - 2:43:32 - decoding
INFO - 11/10/25 00:26:55 - 2:43:32 - Decoding complete. Check the output in /home/yuebi/Project/dim16_run/dim16_run_8/1111/transformer-output-decoded.txt
INFO - 11/10/25 00:26:55 - 2:43:32 - Memory allocated:  43.97MB, reserved: 7648.00MB
INFO - 11/10/25 00:26:55 - 2:43:32 - ============ End of generation 3 ============
INFO - 11/10/25 00:26:55 - 2:43:32 - launching search.jl
INFO - 11/10/25 00:26:55 - 2:43:32 - JULIA_NUM_THREADS is set to 1
INFO - 11/10/25 00:31:25 - 2:48:03 - distribution of scores(all rounds)
INFO - 11/10/25 00:31:25 - 2:48:03 - Score:299008.0, Count:28
                                     
INFO - 11/10/25 00:31:25 - 2:48:03 - Score:294912.0, Count:6
                                     
INFO - 11/10/25 00:31:25 - 2:48:03 - Score:286720.0, Count:17
                                     
INFO - 11/10/25 00:31:25 - 2:48:03 - Score:282624.0, Count:6
                                     
INFO - 11/10/25 00:31:25 - 2:48:03 - Score:278528.0, Count:3
                                     
INFO - 11/10/25 00:31:25 - 2:48:03 - Score:276480.0, Count:3
                                     
INFO - 11/10/25 00:31:25 - 2:48:03 - Score:275456.0, Count:17
                                     
INFO - 11/10/25 00:31:25 - 2:48:03 - Score:274432.0, Count:3
                                     
INFO - 11/10/25 00:31:25 - 2:48:03 - Score:270528.0, Count:9
                                     
INFO - 11/10/25 00:31:25 - 2:48:03 - Score:270336.0, Count:8
                                     
INFO - 11/10/25 00:31:25 - 2:48:03 - tokenizing
INFO - 11/10/25 00:31:25 - 2:48:03 - Loading tokenizer from /home/yuebi/Project/dim16_run/dim16_run_8/1111/tokenizer_data/tokenizer.json...
INFO - 11/10/25 00:31:25 - 2:48:03 - 0 / 100
INFO - 11/10/25 00:31:25 - 2:48:03 - number of examples in the dataset: 100
INFO - 11/10/25 00:31:25 - 2:48:03 - max word length: 111
INFO - 11/10/25 00:31:25 - 2:48:03 - number of unique characters in the vocabulary: 15
INFO - 11/10/25 00:31:25 - 2:48:03 - vocabulary:
INFO - 11/10/25 00:31:25 - 2:48:03 - ['V0', 'V1', 'V2', 'V3', 'V4', 'V5', 'V6', 'V7', 'V8', 'V9', 'V10', 'V11', 'V12', 'V13', 'V14']
INFO - 11/10/25 00:31:25 - 2:48:03 - split up the dataset into 90 training examples and 10 test examples
INFO - 11/10/25 00:31:25 - 2:48:03 - ============ Start of generation 4 ============
INFO - 11/10/25 00:31:25 - 2:48:03 - Memory allocated:  43.97MB, reserved: 7648.00MB
INFO - 11/10/25 00:31:25 - 2:48:03 - training
INFO - 11/10/25 00:31:26 - 2:48:04 - step 0 | loss 0.1014 | step time 265.02ms
INFO - 11/10/25 00:31:51 - 2:48:29 - step 100 | loss 0.0439 | step time 257.20ms
INFO - 11/10/25 00:32:17 - 2:48:55 - step 200 | loss 0.0445 | step time 257.20ms
INFO - 11/10/25 00:32:43 - 2:49:21 - step 300 | loss 0.0426 | step time 257.22ms
INFO - 11/10/25 00:33:09 - 2:49:47 - step 400 | loss 0.0425 | step time 257.23ms
INFO - 11/10/25 00:33:34 - 2:50:12 - step 500 | loss 0.0441 | step time 257.24ms
INFO - 11/10/25 00:33:35 - 2:50:13 - step 500 train loss: 0.04503779113292694 test loss: 0.6569900512695312
INFO - 11/10/25 00:33:35 - 2:50:13 - test loss 0.6569900512695312 is the best so far, saving model to /home/yuebi/Project/dim16_run/dim16_run_8/1111/model.pt
INFO - 11/10/25 00:34:00 - 2:50:38 - step 600 | loss 0.0432 | step time 257.22ms
INFO - 11/10/25 00:34:26 - 2:51:04 - step 700 | loss 0.0416 | step time 257.23ms
INFO - 11/10/25 00:34:52 - 2:51:30 - step 800 | loss 0.0443 | step time 257.39ms
INFO - 11/10/25 00:35:18 - 2:51:56 - step 900 | loss 0.0436 | step time 257.36ms
INFO - 11/10/25 00:35:43 - 2:52:21 - step 1000 | loss 0.0435 | step time 257.27ms
INFO - 11/10/25 00:35:44 - 2:52:22 - step 1000 train loss: 0.043305132538080215 test loss: 0.6813007593154907
INFO - 11/10/25 00:36:09 - 2:52:47 - step 1100 | loss 0.0663 | step time 257.21ms
INFO - 11/10/25 00:36:35 - 2:53:13 - step 1200 | loss 0.0426 | step time 257.22ms
INFO - 11/10/25 00:37:01 - 2:53:39 - step 1300 | loss 0.0424 | step time 257.27ms
INFO - 11/10/25 00:37:26 - 2:54:04 - step 1400 | loss 0.0428 | step time 257.28ms
INFO - 11/10/25 00:37:52 - 2:54:30 - Memory allocated:  43.97MB, reserved: 7648.00MB
INFO - 11/10/25 00:37:52 - 2:54:30 - generating
INFO - 11/10/25 00:43:27 - 0:00:00 - ============ Initialized logger ============
INFO - 11/10/25 00:43:27 - 0:00:00 - batch_size: 32
                                     command: python fc_loop.py --exp_name=dim16_run_8 --dump_path=/home/yuebi/Project/dim16_run --num_initial_empty_objects=800 --final_database_size=100 --target_db_size=100 --nb_local_searches=800 --max_epochs=20 --type=transformer --max-output-length=271 --sample-only=35000 --max-steps=1500 --n_tokens=15 --n-layer=8 --n-embd=128 --n-embd2=128 --exp_id=1111 --exp_id "1111"
                                     cpu: False
                                     debug: False
                                     debug_slurm: False
                                     dump_path: /home/yuebi/Project/dim16_run/dim16_run_8/1111
                                     exp_id: 1111
                                     exp_name: dim16_run_8
                                     final_database_size: 100
                                     gen_batch_size: 1000
                                     global_rank: 0
                                     is_master: True
                                     is_slurm_job: True
                                     learning_rate: 0.0005
                                     local_rank: 0
                                     master_addr: gpu-6
                                     master_port: -1
                                     max_epochs: 20
                                     max_output_length: 271
                                     max_steps: 1500
                                     multi_gpu: False
                                     multi_node: False
                                     n_embd: 128
                                     n_embd2: 128
                                     n_gpu_per_node: 1
                                     n_head: 8
                                     n_layer: 8
                                     n_nodes: 1
                                     n_tokens: 15
                                     nb_local_searches: 800
                                     nb_threads: 1
                                     node_id: 0
                                     num_initial_empty_objects: 800
                                     num_workers: 8
                                     sample_only: 35000
                                     seed: -1
                                     target_db_size: 100
                                     temperature: 1.0
                                     top_k: -1
                                     type: transformer
                                     weight_decay: 0.01
                                     world_size: 1
INFO - 11/10/25 00:43:27 - 0:00:00 - The experiment will be stored in /home/yuebi/Project/dim16_run/dim16_run_8/1111
                                     
INFO - 11/10/25 00:43:27 - 0:00:00 - Running command: python fc_loop.py --exp_name=dim16_run_8 --dump_path=/home/yuebi/Project/dim16_run --num_initial_empty_objects=800 --final_database_size=100 --target_db_size=100 --nb_local_searches=800 --max_epochs=20 --type=transformer --max-output-length=271 --sample-only=35000 --max-steps=1500 --n_tokens=15 --n-layer=8 --n-embd=128 --n-embd2=128 --exp_id=1111

WARNING - 11/10/25 00:43:27 - 0:00:00 - Signal handler installed.
INFO - 11/10/25 00:43:27 - 0:00:00 - seed: 53493093
INFO - 11/10/25 00:43:27 - 0:00:00 - initializing at generation: 4
INFO - 11/10/25 00:43:27 - 0:00:00 - number of examples in the dataset: 100
INFO - 11/10/25 00:43:27 - 0:00:00 - max word length: 111
INFO - 11/10/25 00:43:27 - 0:00:00 - number of unique characters in the vocabulary: 15
INFO - 11/10/25 00:43:27 - 0:00:00 - vocabulary:
INFO - 11/10/25 00:43:27 - 0:00:00 - ['V0', 'V1', 'V2', 'V3', 'V4', 'V5', 'V6', 'V7', 'V8', 'V9', 'V10', 'V11', 'V12', 'V13', 'V14']
INFO - 11/10/25 00:43:27 - 0:00:00 - split up the dataset into 90 training examples and 10 test examples
INFO - 11/10/25 00:43:27 - 0:00:00 - dataset determined that: vocab_size=16, block_size=272
INFO - 11/10/25 00:43:27 - 0:00:00 - model #params: 1625344
INFO - 11/10/25 00:43:27 - 0:00:00 - resuming from existing model
INFO - 11/10/25 00:43:27 - 0:00:00 - ============ Start of generation 4 ============
INFO - 11/10/25 00:43:27 - 0:00:00 - Memory allocated:  8.46MB, reserved: 18.00MB
INFO - 11/10/25 00:43:27 - 0:00:00 - training
INFO - 11/10/25 00:43:32 - 0:00:05 - step 0 | loss 0.0512 | step time 586.77ms
INFO - 11/10/25 00:43:58 - 0:00:31 - step 100 | loss 0.0429 | step time 257.03ms
INFO - 11/10/25 00:44:24 - 0:00:57 - step 200 | loss 0.0426 | step time 257.09ms
INFO - 11/10/25 00:44:50 - 0:01:23 - step 300 | loss 0.0442 | step time 257.09ms
INFO - 11/10/25 00:45:15 - 0:01:48 - step 400 | loss 0.0525 | step time 257.08ms
INFO - 11/10/25 00:45:41 - 0:02:14 - step 500 | loss 0.0424 | step time 257.06ms
INFO - 11/10/25 00:45:41 - 0:02:14 - step 500 train loss: 0.042874060571193695 test loss: 0.7008911967277527
INFO - 11/10/25 00:45:41 - 0:02:14 - test loss 0.7008911967277527 is the best so far, saving model to /home/yuebi/Project/dim16_run/dim16_run_8/1111/model.pt
INFO - 11/10/25 00:46:07 - 0:02:40 - step 600 | loss 0.0434 | step time 256.99ms
INFO - 11/10/25 00:46:33 - 0:03:06 - step 700 | loss 0.0438 | step time 257.15ms
INFO - 11/10/25 00:46:58 - 0:03:31 - step 800 | loss 0.0432 | step time 257.09ms
INFO - 11/10/25 00:47:24 - 0:03:57 - step 900 | loss 0.0436 | step time 257.07ms
INFO - 11/10/25 00:47:50 - 0:04:23 - step 1000 | loss 0.0446 | step time 257.11ms
INFO - 11/10/25 00:47:50 - 0:04:23 - step 1000 train loss: 0.0434720404446125 test loss: 0.7300992012023926
INFO - 11/10/25 00:48:16 - 0:04:49 - step 1100 | loss 0.0518 | step time 257.10ms
INFO - 11/10/25 00:48:41 - 0:05:14 - step 1200 | loss 0.0432 | step time 257.11ms
INFO - 11/10/25 00:49:07 - 0:05:40 - step 1300 | loss 0.0412 | step time 257.03ms
INFO - 11/10/25 00:49:33 - 0:06:06 - step 1400 | loss 0.0418 | step time 257.09ms
INFO - 11/10/25 00:49:58 - 0:06:31 - Memory allocated:  43.97MB, reserved: 2272.00MB
INFO - 11/10/25 00:49:58 - 0:06:31 - generating
INFO - 11/10/25 03:26:59 - 2:43:32 - distribution of sample lengths: average: 334.5559714285714 max: 707
INFO - 11/10/25 03:26:59 - 2:43:32 - printed 35000 samples
INFO - 11/10/25 03:26:59 - 2:43:32 - decoding
INFO - 11/10/25 03:27:00 - 2:43:33 - Decoding complete. Check the output in /home/yuebi/Project/dim16_run/dim16_run_8/1111/transformer-output-decoded.txt
INFO - 11/10/25 03:27:00 - 2:43:33 - Memory allocated:  43.97MB, reserved: 7648.00MB
INFO - 11/10/25 03:27:00 - 2:43:33 - ============ End of generation 4 ============
INFO - 11/10/25 03:27:00 - 2:43:33 - launching search.jl
INFO - 11/10/25 03:27:00 - 2:43:33 - JULIA_NUM_THREADS is set to 1
INFO - 11/10/25 03:31:40 - 2:48:13 - distribution of scores(all rounds)
INFO - 11/10/25 03:31:40 - 2:48:13 - Score:299008.0, Count:38
                                     
INFO - 11/10/25 03:31:40 - 2:48:13 - Score:294912.0, Count:8
                                     
INFO - 11/10/25 03:31:40 - 2:48:13 - Score:286720.0, Count:23
                                     
INFO - 11/10/25 03:31:40 - 2:48:13 - Score:282624.0, Count:9
                                     
INFO - 11/10/25 03:31:40 - 2:48:13 - Score:278528.0, Count:4
                                     
INFO - 11/10/25 03:31:40 - 2:48:13 - Score:276480.0, Count:4
                                     
INFO - 11/10/25 03:31:40 - 2:48:13 - Score:275456.0, Count:14
                                     
INFO - 11/10/25 03:31:40 - 2:48:13 - tokenizing
INFO - 11/10/25 03:31:40 - 2:48:13 - Loading tokenizer from /home/yuebi/Project/dim16_run/dim16_run_8/1111/tokenizer_data/tokenizer.json...
INFO - 11/10/25 03:31:40 - 2:48:13 - 0 / 100
INFO - 11/10/25 03:31:40 - 2:48:13 - number of examples in the dataset: 100
INFO - 11/10/25 03:31:40 - 2:48:13 - max word length: 111
INFO - 11/10/25 03:31:40 - 2:48:13 - number of unique characters in the vocabulary: 15
INFO - 11/10/25 03:31:40 - 2:48:13 - vocabulary:
INFO - 11/10/25 03:31:40 - 2:48:13 - ['V0', 'V1', 'V2', 'V3', 'V4', 'V5', 'V6', 'V7', 'V8', 'V9', 'V10', 'V11', 'V12', 'V13', 'V14']
INFO - 11/10/25 03:31:40 - 2:48:13 - split up the dataset into 90 training examples and 10 test examples
INFO - 11/10/25 03:31:40 - 2:48:13 - ============ Start of generation 5 ============
INFO - 11/10/25 03:31:40 - 2:48:13 - Memory allocated:  43.97MB, reserved: 7648.00MB
INFO - 11/10/25 03:31:40 - 2:48:13 - training
INFO - 11/10/25 03:31:41 - 2:48:14 - step 0 | loss 0.1853 | step time 264.40ms
INFO - 11/10/25 03:32:07 - 2:48:39 - step 100 | loss 0.0434 | step time 257.35ms
INFO - 11/10/25 03:32:32 - 2:49:05 - step 200 | loss 0.0426 | step time 257.24ms
INFO - 11/10/25 03:32:58 - 2:49:31 - step 300 | loss 0.0423 | step time 257.27ms
INFO - 11/10/25 03:33:24 - 2:49:57 - step 400 | loss 0.0427 | step time 257.32ms
INFO - 11/10/25 03:33:49 - 2:50:22 - step 500 | loss 0.0420 | step time 257.38ms
INFO - 11/10/25 03:33:50 - 2:50:23 - step 500 train loss: 0.042838480323553085 test loss: 0.6159022450447083
INFO - 11/10/25 03:33:50 - 2:50:23 - test loss 0.6159022450447083 is the best so far, saving model to /home/yuebi/Project/dim16_run/dim16_run_8/1111/model.pt
INFO - 11/10/25 03:34:15 - 2:50:48 - step 600 | loss 0.0439 | step time 257.26ms
INFO - 11/10/25 03:34:41 - 2:51:14 - step 700 | loss 0.0420 | step time 257.28ms
INFO - 11/10/25 03:35:07 - 2:51:40 - step 800 | loss 0.0427 | step time 257.26ms
INFO - 11/10/25 03:35:33 - 2:52:06 - step 900 | loss 0.0425 | step time 257.30ms
INFO - 11/10/25 03:35:58 - 2:52:31 - step 1000 | loss 0.0430 | step time 257.28ms
INFO - 11/10/25 03:35:59 - 2:52:32 - step 1000 train loss: 0.04277893528342247 test loss: 0.7009976506233215
INFO - 11/10/25 03:36:24 - 2:52:57 - step 1100 | loss 0.0446 | step time 257.29ms
INFO - 11/10/25 03:36:50 - 2:53:23 - step 1200 | loss 0.0447 | step time 257.25ms
INFO - 11/10/25 03:37:16 - 2:53:49 - step 1300 | loss 0.0470 | step time 257.28ms
INFO - 11/10/25 03:37:42 - 2:54:15 - step 1400 | loss 0.0419 | step time 257.40ms
INFO - 11/10/25 03:38:07 - 2:54:40 - Memory allocated:  43.97MB, reserved: 7648.00MB
INFO - 11/10/25 03:38:07 - 2:54:40 - generating
INFO - 11/10/25 03:43:31 - 0:00:00 - ============ Initialized logger ============
INFO - 11/10/25 03:43:31 - 0:00:00 - batch_size: 32
                                     command: python fc_loop.py --exp_name=dim16_run_8 --dump_path=/home/yuebi/Project/dim16_run --num_initial_empty_objects=800 --final_database_size=100 --target_db_size=100 --nb_local_searches=800 --max_epochs=20 --type=transformer --max-output-length=271 --sample-only=35000 --max-steps=1500 --n_tokens=15 --n-layer=8 --n-embd=128 --n-embd2=128 --exp_id=1111 --exp_id "1111"
                                     cpu: False
                                     debug: False
                                     debug_slurm: False
                                     dump_path: /home/yuebi/Project/dim16_run/dim16_run_8/1111
                                     exp_id: 1111
                                     exp_name: dim16_run_8
                                     final_database_size: 100
                                     gen_batch_size: 1000
                                     global_rank: 0
                                     is_master: True
                                     is_slurm_job: True
                                     learning_rate: 0.0005
                                     local_rank: 0
                                     master_addr: gpu-6
                                     master_port: -1
                                     max_epochs: 20
                                     max_output_length: 271
                                     max_steps: 1500
                                     multi_gpu: False
                                     multi_node: False
                                     n_embd: 128
                                     n_embd2: 128
                                     n_gpu_per_node: 1
                                     n_head: 8
                                     n_layer: 8
                                     n_nodes: 1
                                     n_tokens: 15
                                     nb_local_searches: 800
                                     nb_threads: 1
                                     node_id: 0
                                     num_initial_empty_objects: 800
                                     num_workers: 8
                                     sample_only: 35000
                                     seed: -1
                                     target_db_size: 100
                                     temperature: 1.0
                                     top_k: -1
                                     type: transformer
                                     weight_decay: 0.01
                                     world_size: 1
INFO - 11/10/25 03:43:31 - 0:00:00 - The experiment will be stored in /home/yuebi/Project/dim16_run/dim16_run_8/1111
                                     
INFO - 11/10/25 03:43:31 - 0:00:00 - Running command: python fc_loop.py --exp_name=dim16_run_8 --dump_path=/home/yuebi/Project/dim16_run --num_initial_empty_objects=800 --final_database_size=100 --target_db_size=100 --nb_local_searches=800 --max_epochs=20 --type=transformer --max-output-length=271 --sample-only=35000 --max-steps=1500 --n_tokens=15 --n-layer=8 --n-embd=128 --n-embd2=128 --exp_id=1111

WARNING - 11/10/25 03:43:31 - 0:00:00 - Signal handler installed.
INFO - 11/10/25 03:43:31 - 0:00:00 - seed: 281715904
INFO - 11/10/25 03:43:31 - 0:00:00 - initializing at generation: 5
INFO - 11/10/25 03:43:31 - 0:00:00 - number of examples in the dataset: 100
INFO - 11/10/25 03:43:31 - 0:00:00 - max word length: 111
INFO - 11/10/25 03:43:31 - 0:00:00 - number of unique characters in the vocabulary: 15
INFO - 11/10/25 03:43:31 - 0:00:00 - vocabulary:
INFO - 11/10/25 03:43:31 - 0:00:00 - ['V0', 'V1', 'V2', 'V3', 'V4', 'V5', 'V6', 'V7', 'V8', 'V9', 'V10', 'V11', 'V12', 'V13', 'V14']
INFO - 11/10/25 03:43:31 - 0:00:00 - split up the dataset into 90 training examples and 10 test examples
INFO - 11/10/25 03:43:31 - 0:00:00 - dataset determined that: vocab_size=16, block_size=272
INFO - 11/10/25 03:43:31 - 0:00:00 - model #params: 1625344
INFO - 11/10/25 03:43:31 - 0:00:00 - resuming from existing model
INFO - 11/10/25 03:43:31 - 0:00:00 - ============ Start of generation 5 ============
INFO - 11/10/25 03:43:31 - 0:00:00 - Memory allocated:  8.46MB, reserved: 18.00MB
INFO - 11/10/25 03:43:31 - 0:00:00 - training
INFO - 11/10/25 03:43:36 - 0:00:05 - step 0 | loss 0.0547 | step time 584.07ms
INFO - 11/10/25 03:44:02 - 0:00:31 - step 100 | loss 0.0427 | step time 256.91ms
INFO - 11/10/25 03:44:27 - 0:00:56 - step 200 | loss 0.0433 | step time 256.84ms
INFO - 11/10/25 03:44:53 - 0:01:22 - step 300 | loss 0.0423 | step time 256.87ms
INFO - 11/10/25 03:45:19 - 0:01:48 - step 400 | loss 0.0421 | step time 257.08ms
INFO - 11/10/25 03:45:44 - 0:02:14 - step 500 | loss 0.0440 | step time 256.91ms
INFO - 11/10/25 03:45:45 - 0:02:14 - step 500 train loss: 0.04319145902991295 test loss: 0.6634278297424316
INFO - 11/10/25 03:45:45 - 0:02:14 - test loss 0.6634278297424316 is the best so far, saving model to /home/yuebi/Project/dim16_run/dim16_run_8/1111/model.pt
INFO - 11/10/25 03:46:10 - 0:02:39 - step 600 | loss 0.0416 | step time 256.92ms
INFO - 11/10/25 03:46:36 - 0:03:05 - step 700 | loss 0.0437 | step time 256.81ms
INFO - 11/10/25 03:47:02 - 0:03:31 - step 800 | loss 0.0434 | step time 256.87ms
INFO - 11/10/25 03:47:28 - 0:03:57 - step 900 | loss 0.0430 | step time 256.85ms
INFO - 11/10/25 03:47:53 - 0:04:22 - step 1000 | loss 0.0425 | step time 256.74ms
INFO - 11/10/25 03:47:53 - 0:04:22 - step 1000 train loss: 0.042709510773420334 test loss: 0.765915036201477
INFO - 11/10/25 03:48:19 - 0:04:48 - step 1100 | loss 0.0420 | step time 256.68ms
INFO - 11/10/25 03:48:45 - 0:05:14 - step 1200 | loss 0.0429 | step time 256.80ms
INFO - 11/10/25 03:49:10 - 0:05:40 - step 1300 | loss 0.0421 | step time 256.78ms
INFO - 11/10/25 03:49:36 - 0:06:05 - step 1400 | loss 0.0435 | step time 256.77ms
INFO - 11/10/25 03:50:02 - 0:06:31 - Memory allocated:  43.97MB, reserved: 2272.00MB
INFO - 11/10/25 03:50:02 - 0:06:31 - generating
INFO - 11/10/25 06:27:03 - 2:43:32 - distribution of sample lengths: average: 333.77222857142857 max: 852
INFO - 11/10/25 06:27:03 - 2:43:32 - printed 35000 samples
INFO - 11/10/25 06:27:03 - 2:43:32 - decoding
INFO - 11/10/25 06:27:04 - 2:43:33 - Decoding complete. Check the output in /home/yuebi/Project/dim16_run/dim16_run_8/1111/transformer-output-decoded.txt
INFO - 11/10/25 06:27:04 - 2:43:33 - Memory allocated:  43.97MB, reserved: 7648.00MB
INFO - 11/10/25 06:27:04 - 2:43:33 - ============ End of generation 5 ============
INFO - 11/10/25 06:27:04 - 2:43:33 - launching search.jl
INFO - 11/10/25 06:27:04 - 2:43:33 - JULIA_NUM_THREADS is set to 1
INFO - 11/10/25 06:29:32 - 2:46:01 - distribution of scores(all rounds)
INFO - 11/10/25 06:29:32 - 2:46:01 - Score:299008.0, Count:51
                                     
INFO - 11/10/25 06:29:32 - 2:46:01 - Score:294912.0, Count:10
                                     
INFO - 11/10/25 06:29:32 - 2:46:01 - Score:286720.0, Count:31
                                     
INFO - 11/10/25 06:29:32 - 2:46:01 - Score:282624.0, Count:8
                                     
INFO - 11/10/25 06:29:32 - 2:46:01 - tokenizing
INFO - 11/10/25 06:29:32 - 2:46:01 - Loading tokenizer from /home/yuebi/Project/dim16_run/dim16_run_8/1111/tokenizer_data/tokenizer.json...
INFO - 11/10/25 06:29:32 - 2:46:01 - 0 / 100
INFO - 11/10/25 06:29:32 - 2:46:01 - number of examples in the dataset: 100
INFO - 11/10/25 06:29:32 - 2:46:01 - max word length: 111
INFO - 11/10/25 06:29:32 - 2:46:01 - number of unique characters in the vocabulary: 15
INFO - 11/10/25 06:29:32 - 2:46:01 - vocabulary:
INFO - 11/10/25 06:29:32 - 2:46:01 - ['V0', 'V1', 'V2', 'V3', 'V4', 'V5', 'V6', 'V7', 'V8', 'V9', 'V10', 'V11', 'V12', 'V13', 'V14']
INFO - 11/10/25 06:29:32 - 2:46:01 - split up the dataset into 90 training examples and 10 test examples
INFO - 11/10/25 06:29:32 - 2:46:01 - ============ Start of generation 6 ============
INFO - 11/10/25 06:29:32 - 2:46:01 - Memory allocated:  43.97MB, reserved: 7648.00MB
INFO - 11/10/25 06:29:32 - 2:46:01 - training
INFO - 11/10/25 06:29:32 - 2:46:01 - step 0 | loss 1.0836 | step time 264.40ms
INFO - 11/10/25 06:29:58 - 2:46:27 - step 100 | loss 0.0470 | step time 257.32ms
INFO - 11/10/25 06:30:23 - 2:46:52 - step 200 | loss 0.0433 | step time 257.32ms
INFO - 11/10/25 06:30:49 - 2:47:18 - step 300 | loss 0.0449 | step time 257.36ms
INFO - 11/10/25 06:31:15 - 2:47:44 - step 400 | loss 0.0420 | step time 257.28ms
INFO - 11/10/25 06:31:41 - 2:48:10 - step 500 | loss 0.0523 | step time 257.26ms
INFO - 11/10/25 06:31:41 - 2:48:10 - step 500 train loss: 0.05365545675158501 test loss: 2.0338571071624756
INFO - 11/10/25 06:31:41 - 2:48:10 - test loss 2.0338571071624756 is the best so far, saving model to /home/yuebi/Project/dim16_run/dim16_run_8/1111/model.pt
INFO - 11/10/25 06:32:07 - 2:48:36 - step 600 | loss 0.0434 | step time 257.37ms
INFO - 11/10/25 06:32:32 - 2:49:01 - step 700 | loss 0.0420 | step time 257.39ms
INFO - 11/10/25 06:32:58 - 2:49:27 - step 800 | loss 0.0426 | step time 257.36ms
INFO - 11/10/25 06:33:24 - 2:49:53 - step 900 | loss 0.0434 | step time 257.32ms
INFO - 11/10/25 06:33:49 - 2:50:19 - step 1000 | loss 0.0425 | step time 257.33ms
INFO - 11/10/25 06:33:50 - 2:50:19 - step 1000 train loss: 0.04298088699579239 test loss: 2.2351224422454834
INFO - 11/10/25 06:34:15 - 2:50:45 - step 1100 | loss 0.0431 | step time 257.32ms
INFO - 11/10/25 06:34:41 - 2:51:10 - step 1200 | loss 0.0427 | step time 257.32ms
INFO - 11/10/25 06:35:07 - 2:51:36 - step 1300 | loss 0.0422 | step time 257.26ms
INFO - 11/10/25 06:35:33 - 2:52:02 - step 1400 | loss 0.0418 | step time 257.26ms
INFO - 11/10/25 06:35:58 - 2:52:27 - Memory allocated:  43.97MB, reserved: 7648.00MB
INFO - 11/10/25 06:35:58 - 2:52:27 - generating
INFO - 11/10/25 06:43:38 - 0:00:00 - ============ Initialized logger ============
INFO - 11/10/25 06:43:38 - 0:00:00 - batch_size: 32
                                     command: python fc_loop.py --exp_name=dim16_run_8 --dump_path=/home/yuebi/Project/dim16_run --num_initial_empty_objects=800 --final_database_size=100 --target_db_size=100 --nb_local_searches=800 --max_epochs=20 --type=transformer --max-output-length=271 --sample-only=35000 --max-steps=1500 --n_tokens=15 --n-layer=8 --n-embd=128 --n-embd2=128 --exp_id=1111 --exp_id "1111"
                                     cpu: False
                                     debug: False
                                     debug_slurm: False
                                     dump_path: /home/yuebi/Project/dim16_run/dim16_run_8/1111
                                     exp_id: 1111
                                     exp_name: dim16_run_8
                                     final_database_size: 100
                                     gen_batch_size: 1000
                                     global_rank: 0
                                     is_master: True
                                     is_slurm_job: True
                                     learning_rate: 0.0005
                                     local_rank: 0
                                     master_addr: gpu-6
                                     master_port: -1
                                     max_epochs: 20
                                     max_output_length: 271
                                     max_steps: 1500
                                     multi_gpu: False
                                     multi_node: False
                                     n_embd: 128
                                     n_embd2: 128
                                     n_gpu_per_node: 1
                                     n_head: 8
                                     n_layer: 8
                                     n_nodes: 1
                                     n_tokens: 15
                                     nb_local_searches: 800
                                     nb_threads: 1
                                     node_id: 0
                                     num_initial_empty_objects: 800
                                     num_workers: 8
                                     sample_only: 35000
                                     seed: -1
                                     target_db_size: 100
                                     temperature: 1.0
                                     top_k: -1
                                     type: transformer
                                     weight_decay: 0.01
                                     world_size: 1
INFO - 11/10/25 06:43:38 - 0:00:00 - The experiment will be stored in /home/yuebi/Project/dim16_run/dim16_run_8/1111
                                     
INFO - 11/10/25 06:43:38 - 0:00:00 - Running command: python fc_loop.py --exp_name=dim16_run_8 --dump_path=/home/yuebi/Project/dim16_run --num_initial_empty_objects=800 --final_database_size=100 --target_db_size=100 --nb_local_searches=800 --max_epochs=20 --type=transformer --max-output-length=271 --sample-only=35000 --max-steps=1500 --n_tokens=15 --n-layer=8 --n-embd=128 --n-embd2=128 --exp_id=1111

WARNING - 11/10/25 06:43:38 - 0:00:00 - Signal handler installed.
INFO - 11/10/25 06:43:38 - 0:00:00 - seed: 955547375
INFO - 11/10/25 06:43:38 - 0:00:00 - initializing at generation: 6
INFO - 11/10/25 06:43:38 - 0:00:00 - number of examples in the dataset: 100
INFO - 11/10/25 06:43:38 - 0:00:00 - max word length: 111
INFO - 11/10/25 06:43:38 - 0:00:00 - number of unique characters in the vocabulary: 15
INFO - 11/10/25 06:43:38 - 0:00:00 - vocabulary:
INFO - 11/10/25 06:43:38 - 0:00:00 - ['V0', 'V1', 'V2', 'V3', 'V4', 'V5', 'V6', 'V7', 'V8', 'V9', 'V10', 'V11', 'V12', 'V13', 'V14']
INFO - 11/10/25 06:43:38 - 0:00:00 - split up the dataset into 90 training examples and 10 test examples
INFO - 11/10/25 06:43:38 - 0:00:00 - dataset determined that: vocab_size=16, block_size=272
INFO - 11/10/25 06:43:38 - 0:00:00 - model #params: 1625344
INFO - 11/10/25 06:43:38 - 0:00:00 - resuming from existing model
INFO - 11/10/25 06:43:38 - 0:00:00 - ============ Start of generation 6 ============
INFO - 11/10/25 06:43:38 - 0:00:00 - Memory allocated:  8.46MB, reserved: 18.00MB
INFO - 11/10/25 06:43:38 - 0:00:00 - training
INFO - 11/10/25 06:43:43 - 0:00:05 - step 0 | loss 0.2186 | step time 615.41ms
INFO - 11/10/25 06:44:09 - 0:00:31 - step 100 | loss 0.0435 | step time 257.02ms
INFO - 11/10/25 06:44:35 - 0:00:57 - step 200 | loss 0.0428 | step time 257.10ms
INFO - 11/10/25 06:45:00 - 0:01:22 - step 300 | loss 0.0429 | step time 257.12ms
INFO - 11/10/25 06:45:26 - 0:01:48 - step 400 | loss 0.0427 | step time 257.05ms
INFO - 11/10/25 06:45:52 - 0:02:14 - step 500 | loss 0.0438 | step time 257.11ms
INFO - 11/10/25 06:45:52 - 0:02:14 - step 500 train loss: 0.043118659406900406 test loss: 0.894173800945282
INFO - 11/10/25 06:45:52 - 0:02:14 - test loss 0.894173800945282 is the best so far, saving model to /home/yuebi/Project/dim16_run/dim16_run_8/1111/model.pt
INFO - 11/10/25 06:46:18 - 0:02:40 - step 600 | loss 0.0637 | step time 257.13ms
INFO - 11/10/25 06:46:43 - 0:03:05 - step 700 | loss 0.0414 | step time 257.11ms
INFO - 11/10/25 06:47:09 - 0:03:31 - step 800 | loss 0.0415 | step time 256.99ms
INFO - 11/10/25 06:47:35 - 0:03:57 - step 900 | loss 0.0427 | step time 257.06ms
INFO - 11/10/25 06:48:01 - 0:04:23 - step 1000 | loss 0.0437 | step time 257.08ms
INFO - 11/10/25 06:48:01 - 0:04:23 - step 1000 train loss: 0.04281577467918396 test loss: 1.0553425550460815
INFO - 11/10/25 06:48:27 - 0:04:49 - step 1100 | loss 0.0438 | step time 257.09ms
INFO - 11/10/25 06:48:52 - 0:05:14 - step 1200 | loss 0.0427 | step time 257.10ms
INFO - 11/10/25 06:49:18 - 0:05:40 - step 1300 | loss 0.0429 | step time 257.05ms
INFO - 11/10/25 06:49:44 - 0:06:06 - step 1400 | loss 0.0423 | step time 257.04ms
INFO - 11/10/25 06:50:09 - 0:06:31 - Memory allocated:  43.97MB, reserved: 2272.00MB
INFO - 11/10/25 06:50:09 - 0:06:31 - generating
INFO - 11/10/25 09:27:10 - 2:43:32 - distribution of sample lengths: average: 334.90817142857145 max: 578
INFO - 11/10/25 09:27:10 - 2:43:32 - printed 35000 samples
INFO - 11/10/25 09:27:10 - 2:43:32 - decoding
INFO - 11/10/25 09:27:11 - 2:43:33 - Decoding complete. Check the output in /home/yuebi/Project/dim16_run/dim16_run_8/1111/transformer-output-decoded.txt
INFO - 11/10/25 09:27:11 - 2:43:33 - Memory allocated:  43.97MB, reserved: 7648.00MB
INFO - 11/10/25 09:27:11 - 2:43:33 - ============ End of generation 6 ============
INFO - 11/10/25 09:27:11 - 2:43:33 - launching search.jl
INFO - 11/10/25 09:27:11 - 2:43:33 - JULIA_NUM_THREADS is set to 1
INFO - 11/10/25 09:31:47 - 2:48:09 - distribution of scores(all rounds)
INFO - 11/10/25 09:31:47 - 2:48:09 - Score:299008.0, Count:66
                                     
INFO - 11/10/25 09:31:47 - 2:48:09 - Score:294912.0, Count:12
                                     
INFO - 11/10/25 09:31:47 - 2:48:09 - Score:286720.0, Count:22
                                     
INFO - 11/10/25 09:31:47 - 2:48:09 - tokenizing
INFO - 11/10/25 09:31:47 - 2:48:09 - Loading tokenizer from /home/yuebi/Project/dim16_run/dim16_run_8/1111/tokenizer_data/tokenizer.json...
INFO - 11/10/25 09:31:47 - 2:48:09 - 0 / 100
INFO - 11/10/25 09:31:47 - 2:48:09 - number of examples in the dataset: 100
INFO - 11/10/25 09:31:47 - 2:48:09 - max word length: 111
INFO - 11/10/25 09:31:47 - 2:48:09 - number of unique characters in the vocabulary: 15
INFO - 11/10/25 09:31:47 - 2:48:09 - vocabulary:
INFO - 11/10/25 09:31:47 - 2:48:09 - ['V0', 'V1', 'V2', 'V3', 'V4', 'V5', 'V6', 'V7', 'V8', 'V9', 'V10', 'V11', 'V12', 'V13', 'V14']
INFO - 11/10/25 09:31:47 - 2:48:09 - split up the dataset into 90 training examples and 10 test examples
INFO - 11/10/25 09:31:47 - 2:48:09 - ============ Start of generation 7 ============
INFO - 11/10/25 09:31:47 - 2:48:09 - Memory allocated:  43.97MB, reserved: 7648.00MB
INFO - 11/10/25 09:31:47 - 2:48:09 - training
INFO - 11/10/25 09:31:48 - 2:48:10 - step 0 | loss 0.3532 | step time 264.62ms
INFO - 11/10/25 09:32:13 - 2:48:35 - step 100 | loss 0.0432 | step time 257.26ms
INFO - 11/10/25 09:32:39 - 2:49:01 - step 200 | loss 0.0421 | step time 257.31ms
INFO - 11/10/25 09:33:05 - 2:49:27 - step 300 | loss 0.0430 | step time 257.23ms
INFO - 11/10/25 09:33:31 - 2:49:53 - step 400 | loss 0.0446 | step time 257.27ms
INFO - 11/10/25 09:33:56 - 2:50:18 - step 500 | loss 0.0445 | step time 257.26ms
INFO - 11/10/25 09:33:57 - 2:50:19 - step 500 train loss: 0.04300176724791527 test loss: 0.2527150809764862
INFO - 11/10/25 09:33:57 - 2:50:19 - test loss 0.2527150809764862 is the best so far, saving model to /home/yuebi/Project/dim16_run/dim16_run_8/1111/model.pt
INFO - 11/10/25 09:34:22 - 2:50:44 - step 600 | loss 0.0555 | step time 257.28ms
INFO - 11/10/25 09:34:48 - 2:51:10 - step 700 | loss 0.0439 | step time 257.30ms
INFO - 11/10/25 09:35:14 - 2:51:36 - step 800 | loss 0.0424 | step time 257.24ms
INFO - 11/10/25 09:35:40 - 2:52:02 - step 900 | loss 0.0438 | step time 257.32ms
INFO - 11/10/25 09:36:05 - 2:52:27 - step 1000 | loss 0.0430 | step time 257.27ms
INFO - 11/10/25 09:36:06 - 2:52:28 - step 1000 train loss: 0.042586490511894226 test loss: 0.2920592129230499
INFO - 11/10/25 09:36:31 - 2:52:53 - step 1100 | loss 0.0442 | step time 257.32ms
INFO - 11/10/25 09:36:57 - 2:53:19 - step 1200 | loss 0.0433 | step time 257.26ms
INFO - 11/10/25 09:37:23 - 2:53:45 - step 1300 | loss 0.0430 | step time 257.28ms
INFO - 11/10/25 09:37:48 - 2:54:10 - step 1400 | loss 0.0415 | step time 257.18ms
INFO - 11/10/25 09:38:14 - 2:54:36 - Memory allocated:  43.97MB, reserved: 7648.00MB
INFO - 11/10/25 09:38:14 - 2:54:36 - generating
INFO - 11/10/25 09:43:48 - 0:00:00 - ============ Initialized logger ============
INFO - 11/10/25 09:43:48 - 0:00:00 - batch_size: 32
                                     command: python fc_loop.py --exp_name=dim16_run_8 --dump_path=/home/yuebi/Project/dim16_run --num_initial_empty_objects=800 --final_database_size=100 --target_db_size=100 --nb_local_searches=800 --max_epochs=20 --type=transformer --max-output-length=271 --sample-only=35000 --max-steps=1500 --n_tokens=15 --n-layer=8 --n-embd=128 --n-embd2=128 --exp_id=1111 --exp_id "1111"
                                     cpu: False
                                     debug: False
                                     debug_slurm: False
                                     dump_path: /home/yuebi/Project/dim16_run/dim16_run_8/1111
                                     exp_id: 1111
                                     exp_name: dim16_run_8
                                     final_database_size: 100
                                     gen_batch_size: 1000
                                     global_rank: 0
                                     is_master: True
                                     is_slurm_job: True
                                     learning_rate: 0.0005
                                     local_rank: 0
                                     master_addr: gpu-6
                                     master_port: -1
                                     max_epochs: 20
                                     max_output_length: 271
                                     max_steps: 1500
                                     multi_gpu: False
                                     multi_node: False
                                     n_embd: 128
                                     n_embd2: 128
                                     n_gpu_per_node: 1
                                     n_head: 8
                                     n_layer: 8
                                     n_nodes: 1
                                     n_tokens: 15
                                     nb_local_searches: 800
                                     nb_threads: 1
                                     node_id: 0
                                     num_initial_empty_objects: 800
                                     num_workers: 8
                                     sample_only: 35000
                                     seed: -1
                                     target_db_size: 100
                                     temperature: 1.0
                                     top_k: -1
                                     type: transformer
                                     weight_decay: 0.01
                                     world_size: 1
INFO - 11/10/25 09:43:48 - 0:00:00 - The experiment will be stored in /home/yuebi/Project/dim16_run/dim16_run_8/1111
                                     
INFO - 11/10/25 09:43:48 - 0:00:00 - Running command: python fc_loop.py --exp_name=dim16_run_8 --dump_path=/home/yuebi/Project/dim16_run --num_initial_empty_objects=800 --final_database_size=100 --target_db_size=100 --nb_local_searches=800 --max_epochs=20 --type=transformer --max-output-length=271 --sample-only=35000 --max-steps=1500 --n_tokens=15 --n-layer=8 --n-embd=128 --n-embd2=128 --exp_id=1111

WARNING - 11/10/25 09:43:48 - 0:00:00 - Signal handler installed.
INFO - 11/10/25 09:43:48 - 0:00:00 - seed: 577683369
INFO - 11/10/25 09:43:48 - 0:00:00 - initializing at generation: 7
INFO - 11/10/25 09:43:48 - 0:00:00 - number of examples in the dataset: 100
INFO - 11/10/25 09:43:48 - 0:00:00 - max word length: 111
INFO - 11/10/25 09:43:48 - 0:00:00 - number of unique characters in the vocabulary: 15
INFO - 11/10/25 09:43:48 - 0:00:00 - vocabulary:
INFO - 11/10/25 09:43:48 - 0:00:00 - ['V0', 'V1', 'V2', 'V3', 'V4', 'V5', 'V6', 'V7', 'V8', 'V9', 'V10', 'V11', 'V12', 'V13', 'V14']
INFO - 11/10/25 09:43:48 - 0:00:00 - split up the dataset into 90 training examples and 10 test examples
INFO - 11/10/25 09:43:48 - 0:00:00 - dataset determined that: vocab_size=16, block_size=272
INFO - 11/10/25 09:43:48 - 0:00:00 - model #params: 1625344
INFO - 11/10/25 09:43:48 - 0:00:00 - resuming from existing model
INFO - 11/10/25 09:43:48 - 0:00:00 - ============ Start of generation 7 ============
INFO - 11/10/25 09:43:48 - 0:00:00 - Memory allocated:  8.46MB, reserved: 18.00MB
INFO - 11/10/25 09:43:48 - 0:00:00 - training
INFO - 11/10/25 09:43:53 - 0:00:05 - step 0 | loss 0.0450 | step time 592.48ms
INFO - 11/10/25 09:44:19 - 0:00:31 - step 100 | loss 0.0429 | step time 256.99ms
INFO - 11/10/25 09:44:45 - 0:00:57 - step 200 | loss 0.0431 | step time 257.03ms
INFO - 11/10/25 09:45:10 - 0:01:22 - step 300 | loss 0.0438 | step time 257.10ms
INFO - 11/10/25 09:45:36 - 0:01:48 - step 400 | loss 0.0431 | step time 257.00ms
INFO - 11/10/25 09:46:02 - 0:02:14 - step 500 | loss 0.0428 | step time 257.09ms
INFO - 11/10/25 09:46:02 - 0:02:14 - step 500 train loss: 0.04302071034908295 test loss: 0.14961035549640656
INFO - 11/10/25 09:46:02 - 0:02:14 - test loss 0.14961035549640656 is the best so far, saving model to /home/yuebi/Project/dim16_run/dim16_run_8/1111/model.pt
INFO - 11/10/25 09:46:28 - 0:02:40 - step 600 | loss 0.0709 | step time 256.98ms
INFO - 11/10/25 09:46:53 - 0:03:05 - step 700 | loss 0.0423 | step time 257.08ms
INFO - 11/10/25 09:47:19 - 0:03:31 - step 800 | loss 0.0409 | step time 256.99ms
INFO - 11/10/25 09:47:45 - 0:03:57 - step 900 | loss 0.0430 | step time 257.03ms
INFO - 11/10/25 09:48:11 - 0:04:23 - step 1000 | loss 0.0420 | step time 257.04ms
INFO - 11/10/25 09:48:11 - 0:04:23 - step 1000 train loss: 0.04242680221796036 test loss: 0.18364346027374268
INFO - 11/10/25 09:48:37 - 0:04:49 - step 1100 | loss 0.0427 | step time 256.98ms
INFO - 11/10/25 09:49:02 - 0:05:14 - step 1200 | loss 0.0432 | step time 257.12ms
INFO - 11/10/25 09:49:28 - 0:05:40 - step 1300 | loss 0.0447 | step time 257.07ms
INFO - 11/10/25 09:49:54 - 0:06:06 - step 1400 | loss 0.0431 | step time 257.09ms
INFO - 11/10/25 09:50:19 - 0:06:31 - Memory allocated:  43.97MB, reserved: 2272.00MB
INFO - 11/10/25 09:50:19 - 0:06:31 - generating
INFO - 11/10/25 12:27:20 - 2:43:32 - distribution of sample lengths: average: 335.11474285714286 max: 583
INFO - 11/10/25 12:27:20 - 2:43:32 - printed 35000 samples
INFO - 11/10/25 12:27:20 - 2:43:32 - decoding
INFO - 11/10/25 12:27:21 - 2:43:33 - Decoding complete. Check the output in /home/yuebi/Project/dim16_run/dim16_run_8/1111/transformer-output-decoded.txt
INFO - 11/10/25 12:27:21 - 2:43:33 - Memory allocated:  43.97MB, reserved: 7648.00MB
INFO - 11/10/25 12:27:21 - 2:43:33 - ============ End of generation 7 ============
INFO - 11/10/25 12:27:21 - 2:43:33 - launching search.jl
INFO - 11/10/25 12:27:21 - 2:43:33 - JULIA_NUM_THREADS is set to 1
INFO - 11/10/25 12:31:57 - 2:48:09 - distribution of scores(all rounds)
INFO - 11/10/25 12:31:57 - 2:48:09 - Score:299008.0, Count:82
                                     
INFO - 11/10/25 12:31:57 - 2:48:09 - Score:294912.0, Count:14
                                     
INFO - 11/10/25 12:31:57 - 2:48:09 - Score:286720.0, Count:4
                                     
INFO - 11/10/25 12:31:57 - 2:48:09 - tokenizing
INFO - 11/10/25 12:31:57 - 2:48:09 - Loading tokenizer from /home/yuebi/Project/dim16_run/dim16_run_8/1111/tokenizer_data/tokenizer.json...
INFO - 11/10/25 12:31:57 - 2:48:09 - 0 / 100
INFO - 11/10/25 12:31:57 - 2:48:09 - number of examples in the dataset: 100
INFO - 11/10/25 12:31:57 - 2:48:09 - max word length: 111
INFO - 11/10/25 12:31:57 - 2:48:09 - number of unique characters in the vocabulary: 15
INFO - 11/10/25 12:31:57 - 2:48:09 - vocabulary:
INFO - 11/10/25 12:31:57 - 2:48:09 - ['V0', 'V1', 'V2', 'V3', 'V4', 'V5', 'V6', 'V7', 'V8', 'V9', 'V10', 'V11', 'V12', 'V13', 'V14']
INFO - 11/10/25 12:31:57 - 2:48:09 - split up the dataset into 90 training examples and 10 test examples
INFO - 11/10/25 12:31:57 - 2:48:09 - ============ Start of generation 8 ============
INFO - 11/10/25 12:31:57 - 2:48:09 - Memory allocated:  43.97MB, reserved: 7648.00MB
INFO - 11/10/25 12:31:57 - 2:48:09 - training
INFO - 11/10/25 12:31:57 - 2:48:09 - step 0 | loss 0.1345 | step time 265.12ms
INFO - 11/10/25 12:32:23 - 2:48:35 - step 100 | loss 0.0451 | step time 257.22ms
INFO - 11/10/25 12:32:49 - 2:49:01 - step 200 | loss 0.0429 | step time 257.19ms
INFO - 11/10/25 12:33:14 - 2:49:26 - step 300 | loss 0.0425 | step time 257.24ms
INFO - 11/10/25 12:33:40 - 2:49:52 - step 400 | loss 0.0430 | step time 257.21ms
INFO - 11/10/25 12:34:06 - 2:50:18 - step 500 | loss 0.0417 | step time 257.19ms
INFO - 11/10/25 12:34:06 - 2:50:18 - step 500 train loss: 0.04290786013007164 test loss: 0.11115853488445282
INFO - 11/10/25 12:34:06 - 2:50:18 - test loss 0.11115853488445282 is the best so far, saving model to /home/yuebi/Project/dim16_run/dim16_run_8/1111/model.pt
INFO - 11/10/25 12:34:32 - 2:50:44 - step 600 | loss 0.0426 | step time 257.21ms
INFO - 11/10/25 12:34:58 - 2:51:10 - step 700 | loss 0.0427 | step time 257.25ms
INFO - 11/10/25 12:35:23 - 2:51:35 - step 800 | loss 0.0423 | step time 257.26ms
INFO - 11/10/25 12:35:49 - 2:52:01 - step 900 | loss 0.0434 | step time 257.26ms
INFO - 11/10/25 12:36:15 - 2:52:27 - step 1000 | loss 0.0428 | step time 257.24ms
INFO - 11/10/25 12:36:15 - 2:52:27 - step 1000 train loss: 0.0426449328660965 test loss: 0.24576540291309357
INFO - 11/10/25 12:36:41 - 2:52:53 - step 1100 | loss 0.0430 | step time 257.22ms
INFO - 11/10/25 12:37:06 - 2:53:18 - step 1200 | loss 0.0429 | step time 257.21ms
INFO - 11/10/25 12:37:32 - 2:53:44 - step 1300 | loss 0.0467 | step time 257.17ms
INFO - 11/10/25 12:37:58 - 2:54:10 - step 1400 | loss 0.0427 | step time 257.31ms
INFO - 11/10/25 12:38:23 - 2:54:35 - Memory allocated:  43.97MB, reserved: 7648.00MB
INFO - 11/10/25 12:38:23 - 2:54:35 - generating
INFO - 11/10/25 12:43:54 - 0:00:00 - ============ Initialized logger ============
INFO - 11/10/25 12:43:54 - 0:00:00 - batch_size: 32
                                     command: python fc_loop.py --exp_name=dim16_run_8 --dump_path=/home/yuebi/Project/dim16_run --num_initial_empty_objects=800 --final_database_size=100 --target_db_size=100 --nb_local_searches=800 --max_epochs=20 --type=transformer --max-output-length=271 --sample-only=35000 --max-steps=1500 --n_tokens=15 --n-layer=8 --n-embd=128 --n-embd2=128 --exp_id=1111 --exp_id "1111"
                                     cpu: False
                                     debug: False
                                     debug_slurm: False
                                     dump_path: /home/yuebi/Project/dim16_run/dim16_run_8/1111
                                     exp_id: 1111
                                     exp_name: dim16_run_8
                                     final_database_size: 100
                                     gen_batch_size: 1000
                                     global_rank: 0
                                     is_master: True
                                     is_slurm_job: True
                                     learning_rate: 0.0005
                                     local_rank: 0
                                     master_addr: gpu-6
                                     master_port: -1
                                     max_epochs: 20
                                     max_output_length: 271
                                     max_steps: 1500
                                     multi_gpu: False
                                     multi_node: False
                                     n_embd: 128
                                     n_embd2: 128
                                     n_gpu_per_node: 1
                                     n_head: 8
                                     n_layer: 8
                                     n_nodes: 1
                                     n_tokens: 15
                                     nb_local_searches: 800
                                     nb_threads: 1
                                     node_id: 0
                                     num_initial_empty_objects: 800
                                     num_workers: 8
                                     sample_only: 35000
                                     seed: -1
                                     target_db_size: 100
                                     temperature: 1.0
                                     top_k: -1
                                     type: transformer
                                     weight_decay: 0.01
                                     world_size: 1
INFO - 11/10/25 12:43:54 - 0:00:00 - The experiment will be stored in /home/yuebi/Project/dim16_run/dim16_run_8/1111
                                     
INFO - 11/10/25 12:43:54 - 0:00:00 - Running command: python fc_loop.py --exp_name=dim16_run_8 --dump_path=/home/yuebi/Project/dim16_run --num_initial_empty_objects=800 --final_database_size=100 --target_db_size=100 --nb_local_searches=800 --max_epochs=20 --type=transformer --max-output-length=271 --sample-only=35000 --max-steps=1500 --n_tokens=15 --n-layer=8 --n-embd=128 --n-embd2=128 --exp_id=1111

WARNING - 11/10/25 12:43:54 - 0:00:00 - Signal handler installed.
INFO - 11/10/25 12:43:54 - 0:00:00 - seed: 966068331
INFO - 11/10/25 12:43:54 - 0:00:00 - initializing at generation: 8
INFO - 11/10/25 12:43:54 - 0:00:00 - number of examples in the dataset: 100
INFO - 11/10/25 12:43:54 - 0:00:00 - max word length: 111
INFO - 11/10/25 12:43:54 - 0:00:00 - number of unique characters in the vocabulary: 15
INFO - 11/10/25 12:43:54 - 0:00:00 - vocabulary:
INFO - 11/10/25 12:43:54 - 0:00:00 - ['V0', 'V1', 'V2', 'V3', 'V4', 'V5', 'V6', 'V7', 'V8', 'V9', 'V10', 'V11', 'V12', 'V13', 'V14']
INFO - 11/10/25 12:43:54 - 0:00:00 - split up the dataset into 90 training examples and 10 test examples
INFO - 11/10/25 12:43:54 - 0:00:00 - dataset determined that: vocab_size=16, block_size=272
INFO - 11/10/25 12:43:54 - 0:00:00 - model #params: 1625344
INFO - 11/10/25 12:43:54 - 0:00:00 - resuming from existing model
INFO - 11/10/25 12:43:54 - 0:00:00 - ============ Start of generation 8 ============
INFO - 11/10/25 12:43:54 - 0:00:00 - Memory allocated:  8.46MB, reserved: 18.00MB
INFO - 11/10/25 12:43:54 - 0:00:00 - training
INFO - 11/10/25 12:43:59 - 0:00:05 - step 0 | loss 0.0525 | step time 593.00ms
INFO - 11/10/25 12:44:25 - 0:00:31 - step 100 | loss 0.0442 | step time 257.08ms
INFO - 11/10/25 12:44:50 - 0:00:56 - step 200 | loss 0.0440 | step time 257.00ms
INFO - 11/10/25 12:45:16 - 0:01:22 - step 300 | loss 0.0435 | step time 257.03ms
INFO - 11/10/25 12:45:42 - 0:01:48 - step 400 | loss 0.0437 | step time 256.98ms
INFO - 11/10/25 12:46:08 - 0:02:13 - step 500 | loss 0.0416 | step time 257.09ms
INFO - 11/10/25 12:46:08 - 0:02:14 - step 500 train loss: 0.04274692386388779 test loss: 0.1289091259241104
INFO - 11/10/25 12:46:08 - 0:02:14 - test loss 0.1289091259241104 is the best so far, saving model to /home/yuebi/Project/dim16_run/dim16_run_8/1111/model.pt
INFO - 11/10/25 12:46:33 - 0:02:39 - step 600 | loss 0.0428 | step time 257.02ms
INFO - 11/10/25 12:46:59 - 0:03:05 - step 700 | loss 0.0434 | step time 257.07ms
INFO - 11/10/25 12:47:25 - 0:03:31 - step 800 | loss 0.0424 | step time 257.01ms
INFO - 11/10/25 12:47:51 - 0:03:57 - step 900 | loss 0.0418 | step time 256.98ms
INFO - 11/10/25 12:48:16 - 0:04:22 - step 1000 | loss 0.0426 | step time 257.00ms
INFO - 11/10/25 12:48:17 - 0:04:23 - step 1000 train loss: 0.042295049875974655 test loss: 0.29237186908721924
INFO - 11/10/25 12:48:42 - 0:04:48 - step 1100 | loss 0.0441 | step time 257.02ms
INFO - 11/10/25 12:49:08 - 0:05:14 - step 1200 | loss 0.0435 | step time 257.04ms
INFO - 11/10/25 12:49:34 - 0:05:40 - step 1300 | loss 0.0432 | step time 257.10ms
INFO - 11/10/25 12:49:59 - 0:06:05 - step 1400 | loss 0.0416 | step time 257.04ms
INFO - 11/10/25 12:50:25 - 0:06:31 - Memory allocated:  43.97MB, reserved: 2272.00MB
INFO - 11/10/25 12:50:25 - 0:06:31 - generating
INFO - 11/10/25 15:27:26 - 2:43:32 - distribution of sample lengths: average: 335.48402857142855 max: 867
INFO - 11/10/25 15:27:26 - 2:43:32 - printed 35000 samples
INFO - 11/10/25 15:27:26 - 2:43:32 - decoding
INFO - 11/10/25 15:27:26 - 2:43:32 - Decoding complete. Check the output in /home/yuebi/Project/dim16_run/dim16_run_8/1111/transformer-output-decoded.txt
INFO - 11/10/25 15:27:26 - 2:43:32 - Memory allocated:  43.97MB, reserved: 7648.00MB
INFO - 11/10/25 15:27:26 - 2:43:32 - ============ End of generation 8 ============
INFO - 11/10/25 15:27:26 - 2:43:32 - launching search.jl
INFO - 11/10/25 15:27:26 - 2:43:32 - JULIA_NUM_THREADS is set to 1
INFO - 11/10/25 15:32:01 - 2:48:07 - distribution of scores(all rounds)
INFO - 11/10/25 15:32:01 - 2:48:07 - Score:299008.0, Count:99
                                     
INFO - 11/10/25 15:32:01 - 2:48:07 - Score:294912.0, Count:1
                                     
INFO - 11/10/25 15:32:01 - 2:48:07 - tokenizing
INFO - 11/10/25 15:32:01 - 2:48:07 - Loading tokenizer from /home/yuebi/Project/dim16_run/dim16_run_8/1111/tokenizer_data/tokenizer.json...
INFO - 11/10/25 15:32:01 - 2:48:07 - 0 / 100
INFO - 11/10/25 15:32:01 - 2:48:07 - number of examples in the dataset: 100
INFO - 11/10/25 15:32:01 - 2:48:07 - max word length: 111
INFO - 11/10/25 15:32:01 - 2:48:07 - number of unique characters in the vocabulary: 15
INFO - 11/10/25 15:32:01 - 2:48:07 - vocabulary:
INFO - 11/10/25 15:32:01 - 2:48:07 - ['V0', 'V1', 'V2', 'V3', 'V4', 'V5', 'V6', 'V7', 'V8', 'V9', 'V10', 'V11', 'V12', 'V13', 'V14']
INFO - 11/10/25 15:32:01 - 2:48:07 - split up the dataset into 90 training examples and 10 test examples
INFO - 11/10/25 15:32:01 - 2:48:07 - ============ Start of generation 9 ============
INFO - 11/10/25 15:32:01 - 2:48:07 - Memory allocated:  43.97MB, reserved: 7648.00MB
INFO - 11/10/25 15:32:01 - 2:48:07 - training
INFO - 11/10/25 15:32:01 - 2:48:07 - step 0 | loss 0.1326 | step time 264.34ms
INFO - 11/10/25 15:32:27 - 2:48:33 - step 100 | loss 0.0426 | step time 257.22ms
INFO - 11/10/25 15:32:52 - 2:48:58 - step 200 | loss 0.0428 | step time 257.40ms
INFO - 11/10/25 15:33:18 - 2:49:24 - step 300 | loss 0.0422 | step time 257.12ms
INFO - 11/10/25 15:33:44 - 2:49:50 - step 400 | loss 0.0416 | step time 257.09ms
INFO - 11/10/25 15:34:10 - 2:50:16 - step 500 | loss 0.0408 | step time 257.25ms
INFO - 11/10/25 15:34:10 - 2:50:16 - step 500 train loss: 0.04270726814866066 test loss: 0.18799935281276703
INFO - 11/10/25 15:34:10 - 2:50:16 - test loss 0.18799935281276703 is the best so far, saving model to /home/yuebi/Project/dim16_run/dim16_run_8/1111/model.pt
INFO - 11/10/25 15:34:36 - 2:50:42 - step 600 | loss 0.0425 | step time 257.18ms
INFO - 11/10/25 15:35:01 - 2:51:07 - step 700 | loss 0.0420 | step time 257.21ms
INFO - 11/10/25 15:35:27 - 2:51:33 - step 800 | loss 0.0428 | step time 257.20ms
INFO - 11/10/25 15:35:53 - 2:51:59 - step 900 | loss 0.0429 | step time 257.23ms
INFO - 11/10/25 15:36:18 - 2:52:24 - step 1000 | loss 0.0416 | step time 257.17ms
INFO - 11/10/25 15:36:19 - 2:52:25 - step 1000 train loss: 0.04240172728896141 test loss: 0.2689979672431946
INFO - 11/10/25 15:36:44 - 2:52:50 - step 1100 | loss 0.0432 | step time 257.17ms
INFO - 11/10/25 15:37:10 - 2:53:16 - step 1200 | loss 0.0436 | step time 257.21ms
INFO - 11/10/25 15:37:36 - 2:53:42 - step 1300 | loss 0.0530 | step time 257.13ms
INFO - 11/10/25 15:38:02 - 2:54:08 - step 1400 | loss 0.0420 | step time 257.22ms
INFO - 11/10/25 15:38:27 - 2:54:33 - Memory allocated:  43.97MB, reserved: 7648.00MB
INFO - 11/10/25 15:38:27 - 2:54:33 - generating
INFO - 11/10/25 15:44:00 - 0:00:00 - ============ Initialized logger ============
INFO - 11/10/25 15:44:00 - 0:00:00 - batch_size: 32
                                     command: python fc_loop.py --exp_name=dim16_run_8 --dump_path=/home/yuebi/Project/dim16_run --num_initial_empty_objects=800 --final_database_size=100 --target_db_size=100 --nb_local_searches=800 --max_epochs=20 --type=transformer --max-output-length=271 --sample-only=35000 --max-steps=1500 --n_tokens=15 --n-layer=8 --n-embd=128 --n-embd2=128 --exp_id=1111 --exp_id "1111"
                                     cpu: False
                                     debug: False
                                     debug_slurm: False
                                     dump_path: /home/yuebi/Project/dim16_run/dim16_run_8/1111
                                     exp_id: 1111
                                     exp_name: dim16_run_8
                                     final_database_size: 100
                                     gen_batch_size: 1000
                                     global_rank: 0
                                     is_master: True
                                     is_slurm_job: True
                                     learning_rate: 0.0005
                                     local_rank: 0
                                     master_addr: gpu-6
                                     master_port: -1
                                     max_epochs: 20
                                     max_output_length: 271
                                     max_steps: 1500
                                     multi_gpu: False
                                     multi_node: False
                                     n_embd: 128
                                     n_embd2: 128
                                     n_gpu_per_node: 1
                                     n_head: 8
                                     n_layer: 8
                                     n_nodes: 1
                                     n_tokens: 15
                                     nb_local_searches: 800
                                     nb_threads: 1
                                     node_id: 0
                                     num_initial_empty_objects: 800
                                     num_workers: 8
                                     sample_only: 35000
                                     seed: -1
                                     target_db_size: 100
                                     temperature: 1.0
                                     top_k: -1
                                     type: transformer
                                     weight_decay: 0.01
                                     world_size: 1
INFO - 11/10/25 15:44:00 - 0:00:00 - The experiment will be stored in /home/yuebi/Project/dim16_run/dim16_run_8/1111
                                     
INFO - 11/10/25 15:44:00 - 0:00:00 - Running command: python fc_loop.py --exp_name=dim16_run_8 --dump_path=/home/yuebi/Project/dim16_run --num_initial_empty_objects=800 --final_database_size=100 --target_db_size=100 --nb_local_searches=800 --max_epochs=20 --type=transformer --max-output-length=271 --sample-only=35000 --max-steps=1500 --n_tokens=15 --n-layer=8 --n-embd=128 --n-embd2=128 --exp_id=1111

WARNING - 11/10/25 15:44:00 - 0:00:00 - Signal handler installed.
INFO - 11/10/25 15:44:00 - 0:00:00 - seed: 563535129
INFO - 11/10/25 15:44:00 - 0:00:00 - initializing at generation: 9
INFO - 11/10/25 15:44:00 - 0:00:00 - number of examples in the dataset: 100
INFO - 11/10/25 15:44:00 - 0:00:00 - max word length: 111
INFO - 11/10/25 15:44:00 - 0:00:00 - number of unique characters in the vocabulary: 15
INFO - 11/10/25 15:44:00 - 0:00:00 - vocabulary:
INFO - 11/10/25 15:44:00 - 0:00:00 - ['V0', 'V1', 'V2', 'V3', 'V4', 'V5', 'V6', 'V7', 'V8', 'V9', 'V10', 'V11', 'V12', 'V13', 'V14']
INFO - 11/10/25 15:44:00 - 0:00:00 - split up the dataset into 90 training examples and 10 test examples
INFO - 11/10/25 15:44:00 - 0:00:00 - dataset determined that: vocab_size=16, block_size=272
INFO - 11/10/25 15:44:00 - 0:00:00 - model #params: 1625344
INFO - 11/10/25 15:44:00 - 0:00:00 - resuming from existing model
INFO - 11/10/25 15:44:00 - 0:00:00 - ============ Start of generation 9 ============
INFO - 11/10/25 15:44:00 - 0:00:00 - Memory allocated:  8.46MB, reserved: 18.00MB
INFO - 11/10/25 15:44:00 - 0:00:00 - training
INFO - 11/10/25 15:44:05 - 0:00:05 - step 0 | loss 0.1047 | step time 585.68ms
INFO - 11/10/25 15:44:31 - 0:00:31 - step 100 | loss 0.0421 | step time 256.82ms
INFO - 11/10/25 15:44:57 - 0:00:57 - step 200 | loss 0.0428 | step time 256.93ms
INFO - 11/10/25 15:45:23 - 0:01:22 - step 300 | loss 0.0437 | step time 256.78ms
INFO - 11/10/25 15:45:48 - 0:01:48 - step 400 | loss 0.0441 | step time 256.77ms
INFO - 11/10/25 15:46:14 - 0:02:14 - step 500 | loss 0.0439 | step time 256.81ms
INFO - 11/10/25 15:46:14 - 0:02:14 - step 500 train loss: 0.059377655386924744 test loss: 0.14501477777957916
INFO - 11/10/25 15:46:14 - 0:02:14 - test loss 0.14501477777957916 is the best so far, saving model to /home/yuebi/Project/dim16_run/dim16_run_8/1111/model.pt
INFO - 11/10/25 15:46:40 - 0:02:40 - step 600 | loss 0.0426 | step time 256.68ms
INFO - 11/10/25 15:47:06 - 0:03:05 - step 700 | loss 0.0415 | step time 256.82ms
INFO - 11/10/25 15:47:31 - 0:03:31 - step 800 | loss 0.0416 | step time 256.84ms
INFO - 11/10/25 15:47:57 - 0:03:57 - step 900 | loss 0.0433 | step time 256.79ms
INFO - 11/10/25 15:48:23 - 0:04:23 - step 1000 | loss 0.0425 | step time 256.87ms
INFO - 11/10/25 15:48:23 - 0:04:23 - step 1000 train loss: 0.04254283010959625 test loss: 0.14858891069889069
INFO - 11/10/25 15:48:49 - 0:04:48 - step 1100 | loss 0.0425 | step time 256.80ms
INFO - 11/10/25 15:49:14 - 0:05:14 - step 1200 | loss 0.0430 | step time 256.78ms
INFO - 11/10/25 15:49:40 - 0:05:40 - step 1300 | loss 0.0424 | step time 256.76ms
INFO - 11/10/25 15:50:06 - 0:06:06 - step 1400 | loss 0.0435 | step time 256.84ms
INFO - 11/10/25 15:50:31 - 0:06:31 - Memory allocated:  43.97MB, reserved: 2272.00MB
INFO - 11/10/25 15:50:31 - 0:06:31 - generating
INFO - 11/10/25 18:27:32 - 2:43:32 - distribution of sample lengths: average: 335.4068571428571 max: 850
INFO - 11/10/25 18:27:32 - 2:43:32 - printed 35000 samples
INFO - 11/10/25 18:27:32 - 2:43:32 - decoding
INFO - 11/10/25 18:27:33 - 2:43:33 - Decoding complete. Check the output in /home/yuebi/Project/dim16_run/dim16_run_8/1111/transformer-output-decoded.txt
INFO - 11/10/25 18:27:33 - 2:43:33 - Memory allocated:  43.97MB, reserved: 7648.00MB
INFO - 11/10/25 18:27:33 - 2:43:33 - ============ End of generation 9 ============
INFO - 11/10/25 18:27:33 - 2:43:33 - launching search.jl
INFO - 11/10/25 18:27:33 - 2:43:33 - JULIA_NUM_THREADS is set to 1
INFO - 11/10/25 18:32:10 - 2:48:10 - distribution of scores(all rounds)
INFO - 11/10/25 18:32:10 - 2:48:10 - Score:299008.0, Count:100
                                     
INFO - 11/10/25 18:32:10 - 2:48:10 - tokenizing
INFO - 11/10/25 18:32:10 - 2:48:10 - Loading tokenizer from /home/yuebi/Project/dim16_run/dim16_run_8/1111/tokenizer_data/tokenizer.json...
INFO - 11/10/25 18:32:10 - 2:48:10 - 0 / 100
INFO - 11/10/25 18:32:10 - 2:48:10 - number of examples in the dataset: 100
INFO - 11/10/25 18:32:10 - 2:48:10 - max word length: 111
INFO - 11/10/25 18:32:10 - 2:48:10 - number of unique characters in the vocabulary: 15
INFO - 11/10/25 18:32:10 - 2:48:10 - vocabulary:
INFO - 11/10/25 18:32:10 - 2:48:10 - ['V0', 'V1', 'V2', 'V3', 'V4', 'V5', 'V6', 'V7', 'V8', 'V9', 'V10', 'V11', 'V12', 'V13', 'V14']
INFO - 11/10/25 18:32:10 - 2:48:10 - split up the dataset into 90 training examples and 10 test examples
INFO - 11/10/25 18:32:10 - 2:48:10 - ============ Start of generation 10 ============
INFO - 11/10/25 18:32:10 - 2:48:10 - Memory allocated:  43.97MB, reserved: 7648.00MB
INFO - 11/10/25 18:32:10 - 2:48:10 - training
INFO - 11/10/25 18:32:10 - 2:48:10 - step 0 | loss 0.1661 | step time 264.26ms
INFO - 11/10/25 18:32:36 - 2:48:36 - step 100 | loss 0.0427 | step time 257.19ms
INFO - 11/10/25 18:33:02 - 2:49:02 - step 200 | loss 0.0421 | step time 257.23ms
INFO - 11/10/25 18:33:27 - 2:49:27 - step 300 | loss 0.0419 | step time 257.18ms
INFO - 11/10/25 18:33:53 - 2:49:53 - step 400 | loss 0.0418 | step time 257.21ms
INFO - 11/10/25 18:34:19 - 2:50:19 - step 500 | loss 0.0417 | step time 257.21ms
INFO - 11/10/25 18:34:19 - 2:50:19 - step 500 train loss: 0.04278841242194176 test loss: 0.14072123169898987
INFO - 11/10/25 18:34:19 - 2:50:19 - test loss 0.14072123169898987 is the best so far, saving model to /home/yuebi/Project/dim16_run/dim16_run_8/1111/model.pt
INFO - 11/10/25 18:34:45 - 2:50:45 - step 600 | loss 0.0424 | step time 257.19ms
INFO - 11/10/25 18:35:10 - 2:51:10 - step 700 | loss 0.0421 | step time 257.18ms
INFO - 11/10/25 18:35:36 - 2:51:36 - step 800 | loss 0.0426 | step time 257.18ms
INFO - 11/10/25 18:36:02 - 2:52:02 - step 900 | loss 0.0431 | step time 257.25ms
INFO - 11/10/25 18:36:28 - 2:52:28 - step 1000 | loss 0.0419 | step time 257.18ms
INFO - 11/10/25 18:36:28 - 2:52:28 - step 1000 train loss: 0.042523063719272614 test loss: 0.3445693850517273
INFO - 11/10/25 18:36:54 - 2:52:54 - step 1100 | loss 0.0421 | step time 257.19ms
INFO - 11/10/25 18:37:19 - 2:53:19 - step 1200 | loss 0.0423 | step time 257.25ms
INFO - 11/10/25 18:37:45 - 2:53:45 - step 1300 | loss 0.0419 | step time 257.13ms
INFO - 11/10/25 18:38:11 - 2:54:11 - step 1400 | loss 0.0429 | step time 257.20ms
INFO - 11/10/25 18:38:36 - 2:54:36 - Memory allocated:  43.97MB, reserved: 7648.00MB
INFO - 11/10/25 18:38:36 - 2:54:36 - generating
INFO - 11/10/25 18:44:05 - 0:00:00 - ============ Initialized logger ============
INFO - 11/10/25 18:44:05 - 0:00:00 - batch_size: 32
                                     command: python fc_loop.py --exp_name=dim16_run_8 --dump_path=/home/yuebi/Project/dim16_run --num_initial_empty_objects=800 --final_database_size=100 --target_db_size=100 --nb_local_searches=800 --max_epochs=20 --type=transformer --max-output-length=271 --sample-only=35000 --max-steps=1500 --n_tokens=15 --n-layer=8 --n-embd=128 --n-embd2=128 --exp_id=1111 --exp_id "1111"
                                     cpu: False
                                     debug: False
                                     debug_slurm: False
                                     dump_path: /home/yuebi/Project/dim16_run/dim16_run_8/1111
                                     exp_id: 1111
                                     exp_name: dim16_run_8
                                     final_database_size: 100
                                     gen_batch_size: 1000
                                     global_rank: 0
                                     is_master: True
                                     is_slurm_job: True
                                     learning_rate: 0.0005
                                     local_rank: 0
                                     master_addr: gpu-6
                                     master_port: -1
                                     max_epochs: 20
                                     max_output_length: 271
                                     max_steps: 1500
                                     multi_gpu: False
                                     multi_node: False
                                     n_embd: 128
                                     n_embd2: 128
                                     n_gpu_per_node: 1
                                     n_head: 8
                                     n_layer: 8
                                     n_nodes: 1
                                     n_tokens: 15
                                     nb_local_searches: 800
                                     nb_threads: 1
                                     node_id: 0
                                     num_initial_empty_objects: 800
                                     num_workers: 8
                                     sample_only: 35000
                                     seed: -1
                                     target_db_size: 100
                                     temperature: 1.0
                                     top_k: -1
                                     type: transformer
                                     weight_decay: 0.01
                                     world_size: 1
INFO - 11/10/25 18:44:05 - 0:00:00 - The experiment will be stored in /home/yuebi/Project/dim16_run/dim16_run_8/1111
                                     
INFO - 11/10/25 18:44:05 - 0:00:00 - Running command: python fc_loop.py --exp_name=dim16_run_8 --dump_path=/home/yuebi/Project/dim16_run --num_initial_empty_objects=800 --final_database_size=100 --target_db_size=100 --nb_local_searches=800 --max_epochs=20 --type=transformer --max-output-length=271 --sample-only=35000 --max-steps=1500 --n_tokens=15 --n-layer=8 --n-embd=128 --n-embd2=128 --exp_id=1111

WARNING - 11/10/25 18:44:05 - 0:00:00 - Signal handler installed.
INFO - 11/10/25 18:44:05 - 0:00:00 - seed: 379439981
INFO - 11/10/25 18:44:05 - 0:00:00 - initializing at generation: 10
INFO - 11/10/25 18:44:05 - 0:00:00 - number of examples in the dataset: 100
INFO - 11/10/25 18:44:05 - 0:00:00 - max word length: 111
INFO - 11/10/25 18:44:05 - 0:00:00 - number of unique characters in the vocabulary: 15
INFO - 11/10/25 18:44:05 - 0:00:00 - vocabulary:
INFO - 11/10/25 18:44:05 - 0:00:00 - ['V0', 'V1', 'V2', 'V3', 'V4', 'V5', 'V6', 'V7', 'V8', 'V9', 'V10', 'V11', 'V12', 'V13', 'V14']
INFO - 11/10/25 18:44:05 - 0:00:00 - split up the dataset into 90 training examples and 10 test examples
INFO - 11/10/25 18:44:05 - 0:00:00 - dataset determined that: vocab_size=16, block_size=272
INFO - 11/10/25 18:44:05 - 0:00:00 - model #params: 1625344
INFO - 11/10/25 18:44:05 - 0:00:00 - resuming from existing model
INFO - 11/10/25 18:44:05 - 0:00:00 - ============ Start of generation 10 ============
INFO - 11/10/25 18:44:05 - 0:00:00 - Memory allocated:  8.46MB, reserved: 18.00MB
INFO - 11/10/25 18:44:05 - 0:00:00 - training
INFO - 11/10/25 18:44:10 - 0:00:05 - step 0 | loss 0.0575 | step time 625.41ms
INFO - 11/10/25 18:44:36 - 0:00:31 - step 100 | loss 0.0431 | step time 256.89ms
INFO - 11/10/25 18:45:02 - 0:00:56 - step 200 | loss 0.0433 | step time 257.34ms
INFO - 11/10/25 18:45:27 - 0:01:22 - step 300 | loss 0.0424 | step time 256.92ms
INFO - 11/10/25 18:45:53 - 0:01:48 - step 400 | loss 0.0419 | step time 257.03ms
INFO - 11/10/25 18:46:19 - 0:02:14 - step 500 | loss 0.0431 | step time 257.01ms
INFO - 11/10/25 18:46:19 - 0:02:14 - step 500 train loss: 0.042384859174489975 test loss: 0.13070093095302582
INFO - 11/10/25 18:46:19 - 0:02:14 - test loss 0.13070093095302582 is the best so far, saving model to /home/yuebi/Project/dim16_run/dim16_run_8/1111/model.pt
INFO - 11/10/25 18:46:45 - 0:02:40 - step 600 | loss 0.0430 | step time 256.99ms
INFO - 11/10/25 18:47:10 - 0:03:05 - step 700 | loss 0.0431 | step time 256.92ms
INFO - 11/10/25 18:47:36 - 0:03:31 - step 800 | loss 0.0417 | step time 256.90ms
INFO - 11/10/25 18:48:02 - 0:03:57 - step 900 | loss 0.0421 | step time 257.05ms
INFO - 11/10/25 18:48:27 - 0:04:22 - step 1000 | loss 0.0415 | step time 257.00ms
INFO - 11/10/25 18:48:28 - 0:04:23 - step 1000 train loss: 0.04230469837784767 test loss: 0.24992839992046356
INFO - 11/10/25 18:48:53 - 0:04:48 - step 1100 | loss 0.0428 | step time 256.97ms
INFO - 11/10/25 18:49:19 - 0:05:14 - step 1200 | loss 0.0427 | step time 256.86ms
INFO - 11/10/25 18:49:45 - 0:05:40 - step 1300 | loss 0.0465 | step time 257.11ms
INFO - 11/10/25 18:50:10 - 0:06:05 - step 1400 | loss 0.0420 | step time 256.93ms
INFO - 11/10/25 18:50:36 - 0:06:31 - Memory allocated:  43.97MB, reserved: 2272.00MB
INFO - 11/10/25 18:50:36 - 0:06:31 - generating
INFO - 11/10/25 21:27:37 - 2:43:32 - distribution of sample lengths: average: 335.449 max: 350
INFO - 11/10/25 21:27:37 - 2:43:32 - printed 35000 samples
INFO - 11/10/25 21:27:37 - 2:43:32 - decoding
INFO - 11/10/25 21:27:37 - 2:43:32 - Decoding complete. Check the output in /home/yuebi/Project/dim16_run/dim16_run_8/1111/transformer-output-decoded.txt
INFO - 11/10/25 21:27:37 - 2:43:32 - Memory allocated:  43.97MB, reserved: 7648.00MB
INFO - 11/10/25 21:27:37 - 2:43:32 - ============ End of generation 10 ============
INFO - 11/10/25 21:27:37 - 2:43:32 - launching search.jl
INFO - 11/10/25 21:27:37 - 2:43:32 - JULIA_NUM_THREADS is set to 1
INFO - 11/10/25 21:32:14 - 2:48:09 - distribution of scores(all rounds)
INFO - 11/10/25 21:32:14 - 2:48:09 - Score:299008.0, Count:100
                                     
INFO - 11/10/25 21:32:14 - 2:48:09 - tokenizing
INFO - 11/10/25 21:32:14 - 2:48:09 - Loading tokenizer from /home/yuebi/Project/dim16_run/dim16_run_8/1111/tokenizer_data/tokenizer.json...
INFO - 11/10/25 21:32:14 - 2:48:09 - 0 / 100
INFO - 11/10/25 21:32:14 - 2:48:09 - number of examples in the dataset: 100
INFO - 11/10/25 21:32:14 - 2:48:09 - max word length: 111
INFO - 11/10/25 21:32:14 - 2:48:09 - number of unique characters in the vocabulary: 15
INFO - 11/10/25 21:32:14 - 2:48:09 - vocabulary:
INFO - 11/10/25 21:32:14 - 2:48:09 - ['V0', 'V1', 'V2', 'V3', 'V4', 'V5', 'V6', 'V7', 'V8', 'V9', 'V10', 'V11', 'V12', 'V13', 'V14']
INFO - 11/10/25 21:32:14 - 2:48:09 - split up the dataset into 90 training examples and 10 test examples
INFO - 11/10/25 21:32:14 - 2:48:09 - ============ Start of generation 11 ============
INFO - 11/10/25 21:32:14 - 2:48:09 - Memory allocated:  43.97MB, reserved: 7648.00MB
INFO - 11/10/25 21:32:14 - 2:48:09 - training
INFO - 11/10/25 21:32:15 - 2:48:10 - step 0 | loss 0.0937 | step time 264.17ms
INFO - 11/10/25 21:32:40 - 2:48:35 - step 100 | loss 0.0431 | step time 257.15ms
INFO - 11/10/25 21:33:06 - 2:49:01 - step 200 | loss 0.0427 | step time 257.08ms
INFO - 11/10/25 21:33:32 - 2:49:27 - step 300 | loss 0.0440 | step time 257.10ms
INFO - 11/10/25 21:33:58 - 2:49:52 - step 400 | loss 0.0519 | step time 257.17ms
INFO - 11/10/25 21:34:23 - 2:50:18 - step 500 | loss 0.0426 | step time 257.10ms
INFO - 11/10/25 21:34:24 - 2:50:18 - step 500 train loss: 0.04235314950346947 test loss: 0.3837619125843048
INFO - 11/10/25 21:34:24 - 2:50:18 - test loss 0.3837619125843048 is the best so far, saving model to /home/yuebi/Project/dim16_run/dim16_run_8/1111/model.pt
INFO - 11/10/25 21:34:49 - 2:50:44 - step 600 | loss 0.0423 | step time 257.09ms
INFO - 11/10/25 21:35:15 - 2:51:10 - step 700 | loss 0.0427 | step time 257.06ms
INFO - 11/10/25 21:35:41 - 2:51:36 - step 800 | loss 0.0431 | step time 257.07ms
INFO - 11/10/25 21:36:06 - 2:52:01 - step 900 | loss 0.0424 | step time 257.16ms
INFO - 11/10/25 21:36:32 - 2:52:27 - step 1000 | loss 0.0440 | step time 257.08ms
INFO - 11/10/25 21:36:32 - 2:52:27 - step 1000 train loss: 0.04473228380084038 test loss: 0.5288913249969482
INFO - 11/10/25 21:36:58 - 2:52:53 - step 1100 | loss 0.0421 | step time 257.07ms
INFO - 11/10/25 21:37:24 - 2:53:19 - step 1200 | loss 0.0411 | step time 257.12ms
INFO - 11/10/25 21:37:49 - 2:53:44 - step 1300 | loss 0.0410 | step time 257.11ms
INFO - 11/10/25 21:38:15 - 2:54:10 - step 1400 | loss 0.0421 | step time 257.12ms
INFO - 11/10/25 21:38:41 - 2:54:36 - Memory allocated:  43.97MB, reserved: 7648.00MB
INFO - 11/10/25 21:38:41 - 2:54:36 - generating
INFO - 11/10/25 21:44:14 - 0:00:00 - ============ Initialized logger ============
INFO - 11/10/25 21:44:14 - 0:00:00 - batch_size: 32
                                     command: python fc_loop.py --exp_name=dim16_run_8 --dump_path=/home/yuebi/Project/dim16_run --num_initial_empty_objects=800 --final_database_size=100 --target_db_size=100 --nb_local_searches=800 --max_epochs=20 --type=transformer --max-output-length=271 --sample-only=35000 --max-steps=1500 --n_tokens=15 --n-layer=8 --n-embd=128 --n-embd2=128 --exp_id=1111 --exp_id "1111"
                                     cpu: False
                                     debug: False
                                     debug_slurm: False
                                     dump_path: /home/yuebi/Project/dim16_run/dim16_run_8/1111
                                     exp_id: 1111
                                     exp_name: dim16_run_8
                                     final_database_size: 100
                                     gen_batch_size: 1000
                                     global_rank: 0
                                     is_master: True
                                     is_slurm_job: True
                                     learning_rate: 0.0005
                                     local_rank: 0
                                     master_addr: gpu-6
                                     master_port: -1
                                     max_epochs: 20
                                     max_output_length: 271
                                     max_steps: 1500
                                     multi_gpu: False
                                     multi_node: False
                                     n_embd: 128
                                     n_embd2: 128
                                     n_gpu_per_node: 1
                                     n_head: 8
                                     n_layer: 8
                                     n_nodes: 1
                                     n_tokens: 15
                                     nb_local_searches: 800
                                     nb_threads: 1
                                     node_id: 0
                                     num_initial_empty_objects: 800
                                     num_workers: 8
                                     sample_only: 35000
                                     seed: -1
                                     target_db_size: 100
                                     temperature: 1.0
                                     top_k: -1
                                     type: transformer
                                     weight_decay: 0.01
                                     world_size: 1
INFO - 11/10/25 21:44:14 - 0:00:00 - The experiment will be stored in /home/yuebi/Project/dim16_run/dim16_run_8/1111
                                     
INFO - 11/10/25 21:44:14 - 0:00:00 - Running command: python fc_loop.py --exp_name=dim16_run_8 --dump_path=/home/yuebi/Project/dim16_run --num_initial_empty_objects=800 --final_database_size=100 --target_db_size=100 --nb_local_searches=800 --max_epochs=20 --type=transformer --max-output-length=271 --sample-only=35000 --max-steps=1500 --n_tokens=15 --n-layer=8 --n-embd=128 --n-embd2=128 --exp_id=1111

WARNING - 11/10/25 21:44:14 - 0:00:00 - Signal handler installed.
INFO - 11/10/25 21:44:14 - 0:00:00 - seed: 107055260
INFO - 11/10/25 21:44:14 - 0:00:00 - initializing at generation: 11
INFO - 11/10/25 21:44:14 - 0:00:00 - number of examples in the dataset: 100
INFO - 11/10/25 21:44:14 - 0:00:00 - max word length: 111
INFO - 11/10/25 21:44:14 - 0:00:00 - number of unique characters in the vocabulary: 15
INFO - 11/10/25 21:44:14 - 0:00:00 - vocabulary:
INFO - 11/10/25 21:44:14 - 0:00:00 - ['V0', 'V1', 'V2', 'V3', 'V4', 'V5', 'V6', 'V7', 'V8', 'V9', 'V10', 'V11', 'V12', 'V13', 'V14']
INFO - 11/10/25 21:44:14 - 0:00:00 - split up the dataset into 90 training examples and 10 test examples
INFO - 11/10/25 21:44:14 - 0:00:00 - dataset determined that: vocab_size=16, block_size=272
INFO - 11/10/25 21:44:14 - 0:00:00 - model #params: 1625344
INFO - 11/10/25 21:44:14 - 0:00:00 - resuming from existing model
INFO - 11/10/25 21:44:14 - 0:00:00 - ============ Start of generation 11 ============
INFO - 11/10/25 21:44:14 - 0:00:00 - Memory allocated:  8.46MB, reserved: 18.00MB
INFO - 11/10/25 21:44:14 - 0:00:00 - training
INFO - 11/10/25 21:44:19 - 0:00:05 - step 0 | loss 0.0664 | step time 590.12ms
INFO - 11/10/25 21:44:45 - 0:00:31 - step 100 | loss 0.0430 | step time 257.11ms
INFO - 11/10/25 21:45:10 - 0:00:56 - step 200 | loss 0.0419 | step time 257.05ms
INFO - 11/10/25 21:45:36 - 0:01:22 - step 300 | loss 0.0416 | step time 257.04ms
INFO - 11/10/25 21:46:02 - 0:01:48 - step 400 | loss 0.0426 | step time 257.00ms
INFO - 11/10/25 21:46:27 - 0:02:13 - step 500 | loss 0.0517 | step time 257.06ms
INFO - 11/10/25 21:46:28 - 0:02:14 - step 500 train loss: 0.0491100549697876 test loss: 0.2941211462020874
INFO - 11/10/25 21:46:28 - 0:02:14 - test loss 0.2941211462020874 is the best so far, saving model to /home/yuebi/Project/dim16_run/dim16_run_8/1111/model.pt
INFO - 11/10/25 21:46:53 - 0:02:39 - step 600 | loss 0.0420 | step time 257.09ms
INFO - 11/10/25 21:47:19 - 0:03:05 - step 700 | loss 0.0421 | step time 257.07ms
INFO - 11/10/25 21:47:45 - 0:03:31 - step 800 | loss 0.0425 | step time 257.05ms
INFO - 11/10/25 21:48:11 - 0:03:57 - step 900 | loss 0.0433 | step time 257.07ms
INFO - 11/10/25 21:48:36 - 0:04:22 - step 1000 | loss 0.0425 | step time 257.11ms
INFO - 11/10/25 21:48:37 - 0:04:22 - step 1000 train loss: 0.04253777116537094 test loss: 0.34133148193359375
INFO - 11/10/25 21:49:02 - 0:04:48 - step 1100 | loss 0.0417 | step time 257.07ms
INFO - 11/10/25 21:49:28 - 0:05:14 - step 1200 | loss 0.0440 | step time 257.10ms
INFO - 11/10/25 21:49:54 - 0:05:40 - step 1300 | loss 0.0413 | step time 257.13ms
INFO - 11/10/25 21:50:19 - 0:06:05 - step 1400 | loss 0.0426 | step time 257.03ms
INFO - 11/10/25 21:50:45 - 0:06:31 - Memory allocated:  43.97MB, reserved: 2272.00MB
INFO - 11/10/25 21:50:45 - 0:06:31 - generating
INFO - 11/11/25 00:27:46 - 2:43:32 - distribution of sample lengths: average: 335.42334285714287 max: 351
INFO - 11/11/25 00:27:46 - 2:43:32 - printed 35000 samples
INFO - 11/11/25 00:27:46 - 2:43:32 - decoding
INFO - 11/11/25 00:27:47 - 2:43:33 - Decoding complete. Check the output in /home/yuebi/Project/dim16_run/dim16_run_8/1111/transformer-output-decoded.txt
INFO - 11/11/25 00:27:47 - 2:43:33 - Memory allocated:  43.97MB, reserved: 7648.00MB
INFO - 11/11/25 00:27:47 - 2:43:33 - ============ End of generation 11 ============
INFO - 11/11/25 00:27:47 - 2:43:33 - launching search.jl
INFO - 11/11/25 00:27:47 - 2:43:33 - JULIA_NUM_THREADS is set to 1
INFO - 11/11/25 00:32:20 - 2:48:06 - distribution of scores(all rounds)
INFO - 11/11/25 00:32:20 - 2:48:06 - Score:299008.0, Count:100
                                     
INFO - 11/11/25 00:32:20 - 2:48:06 - tokenizing
INFO - 11/11/25 00:32:20 - 2:48:06 - Loading tokenizer from /home/yuebi/Project/dim16_run/dim16_run_8/1111/tokenizer_data/tokenizer.json...
INFO - 11/11/25 00:32:20 - 2:48:06 - 0 / 100
INFO - 11/11/25 00:32:20 - 2:48:06 - number of examples in the dataset: 100
INFO - 11/11/25 00:32:20 - 2:48:06 - max word length: 111
INFO - 11/11/25 00:32:20 - 2:48:06 - number of unique characters in the vocabulary: 15
INFO - 11/11/25 00:32:20 - 2:48:06 - vocabulary:
INFO - 11/11/25 00:32:20 - 2:48:06 - ['V0', 'V1', 'V2', 'V3', 'V4', 'V5', 'V6', 'V7', 'V8', 'V9', 'V10', 'V11', 'V12', 'V13', 'V14']
INFO - 11/11/25 00:32:20 - 2:48:06 - split up the dataset into 90 training examples and 10 test examples
INFO - 11/11/25 00:32:20 - 2:48:06 - ============ Start of generation 12 ============
INFO - 11/11/25 00:32:20 - 2:48:06 - Memory allocated:  43.97MB, reserved: 7648.00MB
INFO - 11/11/25 00:32:20 - 2:48:06 - training
INFO - 11/11/25 00:32:21 - 2:48:07 - step 0 | loss 0.1778 | step time 264.44ms
INFO - 11/11/25 00:32:46 - 2:48:32 - step 100 | loss 0.0419 | step time 257.28ms
INFO - 11/11/25 00:33:12 - 2:48:58 - step 200 | loss 0.0418 | step time 257.15ms
INFO - 11/11/25 00:33:38 - 2:49:24 - step 300 | loss 0.0420 | step time 257.24ms
INFO - 11/11/25 00:34:04 - 2:49:50 - step 400 | loss 0.0424 | step time 257.17ms
INFO - 11/11/25 00:34:29 - 2:50:15 - step 500 | loss 0.0436 | step time 257.17ms
INFO - 11/11/25 00:34:30 - 2:50:16 - step 500 train loss: 0.04271821677684784 test loss: 0.2366556078195572
INFO - 11/11/25 00:34:30 - 2:50:16 - test loss 0.2366556078195572 is the best so far, saving model to /home/yuebi/Project/dim16_run/dim16_run_8/1111/model.pt
INFO - 11/11/25 00:34:55 - 2:50:41 - step 600 | loss 0.0426 | step time 257.12ms
INFO - 11/11/25 00:35:21 - 2:51:07 - step 700 | loss 0.0429 | step time 257.15ms
INFO - 11/11/25 00:35:47 - 2:51:33 - step 800 | loss 0.0430 | step time 257.19ms
INFO - 11/11/25 00:36:12 - 2:51:58 - step 900 | loss 0.0427 | step time 257.47ms
INFO - 11/11/25 00:36:38 - 2:52:24 - step 1000 | loss 0.0431 | step time 257.26ms
INFO - 11/11/25 00:36:38 - 2:52:24 - step 1000 train loss: 0.04230104014277458 test loss: 0.29308584332466125
INFO - 11/11/25 00:37:04 - 2:52:50 - step 1100 | loss 0.0419 | step time 257.13ms
INFO - 11/11/25 00:37:30 - 2:53:16 - step 1200 | loss 0.0435 | step time 257.18ms
INFO - 11/11/25 00:37:56 - 2:53:42 - step 1300 | loss 0.0433 | step time 257.21ms
INFO - 11/11/25 00:38:21 - 2:54:07 - step 1400 | loss 0.0424 | step time 257.16ms
INFO - 11/11/25 00:38:47 - 2:54:33 - Memory allocated:  43.97MB, reserved: 7648.00MB
INFO - 11/11/25 00:38:47 - 2:54:33 - generating
INFO - 11/11/25 00:44:19 - 0:00:00 - ============ Initialized logger ============
INFO - 11/11/25 00:44:19 - 0:00:00 - batch_size: 32
                                     command: python fc_loop.py --exp_name=dim16_run_8 --dump_path=/home/yuebi/Project/dim16_run --num_initial_empty_objects=800 --final_database_size=100 --target_db_size=100 --nb_local_searches=800 --max_epochs=20 --type=transformer --max-output-length=271 --sample-only=35000 --max-steps=1500 --n_tokens=15 --n-layer=8 --n-embd=128 --n-embd2=128 --exp_id=1111 --exp_id "1111"
                                     cpu: False
                                     debug: False
                                     debug_slurm: False
                                     dump_path: /home/yuebi/Project/dim16_run/dim16_run_8/1111
                                     exp_id: 1111
                                     exp_name: dim16_run_8
                                     final_database_size: 100
                                     gen_batch_size: 1000
                                     global_rank: 0
                                     is_master: True
                                     is_slurm_job: True
                                     learning_rate: 0.0005
                                     local_rank: 0
                                     master_addr: gpu-6
                                     master_port: -1
                                     max_epochs: 20
                                     max_output_length: 271
                                     max_steps: 1500
                                     multi_gpu: False
                                     multi_node: False
                                     n_embd: 128
                                     n_embd2: 128
                                     n_gpu_per_node: 1
                                     n_head: 8
                                     n_layer: 8
                                     n_nodes: 1
                                     n_tokens: 15
                                     nb_local_searches: 800
                                     nb_threads: 1
                                     node_id: 0
                                     num_initial_empty_objects: 800
                                     num_workers: 8
                                     sample_only: 35000
                                     seed: -1
                                     target_db_size: 100
                                     temperature: 1.0
                                     top_k: -1
                                     type: transformer
                                     weight_decay: 0.01
                                     world_size: 1
INFO - 11/11/25 00:44:19 - 0:00:00 - The experiment will be stored in /home/yuebi/Project/dim16_run/dim16_run_8/1111
                                     
INFO - 11/11/25 00:44:19 - 0:00:00 - Running command: python fc_loop.py --exp_name=dim16_run_8 --dump_path=/home/yuebi/Project/dim16_run --num_initial_empty_objects=800 --final_database_size=100 --target_db_size=100 --nb_local_searches=800 --max_epochs=20 --type=transformer --max-output-length=271 --sample-only=35000 --max-steps=1500 --n_tokens=15 --n-layer=8 --n-embd=128 --n-embd2=128 --exp_id=1111

WARNING - 11/11/25 00:44:19 - 0:00:00 - Signal handler installed.
INFO - 11/11/25 00:44:19 - 0:00:00 - seed: 82895158
INFO - 11/11/25 00:44:19 - 0:00:00 - initializing at generation: 12
INFO - 11/11/25 00:44:19 - 0:00:00 - number of examples in the dataset: 100
INFO - 11/11/25 00:44:19 - 0:00:00 - max word length: 111
INFO - 11/11/25 00:44:19 - 0:00:00 - number of unique characters in the vocabulary: 15
INFO - 11/11/25 00:44:19 - 0:00:00 - vocabulary:
INFO - 11/11/25 00:44:19 - 0:00:00 - ['V0', 'V1', 'V2', 'V3', 'V4', 'V5', 'V6', 'V7', 'V8', 'V9', 'V10', 'V11', 'V12', 'V13', 'V14']
INFO - 11/11/25 00:44:19 - 0:00:00 - split up the dataset into 90 training examples and 10 test examples
INFO - 11/11/25 00:44:19 - 0:00:00 - dataset determined that: vocab_size=16, block_size=272
INFO - 11/11/25 00:44:19 - 0:00:00 - model #params: 1625344
INFO - 11/11/25 00:44:19 - 0:00:00 - resuming from existing model
INFO - 11/11/25 00:44:19 - 0:00:00 - ============ Start of generation 12 ============
INFO - 11/11/25 00:44:19 - 0:00:00 - Memory allocated:  8.46MB, reserved: 18.00MB
INFO - 11/11/25 00:44:19 - 0:00:00 - training
INFO - 11/11/25 00:44:24 - 0:00:05 - step 0 | loss 0.0639 | step time 589.63ms
INFO - 11/11/25 00:44:50 - 0:00:31 - step 100 | loss 0.0432 | step time 257.02ms
INFO - 11/11/25 00:45:15 - 0:00:56 - step 200 | loss 0.0426 | step time 257.01ms
INFO - 11/11/25 00:45:41 - 0:01:22 - step 300 | loss 0.0427 | step time 257.00ms
INFO - 11/11/25 00:46:07 - 0:01:48 - step 400 | loss 0.0498 | step time 256.98ms
INFO - 11/11/25 00:46:33 - 0:02:14 - step 500 | loss 0.0427 | step time 257.05ms
INFO - 11/11/25 00:46:33 - 0:02:14 - step 500 train loss: 0.04236390069127083 test loss: 0.1645738184452057
INFO - 11/11/25 00:46:33 - 0:02:14 - test loss 0.1645738184452057 is the best so far, saving model to /home/yuebi/Project/dim16_run/dim16_run_8/1111/model.pt
INFO - 11/11/25 00:46:59 - 0:02:40 - step 600 | loss 0.0420 | step time 257.02ms
INFO - 11/11/25 00:47:24 - 0:03:05 - step 700 | loss 0.0426 | step time 257.02ms
INFO - 11/11/25 00:47:50 - 0:03:31 - step 800 | loss 0.0415 | step time 256.98ms
INFO - 11/11/25 00:48:16 - 0:03:57 - step 900 | loss 0.0431 | step time 257.00ms
INFO - 11/11/25 00:48:41 - 0:04:22 - step 1000 | loss 0.0484 | step time 257.03ms
INFO - 11/11/25 00:48:42 - 0:04:23 - step 1000 train loss: 0.04942925274372101 test loss: 0.23570722341537476
INFO - 11/11/25 00:49:07 - 0:04:48 - step 1100 | loss 0.0437 | step time 257.06ms
INFO - 11/11/25 00:49:33 - 0:05:14 - step 1200 | loss 0.0420 | step time 257.12ms
INFO - 11/11/25 00:49:59 - 0:05:40 - step 1300 | loss 0.0423 | step time 257.06ms
INFO - 11/11/25 00:50:24 - 0:06:05 - step 1400 | loss 0.0432 | step time 257.07ms
INFO - 11/11/25 00:50:50 - 0:06:31 - Memory allocated:  43.97MB, reserved: 2272.00MB
INFO - 11/11/25 00:50:50 - 0:06:31 - generating
INFO - 11/11/25 03:27:51 - 2:43:32 - distribution of sample lengths: average: 336.09754285714286 max: 842
INFO - 11/11/25 03:27:51 - 2:43:32 - printed 35000 samples
INFO - 11/11/25 03:27:51 - 2:43:32 - decoding
INFO - 11/11/25 03:27:52 - 2:43:33 - Decoding complete. Check the output in /home/yuebi/Project/dim16_run/dim16_run_8/1111/transformer-output-decoded.txt
INFO - 11/11/25 03:27:52 - 2:43:33 - Memory allocated:  43.97MB, reserved: 7648.00MB
INFO - 11/11/25 03:27:52 - 2:43:33 - ============ End of generation 12 ============
INFO - 11/11/25 03:27:52 - 2:43:33 - launching search.jl
INFO - 11/11/25 03:27:52 - 2:43:33 - JULIA_NUM_THREADS is set to 1
INFO - 11/11/25 03:32:29 - 2:48:10 - distribution of scores(all rounds)
INFO - 11/11/25 03:32:29 - 2:48:10 - Score:299008.0, Count:100
                                     
INFO - 11/11/25 03:32:29 - 2:48:10 - tokenizing
INFO - 11/11/25 03:32:29 - 2:48:10 - Loading tokenizer from /home/yuebi/Project/dim16_run/dim16_run_8/1111/tokenizer_data/tokenizer.json...
INFO - 11/11/25 03:32:29 - 2:48:10 - 0 / 100
INFO - 11/11/25 03:32:29 - 2:48:10 - number of examples in the dataset: 100
INFO - 11/11/25 03:32:29 - 2:48:10 - max word length: 111
INFO - 11/11/25 03:32:29 - 2:48:10 - number of unique characters in the vocabulary: 15
INFO - 11/11/25 03:32:29 - 2:48:10 - vocabulary:
INFO - 11/11/25 03:32:29 - 2:48:10 - ['V0', 'V1', 'V2', 'V3', 'V4', 'V5', 'V6', 'V7', 'V8', 'V9', 'V10', 'V11', 'V12', 'V13', 'V14']
INFO - 11/11/25 03:32:29 - 2:48:10 - split up the dataset into 90 training examples and 10 test examples
INFO - 11/11/25 03:32:29 - 2:48:10 - ============ Start of generation 13 ============
INFO - 11/11/25 03:32:29 - 2:48:10 - Memory allocated:  43.97MB, reserved: 7648.00MB
INFO - 11/11/25 03:32:29 - 2:48:10 - training
INFO - 11/11/25 03:32:30 - 2:48:11 - step 0 | loss 0.0544 | step time 267.14ms
INFO - 11/11/25 03:32:55 - 2:48:36 - step 100 | loss 0.0429 | step time 257.19ms
INFO - 11/11/25 03:33:21 - 2:49:02 - step 200 | loss 0.0429 | step time 257.19ms
INFO - 11/11/25 03:33:47 - 2:49:28 - step 300 | loss 0.0429 | step time 257.26ms
INFO - 11/11/25 03:34:12 - 2:49:53 - step 400 | loss 0.0416 | step time 257.32ms
INFO - 11/11/25 03:34:38 - 2:50:19 - step 500 | loss 0.0431 | step time 257.18ms
INFO - 11/11/25 03:34:38 - 2:50:19 - step 500 train loss: 0.042551055550575256 test loss: 0.11553490161895752
INFO - 11/11/25 03:34:38 - 2:50:19 - test loss 0.11553490161895752 is the best so far, saving model to /home/yuebi/Project/dim16_run/dim16_run_8/1111/model.pt
INFO - 11/11/25 03:35:04 - 2:50:45 - step 600 | loss 0.0413 | step time 257.26ms
INFO - 11/11/25 03:35:30 - 2:51:11 - step 700 | loss 0.0481 | step time 257.23ms
INFO - 11/11/25 03:35:56 - 2:51:37 - step 800 | loss 0.0423 | step time 257.18ms
INFO - 11/11/25 03:36:21 - 2:52:02 - step 900 | loss 0.0426 | step time 257.24ms
INFO - 11/11/25 03:36:47 - 2:52:28 - step 1000 | loss 0.0418 | step time 257.14ms
INFO - 11/11/25 03:36:47 - 2:52:28 - step 1000 train loss: 0.04234154522418976 test loss: 0.21472057700157166
INFO - 11/11/25 03:37:13 - 2:52:54 - step 1100 | loss 0.0428 | step time 257.17ms
INFO - 11/11/25 03:37:39 - 2:53:20 - step 1200 | loss 0.0422 | step time 257.16ms
INFO - 11/11/25 03:38:05 - 2:53:45 - step 1300 | loss 0.0419 | step time 257.26ms
INFO - 11/11/25 03:38:30 - 2:54:11 - step 1400 | loss 0.0559 | step time 257.19ms
INFO - 11/11/25 03:38:56 - 2:54:37 - Memory allocated:  43.97MB, reserved: 7648.00MB
INFO - 11/11/25 03:38:56 - 2:54:37 - generating
INFO - 11/11/25 03:44:26 - 0:00:00 - ============ Initialized logger ============
INFO - 11/11/25 03:44:26 - 0:00:00 - batch_size: 32
                                     command: python fc_loop.py --exp_name=dim16_run_8 --dump_path=/home/yuebi/Project/dim16_run --num_initial_empty_objects=800 --final_database_size=100 --target_db_size=100 --nb_local_searches=800 --max_epochs=20 --type=transformer --max-output-length=271 --sample-only=35000 --max-steps=1500 --n_tokens=15 --n-layer=8 --n-embd=128 --n-embd2=128 --exp_id=1111 --exp_id "1111"
                                     cpu: False
                                     debug: False
                                     debug_slurm: False
                                     dump_path: /home/yuebi/Project/dim16_run/dim16_run_8/1111
                                     exp_id: 1111
                                     exp_name: dim16_run_8
                                     final_database_size: 100
                                     gen_batch_size: 1000
                                     global_rank: 0
                                     is_master: True
                                     is_slurm_job: True
                                     learning_rate: 0.0005
                                     local_rank: 0
                                     master_addr: gpu-6
                                     master_port: -1
                                     max_epochs: 20
                                     max_output_length: 271
                                     max_steps: 1500
                                     multi_gpu: False
                                     multi_node: False
                                     n_embd: 128
                                     n_embd2: 128
                                     n_gpu_per_node: 1
                                     n_head: 8
                                     n_layer: 8
                                     n_nodes: 1
                                     n_tokens: 15
                                     nb_local_searches: 800
                                     nb_threads: 1
                                     node_id: 0
                                     num_initial_empty_objects: 800
                                     num_workers: 8
                                     sample_only: 35000
                                     seed: -1
                                     target_db_size: 100
                                     temperature: 1.0
                                     top_k: -1
                                     type: transformer
                                     weight_decay: 0.01
                                     world_size: 1
INFO - 11/11/25 03:44:26 - 0:00:00 - The experiment will be stored in /home/yuebi/Project/dim16_run/dim16_run_8/1111
                                     
INFO - 11/11/25 03:44:26 - 0:00:00 - Running command: python fc_loop.py --exp_name=dim16_run_8 --dump_path=/home/yuebi/Project/dim16_run --num_initial_empty_objects=800 --final_database_size=100 --target_db_size=100 --nb_local_searches=800 --max_epochs=20 --type=transformer --max-output-length=271 --sample-only=35000 --max-steps=1500 --n_tokens=15 --n-layer=8 --n-embd=128 --n-embd2=128 --exp_id=1111

WARNING - 11/11/25 03:44:26 - 0:00:00 - Signal handler installed.
INFO - 11/11/25 03:44:26 - 0:00:00 - seed: 683700643
INFO - 11/11/25 03:44:26 - 0:00:00 - initializing at generation: 13
INFO - 11/11/25 03:44:26 - 0:00:00 - number of examples in the dataset: 100
INFO - 11/11/25 03:44:26 - 0:00:00 - max word length: 111
INFO - 11/11/25 03:44:26 - 0:00:00 - number of unique characters in the vocabulary: 15
INFO - 11/11/25 03:44:26 - 0:00:00 - vocabulary:
INFO - 11/11/25 03:44:26 - 0:00:00 - ['V0', 'V1', 'V2', 'V3', 'V4', 'V5', 'V6', 'V7', 'V8', 'V9', 'V10', 'V11', 'V12', 'V13', 'V14']
INFO - 11/11/25 03:44:26 - 0:00:00 - split up the dataset into 90 training examples and 10 test examples
INFO - 11/11/25 03:44:26 - 0:00:00 - dataset determined that: vocab_size=16, block_size=272
INFO - 11/11/25 03:44:26 - 0:00:00 - model #params: 1625344
INFO - 11/11/25 03:44:26 - 0:00:00 - resuming from existing model
INFO - 11/11/25 03:44:26 - 0:00:00 - ============ Start of generation 13 ============
INFO - 11/11/25 03:44:26 - 0:00:00 - Memory allocated:  8.46MB, reserved: 18.00MB
INFO - 11/11/25 03:44:26 - 0:00:00 - training
INFO - 11/11/25 03:44:31 - 0:00:05 - step 0 | loss 0.0502 | step time 591.28ms
INFO - 11/11/25 03:44:57 - 0:00:31 - step 100 | loss 0.0434 | step time 256.94ms
INFO - 11/11/25 03:45:23 - 0:00:57 - step 200 | loss 0.0434 | step time 256.87ms
INFO - 11/11/25 03:45:48 - 0:01:22 - step 300 | loss 0.0435 | step time 256.96ms
INFO - 11/11/25 03:46:14 - 0:01:48 - step 400 | loss 0.0418 | step time 256.87ms
INFO - 11/11/25 03:46:40 - 0:02:14 - step 500 | loss 0.0421 | step time 256.86ms
INFO - 11/11/25 03:46:40 - 0:02:14 - step 500 train loss: 0.042428579181432724 test loss: 0.10962451249361038
INFO - 11/11/25 03:46:40 - 0:02:14 - test loss 0.10962451249361038 is the best so far, saving model to /home/yuebi/Project/dim16_run/dim16_run_8/1111/model.pt
INFO - 11/11/25 03:47:06 - 0:02:40 - step 600 | loss 0.0425 | step time 256.74ms
INFO - 11/11/25 03:47:31 - 0:03:05 - step 700 | loss 0.0437 | step time 256.70ms
INFO - 11/11/25 03:47:57 - 0:03:31 - step 800 | loss 0.0414 | step time 256.63ms
INFO - 11/11/25 03:48:23 - 0:03:57 - step 900 | loss 0.0422 | step time 256.60ms
INFO - 11/11/25 03:48:48 - 0:04:22 - step 1000 | loss 0.0418 | step time 256.65ms
INFO - 11/11/25 03:48:49 - 0:04:23 - step 1000 train loss: 0.042291104793548584 test loss: 0.22100704908370972
INFO - 11/11/25 03:49:14 - 0:04:48 - step 1100 | loss 0.0425 | step time 256.68ms
INFO - 11/11/25 03:49:40 - 0:05:14 - step 1200 | loss 0.0427 | step time 256.69ms
INFO - 11/11/25 03:50:06 - 0:05:40 - step 1300 | loss 0.0428 | step time 256.63ms
INFO - 11/11/25 03:50:31 - 0:06:05 - step 1400 | loss 0.0531 | step time 256.65ms
INFO - 11/11/25 03:50:57 - 0:06:31 - Memory allocated:  43.97MB, reserved: 2272.00MB
INFO - 11/11/25 03:50:57 - 0:06:31 - generating
INFO - 11/11/25 06:27:58 - 2:43:32 - distribution of sample lengths: average: 336.23242857142856 max: 717
INFO - 11/11/25 06:27:58 - 2:43:32 - printed 35000 samples
INFO - 11/11/25 06:27:58 - 2:43:32 - decoding
INFO - 11/11/25 06:27:58 - 2:43:32 - Decoding complete. Check the output in /home/yuebi/Project/dim16_run/dim16_run_8/1111/transformer-output-decoded.txt
INFO - 11/11/25 06:27:58 - 2:43:32 - Memory allocated:  43.97MB, reserved: 7648.00MB
INFO - 11/11/25 06:27:58 - 2:43:32 - ============ End of generation 13 ============
INFO - 11/11/25 06:27:58 - 2:43:32 - launching search.jl
INFO - 11/11/25 06:27:58 - 2:43:32 - JULIA_NUM_THREADS is set to 1
INFO - 11/11/25 06:32:38 - 2:48:12 - distribution of scores(all rounds)
INFO - 11/11/25 06:32:38 - 2:48:12 - Score:299008.0, Count:100
                                     
INFO - 11/11/25 06:32:38 - 2:48:12 - tokenizing
INFO - 11/11/25 06:32:38 - 2:48:12 - Loading tokenizer from /home/yuebi/Project/dim16_run/dim16_run_8/1111/tokenizer_data/tokenizer.json...
INFO - 11/11/25 06:32:38 - 2:48:12 - 0 / 100
INFO - 11/11/25 06:32:38 - 2:48:12 - number of examples in the dataset: 100
INFO - 11/11/25 06:32:38 - 2:48:12 - max word length: 112
INFO - 11/11/25 06:32:38 - 2:48:12 - number of unique characters in the vocabulary: 15
INFO - 11/11/25 06:32:38 - 2:48:12 - vocabulary:
INFO - 11/11/25 06:32:38 - 2:48:12 - ['V0', 'V1', 'V2', 'V3', 'V4', 'V5', 'V6', 'V7', 'V8', 'V9', 'V10', 'V11', 'V12', 'V13', 'V14']
INFO - 11/11/25 06:32:38 - 2:48:12 - split up the dataset into 90 training examples and 10 test examples
INFO - 11/11/25 06:32:38 - 2:48:12 - ============ Start of generation 14 ============
INFO - 11/11/25 06:32:38 - 2:48:12 - Memory allocated:  43.97MB, reserved: 7648.00MB
INFO - 11/11/25 06:32:38 - 2:48:12 - training
INFO - 11/11/25 06:32:38 - 2:48:12 - step 0 | loss 0.0941 | step time 264.51ms
INFO - 11/11/25 06:33:04 - 2:48:38 - step 100 | loss 0.0425 | step time 257.29ms
INFO - 11/11/25 06:33:30 - 2:49:03 - step 200 | loss 0.0420 | step time 257.24ms
INFO - 11/11/25 06:33:55 - 2:49:29 - step 300 | loss 0.0435 | step time 257.24ms
INFO - 11/11/25 06:34:21 - 2:49:55 - step 400 | loss 0.0423 | step time 257.22ms
INFO - 11/11/25 06:34:47 - 2:50:21 - step 500 | loss 0.0439 | step time 257.36ms
INFO - 11/11/25 06:34:47 - 2:50:21 - step 500 train loss: 0.042616106569767 test loss: 0.6302273273468018
INFO - 11/11/25 06:34:47 - 2:50:21 - test loss 0.6302273273468018 is the best so far, saving model to /home/yuebi/Project/dim16_run/dim16_run_8/1111/model.pt
INFO - 11/11/25 06:35:13 - 2:50:47 - step 600 | loss 0.0432 | step time 257.22ms
INFO - 11/11/25 06:35:38 - 2:51:12 - step 700 | loss 0.0418 | step time 257.22ms
INFO - 11/11/25 06:36:04 - 2:51:38 - step 800 | loss 0.0424 | step time 257.24ms
INFO - 11/11/25 06:36:30 - 2:52:04 - step 900 | loss 0.0424 | step time 257.23ms
INFO - 11/11/25 06:36:56 - 2:52:30 - step 1000 | loss 0.0429 | step time 257.22ms
INFO - 11/11/25 06:36:56 - 2:52:30 - step 1000 train loss: 0.04229290783405304 test loss: 0.6699815988540649
INFO - 11/11/25 06:37:22 - 2:52:56 - step 1100 | loss 0.0414 | step time 257.19ms
INFO - 11/11/25 06:37:47 - 2:53:21 - step 1200 | loss 0.0459 | step time 257.25ms
INFO - 11/11/25 06:38:13 - 2:53:47 - step 1300 | loss 0.0424 | step time 257.21ms
INFO - 11/11/25 06:38:39 - 2:54:13 - step 1400 | loss 0.0409 | step time 257.28ms
INFO - 11/11/25 06:39:04 - 2:54:38 - Memory allocated:  43.97MB, reserved: 7648.00MB
INFO - 11/11/25 06:39:04 - 2:54:38 - generating
INFO - 11/11/25 06:44:34 - 0:00:00 - ============ Initialized logger ============
INFO - 11/11/25 06:44:34 - 0:00:00 - batch_size: 32
                                     command: python fc_loop.py --exp_name=dim16_run_8 --dump_path=/home/yuebi/Project/dim16_run --num_initial_empty_objects=800 --final_database_size=100 --target_db_size=100 --nb_local_searches=800 --max_epochs=20 --type=transformer --max-output-length=271 --sample-only=35000 --max-steps=1500 --n_tokens=15 --n-layer=8 --n-embd=128 --n-embd2=128 --exp_id=1111 --exp_id "1111"
                                     cpu: False
                                     debug: False
                                     debug_slurm: False
                                     dump_path: /home/yuebi/Project/dim16_run/dim16_run_8/1111
                                     exp_id: 1111
                                     exp_name: dim16_run_8
                                     final_database_size: 100
                                     gen_batch_size: 1000
                                     global_rank: 0
                                     is_master: True
                                     is_slurm_job: True
                                     learning_rate: 0.0005
                                     local_rank: 0
                                     master_addr: gpu-6
                                     master_port: -1
                                     max_epochs: 20
                                     max_output_length: 271
                                     max_steps: 1500
                                     multi_gpu: False
                                     multi_node: False
                                     n_embd: 128
                                     n_embd2: 128
                                     n_gpu_per_node: 1
                                     n_head: 8
                                     n_layer: 8
                                     n_nodes: 1
                                     n_tokens: 15
                                     nb_local_searches: 800
                                     nb_threads: 1
                                     node_id: 0
                                     num_initial_empty_objects: 800
                                     num_workers: 8
                                     sample_only: 35000
                                     seed: -1
                                     target_db_size: 100
                                     temperature: 1.0
                                     top_k: -1
                                     type: transformer
                                     weight_decay: 0.01
                                     world_size: 1
INFO - 11/11/25 06:44:34 - 0:00:00 - The experiment will be stored in /home/yuebi/Project/dim16_run/dim16_run_8/1111
                                     
INFO - 11/11/25 06:44:34 - 0:00:00 - Running command: python fc_loop.py --exp_name=dim16_run_8 --dump_path=/home/yuebi/Project/dim16_run --num_initial_empty_objects=800 --final_database_size=100 --target_db_size=100 --nb_local_searches=800 --max_epochs=20 --type=transformer --max-output-length=271 --sample-only=35000 --max-steps=1500 --n_tokens=15 --n-layer=8 --n-embd=128 --n-embd2=128 --exp_id=1111

WARNING - 11/11/25 06:44:34 - 0:00:00 - Signal handler installed.
INFO - 11/11/25 06:44:34 - 0:00:00 - seed: 83594786
INFO - 11/11/25 06:44:34 - 0:00:00 - initializing at generation: 14
INFO - 11/11/25 06:44:34 - 0:00:00 - number of examples in the dataset: 100
INFO - 11/11/25 06:44:34 - 0:00:00 - max word length: 112
INFO - 11/11/25 06:44:34 - 0:00:00 - number of unique characters in the vocabulary: 15
INFO - 11/11/25 06:44:34 - 0:00:00 - vocabulary:
INFO - 11/11/25 06:44:34 - 0:00:00 - ['V0', 'V1', 'V2', 'V3', 'V4', 'V5', 'V6', 'V7', 'V8', 'V9', 'V10', 'V11', 'V12', 'V13', 'V14']
INFO - 11/11/25 06:44:34 - 0:00:00 - split up the dataset into 90 training examples and 10 test examples
INFO - 11/11/25 06:44:34 - 0:00:00 - dataset determined that: vocab_size=16, block_size=272
INFO - 11/11/25 06:44:34 - 0:00:00 - model #params: 1625344
INFO - 11/11/25 06:44:34 - 0:00:00 - resuming from existing model
INFO - 11/11/25 06:44:34 - 0:00:00 - ============ Start of generation 14 ============
INFO - 11/11/25 06:44:34 - 0:00:00 - Memory allocated:  8.46MB, reserved: 18.00MB
INFO - 11/11/25 06:44:34 - 0:00:00 - training
INFO - 11/11/25 06:44:39 - 0:00:05 - step 0 | loss 0.0457 | step time 593.92ms
INFO - 11/11/25 06:45:05 - 0:00:31 - step 100 | loss 0.0435 | step time 256.97ms
INFO - 11/11/25 06:45:31 - 0:00:57 - step 200 | loss 0.0425 | step time 257.10ms
INFO - 11/11/25 06:45:56 - 0:01:22 - step 300 | loss 0.0418 | step time 257.00ms
INFO - 11/11/25 06:46:22 - 0:01:48 - step 400 | loss 0.0428 | step time 257.00ms
INFO - 11/11/25 06:46:48 - 0:02:14 - step 500 | loss 0.0509 | step time 257.06ms
INFO - 11/11/25 06:46:48 - 0:02:14 - step 500 train loss: 0.04565602168440819 test loss: 0.2611005902290344
INFO - 11/11/25 06:46:48 - 0:02:14 - test loss 0.2611005902290344 is the best so far, saving model to /home/yuebi/Project/dim16_run/dim16_run_8/1111/model.pt
INFO - 11/11/25 06:47:14 - 0:02:40 - step 600 | loss 0.0427 | step time 256.99ms
INFO - 11/11/25 06:47:40 - 0:03:06 - step 700 | loss 0.0420 | step time 256.99ms
INFO - 11/11/25 06:48:05 - 0:03:31 - step 800 | loss 0.0425 | step time 256.95ms
INFO - 11/11/25 06:48:31 - 0:03:57 - step 900 | loss 0.0428 | step time 256.99ms
INFO - 11/11/25 06:48:57 - 0:04:23 - step 1000 | loss 0.0420 | step time 257.06ms
INFO - 11/11/25 06:48:57 - 0:04:23 - step 1000 train loss: 0.04221612960100174 test loss: 0.24390776455402374
INFO - 11/11/25 06:48:57 - 0:04:23 - test loss 0.24390776455402374 is the best so far, saving model to /home/yuebi/Project/dim16_run/dim16_run_8/1111/model.pt
INFO - 11/11/25 06:49:23 - 0:04:49 - step 1100 | loss 0.0424 | step time 256.99ms
INFO - 11/11/25 06:49:48 - 0:05:14 - step 1200 | loss 0.0658 | step time 257.08ms
INFO - 11/11/25 06:50:14 - 0:05:40 - step 1300 | loss 0.0422 | step time 257.04ms
INFO - 11/11/25 06:50:40 - 0:06:06 - step 1400 | loss 0.0418 | step time 256.98ms
INFO - 11/11/25 06:51:05 - 0:06:31 - Memory allocated:  43.97MB, reserved: 2272.00MB
INFO - 11/11/25 06:51:05 - 0:06:31 - generating
INFO - 11/11/25 09:28:06 - 2:43:32 - distribution of sample lengths: average: 336.23985714285715 max: 354
INFO - 11/11/25 09:28:06 - 2:43:32 - printed 35000 samples
INFO - 11/11/25 09:28:06 - 2:43:32 - decoding
INFO - 11/11/25 09:28:07 - 2:43:33 - Decoding complete. Check the output in /home/yuebi/Project/dim16_run/dim16_run_8/1111/transformer-output-decoded.txt
INFO - 11/11/25 09:28:07 - 2:43:33 - Memory allocated:  43.97MB, reserved: 7648.00MB
INFO - 11/11/25 09:28:07 - 2:43:33 - ============ End of generation 14 ============
INFO - 11/11/25 09:28:07 - 2:43:33 - launching search.jl
INFO - 11/11/25 09:28:07 - 2:43:33 - JULIA_NUM_THREADS is set to 1
INFO - 11/11/25 09:32:45 - 2:48:11 - distribution of scores(all rounds)
INFO - 11/11/25 09:32:45 - 2:48:11 - Score:299008.0, Count:100
                                     
INFO - 11/11/25 09:32:45 - 2:48:11 - tokenizing
INFO - 11/11/25 09:32:45 - 2:48:11 - Loading tokenizer from /home/yuebi/Project/dim16_run/dim16_run_8/1111/tokenizer_data/tokenizer.json...
INFO - 11/11/25 09:32:45 - 2:48:11 - 0 / 100
INFO - 11/11/25 09:32:45 - 2:48:11 - number of examples in the dataset: 100
INFO - 11/11/25 09:32:45 - 2:48:11 - max word length: 112
INFO - 11/11/25 09:32:45 - 2:48:11 - number of unique characters in the vocabulary: 15
INFO - 11/11/25 09:32:45 - 2:48:11 - vocabulary:
INFO - 11/11/25 09:32:45 - 2:48:11 - ['V0', 'V1', 'V2', 'V3', 'V4', 'V5', 'V6', 'V7', 'V8', 'V9', 'V10', 'V11', 'V12', 'V13', 'V14']
INFO - 11/11/25 09:32:45 - 2:48:11 - split up the dataset into 90 training examples and 10 test examples
INFO - 11/11/25 09:32:45 - 2:48:11 - ============ Start of generation 15 ============
INFO - 11/11/25 09:32:45 - 2:48:11 - Memory allocated:  43.97MB, reserved: 7648.00MB
INFO - 11/11/25 09:32:45 - 2:48:11 - training
INFO - 11/11/25 09:32:45 - 2:48:11 - step 0 | loss 0.0614 | step time 264.66ms
INFO - 11/11/25 09:33:11 - 2:48:37 - step 100 | loss 0.0425 | step time 257.21ms
INFO - 11/11/25 09:33:37 - 2:49:03 - step 200 | loss 0.0432 | step time 257.23ms
INFO - 11/11/25 09:34:02 - 2:49:28 - step 300 | loss 0.0431 | step time 257.27ms
INFO - 11/11/25 09:34:28 - 2:49:54 - step 400 | loss 0.0416 | step time 257.20ms
INFO - 11/11/25 09:34:54 - 2:50:20 - step 500 | loss 0.0421 | step time 257.19ms
INFO - 11/11/25 09:34:54 - 2:50:20 - step 500 train loss: 0.042483408004045486 test loss: 0.14056117832660675
INFO - 11/11/25 09:34:54 - 2:50:20 - test loss 0.14056117832660675 is the best so far, saving model to /home/yuebi/Project/dim16_run/dim16_run_8/1111/model.pt
INFO - 11/11/25 09:35:20 - 2:50:46 - step 600 | loss 0.0416 | step time 257.22ms
INFO - 11/11/25 09:35:45 - 2:51:11 - step 700 | loss 0.0420 | step time 257.30ms
INFO - 11/11/25 09:36:11 - 2:51:37 - step 800 | loss 0.0428 | step time 257.48ms
INFO - 11/11/25 09:36:37 - 2:52:03 - step 900 | loss 0.0422 | step time 257.26ms
INFO - 11/11/25 09:37:03 - 2:52:29 - step 1000 | loss 0.0412 | step time 257.14ms
INFO - 11/11/25 09:37:03 - 2:52:29 - step 1000 train loss: 0.04215337708592415 test loss: 0.16370488703250885
INFO - 11/11/25 09:37:29 - 2:52:55 - step 1100 | loss 0.0425 | step time 257.14ms
INFO - 11/11/25 09:37:54 - 2:53:20 - step 1200 | loss 0.0424 | step time 257.22ms
INFO - 11/11/25 09:38:20 - 2:53:46 - step 1300 | loss 0.0419 | step time 257.22ms
INFO - 11/11/25 09:38:46 - 2:54:12 - step 1400 | loss 0.0426 | step time 257.20ms
INFO - 11/11/25 09:39:11 - 2:54:37 - Memory allocated:  43.97MB, reserved: 7648.00MB
INFO - 11/11/25 09:39:11 - 2:54:37 - generating
INFO - 11/11/25 09:44:40 - 0:00:00 - ============ Initialized logger ============
INFO - 11/11/25 09:44:40 - 0:00:00 - batch_size: 32
                                     command: python fc_loop.py --exp_name=dim16_run_8 --dump_path=/home/yuebi/Project/dim16_run --num_initial_empty_objects=800 --final_database_size=100 --target_db_size=100 --nb_local_searches=800 --max_epochs=20 --type=transformer --max-output-length=271 --sample-only=35000 --max-steps=1500 --n_tokens=15 --n-layer=8 --n-embd=128 --n-embd2=128 --exp_id=1111 --exp_id "1111"
                                     cpu: False
                                     debug: False
                                     debug_slurm: False
                                     dump_path: /home/yuebi/Project/dim16_run/dim16_run_8/1111
                                     exp_id: 1111
                                     exp_name: dim16_run_8
                                     final_database_size: 100
                                     gen_batch_size: 1000
                                     global_rank: 0
                                     is_master: True
                                     is_slurm_job: True
                                     learning_rate: 0.0005
                                     local_rank: 0
                                     master_addr: gpu-6
                                     master_port: -1
                                     max_epochs: 20
                                     max_output_length: 271
                                     max_steps: 1500
                                     multi_gpu: False
                                     multi_node: False
                                     n_embd: 128
                                     n_embd2: 128
                                     n_gpu_per_node: 1
                                     n_head: 8
                                     n_layer: 8
                                     n_nodes: 1
                                     n_tokens: 15
                                     nb_local_searches: 800
                                     nb_threads: 1
                                     node_id: 0
                                     num_initial_empty_objects: 800
                                     num_workers: 8
                                     sample_only: 35000
                                     seed: -1
                                     target_db_size: 100
                                     temperature: 1.0
                                     top_k: -1
                                     type: transformer
                                     weight_decay: 0.01
                                     world_size: 1
INFO - 11/11/25 09:44:40 - 0:00:00 - The experiment will be stored in /home/yuebi/Project/dim16_run/dim16_run_8/1111
                                     
INFO - 11/11/25 09:44:40 - 0:00:00 - Running command: python fc_loop.py --exp_name=dim16_run_8 --dump_path=/home/yuebi/Project/dim16_run --num_initial_empty_objects=800 --final_database_size=100 --target_db_size=100 --nb_local_searches=800 --max_epochs=20 --type=transformer --max-output-length=271 --sample-only=35000 --max-steps=1500 --n_tokens=15 --n-layer=8 --n-embd=128 --n-embd2=128 --exp_id=1111

WARNING - 11/11/25 09:44:40 - 0:00:00 - Signal handler installed.
INFO - 11/11/25 09:44:40 - 0:00:00 - seed: 267202868
INFO - 11/11/25 09:44:40 - 0:00:00 - initializing at generation: 15
INFO - 11/11/25 09:44:40 - 0:00:00 - number of examples in the dataset: 100
INFO - 11/11/25 09:44:40 - 0:00:00 - max word length: 112
INFO - 11/11/25 09:44:40 - 0:00:00 - number of unique characters in the vocabulary: 15
INFO - 11/11/25 09:44:40 - 0:00:00 - vocabulary:
INFO - 11/11/25 09:44:40 - 0:00:00 - ['V0', 'V1', 'V2', 'V3', 'V4', 'V5', 'V6', 'V7', 'V8', 'V9', 'V10', 'V11', 'V12', 'V13', 'V14']
INFO - 11/11/25 09:44:40 - 0:00:00 - split up the dataset into 90 training examples and 10 test examples
INFO - 11/11/25 09:44:40 - 0:00:00 - dataset determined that: vocab_size=16, block_size=272
INFO - 11/11/25 09:44:40 - 0:00:00 - model #params: 1625344
INFO - 11/11/25 09:44:40 - 0:00:00 - resuming from existing model
INFO - 11/11/25 09:44:40 - 0:00:00 - ============ Start of generation 15 ============
INFO - 11/11/25 09:44:40 - 0:00:00 - Memory allocated:  8.46MB, reserved: 18.00MB
INFO - 11/11/25 09:44:40 - 0:00:00 - training
INFO - 11/11/25 09:44:45 - 0:00:05 - step 0 | loss 0.0479 | step time 589.22ms
INFO - 11/11/25 09:45:11 - 0:00:31 - step 100 | loss 0.0426 | step time 256.94ms
INFO - 11/11/25 09:45:37 - 0:00:57 - step 200 | loss 0.0414 | step time 256.88ms
INFO - 11/11/25 09:46:02 - 0:01:22 - step 300 | loss 0.0436 | step time 256.87ms
INFO - 11/11/25 09:46:28 - 0:01:48 - step 400 | loss 0.0425 | step time 256.89ms
INFO - 11/11/25 09:46:54 - 0:02:14 - step 500 | loss 0.0423 | step time 256.97ms
INFO - 11/11/25 09:46:54 - 0:02:14 - step 500 train loss: 0.042769111692905426 test loss: 0.19706091284751892
INFO - 11/11/25 09:46:54 - 0:02:14 - test loss 0.19706091284751892 is the best so far, saving model to /home/yuebi/Project/dim16_run/dim16_run_8/1111/model.pt
INFO - 11/11/25 09:47:20 - 0:02:40 - step 600 | loss 0.0415 | step time 256.98ms
INFO - 11/11/25 09:47:45 - 0:03:05 - step 700 | loss 0.0419 | step time 256.91ms
INFO - 11/11/25 09:48:11 - 0:03:31 - step 800 | loss 0.0419 | step time 257.66ms
INFO - 11/11/25 09:48:37 - 0:03:57 - step 900 | loss 0.0426 | step time 256.85ms
INFO - 11/11/25 09:49:02 - 0:04:22 - step 1000 | loss 0.0418 | step time 256.91ms
INFO - 11/11/25 09:49:03 - 0:04:23 - step 1000 train loss: 0.042547937482595444 test loss: 0.18677084147930145
INFO - 11/11/25 09:49:03 - 0:04:23 - test loss 0.18677084147930145 is the best so far, saving model to /home/yuebi/Project/dim16_run/dim16_run_8/1111/model.pt
INFO - 11/11/25 09:49:28 - 0:04:48 - step 1100 | loss 0.0503 | step time 256.79ms
INFO - 11/11/25 09:49:54 - 0:05:14 - step 1200 | loss 0.0418 | step time 256.83ms
INFO - 11/11/25 09:50:20 - 0:05:40 - step 1300 | loss 0.0429 | step time 256.76ms
INFO - 11/11/25 09:50:45 - 0:06:05 - step 1400 | loss 0.0423 | step time 256.78ms
INFO - 11/11/25 09:51:11 - 0:06:31 - Memory allocated:  43.97MB, reserved: 2272.00MB
INFO - 11/11/25 09:51:11 - 0:06:31 - generating
INFO - 11/11/25 12:28:12 - 2:43:32 - distribution of sample lengths: average: 336.83074285714287 max: 349
INFO - 11/11/25 12:28:12 - 2:43:32 - printed 35000 samples
INFO - 11/11/25 12:28:12 - 2:43:32 - decoding
INFO - 11/11/25 12:28:12 - 2:43:32 - Decoding complete. Check the output in /home/yuebi/Project/dim16_run/dim16_run_8/1111/transformer-output-decoded.txt
INFO - 11/11/25 12:28:12 - 2:43:32 - Memory allocated:  43.97MB, reserved: 7648.00MB
INFO - 11/11/25 12:28:12 - 2:43:32 - ============ End of generation 15 ============
INFO - 11/11/25 12:28:12 - 2:43:32 - launching search.jl
INFO - 11/11/25 12:28:12 - 2:43:32 - JULIA_NUM_THREADS is set to 1
INFO - 11/11/25 12:32:50 - 2:48:10 - distribution of scores(all rounds)
INFO - 11/11/25 12:32:50 - 2:48:10 - Score:299008.0, Count:100
                                     
INFO - 11/11/25 12:32:50 - 2:48:10 - tokenizing
INFO - 11/11/25 12:32:50 - 2:48:10 - Loading tokenizer from /home/yuebi/Project/dim16_run/dim16_run_8/1111/tokenizer_data/tokenizer.json...
INFO - 11/11/25 12:32:50 - 2:48:10 - 0 / 100
INFO - 11/11/25 12:32:50 - 2:48:10 - number of examples in the dataset: 100
INFO - 11/11/25 12:32:50 - 2:48:10 - max word length: 112
INFO - 11/11/25 12:32:50 - 2:48:10 - number of unique characters in the vocabulary: 15
INFO - 11/11/25 12:32:50 - 2:48:10 - vocabulary:
INFO - 11/11/25 12:32:50 - 2:48:10 - ['V0', 'V1', 'V2', 'V3', 'V4', 'V5', 'V6', 'V7', 'V8', 'V9', 'V10', 'V11', 'V12', 'V13', 'V14']
INFO - 11/11/25 12:32:50 - 2:48:10 - split up the dataset into 90 training examples and 10 test examples
INFO - 11/11/25 12:32:50 - 2:48:10 - ============ Start of generation 16 ============
INFO - 11/11/25 12:32:50 - 2:48:10 - Memory allocated:  43.97MB, reserved: 7648.00MB
INFO - 11/11/25 12:32:50 - 2:48:10 - training
INFO - 11/11/25 12:32:50 - 2:48:10 - step 0 | loss 0.4715 | step time 264.08ms
INFO - 11/11/25 12:33:16 - 2:48:36 - step 100 | loss 0.0444 | step time 257.22ms
INFO - 11/11/25 12:33:42 - 2:49:02 - step 200 | loss 0.0421 | step time 257.25ms
INFO - 11/11/25 12:34:07 - 2:49:27 - step 300 | loss 0.0434 | step time 257.31ms
INFO - 11/11/25 12:34:33 - 2:49:53 - step 400 | loss 0.0413 | step time 257.20ms
INFO - 11/11/25 12:34:59 - 2:50:19 - step 500 | loss 0.0419 | step time 257.26ms
INFO - 11/11/25 12:34:59 - 2:50:19 - step 500 train loss: 0.04231245815753937 test loss: 0.15977711975574493
INFO - 11/11/25 12:34:59 - 2:50:19 - test loss 0.15977711975574493 is the best so far, saving model to /home/yuebi/Project/dim16_run/dim16_run_8/1111/model.pt
INFO - 11/11/25 12:35:25 - 2:50:45 - step 600 | loss 0.0425 | step time 257.23ms
INFO - 11/11/25 12:35:51 - 2:51:10 - step 700 | loss 0.0424 | step time 257.26ms
INFO - 11/11/25 12:36:16 - 2:51:36 - step 800 | loss 0.0421 | step time 257.20ms
INFO - 11/11/25 12:36:42 - 2:52:02 - step 900 | loss 0.0415 | step time 257.28ms
INFO - 11/11/25 12:37:08 - 2:52:28 - step 1000 | loss 0.0418 | step time 257.22ms
INFO - 11/11/25 12:37:08 - 2:52:28 - step 1000 train loss: 0.04210883006453514 test loss: 0.17836947739124298
INFO - 11/11/25 12:37:34 - 2:52:54 - step 1100 | loss 0.0425 | step time 257.23ms
INFO - 11/11/25 12:37:59 - 2:53:19 - step 1200 | loss 0.0426 | step time 257.21ms
INFO - 11/11/25 12:38:25 - 2:53:45 - step 1300 | loss 0.0425 | step time 257.17ms
INFO - 11/11/25 12:38:51 - 2:54:11 - step 1400 | loss 0.0430 | step time 257.26ms
INFO - 11/11/25 12:39:16 - 2:54:36 - Memory allocated:  43.97MB, reserved: 7648.00MB
INFO - 11/11/25 12:39:16 - 2:54:36 - generating
