01001101011,00111101100,01011010101,10011110001,11100001001,00100110111,00111011010,01010111100,11110100010,10010001111,11001010110
01011010011,10010001110,00111100111,11011101001,10010110101,10001111011,10111010000,00101011101,11100000111,01001110100,01110111010
10110111010,00001101111,11100101001,01111100000,01010111100,10111010101,01100010111,11011011011,11010100111,11001110110,11111001110
11001111001,00101001111,01011010010,10110011010,11111000001,11100010110,10011100010,01111101100,01110100011,00010110101,11010001111
00001111001,11001101101,00111100101,00010101110,01100101011,01110011100,10100011111,01001010111,11010110001,11101110010,10011001011
01111001101,11001101011,00010111011,11011010111,10101110101,11111110000,11110100111,11000111100,01101110110,10011101110,10100011010
10010111001,01011001101,11011010011,11111010100,01100110111,11101101001,10001011110,00111111010,11110001010,11011100110,10111000111
01111011000,01001101011,11011100110,10010111001,11110100001,00011010011,10101001010,11101010101,00100110110,00111101101,01010001111
00010111011,10111111100,10000011101,01011001110,11110110110,01001110100,10011100111,01110101101,00101010111,11101101010,11111010001
01011001110,11000101000,01010110001,10001110111,00101101101,10010011101,11110000111,00110111110,11101010100,10111001010,01100011011
10111011001,11000101000,00011100011,11001010111,01011001100,11110010010,10110100101,10010111110,01101110100,10101001110,01100011111
01011010011,00010110111,10011111000,10110010101,11111100110,11000011110,10101110011,11110101011,00111001110,10001001101,01101111101
10101011101,01101101100,01111010110,11011110001,11110001000,10111100011,10011111010,00110111101,01101011011,11100110110,11010001111
10101011001,11000011110,10011110110,00010111001,11110010100,01100110011,00110001111,00101111100,01111001010,11001101101,01011010101
00100011101,11000111110,01110110100,10010010111,01011101111,11011011100,11101000110,00111111010,11110011011,11001110001,10110101101
11001101010,01111011001,01010010010,10111000111,10011110000,10110101010,00101111110,11100011100,01111100100,00010101101,11100110011
10011101101,01110001111,11100010101,11110100001,10011010011,11101001010,01101011001,10100111011,00111110100,01001100111,11010111010
10110010100,01011001110,10000100111,01010111011,00111100101,11011110001,10101011101,10111101010,11110000011,01101110010,11100101100
11011010111,01111011010,10001011011,00110110110,01101110101,01010111101,10111001101,10011110000,11100011100,01001101110,11110100011
01001100101,11110010100,01010110011,10011111000,11100001001,00110101100,01101011010,10000111110,11011100010,00011001111,10101110011
01011010011,10010001110,00111100111,11011101001,10010110101,10001111011,10111010000,00101011101,11100000111,01001110100,01110111010
10110010100,01011001110,10000100111,01010111011,00111100101,11011110001,10101011101,10111101010,11110000011,01101110010,11100101100
10101011001,11000011110,10011110110,00010111001,11110010100,01100110011,00110001111,00101111100,01111001010,11001101101,01011010101
00100011101,11000111110,01110110100,10010010111,01011101111,11011011100,11101000110,00111111010,11110011011,11001110001,10110101101
11001111001,00101001111,01011010010,10110011010,11111000001,11100010110,10011100010,01111101100,01110100011,00010110101,11010001111
01011010011,10010001110,00111100111,11011101001,10010110101,10001111011,10111010000,00101011101,11100000111,01001110100,01110111010
01011001110,11000101000,01010110001,10001110111,00101101101,10010011101,11110000111,00110111110,11101010100,10111001010,01100011011
10101011101,01101101100,01111010110,11011110001,11110001000,10111100011,10011111010,00110111101,01101011011,11100110110,11010001111
01001101011,00111101100,01011010101,10011110001,11100001001,00100110111,00111011010,01010111100,11110100010,10010001111,11001010110
00100011101,11000111110,01110110100,10010010111,01011101111,11011011100,11101000110,00111111010,11110011011,11001110001,10110101101
11001101010,01111011001,01010010010,10111000111,10011110000,10110101010,00101111110,11100011100,01111100100,00010101101,11100110011
01011010011,00010110111,10011111000,10110010101,11111100110,11000011110,10101110011,11110101011,00111001110,10001001101,01101111101
00100011101,11000111110,01110110100,10010010111,01011101111,11011011100,11101000110,00111111010,11110011011,11001110001,10110101101
10101011101,01101101100,01111010110,11011110001,11110001000,10111100011,10011111010,00110111101,01101011011,11100110110,11010001111
10110010100,01011001110,10000100111,01010111011,00111100101,11011110001,10101011101,10111101010,11110000011,01101110010,11100101100
10011101101,01110001111,11100010101,11110100001,10011010011,11101001010,01101011001,10100111011,00111110100,01001100111,11010111010
01011010011,00010110111,10011111000,10110010101,11111100110,11000011110,10101110011,11110101011,00111001110,10001001101,01101111101
10111011001,11000101000,00011100011,11001010111,01011001100,11110010010,10110100101,10010111110,01101110100,10101001110,01100011111
10111011001,11000101000,00011100011,11001010111,01011001100,11110010010,10110100101,10010111110,01101110100,10101001110,01100011111
01011010011,00010110111,10011111000,10110010101,11111100110,11000011110,10101110011,11110101011,00111001110,10001001101,01101111101
10101011101,01101101100,01111010110,11011110001,11110001000,10111100011,10011111010,00110111101,01101011011,11100110110,11010001111
10101011101,01101101100,01111010110,11011110001,11110001000,10111100011,10011111010,00110111101,01101011011,11100110110,11010001111
10111011001,11000101000,00011100011,11001010111,01011001100,11110010010,10110100101,10010111110,01101110100,10101001110,01100011111
10101011101,01101101100,01111010110,11011110001,11110001000,10111100011,10011111010,00110111101,01101011011,11100110110,11010001111
10111011001,11000101000,00011100011,11001010111,01011001100,11110010010,10110100101,10010111110,01101110100,10101001110,01100011111
01111001101,11001101011,00010111011,11011010111,10101110101,11111110000,11110100111,11000111100,01101110110,10011101110,10100011010
01011010011,10010001110,00111100111,11011101001,10010110101,10001111011,10111010000,00101011101,11100000111,01001110100,01110111010
00010111011,10111111100,10000011101,01011001110,11110110110,01001110100,10011100111,01110101101,00101010111,11101101010,11111010001
01011010011,10010001110,00111100111,11011101001,10010110101,10001111011,10111010000,00101011101,11100000111,01001110100,01110111010
10011101101,01110001111,11100010101,11110100001,10011010011,11101001010,01101011001,10100111011,00111110100,01001100111,11010111010
00010111011,10111111100,10000011101,01011001110,11110110110,01001110100,10011100111,01110101101,00101010111,11101101010,11111010001
00100011101,11000111110,01110110100,10010010111,01011101111,11011011100,11101000110,00111111010,11110011011,11001110001,10110101101
01011010011,00010110111,10011111000,10110010101,11111100110,11000011110,10101110011,11110101011,00111001110,10001001101,01101111101
00100011101,11000111110,01110110100,10010010111,01011101111,11011011100,11101000110,00111111010,11110011011,11001110001,10110101101
11001101010,01111011001,01010010010,10111000111,10011110000,10110101010,00101111110,11100011100,01111100100,00010101101,11100110011
00001111001,11001101101,00111100101,00010101110,01100101011,01110011100,10100011111,01001010111,11010110001,11101110010,10011001011
01011001110,11000101000,01010110001,10001110111,00101101101,10010011101,11110000111,00110111110,11101010100,10111001010,01100011011
11011010111,01111011010,10001011011,00110110110,01101110101,01010111101,10111001101,10011110000,11100011100,01001101110,11110100011
01001100101,11110010100,01010110011,10011111000,11100001001,00110101100,01101011010,10000111110,11011100010,00011001111,10101110011
01111001101,11001101011,00010111011,11011010111,10101110101,11111110000,11110100111,11000111100,01101110110,10011101110,10100011010
11001101010,01111011001,01010010010,10111000111,10011110000,10110101010,00101111110,11100011100,01111100100,00010101101,11100110011
01011010011,00010110111,10011111000,10110010101,11111100110,11000011110,10101110011,11110101011,00111001110,10001001101,01101111101
11001111001,00101001111,01011010010,10110011010,11111000001,11100010110,10011100010,01111101100,01110100011,00010110101,11010001111
10101011101,01101101100,01111010110,11011110001,11110001000,10111100011,10011111010,00110111101,01101011011,11100110110,11010001111
00100011101,11000111110,01110110100,10010010111,01011101111,11011011100,11101000110,00111111010,11110011011,11001110001,10110101101
10111011001,11000101000,00011100011,11001010111,01011001100,11110010010,10110100101,10010111110,01101110100,10101001110,01100011111
10101011001,11000011110,10011110110,00010111001,11110010100,01100110011,00110001111,00101111100,01111001010,11001101101,01011010101
01011001110,11000101000,01010110001,10001110111,00101101101,10010011101,11110000111,00110111110,11101010100,10111001010,01100011011
01111001101,11001101011,00010111011,11011010111,10101110101,11111110000,11110100111,11000111100,01101110110,10011101110,10100011010
01011010011,10010001110,00111100111,11011101001,10010110101,10001111011,10111010000,00101011101,11100000111,01001110100,01110111010
10011101101,01110001111,11100010101,11110100001,10011010011,11101001010,01101011001,10100111011,00111110100,01001100111,11010111010
01011001110,11000101000,01010110001,10001110111,00101101101,10010011101,11110000111,00110111110,11101010100,10111001010,01100011011
11001111001,00101001111,01011010010,10110011010,11111000001,11100010110,10011100010,01111101100,01110100011,00010110101,11010001111
10101011101,01101101100,01111010110,11011110001,11110001000,10111100011,10011111010,00110111101,01101011011,11100110110,11010001111
10101011101,01101101100,01111010110,11011110001,11110001000,10111100011,10011111010,00110111101,01101011011,11100110110,11010001111
00010111011,10111111100,10000011101,01011001110,11110110110,01001110100,10011100111,01110101101,00101010111,11101101010,11111010001
10010111001,01011001101,11011010011,11111010100,01100110111,11101101001,10001011110,00111111010,11110001010,11011100110,10111000111
11001111001,00101001111,01011010010,10110011010,11111000001,11100010110,10011100010,01111101100,01110100011,00010110101,11010001111
00001111001,11001101101,00111100101,00010101110,01100101011,01110011100,10100011111,01001010111,11010110001,11101110010,10011001011
10010111001,01011001101,11011010011,11111010100,01100110111,11101101001,10001011110,00111111010,11110001010,11011100110,10111000111
00100011101,11000111110,01110110100,10010010111,01011101111,11011011100,11101000110,00111111010,11110011011,11001110001,10110101101
10011101101,01110001111,11100010101,11110100001,100110011101001011101001010,1001101,10011110111011,00111110100,01001100111,11010111010
00100011101,11000111110,01110110100,10010010111,01011101111,11011011100,11101000110,00111111010,11110011011,11001110001,10110101101
01011010011,00010110111,10011111000,10110010101,11111100110,11000011110,10101110011,11110101011,00111001110,10001001101,01101111101
01011010011,10010001110,00111100111,11011101001,10010110101,10001111011,10111010000,00101011101,11100000111,01001110100,01110111010
01011010011,00010110111,10011111000,10110010101,11111100110,11000011110,10101110011,11110101011,00111001110,10001001101,01101111101
11001101010,01111011001,01010010010,10111000111,10011110000,10110101010,00101111110,11100011100,01111100100,00010101101,11100110011
10010111001,01011001101,11011010011,11111010100,1001111000,11101101001,10,100111110110101010,10,111101,11010,0110,10111000111
00010111011,10111111100,10000011101,01011001110,11110110110,01001110100,10011100111,01110101101,00101010111,11101101010,11111010001
10011101101,01110001111,11100010101,11110100001,10011010011,11101001010,01101011001,10100111011,00111110100,01001100111,11010111010
10011101101,01110001111,11100010101,11110100001,10011010011,11101001010,01101011001,10100111011,00111110100,01001100111,11010111010
01111001101,11001101011,00010111011,11011010111,10101110101,11111110000,11110100111,11000111100,01101110110,10011101110,10100011010
00100011101,11000111110,01110110100,10010010111,01011101111,11011011100,11101000110,00111111010,11110011011,11001110001,10110101101
10101011001,11000011110,10011110110,00010111001,11110010100,01100110011,00110001111,00101111100,01111001010,11001101101,01011010101
10111011001,11000101000,00011100011,11001010111,01011001100,11110010010,10110100101,10010111110,01101110100,10101001110,01100011111
01011010011,00010110111,10011111000,10110010101,11111100110,11000011110,10101110011,11110101011,00111001110,10001001101,01101111101
00001111001,11001101101,00111100101,00010101110,01100101011,01110011100,10100011111,01001010111,11010110001,11101110010,10011001011
10110010100,01011001110,10000100111,01010111011,00111100101,11011110001,10101011101,10111101010,11110000011,01101110010,11100101100
10011101101,01110001111,11100010101,11110100001,10011010011,11101001010,01101011001,10100111011,00111110100,01001100111,11010111010
10110010100,01011001110,10000100111,01010111011,00111100101,11011110001,10101011101,10111101010,11110000011,01101110010,11100101100
10011101101,01110001111,11100010101,11110100001,10011010011,11101001010,01101011001,10100111011,00111110100,01001100111,11010111010
01011010011,00010110111,10011111000,10110010101,11111100110,11000011110,10101110011,11110101011,00111001110,10001001101,01101111101
00100011101,11000111110,01110110100,10010010111,01011101111,11011011100,11101000110,00111111010,11110011011,11001110001,10110101101
01001100101,11110010100,01010110011,10011111000,11100001001,00110101100,01101011010,10000111110,11011100010,00011001111,10101110011
00100011101,11000111110,01110110100,10010010111,01011101111,11011011100,11101000110,00111111010,11110011011,11001110001,10110101101
11001101010,01111011001,01010010010,10111000111,10011110000,10110101010,00101111110,11100011100,01111100100,00010101101,11100110011
01011010011,10010001110,00111100111,11011101001,10010110101,10001111011,10111010000,00101011101,11100000111,01001110100,01110111010
10110010100,01011001110,10000100111,01010111011,00111100101,11011110001,10101011101,10111101010,11110000011,01101110010,11100101100
00001111001,11001101101,00111100101,00010101110,01100101011,01110011100,10100011111,01001010111,11010110001,11101110010,10011001011
01011010011,10010001110,00111100111,11011101001,10010110101,10001111011,10111010000,00101011101,11100000111,01001110100,01110111010
00001111001,11001101101,00111100101,00010101110,01100101011,01110011100,10100011111,01001010111,11010110001,11101110010,10011001011
01011001110,11000101000,01010110001,10001110111,00101101101,10010011101,11110000111,00110111110,11101010100,10111001010,01100011011
10110010100,01011001110,10000100111,01010111011,00111100101,11011110001,10101011101,10111101010,11110000011,01101110010,11100101100
10110010100,01011001110,10000100111,01010111011,00111100101,11011110001,10101011101,10111101010,11110000011,01101110010,11100101100
10101011101,01101101100,01111010110,11011110001,11110001000,10111100011,10011111010,00110111101,01101011011,11100110110,11010001111
10110010100,01011001110,10000100111,01010111011,00111100101,11011110001,10101011101,10111101010,11110000011,01101110010,11100101100
10101011101,01101101100,01111010110,11011110001,11110001000,10111100011,10011111010,00110111101,01101011011,11100110110,11010001111
01111001101,11001101011,00010111011,11011010111,10101110101,11111110000,11110100111,11000111100,01101110110,10011101110,10100011010
10011101101,01110001111,11100010101,11110100001,10011010011,11101001010,01101011001,10100111011,00111110100,01001100111,11010111010
01011010011,00010110111,10011111000,10110010101,11111100110,11000011110,10101110011,11110101011,00111001110,10001001101,01101111101
11001101010,01111011001,01010010010,10111000111,10011110000,10110101010,00101111110,11100011100,01111100100,00010101101,11100110011
10111011001,11000101000,00011100011,11001010111,01011001100,11110010010,10110100101,10010111110,01101110100,10101001110,01100011111
00100011101,11000111110,01110110100,10010010111,01011101111,11011011100,11101000110,00111111010,11110011011,11001110001,10110101101
01011010011,10010001110,00111100111,11011101001,10010110101,10001111011,10111010000,00101011101,11100000111,01001110100,01110111010
10010111001,01011001101,11011010011,11111010100,01100110111,11101101001,10001011110,00111111010,11110001010,11011100110,10111000111
00001111001,11001101101,00111100101,00010101110,01100101011,01110011100,10100011111,01001010111,11010110001,11101110010,10011001011
00010111011,10111111100,10000011101,01011001110,11110110110,01001110100,10011100111,01110101101,00101010111,11101101010,11111010001
11011010111,01111011010,10001011011,00110110110,01101110101,01010111101,10111001101,10011110000,11100011100,01001101110,11110100011
01011010011,10010001110,00111100111,1101110101001,10010110101,10001111011,10111010000,00101011101,11100000111,01001110100,01110111010
11001101010,01111011001,01010010010,10111000111,10011110000,10110101010,00101111110,11100011100,01111100100,00010101101,11100110011
10101011001,11000011110,10011110110,00010111001,11110010100,01100110011,00110001111,00101111100,01111001010,11001101101,01011010101
01001101011,00111101100,01011010101,10011110001,11100001001,00100110111,00111011010,01010111100,11110100010,10010001111,11001010110
01011010011,00010110111,10011111000,10110010101,11111100110,11000011110,10101110011,11110101011,00111001110,10001001101,01101111101
10010111001,01011001101,11011010011,11111010100,01100110111,11101101001,10001011110,00111111010,11110001010,11011100110,10111000111
00001111001,11001101101,00111100101,00010101110,01100101011,01110011100,10100011111,01001010111,11010110001,11101110010,10011001011
00010111011,10111111100,10000011101,01011001110,11110110110,01001110100,10011100111,01110101101,00101010111,11101101010,11111010001
10101011101,01101101100,01111010110,11011110001,11110001000,10111100011,10011111010,00110111101,01101011011,11100110110,11010001111
01011001110,11000101000,01010110001,10001110111,00101101101,10010011101,11110000111,00110111110,11101010100,10111001010,01100011011
10010111001,01011001101,11011010011,11111010100,01100110111,11101101001,10001011110,00111111010,11110001010,11011100110,10111000111
00100011101,11000111110,01110110100,10010010111,01011101111,11011011100,11101000110,00111111010,11110011011,11001110001,10110101101
00100011101,11000111110,01110110100,10010010111,01011101111,11011011100,11101000110,00111111010,11110011011,11001110001,10110101101
10010111001,01011001101,11011010011,11111010100,01100110111,11101101001,10001011110,00111111010,11110001010,11011100110,10111000111
01011010011,10010001110,00111100111,11011101001,10010110101,10001111011,10111010000,00101011101,11100000111,01001110100,01110111010
01011010011,00010110111,10011111000,10110010101,11111100110,11000011110,10101110011,11110101011,00111001110,10001001101,01101111101
11001111001,00101001111,01011010010,10110011010,11111000001,11100010110,10011100010,01111101100,01110100011,00010110101,11010001111
10101011001,11000011110,10011110110,00010111001,11110010100,01100110011,00110001111,00101111100,01111001010,11001101101,01011010101
01001100101,11110010100,01010110011,10011111000,11100001001,00110101100,01101011010,10000111110,11011100010,00011001111,10101110011
01011010011,00010110111,10011111000,10110010101,11111100110,11000011110,10101110011,11110101011,00111001110,10001001101,01101111101
00100011101,11000111110,01110110100,10010010111,01011101111,11011011100,11101000110,00111111010,11110011011,11001110001,10110101101
11001101010,01111011001,01010010010,10111000111,10011110000,10110101010,00101111110,11100011100,01111100100,00010101101,11100110011
01001100101,11110010100,01010110011,10011111000,11100001001,00110101100,01101011010,10000111110,11011100010,00011001111,10101110011
01001101011,00111101100,01011010101,10011110001,11100001001,00100110111,00111011010,01010111100,11110100010,10010001111,11001010110
10101011001,11000011110,10011110110,00010111001,11110010100,01100110011,00110001111,00101111100,01111001010,11001101101,01011010101
10110010100,01011001110,10000100111,01010111011,00111100101,11011110001,10101011101,10111101010,11110000011,01101110010,11100101100
01011010011,10010001110,00111100111,11011101001,10010110101,10001111011,10111010000,00101011101,11100000111,01001110100,01110111010
01011010011,00010110111,10011111000,10110010101,11111100110,11000011110,10101110011,11110101011,00111001110,10001001101,01101111101
01011010011,00010110111,10011111000,10110010101,11111100110,11000011110,10101110011,11110101011,00111001110,10001001101,01101111101
10111011001,11000101000,00011100011,11001010111,01011001100,11110010010,10110100101,10010111110,01101110100,10101001110,01100011111
11001101010,01111011001,01010010010,10111000111,10011110000,10110101010,00101111110,11100011100,01111100100,00010101101,11100110011
01001100101,11110010100,01010110011,10011111000,11100001001,00110101100,01101011010,10000111110,11011100010,00011001111,10101110011
11001101010,01111011001,01010010010,10111000111,10011110000,10110101010,00101111110,11100011100,01111100100,00010101101,11100110011
10101011001,11000011110,10011110110,00010111001,11110010100,01100110011,00110001111,00101111100,01111001010,11001101101,01011010101
00001111001,11001101101,00111100101,00010101110,01100101011,01110011100,10100011111,01001010111,11010110001,11101110010,10011001011
10110010100,01011001110,10000100111,01010111011,00111100101,11011110001,10101011101,10111101010,11110000011,01101110010,11100101100
10010111001,01011001101,11011010011,11111010100,01100110111,11101101001,10001011110,00111111010,11110001010,11011100110,10111000111
10110010100,01011001110,10000100111,01010111011,00111100101,11011110001,10101011101,10111101010,11110000011,01101110010,11100101100
01111001101,11001101011,00010111011,11011010111,10101110101,11111110000,11110100111,11000111100,01101110110,10011101110,10100011010
00100011101,11000111110,01110110100,10010010111,01011101111,11011011100,11101000110,00111111010,11110011011,11001110001,10110101101
01011001110,11000101000,01010110001,10001110111,00101101101,10010011101,11110000111,00110111110,11101010100,10111001010,01100011011
00100011101,11000111110,01110110100,10010010111,01011101111,11011011100,11101000110,00111111010,11110011011,11001110001,10110101101
00001111001,11001101101,00111100101,00010101110,01100101011,01110011100,10100011111,01001010111,11010110001,11101110010,10011001011
01001101011,00111101100,01011010101,10011110001,11100001001,00100110111,00111011010,01010111100,11110100010,10010001111,11001010110
00001111001,11001101101,00111100101,00010101110,01100101011,01110011100,10100011111,01001010111,11010110001,11101110010,10011001011
11001101010,01111011001,01010010010,10111000111,10011110000,10110101010,00101111110,11100011100,01111100100,00010101101,11100110011
00100011101,11000111110,01110110100,10010010111,01011101111,11011011100,11101000110,00111111010,11110011011,11001110001,10110101101
10111011001,11000101000,00011100011,11001010111,01011001100,11110010010,10110100101,10010111110,01101110100,10101001110,01100011111
10101011101,01101101100,01111010110,11011110001,11110001000,10111100011,10011111010,00110111101,01101011011,11100110110,11010001111
00100011101,11000111110,01110110100,10010010111,01011101111,11011011100,11101000110,00111111010,11110011011,11001110001,10110101101
00100011101,11000111110,01110110100,10010010111,01011101111,11011011100,11101000110,00111111010,11110011011,11001110001,10110101101
01111001101,11001101011,00010111011,11011010111,10101110101,11111110000,11110100111,11000111100,01101110110,10011101110,10100011010
01111001101,11001101011,00010111011,11011010111,10101110101,11111110000,11110100111,11000111100,01101110110,10011101110,10100011010
01011010011,00010110111,10011111000,10110010101,11111100110,11000011110,10101110011,11110101011,00111001110,10001001101,01101111101
01111001101,11001101011,00010111011,11011010111,10101110101,11111110000,11110100111,11000111100,01101110110,10011101110,10100011010
00100011101,11000111110,01110110100,10010010111,01011101111,11011011100,11101000110,00111111010,11110011011,11001110001,10110101101
11001101010,01111011001,01010010010,10111000111,10011110000,10110101010,00101111110,11100011100,01111100100,00010101101,11100110011
01011010011,10010001110,00111100111,11011101001,10010110101,10001111011,10111010000,00101011101,11100000111,01001110100,01110111010
10110010100,01011001110,10000100111,01010111011,00111100101,11011110001,10101011101,10111101010,11110000011,01101110010,11100101100
01011001110,11000101000,01010110001,10001110111,00101101101,10010011101,11110000111,00110111110,11101010100,10111001010,01100011011
10111011001,11000101000,00011100011,11001010111,01011001100,11110010010,10110100101,10010111110,01101110100,10101001110,01100011111
01011010011,00010110111,10011111000,10110010101,11111100110,11000011110,10101110011,11110101011,00111001110,10001001101,01101111101
01011001110,11000101000,01010110001,10001110111,00101101101,10010011101,11110000111,00110111110,11101010100,10111001010,01100011011
10101011101,01101101100,01111010110,11011110001,11110001000,10111100011,10011111010,00110111101,01101011011,11100110110,11010001111
10010111001,01011001101,11011010011,11111010100,01100110111,11101101001,10001011110,00111111010,11110001010,11011100110,10111000111
01011010011,00101001,10110001110110,10011110011,11110000101011,01101,,100111,10111011000,0011101110111011,110011011,0,100,10111010
01011010011,10010001110,00111100111,11011101001,10010110101,10001111011,10111010000,00101011101,11100000111,01001110100,01110111010
01011010011,10010001110,00111100111,11011101001,10010110101,10001111011,10111010000,00101011101,11100000111,01001110100,01110111010
11001101010,01111011001,01010010010,10111000111,10011110000,10110101010,00101111110,11100011100,01111100100,00010101101,11100110011
10101011001,11000011110,10011110110,00010111001,11110010100,01100110011,00110001111,00101111100,01111001010,11001101101,01011010101
01011010011,10010001110,00111100111,11011101001,10010110101,10001111011,10111010000,00101011101,11100000111,01001110100,01110111010
01011001110,11000101000,01010110001,10001110111,00101101101,10010011101,11110000111,00110111110,11101010100,10111001010,01100011011
01001101011,00111101100,01011010101,10011110001,11100001001,00100110111,00111011010,01010111100,11110100010,10010001111,11001010110
01011010011,00010110111,10011111000,10110010101,11111100110,11000011110,10101110011,11110101011,00111001110,10001001101,01101111101
00010111011,10111111100,10000011101,01011001110,11110110110,01001110100,10011100111,01110101101,00101010111,11101101010,11111010001
10111011001,11000101000,00011100011,11001010111,01011001100,11110010010,10110100101,10010111110,01101110100,10101001110,01100011111
00010111011,10111111100,10000011101,01011001110,11110110110,01001110100,10011100111,01110101101,00101010111,11101101010,11111010001
01011010011,10010001110,00111100111,11011101001,10010110101,10001111011,10111010000,00101011101,11100000111,01001110100,01110111010
10101011001,11000011110,10011110110,00010111001,11110010100,01100110011,00110001111,00101111100,01111001010,11001101101,01011010101
00001111001,11001101101,00111100101,00010101110,01100101011,01110011100,10100011111,01001010111,11010110001,11101110010,10011001011
10101011001,11000011110,10011110110,00010111001,11110010100,01100110011,00110001111,00101111100,01111001010,11001101101,01011010101
11001111001,00101001111,01011010010,10110011010,11111000001,11100010110,10011100010,01111101100,01110100011,00010110101,11010001111
10110010100,01011001110,10000100111,01010111011,00111100101,11011110001,10101011101,10111101010,11110000011,01101110010,11100101100
10010111001,01011001101,11011010011,11111010100,01100110111,11101101001,10001011110,00111111010,11110001010,11011100110,10111000111
10010111001,01011001101,11011010011,11111010100,01100110111,11101101001,10001011110,00111111010,11110001010,11011100110,10111000111
11011010111,01111011010,10001011011,00110110110,01101110101,01010111101,10111001101,10011110000,11100011100,01001101110,11110100011
10111011001,11000101000,00011100011,11001010111,01011001100,11110010010,10110100101,10010111110,01101110100,10101001110,01100011111
01111001101,11001101011,00010111011,11011010111,10101110101,11111110000,11110100111,11000111100,01101110110,10011101110,10100011010
10011101101,01110001111,11100010101,11110100001,10011010011,11101001010,01101011001,10100111011,00111110100,01001100111,11010111010
10010111001,01011001101,11011010011,11111010100,01100110111,11101101001,10001011110,00111111010,11110001010,11011100110,10111000111
00100011101,11000111110,01110110100,10010010111,01011101111,11011011100,11101000110,00111111010,11110011011,11001110001,10110101101
10110010100,01011001110,10000100111,01010111011,00111100101,11011110001,10101011101,10111101010,11110000011,01101110010,11100101100
11001111001,00101001111,01011010010,10110011010,11111000001,11100010110,10011100010,01111101100,01110100011,00010110101,11010001111
01011010011,10010001110,00111100111,11011101001,10010110101,10001111011,10111010000,00101011101,11100000111,01001110100,01110111010
10010111001,01011001101,11011010011,11111010100,01100110111,11101101001,10001011110,00111111010,11110001010,11011100110,10111000111
10101011101,01101101100,01111010110,11011110001,11110001000,10111100011,10011111010,00110111101,01101011011,11100110110,11010001111
11001101010,01111011001,01010010010,10111000111,10011110000,10110101010,00101111110,11100011100,01111100100,00010101101,11100110011
01111001101,11001101011,00010111011,11011010111,10101110101,11111110000,11110100111,11000111100,01101110110,10011101110,10100011010
10011101101,01110001111,11100010101,11110100001,10011010011,11101001010,01101011001,10100111011,00111110100,01001100111,11010111010
10110010100,01011001110,10000100111,01010111011,00111100101,11011110001,10101011101,10111101010,11110000011,01101110010,11100101100
10011101101,01110001111,11100010101,11110100001,10011010011,11101001010,01101011001,10100111011,00111110100,01001100111,11010111010
01001100101,11110010100,01010110011,10011111000,11100001001,00110101100,01101011010,10000111110,11011100010,00011001111,10101110011
10101011001,11000011110,10011110110,00010111001,11110010100,01100110011,00110001111,00101111100,01111001010,11001101101,01011010101
01001100101,11110010100,01010110011,10011111000,11100001001,00110101100,01101011010,10000111110,11011100010,00011001111,10101110011
01011010011,10010001110,00111100111,11011101001,10010110101,10001111011,10111010000,00101011101,11100000111,01001110100,01110111010
10110010100,01011001110,10000100111,01010111011,00111100101,11011110001,10101011101,10111101010,11110000011,01101110010,11100101100
10101011001,11000011110,10011110110,00010111001,11110010100,01100110011,00110001111,00101111100,01111001010,11001101101,01011010101
00100011101,11000111110,01110110100,10010010111,01011101111,11011011100,11101000110,00111111010,11110011011,11001110001,10110101101
10011101101,01110001111,11100010101,11110100001,10011010011,11101001010,01101011001,10100111011,00111110100,01001100111,11010111010
00001111001,11001101101,00111100101,00010101110,01100101011,01110011100,10100011111,01001010111,11010110001,11101110010,10011001011
11001111001,00101001111,01011010010,10110011010,11111000001,11100010110,10011100010,01111101100,01110100011,00010110101,11010001111
10110010100,01011001110,10000100111,01010111011,00111100101,11011110001,10101011101,10111101010,11110000011,01101110010,11100101100
00100011101,11000111110,01110110100,10010010111,01011101111,11011011100,11101000110,00111111010,11110011011,11001110001,10110101101
00001111001,11001101101,00111100101,00010101110,01100101011,01110011100,10100011111,01001010111,11010110001,11101110010,10011001011
10101011101,01101101100,01111010110,11011110001,11110001000,10111100011,10011111010,00110111101,01101011011,11100110110,11010001111
01001101011,00111101100,01011010101,10011110001,11100001001,00100110111,00111011010,01010111100,11110100010,10010001111,11001010110
01111001101,11001101011,00010111011,11011010111,10101110101,11111110000,11110100111,11000111100,01101110110,10011101110,10100011010
00100011101,11000111110,01110110100,10010010111,01011101111,11011011100,11101000110,00111111010,11110011011,11001110001,10110101101
00100011101,11000111110,01110110100,10010010111,01011101111,11011011100,11101000110,00111111010,11110011011,11001110001,10110101101
01111001101,11001101011,00010111011,11011010111,10101110101,11111110000,11110100111,11000111100,01101110110,10011101110,10100011010
01011010011,00010110111,10011111000,10110010101,11111100110,11000011110,10101110011,11110101011,00111001110,10001001101,01101111101
10101011001,11000011110,10011110110,00010111001,11110010100,01100110011,00110001111,00101111100,01111001010,11001101101,01011010101
10110010100,01011001110,10000100111,01010111011,00111100101,11011110001,10101011101,10111101010,11110000011,01101110010,11100101100
10010111001,01011001101,11011010011,11111010100,01100110111,11101101001,10001011110,00111111010,11110001010,11011100110,10111000111
10010111001,01011001101,11011010011,11111010100,01100110111,11101101001,10001011110,00111111010,11110001010,11011100110,10111000111
00010111011,10111111100,10000011101,01011001110,11110110110,01001110100,10011100111,01110101101,00101010111,11101101010,11111010001
01011001110,11000101000,01010110001,10001110111,00101101101,10010011101,11110000111,00110111110,11101010100,10111001010,01100011011
01001100101,11110010100,01010110011,10011111000,11100001001,00110101100,01101011010,10000111110,11011100010,00011001111,10101110011
01001100101,11110010100,01010110011,10011111000,11100001001,00110101100,01101011010,10000111110,11011100010,00011001111,10101110011
01001101011,00111101100,01011010101,10011110001,11100001001,00100110111,00111011010,01010111100,11110100010,10010001111,11001010110
00100011101,11000111110,01110110100,10010010111,01011101111,11011011100,11101000110,00111111010,11110011011,11001110001,10110101101
10111011001,11000101000,00011100011,11001010111,01011001100,11110010010,10110100101,10010111110,01101110100,10101001110,01100011111
01111001101,11001101011,00010111011,11011010111,10101110101,11111110000,11110100111,11000111100,01101110110,10011101110,10100011010
00001111001,11001101101,00111100101,00010101110,01100101011,01110011100,10100011111,01001010111,11010110001,11101110010,10011001011
10111011001,11000101000,00011100011,11001010111,01011001100,11110010010,10110100101,10010111110,01101110100,10101001110,01100011111
11001101010,01111011001,01010010010,10111000111,10011110000,10110101010,00101111110,11100011100,01111100100,00010101101,11100110011
10010111001,01011001101,11011010011,11111010100,01100110111,11101101001,10001011110,00111111010,11110001010,11011100110,10111000111
11011010111,01111011010,10001011011,00110110110,01101110101,01010111101,10111001101,10011110000,11100011100,01001101110,11110100011
01001100101,11110010100,01010110011,10011111000,11100001001,00110101100,01101011010,10000111110,11011100010,00011001111,10101110011
11011010111,01111011010,10001011011,00110110110,01101110101,01010111101,10111001101,10011110000,11100011100,01001101110,11110100011
00100011101,11000111110,01110110100,10010010111,01011101111,11011011100,11101000110,00111111010,11110011011,11001110001,10110101101
10011101101,01110001111,11100010101,11110100001,10011010011,11101001010,01101011001,10100111011,00111110100,01001100111,11010111010
10010111001,01011001101,11011010011,11111010100,01100110111,11101101001,10001011110,00111111010,11110001010,11011100110,10111000111
10010111001,01011001101,11011010011,11111010100,01100110111,11101101001,10001011110,00111111010,11110001010,11011100110,10111000111
11001101010,01111011001,01010010010,10111000111,10011110000,10110101010,00101111110,11100011100,01111100100,00010101101,11100110011
01001101011,00111101100,01011010101,10011110001,11100001001,00100110111,00111011010,01010111100,11110100010,10010001111,11001010110
01011010011,00010110111,10011111000,10110010101,11111100110,11000011110,10101110011,11110101011,00111001110,10001001101,01101111101
01001100101,11110010100,01010110011,10011111000,11100001001,00110101100,01101011010,10000111110,11011100010,00011001111,10101110011
11001111001,00101001111,01011010010,10110011010,11111000001,11100010110,10011100010,01111101100,01110100011,00010110101,11010001111
00010111011,10111111100,10000011101,01011001110,11110110110,01001110100,10011100111,01110101101,00101010111,11101101010,11111010001
00010111011,10111111100,10000011101,01011001110,11110110110,01001110100,10011100111,01110101101,00101010111,11101101010,11111010001
00001111001,11001101101,00111100101,00010101110,01100101011,01110011100,10100011111,01001010111,11010110001,11101110010,10011001011
01011010011,00010110111,10011111000,10110010101,11111100110,11000011110,10101110011,11110101011,00111001110,10001001101,01101111101
01111001101,11001101011,00010111011,11011010111,10101110101,11111110000,11110100111,11000111100,01101110110,10011101110,10100011010
01001100101,11110010100,01010110011,10011111000,11100001001,00110101100,01101011010,10000111110,11011100010,00011001111,10101110011
00100011101,11000111110,01110110100,10010010111,01011101111,11011011100,11101000110,00111111010,11110011011,11001110001,10110101101
10011101101,01110001111,11100010101,11110100001,10011010011,11101001010,01101011001,10100111011,00111110100,01001100111,11010111010
00100011101,11000111110,01110110100,10010010111,01011101111,11011011100,11101000110,00111111010,11110011011,11001110001,10110101101
01001100101,11110010100,01010110011,10011111000,11100001001,00110101100,01101011010,10000111110,11011100010,00011001111,10101110011
10101011001,11000011110,10011110110,00010111001,11110010100,01100110011,00110001111,00101111100,01111001010,11001101101,01011010101
11001111001,00101001111,01011010010,10110011010,11111000001,11100010110,10011100010,01111101100,01110100011,00010110101,11010001111
00010111011,10111111100,10000011101,01011001110,11110110110,01001110100,10011100111,01110101101,00101010111,11101101010,11111010001
01001100101,11110010100,01010110011,10011111000,11100001001,00110101100,01101011010,10000111110,11011100010,00011001111,10101110011
01011001110,11000101000,01010110001,10001110111,00101101101,10010011101,11110000111,00110111110,11101010100,10111001010,01100011011
01011010011,10010001110,00111100111,11011101001,10010110101,10001111011,10111010000,00101011101,11100000111,01001110100,01110111010
01001100101,11110010100,01010110011,10011111000,11100001001,00110101100,01101011010,10000111110,11011100010,00011001111,10101110011
01111001101,11001101011,00010111011,11011010111,10101110101,11111110000,11110100111,11000111100,01101110110,10011101110,10100011010
00001111001,11001101101,00111100101,00010101110,01100101011,01110011100,10100011111,01001010111,11010110001,11101110010,10011001011
01011010011,00010110111,10011111000,10110010101,11111100110,11000011110,10101110011,11110101011,00111001110,10001001101,01101111101
01001100101,11110010100,01010110011,10011111000,11100001001,00110101100,01101011010,10000111110,11011100010,00011001111,10101110011
11001111001,00101001111,01011010010,10110011010,11111000001,11100010110,10011100010,01111101100,01110100011,00010110101,11010001111
01011010011,00010110111,10011111000,10110010101,11111100110,11000011110,10101110011,11110101011,00111001110,10001001101,01101111101
00001111001,11001101101,00111100101,00010101110,01100101011,01110011100,10100011111,01001010111,11010110001,11101110010,10011001011
00010111011,10111111100,10000011101,01011001110,11110110110,01001110100,10011100111,01110101101,00101010111,11101101010,11111010001
00100011101,11000111110,01110110100,10010010111,01011101111,11011011100,11101000110,00111111010,11110011011,11001110001,10110101101
11001101010,01111011001,01010010010,10111000111,10011110000,10110101010,00101111110,11100011100,01111100100,00010101101,11100110011
00001111001,11001101101,00111100101,00010101110,01100101011,01110011100,10100011111,01001010111,11010110001,11101110010,10011001011
10110010100,01011001110,10000100111,01010111011,00111100101,11011110001,10101011101,10111101010,11110000011,01101110010,11100101100
11001101010,01111011001,01010010010,10111000111,10011110000,10110101010,00101111110,11100011100,01111100100,00010101101,11100110011
10101011101,01101101100,01111010110,11011110001,11110001000,10111100011,10011111010,00110111101,01101011011,11100110110,11010001111
10010111001,01011001101,11011010011,11111010100,01100110111,11101101001,10001011110,00111111010,11110001010,11011100110,10111000111
01001101011,00111101100,01011010101,10011110001,11100001001,00100110111,00111011010,01010111100,11110100010,10010001111,11001010110
10110010100,01011001110,10000100111,01010111011,00111100101,11011110001,10101011101,10111101010,11110000011,01101110010,11100101100
01011010011,00010110111,10011111000,10110010101,11111100110,11000011110,10101110011,11110101011,00111001110,10001001101,01101111101
01001100101,11110010100,01010110011,10011111000,11100001001,00110101100,01101011010,10000111110,11011100010,00011001111,10101110011
11001111001,00101001111,01011010010,10110011010,11111000001,11100010110,10011100010,01111101100,01110100011,00010110101,11010001111
00001111001,11001101101,00111100101,00010101110,01100101011,01110011100,10100011111,01001010111,11010110001,11101110010,10011001011
00100011101,11000111110,01110110100,10010010111,01011101111,11011011100,11101000110,00111111010,11110011011,11001110001,10110101101
11001101010,01111011001,01010010010,10111000111,10011110000,10110101010,00101111110,11100011100,01111100100,00010101101,11100110011
01111001101,11001101011,00010111011,11011010111,10101110101,11111110000,11110100111,11000111100,01101110110,10011101110,10100011010
01011010011,00010110111,10011111000,10110010101,11111100110,11000011110,10101110011,11110101011,00111001110,10001001101,01101111101
10011101101,01110001111,11100010101,11110100001,10011010011,11101001010,01101011001,10100111011,00111110100,01001100111,11010111010
00100011101,11000111110,01110110100,10010010111,01011101111,11011011100,11101000110,00111111010,11110011011,11001110001,10110101101
01011010011,10010001110,00111100111,11011101001,10010110101,10001111011,10111010000,00101011101,11100000111,01001110100,01110111010
00010111011,10111111100,10000011101,01011001110,11110110110,01001110100,10011100111,01110101101,00101010111,11101101010,11111010001
01111001101,11001101011,00010111011,11011010111,10101110101,11111110000,11110100111,11000111100,01101110110,10011101110,10100011010
10011101101,01110001111,11100010101,11110100001,10011010011,11101001010,01101011001,10100111011,00111110100,01001100111,11010111010
01011010011,00010110111,10011111000,10110010101,11111100110,11000011110,10101110011,11110101011,00111001110,10001001101,01101111101
01011010011,00010110111,10011111000,10110010101,11111100110,11000011110,10101110011,11110101011,00111001110,10001001101,01101111101
10101011101,01101101100,01111010110,11011110001,11110001000,10111100011,10011111010,00110111101,01101011011,11100110110,11010001111
01001100101,11110010100,01010110011,10011111000,11100001001,00110101100,01101011010,10000111110,11011100010,00011001111,10101110011
10111011001,11000101000,00011100011,11001010111,01011001100,11110010010,10110100101,10010111110,01101110100,10101001110,01100011111
01001101011,00111101100,01011010101,10011110001,11100001001,00100110111,00111011010,01010111100,11110100010,10010001111,11001010110
01011010011,10010001110,00111100111,11011101001,10010110101,10001111011,10111010000,00101011101,11100000111,01001110100,01110111010
01011001110,11000101000,01010110001,10001110111,00101101101,10010011101,11110000111,00110111110,11101010100,10111001010,01100011011
01001100101,11110010100,01010110011,10011111000,11100001001,00110101100,01101011010,10000111110,11011100010,00011001111,10101110011
01011010011,00010110111,10011111000,10110010101,11111100110,11000011110,10101110011,11110101011,00111001110,10001001101,01101111101
01011010011,10010001110,00111100111,11011101001,10010110101,10001111011,10111010000,00101011101,11100000111,01001110100,01110111010
10101011101,01101101100,01111010110,11011110001,11110001000,10111100011,10011111010,00110111101,01101011011,11100110110,11010001111
00010111011,10111111100,10000011101,01011001110,11110110110,01001110100,10011100111,01110101101,00101010111,11101101010,11111010001
00100011101,11000111110,01110110100,10010010111,01011101111,11011011100,11101000110,00111111010,11110011011,11001110001,10110101101
00010111011,10111111100,10000011101,01011001110,11110110110,01001110100,10011100111,01110101101,00101010111,11101101010,11111010001
10111011001,11000101000,00011100011,11001010111,01011001100,11110010010,10110100101,10010111110,01101110100,10101001110,01100011111
01011010011,10010001110,00111100111,11011101001,10010110101,10001111011,10111010000,00101011101,11100000111,01001110100,01110111010
10110010100,01011001110,10000100111,01010111011,00111100101,11011110001,10101011101,10111101010,11110000011,01101110010,11100101100
10011101101,01110001111,11100010101,11110100001,10011010011,11101001010,01101011001,10100111011,00111110100,01001100111,11010111010
10101011001,11000011110,10011110110,00010111001,11110010100,01100110011,00110001111,00101111100,01111001010,11001101101,01011010101
00001111001,11001101101,00111100101,00010101110,01100101011,01110011100,10100011111,01001010111,11010110001,11101110010,10011001011
11001101010,01111011001,01010010010,10111000111,10011110000,10110101010,00101111110,11100011100,01111100100,00010101101,11100110011
01001100101,11110010100,01010110011,10011111000,11100001001,00110101100,01101011010,10000111110,11011100010,00011001111,10101110011
10101011001,11000011110,10011110110,00010111001,11110010100,01100110011,00110001111,00101111100,01111001010,11001101101,01011010101
11001101010,01111011001,01010010010,10111000111,10011110000,10110101010,00101111110,11100011100,01111100100,00010101101,11100110011
11011010111,01111011010,10001011011,00110110110,01101110101,01010111101,10111001101,10011110000,11100011100,01001101110,11110100011
01011010011,00010110111,10011111000,10110010101,11111100110,11000011110,10101110011,11110101011,00111001110,10001001101,01101111101
01001101011,00111101100,01011010101,10011110001,11100001001,00100110111,00111011010,01010111100,11110100010,10010001111,11001010110
01011010011,00010110111,10011111000,10110010101,11111100110,11000011110,10101110011,11110101011,00111001110,10001001101,01101111101
00100011101,11000111110,01110110100,10010010111,01011101111,11011011100,11101000110,00111111010,11110011011,11001110001,10110101101
00001111001,11001101101,00111100101,00010101110,01100101011,01110011100,10100011111,01001010111,11010110001,11101110010,10011001011
00010111011,10111111100,10000011101,01011001110,11110110110,01001110100,10011100111,01110101101,00101010111,11101101010,11111010001
11001101010,01111011001,01010010010,10111000111,10011110000,10110101010,00101111110,11100011100,01111100100,00010101101,11100110011
01001101011,00111101100,01011010101,10011110001,11100001001,00100110111,00111011010,01010111100,11110100010,10010001111,11001010110
0111000111100,01011001101,100100101,111110010110,0011110010101,011100111010,10100011111,0100101000111011100100,110101,11010111001011001010110
11001111001,00101001111,01011010010,10110011010,11111000001,11100010110,10011100010,01111101100,01110100011,00010110101,11010001111
00010111011,10111111100,10000011101,01011001110,11110110110,01001110100,10011100111,01110101101,00101010111,11101101010,11111010001
10101011001,11000011110,10011110110,00010111001,11110010100,01100110011,00110001111,00101111100,01111001010,11001101101,01011010101
01111001101,11001101011,00010111011,11011010111,10101110101,11111110000,11110100111,11000111100,01101110110,10011101110,10100011010
10110010100,01011001110,10000100111,01010111011,00111100101,11011110001,10101011101,10111101010,11110000011,01101110010,11100101100
00100011101,11000111110,01110110100,10010010111,01011101111,11011011100,11101000110,00111111010,11110011011,11001110001,10110101101
00001111001,11001101101,00111100101,00010101110,01100101011,01110011100,10100011111,01001010111,11010110001,11101110010,10011001011
11011010111,01111011010,10001011011,00110110110,01101110101,01010111101,10111001101,10011110000,11100011100,01001101110,11110100011
01011010011,10010001110,00111100111,11011101001,10010110101,10001111011,10111010000,00101011101,11100000111,01001110100,01110111010
10110010100,01011001110,10000100111,01010111011,00111100101,11011110001,10101011101,10111101010,11110000011,01101110010,11100101100
01011001110,11000101000,01010110001,10001110111,00101101101,10010011101,11110000111,00110111110,11101010100,10111001010,01100011011
01111001101,11001101011,00010111011,11011010111,10101110101,11111110000,11110100111,11000111100,01101110110,10011101110,10100011010
10010111001,01011001101,11011010011,11111010100,01100110111,11101101001,10001011110,00111111010,11110001010,11011100110,10111000111
01011001110,11000101000,01010110001,10001110111,00101101101,10010011101,11110000111,00110111110,11101010100,10111001010,01100011011
11001101010,01111011001,01010010010,10111000111,10011110000,10110101010,00101111110,11100011100,01111100100,00010101101,11100110011
00100011101,11000111110,01110110100,10010010111,01011101111,11011011100,11101000110,00111111010,11110011011,11001110001,10110101101
00010111011,10111111100,10000011101,01011001110,11110110110,01001110100,10011100111,01110101101,00101010111,11101101010,11111010001
10110010100,01011001110,10000100111,01010111011,00111100101,11011110001,10101011101,10111101010,11110000011,01101110010,11100101100
00010111011,10111111100,10000011101,01011001110,11110110110,01001110100,10011100111,01110101101,00101010111,11101101010,11111010001
00100011101,11000111110,01110110100,10010010111,01011101111,11011011100,11101000110,00111111010,11110011011,11001110001,10110101101
10110010100,01011001110,10000100111,01010111011,00111100101,11011110001,10101011101,10111101010,11110000011,01101110010,11100101100
10010111001,01011001101,11011010011,11111010100,01100110111,11101101001,10001011110,00111111010,11110001010,11011100110,10111000111
01011010011,00010110111,10011111000,10110010101,11111100110,11000011110,10101110011,11110101011,00111001110,10001001101,01101111101
10011101101,01110001111,11100010101,11110100001,10011010011,11101001010,01101011001,10100111011,00111110100,01001100111,11010111010
00010111011,10111111100,10000011101,01011001110,11110110110,01001110100,10011100111,01110101101,00101010111,11101101010,11111010001
00010111011,10111111100,10000011101,01011001110,11110110110,01001110100,10011100111,01110101101,00101010111,11101101010,11111010001
0111000111100,01011001101,100100101110,11111010100,11111000001,1111100,111101011010,0011111011,0011110,110,10101110,1011011
10101011101,01101101100,01111010110,11011110001,11110001000,10111100011,10011111010,00110111101,01101011011,11100110110,11010001111
01111001101,11001101011,00010111011,11011010111,10101110101,11111110000,11110100111,11000111100,01101110110,10011101110,10100011010
11011010111,01111011010,10001011011,00110110110,01101110101,01010111101,10111001101,10011110000,11100011100,01001101110,11110100011
00100011101,11000111110,01110110100,10010010111,01011101111,11011011100,11101000110,00111111010,11110011011,11001110001,10110101101
10110010100,01011001110,10000100111,01010111011,00111100101,11011110001,10101011101,10111101010,11110000011,01101110010,11100101100
01001101011,00111101100,01011010101,10011110001,11100001001,00100110111,00111011010,01010111100,11110100010,10010001111,11001010110
01001101011,00111101100,01011010101,10011110001,11100001001,00100110111,00111011010,01010111100,11110100010,10010001111,11001010110
01001100101,11110010100,01010110011,10011111000,11100001001,001100010011011,01101011010,10000111110,11011100010,00011001111,10101110011
00100011101,11000111110,01110110100,10010010111,01011101111,11011011100,11101000110,00111111010,11110011011,11001110001,10110101101
010011010101,11011001010011,1010110011,1001111000,111000000001,0111011110,01101011010,001101111100,11011100010,00011001111,100011,011110
10101011101,01101101100,01111010110,11011110001,11110001000,10111100011,10011111010,00110111101,01101011011,11100110110,11010001111
10101011001,11000011110,10011110110,00010111001,11110010100,01100110011,00110001111,00101111100,01111001010,11001101101,01011010101
00001111001,11001101101,00111100101,00010101110,01100101011,01110011100,10100011111,01001010111,11010110001,11101110010,10011001011
01011001110,11000101000,01010110001,10001110111,00101101101,10010011101,11110000111,00110111110,11101010100,10111001010,01100011011
01011010011,10010001110,00111100111,11011101001,10010110101,10001111011,10111010000,00101011101,11100000111,01001110100,01110111010
01001101011,00111101100,01011010101,10011110001,11100001001,00100110111,00111011010,01010111100,11110100010,10010001111,11001010110
01011001110,11000101000,01010110001,10001110111,00101101101,10010011101,11110000111,00110111110,11101010100,10111001010,01100011011
01001101011,00111101100,01011010101,10011110001,11100001001,00100110111,00111011010,01010111100,11110100010,10010001111,11001010110
01001101011,00111101100,01011010101,10011110001,11100001001,00100110111,00111011010,01010111100,11110100010,10010001111,11001010110
11001101010,01111011001,01010010010,10111000111,10011110000,10110101010,00101111110,11100011100,01111100100,00010101101,11100110011
01001100101,11110010100,01010110011,10011111000,11100001001,00110101100,01101011010,10000111110,11011100010,00011001111,10101110011
00001111001,11001101101,00111100101,00010101110,01100101011,01110011100,10100011111,01001010111,11010110001,11101110010,10011001011
00100011101,11000111110,01110110100,10010010111,01011101111,11011011100,11101000110,00111111010,11110011011,11001110001,10110101101
10110010100,01011001110,10000100111,01010111011,00111100101,11011110001,10101011101,10111101010,11110000011,01101110010,11100101100
01001100101,11110010100,01010110011,10011111000,11100001001,00110101100,011010
01011001110,11000101000,01010110001,10001110111,00101101101,10010011101,11110000111,00110111110,11101010100,10111001010,01100011011
10111011001,11000101000,00011100011,11001010111,01011001100,11110010010,10110100101,10010111110,01101110100,10101001110,01100011111
01001101011,00111101100,01011010101,10011110001,11100001001,00100110111,00111011010,01010111100,11110100010,10010001111,11001010110
01111001101,11001101011,00010111011,11011010111,10101110101,11111110000,11110100111,11000111100,01101110110,10011101110,10100011010
01011010011,00010110111,10011111000,10110010101,11111100110,11000011110,10101110011,11110101011,00111001110,10001001101,01101111101
01001101011,00111101100,01011010101,10011110001,11100001001,00100110111,00111011010,01010111100,11110100010,10010001111,11001010110
00010111011,10111111100,10000011101,01011001110,11110110110,01001110100,10011100111,01110101101,00101010111,11101101010,11111010001
10101011101,01101101100,01111010110,11011110001,11110001000,10111100011,10011111010,00110111101,01101011011,11100110110,11010001111
11011010111,01111011010,10001011011,00110110110,01101110101,01010111101,10111001101,10011110000,11100011100,01001101110,11110100011
01011001110,11000101000,01010110001,10001110111,00101101101,10010011101,11110000111,00110111110,11101010100,10111001010,01100011011
10101011101,01101101100,01111010110,11011110001,11110001000,10111100011,10011111010,00110111101,01101011011,11100110110,11010001111
10101011101,01101101100,01111010110,11011110001,11110001000,10111100011,10011111010,00110111101,01101011011,11100110110,11010001111
10011101101,01110001111,11100010101,11110100001,10011010011,11101001010,01101011001,10100111011,00111110100,01001100111,11010111010
01111001101,11001101011,00010111011,11011010111,10101110101,11111110000,11110100111,11000111100,01101110110,10011101110,10100011010
01011010011,10010001110,00111100111,11011101001,10010110101,10001111011,10111010000,00101011101,11100000111,01001110100,01110111010
11011010111,01111011010,10001011011,00110110110,01101110101,01010111101,10111001101,10011110000,11100011100,01001101110,11110100011
00100011101,11000111110,01110110100,10010010111,01011101111,11011011100,11101000110,00111111010,11110011011,11001110001,10110101101
10011101101,01110001111,11100010101,11110100001,10011010011,11101001010,01101011001,10100111011,00111110100,01001100111,11010111010
01001100101,11110010100,01010110011,10011111000,11100001001,00110101100,01101011010,10000111110,11011100010,00011001111,10101110011
00100011101,11000111110,01110110100,10010010111,01011101111,11011011100,11101000110,00111111010,11110011011,11001110001,10110101101
00001111001,11001101101,00111100101,00010101110,01100101011,01110011100,10100011111,01001010111,11010110001,11101110010,10011001011
10110010100,01011001110,10000100111,01010111011,00111100101,11011110001,10101011101,10111101010,11110000011,01101110010,11100101100
01001100101,11110010100,01010110011,10011111000,11100001001,00110101100,01101011010,10000111110,11011100010,00011001111,10101110011
10101011001,11000011110,10011110110,00010111001,11110010100,01100110011,00110001111,00101111100,01111001010,11001101101,01011010101
10001011001,1101101110,1000011100011,001111011,0011110010101,0111011110,10110101101,1001011,011110010,0011,1001110,01100011111
01011010011,10010001110,00111100111,11011101001,10010110101,10001111011,10111010000,00101011101,11100000111,01001110100,01110111010
00100011101,11000111110,01110110100,10010010111,01011101111,11011011100,11101000110,00111111010,11110011011,11001110001,10110101101
10101011001,11000011110,10011110110,00010111001,11110010100,01100110011,00110001111,00101111100,01111001010,11001101101,01011010101
01011010011,00010110111,10011111000,10110010101,11111100110,11000011110,10101110011,11110101011,00111001110,10001001101,01101111101
01111001101,11001101011,00010111011,11011010111,10101110101,11111110000,11110100111,11000111100,01101110110,10011101110,10100011010
01111001101,11001101011,00010111011,11011010111,10101110101,11111110000,11110100111,11000111100,01101110110,10011101110,10100011010
10101011001,11000011110,10011110110,00010111001,11110010100,01100110011,00110001111,00101111100,01111001010,11001101101,01011010101
10110010100,01011001110,10000100111,01010111011,00111100101,11011110001,10101011101,10111101010,11110000011,01101110010,11100101100
11011010111,01111011010,10001011011,00110110110,01101110101,01010111101,10111001101,10011110000,11100011100,01001101110,11110100011
01011010011,00010110111,10011111000,10110010101,11111100110,11000011110,10101110011,11110101011,00111001110,10001001101,01101111101
00001111001,11001101101,00111100101,00010101110,01100101011,01110011100,10100011111,01001010111,11010110001,11101110010,10011001011
10101011001,11000011110,10011110110,00010111001,11110010100,01100110011,00110001111,00101111100,01111001010,11001101101,01011010101
10011101101,01110001111,11100010101,11110100001,10011010011,11101001010,01101011001,10100111011,00111110100,01001100111,11010111010
10101011101,01101101100,01111010110,11011110001,11110001000,10111100011,10011111010,00110111101,01101011011,11100110110,11010001111
11001111001,00101001111,01011010010,10110011010,11111000001,11100010110,10011100010,01111101100,01110100011,00010110101,11010001111
00100011101,11000111110,01110110100,10010010111,01011101111,11011011100,11101000110,00111111010,11110011011,11001110001,10110101101
10110010100,01011001110,10000100111,01010111011,00111100101,11011110001,10101011101,10111101010,11110000011,01101110010,11100101100
11001111001,00101001111,01011010010,10110011010,11111000001,11100010110,10011100010,01111101100,01110100011,00010110101,11010001111
01011010011,10010001110,00111100111,11011101001,10010110101,10001111011,10111010000,00101011101,11100000111,01001110100,01110111010
11011010111,01111011010,10001011011,00110110110,01101110101,01010111101,10111001101,10011110000,11100011100,01001101110,11110100011
10110010100,01011001110,10000100111,01010111011,00111100101,11011110001,10101011101,10111101010,11110000011,01101110010,11100101100
10110010100,01011001110,10000100111,01010111011,00111100101,11011110001,10101011101,10111101010,11110000011,01101110010,11100101100
10101011101,01101101100,01111010110,11011110001,11110001000,10111100011,10011111010,00110111101,01101011011,11100110110,11010001111
00100011101,11000111110,01110110100,10010010111,01011101111,11011011100,11101000110,00111111010,11110011011,11001110001,10110101101
00100011101,11000111110,01110110100,10010010111,01011101111,11011011100,11101000110,00111111010,11110011011,11001110001,10110101101
11011010111,01111011010,10001011011,00110110110,01101110101,01010111101,10111001101,10011110000,11100011100,01001101110,11110100011
10101011001,11000011110,10011110110,00010111001,11110010100,01100110011,00110001111,00101111100,01111001010,11001101101,01011010101
00001111001,11001101101,00111100101,00010101110,01100101011,01110011100,10100011111,01001010111,11010110001,11101110010,10011001011
01001100101,11110010100,01010110011,10011111000,11100001001,00110101100,01101011010,10000111110,11011100010,00011001111,10101110011
01011010011,00010110111,10011111000,10110010101,11111100110,11000011110,10101110011,11110101011,00111001110,10001001101,01101111101
01001101011,00111101100,01011010101,10011110001,11100001001,00100110111,00111011010,01010111100,11110100010,10010001111,11001010110
01001101011,00111101100,01011010101,10011110001,11100001001,00100110111,00111011010,01010111100,11110100010,10010001111,11001010110
01111001101,11001101011,00010111011,11011010111,10101110101,11111110000,11110100111,11000111100,01101110110,10011101110,10100011010
10011101101,01110001111,11100010101,11110100001,10011010011,11101001010,01101011001,10100111011,00111110100,01001100111,11010111010
01011010011,10010001110,00111100111,11011101001,10010110101,10001111011,10111010000,00101011101,11100000111,01001110100,01110111010
10101001011001,1101100,100111110010,111110010101,1111000,11101101001,01101011010,01110110010100011101110010011010,01110,111110010110
10110010100,01011001110,10000100111,01010111011,00111100101,11011110001,10101011101,10111101010,11110000011,01101110010,11100101100
01011010011,10010001110,00111100111,11011101001,10010110101,10001111011,10111010000,00101011101,11100000111,01001110100,01110111010
01001100101,11110010100,01010110011,10011111000,11100001001,00110101100,01101011010,10000111110,11011100010,00011001111,10101110011
01011010011,00010110111,10011111000,10110010101,11111100110,11000011110,10101110011,11110101011,00111001110,10001001101,01101111101
01001100101,11110010100,01010110011,10011111000,11100001001,00110101100,01101011010,10000111110,11011100010,00011001111,10101110011
11001101010,01111011001,01010010010,10111000111,10011110000,10110101010,00101111110,11100011100,01111100100,00010101101,11100110011
00100011101,11000111110,01110110100,10010010111,01011101111,11011011100,11101000110,00111111010,11110011011,11001110001,10110101101
11001101010,01111011001,01010010010,10111000111,10011110000,10110101010,00101111110,11100011100,01111100100,00010101101,11100110011
11001101010,01111011001,01010010010,10111000111,10011110000,10110101010,00101111110,11100011100,01111100100,00010101101,11100110011
10010111001,01011001101,11011010011,11111010100,01100110111,11101101001,10001011110,00111111010,11110001010,11011100110,10111000111
10111011001,11000101000,00011100011,11001010111,01011001100,11110010010,10110100101,10010111110,01101110100,10101001110,01100011111
01011010011,10010001110,00111100111,11011101001,10010110101,10001111011,10111010000,00101011101,11100000111,01001110100,01110111010
10010111001,01011001101,11011010011,11111010100,01100110111,11101101001,10001011110,00111111010,11110001010,11011100110,10111000111
00001111001,11001101101,00111100101,00010101110,01100101011,01110011100,10100011111,01001010111,11010110001,11101110010,10011001011
01011010011,00010110111,10011111000,10110010101,11111100110,11000011110,10101110011,11110101011,00111001110,10001001101,01101111101
10010111001,01011001101,11011010011,11111010100,01100110111,11101101001,10001011110,00111111010,11110001010,11011100110,10111000111
01011010011,00010110111,10011111000,10110010101,11111100110,11000011110,10101110011,11110101011,00111001110,10001001101,01101111101
00100011101,11000111110,01110110100,10010010111,01011101111,11011011100,11101000110,00111111010,11110011011,11001110001,10110101101
10101011001,11000011110,10011110110,00010111001,11110010100,01100110011,00110001111,00101111100,01111001010,11001101101,01011010101
10011101101,01110001111,11100010101,11110100001,10011010011,11101001010,01101011001,10100111011,00111110100,01001100111,11010111010
01001100101,11110010100,01010110011,10011111000,11100001001,00110101100,01101011010,10000111110,11011100010,00011001111,10101110011
00001111001,11001101101,00111100101,00010101110,01100101011,01110011100,10100011111,01001010111,11010110001,11101110010,10011001011
01001101011,00111101100,01011010101,10011110001,11100001001,00100110111,00111011010,01010111100,11110100010,10010001111,11001010110
10101011001,11000011110,10011110110,00010111001,11110010100,01100110011,00110001111,00101111100,01111001010,11001101101,01011010101
11011010111,01111011010,10001011011,00110110110,01101110101,01010111101,10111001101,10011110000,11100011100,01001101110,11110100011
11001101010,01111011001,01010010010,10111000111,10011110000,10110101010,00101111110,11100011100,01111100100,00010101101,11100110011
10010111001,01011001101,11011010011,11111010100,01100110111,11101101001,10001011110,00111111010,11110001010,11011100110,10111000111
10010111001,01011001101,11011010011,11111010100,01100110111,11101101001,10001011110,00111111010,11110001010,11011100110,10111000111
10010111001,01011001101,11011010011,11111010100,01100110111,11101101001,10001011110,00111111010,11110001010,11011100110,10111000111
00100011101,11000111110,01110110100,10010010111,01011101111,11011011100,11101000110,00111111010,11110011011,11001110001,10110101101
01011010011,10010001110,00111100111,11011101001,10010110101,10001111011,10111010000,00101011101,11100000111,01001110100,01110111010
01001100101,11110010100,01010110011,10011111000,11100001001,00110101100,01101011010,10000111110,11011100010,00011001111,10101110011
01011010011,10010001110,00111100111,11011101001,10010110101,10001111011,10111010000,00101011101,11100000111,01001110100,01110111010
10110010100,01011001110,10000100111,01010111011,00111100101,11011110001,10101011101,10111101010,11110000011,01101110010,11100101100
01011010011,10010001110,00111100111,11011101001,10010110101,10001111011,10111010000,00101011101,11100000111,01001110100,01110111010
01001101011,00111101100,01011010101,10011110001,11100001001,00100110111,00111011010,01010111100,11110100010,10010001111,11001010110
01001100101,11110010100,01010110011,10011111000,11100001001,00110101100,01101011010,10000111110,11011100010,00011001111,10101110011
10011101101,01110001111,11100010101,11110100001,10011010011,11101001010,01101011001,10100111011,00111110100,01001100111,11010111010
01011010011,10010001110,00111100111,11011101001,10010110101,10001111011,10111010000,00101011101,11100000111,01001110100,01110111010
01011010011,10010001110,00111100111,11011101001,10010110101,10001111011,10111010000,00101011101,11100000111,01001110100,01110111010
00010111011,10111111100,10000011101,01011001110,11110110110,01001110100,10011100111,01110101101,00101010111,11101101010,11111010001
11001101010,01111011001,01010010010,10111000111,10011110000,10110101010,00101111110,11100011100,01111100100,00010101101,11100110011
01011010011,10010001110,00111100111,11011101001,10010110101,10001111011,10111010000,00101011101,11100000111,01001110100,01110111010
01011010011,10010001110,00111100111,11011101001,10010110101,10001111011,10111010000,00101011101,11100000111,01001110100,01110111010
11011010111,01111011010,10001011011,00110110110,01101110101,01010111101,10111001101,10011110000,11100011100,01001101110,11110100011
10101011001,11000011110,10011110110,00010111001,11110010100,01100110011,00110001111,00101111100,01111001010,11001101101,01011010101
11011010111,01111011010,10001011011,00110110110,01101110101,01010111101,10111001101,10011110000,11100011100,01001101110,11110100011
10110010100,01011001110,10000100111,01010111011,00111100101,11011110001,10101011101,10111101010,11110000011,01101110010,11100101100
10011101101,01110001111,11100010101,11110100001,10011010011,11101001010,01101011001,10100111011,00111110100,01001100111,11010111010
01001101011,00111101100,01011010101,10011110001,11100001001,00100110111,00111011010,01010111100,11110100010,10010001111,11001010110
10011101101,01110001111,11100010101,11110100001,10011010011,11101001010,01101011001,10100111011,00111110100,01001100111,11010111010
01001100101,11110010100,01010110011,10011111000,11100001001,00110101100,01101011010,10000111110,11011100010,00011001111,10101110011
0100101011,10111101110,001,110011,10011110001,1001101011,11101000111,00111010,001111100,111000101111001011001100,10110100,01110111010
10101011101,01101101100,01111010110,11011110001,11110001000,10111100011,10011111010,00110111101,01101011011,11100110110,11010001111
01001100101,11110010100,01010110011,10011111000,11100001001,00110101100,01101011010,10000111110,11011100010,00011001111,10101110011
10110010100,01011001110,10000100111,01010111011,00111100101,11011110001,10101011101,10111101010,11110000011,01101110010,11100101100
00100011101,11000111110,01110110100,10010010111,01011101111,11011011100,11101000110,00111111010,11110011011,11001110001,10110101101
00100011101,11000111110,01110110100,10010010111,01011101111,11011011100,11101000110,00111111010,11110011011,11001110001,10110101101
00001111001,11001101101,00111100101,00010101110,01100101011,01110011100,10100011111,01001010111,11010110001,11101110010,10011001011
10101011001,11000011110,10011110110,00010111001,11110010100,01100110011,00110001111,00101111100,01111001010,11001101101,01011010101
01001101011,00111101100,01011010101,10011110001,11100001001,00100110111,00111011010,01010111100,11110100010,10010001111,11001010110
01001100101,11110010100,01010110011,10011111000,11100001001,00110101100,01101011010,10000111110,11011100010,00011001111,10101110011
01011010011,00010110111,10011111000,10110010101,11111100110,11000011110,10101110011,11110101011,00111001110,10001001101,01101111101
10101011001,11000011110,10011110110,00010111001,11110010100,01100110011,00110001111,00101111100,01111001010,11001101101,01011010101
00001111001,11001101101,00111100101,00010101110,01100101011,01110011100,10100011111,01001010111,11010110001,11101110010,10011001011
01001100101,11110010100,01010110011,10011111000,11100001001,00110101100,01101011010,10000111110,11011100010,00011001111,10101110011
00010111011,10111111100,10000011101,01011001110,11110110110,01001110100,10011100111,01110101101,00101010111,11101101010,11111010001
10110010100,01011001110,10000100111,01010111011,00111100101,11011110001,10101011101,10111101010,11110000011,01101110010,11100101100
00100011101,11000111110,01110110100,10010010111,01011101111,11011011100,11101000110,00111111010,11110011011,11001110001,10110101101
01001100101,11110010100,01010110011,10011111000,11100001001,00110101100,01101011010,10000111110,11011100010,00011001111,10101110011
10111011001,11000101000,00011100011,11001010111,01011001100,11110010010,10110100101,10010111110,01101110100,10101001110,01100011111
10011101101,01110001111,11100010101,11110100001,10011010011,11101001010,01101011001,10100111011,00111110100,01001100111,11010111010
11001101010,01111011001,01010010010,10111000111,10011110000,10110101010,00101111110,11100011100,01111100100,00010101101,11100110011
10110010100,01011001110,10000100111,01010111011,00111100101,11011110001,10101011101,10111101010,11110000011,01101110010,11100101100
10011101101,01110001111,11100010101,11110100001,10011010011,11101001010,01101011001,10100111011,00111110100,01001100111,11010111010
01011010011,10010001110,00111100111,11011101001,10010110101,10001111011,10111010000,00101011101,11100000111,01001110100,01110111010
11001101010,01111011001,01010010010,10111000111,10011110000,10110101010,00101111110,11100011100,01111100100,00010101101,11100110011
01011001110,11000101000,01010110001,10001110111,00101101101,10010011101,11110000111,00110111110,11101010100,10111001010,01100011011
00001111001,11001101101,00111100101,00010101110,01100101011,01110011100,10100011111,01001010111,11010110001,11101110010,10011001011
10011101101,01110001111,11100010101,11110100001,10011010011,11101001010,01101011001,10100111011,00111110100,01001100111,11010111010
10010111001,01011001101,11011010011,11111010100,01100110111,11101101001,10001011110,00111111010,11110001010,11011100110,10111000111
01011010011,00010110111,10011111000,10110010101,11111100110,11000011110,10101110011,11110101011,00111001110,10001001101,01101111101
00001111001,11001101101,00111100101,00010101110,01100101011,01110011100,10100011111,01001010111,11010110001,11101110010,10011001011
10111011001,11000101000,00011100011,11001010111,01011001100,11110010010,10110100101,10010111110,01101110100,10101001110,01100011111
11001101010,01111011001,01010010010,10111000111,10011110000,10110101010,00101111110,11100011100,01111100100,00010101101,11100110011
11011010111,01111011010,10001011011,00110110110,01101110101,01010111101,10111001101,10011110000,11100011100,01001101110,11110100011
11011010111,01111011010,10001011011,00110110110,01101110101,01010111101,10111001101,10011110000,11100011100,01001101110,11110100011
10101011101,01101101100,01111010110,11011110001,11110001000,10111100011,10011111010,00110111101,01101011011,11100110110,11010001111
00010111011,10111111100,10000011101,01011001110,11110110110,01001110100,10011100111,01110101101,00101010111,11101101010,11111010001
10010111001,01011001101,11011010011,11111010100,01100110111,11101101001,10001011110,00111111010,11110001010,11011100110,10111000111
00001111001,11001101101,00111100101,00010101110,01100101011,01110011100,10100011111,01001010111,11010110001,11101110010,10011001011
01011010011,00010110111,10011111000,10110010101,11111100110,11000011110,10101110011,11110101011,00111001110,10001001101,01101111101
11001101010,01111011001,01010010010,10111000111,10011110000,10110101010,00101111110,11100011100,01111100100,00010101101,11100110011
01011001110,11000101000,01010110001,10001110111,00101101101,10010011101,11110000111,00110111110,11101010100,10111001010,01100011011
01011010011,00010110111,10011111000,10110010101,11111100110,11000011110,10101110011,11110101011,00111001110,10001001101,01101111101
01011001110,11000101000,01010110001,10001110111,00101101101,10010011101,11110000111,00110111110,11101010100,10111001010,01100011011
00100011101,11000111110,01110110100,10010010111,01011101111,11011011100,11101000110,00111111010,11110011011,11001110001,10110101101
01001100101,11110010100,01010110011,10011111000,11100001001,00110101100,01101011010,10000111110,11011100010,00011001111,10101110011
10101011001,11000011110,10011110110,00010111001,11110010100,01100110011,00110001111,00101111100,01111001010,11001101101,01011010101
10010111001,01011001101,11011010011,11111010100,01100110111,11101101001,10001011110,00111111010,11110001010,11011100110,10111000111
11011010111,01111011010,10001011011,00110110110,01101110101,01010111101,10111001101,10011110000,11100011100,01001101110,11110100011
10110010100,01011001110,10000100111,01010111011,00111100101,11011110001,10101011101,10111101010,11110000011,01101110010,11100101100
10110010100,01011001110,10000100111,01010111011,00111100101,11011110001,10101011101,10111101010,11110000011,01101110010,11100101100
01001100101,11110010100,01010110011,10011111000,11100001001,00110101100,01101011010,10000111110,11011100010,00011001111,10101110011
10111011001,11000101000,00011100011,11001010111,01011001100,11110010010,10110100101,10010111110,01101110100,10101001110,01100011111
01011001110,11000101000,01010110001,10001110111,00101101101,10010011101,11110000111,00110111110,11101010100,10111001010,01100011011
10110010100,01011001110,10000100111,01010111011,00111100101,11011110001,10101011101,10111101010,11110000011,01101110010,11100101100
11001101010,01111011001,01010010010,10111000111,10011110000,10110101010,00101111110,11100011100,01111100100,00010101101,11100110011
01001100101,11110010100,01010110011,10011111000,11100001001,00110101100,01101011010,10000111110,11011100010,00011001111,10101110011
10101011001,11000011110,10011110110,00010111001,11110010100,01100110011,00110001111,00101111100,01111001010,11001101101,01011010101
00001111001,11001101101,00111100101,00010101110,01100101011,01110011100,10100011111,01001010111,11010110001,11101110010,10011001011
00001111001,11001101101,00111100101,00010101110,01100101011,01110011100,10100011111,01001010111,11010110001,11101110010,10011001011
10010111001,01011001101,11011010011,11111010100,01100110111,11101101001,10001011110,00111111010,11110001010,11011100110,10111000111
01011010011,00010110111,10011111000,10110010101,11111100110,11000011110,10101110011,11110101011,00111001110,10001001101,01101111101
01001100101,11110010100,01010110011,10011111000,11100001001,00110101100,01101011010,10000111110,11011100010,00011001111,10101110011
01011010011,00010110111,10011111000,10110010101,11111100110,11000011110,10101110011,11110101011,00111001110,10001001101,01101111101
11001101010,01111011001,01010010010,10111000111,10011110000,10110101010,00101111110,11100011100,01111100100,00010101101,11100110011
10101011001,11000011110,10011110110,00010111001,11110010100,01100110011,00110001111,00101111100,01111001010,11001101101,01011010101
11001111001,00101001111,01011010010,10110011010,11111000001,11100010110,10011100010,01111101100,01110100011,00010110101,11010001111
01001100101,11110010100,01010110011,10011111000,11100001001,00110101100,01101011010,10000111110,11011100010,00011001111,10101110011
01011001110,11000101000,01010110001,10001110111,00101101101,10010011101,11110000111,00110111110,11101010100,10111001010,01100011011
11001111001,00101001111,01011010010,10110011010,11111000001,11100010110,10011100010,01111101100,01110100011,00010110101,11010001111
10101011001,11000011110,10011110110,00010111001,11110010100,01100110011,00110001111,00101111100,01111001010,11001101101,01011010101
01011001110,11000101000,01010110001,10001110111,00101101101,10010011101,11110000111,00110111110,11101010100,10111001010,01100011011
01011010011,00010110111,10011111000,10110010101,11111100110,11000011110,10101110011,11110101011,00111001110,10001001101,01101111101
10101011101,01101101100,01111010110,11011110001,11110001000,10111100011,10011111010,00110111101,01101011011,11100110110,11010001111
10110010100,01011001110,10000100111,01010111011,00111100101,11011110001,10101011101,10111101010,11110000011,01101110010,11100101100
10111011001,11000101000,00011100011,11001010111,01011001100,11110010010,10110100101,10010111110,01101110100,10101001110,01100011111
11001111001,00101001111,01011010010,10110011010,11111000001,11100010110,10011100010,01111101100,01110100011,00010110101,11010001111
10011101101,01110001111,11100010101,11110100001,10011010011,11101001010,01101011001,10100111011,00111110100,01001100111,11010111010
01011001110,11000101000,01010110001,10001110111,00101101101,10010011101,11110000111,00110111110,11101010100,10111001010,01100011011
10101011101,01101101100,01111010110,11011110001,11110001000,10111100011,10011111010,00110111101,01101011011,11100110110,11010001111
01011010011,10010001110,00111100111,11011101001,10010110101,10001111011,10111010000,00101011101,11100000111,01001110100,01110111010
10101011101,01101101100,01111010110,11011110001,11110001000,10111100011,10011111010,00110111101,01101011011,11100110110,11010001111
10010111001,01011001101,11011010011,11111010100,01100110111,11101101001,10001011110,00111111010,11110001010,11011100110,10111000111
11001101010,01111011001,01010010010,10111000111,10011110000,10110101010,00101111110,11100011100,01111100100,00010101101,11100110011
10101011101,01101101100,01111010110,11011110001,11110001000,10111100011,10011111010,00110111101,01101011011,11100110110,11010001111
01001100101,11110010100,01010110011,10011111000,11100001001,00110101100,01101011010,10000111110,11011100010,00011001111,10101110011
11001101010,01111011001,01010010010,10111000111,10011110000,10110101010,00101111110,11100011100,01111100100,00010101101,11100110011
10011101101,01110001111,11100010101,11110100001,10011010011,11101001010,01101011001,10100111011,00111110100,01001100111,11010111010
01011010011,10010001110,00111100111,11011101001,10010110101,10001111011,10111010000,00101011101,11100000111,01001110100,01110111010
00001111001,11001101101,00111100101,00010101110,01100101011,01110011100,10100011111,01001010111,11010110001,11101110010,10011001011
01001100101,11110010100,01010110011,10011111000,11100001001,00110101100,01101011010,10000111110,11011100010,00011001111,10101110011
01011010011,00010110111,10011111000,10110010101,11111100110,11000011110,10101110011,11110101011,00111001110,10001001101,01101111101
11001101010,01111011001,01010010010,10111000111,10011110000,10110101010,00101111110,11100011100,01111100100,00010101101,11100110011
01011010011,10010001110,00111100111,11011101001,10010110101,10001111011,10111010000,00101011101,11100000111,01001110100,01110111010
00001111001,11001101101,00111100101,00010101110,01100101011,01110011100,10100011111,01001010111,11010110001,11101110010,10011001011
00001111001,11001101101,00111100101,00010101110,01100101011,01110011100,10100011111,01001010111,11010110001,11101110010,10011001011
01001101011,00111101100,01011010101,10011110001,11100001001,00100110111,00111011010,01010111100,11110100010,10010001111,11001010110
01011010011,10010001110,00111100111,11011101001,10010110101,10001111011,10111010000,00101011101,11100000111,01001110100,01110111010
01001101011,00111101100,01011010101,10011110001,11100001001,00100110111,00111011010,01010111100,11110100010,10010001111,11001010110
110001010111,1101101100,10001010010,10111010001,111000000,1111001011101011110100111,01110,01110100011110,000011110,011011101101011
01011010011,10010001110,00111100111,11011101001,10010110101,10001111011,10111010000,00101011101,11100000111,01001110100,01110111010
10011101101,01110001111,11100010101,11110100001,10011010011,11101001010,01101011001,10100111011,00111110100,01001100111,11010111010
11001111001,00101001111,01011010010,10110011010,11111000001,11100010110,10011100010,01111101100,01110100011,00010110101,11010001111
01001101011,00111101100,01011010101,10011110001,11100001001,00100110111,00111011010,01010111100,11110100010,10010001111,11001010110
11001101010,01111011001,01010010010,10111000111,10011110000,10110101010,00101111110,11100011100,01111100100,00010101101,11100110011
00001111001,11001101101,00111100101,00010101110,01100101011,01110011100,10100011111,01001010111,11010110001,11101110010,10011001011
10110010100,01011001110,10000100111,01010111011,00111100101,11011110001,10101011101,10111101010,11110000011,01101110010,11100101100
10011101101,01110001111,11100010101,11110100001,10011010011,11101001010,01101011001,10100111011,00111110100,01001100111,11010111010
00100011101,11000111110,01110110100,10010010111,01011101111,11011011100,11101000110,00111111010,11110011011,11001110001,10110101101
00010111011,10111111100,10000011101,01011001110,11110110110,01001110100,10011100111,01110101101,00101010111,11101101010,11111010001
10101011001,11000011110,10011110110,00010111001,111101010100,01100110011,00110001111,00101111100,01111001010,11001101101,01011010101
10111011001,11000101000,00011100011,11001010111,01011001100,11110010010,10110100101,10010111110,01101110100,10101001110,01100011111
00100011101,11000111110,01110110100,10010010111,01011101111,11011011100,11101000110,00111111010,11110011011,11001110001,10110101101
00001111001,11001101101,00111100101,00010101110,01100101011,01110011100,10100011111,01001010111,11010110001,11101110010,10011001011
10010111001,01011001101,11011010011,11111010100,01100110111,11101101001,10001011110,00111111010,11110001010,11011100110,10111000111
01011010011,10010001110,00111100111,11011101001,10010110101,10001111011,10111010000,00101011101,11100000111,01001110100,01110111010
00010111011,10111111100,10000011101,01011001110,11110110110,01001110100,10011100111,01110101101,00101010111,11101101010,11111010001
00001111001,11001101101,00111100101,00010101110,01100101011,01110011100,10100011111,01001010111,11010110001,11101110010,10011001011
01011010011,00010110111,10011111000,10110010101,11111100110,11000011110,10101110011,11110101011,00111001110,10001001101,01101111101
01111001101,11001101011,00010111011,11011010111,10101110101,11111110000,11110100111,11000111100,01101110110,10011101110,10100011010
00010111011,10111111100,10000011101,01011001110,11110110110,01001110100,10011100111,01110101101,00101010111,11101101010,11111010001
00010111011,10111111100,10000011101,01011001110,11110110110,01001110100,10011100111,01110101101,00101010111,11101101010,11111010001
01011010011,10010001110,00111100111,11011101001,10010110101,10001111011,10111010000,00101011101,11100000111,01001110100,01110111010
011011011101,101111001101101,110110,110110100,100111110101,111011010,10,011010,11010,110010101110,11111111010,101110001111,011001010110
11011010111,01111011010,10001011011,00110110110,01101110101,01010111101,10111001101,10011110000,11100011100,01001101110,11110100011
01011010011,00010110111,10011111000,10110010101,11111100110,11000011110,10101110011,11110101011,00111001110,10001001101,01101111101
10110010100,01011001110,10000100111,01010111011,00111100101,11011110001,10101011101,10111101010,11110000011,01101110010,11100101100
01001100101,11110010100,01010110011,10011111000,11100001001,00110101100,01101011010,10000111110,11011100010,00011001111,10101110011
01011010011,00010110111,10011111000,10110010101,11111100110,11000011110,10101110011,11110101011,00111001110,10001001101,01101111101
10110010100,01011001110,10000100111,01010111011,00111100101,11011110001,10101011101,10111101010,11110000011,01101110010,11100101100
10101011001,11000011110,10011110110,00010111001,11110010100,01100110011,00110001111,00101111100,01111001010,11001101101,01011010101
10101011001,11000011110,10011110110,00010111001,11110010100,01100110011,00110001111,00101111100,01111001010,11001101101,01011010101
01111001101,11001101011,00010111011,11011010111,10101110101,11111110000,11110100111,11000111100,01101110110,10011101110,10100011010
01011001110,11000101000,01010110001,10001110111,00101101101,10010011101,11110000111,00110111110,11101010100,10111001010,01100011011
10101011101,01101101100,01111010110,11011110001,11110001000,10111100011,10011111010,00110111101,01101011011,11100110110,11010001111
01011010011,00010110111,10011111000,10110010101,11111100110,11000011110,10101110011,11110101011,00111001110,10001001101,01101111101
10010111001,01011001101,11011010011,11111010100,01100110111,11101101001,10001011110,00111111010,11110001010,11011100110,10111000111
10101011001,11000011110,10011110110,00010111001,11110010100,01100110011,00110001111,00101111100,01111001010,11001101101,01011010101
11001101010,01111011001,01010010010,10111000111,10011110000,10110101010,00101111110,11100011100,01111100100,00010101101,11100110011
10010111001,01011001101,11011010011,11111010100,01100110111,11101101001,10001011110,00111111010,11110001010,11011100110,10111000111
11001101010,01111011001,01010010010,10111000111,10011110000,10110101010,00101111110,11100011100,01111100100,00010101101,11100110011
10001101,01110001111,11100010101,1111010010110101,10010100101110101,11,10011,10,101010,11100011111010,110011011100110,01110101101
10101011001,11000011110,10011110110,00010111001,11110010100,01100110011,00110001111,00101111100,01111001010,11001101101,01011010101
11001111001,00101001111,01011010010,10110011010,11111000001,11100010110,10011100010,01111101100,01110100011,00010110101,11010001111
10101011101,01101101100,01111010110,11011110001,11110001000,10111100011,10011111010,00110111101,01101011011,11100110110,11010001111
00001111001,11001101101,00111100101,00010101110,01100101011,01110011100,10100011111,01001010111,11010110001,11101110010,10011001011
11001111001,00101001111,01011010010,10110011010,11111000001,11100010110,10011100010,01111101100,01110100011,00010110101,11010001111
00100011101,11000111110,01110110100,10010010111,01011101111,11011011100,11101000110,00111111010,11110011011,11001110001,10110101101
01011010011,10010001110,00111100111,11011101001,10010110101,10001111011,10111010000,00101011101,11100000111,01001110100,01110111010
01011010011,00010110111,10011111000,10110010101,11111100110,11000011110,10101110011,11110101011,00111001110,10001001101,01101111101
10101011001,11000011110,10011110110,00010111001,11110010100,01100110011,00110001111,00101111100,01111001010,11001101101,01011010101
11001101010,01111011001,01010010010,10111000111,10011110000,10110101010,00101111110,11100011100,01111100100,00010101101,11100110011
00010111011,10111111100,10000011101,01011001110,11110110110,01001110100,10011100111,01110101101,00101010111,11101101010,11111010001
00100011101,11000111110,01110110100,10010010111,01011101111,11011011100,11101000110,00111111010,11110011011,11001110001,10110101101
01001100101,11110010100,01010110011,10011111000,11100001001,00110101100,01101011010,10000111110,11011100010,00011001111,10101110011
00010111011,10111111100,10000011101,01011001110,11110110110,01001110100,10011100111,01110101101,00101010111,11101101010,11111010001
01011001110,11000101000,01010110001,10001110111,00101101101,10010011101,11110000111,00110111110,11101010100,10111001010,01100011011
00001111001,11001101101,00111100101,00010101110,01100101011,01110011100,10100011111,01001010111,11010110001,11101110010,10011001011
10101011101,01101101100,01111010110,11011110001,11110001000,10111100011,10011111010,00110111101,01101011011,11100110110,11010001111
01001100101,11110010100,01010110011,10011111000,11100001001,00110101100,01101011010,10000111110,11011100010,00011001111,10101110011
00100011101,11000111110,01110110100,10010010111,01011101111,11011011100,11101000110,00111111010,11110011011,11001110001,10110101101
00001111001,11001101101,00111100101,00010101110,01100101011,01110011100,10100011111,01001010111,11010110001,11101110010,10011001011
10111011001,11000101000,00011100011,11001010111,01011001100,11110010010,10110100101,10010111110,01101110100,10101001110,01100011111
10011101101,01110001111,11100010101,11110100001,10011010011,11101001010,01101011001,10100111011,00111110100,01001100111,11010111010
01001101011,00111101100,01011010101,10011110001,11100001001,00100110111,00111011010,01010111100,11110100010,10010001111,11001010110
10011101101,01110001111,11100010101,11110100001,10011010011,11101001010,01101011001,10100111011,00111110100,01001100111,11010111010
01011010011,10010001110,00111100111,11011101001,10010110101,10001111011,10111010000,00101011101,11100000111,01001110100,01110111010
10101011001,11000011110,10011110110,00010111001,11110010100,01100110011,00110001111,00101111100,01111001010,11001101101,01011010101
00100011101,11000111110,01110110100,10010010111,01011101111,11011011100,11101000110,00111111010,11110011011,11001110001,10110101101
01011010011,00010110111,10011111000,10110010101,11111100110,11000011110,10101110011,11110101011,00111001110,10001001101,01101111101
00001111001,11001101101,00111100101,00010101110,01100101011,01110011100,10100011111,01001010111,11010110001,11101110010,10011001011
01011010011,10010001110,00111100111,11011101001,10010110101,10001111011,10111010000,00101011101,11100000111,01001110100,01110111010
00010111011,10111111100,10000011101,01011001110,11110110110,01001110100,10011100111,01110101101,00101010111,11101101010,11111010001
11011010111,01111011010,10001011011,00110110110,01101110101,01010111101,10111001101,10011110000,11100011100,01001101110,11110100011
01111001101,11001101011,00010111011,11011010111,10101110101,11111110000,11110100111,11000111100,01101110110,10011101110,10100011010
01011010011,10010001110,00111100111,11011101001,10010110101,10001111011,10111010000,00101011101,11100000111,01001110100,01110111010
01011010011,10010001110,00111100111,11011101001,10010110101,10001111011,10111010000,00101011101,11100000111,01001110100,01110111010
01001100101,11110010100,01010110011,10011111000,11100001001,00110101100,01101011010,10000111110,11011100010,00011001111,10101110011
01011001110,11000101000,01010110001,10001110111,00101101101,10010011101,11110000111,00110111110,11101010100,10111001010,01100011011
01011010011,10010001110,00111100111,11011101001,10010110101,10001111011,10111010000,00101011101,11100000111,01001110100,01110111010
10101011001,11000011110,10011110110,00010111001,11110010100,01100110011,00110001111,00101111100,01111001010,11001101101,01011010101
10101011101,01101101100,01111010110,11011110001,11110001000,10111100011,10011111010,00110111101,01101011011,11100110110,11010001111
01001100101,11110010100,01010110011,10011111000,11100001001,00110101100,01101011010,10000111110,11011100010,00011001111,10101110011
10101011001,11000011110,10011110110,00010111001,11110010100,01100110011,00110001111,00101111100,01111001010,11001101101,01011010101
10111011001,11000101000,00011100011,11001010111,01011001100,11110010010,10110100101,10010111110,01101110100,10101001110,01100011111
00100011101,11000111110,01110110100,10010010111,01011101111,11011011100,11101000110,00111111010,11110011011,11001110001,10110101101
10011101101,01110001111,11100010101,11110100001,10011010011,11101001010,01101011001,10100111011,00111110100,01001100111,11010111010
01111001101,11001101011,00010111011,11011010111,10101110101,11111110000,11110100111,11000111100,01101110110,10011101110,10100011010
10101011001,11000011110,10011110110,00010111001,11110010100,01100110011,00110001111,00101111100,01111001010,11001101101,01011010101
01011010011,10010001110,00111100111,11011101001,10010110101,10001111011,10111010000,00101011101,11100000111,01001110100,01110111010
01011010011,10010001110,00111100111,11011101001,10010110101,10001111011,10111010000,00101011101,11100000111,01001110100,01110111010
01111001101,11001101011,00010111011,11011010111,10101110101,11111110000,11110100111,11000111100,01101110110,10011101110,10100011010
01011010011,10010001110,00111100111,11011101001,10010110101,10001111011,10111010000,00101011101,11100000111,01001110100,01110111010
01001100101,11110010100,01010110011,10011111000,11100001001,00110101100,01101011010,10000111110,11011100010,00011001111,10101110011
10010111001,01011001101,11011010011,11111010100,01100110111,11101101001,10001011110,00111111010,11110001010,11011100110,10111000111
00100011101,11000111110,01110110100,10010010111,01011101111,11011011100,11101000110,00111111010,11110011011,11001110001,10110101101
11001101010,01111011001,01010010010,10111000111,10011110000,10110101010,00101111110,11100011100,01111100100,00010101101,11100110011
00100011101,11000111110,01110110100,10010010111,01011101111,11011011100,11101000110,00111111010,11110011011,11001110001,10110101101
10110010100,01011001110,10000100111,01010111011,00111100101,11011110001,10101011101,10111101010,11110000011,01101110010,11100101100
01011010011,10010001110,00111100111,11011101001,10010110101,10001111011,10111010000,00101011101,11100000111,01001110100,01110111010
01001101011,00111101100,01011010101,10011110001,11100001001,00100110111,00111011010,01010111100,11110100010,10010001111,11001010110
01011010011,00010110111,10011111000,10110010101,11111100110,11000011110,10101110011,11110101011,00111001110,10001001101,01101111101
01011010011,00010110111,10011111000,10110010101,11111100110,11000011110,10101110011,11110101011,00111001110,10001001101,01101111101
01011001110,11000101000,01010110001,10001110111,00101101101,10010011101,11110000111,00110111110,11101010100,10111001010,01100011011
01001100101,11110010100,01010110011,10011111000,11100001001,00110101100,01101011010,10000111110,11011100010,00011001111,10101110011
11001111001,00101001111,01011010010,10110011010,11111000001,11100010110,10011100010,01111101100,01110100011,00010110101,11010001111
10011101101,01110001111,11100010101,11110100001,10011010011,11101001010,01101011001,10100111011,00111110100,01001100111,11010111010
10111011001,11000101000,00011100011,11001010111,01011001100,11110010010,10110100101,10010111110,01101110100,10101001110,01100011111
10111011001,11000101000,00011100011,11001010111,01011001100,11110010010,10110100101,10010111110,01101110100,10101001110,01100011111
10010111001,01011001101,11011010011,11111010100,01100110111,11101101001,10001011110,00111111010,11110001010,11011100110,10111000111
10010111001,01011001101,11011010011,11111010100,01100110111,11101101001,10001011110,00111111010,11110001010,11011100110,10111000111
10101011101,01101101100,01111010110,11011110001,11110001000,10111100011,10011111010,00110111101,01101011011,11100110110,11010001111
00100011101,11000111110,01110110100,10010010111,01011101111,11011011100,11101000110,00111111010,11110011011,11001110001,10110101101
11011010111,01111011010,10001011011,00110110110,01101110101,01010111101,10111001101,10011110000,11100011100,01001101110,11110100011
01001100101,11110010100,01010110011,10011111000,11100001001,00110101100,01101011010,10000111110,11011100010,00011001111,10101110011
01001101011,00111101100,01011010101,10011110001,11100001001,00100110111,00111011010,01010111100,11110100010,10010001111,11001010110
01011010011,10010001110,00111100111,11011101001,10010110101,10001111011,10111010000,00101011101,11100000111,01001110100,01110111010
10010111001,01011001101,11011010011,11111010100,01100110111,11101101001,10001011110,00111111010,11110001010,11011100110,10111000111
11001111001,00101001111,01011010010,10110011010,11111000001,11100010110,10011100010,01111101100,01110100011,00010110101,11010001111
10111011001,11000101000,00011100011,11001010111,01011001100,11110010010,10110100101,10010111110,01101110100,10101001110,01100011111
00010111011,10111111100,10000011101,01011001110,11110110110,01001110100,10011100111,01110101101,00101010111,11101101010,11111010001
00001111001,11001101101,00111100101,00010101110,01100101011,01110011100,10100011111,01001010111,11010110001,11101110010,10011001011
01001100101,11110010100,01010110011,10011111000,11100001001,00110101100,01101011010,10000111110,11011100010,00011001111,10101110011
01011010011,10010001110,00111100111,11011101001,10010110101,10001111011,10111010000,00101011101,11100000111,01001110100,01110111010
01111001101,11001101011,00010111011,11011010111,10101110101,11111110000,11110100111,11000111100,01101110110,10011101110,10100011010
11001111001,00101001111,01011010010,10110011010,11111000001,11100010110,10011100010,01111101100,01110100011,00010110101,11010001111
01011001110,11000101000,01010110001,10001110111,00101101101,10010011101,11110000111,00110111110,11101010100,10111001010,01100011011
01001100101,11110010100,01010110011,10011111000,11100001001,00110101100,01101011010,10000111110,11011100010,00011001111,10101110011
01001101011,00111101100,01011010101,10011110001,11100001001,00100110111,00111011010,01010111100,11110100010,10010001111,11001010110
10101011001,11000011110,10011110110,00010111001,11110010100,01100110011,00110001111,00101111100,01111001010,11001101101,01011010101
01111001101,11001101011,00010111011,11011010111,10101110101,11111110000,11110100111,11000111100,01101110110,10011101110,10100011010
11011010111,01111011010,10001011011,00110110110,01101110101,01010111101,10111001101,10011110000,11100011100,01001101110,11110100011
11011010111,01111011010,10001011011,00110110110,01101110101,01010111101,10111001101,10011110000,11100011100,01001101110,11110100011
00001111001,11001101101,00111100101,00010101110,01100101011,01110011100,10100011111,01001010111,11010110001,11101110010,10011001011
01001101011,00111101100,01011010101,10011110001,11100001001,00100110111,00111011010,01010111100,11110100010,10010001111,11001010110
10111011001,11000101000,00011100011,11001010111,01011001100,11110010010,10110100101,10010111110,01101110100,10101001110,01100011111
10110010100,01011001110,10000100111,01010111011,00111100101,11011110001,10101011101,10111101010,11110000011,01101110010,11100101100
10110010100,01011001110,10000100111,01010111011,00111100101,11011110001,10101011101,10111101010,11110000011,01101110
10111011001,11000101000,00011100011,11001010111,01011001100,11110010010,10110100101,10010111110,01101110100,10101001110,01100011111
00100011101,11000111110,01110110100,10010010111,01011101111,11011011100,11101000110,00111111010,11110011011,11001110001,10110101101
00001111001,11001101101,00111100101,00010101110,01100101011,01110011100,10100011111,01001010111,11010110001,11101110010,10011001011
10010111001,01011001101,11011010011,11111010100,01100110111,11101101001,10001011110,00111111010,11110001010,11011100110,10111000111
01011010011,00010110111,10011111000,10110010101,11111100110,11000011110,10101110011,11110101011,00111001110,10001001101,01101111101
11001111001,00101001111,01011010010,10110011010,11111000001,11100010110,10011100010,01111101100,01110100011,00010110101,11010001111
10101011101,01101101100,01111010110,11011110001,11110001000,10111100011,10011111010,00110111101,01101011011,11100110110,11010001111
01011001110,11000101000,01010110001,10001110111,00101101101,10010011101,11110000111,00110111110,11101010100,10111001010,01100011011
01001100101,11110010100,01010110011,10011111000,11100001001,00110101100,01101011010,10000111110,11011100010,00011001111,10101110011
10111011001,11000101000,00011100011,11001010111,01011001100,11110010010,10110100101,10010111110,01101110100,10101001110,01100011111
00100011101,11000111110,01110110100,10010010111,01011101111,11011011100,11101000110,00111111010,11110011011,11001110001,10110101101
00010111011,10111111100,10000011101,01011001110,11110110110,01001110100,10011100111,01110101101,00101010111,11101101010,11111010001
01001101011,00111101100,01011010101,10011110001,11100001001,00100110111,00111011010,01010111100,11110100010,10010001111,11001010110
10101011001,11000011110,10011110110,00010111001,11110010100,01100110011,00110001111,00101111100,01111001010,11001101101,01011010101
11001111001,00101001111,01011010010,10110011010,11111000001,11100010110,10011100010,01111101100,01110100011,00010110101,11010001111
01011010011,10010001110,00111100111,11011101001,10010110101,10001111011,10111010000,00101011101,11100000111,01001110100,01110111010
11011010111,01111011010,10001011011,00110110110,01101110101,01010111101,10111001101,10011110000,11100011100,01001101110,11110100011
10110010100,01011001110,10000100111,01010111011,00111100101,11011110001,10101011101,10111101010,11110000011,01101110010,11100101100
10010111001,01011001101,11011010011,11111010100,01100110111,11101101001,10001011110,00111111010,11110001010,11011100110,10111000111
01011010011,10010001110,00111100111,11011101001,10010110101,10001111011,10111010000,00101011101,11100000111,01001110100,01110111010
10101011101,01101101100,01111010110,11011110001,11110001000,10111100011,10011111010,00110111101,01101011011,11100110110,11010001111
01111001101,11001101011,00010111011,11011010111,10101110101,11111110000,11110100111,11000111100,01101110110,10011101110,10100011010
10010111001,01011001101,11011010011,11111010100,01100110111,11101101001,10001011110,00111111010,11110001010,11011100110,10111000111
01011010011,00010110111,10011111000,10110010101,11111100110,11000011110,10101110011,11110101011,00111001110,10001001101,01101111101
01011001110,11000101000,01010110001,10001110111,00101101101,10010011101,11110000111,00110111110,11101010100,10111001010,01100011011
01011010011,00010110111,10011111000,10110010101,11111100110,11000011110,10101110011,11110101011,00111001110,10001001101,01101111101
00001111001,11001101101,00111100101,00010101110,01100101011,01110011100,10100011111,01001010111,11010110001,11101110010,10011001011
10110010100,01011001110,10000100111,01010111011,00111100101,11011110001,10101011101,10111101010,11110000011,01101110010,11100101100
00010111011,10111111100,10000011101,01011001110,11110110110,01001110100,10011100111,01110101101,00101010111,11101101010,11111010001
01011010011,10010001110,00111100111,11011101001,10010110101,10001111011,10111010000,00101011101,11100000111,01001110100,01110111010
10011101101,01110001111,11100010101,11110100001,10011010011,11101001010,01101011001,10100111011,00111110100,01001100111,11010111010
01001100101,11110010100,01010110011,10011111000,11100001001,00110101100,01101011010,10000111110,11011100010,00011001111,10101110011
10111011001,11000101000,00011100011,11001010111,01011001100,11110010010,10110100101,10010111110,01101110100,10101001110,01100011111
00010111011,10111111100,10000011101,01011001110,11110110110,01001110100,10011100111,01110101101,00101010111,11101101010,11111010001
01011001110,11000101000,01010110001,10001110111,00101101101,10010011101,11110000111,00110111110,11101010100,10111001010,01100011011
11001101010,01111011001,01010010010,10111000111,10011110000,10110101010,00101111110,11100011100,01111100100,00010101101,11100110011
10101011101,01101101100,01111010110,11011110001,11110001000,10111100011,10011111010,00110111101,01101011011,11100110110,11010001111
10001011001,110110011110,00011100011,001111001101,11110110100,0111001010,11011010111,10010101100,1110100,011011101,01100011011111
10101011101,01101101100,01111010110,11011110001,11110001000,10111100011,10011111010,00110111101,01101011011,11100110110,11010001111
00100011101,11000111110,01110110100,10010010111,01011101111,11011011100,11101000110,00111111010,11110011011,11001110001,10110101101
01011010011,00010110111,10011111000,10110010101,11111100110,11000011110,10101110011,11110101011,00111001110,10001001101,01101111101
10101011101,01101101100,01111010110,11011110001,11110001000,10111100011,10011111010,00110111101,01101011011,11100110110,11010001111
01111001101,11001101011,00010111011,11011010111,10101110101,11111110000,11110100111,11000111100,01101110110,10011101110,10100011010
00001111001,11001101101,00111100101,00010101110,01100101011,01110011100,10100011111,01001010111,11010110001,11101110010,10011001011
11001101010,01111011001,01010010010,10111000111,10011110000,10110101010,00101111110,11100011100,01111100100,00010101101,11100110011
11011010111,01111011010,10001011011,00110110110,01101110101,01010111101,10111001101,10011110000,11100011100,01001101110,11110100011
10110010100,01011001110,10000100111,01010111011,00111100101,11011110001,10101011101,10111101010,11110000011,01101110010,11100101100
00100011101,11000111110,01110110100,10010010111,01011101111,11011011100,11101000110,00111111010,11110011011,11001110001,10110101101
01001100101,11110010100,01010110011,10011111000,11100001001,00110101100,01101011010,10000111110,11011100010,00011001111,10101110011
01011010011,10010001110,00111100111,11011101001,10010110101,10001111011,10111010000,00101011101,11100000111,01001110100,01110111010
00010111011,10111111100,10000011101,01011001110,11110110110,01001110100,10011100111,01110101101,00101010111,11101101010,11111010001
10110010100,01011001110,10000100111,01010111011,00111100101,11011110001,10101011101,10111101010,11110000011,01101110010,11100101100
01001100101,11110010100,01010110011,10011111000,11100001001,00110101100,01101011010,10000111110,11011100010,00011001111,10101110011
01111001101,11001101011,00010111011,11011010111,10101110101,11111110000,11110100111,11000111100,01101110110,10011101110,10100011010
0111000111110,1100101101,01011010110,10111000111,1001111000,1011001110,011,10110100101,10010111100011110,1100011,01101111011,00110
00010111011,10111111100,10000011101,01011001110,11110110110,01001110100,10011100111,01110101101,00101010111,11101101010,11111010001
10010111001,01011001101,11011010011,11111010100,01100110111,11101101001,10001011110,00111111010,11110001010,11011100110,10111000111
00010111011,10111111100,10000011101,01011001110,11110110110,01001110100,10011100111,01110101101,00101010111,11101101010,11111010001
10010111001,01011001101,11011010011,11111010100,01100110111,11101101001,10001011110,00111111010,11110001010,11011100110,10111000111
10011101101,01110001111,11100010101,11110100001,10011010011,11101001010,01101011001,10100111011,00111110100,01001100111,11010111010
01111001101,11001101011,00010111011,11011010111,10101110101,11111110000,11110100111,11000111100,01101110110,10011101110,10100011010
01001101011,00111101100,01011010101,10011110001,11100001001,00100110111,00111011010,01010111100,11110100010,10010001111,11001010110
00001111001,11001101101,00111100101,00010101110,01100101011,01110011100,10100011111,01001010111,11010110001,11101110010,10011001011
10001101,01110001111,11100010101,1111010010110100111110101,1011111000111,1011001,10,01110100011111010,0011110,10110101101
00010111011,10111111100,10000011101,01011001110,11110110110,01001110100,10011100111,01110101101,00101010111,11101101010,11111010001
01011010011,00010110111,10011111000,10110010101,11111100110,11000011110,10101110011,11110101011,00111001110,10001001101,01101111101
10111011001,11000101000,00011100011,11001010111,01011001100,11110010010,10110100101,10010111110,01101110100,10101001110,01100011111
11011010111,01111011010,10001011011,00110110110,01101110101,01010111101,10111001101,10011110000,11100011100,01001101110,11110100011
11001111001,00101001111,01011010010,10110011010,11111000001,11100010110,10011100010,01111101100,01110100011,00010110101,11010001111
00010111011,10111111100,10000011101,01011001110,11110110110,01001110100,10011100111,01110101101,00101010111,11101101010,11111010001
00001111001,11001101101,00111100101,00010101110,01100101011,01110011100,10100011111,01001010111,11010110001,11101110010,10011001011
10110010100,01011001110,10000100111,01010111011,00111100101,11011110001,10101011101,10111101010,11110000011,01101110010,11100101100
10110010100,01011001110,10000100111,01010111011,00111100101,11011110001,10101011101,10111101010,11110000011,01101110010,11100101100
11011010111,01111011010,10001011011,00110110110,01101110101,01010111101,10111001101,10011110000,11100011100,01001101110,11110100011
01011001110,11000101000,01010110001,10001110111,00101101101,10010011101,11110000111,00110111110,11101010100,10111001010,01100011011
01011001110,11000101000,01010110001,10001110111,00101101101,10010011101,11110000111,00110111110,11101010100,10111001010,01100011011
01011010011,00010110111,10011111000,10110010101,11111100110,11000011110,10101110011,11110101011,00111001110,10001001101,01101111101
10101011001,11000011110,10011110110,00010111001,11110010100,01100110011,00110001111,00101111100,01111001010,11001101101,01011010101
11011010111,01111011010,10001011011,00110110110,01101110101,01010111101,10111001101,10011110000,11100011100,01001101110,11110100011
01001101011,00111101100,01011010101,10011110001,11100001001,00100110111,00111011010,01010111100,11110100010,10010001111,11001010110
10011101101,01110001111,11100010101,11110100001,10011010011,11101001010,01101011001,10100111011,00111110100,01001100111,11010111010
01001101011,00111101100,01011010101,10011110001,11100001001,00100110111,00111011010,01010111100,11110100010,10010001111,11001010110
01001101011,00111101100,01011010101,10011110001,11100001001,00100110111,00111011010,01010111100,11110100010,10010001111,11001010110
01001101011,00111101100,01011010101,10011110001,11100001001,00100110111,00111011010,01010111100,11110100010,10010001111,11001010110
01111001101,11001101011,00010111011,11011010111,10101110101,11111110000,11110100111,11000111100,01101110110,10011101110,10100011010
01001101011,00111101100,01011010101,10011110001,11100001001,00100110111,00111011010,01010111100,11110100010,10010001111,11001010110
01001100101,11110010100,01010110011,10011111000,11100001001,00110101100,01101011010,10000111110,11011100010,00011001111,10101110011
00001111001,11001101101,00111100101,00010101110,01100101011,01110011100,10100011111,01001010111,11010110001,11101110010,10011001011
10110010100,01011001110,10000100111,01010111011,00111100101,11011110001,10101011101,10111101010,11110000011,01101110010,11100101100
01001100101,11110010100,01010110011,10011111000,11100001001,00110101100,01101011010,10000111110,11011100010,00011001111,10101110011
10110010100,01011001110,10000100111,01010111011,00111100101,11011110001,10101011101,10111101010,11110000011,01101110010,11100101100
10111011001,11000101000,00011100011,11001010111,01011001100,11110010010,10110100101,10010111110,01101110100,10101001110,01100011111
10110010100,01011001110,10000100111,01010111011,00111100101,11011110001,10101011101,10111101010,11110000011,01101110010,11100101100
01001100101,11110010100,01010110011,10011111000,11100001001,00110101100,01101011010,10000111110,11011100010,00011001111,10101110011
00001111001,11001101101,00111100101,00010101110,01100101011,01110011100,10100011111,01001010111,11010110001,11101110010,10011001011
01001100101,11110010100,01010110011,10011111000,11100001001,00110101100,01101011010,10000111110,11011100010,00011001111,10101110011
00100011101,11000111110,01110110100,10010010111,01011101111,11011011100,11101000110,00111111010,11110011011,11001110001,10110101101
01111001101,11001101011,00010111011,11011010111,10101110101,11111110000,11110100111,11000111100,01101110110,10011101110,10100011010
11001111001,00101001111,01011010010,10110011010,11111000001,11100010110,10011100010,01111101100,01110100011,00010110101,11010001111
11001101010,01111011001,01010010010,10111000111,10011110000,10110101010,00101111110,11100011100,01111100100,00010101101,11100110011
01111001101,11001101011,00010111011,11011010111,10101110101,11111110000,11110100111,11000111100,01101110110,10011101110,10100011010
01111001101,11001101011,00010111011,11011010111,10101110101,11111110000,11110100111,11000111100,01101110110,10011101110,10100011010
10111011001,11000101000,00011100011,11001010111,01011001100,11110010010,10110100101,10010111110,01101110100,10101001110,01100011111
11011010111,01111011010,10001011011,00110110110,01101110101,01010111101,10111001101,10011110000,11100011100,01001101110,11110100011
10010111001,01011001101,11011010011,11111010100,01100110111,11101101001,10001011110,00111111010,11110001010,11011100110,10111000111
10011101101,01110001111,11100010101,11110100001,10011010011,11101001010,01101011001,10100111011,00111110100,01001100111,11010111010
01001100101,11110010100,01010110011,10011111000,11100001001,00110101100,01101011010,10000111110,11011100010,00011001111,10101110011
01011010011,10010001110,00111100111,11011101001,10010110101,10001111011,10111010000,00101011101,11100000111,01001110100,01110111010
01011010011,00010110111,10011111000,10110010101,11111100110,11000011110,10101110011,11110101011,00111001110,10001001101,01101111101
10101011101,01101101100,01111010110,11011110001,11110001000,10111100011,10011111010,00110111101,01101011011,11100110110,11010001111
11001101010,01111011001,01010010010,10111000111,10011110000,10110101010,00101111110,11100011100,01111100100,00010101101,11100110011
00100011101,11000111110,01110110100,10010010111,01011101111,11011011100,11101000110,00111111010,11110011011,11001110001,10110101101
10110010100,01011001110,10000100111,01010111011,00111100101,11011110001,10101011101,10111101010,11110000011,01101110010,11100101100
10011101101,01110001111,11100010101,11110100001,10011010011,11101001010,01101011001,10100111011,00111110100,01001100111,11010111010
01011010011,10010001110,00111100111,11011101001,10010110101,10001111011,10111010000,00101011101,11100000111,01001110100,01110111010
01001100101,11110010100,01010110011,10011111000,11100001001,00110101100,01101011010,10000111110,11011100010,00011001111,10101110011
01011010011,10010001110,00111100111,11011101001,10010110101,10001111011,10111010000,00101011101,11100000111,01001110100,01110111010
10110010100,01011001110,10000100111,01010111011,00111100101,11011110001,10101011101,10111101010,11110000011,01101110010,11100101100
00100011101,11000111110,01110110100,10010010111,01011101111,11011011100,11101000110,00111111010,11110011011,11001110001,10110101101
01001100101,11110010100,01010110011,10011111000,11100001001,00110101100,01101011010,10000111110,11011100010,00011001111,10101110011
01011010011,10010001110,00111100111,11011101001,10010110101,10001111011,10111010000,00101011101,11100000111,01001110100,01110111010
01001101011,00111101100,01011010101,10011110001,11100001001,00100110111,00111011010,01010111100,11110100010,10010001111,11001010110
01011010011,10010001110,00111100111,11011101001,10010110101,10001111011,10111010000,00101011101,11100000111,01001110100,01110111010
10110010100,01011001110,10000100111,01010111011,00111100101,11011110001,10101011101,10111101010,11110000011,01101110010,11100101100
10110010100,01011001110,10000100111,01010111011,00111100101,11011110001,10101011101,10111101010,11110000011,01101110010,11100101100
01011010011,00010110111,10011111000,10110010101,11111100110,11000011110,10101110011,11110101011,00111001110,10001001101,01101111101
10101011001,11000011110,10011110110,00010111001,11110010100,01100110011,00110001111,00101111100,01111001010,11001101101,01011010101
01011010011,00010110111,10011111000,10110010101,11111100110,11000011110,10101110011,11110101011,00111001110,10001001101,01101111101
11001111001,00101001111,01011010010,10110011010,11111000001,11100010110,10011100010,01111101100,01110100011,00010110101,11010001111
01001101011,00111101100,01011010101,10011110001,11100001001,00100110111,00111011010,01010111100,11110100010,10010001111,11001010110
00100011101,11000111110,01110110100,10010010111,01011101111,11011011100,11101000110,00111111010,11110011011,11001110001,10110101101
10010111001,01011001101,11011010011,11111010100,01100110111,11101101001,10001011110,00111111010,11110001010,11011100110,10111000111
10110010100,01011001110,10000100111,01010111011,00111100101,11011110001,10101011101,10111101010,11110000011,01101110010,11100101100
11011010111,01111011010,10001011011,00110110110,01101110101,01010111101,10111001101,10011110000,11100011100,01001101110,11110100011
01001100101,11110010100,01010110011,10011111000,11100001001,00110101100,01101011010,10000111110,11011100010,00011001111,10101110011
01011010011,10010001110,00111100111,11011101001,10010110101,10001111011,10111010000,00101011101,11100000111,01001110100,01110111010
01001101011,00111101100,01011010101,10011110001,11100001001,00100110111,00111011010,01010111100,11110100010,10010001111,11001010110
10110010100,01011001110,10000100111,01010111011,00111100101,11011110001,10101011101,10111101010,11110000011,01101110010,11100101100
10110010100,01011001110,10000100111,01010111011,00111100101,11011110001,10101011101,10111101010,11110000011,01101110010,11100101100
00100011101,11000111110,01110110100,10010010111,01011101111,11011011100,11101000110,00111111010,11110011011,11001110001,10110101101
10111011001,11000101000,00011100011,11001010111,01011001100,11110010010,10110100101,10010111110,01101110100,10101001110,01100011111
10111011001,11000101000,00011100011,11001010111,01011001100,11110010010,10110100101,10010111110,01101110100,10101001110,01100011111
10111011001,11000101000,00011100011,11001010111,01011001100,11110010010,10110100101,10010111110,01101110100,10101001110,01100011111
11001101010,01111011001,01010010010,10111000111,10011110000,10110101010,00101111110,11100011100,01111100100,00010101101,11100110011
10101011001,11000011110,10011110110,00010111001,11110010100,01100110011,00110001111,00101111100,01111001010,11001101101,01011010101
11011010111,01111011010,10001011011,00110110110,01101110101,01010111101,10111001101,10011110000,11100011100,01001101110,11110100011
00100011101,11000111110,01110110100,10010010111,01011101111,11011011100,11101000110,00111111010,11110011011,11001110001,10110101101
01001101011,00111101100,01011010101,10011110001,11100001001,00100110111,00111011010,01010111100,11110100010,10010001111,11001010110
11001111001,00101001111,01011010010,10110011010,11111000001,11100010110,10011100010,01111101100,01110100011,00010110101,11010001111
01011001110,11000101000,01010110001,10001110111,00101101101,10010011101,11110000111,00110111110,11101010100,10111001010,01100011011
10111011001,11000101000,00011100011,11001010111,01011001100,11110010010,10110100101,10010111110,01101110100,10101001110,01100011111
11001111001,00101001111,01011010010,10110011010,11111000001,11100010110,10011100010,01111101100,01110100011,00010110101,11010001111
01011010011,00010110111,10011111000,10110010101,11111100110,11000011110,10101110011,11110101011,00111001110,10001001101,01101111101
00100011101,11000111110,01110110100,10010010111,01011101111,11011011100,11101000110,00111111010,11110011011,11001110001,10110101101
01011010011,00010110111,10011111000,10110010101,11111100110,11000011110,10101110011,11110101011,00111001110,10001001101,01101111101
10010111001,01011001101,11011010011,11111010100,01100110111,11101101001,10001011110,00111111010,11110001010,11011100110,10111000111
00001111001,11001101101,00111100101,00010101110,01100101011,01110011100,10100011111,01001010111,11010110001,11101110010,10011001011
10011101101,01110001111,11100010101,11110100001,10011010011,11101001010,01101011001,10100111011,00111110100,01001100111,11010111010
11001101010,01111011001,01010010010,10111000111,10011110000,10110101010,00101111110,11100011100,01111100100,00010101101,11100110011
00001111001,11001101101,00111100101,00010101110,01100101011,01110011100,10100011111,01001010111,11010110001,11101110010,10011001011
01011010011,00010110111,10011111000,10110010101,11111100110,11000011110,10101110011,11110101011,00111001110,10001001101,01101111101
10111011001,11000101000,00011100011,11001010111,01011001100,11110010010,10110100101,10010111110,01101110100,10101001110,01100011111
01111001101,11001101011,00010111011,11011010111,10101110101,11111110000,11110100111,11000111100,01101110110,10011101110,10100011010
01001100101,11110010100,01010110011,10011111000,11100001001,00110101100,01101011010,10000111110,11011100010,00011001111,10101110011
01011001110,11000101000,01010110001,10001110111,00101101101,10010011101,11110000111,00110111110,11101010100,10111001010,01100011011
00001111001,11001101101,00111100101,00010101110,01100101011,01110011100,10100011111,01001010111,11010110001,11101110010,10011001011
11001101010,01111011001,01010010010,10111000111,10011110000,10110101010,00101111110,11100011100,01111100100,00010101101,11100110011
01001100101,11110010100,01010110011,10011111000,11100001001,00110101100,01101011010,10000111110,11011100010,00011001111,10101110011
01011010011,10010001110,00111100111,11011101001,10010110101,10001111011,10111010000,00101011101,11100000111,01001110100,01110111010
01001100101,11110010100,01010110011,10011111000,11100001001,00110101100,01101011010,10000111110,11011100010,00011001111,10101110011
01001101011,00111101100,01011010101,10011110001,11100001001,00100110111,00111011010,01010111100,11110100010,10010001111,11001010110
01011010011,00010110111,10011111000,10110010101,11111100110,11000011110,10101110011,11110101011,00111001110,10001001101,01101111101
11001101010,01111011001,01010010010,10111000111,10011110000,10110101010,00101111110,11100011100,01111100100,00010101101,11100110011
01011010011,10010001110,00111100111,11011101001,10010110101,10001111011,10111010000,00101011101,11100000111,01001110100,01110111010
00001111001,11001101101,00111100101,00010101110,01100101011,01110011100,10100011111,01001010111,11010110001,11101110010,10011001011
01011010011,00010110111,10011111000,10110010101,11111100110,11000011110,10101110011,11110101011,00111001110,10001001101,01101111101
10011101101,01110001111,11100010101,11110100001,10011010011,11101001010,01101011001,10100111011,00111110100,01001100111,11010111010
01001101011,00111101100,01011010101,10011110001,11100001001,00100110111,00111011010,01010111100,11110100010,10010001111,11001010110
01011010011,10010001110,00111100111,11011101001,10010110101,10001111011,10111010000,00101011101,11100000111,01001110100,01110111010
00001111001,11001101101,00111100101,00010101110,01100101011,01110011100,10100011111,01001010111,11010110001,11101110010,10011001011
01010101011,10111101110,00111100111,11011101001,10010110101,1000111101111010111010,010011011,11101,11100000111110,010,110100001110111010
01001100101,11110010100,01010110011,10011111000,11100001001,00110101100,01101011010,10000111110,11011100010,00011001111,10101110011
01001100101,11110010100,01010110011,10011111000,11100001001,00110101100,01101011010,10000111110,11011100010,00011001111,10101110011
10011101101,01110001111,11100010101,11110100001,10011010011,11101001010,01101011001,10100111011,00111110100,01001100111,11010111010
10111011001,11000101000,00011100011,11001010111,01011001100,11110010010,10110100101,10010111110,01101110100,10101001110,01100011111
11001101010,01111011001,01010010010,10111000111,10011110000,10110101010,00101111110,11100011100,01111100100,00010101101,11100110011
01111001101,11001101011,00010111011,11011010111,10101110101,11111110000,11110100111,11000111100,01101110110,10011101110,10100011010
10101011101,01101101100,01111010110,11011110001,11110001000,10111100011,10011111010,00110111101,01101011011,11100110110,11010001111
00010111011,10111111100,10000001101101101110001,11110110110,01001110100,10110110100111,1000111,11111010,1101010,11111010001
01011010011,10010001110,00111100111,11011101001,10010110101,10001111011,10111010000,00101011101,11100000111,01001110100,01110111010
01001100101,11110010100,01010110011,10011111000,11100001001,00110101100,01101011010,10000111110,11011100010,00011001111,10101110011
00001111001,11001101101,00111100101,00010101110,01100101011,01110011100,10100011111,01001010111,11010110001,11101110010,10011001011
00100011101,11000111110,01110110100,10010010111,01011101111,11011011100,11101000110,00111111010,11110011011,11001110001,10110101101
00100011101,11000111110,01110110100,10010010111,01011101111,11011011100,11101000110,00111111010,11110011011,11001110001,10110101101
00001111001,11001101101,00111100101,00010101110,01100101011,01110011100,10100011111,01001010111,11010110001,11101110010,10011001011
01001100101,11110010100,01010110011,10011111000,11100001001,00110101100,01101011010,10000111110,11011100010,00011001111,10101110011
10101011101,01101101100,01111010110,11011110001,11110001000,10111100011,10011111010,00110111101,01101011011,11100110110,11010001111
01011010011,10010001110,00111100111,11011101001,10010110101,10001111011,10111010000,00101011101,11100000111,01001110100,01110111010
10111011001,11000101000,00011100011,11001010111,01011001100,11110010010,10110100101,10010111110,01101110100,10101001110,01100011111
11001101010,01111011001,01010010010,10111000111,10011110000,10110101010,00101111110,11100011100,01111100100,00010101101,11100110011
01111001101,11001101011,00010111011,11011010111,10101110101,11111110000,11110100111,11000111100,01101110110,10011101110,10100011010
01001100101,11110010100,01010110011,10011111000,11100001001,00110101100,01101011010,10000111110,11011100010,00011001111,10101110011
00010111011,10111111100,10000011101,01011001110,11110110110,01001110100,10011100111,01110101101,00101010111,11101101010,11111010001
10101011001,11000011110,10011110110,00010111001,11110010100,01100110011,00110001111,00101111100,01111001010,11001101101,01011010101
01011010011,10010001110,00111100111,11011101001,10010110101,10001111011,10111010000,00101011101,11100000111,01001110100,01110111010
10010111001,01011001101,11011010011,11111010100,01100110111,11101101001,10001011110,00111111010,11110001010,11011100110,10111000111
01111001101,11001101011,00010111011,11011010111,10101110101,11111110000,11110100111,11000111100,01101110110,10011101110,10100011010
10010111001,01011001101,11011010011,11111010100,01100110111,11101101001,10001011110,00111111010,11110001010,11011100110,10111000111
10101011101,01101101100,01111010110,11011110001,11110001000,10111100011,10011111010,00110111101,01101011011,11100110110,11010001111
10011101101,01110001111,11100010101,11110100001,10011010011,11101001010,01101011001,10100111011,00111110100,01001100111,11010111010
01011010011,00010110111,10011111000,10110010101,11111100110,11000011110,10101110011,11110101011,00111001110,10001001101,01101111101
01111001101,11001101011,00010111011,11011010111,10101110101,11111110000,11110100111,11000111100,01101110110,10011101110,10100011010
01011001110,11000101000,01010110001,10001110111,00101101101,10010011101,11110000111,00110111110,11101010100,10111001010,01100011011
00100011101,11000111110,01110110100,10010010111,01011101111,11011011100,11101000110,00111111010,11110011011,11001110001,10110101101
01111001101,11001101011,00010111011,11011010111,10101110101,11111110000,11110100111,11000111100,01101110110,10011101110,10100011010
10101011101,01101101100,01111010110,11011110001,11110001000,10111100011,10011111010,00110111101,01101011011,11100110110,11010001111
10011101101,01110001111,11100010101,11110100001,10011010011,11101001010,01101011001,10100111011,00111110100,01001100111,11010111010
10011101101,01110001111,11100010101,11110100001,10011010011,11101001010,01101011001,10100111011,00111110100,01001100111,11010111010
01001100101,11110010100,01010110011,10011111000,11100001001,00110101100,01101011010,10000111110,11011100010,00011001111,10101110011
01011010011,10010001110,00111100111,11011101001,10010110101,10001111011,10111010000,00101011101,11100000111,01001110100,01110111010
00010111011,10111111100,10000011101,01011001110,11110110110,01001110100,10011100111,01110101101,00101010111,11101101010,11111010001
00100011101,11000111110,01110110100,10010010111,01011101111,11011011100,11101000110,00111111010,11110011011,11001110001,10110101101
01011001110,11000101000,01010110001,10001110111,00101101101,10010011101,11110000111,00110111110,11101010100,10111001010,01100011011
01011001110,11000101000,01010110001,10001110111,00101101101,10010011101,11110000111,00110111110,11101010100,10111001010,01100011011
01011010011,10010001110,00111100111,11011101001,10010110101,10001111011,10111010000,00101011101,11100000111,01001110100,01110111010
10010111001,01011001101,11011010011,11111010100,01100110111,11101101001,10001011110,00111111010,11110001010,11011100110,10111000111
10010111001,01011001101,11011010011,11111010100,01100110111,11101101001,10001011110,00111111010,11110001010,11011100110,10111000111
00100011101,11000111110,01110110100,10010010111,01011101111,11011011100,11101000110,00111111010,11110011011,11001110001,10110101101
10011101101,01110001111,11100010101,11110100001,10011010011,11101001010,01101011001,10100111011,00111110100,01001100111,11010111010
10111011001,11000101000,00011100011,11001010111,01011001100,11110010010,10110100101,10010111110,01101110100,10101001110,01100011111
01011010011,10010001110,00111100111,11011101001,10010110101,10001111011,10111010000,00101011101,11100000111,01001110100,01110111010
10010111001,01011001101,11011010011,11111010100,01100110111,11101101001,10001011110,00111111010,11110001010,11011100110,10111000111
01011001110,11000101000,01010110001,10001110111,00101101101,10010011101,11110000111,00110111110,11101010100,10111001010,01100011011
00010111011,10111111100,10000011101,01011001110,11110110110,01001110100,10011100111,01110101101,00101010111,11101101010,11111010001
10101011001,11000011110,10011110110,00010111001,11110010100,01100110011,00110001111,00101111100,01111001010,11001101101,01011010101
01011010011,10010001110,00111100111,11011101001,10010110101,10001111011,10111010000,00101011101,11100000111,01001110100,01110111010
10011101101,01110001111,11100010101,11110100001,10011010011,11101001010,01101011001,10100111011,00111110100,01001100111,11010111010
11001101010,01111011001,01010010010,10111000111,10011110000,10110101010,00101111110,11100011100,01111100100,00010101101,11100110011
01011010011,00010110111,10011111000,10110010101,11111100110,11000011110,10101110011,11110101011,00111001110,10001001101,01101111101
11001111001,00101001111,01011010010,10110011010,11111000001,11100010110,10011100010,01111101100,01110100011,00010110101,11010001111
01011010011,00010110111,10011111000,10110010101,11111100110,11000011110,10101110011,11110101011,00111001110,10001001101,01101111101
01011010011,10010001110,00111100111,11011101001,10010110101,10001111011,10111010000,00101011101,11100000111,01001110100,01110111010
00100011101,11000111110,01110110100,10010010111,01011101111,11011011100,11101000110,00111111010,11110011011,11001110001,10110101101
10110010100,01011001110,10000100111,01010111011,00111100101,11011110001,10101011101,10111101010,11110000011,01101110010,11100101100
01001101011,00111101100,01011010101,10011110001,11100001001,00100110111,00111011010,01010111100,11110100010,10010001111,11001010110
00011101101,10111101100,1000001110,00010111,11110110110,010110110110,10110110100111,1001010001110111,000110011110,01101110101101
00100011101,11000111110,01110110100,10010010111,01011101111,11011011100,11101000110,00111111010,11110011011,11001110001,10110101101
10111011001,11000101000,00011100011,11001010111,01011001100,11110010010,10110100101,10010111110,01101110100,10101001110,01100011111
01001100101,11110010100,01010110011,10011111000,11100001001,00110101100,01101011010,10000111110,11011100010,00011001111,10101110011
10010111001,01011001101,11011010011,11111010100,01100110111,11101101001,10001011110,00111111010,11110001010,11011100110,10111000111
10111011001,11000101000,00011100011,11001010111,01011001100,11110010010,10110100101,10010111110,01101110100,10101001110,01100011111
11001101010,01111011001,01010010010,10111000111,10011110000,10110101010,00101111110,11100011100,01111100100,00010101101,11100110011
10101011001,11000011110,10011110110,00010111001,11110010100,01100110011,00110001111,00101111100,01111001010,11001101101,01011010101
01001101011,00111101100,01011010101,10011110001,11100001001,00100110111,00111011010,01010111100,11110100010,10010001111,11001010110
01001100101,11110010100,01010110011,10011111000,11100001001,00110101100,01101011010,10000111110,11011100010,00011001111,10101110011
01111001101,11001101011,00010111011,11011010111,10101110101,11111110000,11110100111,11000111100,01101110110,10011101110,10100011010
01001100101,11110010100,01010110011,10011111000,11100001001,00110101100,01101011010,10000111110,11011100010,00011001111,10101110011
00010111011,10111111100,10000011101,01011001110,11110110110,01001110100,10011100111,01110101101,00101010111,11101101010,11111010001
01011010011,10010001110,00111100111,11011101001,10010110101,10001111011,10111010000,00101011101,11100000111,01001110100,01110111010
10011101101,01110001111,11100010101,11110100001,10011010011,11101001010,01101011001,10100111011,00111110100,01001100111,11010111010
10101011001,11000011110,10011110110,00010111001,11110010100,01100110011,00110001111,00101111100,01111001010,11001101101,01011010101
10110010100,01011001110,10000100111,01010111011,00111100101,11011110001,10101011101,10111101010,11110000011,01101110010,11100101100
10110010100,01011001110,10000100111,01010111011,00111100101,11011110001,10101011101,10111101010,11110000011,01101110010,11100101100
10101011001,11000011110,10011110110,00010111001,11110010100,01100110011,00110001111,00101111100,01111001010,11001101101,01011010101
00001111001,11001101101,00111100101,00010101110,01100101011,01110011100,10100011111,01001010111,11010110001,11101110010,10011001011
01001100101,11110010100,01010110011,10011111000,11100001001,00110101100,01101011010,10000111110,11011100010,00011001111,10101110011
10111011001,11000101000,00011100011,11001010111,01011001100,11110010010,10110100101,10010111110,01101110100,10101001110,01100011111
11001111001,00101001111,01011010010,10110011010,11111000001,11100010110,10011100010,01111101100,01110100011,00010110101,11010001111
01111001101,11001101011,00010111011,11011010111,10101110101,11111110000,11110100111,1100011
11011010111,01111011010,10001011011,00110110110,01101110101,01010111101,10111001101,10011110000,11100011100,01001101110,11110100011
00100011101,11000111110,01110110100,10010010111,01011101111,11011011100,11101000110,00111111010,11110011011,11001110001,10110101101
10011101101,01110001111,11100010101,11110100001,10011010011,11101001010,01101011001,10100111011,00111110100,01001100111,11010111010
10101011101,01101101100,01111010110,11011110001,11110001000,10111100011,10011111010,00110111101,01101011011,11100110110,11010001111
10101011001,11000011110,10011110110,00010111001,11110010100,01100110011,00110001111,00101111100,01111001010,11001101101,01011010101
01001100101,11110010100,01010110011,10011111000,11100001001,00110101100,01101011010,10000111110,11011100010,00011001111,10101110011
11011010111,01111011010,10001011011,00110110110,01101110101,01010111101,10111001101,10011110000,11100011100,01001101110,11110100011
01001100101,11110010100,01010110011,10011111000,11100001001,00110101100,01101011010,10000111110,11011100010,00011001111,10101110011
10010111001,01011001101,11011010011,11111010100,01100110111,11101101001,10001011110,00111111010,11110001010,11011100110,10111000111
01001100101,11110010100,01010110011,10011111000,11100001001,00110101100,01101011010,10000111110,11011100010,00011001111,10101110011
01001100101,11110010100,01010110011,10011111000,11100001001,00110101100,01101011010,10000111110,11011100010,00011001111,10101110011
01111001101,11001101011,00010111011,11011010111,10101110101,11111110000,11110100111,11000111100,01101110110,10011101110,10100011010
00001111001,11001101101,00111100101,00010101110,01100101011,01110011100,10100011111,01001010111,11010110001,11101110010,10011001011
01011010011,10010001110,00111100111,11011101001,10010110101,10001111011,10111010000,00101011101,11100000111,01001110100,01110111010
01011010011,10010001110,00111100111,11011101001,10010110101,10001111011,10111010000,00101011101,11100000111,01001110100,01110111010
11001111001,00101001111,01011010010,10110011010,11111000001,11100010110,10011100010,01111101100,01110100011,00010110101,11010001111
10010111001,01011001101,11011010011,11111010100,01100110111,11101101001,10001011110,00111111010,11110001010,11011100110,10111000111
10111011001,11000101000,00011100011,11001010111,01011001100,11110010010,10110100101,10010111110,01101110100,10101001110,01100011111
01111001101,11001101011,00010111011,11011010111,10101110101,11111110000,11110100111,11000111100,01101110110,10011101110,10100011010
10101011101,01101101100,01111010110,11011110001,11110001000,10111100011,10011111010,00110111101,01101011011,11100110110,11010001111
01011010011,10010001110,00111100111,11011101001,10010110101,10001111011,10111010000,00101011101,11100000111,01001110100,01110111010
01001100101,11110010100,01010110011,10011111000,11100001001,00110101100,01101011010,10000111110,11011100010,00011001111,10101110011
01011001110,11000101000,01010110001,10001110111,00101101101,10010011101,11110000111,00110111110,11101010100,10111001010,01100011011
01011010011,10010001110,00111100111,11011101001,10010110101,10001111011,10111010000,00101011101,11100000111,01001110100,01110111010
0111000111100,01011001101,10011111000,01101100101101,11111100110,11110101010,00111111,0101011100,110111101011000111,11110101101
11001111001,00101001111,01011010010,10110011010,11111000001,11100010110,10011100010,01111101100,01110100011,00010110101,11010001111
01111001101,11001101011,00010111011,11011010111,10101110101,11111110000,11110100111,11000111100,01101110110,10011101110,10100011010
01001101011,00111101100,01011010101,10011110001,11100001001,00100110111,00111011010,01010111100,11110100010,10010001111,11001010110
01011010011,00010110111,10011111000,10110010101,11111100110,11000011110,10101110011,11110101011,00111001110,10001001101,01101111101
10011101101,01110001100110,11100010101,11110100001,10011010011,11101001010,01101011001,10100111011,00111110100,01001100111,11010111010
01001101011,00111101100,01011010101,10011110001,11100001001,00100110111,00111011010,01010111100,11110100010,10010001111,11001010110
10111011001,11000101000,00011100011,11001010111,01011001100,11110010010,10110100101,10010111110,01101110100,10101001110,01100011111
00001111001,11001101101,00111100101,00010101110,01100101011,01110011100,10100011111,01001010111,11010110001,11101110010,10011001011
00001111001,11001101101,00111100101,00010101110,01100101011,01110011100,10100011111,01001010111,11010110001,11101110010,10011001011
01011010011,10010001110,00111100111,11011101001,10010110101,10001111011,10111010000,00101011101,11100000111,01001110100,01110111010
10101011101,01101101100,01111010110,11011110001,11110001000,10111100011,10011111010,00110111101,01101011011,11100110110,11010001111
01011010011,10010001110,00111100111,11011101001,10010110101,10001111011,10111010000,00101011101,11100000111,01001110100,01110111010
10101011001,11000011110,10011110110,00010111001,11110010100,01100110011,00110001111,00101111100,01111001010,11001101101,01011010101
01011010011,00010110111,10011111000,10110010101,11111100110,11000011110,10101110011,11110101011,00111001110,10001001101,01101111101
01011010011,00010110111,10011111000,10110010101,11111100110,11000011110,10101110011,11110101011,00111001110,10001001101,01101111101
00001111001,11001101101,00111100101,00010101110,01100101011,01110011100,10100011111,01001010111,11010110001,11101110010,10011001011
01011010011,10010001110,00111100111,11011101001,10010110101,10001111011,10111010000,00101011101,11100000111,01001110100,01110111010
01001100101,11110010100,01010110011,10011111000,11100001001,00110101100,01101011010,10000111110,11011100010,00011001111,10101110011
10110010100,01011001110,10000100111,01010111011,00111100101,11011110001,10101011101,10111101010,11110000011,01101110010,11100101100
10110010100,01011001110,10000100111,01010111011,00111100101,11011110001,10101011101,10111101010,11110000011,01101110010,11100101100
01001100101,11110010100,01010110011,10011111000,11100001001,00110101100,01101011010,10000111110,11011100010,00011001111,10101110011
11001101010,01111011001,01010010010,10111000111,10011110000,10110101010,00101111110,11100011100,01111100100,00010101101,11100110011
01111001101,11001101011,00010111011,11011010111,10101110101,11111110000,11110100111,11000111100,01101110110,10011101110,10100011010
01001100101,11110010100,01010110011,10011111000,11100001001,00110101100,01101011010,10000111110,11011100010,00011001111,10101110011
10110010100,01011001110,10000100111,01010111011,00111100101,11011110001,10101011101,10111101010,11110000011,01101110010,11100101100
00100011101,11000111110,01110110100,10010010111,01011101111,11011011100,11101000110,00111111010,11110011011,11001110001,10110101101
10101011101,01101101100,01111010110,11011110001,11110001000,10111100011,10011111010,00110111101,01101011011,11100110110,11010001111
00010111011,10111111100,10000011101,01011001110,11110110110,01001110100,10011100111,01110101101,00101010111,11101101010,11111010001
10110010100,01011001110,10000100111,01010111011,00111100101,11011110001,10101011101,10111101010,11110000011,01101110010,11100101100
01001100101,11110010100,01010110011,10011111000,11100001001,00110101100,01101011010,10000111110,11011100010,00011001111,10101110011
00010111011,10111111100,10000011101,01011001110,11110110110,01001110100,10011100111,01110101101,00101010111,11101101010,11111010001
00001111001,11001101101,00111100101,00010101110,01100101011,01110011100,10100011111,01001010111,11010110001,11101110010,10011001011
01011010011,00010110111,10011111000,10110010101,11111100110,11000011110,10101110011,11110101011,00111001110,10001001101,01101111101
10101011101,01101101100,01111010110,11011110001,11110001000,10111100011,10011111010,00110111101,01101011011,11100110110,11010001111
00001111001,11001101101,00111100101,00010101110,01100101011,01110011100,10100011111,01001010111,11010110001,11101110010,10011001011
10011101101,01110001111,11100010101,11110100001,10011010011,11101001010,01101011001,10100111011,00111110100,01001100111,11010111010
01001100101,11110010100,01010110011,10011111000,11100001001,00110101100,01101011010,10000111110,11011100010,00011001111,10101110011
01011010011,10010001110,00111100111,11011101001,10010110101,10001111011,10111010000,00101011101,11100000111,01001110100,01110111010
10011101101,01110001111,11100010101,11110100001,10011010011,11101001010,01101011001,10100111011,00111110100,01001100111,11010111010
10101011101,01101101100,01111010110,11011110001,11110001000,10111100011,10011111010,00110111101,01101011011,11100110110,11010001111
01001101011,00111101100,01011010101,10011110001,11100001001,00100110111,00111011010,01010111100,11110100010,10010001111,11001010110
00010111011,10111111100,10000011101,01011001110,11110110110,01001110100,10011100111,01110101101,00101010111,11101101010,11111010001
01001100101,11110010100,01010110011,10011111000,11100001001,00110101100,01101011010,
10010111001,01011001101,11011010011,11111010100,01100110111,11101101001,10001011110,00111111010,11110001010,11011100110,10111000111
00100011101,11000111110,01110110100,10010010111,01011101111,11011011100,11101000110,00111111010,11110011011,11001110001,10110101101
01011010011,00010110111,10011111000,10110010101,11111100110,11000011110,10101110011,11110101011,00111001110,10001001101,01101111101
10011101101,01110001111,11100010101,11110100001,10011010011,11101001010,01101011001,10100111011,00111110100,01001100111,11010111010
01011001110,11000101000,01010110001,10001110111,00101101101,10010011101,11110000111,00110111110,11101010100,10111001010,01100011011
00100011101,11000111110,01110110100,10010010111,01011101111,11011011100,11101000110,00111111010,11110011011,11001110001,10110101101
00001111001,11001101101,00111100101,00010101110,01100101011,01110011100,10100011111,01001010111,11010110001,11101110010,10011001011
10110010100,01011001110,10000100111,01010111011,00111100101,11011110001,10101011101,10111101010,11110000011,01101110010,11100101100
01001101011,00111101100,01011010101,10011110001,11100001001,00100110111,00111011010,01010111100,11110100010,10010001111,11001010110
10110010100,01011001110,10000100111,01010111011,00111100101,11011110001,10101011101,10111101010,11110000011,01101110010,11100101100
1001111001,0101101100,010100011,10110010101,111000010101,010110010,0110011011110,11101101,1110,11100010100,1011,010,111001101110
10011101101,01110001111,11100010101,11110100001,10011010011,11101001010,01101011001,10100111011,00111110100,01001100111,11010111010
10101011001,11000011110,10011110110,00010111001,11110010100,01100110011,00110001111,00101111100,01111001010,11001101101,01011010101
10110010100,01011001110,10000100111,01010111011,00111100101,11011110001,10101011101,10111101010,11110000011,01101110010,11100101100
10101011001,11000011110,10011110110,00010111001,11110010100,01100110011,00110001111,00101111100,01111001010,11001101101,01011010101
10101011001,11000011110,10011110110,00010111001,11110010100,01100110011,00110001111,00101111100,01111001010,11001101101,01011010101
00100011101,11000111110,01110110100,10010010111,01011101111,11011011100,11101000110,00111111010,11110011011,11001110001,10110101101
01011010011,00010110111,10011111000,10110010101,11111100110,11000011110,10101110011,11110101011,00111001110,10001001101,01101111101
11011010111,01111011010,10001011011,00110110110,01101110101,01010111101,10111001101,10011110000,11100011100,01001101110,11110100011
10011101101,01110001111,11100010101,11110100001,10011010011,11101001010,01101011001,10100111011,00111110100,01001100111,11010111010
10011101101,01110001111,11100010101,11110100001,10011010011,11101001010,01101011001,10100111011,00111110100,01001100111,11010111010
00001111001,11001101101,00111100101,00010101110,01100101011,01110011100,10100011111,01001010111,11010110001,11101110010,10011001011
01011001110,11000101000,01010110001,10001110111,00101101101,10010011101,11110000111,00110111110,11101010100,10111001010,01100011011
01011010011,00010110111,10011111000,10110010101,11111100110,11000011110,10101110011,11110101011,00111001110,10001001101,01101111101
10011101101,01110001111,11100010101,11110100001,10011010011,11101001010,01101011001,10100111011,00111110100,01001100111,11010111010
00010111011,10111111100,10000011101,01011001110,11110110110,01001110100,10011100111,01110101101,00101010111,11101101010,11111010001
01111001101,11001101011,00010111011,11011010111,10101110101,11111110000,11110100111,11000111100,01101110110,10011101110,10100011010
01011010011,00010110111,10011111000,10110010101,11111100110,11000011110,10101110011,11110101011,00111001110,10001001101,01101111101
11001111001,00101001111,01011010010,10110011010,11111000001,11100010110,10011100010,01111101100,01110100011,00010110101,11010001111
11011010111,01111011010,10001011011,00110110110,01101110101,01010111101,10111001101,10011110000,11100011100,01001101110,11110100011
01111001101,11001101011,00010111011,11011010111,10101110101,11111110000,11110100111,11000111100,01101110110,10011101110,10100011010
00001111001,11001101101,00111100101,00010101110,01100101011,01110011100,10100011111,01001010111,11010110001,11101110010,10011001011
11001101010,01111011001,01010010010,10111000111,10011110000,10110101010,00101111110,11100011100,01111100100,00010101101,11100110011
01001100101,11110010100,01010110011,10011111000,11100001001,00110101100,01101011010,10000111110,11011100010,00011001111,10101110011
00100011101,11000111110,01110110100,10010010111,01011101111,11011011100,11101000110,00111111010,11110011011,11001110001,10110101101
01011010011,00010110111,10011111000,10110010101,11111100110,11000011110,10101110011,11110101011,00111001110,10001001101,01101111101
01111001101,11001101011,00010111011,11011010111,10101110101,11111110000,11110100111,11000111100,01101110110,10011101110,10100011010
01011010011,00010110111,10011111000,10110010101,11111100110,11000011110,10101110011,11110101011,00111001110,10001001101,01101111101
00001111001,11001101101,00111100101,00010101110,01100101011,01110011100,10100011111,01001010111,11010110001,11101110010,10011001011
01001100101,11110010100,01010110011,10011111000,11100001001,00110101100,01101011010,10000111110,11011100010,00011001111,10101110011
10011101101,01110001111,11100010101,11110100001,10011010011,11101001010,01101011001,10100111011,00111110100,01001100111,11010111010
00100011101,11000111110,01110110100,10010010111,01011101111,11011011100,11101000110,00111111010,11110011011,11001110001,10110101101
00100011101,11000111110,01110110100,10010010111,01011101111,11011011100,11101000110,00111111010,11110011011,11001110001,10110101101
00001111001,11001101101,00111100101,00010101110,01100101011,01110011100,10100011111,01001010111,11010110001,11101110010,10011001011
10101011001,11000011110,10011110110,00010111001,11110010100,01100110011,00110001111,00101111100,01111001010,11001101101,01011010101
01011001110,11000101000,01010110001,10001110111,00101101101,10010011101,11110000111,00110111110,11101010100,10111001010,01100011011
01011010011,00010110111,10011111000,10110010101,11111100110,11000011110,10101110011,11110101011,00111001110,10001001101,01101111101
01111001101,11001101011,00010111011,11011010111,10101110101,11111110000,11110100111,11000111100,01101110110,10011101110,10100011010
01011010011,00010110111,10011111000,10110010101,11111100110,11000011110,10101110011,11110101011,00111001110,10001001101,01101111101
01001101011,00111101100,01011010101,10011110001,11100001001,00100110111,00111011010,01010111100,11110100010,10010001111,11001010110
01011001110,11000101000,01010110001,10001110111,00101101101,10010011101,11110000111,00110111110,11101010100,10111001010,01100011011
10011101101,01110001111,11100010101,11110100001,10011010011,11101001010,01101011001,10100111011,00111110100,01001100111,11010111010
01001100101,11110010100,01010110011,10011111000,11100001001,00110101100,01101011010,10000111110,11011100010,00011001111,10101110011
01011010011,10010001110,00111100111,11011101001,10010110101,10001111011,10111010000,00101011101,11100000111,01001110100,01110111010
11011010111,01111011010,10001011011,00110110110,01101110101,01010111101,10111001101,10011110000,11100011100,01001101110,11110100011
10010111001,01011001101,11011010011,11111010100,01100110111,11101101001,10001011110,00111111010,11110001010,11011100110,10111000111
01111001101,11001101011,00010111011,11011010111,10101110101,11111110000,11110100111,11000111100,01101110110,10011101110,10100011010
00001111001,11001101101,00111100101,00010101110,01100101011,01110011100,10100011111,01001010111,11010110001,11101110010,10011001011
01001101011,00111101100,01011010101,10011110001,11100001001,00100110111,00111011010,01010111100,11110100010,10010001111,11001010110
01001100101,11110010100,01010110011,10011111000,11100001001,00110101100,01101011010,10000111110,11011100010,00011001111,10101110011
11001111001,00101001111,01011010010,10110011010,11111000001,11100010110,10011100010,01111101100,01110100011,00010110101,11010001111
00010111011,10111111100,10000011101,01011001110,11110110110,01001110100,10011100111,01110101101,00101010111,11101101010,11111010001
11001111001,00101001111,01011010010,10110011010,11111000001,11100010110,10011100010,01111101100,01110100011,00010110101,11010001111
00010111011,10111111100,10000011101,01011001110,11110110110,01001110100,10011100111,01110101101,00101010111,11101101010,11111010001
10101011001,11000011110,10011110110,00010111001,11110010100,01100110011,00110001111,00101111100,01111001010,11001101101,01011010101
01001100101,11110010100,01010110011,10011111000,11100001001,00110101100,01101011010,10000111110,11011100010,00011001111,10101110011
10110010100,01011001110,10000100111,01010111011,00111100101,11011110001,10101011101,10111101010,11110000011,01101110010,11100101100
01011010011,10010001110,00111100111,11011101001,10010110101,10001111011,10111010000,00101011101,11100000111,01001110100,01110111010
01001100101,11110010100,01010110011,10011111000,11100001001,00110101100,01101011010,10000111110,11011100010,00011001111,10101110011
00100011101,11000111110,01110110100,10010010111,01011101111,11011011100,11101000110,00111111010,11110011011,11001110001,10110101101
00001111001,11001101101,00111100101,00010101110,01100101011,01110011100,10100011111,01001010111,11010110001,11101110010,10011001011
10110010100,01011001110,10000100111,01010111011,00111100101,11011110001,10101011101,10111101010,11110000011,01101110010,11100101100
10111011001,11000101000,00011100011,11001010111,01011001100,11110010010,10110100101,10010111110,01101110100,10101001110,01100011111
01001101011,00111101100,01011010101,10011110001,11100001001,00100110111,00111011010,01010111100,11110100010,10010001111,11001010110
01001100101,11110010100,01010110011,10011111000,11100001001,00110101100,01101011010,10000111110,11011100010,00011001111,10101110011
01001100101,11110010100,01010110011,10011111000,11100001001,00110101100,01101011010,10000111110,11011100010,00011001111,10101110011
10010111001,01011001101,11011010011,11111010100,01100110111,11101101001,10001011110,00111111010,11110001010,11011100110,10111000111
11001101010,01111011001,01010010010,10111000111,10011110000,10110101010,00101111110,11100011100,01111100100,00010101101,11100110011
01011010011,10010001110,00111100111,11011101001,10010110101,10001111011,10111010000,00101011101,11100000111,01001110100,01110111010
11011010111,01111011010,10001011011,00110110110,01101110101,01010111101,10111001101,10011110000,11100011100,01001101110,11110100011
01111001101,11001101011,00010111011,11011010111,10101110101,11111110000,11110100111,11000111100,01101110110,10011101110,10100011010
00100011101,11000111110,01110110100,10010010111,01011101111,11011011100,11101000110,00111111010,11110011011,11001110001,10110101101
11001101010,01111011001,01010010010,10111000111,10011110000,10110101010,00101111110,11100011100,01111100100,00010101101,11100110011
10011101101,01110001111,11100010101,11110100001,10011010011,11101001010,01101011001,10100111011,00111110100,01001100111,11010111010
00100011101,11000111110,01110110100,10010010111,01011101111,11011011100,11101000110,00111111010,11110011011,11001110001,10110101101
10101011001,11000011110,10011110110,00010111001,11110010100,01100110011,00110001111,00101111100,01111001010,11001101101,01011010101
01011010011,00010110111,10011111000,10110010101,11111100110,11000011110,10101110011,11110101011,00111001110,10001001101,01101111101
01001100101,11110010100,01010110011,10011111000,11100001001,00110101100,01101011010,10000111110,11011100010,00011001111,10101110011
01011010011,10010001110,00111100111,11011101001,10010110101,10001111011,10111010000,00101011101,11100000111,01001110100,01110111010
10101011101,01101101100,01111010110,11011110001,11110001000,10111100011,10011111010,00110111101,01101011011,11100110110,11010001111
01001100101,11110010100,01010110011,10011111000,11100001001,00110101100,01101011010,10000111110,11011100010,00011001111,10101110011
10101011101,01101101100,01111010110,11011110001,11110001000,10111100011,10011111010,00110111101,01101011011,11100110110,11010001111
01011010011,00010110111,10011111000,10110010101,11111100110,11000011110,10101110011,11110101011,00111001110,10001001101,01101111101
01011010011,10010001110,00111100111,11011101001,10010110101,10001111011,10111010000,00101011101,11100000111,01001110100,01110111010
10010111001,01011001101,11011010011,11111010100,01100110111,11101101001,10001011110,00111111010,11110001010,11011100110,10111000111
01001100101,11110010100,01010110011,10011111000,11100001001,00110101100,01101011010,10000111110,11011100010,00011001111,10101110011
11001101010,01111011001,01010010010,10111000111,10011110000,10110101010,00101111110,11100011100,01111100100,00010101101,11100110011
10101011001,11000011110,10011110110,00010111001,11110010100,01100110011,00110001111,00101111100,01111001010,11001101101,01011010101
11011010111,01111011010,10001011011,00110110110,01101110101,01010111101,10111001101,10011110000,11100011100,01001101110,11110100011
00100011101,11000111110,01110110100,10010010111,01011101111,11011011100,11101000110,00111111010,11110011011,11001110001,10110101101
01011001110,11000101000,01010110001,10001110111,00101101101,10010011101,11110000111,00110111110,11101010100,10111001010,01100011011
01111001101,11001101011,00010111011,11011010111,10101110101,11111110000,11110100111,11000111100,01101110110,10011101110,10100011010
00010111011,10111111100,10000011101,01011001110,11110110110,01001110100,10011100111,01110101101,00101010111,11101101010,11111010001
00100011101,11000111110,01110110100,10010010111,01011101111,11011011100,11101000110,00111111010,11110011011,11001110001,10110101101
10010111001,01011001101,11011010011,11111010100,01100110111,11101101001,10001011110,00111111010,11110001010,11011100110,10111000111
10110010100,01011001110,10000100111,01010111011,00111100101,11011110001,10101011101,10111101010,11110000011,01101110010,11100101100
10110010100,01011001110,10000100111,01010111011,00111100101,11011110001,10101011101,10111101010,11110000011,01101110010,11100101100
11011010111,01111011010,10001011011,00110110110,01101110101,01010111101,10111001101,10011110000,11100011100,01001101110,11110100011
10011101101,01110001111,11100010101,11110100001,10011010011,11101001010,01101011001,10100111011,00111110100,01001100111,11010111010
01001100101,11110010100,01010110011,10011111000,11100001001,00110101100,01101011010,10000111110,11011100010,00011001111,10101110011
10010111001,01011001101,11011010011,11111010100,01100110111,11101101001,10001011110,00111111010,11110001010,11011100110,10111000111
01011010011,10010001110,00111100111,11011101001,10010110101,10001111011,10111010000,00101011101,11100000111,01001110100,01110111010
10011101101,01110001111,11100010101,11110100001,10011010011,11101001010,01101011001,10100111011,00111110100,01001100111,11010111010
00010111011,10111111100,10000011101,01011001110,11110110110,01001110100,10011100111,01110101101,00101010111,11101101010,11111010001
01001100101,11110010100,01010110011,10011111000,11100001001,00110101100,01101011010,10000111110,11011100010,00011001111,10101110011
01011010011,10010001110,00111100111,11011101001,10010110101,10001111011,10111010000,00101011101,11100000111,01001110100,01110111010
01001100101,11110010100,01010110011,10011111000,11100001001,00110101100,01101011010,10000111110,11011100010,00011001111,10101110011
01111001101,11001101011,00010111011,11011010111,10101110101,11111110000,11110100111,11000111100,01101110110,10011101110,10100011010
10110010100,01011001110,10000100111,01010111011,00111100101,11011110001,10101011101,10111101010,11110000011,01101110010,11100101100
10110010100,01011001110,10000100111,01010111011,00111100101,11011110001,10101011101,10111101010,11110000011,01101110010,11100101100
00001111001,11001101101,00111100101,00010101110,01100101011,01110011100,10100011111,01001010111,11010110001,11101110010,10011001011
01001101011,00111101100,01011010101,10011110001,11100001001,00100110111,00111011010,01010111100,11110100010,10010001111,11001010110
01001101011,00111101100,01011010101,10011110001,11100001001,00100110111,00111011010,01010111100,11110100010,10010001111,11001010110
01001101011,00111101100,01011010101,10011110001,11100001001,00100110111,00111011010,01010111100,11110100010,10010001111,11001010110
10010111001,01011001101,11011010011,11111010100,01100110111,11101101001,10001011110,00111111010,11110001010,11011100110,10111000111
01111001101,11001101011,00010111011,11011010111,10101110101,11111110000,11110100111,11000111100,01101110110,10011101110,10100011010
00010111011,10111111100,10000011101,01011001110,11110110110,01001110100,10011100111,01110101101,00101010111,11101101010,11111010001
01011010011,10010001110,00111100111,11011101001,10010110101,10001111011,10111010000,00101011101,11100000111,01001110100,01110111010
11011010111,01111011010,10001011011,00110110110,01101110101,01010111101,10111001101,10011110000,11100011100,01001101110,11110100011
10101001011101,1101101100,1001111010,11111011100011,11110010100,01100110011,1111100011,00101111100,0101011011,1101011,11110101101
00010111011,10111111100,10000011101,01011001110,11110110110,01001110100,10011100111,01110101101,00101010111,11101101010,11111010001
10011101101,01110001111,11100010101,11110100001,10011010011,11101001010,01101011001,10100111011,00111110100,01001100111,11010111010
00001111001,11001101101,00111100101,00010101110,01100101011,01110011100,10100011111,01001010111,11010110001,11101110010,10011001011
10110010100,01011001110,10000100111,01010111011,00111100101,11011110001,10101011101,10111101010,11110000011,01101110010,11100101100
00010111011,10111111100,10000011101,01011001110,11110110110,01001110100,10011100111,01110101101,00101010111,11101101010,11111010001
10010111001,01011001101,11011010011,11111010100,01100110111,11101101001,10001011110,00111111010,11110001010,11011100110,10111000111
01011010011,00010110111,10011111000,10110010101,11111100110,11000011110,10101110011,11110101011,00111001110,10001001101,01101111101
10011101101,01110001111,11100010101,11110100001,10011010011,11101001010,01101011001,10100111011,00111110100,01001100111,11010111010
10111011001,11000101000,00011100011,11001010111,01011001100,11110010010,10110100101,10010111110,01101110100,10101001110,01100011111
11011010111,01111011010,10001011011,00110110110,01101110101,01010111101,10111001101,10011110000,11100011100,01001101110,11110100011
10011101101,01110001111,11100010101,11110100001,10011010011,11101001010,01101011001,10100111011,00111110100,01001100111,11010111010
01111001101,11001101011,00010111011,11011010111,10101110101,11111110000,11110100111,11000111100,01101110110,10011101110,10100011010
00010111011,10111111100,10000011101,01011001110,11110110110,01001110100,10011100111,01110101101,00101010111,11101101010,11111010001
00010111011,10111111100,10000011101,01011001110,11110110110,01001110100,10011100111,01110101101,00101010111,11101101010,11111010001
10111011001,11000101000,00011100011,11001010111,01011001100,11110010010,10110100101,10010111110,01101110100,10101001110,01100011111
10011101101,01110001111,11100010101,11110100001,10011010011,11101001010,01101011001,10100111011,00111110100,01001100111,11010111010
00100011101,11000111110,01110110100,10010010111,01011101111,11011011100,11101000110,00111111010,11110011011,11001110001,10110101101
01011010011,00010110111,10011111000,10110010101,11111100110,11000011110,10101110011,11110101011,00111001110,10001001101,01101111101
10010111001,01011001101,11011010011,11111010100,01100110111,11101101001,10001011110,00111111010,11110001010,11011100110,10111000111
01001101011,00111101100,01011010101,10011110001,11100001001,00100110111,00111011010,01010111100,11110100010,10010001111,11001010110
01111001101,11001101011,00010111011,11011010111,10101110101,11111110000,11110100111,11000111100,01101110110,10011101110,10100011010
01001100101,11110010100,01010110011,10011111000,11100001001,00110101100,01101011010,10000111110,11011100010,00011001111,10101110011
01111001101,11001101011,00010111011,11011010111,10101110101,11111110000,11110100111,11000111100,01101110110,10011101110,10100011010
10011101101,01110001111,11100010101,11110100001,10011010011,11101001010,01101011001,10100111011,00111110100,01001100111,11010111010
01001100101,11110010100,01010110011,10011111000,11100001001,00110101100,01101011010,10000111110,11011100010,00011001111,10101110011
01011010011,10010001110,00111100111,11011101001,10010110101,10001111011,10111010000,00101011101,11100000111,01001110100,01110111010
01011001110,11000101000,01010110001,10001110111,00101101101,10010011101,11110000111,00110111110,11101010100,10111001010,01100011011
01011001110,11000101000,01010110001,10001110111,00101101101,10010011101,11110000111,00110111110,11101010100,10111001010,01100011011
10110010100,01011001110,10000100111,01010111011,00111100101,11011110001,10101011101,10111101010,11110000011,01101110010,11100101100
11011010111,01111011010,10001011011,00110110110,01101110101,01010111101,10111001101,10011110000,11100011100,01001101110,11110100011
10110010100,01011001110,10000100111,01010111011,00111100101,11011110001,10101011101,10111101010,11110000011,01101110010,11100101100
10111011001,11000101000,00011100011,11001010111,01011001100,11110010010,10110100101,10010111110,01101110100,10101001110,01100011111
10110010100,01011001110,10000100111,01010111011,00111100101,11011110001,10101011101,10111101010,11110000011,01101110010,11100101100
11001111001,00101001111,01011010010,10110011010,11111000001,11100010110,10011100010,01111101100,01110100011,00010110101,11010001111
10101011101,01101101100,01111010110,11011110001,11110001000,10111100011,10011111010,00110111101,01101011011,11100110110,11010001111
01011010011,00010110111,10011111000,10110010101,11111100110,11000011110,10101110011,11110101011,00111001110,10001001101,01101111101
10010111001,01011001101,11011010011,11111010100,01100110111,11101101001,10001011110,00111111010,11110001010,11011100110,10111000111
01011010011,00010110111,10011111000,10110010101,11111100110,11000011110,10101110011,11110101011,00111001110,10001001101,01101111101
10011101101,01110001111,11100010101,11110100001,10011010011,11101001010,01101011001,10100111011,00111110100,01001100111,11010111010
01011010011,00010110111,10011111000,10110010101,11111100110,11000011110,10101110011,11110101011,00111001110,10001001101,01101111101
01011010011,00010110111,10011111000,10110010101,11111100110,11000011110,10101110011,11110101011,00111001110,10001001101,01101111101
00100011101,11000111110,01110110100,10010010111,01011101111,11011011100,11101000110,00111111010,11110011011,11001110001,10110101101
11001111001,00101001111,01011010010,10110011010,11111000001,11100010110,10011100010,01111101100,01110100011,00010110101,11010001111
11011010111,01111011010,10001011011,00110110110,01101110101,01010111101,10111001101,10011110000,11100011100,01001101110,11110100011
11001111001,00101001111,01011010010,10110011010,11111000001,11100010110,10011100010,01111101100,01110100011,00010110101,11010001111
00100011101,11000111110,01110110100,10010010111,01011101111,11011011100,11101000110,00111111010,11110011011,11001110001,10110101101
11011010111,01111011010,10001011011,00110110110,01101110101,01010111101,10111001101,10011110000,11100011100,01001101110,11110100011
10101011101,01101101100,01111010110,11011110001,11110001000,10111100011,10011111010,00110111101,01101011011,11100110110,11010001111
10011101101,01110001111,11100010101,11110100001,10011010011,11101001010,01101011001,10100111011,00111110100,01001100111,11010111010
00100011101,11000111110,01110110100,10010010111,01011101111,11011011100,11101000110,00111111010,11110011011,11001110001,10110101101
10101011101,01101101100,01111010110,11011110001,11110001000,10111100011,10011111010,00110111101,01101011011,11100110110,11010001111
00001111001,11001101101,00111100101,00010101110,01100101011,01110011100,10100011111,01001010111,11010110001,11101110010,10011001011
10101011001,11000011110,10011110110,00010111001,11110010100,01100110011,00110001111,00101111100,01111001010,11001101101,01011010101
10011101101,01110001111,11100010101,11110100001,10011010011,11101001010,01101011001,10100111011,00111110100,01001100111,11010111010
10011101101,01110001111,11100010101,11110100001,10011010011,11101001010,01101011001,10100111011,00111110100,01001100111,11010111010
00001111001,11001101101,00111100101,00010101110,01100101011,01110011100,10100011111,01001010111,11010110001,11101110010,10011001011
010111001110,11000101000,1101,101101,11001111000,11011100000,10111101,1,000111100,1011110100011110000001101,011001010101101
01001101011,00111101100,01011010101,10011110001,11100001001,00100110111,00111011010,01010111100,11110100010,10010001111,11001010110
00100011101,11000111110,01110110100,10010010111,01011101111,11011011100,11101000110,00111111010,11110011011,11001110001,10110101101
01001100011,111100110100,0000111,11011101001,11000110001,1111001000,10110100111,100111110,1110011101100,00011110,01100110101101
00100011101,11000111110,01110110100,10010010111,01011101111,11011011100,11101000110,00111111010,11110011011,11001110001,10110101101
00010111011,10111111100,10000011101,01011001110,11110110110,01001110100,10011100111,01110101101,00101010111,11101101010,11111010001
01011010011,00010110111,10011111000,10110010101,11111100110,11000011110,10101110011,11110101011,00111001110,10001001101,01101111101
11001101010,01111011001,01010010010,10111000111,10011110000,10110101010,00101111110,11100011100,01111100100,00010101101,11100110011
10011101101,01110001111,11100010101,11110100001,10011010011,11101001010,01101011001,10100111011,00111110100,01001100111,11010111010
01111001101,11001101011,00010111011,11011010111,10101110101,11111110000,11110100111,11000111100,01101110110,10011101110,10100011010
01011001110,11000101000,01010110001,10001110111,00101101101,10010011101,11110000111,00110111110,11101010100,10111001010,01100011011
10110010100,01011001110,10000100111,01010111011,00111100101,11011110001,10101011101,10111101010,11110000011,01101110010,11100101100
10110010100,01011001110,10000100111,01010111011,00111100101,11011110001,10101011101,10111101010,11110000011,01101110010,11100101100
10111011001,11000101000,00011100011,11001010111,01011001100,11110010010,10110100101,10010111110,01101110100,10101001110,01100011111
00100011101,11000111110,01110110100,10010010111,01011101111,11011011100,11101000110,00111111010,11110011011,11001110001,10110101101
00100011101,11000111110,01110110100,10010010111,01011101111,11011011100,11101000110,00111111010,11110011011,11001110001,10110101101
00001111001,11001101101,00111100101,00010101110,01100101011,01110011100,10100011111,01001010111,11010110001,11101110010,10011001011
11001101010,01111011001,01010010010,10111000111,10011110000,10110101010,00101111110,11100011100,01111100100,00010101101,11100110011
11001111001,00101001111,01011010010,10110011010,11111000001,11100010110,10011100010,01111101100,01110100011,00010110101,11010001111
01111001101,11001101011,00010111011,11011010111,10101110101,11111110000,11110100111,11000111100,01101110110,10011101110,10100011010
00001111001,11001101101,00111100101,00010101110,01100101011,01110011100,10100011111,01001010111,11010110001,11101110010,10011001011
01001100101,11110010100,01010110011,10011111000,11100001001,00110101100,01101011010,10000111110,11011100010,00011001111,10101110011
10011101101,01110001111,11100010101,11110100001,10011010011,11101001010,01101011001,10100111011,00111110100,01001100111,11010111010
11001111001,00101001111,01011010010,10110011010,11111000001,11100010110,10011100010,01111101100,01110100011,00010110101,11010001111
10110010100,01011001110,10000100111,01010111011,00111100101,11011110001,10101011101,10111101010,11110000011,01101110010,11100101100
10011101101,01110001111,11100010101,11110100001,10011010011,11101001010,01101011001,10100111011,00111110100,01001100111,11010111010
01001101011,00111101100,01011010101,10011110001,11100001001,00100110111,00111011010,01010111100,11110100010,10010001111,11001010110
11011010111,01111011010,10001011011,00110110110,01101110101,01010111101,10111001101,10011110000,11100011100,01001101110,11110100011
10011101101,01110001111,11100010101,11110100001,10011010011,11101001010,01101011001,10100111011,00111110100,01001100111,11010111010
10010111001,01011001101,11011010011,11111010100,01100110111,11101101001,10001011110,00111111010,11110001010,11011100110,10111000111
01011010011,00010110111,10011111000,10110010101,11111100110,11000011110,10101110011,11110101011,00111001110,10001001101,01101111101
01111001101,11001101011,00010111011,11011010111,10101110101,11111110000,11110100111,11000111100,01101110110,10011101110,10100011010
01011010011,10010001110,00111100111,11011101001,10010110101,10001111011,10111010000,00101011101,11100000111,01001110100,01110111010
01011010011,10010001110,00111100111,11011101001,10010110101,10001111011,10111010000,00101011101,11100000111,01001110100,01110111010
10010111001,01011001101,11011010011,11111010100,01100110111,11101101001,10001011110,00111111010,11110001010,11011100110,10111000111
10010111001,01011001101,11011010011,11111010100,01100110111,11101101001,10001011110,00111111010,11110001010,11011100110,10111000111
10110010100,01011001110,10000100111,01010111011,00111100101,11011110001,10101011101,10111101010,11110000011,01101110010,11100101100
00100011101,11000111110,01110110100,10010010111,01011101111,11011011100,11101000110,00111111010,11110011011,11001110001,10110101101
11011010111,01111011010,10001011011,00110110110,01101110101,01010111101,10111001101,10011110000,11100011100,01001101110,11110100011
10110010100,01011001110,10000100111,01010111011,00111100101,11011110001,10101011101,10111101010,11110000011,01101110010,11100101100
10010111001,01011001101,11011010011,11111010100,01100110111,11101101001,10001011110,00111111010,11110001010,11011100110,10111000111
10101011001,11000011110,10011110110,00010111001,11110010100,01100110011,00110001111,00101111100,01111001010,11001101101,01011010101
11011010111,01111011010,10001011011,00110110110,01101110101,01010111101,10111001101,10011110000,11100011100,01001101110,11110100011
10010111001,01011001101,11011010011,11111010100,01100110111,11101101001,10001011110,00111111010,11110001010,11011100110,10111000111
01001100101,11110010100,01010110011,10011111000,11100001001,00110101100,01101011010,10000111110,11011100010,00011001111,10101110011
00100011101,11000111110,01110110100,10010010111,01011101111,11011011100,11101000110,00111111010,11110011011,11001110001,10110101101
01011001110,11000101000,01010110001,10001110111,00101101101,10010011101,11110000111,00110111110,11101010100,10111001010,01100011011
10101011001,11000011110,10011110110,00010111001,11110010100,01100110011,00110001111,00101111100,01111001010,11001101101,01011010101
00001111001,11001101101,00111100101,00010101110,01100101011,01110011100,10100011111,01001010111,11010110001,11101110010,10011001011
11011010111,01111011010,10001011011,00110110110,01101110101,01010111101,10111001101,10011110000,11100011100,01001101110,11110100011
01011010011,00010110111,10011111000,10110010101,11111100110,11000011110,10101110011,11110101011,00111001110,10001001101,01101111101
10010111001,01011001101,11011010011,11111010100,01100110111,11101101001,10001011110,00111111010,11110001010,11011100110,10111000111
00010111011,10111111100,10000011101,01011001110,11110110110,01001110100,10011100111,01110101101,00101010111,11101101010,11111010001
00001111001,11001101101,00111100101,00010101110,01100101011,01110011100,10100011111,01001010111,11010110001,11101110010,10011001011
10101011001,11000011110,10011110110,00010111001,11110010100,01100110011,00110001111,00101111100,01111001010,11001101101,01011010101
10101011101,01101101100,01111010110,11011110001,11110001000,10111100011,10011111010,00110111101,01101011011,11100110110,11010001111
10011101101,01110001111,11100010101,11110100001,10011010011,11101001010,01101011001,10100111011,00111110100,01001100111,11010111010
10101011001,11000011110,10011110110,00010111001,11110010100,01100110011,00110001111,00101111100,01111001010,11001101101,01011010101
10011101101,01110001111,11100010101,11110100001,10011010011,11101001010,01101011001,10100111011,00111110100,01001100111,11010111010
00001111001,11001101101,00111100101,00010101110,01100101011,01110011100,10100011111,01001010111,11010110001,11101110010,10
00100011101,11000111110,01110110100,10010010111,01011101111,11011011100,11101000110,00111111010,11110011011,11001110001,10110101101
10110010100,01011001110,10000100111,01010111011,00111100101,11011110001,10101011101,10111101010,11110000011,01101110010,11100101100
10110010100,01011001110,10000100111,01010111011,00111100101,11011110001,10101011101,10111101010,11110000011,01101110010,11100101100
00010111011,10111111100,10000011101,01011001110,11110110110,01001110100,10011100111,01110101101,00101010111,11101101010,11111010001
01011010011,10010001110,00111100111,11011101001,10010110101,10001111011,10111010000,00101011101,11100000111,01001110100,01110111010
10010111001,01011001101,11011010011,11111010100,01100110111,11101101001,10001011110,00111111010,11110001010,11011100110,10111000111
11011010111,01111011010,10001011011,00110110110,01101110101,01010111101,10111001101,10011110000,11100011100,01001101110,11110100011
11001111001,00101001111,01011010010,10110011010,11111000001,11100010110,10011100010,01111101100,01110100011,00010110101,11010001111
01001100101,11110010100,01010110011,10011111000,11100001001,00110101100,01101011010,10000111110,11011100010,00011001111,10101110011
10110010100,01011001110,10000100111,01010111011,00111100101,11011110001,10101011101,10111101010,11110000011,01101110010,11100101100
10111011001,11000101000,00011100011,11001010111,01011001100,11110010010,10110100101,10010111110,01101110100,10101001110,01100011111
01011001110,11000101000,01010110001,10001110111,00101101101,10010011101,11110000111,00110111110,11101010100,10111001010,01100011011
01011010011,10010001110,00111100111,11011101001,10010110101,10001111011,10111010000,00101011101,11100000111,01001110100,01110111010
01001100101,11110010100,01010110011,10011111000,11100001001,00110101100,01101011010,10000111110,11011100010,00011001111,10101110011
11011010111,01111011010,10001011011,00110110110,01101110101,01010111101,10111001101,10011110000,11100011100,01001101110,11110100011
01011010011,00010110111,10011111000,10110010101,11111100110,11000011110,10101110011,11110101011,00111001110,10001001101,01101111101
01001100101,11110010100,01010110011,10011111000,11100001001,00110101100,01101011010,10000111110,11011100010,00011001111,10101110011
10111011001,11000101000,00011100011,11001010111,01011001100,11110010010,10110100101,10010111110,01101110100,10101001110,01100011111
00010111011,10111111100,10000011101,01011001110,11110110110,01001110100,10011100111,01110101101,00101010111,11101101010,11111010001
10101011001,11000011110,10011110110,00010111001,11110010100,01100110011,00110001111,00101111100,01111001010,11001101101,01011010101
01111001101,11001101011,00010111011,11011010111,10101110101,11111110000,11110100111,11000111100,01101110110,10011101110,10100011010
01001101011,00111101100,01011010101,10011110001,11100001001,00100110111,00111011010,01010111100,11110100010,10010001111,11001010110
01111001101,11001101011,00010111011,11011010111,10101110101,11111110000,11110100111,11000111100,01101110110,10011101110,10100011010
10010111001,01011001101,11011010011,11111010100,01100110111,11101101001,10001011110,00111111010,11110001010,11011100110,10111000111
10111011001,11000101000,00011100011,11001010111,01011001100,11110010010,10110100101,10010111110,01101110100,10101001110,01100011111
10110010100,01011001110,10000100111,01010111011,00111100101,11011110001,10101011101,10111101010,11110000011,01101110010,11100101100
11001101010,01111011001,01010010010,10111000111,10011110000,10110101010,00101111110,11100011100,01111100100,00010101101,11100110011
01011001110,11000101000,01010110001,10001110111,00101101101,10010011101,11110000111,00110111110,11101010100,10111001010,01100011011
01011010011,10010001110,00111100111,11011101001,10010110101,10001111011,10111010000,00101011101,11100000111,01001110100,01110111010
101010,11001,110110110,10011110110,11110011001101,11110010100,0111011110,1110011000110,11110011011101,11101,10,11001101101,01011010101
10111011001,11000101000,00011100011,11001010111,01011001100,11110010010,10110100101,10010111110,01101110100,10101001110,01100011111
01011010011,10010001110,00111100111,11011101001,10010110101,10001111011,10111010000,00101011101,11100000111,01001110100,01110111010
01001100101,11110010100,01010110011,10011111000,11100001001,00110101100,01101011010,10000111110,11011100010,00011001111,10101110011
10101011001,11000011110,10011110110,00010111001,11110010100,01100110011,00110001111,00101111100,01111001010,11001101101,01011010101
10101011001,11000011110,10011110110,00010111001,11110010100,01100110011,00110001111,00101111100,01111001010,11001101101,01011010101
01001100101,11110010100,01010110011,10011111000,11100001001,00110101100,01101011010,10000111110,11011100010,00011001111,10101110011
11001101010,01111011001,01010010010,10111000111,10011110000,10110101010,00101111110,11100011100,01111100100,00010101101,11100110011
01011010011,10010001110,00111100111,11011101001,10010110101,10001111011,10111010000,00101011101,11100000111,01001110100,01110111010
10101011101,01101101100,01111010110,11011110001,11110001000,10111100011,10011111010,00110111101,01101011011,11100110110,11010001111
01001100101,11110010100,01010110011,10011111000,11100001001,00110101100,01101011010,10000111110,11011100010,00011001111,10101110011
01111001101,11001101011,00010111011,11011010111,10101110101,11111110000,11110100111,11000111100,01101110110,10011101110,10100011010
10011101101,01110001111,11100010101,11110100001,10011010011,11101001010,01101011001,10100111011,00111110100,01001100111,11010111010
11001101010,01111011001,01010010010,10111000111,10011110000,10110101010,00101111110,11100011100,01111100100,00010101101,11100110011
10101011101,01101101100,01111010110,11011110001,11110001000,10111100011,10011111010,00110111101,01101011011,11100110110,11010001111
10101011001,11000011110,10011110110,00010111001,11110010100,01100110011,00110001111,00101111100,01111001010,11001101101,01011010101
01001101011,00111101100,01011010101,10011110001,11100001001,00100110111,00111011010,01010111100,11110100010,10010001111,11001010110
00001111001,11001101101,00111100101,00010101110,01100101011,01110011100,10100011111,01001010111,11010110001,11101110010,10011001011
00100011101,11000111110,01110110100,10010010111,01011101111,11011011100,11101000110,00111111010,11110011011,11001110001,10110101101
00001111001,11001101101,00111100101,00010101110,01100101011,01110011100,10100011111,01001010111,11010110001,11101110010,10011001011
10101011101,01101101100,01111010110,11011110001,11110001000,10111100011,10011111010,00110111101,01101011011,11100110110,11010001111
11001101010,01111011001,01010010010,10111000111,10011110000,10110101010,00101111110,11100011100,01111100100,00010101101,11100110011
10101011101,01101101100,01111010110,11011110001,11110001000,10111100011,10011111010,00110111101,01101011011,11100110110,11010001111
11001111001,00101001111,01011010010,10110011010,11111000001,11100010110,10011100010,01111101100,01110100011,00010110101,11010001111
10010111001,01011001101,11011010011,11111010100,01100110111,11101101001,10001011110,00111111010,11110001010,11011100110,10111000111
01111001101,11001101011,00010111011,11011010111,10101110101,11111110000,11110100111,11000111100,01101110110,10011101110,10100011010
10011101101,01110001111,11100010101,11110100001,10011010011,11101001010,01101011001,10100111011,00111110100,01001100111,11010111010
10111011001,11000101000,00011100011,11001010111,01011001100,11110010010,10110100101,10010111110,01101110100,10101001110,01100011111
10011101101,01110001111,11100010101,11110100001,10011010011,11101001010,01101011001,10100111011,00111110100,01001100111,11010111010
10011101101,01110001111,11100010101,11110100001,10011010011,11101001010,01101011001,10100111011,00111110100,01001100111,11010111010
10101011101,01101101100,01111010110,11011110001,11110001000,10111100011,10011111010,00110111101,01101011011,11100110110,11010001111
10111011001,11000101000,00011100011,11001010111,01011001100,11110010010,10110100101,10010111110,01101110100,10101001110,01100011111
01011010011,00010110111,10011111000,10110010101,11111100110,11000011110,10101110011,11110101011,00111001110,10001001101,01101111101
11011010111,01111011010,10001011011,00110110110,01101110101,01010111101,10111001101,10011110000,11100011100,01001101110,11110100011
01011010011,00010110111,10011111000,10110010101,11111100110,11000011110,10101110011,11110101011,00111001110,10001001101,01101111101
11001101010,01111011001,01010010010,10111000111,10011110000,10110101010,00101111110,11100011100,01111100100,00010101101,11100110011
10111011001,11000101000,00011100011,11001010111,01011001100,11110010010,10110100101,10010111110,01101110100,10101001110,01100011111
10010111001,01011001101,11011010011,11111010100,01100110111,11101101001,10001011110,00111111010,11110001010,11011100110,10111000111
10011101101,01110001111,11100010101,11110100001,10011010011,11101001010,01101011001,10100111011,00111110100,01001100111,11010111010
00010111011,10111111100,10000011101,01011001110,11110110110,01001110100,10011100111,01110101101,00101010111,11101101010,11111010001
01001100101,11110010100,01010110011,10011111000,11100001001,00110101100,01101011010,10000111110,11011100010,00011001111,10101110011
11011010111,01111011010,10001011011,00110110110,01101110101,01010111101,10111001101,10011110000,11100011100,01001101110,11110100011
10110010100,01011001110,10000100111,01010111011,00111100101,11011110001,10101011101,10111101010,11110000011,01101110010,11100101100
10110010100,01011001110,10000100111,01010111011,00111100101,11011110001,10101011101,10111101010,11110000011,01101110010,11100101100
00001111001,11001101101,00111100101,00010101110,01100101011,01110011100,10100011111,01001010111,11010110001,11101110010,10011001011
01011001110,11000101000,01010110001,10001110111,00101101101,10010011101,11110000111,00110111110,11101010100,10111001010,01100011011
11001111001,00101001111,01011010010,10110011010,11111000001,11100010110,10011100010,01111101100,01110100011,00010110101,11010001111
01011010011,10010001110,00111100111,11011101001,10010110101,10001111011,10111010000,00101011101,11100000111,01001110100,01110111010
01011010011,00010110111,10011111000,10110010101,11111100110,11000011110,10101110011,11110101011,00111001110,10001001101,01101111101
01011010011,00010110111,10011111000,10110010101,11111100110,11000011110,10101110011,11110101011,00111001110,10001001101,01101111101
11001101010,01111011001,01010010010,10111000111,10011110000,10110101010,00101111110,11100011100,01111100100,00010101101,11100110011
01011010011,00010110111,10011111000,10110010101,11111100110,11000011110,10101110011,11110101011,00111001110,10001001101,01101111101
01011010011,10010001110,00111100111,11011101001,10010110101,10001111011,10111010000,00101011101,11100000111,01001110100,01110111010
01011010011,00010110111,10011111000,10110010101,11111100110,11000011110,10101110011,11110101011,00111001110,10001001101,01101111101
11001101010,01111011001,01010010010,10111000111,10011110000,10110101010,00101111110,11100011100,01111100100,00010101101,11100110011
10101011101,01101101100,01111010110,11011110001,11110001000,10111100011,10011111010,00110111101,01101011011,11100110110,11010001111
01001100101,11110010100,01010110011,10011111000,11100001001,00110101100,01101011010,10000111110,11011100010,00011001111,10101110011
00100011101,11000111110,01110110100,10010010111,01011101111,11011011100,11101000110,00111111010,11110011011,11001110001,10110101101
10101011001,11000011110,10011110110,00010111001,11110010100,01100110011,00110001111,00101111100,01111001010,11001101101,01011010101
01011010011,00010110111,10011111000,10110010101,11111100110,11000011110,10101110011,11110101011,00111001110,10001001101,01101111101
10010111001,01011001101,11011010011,11111010100,01100110111,11101101001,10001011110,00111111010,11110001010,11011100110,10111000111
01001101011,00111101100,01011010101,10011110001,11100001001,00100110111,00111011010,01010111100,11110100010,10010001111,11001010110
10011101101,01110001111,11100010101,11110100001,10011010011,11101001010,01101011001,10100111011,00111110100,01001100111,11010111010
10101011101,01101101100,01111010110,11011110001,11110001000,10111100011,10011111010,00110111101,01101011011,11100110110,11010001111
00010111011,10111111100,10000011101,01011001110,11110110110,01001110100,10011100111,01110101101,00101010111,11101101010,11111010001
10101011101,01101101100,01111010110,11011110001,11110001000,10111100011,10011111010,00110111101,01101011011,11100110110,11010001111
11001101010,01111011001,01010010010,10111000111,10011110000,10110101010,00101111110,11100011100,01111100100,00010101101,11100110011
11001101010,01111011001,01010010010,10111000111,10011110000,10110101010,00101111110,11100011100,01111100100,00010101101,11100110011
01011010011,00010110111,10011111000,10110010101,11111100110,11000011110,10101110011,11110101011,00111001110,10001001101,01101111101
10101011001,11000011110,10011110110,00010111001,11110010100,01100110011,00110001111,00101111100,01111001010,11001101101,01011010101
11001101010,01111011001,01010010010,10111000111,10011110000,10110101010,00101111110,11100011100,01111100100,00010101101,11100110011
01011010011,10010001110,00111100111,11011101001,10010110101,10001111011,10111010000,00101011101,11100000111,01001110100,01110111010
10011101101,01110001111,11100010101,11110100001,10011010011,11101001010,01101011001,10100111011,00111110100,01001100111,11010111010
01001101011,00111101100,01011010101,10011110001,11100001001,00100110111,00111011010,01010111100,11110100010,10010001111,11001010110
01001100101,11110010100,01010110011,10011111000,11100001001,00110101100,01101011010,10000111110,11011100010,00011001111,10101110011
10010111001,01011001101,11011010011,11111010100,01100110111,11101101001,10001011110,00111111010,11110001010,11011100110,10111000111
10101011001,11000011110,10011110110,00010111001,11110010100,01100110011,00110001111,00101111100,01111001010,11001101101,01011010101
10110010100,01011001110,10000100111,01010111011,00111100101,11011110001,10101011101,10111101010,11110000011,01101110010,11100101100
00100011101,11000111110,01110110100,10010010111,01011101111,11011011100,11101000110,00111111010,11110011011,11001110001,10110101101
00010111011,10111111100,10000011101,01011001110,11110110110,01001110100,10011100111,01110101101,00101010111,11101101010,11111010001
10110010100,01011001110,10000100111,01010111011,00111100101,11011110001,10101011101,10111101010,11110000011,01101110010,11100101100
01111001101,11001101011,00010111011,11011010111,10101110101,11111110000,11110100111,11000111100,01101110110,10011101110,10100011010
10101011101,01101101100,01111010110,11011110001,11110001000,10111100011,10011111010,00110111101,01101011011,11100110110,11010001111
01001100101,11110010100,01010110011,10011111000,11100001001,00110101100,01101011010,10000111110,11011100010,00011001111,10101110011
00100011101,11000111110,01110110100,10010010111,01011101111,11011011100,11101000110,00111111010,11110011011,11001110001,10110101101
01111001101,11001101011,00010111011,11011010111,10101110101,11111110000,11110100111,11000111100,01101110110,10011101110,10100011010
00010111011,10111111100,10000011101,01011001110,11110110110,01001110100,10011100111,01110101101,00101010111,11101101010,11111010001
01111001101,11001101011,00010111011,11011010111,10101110101,11111110000,11110100111,11000111100,01101110110,10011101110,10100011010
00010111011,10111111100,10000011101,01011001110,11110110110,01001110100,10011100111,01110101101,00101010111,11101101010,11111010001
01111001101,11001101011,00010111011,11011010111,10101110101,11111110000,11110100111,11000111100,01101110110,10011101110,10100011010
10101011001,11000011110,10011110110,00010111001,11110010100,01100110011,00110001111,00101111100,01111001010,11001101101,01011010101
01011010011,10010001110,00111100111,11011101001,10010110101,10001111011,10111010000,00101011101,11100000111,01001110100,01110111010
10101011101,01101101100,01111010110,11011110001,11110001000,10111100011,10011111010,00110111101,01101011011,11100110110,11010001111
11011010111,01111011010,10001011011,00110110110,01101110101,01010111101,10111001101,10011110000,11100011100,01001101110,11110100011
10110010100,01011001110,10000100111,01010111011,00111100101,11011110001,10101011101,10111101010,11110000011,01101110010,11100101100
01011001110,11000101000,01010110001,10001110111,00101101101,10010011101,11110000111,00110111110,11101010100,10111001010,01100011011
00100011101,11000111110,01110110100,10010010111,01011101111,11011011100,11101000110,00111111010,11110011011,11001110001,10110101101
01001100101,11110010100,01010110011,10011111000,11100001001,00110101100,01101011010,10000111110,11011100010,00011001111,10101110011
01011010011,00010110111,10011111000,10110010101,11111100110,11000011110,10101110011,11110101011,00111001110,10001001101,01101111101
11011010111,01111011010,10001011011,00110110110,01101110101,01010111101,10111001101,10011110000,11100011100,01001101110,11110100011
00100011101,11000111110,01110110100,10010010111,01011101111,11011011100,11101000110,00111111010,11110011011,11001110001,10110101101
00100011101,11000111110,01110110100,10010010111,01011101111,11011011100,11101000110,00111111010,11110011011,11001110001,10110101101
01001100101,11110010100,01010110011,10011111000,11100001001,00110101100,01101011010,10000111110,11011100010,00011001111,10101110011
01111001101,11001101011,00010111011,11011010111,10101110101,11111110000,11110100111,11000111100,01101110110,10011101110,10100011010
00100011101,11000111110,01110110100,10010010111,01011101111,11011011100,11101000110,00111111010,11110011011,11001110001,10110101101
10111011001,11000101000,00011100011,11001010111,01011001100,11110010010,10110100101,10010111110,01101110100,10101001110,01100011111
10011101101,01110001111,11100010101,11110100001,10011010011,11101001010,01101011001,10100111011,00111110100,01001100111,11010111010
10101011101,01101101100,01111010110,11011110001,11110001000,10111100011,10011111010,00110111101,01101011011,11100110110,11010001111
01011001110,11000101000,01010110001,10001110111,00101101101,10010011101,11110000111,00110111110,11101010100,10111001010,01100011011
01001101011,00111101100,01011010101,10011110001,11100001001,00100110111,00111011010,01010111100,11110100010,10010001111,11001010110
10011101101,01110001111,11100010101,11110100001,10011010011,11101001010,01101011001,10100111011,00111110100,01001100111,11010111010
01001100101,11110010100,01010110011,10011111000,11100001001,00110101100,01101011010,10000111110,11011100010,00011001111,10101110011
10101011001,11000011110,10011110110,00010111001,11110010100,01100110011,00110001111,00101111100,01111001010,11001101101,01011010101
00001111001,11001101101,00111100101,00010101110,01100101011,01110011100,10100011111,01001010111,11010110001,11101110010,10011001011
11011010111,01111011010,10001011011,00110110110,01101110101,01010111101,10111001101,10011110000,11100011100,01001101110,11110100011
01011010011,10010001110,00111100111,11011101001,10010110101,10001111011,10111010000,00101011101,11100000111,01001110100,01110111010
10011101101,01110001111,11100010101,11110100001,10011010011,11101001010,01101011001,10100111011,00111110100,01001100111,11010111010
10101011101,01101101100,01111010110,11011110001,11110001000,10111100011,10011111010,00110111101,01101011011,11100110110,11010001111
01001100101,11110010100,01010110011,10011111000,11100001001,00110101100,01101011010,10000111110,11011100010,00011001111,10101110011
01011010011,00010110111,10011111000,10110010101,11111100110,11000011110,10101110011,11110101011,00111001110,10001001101,01101111101
01011001110,11000101000,01010110001,10001110111,00101101101,10010011101,11110000111,00110111110,11101010100,10111001010,01100011011
10010111001,01011001101,11011010011,11111010100,01100110111,11101101001,10001011110,00111111010,11110001010,11011100110,10111000111
10101011001,11000011110,10011110110,00010111001,11110010100,01100110011,00110001111,00101111100,01111001010,11001101101,01011010101
01011010011,10010001110,00111100111,11011101001,10010110101,10001111011,10111010000,00101011101,11100000111,01001110100,01110111010
00010111011,10111111100,10000011101,01011001110,11110110110,01001110100,10011100111,01110101101,00101010111,11101101010,11111010001
01001100101,11110010100,01010110011,10011111000,11100001001,00110101100,01101011010,10000111110,11011100010,00011001111,10101110011
10110010100,01011001110,10000100111,01010111011,00111100101,11011110001,10101011101,10111101010,11110000011,01101110010,11100101100
10011101101,01110001111,11100010101,11110100001,10011010011,11101001010,01101011001,10100111011,00111110100,01001100111,11010111010
01001101011,00111101100,01011010101,10011110001,11100001001,00100110111,00111011010,01010111100,11110100010,10010001111,11001010110
00100011101,11000111110,01110110100,10010010111,01011101111,11011011100,11101000110,00111111010,11110011011,11001110001,10110101101
00010111011,10111111100,10000011101,01011001110,11110110110,01001110100,10011100111,01110101101,00101010111,11101101010,11111010001
00100011101,11000111110,01110110100,10010010111,01011101111,11011011100,11101000110,00111111010,11110011011,11001110001,10110101101
01001100101,11110010100,01010110011,10011111000,11100001001,00110101100,01101011010,10000111110,11011100010,00011001111,10101110011
01001100101,11110010100,01010110011,10011111000,11100001001,00110101100,01101011010,10000111110,11011100010,00011001111,10101110011
10111011001,11000101000,00011100011,11001010111,01011001100,11110010010,10110100101,10010111110,01101110100,10101001110,01100011111
01011001110,11000101000,01010110001,10001110111,00101101101,10010011101,11110000111,00110111110,11101010100,10111001010,01100011011
11011010111,01111011010,10001011011,00110110110,01101110101,01010111101,10111001101,10011110000,11100011100,01001101110,11110100011
10110010100,01011001110,10000100111,01010111011,00111100101,11011110001,10101011101,10111101010,11110000011,01101110010,11100101100
10101011101,01101101100,01111010110,11011110001,11110001000,10111100011,10011111010,00110111101,01101011011,11100110110,11010001111
10110010100,01011001110,10000100111,01010111011,00111100101,11011110001,10101011101,10111101010,11110000011,01101110010,11100101100
11001101010,01111011001,01010010010,10111000111,10011110000,10110101010,00101111110,11100011100,01111100100,00010101101,11100110011
10110010100,01011001110,10000100111,01010111011,00111100101,11011110001,10101011101,10111101010,11110000011,01101110010,11100101100
01011010011,00010110111,10011111000,10110010101,11111100110,11000011110,10101110011,11110101011,00111001110,10001001101,01101111101
01001101011,00111101100,01011010101,10011110001,11100001001,00100110111,00111011010,01010111100,11110100010,10010001111,11001010110
01001100101,11110010100,01010110011,10011111000,11100001001,00110101100,01101011010,10000111110,11011100010,00011001111,10101110011
100111011101,011001011011,0111101011,11011110001,1111011000,10111100011,10011111010,111100011,01101011011,111001101,11110101101
01011010011,00010110111,10011111000,10110010101,11111100110,11000011110,10101110011,11110101011,00111001110,10001001101,01101111101
10111011001,11000101000,00011100011,11001010111,01011001100,11110010010,10110100101,10010111110,01101110100,10101001110,01100011111
11001101010,01111011001,01010010010,10111000111,10011110000,10110101010,00101111110,11100011100,01111100100,00010101101,11100110011
10111011001,11000101000,00011100011,11001010111,01011001100,11110010010,10110100101,10010111110,01101110100,10101001110,01100011111
10011101101,01110001111,11100010101,11110100001,10011010011,11101001010,01101011001,10100111011,00111110100,01001100111,11010111010
00001111001,11001101101,00111100101,00010101110,01100101011,01110011100,10100011111,01001010111,11010110001,11101110010,10011001011
01011010011,00010110111,10011111000,10110010101,11111100110,11000011110,10101110011,11110101011,00111001110,10001001101,01101111101
10010111001,01011001101,11011010011,11111010100,01100110111,11101101001,10001011110,00111111010,11110001010,11011100110,10111000111
11011010111,01111011010,10001011011,00110110110,01101110101,01010111101,10111001101,10011110000,11100011100,01001101110,11110100011
01001101011,00111101100,01011010101,10011110001,11100001001,00100110111,00111011010,01010111100,11110100010,10010001111,11001010110
01001100101,11110010100,01010110011,10011111000,11100001001,00110101100,01101011010,10000111110,11011100010,00011001111,10101110011
11001111001,00101001111,01011010010,10110011010,11111000001,11100010110,10011100010,01111101100,01110100011,00010110101,11010001111
00010111011,10111111100,10000011101,01011001110,11110110110,01001110100,10011100111,01110101101,00101010111,11101101010,11111010001
00001111001,11001101101,00111100101,00010101110,01100101011,01110011100,10100011111,01001010111,11010110001,11101110010,10011001011
00001111001,11001101101,00111100101,00010101110,01100101011,01110011100,10100011111,01001010111,11010110001,11101110010,10011001011
01001100101,11110010100,01010110011,10011111000,11100001001,00110101100,01101011010,10000111110,11011100010,00011001111,10101110011
10101011001,11000011110,10011110110,00010111001,11110010100,01100110011,00110001111,00101111100,01111001010,11001101101,01011010101
01011001110,11000101000,01010110001,10001110111,00101101101,10010011101,11110000111,00110111110,11101010100,10111001010,01100011011
01001100101,11110010100,01010110011,10011111000,11100001001,00110101100,01101011010,10000111110,11011100010,00011001111,10101110011
01001101011,00111101100,01011010101,10011110001,11100001001,00100110111,00111011010,01010111100,11110100010,10010001111,11001010110
01001100101,11110010100,01010110011,10011111000,11100001001,00110101100,01101011010,10000111110,11011100010,00011001111,10101110011
11001101010,01111011001,01010010010,10111000111,10011110000,10110101010,00101111110,11100011100,01111100100,00010101101,11100110011
01011010011,10010001110,00111100111,11011101001,10010110101,10001111011,10111010000,00101011101,11100000111,01001110100,01110111010
10010111001,01011001101,11011010011,11111010100,01100110111,11101101001,10001011110,00111111010,11110001010,11011100110,10111000111
10010111001,01011001101,11011010011,11111010100,01100110111,11101101001,10001011110,00111111010,11110001010,11011100110,10111000111
01011010011,10010001110,00111100111,11011101001,10010110101,10001111011,10111010000,00101011101,11100000111,01001110100,01110111010
11001101010,01111011001,01010010010,10111000111,10011110000,10110101010,00101111110,11100011100,01111100100,00010101101,11100110011
01001100101,11110010100,01010110011,10011111000,11100001001,00110101100,01101011010,10000111110,11011100010,00011001111,10101110011
10111011001,11000101000,00011100011,11001010111,01011001100,11110010010,10110100101,10010111110,01101110100,10101001110,01100011111
10110010100,01011001110,10000100111,01010111011,00111100101,11011110001,10101011101,10111101010,11110000011,01101110010,11100101100
00010111011,10111111100,10000011101,01011001110,11110110110,01001110100,10011100111,01110101101,00101010111,11101101010,11111010001
01111001101,11001101011,00010111011,11011010111,10101110101,11111110000,11110100111,11000111100,01101110110,10011101110,10100011010
01011001110,11000101000,01010110001,10001110111,00101101101,10010011101,11110000111,00110111110,11101010100,10111001010,01100011011
00001111001,11001101101,00111100101,00010101110,01100101011,01110011100,10100011111,01001010111,11010110001,11101110010,10011001011
10011101101,01110001111,11100010101,11110100001,10011010011,11101001010,01101011001,10100111011,00111110100,01001100111,11010111010
11001101010,01111011001,01010010010,10111000111,10011110000,10110101010,00101111110,11100011100,01111100100,00010101101,11100110011
10011101101,01110001111,11100010101,11110100001,10011010011,11101001010,01101011001,10100111011,00111110100,01001100111,11010111010
01001100101,11110010100,01010110011,10011111000,11100001001,00110101100,01101011010,10000111110,11011100010,00011001111,10101110011
00100011101,11000111110,01110110100,10010010111,01011101111,11011011100,11101000110,00111111010,11110011011,11001110001,10110101101
10111011001,11000101000,00011100011,11001010111,01011001100,11110010010,10110100101,10010111110,01101110100,10101001110,01100011111
10010111001,01011001101,11011010011,11111010100,01100110111,11101101001,10001011110,00111111010,11110001010,11011100110,10111000111
01011010011,00010110111,10011111000,10110010101,11111100110,11000011110,10101110011,11110101011,00111001110,10001001101,01101111101
00010111011,10111111100,10000011101,01011001110,11110110110,01001110100,10011100111,01110101101,00101010111,11101101010,11111010001
01111001101,11001101011,00010111011,11011010111,10101110101,11111110000,11110100111,11000111100,01101110110,10011101110,10100011010
11011010111,01111011010,10001011011,00110110110,01101110101,01010111101,10111001101,10011110000,11100011100,01001101110,11110100011
11001101010,01111011001,01010010010,10111000111,10011110000,10110101010,00101111110,11100011100,01111100100,00010101101,11100110011
11001101010,01111011001,01010010010,10111000111,10011110000,10110101010,00101111110,11100011100,01111100100,00010101101,11100110011
00100011101,11000111110,01110110100,10010010111,01011101111,11011011100,11101000110,00111111010,11110011011,11001110001,10110101101
11001101010,01111011001,01010010010,10111000111,10011110000,10110101010,00101111110,11100011100,01111100100,00010101101,11100110011
01001101011,00111101100,01011010101,10011110001,11100001001,00100110111,00111011010,01010111100,11110100010,10010001111,11001010110
10010111001,01011001101,11011010011,11111010100,01100110111,11101101001,10001011110,00111111010,11110001010,11011100110,10111000111
00100011101,11000111110,01110110100,10010010111,01011101111,11011011100,11101000110,00111111010,11110011011,11001110001,10110101101
00001111001,11001101101,00111100101,00010101110,01100101011,01110011100,10100011111,01001010111,11010110001,11101110010,10011001011
01111001101,11001101011,00010111011,11011010111,10101110101,11111110000,11110100111,11000111100,01101110110,10011101110,10100011010
01011010011,10010001110,00111100111,11011101001,10010110101,10001111011,10111010000,00101011101,11100000111,01001110100,01110111010
01001101011,00111101100,01011010101,10011110001,11100001001,00100110111,00111011010,01010111100,11110100010,10010001111,11001010110
10110010100,01011001110,10000100111,01010111011,00111100101,11011110001,10101011101,10111101010,11110000011,01101110010,11100101100
11001111001,00101001111,01011010010,10110011010,11111000001,11100010110,10011100010,01111101100,01110100011,00010110101,11010001111
01111001101,11001101011,00010111011,11011010111,10101110101,11111110000,11110100111,11000111100,01101110110,10011101110,10100011010
01111001101,11001101011,00010111011,11011010111,10101110101,11111110000,11110100111,11000111100,01101110110,10011101110,10100011010
01011001110,11000101000,01010110001,10001110111,00101101101,10010011101,11110000111,00110111110,11101010100,10111001010,01100011011
00100011101,11000111110,01110110100,10010010111,01011101111,11011011100,11101000110,00111111010,11110011011,11001110001,10110101101
10101011101,01101101100,01111010110,11011110001,11110001000,10111100011,10011111010,00110111101,01101011011,11100110110,11010001111
01011001110,11000101000,01010110001,10001110111,00101101101,10010011101,11110000111,00110111110,11101010100,10111001010,01100011011
01011001110,11000101000,01010110001,10001110111,00101101101,10010011101,11110000111,00110111110,11101010100,10111001010,01100011011
10110010100,01011001110,10000100111,01010111011,00111100101,11011110001,10101011101,10111101010,11110000011,01101110010,11100101100
10101011001,11000011110,10011110110,00010111001,11110010100,01100110011,00110001111,00101111100,01111001010,11001101101,01011010101
00100011101,11000111110,01110110100,10010010111,01011101111,11011011100,11101000110,00111111010,11110011011,11001110001,10110101101
00010111011,10111111100,10000011101,01011001110,11110110110,01001110100,10011100111,01110101101,00101010111,11101101010,11111010001
10010111001,01011001101,11011010011,11111010100,01100110111,11101101001,10001011110,00111111010,11110001010,11011100110,10111000111
10101011101,01101101100,01111010110,11011110001,11110001000,10111100011,10011111010,00110111101,01101011011,11100110110,11010001111
01011010011,10010001110,00111100111,11011101001,10010110101,10001111011,10111010000,00101011101,11100000111,01001110100,01110111010
00001111001,11001101101,00111100101,00010101110,01100101011,01110011100,10100011111,01001010111,11010110001,11101110010,10011001011
11001101010,01111011001,01010010010,10111000111,10011110000,10110101010,00101111110,11100011100,01111100100,00010101101,11100110011
01001100101,11110010100,01010110011,10011111000,11100001001,00110101100,01101011010,10000111110,11011100010,00011001111,10101110011
01111001101,11001101011,00010111011,11011010111,10101110101,11111110000,11110100111,11000111100,01101110110,10011101110,10100011010
10010111001,01011001101,11011010011,11111010100,01100110111,11101101001,10001011110,00111111010,11110001010,11011100110,10111000111
01001101011,00111101100,01011010101,10011110001,11100001001,00100110111,00111011010,01010111100,11110100010,10010001111,11001010110
11011010111,01111011010,10001011011,00110110110,01101110101,01010111101,10111001101,10011110000,11100011100,01001101110,11110100011
01001101011,00111101100,01011010101,10011110001,11100001001,00100110111,00111011010,01010111100,11110100010,10010001111,11001010110
10101011101,01101101100,01111010110,11011110001,11110001000,10111100011,10011111010,00110111101,01101011011,11100110110,11010001111
00010111011,10111111100,10000011101,01011001110,11110110110,01001110100,10011100111,01110101101,00101010111,11101101010,11111010001
00100011101,11000111110,01110110100,10010010111,01011101111,11011011100,11101000110,00111111010,11110011011,11001110001,10110101101
10110010100,01011001110,10000100111,01010111011,00111100101,11011110001,10101011101,10111101010,11110000011,01101110010,11100101100
01001100101,11110010100,01010110011,10011111000,11100001001,00110101100,01101011010,10000111110,11011100010,00011001111,10101110011
10110010100,01011001110,10000100111,01010111011,00111100101,11011110001,10101011101,10111101010,11110000011,01101110010,11100101100
10111011001,11000101000,00011100011,11001010111,01011001100,11110010010,10110100101,10010111110,01101110100,10101001110,01100011111
01111001101,11001101011,00010111011,11011010111,10101110101,11111110000,11110100111,11000111100,01101110110,10011101110,10100011010
11001101010,01111011001,01010010010,10111000111,10011110000,10110101010,00101111110,11100011100,01111100100,00010101101,11100110011
10110010100,01011001110,10000100111,01010111011,00111100101,11011110001,10101011101,10111101010,11110000011,01101110010,11100101100
11011010111,01111011010,10001011011,00110110110,01101110101,01010111101,10111001101,10011110000,11100011100,01001101110,11110100011
01011010011,00010110111,10011111000,10110010101,11111100110,11000011110,10101110011,11110101011,00111001110,10001001101,01101111101
10011101101,01110001111,11100010101,11110100001,10011010011,11101001010,01101011001,10100111011,00111110100,01001100111,11010111010
10010111001,01011001101,11011010011,11111010100,01100110111,11101101001,10001011110,00111111010,11110001010,11011100110,10111000111
01011010011,00010110111,10011111000,10110010101,11111100110,11000011110,10101110011,11110101011,00111001110,10001001101,01101111101
01001101011,00111101100,01011010101,10011110001,11100001001,00100110111,00111011010,01010111100,11110100010,10010001111,11001010110
11001111001,00101001111,01011010010,10110011010,11111000001,11100010110,10011100010,01111101100,01110100011,00010110101,11010001111
10110010100,01011001110,10000100111,01010111011,00111100101,11011110001,10101011101,10111101010,11110000011,01101110010,11100101100
01011010011,10010001110,00111100111,11011101001,10010110101,10001111011,10111010000,00101011101,11100000111,01001110100,0111011010
10011101101,01110001111,11100010101,11110100001,10011010011,11101001010,01101011001,10100111011,00111110100,01001100111,11010111010
01111001101,11001101011,00010111011,11011010111,10101110101,11111110000,11110100111,11000111100,01101110110,10011101110,10100011010
00010111011,10111111100,10000011101,01011001110,11110110110,01001110100,10011100111,01110101101,00101010111,11101101010,11111010001
11001111001,00101001111,01011010010,10110011010,11111000001,11100010110,10011100010,01111101100,01110100011,00010110101,11010001111
00001111001,11001101101,00111100101,00010101110,01100101011,01110011100,10100011111,01001010111,11010110001,11101110010,10011001011
01001100101,11110010100,01010110011,10011111000,11100001001,00110101100,01101011010,10000111110,11011100010,00011001111,10101110011
00001111001,11001101101,00111100101,00010101110,01100101011,01110011100,10100011111,01001010111,11010110001,11101110010,10011001011
11011010111,01111011010,10001011011,00110110110,01101110101,01010111101,10111001101,10011110000,11100011100,01001101110,11110100011
10010111001,01011001101,11011010011,11111010100,01100110111,11101101001,10001011110,00111111010,11110001010,11011100110,10111000111
10110010100,01011001110,10000100111,01010111011,00111100101,11011110001,10101011101,10111101010,11110000011,01101110010,11100101100
10010111001,01011001101,11011010011,11111010100,01100110111,11101101001,10001011110,00111111010,11110001010,11011100110,10111000111
01111001101,11001101011,00010111011,11011010111,10101110101,11111110000,11110100111,11000111100,01101110110,10011101110,10100011010
00100011101,11000111110,01110110100,10010010111,01011101111,11011011100,11101000110,00111111010,11110011011,11001110001,10110101101
01011001110,11000101000,01010110001,10001110111,00101101101,10010011101,11110000111,00110111110,11101010100,10111001010,01100011011
10101011101,01101101100,01111010110,11011110001,11110001000,10111100011,10011111010,00110111101,01101011011,11100110110,11010001111
00010111011,10111111100,10000011101,01011001110,11110110110,01001110100,10011100111,01110101101,00101010111,11101101010,11111010001
01111001101,11001101011,00010111011,11011010111,10101110101,11111110000,11110100111,11000111100,01101110110,10011101110,10100011010
00010111011,10111111100,10000011101,01011001110,11110110110,01001110100,10011100111,01110101101,00101010111,11101101010,11111010001111
10110010100,01011001110,10000100111,01010111011,00111100101,11011110001,10101011101,10111101010,11110000011,01101110010,11100101100
10110010100,01011001110,10000100111,01010111011,00111100101,11011110001,10101011101,10111101010,11110000011,01101110010,11100101100
10111011001,11000101000,00011100011,11001010111,01011001100,11110010010,10110100101,10010111110,01101110100,10101001110,01100011111
00010111011,10111111100,10000011101,01011001110,11110110110,01001110100,10011100111,01110101101,00101010111,11101101010,11111010001
00001111001,11001101101,00111100101,00010101110,01100101011,01110011100,10100011111,01001010111,11010110001,11101110010,10011001011
10110010100,01011001110,10000100111,01010111011,00111100101,11011110001,10101011101,10111101010,11110000011,01101110010,11100101100
01011010011,00010110111,10011111000,10110010101,11111100110,11000011110,10101110011,11110101011,00111001110,10001001101,01101111101
01001101011,00111101100,01011010101,10011110001,11100001001,00100110111,00111011010,01010111100,11110100010,10010001111,11001010110
11001101010,01111011001,01010010010,10111000111,10011110000,10110101010,00101111110,11100011100,01111100100,00010101101,11100110011
10010111001,01011001101,11011010011,11111010100,01100110111,11101101001,10001011110,00111111010,11110001010,11011100110,10111000111
10101011101,01101101100,01111010110,11011110001,11110001000,10111100011,10011111010,00110111101,01101011011,11100110110,11010001111
00010111011,10111111100,10000011101,01011001110,11110110110,01001110100,10011100111,01110101101,00101010111,11101101010,11111010001
10010111001,01011001101,11011010011,11111010100,01100110111,11101101001,10001011110,00111111010,11110001010,11011100110,10111000111
10101011101,01101101100,01111010110,11011110001,11110001000,10111100011,10011111010,00110111101,01101011011,11100110110,11010001111
01011010011,10010001110,00111100111,11011101001,10010110101,10001111011,10111010000,00101011101,11100000111,01001110100,01110111010
10111011001,11000101000,00011100011,11001010111,01011001100,11110010010,10110100101,10010111110,01101110100,10101001110,01100011111
10101011101,01101101100,01111010110,11011110001,11110001000,10111100011,10011111010,00110111101,01101011011,11100110110,11010001111
10101011101,01101101100,01111010110,11011110001,11110001000,10111100011,10011111010,00110111101,01101011011,11100110110,11010001111
11001111001,00101001111,01011010010,10110011010,11111000001,11100010110,10011100010,01111101100,01110100011,00010110101,11010001111
10110010100,01011001110,10000100111,01010111011,00111100101,11011110001,10101011101,10111101010,11110000011,01101110010,11100101100
01011010011,10010001110,00111100111,11011101001,10010110101,10001111011,10111010000,00101011101,11100000111,01001110100,01110111010
01001100101,11110010100,01010110011,10011111000,11100001001,00110101100,01101011010,10000111110,11011100010,00011001111,10101110011
10101011001,11000011110,10011110110,00010111001,11110010100,01100110011,00110001111,00101111100,01111001010,11001101101,01011010101
01111001101,11001101011,00010111011,11011010111,10101110101,11111110000,11110100111,11000111100,01101110110,10011101110,10100011010
00001111001,11001101101,00111100101,00010101110,01100101011,01110011100,10100011111,01001010111,11010110001,11101110010,10011001011
10011101101,01110001111,11100010101,11110100001,10011010011,11101001010,01101011001,10100111011,00111110100,01001100111,11010111010
01011010011,10010001110,00111100111,11011101001,10010110101,10001111011,10111010000,00101011101,11100000111,01001110100,01110111010
10011101101,01110001111,11100010101,11110100001,10011010011,11101001010,01101011001,10100111011,00111110100,01001100111,11010111010
10101011001,11000011110,10011110110,00010111001,11110010100,01100110011,00110001111,00101111100,01111001010,11001101101,01011010101
01001101011,00111101100,01011010101,10011110001,11100001001,00100110111,00111011010,01010111100,11110100010,10010001111,11001010110
00100011101,11000111110,01110110100,10010010111,01011101111,11011011100,11101000110,00111111010,11110011011,11001110001,10110101101
01011010011,00010110111,10011111000,10110010101,11111100110,11000011110,10101110011,11110101011,00111001110,10001001101,01101111101
01001100101,11110010100,01010110011,10011111000,11100001001,00110101100,01101011010,10000111110,11011100010,00011001111,10101110011
00001111001,11001101101,00111100101,00010101110,01100101011,01110011100,10100011111,01001010111,11010110001,11101110010,10011001011
10101011101,01101101100,01111010110,11011110001,11110001000,10111100011,10011111010,00110111101,01101011011,11100110110,11010001111
01111001101,11001101011,00010111011,11011010111,10101110101,11111110000,11110100111,11000111100,01101110110,10011101110,10100011010
00100011101,11000111110,01110110100,10010010111,01011101111,11011011100,11101000110,00111111010,11110011011,11001110001,10110101101
01011010011,00010110111,10011111000,10110010101,11111100110,11000011110,10101110011,11110101011,00111001110,10001001101,01101111101
00001111001,11001101101,00111100101,00010101110,01100101011,01110011100,10100011111,01001010111,11010110001,11101110010,10011001011
11001111001,00101001111,01011010010,10110011010,11111000001,11100010110,10011100010,01111101100,01110100011,00010110101,11010001111
01011010011,00010110111,10011111000,10110010101,11111100110,11000011110,10101110011,11110101011,00111001110,10001001101,01101111101
10011101101,01110001111,11100010101,11110100001,10011010011,11101001010,01101011001,10100111011,00111110100,01001100111,11010111010
10110010100,01011001110,10000100111,01010111011,00111100101,11011110001,10101011101,10111101010,11110000011,01101110010,11100101100
10011101101,01110001111,11100010101,11110100001,10011010011,11101001010,01101011001,10100111011,00111110100,01001100111,11010111010
01011010011,00010110111,10011111000,10110010101,11111100110,11000011110,10101110011,11110101011,00111001110,10001001101,01101111101
01011010011,10010001110,00111100111,11011101001,10010110101,10001111011,10111010000,00101011101,11100000111,01001110100,01110111010
01011001110,11000101000,01010110001,10001110111,00101101101,10010011101,11110000111,00110111110,11101010100,10111001010,01100011011
01011001110,11000101000,01010110001,10001110111,00101101101,10010011101,11110000111,00110111110,11101010100,10111001010,01100011011
01111001101,11001101011,00010111011,11011010111,10101110101,11111110000,11110100111,11000111100,01101110110,10011101110,10100011010
10011101101,01110001111,11100010101,11110100001,10011010011,11101001010,01101011001,10100111011,00111110100,01001100111,11010111010
00100011101,11000111110,01110110100,10010010111,01011101111,11011011100,11101000110,00111111010,11110011011,11001110001,10110101101
11001101010,01111011001,01010010010,10111000111,10011110000,10110101010,00101111110,11100011100,01111100100,00010101101,11100110011
01111001101,11001101011,00010111011,11011010111,10101110101,11111110000,11110100111,11000111100,01101110110,10011101110,10100011010
11001101010,01111011001,01010010010,10111000111,10011110000,10110101010,00101111110,11100011100,01111100100,00010101101,11100110011
10010111001,01011001101,11011010011,11111010100,01100110111,11101101001,10001011110,00111111010,11110001010,11011100110,10111000111
01111001101,11001101011,00010111011,11011010111,10101110101,11111110000,11110100111,11000111100,01101110110,10011101110,10100011010
10110010100,01011001110,10000100111,01010111011,00111100101,11011110001,10101011101,10111101010,11110000011,01101110010,11100101100
01011001110,11000101000,01010110001,10001110111,00101101101,10010011101,11110000111,00110111110,11101010100,10111001010,01100011011
00001111001,11001101101,00111100101,00010101110,01100101011,01110011100,10100011111,01001010111,11010110001,11101110010,10011001011
01011010011,00010110111,10011111000,10110010101,11111100110,11000011110,10101110011,11110101011,00111001110,10001001101,01101111101
10111011001,11000101000,00011100011,11001010111,01011001100,11110010010,10110100101,10010111110,01101110100,10101001110,01100011111
01001100101,11110010100,01010110011,10011111000,11100001001,00110101100,01101011010,10000111110,11011100010,00011001111,10101110011
10010111001,01011001101,11011010011,11111010100,01100110111,11101101001,10001011110,00111111010,11110001010,11011100110,10111000111
01111001101,11001101011,00010111011,11011010111,10101110101,11111110000,11110100111,11000111100,01101110110,10011101110,10100011010
00001111001,11001101101,00111100101,00010101110,01100101011,01110011100,10100011111,01001010111,11010110001,11101110010,10011001011
01111001101,11001101011,00010111011,11011010111,10101110101,11111110000,11110100111,11000111100,01101110110,10011101110,10100011010
11001101010,01111011001,01010010010,10111000111,10011110000,10110101010,00101111110,11100011100,01111100100,00010101101,11100110011
01011010011,10010001110,00111100111,11011101001,10010110101,10001111011,10111010000,00101011101,11100000111,01001110100,01110111010
00001111001,11001101101,00111100101,00010101110,01100101011,01110011100,10100011111,01001010111,11010110001,11101110010,10011001011
01001100101,11110010100,01010110011,10011111000,11100001001,00110101100,01101011010,10000111110,11011100010,00011001111,10101110011
01111001101,11001101011,00010111011,11011010111,10101110101,11111110000,11110100111,11000111100,01101110110,10011101110,10100011010
00001111001,11001101101,00111100101,00010101110,01100101011,01110011100,10100011111,01001010111,11010110001,11101110010,10011001011
01001100101,11110010100,01010110011,10011111000,11100001001,00110101100,01101011010,10000111110,11011100010,00011001111,10101110011
01001101011,00111101100,01011010101,10011110001,11100001001,00100110111,00111011010,01010111100,11110100010,10010001111,11001010110
10101011001,11000011110,10011110110,00010111001,11110010100,01100110011,00110001111,00101111100,01111001010,11001101101,01011010101
01001100101,11110010100,01010110011,10011111000,11100001001,00110101100,01101011010,10000111110,11011100010,00011001111,10101110011
10011101101,01110001111,11100010101,11110100001,10011010011,11101001010,01101011001,10100111011,00111110100,01001100111,11010111010
00100011101,11000111110,01110110100,10010010111,01011101111,11011011100,11101000110,00111111010,11110011011,11001110001,10110101101
10101011001,11000011110,10011110110,00010111001,11110010100,01100110011,00110001111,00101111100,01111001010,11001101101,01011010101
00100011101,11000111110,01110110100,10010010111,01011101111,11011011100,11101000110,00111111010,11110011011,11001110001,10110101101
00010111011,10111111100,10000011101,01011001110,11110110110,01001110100,10011100111,01110101101,00101010111,11101101010,11111010001
10110010100,01011001110,10000100111,01010111011,00111100101,11011110001,10101011101,10111101010,11110000011,01101110010,11100101100
01001100101,11110010100,01010110011,10011111000,11100001001,00110101100,01101011010,10000111110,11011100010,00011001111,10101110011
01011010011,10010001110,00111100111,11011101001,10010110101,10001111011,10111010000,00101011101,11100000111,01001110100,01110111010
00100011101,11000111110,01110110100,10010010111,01011101111,11011011100,11101000110,00111111010,11110011011,11001110001,10110101101
00100011101,11000111110,01110110100,10010010111,01011101111,11011011100,11101000110,00111111010,11110011011,11001110001,10110101101
01001100101,11110010100,01010110011,10011111000,11100001001,00110101100,01101011010,10000111110,11011100010,00011001111,10101110011
01001101011,00111101100,01011010101,10011110001,11100001001,00100110111,00111011010,01010111100,11110100010,10010001111,11001010110
10101011001,11000011110,10011110110,00010111001,11110010100,01100110011,00110001111,00101111100,01111001010,11001101101,01011010101
11001101010,01111011001,01010010010,10111000111,10011110000,10110101010,00101111110,11100011100,01111100100,00010101101,11100110011
00100011101,11000111110,01110110100,10010010111,01011101111,11011011100,11101000110,00111111010,11110011011,11001110001,10110101101
00100011101,11000111110,01110110100,10010010111,01011101111,11011011100,11101000110,00111111010,11110011011,11001110001,10110101101
00010111011,10111111100,10000011101,01011001110,11110110110,01001110100,10011100111,01110101101,00101010111,11101101010,11111010001
10010111001,01011001101,11011010011,11111010100,01100110111,11101101001,10001011110,00111111010,11110001010,11011100110,10111000111
10110010100,01011001110,10000100111,01010111011,00111100101,11011110001,10101011101,10111101010,11110000011,01101110010,11100101100
10110010100,01011001110,10000100111,01010111011,00111100101,11011110001,10101011101,10111101010,11110000011,01101110010,11100101100
01001101011,00111101100,01011010101,10011110001,11100001001,00100110111,00111011010,01010111100,11110100010,10010001111,11001010110
10110010100,01011001110,10000100111,01010111011,00111100101,11011110001,10101011101,10111101010,11110000011,01101110010,11100101100
01011001110,11000101000,01010110001,10001110111,00101101101,10010011101,11110000111,00110111110,11101010100,10111001010,01100011011
10010111001,01011001101,11011010011,11111010100,01100110111,11101101001,10001011110,00111111010,11110001010,11011100110,10111000111
00010111011,10111111100,10000011101,01011001110,11110110110,01001110100,10011100111,01110101101,00101010111,11101101010,11111010001
00010111011,10111111100,10000011101,01011001110,11110110110,01001110100,10011100111,01110101101,00101010111,11101101010,11111010001
01001100101,11110010100,01010110011,10011111000,11100001001,00110101100,01101011010,10000111110,11011100010,00011001111,10101110011
10011101101,01110001111,11100010101,11110100001,10011010011,11101001010,01101011001,10100111011,00111110100,01001100111,11010111010
11001101010,01111011001,01010010010,10111000111,10011110000,10110101010,00101111110,11100011100,01111100100,00010101101,11100110011
00100011101,11000111110,01110110100,10010010111,01011101111,11011011100,11101000110,00111111010,11110011011,11001110001,10110101101
00100011101,11000111110,01110110100,10010010111,01011101111,11011011100,11101000110,00111111010,11110011011,11001110001,10110101101
01111001101,11001101011,00010111011,11011010111,10101110101,11111110000,11110100111,11000111100,01101110110,10011101110,10100011010
10011101101,01110001111,11100010101,11110100001,10011010011,11101001010,01101011001,10100111011,00111110100,01001100111,11010111010
10110010100,01011001110,10000100111,01010111011,00111100101,11011110001,10101011101,10111101010,11110000011,01101110010,11100101100
10011101101,01110001111,11100010101,11110100001,10011010011,11101001010,01101011001,10100111011,00111110100,01001100111,11010111010
10010111001,01011001101,11011010011,11111010100,01100110111,11101101001,10001011110,00111111010,11110001010,11011100110,10111000111
10101011001,11000011110,10011110110,00010111001,11110010100,01100110011,00110001111,00101111100,01111001010,11001101101,01011010101
10010111001,01011001101,11011010011,11111010100,01100110111,11101101001,10001011110,00111111010,11110001010,11011100110,10111000111
01011010011,00010110111,10011111000,10110010101,11111100110,11000011110,10101110011,11110101011,00111001110,10001001101,01101111101
01111001101,11001101011,00010111011,11011010111,10101110101,11111110000,11110100111,11000111100,01101110110,10011101110,10100011010
01001100101,11110010100,01010110011,10011111000,11100001001,00110101100,01101011010,10000111110,11011100010,00011001111,10101110011
10101011101,01101101100,01111010110,11011110001,11110001000,10111100011,10011111010,00110111101,01101011011,11100110110,11010001111
01011010011,00010110111,10011111000,10110010101,11111100110,11000011110,10101110011,11110101011,00111001110,10001001101,01101111101
00010111011,10111111100,10000011101,01011001110,11110110110,01001110100,10011100111,01110101101,00101010111,11101101010,11111010001
00010111011,10111111100,10000011101,01011001110,11110110110,01001110100,10011100111,01110101101,00101010111,11101101010,11111010001
00100011101,11000111110,01110110100,10010010111,01011101111,11011011100,11101000110,00111111010,11110011011,11001110001,10110101101
10010111001,01011001101,11011010011,11111010100,01100110111,11101101001,10001011110,00111111010,11110001010,11011100110,10111000111
10101011001,11000011110,10011110110,00010111001,11110010100,01100110011,00110001111,00101111100,01111001010,11001101101,01011010101
01011001110,11000101000,01010110001,10001110111,00101101101,10010011101,11110000111,00110111110,11101010100,10111001010,01100011011
01001100101,11110010100,01010110011,10011111000,11100001001,00110101100,01101011010,10000111110,11011100010,00011001111,10101110011
10101011001,11000011110,10011110110,00010111001,11110010100,01100110011,00110001111,00101111100,01111001010,11001101101,01011010101
01011001110,11000101000,01010110001,10001110111,00101101101,10010011101,11110000111,00110111110,11101010100,10111001010,01100011011
01001100101,11110010100,01010110011,10011111000,11100001001,00110101100,01101011010,10000111110,11011100010,00011001111,10101110011
01111001101,11001101011,00010111011,11011010111,10101110101,11111110000,11110100111,11000111100,01101110110,10011101110,10100011010
01001100101,11110010100,01010110011,10011111000,11100001001,00110101100,01101011010,10000111110,11011100010,00011001111,10101110011
10011101101,01110001111,11100010101,11110100001,10011010011,11101001010,01101011001,10100111011,00111110100,01001100111,11010111010
10111011001,11000101000,00011100011,11001010111,01011001100,11110010010,10110100101,10010111110,01101110100,10101001110,01100011111
10111011001,11000101000,00011100011,11001010111,01011001100,11110010010,10110100101,10010111110,01101110100,10101001110,01100011111
00010111011,10111111100,10000011101,01011001110,11110110110,01001110100,10011100111,01110101101,00101010111,11101101010,11111010001
00010111011,10111111100,10000011101,01011001110,11110110110,01001110100,10011100111,01110101101,00101010111,11101101010,11111010001
01011010011,10010001110,00111100111,11011101001,10010110101,10001111011,10111010000,00101011101,11100000111,01001110100,01110111010
01111001101,11001101011,00010111011,11011010111,10101110101,11111110000,11110100111,11000111100,01101110110,10011101110,10100011010
10010111001,01011001101,11011010011,11111010100,01100110111,11101101001,10001011110,00111111010,11110001010,11011100110,10111000111
10101011101,01101101100,01111010110,11011110001,11110001000,10111100011,10011111010,00110111101,01101011011,11100110110,11010001111
01011010011,10010001110,00111100111,11011101001,10010110101,10001111011,10111010000,00101011101,11100000111,01001110100,01110111010
10011101101,01110001111,11100010101,11110100001,10011010011,11101001010,01101011001,10100111011,00111110100,01001100111,11010111010
10111011001,11000101000,00011100011,11001010111,01011001100,11110010010,10110100101,10010111110,01101110100,10101001110,01100011111
00100011101,11000111110,01110110100,10010010111,01011101111,11011011100,11101000110,00111111010,11110011011,11001110001,10110101101
10010111001,01011001101,11011010011,11111010100,01100110111,11101101001,10001011110,00111111010,11110001010,11011100110,10111000111
00100011101,11000111110,01110110100,10010010111,01011101111,11011011100,11101000110,00111111010,11110011011,11001110001,10110101101
01001100101,11110010100,01010110011,10011111000,11100001001,00110101100,01101011010,10000111110,11011100010,00011001111,10101110011
10110010100,01011001110,10000100111,01010111011,00111100101,11011110001,10101011101,10111101010,11110000011,01101110010,11100101100
10110010100,01011001110,10000100111,01010111011,00111100101,11011110001,10101011101,10111101010,11110000011,01101110010,11100101100
00010111011,10111111100,10000011101,01011001110,11110110110,01001110100,10011100111,01110101101,00101010111,11101101010,11111010001
00100011101,11000111110,01110110100,10010010111,01011101111,11011011100,11101000110,00111111010,11110011011,11001110001,10110101101
01011010011,10010001110,00111100111,11011101001,10010110101,10001111011,10111010000,00101011101,11100000111,01001110100,01110111010
00010111011,10111111100,10000011101,01011001110,11110110110,01001110100,10011100111,01110101101,00101010111,11101101010,11111010001
10110010100,01011001110,10000100111,01010111011,00111100101,11011110001,10101011101,10111101010,11110000011,01101110010,11100101100
00001111001,11001101101,00111100101,00010101110,01100101011,01110011100,10100011111,01001010111,11010110001,11101110010,10011001011
00100011101,11000111110,01110110100,10010010111,01011101111,11011011100,11101000110,00111111010,11110011011,11001110001,10110101101
00010111011,10111111100,10000011101,01011001110,11110110110,01001110100,10011100111,01110101101,00101010111,11101101010,11111010001
10101011001,11000011110,10011110110,00010111001,11110010100,01100110011,00110001111,00101111100,01111001010,11001101101,01011010101
11011010111,01111011010,10001011011,00110110110,01101110101,01010111101,10111001101,10011110000,11100011100,01001101110,11110100011
01001101011,00111101100,01011010101,10011110001,11100001001,00100110111,00111011010,01010111100,11110100010,10010001111,11001010110
01011010011,10010001110,00111100111,11011101001,10010110101,10001111011,10111010000,00101011101,11100000111,01001110100,01110111010
01011010011,10010001110,00111100111,11011101001,10010110101,10001111011,10111010000,00101011101,11100000111,01001110100,01110111010
10110010100,01011001110,10000100111,01010111011,00111100101,11011110001,10101011101,10111101010,11110000011,01101110010,11100101100
01011001110,11000101000,01010110001,10001110111,00101101101,10010011101,11110000111,00110111110,11101010100,10111001010,01100011011
10010111001,01011001101,11011010011,11111010100,01100110111,11101101001,10001011110,00111111010,11110001010,11011100110,10111000111
00001111001,11001101101,00111100101,00010101110,01100101011,01110011100,10100011111,01001010111,11010110001,11101110010,10011001011
10111011001,11000101000,00011100011,11001010111,01011001100,11110010010,10110100101,10010111110,01101110100,10101001110,01100011111
10101011101,01101101100,01111010110,11011110001,11110001000,10111100011,10011111010,00110111101,01101011011,11100110110,11010001111
01001100101,11110010100,01010110011,10011111000,11100001001,00110101100,01101011010,10000111110,11011100010,00011001111,10101110011
01001101011,00111101100,01011010101,10011110001,11100001001,00100110111,00111011010,01010111100,11110100010,10010001111,11001010110
00001111001,11001101101,00111100101,00010101110,01100101011,01110011100,10100011111,01001010111,11010110001,11101110010,10011001011
00100011101,11000111110,01110110100,10010010111,01011101111,11011011100,11101000110,00111111010,11110011011,11001110001,10110101101
00001111001,11001101101,00111100101,00010101110,01100101011,01110011100,10100011111,01001010111,11010110001,11101110010,10011001011
01001101011,00111101100,01011010101,10011110001,11100001001,00100110111,00111011010,01010111100,11110100010,10010001111,11001010110
00001111001,11001101101,00111100101,00010101110,01100101011,01110011100,10100011111,01001010111,11010110001,11101110010,10011001011
01011001110,11000101000,01010110001,10001110111,00101101101,10010011101,11110000111,00110111110,11101010100,10111001010,01100011011
11001101010,01111011001,01010010010,10111000111,10011110000,10110101010,00101111110,11100011100,01111100100,00010101101,11100110011
10010111001,01011001101,11011010011,11111010100,01100110111,11101101001,10001011110,00111111010,11110001010,11011100110,10111000111
01011001110,11000101000,01010110001,10001110111,00101101101,10010011101,11110000111,00110111110,11101010100,10111001010,01100011011
11001101010,01111011001,01010010010,10111000111,10011110000,10110101010,00101111110,11100011100,01111100100,00010101101,11100110011
00010111011,10111111100,10000011101,01011001110,11110110110,01001110100,10011100111,01110101101,00101010111,11101101010,11111010001
01011010011,10010001110,00111100111,11011101001,10010110101,10001111011,10111010000,00101011101,11100000111,01001110100,01110111010
10011101101,01110001111,11100010101,11110100001,10011010011,11101001010,01101011001,10100111011,00111110100,01001100111,11010111010
01011010011,10010001110,00111100111,11011101001,10010110101,10001111011,10111010000,00101011101,11100000111,01001110100,01110111010
01001101011,00111101100,01011010101,10011110001,11100001001,00100110111,00111011010,01010111100,11110100010,10010001111,11001010110
10111011001,11000101000,00011100011,11001010111,01011001100,11110010010,10110100101,10010111110,01101110100,10101001110,01100011111
00100011101,11000111110,01110110100,10010010111,01011101111,11011011100,11101000110,00111111010,11110011011,11001110001,10110101101
10011101101,01110001111,11100010101,11110100001,10011010011,11101001010,01101011001,10100111011,00111110100,01001100111,11010111010
00100011101,11000111110,01110110100,10010010111,01011101111,11011011100,11101000110,00111111010,11110011011,11001110001,10110101101
01001101011,00111101100,01011010101,10011110001,11100001001,00100110111,00111011010,01010111100,11110100010,10010001111,11001010110
00100011101,11000111110,01110110100,10010010111,01011101111,11011011100,11101000110,00111111010,11110011011,11001110001,10110101101
10101011101,01101101100,01111010110,11011110001,11110001000,10111100011,10011111010,00110111101,01101011011,11100110110,11010001111
00010111011,10111111100,10000011101,01011001110,11110110110,01001110100,10011100111,01110101101,00101010111,11101101010,11111010001
01111001101,11001101011,00010111011,11011010111,10101110101,11111110000,11110100111,11000111100,01101110110,10011101110,10100011010
01011010011,00010110111,10011111000,10110010101,11111100110,11000011110,10101110011,11110101011,00111001110,10001001101,01101111101
10010111001,01011001101,11011010011,11111010100,01100110111,11101101001,10001011110,00111111010,11110001010,11011100110,10111000111
01011010011,10010001110,00111100111,11011101001,10010110101,10001111011,10111010000,00101011101,11100000111,01001110100,01110111010
10101011101,01101101100,01111010110,11011110001,11110001000,10111100011,10011111010,00110111101,01101011011,11100110110,11010001111
01011010011,10010001110,00111100111,11011101001,10010110101,10001111011,10111010000,00101011101,11100000111,01001110100,01110111010
10101011001,11000011110,10011110110,00010111001,11110010100,01100110011,00110001111,00101111100,01111001010,11001101101,01011010101
10110010100,01011001110,10000100111,01010111011,00111100101,11011110001,10101011101,10111101010,11110000011,01101110010,11100101100
00001111001,11001101101,00111100101,00010101110,01100101011,01110011100,10100011111,01001010111,11010110001,11101110010,10011001011
00001111001,11001101101,00111100101,00010101110,01100101011,01110011100,10100011111,01001010111,11010110001,11101110010,10011001011
10011101101,01110001111,11100010101,11110100001,10011010011,11101001010,01101011001,10100111011,00111110100,01001100111,11010111010
10010111001,01011001101,11011010011,11111010100,01100110111,11101101001,10001011110,00111111010,11110001010,11011100110,10111000111
00001111001,11001101101,00111100101,00010101110,01100101011,01110011100,10100011111,01001010111,11010110001,11101110010,10011001011
10010111001,01011001101,11011010011,11111010100,01100110111,11101101001,10001011110,00111111010,11110001010,11011100110,10111000111
01001100101,11110010100,01010110011,10011111000,11100001001,00110101100,01101011010,10000111110,11011100010,00011001111,10101110011
00010111011,10111111100,10000011101,01011001110,11110110110,01001110100,10011100111,01110101101,00101010111,11101101010,11111010001
10101011101,01101101100,01111010110,11011110001,11110001000,10111100011,10011111010,00110111101,01101011011,11100110110,11010001111
01001100101,11110010100,01010110011,10011111000,11100001001,00110101100,01101011010,10000111110,11011100010,00011001111,10101110011
01011010011,00010110111,10011111000,10110010101,11111100110,11000011110,10101110011,11110101011,00111001110,10001001101,01101111101
10101011001,11000011110,10011110110,00010111001,11110010100,01100110011,00110001111,00101111100,01111001010,11001101101,01011010101
01001100101,11110010100,01010110011,10011111000,11100001001,00110101100,01101011010,10000111110,11011100010,00011001111,10101110011
01011010011,00010110111,10011111000,10110010101,11111100110,11000011110,10101110011,11110101011,00111001110,10001001101,01101111101
10101011001,11000011110,10011110110,00010111001,11110010100,01100110011,00110001111,00101111100,01111001010,11001101101,01011010101
00001111001,11001101101,00111100101,00010101110,01100101011,01110011100,10100011111,01001010111,11010110001,11101110010,10011001011
10011101101,01110001111,11100010101,11110100001,10011010011,11101001010,01101011001,10100111011,00111110100,01001100111,11010111010
01001100101,11110010100,01010110011,10011111000,11100001001,00110101100,01101011010,10000111110,11011100010,00011001111,10101110011
00010111011,10111111100,10000011101,01011001110,11110110110,01001110100,10011100111,01110101101,00101010111,11101101010,11111010001
01011001110,11000101000,01010110001,10001110111,00101101101,10010011101,11110000111,00110111110,11101010100,10111001010,01100011011
01011010011,10010001110,00111100111,11011101001,10010110101,10001111011,10111010000,00101011101,11100000111,01001110100,01110111010
01011010011,00010110111,10011111000,10110010101,11111100110,11000011110,10101110011,11110101011,00111001110,10001001101,01101111101
01111001101,11001101011,00010111011,11011010111,10101110101,11111110000,11110100111,11000111100,01101110110,10011101110,10100011010
01001100101,11110010100,01010110011,10011111000,11100001001,00110101100,01101011010,10000111110,11011100010,00011001111,10101110011
10011101101,01110001111,11100010101,11110100001,10011010011,11101001010,01101011001,10100111011,00111110100,01001100111,11010111010
10101011001,11000011110,10011110110,00010111001,11110010100,01100110011,00110001111,00101111100,01111001010,11001101101,01011010101
10010111001,01011001101,11011010011,11111010100,01100110111,11101101001,10001011110,00111111010,11110001010,11011100110,10111000111
10110010100,01011001110,10000100111,01010111011,00111100101,11011110001,10101011101,10111101010,11110000011,01101110010,11100101100
10110010100,01011001110,10000100111,01010111011,00111100101,11011110001,10101011101,10111101010,11110000011,01101110010,11100101100
01001100101,11110010100,01010110011,10011111000,11100001001,00110101100,01101011010,10000111110,11011100010,00011001111,10101110011
10010111001,01011001101,11011010011,11111010100,01100110111,11101101001,10001011110,00111111010,11110001010,11011100110,10111000111
10011101101,01110001111,11100010101,11110100001,10011010011,11101001010,01101011001,10100111011,00111110100,01001100111,11010111010
01011010011,10010001110,00111100111,11011101001,10010110101,10001111011,10111010000,00101011101,11100000111,01001110100,01110111010
11001111001,00101001111,01011010010,10110011010,11111000001,11100010110,10011100010,01111101100,01110100011,00010110101,11010001111
00100011101,11000111110,01110110100,10010010111,01011101111,11011011100,11101000110,00111111010,11110011011,11001110001,10110101101
10101011101,01101101100,01111010110,11011110001,11110001000,10111100011,10011111010,00110111101,01101011011,11100110110,11010001111
01011001110,11000101000,01010110001,10001110111,00101101101,10010011101,11110000111,00110111110,11101010100,10111001010,01100011011
01011010011,10010001110,00111100111,11011101001,10010110101,10001111011,10111010000,00101011101,11100000111,01001110100,01110111010
01011010011,10010001110,00111100111,11011101001,10010110101,10001111011,10111010000,00101011101,11100000111,01001110100,01110111010
00100011101,11000111110,01110110100,10010010111,01011101111,11011011100,11101000110,00111111010,11110011011,11001110001,10110101101
11001101010,01111011001,01010010010,10111000111,10011110000,10110101010,00101111110,11100011100,01111100100,00010101101,11100110011
11011010111,01111011010,10001011011,00110110110,01101110101,01010111101,10111001101,10011110000,11100011100,01001101110,11110100011
00001111001,11001101101,00111100101,00010101110,01100101011,01110011100,10100011111,01001010111,11010110001,11101110010,10011001011
10010111001,01011001101,11011010011,11111010100,01100110111,11101101001,10001011110,00111111010,11110001010,11011100110,10111000111
10110010100,01011001110,10000100111,01010111011,00111100101,11011110001,10101011101,10111101010,11110000011,01101110010,11100101100
01111001101,11001101011,00010111011,11011010111,10101110101,11111110000,11110100111,11000111100,01101110110,10011101110,10100011010
01011010011,10010001110,00111100111,11011101001,10010110101,10001111011,10111010000,00101011101,11100000111,01001110100,01110111010
10010111001,01011001101,11011010011,11111010100,01100110111,11101101001,10001011110,00111111010,11110001010,11011100110,10111000111
10111011001,11000101000,00011100011,11001010111,01011001100,11110010010,10110100101,10010111110,01101110100,10101001110,01100011111
10111011001,11000101000,00011100011,11001010111,01011001100,11110010010,10110100101,10010111110,01101110100,10101001110,01100011111
01001101011,00111101100,01011010101,10011110001,11100001001,00100110111,00111011010,01010111100,11110100010,10010001111,11001010110
01011010011,00010110111,10011111000,10110010101,11111100110,11000011110,10101110011,11110101011,00111001110,10001001101,01101111101
11001111001,00101001111,01011010010,10110011010,11111000001,11100010110,10011100010,01111101100,01110100011,00010110101,11010001111
01001101011,00111101100,01011010101,10011110001,11100001001,00100110111,00111011010,01010111100,11110100010,10010001111,11001010110
10111011001,11000101000,00011100011,11001010111,01011001100,11110010010,10110100101,10010111110,01101110100,10101001110,01100011111
01011010011,10010001110,00111100111,11011101001,10010110101,10001111011,10111010000,00101011101,11100000111,01001110100,01110111010
01011001110,11000101000,01010110001,10001110111,00101101101,10010011101,11110000111,00110111110,11101010100,10111001010,01100011011
10101011101,01101101100,01111010110,11011110001,11110001000,10111100011,10011111010,00110111101,01101011011,11100110110,11010001111
10110010100,01011001110,10000100111,01010111011,00111100101,11011110001,10101011101,10111101010,11110000011,01101110010,11100101100
01011010011,10010001110,00111100111,11011101001,10010110101,10001111011,10111010000,00101011101,11100000111,01001110100,01110111010
00100011101,11000111110,01110110100,10010010111,01011101111,11011011100,11101000110,00111111010,11110011011,11001110001,10110101101
01011010011,10010001110,00111100111,11011101001,10010110101,10001111011,10111010000,00101011101,11100000111,01001110100,01110111010
10101011001,11000011110,10011110110,00010111001,11110010100,01100110011,00110001111,00101111100,01111001010,11001101101,01011010101
01011010011,00010110111,10011111000,10110010101,11111100110,11000011110,10101110011,11110101011,00111001110,10001001101,01101111101
10111011001,11000101000,00011100011,11001010111,01011001100,11110010010,10110100101,10010111110,01101110100,10101001110,01100011111
01011010011,10010001110,00111100111,11011101001,10010110101,10001111011,10111010000,00101011101,11100000111,01001110100,01110111010
01001100101,11110010100,01010110011,10011111000,11100001001,00110101100,01101011010,10000111110,11011100010,00011001111,10101110011
01011001110,11000101000,01010110001,10001110111,00101101101,10010011101,11110000111,00110111110,11101010100,10111001010,01100011011
10101011001,11000011110,10011110110,00010111001,11110010100,01100110011,00110001111,00101111100,01111001010,11001101101,01011010101
01001101011,00111101100,01011010101,10011110001,11100001001,00100110111,00111011010,01010111100,11110100010,10010001111,11001010110
00001111001,11001101101,00111100101,00010101110,01100101011,01110011100,10100011111,01001010111,11010110001,11101110010,10011001011
10101011001,11000011110,10011110110,00010111001,11110010100,01100110011,00110001111,00101111100,01111001010,11001101101,01011010101
10011101101,01110001111,11100010101,11110100001,10011010011,11101001010,01101011001,10100111011,00111110100,01001100111,11010111010
00010111011,10111111100,10000011101,01011001110,11110110110,01001110100,10011100111,01110101101,00101010111,11101101010,11111010001
10010111001,01011001101,11011010011,11111010100,01100110111,11101101001,10001011110,00111111010,11110001010,11011100110,10111000111
10101011001,11000011110,10011110110,00010111001,11110010100,01100110011,00110001111,00101111100,01111001010,11001101101,01011010101
11011010111,01111011010,10001011011,00110110110,01101110101,01010111101,10111001101,10011110000,11100011100,01001101110,11110100011
10111011001,11000101000,00011100011,11001010111,01011001100,11110010010,10110100101,10010111110,01101110100,10101001110,01100011111
01111001101,11001101011,00010111011,11011010111,10101110101,11111110000,11110100111,11000111100,01101110110,10011101110,10100011010
01001100101,11110010100,01010110011,10011111000,11100001001,00110101100,01101011010,10000111110,11011100010,00011001111,10101110011
00001111001,11001101101,00111100101,00010101110,01100101011,01110011100,10100011111,01001010111,11010110001,11101110010,10011001011
01011010011,10010001110,00111100111,11011101001,10010110101,10001111011,10111010000,00101011101,11100000111,01001110100,01110111010
10011101101,01110001111,11100010101,11110100001,10011010011,11101001010,01101011001,10100111011,00111110100,01001100111,11010111010
10010111001,01011001101,11011010011,11111010100,01100110111,11101101001,10001011110,00111111010,11110001010,11011100110,10111000111
10111011001,11000101000,00011100011,11001010111,01011001100,11110010010,10110100101,10010111110,01101110100,10101001110,01100011111
01001101011,00111101100,01011010101,10011110001,11100001001,00100110111,00111011010,01010111100,11110100010,10010001111,11001010110
11001101010,01111011001,01010010010,10111000111,10011110000,10110101010,00101111110,11100011100,01111100100,00010101101,11100110011
01011010011,00010110111,10011111000,10110010101,11111100110,11000011110,10101110011,11110101011,00111001110,10001001101,01101111101
00010111011,10111111100,10000011101,01011001110,11110110110,01001110100,10011100111,01110101101,00101010111,11101101010,11111010001
11001111001,00101001111,01011010010,10110011010,11111000001,11100010110,10011100010,01111101100,01110100011,00010110101,11010001111
11001111001,00101001111,01011010010,10110011010,11111000001,11100010110,10011100010,01111101100,01110100011,00010110101,11010001111
10110010100,01011001110,10000100111,01010111011,00111100101,11011110001,10101011101,10111101010,11110000011,01101110010,11100101100
10101011001,11000011110,10011110110,00010111001,11110010100,01100110011,00110001111,00101111100,01111001010,11001101101,01011010101
01011010011,10010001110,00111100111,11011101001,10010110101,10001111011,10111010000,00101011101,11100000111,01001110100,01110111010
01011010011,10010001110,00111100111,11011101001,10010110101,10001111011,10111010000,00101011101,11100000111,01001110100,01110111010
01011010011,10010001110,00111100111,11011101001,10010110101,10001111011,10111010000,00101011101,11100000111,01001110100,01110111010
00001111001,11001101101,00111100101,00010101110,01100101011,01110011100,10100011111,01001010111,11010110001,11101110010,10011001011
10011101101,01110001111,11100010101,11110100001,10011010011,11101001010,01101011001,10100111011,00111110100,01001100111,11010111010
10111011001,11000101000,00011100011,11001010111,01011001100,11110010010,10110100101,10010111110,01101110100,10101001110,01100011111
01011010011,00010110111,10011111000,10110010101,11111100110,11000011110,10101110011,11110101011,00111001110,10001001101,01101111101
11001101010,01111011001,01010010010,10111000111,10011110000,10110101010,00101111110,11100011100,01111100100,00010101101,11100110011
01111001101,11001101011,00010111011,11011010111,10101110101,11111110000,11110100111,11000111100,01101110110,10011101110,10100011010
01011010011,10010001110,00111100111,11011101001,10010110101,10001111011,10111010000,00101011101,11100000111,01001110100,01110111010
10101011001,11000011110,10011110110,00010111001,11110010100,01100110011,00110001111,00101111100,01111001010,11001101101,01011010101
01011010011,010111011001110,1011101100111,1011110001,10010110101,100011110111101011101000111110,0011101,111000001111011,1111,01010
01011010011,10010001110,00111100111,11011101001,10010110101,10001111011,10111010000,00101011101,11100000111,01001110100,01110111010
00100011101,11000111110,01110110100,10010010111,01011101111,11011011100,11101000110,00111111010,11110011011,11001110001,10110101101
01011010011,10010001110,00111100111,11011101001,10010110101,10001111011,10111010000,00101011101,11100000111,01001110100,01110111010
11011010111,01111011010,10001011011,00110110110,01101110101,01010111101,10111001101,10011110000,11100011100,01001101110,11110100011
10101011001,11000011110,10011110110,00010111001,11110010100,01100110011,00110001111,00101111100,01111001010,11001101101,01011010101
10111011001,11000101000,00011100011,11001010111,01011001100,11110010010,10110100101,10010111110,01101110100,10101001110,01100011111
01001100101,11110010100,01010110011,10011111000,11100001001,00110101100,01101011010,10000111110,11011100010,00011001111,10101110011
10101011001,11000011110,10011110110,00010111001,11110010100,01100110011,00110001111,00101111100,01111001010,11001101101,01011010101
10110010100,01011001110,10000100111,01010111011,00111100101,11011110001,10101011101,10111101010,11110000011,01101110010,11100101100
00001111001,11001101101,00111100101,00010101110,01100101011,01110011100,10100011111,01001010111,11010110001,11101110010,10011001011
10110010100,01011001110,10000100111,01010111011,00111100101,11011110001,10101011101,10111101010,11110000011,01101110010,11100101100
00010111011,10111111100,10000011101,01011001110,11110110110,01001110100,10011100111,01110101101,00101010111,11101101010,11111010001
01011010011,10010001110,00111100111,11011101001,10010110101,10001111011,10111010000,00101011101,11100000111,01001110100,01110111010
01011010011,00010110111,10011111000,10110010101,11111100110,11000011110,10101110011,11110101011,00111001110,10001001101,01101111101
01011010011,10010001110,00111100111,11011101001,10010110101,10001111011,10111010000,00101011101,11100000111,01001110100,01110111010
01011010011,10010001110,00111100111,11011101001,10010110101,10001111011,10111010000,00101011101,11100000111,01001110100,01110111010
01011010011,10010001110,00111100111,11011101001,10010110101,10001111011,10111010000,00101011101,11100000111,01001110100,01110111010
10101011101,01101101100,01111010110,11011110001,11110001000,10111100011,10011111010,00110111101,01101011011,11100110110,11010001111
10010111001,01011001101,11011010011,11111010100,01100110111,11101101001,10001011110,00111111010,11110001010,11011100110,10111000111
11011010111,01111011010,10001011011,00110110110,01101110101,01010111101,10111001101,10011110000,11100011100,01001101110,11110100011
11001101010,01111011001,01010010010,10111000111,10011110000,10110101010,00101111110,11100011100,01111100100,00010101101,11100110011
11001101010,01111011001,01010010010,10111000111,10011110000,10110101010,00101111110,11100011100,01111100100,00010101101,11100110011
00100011101,11000111110,01110110100,10010010111,01011101111,11011011100,11101000110,00111111010,11110011011,11001110001,10110101101
00010111011,10111111100,10000011101,01011001110,11110110110,01001110100,10011100111,01110101101,00101010111,11101101010,11111010001
10011101101,01110001111,11100010101,11110100001,10011010011,11101001010,01101011001,10100111011,00111110100,01001100111,11010111010
00010111011,10111111100,10000011101,01011001110,11110110110,01001110100,10011100111,01110101101,00101010111,11101101010,11111010001
10101011101,01101101100,01111010110,11011110001,11110001000,10111100011,10011111010,00110111101,01101011011,11100110110,11010001111
01011001110,11000101000,01010110001,10001110111,00101101101,10010011101,11110000111,00110111110,11101010100,10111001010,01100011011
10110010100,01011001110,10000100111,01010111011,00111100101,11011110001,10101011101,10111101010,11110000011,01101110010,11100101100
00100011101,11000111110,01110110100,10010010111,01011101111,11011011100,11101000110,00111111010,11110011011,11001110001,10110101101
00001111001,11001101101,00111100101,00010101110,01100101011,01110011100,10100011111,01001010111,11010110001,11101110010,10011001011
01011010011,10010001110,00111100111,11011101001,10010110101,10001111011,10111010000,00101011101,11100000111,01001110100,01110111010
00001111001,11001101101,00111100101,00010101110,01100101011,01110011100,10100011111,01001010111,11010110001,11101110010,10011001011
01011001110,11000101000,01010110001,10001110111,00101101101,10010011101,11110000111,00110111110,11101010100,10111001010,01100011011
10110010100,01011001110,10000100111,01010111011,00111100101,11011110001,10101011101,10111101010,11110000011,01101110010,11100101100
10110010100,01011001110,10000100111,01010111011,00111100101,11011110001,10101011101,10111101010,11110000011,01101110010,11100101100
10101011001,11000011110,10011110110,00010111001,11110010100,01100110011,00110001111,00101111100,01111001010,11001101101,01011010101
11001101010,01111011001,01010010010,10111000111,10011110000,10110101010,00101111110,11100011100,01111100100,00010101101,11100110011
10101011101,01101101100,01111010110,11011110001,11110001000,10111100011,10011111010,00110111101,01101011011,11100110110,11010001111
10101011001,11000011110,10011110110,00010111001,11110010100,01100110011,00110001111,00101111100,01111001010,11001101101,01011010101
00001111001,11001101101,00111100101,00010101110,01100101011,01110011100,10100011111,01001010111,11010110001,11101110010,10011001011
00001111001,11001101101,00111100101,00010101110,01100101011,01110011100,10100011111,01001010111,11010110001,11101110010,10011001011
00001111001,11001101101,00111100101,00010101110,01100101011,01110011100,10100011111,01001010111,11010110001,11101110010,10011001011
01111001101,11001101011,00010111011,11011010111,10101110101,11111110000,11110100111,11000111100,01101110110,10011101110,10100011010
00100011101,11000111110,01110110100,10010010111,01011101111,11011011100,11101000110,00111111010,11110011011,11001110001,10110101101
01011010011,10010001110,00111100111,11011101001,10010110101,10001111011,10111010000,00101011101,11100000111,01001110100,01110111010
01011010011,10010001110,00111100111,11011101001,10010110101,10001111011,10111010000,00101011101,11100000111,01001110100,01110111010
01011010011,00010110111,10011111000,10110010101,11111100110,11000011110,10101110011,11110101011,00111001110,10001001101,01101111101
01001101011,00111101100,01011010101,10011110001,11100001001,00100110111,00111011010,01010111100,11110100010,10010001111,11001010110
11001101010,01111011001,01010010010,10111000111,10011110000,10110101010,00101111110,11100011100,01111100100,00010101101,11100110011
00100011101,11000111110,01110110100,10010010111,01011101111,11011011100,11101000110,00111111010,11110011011,11001110001,10110101101
01001101011,00111101100,01011010101,10011110001,11100001001,00100110111,00111011010,01010111100,11110100010,10010001111,11001010110
11011010111,01111011010,10001011011,00110110110,01101110101,01010111101,10111001101,10011110000,11100011100,01001101110,11110100011
01111001101,11001101011,00010111011,11011010111,10101110101,11111110000,11110100111,11000111100,01101110110,10011101110,10100011010
00100011101,11000111110,01110110100,10010010111,01011101111,11011011100,11101000110,00111111010,11110011011,11001110001,10110101101
00100011101,11000111110,01110110100,10010010111,01011101111,11011011100,11101000110,00111111010,11110011011,11001110001,10110101101
00100011101,11000111110,01110110100,10010010111,01011101111,11011011100,11101000110,00111111010,11110011011,11001110001,10110101101
11001101010,01111011001,01010010010,10111000111,10011110000,10110101010,00101111110,11100011100,01111100100,00010101101,11100110011
00001111001,11001101101,00111100101,00010101110,01100101011,01110011100,10100011111,01001010111,11010110001,11101110010,10011001011
01001100101,11110010100,01010110011,10011111000,11100001001,00110101100,01101011010,10000111110,11011100010,00011001111,10101110011
01001100101,11110010100,01010110011,10011111000,11100001001,00110101100,01101011010,10000111110,11011100010,00011001111,10101110011
10011101101,01110001111,11100010101,11110100001,10011010011,11101001010,01101011001,10100111011,00111110100,01001100111,11010111010
11011010111,01111011010,10001011011,00110110110,01101110101,01010111101,10111001101,10011110000,11100011100,01001101110,11110100011
01011001110,11000101000,01010110001,10001110111,00101101101,10010011101,11110000111,00110111110,11101010100,10111001010,01100011011
10101011101,01101101100,01111010110,11011110001,11110001000,10111100011,10011111010,00110111101,01101011011,11100110110,11010001111
01011010011,10010001110,00111100111,11011101001,10010110101,10001111011,10111010000,00101011101,11100000111,01001110100,01110111010
01001100101,11110010100,01010110011,10011111000,11100001001,00110101100,01101011010,10000111110,11011100010,00011001111,10101110011
01001100101,11110010100,01010110011,10011111000,11100001001,00110101100,01101011010,10000111110,11011100010,00011001111,10101110011
01001100101,11110010100,01010110011,10011111000,11100001001,00110101100,01101011010,10000111110,11011100010,00011001111,10101110011
10010111001,01011001101,11011010011,11111010100,01100110111,11101101001,10001011110,00111111010,11110001010,11011100110,10111000111
10010111001,01011001101,11011010011,11111010100,01100110111,11101101001,10001011110,00111111010,11110001010,11011100110,10111000111
11001111001,00101001111,01011010010,10110011010,11111000001,11100010110,10011100010,01111101100,01110100011,00010110101,11010001111
10101011001,11000011110,10011110110,00010111001,11110010100,01100110011,00110001111,00101111100,01111001010,11001101101,01011010101
10101011101,01101101100,01111010110,11011110001,11110001000,10111100011,10011111010,00110111101,01101011011,11100110110,11010001111
00100011101,11000111110,01110110100,10010010111,01011101111,11011011100,11101000110,00111111010,11110011011,11001110001,10110101101
01011010011,10010001110,00111100111,11011101001,10010110101,10001111011,10111010000,00101011101,11100000111,01001110100,01110111010
11001101010,01111011001,01010010010,10111000111,10011110000,10110101010,00101111110,11100011100,01111100100,00010101101,11100110011
01011001110,11000101000,01010110001,10001110111,00101101101,10010011101,11110000111,00110111110,11101010100,10111001010,01100011011
10111011001,11000101000,00011100011,11001010111,01011001100,11110010010,10110100101,10010111110,01101110100,10101001110,01100011111
10111011001,11000101000,00011100011,11001010111,01011001100,11110010010,10110100101,10010111110,01101110100,10101001110,01100011111
01011010011,10010001110,00111100111,11011101001,10010110101,10001111011,10111010000,00101011101,11100000111,01001110100,01110111010
01011010011,10010001110,00111100111,11011101001,10010110101,10001111011,10111010000,00101011101,11100000111,01001110100,01110111010
10110010100,01011001110,10000100111,01010111011,00111100101,11011110001,10101011101,10111101010,11110000011,01101110010,11100101100
00100011101,11000111110,01110110100,10010010111,01011101111,11011011100,11101000110,00111111010,11110011011,11001110001,10110101101
00100011101,11000111110,01110110100,10010010111,01011101111,11011011100,11101000110,00111111010,11110011011,11001110001,10110101101
10111011001,11000101000,00011100011,11001010111,01011001100,11110010010,10110100101,10010111110,01101110100,10101001110,01100011111
00001111001,11001101101,00111100101,00010101110,01100101011,01110011100,10100011111,01001010111,11010110001,11101110010,10011001011
00100011101,11000111110,01110110100,10010010111,01011101111,11011011100,11101000110,00111111010,11110011011,11001110001,10110101101
00001111001,11001101101,00111100101,00010101110,01100101011,01110011100,10100011111,01001010111,11010110001,11101110010,10011001011
10011101101,01110001111,11100010101,11110100001,10011010011,11101001010,01101011001,10100111011,00111110100,01001100111,11010111010
10101011101,01101101100,01111010110,11011110001,11110001000,10111100011,10011111010,00110111101,01101011011,11100110110,11010001111
10011101101,01110001111,11100010101,11110100001,10011010011,11101001010,01101011001,10100111011,00111110100,01001100111,11010111010
10111011001,11000101000,00011100011,11001010111,01011001100,11110010010,10110100101,10010111110,01101110100,10101001110,01100011111
01001100101,11110010100,01010110011,10011111000,11100001001,00110101100,01101011010,10000111110,11011100010,00011001111,10101110011
01111001101,11001101011,00010111011,11011010111,10101110101,11111110000,11110100111,11000111100,01101110110,10011101110,10100011010
01011001110,11000101000,01010110001,10001110111,00101101101,10010011101,11110000111,00110111110,11101010100,10111001010,01100011011
10101011001,11000011110,10011110110,00010111001,11110010100,01100110011,00110001111,00101111100,01111001010,11001101101,01011010101
01011010011,10010001110,00111100111,11011101001,10010110101,10001111011,10111010000,00101011101,11100000111,01001110100,01110111010
00010111011,10111111100,10000011101,01011001110,11110110110,01001110100,10011100111,01110101101,00101010111,11101101010,11111010001
11011010111,01111011010,10001011011,00110110110,01101110101,01010111101,10111001101,10011110000,11100011100,01001101110,11110100011
00010111011,10111111100,10000011101,01011001110,11110110110,01001110100,10011100111,01110101101,00101010111,11101101010,11111010001
00001111001,11001101101,00111100101,00010101110,01100101011,01110011100,10100011111,01001010111,11010110001,11101110010,10011001011
00100011101,11000111110,01110110100,10010010111,01011101111,11011011100,11101000110,00111111010,11110011011,11001110001,10110101101
10011101101,01110001111,11100010101,11110100001,10011010011,11101001010,01101011001,10100111011,00111110100,01001100111,11010111010
01011010011,10010001110,00111100111,11011101001,10010110101,10001111011,10111010000,00101011101,11100000111,01001110100,01110111010
00100011101,11000111110,01110110100,10010010111,01011101111,11011011100,11101000110,00111111010,11110011011,11001110001,10110101101
10111011001,11000101000,00011100011,11001010111,01011001100,11110010010,10110100101,10010111110,01101110100,10101001110,01100011111
00010111011,10111111100,10000011101,01011001110,11110110110,01001110100,10011100111,01110101101,00101010111,11101101010,11111010001
01011010011,10010001110,00111100111,11011101001,10010110101,10001111011,10111010000,00101011101,11100000111,01001110100,01110111010
01111001101,11001101011,00010111011,11011010111,10101110101,11111110000,11110100111,11000111100,01101110110,10011101110,10100011010
10110010100,01011001110,10000100111,01010111011,00111100101,11011110001,10101011101,10111101010,11110000011,01101110010,11100101100
10101011001,11000011110,10011110110,00010111001,11110010100,01100110011,00110001111,00101111100,01111001010,11001101101,01011010101
10111011001,11000101000,00011100011,11001010111,01011001100,11110010010,10110100101,10010111110,01101110100,10101001110,01100011111
10101011001,11000011110,10011110110,00010111001,11110010100,01100110011,00110001111,00101111100,01111001010,11001101101,01011010101
01111001101,11001101011,00010111011,11011010111,10101110101,11111110000,11110100111,11000111100,01101110110,10011101110,10100011010
00100011101,11000111110,01110110100,10010010111,01011101111,11011011100,11101000110,00111111010,11110011011,11001110001,10110101101
11011010111,01111011010,10001011011,00110110110,01101110101,01010111101,10111001101,10011110000,11100011100,01001101110,11110100011
10111011001,11000101000,00011100011,11001010111,01011001100,11110010010,10110100101,10010111110,01101110100,10101001110,01100011111
00010111011,10111111100,10000011101,01011001110,11110110110,01001110100,10011100111,01110101101,00101010111,11101101010,11111010001
10110010100,01011001110,10000100111,01010111011,00111100101,11011110001,10101011101,10111101010,11110000011,01101110010,11100101100
11001101010,01111011001,01010010010,10111000111,10011110000,10110101010,00101111110,11100011100,01111100100,00010101101,11100110011
01011010011,00010110111,10011111000,10110010101,11111100110,11000011110,10101110011,11110101011,00111001110,10001001101,01101111101
01001100101,11110010100,01010110011,10011111000,11100001001,00110101100,01101011010,10000111110,11011100010,00011001111,10101110011
01011010011,10010001110,00111100111,11011101001,10010110101,10001111011,10111010000,00101011101,11100000111,01001110100,01110111010
00001111001,11001101101,00111100101,00010101110,01100101011,01110011100,10100011111,01001010111,11010110001,11101110010,10011001011
10101011001,11000011110,10011110110,00010111001,11110010100,01100110011,00110001111,00101111100,01111001010,11001101101,01011010101
01001100101,11110010100,01010110011,10011111000,11100001001,00110101100,01101011010,10000111110,11011100010,00011001111,10101110011
01111001101,11001101011,00010111011,11011010111,10101110101,11111110000,11110100111,11000111100,01101110110,10011101110,10100011010
01001100101,11110010100,01010110011,10011111000,11100001001,00110101100,01101011010,10000111110,11011100010,00011001111,10101110011
01001100101,11110010100,01010110011,10011111000,11100001001,00110101100,01101011010,10000111110,11011100010,00011001111,10101110011
00010111011,10111111100,10000011101,01011001110,11110110110,01001110100,10011100111,01110101101,00101010111,11101101010,11111010001
10110010100,01011001110,10000100111,01010111011,00111100101,11011110001,10101011101,10111101010,11110000011,01101110010,11100101100
10011101101,01110001111,11100010101,11110100001,10011010011,11101001010,01101011001,10100111011,00111110100,01001100111,11010111010
01001100101,11110010100,01010110011,10011111000,11100001001,00110101100,01101011010,10000111110,11011100010,00011001111,10101110011
10011101101,01110001111,11100010101,11110100001,10011010011,11101001010,01101011001,10100111011,00111110100,01001100111,11010111010
00100011101,11000111110,01110110100,10010010111,01011101111,11011011100,11101000110,00111111010,11110011011,11001110001,10110101101
10011101101,01110001111,11100010101,11110100001,10011010011,11101001010,01101011001,10100111011,00111110100,01001100111,11010111010
10110010100,01011001110,10000100111,01010111011,00111100101,11011110001,10101011101,10111101010,11110000011,01101110010,11100101100
11001111001,00101001111,00000011,1011001010,11110110110,101111001,1011010110,11101101,010110100,100010,01100111,11100011
00010111011,10111111100,10000011101,01011001110,11110110110,01001110100,10011100111,01110101101,00101010111,11101101010,11111010001
01111001101,11001101011,00010111011,11011010111,10101110101,11111110000,11110100111,11000111100,01101110110,10011101110,10100011010
00010111011,10111111100,10000011101,01011001110,11110110110,01001110100,10011100111,01110101101,00101010111,11101101010,11111010001
10010111001,01011001101,11011010011,11111010100,01100110111,11101101001,10001011110,00111111010,11110001010,11011100110,10111000111
01011001110,11000101000,01010110001,10001110111,00101101101,10010011101,11110000111,00110111110,11101010100,10111001010,01100011011
01001101011,00111101100,01011010101,10011110001,11100001001,00100110111,00111011010,01010111100,11110100010,10010001111,11001010110
01011010011,10010001110,00111100111,11011101001,10010110101,10001111011,10111010000,00101011101,11100000111,01001110100,01110111010
00100011101,11000111110,01110110100,10010010111,01011101111,11011011100,11101000110,00111111010,11110011011,11001110001,10110101101
10101011101,01101101100,01111010110,11011110001,11110001000,10111100011,10011111010,00110111101,01101011011,11100110110,11010001111
00100011101,11000111110,01110110100,10010010111,01011101111,11011011100,11101000110,00111111010,11110011011,11001110001,10110101101
00001111001,11001101101,00111100101,00010101110,01100101011,01110011100,10100011111,01001010111,11010110001,11101110010,10011001011
00100011101,11000111110,01110110100,10010010111,01011101111,11011011100,11101000110,00111111010,11110011011,11001110001,10110101101
01001100101,11110010100,01010110011,10011111000,11100001001,00110101100,01101011010,10000111110,11011100010,00011001111,10101110011
10011101101,01110001111,11100010101,11110100001,10011010011,11101001010,01101011001,10100111011,00111110100,01001100111,11010111010
01011010011,10010001110,00111100111,11011101001,10010110101,10001111011,10111010000,00101011101,11100000111,01001110100,01110111010
01001100101,11110010100,01010110011,10011111000,11100001001,00110101100,01101011010,10000111110,11011100010,00011001111,10101110011
00001111001,11001101101,00111100101,00010101110,01100101011,01110011100,10100011111,01001010111,11010110001,11101110010,10011001011
01011010011,00010110111,10011111000,10110010101,11111100110,11000011110,10101110011,11110101011,00111001110,10001001101,01101111101
10110010100,01011001110,10000100111,01010111011,00111100101,11011110001,10101011101,10111101010,11110000011,01101110010,11100101100
10110010100,01011001110,10000100111,01010111011,00111100101,11011110001,10101011101,10111101010,11110000011,01101110010,11100101100
11011010111,01111011010,10001011011,00110110110,01101110101,01010111101,10111001101,10011110000,11100011100,01001101110,11110100011
01011001110,11000101000,01010110001,10001110111,00101101101,10010011101,11110000111,00110111110,11101010100,10111001010,01100011011
10101011001,11000011110,10011110110,00010111001,11110010100,01100110011,00110001111,00101111100,01111001010,11001101101,01011010101
00100011101,11000111110,01110110100,10010010111,01011101111,11011011100,11101000110,00111111010,11110011011,11001110001,10110101101
01011010011,00010110111,10011111000,10110010101,11111100110,11000011110,10101110011,11110101011,00111001110,10001001101,01101111101
01011010011,00010110111,10011111000,10110010101,11111100110,11000011110,10101110011,11110101011,00111001110,10001001101,01101111101
01011010011,00010110111,10011111000,10110010101,11111100110,11000011110,10101110011,11110101011,00111001110,10001001101,01101111101
00001111001,11001101101,00111100101,00010101110,01100101011,01110011100,10100011111,01001010111,11010110001,11101110010,10011001011
10110010100,01011001110,10000100111,01010111011,00111100101,11011110001,10101011101,10111101010,11110000011,01101110010,11100101100
10011101101,01110001111,11100010101,11110100001,10011010011,11101001010,01101011001,10100111011,00111110100,01001100111,11010111010
01011010011,00010110111,10011111000,10110010101,11111100110,11000011110,10101110011,11110101011,00111001110,10001001101,01101111101
00010111011,10111111100,10000011101,01011001110,11110110110,01001110100,10011100111,01110101101,00101010111,11101101010,11111010001
01001101011,00111101100,01011010101,10011110001,11100001001,00100110111,00111011010,01010111100,11110100010,10010001111,11001010110
01011010011,00010110111,10011111000,10110010101,11111100110,11000011110,10101110011,11110101011,00111001110,10001001101,01101111101
01001100101,11110010100,01010110011,10011111000,11100001001,00110101100,01101011010,10000111110,11011100010,00011001111,10101110011
01001100101,11110010100,01010110011,10011111000,11100001001,00110101100,01101011010,10000111110,11011100010,00011001111,10101110011
00001111001,11001101101,00111100101,00010101110,01100101011,01110011100,10100011111,01001010111,11010110001,11101110010,10011001011
01011010011,00010110111,10011111000,10110010101,11111100110,11000011110,10101110011,11110101011,00111001110,10001001101,01101111101
10011101101,01110001111,11100010101,11110100001,10011010011,11101001010,01101011001,10100111011,00111110100,01001100111,11010111010
01001100101,11110010100,01010110011,10011111000,11100001001,00110101100,01101011010,10000111110,11011100010,00011001111,10101110011
01011010011,00010110111,10011111000,10110010101,11111100110,11000011110,10101110011,11110101011,00111001110,10001001101,01101111101
10101011001,11000011110,10011110110,00010111001,11110010100,01100110011,00110001111,00101111100,01111001010,11001101101,01011010101
01111001101,11001101011,00010111011,11011010111,10101110101,11111110000,11110100111,11000111100,01101110110,10011101110,10100011010
11001101010,01111011001,01010010010,10111000111,10011110000,10110101010,00101111110,11100011100,01111100100,00010101101,11100110011
01001100101,11110010100,01010110011,10011111000,11100001001,00110101100,01101011010,10000111110,11011100010,00011001111,10101110011
11011010111,01111011010,10001011011,00110110110,01101110101,01010111101,10111001101,10011110000,11100011100,01001101110,11110100011
11001101010,01111011001,01010010010,10111000111,10011110000,10110101010,00101111110,11100011100,01111100100,00010101101,11100110011
10111011001,11000101000,00011100011,11001010111,01011001100,11110010010,10110100101,10010111110,01101110100,10101001110,01100011111
10111011001,11000101000,00011100011,11001010111,01011001100,11110010010,10110100101,10010111110,01101110100,10101001110,01100011111
10110010100,01011001110,10000100111,01010111011,00111100101,11011110001,10101011101,10111101010,11110000011,01101110010,11100101100
10101011101,01101101100,01111010110,11011110001,11110001000,10111100011,10011111010,00110111101,01101011011,11100110110,11010001111
11011010111,01111011010,10001011011,00110110110,01101110101,01010111101,10111001101,10011110000,11100011100,01001101110,11110100011
00010111011,10111111100,10000011101,01011001110,11110110110,01001110100,10011100111,01110101101,00101010111,11101101010,11111010001
10111011001,11000101000,00011100011,11001010111,01011001100,11110010010,10110100101,10010111110,01101110100,10101001110,01100011111
01001100101,11110010100,01010110011,10011111000,11100001001,00110101100,01101011010,10000111110,11011100010,00011001111,10101110011
10010111001,01011001101,11011010011,11111010100,01100110111,11101101001,10001011110,00111111010,11110001010,11011100110,10111000111
01111001101,11001101011,00010111011,11011010111,10101110101,11111110000,11110100111,11000111100,01101110110,10011101110,10100011010
00010111011,10111111100,10000011101,01011001110,11110110110,01001110100,10011100111,01110101101,00101010111,11101101010,11111010001
01001100101,11110010100,01010110011,10011111000,11100001001,00110101100,01101011010,10000111110,11011100010,00011001111,10101110011
01001101011,00111101100,01011010101,10011110001,11100001001,00100110111,00111011010,01010111100,11110100010,10010001111,11001010110
11001101010,01111011001,01010010010,10111000111,10011110000,10110101010,00101111110,11100011100,01111100100,00010101101,11100110011
10101011001,11000011110,10011110110,00010111001,11110010100,01100110011,00110001111,00101111100,01111001010,11001101101,01011010101
10011101101,01110001111,11100010101,11110100001,10011010011,11101001010,01101011001,10100111011,00111110100,01001100111,11010111010
11001111001,00101001111,01011010010,10110011010,11111000001,11100010110,10011100010,01111101100,01110100011,00010,01010,11010001111
10101011001,11000011110,10011110110,00010111001,11110010100,01100110011,00110001111,00101111100,01111001010,11001101101,01011010101
11011010111,01111011010,10001011011,00110110110,01101110101,01010111101,10111001101,10011110000,11100011100,01001101110,11110100011
00010111011,10111111100,10000011101,01011001110,11110110110,01001110100,10011100111,01110101101,00101010111,11101101010,11111010001
10110010100,01011001110,10000100111,01010111011,00111100101,11011110001,10101011101,10111101010,11110000011,01101110010,11100101100
01011010011,0000001110,10111100111,11011110001,10010110101,10001111011,10111010000,001010111011100010,0000111,0101111,001010
01011001110,11000101000,01010110001,10001110111,00101101101,10010011101,11110000111,00110111110,11101010100,10111001010,01100011011
10011101101,01110001111,11100010101,11110100001,10011010011,11101001010,01101011001,10100111011,00111110100,01001100111,11010111010
01011010011,00010110111,10011111000,10110010101,11111100110,11000011110,10101110011,11110101011,00111001110,10001001101,01101111101
11001101010,01111011001,01010010010,10111000111,10011110000,10110101010,00101111110,11100011100,01111100100,00010101101,11100110011
10110010100,01011001110,10000100111,01010111011,00111100101,11011110001,10101011101,10111101010,11110000011,01101110010,11100101100
10111011001,11000101000,00011100011,11001010111,01011001100,11110010010,10110100101,10010111110,01101110100,10101001110,01100011111
1100110,111100100111010,1011110110,0011010111000,10011110000,11110010010,100010,10,10110111101,0110111010,110101,010110101101
10010111001,01011001101,11011010011,11111010100,01100110111,11101101001,10001011110,00111111010,11110001010,11011100110,10111000111
10110010100,01011001110,10000100111,01010111011,00111100101,11011110001,10101011101,10111101010,11110000011,01101110010,11100101100
00010111011,10111111100,10000011101,01011001110,11110110110,01001110100,10011100111,01110101101,00101010111,11101101010,11111010001
11001111001,00101001111,01011010010,10110011010,11111000001,11100010110,10011100010,01111101100,01110100011,00010110101,11010001111
10011101101,01110001111,11100010101,11110100001,10011010011,11101001010,01101011001,10100111011,00111110100,01001100111,11010111010
10010111001,01011001101,11011010011,11111010100,01100110111,11101101001,10001011110,00111111010,11110001010,11011100110,10111000111
01011001110,11000101000,01010110001,10001110111,00101101101,10010011101,11110000111,00110111110,11101010100,10111001010,01100011011
10101011101,01101101100,01111010110,11011110001,11110001000,10111100011,10011111010,00110111101,01101011011,11100110110,11010001111
00001111001,11001101101,00111100101,00010101110,01100101011,01110011100,10100011111,01001010111,11010110001,11101110010,10011001011
10010111001,01011001101,11011010011,11111010100,01100110111,11101101001,10001011110,00111111010,11110001010,11011100110,10111000111
11001111001,00101001111,01011010010,10110011010,11111000001,11100010110,10011100010,01111101100,01110100011,00010110101,11010001111
10110010100,01011001110,10000100111,01010111011,00111100101,11011110001,10101011101,10111101010,11110000011,01101110010,11100101100
11011010111,01111011010,10001011011,00110110110,01101110101,01010111101,10111001101,10011110000,11100011100,01001101110,11110100011
01001100101,11110010100,01010110011,10011111000,11100001001,00110101100,01101011010,10000111110,11011100010,00011001111,10101110011
00100011101,11000111110,01110110100,10010010111,01011101111,11011011100,11101000110,00111111010,11110011011,11001110001,10110101101
01011001110,11000101000,01010110001,10001110111,00101101101,10010011101,11110000111,00110111110,11101010100,10111001010,01100011011
01001100101,11110010100,01010110011,10011111000,11100001001,00110101100,01101011010,10000111110,11011100010,00011001111,10101110011
10101011101,01101101100,01111010110,11011110001,11110001000,10111100011,10011111010,00110111101,01101011011,11100110110,11010001111
10010111001,01011001101,11011010011,11111010100,01100110111,11101101001,10001011110,00111111010,11110001010,11011100110,10111000111
00100011101,11000111110,01110110100,10010010111,01011101111,11011011100,11101000110,00111111010,11110011011,11001110001,10110101101
00001111001,11001101101,00111100101,00010101110,01100101011,01110011100,10100011111,01001010111,11010110001,11101110010,10011001011
10011101101,01110001111,11100010101,11110100001,10011010011,11101001010,01101011001,10100111011,00111110100,01001100111,11010111010
11001101010,01111011001,01010010010,10111000111,10011110000,10110101010,00101111110,11100011100,01111100100,00010101101,11100110011
10101011001,11000011110,10011110110,00010111001,11110010100,01100110011,00110001111,00101111100,01111001010,11001101101,01011010101
10111011001,11000101000,00011100011,11001010111,01011001100,11110010010,10110100101,10010111110,01101110100,10101001110,01100011111
01011010011,00010110111,10011111000,10110010101,11111100110,11000011110,10101110011,11110101011,00111001110,10001001101,01101111101
01011010011,10010001110,00111100111,11011101001,10010110101,10001111011,10111010000,00101011101,11100000111,01001110100,01110111010
010011010101,1110001011,00100101110,11011010011,1101111011001,11110000,100111,10,110001111000111110100,101110,001111,1100011
01111001101,11001101011,00010111011,11011010111,10101110101,11111110000,11110100111,11000111100,01101110110,10011101110,10100011010
01011010011,00010110111,10011111000,10110010101,11111100110,11000011110,10101110011,11110101011,00111001110,10001001101,01101111101
11011010111,01111011010,10001011011,00110110110,01101110101,01010111101,10111001101,10011110000,11100011100,01001101110,11110100011
10110010100,01011001110,10000100111,01010111011,00111100101,11011110001,10101011101,10111101010,11110000011,01101110010,11100101100
00001111001,11001101101,00111100101,00010101110,01100101011,01110011100,10100011111,01001010111,11010110001,11101110010,10011001011
00001111001,11001101101,00111100101,00010101110,01100101011,01110011100,10100011111,01001010111,11010110001,11101110010,10011001011
10010111001,01011001101,11011010011,11111010100,01100110111,11101101001,10001011110,00111111010,11110001010,11011100110,10111000111
01001100101,11110010100,01010110011,10011111000,11100001001,00110101100,01101011010,10000111110,11011100010,00011001111,10101110011
00100011101,11000111110,01110110100,10010010111,01011101111,11011011100,11101000110,00111111010,11110011011,11001110001,10110101101
10111011001,11000101000,00011100011,11001010111,01011001100,11110010010,10110100101,10010111110,01101110100,10101001110,01100011111
10110010100,01011001110,10000100111,01010111011,00111100101,11011110001,10101011101,10111101010,11110000011,01101110010,11100101100
01011010011,10010001110,00111100111,11011101001,10010110101,10001111011,10111010000,00101011101,11100000111,01001110100,01110111010
01011001110,11000101000,01010110001,10001110111,00101101101,10010011101,11110000111,00110111110,11101010100,10111001010,01100011011
01011010011,10010001110,00111100111,11011101001,10010110101,10001111011,10111010000,00101011101,11100000111,01001110100,01110111010
10110010100,01011001110,10000100111,01010111011,00111100101,11011110001,10101011101,10111101010,11110000011,01101110010,11100101100
01011001110,11000101000,01010110001,10001110111,00101101101,10010011101,11110000111,00110111110,11101010100,10111001010,01100011011
10011101101,01110001111,11100010101,11110100001,10011010011,11101001010,01101011001,10100111011,00111110100,01001100111,11010111010
11001101010,01111011001,01010010010,10111000111,10011110000,10110101010,00101111110,11100011100,01111100100,00010101101,11100110011
01001101011,00111101100,01011010101,10011110001,11100001001,00100110111,00111011010,01010111100,11110100010,10010001111,11001010110
10010111001,01011001101,11011010011,11111010100,01100110111,11101101001,10001011110,00111111010,11110001010,11011100110,10111000111
01011010011,10010001110,00111100111,11011101001,10010110101,10001111011,10111010000,00101011101,11100000111,01001110100,01110111010
01011010011,10010001110,00111100111,11011101001,10010110101,10001111011,10111010000,00101011101,11100000111,01001110100,01110111010
01001100101,11110010100,01010110011,10011111000,11100001001,00110101100,01101011010,10000111110,11011100010,00011001111,10101110011
01011010011,00010110111,10011111000,10110010101,11111100110,11000011110,10101110011,11110101011,00111001110,10001001101,01101111101
01011010011,10010001110,00111100111,11011101001,10010110101,10001111011,10111010000,00101011101,11100000111,01001110100,01110111010
01001101011,00111101100,01011010101,10011110001,11100001001,00100110111,00111011010,01010111100,11110100010,10010001111,11001010110
00001111001,11001101101,00111100101,00010101110,01100101011,01110011100,10100011111,01001010111,11010110001,11101110010,10011001011
10101011101,01101101100,01111010110,11011110001,11110001000,10111100011,10011111010,00110111101,01101011011,11100110110,11010001111
10011101101,01110001111,11100010101,11110100001,10011010011,11101001010,01101011001,10100111011,00111110100,01001100111,11010111010
11011010111,01111011010,10001011011,00110110110,01101110101,01010111101,10111001101,10011110000,11100011100,01001101110,11110100011
10110010100,01011001110,10000100111,01010111011,00111100101,11011110001,10101011101,10111101010,11110000011,01101110010,11100101100
10011101101,01110001111,11100010101,11110100001,10011010011,11101001010,01101011001,10100111011,00111110100,01001100111,11010111010
10101011001,11000011110,10011110110,00010111001,11110010100,01100110011,00110001111,00101111100,01111001010,11001101101,01011010101
10111011001,11000101000,00011100011,11001010111,01011001100,11110010010,10110100101,10010111110,01101110100,10101001110,01100011111
01011010011,00010110111,10011111000,10110010101,11111100110,11000011110,10101110011,11110101011,00111001110,10001001101,01101111101
10101011001,11000011110,10011110110,00010111001,11110010100,01100110011,00110001111,00101111100,01111001010,11001101101,01011010101
10101011101,01101101100,01111010110,11011110001,11110001000,10111100011,10011111010,00110111101,01101011011,11100110110,11010001111
00010111011,10111111100,10000011101,01011001110,11110110110,01001110100,10011100111,01110101101,00101010111,11101101010,11111010001
10010111001,01011001101,11011010011,11111010100,01100110111,11101101001,10001011110,00111111010,11110001010,11011100110,10111000111
01111001101,11001101011,00010111011,11011010111,10101110101,11111110000,11110100111,11000111100,01101110110,10011101110,10100011010
10011101101,01110001111,11100010101,11110100001,10011010011,11101001010,01101011001,10100111011,00111110100,01001100111,11010111010
10011101101,01110001111,11100010101,11110100001,10011010011,11101001010,01101011001,10100111011,00111110100,01001100111,11010111010
10110010100,01011001110,10000100111,01010111011,00111100101,11011110001,10101011101,10111101010,11110000011,01101110010,11100101100
10011101101,01110001111,11100010101,11110100001,10011010011,11101001010,01101011001,10100111011,00111110100,01001100111,11010111010
10011101101,01110001111,11100010101,11110100001,10011010011,11101001010,01101011001,10100111011,00111110100,01001100111,11010111010
10011101101,01110001111,11100010101,11110100001,10011010011,11101001010,01101011001,10100111011,00111110100,01001100111,11010111010
10111011001,11000101000,00011100011,11001010111,01011001100,11110010010,10110100101,10010111110,01101110100,10101001110,01100011111
00100011101,11000111110,01110110100,10010010111,01011101111,11011011100,11101000110,00111111010,11110011011,11001110001,10110101101
11011010111,01111011010,10001011011,00110110110,01101110101,01010111101,10111001101,10011110000,11100011100,01001101110,11110100011
01011001110,11000101000,01010110001,10001110111,00101101101,10010011101,11110000111,00110111110,11101010100,10111001010,01100011011
00100011101,11000111110,01110110100,10010010111,01011101111,11011011100,11101000110,00111111010,11110011011,11001110001,10110101101
00100011101,11000111110,01110110100,10010010111,01011101111,11011011100,11101000110,00111111010,11110011011,11001110001,10110101101
11001101010,01111011001,01010010010,10111000111,10011110000,10110101010,00101111110,11100011100,01111100100,00010101101,11100110011
10111011001,11000101000,00011100011,11001010111,01011001100,11110010010,10110100101,10010111110,01101110100,10101001110,01100011111
01001101011,00111101100,01011010101,10011110001,11100001001,00100110111,00111011010,01010111100,11110100010,10010001111,11001010110
11011010111,01111011010,10001011011,00110110110,01101110101,01010111101,10111001101,10011110000,11100011100,01001101110,11110100011
10110010100,01011001110,10000100111,01010111011,00111100101,11011110001,10101011101,10111101010,11110000011,01101110010,11100101100
00001111001,11001101101,00111100101,00010101110,01100101011,01110011100,10100011111,01001010111,11010110001,11101110010,10011001011
11001101010,01111011001,01010010010,10111000111,10011110000,10110101010,00101111110,11100011100,01111100100,00010101101,11100110011
10101011001,11000011110,10011110110,00010111001,11110010100,01100110011,00110001111,00101111100,01111001010,11001101101,01011010101
11011010111,01111011010,10001011011,00110110110,01101110101,01010111101,10111001101,10011110000,11100011100,01001101110,11110100011
01111001101,11001101011,00010111011,11011010111,10101110101,11111110000,11110100111,11000111100,01101110110,10011101110,10100011010
10110010100,01011001110,10000100111,01010111011,00111100101,11011110001,10101011101,10111101010,11110000011,01101110010,11100101100
01001100101,11110010100,01010110011,10011111000,11100001001,00110101100,01101011010,10000111110,11011100010,00011001111,10101110011
10101011101,01101101100,01111010110,11011110001,11110001000,10111100011,10011111010,00110111101,01101011011,11100110110,11010001111
11011010111,01111011010,10001011011,00110110110,01101110101,01010111101,10111001101,10011110000,11100011100,01001101110,11110100011
11011010111,01111011010,10001011011,00110110110,01101110101,01010111101,10111001101,10011110000,11100011100,01001101110,11110100011
01111001101,11001101011,00010111011,11011010111,10101110101,11111110000,11110100111,11000111100,01101110110,10011101110,10100011010
10011101101,01110001111,11100010101,11110100001,10011010011,11101001010,01101011001,10100111011,00111110100,01001100111,11010111010
11001101010,01111011001,01010010010,10111000111,10011110000,10110101010,00101111110,11100011100,01111100100,00010101101,11100110011
00100011101,11000111110,01110110100,10010010111,01011101111,11011011100,11101000110,00111111010,11110011011,11001110001,10110101101
01011010011,00010110111,10011111000,10110010101,11111100110,11000011110,10101110011,11110101011,00111001110,10001001101,01101111101
10010111001,01011001101,11011010011,11111010100,01100110111,11101101001,10001011110,00111111010,11110001010,11011100110,10111000111
11001111001,00101001111,01011010010,10110011010,11111000001,11100010110,10011100010,01111101100,01110100011,00010110101,11010001111
01001100101,11110010100,01010110011,10011111000,11100001001,00110101100,01101011010,10000111110,11011100010,00011001111,10101110011
01011001110,11000101000,01010110001,10001110111,00101101101,10010011101,11110000111,00110111110,11101010100,10111001010,01100011011
01011001110,11000101000,01010110001,10001110111,00101101101,10010011101,11110000111,00110111110,11101010100,10111001010,01100011011
01011010011,10010001110,00111100111,11011101001,10010110101,10001111011,10111010000,00101011101,11100000111,01001110100,01110111010
10110010100,01011001110,10000100111,01010111011,00111100101,11011110001,10101011101,10111101010,11110000011,01101110010,11100101100
10101011001,11000011110,10011110110,00010111001,11110010100,01100110011,00110001111,00101111100,01111001010,11001101101,01011010101
10110010100,01011001110,10000100111,01010111011,00111100101,11011110001,10101011101,10111101010,11110000011,01101110010,11100101100
10010111001,01011001101,11011010011,11111010100,01100110111,11101101001,10001011110,00111111010,11110001010,11011100110,10111000111
01011010011,10010001110,00111100111,11011101001,10010110101,10001111011,10111010000,00101011101,11100000111,01001110100,01110111010
10101011001,11000011110,10011110110,00010111001,11110010100,01100110011,00110001111,00101111100,01111001010,11001101101,01011010101
10111011001,11000101000,00011100011,11001010111,01011001100,11110010010,10110100101,10010111110,01101110100,10101001110,01100011111
00100011101,11000111110,01110110100,10010010111,01011101111,11011011100,11101000110,00111111010,11110011011,11001110001,10110101101
10101011001,11000011110,10011110110,00010111001,11110010100,01100110011,00110001111,00101111100,01111001010,11001101101,01011010101
11001011100,100111010111,110010101110,1111101001,111000000,1110100,1111,0111010,0011111101011001011101011001110001,01110100011111
01001100101,11110010100,01010110011,10011111000,11100001001,00110101100,01101011010,10000111110,11011100010,00011001111,10101110011
01001100101,11110010100,01010110011,10011111000,11100001001,00110101100,01101011010,10000111110,11011100010,00011001111,10101110011
11011010111,01111011010,10001011011,00110110110,01101110101,01010111101,10111001101,10011110000,11100011100,01001101110,11110100011
00100011101,11000111110,01110110100,10010010111,01011101111,11011011100,11101000110,00111111010,11110011011,11001110001,10110101101
00100011101,11000111110,01110110100,10010010111,01011101111,11011011100,11101000110,00111111010,11110011011,11001110001,10110101101
10110010100,01011001110,10000100111,01010111011,00111100101,11011110001,10101011101,10111101010,11110000011,01101110010,11100101100
00010111011,10111111100,10000011101,01011001110,11110110110,01001110100,10011100111,01110101101,00101010111,11101101010,11111010001
10101011101,01101101100,01111010110,11011110001,11110001000,10111100011,10011111010,00110111101,01101011011,11100110110,11010001111
00100011101,11000111110,01110110100,10010010111,01011101111,11011011100,11101000110,00111111010,11110011011,11001110001,10110101101
00010111011,10111111100,10000011101,01011001110,11110110110,01001110100,10011100111,01110101101,00101010111,11101101010,11111010001
10101011101,01101101100,01111010110,11011110001,11110001000,10111100011,10011111010,00110111101,01101011011,11100110110,11010001111
00100011101,11000111110,01110110100,10010010111,01011101111,11011011100,11101000110,00111111010,11110011011,11001110001,10110101101
01011010011,00010110111,10011111000,10110010101,11111100110,11000011110,10101110011,11110101011,00111001110,10001001101,01101111101
01011010011,10010001110,00111100111,11011101001,10010110101,10001111011,10111010000,00101011101,11100000111,01001110100,01110111010
00010111011,10111111100,10000011101,01011001110,11110110110,01001110100,10011100111,01110101101,00101010111,11101101010,11111010001
10101011101,01101101100,01111010110,11011110001,11110001000,10111100011,10011111010,00110111101,01101011011,11100110110,11010001111
00001111001,11001101101,00111100101,00010101110,01100101011,01110011100,10100011111,01001010111,11010110001,11101110010,10011001011
00010111011,10111111100,10000011101,01011001110,11110110110,01001110100,10011100111,01110101101,00101010111,11101101010,11111010001
00001111001,11001101101,00111100101,00010101110,01100101011,01110011100,10100011111,01001010111,11010110001,11101110010,10011001011
10110010100,01011001110,10000100111,01010111011,00111100101,11011110001,10101011101,10111101010,11110000011,01101110010,11100101100
10011101101,01110001111,11100010101,11110100001,10011010011,11101001010,01101011001,10100111011,00111110100,01001100111,11010111010
10010111001,01011001101,11011010011,11111010100,01100110111,11101101001,10001011110,00111111010,11110001010,11011100110,10111000111
11011010111,01111011010,10001011011,00110110110,01101110101,01010111101,10111001101,10011110000,11100011100,01001101110,11110100011
10110010100,01011001110,10000100111,01010111011,00111100101,11011110001,10101011101,10111101010,11110000011,01101110010,11100101100
10011101101,01110001111,11100010101,11110100001,10011010011,11101001010,01101011001,10100111011,00111110100,01001100111,11010111010
10110010100,01011001110,10000100111,01010111011,00111100101,11011110001,10101011101,10111101010,11110000011,01101110010,11100101100
10011101101,01110001111,11100010101,11110100001,10011010011,11101001010,01101011001,10100111011,00111110100,01001100111,11010111010
01001100101,11110010100,01010110011,10011111000,11100001001,00110101100,01101011010,10000111110,11011100010,00011001111,10101110011
10111011001,11000101000,00011100011,11001010111,01011001100,11110010010,10110100101,10010111110,01101110100,10101001110,01100011111
10011101101,01110001111,11100010101,11110100001,10011010011,11101001010,01101011001,10100111011,00111110100,01001100111,11010111010
01001100101,11110010100,01010110011,10011111000,11100001001,00110101100,01101011010,10000111110,11011100010,00011001111,10101110011
10101011001,11000011110,10011110110,00010111001,11110010100,01100110011,00110001111,00101111100,01111001010,11001101101,01011010101
01001100101,11110010100,01010110011,10011111000,11100001001,00110101100,01101011010,10000111110,11011100010,00011001111,10101110011
01011010011,10010001110,00111100111,11011101001,10010110101,10001111011,10111010000,00101011101,11100000111,01001110100,01110111010
00100011101,11000111110,01110110100,10010010111,01011101111,11011011100,11101000110,00111111010,11110011011,11001110001,10110101101
01001100101,11110010100,01010110011,10011111000,11100001001,00110101100,01101011010,10000111110,11011100010,00011001111,10101110011
10110010100,01011001110,10000100111,01010111011,00111100101,11011110001,10101011101,10111101010,11110000011,01101110010,11100101100
10101011001,11000011110,10011110110,00010111001,11110010100,01100110011,00110001111,00101111100,01111001010,11001101101,01011010101
01001101011,00111101100,01011010101,10011110001,11100001001,00100110111,00111011010,01010111100,11110100010,10010001111,11001010110
01111001101,11001101011,00010111011,11011010111,10101110101,11111110000,11110100111,11000111100,01101110110,10011101110,10100011010
00001111001,11001101101,00111100101,00010101110,01100101011,01110011100,10100011111,01001010111,11010110001,11101110010,10011001011
11001111001,00101001111,01011010010,10110011010,11111000001,11100010110,10011100010,01111101100,01110100011,00010110101,11010001111
01001101011,00111101100,01011010101,10011110001,11100001001,00100110111,00111011010,01010111100,11110100010,10010001111,11001010110
11011010111,01111011010,10001011011,00110110110,01101110101,01010111101,10111001101,10011110000,11100011100,01001101110,11110100011
10101011101,01101101100,01111010110,11011110001,11110001000,10111100011,10011111010,00110111101,01101011011,11100110110,11010001111
10110010100,01011001110,10000100111,01010111011,00111100101,11011110001,10101011101,10111101010,11110000011,01101110010,11100101100
10010111001,01011001101,11011010011,11111010100,01100110111,11101101001,10001011110,00111111010,11110001010,11011100110,10111000111
01011010011,00010110111,10011111000,10110010101,11111100110,11000011110,10101110011,11110101011,00111001110,10001001101,01101111101
10101011001,11000011110,10011110110,00010111001,11110010100,01100110011,00110001111,00101111100,01111001010,11001101101,01011010101
10011101101,01110001111,11100010101,11110100001,10011010011,11101001010,01101011001,10100111011,00111110100,01001100111,11010111010
01001100101,11110010100,01010110011,10011111000,11100001001,00110101100,01101011010,10000111110,11011100010,00011001111,10101110011
11011010111,01111011010,10001011011,00110110110,01101110101,01010111101,10111001101,10011110000,11100011100,01001101110,11110100011
10011101101,01110001111,11100010101,11110100001,10011010011,11101001010,01101011001,10100111011,00111110100,01001100111,11010111010
01011010011,10010001110,00111100111,11011101001,10010110101,10001111011,10111010000,00101011101,11100000111,01001110100,01110111010
11001101010,01111011001,01010010010,10111000111,10011110000,10110101010,00101111110,11100011100,01111100100,00010101101,11100110011
11001111001,00101001111,01011010010,10110011010,11111000001,11100010110,10011100010,01111101100,01110100011,00010110101,11010001111
00001111001,11001101101,00111100101,00010101110,01100101011,01110011100,10100011111,01001010111,11010110001,11101110010,10011001011
11011010111,01111011010,10001011011,00110110110,01101110101,01010111101,10111001101,10011110000,11100011100,01001101110,11110100011
01001100101,11110010100,01010110011,10011111000,11100001001,00110101100,01101011010,10000111110,11011100010,00011001111,10101110011
01111001101,11001101011,00010111011,11011010111,10101110101,11111110000,11110100111,11000111100,01101110110,10011101110,10100011010
01011010011,10010001110,00111100111,11011101001,10010110101,10001111011,10111010000,00101011101,11100000111,01001110100,01110111010
10101011001,11000011110,10011110110,00010111001,11110010100,01100110011,00110001111,00101111100,01111001010,11001101101,01011010101
01011010011,10010001110,00111100111,11011101001,10010110101,10001111011,10111010000,00101011101,11100000111,01001110100,01110111010
10011101101,01110001111,11100010101,11110100001,10011010011,11101001010,01101011001,10100111011,00111110100,01001100111,11010111010
01011010011,10010001110,00111100111,11011101001,10010110101,10001111011,10111010000,00101011101,11100000111,01001110100,01110111010
10110010100,01011001110,10000100111,01010111011,00111100101,11011110001,10101011101,10111101010,11110000011,01101110010,11100101100
10010111001,01011001101,11011010011,11111010100,01100110111,11101101001,10001011110,00111111010,11110001010,11011100110,10111000111
01001100101,11110010100,01010110011,10011111000,11100001001,00110101100,01101011010,10000111110,11011100010,00011001111,10101110011
00001111001,11001101101,00111100101,00010101110,01100101011,01110011100,10100011111,01001010111,11010110001,11101110010,10011001011
01001101011,00111101100,01011010101,10011110001,11100001001,00100110111,00111011010,01010111100,11110100010,10010001111,11001010110
10101011001,11000011110,10011110110,00010111001,11110010100,01100110011,00110001111,00101111100,01111001010,11001101101,01011010101
01011010011,10010001110,00111100111,11011101001,10010110101,10001111011,10111010000,00101011101,11100000111,01001110100,01110111010
00001111001,11001101101,00111100101,00010101110,01100101011,01110011100,10100011111,01001010111,11010110001,11101110010,10011001011
10010111001,01011001101,11011010011,11111010100,01100110111,11101101001,10001011110,00111111010,11110001010,11011100110,10111000111
10101011001,11000011110,10011110110,00010111001,11110010100,01100110011,00110001111,00101111100,01111001010,11001101101,01011010101
01111001101,11001101011,00010111011,11011010111,10101110101,11111110000,11110100111,11000111100,01101110110,10011101110,10100011010
01111001101,11001101011,00010111011,11011010111,10101110101,11111110000,11110100111,11000111100,01101110110,10011101110,10100011010
11011010111,01111011010,10001011011,00110110110,01101110101,01010111101,10111001101,10011110000,11100011100,01001101110,11110100011
10111011001,11000101000,00011100011,11001010111,01011001100,11110010010,10110100101,10010111110,01101110100,10101001110,01100011111
01011001110,11000101000,01010110001,10001110111,00101101101,10010011101,11110000111,00110111110,11101010100,10111001010,01100011011
01011001110,11000101000,01010110001,10001110111,00101101101,10010011101,11110000111,00110111110,11101010100,10111001010,01100011011
10101011101,01101101100,01111010110,11011110001,11110001000,10111100011,10011111010,00110111101,01101011011,11100110110,11010001111
10010111001,01011001101,11011010011,11111010100,01100110111,11101101001,10001011110,00111111010,11110001010,11011100110,10111000111
00001111001,11001101101,00111100101,00010101110,01100101011,01110011100,10100011111,01001010111,11010110001,11101110010,10011001011
01011010011,00010110111,10011111000,10110010101,11111100110,11000011110,10101110011,11110101011,00111001110,10001001101,01101111101
01011010011,10010001110,00111100111,11011101001,10010110101,10001111011,10111010000,00101011101,11100000111,01001110100,01110111010
10111011001,11000101000,00011100011,11001010111,01011001100,11110010010,10110100101,10010111110,01101110100,10101001110,01100011111
10011101101,01110001111,11100010101,11110100001,10011010011,11101001010,01101011001,10100111011,00111110100,01001100111,11010111010
10010111001,01011001101,11011010011,11111010100,01100110111,11101101001,10001011110,00111111010,11110001010,11011100110,10111000111
10110010100,01011001110,10000100111,01010111011,00111100101,11011110001,10101011101,10111101010,11110000011,01101110010,11100101100
00010111011,10111111100,10000011101,01011001110,11110110110,01001110100,10011100111,01110101101,00101010111,11101101010,11111010001
011011001101,11001101011,01011110110,101,1110101,1110100100,11101001,11110100111,1010011101110,1110010001010111011011,0110,0011101011
10011101101,01110001111,11100010101,11110100001,10011010011,11101001010,01101011001,10100111011,00111110100,01001100111,11010111010
10101011101,01101101100,01111010110,11011110001,11110001000,10111100011,10011111010,00110111101,01101011011,11100110110,11010001111
01111001101,11001101011,00010111011,11011010111,10101110101,11111110000,11110100111,11000111100,01101110110,10011101110,10100011010
11001101010,01111011001,01010010010,10111000111,10011110000,10110101010,00101111110,11100011100,01111100100,00010101101,11100110011
01011010011,10010001110,00111100111,11011101001,10010110101,10001111011,10111010000,00101011101,11100000111,01001110100,01110111010
10111011001,11000101000,00011100011,11001010111,01011001100,11110010010,10110100101,10010111110,01101110100,10101001110,01100011111
10101011001,11000011110,10011110110,00010111001,11110010100,01100110011,00110001111,00101111100,01111001010,11001101101,01011010101
11001111001,00101001111,01011010010,10110011010,11111000001,11100010110,10011100010,01111101100,01110100011,00010110101,11010001111
01001100101,11110010100,01010110011,10011111000,11100001001,00110101100,01101011010,10000111110,11011100010,00011001111,10101110011
01011010011,10010001110,00111100111,11011101001,10010110101,10001111011,10111010000,00101011101,11100000111,01001110100,01110111010
11001101010,01111011001,01010010010,10111000111,10011110000,10110101010,00101111110,11100011100,01111100100,00010101101,11100110011
01111001101,11001101011,00010111011,11011010111,10101110101,11111110000,11110100111,11000111100,01101110110,10011101110,10100011010
01011001110,11000101000,01010110001,10001110111,00101101101,10010011101,11110000111,00110111110,11101010100,10111001010,01100011011
10111011001,11000101000,00011100011,11001010111,01011001100,11110010010,10110100101,10010111110,01101110100,10101001110,01100011111
10011101101,01110001111,11100010101,11110100001,10011010011,11101001010,01101011001,10100111011,00111110100,01001100111,11010111010
01011010011,10010001110,00111100111,11011101001,10010110101,10001111011,10111010000,00101011101,11100000111,01001110100,01110111010
01011010011,10010001110,00111100111,11011101001,10010110101,10001111011,10111010000,00101011101,11100000111,01001110100,01110111010
10010111001,01011001101,11011010011,11111010100,01100110111,11101101001,10001011110,00111111010,11110001010,11011100110,10111000111
10011101101,01110001111,11100010101,11110100001,10011010011,11101001010,01101011001,10100111011,00111110100,01001100111,11010111010
10101011101,01101101100,01111010110,11011110001,11110001000,10111100011,10011111010,00110111101,01101011011,11100110110,11010001111
01111001101,11001101011,00010111011,11011010111,10101110101,11111110000,11110100111,11000111100,01101110110,10011101110,10100011010
01011001110,11000101000,01010110001,10001110111,00101101101,10010011101,11110000111,00110111110,11101010100,10111001010,01100011011
10110010100,01011001110,10000100111,01010111011,00111100101,11011110001,10101011101,10111101010,11110000011,01101110010,11100101100
00010111011,10111111100,10000011101,01011001110,11110110110,01001110100,10011100111,01110101101,00101010111,11101101010,11111010001
0100110100,1011110111,110010001110,1,0001,11110100,111010110010101101010100111110011110001,111001111100,00111001110,10100011010011010
10110010100,01011001110,10000100111,01010111011,00111100101,11011110001,10101011101,10111101010,11110000011,01101110010,11100101100
01011010011,00010110111,10011111000,10110010101,11111100110,11000011110,10101110011,11110101011,00111001110,10001001101,01101111101
01001100101,11110010100,01010110011,10011111000,11100001001,00110101100,01101011010,10000111110,11011100010,00011001111,10101110011
00100011101,11000111110,01110110100,10010010111,01011101111,11011011100,11101000110,00111111010,11110011011,11001110001,10110101101
01011010011,10010001110,00111100111,11011101001,10010110101,10001111011,10111010000,00101011101,11100000111,01001110100,01110111010
10101011101,01101101100,01111010110,11011110001,11110001000,10111100011,10011111010,00110111101,01101011011,11100110110,11010001111
10011101101,01110001111,11100010101,11110100001,10011010011,11101001010,01101011001,10100111011,00111110100,01001100111,11010111010
10101011101,01101101100,01111010110,11011110001,11110001000,10111100011,10011111010,00110111101,01101011011,11100110110,11010001111
11011010111,01111011010,10001011011,00110110110,01101110101,01010111101,10111001101,10011110000,11100011100,01001101110,11110100011
10011101101,01110001111,11100010101,11110100001,10011010011,11101001010,01101011001,10100111011,00111110100,01001100111,11010111010
10101011001,11000011110,10011110110,00010111001,11110010100,01100110011,00110001111,00101111100,01111001010,11001101101,01011010101
10101011001,11000011110,10011110110,00010111001,11110010100,01100110011,00110001111,00101111100,01111001010,11001101101,01011010101
01001101011,00111101100,01011010101,10011110001,11100001001,00100110111,00111011010,01010111100,11110100010,10010001111,11001010110
10101011001,11000011110,10011110110,00010111001,11110010100,01100110011,00110001111,00101111100,01111001010,11001101101,01011010101
10110010100,01011001110,10000100111,01010111011,00111100101,11011110001,10101011101,10111101010,11110000011,01101110010,11100101100
10101011101,01101101100,01111010110,11011110001,11110001000,10111100011,10011111010,00110111101,01101011011,11100110110,11010001111
11011010111,01111011010,10001011011,00110110110,01101110101,01010111101,10111001101,10011110000,11100011100,01001101110,11110100011
01011010011,10010001110,00111100111,11011101001,10010110101,10001111011,10111010000,00101011101,11100000111,01001110100,01110111010
00100011101,11000111110,01110110100,10010010111,01011101111,11011011100,11101000110,00111111010,11110011011,11001110001,10110101101
00100011101,11000111110,01110110100,10010010111,01011101111,11011011100,11101000110,00111111010,11110011011,11001110001,10110101101
10111011001,11000101000,00011100011,11001010111,01011001100,11110010010,10110100101,10010111110,01101110100,10101001110,01100011111
01011001110,11000101000,01010110001,10001110111,00101101101,10010011101,11110000111,00110111110,11101010100,10111001010,01100011011
11001101010,01111011001,01010010010,10111000111,10011110000,10110101010,00101111110,11100011100,01111100100,00010101101,11100110011
10110010100,01011001110,10000100111,01010111011,00111100101,11011110001,10101011101,10111101010,11110000011,01101110010,11100101100
11001101010,01111011001,01010010010,10111000111,10011110000,10110101010,00101111110,11100011100,01111100100,00010101101,11100110011
01001100101,11110010100,01010110011,10011111000,11100001001,00110101100,01101011010,10000111110,11011100010,00011001111,10101110011
01001101011,00111101100,01011010101,10011110001,11100001001,00100110111,00111011010,01010111100,11110100010,10010001111,11001010110
10111011001,11000101000,00011100011,11001010111,01011001100,11110010010,10110100101,10010111110,01101110100,10101001110,01100011111
01001100101,11110010100,01010110011,10011111000,11100001001,00110101100,01101011010,10000111110,11011100010,00011001111,10101110011
10011101101,01110001111,11100010101,11110100001,10011010011,11101001010,01101011001,10100111011,00111110100,01001100111,11010111010
10010111001,01011001101,11011010011,11111010100,01100110111,11101101001,10001011110,00111111010,11110001010,11011100110,10111000111
01001101011,00111101100,01011010101,10011110001,11100001001,00100110111,00111011010,01010111100,11110100010,10010001111,11001010110
00100011101,11000111110,01110110100,10010010111,01011101111,11011011100,11101000110,00111111010,11110011011,11001110001,10110101101
01011010011,00010110111,10011111000,10110010101,11111100110,11000011110,10101110011,11110101011,00111001110,10001001101,01101111101
00100011101,11000111110,01110110100,10010010111,01011101111,11011011100,11101000110,00111111010,11110011011,11001110001,10110101101
00001111001,11001101101,00111100101,00010101110,01100101011,01110011100,10100011111,01001010111,11010110001,11101110010,10011001011
01011010011,10010001110,00111100111,11011101001,10010110101,10001111011,10111010000,00101011101,11100000111,01001110100,01110111010
01111001101,11001101011,00010111011,11011010111,10101110101,11111110000,11110100111,11000111100,01101110110,10011101110,10100011010
01001101011,00111101100,01011010101,10011110001,11100001001,00100110111,00111011010,01010111100,11110100010,10010001111,11001010110
00100011101,11000111110,01110110100,10010010111,01011101111,11011011100,11101000110,00111111010,11110011011,11001110001,10110101101
11011010111,01111011010,10001011011,00110110110,01101110101,01010111101,10111001101,10011110000,11100011100,01001101110,11110100011
01011010011,00010110111,10011111000,10110010101,11111100110,11000011110,10101110011,11110101011,00111001110,10001001101,01101111101
10011101101,01110001111,11100010101,11110100001,10011010011,11101001010,01101011001,10100111011,00111110100,01001100111,11010111010
01011010011,10010001110,00111100111,11011101001,10010110101,10001111011,10111010000,00101011101,11100000111,01001110100,01110111010
10101011101,01101101100,01111010110,11011110001,11110001000,10111100011,10011111010,00110111101,01101011011,11100110110,11010001111
10110010100,01011001110,10000100111,01010111011,00111100101,11011110001,10101011101,10111101010,11110000011,01101110010,11100101100
01111001101,11001101011,00010111011,11011010111,10101110101,11111110000,11110100111,11000111100,01101110110,10011101110,10100011010
01011010011,00010110111,10011111000,10110010101,11111100110,11000011110,10101110011,11110101011,00111001110,10001001101,01101111101
11001101010,01111011001,01010010010,10111000111,10011110000,10110101010,00101111110,11100011100,01111100100,00010101101,11100110011
0100111011,0000111110,,1011010101,10110110010,11110110110,1011110000,10000111,00110111110,001010101001,1110011110,01100011011
00001111001,11001101101,00111100101,00010101110,01100101011,01110011100,10100011111,01001010111,11010110001,11101110010,10011001011
10011101101,01110001111,11100010101,11110100001,10011010011,11101001010,01101011001,10100111011,00111110100,01001100111,11010111010
11001101010,01111011001,01010010010,10111000111,10011110000,10110101010,00101111110,11100011100,01111100100,00010101101,11100110011
10111011001,11000101000,00011100011,11001010111,01011001100,11110010010,10110100101,10010111110,01101110100,10101001110,01100011111
10101011101,01101101100,01111010110,11011110001,11110001000,10111100011,10011111010,00110111101,01101011011,11100110110,11010001111
01001100101,11110010100,01010110011,10011111000,11100001001,00110101100,01101011010,10000111110,11011100010,00011001111,10101110011
10101011101,01101101100,01111010110,11011110001,11110001000,10111100011,10011111010,00110111101,01101011011,11100110110,11010001111
00001111001,11001101101,00111100101,00010101110,01100101011,01110011100,10100011111,01001010111,11010110001,11101110010,10011001011
11001111001,00101001111,01011010010,10110011010,11111000001,11100010110,10011100010,01111101100,01110100011,00010110101,11010001111
11011010111,01111011010,10001011011,00110110110,01101110101,01010111101,10111001101,10011110000,11100011100,01001101110,11110100011
10101011001,11000011110,10011110110,00010111001,11110010100,01100110011,00110001111,00101111100,01111001010,11001101101,01011010101
01001100101,11110010100,01010110011,10011111000,11100001001,00110101100,01101011010,10000111110,11011100010,00011001111,10101110011
11001101010,01111011001,01010010010,10111000111,10011110000,10110101010,00101111110,11100011100,01111100100,00010101101,11100110011
11001111001,00101001111,01011010010,10110011010,11111000001,11100010110,10011100010,01111101100,01110100011,00010110101,11010001111
01011001110,11000101000,01010110001,10001110111,00101101101,10010011101,11110000111,00110111110,11101010100,10111001010,01100011011
10010111001,01011001101,11011010011,11111010100,01100110111,11101101001,10001011110,00111111010,11110001010,11011100110,10111000111
11001111001,00101001111,01011010010,10110011010,11111000001,11100010110,10011100010,01111101100,01110100011,00010110101,11010001111
10110010100,01011001110,10000100111,01010111011,00111100101,11011110001,10101011101,10111101010,11110000011,01101110010,11100101100
01001100101,11110010100,01010110011,10011111000,11100001001,00110101100,01101011010,10000111110,11011100010,00011001111,10101110011
01011010011,00010110111,10011111000,10110010101,11111100110,11000011110,10101110011,11110101011,00111001110,10001001101,01101111101
00010111011,10111111100,10000011101,01011001110,11110110110,01001110100,10011100111,01110101101,00101010111,11101101010,11111010001
10111011001,11000101000,00011100011,11001010111,01011001100,11110010010,10110100101,10010111110,01101110100,10101001110,01100011111
10101011101,01101101100,01111010110,11011110001,11110001000,10111100011,10011111010,00110111101,01101011011,11100110110,11010001111
10101011101,01101101100,01111010110,11011110001,11110001000,10111100011,10011111010,00110111101,01101011011,11100110110,11010001111
01011010011,00010110111,10011111000,10110010101,11111100110,11000011110,10101110011,11110101011,00111001110,10001001101,01101111101
00100011101,11000111110,01110110100,10010010111,01011101111,11011011100,11101000110,00111111010,11110011011,11001110001,10110101101
01011001110,11000101000,01010110001,10001110111,00101101101,10010011101,11110000111,00110111110,11101010100,10111001010,01100011011
00100011101,11000111110,01110110100,10010010111,01011101111,11011011100,11101000110,00111111010,11110011011,11001110001,10110101101
10010111001,01011001101,11011010011,11111010100,01100110111,11101101001,10001011110,00111111010,11110001010,11011100110,10111000111
01111001101,11001101011,00010111011,11011010111,10101110101,11111110000,11110100111,11000111100,01101110110,10011101110,10100011010
10010111001,01011001101,11011010011,11111010100,01100110111,11101101001,10001011110,00111111010,11110001010,11011100110,10111000111
11011010111,01111011010,10001011011,00110110110,01101110101,01010111101,10111001101,10011110000,11100011100,01001101110,11110100011
01011010011,10010001110,00111100111,11011101001,10010110101,10001111011,10111010000,00101011101,11100000111,01001110100,01110111010
10101011001,11000011110,10011110110,00010111001,11110010100,01100110011,00110001111,00101111100,01111001010,11001101101,01011010101
10011101101,01110001111,11100010101,11110100001,10011010011,11101001010,01101011001,10100111011,00111110100,01001100111,11010111010
00010111011,10111111100,10000011101,01011001110,11110110110,01001110100,10011100111,01110101101,00101010111,11101101010,11111010001
01111001101,11001101011,00010111011,11011010111,10101110101,11111110000,11110100111,11000111100,01101110110,10011101110,10100011010
01011010011,10010001110,00111100111,11011101001,10010110101,10001111011,10111010000,00101011101,11100000111,01001110100,01110111010
01111001101,11001101011,00010111011,11011010111,10101110101,11111110000,11110100111,11000111100,01101110110,10011101110,10100011010
00100011101,11000111110,01110110100,10010010111,01011101111,11011011100,11101000110,00111111010,11110011011,11001110001,10110101101
10011101101,01110001111,11100010101,11110100001,10011010011,11101001010,01101011001,10100111011,00111110100,01001100111,11010111010
11001111001,00101001111,01011010010,10110011010,11111000001,11100010110,10011100010,01111101100,01110100011,00010110101,11010001111
00100011101,11000111110,01110110100,10010010111,01011101111,11011011100,11101000110,00111111010,11110011011,11001110001,10110101101
10101011101,01101101100,01111010110,11011110001,11110001000,10111100011,10011111010,00110111101,01101011011,11100110110,11010001111
10111011001,11000101000,00011100011,11001010111,01011001100,11110010010,10110100101,10010111110,01101110100,10101001110,01100011111
00010111011,10111111100,10000011101,01011001110,11110110110,01001110100,10011100111,01110101101,00101010111,11101101010,11111010001
10011101101,01110001111,11100010101,11110100001,10011010011,11101001010,01101011001,10100111011,00111110100,01001100111,11010111010
01011001110,11000101000,01010110001,10001110111,00101101101,10010011101,11110000111,00110111110,11101010100,10111001010,01100011011
10011101101,01110001111,11100010101,11110100001,10011010011,11101001010,01101011001,10100111011,00111110100,01001100111,11010111010
00100011101,11000111110,01110110100,10010010111,01011101111,11011011100,11101000110,00111111010,11110011011,11001110001,10110101101
01001101011,00111101100,01011010101,10011110001,11100001001,00100110111,00111011010,01010111100,11110100010,10010001111,11001010110
011001011101,1011101010,1100110101100011,1101110110,1111110110110,11,100,10110110110,10,10,11111000111,111000111101,100011111
11001111001,00101001111,01011010010,10110011010,11111000001,11100010110,10011100010,01111101100,01110100011,00010110101,11010001111
00100011101,11000111110,01110110100,10010010111,01011101111,11011011100,11101000110,00111111010,11110011011,11001110001,10110101101
11001111001,00101001111,01011010010,10110011010,11111000001,11100010110,10011100010,01111101100,01110100011,00010110101,11010001111
01011010011,00010110111,10011111000,10110010101,11111100110,11000011110,10101110011,11110101011,00111001110,10001001101,01101111101
10110010100,01011001110,10000100111,01010111011,00111100101,11011110001,10101011101,10111101010,11110000011,01101110010,11100101100
10110010100,01011001110,10000100111,01010111011,00111100101,11011110001,10101011101,10111101010,11110000011,01101110010,11100101100
10101011101,01101101100,01111010110,11011110001,11110001000,10111100011,10011111010,00110111101,01101011011,11100110110,11010001111
10111011001,11000101000,00011100011,11001010111,01011001100,11110010010,10110100101,10010111110,01101110100,10101001110,01100011111
01011010011,10010001110,00111100111,11011101001,10010110101,10001111011,10111010000,00101011101,11100000111,01001110100,01110111010
01001101011,00111101100,01011010101,10011110001,11100001001,00100110111,00111011010,01010111100,11110100010,10010001111,11001010110
11001101010,01111011001,01010010010,10111000111,10011110000,10110101010,00101111110,11100011100,01111100100,00010101101,11100110011
10101011001,11000011110,10011110110,00010111001,11110010100,01100110011,00110001111,00101111100,01111001010,11001101101,01011010101
01011010011,10010001110,00111100111,11011101001,10010110101,10001111011,10111010000,00101011101,11100000111,01001110100,01110111010
11011010111,01111011010,10001011011,00110110110,01101110101,01010111101,10111001101,10011110000,11100011100,01001101110,11110100011
01111001101,11001101011,00010111011,11011010111,10101110101,11111110000,11110100111,11000111100,01101110110,10011101110,10100011010
00100011101,11000111110,01110110100,10010010111,01011101111,11011011100,11101000110,00111111010,11110011011,11001110001,10110101101
10111011001,11000101000,00011100011,11001010111,01011001100,11110010010,10110100101,10010111110,01101110100,10101001110,01100011111
00001111001,11001101101,00111100101,00010101110,01100101011,01110011100,10100011111,01001010111,11010110001,11101110010,10011001011
10011101101,01110001111,11100010101,11110100001,10011010011,11101001010,01101011001,10100111011,00111110100,01001100111,11010111010
01111001101,11001101011,00010111011,11011010111,10101110101,11111110000,11110100111,11000111100,01101110110,10011101110,10100011010
01111001101,11001101011,00010111011,11011010111,10101110101,11111110000,11110100111,11000111100,01101110110,10011101110,10100011010
11001101010,01111011001,01010010010,10111000111,10011110000,10110101010,00101111110,11100011100,01111100100,00010101101,11100110011
00100011101,11000111110,01110110100,10010010111,01011101111,11011011100,11101000110,00111111010,11110011011,11001110001,10110101101
10110010100,01011001110,10000100111,01010111011,00111100101,11011110001,10101011101,10111101010,11110000011,01101110010,11100101100
11001111001,00101001111,01011010010,10110011010,11111000001,11100010110,10011100010,01111101100,01110100011,00010110101,11010001111
10111011001,11000101000,00011100011,11001010111,01011001100,11110010010,10110100101,10010111110,01101110100,10101001110,01100011111
01011010011,00010110111,10011111000,10110010101,11111100110,11000011110,10101110011,11110101011,00111001110,10001001101,01101111101
01011010011,10010001110,00111100111,11011101001,10010110101,10001111011,10111010000,00101011101,11100000111,01001110100,01110111010
01001100101,11110010100,01010110011,10011111000,11100001001,00110101100,01101011010,10000111110,11011100010,00011001111,10101110011
10101011101,01101101100,01111010110,11011110001,11110001000,10111100011,10011111010,00110111101,01101011011,11100110110,11010001111
00001111001,11001101101,00111100101,00010101110,01100101011,01110011100,10100011111,01001010111,11010110001,11101110010,10011001011
00010111011,10111111100,10000011101,01011001110,11110110110,01001110100,10011100111,01110101101,00101010111,11101101010,11111010001
01001100101,11110010100,01010110011,10011111000,11100001001,00110101100,01101011010,10000111110,11011100010,00011001111,10101110011
00100011101,11000111110,01110110100,10010010111,01011101111,11011011100,11101000110,00111111010,11110011011,11001110001,10110101101
10010111001,01011001101,11011010011,11111010100,01100110111,11101101001,10001011110,00111111010,11110001010,11011100110,10111000111
00001111001,11001101101,00111100101,00010101110,01100101011,01110011100,10100011111,01001010111,11010110001,11101110010,10011001011
01111001101,11001101011,00010111011,11011010111,10101110101,11111110000,11110100111,11000111100,01101110110,10011101110,10100011010
01001100101,11110010100,01010110011,10011111000,11100001001,00110101100,01101011010,10000111110,11011100010,00011001111,10101110011
01001100101,11110010100,01010110011,10011111000,11100001001,00110101100,01101011010,10000111110,11011100010,00011001111,10101110011
10110010100,01011001110,10000100111,01010111011,00111100101,11011110001,10101011101,10111101010,11110000011,01101110010,11100101100
11011010111,01111011010,10001011011,00110110110,01101110101,01010111101,10111001101,10011110000,11100011100,01001101110,11110100011
01001101011,00111101100,01011010101,10011110001,11100001001,00100110111,00111011010,01010111100,11110100010,10010001111,11001010110
01011010011,10010001110,00111100111,11011101001,10010110101,10001111011,10111010000,00101011101,11100000111,01001110100,01110111010
00010111011,10111111100,10000011101,01011001110,11110110110,01001110100,10011100111,01110101101,00101010111,11101101010,11111010001
10011101101,01110001111,11100010101,11110100001,10011010011,11101001010,01101011001,10100111011,00111110100,01001100111,11010111010
10101011001,11000011110,10011110110,00010111001,11110010100,01100110011,00110001111,00101111100,01111001010,11001101101,01011010101
10110010100,01011001110,10000100111,01010111011,00111100101,11011110001,10101011101,10111101010,11110000011,01101110010,11100101100
10101011001,11000011110,10011110110,00010111001,11110010100,01100110011,00110001111,00101111100,01111001010,11001101101,01011010101
00010111011,10111111100,10000011101,01011001110,11110110110,01001110100,10011100111,01110101101,00101010111,11101101010,11111010001
00100011101,11000111110,01110110100,10010010111,01011101111,11011011100,11101000110,00111111010,11110011011,11001110001,10110101101
00100011101,11000111110,01110110100,10010010111,01011101111,11011011100,11101000110,00111111010,11110011011,11001110001,10110101101
10011101101,01110001111,11100010101,11110100001,10011010011,11101001010,01101011001,10100111011,00111110100,01001100111,11010111010
00100011101,11000111110,01110110100,10010010111,01011101111,11011011100,11101000110,00111111010,11110011011,11001110001,10110101101
01111001101,11001101011,00010111011,11011010111,10101110101,11111110000,11110100111,11000111100,01101110110,10011101110,10100011010
01011010011,00010110111,10011111000,10110010101,11111100110,11000011110,10101110011,11110101011,00111001110,10001001101,01101111101
10110010100,01011001110,10000100111,01010111011,00111100101,11011110001,10101011101,10111101010,11110000011,01101110010,11100101100
10111011001,11000101000,00011100011,11001010111,01011001100,11110010010,10110100101,10010111110,01101110100,10101001110,01100011111
10101011001,11000011110,10011110110,00010111001,11110010100,01100110011,00110001111,00101111100,01111001010,11001101101,01011010101
11011010111,01111011010,10001011011,00110110110,01101110101,01010111101,10111001101,10011110000,11100011100,01001101110,11110100011
11001111001,00101001111,01011010010,10110011010,11111000001,11100010110,10011100010,01111101100,01110100011,00010110101,11010001111
01011010011,10010001110,00111100111,11011101001,10010110101,10001111011,10111010000,00101011101,11100000111,01001110100,01110111010
11001101010,01111011001,01010010010,10111000111,10011110000,10110101010,00101111110,11100011100,01111100100,00010101101,11100110011
00100011101,11000111110,01110110100,10010010111,01011101111,11011011100,11101000110,00111111010,11110011011,11001110001,10110101101
01011010011,10010001110,00111100111,11011101001,10010110101,10001111011,10111010000,00101011101,11100000111,01001110100,01110111010
01011001110,11000101000,01010110001,10001110111,00101101101,10010011101,11110000111,00110111110,11101010100,10111001010,01100011011
10110010100,01011001110,10000100111,01010111011,00111100101,11011110001,10101011101,10111101010,11110000011,01101110010,11100101100
01011010011,10010001110,00111100111,11011101001,10010110101,10001111011,10111010000,00101011101,11100000111,01001110100,01110111010
10110010100,01011001110,10000100111,01010111011,00111100101,11011110001,10101011101,10111101010,11110000011,01101110010,11100101100
01001100101,11110010100,01010110011,10011111000,11100001001,00110101100,01101011010,10000111110,11011100010,00011001111,10101110011
01001100101,11110010100,01010110011,10011111000,11100001001,00110101100,01101011010,10000111110,11011100010,00011001111,10101110011
0111000111100,01011001101,101,01011011111010100,0110111100101001001110101101,101001101,10,01010,11100011110,0011,101111100011,1010
10011101101,01110001111,11100010101,11110100001,10011010011,11101001010,01101011001,10100111011,00111110100,01001100111,11010111010
01011010011,10010001110,00111100111,11011101001,10010110101,10001111011,10111010000,00101011101,11100000111,01001110100,01110111010
01111001101,11001101011,00010111011,11011010111,10101110101,11111110000,11110100111,11000111100,01101110110,10011101110,10100011010
10110010100,01011001110,10000100111,01010111011,00111100101,11011110001,10101011101,10111101010,11110000011,01101110010,11100101100
01111001101,11001101011,00010111011,11011010111,10101110101,11111110000,11110100111,11000111100,01101110110,10011101110,10100011010
01011001110,11000101000,01010110001,10001110111,00101101101,10010011101,11110000111,00110111110,11101010100,10111001010,01100011011
10010111001,01011001101,11011010011,11111010100,01100110111,11101101001,10001011110,00111111010,11110001010,11011100110,10111000111
10010111001,01011001101,11011010011,11111010100,01100110111,11101101001,10001011110,00111111010,11110001010,11011100110,10111000111
10101011101,01101101100,01111010110,11011110001,11110001000,10111100011,10011111010,00110111101,01101011011,11100110110,11010001111
11001101010,01111011001,01010010010,10111000111,10011110000,10110101010,00101111110,11100011100,01111100100,00010101101,11100110011
10101011101,01101101100,01111010110,11011110001,11110001000,10111100011,10011111010,00110111101,01101011011,11100110110,11010001111
00100011101,11000111110,01110110100,10010010111,01011101111,11011011100,11101000110,00111111010,11110011011,11001110001,10110101101
00010111011,10111111100,10000011101,01011001110,11110110110,01001110100,10011100111,01110101101,00101010111,11101101010,11111010001
10101011101,01101101100,01111010110,11011110001,11110001000,10111100011,10011111010,00110111101,01101011011,11100110110,11010001111
01001101011,00111101100,01011010101,10011110001,11100001001,00100110111,00111011010,01010111100,11110100010,10010001111,11001010110
01011010011,00010110111,10011111000,10110010101,11111100110,11000011110,10101110011,11110101011,00111001110,10001001101,01101111101
01111001101,11001101011,00010111011,11011010111,10101110101,11111110000,11110100111,11000111100,01101110110,10011101110,10100011010
11011010111,01111011010,10001011011,00110110110,01101110101,01010111101,10111001101,10011110000,11100011100,01001101110,11110100011
10010111001,01011001101,11011010011,11111010100,01100110111,11101101001,10001011110,00111111010,11110001010,11011100110,10111000111
01001101011,00111101100,01011010101,10011110001,11100001001,00100110111,00111011010,01010111100,11110100010,10010001111,11001010110
00001111001,11001101101,00111100101,00010101110,01100101011,01110011100,10100011111,01001010111,11010110001,11101110010,10011001011
01011010011,00010110111,10011111000,10110010101,11111100110,11000011110,10101110011,11110101011,00111001110,10001001101,01101111101
00100011101,11000111110,01110110100,10010010111,01011101111,11011011100,11101000110,00111111010,11110011011,11001110001,10110101101
10110010100,01011001110,10000100111,01010111011,00111100101,11011110001,10101011101,10111101010,11110000011,01101110010,11100101100
00001111001,11001101101,00111100101,00010101110,01100101011,01110011100,10100011111,01001010111,11010110001,11101110010,10011001011
01001100101,11110010100,01010110011,10011111000,11100001001,00110101100,01101011010,10000111110,11011100010,00011001111,10101110011
01011001110,11000101000,01010110001,10001110111,00101101101,10010011101,11110000111,00110111110,11101010100,10111001010,01100011011
01001101011,00111101100,01011010101,10011110001,11100001001,00100110111,00111011010,01010111100,11110100010,10010001111,11001010110
01111001101,11001101011,00010111011,11011010111,10101110101,11111110000,11110100111,11000111100,01101110110,10011101110,10100011010
10010111001,01011001101,11011010011,11111010100,01100110111,11101101001,10001011110,00111111010,11110001010,11011100110,10111000111
00100011101,11000111110,01110110100,10010010111,01011101111,11011011100,11101000110,00111111010,11110011011,11001110001,10110101101
11011010111,01111011010,10001011011,00110110110,01101110101,01010111101,10111001101,10011110000,11100011100,01001101110,11110100011
10101011001,11000011110,10011110110,00010111001,11110010100,01100110011,00110001111,00101111100,01111001010,11001101101,01011010101
10011101101,01110001111,11100010101,11110100001,10011010011,11101001010,01101011001,10100111011,00111110100,01001100111,11010111010
11001101010,01111011001,01010010010,10111000111,10011110000,10110101010,00101111110,11100011100,01111100100,00010101101,11100110011
10110010100,01011001110,10000100111,01010111011,00111100101,11011110001,10101011101,10111101010,11110000011,01101110010,11100101100
01011010011,10010001110,00111100111,11011101001,10010110101,10001111011,10111010000,00101011101,11100000111,01001110100,01110111010
11011010111,01111011010,10001011011,00110110110,01101110101,01010111101,10111001101,10011110000,11100011100,01001101110,11110100011
00010111011,10111111100,10000011101,01011001110,11110110110,01001110100,10011100111,01110101101,00101010111,11101101010,11111010001
10111011001,11000101000,00011100011,11001010111,01011001100,11110010010,10110100101,10010111110,01101110100,10101001110,01100011111
10110010100,01011001110,10000100111,01010111011,00111100101,11011110001,10101011101,10111101010,11110000011,01101110010,11100101100
11001101010,01111011001,01010010010,10111000111,10011110000,10110101010,00101111110,11100011100,01111100100,00010101101,11100110011
10101011001,11000011110,10011110110,00010111001,11110010100,01100110011,00110001111,00101111100,01111001010,11001101101,01011010101
10110010100,01011001110,10000100111,01010111011,00111100101,11011110001,10101011101,10111101010,11110000011,01101110010,11100101100
01011010011,10010001110,00111100111,11011101001,10010110101,10001111011,10111010000,00101011101,11100000111,01001110100,01110111010
01011010011,00010110111,10011111000,10110010101,11111100110,11000011110,10101110011,11110101011,00111001110,10001001101,01101111101
10011101101,01110001111,11100010101,11110100001,10011010011,11101001010,01101011001,10100111011,00111110100,01001100111,11010111010
10111011001,11000101000,00011100011,11001010111,01011001100,11110010010,10110100101,10010111110,01101110100,10101001110,01100011111
10111011001,11000101000,00011100011,11001010111,01011001100,11110010010,10110100101,10010111110,01101110100,10101001110,01100011111
10011101101,01110001111,11100010101,11110100001,10011010011,11101001010,01101011001,10100111011,00111110100,01001100111,11010111010
00100011101,11000111110,01110110100,10010010111,01011101111,11011011100,11101000110,00111111010,11110011011,11001110001,10110101101
01111001101,11001101011,00010111011,11011010111,10101110101,11111110000,11110100111,11000111100,01101110110,10011101110,10100011010
01011010011,00010110111,10011111000,10110010101,11111100110,11000011110,10101110011,11110101011,00111001110,10001001101,01101111101
0111000111100,01011001101,101,0101100110010111,11111000010101110110111,1111001101110,1100,11,011110010011010,1101,1101011100011
01011001110,11000101000,01010110001,10001110111,00101101101,10010011101,11110000111,00110111110,11101010100,10111001010,01100011011
01001100101,11110010100,01010110011,10011111000,11100001001,00110101100,01101011010,10000111110,11011100010,00011001111,10101110011
10101011001,11000011110,10011110110,00010111001,11110010100,01100110011,00110001111,00101111100,01111001010,11001101101,01011010101
00001111001,11001101101,00111100101,00010101110,01100101011,01110011100,10100011111,01001010111,11010110001,11101110010,10011001011
10101011001,11000011110,10011110110,00010111001,11110010100,01100110011,00110001111,00101111100,01111001010,11001101101,01011010101
10101011101,01101101100,01111010110,11011110001,11110001000,10111100011,10011111010,00110111101,01101011011,11100110110,11010001111
01001100101,11110010100,01010110011,10011111000,11100001001,00110101100,01101011010,10000111110,11011100010,00011001111,10101110011
10010111001,01011001101,11011010011,11111010100,01100110111,11101101001,10001011110,00111111010,11110001010,11011100110,10111000111
01011010011,10010001110,00111100111,11011101001,10010110101,10001111011,10111010000,00101011101,11100000111,01001110100,01110111010
10101011101,01101101100,01111010110,11011110001,11110001000,10111100011,10011111010,00110111101,01101011011,11100110110,11010001111
01111001101,11001101011,00010111011,11011010111,10101110101,11111110000,11110100111,11000111100,01101110110,10011101110,10100011010
01001101011,00111101100,01011010101,10011110001,11100001001,00100110111,00111011010,01010111100,11110100010,10010001111,11001010110
0111000111100,01011001101,10001001101110,111110111,010111000000,1111011110,01101011010,001111110100011,101101,10101110001111,111
10011101101,01110001111,11100010101,11110100001,10011010011,11101001010,01101011001,10100111011,00111110100,01001100111,11010111010
01001100101,11110010100,01010110011,10011111000,11100001001,00110101100,01101011010,10000111110,11011100010,00011001111,10101110011
01001101011,00111101100,01011010101,10011110001,11100001001,00100110111,00111011010,01010111100,11110100010,10010001111,11001010110
01001100101,11110010100,01010110011,10011111000,11100001001,00110101100,01101011010,10000111110,11011100010,00011001111,10101110011
01001100101,11110010100,01010110011,10011111000,11100001001,00110101100,01101011010,10000111110,11011100010,00011001111,10101110011
01011001110,11000101000,01010110001,10001110111,00101101101,10010011101,11110000111,00110111110,11101010100,10111001010,01100011011
01011010011,00010110111,10011111000,10110010101,11111100110,11000011110,10101110011,11110101011,00111001110,10001001101,01101111101
00010111011,10111111100,10000011101,01011001110,11110110110,01001110100,10011100111,01110101101,00101010111,11101101010,11111010001
01011010011,10010001110,00111100111,11011101001,10010110101,10001111011,10111010000,00101011101,11100000111,01001110100,01110111010
10010111001,01011001101,11011010011,11111010100,01100110111,11101101001,10001011110,00111111010,11110001010,11011100110,10111000111
00001111001,11001101101,00111100101,00010101110,01100101011,01110011100,10100011111,01001010111,11010110001,11101110010,10011001011
10111011001,11000101000,00011100011,11001010111,01011001100,11110010010,10110100101,10010111110,01101110100,10101001110,01100011111
01011010011,10010001110,00111100111,11011101001,10010110101,10001111011,10111010000,00101011101,11100000111,01001110100,01110111010
01011010011,10010001110,00111100111,11011101001,10010110101,10001111011,10111010000,00101011101,11100000111,01001110100,01110111010
00001111001,11001101101,00111100101,00010101110,01100101011,01110011100,10100011111,01001010111,11010110001,11101110010,10011001011
10011101101,01110001111,11100010101,11110100001,10011010011,11101001010,01101011001,10100111011,00111110100,01001100111,11010111010
11001101010,01111011001,01010010010,10111000111,10011110000,10110101010,00101111110,11100011100,01111100100,00010101101,11100110011
01011001110,11000101000,01010110001,10001110111,00101101101,10010011101,11110000111,00110111110,11101010100,10111001010,01100011011
01011010011,00010110111,10011111000,10110010101,11111100110,11000011110,10101110011,11110101011,00111001110,10001001101,01101111101
10101011001,11000011110,10011110110,00010111001,11110010100,01100110011,00110001111,00101111100,01111001010,11001101101,01011010101
00100011101,11000111110,01110110100,10010010111,01011101111,11011011100,11101000110,00111111010,11110011011,11001110001,10110101101
10110010100,01011001110,10000100111,01010111011,00111100101,11011110001,10101011101,10111101010,11110000011,01101110010,11100101100
11001111001,00101001111,01011010010,10110011010,11111000001,11100010110,10011100010,01111101100,01110100011,00010110101,11010001111
10011101101,01110001111,11100010101,11110100001,10011010011,11101001010,01101011001,10100111011,00111110100,01001100111,11010111010
01001101011,00111101100,01011010101,10011110001,11100001001,00100110111,00111011010,01010111100,11110100010,10010001111,11001010110
01001100101,11110010100,01010110011,10011111000,11100001001,00110101100,01101011010,10000111110,11011100010,00011001111,10101110011
01001101011,00111101100,01011010101,10011110001,11100001001,00100110111,00111011010,01010111100,11110100010,10010001111,11001010110
10101011001,11000011110,10011110110,00010111001,11110010100,01100110011,00110001111,00101111100,01111001010,11001101101,01011010101
10101011101,01101101100,01111010110,11011110001,11110001000,10111100011,10011111010,00110111101,01101011011,11100110110,11010001111
10111011001,11000101000,00011100011,11001010111,01011001100,11110010010,10110100101,10010111110,01101110100,10101001110,01100011111
01011010011,00010110111,10011111000,10110010101,11111100110,11000011110,10101110011,11110101011,00111001110,10001001101,01101111101
10110010100,01011001110,10000100111,01010111011,00111100101,11011110001,10101011101,10111101010,11110000011,01101110010,11100101100
01011010011,00010110111,10011111000,10110010101,11111100110,11000011110,10101110011,11110101011,00111001110,10001001101,01101111101
01001101011,00111101100,01011010101,10011110001,11100001001,00100110111,00111011010,01010111100,11110100010,10010001111,11001010110
10111011001,11000101000,00011100011,11001010111,01011001100,11110010010,10110100101,10010111110,01101110100,10101001110,01100011111
01011010011,10010001110,00111100111,11011101001,10010110101,10001111011,10111010000,00101011101,11100000111,01001110100,01110111010
01111001101,11001101011,00010111011,11011010111,10101110101,11111110000,11110100111,11000111100,01101110110,10011101110,10100011010
10101011001,11000011110,10011110110,00010111001,11110010100,01100110011,00110001111,00101111100,01111001010,11001101101,01011010101
11011010111,01111011010,10001011011,00110110110,01101110101,01010111101,10111001101,10011110000,11100011100,01001101110,11110100011
01001101011,00111101100,01011010101,10011110001,11100001001,00100110111,00111011010,01010111100,11110100010,10010001111,11001010110
10101011101,01101101100,01111010110,11011110001,11110001000,10111100011,10011111010,00110111101,01101011011,11100110110,11010001111
00001111001,11001101101,00111100101,00010101110,01100101011,01110011100,10100011111,01001010111,11010110001,11101110010,10011001011
01001101011,00111101100,01011010101,10011110001,11100001001,00100110111,00111011010,01010111100,11110100010,10010001111,11001010110
00010111011,10111111100,10000011101,01011001110,11110110110,01001110100,10011100111,01110101101,00101010111,11101101010,11111010001
10110010100,01011001110,10000100111,01010111011,00111100101,11011110001,10101011101,10111101010,11110000011,01101110010,11100101100
01011010011,10010001110,00111100111,11011101001,10010110101,10001111011,10111010000,00101011101,11100000111,01001110100,01110111010
01011001110,11000101000,01010110001,10001110111,00101101101,10010011101,11110000111,00110111110,11101010100,10111001010,01100011011
10101011101,01101101100,01111010110,11011110001,11110001000,10111100011,10011111010,00110111101,01101011011,11100110110,11010001111
10011101101,01110001111,11100010101,11110100001,10011010011,11101001010,01101011001,10100111011,00111110100,01001100111,11010111010
01011010011,10010001110,00111100111,11011101001,10010110101,10001111011,10111010000,00101011101,11100000111,01001110100,01110111010
10101011101,01101101100,01111010110,11011110001,11110001000,10111100011,10011111010,00110111101,01101011011,11100110110,11010001111
00100011101,11000111110,01110110100,10010010111,01011101111,11011011100,11101000110,00111111010,11110011011,11001110001,10110101101
01001100101,11110010100,01010110011,10011111000,11100001001,00110101100,01101011010,10000111110,11011100010,00011001111,10101110011
11011010111,01111011010,10001011011,00110110110,01101110101,01010111101,10111001101,10011110000,11100011100,01001101110,11110100011
10011101101,01110001111,11100010101,11110100001,10011010011,11101001010,01101011001,10100111011,00111110100,01001100111,11010111010
01011010011,10010001110,00111100111,11011101001,10010110101,10001111011,10111010000,00101011101,11100000111,01001110100,01110111010
11001101010,01111011001,01010010010,10111000111,10011110000,10110101010,00101111110,11100011100,01111100100,00010101101,11100110011
00100011101,11000111110,01110110100,10010010111,01011101111,11011011100,11101000110,00111111010,11110011011,11001110001,10110101101
11011010111,01111011010,10001011011,00110110110,01101110101,01010111101,10111001101,10011110000,11100011100,01001101110,11110100011
01111001101,11001101011,00010111011,11011010111,10101110101,11111110000,11110100111,11000111100,01101110110,10011101110,10100011010
11001101010,01111011001,01010010010,10111000111,10011110000,10110101010,00101111110,11100011100,01111100100,00010101101,11100110011
01001100101,11110010100,01010110011,10011111000,11100001001,00110101100,01101011010,10000111110,11011100010,00011001111,10101110011
01001101011,00111101100,01011010101,10011110001,11100001001,00100110111,00111011010,01010111100,11110100010,10010001111,11001010110
01011010011,00010110111,10011111000,10110010101,11111100110,11000011110,10101110011,11110101011,00111001110,10001001101,01101111101
01011010011,00010110111,10011111000,10110010101,11111100110,11000011110,10101110011,11110101011,00111001110,10001001101,01101111101
10010111001,01011001101,11011010011,11111010100,01100110111,11101101001,10001011110,00111111010,11110001010,11011100110,10111000111
11001101010,01111011001,01010010010,10111000111,10011110000,10110101010,00101111110,11100011100,01111100100,00010101101,11100110011
00001111001,11001101101,00111100101,00010101110,01100101011,01110011100,10100011111,01001010111,11010110001,11101110010,10011001011
10011101101,01110001111,11100010101,11110100001,10011010011,11101001010,01101011001,10100111011,00111110100,01001100111,11010111010
10110010100,01011001110,10000100111,01010111011,00111100101,11011110001,10101011101,10111101010,11110000011,01101110010,11100101100
10011101101,01110001111,11100010101,11110100001,10011010011,11101001010,01101011001,10100111011,00111110100,01001100111,11010111010
00001111001,11001101101,00111100101,00010101110,01100101011,01110011100,10100011111,01001010111,11010110001,11101110010,10011001011
10010111001,01011001101,11011010011,11111010100,01100110111,11101101001,10001011110,00111111010,11110001010,11011100110,10111000111
10011101101,01110001111,11100010101,11110100001,10011010011,11101001010,01101011001,10100111011,00111110100,01001100111,11010111010
01001100101,11110010100,01010110011,10011111000,11100001001,00110101100,01101011010,10000111110,11011100010,00011001111,10101110011
01011010011,10010001110,00111100111,11011101001,10010110101,10001111011,10111010000,00101011101,11100000111,01001110100,01110111010
10110010100,01011001110,10000100111,01010111011,00111100101,11011110001,10101011101,10111101010,11110000011,01101110010,11100101100
01001100101,11110010100,01010110011,10011111000,11100001001,00110101100,01101011010,10000111110,11011100010,00011001111,10101110011
01011010011,10010001110,00111100111,11011101001,10010110101,10001111011,10111010000,00101011101,11100000111,01001110100,01110111010
11001111001,00101001111,01011010010,10110011010,11111000001,11100010110,10011100010,01111101100,01110100011,00010110101,11010001111
10110010100,01011001110,10000100111,01010111011,00111100101,11011110001,10101011101,10111101010,11110000011,01101110010,11100101100
10010111001,01011001101,11011010011,11111010100,1111101100,11101101100011,10,10,10,101,011011100101,001111101110111011010111000111
01111001101,11001101011,00010111011,11011010111,10101110101,11111110000,11110100111,11000111100,01101110110,10011101110,10100011010
01001101011,00111101100,01011010101,10011110001,11100001001,00100110111,00111011010,01010111100,11110100010,10010001111,11001010110
01111001101,11001101011,00010111011,11011010111,10101110101,11111110000,11110100111,11000111100,01101110110,10011101110,10100011010
01011010011,10010001110,00111100111,11011101001,10010110101,10001111011,10111010000,00101011101,11100000111,01001110100,01110111010
11011010111,01111011010,10001011011,00110110110,01101110101,01010111101,10111001101,10011110000,11100011100,01001101110,11110100011
11001101010,01111011001,01010010010,10111000111,10011110000,10110101010,00101111110,11100011100,01111100100,00010101101,11100110011
11001111001,00101001111,01011010010,10110011010,11111000001,11100010110,10011100010,01111101100,01110100011,00010110101,11010001111
10110010100,01011001110,10000100111,01010111011,00111100101,11011110001,10101011101,10111101010,11110000011,01101110010,11100101100
10101011001,11000011110,10011110110,00010111001,11110010100,01100110011,00110001111,00101111100,01111001010,11001101101,01011010101
01011001110,11000101000,01010110001,10001110111,00101101101,10010011101,11110000111,00110111110,11101010100,10111001010,01100011011
10110010100,01011001110,10000100111,01010111011,00111100101,11011110001,10101011101,10111101010,11110000011,01101110010,11100101100
10011101101,01110001111,11100010101,11110100001,10011010011,11101001010,01101011001,10100111011,00111110100,01001100111,11010111010
01001100101,11110010100,01010110011,10011111000,11100001001,00110101100,01101011010,10000111110,11011100010,00011001111,10101110011
11001111001,00101001111,01011010010,10110011010,11111000001,11100010110,10011100010,01111101100,01110100011,00010110101,11010001111
01011001110,11000101000,01010110001,10001110111,00101101101,10010011101,11110000111,00110111110,11101010100,10111001010,01100011011
10110010100,01011001110,10000100111,01010111011,00111100101,11011110001,10101011101,10111101010,11110000011,01101110010,11100101100
11011010111,01111011010,10001011011,00110110110,01101110101,01010111101,10111001101,10011110000,11100011100,01001101110,11110100011
01011010011,00010110111,10011111000,10110010101,11111100110,11000011110,10101110011,11110101011,00111001110,10001001101,01101111101
00010111011,10111111100,10000011101,01011001110,11110110110,01001110100,10011100111,01110101101,00101010111,11101101010,11111010001
01001100101,11110010100,01010110011,10011111000,11100001001,00110101100,01101011010,10000111110,11011100010,00011001111,10101110011
11011010111,01111011010,10001011011,00110110110,01101110101,01010111101,10111001101,10011110000,11100011100,01001101110,11110100011
1010011101,011011011010,011110011011,1101101100001,0110101,11101101001,1011010011111011010,0001110110111,000111000,0110,0110001111
01011010011,10010001110,00111100111,11011101001,10010110101,10001111011,10111010000,00101011101,11100000111,01001110100,01110111010
11001111001,00101001111,0101101001110,10110011010,11111000001,11100010110,10011100010,01111101100,01110100011,00010110101,11010001111
10011101101,01110001111,11100010101,11110100001,10011010011,11101001010,01101011001,10100111011,00111110100,01001100111,11010111010
00010111011,10111111100,10000011101,01011001110,11110110110,01001110100,10011100111,01110101101,00101010111,11101101010,11111010001
00100011101,11000111110,01110110100,10010010111,01011101111,11011011100,11101000110,00111111010,11110011011,11001110001,10110101101
01011010011,10010001110,00111100111,11011101001,10010110101,10001111011,10111010000,00101011101,11100000111,01001110100,01110111010
00100011101,11000111110,01110110100,10010010111,01011101111,11011011100,11101000110,00111111010,11110011011,11001110001,10110101101
00001111001,11001101101,00111100101,00010101110,01100101011,01110011100,10100011111,01001010111,11010110001,11101110010,10011001011
11001101010,01111011001,01010010010,10111000111,10011110000,10110101010,00101111110,11100011100,01111100100,00010101101,11100110011
01011010011,100100011010111100100111,10011110001,1000001,1101000111101111011110,111010010111100,1110100,1,01101111100011010000101010
01011010011,10010001110,00111100111,11011101001,10010110101,10001111011,10111010000,00101011101,11100000111,01001110100,01110111010
10110010100,01011001110,10000100111,01010111011,00111100101,11011110001,10101011101,10111101010,11110000011,01101110010,11100101100
01011010011,00010110111,10011111000,10110010101,11111100110,11000011110,10101110011,11110101011,00111001110,10001001101,01101111101
01011001110,11000101000,01010110001,10001110111,00101101101,10010011101,11110000111,00110111110,11101010100,10111001010,01100011011
11001101010,01111011001,01010010010,10111000111,10011110000,10110101010,00101111110,11100011100,01111100100,00010101101,11100110011
01011010011,00010110111,10011111000,10110010101,11111100110,11000011110,10101110011,11110101011,00111001110,10001001101,01101111101
00100011101,11000111110,01110110100,10010010111,01011101111,11011011100,11101000110,00111111010,11110011011,11001110001,10110101101
00010111011,10111111100,10000011101,01011001110,11110110110,01001110100,10011100111,01110101101,00101010111,11101101010,11111010001
10110010100,01011001110,10000100111,01010111011,00111100101,11011110001,10101011101,10111101010,11110000011,01101110010,11100101100
01001100101,11110010100,01010110011,10011111000,11100001001,00110101100,01101011010,10000111110,11011100010,00011001111,10101110011
01111001101,11001101011,00010111011,11011010111,10101110101,11111110000,11110100111,11000111100,01101110110,10011101110,10100011010
00001111001,11001101101,00111100101,00010101110,01100101011,01110011100,10100011111,01001010111,11010110001,11101110010,10011001011
01001101011,00111101100,01011010101,10011110001,11100001001,00100110111,00111011010,01010111100,11110100010,10010001111,11001010110
00100011101,11000111110,01110110100,10010010111,01011101111,11011011100,11101000110,00111111010,11110011011,11001110001,10110101101
01001101011,00111101100,01011010101,10011110001,11100001001,00100110111,00111011010,01010111100,11110100010,10010001111,11001010110
01001100101,11110010100,01010110011,10011111000,11100001001,00110101100,01101011010,10000111110,11011100010,00011001111,10101110011
11001101010,01111011001,01010010010,10111000111,10011110000,10110101010,00101111110,11100011100,01111100100,00010101101,11100110011
10011101101,01110001111,11100010101,11110100001,10011010011,11101001010,01101011001,10100111011,00111110100,01001100111,11010111010
01011010011,10010001110,00111100111,11011101001,10010110101,10001111011,10111010000,00101011101,11100000111,01001110100,01110111010
01001100101,11110010100,01010110011,10011111000,11100001001,00110101100,01101011010,10000111110,11011100010,00011001111,10101110011
10101011001,11000011110,10011110110,00010111001,11110010100,01100110011,00110001111,00101111100,01111001010,11001101101,01011010101
10110010100,01011001110,10000100111,01010111011,00111100101,11011110001,10101011101,10111101010,11110000011,01101110010,11100101100
11001101010,01111011001,01010010010,10111000111,10011110000,10110101010,00101111110,11100011100,01111100100,00010101101,11100110011
11011010111,01111011010,10001011011,00110110110,01101110101,01010111101,10111001101,10011110000,11100011100,01001101110,11110100011
10101011001,11000011110,10011110110,00010111001,11110010100,01100110011,00110001111,00101111100,01111001010,11001101101,01011010101
00100011101,11000111110,01110110100,10010010111,01011101111,11011011100,11101000110,00111111010,11110011011,11001110001,10110101101
11001101010,01111011001,01010010010,10111000111,10011110000,10110101010,00101111110,11100011100,01111100100,00010101101,11100110011
10010111001,01011001101,11011010011,11111010100,01100110111,11101101001,10001011110,00111111010,11110001010,11011100110,10111000111
01001101011,00111101100,01011010101,10011110001,11100001001,00100110111,00111011010,01010111100,11110100010,10010001111,11001010110
10110010100,01011001110,10000100111,01010111011,00111100101,11011110001,10101011101,10111101010,11110000011,01101110010,11100101100
01001101011,00111101100,01011010101,10011110001,11100001001,00100110111,00111011010,01010111100,11110100010,10010001111,11001010110
01001100101,11110010100,01010110011,10011111000,11100001001,00110101100,01101011010,10000111110,11011100010,00011001111,10101110011
10101011001,11000011110,10011110110,00010111001,11110010100,01100110011,00110001111,00101111100,01111001010,11001101101,01011010101
00001111001,11001101101,00111100101,00010101110,01100101011,01110011100,10100011111,01001010111,11010110001,11101110010,10011001011
01001100101,11110010100,01010110011,10011111000,11100001001,00110000111110,01101011010,10000111110,11011100010,00011001111,10101110011
10101011101,01101101100,01111010110,11011110001,11110001000,10111100011,10011111010,00110111101,01101011011,11100110110,11010001111
01001100101,11110010100,01010110011,10011111000,11100001001,00110101100,01100010100111110110101001110,00,10110,00011001111,10101110011
10010111001,01011001101,11011010011,11111010100,01100110111,11101101001,10001011110,00111111010,11110001010,11011100110,10111000111
01001101011,00111101100,01011010101,10011110001,11100001001,00100110111,00111011010,01010111100,11110100010,10010001111,11001010110
10011101101,01110001111,11100010101,11110100001,10011010011,11101001010,01101011001,10100111011,00111110100,01001100111,11010111010
10011101101,01110001111,11100010101,11110100001,10011010011,11101001010,01101011001,10100111011,00111110100,01001100111,11010111010
10110010100,01011001110,10000100111,01010111011,00111100101,11011110001,10101011101,10111101010,11110000011,01101110010,11100101100
10110010100,01011001110,10000100111,01010111011,00111100101,11011110001,10101011101,10111101010,11110000011,01101110010,11100101100
00100011101,11000111110,01110110100,10010010111,01011101111,11011011100,11101000110,00111111010,11110011011,11001110001,10110101101
11011010111,01111011010,10001011011,00110110110,01101110101,01010111101,10111001101,10011110000,11100011100,01001101110,11110100011
10101011101,01101101100,01111010110,11011110001,11110001000,10111100011,10011111010,00110111101,01101011011,11100110110,11010001111
01001100101,11110010100,01010110011,10011111000,11100001001,00110101100,01101011010,10000111110,11011100010,00011001111,10101110011
10110010100,01011001110,10000100111,01010111011,00111100101,11011110001,10101011101,10111101010,11110000011,01101110010,11100101100
01011010011,00010110111,10011111000,10110010101,11111100110,11000011110,10101110011,11110101011,00111001110,10001001101,01101111101
01111001101,11001101011,00010111011,11011010111,10101110101,11111110000,11110100111,11000111100,01101110110,10011101110,10100011010
00001111001,11001101101,00111100101,00010101110,01100101011,01110011100,10100011111,01001010111,11010110001,11101110010,10011001011
01001101011,00111101100,01011010101,10011110001,11100001001,00100110111,00111011010,01010111100,11110100010,10010001111,11001010110
0111000111100,01011001101,100100101110,111110111,0111001011010,1110110111,111101010100111,100101010,11111010,00111110,11110101101
11011010111,01111011010,10001011011,00110110110,01101110101,01010111101,10111001101,10011110000,11100011100,01001101110,11110100011
01011010011,00010110111,10011111000,10110010101,11111100110,11000011110,10101110011,11110101011,00111001110,10001001101,01101111101
10110010100,01011001110,10000100111,01010111011,00111100101,11011110001,10101011101,10111101010,11110000011,01101110010,11100101100
00100011101,11000111110,01110110100,10010010111,01011101111,11011011100,11101000110,00111111010,11110011011,11001110001,10110101101
01001101011,00111101100,01011010101,10011110001,11100001001,00100110111,00111011010,01010111100,11110100010,10010001111,11001010110
10011101101,01110001111,11100010101,11110100001,10011010011,11101001010,01101011001,10100111011,00111110100,01001100111,11010111010
10011101101,01110001111,11100010101,11110100001,10011010011,11101001010,01101011001,10100111011,00111110100,01001100111,11010111010
10111011001,11000101000,00011100011,11001010111,01011001100,11110010010,10110100101,10010111110,01101110100,10101001110,01100011111
10101011001,11000011110,10011110110,00010111001,11110010100,01100110011,00110001111,00101111100,01111001010,11001101101,01011010101
01001100101,11110010100,01010110011,10011111000,11100001001,00110101100,01101011010,10000111110,11011100010,00011001111,10101110011
11011010111,01111011010,10001011011,00110110110,01101110101,01010111101,10111001101,10011110000,11100011100,01001101110,11110100011
10110010100,01011001110,10000100111,01010111011,00111100101,11011110001,10101011101,10111101010,11110000011,01101110010,11100101100
10101011101,01101101100,01111010110,11011110001,11110001000,10111100011,10011111010,00110111101,01101011011,11100110110,11010001111
10101011101,01101101100,01111010110,11011110001,11110001000,10111100011,10011111010,00110111101,01101011011,11100110110,11010001111
10010111001,01011001101,11011010011,11111010100,01100110111,11101101001,10001011110,00111111010,11110001010,11011100110,10111000111
00100011101,11000111110,01110110100,10010010111,01011101111,11011011100,11101000110,00111111010,11110011011,11001110001,10110101101
01011010011,00010110111,10011111000,10110010101,11111100110,11000011110,10101110011,11110101011,00111001110,10001001101,01101111101
10111011001,11000101000,00011100011,11001010111,01011001100,11110010010,10110100101,10010111110,01101110100,10101001110,01100011111
01001100101,11110010100,01010110011,10011111000,11100001001,00110101100,01101011010,10000111110,11011100010,00011001111,10101110011
10101011101,01101101100,01111010110,11011110001,11110001000,10111100011,10011111010,00110111101,01101011011,11100110110,11010001111
10110010100,01011001110,10000100111,01010111011,00111100101,11011110001,10101011101,10111101010,11110000011,01101110010,11100101100
10110010100,01011001110,10000100111,01010111011,00111100101,11011110001,10101011101,10111101010,11110000011,01101110010,11100101100
11011010111,01111011010,10001011011,00110110110,01101110101,01010111101,10111001101,10011110000,11100011100,01001101110,11110100011
00001111001,11001101101,00111100101,00010101110,01100101011,01110011100,10100011111,01001010111,11010110001,11101110010,10011001011
01001101011,00111101100,01011010101,10011110001,11100001001,00100110111,00111011010,01010111100,11110100010,10010001111,11001010110
10110010100,01011001110,10000100111,01010111011,00111100101,11011110001,10101011101,10111101010,11110000011,01101110010,11100101100
01011010011,00010110111,10011111000,10110010101,11111100110,11000011110,10101110011,11110101011,00111001110,10001001101,01101111101
10110010100,01011001110,10000100111,01010111011,00111100101,11011110001,10101011101,10111101010,11110000011,01101110010,11100101100
10101011101,01101101100,01111010110,11011110001,11110001000,10111100011,10011111010,00110111101,01101011011,11100110110,11010001111
00100011101,11000111110,01110110100,10010010111,01011101111,11011011100,11101000110,00111111010,11110011011,11001110001,10110101101
01001100101,11110010100,01010110011,10011111000,11100001001,00110101100,01101011010,10000111110,11011100010,00011001111,10101110011
10101011001,11000011110,10011110110,00010111001,11110010100,01100110011,00110001111,00101111100,01111001010,11001101101,01011010101
00100011101,11000111110,01110110100,10010010111,01011101111,11011011100,11101000110,00111111010,11110011011,11001110001,10110101101
10110010100,01011001110,10000100111,01010111011,00111100101,11011110001,10101011101,10111101010,11110000011,01101110010,11100101100
01111001101,11001101011,00010111011,11011010111,10101110101,11111110000,11110100111,11000111100,01101110110,10011101110,10100011010
01001101011,00111101100,01011010101,10011110001,11100001001,00100110111,00111011010,01010111100,11110100010,10010001111,11001010110
00100011101,11000111110,01110110100,10010010111,01011101111,11011011100,11101000110,00111111010,11110011011,11001110001,10110101101
01001101011,00111101100,01011010101,10011110001,11100001001,00100110111,00111011010,01010111100,11110100010,10010001111,11001010110
10011101101,01110001111,11100010101,11110100001,10011010011,11101001010,01101011001,10100111011,00111110100,01001100111,11010111010
01011001110,11000101000,01010110001,10001110111,00101101101,10010011101,11110000111,00110111110,11101010100,10111001010,01100011011
00001111001,11001101101,00111100101,00010101110,01100101011,01110011100,10100011111,01001010111,11010110001,11101110010,10011001011
10101011101,01101101100,01111010110,11011110001,11110001000,10111100011,10011111010,00110111101,01101011011,11100110110,11010001111
01011010011,00010110111,10011111000,10110010101,11111100110,11000011110,10101110011,11110101011,00111001110,10001001101,01101111101
10110010100,01011001110,10000100111,01010111011,00111100101,11011110001,10101011101,10111101010,11110000011,01101110010,11100101100
11011010111,01111011010,10001011011,00110110110,01101110101,01010111101,10111001101,10011110000,11100011100,01001101110,11110100011
01011010011,10010001110,00111100111,11011101001,10010110101,10001111011,10111010000,00101011101,11100000111,01001110100,01110111010
10101011101,01101101100,01111010110,11011110001,11110001000,10111100011,10011111010,00110111101,01101011011,11100110110,11010001111
01011010011,00010110111,10011111000,10110010101,11111100110,11000011110,10101110011,11110101011,00111001110,10001001101,01101111101
01011010011,00010110111,10011111000,10110010101,11111100110,11000011110,10101110011,11110101011,00111001110,10001001101,01101111101
01111001101,11001101011,00010111011,11011010111,10101110101,11111110000,11110100111,11000111100,01101110110,10011101110,10100011010
10010111001,01011001101,11011010011,11111010100,01100110111,11101101001,10001011110,00111111010,11110001010,11011100110,10111000111
01011010011,10010001110,00111100111,11011101001,10010110101,10001111011,10111010000,00101011101,11100000111,01001110100,01110111010
00001111001,11001101101,00111100101,00010101110,01100101011,01110011100,10100011111,01001010111,11010110001,11101110010,10011001011
11011010111,01111011010,10001011011,00110110110,01101110101,01010111101,10111001101,10011110000,11100011100,01001101110,11110100011
01011010011,00010110111,10011111000,10110010101,11111100110,11000011110,10101110011,11110101011,00111001110,10001001101,01101111101
11001101010,01111011001,01010010010,10111000111,10011110000,10110101010,00101111110,11100011100,01111100100,00010101101,11100110011
01001101011,00111101100,01011010101,10011110001,11100001001,00100110111,00111011010,01010111100,11110100010,10010001111,11001010110
10111011001,11000101000,00011100011,11001010111,01011001100,11110010010,10110100101,10010111110,01101110100,10101001110,01100011111
10111011001,11000101000,00011100011,11001010111,01011001100,11110010010,10110100101,10010111110,01101110100,10101001110,01100011111
01011010011,10010001110,00111100111,11011101001,10010110101,10001111011,10111010000,00101011101,11100000111,01001110100,01110111010
10010111001,01011001101,11011010011,11111010100,01100110111,11101101001,10001011110,00111111010,11110001010,11011100110,10111000111
10101011101,01101101100,01111010110,11011110001,11110001000,10111100011,10011111010,00110111101,01101011011,11100110110,11010001111
11001101010,01111011001,01010010010,10111000111,10011110000,10110101010,00101111110,11100011100,01111100100,00010101101,11100110011
01011001110,11000101000,01010110001,10001110111,00101101101,10010011101,11110000111001101111000,11101010100,10111001010,01100011011
11001101010,01111011001,01010010010,10111000111,10011110000,10110101010,00101111110,11100011100,01111100100,00010101101,11100110011
00010111011,10111111100,10000011101,01011001110,11110110110,01001110100,10011100111,01110101101,00101010111,11101101010,11111010001
01001101011,00111101100,01011010101,10011110001,11100001001,00100110111,00111011010,01010111100,11110100010,10010001111,11001010110
10111011001,11000101000,00011100011,11001010111,01011001100,11110010010,10110100101,10010111110,01101110100,10101001110,01100011111
10110010100,01011001110,10000100111,01010111011,00111100101,11011110001,10101011101,10111101010,11110000011,01101110010,11100101100
01001101011,00111101100,01011010101,10011110001,11100001001,00100110111,00111011010,01010111100,11110100010,10010001111,11001010110
10011101101,01110001111,11100010101,11110100001,10011010011,11101001010,01101011001,10100111011,00111110100,01001100111,11010111010
01011010011,10010001110,00111100111,11011101001,10010110101,10001111011,10111010000,00101011101,11100000111,01001110100,01110111010
01011001110,11000101000,01010110001,10001110111,00101101101,10010011101,11110000111,00110111110,11101010100,10111001010,01100011011
10011101101,01110001111,11100010101,11110100001,10011010011,11101001010,01101011001,10100111011,00111110100,01001100111,11010111010
01011010011,10010001110,00111100111,11011101001,10010110101,10001111011,10111010000,00101011101,11100000111,01001110100,01110111010
01001101011,00111101100,01011010101,10011110001,11100001001,00100110111,00111011010,01010111100,11110100010,10010001111,11001010110
01011010011,10010001110,00111100111,11011101001,10010110101,10001111011,10111010000,00101011101,11100000111,01001110100,01110111010
01001100101,11110010100,01010110011,10011111000,11100001001,00110101100,01101011010,10000111110,11011100010,00011001111,10101110011
00010111011,10111111100,10000011101,01011001110,11110110110,01001110100,10011100111,01110101101,00101010111,11101101010,11111010001
11011010111,01111011010,10001011011,00110110110,01101110101,01010111101,10111001101,10011110000,11100011100,01001101110,11110100011
10011101101,01110001111,11100010101,11110100001,10011010011,11101001010,01101011001,10100111011,00111110100,01001100111,11010111010
01011001110,11000101000,01010110001,10001110111,00101101101,10010011101,11110000111,00110111110,11101010100,10111001010,01100011011
01001101011,00111101100,01011010101,10011110001,11100001001,00100110111,00111011010,01010111100,11110100010,10010001111,11001010110
00001111001,11001101101,00111100101,00010101110,01100101011,01110011100,10100011111,01001010111,11010110001,11101110010,10011001011
10011101101,01110001111,11100010101,11110100001,10011010011,11101001010,01101011001,10100111011,00111110100,01001100111,11010111010
10010111001,01011001101,11011010011,11111010100,01100110111,11101101001,10001011110,00111111010,11110001010,11011100110,10111000111
01111001101,11001101011,00010111011,11011010111,10101110101,11111110000,11110100111,11000111100,01101110110,10011101110,10100011010
01001101011,00111101100,01011010101,10011110001,11100001001,00100110111,00111011010,01010111100,11110100010,10010001111,11001010110
10110010100,01011001110,10000100111,01010111011,00111100101,11011110001,10101011101,10111101010,11110000011,01101110010,11100101100
1010
01011010011,00010110111,10011111000,10110010101,11111100110,11000011110,10101110011,11110101011,00111001110,10001001101,01101111101
11001101010,01111011001,01010010010,10111000111,10011110000,10110101010,00101111110,11100011100,01111100100,00010101101,11100110011
01011010011,00010110111,10011111000,10110010101,11111100110,11000011110,10101110011,11110101011,00111001110,10001001101,01101111101
01011010011,011100000011,10110001,101101110111,001011011000,101111000111101,101,000,00101011010101110100,1011,0011111101
10011101101,01110001111,11100010101,11110100001,10011010011,11101001010,01101011001,10100111011,00111110100,01001100111,11010111010
10010111001,01011001101,11011010011,11111010100,01100110111,11101101001,10001011110,00111111010,11110001010,11011100110,10111000111
10110010100,01011001110,10000100111,01010111011,00111100101,11011110001,10101011101,10111101010,11110000011,01101110010,11100101100
10010111001,01011001101,11011010011,11111010100,01100110111,11101101001,10001011110,00111111010,11110001010,11011100110,10111000111
10101011101,01101101100,01111010110,11011110001,11110001000,10111100011,10011111010,00110111101,01101011011,11100110110,11010001111
10101011101,01101101100,01111010110,11011110001,11110001000,10111100011,10011111010,00110111101,01101011011,11100110110,11010001111
00100011101,11000111110,01110110100,10010010111,01011101111,11011011100,11101000110,00111111010,11110011011,11001110001,10110101101
01011001110,11000101000,01010110001,10001110111,00101101101,10010011101,11110000111,00110111110,11101010100,10111001010,01100011011
01111001101,11001101011,00010111011,11011010111,10101110101,11111110000,11110100111,11000111100,01101110110,10011101110,10100011010
10111011001,11000101000,00011100011,11001010111,01011001100,11110010010,10110100101,10010111110,01101110100,10101001110,01100011111
01011010011,10010001110,00111100111,11011101001,10010110101,10001111011,10111010000,00101011101,11100000111,01001110100,01110111010
01011010011,00010110111,10011111000,10110010101,11111100110,11000011110,10101110011,11110101011,00111001110,10001001101,01101111101
10011101101,01110001111,11100010101,11110100001,10011010011,11101001010,01101011001,10100111011,00111110100,01001100111,11010111010
00001111001,11001101101,00111100101,00010101110,01100101011,01110011100,10100011111,01001010111,11010110001,11101110010,10011001011
00100011101,11000111110,01110110100,10010010111,01011101111,11011011100,11101000110,00111111010,11110011011,11001110001,10110101101
10110010100,01011001110,10000100111,01010111011,00111100101,11011110001,10101011101,10111101010,11110000011,01101110010,11100101100
00100011101,11000111110,01110110100,10010010111,01011101111,11011011100,11101000110,00111111010,11110011011,11001110001,10110101101
10110010100,01011001110,10000100111,01010111011,00111100101,11011110001,10101011101,10111101010,11110000011,01101110010,11100101100
01111001101,11001101011,00010111011,11011010111,10101110101,11111110000,11110100111,11000111100,01101110110,10011101110,10100011010
01011010011,00010110111,10011111000,10110010101,11111100110,11000011110,10101110011,11110101011,00111001110,10001001101,01101111101
11001111001,00101001111,01011010010,10110011010,11111000001,11100010110,10011100010,01111101100,01110100011,00010110101,11010001111
01001100101,11110010100,01010110011,10011111000,11100001001,00110101100,01101011010,10000111110,11011100010,00011001111,10101110011
10011101101,01110001111,11100010101,11110100001,10011010011,11101001010,01101011001,10100111011,00111110100,01001100111,11010111010
11001111001,00101001111,01011010010,10110011010,11111000001,11100010110,10011100010,01111101100,01110100011,00010110101,11010001111
01011010011,10010001110,00111100111,11011101001,10010110101,10001111011,10111010000,00101011101,11100000111,01001110100,01110111010
11001111001,00101001111,01011010010,10110011010,11111000001,11100010110,10011100010,01111101100,01110100011,00010110101,11010001111
01011010011,00010110111,10011111000,10110010101,11111100110,11000011110,10101110011,11110101011,00111001110,10001001101,01101111101
01011010011,00010110111,10011111000,10110010101,11111100110,11000011110,10101110011,11110101011,00111001110,10001001101,01101111101
11011010111,01111011010,10001011011,00110110110,01101110101,01010111101,10111001101,10011110000,11100011100,01001101110,11110100011
01001100101,11110010100,01010110011,10011111000,11100001001,00110101100,01101011010,10000111110,11011100010,00011001111,10101110011
01011010011,00010110111,10011111000,10110010101,11111100110,11000011110,10101110011,11110101011,00111001110,10001001101,01101111101
00100011101,11000111110,01110110100,10010010111,01011101111,11011011100,11101000110,00111111010,11110011011,11001110001,10110101101
00010111011,10111111100,10000011101,01011001110,11110110110,01001110100,10011100111,01110101101,00101010111,11101101010,11111010001
10010111001,01011001101,11011010011,11111010100,01100110111,11101101001,10001011110,00111111010,11110001010,11011100110,10111000111
01111001101,11001101011,00010111011,11011010111,10101110101,11111110000,11110100111,11000111100,01101110110,10011101110,10100011010
10110010100,01011001110,10000100111,01010111011,00111100101,11011110001,10101011101,10111101010,11110000011,01101110010,11100101100
10010111001,01011001101,11011010011,11111010100,01100110111,11101101001,10001011110,00111111010,11110001010,11011100110,10111000111
01011010011,00010110111,10011111000,10110010101,11111100110,11000011110,10101110011,11110101011,00111001110,10001001101,01101111101
00001111001,11001101101,00111100101,00010101110,01100101011,01110011100,10100011111,01001010111,11010110001,11101110010,10011001011
11001101010,01111011001,01010010010,10111000111,10011110000,10110101010,00101111110,11100011100,01111100100,00010101101,11100110011
01001101011,00111101100,01011010101,10011110001,11100001001,00100110111,00111011010,01010111100,11110100010,10010001111,11001010110
01111001101,11001101011,00010111011,11011010111,10101110101,11111110000,11110100111,11000111100,01101110110,10011101110,10100011010
00100011101,11000111110,01110110100,10010010111,01011101111,11011011100,11101000110,00111111010,11110011011,11001110001,10110101101
00001111001,11001101101,00111100101,00010101110,01100101011,01110011100,10100011111,01001010111,11010110001,11101110010,10011001011
01011010011,00010110111,10011111000,10110010101,11111100110,11000011110,10101110011,11110101011,00111001110,10001001101,01101111101
01011010011,10010001110,00111100111,11011101001,10010110101,10001111011,10111010000,00101011101,11100000111,01001110100,01110111010
10101011101,01101101100,01111010110,11011110001,11110001000,10111100011,10011111010,00110111101,01101011011,11100110110,11010001111
01011010011,00010110111,10011111000,10110010101,11111100110,11000011110,10101110011,11110101011,00111001110,10001001101,01101111101
01111001101,11001101011,00010111011,11011010111,10101110101,11111110000,11110100111,11000111100,01101110110,10011101110,10100011010
01001100101,11110010100,01010110011,10011111000,11100001001,00110101100,01101011010,10000111110,11011100010,00011001111,10101110011
10110010100,01011001110,10000100111,01010111011,00111100101,11011110001,10101011101,10111101010,11110000011,01101110010,11100101100
01111001101,11001101011,00010111011,11011010111,10101110101,11111110000,11110100111,11000111100,01101110110,10011101110,10100011010
01011010011,00010110111,10011111000,10110010101,11111100110,11000011110,10101110011,11110101011,00111001110,10001001101,01101111101
01011010011,00010110111,10011111000,10110010101,11111100110,11000011110,10101110011,11110101011,00111001110,10001001101,01101111101
01001100101,11110010100,01010110011,10011111000,11100001001,00110101100,01101011010,10000111110,11011100010,00011001111,10101110011
01011010011,10010001110,00111100111,11011101001,10010110101,10001111011,10111010000,00101011101,11100000111,01001110100,01110111010
11001101010,01111011001,01010010010,10111000111,10011110000,10110101010,00101111110,11100011100,01111100100,00010101101,11100110011
10010111001,01011001101,11011010011,11111010100,01100110111,11101101001,10001011110,00111111010,11110001010,11011100110,10111000111
10110010100,01011001110,10000100111,01010111011,00111100101,11011110001,10101011101,10111101010,11110000011,01101110010,11100101100
01001100101,11110010100,01010110011,10011111000,11100001001,00110101100,01101011010,10000111110,11011100010,00011001111,10101110011
11001101010,01111011001,01010010010,10111000111,10011110000,10110101010,00101111110,11100011100,01111100100,00010101101,11100110011
11001101010,01111011001,01010010010,10111000111,10011110000,10110101010,00101111110,11100011100,01111100100,00010101101,11100110011
10010111001,01011001101,11011010011,11111010100,01100110111,11101101001,10001011110,00111111010,11110001010,11011100110,10111000111
00010111011,10111111100,10000011101,01011001110,11110110110,01001110100,10011100111,01110101101,00101010111,11101101010,11111010001
01001100101,11110010100,01010110011,10011111000,11100001001,00110101100,01101011010,10000111110,11011100010,00011001111,10101110011
00100011101,11000111110,01110110100,10010010111,01011101111,11011011100,11101000110,00111111010,11110011011,11001110001,10110101101
10101011001,11000011110,10011110110,00010111001,11110010100,01100110011,00110001111,00101111100,01111001010,11001101101,01011010101
10101011001,11000011110,10011110110,00010111001,11110010100,01100110011,00110001111,00101111100,01111001010,11001101101,01011010101
10010111001,01011001101,11011010011,11111010100,01100110111,11101101001,10001011110,00111111010,11110001010,11011100110,10111000111
011001011101,10010001110,01111010100,11011111011010,11,11001100,11,110011,10001111,110110011011,11100011,110110101,11110101101
01111001101,11001101011,00010111011,11011010111,10101110101,11111110000,11110100111,11000111100,01101110110,10011101110,10100011010
10010111001,01011001101,11011010011,11111010100,01100110111,11101101001,10001011110,00111111010,11110001010,11011100110,10111000111
01011010011,10010001110,00111100111,11011101001,10010110101,10001111011,10111010000,00101011101,11100000111,01001110100,01110111010
10110010100,01011001110,10000100111,01010111011,00111100101,11011110001,10101011101,10111101010,11110000011,01101110010,11100101100
10101011101,01101101100,01111010110,11011110001,11110001000,10111100011,10011111010,00110111101,01101011011,11100110110,11010001111
00001111001,11001101101,00111100101,00010101110,01100101011,01110011100,10100011111,01001010111,11010110001,11101110010,10011001011
01011001110,11000101000,01010110001,10001110111,00101101101,10010011101,11110000111,00110111110,11101010100,10111001010,01100011011
10111011001,11000101000,00011100011,11001010111,01011001100,11110010010,10110100101,10010111110,01101110100,10101001110,01100011111
01011010011,10010001110,00111100111,11011101001,10010110101,10001111011,10111010000,00101011101,11100000111,01001110100,01110111010
01011010011,10010001110,00111100111,11011101001,10010110101,10001111011,10111010000,00101011101,11100000111,01001110100,01110111010
01011010011,10010001110,00111100111,11011101001,10010110101,10001111011,10111010000,00101011101,11100000111,01001110100,01110111010
10111011001,11000101000,00011100011,11001010111,01011001100,11110010010,10110100101,10010111110,01101110100,10101001110,01100011111
10110010100,01011001110,10000100111,01010111011,00111100101,11011110001,10101011101,10111101010,11110000011,01101110010,11100101100
11001101010,01111011001,01010010010,10111000111,10011110000,10110101010,00101111110,11100011100,01111100100,00010101101,11100110011
01111001101,11001101011,00010111011,11011010111,10101110101,11111110000,11110100111,11000111100,01101110110,10011101110,10100011010
00001111001,11001101101,00111100101,00010101110,01100101011,01110011100,10100011111,01001010111,11010110001,11101110010,10011001011
01001101011,00111101100,01011010101,10011110001,11100001001,00100110111,00111011010,01010111100,11110100010,10010001111,11001010110
10111011001,11000101000,00011100011,11001010111,01011001100,11110010010,10110100101,10010111110,01101110100,10101001110,01100011111
00010111011,10111111100,10000011101,01011001110,11110110110,01001110100,10011100111,01110101101,0010,111,11101101010,11111010001
10110010100,01011001110,10000100111,01010111011,00111100101,11011110001,10101011101,10111101010,11110000011,01101110010,11100101100
10011101101,01110001111,11100010101,11110100001,10011010011,11101001010,01101011001,10100111011,00111110100,01001100111,11010111010
00010111011,10111111100,10000011101,01011001110,11110110110,01001110100,10011100111,01110101101,00101010111,11101101010,11111010001
11011010111,01111011010,10001011011,00110110110,01101110101,01010111101,10111001101,10011110000,11100011100,01001101110,11110100011
10011101101,01110001111,11100010101,11110100001,10011010011,11101001010,01101011001,10100111011,00111110100,01001100111,11010111010
10101011001,11000011110,10011110110,00010111001,11110010100,01100110011,00110001111,00101111100,01111001010,11001101101,01011010101
01011010011,00010110111,10011111000,10110010101,11111100110,11000011110,10101110011,11110101011,00111001110,10001001101,01101111101
01001101011,00111101100,01011010101,10011110001,11100001001,00100110111,00111011010,01010111100,11110100010,10010001111,11001010110
00001111001,11001101101,00111100101,00010101110,01100101011,01110011100,10100011111,01001010111,11010110001,11101110010,10011001011
01011010011,10010001110,00111100111,11011101001,10010110101,10001111011,10111010000,00101011101,11100000111,01001110100,01110111010
00010111011,10111111100,10000011101,01011001110,11110110110,01001110100,10011100111,01110101101,00101010111,11101101010,11111010001
10010111001,01011001101,11011010011,11111010100,01100110111,11101101001,10001011110,00111111010,11110001010,11011100110,10111000111
10110010100,01011001110,10000100111,01010111011,00111100101,11011110001,10101011101,10111101010,11110000011,01101110010,11100101100
01001100101,11110010100,01010110011,10011111000,11100001001,00110101100,01101011010,10000111110,11011100010,00011001111,10101110011
01001100101,11110010100,01010110011,10011111000,11100001001,00110101100,01101011010,10000111110,11011100010,00011001111,10101110011
11011010111,01111011010,10001011011,00110110110,01101110101,01010111101,10111001101,10011110000,11100011100,01001101110,11110100011
11011010111,01111011010,10001011011,00110110110,01101110101,01010111101,10111001101,10011110000,11100011100,01001101110,11110100011
10101011101,01101101100,01111010110,11011110001,11110001000,10111100011,10011111010,00110111101,01101011011,11100110110,11010001111
10101011001,11000011110,10011110110,00010111001,11110010100,01100110011,00110001111,00101111100,01111001010,11001101101,01011010101
00010111011,10111111100,10000011101,01011001110,11110110110,01001110100,10011100111,01110101101,00101010111,11101101010,11111010001
11011010111,01111011010,10001011011,00110110110,01101110101,01010111101,10111001101,10011110000,11100011100,01001101110,11110100011
10111011001,11000101000,00011100011,11001010111,01011001100,11110010010,10110100101,10010111110,01101110100,10101001110,01100011111
11011010111,01111011010,10001011011,00110110110,01101110101,01010111101,10111001101,10011110000,11100011100,01001101110,11110100011
01001101011,00111101100,01011010101,10011110001,11100001001,00100110111,00111011010,01010111100,11110100010,10010001111,11001010110
01111001101,11001101011,00010111011,11011010111,10101110101,11111110000,11110100111,11000111100,01101110110,10011101110,10100011010
01011010011,00010110111,10011111000,10110010101,11111100110,11000011110,10101110011,11110101011,00111001110,10001001101,01101111101
00010111011,10111111100,10000011101,01011001110,11110110110,01001110100,10011100111,01110101101,00101010111,11101101010,11111010001
00010111011,10111111100,10000011101,01011001110,11110110110,01001110100,10011100111,01110101101,00101010111,11101101010,11111010001
01001101011,00111101100,01011010101,10011110001,11100001001,00100110111,00111011010,01010111100,11110100010,10010001111,11001010110
00010111011,10111111100,10000011101,01011001110,11110110110,01001110100,10011100111,01110101101,00101010111,11101101010,11111010001
01011001110,11000101000,01010110001,10001110111,00101101101,10010011101,11110000111,00110111110,11101010100,10111001010,01100011011
01011010011,00010110111,10011111000,10110010101,11111100110,11000011110,10101110011,11110101011,00111001110,10001001101,01101111101
10011101101,01110001111,11100010101,11110100001,10011010011,11101001010,01101011001,10100111011,00111110100,01001100111,11010111010
10101011001,11000011110,10011110110,00010111001,11110010100,01100110011,00110001111,00101111100,01111001010,11001101101,01011010101
10010111001,01011001101,11011010011,11111010100,01100110111,11101101001,10001011110,00111111010,11110001010,11011100110,10111000111
00001111001,11001101101,00111100101,00010101110,01100101011,01110011100,10100011111,01001010111,11010110001,11101110010,10011001011
01111001101,11001101011,00010111011,11011010111,10101110101,11111110000,11110100111,11000111100,01101110110,10011101110,10100011010
10110010100,01011001110,10000100111,01010111011,00111100101,11011110001,10101011101,10111101010,11110000011,01101110010,11100101100
10111011001,11000101000,00011100011,11001010111,01011001100,11110010010,10110100101,10010111110,01101110100,10101001110,01100011111
01011010011,10010001110,00111100111,11011101001,10010110101,10001111011,10111010000,00101011101,11100000111,01001110100,01110111010
00100011101,11000111110,01110110100,10010010111,01011101111,11011011100,11101000110,00111111010,11110011011,11001110001,10110101101
01011010011,10010001110,00111100111,11011101001,10010110101,10001111011,10111010000,00101011101,11100000111,01001110100,01110111010
00100011101,11000111110,011101100011,10010010111,01011101111,11011011100,11101000110,00111111010,11110011011,11001110001,10110101101
01001101011,00111101100,01011010101,10011110001,11100001001,00100110111,00111011010,01010111100,11110100010,10010001111,11001010110
01011010011,10010001110,00111100111,11011101001,10010110101,10001111011,10111010000,00101011101,11100000111,01001110100,01110111010
00001111001,11001101101,00111100101,00010101110,01100101011,01110011100,10100011111,01001010111,11010110001,11101110010,10011001011
11001111001,00101001111,01011010010,10110011010,11111000001,11100010110,10011100010,01111101100,01110100011,00010110101,11010001111
11001101010,01111011001,01010010010,10111000111,10011110000,10110101010,00101111110,11100011100,01111100100,00010101101,11100110011
10110010100,01011001110,10000100111,01010111011,00111100101,11011110001,10101011101,10111101010,11110000011,01101110010,11100101100
10010111001,01011001101,11011010011,11111010100,01100110111,11101101001,10001011110,00111111010,11110001010,11011100110,10111000111
10010111001,01011001101,11011010011,11111010100,01100110111,11101101001,10001011110,00111111010,11110001010,11011100110,10111000111
10101011101,01101101100,01111010110,11011110001,11110001000,10111100011,10011111010,00110111101,01101011011,11100110110,11010001111
01001100101,11110010100,01010110011,10011111000,11100001001,00110101100,01101011010,10000111110,11011100010,00011001111,10101110011
00100011101,11000111110,01110110100,10010010111,01011101111,11011011100,11101000110,00111111010,11110011011,11001110001,10110101101
01011010011,00010110111,10011111000,10110010101,11111100110,11000011110,10101110011,11110101011,00111001110,10001001101,01101111101
10011101101,01110001111,11100010101,11110100001,10011010011,11101001010,01101011001,10100111011,00111110100,01001100111,11010111010
11001111001,00101001111,01011010010,10110011010,11111000001,11100010110,10011100010,01111101100,01110100011,00010110101,11010001111
10010111001,01011001101,11011010011,11111010100,01100110111,11101101001,10001011110,00111111010,11110001010,11011100110,10111000111
11011010111,01111011010,10001011011,00110110110,01101110101,01010111101,10111001101,10011110000,11100011100,01001101110,11110100011
01011001110,11000101000,01010110001,10001110111,00101101101,10010011101,11110000111,00110111110,11101010100,10111001010,01100011011
10011101101,01110001111,11100010101,11110100001,10011010011,11101001010,01101011001,10100111011,00111110100,01001100111,11010111010
01001100101,11110010100,01010110011,10011111000,11100001001,00110101100,01101011010,10000111110,11011100010,00011001111,10101110011
01001101011,00111101100,01011010101,10011110001,11100001001,00100110111,00111011010,01010111100,11110100010,10010001111,11001010110
01011010011,10010001110,00111100111,11011101001,10010110101,10001111011,10111010000,00101011101,11100000111,01001110100,01110111010
10101011101,01101101100,01111010110,11011110001,11110001000,10111100011,10011111010,00110111101,01101011011,11100110110,11010001111
01001100101,11110010100,01010110011,10011111000,11100001001,00110101100,01101011010,10000111110,11011100010,00011001111,10101110011
10101011001,11000011110,10011110110,00010111001,11110010100,01100110011,00110001111,00101111100,01111001010,11001101101,01011010101
10110010100,01011001110,10000100111,01010111011,00111100101,11011110001,10101011101,10111101010,11110000011,01101110010,11100101100
10101011001,11000011110,10011110110,00010111001,11110010100,01100110011,00110001111,00101111100,01111001010,11001101101,01011010101
10011101101,01110001111,11100010101,11110100001,10011010011,11101001010,01101011001,10100111011,00111110100,01001100111,11010111010
10010111001,01011001101,11011010011,11111010100,01100110111,11101101001,10001011110,00111111010,11110001010,11011100110,10111000111
11001111001,00101001111,01011010010,10110011010,11111000001,11100010110,10011100010,01111101100,01110100011,00010110101,11010001111
10010111001,01011001101,11011010011,11111010100,01100110111,11101101001,10001011110,00111111010,11110001010,11011100110,10111000111
01001101011,00111101100,01011010101,10011110001,11100001001,00100110111,00111011010,01010111100,11110100010,10010001111,11001010110
10101011001,11000011110,10011110110,00010111001,11110010100,01100110011,00110001111,00101111100,01111001010,11001101101,01011010101
00001111001,11001101101,00111100101,00010101110,01100101011,01110011100,10100011111,01001010111,11010110001,11101110010,10011001011
00100011101,11000111110,01110110100,10010010111,01011101111,11011011100,11101000110,00111111010,11110011011,11001110001,10110101101
01001101011,00111101100,01011010101,10011110001,11100001001,00100110111,00111011010,01010111100,11110100010,101010010,11010011010
01001101011,00111101100,01011010101,10011110001,11100001001,00100110111,00111011010,01010111100,11110100010,10010001111,11001010110
10111011001,11000101000,00011100011,11001010111,01011001100,11110010010,10110100101,10010111110,01101110100,10101001110,01100011111
10110010100,01011001110,10000100111,01010111011,00111100101,11011110001,10101011101,10111101010,11110000011,01101110010,11100101100
01011010011,10010001110,00111100111,11011101001,10010110101,10001111011,10111010000,00101011101,11100000111,01001110100,01110111010
00100011101,11000111110,01110110100,10010010111,01011101111,11011011100,11101000110,00111111010,11110011011,11001110001,10110101101
11001101010,01111011001,01010010010,10111000111,10011110000,10110101010,00101111110,11100011100,01111100100,00010101101,11100110011
10101011101,01101101100,01111010110,11011110001,11110001000,10111100011,10011111010,00110111101,01101011011,11100110110,11010001111
10011101101,01110001111,11100010101,11110100001,10011010011,11101001010,01101011001,10100111011,00111110100,01001100111,11010111010
10101011001,11000011110,10011110110,00010111001,11110010100,01100110011,00110001111,00101111100,01111001010,11001101101,01011010101
01011010011,00010110111,10011111000,10110010101,11111100110,11000011110,10101110011,11110101011,00111001110,10001001101,01101111101
11001111001,00101001111,01011010010,10110011010,11111000001,11100010110,10011100010,01111101100,01110100011,00010110101,11010001111
11001101010,01111011001,01010010010,10111000111,10011110000,10110101010,00101111110,11100011100,01111100100,00010101101,11100110011
01011010011,00010110111,10011111000,10110010101,11111100110,11000011110,10101110011,11110101011,00111001110,10001001101,01101111101
00100011101,11000111110,01110110100,10010010111,01011101111,11011011100,11101000110,00111111010,11110011011,11001110001,10110101101
01001100101,11110010100,01010110011,10011111000,11100001001,00110101100,01101011010,10000111110,11011100010,00011001111,10101110011
01001101011,00111101100,01011010101,10011110001,11100001001,00100110111,00111011010,01010111100,11110100010,10010001111,11001010110
01001100101,11110010100,01010110011,10011111000,11100001001,00110101100,01101011010,10000111110,11011100010,00011001111,10101110011
11001101010,01111011001,01010010010,10111000111,10011110000,10110101010,00101111110,11100011100,01111100100,00010101101,11100110011
10101011001,11000011110,10011110110,00010111001,11110010100,01100110011,00110001111,00101111100,01111001010,11001101101,01011010101
10011101101,01110001111,11100010101,11110100001,10011010011,11101001010,01101011001,10100111011,00111110100,01001100111,11010111010
11001101010,01111011001,01010010010,10111000111,10011110000,10110101010,00101111110,11100011100,01111100100,00010101101,11100110011
01011001110,11000101000,01010110001,10001110111,00101101101,10010011101,11110000111,00110111110,11101010100,10111001010,01100011011
01111001101,11001101011,00010111011,11011010111,10101110101,11111110000,11110100111,11000111100,01101110110,10011101110,10100011010
01011010011,10010001110,00111100111,11011101001,10010110101,10001111011,10111010000,00101011101,11100000111,01001110100,01110111010
01001101011,00111101100,01011010101,10011110001,11100001001,00100110111,00111011010,01010111100,11110100010,10010001111,11001010110
11001101010,01111011001,01010010010,10111000111,10011110000,10110101010,00101111110,11100011100,01111100100,00010101101,11100110011
00010111011,10111111100,10000011101,01011001110,11110110110,01001110100,10011100111,01110101101,00101010111,11101101010,11111010001
11001101010,01111011001,01010010010,10111000111,10011110000,10110101010,00101111110,11100011100,01111100100,00010101101,11100110011
01011010011,10010001110,00111100111,11011101001,10010110101,10001111011,10111010000,00101011101,11100000111,01001110100,01110111010
11001101010,01111011001,01010010010,10111000111,10011110000,10110101010,00101111110,11100011100,01111100100,00010101101,11100110011
01011010011,00010110111,10011111000,10110010101,11111100110,11000011110,10101110011,11110101011,00111001110,10001001101,01101111101
01001100101,11110010100,01010110011,10011111000,11100001001,00110101100,01101011010,10000111110,11011100010,00011001111,10101110011
01011010011,10010001110,00111100111,11011101001,10010110101,10001111011,10111010000,00101011101,11100000111,01001110100,01110111010
00100011101,11000111110,01110110100,10010010111,01011101111,11011011100,11101000110,00111111010,11110011011,11001110001,10110101101
01011010011,00010110111,10011111000,10110010101,11111100110,11000011110,10101110011,11110101011,00111001110,10001001101,01101111101
10011101101,01110001111,11100010101,11110100001,10011010011,11101001010,01101011001,10100111011,00111110100,01001100111,11010111010
01011010011,00010110111,10011111000,10110010101,11111100110,11000011110,10101110011,11110101011,00111001110,10001001101,01101111101
10101011001,11000011110,10011110110,00010111001,11110010100,01100110011,00110001111,00101111100,01111001010,11001101101,01011010101
01001101011,00111101100,01011010101,10011110001,11100001001,00100110111,00111011010,01010111100,11110100010,10010001111,11001010110
11001101010,01111011001,01010010010,10111000111,10011110000,10110101010,00101111110,11100011100,01111100100,00010101101,11100110011
10101011001,11000011110,10011110110,00010111001,11110010100,01100110011,00110001111,00101111100,01111001010,11001101101,01011010101
00001111001,11001101101,00111100101,00010101110,01100101011,01110011100,10100011111,01001010111,11010110001,11101110010,10011001011
01111001101,11001101011,00010111011,11011010111,10101110101,11111110000,11110100111,11000111100,01101110110,10011101110,10100011010
01011010011,00010110111,10011111000,10110010101,11111100110,11000011110,10101110011,11110101011,00111001110,10001001101,01101111101
11011010111,01111011010,10001011011,00110110110,01101110101,01010111101,10111001101,10011110000,11100011100,01001101110,11110100011
00001111001,11001101101,00111100101,00010101110,01100101011,01110011100,10100011111,01001010111,11010110001,11101110010,10011001011
11001111001,00101001111,01011010010,10110011010,11111000001,11100010110,10011100010,01111101100,01110100011,00010110101,11010001111
10011101101,01110001111,11100010101,11110100001,10011010011,11101001010,01101011001,10100111011,00111110100,01001100111,11010111010
01011010011,00010110111,10011111000,10110010101,11111100110,11000011110,10101110011,11110101011,00111001110,10001001101,01101111101
00001111001,11001101101,00111100101,00010101110,01100101011,01110011100,10100011111,01001010111,11010110001,11101110010,10011001011
10101011001,11000011110,10011110110,00010111001,11110010100,01100110011,00110001111,00101111100,01111001010,11001101101,01011010101
01001100101,11110010100,01010110011,10011111000,11100001001,00110101100,01101011010,10000111110,11011100010,00011001111,10101110011
01001101011,00111101100,01011010101,10011110001,11100001001,00100110111,00111011010,01010111100,11110100010,10010001111,11001010110
10010111001,01011001101,11011010011,11111010100,01100110111,11101101001,10001011110,00111111010,11110001010,11011100110,10111000111
01011010011,00010110111,10011111000,10110010101,11111100110,11000011110,10101110011,11110101011,00111001110,10001001101,01101111101
11001111001,00101001111,01011010010,10110011010,11111000001,11100010110,10011100010,01111101100,01110100011,00010110101,11010001111
00100011101,11000111110,01110110100,10010010111,01011101111,11011011100,11101000110,00111111010,11110011011,11001110001,10110101101
00100011101,11000111110,01110110100,10010010111,01011101111,11011011100,11101000110,00111111010,11110011011,11001110001,10110101101
01011010011,10010001110,00111100111,11011101001,10010110101,10001111011,10111010000,00101011101,11100000111,01001110100,01110111010
10101011001,11000011110,10011110110,00010111001,11110010100,01100110011,00110001111,00101111100,01111001010,11001101101,01011010101
01011010011,10010001110,00111100111,11011101001,10010110101,10001111011,10111010000,00101011101,11100000111,01001110100,01110111010
00001111001,11001101101,00111100101,00010101110,01100101011,01110011100,10100011111,01001010111,11010110001,11101110010,10011001011
10011101101,01110001111,11100010101,11110100001,10011010011,11101001010,01101011001,10100111011,00111110100,01001100111,11010111010
10101011101,01101101100,01111010110,11011110001,11110001000,10111100011,10011111010,00110111101,01101011011,11100110110,11010001111
01011010011,00010110111,10011111000,10110010101,11111100110,11000011110,10101110011,11110101011,00111001110,10001001101,01101111101
00010111011,10111111100,10000011101,01011001110,11110110110,01001110100,10011100111,01110101101,00101010111,11101101010,11111010001
00010111011,10111111100,10000011101,01011001110,11110110110,01001110100,10011100111,01110101101,00101010111,11101101010,11111010001
01011001110,11000101000,01010110001,10001110111,00101101101,10010011101,11110000111,00110111110,11101010100,10111001010,01100011011
01011010011,00010110111,10011111000,10110010101,11111100110,11000011110,10101110011,11110101011,00111001110,10001001101,01101111101
11001111001,00101001111,01011010010,10110011010,11111000001,11100010110,10011100010,01111101100,01110100011,00010110101,11010001111
10010111001,01011001101,11011010011,11111010100,01100110111,11101101001,10001011110,00111111010,11110001010,11011100110,10111000111
01001100101,11110010100,01010110011,10011111000,11100001001,00110101100,01101011010,10000111110,11011100010,00011001111,10101110011
10111011001,11000101000,00011100011,11001010111,01011001100,11110010010,10110100101,10010111110,01101110100,10101001110,01100011111
01011010011,00010110111,10011111000,10110010101,11111100110,11000011110,10101110011,11110101011,00111001110,10001001101,01101111101
01011001110,11000101000,01010110001,10001110111,00101101101,10010011101,11110000111,00110111110,11101010100,10111001010,01100011011
00100011101,11000111110,01110110100,10010010111,01011101111,11011011100,11101000110,00111111010,11110011011,11001110001,10110101101
10111011001,11000101000,00011100011,11001010111,01011001100,11110010010,10110100101,10010111110,01101110100,10101001110,01100011111
10110010100,01011001110,10000100111,01010111011,00111100101,11011110001,10101011101,10111101010,11110000011,01101110010,11100101100
01011010011,00010110111,10011111000,10110010101,11111100110,11000011110,10101110011,11110101011,00111001110,10001001101,01101111101
01001100101,11110010100,01010110011,10011111000,11100001001,00110101100,01101011010,10000111110,11011100010,00011001111,10101110011
00001111001,11001101101,00111100101,00010101110,01100101011,01110011100,10100011111,01001010111,11010110001,11101110010,10011001011
11001101010,01111011001,01010010010,10111000111,10011110000,10110101010,00101111110,11100011100,01111100100,00010101101,11100110011
11001111001,00101001111,01011010010,10110011010,11111000001,11100010110,10011100010,01111101100,01110100011,00010110101,11010001111
00100011101,11000111110,01110110100,10010010111,01011101111,11011011100,11101000110,00111111010,11110011011,11001110001,10110101101
01001100101,11110010100,01010110011,10011111000,11100001001,00110101100,01101011010,10000111110,11011100010,00011001111,10101110011
10110010100,01011001110,10000100111,01010111011,00111100101,11011110001,10101011101,10111101010,11110000011,01101110010,11100101100
01001101011,00111101100,01011010101,10011110001,11100001001,00100110111,00111011010,01010111100,11110100010,10010001111,11001010110
01011001110,11000101000,01010110001,10001110111,00101101101,10010011101,11110000111,00110111110,11101010100,10111001010,01100011011
00100011101,11000111110,01110110100,10010010111,01011101111,11011011100,11101000110,00111111010,11110011011,11001110001,10110101101
01011010011,00010110111,10011111000,10110010101,11111100110,11000011110,10101110011,11110101011,00111001110,10001001101,01101111101
00010111011,10111111100,10000011101,01011001110,11110110110,01001110100,10011100111,01110101101,00101010111,11101101010,11111010001
01011010011,10010001110,00111100111,11011101001,10010110101,10001111011,10111010000,00101011101,11100000111,01001110100,01110111010
01111001101,11001101011,00010111011,11011010111,10101110101,11111110000,11110100111,11000111100,01101110110,10011101110,10100011010
10011101101,01110001111,11100010101,11110100001,10011010011,11101001010,01101011001,10100111011,00111110100,01001100111,11010111010
10101011101,01101101100,01111010110,11011110001,11110001000,10111100011,10011111010,00110111101,01101011011,11100110110,11010001111
01011010011,00010110111,10011111000,10110010101,11111100110,11000011110,10101110011,11110101011,00111001110,10001001101,01101111101
10101011101,01101101100,01111010110,11011110001,11110001000,10111100011,10011111010,00110111101,01101011011,11100110110,11010001111
11001101010,01111011001,01010010010,10111000111,10011110000,10110101010,00101111110,11100011100,01111100100,00010101101,11100110011
10101011001,11000011110,10011110110,00010111001,11110010100,01100110011,00110001111,00101111100,01111001010,11001101101,01011010101
01001101011,00111101100,01011010101,10011110001,11100001001,00100110111,00111011010,01010111100,11110100010,10010001111,11001010110
10101011101,01101101100,01111010110,11011110001,11110001000,10111100011,10011111010,00110111101,01101011011,11100110110,11010001111
01011001110,11000101000,01010110001,10001110111,00101101101,10010011101,11110000111,00110111110,11101010100,10111001010,01100011011
10101011001,11000011110,10011110110,00010111001,11110010100,01100110011,00110001111,00101111100,01111001010,11001101101,01011010101
00010111011,10111111100,10000011101,01011001110,11110110110,01001110100,10011100111,01110101101,00101010111,11101101010,11111010001
10010111001,01011001101,11011010011,11111010100,01100110111,11101101001,10001011110,00111111010,11110001010,11011100110,10111000111
01011010011,00010110111,10011111000,10110010101,11111100110,11000011110,10101110011,11110101011,00111001110,10001001101,01101111101
10101011101,01101101100,01111010110,11011110001,11110001000,10111100011,10011111010,00110111101,01101011011,11100110110,11010001111
01001101011,00111101100,01011010101,10011110001,11100001001,00100110111,00111011010,01010111100,11110100010,10010001111,11001010110
01011001110,11000101000,01010110001,10001110111,00101101101,10010011101,11110000111,00110111110,11101010100,10111001010,01100011011
10011101101,01110001111,11100010101,11110100001,10011010011,11101001010,01101011001,10100111011,00111110100,01001100111,11010111010
00100011101,11000111110,01110110100,10010010111,01011101111,11011011100,11101000110,00111111010,11110011011,11001110001,10110101101
10011101101,01110001111,11100010101,11110100001,10011010011,11101001010,01101011001,10100111011,00111110100,01001100111,11010111010
01011010011,10010001110,00111100111,11011101001,10010110101,10001111011,10111010000,00101011101,11100000111,01001110100,01110111010
01001100101,11110010100,01010110011,10011111000,11100001001,00110101100,01101011010,10000111110,11011100010,00011001111,10101110011
10110010100,01011001110,10000100111,01010111011,00111100101,11011110001,10101011101,10111101010,11110000011,01101110010,11100101100
10010111001,01011001101,11011010011,11111010100,01100110111,11101101001,10001011110,00111111010,11110001010,11011100110,10111000111
00100011101,11000111110,01110110100,10010010111,01011101111,11011011100,11101000110,00111111010,11110011011,11001110001,10110101101
01001100101,11110010100,01010110011,10011111000,11100001001,00110101100,01101011010,10000111110,11011100010,00011001111,10101110011
00010111011,10111111100,10000011101,01011001110,11110110110,01001110100,10011100111,01110101101,00101010111,11101101010,11111010001
01001100101,11110010100,01010110011,10011111000,11100001001,00110101100,01101011010,10000111110,11011100010,00011001111,10101110011
01011010011,10010001110,00111100111,11011101001,10010110101,10001111011,10111010000,00101011101,11100000111,01001110100,01110111010
10110010100,01011001110,10000100111,01010111011,00111100101,11011110001,10101011101,10111101010,11110000011,01101110010,11100101100
01011010011,00010110111,10011111000,10110010101,11111100110,11000011110,10101110011,11110101011,00111001110,10001001101,01101111101
11011010111,01111011010,10001011011,00110110110,01101110101,01010111101,10111001101,10011110000,11100011100,01001101110,11110100011
01001100101,11110010100,01010110011,10011111000,11100001001,00110101100,01101011010,10000111110,11011100010,00011001111,10101110011
01111001101,11001101011,00010111011,11011010111,10101110101,11111110000,11110100111,11000111100,01101110110,10011101110,10100011010
00001111001,11001101101,00111100101,00010101110,01100101011,01110011100,10100011111,01001010111,11010110001,11101110010,10011001011
00010111011,10111111100,10000011101,01011001110,11110110110,01001110100,10011100111,01110101101,00101010111,11101101010,11111010001
00010111011,10111111100,10000011101,01011001110,11110110110,01001110100,10011100111,01110101101,00101010111,11101101010,11111010001
10010111001,01011001101,11011010011,11111010100,01100110111,11101101001,10001011110,00111111010,11110001010,11011100110,10111000111
01011010011,10010001110,00111100111,11011101001,10010110101,10001111011,10111010000,00101011101,11100000111,01001110100,01110111010
10110010100,01011001110,10000100111,01010111011,00111100101,11011110001,10101011101,10111101010,11110000011,01101110010,11100101100
10111011001,11000101000,00011100011,11001010111,01011001100,11110010010,10110100101,10010111110,01101110100,10101001110,01100011111
01001100101,11110010100,01010110011,10011111000,11100001001,00110101100,01101011010,10000111110,11011100010,00011001111,10101110011
10110010100,01011001110,10000100111,01010111011,00111100101,11011110001,10101011101,10111101010,11110000011,01101110010,11100101100
01011001110,11000101000,01010110001,10001110111,00101101101,10010011101,11110000111,00110111110,11101010100,10111001010,01100011011
00100011101,11000111110,01110110100,10010010111,01011101111,11011011100,11101000110,00111111010,11110011011,11001110001,10110101101
10010111001,01011001101,11011010011,11111010100,01100110111,11101101001,10001011110,00111111010,11110001010,11011100110,10111000111
01001100101,11110010100,01010110011,10011111000,11100001001,00110101100,01101011010,10000111110,11011100010,00011001111,10101110011
01001100101,11110010100,01010110011,10011111000,11100001001,00110101100,01101011010,10000111110,11011100010,00011001111,10101110011
00100011101,11000111110,01110110100,10010010111,01011101111,11011011100,11101000110,00111111010,11110011011,11001110001,10110101101
10111011001,11000101000,00011100011,11001010111,01011001100,11110010010,10110100101,10010111110,01101110100,10101001110,01100011111
10101011101,01101101100,01111010110,11011110001,11110001000,10111100011,10011111010,00110111101,01101011011,11100110110,11010001111
11011010111,01111011010,10001011011,00110110110,01101110101,01010111101,10111001101,10011110000,11100011100,01001101110,11110100011
01001101011,00111101100,01011010101,10011110001,11100001001,00100110111,00111011010,01010111100,11110100010,10010001111,11001010110
01111001101,11001101011,00010111011,11011010111,10101110101,11111110000,11110100111,11000111100,01101110110,10011101110,10100011010
01001100101,11110010100,01010110011,10011111000,11100001001,00110101100,01101011010,10000111110,11011100010,00011001111,10101110011
00100011101,11000111110,01110110100,10010010111,01011101111,11011011100,11101000110,00111111010,11110011011,11001110001,10110101101
00100011101,11000111110,01110110100,10010010111,01011101111,11011011100,11101000110,00111111010,11110011011,11001110001,10110101101
0111000111100,01011001101,100100101110,111110111,0101110000100,11110101010,01101011010,010101,0111011011,101101,01101110111000111000111
00100011101,11000111110,01110110100,10010010111,01011101111,11011011100,11101000110,00111111010,11110011011,11001110001,10110101101
01011010011,00010110111,10011111000,10110010101,11111100110,11000011110,10101110011,11110101011,00111001110,10001001101,01101111101
01001101011,00111101100,01011010101,10011110001,11100001001,00100110111,00111011010,01010111100,11110100010,10010001111,11001010110
01011010011,10010001110,00111100111,11011101001,10010110101,10001111011,10111010000,00101011101,11100000111,01001110100,01110111010
10101011101,01101101100,01111010110,11011110001,11110001000,10111100011,10011111010,00110111101,01101011011,11100110110,11010001111
10101011001,11000011110,10011110110,00010111001,11110010100,01100110011,00110001111,00101111100,01111001010,11001101101,01011010101
10010111001,01011001101,11011010011,11111010100,01100110111,11101101001,10001011110,00111111010,11110001010,11011100110,10111000111
10011101101,01110001111,11100010101,11110100001,10011010011,11101001010,01101011001,10100111011,00111110100,01001100111,11010111010
11011010111,01111011010,10001011011,00110110110,01101110101,01010111101,10111001101,10011110000,11100011100,01001101110,11110100011
10010111001,01011001101,11011010011,11111010100,01100110111,11101101001,10001011110,00111111010,11110001010,11011100110,10111000111
01001100101,11110010100,01010110011,10011111000,11100001001,00110101100,01101011010,10000111110,11011100010,00011001111,10101110011
01011010011,00010110111,10011111000,10110010101,11111100110,11000011110,10101110011,11110101011,00111001110,10001001101,01101111101
00001111001,11001101101,00111100101,00010101110,01100101011,01110011100,10100011111,01001010111,11010110001,11101110010,10011001011
10010111001,01011001101,11011010011,11111010100,01100110111,11101101001,10001011110,00111111010,11110001010,11011100110,10111000111
00010111011,10111111100,10000011101,01011001110,11110110110,01001110100,10011100111,01110101101,00101010111,11101101010,11111010001
10101011101,01101101100,01111010110,11011110001,11110001000,10111100011,10011111010,00110111101,01101011011,11100110110,11010001111
10110010100,01011001110,10000100111,01010111011,00111100101,11011110001,10101011101,10111101010,11110000011,01101110010,11100101100
11001101010,01111011001,01010010010,10111000111,10011110000,10110101010,00101111110,11100011100,01111100100,00010101101,11100110011
01011010011,00010110111,10011111000,10110010101,11111100110,11000011110,10101110011,11110101011,00111001110,10001001101,01101111101
01011010011,10010001110,00111100111,11011101001,10010110101,10001111011,10111010000,00101011101,11100000111,01001110100,01110111010
01011010011,00010110111,10011111000,10110010101,11111100110,11000011110,10101110011,11110101011,00111001110,10001001101,01101111101
01011001110,11000101000,01010110001,10001110111,00101101101,10010011101,11110000111,00110111110,11101010100,10111001010,01100011011
01001100101,11110010100,01010110011,10011111000,11100001001,00110101100,01101011010,10000111110,11011100010,00011001111,10101110011
11001111001,00101001111,01011010010,10110011010,11111000001,11100010110,10011100010,01111101100,01110100011,00010110101,11010001111
01001101011,00111101100,01011010101,10011110001,11100001001,00100110111,00111011010,01010111100,11110100010,10010001111,11001010110
00100011101,11000111110,01110110100,10010010111,01011101111,11011011100,11101000110,00111111010,11110011011,11001110001,10110101101
01001100101,11110010100,01010110011,10011111000,11100001001,00110101100,01101011010,10000111110,11011100010,00011001111,10101110011
10010111001,01011001101,11011010011,11111010100,01100110111,11101101001,10001011110,00111111010,11110001010,11011100110,10111000111
00010111011,10111111100,10000011101,01011001110,11110110110,01001110100,10011100111,01110101101,00101010111,11101101010,11111010001
10110010100,01011001110,10000100111,01010111011,00111100101,11011110001,10101011101,10111101010,11110000011,01101110010,11100101100
10010111001,01011001101,11011010011,11111010100,01100110111,11101101001,10001011110,00111111010,11110001010,11011100110,10111000111
10101011001,11000011110,10011110110,00010111001,11110010100,01100110011,00110001111,00101111100,01111001010,11001101101,01011010101
01011010011,10010001110,00111100111,11011101001,10010110101,10001111011,10111010000,00101011101,11100000111,01001110100,01110111010
11001111001,00101001111,01011010010,10110011010,11111000001,11100010110,10011100010,01111101100,01110100011,00010110101,11010001111
01011010011,00010110111,10011111000,10110010101,11111100110,11000011110,10101110011,11110101011,00111001110,10001001101,01101111101
10110010100,01011001110,10000100111,01010111011,00111100101,11011110001,10101011101,10111101010,11110000011,01101110010,11100101100
10010111001,01011001101,11011010011,11111010100,01100110111,11101101001,10001011110,00111111010,11110001010,11011100110,10111000111
11001101010,01111011001,01010010010,10111000111,10011110000,10110101010,00101111110,11100011100,01111100100,00010101101,11100110011
10101011101,01101101100,01111010110,11011110001,11110001000,10111100011,10011111010,00110111101,01101011011,11100110110,11010001111
01111001101,11001101011,00010111011,11011010111,10101110101,11111110000,11110100111,11000111100,01101110110,10011101110,10100011010
00010111011,10111111100,10000011101,01011001110,11110110110,01001110100,10011100111,01110101101,00101010111,11101101010,11111010001
10011101101,01110001111,11100010101,11110100001,10011010011,11101001010,01101011001,10100111011,00111110100,01001100111,11010111010
01111001101,11001101011,00010111011,11011010111,10101110101,11111110000,11110100111,11000111100,01101110110,10011101110,10100011010
00001111001,11001101101,00111100101,00010101110,01100101011,01110011100,10100011111,01001010111,11010110001,11101110010,10011001011
01011010011,00010110111,10011111000,10110010101,11111100110,11000011110,10101110011,11110101011,00111001110,10001001101,01101111101
10011101101,01110001111,11100010101,11110100001,10011010011,11101001010,01101011001,10100111011,00111110100,01001100111,11010111010
01011001110,11000101000,01010110001,10001110111,00101101101,10010011101,11110000111,00110111110,11101010100,10111001010,01100011011
00100011101,11000111110,01110110100,10010010111,01011101111,11011011100,11101000110,00111111010,11110011011,11001110001,10110101101
10101011101,01101101100,01111010110,11011110001,11110001000,10111100011,10011111010,00110111101,01101011011,11100110110,11010001111
01011010011,00010110111,10011111000,10110010101,11111100110,11000011110,10101110011,11110101011,00111001110,10001001101,01101111101
10110010100,01011001110,10000100111,01010111011,00111100101,11011110001,10101011101,10111101010,11110000011,01101110010,11100101100
10010111001,01011001101,11011010011,11111010100,01100110111,11101101001,10001011110,00111111010,11110001010,11011100110,10111000111
00010111011,10111111100,10000011101,01011001110,11110110110,01001110100,10011100111,01110101101,00101010111,11101101010,11111010001
11011010111,01111011010,10001011011,00110110110,01101110101,01010111101,10111001101,10011110000,11100011100,01001101110,11110100011
00001111001,11001101101,00111100101,00010101110,01100101011,01110011100,10100011111,01001010111,11010110001,11101110010,10011001011
10011101101,01110001111,11100010101,11110100001,10011010011,11101001010,01101011001,10100111011,00111110100,01001100111,11010111010
00010111011,10111111100,10000011101,01011001110,11110110110,01001110100,10011100111,01110101101,00101010111,11101101010,11111010001
01011010011,00010110111,10011111000,10110010101,11111100110,11000011110,10101110011,11110101011,00111001110,10001001101,01101111101
00100011101,11000111110,01110110100,10010010111,01011101111,11011011100,11101000110,00111111010,11110011011,11001110001,10110101101
11011010111,01111011010,10001011011,00110110110,01101110101,01010111101,10111001101,10011110000,11100011100,01001101110,11110100011
10101011001,11000011110,10011110110,00010111001,11110010100,01100110011,00110001111,00101111100,01111001010,11001101101,01011010101
00100011101,11000111110,01110110100,10010010111,01011101111,11011011100,11101000110,00111111010,11110011011,11001110001,10110101101
00100011101,11000111110,01110110100,10010010111,01011101111,11011011100,11101000110,00111111010,11110011011,11001110001,10110101101
00001111001,11001101101,00111100101,00010101110,01100101011,01110011100,10100011111,01001010111,11010110001,11101110010,10011001011
01011010011,00010110111,10011111000,10110010101,11111100110,11000011110,10101110011,11110101011,00111001110,10001001101,01101111101
10110010100,01011001110,10000100111,01010111011,00111100101,11011110001,10101011101,10111101010,11110000011,01101110010,11100101100
10101011001,11000011110,10011110110,00010111001,11110010100,01100110011,00110001111,00101111100,01111001010,11001101101,01011010101
10010111001,01011001101,11011010011,11111010100,01100110111,11101101001,10001011110,00111111010,11110001010,11011100110,10111000111
11001111001,00101001111,01011010010,10110011010,11111000001,11100010110,10011100010,01111101100,01110100011,00010110101,11010001111
01001101011,00111101100,01011010101,10011110001,11100001001,00100110111,00111011010,01010111100,11110100010,10010001111,11001010110
11011010111,01111011010,10001011011,00110110110,01101110101,01010111101,10111001101,10011110000,11100011100,01001101110,11110100011
11011010111,01111011010,10001011011,00110110110,01101110101,01010111101,10111001101,10011110000,11100011100,01001101110,11110100011
01011001110,11000101000,01010110001,10001110111,00101101101,10010011101,11110000111,00110111110,11101010100,10111001010,01100011011
11001101010,01111011001,01010010010,10111000111,10011110000,10110101010,00101111110,11100011100,01111100100,00010101101,11100110011
10101011101,01101101100,01111010110,11011110001,11110001000,10111100011,10011111010,00110111101,01101011011,11100110110,11010001111
01011010011,00010110111,10011111000,10110010101,11111100110,11000011110,10101110011,11110101011,00111001110,10001001101,01101111101
00001111001,11001101101,00111100101,00010101110,01100101011,01110011100,10100011111,01001010111,11010110001,11101110010,10011001011
01011010011,00010110111,10011111000,10110010101,11111100110,11000011110,10101110011,11110101011,00111001110,10001001101,01101111101
00010111011,10111111100,10000011101,01011001110,11110110110,01001110100,10011100111,01110101101,00101010111,11101101010,11111010001
11001101010,01111011001,01010010010,10111000111,10011110000,10110101010,00101111110,11100011100,01111100100,00010101101,11100110011
00010111011,10111111100,10000011101,01011001110,11110110110,01001110100,10011100111,01110101101,00101010111,11101101010,11111010001
01011010011,00010110111,10011111000,10110010101,11111100110,11000011110,10101110011,11110101011,00111001110,10001001101,01101111101
10010111001,01011001101,11011010011,11111010100,01100110111,11101101001,10001011110,00111111010,11110001010,11011100110,10111000111
01011010011,00010110111,10011111000,10110010101,11111100110,11000011110,10101110011,11110101011,00111001110,10001001101,01101111101
11001101010,01111011001,01010010010,10111000111,10011110000,10110101010,00101111110,11100011100,01111100100,00010101101,11100110011
11011010111,01111011010,10001011011,00110110110,01101110101,01010111101,10111001101,10011110000,11100011100,01001101110,11110100011
00010111011,10111111100,10000011101,01011001110,11110110110,01001110100,10011100111,01110101101,00101010111,11101101010,11111010001
00001111001,11001101101,00111100101,00010101110,01100101011,01110011100,10100011111,01001010111,11010110001,11101110010,10011001011
01001100101,11110010100,01010110011,10011111000,11100001001,00110101100,01101011010,10000111110,11011100010,00011001111,10101110011
01001100101,11110010100,01010110011,10011111000,11100001001,00110101100,01101011010,10000111110,11011100010,00011001111,10101110011
10010111001,01011001101,11011010011,11111010100,01100110111,11101101001,10001011110,00111111010,11110001010,11011100110,10111000111
01001100011,11110010100,010101101,100111100101,1110000111,11110010101001110001110110,1110011101,1110,111100,11100101011111001011010111010
11001111001,00101001111,01011010010,10110011010,11111000001,11100010110,10011100010,01111101100,01110100011,00010110101,11010001111
01111001101,11001101011,00010111011,11011010111,10101110101,11111110000,11110100111,11000111100,01101110110,10011101110,10100011010
10101011001,11000011110,10011110110,00010111001,11110010100,01100110011,00110001111,00101111100,01111001010,11001101101,01011010101
01011001110,11000101000,01010110001,10001110111,00101101101,10010011101,11110000111,00110111110,11101010100,10111001010,01100011011
11001101010,01111011001,01010010010,10111000111,10011110000,10110101010,00101111110,11100011100,01111100100,00010101101,11100110011
00010111011,10111111100,10000011101,01011001110,11110110110,01001110100,10011100111,01110101101,00101010111,11101101010,11111010001
11001101010,01111011001,01010010010,10111000111,10011110000,10110101010,00101111110,11100011100,01111100100,00010101101,11100110011
01001100101,11110010100,01010110011,10011111000,11100001001,00110101100,01101011010,10000111110,11011100010,00011001111,10101110011
10110010100,01011001110,10000100111,01010111011,00111100101,11011110001,10101011101,10111101010,11110000011,01101110010,11100101100
10110010100,01011001110,10000100111,01010111011,00111100101,11011110001,10101011101,10111101010,11110000011,01101110010,11100101100
10101011101,01101101100,01111010110,11011110001,11110001000,10111100011,10011111010,00110111101,01101011011,11100110110,11010001111
00001111001,11001101101,00111100101,00010101110,01100101011,01110011100,10100011111,01001010111,11010110001,11101110010,10011001011
11001101010,01111011001,01010010010,10111000111,10011110000,10110101010,00101111110,11100011100,01111100100,00010101101,11100110011
00010111011,10111111100,10000011101,01011001110,11110110110,01001110100,10011100111,01110101101,00101010111,11101101010,11111010001
01001100101,11110010100,01010110011,10011111000,11100001001,00110101100,01101011010,10000111110,11011100010,00011001111,10101110011
00010111011,10111111100,10000011101,01011001110,11110110110,01001110100,10011100111,01110101101,00101010111,11101101010,11111010001
10101011001,11000011110,10011110110,00010111001,11110010100,01100110011,00110001111,00101111100,01111001010,11001101101,01011010101
01001100101,11110010100,01010110011,10011111000,11100001001,00110101100,01101011010,10000111110,11011100010,00011001111,10101110011
01111001101,11001101011,00010111011,11011010111,10101110101,11111110000,11110100111,11000111100,01101110110,10011101110,10100011010
01001100101,11110010100,01010110011,10011111000,11100001001,00110101100,01101011010,10000111110,11011100010,00011001111,10101110011
11001101010,01111011001,01010010010,10111000111,10011110000,10110101010,00101111110,11100011100,01111100100,00010101101,11100110011
01001100101,11110010100,01010110011,10011111000,11100001001,00110101100,01101011010,10000111110,11011100010,00011001111,10101110011
01001101011,00111101100,01011010101,10011110001,11100001001,00100110111,00111011010,01010111100,11110100010,10010001111,11001010110
00100011101,11000111110,01110110100,10010010111,01011101111,11011011100,11101000110,00111111010,11110011011,11001110001,10110101101
00001111001,11001101101,00111100101,00010101110,01100101011,01110011100,10100011111,01001010111,11010110001,11101110010,10011001011
11001111001,00101001111,01011010010,10110011010,11111000001,11100010110,10011100010,01111101100,01110100011,00010110101,11010001111
00100011101,11000111110,01110110100,10010010111,01011101111,11011011100,11101000110,00111111010,11110011011,11001110001,10110101101
00100011101,11000111110,01110110100,10010010111,01011101111,11011011100,11101000110,00111111010,11110011011,11001110001,10110101101
00001111001,11001101101,00111100101,00010101110,01100101011,01110011100,10100011111,01001010111,11010110001,11101110010,10011001011
10101011001,11000011110,10011110110,00010111001,11110010100,01100110011,00110001111,00101111100,01111001010,11001101101,01011010101
11001101010,01111011001,01010010010,10111000111,10011110000,10110101010,00101111110,11100011100,01111100100,00010101101,11100110011
01011010011,10010001110,00111100111,11011101001,10010110101,10001111011,10111010000,00101011101,11100000111,01001110100,01110111010
01011010011,00010110111,10011111000,10110010101,11111100110,11000011110,10101110011,11110101011,00111001110,10001001101,01101111101
10101011001,11000011110,10011110110,00010111001,11110010100,01100110011,00110001111,00101111100,01111001010,11001101101,01011010101
11001101010,01111011001,01010010010,10111000111,10011110000,10110101010,00101111110,11100011100,01111100100,00010101101,11100110011
10110010100,01011001110,10000100111,01010111011,00111100101,11011110001,10101011101,10111101010,11110000011,01101110010,11100101100
10101011001,11000011110,10011110110,00010111001,11110010100,01100110011,00110001111,00101111100,01111001010,11001101101,01011010101
01001100101,11110010100,01010110011,10011111000,11100001001,00110101100,01101011010,10000111110,11011100010,00011001111,10101110011
01111001101,11001101011,00010111011,11011010111,10101110101,11111110000,11110100111,11000111100,01101110110,10011101110,10100011010
01001101011,00111101100,01011010101,10011110001,11100001001,00100110111,00111011010,01010111100,11110100010,10010001111,11001010110
10111011001,11000101000,00011100011,11001010111,01011001100,11110010010,10110100101,10010111110,01101110100,10101001110,01100011111
01001100101,11110010100,01010110011,10011111000,11100001001,00110101100,01101011010,10000111110,11011100010,00011001111,10101110011
01011010011,00010110111,10011111000,10110010101,11111100110,11000011110,10101110011,11110101011,00111001110,10001001101,01101111101
01011010011,10010001110,00111100111,11011101001,10010110101,10001111011,10111010000,00101011101,11100000111,01001110100,01110111010
10010111001,01011001101,11011010011,11111010100,01100110111,11101101001,10001011110,00111111010,11110001010,11011100110,10111000111
10101011001,11000011110,10011110110,00010111001,11110010100,01100110011,00110001111,00101111100,01111001010,11001101101,01011010101
10111011001,11000101000,00011100011,11001010111,01011001100,11110010010,10110100101,10010111110,01101110100,10101001110,01100011111
10111011001,11000101000,00011100011,11001010111,01011001100,11110010010,10110100101,10010111110,01101110100,10101001110,01100011111
10010111001,01011001101,11011010011,11111010100,01100110111,11101101001,10001011110,00111111010,11110001010,11011100110,10111000111
10010111001,01011001101,11011010011,11111010100,01100110111,11101101001,10001011110,00111111010,11110001010,11011100110,10111000111
01001100101,11110010100,01010110011,10011111000,11100001001,00110101100,01101011010,10000111110,11011100010,00011001111,10101110011
10011101101,01110001111,11100010101,11110100001,10011010011,11101001010,01101011001,10100111011,00111110100,01001100111,11010111010
00100011101,11000111110,01110110100,10010010111,01011101111,11011011100,11101000110,00111111010,11110011011,11001110001,10110101101
10101011001,11000011110,10011110110,00010111001,11110010100,01100110011,00110001111,00101111100,01111001010,11001101101,01011010101
01001100101,11110010100,01010110011,10011111000,11100001001,00110101100,01101011010,10000111110,11011100010,00011001111,10101110011
11001101010,01111011001,01010010010,10111000111,10011110000,10110101010,00101111110,11100011100,01111100100,00010101101,11100110011
10010111001,01011001101,11011010011,11111010100,01100110111,11101101001,10001011110,00111111010,11110001010,11011100110,10111000111
00010111011,10111111100,10000011101,01011001110,11110110110,01001110100,10011100111,01110101101,00101010111,11101101010,11111010001
00001111001,11001101101,00111100101,00010101110,01100101011,01110011100,10100011111,01001010111,11010110001,11101110010,10011001011
01011010011,10010001110,00111100111,11011101001,10010110101,10001111011,10111010000,00101011101,11100000111,01001110100,01110111010
01011010011,00010110111,10011111000,10110010101,11111100110,11000011110,10101110011,11110101011,00111001110,10001001101,01101111101
10010111001,01011001101,11011010011,11111010100,01100110111,11101101001,10001011110,00111111010,11110001010,11011100110,10111000111
10110010100,01011001110,10000100111,01010111011,00111100101,11011110001,10101011101,10111101010,11110000011,01101110010,11100101100
11001111001,00101001111,01011010010,10110011010,11111000001,11100010110,10011100010,01111101100,01110100011,00010110101,11010001111
00100011101,11000111110,01110110100,10010010111,01011101111,11011011100,11101000110,00111111010,11110011011,11001110001,10110101101
10011101101,01110001111,11100010101,11110100001,10011010011,11101001010,01101011001,10100111011,00111110100,01001100111,11010111010
10010111001,01011001101,11011010011,11111010100,01100110111,11101101001,10001011110,00111111010,11110001010,11011100110,10111000111
11001101010,01111011001,01010010010,10111000111,10011110000,10110101010,00101111110,11100011100,01111100100,00010101101,11100110011
01011001110,11000101000,01010110001,10001110111,00101101101,10010011101,11110000111,00110111110,11101010100,10111001010,01100011011
10101011101,01101101100,01111010110,11011110001,11110001000,10111100011,10011111010,00110111101,01101011011,11100110110,11010001111
01001101011,00111101100,01011010101,10011110001,11100001001,00100110111,00111011010,01010111100,11110100010,10010001111,11001010110
10101011101,01101101100,01111010110,11011110001,11110001000,10111100011,10011111010,00110111101,01101011011,11100110110,11010001111
01001100101,11110010100,01010110011,10011111000,11100001001,00110101100,01101011010,10000111110,11011100010,00011001111,10101110011
01101100110,101111011,0111100011,11111010001,11110110001,111100011110,101100,111110111101000111110100,01010,1010111011010
00010111011,10111111100,10000011101,01011001110,11110110110,01001110100,10011100111,01110101101,00101010111,11101101010,11111010001
10101011101,01101101100,01111010110,11011110001,11110001000,10111100011,10011111010,00110111101,01101011011,11100110110,11010001111
01011010011,00010110111,10011111000,10110010101,11111100110,11000011110,10101110011,11110101011,00111001110,10001001101,01101111101
10110010100,01011001110,10000100111,01010111011,00111100101,11011110001,10101011101,10111101010,11110000011,01101110010,11100101100
01011001110,11000101000,01010110001,10001110111,00101101101,10010011101,11110000111,00110111110,11101010100,10111001010,01100011011
10010111001,01011001101,11011010011,11111010100,01100110111,11101101001,10001011110,00111111010,11110001010,11011100110,10111000111
10010111001,01011001101,11011010011,11111010100,01100110111,11101101001,10001011110,00111111010,11110001010,11011100110,10111000111
10011101101,01110001111,11100010101,11110100001,10011010011,11101001010,01101011001,10100111011,00111110100,01001100111,11010111010
10101011101,01101101100,01111010110,11011110001,11110001000,10111100011,10011111010,00110111101,01101011011,11100110110,11010001111
01011010011,10010001110,00111100111,11011101001,10010110101,10001111011,10111010000,00101011101,11100000111,01001110100,01110111010
10111011001,11000101000,00011100011,11001010111,01011001100,11110010010,10110100101,10010111110,01101110100,10101001110,01100011111
00100011101,11000111110,01110110100,10010010111,01011101111,11011011100,11101000110,00111111010,11110011011,11001110001,10110101101
01001101011,00111101100,01011010101,10011110001,11100001001,00100110111,00111011010,01010111100,11110100010,10010001111,11001010110
01011010011,00010110111,10011111000,10110010101,11111100110,11000011110,10101110011,11110101011,00111001110,10001001101,01101111101
11011010111,01111011010,10001011011,00110110110,01101110101,01010111101,10111001101,10011110000,11100011100,01001101110,11110100011
01011001110,11000101000,01010110001,10001110111,00101101101,10010011101,11110000111,00110111110,11101010100,10111001010,01100011011
01001101011,00111101100,01011010101,10011110001,11100001001,00100110111,00111011010,01010111100,11110100010,10010001111,11001010110
01011001110,11000101000,01010110001,10001110111,00101101101,10010011101,11110000111,00110111110,11101010100,10111001010,01100011011
01011010011,10010001110,00111100111,11011101001,10010110101,10001111011,10111010000,00101011101,11100000111,01001110100,01110111010
10010111001,01011001101,11011010011,11111010100,01100110111,11101101001,10001011110,00111111010,11110001010,11011100110,10111000111
10011101101,01110001111,11100010101,11110100001,10011010011,11101001010,01101011001,10100111011,00111110100,01001100111,11010111010
11011101011,10111101110,0111100101,11010110001,1111011010,101111000111,101101,111011000111100,111100,00101011110100011100110
10101011101,01101101100,01111010110,11011110001,11110001000,10111100011,10011111010,00110111101,01101011011,11100110110,11010001111
00100011101,11000111110,01110110100,10010010111,01011101111,11011011100,11101000110,00111111010,11110011011,11001110001,10110101101
10110010100,01011001110,10000100111,01010111011,00111100101,11011110001,10101011101,10111101010,11110000011,01101110010,11100101100
11001101010,01111011001,01010010010,10111000111,10011110000,10110101010,00101111110,11100011100,01111100100,00010101101,11100110011
00001111001,11001101101,00111100101,00010101110,01100101011,01110011100,10100011111,01001010111,11010110001,11101110010,10011001011
01001100101,11110010100,01010110011,10011111000,11100001001,00110101100,01101011010,10000111110,11011100010,00011001111,10101110011
01011010011,00010110111,10011111000,10110010101,11111100110,11000011110,10101110011,11110101011,00111001110,10001001101,01101111101
11011010111,01111011010,10001011011,00110110110,01101110101,01010111101,10111001101,10011110000,11100011100,01001101110,11110100011
10010111001,01011001101,11011010011,11111010100,01100110111,11101101001,10001011110,00111111010,11110001010,11011100110,10111000111
10101011101,01101101100,01111010110,11011110001,11110001000,10111100011,10011111010,00110111101,01101011011,11100110110,11010001111
00010111011,10111111100,10000011101,01011001110,11110110110,01001110100,10011100111,01110101101,00101010111,11101101010,11111010001
00100011101,11000111110,01110110100,10010010111,01011101111,11011011100,11101000110,00111111010,11110011011,11001110001,10110101101
00100011101,11000111110,01110110100,10010010111,01011101111,11011011100,11101000110,00111111010,11110011011,11001110001,10110101101
10101011101,01101101100,01111010110,11011110001,11110001000,10111100011,10011111010,00110111101,01101011011,11100110110,11010001111
01111001101,11001101011,00010111011,11011010111,10101110101,11111110000,11110100111,11000111100,01101110110,10011101110,10100011010
01111001101,11001101011,00010111011,11011010111,10101110101,11111110000,11110100111,11000111100,01101110110,10011101110,10100011010
11001101010,01111011001,01010010010,10111000111,10011110000,10110101010,00101111110,11100011100,01111100100,00010101101,11100110011
11001101010,01111011001,01010010010,10111000111,10011110000,10110101010,00101111110,11100011100,01111100100,00010101101,11100110011
10011101101,01110001111,11100010101,11110100001,10011010011,11101001010,01101011001,10100111011,00111110100,01001100111,11010111010
01011010011,10010001110,00111100111,11011101001,10010110101,10001111011,10111010000,00101011101,11100000111,01001110100,01110111010
01011010011,00010110111,10011111000,10110010101,11111100110,11000011110,10101110011,11110101011,00111001110,10001001101,01101111101
10010111001,01011001101,11011010011,11111010100,01100110111,11101101001,10001011110,00111111010,11110001010,11011100110,10111000111
10010111001,01011001101,11011010011,11111010100,01100110111,11101101001,10001011110,00111111010,11110001010,11011100110,10111000111
01001100101,11110010100,01010110011,10011111000,11100001001,00110101100,01101011010,10000111110,11011100010,00011001111,10101110011
01111001101,11001101011,00010111011,11011010111,10101110101,11111110000,11110100111,11000111100,01101110110,10011101110,10100011010
00100011101,11000111110,01110110100,10010010111,01011101111,11011011100,11101000110,00111111010,11110011011,11001110001,10110101101
00010111011,10111111100,10000011101,01011001110,11110110110,01001110100,10011100111,01110101101,00101010111,11101101010,11111010001
01011001110,11000101000,01010110001,10001110111,00101101101,10010011101,11110000111,00110111110,11101010100,10111001010,01100011011
01111001101,11001101011,00010111011,11011010111,10101110101,11111110000,11110100111,11000111100,01101110110,10011101110,10100011010
01001101011,00111101100,01011010101,10011110001,11100001001,00100110111,00111011010,01010111100,11110100010,10010001111,11001010110
11001111001,00101001111,01011010010,10110011010,11111000001,11100010110,10011100010,01111101100,01110100011,00010110101,11010001111
10011101101,01110001111,11100010101,11110100001,10011010011,11101001010,01101011001,10100111011,00111110100,01001100111,11010111010
10010111001,01011001101,11011010011,11111010100,01100110111,11101101001,10001011110,00111111010,11110001010,11011100110,10111000111
00010111011,10111111100,10000011101,01011001110,11110110110,01001110100,10011100111,01110101101,00101010111,11101101010,11111010001
10101011001,11000011110,10011110110,00010111001,11110010100,01100110011,00110001111,00101111100,01111001010,11001101101,01011010101
10010111001,01011001101,11011010011,11111010100,01100110111,11101101001,10001011110,00111111010,11110001010,11011100110,10111000111
10110010100,01011001110,10000100111,01010111011,00111100101,11011110001,10101011101,10111101010,11110000011,01101110010,11100101100
10101011001,11000011110,10011110110,00010111001,11110010100,01100110011,00110001111,00101111100,01111001010,11001101101,01011010101
01001100101,11110010100,01010110011,10011111000,11100001001,00110101100,01101011010,10000111110,11011100010,00011001111,10101110011
01011010011,10010001110,00111100111,11011101001,10010110101,10001111011,10111010000,00101011101,11100000111,01001110100,01110111010
10110010100,01011001110,10000100111,01010111011,00111100101,11011110001,10101011101,10111101010,11110000011,01101110010,11100101100
01011001110,11000101000,01010110001,10001110111,00101101101,10010011101,11110000111,00110111110,11101010100,10111001010,01100011011
01001100101,11110010100,01010110011,10011111000,11100001001,00110101100,01101011010,10000111110,11011100010,00011001111,10101110011
00001111001,11001101101,00111100101,00010101110,01100101011,01110011100,10100011111,01001010111,11010110001,11101110010,10011001011
10101011001,11000011110,10011110110,00010111001,11110010100,01100110011,00110001111,00101111100,01111001010,11001101101,01011010101
11001111001,00101001111,01011010010,10110011010,11111000001,11100010110,10011100010,01111101100,01110100011,00010110101,11010001111
01011010011,10010001110,00111100111,11011101001,10010110101,10001111011,10111010000,00101011101,11100000111,01001110100,01110111010
01001100101,11110010100,01010110011,10011111000,11100001001,00110101100,01101011010,10000111110,11011100010,00011001111,10101110011
01011010011,10010001110,00111100111,11011101001,10010110101,10001111011,10111010000,00101011101,11100000111,01001110100,01110111010
00001111001,11001101101,00111100101,00010101110,01100101011,01110011100,10100011111,01001010111,11010110001,11101110010,10011001011
00100011101,11000111110,01110110100,10010010111,01011101111,11011011100,11101000110,00111111010,11110011011,11001110001,10110101101
01101101101,0111101011,01111101011,1100011111,111010001010011,1110101100110,111010,111010,010,11101011101111,111011001101101,111011010111010111010
00001111001,11001101101,00111100101,00010101110,01100101011,01110011100,10100011111,01001010111,11010110001,11101110010,10011001011
10010111001,01011001101,11011010011,11111010100,01100110111,11101101001,10001011110,00111111010,11110001010,11011100110,10111000111
00100011101,11000111110,01110110100,10010010111,01011101111,11011011100,11101000110,00111111010,11110011011,11001110001,10110101101
10011101101,01110001111,11100010101,11110100001,10011010011,11101001010,01101011001,10100111011,00111110100,01001100111,11010111010
01011010011,00010110111,10011111000,10110010101,11111100110,11000011110,10101110011,11110101011,00111001110,10001001101,01101111101
10110010100,01011001110,10000100111,01010111011,00111100101,11011110001,10101011101,10111101010,11110000011,01101110010,11100101100
00010111011,10111111100,10000011101,01011001110,11110110110,01001110100,10011100111,01110101101,00101010111,11101101010,11111010001
01011001110,11000101000,01010110001,10001110111,00101101101,10010011101,11110000111,00110111110,11101010100,10111001010,01100011011
01011010011,10010001110,00111100111,11011101001,10010110101,10001111011,10111010000,00101011101,11100000111,01001110100,01110111010
11011010111,01111011010,10001011011,00110110110,01101110101,01010111101,10111001101,10011110000,11100011100,01001101110,11110100011
11011010111,01111011010,10001011011,00110110110,01101110101,01010111101,10111001101,10011110000,11100011100,01001101110,11110100011
10010111001,01011001101,11011010011,11111010100,01100110111,11101101001,10001011110,00111111010,11110001010,11011100110,10111000111
01011010011,10010001110,00111100111,11011101001,10010110101,10001111011,10111010000,00101011101,11100000111,01001110100,01110111010
10110010100,01011001110,10000100111,01010111011,00111100101,11011110001,10101011101,10111101010,11110000011,01101110010,11100101100
01111001101,11001101011,00010111011,11011010111,10101110101,11111110000,11110100111,11000111100,01101110110,10011101110,10100011010
01011010011,10010001110,00111100111,11011101001,10010110101,10001111011,10111010000,00101011101,11100000111,01001110100,01110111010
10110010100,01011001110,10000100111,01010111011,00111100101,11011110001,10101011101,10111101010,11110000011,01101110010,11100101100
00010111011,10111111100,10000011101,01011001110,11110110110,01001110100,10011100111,01110101101,00101010111,11101101010,11111010001
10101011101,01101101100,01111010110,11011110001,11110001000,10111100011,10011111010,00110111101,01101011011,11100110110,11010001111
01011010011,00010110111,10011111000,10110010101,11111100110,11000011110,10101110011,11110101011,00111001110,10001001101,01101111101
10110010100,01011001110,10000100111,01010111011,00111100101,11011110001,10101011101,10111101010,11110000011,01101110010,11100101100
10101011101,01101101100,01111010110,11011110001,11110001000,10111100011,10011111010,00110111101,01101011011,11100110110,11010001111
01010101011,00111101100,1001111101,1011001010,1111011000,010110110110,10110000111,10000111110,11010101,11000011110,101101010011010
11001101010,01111011001,01010010010,10111000111,10011110000,10110101010,00101111110,11100011100,01111100100,00010101101,11100110011
01011010011,10010001110,00111100111,11011101001,10010110101,10001111011,10111010000,00101011101,11100000111,01001110100,01110111010
01011001110,11000101000,01010110001,10001110111,00101101101,10010011101,11110000111,00110111110,11101010100,10111001010,01100011011
11011010111,01111011010,10001011011,00110110110,01101110101,01010111101,10111001101,10011110000,11100011100,01001101110,11110100011
00010111011,10111111100,10000011101,01011001110,11110110110,01001110100,10011100111,01110101101,00101010111,11101101010,11111010001
10110010100,01011001110,10000100111,01010111011,00111100101,11011110001,10101011101,10111101010,11110000011,01101110010,11100101100
01011010011,10010001110,00111100111,11011101001,10010110101,10001111011,10111010000,00101011101,11100000111,01001110100,01110111010
10101011001,11000011110,10011110110,00010111001,11110010100,01100110011,00110001111,00101111100,01111001010,11001101101,01011010101
01011001110,11000101000,01010110001,10001110111,00101101101,10010011101,11110000111,00110111110,11101010100,10111001010,01100011011
10110010100,01011001110,10000100111,01010111011,00111100101,11011110001,10101011101,10111101010,11110000011,01101110010,11100101100
10101011101,01101101100,01111010110,11011110001,11110001000,10111100011,10011111010,00110111101,01101011011,11100110110,11010001111
00100011101,11000111110,01110110100,10010010111,01011101111,11011011100,11101000110,00111111010,11110011011,11001110001,10110101101
10010111001,01011001101,11011010011,11111010100,01100110111,11101101001,10001011110,00111111010,11110001010,11011100110,10111000111
10011101101,01110001111,11100010101,11110100001,10011010011,11101001010,01101011001,10100111011,00111110100,01001100111,11010111010
01011010011,10010001110,00111100111,11011101001,10010110101,10001111011,10111010000,00101011101,11100000111,01001110100,01110111010
10110010100,01011001110,10000100111,01010111011,00111100101,11011110001,10101011101,10111101010,11110000011,01101110010,11100101100
01111001101,11001101011,00010111011,11011010111,10101110101,11111110000,11110100111,11000111100,01101110110,10011101110,10100011010
01111001101,11001101011,00010111011,11011010111,10101110101,11111110000,11110100111,11000111100,01101110110,10011101110,10100011010
01011010011,10010001110,00111100111,11011101001,10010110101,10001111011,10111010000,00101011101,11100000111,01001110100,01110111010
01001100101,11110010100,01010110011,10011111000,11100001001,00110101100,01101011010,10000111110,11011100010,00011001111,10101110011
00001111001,11001101101,00111100101,00010101110,01100101011,01110011100,10100011111,01001010111,11010110001,11101110010,10011001011
10101011001,11000011110,10011110110,00010111001,11110010100,01100110011,00110001111,00101111100,01111001010,11001101101,01011010101
10010111001,01011001101,11011010011,11111010100,01100110111,11101101001,10001011110,00111111010,11110001010,11011100110,10111000111
01001101011,00111101100,01011010101,10011110001,11100001001,00100110111,00111011010,01010111100,11110100010,10010001111,11001010110
10011101101,01110001111,11100010101,11110100001,10011010011,11101001010,01101011001,10100111011,00111110100,01001100111,11010111010
11001111001,00101001111,01011010010,10110011010,11111000001,11100010110,10011100010,01111101100,01110100011,00010110101,11010001111
10111011001,11000101000,00011100011,11001010111,01011001100,11110010010,10110100101,10010111110,01101110100,10101001110,01100011111
01001100101,11110010100,01010110011,10011111000,11100001001,00110101100,01101011010,10000111110,11011100010,00011001111,10101110011
01111001101,11001101011,00010111011,11011010111,10101110101,11111110000,11110100111,11000111100,01101110110,10011101110,10100011010
11011010111,01111011010,10001011011,00110110110,01101110101,01010111101,10111001101,10011110000,11100011100,01001101110,11110100011
00010111011,10111111100,10000011101,01011001110,11110110110,01001110100,10011100111,01110101101,00101010111,11101101010,11111010001
10110010100,01011001110,10000100111,01010111011,00111100101,11011110001,10101011101,10111101010,11110000011,01101110010,11100101100
01011001110,11000101000,01010110001,10001110111,00101101101,10010011101,11110000111,00110111110,11101010100,10111001010,01100011011
10011101101,01110001111,11100010101,11110100001,10011010011,11101001010,01101011001,10100111011,00111110100,01001100111,11010111010
10101011001,11000011110,10011110110,00010111001,11110010100,01100110011,00110001111,00101111100,01111001010,11001101101,01011010101
10101011001,11000011110,10011110110,00010111001,11110010100,01100110011,00110001111,00101111100,01111001010,11001101101,01011010101
00010111011,10111111100,10000011101,01011001110,11110110110,01001110100,10011100111,01110101101,00101010111,11101101010,11111010001
01011010011,10010001110,00111100111,11011101001,10010110101,10001111011,10111010000,00101011101,11100000111,01001110100,01110111010
01011001110,11000101000,01010110001,10001110111,00101101101,10010011101,11110000111,00110111110,11101010100,10111001010,01100011011
01011010011,10010001110,00111100111,11011101001,10010110101,10001111011,10111010000,00101011101,11100000111,01001110100,01110111010
00001111001,11001101101,00111100101,00010101110,01100101011,01110011100,10100011111,01001010111,11010110001,11101110010,10011001011
10110010100,01011001110,10000100111,01010111011,00111100101,11011110001,10101011101,10111101010,11110000011,01101110010,11100101100
11001101010,01111011001,01010010010,10111000111,10011110000,10110101010,00101111110,11100011100,01111100100,00010101101,11100110011
10111011001,11000101000,00011100011,11001010111,01011001100,11110010010,10110100101,10010111110,01101110100,10101001110,01100011111
11001111001,00101001111,01011010010,10110011010,11111000001,11100010110,10011100010,01111101100,01110100011,00010110101,11010001111
01011010011,00010110111,10011111000,10110010101,11111100110,11000011110,10101110011,11110101011,00111001110,10001001101,01101111101
10101011101,01101101100,01111010110,11011110001,11110001000,10111100011,10011111010,00110111101,01101011011,11100110110,11010001111
01001100101,11110010100,01010110011,10011111000,11100001001,00110101100,01101011010,10000111110,11011100010,00011001111,10101110011
01111001101,11001101011,00010111011,11011010111,10101110101,11111110000,11110100111,11000111100,01101110110,10011101110,10100011010
01011001110,11000101000,01010110001,10001110111,00101101101,10010011101,11110000111,00110111110,11101010100,10111001010,01100011011
10110010100,01011001110,10000100111,01010111011,00111100101,11011110001,10101011101,10111101010,11110000011,01101110010,11100101100
00001111001,11001101101,00111100101,00010101110,01100101011,01110011100,10100011111,01001010111,11010110001,11101110010,10011001011
10010111001,01011001101,11011010011,11111010100,01100110111,11101101001,10001011110,00111111010,11110001010,11011100110,10111000111
01001100101,11110010100,01010110011,10011111000,11100001001,00110101100,01101011010,10000111110,11011100010,00011001111,10101110011
10101011101,01101101100,01111010110,11011110001,11110001000,10111100011,10011111010,00110111101,01101011011,11100110110,11010001111
01001101011,00111101100,01011010101,10011110001,11100001001,00100110111,00111011010,01010111100,11110100010,10010001111,11001010110
10111011001,11000101000,00011100011,11001010111,01011001100,11110010010,10110100101,10010111110,01101110100,10101001110,01100011111
00010111011,10111111100,10000011101,01011001110,11110110110,01001110100,10011100111,01110101101,00101010111,11101101010,11111010001
11011010111,01111011010,10001011011,00110110110,01101110101,01010111101,10111001101,10011110000,11100011100,01001101110,11110100011
01001100101,11110010100,01010110011,10011111000,11100001001,00110101100,01101011010,10000111110,11011100010,00011001111,10101110011
01001100101,11110010100,01010110011,10011111000,11100001001,00110101100,01101011010,10000111110,11011100010,00011001111,10101110011
01011001110,11000101000,01010110001,10001110111,00101101101,10010011101,11110000111,00110111110,11101010100,10111001010,01100011011
01001101011,00111101100,01011010101,10011110001,11100001001,00100110111,00111011010,01010111100,11110100010,10010001111,11001010110
10101011001,11000011110,10011110110,00010111001,11110010100,01100110011,00110001111,00101111100,01111001010,11001101101,01011010101
11011010111,01111011010,10001011011,00110110110,01101110101,01010111101,10111001101,10011110000,11100011100,01001101110,11110100011
10010111001,01011001101,11011010011,11111010100,01100110111,11101101001,10001011110,00111111010,11110001010,11011100110,10111000111
10101011101,01101101100,01111010110,11011110001,11110001000,10111100011,10011111010,00110111101,01101011011,11100110110,11010001111
00010111011,10111111100,10000011101,01011001110,11110110110,01001110100,10011100111,01110101101,00101010111,11101101010,11111010001
01011001110,11000101000,01010110001,10001110111,00101101101,10010011101,11110000111,00110111110,11101010100,10111001010,01100011011
10110010100,01011001110,10000100111,01010111011,00111100101,11011110001,10101011101,10111101010,11110000011,01101110010,11100101100
11001101010,01111011001,01010010010,10111000111,10011110000,10110101010,00101111110,11100011100,01111100100,00010101101,11100110011
00001111001,11001101101,00111100101,00010101110,01100101011,01110011100,10100011111,01001010111,11010110001,11101110010,10011001011
01111001101,11001101011,00010111011,11011010111,10101110101,11111110000,11110100111,11000111100,01101110110,10011101110,10100011010
01111001101,11001101011,00010111011,11011010111,10101110101,11111110000,11110100111,11000111100,01101110110,10011101110,10100011010
00010111011,10111111100,10000011101,01011001110,11110110110,01001110100,10011100111,01110101101,00101010111,11101101010,11111010001
01111001101,11001101011,00010111011,11011010111,10101110101,11111110000,11110100111,11000111100,01101110110,10011101110,10100011010
10111011001,11000101000,00011100011,11001010111,01011001100,11110010010,10110100101,10010111110,01101110100,10101001110,01100011111
10010111001,01011001101,11011010011,11111010100,01100110111,11101101001,10001011110,00111111010,11110001010,11011100110,10111000111
00100011101,11000111110,01110110100,10010010111,01011101111,11011011100,11101000110,00111111010,11110011011,11001110001,10110101101
11011010111,01111011010,10001011011,00110110110,01101110101,01010111101,10111001101,10011110000,11100011100,01001101110,11110100011
10110010100,01011001110,10000100111,01010111011,00111100101,11011110001,10101011101,10111101010,11110000011,01101110010,11100101100
11001111001,00101001111,01011010010,10110011010,11111000001,11100010110,10011100010,01111101100,01110100011,00010110101,11010001111
10110010100,01011001110,10000100111,01010111011,00111100101,11011110001,10101011101,10111101010,11110000011,01101110010,11100101100
10010111001,01011001101,11011010011,11111010100,01100110111,11101101001,10001011110,00111111010,11110001010,11011100110,10111000111
01011010011,10010001110,00111100111,11011101001,10010110101,10001111011,10111010000,00101011101,11100000111,01001110100,01110111010
11001111001,00101001111,01011010010,10110011010,11111000001,11100010110,10011100010,01111101100,01110100011,00010110101,11010001111
10010111001,01011001101,11011010011,11111010100,01100110111,11101101001,10001011110,00111111010,11110001010,11011100110,10111000111
00001111001,11001101101,00111100101,00010101110,01100101011,01110011100,10100011111,01001010111,11010110001,11101110010,10011001011
11001101010,01111011001,01010010010,10111000111,10011110000,10110101010,00101111110,11100011100,01111100100,00010101101,11100110011
11011010111,01111011010,10001011011,00110110110,01101110101,01010111101,10111001101,10011110000,11100011100,01001101110,11110100011
10011101101,01110001111,11100010101,11110100001,10011010011,11101001010,01101011001,10100111011,00111110100,01001100111,11010111010
01011010011,10010001110,00111100111,11011101001,10010110101,10001111011,10111010000,00101011101,11100000111,01001110100,01110111010
01111001101,11001101011,00010111011,11011010111,10101110101,11111110000,11110100111,11000111100,01101110110,10011101110,10100011010
10101011001,11000011110,10011110110,00010111001,11110010100,01100110011,00110001111,00101111100,01111001010,11001101101,01011010101
10101011101,01101101100,01111010110,11011110001,11110001000,10111100011,10011111010,00110111101,01101011011,11100110110,11010001111
00100011101,11000111110,01110110100,10010010111,01011101111,11011011100,11101000110,00111111010,11110011011,11001110001,10110101101
00010111011,10111111100,10000011101,01011001110,11110110110,01001110100,10011100111,01110101101,00101010111,11101101010,11111010001
01011001110,11000101000,01010110001,10001110111,00101101101,10010011101,11110000111,00110111110,11101010100,10111001010,01100011011
00001111001,11001101101,00111100101,00010101110,01100101011,01110011100,10100011111,01001010111,11010110001,11101110010,10011001011
00010111011,10111111100,10000011101,01011001110,11110110110,01001110100,10011100111,01110101101,00101010111,11101101010,11111010001
10011101101,01110001111,11100010101,11110100001,10011010011,11101001010,01101011001,10100111011,00111110100,01001100111,11010111010
10011101101,01110001111,11100010101,11110100001,10011010011,11101001010,01101011001,10100111011,00111110100,01001100111,11010111010
01011010011,00010110111,10011111000,10110010101,11111100110,11000011110,10101110011,11110101011,00111001110,10001001101,01101111101
11011010111,01111011010,10001011011,00110110110,01101110101,01010111101,10111001101,10011110000,11100011100,01001101110,11110100011
01111001101,11001101011,00010111011,11011010111,10101110101,11111110000,11110100111,11000111100,01101110110,10011101110,10100011010
01011001110,11000101000,01010110001,10001110111,00101101101,10010011101,11110000111,00110111110,11101010100,10111001010,01100011011
00100011101,11000111110,01110110100,10010010111,01011101111,11011011100,11101000110,00111111010,11110011011,11001110001,10110101101
11001101010,01111011001,01010010010,10111000111,10011110000,10110101010,00101111110,11100011100,01111100100,00010101101,11100110011
00100011101,11000111110,01110110100,10010010111,01011101111,11011011100,11101000110,00111111010,11110011011,11001110001,10110101101
00001111001,11001101101,00111100101,00010101110,01100101011,01110011100,10100011111,01001010111,11010110001,11101110010,10011001011
01111001101,11001101011,00010111011,11011010111,10101110101,11111110000,11110100111,11000111100,01101110110,10011101110,10100011010
01011010011,10010001110,00111100111,11011101001,10010110101,10001111011,10111010000,00101011101,11100000111,01001110100,01110111010
01011010011,10010001110,00111100111,11011101001,10010110101,10001111011,10111010000,00101011101,11100000111,01001110100,01110111010
00001111001,11001101101,00111100101,00010101110,01100101011,01110011100,10100011111,01001010111,11010110001,11101110010,10011001011
01011001110,11000101000,01010110001,10001110111,00101101101,10010011101,11110000111,00110111110,11101010100,10111001010,01100011011
11001111001,00101001111,01011010010,10110011010,11111000001,11100010110,10011100010,01111101100,01110100011,00010110101,11010001111
10101011001,11000011110,10011110110,00010111001,11110010100,01100110011,00110001111,00101111100,01111001010,11001101101,01011010101
01001101011,00111101100,01011010101,10011110001,11100001001,00100110111,00111011010,01010111100,11110100010,10010001111,11001010110
01011001110,11000101000,01010110001,10001110111,00101101101,10010011101,11110000111,00110111110,11101010100,10111001010,01100011011
01011001110,11000101000,01010110001,10001110111,00101101101,10010011101,11110000111,00110111110,11101010100,10111001010,01100011011
01001100101,11110010100,01010110011,10011111000,11100001001,00110101100,01101011010,10000111110,11011100010,00011001111,10101110011
01001100101,11110010100,01010110011,10011111000,11100001001,00110101100,01101011010,10000111110,11011100010,00011001111,10101110011
10010111001,01011001101,11011010011,11111010100,01100110111,11101101001,10001011110,00111111010,11110001010,11011100110,10111000111
00100011101,11000111110,01110110100,10010010111,01011101111,11011011100,11101000110,00111111010,11110011011,11001110001,10110101101
00010111011,10111111100,10000011101,01011001110,11110110110,01001110100,10011100111,01110101101,00101010111,11101101010,11111010001
01011010011,00010110111,10011111000,10110010101,11111100110,11000011110,10101110011,11110101011,00111001110,10001001101,01101111101
11001111001,00101001111,01011010010,10110011010,11111000001,11100010110,10011100010,01111101100,01110100011,00010110101,11010001111
10011101101,01110001111,11100010101,11110100001,10011010011,11101001010,01101011001,10100111011,00111110100,01001100111,11010111010
01011010011,00010110111,10011111000,10110010101,11111100110,11000011110,10101110011,11110101011,00111001110,10001001101,01101111101
01001101011,00111101100,01011010101,10011110001,11100001001,00100110111,00111011010,01010111100,11110100010,10010001111,11001010110
10010111001,01011001101,11011010011,11111010100,01100110111,11101101001,10001011110,00111111010,11110001010,11011100110,10111000111
11001101010,01111011001,01010010010,10111000111,10011110000,10110101010,00101111110,11100011100,01111100100,00010101101,11100110011
11001111001,00101001111,01011010010,10110011010,11111000001,11100010110,10011100010,01111101100,01110100011,00010110101,11010001111
01001100101,11110010100,01010110011,10011111000,11100001001,00110101100,01101011010,10000111110,11011100010,00011001111,10101110011
11011010111,01111011010,10001011011,00110110110,01101110101,01010111101,10111001101,10011110000,11100011100,01001101110,11110100011
00001111001,11001101101,00111100101,00010101110,01100101011,01110011100,10100011111,01001010111,11010110001,11101110010,10011001011
01001100101,11110010100,01010110011,10011111000,11100001001,00110101100,01101011010,10000111110,11011100010,00011001111,10101110011
01001100101,11110010100,01010110011,10011111000,11100001001,00110101100,01101011010,10000111110,11011100010,00011001111,10101110011
11011010111,01111011010,10001011011,00110110110,01101110101,01010111101,10111001101,10011110000,11100011100,01001101110,11110100011
00001111001,11001101101,00111100101,00010101110,01100101011,01110011100,10100011111,01001010111,11010110001,11101110010,10011001011
010,010010,0001011011,01111000111,00011010111,111000010100,0010011011,011100011101101,0101011,1101111011,11001101101,01011010111010
01001100101,11110010100,01010110011,10011111000,11100001001,00110101100,01101011010,10000111110,11011100010,00011001111,10101110011
01011010011,10010001110,00111100111,11011101001,10010110101,10001111011,10111010000,00101011101,11100000111,01001110100,01110111010
01011010011,00010110111,10011111000,10110010101,11111100110,11000011110,10101110011,11110101011,00111001110,10001001101,01101111101
00100011101,11000111110,01110110100,10010010111,01011101111,11011011100,11101000110,00111111010,11110011011,11001110001,10110101101
10111011001,11000101000,00011100011,11001010111,01011001100,11110010010,10110100101,10010111110,01101110100,10101001110,01100011111
11001101010,01111011001,01010010010,10111000111,10011110000,10110101010,00101111110,11100011100,01111100100,00010101101,11100110011
11011010111,01111011010,10001011011,00110110110,01101110101,01010111101,10111001101,10011110000,11100011100,01001101110,11110100011
01011010011,10010001110,00111100111,11011101001,10010110101,10001111011,10111010000,00101011101,11100000111,01001110100,01110111010
11011010111,01111011010,10001011011,00110110110,01101110101,01010111101,10111001101,10011110000,11100011100,01001101110,11110100011
10010111001,01011001101,11011010011,11111010100,01100110111,11101101001,10001011110,00111111010,11110001010,11011100110,10111000111
01011010011,10010001110,00111100111,11011101001,10010110101,10001111011,10111010000,00101011101,11100000111,01001110100,01110111010
10010111001,01011001101,11011010011,11111010100,01100110111,11101101001,10001011110,00111111010,11110001010,11011100110,10111000111
11001101010,01111011001,01010010010,10111000111,10011110000,10110101010,00101111110,11100011100,01111100100,00010101101,11100110011
11011010111,01111011010,10001011011,00110110110,01101110101,01010111101,10111001101,10011110000,11100011100,01001101110,11110100011
01001101011,00111101100,01011010101,10011110001,11100001001,00100110111,00111011010,01010111100,11110100010,10010001111,11001010110
00100011101,11000111110,01110110100,10010010111,01011101111,11011011100,11101000110,00111111010,11110011011,11001110001,10110101101
10111011001,11000101000,00011100011,11001010111,01011001100,11110010010,10110100101,10010111110,01101110100,10101001110,01100011111
01011010011,10010001110,00111100111,11011101001,10010110101,10001111011,10111010000,00101011101,11100000111,01001110100,01110111010
00010111011,10111111100,10000011101,01011001110,11110110110,01001110100,10011100111,01110101101,00101010111,11101101010,11111010001
10101011001,11000011110,10011110110,00010111001,11110010100,01100110011,00110001111,00101111100,01111001010,11001101101,01011010101
01011001110,11000101000,01010110001,10001110111,00101101101,10010011101,11110000111,00110111110,11101010100,10111001010,01100011011
01001100101,11110010100,01010110011,10011111000,11100001001,00110101100,01101011010,10000111110,11011100010,00011001111,10101110011
10111011001,11000101000,00011100011,11001010111,01011001100,11110010010,10110100101,10010111110,01101110100,10101001110,01100011111
10010111001,01011001101,11011010011,11111010100,01100110111,11101101001,10001011110,00111111010,11110001010,11011100110,10111000111
10011101101,01110001111,11100010101,11110100001,10011010011,11101001010,01101011001,10100111011,00111110100,01001100111,11010111010
10011101101,01110001111,11100010101,11110100001,10011010011,11101001010,01101011001,10100111011,00111110100,01001100111,11010111010
10110010100,01011001110,10000100111,01010111011,00111100101,11011110001,10101011101,10111101010,11110000011,01101110010,11100101100
01011010011,00010110111,10011111000,10110010101,11111100110,11000011110,10101110011,11110101011,00111001110,10001001101,01101111101
01111001101,11001101011,00010111011,11011010111,10101110101,11111110000,11110100111,11000111100,01101110110,10011101110,10100011010
10010111001,01011001101,11011010011,11111010100,01100110111,11101101001,10001011110,00111111010,11110001010,11011100110,10111000111
10011101101,01110001111,11100010101,11110100001,10011010011,11101001010,01101011001,10100111011,00111110100,01001100111,11010111010
10110010100,01011001110,10000100111,01010111011,00111100101,11011110001,10101011101,10111101010,11110000011,01101110010,11100101100
01001100101,11110010100,01010110011,10011111000,11100001001,00110101100,01101011010,10000111110,11011100010,00011001111,10101110011
01011010011,10010001110,00111100111,11011101001,10010110101,10001111011,10111010000,00101011101,11100000111,01001110100,01110111010
10101011101,01101101100,01111010110,11011110001,11110001000,10111100011,10011111010,00110111101,01101011011,11100110110,11010001111
00100011101,11000111110,01110110100,10010010111,01011101111,11011011100,11101000110,00111111010,11110011011,11001110001,10110101101
10110010100,01011001110,10000100111,01010111011,00111100101,11011110001,10101011101,10111101010,11110000011,01101110010,11100101100
01011010011,10010001110,00111100111,11011101001,10010110101,10001111011,10111010000,00101011101,11100000111,01001110100,01110111010
10011101101,01110001111,11100010101,11110100001,10011010011,11101001010,01101011001,10100111011,00111110100,01001100111,11010111010
01001100101,11110010100,01010110011,10011111000,11100001001,00110101100,01101011010,10000111110,11011100010,00011001111,10101110011
00100011101,11000111110,01110110100,10010010111,01011101111,11011011100,11101000110,00111111010,11110011011,11001110001,10110101101
10010111001,01011001101,11011010011,11111010100,01100110111,11101101001,10001011110,00111111010,11110001010,11011100110,10111000111
00100011101,11000111110,01110110100,10010010111,01011101111,11011011100,11101000110,00111111010,11110011011,11001110001,10110101101
01011001110,11000101000,01010110001,10001110111,00101101101,10010011101,11110000111,00110111110,11101010100,10111001010,01100011011
11001101010,01111011001,01010010010,10111000111,10011110000,10110101010,00101111110,11100011100,01111100100,00010101101,11100110011
10111011001,11000101000,00011100011,11001010111,01011001100,11110010010,10110100101,10010111110,01101110100,10101001110,01100011111
00001111001,11001101101,00111100101,00010101110,01100101011,01110011100,10100011111,01001010111,11010110001,11101110010,10011001011
00100011101,11000111110,01110110100,10010010111,01011101111,11011011100,11101000110,00111111010,11110011011,11001110001,10110101101
10011101101,01110001111,11100010101,11110100001,10011010011,11101001010,01101011001,10100111011,00111110100,01001100111,11010111010
01011010011,10010001110,00111100111,11011101001,10010110101,10001111011,10111010000,00101011101,11100000111,01001110100,01110111010
00010111011,10111111100,10000011101,01011001110,11110110110,01001110100,10011100111,01110101101,00101010111,11101101010,11111010001
00001111001,11001101101,00111100101,00010101110,01100101011,01110011100,10100011111,01001010111,11010110001,11101110010,10011001011
01001100101,11110010100,01010110011,10011111000,11100001001,00110101100,01101011010,10000111110,11011100010,00011001111,10101110011
10101011101,01101101100,01111010110,11011110001,11110001000,10111100011,10011111010,00110111101,01101011011,11100110110,11010001111
01001100101,11110010100,01010110011,10011111001,111000001,111101010101001110001110110,111001110,0010,110111000100,110011011,10101110011
01011010011,10010001110,00111100111,11011101001,10010110101,10001111011,10111010000,00101011101,11100000111,01001110100,01110111010
00010111011,10111111100,10000011101,01011001110,11110110110,01001110100,10011100111,01110101101,00101010111,11101101010,11111010001
11001101010,01111011001,01010010010,10111000111,10011110000,10110101010,00101111110,11100011100,01111100100,00010101101,11100110011
10011101101,01110001111,11100010101,11110100001,10011010011,11101001010,01101011001,10100111011,00111110100,01001100111,11010111010
11011010111,01111011010,10001011011,00110110110,01101110101,01010111101,10111001101,10011110000,11100011100,01001101110,11110100011
00100011101,11000111110,01110110100,10010010111,01011101111,11011011100,11101000110,00111111010,11110011011,11001110001,10110101101
01001100101,11110010100,01010110011,10011111000,11100001001,00110101100,01101011010,10000111110,11011100010,00011001111,10101110011
11011010111,01111011010,10001011011,00110110110,01101110101,01010111101,10111001101,10011110000,11100011100,01001101110,11110100011
00100011101,11000111110,01110110100,10010010111,01011101111,11011011100,11101000110,00111111010,11110011011,11001110001,10110101101
00100011101,11000111110,01110110100,10010010111,01011101111,11011011100,11101000110,00111111010,11110011011,11001110001,10110101101
01001100101,11110010100,01010110011,10011111000,11100001001,00110101100,01101011010,10000111110,11011100010,00011001111,10101110011
10101011001,11000011110,10011110110,00010111001,11110010100,01100110011,00110001111,00101111100,01111001010,11001101101,01011010101
00100011101,11000111110,01110110100,10010010111,01011101111,11011011100,11101000110,00111111010,11110011011,11001110001,10110101101
00001111001,11001101101,00111100101,00010101110,01100101011,01110011100,10100011111,01001010111,11010110001,11101110010,10011001011
10010111001,01011001101,11011010011,11111010100,01100110111,11101101001,10001011110,00111111010,11110001010,11011100110,10111000111
00100011101,11000111110,01110110100,10010010111,01011101111,11011011100,11101000110,00111111010,11110011011,11001110001,10110101101
00010111011,10111111100,10000011101,01011001110,11110110110,01001110100,10011100111,01110101101,00101010111,11101101010,11111010001
00100011101,11000111110,01110110100,10010010111,01011101111,11011011100,11101000110,00111111010,11110011011,11001110001,10110101101
11001101010,01111011001,01010010010,10111000111,10011110000,10110101010,00101111110,11100011100,01111100100,00010101101,11100110011
10110010100,01011001110,10000100111,01010111011,00111100101,11011110001,10101011101,10111101010,11110000011,01101110010,11100101100
01011010011,00010110111,10011111000,10110010101,11111100110,11000011110,10101110011,11110101011,00111001110,10001001101,01101111101
10110010100,01011001110,10000100111,01010111011,00111100101,11011110001,10101011101,10111101010,11110000011,01101110010,11100101100
00001111001,11001101101,00111100101,00010101110,01100101011,01110011100,10100011111,01001010111,11010110001,11101110010,10011001011
10011101101,01110001111,11100010101,11110100001,10011010011,11101001010,01101011001,10100111011,00111110100,01001100111,11010111010
10111011001,11000101000,00011100011,11001010111,01011001100,11110010010,10110100101,10010111110,01101110100,10101001110,01100011111
10010111001,01011001101,11011010011,11111010100,01100110111,11101101001,10001011110,00111111010,11110001010,11011100110,10111000111
11011010111,01111011010,10001011011,00110110110,01101110101,01010111101,10111001101,10011110000,11100011100,01001101110,11110100011
00100011101,11000111110,01110110100,10010010111,01011101111,11011011100,11101000110,00111111010,11110011011,11001110001,10110101101
10011101101,01110001111,11100010101,11110100001,10011010011,11101001010,01101011001,10100111011,00111110100,01001100111,11010111010
00100011101,11000111110,01110110100,10010010111,01011101111,11011011100,11101000110,00111111010,11110011011,11001110001,10110101101
10111011001,11000101000,00011100011,11001010111,01011001100,11110010010,10110100101,10010111110,01101110100,10101001110,01100011111
00001111001,11001101101,00111100101,00010101110,01100101011,01110011100,10100011111,01001010111,11010110001,11101110010,10011001011
10011101101,01110001111,11100010101,11110100001,10011010011,11101001010,01101011001,10100111011,00111110100,01001100111,11010111010
11011010111,01111011010,10001011011,00110110110,01101110101,01010111101,10111001101,10011110000,11100011100,01001101110,11110100011
01011001110,11000101000,01010110001,10001110111,00101101101,10010011101,11110000111,00110111110,11101010100,10111001010,01100011011
01111001101,11001101011,00010111011,11011010111,10101110101,11111110000,11110100111,11000111100,01101110110,10011101110,10100011010
01011010011,10010001110,00111100111,11011101001,10010110101,10001111011,10111010000,00101011101,11100000111,01001110100,01110111010
10110010100,01011001110,10000100111,01010111011,00111100101,11011110001,10101011101,10111101010,11110000011,01101110010,11100101100
01001100101,11110010100,01010110011,10011111000,11100001001,00110101100,01101011010,10000111110,11011100010,00011001111,10101110011
10110010100,01011001110,10000100111,01010111011,00111100101,11011110001,10101011101,10111101010,11110000011,01101110010,11100101100
10101011101,01101101100,01111010110,11011110001,11110001000,10111100011,10011111010,00110111101,01101011011,11100110110,11010001111
01011010011,10010001110,00111100111,11011101001,10010110101,10001111011,10111010000,00101011101,11100000111,01001110100,01110111010
00001111001,11001101101,00111100101,00010101110,01100101011,01110011100,10100011111,01001010111,11010110001,11101110010,10011001011
10111011001,11000101000,00011100011,11001010111,01011001100,11110010010,10110100101,10010111110,01101110100,10101001110,01100011111
01011010011,00010110111,10011111000,10110010101,11111100110,11000011110,10101110011,11110101011,00111001110,10001001101,01101111101
01011001110,11000101000,01010110001,10001110111,00101101101,10010011101,11110000111,00110111110,11101010100,10111001010,01100011011
10101011001,11000011110,10011110110,00010111001,11110010100,01100110011,00110001111,00101111100,01111001010,11001101101,01011010101
01001100101,11110010100,01010110011,10011111000,11100001001,00110101100,01101011010,10000111110,11011100010,00011001111,10101110011
10101011001,11000011110,10011110110,00010111001,11110010100,01100110011,00110001111,00101111100,01111001010,11001101101,01011010101
01001101011,00111101100,01011010101,10011110001,11100001001,00100110111,00111011010,01010111100,11110100010,10010001111,11001010110
10011101101,01110001111,11100010101,11110100001,10011010011,11101001010,01101011001,10100111011,00111110100,01001100111,11010111010
01011010011,10010001110,00111100111,11011101001,10010110101,10001111011,10111010000,00101011101,11100000111,01001110100,01110111010
11001101010,01111011001,01010010010,10111000111,10011110000,10110101010,00101111110,11100011100,01111100100,00010101101,11100110011
00001111001,11001101101,00111100101,00010101110,01100101011,01110011100,10100011111,01001010111,11010110001,11101110010,10011001011
11001101010,01111011001,01010010010,10111000111,10011110000,10110101010,00101111110,11100011100,01111100100,00010101101,11100110011
10101011101,01101101100,01111010110,11011110001,11110001000,10111100011,10011111010,00110111101,01101011011,11100110110,11010001111
01011010011,10010001110,00111100111,11011101001,10010110101,10001111011,10111010000,00101011101,11100000111,01001110100,01110111010
01011010011,10010001110,00111100111,11011101001,10010110101,10001111011,10111010000,00101011101,11100000111,01001110100,01110111010
01011010011,00010110111,10011111000,10110010101,11111100110,11000011110,10101110011,11110101011,00111001110,10001001101,01101111101
10110010100,01011001110,10000100111,01010111011,00111100101,11011110001,10101011101,10111101010,11110000011,01101110010,11100101100
01001101011,00111101100,01011010101,10011110001,11100001001,00100110111,00111011010,01010111100,11110100010,10010001111,11001010110
01001100101,11110010100,01010110011,10011111000,11100001001,00110101100,01101011010,10000111110,11011100010,00011001111,10101110011
10110010100,01011001110,10000100111,01010111011,00111100101,11011110001,10101011101,10111101010,11110000011,01101110010,11100101100
10011101101,01110001111,11100010101,11110100001,10011010011,11101001010,01101011001,10100111011,00111110100,01001100111,11010111010
01011010011,10010001110,00111100111,11011101001,10010110101,10001111011,10111010000,00101011101,11100000111,01001110100,01110111010
10011101101,01110001111,11100010101,11110100001,10011010011,11101001010,01101011001,10100111011,00111110100,01001100111,11010111010
11011010111,01111011010,10001011011,00110110110,01101110101,01010111101,10111001101,10011110000,11100011100,01001101110,11110100011
01001101011,00111101100,01011010101,10011110001,11100001001,00100110111,00111011010,01010111100,11110100010,10010001111,11001010110
01001101011,00111101100,01011010101,10011110001,11100001001,00100110111,00111011010,01010111100,11110100010,10010001111,11001010110
01111001101,11001101011,00010111011,11011010111,10101110101,11111110000,11110100111,11000111100,01101110110,10011101110,10100011010
10101011101,01101101100,01111010110,11011110001,11110001000,10111100011,10011111010,00110111101,01101011011,11100110110,11010001111
10101011101,01101101100,01111010110,11011110001,11110001000,10111100011,10011111010,00110111101,01101011011,11100110110,11010001111
11011010111,01111011010,10001011011,00110110110,01101110101,01010111101,10111001101,10011110000,11100011100,01001101110,11110100011
00100011101,11000111110,01110110100,10010010111,01011101111,11011011100,11101000110,00111111010,11110011011,11001110001,10110101101
10110010100,01011001110,10000100111,01010111011,00111100101,11011110001,10101011101,10111101010,11110000011,01101110010,11100101100
01001100101,11110010100,01010110011,10011111000,11100001001,00110101100,01101011010,10000111110,11011100010,00011001111,10101110011
10101011001,11000011110,10011110110,00010111001,11110010100,01100110011,00110001111,00101111100,01111001010,11001101101,01011010101
10010111001,01011001101,11011010011,11111010100,01100110111,11101101001,10001011110,00111111010,11110001010,11011100110,10111000111
01001101011,00111101100,01011010101,10011110001,11100001001,00100110111,00111011010,01010111100,11110100010,10010001111,11001010110
01111001101,11001101011,00010111011,11011010111,10101110101,11111110000,11110100111,11000111100,01101110110,10011101110,10100011010
01011010011,00010110111,10011111000,10110010101,11111100110,11000011110,10101110011,11110101011,00111001110,10001001101,01101111101
10101011101,01101101100,01111010110,11011110001,11110001000,10111100011,10011111010,00110111101,01101011011,11100110110,11010001111
00100011101,11000111110,01110110100,10010010111,01011101111,11011011100,11101000110,00111111010,11110011011,11001110001,10110101101
00100011101,11000111110,01110110100,10010010111,01011101111,11011011100,11101000110,00111111010,11110011011,11001110001,10110101101
01011010011,00010110111,10011111000,10110010101,11111100110,11000011110,10101110011,11110101011,00111001110,10001001101,01101111101
00001111001,11001101101,00111100101,00010101110,01100101011,01110011100,10100011111,01001010111,11010110001,11101110010,10011001011
10110010100,01011001110,10000100111,01010111011,00111100101,11011110001,10101011101,10111101010,11110000011,01101110010,11100101100
10101011101,01101101100,01111010110,11011110001,11110001000,10111100011,10011111010,00110111101,01101011011,11100110110,11010001111
01011010011,10010001110,00111100111,11011101001,10010110101,10001111011,10111010000,00101011101,11100000111,01001110100,01110111010
01001100101,11110010100,01010110011,10011111000,11100001001,00110101100,01101011010,10000111110,11011100010,00011001111,10101110011
01011010011,10010001110,00111100111,11011101001,10010110101,10001111011,10111010000,00101011101,11100000111,01001110100,01110111010
01011010011,00010110111,10011111000,10110010101,11111100110,11000011110,10101110011,11110101011,00111001110,10001001101,01101111101
01111001101,11001101011,00010111011,11011010111,10101110101,11111110000,11110100111,11000111100,01101110110,10011101110,10100011010
11001101010,01111011001,01010010010,10111000111,10011110000,10110101010,00101111110,11100011100,01111100100,00010101101,11100110011
10010111001,01011001101,11011010011,11111010100,01100110111,11101101001,10001011110,00111111010,11110001010,11011100110,10111000111
0111000111100,01011001101,100100101110,111110111,001111010,11101101111110,0110101101,001111100,,111110101101,10101,0011
01011010011,10010001110,00111100111,11011101001,10010110101,10001111011,10111010000,00101011101,11100000111,01001110100,01110111010
01111001101,11001101011,00010111011,11011010111,10101110101,11111110000,11110100111,11000111100,01101110110,10011101110,10100011010
10111011001,11000101000,00011100011,11001010111,01011001100,11110010010,10110100101,10010111110,01101110100,10101001110,01100011111
01011010011,10010001110,00111100111,11011101001,10010110101,10001111011,10111010000,00101011101,11100000111,01001110100,01110111010
1111001110,110011010110111,110011111011,111110111,00101011011100,01110001111011100110001100,0010100101010110111011,11011101,11101,11100110011
01001100101,11110010100,01010110011,10011111000,11100001001,00110101100,01101011010,10000111110,11011100010,00011001111,10101110011
11001101010,01111011001,01010010010,10111000111,10011110000,10110101010,00101111110,11100011100,01111100100,00010101101,11100110011
01011001110,11000101000,01010110001,10001110111,00101101101,10010011101,11110000111,00110111110,11101010100,10111001010,01100011011
01001100101,11110010100,01010110011,10011111000,11100001001,00110101100,01101011010,10000111110,11011100010,00011001111,10101110011
10101011101,01101101100,01111010110,11011110001,11110001000,10111100011,10011111010,00110111101,01101011011,11100110110,11010001111
01011010011,00010110111,10011111000,10110010101,11111100110,11000011110,10101110011,11110101011,00111001110,10001001101,01101111101
00010111011,10111111100,10000011101,01011001110,11110110110,01001110100,10011100111,01110101101,00101010111,11101101010,11111010001
01001100101,11110010100,01010110011,10011111000,11100001001,00110101100,01101011010,10000111110,11011100010,00011001111,10101110011
10101011001,11000011110,10011110110,00010111001,11110010100,01100110011,00110001111,00101111100,01111001010,11001101101,01011010101
00100011101,11000111110,01110110100,10010010111,01011101111,11011011100,11101000110,00111111010,11110011011,11001110001,10110101101
00100011101,11000111110,01110110100,10010010111,01011101111,11011011100,11101000110,00111111010,11110011011,11001110001,10110101101
01001101011,00111101100,01011010101,10011110001,11100001001,00100110111,00111011010,01010111100,11110100010,10010001111,11001010110
10011101101,01110001111,11100010101,11110100001,10011010011,11101001010,01101011001,10100111011,00111110100,01001100111,11010111010
00100011101,11000111110,01110110100,10010010111,01011101111,11011011100,11101000110,00111111010,11110011011,11001110001,10110101101
01001100101,11110010100,01010110011,10011111000,11100001001,00110101100,01101011010,10000111110,11011100010,00011001111,10101110011
10011101101,01110001111,11100010101,11110100001,10011010011,11101001010,01101011001,10100111011,00111110100,01001100111,11010111010
01011010011,00010110111,10011111000,10110010101,11111100110,11000011110,10101110011,11110101011,00111001110,10001001101,01101111101
00100011101,11000111110,01110110100,10010010111,01011101111,11011011100,11101000110,00111111010,11110011011,11001110001,10110101101
01011010011,00010110111,10011111000,10110010101,11111100110,11000011110,10101110011,11110101011,00111001110,10001001101,01101111101
00001111001,11001101101,00111100101,00010101110,01100101011,01110011100,10100011111,01001010111,11010110001,11101110010,10011001011
01011010011,10010001110,00111100111,11011101001,10010110101,10001111011,10111010000,00101011101,11100000111,01001110100,01110111010
00010111011,10111111100,10000011101,01011001110,11110110110,01001110100,10011100111,01110101101,00101010111,11101101010,11111010001
01001100101,11110010100,01010110011,10011111000,11100001001,00110101100,01101011010,10000111110,11011100010,00011001111,10101110011
01111001101,11001101011,00010111011,11011010111,10101110101,11111110000,11110100111,11000111100,01101110110,10011101110,10100011010
01001100101,11110010100,01010110011,10011111000,11100001001,00110101100,01101011010,10000111110,11011100010,00011001111,10101110011
00100011101,11000111110,01110110100,10010010111,01011101111,11011011100,11101000110,00111111010,11110011011,11001110001,10110101101
10010111001,01011001101,11011010011,11111010100,01100110111,11101101001,10001011110,00111111010,11110001010,11011100110,10111000111
11001101010,01111011001,01010010010,10111000111,10011110000,10110101010,00101111110,11100011100,01111100100,00010101101,11100110011
10110010100,01011001110,10000100111,01010111011,00111100101,11011110001,10101011101,10111101010,11110000011,01101110010,11100101100
10010111001,01011001101,11011010011,11111010100,01100110111,11101101001,10001011110,00111111010,11110001010,11011100110,10111000111
10101011101,01101101100,01111010110,11011110001,11110001000,10111100011,10011111010,00110111101,01101011011,11100110110,11010001111
10011101101,01110001111,11100010101,11110100001,10011010011,11101001010,01101011001,10100111011,00111110100,01001100111,11010111010
10110010100,01011001110,10000100111,01010111011,00111100101,11011110001,10101011101,10111101010,11110000011,01101110010,11100101100
01001100101,11110010100,01010110011,10011111000,11100001001,00110101100,01101011010,10000111110,11011100010,00011001111,10101110011
00010111011,10111111100,10000011101,01011001110,11110110110,01001110100,10011100111,01110101101,00101010111,11101101010,11111010001
11011010111,01111011010,10001011011,00110110110,01101110101,01010111101,10111001101,10011110000,11100011100,01001101110,11110100011
10110010100,01011001110,10000100111,01010111011,00111100101,11011110001,10101011101,10111101010,11110000011,01101110010,11100101100
00001111001,11001101101,00111100101,00010101110,01100101011,01110011100,10100011111,01001010111,11010110001,11101110010,10011001011
01011010011,00010110111,10011111000,10110010101,11111100110,11000011110,10101110011,11110101011,00111001110,10001001101,01101111101
01011010011,10010001110,00111100111,11011101001,10010110101,10001111011,10111010000,00101011101,11100000111,01001110100,01110111010
11011010111,01111011010,10001011011,00110110110,01101110101,01010111101,10111001101,10011110000,11100011100,01001101110,11110100011
10110010100,01011001110,10000100111,01010111011,00111100101,11011110001,10101011101,10111101010,11110000011,01101110010,11100101100
01001100101,11110010100,01010110011,10011111000,11100001001,00110101100,01101011010,10000111110,11011100010,00011001111,10101110011
01111001101,11001101011,00010111011,11011010111,10101110101,11111110000,11110100111,11000111100,01101110110,10011101110,10100011010
01011010011,00010110111,10011111000,10110010101,11111100110,11000011110,10101110011,11110101011,00111001110,10001001101,01101111101
01001100101,11110010100,01010110011,10011111000,11100001001,00110101100,01101011010,10000111110,11011100010,00011001111,10101110011
10011101101,01110001111,11100010101,11110100001,10011010011,11101001010,01101011001,10100111011,00111110100,01001100111,11010111010
01011010011,00010110111,10011111000,10110010101,11111100110,11000011110,10101110011,11110101011,00111001110,10001001101,01101111101
10111011001,11000101000,00011100011,11001010111,01011001100,11110010010,10110100101,10010111110,01101110100,10101001110,01100011111
11011010111,01111011010,10001011011,00110110110,01101110101,01010111101,10111001101,10011110000,11100011100,01001101110,11110100011
10101011101,01101101100,01111010110,11011110001,11110001000,10111100011,10011111010,00110111101,01101011011,11100110110,11010001111
00100011101,11000111110,01110110100,10010010111,01011101111,11011011100,11101000110,00111111010,11110011011,11001110001,10110101101
11011010111,01111011010,10001011011,00110110110,01101110101,01010111101,10111001101,10011110000,11100011100,01001101110,11110100011
10101011101,01101101100,01111010110,11011110001,11110001000,10111100011,10011111010,00110111101,01101011011,11100110110,11010001111
10011101101,01110001111,11100010101,11110100001,10011010011,11101001010,01101011001,10100111011,00111110100,01001100111,11010111010
11011010111,01111011010,10001011011,00110110110,01101110101,01010111101,10111001101,10011110000,11100011100,01001101110,11110100011
01001100101,11110010100,01010110011,10011111000,11100001001,00110101100,01101011010,10000111110,11011100010,00011001111,10101110011
10111011001,11000101000,00011100011,11001010111,01011001100,11110010010,10110100101,10010111110,01101110100,10101001110,01100011111
10110010100,01011001110,10000100111,01010111011,00111100101,11011110001,10101011101,10111101010,11110000011,01101110010,11100101100
10110010100,01011001110,10000100111,01010111011,00111100101,11011110001,10101011101,10111101010,11110000011,01101110010,11100101100
10110010100,01011001110,10000100111,01010111011,00111100101,11011110001,10101011101,10111101010,11110000011,01101110010,11100101100
10010111001,01011001101,11011010011,11111010100,01100110111,11101101001,10001011110,00111111010,11110001010,11011100110,10111000111
10111011001,11000101000,00011100011,11001010111,01011001100,11110010010,10110100101,10010111110,01101110100,10101001110,01100011111
01111001101,11001101011,00010111011,11011010111,10101110101,11111110000,11110100111,11000111100,01101110110,10011101110,10100011010
10101011001,11000011110,10011110110,00010111001,11110010100,01100110011,00110001111,00101111100,01111001010,11001101101,01011010101
01001101011,00111101100,01011010101,10011110001,11100001001,00100110111,00111011010,01010111100,11110100010,10010001111,11001010110
11001101010,01111011001,01010010010,10111000111,10011110000,10110101010,00101111110,11100011100,01111100100,00010101101,11100110011
01001100101,11110010100,01010110011,10011111000,11100001001,00110101100,01101011010,10000111110,11011100010,00011001111,10101110011
10010111001,01011001101,11011010011,11111010100,01100110111,11101101001,10001011110,00111111010,11110001010,11011100110,10111000111
01011010011,10010001110,00111100111,11011101001,10010110101,10001111011,10111010000,00101011101,11100000111,01001110100,01110111010
10101011001,11000011110,10011110110,00010111001,11110010100,01100110011,00110001111,00101111100,01111001010,11001101101,01011010101
01001100101,11110010100,01010110011,10011111000,11100001001,00110101100,01101011010,10000111110,11011100010,00011001111,10101110011
01001100101,11110010100,01010110011,10011111000,11100001001,00110101100,01101011010,10000111110,11011100010,00011001111,10101110011
01001100101,11110010100,01010110011,10011111000,11100001001,00110101100,01101011010,10000111110,11011100010,00011001111,10101110011
00100011101,11000111110,01110110100,10010010111,01011101111,11011011100,11101000110,00111111010,11110011011,11001110001,10110101101
10011101101,01110001111,11100010101,11110100001,10011010011,11101001010,01101011001,10100111011,00111110100,01001100111,11010111010
01011001110,11000101000,01010110001,10001110111,00101101101,10010011101,11110000111,00110111110,11101010100,10111001010,01100011011
00100011101,11000111110,01110110100,10010010111,01011101111,11011011100,11101000110,00111111010,11110011011,11001110001,10110101101
01001101011,00111101100,01011010101,10011110001,11100001001,00100110111,00111011010,01010111100,11110100010,10010001111,11001010110
01011001110,11000101000,01010110001,10001110111,00101101101,10010011101,11110000111,00110111110,11101010100,10111001010,01100011011
01001100101,11110010100,01010110011,10011111000,11100001001,00110101100,01101011010,10000111110,11011100010,00011001111,10101110011
01111001101,11001101011,00010111011,11011010111,10101110101,11111110000,11110100111,11000111100,01101110110,10011101110,10100011010
00100011101,11000111110,01110110100,10010010111,01011101111,11011011100,11101000110,00111111010,11110011011,11001110001,10110101101
01011010011,00010110111,10011111000,10110010101,11111100110,11000011110,10101110011,11110101011,00111001110,10001001101,01101111101
11011010111,01111011010,10001011011,00110110110,01101110101,01010111101,10111001101,10011110000,11100011100,01001101110,11110100011
01011010011,10010001110,00111100111,11011101001,10010110101,10001111011,10111010000,00101011101,11100000111,01001110100,01110111010
10011101101,01110001111,11100010101,11110100001,10011010011,11101001010,01101011001,10100111011,00111110100,01001100111,11010111010
00010111011,10111111100,10000011101,01011001110,11110110110,01001110100,10011100111,01110101101,00101010111,11101101010,11111010001
00100011101,11000111110,01110110100,10010010111,01011101111,11011011100,11101000110,00111111010,11110011011,11001110001,10110101101
00010111011,10111111100,10000011101,01011001110,11110110110,01001110100,10011100111,01110101101,00101010111,11101101010,11111010001
11001111001,00101001111,01011010010,10110011010,11111000001,11100010110,10011100010,01111101100,01110100011,00010110101,11010001111
10011101101,01110001111,11100010101,11110100001,10011010011,11101001010,01101011001,10100111011,00111110100,01001100111,11010111010
00010111011,10111111100,10000011101,01011001110,11110110110,01001110100,10011100111,01110101101,00101010111,11101101010,11111010001
01111001101,11001101011,00010111011,11011010111,10101110101,11111110000,11110100111,11000111100,01101110110,10011101110,10100011010
01011010011,10010001110,00111100111,11011101001,10010110101,10001111011,10111010000,00101011101,11100000111,01001110100,01110111010
10110010100,01011001110,10000100111,01010111011,00111100101,11011110001,10101011101,10111101010,11110000011,01101110010,11100101100
10011101101,01110001111,11100010101,11110100001,10011010011,11101001010,01101011001,10100111011,00111110100,01001100111,11010111010
01011010011,10010001110,00111100111,11011101001,10010110101,10001111011,10111010000,00101011101,11100000111,01001110100,01110111010
10010111001,01011001101,11011010011,11111010100,01100110111,11101101001,10001011110,00111111010,11110001010,11011100110,10111000111
11011010111,01111011010,10001011011,00110110110,01101110101,01010111101,10111001101,10011110000,11100011100,01001101110,11110100011
00001111001,11001101101,00111100101,00010101110,01100101011,01110011100,10100011111,01001010111,11010110001,11101110010,10011001011
00010111011,10111111100,10000011101,01011001110,11110110110,01001110100,10011100111,01110101101,00101010111,11101101010,11111010001
11011010111,01111011010,10001011011,00110110110,01101110101,01010111101,10111001101,10011110000,11100011100,01001101110,11110100011
01111001101,11001101011,00010111011,11011010111,10101110101,11111110000,11110100111,11000111100,01101110110,10011101110,10100011010
01001100101,11110010100,01010110011,10011111000,11100001001,00110101100,01101011010,10000111110,11011100010,00011001111,10101110011
01011001110,11000101000,01010110001,10001110111,00101101101,10010011101,11110000111,00110111110,11101010100,10111001010,01100011011
01001100101,11110010100,01010110011,10011111000,11100001001,00110101100,01101011010,10000111110,11011100010,00011001111,10101110011
11011010111,01111011010,10001011011,00110110110,01101110101,01010111101,10111001101,10011110000,11100011100,01001101110,11110100011
01001100101,11110010100,01010110011,10011111000,11100001001,00110101100,01101011010,10000111110,11011100010,00011001111,10101110011
10110010100,01011001110,10000100111,01010111011,00111100101,11011110001,10101011101,10111101010,11110000011,01101110010,11100101100
01011001110,11000101000,01010110001,10001110111,00101101101,10010011101,11110000111,00110111110,11101010100,10111001010,01100011011
01001101011,00111101100,01011010101,10011110001,11100001001,00100110111,00111011010,01010111100,11110100010,10010001111,11001010110
10010111001,01011001101,11011010011,11111010100,01100110111,11101101001,10001011110,00111111010,11110001010,11011100110,10111000111
00001111001,11001101101,00111100101,00010101110,01100101011,01110011100,10100011111,01001010111,11010110001,11101110010,10011001011
10101011001,11000011110,10011110110,00010111001,11110010100,01100110011,00110001111,00101111100,01111001010,11001101101,01011010101
10010111001,01011001101,11011010011,11111010100,01100110111,11101101001,10001011110,00111111010,11110001010,11011100110,10111000111
00001111001,11001101101,00111100101,00010101110,01100101011,01110011100,10100011111,01001010111,11010110001,11101110010,10011001011
10010111001,01011001101,11011010011,11111010100,01100110111,11101101001,10001011110,00111111010,11110001010,11011100110,10111000111
11011010111,01111011010,10001011011,00110110110,01101110101,01010111101,10111001101,10011110000,11100011100,01001101110,11110100011
01001100101,11110010100,01010110011,10011111000,11100001001,00110101100,01101011010,10000111110,11011100010,00011001111,10101110011
10101011001,11000011110,10011110110,00010111001,11110010100,01100110011,00110001111,00101111100,01111001010,11001101101,01011010101
10010111001,01011001101,11011010011,11111010100,01100110111,11101101001,10001011110,00111111010,11110001010,11011100110,10111000111
10011101101,01110001111,11100010101,11110100001,10011010011,11101001010,01101011001,10100111011,00111110100,01001100111,11010111010
00100011101,11000111110,01110110100,10010010111,01011101111,11011011100,11101000110,00111111010,11110011011,11001110001,10110101101
11001111001,00101001111,01011010010,10110011010,11111000001,11100010110,10011100010,01111101100,01110100011,00010110101,11010001111
01001100101,11110010100,01010110011,10011111000,11100001001,00110101100,01101011010,10000111110,11011100010,00011001111,10101110011
11001101010,01111011001,01010010010,10111000111,10011110000,10110101010,00101111110,11100011100,01111100100,00010101101,11100110011
00010111011,10111111100,10000011101,01011001110,11110110110,01001110100,10011100111,01110101101,00101010111,11101101010,11111010001
01001101011,00111101100,01011010101,10011110001,11100001001,00100110111,00111011010,01010111100,11110100010,10010001111,11001010110
10110010100,01011001110,10000100111,01010111011,00111100101,11011110001,10101011101,10111101010,11110000011,01101110010,11100101100
01011010011,00010110111,10011111000,10110010101,11111100110,11000011110,10101110011,11110101011,00111001110,10001001101,01101111101
10101011101,01101101100,01111010110,11011110001,11110001000,10111100011,10011111010,00110111101,01101011011,11100110110,11010001111
10101011001,11000011110,10011110110,00010111001,11110010100,01100110011,00110001111,00101111100,01111001010,11001101101,01011010101
00100011101,11000111110,01110110100,10010010111,01011101111,11011011100,11101000110,00111111010,11110011011,11001110001,10110101101
10011101101,01110001111,11100010101,11110100001,10011010011,11101001010,01101011001,10100111011,00111110100,01001100111,11010111010
01011010011,10010001110,00111100111,11011101001,10010110101,10001111011,10111010000,00101011101,11100000111,01001110100,01110111010
01011001110,11000101000,01010110001,10001110111,00101101101,10010011101,11110000111,00110111110,11101010100,10111001010,01100011011
10011101101,01110001111,11100010101,11110100001,10011010011,11101001010,01101011001,10100111011,00111110100,01001100111,11010111010
00010111011,10111111100,10000011101,01011001110,11110110110,01001110100,10011100111,01110101101,00101010111,11101101010,11111010001
10011101101,01110001111,11100010101,11110100001,10011010011,11101001010,01101011001,10100111011,00111110100,01001100111,11010111010
10101011101,01101101100,01111010110,11011110001,11110001000,10111100011,10011111010,00110111101,01101011011,11100110110,11010001111
10011101101,01110001111,11100010101,11110100001,10011010011,11101001010,01101011001,10100111011,00111110100,01001100111,11010111010
00010111011,10111111100,10000011101,01011001110,11110110110,01001110100,10011100111,01110101101,00101010111,11101101010,11111010001
01011001110,11000101000,01010110001,10001110111,00101101101,10010011101,11110000111,00110111110,11101010100,10111001010,01100011011
11001111001,00101001111,01011010010,10110011010,11111000001,11100010110,10011100010,01111101100,01110100011,00010110101,11010001111
10011101101,01110001111,11100010101,11110100001,10011010011,11101001010,01101011001,10100111011,00111110100,01001100111,11010111010
10010111001,01011001101,11011010011,11111010100,01100110111,11101101001,10001011110,00111111010,11110001010,11011100110,10111000111
10110010100,01011001110,10000100111,01010111011,00111100101,11011110001,10101011101,10111101010,11110000011,01101110010,11100101100
01011010011,10010001110,00111100111,11011101001,10010110101,10001111011,10111010000,00101011101,11100000111,01001110100,01110111010
00010111011,10111111100,10000011101,01011001110,11110110110,01001110100,10011100111,01110101101,00101010111,11101101010,11111010001
10011101101,01110001111,11100010101,11110100001,10011010011,11101001010,01101011001,10100111011,00111110100,01001100111,11010111010
11001101010,01111011001,01010010010,10111000111,10011110000,10110101010,00101111110,11100011100,01111100100,00010101101,11100110011
10010111001,01011001101,11011010011,11111010100,01100110111,11101101001,10001011110,00111111010,11110001010,11011100110,10111000111
11011010111,01111011010,10001011011,00110110110,01101110101,01010111101,10111001101,10011110000,11100011100,01001101110,11110100011
01011001110,11000101000,01010110001,10001110111,00101101101,10010011101,11110000111,00110111110,11101010100,10111001010,01100011011
01111001101,11001101011,00010111011,11011010111,10101110101,11111110000,11110100111,11000111100,01101110110,10011101110,10100011010
11001111001,00101001111,01011010010,10110011010,11111000001,11100010110,10011100010,01111101100,01110100011,00010110101,11010001111
01011001110,11000101000,01010110001,10001110111,00101101101,10010011101,11110000111,00110111110,11101010100,10111001010,01100011011
01011001110,11000101000,01010110001,10001110111,00101101101,10010011101,11110000111,00110111110,11101010100,10111001010,01100011011
10011101101,01110001111,11100010101,11110100001,10011010011,11101001010,01101011001,10100111011,00111110100,01001100111,11010111010
01001101011,00111101100,01011010101,10011110001,11100001001,00100110111,00111011010,01010111100,11110100010,10010001111,11001010110
01011010011,00010110111,10011111000,10110010101,11111100110,11000011110,10101110011,11110101011,00111001110,10001001101,01101111101
01011010011,00010110111,10011111000,10110010101,11111100110,11000011110,10101110011,11110101011,00111001110,10001001101,01101111101
11001111001,00101001111,01011010010,10110011010,11111000001,11100010110,10011100010,01111101100,01110100011,00010110101,11010001111
01011010011,10010001110,00111100111,11011101001,10010110101,10001111011,10111010000,00101011101,11100000111,01001110100,01110111010
10011101101,01110001111,11100010101,11110100001,10011010011,11101001010,01101011001,10100111011,00111110100,01001100111,11010111010
10110010100,01011001110,10000100111,01010111011,00111100101,11011110001,10101011101,10111101010,11110000011,01101110010,11100101100
10101011101,01101101100,01111010110,11011110001,11110001000,10111100011,10011111010,00110111101,01101011011,11100110110,11010001111
01011010011,00010110111,10011111000,10110010101,11111100110,11000011110,10101110011,11110101011,00111001110,10001001101,01101111101
10101011001,11000011110,10011110110,00010111001,11110010100,01100110011,00110001111,00101111100,01111001010,11001101101,01011010101
01011010011,00010110111,10011111000,10110010101,11111100110,11000011110,10101110011,11110101011,00111001110,10001001101,01101111101
10111011001,11000101000,00011100011,11001010111,01011001100,11110010010,10110100101,10010111110,01101110100,10101001110,01100011111
10110010100,01011001110,10000100111,01010111011,00111100101,11011110001,10101011101,10111101010,11110000011,01101110010,11100101100
01001101011,00111101100,01011010101,10011110001,11100001001,00100110111,00111011010,01010111100,11110100010,10010001111,11001010110
00010111011,10111111100,10000011101,01011001110,11110110110,01001110100,10011100111,01110101101,00101010111,11101101010,11111010001
01001100101,11110010100,01010110011,10011111000,11100001001,00110101100,01101011010,10000111110,11011100010,00011001111,10101110011
10111011001,11000101000,00011100011,11001010111,01011001100,11110010010,10110100101,10010111110,01101110100,10101001110,01100011111
01011010011,10010001110,00111100111,11011101001,10010110101,10001111011,10111010000,00101011101,11100000111,01001110100,01110111010
01011010011,00010110111,10011111000,10110010101,11111100110,11000011110,10101110011,11110101011,00111001110,10001001101,01101111101
10110010100,01011001110,10000100111,01010111011,00111100101,11011110001,10101011101,10111101010,11110000011,01101110010,11100101100
00100011101,11000111110,01110110100,10010010111,01011101111,11011011100,11101000110,00111111010,11110011011,11001110001,10110101101
11001101010,01111011001,01010010010,10111000111,10011110000,10110101010,00101111110,11100011100,01111100100,00010101101,11100110011
00100011101,11000111110,01110110100,10010010111,01011101111,11011011100,11101000110,00111111010,11110011011,11001110001,10110101101
01111001101,11001101011,00010111011,11011010111,10101110101,11111110000,11110100111,11000111100,01101110110,10011101110,10100011010
01001101011,00111101100,01011010101,10011110001,11100001001,00100110111,00111011010,01010111100,11110100010,10010001111,11001010110
10101011101,01101101100,01111010110,11011110001,11110001000,10111100011,10011111010,00110111101,01101011011,11100110110,11010001111
11001111001,00101001111,01011010010,10110011010,11111000001,11100010110,10011100010,01111101100,01110100011,00010110101,11010001111
11001111001,00101001111,01011010010,10110011010,11111000001,11100010110,10011100010,01111101100,01110100011,00010110101,11010001111
11001101010,01111011001,01010010010,10111000111,10011110000,10110101010,00101111110,11100011100,01111100100,00010101101,11100110011
10101011001,11000011110,10011110110,00010111001,11110010100,01100110011,00110001111,00101111100,01111001010,11001101101,01011010101
01011010011,10010001110,00111100111,11011101001,10010110101,10001111011,10111010000,00101011101,11100000111,01001110100,01110111010
01111001101,11001101011,00010111011,11011010111,10101110101,11111110000,11110100111,11000111100,01101110110,10011101110,10100011010
01001101011,00111101100,01011010101,10011110001,11100001001,00100110111,00111011010,01010111100,11110100010,10010001111,11001010110
01001101011,00111101100,01011010101,10011110001,11100001001,00100110111,00111011010,01010111100,11110100010,10010001111,11001010110
10011101101,01110001111,11100010101,11110100001,10011010011,11101001010,01101011001,10100111011,00111110100,01001100111,11010111010
10101011101,01101101100,01111010110,11011110001,11110001000,10111100011,10011111010,00110111101,01101011011,11100110110,11010001111
01111001101,11001101011,00010111011,11011010111,10101110101,11111110000,11110100111,11000111100,01101110110,10011101110,10100011010
11001101010,01111011001,01010010010,10111000111,10011110000,10110101010,00101111110,11100011100,01111100100,00010101101,11100110011
11011010111,01111011010,10001011011,00110110110,01101110101,01010111101,10111001101,10011110000,11100011100,01001101110,11110100011
01011001110,11000101000,01010110001,10001110111,00101101101,10010011101,11110000111,00110111110,11101010100,10111001010,01100011011
10011101101,01110001111,11100010101,11110100001,10011010011,11101001010,01101011001,10100111011,00111110100,01001100111,11010111010
10110010100,01011001110,10000100111,01010111011,00111100101,11011110001,10101011101,10111101010,11110000011,01101110010,11100101100
00100011101,11000111110,01110110100,10010010111,01011101111,11011011100,11101000110,00111111010,11110011011,11001110001,10110101101
10010111001,01011001101,11011010011,11111010100,01100110111,11101101001,10001011110,00111111010,11110001010,11011100110,10111000111
10110010100,01011001110,10000100111,01010111011,00111100101,11011110001,10101011101,10111101010,11110000011,01101110010,11100101100
10101011101,01101101100,01111010110,11011110001,11110001000,10111100011,10011111010,00110111101,01101011011,11100110110,11010001111
00100011101,11000111110,01110110100,10010010111,01011101111,11011011100,11101000110,00111111010,11110011011,11001110001,10110101101
1001101101,01110001111,11100010101,11110100001,10011010011,11101001010,01101011001,10100111011,00111110100,01001100111,11010111010
10101011001,11000011110,10011110110,00010111001,11110010100,01100110011,00110001111,00101111100,01111001010,11001101101,01011010101
00100011101,11000111110,01110110100,10010010111,01011101111,11011011100,11101000110,00111111010,11110011011,11001110001,10110101101
10110010100,01011001110,10000100111,01010111011,00111100101,11011110001,10101011101,10111101010,11110000011,01101110010,11100101100
01011010011,10010001110,00111100111,11011101001,10010110101,10001111011,10111010000,00101011101,11100000111,01001110100,01110111010
10010111001,01011001101,11011010011,11111010100,01100110111,11101101001,10001011110,00111111010,11110001010,11011100110,10111000111
11001101010,01111011001,01010010010,10111000111,10011110000,10110101010,00101111110,11100011100,01111100100,00010101101,11100110011
10110010100,01011001110,10000100111,01010111011,00111100101,11011110001,10101011101,10111101010,11110000011,01101110010,11100101100
10110010100,01011001110,10000100111,01010111011,00111100101,11011110001,10101011101,10111101010,11110000011,01101110010,11100101100
10110010100,01011001110,10000100111,01010111011,00111100101,11011110001,10101011101,10111101010,11110000011,01101110010,11100101100
01001100101,11110010100,01010110011,10011111000,11100001001,00110101100,01101011010,10000111110,11011100010,00011001111,10101110011
01011010011,10010001110,00111100111,11011101001,10010110101,10001111011,10111010000,00101011101,11100000111,01001110100,01110111010
10111011001,11000101000,00011100011,11001010111,01011001100,11110010010,10110100101,10010111110,01101110100,10101001110,01100011111
01001100101,11110010100,01010110011,10011111000,11100001001,00110101100,01101011010,10000111110,11011100010,00011001111,10101110011
01111001101,11001101011,00010111011,11011010111,10101110101,11111110000,11110100111,11000111100,01101110110,10011101110,10100011010
00001111001,11001101101,00111100101,00010101110,01100101011,01110011100,10100011111,01001010111,11010110001,11101110010,10011001011
01111001101,11001101011,00010111011,11011010111,10101110101,11111110000,11110100111,11000111100,01101110110,10011101110,10100011010
10110010100,01011001110,10000100111,01010111011,00111100101,11011110001,10101011101,10111101010,11110000011,01101110010,11100101100
01111001101,11001101011,00010111011,11011010111,10101110101,11111110000,11110100111,11000111100,01101110110,10011101110,10100011010
01011010011,00010110111,10011111000,10110010101,11111100110,11000011110,10101110011,11110101011,00111001110,10001001101,01101111101
01001100101,11110010100,01010110011,10011111000,11100001001,00110101100,01101011010,10000111110,11011100010,00011001111,10101110011
01011010011,00010110111,10011111000,10110010101,11111100110,11000011110,10101110011,11110101011,00111001110,10001001101,01101111101
10101011001,11000011110,10011110110,00010111001,11110010100,01100110011,00110001111,00101111100,01111001010,11001101101,01011010101
10101011101,01101101100,01111010110,11011110001,11110001000,10111100011,10011111010,00110111101,01101011011,11100110110,11010001111
10101011101,01101101100,01111010110,11011110001,11110001000,10111100011,10011111010,00110111101,01101011011,11100110110,11010001111
01001100101,11110010100,01010110011,10011111000,11100001001,00110101100,01101011010,10000111110,11011100010,00011001111,10101110011
00001111001,11001101101,00111100101,00010101110,01100101011,01110011100,10100011111,01001010111,11010110001,11101110010,10011001011
00001111001,11001101101,00111100101,00010101110,01100101011,01110011100,10100011111,01001010111,11010110001,11101110010,10011001011
01111001101,11001101011,00010111011,11011010111,10101110101,11111110000,11110100111,11000111100,01101110110,10011101110,10100011010
11001111001,00101001111,01011010010,10110011010,11111000001,11100010110,10011100010,01111101100,01110100011,00010110101,11010001111
00010111011,10111111100,10000011101,01011001110,11110110110,01001110100,10011100111,01110101101,00101010111,11101101010,11111010001
01001100101,11110010100,01010110011,10011111000,11100001001,00110101100,01101011010,10000111110,11011100010,00011001111,10101110011
10111011001,11000101000,00011100011,11001010111,01011001100,11110010010,10110100101,10010111110,01101110100,10101001110,01100011111
01001100101,11110010100,01010110011,10011111000,11100001001,00110101100,01101011010,10000111110,11011100010,00011001111,10101110011
10111011001,11000101000,0001110001,11001010111,01011001100,11110010010,10110100101,10010111110,01101110100,10101001110,01100011111
10110010100,01011001110,10000100111,01010111011,00111100101,11011110001,10101011101,10111101010,11110000011,01101110010,11100101100
10011101101,01110001111,11100010101,11110100001,10011010011,11101001010,01101011001,10100111011,00111110100,01001100111,11010111010
01011010011,00010110111,10011111000,10110010101,11111100110,11000011110,10101110011,11110101011,00111001110,10001001101,01101111101
01011010011,00010110111,10011111000,10110010101,11111100110,11000011110,10101110011,11110101011,00111001110,10001001101,01101111101
01011001110,11000101000,01010110001,10001110111,00101101101,10010011101,11110000111,00110111110,11101010100,10111001010,01100011011
01011010011,10010001110,00111100111,11011101001,10010110101,10001111011,10111010000,00101011101,11100000111,01001110100,01110111010
01011001110,11000101000,01010110001,10001110111,00101101101,100101110011111101,10110,00110111110,11101010100,10111001010,01100011011
01011010011,10010001110,00111100111,11011101001,10010110101,10001111011,10111010000,00101011101,11100000111,01001110100,01110111010
01011001110,11000101000,01010110001,10001110111,00101101101,10010011101,11110000111,00110111110,11101010100,10111001010,01100011011
00010111011,10111111100,10000011101,01011001110,11110110110,01001110100,10011100111,01110101101,00101010111,11101101010,11111010001
01011010011,00010110111,10011111000,10110010101,11111100110,11000011110,10101110011,11110101011,00111001110,10001001101,01101111101
01001100101,11110010100,01010110011,10011111000,11100001001,00110101100,01101011010,10000111110,11011100010,00011001111,10101110011
01011001110,11000101000,01010110001,10001110111,00101101101,10010011101,11110000111,00110111110,11101010100,10111001010,01100011011
10110010100,01011001110,10000100111,01010111011,00111100101,11011110001,10101011101,10111101010,11110000011,01101110010,11100101100
01011010011,10010001110,00111100111,11011101001,10010110101,10001111011,10111010000,00101011101,11100000111,01001110100,01110111010
00001111001,11001101101,00111100101,00010101110,01100101011,01110011100,10100011111,01001010111,11010110001,11101110010,10011001011
01011001110,11000101000,01010110001,10001110111,00101101101,10010011101,11110000111,00110111110,11101010100,10111001010,01100011011
10110010100,01011001110,10000100111,01010111011,00111100101,11011110001,10101011101,10111101010,11110000011,01101110010,11100101100
01011010011,00010110111,10011111000,10110010101,11111100110,11000011110,10101110011,11110101011,00111001110,10001001101,01101111101
01011001110,11000101000,01010110001,10001110111,00101101101,10010011101,11110000111,00110111110,11101010100,10111001010,01100011011
00100011101,11000111110,01110110100,10010010111,01011101111,11011011100,11101000110,00111111010,11110011011,11001110001,10110101101
00010111011,10111111100,10000011101,01011001110,11110110110,01001110100,10011100111,01110101101,00101010111,11101101010,11111010001
10111011001,11000101000,00011100011,11001010111,01011001100,11110010010,10110100101,10010111110,01101110100,10101001110,01100011111
10011101101,01110001111,11100010101,11110100001,10011010011,11101001010,01101011001,10100111011,00111110100,01001100111,11010111010
00100011101,11000111110,01110110100,10010010111,01011101111,11011011100,11101000110,00111111010,11110011011,11001110001,10110101101
10011101101,01110001111,11100010101,11110100001,10011010011,11101001010,01101011001,10100111011,00111110100,01001100111,11010111010
11001101010,01111011001,01010010010,10111000111,10011110000,10110101010,00101111110,11100011100,01111100100,00010101101,11100110011
10111011001,11000101000,00011100011,11001010111,01011001100,11110010010,10110100101,10010111110,01101110100,10101001110,01100011111
11001101010,01111011001,01010010010,10111000111,10011110000,10110101010,00101111110,11100011100,01111100100,00010101101,11100110011
00100011101,11000111110,01110110100,10010010111,01011101111,11011011100,11101000110,00111111010,11110011011,11001110001,10110101101
10101011101,01101101100,01111010110,11011110001,11110001000,10111100011,10011111010,00110111101,01101011011,11100110110,11010001111
10101011101,01101101100,01111010110,11011110001,11110001000,10111100011,10011111010,00110111101,01101011011,11100110110,11010001111
01001101011,00111101100,01011010101,10011110001,11100001001,00100110111,00111011010,01010111100,11110100010,10010001111,11001010110
01001101011,00111101100,01011010101,10011110001,11100001001,00100110111,00111011010,01010111100,11110100010,10010001111,11001010110
11001101010,01111011001,01010010010,10111000111,10011110000,10110101010,00101111110,11100011100,01111100100,00010101101,11100110011
00010111011,10111111100,10000011101,01011001110,11110110110,01001110100,10011100111,01110101101,00101010111,11101101010,11111010001
10101011001,11000011110,10011110110,00010111001,11110010100,01100110011,00110001111,00101111100,01111001010,11001101101,01011010101
01011001110,11000101000,01010110001,10001110111,00101101101,10010011101,11110000111,00110111110,11101010100,10111001010,01100011011
11001101010,01111011001,01010010010,10111000111,10011110000,10110101010,00101111110,11100011100,01111100100,00010101101,11100110011
01111001101,11001101011,00010111011,11011010111,10101110101,11111110000,11110100111,11000111100,01101110110,10011101110,10100011010
10101011101,01101101100,01111010110,11011110001,11110001000,10111100011,10011111010,00110111101,01101011011,11100110110,11010001111
11001101010,01111011001,01010010010,10111000111,10011110000,10110101010,00101111110,11100011100,01111100100,00010101101,11100110011
10101011101,01101101100,01111010110,11011110001,11110001000,10111100011,10011111010,00110111101,01101011011,11100110110,11010001111
01001100101,11110010100,01010110011,10011111000,11100001001,00110101100,01101011010,10000111110,11011100010,00011001111,10101110011
01011010011,00010110111,10011111000,10110010101,11111100110,11000011110,10101110011,11110101011,00111001110,10001001101,01101111101
00100011101,11000111110,01110110100,10010010111,01011101111,11011011100,11101000110,00111111010,11110011011,11001110001,10110101101
01001101011,00111101100,01011010101,10011110001,11100001001,00100110111,00111011010,01010111100,11110100010,10010001111,11001010110
10011101101,01110001111,11100010101,11110100001,10011010011,11101001010,01101011001,10100111011,00111110100,01001100111,11010111010
10110010100,01011001110,10000100111,01010111011,00111100101,11011110001,10101011101,10111101010,11110000011,01101110010,11100101100
11001101010,01111011001,01010010010,10111000111,10011110000,10110101010,00101111110,11100011100,01111100100,00010101101,11100110011
10010111001,01011001101,11011010011,11111010100,01100110111,11101101001,10001011110,00111111010,11110001010,11011100110,10111000111
11001101010,01111011001,01010010010,10111000111,10011110000,10110101010,00101111110,11100011100,01111100100,00010101101,11100110011
11011010111,01111011010,10001011011,00110110110,01101110101,01010111101,10111001101,10011110000,11100011100,01001101110,11110100011
11001101010,01111011001,01010010010,10111000111,10011110000,10110101010,00101111110,11100011100,01111100100,00010101101,11100110011
10101011101,01101101100,01111010110,11011110001,11110001000,10111100011,10011111010,00110111101,01101011011,11100110110,11010001111
01011001110,11000101000,01010110001,10001110111,00101101101,10010011101,11110000111,00110111110,11101010100,10111001010,01100011011
10110010100,01011001110,10000100111,01010111011,00111100101,11011110001,10101011101,10111101010,11110000011,01101110010,11100101100
10101011101,01101101100,01111010110,11011110001,11110001000,10111100011,10011111010,00110111101,01101011011,11100110110,11010001111
01001100101,11110010100,01010110011,10011111000,11100001001,00110101100,01101011010,10000111110,11011100010,00011001111,10101110011
01111001101,11001101011,00010111011,11011010111,10101110101,11111110000,11110100111,11000111100,01101110110,10011101110,10100011010
00100011101,11000111110,01110110100,10010010111,01011101111,11011011100,11101000110,00111111010,11110011011,11001110001,10110101101
00100011101,11000111110,01110110100,10010010111,01011101111,11011011100,11101000110,00111111010,11110011011,11001110001,10110101101
10111011001,11000101000,00011100011,11001010111,01011001100,11110010010,10110100101,10010111110,01101110100,10101001110,01100011111
01011010011,10010001110,00111100111,11011101001,10010110101,10001111011,10111010000,00101011101,11100000111,01001110100,01110111010
11001101010,01111011001,01010010010,10111000111,10011110000,10110101010,00101111110,11100011100,01111100100,00010101101,11100110011
10111011001,11000101000,00011100011,11001010111,01011001100,11110010010,10110100101,10010111110,01101110100,10101001110,01100011111
01011010011,00010110111,10011111000,10110010101,11111100110,11000011110,10101110011,11110101011,00111001110,10001001101,01101111101
00001111001,11001101101,00111100101,00010101110,01100101011,01110011100,10100011111,01001010111,11010110001,11101110010,10011001011
01011010011,00010110111,10011111000,10110010101,11111100110,11000011110,10101110011,11110101011,00111001110,10001001101,01101111101
11011010111,01111011010,10001011011,00110110110,01101110101,01010111101,10111001101,10011110000,11100011100,01001101110,11110100011
10011101101,01110001111,11100010101,11110100001,10011010011,11101001010,01101011001,10100111011,00111110100,01001100111,11010111010
10101011101,01101101100,01111010110,11011110001,11110001000,10111100011,10011111010,00110111101,01101011011,11100110110,11010001111
00010111011,10111111100,10000011101,01011001110,11110110110,01001110100,10011100111,01110101101,00101010111,11101101010,11111010001
10010111001,01011001101,11011010011,11111010100,01100110111,11101101001,10001011110,00111111010,11110001010,11011100110,10111000111
01001100101,11110010100,01010110011,10011111000,11100001001,00110101100,01101011010,10000111110,11011100010,00011001111,10101110011
10010111001,01011001101,11011010011,11111010100,01100110111,11101101001,10001011110,00111111010,11110001010,11011100110,10111000111
11001101010,01111011001,01010010010,10111000111,10011110000,10110101010,00101111110,11100011100,01111100100,00010101101,11100110011
11001101010,01111011001,01010010010,10111000111,10011110000,10110101010,00101111110,11100011100,01111100100,00010101101,11100110011
00001111001,11001101101,00111100101,00010101110,01100101011,01110011100,10100011111,01001010111,11010110001,11101110010,10011001011
00100011101,11000111110,01110110100,10010010111,01011101111,11011011100,11101000110,00111111010,11110011011,11001110001,10110101101
10101011001,11000011110,10011110110,00010111001,11110010100,01100110011,00110001111,00101111100,01111001010,11001101101,01011010101
01001100101,11110010100,01010110011,10011111000,11100001001,00110101100,01101011010,10000111110,11011100010,00011001111,10101110011
10010111001,01011001101,11011010011,11111010100,01100110111,11101101001,10001011110,00111111010,11110001010,11011100110,10111000111
00001111001,11001101101,00111100101,00010101110,01100101011,01110011100,10100011111,01001010111,11010110001,11101110010,10011001011
10101011001,11000011110,10011110110,00010111001,11110010100,01100110011,00110001111,00101111100,01111001010,11001101101,01011010101
01011001110,11000101000,01010110001,10001110111,00101101101,10010011101,11110000111,00110111110,11101010100,10111001010,01100011011
01011010011,00010110111,10011111000,10110010101,11111100110,11000011110,10101110011,11110101011,00111001110,10001001101,01101111101
01001101011,00111101100,01011010101,10011110001,11100001001,00100110111,00111011010,01010111100,11110100010,10010001111,11001010110
10101011101,01101101100,01111010110,11011110001,11110001000,10111100011,10011111010,00110111101,01101011011,11100110110,11010001111
10111011001,11000101000,00011100011,11001010111,01011001100,11110010010,10110100101,10010111110,01101110100,10101001110,01100011111
00100011101,11000111110,01110110100,10010010111,01011101111,11011011100,11101000110,00111111010,11110011011,11001110001,10110101101
00100011101,11000111110,01110110100,10010010111,01011101111,11011011100,11101000110,00111111010,11110011011,11001110001,10110101101
10011101101,01110001111,11100010101,11110100001,10011010011,11101001010,01101011001,10100111011,00111110100,01001100111,11010111010
10110010100,01011001110,10000100111,01010111011,00111100101,11011110001,10101011101,10111101010,11110000011,01101110010,11100101100
00100011101,11000111110,01110110100,10010010111,01011101111,11011011100,11101000110,00111111010,11110011011,11001110001,10110101101
00100011101,11000111110,01110110100,10010010111,01011101111,11011011100,11101000110,00111111010,11110011011,11001110001,10110101101
10110010100,01011001110,10000100111,01010111011,00111100101,11011110001,10101011101,10111101010,11110000011,01101110010,11100101100
10110010100,01011001110,10000100111,01010111011,00111100101,11011110001,10101011101,10111101010,11110000011,01101110010,11100101100
10101011001,11000011110,10011110110,00010111001,11110010100,01100110011,00110001111,00101111100,01111001010,11001101101,01011010101
10011101101,01110001111,11100010101,11110100001,10011010011,11101001010,01101011001,10100111011,00111110100,01001100111,11010111010
00001111001,11001101101,00111100101,00010101110,01100101011,01110011100,10100011111,01001010111,11010110001,11101110010,10011001011
10101011001,11000011110,10011110110,00010111001,11110010100,01100110011,00110001111,00101111100,01111001010,11001101101,01011010101
10101011101,01101101100,01111010110,11011110001,11110001000,10111100011,10011111010,00110111101,01101011011,11100110110,11010001111
10101011001,11000011110,10011110110,00010111001,11110010100,01100110011,00110001111,00101111100,01111001010,11001101101,01011010101
01111001101,11001101011,00010111011,11011010111,10101110101,11111110000,11110100111,11000111100,01101110110,10011101110,10100011010
11001101010,01111011001,01010010010,10111000111,10011110000,10110101010,00101111110,11100011100,01111100100,00010101101,11100110011
01011010011,10010001110,00111100111,11011101001,10010110101,10001111011,10111010000,00101011101,11100000111,01001110100,01110111010
01011010011,00010110111,10011111000,10110010101,11111100110,11000011110,10101110011,11110101011,00111001110,10001001101,01101111101
00001111001,11001101101,00111100101,00010101110,01100101011,01110011100,10100011111,01001010111,11010110001,11101110010,10011001011
00100011101,11000111110,01110110100,10010010111,01011101111,11011011100,11101000110,00111111010,11110011011,11001110001,10110101101
00010111011,10111111100,10000011101,01011001110,11110110110,01001110100,10011100111,01110101101,00101010111,11101101010,11111010001
01011010011,10010001110,00111100111,11011101001,10010110101,10001111011,10111010000,00101011101,11100000111,01001110100,01110111010
01111001101,11001101011,00010111011,11011010111,10101110101,11111110000,11110100111,11000111100,01101110110,10011101110,10100011010
01011010011,10010001110,00111100111,11011101001,10010110101,10001111011,10111010000,00101011101,11100000111,01001110100,01110111010
00100011101,11000111110,01110110100,10010010111,01011101111,11011011100,11101000110,00111111010,11110011011,11001110001,10110101101
10010111001,01011001101,11011010011,11111010100,01100110111,11101101001,10001011110,00111111010,11110001010,11011100110,10111000111
01011010011,00010110111,10011111000,10110010101,11111100110,11000011110,10101110011,11110101011,00111001110,10001001101,01101111101
10010111001,01011001101,11011010011,11111010100,01100110111,11101101001,10001011110,00111111010,11110001010,11011100110,10111000111
00001111001,11001101101,00111100101,00010101110,01100101011,01110011100,10100011111,01001010111,11010110001,11101110010,10011001011
01011010011,00010110111,10011111000,10110010101,11111100110,11000011110,10101110011,11110101011,00111001110,10001001101,01101111101
01011010011,00010110111,10011111000,10110010101,11111100110,11000011110,10101110011,11110101011,00111001110,10001001101,01101111101
11001101010,01111011001,01010010010,10111000111,10011110000,10110101010,00101111110,11100011100,01111100100,00010101101,11100110011
11001111001,00101001111,01011010010,10110011010,11111000001,11100010110,10011100010,01111101100,01110100011,00010110101,11010001111
10110010100,01011001110,10000100111,01010111011,00111100101,11011110001,10101011101,10111101010,11110000011,01101110010,11100101100
01011001110,11000101000,01010110001,10001110111,00101101101,10010011101,11110000111,00110111110,11101010100,10111001010,01100011011
10110010100,01011001110,10000100111,01010111011,00111100101,11011110001,10101011101,10111101010,11110000011,01101110010,11100101100
10011101101,01110001111,11100010101,11110100001,10011010011,11101001010,01101011001,10100111011,00111110100,01001100111,11010111010
01011001110,11000101000,01010110001,10001110111,00101101101,10010011101,11110000111,00110111110,11101010100,10111001010,01100011011
11001111001,00101001111,01011010010,10110011010,11111000001,11100010110,10011100010,01111101100,01110100011,00010110101,11010001111
01011010011,00010110111,10011111000,10110010101,11111100110,11000011110,10101110011,11110101011,00111001110,10001001101,01101111101
11001101010,01111011001,01010010010,10111000111,10011110000,10110101010,00101111110,11100011100,01111100100,00010101101,11100110011
10011101101,01110001111,11100010101,11110100001,10011010011,11101001010,01101011001,10100111011,00111110100,01001100111,11010111010
01011010011,00010110111,10011111000,10110010101,11111100110,11000011110,10101110011,11110101011,00111001110,10001001101,01101111101
01011010011,10010001110,00111100111,11011101001,10010110101,10001111011,10111010000,00101011101,11100000111,01001110100,01110111010
10111011001,11000101000,00011100011,11001010111,01011001100,11110010010,10110100101,10010111110,01101110100,10101001110,01100011111
11001101010,01111011001,01010010010,10111000111,10011110000,10110101010,00101111110,11100011100,01111100100,00010101101,11100110011
00100011101,11000111110,01110110100,10010010111,01011101111,11011011100,11101000110,00111111010,11110011011,11001110001,10110101101
01001101011,00111101100,01011010101,10011110001,11100001001,00100110111,00111011010,01010111100,11110100010,10010001111,11001010110
01011010011,00010110111,10011111000,10110010101,11111100110,11000011110,10101110011,11110101011,00111001110,10001001101,01101111101
00001111001,11001101101,00111100101,00010101110,01100101011,01110011100,10100011111,01001010111,11010110001,11101110010,10011001011
01001101011,00111101100,01011010101,10011110001,11100001001,00100110111,00111011010,01010111100,11110100010,10010001111,11001010110
01011001110,11000101000,01010110001,10001110111,00101101101,10010011101,11110000111,00110111110,11101010100,10111001010,01100011011
11001111001,00101001111,01011010010,10110011010,11111000001,11100010110,10011100010,01111101100,01110100011,00010110101,11010001111
10101011101,01101101100,01111010110,11011110001,11110001000,10111100011,10011111010,00110111101,01101011011,11100110110,11010001111
10110010100,01011001110,10000100111,01010111011,00111100101,11011110001,10101011101,10111101010,11110000011,01101110010,11100101100
10101011101,01101101100,01111010110,11011110001,11110001000,10111100011,10011111010,00110111101,01101011011,11100110110,11010001111
01011010011,10010001110,00111100111,11011101001,10010110101,10001111011,10111010000,00101011101,11100000111,01001110100,01110111010
01011010011,10010001110,00111100111,11011101001,10010110101,10001111011,10111010000,00101011101,11100000111,01001110100,01110111010
01011010011,10010001110,00111100111,11011101001,10010110101,10001111011,10111010000,00101011101,11100000111,01001110100,01110111010
01011010011,00010110111,10011111000,10110010101,11111100110,11000011110,10101110011,11110101011,00111001110,10001001101,01101111101
10010111001,01011001101,11011010011,11111010100,01100110111,11101101001,10001011110,00111111010,11110001010,11011100110,10111000111
10011101101,01110001111,11100010101,11110100001,10011010011,11101001010,01101011001,10100111011,00111110100,01001100111,11010111010
10011101101,01110001111,11100010101,11110100001,10011010011,11101001010,01101011001,10100111011,00111110100,01001100111,11010111010
01001101011,00111101100,01011010101,10011110001,11100001001,00100110111,00111011010,01010111100,11110100010,10010001111,11001010110
11011010111,01111011010,10001011011,00110110110,01101110101,01010111101,10111001101,0111010110000,11100011100,01001101110,11110100011
01011010011,10010001110,00111100111,11011101001,10010110101,10001111011,10111010000,00101011101,11100000111,01001110100,01110111010
10101011101,01101101100,01111010110,11011110001,11110001000,10111100011,10011111010,00110111101,01101011011,11100110110,11010001111
01011001110,11000101000,01010110001,10001110111,00101101101,10010011101,11110000111,00110111110,11101010100,10111001010,01100011011
11001101010,01111011001,01010010010,10111000111,10011110000,10110101010,00101111110,11100011100,01111100100,00010101101,11100110011
01011010011,10010001110,00111100111,11011101001,10010110101,10001111011,10111010000,00101011101,11100000111,01001110100,01110111010
01011001110,11000101000,01010110001,10001110111,00101101101,10010011101,11110000111,00110111110,11101010100,10111001010,01100011011
01111001101,11001101011,00010111011,11011010111,10101110101,11111110000,11110100111,11000111100,01101110110,10011101110,10100011010
11001101010,01111011001,01010010010,10111000111,10011110000,10110101010,00101111110,11100011100,01111100100,00010101101,11100110011
10011101101,01110001111,11100010101,11110100001,10011010011,11101001010,01101011001,10100111011,00111110100,01001100111,11010111010
10011101101,01110001111,11100010101,11110100001,10011010011,11101001010,01101011001,10100111011,00111110100,01001100111,11010111010
01001100101,11110010100,01010110011,10011111000,11100001001,00110101100,01101011010,10000111110,11011100010,00011001111,10101110011
01011010011,00010110111,10011111000,10110010101,11111100110,11000011110,10101110011,11110101011,00111001110,10001001101,01101111101
00100011101,11000111110,01110110100,10010010111,01011101111,11011011100,11101000110,00111111010,11110011011,11001110001,10110101101
11001111001,00101001111,01011010010,10110011010,11111000001,11100010110,10011100010,01111101100,01110100011,00010110101,11010001111
10110010100,01011001110,10000100111,01010111011,00111100101,11011110001,10101011101,10111101010,11110000011,01101110010,11100101100
00100011101,11000111110,01110110100,10010010111,01011101111,11011011100,11101000110,00111111010,11110011011,11001110001,10110101101
10110010100,01011001110,10000100111,01010111011,00111100101,11011110001,10101011101,10111101010,11110000011,01101110010,11100101100
01011010011,10010001110,00111100111,11011101001,10010110101,10001111011,10111010000,00101011101,11100000111,01001110100,01110111010
10101011101,01101101100,01111010110,11011110001,11110001000,10111100011,10011111010,00110111101,01101011011,11100110110,11010001111
11011010111,01111011010,10001011011,00110110110,01101110101,01010111101,10111001101,10011110000,11100011100,01001101110,11110100011
01001101011,00111101100,01011010101,10011110001,11100001001,00100110111,00111011010,01010111100,11110100010,10010001111,11001010110
01011010011,10010001110,00111100111,11011101001,10010110101,10001111011,10111010000,00101011101,11100000111,01001110100,01110111010
00001111001,11001101101,00111100101,00010101110,01100101011,01110011100,10100011111,01001010111,11010110001,11101110010,10011001011
00010111011,10111111100,10000011101,01011001110,11110110110,01001110100,10011100111,01110101101,00101010111,11101101010,11111010001
01001101011,00111101100,01011010101,10011110001,11100001001,00100110111,00111011010,01010111100,11110100010,10010001111,11001010110
01001100101,11110010100,01010110011,10011111000,11100001001,00110101100,01101011010,10000111110,11011100010,00011001111,10101110011
10110010100,01011001110,10000100111,01010111011,00111100101,11011110001,10101011101,10111101010,11110000011,01101110010,11100101100
10111011001,11000101000,00011100011,11001010111,01011001100,11110010010,10110100101,10010111110,01101110100,10101001110,01100011111
01001101011,00111101100,01011010101,10011110001,11100001001,00100110111,00111011010,01010111100,11110100010,10010001111,11001010110
10011101101,01110001111,11100010101,11110100001,10011010011,11101001010,01101011001,10100111011,00111110100,01001100111,11010111010
01011010011,10010001110,00111100111,11011101001,10010110101,10001111011,10111010000,00101011101,11100000111,01001110100,01110111010
11001101010,01111011001,01010010010,10111000111,10011110000,10110101010,00101111110,11100011100,01111100100,00010101101,11100110011
11001101010,01111011001,01010010010,10111000111,10011110000,10110101010,00101111110,11100011100,01111100100,00010101101,11100110011
10010111001,01011001101,11011010011,11111010100,01100110111,11101101001,10001011110,00111111010,11110001010,11011100110,10111000111
00100011101,11000111110,01110110100,10010010111,01011101111,11011011100,11101000110,00111111010,11110011011,11001110001,10110101101
10111011001,11000101000,00011100011,11001010111,01011001100,11110010010,10110100101,10010111110,01101110100,10101001110,01100011111
01111001101,11001101011,00010111011,11011010111,10101110101,11111110000,11110100111,11000111100,01101110110,10011101110,10100011010
01001101011,00111101100,01011010101,10011110001,11100001001,00100110111,00111011010,01010111100,11110100010,10010001111,11001010110
00001111001,11001101101,00111100101,00010101110,01100101011,01110011100,10100011111,01001010111,11010110001,11101110010,10011001011
11011010111,01111011010,10001011011,00110110110,01101110101,01010111101,10111001101,10011110000,11100011100,01001101110,11110100011
10101011101,01101101100,01111010110,11011110001,11110001000,10111100011,10011111010,00110111101,01101011011,11100110110,11010001111
10101011101,01101101100,01111010110,11011110001,11110001000,10111100011,10011111010,00110111101,01101011011,11100110110,11010001111
10101011001,11000011110,10011110110,00010111001,11110010100,01100110011,00110001111,00101111100,01111001010,11001101101,01011010101
10010111001,01011001101,11011010011,11111010100,01100110111,11101101001,10001011110,00111111010,11110001010,11011100110,10111000111
10110010100,01011001110,10000100111,01010111011,00111100101,11011110001,10101011101,10111101010,11110000011,01101110010,11100101100
10011101101,01110001111,11100010101,11110100001,10011010011,11101001010,01101011001,10100111011,00111110100,01001100111,11010111010
10101011101,01101101100,01111010110,11011110001,11110001000,10111100011,10011111010,00110111101,01101011011,11100110110,11010001111
01011010011,10010001110,00111100111,11011101001,10010110101,10001111011,10111010000,00101011101,11100000111,01001110100,01110111010
01001001011010101110,10011,1000111,11011101001,11110000,1111000111101,10111010000,00101011100111011,0010011001111,001111,01010
10101011001,11000011110,10011110110,00010111001,11110010100,01100110011,00110001111,00101111100,01111001010,11001101101,01011010101
01001100101,11110010100,01010110011,10011111000,11100001001,00110101100,01101011010,10000111110,11011100010,00011001111,10101110011
10101011101,01101101100,01111010110,11011110001,11110001000,10111100011,10011111010,00110111101,01101011011,11100110110,11010001111
00100011101,11000111110,01110110100,10010010111,01011101111,11011011100,11101000110,00111111010,11110011011,11001110001,10110101101
10101011101,01101101100,01111010110,11011110001,11110001000,10111100011,10011111010,00110111101,01101011011,11100110110,11010001111
01111001101,11001101011,00010111011,11011010111,10101110101,11111110000,11110100111,11000111100,01101110110,10011101110,10100011010
00100011101,11000111110,01110110100,10010010111,01011101111,11011011100,11101000110,00111111010,11110011011,11001110001,10110101101
00010111011,10111111100,10000011101,01011001110,11110110110,01001110100,10011100111,01110101101,00101010111,11101101010,11111010001
00001111001,11001101101,00111100101,00010101110,01100101011,01110011100,10100011111,01001010111,11010110001,11101110010,10011001011
11001101010,01111011001,01010010010,10111000111,10011110000,10110101010,00101111110,11100011100,01111100100,00010101101,11100110011
11001111001,00101001111,01011010010,10110011010,11111000001,11100010110,10011100010,01111101100,01110100011,00010110101,11010001111
10010111001,01011001101,11011010011,11111010100,01100110111,11101101001,10001011110,00111111010,11110001010,11011100110,10111000111
11011010111,01111011010,10001011011,00110110110,01101110101,01010111101,10111001101,10011110000,11100011100,01001101110,11110100011
01001100101,11110010100,01010110011,10011111000,11100001001,00110101100,01101011010,10000111110,11011100010,00011001111,10101110011
11011010111,01111011010,10001011011,00110110110,01101110101,01010111101,10111001101,10011110000,11100011100,01001101110,11110100011
10110010100,01011001110,10000100111,01010111011,00111100101,11011110001,10101011101,10111101010,11110000011,01101110010,11100101100
01011001110,11000101000,01010110001,10001110111,00101101101,10010011101,11110000111,00110111110,11101010100,10111001010,01100011011
01001101011,00111101100,01011010101,10011110001,11100001001,00100110111,00111011010,01010111100,11110100010,10010001111,11001010110
00010111011,10111111100,10000011101,01011001110,11110110110,01001110100,10011100111,01110101101,00101010111,11101101010,11111010001
00100011101,11000111110,01110110100,10010010111,01011101111,11011011100,11101000110,00111111010,11110011011,11001110001,10110101101
01001100101,11110010100,01010110011,10011111000,11100001001,00110101100,01101011010,10000111110,11011100010,00011001111,10101110011
01001100101,11110010100,01010110011,10011111000,11100001001,00110101100,01101011010,10000111110,11011100010,00011001111,10101110011
00100011101,11000111110,01110110100,10010010111,01011101111,11011011100,11101000110,00111111010,11110011011,11001110001,10110101101
11011010111,01111011010,10001011011,00110110110,01101110101,01010111101,10111001101,10011110000,11100011100,01001101110,11110100011
010110001,10010001110,00111100111,11011101001,10010110101,10001111011,10111010000,00101011101,11100000111,01001110100,01110111010
11011010111,01111011010,10001011011,00110110110,01101110101,01010111101,10111001101,10011110000,11100011100,01001101110,11110100011
10010111001,01011001101,11011010011,11111010100,01100110111,11101101001,10001011110,00111111010,11110001010,11011100110,10111000111
01011010011,00010110111,10011111000,10110010101,11111100110,11000011110,10101110011,11110101011,00111001110,10001001101,01101111101
01011010011,10010001110,00111100111,11011101001,10010110101,10001111011,10111010000,00101011101,11100000111,01001110100,01110111010
01011010011,10010001110,00111100111,11011101001,10010110101,10001111011,10111010000,00101011101,11100000111,01001110100,01110111010
11001101010,01111011001,01010010010,10111000111,10011110000,10110101010,00101111110,11100011100,01111100100,00010101101,11100110011
11011010111,01111011010,10001011011,00110110110,01101110101,01010111101,10111001101,10011110000,11100011100,01001101110,11110100011
01001101011,00111101100,01011010101,10011110001,11100001001,00100110111,00111011010,01010111100,11110100010,10010001111,11001010110
01111001101,11001101011,00010111011,11011010111,10101110101,11111110000,11110100111,11000111100,01101110110,10011101110,10100011010
10011101101,01110001111,11100010101,11110100001,10011010011,11101001010,01101011001,10100111011,00111110100,01001100111,11010111010
10110010100,01011001110,10000100111,01010111011,00111100101,11011110001,10101011101,10111101010,11110000011,01101110010,11100101100
00001111001,11001101101,00111100101,00010101110,01100101011,01110011100,10100011111,01001010111,11010110001,11101110010,10011001011
11001101010,01111011001,01010010010,10111000111,10011110000,10110101010,00101111110,11100011100,01111100100,00010101101,11100110011
00100011101,11000111110,01110110100,10010010111,01011101111,11011011100,11101000110,00111111010,11110011011,11001110001,10110101101
01011001110,11000101000,01010110001,10001110111,00101101101,10010011101,11110000111,00110111110,11101010100,10111001010,01100011011
11011010111,01111011010,10001011011,00110110110,01101110101,01010111101,10111001101,10011110000,11100011100,01001101110,11110100011
01011010011,10010001110,00111100111,11011101001,10010110101,10001111011,10111010000,00101011101,11100000111,01001110100,01110111010
10101011101,01101101100,01111010110,11011110001,11110001000,10111100011,10011111010,00110111101,01101011011,11100110110,11010001111
01001101011,00111101100,01011010101,10011110001,11100001001,00100110111,00111011010,01010111100,11110100010,10010001111,11001010110
10011101101,01110001111,11100010101,11110100001,10011010011,11101001010,01101011001,10100111011,00111110100,01001100111,11010111010
11011010111,01111011010,10001011011,00110110110,01101110101,01010111101,10111001101,10011110000,11100011100,01001101110,11110100011
10101011001,11000011110,10011110110,00010111001,11110010100,01100110011,00110001111,00101111100,01111001010,11001101101,01011010101
11001101010,01111011001,01010010010,10111000111,10011110000,10110101010,00101111110,11100011100,01111100100,00010101101,11100110011
00100011101,11000111110,01110110100,10010010111,01011101111,11011011100,11101000110,00111111010,11110011011,11001110001,10110101101
01001100101,11110010100,01010110011,10011111000,11100001001,00110101100,01101011010,10000111110,11011100010,00011001111,10101110011
01001101011,00111101100,01011010101,10011110001,11100001001,00100110111,00111011010,01010111100,11110100010,10010001111,11001010110
01001100101,11110010100,01010110011,10011111000,11100001001,00110101100,01101011010,10000111110,11011100010,00011001111,10101110011
10111011001,11000101000,00011100011,11001010111,01011001100,11110010010,10110100101,10010111110,01101110100,10101001110,01100011111
11001111001,00101001111,01011010010,10110011010,11111000001,11100010110,10011100010,01111101100,01110100011,00010110101,11010001111
10011101101,01110001111,11100010101,11110100001,10011010011,11101001010,01101011001,10100111011,00111110100,01001100111,11010111010
10010111001,01011001101,11011010011,11111010100,01100110111,11101101001,10001011110,00111111010,11110001010,11011100110,10111000111
01001100101,11110010100,01010110011,10011111000,11100001001,00110101100,01101011010,10000111110,11011100010,00011001111,10101110011
01011010011,00010110111,10011111000,10110010101,11111100110,11000011110,10101110011,11110101011,00111001110,10001001101,01101111101
10110010100,01011001110,10000100111,01010111011,00111100101,11011110001,10101011101,10111101010,11110000011,01101110010,11100101100
00010111011,10111111100,10000011101,01011001110,11110110110,01001110100,10011100111,01110101101,00101010111,11101101010,11111010001
00010111011,10111111100,10000011101,01011001110,11110110110,01001110100,10011100111,01110101101,00101010111,11101101010,11111010001
10101011001,11000011110,10011110110,00010111001,11110010100,01100110011,00110001111,00101111100,01111001010,11001101101,01011010101
00100011101,11000111110,01110110100,10010010111,01011101111,11011011100,11101000110,00111111010,11110011011,11001110001,10110101101
11001101010,01111011001,01010010010,10111000111,10011110000,10110101010,00101111110,11100011100,01111100100,00010101101,11100110011
00100011101,11000111110,01110110100,10010010111,01011101111,11011011100,11101000110,00111111010,11110011011,11001110001,10110101101
10110010100,01011001110,10000100111,01010111011,00111100101,11011110001,10101011101,10111101010,11110000011,01101110010,11100101100
10101011001,11000011110,10011110110,00010111001,11110010100,01100110011,00110001111,00101111100,01111001010,11001101101,01011010101
11001101010,01111011001,01010010010,10111000111,10011110000,10110101010,00101111110,11100011100,01111100100,00010101101,11100110011
01011001110,11000101000,01010110001,10001110111,00101101101,10010011101,11110000111,00110111110,11101010100,10111001010,01100011011
01011010011,10010001110,00111100111,11011101001,10010110101,10001111011,10111010000,00101011101,11100000111,01001110100,01110111010
11001111001,00101001111,01011010010,10110011010,11111000001,11100010110,10011100010,01111101100,01110100011,00010110101,11010001111
10101011001,11000011110,10011110110,00010111001,11110010100,01100110011,00110001111,00101111100,01111001010,11001101101,01011010101
11011010111,01111011010,10001011011,00110110110,01101110101,01010111101,10111001101,10011110000,11100011100,01001101110,11110100011
01001101011,00111101100,01011010101,10011110001,11100001001,00100110111,00111011010,01010111100,11110100010,10010001111,11001010110
01001100101,11110010100,01010110011,10011111000,11100001001,00110101100,01101011010,10000111110,11011100010,00011001111,10101110011
01001100101,11110010100,01010110011,10011111000,11100001001,00110101100,01101011010,10000111110,11011100010,00011001111,10101110011
00100011101,11000111110,01110110100,10010010111,01011101111,11011011100,11101000110,00111111010,11110011011,11001110001,10110101101
10110010100,01011001110,10000100111,01010111011,00111100101,11011110001,10101011101,10111101010,11110000011,01101110010,11100101100
00100011101,11000111110,01110110100,10010010111,01011101111,11011011100,11101000110,00111111010,11110011011,11001110001,10110101101
11001101010,01111011001,01010010010,10111000111,10011110000,10110101010,00101111110,11100011100,01111100100,00010101101,11100110011
10110010100,01011001110,10000100111,01010111011,00111100101,11011110001,10101011101,10111101010,11110000011,01101110010,11100101100
00100011101,11000111110,01110110100,10010010111,01011101111,11011011100,11101000110,00111111010,11110011011,11001110001,10110101101
00010111011,10111111100,10000011101,01011001110,11110110110,01001110100,10011100111,01110101101,00101010111,11101101010,11111010001
10010111001,01011001101,11011010011,11111010100,01100110111,11101101001,10001011110,00111111010,11110001010,11011100110,10111000111
01011010011,10010001110,00111100111,11011101001,10010110101,10001111011,10111010000,00101011101,11100000111,01001110100,01110111010
00100011101,11000111110,01110110100,10010010111,01011101111,11011011100,11101000110,00111111010,11110011011,11001110001,10110101101
01001100101,11110010100,01010110011,10011111000,11100001001,00110101100,01101011010,10000111110,11011100010,00011001111,10101110011
10101011101,01101101100,01111010110,11011110001,11110001000,10111100011,10011111010,00110111101,01101011011,11100110110,11010001111
01011010011,00010110111,10011111000,10110010101,11111100110,11000011110,10101110011,11110101011,00111001110,10001001101,01101111101
0111000111100,01011001101,100100101,11110011001101,1111010,111011010110001,0101011010,10111011,11100101101,0011,11111000011101101
11011010111,01111011010,10001011011,00110110110,01101110101,01010111101,10111001101,10011110000,11100011100,01001101110,11110100011
01001100101,11110010100,01010110011,10011111000,11100001001,00110101100,01101011010,10000111110,11011100010,00011001111,10101110011
01001100101,11110010100,01010110011,10011111000,11100001001,00110101100,01101011010,10000111110,11011100010,00011001111,10101110011
01001101011,00111101100,01011010101,10011110001,11100001001,00100110111,00111011010,01010111100,11110100010,10010001111,11001010110
01001100101,11110010100,01010110011,10011111000,11100001001,00110101100,01101011010,10000111110,11011100010,00011001111,10101110011
011011001101,11001101011,01011110110,11011010111,011000010110011,110110000,11110100111,1001011110001111,0011,10111010110101101
01001101011,00111101100,01011010101,10011110001,11100001001,00100110111,00111011010,01010111100,11110100010,10010001111,11001010110
01011010011,10010001110,00111100111,11011101001,10010110101,10001111011,10111010000,00101011101,11100000111,01001110100,01110111010
01001100101,11110010100,01010110011,10011111000,11100001001,00110101100,01101011010,10000111110,11011100010,00011001111,10101110011
00001111001,11001101101,00111100101,00010101110,01100101011,01110011100,10100011111,01001010111,11010110001,11101110010,10011001011
10101011101,01101101100,01111010110,11011110001,11110001000,10111100011,10011111010,00110111101,01101011011,11100110110,11010001111
01011010011,10010001110,00111100111,11011101001,10010110101,10001111011,10111010000,00101011101,11100000111,01001110100,01110111010
00001111001,11001101101,00111100101,00010101110,01100101011,01110011100,10100011111,01001010111,11010110001,11101110010,10011001011
01011010011,10010001110,00111100111,11011101001,10010110101,10001111011,10111010000,00101011101,11100000111,01001110100,01110111010
01011010011,10010001110,00111100111,11011101001,10010110101,10001111011,10111010000,00101011101,11100000111,01001110100,01110111010
00001111001,11001101101,00111100101,00010101110,01100101011,01110011100,10100011111,01001010111,11010110001,11101110010,10011001011
10010111001,010001101,11011010011,11111010100,01100110111,11101101001,10001011110,00111111010,11110001010,11011100110,10111000111
01001101011,00111101100,01011010101,10011110001,11100001001,00100110111,00111011010,01010111100,11110100010,10010001111,11001010110
01011010011,10010001110,00111100111,11011101001,10010110101,10001111011,10111010000,00101011101,11100000111,01001110100,01110111010
10101011101,01101101100,01111010110,11011110001,11110001000,10111100011,10011111010,00110111101,01101011011,11100110110,11010001111
01001100101,11110010100,01010110011,10011111000,11100001001,00110101100,01101011010,10000111110,11011100010,00011001111,10101110011
10101011101,01101101100,01111010110,11011110001,11110001000,10111100011,10011111010,00110111101,01101011011,11100110110,11010001111
10101011001,11000011110,10011110110,00010111001,11110010100,01100110011,00110001111,00101111100,01111001010,11001101101,01011010101
01011001110,11000101000,01010110001,10001110111,00101101101,10010011101,11110000111,00110111110,11101010100,10111001010,01100011011
00010111011,10111111100,10000011101,01011001110,11110110110,01001110100,10011100111,01110101101,00101010111,11101101010,11111010001
10110010100,01011001110,10000100111,01010111011,00111100101,11011110001,10101011101,10111101010,11110000011,01101110010,11100101100
00010111011,10111111100,10000011101,01011001110,11110110110,01001110100,10011100111,01110101101,00101010111,11101101010,11111010001
01011010011,00010110111,10011111000,10110010101,11111100110,11000011110,10101110011,11110101011,00111001110,10001001101,01101111101
01111001101,11001101011,00010111011,11011010111,10101110101,11111110000,11110100111,11000111100,01101110110,10011101110,10100011010
10101011001,11000011110,10011110110,00010111001,11110010100,01100110011,00110001111,00101111100,01111001010,11001101101,01011010101
11001101010,01111011001,01010010010,10111000111,10011110000,10110101010,00101111110,11100011100,01111100100,00010101101,11100110011
01011010011,10010001110,00111100111,11011101001,10010110101,10001111011,10111010000,00101011101,11100000111,01001110100,01110111010
01011010011,10010001110,00111100111,11011101001,10010110101,10001111011,10111010000,00101011101,11100000111,01001110100,01110111010
01001101011,00111101100,01011010101,10011110001,11100001001,00100110111,00111011010,01010111100,11110100010,10010001111,11001010110
01011001110,11000101000,01010110001,10001110111,00101101101,10010011101,11110000111,00110111110,11101010100,10111001010,01100011011
00100011101,11000111110,01110110100,10010010111,01011101111,11011011100,11101000110,00111111010,11110011011,11001110001,10110101101
01011010011,10010001110,00111100111,11011101001,10010110101,10001111011,10111010000,00101011101,11100000111,01001110100,01110111010
10010111001,01011001101,11011010011,11111010100,01100110111,11101101001,10001011110,00111111010,11110001010,11011100110,10111000111
01001100101,11110010100,01010110011,10011111000,11100001001,00110101100,01101011010,10000111110,11011100010,00011001111,10101110011
00100011101,11000111110,01110110100,10010010111,01011101111,11011011100,11101000110,00111111010,11110011011,11001110001,10110101101
10010111001,01011001101,11011010011,11111010100,01100110111,11101101001,10001011110,00111111010,11110001010,11011100110,10111000111
00100011101,11000111110,01110110100,10010010111,01011101111,11011011100,11101000110,00111111010,11110011011,11001110001,10110101101
10101011101,01101101100,01111010110,11011110001,11110001000,10111100011,10011111010,00110111101,01101011011,11100110110,11010001111
11001101010,01111011001,01010010010,10111000111,10011110000,10110101010,00101111110,11100011100,01111100100,00010101101,11100110011
10101011001,11000011110,10011110110,00010111001,11110010100,01100110011,00110001111,00101111100,01111001010,11001101101,01011010101
010110001,00010110101,110110,0101011101110111,00101101101,1,011011110,10011011110,00110111110,01011011100010100,1011,10110101101
01011010011,10010001110,00111100111,11011101001,10010110101,10001111011,10111010000,00101011101,11100000111,01001110100,01110111010
11011010111,01111011010,10001011011,00110110110,01101110101,01010111101,10111001101,10011110000,11100011100,01001101110,11110100011
00100011101,11000111110,01110110100,10010010111,01011101111,11011011100,11101000110,00111111010,11110011011,11001110001,10110101101
11001101010,01111011001,01010010010,10111000111,10011110000,10110101010,00101111110,11100011100,01111100100,00010101101,11100110011
00010111011,10111111100,10000011101,01011001110,11110110110,01001110100,10011100111,01110101101,00101010111,11101101010,11111010001
10110010100,01011001110,10000100111,01010111011,00111100101,11011110001,10101011101,10111101010,11110000011,01101110010,11100101100
10111011001,11000101000,00011100011,11001010111,01011001100,11110010010,10110100101,10010111110,01101110100,10101001110,01100011111
10101011101,01101101100,01111010110,11011110001,11110001000,10111100011,10011111010,00110111101,01101011011,11100110110,11010001111
10010111001,01011001101,11011010011,11111010100,01100110111,11101101001,10001011110,00111111010,11110001010,11011100110,10111000111
10101011001,11000011110,10011110110,00010111001,11110010100,01100110011,00110001111,00101111100,01111001010,11001101101,01011010101
10110010100,01011001110,10000100111,01010111011,00111100101,11011110001,10101011101,10111101010,11110000011,01101110010,11100101100
01011001110,11000101000,01010110001,10001110111,00101101101,10010011101,11110000111,00110111110,11101010100,10111001010,01100011011
00100011101,11000111110,01110110100,10010010111,01011101111,11011011100,11101000110,00111111010,11110011011,11001110001,10110101101
01001101011,00111101100,01011010101,10011110001,11100001001,00100110111,00111011010,01010111100,11110100010,10010001111,11001010110
01011010011,10010001110,00111100111,11011101001,10010110101,10001111011,10111010000,00101011101,11100000111,01001110100,01110111010
01011010011,00010110111,10011111000,10110010101,11111100110,11000011110,10101110011,11110101011,00111001110,10001001101,01101111101
10110010100,01011001110,10000100111,01010111011,00111100101,11011110001,10101011101,10111101010,11110000011,01101110010,11100101100
10101011101,01101101100,01111010110,11011110001,11110001000,10111100011,10011111010,00110111101,01101011011,11100110110,11010001111
00001111001,11001101101,00111100101,00010101110,01100101011,01110011100,10100011111,01001010111,11010110001,11101110010,10011001011
01111001101,11001101011,00010111011,11011010111,10101110101,11111110000,11110100111,11000111100,01101110110,10011101110,10100011010
01011010011,00010110111,10011111000,10110010101,11111100110,11000011110,10101110011,11110101011,00111001110,10001001101,01101111101
01001100101,11110010100,01010110011,10011111000,11100001001,00110101100,01101011010,10000111110,11011100010,00011001111,10101110011
01011010011,10010001110,00111100111,11011101001,10010110101,10001111011,10111010000,00101011101,11100000111,01001110100,01110111010
00001111001,11001101101,00111100101,00010101110,01100101011,01110011100,10100011111,01001010111,11010110001,11101110010,10011001011
10110010100,01011001110,10000100111,01010111011,00111100101,11011110001,10101011101,10111101010,11110000011,01101110010,11100101100
11001111001,00101001111,01011010010,10110011010,11111000001,11100010110,10011100010,01111101100,01110100011,00010110101,11010001111
00100011101,11000111110,01110110100,10010010111,01011101111,11011011100,11101000110,00111111010,11110011011,11001110001,10110101101
00100011101,11000111110,01110110100,10010010111,01011101111,11011011100,11101000110,00111111010,11110011011,11001110001,10110101101
01001101011,00111101100,01011010101,10011110001,11100001001,00100110111,00111011010,01010111100,11110100010,10010001111,11001010110
01011010011,00010110111,10011111000,10110010101,11111100110,11000011110,10101110011,11110101011,00111001110,10001001101,01101111101
01001100101,11110010100,01010110011,10011111000,11100001001,00110101100,01101011010,10000111110,11011100010,00011001111,10101110011
00001111001,11001101101,00111100101,00010101110,01100101011,01110011100,10100011111,01001010111,11010110001,11101110010,10011001011
01001100101,11110010100,01010110011,10011111000,11100001001,00110101100,01101011010,10000111110,11011100010,00011001111,10101110011
10110010100,01011001110,10000100111,01010111011,00111100101,11011110001,10101011101,10111101010,11110000011,01101110010,11100101100
11011010111,01111011010,10001011011,00110110110,01101110101,01010111101,10111001101,10011110000,11100011100,01001101110,11110100011
10101011001,11000011110,10011110110,00010111001,11110010100,01100110011,00110001111,00101111100,01111001010,11001101101,01011010101
01011010011,00010110111,10011111000,10110010101,11111100110,11000011110,10101110011,11110101011,00111001110,10001001101,01101111101
11001101010,01111011001,01010010010,10111000111,10011110000,10110101010,00101111110,11100011100,01111100100,00010101101,11100110011
01011001110,11000101000,01010110001,10001110111,00101101101,10010011101,11110000111,00110111110,11101010100,10111001010,01100011011
01011010011,10010001110,00111100111,11011101001,10010110101,10001111011,10111010000,00101011101,11100000111,01001110100,01110111010
01011001110,11000101000,01010110001,10001110111,00101101101,10010011101,11110000111,00110111110,11101010100,10111001010,01100011011
00100011101,11000111110,01110110100,10010010111,01011101111,11011011100,11101000110,00111111010,11110011011,11001110001,10110101101
01011010011,00010110111,10011111000,10110010101,11111100110,11000011110,10101110011,11110101011,00111001110,10001001101,01101111101
10011101101,01110001111,11100010101,11110100001,10011010011,11101001010,01101011001,10100111011,00111110100,01001100111,11010111010
10011101101,01110001111,11100010101,11110100001,10011010011,11101001010,01101011001,10100111011,00111110100,01001100111,11010111010
10110010100,01011001110,10000100111,01010111011,00111100101,11011110001,10101011101,10111101010,11110000011,01101110010,11100101100
00100011101,11000111110,01110110100,10010010111,01011101111,11011011100,11101000110,00111111010,11110011011,11001110001,10110101101
00010111011,10111111100,10000011101,01011001110,11110110110,01001110100,10011100111,01110101101,00101010111,11101101010,11111010001
01011010011,10010001110,00111100111,11011101001,10010110101,10001111011,10111010000,00101011101,11100000111,01001110100,01110111010
00100011101,11000111110,01110110100,10010010111,01011101111,11011011100,11101000110,00111111010,11110011011,11001110001,10110101101
01011001110,11000101000,01010110001,10001110111,00101101101,10010011101,11110000111,00110111110,11101010100,10111001010,01100011011
10011101101,01110001111,11100010101,11110100001,10011010011,11101001010,01101011001,10100111011,00111110100,01001100111,11010111010
10110010100,01011001110,10000100111,01010111011,00111100101,11011110001,10101011101,10111101010,11110000011,01101110010,11100101100
01011010011,00010110111,10011111000,10110010101,11111100110,11000011110,10101110011,11110101011,00111001110,10001001101,01101111101
01011010011,00010110111,10011111000,10110010101,11111100110,11000011110,10101110011,11110101011,00111001110,10001001101,01101111101
10011101101,01110001111,11100010101,11110100001,10011010011,11101001010,01101011001,10100111011,00111110100,01001100111,11010111010
01011010011,00010110111,10011111000,10110010101,11111100110,11000011110,10101110011,11110101011,00111001110,10001001101,01101111101
01001101011,00111101100,01011010101,10011110001,11100001001,00100110111,00111011010,01010111100,11110100010,10010001111,11001010110
10101011101,01101101100,01111010110,11011110001,11110001000,10111100011,10011111010,00110111101,01101011011,11100110110,11010001111
01011001110,11000101000,01010110001,10001110111,00101101101,10010011101,11110000111,00110111110,11101010100,10111001010,01100011011
11001101010,01111011001,01010010010,10111000111,10011110000,10110101010,00101111110,11100011100,01111100100,00010101101,11100110011
01011001110,11000101000,01010110001,10001110111,00101101101,10010011101,11110000111,00110111110,11101010100,10111001010,01100011011
01111001101,11001101011,00010111011,11011010111,10101110101,11111110000,11110100111,11000111100,01101110110,10011101110,10100011010
11011010111,01111011010,10001011011,00110110110,01101110101,01010111101,10111001101,10011110000,11100011100,01001101110,11110100011
01001101011,00111101100,01011010101,10011110001,11100001001,00100110111,00111011010,01010111100,11110100010,10010001111,11001010110
10011101101,01110001111,11100010101,11110100001,10011010011,11101001010,01101011001,10100111011,00111110100,01001100111,11010111010
10110010100,01011001110,10000100111,01010111011,00111100101,11011110001,10101011101,10111101010,11110000011,01101110010,11100101100
10011101101,01110001111,11100010101,11110100001,10011010011,11101001010,01101011001,10100111011,00111110100,01001100111,11010111010
00010111011,10111111100,10000011101,01011001110,11110110110,01001110100,10011100111,01110101101,00101010111,11101101010,11111010001
01011001110,11000101000,01010110001,10001110111,00101101101,10010011101,11110000111,00110111110,11101010100,10111001010,01100011011
00001111001,11001101101,00111100101,00010101110,01100101011,01110011100,10100011111,01001010111,11010110001,11101110010,10011001011
00100011101,11000111110,01110110100,10010010111,01011101111,11011011100,11101000110,00111111010,11110011011,11001110001,10110101101
00010111011,10111111100,10000011101,01011001110,11110110110,01001110100,10011100111,01110101101,00101010111,11101101010,11111010001
10010111001,01011001101,11011010011,11111010100,01100110111,11101101001,10001011110,00111111010,11110001010,11011100110,10111000111
00100011101,11000111110,01110110100,10010010111,01011101111,11011011100,11101000110,00111111010,11110011011,11001110001,10110101101
10101011101,01101101100,01111010110,11011110001,11110001000,10111100011,10011111010,00110111101,01101011011,11100110110,11010001111
01011010011,00010110111,10011111000,10110010101,11111100110,11000011110,10101110011,11110101011,00111001110,10001001101,01101111101
11001101010,01111011001,01010010010,10111000111,10011110000,10110101010,00101111110,11100011100,01111100100,00010101101,11100110011
00001111001,11001101101,00111100101,00010101110,01100101011,01110011100,10100011111,01001010111,11010110001,11101110010,10011001011
00100011101,11000111110,01110110100,10010010111,01011101111,11011011100,11101000110,00111111010,11110011011,11001110001,10110101101
10110010100,01011001110,10000100111,01010111011,00111100101,11011110001,10101011101,10111101010,11110000011,01101110010,11100101100
00001111001,11001101101,00111100101,00010101110,01100101011,01110011100,10100011111,01001010111,11010110001,11101110010,10011001011
00001111001,11001101101,00111100101,00010101110,01100101011,01110011100,10100011111,01001010111,11010110001,11101110010,10011001011
11001101010,01111011001,01010010010,10111000111,10011110000,10110101010,00101111110,11100011100,01111100100,00010101101,11100110011
01001100101,11110010100,01010110011,10011111000,11100001001,00110101100,01101011010,10000111110,11011100010,00011001111,10101110011
10010111001,01011001101,11011010011,11111010100,01100110111,11101101001,10001011110,00111111010,11110001010,11011100110,10111000111
01011010011,10010001110,00111100111,11011101001,10010110101,10001111011,10111010000,00101011101,11100000111,01001110100,01110111010
10101011001,11000011110,10011110110,00010111001,11110010100,01100110011,00110001111,00101111100,01111001010,11001101101,01011010101
10111011001,11000101000,00011100011,11001010111,01011001100,11110010010,10110100101,10010111110,01101110100,10101001110,01100011111
00010111011,10111111100,10000011101,01011001110,11110110110,01001110100,10011100111,01110101101,00101010111,11101101010,11111010001
10010111001,01011001101,11011010011,11111010100,01100110111,11101101001,10001011110,00111111010,11110001010,11011100110,10111000111
10010111001,01011001101,11011010011,11111010100,01100110111,11101101001,10001011110,00111111010,11110001010,11011100110,10111000111
01011010011,00010110111,10011111000,10110010101,11111100110,11000011110,10101110011,11110101011,00111001110,10001001101,01101111101
11001111001,00101001111,01011010010,10110011010,11111000001,11100010110,10011100010,01111101100,01110100011,00010110101,11010001111
10111011001,11000101000,00011100011,11001010111,01011001100,11110010010,10110100101,10010111110,01101110100,10101001110,01100011111
10011101101,01110001111,11100010101,11110100001,10011010011,11101001010,01101011001,10100111011,00111110100,01001100111,11010111010
00010111011,10111111100,10000011101,01011001110,11110110110,01001110100,10011100111,01110101101,00101010111,11101101010,11111010001
00001111001,11001101101,00111100101,00010101110,01100101011,01110011100,10100011111,01001010111,11010110001,11101110010,10011001011
01001100101,11110010100,01010110011,10011111000,11100001001,00110101100,01101011010,10000111110,11011100010,00011001111,10101110011
10011101101,01110001111,11100010101,11110100001,10011010011,11101001010,01101011001,10100111011,00111110100,01001100111,11010111010
01001101011,00111101100,01011010101,10011110001,11100001001,00100110111,00111011010,01010111100,11110100010,10010001111,11001010110
10101011101,01101101100,01111010110,11011110001,11110001000,10111100011,10011111010,00110111101,01101011011,11100110110,11010001111
10101011101,01101101100,01111010110,11011110001,11110001000,10111100011,10011111010,00110111101,01101011011,11100110110,11010001111
00001111001,11001101101,00111100101,00010101110,01100101011,01110011100,10100011111,01001010111,11010110001,11101110010,10011001011
10111011001,11000101000,00011100011,11001010111,01011001100,11110010010,10110100101,10010111110,01101110100,10101001110,01100011111
01011001110,11000101000,01010110001,10001110111,00101101101,10010011101,11110000111,00110111110,11101010100,10111001010,01100011011
10011101101,01110001111,11100010101,11110100001,10011010011,11101001010,01101011001,10100111011,00111110100,01001100111,11010111010
01011001110,11000101000,01010110001,10001110111,00101101101,10010011101,11110000111,00110111110,11101010100,10111001010,01100011011
01011010011,00010110111,10011111000,10110010101,11111100110,11000011110,10101110011,11110101011,00111001110,10001001101,01101111101
10101011001,11000011110,10011110110,00010111001,11110010100,01100110011,00110001111,00101111100,01111001010,11001101101,01011010101
01011010011,10010001110,00111100111,11011101001,10010110101,10001111011,10111010000,00101011101,11100000111,01001110100,01110111010
01001100101,11110010100,01010110011,10011111000,11100001001,00110101100,01101011010,10000111110,11011100010,00011001111,10101110011
10111011001,11000101000,00011100011,11001010111,01011001100,11110010010,10110100101,10010111110,01101110100,10101001110,01100011111
00010111011,10111111100,10000011101,01011001110,11110110110,01001110100,10011100111,01110101101,00101010111,11101101010,11111010001
01011010011,00010110111,10011111000,10110010101,11111100110,11000011110,10101110011,11110101011,00111001110,10001001101,01101111101
01011010011,00010110111,10011111000,10110010101,11111100110,11000011110,10101110011,11110101011,00111001110,10001001101,01101111101
01111001101,11001101011,00010111011,11011010111,10101110101,11111110000,11110100111,11000111100,01101110110,10011101110,10100011010
00100011101,11000111110,01110110100,10010010111,01011101111,11011011100,11101000110,00111111010,11110011011,11001110001,10110101101
11001101010,01111011001,01010010010,10111000111,10011110000,10110101010,00101111110,11100011100,01111100100,00010101101,11100110011
11001101010,01111011001,01010010010,10111000111,10011110000,10110101010,00101111110,11100011100,01111100100,00010101101,11100110011
10110010100,01011001110,10000100111,01010111011,00111100101,11011110001,10101011101,10111101010,11110000011,01101110010,11100101100
01011010011,00010110111,10011111000,10110010101,11111100110,11000011110,10101110011,11110101011,00111001110,10001001101,01101111101
00001111001,11001101101,00111100101,00010101110,01100101011,01110011100,10100011111,01001010111,11010110001,11101110010,10011001011
00001111001,11001101101,00111100101,00010101110,01100101011,01110011100,10100011111,01001010111,11010110001,11101110010,10011001011
00100011101,11000111110,01110110100,10010010111,01011101111,11011011100,11101000110,00111111010,11110011011,11001110001,10110101101
10101011101,01101101100,01111010110,11011110001,11110001000,10111100011,10011111010,00110111101,01101011011,11100110110,11010001111
10001101,01110001111,11100010101,1111010010110101110101,0110101111100,11101110100111,1100011,11101111010,010011011100110,10100011010111010
01011010011,10010001110,00111100111,11011101001,10010110101,10001111011,10111010000,00101011101,11100000111,01001110100,01110111010
01001101011,00111101100,01011010101,10011110001,11100001001,00100110111,00111011010,01010111100,11110100010,10010001111,11001010110
00100011101,11000111110,01110110100,10010010111,01011101111,11011011100,11101000110,00111111010,11110011011,11001110001,10110101101
01001101011,00111101100,01011010101,10011110001,11100001001,00100110111,00111011010,01010111100,11110100010,10010001111,11001010110
00100011101,11000111110,01110110100,10010010111,01011101111,11011011100,11101000110,00111111010,11110011011,11001110001,10110101101
10010111001,01011001101,11011010011,11111010100,01100110111,11101101001,10001011110,00111111010,11110001010,11011100110,10111000111
01011010011,00010110111,10011111000,10110010101,11111100110,11000011110,10101110011,11110101011,00111001110,10001001101,01101111101
10110010100,01011001110,10000100111,01010111011,00111100101,11011110001,10101011101,10111101010,11110000011,01101110010,11100101100
00001111001,11001101101,00111100101,00010101110,01100101011,01110011100,10100011111,01001010111,11010110001,11101110010,10011001011
10110010100,01011001110,10000100111,01010111011,00111100101,11011110001,10101011101,10111101010,11110000011,01101110010,11100101100
10110010100,01011001110,10000100111,01010111011,00111100101,11011110001,10101011101,10111101010,11110000011,01101110010,11100101100
01111001101,11001101011,00010111011,11011010111,10101110101,11111110000,11110100111,11000111100,01101110110,10011101110,10100011010
10010111001,01011001101,11011010011,11111010100,01100110111,11101101001,10001011110,00111111010,11110001010,11011100110,10111000111
10010111001,01011001101,11011010011,11111010100,01100110111,11101101001,10001011110,00111111010,11110001010,11011100110,10111000111
01011010011,10010001110,00111100111,11011101001,10010110101,10001111011,10111010000,00101011101,11100000111,01001110100,01110111010
01011010011,10010001110,00111100111,11011101001,10010110101,10001111011,10111010000,00101011101,11100000111,01001110100,01110111010
00100011101,11000111110,01110110100,10010010111,01011101111,11011011100,11101000110,00111111010,11110011011,11001110001,10110101101
10110010100,01011001110,10000100111,01010111011,00111100101,11011110001,10101011101,10111101010,11110000011,01101110010,11100101100
00100011101,11000111110,01110110100,10010010111,01011101111,11011011100,11101000110,00111111010,11110011011,11001110001,10110101101
01001100101,11110010100,01010110011,10011111000,11100001001,00110101100,01101011010,10000111110,11011100010,00011001111,10101110011
10110010100,01011001110,10000100111,01010111011,00111100101,11011110001,10101011101,10111101010,11110000011,01101110010,11100101100
10101011101,01101101100,01111010110,11011110001,11110001000,10111100011,10011111010,00110111101,01101011011,11100110110,11010001111
00010111011,10111111100,10000011101,01011001110,11110110110,01001110100,10011100111,01110101101,00101010111,11101101010,11111010001
10010111001,01011001101,11011010011,11111010100,01100110111,11101101001,10001011110,00111111010,11110001010,11011100110,10111000111
10110010100,01011001110,10000100111,01010111011,00111100101,11011110001,10101011101,10111101010,11110000011,01101110010,11100101100
01111001101,11001101011,00010111011,11011010111,10101110101,11111110000,11110100111,11000111100,01101110110,10011101110,10100011010
01011010011,10010001110,00111100111,11011101001,10010110101,10001111011,10111010000,00101011101,11100000111,01001110100,01110111010
01011010011,10010001110,00111100111,11011101001,10010110101,10001111011,10111010000,00101011101,11100000111,01001110100,01110111010
01111001101,11001101011,00010111011,11011010111,10101110101,11111110000,11110100111,11000111100,01101110110,10011101110,10100011010
01011010011,00010110111,10011111000,10110010101,11111100110,11000011110,10101110011,11110101011,00111001110,10001001101,01101111101
10101011001,11000011110,10011110110,00010111001,11110010100,01100110011,00110001111,00101111100,01111001010,11001101101,01011010101
10101011001,11000011110,10011110110,00010111001,11110010100,01100110011,00110001111,00101111100,01111001010,11001101101,01011010101
01011010011,10010001110,00111100111,11011101001,10010110101,10001111011,10111010000,00101011101,11100000111,01001110100,01110111010
01011001110,11000101000,01010110001,10001110111,00101101101,10010011101,11110000111,00110111110,11101010100,10111001010,01100011011
01011001110,11000101000,01010110001,10001110111,00101101101,10010011101,11110000111,00110111110,11101010100,10111001010,01100011011
11001111001,00101001111,01011010010,10110011010,11111000001,11100010110,10011100010,01111101100,01110100011,00010110101,11010001111
01001100101,11110010100,01010110011,10011111000,11100001001,00110101100,01101011010,10000111110,11011100010,00011001111,10101110011
10010111001,01011001101,11011010011,11111010100,01100110111,11101101001,10001011110,00111111010,11110001010,11011100110,10111000111
01011010011,00010110111,10011111000,10110010101,11111100110,11000011110,10101110011,11110101011,00111001110,10001001101,01101111101
10101011001,11000011110,10011110110,00010111001,11110010100,01100110011,00110001111,00101111100,01111001010,11001101101,01011010101
00010111011,10111111100,10000011101,01011001110,11110110110,01001110100,10011100111,01110101101,00101010111,11101101010,11111010001
01001101011,00111101100,01011010101,10011110001,11100001001,00100110111,00111011010,01010111100,11110100010,10010001111,11001010110
01001100101,11110010100,01010110011,10011111000,11100001001,00110101100,01101011010,10000111110,11011100010,00011001111,10101110011
11001101010,01111011001,01010010010,10111000111,10011110000,10110101010,00101111110,11100011100,01111100100,00010101101,11100110011
10101011001,11000011110,10011110110,00010111001,11110010100,01100110011,00110001111,00101111100,01111001010,11001101101,01011010101
01001101011,00111101100,01011010101,10011110001,11100001001,00100110111,00111011010,01010111100,11110100010,10010001111,11001010110
00001111001,11001101101,00111100101,00010101110,01100101011,01110011100,10100011111,01001010111,11010110001,11101110010,10011001011
00001111001,11001101101,00111100101,00010101110,01100101011,01110011100,10100011111,01001010111,11010110001,11101110010,10011001011
10110010100,01011001110,10000100111,01010111011,00111100101,11011110001,10101011101,10111101010,11110000011,01101110010,11100101100
10110010100,01011001110,10000100111,01010111011,00111100101,11011110001,10101011101,10111101010,11110000011,01101110010,11100101100
01011001110,11000101000,01010110001,10001110111,00101101101,10010011101,11110000111,00110111110,11101010100,10111001010,01100011011
01111001101,11001101011,00010111011,11011010111,10101110101,11111110000,11110100111,11000111100,01101110110,10011101110,10100011010
01111001101,11001101011,00010111011,11011010111,10101110101,11111110000,11110100111,11000111100,01101110110,10011101110,10100011010
10101011101,01101101100,01111010110,11011110001,11110001000,10111100011,10011111010,00110111101,01101011011,11100110110,11010001111
10110010100,01011001110,10000100111,01010111011,00111100101,11011110001,10101011101,10111101010,11110000011,01101110010,11100101100
00100011101,11000111110,01110110100,10010010111,01011101111,11011011100,11101000110,00111111010,11110011011,11001110001,10110101101
01111001101,11001101011,00010111011,11011010111,10101110101,11111110000,11110100111,11000111100,01101110110,10101110,10100011010
01001101011,00111101100,01011010101,10011110001,11100001001,00100110111,00111011010,01010111100,11110100010,10010001111,11001010110
01001100101,11110010100,01010110011,10011111000,11100001001,00110101100,01101011010,10000111110,11011100010,00011001111,10101110011
01011001110,11000101000,01010110001,10001110111,00101101101,10010011101,11110000111,00110111110,11101010100,10111001010,01100011011
11011010111,01111011010,10001011011,00110110110,01101110101,01010111101,10111001101,10011110000,11100011100,01001101110,11110100011
00010111011,10111111100,10000011101,01011001110,11110110110,01001110100,10011100111,01110101101,00101010111,11101101010,11111010001
00001111001,11001101101,00111100101,00010101110,01100101011,01110011100,10100011111,01001010111,11010110001,11101110010,10011001011
00100011101,11000111110,01110110100,10010010111,01011101111,11011011100,11101000110,00111111010,11110011011,11001110001,10110101101
01111001101,11001101011,00010111011,11011010111,10101110101,11111110000,11110100111,11000111100,01101110110,10011101110,10100011010
10111011001,11000101000,00011100011,11001010111,01011001100,11110010010,10110100101,10010111110,01101110100,10101001110,01100011111
10011101101,01110001111,11100010101,11110100001,10011010011,11101001010,01101011001,10100111011,00111110100,01001100111,11010111010
10101011101,01101101100,01111010110,11011110001,11110001000,10111100011,10011111010,00110111101,01101011011,11100110110,11010001111
01011010011,10010001110,00111100111,11011101001,10010110101,10001111011,10111010000,00101011101,11100000111,01001110100,01110111010
10111011001,11000101000,00011100011,11001010111,01011001100,11110010010,10110100101,10010111110,01101110100,10101001110,01100011111
00100011101,11000111110,01110110100,10010010111,01011101111,11011011100,11101000110,00111111010,11110011011,11001110001,10110101101
10110010100,01011001110,10000100111,01010111011,00111100101,11011110001,10101011101,10111101010,11110000011,01101110010,11100101100
00001111001,11001101101,00111100101,00010101110,01100101011,01110011100,10100011111,01001010111,11010110001,11101110010,10011001011
10011101101,01110001111,11100010101,11110100001,10011010011,11101001010,01101011001,10100111011,00111110100,01001100111,11010111010
10101011101,01101101100,01111010110,11011110001,11110001000,10111100011,10011111010,00110111101,01101011011,11100110110,11010001111
01011010011,00010110111,10011111000,10110010101,11111100110,11000011110,10101110011,11110101011,00111001110,10001001101,01101111101
11011010111,01111011010,10001011011,00110110110,01101110101,01010111101,10111001101,10011110000,11100011100,01001101110,11110100011
10011101101,01110001111,11100010101,11110100001,10011010011,11101001010,01101011001,10100111011,00111110100,01001100111,11010111010
01001101011,00111101100,01011010101,10011110001,11100001001,00100110111,00111011010,01010111100,11110100010,10010001111,11001010110
10110010100,01011001110,10000100111,01010111011,00111100101,11011110001,10101011101,10111101010,11110000011,01101110010,11100101100
10101011001,11000011110,10011110110,00010111001,11110010100,01100110011,00110001111,00101111100,01111001010,11001101101,01011010101
01011001110,11000101000,01010110001,10001110111,00101101101,10010011101,11110000111,00110111110,11101010100,10111001010,01100011011
01001101011,00111101100,01011010101,10011110001,11100001001,00100110111,00111011010,01010111100,11110100010,10010001111,11001010110
01001100101,11110010100,01010110011,10011111000,11100001001,00110101100,01101011010,10000111110,11011100010,00011001111,10101110011
10110010100,01011001110,10000100111,01010111011,00111100101,11011110001,10101011101,10111101010,11110000011,01101110010,11100101100
01001100101,11110010100,01010110011,10011111000,11100001001,00110101100,01101011010,10000111110,11011100010,00011001111,10101110011
10101011001,11000011110,10011110110,00010111001,11110010100,01100110011,00110001111,00101111100,01111001010,11001101101,01011010101
01001101011,00111101100,01011010101,1001111001,11100001001,00100110111,00111011010,01010111100,11110100010,10010001111,11001010110
10110010100,01011001110,10000100111,01010111011,00111100101,11011110001,10101011101,10111101010,11110000011,01101110010,11100101100
01011010011,00010110111,10011111000,10110010101,11111100110,11000011110,10101110011,11110101011,00111001110,10001001101,01101111101
00100011101,11000111110,01110110100,10010010111,01011101111,11011011100,11101000110,00111111010,11110011011,11001110001,10110101101
10110010100,01011001110,10000100111,01010111011,00111100101,11011110001,10101011101,10111101010,11110000011,01101110010,11100101100
10101011101,01101101100,01111010110,11011110001,11110001000,10111100011,10011111010,00110111101,01101011011,11100110110,11010001111
01111001101,11001101011,00010111011,11011010111,10101110101,11111110000,11110100111,11000111100,01101110110,10011101110,10100011010
00100011101,11000111110,01110110100,10010010111,01011101111,11011011100,11101000110,00111111010,11110011011,11001110001,10110101101
10010111001,01011001101,11011010011,11111010100,01100110111,11101101001,10001011110,00111111010,11110001010,11011100110,10111000111
01111001101,11001101011,00010111011,11011010111,10101110101,11111110000,11110100111,11000111100,01101110110,10011101110,10100011010
01011010011,10010001110,00111100111,11011101001,10010110101,10001111011,10111010000,00101011101,11100000111,01001110100,01110111010
01011010011,10010001110,00111100111,11011101001,10010110101,10001111011,10111010000,00101011101,11100000111,01001110100,01110111010
00100011101,11000111110,01110110100,10010010111,01011101111,11011011100,11101000110,00111111010,11110011011,11001110001,10110101101
10111011001,11000101000,00011100011,11001010111,01011001100,11110010010,10110100101,10010111110,01101110100,10101001110,01100011111
01001100101,11110010100,01010110011,10011111000,11100001001,00110101100,01101011010,10000111110,11011100010,00011001111,10101110011
00100011101,11000111110,01110110100,10010010111,01011101111,11011011100,11101000110,00111111010,11110011011,11001110001,10110101101
10010111001,01011001101,11011010011,11111010100,01100110111,11101101001,10001011110,00111111010,11110001010,11011100110,10111000111
00100011101,11000111110,01110110100,10010010111,01011101111,11011011100,11101000110,00111111010,11110011011,11001110001,10110101101
01011010011,10010001110,00111100111,11011101001,10010110101,10001111011,10111010000,00101011101,11100000111,01001110100,01110111010
00001111001,11001101101,00111100101,00010101110,01100101011,01110011100,10100011111,01001010111,11010110001,11101110010,10011001011
00001111001,11001101101,00111100101,00010101110,01100101011,01110011100,10100011111,01001010111,11010110001,11101110010,10011001011
00010111011,10111111100,10000011101,01011001110,11110110110,01001110100,10011100111,01110101101,00101010111,11101101010,11111010001
01011010011,10010001110,00111100111,11011101001,10010110101,10001111011,10111010000,00101011101,11100000111,01001110100,01110111010
01011010011,00010110111,10011111000,10110010101,11111100110,11000011110,10101110011,11110101011,00111001110,10001001101,01101111101
10110010100,01011001110,10000100111,01010111011,00111100101,11011110001,10101011101,10111101010,11110000011,01101110010,11100101100
01011010011,00010110111,10011111000,10110010101,11111100110,11000011110,10101110011,11110101011,00111001110,10001001101,01101111101
01011010011,00010110111,10011111000,10110010101,11111100110,11000011110,10101110011,11110101011,00111001110,10001001101,01101111101
01001100101,11110010100,01010110011,10011111000,11100001001,00110101100,01101011010,10000111110,11011100010,00011001111,10101110011
01011010011,10010001110,00111100111,11011101001,10010110101,10001111011,10111010000,00101011101,11100000111,01001110100,01110111010
01001100101,11110010100,01010110011,10011111000,11100001001,00110101100,01101011010,10000111110,11011100010,00011001111,10101110011
11001101010,01111011001,01010010010,10111000111,10011110000,10110101010,00101111110,11100011100,01111100100,00010101101,11100110011
01111001101,11001101011,00010111011,11011010111,10101110101,11111110000,11110100111,11000111100,01101110110,10011101110,0011011
10111011001,11000101000,00011100011,11001010111,01011001100,11110010010,10110100101,10010111110,01101110100,10101001110,01100011111
11001101010,01111011001,01010010010,10111000111,10011110000,10110101010,00101111110,11100011100,01111100100,00010101101,11100110011
10011101101,01110001111,11100010101,11110100001,10011010011,11101001010,01101011001,10100111011,00111110100,01001100111,11010111010
11011010111,01111011010,10001011011,00110110110,01101110101,01010111101,10111001101,10011110000,11100011100,01001101110,11110100011
10011101101,01110001111,11100010101,11110100001,10011010011,11101001010,01101011001,10100111011,00111110100,01001100111,11010111010
10111011001,11000101000,00011100011,11001010111,01011001100,11110010010,10110100101,10010111110,01101110100,10101001110,01100011111
01001100101,11110010100,01010110011,10011111000,11100001001,00110101100,01101011010,10000111110,11011100010,00011001111,10101110011
01001100101,11110010100,01010110011,10011111000,11100001001,00110101100,01101011010,10000111110,11011100010,00011001111,10101110011
11001101010,01111011001,01010010010,10111000111,10011110000,10110101010,00101111110,11100011100,01111100100,00010101101,11100110011
10110010100,01011001110,10000100111,01010111011,00111100101,11011110001,10101011101,10111101010,11110000011,01101110010,11100101100
01011001110,11000101000,01010110001,10001110111,00101101101,10010011101,11110000111,00110111110,11101010100,10111001010,01100011011
01011010011,10010001110,00111100111,11011101001,10010110101,10001111011,10111010000,00101011101,11100000111,01001110100,01110111010
01011010011,10010001110,00111100111,11011101001,10010110101,10001111011,10111010000,00101011101,11100000111,01001110100,01110111010
00100011101,11000111110,01110110100,10010010111,01011101111,11011011100,11101000110,00111111010,11110011011,11001110001,10110101101
01001100101,11110010100,01010110011,10011111000,11100001001,00110101100,01101011010,10000111110,11011100010,00011001111,10101110011
10110010100,01011001110,10000100111,01010111011,00111100101,11011110001,10101011101,10111101010,11110000011,01101110010,11100101100
10111011001,11000101000,00011100011,11001010111,01011001100,11110010010,10110100101,10010111110,01101110100,10101001110,01100011111
01011010011,00010110111,10011111000,10110010101,11111100110,11000011110,10101110011,11110101011,00111001110,10001001101,01101111101
01001101011,00111101100,01011010101,10011110001,11100001001,00100110111,00111011010,01010111100,11110100010,10010001111,11001010110
01001101011,00111101100,01011010101,10011110001,11100001001,00100110111,00111011010,01010111100,11110100010,10010001111,11001010110
10011101101,01110001111,11100010101,11110100001,10011010011,11101001010,01101011001,10100111011,00111110100,01001100111,11010111010
10101011101,01101101100,01111010110,11011110001,11110001000,10111100011,10011111010,00110111101,01101011011,11100110110,11010001111
01001100101,11110010100,01010110011,10011111000,11100001001,00110101100,01101011010,10000111110,11011100010,00011001111,10101110011
10101011101,01101101100,01111010110,11011110001,11110001000,10111100011,10011111010,00110111101,01101011011,11100110110,11010001111
11001101010,01111011001,01010010010,10111000111,10011110000,10110101010,00101111110,11100011100,01111100100,00010101101,11100110011
00100011101,11000111110,01110110100,10010010111,01011101111,11011011100,11101000110,00111111010,11110011011,11001110001,10110101101
10101011101,01101101100,01111010110,11011110001,11110001000,10111100011,10011111010,00110111101,01101011011,11100110110,11010001111
01001100101,11110010100,01010110011,10011111000,11100001001,00110101100,01101011010,10000111110,11011100010,00011001111,10101110011
10010111001,01011001101,11011010011,11111010100,01100110111,11101101001,10001011110,00111111010,11110001010,11011100110,10111000111
10010111001,01011001101,11011010011,11111010100,01100110111,11101101001,10001011110,00111111010,11110001010,11011100110,10111000111
11011010111,01111011010,10001011011,00110110110,01101110101,01010111101,10111001101,10011110000,11100011100,01001101110,11110100011
01001100101,11110010100,01010110011,10011111000,11100001001,00110101100,01101011010,10000111110,11011100010,00011001111,10101110011
11011010111,01111011010,10001011011,00110110110,01101110101,01010111101,10111001101,10011110000,11100011100,01001101110,11110100011
00100011101,11000111110,01110110100,10010010111,01011101111,11011011100,11101000110,00111111010,11110011011,11001110001,10110101101
00100011101,11000111110,01110110100,10010010111,01011101111,11011011100,11101000110,00111111010,11110011011,11001110001,10110101101
00001111001,11001101101,00111100101,00010101110,01100101011,01110011100,10100011111,01001010111,11010110001,11101110010,10011001011
10110010100,01011001110,10000100111,01010111011,00111100101,11011110001,10101011101,10111101010,11110000011,01101110010,11100101100
10011101101,01110001111,11100010101,11110100001,10011010011,11101001010,01101011001,10100111011,00111110100,01001100111,11010111010
01011001110,11000101000,01010110001,10001110111,00101101101,10010011101,11110000111,00110111110,11101010100,10111001010,01100011011
01011010011,00010110111,10011111000,10110010101,11111100110,11000011110,10101110011,11110101011,00111001110,10001001101,01101111101
00100011101,11000111110,01110110100,10010010111,01011101111,11011011100,11101000110,00111111010,11110011011,11001110001,10110101101
10010111001,01011001101,11011010011,11111010100,01100110111,11101101001,10001011110,00111111010,11110001010,11011100110,10111000111
00001111001,11001101101,00111100101,00010101110,01100101011,01110011100,10100011111,01001010111,11010110001,11101110010,10011001011
10011101101,01110001111,11100010101,11110100001,10011010011,11101001010,01101011001,10100111011,00111110100,01001100111,11010111010
10110010100,01011001110,10000100111,01010111011,00111100101,11011110001,10101011101,10111101010,11110000011,01101110010,11100101100
01001100101,11110010100,01010110011,10011111000,11100001001,00110101100,01101011010,10000111110,11011100010,00011001111,10101110011
11001101010,01111011001,01010010010,10111000111,10011110000,10110101010,00101111110,11100011100,01111100100,00010101101,11100110011
01001101011,00111101100,01011010101,10011110001,11100001001,00100110111,00111011010,01010111100,11110100010,10010001111,11001010110
10011101101,01110001111,11100010101,11110100001,10011010011,11101001010,01101011001,10100111011,00111110100,01001100111,11010111010
00100011101,11000111110,01110110100,10010010111,01011101111,11011011100,11101000110,00111111010,11110011011,11001110001,10110101101
00001111001,11001101101,00111100101,00010101110,01100101011,01110011100,10100011111,01001010111,11010110001,11101110010,10011001011
10011101101,01110001111,11100010101,11110100001,10011010011,11101001010,01101011001,10100111011,00111110100,01001100111,11010111010
11011010111,01111011010,10001011011,00110110110,01101110101,01010111101,10111001101,10011110000,11100011100,01001101110,11110100011
01011001110,11000101000,01010110001,10001110111,00101101101,10010011101,11110000111,00110111110,11101010100,10111001010,01100011011
01011010011,10010001110,00111100111,11011101001,10010110101,10001111011,10111010000,00101011101,11100000111,01001110100,01110111010
10011101101,01110001111,11100010101,11110100001,10011010011,11101001010,01101011001,10100111011,00111110100,01001100111,11010111010
11011010111,01111011010,10001011011,00110110110,01101110101,01010111101,10111001101,10011110000,11100011100,01001101110,11110100011
11011010111,01111011010,10001011011,00110110110,01101110101,01010111101,10111001101,10011110000,11100011100,01001101110,11110100011
10101011001,11000011110,10011110110,00010111001,11110010100,01100110011,00110001111,00101111100,01111001010,11001101101,01011010101
01011001110,11000101000,01010110001,10001110111,00101101101,10010011101,11110000111,00110111110,11101010100,10111001010,01100011011
11001101010,01111011001,01010010010,10111000111,10011110000,10110101010,00101111110,11100011100,01111100100,00010101101,11100110011
10011101101,01110001111,11100010101,11110100001,10011010011,11101001010,01101011001,10100111011,00111110100,01001100111,11010111010
10111011001,11000101000,00011100011,11001010111,01011001100,11110010010,10110100101,10010111110,01101110100,10101001110,01100011111
00100011101,11000111110,01110110100,10010010111,01011101111,11011011100,11101000110,00111111010,11110011011,11001110001,10110101101
10011101101,01110001111,11100010101,11110100001,10011010011,11101001010,01101011001,10100111011,00111110100,01001100111,11010111010
10101011101,01101101100,01111010110,11011110001,11110001000,10111100011,10011111010,00110111101,01101011011,11100110110,11010001111
01001100101,11110010100,01010110011,10011111000,11100001001,00110101100,01101011010,10000111110,11011100010,00011001111,10101110011
01001100101,11110010100,01010110011,10011111000,11100001001,00110101100,01101011010,10000111110,11011100010,00011001111,10101110011
01011010011,10010001110,00111100111,11011101001,10010110101,10001111011,10111010000,00101011101,11100000111,01001110100,01110111010
00001111001,11001101101,00111100101,00010101110,01100101011,01110011100,10100011111,01001010111,11010110001,11101110010,10011001011
10101011101,01101101100,01111010110,11011110001,11110001000,10111100011,10011111010,00110111101,01101011011,11100110110,11010001111
11011010111,01111011010,10001011011,00110110110,01101110101,01010111101,10111001101,10011110000,11100011100,01001101110,11110100011
11011010111,01111011010,10001011011,00110110110,01101110101,01010111101,10111001101,10011110000,11100011100,01001101110,11110100011
01011010011,00010110111,10011111000,10110010101,11111100110,11000011110,10101110011,11110101011,00111001110,10001001101,01101111101
00100011101,11000111110,01110110100,10010010111,01011101111,11011011100,11101000110,00111111010,11110011011,11001110001,10110101101
10101011001,11000011110,10011110110,00010111001,11110010100,01100110011,00110001111,00101111100,01111001010,11001101101,01011010101
10111011001,11000101000,00011100011,11001010111,01011001100,11110010010,10110100101,10010111110,01101110100,10101001110,01100011111
00001111001,11001101101,00111100101,00010101110,01100101011,01110011100,10100011111,01001010111,11010110001,11101110010,10011001011
10110010100,01011001110,10000100111,01010111011,00111100101,11011110001,10101011101,10111101010,11110000011,01101110010,11100101100
10110010100,01011001110,10000100111,01010111011,00111100101,11011110001,10101011101,10111101010,11110000011,01101110010,11100101100
00001111001,11001101101,00111100101,00010101110,01100101011,01110011100,10100011111,01001010111,11010110001,11101110010,10011001011
10011101101,01110001111,11100010101,11110100001,10011010011,11101001010,01101011001,10100111011,00111110100,01001100111,11010111010
01011001110,11000101000,01010110001,10001110111,00101101101,10010011101,11110000111,00110111110,11101010100,10111001010,01100011011
10101011001,11000011110,10011110110,00010111001,11110010100,01100110011,00110001111,00101111100,01111001010,11001101101,01011010101
10010111001,01011001101,11011010011,11111010100,01100110111,11101101001,10001011110,00111111010,11110001010,11011100110,10111000111
11001111001,00101001111,01011010010,10110011010,11111000001,11100010110,10011100010,01111101100,01110100011,00010110101,11010001111
11011010111,01111011010,10001011011,00110110110,01101110101,01010111101,10111001101,10011110000,11100011100,01001101110,11110100011
11011010111,01111011010,10001011011,00110110110,01101110101,01010111101,10111001101,10011110000,11100011100,01001101110,11110100011
10101011101,01101101100,01111010110,11011110001,11110001000,10111100011,10011111010,00110111101,01101011011,11100110110,11010001111
10110010100,01011001110,10000100111,01010111011,00111100101,11011110001,10101011101,10111101010,11110000011,01101110010,11100101100
10101011101,01101101100,01111010110,11011110001,11110001000,10111100011,10011111010,00110111101,01101011011,11100110110,11010001111
01111001101,11001101011,00010111011,11011010111,10101110101,11111110000,11110100111,11000111100,01101110110,10011101110,10100011010
10111011001,11000101000,00011100011,11001010111,01011001100,11110010010,10110100101,10010111110,01101110100,10101001110,01100011111
01011010011,10010001110,00111100111,11011101001,10010110101,10001111011,10111010000,00101011101,11100000111,01001110100,01110111010
00100011101,11000111110,01110110100,10010010111,01011101111,11011011100,11101000110,00111111010,11110011011,11001110001,10110101101
10011101101,01110001111,11100010101,11110100001,10011010011,11101001010,01101011001,10100111011,00111110100,01001100111,11010111010
01111001101,11001101011,00010111011,11011010111,10101110101,11111110000,11110100111,11000111100,01101110110,10011101110,10100011010
00001111001,11001101101,00111100101,00010101110,01100101011,01110011100,10100011111,01001010111,11010110001,11101110010,10011001011
00010111011,10111111100,10000011101,01011001110,11110110110,01001110100,10011100111,01110101101,00101010111,11101101010,11111010001
10111011001,11000101000,00011100011,11001010111,01011001100,11110010010,10110100101,10010111110,01101110100,10101001110,01100011111
10111011001,11000101000,00011100011,11001010111,01011001100,11110010010,10110100101,10010111110,01101110100,10101001110,01100011111
01111001101,11001101011,00010111011,11011010111,10101110101,11111110000,11110100111,11000111100,01101110110,10011101110,10100011010
01111001101,11001101011,00010111011,11011010111,10101110101,11111110000,11110100111,11000111100,01101110110,10011101110,10100011010
10101011101,01101101100,01111010110,11011110001,11110001000,10111100011,10011111010,00110111101,01101011011,11100110110,11010001111
00001111001,11001101101,00111100101,00010101110,01100101011,01110011100,10100011111,01001010111,11010110001,11101110010,10011001011
01001100101,11110010100,01010110011,10011111000,11100001001,00110101100,01101011010,10000111110,11011100010,00011001111,10101110011
10001011001,110110011110,00011100011,001111001101,111101100110,1111001010,11011010111,10010101100,1110100,1010100010,0110011000110111
11011010111,01111011010,10001011011,00110110110,01101110101,01010111101,10111001101,10011110000,11100011100,01001101110,11110100011
10011101101,01110001111,11100010101,11110100001,10011010011,11101001010,01101011001,10100111011,00111110100,01001100111,11010111010
01011010011,00010110111,10011111000,10110010101,11111100110,11000011110,10101110011,11110101011,00111001110,10001001101,01101111101
10111011001,11000101000,00011100011,11001010111,01011001100,11110010010,10110100101,10010111110,01101110100,10101001110,01100011111
01011010011,00010110111,10011111000,10110010101,11111100110,11000011110,10101110011,11110101011,00111001110,10001001101,01101111101
10111011001,11000101000,00011100011,11001010111,01011001100,11110010010,10110100101,10010111110,01101110100,10101001110,01100011111
10110010100,01011001110,10000100111,01010111011,00111100101,11011110001,10101011101,10111101010,11110000011,01101110010,11100101100
01001100101,11110010100,01010110011,10011111000,11100001001,00110101100,01101011010,10000111110,11011100010,00011001111,10101110011
11001101010,01111011001,01010010010,10111000111,10011110000,10110101010,00101111110,11100011100,01111100100,00010101101,11100110011
01011010011,00010110111,10011111000,10110010101,11111100110,11000011110,10101110011,11110101011,00111001110,10001001101,01101111101
10101011001,11000011110,10011110110,00010111001,11110010100,01100110011,00110001111,00101111100,01111001010,11001101101,01011010101
01111001101,11001101011,00010111011,11011010111,10101110101,11111110000,11110100111,11000111100,01101110110,10011101110,10100011010
00001111001,11001101101,00111100101,00010101110,01100101011,01110011100,10100011111,01001010111,11010110001,11101110010,10011001011
00100011101,11000111110,01110110100,10010010111,01011101111,11011011100,11101000110,00111111010,11110011011,11001110001,10110101101
00100011101,11000111110,01110110100,10010010111,01011101111,11011011100,11101000110,00111111010,11110011011,11001110001,10110101101
00001111001,11001101101,00111100101,00010101110,01100101011,01110011100,10100011111,01001010111,11010110001,11101110010,10011001011
10010111001,01011001101,11011010011,11111010100,01100110111,11101101001,10001011110,00111111010,11110001010,11011100110,10111000111
01011010011,10010001110,00111100111,11011101001,10010110101,10001111011,10111010000,00101011101,11100000111,01001110100,01110111010
00100011101,11000111110,01110110100,10010010111,01011101111,11011011100,11101000110,00111111010,11110011011,11001110001,10110101101
01011010011,00010110111,10011111000,10110010101,11111100110,11000011110,10101110011,11110101011,00111001110,10001001101,01101111101
10110010100,01011001110,10000100111,01010111011,00111100101,11011110001,10101011101,10111101010,11110000011,01101110010,11100101100
01011010011,00010110111,10011111000,10110010101,11111100110,11000011110,10101110011,11110101011,00111001110,10001001101,01101111101
11001101010,01111011001,01010010010,10111000111,10011110000,10110101010,00101111110,11100011100,01111100100,00010101101,11100110011
01011010011,10010001110,00111100111,11011101001,10010110101,10001111011,10111010000,00101011101,11100000111,01001110100,01110111010
00100011101,11000111110,01110110100,10010010111,01011101111,11011011100,11101000110,00111111010,11110011011,11001110001,10110101101
10010111001,01011001101,11011010011,11111010100,01100110111,11101101001,10001011110,00111111010,11110001010,11011100110,10111000111
11011010111,01111011010,10001011011,00110110110,01101110101,01010111101,10111001101,10011110000,11100011100,01001101110,11110100011
01011010011,10010001110,00111100111,11011101001,10010110101,10001111011,10111010000,00101011101,11100000111,01001110100,01110111010
01001100101,11110010100,01010110011,10011111000,11100001001,00110101100,01101011010,10000111110,11011100010,00011001111,10101110011
01011010011,00010110111,10011111000,10110010101,11111100110,11000011110,10101110011,11110101011,00111001110,10001001101,01101111101
00001111001,11001101101,00111100101,00010101110,01100101011,01110011100,10100011111,01001010111,11010110001,11101110010,10011001011
11001101010,01111011001,01010010010,10111000111,10011110000,10110101010,00101111110,11100011100,01111100100,00010101101,11100110011
10110010100,01011001110,10000100111,01010111011,00111100101,11011110001,10101011101,10111101010,11110000011,01101110010,11100101100
00100011101,11000111110,01110110100,10010010111,01011101111,11011011100,11101000110,00111111010,11110011011,11001110001,10110101101
10110010100,01011001110,10000100111,01010111011,00111100101,11011110001,10101011101,10111101010,11110000011,01101110010,11100101100
01011010011,00010110111,10011111000,10110010101,11111100110,11000011110,10101110011,11110101011,00111001110,10001001101,01101111101
11001111001,00101001111,01011010010,10110011010,11111000001,11100010110,10011100010,01111101100,01110100011,00010110101,11010001111
11001111001,00101001111,01011010010,10110011010,11111000001,11100010110,10011100010,01111101100,01110100011,00010110101,11010001111
01001101011,00111101100,01011010101,10011110001,11100001001,00100110111,00111011010,01010111100,11110100010,10010001111,11001010110
00010111011,10111111100,10000011101,01011001110,11110110110,01001110100,10011100111,01110101101,00101010111,11101101010,11111010001
10101011001,11000011110,10011110110,00010111001,11110010100,01100110011,00110001111,00101111100,01111001010,11001101101,01011010101
00001111001,11001101101,00111100101,00010101110,01100101011,01110011100,10100011111,01001010111,11010110001,11101110010,10011001011
01011010011,10010001110,00111100111,11011101001,10010110101,10001111011,10111010000,00101011101,11100000111,01001110100,01110111010
10111011001,11000101000,00011100011,11001010111,01011001100,11110010010,10110100101,10010111110,01101110100,10101001110,01100011111
10011101101,01110001111,11100010101,11110100001,10011010011,11101001010,01101011001,10100111011,00111110100,01001100111,11010111010
10110010100,01011001110,10000100111,01010111011,00111100101,11011110001,10101011101,10111101010,11110000011,01101110010,11100101100
01111001101,11001101011,00010111011,11011010111,10101110101,11111110000,11110100111,11000111100,01101110110,10011101110,10100011010
10101011101,01101101100,01111010110,11011110001,11110001000,10111100011,10011111010,00110111101,01101011011,11100110110,11010001111
11001101010,01111011001,01010010010,10111000111,10011110000,10110101010,00101111110,11100011100,01111100100,00010101101,11100110011
01011010011,10010001110,00111100111,11011101001,10010110101,10001111011,10111010000,00101011101,11100000111,01001110100,01110111010
10010111001,01011001101,11011010011,11111010100,01100110111,11101101001,10001011110,00111111010,11110001010,11011100110,10111000111
11011010111,01111011010,10001011011,00110110110,01101110101,01010111101,10111001101,10011110000,11100011100,01001101110,11110100011
10110010100,01011001110,10000100111,01010111011,00111100101,11011110001,10101011101,10111101010,11110000011,01101110010,11100101100
01011010011,00010110111,10011111000,10110010101,11111100110,11000011110,10101110011,11110101011,00111001110,10001001101,01101111101
10011101101,01110001111,11100010101,11110100001,10011010011,11101001010,01101011001,10100111011,00111110100,01001100111,11010111010
10011101101,01110001111,11100010101,11110100001,10011010011,11101001010,01101011001,10100111011,00111110100,01001100111,11010111010
01001101011,00111101100,01011010101,10011110001,11100001001,00100110111,00111011010,01010111100,11110100010,10010001111,11001010110
01011010011,10010001110,00111100111,11011101001,10010110101,10001111011,10111010000,00101011101,11100000111,01001110100,01110111010
00010111011,10111111100,10000011101,01011001110,11110110110,01001110100,10011100111,01110101101,00101010111,11101101010,11111010001
10101011101,01101101100,01111010110,11011110001,11110001000,10111100011,10011111010,00110111101,01101011011,11100110110,11010001111
10110010100,01011001110,10000100111,01010111011,00111100101,11011110001,10101011101,10111101010,11110000011,01101110010,11100101100
10101011101,01101101100,01111010110,11011110001,11110001000,10111100011,10011111010,00110111101,01101011011,11100110110,11010001111
01001100101,11110010100,01010110011,10011111000,11100001001,00110101100,01101011010,10000111110,11011100010,00011001111,10101110011
00001111001,11001101101,00111100101,00010101110,01100101011,01110011100,10100011111,01001010111,11010110001,11101110010,10011001011
01011010011,00010110111,10011111000,10110010101,11111100110,11000011110,10101110011,11110101011,00111001110,10001001101,01101111101
10010111001,01011001101,11011010011,11111010100,01100110111,11101101001,10001011110,00111111010,11110001010,11011100110,10111000111
00010111011,10111111100,10000011101,01011001110,11110110110,01001110100,10011100111,01110101101,00101010111,11101101010,11111010001
10101011101,01101101100,01111010110,11011110001,11110001000,10111100011,10011111010,00110111101,01101011011,11100110110,11010001111
01011010011,00010110111,10011111000,10110010101,11111100110,11000011110,10101110011,11110101011,00111001110,10001001101,01101111101
10101011001,11000011110,10011110110,00010111001,11110010100,01100110011,00110001111,00101111100,01111001010,11001101101,01011010101
10110010100,01011001110,10000100111,01010111011,00111100101,11011110001,10101011101,10111101010,11110000011,01101110010,11100101100
01001101011,00111101100,01011010101,10011110001,11100001001,00100110111,00111011010,01010111100,11110100010,10010001111,11001010110
01001100101,11110010100,01010110011,10011111000,11100001001,00110101100,01101011010,10000111110,11011100010,00011001111,10101110011
10110010100,01011001110,10000100111,01010111011,00111100101,11011110001,10101011101,10111101010,11110000011,01101110010,11100101100
01011010011,10010001110,00111100111,11011101001,10010110101,10001111011,10111010000,00101011101,11100000111,01001110100,01110111010
10101011001,11000011110,10011110110,00010111001,11110010100,01100110011,00110001111,00101111100,01111001010,11001101101,01011010101
00010111011,10111111100,10000011101,01011001110,11110110110,01001110100,10011100111,01110101101,00101010111,11101101010,11111010001
01011010011,10010001110,00111100111,11011101001,10010110101,10001111011,10111010000,00101011101,11100000111,01001110100,01110111010
01001100101,11110010100,01010110011,10011111000,11100001001,00110101100,01101011010,10000111110,11011100010,00011001111,10101110011
01001100101,11110010100,01010110011,10011111000,11100001001,00110101100,01101011010,10000111110,11011100010,00011001111,10101110011
10101011101,01101101100,01111010110,11011110001,11110001000,10111100011,10011111010,00110111101,01101011011,11100110110,11010001111
10110010100,01011001110,10000100111,01010111011,00111100101,11011110001,10101011101,10111101010,11110000011,01101110010,11100101100
01001101011,00111101100,01011010101,10011110001,11100001001,00100110111,00111011010,01010111100,11110100010,10010001111,11001010110
00001111001,11001101101,00111100101,00010101110,01100101011,01110011100,10100011111,01001010111,11010110001,11101110010,10011001011
11001101010,01111011001,01010010010,10111000111,10011110000,10110101010,00101111110,11100011100,01111100100,00010101101,11100110011
00001111001,11001101101,00111100101,00010101110,01100101011,01110011100,10100011111,01001010111,11010110001,11101110010,10011001011
10111011001,11000101000,00011100011,11001010111,01011001100,11110010010,10110100101,10010111110,01101110100,10101001110,01100011111
01001101011,00111101100,01011010101,10011110001,11100001001,00100110111,00111011010,01010111100,11110100010,10010001111,11001010110
11011010111,01111011010,10001011011,00110110110,01101110101,01010111101,10111001101,10011110000,11100011100,01001101110,11110100011
10101011101,01101101100,01111010110,11011110001,11110001000,10111100011,10011111010,00110111101,01101011011,11100110110,11010001111
11001101010,01111011001,01010010010,10111000111,10011110000,10110101010,00101111110,11100011100,01111100100,00010101101,11100110011
10101011101,01101101100,01111010110,11011110001,11110001000,10111100011,10011111010,00110111101,01101011011,11100110110,11010001111
01001100101,11110010100,01010110011,10011111000,11100001001,00110101100,01101011010,10000111110,11011100010,00011001111,10101110011
01011010011,00010110111,10011111000,10110010101,11111100110,11000011110,10101110011,11110101011,00111001110,10001001101,01101111101
10101011101,01101101100,01111010110,11011110001,11110001000,10111100011,10011111010,00110111101,01101011011,11100110110,11010001111
10101011101,01101101100,01111010110,11011110001,11110001000,10111100011,10011111010,00110111101,01101011011,11100110110,11010001111
10101011001,11000011110,10011110110,00010111001,11110010100,01100110011,00110001111,00101111100,01111001010,11001101101,01011010101
00010111011,10111111100,10000011101,01011001110,11110110110,01001110100,10011100111,01110101101,00101010111,11101101010,11111010001
10110010100,01011001110,10000100111,01010111011,00111100101,11011110001,10101011101,10111101010,11110000011,01101110010,11100101100
01001100101,11110010100,01010110011,10011111000,11100001001,00110101100,01101011010,10000111110,11011100010,00011001111,10101110011
01011010011,00010110111,10011111000,10110010101,11111100110,11000011110,10101110011,11110101011,00111001110,10001001101,01101111101
01011010011,10010001110,00111100111,11011101001,10010110101,10001111011,10111010000,00101011101,11100000111,01001110100,01110111010
11001111001,00101001111,01011010010,10110011010,11111000001,11100010110,10011100010,01111101100,01110100011,00010110101,11010001111
01001100101,11110010100,01010110011,10011111000,11100001001,00110101100,01101011010,10000111110,11011100010,00011001111,10101110011
00100011101,11000111110,01110110100,10010010111,01011101111,11011011100,11101000110,00111111010,11110011011,11001110001,10110101101
01011010011,10010001110,00111100111,11011101001,10010110101,10001111011,10111010000,00101011101,11100000111,01001110100,01110111010
01111001101,11001101011,00010111011,11011010111,10101110101,11111110000,11110100111,11000111100,01101110110,10011101110,10100011010
11011010111,01111011010,10001011011,00110110110,01101110101,01010111101,10111001101,10011110000,11100011100,01001101110,11110100011
01011001110,11000101000,01010110001,10001110111,00101101101,10010011101,11110000111,00110111110,11101010100,10111001010,01100011011
01011010011,10010001110,00111100111,11011101001,10010110101,10001111011,10111010000,00101011101,11100000111,01001110100,01110111010
01111001101,11001101011,00010111011,11011010111,10101110101,11111110000,11110100111,11000111100,01101110110,10011101110,10100011010
00100011101,11000111110,01110110100,10010010111,01011101111,11011011100,11101000110,00111111010,11110011011,11001110001,10110101101
01001100101,11110010100,01010110011,10011111000,11100001001,00110101100,01101011010,10000111110,11011100010,00011001111,10101110011
00001111001,11001101101,00111100101,00010101110,01100101011,01110011100,10100011111,01001010111,11010110001,11101110010,10011001011
01011010011,10010001110,00111100111,11011101001,10010110101,10001111011,10111010000,00101011101,11100000111,01001110100,01110111010
10101011001,11000011110,10011110110,00010111001,11110010100,01100110011,00110001111,00101111100,01111001010,11001101101,01011010101
01111001101,11001101011,00010111011,11011010111,10101110101,11111110000,11110100111,11000111100,01101110110,10011101110,10100011010
010011001110,1101,11010010,11001,10001110111,111011101101,11101101110,001010001111110,010100,11101010100,000011110,01101111,01010
10111011001,11000101000,00011100011,11001010111,01011001100,11110010010,10110100101,10010111110,01101110100,10101001110,01100011111
10011101101,01110001111,11100010101,11110100001,10011010011,11101001010,01101011001,10100111011,00111110100,01001100111,11010111010
10011101101,01110001111,11100010101,11110100001,10011010011,11101001010,01101011001,10100111011,00111110100,01001100111,11010111010
10111011001,11000101000,00011100011,11001010111,01011001100,11110010010,10110100101,10010111110,01101110100,10101001110,01100011111
11001111001,00101001111,01011010010,10110011010,11111000001,11100010110,10011100010,01111101100,01110100011,00010110101,11010001111
01011010011,10010001110,00111100111,11011101001,10010110101,10001111011,10111010000,00101011101,11100000111,01001110100,01110111010
10011101101,01110001111,11100010101,11110100001,10011010011,11101001010,01101011001,10100111011,00111110100,01001100111,11010111010
01011010011,00010110111,10011111000,10110010101,11111100110,11000011110,10101110011,11110101011,00111001110,10001001101,01101111101
10010111001,01011001101,11011010011,11111010100,01100110111,11101101001,10001011110,00111111010,11110001010,11011100110,10111000111
10010111001,01011001101,11011010011,11111010100,01100110111,11101101001,10001011110,00111111010,11110001010,11011100110,10111000111
01011010011,10010001110,00111100111,11011101001,10010110101,10001111011,10111010000,00101011101,11100000111,01001110100,01110111010
01011010011,10010001110,00111100111,11011101001,10010110101,10001111011,10111010000,00101011101,11100000111,01001110100,01110111010
10110010100,01011001110,10000100111,01010111011,00111100101,11011110001,10101011101,10111101010,11110000011,01101110010,11100101100
11001101010,01111011001,01010010010,10111000111,10011110000,10110101010,00101111110,11100011100,01111100100,00010101101,11100110011
01001101011,00111101100,01011010101,10011110001,11100001001,00100110111,00111011010,01010111100,11110100010,10010001111,11001010110
10011101101,01110001111,11100010101,11110100001,10011010011,11101001010,01101011001,10100111011,00111110100,01001100111,11010111010
00001111001,11001101101,00111100101,00010101110,01100101011,01110011100,10100011111,01001010111,11010110001,11101110010,10011001011
01011010011,10010001110,00111100111,11011101001,10010110101,10001111011,10111010000,00101011101,11100000111,01001110100,01110111010
10110010100,01011001110,10000100111,01010111011,00111100101,11011110001,10101011101,10111101010,11110000011,01101110010,11100101100
01001101011,00111101100,01011010101,10011110001,11100001001,00100110111,00111011010,01010111100,11110100010,10010001111,11001010110
00001111001,11001101101,00111100101,00010101110,01100101011,01110011100,10100011111,01001010111,11010110001,11101110010,10011001011
01001101011,00111101100,01011010101,10011110001,11100001001,00100110111,00111011010,01010111100,11110100010,10010001111,11001010110
01011010011,10010001110,00111100111,11011101001,10010110101,10001111011,10111010000,00101011101,11100000111,01001110100,01110111010
10101011001,11000011110,10011110110,00010111001,11110010100,01100110011,00110001111,00101111100,01111001010,11001101101,01011010101
01001100101,11110010100,01010110011,10011111000,11100001001,00110101100,01101011010,10000111110,11011100010,00011001111,10101110011
10111011001,11000101000,00011100011,11001010111,01011001100,11110010010,10110100101,10010111110,01101110100,10101001110,01100011111
10011101101,01110001111,11100010101,11110100001,10011010011,11101001010,01101011001,10100111011,00111110100,01001100111,11010111010
01011010011,00010110111,10011111000,10110010101,11111100110,11000011110,10101110011,11110101011,00111001110,10001001101,01101111101
01111001101,11001101011,00010111011,11011010111,10101110101,11111110000,11110100111,11000111100,01101110110,10011101110,10100011010
10011101101,01110001111,11100010101,11110100001,10011010011,11101001010,01101011001,10100111011,00111110100,01001100111,11010111010
01111001101,11001101011,00010111011,11011010111,10101110101,11111110000,11110100111,11000111100,01101110110,10011101110,10100011010
00100011101,11000111110,01110110100,10010010111,01011101111,11011011100,11101000110,00111111010,11110011011,11001110001,10110101101
10010111001,01011001101,11011010011,11111010100,01100110111,11101101001,10001011110,00111111010,11110001010,11011100110,10111000111
01011010011,00010110111,10011111000,10110010101,11111100110,11000011110,10101110011,11110101011,00111001110,10001001101,01101111101
11001101010,01111011001,01010010010,10111000111,10011110000,10110101010,00101111110,11100011100,01111100100,00010101101,11100110011
10010111001,01011001101,11011010011,11111010100,01100110111,11101101001,10001011110,00111111010,11110001010,11011100110,10111000111
00001111001,11001101101,00111100101,00010101110,01100101011,01110011100,10100011111,01001010111,11010110001,11101110010,10011001011
10010111001,01011001101,11011010011,11111010100,01100110111,11101101001,10001011110,00111111010,11110001010,11011100110,10111000111
10010111001,01011001101,11011010011,11111010100,01100110111,11101101001,10001011110,00111111010,11110001010,11011100110,10111000111
10010111001,01011001101,11011010011,11111010100,01100110111,11101101001,10001011110,00111111010,11110001010,11011100110,10111000111
10101011001,11000011110,10011110110,00010111001,11110010100,01100110011,00110001111,00101111100,01111001010,11001101101,01011010101
00010111011,10111111100,10000011101,01011001110,11110110110,01001110100,10011100111,01110101101,00101010111,11101101010,11111010001
01001100101,11110010100,01010110011,10011111000,11100001001,00110101100,01101011010,10000111110,11011100010,00011001111,10101110011
10101011001,11000011110,10011110110,00010111001,11110010100,01100110011,00110001111,00101111100,01111001010,11001101101,01011010101
00001111001,11001101101,00111100101,00010101110,01100101011,01110011100,10100011111,01001010111,11010110001,11101110010,10011001011
11011010111,01111011010,10001011011,00110110110,01101110101,01010111101,10111001101,10011110000,11100011100,01001101110,11110100011
10011101101,01110001111,11100010101,11110100001,10011010011,11101001010,01101011001,10100111011,00111110100,01001100111,11010111010
01001101011,00111101100,01011010101,10011110001,11100001001,00100110111,00111011010,01010111100,11110100010,10010001111,11001010110
01001101011,00111101100,01011010101,10011110001,11100001001,00100110111,00111011010,01010111100,11110100010,10010001111,11001010110
10101011001,11000011110,10011110110,00010111001,11110010100,01100110011,00110001111,00101111100,01111001010,11001101101,01011010101
01011001110,11000101000,01010110001,10001110111,00101101101,10010011101,11110000111,00110111110,11101010100,10111001010,01100011011
01011010011,10010001110,00111100111,11011101001,10010110101,10001111011,10111010000,00101011101,11100000111,01001110100,01110111010
00001111001,11001101101,00111100101,00010101110,01100101011,01110011100,10100011111,01001010111,11010110001,11101110010,10011001011
01011001110,11000101000,01010110001,10001110111,00101101101,10010011101,11110000111,00110111110,11101010100,10111001010,01100011011
01111001101,11001101011,00010111011,11011010111,10101110101,11111110000,11110100111,11000111100,01101110110,10011101110,10100011010
01011010011,00010110111,10011111000,10110010101,11111100110,11000011110,10101110011,11110101011,00111001110,10001001101,01101111101
01011010011,10010001110,00111100111,11011101001,10010110101,10001111011,10111010000,00101011101,11100000111,01001110100,01110111010
11001101010,01111011001,01010010010,10111000111,10011110000,10110101010,00101111110,11100011100,01111100100,00010101101,11100110011
01001101011,00111101100,01011010101,10011110001,11100001001,00100110111,00111011010,01010111100,11110100010,10010001111,11001010110
11011010111,01111011010,10001011011,00110110110,01101110101,01010111101,10111001101,10011110000,11100011100,01001101110,11110100011
01011010011,10010001110,00111100111,11011101001,10010110101,10001111011,10111010000,00101011101,11100000111,01001110100,01110111010
00010111011,10111111100,10000011101,01011001110,11110110110,01001110100,10011100111,01110101101,00101010111,11101101010,11111010001
10101011101,01101101100,01111010110,11011110001,11110001000,10111100011,10011111010,00110111101,01101011011,11100110110,11010001111
01001101011,00111101100,01011010101,10011110001,11100001001,00100110111,00111011010,01010111100,11110100010,10010001111,11001010110
00100011101,11000111110,01110110100,10010010111,01011101111,11011011100,11101000110,00111111010,11110011011,11001110001,10110101101
01011010011,00010110111,10011111000,10110010101,11111100110,11000011110,10101110011,11110101011,00111001110,10001001101,01101111101
01111001101,11001101011,00010111011,11011010111,10101110101,11111110000,11110100111,11000111100,01101110110,10011101110,10100011010
10101011101,01101101100,01111010110,11011110001,11110001000,10111100011,10011111010,00110111101,01101011011,11100110110,11010001111
10101011101,01101101100,01111010110,11011110001,11110001000,10111100011,10011111010,00110111101,01101011011,11100110110,11010001111
00001111001,11001101101,00111100101,00010101110,01100101011,01110011100,10100011111,01001010111,1100000011,1011111110011110011001010110
00100011101,11000111110,01110110100,10010010111,01011101111,11011011100,11101000110,00111111010,11110011011,11001110001,10110101101
10111011001,11000101000,00011100011,11001010111,01011001100,11110010010,10110100101,10010111110,01101110100,10101001110,01100011111
10010111001,01011001101,11011010011,11111010100,01100110111,11101101001,10001011110,00111111010,11110001010,11011100110,10111000111
11001101010,01111011001,01010010010,10111000111,10011110000,10110101010,00101111110,11100011100,01111100100,00010101101,11100110011
10010111001,01011001101,11011010011,11111010100,01100110111,11101101001,10001011110,00111111010,11110001010,11011100110,10111000111
10011101101,01110001111,11100010101,11110100001,10011010011,11101001010,01101011001,10100111011,00111110100,01001100111,11010111010
01001100101,11110010100,01010110011,10011111000,11100001001,00110101100,01101011010,10000111110,11011100010,00011001111,10101110011
00010111011,10111111100,10000011101,01011001110,11110110110,01001110100,10011100111,01110101101,00101010111,11101101010,11111010001
01011010011,101011010111,10011111000,1011101000,111000111101,11011100111110100111000011,1111000,110011011101101,0000111,001111,01010
01001100101,11110010100,01010110011,10011111000,11100001001,00110101100,01101011010,10000111110,11011100010,00011001111,10101110011
01011010011,00010110111,10011111000,10110010101,11111100110,11000011110,10101110011,11110101011,00111001110,10001001101,01101111101
00001111001,11001101101,00111100101,00010101110,01100101011,01110011100,10100011111,01001010111,11010110001,11101110010,10011001011
00001111001,11001101101,00111100101,00010101110,01100101011,01110011100,10100011111,01001010111,11010110001,11101110010,10011001011
10111011001,11000101000,00011100011,11001010111,01011001100,11110010010,10110100101,10010111110,01101110100,10101001110,01100011111
01001100101,11110010100,01010110011,10011111000,11100001001,00110101100,01101011010,10000111110,11011100010,00011001111,10101110011
10110010100,01011001110,10000100111,01010111011,00111100101,11011110001,10101011101,10111101010,11110000011,01101110010,11100101100
01011010011,00010110111,10011111000,10110010101,11111100110,11000011110,10101110011,11110101011,00111001110,10001001101,01101111101
10110010100,01011001110,10000100111,01010111011,00111100101,11011110001,10101011101,10111101010,11110000011,01101110010,11100101100
01011010011,10010001110,00111100111,11011101001,10010110101,10001111011,10111010000,00101011101,11100000111,01001110100,01110111010
10011101101,01110001111,11100010101,11110100001,10011010011,11101001010,01101011001,10100111011,00111110100,01001100111,11010111010
01111001101,11001101011,00010111011,11011010111,10101110101,11111110000,11110100111,11000111100,01101110110,10011101110,10100011010
10101011001,11000011110,10011110110,00010111001,11110010100,01100110011,00110001111,00101111100,01111001010,11001101101,01011010101
01011010011,10010001110,00111100111,11011101001,10010110101,10001111011,10111010000,00101011101,11100000111,01001110100,01110111010
11001101010,01111011001,01010010010,10111000111,10011110000,10110101010,00101111110,11100011100,01111100100,00010101101,11100110011
11001101010,01111011001,01010010010,10111000111,10011110000,10110101010,00101111110,11100011100,01111100100,00010101101,11100110011
01011010011,00010110111,10011111000,10110010101,11111100110,11000011110,10101110011,11110101011,00111001110,10001001101,01101111101
10111011001,11000101000,00011100011,11001010111,01011001100,11110010010,10110100101,10010111110,01101110100,10101001110,01100011111
11001111001,00101001111,01011010010,10110011010,11111000001,11100010110,10011100010,01111101100,01110100011,00010110101,11010001111
01001100101,11110010100,01010110011,10011111000,11100001001,00110101100,01101011010,10000111110,11011100010,00011001111,10101110011
10011101101,01110001111,11100010101,11110100001,10011010011,11101001010,01101011001,10100111011,00111110100,01001100111,11010111010
00100011101,11000111110,01110110100,10010010111,01011101111,11011011100,11101000110,00111111010,11110011011,11001110001,10110101101
11001101010,01111011001,01010010010,10111000111,10011110000,10110101010,00101111110,11100011100,01111100100,00010101101,11100110011
10011101101,01110001111,11100010101,11110100001,10011010011,11101001010,01101011001,10100111011,00111110100,01001100111,11010111010
01011001110,11000101000,01010110001,10001110111,00101101101,10010011101,11110000111,00110111110,11101010100,10111001010,01100011011
00100011101,11000111110,01110110100,10010010111,01011101111,11011011100,11101000110,00111111010,11110011011,11001110001,10110101101
00100011101,11000111110,01110110100,10010010111,01011101111,11011011100,11101000110,00111111010,11110011011,11001110001,10110101101
00001111001,11001101101,00111100101,00010101110,01100101011,01110011100,10100011111,01001010111,11010110001,11101110010,10011001011
10101011101,01101101100,01111010110,11011110001,11110001000,10111100011,10011111010,00110111101,01101011011,11100110110,11010001111
00010111011,10111111100,10000011101,01011001110,11110110110,01001110100,10011100111,01110101101,00101010111,11101101010,11111010001
01001101011,00111101100,01011010101,10011110001,11100001001,00100110111,00111011010,01010111100,11110100010,10010001111,11001010110
00010111011,10111111100,10000011101,01011001110,11110110110,01001110100,10011100111,01110101101,00101010111,11101101010,11111010001
10101011101,01101101100,01111010110,11011110001,11110001000,10111100011,10011111010,00110111101,01101011011,11100110110,11010001111
01011001110,11000101000,01010110001,10001110111,00101101101,10010011101,11110000111,00110111110,11101010100,10111001010,01100011011
00100011101,11000111110,01110110100,10010010111,01011101111,11011011100,11101000110,00111111010,11110011011,11001110001,10110101101
11011010111,01111011010,10001011011,00110110110,01101110101,01010111101,10111001101,10011110000,11100011100,01001101110,11110100011
00001111001,11001101101,00111100101,00010101110,01100101011,01110011100,10100011111,01001010111,11010110001,11101110010,10011001011
01111001101,11001101011,00010111011,11011010111,10101110101,11111110000,11110100111,11000111100,01101110110,10011101110,10100011010
01111001101,11001101011,00010111011,11011010111,10101110101,11111110000,11110100111,11000111100,01101110110,10011101110,10100011010
00001111001,11001101101,00111100101,00010101110,01100101011,01110011100,10100011111,01001010111,11010110001,11101110010,10011001011
11011010111,01111011010,10001011011,00110110110,01101110101,01010111101,10111001101,10011110000,11100011100,01001101110,11110100011
10101011001,11000011110,10011110110,00010111001,11110010100,01100110011,00110001111,00101111100,01111001010,11001101101,01011010101
10101011101,01101101100,01111010110,11011110001,11110001000,10111100011,10011111010,00110111101,01101011011,11100110110,11010001111
01011010011,10010001110,00111100111,11011101001,10010110101,10001111011,10111010000,00101011101,11100000111,01001110100,01110111010
01011001110,11000101000,01010110001,10001110111,00101101101,10010011101,11110000111,00110111110,11101010100,10111001010,01100011011
00001111001,11001101101,00111100101,00010101110,01100101011,01110011100,10100011111,01001010111,11010110001,11101110010,10011001011
010011000101,11011001010011,11000111,1001111000,11100001001,111101,1111010011001,1001010001110100010,00011001111,1011011,01010
00001111001,11001101101,00111100101,00010101110,01100101011,01110011100,10100011111,01001010111,11010110001,11101110010,10011001011
10110010100,01011001110,10000100111,01010111011,00111100101,11011110001,10101011101,10111101010,11110000011,01101110010,11100101100
10101011001,11000011110,10011110110,00010111001,11110010100,01100110011,00110001111,00101111100,01111001010,11001101101,01011010101
11001101010,01111011001,01010010010,10111000111,10011110000,10110101010,00101111110,11100011100,01111100100,00010101101,11100110011
11001101010,01111011001,01010010010,10111000111,10011110000,10110101010,00101111110,11100011100,01111100100,00010101101,11100110011
01001100101,11110010100,01010110011,10011111000,11100001001,00110101100,01101011010,10000111110,11011100010,00011001111,10101110011
01001101011,00111101100,01011010101,10011110001,11100001001,00100110111,00111011010,01010111100,11110100010,10010001111,11001010110
10101011101,01101101100,01111010110,11011110001,11110001000,10111100011,10011111010,00110111101,01101011011,11100110110,11010001111
10110010100,01011001110,10000100111,01010111011,00111100101,11011110001,10101011101,10111101010,11110000011,01101110010,11100101100
01011010011,00010110111,10011111000,10110010101,11111100110,11000011110,10101110011,11110101011,00111001110,10001001101,01101111101
00010111011,10111111100,10000011101,01011001110,11110110110,01001110100,10011100111,01110101101,00101010111,11101101010,11111010001
01001100101,11110010100,01010110011,10011111000,11100001001,00110101100,01101011010,10000111110,11011100010,00011001111,10101110011
00001111001,11001101101,00111100101,00010101110,01100101011,01110011100,10100011111,01001010111,11010110001,11101110010,10011001011
01001100101,11110010100,01010110011,10011111000,11100001001,00110101100,01101011010,10000111110,11011100010,00011001111,10101110011
00100011101,11000111110,01110110100,10010010111,01011101111,11011011100,11101000110,00111111010,11110011011,11001110001,10110101101
10011101101,01110001111,11100010101,11110100001,10011010011,11101001010,01101011001,10100111011,00111110100,01001100111,11010111010
00001111001,11001101101,00111100101,00010101110,01100101011,01110011100,10100011111,01001010111,11010110001,11101110010,10011001011
00100011101,11000111110,01110110100,10010010111,01011101111,11011011100,11101000110,00111111010,11110011011,11001110001,10110101101
01001101011,00111101100,01011010101,10011110001,11100001001,00100110111,00111011010,01010111100,11110100010,10010001111,11001010110
01011010011,10010001110,00111100111,11011101001,10010110101,10001111011,10111010000,00101011101,11100000111,01001110100,01110111010
10101011101,01101101100,01111010110,11011110001,11110001000,10111100011,10011111010,00110111101,01101011011,11100110110,11010001111
11011010111,01111011010,10001011011,00110110110,01101110101,01010111101,10111001101,10011110000,11100011100,01001101110,11110100011
00100011101,11000111110,01110110100,10010010111,01011101111,11011011100,11101000110,00111111010,11110011011,11001110001,10110101101
10011101101,01110001111,11100010101,11110100001,10011010011,11101001010,01101011001,10100111011,00111110100,01001100111,11010111010
10011101101,01110001111,11100010101,11110100001,10011010011,11101001010,01101011001,10100111011,00111110100,01001100111,11010111010
10010111001,01011001101,11011010011,11111010100,01100110111,11101101001,10001011110,00111111010,11110001010,11011100110,10111000111
01001100101,11110010100,01010110011,10011111000,11100001001,00110101100,01101011010,10000111110,11011100010,00011001111,10101110011
11001101010,01111011001,01010010010,10111000111,10011110000,10110101010,00101111110,11100011100,01111100100,00010101101,11100110011
00010111011,10111111100,10000011101,01011001110,11110110110,01001110100,10011100111,01110101101,00101010111,11101101010,11111010001
01001100101,11110010100,01010110011,10011111000,11100001001,00110101100,01101011010,10000111110,11011100010,00011001111,10101110011
01001100101,11110010100,01010110011,10011111000,11100001001,00110101100,01101011010,10000111110,11011100010,00011001111,10101110011
10101011001,11000011110,10011110110,00010111001,11110010100,01100110011,00110001111,00101111100,01111001010,11001101101,01011010101
01011010011,10010001110,00111100111,11011101001,10010110101,10001111011,10111010000,00101011101,11100000111,01001110100,01110111010
00100011101,11000111110,01110110100,10010010111,01011101111,11011011100,11101000110,00111111010,11110011011,11001110001,10110101101
01011010011,00010110111,10011111000,10110010101,11111100110,11000011110,10101110011,11110101011,00111001110,10001001101,01101111101
00010111011,10111111100,10000011101,01011001110,11110110110,01001110100,10011100111,01110101101,00101010111,11101101010,11111010001
11001111001,00101001111,01011010010,10110011010,11111000001,11100010110,10011100010,01111101100,01110100011,00010110101,11010001111
00100011101,11000111110,01110110100,10010010111,01011101111,11011011100,11101000110,00111111010,11110011011,11001110001,10110101101
00100011101,11000111110,01110110100,10010010111,01011101111,11011011100,11101000110,00111111010,11110011011,11001110001,10110101101
01011010011,10010001110,00111100111,11011101001,10010110101,10001111011,10111010000,00101011101,11100000111,01001110100,01110111010
01111001101,11001101011,00010111011,11011010111,10101110101,11111110000,11110100111,11000111100,01101110110,10011101110,10100011010
00010111011,10111111100,10000011101,01011001110,11110110110,01001110100,10011100111,01110101101,00101010111,11101101010,11111010001
11011010111,01111011010,10001011011,00110110110,01101110101,01010111101,10111001101,10011110000,11100011100,01001101110,11110100011
00100011101,11000111110,01110110100,10010010111,01011101111,11011011100,11101000110,00111111010,11110011011,11001110001,10110101101
01001101011,00111101100,01011010101,10011110001,11100001001,00100110111,00111011010,01010111100,11110100010,10010001111,11001010110
11011010111,01111011010,10001011011,00110110110,01101110101,01010111101,10111001101,10011110000,11100011100,01001101110,11110100011
11011010111,01111011010,10001011011,00110110110,01101110101,01010111101,10111001101,10011110000,11100011100,01001101110,11110100011
00010111011,10111111100,10000011101,01011001110,11110110110,01001110100,10011100111,01110101101,00101010111,11101101010,11111010001
01011001110,11000101000,01010110001,10001110111,00101101101,10010011101,11110000111,00110111110,11101010100,10111001010,01100011011
01111001101,11001101011,00010111011,11011010111,10101110101,11111110000,11110100111,11000111100,01101110110,10011101110,10100011010
01011010011,00010110111,10011111000,10110010101,11111100110,11000011110,10101110011,11110101011,00111001110,10001001101,01101111101
01111001101,11001101011,00010111011,11011010111,10101110101,11111110000,11110100111,11000111100,01101110110,10011101110,10100011010
11001101010,01111011001,01010010010,10111000111,10011110000,10110101010,00101111110,11100011100,01111100100,00010101101,11100110011
01001101011,00111101100,01011010101,10011110001,11100001001,00100110111,00111011010,01010111100,11110100010,10010001111,11001010110
01001100101,11110010100,01010110011,10011111000,11100001001,00110101100,01101011010,10000111110,11011100010,00011001111,10101110011
10011101101,01110001111,11100010101,11110100001,10011010011,11101001010,01101011001,10100111011,00111110100,01001100111,11010111010
00010111011,10111111100,10000011101,01011001110,11110110110,01001110100,10011100111,01110101101,00101010111,11101101010,11111010001
00100011101,11000111110,01110110100,10010010111,01011101111,11011011100,11101000110,00111111010,11110011011,11001110001,10110101101
10101011001,11000011110,10011110110,00010111001,11110010100,01100110011,00110001111,00101111100,01111001010,11001101101,01011010101
11001111001,00101001111,01011010010,10110011010,11111000001,11100010110,10011100010,01111101100,01110100011,00010110101,11010001111
10010111001,01011001101,11011010011,11111010100,01100110111,11101101001,10001011110,00111111010,11110001010,11011100110,10111000111
10110010100,01011001110,10000100111,01010111011,00111100101,11011110001,10101011101,10111101010,11110000011,01101110010,11100101100
10011101101,01110001111,11100010101,11110100001,10011010011,11101001010,01101011001,10100111011,00111110100,01001100111,11010111010
01011010011,00010110111,10011111000,10110010101,11111100110,11000011110,10101110011,11110101011,00111001110,10001001101,01101111101
01111001101,11001101011,00010111011,11011010111,10101110101,11111110000,11110100111,11000111100,01101110110,10011101110,10100011010
10101011101,01101101100,01111010110,11011110001,11110001000,10111100011,10011111010,00110111101,01101011011,11100110110,11010001111
01011010011,00010110111,10011111000,10110010101,11111100110,11000011110,10101110011,11110101011,00111001110,10001001101,01101111101
01111001101,11001101011,00010111011,11011010111,10101110101,11111110000,11110100111,11000111100,01101110110,10011101110,10100011010
10110010100,01011001110,10000100111,01010111011,00111100101,11011110001,10101011101,10111101010,11110000011,01101110010,11100101100
10011101101,01110001111,11100010101,11110100001,10011010011,11101001010,01101011001,10100111011,00111110100,01001100111,11010111010
11001111001,00101001111,01011010010,10110011010,11111000001,11100010110,10011100010,01111101100,01110100011,00010110101,11010001111
