INFO - 10/25/25 15:25:33 - 0:00:00 - ============ Initialized logger ============
INFO - 10/25/25 15:25:33 - 0:00:00 - batch_size: 32
                                     command: python fc_loop.py --exp_name=dim17_run_1 --dump_path=/home/yuebi/Project/dim17_run --num_initial_empty_objects=800 --final_database_size=100 --target_db_size=100 --nb_local_searches=800 --max_epochs=20 --type=transformer --max-output-length=305 --sample-only=30000 --max-steps=1500 --n_tokens=15 --n-layer=8 --n-embd=128 --n-embd2=128 --exp_id=1111 --exp_id "1111"
                                     cpu: False
                                     debug: False
                                     debug_slurm: False
                                     dump_path: /home/yuebi/Project/dim17_run/dim17_run_1/1111
                                     exp_id: 1111
                                     exp_name: dim17_run_1
                                     final_database_size: 100
                                     gen_batch_size: 1000
                                     global_rank: 0
                                     is_master: True
                                     is_slurm_job: True
                                     learning_rate: 0.0005
                                     local_rank: 0
                                     master_addr: gpu-6
                                     master_port: -1
                                     max_epochs: 20
                                     max_output_length: 305
                                     max_steps: 1500
                                     multi_gpu: False
                                     multi_node: False
                                     n_embd: 128
                                     n_embd2: 128
                                     n_gpu_per_node: 1
                                     n_head: 8
                                     n_layer: 8
                                     n_nodes: 1
                                     n_tokens: 15
                                     nb_local_searches: 800
                                     nb_threads: 1
                                     node_id: 0
                                     num_initial_empty_objects: 800
                                     num_workers: 8
                                     sample_only: 30000
                                     seed: -1
                                     target_db_size: 100
                                     temperature: 1.0
                                     top_k: -1
                                     type: transformer
                                     weight_decay: 0.01
                                     world_size: 1
INFO - 10/25/25 15:25:33 - 0:00:00 - The experiment will be stored in /home/yuebi/Project/dim17_run/dim17_run_1/1111
                                     
INFO - 10/25/25 15:25:33 - 0:00:00 - Running command: python fc_loop.py --exp_name=dim17_run_1 --dump_path=/home/yuebi/Project/dim17_run --num_initial_empty_objects=800 --final_database_size=100 --target_db_size=100 --nb_local_searches=800 --max_epochs=20 --type=transformer --max-output-length=305 --sample-only=30000 --max-steps=1500 --n_tokens=15 --n-layer=8 --n-embd=128 --n-embd2=128 --exp_id=1111

WARNING - 10/25/25 15:25:33 - 0:00:00 - Signal handler installed.
INFO - 10/25/25 15:25:33 - 0:00:00 - seed: 214918148
INFO - 10/25/25 15:25:33 - 0:00:00 - JULIA_NUM_THREADS is set to 1
INFO - 10/25/25 15:26:32 - 0:01:00 - Created /home/yuebi/Project/dim17_run/dim17_run_1/1111/temp.txt and training tokenizer...
INFO - 10/25/25 15:26:32 - 0:01:00 - Directory '/home/yuebi/Project/dim17_run/dim17_run_1/1111/tokenizer_data' created.
INFO - 10/25/25 15:26:32 - 0:01:00 - File '/home/yuebi/Project/dim17_run/dim17_run_1/1111/temp.txt' has been deleted.
INFO - 10/25/25 15:26:32 - 0:01:00 - 0 / 100
INFO - 10/25/25 15:26:32 - 0:01:00 - initializing at generation: 1
INFO - 10/25/25 15:26:32 - 0:01:00 - number of examples in the dataset: 100
INFO - 10/25/25 15:26:32 - 0:01:00 - max word length: 125
INFO - 10/25/25 15:26:32 - 0:01:00 - number of unique characters in the vocabulary: 15
INFO - 10/25/25 15:26:32 - 0:01:00 - vocabulary:
INFO - 10/25/25 15:26:32 - 0:01:00 - ['V0', 'V1', 'V2', 'V3', 'V4', 'V5', 'V6', 'V7', 'V8', 'V9', 'V10', 'V11', 'V12', 'V13', 'V14']
INFO - 10/25/25 15:26:32 - 0:01:00 - split up the dataset into 90 training examples and 10 test examples
INFO - 10/25/25 15:26:32 - 0:01:00 - dataset determined that: vocab_size=16, block_size=306
INFO - 10/25/25 15:26:33 - 0:01:00 - model #params: 1629696
INFO - 10/25/25 15:26:33 - 0:01:00 - ============ Start of generation 1 ============
INFO - 10/25/25 15:26:33 - 0:01:00 - Memory allocated:  9.08MB, reserved: 10.00MB
INFO - 10/25/25 15:26:33 - 0:01:00 - training
INFO - 10/25/25 15:26:38 - 0:01:05 - step 0 | loss 3.0184 | step time 668.80ms
INFO - 10/25/25 15:27:02 - 0:01:30 - step 100 | loss 1.6911 | step time 248.42ms
INFO - 10/25/25 15:27:27 - 0:01:55 - step 200 | loss 0.6979 | step time 248.47ms
INFO - 10/25/25 15:27:52 - 0:02:19 - step 300 | loss 0.0687 | step time 248.47ms
INFO - 10/25/25 15:28:17 - 0:02:44 - step 400 | loss 0.0449 | step time 248.43ms
INFO - 10/25/25 15:28:42 - 0:03:09 - step 500 | loss 0.6064 | step time 248.44ms
INFO - 10/25/25 15:28:42 - 0:03:09 - step 500 train loss: 3.3138229846954346 test loss: 7.571943759918213
INFO - 10/25/25 15:28:42 - 0:03:09 - test loss 7.571943759918213 is the best so far, saving model to /home/yuebi/Project/dim17_run/dim17_run_1/1111/model.pt
INFO - 10/25/25 15:29:07 - 0:03:34 - step 600 | loss 0.0481 | step time 248.46ms
INFO - 10/25/25 15:29:32 - 0:03:59 - step 700 | loss 0.0433 | step time 248.46ms
INFO - 10/25/25 15:29:57 - 0:04:24 - step 800 | loss 0.0421 | step time 248.39ms
INFO - 10/25/25 15:30:22 - 0:04:49 - step 900 | loss 0.0428 | step time 248.32ms
INFO - 10/25/25 15:30:46 - 0:05:14 - step 1000 | loss 0.0508 | step time 248.46ms
INFO - 10/25/25 15:30:47 - 0:05:14 - step 1000 train loss: 0.05259351804852486 test loss: 5.91665506362915
INFO - 10/25/25 15:30:47 - 0:05:14 - test loss 5.91665506362915 is the best so far, saving model to /home/yuebi/Project/dim17_run/dim17_run_1/1111/model.pt
INFO - 10/25/25 15:31:12 - 0:05:39 - step 1100 | loss 0.0417 | step time 249.14ms
INFO - 10/25/25 15:31:36 - 0:06:04 - step 1200 | loss 0.0404 | step time 248.38ms
INFO - 10/25/25 15:32:01 - 0:06:29 - step 1300 | loss 0.0402 | step time 248.51ms
INFO - 10/25/25 15:32:26 - 0:06:53 - step 1400 | loss 0.0419 | step time 248.42ms
INFO - 10/25/25 15:32:51 - 0:07:18 - Memory allocated:  44.72MB, reserved: 2660.00MB
INFO - 10/25/25 15:32:51 - 0:07:18 - generating
INFO - 10/25/25 18:02:54 - 2:37:22 - distribution of sample lengths: average: 373.1152666666667 max: 975
INFO - 10/25/25 18:02:54 - 2:37:22 - printed 30000 samples
INFO - 10/25/25 18:02:54 - 2:37:22 - decoding
INFO - 10/25/25 18:02:55 - 2:37:22 - Decoding complete. Check the output in /home/yuebi/Project/dim17_run/dim17_run_1/1111/transformer-output-decoded.txt
INFO - 10/25/25 18:02:55 - 2:37:22 - Memory allocated:  44.72MB, reserved: 19004.00MB
INFO - 10/25/25 18:02:55 - 2:37:22 - ============ End of generation 1 ============
INFO - 10/25/25 18:02:55 - 2:37:22 - launching search.jl
INFO - 10/25/25 18:02:55 - 2:37:22 - JULIA_NUM_THREADS is set to 1
INFO - 10/25/25 18:07:23 - 2:41:50 - distribution of scores(all rounds)
INFO - 10/25/25 18:07:23 - 2:41:50 - Score:1015808.0, Count:1
                                     
INFO - 10/25/25 18:07:23 - 2:41:50 - Score:943056.0, Count:1
                                     
INFO - 10/25/25 18:07:23 - 2:41:50 - Score:942592.0, Count:1
                                     
INFO - 10/25/25 18:07:23 - 2:41:50 - Score:917504.0, Count:2
                                     
INFO - 10/25/25 18:07:23 - 2:41:50 - Score:892928.0, Count:1
                                     
INFO - 10/25/25 18:07:23 - 2:41:50 - Score:890880.0, Count:1
                                     
INFO - 10/25/25 18:07:23 - 2:41:50 - Score:886114.0, Count:1
                                     
INFO - 10/25/25 18:07:23 - 2:41:50 - Score:872192.0, Count:1
                                     
INFO - 10/25/25 18:07:23 - 2:41:50 - Score:868352.0, Count:1
                                     
INFO - 10/25/25 18:07:23 - 2:41:50 - Score:867840.0, Count:1
                                     
INFO - 10/25/25 18:07:23 - 2:41:50 - Score:861184.0, Count:1
                                     
INFO - 10/25/25 18:07:23 - 2:41:50 - Score:856264.0, Count:1
                                     
INFO - 10/25/25 18:07:23 - 2:41:50 - Score:856064.0, Count:1
                                     
INFO - 10/25/25 18:07:23 - 2:41:50 - Score:851712.0, Count:1
                                     
INFO - 10/25/25 18:07:23 - 2:41:50 - Score:851200.0, Count:1
                                     
INFO - 10/25/25 18:07:23 - 2:41:50 - Score:851152.0, Count:1
                                     
INFO - 10/25/25 18:07:23 - 2:41:50 - Score:851136.0, Count:1
                                     
INFO - 10/25/25 18:07:23 - 2:41:50 - Score:848640.0, Count:1
                                     
INFO - 10/25/25 18:07:23 - 2:41:50 - Score:848336.0, Count:1
                                     
INFO - 10/25/25 18:07:23 - 2:41:50 - Score:847888.0, Count:1
                                     
INFO - 10/25/25 18:07:23 - 2:41:50 - Score:845664.0, Count:1
                                     
INFO - 10/25/25 18:07:23 - 2:41:50 - Score:842752.0, Count:1
                                     
INFO - 10/25/25 18:07:23 - 2:41:50 - Score:842496.0, Count:1
                                     
INFO - 10/25/25 18:07:23 - 2:41:50 - Score:840960.0, Count:1
                                     
INFO - 10/25/25 18:07:23 - 2:41:50 - Score:840608.0, Count:1
                                     
INFO - 10/25/25 18:07:23 - 2:41:50 - Score:838384.0, Count:1
                                     
INFO - 10/25/25 18:07:23 - 2:41:50 - Score:838272.0, Count:1
                                     
INFO - 10/25/25 18:07:23 - 2:41:50 - Score:836948.0, Count:1
                                     
INFO - 10/25/25 18:07:23 - 2:41:50 - Score:835680.0, Count:1
                                     
INFO - 10/25/25 18:07:23 - 2:41:50 - Score:834816.0, Count:1
                                     
INFO - 10/25/25 18:07:23 - 2:41:50 - Score:829928.0, Count:1
                                     
INFO - 10/25/25 18:07:23 - 2:41:50 - Score:829440.0, Count:1
                                     
INFO - 10/25/25 18:07:23 - 2:41:50 - Score:825856.0, Count:1
                                     
INFO - 10/25/25 18:07:23 - 2:41:50 - Score:825344.0, Count:1
                                     
INFO - 10/25/25 18:07:23 - 2:41:50 - Score:823600.0, Count:1
                                     
INFO - 10/25/25 18:07:23 - 2:41:50 - Score:822528.0, Count:1
                                     
INFO - 10/25/25 18:07:23 - 2:41:50 - Score:820548.0, Count:1
                                     
INFO - 10/25/25 18:07:23 - 2:41:50 - Score:819788.0, Count:1
                                     
INFO - 10/25/25 18:07:23 - 2:41:50 - Score:819344.0, Count:1
                                     
INFO - 10/25/25 18:07:23 - 2:41:50 - Score:816960.0, Count:1
                                     
INFO - 10/25/25 18:07:23 - 2:41:50 - Score:816372.0, Count:1
                                     
INFO - 10/25/25 18:07:23 - 2:41:50 - Score:816340.0, Count:1
                                     
INFO - 10/25/25 18:07:23 - 2:41:50 - Score:816228.0, Count:1
                                     
INFO - 10/25/25 18:07:23 - 2:41:50 - Score:816102.0, Count:1
                                     
INFO - 10/25/25 18:07:23 - 2:41:50 - Score:815565.0, Count:1
                                     
INFO - 10/25/25 18:07:23 - 2:41:50 - Score:815232.0, Count:1
                                     
INFO - 10/25/25 18:07:23 - 2:41:50 - Score:814680.0, Count:1
                                     
INFO - 10/25/25 18:07:23 - 2:41:50 - Score:814336.0, Count:1
                                     
INFO - 10/25/25 18:07:23 - 2:41:50 - Score:812256.0, Count:1
                                     
INFO - 10/25/25 18:07:23 - 2:41:50 - Score:811900.0, Count:1
                                     
INFO - 10/25/25 18:07:23 - 2:41:50 - Score:811563.0, Count:2
                                     
INFO - 10/25/25 18:07:23 - 2:41:50 - Score:810544.0, Count:1
                                     
INFO - 10/25/25 18:07:23 - 2:41:50 - Score:810496.0, Count:1
                                     
INFO - 10/25/25 18:07:23 - 2:41:50 - Score:809984.0, Count:1
                                     
INFO - 10/25/25 18:07:23 - 2:41:50 - Score:809856.0, Count:1
                                     
INFO - 10/25/25 18:07:23 - 2:41:50 - Score:809280.0, Count:1
                                     
INFO - 10/25/25 18:07:23 - 2:41:50 - Score:808678.0, Count:1
                                     
INFO - 10/25/25 18:07:23 - 2:41:50 - Score:807677.0, Count:1
                                     
INFO - 10/25/25 18:07:23 - 2:41:50 - Score:806336.0, Count:1
                                     
INFO - 10/25/25 18:07:23 - 2:41:50 - Score:805992.0, Count:1
                                     
INFO - 10/25/25 18:07:23 - 2:41:50 - Score:805376.0, Count:1
                                     
INFO - 10/25/25 18:07:23 - 2:41:50 - Score:805346.0, Count:1
                                     
INFO - 10/25/25 18:07:23 - 2:41:50 - Score:805056.0, Count:1
                                     
INFO - 10/25/25 18:07:23 - 2:41:50 - Score:804864.0, Count:1
                                     
INFO - 10/25/25 18:07:23 - 2:41:50 - Score:803680.0, Count:1
                                     
INFO - 10/25/25 18:07:23 - 2:41:50 - Score:803250.0, Count:1
                                     
INFO - 10/25/25 18:07:23 - 2:41:50 - Score:802816.0, Count:1
                                     
INFO - 10/25/25 18:07:23 - 2:41:50 - Score:802560.0, Count:1
                                     
INFO - 10/25/25 18:07:23 - 2:41:50 - Score:802384.0, Count:1
                                     
INFO - 10/25/25 18:07:23 - 2:41:50 - Score:802320.0, Count:1
                                     
INFO - 10/25/25 18:07:23 - 2:41:50 - Score:802200.0, Count:1
                                     
INFO - 10/25/25 18:07:23 - 2:41:50 - Score:801568.0, Count:1
                                     
INFO - 10/25/25 18:07:23 - 2:41:50 - Score:799872.0, Count:1
                                     
INFO - 10/25/25 18:07:23 - 2:41:50 - Score:799784.0, Count:1
                                     
INFO - 10/25/25 18:07:23 - 2:41:50 - Score:799316.0, Count:1
                                     
INFO - 10/25/25 18:07:23 - 2:41:50 - Score:799107.0, Count:1
                                     
INFO - 10/25/25 18:07:23 - 2:41:50 - Score:798720.0, Count:1
                                     
INFO - 10/25/25 18:07:23 - 2:41:50 - Score:798262.0, Count:1
                                     
INFO - 10/25/25 18:07:23 - 2:41:50 - Score:796864.0, Count:1
                                     
INFO - 10/25/25 18:07:23 - 2:41:50 - Score:795330.0, Count:1
                                     
INFO - 10/25/25 18:07:23 - 2:41:50 - Score:794469.0, Count:1
                                     
INFO - 10/25/25 18:07:23 - 2:41:50 - Score:794112.0, Count:1
                                     
INFO - 10/25/25 18:07:23 - 2:41:50 - Score:794028.0, Count:1
                                     
INFO - 10/25/25 18:07:23 - 2:41:50 - Score:792720.0, Count:1
                                     
INFO - 10/25/25 18:07:23 - 2:41:50 - Score:792624.0, Count:1
                                     
INFO - 10/25/25 18:07:23 - 2:41:50 - Score:792480.0, Count:1
                                     
INFO - 10/25/25 18:07:23 - 2:41:50 - Score:792352.0, Count:1
                                     
INFO - 10/25/25 18:07:23 - 2:41:50 - Score:792064.0, Count:1
                                     
INFO - 10/25/25 18:07:23 - 2:41:50 - Score:792000.0, Count:1
                                     
INFO - 10/25/25 18:07:23 - 2:41:50 - Score:791840.0, Count:1
                                     
INFO - 10/25/25 18:07:23 - 2:41:50 - Score:791360.0, Count:1
                                     
INFO - 10/25/25 18:07:23 - 2:41:50 - Score:790860.0, Count:1
                                     
INFO - 10/25/25 18:07:23 - 2:41:50 - Score:790483.0, Count:1
                                     
INFO - 10/25/25 18:07:23 - 2:41:50 - Score:789912.0, Count:1
                                     
INFO - 10/25/25 18:07:23 - 2:41:50 - Score:789888.0, Count:1
                                     
INFO - 10/25/25 18:07:23 - 2:41:50 - Score:789612.0, Count:1
                                     
INFO - 10/25/25 18:07:23 - 2:41:50 - Score:789456.0, Count:1
                                     
INFO - 10/25/25 18:07:23 - 2:41:50 - Score:789280.0, Count:1
                                     
INFO - 10/25/25 18:07:23 - 2:41:50 - Score:788360.0, Count:0
                                     
INFO - 10/25/25 18:07:23 - 2:41:50 - tokenizing
INFO - 10/25/25 18:07:23 - 2:41:50 - Loading tokenizer from /home/yuebi/Project/dim17_run/dim17_run_1/1111/tokenizer_data/tokenizer.json...
INFO - 10/25/25 18:07:23 - 2:41:50 - 0 / 100
INFO - 10/25/25 18:07:23 - 2:41:50 - number of examples in the dataset: 100
INFO - 10/25/25 18:07:23 - 2:41:50 - max word length: 124
INFO - 10/25/25 18:07:23 - 2:41:50 - number of unique characters in the vocabulary: 15
INFO - 10/25/25 18:07:23 - 2:41:50 - vocabulary:
INFO - 10/25/25 18:07:23 - 2:41:50 - ['V0', 'V1', 'V2', 'V3', 'V4', 'V5', 'V6', 'V7', 'V8', 'V9', 'V10', 'V11', 'V12', 'V13', 'V14']
INFO - 10/25/25 18:07:23 - 2:41:50 - split up the dataset into 90 training examples and 10 test examples
INFO - 10/25/25 18:07:23 - 2:41:50 - ============ Start of generation 2 ============
INFO - 10/25/25 18:07:23 - 2:41:50 - Memory allocated:  44.72MB, reserved: 19004.00MB
INFO - 10/25/25 18:07:23 - 2:41:50 - training
INFO - 10/25/25 18:07:23 - 2:41:50 - step 0 | loss 1.5746 | step time 256.56ms
INFO - 10/25/25 18:07:48 - 2:42:15 - step 100 | loss 0.0644 | step time 248.46ms
INFO - 10/25/25 18:08:13 - 2:42:40 - step 200 | loss 0.0929 | step time 249.27ms
INFO - 10/25/25 18:08:38 - 2:43:05 - step 300 | loss 0.0411 | step time 248.33ms
INFO - 10/25/25 18:09:02 - 2:43:30 - step 400 | loss 0.0410 | step time 248.56ms
INFO - 10/25/25 18:09:27 - 2:43:55 - step 500 | loss 0.0412 | step time 248.55ms
INFO - 10/25/25 18:09:28 - 2:43:55 - step 500 train loss: 0.04215306043624878 test loss: 1.3699626922607422
INFO - 10/25/25 18:09:28 - 2:43:55 - test loss 1.3699626922607422 is the best so far, saving model to /home/yuebi/Project/dim17_run/dim17_run_1/1111/model.pt
INFO - 10/25/25 18:09:52 - 2:44:20 - step 600 | loss 0.0396 | step time 248.50ms
INFO - 10/25/25 18:10:17 - 2:44:45 - step 700 | loss 0.0396 | step time 248.61ms
INFO - 10/25/25 18:10:42 - 2:45:09 - step 800 | loss 0.0393 | step time 248.86ms
INFO - 10/25/25 18:11:07 - 2:45:34 - step 900 | loss 0.0427 | step time 248.60ms
INFO - 10/25/25 18:11:32 - 2:45:59 - step 1000 | loss 0.0396 | step time 249.46ms
INFO - 10/25/25 18:11:32 - 2:45:59 - step 1000 train loss: 0.03994766250252724 test loss: 2.0007290840148926
INFO - 10/25/25 18:11:57 - 2:46:24 - step 1100 | loss 0.0396 | step time 248.61ms
INFO - 10/25/25 18:12:22 - 2:46:49 - step 1200 | loss 0.0407 | step time 248.77ms
INFO - 10/25/25 18:12:47 - 2:47:14 - step 1300 | loss 0.0390 | step time 248.63ms
INFO - 10/25/25 18:13:12 - 2:47:39 - step 1400 | loss 0.0386 | step time 248.48ms
INFO - 10/25/25 18:13:36 - 2:48:04 - Memory allocated:  44.72MB, reserved: 19004.00MB
INFO - 10/25/25 18:13:36 - 2:48:04 - generating
INFO - 10/25/25 18:15:45 - 0:00:00 - ============ Initialized logger ============
INFO - 10/25/25 18:15:45 - 0:00:00 - batch_size: 32
                                     command: python fc_loop.py --exp_name=dim17_run_1 --dump_path=/home/yuebi/Project/dim17_run --num_initial_empty_objects=800 --final_database_size=100 --target_db_size=100 --nb_local_searches=800 --max_epochs=20 --type=transformer --max-output-length=305 --sample-only=30000 --max-steps=1500 --n_tokens=15 --n-layer=8 --n-embd=128 --n-embd2=128 --exp_id=1111 --exp_id "1111"
                                     cpu: False
                                     debug: False
                                     debug_slurm: False
                                     dump_path: /home/yuebi/Project/dim17_run/dim17_run_1/1111
                                     exp_id: 1111
                                     exp_name: dim17_run_1
                                     final_database_size: 100
                                     gen_batch_size: 1000
                                     global_rank: 0
                                     is_master: True
                                     is_slurm_job: True
                                     learning_rate: 0.0005
                                     local_rank: 0
                                     master_addr: gpu-6
                                     master_port: -1
                                     max_epochs: 20
                                     max_output_length: 305
                                     max_steps: 1500
                                     multi_gpu: False
                                     multi_node: False
                                     n_embd: 128
                                     n_embd2: 128
                                     n_gpu_per_node: 1
                                     n_head: 8
                                     n_layer: 8
                                     n_nodes: 1
                                     n_tokens: 15
                                     nb_local_searches: 800
                                     nb_threads: 1
                                     node_id: 0
                                     num_initial_empty_objects: 800
                                     num_workers: 8
                                     sample_only: 30000
                                     seed: -1
                                     target_db_size: 100
                                     temperature: 1.0
                                     top_k: -1
                                     type: transformer
                                     weight_decay: 0.01
                                     world_size: 1
INFO - 10/25/25 18:15:45 - 0:00:00 - The experiment will be stored in /home/yuebi/Project/dim17_run/dim17_run_1/1111
                                     
INFO - 10/25/25 18:15:45 - 0:00:00 - Running command: python fc_loop.py --exp_name=dim17_run_1 --dump_path=/home/yuebi/Project/dim17_run --num_initial_empty_objects=800 --final_database_size=100 --target_db_size=100 --nb_local_searches=800 --max_epochs=20 --type=transformer --max-output-length=305 --sample-only=30000 --max-steps=1500 --n_tokens=15 --n-layer=8 --n-embd=128 --n-embd2=128 --exp_id=1111

WARNING - 10/25/25 18:15:45 - 0:00:00 - Signal handler installed.
INFO - 10/25/25 18:15:45 - 0:00:00 - seed: 544296295
INFO - 10/25/25 18:15:45 - 0:00:00 - initializing at generation: 2
INFO - 10/25/25 18:15:45 - 0:00:00 - number of examples in the dataset: 100
INFO - 10/25/25 18:15:45 - 0:00:00 - max word length: 124
INFO - 10/25/25 18:15:45 - 0:00:00 - number of unique characters in the vocabulary: 15
INFO - 10/25/25 18:15:45 - 0:00:00 - vocabulary:
INFO - 10/25/25 18:15:45 - 0:00:00 - ['V0', 'V1', 'V2', 'V3', 'V4', 'V5', 'V6', 'V7', 'V8', 'V9', 'V10', 'V11', 'V12', 'V13', 'V14']
INFO - 10/25/25 18:15:45 - 0:00:00 - split up the dataset into 90 training examples and 10 test examples
INFO - 10/25/25 18:15:45 - 0:00:00 - dataset determined that: vocab_size=16, block_size=306
INFO - 10/25/25 18:15:45 - 0:00:00 - model #params: 1629696
INFO - 10/25/25 18:15:45 - 0:00:00 - resuming from existing model
INFO - 10/25/25 18:15:45 - 0:00:00 - ============ Start of generation 2 ============
INFO - 10/25/25 18:15:45 - 0:00:00 - Memory allocated:  9.08MB, reserved: 20.00MB
INFO - 10/25/25 18:15:45 - 0:00:00 - training
INFO - 10/25/25 18:15:50 - 0:00:05 - step 0 | loss 0.1221 | step time 570.84ms
INFO - 10/25/25 18:16:15 - 0:00:30 - step 100 | loss 0.0400 | step time 248.67ms
INFO - 10/25/25 18:16:40 - 0:00:55 - step 200 | loss 0.0425 | step time 248.57ms
INFO - 10/25/25 18:17:05 - 0:01:20 - step 300 | loss 0.0414 | step time 248.74ms
INFO - 10/25/25 18:17:30 - 0:01:45 - step 400 | loss 0.0413 | step time 248.82ms
INFO - 10/25/25 18:17:54 - 0:02:09 - step 500 | loss 0.0396 | step time 248.57ms
INFO - 10/25/25 18:17:55 - 0:02:10 - step 500 train loss: 0.03992840647697449 test loss: 0.31433340907096863
INFO - 10/25/25 18:17:55 - 0:02:10 - test loss 0.31433340907096863 is the best so far, saving model to /home/yuebi/Project/dim17_run/dim17_run_1/1111/model.pt
INFO - 10/25/25 18:18:20 - 0:02:35 - step 600 | loss 0.0405 | step time 248.76ms
INFO - 10/25/25 18:18:44 - 0:02:59 - step 700 | loss 0.0398 | step time 248.66ms
INFO - 10/25/25 18:19:09 - 0:03:24 - step 800 | loss 0.0391 | step time 248.66ms
INFO - 10/25/25 18:19:34 - 0:03:49 - step 900 | loss 0.0404 | step time 248.61ms
INFO - 10/25/25 18:19:59 - 0:04:14 - step 1000 | loss 0.0433 | step time 248.56ms
INFO - 10/25/25 18:19:59 - 0:04:14 - step 1000 train loss: 0.04617468640208244 test loss: 0.7910575866699219
INFO - 10/25/25 18:20:24 - 0:04:39 - step 1100 | loss 0.0397 | step time 249.06ms
INFO - 10/25/25 18:20:49 - 0:05:04 - step 1200 | loss 0.0394 | step time 249.70ms
INFO - 10/25/25 18:21:14 - 0:05:29 - step 1300 | loss 0.0404 | step time 248.54ms
INFO - 10/25/25 18:21:39 - 0:05:54 - step 1400 | loss 0.0412 | step time 248.67ms
INFO - 10/25/25 18:22:04 - 0:06:19 - Memory allocated:  44.72MB, reserved: 2660.00MB
INFO - 10/25/25 18:22:04 - 0:06:19 - generating
INFO - 10/25/25 20:52:05 - 2:36:20 - distribution of sample lengths: average: 371.9798666666667 max: 396
INFO - 10/25/25 20:52:05 - 2:36:20 - printed 30000 samples
INFO - 10/25/25 20:52:05 - 2:36:20 - decoding
INFO - 10/25/25 20:52:06 - 2:36:21 - Decoding complete. Check the output in /home/yuebi/Project/dim17_run/dim17_run_1/1111/transformer-output-decoded.txt
INFO - 10/25/25 20:52:06 - 2:36:21 - Memory allocated:  44.72MB, reserved: 19002.00MB
INFO - 10/25/25 20:52:06 - 2:36:21 - ============ End of generation 2 ============
INFO - 10/25/25 20:52:06 - 2:36:21 - launching search.jl
INFO - 10/25/25 20:52:06 - 2:36:21 - JULIA_NUM_THREADS is set to 1
INFO - 10/25/25 20:56:41 - 2:40:56 - distribution of scores(all rounds)
INFO - 10/25/25 20:56:41 - 2:40:56 - Score:1015808.0, Count:2
                                     
INFO - 10/25/25 20:56:41 - 2:40:56 - Score:950272.0, Count:1
                                     
INFO - 10/25/25 20:56:41 - 2:40:56 - Score:943056.0, Count:2
                                     
INFO - 10/25/25 20:56:41 - 2:40:56 - Score:942592.0, Count:2
                                     
INFO - 10/25/25 20:56:41 - 2:40:56 - Score:917504.0, Count:4
                                     
INFO - 10/25/25 20:56:41 - 2:40:56 - Score:892928.0, Count:2
                                     
INFO - 10/25/25 20:56:41 - 2:40:56 - Score:890880.0, Count:2
                                     
INFO - 10/25/25 20:56:41 - 2:40:56 - Score:886114.0, Count:2
                                     
INFO - 10/25/25 20:56:41 - 2:40:56 - Score:884736.0, Count:1
                                     
INFO - 10/25/25 20:56:41 - 2:40:56 - Score:872192.0, Count:2
                                     
INFO - 10/25/25 20:56:41 - 2:40:56 - Score:868352.0, Count:2
                                     
INFO - 10/25/25 20:56:41 - 2:40:56 - Score:867840.0, Count:2
                                     
INFO - 10/25/25 20:56:41 - 2:40:56 - Score:861184.0, Count:2
                                     
INFO - 10/25/25 20:56:41 - 2:40:56 - Score:859008.0, Count:1
                                     
INFO - 10/25/25 20:56:41 - 2:40:56 - Score:856264.0, Count:2
                                     
INFO - 10/25/25 20:56:41 - 2:40:56 - Score:856064.0, Count:2
                                     
INFO - 10/25/25 20:56:41 - 2:40:56 - Score:851712.0, Count:2
                                     
INFO - 10/25/25 20:56:41 - 2:40:56 - Score:851200.0, Count:2
                                     
INFO - 10/25/25 20:56:41 - 2:40:56 - Score:851152.0, Count:2
                                     
INFO - 10/25/25 20:56:41 - 2:40:56 - Score:851136.0, Count:2
                                     
INFO - 10/25/25 20:56:41 - 2:40:56 - Score:848640.0, Count:2
                                     
INFO - 10/25/25 20:56:41 - 2:40:56 - Score:848336.0, Count:2
                                     
INFO - 10/25/25 20:56:41 - 2:40:56 - Score:847888.0, Count:2
                                     
INFO - 10/25/25 20:56:41 - 2:40:56 - Score:845664.0, Count:2
                                     
INFO - 10/25/25 20:56:41 - 2:40:56 - Score:842752.0, Count:2
                                     
INFO - 10/25/25 20:56:41 - 2:40:56 - Score:842496.0, Count:2
                                     
INFO - 10/25/25 20:56:41 - 2:40:56 - Score:840960.0, Count:2
                                     
INFO - 10/25/25 20:56:41 - 2:40:56 - Score:840608.0, Count:2
                                     
INFO - 10/25/25 20:56:41 - 2:40:56 - Score:838384.0, Count:2
                                     
INFO - 10/25/25 20:56:41 - 2:40:56 - Score:838272.0, Count:2
                                     
INFO - 10/25/25 20:56:41 - 2:40:56 - Score:836948.0, Count:2
                                     
INFO - 10/25/25 20:56:41 - 2:40:56 - Score:835680.0, Count:2
                                     
INFO - 10/25/25 20:56:41 - 2:40:56 - Score:834816.0, Count:2
                                     
INFO - 10/25/25 20:56:41 - 2:40:56 - Score:829928.0, Count:2
                                     
INFO - 10/25/25 20:56:41 - 2:40:56 - Score:829440.0, Count:2
                                     
INFO - 10/25/25 20:56:41 - 2:40:56 - Score:825856.0, Count:2
                                     
INFO - 10/25/25 20:56:41 - 2:40:56 - Score:825344.0, Count:2
                                     
INFO - 10/25/25 20:56:41 - 2:40:56 - Score:823600.0, Count:2
                                     
INFO - 10/25/25 20:56:41 - 2:40:56 - Score:822528.0, Count:2
                                     
INFO - 10/25/25 20:56:41 - 2:40:56 - Score:820548.0, Count:2
                                     
INFO - 10/25/25 20:56:41 - 2:40:56 - Score:819788.0, Count:2
                                     
INFO - 10/25/25 20:56:41 - 2:40:56 - Score:819344.0, Count:2
                                     
INFO - 10/25/25 20:56:41 - 2:40:56 - Score:816960.0, Count:2
                                     
INFO - 10/25/25 20:56:41 - 2:40:56 - Score:816372.0, Count:2
                                     
INFO - 10/25/25 20:56:41 - 2:40:56 - Score:816340.0, Count:2
                                     
INFO - 10/25/25 20:56:41 - 2:40:56 - Score:816228.0, Count:2
                                     
INFO - 10/25/25 20:56:41 - 2:40:56 - Score:816102.0, Count:2
                                     
INFO - 10/25/25 20:56:41 - 2:40:56 - Score:815565.0, Count:2
                                     
INFO - 10/25/25 20:56:41 - 2:40:56 - Score:815232.0, Count:2
                                     
INFO - 10/25/25 20:56:41 - 2:40:56 - Score:814680.0, Count:2
                                     
INFO - 10/25/25 20:56:41 - 2:40:56 - Score:814336.0, Count:1
                                     
INFO - 10/25/25 20:56:41 - 2:40:56 - tokenizing
INFO - 10/25/25 20:56:41 - 2:40:56 - Loading tokenizer from /home/yuebi/Project/dim17_run/dim17_run_1/1111/tokenizer_data/tokenizer.json...
INFO - 10/25/25 20:56:41 - 2:40:56 - 0 / 100
INFO - 10/25/25 20:56:41 - 2:40:56 - number of examples in the dataset: 100
INFO - 10/25/25 20:56:41 - 2:40:56 - max word length: 124
INFO - 10/25/25 20:56:41 - 2:40:56 - number of unique characters in the vocabulary: 15
INFO - 10/25/25 20:56:41 - 2:40:56 - vocabulary:
INFO - 10/25/25 20:56:41 - 2:40:56 - ['V0', 'V1', 'V2', 'V3', 'V4', 'V5', 'V6', 'V7', 'V8', 'V9', 'V10', 'V11', 'V12', 'V13', 'V14']
INFO - 10/25/25 20:56:41 - 2:40:56 - split up the dataset into 90 training examples and 10 test examples
INFO - 10/25/25 20:56:41 - 2:40:56 - ============ Start of generation 3 ============
INFO - 10/25/25 20:56:41 - 2:40:56 - Memory allocated:  44.72MB, reserved: 19002.00MB
INFO - 10/25/25 20:56:41 - 2:40:56 - training
INFO - 10/25/25 20:56:42 - 2:40:57 - step 0 | loss 0.3563 | step time 258.35ms
INFO - 10/25/25 20:57:06 - 2:41:21 - step 100 | loss 0.0404 | step time 248.75ms
INFO - 10/25/25 20:57:31 - 2:41:46 - step 200 | loss 0.0393 | step time 249.21ms
INFO - 10/25/25 20:57:56 - 2:42:11 - step 300 | loss 0.0403 | step time 248.67ms
INFO - 10/25/25 20:58:21 - 2:42:36 - step 400 | loss 0.0406 | step time 248.70ms
INFO - 10/25/25 20:58:46 - 2:43:01 - step 500 | loss 0.0404 | step time 249.29ms
INFO - 10/25/25 20:58:46 - 2:43:01 - step 500 train loss: 0.04011351987719536 test loss: 0.6692960858345032
INFO - 10/25/25 20:58:46 - 2:43:01 - test loss 0.6692960858345032 is the best so far, saving model to /home/yuebi/Project/dim17_run/dim17_run_1/1111/model.pt
INFO - 10/25/25 20:59:11 - 2:43:26 - step 600 | loss 0.0393 | step time 248.93ms
INFO - 10/25/25 20:59:36 - 2:43:51 - step 700 | loss 0.0400 | step time 248.83ms
INFO - 10/25/25 21:00:01 - 2:44:16 - step 800 | loss 0.0396 | step time 248.50ms
INFO - 10/25/25 21:00:26 - 2:44:41 - step 900 | loss 0.0390 | step time 248.96ms
INFO - 10/25/25 21:00:51 - 2:45:06 - step 1000 | loss 0.0406 | step time 249.38ms
INFO - 10/25/25 21:00:51 - 2:45:06 - step 1000 train loss: 0.040016572922468185 test loss: 0.667357861995697
INFO - 10/25/25 21:00:51 - 2:45:06 - test loss 0.667357861995697 is the best so far, saving model to /home/yuebi/Project/dim17_run/dim17_run_1/1111/model.pt
INFO - 10/25/25 21:01:16 - 2:45:31 - step 1100 | loss 0.0398 | step time 248.49ms
INFO - 10/25/25 21:01:41 - 2:45:56 - step 1200 | loss 0.0386 | step time 249.07ms
INFO - 10/25/25 21:02:06 - 2:46:21 - step 1300 | loss 0.0398 | step time 249.76ms
INFO - 10/25/25 21:02:30 - 2:46:45 - step 1400 | loss 0.0386 | step time 248.68ms
INFO - 10/25/25 21:02:55 - 2:47:10 - Memory allocated:  44.72MB, reserved: 19002.00MB
INFO - 10/25/25 21:02:55 - 2:47:10 - generating
INFO - 10/25/25 21:05:48 - 0:00:00 - ============ Initialized logger ============
INFO - 10/25/25 21:05:48 - 0:00:00 - batch_size: 32
                                     command: python fc_loop.py --exp_name=dim17_run_1 --dump_path=/home/yuebi/Project/dim17_run --num_initial_empty_objects=800 --final_database_size=100 --target_db_size=100 --nb_local_searches=800 --max_epochs=20 --type=transformer --max-output-length=305 --sample-only=30000 --max-steps=1500 --n_tokens=15 --n-layer=8 --n-embd=128 --n-embd2=128 --exp_id=1111 --exp_id "1111"
                                     cpu: False
                                     debug: False
                                     debug_slurm: False
                                     dump_path: /home/yuebi/Project/dim17_run/dim17_run_1/1111
                                     exp_id: 1111
                                     exp_name: dim17_run_1
                                     final_database_size: 100
                                     gen_batch_size: 1000
                                     global_rank: 0
                                     is_master: True
                                     is_slurm_job: True
                                     learning_rate: 0.0005
                                     local_rank: 0
                                     master_addr: gpu-6
                                     master_port: -1
                                     max_epochs: 20
                                     max_output_length: 305
                                     max_steps: 1500
                                     multi_gpu: False
                                     multi_node: False
                                     n_embd: 128
                                     n_embd2: 128
                                     n_gpu_per_node: 1
                                     n_head: 8
                                     n_layer: 8
                                     n_nodes: 1
                                     n_tokens: 15
                                     nb_local_searches: 800
                                     nb_threads: 1
                                     node_id: 0
                                     num_initial_empty_objects: 800
                                     num_workers: 8
                                     sample_only: 30000
                                     seed: -1
                                     target_db_size: 100
                                     temperature: 1.0
                                     top_k: -1
                                     type: transformer
                                     weight_decay: 0.01
                                     world_size: 1
INFO - 10/25/25 21:05:48 - 0:00:00 - The experiment will be stored in /home/yuebi/Project/dim17_run/dim17_run_1/1111
                                     
INFO - 10/25/25 21:05:48 - 0:00:00 - Running command: python fc_loop.py --exp_name=dim17_run_1 --dump_path=/home/yuebi/Project/dim17_run --num_initial_empty_objects=800 --final_database_size=100 --target_db_size=100 --nb_local_searches=800 --max_epochs=20 --type=transformer --max-output-length=305 --sample-only=30000 --max-steps=1500 --n_tokens=15 --n-layer=8 --n-embd=128 --n-embd2=128 --exp_id=1111

WARNING - 10/25/25 21:05:48 - 0:00:00 - Signal handler installed.
INFO - 10/25/25 21:05:48 - 0:00:00 - seed: 977878803
INFO - 10/25/25 21:05:48 - 0:00:00 - initializing at generation: 3
INFO - 10/25/25 21:05:48 - 0:00:00 - number of examples in the dataset: 100
INFO - 10/25/25 21:05:48 - 0:00:00 - max word length: 124
INFO - 10/25/25 21:05:48 - 0:00:00 - number of unique characters in the vocabulary: 15
INFO - 10/25/25 21:05:48 - 0:00:00 - vocabulary:
INFO - 10/25/25 21:05:48 - 0:00:00 - ['V0', 'V1', 'V2', 'V3', 'V4', 'V5', 'V6', 'V7', 'V8', 'V9', 'V10', 'V11', 'V12', 'V13', 'V14']
INFO - 10/25/25 21:05:48 - 0:00:00 - split up the dataset into 90 training examples and 10 test examples
INFO - 10/25/25 21:05:48 - 0:00:00 - dataset determined that: vocab_size=16, block_size=306
INFO - 10/25/25 21:05:48 - 0:00:00 - model #params: 1629696
INFO - 10/25/25 21:05:48 - 0:00:00 - resuming from existing model
INFO - 10/25/25 21:05:48 - 0:00:00 - ============ Start of generation 3 ============
INFO - 10/25/25 21:05:48 - 0:00:00 - Memory allocated:  9.08MB, reserved: 20.00MB
INFO - 10/25/25 21:05:48 - 0:00:00 - training
INFO - 10/25/25 21:05:53 - 0:00:05 - step 0 | loss 0.0634 | step time 577.56ms
INFO - 10/25/25 21:06:18 - 0:00:30 - step 100 | loss 0.0392 | step time 249.04ms
INFO - 10/25/25 21:06:43 - 0:00:55 - step 200 | loss 0.0401 | step time 248.44ms
INFO - 10/25/25 21:07:08 - 0:01:20 - step 300 | loss 0.0395 | step time 249.21ms
INFO - 10/25/25 21:07:33 - 0:01:45 - step 400 | loss 0.0387 | step time 248.89ms
INFO - 10/25/25 21:07:57 - 0:02:09 - step 500 | loss 0.0383 | step time 248.73ms
INFO - 10/25/25 21:07:58 - 0:02:10 - step 500 train loss: 0.039663173258304596 test loss: 0.10642053186893463
INFO - 10/25/25 21:07:58 - 0:02:10 - test loss 0.10642053186893463 is the best so far, saving model to /home/yuebi/Project/dim17_run/dim17_run_1/1111/model.pt
INFO - 10/25/25 21:08:23 - 0:02:35 - step 600 | loss 0.0405 | step time 248.81ms
INFO - 10/25/25 21:08:47 - 0:03:00 - step 700 | loss 0.0401 | step time 249.08ms
INFO - 10/25/25 21:09:12 - 0:03:24 - step 800 | loss 0.0389 | step time 249.55ms
INFO - 10/25/25 21:09:37 - 0:03:49 - step 900 | loss 0.0392 | step time 248.98ms
INFO - 10/25/25 21:10:02 - 0:04:14 - step 1000 | loss 0.0398 | step time 248.68ms
INFO - 10/25/25 21:10:02 - 0:04:14 - step 1000 train loss: 0.03916117921471596 test loss: 0.21733686327934265
INFO - 10/25/25 21:10:27 - 0:04:39 - step 1100 | loss 0.0418 | step time 248.65ms
INFO - 10/25/25 21:10:52 - 0:05:04 - step 1200 | loss 0.0379 | step time 248.66ms
INFO - 10/25/25 21:11:17 - 0:05:29 - step 1300 | loss 0.0383 | step time 248.58ms
INFO - 10/25/25 21:11:42 - 0:05:54 - step 1400 | loss 0.0398 | step time 249.76ms
INFO - 10/25/25 21:12:07 - 0:06:19 - Memory allocated:  44.72MB, reserved: 2660.00MB
INFO - 10/25/25 21:12:07 - 0:06:19 - generating
INFO - 10/25/25 23:41:57 - 2:36:09 - distribution of sample lengths: average: 371.5210666666667 max: 869
INFO - 10/25/25 23:41:57 - 2:36:09 - printed 30000 samples
INFO - 10/25/25 23:41:57 - 2:36:09 - decoding
INFO - 10/25/25 23:41:58 - 2:36:10 - Decoding complete. Check the output in /home/yuebi/Project/dim17_run/dim17_run_1/1111/transformer-output-decoded.txt
INFO - 10/25/25 23:41:58 - 2:36:10 - Memory allocated:  44.72MB, reserved: 19002.00MB
INFO - 10/25/25 23:41:58 - 2:36:10 - ============ End of generation 3 ============
INFO - 10/25/25 23:41:58 - 2:36:10 - launching search.jl
INFO - 10/25/25 23:41:58 - 2:36:10 - JULIA_NUM_THREADS is set to 1
INFO - 10/25/25 23:46:48 - 2:41:00 - distribution of scores(all rounds)
INFO - 10/25/25 23:46:48 - 2:41:00 - Score:1015808.0, Count:3
                                     
INFO - 10/25/25 23:46:48 - 2:41:00 - Score:950272.0, Count:3
                                     
INFO - 10/25/25 23:46:48 - 2:41:00 - Score:943056.0, Count:3
                                     
INFO - 10/25/25 23:46:48 - 2:41:00 - Score:942592.0, Count:3
                                     
INFO - 10/25/25 23:46:48 - 2:41:00 - Score:921600.0, Count:1
                                     
INFO - 10/25/25 23:46:48 - 2:41:00 - Score:917504.0, Count:6
                                     
INFO - 10/25/25 23:46:48 - 2:41:00 - Score:892928.0, Count:3
                                     
INFO - 10/25/25 23:46:48 - 2:41:00 - Score:890880.0, Count:3
                                     
INFO - 10/25/25 23:46:48 - 2:41:00 - Score:886114.0, Count:3
                                     
INFO - 10/25/25 23:46:48 - 2:41:00 - Score:884736.0, Count:2
                                     
INFO - 10/25/25 23:46:48 - 2:41:00 - Score:872192.0, Count:3
                                     
INFO - 10/25/25 23:46:48 - 2:41:00 - Score:868352.0, Count:3
                                     
INFO - 10/25/25 23:46:48 - 2:41:00 - Score:867840.0, Count:3
                                     
INFO - 10/25/25 23:46:48 - 2:41:00 - Score:861184.0, Count:3
                                     
INFO - 10/25/25 23:46:48 - 2:41:00 - Score:859008.0, Count:2
                                     
INFO - 10/25/25 23:46:48 - 2:41:00 - Score:856264.0, Count:3
                                     
INFO - 10/25/25 23:46:48 - 2:41:00 - Score:856064.0, Count:3
                                     
INFO - 10/25/25 23:46:48 - 2:41:00 - Score:851712.0, Count:3
                                     
INFO - 10/25/25 23:46:48 - 2:41:00 - Score:851200.0, Count:3
                                     
INFO - 10/25/25 23:46:48 - 2:41:00 - Score:851152.0, Count:3
                                     
INFO - 10/25/25 23:46:48 - 2:41:00 - Score:851136.0, Count:3
                                     
INFO - 10/25/25 23:46:48 - 2:41:00 - Score:848640.0, Count:3
                                     
INFO - 10/25/25 23:46:48 - 2:41:00 - Score:848336.0, Count:3
                                     
INFO - 10/25/25 23:46:48 - 2:41:00 - Score:847888.0, Count:3
                                     
INFO - 10/25/25 23:46:48 - 2:41:00 - Score:845664.0, Count:3
                                     
INFO - 10/25/25 23:46:48 - 2:41:00 - Score:842752.0, Count:3
                                     
INFO - 10/25/25 23:46:48 - 2:41:00 - Score:842496.0, Count:3
                                     
INFO - 10/25/25 23:46:48 - 2:41:00 - Score:840960.0, Count:3
                                     
INFO - 10/25/25 23:46:48 - 2:41:00 - Score:840608.0, Count:3
                                     
INFO - 10/25/25 23:46:48 - 2:41:00 - Score:838384.0, Count:3
                                     
INFO - 10/25/25 23:46:48 - 2:41:00 - Score:838272.0, Count:3
                                     
INFO - 10/25/25 23:46:48 - 2:41:00 - Score:836948.0, Count:3
                                     
INFO - 10/25/25 23:46:48 - 2:41:00 - Score:835680.0, Count:3
                                     
INFO - 10/25/25 23:46:48 - 2:41:00 - Score:834816.0, Count:2
                                     
INFO - 10/25/25 23:46:48 - 2:41:00 - tokenizing
INFO - 10/25/25 23:46:48 - 2:41:00 - Loading tokenizer from /home/yuebi/Project/dim17_run/dim17_run_1/1111/tokenizer_data/tokenizer.json...
INFO - 10/25/25 23:46:48 - 2:41:00 - 0 / 100
INFO - 10/25/25 23:46:48 - 2:41:00 - number of examples in the dataset: 100
INFO - 10/25/25 23:46:48 - 2:41:00 - max word length: 124
INFO - 10/25/25 23:46:48 - 2:41:00 - number of unique characters in the vocabulary: 15
INFO - 10/25/25 23:46:48 - 2:41:00 - vocabulary:
INFO - 10/25/25 23:46:48 - 2:41:00 - ['V0', 'V1', 'V2', 'V3', 'V4', 'V5', 'V6', 'V7', 'V8', 'V9', 'V10', 'V11', 'V12', 'V13', 'V14']
INFO - 10/25/25 23:46:48 - 2:41:00 - split up the dataset into 90 training examples and 10 test examples
INFO - 10/25/25 23:46:48 - 2:41:00 - ============ Start of generation 4 ============
INFO - 10/25/25 23:46:48 - 2:41:00 - Memory allocated:  44.72MB, reserved: 19002.00MB
INFO - 10/25/25 23:46:48 - 2:41:00 - training
INFO - 10/25/25 23:46:49 - 2:41:01 - step 0 | loss 0.1230 | step time 256.51ms
INFO - 10/25/25 23:47:14 - 2:41:26 - step 100 | loss 0.0383 | step time 248.85ms
INFO - 10/25/25 23:47:38 - 2:41:50 - step 200 | loss 0.0396 | step time 248.77ms
INFO - 10/25/25 23:48:03 - 2:42:15 - step 300 | loss 0.0396 | step time 248.88ms
INFO - 10/25/25 23:48:28 - 2:42:40 - step 400 | loss 0.0405 | step time 248.84ms
INFO - 10/25/25 23:48:53 - 2:43:05 - step 500 | loss 0.0400 | step time 248.84ms
INFO - 10/25/25 23:48:53 - 2:43:05 - step 500 train loss: 0.0393022857606411 test loss: 0.9338899254798889
INFO - 10/25/25 23:48:53 - 2:43:05 - test loss 0.9338899254798889 is the best so far, saving model to /home/yuebi/Project/dim17_run/dim17_run_1/1111/model.pt
INFO - 10/25/25 23:49:18 - 2:43:30 - step 600 | loss 0.0664 | step time 248.96ms
INFO - 10/25/25 23:49:43 - 2:43:55 - step 700 | loss 0.0390 | step time 248.95ms
INFO - 10/25/25 23:50:08 - 2:44:20 - step 800 | loss 0.0385 | step time 248.72ms
INFO - 10/25/25 23:50:33 - 2:44:45 - step 900 | loss 0.0396 | step time 248.68ms
INFO - 10/25/25 23:50:58 - 2:45:10 - step 1000 | loss 0.1008 | step time 248.70ms
INFO - 10/25/25 23:50:58 - 2:45:10 - step 1000 train loss: 0.07385434955358505 test loss: 1.1837947368621826
INFO - 10/25/25 23:51:23 - 2:45:35 - step 1100 | loss 0.0395 | step time 248.86ms
INFO - 10/25/25 23:51:48 - 2:46:00 - step 1200 | loss 0.0383 | step time 248.41ms
INFO - 10/25/25 23:52:13 - 2:46:25 - step 1300 | loss 0.0392 | step time 248.79ms
INFO - 10/25/25 23:52:38 - 2:46:50 - step 1400 | loss 0.0389 | step time 248.92ms
INFO - 10/25/25 23:53:02 - 2:47:14 - Memory allocated:  44.72MB, reserved: 19002.00MB
INFO - 10/25/25 23:53:02 - 2:47:14 - generating
INFO - 10/25/25 23:55:53 - 0:00:00 - ============ Initialized logger ============
INFO - 10/25/25 23:55:53 - 0:00:00 - batch_size: 32
                                     command: python fc_loop.py --exp_name=dim17_run_1 --dump_path=/home/yuebi/Project/dim17_run --num_initial_empty_objects=800 --final_database_size=100 --target_db_size=100 --nb_local_searches=800 --max_epochs=20 --type=transformer --max-output-length=305 --sample-only=30000 --max-steps=1500 --n_tokens=15 --n-layer=8 --n-embd=128 --n-embd2=128 --exp_id=1111 --exp_id "1111"
                                     cpu: False
                                     debug: False
                                     debug_slurm: False
                                     dump_path: /home/yuebi/Project/dim17_run/dim17_run_1/1111
                                     exp_id: 1111
                                     exp_name: dim17_run_1
                                     final_database_size: 100
                                     gen_batch_size: 1000
                                     global_rank: 0
                                     is_master: True
                                     is_slurm_job: True
                                     learning_rate: 0.0005
                                     local_rank: 0
                                     master_addr: gpu-6
                                     master_port: -1
                                     max_epochs: 20
                                     max_output_length: 305
                                     max_steps: 1500
                                     multi_gpu: False
                                     multi_node: False
                                     n_embd: 128
                                     n_embd2: 128
                                     n_gpu_per_node: 1
                                     n_head: 8
                                     n_layer: 8
                                     n_nodes: 1
                                     n_tokens: 15
                                     nb_local_searches: 800
                                     nb_threads: 1
                                     node_id: 0
                                     num_initial_empty_objects: 800
                                     num_workers: 8
                                     sample_only: 30000
                                     seed: -1
                                     target_db_size: 100
                                     temperature: 1.0
                                     top_k: -1
                                     type: transformer
                                     weight_decay: 0.01
                                     world_size: 1
INFO - 10/25/25 23:55:53 - 0:00:00 - The experiment will be stored in /home/yuebi/Project/dim17_run/dim17_run_1/1111
                                     
INFO - 10/25/25 23:55:53 - 0:00:00 - Running command: python fc_loop.py --exp_name=dim17_run_1 --dump_path=/home/yuebi/Project/dim17_run --num_initial_empty_objects=800 --final_database_size=100 --target_db_size=100 --nb_local_searches=800 --max_epochs=20 --type=transformer --max-output-length=305 --sample-only=30000 --max-steps=1500 --n_tokens=15 --n-layer=8 --n-embd=128 --n-embd2=128 --exp_id=1111

WARNING - 10/25/25 23:55:53 - 0:00:00 - Signal handler installed.
INFO - 10/25/25 23:55:53 - 0:00:00 - seed: 904920131
INFO - 10/25/25 23:55:53 - 0:00:00 - initializing at generation: 4
INFO - 10/25/25 23:55:53 - 0:00:00 - number of examples in the dataset: 100
INFO - 10/25/25 23:55:53 - 0:00:00 - max word length: 124
INFO - 10/25/25 23:55:53 - 0:00:00 - number of unique characters in the vocabulary: 15
INFO - 10/25/25 23:55:53 - 0:00:00 - vocabulary:
INFO - 10/25/25 23:55:53 - 0:00:00 - ['V0', 'V1', 'V2', 'V3', 'V4', 'V5', 'V6', 'V7', 'V8', 'V9', 'V10', 'V11', 'V12', 'V13', 'V14']
INFO - 10/25/25 23:55:53 - 0:00:00 - split up the dataset into 90 training examples and 10 test examples
INFO - 10/25/25 23:55:53 - 0:00:00 - dataset determined that: vocab_size=16, block_size=306
INFO - 10/25/25 23:55:53 - 0:00:00 - model #params: 1629696
INFO - 10/25/25 23:55:53 - 0:00:00 - resuming from existing model
INFO - 10/25/25 23:55:53 - 0:00:00 - ============ Start of generation 4 ============
INFO - 10/25/25 23:55:53 - 0:00:00 - Memory allocated:  9.08MB, reserved: 20.00MB
INFO - 10/25/25 23:55:53 - 0:00:00 - training
INFO - 10/25/25 23:55:58 - 0:00:05 - step 0 | loss 0.3070 | step time 583.06ms
INFO - 10/25/25 23:56:23 - 0:00:30 - step 100 | loss 0.0384 | step time 248.34ms
INFO - 10/25/25 23:56:47 - 0:00:54 - step 200 | loss 0.0376 | step time 248.44ms
INFO - 10/25/25 23:57:12 - 0:01:19 - step 300 | loss 0.0401 | step time 249.36ms
INFO - 10/25/25 23:57:37 - 0:01:44 - step 400 | loss 0.0390 | step time 248.66ms
INFO - 10/25/25 23:58:02 - 0:02:09 - step 500 | loss 0.0380 | step time 248.52ms
INFO - 10/25/25 23:58:02 - 0:02:09 - step 500 train loss: 0.03954773023724556 test loss: 0.09100285172462463
INFO - 10/25/25 23:58:02 - 0:02:09 - test loss 0.09100285172462463 is the best so far, saving model to /home/yuebi/Project/dim17_run/dim17_run_1/1111/model.pt
INFO - 10/25/25 23:58:27 - 0:02:34 - step 600 | loss 0.0387 | step time 248.74ms
INFO - 10/25/25 23:58:52 - 0:02:59 - step 700 | loss 0.0386 | step time 248.70ms
INFO - 10/25/25 23:59:17 - 0:03:24 - step 800 | loss 0.0390 | step time 248.74ms
INFO - 10/25/25 23:59:42 - 0:03:49 - step 900 | loss 0.0382 | step time 248.52ms
INFO - 10/26/25 00:00:07 - 0:04:14 - step 1000 | loss 0.0398 | step time 248.85ms
INFO - 10/26/25 00:00:07 - 0:04:14 - step 1000 train loss: 0.03888857737183571 test loss: 0.16362996399402618
INFO - 10/26/25 00:00:32 - 0:04:39 - step 1100 | loss 0.0380 | step time 248.49ms
INFO - 10/26/25 00:00:57 - 0:05:04 - step 1200 | loss 0.0409 | step time 248.61ms
INFO - 10/26/25 00:01:22 - 0:05:29 - step 1300 | loss 0.0383 | step time 248.52ms
INFO - 10/26/25 00:01:46 - 0:05:53 - step 1400 | loss 0.0382 | step time 248.69ms
INFO - 10/26/25 00:02:11 - 0:06:18 - Memory allocated:  44.72MB, reserved: 2660.00MB
INFO - 10/26/25 00:02:11 - 0:06:18 - generating
INFO - 10/26/25 02:32:05 - 2:36:12 - distribution of sample lengths: average: 372.23656666666665 max: 529
INFO - 10/26/25 02:32:05 - 2:36:12 - printed 30000 samples
INFO - 10/26/25 02:32:05 - 2:36:12 - decoding
INFO - 10/26/25 02:32:06 - 2:36:13 - Decoding complete. Check the output in /home/yuebi/Project/dim17_run/dim17_run_1/1111/transformer-output-decoded.txt
INFO - 10/26/25 02:32:06 - 2:36:13 - Memory allocated:  44.72MB, reserved: 19002.00MB
INFO - 10/26/25 02:32:06 - 2:36:13 - ============ End of generation 4 ============
INFO - 10/26/25 02:32:06 - 2:36:13 - launching search.jl
INFO - 10/26/25 02:32:06 - 2:36:13 - JULIA_NUM_THREADS is set to 1
INFO - 10/26/25 02:36:55 - 2:41:02 - distribution of scores(all rounds)
INFO - 10/26/25 02:36:55 - 2:41:02 - Score:1015808.0, Count:4
                                     
INFO - 10/26/25 02:36:55 - 2:41:02 - Score:950272.0, Count:5
                                     
INFO - 10/26/25 02:36:55 - 2:41:02 - Score:943056.0, Count:4
                                     
INFO - 10/26/25 02:36:55 - 2:41:02 - Score:942592.0, Count:4
                                     
INFO - 10/26/25 02:36:55 - 2:41:02 - Score:921600.0, Count:2
                                     
INFO - 10/26/25 02:36:55 - 2:41:02 - Score:917504.0, Count:8
                                     
INFO - 10/26/25 02:36:55 - 2:41:02 - Score:892928.0, Count:4
                                     
INFO - 10/26/25 02:36:55 - 2:41:02 - Score:890880.0, Count:4
                                     
INFO - 10/26/25 02:36:55 - 2:41:02 - Score:886114.0, Count:4
                                     
INFO - 10/26/25 02:36:55 - 2:41:02 - Score:884736.0, Count:3
                                     
INFO - 10/26/25 02:36:55 - 2:41:02 - Score:872192.0, Count:4
                                     
INFO - 10/26/25 02:36:55 - 2:41:02 - Score:868352.0, Count:4
                                     
INFO - 10/26/25 02:36:55 - 2:41:02 - Score:867840.0, Count:4
                                     
INFO - 10/26/25 02:36:55 - 2:41:02 - Score:861184.0, Count:4
                                     
INFO - 10/26/25 02:36:55 - 2:41:02 - Score:859008.0, Count:3
                                     
INFO - 10/26/25 02:36:55 - 2:41:02 - Score:856264.0, Count:4
                                     
INFO - 10/26/25 02:36:55 - 2:41:02 - Score:856064.0, Count:4
                                     
INFO - 10/26/25 02:36:55 - 2:41:02 - Score:851712.0, Count:4
                                     
INFO - 10/26/25 02:36:55 - 2:41:02 - Score:851200.0, Count:4
                                     
INFO - 10/26/25 02:36:55 - 2:41:02 - Score:851152.0, Count:4
                                     
INFO - 10/26/25 02:36:55 - 2:41:02 - Score:851136.0, Count:4
                                     
INFO - 10/26/25 02:36:55 - 2:41:02 - Score:848640.0, Count:4
                                     
INFO - 10/26/25 02:36:55 - 2:41:02 - Score:848336.0, Count:4
                                     
INFO - 10/26/25 02:36:55 - 2:41:02 - Score:847888.0, Count:4
                                     
INFO - 10/26/25 02:36:55 - 2:41:02 - Score:845664.0, Count:3
                                     
INFO - 10/26/25 02:36:55 - 2:41:02 - tokenizing
INFO - 10/26/25 02:36:55 - 2:41:02 - Loading tokenizer from /home/yuebi/Project/dim17_run/dim17_run_1/1111/tokenizer_data/tokenizer.json...
INFO - 10/26/25 02:36:55 - 2:41:02 - 0 / 100
INFO - 10/26/25 02:36:55 - 2:41:02 - number of examples in the dataset: 100
INFO - 10/26/25 02:36:55 - 2:41:02 - max word length: 124
INFO - 10/26/25 02:36:55 - 2:41:02 - number of unique characters in the vocabulary: 15
INFO - 10/26/25 02:36:55 - 2:41:02 - vocabulary:
INFO - 10/26/25 02:36:55 - 2:41:02 - ['V0', 'V1', 'V2', 'V3', 'V4', 'V5', 'V6', 'V7', 'V8', 'V9', 'V10', 'V11', 'V12', 'V13', 'V14']
INFO - 10/26/25 02:36:55 - 2:41:02 - split up the dataset into 90 training examples and 10 test examples
INFO - 10/26/25 02:36:55 - 2:41:02 - ============ Start of generation 5 ============
INFO - 10/26/25 02:36:55 - 2:41:02 - Memory allocated:  44.72MB, reserved: 19002.00MB
INFO - 10/26/25 02:36:55 - 2:41:02 - training
INFO - 10/26/25 02:36:55 - 2:41:02 - step 0 | loss 0.0640 | step time 258.12ms
INFO - 10/26/25 02:37:20 - 2:41:27 - step 100 | loss 0.0397 | step time 249.36ms
INFO - 10/26/25 02:37:45 - 2:41:52 - step 200 | loss 0.0388 | step time 249.32ms
INFO - 10/26/25 02:38:10 - 2:42:17 - step 300 | loss 0.0379 | step time 249.81ms
INFO - 10/26/25 02:38:35 - 2:42:42 - step 400 | loss 0.0383 | step time 248.93ms
INFO - 10/26/25 02:39:00 - 2:43:07 - step 500 | loss 0.0882 | step time 249.22ms
INFO - 10/26/25 02:39:00 - 2:43:07 - step 500 train loss: 0.08242076635360718 test loss: 0.3190915286540985
INFO - 10/26/25 02:39:00 - 2:43:07 - test loss 0.3190915286540985 is the best so far, saving model to /home/yuebi/Project/dim17_run/dim17_run_1/1111/model.pt
INFO - 10/26/25 02:39:25 - 2:43:32 - step 600 | loss 0.0383 | step time 249.04ms
INFO - 10/26/25 02:39:50 - 2:43:57 - step 700 | loss 0.0391 | step time 249.58ms
INFO - 10/26/25 02:40:15 - 2:44:22 - step 800 | loss 0.0377 | step time 248.98ms
INFO - 10/26/25 02:40:40 - 2:44:47 - step 900 | loss 0.0374 | step time 249.87ms
INFO - 10/26/25 02:41:05 - 2:45:12 - step 1000 | loss 0.0396 | step time 249.14ms
INFO - 10/26/25 02:41:05 - 2:45:12 - step 1000 train loss: 0.03874409571290016 test loss: 0.1963988095521927
INFO - 10/26/25 02:41:05 - 2:45:12 - test loss 0.1963988095521927 is the best so far, saving model to /home/yuebi/Project/dim17_run/dim17_run_1/1111/model.pt
INFO - 10/26/25 02:41:30 - 2:45:37 - step 1100 | loss 0.0395 | step time 248.78ms
INFO - 10/26/25 02:41:55 - 2:46:02 - step 1200 | loss 0.0388 | step time 249.50ms
INFO - 10/26/25 02:42:20 - 2:46:27 - step 1300 | loss 0.0632 | step time 249.26ms
INFO - 10/26/25 02:42:45 - 2:46:52 - step 1400 | loss 0.0386 | step time 248.79ms
INFO - 10/26/25 02:43:10 - 2:47:17 - Memory allocated:  44.72MB, reserved: 19002.00MB
INFO - 10/26/25 02:43:10 - 2:47:17 - generating
INFO - 10/26/25 02:45:56 - 0:00:00 - ============ Initialized logger ============
INFO - 10/26/25 02:45:56 - 0:00:00 - batch_size: 32
                                     command: python fc_loop.py --exp_name=dim17_run_1 --dump_path=/home/yuebi/Project/dim17_run --num_initial_empty_objects=800 --final_database_size=100 --target_db_size=100 --nb_local_searches=800 --max_epochs=20 --type=transformer --max-output-length=305 --sample-only=30000 --max-steps=1500 --n_tokens=15 --n-layer=8 --n-embd=128 --n-embd2=128 --exp_id=1111 --exp_id "1111"
                                     cpu: False
                                     debug: False
                                     debug_slurm: False
                                     dump_path: /home/yuebi/Project/dim17_run/dim17_run_1/1111
                                     exp_id: 1111
                                     exp_name: dim17_run_1
                                     final_database_size: 100
                                     gen_batch_size: 1000
                                     global_rank: 0
                                     is_master: True
                                     is_slurm_job: True
                                     learning_rate: 0.0005
                                     local_rank: 0
                                     master_addr: gpu-6
                                     master_port: -1
                                     max_epochs: 20
                                     max_output_length: 305
                                     max_steps: 1500
                                     multi_gpu: False
                                     multi_node: False
                                     n_embd: 128
                                     n_embd2: 128
                                     n_gpu_per_node: 1
                                     n_head: 8
                                     n_layer: 8
                                     n_nodes: 1
                                     n_tokens: 15
                                     nb_local_searches: 800
                                     nb_threads: 1
                                     node_id: 0
                                     num_initial_empty_objects: 800
                                     num_workers: 8
                                     sample_only: 30000
                                     seed: -1
                                     target_db_size: 100
                                     temperature: 1.0
                                     top_k: -1
                                     type: transformer
                                     weight_decay: 0.01
                                     world_size: 1
INFO - 10/26/25 02:45:56 - 0:00:00 - The experiment will be stored in /home/yuebi/Project/dim17_run/dim17_run_1/1111
                                     
INFO - 10/26/25 02:45:56 - 0:00:00 - Running command: python fc_loop.py --exp_name=dim17_run_1 --dump_path=/home/yuebi/Project/dim17_run --num_initial_empty_objects=800 --final_database_size=100 --target_db_size=100 --nb_local_searches=800 --max_epochs=20 --type=transformer --max-output-length=305 --sample-only=30000 --max-steps=1500 --n_tokens=15 --n-layer=8 --n-embd=128 --n-embd2=128 --exp_id=1111

WARNING - 10/26/25 02:45:56 - 0:00:00 - Signal handler installed.
INFO - 10/26/25 02:45:56 - 0:00:00 - seed: 862747003
INFO - 10/26/25 02:45:56 - 0:00:00 - initializing at generation: 5
INFO - 10/26/25 02:45:56 - 0:00:00 - number of examples in the dataset: 100
INFO - 10/26/25 02:45:56 - 0:00:00 - max word length: 124
INFO - 10/26/25 02:45:56 - 0:00:00 - number of unique characters in the vocabulary: 15
INFO - 10/26/25 02:45:56 - 0:00:00 - vocabulary:
INFO - 10/26/25 02:45:56 - 0:00:00 - ['V0', 'V1', 'V2', 'V3', 'V4', 'V5', 'V6', 'V7', 'V8', 'V9', 'V10', 'V11', 'V12', 'V13', 'V14']
INFO - 10/26/25 02:45:56 - 0:00:00 - split up the dataset into 90 training examples and 10 test examples
INFO - 10/26/25 02:45:56 - 0:00:00 - dataset determined that: vocab_size=16, block_size=306
INFO - 10/26/25 02:45:56 - 0:00:00 - model #params: 1629696
INFO - 10/26/25 02:45:56 - 0:00:00 - resuming from existing model
INFO - 10/26/25 02:45:56 - 0:00:00 - ============ Start of generation 5 ============
INFO - 10/26/25 02:45:56 - 0:00:00 - Memory allocated:  9.08MB, reserved: 20.00MB
INFO - 10/26/25 02:45:56 - 0:00:00 - training
INFO - 10/26/25 02:46:01 - 0:00:05 - step 0 | loss 0.0427 | step time 587.55ms
INFO - 10/26/25 02:46:26 - 0:00:30 - step 100 | loss 0.0393 | step time 249.05ms
INFO - 10/26/25 02:46:51 - 0:00:55 - step 200 | loss 0.0447 | step time 248.65ms
INFO - 10/26/25 02:47:16 - 0:01:20 - step 300 | loss 0.0411 | step time 249.28ms
INFO - 10/26/25 02:47:40 - 0:01:44 - step 400 | loss 0.0456 | step time 249.06ms
INFO - 10/26/25 02:48:05 - 0:02:09 - step 500 | loss 0.0393 | step time 248.93ms
INFO - 10/26/25 02:48:06 - 0:02:10 - step 500 train loss: 0.038472358137369156 test loss: 0.4587681293487549
INFO - 10/26/25 02:48:06 - 0:02:10 - test loss 0.4587681293487549 is the best so far, saving model to /home/yuebi/Project/dim17_run/dim17_run_1/1111/model.pt
INFO - 10/26/25 02:48:31 - 0:02:35 - step 600 | loss 0.0393 | step time 249.16ms
INFO - 10/26/25 02:48:55 - 0:02:59 - step 700 | loss 0.0396 | step time 248.80ms
INFO - 10/26/25 02:49:20 - 0:03:24 - step 800 | loss 0.0390 | step time 249.18ms
INFO - 10/26/25 02:49:45 - 0:03:49 - step 900 | loss 0.0392 | step time 249.17ms
INFO - 10/26/25 02:50:10 - 0:04:14 - step 1000 | loss 0.0392 | step time 248.87ms
INFO - 10/26/25 02:50:10 - 0:04:14 - step 1000 train loss: 0.038374677300453186 test loss: 0.6998164653778076
INFO - 10/26/25 02:50:35 - 0:04:39 - step 1100 | loss 0.0377 | step time 249.33ms
INFO - 10/26/25 02:51:00 - 0:05:04 - step 1200 | loss 0.0377 | step time 249.27ms
INFO - 10/26/25 02:51:25 - 0:05:29 - step 1300 | loss 0.0398 | step time 249.65ms
INFO - 10/26/25 02:51:50 - 0:05:54 - step 1400 | loss 0.0384 | step time 248.99ms
INFO - 10/26/25 02:52:15 - 0:06:19 - Memory allocated:  44.72MB, reserved: 2660.00MB
INFO - 10/26/25 02:52:15 - 0:06:19 - generating
INFO - 10/26/25 05:22:18 - 2:36:22 - distribution of sample lengths: average: 372.26683333333335 max: 905
INFO - 10/26/25 05:22:18 - 2:36:22 - printed 30000 samples
INFO - 10/26/25 05:22:18 - 2:36:22 - decoding
INFO - 10/26/25 05:22:19 - 2:36:23 - Decoding complete. Check the output in /home/yuebi/Project/dim17_run/dim17_run_1/1111/transformer-output-decoded.txt
INFO - 10/26/25 05:22:19 - 2:36:23 - Memory allocated:  44.72MB, reserved: 19002.00MB
INFO - 10/26/25 05:22:19 - 2:36:23 - ============ End of generation 5 ============
INFO - 10/26/25 05:22:19 - 2:36:23 - launching search.jl
INFO - 10/26/25 05:22:19 - 2:36:23 - JULIA_NUM_THREADS is set to 1
INFO - 10/26/25 05:27:08 - 2:41:12 - distribution of scores(all rounds)
INFO - 10/26/25 05:27:08 - 2:41:12 - Score:1015808.0, Count:5
                                     
INFO - 10/26/25 05:27:08 - 2:41:12 - Score:950272.0, Count:7
                                     
INFO - 10/26/25 05:27:08 - 2:41:12 - Score:943056.0, Count:5
                                     
INFO - 10/26/25 05:27:08 - 2:41:12 - Score:942592.0, Count:5
                                     
INFO - 10/26/25 05:27:08 - 2:41:12 - Score:921600.0, Count:3
                                     
INFO - 10/26/25 05:27:08 - 2:41:12 - Score:917504.0, Count:10
                                     
INFO - 10/26/25 05:27:08 - 2:41:12 - Score:892928.0, Count:5
                                     
INFO - 10/26/25 05:27:08 - 2:41:12 - Score:890880.0, Count:5
                                     
INFO - 10/26/25 05:27:08 - 2:41:12 - Score:886114.0, Count:5
                                     
INFO - 10/26/25 05:27:08 - 2:41:12 - Score:884736.0, Count:4
                                     
INFO - 10/26/25 05:27:08 - 2:41:12 - Score:873376.0, Count:1
                                     
INFO - 10/26/25 05:27:08 - 2:41:12 - Score:872192.0, Count:5
                                     
INFO - 10/26/25 05:27:08 - 2:41:12 - Score:868352.0, Count:5
                                     
INFO - 10/26/25 05:27:08 - 2:41:12 - Score:867840.0, Count:5
                                     
INFO - 10/26/25 05:27:08 - 2:41:12 - Score:861184.0, Count:5
                                     
INFO - 10/26/25 05:27:08 - 2:41:12 - Score:859008.0, Count:4
                                     
INFO - 10/26/25 05:27:08 - 2:41:12 - Score:856264.0, Count:5
                                     
INFO - 10/26/25 05:27:08 - 2:41:12 - Score:856064.0, Count:5
                                     
INFO - 10/26/25 05:27:08 - 2:41:12 - Score:851712.0, Count:5
                                     
INFO - 10/26/25 05:27:08 - 2:41:12 - Score:851200.0, Count:5
                                     
INFO - 10/26/25 05:27:08 - 2:41:12 - Score:851152.0, Count:1
                                     
INFO - 10/26/25 05:27:08 - 2:41:12 - tokenizing
INFO - 10/26/25 05:27:08 - 2:41:12 - Loading tokenizer from /home/yuebi/Project/dim17_run/dim17_run_1/1111/tokenizer_data/tokenizer.json...
INFO - 10/26/25 05:27:08 - 2:41:12 - 0 / 100
INFO - 10/26/25 05:27:08 - 2:41:12 - number of examples in the dataset: 100
INFO - 10/26/25 05:27:08 - 2:41:12 - max word length: 124
INFO - 10/26/25 05:27:08 - 2:41:12 - number of unique characters in the vocabulary: 15
INFO - 10/26/25 05:27:08 - 2:41:12 - vocabulary:
INFO - 10/26/25 05:27:08 - 2:41:12 - ['V0', 'V1', 'V2', 'V3', 'V4', 'V5', 'V6', 'V7', 'V8', 'V9', 'V10', 'V11', 'V12', 'V13', 'V14']
INFO - 10/26/25 05:27:08 - 2:41:12 - split up the dataset into 90 training examples and 10 test examples
INFO - 10/26/25 05:27:08 - 2:41:12 - ============ Start of generation 6 ============
INFO - 10/26/25 05:27:08 - 2:41:12 - Memory allocated:  44.72MB, reserved: 19002.00MB
INFO - 10/26/25 05:27:08 - 2:41:12 - training
INFO - 10/26/25 05:27:09 - 2:41:13 - step 0 | loss 0.0858 | step time 258.32ms
INFO - 10/26/25 05:27:34 - 2:41:38 - step 100 | loss 0.0386 | step time 248.73ms
INFO - 10/26/25 05:27:58 - 2:42:02 - step 200 | loss 0.0400 | step time 248.79ms
INFO - 10/26/25 05:28:23 - 2:42:27 - step 300 | loss 0.0392 | step time 249.02ms
INFO - 10/26/25 05:28:48 - 2:42:52 - step 400 | loss 0.0398 | step time 248.88ms
INFO - 10/26/25 05:29:13 - 2:43:17 - step 500 | loss 0.0391 | step time 248.99ms
INFO - 10/26/25 05:29:13 - 2:43:17 - step 500 train loss: 0.03901497647166252 test loss: 0.27487704157829285
INFO - 10/26/25 05:29:13 - 2:43:17 - test loss 0.27487704157829285 is the best so far, saving model to /home/yuebi/Project/dim17_run/dim17_run_1/1111/model.pt
INFO - 10/26/25 05:29:38 - 2:43:42 - step 600 | loss 0.0393 | step time 248.83ms
INFO - 10/26/25 05:30:03 - 2:44:07 - step 700 | loss 0.0386 | step time 248.90ms
INFO - 10/26/25 05:30:28 - 2:44:32 - step 800 | loss 0.0388 | step time 248.86ms
INFO - 10/26/25 05:30:53 - 2:44:57 - step 900 | loss 0.0388 | step time 248.87ms
INFO - 10/26/25 05:31:18 - 2:45:22 - step 1000 | loss 0.0383 | step time 248.76ms
INFO - 10/26/25 05:31:18 - 2:45:22 - step 1000 train loss: 0.038522861897945404 test loss: 0.3917553424835205
INFO - 10/26/25 05:31:43 - 2:45:47 - step 1100 | loss 0.0383 | step time 248.90ms
INFO - 10/26/25 05:32:08 - 2:46:12 - step 1200 | loss 0.0391 | step time 248.98ms
INFO - 10/26/25 05:32:33 - 2:46:37 - step 1300 | loss 0.0402 | step time 248.73ms
INFO - 10/26/25 05:32:58 - 2:47:02 - step 1400 | loss 0.0396 | step time 249.00ms
INFO - 10/26/25 05:33:22 - 2:47:26 - Memory allocated:  44.72MB, reserved: 19002.00MB
INFO - 10/26/25 05:33:22 - 2:47:26 - generating
INFO - 10/26/25 05:36:04 - 0:00:00 - ============ Initialized logger ============
INFO - 10/26/25 05:36:04 - 0:00:00 - batch_size: 32
                                     command: python fc_loop.py --exp_name=dim17_run_1 --dump_path=/home/yuebi/Project/dim17_run --num_initial_empty_objects=800 --final_database_size=100 --target_db_size=100 --nb_local_searches=800 --max_epochs=20 --type=transformer --max-output-length=305 --sample-only=30000 --max-steps=1500 --n_tokens=15 --n-layer=8 --n-embd=128 --n-embd2=128 --exp_id=1111 --exp_id "1111"
                                     cpu: False
                                     debug: False
                                     debug_slurm: False
                                     dump_path: /home/yuebi/Project/dim17_run/dim17_run_1/1111
                                     exp_id: 1111
                                     exp_name: dim17_run_1
                                     final_database_size: 100
                                     gen_batch_size: 1000
                                     global_rank: 0
                                     is_master: True
                                     is_slurm_job: True
                                     learning_rate: 0.0005
                                     local_rank: 0
                                     master_addr: gpu-6
                                     master_port: -1
                                     max_epochs: 20
                                     max_output_length: 305
                                     max_steps: 1500
                                     multi_gpu: False
                                     multi_node: False
                                     n_embd: 128
                                     n_embd2: 128
                                     n_gpu_per_node: 1
                                     n_head: 8
                                     n_layer: 8
                                     n_nodes: 1
                                     n_tokens: 15
                                     nb_local_searches: 800
                                     nb_threads: 1
                                     node_id: 0
                                     num_initial_empty_objects: 800
                                     num_workers: 8
                                     sample_only: 30000
                                     seed: -1
                                     target_db_size: 100
                                     temperature: 1.0
                                     top_k: -1
                                     type: transformer
                                     weight_decay: 0.01
                                     world_size: 1
INFO - 10/26/25 05:36:04 - 0:00:00 - The experiment will be stored in /home/yuebi/Project/dim17_run/dim17_run_1/1111
                                     
INFO - 10/26/25 05:36:04 - 0:00:00 - Running command: python fc_loop.py --exp_name=dim17_run_1 --dump_path=/home/yuebi/Project/dim17_run --num_initial_empty_objects=800 --final_database_size=100 --target_db_size=100 --nb_local_searches=800 --max_epochs=20 --type=transformer --max-output-length=305 --sample-only=30000 --max-steps=1500 --n_tokens=15 --n-layer=8 --n-embd=128 --n-embd2=128 --exp_id=1111

WARNING - 10/26/25 05:36:04 - 0:00:00 - Signal handler installed.
INFO - 10/26/25 05:36:04 - 0:00:00 - seed: 917048950
INFO - 10/26/25 05:36:04 - 0:00:00 - initializing at generation: 6
INFO - 10/26/25 05:36:04 - 0:00:00 - number of examples in the dataset: 100
INFO - 10/26/25 05:36:04 - 0:00:00 - max word length: 124
INFO - 10/26/25 05:36:04 - 0:00:00 - number of unique characters in the vocabulary: 15
INFO - 10/26/25 05:36:04 - 0:00:00 - vocabulary:
INFO - 10/26/25 05:36:04 - 0:00:00 - ['V0', 'V1', 'V2', 'V3', 'V4', 'V5', 'V6', 'V7', 'V8', 'V9', 'V10', 'V11', 'V12', 'V13', 'V14']
INFO - 10/26/25 05:36:04 - 0:00:00 - split up the dataset into 90 training examples and 10 test examples
INFO - 10/26/25 05:36:04 - 0:00:00 - dataset determined that: vocab_size=16, block_size=306
INFO - 10/26/25 05:36:04 - 0:00:00 - model #params: 1629696
INFO - 10/26/25 05:36:04 - 0:00:00 - resuming from existing model
INFO - 10/26/25 05:36:04 - 0:00:00 - ============ Start of generation 6 ============
INFO - 10/26/25 05:36:04 - 0:00:00 - Memory allocated:  9.08MB, reserved: 20.00MB
INFO - 10/26/25 05:36:04 - 0:00:00 - training
INFO - 10/26/25 05:36:09 - 0:00:05 - step 0 | loss 0.0758 | step time 581.71ms
INFO - 10/26/25 05:36:34 - 0:00:30 - step 100 | loss 0.0385 | step time 248.74ms
INFO - 10/26/25 05:36:59 - 0:00:55 - step 200 | loss 0.0390 | step time 248.75ms
INFO - 10/26/25 05:37:24 - 0:01:20 - step 300 | loss 0.0401 | step time 248.70ms
INFO - 10/26/25 05:37:49 - 0:01:45 - step 400 | loss 0.0390 | step time 248.73ms
INFO - 10/26/25 05:38:14 - 0:02:10 - step 500 | loss 0.0396 | step time 248.71ms
INFO - 10/26/25 05:38:14 - 0:02:10 - step 500 train loss: 0.0392741858959198 test loss: 0.12905161082744598
INFO - 10/26/25 05:38:14 - 0:02:10 - test loss 0.12905161082744598 is the best so far, saving model to /home/yuebi/Project/dim17_run/dim17_run_1/1111/model.pt
INFO - 10/26/25 05:38:39 - 0:02:35 - step 600 | loss 0.0382 | step time 248.65ms
INFO - 10/26/25 05:39:04 - 0:03:00 - step 700 | loss 0.0400 | step time 248.71ms
INFO - 10/26/25 05:39:29 - 0:03:25 - step 800 | loss 0.0388 | step time 248.61ms
INFO - 10/26/25 05:39:53 - 0:03:49 - step 900 | loss 0.0387 | step time 248.67ms
INFO - 10/26/25 05:40:18 - 0:04:14 - step 1000 | loss 0.0384 | step time 248.53ms
INFO - 10/26/25 05:40:19 - 0:04:15 - step 1000 train loss: 0.03847980126738548 test loss: 0.2155059576034546
INFO - 10/26/25 05:40:43 - 0:04:39 - step 1100 | loss 0.0385 | step time 248.71ms
INFO - 10/26/25 05:41:08 - 0:05:04 - step 1200 | loss 0.0388 | step time 248.57ms
INFO - 10/26/25 05:41:33 - 0:05:29 - step 1300 | loss 0.0381 | step time 248.73ms
INFO - 10/26/25 05:41:58 - 0:05:54 - step 1400 | loss 0.0385 | step time 248.59ms
INFO - 10/26/25 05:42:23 - 0:06:19 - Memory allocated:  44.72MB, reserved: 2660.00MB
INFO - 10/26/25 05:42:23 - 0:06:19 - generating
INFO - 10/26/25 08:12:27 - 2:36:23 - distribution of sample lengths: average: 372.1847666666667 max: 433
INFO - 10/26/25 08:12:27 - 2:36:23 - printed 30000 samples
INFO - 10/26/25 08:12:27 - 2:36:23 - decoding
INFO - 10/26/25 08:12:27 - 2:36:23 - Decoding complete. Check the output in /home/yuebi/Project/dim17_run/dim17_run_1/1111/transformer-output-decoded.txt
INFO - 10/26/25 08:12:27 - 2:36:23 - Memory allocated:  44.72MB, reserved: 19002.00MB
INFO - 10/26/25 08:12:27 - 2:36:23 - ============ End of generation 6 ============
INFO - 10/26/25 08:12:27 - 2:36:23 - launching search.jl
INFO - 10/26/25 08:12:27 - 2:36:23 - JULIA_NUM_THREADS is set to 1
INFO - 10/26/25 08:16:57 - 2:40:53 - distribution of scores(all rounds)
INFO - 10/26/25 08:16:57 - 2:40:53 - Score:1015808.0, Count:6
                                     
INFO - 10/26/25 08:16:57 - 2:40:53 - Score:950272.0, Count:9
                                     
INFO - 10/26/25 08:16:57 - 2:40:53 - Score:943056.0, Count:6
                                     
INFO - 10/26/25 08:16:57 - 2:40:53 - Score:942592.0, Count:7
                                     
INFO - 10/26/25 08:16:57 - 2:40:53 - Score:921600.0, Count:4
                                     
INFO - 10/26/25 08:16:57 - 2:40:53 - Score:917504.0, Count:12
                                     
INFO - 10/26/25 08:16:57 - 2:40:53 - Score:892928.0, Count:6
                                     
INFO - 10/26/25 08:16:57 - 2:40:53 - Score:890880.0, Count:6
                                     
INFO - 10/26/25 08:16:57 - 2:40:53 - Score:888832.0, Count:1
                                     
INFO - 10/26/25 08:16:57 - 2:40:53 - Score:886114.0, Count:6
                                     
INFO - 10/26/25 08:16:57 - 2:40:53 - Score:884736.0, Count:5
                                     
INFO - 10/26/25 08:16:57 - 2:40:53 - Score:876544.0, Count:1
                                     
INFO - 10/26/25 08:16:57 - 2:40:53 - Score:876280.0, Count:1
                                     
INFO - 10/26/25 08:16:57 - 2:40:53 - Score:873376.0, Count:2
                                     
INFO - 10/26/25 08:16:57 - 2:40:53 - Score:872192.0, Count:6
                                     
INFO - 10/26/25 08:16:57 - 2:40:53 - Score:868352.0, Count:6
                                     
INFO - 10/26/25 08:16:57 - 2:40:53 - Score:867840.0, Count:6
                                     
INFO - 10/26/25 08:16:57 - 2:40:53 - Score:861184.0, Count:6
                                     
INFO - 10/26/25 08:16:57 - 2:40:53 - Score:860160.0, Count:1
                                     
INFO - 10/26/25 08:16:57 - 2:40:53 - Score:859008.0, Count:3
                                     
INFO - 10/26/25 08:16:57 - 2:40:53 - tokenizing
INFO - 10/26/25 08:16:57 - 2:40:53 - Loading tokenizer from /home/yuebi/Project/dim17_run/dim17_run_1/1111/tokenizer_data/tokenizer.json...
INFO - 10/26/25 08:16:57 - 2:40:53 - 0 / 100
INFO - 10/26/25 08:16:57 - 2:40:53 - number of examples in the dataset: 100
INFO - 10/26/25 08:16:57 - 2:40:53 - max word length: 124
INFO - 10/26/25 08:16:57 - 2:40:53 - number of unique characters in the vocabulary: 15
INFO - 10/26/25 08:16:57 - 2:40:53 - vocabulary:
INFO - 10/26/25 08:16:57 - 2:40:53 - ['V0', 'V1', 'V2', 'V3', 'V4', 'V5', 'V6', 'V7', 'V8', 'V9', 'V10', 'V11', 'V12', 'V13', 'V14']
INFO - 10/26/25 08:16:57 - 2:40:53 - split up the dataset into 90 training examples and 10 test examples
INFO - 10/26/25 08:16:57 - 2:40:53 - ============ Start of generation 7 ============
INFO - 10/26/25 08:16:57 - 2:40:53 - Memory allocated:  44.72MB, reserved: 19002.00MB
INFO - 10/26/25 08:16:57 - 2:40:53 - training
INFO - 10/26/25 08:16:58 - 2:40:54 - step 0 | loss 0.5922 | step time 256.18ms
INFO - 10/26/25 08:17:23 - 2:41:19 - step 100 | loss 0.0438 | step time 249.02ms
INFO - 10/26/25 08:17:48 - 2:41:44 - step 200 | loss 0.0395 | step time 249.62ms
INFO - 10/26/25 08:18:13 - 2:42:08 - step 300 | loss 0.0390 | step time 249.75ms
INFO - 10/26/25 08:18:37 - 2:42:33 - step 400 | loss 0.0394 | step time 249.24ms
INFO - 10/26/25 08:19:02 - 2:42:58 - step 500 | loss 0.0386 | step time 249.06ms
INFO - 10/26/25 08:19:03 - 2:42:59 - step 500 train loss: 0.038900118321180344 test loss: 0.5982576608657837
INFO - 10/26/25 08:19:03 - 2:42:59 - test loss 0.5982576608657837 is the best so far, saving model to /home/yuebi/Project/dim17_run/dim17_run_1/1111/model.pt
INFO - 10/26/25 08:19:28 - 2:43:24 - step 600 | loss 0.0383 | step time 249.34ms
INFO - 10/26/25 08:19:52 - 2:43:48 - step 700 | loss 0.0635 | step time 248.91ms
INFO - 10/26/25 08:20:17 - 2:44:13 - step 800 | loss 0.0389 | step time 248.88ms
INFO - 10/26/25 08:20:42 - 2:44:38 - step 900 | loss 0.0383 | step time 248.84ms
INFO - 10/26/25 08:21:07 - 2:45:03 - step 1000 | loss 0.0389 | step time 248.64ms
INFO - 10/26/25 08:21:07 - 2:45:03 - step 1000 train loss: 0.03874848783016205 test loss: 0.7753736972808838
INFO - 10/26/25 08:21:32 - 2:45:28 - step 1100 | loss 0.0388 | step time 248.91ms
INFO - 10/26/25 08:21:57 - 2:45:53 - step 1200 | loss 0.0385 | step time 249.71ms
INFO - 10/26/25 08:22:22 - 2:46:18 - step 1300 | loss 0.0389 | step time 248.85ms
INFO - 10/26/25 08:22:47 - 2:46:43 - step 1400 | loss 0.0581 | step time 248.83ms
INFO - 10/26/25 08:23:12 - 2:47:08 - Memory allocated:  44.72MB, reserved: 19002.00MB
INFO - 10/26/25 08:23:12 - 2:47:08 - generating
INFO - 10/26/25 08:26:07 - 0:00:00 - ============ Initialized logger ============
INFO - 10/26/25 08:26:07 - 0:00:00 - batch_size: 32
                                     command: python fc_loop.py --exp_name=dim17_run_1 --dump_path=/home/yuebi/Project/dim17_run --num_initial_empty_objects=800 --final_database_size=100 --target_db_size=100 --nb_local_searches=800 --max_epochs=20 --type=transformer --max-output-length=305 --sample-only=30000 --max-steps=1500 --n_tokens=15 --n-layer=8 --n-embd=128 --n-embd2=128 --exp_id=1111 --exp_id "1111"
                                     cpu: False
                                     debug: False
                                     debug_slurm: False
                                     dump_path: /home/yuebi/Project/dim17_run/dim17_run_1/1111
                                     exp_id: 1111
                                     exp_name: dim17_run_1
                                     final_database_size: 100
                                     gen_batch_size: 1000
                                     global_rank: 0
                                     is_master: True
                                     is_slurm_job: True
                                     learning_rate: 0.0005
                                     local_rank: 0
                                     master_addr: gpu-6
                                     master_port: -1
                                     max_epochs: 20
                                     max_output_length: 305
                                     max_steps: 1500
                                     multi_gpu: False
                                     multi_node: False
                                     n_embd: 128
                                     n_embd2: 128
                                     n_gpu_per_node: 1
                                     n_head: 8
                                     n_layer: 8
                                     n_nodes: 1
                                     n_tokens: 15
                                     nb_local_searches: 800
                                     nb_threads: 1
                                     node_id: 0
                                     num_initial_empty_objects: 800
                                     num_workers: 8
                                     sample_only: 30000
                                     seed: -1
                                     target_db_size: 100
                                     temperature: 1.0
                                     top_k: -1
                                     type: transformer
                                     weight_decay: 0.01
                                     world_size: 1
INFO - 10/26/25 08:26:07 - 0:00:00 - The experiment will be stored in /home/yuebi/Project/dim17_run/dim17_run_1/1111
                                     
INFO - 10/26/25 08:26:07 - 0:00:00 - Running command: python fc_loop.py --exp_name=dim17_run_1 --dump_path=/home/yuebi/Project/dim17_run --num_initial_empty_objects=800 --final_database_size=100 --target_db_size=100 --nb_local_searches=800 --max_epochs=20 --type=transformer --max-output-length=305 --sample-only=30000 --max-steps=1500 --n_tokens=15 --n-layer=8 --n-embd=128 --n-embd2=128 --exp_id=1111

WARNING - 10/26/25 08:26:07 - 0:00:00 - Signal handler installed.
INFO - 10/26/25 08:26:07 - 0:00:00 - seed: 199878842
INFO - 10/26/25 08:26:07 - 0:00:00 - initializing at generation: 7
INFO - 10/26/25 08:26:07 - 0:00:00 - number of examples in the dataset: 100
INFO - 10/26/25 08:26:07 - 0:00:00 - max word length: 124
INFO - 10/26/25 08:26:07 - 0:00:00 - number of unique characters in the vocabulary: 15
INFO - 10/26/25 08:26:07 - 0:00:00 - vocabulary:
INFO - 10/26/25 08:26:07 - 0:00:00 - ['V0', 'V1', 'V2', 'V3', 'V4', 'V5', 'V6', 'V7', 'V8', 'V9', 'V10', 'V11', 'V12', 'V13', 'V14']
INFO - 10/26/25 08:26:07 - 0:00:00 - split up the dataset into 90 training examples and 10 test examples
INFO - 10/26/25 08:26:07 - 0:00:00 - dataset determined that: vocab_size=16, block_size=306
INFO - 10/26/25 08:26:07 - 0:00:00 - model #params: 1629696
INFO - 10/26/25 08:26:07 - 0:00:00 - resuming from existing model
INFO - 10/26/25 08:26:07 - 0:00:00 - ============ Start of generation 7 ============
INFO - 10/26/25 08:26:07 - 0:00:00 - Memory allocated:  9.08MB, reserved: 20.00MB
INFO - 10/26/25 08:26:07 - 0:00:00 - training
INFO - 10/26/25 08:26:12 - 0:00:05 - step 0 | loss 0.0480 | step time 584.45ms
INFO - 10/26/25 08:26:37 - 0:00:30 - step 100 | loss 0.0393 | step time 248.60ms
INFO - 10/26/25 08:27:02 - 0:00:55 - step 200 | loss 0.0400 | step time 249.07ms
INFO - 10/26/25 08:27:27 - 0:01:20 - step 300 | loss 0.0397 | step time 249.67ms
INFO - 10/26/25 08:27:52 - 0:01:45 - step 400 | loss 0.0475 | step time 248.69ms
INFO - 10/26/25 08:28:16 - 0:02:10 - step 500 | loss 0.0384 | step time 249.03ms
INFO - 10/26/25 08:28:17 - 0:02:10 - step 500 train loss: 0.03872121497988701 test loss: 0.2531145215034485
INFO - 10/26/25 08:28:17 - 0:02:10 - test loss 0.2531145215034485 is the best so far, saving model to /home/yuebi/Project/dim17_run/dim17_run_1/1111/model.pt
INFO - 10/26/25 08:28:42 - 0:02:35 - step 600 | loss 0.0390 | step time 248.81ms
INFO - 10/26/25 08:29:07 - 0:03:00 - step 700 | loss 0.0381 | step time 249.62ms
INFO - 10/26/25 08:29:31 - 0:03:24 - step 800 | loss 0.0391 | step time 248.73ms
INFO - 10/26/25 08:29:56 - 0:03:49 - step 900 | loss 0.0393 | step time 249.59ms
INFO - 10/26/25 08:30:21 - 0:04:14 - step 1000 | loss 0.0386 | step time 248.88ms
INFO - 10/26/25 08:30:22 - 0:04:15 - step 1000 train loss: 0.03901438042521477 test loss: 0.3018910586833954
INFO - 10/26/25 08:30:46 - 0:04:39 - step 1100 | loss 0.0392 | step time 248.70ms
INFO - 10/26/25 08:31:11 - 0:05:04 - step 1200 | loss 0.0384 | step time 248.68ms
INFO - 10/26/25 08:31:36 - 0:05:29 - step 1300 | loss 0.0386 | step time 248.47ms
INFO - 10/26/25 08:32:01 - 0:05:54 - step 1400 | loss 0.0383 | step time 248.39ms
INFO - 10/26/25 08:32:26 - 0:06:19 - Memory allocated:  44.72MB, reserved: 2660.00MB
INFO - 10/26/25 08:32:26 - 0:06:19 - generating
INFO - 10/26/25 11:02:22 - 2:36:15 - distribution of sample lengths: average: 371.4569 max: 783
INFO - 10/26/25 11:02:22 - 2:36:15 - printed 30000 samples
INFO - 10/26/25 11:02:22 - 2:36:15 - decoding
INFO - 10/26/25 11:02:23 - 2:36:16 - Decoding complete. Check the output in /home/yuebi/Project/dim17_run/dim17_run_1/1111/transformer-output-decoded.txt
INFO - 10/26/25 11:02:23 - 2:36:16 - Memory allocated:  44.72MB, reserved: 19002.00MB
INFO - 10/26/25 11:02:23 - 2:36:16 - ============ End of generation 7 ============
INFO - 10/26/25 11:02:23 - 2:36:16 - launching search.jl
INFO - 10/26/25 11:02:23 - 2:36:16 - JULIA_NUM_THREADS is set to 1
INFO - 10/26/25 11:07:13 - 2:41:06 - distribution of scores(all rounds)
INFO - 10/26/25 11:07:13 - 2:41:06 - Score:1015808.0, Count:7
                                     
INFO - 10/26/25 11:07:13 - 2:41:06 - Score:950272.0, Count:11
                                     
INFO - 10/26/25 11:07:13 - 2:41:06 - Score:943056.0, Count:7
                                     
INFO - 10/26/25 11:07:13 - 2:41:06 - Score:942592.0, Count:9
                                     
INFO - 10/26/25 11:07:13 - 2:41:06 - Score:921600.0, Count:5
                                     
INFO - 10/26/25 11:07:13 - 2:41:06 - Score:917504.0, Count:14
                                     
INFO - 10/26/25 11:07:13 - 2:41:06 - Score:892928.0, Count:7
                                     
INFO - 10/26/25 11:07:13 - 2:41:06 - Score:890880.0, Count:7
                                     
INFO - 10/26/25 11:07:13 - 2:41:06 - Score:888832.0, Count:2
                                     
INFO - 10/26/25 11:07:13 - 2:41:06 - Score:886114.0, Count:7
                                     
INFO - 10/26/25 11:07:13 - 2:41:06 - Score:884736.0, Count:6
                                     
INFO - 10/26/25 11:07:13 - 2:41:06 - Score:876544.0, Count:2
                                     
INFO - 10/26/25 11:07:13 - 2:41:06 - Score:876280.0, Count:2
                                     
INFO - 10/26/25 11:07:13 - 2:41:06 - Score:873376.0, Count:3
                                     
INFO - 10/26/25 11:07:13 - 2:41:06 - Score:872192.0, Count:7
                                     
INFO - 10/26/25 11:07:13 - 2:41:06 - Score:868352.0, Count:4
                                     
INFO - 10/26/25 11:07:13 - 2:41:06 - tokenizing
INFO - 10/26/25 11:07:13 - 2:41:06 - Loading tokenizer from /home/yuebi/Project/dim17_run/dim17_run_1/1111/tokenizer_data/tokenizer.json...
INFO - 10/26/25 11:07:13 - 2:41:06 - 0 / 100
INFO - 10/26/25 11:07:13 - 2:41:06 - number of examples in the dataset: 100
INFO - 10/26/25 11:07:13 - 2:41:06 - max word length: 124
INFO - 10/26/25 11:07:13 - 2:41:06 - number of unique characters in the vocabulary: 15
INFO - 10/26/25 11:07:13 - 2:41:06 - vocabulary:
INFO - 10/26/25 11:07:13 - 2:41:06 - ['V0', 'V1', 'V2', 'V3', 'V4', 'V5', 'V6', 'V7', 'V8', 'V9', 'V10', 'V11', 'V12', 'V13', 'V14']
INFO - 10/26/25 11:07:13 - 2:41:06 - split up the dataset into 90 training examples and 10 test examples
INFO - 10/26/25 11:07:13 - 2:41:06 - ============ Start of generation 8 ============
INFO - 10/26/25 11:07:13 - 2:41:06 - Memory allocated:  44.72MB, reserved: 19002.00MB
INFO - 10/26/25 11:07:13 - 2:41:06 - training
INFO - 10/26/25 11:07:13 - 2:41:06 - step 0 | loss 0.3421 | step time 256.03ms
INFO - 10/26/25 11:07:38 - 2:41:31 - step 100 | loss 0.0383 | step time 248.84ms
INFO - 10/26/25 11:08:03 - 2:41:56 - step 200 | loss 0.0396 | step time 249.03ms
INFO - 10/26/25 11:08:28 - 2:42:21 - step 300 | loss 0.0388 | step time 249.03ms
INFO - 10/26/25 11:08:53 - 2:42:46 - step 400 | loss 0.0387 | step time 248.85ms
INFO - 10/26/25 11:09:18 - 2:43:11 - step 500 | loss 0.0384 | step time 248.76ms
INFO - 10/26/25 11:09:18 - 2:43:11 - step 500 train loss: 0.03882141783833504 test loss: 0.15128488838672638
INFO - 10/26/25 11:09:18 - 2:43:11 - test loss 0.15128488838672638 is the best so far, saving model to /home/yuebi/Project/dim17_run/dim17_run_1/1111/model.pt
INFO - 10/26/25 11:09:43 - 2:43:36 - step 600 | loss 0.0508 | step time 249.65ms
INFO - 10/26/25 11:10:08 - 2:44:01 - step 700 | loss 0.0379 | step time 249.11ms
INFO - 10/26/25 11:10:33 - 2:44:26 - step 800 | loss 0.0378 | step time 248.87ms
INFO - 10/26/25 11:10:58 - 2:44:51 - step 900 | loss 0.0392 | step time 248.65ms
INFO - 10/26/25 11:11:22 - 2:45:16 - step 1000 | loss 0.0388 | step time 248.59ms
INFO - 10/26/25 11:11:23 - 2:45:16 - step 1000 train loss: 0.03881150111556053 test loss: 0.26373180747032166
INFO - 10/26/25 11:11:48 - 2:45:41 - step 1100 | loss 0.0384 | step time 248.67ms
INFO - 10/26/25 11:12:12 - 2:46:06 - step 1200 | loss 0.0383 | step time 248.78ms
INFO - 10/26/25 11:12:37 - 2:46:30 - step 1300 | loss 0.1152 | step time 248.78ms
INFO - 10/26/25 11:13:02 - 2:46:55 - step 1400 | loss 0.0387 | step time 248.76ms
INFO - 10/26/25 11:13:27 - 2:47:20 - Memory allocated:  44.72MB, reserved: 19002.00MB
INFO - 10/26/25 11:13:27 - 2:47:20 - generating
INFO - 10/26/25 11:16:08 - 0:00:00 - ============ Initialized logger ============
INFO - 10/26/25 11:16:08 - 0:00:00 - batch_size: 32
                                     command: python fc_loop.py --exp_name=dim17_run_1 --dump_path=/home/yuebi/Project/dim17_run --num_initial_empty_objects=800 --final_database_size=100 --target_db_size=100 --nb_local_searches=800 --max_epochs=20 --type=transformer --max-output-length=305 --sample-only=30000 --max-steps=1500 --n_tokens=15 --n-layer=8 --n-embd=128 --n-embd2=128 --exp_id=1111 --exp_id "1111"
                                     cpu: False
                                     debug: False
                                     debug_slurm: False
                                     dump_path: /home/yuebi/Project/dim17_run/dim17_run_1/1111
                                     exp_id: 1111
                                     exp_name: dim17_run_1
                                     final_database_size: 100
                                     gen_batch_size: 1000
                                     global_rank: 0
                                     is_master: True
                                     is_slurm_job: True
                                     learning_rate: 0.0005
                                     local_rank: 0
                                     master_addr: gpu-6
                                     master_port: -1
                                     max_epochs: 20
                                     max_output_length: 305
                                     max_steps: 1500
                                     multi_gpu: False
                                     multi_node: False
                                     n_embd: 128
                                     n_embd2: 128
                                     n_gpu_per_node: 1
                                     n_head: 8
                                     n_layer: 8
                                     n_nodes: 1
                                     n_tokens: 15
                                     nb_local_searches: 800
                                     nb_threads: 1
                                     node_id: 0
                                     num_initial_empty_objects: 800
                                     num_workers: 8
                                     sample_only: 30000
                                     seed: -1
                                     target_db_size: 100
                                     temperature: 1.0
                                     top_k: -1
                                     type: transformer
                                     weight_decay: 0.01
                                     world_size: 1
INFO - 10/26/25 11:16:08 - 0:00:00 - The experiment will be stored in /home/yuebi/Project/dim17_run/dim17_run_1/1111
                                     
INFO - 10/26/25 11:16:08 - 0:00:00 - Running command: python fc_loop.py --exp_name=dim17_run_1 --dump_path=/home/yuebi/Project/dim17_run --num_initial_empty_objects=800 --final_database_size=100 --target_db_size=100 --nb_local_searches=800 --max_epochs=20 --type=transformer --max-output-length=305 --sample-only=30000 --max-steps=1500 --n_tokens=15 --n-layer=8 --n-embd=128 --n-embd2=128 --exp_id=1111

WARNING - 10/26/25 11:16:08 - 0:00:00 - Signal handler installed.
INFO - 10/26/25 11:16:08 - 0:00:00 - seed: 336858217
INFO - 10/26/25 11:16:08 - 0:00:00 - initializing at generation: 8
INFO - 10/26/25 11:16:08 - 0:00:00 - number of examples in the dataset: 100
INFO - 10/26/25 11:16:08 - 0:00:00 - max word length: 124
INFO - 10/26/25 11:16:08 - 0:00:00 - number of unique characters in the vocabulary: 15
INFO - 10/26/25 11:16:08 - 0:00:00 - vocabulary:
INFO - 10/26/25 11:16:08 - 0:00:00 - ['V0', 'V1', 'V2', 'V3', 'V4', 'V5', 'V6', 'V7', 'V8', 'V9', 'V10', 'V11', 'V12', 'V13', 'V14']
INFO - 10/26/25 11:16:08 - 0:00:00 - split up the dataset into 90 training examples and 10 test examples
INFO - 10/26/25 11:16:08 - 0:00:00 - dataset determined that: vocab_size=16, block_size=306
INFO - 10/26/25 11:16:08 - 0:00:00 - model #params: 1629696
INFO - 10/26/25 11:16:08 - 0:00:00 - resuming from existing model
INFO - 10/26/25 11:16:08 - 0:00:00 - ============ Start of generation 8 ============
INFO - 10/26/25 11:16:08 - 0:00:00 - Memory allocated:  9.08MB, reserved: 20.00MB
INFO - 10/26/25 11:16:08 - 0:00:00 - training
INFO - 10/26/25 11:16:13 - 0:00:05 - step 0 | loss 0.0517 | step time 582.20ms
INFO - 10/26/25 11:16:38 - 0:00:30 - step 100 | loss 0.0379 | step time 248.52ms
INFO - 10/26/25 11:17:03 - 0:00:55 - step 200 | loss 0.0392 | step time 248.44ms
INFO - 10/26/25 11:17:28 - 0:01:20 - step 300 | loss 0.0585 | step time 248.60ms
INFO - 10/26/25 11:17:53 - 0:01:45 - step 400 | loss 0.0385 | step time 248.60ms
INFO - 10/26/25 11:18:18 - 0:02:10 - step 500 | loss 0.0385 | step time 248.45ms
INFO - 10/26/25 11:18:18 - 0:02:10 - step 500 train loss: 0.03855307027697563 test loss: 0.19861139357089996
INFO - 10/26/25 11:18:18 - 0:02:10 - test loss 0.19861139357089996 is the best so far, saving model to /home/yuebi/Project/dim17_run/dim17_run_1/1111/model.pt
INFO - 10/26/25 11:18:43 - 0:02:35 - step 600 | loss 0.0383 | step time 248.60ms
INFO - 10/26/25 11:19:08 - 0:03:00 - step 700 | loss 0.0380 | step time 248.69ms
INFO - 10/26/25 11:19:33 - 0:03:25 - step 800 | loss 0.0391 | step time 248.71ms
INFO - 10/26/25 11:19:57 - 0:03:49 - step 900 | loss 0.0394 | step time 249.35ms
INFO - 10/26/25 11:20:22 - 0:04:14 - step 1000 | loss 0.0392 | step time 248.19ms
INFO - 10/26/25 11:20:23 - 0:04:15 - step 1000 train loss: 0.03883511200547218 test loss: 0.18878790736198425
INFO - 10/26/25 11:20:23 - 0:04:15 - test loss 0.18878790736198425 is the best so far, saving model to /home/yuebi/Project/dim17_run/dim17_run_1/1111/model.pt
INFO - 10/26/25 11:20:47 - 0:04:39 - step 1100 | loss 0.0544 | step time 248.71ms
INFO - 10/26/25 11:21:12 - 0:05:04 - step 1200 | loss 0.0378 | step time 248.60ms
INFO - 10/26/25 11:21:37 - 0:05:29 - step 1300 | loss 0.0376 | step time 249.03ms
INFO - 10/26/25 11:22:02 - 0:05:54 - step 1400 | loss 0.0378 | step time 248.68ms
INFO - 10/26/25 11:22:27 - 0:06:19 - Memory allocated:  44.72MB, reserved: 2660.00MB
INFO - 10/26/25 11:22:27 - 0:06:19 - generating
INFO - 10/26/25 13:52:26 - 2:36:18 - distribution of sample lengths: average: 370.99406666666664 max: 908
INFO - 10/26/25 13:52:26 - 2:36:18 - printed 30000 samples
INFO - 10/26/25 13:52:26 - 2:36:18 - decoding
INFO - 10/26/25 13:52:27 - 2:36:19 - Decoding complete. Check the output in /home/yuebi/Project/dim17_run/dim17_run_1/1111/transformer-output-decoded.txt
INFO - 10/26/25 13:52:27 - 2:36:19 - Memory allocated:  44.72MB, reserved: 19002.00MB
INFO - 10/26/25 13:52:27 - 2:36:19 - ============ End of generation 8 ============
INFO - 10/26/25 13:52:27 - 2:36:19 - launching search.jl
INFO - 10/26/25 13:52:27 - 2:36:19 - JULIA_NUM_THREADS is set to 1
INFO - 10/26/25 13:57:16 - 2:41:08 - distribution of scores(all rounds)
INFO - 10/26/25 13:57:16 - 2:41:08 - Score:1015808.0, Count:8
                                     
INFO - 10/26/25 13:57:16 - 2:41:08 - Score:950272.0, Count:13
                                     
INFO - 10/26/25 13:57:16 - 2:41:08 - Score:943056.0, Count:8
                                     
INFO - 10/26/25 13:57:16 - 2:41:08 - Score:942592.0, Count:11
                                     
INFO - 10/26/25 13:57:16 - 2:41:08 - Score:921600.0, Count:6
                                     
INFO - 10/26/25 13:57:16 - 2:41:08 - Score:917504.0, Count:16
                                     
INFO - 10/26/25 13:57:16 - 2:41:08 - Score:892928.0, Count:8
                                     
INFO - 10/26/25 13:57:16 - 2:41:08 - Score:891344.0, Count:1
                                     
INFO - 10/26/25 13:57:16 - 2:41:08 - Score:890880.0, Count:8
                                     
INFO - 10/26/25 13:57:16 - 2:41:08 - Score:888832.0, Count:3
                                     
INFO - 10/26/25 13:57:16 - 2:41:08 - Score:886114.0, Count:8
                                     
INFO - 10/26/25 13:57:16 - 2:41:08 - Score:884736.0, Count:7
                                     
INFO - 10/26/25 13:57:16 - 2:41:08 - Score:876544.0, Count:3
                                     
INFO - 10/26/25 13:57:16 - 2:41:08 - Score:876280.0, Count:0
                                     
INFO - 10/26/25 13:57:16 - 2:41:08 - tokenizing
INFO - 10/26/25 13:57:16 - 2:41:08 - Loading tokenizer from /home/yuebi/Project/dim17_run/dim17_run_1/1111/tokenizer_data/tokenizer.json...
INFO - 10/26/25 13:57:16 - 2:41:08 - 0 / 100
INFO - 10/26/25 13:57:16 - 2:41:08 - number of examples in the dataset: 100
INFO - 10/26/25 13:57:16 - 2:41:08 - max word length: 124
INFO - 10/26/25 13:57:16 - 2:41:08 - number of unique characters in the vocabulary: 15
INFO - 10/26/25 13:57:16 - 2:41:08 - vocabulary:
INFO - 10/26/25 13:57:16 - 2:41:08 - ['V0', 'V1', 'V2', 'V3', 'V4', 'V5', 'V6', 'V7', 'V8', 'V9', 'V10', 'V11', 'V12', 'V13', 'V14']
INFO - 10/26/25 13:57:16 - 2:41:08 - split up the dataset into 90 training examples and 10 test examples
INFO - 10/26/25 13:57:16 - 2:41:08 - ============ Start of generation 9 ============
INFO - 10/26/25 13:57:16 - 2:41:08 - Memory allocated:  44.72MB, reserved: 19002.00MB
INFO - 10/26/25 13:57:16 - 2:41:08 - training
INFO - 10/26/25 13:57:17 - 2:41:09 - step 0 | loss 0.5833 | step time 256.29ms
INFO - 10/26/25 13:57:41 - 2:41:33 - step 100 | loss 0.0404 | step time 248.52ms
INFO - 10/26/25 13:58:06 - 2:41:58 - step 200 | loss 0.0382 | step time 248.57ms
INFO - 10/26/25 13:58:31 - 2:42:23 - step 300 | loss 0.0388 | step time 248.55ms
INFO - 10/26/25 13:58:56 - 2:42:48 - step 400 | loss 0.0391 | step time 249.03ms
INFO - 10/26/25 13:59:21 - 2:43:13 - step 500 | loss 0.0378 | step time 248.58ms
INFO - 10/26/25 13:59:21 - 2:43:13 - step 500 train loss: 0.03891092166304588 test loss: 0.13112281262874603
INFO - 10/26/25 13:59:21 - 2:43:13 - test loss 0.13112281262874603 is the best so far, saving model to /home/yuebi/Project/dim17_run/dim17_run_1/1111/model.pt
INFO - 10/26/25 13:59:46 - 2:43:38 - step 600 | loss 0.0383 | step time 248.52ms
INFO - 10/26/25 14:00:11 - 2:44:03 - step 700 | loss 0.0397 | step time 249.11ms
INFO - 10/26/25 14:00:36 - 2:44:28 - step 800 | loss 0.0564 | step time 248.53ms
INFO - 10/26/25 14:01:01 - 2:44:53 - step 900 | loss 0.0384 | step time 249.24ms
INFO - 10/26/25 14:01:25 - 2:45:17 - step 1000 | loss 0.0389 | step time 248.56ms
INFO - 10/26/25 14:01:26 - 2:45:18 - step 1000 train loss: 0.03834810480475426 test loss: 0.19289237260818481
INFO - 10/26/25 14:01:51 - 2:45:43 - step 1100 | loss 0.0392 | step time 248.61ms
INFO - 10/26/25 14:02:15 - 2:46:07 - step 1200 | loss 0.0383 | step time 249.15ms
INFO - 10/26/25 14:02:40 - 2:46:32 - step 1300 | loss 0.0384 | step time 249.43ms
INFO - 10/26/25 14:03:05 - 2:46:57 - step 1400 | loss 0.0381 | step time 249.01ms
INFO - 10/26/25 14:03:30 - 2:47:22 - Memory allocated:  44.72MB, reserved: 19002.00MB
INFO - 10/26/25 14:03:30 - 2:47:22 - generating
INFO - 10/26/25 14:06:15 - 0:00:00 - ============ Initialized logger ============
INFO - 10/26/25 14:06:15 - 0:00:00 - batch_size: 32
                                     command: python fc_loop.py --exp_name=dim17_run_1 --dump_path=/home/yuebi/Project/dim17_run --num_initial_empty_objects=800 --final_database_size=100 --target_db_size=100 --nb_local_searches=800 --max_epochs=20 --type=transformer --max-output-length=305 --sample-only=30000 --max-steps=1500 --n_tokens=15 --n-layer=8 --n-embd=128 --n-embd2=128 --exp_id=1111 --exp_id "1111"
                                     cpu: False
                                     debug: False
                                     debug_slurm: False
                                     dump_path: /home/yuebi/Project/dim17_run/dim17_run_1/1111
                                     exp_id: 1111
                                     exp_name: dim17_run_1
                                     final_database_size: 100
                                     gen_batch_size: 1000
                                     global_rank: 0
                                     is_master: True
                                     is_slurm_job: True
                                     learning_rate: 0.0005
                                     local_rank: 0
                                     master_addr: gpu-6
                                     master_port: -1
                                     max_epochs: 20
                                     max_output_length: 305
                                     max_steps: 1500
                                     multi_gpu: False
                                     multi_node: False
                                     n_embd: 128
                                     n_embd2: 128
                                     n_gpu_per_node: 1
                                     n_head: 8
                                     n_layer: 8
                                     n_nodes: 1
                                     n_tokens: 15
                                     nb_local_searches: 800
                                     nb_threads: 1
                                     node_id: 0
                                     num_initial_empty_objects: 800
                                     num_workers: 8
                                     sample_only: 30000
                                     seed: -1
                                     target_db_size: 100
                                     temperature: 1.0
                                     top_k: -1
                                     type: transformer
                                     weight_decay: 0.01
                                     world_size: 1
INFO - 10/26/25 14:06:15 - 0:00:00 - The experiment will be stored in /home/yuebi/Project/dim17_run/dim17_run_1/1111
                                     
INFO - 10/26/25 14:06:15 - 0:00:00 - Running command: python fc_loop.py --exp_name=dim17_run_1 --dump_path=/home/yuebi/Project/dim17_run --num_initial_empty_objects=800 --final_database_size=100 --target_db_size=100 --nb_local_searches=800 --max_epochs=20 --type=transformer --max-output-length=305 --sample-only=30000 --max-steps=1500 --n_tokens=15 --n-layer=8 --n-embd=128 --n-embd2=128 --exp_id=1111

WARNING - 10/26/25 14:06:15 - 0:00:00 - Signal handler installed.
INFO - 10/26/25 14:06:15 - 0:00:00 - seed: 988469747
INFO - 10/26/25 14:06:15 - 0:00:00 - initializing at generation: 9
INFO - 10/26/25 14:06:15 - 0:00:00 - number of examples in the dataset: 100
INFO - 10/26/25 14:06:15 - 0:00:00 - max word length: 124
INFO - 10/26/25 14:06:15 - 0:00:00 - number of unique characters in the vocabulary: 15
INFO - 10/26/25 14:06:15 - 0:00:00 - vocabulary:
INFO - 10/26/25 14:06:15 - 0:00:00 - ['V0', 'V1', 'V2', 'V3', 'V4', 'V5', 'V6', 'V7', 'V8', 'V9', 'V10', 'V11', 'V12', 'V13', 'V14']
INFO - 10/26/25 14:06:15 - 0:00:00 - split up the dataset into 90 training examples and 10 test examples
INFO - 10/26/25 14:06:15 - 0:00:00 - dataset determined that: vocab_size=16, block_size=306
INFO - 10/26/25 14:06:15 - 0:00:00 - model #params: 1629696
INFO - 10/26/25 14:06:15 - 0:00:00 - resuming from existing model
INFO - 10/26/25 14:06:15 - 0:00:00 - ============ Start of generation 9 ============
INFO - 10/26/25 14:06:15 - 0:00:00 - Memory allocated:  9.08MB, reserved: 20.00MB
INFO - 10/26/25 14:06:15 - 0:00:00 - training
INFO - 10/26/25 14:06:20 - 0:00:05 - step 0 | loss 0.0550 | step time 576.99ms
INFO - 10/26/25 14:06:45 - 0:00:30 - step 100 | loss 0.0391 | step time 249.11ms
INFO - 10/26/25 14:07:10 - 0:00:55 - step 200 | loss 0.0382 | step time 248.65ms
INFO - 10/26/25 14:07:35 - 0:01:20 - step 300 | loss 0.0374 | step time 248.45ms
INFO - 10/26/25 14:08:00 - 0:01:45 - step 400 | loss 0.0372 | step time 248.93ms
INFO - 10/26/25 14:08:24 - 0:02:09 - step 500 | loss 0.0382 | step time 249.69ms
INFO - 10/26/25 14:08:25 - 0:02:10 - step 500 train loss: 0.03860674053430557 test loss: 0.11161480844020844
INFO - 10/26/25 14:08:25 - 0:02:10 - test loss 0.11161480844020844 is the best so far, saving model to /home/yuebi/Project/dim17_run/dim17_run_1/1111/model.pt
INFO - 10/26/25 14:08:50 - 0:02:35 - step 600 | loss 0.0382 | step time 248.55ms
INFO - 10/26/25 14:09:14 - 0:02:59 - step 700 | loss 0.0388 | step time 248.53ms
INFO - 10/26/25 14:09:39 - 0:03:24 - step 800 | loss 0.0375 | step time 249.21ms
INFO - 10/26/25 14:10:04 - 0:03:49 - step 900 | loss 0.0386 | step time 248.43ms
INFO - 10/26/25 14:10:29 - 0:04:14 - step 1000 | loss 0.0383 | step time 248.74ms
INFO - 10/26/25 14:10:29 - 0:04:14 - step 1000 train loss: 0.03826088085770607 test loss: 0.26441895961761475
INFO - 10/26/25 14:10:54 - 0:04:39 - step 1100 | loss 0.0384 | step time 248.51ms
INFO - 10/26/25 14:11:19 - 0:05:04 - step 1200 | loss 0.0379 | step time 249.33ms
INFO - 10/26/25 14:11:44 - 0:05:29 - step 1300 | loss 0.0392 | step time 249.51ms
INFO - 10/26/25 14:12:09 - 0:05:54 - step 1400 | loss 0.0385 | step time 248.49ms
INFO - 10/26/25 14:12:34 - 0:06:19 - Memory allocated:  44.72MB, reserved: 2660.00MB
INFO - 10/26/25 14:12:34 - 0:06:19 - generating
INFO - 10/26/25 16:42:25 - 2:36:10 - distribution of sample lengths: average: 372.3201 max: 397
INFO - 10/26/25 16:42:25 - 2:36:10 - printed 30000 samples
INFO - 10/26/25 16:42:25 - 2:36:10 - decoding
INFO - 10/26/25 16:42:26 - 2:36:11 - Decoding complete. Check the output in /home/yuebi/Project/dim17_run/dim17_run_1/1111/transformer-output-decoded.txt
INFO - 10/26/25 16:42:26 - 2:36:11 - Memory allocated:  44.72MB, reserved: 19002.00MB
INFO - 10/26/25 16:42:26 - 2:36:11 - ============ End of generation 9 ============
INFO - 10/26/25 16:42:26 - 2:36:11 - launching search.jl
INFO - 10/26/25 16:42:26 - 2:36:11 - JULIA_NUM_THREADS is set to 1
INFO - 10/26/25 16:47:14 - 2:40:59 - distribution of scores(all rounds)
INFO - 10/26/25 16:47:14 - 2:40:59 - Score:1015808.0, Count:9
                                     
INFO - 10/26/25 16:47:14 - 2:40:59 - Score:950272.0, Count:15
                                     
INFO - 10/26/25 16:47:14 - 2:40:59 - Score:943056.0, Count:9
                                     
INFO - 10/26/25 16:47:14 - 2:40:59 - Score:942592.0, Count:13
                                     
INFO - 10/26/25 16:47:14 - 2:40:59 - Score:921600.0, Count:7
                                     
INFO - 10/26/25 16:47:14 - 2:40:59 - Score:917504.0, Count:18
                                     
INFO - 10/26/25 16:47:14 - 2:40:59 - Score:892928.0, Count:9
                                     
INFO - 10/26/25 16:47:14 - 2:40:59 - Score:891344.0, Count:2
                                     
INFO - 10/26/25 16:47:14 - 2:40:59 - Score:890880.0, Count:9
                                     
INFO - 10/26/25 16:47:14 - 2:40:59 - Score:888832.0, Count:4
                                     
INFO - 10/26/25 16:47:14 - 2:40:59 - Score:886114.0, Count:5
                                     
INFO - 10/26/25 16:47:14 - 2:40:59 - tokenizing
INFO - 10/26/25 16:47:14 - 2:40:59 - Loading tokenizer from /home/yuebi/Project/dim17_run/dim17_run_1/1111/tokenizer_data/tokenizer.json...
INFO - 10/26/25 16:47:14 - 2:40:59 - 0 / 100
INFO - 10/26/25 16:47:14 - 2:40:59 - number of examples in the dataset: 100
INFO - 10/26/25 16:47:14 - 2:40:59 - max word length: 124
INFO - 10/26/25 16:47:14 - 2:40:59 - number of unique characters in the vocabulary: 15
INFO - 10/26/25 16:47:14 - 2:40:59 - vocabulary:
INFO - 10/26/25 16:47:14 - 2:40:59 - ['V0', 'V1', 'V2', 'V3', 'V4', 'V5', 'V6', 'V7', 'V8', 'V9', 'V10', 'V11', 'V12', 'V13', 'V14']
INFO - 10/26/25 16:47:14 - 2:40:59 - split up the dataset into 90 training examples and 10 test examples
INFO - 10/26/25 16:47:14 - 2:40:59 - ============ Start of generation 10 ============
INFO - 10/26/25 16:47:14 - 2:40:59 - Memory allocated:  44.72MB, reserved: 19002.00MB
INFO - 10/26/25 16:47:14 - 2:40:59 - training
INFO - 10/26/25 16:47:14 - 2:40:59 - step 0 | loss 0.3066 | step time 256.84ms
INFO - 10/26/25 16:47:39 - 2:41:24 - step 100 | loss 0.0406 | step time 248.90ms
INFO - 10/26/25 16:48:04 - 2:41:49 - step 200 | loss 0.0385 | step time 248.92ms
INFO - 10/26/25 16:48:29 - 2:42:14 - step 300 | loss 0.0379 | step time 248.83ms
INFO - 10/26/25 16:48:54 - 2:42:39 - step 400 | loss 0.0393 | step time 248.58ms
INFO - 10/26/25 16:49:19 - 2:43:04 - step 500 | loss 0.0475 | step time 248.72ms
INFO - 10/26/25 16:49:19 - 2:43:04 - step 500 train loss: 0.05220035836100578 test loss: 0.6883360743522644
INFO - 10/26/25 16:49:19 - 2:43:04 - test loss 0.6883360743522644 is the best so far, saving model to /home/yuebi/Project/dim17_run/dim17_run_1/1111/model.pt
INFO - 10/26/25 16:49:44 - 2:43:29 - step 600 | loss 0.0394 | step time 248.86ms
INFO - 10/26/25 16:50:09 - 2:43:54 - step 700 | loss 0.0387 | step time 248.78ms
INFO - 10/26/25 16:50:34 - 2:44:19 - step 800 | loss 0.0379 | step time 248.95ms
INFO - 10/26/25 16:50:59 - 2:44:44 - step 900 | loss 0.0393 | step time 249.62ms
INFO - 10/26/25 16:51:24 - 2:45:09 - step 1000 | loss 0.0384 | step time 249.25ms
INFO - 10/26/25 16:51:24 - 2:45:09 - step 1000 train loss: 0.03868882358074188 test loss: 0.7004758715629578
INFO - 10/26/25 16:51:49 - 2:45:34 - step 1100 | loss 0.0393 | step time 249.85ms
INFO - 10/26/25 16:52:14 - 2:45:59 - step 1200 | loss 0.0396 | step time 248.91ms
INFO - 10/26/25 16:52:39 - 2:46:24 - step 1300 | loss 0.0383 | step time 248.87ms
INFO - 10/26/25 16:53:04 - 2:46:49 - step 1400 | loss 0.0381 | step time 248.61ms
INFO - 10/26/25 16:53:28 - 2:47:13 - Memory allocated:  44.72MB, reserved: 19002.00MB
INFO - 10/26/25 16:53:28 - 2:47:13 - generating
INFO - 10/26/25 16:56:21 - 0:00:00 - ============ Initialized logger ============
INFO - 10/26/25 16:56:21 - 0:00:00 - batch_size: 32
                                     command: python fc_loop.py --exp_name=dim17_run_1 --dump_path=/home/yuebi/Project/dim17_run --num_initial_empty_objects=800 --final_database_size=100 --target_db_size=100 --nb_local_searches=800 --max_epochs=20 --type=transformer --max-output-length=305 --sample-only=30000 --max-steps=1500 --n_tokens=15 --n-layer=8 --n-embd=128 --n-embd2=128 --exp_id=1111 --exp_id "1111"
                                     cpu: False
                                     debug: False
                                     debug_slurm: False
                                     dump_path: /home/yuebi/Project/dim17_run/dim17_run_1/1111
                                     exp_id: 1111
                                     exp_name: dim17_run_1
                                     final_database_size: 100
                                     gen_batch_size: 1000
                                     global_rank: 0
                                     is_master: True
                                     is_slurm_job: True
                                     learning_rate: 0.0005
                                     local_rank: 0
                                     master_addr: gpu-6
                                     master_port: -1
                                     max_epochs: 20
                                     max_output_length: 305
                                     max_steps: 1500
                                     multi_gpu: False
                                     multi_node: False
                                     n_embd: 128
                                     n_embd2: 128
                                     n_gpu_per_node: 1
                                     n_head: 8
                                     n_layer: 8
                                     n_nodes: 1
                                     n_tokens: 15
                                     nb_local_searches: 800
                                     nb_threads: 1
                                     node_id: 0
                                     num_initial_empty_objects: 800
                                     num_workers: 8
                                     sample_only: 30000
                                     seed: -1
                                     target_db_size: 100
                                     temperature: 1.0
                                     top_k: -1
                                     type: transformer
                                     weight_decay: 0.01
                                     world_size: 1
INFO - 10/26/25 16:56:21 - 0:00:00 - The experiment will be stored in /home/yuebi/Project/dim17_run/dim17_run_1/1111
                                     
INFO - 10/26/25 16:56:21 - 0:00:00 - Running command: python fc_loop.py --exp_name=dim17_run_1 --dump_path=/home/yuebi/Project/dim17_run --num_initial_empty_objects=800 --final_database_size=100 --target_db_size=100 --nb_local_searches=800 --max_epochs=20 --type=transformer --max-output-length=305 --sample-only=30000 --max-steps=1500 --n_tokens=15 --n-layer=8 --n-embd=128 --n-embd2=128 --exp_id=1111

WARNING - 10/26/25 16:56:21 - 0:00:00 - Signal handler installed.
INFO - 10/26/25 16:56:21 - 0:00:00 - seed: 259217983
INFO - 10/26/25 16:56:21 - 0:00:00 - initializing at generation: 10
INFO - 10/26/25 16:56:21 - 0:00:00 - number of examples in the dataset: 100
INFO - 10/26/25 16:56:21 - 0:00:00 - max word length: 124
INFO - 10/26/25 16:56:21 - 0:00:00 - number of unique characters in the vocabulary: 15
INFO - 10/26/25 16:56:21 - 0:00:00 - vocabulary:
INFO - 10/26/25 16:56:21 - 0:00:00 - ['V0', 'V1', 'V2', 'V3', 'V4', 'V5', 'V6', 'V7', 'V8', 'V9', 'V10', 'V11', 'V12', 'V13', 'V14']
INFO - 10/26/25 16:56:21 - 0:00:00 - split up the dataset into 90 training examples and 10 test examples
INFO - 10/26/25 16:56:21 - 0:00:00 - dataset determined that: vocab_size=16, block_size=306
INFO - 10/26/25 16:56:21 - 0:00:00 - model #params: 1629696
INFO - 10/26/25 16:56:21 - 0:00:00 - resuming from existing model
INFO - 10/26/25 16:56:21 - 0:00:00 - ============ Start of generation 10 ============
INFO - 10/26/25 16:56:21 - 0:00:00 - Memory allocated:  9.08MB, reserved: 20.00MB
INFO - 10/26/25 16:56:21 - 0:00:00 - training
INFO - 10/26/25 16:56:26 - 0:00:05 - step 0 | loss 0.0581 | step time 582.37ms
INFO - 10/26/25 16:56:51 - 0:00:30 - step 100 | loss 0.0396 | step time 248.50ms
INFO - 10/26/25 16:57:16 - 0:00:55 - step 200 | loss 0.0386 | step time 248.61ms
INFO - 10/26/25 16:57:40 - 0:01:19 - step 300 | loss 0.0394 | step time 248.28ms
INFO - 10/26/25 16:58:05 - 0:01:44 - step 400 | loss 0.0375 | step time 248.47ms
INFO - 10/26/25 16:58:30 - 0:02:09 - step 500 | loss 0.0405 | step time 248.40ms
INFO - 10/26/25 16:58:30 - 0:02:09 - step 500 train loss: 0.039878640323877335 test loss: 0.27121177315711975
INFO - 10/26/25 16:58:30 - 0:02:09 - test loss 0.27121177315711975 is the best so far, saving model to /home/yuebi/Project/dim17_run/dim17_run_1/1111/model.pt
INFO - 10/26/25 16:58:55 - 0:02:34 - step 600 | loss 0.0385 | step time 248.95ms
INFO - 10/26/25 16:59:20 - 0:02:59 - step 700 | loss 0.0377 | step time 248.58ms
INFO - 10/26/25 16:59:45 - 0:03:24 - step 800 | loss 0.0380 | step time 248.68ms
INFO - 10/26/25 17:00:10 - 0:03:49 - step 900 | loss 0.0383 | step time 248.88ms
INFO - 10/26/25 17:00:35 - 0:04:14 - step 1000 | loss 0.0385 | step time 248.55ms
INFO - 10/26/25 17:00:35 - 0:04:14 - step 1000 train loss: 0.03858136758208275 test loss: 0.25467705726623535
INFO - 10/26/25 17:00:35 - 0:04:14 - test loss 0.25467705726623535 is the best so far, saving model to /home/yuebi/Project/dim17_run/dim17_run_1/1111/model.pt
INFO - 10/26/25 17:01:00 - 0:04:39 - step 1100 | loss 0.0385 | step time 248.73ms
INFO - 10/26/25 17:01:25 - 0:05:04 - step 1200 | loss 0.0385 | step time 248.40ms
INFO - 10/26/25 17:01:50 - 0:05:29 - step 1300 | loss 0.0386 | step time 248.29ms
INFO - 10/26/25 17:02:15 - 0:05:54 - step 1400 | loss 0.0370 | step time 248.34ms
INFO - 10/26/25 17:02:39 - 0:06:18 - Memory allocated:  44.72MB, reserved: 2660.00MB
INFO - 10/26/25 17:02:39 - 0:06:18 - generating
INFO - 10/26/25 19:32:26 - 2:36:05 - distribution of sample lengths: average: 371.0554333333333 max: 960
INFO - 10/26/25 19:32:26 - 2:36:05 - printed 30000 samples
INFO - 10/26/25 19:32:26 - 2:36:05 - decoding
INFO - 10/26/25 19:32:27 - 2:36:06 - Decoding complete. Check the output in /home/yuebi/Project/dim17_run/dim17_run_1/1111/transformer-output-decoded.txt
INFO - 10/26/25 19:32:27 - 2:36:06 - Memory allocated:  44.72MB, reserved: 19002.00MB
INFO - 10/26/25 19:32:27 - 2:36:06 - ============ End of generation 10 ============
INFO - 10/26/25 19:32:27 - 2:36:06 - launching search.jl
INFO - 10/26/25 19:32:27 - 2:36:06 - JULIA_NUM_THREADS is set to 1
INFO - 10/26/25 19:37:14 - 2:40:53 - distribution of scores(all rounds)
INFO - 10/26/25 19:37:14 - 2:40:53 - Score:1015808.0, Count:10
                                     
INFO - 10/26/25 19:37:14 - 2:40:53 - Score:950272.0, Count:17
                                     
INFO - 10/26/25 19:37:14 - 2:40:53 - Score:943056.0, Count:10
                                     
INFO - 10/26/25 19:37:14 - 2:40:53 - Score:942592.0, Count:15
                                     
INFO - 10/26/25 19:37:14 - 2:40:53 - Score:921600.0, Count:8
                                     
INFO - 10/26/25 19:37:14 - 2:40:53 - Score:917504.0, Count:20
                                     
INFO - 10/26/25 19:37:14 - 2:40:53 - Score:892928.0, Count:10
                                     
INFO - 10/26/25 19:37:14 - 2:40:53 - Score:891344.0, Count:3
                                     
INFO - 10/26/25 19:37:14 - 2:40:53 - Score:890880.0, Count:7
                                     
INFO - 10/26/25 19:37:14 - 2:40:53 - tokenizing
INFO - 10/26/25 19:37:14 - 2:40:53 - Loading tokenizer from /home/yuebi/Project/dim17_run/dim17_run_1/1111/tokenizer_data/tokenizer.json...
INFO - 10/26/25 19:37:14 - 2:40:53 - 0 / 100
INFO - 10/26/25 19:37:14 - 2:40:53 - number of examples in the dataset: 100
INFO - 10/26/25 19:37:14 - 2:40:53 - max word length: 124
INFO - 10/26/25 19:37:14 - 2:40:53 - number of unique characters in the vocabulary: 15
INFO - 10/26/25 19:37:14 - 2:40:53 - vocabulary:
INFO - 10/26/25 19:37:14 - 2:40:53 - ['V0', 'V1', 'V2', 'V3', 'V4', 'V5', 'V6', 'V7', 'V8', 'V9', 'V10', 'V11', 'V12', 'V13', 'V14']
INFO - 10/26/25 19:37:14 - 2:40:53 - split up the dataset into 90 training examples and 10 test examples
INFO - 10/26/25 19:37:14 - 2:40:53 - ============ Start of generation 11 ============
INFO - 10/26/25 19:37:14 - 2:40:53 - Memory allocated:  44.72MB, reserved: 19002.00MB
INFO - 10/26/25 19:37:14 - 2:40:53 - training
INFO - 10/26/25 19:37:15 - 2:40:54 - step 0 | loss 0.0716 | step time 255.67ms
INFO - 10/26/25 19:37:39 - 2:41:18 - step 100 | loss 0.0384 | step time 248.85ms
INFO - 10/26/25 19:38:04 - 2:41:43 - step 200 | loss 0.0385 | step time 248.63ms
INFO - 10/26/25 19:38:29 - 2:42:08 - step 300 | loss 0.0386 | step time 248.56ms
INFO - 10/26/25 19:38:54 - 2:42:33 - step 400 | loss 0.0570 | step time 248.42ms
INFO - 10/26/25 19:39:19 - 2:42:58 - step 500 | loss 0.0385 | step time 248.59ms
INFO - 10/26/25 19:39:19 - 2:42:58 - step 500 train loss: 0.03832987695932388 test loss: 0.15903091430664062
INFO - 10/26/25 19:39:19 - 2:42:58 - test loss 0.15903091430664062 is the best so far, saving model to /home/yuebi/Project/dim17_run/dim17_run_1/1111/model.pt
INFO - 10/26/25 19:39:44 - 2:43:23 - step 600 | loss 0.0382 | step time 249.14ms
INFO - 10/26/25 19:40:09 - 2:43:48 - step 700 | loss 0.0381 | step time 248.54ms
INFO - 10/26/25 19:40:34 - 2:44:13 - step 800 | loss 0.0382 | step time 248.70ms
INFO - 10/26/25 19:40:59 - 2:44:38 - step 900 | loss 0.0381 | step time 248.72ms
INFO - 10/26/25 19:41:24 - 2:45:03 - step 1000 | loss 0.0387 | step time 248.67ms
INFO - 10/26/25 19:41:24 - 2:45:03 - step 1000 train loss: 0.03853738680481911 test loss: 0.1365220546722412
INFO - 10/26/25 19:41:24 - 2:45:03 - test loss 0.1365220546722412 is the best so far, saving model to /home/yuebi/Project/dim17_run/dim17_run_1/1111/model.pt
INFO - 10/26/25 19:41:49 - 2:45:28 - step 1100 | loss 0.0383 | step time 248.71ms
INFO - 10/26/25 19:42:14 - 2:45:53 - step 1200 | loss 0.0376 | step time 248.56ms
INFO - 10/26/25 19:42:38 - 2:46:17 - step 1300 | loss 0.0376 | step time 248.69ms
INFO - 10/26/25 19:43:03 - 2:46:42 - step 1400 | loss 0.0385 | step time 248.56ms
INFO - 10/26/25 19:43:28 - 2:47:07 - Memory allocated:  44.72MB, reserved: 19002.00MB
INFO - 10/26/25 19:43:28 - 2:47:07 - generating
INFO - 10/26/25 19:46:27 - 0:00:00 - ============ Initialized logger ============
INFO - 10/26/25 19:46:27 - 0:00:00 - batch_size: 32
                                     command: python fc_loop.py --exp_name=dim17_run_1 --dump_path=/home/yuebi/Project/dim17_run --num_initial_empty_objects=800 --final_database_size=100 --target_db_size=100 --nb_local_searches=800 --max_epochs=20 --type=transformer --max-output-length=305 --sample-only=30000 --max-steps=1500 --n_tokens=15 --n-layer=8 --n-embd=128 --n-embd2=128 --exp_id=1111 --exp_id "1111"
                                     cpu: False
                                     debug: False
                                     debug_slurm: False
                                     dump_path: /home/yuebi/Project/dim17_run/dim17_run_1/1111
                                     exp_id: 1111
                                     exp_name: dim17_run_1
                                     final_database_size: 100
                                     gen_batch_size: 1000
                                     global_rank: 0
                                     is_master: True
                                     is_slurm_job: True
                                     learning_rate: 0.0005
                                     local_rank: 0
                                     master_addr: gpu-6
                                     master_port: -1
                                     max_epochs: 20
                                     max_output_length: 305
                                     max_steps: 1500
                                     multi_gpu: False
                                     multi_node: False
                                     n_embd: 128
                                     n_embd2: 128
                                     n_gpu_per_node: 1
                                     n_head: 8
                                     n_layer: 8
                                     n_nodes: 1
                                     n_tokens: 15
                                     nb_local_searches: 800
                                     nb_threads: 1
                                     node_id: 0
                                     num_initial_empty_objects: 800
                                     num_workers: 8
                                     sample_only: 30000
                                     seed: -1
                                     target_db_size: 100
                                     temperature: 1.0
                                     top_k: -1
                                     type: transformer
                                     weight_decay: 0.01
                                     world_size: 1
INFO - 10/26/25 19:46:27 - 0:00:00 - The experiment will be stored in /home/yuebi/Project/dim17_run/dim17_run_1/1111
                                     
INFO - 10/26/25 19:46:27 - 0:00:00 - Running command: python fc_loop.py --exp_name=dim17_run_1 --dump_path=/home/yuebi/Project/dim17_run --num_initial_empty_objects=800 --final_database_size=100 --target_db_size=100 --nb_local_searches=800 --max_epochs=20 --type=transformer --max-output-length=305 --sample-only=30000 --max-steps=1500 --n_tokens=15 --n-layer=8 --n-embd=128 --n-embd2=128 --exp_id=1111

WARNING - 10/26/25 19:46:27 - 0:00:00 - Signal handler installed.
INFO - 10/26/25 19:46:27 - 0:00:00 - seed: 738717087
INFO - 10/26/25 19:46:27 - 0:00:00 - initializing at generation: 11
INFO - 10/26/25 19:46:27 - 0:00:00 - number of examples in the dataset: 100
INFO - 10/26/25 19:46:27 - 0:00:00 - max word length: 124
INFO - 10/26/25 19:46:27 - 0:00:00 - number of unique characters in the vocabulary: 15
INFO - 10/26/25 19:46:27 - 0:00:00 - vocabulary:
INFO - 10/26/25 19:46:27 - 0:00:00 - ['V0', 'V1', 'V2', 'V3', 'V4', 'V5', 'V6', 'V7', 'V8', 'V9', 'V10', 'V11', 'V12', 'V13', 'V14']
INFO - 10/26/25 19:46:27 - 0:00:00 - split up the dataset into 90 training examples and 10 test examples
INFO - 10/26/25 19:46:27 - 0:00:00 - dataset determined that: vocab_size=16, block_size=306
INFO - 10/26/25 19:46:27 - 0:00:00 - model #params: 1629696
INFO - 10/26/25 19:46:27 - 0:00:00 - resuming from existing model
INFO - 10/26/25 19:46:27 - 0:00:00 - ============ Start of generation 11 ============
INFO - 10/26/25 19:46:27 - 0:00:00 - Memory allocated:  9.08MB, reserved: 20.00MB
INFO - 10/26/25 19:46:27 - 0:00:00 - training
INFO - 10/26/25 19:46:32 - 0:00:05 - step 0 | loss 0.0567 | step time 581.49ms
INFO - 10/26/25 19:46:57 - 0:00:30 - step 100 | loss 0.0385 | step time 248.59ms
INFO - 10/26/25 19:47:22 - 0:00:55 - step 200 | loss 0.0385 | step time 248.37ms
INFO - 10/26/25 19:47:46 - 0:01:19 - step 300 | loss 0.0381 | step time 248.30ms
INFO - 10/26/25 19:48:11 - 0:01:44 - step 400 | loss 0.0375 | step time 248.43ms
INFO - 10/26/25 19:48:36 - 0:02:09 - step 500 | loss 0.0393 | step time 248.49ms
INFO - 10/26/25 19:48:36 - 0:02:09 - step 500 train loss: 0.0386916883289814 test loss: 0.10139322280883789
INFO - 10/26/25 19:48:36 - 0:02:09 - test loss 0.10139322280883789 is the best so far, saving model to /home/yuebi/Project/dim17_run/dim17_run_1/1111/model.pt
INFO - 10/26/25 19:49:01 - 0:02:34 - step 600 | loss 0.0392 | step time 248.46ms
INFO - 10/26/25 19:49:26 - 0:02:59 - step 700 | loss 0.0391 | step time 248.32ms
INFO - 10/26/25 19:49:51 - 0:03:24 - step 800 | loss 0.0385 | step time 248.54ms
INFO - 10/26/25 19:50:16 - 0:03:49 - step 900 | loss 0.0385 | step time 248.42ms
INFO - 10/26/25 19:50:41 - 0:04:14 - step 1000 | loss 0.0388 | step time 248.50ms
INFO - 10/26/25 19:50:41 - 0:04:14 - step 1000 train loss: 0.03848646953701973 test loss: 0.15555857121944427
INFO - 10/26/25 19:51:06 - 0:04:39 - step 1100 | loss 0.0429 | step time 248.45ms
INFO - 10/26/25 19:51:31 - 0:05:04 - step 1200 | loss 0.0383 | step time 248.51ms
INFO - 10/26/25 19:51:55 - 0:05:28 - step 1300 | loss 0.0383 | step time 248.71ms
INFO - 10/26/25 19:52:20 - 0:05:53 - step 1400 | loss 0.0385 | step time 248.26ms
INFO - 10/26/25 19:52:45 - 0:06:18 - Memory allocated:  44.72MB, reserved: 2660.00MB
INFO - 10/26/25 19:52:45 - 0:06:18 - generating
INFO - 10/26/25 22:22:26 - 2:35:59 - distribution of sample lengths: average: 371.8996333333333 max: 967
INFO - 10/26/25 22:22:26 - 2:35:59 - printed 30000 samples
INFO - 10/26/25 22:22:26 - 2:35:59 - decoding
INFO - 10/26/25 22:22:27 - 2:36:00 - Decoding complete. Check the output in /home/yuebi/Project/dim17_run/dim17_run_1/1111/transformer-output-decoded.txt
INFO - 10/26/25 22:22:27 - 2:36:00 - Memory allocated:  44.72MB, reserved: 19002.00MB
INFO - 10/26/25 22:22:27 - 2:36:00 - ============ End of generation 11 ============
INFO - 10/26/25 22:22:27 - 2:36:00 - launching search.jl
INFO - 10/26/25 22:22:27 - 2:36:00 - JULIA_NUM_THREADS is set to 1
INFO - 10/26/25 22:27:15 - 2:40:48 - distribution of scores(all rounds)
INFO - 10/26/25 22:27:15 - 2:40:48 - Score:1015808.0, Count:11
                                     
INFO - 10/26/25 22:27:15 - 2:40:48 - Score:950272.0, Count:19
                                     
INFO - 10/26/25 22:27:15 - 2:40:48 - Score:943056.0, Count:11
                                     
INFO - 10/26/25 22:27:15 - 2:40:48 - Score:942592.0, Count:17
                                     
INFO - 10/26/25 22:27:15 - 2:40:48 - Score:921600.0, Count:9
                                     
INFO - 10/26/25 22:27:15 - 2:40:48 - Score:917504.0, Count:22
                                     
INFO - 10/26/25 22:27:15 - 2:40:48 - Score:892928.0, Count:11
                                     
INFO - 10/26/25 22:27:15 - 2:40:48 - Score:891344.0, Count:0
                                     
INFO - 10/26/25 22:27:15 - 2:40:48 - tokenizing
INFO - 10/26/25 22:27:15 - 2:40:48 - Loading tokenizer from /home/yuebi/Project/dim17_run/dim17_run_1/1111/tokenizer_data/tokenizer.json...
INFO - 10/26/25 22:27:15 - 2:40:48 - 0 / 100
INFO - 10/26/25 22:27:15 - 2:40:48 - number of examples in the dataset: 100
INFO - 10/26/25 22:27:15 - 2:40:48 - max word length: 124
INFO - 10/26/25 22:27:15 - 2:40:48 - number of unique characters in the vocabulary: 15
INFO - 10/26/25 22:27:15 - 2:40:48 - vocabulary:
INFO - 10/26/25 22:27:15 - 2:40:48 - ['V0', 'V1', 'V2', 'V3', 'V4', 'V5', 'V6', 'V7', 'V8', 'V9', 'V10', 'V11', 'V12', 'V13', 'V14']
INFO - 10/26/25 22:27:15 - 2:40:48 - split up the dataset into 90 training examples and 10 test examples
INFO - 10/26/25 22:27:15 - 2:40:48 - ============ Start of generation 12 ============
INFO - 10/26/25 22:27:15 - 2:40:48 - Memory allocated:  44.72MB, reserved: 19002.00MB
INFO - 10/26/25 22:27:15 - 2:40:48 - training
INFO - 10/26/25 22:27:16 - 2:40:49 - step 0 | loss 0.0677 | step time 255.63ms
INFO - 10/26/25 22:27:40 - 2:41:13 - step 100 | loss 0.0401 | step time 248.80ms
INFO - 10/26/25 22:28:05 - 2:41:38 - step 200 | loss 0.0387 | step time 248.72ms
INFO - 10/26/25 22:28:30 - 2:42:03 - step 300 | loss 0.0379 | step time 248.78ms
INFO - 10/26/25 22:28:55 - 2:42:28 - step 400 | loss 0.0385 | step time 248.95ms
INFO - 10/26/25 22:29:20 - 2:42:53 - step 500 | loss 0.0382 | step time 248.61ms
INFO - 10/26/25 22:29:20 - 2:42:53 - step 500 train loss: 0.03872266784310341 test loss: 0.39089664816856384
INFO - 10/26/25 22:29:20 - 2:42:53 - test loss 0.39089664816856384 is the best so far, saving model to /home/yuebi/Project/dim17_run/dim17_run_1/1111/model.pt
INFO - 10/26/25 22:29:45 - 2:43:18 - step 600 | loss 0.0403 | step time 248.59ms
INFO - 10/26/25 22:30:10 - 2:43:43 - step 700 | loss 0.0385 | step time 248.88ms
INFO - 10/26/25 22:30:35 - 2:44:08 - step 800 | loss 0.0393 | step time 248.65ms
INFO - 10/26/25 22:31:00 - 2:44:33 - step 900 | loss 0.0383 | step time 248.69ms
INFO - 10/26/25 22:31:25 - 2:44:58 - step 1000 | loss 0.0385 | step time 248.61ms
INFO - 10/26/25 22:31:25 - 2:44:58 - step 1000 train loss: 0.038654010742902756 test loss: 0.42384180426597595
INFO - 10/26/25 22:31:50 - 2:45:23 - step 1100 | loss 0.0390 | step time 248.79ms
INFO - 10/26/25 22:32:15 - 2:45:48 - step 1200 | loss 0.0384 | step time 248.75ms
INFO - 10/26/25 22:32:39 - 2:46:12 - step 1300 | loss 0.0393 | step time 248.84ms
INFO - 10/26/25 22:33:04 - 2:46:37 - step 1400 | loss 0.0411 | step time 248.80ms
INFO - 10/26/25 22:33:29 - 2:47:02 - Memory allocated:  44.72MB, reserved: 19002.00MB
INFO - 10/26/25 22:33:29 - 2:47:02 - generating
INFO - 10/26/25 22:36:30 - 0:00:00 - ============ Initialized logger ============
INFO - 10/26/25 22:36:30 - 0:00:00 - batch_size: 32
                                     command: python fc_loop.py --exp_name=dim17_run_1 --dump_path=/home/yuebi/Project/dim17_run --num_initial_empty_objects=800 --final_database_size=100 --target_db_size=100 --nb_local_searches=800 --max_epochs=20 --type=transformer --max-output-length=305 --sample-only=30000 --max-steps=1500 --n_tokens=15 --n-layer=8 --n-embd=128 --n-embd2=128 --exp_id=1111 --exp_id "1111"
                                     cpu: False
                                     debug: False
                                     debug_slurm: False
                                     dump_path: /home/yuebi/Project/dim17_run/dim17_run_1/1111
                                     exp_id: 1111
                                     exp_name: dim17_run_1
                                     final_database_size: 100
                                     gen_batch_size: 1000
                                     global_rank: 0
                                     is_master: True
                                     is_slurm_job: True
                                     learning_rate: 0.0005
                                     local_rank: 0
                                     master_addr: gpu-6
                                     master_port: -1
                                     max_epochs: 20
                                     max_output_length: 305
                                     max_steps: 1500
                                     multi_gpu: False
                                     multi_node: False
                                     n_embd: 128
                                     n_embd2: 128
                                     n_gpu_per_node: 1
                                     n_head: 8
                                     n_layer: 8
                                     n_nodes: 1
                                     n_tokens: 15
                                     nb_local_searches: 800
                                     nb_threads: 1
                                     node_id: 0
                                     num_initial_empty_objects: 800
                                     num_workers: 8
                                     sample_only: 30000
                                     seed: -1
                                     target_db_size: 100
                                     temperature: 1.0
                                     top_k: -1
                                     type: transformer
                                     weight_decay: 0.01
                                     world_size: 1
INFO - 10/26/25 22:36:30 - 0:00:00 - The experiment will be stored in /home/yuebi/Project/dim17_run/dim17_run_1/1111
                                     
INFO - 10/26/25 22:36:30 - 0:00:00 - Running command: python fc_loop.py --exp_name=dim17_run_1 --dump_path=/home/yuebi/Project/dim17_run --num_initial_empty_objects=800 --final_database_size=100 --target_db_size=100 --nb_local_searches=800 --max_epochs=20 --type=transformer --max-output-length=305 --sample-only=30000 --max-steps=1500 --n_tokens=15 --n-layer=8 --n-embd=128 --n-embd2=128 --exp_id=1111

WARNING - 10/26/25 22:36:30 - 0:00:00 - Signal handler installed.
INFO - 10/26/25 22:36:30 - 0:00:00 - seed: 899604621
INFO - 10/26/25 22:36:30 - 0:00:00 - initializing at generation: 12
INFO - 10/26/25 22:36:30 - 0:00:00 - number of examples in the dataset: 100
INFO - 10/26/25 22:36:30 - 0:00:00 - max word length: 124
INFO - 10/26/25 22:36:30 - 0:00:00 - number of unique characters in the vocabulary: 15
INFO - 10/26/25 22:36:30 - 0:00:00 - vocabulary:
INFO - 10/26/25 22:36:30 - 0:00:00 - ['V0', 'V1', 'V2', 'V3', 'V4', 'V5', 'V6', 'V7', 'V8', 'V9', 'V10', 'V11', 'V12', 'V13', 'V14']
INFO - 10/26/25 22:36:30 - 0:00:00 - split up the dataset into 90 training examples and 10 test examples
INFO - 10/26/25 22:36:30 - 0:00:00 - dataset determined that: vocab_size=16, block_size=306
INFO - 10/26/25 22:36:30 - 0:00:00 - model #params: 1629696
INFO - 10/26/25 22:36:30 - 0:00:00 - resuming from existing model
INFO - 10/26/25 22:36:30 - 0:00:00 - ============ Start of generation 12 ============
INFO - 10/26/25 22:36:30 - 0:00:00 - Memory allocated:  9.08MB, reserved: 20.00MB
INFO - 10/26/25 22:36:30 - 0:00:00 - training
INFO - 10/26/25 22:36:35 - 0:00:05 - step 0 | loss 0.0407 | step time 573.54ms
INFO - 10/26/25 22:37:00 - 0:00:30 - step 100 | loss 0.0380 | step time 248.47ms
INFO - 10/26/25 22:37:25 - 0:00:55 - step 200 | loss 0.0388 | step time 248.50ms
INFO - 10/26/25 22:37:50 - 0:01:20 - step 300 | loss 0.0384 | step time 248.44ms
INFO - 10/26/25 22:38:15 - 0:01:45 - step 400 | loss 0.0389 | step time 248.61ms
INFO - 10/26/25 22:38:39 - 0:02:09 - step 500 | loss 0.0403 | step time 248.60ms
INFO - 10/26/25 22:38:40 - 0:02:10 - step 500 train loss: 0.04069645330309868 test loss: 0.21517466008663177
INFO - 10/26/25 22:38:40 - 0:02:10 - test loss 0.21517466008663177 is the best so far, saving model to /home/yuebi/Project/dim17_run/dim17_run_1/1111/model.pt
INFO - 10/26/25 22:39:05 - 0:02:35 - step 600 | loss 0.0381 | step time 248.92ms
INFO - 10/26/25 22:39:29 - 0:02:59 - step 700 | loss 0.0384 | step time 248.56ms
INFO - 10/26/25 22:39:54 - 0:03:24 - step 800 | loss 0.0384 | step time 248.60ms
INFO - 10/26/25 22:40:19 - 0:03:49 - step 900 | loss 0.0377 | step time 248.37ms
INFO - 10/26/25 22:40:44 - 0:04:14 - step 1000 | loss 0.0390 | step time 248.57ms
INFO - 10/26/25 22:40:44 - 0:04:14 - step 1000 train loss: 0.03835945576429367 test loss: 0.15944424271583557
INFO - 10/26/25 22:40:44 - 0:04:14 - test loss 0.15944424271583557 is the best so far, saving model to /home/yuebi/Project/dim17_run/dim17_run_1/1111/model.pt
INFO - 10/26/25 22:41:09 - 0:04:39 - step 1100 | loss 0.0427 | step time 248.46ms
INFO - 10/26/25 22:41:34 - 0:05:04 - step 1200 | loss 0.0382 | step time 248.67ms
INFO - 10/26/25 22:41:59 - 0:05:29 - step 1300 | loss 0.0388 | step time 248.63ms
INFO - 10/26/25 22:42:24 - 0:05:54 - step 1400 | loss 0.0393 | step time 248.68ms
INFO - 10/26/25 22:42:48 - 0:06:18 - Memory allocated:  44.72MB, reserved: 2660.00MB
INFO - 10/26/25 22:42:48 - 0:06:18 - generating
INFO - 10/27/25 01:12:32 - 2:36:02 - distribution of sample lengths: average: 371.6698 max: 956
INFO - 10/27/25 01:12:32 - 2:36:02 - printed 30000 samples
INFO - 10/27/25 01:12:32 - 2:36:02 - decoding
INFO - 10/27/25 01:12:33 - 2:36:03 - Decoding complete. Check the output in /home/yuebi/Project/dim17_run/dim17_run_1/1111/transformer-output-decoded.txt
INFO - 10/27/25 01:12:33 - 2:36:03 - Memory allocated:  44.72MB, reserved: 19002.00MB
INFO - 10/27/25 01:12:33 - 2:36:03 - ============ End of generation 12 ============
INFO - 10/27/25 01:12:33 - 2:36:03 - launching search.jl
INFO - 10/27/25 01:12:33 - 2:36:03 - JULIA_NUM_THREADS is set to 1
INFO - 10/27/25 01:17:22 - 2:40:52 - distribution of scores(all rounds)
INFO - 10/27/25 01:17:22 - 2:40:52 - Score:1015808.0, Count:12
                                     
INFO - 10/27/25 01:17:22 - 2:40:52 - Score:950272.0, Count:21
                                     
INFO - 10/27/25 01:17:22 - 2:40:52 - Score:943056.0, Count:12
                                     
INFO - 10/27/25 01:17:22 - 2:40:52 - Score:942592.0, Count:19
                                     
INFO - 10/27/25 01:17:22 - 2:40:52 - Score:921600.0, Count:10
                                     
INFO - 10/27/25 01:17:22 - 2:40:52 - Score:917504.0, Count:24
                                     
INFO - 10/27/25 01:17:22 - 2:40:52 - Score:892928.0, Count:2
                                     
INFO - 10/27/25 01:17:22 - 2:40:52 - tokenizing
INFO - 10/27/25 01:17:22 - 2:40:52 - Loading tokenizer from /home/yuebi/Project/dim17_run/dim17_run_1/1111/tokenizer_data/tokenizer.json...
INFO - 10/27/25 01:17:22 - 2:40:52 - 0 / 100
INFO - 10/27/25 01:17:22 - 2:40:52 - number of examples in the dataset: 100
INFO - 10/27/25 01:17:22 - 2:40:52 - max word length: 124
INFO - 10/27/25 01:17:22 - 2:40:52 - number of unique characters in the vocabulary: 15
INFO - 10/27/25 01:17:22 - 2:40:52 - vocabulary:
INFO - 10/27/25 01:17:22 - 2:40:52 - ['V0', 'V1', 'V2', 'V3', 'V4', 'V5', 'V6', 'V7', 'V8', 'V9', 'V10', 'V11', 'V12', 'V13', 'V14']
INFO - 10/27/25 01:17:22 - 2:40:52 - split up the dataset into 90 training examples and 10 test examples
INFO - 10/27/25 01:17:22 - 2:40:52 - ============ Start of generation 13 ============
INFO - 10/27/25 01:17:22 - 2:40:52 - Memory allocated:  44.72MB, reserved: 19002.00MB
INFO - 10/27/25 01:17:22 - 2:40:52 - training
INFO - 10/27/25 01:17:23 - 2:40:53 - step 0 | loss 0.3597 | step time 255.39ms
INFO - 10/27/25 01:17:48 - 2:41:18 - step 100 | loss 0.0384 | step time 248.82ms
INFO - 10/27/25 01:18:12 - 2:41:42 - step 200 | loss 0.0386 | step time 248.91ms
INFO - 10/27/25 01:18:37 - 2:42:07 - step 300 | loss 0.0388 | step time 248.87ms
INFO - 10/27/25 01:19:02 - 2:42:32 - step 400 | loss 0.0380 | step time 248.69ms
INFO - 10/27/25 01:19:27 - 2:42:57 - step 500 | loss 0.0389 | step time 248.70ms
INFO - 10/27/25 01:19:27 - 2:42:57 - step 500 train loss: 0.03863349184393883 test loss: 0.16541852056980133
INFO - 10/27/25 01:19:27 - 2:42:57 - test loss 0.16541852056980133 is the best so far, saving model to /home/yuebi/Project/dim17_run/dim17_run_1/1111/model.pt
INFO - 10/27/25 01:19:52 - 2:43:22 - step 600 | loss 0.0392 | step time 248.92ms
INFO - 10/27/25 01:20:17 - 2:43:47 - step 700 | loss 0.0381 | step time 248.94ms
INFO - 10/27/25 01:20:42 - 2:44:12 - step 800 | loss 0.0382 | step time 248.75ms
INFO - 10/27/25 01:21:07 - 2:44:37 - step 900 | loss 0.0378 | step time 248.95ms
INFO - 10/27/25 01:21:32 - 2:45:02 - step 1000 | loss 0.0383 | step time 248.87ms
INFO - 10/27/25 01:21:32 - 2:45:02 - step 1000 train loss: 0.0383395217359066 test loss: 0.18479347229003906
INFO - 10/27/25 01:21:57 - 2:45:27 - step 1100 | loss 0.0380 | step time 248.77ms
INFO - 10/27/25 01:22:22 - 2:45:52 - step 1200 | loss 0.0380 | step time 248.76ms
INFO - 10/27/25 01:22:47 - 2:46:17 - step 1300 | loss 0.0380 | step time 248.76ms
INFO - 10/27/25 01:23:11 - 2:46:41 - step 1400 | loss 0.0387 | step time 248.72ms
INFO - 10/27/25 01:23:36 - 2:47:06 - Memory allocated:  44.72MB, reserved: 19002.00MB
INFO - 10/27/25 01:23:36 - 2:47:06 - generating
INFO - 10/27/25 01:26:37 - 0:00:00 - ============ Initialized logger ============
INFO - 10/27/25 01:26:37 - 0:00:00 - batch_size: 32
                                     command: python fc_loop.py --exp_name=dim17_run_1 --dump_path=/home/yuebi/Project/dim17_run --num_initial_empty_objects=800 --final_database_size=100 --target_db_size=100 --nb_local_searches=800 --max_epochs=20 --type=transformer --max-output-length=305 --sample-only=30000 --max-steps=1500 --n_tokens=15 --n-layer=8 --n-embd=128 --n-embd2=128 --exp_id=1111 --exp_id "1111"
                                     cpu: False
                                     debug: False
                                     debug_slurm: False
                                     dump_path: /home/yuebi/Project/dim17_run/dim17_run_1/1111
                                     exp_id: 1111
                                     exp_name: dim17_run_1
                                     final_database_size: 100
                                     gen_batch_size: 1000
                                     global_rank: 0
                                     is_master: True
                                     is_slurm_job: True
                                     learning_rate: 0.0005
                                     local_rank: 0
                                     master_addr: gpu-6
                                     master_port: -1
                                     max_epochs: 20
                                     max_output_length: 305
                                     max_steps: 1500
                                     multi_gpu: False
                                     multi_node: False
                                     n_embd: 128
                                     n_embd2: 128
                                     n_gpu_per_node: 1
                                     n_head: 8
                                     n_layer: 8
                                     n_nodes: 1
                                     n_tokens: 15
                                     nb_local_searches: 800
                                     nb_threads: 1
                                     node_id: 0
                                     num_initial_empty_objects: 800
                                     num_workers: 8
                                     sample_only: 30000
                                     seed: -1
                                     target_db_size: 100
                                     temperature: 1.0
                                     top_k: -1
                                     type: transformer
                                     weight_decay: 0.01
                                     world_size: 1
INFO - 10/27/25 01:26:37 - 0:00:00 - The experiment will be stored in /home/yuebi/Project/dim17_run/dim17_run_1/1111
                                     
INFO - 10/27/25 01:26:37 - 0:00:00 - Running command: python fc_loop.py --exp_name=dim17_run_1 --dump_path=/home/yuebi/Project/dim17_run --num_initial_empty_objects=800 --final_database_size=100 --target_db_size=100 --nb_local_searches=800 --max_epochs=20 --type=transformer --max-output-length=305 --sample-only=30000 --max-steps=1500 --n_tokens=15 --n-layer=8 --n-embd=128 --n-embd2=128 --exp_id=1111

WARNING - 10/27/25 01:26:37 - 0:00:00 - Signal handler installed.
INFO - 10/27/25 01:26:37 - 0:00:00 - seed: 189906657
INFO - 10/27/25 01:26:37 - 0:00:00 - initializing at generation: 13
INFO - 10/27/25 01:26:37 - 0:00:00 - number of examples in the dataset: 100
INFO - 10/27/25 01:26:37 - 0:00:00 - max word length: 124
INFO - 10/27/25 01:26:37 - 0:00:00 - number of unique characters in the vocabulary: 15
INFO - 10/27/25 01:26:37 - 0:00:00 - vocabulary:
INFO - 10/27/25 01:26:37 - 0:00:00 - ['V0', 'V1', 'V2', 'V3', 'V4', 'V5', 'V6', 'V7', 'V8', 'V9', 'V10', 'V11', 'V12', 'V13', 'V14']
INFO - 10/27/25 01:26:37 - 0:00:00 - split up the dataset into 90 training examples and 10 test examples
INFO - 10/27/25 01:26:37 - 0:00:00 - dataset determined that: vocab_size=16, block_size=306
INFO - 10/27/25 01:26:37 - 0:00:00 - model #params: 1629696
INFO - 10/27/25 01:26:37 - 0:00:00 - resuming from existing model
INFO - 10/27/25 01:26:37 - 0:00:00 - ============ Start of generation 13 ============
INFO - 10/27/25 01:26:37 - 0:00:00 - Memory allocated:  9.08MB, reserved: 20.00MB
INFO - 10/27/25 01:26:37 - 0:00:00 - training
INFO - 10/27/25 01:26:43 - 0:00:06 - step 0 | loss 0.0721 | step time 574.09ms
INFO - 10/27/25 01:27:07 - 0:00:30 - step 100 | loss 0.0386 | step time 248.55ms
INFO - 10/27/25 01:27:32 - 0:00:55 - step 200 | loss 0.0391 | step time 248.64ms
INFO - 10/27/25 01:27:57 - 0:01:20 - step 300 | loss 0.0378 | step time 248.40ms
INFO - 10/27/25 01:28:22 - 0:01:45 - step 400 | loss 0.0388 | step time 248.34ms
INFO - 10/27/25 01:28:47 - 0:02:10 - step 500 | loss 0.0389 | step time 248.55ms
INFO - 10/27/25 01:28:47 - 0:02:10 - step 500 train loss: 0.03856253996491432 test loss: 0.08143702894449234
INFO - 10/27/25 01:28:47 - 0:02:10 - test loss 0.08143702894449234 is the best so far, saving model to /home/yuebi/Project/dim17_run/dim17_run_1/1111/model.pt
INFO - 10/27/25 01:29:12 - 0:02:35 - step 600 | loss 0.0403 | step time 248.42ms
INFO - 10/27/25 01:29:37 - 0:03:00 - step 700 | loss 0.0385 | step time 248.60ms
INFO - 10/27/25 01:30:02 - 0:03:25 - step 800 | loss 0.0387 | step time 248.53ms
INFO - 10/27/25 01:30:27 - 0:03:50 - step 900 | loss 0.0388 | step time 248.55ms
INFO - 10/27/25 01:30:51 - 0:04:14 - step 1000 | loss 0.0389 | step time 248.55ms
INFO - 10/27/25 01:30:52 - 0:04:15 - step 1000 train loss: 0.03843289613723755 test loss: 0.13362057507038116
INFO - 10/27/25 01:31:17 - 0:04:40 - step 1100 | loss 0.0400 | step time 248.63ms
INFO - 10/27/25 01:31:41 - 0:05:04 - step 1200 | loss 0.0384 | step time 248.39ms
INFO - 10/27/25 01:32:06 - 0:05:29 - step 1300 | loss 0.0391 | step time 248.46ms
INFO - 10/27/25 01:32:31 - 0:05:54 - step 1400 | loss 0.0390 | step time 248.58ms
INFO - 10/27/25 01:32:56 - 0:06:19 - Memory allocated:  44.72MB, reserved: 2660.00MB
INFO - 10/27/25 01:32:56 - 0:06:19 - generating
INFO - 10/27/25 04:02:35 - 2:35:58 - distribution of sample lengths: average: 371.5554333333333 max: 397
INFO - 10/27/25 04:02:35 - 2:35:58 - printed 30000 samples
INFO - 10/27/25 04:02:35 - 2:35:58 - decoding
INFO - 10/27/25 04:02:36 - 2:35:59 - Decoding complete. Check the output in /home/yuebi/Project/dim17_run/dim17_run_1/1111/transformer-output-decoded.txt
INFO - 10/27/25 04:02:36 - 2:35:59 - Memory allocated:  44.72MB, reserved: 19002.00MB
INFO - 10/27/25 04:02:36 - 2:35:59 - ============ End of generation 13 ============
INFO - 10/27/25 04:02:36 - 2:35:59 - launching search.jl
INFO - 10/27/25 04:02:36 - 2:35:59 - JULIA_NUM_THREADS is set to 1
INFO - 10/27/25 04:07:26 - 2:40:49 - distribution of scores(all rounds)
INFO - 10/27/25 04:07:26 - 2:40:49 - Score:1015808.0, Count:13
                                     
INFO - 10/27/25 04:07:26 - 2:40:49 - Score:950272.0, Count:23
                                     
INFO - 10/27/25 04:07:26 - 2:40:49 - Score:943056.0, Count:13
                                     
INFO - 10/27/25 04:07:26 - 2:40:49 - Score:942592.0, Count:21
                                     
INFO - 10/27/25 04:07:26 - 2:40:49 - Score:921600.0, Count:11
                                     
INFO - 10/27/25 04:07:26 - 2:40:49 - Score:917504.0, Count:19
                                     
INFO - 10/27/25 04:07:26 - 2:40:49 - tokenizing
INFO - 10/27/25 04:07:26 - 2:40:49 - Loading tokenizer from /home/yuebi/Project/dim17_run/dim17_run_1/1111/tokenizer_data/tokenizer.json...
INFO - 10/27/25 04:07:26 - 2:40:49 - 0 / 100
INFO - 10/27/25 04:07:26 - 2:40:49 - number of examples in the dataset: 100
INFO - 10/27/25 04:07:26 - 2:40:49 - max word length: 124
INFO - 10/27/25 04:07:26 - 2:40:49 - number of unique characters in the vocabulary: 15
INFO - 10/27/25 04:07:26 - 2:40:49 - vocabulary:
INFO - 10/27/25 04:07:26 - 2:40:49 - ['V0', 'V1', 'V2', 'V3', 'V4', 'V5', 'V6', 'V7', 'V8', 'V9', 'V10', 'V11', 'V12', 'V13', 'V14']
INFO - 10/27/25 04:07:26 - 2:40:49 - split up the dataset into 90 training examples and 10 test examples
INFO - 10/27/25 04:07:26 - 2:40:49 - ============ Start of generation 14 ============
INFO - 10/27/25 04:07:26 - 2:40:49 - Memory allocated:  44.72MB, reserved: 19002.00MB
INFO - 10/27/25 04:07:26 - 2:40:49 - training
INFO - 10/27/25 04:07:26 - 2:40:49 - step 0 | loss 0.2054 | step time 257.30ms
INFO - 10/27/25 04:07:51 - 2:41:14 - step 100 | loss 0.0384 | step time 248.60ms
INFO - 10/27/25 04:08:16 - 2:41:39 - step 200 | loss 0.0391 | step time 248.48ms
INFO - 10/27/25 04:08:41 - 2:42:04 - step 300 | loss 0.0385 | step time 248.40ms
INFO - 10/27/25 04:09:06 - 2:42:29 - step 400 | loss 0.0378 | step time 248.48ms
INFO - 10/27/25 04:09:31 - 2:42:54 - step 500 | loss 0.0386 | step time 248.70ms
INFO - 10/27/25 04:09:31 - 2:42:54 - step 500 train loss: 0.03840387612581253 test loss: 0.10975565016269684
INFO - 10/27/25 04:09:31 - 2:42:54 - test loss 0.10975565016269684 is the best so far, saving model to /home/yuebi/Project/dim17_run/dim17_run_1/1111/model.pt
INFO - 10/27/25 04:09:56 - 2:43:19 - step 600 | loss 0.0382 | step time 248.62ms
INFO - 10/27/25 04:10:21 - 2:43:44 - step 700 | loss 0.0553 | step time 248.40ms
INFO - 10/27/25 04:10:46 - 2:44:09 - step 800 | loss 0.0383 | step time 248.56ms
INFO - 10/27/25 04:11:10 - 2:44:33 - step 900 | loss 0.0384 | step time 248.33ms
INFO - 10/27/25 04:11:35 - 2:44:58 - step 1000 | loss 0.0381 | step time 248.56ms
INFO - 10/27/25 04:11:35 - 2:44:58 - step 1000 train loss: 0.03840884566307068 test loss: 0.22271621227264404
INFO - 10/27/25 04:12:00 - 2:45:23 - step 1100 | loss 0.0392 | step time 248.54ms
INFO - 10/27/25 04:12:25 - 2:45:48 - step 1200 | loss 0.0384 | step time 248.97ms
INFO - 10/27/25 04:12:50 - 2:46:13 - step 1300 | loss 0.0386 | step time 248.50ms
INFO - 10/27/25 04:13:15 - 2:46:38 - step 1400 | loss 0.0386 | step time 248.41ms
INFO - 10/27/25 04:13:40 - 2:47:03 - Memory allocated:  44.72MB, reserved: 19002.00MB
INFO - 10/27/25 04:13:40 - 2:47:03 - generating
INFO - 10/27/25 04:16:45 - 0:00:00 - ============ Initialized logger ============
INFO - 10/27/25 04:16:45 - 0:00:00 - batch_size: 32
                                     command: python fc_loop.py --exp_name=dim17_run_1 --dump_path=/home/yuebi/Project/dim17_run --num_initial_empty_objects=800 --final_database_size=100 --target_db_size=100 --nb_local_searches=800 --max_epochs=20 --type=transformer --max-output-length=305 --sample-only=30000 --max-steps=1500 --n_tokens=15 --n-layer=8 --n-embd=128 --n-embd2=128 --exp_id=1111 --exp_id "1111"
                                     cpu: False
                                     debug: False
                                     debug_slurm: False
                                     dump_path: /home/yuebi/Project/dim17_run/dim17_run_1/1111
                                     exp_id: 1111
                                     exp_name: dim17_run_1
                                     final_database_size: 100
                                     gen_batch_size: 1000
                                     global_rank: 0
                                     is_master: True
                                     is_slurm_job: True
                                     learning_rate: 0.0005
                                     local_rank: 0
                                     master_addr: gpu-6
                                     master_port: -1
                                     max_epochs: 20
                                     max_output_length: 305
                                     max_steps: 1500
                                     multi_gpu: False
                                     multi_node: False
                                     n_embd: 128
                                     n_embd2: 128
                                     n_gpu_per_node: 1
                                     n_head: 8
                                     n_layer: 8
                                     n_nodes: 1
                                     n_tokens: 15
                                     nb_local_searches: 800
                                     nb_threads: 1
                                     node_id: 0
                                     num_initial_empty_objects: 800
                                     num_workers: 8
                                     sample_only: 30000
                                     seed: -1
                                     target_db_size: 100
                                     temperature: 1.0
                                     top_k: -1
                                     type: transformer
                                     weight_decay: 0.01
                                     world_size: 1
INFO - 10/27/25 04:16:45 - 0:00:00 - The experiment will be stored in /home/yuebi/Project/dim17_run/dim17_run_1/1111
                                     
INFO - 10/27/25 04:16:45 - 0:00:00 - Running command: python fc_loop.py --exp_name=dim17_run_1 --dump_path=/home/yuebi/Project/dim17_run --num_initial_empty_objects=800 --final_database_size=100 --target_db_size=100 --nb_local_searches=800 --max_epochs=20 --type=transformer --max-output-length=305 --sample-only=30000 --max-steps=1500 --n_tokens=15 --n-layer=8 --n-embd=128 --n-embd2=128 --exp_id=1111

WARNING - 10/27/25 04:16:45 - 0:00:00 - Signal handler installed.
INFO - 10/27/25 04:16:45 - 0:00:00 - seed: 934403593
INFO - 10/27/25 04:16:45 - 0:00:00 - initializing at generation: 14
INFO - 10/27/25 04:16:45 - 0:00:00 - number of examples in the dataset: 100
INFO - 10/27/25 04:16:45 - 0:00:00 - max word length: 124
INFO - 10/27/25 04:16:45 - 0:00:00 - number of unique characters in the vocabulary: 15
INFO - 10/27/25 04:16:45 - 0:00:00 - vocabulary:
INFO - 10/27/25 04:16:45 - 0:00:00 - ['V0', 'V1', 'V2', 'V3', 'V4', 'V5', 'V6', 'V7', 'V8', 'V9', 'V10', 'V11', 'V12', 'V13', 'V14']
INFO - 10/27/25 04:16:45 - 0:00:00 - split up the dataset into 90 training examples and 10 test examples
INFO - 10/27/25 04:16:45 - 0:00:00 - dataset determined that: vocab_size=16, block_size=306
INFO - 10/27/25 04:16:45 - 0:00:00 - model #params: 1629696
INFO - 10/27/25 04:16:45 - 0:00:00 - resuming from existing model
INFO - 10/27/25 04:16:45 - 0:00:00 - ============ Start of generation 14 ============
INFO - 10/27/25 04:16:45 - 0:00:00 - Memory allocated:  9.08MB, reserved: 20.00MB
INFO - 10/27/25 04:16:45 - 0:00:00 - training
INFO - 10/27/25 04:16:50 - 0:00:05 - step 0 | loss 0.0455 | step time 570.45ms
INFO - 10/27/25 04:17:15 - 0:00:30 - step 100 | loss 0.0384 | step time 248.62ms
INFO - 10/27/25 04:17:39 - 0:00:55 - step 200 | loss 0.0381 | step time 248.61ms
INFO - 10/27/25 04:18:04 - 0:01:19 - step 300 | loss 0.0390 | step time 248.60ms
INFO - 10/27/25 04:18:29 - 0:01:44 - step 400 | loss 0.0382 | step time 248.68ms
INFO - 10/27/25 04:18:54 - 0:02:09 - step 500 | loss 0.0386 | step time 248.29ms
INFO - 10/27/25 04:18:54 - 0:02:09 - step 500 train loss: 0.03911234810948372 test loss: 0.14250196516513824
INFO - 10/27/25 04:18:54 - 0:02:09 - test loss 0.14250196516513824 is the best so far, saving model to /home/yuebi/Project/dim17_run/dim17_run_1/1111/model.pt
INFO - 10/27/25 04:19:19 - 0:02:34 - step 600 | loss 0.0381 | step time 248.64ms
INFO - 10/27/25 04:19:44 - 0:02:59 - step 700 | loss 0.0385 | step time 248.51ms
INFO - 10/27/25 04:20:09 - 0:03:24 - step 800 | loss 0.0383 | step time 248.54ms
INFO - 10/27/25 04:20:34 - 0:03:49 - step 900 | loss 0.0377 | step time 248.71ms
INFO - 10/27/25 04:20:59 - 0:04:14 - step 1000 | loss 0.0379 | step time 248.72ms
INFO - 10/27/25 04:20:59 - 0:04:14 - step 1000 train loss: 0.03860103338956833 test loss: 0.13059101998806
INFO - 10/27/25 04:20:59 - 0:04:14 - test loss 0.13059101998806 is the best so far, saving model to /home/yuebi/Project/dim17_run/dim17_run_1/1111/model.pt
INFO - 10/27/25 04:21:24 - 0:04:39 - step 1100 | loss 0.0582 | step time 248.55ms
INFO - 10/27/25 04:21:49 - 0:05:04 - step 1200 | loss 0.0382 | step time 248.84ms
INFO - 10/27/25 04:22:13 - 0:05:29 - step 1300 | loss 0.0380 | step time 248.64ms
INFO - 10/27/25 04:22:38 - 0:05:53 - step 1400 | loss 0.0372 | step time 248.47ms
INFO - 10/27/25 04:23:03 - 0:06:18 - Memory allocated:  44.72MB, reserved: 2660.00MB
INFO - 10/27/25 04:23:03 - 0:06:18 - generating
INFO - 10/27/25 06:52:48 - 2:36:03 - distribution of sample lengths: average: 371.3367 max: 923
INFO - 10/27/25 06:52:48 - 2:36:03 - printed 30000 samples
INFO - 10/27/25 06:52:48 - 2:36:03 - decoding
INFO - 10/27/25 06:52:48 - 2:36:03 - Decoding complete. Check the output in /home/yuebi/Project/dim17_run/dim17_run_1/1111/transformer-output-decoded.txt
INFO - 10/27/25 06:52:48 - 2:36:03 - Memory allocated:  44.72MB, reserved: 19002.00MB
INFO - 10/27/25 06:52:48 - 2:36:03 - ============ End of generation 14 ============
INFO - 10/27/25 06:52:48 - 2:36:03 - launching search.jl
INFO - 10/27/25 06:52:48 - 2:36:03 - JULIA_NUM_THREADS is set to 1
INFO - 10/27/25 06:57:35 - 2:40:50 - distribution of scores(all rounds)
INFO - 10/27/25 06:57:35 - 2:40:50 - Score:1015808.0, Count:14
                                     
INFO - 10/27/25 06:57:35 - 2:40:50 - Score:950272.0, Count:25
                                     
INFO - 10/27/25 06:57:35 - 2:40:50 - Score:943056.0, Count:14
                                     
INFO - 10/27/25 06:57:35 - 2:40:50 - Score:942592.0, Count:23
                                     
INFO - 10/27/25 06:57:35 - 2:40:50 - Score:921600.0, Count:12
                                     
INFO - 10/27/25 06:57:35 - 2:40:50 - Score:917504.0, Count:12
                                     
INFO - 10/27/25 06:57:35 - 2:40:50 - tokenizing
INFO - 10/27/25 06:57:35 - 2:40:50 - Loading tokenizer from /home/yuebi/Project/dim17_run/dim17_run_1/1111/tokenizer_data/tokenizer.json...
INFO - 10/27/25 06:57:35 - 2:40:50 - 0 / 100
INFO - 10/27/25 06:57:35 - 2:40:50 - number of examples in the dataset: 100
INFO - 10/27/25 06:57:35 - 2:40:50 - max word length: 124
INFO - 10/27/25 06:57:35 - 2:40:50 - number of unique characters in the vocabulary: 15
INFO - 10/27/25 06:57:35 - 2:40:50 - vocabulary:
INFO - 10/27/25 06:57:35 - 2:40:50 - ['V0', 'V1', 'V2', 'V3', 'V4', 'V5', 'V6', 'V7', 'V8', 'V9', 'V10', 'V11', 'V12', 'V13', 'V14']
INFO - 10/27/25 06:57:35 - 2:40:50 - split up the dataset into 90 training examples and 10 test examples
INFO - 10/27/25 06:57:35 - 2:40:50 - ============ Start of generation 15 ============
INFO - 10/27/25 06:57:35 - 2:40:50 - Memory allocated:  44.72MB, reserved: 19002.00MB
INFO - 10/27/25 06:57:35 - 2:40:50 - training
INFO - 10/27/25 06:57:36 - 2:40:51 - step 0 | loss 0.0732 | step time 255.81ms
INFO - 10/27/25 06:58:00 - 2:41:15 - step 100 | loss 0.0428 | step time 248.87ms
INFO - 10/27/25 06:58:25 - 2:41:40 - step 200 | loss 0.0386 | step time 248.66ms
INFO - 10/27/25 06:58:50 - 2:42:05 - step 300 | loss 0.0386 | step time 248.70ms
INFO - 10/27/25 06:59:15 - 2:42:30 - step 400 | loss 0.0388 | step time 248.86ms
INFO - 10/27/25 06:59:40 - 2:42:55 - step 500 | loss 0.0389 | step time 248.79ms
INFO - 10/27/25 06:59:40 - 2:42:55 - step 500 train loss: 0.03840478137135506 test loss: 0.18485890328884125
INFO - 10/27/25 06:59:40 - 2:42:55 - test loss 0.18485890328884125 is the best so far, saving model to /home/yuebi/Project/dim17_run/dim17_run_1/1111/model.pt
INFO - 10/27/25 07:00:05 - 2:43:20 - step 600 | loss 0.0379 | step time 248.81ms
INFO - 10/27/25 07:00:30 - 2:43:45 - step 700 | loss 0.0388 | step time 248.86ms
INFO - 10/27/25 07:00:55 - 2:44:10 - step 800 | loss 0.0386 | step time 248.86ms
INFO - 10/27/25 07:01:20 - 2:44:35 - step 900 | loss 0.0401 | step time 248.89ms
INFO - 10/27/25 07:01:45 - 2:45:00 - step 1000 | loss 0.0478 | step time 248.82ms
INFO - 10/27/25 07:01:45 - 2:45:00 - step 1000 train loss: 0.043450579047203064 test loss: 0.32987746596336365
INFO - 10/27/25 07:02:10 - 2:45:25 - step 1100 | loss 0.0378 | step time 248.83ms
INFO - 10/27/25 07:02:35 - 2:45:50 - step 1200 | loss 0.0379 | step time 249.10ms
INFO - 10/27/25 07:02:59 - 2:46:15 - step 1300 | loss 0.0372 | step time 248.73ms
INFO - 10/27/25 07:03:24 - 2:46:39 - step 1400 | loss 0.0382 | step time 249.04ms
INFO - 10/27/25 07:03:49 - 2:47:04 - Memory allocated:  44.72MB, reserved: 19002.00MB
INFO - 10/27/25 07:03:49 - 2:47:04 - generating
INFO - 10/27/25 07:06:50 - 0:00:00 - ============ Initialized logger ============
INFO - 10/27/25 07:06:50 - 0:00:00 - batch_size: 32
                                     command: python fc_loop.py --exp_name=dim17_run_1 --dump_path=/home/yuebi/Project/dim17_run --num_initial_empty_objects=800 --final_database_size=100 --target_db_size=100 --nb_local_searches=800 --max_epochs=20 --type=transformer --max-output-length=305 --sample-only=30000 --max-steps=1500 --n_tokens=15 --n-layer=8 --n-embd=128 --n-embd2=128 --exp_id=1111 --exp_id "1111"
                                     cpu: False
                                     debug: False
                                     debug_slurm: False
                                     dump_path: /home/yuebi/Project/dim17_run/dim17_run_1/1111
                                     exp_id: 1111
                                     exp_name: dim17_run_1
                                     final_database_size: 100
                                     gen_batch_size: 1000
                                     global_rank: 0
                                     is_master: True
                                     is_slurm_job: True
                                     learning_rate: 0.0005
                                     local_rank: 0
                                     master_addr: gpu-6
                                     master_port: -1
                                     max_epochs: 20
                                     max_output_length: 305
                                     max_steps: 1500
                                     multi_gpu: False
                                     multi_node: False
                                     n_embd: 128
                                     n_embd2: 128
                                     n_gpu_per_node: 1
                                     n_head: 8
                                     n_layer: 8
                                     n_nodes: 1
                                     n_tokens: 15
                                     nb_local_searches: 800
                                     nb_threads: 1
                                     node_id: 0
                                     num_initial_empty_objects: 800
                                     num_workers: 8
                                     sample_only: 30000
                                     seed: -1
                                     target_db_size: 100
                                     temperature: 1.0
                                     top_k: -1
                                     type: transformer
                                     weight_decay: 0.01
                                     world_size: 1
INFO - 10/27/25 07:06:50 - 0:00:00 - The experiment will be stored in /home/yuebi/Project/dim17_run/dim17_run_1/1111
                                     
INFO - 10/27/25 07:06:50 - 0:00:00 - Running command: python fc_loop.py --exp_name=dim17_run_1 --dump_path=/home/yuebi/Project/dim17_run --num_initial_empty_objects=800 --final_database_size=100 --target_db_size=100 --nb_local_searches=800 --max_epochs=20 --type=transformer --max-output-length=305 --sample-only=30000 --max-steps=1500 --n_tokens=15 --n-layer=8 --n-embd=128 --n-embd2=128 --exp_id=1111

WARNING - 10/27/25 07:06:50 - 0:00:00 - Signal handler installed.
INFO - 10/27/25 07:06:50 - 0:00:00 - seed: 616322287
INFO - 10/27/25 07:06:50 - 0:00:00 - initializing at generation: 15
INFO - 10/27/25 07:06:50 - 0:00:00 - number of examples in the dataset: 100
INFO - 10/27/25 07:06:50 - 0:00:00 - max word length: 124
INFO - 10/27/25 07:06:50 - 0:00:00 - number of unique characters in the vocabulary: 15
INFO - 10/27/25 07:06:50 - 0:00:00 - vocabulary:
INFO - 10/27/25 07:06:50 - 0:00:00 - ['V0', 'V1', 'V2', 'V3', 'V4', 'V5', 'V6', 'V7', 'V8', 'V9', 'V10', 'V11', 'V12', 'V13', 'V14']
INFO - 10/27/25 07:06:50 - 0:00:00 - split up the dataset into 90 training examples and 10 test examples
INFO - 10/27/25 07:06:50 - 0:00:00 - dataset determined that: vocab_size=16, block_size=306
INFO - 10/27/25 07:06:50 - 0:00:00 - model #params: 1629696
INFO - 10/27/25 07:06:50 - 0:00:00 - resuming from existing model
INFO - 10/27/25 07:06:50 - 0:00:00 - ============ Start of generation 15 ============
INFO - 10/27/25 07:06:50 - 0:00:00 - Memory allocated:  9.08MB, reserved: 20.00MB
INFO - 10/27/25 07:06:50 - 0:00:00 - training
INFO - 10/27/25 07:06:55 - 0:00:05 - step 0 | loss 0.0472 | step time 580.79ms
INFO - 10/27/25 07:07:20 - 0:00:30 - step 100 | loss 0.0378 | step time 248.57ms
INFO - 10/27/25 07:07:45 - 0:00:55 - step 200 | loss 0.0386 | step time 248.59ms
INFO - 10/27/25 07:08:09 - 0:01:19 - step 300 | loss 0.0389 | step time 248.61ms
INFO - 10/27/25 07:08:34 - 0:01:44 - step 400 | loss 0.0383 | step time 248.64ms
INFO - 10/27/25 07:08:59 - 0:02:09 - step 500 | loss 0.0375 | step time 248.33ms
INFO - 10/27/25 07:08:59 - 0:02:09 - step 500 train loss: 0.03838859871029854 test loss: 0.21200712025165558
INFO - 10/27/25 07:08:59 - 0:02:09 - test loss 0.21200712025165558 is the best so far, saving model to /home/yuebi/Project/dim17_run/dim17_run_1/1111/model.pt
INFO - 10/27/25 07:09:24 - 0:02:34 - step 600 | loss 0.0385 | step time 248.28ms
INFO - 10/27/25 07:09:49 - 0:02:59 - step 700 | loss 0.0388 | step time 248.49ms
INFO - 10/27/25 07:10:14 - 0:03:24 - step 800 | loss 0.0385 | step time 248.48ms
INFO - 10/27/25 07:10:39 - 0:03:49 - step 900 | loss 0.0398 | step time 248.37ms
INFO - 10/27/25 07:11:04 - 0:04:14 - step 1000 | loss 0.0398 | step time 248.65ms
INFO - 10/27/25 07:11:04 - 0:04:14 - step 1000 train loss: 0.03896913677453995 test loss: 0.2928493916988373
INFO - 10/27/25 07:11:29 - 0:04:39 - step 1100 | loss 0.0379 | step time 248.59ms
INFO - 10/27/25 07:11:54 - 0:05:04 - step 1200 | loss 0.0386 | step time 248.48ms
INFO - 10/27/25 07:12:18 - 0:05:28 - step 1300 | loss 0.0386 | step time 248.60ms
INFO - 10/27/25 07:12:43 - 0:05:53 - step 1400 | loss 0.0376 | step time 248.58ms
INFO - 10/27/25 07:13:08 - 0:06:18 - Memory allocated:  44.72MB, reserved: 2660.00MB
INFO - 10/27/25 07:13:08 - 0:06:18 - generating
INFO - 10/27/25 09:43:00 - 2:36:10 - distribution of sample lengths: average: 371.11906666666664 max: 395
INFO - 10/27/25 09:43:00 - 2:36:10 - printed 30000 samples
INFO - 10/27/25 09:43:00 - 2:36:10 - decoding
INFO - 10/27/25 09:43:01 - 2:36:11 - Decoding complete. Check the output in /home/yuebi/Project/dim17_run/dim17_run_1/1111/transformer-output-decoded.txt
INFO - 10/27/25 09:43:01 - 2:36:11 - Memory allocated:  44.72MB, reserved: 19002.00MB
INFO - 10/27/25 09:43:01 - 2:36:11 - ============ End of generation 15 ============
INFO - 10/27/25 09:43:01 - 2:36:11 - launching search.jl
INFO - 10/27/25 09:43:01 - 2:36:11 - JULIA_NUM_THREADS is set to 1
INFO - 10/27/25 09:47:48 - 2:40:58 - distribution of scores(all rounds)
INFO - 10/27/25 09:47:48 - 2:40:58 - Score:1015808.0, Count:15
                                     
INFO - 10/27/25 09:47:48 - 2:40:58 - Score:950272.0, Count:27
                                     
INFO - 10/27/25 09:47:48 - 2:40:58 - Score:943056.0, Count:15
                                     
INFO - 10/27/25 09:47:48 - 2:40:58 - Score:942592.0, Count:25
                                     
INFO - 10/27/25 09:47:48 - 2:40:58 - Score:921600.0, Count:13
                                     
INFO - 10/27/25 09:47:48 - 2:40:58 - Score:917504.0, Count:5
                                     
INFO - 10/27/25 09:47:48 - 2:40:58 - tokenizing
INFO - 10/27/25 09:47:48 - 2:40:58 - Loading tokenizer from /home/yuebi/Project/dim17_run/dim17_run_1/1111/tokenizer_data/tokenizer.json...
INFO - 10/27/25 09:47:48 - 2:40:58 - 0 / 100
INFO - 10/27/25 09:47:48 - 2:40:58 - number of examples in the dataset: 100
INFO - 10/27/25 09:47:48 - 2:40:58 - max word length: 124
INFO - 10/27/25 09:47:48 - 2:40:58 - number of unique characters in the vocabulary: 15
INFO - 10/27/25 09:47:48 - 2:40:58 - vocabulary:
INFO - 10/27/25 09:47:48 - 2:40:58 - ['V0', 'V1', 'V2', 'V3', 'V4', 'V5', 'V6', 'V7', 'V8', 'V9', 'V10', 'V11', 'V12', 'V13', 'V14']
INFO - 10/27/25 09:47:48 - 2:40:58 - split up the dataset into 90 training examples and 10 test examples
INFO - 10/27/25 09:47:48 - 2:40:58 - ============ Start of generation 16 ============
INFO - 10/27/25 09:47:48 - 2:40:58 - Memory allocated:  44.72MB, reserved: 19002.00MB
INFO - 10/27/25 09:47:48 - 2:40:58 - training
INFO - 10/27/25 09:47:49 - 2:40:59 - step 0 | loss 0.0531 | step time 255.46ms
INFO - 10/27/25 09:48:13 - 2:41:24 - step 100 | loss 0.0391 | step time 248.83ms
INFO - 10/27/25 09:48:38 - 2:41:48 - step 200 | loss 0.0388 | step time 248.54ms
INFO - 10/27/25 09:49:03 - 2:42:13 - step 300 | loss 0.0383 | step time 248.82ms
INFO - 10/27/25 09:49:28 - 2:42:38 - step 400 | loss 0.0388 | step time 248.61ms
INFO - 10/27/25 09:49:53 - 2:43:03 - step 500 | loss 0.0378 | step time 248.77ms
INFO - 10/27/25 09:49:53 - 2:43:03 - step 500 train loss: 0.03858032822608948 test loss: 0.09474088996648788
INFO - 10/27/25 09:49:53 - 2:43:03 - test loss 0.09474088996648788 is the best so far, saving model to /home/yuebi/Project/dim17_run/dim17_run_1/1111/model.pt
INFO - 10/27/25 09:50:18 - 2:43:28 - step 600 | loss 0.0383 | step time 248.84ms
INFO - 10/27/25 09:50:43 - 2:43:53 - step 700 | loss 0.0378 | step time 248.90ms
INFO - 10/27/25 09:51:08 - 2:44:18 - step 800 | loss 0.0386 | step time 248.81ms
INFO - 10/27/25 09:51:33 - 2:44:43 - step 900 | loss 0.0376 | step time 248.81ms
INFO - 10/27/25 09:51:58 - 2:45:08 - step 1000 | loss 0.0382 | step time 248.64ms
INFO - 10/27/25 09:51:58 - 2:45:08 - step 1000 train loss: 0.03827759996056557 test loss: 0.16000567376613617
INFO - 10/27/25 09:52:23 - 2:45:33 - step 1100 | loss 0.0377 | step time 248.83ms
INFO - 10/27/25 09:52:48 - 2:45:58 - step 1200 | loss 0.0385 | step time 248.59ms
INFO - 10/27/25 09:53:13 - 2:46:23 - step 1300 | loss 0.0389 | step time 248.60ms
INFO - 10/27/25 09:53:38 - 2:46:48 - step 1400 | loss 0.0376 | step time 248.62ms
INFO - 10/27/25 09:54:02 - 2:47:12 - Memory allocated:  44.72MB, reserved: 19002.00MB
INFO - 10/27/25 09:54:02 - 2:47:12 - generating
