INFO - 12/06/25 02:20:16 - 0:00:00 - ============ Initialized logger ============
INFO - 12/06/25 02:20:16 - 0:00:00 - batch_size: 32
                                     command: python fc_loop.py --exp_name=dim22_run_1 --dump_path=/home/yuebi/Project/dim22_run --num_initial_empty_objects=800 --final_database_size=100 --target_db_size=100 --nb_local_searches=800 --max_epochs=20 --type=transformer --max-output-length=350 --sample-only=25000 --max-steps=1500 --n_tokens=15 --n-layer=8 --n-embd=128 --n-embd2=128 --exp_id=1111 --exp_id "1111"
                                     cpu: False
                                     debug: False
                                     debug_slurm: False
                                     dump_path: /home/yuebi/Project/dim22_run/dim22_run_1/1111
                                     exp_id: 1111
                                     exp_name: dim22_run_1
                                     final_database_size: 100
                                     gen_batch_size: 1000
                                     global_rank: 0
                                     is_master: True
                                     is_slurm_job: True
                                     learning_rate: 0.0005
                                     local_rank: 0
                                     master_addr: gpu-6
                                     master_port: -1
                                     max_epochs: 20
                                     max_output_length: 350
                                     max_steps: 1500
                                     multi_gpu: False
                                     multi_node: False
                                     n_embd: 128
                                     n_embd2: 128
                                     n_gpu_per_node: 1
                                     n_head: 8
                                     n_layer: 8
                                     n_nodes: 1
                                     n_tokens: 15
                                     nb_local_searches: 800
                                     nb_threads: 1
                                     node_id: 0
                                     num_initial_empty_objects: 800
                                     num_workers: 8
                                     sample_only: 25000
                                     seed: -1
                                     target_db_size: 100
                                     temperature: 1.0
                                     top_k: -1
                                     type: transformer
                                     weight_decay: 0.01
                                     world_size: 1
INFO - 12/06/25 02:20:16 - 0:00:00 - The experiment will be stored in /home/yuebi/Project/dim22_run/dim22_run_1/1111
                                     
INFO - 12/06/25 02:20:16 - 0:00:00 - Running command: python fc_loop.py --exp_name=dim22_run_1 --dump_path=/home/yuebi/Project/dim22_run --num_initial_empty_objects=800 --final_database_size=100 --target_db_size=100 --nb_local_searches=800 --max_epochs=20 --type=transformer --max-output-length=350 --sample-only=25000 --max-steps=1500 --n_tokens=15 --n-layer=8 --n-embd=128 --n-embd2=128 --exp_id=1111

WARNING - 12/06/25 02:20:16 - 0:00:00 - Signal handler installed.
INFO - 12/06/25 02:20:16 - 0:00:00 - seed: 410261824
INFO - 12/06/25 02:20:16 - 0:00:00 - JULIA_NUM_THREADS is set to 1
INFO - 12/06/25 02:23:00 - 0:02:45 - Created /home/yuebi/Project/dim22_run/dim22_run_1/1111/temp.txt and training tokenizer...
INFO - 12/06/25 02:23:00 - 0:02:45 - Directory '/home/yuebi/Project/dim22_run/dim22_run_1/1111/tokenizer_data' created.
INFO - 12/06/25 02:23:00 - 0:02:45 - File '/home/yuebi/Project/dim22_run/dim22_run_1/1111/temp.txt' has been deleted.
INFO - 12/06/25 02:23:00 - 0:02:45 - 0 / 100
INFO - 12/06/25 02:23:00 - 0:02:45 - initializing at generation: 1
INFO - 12/06/25 02:23:00 - 0:02:45 - number of examples in the dataset: 100
INFO - 12/06/25 02:23:00 - 0:02:45 - max word length: 194
INFO - 12/06/25 02:23:00 - 0:02:45 - number of unique characters in the vocabulary: 15
INFO - 12/06/25 02:23:00 - 0:02:45 - vocabulary:
INFO - 12/06/25 02:23:00 - 0:02:45 - ['V0', 'V1', 'V2', 'V3', 'V4', 'V5', 'V6', 'V7', 'V8', 'V9', 'V10', 'V11', 'V12', 'V13', 'V14']
INFO - 12/06/25 02:23:00 - 0:02:45 - split up the dataset into 90 training examples and 10 test examples
INFO - 12/06/25 02:23:00 - 0:02:45 - dataset determined that: vocab_size=16, block_size=351
INFO - 12/06/25 02:23:00 - 0:02:45 - model #params: 1635456
INFO - 12/06/25 02:23:00 - 0:02:45 - ============ Start of generation 1 ============
INFO - 12/06/25 02:23:00 - 0:02:45 - Memory allocated:  10.00MB, reserved: 12.00MB
INFO - 12/06/25 02:23:00 - 0:02:45 - training
INFO - 12/06/25 02:23:06 - 0:02:50 - step 0 | loss 2.9392 | step time 616.94ms
INFO - 12/06/25 02:23:34 - 0:03:19 - step 100 | loss 1.9571 | step time 287.36ms
INFO - 12/06/25 02:24:03 - 0:03:48 - step 200 | loss 1.2033 | step time 287.66ms
INFO - 12/06/25 02:24:32 - 0:04:16 - step 300 | loss 0.3102 | step time 287.38ms
INFO - 12/06/25 02:25:01 - 0:04:45 - step 400 | loss 0.0383 | step time 287.19ms
INFO - 12/06/25 02:25:29 - 0:05:14 - step 500 | loss 0.0293 | step time 287.26ms
INFO - 12/06/25 02:25:30 - 0:05:14 - step 500 train loss: 0.029859041795134544 test loss: 7.268042087554932
INFO - 12/06/25 02:25:30 - 0:05:14 - test loss 7.268042087554932 is the best so far, saving model to /home/yuebi/Project/dim22_run/dim22_run_1/1111/model.pt
INFO - 12/06/25 02:25:58 - 0:05:43 - step 600 | loss 0.0264 | step time 287.14ms
INFO - 12/06/25 02:26:27 - 0:06:12 - step 700 | loss 0.1329 | step time 287.42ms
INFO - 12/06/25 02:26:56 - 0:06:40 - step 800 | loss 0.0265 | step time 287.19ms
INFO - 12/06/25 02:27:25 - 0:07:09 - step 900 | loss 0.0274 | step time 287.35ms
INFO - 12/06/25 02:27:53 - 0:07:38 - step 1000 | loss 0.0256 | step time 287.53ms
INFO - 12/06/25 02:27:54 - 0:07:38 - step 1000 train loss: 0.02604871615767479 test loss: 7.574591636657715
INFO - 12/06/25 02:28:22 - 0:08:07 - step 1100 | loss 0.0327 | step time 287.12ms
INFO - 12/06/25 02:28:51 - 0:08:36 - step 1200 | loss 0.0252 | step time 287.40ms
INFO - 12/06/25 02:29:20 - 0:09:04 - step 1300 | loss 0.0254 | step time 287.20ms
INFO - 12/06/25 02:29:49 - 0:09:33 - step 1400 | loss 0.0253 | step time 287.56ms
INFO - 12/06/25 02:30:17 - 0:10:01 - Memory allocated:  45.82MB, reserved: 3306.00MB
INFO - 12/06/25 02:30:17 - 0:10:01 - generating
INFO - 12/06/25 05:25:39 - 3:05:24 - distribution of sample lengths: average: 594.9458 max: 1124
INFO - 12/06/25 05:25:39 - 3:05:24 - printed 25000 samples
INFO - 12/06/25 05:25:39 - 3:05:24 - decoding
INFO - 12/06/25 05:25:40 - 3:05:25 - Decoding complete. Check the output in /home/yuebi/Project/dim22_run/dim22_run_1/1111/transformer-output-decoded.txt
INFO - 12/06/25 05:25:40 - 3:05:25 - Memory allocated:  45.82MB, reserved: 10106.00MB
INFO - 12/06/25 05:25:40 - 3:05:25 - ============ End of generation 1 ============
INFO - 12/06/25 05:25:40 - 3:05:25 - launching search.jl
INFO - 12/06/25 05:25:40 - 3:05:25 - JULIA_NUM_THREADS is set to 1
INFO - 12/06/25 05:34:22 - 3:14:06 - distribution of scores(all rounds)
INFO - 12/06/25 05:34:22 - 3:14:06 - Score:662671900.0, Count:1
                                     
INFO - 12/06/25 05:34:22 - 3:14:06 - Score:521001630.0, Count:1
                                     
INFO - 12/06/25 05:34:22 - 3:14:06 - Score:519164800.0, Count:1
                                     
INFO - 12/06/25 05:34:22 - 3:14:06 - Score:503265660.0, Count:1
                                     
INFO - 12/06/25 05:34:22 - 3:14:06 - Score:502753730.0, Count:1
                                     
INFO - 12/06/25 05:34:22 - 3:14:06 - Score:501145760.0, Count:1
                                     
INFO - 12/06/25 05:34:22 - 3:14:06 - Score:500509380.0, Count:1
                                     
INFO - 12/06/25 05:34:22 - 3:14:06 - Score:500449570.0, Count:1
                                     
INFO - 12/06/25 05:34:22 - 3:14:06 - Score:499530600.0, Count:1
                                     
INFO - 12/06/25 05:34:22 - 3:14:06 - Score:498949150.0, Count:1
                                     
INFO - 12/06/25 05:34:22 - 3:14:06 - Score:498910000.0, Count:1
                                     
INFO - 12/06/25 05:34:22 - 3:14:06 - Score:498905700.0, Count:1
                                     
INFO - 12/06/25 05:34:22 - 3:14:06 - Score:498752770.0, Count:1
                                     
INFO - 12/06/25 05:34:22 - 3:14:06 - Score:498246850.0, Count:1
                                     
INFO - 12/06/25 05:34:22 - 3:14:06 - Score:494338980.0, Count:1
                                     
INFO - 12/06/25 05:34:22 - 3:14:06 - Score:493691300.0, Count:1
                                     
INFO - 12/06/25 05:34:22 - 3:14:06 - Score:492212220.0, Count:1
                                     
INFO - 12/06/25 05:34:22 - 3:14:06 - Score:491944860.0, Count:1
                                     
INFO - 12/06/25 05:34:22 - 3:14:06 - Score:491799330.0, Count:1
                                     
INFO - 12/06/25 05:34:22 - 3:14:06 - Score:491467870.0, Count:1
                                     
INFO - 12/06/25 05:34:22 - 3:14:06 - Score:491323800.0, Count:1
                                     
INFO - 12/06/25 05:34:22 - 3:14:06 - Score:490940380.0, Count:1
                                     
INFO - 12/06/25 05:34:22 - 3:14:06 - Score:490819040.0, Count:1
                                     
INFO - 12/06/25 05:34:22 - 3:14:06 - Score:490392540.0, Count:1
                                     
INFO - 12/06/25 05:34:22 - 3:14:06 - Score:489909380.0, Count:1
                                     
INFO - 12/06/25 05:34:22 - 3:14:06 - Score:489303600.0, Count:1
                                     
INFO - 12/06/25 05:34:22 - 3:14:06 - Score:489299460.0, Count:1
                                     
INFO - 12/06/25 05:34:22 - 3:14:06 - Score:489028770.0, Count:1
                                     
INFO - 12/06/25 05:34:22 - 3:14:06 - Score:488201700.0, Count:1
                                     
INFO - 12/06/25 05:34:22 - 3:14:06 - Score:486164100.0, Count:1
                                     
INFO - 12/06/25 05:34:22 - 3:14:06 - Score:484572400.0, Count:1
                                     
INFO - 12/06/25 05:34:22 - 3:14:06 - Score:483261980.0, Count:1
                                     
INFO - 12/06/25 05:34:22 - 3:14:06 - Score:482838980.0, Count:1
                                     
INFO - 12/06/25 05:34:22 - 3:14:06 - Score:482583360.0, Count:1
                                     
INFO - 12/06/25 05:34:22 - 3:14:06 - Score:482040200.0, Count:1
                                     
INFO - 12/06/25 05:34:22 - 3:14:06 - Score:481915780.0, Count:1
                                     
INFO - 12/06/25 05:34:22 - 3:14:06 - Score:481097540.0, Count:1
                                     
INFO - 12/06/25 05:34:22 - 3:14:06 - Score:480908060.0, Count:1
                                     
INFO - 12/06/25 05:34:22 - 3:14:06 - Score:480574700.0, Count:1
                                     
INFO - 12/06/25 05:34:22 - 3:14:06 - Score:479966800.0, Count:1
                                     
INFO - 12/06/25 05:34:22 - 3:14:06 - Score:479755140.0, Count:1
                                     
INFO - 12/06/25 05:34:22 - 3:14:06 - Score:479622900.0, Count:1
                                     
INFO - 12/06/25 05:34:22 - 3:14:06 - Score:479491500.0, Count:1
                                     
INFO - 12/06/25 05:34:22 - 3:14:06 - Score:479056740.0, Count:1
                                     
INFO - 12/06/25 05:34:22 - 3:14:06 - Score:479026370.0, Count:1
                                     
INFO - 12/06/25 05:34:22 - 3:14:06 - Score:478888300.0, Count:1
                                     
INFO - 12/06/25 05:34:22 - 3:14:06 - Score:478780380.0, Count:1
                                     
INFO - 12/06/25 05:34:22 - 3:14:06 - Score:478531420.0, Count:1
                                     
INFO - 12/06/25 05:34:22 - 3:14:06 - Score:478495970.0, Count:1
                                     
INFO - 12/06/25 05:34:22 - 3:14:06 - Score:478426180.0, Count:1
                                     
INFO - 12/06/25 05:34:22 - 3:14:06 - Score:477965500.0, Count:1
                                     
INFO - 12/06/25 05:34:22 - 3:14:06 - Score:477930720.0, Count:1
                                     
INFO - 12/06/25 05:34:22 - 3:14:06 - Score:477020000.0, Count:1
                                     
INFO - 12/06/25 05:34:22 - 3:14:06 - Score:476947000.0, Count:1
                                     
INFO - 12/06/25 05:34:22 - 3:14:06 - Score:475894530.0, Count:1
                                     
INFO - 12/06/25 05:34:22 - 3:14:06 - Score:475846370.0, Count:1
                                     
INFO - 12/06/25 05:34:22 - 3:14:06 - Score:475805470.0, Count:1
                                     
INFO - 12/06/25 05:34:22 - 3:14:06 - Score:475678500.0, Count:1
                                     
INFO - 12/06/25 05:34:22 - 3:14:06 - Score:475436640.0, Count:1
                                     
INFO - 12/06/25 05:34:22 - 3:14:06 - Score:475335600.0, Count:1
                                     
INFO - 12/06/25 05:34:22 - 3:14:06 - Score:475116160.0, Count:1
                                     
INFO - 12/06/25 05:34:22 - 3:14:06 - Score:474718460.0, Count:1
                                     
INFO - 12/06/25 05:34:22 - 3:14:06 - Score:474484800.0, Count:1
                                     
INFO - 12/06/25 05:34:22 - 3:14:06 - Score:474476400.0, Count:1
                                     
INFO - 12/06/25 05:34:22 - 3:14:06 - Score:474377630.0, Count:1
                                     
INFO - 12/06/25 05:34:22 - 3:14:06 - Score:474139230.0, Count:1
                                     
INFO - 12/06/25 05:34:22 - 3:14:06 - Score:473952830.0, Count:1
                                     
INFO - 12/06/25 05:34:22 - 3:14:06 - Score:473945440.0, Count:1
                                     
INFO - 12/06/25 05:34:22 - 3:14:06 - Score:473874050.0, Count:1
                                     
INFO - 12/06/25 05:34:22 - 3:14:06 - Score:473223600.0, Count:1
                                     
INFO - 12/06/25 05:34:22 - 3:14:06 - Score:472910600.0, Count:1
                                     
INFO - 12/06/25 05:34:22 - 3:14:06 - Score:472765220.0, Count:1
                                     
INFO - 12/06/25 05:34:22 - 3:14:06 - Score:472463600.0, Count:1
                                     
INFO - 12/06/25 05:34:22 - 3:14:06 - Score:472384800.0, Count:1
                                     
INFO - 12/06/25 05:34:22 - 3:14:06 - Score:472354620.0, Count:1
                                     
INFO - 12/06/25 05:34:22 - 3:14:06 - Score:472342980.0, Count:1
                                     
INFO - 12/06/25 05:34:22 - 3:14:06 - Score:472238660.0, Count:1
                                     
INFO - 12/06/25 05:34:22 - 3:14:06 - Score:471691260.0, Count:1
                                     
INFO - 12/06/25 05:34:22 - 3:14:06 - Score:471630500.0, Count:1
                                     
INFO - 12/06/25 05:34:22 - 3:14:06 - Score:471584030.0, Count:1
                                     
INFO - 12/06/25 05:34:22 - 3:14:06 - Score:471457180.0, Count:1
                                     
INFO - 12/06/25 05:34:22 - 3:14:06 - Score:471273400.0, Count:1
                                     
INFO - 12/06/25 05:34:22 - 3:14:06 - Score:471205300.0, Count:1
                                     
INFO - 12/06/25 05:34:22 - 3:14:06 - Score:471170100.0, Count:1
                                     
INFO - 12/06/25 05:34:22 - 3:14:06 - Score:471085300.0, Count:1
                                     
INFO - 12/06/25 05:34:22 - 3:14:06 - Score:470892300.0, Count:1
                                     
INFO - 12/06/25 05:34:22 - 3:14:06 - Score:470771650.0, Count:1
                                     
INFO - 12/06/25 05:34:22 - 3:14:06 - Score:470495170.0, Count:1
                                     
INFO - 12/06/25 05:34:22 - 3:14:06 - Score:470194940.0, Count:1
                                     
INFO - 12/06/25 05:34:22 - 3:14:06 - Score:470140300.0, Count:1
                                     
INFO - 12/06/25 05:34:22 - 3:14:06 - Score:470093800.0, Count:1
                                     
INFO - 12/06/25 05:34:22 - 3:14:06 - Score:469664860.0, Count:1
                                     
INFO - 12/06/25 05:34:22 - 3:14:06 - Score:469597900.0, Count:1
                                     
INFO - 12/06/25 05:34:22 - 3:14:06 - Score:469531070.0, Count:1
                                     
INFO - 12/06/25 05:34:22 - 3:14:06 - Score:469385470.0, Count:1
                                     
INFO - 12/06/25 05:34:22 - 3:14:06 - Score:468894880.0, Count:1
                                     
INFO - 12/06/25 05:34:22 - 3:14:06 - Score:468592450.0, Count:1
                                     
INFO - 12/06/25 05:34:22 - 3:14:06 - Score:468502370.0, Count:1
                                     
INFO - 12/06/25 05:34:22 - 3:14:06 - Score:467763740.0, Count:1
                                     
INFO - 12/06/25 05:34:22 - 3:14:06 - Score:467709700.0, Count:1
                                     
INFO - 12/06/25 05:34:22 - 3:14:06 - Score:467435170.0, Count:0
                                     
INFO - 12/06/25 05:34:22 - 3:14:06 - tokenizing
INFO - 12/06/25 05:34:22 - 3:14:06 - Loading tokenizer from /home/yuebi/Project/dim22_run/dim22_run_1/1111/tokenizer_data/tokenizer.json...
INFO - 12/06/25 05:34:22 - 3:14:06 - 0 / 100
INFO - 12/06/25 05:34:22 - 3:14:06 - number of examples in the dataset: 100
INFO - 12/06/25 05:34:22 - 3:14:06 - max word length: 194
INFO - 12/06/25 05:34:22 - 3:14:06 - number of unique characters in the vocabulary: 15
INFO - 12/06/25 05:34:22 - 3:14:06 - vocabulary:
INFO - 12/06/25 05:34:22 - 3:14:06 - ['V0', 'V1', 'V2', 'V3', 'V4', 'V5', 'V6', 'V7', 'V8', 'V9', 'V10', 'V11', 'V12', 'V13', 'V14']
INFO - 12/06/25 05:34:22 - 3:14:06 - split up the dataset into 90 training examples and 10 test examples
INFO - 12/06/25 05:34:22 - 3:14:06 - ============ Start of generation 2 ============
INFO - 12/06/25 05:34:22 - 3:14:06 - Memory allocated:  45.82MB, reserved: 10106.00MB
INFO - 12/06/25 05:34:22 - 3:14:06 - training
INFO - 12/06/25 05:34:22 - 3:14:07 - step 0 | loss 2.5169 | step time 298.41ms
INFO - 12/06/25 05:34:51 - 3:14:36 - step 100 | loss 0.0879 | step time 287.58ms
INFO - 12/06/25 05:35:20 - 3:15:04 - step 200 | loss 0.0979 | step time 287.53ms
INFO - 12/06/25 05:35:49 - 3:15:33 - step 300 | loss 0.0270 | step time 287.34ms
INFO - 12/06/25 05:36:17 - 3:16:02 - step 400 | loss 0.0274 | step time 287.08ms
INFO - 12/06/25 05:36:46 - 3:16:31 - step 500 | loss 0.0314 | step time 287.50ms
INFO - 12/06/25 05:36:46 - 3:16:31 - step 500 train loss: 0.02934437058866024 test loss: 2.0607547760009766
INFO - 12/06/25 05:36:46 - 3:16:31 - test loss 2.0607547760009766 is the best so far, saving model to /home/yuebi/Project/dim22_run/dim22_run_1/1111/model.pt
INFO - 12/06/25 05:37:15 - 3:17:00 - step 600 | loss 0.0250 | step time 287.31ms
INFO - 12/06/25 05:37:44 - 3:17:28 - step 700 | loss 0.0257 | step time 287.60ms
INFO - 12/06/25 05:38:13 - 3:17:57 - step 800 | loss 0.0244 | step time 287.89ms
INFO - 12/06/25 05:38:41 - 3:18:26 - step 900 | loss 0.0248 | step time 287.04ms
INFO - 12/06/25 05:39:10 - 3:18:55 - step 1000 | loss 0.0263 | step time 287.68ms
INFO - 12/06/25 05:39:10 - 3:18:55 - step 1000 train loss: 0.025242898613214493 test loss: 2.2729079723358154
INFO - 12/06/25 05:39:39 - 3:19:24 - step 1100 | loss 0.0248 | step time 287.31ms
INFO - 12/06/25 05:40:08 - 3:19:52 - step 1200 | loss 0.0249 | step time 287.41ms
INFO - 12/06/25 05:40:24 - 0:00:00 - ============ Initialized logger ============
INFO - 12/06/25 05:40:24 - 0:00:00 - batch_size: 32
                                     command: python fc_loop.py --exp_name=dim22_run_1 --dump_path=/home/yuebi/Project/dim22_run --num_initial_empty_objects=800 --final_database_size=100 --target_db_size=100 --nb_local_searches=800 --max_epochs=20 --type=transformer --max-output-length=350 --sample-only=25000 --max-steps=1500 --n_tokens=15 --n-layer=8 --n-embd=128 --n-embd2=128 --exp_id=1111 --exp_id "1111"
                                     cpu: False
                                     debug: False
                                     debug_slurm: False
                                     dump_path: /home/yuebi/Project/dim22_run/dim22_run_1/1111
                                     exp_id: 1111
                                     exp_name: dim22_run_1
                                     final_database_size: 100
                                     gen_batch_size: 1000
                                     global_rank: 0
                                     is_master: True
                                     is_slurm_job: True
                                     learning_rate: 0.0005
                                     local_rank: 0
                                     master_addr: gpu-6
                                     master_port: -1
                                     max_epochs: 20
                                     max_output_length: 350
                                     max_steps: 1500
                                     multi_gpu: False
                                     multi_node: False
                                     n_embd: 128
                                     n_embd2: 128
                                     n_gpu_per_node: 1
                                     n_head: 8
                                     n_layer: 8
                                     n_nodes: 1
                                     n_tokens: 15
                                     nb_local_searches: 800
                                     nb_threads: 1
                                     node_id: 0
                                     num_initial_empty_objects: 800
                                     num_workers: 8
                                     sample_only: 25000
                                     seed: -1
                                     target_db_size: 100
                                     temperature: 1.0
                                     top_k: -1
                                     type: transformer
                                     weight_decay: 0.01
                                     world_size: 1
INFO - 12/06/25 05:40:24 - 0:00:00 - The experiment will be stored in /home/yuebi/Project/dim22_run/dim22_run_1/1111
                                     
INFO - 12/06/25 05:40:24 - 0:00:00 - Running command: python fc_loop.py --exp_name=dim22_run_1 --dump_path=/home/yuebi/Project/dim22_run --num_initial_empty_objects=800 --final_database_size=100 --target_db_size=100 --nb_local_searches=800 --max_epochs=20 --type=transformer --max-output-length=350 --sample-only=25000 --max-steps=1500 --n_tokens=15 --n-layer=8 --n-embd=128 --n-embd2=128 --exp_id=1111

WARNING - 12/06/25 05:40:24 - 0:00:00 - Signal handler installed.
INFO - 12/06/25 05:40:24 - 0:00:00 - seed: 486258736
INFO - 12/06/25 05:40:24 - 0:00:00 - initializing at generation: 2
INFO - 12/06/25 05:40:24 - 0:00:00 - number of examples in the dataset: 100
INFO - 12/06/25 05:40:24 - 0:00:00 - max word length: 194
INFO - 12/06/25 05:40:24 - 0:00:00 - number of unique characters in the vocabulary: 15
INFO - 12/06/25 05:40:24 - 0:00:00 - vocabulary:
INFO - 12/06/25 05:40:24 - 0:00:00 - ['V0', 'V1', 'V2', 'V3', 'V4', 'V5', 'V6', 'V7', 'V8', 'V9', 'V10', 'V11', 'V12', 'V13', 'V14']
INFO - 12/06/25 05:40:24 - 0:00:00 - split up the dataset into 90 training examples and 10 test examples
INFO - 12/06/25 05:40:24 - 0:00:00 - dataset determined that: vocab_size=16, block_size=351
INFO - 12/06/25 05:40:24 - 0:00:00 - model #params: 1635456
INFO - 12/06/25 05:40:24 - 0:00:00 - resuming from existing model
INFO - 12/06/25 05:40:24 - 0:00:00 - ============ Start of generation 2 ============
INFO - 12/06/25 05:40:24 - 0:00:00 - Memory allocated:  10.00MB, reserved: 22.00MB
INFO - 12/06/25 05:40:24 - 0:00:00 - training
INFO - 12/06/25 05:40:29 - 0:00:05 - step 0 | loss 0.2651 | step time 656.82ms
INFO - 12/06/25 05:40:58 - 0:00:34 - step 100 | loss 0.0295 | step time 287.19ms
INFO - 12/06/25 05:41:26 - 0:01:03 - step 200 | loss 0.0260 | step time 287.40ms
INFO - 12/06/25 05:41:55 - 0:01:31 - step 300 | loss 0.0262 | step time 287.34ms
INFO - 12/06/25 05:42:24 - 0:02:00 - step 400 | loss 0.0462 | step time 287.28ms
INFO - 12/06/25 05:42:53 - 0:02:29 - step 500 | loss 0.0256 | step time 287.40ms
INFO - 12/06/25 05:42:53 - 0:02:29 - step 500 train loss: 0.025675641372799873 test loss: 0.6609153151512146
INFO - 12/06/25 05:42:53 - 0:02:29 - test loss 0.6609153151512146 is the best so far, saving model to /home/yuebi/Project/dim22_run/dim22_run_1/1111/model.pt
INFO - 12/06/25 05:43:22 - 0:02:58 - step 600 | loss 0.0281 | step time 287.37ms
INFO - 12/06/25 05:43:50 - 0:03:27 - step 700 | loss 0.0257 | step time 287.53ms
INFO - 12/06/25 05:44:19 - 0:03:55 - step 800 | loss 0.0265 | step time 287.51ms
INFO - 12/06/25 05:44:48 - 0:04:24 - step 900 | loss 0.0322 | step time 287.24ms
INFO - 12/06/25 05:45:17 - 0:04:53 - step 1000 | loss 0.0257 | step time 287.33ms
INFO - 12/06/25 05:45:17 - 0:04:53 - step 1000 train loss: 0.024897746741771698 test loss: 0.8986310362815857
INFO - 12/06/25 05:45:46 - 0:05:22 - step 1100 | loss 0.0245 | step time 287.34ms
INFO - 12/06/25 05:46:14 - 0:05:51 - step 1200 | loss 0.0261 | step time 287.28ms
INFO - 12/06/25 05:46:43 - 0:06:19 - step 1300 | loss 0.0246 | step time 287.28ms
INFO - 12/06/25 05:47:12 - 0:06:48 - step 1400 | loss 0.0254 | step time 287.42ms
INFO - 12/06/25 05:47:40 - 0:07:16 - Memory allocated:  45.82MB, reserved: 3306.00MB
INFO - 12/06/25 05:47:40 - 0:07:16 - generating
INFO - 12/06/25 08:43:04 - 3:02:40 - distribution of sample lengths: average: 590.53244 max: 798
INFO - 12/06/25 08:43:04 - 3:02:40 - printed 25000 samples
INFO - 12/06/25 08:43:04 - 3:02:40 - decoding
INFO - 12/06/25 08:43:05 - 3:02:41 - Decoding complete. Check the output in /home/yuebi/Project/dim22_run/dim22_run_1/1111/transformer-output-decoded.txt
INFO - 12/06/25 08:43:05 - 3:02:41 - Memory allocated:  45.82MB, reserved: 10106.00MB
INFO - 12/06/25 08:43:05 - 3:02:41 - ============ End of generation 2 ============
INFO - 12/06/25 08:43:05 - 3:02:41 - launching search.jl
INFO - 12/06/25 08:43:05 - 3:02:41 - JULIA_NUM_THREADS is set to 1
INFO - 12/06/25 08:49:57 - 3:09:33 - distribution of scores(all rounds)
INFO - 12/06/25 08:49:57 - 3:09:33 - Score:662671900.0, Count:2
                                     
INFO - 12/06/25 08:49:57 - 3:09:33 - Score:528957570.0, Count:1
                                     
INFO - 12/06/25 08:49:57 - 3:09:33 - Score:527015400.0, Count:1
                                     
INFO - 12/06/25 08:49:57 - 3:09:33 - Score:523631970.0, Count:1
                                     
INFO - 12/06/25 08:49:57 - 3:09:33 - Score:521001630.0, Count:2
                                     
INFO - 12/06/25 08:49:57 - 3:09:33 - Score:520724770.0, Count:1
                                     
INFO - 12/06/25 08:49:57 - 3:09:33 - Score:519164800.0, Count:2
                                     
INFO - 12/06/25 08:49:57 - 3:09:33 - Score:518967970.0, Count:1
                                     
INFO - 12/06/25 08:49:57 - 3:09:33 - Score:517728770.0, Count:1
                                     
INFO - 12/06/25 08:49:57 - 3:09:33 - Score:509630980.0, Count:1
                                     
INFO - 12/06/25 08:49:57 - 3:09:33 - Score:507470750.0, Count:1
                                     
INFO - 12/06/25 08:49:57 - 3:09:33 - Score:506799580.0, Count:1
                                     
INFO - 12/06/25 08:49:57 - 3:09:33 - Score:503730750.0, Count:1
                                     
INFO - 12/06/25 08:49:57 - 3:09:33 - Score:503265660.0, Count:2
                                     
INFO - 12/06/25 08:49:57 - 3:09:33 - Score:502753730.0, Count:2
                                     
INFO - 12/06/25 08:49:57 - 3:09:33 - Score:502442900.0, Count:1
                                     
INFO - 12/06/25 08:49:57 - 3:09:33 - Score:502248200.0, Count:1
                                     
INFO - 12/06/25 08:49:57 - 3:09:33 - Score:501402800.0, Count:1
                                     
INFO - 12/06/25 08:49:57 - 3:09:33 - Score:501323780.0, Count:1
                                     
INFO - 12/06/25 08:49:57 - 3:09:33 - Score:501145760.0, Count:2
                                     
INFO - 12/06/25 08:49:57 - 3:09:33 - Score:500509380.0, Count:2
                                     
INFO - 12/06/25 08:49:57 - 3:09:33 - Score:500449570.0, Count:2
                                     
INFO - 12/06/25 08:49:57 - 3:09:33 - Score:499530600.0, Count:2
                                     
INFO - 12/06/25 08:49:57 - 3:09:33 - Score:499233900.0, Count:1
                                     
INFO - 12/06/25 08:49:57 - 3:09:33 - Score:498949150.0, Count:2
                                     
INFO - 12/06/25 08:49:57 - 3:09:33 - Score:498910000.0, Count:2
                                     
INFO - 12/06/25 08:49:57 - 3:09:33 - Score:498905700.0, Count:2
                                     
INFO - 12/06/25 08:49:57 - 3:09:33 - Score:498752770.0, Count:2
                                     
INFO - 12/06/25 08:49:57 - 3:09:33 - Score:498246850.0, Count:2
                                     
INFO - 12/06/25 08:49:57 - 3:09:33 - Score:498174400.0, Count:1
                                     
INFO - 12/06/25 08:49:57 - 3:09:33 - Score:496876540.0, Count:1
                                     
INFO - 12/06/25 08:49:57 - 3:09:33 - Score:496210370.0, Count:1
                                     
INFO - 12/06/25 08:49:57 - 3:09:33 - Score:495947330.0, Count:1
                                     
INFO - 12/06/25 08:49:57 - 3:09:33 - Score:495873060.0, Count:1
                                     
INFO - 12/06/25 08:49:57 - 3:09:33 - Score:495625440.0, Count:1
                                     
INFO - 12/06/25 08:49:57 - 3:09:33 - Score:495168800.0, Count:1
                                     
INFO - 12/06/25 08:49:57 - 3:09:33 - Score:494338980.0, Count:2
                                     
INFO - 12/06/25 08:49:57 - 3:09:33 - Score:493863550.0, Count:1
                                     
INFO - 12/06/25 08:49:57 - 3:09:33 - Score:493691300.0, Count:2
                                     
INFO - 12/06/25 08:49:57 - 3:09:33 - Score:492716600.0, Count:1
                                     
INFO - 12/06/25 08:49:57 - 3:09:33 - Score:492212220.0, Count:2
                                     
INFO - 12/06/25 08:49:57 - 3:09:33 - Score:491944860.0, Count:2
                                     
INFO - 12/06/25 08:49:57 - 3:09:33 - Score:491799330.0, Count:2
                                     
INFO - 12/06/25 08:49:57 - 3:09:33 - Score:491467870.0, Count:2
                                     
INFO - 12/06/25 08:49:57 - 3:09:33 - Score:491323800.0, Count:2
                                     
INFO - 12/06/25 08:49:57 - 3:09:33 - Score:490940380.0, Count:2
                                     
INFO - 12/06/25 08:49:57 - 3:09:33 - Score:490819040.0, Count:2
                                     
INFO - 12/06/25 08:49:57 - 3:09:33 - Score:490810940.0, Count:1
                                     
INFO - 12/06/25 08:49:57 - 3:09:33 - Score:490433340.0, Count:1
                                     
INFO - 12/06/25 08:49:57 - 3:09:33 - Score:490392540.0, Count:2
                                     
INFO - 12/06/25 08:49:57 - 3:09:33 - Score:489909380.0, Count:2
                                     
INFO - 12/06/25 08:49:57 - 3:09:33 - Score:489303600.0, Count:2
                                     
INFO - 12/06/25 08:49:57 - 3:09:33 - Score:489299460.0, Count:2
                                     
INFO - 12/06/25 08:49:57 - 3:09:33 - Score:489110240.0, Count:1
                                     
INFO - 12/06/25 08:49:57 - 3:09:33 - Score:489028770.0, Count:2
                                     
INFO - 12/06/25 08:49:57 - 3:09:33 - Score:488416860.0, Count:1
                                     
INFO - 12/06/25 08:49:57 - 3:09:33 - Score:488201700.0, Count:2
                                     
INFO - 12/06/25 08:49:57 - 3:09:33 - Score:487874880.0, Count:1
                                     
INFO - 12/06/25 08:49:57 - 3:09:33 - Score:487219170.0, Count:1
                                     
INFO - 12/06/25 08:49:57 - 3:09:33 - Score:487206370.0, Count:1
                                     
INFO - 12/06/25 08:49:57 - 3:09:33 - Score:487102530.0, Count:1
                                     
INFO - 12/06/25 08:49:57 - 3:09:33 - Score:486164100.0, Count:2
                                     
INFO - 12/06/25 08:49:57 - 3:09:33 - Score:485505950.0, Count:1
                                     
INFO - 12/06/25 08:49:57 - 3:09:33 - Score:484572400.0, Count:2
                                     
INFO - 12/06/25 08:49:57 - 3:09:33 - Score:483261980.0, Count:2
                                     
INFO - 12/06/25 08:49:57 - 3:09:33 - Score:483250750.0, Count:1
                                     
INFO - 12/06/25 08:49:57 - 3:09:33 - Score:483228400.0, Count:1
                                     
INFO - 12/06/25 08:49:57 - 3:09:33 - Score:483143520.0, Count:1
                                     
INFO - 12/06/25 08:49:57 - 3:09:33 - Score:482838980.0, Count:0
                                     
INFO - 12/06/25 08:49:57 - 3:09:33 - tokenizing
INFO - 12/06/25 08:49:57 - 3:09:33 - Loading tokenizer from /home/yuebi/Project/dim22_run/dim22_run_1/1111/tokenizer_data/tokenizer.json...
INFO - 12/06/25 08:49:57 - 3:09:33 - 0 / 100
INFO - 12/06/25 08:49:57 - 3:09:33 - number of examples in the dataset: 100
INFO - 12/06/25 08:49:57 - 3:09:33 - max word length: 194
INFO - 12/06/25 08:49:57 - 3:09:33 - number of unique characters in the vocabulary: 15
INFO - 12/06/25 08:49:57 - 3:09:33 - vocabulary:
INFO - 12/06/25 08:49:57 - 3:09:33 - ['V0', 'V1', 'V2', 'V3', 'V4', 'V5', 'V6', 'V7', 'V8', 'V9', 'V10', 'V11', 'V12', 'V13', 'V14']
INFO - 12/06/25 08:49:57 - 3:09:33 - split up the dataset into 90 training examples and 10 test examples
INFO - 12/06/25 08:49:57 - 3:09:33 - ============ Start of generation 3 ============
INFO - 12/06/25 08:49:57 - 3:09:33 - Memory allocated:  45.82MB, reserved: 10106.00MB
INFO - 12/06/25 08:49:57 - 3:09:33 - training
INFO - 12/06/25 08:49:58 - 3:09:34 - step 0 | loss 1.5545 | step time 294.65ms
INFO - 12/06/25 08:50:27 - 3:10:03 - step 100 | loss 0.0357 | step time 287.20ms
INFO - 12/06/25 08:50:55 - 3:10:31 - step 200 | loss 0.0275 | step time 287.73ms
INFO - 12/06/25 08:51:24 - 3:11:00 - step 300 | loss 0.0255 | step time 287.37ms
INFO - 12/06/25 08:51:53 - 3:11:29 - step 400 | loss 0.0262 | step time 287.26ms
INFO - 12/06/25 08:52:22 - 3:11:58 - step 500 | loss 0.0278 | step time 287.60ms
INFO - 12/06/25 08:52:22 - 3:11:58 - step 500 train loss: 0.026120519265532494 test loss: 0.5060082674026489
INFO - 12/06/25 08:52:22 - 3:11:58 - test loss 0.5060082674026489 is the best so far, saving model to /home/yuebi/Project/dim22_run/dim22_run_1/1111/model.pt
INFO - 12/06/25 08:52:51 - 3:12:27 - step 600 | loss 0.0295 | step time 287.67ms
INFO - 12/06/25 08:53:19 - 3:12:55 - step 700 | loss 0.0443 | step time 287.73ms
INFO - 12/06/25 08:53:48 - 3:13:24 - step 800 | loss 0.0256 | step time 287.32ms
INFO - 12/06/25 08:54:17 - 3:13:53 - step 900 | loss 0.0270 | step time 288.00ms
INFO - 12/06/25 08:54:46 - 3:14:22 - step 1000 | loss 0.0254 | step time 287.38ms
INFO - 12/06/25 08:54:46 - 3:14:22 - step 1000 train loss: 0.025553563609719276 test loss: 0.6815005540847778
INFO - 12/06/25 08:55:15 - 3:14:51 - step 1100 | loss 0.0269 | step time 287.47ms
INFO - 12/06/25 08:55:44 - 3:15:20 - step 1200 | loss 0.0245 | step time 287.58ms
INFO - 12/06/25 08:56:12 - 3:15:48 - step 1300 | loss 0.0249 | step time 287.53ms
INFO - 12/06/25 08:56:41 - 3:16:17 - step 1400 | loss 0.0254 | step time 287.53ms
INFO - 12/06/25 08:57:10 - 3:16:46 - Memory allocated:  45.82MB, reserved: 10106.00MB
INFO - 12/06/25 08:57:10 - 3:16:46 - generating
INFO - 12/06/25 09:00:28 - 0:00:00 - ============ Initialized logger ============
INFO - 12/06/25 09:00:28 - 0:00:00 - batch_size: 32
                                     command: python fc_loop.py --exp_name=dim22_run_1 --dump_path=/home/yuebi/Project/dim22_run --num_initial_empty_objects=800 --final_database_size=100 --target_db_size=100 --nb_local_searches=800 --max_epochs=20 --type=transformer --max-output-length=350 --sample-only=25000 --max-steps=1500 --n_tokens=15 --n-layer=8 --n-embd=128 --n-embd2=128 --exp_id=1111 --exp_id "1111"
                                     cpu: False
                                     debug: False
                                     debug_slurm: False
                                     dump_path: /home/yuebi/Project/dim22_run/dim22_run_1/1111
                                     exp_id: 1111
                                     exp_name: dim22_run_1
                                     final_database_size: 100
                                     gen_batch_size: 1000
                                     global_rank: 0
                                     is_master: True
                                     is_slurm_job: True
                                     learning_rate: 0.0005
                                     local_rank: 0
                                     master_addr: gpu-6
                                     master_port: -1
                                     max_epochs: 20
                                     max_output_length: 350
                                     max_steps: 1500
                                     multi_gpu: False
                                     multi_node: False
                                     n_embd: 128
                                     n_embd2: 128
                                     n_gpu_per_node: 1
                                     n_head: 8
                                     n_layer: 8
                                     n_nodes: 1
                                     n_tokens: 15
                                     nb_local_searches: 800
                                     nb_threads: 1
                                     node_id: 0
                                     num_initial_empty_objects: 800
                                     num_workers: 8
                                     sample_only: 25000
                                     seed: -1
                                     target_db_size: 100
                                     temperature: 1.0
                                     top_k: -1
                                     type: transformer
                                     weight_decay: 0.01
                                     world_size: 1
INFO - 12/06/25 09:00:28 - 0:00:00 - The experiment will be stored in /home/yuebi/Project/dim22_run/dim22_run_1/1111
                                     
INFO - 12/06/25 09:00:28 - 0:00:00 - Running command: python fc_loop.py --exp_name=dim22_run_1 --dump_path=/home/yuebi/Project/dim22_run --num_initial_empty_objects=800 --final_database_size=100 --target_db_size=100 --nb_local_searches=800 --max_epochs=20 --type=transformer --max-output-length=350 --sample-only=25000 --max-steps=1500 --n_tokens=15 --n-layer=8 --n-embd=128 --n-embd2=128 --exp_id=1111

WARNING - 12/06/25 09:00:28 - 0:00:00 - Signal handler installed.
INFO - 12/06/25 09:00:28 - 0:00:00 - seed: 861680352
INFO - 12/06/25 09:00:28 - 0:00:00 - initializing at generation: 3
INFO - 12/06/25 09:00:28 - 0:00:00 - number of examples in the dataset: 100
INFO - 12/06/25 09:00:28 - 0:00:00 - max word length: 194
INFO - 12/06/25 09:00:28 - 0:00:00 - number of unique characters in the vocabulary: 15
INFO - 12/06/25 09:00:28 - 0:00:00 - vocabulary:
INFO - 12/06/25 09:00:28 - 0:00:00 - ['V0', 'V1', 'V2', 'V3', 'V4', 'V5', 'V6', 'V7', 'V8', 'V9', 'V10', 'V11', 'V12', 'V13', 'V14']
INFO - 12/06/25 09:00:28 - 0:00:00 - split up the dataset into 90 training examples and 10 test examples
INFO - 12/06/25 09:00:28 - 0:00:00 - dataset determined that: vocab_size=16, block_size=351
INFO - 12/06/25 09:00:28 - 0:00:00 - model #params: 1635456
INFO - 12/06/25 09:00:28 - 0:00:00 - resuming from existing model
INFO - 12/06/25 09:00:28 - 0:00:00 - ============ Start of generation 3 ============
INFO - 12/06/25 09:00:28 - 0:00:00 - Memory allocated:  10.00MB, reserved: 22.00MB
INFO - 12/06/25 09:00:28 - 0:00:00 - training
INFO - 12/06/25 09:00:33 - 0:00:05 - step 0 | loss 0.0934 | step time 613.47ms
INFO - 12/06/25 09:01:02 - 0:00:34 - step 100 | loss 0.0272 | step time 287.12ms
INFO - 12/06/25 09:01:31 - 0:01:03 - step 200 | loss 0.0263 | step time 287.45ms
INFO - 12/06/25 09:01:59 - 0:01:31 - step 300 | loss 0.0263 | step time 287.42ms
INFO - 12/06/25 09:02:28 - 0:02:00 - step 400 | loss 0.0253 | step time 287.50ms
INFO - 12/06/25 09:02:57 - 0:02:29 - step 500 | loss 0.0260 | step time 287.46ms
INFO - 12/06/25 09:02:57 - 0:02:29 - step 500 train loss: 0.02560863085091114 test loss: 0.39057013392448425
INFO - 12/06/25 09:02:57 - 0:02:29 - test loss 0.39057013392448425 is the best so far, saving model to /home/yuebi/Project/dim22_run/dim22_run_1/1111/model.pt
INFO - 12/06/25 09:03:26 - 0:02:58 - step 600 | loss 0.0263 | step time 287.53ms
INFO - 12/06/25 09:03:55 - 0:03:27 - step 700 | loss 0.0259 | step time 287.40ms
INFO - 12/06/25 09:04:23 - 0:03:55 - step 800 | loss 0.0335 | step time 287.38ms
INFO - 12/06/25 09:04:52 - 0:04:24 - step 900 | loss 0.0245 | step time 286.97ms
INFO - 12/06/25 09:05:21 - 0:04:53 - step 1000 | loss 0.0270 | step time 287.08ms
INFO - 12/06/25 09:05:21 - 0:04:53 - step 1000 train loss: 0.025532551109790802 test loss: 0.67340487241745
INFO - 12/06/25 09:05:50 - 0:05:22 - step 1100 | loss 0.0256 | step time 287.16ms
INFO - 12/06/25 09:06:19 - 0:05:51 - step 1200 | loss 0.0250 | step time 287.16ms
INFO - 12/06/25 09:06:47 - 0:06:19 - step 1300 | loss 0.0702 | step time 287.31ms
INFO - 12/06/25 09:07:16 - 0:06:48 - step 1400 | loss 0.0264 | step time 287.30ms
INFO - 12/06/25 09:07:44 - 0:07:16 - Memory allocated:  45.82MB, reserved: 3306.00MB
INFO - 12/06/25 09:07:44 - 0:07:16 - generating
INFO - 12/06/25 12:03:05 - 3:02:37 - distribution of sample lengths: average: 593.57112 max: 685
INFO - 12/06/25 12:03:05 - 3:02:37 - printed 25000 samples
INFO - 12/06/25 12:03:05 - 3:02:37 - decoding
INFO - 12/06/25 12:03:06 - 3:02:38 - Decoding complete. Check the output in /home/yuebi/Project/dim22_run/dim22_run_1/1111/transformer-output-decoded.txt
INFO - 12/06/25 12:03:06 - 3:02:38 - Memory allocated:  45.82MB, reserved: 10106.00MB
INFO - 12/06/25 12:03:06 - 3:02:38 - ============ End of generation 3 ============
INFO - 12/06/25 12:03:06 - 3:02:38 - launching search.jl
INFO - 12/06/25 12:03:06 - 3:02:38 - JULIA_NUM_THREADS is set to 1
INFO - 12/06/25 12:12:40 - 3:12:12 - distribution of scores(all rounds)
INFO - 12/06/25 12:12:40 - 3:12:12 - Score:662671900.0, Count:3
                                     
INFO - 12/06/25 12:12:40 - 3:12:12 - Score:528957570.0, Count:2
                                     
INFO - 12/06/25 12:12:40 - 3:12:12 - Score:527015400.0, Count:2
                                     
INFO - 12/06/25 12:12:40 - 3:12:12 - Score:523631970.0, Count:2
                                     
INFO - 12/06/25 12:12:40 - 3:12:12 - Score:521001630.0, Count:3
                                     
INFO - 12/06/25 12:12:40 - 3:12:12 - Score:520724770.0, Count:2
                                     
INFO - 12/06/25 12:12:40 - 3:12:12 - Score:519164800.0, Count:3
                                     
INFO - 12/06/25 12:12:40 - 3:12:12 - Score:518967970.0, Count:2
                                     
INFO - 12/06/25 12:12:40 - 3:12:12 - Score:517728770.0, Count:2
                                     
INFO - 12/06/25 12:12:40 - 3:12:12 - Score:510713470.0, Count:1
                                     
INFO - 12/06/25 12:12:40 - 3:12:12 - Score:509630980.0, Count:2
                                     
INFO - 12/06/25 12:12:40 - 3:12:12 - Score:507470750.0, Count:2
                                     
INFO - 12/06/25 12:12:40 - 3:12:12 - Score:506799580.0, Count:2
                                     
INFO - 12/06/25 12:12:40 - 3:12:12 - Score:503730750.0, Count:2
                                     
INFO - 12/06/25 12:12:40 - 3:12:12 - Score:503265660.0, Count:3
                                     
INFO - 12/06/25 12:12:40 - 3:12:12 - Score:502753730.0, Count:3
                                     
INFO - 12/06/25 12:12:40 - 3:12:12 - Score:502442900.0, Count:2
                                     
INFO - 12/06/25 12:12:40 - 3:12:12 - Score:502248200.0, Count:2
                                     
INFO - 12/06/25 12:12:40 - 3:12:12 - Score:501402800.0, Count:2
                                     
INFO - 12/06/25 12:12:40 - 3:12:12 - Score:501323780.0, Count:2
                                     
INFO - 12/06/25 12:12:40 - 3:12:12 - Score:501145760.0, Count:3
                                     
INFO - 12/06/25 12:12:40 - 3:12:12 - Score:500509380.0, Count:3
                                     
INFO - 12/06/25 12:12:40 - 3:12:12 - Score:500449570.0, Count:3
                                     
INFO - 12/06/25 12:12:40 - 3:12:12 - Score:499530600.0, Count:3
                                     
INFO - 12/06/25 12:12:40 - 3:12:12 - Score:499233900.0, Count:2
                                     
INFO - 12/06/25 12:12:40 - 3:12:12 - Score:498949150.0, Count:3
                                     
INFO - 12/06/25 12:12:40 - 3:12:12 - Score:498910000.0, Count:3
                                     
INFO - 12/06/25 12:12:40 - 3:12:12 - Score:498905700.0, Count:3
                                     
INFO - 12/06/25 12:12:40 - 3:12:12 - Score:498752770.0, Count:3
                                     
INFO - 12/06/25 12:12:40 - 3:12:12 - Score:498246850.0, Count:3
                                     
INFO - 12/06/25 12:12:40 - 3:12:12 - Score:498174400.0, Count:2
                                     
INFO - 12/06/25 12:12:40 - 3:12:12 - Score:496876540.0, Count:2
                                     
INFO - 12/06/25 12:12:40 - 3:12:12 - Score:496210370.0, Count:2
                                     
INFO - 12/06/25 12:12:40 - 3:12:12 - Score:495947330.0, Count:2
                                     
INFO - 12/06/25 12:12:40 - 3:12:12 - Score:495873060.0, Count:2
                                     
INFO - 12/06/25 12:12:40 - 3:12:12 - Score:495625440.0, Count:2
                                     
INFO - 12/06/25 12:12:40 - 3:12:12 - Score:495168800.0, Count:2
                                     
INFO - 12/06/25 12:12:40 - 3:12:12 - Score:494338980.0, Count:3
                                     
INFO - 12/06/25 12:12:40 - 3:12:12 - Score:493863550.0, Count:2
                                     
INFO - 12/06/25 12:12:40 - 3:12:12 - Score:493691300.0, Count:3
                                     
INFO - 12/06/25 12:12:40 - 3:12:12 - Score:492716600.0, Count:2
                                     
INFO - 12/06/25 12:12:40 - 3:12:12 - Score:492212220.0, Count:3
                                     
INFO - 12/06/25 12:12:40 - 3:12:12 - Score:491944860.0, Count:0
                                     
INFO - 12/06/25 12:12:40 - 3:12:12 - tokenizing
INFO - 12/06/25 12:12:40 - 3:12:12 - Loading tokenizer from /home/yuebi/Project/dim22_run/dim22_run_1/1111/tokenizer_data/tokenizer.json...
INFO - 12/06/25 12:12:40 - 3:12:12 - 0 / 100
INFO - 12/06/25 12:12:40 - 3:12:12 - number of examples in the dataset: 100
INFO - 12/06/25 12:12:40 - 3:12:12 - max word length: 194
INFO - 12/06/25 12:12:40 - 3:12:12 - number of unique characters in the vocabulary: 15
INFO - 12/06/25 12:12:40 - 3:12:12 - vocabulary:
INFO - 12/06/25 12:12:40 - 3:12:12 - ['V0', 'V1', 'V2', 'V3', 'V4', 'V5', 'V6', 'V7', 'V8', 'V9', 'V10', 'V11', 'V12', 'V13', 'V14']
INFO - 12/06/25 12:12:40 - 3:12:12 - split up the dataset into 90 training examples and 10 test examples
INFO - 12/06/25 12:12:40 - 3:12:12 - ============ Start of generation 4 ============
INFO - 12/06/25 12:12:40 - 3:12:12 - Memory allocated:  45.82MB, reserved: 10106.00MB
INFO - 12/06/25 12:12:40 - 3:12:12 - training
INFO - 12/06/25 12:12:41 - 3:12:13 - step 0 | loss 0.1037 | step time 296.09ms
INFO - 12/06/25 12:13:10 - 3:12:42 - step 100 | loss 0.0257 | step time 288.70ms
INFO - 12/06/25 12:13:38 - 3:13:11 - step 200 | loss 0.0265 | step time 288.66ms
INFO - 12/06/25 12:14:07 - 3:13:39 - step 300 | loss 0.0249 | step time 288.68ms
INFO - 12/06/25 12:14:36 - 3:14:08 - step 400 | loss 0.0329 | step time 288.41ms
INFO - 12/06/25 12:15:05 - 3:14:37 - step 500 | loss 0.0250 | step time 287.82ms
INFO - 12/06/25 12:15:05 - 3:14:37 - step 500 train loss: 0.025144467130303383 test loss: 0.8976728320121765
INFO - 12/06/25 12:15:05 - 3:14:37 - test loss 0.8976728320121765 is the best so far, saving model to /home/yuebi/Project/dim22_run/dim22_run_1/1111/model.pt
INFO - 12/06/25 12:15:34 - 3:15:06 - step 600 | loss 0.0245 | step time 287.33ms
INFO - 12/06/25 12:16:03 - 3:15:35 - step 700 | loss 0.0249 | step time 287.53ms
INFO - 12/06/25 12:16:32 - 3:16:04 - step 800 | loss 0.0257 | step time 287.53ms
INFO - 12/06/25 12:17:00 - 3:16:32 - step 900 | loss 0.0252 | step time 287.36ms
INFO - 12/06/25 12:17:29 - 3:17:01 - step 1000 | loss 0.0248 | step time 287.44ms
INFO - 12/06/25 12:17:29 - 3:17:01 - step 1000 train loss: 0.024800440296530724 test loss: 1.0071980953216553
INFO - 12/06/25 12:17:58 - 3:17:30 - step 1100 | loss 0.0251 | step time 287.67ms
INFO - 12/06/25 12:18:27 - 3:17:59 - step 1200 | loss 0.0251 | step time 287.20ms
INFO - 12/06/25 12:18:56 - 3:18:28 - step 1300 | loss 0.0252 | step time 287.86ms
INFO - 12/06/25 12:19:24 - 3:18:56 - step 1400 | loss 0.0257 | step time 287.10ms
INFO - 12/06/25 12:19:53 - 3:19:25 - Memory allocated:  45.82MB, reserved: 10106.00MB
INFO - 12/06/25 12:19:53 - 3:19:25 - generating
INFO - 12/06/25 12:20:35 - 0:00:00 - ============ Initialized logger ============
INFO - 12/06/25 12:20:35 - 0:00:00 - batch_size: 32
                                     command: python fc_loop.py --exp_name=dim22_run_1 --dump_path=/home/yuebi/Project/dim22_run --num_initial_empty_objects=800 --final_database_size=100 --target_db_size=100 --nb_local_searches=800 --max_epochs=20 --type=transformer --max-output-length=350 --sample-only=25000 --max-steps=1500 --n_tokens=15 --n-layer=8 --n-embd=128 --n-embd2=128 --exp_id=1111 --exp_id "1111"
                                     cpu: False
                                     debug: False
                                     debug_slurm: False
                                     dump_path: /home/yuebi/Project/dim22_run/dim22_run_1/1111
                                     exp_id: 1111
                                     exp_name: dim22_run_1
                                     final_database_size: 100
                                     gen_batch_size: 1000
                                     global_rank: 0
                                     is_master: True
                                     is_slurm_job: True
                                     learning_rate: 0.0005
                                     local_rank: 0
                                     master_addr: gpu-6
                                     master_port: -1
                                     max_epochs: 20
                                     max_output_length: 350
                                     max_steps: 1500
                                     multi_gpu: False
                                     multi_node: False
                                     n_embd: 128
                                     n_embd2: 128
                                     n_gpu_per_node: 1
                                     n_head: 8
                                     n_layer: 8
                                     n_nodes: 1
                                     n_tokens: 15
                                     nb_local_searches: 800
                                     nb_threads: 1
                                     node_id: 0
                                     num_initial_empty_objects: 800
                                     num_workers: 8
                                     sample_only: 25000
                                     seed: -1
                                     target_db_size: 100
                                     temperature: 1.0
                                     top_k: -1
                                     type: transformer
                                     weight_decay: 0.01
                                     world_size: 1
INFO - 12/06/25 12:20:35 - 0:00:00 - The experiment will be stored in /home/yuebi/Project/dim22_run/dim22_run_1/1111
                                     
INFO - 12/06/25 12:20:35 - 0:00:00 - Running command: python fc_loop.py --exp_name=dim22_run_1 --dump_path=/home/yuebi/Project/dim22_run --num_initial_empty_objects=800 --final_database_size=100 --target_db_size=100 --nb_local_searches=800 --max_epochs=20 --type=transformer --max-output-length=350 --sample-only=25000 --max-steps=1500 --n_tokens=15 --n-layer=8 --n-embd=128 --n-embd2=128 --exp_id=1111

WARNING - 12/06/25 12:20:35 - 0:00:00 - Signal handler installed.
INFO - 12/06/25 12:20:35 - 0:00:00 - seed: 696654241
INFO - 12/06/25 12:20:35 - 0:00:00 - initializing at generation: 4
INFO - 12/06/25 12:20:35 - 0:00:00 - number of examples in the dataset: 100
INFO - 12/06/25 12:20:35 - 0:00:00 - max word length: 194
INFO - 12/06/25 12:20:35 - 0:00:00 - number of unique characters in the vocabulary: 15
INFO - 12/06/25 12:20:35 - 0:00:00 - vocabulary:
INFO - 12/06/25 12:20:35 - 0:00:00 - ['V0', 'V1', 'V2', 'V3', 'V4', 'V5', 'V6', 'V7', 'V8', 'V9', 'V10', 'V11', 'V12', 'V13', 'V14']
INFO - 12/06/25 12:20:35 - 0:00:00 - split up the dataset into 90 training examples and 10 test examples
INFO - 12/06/25 12:20:35 - 0:00:00 - dataset determined that: vocab_size=16, block_size=351
INFO - 12/06/25 12:20:35 - 0:00:00 - model #params: 1635456
INFO - 12/06/25 12:20:35 - 0:00:00 - resuming from existing model
INFO - 12/06/25 12:20:35 - 0:00:00 - ============ Start of generation 4 ============
INFO - 12/06/25 12:20:35 - 0:00:00 - Memory allocated:  10.00MB, reserved: 22.00MB
INFO - 12/06/25 12:20:35 - 0:00:00 - training
INFO - 12/06/25 12:20:40 - 0:00:05 - step 0 | loss 0.0292 | step time 608.63ms
INFO - 12/06/25 12:21:09 - 0:00:34 - step 100 | loss 0.0252 | step time 286.99ms
INFO - 12/06/25 12:21:38 - 0:01:03 - step 200 | loss 0.0254 | step time 287.10ms
INFO - 12/06/25 12:22:06 - 0:01:31 - step 300 | loss 0.0268 | step time 287.46ms
INFO - 12/06/25 12:22:35 - 0:02:00 - step 400 | loss 0.0266 | step time 287.17ms
INFO - 12/06/25 12:23:04 - 0:02:29 - step 500 | loss 0.0312 | step time 287.58ms
INFO - 12/06/25 12:23:04 - 0:02:29 - step 500 train loss: 0.027362816035747528 test loss: 0.27032920718193054
INFO - 12/06/25 12:23:04 - 0:02:29 - test loss 0.27032920718193054 is the best so far, saving model to /home/yuebi/Project/dim22_run/dim22_run_1/1111/model.pt
INFO - 12/06/25 12:23:33 - 0:02:58 - step 600 | loss 0.0251 | step time 287.22ms
INFO - 12/06/25 12:24:02 - 0:03:27 - step 700 | loss 0.0254 | step time 287.33ms
INFO - 12/06/25 12:24:30 - 0:03:55 - step 800 | loss 0.0253 | step time 287.34ms
INFO - 12/06/25 12:24:59 - 0:04:24 - step 900 | loss 0.0257 | step time 287.28ms
INFO - 12/06/25 12:25:28 - 0:04:53 - step 1000 | loss 0.0245 | step time 287.65ms
INFO - 12/06/25 12:25:28 - 0:04:53 - step 1000 train loss: 0.025239089503884315 test loss: 0.22061222791671753
INFO - 12/06/25 12:25:28 - 0:04:53 - test loss 0.22061222791671753 is the best so far, saving model to /home/yuebi/Project/dim22_run/dim22_run_1/1111/model.pt
INFO - 12/06/25 12:25:57 - 0:05:22 - step 1100 | loss 0.0264 | step time 287.49ms
INFO - 12/06/25 12:26:26 - 0:05:51 - step 1200 | loss 0.0257 | step time 287.28ms
INFO - 12/06/25 12:26:55 - 0:06:20 - step 1300 | loss 0.0244 | step time 287.19ms
INFO - 12/06/25 12:27:23 - 0:06:48 - step 1400 | loss 0.0247 | step time 287.52ms
INFO - 12/06/25 12:27:52 - 0:07:17 - Memory allocated:  45.82MB, reserved: 3306.00MB
INFO - 12/06/25 12:27:52 - 0:07:17 - generating
INFO - 12/06/25 15:23:10 - 3:02:35 - distribution of sample lengths: average: 592.68864 max: 792
INFO - 12/06/25 15:23:10 - 3:02:35 - printed 25000 samples
INFO - 12/06/25 15:23:10 - 3:02:35 - decoding
INFO - 12/06/25 15:23:11 - 3:02:36 - Decoding complete. Check the output in /home/yuebi/Project/dim22_run/dim22_run_1/1111/transformer-output-decoded.txt
INFO - 12/06/25 15:23:11 - 3:02:36 - Memory allocated:  45.82MB, reserved: 10106.00MB
INFO - 12/06/25 15:23:11 - 3:02:36 - ============ End of generation 4 ============
INFO - 12/06/25 15:23:11 - 3:02:36 - launching search.jl
INFO - 12/06/25 15:23:11 - 3:02:36 - JULIA_NUM_THREADS is set to 1
INFO - 12/06/25 15:32:42 - 3:12:07 - distribution of scores(all rounds)
INFO - 12/06/25 15:32:42 - 3:12:07 - Score:662671900.0, Count:4
                                     
INFO - 12/06/25 15:32:42 - 3:12:07 - Score:528957570.0, Count:3
                                     
INFO - 12/06/25 15:32:42 - 3:12:07 - Score:527015400.0, Count:3
                                     
INFO - 12/06/25 15:32:42 - 3:12:07 - Score:523631970.0, Count:3
                                     
INFO - 12/06/25 15:32:42 - 3:12:07 - Score:521001630.0, Count:4
                                     
INFO - 12/06/25 15:32:42 - 3:12:07 - Score:520724770.0, Count:3
                                     
INFO - 12/06/25 15:32:42 - 3:12:07 - Score:519164800.0, Count:4
                                     
INFO - 12/06/25 15:32:42 - 3:12:07 - Score:518967970.0, Count:3
                                     
INFO - 12/06/25 15:32:42 - 3:12:07 - Score:517728770.0, Count:3
                                     
INFO - 12/06/25 15:32:42 - 3:12:07 - Score:514459500.0, Count:1
                                     
INFO - 12/06/25 15:32:42 - 3:12:07 - Score:510713470.0, Count:2
                                     
INFO - 12/06/25 15:32:42 - 3:12:07 - Score:509990880.0, Count:1
                                     
INFO - 12/06/25 15:32:42 - 3:12:07 - Score:509630980.0, Count:3
                                     
INFO - 12/06/25 15:32:42 - 3:12:07 - Score:507470750.0, Count:3
                                     
INFO - 12/06/25 15:32:42 - 3:12:07 - Score:506799580.0, Count:3
                                     
INFO - 12/06/25 15:32:42 - 3:12:07 - Score:505816450.0, Count:1
                                     
INFO - 12/06/25 15:32:42 - 3:12:07 - Score:503730750.0, Count:3
                                     
INFO - 12/06/25 15:32:42 - 3:12:07 - Score:503265660.0, Count:4
                                     
INFO - 12/06/25 15:32:42 - 3:12:07 - Score:502753730.0, Count:4
                                     
INFO - 12/06/25 15:32:42 - 3:12:07 - Score:502442900.0, Count:3
                                     
INFO - 12/06/25 15:32:42 - 3:12:07 - Score:502248200.0, Count:3
                                     
INFO - 12/06/25 15:32:42 - 3:12:07 - Score:501402800.0, Count:3
                                     
INFO - 12/06/25 15:32:42 - 3:12:07 - Score:501323780.0, Count:3
                                     
INFO - 12/06/25 15:32:42 - 3:12:07 - Score:501145760.0, Count:4
                                     
INFO - 12/06/25 15:32:42 - 3:12:07 - Score:500509380.0, Count:4
                                     
INFO - 12/06/25 15:32:42 - 3:12:07 - Score:500449570.0, Count:4
                                     
INFO - 12/06/25 15:32:42 - 3:12:07 - Score:500051260.0, Count:1
                                     
INFO - 12/06/25 15:32:42 - 3:12:07 - Score:499530600.0, Count:4
                                     
INFO - 12/06/25 15:32:42 - 3:12:07 - Score:499233900.0, Count:3
                                     
INFO - 12/06/25 15:32:42 - 3:12:07 - Score:498949150.0, Count:4
                                     
INFO - 12/06/25 15:32:42 - 3:12:07 - Score:498910000.0, Count:4
                                     
INFO - 12/06/25 15:32:42 - 3:12:07 - Score:498905700.0, Count:4
                                     
INFO - 12/06/25 15:32:42 - 3:12:07 - Score:498752770.0, Count:1
                                     
INFO - 12/06/25 15:32:42 - 3:12:07 - tokenizing
INFO - 12/06/25 15:32:42 - 3:12:07 - Loading tokenizer from /home/yuebi/Project/dim22_run/dim22_run_1/1111/tokenizer_data/tokenizer.json...
INFO - 12/06/25 15:32:42 - 3:12:07 - 0 / 100
INFO - 12/06/25 15:32:42 - 3:12:07 - number of examples in the dataset: 100
INFO - 12/06/25 15:32:42 - 3:12:07 - max word length: 194
INFO - 12/06/25 15:32:42 - 3:12:07 - number of unique characters in the vocabulary: 15
INFO - 12/06/25 15:32:42 - 3:12:07 - vocabulary:
INFO - 12/06/25 15:32:42 - 3:12:07 - ['V0', 'V1', 'V2', 'V3', 'V4', 'V5', 'V6', 'V7', 'V8', 'V9', 'V10', 'V11', 'V12', 'V13', 'V14']
INFO - 12/06/25 15:32:42 - 3:12:07 - split up the dataset into 90 training examples and 10 test examples
INFO - 12/06/25 15:32:42 - 3:12:07 - ============ Start of generation 5 ============
INFO - 12/06/25 15:32:42 - 3:12:07 - Memory allocated:  45.82MB, reserved: 10106.00MB
INFO - 12/06/25 15:32:42 - 3:12:07 - training
INFO - 12/06/25 15:32:43 - 3:12:08 - step 0 | loss 0.2812 | step time 295.21ms
INFO - 12/06/25 15:33:11 - 3:12:36 - step 100 | loss 0.0262 | step time 287.67ms
INFO - 12/06/25 15:33:40 - 3:13:05 - step 200 | loss 0.0246 | step time 287.86ms
INFO - 12/06/25 15:34:09 - 3:13:34 - step 300 | loss 0.0247 | step time 287.67ms
INFO - 12/06/25 15:34:38 - 3:14:03 - step 400 | loss 0.0252 | step time 287.45ms
INFO - 12/06/25 15:35:07 - 3:14:32 - step 500 | loss 0.0248 | step time 287.53ms
INFO - 12/06/25 15:35:07 - 3:14:32 - step 500 train loss: 0.02531273476779461 test loss: 0.8376325368881226
INFO - 12/06/25 15:35:07 - 3:14:32 - test loss 0.8376325368881226 is the best so far, saving model to /home/yuebi/Project/dim22_run/dim22_run_1/1111/model.pt
INFO - 12/06/25 15:35:36 - 3:15:01 - step 600 | loss 0.0509 | step time 287.69ms
INFO - 12/06/25 15:36:04 - 3:15:29 - step 700 | loss 0.0243 | step time 287.43ms
INFO - 12/06/25 15:36:33 - 3:15:58 - step 800 | loss 0.0244 | step time 288.09ms
INFO - 12/06/25 15:37:02 - 3:16:27 - step 900 | loss 0.0250 | step time 288.92ms
INFO - 12/06/25 15:37:31 - 3:16:56 - step 1000 | loss 0.0245 | step time 288.79ms
INFO - 12/06/25 15:37:31 - 3:16:56 - step 1000 train loss: 0.024906599894165993 test loss: 0.95334792137146
INFO - 12/06/25 15:38:00 - 3:17:25 - step 1100 | loss 0.0255 | step time 289.05ms
INFO - 12/06/25 15:38:29 - 3:17:54 - step 1200 | loss 0.0257 | step time 289.07ms
INFO - 12/06/25 15:38:58 - 3:18:23 - step 1300 | loss 0.0474 | step time 289.02ms
INFO - 12/06/25 15:39:27 - 3:18:52 - step 1400 | loss 0.0246 | step time 289.27ms
INFO - 12/06/25 15:39:55 - 3:19:20 - Memory allocated:  45.82MB, reserved: 10106.00MB
INFO - 12/06/25 15:39:55 - 3:19:20 - generating
INFO - 12/06/25 15:40:42 - 0:00:00 - ============ Initialized logger ============
INFO - 12/06/25 15:40:42 - 0:00:00 - batch_size: 32
                                     command: python fc_loop.py --exp_name=dim22_run_1 --dump_path=/home/yuebi/Project/dim22_run --num_initial_empty_objects=800 --final_database_size=100 --target_db_size=100 --nb_local_searches=800 --max_epochs=20 --type=transformer --max-output-length=350 --sample-only=25000 --max-steps=1500 --n_tokens=15 --n-layer=8 --n-embd=128 --n-embd2=128 --exp_id=1111 --exp_id "1111"
                                     cpu: False
                                     debug: False
                                     debug_slurm: False
                                     dump_path: /home/yuebi/Project/dim22_run/dim22_run_1/1111
                                     exp_id: 1111
                                     exp_name: dim22_run_1
                                     final_database_size: 100
                                     gen_batch_size: 1000
                                     global_rank: 0
                                     is_master: True
                                     is_slurm_job: True
                                     learning_rate: 0.0005
                                     local_rank: 0
                                     master_addr: gpu-6
                                     master_port: -1
                                     max_epochs: 20
                                     max_output_length: 350
                                     max_steps: 1500
                                     multi_gpu: False
                                     multi_node: False
                                     n_embd: 128
                                     n_embd2: 128
                                     n_gpu_per_node: 1
                                     n_head: 8
                                     n_layer: 8
                                     n_nodes: 1
                                     n_tokens: 15
                                     nb_local_searches: 800
                                     nb_threads: 1
                                     node_id: 0
                                     num_initial_empty_objects: 800
                                     num_workers: 8
                                     sample_only: 25000
                                     seed: -1
                                     target_db_size: 100
                                     temperature: 1.0
                                     top_k: -1
                                     type: transformer
                                     weight_decay: 0.01
                                     world_size: 1
INFO - 12/06/25 15:40:42 - 0:00:00 - The experiment will be stored in /home/yuebi/Project/dim22_run/dim22_run_1/1111
                                     
INFO - 12/06/25 15:40:42 - 0:00:00 - Running command: python fc_loop.py --exp_name=dim22_run_1 --dump_path=/home/yuebi/Project/dim22_run --num_initial_empty_objects=800 --final_database_size=100 --target_db_size=100 --nb_local_searches=800 --max_epochs=20 --type=transformer --max-output-length=350 --sample-only=25000 --max-steps=1500 --n_tokens=15 --n-layer=8 --n-embd=128 --n-embd2=128 --exp_id=1111

WARNING - 12/06/25 15:40:42 - 0:00:00 - Signal handler installed.
INFO - 12/06/25 15:40:42 - 0:00:00 - seed: 598934738
INFO - 12/06/25 15:40:42 - 0:00:00 - initializing at generation: 5
INFO - 12/06/25 15:40:42 - 0:00:00 - number of examples in the dataset: 100
INFO - 12/06/25 15:40:42 - 0:00:00 - max word length: 194
INFO - 12/06/25 15:40:42 - 0:00:00 - number of unique characters in the vocabulary: 15
INFO - 12/06/25 15:40:42 - 0:00:00 - vocabulary:
INFO - 12/06/25 15:40:42 - 0:00:00 - ['V0', 'V1', 'V2', 'V3', 'V4', 'V5', 'V6', 'V7', 'V8', 'V9', 'V10', 'V11', 'V12', 'V13', 'V14']
INFO - 12/06/25 15:40:42 - 0:00:00 - split up the dataset into 90 training examples and 10 test examples
INFO - 12/06/25 15:40:42 - 0:00:00 - dataset determined that: vocab_size=16, block_size=351
INFO - 12/06/25 15:40:42 - 0:00:00 - model #params: 1635456
INFO - 12/06/25 15:40:42 - 0:00:00 - resuming from existing model
INFO - 12/06/25 15:40:42 - 0:00:00 - ============ Start of generation 5 ============
INFO - 12/06/25 15:40:42 - 0:00:00 - Memory allocated:  10.00MB, reserved: 22.00MB
INFO - 12/06/25 15:40:42 - 0:00:00 - training
INFO - 12/06/25 15:40:47 - 0:00:05 - step 0 | loss 0.0290 | step time 617.09ms
INFO - 12/06/25 15:41:16 - 0:00:34 - step 100 | loss 0.0251 | step time 287.83ms
INFO - 12/06/25 15:41:45 - 0:01:03 - step 200 | loss 0.0241 | step time 288.05ms
INFO - 12/06/25 15:42:13 - 0:01:31 - step 300 | loss 0.0337 | step time 287.91ms
INFO - 12/06/25 15:42:42 - 0:02:00 - step 400 | loss 0.0244 | step time 288.27ms
INFO - 12/06/25 15:43:11 - 0:02:29 - step 500 | loss 0.0243 | step time 288.43ms
INFO - 12/06/25 15:43:11 - 0:02:29 - step 500 train loss: 0.024831479415297508 test loss: 0.24781937897205353
INFO - 12/06/25 15:43:11 - 0:02:29 - test loss 0.24781937897205353 is the best so far, saving model to /home/yuebi/Project/dim22_run/dim22_run_1/1111/model.pt
INFO - 12/06/25 15:43:40 - 0:02:58 - step 600 | loss 0.0252 | step time 289.18ms
INFO - 12/06/25 15:44:09 - 0:03:27 - step 700 | loss 0.0254 | step time 288.93ms
INFO - 12/06/25 15:44:38 - 0:03:56 - step 800 | loss 0.0245 | step time 288.12ms
INFO - 12/06/25 15:45:07 - 0:04:25 - step 900 | loss 0.0318 | step time 287.15ms
INFO - 12/06/25 15:45:35 - 0:04:53 - step 1000 | loss 0.0244 | step time 286.71ms
INFO - 12/06/25 15:45:36 - 0:04:54 - step 1000 train loss: 0.02441227249801159 test loss: 0.4547728896141052
INFO - 12/06/25 15:46:05 - 0:05:22 - step 1100 | loss 0.0237 | step time 287.57ms
INFO - 12/06/25 15:46:33 - 0:05:51 - step 1200 | loss 0.0250 | step time 287.63ms
INFO - 12/06/25 15:47:02 - 0:06:20 - step 1300 | loss 0.0253 | step time 287.02ms
INFO - 12/06/25 15:47:31 - 0:06:49 - step 1400 | loss 0.0240 | step time 287.30ms
INFO - 12/06/25 15:47:59 - 0:07:17 - Memory allocated:  45.82MB, reserved: 3306.00MB
INFO - 12/06/25 15:47:59 - 0:07:17 - generating
INFO - 12/06/25 18:43:16 - 3:02:34 - distribution of sample lengths: average: 592.61048 max: 1123
INFO - 12/06/25 18:43:16 - 3:02:34 - printed 25000 samples
INFO - 12/06/25 18:43:16 - 3:02:34 - decoding
INFO - 12/06/25 18:43:17 - 3:02:35 - Decoding complete. Check the output in /home/yuebi/Project/dim22_run/dim22_run_1/1111/transformer-output-decoded.txt
INFO - 12/06/25 18:43:17 - 3:02:35 - Memory allocated:  45.82MB, reserved: 10106.00MB
INFO - 12/06/25 18:43:17 - 3:02:35 - ============ End of generation 5 ============
INFO - 12/06/25 18:43:17 - 3:02:35 - launching search.jl
INFO - 12/06/25 18:43:17 - 3:02:35 - JULIA_NUM_THREADS is set to 1
INFO - 12/06/25 18:52:32 - 3:11:50 - distribution of scores(all rounds)
INFO - 12/06/25 18:52:32 - 3:11:50 - Score:662671900.0, Count:5
                                     
INFO - 12/06/25 18:52:32 - 3:11:50 - Score:528957570.0, Count:4
                                     
INFO - 12/06/25 18:52:32 - 3:11:50 - Score:527015400.0, Count:4
                                     
INFO - 12/06/25 18:52:32 - 3:11:50 - Score:524192220.0, Count:1
                                     
INFO - 12/06/25 18:52:32 - 3:11:50 - Score:523631970.0, Count:4
                                     
INFO - 12/06/25 18:52:32 - 3:11:50 - Score:521001630.0, Count:5
                                     
INFO - 12/06/25 18:52:32 - 3:11:50 - Score:520724770.0, Count:4
                                     
INFO - 12/06/25 18:52:32 - 3:11:50 - Score:519724900.0, Count:1
                                     
INFO - 12/06/25 18:52:32 - 3:11:50 - Score:519164800.0, Count:5
                                     
INFO - 12/06/25 18:52:32 - 3:11:50 - Score:518967970.0, Count:4
                                     
INFO - 12/06/25 18:52:32 - 3:11:50 - Score:517728770.0, Count:4
                                     
INFO - 12/06/25 18:52:32 - 3:11:50 - Score:516812700.0, Count:1
                                     
INFO - 12/06/25 18:52:32 - 3:11:50 - Score:514459500.0, Count:2
                                     
INFO - 12/06/25 18:52:32 - 3:11:50 - Score:510713470.0, Count:3
                                     
INFO - 12/06/25 18:52:32 - 3:11:50 - Score:509990880.0, Count:2
                                     
INFO - 12/06/25 18:52:32 - 3:11:50 - Score:509630980.0, Count:4
                                     
INFO - 12/06/25 18:52:32 - 3:11:50 - Score:507470750.0, Count:4
                                     
INFO - 12/06/25 18:52:32 - 3:11:50 - Score:507422300.0, Count:1
                                     
INFO - 12/06/25 18:52:32 - 3:11:50 - Score:506799580.0, Count:4
                                     
INFO - 12/06/25 18:52:32 - 3:11:50 - Score:506459100.0, Count:1
                                     
INFO - 12/06/25 18:52:32 - 3:11:50 - Score:506324800.0, Count:1
                                     
INFO - 12/06/25 18:52:32 - 3:11:50 - Score:505816450.0, Count:2
                                     
INFO - 12/06/25 18:52:32 - 3:11:50 - Score:504095070.0, Count:1
                                     
INFO - 12/06/25 18:52:32 - 3:11:50 - Score:503730750.0, Count:4
                                     
INFO - 12/06/25 18:52:32 - 3:11:50 - Score:503265660.0, Count:5
                                     
INFO - 12/06/25 18:52:32 - 3:11:50 - Score:503127970.0, Count:1
                                     
INFO - 12/06/25 18:52:32 - 3:11:50 - Score:502886180.0, Count:1
                                     
INFO - 12/06/25 18:52:32 - 3:11:50 - Score:502753730.0, Count:5
                                     
INFO - 12/06/25 18:52:32 - 3:11:50 - Score:502442900.0, Count:4
                                     
INFO - 12/06/25 18:52:32 - 3:11:50 - Score:502248200.0, Count:4
                                     
INFO - 12/06/25 18:52:32 - 3:11:50 - Score:501402800.0, Count:4
                                     
INFO - 12/06/25 18:52:32 - 3:11:50 - Score:501354100.0, Count:1
                                     
INFO - 12/06/25 18:52:32 - 3:11:50 - Score:501323780.0, Count:4
                                     
INFO - 12/06/25 18:52:32 - 3:11:50 - Score:501237660.0, Count:0
                                     
INFO - 12/06/25 18:52:32 - 3:11:50 - tokenizing
INFO - 12/06/25 18:52:32 - 3:11:50 - Loading tokenizer from /home/yuebi/Project/dim22_run/dim22_run_1/1111/tokenizer_data/tokenizer.json...
INFO - 12/06/25 18:52:32 - 3:11:50 - 0 / 100
INFO - 12/06/25 18:52:32 - 3:11:50 - number of examples in the dataset: 100
INFO - 12/06/25 18:52:32 - 3:11:50 - max word length: 193
INFO - 12/06/25 18:52:32 - 3:11:50 - number of unique characters in the vocabulary: 15
INFO - 12/06/25 18:52:32 - 3:11:50 - vocabulary:
INFO - 12/06/25 18:52:32 - 3:11:50 - ['V0', 'V1', 'V2', 'V3', 'V4', 'V5', 'V6', 'V7', 'V8', 'V9', 'V10', 'V11', 'V12', 'V13', 'V14']
INFO - 12/06/25 18:52:32 - 3:11:50 - split up the dataset into 90 training examples and 10 test examples
INFO - 12/06/25 18:52:32 - 3:11:50 - ============ Start of generation 6 ============
INFO - 12/06/25 18:52:32 - 3:11:50 - Memory allocated:  45.82MB, reserved: 10106.00MB
INFO - 12/06/25 18:52:32 - 3:11:50 - training
INFO - 12/06/25 18:52:33 - 3:11:51 - step 0 | loss 0.9677 | step time 296.42ms
INFO - 12/06/25 18:53:01 - 3:12:19 - step 100 | loss 0.0310 | step time 287.72ms
INFO - 12/06/25 18:53:30 - 3:12:48 - step 200 | loss 0.0245 | step time 288.04ms
INFO - 12/06/25 18:53:59 - 3:13:17 - step 300 | loss 0.0252 | step time 287.55ms
INFO - 12/06/25 18:54:28 - 3:13:46 - step 400 | loss 0.0259 | step time 287.73ms
INFO - 12/06/25 18:54:56 - 3:14:14 - step 500 | loss 0.0470 | step time 287.48ms
INFO - 12/06/25 18:54:57 - 3:14:15 - step 500 train loss: 0.04065641760826111 test loss: 0.760120153427124
INFO - 12/06/25 18:54:57 - 3:14:15 - test loss 0.760120153427124 is the best so far, saving model to /home/yuebi/Project/dim22_run/dim22_run_1/1111/model.pt
INFO - 12/06/25 18:55:25 - 3:14:43 - step 600 | loss 0.0246 | step time 287.32ms
INFO - 12/06/25 18:55:54 - 3:15:12 - step 700 | loss 0.0239 | step time 287.52ms
INFO - 12/06/25 18:56:23 - 3:15:41 - step 800 | loss 0.0248 | step time 287.76ms
INFO - 12/06/25 18:56:52 - 3:16:10 - step 900 | loss 0.0262 | step time 287.71ms
INFO - 12/06/25 18:57:20 - 3:16:38 - step 1000 | loss 0.0246 | step time 287.70ms
INFO - 12/06/25 18:57:21 - 3:16:39 - step 1000 train loss: 0.024753563106060028 test loss: 0.9088258147239685
INFO - 12/06/25 18:57:50 - 3:17:08 - step 1100 | loss 0.0247 | step time 287.86ms
INFO - 12/06/25 18:58:18 - 3:17:36 - step 1200 | loss 0.0244 | step time 287.47ms
INFO - 12/06/25 18:58:47 - 3:18:05 - step 1300 | loss 0.0237 | step time 287.50ms
INFO - 12/06/25 18:59:16 - 3:18:34 - step 1400 | loss 0.0247 | step time 288.08ms
INFO - 12/06/25 18:59:44 - 3:19:02 - Memory allocated:  45.82MB, reserved: 10106.00MB
INFO - 12/06/25 18:59:44 - 3:19:02 - generating
INFO - 12/06/25 19:00:48 - 0:00:00 - ============ Initialized logger ============
INFO - 12/06/25 19:00:48 - 0:00:00 - batch_size: 32
                                     command: python fc_loop.py --exp_name=dim22_run_1 --dump_path=/home/yuebi/Project/dim22_run --num_initial_empty_objects=800 --final_database_size=100 --target_db_size=100 --nb_local_searches=800 --max_epochs=20 --type=transformer --max-output-length=350 --sample-only=25000 --max-steps=1500 --n_tokens=15 --n-layer=8 --n-embd=128 --n-embd2=128 --exp_id=1111 --exp_id "1111"
                                     cpu: False
                                     debug: False
                                     debug_slurm: False
                                     dump_path: /home/yuebi/Project/dim22_run/dim22_run_1/1111
                                     exp_id: 1111
                                     exp_name: dim22_run_1
                                     final_database_size: 100
                                     gen_batch_size: 1000
                                     global_rank: 0
                                     is_master: True
                                     is_slurm_job: True
                                     learning_rate: 0.0005
                                     local_rank: 0
                                     master_addr: gpu-6
                                     master_port: -1
                                     max_epochs: 20
                                     max_output_length: 350
                                     max_steps: 1500
                                     multi_gpu: False
                                     multi_node: False
                                     n_embd: 128
                                     n_embd2: 128
                                     n_gpu_per_node: 1
                                     n_head: 8
                                     n_layer: 8
                                     n_nodes: 1
                                     n_tokens: 15
                                     nb_local_searches: 800
                                     nb_threads: 1
                                     node_id: 0
                                     num_initial_empty_objects: 800
                                     num_workers: 8
                                     sample_only: 25000
                                     seed: -1
                                     target_db_size: 100
                                     temperature: 1.0
                                     top_k: -1
                                     type: transformer
                                     weight_decay: 0.01
                                     world_size: 1
INFO - 12/06/25 19:00:48 - 0:00:00 - The experiment will be stored in /home/yuebi/Project/dim22_run/dim22_run_1/1111
                                     
INFO - 12/06/25 19:00:48 - 0:00:00 - Running command: python fc_loop.py --exp_name=dim22_run_1 --dump_path=/home/yuebi/Project/dim22_run --num_initial_empty_objects=800 --final_database_size=100 --target_db_size=100 --nb_local_searches=800 --max_epochs=20 --type=transformer --max-output-length=350 --sample-only=25000 --max-steps=1500 --n_tokens=15 --n-layer=8 --n-embd=128 --n-embd2=128 --exp_id=1111

WARNING - 12/06/25 19:00:48 - 0:00:00 - Signal handler installed.
INFO - 12/06/25 19:00:48 - 0:00:00 - seed: 415894436
INFO - 12/06/25 19:00:48 - 0:00:00 - initializing at generation: 6
INFO - 12/06/25 19:00:48 - 0:00:00 - number of examples in the dataset: 100
INFO - 12/06/25 19:00:48 - 0:00:00 - max word length: 193
INFO - 12/06/25 19:00:48 - 0:00:00 - number of unique characters in the vocabulary: 15
INFO - 12/06/25 19:00:48 - 0:00:00 - vocabulary:
INFO - 12/06/25 19:00:48 - 0:00:00 - ['V0', 'V1', 'V2', 'V3', 'V4', 'V5', 'V6', 'V7', 'V8', 'V9', 'V10', 'V11', 'V12', 'V13', 'V14']
INFO - 12/06/25 19:00:48 - 0:00:00 - split up the dataset into 90 training examples and 10 test examples
INFO - 12/06/25 19:00:48 - 0:00:00 - dataset determined that: vocab_size=16, block_size=351
INFO - 12/06/25 19:00:48 - 0:00:00 - model #params: 1635456
INFO - 12/06/25 19:00:48 - 0:00:00 - resuming from existing model
INFO - 12/06/25 19:00:48 - 0:00:00 - ============ Start of generation 6 ============
INFO - 12/06/25 19:00:48 - 0:00:00 - Memory allocated:  10.00MB, reserved: 22.00MB
INFO - 12/06/25 19:00:48 - 0:00:00 - training
INFO - 12/06/25 19:00:53 - 0:00:05 - step 0 | loss 0.2165 | step time 621.69ms
INFO - 12/06/25 19:01:22 - 0:00:34 - step 100 | loss 0.0243 | step time 287.29ms
INFO - 12/06/25 19:01:51 - 0:01:03 - step 200 | loss 0.0256 | step time 287.17ms
INFO - 12/06/25 19:02:19 - 0:01:31 - step 300 | loss 0.0248 | step time 287.42ms
INFO - 12/06/25 19:02:48 - 0:02:00 - step 400 | loss 0.0319 | step time 287.28ms
INFO - 12/06/25 19:03:17 - 0:02:29 - step 500 | loss 0.0252 | step time 287.33ms
INFO - 12/06/25 19:03:17 - 0:02:29 - step 500 train loss: 0.024634486064314842 test loss: 0.26027989387512207
INFO - 12/06/25 19:03:17 - 0:02:29 - test loss 0.26027989387512207 is the best so far, saving model to /home/yuebi/Project/dim22_run/dim22_run_1/1111/model.pt
INFO - 12/06/25 19:03:46 - 0:02:58 - step 600 | loss 0.0249 | step time 287.44ms
INFO - 12/06/25 19:04:15 - 0:03:27 - step 700 | loss 0.0249 | step time 287.03ms
INFO - 12/06/25 19:04:43 - 0:03:55 - step 800 | loss 0.0250 | step time 287.30ms
INFO - 12/06/25 19:05:12 - 0:04:24 - step 900 | loss 0.0281 | step time 287.27ms
INFO - 12/06/25 19:05:41 - 0:04:53 - step 1000 | loss 0.0240 | step time 287.76ms
INFO - 12/06/25 19:05:41 - 0:04:53 - step 1000 train loss: 0.024698497727513313 test loss: 0.41121989488601685
INFO - 12/06/25 19:06:10 - 0:05:22 - step 1100 | loss 0.0244 | step time 287.27ms
INFO - 12/06/25 19:06:39 - 0:05:51 - step 1200 | loss 0.0256 | step time 287.77ms
INFO - 12/06/25 19:07:07 - 0:06:19 - step 1300 | loss 0.0252 | step time 288.00ms
INFO - 12/06/25 19:07:36 - 0:06:48 - step 1400 | loss 0.0251 | step time 288.25ms
INFO - 12/06/25 19:08:05 - 0:07:17 - Memory allocated:  45.82MB, reserved: 3306.00MB
INFO - 12/06/25 19:08:05 - 0:07:17 - generating
INFO - 12/06/25 22:03:20 - 3:02:32 - distribution of sample lengths: average: 594.36224 max: 887
INFO - 12/06/25 22:03:20 - 3:02:32 - printed 25000 samples
INFO - 12/06/25 22:03:20 - 3:02:32 - decoding
INFO - 12/06/25 22:03:21 - 3:02:33 - Decoding complete. Check the output in /home/yuebi/Project/dim22_run/dim22_run_1/1111/transformer-output-decoded.txt
INFO - 12/06/25 22:03:21 - 3:02:33 - Memory allocated:  45.82MB, reserved: 10106.00MB
INFO - 12/06/25 22:03:21 - 3:02:33 - ============ End of generation 6 ============
INFO - 12/06/25 22:03:21 - 3:02:33 - launching search.jl
INFO - 12/06/25 22:03:21 - 3:02:33 - JULIA_NUM_THREADS is set to 1
INFO - 12/06/25 22:12:52 - 3:12:04 - distribution of scores(all rounds)
INFO - 12/06/25 22:12:52 - 3:12:04 - Score:662671900.0, Count:6
                                     
INFO - 12/06/25 22:12:52 - 3:12:04 - Score:547348350.0, Count:1
                                     
INFO - 12/06/25 22:12:52 - 3:12:04 - Score:528957570.0, Count:5
                                     
INFO - 12/06/25 22:12:52 - 3:12:04 - Score:527015400.0, Count:5
                                     
INFO - 12/06/25 22:12:52 - 3:12:04 - Score:524192220.0, Count:2
                                     
INFO - 12/06/25 22:12:52 - 3:12:04 - Score:523631970.0, Count:5
                                     
INFO - 12/06/25 22:12:52 - 3:12:04 - Score:521001630.0, Count:6
                                     
INFO - 12/06/25 22:12:52 - 3:12:04 - Score:520724770.0, Count:5
                                     
INFO - 12/06/25 22:12:52 - 3:12:04 - Score:519724900.0, Count:2
                                     
INFO - 12/06/25 22:12:52 - 3:12:04 - Score:519164800.0, Count:6
                                     
INFO - 12/06/25 22:12:52 - 3:12:04 - Score:518967970.0, Count:5
                                     
INFO - 12/06/25 22:12:52 - 3:12:04 - Score:517728770.0, Count:5
                                     
INFO - 12/06/25 22:12:52 - 3:12:04 - Score:516812700.0, Count:2
                                     
INFO - 12/06/25 22:12:52 - 3:12:04 - Score:514459500.0, Count:3
                                     
INFO - 12/06/25 22:12:52 - 3:12:04 - Score:510713470.0, Count:4
                                     
INFO - 12/06/25 22:12:52 - 3:12:04 - Score:509990880.0, Count:3
                                     
INFO - 12/06/25 22:12:52 - 3:12:04 - Score:509630980.0, Count:5
                                     
INFO - 12/06/25 22:12:52 - 3:12:04 - Score:507470750.0, Count:5
                                     
INFO - 12/06/25 22:12:52 - 3:12:04 - Score:507422300.0, Count:2
                                     
INFO - 12/06/25 22:12:52 - 3:12:04 - Score:506799580.0, Count:5
                                     
INFO - 12/06/25 22:12:52 - 3:12:04 - Score:506459100.0, Count:2
                                     
INFO - 12/06/25 22:12:52 - 3:12:04 - Score:506324800.0, Count:2
                                     
INFO - 12/06/25 22:12:52 - 3:12:04 - Score:506149540.0, Count:1
                                     
INFO - 12/06/25 22:12:52 - 3:12:04 - Score:505816450.0, Count:3
                                     
INFO - 12/06/25 22:12:52 - 3:12:04 - Score:504095070.0, Count:2
                                     
INFO - 12/06/25 22:12:52 - 3:12:04 - Score:503730750.0, Count:5
                                     
INFO - 12/06/25 22:12:52 - 3:12:04 - Score:503265660.0, Count:3
                                     
INFO - 12/06/25 22:12:52 - 3:12:04 - tokenizing
INFO - 12/06/25 22:12:52 - 3:12:04 - Loading tokenizer from /home/yuebi/Project/dim22_run/dim22_run_1/1111/tokenizer_data/tokenizer.json...
INFO - 12/06/25 22:12:52 - 3:12:04 - 0 / 100
INFO - 12/06/25 22:12:52 - 3:12:04 - number of examples in the dataset: 100
INFO - 12/06/25 22:12:52 - 3:12:04 - max word length: 193
INFO - 12/06/25 22:12:52 - 3:12:04 - number of unique characters in the vocabulary: 15
INFO - 12/06/25 22:12:52 - 3:12:04 - vocabulary:
INFO - 12/06/25 22:12:52 - 3:12:04 - ['V0', 'V1', 'V2', 'V3', 'V4', 'V5', 'V6', 'V7', 'V8', 'V9', 'V10', 'V11', 'V12', 'V13', 'V14']
INFO - 12/06/25 22:12:52 - 3:12:04 - split up the dataset into 90 training examples and 10 test examples
INFO - 12/06/25 22:12:52 - 3:12:04 - ============ Start of generation 7 ============
INFO - 12/06/25 22:12:52 - 3:12:04 - Memory allocated:  45.82MB, reserved: 10106.00MB
INFO - 12/06/25 22:12:52 - 3:12:04 - training
INFO - 12/06/25 22:12:52 - 3:12:04 - step 0 | loss 0.0581 | step time 295.32ms
INFO - 12/06/25 22:13:21 - 3:12:33 - step 100 | loss 0.0255 | step time 287.91ms
INFO - 12/06/25 22:13:50 - 3:13:02 - step 200 | loss 0.0245 | step time 287.57ms
INFO - 12/06/25 22:14:19 - 3:13:31 - step 300 | loss 0.0248 | step time 287.77ms
INFO - 12/06/25 22:14:47 - 3:14:00 - step 400 | loss 0.0355 | step time 287.78ms
INFO - 12/06/25 22:15:16 - 3:14:28 - step 500 | loss 0.0246 | step time 287.64ms
INFO - 12/06/25 22:15:17 - 3:14:29 - step 500 train loss: 0.02489287033677101 test loss: 0.4960094392299652
INFO - 12/06/25 22:15:17 - 3:14:29 - test loss 0.4960094392299652 is the best so far, saving model to /home/yuebi/Project/dim22_run/dim22_run_1/1111/model.pt
INFO - 12/06/25 22:15:45 - 3:14:57 - step 600 | loss 0.0247 | step time 287.61ms
INFO - 12/06/25 22:16:14 - 3:15:26 - step 700 | loss 0.0246 | step time 287.46ms
INFO - 12/06/25 22:16:43 - 3:15:55 - step 800 | loss 0.0249 | step time 287.65ms
INFO - 12/06/25 22:17:12 - 3:16:24 - step 900 | loss 0.0244 | step time 287.86ms
INFO - 12/06/25 22:17:40 - 3:16:52 - step 1000 | loss 0.0279 | step time 287.44ms
INFO - 12/06/25 22:17:41 - 3:16:53 - step 1000 train loss: 0.02751053497195244 test loss: 0.7438578605651855
INFO - 12/06/25 22:18:09 - 3:17:21 - step 1100 | loss 0.0252 | step time 287.37ms
INFO - 12/06/25 22:18:38 - 3:17:50 - step 1200 | loss 0.0244 | step time 287.48ms
INFO - 12/06/25 22:19:07 - 3:18:19 - step 1300 | loss 0.0247 | step time 287.58ms
INFO - 12/06/25 22:19:36 - 3:18:48 - step 1400 | loss 0.0255 | step time 287.27ms
INFO - 12/06/25 22:20:04 - 3:19:16 - Memory allocated:  45.82MB, reserved: 10106.00MB
INFO - 12/06/25 22:20:04 - 3:19:16 - generating
INFO - 12/06/25 22:20:55 - 0:00:00 - ============ Initialized logger ============
INFO - 12/06/25 22:20:55 - 0:00:00 - batch_size: 32
                                     command: python fc_loop.py --exp_name=dim22_run_1 --dump_path=/home/yuebi/Project/dim22_run --num_initial_empty_objects=800 --final_database_size=100 --target_db_size=100 --nb_local_searches=800 --max_epochs=20 --type=transformer --max-output-length=350 --sample-only=25000 --max-steps=1500 --n_tokens=15 --n-layer=8 --n-embd=128 --n-embd2=128 --exp_id=1111 --exp_id "1111"
                                     cpu: False
                                     debug: False
                                     debug_slurm: False
                                     dump_path: /home/yuebi/Project/dim22_run/dim22_run_1/1111
                                     exp_id: 1111
                                     exp_name: dim22_run_1
                                     final_database_size: 100
                                     gen_batch_size: 1000
                                     global_rank: 0
                                     is_master: True
                                     is_slurm_job: True
                                     learning_rate: 0.0005
                                     local_rank: 0
                                     master_addr: gpu-6
                                     master_port: -1
                                     max_epochs: 20
                                     max_output_length: 350
                                     max_steps: 1500
                                     multi_gpu: False
                                     multi_node: False
                                     n_embd: 128
                                     n_embd2: 128
                                     n_gpu_per_node: 1
                                     n_head: 8
                                     n_layer: 8
                                     n_nodes: 1
                                     n_tokens: 15
                                     nb_local_searches: 800
                                     nb_threads: 1
                                     node_id: 0
                                     num_initial_empty_objects: 800
                                     num_workers: 8
                                     sample_only: 25000
                                     seed: -1
                                     target_db_size: 100
                                     temperature: 1.0
                                     top_k: -1
                                     type: transformer
                                     weight_decay: 0.01
                                     world_size: 1
INFO - 12/06/25 22:20:55 - 0:00:00 - The experiment will be stored in /home/yuebi/Project/dim22_run/dim22_run_1/1111
                                     
INFO - 12/06/25 22:20:55 - 0:00:00 - Running command: python fc_loop.py --exp_name=dim22_run_1 --dump_path=/home/yuebi/Project/dim22_run --num_initial_empty_objects=800 --final_database_size=100 --target_db_size=100 --nb_local_searches=800 --max_epochs=20 --type=transformer --max-output-length=350 --sample-only=25000 --max-steps=1500 --n_tokens=15 --n-layer=8 --n-embd=128 --n-embd2=128 --exp_id=1111

WARNING - 12/06/25 22:20:55 - 0:00:00 - Signal handler installed.
INFO - 12/06/25 22:20:55 - 0:00:00 - seed: 989796448
INFO - 12/06/25 22:20:55 - 0:00:00 - initializing at generation: 7
INFO - 12/06/25 22:20:55 - 0:00:00 - number of examples in the dataset: 100
INFO - 12/06/25 22:20:55 - 0:00:00 - max word length: 193
INFO - 12/06/25 22:20:55 - 0:00:00 - number of unique characters in the vocabulary: 15
INFO - 12/06/25 22:20:55 - 0:00:00 - vocabulary:
INFO - 12/06/25 22:20:55 - 0:00:00 - ['V0', 'V1', 'V2', 'V3', 'V4', 'V5', 'V6', 'V7', 'V8', 'V9', 'V10', 'V11', 'V12', 'V13', 'V14']
INFO - 12/06/25 22:20:55 - 0:00:00 - split up the dataset into 90 training examples and 10 test examples
INFO - 12/06/25 22:20:55 - 0:00:00 - dataset determined that: vocab_size=16, block_size=351
INFO - 12/06/25 22:20:55 - 0:00:00 - model #params: 1635456
INFO - 12/06/25 22:20:55 - 0:00:00 - resuming from existing model
INFO - 12/06/25 22:20:55 - 0:00:00 - ============ Start of generation 7 ============
INFO - 12/06/25 22:20:55 - 0:00:00 - Memory allocated:  10.00MB, reserved: 22.00MB
INFO - 12/06/25 22:20:55 - 0:00:00 - training
INFO - 12/06/25 22:21:00 - 0:00:05 - step 0 | loss 0.0396 | step time 625.82ms
INFO - 12/06/25 22:21:29 - 0:00:34 - step 100 | loss 0.0246 | step time 287.38ms
INFO - 12/06/25 22:21:58 - 0:01:03 - step 200 | loss 0.0250 | step time 287.14ms
INFO - 12/06/25 22:22:27 - 0:01:32 - step 300 | loss 0.0250 | step time 287.43ms
INFO - 12/06/25 22:22:55 - 0:02:00 - step 400 | loss 0.0238 | step time 287.11ms
INFO - 12/06/25 22:23:24 - 0:02:29 - step 500 | loss 0.0255 | step time 287.43ms
INFO - 12/06/25 22:23:24 - 0:02:29 - step 500 train loss: 0.024586647748947144 test loss: 0.09961576759815216
INFO - 12/06/25 22:23:24 - 0:02:29 - test loss 0.09961576759815216 is the best so far, saving model to /home/yuebi/Project/dim22_run/dim22_run_1/1111/model.pt
INFO - 12/06/25 22:23:53 - 0:02:58 - step 600 | loss 0.0256 | step time 287.35ms
INFO - 12/06/25 22:24:22 - 0:03:27 - step 700 | loss 0.0245 | step time 287.38ms
INFO - 12/06/25 22:24:51 - 0:03:56 - step 800 | loss 0.0245 | step time 287.46ms
INFO - 12/06/25 22:25:19 - 0:04:24 - step 900 | loss 0.0243 | step time 287.18ms
INFO - 12/06/25 22:25:48 - 0:04:53 - step 1000 | loss 0.0244 | step time 287.40ms
INFO - 12/06/25 22:25:48 - 0:04:53 - step 1000 train loss: 0.024607378989458084 test loss: 0.17672429978847504
INFO - 12/06/25 22:26:17 - 0:05:22 - step 1100 | loss 0.0249 | step time 287.25ms
INFO - 12/06/25 22:26:46 - 0:05:51 - step 1200 | loss 0.0283 | step time 287.49ms
INFO - 12/06/25 22:27:15 - 0:06:20 - step 1300 | loss 0.0245 | step time 287.41ms
INFO - 12/06/25 22:27:43 - 0:06:48 - step 1400 | loss 0.0243 | step time 287.31ms
INFO - 12/06/25 22:28:12 - 0:07:17 - Memory allocated:  45.82MB, reserved: 3306.00MB
INFO - 12/06/25 22:28:12 - 0:07:17 - generating
INFO - 12/07/25 01:23:31 - 3:02:36 - distribution of sample lengths: average: 595.09016 max: 617
INFO - 12/07/25 01:23:31 - 3:02:36 - printed 25000 samples
INFO - 12/07/25 01:23:31 - 3:02:36 - decoding
INFO - 12/07/25 01:23:32 - 3:02:37 - Decoding complete. Check the output in /home/yuebi/Project/dim22_run/dim22_run_1/1111/transformer-output-decoded.txt
INFO - 12/07/25 01:23:32 - 3:02:37 - Memory allocated:  45.82MB, reserved: 10106.00MB
INFO - 12/07/25 01:23:32 - 3:02:37 - ============ End of generation 7 ============
INFO - 12/07/25 01:23:32 - 3:02:37 - launching search.jl
INFO - 12/07/25 01:23:32 - 3:02:37 - JULIA_NUM_THREADS is set to 1
INFO - 12/07/25 01:33:04 - 3:12:09 - distribution of scores(all rounds)
INFO - 12/07/25 01:33:04 - 3:12:09 - Score:662671900.0, Count:7
                                     
INFO - 12/07/25 01:33:04 - 3:12:09 - Score:547348350.0, Count:2
                                     
INFO - 12/07/25 01:33:04 - 3:12:09 - Score:528957570.0, Count:6
                                     
INFO - 12/07/25 01:33:04 - 3:12:09 - Score:527015400.0, Count:6
                                     
INFO - 12/07/25 01:33:04 - 3:12:09 - Score:524192220.0, Count:3
                                     
INFO - 12/07/25 01:33:04 - 3:12:09 - Score:523631970.0, Count:6
                                     
INFO - 12/07/25 01:33:04 - 3:12:09 - Score:521001630.0, Count:7
                                     
INFO - 12/07/25 01:33:04 - 3:12:09 - Score:520724770.0, Count:6
                                     
INFO - 12/07/25 01:33:04 - 3:12:09 - Score:519724900.0, Count:3
                                     
INFO - 12/07/25 01:33:04 - 3:12:09 - Score:519164800.0, Count:7
                                     
INFO - 12/07/25 01:33:04 - 3:12:09 - Score:518967970.0, Count:6
                                     
INFO - 12/07/25 01:33:04 - 3:12:09 - Score:517728770.0, Count:6
                                     
INFO - 12/07/25 01:33:04 - 3:12:09 - Score:516812700.0, Count:3
                                     
INFO - 12/07/25 01:33:04 - 3:12:09 - Score:514459500.0, Count:4
                                     
INFO - 12/07/25 01:33:04 - 3:12:09 - Score:510713470.0, Count:5
                                     
INFO - 12/07/25 01:33:04 - 3:12:09 - Score:509990880.0, Count:4
                                     
INFO - 12/07/25 01:33:04 - 3:12:09 - Score:509630980.0, Count:6
                                     
INFO - 12/07/25 01:33:04 - 3:12:09 - Score:508781950.0, Count:1
                                     
INFO - 12/07/25 01:33:04 - 3:12:09 - Score:507470750.0, Count:6
                                     
INFO - 12/07/25 01:33:04 - 3:12:09 - Score:507422300.0, Count:3
                                     
INFO - 12/07/25 01:33:04 - 3:12:09 - Score:506799580.0, Count:3
                                     
INFO - 12/07/25 01:33:04 - 3:12:09 - tokenizing
INFO - 12/07/25 01:33:04 - 3:12:09 - Loading tokenizer from /home/yuebi/Project/dim22_run/dim22_run_1/1111/tokenizer_data/tokenizer.json...
INFO - 12/07/25 01:33:04 - 3:12:09 - 0 / 100
INFO - 12/07/25 01:33:04 - 3:12:09 - number of examples in the dataset: 100
INFO - 12/07/25 01:33:04 - 3:12:09 - max word length: 194
INFO - 12/07/25 01:33:04 - 3:12:09 - number of unique characters in the vocabulary: 15
INFO - 12/07/25 01:33:04 - 3:12:09 - vocabulary:
INFO - 12/07/25 01:33:04 - 3:12:09 - ['V0', 'V1', 'V2', 'V3', 'V4', 'V5', 'V6', 'V7', 'V8', 'V9', 'V10', 'V11', 'V12', 'V13', 'V14']
INFO - 12/07/25 01:33:04 - 3:12:09 - split up the dataset into 90 training examples and 10 test examples
INFO - 12/07/25 01:33:04 - 3:12:09 - ============ Start of generation 8 ============
INFO - 12/07/25 01:33:04 - 3:12:09 - Memory allocated:  45.82MB, reserved: 10106.00MB
INFO - 12/07/25 01:33:04 - 3:12:09 - training
INFO - 12/07/25 01:33:05 - 3:12:10 - step 0 | loss 0.2934 | step time 294.67ms
INFO - 12/07/25 01:33:33 - 3:12:38 - step 100 | loss 0.0271 | step time 287.64ms
INFO - 12/07/25 01:34:02 - 3:13:07 - step 200 | loss 0.0280 | step time 287.52ms
INFO - 12/07/25 01:34:31 - 3:13:36 - step 300 | loss 0.0254 | step time 287.55ms
INFO - 12/07/25 01:35:00 - 3:14:05 - step 400 | loss 0.0240 | step time 287.63ms
INFO - 12/07/25 01:35:28 - 3:14:33 - step 500 | loss 0.0244 | step time 287.77ms
INFO - 12/07/25 01:35:29 - 3:14:34 - step 500 train loss: 0.02484719082713127 test loss: 0.058442555367946625
INFO - 12/07/25 01:35:29 - 3:14:34 - test loss 0.058442555367946625 is the best so far, saving model to /home/yuebi/Project/dim22_run/dim22_run_1/1111/model.pt
INFO - 12/07/25 01:35:58 - 3:15:03 - step 600 | loss 0.0248 | step time 287.35ms
INFO - 12/07/25 01:36:26 - 3:15:31 - step 700 | loss 0.0247 | step time 287.59ms
INFO - 12/07/25 01:36:55 - 3:16:00 - step 800 | loss 0.0241 | step time 287.82ms
INFO - 12/07/25 01:37:24 - 3:16:29 - step 900 | loss 0.0247 | step time 287.99ms
INFO - 12/07/25 01:37:53 - 3:16:58 - step 1000 | loss 0.0246 | step time 287.77ms
INFO - 12/07/25 01:37:53 - 3:16:58 - step 1000 train loss: 0.024359185248613358 test loss: 0.1082523837685585
INFO - 12/07/25 01:38:22 - 3:17:27 - step 1100 | loss 0.0253 | step time 287.48ms
INFO - 12/07/25 01:38:50 - 3:17:56 - step 1200 | loss 0.0251 | step time 287.38ms
INFO - 12/07/25 01:39:19 - 3:18:24 - step 1300 | loss 0.0254 | step time 287.76ms
INFO - 12/07/25 01:39:48 - 3:18:53 - step 1400 | loss 0.0241 | step time 287.44ms
INFO - 12/07/25 01:40:17 - 3:19:22 - Memory allocated:  45.82MB, reserved: 10106.00MB
INFO - 12/07/25 01:40:17 - 3:19:22 - generating
INFO - 12/07/25 01:41:01 - 0:00:00 - ============ Initialized logger ============
INFO - 12/07/25 01:41:01 - 0:00:00 - batch_size: 32
                                     command: python fc_loop.py --exp_name=dim22_run_1 --dump_path=/home/yuebi/Project/dim22_run --num_initial_empty_objects=800 --final_database_size=100 --target_db_size=100 --nb_local_searches=800 --max_epochs=20 --type=transformer --max-output-length=350 --sample-only=25000 --max-steps=1500 --n_tokens=15 --n-layer=8 --n-embd=128 --n-embd2=128 --exp_id=1111 --exp_id "1111"
                                     cpu: False
                                     debug: False
                                     debug_slurm: False
                                     dump_path: /home/yuebi/Project/dim22_run/dim22_run_1/1111
                                     exp_id: 1111
                                     exp_name: dim22_run_1
                                     final_database_size: 100
                                     gen_batch_size: 1000
                                     global_rank: 0
                                     is_master: True
                                     is_slurm_job: True
                                     learning_rate: 0.0005
                                     local_rank: 0
                                     master_addr: gpu-6
                                     master_port: -1
                                     max_epochs: 20
                                     max_output_length: 350
                                     max_steps: 1500
                                     multi_gpu: False
                                     multi_node: False
                                     n_embd: 128
                                     n_embd2: 128
                                     n_gpu_per_node: 1
                                     n_head: 8
                                     n_layer: 8
                                     n_nodes: 1
                                     n_tokens: 15
                                     nb_local_searches: 800
                                     nb_threads: 1
                                     node_id: 0
                                     num_initial_empty_objects: 800
                                     num_workers: 8
                                     sample_only: 25000
                                     seed: -1
                                     target_db_size: 100
                                     temperature: 1.0
                                     top_k: -1
                                     type: transformer
                                     weight_decay: 0.01
                                     world_size: 1
INFO - 12/07/25 01:41:01 - 0:00:00 - The experiment will be stored in /home/yuebi/Project/dim22_run/dim22_run_1/1111
                                     
INFO - 12/07/25 01:41:01 - 0:00:00 - Running command: python fc_loop.py --exp_name=dim22_run_1 --dump_path=/home/yuebi/Project/dim22_run --num_initial_empty_objects=800 --final_database_size=100 --target_db_size=100 --nb_local_searches=800 --max_epochs=20 --type=transformer --max-output-length=350 --sample-only=25000 --max-steps=1500 --n_tokens=15 --n-layer=8 --n-embd=128 --n-embd2=128 --exp_id=1111

WARNING - 12/07/25 01:41:01 - 0:00:00 - Signal handler installed.
INFO - 12/07/25 01:41:01 - 0:00:00 - seed: 977018375
INFO - 12/07/25 01:41:01 - 0:00:00 - initializing at generation: 8
INFO - 12/07/25 01:41:01 - 0:00:00 - number of examples in the dataset: 100
INFO - 12/07/25 01:41:01 - 0:00:00 - max word length: 194
INFO - 12/07/25 01:41:01 - 0:00:00 - number of unique characters in the vocabulary: 15
INFO - 12/07/25 01:41:01 - 0:00:00 - vocabulary:
INFO - 12/07/25 01:41:01 - 0:00:00 - ['V0', 'V1', 'V2', 'V3', 'V4', 'V5', 'V6', 'V7', 'V8', 'V9', 'V10', 'V11', 'V12', 'V13', 'V14']
INFO - 12/07/25 01:41:01 - 0:00:00 - split up the dataset into 90 training examples and 10 test examples
INFO - 12/07/25 01:41:01 - 0:00:00 - dataset determined that: vocab_size=16, block_size=351
INFO - 12/07/25 01:41:01 - 0:00:00 - model #params: 1635456
INFO - 12/07/25 01:41:01 - 0:00:00 - resuming from existing model
INFO - 12/07/25 01:41:01 - 0:00:00 - ============ Start of generation 8 ============
INFO - 12/07/25 01:41:01 - 0:00:00 - Memory allocated:  10.00MB, reserved: 22.00MB
INFO - 12/07/25 01:41:01 - 0:00:00 - training
INFO - 12/07/25 01:41:06 - 0:00:05 - step 0 | loss 0.0323 | step time 630.85ms
INFO - 12/07/25 01:41:35 - 0:00:34 - step 100 | loss 0.0243 | step time 287.32ms
INFO - 12/07/25 01:42:04 - 0:01:03 - step 200 | loss 0.0245 | step time 287.61ms
INFO - 12/07/25 01:42:32 - 0:01:31 - step 300 | loss 0.0257 | step time 287.49ms
INFO - 12/07/25 01:43:01 - 0:02:00 - step 400 | loss 0.0248 | step time 287.10ms
INFO - 12/07/25 01:43:30 - 0:02:29 - step 500 | loss 0.0298 | step time 287.08ms
INFO - 12/07/25 01:43:30 - 0:02:29 - step 500 train loss: 0.028775231912732124 test loss: 0.2577783763408661
INFO - 12/07/25 01:43:30 - 0:02:29 - test loss 0.2577783763408661 is the best so far, saving model to /home/yuebi/Project/dim22_run/dim22_run_1/1111/model.pt
INFO - 12/07/25 01:43:59 - 0:02:58 - step 600 | loss 0.0246 | step time 287.55ms
INFO - 12/07/25 01:44:28 - 0:03:27 - step 700 | loss 0.0238 | step time 287.29ms
INFO - 12/07/25 01:44:56 - 0:03:55 - step 800 | loss 0.0245 | step time 287.47ms
INFO - 12/07/25 01:45:25 - 0:04:24 - step 900 | loss 0.0248 | step time 287.42ms
INFO - 12/07/25 01:45:54 - 0:04:53 - step 1000 | loss 0.0255 | step time 287.17ms
INFO - 12/07/25 01:45:54 - 0:04:53 - step 1000 train loss: 0.024631204083561897 test loss: 0.22743834555149078
INFO - 12/07/25 01:45:54 - 0:04:53 - test loss 0.22743834555149078 is the best so far, saving model to /home/yuebi/Project/dim22_run/dim22_run_1/1111/model.pt
INFO - 12/07/25 01:46:23 - 0:05:22 - step 1100 | loss 0.0250 | step time 287.66ms
INFO - 12/07/25 01:46:52 - 0:05:51 - step 1200 | loss 0.0246 | step time 287.24ms
INFO - 12/07/25 01:47:20 - 0:06:19 - step 1300 | loss 0.0250 | step time 287.45ms
INFO - 12/07/25 01:47:49 - 0:06:48 - step 1400 | loss 0.0239 | step time 286.99ms
INFO - 12/07/25 01:48:18 - 0:07:16 - Memory allocated:  45.82MB, reserved: 3306.00MB
INFO - 12/07/25 01:48:18 - 0:07:16 - generating
INFO - 12/07/25 04:43:37 - 3:02:36 - distribution of sample lengths: average: 594.5596 max: 1106
INFO - 12/07/25 04:43:37 - 3:02:36 - printed 25000 samples
INFO - 12/07/25 04:43:37 - 3:02:36 - decoding
INFO - 12/07/25 04:43:38 - 3:02:37 - Decoding complete. Check the output in /home/yuebi/Project/dim22_run/dim22_run_1/1111/transformer-output-decoded.txt
INFO - 12/07/25 04:43:38 - 3:02:37 - Memory allocated:  45.82MB, reserved: 10106.00MB
INFO - 12/07/25 04:43:38 - 3:02:37 - ============ End of generation 8 ============
INFO - 12/07/25 04:43:38 - 3:02:37 - launching search.jl
INFO - 12/07/25 04:43:38 - 3:02:37 - JULIA_NUM_THREADS is set to 1
INFO - 12/07/25 04:53:13 - 3:12:12 - distribution of scores(all rounds)
INFO - 12/07/25 04:53:13 - 3:12:12 - Score:662671900.0, Count:8
                                     
INFO - 12/07/25 04:53:13 - 3:12:12 - Score:547348350.0, Count:3
                                     
INFO - 12/07/25 04:53:13 - 3:12:12 - Score:528957570.0, Count:7
                                     
INFO - 12/07/25 04:53:13 - 3:12:12 - Score:527015400.0, Count:7
                                     
INFO - 12/07/25 04:53:13 - 3:12:12 - Score:524192220.0, Count:4
                                     
INFO - 12/07/25 04:53:13 - 3:12:12 - Score:523631970.0, Count:7
                                     
INFO - 12/07/25 04:53:13 - 3:12:12 - Score:521001630.0, Count:8
                                     
INFO - 12/07/25 04:53:13 - 3:12:12 - Score:520724770.0, Count:7
                                     
INFO - 12/07/25 04:53:13 - 3:12:12 - Score:519724900.0, Count:4
                                     
INFO - 12/07/25 04:53:13 - 3:12:12 - Score:519164800.0, Count:8
                                     
INFO - 12/07/25 04:53:13 - 3:12:12 - Score:518967970.0, Count:7
                                     
INFO - 12/07/25 04:53:13 - 3:12:12 - Score:517728770.0, Count:7
                                     
INFO - 12/07/25 04:53:13 - 3:12:12 - Score:516812700.0, Count:4
                                     
INFO - 12/07/25 04:53:13 - 3:12:12 - Score:514459500.0, Count:5
                                     
INFO - 12/07/25 04:53:13 - 3:12:12 - Score:510713470.0, Count:6
                                     
INFO - 12/07/25 04:53:13 - 3:12:12 - Score:509990880.0, Count:5
                                     
INFO - 12/07/25 04:53:13 - 3:12:12 - Score:509630980.0, Count:3
                                     
INFO - 12/07/25 04:53:13 - 3:12:12 - tokenizing
INFO - 12/07/25 04:53:13 - 3:12:12 - Loading tokenizer from /home/yuebi/Project/dim22_run/dim22_run_1/1111/tokenizer_data/tokenizer.json...
INFO - 12/07/25 04:53:13 - 3:12:12 - 0 / 100
INFO - 12/07/25 04:53:13 - 3:12:12 - number of examples in the dataset: 100
INFO - 12/07/25 04:53:13 - 3:12:12 - max word length: 194
INFO - 12/07/25 04:53:13 - 3:12:12 - number of unique characters in the vocabulary: 15
INFO - 12/07/25 04:53:13 - 3:12:12 - vocabulary:
INFO - 12/07/25 04:53:13 - 3:12:12 - ['V0', 'V1', 'V2', 'V3', 'V4', 'V5', 'V6', 'V7', 'V8', 'V9', 'V10', 'V11', 'V12', 'V13', 'V14']
INFO - 12/07/25 04:53:13 - 3:12:12 - split up the dataset into 90 training examples and 10 test examples
INFO - 12/07/25 04:53:13 - 3:12:12 - ============ Start of generation 9 ============
INFO - 12/07/25 04:53:13 - 3:12:12 - Memory allocated:  45.82MB, reserved: 10106.00MB
INFO - 12/07/25 04:53:13 - 3:12:12 - training
INFO - 12/07/25 04:53:14 - 3:12:13 - step 0 | loss 0.0573 | step time 297.61ms
INFO - 12/07/25 04:53:42 - 3:12:41 - step 100 | loss 0.0248 | step time 287.59ms
INFO - 12/07/25 04:54:11 - 3:13:10 - step 200 | loss 0.0245 | step time 287.86ms
INFO - 12/07/25 04:54:40 - 3:13:39 - step 300 | loss 0.0245 | step time 287.69ms
INFO - 12/07/25 04:55:09 - 3:14:08 - step 400 | loss 0.0249 | step time 287.36ms
INFO - 12/07/25 04:55:37 - 3:14:36 - step 500 | loss 0.0247 | step time 287.53ms
INFO - 12/07/25 04:55:38 - 3:14:37 - step 500 train loss: 0.02458992972970009 test loss: 0.07401636987924576
INFO - 12/07/25 04:55:38 - 3:14:37 - test loss 0.07401636987924576 is the best so far, saving model to /home/yuebi/Project/dim22_run/dim22_run_1/1111/model.pt
INFO - 12/07/25 04:56:06 - 3:15:05 - step 600 | loss 0.0254 | step time 287.40ms
INFO - 12/07/25 04:56:35 - 3:15:34 - step 700 | loss 0.0251 | step time 287.36ms
INFO - 12/07/25 04:57:04 - 3:16:03 - step 800 | loss 0.0247 | step time 287.77ms
INFO - 12/07/25 04:57:33 - 3:16:32 - step 900 | loss 0.0243 | step time 287.46ms
INFO - 12/07/25 04:58:01 - 3:17:00 - step 1000 | loss 0.0247 | step time 287.44ms
INFO - 12/07/25 04:58:02 - 3:17:01 - step 1000 train loss: 0.024450086057186127 test loss: 0.1657053679227829
INFO - 12/07/25 04:58:31 - 3:17:30 - step 1100 | loss 0.0244 | step time 287.34ms
INFO - 12/07/25 04:58:59 - 3:17:58 - step 1200 | loss 0.0244 | step time 287.59ms
INFO - 12/07/25 04:59:28 - 3:18:27 - step 1300 | loss 0.0249 | step time 287.80ms
INFO - 12/07/25 04:59:57 - 3:18:56 - step 1400 | loss 0.0247 | step time 287.32ms
INFO - 12/07/25 05:00:25 - 3:19:24 - Memory allocated:  45.82MB, reserved: 10106.00MB
INFO - 12/07/25 05:00:25 - 3:19:24 - generating
INFO - 12/07/25 05:01:09 - 0:00:00 - ============ Initialized logger ============
INFO - 12/07/25 05:01:09 - 0:00:00 - batch_size: 32
                                     command: python fc_loop.py --exp_name=dim22_run_1 --dump_path=/home/yuebi/Project/dim22_run --num_initial_empty_objects=800 --final_database_size=100 --target_db_size=100 --nb_local_searches=800 --max_epochs=20 --type=transformer --max-output-length=350 --sample-only=25000 --max-steps=1500 --n_tokens=15 --n-layer=8 --n-embd=128 --n-embd2=128 --exp_id=1111 --exp_id "1111"
                                     cpu: False
                                     debug: False
                                     debug_slurm: False
                                     dump_path: /home/yuebi/Project/dim22_run/dim22_run_1/1111
                                     exp_id: 1111
                                     exp_name: dim22_run_1
                                     final_database_size: 100
                                     gen_batch_size: 1000
                                     global_rank: 0
                                     is_master: True
                                     is_slurm_job: True
                                     learning_rate: 0.0005
                                     local_rank: 0
                                     master_addr: gpu-6
                                     master_port: -1
                                     max_epochs: 20
                                     max_output_length: 350
                                     max_steps: 1500
                                     multi_gpu: False
                                     multi_node: False
                                     n_embd: 128
                                     n_embd2: 128
                                     n_gpu_per_node: 1
                                     n_head: 8
                                     n_layer: 8
                                     n_nodes: 1
                                     n_tokens: 15
                                     nb_local_searches: 800
                                     nb_threads: 1
                                     node_id: 0
                                     num_initial_empty_objects: 800
                                     num_workers: 8
                                     sample_only: 25000
                                     seed: -1
                                     target_db_size: 100
                                     temperature: 1.0
                                     top_k: -1
                                     type: transformer
                                     weight_decay: 0.01
                                     world_size: 1
INFO - 12/07/25 05:01:09 - 0:00:00 - The experiment will be stored in /home/yuebi/Project/dim22_run/dim22_run_1/1111
                                     
INFO - 12/07/25 05:01:09 - 0:00:00 - Running command: python fc_loop.py --exp_name=dim22_run_1 --dump_path=/home/yuebi/Project/dim22_run --num_initial_empty_objects=800 --final_database_size=100 --target_db_size=100 --nb_local_searches=800 --max_epochs=20 --type=transformer --max-output-length=350 --sample-only=25000 --max-steps=1500 --n_tokens=15 --n-layer=8 --n-embd=128 --n-embd2=128 --exp_id=1111

WARNING - 12/07/25 05:01:09 - 0:00:00 - Signal handler installed.
INFO - 12/07/25 05:01:09 - 0:00:00 - seed: 722603455
INFO - 12/07/25 05:01:09 - 0:00:00 - initializing at generation: 9
INFO - 12/07/25 05:01:09 - 0:00:00 - number of examples in the dataset: 100
INFO - 12/07/25 05:01:09 - 0:00:00 - max word length: 194
INFO - 12/07/25 05:01:09 - 0:00:00 - number of unique characters in the vocabulary: 15
INFO - 12/07/25 05:01:09 - 0:00:00 - vocabulary:
INFO - 12/07/25 05:01:09 - 0:00:00 - ['V0', 'V1', 'V2', 'V3', 'V4', 'V5', 'V6', 'V7', 'V8', 'V9', 'V10', 'V11', 'V12', 'V13', 'V14']
INFO - 12/07/25 05:01:09 - 0:00:00 - split up the dataset into 90 training examples and 10 test examples
INFO - 12/07/25 05:01:09 - 0:00:00 - dataset determined that: vocab_size=16, block_size=351
INFO - 12/07/25 05:01:09 - 0:00:00 - model #params: 1635456
INFO - 12/07/25 05:01:09 - 0:00:00 - resuming from existing model
INFO - 12/07/25 05:01:09 - 0:00:00 - ============ Start of generation 9 ============
INFO - 12/07/25 05:01:09 - 0:00:00 - Memory allocated:  10.00MB, reserved: 22.00MB
INFO - 12/07/25 05:01:09 - 0:00:00 - training
INFO - 12/07/25 05:01:14 - 0:00:05 - step 0 | loss 0.0291 | step time 619.13ms
INFO - 12/07/25 05:01:43 - 0:00:34 - step 100 | loss 0.0250 | step time 287.42ms
INFO - 12/07/25 05:02:12 - 0:01:03 - step 200 | loss 0.0248 | step time 287.50ms
INFO - 12/07/25 05:02:40 - 0:01:31 - step 300 | loss 0.0251 | step time 287.41ms
INFO - 12/07/25 05:03:09 - 0:02:00 - step 400 | loss 0.0259 | step time 287.31ms
INFO - 12/07/25 05:03:38 - 0:02:29 - step 500 | loss 0.0346 | step time 287.34ms
INFO - 12/07/25 05:03:38 - 0:02:29 - step 500 train loss: 0.04711348935961723 test loss: 0.14397738873958588
INFO - 12/07/25 05:03:38 - 0:02:29 - test loss 0.14397738873958588 is the best so far, saving model to /home/yuebi/Project/dim22_run/dim22_run_1/1111/model.pt
INFO - 12/07/25 05:04:07 - 0:02:58 - step 600 | loss 0.0242 | step time 287.35ms
INFO - 12/07/25 05:04:36 - 0:03:27 - step 700 | loss 0.0244 | step time 287.56ms
INFO - 12/07/25 05:05:05 - 0:03:56 - step 800 | loss 0.0243 | step time 287.39ms
INFO - 12/07/25 05:05:33 - 0:04:24 - step 900 | loss 0.0248 | step time 287.22ms
INFO - 12/07/25 05:06:02 - 0:04:53 - step 1000 | loss 0.0245 | step time 287.63ms
INFO - 12/07/25 05:06:02 - 0:04:53 - step 1000 train loss: 0.024474624544382095 test loss: 0.14626263082027435
INFO - 12/07/25 05:06:31 - 0:05:22 - step 1100 | loss 0.0249 | step time 287.42ms
INFO - 12/07/25 05:07:00 - 0:05:51 - step 1200 | loss 0.0243 | step time 287.61ms
INFO - 12/07/25 05:07:29 - 0:06:20 - step 1300 | loss 0.0244 | step time 287.61ms
INFO - 12/07/25 05:07:57 - 0:06:48 - step 1400 | loss 0.0245 | step time 287.42ms
INFO - 12/07/25 05:08:26 - 0:07:17 - Memory allocated:  45.82MB, reserved: 3306.00MB
INFO - 12/07/25 05:08:26 - 0:07:17 - generating
INFO - 12/07/25 08:03:43 - 3:02:34 - distribution of sample lengths: average: 594.73984 max: 654
INFO - 12/07/25 08:03:43 - 3:02:34 - printed 25000 samples
INFO - 12/07/25 08:03:43 - 3:02:34 - decoding
INFO - 12/07/25 08:03:44 - 3:02:35 - Decoding complete. Check the output in /home/yuebi/Project/dim22_run/dim22_run_1/1111/transformer-output-decoded.txt
INFO - 12/07/25 08:03:44 - 3:02:35 - Memory allocated:  45.82MB, reserved: 10106.00MB
INFO - 12/07/25 08:03:44 - 3:02:35 - ============ End of generation 9 ============
INFO - 12/07/25 08:03:44 - 3:02:35 - launching search.jl
INFO - 12/07/25 08:03:44 - 3:02:35 - JULIA_NUM_THREADS is set to 1
INFO - 12/07/25 08:13:22 - 3:12:14 - distribution of scores(all rounds)
INFO - 12/07/25 08:13:22 - 3:12:14 - Score:662671900.0, Count:9
                                     
INFO - 12/07/25 08:13:22 - 3:12:14 - Score:547348350.0, Count:4
                                     
INFO - 12/07/25 08:13:22 - 3:12:14 - Score:528957570.0, Count:8
                                     
INFO - 12/07/25 08:13:22 - 3:12:14 - Score:527015400.0, Count:8
                                     
INFO - 12/07/25 08:13:22 - 3:12:14 - Score:524192220.0, Count:5
                                     
INFO - 12/07/25 08:13:22 - 3:12:14 - Score:523631970.0, Count:8
                                     
INFO - 12/07/25 08:13:22 - 3:12:14 - Score:521001630.0, Count:9
                                     
INFO - 12/07/25 08:13:22 - 3:12:14 - Score:520724770.0, Count:8
                                     
INFO - 12/07/25 08:13:22 - 3:12:14 - Score:519724900.0, Count:5
                                     
INFO - 12/07/25 08:13:22 - 3:12:14 - Score:519164800.0, Count:9
                                     
INFO - 12/07/25 08:13:22 - 3:12:14 - Score:518967970.0, Count:8
                                     
INFO - 12/07/25 08:13:22 - 3:12:14 - Score:517728770.0, Count:8
                                     
INFO - 12/07/25 08:13:22 - 3:12:14 - Score:516812700.0, Count:5
                                     
INFO - 12/07/25 08:13:22 - 3:12:14 - Score:514459500.0, Count:6
                                     
INFO - 12/07/25 08:13:22 - 3:12:14 - Score:510713470.0, Count:0
                                     
INFO - 12/07/25 08:13:22 - 3:12:14 - tokenizing
INFO - 12/07/25 08:13:22 - 3:12:14 - Loading tokenizer from /home/yuebi/Project/dim22_run/dim22_run_1/1111/tokenizer_data/tokenizer.json...
INFO - 12/07/25 08:13:22 - 3:12:14 - 0 / 100
INFO - 12/07/25 08:13:23 - 3:12:14 - number of examples in the dataset: 100
INFO - 12/07/25 08:13:23 - 3:12:14 - max word length: 194
INFO - 12/07/25 08:13:23 - 3:12:14 - number of unique characters in the vocabulary: 15
INFO - 12/07/25 08:13:23 - 3:12:14 - vocabulary:
INFO - 12/07/25 08:13:23 - 3:12:14 - ['V0', 'V1', 'V2', 'V3', 'V4', 'V5', 'V6', 'V7', 'V8', 'V9', 'V10', 'V11', 'V12', 'V13', 'V14']
INFO - 12/07/25 08:13:23 - 3:12:14 - split up the dataset into 90 training examples and 10 test examples
INFO - 12/07/25 08:13:23 - 3:12:14 - ============ Start of generation 10 ============
INFO - 12/07/25 08:13:23 - 3:12:14 - Memory allocated:  45.82MB, reserved: 10106.00MB
INFO - 12/07/25 08:13:23 - 3:12:14 - training
INFO - 12/07/25 08:13:23 - 3:12:14 - step 0 | loss 0.0389 | step time 295.71ms
INFO - 12/07/25 08:13:52 - 3:12:43 - step 100 | loss 0.0243 | step time 287.93ms
INFO - 12/07/25 08:14:20 - 3:13:11 - step 200 | loss 0.0247 | step time 287.68ms
INFO - 12/07/25 08:14:49 - 3:13:40 - step 300 | loss 0.0240 | step time 287.91ms
INFO - 12/07/25 08:15:18 - 3:14:09 - step 400 | loss 0.0246 | step time 288.03ms
INFO - 12/07/25 08:15:47 - 3:14:38 - step 500 | loss 0.0246 | step time 287.92ms
INFO - 12/07/25 08:15:47 - 3:14:38 - step 500 train loss: 0.02469390444457531 test loss: 0.0678369402885437
INFO - 12/07/25 08:15:47 - 3:14:38 - test loss 0.0678369402885437 is the best so far, saving model to /home/yuebi/Project/dim22_run/dim22_run_1/1111/model.pt
INFO - 12/07/25 08:16:16 - 3:15:07 - step 600 | loss 0.0392 | step time 287.57ms
INFO - 12/07/25 08:16:45 - 3:15:36 - step 700 | loss 0.0237 | step time 287.49ms
INFO - 12/07/25 08:17:13 - 3:16:04 - step 800 | loss 0.0240 | step time 287.54ms
INFO - 12/07/25 08:17:42 - 3:16:33 - step 900 | loss 0.0246 | step time 287.49ms
INFO - 12/07/25 08:18:11 - 3:17:02 - step 1000 | loss 0.0242 | step time 287.81ms
INFO - 12/07/25 08:18:11 - 3:17:02 - step 1000 train loss: 0.024471573531627655 test loss: 0.14029081165790558
INFO - 12/07/25 08:18:40 - 3:17:31 - step 1100 | loss 0.0251 | step time 287.27ms
INFO - 12/07/25 08:19:09 - 3:18:00 - step 1200 | loss 0.0245 | step time 287.57ms
INFO - 12/07/25 08:19:38 - 3:18:29 - step 1300 | loss 0.0445 | step time 288.48ms
INFO - 12/07/25 08:20:06 - 3:18:57 - step 1400 | loss 0.0240 | step time 287.82ms
INFO - 12/07/25 08:20:35 - 3:19:26 - Memory allocated:  45.82MB, reserved: 10106.00MB
INFO - 12/07/25 08:20:35 - 3:19:26 - generating
INFO - 12/07/25 08:21:16 - 0:00:00 - ============ Initialized logger ============
INFO - 12/07/25 08:21:16 - 0:00:00 - batch_size: 32
                                     command: python fc_loop.py --exp_name=dim22_run_1 --dump_path=/home/yuebi/Project/dim22_run --num_initial_empty_objects=800 --final_database_size=100 --target_db_size=100 --nb_local_searches=800 --max_epochs=20 --type=transformer --max-output-length=350 --sample-only=25000 --max-steps=1500 --n_tokens=15 --n-layer=8 --n-embd=128 --n-embd2=128 --exp_id=1111 --exp_id "1111"
                                     cpu: False
                                     debug: False
                                     debug_slurm: False
                                     dump_path: /home/yuebi/Project/dim22_run/dim22_run_1/1111
                                     exp_id: 1111
                                     exp_name: dim22_run_1
                                     final_database_size: 100
                                     gen_batch_size: 1000
                                     global_rank: 0
                                     is_master: True
                                     is_slurm_job: True
                                     learning_rate: 0.0005
                                     local_rank: 0
                                     master_addr: gpu-6
                                     master_port: -1
                                     max_epochs: 20
                                     max_output_length: 350
                                     max_steps: 1500
                                     multi_gpu: False
                                     multi_node: False
                                     n_embd: 128
                                     n_embd2: 128
                                     n_gpu_per_node: 1
                                     n_head: 8
                                     n_layer: 8
                                     n_nodes: 1
                                     n_tokens: 15
                                     nb_local_searches: 800
                                     nb_threads: 1
                                     node_id: 0
                                     num_initial_empty_objects: 800
                                     num_workers: 8
                                     sample_only: 25000
                                     seed: -1
                                     target_db_size: 100
                                     temperature: 1.0
                                     top_k: -1
                                     type: transformer
                                     weight_decay: 0.01
                                     world_size: 1
INFO - 12/07/25 08:21:16 - 0:00:00 - The experiment will be stored in /home/yuebi/Project/dim22_run/dim22_run_1/1111
                                     
INFO - 12/07/25 08:21:16 - 0:00:00 - Running command: python fc_loop.py --exp_name=dim22_run_1 --dump_path=/home/yuebi/Project/dim22_run --num_initial_empty_objects=800 --final_database_size=100 --target_db_size=100 --nb_local_searches=800 --max_epochs=20 --type=transformer --max-output-length=350 --sample-only=25000 --max-steps=1500 --n_tokens=15 --n-layer=8 --n-embd=128 --n-embd2=128 --exp_id=1111

WARNING - 12/07/25 08:21:16 - 0:00:00 - Signal handler installed.
INFO - 12/07/25 08:21:16 - 0:00:00 - seed: 179697574
INFO - 12/07/25 08:21:16 - 0:00:00 - initializing at generation: 10
INFO - 12/07/25 08:21:16 - 0:00:00 - number of examples in the dataset: 100
INFO - 12/07/25 08:21:16 - 0:00:00 - max word length: 194
INFO - 12/07/25 08:21:16 - 0:00:00 - number of unique characters in the vocabulary: 15
INFO - 12/07/25 08:21:16 - 0:00:00 - vocabulary:
INFO - 12/07/25 08:21:16 - 0:00:00 - ['V0', 'V1', 'V2', 'V3', 'V4', 'V5', 'V6', 'V7', 'V8', 'V9', 'V10', 'V11', 'V12', 'V13', 'V14']
INFO - 12/07/25 08:21:16 - 0:00:00 - split up the dataset into 90 training examples and 10 test examples
INFO - 12/07/25 08:21:16 - 0:00:00 - dataset determined that: vocab_size=16, block_size=351
INFO - 12/07/25 08:21:16 - 0:00:00 - model #params: 1635456
INFO - 12/07/25 08:21:16 - 0:00:00 - resuming from existing model
INFO - 12/07/25 08:21:16 - 0:00:00 - ============ Start of generation 10 ============
INFO - 12/07/25 08:21:16 - 0:00:00 - Memory allocated:  10.00MB, reserved: 22.00MB
INFO - 12/07/25 08:21:16 - 0:00:00 - training
INFO - 12/07/25 08:21:21 - 0:00:05 - step 0 | loss 0.0292 | step time 626.76ms
INFO - 12/07/25 08:21:50 - 0:00:34 - step 100 | loss 0.0248 | step time 287.17ms
INFO - 12/07/25 08:22:19 - 0:01:03 - step 200 | loss 0.0249 | step time 287.31ms
INFO - 12/07/25 08:22:47 - 0:01:31 - step 300 | loss 0.0243 | step time 287.42ms
INFO - 12/07/25 08:23:16 - 0:02:00 - step 400 | loss 0.0241 | step time 287.12ms
INFO - 12/07/25 08:23:45 - 0:02:29 - step 500 | loss 0.0240 | step time 287.20ms
INFO - 12/07/25 08:23:45 - 0:02:29 - step 500 train loss: 0.024609291926026344 test loss: 0.06427792459726334
INFO - 12/07/25 08:23:45 - 0:02:29 - test loss 0.06427792459726334 is the best so far, saving model to /home/yuebi/Project/dim22_run/dim22_run_1/1111/model.pt
INFO - 12/07/25 08:24:14 - 0:02:58 - step 600 | loss 0.0240 | step time 287.40ms
INFO - 12/07/25 08:24:43 - 0:03:27 - step 700 | loss 0.0242 | step time 287.19ms
INFO - 12/07/25 08:25:11 - 0:03:55 - step 800 | loss 0.0244 | step time 287.25ms
INFO - 12/07/25 08:25:40 - 0:04:24 - step 900 | loss 0.0241 | step time 287.35ms
INFO - 12/07/25 08:26:09 - 0:04:53 - step 1000 | loss 0.0242 | step time 287.09ms
INFO - 12/07/25 08:26:09 - 0:04:53 - step 1000 train loss: 0.02426884137094021 test loss: 0.10480006784200668
INFO - 12/07/25 08:26:38 - 0:05:22 - step 1100 | loss 0.0249 | step time 287.26ms
INFO - 12/07/25 08:27:06 - 0:05:50 - step 1200 | loss 0.0240 | step time 287.40ms
INFO - 12/07/25 08:27:35 - 0:06:19 - step 1300 | loss 0.0240 | step time 287.18ms
INFO - 12/07/25 08:28:04 - 0:06:48 - step 1400 | loss 0.0244 | step time 287.35ms
INFO - 12/07/25 08:28:32 - 0:07:16 - Memory allocated:  45.82MB, reserved: 3306.00MB
INFO - 12/07/25 08:28:32 - 0:07:16 - generating
INFO - 12/07/25 11:23:48 - 3:02:32 - distribution of sample lengths: average: 595.06004 max: 612
INFO - 12/07/25 11:23:48 - 3:02:32 - printed 25000 samples
INFO - 12/07/25 11:23:48 - 3:02:32 - decoding
INFO - 12/07/25 11:23:49 - 3:02:33 - Decoding complete. Check the output in /home/yuebi/Project/dim22_run/dim22_run_1/1111/transformer-output-decoded.txt
INFO - 12/07/25 11:23:49 - 3:02:33 - Memory allocated:  45.82MB, reserved: 10106.00MB
INFO - 12/07/25 11:23:49 - 3:02:33 - ============ End of generation 10 ============
INFO - 12/07/25 11:23:49 - 3:02:33 - launching search.jl
INFO - 12/07/25 11:23:49 - 3:02:33 - JULIA_NUM_THREADS is set to 1
INFO - 12/07/25 11:33:24 - 3:12:08 - distribution of scores(all rounds)
INFO - 12/07/25 11:33:24 - 3:12:08 - Score:662671900.0, Count:10
                                     
INFO - 12/07/25 11:33:24 - 3:12:08 - Score:547348350.0, Count:5
                                     
INFO - 12/07/25 11:33:24 - 3:12:08 - Score:528957570.0, Count:9
                                     
INFO - 12/07/25 11:33:24 - 3:12:08 - Score:527015400.0, Count:9
                                     
INFO - 12/07/25 11:33:24 - 3:12:08 - Score:524192220.0, Count:6
                                     
INFO - 12/07/25 11:33:24 - 3:12:08 - Score:523631970.0, Count:9
                                     
INFO - 12/07/25 11:33:24 - 3:12:08 - Score:521001630.0, Count:10
                                     
INFO - 12/07/25 11:33:24 - 3:12:08 - Score:520724770.0, Count:9
                                     
INFO - 12/07/25 11:33:24 - 3:12:08 - Score:519724900.0, Count:6
                                     
INFO - 12/07/25 11:33:24 - 3:12:08 - Score:519164800.0, Count:10
                                     
INFO - 12/07/25 11:33:24 - 3:12:08 - Score:518967970.0, Count:9
                                     
INFO - 12/07/25 11:33:24 - 3:12:08 - Score:517728770.0, Count:8
                                     
INFO - 12/07/25 11:33:24 - 3:12:08 - tokenizing
INFO - 12/07/25 11:33:24 - 3:12:08 - Loading tokenizer from /home/yuebi/Project/dim22_run/dim22_run_1/1111/tokenizer_data/tokenizer.json...
INFO - 12/07/25 11:33:24 - 3:12:08 - 0 / 100
INFO - 12/07/25 11:33:24 - 3:12:08 - number of examples in the dataset: 100
INFO - 12/07/25 11:33:24 - 3:12:08 - max word length: 194
INFO - 12/07/25 11:33:24 - 3:12:08 - number of unique characters in the vocabulary: 15
INFO - 12/07/25 11:33:24 - 3:12:08 - vocabulary:
INFO - 12/07/25 11:33:24 - 3:12:08 - ['V0', 'V1', 'V2', 'V3', 'V4', 'V5', 'V6', 'V7', 'V8', 'V9', 'V10', 'V11', 'V12', 'V13', 'V14']
INFO - 12/07/25 11:33:24 - 3:12:08 - split up the dataset into 90 training examples and 10 test examples
INFO - 12/07/25 11:33:24 - 3:12:08 - ============ Start of generation 11 ============
INFO - 12/07/25 11:33:24 - 3:12:08 - Memory allocated:  45.82MB, reserved: 10106.00MB
INFO - 12/07/25 11:33:24 - 3:12:08 - training
INFO - 12/07/25 11:33:24 - 3:12:08 - step 0 | loss 0.0431 | step time 296.69ms
INFO - 12/07/25 11:33:53 - 3:12:37 - step 100 | loss 0.0246 | step time 287.36ms
INFO - 12/07/25 11:34:22 - 3:13:06 - step 200 | loss 0.0242 | step time 287.29ms
INFO - 12/07/25 11:34:51 - 3:13:35 - step 300 | loss 0.0250 | step time 287.39ms
INFO - 12/07/25 11:35:19 - 3:14:03 - step 400 | loss 0.0244 | step time 287.71ms
INFO - 12/07/25 11:35:48 - 3:14:32 - step 500 | loss 0.0301 | step time 287.50ms
INFO - 12/07/25 11:35:49 - 3:14:33 - step 500 train loss: 0.028390325605869293 test loss: 0.14039990305900574
INFO - 12/07/25 11:35:49 - 3:14:33 - test loss 0.14039990305900574 is the best so far, saving model to /home/yuebi/Project/dim22_run/dim22_run_1/1111/model.pt
INFO - 12/07/25 11:36:17 - 3:15:01 - step 600 | loss 0.0247 | step time 287.74ms
INFO - 12/07/25 11:36:46 - 3:15:30 - step 700 | loss 0.0240 | step time 287.67ms
INFO - 12/07/25 11:37:15 - 3:15:59 - step 800 | loss 0.0243 | step time 287.50ms
INFO - 12/07/25 11:37:44 - 3:16:28 - step 900 | loss 0.0241 | step time 287.55ms
INFO - 12/07/25 11:38:12 - 3:16:56 - step 1000 | loss 0.0248 | step time 287.37ms
INFO - 12/07/25 11:38:13 - 3:16:57 - step 1000 train loss: 0.024521125480532646 test loss: 0.10667039453983307
INFO - 12/07/25 11:38:13 - 3:16:57 - test loss 0.10667039453983307 is the best so far, saving model to /home/yuebi/Project/dim22_run/dim22_run_1/1111/model.pt
INFO - 12/07/25 11:38:41 - 3:17:25 - step 1100 | loss 0.0240 | step time 287.41ms
INFO - 12/07/25 11:39:10 - 3:17:54 - step 1200 | loss 0.0237 | step time 287.56ms
INFO - 12/07/25 11:39:39 - 3:18:23 - step 1300 | loss 0.0245 | step time 287.60ms
INFO - 12/07/25 11:40:08 - 3:18:52 - step 1400 | loss 0.0240 | step time 287.53ms
INFO - 12/07/25 11:40:36 - 3:19:20 - Memory allocated:  45.82MB, reserved: 10106.00MB
INFO - 12/07/25 11:40:36 - 3:19:20 - generating
INFO - 12/07/25 11:41:25 - 0:00:00 - ============ Initialized logger ============
INFO - 12/07/25 11:41:25 - 0:00:00 - batch_size: 32
                                     command: python fc_loop.py --exp_name=dim22_run_1 --dump_path=/home/yuebi/Project/dim22_run --num_initial_empty_objects=800 --final_database_size=100 --target_db_size=100 --nb_local_searches=800 --max_epochs=20 --type=transformer --max-output-length=350 --sample-only=25000 --max-steps=1500 --n_tokens=15 --n-layer=8 --n-embd=128 --n-embd2=128 --exp_id=1111 --exp_id "1111"
                                     cpu: False
                                     debug: False
                                     debug_slurm: False
                                     dump_path: /home/yuebi/Project/dim22_run/dim22_run_1/1111
                                     exp_id: 1111
                                     exp_name: dim22_run_1
                                     final_database_size: 100
                                     gen_batch_size: 1000
                                     global_rank: 0
                                     is_master: True
                                     is_slurm_job: True
                                     learning_rate: 0.0005
                                     local_rank: 0
                                     master_addr: gpu-6
                                     master_port: -1
                                     max_epochs: 20
                                     max_output_length: 350
                                     max_steps: 1500
                                     multi_gpu: False
                                     multi_node: False
                                     n_embd: 128
                                     n_embd2: 128
                                     n_gpu_per_node: 1
                                     n_head: 8
                                     n_layer: 8
                                     n_nodes: 1
                                     n_tokens: 15
                                     nb_local_searches: 800
                                     nb_threads: 1
                                     node_id: 0
                                     num_initial_empty_objects: 800
                                     num_workers: 8
                                     sample_only: 25000
                                     seed: -1
                                     target_db_size: 100
                                     temperature: 1.0
                                     top_k: -1
                                     type: transformer
                                     weight_decay: 0.01
                                     world_size: 1
INFO - 12/07/25 11:41:25 - 0:00:00 - The experiment will be stored in /home/yuebi/Project/dim22_run/dim22_run_1/1111
                                     
INFO - 12/07/25 11:41:25 - 0:00:00 - Running command: python fc_loop.py --exp_name=dim22_run_1 --dump_path=/home/yuebi/Project/dim22_run --num_initial_empty_objects=800 --final_database_size=100 --target_db_size=100 --nb_local_searches=800 --max_epochs=20 --type=transformer --max-output-length=350 --sample-only=25000 --max-steps=1500 --n_tokens=15 --n-layer=8 --n-embd=128 --n-embd2=128 --exp_id=1111

WARNING - 12/07/25 11:41:25 - 0:00:00 - Signal handler installed.
INFO - 12/07/25 11:41:25 - 0:00:00 - seed: 16355639
INFO - 12/07/25 11:41:25 - 0:00:00 - initializing at generation: 11
INFO - 12/07/25 11:41:25 - 0:00:00 - number of examples in the dataset: 100
INFO - 12/07/25 11:41:25 - 0:00:00 - max word length: 194
INFO - 12/07/25 11:41:25 - 0:00:00 - number of unique characters in the vocabulary: 15
INFO - 12/07/25 11:41:25 - 0:00:00 - vocabulary:
INFO - 12/07/25 11:41:25 - 0:00:00 - ['V0', 'V1', 'V2', 'V3', 'V4', 'V5', 'V6', 'V7', 'V8', 'V9', 'V10', 'V11', 'V12', 'V13', 'V14']
INFO - 12/07/25 11:41:25 - 0:00:00 - split up the dataset into 90 training examples and 10 test examples
INFO - 12/07/25 11:41:25 - 0:00:00 - dataset determined that: vocab_size=16, block_size=351
INFO - 12/07/25 11:41:25 - 0:00:00 - model #params: 1635456
INFO - 12/07/25 11:41:25 - 0:00:00 - resuming from existing model
INFO - 12/07/25 11:41:25 - 0:00:00 - ============ Start of generation 11 ============
INFO - 12/07/25 11:41:25 - 0:00:00 - Memory allocated:  10.00MB, reserved: 22.00MB
INFO - 12/07/25 11:41:25 - 0:00:00 - training
INFO - 12/07/25 11:41:30 - 0:00:05 - step 0 | loss 0.0299 | step time 626.65ms
INFO - 12/07/25 11:41:59 - 0:00:34 - step 100 | loss 0.0245 | step time 287.28ms
INFO - 12/07/25 11:42:28 - 0:01:03 - step 200 | loss 0.0243 | step time 287.10ms
INFO - 12/07/25 11:42:57 - 0:01:32 - step 300 | loss 0.0246 | step time 287.39ms
INFO - 12/07/25 11:43:25 - 0:02:00 - step 400 | loss 0.0239 | step time 287.32ms
INFO - 12/07/25 11:43:54 - 0:02:29 - step 500 | loss 0.0245 | step time 287.43ms
INFO - 12/07/25 11:43:54 - 0:02:29 - step 500 train loss: 0.024272426962852478 test loss: 0.06331182271242142
INFO - 12/07/25 11:43:54 - 0:02:29 - test loss 0.06331182271242142 is the best so far, saving model to /home/yuebi/Project/dim22_run/dim22_run_1/1111/model.pt
INFO - 12/07/25 11:44:23 - 0:02:58 - step 600 | loss 0.0351 | step time 287.46ms
INFO - 12/07/25 11:44:52 - 0:03:27 - step 700 | loss 0.0244 | step time 287.62ms
INFO - 12/07/25 11:45:21 - 0:03:56 - step 800 | loss 0.0239 | step time 287.38ms
INFO - 12/07/25 11:45:49 - 0:04:24 - step 900 | loss 0.0241 | step time 287.25ms
INFO - 12/07/25 11:46:18 - 0:04:53 - step 1000 | loss 0.0246 | step time 287.36ms
INFO - 12/07/25 11:46:18 - 0:04:53 - step 1000 train loss: 0.024217726662755013 test loss: 0.10300587117671967
INFO - 12/07/25 11:46:47 - 0:05:22 - step 1100 | loss 0.0247 | step time 287.42ms
INFO - 12/07/25 11:47:16 - 0:05:51 - step 1200 | loss 0.0501 | step time 287.16ms
INFO - 12/07/25 11:47:45 - 0:06:20 - step 1300 | loss 0.0245 | step time 287.46ms
INFO - 12/07/25 11:48:13 - 0:06:48 - step 1400 | loss 0.0243 | step time 287.31ms
INFO - 12/07/25 11:48:42 - 0:07:17 - Memory allocated:  45.82MB, reserved: 3306.00MB
INFO - 12/07/25 11:48:42 - 0:07:17 - generating
INFO - 12/07/25 14:43:56 - 3:02:31 - distribution of sample lengths: average: 595.39772 max: 613
INFO - 12/07/25 14:43:56 - 3:02:31 - printed 25000 samples
INFO - 12/07/25 14:43:56 - 3:02:31 - decoding
INFO - 12/07/25 14:43:57 - 3:02:32 - Decoding complete. Check the output in /home/yuebi/Project/dim22_run/dim22_run_1/1111/transformer-output-decoded.txt
INFO - 12/07/25 14:43:57 - 3:02:32 - Memory allocated:  45.82MB, reserved: 10106.00MB
INFO - 12/07/25 14:43:57 - 3:02:32 - ============ End of generation 11 ============
INFO - 12/07/25 14:43:57 - 3:02:32 - launching search.jl
INFO - 12/07/25 14:43:57 - 3:02:32 - JULIA_NUM_THREADS is set to 1
INFO - 12/07/25 14:53:38 - 3:12:13 - distribution of scores(all rounds)
INFO - 12/07/25 14:53:38 - 3:12:13 - Score:662671900.0, Count:11
                                     
INFO - 12/07/25 14:53:38 - 3:12:13 - Score:547348350.0, Count:6
                                     
INFO - 12/07/25 14:53:38 - 3:12:13 - Score:539576100.0, Count:1
                                     
INFO - 12/07/25 14:53:38 - 3:12:13 - Score:528957570.0, Count:10
                                     
INFO - 12/07/25 14:53:38 - 3:12:13 - Score:527015400.0, Count:10
                                     
INFO - 12/07/25 14:53:38 - 3:12:13 - Score:524192220.0, Count:7
                                     
INFO - 12/07/25 14:53:38 - 3:12:13 - Score:523631970.0, Count:10
                                     
INFO - 12/07/25 14:53:38 - 3:12:13 - Score:521001630.0, Count:11
                                     
INFO - 12/07/25 14:53:38 - 3:12:13 - Score:520724770.0, Count:10
                                     
INFO - 12/07/25 14:53:38 - 3:12:13 - Score:519724900.0, Count:7
                                     
INFO - 12/07/25 14:53:38 - 3:12:13 - Score:519164800.0, Count:11
                                     
INFO - 12/07/25 14:53:38 - 3:12:13 - Score:518967970.0, Count:6
                                     
INFO - 12/07/25 14:53:38 - 3:12:13 - tokenizing
INFO - 12/07/25 14:53:38 - 3:12:13 - Loading tokenizer from /home/yuebi/Project/dim22_run/dim22_run_1/1111/tokenizer_data/tokenizer.json...
INFO - 12/07/25 14:53:38 - 3:12:13 - 0 / 100
INFO - 12/07/25 14:53:38 - 3:12:13 - number of examples in the dataset: 100
INFO - 12/07/25 14:53:38 - 3:12:13 - max word length: 194
INFO - 12/07/25 14:53:38 - 3:12:13 - number of unique characters in the vocabulary: 15
INFO - 12/07/25 14:53:38 - 3:12:13 - vocabulary:
INFO - 12/07/25 14:53:38 - 3:12:13 - ['V0', 'V1', 'V2', 'V3', 'V4', 'V5', 'V6', 'V7', 'V8', 'V9', 'V10', 'V11', 'V12', 'V13', 'V14']
INFO - 12/07/25 14:53:38 - 3:12:13 - split up the dataset into 90 training examples and 10 test examples
INFO - 12/07/25 14:53:38 - 3:12:13 - ============ Start of generation 12 ============
INFO - 12/07/25 14:53:38 - 3:12:13 - Memory allocated:  45.82MB, reserved: 10106.00MB
INFO - 12/07/25 14:53:38 - 3:12:13 - training
INFO - 12/07/25 14:53:39 - 3:12:14 - step 0 | loss 0.1533 | step time 295.18ms
INFO - 12/07/25 14:54:08 - 3:12:43 - step 100 | loss 0.0247 | step time 287.68ms
INFO - 12/07/25 14:54:36 - 3:13:11 - step 200 | loss 0.0249 | step time 287.41ms
INFO - 12/07/25 14:55:05 - 3:13:40 - step 300 | loss 0.0251 | step time 287.70ms
INFO - 12/07/25 14:55:34 - 3:14:09 - step 400 | loss 0.0253 | step time 287.57ms
INFO - 12/07/25 14:56:03 - 3:14:38 - step 500 | loss 0.0272 | step time 287.50ms
INFO - 12/07/25 14:56:03 - 3:14:38 - step 500 train loss: 0.03284097835421562 test loss: 0.15162213146686554
INFO - 12/07/25 14:56:03 - 3:14:38 - test loss 0.15162213146686554 is the best so far, saving model to /home/yuebi/Project/dim22_run/dim22_run_1/1111/model.pt
INFO - 12/07/25 14:56:32 - 3:15:07 - step 600 | loss 0.0242 | step time 287.48ms
INFO - 12/07/25 14:57:00 - 3:15:35 - step 700 | loss 0.0241 | step time 287.58ms
INFO - 12/07/25 14:57:29 - 3:16:04 - step 800 | loss 0.0242 | step time 287.50ms
INFO - 12/07/25 14:57:58 - 3:16:33 - step 900 | loss 0.0241 | step time 287.43ms
INFO - 12/07/25 14:58:27 - 3:17:02 - step 1000 | loss 0.0244 | step time 287.35ms
INFO - 12/07/25 14:58:27 - 3:17:02 - step 1000 train loss: 0.02450752630829811 test loss: 0.14218822121620178
INFO - 12/07/25 14:58:27 - 3:17:02 - test loss 0.14218822121620178 is the best so far, saving model to /home/yuebi/Project/dim22_run/dim22_run_1/1111/model.pt
INFO - 12/07/25 14:58:56 - 3:17:31 - step 1100 | loss 0.0239 | step time 287.43ms
INFO - 12/07/25 14:59:24 - 3:17:59 - step 1200 | loss 0.0253 | step time 287.40ms
INFO - 12/07/25 14:59:53 - 3:18:28 - step 1300 | loss 0.0245 | step time 287.26ms
INFO - 12/07/25 15:00:22 - 3:18:57 - step 1400 | loss 0.0241 | step time 287.52ms
INFO - 12/07/25 15:00:50 - 3:19:25 - Memory allocated:  45.82MB, reserved: 10106.00MB
INFO - 12/07/25 15:00:50 - 3:19:25 - generating
INFO - 12/07/25 15:01:33 - 0:00:00 - ============ Initialized logger ============
INFO - 12/07/25 15:01:33 - 0:00:00 - batch_size: 32
                                     command: python fc_loop.py --exp_name=dim22_run_1 --dump_path=/home/yuebi/Project/dim22_run --num_initial_empty_objects=800 --final_database_size=100 --target_db_size=100 --nb_local_searches=800 --max_epochs=20 --type=transformer --max-output-length=350 --sample-only=25000 --max-steps=1500 --n_tokens=15 --n-layer=8 --n-embd=128 --n-embd2=128 --exp_id=1111 --exp_id "1111"
                                     cpu: False
                                     debug: False
                                     debug_slurm: False
                                     dump_path: /home/yuebi/Project/dim22_run/dim22_run_1/1111
                                     exp_id: 1111
                                     exp_name: dim22_run_1
                                     final_database_size: 100
                                     gen_batch_size: 1000
                                     global_rank: 0
                                     is_master: True
                                     is_slurm_job: True
                                     learning_rate: 0.0005
                                     local_rank: 0
                                     master_addr: gpu-6
                                     master_port: -1
                                     max_epochs: 20
                                     max_output_length: 350
                                     max_steps: 1500
                                     multi_gpu: False
                                     multi_node: False
                                     n_embd: 128
                                     n_embd2: 128
                                     n_gpu_per_node: 1
                                     n_head: 8
                                     n_layer: 8
                                     n_nodes: 1
                                     n_tokens: 15
                                     nb_local_searches: 800
                                     nb_threads: 1
                                     node_id: 0
                                     num_initial_empty_objects: 800
                                     num_workers: 8
                                     sample_only: 25000
                                     seed: -1
                                     target_db_size: 100
                                     temperature: 1.0
                                     top_k: -1
                                     type: transformer
                                     weight_decay: 0.01
                                     world_size: 1
INFO - 12/07/25 15:01:33 - 0:00:00 - The experiment will be stored in /home/yuebi/Project/dim22_run/dim22_run_1/1111
                                     
INFO - 12/07/25 15:01:33 - 0:00:00 - Running command: python fc_loop.py --exp_name=dim22_run_1 --dump_path=/home/yuebi/Project/dim22_run --num_initial_empty_objects=800 --final_database_size=100 --target_db_size=100 --nb_local_searches=800 --max_epochs=20 --type=transformer --max-output-length=350 --sample-only=25000 --max-steps=1500 --n_tokens=15 --n-layer=8 --n-embd=128 --n-embd2=128 --exp_id=1111

WARNING - 12/07/25 15:01:33 - 0:00:00 - Signal handler installed.
INFO - 12/07/25 15:01:33 - 0:00:00 - seed: 633292271
INFO - 12/07/25 15:01:33 - 0:00:00 - initializing at generation: 12
INFO - 12/07/25 15:01:33 - 0:00:00 - number of examples in the dataset: 100
INFO - 12/07/25 15:01:33 - 0:00:00 - max word length: 194
INFO - 12/07/25 15:01:33 - 0:00:00 - number of unique characters in the vocabulary: 15
INFO - 12/07/25 15:01:33 - 0:00:00 - vocabulary:
INFO - 12/07/25 15:01:33 - 0:00:00 - ['V0', 'V1', 'V2', 'V3', 'V4', 'V5', 'V6', 'V7', 'V8', 'V9', 'V10', 'V11', 'V12', 'V13', 'V14']
INFO - 12/07/25 15:01:33 - 0:00:00 - split up the dataset into 90 training examples and 10 test examples
INFO - 12/07/25 15:01:33 - 0:00:00 - dataset determined that: vocab_size=16, block_size=351
INFO - 12/07/25 15:01:33 - 0:00:00 - model #params: 1635456
INFO - 12/07/25 15:01:33 - 0:00:00 - resuming from existing model
INFO - 12/07/25 15:01:33 - 0:00:00 - ============ Start of generation 12 ============
INFO - 12/07/25 15:01:33 - 0:00:00 - Memory allocated:  10.00MB, reserved: 22.00MB
INFO - 12/07/25 15:01:33 - 0:00:00 - training
INFO - 12/07/25 15:01:38 - 0:00:05 - step 0 | loss 0.0262 | step time 622.33ms
INFO - 12/07/25 15:02:07 - 0:00:34 - step 100 | loss 0.0247 | step time 287.59ms
INFO - 12/07/25 15:02:36 - 0:01:03 - step 200 | loss 0.0238 | step time 287.12ms
INFO - 12/07/25 15:03:04 - 0:01:31 - step 300 | loss 0.0244 | step time 287.12ms
INFO - 12/07/25 15:03:33 - 0:02:00 - step 400 | loss 0.0342 | step time 287.50ms
INFO - 12/07/25 15:04:02 - 0:02:29 - step 500 | loss 0.0245 | step time 287.33ms
INFO - 12/07/25 15:04:02 - 0:02:29 - step 500 train loss: 0.02427849732339382 test loss: 0.13490398228168488
INFO - 12/07/25 15:04:02 - 0:02:29 - test loss 0.13490398228168488 is the best so far, saving model to /home/yuebi/Project/dim22_run/dim22_run_1/1111/model.pt
INFO - 12/07/25 15:04:31 - 0:02:58 - step 600 | loss 0.0245 | step time 287.21ms
INFO - 12/07/25 15:05:00 - 0:03:27 - step 700 | loss 0.0244 | step time 287.13ms
INFO - 12/07/25 15:05:28 - 0:03:55 - step 800 | loss 0.0242 | step time 287.34ms
INFO - 12/07/25 15:05:57 - 0:04:24 - step 900 | loss 0.0242 | step time 287.23ms
INFO - 12/07/25 15:06:26 - 0:04:53 - step 1000 | loss 0.0239 | step time 287.30ms
INFO - 12/07/25 15:06:26 - 0:04:53 - step 1000 train loss: 0.024649715051054955 test loss: 0.12080000340938568
INFO - 12/07/25 15:06:26 - 0:04:53 - test loss 0.12080000340938568 is the best so far, saving model to /home/yuebi/Project/dim22_run/dim22_run_1/1111/model.pt
INFO - 12/07/25 15:06:55 - 0:05:22 - step 1100 | loss 0.0285 | step time 287.40ms
INFO - 12/07/25 15:07:24 - 0:05:51 - step 1200 | loss 0.0244 | step time 287.60ms
INFO - 12/07/25 15:07:52 - 0:06:19 - step 1300 | loss 0.0245 | step time 287.53ms
INFO - 12/07/25 15:08:21 - 0:06:48 - step 1400 | loss 0.0238 | step time 287.73ms
INFO - 12/07/25 15:08:50 - 0:07:17 - Memory allocated:  45.82MB, reserved: 3306.00MB
INFO - 12/07/25 15:08:50 - 0:07:17 - generating
INFO - 12/07/25 18:04:03 - 3:02:30 - distribution of sample lengths: average: 594.98888 max: 616
INFO - 12/07/25 18:04:03 - 3:02:30 - printed 25000 samples
INFO - 12/07/25 18:04:03 - 3:02:30 - decoding
INFO - 12/07/25 18:04:04 - 3:02:31 - Decoding complete. Check the output in /home/yuebi/Project/dim22_run/dim22_run_1/1111/transformer-output-decoded.txt
INFO - 12/07/25 18:04:04 - 3:02:31 - Memory allocated:  45.82MB, reserved: 10106.00MB
INFO - 12/07/25 18:04:04 - 3:02:31 - ============ End of generation 12 ============
INFO - 12/07/25 18:04:04 - 3:02:31 - launching search.jl
INFO - 12/07/25 18:04:04 - 3:02:31 - JULIA_NUM_THREADS is set to 1
INFO - 12/07/25 18:13:42 - 3:12:09 - distribution of scores(all rounds)
INFO - 12/07/25 18:13:42 - 3:12:09 - Score:662671900.0, Count:12
                                     
INFO - 12/07/25 18:13:42 - 3:12:09 - Score:547348350.0, Count:7
                                     
INFO - 12/07/25 18:13:42 - 3:12:09 - Score:539576100.0, Count:2
                                     
INFO - 12/07/25 18:13:42 - 3:12:09 - Score:528957570.0, Count:11
                                     
INFO - 12/07/25 18:13:42 - 3:12:09 - Score:527015400.0, Count:11
                                     
INFO - 12/07/25 18:13:42 - 3:12:09 - Score:524192220.0, Count:8
                                     
INFO - 12/07/25 18:13:42 - 3:12:09 - Score:523631970.0, Count:11
                                     
INFO - 12/07/25 18:13:42 - 3:12:09 - Score:521001630.0, Count:12
                                     
INFO - 12/07/25 18:13:42 - 3:12:09 - Score:520724770.0, Count:11
                                     
INFO - 12/07/25 18:13:42 - 3:12:09 - Score:519724900.0, Count:8
                                     
INFO - 12/07/25 18:13:42 - 3:12:09 - Score:519164800.0, Count:7
                                     
INFO - 12/07/25 18:13:42 - 3:12:09 - tokenizing
INFO - 12/07/25 18:13:42 - 3:12:09 - Loading tokenizer from /home/yuebi/Project/dim22_run/dim22_run_1/1111/tokenizer_data/tokenizer.json...
INFO - 12/07/25 18:13:42 - 3:12:09 - 0 / 100
INFO - 12/07/25 18:13:42 - 3:12:09 - number of examples in the dataset: 100
INFO - 12/07/25 18:13:42 - 3:12:09 - max word length: 194
INFO - 12/07/25 18:13:42 - 3:12:09 - number of unique characters in the vocabulary: 15
INFO - 12/07/25 18:13:42 - 3:12:09 - vocabulary:
INFO - 12/07/25 18:13:42 - 3:12:09 - ['V0', 'V1', 'V2', 'V3', 'V4', 'V5', 'V6', 'V7', 'V8', 'V9', 'V10', 'V11', 'V12', 'V13', 'V14']
INFO - 12/07/25 18:13:42 - 3:12:09 - split up the dataset into 90 training examples and 10 test examples
INFO - 12/07/25 18:13:42 - 3:12:09 - ============ Start of generation 13 ============
INFO - 12/07/25 18:13:42 - 3:12:09 - Memory allocated:  45.82MB, reserved: 10106.00MB
INFO - 12/07/25 18:13:42 - 3:12:09 - training
INFO - 12/07/25 18:13:42 - 3:12:09 - step 0 | loss 0.0374 | step time 297.80ms
INFO - 12/07/25 18:14:11 - 3:12:38 - step 100 | loss 0.0244 | step time 287.61ms
INFO - 12/07/25 18:14:40 - 3:13:07 - step 200 | loss 0.0243 | step time 288.04ms
INFO - 12/07/25 18:15:09 - 3:13:36 - step 300 | loss 0.0246 | step time 287.34ms
INFO - 12/07/25 18:15:37 - 3:14:04 - step 400 | loss 0.0239 | step time 287.85ms
INFO - 12/07/25 18:16:06 - 3:14:33 - step 500 | loss 0.0243 | step time 287.60ms
INFO - 12/07/25 18:16:07 - 3:14:34 - step 500 train loss: 0.02438308298587799 test loss: 0.11825983226299286
INFO - 12/07/25 18:16:07 - 3:14:34 - test loss 0.11825983226299286 is the best so far, saving model to /home/yuebi/Project/dim22_run/dim22_run_1/1111/model.pt
INFO - 12/07/25 18:16:35 - 3:15:02 - step 600 | loss 0.0316 | step time 287.56ms
INFO - 12/07/25 18:17:04 - 3:15:31 - step 700 | loss 0.0241 | step time 287.76ms
INFO - 12/07/25 18:17:33 - 3:16:00 - step 800 | loss 0.0245 | step time 287.48ms
INFO - 12/07/25 18:18:02 - 3:16:29 - step 900 | loss 0.0244 | step time 287.58ms
INFO - 12/07/25 18:18:30 - 3:16:57 - step 1000 | loss 0.0246 | step time 287.59ms
INFO - 12/07/25 18:18:31 - 3:16:58 - step 1000 train loss: 0.024262338876724243 test loss: 0.15885145962238312
INFO - 12/07/25 18:18:59 - 3:17:26 - step 1100 | loss 0.0244 | step time 287.10ms
INFO - 12/07/25 18:19:28 - 3:17:55 - step 1200 | loss 0.0247 | step time 287.62ms
INFO - 12/07/25 18:19:57 - 3:18:24 - step 1300 | loss 0.0267 | step time 287.67ms
INFO - 12/07/25 18:20:26 - 3:18:53 - step 1400 | loss 0.0242 | step time 287.60ms
INFO - 12/07/25 18:20:54 - 3:19:21 - Memory allocated:  45.82MB, reserved: 10106.00MB
INFO - 12/07/25 18:20:54 - 3:19:21 - generating
INFO - 12/07/25 18:21:36 - 0:00:00 - ============ Initialized logger ============
INFO - 12/07/25 18:21:36 - 0:00:00 - batch_size: 32
                                     command: python fc_loop.py --exp_name=dim22_run_1 --dump_path=/home/yuebi/Project/dim22_run --num_initial_empty_objects=800 --final_database_size=100 --target_db_size=100 --nb_local_searches=800 --max_epochs=20 --type=transformer --max-output-length=350 --sample-only=25000 --max-steps=1500 --n_tokens=15 --n-layer=8 --n-embd=128 --n-embd2=128 --exp_id=1111 --exp_id "1111"
                                     cpu: False
                                     debug: False
                                     debug_slurm: False
                                     dump_path: /home/yuebi/Project/dim22_run/dim22_run_1/1111
                                     exp_id: 1111
                                     exp_name: dim22_run_1
                                     final_database_size: 100
                                     gen_batch_size: 1000
                                     global_rank: 0
                                     is_master: True
                                     is_slurm_job: True
                                     learning_rate: 0.0005
                                     local_rank: 0
                                     master_addr: gpu-6
                                     master_port: -1
                                     max_epochs: 20
                                     max_output_length: 350
                                     max_steps: 1500
                                     multi_gpu: False
                                     multi_node: False
                                     n_embd: 128
                                     n_embd2: 128
                                     n_gpu_per_node: 1
                                     n_head: 8
                                     n_layer: 8
                                     n_nodes: 1
                                     n_tokens: 15
                                     nb_local_searches: 800
                                     nb_threads: 1
                                     node_id: 0
                                     num_initial_empty_objects: 800
                                     num_workers: 8
                                     sample_only: 25000
                                     seed: -1
                                     target_db_size: 100
                                     temperature: 1.0
                                     top_k: -1
                                     type: transformer
                                     weight_decay: 0.01
                                     world_size: 1
INFO - 12/07/25 18:21:36 - 0:00:00 - The experiment will be stored in /home/yuebi/Project/dim22_run/dim22_run_1/1111
                                     
INFO - 12/07/25 18:21:36 - 0:00:00 - Running command: python fc_loop.py --exp_name=dim22_run_1 --dump_path=/home/yuebi/Project/dim22_run --num_initial_empty_objects=800 --final_database_size=100 --target_db_size=100 --nb_local_searches=800 --max_epochs=20 --type=transformer --max-output-length=350 --sample-only=25000 --max-steps=1500 --n_tokens=15 --n-layer=8 --n-embd=128 --n-embd2=128 --exp_id=1111

WARNING - 12/07/25 18:21:36 - 0:00:00 - Signal handler installed.
INFO - 12/07/25 18:21:36 - 0:00:00 - seed: 466341210
INFO - 12/07/25 18:21:36 - 0:00:00 - initializing at generation: 13
INFO - 12/07/25 18:21:36 - 0:00:00 - number of examples in the dataset: 100
INFO - 12/07/25 18:21:36 - 0:00:00 - max word length: 194
INFO - 12/07/25 18:21:36 - 0:00:00 - number of unique characters in the vocabulary: 15
INFO - 12/07/25 18:21:36 - 0:00:00 - vocabulary:
INFO - 12/07/25 18:21:36 - 0:00:00 - ['V0', 'V1', 'V2', 'V3', 'V4', 'V5', 'V6', 'V7', 'V8', 'V9', 'V10', 'V11', 'V12', 'V13', 'V14']
INFO - 12/07/25 18:21:36 - 0:00:00 - split up the dataset into 90 training examples and 10 test examples
INFO - 12/07/25 18:21:36 - 0:00:00 - dataset determined that: vocab_size=16, block_size=351
INFO - 12/07/25 18:21:36 - 0:00:00 - model #params: 1635456
INFO - 12/07/25 18:21:36 - 0:00:00 - resuming from existing model
INFO - 12/07/25 18:21:36 - 0:00:00 - ============ Start of generation 13 ============
INFO - 12/07/25 18:21:36 - 0:00:00 - Memory allocated:  10.00MB, reserved: 22.00MB
INFO - 12/07/25 18:21:36 - 0:00:00 - training
INFO - 12/07/25 18:21:41 - 0:00:05 - step 0 | loss 0.0371 | step time 628.53ms
INFO - 12/07/25 18:22:10 - 0:00:34 - step 100 | loss 0.0242 | step time 287.27ms
INFO - 12/07/25 18:22:39 - 0:01:03 - step 200 | loss 0.0246 | step time 287.07ms
INFO - 12/07/25 18:23:07 - 0:01:31 - step 300 | loss 0.0252 | step time 287.36ms
INFO - 12/07/25 18:23:36 - 0:02:00 - step 400 | loss 0.0245 | step time 287.28ms
INFO - 12/07/25 18:24:05 - 0:02:29 - step 500 | loss 0.0356 | step time 287.13ms
INFO - 12/07/25 18:24:05 - 0:02:29 - step 500 train loss: 0.029360860586166382 test loss: 0.10515066981315613
INFO - 12/07/25 18:24:05 - 0:02:29 - test loss 0.10515066981315613 is the best so far, saving model to /home/yuebi/Project/dim22_run/dim22_run_1/1111/model.pt
INFO - 12/07/25 18:24:34 - 0:02:58 - step 600 | loss 0.0241 | step time 287.19ms
INFO - 12/07/25 18:25:03 - 0:03:27 - step 700 | loss 0.0244 | step time 287.36ms
INFO - 12/07/25 18:25:31 - 0:03:55 - step 800 | loss 0.0242 | step time 287.31ms
INFO - 12/07/25 18:26:00 - 0:04:24 - step 900 | loss 0.0242 | step time 287.30ms
INFO - 12/07/25 18:26:29 - 0:04:53 - step 1000 | loss 0.0240 | step time 287.27ms
INFO - 12/07/25 18:26:29 - 0:04:53 - step 1000 train loss: 0.024469656869769096 test loss: 0.10942050814628601
INFO - 12/07/25 18:26:58 - 0:05:22 - step 1100 | loss 0.0249 | step time 288.00ms
INFO - 12/07/25 18:27:27 - 0:05:51 - step 1200 | loss 0.0256 | step time 287.17ms
INFO - 12/07/25 18:27:55 - 0:06:19 - step 1300 | loss 0.0243 | step time 286.97ms
INFO - 12/07/25 18:28:24 - 0:06:48 - step 1400 | loss 0.0245 | step time 287.06ms
INFO - 12/07/25 18:28:52 - 0:07:16 - Memory allocated:  45.82MB, reserved: 3306.00MB
INFO - 12/07/25 18:28:52 - 0:07:16 - generating
INFO - 12/07/25 21:24:07 - 3:02:31 - distribution of sample lengths: average: 595.05848 max: 1095
INFO - 12/07/25 21:24:07 - 3:02:31 - printed 25000 samples
INFO - 12/07/25 21:24:07 - 3:02:31 - decoding
INFO - 12/07/25 21:24:08 - 3:02:32 - Decoding complete. Check the output in /home/yuebi/Project/dim22_run/dim22_run_1/1111/transformer-output-decoded.txt
INFO - 12/07/25 21:24:08 - 3:02:32 - Memory allocated:  45.82MB, reserved: 10106.00MB
INFO - 12/07/25 21:24:08 - 3:02:32 - ============ End of generation 13 ============
INFO - 12/07/25 21:24:08 - 3:02:32 - launching search.jl
INFO - 12/07/25 21:24:08 - 3:02:32 - JULIA_NUM_THREADS is set to 1
INFO - 12/07/25 21:33:48 - 3:12:12 - distribution of scores(all rounds)
INFO - 12/07/25 21:33:48 - 3:12:12 - Score:662671900.0, Count:13
                                     
INFO - 12/07/25 21:33:48 - 3:12:12 - Score:547348350.0, Count:8
                                     
INFO - 12/07/25 21:33:48 - 3:12:12 - Score:539576100.0, Count:3
                                     
INFO - 12/07/25 21:33:48 - 3:12:12 - Score:528957570.0, Count:12
                                     
INFO - 12/07/25 21:33:48 - 3:12:12 - Score:527015400.0, Count:12
                                     
INFO - 12/07/25 21:33:48 - 3:12:12 - Score:524192220.0, Count:9
                                     
INFO - 12/07/25 21:33:48 - 3:12:12 - Score:523631970.0, Count:12
                                     
INFO - 12/07/25 21:33:48 - 3:12:12 - Score:521001630.0, Count:13
                                     
INFO - 12/07/25 21:33:48 - 3:12:12 - Score:520724770.0, Count:12
                                     
INFO - 12/07/25 21:33:48 - 3:12:12 - Score:519724900.0, Count:6
                                     
INFO - 12/07/25 21:33:48 - 3:12:12 - tokenizing
INFO - 12/07/25 21:33:48 - 3:12:12 - Loading tokenizer from /home/yuebi/Project/dim22_run/dim22_run_1/1111/tokenizer_data/tokenizer.json...
INFO - 12/07/25 21:33:48 - 3:12:12 - 0 / 100
INFO - 12/07/25 21:33:48 - 3:12:12 - number of examples in the dataset: 100
INFO - 12/07/25 21:33:48 - 3:12:12 - max word length: 194
INFO - 12/07/25 21:33:48 - 3:12:12 - number of unique characters in the vocabulary: 15
INFO - 12/07/25 21:33:48 - 3:12:12 - vocabulary:
INFO - 12/07/25 21:33:48 - 3:12:12 - ['V0', 'V1', 'V2', 'V3', 'V4', 'V5', 'V6', 'V7', 'V8', 'V9', 'V10', 'V11', 'V12', 'V13', 'V14']
INFO - 12/07/25 21:33:48 - 3:12:12 - split up the dataset into 90 training examples and 10 test examples
INFO - 12/07/25 21:33:48 - 3:12:12 - ============ Start of generation 14 ============
INFO - 12/07/25 21:33:48 - 3:12:12 - Memory allocated:  45.82MB, reserved: 10106.00MB
INFO - 12/07/25 21:33:48 - 3:12:12 - training
INFO - 12/07/25 21:33:49 - 3:12:12 - step 0 | loss 0.0596 | step time 296.41ms
INFO - 12/07/25 21:34:17 - 3:12:41 - step 100 | loss 0.0247 | step time 287.38ms
INFO - 12/07/25 21:34:46 - 3:13:10 - step 200 | loss 0.0246 | step time 287.46ms
INFO - 12/07/25 21:35:15 - 3:13:39 - step 300 | loss 0.0245 | step time 287.43ms
INFO - 12/07/25 21:35:44 - 3:14:08 - step 400 | loss 0.0244 | step time 287.92ms
INFO - 12/07/25 21:36:12 - 3:14:36 - step 500 | loss 0.0245 | step time 287.66ms
INFO - 12/07/25 21:36:13 - 3:14:37 - step 500 train loss: 0.024405520409345627 test loss: 0.06331699341535568
INFO - 12/07/25 21:36:13 - 3:14:37 - test loss 0.06331699341535568 is the best so far, saving model to /home/yuebi/Project/dim22_run/dim22_run_1/1111/model.pt
INFO - 12/07/25 21:36:41 - 3:15:05 - step 600 | loss 0.0282 | step time 287.62ms
INFO - 12/07/25 21:37:10 - 3:15:34 - step 700 | loss 0.0244 | step time 287.29ms
INFO - 12/07/25 21:37:39 - 3:16:03 - step 800 | loss 0.0239 | step time 287.51ms
INFO - 12/07/25 21:38:08 - 3:16:32 - step 900 | loss 0.0244 | step time 287.33ms
INFO - 12/07/25 21:38:36 - 3:17:00 - step 1000 | loss 0.0245 | step time 287.36ms
INFO - 12/07/25 21:38:37 - 3:17:01 - step 1000 train loss: 0.024266354739665985 test loss: 0.12704363465309143
INFO - 12/07/25 21:39:05 - 3:17:29 - step 1100 | loss 0.0245 | step time 287.46ms
INFO - 12/07/25 21:39:34 - 3:17:58 - step 1200 | loss 0.0243 | step time 287.32ms
INFO - 12/07/25 21:40:03 - 3:18:27 - step 1300 | loss 0.0330 | step time 287.41ms
INFO - 12/07/25 21:40:32 - 3:18:56 - step 1400 | loss 0.0244 | step time 287.47ms
INFO - 12/07/25 21:41:00 - 3:19:24 - Memory allocated:  45.82MB, reserved: 10106.00MB
INFO - 12/07/25 21:41:00 - 3:19:24 - generating
INFO - 12/07/25 21:41:42 - 0:00:00 - ============ Initialized logger ============
INFO - 12/07/25 21:41:42 - 0:00:00 - batch_size: 32
                                     command: python fc_loop.py --exp_name=dim22_run_1 --dump_path=/home/yuebi/Project/dim22_run --num_initial_empty_objects=800 --final_database_size=100 --target_db_size=100 --nb_local_searches=800 --max_epochs=20 --type=transformer --max-output-length=350 --sample-only=25000 --max-steps=1500 --n_tokens=15 --n-layer=8 --n-embd=128 --n-embd2=128 --exp_id=1111 --exp_id "1111"
                                     cpu: False
                                     debug: False
                                     debug_slurm: False
                                     dump_path: /home/yuebi/Project/dim22_run/dim22_run_1/1111
                                     exp_id: 1111
                                     exp_name: dim22_run_1
                                     final_database_size: 100
                                     gen_batch_size: 1000
                                     global_rank: 0
                                     is_master: True
                                     is_slurm_job: True
                                     learning_rate: 0.0005
                                     local_rank: 0
                                     master_addr: gpu-6
                                     master_port: -1
                                     max_epochs: 20
                                     max_output_length: 350
                                     max_steps: 1500
                                     multi_gpu: False
                                     multi_node: False
                                     n_embd: 128
                                     n_embd2: 128
                                     n_gpu_per_node: 1
                                     n_head: 8
                                     n_layer: 8
                                     n_nodes: 1
                                     n_tokens: 15
                                     nb_local_searches: 800
                                     nb_threads: 1
                                     node_id: 0
                                     num_initial_empty_objects: 800
                                     num_workers: 8
                                     sample_only: 25000
                                     seed: -1
                                     target_db_size: 100
                                     temperature: 1.0
                                     top_k: -1
                                     type: transformer
                                     weight_decay: 0.01
                                     world_size: 1
INFO - 12/07/25 21:41:42 - 0:00:00 - The experiment will be stored in /home/yuebi/Project/dim22_run/dim22_run_1/1111
                                     
INFO - 12/07/25 21:41:42 - 0:00:00 - Running command: python fc_loop.py --exp_name=dim22_run_1 --dump_path=/home/yuebi/Project/dim22_run --num_initial_empty_objects=800 --final_database_size=100 --target_db_size=100 --nb_local_searches=800 --max_epochs=20 --type=transformer --max-output-length=350 --sample-only=25000 --max-steps=1500 --n_tokens=15 --n-layer=8 --n-embd=128 --n-embd2=128 --exp_id=1111

WARNING - 12/07/25 21:41:42 - 0:00:00 - Signal handler installed.
INFO - 12/07/25 21:41:42 - 0:00:00 - seed: 84275853
INFO - 12/07/25 21:41:42 - 0:00:00 - initializing at generation: 14
INFO - 12/07/25 21:41:42 - 0:00:00 - number of examples in the dataset: 100
INFO - 12/07/25 21:41:42 - 0:00:00 - max word length: 194
INFO - 12/07/25 21:41:42 - 0:00:00 - number of unique characters in the vocabulary: 15
INFO - 12/07/25 21:41:42 - 0:00:00 - vocabulary:
INFO - 12/07/25 21:41:42 - 0:00:00 - ['V0', 'V1', 'V2', 'V3', 'V4', 'V5', 'V6', 'V7', 'V8', 'V9', 'V10', 'V11', 'V12', 'V13', 'V14']
INFO - 12/07/25 21:41:42 - 0:00:00 - split up the dataset into 90 training examples and 10 test examples
INFO - 12/07/25 21:41:42 - 0:00:00 - dataset determined that: vocab_size=16, block_size=351
INFO - 12/07/25 21:41:42 - 0:00:00 - model #params: 1635456
INFO - 12/07/25 21:41:42 - 0:00:00 - resuming from existing model
INFO - 12/07/25 21:41:42 - 0:00:00 - ============ Start of generation 14 ============
INFO - 12/07/25 21:41:42 - 0:00:00 - Memory allocated:  10.00MB, reserved: 22.00MB
INFO - 12/07/25 21:41:42 - 0:00:00 - training
INFO - 12/07/25 21:41:47 - 0:00:05 - step 0 | loss 0.0236 | step time 618.71ms
INFO - 12/07/25 21:42:16 - 0:00:34 - step 100 | loss 0.0277 | step time 287.43ms
INFO - 12/07/25 21:42:45 - 0:01:03 - step 200 | loss 0.0241 | step time 287.36ms
INFO - 12/07/25 21:43:14 - 0:01:32 - step 300 | loss 0.0244 | step time 287.31ms
INFO - 12/07/25 21:43:42 - 0:02:00 - step 400 | loss 0.0241 | step time 287.17ms
INFO - 12/07/25 21:44:11 - 0:02:29 - step 500 | loss 0.0238 | step time 287.08ms
INFO - 12/07/25 21:44:11 - 0:02:29 - step 500 train loss: 0.0243908129632473 test loss: 0.0805346742272377
INFO - 12/07/25 21:44:11 - 0:02:29 - test loss 0.0805346742272377 is the best so far, saving model to /home/yuebi/Project/dim22_run/dim22_run_1/1111/model.pt
INFO - 12/07/25 21:44:40 - 0:02:58 - step 600 | loss 0.0240 | step time 287.39ms
INFO - 12/07/25 21:45:09 - 0:03:27 - step 700 | loss 0.0319 | step time 287.04ms
INFO - 12/07/25 21:45:38 - 0:03:56 - step 800 | loss 0.0242 | step time 287.16ms
INFO - 12/07/25 21:46:06 - 0:04:24 - step 900 | loss 0.0241 | step time 286.86ms
INFO - 12/07/25 21:46:35 - 0:04:53 - step 1000 | loss 0.0244 | step time 287.09ms
INFO - 12/07/25 21:46:35 - 0:04:53 - step 1000 train loss: 0.024189159274101257 test loss: 0.15733669698238373
INFO - 12/07/25 21:47:04 - 0:05:22 - step 1100 | loss 0.0240 | step time 287.43ms
INFO - 12/07/25 21:47:33 - 0:05:51 - step 1200 | loss 0.0247 | step time 287.57ms
INFO - 12/07/25 21:48:02 - 0:06:20 - step 1300 | loss 0.0244 | step time 287.28ms
INFO - 12/07/25 21:48:30 - 0:06:48 - step 1400 | loss 0.0241 | step time 287.35ms
INFO - 12/07/25 21:48:59 - 0:07:17 - Memory allocated:  45.82MB, reserved: 3306.00MB
INFO - 12/07/25 21:48:59 - 0:07:17 - generating
INFO - 12/08/25 00:44:15 - 3:02:33 - distribution of sample lengths: average: 594.8248 max: 915
INFO - 12/08/25 00:44:15 - 3:02:33 - printed 25000 samples
INFO - 12/08/25 00:44:15 - 3:02:33 - decoding
INFO - 12/08/25 00:44:16 - 3:02:34 - Decoding complete. Check the output in /home/yuebi/Project/dim22_run/dim22_run_1/1111/transformer-output-decoded.txt
INFO - 12/08/25 00:44:16 - 3:02:34 - Memory allocated:  45.82MB, reserved: 10106.00MB
INFO - 12/08/25 00:44:16 - 3:02:34 - ============ End of generation 14 ============
INFO - 12/08/25 00:44:16 - 3:02:34 - launching search.jl
INFO - 12/08/25 00:44:16 - 3:02:34 - JULIA_NUM_THREADS is set to 1
INFO - 12/08/25 00:53:56 - 3:12:14 - distribution of scores(all rounds)
INFO - 12/08/25 00:53:56 - 3:12:14 - Score:662671900.0, Count:14
                                     
INFO - 12/08/25 00:53:56 - 3:12:14 - Score:547348350.0, Count:9
                                     
INFO - 12/08/25 00:53:56 - 3:12:14 - Score:539576100.0, Count:4
                                     
INFO - 12/08/25 00:53:56 - 3:12:14 - Score:528957570.0, Count:13
                                     
INFO - 12/08/25 00:53:56 - 3:12:14 - Score:527015400.0, Count:13
                                     
INFO - 12/08/25 00:53:56 - 3:12:14 - Score:524192220.0, Count:10
                                     
INFO - 12/08/25 00:53:56 - 3:12:14 - Score:523631970.0, Count:13
                                     
INFO - 12/08/25 00:53:56 - 3:12:14 - Score:521001630.0, Count:14
                                     
INFO - 12/08/25 00:53:56 - 3:12:14 - Score:520724770.0, Count:10
                                     
INFO - 12/08/25 00:53:56 - 3:12:14 - tokenizing
INFO - 12/08/25 00:53:56 - 3:12:14 - Loading tokenizer from /home/yuebi/Project/dim22_run/dim22_run_1/1111/tokenizer_data/tokenizer.json...
INFO - 12/08/25 00:53:56 - 3:12:14 - 0 / 100
INFO - 12/08/25 00:53:56 - 3:12:14 - number of examples in the dataset: 100
INFO - 12/08/25 00:53:56 - 3:12:14 - max word length: 194
INFO - 12/08/25 00:53:56 - 3:12:14 - number of unique characters in the vocabulary: 15
INFO - 12/08/25 00:53:56 - 3:12:14 - vocabulary:
INFO - 12/08/25 00:53:56 - 3:12:14 - ['V0', 'V1', 'V2', 'V3', 'V4', 'V5', 'V6', 'V7', 'V8', 'V9', 'V10', 'V11', 'V12', 'V13', 'V14']
INFO - 12/08/25 00:53:56 - 3:12:14 - split up the dataset into 90 training examples and 10 test examples
INFO - 12/08/25 00:53:56 - 3:12:14 - ============ Start of generation 15 ============
INFO - 12/08/25 00:53:56 - 3:12:14 - Memory allocated:  45.82MB, reserved: 10106.00MB
INFO - 12/08/25 00:53:56 - 3:12:14 - training
INFO - 12/08/25 00:53:57 - 3:12:15 - step 0 | loss 0.0411 | step time 295.81ms
INFO - 12/08/25 00:54:26 - 3:12:44 - step 100 | loss 0.0250 | step time 287.75ms
INFO - 12/08/25 00:54:54 - 3:13:12 - step 200 | loss 0.0249 | step time 287.81ms
INFO - 12/08/25 00:55:23 - 3:13:41 - step 300 | loss 0.0245 | step time 287.54ms
INFO - 12/08/25 00:55:52 - 3:14:10 - step 400 | loss 0.0250 | step time 287.87ms
INFO - 12/08/25 00:56:21 - 3:14:39 - step 500 | loss 0.0335 | step time 287.38ms
INFO - 12/08/25 00:56:21 - 3:14:39 - step 500 train loss: 0.033654943108558655 test loss: 0.07805610448122025
INFO - 12/08/25 00:56:21 - 3:14:39 - test loss 0.07805610448122025 is the best so far, saving model to /home/yuebi/Project/dim22_run/dim22_run_1/1111/model.pt
INFO - 12/08/25 00:56:50 - 3:15:08 - step 600 | loss 0.0241 | step time 287.36ms
INFO - 12/08/25 00:57:19 - 3:15:37 - step 700 | loss 0.0244 | step time 287.51ms
INFO - 12/08/25 00:57:47 - 3:16:05 - step 800 | loss 0.0243 | step time 287.67ms
INFO - 12/08/25 00:58:16 - 3:16:34 - step 900 | loss 0.0248 | step time 287.34ms
INFO - 12/08/25 00:58:45 - 3:17:03 - step 1000 | loss 0.0245 | step time 287.49ms
INFO - 12/08/25 00:58:45 - 3:17:03 - step 1000 train loss: 0.02437327802181244 test loss: 0.11827684938907623
INFO - 12/08/25 00:59:14 - 3:17:32 - step 1100 | loss 0.0244 | step time 287.46ms
INFO - 12/08/25 00:59:43 - 3:18:01 - step 1200 | loss 0.0248 | step time 287.16ms
INFO - 12/08/25 01:00:11 - 3:18:29 - step 1300 | loss 0.0243 | step time 287.50ms
INFO - 12/08/25 01:00:40 - 3:18:58 - step 1400 | loss 0.0242 | step time 287.49ms
INFO - 12/08/25 01:01:09 - 3:19:27 - Memory allocated:  45.82MB, reserved: 10106.00MB
INFO - 12/08/25 01:01:09 - 3:19:27 - generating
INFO - 12/08/25 01:01:49 - 0:00:00 - ============ Initialized logger ============
INFO - 12/08/25 01:01:49 - 0:00:00 - batch_size: 32
                                     command: python fc_loop.py --exp_name=dim22_run_1 --dump_path=/home/yuebi/Project/dim22_run --num_initial_empty_objects=800 --final_database_size=100 --target_db_size=100 --nb_local_searches=800 --max_epochs=20 --type=transformer --max-output-length=350 --sample-only=25000 --max-steps=1500 --n_tokens=15 --n-layer=8 --n-embd=128 --n-embd2=128 --exp_id=1111 --exp_id "1111"
                                     cpu: False
                                     debug: False
                                     debug_slurm: False
                                     dump_path: /home/yuebi/Project/dim22_run/dim22_run_1/1111
                                     exp_id: 1111
                                     exp_name: dim22_run_1
                                     final_database_size: 100
                                     gen_batch_size: 1000
                                     global_rank: 0
                                     is_master: True
                                     is_slurm_job: True
                                     learning_rate: 0.0005
                                     local_rank: 0
                                     master_addr: gpu-6
                                     master_port: -1
                                     max_epochs: 20
                                     max_output_length: 350
                                     max_steps: 1500
                                     multi_gpu: False
                                     multi_node: False
                                     n_embd: 128
                                     n_embd2: 128
                                     n_gpu_per_node: 1
                                     n_head: 8
                                     n_layer: 8
                                     n_nodes: 1
                                     n_tokens: 15
                                     nb_local_searches: 800
                                     nb_threads: 1
                                     node_id: 0
                                     num_initial_empty_objects: 800
                                     num_workers: 8
                                     sample_only: 25000
                                     seed: -1
                                     target_db_size: 100
                                     temperature: 1.0
                                     top_k: -1
                                     type: transformer
                                     weight_decay: 0.01
                                     world_size: 1
INFO - 12/08/25 01:01:49 - 0:00:00 - The experiment will be stored in /home/yuebi/Project/dim22_run/dim22_run_1/1111
                                     
INFO - 12/08/25 01:01:49 - 0:00:00 - Running command: python fc_loop.py --exp_name=dim22_run_1 --dump_path=/home/yuebi/Project/dim22_run --num_initial_empty_objects=800 --final_database_size=100 --target_db_size=100 --nb_local_searches=800 --max_epochs=20 --type=transformer --max-output-length=350 --sample-only=25000 --max-steps=1500 --n_tokens=15 --n-layer=8 --n-embd=128 --n-embd2=128 --exp_id=1111

WARNING - 12/08/25 01:01:49 - 0:00:00 - Signal handler installed.
INFO - 12/08/25 01:01:49 - 0:00:00 - seed: 906252977
INFO - 12/08/25 01:01:49 - 0:00:00 - initializing at generation: 15
INFO - 12/08/25 01:01:49 - 0:00:00 - number of examples in the dataset: 100
INFO - 12/08/25 01:01:49 - 0:00:00 - max word length: 194
INFO - 12/08/25 01:01:49 - 0:00:00 - number of unique characters in the vocabulary: 15
INFO - 12/08/25 01:01:49 - 0:00:00 - vocabulary:
INFO - 12/08/25 01:01:49 - 0:00:00 - ['V0', 'V1', 'V2', 'V3', 'V4', 'V5', 'V6', 'V7', 'V8', 'V9', 'V10', 'V11', 'V12', 'V13', 'V14']
INFO - 12/08/25 01:01:49 - 0:00:00 - split up the dataset into 90 training examples and 10 test examples
INFO - 12/08/25 01:01:49 - 0:00:00 - dataset determined that: vocab_size=16, block_size=351
INFO - 12/08/25 01:01:49 - 0:00:00 - model #params: 1635456
INFO - 12/08/25 01:01:49 - 0:00:00 - resuming from existing model
INFO - 12/08/25 01:01:49 - 0:00:00 - ============ Start of generation 15 ============
INFO - 12/08/25 01:01:49 - 0:00:00 - Memory allocated:  10.00MB, reserved: 22.00MB
INFO - 12/08/25 01:01:49 - 0:00:00 - training
INFO - 12/08/25 01:01:54 - 0:00:05 - step 0 | loss 0.0415 | step time 624.08ms
INFO - 12/08/25 01:02:23 - 0:00:34 - step 100 | loss 0.0244 | step time 287.46ms
INFO - 12/08/25 01:02:51 - 0:01:03 - step 200 | loss 0.0240 | step time 288.10ms
INFO - 12/08/25 01:03:20 - 0:01:31 - step 300 | loss 0.0242 | step time 287.38ms
INFO - 12/08/25 01:03:49 - 0:02:00 - step 400 | loss 0.0242 | step time 287.63ms
INFO - 12/08/25 01:04:18 - 0:02:29 - step 500 | loss 0.0282 | step time 287.61ms
INFO - 12/08/25 01:04:18 - 0:02:29 - step 500 train loss: 0.028215883299708366 test loss: 0.14153751730918884
INFO - 12/08/25 01:04:18 - 0:02:29 - test loss 0.14153751730918884 is the best so far, saving model to /home/yuebi/Project/dim22_run/dim22_run_1/1111/model.pt
INFO - 12/08/25 01:04:47 - 0:02:58 - step 600 | loss 0.0248 | step time 287.40ms
INFO - 12/08/25 01:05:16 - 0:03:27 - step 700 | loss 0.0238 | step time 287.58ms
INFO - 12/08/25 01:05:44 - 0:03:55 - step 800 | loss 0.0239 | step time 287.85ms
INFO - 12/08/25 01:06:13 - 0:04:24 - step 900 | loss 0.0244 | step time 287.22ms
INFO - 12/08/25 01:06:42 - 0:04:53 - step 1000 | loss 0.0240 | step time 287.25ms
INFO - 12/08/25 01:06:42 - 0:04:53 - step 1000 train loss: 0.02425522357225418 test loss: 0.12923236191272736
INFO - 12/08/25 01:06:42 - 0:04:53 - test loss 0.12923236191272736 is the best so far, saving model to /home/yuebi/Project/dim22_run/dim22_run_1/1111/model.pt
INFO - 12/08/25 01:07:11 - 0:05:22 - step 1100 | loss 0.0239 | step time 287.20ms
INFO - 12/08/25 01:07:40 - 0:05:51 - step 1200 | loss 0.0285 | step time 287.44ms
INFO - 12/08/25 01:08:08 - 0:06:19 - step 1300 | loss 0.0240 | step time 287.54ms
INFO - 12/08/25 01:08:37 - 0:06:48 - step 1400 | loss 0.0238 | step time 287.27ms
INFO - 12/08/25 01:09:06 - 0:07:17 - Memory allocated:  45.82MB, reserved: 3306.00MB
INFO - 12/08/25 01:09:06 - 0:07:17 - generating
INFO - 12/08/25 04:04:23 - 3:02:34 - distribution of sample lengths: average: 594.3094 max: 613
INFO - 12/08/25 04:04:23 - 3:02:34 - printed 25000 samples
INFO - 12/08/25 04:04:23 - 3:02:34 - decoding
INFO - 12/08/25 04:04:24 - 3:02:35 - Decoding complete. Check the output in /home/yuebi/Project/dim22_run/dim22_run_1/1111/transformer-output-decoded.txt
INFO - 12/08/25 04:04:24 - 3:02:35 - Memory allocated:  45.82MB, reserved: 10106.00MB
INFO - 12/08/25 04:04:24 - 3:02:35 - ============ End of generation 15 ============
INFO - 12/08/25 04:04:24 - 3:02:35 - launching search.jl
INFO - 12/08/25 04:04:24 - 3:02:35 - JULIA_NUM_THREADS is set to 1
INFO - 12/08/25 04:14:01 - 3:12:12 - distribution of scores(all rounds)
INFO - 12/08/25 04:14:01 - 3:12:12 - Score:662671900.0, Count:15
                                     
INFO - 12/08/25 04:14:01 - 3:12:12 - Score:547348350.0, Count:10
                                     
INFO - 12/08/25 04:14:01 - 3:12:12 - Score:539576100.0, Count:5
                                     
INFO - 12/08/25 04:14:01 - 3:12:12 - Score:528957570.0, Count:14
                                     
INFO - 12/08/25 04:14:01 - 3:12:12 - Score:527015400.0, Count:14
                                     
INFO - 12/08/25 04:14:01 - 3:12:12 - Score:524192220.0, Count:11
                                     
INFO - 12/08/25 04:14:01 - 3:12:12 - Score:523631970.0, Count:14
                                     
INFO - 12/08/25 04:14:01 - 3:12:12 - Score:521366820.0, Count:1
                                     
INFO - 12/08/25 04:14:01 - 3:12:12 - Score:521001630.0, Count:15
                                     
INFO - 12/08/25 04:14:01 - 3:12:12 - Score:520724770.0, Count:1
                                     
INFO - 12/08/25 04:14:01 - 3:12:12 - tokenizing
INFO - 12/08/25 04:14:01 - 3:12:12 - Loading tokenizer from /home/yuebi/Project/dim22_run/dim22_run_1/1111/tokenizer_data/tokenizer.json...
INFO - 12/08/25 04:14:01 - 3:12:12 - 0 / 100
INFO - 12/08/25 04:14:01 - 3:12:12 - number of examples in the dataset: 100
INFO - 12/08/25 04:14:01 - 3:12:12 - max word length: 194
INFO - 12/08/25 04:14:01 - 3:12:12 - number of unique characters in the vocabulary: 15
INFO - 12/08/25 04:14:01 - 3:12:12 - vocabulary:
INFO - 12/08/25 04:14:01 - 3:12:12 - ['V0', 'V1', 'V2', 'V3', 'V4', 'V5', 'V6', 'V7', 'V8', 'V9', 'V10', 'V11', 'V12', 'V13', 'V14']
INFO - 12/08/25 04:14:01 - 3:12:12 - split up the dataset into 90 training examples and 10 test examples
INFO - 12/08/25 04:14:01 - 3:12:12 - ============ Start of generation 16 ============
INFO - 12/08/25 04:14:01 - 3:12:12 - Memory allocated:  45.82MB, reserved: 10106.00MB
INFO - 12/08/25 04:14:01 - 3:12:12 - training
INFO - 12/08/25 04:14:02 - 3:12:13 - step 0 | loss 0.3780 | step time 295.65ms
INFO - 12/08/25 04:14:30 - 3:12:42 - step 100 | loss 0.0245 | step time 287.62ms
INFO - 12/08/25 04:14:59 - 3:13:10 - step 200 | loss 0.0254 | step time 287.54ms
INFO - 12/08/25 04:15:28 - 3:13:39 - step 300 | loss 0.0250 | step time 287.89ms
INFO - 12/08/25 04:15:57 - 3:14:08 - step 400 | loss 0.0241 | step time 287.77ms
INFO - 12/08/25 04:16:26 - 3:14:37 - step 500 | loss 0.0251 | step time 287.62ms
INFO - 12/08/25 04:16:26 - 3:14:37 - step 500 train loss: 0.02451574057340622 test loss: 0.06164105609059334
INFO - 12/08/25 04:16:26 - 3:14:37 - test loss 0.06164105609059334 is the best so far, saving model to /home/yuebi/Project/dim22_run/dim22_run_1/1111/model.pt
INFO - 12/08/25 04:16:55 - 3:15:06 - step 600 | loss 0.0250 | step time 287.83ms
INFO - 12/08/25 04:17:23 - 3:15:34 - step 700 | loss 0.0247 | step time 287.81ms
INFO - 12/08/25 04:17:52 - 3:16:03 - step 800 | loss 0.0247 | step time 287.49ms
INFO - 12/08/25 04:18:21 - 3:16:32 - step 900 | loss 0.0243 | step time 287.68ms
INFO - 12/08/25 04:18:50 - 3:17:01 - step 1000 | loss 0.0250 | step time 287.86ms
INFO - 12/08/25 04:18:50 - 3:17:01 - step 1000 train loss: 0.02435600385069847 test loss: 0.11382407695055008
INFO - 12/08/25 04:19:19 - 3:17:30 - step 1100 | loss 0.0246 | step time 287.62ms
INFO - 12/08/25 04:19:48 - 3:17:59 - step 1200 | loss 0.0240 | step time 287.69ms
INFO - 12/08/25 04:20:16 - 3:18:27 - step 1300 | loss 0.0272 | step time 287.83ms
INFO - 12/08/25 04:20:45 - 3:18:56 - step 1400 | loss 0.0244 | step time 287.96ms
INFO - 12/08/25 04:21:14 - 3:19:25 - Memory allocated:  45.82MB, reserved: 10106.00MB
INFO - 12/08/25 04:21:14 - 3:19:25 - generating
INFO - 12/08/25 04:21:53 - 0:00:00 - ============ Initialized logger ============
INFO - 12/08/25 04:21:53 - 0:00:00 - batch_size: 32
                                     command: python fc_loop.py --exp_name=dim22_run_1 --dump_path=/home/yuebi/Project/dim22_run --num_initial_empty_objects=800 --final_database_size=100 --target_db_size=100 --nb_local_searches=800 --max_epochs=20 --type=transformer --max-output-length=350 --sample-only=25000 --max-steps=1500 --n_tokens=15 --n-layer=8 --n-embd=128 --n-embd2=128 --exp_id=1111 --exp_id "1111"
                                     cpu: False
                                     debug: False
                                     debug_slurm: False
                                     dump_path: /home/yuebi/Project/dim22_run/dim22_run_1/1111
                                     exp_id: 1111
                                     exp_name: dim22_run_1
                                     final_database_size: 100
                                     gen_batch_size: 1000
                                     global_rank: 0
                                     is_master: True
                                     is_slurm_job: True
                                     learning_rate: 0.0005
                                     local_rank: 0
                                     master_addr: gpu-6
                                     master_port: -1
                                     max_epochs: 20
                                     max_output_length: 350
                                     max_steps: 1500
                                     multi_gpu: False
                                     multi_node: False
                                     n_embd: 128
                                     n_embd2: 128
                                     n_gpu_per_node: 1
                                     n_head: 8
                                     n_layer: 8
                                     n_nodes: 1
                                     n_tokens: 15
                                     nb_local_searches: 800
                                     nb_threads: 1
                                     node_id: 0
                                     num_initial_empty_objects: 800
                                     num_workers: 8
                                     sample_only: 25000
                                     seed: -1
                                     target_db_size: 100
                                     temperature: 1.0
                                     top_k: -1
                                     type: transformer
                                     weight_decay: 0.01
                                     world_size: 1
INFO - 12/08/25 04:21:53 - 0:00:00 - The experiment will be stored in /home/yuebi/Project/dim22_run/dim22_run_1/1111
                                     
INFO - 12/08/25 04:21:53 - 0:00:00 - Running command: python fc_loop.py --exp_name=dim22_run_1 --dump_path=/home/yuebi/Project/dim22_run --num_initial_empty_objects=800 --final_database_size=100 --target_db_size=100 --nb_local_searches=800 --max_epochs=20 --type=transformer --max-output-length=350 --sample-only=25000 --max-steps=1500 --n_tokens=15 --n-layer=8 --n-embd=128 --n-embd2=128 --exp_id=1111

WARNING - 12/08/25 04:21:53 - 0:00:00 - Signal handler installed.
INFO - 12/08/25 04:21:53 - 0:00:00 - seed: 298994926
INFO - 12/08/25 04:21:53 - 0:00:00 - initializing at generation: 16
INFO - 12/08/25 04:21:53 - 0:00:00 - number of examples in the dataset: 100
INFO - 12/08/25 04:21:53 - 0:00:00 - max word length: 194
INFO - 12/08/25 04:21:53 - 0:00:00 - number of unique characters in the vocabulary: 15
INFO - 12/08/25 04:21:53 - 0:00:00 - vocabulary:
INFO - 12/08/25 04:21:53 - 0:00:00 - ['V0', 'V1', 'V2', 'V3', 'V4', 'V5', 'V6', 'V7', 'V8', 'V9', 'V10', 'V11', 'V12', 'V13', 'V14']
INFO - 12/08/25 04:21:53 - 0:00:00 - split up the dataset into 90 training examples and 10 test examples
INFO - 12/08/25 04:21:53 - 0:00:00 - dataset determined that: vocab_size=16, block_size=351
INFO - 12/08/25 04:21:53 - 0:00:00 - model #params: 1635456
INFO - 12/08/25 04:21:53 - 0:00:00 - resuming from existing model
INFO - 12/08/25 04:21:53 - 0:00:00 - ============ Start of generation 16 ============
INFO - 12/08/25 04:21:53 - 0:00:00 - Memory allocated:  10.00MB, reserved: 22.00MB
INFO - 12/08/25 04:21:53 - 0:00:00 - training
INFO - 12/08/25 04:21:58 - 0:00:05 - step 0 | loss 0.0276 | step time 612.96ms
INFO - 12/08/25 04:22:27 - 0:00:34 - step 100 | loss 0.0244 | step time 287.03ms
INFO - 12/08/25 04:22:56 - 0:01:03 - step 200 | loss 0.0243 | step time 287.51ms
INFO - 12/08/25 04:23:25 - 0:01:32 - step 300 | loss 0.0261 | step time 287.08ms
INFO - 12/08/25 04:23:53 - 0:02:00 - step 400 | loss 0.0247 | step time 287.04ms
INFO - 12/08/25 04:24:22 - 0:02:29 - step 500 | loss 0.0244 | step time 287.39ms
INFO - 12/08/25 04:24:22 - 0:02:29 - step 500 train loss: 0.02426309324800968 test loss: 0.1229427307844162
INFO - 12/08/25 04:24:22 - 0:02:29 - test loss 0.1229427307844162 is the best so far, saving model to /home/yuebi/Project/dim22_run/dim22_run_1/1111/model.pt
INFO - 12/08/25 04:24:51 - 0:02:58 - step 600 | loss 0.0239 | step time 287.11ms
INFO - 12/08/25 04:25:20 - 0:03:27 - step 700 | loss 0.0246 | step time 287.16ms
INFO - 12/08/25 04:25:49 - 0:03:56 - step 800 | loss 0.0241 | step time 287.14ms
INFO - 12/08/25 04:26:17 - 0:04:24 - step 900 | loss 0.0250 | step time 286.85ms
INFO - 12/08/25 04:26:46 - 0:04:53 - step 1000 | loss 0.0244 | step time 287.21ms
INFO - 12/08/25 04:26:46 - 0:04:53 - step 1000 train loss: 0.024294687435030937 test loss: 0.22133974730968475
INFO - 12/08/25 04:27:15 - 0:05:22 - step 1100 | loss 0.0243 | step time 287.27ms
INFO - 12/08/25 04:27:44 - 0:05:51 - step 1200 | loss 0.0243 | step time 287.30ms
INFO - 12/08/25 04:28:13 - 0:06:19 - step 1300 | loss 0.0239 | step time 287.24ms
INFO - 12/08/25 04:28:41 - 0:06:48 - step 1400 | loss 0.0242 | step time 287.09ms
INFO - 12/08/25 04:29:10 - 0:07:17 - Memory allocated:  45.82MB, reserved: 3306.00MB
INFO - 12/08/25 04:29:10 - 0:07:17 - generating
INFO - 12/08/25 07:24:25 - 3:02:32 - distribution of sample lengths: average: 594.47856 max: 652
INFO - 12/08/25 07:24:25 - 3:02:32 - printed 25000 samples
INFO - 12/08/25 07:24:25 - 3:02:32 - decoding
INFO - 12/08/25 07:24:26 - 3:02:33 - Decoding complete. Check the output in /home/yuebi/Project/dim22_run/dim22_run_1/1111/transformer-output-decoded.txt
INFO - 12/08/25 07:24:26 - 3:02:33 - Memory allocated:  45.82MB, reserved: 10106.00MB
INFO - 12/08/25 07:24:26 - 3:02:33 - ============ End of generation 16 ============
INFO - 12/08/25 07:24:26 - 3:02:33 - launching search.jl
INFO - 12/08/25 07:24:26 - 3:02:33 - JULIA_NUM_THREADS is set to 1
INFO - 12/08/25 07:33:59 - 3:12:06 - distribution of scores(all rounds)
INFO - 12/08/25 07:33:59 - 3:12:06 - Score:662671900.0, Count:16
                                     
INFO - 12/08/25 07:33:59 - 3:12:06 - Score:547348350.0, Count:11
                                     
INFO - 12/08/25 07:33:59 - 3:12:06 - Score:539576100.0, Count:6
                                     
INFO - 12/08/25 07:33:59 - 3:12:06 - Score:535576350.0, Count:1
                                     
INFO - 12/08/25 07:33:59 - 3:12:06 - Score:528957570.0, Count:15
                                     
INFO - 12/08/25 07:33:59 - 3:12:06 - Score:527015400.0, Count:15
                                     
INFO - 12/08/25 07:33:59 - 3:12:06 - Score:524192220.0, Count:12
                                     
INFO - 12/08/25 07:33:59 - 3:12:06 - Score:523631970.0, Count:15
                                     
INFO - 12/08/25 07:33:59 - 3:12:06 - Score:521366820.0, Count:2
                                     
INFO - 12/08/25 07:33:59 - 3:12:06 - Score:521001630.0, Count:7
                                     
INFO - 12/08/25 07:33:59 - 3:12:06 - tokenizing
INFO - 12/08/25 07:33:59 - 3:12:06 - Loading tokenizer from /home/yuebi/Project/dim22_run/dim22_run_1/1111/tokenizer_data/tokenizer.json...
INFO - 12/08/25 07:33:59 - 3:12:06 - 0 / 100
INFO - 12/08/25 07:33:59 - 3:12:06 - number of examples in the dataset: 100
INFO - 12/08/25 07:33:59 - 3:12:06 - max word length: 194
INFO - 12/08/25 07:33:59 - 3:12:06 - number of unique characters in the vocabulary: 15
INFO - 12/08/25 07:33:59 - 3:12:06 - vocabulary:
INFO - 12/08/25 07:33:59 - 3:12:06 - ['V0', 'V1', 'V2', 'V3', 'V4', 'V5', 'V6', 'V7', 'V8', 'V9', 'V10', 'V11', 'V12', 'V13', 'V14']
INFO - 12/08/25 07:33:59 - 3:12:06 - split up the dataset into 90 training examples and 10 test examples
INFO - 12/08/25 07:33:59 - 3:12:06 - ============ Start of generation 17 ============
INFO - 12/08/25 07:33:59 - 3:12:06 - Memory allocated:  45.82MB, reserved: 10106.00MB
INFO - 12/08/25 07:33:59 - 3:12:06 - training
INFO - 12/08/25 07:33:59 - 3:12:06 - step 0 | loss 0.1733 | step time 295.22ms
INFO - 12/08/25 07:34:28 - 3:12:35 - step 100 | loss 0.0246 | step time 287.71ms
INFO - 12/08/25 07:34:57 - 3:13:04 - step 200 | loss 0.0241 | step time 287.82ms
INFO - 12/08/25 07:35:25 - 3:13:32 - step 300 | loss 0.0247 | step time 287.80ms
INFO - 12/08/25 07:35:54 - 3:14:01 - step 400 | loss 0.0245 | step time 287.97ms
INFO - 12/08/25 07:36:23 - 3:14:30 - step 500 | loss 0.0247 | step time 287.59ms
INFO - 12/08/25 07:36:23 - 3:14:30 - step 500 train loss: 0.024381062015891075 test loss: 0.07962553203105927
INFO - 12/08/25 07:36:23 - 3:14:30 - test loss 0.07962553203105927 is the best so far, saving model to /home/yuebi/Project/dim22_run/dim22_run_1/1111/model.pt
INFO - 12/08/25 07:36:52 - 3:14:59 - step 600 | loss 0.0243 | step time 287.64ms
INFO - 12/08/25 07:37:21 - 3:15:28 - step 700 | loss 0.0246 | step time 287.59ms
INFO - 12/08/25 07:37:50 - 3:15:57 - step 800 | loss 0.0246 | step time 287.52ms
INFO - 12/08/25 07:38:18 - 3:16:25 - step 900 | loss 0.0241 | step time 287.73ms
INFO - 12/08/25 07:38:47 - 3:16:54 - step 1000 | loss 0.0250 | step time 287.51ms
INFO - 12/08/25 07:38:48 - 3:16:54 - step 1000 train loss: 0.024273527786135674 test loss: 0.1253197342157364
INFO - 12/08/25 07:39:16 - 3:17:23 - step 1100 | loss 0.0236 | step time 287.44ms
INFO - 12/08/25 07:39:45 - 3:17:52 - step 1200 | loss 0.0248 | step time 287.58ms
INFO - 12/08/25 07:40:14 - 3:18:21 - step 1300 | loss 0.0244 | step time 287.50ms
INFO - 12/08/25 07:40:43 - 3:18:50 - step 1400 | loss 0.0239 | step time 287.79ms
INFO - 12/08/25 07:41:11 - 3:19:18 - Memory allocated:  45.82MB, reserved: 10106.00MB
INFO - 12/08/25 07:41:11 - 3:19:18 - generating
INFO - 12/08/25 07:42:01 - 0:00:00 - ============ Initialized logger ============
INFO - 12/08/25 07:42:01 - 0:00:00 - batch_size: 32
                                     command: python fc_loop.py --exp_name=dim22_run_1 --dump_path=/home/yuebi/Project/dim22_run --num_initial_empty_objects=800 --final_database_size=100 --target_db_size=100 --nb_local_searches=800 --max_epochs=20 --type=transformer --max-output-length=350 --sample-only=25000 --max-steps=1500 --n_tokens=15 --n-layer=8 --n-embd=128 --n-embd2=128 --exp_id=1111 --exp_id "1111"
                                     cpu: False
                                     debug: False
                                     debug_slurm: False
                                     dump_path: /home/yuebi/Project/dim22_run/dim22_run_1/1111
                                     exp_id: 1111
                                     exp_name: dim22_run_1
                                     final_database_size: 100
                                     gen_batch_size: 1000
                                     global_rank: 0
                                     is_master: True
                                     is_slurm_job: True
                                     learning_rate: 0.0005
                                     local_rank: 0
                                     master_addr: gpu-6
                                     master_port: -1
                                     max_epochs: 20
                                     max_output_length: 350
                                     max_steps: 1500
                                     multi_gpu: False
                                     multi_node: False
                                     n_embd: 128
                                     n_embd2: 128
                                     n_gpu_per_node: 1
                                     n_head: 8
                                     n_layer: 8
                                     n_nodes: 1
                                     n_tokens: 15
                                     nb_local_searches: 800
                                     nb_threads: 1
                                     node_id: 0
                                     num_initial_empty_objects: 800
                                     num_workers: 8
                                     sample_only: 25000
                                     seed: -1
                                     target_db_size: 100
                                     temperature: 1.0
                                     top_k: -1
                                     type: transformer
                                     weight_decay: 0.01
                                     world_size: 1
INFO - 12/08/25 07:42:01 - 0:00:00 - The experiment will be stored in /home/yuebi/Project/dim22_run/dim22_run_1/1111
                                     
INFO - 12/08/25 07:42:01 - 0:00:00 - Running command: python fc_loop.py --exp_name=dim22_run_1 --dump_path=/home/yuebi/Project/dim22_run --num_initial_empty_objects=800 --final_database_size=100 --target_db_size=100 --nb_local_searches=800 --max_epochs=20 --type=transformer --max-output-length=350 --sample-only=25000 --max-steps=1500 --n_tokens=15 --n-layer=8 --n-embd=128 --n-embd2=128 --exp_id=1111

WARNING - 12/08/25 07:42:01 - 0:00:00 - Signal handler installed.
INFO - 12/08/25 07:42:01 - 0:00:00 - seed: 784311052
INFO - 12/08/25 07:42:01 - 0:00:00 - initializing at generation: 17
INFO - 12/08/25 07:42:01 - 0:00:00 - number of examples in the dataset: 100
INFO - 12/08/25 07:42:01 - 0:00:00 - max word length: 194
INFO - 12/08/25 07:42:01 - 0:00:00 - number of unique characters in the vocabulary: 15
INFO - 12/08/25 07:42:01 - 0:00:00 - vocabulary:
INFO - 12/08/25 07:42:01 - 0:00:00 - ['V0', 'V1', 'V2', 'V3', 'V4', 'V5', 'V6', 'V7', 'V8', 'V9', 'V10', 'V11', 'V12', 'V13', 'V14']
INFO - 12/08/25 07:42:01 - 0:00:00 - split up the dataset into 90 training examples and 10 test examples
INFO - 12/08/25 07:42:01 - 0:00:00 - dataset determined that: vocab_size=16, block_size=351
INFO - 12/08/25 07:42:01 - 0:00:00 - model #params: 1635456
INFO - 12/08/25 07:42:01 - 0:00:00 - resuming from existing model
INFO - 12/08/25 07:42:01 - 0:00:00 - ============ Start of generation 17 ============
INFO - 12/08/25 07:42:01 - 0:00:00 - Memory allocated:  10.00MB, reserved: 22.00MB
INFO - 12/08/25 07:42:01 - 0:00:00 - training
INFO - 12/08/25 07:42:06 - 0:00:05 - step 0 | loss 0.0261 | step time 624.22ms
INFO - 12/08/25 07:42:35 - 0:00:34 - step 100 | loss 0.0248 | step time 287.60ms
INFO - 12/08/25 07:43:03 - 0:01:02 - step 200 | loss 0.0241 | step time 287.68ms
INFO - 12/08/25 07:43:32 - 0:01:31 - step 300 | loss 0.0242 | step time 287.43ms
INFO - 12/08/25 07:44:01 - 0:02:00 - step 400 | loss 0.0246 | step time 287.50ms
INFO - 12/08/25 07:44:30 - 0:02:29 - step 500 | loss 0.0261 | step time 287.64ms
INFO - 12/08/25 07:44:30 - 0:02:29 - step 500 train loss: 0.026662461459636688 test loss: 0.15724122524261475
INFO - 12/08/25 07:44:30 - 0:02:29 - test loss 0.15724122524261475 is the best so far, saving model to /home/yuebi/Project/dim22_run/dim22_run_1/1111/model.pt
INFO - 12/08/25 07:44:59 - 0:02:58 - step 600 | loss 0.0243 | step time 287.45ms
INFO - 12/08/25 07:45:28 - 0:03:27 - step 700 | loss 0.0245 | step time 287.21ms
INFO - 12/08/25 07:45:56 - 0:03:55 - step 800 | loss 0.0236 | step time 287.48ms
INFO - 12/08/25 07:46:25 - 0:04:24 - step 900 | loss 0.0245 | step time 287.46ms
INFO - 12/08/25 07:46:54 - 0:04:53 - step 1000 | loss 0.0246 | step time 287.26ms
INFO - 12/08/25 07:46:54 - 0:04:53 - step 1000 train loss: 0.02444671280682087 test loss: 0.12629179656505585
INFO - 12/08/25 07:46:54 - 0:04:53 - test loss 0.12629179656505585 is the best so far, saving model to /home/yuebi/Project/dim22_run/dim22_run_1/1111/model.pt
INFO - 12/08/25 07:47:23 - 0:05:22 - step 1100 | loss 0.0244 | step time 287.37ms
INFO - 12/08/25 07:47:52 - 0:05:51 - step 1200 | loss 0.0240 | step time 287.08ms
INFO - 12/08/25 07:48:20 - 0:06:19 - step 1300 | loss 0.0245 | step time 287.27ms
INFO - 12/08/25 07:48:49 - 0:06:48 - step 1400 | loss 0.0245 | step time 287.24ms
INFO - 12/08/25 07:49:17 - 0:07:16 - Memory allocated:  45.82MB, reserved: 3306.00MB
INFO - 12/08/25 07:49:17 - 0:07:16 - generating
INFO - 12/08/25 10:44:35 - 3:02:34 - distribution of sample lengths: average: 594.5388 max: 618
INFO - 12/08/25 10:44:35 - 3:02:34 - printed 25000 samples
INFO - 12/08/25 10:44:35 - 3:02:34 - decoding
INFO - 12/08/25 10:44:36 - 3:02:35 - Decoding complete. Check the output in /home/yuebi/Project/dim22_run/dim22_run_1/1111/transformer-output-decoded.txt
INFO - 12/08/25 10:44:36 - 3:02:35 - Memory allocated:  45.82MB, reserved: 10106.00MB
INFO - 12/08/25 10:44:36 - 3:02:35 - ============ End of generation 17 ============
INFO - 12/08/25 10:44:36 - 3:02:35 - launching search.jl
INFO - 12/08/25 10:44:36 - 3:02:35 - JULIA_NUM_THREADS is set to 1
INFO - 12/08/25 10:54:12 - 3:12:11 - distribution of scores(all rounds)
INFO - 12/08/25 10:54:12 - 3:12:11 - Score:662671900.0, Count:17
                                     
INFO - 12/08/25 10:54:12 - 3:12:11 - Score:547348350.0, Count:12
                                     
INFO - 12/08/25 10:54:12 - 3:12:11 - Score:539576100.0, Count:7
                                     
INFO - 12/08/25 10:54:12 - 3:12:11 - Score:535576350.0, Count:2
                                     
INFO - 12/08/25 10:54:12 - 3:12:11 - Score:528957570.0, Count:16
                                     
INFO - 12/08/25 10:54:12 - 3:12:11 - Score:527015400.0, Count:16
                                     
INFO - 12/08/25 10:54:12 - 3:12:11 - Score:524192220.0, Count:13
                                     
INFO - 12/08/25 10:54:12 - 3:12:11 - Score:523631970.0, Count:16
                                     
INFO - 12/08/25 10:54:12 - 3:12:11 - Score:521366820.0, Count:1
                                     
INFO - 12/08/25 10:54:12 - 3:12:11 - tokenizing
INFO - 12/08/25 10:54:12 - 3:12:11 - Loading tokenizer from /home/yuebi/Project/dim22_run/dim22_run_1/1111/tokenizer_data/tokenizer.json...
INFO - 12/08/25 10:54:12 - 3:12:11 - 0 / 100
INFO - 12/08/25 10:54:12 - 3:12:11 - number of examples in the dataset: 100
INFO - 12/08/25 10:54:12 - 3:12:11 - max word length: 194
INFO - 12/08/25 10:54:12 - 3:12:11 - number of unique characters in the vocabulary: 15
INFO - 12/08/25 10:54:12 - 3:12:11 - vocabulary:
INFO - 12/08/25 10:54:12 - 3:12:11 - ['V0', 'V1', 'V2', 'V3', 'V4', 'V5', 'V6', 'V7', 'V8', 'V9', 'V10', 'V11', 'V12', 'V13', 'V14']
INFO - 12/08/25 10:54:12 - 3:12:11 - split up the dataset into 90 training examples and 10 test examples
INFO - 12/08/25 10:54:12 - 3:12:11 - ============ Start of generation 18 ============
INFO - 12/08/25 10:54:12 - 3:12:11 - Memory allocated:  45.82MB, reserved: 10106.00MB
INFO - 12/08/25 10:54:12 - 3:12:11 - training
INFO - 12/08/25 10:54:13 - 3:12:12 - step 0 | loss 0.0294 | step time 295.41ms
INFO - 12/08/25 10:54:41 - 3:12:40 - step 100 | loss 0.0249 | step time 287.63ms
INFO - 12/08/25 10:55:10 - 3:13:09 - step 200 | loss 0.0240 | step time 287.62ms
INFO - 12/08/25 10:55:39 - 3:13:38 - step 300 | loss 0.0236 | step time 287.57ms
INFO - 12/08/25 10:56:08 - 3:14:07 - step 400 | loss 0.0246 | step time 287.72ms
INFO - 12/08/25 10:56:37 - 3:14:36 - step 500 | loss 0.0244 | step time 287.46ms
INFO - 12/08/25 10:56:37 - 3:14:36 - step 500 train loss: 0.024349702522158623 test loss: 0.08220940083265305
INFO - 12/08/25 10:56:37 - 3:14:36 - test loss 0.08220940083265305 is the best so far, saving model to /home/yuebi/Project/dim22_run/dim22_run_1/1111/model.pt
INFO - 12/08/25 10:57:06 - 3:15:05 - step 600 | loss 0.0352 | step time 287.72ms
INFO - 12/08/25 10:57:34 - 3:15:33 - step 700 | loss 0.0244 | step time 287.61ms
INFO - 12/08/25 10:58:03 - 3:16:02 - step 800 | loss 0.0236 | step time 287.85ms
INFO - 12/08/25 10:58:32 - 3:16:31 - step 900 | loss 0.0243 | step time 287.67ms
INFO - 12/08/25 10:59:01 - 3:17:00 - step 1000 | loss 0.0241 | step time 287.48ms
INFO - 12/08/25 10:59:01 - 3:17:00 - step 1000 train loss: 0.024171771481633186 test loss: 0.19389043748378754
INFO - 12/08/25 10:59:30 - 3:17:29 - step 1100 | loss 0.0240 | step time 287.60ms
INFO - 12/08/25 10:59:58 - 3:17:57 - step 1200 | loss 0.0242 | step time 287.62ms
INFO - 12/08/25 11:00:27 - 3:18:26 - step 1300 | loss 0.0259 | step time 287.89ms
INFO - 12/08/25 11:00:56 - 3:18:55 - step 1400 | loss 0.0244 | step time 287.43ms
INFO - 12/08/25 11:01:24 - 3:19:23 - Memory allocated:  45.82MB, reserved: 10106.00MB
INFO - 12/08/25 11:01:24 - 3:19:23 - generating
INFO - 12/08/25 11:02:04 - 0:00:00 - ============ Initialized logger ============
INFO - 12/08/25 11:02:04 - 0:00:00 - batch_size: 32
                                     command: python fc_loop.py --exp_name=dim22_run_1 --dump_path=/home/yuebi/Project/dim22_run --num_initial_empty_objects=800 --final_database_size=100 --target_db_size=100 --nb_local_searches=800 --max_epochs=20 --type=transformer --max-output-length=350 --sample-only=25000 --max-steps=1500 --n_tokens=15 --n-layer=8 --n-embd=128 --n-embd2=128 --exp_id=1111 --exp_id "1111"
                                     cpu: False
                                     debug: False
                                     debug_slurm: False
                                     dump_path: /home/yuebi/Project/dim22_run/dim22_run_1/1111
                                     exp_id: 1111
                                     exp_name: dim22_run_1
                                     final_database_size: 100
                                     gen_batch_size: 1000
                                     global_rank: 0
                                     is_master: True
                                     is_slurm_job: True
                                     learning_rate: 0.0005
                                     local_rank: 0
                                     master_addr: gpu-6
                                     master_port: -1
                                     max_epochs: 20
                                     max_output_length: 350
                                     max_steps: 1500
                                     multi_gpu: False
                                     multi_node: False
                                     n_embd: 128
                                     n_embd2: 128
                                     n_gpu_per_node: 1
                                     n_head: 8
                                     n_layer: 8
                                     n_nodes: 1
                                     n_tokens: 15
                                     nb_local_searches: 800
                                     nb_threads: 1
                                     node_id: 0
                                     num_initial_empty_objects: 800
                                     num_workers: 8
                                     sample_only: 25000
                                     seed: -1
                                     target_db_size: 100
                                     temperature: 1.0
                                     top_k: -1
                                     type: transformer
                                     weight_decay: 0.01
                                     world_size: 1
INFO - 12/08/25 11:02:04 - 0:00:00 - The experiment will be stored in /home/yuebi/Project/dim22_run/dim22_run_1/1111
                                     
INFO - 12/08/25 11:02:04 - 0:00:00 - Running command: python fc_loop.py --exp_name=dim22_run_1 --dump_path=/home/yuebi/Project/dim22_run --num_initial_empty_objects=800 --final_database_size=100 --target_db_size=100 --nb_local_searches=800 --max_epochs=20 --type=transformer --max-output-length=350 --sample-only=25000 --max-steps=1500 --n_tokens=15 --n-layer=8 --n-embd=128 --n-embd2=128 --exp_id=1111

WARNING - 12/08/25 11:02:04 - 0:00:00 - Signal handler installed.
INFO - 12/08/25 11:02:04 - 0:00:00 - seed: 461335109
INFO - 12/08/25 11:02:04 - 0:00:00 - initializing at generation: 18
INFO - 12/08/25 11:02:04 - 0:00:00 - number of examples in the dataset: 100
INFO - 12/08/25 11:02:04 - 0:00:00 - max word length: 194
INFO - 12/08/25 11:02:04 - 0:00:00 - number of unique characters in the vocabulary: 15
INFO - 12/08/25 11:02:04 - 0:00:00 - vocabulary:
INFO - 12/08/25 11:02:04 - 0:00:00 - ['V0', 'V1', 'V2', 'V3', 'V4', 'V5', 'V6', 'V7', 'V8', 'V9', 'V10', 'V11', 'V12', 'V13', 'V14']
INFO - 12/08/25 11:02:04 - 0:00:00 - split up the dataset into 90 training examples and 10 test examples
INFO - 12/08/25 11:02:04 - 0:00:00 - dataset determined that: vocab_size=16, block_size=351
INFO - 12/08/25 11:02:04 - 0:00:00 - model #params: 1635456
INFO - 12/08/25 11:02:04 - 0:00:00 - resuming from existing model
INFO - 12/08/25 11:02:04 - 0:00:00 - ============ Start of generation 18 ============
INFO - 12/08/25 11:02:04 - 0:00:00 - Memory allocated:  10.00MB, reserved: 22.00MB
INFO - 12/08/25 11:02:04 - 0:00:00 - training
INFO - 12/08/25 11:02:09 - 0:00:05 - step 0 | loss 0.0374 | step time 630.85ms
INFO - 12/08/25 11:02:38 - 0:00:34 - step 100 | loss 0.0248 | step time 287.69ms
INFO - 12/08/25 11:03:07 - 0:01:03 - step 200 | loss 0.0244 | step time 287.40ms
INFO - 12/08/25 11:03:35 - 0:01:31 - step 300 | loss 0.0251 | step time 287.34ms
INFO - 12/08/25 11:04:04 - 0:02:00 - step 400 | loss 0.0239 | step time 287.76ms
INFO - 12/08/25 11:04:33 - 0:02:29 - step 500 | loss 0.0277 | step time 287.48ms
INFO - 12/08/25 11:04:33 - 0:02:29 - step 500 train loss: 0.027872396633028984 test loss: 0.06983628869056702
INFO - 12/08/25 11:04:33 - 0:02:29 - test loss 0.06983628869056702 is the best so far, saving model to /home/yuebi/Project/dim22_run/dim22_run_1/1111/model.pt
INFO - 12/08/25 11:05:02 - 0:02:58 - step 600 | loss 0.0245 | step time 287.60ms
INFO - 12/08/25 11:05:31 - 0:03:27 - step 700 | loss 0.0243 | step time 287.48ms
INFO - 12/08/25 11:05:59 - 0:03:55 - step 800 | loss 0.0244 | step time 287.17ms
INFO - 12/08/25 11:06:28 - 0:04:24 - step 900 | loss 0.0241 | step time 287.24ms
INFO - 12/08/25 11:06:57 - 0:04:53 - step 1000 | loss 0.0240 | step time 287.08ms
INFO - 12/08/25 11:06:57 - 0:04:53 - step 1000 train loss: 0.024325357750058174 test loss: 0.08408282697200775
INFO - 12/08/25 11:07:26 - 0:05:22 - step 1100 | loss 0.0248 | step time 287.40ms
INFO - 12/08/25 11:07:55 - 0:05:51 - step 1200 | loss 0.0266 | step time 287.61ms
INFO - 12/08/25 11:08:23 - 0:06:19 - step 1300 | loss 0.0241 | step time 287.11ms
INFO - 12/08/25 11:08:52 - 0:06:48 - step 1400 | loss 0.0245 | step time 287.29ms
INFO - 12/08/25 11:09:21 - 0:07:17 - Memory allocated:  45.82MB, reserved: 3306.00MB
INFO - 12/08/25 11:09:21 - 0:07:17 - generating
INFO - 12/08/25 14:04:37 - 3:02:33 - distribution of sample lengths: average: 593.48464 max: 614
INFO - 12/08/25 14:04:37 - 3:02:33 - printed 25000 samples
INFO - 12/08/25 14:04:37 - 3:02:33 - decoding
INFO - 12/08/25 14:04:38 - 3:02:34 - Decoding complete. Check the output in /home/yuebi/Project/dim22_run/dim22_run_1/1111/transformer-output-decoded.txt
INFO - 12/08/25 14:04:38 - 3:02:34 - Memory allocated:  45.82MB, reserved: 10106.00MB
INFO - 12/08/25 14:04:38 - 3:02:34 - ============ End of generation 18 ============
INFO - 12/08/25 14:04:38 - 3:02:34 - launching search.jl
INFO - 12/08/25 14:04:38 - 3:02:34 - JULIA_NUM_THREADS is set to 1
INFO - 12/08/25 14:14:17 - 3:12:13 - distribution of scores(all rounds)
INFO - 12/08/25 14:14:17 - 3:12:13 - Score:662671900.0, Count:18
                                     
INFO - 12/08/25 14:14:17 - 3:12:13 - Score:547348350.0, Count:13
                                     
INFO - 12/08/25 14:14:17 - 3:12:13 - Score:539576100.0, Count:8
                                     
INFO - 12/08/25 14:14:17 - 3:12:13 - Score:535576350.0, Count:3
                                     
INFO - 12/08/25 14:14:17 - 3:12:13 - Score:528957570.0, Count:17
                                     
INFO - 12/08/25 14:14:17 - 3:12:13 - Score:527015400.0, Count:17
                                     
INFO - 12/08/25 14:14:17 - 3:12:13 - Score:524192220.0, Count:14
                                     
INFO - 12/08/25 14:14:17 - 3:12:13 - Score:523631970.0, Count:10
                                     
INFO - 12/08/25 14:14:17 - 3:12:13 - tokenizing
INFO - 12/08/25 14:14:17 - 3:12:13 - Loading tokenizer from /home/yuebi/Project/dim22_run/dim22_run_1/1111/tokenizer_data/tokenizer.json...
INFO - 12/08/25 14:14:17 - 3:12:13 - 0 / 100
INFO - 12/08/25 14:14:17 - 3:12:13 - number of examples in the dataset: 100
INFO - 12/08/25 14:14:17 - 3:12:13 - max word length: 194
INFO - 12/08/25 14:14:17 - 3:12:13 - number of unique characters in the vocabulary: 15
INFO - 12/08/25 14:14:17 - 3:12:13 - vocabulary:
INFO - 12/08/25 14:14:17 - 3:12:13 - ['V0', 'V1', 'V2', 'V3', 'V4', 'V5', 'V6', 'V7', 'V8', 'V9', 'V10', 'V11', 'V12', 'V13', 'V14']
INFO - 12/08/25 14:14:17 - 3:12:13 - split up the dataset into 90 training examples and 10 test examples
INFO - 12/08/25 14:14:17 - 3:12:13 - ============ Start of generation 19 ============
INFO - 12/08/25 14:14:17 - 3:12:13 - Memory allocated:  45.82MB, reserved: 10106.00MB
INFO - 12/08/25 14:14:17 - 3:12:13 - training
INFO - 12/08/25 14:14:17 - 3:12:13 - step 0 | loss 0.0254 | step time 295.05ms
INFO - 12/08/25 14:14:46 - 3:12:42 - step 100 | loss 0.0248 | step time 287.93ms
INFO - 12/08/25 14:15:14 - 3:13:11 - step 200 | loss 0.0247 | step time 287.85ms
INFO - 12/08/25 14:15:43 - 3:13:39 - step 300 | loss 0.0240 | step time 287.69ms
INFO - 12/08/25 14:16:12 - 3:14:08 - step 400 | loss 0.0246 | step time 288.06ms
INFO - 12/08/25 14:16:41 - 3:14:37 - step 500 | loss 0.0330 | step time 288.25ms
INFO - 12/08/25 14:16:41 - 3:14:37 - step 500 train loss: 0.027421003207564354 test loss: 0.11710399389266968
INFO - 12/08/25 14:16:41 - 3:14:37 - test loss 0.11710399389266968 is the best so far, saving model to /home/yuebi/Project/dim22_run/dim22_run_1/1111/model.pt
INFO - 12/08/25 14:17:10 - 3:15:06 - step 600 | loss 0.0244 | step time 287.80ms
INFO - 12/08/25 14:17:39 - 3:15:35 - step 700 | loss 0.0247 | step time 287.39ms
INFO - 12/08/25 14:18:08 - 3:16:04 - step 800 | loss 0.0242 | step time 287.35ms
INFO - 12/08/25 14:18:36 - 3:16:32 - step 900 | loss 0.0238 | step time 287.29ms
INFO - 12/08/25 14:19:05 - 3:17:01 - step 1000 | loss 0.0242 | step time 287.87ms
INFO - 12/08/25 14:19:05 - 3:17:01 - step 1000 train loss: 0.02443278767168522 test loss: 0.09870865195989609
INFO - 12/08/25 14:19:05 - 3:17:01 - test loss 0.09870865195989609 is the best so far, saving model to /home/yuebi/Project/dim22_run/dim22_run_1/1111/model.pt
INFO - 12/08/25 14:19:34 - 3:17:30 - step 1100 | loss 0.0248 | step time 287.71ms
INFO - 12/08/25 14:20:03 - 3:17:59 - step 1200 | loss 0.0261 | step time 287.77ms
INFO - 12/08/25 14:20:32 - 3:18:28 - step 1300 | loss 0.0240 | step time 288.32ms
INFO - 12/08/25 14:21:01 - 3:18:57 - step 1400 | loss 0.0242 | step time 287.91ms
INFO - 12/08/25 14:21:29 - 3:19:25 - Memory allocated:  45.82MB, reserved: 10106.00MB
INFO - 12/08/25 14:21:29 - 3:19:25 - generating
INFO - 12/08/25 14:22:14 - 0:00:00 - ============ Initialized logger ============
INFO - 12/08/25 14:22:14 - 0:00:00 - batch_size: 32
                                     command: python fc_loop.py --exp_name=dim22_run_1 --dump_path=/home/yuebi/Project/dim22_run --num_initial_empty_objects=800 --final_database_size=100 --target_db_size=100 --nb_local_searches=800 --max_epochs=20 --type=transformer --max-output-length=350 --sample-only=25000 --max-steps=1500 --n_tokens=15 --n-layer=8 --n-embd=128 --n-embd2=128 --exp_id=1111 --exp_id "1111"
                                     cpu: False
                                     debug: False
                                     debug_slurm: False
                                     dump_path: /home/yuebi/Project/dim22_run/dim22_run_1/1111
                                     exp_id: 1111
                                     exp_name: dim22_run_1
                                     final_database_size: 100
                                     gen_batch_size: 1000
                                     global_rank: 0
                                     is_master: True
                                     is_slurm_job: True
                                     learning_rate: 0.0005
                                     local_rank: 0
                                     master_addr: gpu-6
                                     master_port: -1
                                     max_epochs: 20
                                     max_output_length: 350
                                     max_steps: 1500
                                     multi_gpu: False
                                     multi_node: False
                                     n_embd: 128
                                     n_embd2: 128
                                     n_gpu_per_node: 1
                                     n_head: 8
                                     n_layer: 8
                                     n_nodes: 1
                                     n_tokens: 15
                                     nb_local_searches: 800
                                     nb_threads: 1
                                     node_id: 0
                                     num_initial_empty_objects: 800
                                     num_workers: 8
                                     sample_only: 25000
                                     seed: -1
                                     target_db_size: 100
                                     temperature: 1.0
                                     top_k: -1
                                     type: transformer
                                     weight_decay: 0.01
                                     world_size: 1
INFO - 12/08/25 14:22:14 - 0:00:00 - The experiment will be stored in /home/yuebi/Project/dim22_run/dim22_run_1/1111
                                     
INFO - 12/08/25 14:22:14 - 0:00:00 - Running command: python fc_loop.py --exp_name=dim22_run_1 --dump_path=/home/yuebi/Project/dim22_run --num_initial_empty_objects=800 --final_database_size=100 --target_db_size=100 --nb_local_searches=800 --max_epochs=20 --type=transformer --max-output-length=350 --sample-only=25000 --max-steps=1500 --n_tokens=15 --n-layer=8 --n-embd=128 --n-embd2=128 --exp_id=1111

WARNING - 12/08/25 14:22:14 - 0:00:00 - Signal handler installed.
INFO - 12/08/25 14:22:14 - 0:00:00 - seed: 287535479
INFO - 12/08/25 14:22:14 - 0:00:00 - initializing at generation: 19
INFO - 12/08/25 14:22:14 - 0:00:00 - number of examples in the dataset: 100
INFO - 12/08/25 14:22:14 - 0:00:00 - max word length: 194
INFO - 12/08/25 14:22:14 - 0:00:00 - number of unique characters in the vocabulary: 15
INFO - 12/08/25 14:22:14 - 0:00:00 - vocabulary:
INFO - 12/08/25 14:22:14 - 0:00:00 - ['V0', 'V1', 'V2', 'V3', 'V4', 'V5', 'V6', 'V7', 'V8', 'V9', 'V10', 'V11', 'V12', 'V13', 'V14']
INFO - 12/08/25 14:22:14 - 0:00:00 - split up the dataset into 90 training examples and 10 test examples
INFO - 12/08/25 14:22:14 - 0:00:00 - dataset determined that: vocab_size=16, block_size=351
INFO - 12/08/25 14:22:14 - 0:00:00 - model #params: 1635456
INFO - 12/08/25 14:22:14 - 0:00:00 - resuming from existing model
INFO - 12/08/25 14:22:14 - 0:00:00 - ============ Start of generation 19 ============
INFO - 12/08/25 14:22:14 - 0:00:00 - Memory allocated:  10.00MB, reserved: 22.00MB
INFO - 12/08/25 14:22:14 - 0:00:00 - training
INFO - 12/08/25 14:22:19 - 0:00:05 - step 0 | loss 0.0297 | step time 621.66ms
INFO - 12/08/25 14:22:48 - 0:00:34 - step 100 | loss 0.0243 | step time 287.09ms
INFO - 12/08/25 14:23:17 - 0:01:03 - step 200 | loss 0.0244 | step time 287.31ms
INFO - 12/08/25 14:23:45 - 0:01:31 - step 300 | loss 0.0246 | step time 287.26ms
INFO - 12/08/25 14:24:14 - 0:02:00 - step 400 | loss 0.0247 | step time 287.42ms
INFO - 12/08/25 14:24:43 - 0:02:29 - step 500 | loss 0.0248 | step time 287.86ms
INFO - 12/08/25 14:24:43 - 0:02:29 - step 500 train loss: 0.02429083175957203 test loss: 0.10113607347011566
INFO - 12/08/25 14:24:43 - 0:02:29 - test loss 0.10113607347011566 is the best so far, saving model to /home/yuebi/Project/dim22_run/dim22_run_1/1111/model.pt
INFO - 12/08/25 14:25:12 - 0:02:58 - step 600 | loss 0.0316 | step time 287.08ms
INFO - 12/08/25 14:25:41 - 0:03:27 - step 700 | loss 0.0239 | step time 287.75ms
INFO - 12/08/25 14:26:09 - 0:03:55 - step 800 | loss 0.0245 | step time 287.31ms
INFO - 12/08/25 14:26:38 - 0:04:24 - step 900 | loss 0.0242 | step time 287.08ms
INFO - 12/08/25 14:27:07 - 0:04:53 - step 1000 | loss 0.0242 | step time 287.29ms
INFO - 12/08/25 14:27:07 - 0:04:53 - step 1000 train loss: 0.024195296689867973 test loss: 0.14361515641212463
INFO - 12/08/25 14:27:36 - 0:05:22 - step 1100 | loss 0.0242 | step time 287.66ms
INFO - 12/08/25 14:28:05 - 0:05:51 - step 1200 | loss 0.0248 | step time 287.41ms
INFO - 12/08/25 14:28:33 - 0:06:19 - step 1300 | loss 0.0240 | step time 287.46ms
INFO - 12/08/25 14:29:02 - 0:06:48 - step 1400 | loss 0.0246 | step time 287.09ms
INFO - 12/08/25 14:29:31 - 0:07:17 - Memory allocated:  45.82MB, reserved: 3306.00MB
INFO - 12/08/25 14:29:31 - 0:07:17 - generating
INFO - 12/08/25 17:25:07 - 3:02:53 - distribution of sample lengths: average: 594.35184 max: 611
INFO - 12/08/25 17:25:07 - 3:02:53 - printed 25000 samples
INFO - 12/08/25 17:25:07 - 3:02:53 - decoding
INFO - 12/08/25 17:25:08 - 3:02:54 - Decoding complete. Check the output in /home/yuebi/Project/dim22_run/dim22_run_1/1111/transformer-output-decoded.txt
INFO - 12/08/25 17:25:08 - 3:02:54 - Memory allocated:  45.82MB, reserved: 10106.00MB
INFO - 12/08/25 17:25:08 - 3:02:54 - ============ End of generation 19 ============
INFO - 12/08/25 17:25:08 - 3:02:54 - launching search.jl
INFO - 12/08/25 17:25:08 - 3:02:54 - JULIA_NUM_THREADS is set to 1
INFO - 12/08/25 17:34:47 - 3:12:33 - distribution of scores(all rounds)
INFO - 12/08/25 17:34:47 - 3:12:33 - Score:662671900.0, Count:19
                                     
INFO - 12/08/25 17:34:47 - 3:12:33 - Score:547348350.0, Count:14
                                     
INFO - 12/08/25 17:34:47 - 3:12:33 - Score:539576100.0, Count:9
                                     
INFO - 12/08/25 17:34:47 - 3:12:33 - Score:535576350.0, Count:4
                                     
INFO - 12/08/25 17:34:47 - 3:12:33 - Score:528957570.0, Count:18
                                     
INFO - 12/08/25 17:34:47 - 3:12:33 - Score:527015400.0, Count:18
                                     
INFO - 12/08/25 17:34:47 - 3:12:33 - Score:524192220.0, Count:15
                                     
INFO - 12/08/25 17:34:47 - 3:12:33 - Score:523631970.0, Count:3
                                     
INFO - 12/08/25 17:34:47 - 3:12:33 - tokenizing
INFO - 12/08/25 17:34:47 - 3:12:33 - Loading tokenizer from /home/yuebi/Project/dim22_run/dim22_run_1/1111/tokenizer_data/tokenizer.json...
INFO - 12/08/25 17:34:47 - 3:12:33 - 0 / 100
INFO - 12/08/25 17:34:47 - 3:12:33 - number of examples in the dataset: 100
INFO - 12/08/25 17:34:47 - 3:12:33 - max word length: 194
INFO - 12/08/25 17:34:47 - 3:12:33 - number of unique characters in the vocabulary: 15
INFO - 12/08/25 17:34:47 - 3:12:33 - vocabulary:
INFO - 12/08/25 17:34:47 - 3:12:33 - ['V0', 'V1', 'V2', 'V3', 'V4', 'V5', 'V6', 'V7', 'V8', 'V9', 'V10', 'V11', 'V12', 'V13', 'V14']
INFO - 12/08/25 17:34:47 - 3:12:33 - split up the dataset into 90 training examples and 10 test examples
INFO - 12/08/25 17:34:47 - 3:12:33 - ============ Start of generation 20 ============
INFO - 12/08/25 17:34:47 - 3:12:33 - Memory allocated:  45.82MB, reserved: 10106.00MB
INFO - 12/08/25 17:34:47 - 3:12:33 - training
INFO - 12/08/25 17:34:47 - 3:12:33 - step 0 | loss 0.0629 | step time 296.47ms
INFO - 12/08/25 17:35:16 - 3:13:02 - step 100 | loss 0.0244 | step time 288.27ms
INFO - 12/08/25 17:35:45 - 3:13:31 - step 200 | loss 0.0281 | step time 288.50ms
INFO - 12/08/25 17:36:14 - 3:13:59 - step 300 | loss 0.0240 | step time 288.27ms
INFO - 12/08/25 17:36:42 - 3:14:28 - step 400 | loss 0.0244 | step time 288.54ms
INFO - 12/08/25 17:37:11 - 3:14:57 - step 500 | loss 0.0244 | step time 288.51ms
INFO - 12/08/25 17:37:11 - 3:14:57 - step 500 train loss: 0.024348890408873558 test loss: 0.08085723966360092
INFO - 12/08/25 17:37:11 - 3:14:57 - test loss 0.08085723966360092 is the best so far, saving model to /home/yuebi/Project/dim22_run/dim22_run_1/1111/model.pt
INFO - 12/08/25 17:37:40 - 3:15:26 - step 600 | loss 0.0238 | step time 288.43ms
INFO - 12/08/25 17:38:09 - 3:15:55 - step 700 | loss 0.0241 | step time 288.34ms
INFO - 12/08/25 17:38:38 - 3:16:24 - step 800 | loss 0.0249 | step time 288.49ms
INFO - 12/08/25 17:39:07 - 3:16:53 - step 900 | loss 0.0244 | step time 288.62ms
INFO - 12/08/25 17:39:36 - 3:17:22 - step 1000 | loss 0.0244 | step time 288.13ms
INFO - 12/08/25 17:39:36 - 3:17:22 - step 1000 train loss: 0.02421891689300537 test loss: 0.12155383825302124
INFO - 12/08/25 17:40:05 - 3:17:51 - step 1100 | loss 0.0239 | step time 288.25ms
INFO - 12/08/25 17:40:34 - 3:18:20 - step 1200 | loss 0.0242 | step time 288.19ms
INFO - 12/08/25 17:41:03 - 3:18:48 - step 1300 | loss 0.0240 | step time 288.62ms
INFO - 12/08/25 17:41:31 - 3:19:17 - step 1400 | loss 0.0245 | step time 288.06ms
INFO - 12/08/25 17:42:00 - 3:19:46 - Memory allocated:  45.82MB, reserved: 10106.00MB
INFO - 12/08/25 17:42:00 - 3:19:46 - generating
INFO - 12/08/25 17:42:22 - 0:00:00 - ============ Initialized logger ============
INFO - 12/08/25 17:42:22 - 0:00:00 - batch_size: 32
                                     command: python fc_loop.py --exp_name=dim22_run_1 --dump_path=/home/yuebi/Project/dim22_run --num_initial_empty_objects=800 --final_database_size=100 --target_db_size=100 --nb_local_searches=800 --max_epochs=20 --type=transformer --max-output-length=350 --sample-only=25000 --max-steps=1500 --n_tokens=15 --n-layer=8 --n-embd=128 --n-embd2=128 --exp_id=1111 --exp_id "1111"
                                     cpu: False
                                     debug: False
                                     debug_slurm: False
                                     dump_path: /home/yuebi/Project/dim22_run/dim22_run_1/1111
                                     exp_id: 1111
                                     exp_name: dim22_run_1
                                     final_database_size: 100
                                     gen_batch_size: 1000
                                     global_rank: 0
                                     is_master: True
                                     is_slurm_job: True
                                     learning_rate: 0.0005
                                     local_rank: 0
                                     master_addr: gpu-6
                                     master_port: -1
                                     max_epochs: 20
                                     max_output_length: 350
                                     max_steps: 1500
                                     multi_gpu: False
                                     multi_node: False
                                     n_embd: 128
                                     n_embd2: 128
                                     n_gpu_per_node: 1
                                     n_head: 8
                                     n_layer: 8
                                     n_nodes: 1
                                     n_tokens: 15
                                     nb_local_searches: 800
                                     nb_threads: 1
                                     node_id: 0
                                     num_initial_empty_objects: 800
                                     num_workers: 8
                                     sample_only: 25000
                                     seed: -1
                                     target_db_size: 100
                                     temperature: 1.0
                                     top_k: -1
                                     type: transformer
                                     weight_decay: 0.01
                                     world_size: 1
INFO - 12/08/25 17:42:22 - 0:00:00 - The experiment will be stored in /home/yuebi/Project/dim22_run/dim22_run_1/1111
                                     
INFO - 12/08/25 17:42:22 - 0:00:00 - Running command: python fc_loop.py --exp_name=dim22_run_1 --dump_path=/home/yuebi/Project/dim22_run --num_initial_empty_objects=800 --final_database_size=100 --target_db_size=100 --nb_local_searches=800 --max_epochs=20 --type=transformer --max-output-length=350 --sample-only=25000 --max-steps=1500 --n_tokens=15 --n-layer=8 --n-embd=128 --n-embd2=128 --exp_id=1111

WARNING - 12/08/25 17:42:22 - 0:00:00 - Signal handler installed.
INFO - 12/08/25 17:42:22 - 0:00:00 - seed: 579900927
INFO - 12/08/25 17:42:22 - 0:00:00 - initializing at generation: 19
INFO - 12/08/25 17:42:22 - 0:00:00 - number of examples in the dataset: 100
INFO - 12/08/25 17:42:22 - 0:00:00 - max word length: 194
INFO - 12/08/25 17:42:22 - 0:00:00 - number of unique characters in the vocabulary: 15
INFO - 12/08/25 17:42:22 - 0:00:00 - vocabulary:
INFO - 12/08/25 17:42:22 - 0:00:00 - ['V0', 'V1', 'V2', 'V3', 'V4', 'V5', 'V6', 'V7', 'V8', 'V9', 'V10', 'V11', 'V12', 'V13', 'V14']
INFO - 12/08/25 17:42:22 - 0:00:00 - split up the dataset into 90 training examples and 10 test examples
INFO - 12/08/25 17:42:22 - 0:00:00 - dataset determined that: vocab_size=16, block_size=351
INFO - 12/08/25 17:42:22 - 0:00:00 - model #params: 1635456
INFO - 12/08/25 17:42:22 - 0:00:00 - resuming from existing model
INFO - 12/08/25 17:42:22 - 0:00:00 - ============ Start of generation 19 ============
INFO - 12/08/25 17:42:22 - 0:00:00 - Memory allocated:  10.00MB, reserved: 22.00MB
INFO - 12/08/25 17:42:22 - 0:00:00 - training
INFO - 12/08/25 17:42:27 - 0:00:05 - step 0 | loss 0.0293 | step time 619.67ms
INFO - 12/08/25 17:42:56 - 0:00:34 - step 100 | loss 0.0247 | step time 286.49ms
INFO - 12/08/25 17:43:24 - 0:01:02 - step 200 | loss 0.0241 | step time 286.68ms
INFO - 12/08/25 17:43:53 - 0:01:31 - step 300 | loss 0.0244 | step time 286.57ms
INFO - 12/08/25 17:44:22 - 0:02:00 - step 400 | loss 0.0243 | step time 286.51ms
INFO - 12/08/25 17:44:50 - 0:02:28 - step 500 | loss 0.0246 | step time 286.64ms
INFO - 12/08/25 17:44:50 - 0:02:28 - step 500 train loss: 0.024259258061647415 test loss: 0.07098665833473206
INFO - 12/08/25 17:44:50 - 0:02:28 - test loss 0.07098665833473206 is the best so far, saving model to /home/yuebi/Project/dim22_run/dim22_run_1/1111/model.pt
INFO - 12/08/25 17:45:19 - 0:02:57 - step 600 | loss 0.0237 | step time 286.53ms
INFO - 12/08/25 17:45:48 - 0:03:26 - step 700 | loss 0.0245 | step time 286.62ms
INFO - 12/08/25 17:46:16 - 0:03:54 - step 800 | loss 0.0247 | step time 286.52ms
INFO - 12/08/25 17:46:45 - 0:04:23 - step 900 | loss 0.0244 | step time 286.39ms
INFO - 12/08/25 17:47:14 - 0:04:52 - step 1000 | loss 0.0241 | step time 286.52ms
INFO - 12/08/25 17:47:14 - 0:04:52 - step 1000 train loss: 0.02414591982960701 test loss: 0.1497233361005783
INFO - 12/08/25 17:47:43 - 0:05:21 - step 1100 | loss 0.0245 | step time 286.47ms
INFO - 12/08/25 17:48:11 - 0:05:49 - step 1200 | loss 0.0238 | step time 286.50ms
INFO - 12/08/25 17:48:40 - 0:06:18 - step 1300 | loss 0.0390 | step time 286.84ms
INFO - 12/08/25 17:49:09 - 0:06:47 - step 1400 | loss 0.0242 | step time 286.52ms
INFO - 12/08/25 17:49:37 - 0:07:15 - Memory allocated:  45.82MB, reserved: 3306.00MB
INFO - 12/08/25 17:49:37 - 0:07:15 - generating
INFO - 12/08/25 20:44:15 - 3:01:53 - distribution of sample lengths: average: 594.49136 max: 616
INFO - 12/08/25 20:44:15 - 3:01:53 - printed 25000 samples
INFO - 12/08/25 20:44:15 - 3:01:53 - decoding
INFO - 12/08/25 20:44:16 - 3:01:54 - Decoding complete. Check the output in /home/yuebi/Project/dim22_run/dim22_run_1/1111/transformer-output-decoded.txt
INFO - 12/08/25 20:44:16 - 3:01:54 - Memory allocated:  45.82MB, reserved: 10106.00MB
INFO - 12/08/25 20:44:16 - 3:01:54 - ============ End of generation 19 ============
INFO - 12/08/25 20:44:16 - 3:01:54 - launching search.jl
INFO - 12/08/25 20:44:16 - 3:01:54 - JULIA_NUM_THREADS is set to 1
INFO - 12/08/25 20:53:52 - 3:11:30 - distribution of scores(all rounds)
INFO - 12/08/25 20:53:52 - 3:11:30 - Score:662671900.0, Count:20
                                     
INFO - 12/08/25 20:53:52 - 3:11:30 - Score:547348350.0, Count:15
                                     
INFO - 12/08/25 20:53:52 - 3:11:30 - Score:539576100.0, Count:10
                                     
INFO - 12/08/25 20:53:52 - 3:11:30 - Score:535576350.0, Count:5
                                     
INFO - 12/08/25 20:53:52 - 3:11:30 - Score:528957570.0, Count:19
                                     
INFO - 12/08/25 20:53:52 - 3:11:30 - Score:527015400.0, Count:19
                                     
INFO - 12/08/25 20:53:52 - 3:11:30 - Score:524192220.0, Count:12
                                     
INFO - 12/08/25 20:53:52 - 3:11:30 - tokenizing
INFO - 12/08/25 20:53:52 - 3:11:30 - Loading tokenizer from /home/yuebi/Project/dim22_run/dim22_run_1/1111/tokenizer_data/tokenizer.json...
INFO - 12/08/25 20:53:52 - 3:11:30 - 0 / 100
INFO - 12/08/25 20:53:52 - 3:11:30 - number of examples in the dataset: 100
INFO - 12/08/25 20:53:52 - 3:11:30 - max word length: 194
INFO - 12/08/25 20:53:52 - 3:11:30 - number of unique characters in the vocabulary: 15
INFO - 12/08/25 20:53:52 - 3:11:30 - vocabulary:
INFO - 12/08/25 20:53:52 - 3:11:30 - ['V0', 'V1', 'V2', 'V3', 'V4', 'V5', 'V6', 'V7', 'V8', 'V9', 'V10', 'V11', 'V12', 'V13', 'V14']
INFO - 12/08/25 20:53:52 - 3:11:30 - split up the dataset into 90 training examples and 10 test examples
INFO - 12/08/25 20:53:52 - 3:11:30 - ============ Start of generation 20 ============
INFO - 12/08/25 20:53:52 - 3:11:30 - Memory allocated:  45.82MB, reserved: 10106.00MB
INFO - 12/08/25 20:53:52 - 3:11:30 - training
INFO - 12/08/25 20:53:53 - 3:11:31 - step 0 | loss 0.0399 | step time 293.79ms
INFO - 12/08/25 20:54:21 - 3:11:59 - step 100 | loss 0.0242 | step time 286.64ms
INFO - 12/08/25 20:54:50 - 3:12:28 - step 200 | loss 0.0244 | step time 286.58ms
INFO - 12/08/25 20:55:19 - 3:12:57 - step 300 | loss 0.0241 | step time 286.68ms
INFO - 12/08/25 20:55:47 - 3:13:25 - step 400 | loss 0.0242 | step time 286.56ms
INFO - 12/08/25 20:56:16 - 3:13:54 - step 500 | loss 0.0247 | step time 286.73ms
INFO - 12/08/25 20:56:16 - 3:13:54 - step 500 train loss: 0.024361813440918922 test loss: 0.06260944157838821
INFO - 12/08/25 20:56:16 - 3:13:54 - test loss 0.06260944157838821 is the best so far, saving model to /home/yuebi/Project/dim22_run/dim22_run_1/1111/model.pt
INFO - 12/08/25 20:56:45 - 3:14:23 - step 600 | loss 0.0293 | step time 286.64ms
INFO - 12/08/25 20:57:14 - 3:14:52 - step 700 | loss 0.0242 | step time 286.54ms
INFO - 12/08/25 20:57:42 - 3:15:20 - step 800 | loss 0.0240 | step time 286.48ms
INFO - 12/08/25 20:58:11 - 3:15:49 - step 900 | loss 0.0241 | step time 286.70ms
INFO - 12/08/25 20:58:40 - 3:16:18 - step 1000 | loss 0.0243 | step time 286.70ms
INFO - 12/08/25 20:58:40 - 3:16:18 - step 1000 train loss: 0.02424885518848896 test loss: 0.10515036433935165
INFO - 12/08/25 20:59:09 - 3:16:47 - step 1100 | loss 0.0246 | step time 286.54ms
INFO - 12/08/25 20:59:37 - 3:17:15 - step 1200 | loss 0.0258 | step time 286.71ms
INFO - 12/08/25 21:00:06 - 3:17:44 - step 1300 | loss 0.0237 | step time 286.42ms
INFO - 12/08/25 21:00:34 - 3:18:12 - step 1400 | loss 0.0240 | step time 286.44ms
INFO - 12/08/25 21:01:03 - 3:18:41 - Memory allocated:  45.82MB, reserved: 10106.00MB
INFO - 12/08/25 21:01:03 - 3:18:41 - generating
