INFO - 12/06/25 16:03:14 - 0:00:00 - ============ Initialized logger ============
INFO - 12/06/25 16:03:14 - 0:00:00 - batch_size: 32
                                     command: python fc_loop.py --exp_name=dim24_run_1 --dump_path=/home/yuebi/Project/dim24_run --num_initial_empty_objects=800 --final_database_size=100 --target_db_size=100 --nb_local_searches=1000 --max_epochs=20 --type=transformer --max-output-length=350 --sample-only=25000 --max-steps=1500 --n_tokens=15 --n-layer=8 --n-embd=128 --n-embd2=128 --exp_id=1111 --exp_id "1111"
                                     cpu: False
                                     debug: False
                                     debug_slurm: False
                                     dump_path: /home/yuebi/Project/dim24_run/dim24_run_1/1111
                                     exp_id: 1111
                                     exp_name: dim24_run_1
                                     final_database_size: 100
                                     gen_batch_size: 1000
                                     global_rank: 0
                                     is_master: True
                                     is_slurm_job: True
                                     learning_rate: 0.0005
                                     local_rank: 0
                                     master_addr: gpu-6
                                     master_port: -1
                                     max_epochs: 20
                                     max_output_length: 350
                                     max_steps: 1500
                                     multi_gpu: False
                                     multi_node: False
                                     n_embd: 128
                                     n_embd2: 128
                                     n_gpu_per_node: 1
                                     n_head: 8
                                     n_layer: 8
                                     n_nodes: 1
                                     n_tokens: 15
                                     nb_local_searches: 1000
                                     nb_threads: 1
                                     node_id: 0
                                     num_initial_empty_objects: 800
                                     num_workers: 8
                                     sample_only: 25000
                                     seed: -1
                                     target_db_size: 100
                                     temperature: 1.0
                                     top_k: -1
                                     type: transformer
                                     weight_decay: 0.01
                                     world_size: 1
INFO - 12/06/25 16:03:14 - 0:00:00 - The experiment will be stored in /home/yuebi/Project/dim24_run/dim24_run_1/1111
                                     
INFO - 12/06/25 16:03:14 - 0:00:00 - Running command: python fc_loop.py --exp_name=dim24_run_1 --dump_path=/home/yuebi/Project/dim24_run --num_initial_empty_objects=800 --final_database_size=100 --target_db_size=100 --nb_local_searches=1000 --max_epochs=20 --type=transformer --max-output-length=350 --sample-only=25000 --max-steps=1500 --n_tokens=15 --n-layer=8 --n-embd=128 --n-embd2=128 --exp_id=1111

WARNING - 12/06/25 16:03:14 - 0:00:00 - Signal handler installed.
INFO - 12/06/25 16:03:14 - 0:00:00 - seed: 78985512
INFO - 12/06/25 16:03:14 - 0:00:00 - JULIA_NUM_THREADS is set to 1
INFO - 12/06/25 16:03:15 - 0:00:01 - Created /home/yuebi/Project/dim24_run/dim24_run_1/1111/temp.txt and training tokenizer...
INFO - 12/06/25 16:03:17 - 0:00:00 - ============ Initialized logger ============
INFO - 12/06/25 16:03:17 - 0:00:00 - batch_size: 32
                                     command: python fc_loop.py --exp_name=dim24_run_1 --dump_path=/home/yuebi/Project/dim24_run --num_initial_empty_objects=800 --final_database_size=100 --target_db_size=100 --nb_local_searches=1000 --max_epochs=20 --type=transformer --max-output-length=350 --sample-only=25000 --max-steps=1500 --n_tokens=15 --n-layer=8 --n-embd=128 --n-embd2=128 --exp_id=1111 --exp_id "1111"
                                     cpu: False
                                     debug: False
                                     debug_slurm: False
                                     dump_path: /home/yuebi/Project/dim24_run/dim24_run_1/1111
                                     exp_id: 1111
                                     exp_name: dim24_run_1
                                     final_database_size: 100
                                     gen_batch_size: 1000
                                     global_rank: 0
                                     is_master: True
                                     is_slurm_job: True
                                     learning_rate: 0.0005
                                     local_rank: 0
                                     master_addr: gpu-6
                                     master_port: -1
                                     max_epochs: 20
                                     max_output_length: 350
                                     max_steps: 1500
                                     multi_gpu: False
                                     multi_node: False
                                     n_embd: 128
                                     n_embd2: 128
                                     n_gpu_per_node: 1
                                     n_head: 8
                                     n_layer: 8
                                     n_nodes: 1
                                     n_tokens: 15
                                     nb_local_searches: 1000
                                     nb_threads: 1
                                     node_id: 0
                                     num_initial_empty_objects: 800
                                     num_workers: 8
                                     sample_only: 25000
                                     seed: -1
                                     target_db_size: 100
                                     temperature: 1.0
                                     top_k: -1
                                     type: transformer
                                     weight_decay: 0.01
                                     world_size: 1
INFO - 12/06/25 16:03:17 - 0:00:00 - The experiment will be stored in /home/yuebi/Project/dim24_run/dim24_run_1/1111
                                     
INFO - 12/06/25 16:03:17 - 0:00:00 - Running command: python fc_loop.py --exp_name=dim24_run_1 --dump_path=/home/yuebi/Project/dim24_run --num_initial_empty_objects=800 --final_database_size=100 --target_db_size=100 --nb_local_searches=1000 --max_epochs=20 --type=transformer --max-output-length=350 --sample-only=25000 --max-steps=1500 --n_tokens=15 --n-layer=8 --n-embd=128 --n-embd2=128 --exp_id=1111

WARNING - 12/06/25 16:03:17 - 0:00:00 - Signal handler installed.
INFO - 12/06/25 16:03:17 - 0:00:00 - seed: 639884600
INFO - 12/06/25 16:03:17 - 0:00:00 - JULIA_NUM_THREADS is set to 1
INFO - 12/06/25 16:03:18 - 0:00:01 - Created /home/yuebi/Project/dim24_run/dim24_run_1/1111/temp.txt and training tokenizer...
INFO - 12/06/25 16:03:20 - 0:00:00 - ============ Initialized logger ============
INFO - 12/06/25 16:03:20 - 0:00:00 - batch_size: 32
                                     command: python fc_loop.py --exp_name=dim24_run_1 --dump_path=/home/yuebi/Project/dim24_run --num_initial_empty_objects=800 --final_database_size=100 --target_db_size=100 --nb_local_searches=1000 --max_epochs=20 --type=transformer --max-output-length=350 --sample-only=25000 --max-steps=1500 --n_tokens=15 --n-layer=8 --n-embd=128 --n-embd2=128 --exp_id=1111 --exp_id "1111"
                                     cpu: False
                                     debug: False
                                     debug_slurm: False
                                     dump_path: /home/yuebi/Project/dim24_run/dim24_run_1/1111
                                     exp_id: 1111
                                     exp_name: dim24_run_1
                                     final_database_size: 100
                                     gen_batch_size: 1000
                                     global_rank: 0
                                     is_master: True
                                     is_slurm_job: True
                                     learning_rate: 0.0005
                                     local_rank: 0
                                     master_addr: gpu-6
                                     master_port: -1
                                     max_epochs: 20
                                     max_output_length: 350
                                     max_steps: 1500
                                     multi_gpu: False
                                     multi_node: False
                                     n_embd: 128
                                     n_embd2: 128
                                     n_gpu_per_node: 1
                                     n_head: 8
                                     n_layer: 8
                                     n_nodes: 1
                                     n_tokens: 15
                                     nb_local_searches: 1000
                                     nb_threads: 1
                                     node_id: 0
                                     num_initial_empty_objects: 800
                                     num_workers: 8
                                     sample_only: 25000
                                     seed: -1
                                     target_db_size: 100
                                     temperature: 1.0
                                     top_k: -1
                                     type: transformer
                                     weight_decay: 0.01
                                     world_size: 1
INFO - 12/06/25 16:03:20 - 0:00:00 - The experiment will be stored in /home/yuebi/Project/dim24_run/dim24_run_1/1111
                                     
INFO - 12/06/25 16:03:20 - 0:00:00 - Running command: python fc_loop.py --exp_name=dim24_run_1 --dump_path=/home/yuebi/Project/dim24_run --num_initial_empty_objects=800 --final_database_size=100 --target_db_size=100 --nb_local_searches=1000 --max_epochs=20 --type=transformer --max-output-length=350 --sample-only=25000 --max-steps=1500 --n_tokens=15 --n-layer=8 --n-embd=128 --n-embd2=128 --exp_id=1111

WARNING - 12/06/25 16:03:20 - 0:00:00 - Signal handler installed.
INFO - 12/06/25 16:03:20 - 0:00:00 - seed: 185388434
INFO - 12/06/25 16:03:20 - 0:00:00 - JULIA_NUM_THREADS is set to 1
INFO - 12/06/25 16:03:21 - 0:00:01 - Created /home/yuebi/Project/dim24_run/dim24_run_1/1111/temp.txt and training tokenizer...
INFO - 12/06/25 16:03:23 - 0:00:00 - ============ Initialized logger ============
INFO - 12/06/25 16:03:23 - 0:00:00 - batch_size: 32
                                     command: python fc_loop.py --exp_name=dim24_run_1 --dump_path=/home/yuebi/Project/dim24_run --num_initial_empty_objects=800 --final_database_size=100 --target_db_size=100 --nb_local_searches=1000 --max_epochs=20 --type=transformer --max-output-length=350 --sample-only=25000 --max-steps=1500 --n_tokens=15 --n-layer=8 --n-embd=128 --n-embd2=128 --exp_id=1111 --exp_id "1111"
                                     cpu: False
                                     debug: False
                                     debug_slurm: False
                                     dump_path: /home/yuebi/Project/dim24_run/dim24_run_1/1111
                                     exp_id: 1111
                                     exp_name: dim24_run_1
                                     final_database_size: 100
                                     gen_batch_size: 1000
                                     global_rank: 0
                                     is_master: True
                                     is_slurm_job: True
                                     learning_rate: 0.0005
                                     local_rank: 0
                                     master_addr: gpu-6
                                     master_port: -1
                                     max_epochs: 20
                                     max_output_length: 350
                                     max_steps: 1500
                                     multi_gpu: False
                                     multi_node: False
                                     n_embd: 128
                                     n_embd2: 128
                                     n_gpu_per_node: 1
                                     n_head: 8
                                     n_layer: 8
                                     n_nodes: 1
                                     n_tokens: 15
                                     nb_local_searches: 1000
                                     nb_threads: 1
                                     node_id: 0
                                     num_initial_empty_objects: 800
                                     num_workers: 8
                                     sample_only: 25000
                                     seed: -1
                                     target_db_size: 100
                                     temperature: 1.0
                                     top_k: -1
                                     type: transformer
                                     weight_decay: 0.01
                                     world_size: 1
INFO - 12/06/25 16:03:23 - 0:00:00 - The experiment will be stored in /home/yuebi/Project/dim24_run/dim24_run_1/1111
                                     
INFO - 12/06/25 16:03:23 - 0:00:00 - Running command: python fc_loop.py --exp_name=dim24_run_1 --dump_path=/home/yuebi/Project/dim24_run --num_initial_empty_objects=800 --final_database_size=100 --target_db_size=100 --nb_local_searches=1000 --max_epochs=20 --type=transformer --max-output-length=350 --sample-only=25000 --max-steps=1500 --n_tokens=15 --n-layer=8 --n-embd=128 --n-embd2=128 --exp_id=1111

WARNING - 12/06/25 16:03:23 - 0:00:00 - Signal handler installed.
INFO - 12/06/25 16:03:23 - 0:00:00 - seed: 481555038
INFO - 12/06/25 16:03:23 - 0:00:00 - JULIA_NUM_THREADS is set to 1
INFO - 12/06/25 16:03:24 - 0:00:01 - Created /home/yuebi/Project/dim24_run/dim24_run_1/1111/temp.txt and training tokenizer...
INFO - 12/06/25 16:03:26 - 0:00:00 - ============ Initialized logger ============
INFO - 12/06/25 16:03:26 - 0:00:00 - batch_size: 32
                                     command: python fc_loop.py --exp_name=dim24_run_1 --dump_path=/home/yuebi/Project/dim24_run --num_initial_empty_objects=800 --final_database_size=100 --target_db_size=100 --nb_local_searches=1000 --max_epochs=20 --type=transformer --max-output-length=350 --sample-only=25000 --max-steps=1500 --n_tokens=15 --n-layer=8 --n-embd=128 --n-embd2=128 --exp_id=1111 --exp_id "1111"
                                     cpu: False
                                     debug: False
                                     debug_slurm: False
                                     dump_path: /home/yuebi/Project/dim24_run/dim24_run_1/1111
                                     exp_id: 1111
                                     exp_name: dim24_run_1
                                     final_database_size: 100
                                     gen_batch_size: 1000
                                     global_rank: 0
                                     is_master: True
                                     is_slurm_job: True
                                     learning_rate: 0.0005
                                     local_rank: 0
                                     master_addr: gpu-6
                                     master_port: -1
                                     max_epochs: 20
                                     max_output_length: 350
                                     max_steps: 1500
                                     multi_gpu: False
                                     multi_node: False
                                     n_embd: 128
                                     n_embd2: 128
                                     n_gpu_per_node: 1
                                     n_head: 8
                                     n_layer: 8
                                     n_nodes: 1
                                     n_tokens: 15
                                     nb_local_searches: 1000
                                     nb_threads: 1
                                     node_id: 0
                                     num_initial_empty_objects: 800
                                     num_workers: 8
                                     sample_only: 25000
                                     seed: -1
                                     target_db_size: 100
                                     temperature: 1.0
                                     top_k: -1
                                     type: transformer
                                     weight_decay: 0.01
                                     world_size: 1
INFO - 12/06/25 16:03:26 - 0:00:00 - The experiment will be stored in /home/yuebi/Project/dim24_run/dim24_run_1/1111
                                     
INFO - 12/06/25 16:03:26 - 0:00:00 - Running command: python fc_loop.py --exp_name=dim24_run_1 --dump_path=/home/yuebi/Project/dim24_run --num_initial_empty_objects=800 --final_database_size=100 --target_db_size=100 --nb_local_searches=1000 --max_epochs=20 --type=transformer --max-output-length=350 --sample-only=25000 --max-steps=1500 --n_tokens=15 --n-layer=8 --n-embd=128 --n-embd2=128 --exp_id=1111

WARNING - 12/06/25 16:03:26 - 0:00:00 - Signal handler installed.
INFO - 12/06/25 16:03:26 - 0:00:00 - seed: 995046976
INFO - 12/06/25 16:03:26 - 0:00:00 - JULIA_NUM_THREADS is set to 1
INFO - 12/06/25 16:03:27 - 0:00:01 - Created /home/yuebi/Project/dim24_run/dim24_run_1/1111/temp.txt and training tokenizer...
INFO - 12/06/25 16:03:29 - 0:00:00 - ============ Initialized logger ============
INFO - 12/06/25 16:03:29 - 0:00:00 - batch_size: 32
                                     command: python fc_loop.py --exp_name=dim24_run_1 --dump_path=/home/yuebi/Project/dim24_run --num_initial_empty_objects=800 --final_database_size=100 --target_db_size=100 --nb_local_searches=1000 --max_epochs=20 --type=transformer --max-output-length=350 --sample-only=25000 --max-steps=1500 --n_tokens=15 --n-layer=8 --n-embd=128 --n-embd2=128 --exp_id=1111 --exp_id "1111"
                                     cpu: False
                                     debug: False
                                     debug_slurm: False
                                     dump_path: /home/yuebi/Project/dim24_run/dim24_run_1/1111
                                     exp_id: 1111
                                     exp_name: dim24_run_1
                                     final_database_size: 100
                                     gen_batch_size: 1000
                                     global_rank: 0
                                     is_master: True
                                     is_slurm_job: True
                                     learning_rate: 0.0005
                                     local_rank: 0
                                     master_addr: gpu-6
                                     master_port: -1
                                     max_epochs: 20
                                     max_output_length: 350
                                     max_steps: 1500
                                     multi_gpu: False
                                     multi_node: False
                                     n_embd: 128
                                     n_embd2: 128
                                     n_gpu_per_node: 1
                                     n_head: 8
                                     n_layer: 8
                                     n_nodes: 1
                                     n_tokens: 15
                                     nb_local_searches: 1000
                                     nb_threads: 1
                                     node_id: 0
                                     num_initial_empty_objects: 800
                                     num_workers: 8
                                     sample_only: 25000
                                     seed: -1
                                     target_db_size: 100
                                     temperature: 1.0
                                     top_k: -1
                                     type: transformer
                                     weight_decay: 0.01
                                     world_size: 1
INFO - 12/06/25 16:03:29 - 0:00:00 - The experiment will be stored in /home/yuebi/Project/dim24_run/dim24_run_1/1111
                                     
INFO - 12/06/25 16:03:29 - 0:00:00 - Running command: python fc_loop.py --exp_name=dim24_run_1 --dump_path=/home/yuebi/Project/dim24_run --num_initial_empty_objects=800 --final_database_size=100 --target_db_size=100 --nb_local_searches=1000 --max_epochs=20 --type=transformer --max-output-length=350 --sample-only=25000 --max-steps=1500 --n_tokens=15 --n-layer=8 --n-embd=128 --n-embd2=128 --exp_id=1111

WARNING - 12/06/25 16:03:29 - 0:00:00 - Signal handler installed.
INFO - 12/06/25 16:03:29 - 0:00:00 - seed: 800760847
INFO - 12/06/25 16:03:29 - 0:00:00 - JULIA_NUM_THREADS is set to 1
INFO - 12/06/25 16:03:30 - 0:00:01 - Created /home/yuebi/Project/dim24_run/dim24_run_1/1111/temp.txt and training tokenizer...
INFO - 12/06/25 16:03:32 - 0:00:00 - ============ Initialized logger ============
INFO - 12/06/25 16:03:32 - 0:00:00 - batch_size: 32
                                     command: python fc_loop.py --exp_name=dim24_run_1 --dump_path=/home/yuebi/Project/dim24_run --num_initial_empty_objects=800 --final_database_size=100 --target_db_size=100 --nb_local_searches=1000 --max_epochs=20 --type=transformer --max-output-length=350 --sample-only=25000 --max-steps=1500 --n_tokens=15 --n-layer=8 --n-embd=128 --n-embd2=128 --exp_id=1111 --exp_id "1111"
                                     cpu: False
                                     debug: False
                                     debug_slurm: False
                                     dump_path: /home/yuebi/Project/dim24_run/dim24_run_1/1111
                                     exp_id: 1111
                                     exp_name: dim24_run_1
                                     final_database_size: 100
                                     gen_batch_size: 1000
                                     global_rank: 0
                                     is_master: True
                                     is_slurm_job: True
                                     learning_rate: 0.0005
                                     local_rank: 0
                                     master_addr: gpu-6
                                     master_port: -1
                                     max_epochs: 20
                                     max_output_length: 350
                                     max_steps: 1500
                                     multi_gpu: False
                                     multi_node: False
                                     n_embd: 128
                                     n_embd2: 128
                                     n_gpu_per_node: 1
                                     n_head: 8
                                     n_layer: 8
                                     n_nodes: 1
                                     n_tokens: 15
                                     nb_local_searches: 1000
                                     nb_threads: 1
                                     node_id: 0
                                     num_initial_empty_objects: 800
                                     num_workers: 8
                                     sample_only: 25000
                                     seed: -1
                                     target_db_size: 100
                                     temperature: 1.0
                                     top_k: -1
                                     type: transformer
                                     weight_decay: 0.01
                                     world_size: 1
INFO - 12/06/25 16:03:32 - 0:00:00 - The experiment will be stored in /home/yuebi/Project/dim24_run/dim24_run_1/1111
                                     
INFO - 12/06/25 16:03:32 - 0:00:00 - Running command: python fc_loop.py --exp_name=dim24_run_1 --dump_path=/home/yuebi/Project/dim24_run --num_initial_empty_objects=800 --final_database_size=100 --target_db_size=100 --nb_local_searches=1000 --max_epochs=20 --type=transformer --max-output-length=350 --sample-only=25000 --max-steps=1500 --n_tokens=15 --n-layer=8 --n-embd=128 --n-embd2=128 --exp_id=1111

WARNING - 12/06/25 16:03:32 - 0:00:00 - Signal handler installed.
INFO - 12/06/25 16:03:32 - 0:00:00 - seed: 864516815
INFO - 12/06/25 16:03:32 - 0:00:00 - JULIA_NUM_THREADS is set to 1
INFO - 12/06/25 16:03:33 - 0:00:01 - Created /home/yuebi/Project/dim24_run/dim24_run_1/1111/temp.txt and training tokenizer...
INFO - 12/06/25 16:03:35 - 0:00:00 - ============ Initialized logger ============
INFO - 12/06/25 16:03:35 - 0:00:00 - batch_size: 32
                                     command: python fc_loop.py --exp_name=dim24_run_1 --dump_path=/home/yuebi/Project/dim24_run --num_initial_empty_objects=800 --final_database_size=100 --target_db_size=100 --nb_local_searches=1000 --max_epochs=20 --type=transformer --max-output-length=350 --sample-only=25000 --max-steps=1500 --n_tokens=15 --n-layer=8 --n-embd=128 --n-embd2=128 --exp_id=1111 --exp_id "1111"
                                     cpu: False
                                     debug: False
                                     debug_slurm: False
                                     dump_path: /home/yuebi/Project/dim24_run/dim24_run_1/1111
                                     exp_id: 1111
                                     exp_name: dim24_run_1
                                     final_database_size: 100
                                     gen_batch_size: 1000
                                     global_rank: 0
                                     is_master: True
                                     is_slurm_job: True
                                     learning_rate: 0.0005
                                     local_rank: 0
                                     master_addr: gpu-6
                                     master_port: -1
                                     max_epochs: 20
                                     max_output_length: 350
                                     max_steps: 1500
                                     multi_gpu: False
                                     multi_node: False
                                     n_embd: 128
                                     n_embd2: 128
                                     n_gpu_per_node: 1
                                     n_head: 8
                                     n_layer: 8
                                     n_nodes: 1
                                     n_tokens: 15
                                     nb_local_searches: 1000
                                     nb_threads: 1
                                     node_id: 0
                                     num_initial_empty_objects: 800
                                     num_workers: 8
                                     sample_only: 25000
                                     seed: -1
                                     target_db_size: 100
                                     temperature: 1.0
                                     top_k: -1
                                     type: transformer
                                     weight_decay: 0.01
                                     world_size: 1
INFO - 12/06/25 16:03:35 - 0:00:00 - The experiment will be stored in /home/yuebi/Project/dim24_run/dim24_run_1/1111
                                     
INFO - 12/06/25 16:03:35 - 0:00:00 - Running command: python fc_loop.py --exp_name=dim24_run_1 --dump_path=/home/yuebi/Project/dim24_run --num_initial_empty_objects=800 --final_database_size=100 --target_db_size=100 --nb_local_searches=1000 --max_epochs=20 --type=transformer --max-output-length=350 --sample-only=25000 --max-steps=1500 --n_tokens=15 --n-layer=8 --n-embd=128 --n-embd2=128 --exp_id=1111

WARNING - 12/06/25 16:03:35 - 0:00:00 - Signal handler installed.
INFO - 12/06/25 16:03:35 - 0:00:00 - seed: 117770821
INFO - 12/06/25 16:03:35 - 0:00:00 - JULIA_NUM_THREADS is set to 1
INFO - 12/06/25 16:03:36 - 0:00:01 - Created /home/yuebi/Project/dim24_run/dim24_run_1/1111/temp.txt and training tokenizer...
INFO - 12/06/25 16:03:39 - 0:00:00 - ============ Initialized logger ============
INFO - 12/06/25 16:03:39 - 0:00:00 - batch_size: 32
                                     command: python fc_loop.py --exp_name=dim24_run_1 --dump_path=/home/yuebi/Project/dim24_run --num_initial_empty_objects=800 --final_database_size=100 --target_db_size=100 --nb_local_searches=1000 --max_epochs=20 --type=transformer --max-output-length=350 --sample-only=25000 --max-steps=1500 --n_tokens=15 --n-layer=8 --n-embd=128 --n-embd2=128 --exp_id=1111 --exp_id "1111"
                                     cpu: False
                                     debug: False
                                     debug_slurm: False
                                     dump_path: /home/yuebi/Project/dim24_run/dim24_run_1/1111
                                     exp_id: 1111
                                     exp_name: dim24_run_1
                                     final_database_size: 100
                                     gen_batch_size: 1000
                                     global_rank: 0
                                     is_master: True
                                     is_slurm_job: True
                                     learning_rate: 0.0005
                                     local_rank: 0
                                     master_addr: gpu-6
                                     master_port: -1
                                     max_epochs: 20
                                     max_output_length: 350
                                     max_steps: 1500
                                     multi_gpu: False
                                     multi_node: False
                                     n_embd: 128
                                     n_embd2: 128
                                     n_gpu_per_node: 1
                                     n_head: 8
                                     n_layer: 8
                                     n_nodes: 1
                                     n_tokens: 15
                                     nb_local_searches: 1000
                                     nb_threads: 1
                                     node_id: 0
                                     num_initial_empty_objects: 800
                                     num_workers: 8
                                     sample_only: 25000
                                     seed: -1
                                     target_db_size: 100
                                     temperature: 1.0
                                     top_k: -1
                                     type: transformer
                                     weight_decay: 0.01
                                     world_size: 1
INFO - 12/06/25 16:03:39 - 0:00:00 - The experiment will be stored in /home/yuebi/Project/dim24_run/dim24_run_1/1111
                                     
INFO - 12/06/25 16:03:39 - 0:00:00 - Running command: python fc_loop.py --exp_name=dim24_run_1 --dump_path=/home/yuebi/Project/dim24_run --num_initial_empty_objects=800 --final_database_size=100 --target_db_size=100 --nb_local_searches=1000 --max_epochs=20 --type=transformer --max-output-length=350 --sample-only=25000 --max-steps=1500 --n_tokens=15 --n-layer=8 --n-embd=128 --n-embd2=128 --exp_id=1111

WARNING - 12/06/25 16:03:39 - 0:00:00 - Signal handler installed.
INFO - 12/06/25 16:03:39 - 0:00:00 - seed: 259391636
INFO - 12/06/25 16:03:39 - 0:00:00 - JULIA_NUM_THREADS is set to 1
INFO - 12/06/25 16:03:40 - 0:00:01 - Created /home/yuebi/Project/dim24_run/dim24_run_1/1111/temp.txt and training tokenizer...
INFO - 12/06/25 16:03:44 - 0:00:00 - ============ Initialized logger ============
INFO - 12/06/25 16:03:44 - 0:00:00 - batch_size: 32
                                     command: python fc_loop.py --exp_name=dim24_run_1 --dump_path=/home/yuebi/Project/dim24_run --num_initial_empty_objects=800 --final_database_size=100 --target_db_size=100 --nb_local_searches=1000 --max_epochs=20 --type=transformer --max-output-length=350 --sample-only=25000 --max-steps=1500 --n_tokens=15 --n-layer=8 --n-embd=128 --n-embd2=128 --exp_id=1111 --exp_id "1111"
                                     cpu: False
                                     debug: False
                                     debug_slurm: False
                                     dump_path: /home/yuebi/Project/dim24_run/dim24_run_1/1111
                                     exp_id: 1111
                                     exp_name: dim24_run_1
                                     final_database_size: 100
                                     gen_batch_size: 1000
                                     global_rank: 0
                                     is_master: True
                                     is_slurm_job: True
                                     learning_rate: 0.0005
                                     local_rank: 0
                                     master_addr: gpu-6
                                     master_port: -1
                                     max_epochs: 20
                                     max_output_length: 350
                                     max_steps: 1500
                                     multi_gpu: False
                                     multi_node: False
                                     n_embd: 128
                                     n_embd2: 128
                                     n_gpu_per_node: 1
                                     n_head: 8
                                     n_layer: 8
                                     n_nodes: 1
                                     n_tokens: 15
                                     nb_local_searches: 1000
                                     nb_threads: 1
                                     node_id: 0
                                     num_initial_empty_objects: 800
                                     num_workers: 8
                                     sample_only: 25000
                                     seed: -1
                                     target_db_size: 100
                                     temperature: 1.0
                                     top_k: -1
                                     type: transformer
                                     weight_decay: 0.01
                                     world_size: 1
INFO - 12/06/25 16:03:44 - 0:00:00 - The experiment will be stored in /home/yuebi/Project/dim24_run/dim24_run_1/1111
                                     
INFO - 12/06/25 16:03:44 - 0:00:00 - Running command: python fc_loop.py --exp_name=dim24_run_1 --dump_path=/home/yuebi/Project/dim24_run --num_initial_empty_objects=800 --final_database_size=100 --target_db_size=100 --nb_local_searches=1000 --max_epochs=20 --type=transformer --max-output-length=350 --sample-only=25000 --max-steps=1500 --n_tokens=15 --n-layer=8 --n-embd=128 --n-embd2=128 --exp_id=1111

WARNING - 12/06/25 16:03:44 - 0:00:00 - Signal handler installed.
INFO - 12/06/25 16:03:44 - 0:00:00 - seed: 933995480
INFO - 12/06/25 16:03:44 - 0:00:00 - JULIA_NUM_THREADS is set to 1
INFO - 12/06/25 16:03:45 - 0:00:01 - Created /home/yuebi/Project/dim24_run/dim24_run_1/1111/temp.txt and training tokenizer...
INFO - 12/06/25 16:03:48 - 0:00:00 - ============ Initialized logger ============
INFO - 12/06/25 16:03:48 - 0:00:00 - batch_size: 32
                                     command: python fc_loop.py --exp_name=dim24_run_1 --dump_path=/home/yuebi/Project/dim24_run --num_initial_empty_objects=800 --final_database_size=100 --target_db_size=100 --nb_local_searches=1000 --max_epochs=20 --type=transformer --max-output-length=350 --sample-only=25000 --max-steps=1500 --n_tokens=15 --n-layer=8 --n-embd=128 --n-embd2=128 --exp_id=1111 --exp_id "1111"
                                     cpu: False
                                     debug: False
                                     debug_slurm: False
                                     dump_path: /home/yuebi/Project/dim24_run/dim24_run_1/1111
                                     exp_id: 1111
                                     exp_name: dim24_run_1
                                     final_database_size: 100
                                     gen_batch_size: 1000
                                     global_rank: 0
                                     is_master: True
                                     is_slurm_job: True
                                     learning_rate: 0.0005
                                     local_rank: 0
                                     master_addr: gpu-6
                                     master_port: -1
                                     max_epochs: 20
                                     max_output_length: 350
                                     max_steps: 1500
                                     multi_gpu: False
                                     multi_node: False
                                     n_embd: 128
                                     n_embd2: 128
                                     n_gpu_per_node: 1
                                     n_head: 8
                                     n_layer: 8
                                     n_nodes: 1
                                     n_tokens: 15
                                     nb_local_searches: 1000
                                     nb_threads: 1
                                     node_id: 0
                                     num_initial_empty_objects: 800
                                     num_workers: 8
                                     sample_only: 25000
                                     seed: -1
                                     target_db_size: 100
                                     temperature: 1.0
                                     top_k: -1
                                     type: transformer
                                     weight_decay: 0.01
                                     world_size: 1
INFO - 12/06/25 16:03:48 - 0:00:00 - The experiment will be stored in /home/yuebi/Project/dim24_run/dim24_run_1/1111
                                     
INFO - 12/06/25 16:03:48 - 0:00:00 - Running command: python fc_loop.py --exp_name=dim24_run_1 --dump_path=/home/yuebi/Project/dim24_run --num_initial_empty_objects=800 --final_database_size=100 --target_db_size=100 --nb_local_searches=1000 --max_epochs=20 --type=transformer --max-output-length=350 --sample-only=25000 --max-steps=1500 --n_tokens=15 --n-layer=8 --n-embd=128 --n-embd2=128 --exp_id=1111

WARNING - 12/06/25 16:03:48 - 0:00:00 - Signal handler installed.
INFO - 12/06/25 16:03:48 - 0:00:00 - seed: 725742560
INFO - 12/06/25 16:03:48 - 0:00:00 - JULIA_NUM_THREADS is set to 1
INFO - 12/06/25 16:03:49 - 0:00:01 - Created /home/yuebi/Project/dim24_run/dim24_run_1/1111/temp.txt and training tokenizer...
INFO - 12/06/25 16:03:51 - 0:00:00 - ============ Initialized logger ============
INFO - 12/06/25 16:03:51 - 0:00:00 - batch_size: 32
                                     command: python fc_loop.py --exp_name=dim24_run_1 --dump_path=/home/yuebi/Project/dim24_run --num_initial_empty_objects=800 --final_database_size=100 --target_db_size=100 --nb_local_searches=1000 --max_epochs=20 --type=transformer --max-output-length=350 --sample-only=25000 --max-steps=1500 --n_tokens=15 --n-layer=8 --n-embd=128 --n-embd2=128 --exp_id=1111 --exp_id "1111"
                                     cpu: False
                                     debug: False
                                     debug_slurm: False
                                     dump_path: /home/yuebi/Project/dim24_run/dim24_run_1/1111
                                     exp_id: 1111
                                     exp_name: dim24_run_1
                                     final_database_size: 100
                                     gen_batch_size: 1000
                                     global_rank: 0
                                     is_master: True
                                     is_slurm_job: True
                                     learning_rate: 0.0005
                                     local_rank: 0
                                     master_addr: gpu-6
                                     master_port: -1
                                     max_epochs: 20
                                     max_output_length: 350
                                     max_steps: 1500
                                     multi_gpu: False
                                     multi_node: False
                                     n_embd: 128
                                     n_embd2: 128
                                     n_gpu_per_node: 1
                                     n_head: 8
                                     n_layer: 8
                                     n_nodes: 1
                                     n_tokens: 15
                                     nb_local_searches: 1000
                                     nb_threads: 1
                                     node_id: 0
                                     num_initial_empty_objects: 800
                                     num_workers: 8
                                     sample_only: 25000
                                     seed: -1
                                     target_db_size: 100
                                     temperature: 1.0
                                     top_k: -1
                                     type: transformer
                                     weight_decay: 0.01
                                     world_size: 1
INFO - 12/06/25 16:03:51 - 0:00:00 - The experiment will be stored in /home/yuebi/Project/dim24_run/dim24_run_1/1111
                                     
INFO - 12/06/25 16:03:51 - 0:00:00 - Running command: python fc_loop.py --exp_name=dim24_run_1 --dump_path=/home/yuebi/Project/dim24_run --num_initial_empty_objects=800 --final_database_size=100 --target_db_size=100 --nb_local_searches=1000 --max_epochs=20 --type=transformer --max-output-length=350 --sample-only=25000 --max-steps=1500 --n_tokens=15 --n-layer=8 --n-embd=128 --n-embd2=128 --exp_id=1111

WARNING - 12/06/25 16:03:51 - 0:00:00 - Signal handler installed.
INFO - 12/06/25 16:03:51 - 0:00:00 - seed: 191933151
INFO - 12/06/25 16:03:51 - 0:00:00 - JULIA_NUM_THREADS is set to 1
INFO - 12/06/25 16:03:52 - 0:00:01 - Created /home/yuebi/Project/dim24_run/dim24_run_1/1111/temp.txt and training tokenizer...
INFO - 12/06/25 16:03:55 - 0:00:00 - ============ Initialized logger ============
INFO - 12/06/25 16:03:55 - 0:00:00 - batch_size: 32
                                     command: python fc_loop.py --exp_name=dim24_run_1 --dump_path=/home/yuebi/Project/dim24_run --num_initial_empty_objects=800 --final_database_size=100 --target_db_size=100 --nb_local_searches=1000 --max_epochs=20 --type=transformer --max-output-length=350 --sample-only=25000 --max-steps=1500 --n_tokens=15 --n-layer=8 --n-embd=128 --n-embd2=128 --exp_id=1111 --exp_id "1111"
                                     cpu: False
                                     debug: False
                                     debug_slurm: False
                                     dump_path: /home/yuebi/Project/dim24_run/dim24_run_1/1111
                                     exp_id: 1111
                                     exp_name: dim24_run_1
                                     final_database_size: 100
                                     gen_batch_size: 1000
                                     global_rank: 0
                                     is_master: True
                                     is_slurm_job: True
                                     learning_rate: 0.0005
                                     local_rank: 0
                                     master_addr: gpu-6
                                     master_port: -1
                                     max_epochs: 20
                                     max_output_length: 350
                                     max_steps: 1500
                                     multi_gpu: False
                                     multi_node: False
                                     n_embd: 128
                                     n_embd2: 128
                                     n_gpu_per_node: 1
                                     n_head: 8
                                     n_layer: 8
                                     n_nodes: 1
                                     n_tokens: 15
                                     nb_local_searches: 1000
                                     nb_threads: 1
                                     node_id: 0
                                     num_initial_empty_objects: 800
                                     num_workers: 8
                                     sample_only: 25000
                                     seed: -1
                                     target_db_size: 100
                                     temperature: 1.0
                                     top_k: -1
                                     type: transformer
                                     weight_decay: 0.01
                                     world_size: 1
INFO - 12/06/25 16:03:55 - 0:00:00 - The experiment will be stored in /home/yuebi/Project/dim24_run/dim24_run_1/1111
                                     
INFO - 12/06/25 16:03:55 - 0:00:00 - Running command: python fc_loop.py --exp_name=dim24_run_1 --dump_path=/home/yuebi/Project/dim24_run --num_initial_empty_objects=800 --final_database_size=100 --target_db_size=100 --nb_local_searches=1000 --max_epochs=20 --type=transformer --max-output-length=350 --sample-only=25000 --max-steps=1500 --n_tokens=15 --n-layer=8 --n-embd=128 --n-embd2=128 --exp_id=1111

WARNING - 12/06/25 16:03:55 - 0:00:00 - Signal handler installed.
INFO - 12/06/25 16:03:55 - 0:00:00 - seed: 698755499
INFO - 12/06/25 16:03:55 - 0:00:00 - JULIA_NUM_THREADS is set to 1
INFO - 12/06/25 16:03:56 - 0:00:01 - Created /home/yuebi/Project/dim24_run/dim24_run_1/1111/temp.txt and training tokenizer...
INFO - 12/06/25 16:03:58 - 0:00:00 - ============ Initialized logger ============
INFO - 12/06/25 16:03:58 - 0:00:00 - batch_size: 32
                                     command: python fc_loop.py --exp_name=dim24_run_1 --dump_path=/home/yuebi/Project/dim24_run --num_initial_empty_objects=800 --final_database_size=100 --target_db_size=100 --nb_local_searches=1000 --max_epochs=20 --type=transformer --max-output-length=350 --sample-only=25000 --max-steps=1500 --n_tokens=15 --n-layer=8 --n-embd=128 --n-embd2=128 --exp_id=1111 --exp_id "1111"
                                     cpu: False
                                     debug: False
                                     debug_slurm: False
                                     dump_path: /home/yuebi/Project/dim24_run/dim24_run_1/1111
                                     exp_id: 1111
                                     exp_name: dim24_run_1
                                     final_database_size: 100
                                     gen_batch_size: 1000
                                     global_rank: 0
                                     is_master: True
                                     is_slurm_job: True
                                     learning_rate: 0.0005
                                     local_rank: 0
                                     master_addr: gpu-6
                                     master_port: -1
                                     max_epochs: 20
                                     max_output_length: 350
                                     max_steps: 1500
                                     multi_gpu: False
                                     multi_node: False
                                     n_embd: 128
                                     n_embd2: 128
                                     n_gpu_per_node: 1
                                     n_head: 8
                                     n_layer: 8
                                     n_nodes: 1
                                     n_tokens: 15
                                     nb_local_searches: 1000
                                     nb_threads: 1
                                     node_id: 0
                                     num_initial_empty_objects: 800
                                     num_workers: 8
                                     sample_only: 25000
                                     seed: -1
                                     target_db_size: 100
                                     temperature: 1.0
                                     top_k: -1
                                     type: transformer
                                     weight_decay: 0.01
                                     world_size: 1
INFO - 12/06/25 16:03:58 - 0:00:00 - The experiment will be stored in /home/yuebi/Project/dim24_run/dim24_run_1/1111
                                     
INFO - 12/06/25 16:03:58 - 0:00:00 - Running command: python fc_loop.py --exp_name=dim24_run_1 --dump_path=/home/yuebi/Project/dim24_run --num_initial_empty_objects=800 --final_database_size=100 --target_db_size=100 --nb_local_searches=1000 --max_epochs=20 --type=transformer --max-output-length=350 --sample-only=25000 --max-steps=1500 --n_tokens=15 --n-layer=8 --n-embd=128 --n-embd2=128 --exp_id=1111

WARNING - 12/06/25 16:03:58 - 0:00:00 - Signal handler installed.
INFO - 12/06/25 16:03:58 - 0:00:00 - seed: 156541759
INFO - 12/06/25 16:03:58 - 0:00:00 - JULIA_NUM_THREADS is set to 1
INFO - 12/06/25 16:03:59 - 0:00:01 - Created /home/yuebi/Project/dim24_run/dim24_run_1/1111/temp.txt and training tokenizer...
INFO - 12/06/25 16:04:01 - 0:00:00 - ============ Initialized logger ============
INFO - 12/06/25 16:04:01 - 0:00:00 - batch_size: 32
                                     command: python fc_loop.py --exp_name=dim24_run_1 --dump_path=/home/yuebi/Project/dim24_run --num_initial_empty_objects=800 --final_database_size=100 --target_db_size=100 --nb_local_searches=1000 --max_epochs=20 --type=transformer --max-output-length=350 --sample-only=25000 --max-steps=1500 --n_tokens=15 --n-layer=8 --n-embd=128 --n-embd2=128 --exp_id=1111 --exp_id "1111"
                                     cpu: False
                                     debug: False
                                     debug_slurm: False
                                     dump_path: /home/yuebi/Project/dim24_run/dim24_run_1/1111
                                     exp_id: 1111
                                     exp_name: dim24_run_1
                                     final_database_size: 100
                                     gen_batch_size: 1000
                                     global_rank: 0
                                     is_master: True
                                     is_slurm_job: True
                                     learning_rate: 0.0005
                                     local_rank: 0
                                     master_addr: gpu-6
                                     master_port: -1
                                     max_epochs: 20
                                     max_output_length: 350
                                     max_steps: 1500
                                     multi_gpu: False
                                     multi_node: False
                                     n_embd: 128
                                     n_embd2: 128
                                     n_gpu_per_node: 1
                                     n_head: 8
                                     n_layer: 8
                                     n_nodes: 1
                                     n_tokens: 15
                                     nb_local_searches: 1000
                                     nb_threads: 1
                                     node_id: 0
                                     num_initial_empty_objects: 800
                                     num_workers: 8
                                     sample_only: 25000
                                     seed: -1
                                     target_db_size: 100
                                     temperature: 1.0
                                     top_k: -1
                                     type: transformer
                                     weight_decay: 0.01
                                     world_size: 1
INFO - 12/06/25 16:04:01 - 0:00:00 - The experiment will be stored in /home/yuebi/Project/dim24_run/dim24_run_1/1111
                                     
INFO - 12/06/25 16:04:01 - 0:00:00 - Running command: python fc_loop.py --exp_name=dim24_run_1 --dump_path=/home/yuebi/Project/dim24_run --num_initial_empty_objects=800 --final_database_size=100 --target_db_size=100 --nb_local_searches=1000 --max_epochs=20 --type=transformer --max-output-length=350 --sample-only=25000 --max-steps=1500 --n_tokens=15 --n-layer=8 --n-embd=128 --n-embd2=128 --exp_id=1111

WARNING - 12/06/25 16:04:01 - 0:00:00 - Signal handler installed.
INFO - 12/06/25 16:04:01 - 0:00:00 - seed: 611028778
INFO - 12/06/25 16:04:01 - 0:00:00 - JULIA_NUM_THREADS is set to 1
INFO - 12/06/25 16:04:02 - 0:00:01 - Created /home/yuebi/Project/dim24_run/dim24_run_1/1111/temp.txt and training tokenizer...
INFO - 12/06/25 16:04:04 - 0:00:00 - ============ Initialized logger ============
INFO - 12/06/25 16:04:04 - 0:00:00 - batch_size: 32
                                     command: python fc_loop.py --exp_name=dim24_run_1 --dump_path=/home/yuebi/Project/dim24_run --num_initial_empty_objects=800 --final_database_size=100 --target_db_size=100 --nb_local_searches=1000 --max_epochs=20 --type=transformer --max-output-length=350 --sample-only=25000 --max-steps=1500 --n_tokens=15 --n-layer=8 --n-embd=128 --n-embd2=128 --exp_id=1111 --exp_id "1111"
                                     cpu: False
                                     debug: False
                                     debug_slurm: False
                                     dump_path: /home/yuebi/Project/dim24_run/dim24_run_1/1111
                                     exp_id: 1111
                                     exp_name: dim24_run_1
                                     final_database_size: 100
                                     gen_batch_size: 1000
                                     global_rank: 0
                                     is_master: True
                                     is_slurm_job: True
                                     learning_rate: 0.0005
                                     local_rank: 0
                                     master_addr: gpu-6
                                     master_port: -1
                                     max_epochs: 20
                                     max_output_length: 350
                                     max_steps: 1500
                                     multi_gpu: False
                                     multi_node: False
                                     n_embd: 128
                                     n_embd2: 128
                                     n_gpu_per_node: 1
                                     n_head: 8
                                     n_layer: 8
                                     n_nodes: 1
                                     n_tokens: 15
                                     nb_local_searches: 1000
                                     nb_threads: 1
                                     node_id: 0
                                     num_initial_empty_objects: 800
                                     num_workers: 8
                                     sample_only: 25000
                                     seed: -1
                                     target_db_size: 100
                                     temperature: 1.0
                                     top_k: -1
                                     type: transformer
                                     weight_decay: 0.01
                                     world_size: 1
INFO - 12/06/25 16:04:04 - 0:00:00 - The experiment will be stored in /home/yuebi/Project/dim24_run/dim24_run_1/1111
                                     
INFO - 12/06/25 16:04:04 - 0:00:00 - Running command: python fc_loop.py --exp_name=dim24_run_1 --dump_path=/home/yuebi/Project/dim24_run --num_initial_empty_objects=800 --final_database_size=100 --target_db_size=100 --nb_local_searches=1000 --max_epochs=20 --type=transformer --max-output-length=350 --sample-only=25000 --max-steps=1500 --n_tokens=15 --n-layer=8 --n-embd=128 --n-embd2=128 --exp_id=1111

WARNING - 12/06/25 16:04:04 - 0:00:00 - Signal handler installed.
INFO - 12/06/25 16:04:04 - 0:00:00 - seed: 867157759
INFO - 12/06/25 16:04:04 - 0:00:00 - JULIA_NUM_THREADS is set to 1
INFO - 12/06/25 16:04:05 - 0:00:01 - Created /home/yuebi/Project/dim24_run/dim24_run_1/1111/temp.txt and training tokenizer...
INFO - 12/06/25 16:04:07 - 0:00:00 - ============ Initialized logger ============
INFO - 12/06/25 16:04:07 - 0:00:00 - batch_size: 32
                                     command: python fc_loop.py --exp_name=dim24_run_1 --dump_path=/home/yuebi/Project/dim24_run --num_initial_empty_objects=800 --final_database_size=100 --target_db_size=100 --nb_local_searches=1000 --max_epochs=20 --type=transformer --max-output-length=350 --sample-only=25000 --max-steps=1500 --n_tokens=15 --n-layer=8 --n-embd=128 --n-embd2=128 --exp_id=1111 --exp_id "1111"
                                     cpu: False
                                     debug: False
                                     debug_slurm: False
                                     dump_path: /home/yuebi/Project/dim24_run/dim24_run_1/1111
                                     exp_id: 1111
                                     exp_name: dim24_run_1
                                     final_database_size: 100
                                     gen_batch_size: 1000
                                     global_rank: 0
                                     is_master: True
                                     is_slurm_job: True
                                     learning_rate: 0.0005
                                     local_rank: 0
                                     master_addr: gpu-6
                                     master_port: -1
                                     max_epochs: 20
                                     max_output_length: 350
                                     max_steps: 1500
                                     multi_gpu: False
                                     multi_node: False
                                     n_embd: 128
                                     n_embd2: 128
                                     n_gpu_per_node: 1
                                     n_head: 8
                                     n_layer: 8
                                     n_nodes: 1
                                     n_tokens: 15
                                     nb_local_searches: 1000
                                     nb_threads: 1
                                     node_id: 0
                                     num_initial_empty_objects: 800
                                     num_workers: 8
                                     sample_only: 25000
                                     seed: -1
                                     target_db_size: 100
                                     temperature: 1.0
                                     top_k: -1
                                     type: transformer
                                     weight_decay: 0.01
                                     world_size: 1
INFO - 12/06/25 16:04:07 - 0:00:00 - The experiment will be stored in /home/yuebi/Project/dim24_run/dim24_run_1/1111
                                     
INFO - 12/06/25 16:04:07 - 0:00:00 - Running command: python fc_loop.py --exp_name=dim24_run_1 --dump_path=/home/yuebi/Project/dim24_run --num_initial_empty_objects=800 --final_database_size=100 --target_db_size=100 --nb_local_searches=1000 --max_epochs=20 --type=transformer --max-output-length=350 --sample-only=25000 --max-steps=1500 --n_tokens=15 --n-layer=8 --n-embd=128 --n-embd2=128 --exp_id=1111

WARNING - 12/06/25 16:04:07 - 0:00:00 - Signal handler installed.
INFO - 12/06/25 16:04:07 - 0:00:00 - seed: 339638422
INFO - 12/06/25 16:04:07 - 0:00:00 - JULIA_NUM_THREADS is set to 1
INFO - 12/06/25 16:04:08 - 0:00:01 - Created /home/yuebi/Project/dim24_run/dim24_run_1/1111/temp.txt and training tokenizer...
INFO - 12/06/25 16:04:10 - 0:00:00 - ============ Initialized logger ============
INFO - 12/06/25 16:04:10 - 0:00:00 - batch_size: 32
                                     command: python fc_loop.py --exp_name=dim24_run_1 --dump_path=/home/yuebi/Project/dim24_run --num_initial_empty_objects=800 --final_database_size=100 --target_db_size=100 --nb_local_searches=1000 --max_epochs=20 --type=transformer --max-output-length=350 --sample-only=25000 --max-steps=1500 --n_tokens=15 --n-layer=8 --n-embd=128 --n-embd2=128 --exp_id=1111 --exp_id "1111"
                                     cpu: False
                                     debug: False
                                     debug_slurm: False
                                     dump_path: /home/yuebi/Project/dim24_run/dim24_run_1/1111
                                     exp_id: 1111
                                     exp_name: dim24_run_1
                                     final_database_size: 100
                                     gen_batch_size: 1000
                                     global_rank: 0
                                     is_master: True
                                     is_slurm_job: True
                                     learning_rate: 0.0005
                                     local_rank: 0
                                     master_addr: gpu-6
                                     master_port: -1
                                     max_epochs: 20
                                     max_output_length: 350
                                     max_steps: 1500
                                     multi_gpu: False
                                     multi_node: False
                                     n_embd: 128
                                     n_embd2: 128
                                     n_gpu_per_node: 1
                                     n_head: 8
                                     n_layer: 8
                                     n_nodes: 1
                                     n_tokens: 15
                                     nb_local_searches: 1000
                                     nb_threads: 1
                                     node_id: 0
                                     num_initial_empty_objects: 800
                                     num_workers: 8
                                     sample_only: 25000
                                     seed: -1
                                     target_db_size: 100
                                     temperature: 1.0
                                     top_k: -1
                                     type: transformer
                                     weight_decay: 0.01
                                     world_size: 1
INFO - 12/06/25 16:04:10 - 0:00:00 - The experiment will be stored in /home/yuebi/Project/dim24_run/dim24_run_1/1111
                                     
INFO - 12/06/25 16:04:10 - 0:00:00 - Running command: python fc_loop.py --exp_name=dim24_run_1 --dump_path=/home/yuebi/Project/dim24_run --num_initial_empty_objects=800 --final_database_size=100 --target_db_size=100 --nb_local_searches=1000 --max_epochs=20 --type=transformer --max-output-length=350 --sample-only=25000 --max-steps=1500 --n_tokens=15 --n-layer=8 --n-embd=128 --n-embd2=128 --exp_id=1111

WARNING - 12/06/25 16:04:10 - 0:00:00 - Signal handler installed.
INFO - 12/06/25 16:04:10 - 0:00:00 - seed: 552658112
INFO - 12/06/25 16:04:10 - 0:00:00 - JULIA_NUM_THREADS is set to 1
INFO - 12/06/25 16:04:11 - 0:00:01 - Created /home/yuebi/Project/dim24_run/dim24_run_1/1111/temp.txt and training tokenizer...
INFO - 12/06/25 16:04:13 - 0:00:00 - ============ Initialized logger ============
INFO - 12/06/25 16:04:13 - 0:00:00 - batch_size: 32
                                     command: python fc_loop.py --exp_name=dim24_run_1 --dump_path=/home/yuebi/Project/dim24_run --num_initial_empty_objects=800 --final_database_size=100 --target_db_size=100 --nb_local_searches=1000 --max_epochs=20 --type=transformer --max-output-length=350 --sample-only=25000 --max-steps=1500 --n_tokens=15 --n-layer=8 --n-embd=128 --n-embd2=128 --exp_id=1111 --exp_id "1111"
                                     cpu: False
                                     debug: False
                                     debug_slurm: False
                                     dump_path: /home/yuebi/Project/dim24_run/dim24_run_1/1111
                                     exp_id: 1111
                                     exp_name: dim24_run_1
                                     final_database_size: 100
                                     gen_batch_size: 1000
                                     global_rank: 0
                                     is_master: True
                                     is_slurm_job: True
                                     learning_rate: 0.0005
                                     local_rank: 0
                                     master_addr: gpu-6
                                     master_port: -1
                                     max_epochs: 20
                                     max_output_length: 350
                                     max_steps: 1500
                                     multi_gpu: False
                                     multi_node: False
                                     n_embd: 128
                                     n_embd2: 128
                                     n_gpu_per_node: 1
                                     n_head: 8
                                     n_layer: 8
                                     n_nodes: 1
                                     n_tokens: 15
                                     nb_local_searches: 1000
                                     nb_threads: 1
                                     node_id: 0
                                     num_initial_empty_objects: 800
                                     num_workers: 8
                                     sample_only: 25000
                                     seed: -1
                                     target_db_size: 100
                                     temperature: 1.0
                                     top_k: -1
                                     type: transformer
                                     weight_decay: 0.01
                                     world_size: 1
INFO - 12/06/25 16:04:13 - 0:00:00 - The experiment will be stored in /home/yuebi/Project/dim24_run/dim24_run_1/1111
                                     
INFO - 12/06/25 16:04:13 - 0:00:00 - Running command: python fc_loop.py --exp_name=dim24_run_1 --dump_path=/home/yuebi/Project/dim24_run --num_initial_empty_objects=800 --final_database_size=100 --target_db_size=100 --nb_local_searches=1000 --max_epochs=20 --type=transformer --max-output-length=350 --sample-only=25000 --max-steps=1500 --n_tokens=15 --n-layer=8 --n-embd=128 --n-embd2=128 --exp_id=1111

WARNING - 12/06/25 16:04:13 - 0:00:00 - Signal handler installed.
INFO - 12/06/25 16:04:13 - 0:00:00 - seed: 306871421
INFO - 12/06/25 16:04:13 - 0:00:00 - JULIA_NUM_THREADS is set to 1
INFO - 12/06/25 16:04:14 - 0:00:01 - Created /home/yuebi/Project/dim24_run/dim24_run_1/1111/temp.txt and training tokenizer...
INFO - 12/06/25 16:04:16 - 0:00:00 - ============ Initialized logger ============
INFO - 12/06/25 16:04:16 - 0:00:00 - batch_size: 32
                                     command: python fc_loop.py --exp_name=dim24_run_1 --dump_path=/home/yuebi/Project/dim24_run --num_initial_empty_objects=800 --final_database_size=100 --target_db_size=100 --nb_local_searches=1000 --max_epochs=20 --type=transformer --max-output-length=350 --sample-only=25000 --max-steps=1500 --n_tokens=15 --n-layer=8 --n-embd=128 --n-embd2=128 --exp_id=1111 --exp_id "1111"
                                     cpu: False
                                     debug: False
                                     debug_slurm: False
                                     dump_path: /home/yuebi/Project/dim24_run/dim24_run_1/1111
                                     exp_id: 1111
                                     exp_name: dim24_run_1
                                     final_database_size: 100
                                     gen_batch_size: 1000
                                     global_rank: 0
                                     is_master: True
                                     is_slurm_job: True
                                     learning_rate: 0.0005
                                     local_rank: 0
                                     master_addr: gpu-6
                                     master_port: -1
                                     max_epochs: 20
                                     max_output_length: 350
                                     max_steps: 1500
                                     multi_gpu: False
                                     multi_node: False
                                     n_embd: 128
                                     n_embd2: 128
                                     n_gpu_per_node: 1
                                     n_head: 8
                                     n_layer: 8
                                     n_nodes: 1
                                     n_tokens: 15
                                     nb_local_searches: 1000
                                     nb_threads: 1
                                     node_id: 0
                                     num_initial_empty_objects: 800
                                     num_workers: 8
                                     sample_only: 25000
                                     seed: -1
                                     target_db_size: 100
                                     temperature: 1.0
                                     top_k: -1
                                     type: transformer
                                     weight_decay: 0.01
                                     world_size: 1
INFO - 12/06/25 16:04:16 - 0:00:00 - The experiment will be stored in /home/yuebi/Project/dim24_run/dim24_run_1/1111
                                     
INFO - 12/06/25 16:04:16 - 0:00:00 - Running command: python fc_loop.py --exp_name=dim24_run_1 --dump_path=/home/yuebi/Project/dim24_run --num_initial_empty_objects=800 --final_database_size=100 --target_db_size=100 --nb_local_searches=1000 --max_epochs=20 --type=transformer --max-output-length=350 --sample-only=25000 --max-steps=1500 --n_tokens=15 --n-layer=8 --n-embd=128 --n-embd2=128 --exp_id=1111

WARNING - 12/06/25 16:04:16 - 0:00:00 - Signal handler installed.
INFO - 12/06/25 16:04:16 - 0:00:00 - seed: 181517766
INFO - 12/06/25 16:04:16 - 0:00:00 - JULIA_NUM_THREADS is set to 1
INFO - 12/06/25 16:04:17 - 0:00:01 - Created /home/yuebi/Project/dim24_run/dim24_run_1/1111/temp.txt and training tokenizer...
INFO - 12/06/25 16:09:32 - 0:00:00 - ============ Initialized logger ============
INFO - 12/06/25 16:09:32 - 0:00:00 - batch_size: 32
                                     command: python fc_loop.py --exp_name=dim24_run_1 --dump_path=/home/yuebi/Project/dim24_run --num_initial_empty_objects=800 --final_database_size=100 --target_db_size=100 --nb_local_searches=1000 --max_epochs=20 --type=transformer --max-output-length=350 --sample-only=25000 --max-steps=1500 --n_tokens=15 --n-layer=8 --n-embd=128 --n-embd2=128 --exp_id=1111 --exp_id "1111"
                                     cpu: False
                                     debug: False
                                     debug_slurm: False
                                     dump_path: /home/yuebi/Project/dim24_run/dim24_run_1/1111
                                     exp_id: 1111
                                     exp_name: dim24_run_1
                                     final_database_size: 100
                                     gen_batch_size: 1000
                                     global_rank: 0
                                     is_master: True
                                     is_slurm_job: True
                                     learning_rate: 0.0005
                                     local_rank: 0
                                     master_addr: gpu-6
                                     master_port: -1
                                     max_epochs: 20
                                     max_output_length: 350
                                     max_steps: 1500
                                     multi_gpu: False
                                     multi_node: False
                                     n_embd: 128
                                     n_embd2: 128
                                     n_gpu_per_node: 1
                                     n_head: 8
                                     n_layer: 8
                                     n_nodes: 1
                                     n_tokens: 15
                                     nb_local_searches: 1000
                                     nb_threads: 1
                                     node_id: 0
                                     num_initial_empty_objects: 800
                                     num_workers: 8
                                     sample_only: 25000
                                     seed: -1
                                     target_db_size: 100
                                     temperature: 1.0
                                     top_k: -1
                                     type: transformer
                                     weight_decay: 0.01
                                     world_size: 1
INFO - 12/06/25 16:09:32 - 0:00:00 - The experiment will be stored in /home/yuebi/Project/dim24_run/dim24_run_1/1111
                                     
INFO - 12/06/25 16:09:32 - 0:00:00 - Running command: python fc_loop.py --exp_name=dim24_run_1 --dump_path=/home/yuebi/Project/dim24_run --num_initial_empty_objects=800 --final_database_size=100 --target_db_size=100 --nb_local_searches=1000 --max_epochs=20 --type=transformer --max-output-length=350 --sample-only=25000 --max-steps=1500 --n_tokens=15 --n-layer=8 --n-embd=128 --n-embd2=128 --exp_id=1111

WARNING - 12/06/25 16:09:32 - 0:00:00 - Signal handler installed.
INFO - 12/06/25 16:09:32 - 0:00:00 - seed: 153336376
INFO - 12/06/25 16:09:32 - 0:00:00 - JULIA_NUM_THREADS is set to 1
INFO - 12/06/25 16:13:25 - 0:03:53 - Created /home/yuebi/Project/dim24_run/dim24_run_1/1111/temp.txt and training tokenizer...
INFO - 12/06/25 16:13:25 - 0:03:53 - Directory '/home/yuebi/Project/dim24_run/dim24_run_1/1111/tokenizer_data' created.
INFO - 12/06/25 16:13:25 - 0:03:53 - File '/home/yuebi/Project/dim24_run/dim24_run_1/1111/temp.txt' has been deleted.
INFO - 12/06/25 16:13:25 - 0:03:53 - 0 / 100
INFO - 12/06/25 16:13:25 - 0:03:53 - initializing at generation: 1
INFO - 12/06/25 16:13:25 - 0:03:53 - number of examples in the dataset: 100
INFO - 12/06/25 16:13:25 - 0:03:53 - max word length: 231
INFO - 12/06/25 16:13:25 - 0:03:53 - number of unique characters in the vocabulary: 15
INFO - 12/06/25 16:13:25 - 0:03:53 - vocabulary:
INFO - 12/06/25 16:13:25 - 0:03:53 - ['V0', 'V1', 'V2', 'V3', 'V4', 'V5', 'V6', 'V7', 'V8', 'V9', 'V10', 'V11', 'V12', 'V13', 'V14']
INFO - 12/06/25 16:13:25 - 0:03:53 - split up the dataset into 90 training examples and 10 test examples
INFO - 12/06/25 16:13:25 - 0:03:53 - dataset determined that: vocab_size=16, block_size=351
INFO - 12/06/25 16:13:25 - 0:03:53 - model #params: 1635456
INFO - 12/06/25 16:13:25 - 0:03:53 - ============ Start of generation 1 ============
INFO - 12/06/25 16:13:25 - 0:03:53 - Memory allocated:  10.00MB, reserved: 12.00MB
INFO - 12/06/25 16:13:25 - 0:03:53 - training
INFO - 12/06/25 16:13:31 - 0:03:58 - step 0 | loss 2.9839 | step time 668.73ms
INFO - 12/06/25 16:13:59 - 0:04:27 - step 100 | loss 2.0008 | step time 287.41ms
INFO - 12/06/25 16:14:28 - 0:04:56 - step 200 | loss 1.3125 | step time 287.54ms
INFO - 12/06/25 16:14:57 - 0:05:25 - step 300 | loss 0.4284 | step time 287.43ms
INFO - 12/06/25 16:15:26 - 0:05:53 - step 400 | loss 0.0415 | step time 287.11ms
INFO - 12/06/25 16:15:54 - 0:06:22 - step 500 | loss 0.0252 | step time 287.61ms
INFO - 12/06/25 16:15:55 - 0:06:22 - step 500 train loss: 0.02546566352248192 test loss: 7.300297737121582
INFO - 12/06/25 16:15:55 - 0:06:22 - test loss 7.300297737121582 is the best so far, saving model to /home/yuebi/Project/dim24_run/dim24_run_1/1111/model.pt
INFO - 12/06/25 16:16:23 - 0:06:51 - step 600 | loss 0.0237 | step time 287.16ms
INFO - 12/06/25 16:16:52 - 0:07:20 - step 700 | loss 0.0510 | step time 287.43ms
INFO - 12/06/25 16:17:21 - 0:07:49 - step 800 | loss 0.0249 | step time 287.15ms
INFO - 12/06/25 16:17:50 - 0:08:17 - step 900 | loss 0.0238 | step time 287.48ms
INFO - 12/06/25 16:18:18 - 0:08:46 - step 1000 | loss 0.0235 | step time 287.41ms
INFO - 12/06/25 16:18:19 - 0:08:46 - step 1000 train loss: 0.02271994762122631 test loss: 7.335921764373779
INFO - 12/06/25 16:18:47 - 0:09:15 - step 1100 | loss 0.0222 | step time 287.35ms
INFO - 12/06/25 16:19:16 - 0:09:44 - step 1200 | loss 0.0221 | step time 287.40ms
INFO - 12/06/25 16:19:45 - 0:10:13 - step 1300 | loss 0.0250 | step time 287.21ms
INFO - 12/06/25 16:20:14 - 0:10:41 - step 1400 | loss 0.0219 | step time 287.14ms
INFO - 12/06/25 16:20:42 - 0:11:10 - Memory allocated:  45.82MB, reserved: 3306.00MB
INFO - 12/06/25 16:20:42 - 0:11:10 - generating
INFO - 12/06/25 19:15:46 - 3:06:13 - distribution of sample lengths: average: 700.96832 max: 984
INFO - 12/06/25 19:15:46 - 3:06:13 - printed 25000 samples
INFO - 12/06/25 19:15:46 - 3:06:13 - decoding
INFO - 12/06/25 19:15:47 - 3:06:15 - Decoding complete. Check the output in /home/yuebi/Project/dim24_run/dim24_run_1/1111/transformer-output-decoded.txt
INFO - 12/06/25 19:15:47 - 3:06:15 - Memory allocated:  45.82MB, reserved: 10106.00MB
INFO - 12/06/25 19:15:47 - 3:06:15 - ============ End of generation 1 ============
INFO - 12/06/25 19:15:47 - 3:06:15 - launching search.jl
INFO - 12/06/25 19:15:47 - 3:06:15 - JULIA_NUM_THREADS is set to 1
INFO - 12/06/25 19:26:47 - 3:17:15 - distribution of scores(all rounds)
INFO - 12/06/25 19:26:47 - 3:17:15 - Score:15237476000.0, Count:1
                                     
INFO - 12/06/25 19:26:47 - 3:17:15 - Score:7988403000.0, Count:1
                                     
INFO - 12/06/25 19:26:47 - 3:17:15 - Score:7942933500.0, Count:1
                                     
INFO - 12/06/25 19:26:47 - 3:17:15 - Score:7876999000.0, Count:1
                                     
INFO - 12/06/25 19:26:47 - 3:17:15 - Score:7859643400.0, Count:1
                                     
INFO - 12/06/25 19:26:47 - 3:17:15 - Score:7784358400.0, Count:1
                                     
INFO - 12/06/25 19:26:47 - 3:17:15 - Score:7751596500.0, Count:1
                                     
INFO - 12/06/25 19:26:47 - 3:17:15 - Score:7720295000.0, Count:1
                                     
INFO - 12/06/25 19:26:47 - 3:17:15 - Score:7716649500.0, Count:1
                                     
INFO - 12/06/25 19:26:47 - 3:17:15 - Score:7708205000.0, Count:1
                                     
INFO - 12/06/25 19:26:47 - 3:17:15 - Score:7699390000.0, Count:1
                                     
INFO - 12/06/25 19:26:47 - 3:17:15 - Score:7648439000.0, Count:1
                                     
INFO - 12/06/25 19:26:47 - 3:17:15 - Score:7642008600.0, Count:1
                                     
INFO - 12/06/25 19:26:47 - 3:17:15 - Score:7632236000.0, Count:1
                                     
INFO - 12/06/25 19:26:47 - 3:17:15 - Score:7618818000.0, Count:1
                                     
INFO - 12/06/25 19:26:47 - 3:17:15 - Score:7617146400.0, Count:1
                                     
INFO - 12/06/25 19:26:47 - 3:17:15 - Score:7610076000.0, Count:1
                                     
INFO - 12/06/25 19:26:47 - 3:17:15 - Score:7604646400.0, Count:1
                                     
INFO - 12/06/25 19:26:47 - 3:17:15 - Score:7594392600.0, Count:1
                                     
INFO - 12/06/25 19:26:47 - 3:17:15 - Score:7569502000.0, Count:1
                                     
INFO - 12/06/25 19:26:47 - 3:17:15 - Score:7546160000.0, Count:1
                                     
INFO - 12/06/25 19:26:47 - 3:17:15 - Score:7520869000.0, Count:1
                                     
INFO - 12/06/25 19:26:47 - 3:17:15 - Score:7518144500.0, Count:1
                                     
INFO - 12/06/25 19:26:47 - 3:17:15 - Score:7511190500.0, Count:1
                                     
INFO - 12/06/25 19:26:47 - 3:17:15 - Score:7503209500.0, Count:1
                                     
INFO - 12/06/25 19:26:47 - 3:17:15 - Score:7498050000.0, Count:1
                                     
INFO - 12/06/25 19:26:47 - 3:17:15 - Score:7492197000.0, Count:1
                                     
INFO - 12/06/25 19:26:47 - 3:17:15 - Score:7483854300.0, Count:1
                                     
INFO - 12/06/25 19:26:47 - 3:17:15 - Score:7470098400.0, Count:1
                                     
INFO - 12/06/25 19:26:47 - 3:17:15 - Score:7453064000.0, Count:1
                                     
INFO - 12/06/25 19:26:47 - 3:17:15 - Score:7428785700.0, Count:1
                                     
INFO - 12/06/25 19:26:47 - 3:17:15 - Score:7427009500.0, Count:1
                                     
INFO - 12/06/25 19:26:47 - 3:17:15 - Score:7422568400.0, Count:1
                                     
INFO - 12/06/25 19:26:47 - 3:17:15 - Score:7400927700.0, Count:1
                                     
INFO - 12/06/25 19:26:47 - 3:17:15 - Score:7391696400.0, Count:1
                                     
INFO - 12/06/25 19:26:47 - 3:17:15 - Score:7377103400.0, Count:1
                                     
INFO - 12/06/25 19:26:47 - 3:17:15 - Score:7368409000.0, Count:1
                                     
INFO - 12/06/25 19:26:47 - 3:17:15 - Score:7357229600.0, Count:1
                                     
INFO - 12/06/25 19:26:47 - 3:17:15 - Score:7351630000.0, Count:1
                                     
INFO - 12/06/25 19:26:47 - 3:17:15 - Score:7342405000.0, Count:1
                                     
INFO - 12/06/25 19:26:47 - 3:17:15 - Score:7335403500.0, Count:1
                                     
INFO - 12/06/25 19:26:47 - 3:17:15 - Score:7332816000.0, Count:1
                                     
INFO - 12/06/25 19:26:47 - 3:17:15 - Score:7330592000.0, Count:1
                                     
INFO - 12/06/25 19:26:47 - 3:17:15 - Score:7330334700.0, Count:1
                                     
INFO - 12/06/25 19:26:47 - 3:17:15 - Score:7303371300.0, Count:1
                                     
INFO - 12/06/25 19:26:47 - 3:17:15 - Score:7298903000.0, Count:1
                                     
INFO - 12/06/25 19:26:47 - 3:17:15 - Score:7295161000.0, Count:1
                                     
INFO - 12/06/25 19:26:47 - 3:17:15 - Score:7293570000.0, Count:1
                                     
INFO - 12/06/25 19:26:47 - 3:17:15 - Score:7293195300.0, Count:1
                                     
INFO - 12/06/25 19:26:47 - 3:17:15 - Score:7292158500.0, Count:1
                                     
INFO - 12/06/25 19:26:47 - 3:17:15 - Score:7292075000.0, Count:1
                                     
INFO - 12/06/25 19:26:47 - 3:17:15 - Score:7291961300.0, Count:1
                                     
INFO - 12/06/25 19:26:47 - 3:17:15 - Score:7278081500.0, Count:1
                                     
INFO - 12/06/25 19:26:47 - 3:17:15 - Score:7277246000.0, Count:1
                                     
INFO - 12/06/25 19:26:47 - 3:17:15 - Score:7276493300.0, Count:1
                                     
INFO - 12/06/25 19:26:47 - 3:17:15 - Score:7275921000.0, Count:1
                                     
INFO - 12/06/25 19:26:47 - 3:17:15 - Score:7265692000.0, Count:1
                                     
INFO - 12/06/25 19:26:47 - 3:17:15 - Score:7265064000.0, Count:1
                                     
INFO - 12/06/25 19:26:47 - 3:17:15 - Score:7252391400.0, Count:1
                                     
INFO - 12/06/25 19:26:47 - 3:17:15 - Score:7252367400.0, Count:1
                                     
INFO - 12/06/25 19:26:47 - 3:17:15 - Score:7249691000.0, Count:1
                                     
INFO - 12/06/25 19:26:47 - 3:17:15 - Score:7242643500.0, Count:1
                                     
INFO - 12/06/25 19:26:47 - 3:17:15 - Score:7239594000.0, Count:1
                                     
INFO - 12/06/25 19:26:47 - 3:17:15 - Score:7233709000.0, Count:1
                                     
INFO - 12/06/25 19:26:47 - 3:17:15 - Score:7232169500.0, Count:1
                                     
INFO - 12/06/25 19:26:47 - 3:17:15 - Score:7227423000.0, Count:1
                                     
INFO - 12/06/25 19:26:47 - 3:17:15 - Score:7224679400.0, Count:1
                                     
INFO - 12/06/25 19:26:47 - 3:17:15 - Score:7223907000.0, Count:1
                                     
INFO - 12/06/25 19:26:47 - 3:17:15 - Score:7217044000.0, Count:1
                                     
INFO - 12/06/25 19:26:47 - 3:17:15 - Score:7212757000.0, Count:1
                                     
INFO - 12/06/25 19:26:47 - 3:17:15 - Score:7205970000.0, Count:1
                                     
INFO - 12/06/25 19:26:47 - 3:17:15 - Score:7205673500.0, Count:1
                                     
INFO - 12/06/25 19:26:47 - 3:17:15 - Score:7202519600.0, Count:1
                                     
INFO - 12/06/25 19:26:47 - 3:17:15 - Score:7202249700.0, Count:1
                                     
INFO - 12/06/25 19:26:47 - 3:17:15 - Score:7194855000.0, Count:1
                                     
INFO - 12/06/25 19:26:47 - 3:17:15 - Score:7194303500.0, Count:1
                                     
INFO - 12/06/25 19:26:47 - 3:17:15 - Score:7191661000.0, Count:1
                                     
INFO - 12/06/25 19:26:47 - 3:17:15 - Score:7190179000.0, Count:1
                                     
INFO - 12/06/25 19:26:47 - 3:17:15 - Score:7189354500.0, Count:1
                                     
INFO - 12/06/25 19:26:47 - 3:17:15 - Score:7185309700.0, Count:1
                                     
INFO - 12/06/25 19:26:47 - 3:17:15 - Score:7182522000.0, Count:1
                                     
INFO - 12/06/25 19:26:47 - 3:17:15 - Score:7181050400.0, Count:1
                                     
INFO - 12/06/25 19:26:47 - 3:17:15 - Score:7180468000.0, Count:1
                                     
INFO - 12/06/25 19:26:47 - 3:17:15 - Score:7174055000.0, Count:1
                                     
INFO - 12/06/25 19:26:47 - 3:17:15 - Score:7149856000.0, Count:1
                                     
INFO - 12/06/25 19:26:47 - 3:17:15 - Score:7149230600.0, Count:1
                                     
INFO - 12/06/25 19:26:47 - 3:17:15 - Score:7147576000.0, Count:1
                                     
INFO - 12/06/25 19:26:47 - 3:17:15 - Score:7143934000.0, Count:1
                                     
INFO - 12/06/25 19:26:47 - 3:17:15 - Score:7143874600.0, Count:1
                                     
INFO - 12/06/25 19:26:47 - 3:17:15 - Score:7140527600.0, Count:1
                                     
INFO - 12/06/25 19:26:47 - 3:17:15 - Score:7138281000.0, Count:1
                                     
INFO - 12/06/25 19:26:47 - 3:17:15 - Score:7134807600.0, Count:1
                                     
INFO - 12/06/25 19:26:47 - 3:17:15 - Score:7132832000.0, Count:1
                                     
INFO - 12/06/25 19:26:47 - 3:17:15 - Score:7125804500.0, Count:1
                                     
INFO - 12/06/25 19:26:47 - 3:17:15 - Score:7123131400.0, Count:1
                                     
INFO - 12/06/25 19:26:47 - 3:17:15 - Score:7116569600.0, Count:1
                                     
INFO - 12/06/25 19:26:47 - 3:17:15 - Score:7115777500.0, Count:1
                                     
INFO - 12/06/25 19:26:47 - 3:17:15 - Score:7114455600.0, Count:1
                                     
INFO - 12/06/25 19:26:47 - 3:17:15 - Score:7113062400.0, Count:1
                                     
INFO - 12/06/25 19:26:47 - 3:17:15 - Score:7111074000.0, Count:1
                                     
INFO - 12/06/25 19:26:47 - 3:17:15 - Score:7103616500.0, Count:0
                                     
INFO - 12/06/25 19:26:47 - 3:17:15 - tokenizing
INFO - 12/06/25 19:26:47 - 3:17:15 - Loading tokenizer from /home/yuebi/Project/dim24_run/dim24_run_1/1111/tokenizer_data/tokenizer.json...
INFO - 12/06/25 19:26:47 - 3:17:15 - 0 / 100
INFO - 12/06/25 19:26:47 - 3:17:15 - number of examples in the dataset: 100
INFO - 12/06/25 19:26:47 - 3:17:15 - max word length: 231
INFO - 12/06/25 19:26:47 - 3:17:15 - number of unique characters in the vocabulary: 15
INFO - 12/06/25 19:26:47 - 3:17:15 - vocabulary:
INFO - 12/06/25 19:26:47 - 3:17:15 - ['V0', 'V1', 'V2', 'V3', 'V4', 'V5', 'V6', 'V7', 'V8', 'V9', 'V10', 'V11', 'V12', 'V13', 'V14']
INFO - 12/06/25 19:26:47 - 3:17:15 - split up the dataset into 90 training examples and 10 test examples
INFO - 12/06/25 19:26:47 - 3:17:15 - ============ Start of generation 2 ============
INFO - 12/06/25 19:26:47 - 3:17:15 - Memory allocated:  45.82MB, reserved: 10106.00MB
INFO - 12/06/25 19:26:47 - 3:17:15 - training
INFO - 12/06/25 19:26:47 - 3:17:15 - step 0 | loss 2.0279 | step time 294.87ms
INFO - 12/06/25 19:27:16 - 3:17:44 - step 100 | loss 0.1110 | step time 287.67ms
INFO - 12/06/25 19:27:45 - 3:18:13 - step 200 | loss 0.0257 | step time 287.80ms
INFO - 12/06/25 19:28:14 - 3:18:41 - step 300 | loss 0.0444 | step time 287.52ms
INFO - 12/06/25 19:28:42 - 3:19:10 - step 400 | loss 0.0265 | step time 288.18ms
INFO - 12/06/25 19:29:11 - 3:19:39 - step 500 | loss 0.0238 | step time 287.35ms
INFO - 12/06/25 19:29:11 - 3:19:39 - step 500 train loss: 0.02469160407781601 test loss: 2.194244146347046
INFO - 12/06/25 19:29:11 - 3:19:39 - test loss 2.194244146347046 is the best so far, saving model to /home/yuebi/Project/dim24_run/dim24_run_1/1111/model.pt
INFO - 12/06/25 19:29:40 - 3:20:08 - step 600 | loss 0.0229 | step time 287.36ms
INFO - 12/06/25 19:29:48 - 0:00:00 - ============ Initialized logger ============
INFO - 12/06/25 19:29:48 - 0:00:00 - batch_size: 32
                                     command: python fc_loop.py --exp_name=dim24_run_1 --dump_path=/home/yuebi/Project/dim24_run --num_initial_empty_objects=800 --final_database_size=100 --target_db_size=100 --nb_local_searches=1000 --max_epochs=20 --type=transformer --max-output-length=350 --sample-only=25000 --max-steps=1500 --n_tokens=15 --n-layer=8 --n-embd=128 --n-embd2=128 --exp_id=1111 --exp_id "1111"
                                     cpu: False
                                     debug: False
                                     debug_slurm: False
                                     dump_path: /home/yuebi/Project/dim24_run/dim24_run_1/1111
                                     exp_id: 1111
                                     exp_name: dim24_run_1
                                     final_database_size: 100
                                     gen_batch_size: 1000
                                     global_rank: 0
                                     is_master: True
                                     is_slurm_job: True
                                     learning_rate: 0.0005
                                     local_rank: 0
                                     master_addr: gpu-6
                                     master_port: -1
                                     max_epochs: 20
                                     max_output_length: 350
                                     max_steps: 1500
                                     multi_gpu: False
                                     multi_node: False
                                     n_embd: 128
                                     n_embd2: 128
                                     n_gpu_per_node: 1
                                     n_head: 8
                                     n_layer: 8
                                     n_nodes: 1
                                     n_tokens: 15
                                     nb_local_searches: 1000
                                     nb_threads: 1
                                     node_id: 0
                                     num_initial_empty_objects: 800
                                     num_workers: 8
                                     sample_only: 25000
                                     seed: -1
                                     target_db_size: 100
                                     temperature: 1.0
                                     top_k: -1
                                     type: transformer
                                     weight_decay: 0.01
                                     world_size: 1
INFO - 12/06/25 19:29:48 - 0:00:00 - The experiment will be stored in /home/yuebi/Project/dim24_run/dim24_run_1/1111
                                     
INFO - 12/06/25 19:29:48 - 0:00:00 - Running command: python fc_loop.py --exp_name=dim24_run_1 --dump_path=/home/yuebi/Project/dim24_run --num_initial_empty_objects=800 --final_database_size=100 --target_db_size=100 --nb_local_searches=1000 --max_epochs=20 --type=transformer --max-output-length=350 --sample-only=25000 --max-steps=1500 --n_tokens=15 --n-layer=8 --n-embd=128 --n-embd2=128 --exp_id=1111

WARNING - 12/06/25 19:29:48 - 0:00:00 - Signal handler installed.
INFO - 12/06/25 19:29:48 - 0:00:00 - seed: 953418417
INFO - 12/06/25 19:29:48 - 0:00:00 - initializing at generation: 2
INFO - 12/06/25 19:29:48 - 0:00:00 - number of examples in the dataset: 100
INFO - 12/06/25 19:29:48 - 0:00:00 - max word length: 231
INFO - 12/06/25 19:29:48 - 0:00:00 - number of unique characters in the vocabulary: 15
INFO - 12/06/25 19:29:48 - 0:00:00 - vocabulary:
INFO - 12/06/25 19:29:48 - 0:00:00 - ['V0', 'V1', 'V2', 'V3', 'V4', 'V5', 'V6', 'V7', 'V8', 'V9', 'V10', 'V11', 'V12', 'V13', 'V14']
INFO - 12/06/25 19:29:48 - 0:00:00 - split up the dataset into 90 training examples and 10 test examples
INFO - 12/06/25 19:29:48 - 0:00:00 - dataset determined that: vocab_size=16, block_size=351
INFO - 12/06/25 19:29:48 - 0:00:00 - model #params: 1635456
INFO - 12/06/25 19:29:48 - 0:00:00 - resuming from existing model
INFO - 12/06/25 19:29:48 - 0:00:00 - ============ Start of generation 2 ============
INFO - 12/06/25 19:29:48 - 0:00:00 - Memory allocated:  10.00MB, reserved: 22.00MB
INFO - 12/06/25 19:29:48 - 0:00:00 - training
INFO - 12/06/25 19:29:53 - 0:00:05 - step 0 | loss 0.3580 | step time 611.55ms
INFO - 12/06/25 19:30:22 - 0:00:34 - step 100 | loss 0.0221 | step time 287.25ms
INFO - 12/06/25 19:30:51 - 0:01:03 - step 200 | loss 0.0244 | step time 286.88ms
INFO - 12/06/25 19:31:19 - 0:01:31 - step 300 | loss 0.0745 | step time 287.19ms
INFO - 12/06/25 19:31:48 - 0:02:00 - step 400 | loss 0.0224 | step time 287.13ms
INFO - 12/06/25 19:32:17 - 0:02:29 - step 500 | loss 0.0225 | step time 287.17ms
INFO - 12/06/25 19:32:17 - 0:02:29 - step 500 train loss: 0.02258286252617836 test loss: 0.22316844761371613
INFO - 12/06/25 19:32:17 - 0:02:29 - test loss 0.22316844761371613 is the best so far, saving model to /home/yuebi/Project/dim24_run/dim24_run_1/1111/model.pt
INFO - 12/06/25 19:32:46 - 0:02:58 - step 600 | loss 0.0225 | step time 287.17ms
INFO - 12/06/25 19:33:15 - 0:03:27 - step 700 | loss 0.0216 | step time 287.08ms
INFO - 12/06/25 19:33:43 - 0:03:55 - step 800 | loss 0.0234 | step time 287.13ms
INFO - 12/06/25 19:34:12 - 0:04:24 - step 900 | loss 0.0219 | step time 287.25ms
INFO - 12/06/25 19:34:41 - 0:04:53 - step 1000 | loss 0.0234 | step time 287.33ms
INFO - 12/06/25 19:34:41 - 0:04:53 - step 1000 train loss: 0.021892201155424118 test loss: 0.44868767261505127
INFO - 12/06/25 19:35:10 - 0:05:22 - step 1100 | loss 0.0224 | step time 286.92ms
INFO - 12/06/25 19:35:38 - 0:05:50 - step 1200 | loss 0.0207 | step time 286.30ms
INFO - 12/06/25 19:36:07 - 0:06:19 - step 1300 | loss 0.0205 | step time 286.63ms
INFO - 12/06/25 19:36:36 - 0:06:48 - step 1400 | loss 0.0230 | step time 286.24ms
INFO - 12/06/25 19:37:04 - 0:07:16 - Memory allocated:  45.82MB, reserved: 3306.00MB
INFO - 12/06/25 19:37:04 - 0:07:16 - generating
INFO - 12/06/25 22:32:06 - 3:02:18 - distribution of sample lengths: average: 704.01704 max: 738
INFO - 12/06/25 22:32:06 - 3:02:18 - printed 25000 samples
INFO - 12/06/25 22:32:06 - 3:02:18 - decoding
INFO - 12/06/25 22:32:07 - 3:02:19 - Decoding complete. Check the output in /home/yuebi/Project/dim24_run/dim24_run_1/1111/transformer-output-decoded.txt
INFO - 12/06/25 22:32:07 - 3:02:19 - Memory allocated:  45.82MB, reserved: 10106.00MB
INFO - 12/06/25 22:32:07 - 3:02:19 - ============ End of generation 2 ============
INFO - 12/06/25 22:32:07 - 3:02:19 - launching search.jl
INFO - 12/06/25 22:32:07 - 3:02:19 - JULIA_NUM_THREADS is set to 1
INFO - 12/06/25 22:44:54 - 3:15:06 - distribution of scores(all rounds)
INFO - 12/06/25 22:44:54 - 3:15:06 - Score:15237476000.0, Count:2
                                     
INFO - 12/06/25 22:44:54 - 3:15:06 - Score:8008195600.0, Count:1
                                     
INFO - 12/06/25 22:44:54 - 3:15:06 - Score:7988403000.0, Count:2
                                     
INFO - 12/06/25 22:44:54 - 3:15:06 - Score:7942933500.0, Count:2
                                     
INFO - 12/06/25 22:44:54 - 3:15:06 - Score:7922168300.0, Count:1
                                     
INFO - 12/06/25 22:44:54 - 3:15:06 - Score:7876999000.0, Count:2
                                     
INFO - 12/06/25 22:44:54 - 3:15:06 - Score:7859643400.0, Count:2
                                     
INFO - 12/06/25 22:44:54 - 3:15:06 - Score:7810363400.0, Count:1
                                     
INFO - 12/06/25 22:44:54 - 3:15:06 - Score:7784358400.0, Count:2
                                     
INFO - 12/06/25 22:44:54 - 3:15:06 - Score:7751596500.0, Count:2
                                     
INFO - 12/06/25 22:44:54 - 3:15:06 - Score:7720295000.0, Count:2
                                     
INFO - 12/06/25 22:44:54 - 3:15:06 - Score:7718171600.0, Count:1
                                     
INFO - 12/06/25 22:44:54 - 3:15:06 - Score:7716649500.0, Count:2
                                     
INFO - 12/06/25 22:44:54 - 3:15:06 - Score:7708205000.0, Count:2
                                     
INFO - 12/06/25 22:44:54 - 3:15:06 - Score:7699390000.0, Count:2
                                     
INFO - 12/06/25 22:44:54 - 3:15:06 - Score:7697949000.0, Count:1
                                     
INFO - 12/06/25 22:44:54 - 3:15:06 - Score:7648439000.0, Count:2
                                     
INFO - 12/06/25 22:44:54 - 3:15:06 - Score:7642008600.0, Count:2
                                     
INFO - 12/06/25 22:44:54 - 3:15:06 - Score:7632236000.0, Count:2
                                     
INFO - 12/06/25 22:44:54 - 3:15:06 - Score:7618818000.0, Count:2
                                     
INFO - 12/06/25 22:44:54 - 3:15:06 - Score:7617146400.0, Count:2
                                     
INFO - 12/06/25 22:44:54 - 3:15:06 - Score:7615306000.0, Count:1
                                     
INFO - 12/06/25 22:44:54 - 3:15:06 - Score:7610076000.0, Count:2
                                     
INFO - 12/06/25 22:44:54 - 3:15:06 - Score:7604646400.0, Count:2
                                     
INFO - 12/06/25 22:44:54 - 3:15:06 - Score:7601481700.0, Count:1
                                     
INFO - 12/06/25 22:44:54 - 3:15:06 - Score:7594392600.0, Count:2
                                     
INFO - 12/06/25 22:44:54 - 3:15:06 - Score:7569502000.0, Count:2
                                     
INFO - 12/06/25 22:44:54 - 3:15:06 - Score:7551156000.0, Count:1
                                     
INFO - 12/06/25 22:44:54 - 3:15:06 - Score:7546160000.0, Count:2
                                     
INFO - 12/06/25 22:44:54 - 3:15:06 - Score:7532518000.0, Count:1
                                     
INFO - 12/06/25 22:44:54 - 3:15:06 - Score:7520869000.0, Count:2
                                     
INFO - 12/06/25 22:44:54 - 3:15:06 - Score:7518144500.0, Count:2
                                     
INFO - 12/06/25 22:44:54 - 3:15:06 - Score:7511980500.0, Count:1
                                     
INFO - 12/06/25 22:44:54 - 3:15:06 - Score:7511190500.0, Count:2
                                     
INFO - 12/06/25 22:44:54 - 3:15:06 - Score:7503209500.0, Count:2
                                     
INFO - 12/06/25 22:44:54 - 3:15:06 - Score:7498050000.0, Count:2
                                     
INFO - 12/06/25 22:44:54 - 3:15:06 - Score:7492197000.0, Count:2
                                     
INFO - 12/06/25 22:44:54 - 3:15:06 - Score:7483854300.0, Count:2
                                     
INFO - 12/06/25 22:44:54 - 3:15:06 - Score:7474101000.0, Count:1
                                     
INFO - 12/06/25 22:44:54 - 3:15:06 - Score:7470098400.0, Count:2
                                     
INFO - 12/06/25 22:44:54 - 3:15:06 - Score:7453064000.0, Count:2
                                     
INFO - 12/06/25 22:44:54 - 3:15:06 - Score:7436320300.0, Count:1
                                     
INFO - 12/06/25 22:44:54 - 3:15:06 - Score:7428785700.0, Count:2
                                     
INFO - 12/06/25 22:44:54 - 3:15:06 - Score:7427009500.0, Count:2
                                     
INFO - 12/06/25 22:44:54 - 3:15:06 - Score:7423566000.0, Count:1
                                     
INFO - 12/06/25 22:44:54 - 3:15:06 - Score:7422568400.0, Count:2
                                     
INFO - 12/06/25 22:44:54 - 3:15:06 - Score:7400927700.0, Count:2
                                     
INFO - 12/06/25 22:44:54 - 3:15:06 - Score:7391696400.0, Count:2
                                     
INFO - 12/06/25 22:44:54 - 3:15:06 - Score:7377103400.0, Count:2
                                     
INFO - 12/06/25 22:44:54 - 3:15:06 - Score:7368409000.0, Count:2
                                     
INFO - 12/06/25 22:44:54 - 3:15:06 - Score:7357229600.0, Count:2
                                     
INFO - 12/06/25 22:44:54 - 3:15:06 - Score:7351630000.0, Count:2
                                     
INFO - 12/06/25 22:44:54 - 3:15:06 - Score:7342405000.0, Count:2
                                     
INFO - 12/06/25 22:44:54 - 3:15:06 - Score:7335403500.0, Count:2
                                     
INFO - 12/06/25 22:44:54 - 3:15:06 - Score:7332816000.0, Count:2
                                     
INFO - 12/06/25 22:44:54 - 3:15:06 - Score:7330592000.0, Count:2
                                     
INFO - 12/06/25 22:44:54 - 3:15:06 - Score:7330334700.0, Count:1
                                     
INFO - 12/06/25 22:44:54 - 3:15:06 - tokenizing
INFO - 12/06/25 22:44:54 - 3:15:06 - Loading tokenizer from /home/yuebi/Project/dim24_run/dim24_run_1/1111/tokenizer_data/tokenizer.json...
INFO - 12/06/25 22:44:54 - 3:15:06 - 0 / 100
INFO - 12/06/25 22:44:54 - 3:15:06 - number of examples in the dataset: 100
INFO - 12/06/25 22:44:54 - 3:15:06 - max word length: 231
INFO - 12/06/25 22:44:54 - 3:15:06 - number of unique characters in the vocabulary: 15
INFO - 12/06/25 22:44:54 - 3:15:06 - vocabulary:
INFO - 12/06/25 22:44:54 - 3:15:06 - ['V0', 'V1', 'V2', 'V3', 'V4', 'V5', 'V6', 'V7', 'V8', 'V9', 'V10', 'V11', 'V12', 'V13', 'V14']
INFO - 12/06/25 22:44:54 - 3:15:06 - split up the dataset into 90 training examples and 10 test examples
INFO - 12/06/25 22:44:54 - 3:15:06 - ============ Start of generation 3 ============
INFO - 12/06/25 22:44:54 - 3:15:06 - Memory allocated:  45.82MB, reserved: 10106.00MB
INFO - 12/06/25 22:44:54 - 3:15:06 - training
INFO - 12/06/25 22:44:54 - 3:15:06 - step 0 | loss 0.8350 | step time 295.88ms
INFO - 12/06/25 22:45:23 - 3:15:35 - step 100 | loss 0.0244 | step time 287.39ms
INFO - 12/06/25 22:45:52 - 3:16:04 - step 200 | loss 0.0432 | step time 286.38ms
INFO - 12/06/25 22:46:20 - 3:16:32 - step 300 | loss 0.0215 | step time 286.60ms
INFO - 12/06/25 22:46:49 - 3:17:01 - step 400 | loss 0.0232 | step time 286.89ms
INFO - 12/06/25 22:47:18 - 3:17:30 - step 500 | loss 0.0227 | step time 287.09ms
INFO - 12/06/25 22:47:18 - 3:17:30 - step 500 train loss: 0.022577982395887375 test loss: 0.5143503546714783
INFO - 12/06/25 22:47:18 - 3:17:30 - test loss 0.5143503546714783 is the best so far, saving model to /home/yuebi/Project/dim24_run/dim24_run_1/1111/model.pt
INFO - 12/06/25 22:47:47 - 3:17:59 - step 600 | loss 0.0333 | step time 287.26ms
INFO - 12/06/25 22:48:15 - 3:18:27 - step 700 | loss 0.0208 | step time 287.41ms
INFO - 12/06/25 22:48:44 - 3:18:56 - step 800 | loss 0.0208 | step time 287.03ms
INFO - 12/06/25 22:49:13 - 3:19:25 - step 900 | loss 0.0211 | step time 287.17ms
INFO - 12/06/25 22:49:41 - 3:19:53 - step 1000 | loss 0.0222 | step time 286.95ms
INFO - 12/06/25 22:49:42 - 3:19:54 - step 1000 train loss: 0.02180815115571022 test loss: 0.659186601638794
INFO - 12/06/25 22:49:55 - 0:00:00 - ============ Initialized logger ============
INFO - 12/06/25 22:49:55 - 0:00:00 - batch_size: 32
                                     command: python fc_loop.py --exp_name=dim24_run_1 --dump_path=/home/yuebi/Project/dim24_run --num_initial_empty_objects=800 --final_database_size=100 --target_db_size=100 --nb_local_searches=1000 --max_epochs=20 --type=transformer --max-output-length=350 --sample-only=25000 --max-steps=1500 --n_tokens=15 --n-layer=8 --n-embd=128 --n-embd2=128 --exp_id=1111 --exp_id "1111"
                                     cpu: False
                                     debug: False
                                     debug_slurm: False
                                     dump_path: /home/yuebi/Project/dim24_run/dim24_run_1/1111
                                     exp_id: 1111
                                     exp_name: dim24_run_1
                                     final_database_size: 100
                                     gen_batch_size: 1000
                                     global_rank: 0
                                     is_master: True
                                     is_slurm_job: True
                                     learning_rate: 0.0005
                                     local_rank: 0
                                     master_addr: gpu-6
                                     master_port: -1
                                     max_epochs: 20
                                     max_output_length: 350
                                     max_steps: 1500
                                     multi_gpu: False
                                     multi_node: False
                                     n_embd: 128
                                     n_embd2: 128
                                     n_gpu_per_node: 1
                                     n_head: 8
                                     n_layer: 8
                                     n_nodes: 1
                                     n_tokens: 15
                                     nb_local_searches: 1000
                                     nb_threads: 1
                                     node_id: 0
                                     num_initial_empty_objects: 800
                                     num_workers: 8
                                     sample_only: 25000
                                     seed: -1
                                     target_db_size: 100
                                     temperature: 1.0
                                     top_k: -1
                                     type: transformer
                                     weight_decay: 0.01
                                     world_size: 1
INFO - 12/06/25 22:49:55 - 0:00:00 - The experiment will be stored in /home/yuebi/Project/dim24_run/dim24_run_1/1111
                                     
INFO - 12/06/25 22:49:55 - 0:00:00 - Running command: python fc_loop.py --exp_name=dim24_run_1 --dump_path=/home/yuebi/Project/dim24_run --num_initial_empty_objects=800 --final_database_size=100 --target_db_size=100 --nb_local_searches=1000 --max_epochs=20 --type=transformer --max-output-length=350 --sample-only=25000 --max-steps=1500 --n_tokens=15 --n-layer=8 --n-embd=128 --n-embd2=128 --exp_id=1111

WARNING - 12/06/25 22:49:55 - 0:00:00 - Signal handler installed.
INFO - 12/06/25 22:49:55 - 0:00:00 - seed: 669797470
INFO - 12/06/25 22:49:55 - 0:00:00 - initializing at generation: 3
INFO - 12/06/25 22:49:55 - 0:00:00 - number of examples in the dataset: 100
INFO - 12/06/25 22:49:55 - 0:00:00 - max word length: 231
INFO - 12/06/25 22:49:55 - 0:00:00 - number of unique characters in the vocabulary: 15
INFO - 12/06/25 22:49:55 - 0:00:00 - vocabulary:
INFO - 12/06/25 22:49:55 - 0:00:00 - ['V0', 'V1', 'V2', 'V3', 'V4', 'V5', 'V6', 'V7', 'V8', 'V9', 'V10', 'V11', 'V12', 'V13', 'V14']
INFO - 12/06/25 22:49:55 - 0:00:00 - split up the dataset into 90 training examples and 10 test examples
INFO - 12/06/25 22:49:55 - 0:00:00 - dataset determined that: vocab_size=16, block_size=351
INFO - 12/06/25 22:49:55 - 0:00:00 - model #params: 1635456
INFO - 12/06/25 22:49:55 - 0:00:00 - resuming from existing model
INFO - 12/06/25 22:49:55 - 0:00:00 - ============ Start of generation 3 ============
INFO - 12/06/25 22:49:55 - 0:00:00 - Memory allocated:  10.00MB, reserved: 22.00MB
INFO - 12/06/25 22:49:55 - 0:00:00 - training
INFO - 12/06/25 22:50:00 - 0:00:05 - step 0 | loss 0.0243 | step time 620.83ms
INFO - 12/06/25 22:50:29 - 0:00:34 - step 100 | loss 0.0223 | step time 286.50ms
INFO - 12/06/25 22:50:57 - 0:01:02 - step 200 | loss 0.0501 | step time 286.38ms
INFO - 12/06/25 22:51:26 - 0:01:31 - step 300 | loss 0.0215 | step time 286.91ms
INFO - 12/06/25 22:51:55 - 0:02:00 - step 400 | loss 0.0217 | step time 286.57ms
INFO - 12/06/25 22:52:23 - 0:02:28 - step 500 | loss 0.0209 | step time 287.44ms
INFO - 12/06/25 22:52:24 - 0:02:29 - step 500 train loss: 0.021806620061397552 test loss: 0.17209361493587494
INFO - 12/06/25 22:52:24 - 0:02:29 - test loss 0.17209361493587494 is the best so far, saving model to /home/yuebi/Project/dim24_run/dim24_run_1/1111/model.pt
INFO - 12/06/25 22:52:52 - 0:02:58 - step 600 | loss 0.0225 | step time 287.22ms
INFO - 12/06/25 22:53:21 - 0:03:26 - step 700 | loss 0.0283 | step time 287.31ms
INFO - 12/06/25 22:53:50 - 0:03:55 - step 800 | loss 0.0210 | step time 287.03ms
INFO - 12/06/25 22:54:19 - 0:04:24 - step 900 | loss 0.0211 | step time 287.22ms
INFO - 12/06/25 22:54:47 - 0:04:52 - step 1000 | loss 0.0208 | step time 287.27ms
INFO - 12/06/25 22:54:48 - 0:04:53 - step 1000 train loss: 0.021326158195734024 test loss: 0.33054640889167786
INFO - 12/06/25 22:55:16 - 0:05:21 - step 1100 | loss 0.0225 | step time 287.26ms
INFO - 12/06/25 22:55:45 - 0:05:50 - step 1200 | loss 0.0227 | step time 287.29ms
INFO - 12/06/25 22:56:14 - 0:06:19 - step 1300 | loss 0.0215 | step time 287.32ms
INFO - 12/06/25 22:56:43 - 0:06:48 - step 1400 | loss 0.0211 | step time 286.75ms
INFO - 12/06/25 22:57:11 - 0:07:16 - Memory allocated:  45.82MB, reserved: 3306.00MB
INFO - 12/06/25 22:57:11 - 0:07:16 - generating
INFO - 12/07/25 01:52:12 - 3:02:17 - distribution of sample lengths: average: 704.82556 max: 1007
INFO - 12/07/25 01:52:12 - 3:02:17 - printed 25000 samples
INFO - 12/07/25 01:52:12 - 3:02:17 - decoding
INFO - 12/07/25 01:52:13 - 3:02:18 - Decoding complete. Check the output in /home/yuebi/Project/dim24_run/dim24_run_1/1111/transformer-output-decoded.txt
INFO - 12/07/25 01:52:13 - 3:02:18 - Memory allocated:  45.82MB, reserved: 10106.00MB
INFO - 12/07/25 01:52:13 - 3:02:18 - ============ End of generation 3 ============
INFO - 12/07/25 01:52:13 - 3:02:18 - launching search.jl
INFO - 12/07/25 01:52:13 - 3:02:18 - JULIA_NUM_THREADS is set to 1
INFO - 12/07/25 02:05:13 - 3:15:19 - distribution of scores(all rounds)
INFO - 12/07/25 02:05:13 - 3:15:19 - Score:15237476000.0, Count:3
                                     
INFO - 12/07/25 02:05:13 - 3:15:19 - Score:8707129000.0, Count:1
                                     
INFO - 12/07/25 02:05:13 - 3:15:19 - Score:8336632000.0, Count:1
                                     
INFO - 12/07/25 02:05:13 - 3:15:19 - Score:8097031700.0, Count:1
                                     
INFO - 12/07/25 02:05:13 - 3:15:19 - Score:8008195600.0, Count:2
                                     
INFO - 12/07/25 02:05:13 - 3:15:19 - Score:7988403000.0, Count:3
                                     
INFO - 12/07/25 02:05:13 - 3:15:19 - Score:7942933500.0, Count:3
                                     
INFO - 12/07/25 02:05:13 - 3:15:19 - Score:7922168300.0, Count:2
                                     
INFO - 12/07/25 02:05:13 - 3:15:19 - Score:7876999000.0, Count:3
                                     
INFO - 12/07/25 02:05:13 - 3:15:19 - Score:7859643400.0, Count:3
                                     
INFO - 12/07/25 02:05:13 - 3:15:19 - Score:7810363400.0, Count:2
                                     
INFO - 12/07/25 02:05:13 - 3:15:19 - Score:7784358400.0, Count:3
                                     
INFO - 12/07/25 02:05:13 - 3:15:19 - Score:7751596500.0, Count:3
                                     
INFO - 12/07/25 02:05:13 - 3:15:19 - Score:7731822600.0, Count:1
                                     
INFO - 12/07/25 02:05:13 - 3:15:19 - Score:7720295000.0, Count:3
                                     
INFO - 12/07/25 02:05:13 - 3:15:19 - Score:7718171600.0, Count:2
                                     
INFO - 12/07/25 02:05:13 - 3:15:19 - Score:7716649500.0, Count:3
                                     
INFO - 12/07/25 02:05:13 - 3:15:19 - Score:7709443600.0, Count:1
                                     
INFO - 12/07/25 02:05:13 - 3:15:19 - Score:7708205000.0, Count:3
                                     
INFO - 12/07/25 02:05:13 - 3:15:19 - Score:7699390000.0, Count:3
                                     
INFO - 12/07/25 02:05:13 - 3:15:19 - Score:7697949000.0, Count:2
                                     
INFO - 12/07/25 02:05:13 - 3:15:19 - Score:7648439000.0, Count:3
                                     
INFO - 12/07/25 02:05:13 - 3:15:19 - Score:7642008600.0, Count:3
                                     
INFO - 12/07/25 02:05:13 - 3:15:19 - Score:7632236000.0, Count:3
                                     
INFO - 12/07/25 02:05:13 - 3:15:19 - Score:7618818000.0, Count:3
                                     
INFO - 12/07/25 02:05:13 - 3:15:19 - Score:7617146400.0, Count:3
                                     
INFO - 12/07/25 02:05:13 - 3:15:19 - Score:7615306000.0, Count:2
                                     
INFO - 12/07/25 02:05:13 - 3:15:19 - Score:7610076000.0, Count:3
                                     
INFO - 12/07/25 02:05:13 - 3:15:19 - Score:7604646400.0, Count:3
                                     
INFO - 12/07/25 02:05:13 - 3:15:19 - Score:7601481700.0, Count:2
                                     
INFO - 12/07/25 02:05:13 - 3:15:19 - Score:7594392600.0, Count:3
                                     
INFO - 12/07/25 02:05:13 - 3:15:19 - Score:7569502000.0, Count:3
                                     
INFO - 12/07/25 02:05:13 - 3:15:19 - Score:7567010300.0, Count:1
                                     
INFO - 12/07/25 02:05:13 - 3:15:19 - Score:7551156000.0, Count:2
                                     
INFO - 12/07/25 02:05:13 - 3:15:19 - Score:7546160000.0, Count:3
                                     
INFO - 12/07/25 02:05:13 - 3:15:19 - Score:7532518000.0, Count:2
                                     
INFO - 12/07/25 02:05:13 - 3:15:19 - Score:7526620700.0, Count:1
                                     
INFO - 12/07/25 02:05:13 - 3:15:19 - Score:7520869000.0, Count:3
                                     
INFO - 12/07/25 02:05:13 - 3:15:19 - Score:7518144500.0, Count:3
                                     
INFO - 12/07/25 02:05:13 - 3:15:19 - Score:7511980500.0, Count:2
                                     
INFO - 12/07/25 02:05:13 - 3:15:19 - Score:7511190500.0, Count:3
                                     
INFO - 12/07/25 02:05:13 - 3:15:19 - Score:7503209500.0, Count:1
                                     
INFO - 12/07/25 02:05:13 - 3:15:19 - tokenizing
INFO - 12/07/25 02:05:13 - 3:15:19 - Loading tokenizer from /home/yuebi/Project/dim24_run/dim24_run_1/1111/tokenizer_data/tokenizer.json...
INFO - 12/07/25 02:05:13 - 3:15:19 - 0 / 100
INFO - 12/07/25 02:05:14 - 3:15:19 - number of examples in the dataset: 100
INFO - 12/07/25 02:05:14 - 3:15:19 - max word length: 228
INFO - 12/07/25 02:05:14 - 3:15:19 - number of unique characters in the vocabulary: 15
INFO - 12/07/25 02:05:14 - 3:15:19 - vocabulary:
INFO - 12/07/25 02:05:14 - 3:15:19 - ['V0', 'V1', 'V2', 'V3', 'V4', 'V5', 'V6', 'V7', 'V8', 'V9', 'V10', 'V11', 'V12', 'V13', 'V14']
INFO - 12/07/25 02:05:14 - 3:15:19 - split up the dataset into 90 training examples and 10 test examples
INFO - 12/07/25 02:05:14 - 3:15:19 - ============ Start of generation 4 ============
INFO - 12/07/25 02:05:14 - 3:15:19 - Memory allocated:  45.82MB, reserved: 10106.00MB
INFO - 12/07/25 02:05:14 - 3:15:19 - training
INFO - 12/07/25 02:05:14 - 3:15:19 - step 0 | loss 0.5085 | step time 294.42ms
INFO - 12/07/25 02:05:43 - 3:15:48 - step 100 | loss 0.0245 | step time 287.27ms
INFO - 12/07/25 02:06:11 - 3:16:16 - step 200 | loss 0.0217 | step time 287.28ms
INFO - 12/07/25 02:06:40 - 3:16:45 - step 300 | loss 0.0233 | step time 287.33ms
INFO - 12/07/25 02:07:09 - 3:17:14 - step 400 | loss 0.0234 | step time 288.59ms
INFO - 12/07/25 02:07:38 - 3:17:43 - step 500 | loss 0.0220 | step time 288.35ms
INFO - 12/07/25 02:07:38 - 3:17:43 - step 500 train loss: 0.022076601162552834 test loss: 2.182495594024658
INFO - 12/07/25 02:07:38 - 3:17:43 - test loss 2.182495594024658 is the best so far, saving model to /home/yuebi/Project/dim24_run/dim24_run_1/1111/model.pt
INFO - 12/07/25 02:08:07 - 3:18:12 - step 600 | loss 0.0210 | step time 288.45ms
INFO - 12/07/25 02:08:36 - 3:18:41 - step 700 | loss 0.0223 | step time 288.65ms
INFO - 12/07/25 02:09:05 - 3:19:10 - step 800 | loss 0.0202 | step time 288.80ms
INFO - 12/07/25 02:09:34 - 3:19:39 - step 900 | loss 0.0220 | step time 288.39ms
INFO - 12/07/25 02:10:03 - 0:00:00 - ============ Initialized logger ============
INFO - 12/07/25 02:10:03 - 0:00:00 - batch_size: 32
                                     command: python fc_loop.py --exp_name=dim24_run_1 --dump_path=/home/yuebi/Project/dim24_run --num_initial_empty_objects=800 --final_database_size=100 --target_db_size=100 --nb_local_searches=1000 --max_epochs=20 --type=transformer --max-output-length=350 --sample-only=25000 --max-steps=1500 --n_tokens=15 --n-layer=8 --n-embd=128 --n-embd2=128 --exp_id=1111 --exp_id "1111"
                                     cpu: False
                                     debug: False
                                     debug_slurm: False
                                     dump_path: /home/yuebi/Project/dim24_run/dim24_run_1/1111
                                     exp_id: 1111
                                     exp_name: dim24_run_1
                                     final_database_size: 100
                                     gen_batch_size: 1000
                                     global_rank: 0
                                     is_master: True
                                     is_slurm_job: True
                                     learning_rate: 0.0005
                                     local_rank: 0
                                     master_addr: gpu-6
                                     master_port: -1
                                     max_epochs: 20
                                     max_output_length: 350
                                     max_steps: 1500
                                     multi_gpu: False
                                     multi_node: False
                                     n_embd: 128
                                     n_embd2: 128
                                     n_gpu_per_node: 1
                                     n_head: 8
                                     n_layer: 8
                                     n_nodes: 1
                                     n_tokens: 15
                                     nb_local_searches: 1000
                                     nb_threads: 1
                                     node_id: 0
                                     num_initial_empty_objects: 800
                                     num_workers: 8
                                     sample_only: 25000
                                     seed: -1
                                     target_db_size: 100
                                     temperature: 1.0
                                     top_k: -1
                                     type: transformer
                                     weight_decay: 0.01
                                     world_size: 1
INFO - 12/07/25 02:10:03 - 0:00:00 - The experiment will be stored in /home/yuebi/Project/dim24_run/dim24_run_1/1111
                                     
INFO - 12/07/25 02:10:03 - 0:00:00 - Running command: python fc_loop.py --exp_name=dim24_run_1 --dump_path=/home/yuebi/Project/dim24_run --num_initial_empty_objects=800 --final_database_size=100 --target_db_size=100 --nb_local_searches=1000 --max_epochs=20 --type=transformer --max-output-length=350 --sample-only=25000 --max-steps=1500 --n_tokens=15 --n-layer=8 --n-embd=128 --n-embd2=128 --exp_id=1111

WARNING - 12/07/25 02:10:03 - 0:00:00 - Signal handler installed.
INFO - 12/07/25 02:10:03 - 0:00:00 - seed: 713628251
INFO - 12/07/25 02:10:03 - 0:00:00 - initializing at generation: 4
INFO - 12/07/25 02:10:03 - 0:00:00 - number of examples in the dataset: 100
INFO - 12/07/25 02:10:03 - 0:00:00 - max word length: 228
INFO - 12/07/25 02:10:03 - 0:00:00 - number of unique characters in the vocabulary: 15
INFO - 12/07/25 02:10:03 - 0:00:00 - vocabulary:
INFO - 12/07/25 02:10:03 - 0:00:00 - ['V0', 'V1', 'V2', 'V3', 'V4', 'V5', 'V6', 'V7', 'V8', 'V9', 'V10', 'V11', 'V12', 'V13', 'V14']
INFO - 12/07/25 02:10:03 - 0:00:00 - split up the dataset into 90 training examples and 10 test examples
INFO - 12/07/25 02:10:03 - 0:00:00 - dataset determined that: vocab_size=16, block_size=351
INFO - 12/07/25 02:10:03 - 0:00:00 - model #params: 1635456
INFO - 12/07/25 02:10:03 - 0:00:00 - resuming from existing model
INFO - 12/07/25 02:10:03 - 0:00:00 - ============ Start of generation 4 ============
INFO - 12/07/25 02:10:03 - 0:00:00 - Memory allocated:  10.00MB, reserved: 22.00MB
INFO - 12/07/25 02:10:03 - 0:00:00 - training
INFO - 12/07/25 02:10:08 - 0:00:05 - step 0 | loss 0.0638 | step time 617.48ms
INFO - 12/07/25 02:10:37 - 0:00:34 - step 100 | loss 0.0220 | step time 288.17ms
INFO - 12/07/25 02:11:06 - 0:01:03 - step 200 | loss 0.0219 | step time 288.41ms
INFO - 12/07/25 02:11:34 - 0:01:31 - step 300 | loss 0.0219 | step time 288.33ms
INFO - 12/07/25 02:12:03 - 0:02:00 - step 400 | loss 0.0473 | step time 288.18ms
INFO - 12/07/25 02:12:32 - 0:02:29 - step 500 | loss 0.0215 | step time 288.30ms
INFO - 12/07/25 02:12:32 - 0:02:29 - step 500 train loss: 0.021242285147309303 test loss: 0.22265028953552246
INFO - 12/07/25 02:12:32 - 0:02:29 - test loss 0.22265028953552246 is the best so far, saving model to /home/yuebi/Project/dim24_run/dim24_run_1/1111/model.pt
INFO - 12/07/25 02:13:01 - 0:02:58 - step 600 | loss 0.0213 | step time 288.30ms
INFO - 12/07/25 02:13:30 - 0:03:27 - step 700 | loss 0.0222 | step time 288.17ms
INFO - 12/07/25 02:13:59 - 0:03:56 - step 800 | loss 0.0214 | step time 288.46ms
INFO - 12/07/25 02:14:28 - 0:04:25 - step 900 | loss 0.0223 | step time 288.11ms
INFO - 12/07/25 02:14:57 - 0:04:54 - step 1000 | loss 0.0216 | step time 288.21ms
INFO - 12/07/25 02:14:57 - 0:04:54 - step 1000 train loss: 0.021420801058411598 test loss: 0.41520586609840393
INFO - 12/07/25 02:15:26 - 0:05:23 - step 1100 | loss 0.0214 | step time 286.96ms
INFO - 12/07/25 02:15:54 - 0:05:51 - step 1200 | loss 0.0210 | step time 287.01ms
INFO - 12/07/25 02:16:23 - 0:06:20 - step 1300 | loss 0.0223 | step time 286.94ms
INFO - 12/07/25 02:16:52 - 0:06:49 - step 1400 | loss 0.0216 | step time 287.25ms
INFO - 12/07/25 02:17:20 - 0:07:17 - Memory allocated:  45.82MB, reserved: 3306.00MB
INFO - 12/07/25 02:17:20 - 0:07:17 - generating
INFO - 12/07/25 05:12:22 - 3:02:19 - distribution of sample lengths: average: 703.53572 max: 1135
INFO - 12/07/25 05:12:22 - 3:02:19 - printed 25000 samples
INFO - 12/07/25 05:12:22 - 3:02:19 - decoding
INFO - 12/07/25 05:12:23 - 3:02:20 - Decoding complete. Check the output in /home/yuebi/Project/dim24_run/dim24_run_1/1111/transformer-output-decoded.txt
INFO - 12/07/25 05:12:23 - 3:02:20 - Memory allocated:  45.82MB, reserved: 10106.00MB
INFO - 12/07/25 05:12:23 - 3:02:20 - ============ End of generation 4 ============
INFO - 12/07/25 05:12:23 - 3:02:20 - launching search.jl
INFO - 12/07/25 05:12:23 - 3:02:20 - JULIA_NUM_THREADS is set to 1
INFO - 12/07/25 05:14:52 - 3:04:49 - distribution of scores(all rounds)
INFO - 12/07/25 05:14:52 - 3:04:49 - Score:15237476000.0, Count:4
                                     
INFO - 12/07/25 05:14:52 - 3:04:49 - Score:8707129000.0, Count:2
                                     
INFO - 12/07/25 05:14:52 - 3:04:49 - Score:8336632000.0, Count:2
                                     
INFO - 12/07/25 05:14:52 - 3:04:49 - Score:8097031700.0, Count:2
                                     
INFO - 12/07/25 05:14:52 - 3:04:49 - Score:8008195600.0, Count:3
                                     
INFO - 12/07/25 05:14:52 - 3:04:49 - Score:7988403000.0, Count:4
                                     
INFO - 12/07/25 05:14:52 - 3:04:49 - Score:7942933500.0, Count:4
                                     
INFO - 12/07/25 05:14:52 - 3:04:49 - Score:7933113000.0, Count:1
                                     
INFO - 12/07/25 05:14:52 - 3:04:49 - Score:7927215000.0, Count:1
                                     
INFO - 12/07/25 05:14:52 - 3:04:49 - Score:7922168300.0, Count:3
                                     
INFO - 12/07/25 05:14:52 - 3:04:49 - Score:7885630000.0, Count:1
                                     
INFO - 12/07/25 05:14:52 - 3:04:49 - Score:7876999000.0, Count:4
                                     
INFO - 12/07/25 05:14:52 - 3:04:49 - Score:7871112700.0, Count:1
                                     
INFO - 12/07/25 05:14:52 - 3:04:49 - Score:7859643400.0, Count:4
                                     
INFO - 12/07/25 05:14:52 - 3:04:49 - Score:7815801300.0, Count:1
                                     
INFO - 12/07/25 05:14:52 - 3:04:49 - Score:7810363400.0, Count:3
                                     
INFO - 12/07/25 05:14:52 - 3:04:49 - Score:7805747700.0, Count:1
                                     
INFO - 12/07/25 05:14:52 - 3:04:49 - Score:7793501700.0, Count:1
                                     
INFO - 12/07/25 05:14:52 - 3:04:49 - Score:7787450000.0, Count:1
                                     
INFO - 12/07/25 05:14:52 - 3:04:49 - Score:7785565000.0, Count:1
                                     
INFO - 12/07/25 05:14:52 - 3:04:49 - Score:7784358400.0, Count:4
                                     
INFO - 12/07/25 05:14:52 - 3:04:49 - Score:7775856600.0, Count:1
                                     
INFO - 12/07/25 05:14:52 - 3:04:49 - Score:7761161700.0, Count:1
                                     
INFO - 12/07/25 05:14:52 - 3:04:49 - Score:7751596500.0, Count:4
                                     
INFO - 12/07/25 05:14:52 - 3:04:49 - Score:7745833000.0, Count:1
                                     
INFO - 12/07/25 05:14:52 - 3:04:49 - Score:7735538700.0, Count:1
                                     
INFO - 12/07/25 05:14:52 - 3:04:49 - Score:7731822600.0, Count:2
                                     
INFO - 12/07/25 05:14:52 - 3:04:49 - Score:7720295000.0, Count:4
                                     
INFO - 12/07/25 05:14:52 - 3:04:49 - Score:7718171600.0, Count:3
                                     
INFO - 12/07/25 05:14:52 - 3:04:49 - Score:7716649500.0, Count:4
                                     
INFO - 12/07/25 05:14:52 - 3:04:49 - Score:7709443600.0, Count:2
                                     
INFO - 12/07/25 05:14:52 - 3:04:49 - Score:7708205000.0, Count:4
                                     
INFO - 12/07/25 05:14:52 - 3:04:49 - Score:7699390000.0, Count:4
                                     
INFO - 12/07/25 05:14:52 - 3:04:49 - Score:7697949000.0, Count:3
                                     
INFO - 12/07/25 05:14:52 - 3:04:49 - Score:7685800000.0, Count:1
                                     
INFO - 12/07/25 05:14:52 - 3:04:49 - Score:7677686300.0, Count:1
                                     
INFO - 12/07/25 05:14:52 - 3:04:49 - Score:7648439000.0, Count:4
                                     
INFO - 12/07/25 05:14:52 - 3:04:49 - Score:7642008600.0, Count:4
                                     
INFO - 12/07/25 05:14:52 - 3:04:49 - Score:7632236000.0, Count:4
                                     
INFO - 12/07/25 05:14:52 - 3:04:49 - Score:7624922600.0, Count:1
                                     
INFO - 12/07/25 05:14:52 - 3:04:49 - Score:7624586000.0, Count:1
                                     
INFO - 12/07/25 05:14:52 - 3:04:49 - Score:7618818000.0, Count:2
                                     
INFO - 12/07/25 05:14:52 - 3:04:49 - tokenizing
INFO - 12/07/25 05:14:52 - 3:04:49 - Loading tokenizer from /home/yuebi/Project/dim24_run/dim24_run_1/1111/tokenizer_data/tokenizer.json...
INFO - 12/07/25 05:14:52 - 3:04:49 - 0 / 100
INFO - 12/07/25 05:14:52 - 3:04:49 - number of examples in the dataset: 100
INFO - 12/07/25 05:14:52 - 3:04:49 - max word length: 230
INFO - 12/07/25 05:14:52 - 3:04:49 - number of unique characters in the vocabulary: 15
INFO - 12/07/25 05:14:52 - 3:04:49 - vocabulary:
INFO - 12/07/25 05:14:52 - 3:04:49 - ['V0', 'V1', 'V2', 'V3', 'V4', 'V5', 'V6', 'V7', 'V8', 'V9', 'V10', 'V11', 'V12', 'V13', 'V14']
INFO - 12/07/25 05:14:52 - 3:04:49 - split up the dataset into 90 training examples and 10 test examples
INFO - 12/07/25 05:14:52 - 3:04:49 - ============ Start of generation 5 ============
INFO - 12/07/25 05:14:52 - 3:04:49 - Memory allocated:  45.82MB, reserved: 10106.00MB
INFO - 12/07/25 05:14:52 - 3:04:49 - training
INFO - 12/07/25 05:14:53 - 3:04:50 - step 0 | loss 2.0505 | step time 295.19ms
INFO - 12/07/25 05:15:21 - 3:05:18 - step 100 | loss 0.0246 | step time 287.51ms
INFO - 12/07/25 05:15:50 - 3:05:47 - step 200 | loss 0.0249 | step time 287.16ms
INFO - 12/07/25 05:16:19 - 3:06:16 - step 300 | loss 0.0226 | step time 287.34ms
INFO - 12/07/25 05:16:48 - 3:06:45 - step 400 | loss 0.0248 | step time 287.26ms
INFO - 12/07/25 05:17:16 - 3:07:13 - step 500 | loss 0.0227 | step time 287.42ms
INFO - 12/07/25 05:17:17 - 3:07:14 - step 500 train loss: 0.024077361449599266 test loss: 0.7600531578063965
INFO - 12/07/25 05:17:17 - 3:07:14 - test loss 0.7600531578063965 is the best so far, saving model to /home/yuebi/Project/dim24_run/dim24_run_1/1111/model.pt
INFO - 12/07/25 05:17:45 - 3:07:42 - step 600 | loss 0.0305 | step time 287.64ms
INFO - 12/07/25 05:18:14 - 3:08:11 - step 700 | loss 0.0215 | step time 287.59ms
INFO - 12/07/25 05:18:43 - 3:08:40 - step 800 | loss 0.0216 | step time 287.28ms
INFO - 12/07/25 05:19:12 - 3:09:09 - step 900 | loss 0.0218 | step time 287.63ms
INFO - 12/07/25 05:19:40 - 3:09:37 - step 1000 | loss 0.0218 | step time 287.21ms
INFO - 12/07/25 05:19:41 - 3:09:38 - step 1000 train loss: 0.021539432927966118 test loss: 0.8575427532196045
INFO - 12/07/25 05:20:09 - 3:10:06 - step 1100 | loss 0.0223 | step time 287.77ms
INFO - 12/07/25 05:20:38 - 3:10:35 - step 1200 | loss 0.0214 | step time 287.69ms
INFO - 12/07/25 05:21:07 - 3:11:04 - step 1300 | loss 0.0207 | step time 287.51ms
INFO - 12/07/25 05:21:36 - 3:11:33 - step 1400 | loss 0.0216 | step time 287.44ms
INFO - 12/07/25 05:22:04 - 3:12:01 - Memory allocated:  45.82MB, reserved: 10106.00MB
INFO - 12/07/25 05:22:04 - 3:12:01 - generating
INFO - 12/07/25 05:30:10 - 0:00:00 - ============ Initialized logger ============
INFO - 12/07/25 05:30:10 - 0:00:00 - batch_size: 32
                                     command: python fc_loop.py --exp_name=dim24_run_1 --dump_path=/home/yuebi/Project/dim24_run --num_initial_empty_objects=800 --final_database_size=100 --target_db_size=100 --nb_local_searches=1000 --max_epochs=20 --type=transformer --max-output-length=350 --sample-only=25000 --max-steps=1500 --n_tokens=15 --n-layer=8 --n-embd=128 --n-embd2=128 --exp_id=1111 --exp_id "1111"
                                     cpu: False
                                     debug: False
                                     debug_slurm: False
                                     dump_path: /home/yuebi/Project/dim24_run/dim24_run_1/1111
                                     exp_id: 1111
                                     exp_name: dim24_run_1
                                     final_database_size: 100
                                     gen_batch_size: 1000
                                     global_rank: 0
                                     is_master: True
                                     is_slurm_job: True
                                     learning_rate: 0.0005
                                     local_rank: 0
                                     master_addr: gpu-6
                                     master_port: -1
                                     max_epochs: 20
                                     max_output_length: 350
                                     max_steps: 1500
                                     multi_gpu: False
                                     multi_node: False
                                     n_embd: 128
                                     n_embd2: 128
                                     n_gpu_per_node: 1
                                     n_head: 8
                                     n_layer: 8
                                     n_nodes: 1
                                     n_tokens: 15
                                     nb_local_searches: 1000
                                     nb_threads: 1
                                     node_id: 0
                                     num_initial_empty_objects: 800
                                     num_workers: 8
                                     sample_only: 25000
                                     seed: -1
                                     target_db_size: 100
                                     temperature: 1.0
                                     top_k: -1
                                     type: transformer
                                     weight_decay: 0.01
                                     world_size: 1
INFO - 12/07/25 05:30:10 - 0:00:00 - The experiment will be stored in /home/yuebi/Project/dim24_run/dim24_run_1/1111
                                     
INFO - 12/07/25 05:30:10 - 0:00:00 - Running command: python fc_loop.py --exp_name=dim24_run_1 --dump_path=/home/yuebi/Project/dim24_run --num_initial_empty_objects=800 --final_database_size=100 --target_db_size=100 --nb_local_searches=1000 --max_epochs=20 --type=transformer --max-output-length=350 --sample-only=25000 --max-steps=1500 --n_tokens=15 --n-layer=8 --n-embd=128 --n-embd2=128 --exp_id=1111

WARNING - 12/07/25 05:30:10 - 0:00:00 - Signal handler installed.
INFO - 12/07/25 05:30:10 - 0:00:00 - seed: 13415674
INFO - 12/07/25 05:30:10 - 0:00:00 - initializing at generation: 5
INFO - 12/07/25 05:30:10 - 0:00:00 - number of examples in the dataset: 100
INFO - 12/07/25 05:30:10 - 0:00:00 - max word length: 230
INFO - 12/07/25 05:30:10 - 0:00:00 - number of unique characters in the vocabulary: 15
INFO - 12/07/25 05:30:10 - 0:00:00 - vocabulary:
INFO - 12/07/25 05:30:10 - 0:00:00 - ['V0', 'V1', 'V2', 'V3', 'V4', 'V5', 'V6', 'V7', 'V8', 'V9', 'V10', 'V11', 'V12', 'V13', 'V14']
INFO - 12/07/25 05:30:10 - 0:00:00 - split up the dataset into 90 training examples and 10 test examples
INFO - 12/07/25 05:30:10 - 0:00:00 - dataset determined that: vocab_size=16, block_size=351
INFO - 12/07/25 05:30:10 - 0:00:00 - model #params: 1635456
INFO - 12/07/25 05:30:10 - 0:00:00 - resuming from existing model
INFO - 12/07/25 05:30:10 - 0:00:00 - ============ Start of generation 5 ============
INFO - 12/07/25 05:30:10 - 0:00:00 - Memory allocated:  10.00MB, reserved: 22.00MB
INFO - 12/07/25 05:30:10 - 0:00:00 - training
INFO - 12/07/25 05:30:15 - 0:00:05 - step 0 | loss 0.0423 | step time 633.63ms
INFO - 12/07/25 05:30:44 - 0:00:34 - step 100 | loss 0.0232 | step time 287.28ms
INFO - 12/07/25 05:31:12 - 0:01:02 - step 200 | loss 0.0209 | step time 287.08ms
INFO - 12/07/25 05:31:41 - 0:01:31 - step 300 | loss 0.0245 | step time 287.48ms
INFO - 12/07/25 05:32:10 - 0:02:00 - step 400 | loss 0.0217 | step time 287.38ms
INFO - 12/07/25 05:32:39 - 0:02:29 - step 500 | loss 0.0212 | step time 287.12ms
INFO - 12/07/25 05:32:39 - 0:02:29 - step 500 train loss: 0.021440599113702774 test loss: 0.2822604179382324
INFO - 12/07/25 05:32:39 - 0:02:29 - test loss 0.2822604179382324 is the best so far, saving model to /home/yuebi/Project/dim24_run/dim24_run_1/1111/model.pt
INFO - 12/07/25 05:33:08 - 0:02:58 - step 600 | loss 0.0216 | step time 287.11ms
INFO - 12/07/25 05:33:36 - 0:03:26 - step 700 | loss 0.0553 | step time 287.40ms
INFO - 12/07/25 05:34:05 - 0:03:55 - step 800 | loss 0.0210 | step time 287.12ms
INFO - 12/07/25 05:34:34 - 0:04:24 - step 900 | loss 0.0217 | step time 287.42ms
INFO - 12/07/25 05:35:03 - 0:04:53 - step 1000 | loss 0.0213 | step time 287.61ms
INFO - 12/07/25 05:35:03 - 0:04:53 - step 1000 train loss: 0.02123541757464409 test loss: 0.45974957942962646
INFO - 12/07/25 05:35:32 - 0:05:22 - step 1100 | loss 0.0210 | step time 287.29ms
INFO - 12/07/25 05:36:00 - 0:05:50 - step 1200 | loss 0.0224 | step time 287.32ms
INFO - 12/07/25 05:36:29 - 0:06:19 - step 1300 | loss 0.0211 | step time 287.15ms
INFO - 12/07/25 05:36:58 - 0:06:48 - step 1400 | loss 0.0213 | step time 288.26ms
INFO - 12/07/25 05:37:26 - 0:07:16 - Memory allocated:  45.82MB, reserved: 3306.00MB
INFO - 12/07/25 05:37:26 - 0:07:16 - generating
INFO - 12/07/25 08:32:28 - 3:02:18 - distribution of sample lengths: average: 704.64488 max: 1114
INFO - 12/07/25 08:32:28 - 3:02:18 - printed 25000 samples
INFO - 12/07/25 08:32:28 - 3:02:18 - decoding
INFO - 12/07/25 08:32:30 - 3:02:20 - Decoding complete. Check the output in /home/yuebi/Project/dim24_run/dim24_run_1/1111/transformer-output-decoded.txt
INFO - 12/07/25 08:32:30 - 3:02:20 - Memory allocated:  45.82MB, reserved: 10106.00MB
INFO - 12/07/25 08:32:30 - 3:02:20 - ============ End of generation 5 ============
INFO - 12/07/25 08:32:30 - 3:02:20 - launching search.jl
INFO - 12/07/25 08:32:30 - 3:02:20 - JULIA_NUM_THREADS is set to 1
INFO - 12/07/25 08:45:22 - 3:15:12 - distribution of scores(all rounds)
INFO - 12/07/25 08:45:22 - 3:15:12 - Score:15237476000.0, Count:5
                                     
INFO - 12/07/25 08:45:22 - 3:15:12 - Score:8707129000.0, Count:3
                                     
INFO - 12/07/25 08:45:22 - 3:15:12 - Score:8336632000.0, Count:3
                                     
INFO - 12/07/25 08:45:22 - 3:15:12 - Score:8097031700.0, Count:3
                                     
INFO - 12/07/25 08:45:22 - 3:15:12 - Score:8020934000.0, Count:1
                                     
INFO - 12/07/25 08:45:22 - 3:15:12 - Score:8008195600.0, Count:4
                                     
INFO - 12/07/25 08:45:22 - 3:15:12 - Score:7988403000.0, Count:5
                                     
INFO - 12/07/25 08:45:22 - 3:15:12 - Score:7942933500.0, Count:5
                                     
INFO - 12/07/25 08:45:22 - 3:15:12 - Score:7933113000.0, Count:2
                                     
INFO - 12/07/25 08:45:22 - 3:15:12 - Score:7927215000.0, Count:2
                                     
INFO - 12/07/25 08:45:22 - 3:15:12 - Score:7922168300.0, Count:4
                                     
INFO - 12/07/25 08:45:22 - 3:15:12 - Score:7885630000.0, Count:2
                                     
INFO - 12/07/25 08:45:22 - 3:15:12 - Score:7878413300.0, Count:1
                                     
INFO - 12/07/25 08:45:22 - 3:15:12 - Score:7876999000.0, Count:5
                                     
INFO - 12/07/25 08:45:22 - 3:15:12 - Score:7871112700.0, Count:2
                                     
INFO - 12/07/25 08:45:22 - 3:15:12 - Score:7859643400.0, Count:5
                                     
INFO - 12/07/25 08:45:22 - 3:15:12 - Score:7854549500.0, Count:1
                                     
INFO - 12/07/25 08:45:22 - 3:15:12 - Score:7852583000.0, Count:1
                                     
INFO - 12/07/25 08:45:22 - 3:15:12 - Score:7815801300.0, Count:2
                                     
INFO - 12/07/25 08:45:22 - 3:15:12 - Score:7810363400.0, Count:4
                                     
INFO - 12/07/25 08:45:22 - 3:15:12 - Score:7805747700.0, Count:2
                                     
INFO - 12/07/25 08:45:22 - 3:15:12 - Score:7793501700.0, Count:2
                                     
INFO - 12/07/25 08:45:22 - 3:15:12 - Score:7787450000.0, Count:2
                                     
INFO - 12/07/25 08:45:22 - 3:15:12 - Score:7785565000.0, Count:2
                                     
INFO - 12/07/25 08:45:22 - 3:15:12 - Score:7784358400.0, Count:5
                                     
INFO - 12/07/25 08:45:22 - 3:15:12 - Score:7775856600.0, Count:2
                                     
INFO - 12/07/25 08:45:22 - 3:15:12 - Score:7761161700.0, Count:2
                                     
INFO - 12/07/25 08:45:22 - 3:15:12 - Score:7751596500.0, Count:5
                                     
INFO - 12/07/25 08:45:22 - 3:15:12 - Score:7745833000.0, Count:2
                                     
INFO - 12/07/25 08:45:22 - 3:15:12 - Score:7744392700.0, Count:1
                                     
INFO - 12/07/25 08:45:22 - 3:15:12 - Score:7735538700.0, Count:2
                                     
INFO - 12/07/25 08:45:22 - 3:15:12 - Score:7734211600.0, Count:1
                                     
INFO - 12/07/25 08:45:22 - 3:15:12 - Score:7731822600.0, Count:3
                                     
INFO - 12/07/25 08:45:22 - 3:15:12 - Score:7720295000.0, Count:5
                                     
INFO - 12/07/25 08:45:22 - 3:15:12 - Score:7718545000.0, Count:1
                                     
INFO - 12/07/25 08:45:22 - 3:15:12 - Score:7718171600.0, Count:3
                                     
INFO - 12/07/25 08:45:22 - 3:15:12 - tokenizing
INFO - 12/07/25 08:45:22 - 3:15:12 - Loading tokenizer from /home/yuebi/Project/dim24_run/dim24_run_1/1111/tokenizer_data/tokenizer.json...
INFO - 12/07/25 08:45:22 - 3:15:12 - 0 / 100
INFO - 12/07/25 08:45:22 - 3:15:12 - number of examples in the dataset: 100
INFO - 12/07/25 08:45:22 - 3:15:12 - max word length: 230
INFO - 12/07/25 08:45:22 - 3:15:12 - number of unique characters in the vocabulary: 15
INFO - 12/07/25 08:45:22 - 3:15:12 - vocabulary:
INFO - 12/07/25 08:45:22 - 3:15:12 - ['V0', 'V1', 'V2', 'V3', 'V4', 'V5', 'V6', 'V7', 'V8', 'V9', 'V10', 'V11', 'V12', 'V13', 'V14']
INFO - 12/07/25 08:45:22 - 3:15:12 - split up the dataset into 90 training examples and 10 test examples
INFO - 12/07/25 08:45:22 - 3:15:12 - ============ Start of generation 6 ============
INFO - 12/07/25 08:45:22 - 3:15:12 - Memory allocated:  45.82MB, reserved: 10106.00MB
INFO - 12/07/25 08:45:22 - 3:15:12 - training
INFO - 12/07/25 08:45:22 - 3:15:12 - step 0 | loss 0.8096 | step time 295.42ms
INFO - 12/07/25 08:45:51 - 3:15:41 - step 100 | loss 0.0213 | step time 287.21ms
INFO - 12/07/25 08:46:20 - 3:16:10 - step 200 | loss 0.0219 | step time 287.80ms
INFO - 12/07/25 08:46:48 - 3:16:38 - step 300 | loss 0.0216 | step time 287.61ms
INFO - 12/07/25 08:47:17 - 3:17:07 - step 400 | loss 0.0213 | step time 287.21ms
INFO - 12/07/25 08:47:46 - 3:17:36 - step 500 | loss 0.0330 | step time 287.58ms
INFO - 12/07/25 08:47:46 - 3:17:36 - step 500 train loss: 0.032751694321632385 test loss: 0.18448534607887268
INFO - 12/07/25 08:47:46 - 3:17:36 - test loss 0.18448534607887268 is the best so far, saving model to /home/yuebi/Project/dim24_run/dim24_run_1/1111/model.pt
INFO - 12/07/25 08:48:15 - 3:18:05 - step 600 | loss 0.0217 | step time 287.54ms
INFO - 12/07/25 08:48:44 - 3:18:34 - step 700 | loss 0.0213 | step time 287.33ms
INFO - 12/07/25 08:49:12 - 3:19:02 - step 800 | loss 0.0214 | step time 287.71ms
INFO - 12/07/25 08:49:41 - 3:19:31 - step 900 | loss 0.0208 | step time 287.36ms
INFO - 12/07/25 08:50:10 - 3:20:00 - step 1000 | loss 0.0357 | step time 287.45ms
INFO - 12/07/25 08:50:10 - 3:20:00 - step 1000 train loss: 0.03789597377181053 test loss: 0.35249781608581543
INFO - 12/07/25 08:50:17 - 0:00:00 - ============ Initialized logger ============
INFO - 12/07/25 08:50:17 - 0:00:00 - batch_size: 32
                                     command: python fc_loop.py --exp_name=dim24_run_1 --dump_path=/home/yuebi/Project/dim24_run --num_initial_empty_objects=800 --final_database_size=100 --target_db_size=100 --nb_local_searches=1000 --max_epochs=20 --type=transformer --max-output-length=350 --sample-only=25000 --max-steps=1500 --n_tokens=15 --n-layer=8 --n-embd=128 --n-embd2=128 --exp_id=1111 --exp_id "1111"
                                     cpu: False
                                     debug: False
                                     debug_slurm: False
                                     dump_path: /home/yuebi/Project/dim24_run/dim24_run_1/1111
                                     exp_id: 1111
                                     exp_name: dim24_run_1
                                     final_database_size: 100
                                     gen_batch_size: 1000
                                     global_rank: 0
                                     is_master: True
                                     is_slurm_job: True
                                     learning_rate: 0.0005
                                     local_rank: 0
                                     master_addr: gpu-6
                                     master_port: -1
                                     max_epochs: 20
                                     max_output_length: 350
                                     max_steps: 1500
                                     multi_gpu: False
                                     multi_node: False
                                     n_embd: 128
                                     n_embd2: 128
                                     n_gpu_per_node: 1
                                     n_head: 8
                                     n_layer: 8
                                     n_nodes: 1
                                     n_tokens: 15
                                     nb_local_searches: 1000
                                     nb_threads: 1
                                     node_id: 0
                                     num_initial_empty_objects: 800
                                     num_workers: 8
                                     sample_only: 25000
                                     seed: -1
                                     target_db_size: 100
                                     temperature: 1.0
                                     top_k: -1
                                     type: transformer
                                     weight_decay: 0.01
                                     world_size: 1
INFO - 12/07/25 08:50:17 - 0:00:00 - The experiment will be stored in /home/yuebi/Project/dim24_run/dim24_run_1/1111
                                     
INFO - 12/07/25 08:50:17 - 0:00:00 - Running command: python fc_loop.py --exp_name=dim24_run_1 --dump_path=/home/yuebi/Project/dim24_run --num_initial_empty_objects=800 --final_database_size=100 --target_db_size=100 --nb_local_searches=1000 --max_epochs=20 --type=transformer --max-output-length=350 --sample-only=25000 --max-steps=1500 --n_tokens=15 --n-layer=8 --n-embd=128 --n-embd2=128 --exp_id=1111

WARNING - 12/07/25 08:50:17 - 0:00:00 - Signal handler installed.
INFO - 12/07/25 08:50:17 - 0:00:00 - seed: 424051892
INFO - 12/07/25 08:50:17 - 0:00:00 - initializing at generation: 6
INFO - 12/07/25 08:50:17 - 0:00:00 - number of examples in the dataset: 100
INFO - 12/07/25 08:50:17 - 0:00:00 - max word length: 230
INFO - 12/07/25 08:50:17 - 0:00:00 - number of unique characters in the vocabulary: 15
INFO - 12/07/25 08:50:17 - 0:00:00 - vocabulary:
INFO - 12/07/25 08:50:17 - 0:00:00 - ['V0', 'V1', 'V2', 'V3', 'V4', 'V5', 'V6', 'V7', 'V8', 'V9', 'V10', 'V11', 'V12', 'V13', 'V14']
INFO - 12/07/25 08:50:17 - 0:00:00 - split up the dataset into 90 training examples and 10 test examples
INFO - 12/07/25 08:50:17 - 0:00:00 - dataset determined that: vocab_size=16, block_size=351
INFO - 12/07/25 08:50:17 - 0:00:00 - model #params: 1635456
INFO - 12/07/25 08:50:17 - 0:00:00 - resuming from existing model
INFO - 12/07/25 08:50:17 - 0:00:00 - ============ Start of generation 6 ============
INFO - 12/07/25 08:50:17 - 0:00:00 - Memory allocated:  10.00MB, reserved: 22.00MB
INFO - 12/07/25 08:50:17 - 0:00:00 - training
INFO - 12/07/25 08:50:22 - 0:00:05 - step 0 | loss 0.0385 | step time 625.50ms
INFO - 12/07/25 08:50:51 - 0:00:34 - step 100 | loss 0.0218 | step time 287.12ms
INFO - 12/07/25 08:51:20 - 0:01:03 - step 200 | loss 0.0214 | step time 287.24ms
INFO - 12/07/25 08:51:48 - 0:01:31 - step 300 | loss 0.0202 | step time 287.42ms
INFO - 12/07/25 08:52:17 - 0:02:00 - step 400 | loss 0.0246 | step time 286.94ms
INFO - 12/07/25 08:52:46 - 0:02:29 - step 500 | loss 0.0207 | step time 287.04ms
INFO - 12/07/25 08:52:46 - 0:02:29 - step 500 train loss: 0.020865987986326218 test loss: 0.22953101992607117
INFO - 12/07/25 08:52:46 - 0:02:29 - test loss 0.22953101992607117 is the best so far, saving model to /home/yuebi/Project/dim24_run/dim24_run_1/1111/model.pt
INFO - 12/07/25 08:53:15 - 0:02:58 - step 600 | loss 0.0201 | step time 287.16ms
INFO - 12/07/25 08:53:43 - 0:03:26 - step 700 | loss 0.0210 | step time 286.86ms
INFO - 12/07/25 08:54:12 - 0:03:55 - step 800 | loss 0.0212 | step time 287.27ms
INFO - 12/07/25 08:54:41 - 0:04:24 - step 900 | loss 0.0223 | step time 287.48ms
INFO - 12/07/25 08:55:10 - 0:04:53 - step 1000 | loss 0.0220 | step time 287.42ms
INFO - 12/07/25 08:55:10 - 0:04:53 - step 1000 train loss: 0.021301643922924995 test loss: 0.2207878679037094
INFO - 12/07/25 08:55:10 - 0:04:53 - test loss 0.2207878679037094 is the best so far, saving model to /home/yuebi/Project/dim24_run/dim24_run_1/1111/model.pt
INFO - 12/07/25 08:55:39 - 0:05:22 - step 1100 | loss 0.0215 | step time 287.31ms
INFO - 12/07/25 08:56:07 - 0:05:50 - step 1200 | loss 0.0210 | step time 287.07ms
INFO - 12/07/25 08:56:36 - 0:06:19 - step 1300 | loss 0.0209 | step time 287.23ms
INFO - 12/07/25 08:57:05 - 0:06:48 - step 1400 | loss 0.0212 | step time 287.26ms
INFO - 12/07/25 08:57:33 - 0:07:16 - Memory allocated:  45.82MB, reserved: 3306.00MB
INFO - 12/07/25 08:57:33 - 0:07:16 - generating
INFO - 12/07/25 11:52:36 - 3:02:19 - distribution of sample lengths: average: 701.9926 max: 730
INFO - 12/07/25 11:52:36 - 3:02:19 - printed 25000 samples
INFO - 12/07/25 11:52:36 - 3:02:19 - decoding
INFO - 12/07/25 11:52:37 - 3:02:21 - Decoding complete. Check the output in /home/yuebi/Project/dim24_run/dim24_run_1/1111/transformer-output-decoded.txt
INFO - 12/07/25 11:52:37 - 3:02:21 - Memory allocated:  45.82MB, reserved: 10106.00MB
INFO - 12/07/25 11:52:37 - 3:02:21 - ============ End of generation 6 ============
INFO - 12/07/25 11:52:37 - 3:02:21 - launching search.jl
INFO - 12/07/25 11:52:37 - 3:02:21 - JULIA_NUM_THREADS is set to 1
INFO - 12/07/25 12:05:48 - 3:15:31 - distribution of scores(all rounds)
INFO - 12/07/25 12:05:48 - 3:15:31 - Score:15237476000.0, Count:6
                                     
INFO - 12/07/25 12:05:48 - 3:15:31 - Score:8707129000.0, Count:4
                                     
INFO - 12/07/25 12:05:48 - 3:15:31 - Score:8336632000.0, Count:4
                                     
INFO - 12/07/25 12:05:48 - 3:15:31 - Score:8097031700.0, Count:4
                                     
INFO - 12/07/25 12:05:48 - 3:15:31 - Score:8020934000.0, Count:2
                                     
INFO - 12/07/25 12:05:48 - 3:15:31 - Score:8008195600.0, Count:5
                                     
INFO - 12/07/25 12:05:48 - 3:15:31 - Score:7988403000.0, Count:6
                                     
INFO - 12/07/25 12:05:48 - 3:15:31 - Score:7942933500.0, Count:6
                                     
INFO - 12/07/25 12:05:48 - 3:15:31 - Score:7933113000.0, Count:3
                                     
INFO - 12/07/25 12:05:48 - 3:15:31 - Score:7927215000.0, Count:3
                                     
INFO - 12/07/25 12:05:48 - 3:15:31 - Score:7922168300.0, Count:5
                                     
INFO - 12/07/25 12:05:48 - 3:15:31 - Score:7885630000.0, Count:3
                                     
INFO - 12/07/25 12:05:48 - 3:15:31 - Score:7878413300.0, Count:2
                                     
INFO - 12/07/25 12:05:48 - 3:15:31 - Score:7876999000.0, Count:6
                                     
INFO - 12/07/25 12:05:48 - 3:15:31 - Score:7871112700.0, Count:3
                                     
INFO - 12/07/25 12:05:48 - 3:15:31 - Score:7859643400.0, Count:6
                                     
INFO - 12/07/25 12:05:48 - 3:15:31 - Score:7854549500.0, Count:2
                                     
INFO - 12/07/25 12:05:48 - 3:15:31 - Score:7852583000.0, Count:2
                                     
INFO - 12/07/25 12:05:48 - 3:15:31 - Score:7815801300.0, Count:3
                                     
INFO - 12/07/25 12:05:48 - 3:15:31 - Score:7810363400.0, Count:5
                                     
INFO - 12/07/25 12:05:48 - 3:15:31 - Score:7805747700.0, Count:3
                                     
INFO - 12/07/25 12:05:48 - 3:15:31 - Score:7793501700.0, Count:3
                                     
INFO - 12/07/25 12:05:48 - 3:15:31 - Score:7787450000.0, Count:3
                                     
INFO - 12/07/25 12:05:48 - 3:15:31 - Score:7785565000.0, Count:3
                                     
INFO - 12/07/25 12:05:48 - 3:15:31 - Score:7784358400.0, Count:6
                                     
INFO - 12/07/25 12:05:48 - 3:15:31 - Score:7775856600.0, Count:2
                                     
INFO - 12/07/25 12:05:48 - 3:15:31 - tokenizing
INFO - 12/07/25 12:05:48 - 3:15:31 - Loading tokenizer from /home/yuebi/Project/dim24_run/dim24_run_1/1111/tokenizer_data/tokenizer.json...
INFO - 12/07/25 12:05:48 - 3:15:31 - 0 / 100
INFO - 12/07/25 12:05:48 - 3:15:31 - number of examples in the dataset: 100
INFO - 12/07/25 12:05:48 - 3:15:31 - max word length: 230
INFO - 12/07/25 12:05:48 - 3:15:31 - number of unique characters in the vocabulary: 15
INFO - 12/07/25 12:05:48 - 3:15:31 - vocabulary:
INFO - 12/07/25 12:05:48 - 3:15:31 - ['V0', 'V1', 'V2', 'V3', 'V4', 'V5', 'V6', 'V7', 'V8', 'V9', 'V10', 'V11', 'V12', 'V13', 'V14']
INFO - 12/07/25 12:05:48 - 3:15:31 - split up the dataset into 90 training examples and 10 test examples
INFO - 12/07/25 12:05:48 - 3:15:31 - ============ Start of generation 7 ============
INFO - 12/07/25 12:05:48 - 3:15:31 - Memory allocated:  45.82MB, reserved: 10106.00MB
INFO - 12/07/25 12:05:48 - 3:15:31 - training
INFO - 12/07/25 12:05:49 - 3:15:32 - step 0 | loss 0.3528 | step time 295.12ms
INFO - 12/07/25 12:06:18 - 3:16:01 - step 100 | loss 0.0212 | step time 287.42ms
INFO - 12/07/25 12:06:46 - 3:16:29 - step 200 | loss 0.0203 | step time 287.79ms
INFO - 12/07/25 12:07:15 - 3:16:58 - step 300 | loss 0.0210 | step time 287.28ms
INFO - 12/07/25 12:07:44 - 3:17:27 - step 400 | loss 0.0212 | step time 287.39ms
INFO - 12/07/25 12:08:13 - 3:17:56 - step 500 | loss 0.0416 | step time 287.49ms
INFO - 12/07/25 12:08:13 - 3:17:56 - step 500 train loss: 0.04180602356791496 test loss: 0.14704111218452454
INFO - 12/07/25 12:08:13 - 3:17:56 - test loss 0.14704111218452454 is the best so far, saving model to /home/yuebi/Project/dim24_run/dim24_run_1/1111/model.pt
INFO - 12/07/25 12:08:42 - 3:18:25 - step 600 | loss 0.0206 | step time 287.44ms
INFO - 12/07/25 12:09:10 - 3:18:53 - step 700 | loss 0.0212 | step time 287.23ms
INFO - 12/07/25 12:09:39 - 3:19:22 - step 800 | loss 0.0212 | step time 287.31ms
INFO - 12/07/25 12:10:08 - 3:19:51 - step 900 | loss 0.0212 | step time 287.37ms
INFO - 12/07/25 12:10:26 - 0:00:00 - ============ Initialized logger ============
INFO - 12/07/25 12:10:26 - 0:00:00 - batch_size: 32
                                     command: python fc_loop.py --exp_name=dim24_run_1 --dump_path=/home/yuebi/Project/dim24_run --num_initial_empty_objects=800 --final_database_size=100 --target_db_size=100 --nb_local_searches=1000 --max_epochs=20 --type=transformer --max-output-length=350 --sample-only=25000 --max-steps=1500 --n_tokens=15 --n-layer=8 --n-embd=128 --n-embd2=128 --exp_id=1111 --exp_id "1111"
                                     cpu: False
                                     debug: False
                                     debug_slurm: False
                                     dump_path: /home/yuebi/Project/dim24_run/dim24_run_1/1111
                                     exp_id: 1111
                                     exp_name: dim24_run_1
                                     final_database_size: 100
                                     gen_batch_size: 1000
                                     global_rank: 0
                                     is_master: True
                                     is_slurm_job: True
                                     learning_rate: 0.0005
                                     local_rank: 0
                                     master_addr: gpu-6
                                     master_port: -1
                                     max_epochs: 20
                                     max_output_length: 350
                                     max_steps: 1500
                                     multi_gpu: False
                                     multi_node: False
                                     n_embd: 128
                                     n_embd2: 128
                                     n_gpu_per_node: 1
                                     n_head: 8
                                     n_layer: 8
                                     n_nodes: 1
                                     n_tokens: 15
                                     nb_local_searches: 1000
                                     nb_threads: 1
                                     node_id: 0
                                     num_initial_empty_objects: 800
                                     num_workers: 8
                                     sample_only: 25000
                                     seed: -1
                                     target_db_size: 100
                                     temperature: 1.0
                                     top_k: -1
                                     type: transformer
                                     weight_decay: 0.01
                                     world_size: 1
INFO - 12/07/25 12:10:26 - 0:00:00 - The experiment will be stored in /home/yuebi/Project/dim24_run/dim24_run_1/1111
                                     
INFO - 12/07/25 12:10:26 - 0:00:00 - Running command: python fc_loop.py --exp_name=dim24_run_1 --dump_path=/home/yuebi/Project/dim24_run --num_initial_empty_objects=800 --final_database_size=100 --target_db_size=100 --nb_local_searches=1000 --max_epochs=20 --type=transformer --max-output-length=350 --sample-only=25000 --max-steps=1500 --n_tokens=15 --n-layer=8 --n-embd=128 --n-embd2=128 --exp_id=1111

WARNING - 12/07/25 12:10:26 - 0:00:00 - Signal handler installed.
INFO - 12/07/25 12:10:26 - 0:00:00 - seed: 984923339
INFO - 12/07/25 12:10:26 - 0:00:00 - initializing at generation: 7
INFO - 12/07/25 12:10:26 - 0:00:00 - number of examples in the dataset: 100
INFO - 12/07/25 12:10:26 - 0:00:00 - max word length: 230
INFO - 12/07/25 12:10:26 - 0:00:00 - number of unique characters in the vocabulary: 15
INFO - 12/07/25 12:10:26 - 0:00:00 - vocabulary:
INFO - 12/07/25 12:10:26 - 0:00:00 - ['V0', 'V1', 'V2', 'V3', 'V4', 'V5', 'V6', 'V7', 'V8', 'V9', 'V10', 'V11', 'V12', 'V13', 'V14']
INFO - 12/07/25 12:10:26 - 0:00:00 - split up the dataset into 90 training examples and 10 test examples
INFO - 12/07/25 12:10:26 - 0:00:00 - dataset determined that: vocab_size=16, block_size=351
INFO - 12/07/25 12:10:26 - 0:00:00 - model #params: 1635456
INFO - 12/07/25 12:10:26 - 0:00:00 - resuming from existing model
INFO - 12/07/25 12:10:26 - 0:00:00 - ============ Start of generation 7 ============
INFO - 12/07/25 12:10:26 - 0:00:00 - Memory allocated:  10.00MB, reserved: 22.00MB
INFO - 12/07/25 12:10:26 - 0:00:00 - training
INFO - 12/07/25 12:10:31 - 0:00:05 - step 0 | loss 0.0543 | step time 627.91ms
INFO - 12/07/25 12:11:00 - 0:00:34 - step 100 | loss 0.0206 | step time 286.99ms
INFO - 12/07/25 12:11:29 - 0:01:03 - step 200 | loss 0.0209 | step time 287.50ms
INFO - 12/07/25 12:11:57 - 0:01:31 - step 300 | loss 0.0207 | step time 287.37ms
INFO - 12/07/25 12:12:26 - 0:02:00 - step 400 | loss 0.0290 | step time 287.05ms
INFO - 12/07/25 12:12:55 - 0:02:29 - step 500 | loss 0.0209 | step time 287.43ms
INFO - 12/07/25 12:12:55 - 0:02:29 - step 500 train loss: 0.020813487470149994 test loss: 0.1751473844051361
INFO - 12/07/25 12:12:55 - 0:02:29 - test loss 0.1751473844051361 is the best so far, saving model to /home/yuebi/Project/dim24_run/dim24_run_1/1111/model.pt
INFO - 12/07/25 12:13:24 - 0:02:58 - step 600 | loss 0.0205 | step time 286.75ms
INFO - 12/07/25 12:13:53 - 0:03:27 - step 700 | loss 0.0216 | step time 287.08ms
INFO - 12/07/25 12:14:21 - 0:03:55 - step 800 | loss 0.0203 | step time 287.32ms
INFO - 12/07/25 12:14:50 - 0:04:24 - step 900 | loss 0.0212 | step time 287.36ms
INFO - 12/07/25 12:15:19 - 0:04:53 - step 1000 | loss 0.0205 | step time 287.24ms
INFO - 12/07/25 12:15:19 - 0:04:53 - step 1000 train loss: 0.02135935053229332 test loss: 0.1517111361026764
INFO - 12/07/25 12:15:19 - 0:04:53 - test loss 0.1517111361026764 is the best so far, saving model to /home/yuebi/Project/dim24_run/dim24_run_1/1111/model.pt
INFO - 12/07/25 12:15:48 - 0:05:22 - step 1100 | loss 0.0217 | step time 287.32ms
INFO - 12/07/25 12:16:17 - 0:05:51 - step 1200 | loss 0.0212 | step time 287.18ms
INFO - 12/07/25 12:16:45 - 0:06:19 - step 1300 | loss 0.0211 | step time 287.43ms
INFO - 12/07/25 12:17:14 - 0:06:48 - step 1400 | loss 0.0202 | step time 287.11ms
INFO - 12/07/25 12:17:42 - 0:07:16 - Memory allocated:  45.82MB, reserved: 3306.00MB
INFO - 12/07/25 12:17:42 - 0:07:16 - generating
INFO - 12/07/25 15:12:46 - 3:02:20 - distribution of sample lengths: average: 702.22304 max: 1108
INFO - 12/07/25 15:12:46 - 3:02:20 - printed 25000 samples
INFO - 12/07/25 15:12:46 - 3:02:20 - decoding
INFO - 12/07/25 15:12:47 - 3:02:21 - Decoding complete. Check the output in /home/yuebi/Project/dim24_run/dim24_run_1/1111/transformer-output-decoded.txt
INFO - 12/07/25 15:12:47 - 3:02:21 - Memory allocated:  45.82MB, reserved: 10106.00MB
INFO - 12/07/25 15:12:47 - 3:02:21 - ============ End of generation 7 ============
INFO - 12/07/25 15:12:47 - 3:02:21 - launching search.jl
INFO - 12/07/25 15:12:47 - 3:02:21 - JULIA_NUM_THREADS is set to 1
INFO - 12/07/25 15:26:09 - 3:15:43 - distribution of scores(all rounds)
INFO - 12/07/25 15:26:09 - 3:15:43 - Score:15237476000.0, Count:7
                                     
INFO - 12/07/25 15:26:09 - 3:15:43 - Score:8707129000.0, Count:5
                                     
INFO - 12/07/25 15:26:09 - 3:15:43 - Score:8336632000.0, Count:5
                                     
INFO - 12/07/25 15:26:09 - 3:15:43 - Score:8097031700.0, Count:5
                                     
INFO - 12/07/25 15:26:09 - 3:15:43 - Score:8020934000.0, Count:3
                                     
INFO - 12/07/25 15:26:09 - 3:15:43 - Score:8008195600.0, Count:6
                                     
INFO - 12/07/25 15:26:09 - 3:15:43 - Score:7988403000.0, Count:7
                                     
INFO - 12/07/25 15:26:09 - 3:15:43 - Score:7942933500.0, Count:7
                                     
INFO - 12/07/25 15:26:09 - 3:15:43 - Score:7933113000.0, Count:4
                                     
INFO - 12/07/25 15:26:09 - 3:15:43 - Score:7927215000.0, Count:4
                                     
INFO - 12/07/25 15:26:09 - 3:15:43 - Score:7922168300.0, Count:6
                                     
INFO - 12/07/25 15:26:09 - 3:15:43 - Score:7885630000.0, Count:4
                                     
INFO - 12/07/25 15:26:09 - 3:15:43 - Score:7878413300.0, Count:3
                                     
INFO - 12/07/25 15:26:09 - 3:15:43 - Score:7876999000.0, Count:7
                                     
INFO - 12/07/25 15:26:09 - 3:15:43 - Score:7871112700.0, Count:4
                                     
INFO - 12/07/25 15:26:09 - 3:15:43 - Score:7859643400.0, Count:7
                                     
INFO - 12/07/25 15:26:09 - 3:15:43 - Score:7854549500.0, Count:3
                                     
INFO - 12/07/25 15:26:09 - 3:15:43 - Score:7852583000.0, Count:3
                                     
INFO - 12/07/25 15:26:09 - 3:15:43 - Score:7849156000.0, Count:1
                                     
INFO - 12/07/25 15:26:09 - 3:15:43 - Score:7815801300.0, Count:4
                                     
INFO - 12/07/25 15:26:09 - 3:15:43 - Score:7810363400.0, Count:5
                                     
INFO - 12/07/25 15:26:09 - 3:15:43 - tokenizing
INFO - 12/07/25 15:26:09 - 3:15:43 - Loading tokenizer from /home/yuebi/Project/dim24_run/dim24_run_1/1111/tokenizer_data/tokenizer.json...
INFO - 12/07/25 15:26:09 - 3:15:43 - 0 / 100
INFO - 12/07/25 15:26:09 - 3:15:43 - number of examples in the dataset: 100
INFO - 12/07/25 15:26:09 - 3:15:43 - max word length: 230
INFO - 12/07/25 15:26:09 - 3:15:43 - number of unique characters in the vocabulary: 15
INFO - 12/07/25 15:26:09 - 3:15:43 - vocabulary:
INFO - 12/07/25 15:26:09 - 3:15:43 - ['V0', 'V1', 'V2', 'V3', 'V4', 'V5', 'V6', 'V7', 'V8', 'V9', 'V10', 'V11', 'V12', 'V13', 'V14']
INFO - 12/07/25 15:26:09 - 3:15:43 - split up the dataset into 90 training examples and 10 test examples
INFO - 12/07/25 15:26:09 - 3:15:43 - ============ Start of generation 8 ============
INFO - 12/07/25 15:26:09 - 3:15:43 - Memory allocated:  45.82MB, reserved: 10106.00MB
INFO - 12/07/25 15:26:09 - 3:15:43 - training
INFO - 12/07/25 15:26:09 - 3:15:43 - step 0 | loss 0.1762 | step time 295.97ms
INFO - 12/07/25 15:26:38 - 3:16:12 - step 100 | loss 0.0206 | step time 287.29ms
INFO - 12/07/25 15:27:07 - 3:16:41 - step 200 | loss 0.0215 | step time 287.33ms
INFO - 12/07/25 15:27:35 - 3:17:10 - step 300 | loss 0.0207 | step time 287.47ms
INFO - 12/07/25 15:28:04 - 3:17:38 - step 400 | loss 0.0205 | step time 287.17ms
INFO - 12/07/25 15:28:33 - 3:18:07 - step 500 | loss 0.0211 | step time 287.33ms
INFO - 12/07/25 15:28:33 - 3:18:07 - step 500 train loss: 0.020859206095337868 test loss: 0.12655015289783478
INFO - 12/07/25 15:28:33 - 3:18:07 - test loss 0.12655015289783478 is the best so far, saving model to /home/yuebi/Project/dim24_run/dim24_run_1/1111/model.pt
INFO - 12/07/25 15:29:02 - 3:18:36 - step 600 | loss 0.0211 | step time 287.46ms
INFO - 12/07/25 15:29:31 - 3:19:05 - step 700 | loss 0.0208 | step time 287.65ms
INFO - 12/07/25 15:30:00 - 3:19:34 - step 800 | loss 0.0211 | step time 287.32ms
INFO - 12/07/25 15:30:28 - 3:20:02 - step 900 | loss 0.0207 | step time 287.12ms
INFO - 12/07/25 15:30:33 - 0:00:00 - ============ Initialized logger ============
INFO - 12/07/25 15:30:33 - 0:00:00 - batch_size: 32
                                     command: python fc_loop.py --exp_name=dim24_run_1 --dump_path=/home/yuebi/Project/dim24_run --num_initial_empty_objects=800 --final_database_size=100 --target_db_size=100 --nb_local_searches=1000 --max_epochs=20 --type=transformer --max-output-length=350 --sample-only=25000 --max-steps=1500 --n_tokens=15 --n-layer=8 --n-embd=128 --n-embd2=128 --exp_id=1111 --exp_id "1111"
                                     cpu: False
                                     debug: False
                                     debug_slurm: False
                                     dump_path: /home/yuebi/Project/dim24_run/dim24_run_1/1111
                                     exp_id: 1111
                                     exp_name: dim24_run_1
                                     final_database_size: 100
                                     gen_batch_size: 1000
                                     global_rank: 0
                                     is_master: True
                                     is_slurm_job: True
                                     learning_rate: 0.0005
                                     local_rank: 0
                                     master_addr: gpu-6
                                     master_port: -1
                                     max_epochs: 20
                                     max_output_length: 350
                                     max_steps: 1500
                                     multi_gpu: False
                                     multi_node: False
                                     n_embd: 128
                                     n_embd2: 128
                                     n_gpu_per_node: 1
                                     n_head: 8
                                     n_layer: 8
                                     n_nodes: 1
                                     n_tokens: 15
                                     nb_local_searches: 1000
                                     nb_threads: 1
                                     node_id: 0
                                     num_initial_empty_objects: 800
                                     num_workers: 8
                                     sample_only: 25000
                                     seed: -1
                                     target_db_size: 100
                                     temperature: 1.0
                                     top_k: -1
                                     type: transformer
                                     weight_decay: 0.01
                                     world_size: 1
INFO - 12/07/25 15:30:33 - 0:00:00 - The experiment will be stored in /home/yuebi/Project/dim24_run/dim24_run_1/1111
                                     
INFO - 12/07/25 15:30:33 - 0:00:00 - Running command: python fc_loop.py --exp_name=dim24_run_1 --dump_path=/home/yuebi/Project/dim24_run --num_initial_empty_objects=800 --final_database_size=100 --target_db_size=100 --nb_local_searches=1000 --max_epochs=20 --type=transformer --max-output-length=350 --sample-only=25000 --max-steps=1500 --n_tokens=15 --n-layer=8 --n-embd=128 --n-embd2=128 --exp_id=1111

WARNING - 12/07/25 15:30:33 - 0:00:00 - Signal handler installed.
INFO - 12/07/25 15:30:33 - 0:00:00 - seed: 383034004
INFO - 12/07/25 15:30:33 - 0:00:00 - initializing at generation: 8
INFO - 12/07/25 15:30:33 - 0:00:00 - number of examples in the dataset: 100
INFO - 12/07/25 15:30:33 - 0:00:00 - max word length: 230
INFO - 12/07/25 15:30:33 - 0:00:00 - number of unique characters in the vocabulary: 15
INFO - 12/07/25 15:30:33 - 0:00:00 - vocabulary:
INFO - 12/07/25 15:30:33 - 0:00:00 - ['V0', 'V1', 'V2', 'V3', 'V4', 'V5', 'V6', 'V7', 'V8', 'V9', 'V10', 'V11', 'V12', 'V13', 'V14']
INFO - 12/07/25 15:30:33 - 0:00:00 - split up the dataset into 90 training examples and 10 test examples
INFO - 12/07/25 15:30:33 - 0:00:00 - dataset determined that: vocab_size=16, block_size=351
INFO - 12/07/25 15:30:33 - 0:00:00 - model #params: 1635456
INFO - 12/07/25 15:30:33 - 0:00:00 - resuming from existing model
INFO - 12/07/25 15:30:33 - 0:00:00 - ============ Start of generation 8 ============
INFO - 12/07/25 15:30:33 - 0:00:00 - Memory allocated:  10.00MB, reserved: 22.00MB
INFO - 12/07/25 15:30:33 - 0:00:00 - training
INFO - 12/07/25 15:30:38 - 0:00:05 - step 0 | loss 0.0309 | step time 631.81ms
INFO - 12/07/25 15:31:07 - 0:00:34 - step 100 | loss 0.0216 | step time 287.29ms
INFO - 12/07/25 15:31:35 - 0:01:02 - step 200 | loss 0.0214 | step time 287.02ms
INFO - 12/07/25 15:32:04 - 0:01:31 - step 300 | loss 0.0215 | step time 287.18ms
INFO - 12/07/25 15:32:33 - 0:02:00 - step 400 | loss 0.0214 | step time 286.76ms
INFO - 12/07/25 15:33:01 - 0:02:28 - step 500 | loss 0.0211 | step time 287.08ms
INFO - 12/07/25 15:33:02 - 0:02:29 - step 500 train loss: 0.021076107397675514 test loss: 0.058782704174518585
INFO - 12/07/25 15:33:02 - 0:02:29 - test loss 0.058782704174518585 is the best so far, saving model to /home/yuebi/Project/dim24_run/dim24_run_1/1111/model.pt
INFO - 12/07/25 15:33:30 - 0:02:57 - step 600 | loss 0.0208 | step time 287.20ms
INFO - 12/07/25 15:33:59 - 0:03:26 - step 700 | loss 0.0205 | step time 287.43ms
INFO - 12/07/25 15:34:28 - 0:03:55 - step 800 | loss 0.0204 | step time 287.45ms
INFO - 12/07/25 15:34:57 - 0:04:24 - step 900 | loss 0.0209 | step time 287.40ms
INFO - 12/07/25 15:35:25 - 0:04:52 - step 1000 | loss 0.0223 | step time 287.36ms
INFO - 12/07/25 15:35:26 - 0:04:53 - step 1000 train loss: 0.02089679427444935 test loss: 0.11673718690872192
INFO - 12/07/25 15:35:54 - 0:05:21 - step 1100 | loss 0.0413 | step time 287.19ms
INFO - 12/07/25 15:36:23 - 0:05:50 - step 1200 | loss 0.0208 | step time 287.24ms
INFO - 12/07/25 15:36:52 - 0:06:19 - step 1300 | loss 0.0209 | step time 287.25ms
INFO - 12/07/25 15:37:21 - 0:06:48 - step 1400 | loss 0.0212 | step time 286.98ms
INFO - 12/07/25 15:37:49 - 0:07:16 - Memory allocated:  45.82MB, reserved: 3306.00MB
INFO - 12/07/25 15:37:49 - 0:07:16 - generating
INFO - 12/07/25 18:32:54 - 3:02:21 - distribution of sample lengths: average: 701.23364 max: 730
INFO - 12/07/25 18:32:54 - 3:02:21 - printed 25000 samples
INFO - 12/07/25 18:32:54 - 3:02:21 - decoding
INFO - 12/07/25 18:32:55 - 3:02:22 - Decoding complete. Check the output in /home/yuebi/Project/dim24_run/dim24_run_1/1111/transformer-output-decoded.txt
INFO - 12/07/25 18:32:55 - 3:02:22 - Memory allocated:  45.82MB, reserved: 10106.00MB
INFO - 12/07/25 18:32:55 - 3:02:22 - ============ End of generation 8 ============
INFO - 12/07/25 18:32:55 - 3:02:22 - launching search.jl
INFO - 12/07/25 18:32:55 - 3:02:22 - JULIA_NUM_THREADS is set to 1
INFO - 12/07/25 18:46:03 - 3:15:30 - distribution of scores(all rounds)
INFO - 12/07/25 18:46:03 - 3:15:30 - Score:15237476000.0, Count:8
                                     
INFO - 12/07/25 18:46:03 - 3:15:30 - Score:8707129000.0, Count:6
                                     
INFO - 12/07/25 18:46:03 - 3:15:30 - Score:8336632000.0, Count:6
                                     
INFO - 12/07/25 18:46:03 - 3:15:30 - Score:8097031700.0, Count:6
                                     
INFO - 12/07/25 18:46:03 - 3:15:30 - Score:8020934000.0, Count:4
                                     
INFO - 12/07/25 18:46:03 - 3:15:30 - Score:8008195600.0, Count:7
                                     
INFO - 12/07/25 18:46:03 - 3:15:30 - Score:7988403000.0, Count:8
                                     
INFO - 12/07/25 18:46:03 - 3:15:30 - Score:7942933500.0, Count:8
                                     
INFO - 12/07/25 18:46:03 - 3:15:30 - Score:7933113000.0, Count:5
                                     
INFO - 12/07/25 18:46:03 - 3:15:30 - Score:7927215000.0, Count:5
                                     
INFO - 12/07/25 18:46:03 - 3:15:30 - Score:7922168300.0, Count:7
                                     
INFO - 12/07/25 18:46:03 - 3:15:30 - Score:7885630000.0, Count:5
                                     
INFO - 12/07/25 18:46:03 - 3:15:30 - Score:7878413300.0, Count:4
                                     
INFO - 12/07/25 18:46:03 - 3:15:30 - Score:7876999000.0, Count:8
                                     
INFO - 12/07/25 18:46:03 - 3:15:30 - Score:7871112700.0, Count:5
                                     
INFO - 12/07/25 18:46:03 - 3:15:30 - Score:7859643400.0, Count:8
                                     
INFO - 12/07/25 18:46:03 - 3:15:30 - Score:7854549500.0, Count:0
                                     
INFO - 12/07/25 18:46:03 - 3:15:30 - tokenizing
INFO - 12/07/25 18:46:03 - 3:15:30 - Loading tokenizer from /home/yuebi/Project/dim24_run/dim24_run_1/1111/tokenizer_data/tokenizer.json...
INFO - 12/07/25 18:46:03 - 3:15:30 - 0 / 100
INFO - 12/07/25 18:46:03 - 3:15:30 - number of examples in the dataset: 100
INFO - 12/07/25 18:46:03 - 3:15:30 - max word length: 228
INFO - 12/07/25 18:46:03 - 3:15:30 - number of unique characters in the vocabulary: 15
INFO - 12/07/25 18:46:03 - 3:15:30 - vocabulary:
INFO - 12/07/25 18:46:03 - 3:15:30 - ['V0', 'V1', 'V2', 'V3', 'V4', 'V5', 'V6', 'V7', 'V8', 'V9', 'V10', 'V11', 'V12', 'V13', 'V14']
INFO - 12/07/25 18:46:03 - 3:15:30 - split up the dataset into 90 training examples and 10 test examples
INFO - 12/07/25 18:46:03 - 3:15:30 - ============ Start of generation 9 ============
INFO - 12/07/25 18:46:03 - 3:15:30 - Memory allocated:  45.82MB, reserved: 10106.00MB
INFO - 12/07/25 18:46:03 - 3:15:30 - training
INFO - 12/07/25 18:46:04 - 3:15:31 - step 0 | loss 0.0255 | step time 294.64ms
INFO - 12/07/25 18:46:33 - 3:16:00 - step 100 | loss 0.0208 | step time 287.47ms
INFO - 12/07/25 18:47:01 - 3:16:28 - step 200 | loss 0.0211 | step time 287.66ms
INFO - 12/07/25 18:47:30 - 3:16:57 - step 300 | loss 0.0204 | step time 287.59ms
INFO - 12/07/25 18:47:59 - 3:17:26 - step 400 | loss 0.0218 | step time 287.53ms
INFO - 12/07/25 18:48:28 - 3:17:55 - step 500 | loss 0.0203 | step time 287.63ms
INFO - 12/07/25 18:48:28 - 3:17:55 - step 500 train loss: 0.021020185202360153 test loss: 0.34185659885406494
INFO - 12/07/25 18:48:28 - 3:17:55 - test loss 0.34185659885406494 is the best so far, saving model to /home/yuebi/Project/dim24_run/dim24_run_1/1111/model.pt
INFO - 12/07/25 18:48:57 - 3:18:24 - step 600 | loss 0.0279 | step time 287.58ms
INFO - 12/07/25 18:49:25 - 3:18:52 - step 700 | loss 0.0210 | step time 287.62ms
INFO - 12/07/25 18:49:54 - 3:19:21 - step 800 | loss 0.0206 | step time 287.31ms
INFO - 12/07/25 18:50:23 - 3:19:50 - step 900 | loss 0.0212 | step time 287.43ms
INFO - 12/07/25 18:50:36 - 0:00:00 - ============ Initialized logger ============
INFO - 12/07/25 18:50:36 - 0:00:00 - batch_size: 32
                                     command: python fc_loop.py --exp_name=dim24_run_1 --dump_path=/home/yuebi/Project/dim24_run --num_initial_empty_objects=800 --final_database_size=100 --target_db_size=100 --nb_local_searches=1000 --max_epochs=20 --type=transformer --max-output-length=350 --sample-only=25000 --max-steps=1500 --n_tokens=15 --n-layer=8 --n-embd=128 --n-embd2=128 --exp_id=1111 --exp_id "1111"
                                     cpu: False
                                     debug: False
                                     debug_slurm: False
                                     dump_path: /home/yuebi/Project/dim24_run/dim24_run_1/1111
                                     exp_id: 1111
                                     exp_name: dim24_run_1
                                     final_database_size: 100
                                     gen_batch_size: 1000
                                     global_rank: 0
                                     is_master: True
                                     is_slurm_job: True
                                     learning_rate: 0.0005
                                     local_rank: 0
                                     master_addr: gpu-6
                                     master_port: -1
                                     max_epochs: 20
                                     max_output_length: 350
                                     max_steps: 1500
                                     multi_gpu: False
                                     multi_node: False
                                     n_embd: 128
                                     n_embd2: 128
                                     n_gpu_per_node: 1
                                     n_head: 8
                                     n_layer: 8
                                     n_nodes: 1
                                     n_tokens: 15
                                     nb_local_searches: 1000
                                     nb_threads: 1
                                     node_id: 0
                                     num_initial_empty_objects: 800
                                     num_workers: 8
                                     sample_only: 25000
                                     seed: -1
                                     target_db_size: 100
                                     temperature: 1.0
                                     top_k: -1
                                     type: transformer
                                     weight_decay: 0.01
                                     world_size: 1
INFO - 12/07/25 18:50:36 - 0:00:00 - The experiment will be stored in /home/yuebi/Project/dim24_run/dim24_run_1/1111
                                     
INFO - 12/07/25 18:50:36 - 0:00:00 - Running command: python fc_loop.py --exp_name=dim24_run_1 --dump_path=/home/yuebi/Project/dim24_run --num_initial_empty_objects=800 --final_database_size=100 --target_db_size=100 --nb_local_searches=1000 --max_epochs=20 --type=transformer --max-output-length=350 --sample-only=25000 --max-steps=1500 --n_tokens=15 --n-layer=8 --n-embd=128 --n-embd2=128 --exp_id=1111

WARNING - 12/07/25 18:50:36 - 0:00:00 - Signal handler installed.
INFO - 12/07/25 18:50:36 - 0:00:00 - seed: 680342082
INFO - 12/07/25 18:50:36 - 0:00:00 - initializing at generation: 9
INFO - 12/07/25 18:50:36 - 0:00:00 - number of examples in the dataset: 100
INFO - 12/07/25 18:50:36 - 0:00:00 - max word length: 228
INFO - 12/07/25 18:50:36 - 0:00:00 - number of unique characters in the vocabulary: 15
INFO - 12/07/25 18:50:36 - 0:00:00 - vocabulary:
INFO - 12/07/25 18:50:36 - 0:00:00 - ['V0', 'V1', 'V2', 'V3', 'V4', 'V5', 'V6', 'V7', 'V8', 'V9', 'V10', 'V11', 'V12', 'V13', 'V14']
INFO - 12/07/25 18:50:36 - 0:00:00 - split up the dataset into 90 training examples and 10 test examples
INFO - 12/07/25 18:50:36 - 0:00:00 - dataset determined that: vocab_size=16, block_size=351
INFO - 12/07/25 18:50:36 - 0:00:00 - model #params: 1635456
INFO - 12/07/25 18:50:36 - 0:00:00 - resuming from existing model
INFO - 12/07/25 18:50:36 - 0:00:00 - ============ Start of generation 9 ============
INFO - 12/07/25 18:50:36 - 0:00:00 - Memory allocated:  10.00MB, reserved: 22.00MB
INFO - 12/07/25 18:50:36 - 0:00:00 - training
INFO - 12/07/25 18:50:41 - 0:00:05 - step 0 | loss 0.0356 | step time 627.85ms
INFO - 12/07/25 18:51:10 - 0:00:34 - step 100 | loss 0.0212 | step time 287.49ms
INFO - 12/07/25 18:51:39 - 0:01:03 - step 200 | loss 0.0212 | step time 287.05ms
INFO - 12/07/25 18:52:07 - 0:01:31 - step 300 | loss 0.0211 | step time 287.17ms
INFO - 12/07/25 18:52:36 - 0:02:00 - step 400 | loss 0.0209 | step time 286.94ms
INFO - 12/07/25 18:53:05 - 0:02:29 - step 500 | loss 0.0280 | step time 287.43ms
INFO - 12/07/25 18:53:05 - 0:02:29 - step 500 train loss: 0.02860305830836296 test loss: 0.1933460682630539
INFO - 12/07/25 18:53:05 - 0:02:29 - test loss 0.1933460682630539 is the best so far, saving model to /home/yuebi/Project/dim24_run/dim24_run_1/1111/model.pt
INFO - 12/07/25 18:53:34 - 0:02:58 - step 600 | loss 0.0209 | step time 287.24ms
INFO - 12/07/25 18:54:03 - 0:03:27 - step 700 | loss 0.0210 | step time 287.77ms
INFO - 12/07/25 18:54:31 - 0:03:55 - step 800 | loss 0.0212 | step time 287.40ms
INFO - 12/07/25 18:55:00 - 0:04:24 - step 900 | loss 0.0212 | step time 287.16ms
INFO - 12/07/25 18:55:29 - 0:04:53 - step 1000 | loss 0.0209 | step time 287.55ms
INFO - 12/07/25 18:55:29 - 0:04:53 - step 1000 train loss: 0.02106429822742939 test loss: 0.15728282928466797
INFO - 12/07/25 18:55:29 - 0:04:53 - test loss 0.15728282928466797 is the best so far, saving model to /home/yuebi/Project/dim24_run/dim24_run_1/1111/model.pt
INFO - 12/07/25 18:55:58 - 0:05:22 - step 1100 | loss 0.0278 | step time 287.31ms
INFO - 12/07/25 18:56:27 - 0:05:51 - step 1200 | loss 0.0208 | step time 287.03ms
INFO - 12/07/25 18:56:55 - 0:06:19 - step 1300 | loss 0.0209 | step time 287.39ms
INFO - 12/07/25 18:57:24 - 0:06:48 - step 1400 | loss 0.0208 | step time 287.37ms
INFO - 12/07/25 18:57:53 - 0:07:17 - Memory allocated:  45.82MB, reserved: 3306.00MB
INFO - 12/07/25 18:57:53 - 0:07:17 - generating
INFO - 12/07/25 21:52:54 - 3:02:18 - distribution of sample lengths: average: 700.64096 max: 731
INFO - 12/07/25 21:52:54 - 3:02:18 - printed 25000 samples
INFO - 12/07/25 21:52:54 - 3:02:18 - decoding
INFO - 12/07/25 21:52:55 - 3:02:19 - Decoding complete. Check the output in /home/yuebi/Project/dim24_run/dim24_run_1/1111/transformer-output-decoded.txt
INFO - 12/07/25 21:52:55 - 3:02:19 - Memory allocated:  45.82MB, reserved: 10106.00MB
INFO - 12/07/25 21:52:55 - 3:02:19 - ============ End of generation 9 ============
INFO - 12/07/25 21:52:55 - 3:02:19 - launching search.jl
INFO - 12/07/25 21:52:55 - 3:02:19 - JULIA_NUM_THREADS is set to 1
INFO - 12/07/25 22:06:03 - 3:15:27 - distribution of scores(all rounds)
INFO - 12/07/25 22:06:03 - 3:15:27 - Score:15237476000.0, Count:9
                                     
INFO - 12/07/25 22:06:03 - 3:15:27 - Score:8707129000.0, Count:7
                                     
INFO - 12/07/25 22:06:03 - 3:15:27 - Score:8336632000.0, Count:7
                                     
INFO - 12/07/25 22:06:03 - 3:15:27 - Score:8097031700.0, Count:7
                                     
INFO - 12/07/25 22:06:03 - 3:15:27 - Score:8020934000.0, Count:5
                                     
INFO - 12/07/25 22:06:03 - 3:15:27 - Score:8008195600.0, Count:8
                                     
INFO - 12/07/25 22:06:03 - 3:15:27 - Score:7988403000.0, Count:9
                                     
INFO - 12/07/25 22:06:03 - 3:15:27 - Score:7942933500.0, Count:9
                                     
INFO - 12/07/25 22:06:03 - 3:15:27 - Score:7933113000.0, Count:6
                                     
INFO - 12/07/25 22:06:03 - 3:15:27 - Score:7927215000.0, Count:6
                                     
INFO - 12/07/25 22:06:03 - 3:15:27 - Score:7922168300.0, Count:8
                                     
INFO - 12/07/25 22:06:03 - 3:15:27 - Score:7885630000.0, Count:6
                                     
INFO - 12/07/25 22:06:03 - 3:15:27 - Score:7878413300.0, Count:5
                                     
INFO - 12/07/25 22:06:03 - 3:15:27 - Score:7876999000.0, Count:8
                                     
INFO - 12/07/25 22:06:03 - 3:15:27 - tokenizing
INFO - 12/07/25 22:06:03 - 3:15:27 - Loading tokenizer from /home/yuebi/Project/dim24_run/dim24_run_1/1111/tokenizer_data/tokenizer.json...
INFO - 12/07/25 22:06:03 - 3:15:27 - 0 / 100
INFO - 12/07/25 22:06:03 - 3:15:27 - number of examples in the dataset: 100
INFO - 12/07/25 22:06:03 - 3:15:27 - max word length: 228
INFO - 12/07/25 22:06:03 - 3:15:27 - number of unique characters in the vocabulary: 15
INFO - 12/07/25 22:06:03 - 3:15:27 - vocabulary:
INFO - 12/07/25 22:06:03 - 3:15:27 - ['V0', 'V1', 'V2', 'V3', 'V4', 'V5', 'V6', 'V7', 'V8', 'V9', 'V10', 'V11', 'V12', 'V13', 'V14']
INFO - 12/07/25 22:06:03 - 3:15:27 - split up the dataset into 90 training examples and 10 test examples
INFO - 12/07/25 22:06:03 - 3:15:27 - ============ Start of generation 10 ============
INFO - 12/07/25 22:06:03 - 3:15:27 - Memory allocated:  45.82MB, reserved: 10106.00MB
INFO - 12/07/25 22:06:03 - 3:15:27 - training
INFO - 12/07/25 22:06:03 - 3:15:27 - step 0 | loss 0.0411 | step time 297.18ms
INFO - 12/07/25 22:06:32 - 3:15:56 - step 100 | loss 0.0214 | step time 287.44ms
INFO - 12/07/25 22:07:01 - 3:16:25 - step 200 | loss 0.0209 | step time 287.41ms
INFO - 12/07/25 22:07:29 - 3:16:53 - step 300 | loss 0.0206 | step time 287.19ms
INFO - 12/07/25 22:07:58 - 3:17:22 - step 400 | loss 0.0203 | step time 287.56ms
INFO - 12/07/25 22:08:27 - 3:17:51 - step 500 | loss 0.0207 | step time 287.64ms
INFO - 12/07/25 22:08:27 - 3:17:51 - step 500 train loss: 0.021002348512411118 test loss: 0.09141751378774643
INFO - 12/07/25 22:08:27 - 3:17:51 - test loss 0.09141751378774643 is the best so far, saving model to /home/yuebi/Project/dim24_run/dim24_run_1/1111/model.pt
INFO - 12/07/25 22:08:56 - 3:18:20 - step 600 | loss 0.0288 | step time 287.76ms
INFO - 12/07/25 22:09:25 - 3:18:49 - step 700 | loss 0.0209 | step time 287.58ms
INFO - 12/07/25 22:09:53 - 3:19:18 - step 800 | loss 0.0213 | step time 287.65ms
INFO - 12/07/25 22:10:22 - 3:19:46 - step 900 | loss 0.0210 | step time 287.38ms
INFO - 12/07/25 22:10:45 - 0:00:00 - ============ Initialized logger ============
INFO - 12/07/25 22:10:45 - 0:00:00 - batch_size: 32
                                     command: python fc_loop.py --exp_name=dim24_run_1 --dump_path=/home/yuebi/Project/dim24_run --num_initial_empty_objects=800 --final_database_size=100 --target_db_size=100 --nb_local_searches=1000 --max_epochs=20 --type=transformer --max-output-length=350 --sample-only=25000 --max-steps=1500 --n_tokens=15 --n-layer=8 --n-embd=128 --n-embd2=128 --exp_id=1111 --exp_id "1111"
                                     cpu: False
                                     debug: False
                                     debug_slurm: False
                                     dump_path: /home/yuebi/Project/dim24_run/dim24_run_1/1111
                                     exp_id: 1111
                                     exp_name: dim24_run_1
                                     final_database_size: 100
                                     gen_batch_size: 1000
                                     global_rank: 0
                                     is_master: True
                                     is_slurm_job: True
                                     learning_rate: 0.0005
                                     local_rank: 0
                                     master_addr: gpu-6
                                     master_port: -1
                                     max_epochs: 20
                                     max_output_length: 350
                                     max_steps: 1500
                                     multi_gpu: False
                                     multi_node: False
                                     n_embd: 128
                                     n_embd2: 128
                                     n_gpu_per_node: 1
                                     n_head: 8
                                     n_layer: 8
                                     n_nodes: 1
                                     n_tokens: 15
                                     nb_local_searches: 1000
                                     nb_threads: 1
                                     node_id: 0
                                     num_initial_empty_objects: 800
                                     num_workers: 8
                                     sample_only: 25000
                                     seed: -1
                                     target_db_size: 100
                                     temperature: 1.0
                                     top_k: -1
                                     type: transformer
                                     weight_decay: 0.01
                                     world_size: 1
INFO - 12/07/25 22:10:45 - 0:00:00 - The experiment will be stored in /home/yuebi/Project/dim24_run/dim24_run_1/1111
                                     
INFO - 12/07/25 22:10:45 - 0:00:00 - Running command: python fc_loop.py --exp_name=dim24_run_1 --dump_path=/home/yuebi/Project/dim24_run --num_initial_empty_objects=800 --final_database_size=100 --target_db_size=100 --nb_local_searches=1000 --max_epochs=20 --type=transformer --max-output-length=350 --sample-only=25000 --max-steps=1500 --n_tokens=15 --n-layer=8 --n-embd=128 --n-embd2=128 --exp_id=1111

WARNING - 12/07/25 22:10:45 - 0:00:00 - Signal handler installed.
INFO - 12/07/25 22:10:45 - 0:00:00 - seed: 309651516
INFO - 12/07/25 22:10:45 - 0:00:00 - initializing at generation: 10
INFO - 12/07/25 22:10:45 - 0:00:00 - number of examples in the dataset: 100
INFO - 12/07/25 22:10:45 - 0:00:00 - max word length: 228
INFO - 12/07/25 22:10:45 - 0:00:00 - number of unique characters in the vocabulary: 15
INFO - 12/07/25 22:10:45 - 0:00:00 - vocabulary:
INFO - 12/07/25 22:10:45 - 0:00:00 - ['V0', 'V1', 'V2', 'V3', 'V4', 'V5', 'V6', 'V7', 'V8', 'V9', 'V10', 'V11', 'V12', 'V13', 'V14']
INFO - 12/07/25 22:10:45 - 0:00:00 - split up the dataset into 90 training examples and 10 test examples
INFO - 12/07/25 22:10:45 - 0:00:00 - dataset determined that: vocab_size=16, block_size=351
INFO - 12/07/25 22:10:45 - 0:00:00 - model #params: 1635456
INFO - 12/07/25 22:10:45 - 0:00:00 - resuming from existing model
INFO - 12/07/25 22:10:45 - 0:00:00 - ============ Start of generation 10 ============
INFO - 12/07/25 22:10:45 - 0:00:00 - Memory allocated:  10.00MB, reserved: 22.00MB
INFO - 12/07/25 22:10:45 - 0:00:00 - training
INFO - 12/07/25 22:10:50 - 0:00:05 - step 0 | loss 0.0218 | step time 656.66ms
INFO - 12/07/25 22:11:19 - 0:00:34 - step 100 | loss 0.0216 | step time 287.14ms
INFO - 12/07/25 22:11:47 - 0:01:02 - step 200 | loss 0.0210 | step time 286.91ms
INFO - 12/07/25 22:12:16 - 0:01:31 - step 300 | loss 0.0207 | step time 287.15ms
INFO - 12/07/25 22:12:45 - 0:02:00 - step 400 | loss 0.0208 | step time 287.15ms
INFO - 12/07/25 22:13:13 - 0:02:28 - step 500 | loss 0.0259 | step time 287.43ms
INFO - 12/07/25 22:13:14 - 0:02:29 - step 500 train loss: 0.02715964801609516 test loss: 0.12737585604190826
INFO - 12/07/25 22:13:14 - 0:02:29 - test loss 0.12737585604190826 is the best so far, saving model to /home/yuebi/Project/dim24_run/dim24_run_1/1111/model.pt
INFO - 12/07/25 22:13:42 - 0:02:57 - step 600 | loss 0.0205 | step time 287.46ms
INFO - 12/07/25 22:14:11 - 0:03:26 - step 700 | loss 0.0205 | step time 287.72ms
INFO - 12/07/25 22:14:40 - 0:03:55 - step 800 | loss 0.0204 | step time 287.22ms
INFO - 12/07/25 22:15:09 - 0:04:24 - step 900 | loss 0.0210 | step time 287.01ms
INFO - 12/07/25 22:15:37 - 0:04:52 - step 1000 | loss 0.0209 | step time 286.84ms
INFO - 12/07/25 22:15:38 - 0:04:53 - step 1000 train loss: 0.02095837891101837 test loss: 0.09984409809112549
INFO - 12/07/25 22:15:38 - 0:04:53 - test loss 0.09984409809112549 is the best so far, saving model to /home/yuebi/Project/dim24_run/dim24_run_1/1111/model.pt
INFO - 12/07/25 22:16:06 - 0:05:21 - step 1100 | loss 0.0210 | step time 287.21ms
INFO - 12/07/25 22:16:35 - 0:05:50 - step 1200 | loss 0.0205 | step time 287.14ms
INFO - 12/07/25 22:17:04 - 0:06:19 - step 1300 | loss 0.0203 | step time 287.12ms
INFO - 12/07/25 22:17:33 - 0:06:48 - step 1400 | loss 0.0206 | step time 287.23ms
INFO - 12/07/25 22:18:01 - 0:07:16 - Memory allocated:  45.82MB, reserved: 3306.00MB
INFO - 12/07/25 22:18:01 - 0:07:16 - generating
INFO - 12/08/25 01:13:03 - 3:02:18 - distribution of sample lengths: average: 700.5438 max: 732
INFO - 12/08/25 01:13:03 - 3:02:18 - printed 25000 samples
INFO - 12/08/25 01:13:03 - 3:02:18 - decoding
INFO - 12/08/25 01:13:04 - 3:02:19 - Decoding complete. Check the output in /home/yuebi/Project/dim24_run/dim24_run_1/1111/transformer-output-decoded.txt
INFO - 12/08/25 01:13:04 - 3:02:19 - Memory allocated:  45.82MB, reserved: 10106.00MB
INFO - 12/08/25 01:13:04 - 3:02:19 - ============ End of generation 10 ============
INFO - 12/08/25 01:13:04 - 3:02:19 - launching search.jl
INFO - 12/08/25 01:13:04 - 3:02:19 - JULIA_NUM_THREADS is set to 1
INFO - 12/08/25 01:26:08 - 3:15:23 - distribution of scores(all rounds)
INFO - 12/08/25 01:26:08 - 3:15:23 - Score:15237476000.0, Count:10
                                     
INFO - 12/08/25 01:26:08 - 3:15:23 - Score:8707129000.0, Count:8
                                     
INFO - 12/08/25 01:26:08 - 3:15:23 - Score:8336632000.0, Count:8
                                     
INFO - 12/08/25 01:26:08 - 3:15:23 - Score:8097031700.0, Count:8
                                     
INFO - 12/08/25 01:26:08 - 3:15:23 - Score:8020934000.0, Count:6
                                     
INFO - 12/08/25 01:26:08 - 3:15:23 - Score:8008195600.0, Count:9
                                     
INFO - 12/08/25 01:26:08 - 3:15:23 - Score:7988403000.0, Count:10
                                     
INFO - 12/08/25 01:26:08 - 3:15:23 - Score:7942933500.0, Count:10
                                     
INFO - 12/08/25 01:26:08 - 3:15:23 - Score:7933113000.0, Count:7
                                     
INFO - 12/08/25 01:26:08 - 3:15:23 - Score:7927215000.0, Count:7
                                     
INFO - 12/08/25 01:26:08 - 3:15:23 - Score:7922168300.0, Count:9
                                     
INFO - 12/08/25 01:26:08 - 3:15:23 - Score:7885630000.0, Count:7
                                     
INFO - 12/08/25 01:26:08 - 3:15:23 - Score:7878413300.0, Count:1
                                     
INFO - 12/08/25 01:26:08 - 3:15:23 - tokenizing
INFO - 12/08/25 01:26:08 - 3:15:23 - Loading tokenizer from /home/yuebi/Project/dim24_run/dim24_run_1/1111/tokenizer_data/tokenizer.json...
INFO - 12/08/25 01:26:08 - 3:15:23 - 0 / 100
INFO - 12/08/25 01:26:08 - 3:15:23 - number of examples in the dataset: 100
INFO - 12/08/25 01:26:08 - 3:15:23 - max word length: 228
INFO - 12/08/25 01:26:08 - 3:15:23 - number of unique characters in the vocabulary: 15
INFO - 12/08/25 01:26:08 - 3:15:23 - vocabulary:
INFO - 12/08/25 01:26:08 - 3:15:23 - ['V0', 'V1', 'V2', 'V3', 'V4', 'V5', 'V6', 'V7', 'V8', 'V9', 'V10', 'V11', 'V12', 'V13', 'V14']
INFO - 12/08/25 01:26:08 - 3:15:23 - split up the dataset into 90 training examples and 10 test examples
INFO - 12/08/25 01:26:08 - 3:15:23 - ============ Start of generation 11 ============
INFO - 12/08/25 01:26:08 - 3:15:23 - Memory allocated:  45.82MB, reserved: 10106.00MB
INFO - 12/08/25 01:26:08 - 3:15:23 - training
INFO - 12/08/25 01:26:09 - 3:15:24 - step 0 | loss 0.0469 | step time 295.84ms
INFO - 12/08/25 01:26:37 - 3:15:53 - step 100 | loss 0.0211 | step time 287.26ms
INFO - 12/08/25 01:27:06 - 3:16:21 - step 200 | loss 0.0207 | step time 287.68ms
INFO - 12/08/25 01:27:35 - 3:16:50 - step 300 | loss 0.0208 | step time 287.04ms
INFO - 12/08/25 01:28:04 - 3:17:19 - step 400 | loss 0.0207 | step time 287.14ms
INFO - 12/08/25 01:28:32 - 3:17:47 - step 500 | loss 0.0202 | step time 287.48ms
INFO - 12/08/25 01:28:33 - 3:17:48 - step 500 train loss: 0.020926736295223236 test loss: 0.06308681517839432
INFO - 12/08/25 01:28:33 - 3:17:48 - test loss 0.06308681517839432 is the best so far, saving model to /home/yuebi/Project/dim24_run/dim24_run_1/1111/model.pt
INFO - 12/08/25 01:29:02 - 3:18:17 - step 600 | loss 0.0324 | step time 287.42ms
INFO - 12/08/25 01:29:30 - 3:18:45 - step 700 | loss 0.0209 | step time 287.26ms
INFO - 12/08/25 01:29:59 - 3:19:14 - step 800 | loss 0.0206 | step time 287.46ms
INFO - 12/08/25 01:30:28 - 3:19:43 - step 900 | loss 0.0210 | step time 287.12ms
INFO - 12/08/25 01:30:49 - 0:00:00 - ============ Initialized logger ============
INFO - 12/08/25 01:30:49 - 0:00:00 - batch_size: 32
                                     command: python fc_loop.py --exp_name=dim24_run_1 --dump_path=/home/yuebi/Project/dim24_run --num_initial_empty_objects=800 --final_database_size=100 --target_db_size=100 --nb_local_searches=1000 --max_epochs=20 --type=transformer --max-output-length=350 --sample-only=25000 --max-steps=1500 --n_tokens=15 --n-layer=8 --n-embd=128 --n-embd2=128 --exp_id=1111 --exp_id "1111"
                                     cpu: False
                                     debug: False
                                     debug_slurm: False
                                     dump_path: /home/yuebi/Project/dim24_run/dim24_run_1/1111
                                     exp_id: 1111
                                     exp_name: dim24_run_1
                                     final_database_size: 100
                                     gen_batch_size: 1000
                                     global_rank: 0
                                     is_master: True
                                     is_slurm_job: True
                                     learning_rate: 0.0005
                                     local_rank: 0
                                     master_addr: gpu-6
                                     master_port: -1
                                     max_epochs: 20
                                     max_output_length: 350
                                     max_steps: 1500
                                     multi_gpu: False
                                     multi_node: False
                                     n_embd: 128
                                     n_embd2: 128
                                     n_gpu_per_node: 1
                                     n_head: 8
                                     n_layer: 8
                                     n_nodes: 1
                                     n_tokens: 15
                                     nb_local_searches: 1000
                                     nb_threads: 1
                                     node_id: 0
                                     num_initial_empty_objects: 800
                                     num_workers: 8
                                     sample_only: 25000
                                     seed: -1
                                     target_db_size: 100
                                     temperature: 1.0
                                     top_k: -1
                                     type: transformer
                                     weight_decay: 0.01
                                     world_size: 1
INFO - 12/08/25 01:30:49 - 0:00:00 - The experiment will be stored in /home/yuebi/Project/dim24_run/dim24_run_1/1111
                                     
INFO - 12/08/25 01:30:49 - 0:00:00 - Running command: python fc_loop.py --exp_name=dim24_run_1 --dump_path=/home/yuebi/Project/dim24_run --num_initial_empty_objects=800 --final_database_size=100 --target_db_size=100 --nb_local_searches=1000 --max_epochs=20 --type=transformer --max-output-length=350 --sample-only=25000 --max-steps=1500 --n_tokens=15 --n-layer=8 --n-embd=128 --n-embd2=128 --exp_id=1111

WARNING - 12/08/25 01:30:49 - 0:00:00 - Signal handler installed.
INFO - 12/08/25 01:30:49 - 0:00:00 - seed: 303817566
INFO - 12/08/25 01:30:49 - 0:00:00 - initializing at generation: 11
INFO - 12/08/25 01:30:49 - 0:00:00 - number of examples in the dataset: 100
INFO - 12/08/25 01:30:49 - 0:00:00 - max word length: 228
INFO - 12/08/25 01:30:49 - 0:00:00 - number of unique characters in the vocabulary: 15
INFO - 12/08/25 01:30:49 - 0:00:00 - vocabulary:
INFO - 12/08/25 01:30:49 - 0:00:00 - ['V0', 'V1', 'V2', 'V3', 'V4', 'V5', 'V6', 'V7', 'V8', 'V9', 'V10', 'V11', 'V12', 'V13', 'V14']
INFO - 12/08/25 01:30:49 - 0:00:00 - split up the dataset into 90 training examples and 10 test examples
INFO - 12/08/25 01:30:49 - 0:00:00 - dataset determined that: vocab_size=16, block_size=351
INFO - 12/08/25 01:30:49 - 0:00:00 - model #params: 1635456
INFO - 12/08/25 01:30:49 - 0:00:00 - resuming from existing model
INFO - 12/08/25 01:30:49 - 0:00:00 - ============ Start of generation 11 ============
INFO - 12/08/25 01:30:49 - 0:00:00 - Memory allocated:  10.00MB, reserved: 22.00MB
INFO - 12/08/25 01:30:49 - 0:00:00 - training
INFO - 12/08/25 01:30:54 - 0:00:05 - step 0 | loss 0.0217 | step time 647.26ms
INFO - 12/08/25 01:31:23 - 0:00:34 - step 100 | loss 0.0207 | step time 287.20ms
INFO - 12/08/25 01:31:52 - 0:01:03 - step 200 | loss 0.0212 | step time 287.26ms
INFO - 12/08/25 01:32:20 - 0:01:31 - step 300 | loss 0.0209 | step time 287.35ms
INFO - 12/08/25 01:32:49 - 0:02:00 - step 400 | loss 0.0254 | step time 287.57ms
INFO - 12/08/25 01:33:18 - 0:02:29 - step 500 | loss 0.0213 | step time 287.19ms
INFO - 12/08/25 01:33:18 - 0:02:29 - step 500 train loss: 0.0208445955067873 test loss: 0.10601066797971725
INFO - 12/08/25 01:33:18 - 0:02:29 - test loss 0.10601066797971725 is the best so far, saving model to /home/yuebi/Project/dim24_run/dim24_run_1/1111/model.pt
INFO - 12/08/25 01:33:47 - 0:02:58 - step 600 | loss 0.0211 | step time 287.17ms
INFO - 12/08/25 01:34:16 - 0:03:27 - step 700 | loss 0.0209 | step time 287.35ms
INFO - 12/08/25 01:34:44 - 0:03:55 - step 800 | loss 0.0207 | step time 287.53ms
INFO - 12/08/25 01:35:13 - 0:04:24 - step 900 | loss 0.0212 | step time 287.15ms
INFO - 12/08/25 01:35:42 - 0:04:53 - step 1000 | loss 0.0212 | step time 287.11ms
INFO - 12/08/25 01:35:42 - 0:04:53 - step 1000 train loss: 0.020867209881544113 test loss: 0.10632005333900452
INFO - 12/08/25 01:36:11 - 0:05:22 - step 1100 | loss 0.0220 | step time 287.30ms
INFO - 12/08/25 01:36:39 - 0:05:50 - step 1200 | loss 0.0206 | step time 287.16ms
INFO - 12/08/25 01:37:08 - 0:06:19 - step 1300 | loss 0.0205 | step time 287.52ms
INFO - 12/08/25 01:37:37 - 0:06:48 - step 1400 | loss 0.0211 | step time 287.26ms
INFO - 12/08/25 01:38:05 - 0:07:16 - Memory allocated:  45.82MB, reserved: 3306.00MB
INFO - 12/08/25 01:38:05 - 0:07:16 - generating
INFO - 12/08/25 04:33:09 - 3:02:20 - distribution of sample lengths: average: 700.50248 max: 733
INFO - 12/08/25 04:33:09 - 3:02:20 - printed 25000 samples
INFO - 12/08/25 04:33:09 - 3:02:20 - decoding
INFO - 12/08/25 04:33:10 - 3:02:22 - Decoding complete. Check the output in /home/yuebi/Project/dim24_run/dim24_run_1/1111/transformer-output-decoded.txt
INFO - 12/08/25 04:33:10 - 3:02:22 - Memory allocated:  45.82MB, reserved: 10106.00MB
INFO - 12/08/25 04:33:10 - 3:02:22 - ============ End of generation 11 ============
INFO - 12/08/25 04:33:10 - 3:02:22 - launching search.jl
INFO - 12/08/25 04:33:10 - 3:02:22 - JULIA_NUM_THREADS is set to 1
INFO - 12/08/25 04:46:16 - 3:15:27 - distribution of scores(all rounds)
INFO - 12/08/25 04:46:16 - 3:15:27 - Score:15237476000.0, Count:11
                                     
INFO - 12/08/25 04:46:16 - 3:15:27 - Score:8707129000.0, Count:9
                                     
INFO - 12/08/25 04:46:16 - 3:15:27 - Score:8336632000.0, Count:9
                                     
INFO - 12/08/25 04:46:16 - 3:15:27 - Score:8097031700.0, Count:9
                                     
INFO - 12/08/25 04:46:16 - 3:15:27 - Score:8032136000.0, Count:1
                                     
INFO - 12/08/25 04:46:16 - 3:15:27 - Score:8020934000.0, Count:7
                                     
INFO - 12/08/25 04:46:16 - 3:15:27 - Score:8008195600.0, Count:10
                                     
INFO - 12/08/25 04:46:16 - 3:15:27 - Score:7998533600.0, Count:1
                                     
INFO - 12/08/25 04:46:16 - 3:15:27 - Score:7988403000.0, Count:11
                                     
INFO - 12/08/25 04:46:16 - 3:15:27 - Score:7942933500.0, Count:11
                                     
INFO - 12/08/25 04:46:16 - 3:15:27 - Score:7933113000.0, Count:8
                                     
INFO - 12/08/25 04:46:16 - 3:15:27 - Score:7927215000.0, Count:8
                                     
INFO - 12/08/25 04:46:16 - 3:15:27 - Score:7922168300.0, Count:5
                                     
INFO - 12/08/25 04:46:16 - 3:15:27 - tokenizing
INFO - 12/08/25 04:46:16 - 3:15:27 - Loading tokenizer from /home/yuebi/Project/dim24_run/dim24_run_1/1111/tokenizer_data/tokenizer.json...
INFO - 12/08/25 04:46:16 - 3:15:27 - 0 / 100
INFO - 12/08/25 04:46:16 - 3:15:27 - number of examples in the dataset: 100
INFO - 12/08/25 04:46:16 - 3:15:27 - max word length: 228
INFO - 12/08/25 04:46:16 - 3:15:27 - number of unique characters in the vocabulary: 15
INFO - 12/08/25 04:46:16 - 3:15:27 - vocabulary:
INFO - 12/08/25 04:46:16 - 3:15:27 - ['V0', 'V1', 'V2', 'V3', 'V4', 'V5', 'V6', 'V7', 'V8', 'V9', 'V10', 'V11', 'V12', 'V13', 'V14']
INFO - 12/08/25 04:46:16 - 3:15:27 - split up the dataset into 90 training examples and 10 test examples
INFO - 12/08/25 04:46:16 - 3:15:27 - ============ Start of generation 12 ============
INFO - 12/08/25 04:46:16 - 3:15:27 - Memory allocated:  45.82MB, reserved: 10106.00MB
INFO - 12/08/25 04:46:16 - 3:15:27 - training
INFO - 12/08/25 04:46:16 - 3:15:27 - step 0 | loss 0.0471 | step time 294.75ms
INFO - 12/08/25 04:46:45 - 3:15:56 - step 100 | loss 0.0213 | step time 287.35ms
INFO - 12/08/25 04:47:14 - 3:16:25 - step 200 | loss 0.0212 | step time 287.53ms
INFO - 12/08/25 04:47:42 - 3:16:53 - step 300 | loss 0.0208 | step time 287.30ms
INFO - 12/08/25 04:48:11 - 3:17:22 - step 400 | loss 0.0212 | step time 287.44ms
INFO - 12/08/25 04:48:40 - 3:17:51 - step 500 | loss 0.0208 | step time 287.51ms
INFO - 12/08/25 04:48:40 - 3:17:51 - step 500 train loss: 0.020884646102786064 test loss: 0.4890667796134949
INFO - 12/08/25 04:48:40 - 3:17:51 - test loss 0.4890667796134949 is the best so far, saving model to /home/yuebi/Project/dim24_run/dim24_run_1/1111/model.pt
INFO - 12/08/25 04:49:09 - 3:18:20 - step 600 | loss 0.0325 | step time 287.29ms
INFO - 12/08/25 04:49:38 - 3:18:49 - step 700 | loss 0.0206 | step time 287.56ms
INFO - 12/08/25 04:50:06 - 3:19:17 - step 800 | loss 0.0206 | step time 287.45ms
INFO - 12/08/25 04:50:35 - 3:19:46 - step 900 | loss 0.0209 | step time 287.24ms
INFO - 12/08/25 04:50:54 - 0:00:00 - ============ Initialized logger ============
INFO - 12/08/25 04:50:54 - 0:00:00 - batch_size: 32
                                     command: python fc_loop.py --exp_name=dim24_run_1 --dump_path=/home/yuebi/Project/dim24_run --num_initial_empty_objects=800 --final_database_size=100 --target_db_size=100 --nb_local_searches=1000 --max_epochs=20 --type=transformer --max-output-length=350 --sample-only=25000 --max-steps=1500 --n_tokens=15 --n-layer=8 --n-embd=128 --n-embd2=128 --exp_id=1111 --exp_id "1111"
                                     cpu: False
                                     debug: False
                                     debug_slurm: False
                                     dump_path: /home/yuebi/Project/dim24_run/dim24_run_1/1111
                                     exp_id: 1111
                                     exp_name: dim24_run_1
                                     final_database_size: 100
                                     gen_batch_size: 1000
                                     global_rank: 0
                                     is_master: True
                                     is_slurm_job: True
                                     learning_rate: 0.0005
                                     local_rank: 0
                                     master_addr: gpu-6
                                     master_port: -1
                                     max_epochs: 20
                                     max_output_length: 350
                                     max_steps: 1500
                                     multi_gpu: False
                                     multi_node: False
                                     n_embd: 128
                                     n_embd2: 128
                                     n_gpu_per_node: 1
                                     n_head: 8
                                     n_layer: 8
                                     n_nodes: 1
                                     n_tokens: 15
                                     nb_local_searches: 1000
                                     nb_threads: 1
                                     node_id: 0
                                     num_initial_empty_objects: 800
                                     num_workers: 8
                                     sample_only: 25000
                                     seed: -1
                                     target_db_size: 100
                                     temperature: 1.0
                                     top_k: -1
                                     type: transformer
                                     weight_decay: 0.01
                                     world_size: 1
INFO - 12/08/25 04:50:54 - 0:00:00 - The experiment will be stored in /home/yuebi/Project/dim24_run/dim24_run_1/1111
                                     
INFO - 12/08/25 04:50:54 - 0:00:00 - Running command: python fc_loop.py --exp_name=dim24_run_1 --dump_path=/home/yuebi/Project/dim24_run --num_initial_empty_objects=800 --final_database_size=100 --target_db_size=100 --nb_local_searches=1000 --max_epochs=20 --type=transformer --max-output-length=350 --sample-only=25000 --max-steps=1500 --n_tokens=15 --n-layer=8 --n-embd=128 --n-embd2=128 --exp_id=1111

WARNING - 12/08/25 04:50:54 - 0:00:00 - Signal handler installed.
INFO - 12/08/25 04:50:54 - 0:00:00 - seed: 82497951
INFO - 12/08/25 04:50:54 - 0:00:00 - initializing at generation: 12
INFO - 12/08/25 04:50:54 - 0:00:00 - number of examples in the dataset: 100
INFO - 12/08/25 04:50:54 - 0:00:00 - max word length: 228
INFO - 12/08/25 04:50:54 - 0:00:00 - number of unique characters in the vocabulary: 15
INFO - 12/08/25 04:50:54 - 0:00:00 - vocabulary:
INFO - 12/08/25 04:50:54 - 0:00:00 - ['V0', 'V1', 'V2', 'V3', 'V4', 'V5', 'V6', 'V7', 'V8', 'V9', 'V10', 'V11', 'V12', 'V13', 'V14']
INFO - 12/08/25 04:50:54 - 0:00:00 - split up the dataset into 90 training examples and 10 test examples
INFO - 12/08/25 04:50:54 - 0:00:00 - dataset determined that: vocab_size=16, block_size=351
INFO - 12/08/25 04:50:54 - 0:00:00 - model #params: 1635456
INFO - 12/08/25 04:50:54 - 0:00:00 - resuming from existing model
INFO - 12/08/25 04:50:54 - 0:00:00 - ============ Start of generation 12 ============
INFO - 12/08/25 04:50:54 - 0:00:00 - Memory allocated:  10.00MB, reserved: 22.00MB
INFO - 12/08/25 04:50:54 - 0:00:00 - training
INFO - 12/08/25 04:50:59 - 0:00:05 - step 0 | loss 0.0271 | step time 628.61ms
INFO - 12/08/25 04:51:28 - 0:00:34 - step 100 | loss 0.0212 | step time 286.67ms
INFO - 12/08/25 04:51:57 - 0:01:03 - step 200 | loss 0.0244 | step time 287.35ms
INFO - 12/08/25 04:52:25 - 0:01:31 - step 300 | loss 0.0224 | step time 287.16ms
INFO - 12/08/25 04:52:54 - 0:02:00 - step 400 | loss 0.0204 | step time 287.27ms
INFO - 12/08/25 04:53:23 - 0:02:29 - step 500 | loss 0.0211 | step time 287.19ms
INFO - 12/08/25 04:53:23 - 0:02:29 - step 500 train loss: 0.020919298753142357 test loss: 0.06865396350622177
INFO - 12/08/25 04:53:23 - 0:02:29 - test loss 0.06865396350622177 is the best so far, saving model to /home/yuebi/Project/dim24_run/dim24_run_1/1111/model.pt
INFO - 12/08/25 04:53:52 - 0:02:58 - step 600 | loss 0.0203 | step time 287.42ms
INFO - 12/08/25 04:54:20 - 0:03:27 - step 700 | loss 0.0205 | step time 286.98ms
INFO - 12/08/25 04:54:49 - 0:03:55 - step 800 | loss 0.0208 | step time 287.26ms
INFO - 12/08/25 04:55:18 - 0:04:24 - step 900 | loss 0.0204 | step time 287.99ms
INFO - 12/08/25 04:55:47 - 0:04:53 - step 1000 | loss 0.0209 | step time 287.41ms
INFO - 12/08/25 04:55:47 - 0:04:53 - step 1000 train loss: 0.02087990567088127 test loss: 0.09864116460084915
INFO - 12/08/25 04:56:16 - 0:05:22 - step 1100 | loss 0.0207 | step time 287.35ms
INFO - 12/08/25 04:56:44 - 0:05:50 - step 1200 | loss 0.0212 | step time 287.27ms
INFO - 12/08/25 04:57:13 - 0:06:19 - step 1300 | loss 0.0207 | step time 287.08ms
INFO - 12/08/25 04:57:42 - 0:06:48 - step 1400 | loss 0.0203 | step time 287.06ms
INFO - 12/08/25 04:58:10 - 0:07:16 - Memory allocated:  45.82MB, reserved: 3306.00MB
INFO - 12/08/25 04:58:10 - 0:07:16 - generating
INFO - 12/08/25 07:53:14 - 3:02:20 - distribution of sample lengths: average: 700.75944 max: 730
INFO - 12/08/25 07:53:14 - 3:02:20 - printed 25000 samples
INFO - 12/08/25 07:53:14 - 3:02:20 - decoding
INFO - 12/08/25 07:53:15 - 3:02:21 - Decoding complete. Check the output in /home/yuebi/Project/dim24_run/dim24_run_1/1111/transformer-output-decoded.txt
INFO - 12/08/25 07:53:15 - 3:02:21 - Memory allocated:  45.82MB, reserved: 10106.00MB
INFO - 12/08/25 07:53:15 - 3:02:21 - ============ End of generation 12 ============
INFO - 12/08/25 07:53:15 - 3:02:21 - launching search.jl
INFO - 12/08/25 07:53:15 - 3:02:21 - JULIA_NUM_THREADS is set to 1
INFO - 12/08/25 08:06:16 - 3:15:22 - distribution of scores(all rounds)
INFO - 12/08/25 08:06:16 - 3:15:22 - Score:15237476000.0, Count:12
                                     
INFO - 12/08/25 08:06:16 - 3:15:22 - Score:8707129000.0, Count:10
                                     
INFO - 12/08/25 08:06:16 - 3:15:22 - Score:8336632000.0, Count:10
                                     
INFO - 12/08/25 08:06:16 - 3:15:22 - Score:8097031700.0, Count:10
                                     
INFO - 12/08/25 08:06:16 - 3:15:22 - Score:8032136000.0, Count:2
                                     
INFO - 12/08/25 08:06:16 - 3:15:22 - Score:8020934000.0, Count:8
                                     
INFO - 12/08/25 08:06:16 - 3:15:22 - Score:8008195600.0, Count:11
                                     
INFO - 12/08/25 08:06:16 - 3:15:22 - Score:7998533600.0, Count:2
                                     
INFO - 12/08/25 08:06:16 - 3:15:22 - Score:7988403000.0, Count:12
                                     
INFO - 12/08/25 08:06:16 - 3:15:22 - Score:7942933500.0, Count:12
                                     
INFO - 12/08/25 08:06:16 - 3:15:22 - Score:7933113000.0, Count:9
                                     
INFO - 12/08/25 08:06:16 - 3:15:22 - Score:7927215000.0, Count:2
                                     
INFO - 12/08/25 08:06:16 - 3:15:22 - tokenizing
INFO - 12/08/25 08:06:16 - 3:15:22 - Loading tokenizer from /home/yuebi/Project/dim24_run/dim24_run_1/1111/tokenizer_data/tokenizer.json...
INFO - 12/08/25 08:06:16 - 3:15:22 - 0 / 100
INFO - 12/08/25 08:06:16 - 3:15:22 - number of examples in the dataset: 100
INFO - 12/08/25 08:06:16 - 3:15:22 - max word length: 228
INFO - 12/08/25 08:06:16 - 3:15:22 - number of unique characters in the vocabulary: 15
INFO - 12/08/25 08:06:16 - 3:15:22 - vocabulary:
INFO - 12/08/25 08:06:16 - 3:15:22 - ['V0', 'V1', 'V2', 'V3', 'V4', 'V5', 'V6', 'V7', 'V8', 'V9', 'V10', 'V11', 'V12', 'V13', 'V14']
INFO - 12/08/25 08:06:16 - 3:15:22 - split up the dataset into 90 training examples and 10 test examples
INFO - 12/08/25 08:06:16 - 3:15:22 - ============ Start of generation 13 ============
INFO - 12/08/25 08:06:16 - 3:15:22 - Memory allocated:  45.82MB, reserved: 10106.00MB
INFO - 12/08/25 08:06:16 - 3:15:22 - training
INFO - 12/08/25 08:06:16 - 3:15:22 - step 0 | loss 0.0379 | step time 295.03ms
INFO - 12/08/25 08:06:45 - 3:15:51 - step 100 | loss 0.0209 | step time 287.34ms
INFO - 12/08/25 08:07:14 - 3:16:20 - step 200 | loss 0.0204 | step time 287.35ms
INFO - 12/08/25 08:07:43 - 3:16:49 - step 300 | loss 0.0206 | step time 287.35ms
INFO - 12/08/25 08:08:11 - 3:17:17 - step 400 | loss 0.0204 | step time 287.32ms
INFO - 12/08/25 08:08:40 - 3:17:46 - step 500 | loss 0.0206 | step time 287.49ms
INFO - 12/08/25 08:08:40 - 3:17:46 - step 500 train loss: 0.020787987858057022 test loss: 0.3580872416496277
INFO - 12/08/25 08:08:40 - 3:17:46 - test loss 0.3580872416496277 is the best so far, saving model to /home/yuebi/Project/dim24_run/dim24_run_1/1111/model.pt
INFO - 12/08/25 08:09:09 - 3:18:15 - step 600 | loss 0.0209 | step time 287.49ms
INFO - 12/08/25 08:09:38 - 3:18:44 - step 700 | loss 0.0208 | step time 287.46ms
INFO - 12/08/25 08:10:07 - 3:19:13 - step 800 | loss 0.0209 | step time 287.74ms
INFO - 12/08/25 08:10:35 - 3:19:41 - step 900 | loss 0.0209 | step time 287.37ms
INFO - 12/08/25 08:11:01 - 0:00:00 - ============ Initialized logger ============
INFO - 12/08/25 08:11:01 - 0:00:00 - batch_size: 32
                                     command: python fc_loop.py --exp_name=dim24_run_1 --dump_path=/home/yuebi/Project/dim24_run --num_initial_empty_objects=800 --final_database_size=100 --target_db_size=100 --nb_local_searches=1000 --max_epochs=20 --type=transformer --max-output-length=350 --sample-only=25000 --max-steps=1500 --n_tokens=15 --n-layer=8 --n-embd=128 --n-embd2=128 --exp_id=1111 --exp_id "1111"
                                     cpu: False
                                     debug: False
                                     debug_slurm: False
                                     dump_path: /home/yuebi/Project/dim24_run/dim24_run_1/1111
                                     exp_id: 1111
                                     exp_name: dim24_run_1
                                     final_database_size: 100
                                     gen_batch_size: 1000
                                     global_rank: 0
                                     is_master: True
                                     is_slurm_job: True
                                     learning_rate: 0.0005
                                     local_rank: 0
                                     master_addr: gpu-6
                                     master_port: -1
                                     max_epochs: 20
                                     max_output_length: 350
                                     max_steps: 1500
                                     multi_gpu: False
                                     multi_node: False
                                     n_embd: 128
                                     n_embd2: 128
                                     n_gpu_per_node: 1
                                     n_head: 8
                                     n_layer: 8
                                     n_nodes: 1
                                     n_tokens: 15
                                     nb_local_searches: 1000
                                     nb_threads: 1
                                     node_id: 0
                                     num_initial_empty_objects: 800
                                     num_workers: 8
                                     sample_only: 25000
                                     seed: -1
                                     target_db_size: 100
                                     temperature: 1.0
                                     top_k: -1
                                     type: transformer
                                     weight_decay: 0.01
                                     world_size: 1
INFO - 12/08/25 08:11:01 - 0:00:00 - The experiment will be stored in /home/yuebi/Project/dim24_run/dim24_run_1/1111
                                     
INFO - 12/08/25 08:11:01 - 0:00:00 - Running command: python fc_loop.py --exp_name=dim24_run_1 --dump_path=/home/yuebi/Project/dim24_run --num_initial_empty_objects=800 --final_database_size=100 --target_db_size=100 --nb_local_searches=1000 --max_epochs=20 --type=transformer --max-output-length=350 --sample-only=25000 --max-steps=1500 --n_tokens=15 --n-layer=8 --n-embd=128 --n-embd2=128 --exp_id=1111

WARNING - 12/08/25 08:11:01 - 0:00:00 - Signal handler installed.
INFO - 12/08/25 08:11:01 - 0:00:00 - seed: 569956546
INFO - 12/08/25 08:11:01 - 0:00:00 - initializing at generation: 13
INFO - 12/08/25 08:11:01 - 0:00:00 - number of examples in the dataset: 100
INFO - 12/08/25 08:11:01 - 0:00:00 - max word length: 228
INFO - 12/08/25 08:11:01 - 0:00:00 - number of unique characters in the vocabulary: 15
INFO - 12/08/25 08:11:01 - 0:00:00 - vocabulary:
INFO - 12/08/25 08:11:01 - 0:00:00 - ['V0', 'V1', 'V2', 'V3', 'V4', 'V5', 'V6', 'V7', 'V8', 'V9', 'V10', 'V11', 'V12', 'V13', 'V14']
INFO - 12/08/25 08:11:01 - 0:00:00 - split up the dataset into 90 training examples and 10 test examples
INFO - 12/08/25 08:11:01 - 0:00:00 - dataset determined that: vocab_size=16, block_size=351
INFO - 12/08/25 08:11:01 - 0:00:00 - model #params: 1635456
INFO - 12/08/25 08:11:01 - 0:00:00 - resuming from existing model
INFO - 12/08/25 08:11:01 - 0:00:00 - ============ Start of generation 13 ============
INFO - 12/08/25 08:11:01 - 0:00:00 - Memory allocated:  10.00MB, reserved: 22.00MB
INFO - 12/08/25 08:11:01 - 0:00:00 - training
INFO - 12/08/25 08:11:06 - 0:00:05 - step 0 | loss 0.0376 | step time 622.13ms
INFO - 12/08/25 08:11:35 - 0:00:34 - step 100 | loss 0.0209 | step time 287.02ms
INFO - 12/08/25 08:12:04 - 0:01:03 - step 200 | loss 0.0209 | step time 287.13ms
INFO - 12/08/25 08:12:32 - 0:01:31 - step 300 | loss 0.0201 | step time 287.12ms
INFO - 12/08/25 08:13:01 - 0:02:00 - step 400 | loss 0.0209 | step time 287.18ms
INFO - 12/08/25 08:13:30 - 0:02:29 - step 500 | loss 0.0209 | step time 286.98ms
INFO - 12/08/25 08:13:30 - 0:02:29 - step 500 train loss: 0.02090812660753727 test loss: 0.054936811327934265
INFO - 12/08/25 08:13:30 - 0:02:29 - test loss 0.054936811327934265 is the best so far, saving model to /home/yuebi/Project/dim24_run/dim24_run_1/1111/model.pt
INFO - 12/08/25 08:13:59 - 0:02:58 - step 600 | loss 0.0211 | step time 287.15ms
INFO - 12/08/25 08:14:27 - 0:03:26 - step 700 | loss 0.0215 | step time 286.99ms
INFO - 12/08/25 08:14:56 - 0:03:55 - step 800 | loss 0.0208 | step time 287.16ms
INFO - 12/08/25 08:15:25 - 0:04:24 - step 900 | loss 0.0209 | step time 287.26ms
INFO - 12/08/25 08:15:54 - 0:04:53 - step 1000 | loss 0.0203 | step time 287.18ms
INFO - 12/08/25 08:15:54 - 0:04:53 - step 1000 train loss: 0.020688967779278755 test loss: 0.10688573122024536
INFO - 12/08/25 08:16:23 - 0:05:22 - step 1100 | loss 0.0209 | step time 287.39ms
INFO - 12/08/25 08:16:51 - 0:05:50 - step 1200 | loss 0.0209 | step time 287.40ms
INFO - 12/08/25 08:17:20 - 0:06:19 - step 1300 | loss 0.0207 | step time 287.35ms
INFO - 12/08/25 08:17:49 - 0:06:48 - step 1400 | loss 0.0352 | step time 287.09ms
INFO - 12/08/25 08:18:17 - 0:07:16 - Memory allocated:  45.82MB, reserved: 3306.00MB
INFO - 12/08/25 08:18:17 - 0:07:16 - generating
INFO - 12/08/25 11:13:21 - 3:02:20 - distribution of sample lengths: average: 700.59728 max: 1008
INFO - 12/08/25 11:13:21 - 3:02:20 - printed 25000 samples
INFO - 12/08/25 11:13:21 - 3:02:20 - decoding
INFO - 12/08/25 11:13:23 - 3:02:22 - Decoding complete. Check the output in /home/yuebi/Project/dim24_run/dim24_run_1/1111/transformer-output-decoded.txt
INFO - 12/08/25 11:13:23 - 3:02:22 - Memory allocated:  45.82MB, reserved: 10106.00MB
INFO - 12/08/25 11:13:23 - 3:02:22 - ============ End of generation 13 ============
INFO - 12/08/25 11:13:23 - 3:02:22 - launching search.jl
INFO - 12/08/25 11:13:23 - 3:02:22 - JULIA_NUM_THREADS is set to 1
INFO - 12/08/25 11:26:27 - 3:15:26 - distribution of scores(all rounds)
INFO - 12/08/25 11:26:27 - 3:15:26 - Score:15237476000.0, Count:13
                                     
INFO - 12/08/25 11:26:27 - 3:15:26 - Score:8707129000.0, Count:11
                                     
INFO - 12/08/25 11:26:27 - 3:15:26 - Score:8336632000.0, Count:11
                                     
INFO - 12/08/25 11:26:27 - 3:15:26 - Score:8164946400.0, Count:1
                                     
INFO - 12/08/25 11:26:27 - 3:15:26 - Score:8097031700.0, Count:11
                                     
INFO - 12/08/25 11:26:27 - 3:15:26 - Score:8032136000.0, Count:3
                                     
INFO - 12/08/25 11:26:27 - 3:15:26 - Score:8020934000.0, Count:9
                                     
INFO - 12/08/25 11:26:27 - 3:15:26 - Score:8008195600.0, Count:12
                                     
INFO - 12/08/25 11:26:27 - 3:15:26 - Score:7998533600.0, Count:3
                                     
INFO - 12/08/25 11:26:27 - 3:15:26 - Score:7988403000.0, Count:13
                                     
INFO - 12/08/25 11:26:27 - 3:15:26 - Score:7942933500.0, Count:13
                                     
INFO - 12/08/25 11:26:27 - 3:15:26 - Score:7933113000.0, Count:0
                                     
INFO - 12/08/25 11:26:27 - 3:15:26 - tokenizing
INFO - 12/08/25 11:26:27 - 3:15:26 - Loading tokenizer from /home/yuebi/Project/dim24_run/dim24_run_1/1111/tokenizer_data/tokenizer.json...
INFO - 12/08/25 11:26:27 - 3:15:26 - 0 / 100
INFO - 12/08/25 11:26:27 - 3:15:26 - number of examples in the dataset: 100
INFO - 12/08/25 11:26:27 - 3:15:26 - max word length: 228
INFO - 12/08/25 11:26:27 - 3:15:26 - number of unique characters in the vocabulary: 15
INFO - 12/08/25 11:26:27 - 3:15:26 - vocabulary:
INFO - 12/08/25 11:26:27 - 3:15:26 - ['V0', 'V1', 'V2', 'V3', 'V4', 'V5', 'V6', 'V7', 'V8', 'V9', 'V10', 'V11', 'V12', 'V13', 'V14']
INFO - 12/08/25 11:26:27 - 3:15:26 - split up the dataset into 90 training examples and 10 test examples
INFO - 12/08/25 11:26:27 - 3:15:26 - ============ Start of generation 14 ============
INFO - 12/08/25 11:26:27 - 3:15:26 - Memory allocated:  45.82MB, reserved: 10106.00MB
INFO - 12/08/25 11:26:27 - 3:15:26 - training
INFO - 12/08/25 11:26:27 - 3:15:26 - step 0 | loss 0.0423 | step time 295.41ms
INFO - 12/08/25 11:26:56 - 3:15:55 - step 100 | loss 0.0246 | step time 287.58ms
INFO - 12/08/25 11:27:25 - 3:16:24 - step 200 | loss 0.0207 | step time 287.35ms
INFO - 12/08/25 11:27:53 - 3:16:52 - step 300 | loss 0.0210 | step time 287.42ms
INFO - 12/08/25 11:28:22 - 3:17:21 - step 400 | loss 0.0208 | step time 287.34ms
INFO - 12/08/25 11:28:51 - 3:17:50 - step 500 | loss 0.0210 | step time 287.25ms
INFO - 12/08/25 11:28:51 - 3:17:50 - step 500 train loss: 0.020784765481948853 test loss: 0.05926655977964401
INFO - 12/08/25 11:28:51 - 3:17:50 - test loss 0.05926655977964401 is the best so far, saving model to /home/yuebi/Project/dim24_run/dim24_run_1/1111/model.pt
INFO - 12/08/25 11:29:20 - 3:18:19 - step 600 | loss 0.0209 | step time 287.75ms
INFO - 12/08/25 11:29:49 - 3:18:48 - step 700 | loss 0.0217 | step time 287.62ms
INFO - 12/08/25 11:30:17 - 3:19:16 - step 800 | loss 0.0207 | step time 287.07ms
INFO - 12/08/25 11:30:46 - 3:19:45 - step 900 | loss 0.0206 | step time 287.26ms
INFO - 12/08/25 11:31:04 - 0:00:00 - ============ Initialized logger ============
INFO - 12/08/25 11:31:04 - 0:00:00 - batch_size: 32
                                     command: python fc_loop.py --exp_name=dim24_run_1 --dump_path=/home/yuebi/Project/dim24_run --num_initial_empty_objects=800 --final_database_size=100 --target_db_size=100 --nb_local_searches=1000 --max_epochs=20 --type=transformer --max-output-length=350 --sample-only=25000 --max-steps=1500 --n_tokens=15 --n-layer=8 --n-embd=128 --n-embd2=128 --exp_id=1111 --exp_id "1111"
                                     cpu: False
                                     debug: False
                                     debug_slurm: False
                                     dump_path: /home/yuebi/Project/dim24_run/dim24_run_1/1111
                                     exp_id: 1111
                                     exp_name: dim24_run_1
                                     final_database_size: 100
                                     gen_batch_size: 1000
                                     global_rank: 0
                                     is_master: True
                                     is_slurm_job: True
                                     learning_rate: 0.0005
                                     local_rank: 0
                                     master_addr: gpu-6
                                     master_port: -1
                                     max_epochs: 20
                                     max_output_length: 350
                                     max_steps: 1500
                                     multi_gpu: False
                                     multi_node: False
                                     n_embd: 128
                                     n_embd2: 128
                                     n_gpu_per_node: 1
                                     n_head: 8
                                     n_layer: 8
                                     n_nodes: 1
                                     n_tokens: 15
                                     nb_local_searches: 1000
                                     nb_threads: 1
                                     node_id: 0
                                     num_initial_empty_objects: 800
                                     num_workers: 8
                                     sample_only: 25000
                                     seed: -1
                                     target_db_size: 100
                                     temperature: 1.0
                                     top_k: -1
                                     type: transformer
                                     weight_decay: 0.01
                                     world_size: 1
INFO - 12/08/25 11:31:04 - 0:00:00 - The experiment will be stored in /home/yuebi/Project/dim24_run/dim24_run_1/1111
                                     
INFO - 12/08/25 11:31:04 - 0:00:00 - Running command: python fc_loop.py --exp_name=dim24_run_1 --dump_path=/home/yuebi/Project/dim24_run --num_initial_empty_objects=800 --final_database_size=100 --target_db_size=100 --nb_local_searches=1000 --max_epochs=20 --type=transformer --max-output-length=350 --sample-only=25000 --max-steps=1500 --n_tokens=15 --n-layer=8 --n-embd=128 --n-embd2=128 --exp_id=1111

WARNING - 12/08/25 11:31:04 - 0:00:00 - Signal handler installed.
INFO - 12/08/25 11:31:04 - 0:00:00 - seed: 304423517
INFO - 12/08/25 11:31:04 - 0:00:00 - initializing at generation: 14
INFO - 12/08/25 11:31:04 - 0:00:00 - number of examples in the dataset: 100
INFO - 12/08/25 11:31:04 - 0:00:00 - max word length: 228
INFO - 12/08/25 11:31:04 - 0:00:00 - number of unique characters in the vocabulary: 15
INFO - 12/08/25 11:31:04 - 0:00:00 - vocabulary:
INFO - 12/08/25 11:31:04 - 0:00:00 - ['V0', 'V1', 'V2', 'V3', 'V4', 'V5', 'V6', 'V7', 'V8', 'V9', 'V10', 'V11', 'V12', 'V13', 'V14']
INFO - 12/08/25 11:31:04 - 0:00:00 - split up the dataset into 90 training examples and 10 test examples
INFO - 12/08/25 11:31:04 - 0:00:00 - dataset determined that: vocab_size=16, block_size=351
INFO - 12/08/25 11:31:04 - 0:00:00 - model #params: 1635456
INFO - 12/08/25 11:31:04 - 0:00:00 - resuming from existing model
INFO - 12/08/25 11:31:04 - 0:00:00 - ============ Start of generation 14 ============
INFO - 12/08/25 11:31:04 - 0:00:00 - Memory allocated:  10.00MB, reserved: 22.00MB
INFO - 12/08/25 11:31:04 - 0:00:00 - training
INFO - 12/08/25 11:31:09 - 0:00:05 - step 0 | loss 0.0250 | step time 621.54ms
INFO - 12/08/25 11:31:38 - 0:00:34 - step 100 | loss 0.0203 | step time 287.26ms
INFO - 12/08/25 11:32:06 - 0:01:02 - step 200 | loss 0.0215 | step time 287.48ms
INFO - 12/08/25 11:32:35 - 0:01:31 - step 300 | loss 0.0205 | step time 286.97ms
INFO - 12/08/25 11:33:04 - 0:02:00 - step 400 | loss 0.0207 | step time 287.10ms
INFO - 12/08/25 11:33:32 - 0:02:28 - step 500 | loss 0.0319 | step time 287.71ms
INFO - 12/08/25 11:33:33 - 0:02:29 - step 500 train loss: 0.03246618062257767 test loss: 0.06115790084004402
INFO - 12/08/25 11:33:33 - 0:02:29 - test loss 0.06115790084004402 is the best so far, saving model to /home/yuebi/Project/dim24_run/dim24_run_1/1111/model.pt
INFO - 12/08/25 11:34:01 - 0:02:57 - step 600 | loss 0.0209 | step time 287.03ms
INFO - 12/08/25 11:34:30 - 0:03:26 - step 700 | loss 0.0207 | step time 287.22ms
INFO - 12/08/25 11:34:59 - 0:03:55 - step 800 | loss 0.0214 | step time 286.83ms
INFO - 12/08/25 11:35:28 - 0:04:24 - step 900 | loss 0.0205 | step time 286.86ms
INFO - 12/08/25 11:35:56 - 0:04:52 - step 1000 | loss 0.0215 | step time 286.88ms
INFO - 12/08/25 11:35:57 - 0:04:53 - step 1000 train loss: 0.02083013951778412 test loss: 0.1073274165391922
INFO - 12/08/25 11:36:25 - 0:05:21 - step 1100 | loss 0.0200 | step time 286.77ms
INFO - 12/08/25 11:36:54 - 0:05:50 - step 1200 | loss 0.0204 | step time 287.27ms
INFO - 12/08/25 11:37:23 - 0:06:19 - step 1300 | loss 0.0230 | step time 287.08ms
INFO - 12/08/25 11:37:51 - 0:06:47 - step 1400 | loss 0.0212 | step time 286.55ms
INFO - 12/08/25 11:38:20 - 0:07:16 - Memory allocated:  45.82MB, reserved: 3306.00MB
INFO - 12/08/25 11:38:20 - 0:07:16 - generating
INFO - 12/08/25 14:33:24 - 3:02:20 - distribution of sample lengths: average: 699.59056 max: 730
INFO - 12/08/25 14:33:24 - 3:02:20 - printed 25000 samples
INFO - 12/08/25 14:33:24 - 3:02:20 - decoding
INFO - 12/08/25 14:33:25 - 3:02:21 - Decoding complete. Check the output in /home/yuebi/Project/dim24_run/dim24_run_1/1111/transformer-output-decoded.txt
INFO - 12/08/25 14:33:25 - 3:02:21 - Memory allocated:  45.82MB, reserved: 10106.00MB
INFO - 12/08/25 14:33:25 - 3:02:21 - ============ End of generation 14 ============
INFO - 12/08/25 14:33:25 - 3:02:21 - launching search.jl
INFO - 12/08/25 14:33:25 - 3:02:21 - JULIA_NUM_THREADS is set to 1
INFO - 12/08/25 14:46:46 - 3:15:42 - distribution of scores(all rounds)
INFO - 12/08/25 14:46:46 - 3:15:42 - Score:15237476000.0, Count:14
                                     
INFO - 12/08/25 14:46:46 - 3:15:42 - Score:8707129000.0, Count:12
                                     
INFO - 12/08/25 14:46:46 - 3:15:42 - Score:8336632000.0, Count:12
                                     
INFO - 12/08/25 14:46:46 - 3:15:42 - Score:8164946400.0, Count:2
                                     
INFO - 12/08/25 14:46:46 - 3:15:42 - Score:8097031700.0, Count:12
                                     
INFO - 12/08/25 14:46:46 - 3:15:42 - Score:8042454000.0, Count:1
                                     
INFO - 12/08/25 14:46:46 - 3:15:42 - Score:8032136000.0, Count:4
                                     
INFO - 12/08/25 14:46:46 - 3:15:42 - Score:8020934000.0, Count:10
                                     
INFO - 12/08/25 14:46:46 - 3:15:42 - Score:8009856500.0, Count:1
                                     
INFO - 12/08/25 14:46:46 - 3:15:42 - Score:8008195600.0, Count:13
                                     
INFO - 12/08/25 14:46:46 - 3:15:42 - Score:7998533600.0, Count:4
                                     
INFO - 12/08/25 14:46:46 - 3:15:42 - Score:7997223400.0, Count:1
                                     
INFO - 12/08/25 14:46:46 - 3:15:42 - Score:7988403000.0, Count:14
                                     
INFO - 12/08/25 14:46:46 - 3:15:42 - Score:7982679000.0, Count:0
                                     
INFO - 12/08/25 14:46:46 - 3:15:42 - tokenizing
INFO - 12/08/25 14:46:46 - 3:15:42 - Loading tokenizer from /home/yuebi/Project/dim24_run/dim24_run_1/1111/tokenizer_data/tokenizer.json...
INFO - 12/08/25 14:46:46 - 3:15:42 - 0 / 100
INFO - 12/08/25 14:46:46 - 3:15:42 - number of examples in the dataset: 100
INFO - 12/08/25 14:46:46 - 3:15:42 - max word length: 228
INFO - 12/08/25 14:46:46 - 3:15:42 - number of unique characters in the vocabulary: 15
INFO - 12/08/25 14:46:46 - 3:15:42 - vocabulary:
INFO - 12/08/25 14:46:46 - 3:15:42 - ['V0', 'V1', 'V2', 'V3', 'V4', 'V5', 'V6', 'V7', 'V8', 'V9', 'V10', 'V11', 'V12', 'V13', 'V14']
INFO - 12/08/25 14:46:46 - 3:15:42 - split up the dataset into 90 training examples and 10 test examples
INFO - 12/08/25 14:46:46 - 3:15:42 - ============ Start of generation 15 ============
INFO - 12/08/25 14:46:46 - 3:15:42 - Memory allocated:  45.82MB, reserved: 10106.00MB
INFO - 12/08/25 14:46:46 - 3:15:42 - training
INFO - 12/08/25 14:46:47 - 3:15:43 - step 0 | loss 0.2911 | step time 295.38ms
INFO - 12/08/25 14:47:16 - 3:16:12 - step 100 | loss 0.0246 | step time 287.37ms
INFO - 12/08/25 14:47:44 - 3:16:40 - step 200 | loss 0.0210 | step time 287.73ms
INFO - 12/08/25 14:48:13 - 3:17:09 - step 300 | loss 0.0206 | step time 287.33ms
INFO - 12/08/25 14:48:42 - 3:17:38 - step 400 | loss 0.0208 | step time 287.53ms
INFO - 12/08/25 14:49:11 - 3:18:07 - step 500 | loss 0.0208 | step time 287.57ms
INFO - 12/08/25 14:49:11 - 3:18:07 - step 500 train loss: 0.020807867869734764 test loss: 0.14054124057292938
INFO - 12/08/25 14:49:11 - 3:18:07 - test loss 0.14054124057292938 is the best so far, saving model to /home/yuebi/Project/dim24_run/dim24_run_1/1111/model.pt
INFO - 12/08/25 14:49:40 - 3:18:36 - step 600 | loss 0.0209 | step time 287.36ms
INFO - 12/08/25 14:50:08 - 3:19:04 - step 700 | loss 0.0211 | step time 287.68ms
INFO - 12/08/25 14:50:37 - 3:19:33 - step 800 | loss 0.0210 | step time 287.52ms
INFO - 12/08/25 14:51:06 - 3:20:02 - step 900 | loss 0.0207 | step time 287.41ms
INFO - 12/08/25 14:51:14 - 0:00:00 - ============ Initialized logger ============
INFO - 12/08/25 14:51:14 - 0:00:00 - batch_size: 32
                                     command: python fc_loop.py --exp_name=dim24_run_1 --dump_path=/home/yuebi/Project/dim24_run --num_initial_empty_objects=800 --final_database_size=100 --target_db_size=100 --nb_local_searches=1000 --max_epochs=20 --type=transformer --max-output-length=350 --sample-only=25000 --max-steps=1500 --n_tokens=15 --n-layer=8 --n-embd=128 --n-embd2=128 --exp_id=1111 --exp_id "1111"
                                     cpu: False
                                     debug: False
                                     debug_slurm: False
                                     dump_path: /home/yuebi/Project/dim24_run/dim24_run_1/1111
                                     exp_id: 1111
                                     exp_name: dim24_run_1
                                     final_database_size: 100
                                     gen_batch_size: 1000
                                     global_rank: 0
                                     is_master: True
                                     is_slurm_job: True
                                     learning_rate: 0.0005
                                     local_rank: 0
                                     master_addr: gpu-6
                                     master_port: -1
                                     max_epochs: 20
                                     max_output_length: 350
                                     max_steps: 1500
                                     multi_gpu: False
                                     multi_node: False
                                     n_embd: 128
                                     n_embd2: 128
                                     n_gpu_per_node: 1
                                     n_head: 8
                                     n_layer: 8
                                     n_nodes: 1
                                     n_tokens: 15
                                     nb_local_searches: 1000
                                     nb_threads: 1
                                     node_id: 0
                                     num_initial_empty_objects: 800
                                     num_workers: 8
                                     sample_only: 25000
                                     seed: -1
                                     target_db_size: 100
                                     temperature: 1.0
                                     top_k: -1
                                     type: transformer
                                     weight_decay: 0.01
                                     world_size: 1
INFO - 12/08/25 14:51:14 - 0:00:00 - The experiment will be stored in /home/yuebi/Project/dim24_run/dim24_run_1/1111
                                     
INFO - 12/08/25 14:51:14 - 0:00:00 - Running command: python fc_loop.py --exp_name=dim24_run_1 --dump_path=/home/yuebi/Project/dim24_run --num_initial_empty_objects=800 --final_database_size=100 --target_db_size=100 --nb_local_searches=1000 --max_epochs=20 --type=transformer --max-output-length=350 --sample-only=25000 --max-steps=1500 --n_tokens=15 --n-layer=8 --n-embd=128 --n-embd2=128 --exp_id=1111

WARNING - 12/08/25 14:51:14 - 0:00:00 - Signal handler installed.
INFO - 12/08/25 14:51:14 - 0:00:00 - seed: 972776557
INFO - 12/08/25 14:51:14 - 0:00:00 - initializing at generation: 15
INFO - 12/08/25 14:51:14 - 0:00:00 - number of examples in the dataset: 100
INFO - 12/08/25 14:51:14 - 0:00:00 - max word length: 228
INFO - 12/08/25 14:51:14 - 0:00:00 - number of unique characters in the vocabulary: 15
INFO - 12/08/25 14:51:14 - 0:00:00 - vocabulary:
INFO - 12/08/25 14:51:14 - 0:00:00 - ['V0', 'V1', 'V2', 'V3', 'V4', 'V5', 'V6', 'V7', 'V8', 'V9', 'V10', 'V11', 'V12', 'V13', 'V14']
INFO - 12/08/25 14:51:14 - 0:00:00 - split up the dataset into 90 training examples and 10 test examples
INFO - 12/08/25 14:51:14 - 0:00:00 - dataset determined that: vocab_size=16, block_size=351
INFO - 12/08/25 14:51:14 - 0:00:00 - model #params: 1635456
INFO - 12/08/25 14:51:14 - 0:00:00 - resuming from existing model
INFO - 12/08/25 14:51:14 - 0:00:00 - ============ Start of generation 15 ============
INFO - 12/08/25 14:51:14 - 0:00:00 - Memory allocated:  10.00MB, reserved: 22.00MB
INFO - 12/08/25 14:51:14 - 0:00:00 - training
INFO - 12/08/25 14:51:19 - 0:00:05 - step 0 | loss 0.0246 | step time 609.28ms
INFO - 12/08/25 14:51:48 - 0:00:34 - step 100 | loss 0.0213 | step time 286.91ms
INFO - 12/08/25 14:52:17 - 0:01:03 - step 200 | loss 0.0207 | step time 287.43ms
INFO - 12/08/25 14:52:45 - 0:01:31 - step 300 | loss 0.0216 | step time 287.45ms
INFO - 12/08/25 14:53:14 - 0:02:00 - step 400 | loss 0.0205 | step time 287.39ms
INFO - 12/08/25 14:53:43 - 0:02:29 - step 500 | loss 0.0232 | step time 287.21ms
INFO - 12/08/25 14:53:43 - 0:02:29 - step 500 train loss: 0.024427130818367004 test loss: 0.09730314463376999
INFO - 12/08/25 14:53:43 - 0:02:29 - test loss 0.09730314463376999 is the best so far, saving model to /home/yuebi/Project/dim24_run/dim24_run_1/1111/model.pt
INFO - 12/08/25 14:54:12 - 0:02:58 - step 600 | loss 0.0212 | step time 287.50ms
INFO - 12/08/25 14:54:40 - 0:03:26 - step 700 | loss 0.0208 | step time 287.12ms
INFO - 12/08/25 14:55:09 - 0:03:55 - step 800 | loss 0.0204 | step time 287.31ms
INFO - 12/08/25 14:55:38 - 0:04:24 - step 900 | loss 0.0210 | step time 287.31ms
INFO - 12/08/25 14:56:07 - 0:04:53 - step 1000 | loss 0.0208 | step time 287.20ms
INFO - 12/08/25 14:56:07 - 0:04:53 - step 1000 train loss: 0.02104531042277813 test loss: 0.08479802310466766
INFO - 12/08/25 14:56:07 - 0:04:53 - test loss 0.08479802310466766 is the best so far, saving model to /home/yuebi/Project/dim24_run/dim24_run_1/1111/model.pt
INFO - 12/08/25 14:56:36 - 0:05:22 - step 1100 | loss 0.0204 | step time 287.46ms
INFO - 12/08/25 14:57:04 - 0:05:50 - step 1200 | loss 0.0204 | step time 287.17ms
INFO - 12/08/25 14:57:33 - 0:06:19 - step 1300 | loss 0.0205 | step time 287.29ms
INFO - 12/08/25 14:58:02 - 0:06:48 - step 1400 | loss 0.0206 | step time 287.86ms
INFO - 12/08/25 14:58:30 - 0:07:16 - Memory allocated:  45.82MB, reserved: 3306.00MB
INFO - 12/08/25 14:58:30 - 0:07:16 - generating
INFO - 12/08/25 17:53:51 - 3:02:37 - distribution of sample lengths: average: 700.13452 max: 732
INFO - 12/08/25 17:53:51 - 3:02:37 - printed 25000 samples
INFO - 12/08/25 17:53:51 - 3:02:37 - decoding
INFO - 12/08/25 17:53:53 - 3:02:39 - Decoding complete. Check the output in /home/yuebi/Project/dim24_run/dim24_run_1/1111/transformer-output-decoded.txt
INFO - 12/08/25 17:53:53 - 3:02:39 - Memory allocated:  45.82MB, reserved: 10106.00MB
INFO - 12/08/25 17:53:53 - 3:02:39 - ============ End of generation 15 ============
INFO - 12/08/25 17:53:53 - 3:02:39 - launching search.jl
INFO - 12/08/25 17:53:53 - 3:02:39 - JULIA_NUM_THREADS is set to 1
INFO - 12/08/25 18:06:48 - 3:15:34 - distribution of scores(all rounds)
INFO - 12/08/25 18:06:48 - 3:15:34 - Score:15237476000.0, Count:15
                                     
INFO - 12/08/25 18:06:48 - 3:15:34 - Score:8707129000.0, Count:13
                                     
INFO - 12/08/25 18:06:48 - 3:15:34 - Score:8336632000.0, Count:13
                                     
INFO - 12/08/25 18:06:48 - 3:15:34 - Score:8164946400.0, Count:3
                                     
INFO - 12/08/25 18:06:48 - 3:15:34 - Score:8097031700.0, Count:13
                                     
INFO - 12/08/25 18:06:48 - 3:15:34 - Score:8042454000.0, Count:2
                                     
INFO - 12/08/25 18:06:48 - 3:15:34 - Score:8032136000.0, Count:5
                                     
INFO - 12/08/25 18:06:48 - 3:15:34 - Score:8020934000.0, Count:11
                                     
INFO - 12/08/25 18:06:48 - 3:15:34 - Score:8009856500.0, Count:2
                                     
INFO - 12/08/25 18:06:48 - 3:15:34 - Score:8008195600.0, Count:14
                                     
INFO - 12/08/25 18:06:48 - 3:15:34 - Score:7998533600.0, Count:5
                                     
INFO - 12/08/25 18:06:48 - 3:15:34 - Score:7997223400.0, Count:2
                                     
INFO - 12/08/25 18:06:48 - 3:15:34 - Score:7988403000.0, Count:2
                                     
INFO - 12/08/25 18:06:48 - 3:15:34 - tokenizing
INFO - 12/08/25 18:06:48 - 3:15:34 - Loading tokenizer from /home/yuebi/Project/dim24_run/dim24_run_1/1111/tokenizer_data/tokenizer.json...
INFO - 12/08/25 18:06:48 - 3:15:34 - 0 / 100
INFO - 12/08/25 18:06:48 - 3:15:34 - number of examples in the dataset: 100
INFO - 12/08/25 18:06:48 - 3:15:34 - max word length: 228
INFO - 12/08/25 18:06:48 - 3:15:34 - number of unique characters in the vocabulary: 15
INFO - 12/08/25 18:06:48 - 3:15:34 - vocabulary:
INFO - 12/08/25 18:06:48 - 3:15:34 - ['V0', 'V1', 'V2', 'V3', 'V4', 'V5', 'V6', 'V7', 'V8', 'V9', 'V10', 'V11', 'V12', 'V13', 'V14']
INFO - 12/08/25 18:06:48 - 3:15:34 - split up the dataset into 90 training examples and 10 test examples
INFO - 12/08/25 18:06:48 - 3:15:34 - ============ Start of generation 16 ============
INFO - 12/08/25 18:06:48 - 3:15:34 - Memory allocated:  45.82MB, reserved: 10106.00MB
INFO - 12/08/25 18:06:48 - 3:15:34 - training
INFO - 12/08/25 18:06:49 - 3:15:35 - step 0 | loss 0.1303 | step time 294.82ms
INFO - 12/08/25 18:07:17 - 3:16:03 - step 100 | loss 0.0213 | step time 287.26ms
INFO - 12/08/25 18:07:46 - 3:16:32 - step 200 | loss 0.0212 | step time 287.29ms
INFO - 12/08/25 18:08:15 - 3:17:01 - step 300 | loss 0.0212 | step time 287.35ms
INFO - 12/08/25 18:08:44 - 3:17:30 - step 400 | loss 0.0219 | step time 287.33ms
INFO - 12/08/25 18:09:12 - 3:17:58 - step 500 | loss 0.0210 | step time 287.55ms
INFO - 12/08/25 18:09:13 - 3:17:59 - step 500 train loss: 0.02087850496172905 test loss: 0.06771765649318695
INFO - 12/08/25 18:09:13 - 3:17:59 - test loss 0.06771765649318695 is the best so far, saving model to /home/yuebi/Project/dim24_run/dim24_run_1/1111/model.pt
INFO - 12/08/25 18:09:41 - 3:18:27 - step 600 | loss 0.0210 | step time 287.43ms
INFO - 12/08/25 18:10:10 - 3:18:56 - step 700 | loss 0.0220 | step time 287.36ms
INFO - 12/08/25 18:10:39 - 3:19:25 - step 800 | loss 0.0206 | step time 287.35ms
INFO - 12/08/25 18:11:08 - 3:19:54 - step 900 | loss 0.0208 | step time 287.08ms
INFO - 12/08/25 18:11:23 - 0:00:00 - ============ Initialized logger ============
INFO - 12/08/25 18:11:23 - 0:00:00 - batch_size: 32
                                     command: python fc_loop.py --exp_name=dim24_run_1 --dump_path=/home/yuebi/Project/dim24_run --num_initial_empty_objects=800 --final_database_size=100 --target_db_size=100 --nb_local_searches=1000 --max_epochs=20 --type=transformer --max-output-length=350 --sample-only=25000 --max-steps=1500 --n_tokens=15 --n-layer=8 --n-embd=128 --n-embd2=128 --exp_id=1111 --exp_id "1111"
                                     cpu: False
                                     debug: False
                                     debug_slurm: False
                                     dump_path: /home/yuebi/Project/dim24_run/dim24_run_1/1111
                                     exp_id: 1111
                                     exp_name: dim24_run_1
                                     final_database_size: 100
                                     gen_batch_size: 1000
                                     global_rank: 0
                                     is_master: True
                                     is_slurm_job: True
                                     learning_rate: 0.0005
                                     local_rank: 0
                                     master_addr: gpu-6
                                     master_port: -1
                                     max_epochs: 20
                                     max_output_length: 350
                                     max_steps: 1500
                                     multi_gpu: False
                                     multi_node: False
                                     n_embd: 128
                                     n_embd2: 128
                                     n_gpu_per_node: 1
                                     n_head: 8
                                     n_layer: 8
                                     n_nodes: 1
                                     n_tokens: 15
                                     nb_local_searches: 1000
                                     nb_threads: 1
                                     node_id: 0
                                     num_initial_empty_objects: 800
                                     num_workers: 8
                                     sample_only: 25000
                                     seed: -1
                                     target_db_size: 100
                                     temperature: 1.0
                                     top_k: -1
                                     type: transformer
                                     weight_decay: 0.01
                                     world_size: 1
INFO - 12/08/25 18:11:23 - 0:00:00 - The experiment will be stored in /home/yuebi/Project/dim24_run/dim24_run_1/1111
                                     
INFO - 12/08/25 18:11:23 - 0:00:00 - Running command: python fc_loop.py --exp_name=dim24_run_1 --dump_path=/home/yuebi/Project/dim24_run --num_initial_empty_objects=800 --final_database_size=100 --target_db_size=100 --nb_local_searches=1000 --max_epochs=20 --type=transformer --max-output-length=350 --sample-only=25000 --max-steps=1500 --n_tokens=15 --n-layer=8 --n-embd=128 --n-embd2=128 --exp_id=1111

WARNING - 12/08/25 18:11:23 - 0:00:00 - Signal handler installed.
INFO - 12/08/25 18:11:23 - 0:00:00 - seed: 88802487
INFO - 12/08/25 18:11:23 - 0:00:00 - initializing at generation: 16
INFO - 12/08/25 18:11:23 - 0:00:00 - number of examples in the dataset: 100
INFO - 12/08/25 18:11:23 - 0:00:00 - max word length: 228
INFO - 12/08/25 18:11:23 - 0:00:00 - number of unique characters in the vocabulary: 15
INFO - 12/08/25 18:11:23 - 0:00:00 - vocabulary:
INFO - 12/08/25 18:11:23 - 0:00:00 - ['V0', 'V1', 'V2', 'V3', 'V4', 'V5', 'V6', 'V7', 'V8', 'V9', 'V10', 'V11', 'V12', 'V13', 'V14']
INFO - 12/08/25 18:11:23 - 0:00:00 - split up the dataset into 90 training examples and 10 test examples
INFO - 12/08/25 18:11:23 - 0:00:00 - dataset determined that: vocab_size=16, block_size=351
INFO - 12/08/25 18:11:23 - 0:00:00 - model #params: 1635456
INFO - 12/08/25 18:11:23 - 0:00:00 - resuming from existing model
INFO - 12/08/25 18:11:23 - 0:00:00 - ============ Start of generation 16 ============
INFO - 12/08/25 18:11:23 - 0:00:00 - Memory allocated:  10.00MB, reserved: 22.00MB
INFO - 12/08/25 18:11:23 - 0:00:00 - training
INFO - 12/08/25 18:11:28 - 0:00:05 - step 0 | loss 0.0253 | step time 624.40ms
INFO - 12/08/25 18:11:57 - 0:00:34 - step 100 | loss 0.0219 | step time 287.62ms
INFO - 12/08/25 18:12:26 - 0:01:03 - step 200 | loss 0.0212 | step time 287.42ms
INFO - 12/08/25 18:12:54 - 0:01:31 - step 300 | loss 0.0205 | step time 287.21ms
INFO - 12/08/25 18:13:23 - 0:02:00 - step 400 | loss 0.0206 | step time 287.37ms
INFO - 12/08/25 18:13:52 - 0:02:29 - step 500 | loss 0.0210 | step time 287.41ms
INFO - 12/08/25 18:13:52 - 0:02:29 - step 500 train loss: 0.02087755687534809 test loss: 0.06106313690543175
INFO - 12/08/25 18:13:52 - 0:02:29 - test loss 0.06106313690543175 is the best so far, saving model to /home/yuebi/Project/dim24_run/dim24_run_1/1111/model.pt
INFO - 12/08/25 18:14:21 - 0:02:58 - step 600 | loss 0.0205 | step time 287.48ms
INFO - 12/08/25 18:14:50 - 0:03:27 - step 700 | loss 0.0213 | step time 287.52ms
INFO - 12/08/25 18:15:18 - 0:03:55 - step 800 | loss 0.0208 | step time 287.89ms
INFO - 12/08/25 18:15:47 - 0:04:24 - step 900 | loss 0.0208 | step time 287.50ms
INFO - 12/08/25 18:16:16 - 0:04:53 - step 1000 | loss 0.0204 | step time 287.54ms
INFO - 12/08/25 18:16:16 - 0:04:53 - step 1000 train loss: 0.020690537989139557 test loss: 0.10108891874551773
INFO - 12/08/25 18:16:45 - 0:05:22 - step 1100 | loss 0.0209 | step time 287.36ms
INFO - 12/08/25 18:17:14 - 0:05:51 - step 1200 | loss 0.0209 | step time 287.36ms
INFO - 12/08/25 18:17:42 - 0:06:19 - step 1300 | loss 0.0207 | step time 287.33ms
INFO - 12/08/25 18:18:11 - 0:06:48 - step 1400 | loss 0.0208 | step time 287.21ms
INFO - 12/08/25 18:18:40 - 0:07:17 - Memory allocated:  45.82MB, reserved: 3306.00MB
INFO - 12/08/25 18:18:40 - 0:07:17 - generating
INFO - 12/08/25 21:14:09 - 3:02:46 - distribution of sample lengths: average: 699.58724 max: 1114
INFO - 12/08/25 21:14:09 - 3:02:46 - printed 25000 samples
INFO - 12/08/25 21:14:09 - 3:02:46 - decoding
INFO - 12/08/25 21:14:10 - 3:02:47 - Decoding complete. Check the output in /home/yuebi/Project/dim24_run/dim24_run_1/1111/transformer-output-decoded.txt
INFO - 12/08/25 21:14:10 - 3:02:47 - Memory allocated:  45.82MB, reserved: 10106.00MB
INFO - 12/08/25 21:14:10 - 3:02:47 - ============ End of generation 16 ============
INFO - 12/08/25 21:14:10 - 3:02:47 - launching search.jl
INFO - 12/08/25 21:14:10 - 3:02:47 - JULIA_NUM_THREADS is set to 1
INFO - 12/08/25 21:27:00 - 3:15:37 - distribution of scores(all rounds)
INFO - 12/08/25 21:27:00 - 3:15:37 - Score:15237476000.0, Count:16
                                     
INFO - 12/08/25 21:27:00 - 3:15:37 - Score:8707129000.0, Count:14
                                     
INFO - 12/08/25 21:27:00 - 3:15:37 - Score:8418403300.0, Count:1
                                     
INFO - 12/08/25 21:27:00 - 3:15:37 - Score:8336632000.0, Count:14
                                     
INFO - 12/08/25 21:27:00 - 3:15:37 - Score:8222010000.0, Count:1
                                     
INFO - 12/08/25 21:27:00 - 3:15:37 - Score:8164946400.0, Count:4
                                     
INFO - 12/08/25 21:27:00 - 3:15:37 - Score:8097031700.0, Count:14
                                     
INFO - 12/08/25 21:27:00 - 3:15:37 - Score:8042454000.0, Count:3
                                     
INFO - 12/08/25 21:27:00 - 3:15:37 - Score:8032136000.0, Count:6
                                     
INFO - 12/08/25 21:27:00 - 3:15:37 - Score:8020934000.0, Count:12
                                     
INFO - 12/08/25 21:27:00 - 3:15:37 - Score:8009856500.0, Count:3
                                     
INFO - 12/08/25 21:27:00 - 3:15:37 - Score:8008195600.0, Count:12
                                     
INFO - 12/08/25 21:27:00 - 3:15:37 - tokenizing
INFO - 12/08/25 21:27:00 - 3:15:37 - Loading tokenizer from /home/yuebi/Project/dim24_run/dim24_run_1/1111/tokenizer_data/tokenizer.json...
INFO - 12/08/25 21:27:00 - 3:15:37 - 0 / 100
INFO - 12/08/25 21:27:00 - 3:15:37 - number of examples in the dataset: 100
INFO - 12/08/25 21:27:00 - 3:15:37 - max word length: 228
INFO - 12/08/25 21:27:00 - 3:15:37 - number of unique characters in the vocabulary: 15
INFO - 12/08/25 21:27:00 - 3:15:37 - vocabulary:
INFO - 12/08/25 21:27:00 - 3:15:37 - ['V0', 'V1', 'V2', 'V3', 'V4', 'V5', 'V6', 'V7', 'V8', 'V9', 'V10', 'V11', 'V12', 'V13', 'V14']
INFO - 12/08/25 21:27:00 - 3:15:37 - split up the dataset into 90 training examples and 10 test examples
INFO - 12/08/25 21:27:00 - 3:15:37 - ============ Start of generation 17 ============
INFO - 12/08/25 21:27:00 - 3:15:37 - Memory allocated:  45.82MB, reserved: 10106.00MB
INFO - 12/08/25 21:27:00 - 3:15:37 - training
INFO - 12/08/25 21:27:00 - 3:15:37 - step 0 | loss 0.4967 | step time 295.74ms
INFO - 12/08/25 21:27:29 - 3:16:06 - step 100 | loss 0.0245 | step time 289.14ms
INFO - 12/08/25 21:27:58 - 3:16:35 - step 200 | loss 0.0219 | step time 288.28ms
INFO - 12/08/25 21:28:27 - 3:17:04 - step 300 | loss 0.0210 | step time 289.12ms
INFO - 12/08/25 21:28:56 - 3:17:33 - step 400 | loss 0.0206 | step time 289.08ms
INFO - 12/08/25 21:29:25 - 3:18:02 - step 500 | loss 0.0210 | step time 288.15ms
INFO - 12/08/25 21:29:25 - 3:18:02 - step 500 train loss: 0.020875686779618263 test loss: 0.3557182848453522
INFO - 12/08/25 21:29:25 - 3:18:02 - test loss 0.3557182848453522 is the best so far, saving model to /home/yuebi/Project/dim24_run/dim24_run_1/1111/model.pt
INFO - 12/08/25 21:29:54 - 3:18:31 - step 600 | loss 0.0214 | step time 289.04ms
INFO - 12/08/25 21:30:23 - 3:19:00 - step 700 | loss 0.0206 | step time 289.08ms
INFO - 12/08/25 21:30:52 - 3:19:29 - step 800 | loss 0.0207 | step time 287.19ms
INFO - 12/08/25 21:31:21 - 3:19:58 - step 900 | loss 0.0207 | step time 288.01ms
INFO - 12/08/25 21:31:29 - 0:00:00 - ============ Initialized logger ============
INFO - 12/08/25 21:31:29 - 0:00:00 - batch_size: 32
                                     command: python fc_loop.py --exp_name=dim24_run_1 --dump_path=/home/yuebi/Project/dim24_run --num_initial_empty_objects=800 --final_database_size=100 --target_db_size=100 --nb_local_searches=1000 --max_epochs=20 --type=transformer --max-output-length=350 --sample-only=25000 --max-steps=1500 --n_tokens=15 --n-layer=8 --n-embd=128 --n-embd2=128 --exp_id=1111 --exp_id "1111"
                                     cpu: False
                                     debug: False
                                     debug_slurm: False
                                     dump_path: /home/yuebi/Project/dim24_run/dim24_run_1/1111
                                     exp_id: 1111
                                     exp_name: dim24_run_1
                                     final_database_size: 100
                                     gen_batch_size: 1000
                                     global_rank: 0
                                     is_master: True
                                     is_slurm_job: True
                                     learning_rate: 0.0005
                                     local_rank: 0
                                     master_addr: gpu-6
                                     master_port: -1
                                     max_epochs: 20
                                     max_output_length: 350
                                     max_steps: 1500
                                     multi_gpu: False
                                     multi_node: False
                                     n_embd: 128
                                     n_embd2: 128
                                     n_gpu_per_node: 1
                                     n_head: 8
                                     n_layer: 8
                                     n_nodes: 1
                                     n_tokens: 15
                                     nb_local_searches: 1000
                                     nb_threads: 1
                                     node_id: 0
                                     num_initial_empty_objects: 800
                                     num_workers: 8
                                     sample_only: 25000
                                     seed: -1
                                     target_db_size: 100
                                     temperature: 1.0
                                     top_k: -1
                                     type: transformer
                                     weight_decay: 0.01
                                     world_size: 1
INFO - 12/08/25 21:31:29 - 0:00:00 - The experiment will be stored in /home/yuebi/Project/dim24_run/dim24_run_1/1111
                                     
INFO - 12/08/25 21:31:29 - 0:00:00 - Running command: python fc_loop.py --exp_name=dim24_run_1 --dump_path=/home/yuebi/Project/dim24_run --num_initial_empty_objects=800 --final_database_size=100 --target_db_size=100 --nb_local_searches=1000 --max_epochs=20 --type=transformer --max-output-length=350 --sample-only=25000 --max-steps=1500 --n_tokens=15 --n-layer=8 --n-embd=128 --n-embd2=128 --exp_id=1111

WARNING - 12/08/25 21:31:29 - 0:00:00 - Signal handler installed.
INFO - 12/08/25 21:31:29 - 0:00:00 - seed: 913011377
INFO - 12/08/25 21:31:29 - 0:00:00 - initializing at generation: 17
INFO - 12/08/25 21:31:29 - 0:00:00 - number of examples in the dataset: 100
INFO - 12/08/25 21:31:29 - 0:00:00 - max word length: 228
INFO - 12/08/25 21:31:29 - 0:00:00 - number of unique characters in the vocabulary: 15
INFO - 12/08/25 21:31:29 - 0:00:00 - vocabulary:
INFO - 12/08/25 21:31:29 - 0:00:00 - ['V0', 'V1', 'V2', 'V3', 'V4', 'V5', 'V6', 'V7', 'V8', 'V9', 'V10', 'V11', 'V12', 'V13', 'V14']
INFO - 12/08/25 21:31:29 - 0:00:00 - split up the dataset into 90 training examples and 10 test examples
INFO - 12/08/25 21:31:29 - 0:00:00 - dataset determined that: vocab_size=16, block_size=351
INFO - 12/08/25 21:31:29 - 0:00:00 - model #params: 1635456
INFO - 12/08/25 21:31:29 - 0:00:00 - resuming from existing model
INFO - 12/08/25 21:31:29 - 0:00:00 - ============ Start of generation 17 ============
INFO - 12/08/25 21:31:29 - 0:00:00 - Memory allocated:  10.00MB, reserved: 22.00MB
INFO - 12/08/25 21:31:29 - 0:00:00 - training
INFO - 12/08/25 21:31:34 - 0:00:05 - step 0 | loss 0.0218 | step time 616.21ms
INFO - 12/08/25 21:32:03 - 0:00:34 - step 100 | loss 0.0217 | step time 286.91ms
INFO - 12/08/25 21:32:31 - 0:01:02 - step 200 | loss 0.0211 | step time 286.51ms
INFO - 12/08/25 21:33:00 - 0:01:31 - step 300 | loss 0.0209 | step time 286.95ms
INFO - 12/08/25 21:33:29 - 0:02:00 - step 400 | loss 0.0213 | step time 285.82ms
INFO - 12/08/25 21:33:57 - 0:02:28 - step 500 | loss 0.0214 | step time 287.08ms
INFO - 12/08/25 21:33:58 - 0:02:29 - step 500 train loss: 0.02096627838909626 test loss: 0.11646824330091476
INFO - 12/08/25 21:33:58 - 0:02:29 - test loss 0.11646824330091476 is the best so far, saving model to /home/yuebi/Project/dim24_run/dim24_run_1/1111/model.pt
INFO - 12/08/25 21:34:26 - 0:02:57 - step 600 | loss 0.0285 | step time 286.89ms
INFO - 12/08/25 21:34:55 - 0:03:26 - step 700 | loss 0.0210 | step time 287.04ms
INFO - 12/08/25 21:35:24 - 0:03:55 - step 800 | loss 0.0211 | step time 286.53ms
INFO - 12/08/25 21:35:52 - 0:04:23 - step 900 | loss 0.0208 | step time 286.92ms
INFO - 12/08/25 21:36:21 - 0:04:52 - step 1000 | loss 0.0210 | step time 286.92ms
INFO - 12/08/25 21:36:21 - 0:04:52 - step 1000 train loss: 0.02086821012198925 test loss: 0.3099934458732605
INFO - 12/08/25 21:36:50 - 0:05:21 - step 1100 | loss 0.0216 | step time 286.70ms
INFO - 12/08/25 21:37:19 - 0:05:50 - step 1200 | loss 0.0208 | step time 286.92ms
INFO - 12/08/25 21:37:47 - 0:06:18 - step 1300 | loss 0.0206 | step time 286.84ms
INFO - 12/08/25 21:38:16 - 0:06:47 - step 1400 | loss 0.0207 | step time 286.92ms
INFO - 12/08/25 21:38:45 - 0:07:16 - Memory allocated:  45.82MB, reserved: 3306.00MB
INFO - 12/08/25 21:38:45 - 0:07:16 - generating
INFO - 12/09/25 00:33:55 - 3:02:26 - distribution of sample lengths: average: 699.6324 max: 1113
INFO - 12/09/25 00:33:55 - 3:02:26 - printed 25000 samples
INFO - 12/09/25 00:33:55 - 3:02:26 - decoding
INFO - 12/09/25 00:33:56 - 3:02:27 - Decoding complete. Check the output in /home/yuebi/Project/dim24_run/dim24_run_1/1111/transformer-output-decoded.txt
INFO - 12/09/25 00:33:56 - 3:02:27 - Memory allocated:  45.82MB, reserved: 10106.00MB
INFO - 12/09/25 00:33:56 - 3:02:27 - ============ End of generation 17 ============
INFO - 12/09/25 00:33:56 - 3:02:27 - launching search.jl
INFO - 12/09/25 00:33:56 - 3:02:27 - JULIA_NUM_THREADS is set to 1
INFO - 12/09/25 00:47:06 - 3:15:37 - distribution of scores(all rounds)
INFO - 12/09/25 00:47:06 - 3:15:37 - Score:15237476000.0, Count:17
                                     
INFO - 12/09/25 00:47:06 - 3:15:37 - Score:8707129000.0, Count:15
                                     
INFO - 12/09/25 00:47:06 - 3:15:37 - Score:8418403300.0, Count:2
                                     
INFO - 12/09/25 00:47:06 - 3:15:37 - Score:8336632000.0, Count:15
                                     
INFO - 12/09/25 00:47:06 - 3:15:37 - Score:8222010000.0, Count:2
                                     
INFO - 12/09/25 00:47:06 - 3:15:37 - Score:8164946400.0, Count:5
                                     
INFO - 12/09/25 00:47:06 - 3:15:37 - Score:8097031700.0, Count:15
                                     
INFO - 12/09/25 00:47:06 - 3:15:37 - Score:8057970000.0, Count:1
                                     
INFO - 12/09/25 00:47:06 - 3:15:37 - Score:8042454000.0, Count:4
                                     
INFO - 12/09/25 00:47:06 - 3:15:37 - Score:8032136000.0, Count:7
                                     
INFO - 12/09/25 00:47:06 - 3:15:37 - Score:8020934000.0, Count:13
                                     
INFO - 12/09/25 00:47:06 - 3:15:37 - Score:8009856500.0, Count:4
                                     
INFO - 12/09/25 00:47:06 - 3:15:37 - Score:8008195600.0, Count:0
                                     
INFO - 12/09/25 00:47:06 - 3:15:37 - tokenizing
INFO - 12/09/25 00:47:06 - 3:15:37 - Loading tokenizer from /home/yuebi/Project/dim24_run/dim24_run_1/1111/tokenizer_data/tokenizer.json...
INFO - 12/09/25 00:47:06 - 3:15:37 - 0 / 100
INFO - 12/09/25 00:47:06 - 3:15:37 - number of examples in the dataset: 100
INFO - 12/09/25 00:47:06 - 3:15:37 - max word length: 228
INFO - 12/09/25 00:47:06 - 3:15:37 - number of unique characters in the vocabulary: 15
INFO - 12/09/25 00:47:06 - 3:15:37 - vocabulary:
INFO - 12/09/25 00:47:06 - 3:15:37 - ['V0', 'V1', 'V2', 'V3', 'V4', 'V5', 'V6', 'V7', 'V8', 'V9', 'V10', 'V11', 'V12', 'V13', 'V14']
INFO - 12/09/25 00:47:06 - 3:15:37 - split up the dataset into 90 training examples and 10 test examples
INFO - 12/09/25 00:47:06 - 3:15:37 - ============ Start of generation 18 ============
INFO - 12/09/25 00:47:06 - 3:15:37 - Memory allocated:  45.82MB, reserved: 10106.00MB
INFO - 12/09/25 00:47:06 - 3:15:37 - training
INFO - 12/09/25 00:47:06 - 3:15:37 - step 0 | loss 0.1709 | step time 296.73ms
INFO - 12/09/25 00:47:35 - 3:16:06 - step 100 | loss 0.0207 | step time 287.14ms
INFO - 12/09/25 00:48:04 - 3:16:35 - step 200 | loss 0.0211 | step time 286.40ms
INFO - 12/09/25 00:48:32 - 3:17:03 - step 300 | loss 0.0208 | step time 286.79ms
INFO - 12/09/25 00:49:01 - 3:17:32 - step 400 | loss 0.0262 | step time 286.19ms
INFO - 12/09/25 00:49:30 - 3:18:01 - step 500 | loss 0.0208 | step time 286.33ms
INFO - 12/09/25 00:49:30 - 3:18:01 - step 500 train loss: 0.020757190883159637 test loss: 0.3567279875278473
INFO - 12/09/25 00:49:30 - 3:18:01 - test loss 0.3567279875278473 is the best so far, saving model to /home/yuebi/Project/dim24_run/dim24_run_1/1111/model.pt
INFO - 12/09/25 00:49:59 - 3:18:30 - step 600 | loss 0.0206 | step time 286.32ms
INFO - 12/09/25 00:50:27 - 3:18:58 - step 700 | loss 0.0219 | step time 286.84ms
INFO - 12/09/25 00:50:56 - 3:19:27 - step 800 | loss 0.0208 | step time 286.71ms
INFO - 12/09/25 00:51:25 - 3:19:56 - step 900 | loss 0.0213 | step time 286.30ms
INFO - 12/09/25 00:51:34 - 0:00:00 - ============ Initialized logger ============
INFO - 12/09/25 00:51:34 - 0:00:00 - batch_size: 32
                                     command: python fc_loop.py --exp_name=dim24_run_1 --dump_path=/home/yuebi/Project/dim24_run --num_initial_empty_objects=800 --final_database_size=100 --target_db_size=100 --nb_local_searches=1000 --max_epochs=20 --type=transformer --max-output-length=350 --sample-only=25000 --max-steps=1500 --n_tokens=15 --n-layer=8 --n-embd=128 --n-embd2=128 --exp_id=1111 --exp_id "1111"
                                     cpu: False
                                     debug: False
                                     debug_slurm: False
                                     dump_path: /home/yuebi/Project/dim24_run/dim24_run_1/1111
                                     exp_id: 1111
                                     exp_name: dim24_run_1
                                     final_database_size: 100
                                     gen_batch_size: 1000
                                     global_rank: 0
                                     is_master: True
                                     is_slurm_job: True
                                     learning_rate: 0.0005
                                     local_rank: 0
                                     master_addr: gpu-6
                                     master_port: -1
                                     max_epochs: 20
                                     max_output_length: 350
                                     max_steps: 1500
                                     multi_gpu: False
                                     multi_node: False
                                     n_embd: 128
                                     n_embd2: 128
                                     n_gpu_per_node: 1
                                     n_head: 8
                                     n_layer: 8
                                     n_nodes: 1
                                     n_tokens: 15
                                     nb_local_searches: 1000
                                     nb_threads: 1
                                     node_id: 0
                                     num_initial_empty_objects: 800
                                     num_workers: 8
                                     sample_only: 25000
                                     seed: -1
                                     target_db_size: 100
                                     temperature: 1.0
                                     top_k: -1
                                     type: transformer
                                     weight_decay: 0.01
                                     world_size: 1
INFO - 12/09/25 00:51:34 - 0:00:00 - The experiment will be stored in /home/yuebi/Project/dim24_run/dim24_run_1/1111
                                     
INFO - 12/09/25 00:51:34 - 0:00:00 - Running command: python fc_loop.py --exp_name=dim24_run_1 --dump_path=/home/yuebi/Project/dim24_run --num_initial_empty_objects=800 --final_database_size=100 --target_db_size=100 --nb_local_searches=1000 --max_epochs=20 --type=transformer --max-output-length=350 --sample-only=25000 --max-steps=1500 --n_tokens=15 --n-layer=8 --n-embd=128 --n-embd2=128 --exp_id=1111

WARNING - 12/09/25 00:51:34 - 0:00:00 - Signal handler installed.
INFO - 12/09/25 00:51:34 - 0:00:00 - seed: 219276367
INFO - 12/09/25 00:51:34 - 0:00:00 - initializing at generation: 18
INFO - 12/09/25 00:51:34 - 0:00:00 - number of examples in the dataset: 100
INFO - 12/09/25 00:51:34 - 0:00:00 - max word length: 228
INFO - 12/09/25 00:51:34 - 0:00:00 - number of unique characters in the vocabulary: 15
INFO - 12/09/25 00:51:34 - 0:00:00 - vocabulary:
INFO - 12/09/25 00:51:34 - 0:00:00 - ['V0', 'V1', 'V2', 'V3', 'V4', 'V5', 'V6', 'V7', 'V8', 'V9', 'V10', 'V11', 'V12', 'V13', 'V14']
INFO - 12/09/25 00:51:34 - 0:00:00 - split up the dataset into 90 training examples and 10 test examples
INFO - 12/09/25 00:51:34 - 0:00:00 - dataset determined that: vocab_size=16, block_size=351
INFO - 12/09/25 00:51:34 - 0:00:00 - model #params: 1635456
INFO - 12/09/25 00:51:34 - 0:00:00 - resuming from existing model
INFO - 12/09/25 00:51:34 - 0:00:00 - ============ Start of generation 18 ============
INFO - 12/09/25 00:51:34 - 0:00:00 - Memory allocated:  10.00MB, reserved: 22.00MB
INFO - 12/09/25 00:51:34 - 0:00:00 - training
INFO - 12/09/25 00:51:40 - 0:00:05 - step 0 | loss 0.0220 | step time 626.09ms
INFO - 12/09/25 00:52:08 - 0:00:34 - step 100 | loss 0.0212 | step time 285.70ms
INFO - 12/09/25 00:52:37 - 0:01:03 - step 200 | loss 0.0209 | step time 285.95ms
INFO - 12/09/25 00:53:05 - 0:01:31 - step 300 | loss 0.0213 | step time 286.86ms
INFO - 12/09/25 00:53:34 - 0:02:00 - step 400 | loss 0.0258 | step time 285.70ms
INFO - 12/09/25 00:54:03 - 0:02:29 - step 500 | loss 0.0212 | step time 286.91ms
INFO - 12/09/25 00:54:03 - 0:02:29 - step 500 train loss: 0.020764674991369247 test loss: 0.1031975969672203
INFO - 12/09/25 00:54:03 - 0:02:29 - test loss 0.1031975969672203 is the best so far, saving model to /home/yuebi/Project/dim24_run/dim24_run_1/1111/model.pt
INFO - 12/09/25 00:54:32 - 0:02:58 - step 600 | loss 0.0207 | step time 286.01ms
INFO - 12/09/25 00:55:00 - 0:03:26 - step 700 | loss 0.0205 | step time 286.60ms
INFO - 12/09/25 00:55:29 - 0:03:55 - step 800 | loss 0.0204 | step time 286.84ms
INFO - 12/09/25 00:55:58 - 0:04:24 - step 900 | loss 0.0225 | step time 286.49ms
INFO - 12/09/25 00:56:26 - 0:04:52 - step 1000 | loss 0.0205 | step time 286.83ms
INFO - 12/09/25 00:56:27 - 0:04:53 - step 1000 train loss: 0.020731694996356964 test loss: 0.15478602051734924
INFO - 12/09/25 00:56:55 - 0:05:21 - step 1100 | loss 0.0208 | step time 286.67ms
INFO - 12/09/25 00:57:24 - 0:05:50 - step 1200 | loss 0.0207 | step time 286.42ms
INFO - 12/09/25 00:57:53 - 0:06:19 - step 1300 | loss 0.0209 | step time 286.75ms
INFO - 12/09/25 00:58:21 - 0:06:47 - step 1400 | loss 0.0258 | step time 286.76ms
INFO - 12/09/25 00:58:50 - 0:07:16 - Memory allocated:  45.82MB, reserved: 3306.00MB
INFO - 12/09/25 00:58:50 - 0:07:16 - generating
INFO - 12/09/25 03:53:58 - 3:02:24 - distribution of sample lengths: average: 699.9866 max: 732
INFO - 12/09/25 03:53:58 - 3:02:24 - printed 25000 samples
INFO - 12/09/25 03:53:58 - 3:02:24 - decoding
INFO - 12/09/25 03:53:59 - 3:02:25 - Decoding complete. Check the output in /home/yuebi/Project/dim24_run/dim24_run_1/1111/transformer-output-decoded.txt
INFO - 12/09/25 03:53:59 - 3:02:25 - Memory allocated:  45.82MB, reserved: 10106.00MB
INFO - 12/09/25 03:53:59 - 3:02:25 - ============ End of generation 18 ============
INFO - 12/09/25 03:53:59 - 3:02:25 - launching search.jl
INFO - 12/09/25 03:53:59 - 3:02:25 - JULIA_NUM_THREADS is set to 1
INFO - 12/09/25 04:07:00 - 3:15:26 - distribution of scores(all rounds)
INFO - 12/09/25 04:07:00 - 3:15:26 - Score:15237476000.0, Count:18
                                     
INFO - 12/09/25 04:07:00 - 3:15:26 - Score:8707129000.0, Count:16
                                     
INFO - 12/09/25 04:07:00 - 3:15:26 - Score:8418403300.0, Count:3
                                     
INFO - 12/09/25 04:07:00 - 3:15:26 - Score:8336632000.0, Count:16
                                     
INFO - 12/09/25 04:07:00 - 3:15:26 - Score:8222010000.0, Count:3
                                     
INFO - 12/09/25 04:07:00 - 3:15:26 - Score:8185419300.0, Count:1
                                     
INFO - 12/09/25 04:07:00 - 3:15:26 - Score:8164946400.0, Count:6
                                     
INFO - 12/09/25 04:07:00 - 3:15:26 - Score:8097031700.0, Count:16
                                     
INFO - 12/09/25 04:07:00 - 3:15:26 - Score:8078673400.0, Count:1
                                     
INFO - 12/09/25 04:07:00 - 3:15:26 - Score:8057970000.0, Count:2
                                     
INFO - 12/09/25 04:07:00 - 3:15:26 - Score:8042454000.0, Count:5
                                     
INFO - 12/09/25 04:07:00 - 3:15:26 - Score:8032136000.0, Count:8
                                     
INFO - 12/09/25 04:07:00 - 3:15:26 - Score:8020934000.0, Count:5
                                     
INFO - 12/09/25 04:07:00 - 3:15:26 - tokenizing
INFO - 12/09/25 04:07:00 - 3:15:26 - Loading tokenizer from /home/yuebi/Project/dim24_run/dim24_run_1/1111/tokenizer_data/tokenizer.json...
INFO - 12/09/25 04:07:00 - 3:15:26 - 0 / 100
INFO - 12/09/25 04:07:00 - 3:15:26 - number of examples in the dataset: 100
INFO - 12/09/25 04:07:00 - 3:15:26 - max word length: 228
INFO - 12/09/25 04:07:00 - 3:15:26 - number of unique characters in the vocabulary: 15
INFO - 12/09/25 04:07:00 - 3:15:26 - vocabulary:
INFO - 12/09/25 04:07:00 - 3:15:26 - ['V0', 'V1', 'V2', 'V3', 'V4', 'V5', 'V6', 'V7', 'V8', 'V9', 'V10', 'V11', 'V12', 'V13', 'V14']
INFO - 12/09/25 04:07:00 - 3:15:26 - split up the dataset into 90 training examples and 10 test examples
INFO - 12/09/25 04:07:00 - 3:15:26 - ============ Start of generation 19 ============
INFO - 12/09/25 04:07:00 - 3:15:26 - Memory allocated:  45.82MB, reserved: 10106.00MB
INFO - 12/09/25 04:07:00 - 3:15:26 - training
INFO - 12/09/25 04:07:00 - 3:15:26 - step 0 | loss 0.1046 | step time 293.59ms
INFO - 12/09/25 04:07:29 - 3:15:55 - step 100 | loss 0.0219 | step time 286.72ms
INFO - 12/09/25 04:07:57 - 3:16:23 - step 200 | loss 0.0212 | step time 286.30ms
INFO - 12/09/25 04:08:26 - 3:16:52 - step 300 | loss 0.0213 | step time 286.90ms
INFO - 12/09/25 04:08:55 - 3:17:21 - step 400 | loss 0.0211 | step time 286.83ms
INFO - 12/09/25 04:09:24 - 3:17:49 - step 500 | loss 0.0212 | step time 287.30ms
INFO - 12/09/25 04:09:24 - 3:17:50 - step 500 train loss: 0.020918820053339005 test loss: 0.07737109810113907
INFO - 12/09/25 04:09:24 - 3:17:50 - test loss 0.07737109810113907 is the best so far, saving model to /home/yuebi/Project/dim24_run/dim24_run_1/1111/model.pt
INFO - 12/09/25 04:09:53 - 3:18:18 - step 600 | loss 0.0217 | step time 286.21ms
INFO - 12/09/25 04:10:21 - 3:18:47 - step 700 | loss 0.0205 | step time 286.03ms
INFO - 12/09/25 04:10:50 - 3:19:16 - step 800 | loss 0.0205 | step time 286.08ms
INFO - 12/09/25 04:11:18 - 3:19:44 - step 900 | loss 0.0215 | step time 286.12ms
INFO - 12/09/25 04:11:39 - 0:00:00 - ============ Initialized logger ============
INFO - 12/09/25 04:11:39 - 0:00:00 - batch_size: 32
                                     command: python fc_loop.py --exp_name=dim24_run_1 --dump_path=/home/yuebi/Project/dim24_run --num_initial_empty_objects=800 --final_database_size=100 --target_db_size=100 --nb_local_searches=1000 --max_epochs=20 --type=transformer --max-output-length=350 --sample-only=25000 --max-steps=1500 --n_tokens=15 --n-layer=8 --n-embd=128 --n-embd2=128 --exp_id=1111 --exp_id "1111"
                                     cpu: False
                                     debug: False
                                     debug_slurm: False
                                     dump_path: /home/yuebi/Project/dim24_run/dim24_run_1/1111
                                     exp_id: 1111
                                     exp_name: dim24_run_1
                                     final_database_size: 100
                                     gen_batch_size: 1000
                                     global_rank: 0
                                     is_master: True
                                     is_slurm_job: True
                                     learning_rate: 0.0005
                                     local_rank: 0
                                     master_addr: gpu-6
                                     master_port: -1
                                     max_epochs: 20
                                     max_output_length: 350
                                     max_steps: 1500
                                     multi_gpu: False
                                     multi_node: False
                                     n_embd: 128
                                     n_embd2: 128
                                     n_gpu_per_node: 1
                                     n_head: 8
                                     n_layer: 8
                                     n_nodes: 1
                                     n_tokens: 15
                                     nb_local_searches: 1000
                                     nb_threads: 1
                                     node_id: 0
                                     num_initial_empty_objects: 800
                                     num_workers: 8
                                     sample_only: 25000
                                     seed: -1
                                     target_db_size: 100
                                     temperature: 1.0
                                     top_k: -1
                                     type: transformer
                                     weight_decay: 0.01
                                     world_size: 1
INFO - 12/09/25 04:11:39 - 0:00:00 - The experiment will be stored in /home/yuebi/Project/dim24_run/dim24_run_1/1111
                                     
INFO - 12/09/25 04:11:39 - 0:00:00 - Running command: python fc_loop.py --exp_name=dim24_run_1 --dump_path=/home/yuebi/Project/dim24_run --num_initial_empty_objects=800 --final_database_size=100 --target_db_size=100 --nb_local_searches=1000 --max_epochs=20 --type=transformer --max-output-length=350 --sample-only=25000 --max-steps=1500 --n_tokens=15 --n-layer=8 --n-embd=128 --n-embd2=128 --exp_id=1111

WARNING - 12/09/25 04:11:39 - 0:00:00 - Signal handler installed.
INFO - 12/09/25 04:11:39 - 0:00:00 - seed: 459925156
INFO - 12/09/25 04:11:39 - 0:00:00 - initializing at generation: 19
INFO - 12/09/25 04:11:39 - 0:00:00 - number of examples in the dataset: 100
INFO - 12/09/25 04:11:39 - 0:00:00 - max word length: 228
INFO - 12/09/25 04:11:39 - 0:00:00 - number of unique characters in the vocabulary: 15
INFO - 12/09/25 04:11:39 - 0:00:00 - vocabulary:
INFO - 12/09/25 04:11:39 - 0:00:00 - ['V0', 'V1', 'V2', 'V3', 'V4', 'V5', 'V6', 'V7', 'V8', 'V9', 'V10', 'V11', 'V12', 'V13', 'V14']
INFO - 12/09/25 04:11:39 - 0:00:00 - split up the dataset into 90 training examples and 10 test examples
INFO - 12/09/25 04:11:39 - 0:00:00 - dataset determined that: vocab_size=16, block_size=351
INFO - 12/09/25 04:11:39 - 0:00:00 - model #params: 1635456
INFO - 12/09/25 04:11:39 - 0:00:00 - resuming from existing model
INFO - 12/09/25 04:11:39 - 0:00:00 - ============ Start of generation 19 ============
INFO - 12/09/25 04:11:39 - 0:00:00 - Memory allocated:  10.00MB, reserved: 22.00MB
INFO - 12/09/25 04:11:39 - 0:00:00 - training
INFO - 12/09/25 04:11:44 - 0:00:05 - step 0 | loss 0.0216 | step time 623.22ms
INFO - 12/09/25 04:12:13 - 0:00:34 - step 100 | loss 0.0211 | step time 286.23ms
INFO - 12/09/25 04:12:41 - 0:01:02 - step 200 | loss 0.0206 | step time 286.82ms
INFO - 12/09/25 04:13:10 - 0:01:31 - step 300 | loss 0.0210 | step time 285.67ms
INFO - 12/09/25 04:13:39 - 0:02:00 - step 400 | loss 0.0210 | step time 286.31ms
INFO - 12/09/25 04:14:07 - 0:02:28 - step 500 | loss 0.0224 | step time 285.68ms
INFO - 12/09/25 04:14:07 - 0:02:28 - step 500 train loss: 0.024112308397889137 test loss: 0.11002060025930405
INFO - 12/09/25 04:14:07 - 0:02:28 - test loss 0.11002060025930405 is the best so far, saving model to /home/yuebi/Project/dim24_run/dim24_run_1/1111/model.pt
INFO - 12/09/25 04:14:36 - 0:02:57 - step 600 | loss 0.0210 | step time 286.58ms
INFO - 12/09/25 04:15:05 - 0:03:26 - step 700 | loss 0.0212 | step time 286.56ms
INFO - 12/09/25 04:15:33 - 0:03:54 - step 800 | loss 0.0206 | step time 285.72ms
INFO - 12/09/25 04:16:02 - 0:04:23 - step 900 | loss 0.0210 | step time 285.69ms
INFO - 12/09/25 04:16:31 - 0:04:52 - step 1000 | loss 0.0205 | step time 286.43ms
INFO - 12/09/25 04:16:31 - 0:04:52 - step 1000 train loss: 0.020880838856101036 test loss: 0.11133933812379837
INFO - 12/09/25 04:16:59 - 0:05:20 - step 1100 | loss 0.0216 | step time 285.73ms
INFO - 12/09/25 04:17:28 - 0:05:49 - step 1200 | loss 0.0206 | step time 287.07ms
INFO - 12/09/25 04:17:57 - 0:06:18 - step 1300 | loss 0.0205 | step time 285.77ms
INFO - 12/09/25 04:18:25 - 0:06:46 - step 1400 | loss 0.0209 | step time 286.61ms
INFO - 12/09/25 04:18:54 - 0:07:15 - Memory allocated:  45.82MB, reserved: 3306.00MB
INFO - 12/09/25 04:18:54 - 0:07:15 - generating
INFO - 12/09/25 07:13:58 - 3:02:19 - distribution of sample lengths: average: 699.52136 max: 730
INFO - 12/09/25 07:13:58 - 3:02:19 - printed 25000 samples
INFO - 12/09/25 07:13:58 - 3:02:19 - decoding
INFO - 12/09/25 07:13:59 - 3:02:20 - Decoding complete. Check the output in /home/yuebi/Project/dim24_run/dim24_run_1/1111/transformer-output-decoded.txt
INFO - 12/09/25 07:13:59 - 3:02:20 - Memory allocated:  45.82MB, reserved: 10106.00MB
INFO - 12/09/25 07:13:59 - 3:02:20 - ============ End of generation 19 ============
INFO - 12/09/25 07:13:59 - 3:02:20 - launching search.jl
INFO - 12/09/25 07:13:59 - 3:02:20 - JULIA_NUM_THREADS is set to 1
INFO - 12/09/25 07:27:09 - 3:15:30 - distribution of scores(all rounds)
INFO - 12/09/25 07:27:09 - 3:15:30 - Score:15237476000.0, Count:19
                                     
INFO - 12/09/25 07:27:09 - 3:15:30 - Score:9985317000.0, Count:1
                                     
INFO - 12/09/25 07:27:09 - 3:15:30 - Score:8707129000.0, Count:17
                                     
INFO - 12/09/25 07:27:09 - 3:15:30 - Score:8434500000.0, Count:1
                                     
INFO - 12/09/25 07:27:09 - 3:15:30 - Score:8418403300.0, Count:4
                                     
INFO - 12/09/25 07:27:09 - 3:15:30 - Score:8336632000.0, Count:17
                                     
INFO - 12/09/25 07:27:09 - 3:15:30 - Score:8222010000.0, Count:4
                                     
INFO - 12/09/25 07:27:09 - 3:15:30 - Score:8185419300.0, Count:2
                                     
INFO - 12/09/25 07:27:09 - 3:15:30 - Score:8164946400.0, Count:7
                                     
INFO - 12/09/25 07:27:09 - 3:15:30 - Score:8097031700.0, Count:17
                                     
INFO - 12/09/25 07:27:09 - 3:15:30 - Score:8078673400.0, Count:2
                                     
INFO - 12/09/25 07:27:09 - 3:15:30 - Score:8057970000.0, Count:3
                                     
INFO - 12/09/25 07:27:09 - 3:15:30 - Score:8042454000.0, Count:6
                                     
INFO - 12/09/25 07:27:09 - 3:15:30 - Score:8039512000.0, Count:0
                                     
INFO - 12/09/25 07:27:09 - 3:15:30 - tokenizing
INFO - 12/09/25 07:27:09 - 3:15:30 - Loading tokenizer from /home/yuebi/Project/dim24_run/dim24_run_1/1111/tokenizer_data/tokenizer.json...
INFO - 12/09/25 07:27:09 - 3:15:30 - 0 / 100
INFO - 12/09/25 07:27:09 - 3:15:30 - number of examples in the dataset: 100
INFO - 12/09/25 07:27:09 - 3:15:30 - max word length: 228
INFO - 12/09/25 07:27:09 - 3:15:30 - number of unique characters in the vocabulary: 15
INFO - 12/09/25 07:27:09 - 3:15:30 - vocabulary:
INFO - 12/09/25 07:27:09 - 3:15:30 - ['V0', 'V1', 'V2', 'V3', 'V4', 'V5', 'V6', 'V7', 'V8', 'V9', 'V10', 'V11', 'V12', 'V13', 'V14']
INFO - 12/09/25 07:27:09 - 3:15:30 - split up the dataset into 90 training examples and 10 test examples
INFO - 12/09/25 07:27:09 - 3:15:30 - ============ Start of generation 20 ============
INFO - 12/09/25 07:27:09 - 3:15:30 - Memory allocated:  45.82MB, reserved: 10106.00MB
INFO - 12/09/25 07:27:09 - 3:15:30 - training
INFO - 12/09/25 07:27:09 - 3:15:30 - step 0 | loss 0.0262 | step time 295.47ms
INFO - 12/09/25 07:27:38 - 3:15:59 - step 100 | loss 0.0215 | step time 286.05ms
INFO - 12/09/25 07:28:06 - 3:16:27 - step 200 | loss 0.0204 | step time 286.07ms
INFO - 12/09/25 07:28:35 - 3:16:56 - step 300 | loss 0.0208 | step time 286.09ms
INFO - 12/09/25 07:29:04 - 3:17:25 - step 400 | loss 0.0211 | step time 286.01ms
INFO - 12/09/25 07:29:32 - 3:17:53 - step 500 | loss 0.0200 | step time 286.20ms
INFO - 12/09/25 07:29:33 - 3:17:54 - step 500 train loss: 0.020801760256290436 test loss: 0.3812812268733978
INFO - 12/09/25 07:29:33 - 3:17:54 - test loss 0.3812812268733978 is the best so far, saving model to /home/yuebi/Project/dim24_run/dim24_run_1/1111/model.pt
INFO - 12/09/25 07:30:01 - 3:18:22 - step 600 | loss 0.0208 | step time 286.14ms
INFO - 12/09/25 07:30:30 - 3:18:51 - step 700 | loss 0.0225 | step time 286.08ms
INFO - 12/09/25 07:30:59 - 3:19:20 - step 800 | loss 0.0205 | step time 286.81ms
INFO - 12/09/25 07:31:27 - 3:19:48 - step 900 | loss 0.0205 | step time 286.80ms
INFO - 12/09/25 07:31:45 - 0:00:00 - ============ Initialized logger ============
INFO - 12/09/25 07:31:45 - 0:00:00 - batch_size: 32
                                     command: python fc_loop.py --exp_name=dim24_run_1 --dump_path=/home/yuebi/Project/dim24_run --num_initial_empty_objects=800 --final_database_size=100 --target_db_size=100 --nb_local_searches=1000 --max_epochs=20 --type=transformer --max-output-length=350 --sample-only=25000 --max-steps=1500 --n_tokens=15 --n-layer=8 --n-embd=128 --n-embd2=128 --exp_id=1111 --exp_id "1111"
                                     cpu: False
                                     debug: False
                                     debug_slurm: False
                                     dump_path: /home/yuebi/Project/dim24_run/dim24_run_1/1111
                                     exp_id: 1111
                                     exp_name: dim24_run_1
                                     final_database_size: 100
                                     gen_batch_size: 1000
                                     global_rank: 0
                                     is_master: True
                                     is_slurm_job: True
                                     learning_rate: 0.0005
                                     local_rank: 0
                                     master_addr: gpu-6
                                     master_port: -1
                                     max_epochs: 20
                                     max_output_length: 350
                                     max_steps: 1500
                                     multi_gpu: False
                                     multi_node: False
                                     n_embd: 128
                                     n_embd2: 128
                                     n_gpu_per_node: 1
                                     n_head: 8
                                     n_layer: 8
                                     n_nodes: 1
                                     n_tokens: 15
                                     nb_local_searches: 1000
                                     nb_threads: 1
                                     node_id: 0
                                     num_initial_empty_objects: 800
                                     num_workers: 8
                                     sample_only: 25000
                                     seed: -1
                                     target_db_size: 100
                                     temperature: 1.0
                                     top_k: -1
                                     type: transformer
                                     weight_decay: 0.01
                                     world_size: 1
INFO - 12/09/25 07:31:45 - 0:00:00 - The experiment will be stored in /home/yuebi/Project/dim24_run/dim24_run_1/1111
                                     
INFO - 12/09/25 07:31:45 - 0:00:00 - Running command: python fc_loop.py --exp_name=dim24_run_1 --dump_path=/home/yuebi/Project/dim24_run --num_initial_empty_objects=800 --final_database_size=100 --target_db_size=100 --nb_local_searches=1000 --max_epochs=20 --type=transformer --max-output-length=350 --sample-only=25000 --max-steps=1500 --n_tokens=15 --n-layer=8 --n-embd=128 --n-embd2=128 --exp_id=1111

WARNING - 12/09/25 07:31:45 - 0:00:00 - Signal handler installed.
INFO - 12/09/25 07:31:45 - 0:00:00 - seed: 278681107
INFO - 12/09/25 07:31:45 - 0:00:00 - initializing at generation: 19
INFO - 12/09/25 07:31:45 - 0:00:00 - number of examples in the dataset: 100
INFO - 12/09/25 07:31:45 - 0:00:00 - max word length: 228
INFO - 12/09/25 07:31:45 - 0:00:00 - number of unique characters in the vocabulary: 15
INFO - 12/09/25 07:31:45 - 0:00:00 - vocabulary:
INFO - 12/09/25 07:31:45 - 0:00:00 - ['V0', 'V1', 'V2', 'V3', 'V4', 'V5', 'V6', 'V7', 'V8', 'V9', 'V10', 'V11', 'V12', 'V13', 'V14']
INFO - 12/09/25 07:31:45 - 0:00:00 - split up the dataset into 90 training examples and 10 test examples
INFO - 12/09/25 07:31:45 - 0:00:00 - dataset determined that: vocab_size=16, block_size=351
INFO - 12/09/25 07:31:45 - 0:00:00 - model #params: 1635456
INFO - 12/09/25 07:31:45 - 0:00:00 - resuming from existing model
INFO - 12/09/25 07:31:45 - 0:00:00 - ============ Start of generation 19 ============
INFO - 12/09/25 07:31:45 - 0:00:00 - Memory allocated:  10.00MB, reserved: 22.00MB
INFO - 12/09/25 07:31:45 - 0:00:00 - training
INFO - 12/09/25 07:31:50 - 0:00:05 - step 0 | loss 0.0238 | step time 621.05ms
INFO - 12/09/25 07:32:19 - 0:00:34 - step 100 | loss 0.0203 | step time 285.82ms
INFO - 12/09/25 07:32:47 - 0:01:02 - step 200 | loss 0.0208 | step time 286.39ms
INFO - 12/09/25 07:33:16 - 0:01:31 - step 300 | loss 0.0204 | step time 286.87ms
INFO - 12/09/25 07:33:45 - 0:02:00 - step 400 | loss 0.0210 | step time 286.13ms
INFO - 12/09/25 07:34:13 - 0:02:28 - step 500 | loss 0.0205 | step time 285.84ms
INFO - 12/09/25 07:34:14 - 0:02:29 - step 500 train loss: 0.02075275406241417 test loss: 0.05823831260204315
INFO - 12/09/25 07:34:14 - 0:02:29 - test loss 0.05823831260204315 is the best so far, saving model to /home/yuebi/Project/dim24_run/dim24_run_1/1111/model.pt
INFO - 12/09/25 07:34:42 - 0:02:57 - step 600 | loss 0.0317 | step time 285.82ms
INFO - 12/09/25 07:35:11 - 0:03:26 - step 700 | loss 0.0205 | step time 285.98ms
INFO - 12/09/25 07:35:39 - 0:03:54 - step 800 | loss 0.0209 | step time 286.54ms
INFO - 12/09/25 07:36:08 - 0:04:23 - step 900 | loss 0.0209 | step time 286.84ms
INFO - 12/09/25 07:36:37 - 0:04:52 - step 1000 | loss 0.0206 | step time 286.87ms
INFO - 12/09/25 07:36:37 - 0:04:52 - step 1000 train loss: 0.02070886641740799 test loss: 0.09504418820142746
INFO - 12/09/25 07:37:06 - 0:05:21 - step 1100 | loss 0.0206 | step time 286.13ms
INFO - 12/09/25 07:37:34 - 0:05:49 - step 1200 | loss 0.0211 | step time 286.45ms
INFO - 12/09/25 07:38:03 - 0:06:18 - step 1300 | loss 0.0210 | step time 286.42ms
INFO - 12/09/25 07:38:32 - 0:06:47 - step 1400 | loss 0.0250 | step time 286.75ms
INFO - 12/09/25 07:39:00 - 0:07:15 - Memory allocated:  45.82MB, reserved: 3306.00MB
INFO - 12/09/25 07:39:00 - 0:07:15 - generating
INFO - 12/09/25 10:34:00 - 3:02:15 - distribution of sample lengths: average: 700.28516 max: 730
INFO - 12/09/25 10:34:00 - 3:02:15 - printed 25000 samples
INFO - 12/09/25 10:34:00 - 3:02:15 - decoding
INFO - 12/09/25 10:34:01 - 3:02:16 - Decoding complete. Check the output in /home/yuebi/Project/dim24_run/dim24_run_1/1111/transformer-output-decoded.txt
INFO - 12/09/25 10:34:01 - 3:02:16 - Memory allocated:  45.82MB, reserved: 10106.00MB
INFO - 12/09/25 10:34:01 - 3:02:16 - ============ End of generation 19 ============
INFO - 12/09/25 10:34:01 - 3:02:16 - launching search.jl
INFO - 12/09/25 10:34:01 - 3:02:16 - JULIA_NUM_THREADS is set to 1
INFO - 12/09/25 10:46:57 - 3:15:13 - distribution of scores(all rounds)
INFO - 12/09/25 10:46:57 - 3:15:13 - Score:15237476000.0, Count:20
                                     
INFO - 12/09/25 10:46:57 - 3:15:13 - Score:9985317000.0, Count:1
                                     
INFO - 12/09/25 10:46:57 - 3:15:13 - Score:8707129000.0, Count:18
                                     
INFO - 12/09/25 10:46:57 - 3:15:13 - Score:8434500000.0, Count:1
                                     
INFO - 12/09/25 10:46:57 - 3:15:13 - Score:8418403300.0, Count:5
                                     
INFO - 12/09/25 10:46:57 - 3:15:13 - Score:8336632000.0, Count:18
                                     
INFO - 12/09/25 10:46:57 - 3:15:13 - Score:8274301400.0, Count:1
                                     
INFO - 12/09/25 10:46:57 - 3:15:13 - Score:8222010000.0, Count:5
                                     
INFO - 12/09/25 10:46:57 - 3:15:13 - Score:8188119000.0, Count:1
                                     
INFO - 12/09/25 10:46:57 - 3:15:13 - Score:8185419300.0, Count:3
                                     
INFO - 12/09/25 10:46:57 - 3:15:13 - Score:8164946400.0, Count:8
                                     
INFO - 12/09/25 10:46:57 - 3:15:13 - Score:8097031700.0, Count:18
                                     
INFO - 12/09/25 10:46:57 - 3:15:13 - Score:8078673400.0, Count:1
                                     
INFO - 12/09/25 10:46:57 - 3:15:13 - tokenizing
INFO - 12/09/25 10:46:57 - 3:15:13 - Loading tokenizer from /home/yuebi/Project/dim24_run/dim24_run_1/1111/tokenizer_data/tokenizer.json...
INFO - 12/09/25 10:46:57 - 3:15:13 - 0 / 100
INFO - 12/09/25 10:46:58 - 3:15:13 - number of examples in the dataset: 100
INFO - 12/09/25 10:46:58 - 3:15:13 - max word length: 228
INFO - 12/09/25 10:46:58 - 3:15:13 - number of unique characters in the vocabulary: 15
INFO - 12/09/25 10:46:58 - 3:15:13 - vocabulary:
INFO - 12/09/25 10:46:58 - 3:15:13 - ['V0', 'V1', 'V2', 'V3', 'V4', 'V5', 'V6', 'V7', 'V8', 'V9', 'V10', 'V11', 'V12', 'V13', 'V14']
INFO - 12/09/25 10:46:58 - 3:15:13 - split up the dataset into 90 training examples and 10 test examples
INFO - 12/09/25 10:46:58 - 3:15:13 - ============ Start of generation 20 ============
INFO - 12/09/25 10:46:58 - 3:15:13 - Memory allocated:  45.82MB, reserved: 10106.00MB
INFO - 12/09/25 10:46:58 - 3:15:13 - training
INFO - 12/09/25 10:46:58 - 3:15:13 - step 0 | loss 0.1217 | step time 293.52ms
INFO - 12/09/25 10:47:27 - 3:15:42 - step 100 | loss 0.0208 | step time 287.32ms
INFO - 12/09/25 10:47:55 - 3:16:10 - step 200 | loss 0.0212 | step time 286.76ms
INFO - 12/09/25 10:48:24 - 3:16:39 - step 300 | loss 0.0213 | step time 286.99ms
INFO - 12/09/25 10:48:53 - 3:17:08 - step 400 | loss 0.0205 | step time 286.65ms
INFO - 12/09/25 10:49:21 - 3:17:36 - step 500 | loss 0.0201 | step time 287.23ms
INFO - 12/09/25 10:49:22 - 3:17:37 - step 500 train loss: 0.02085895836353302 test loss: 0.10960526019334793
INFO - 12/09/25 10:49:22 - 3:17:37 - test loss 0.10960526019334793 is the best so far, saving model to /home/yuebi/Project/dim24_run/dim24_run_1/1111/model.pt
INFO - 12/09/25 10:49:50 - 3:18:05 - step 600 | loss 0.0206 | step time 287.16ms
INFO - 12/09/25 10:50:19 - 3:18:34 - step 700 | loss 0.0204 | step time 286.47ms
INFO - 12/09/25 10:50:48 - 3:19:03 - step 800 | loss 0.0207 | step time 287.03ms
INFO - 12/09/25 10:51:16 - 3:19:31 - step 900 | loss 0.0211 | step time 286.72ms
INFO - 12/09/25 10:51:45 - 3:20:00 - step 1000 | loss 0.0206 | step time 287.13ms
INFO - 12/09/25 10:51:45 - 3:20:00 - step 1000 train loss: 0.02063414826989174 test loss: 0.14301460981369019
