01011001111,01111011000,00101101100,10001011011,10010011110,01000111010,01100011101,00110110011,11011110101,11110101001,11101000110
01001101110,00011010111,11011010100,11111100011,10101010110,00111101100,10001011001,01111011010,01100110101,11110001111,10010111010
10001111011,01001101100,10111100110,10100001111,11101010000,11011000111,11010110100,01010011010,01100110111,11110101001,00111011101
11011110010,01101101110,01100010111,00010100111,10100111100,11000101001,10001001111,11111000101,01001110101,00111011001,10101100011
00011011101,01111111000,10110011110,11000111100,10110100101,11101001011,11010110011,01010101110,00100111011,01101010110,10001100010
01010110010,00011011011,11000010111,01100101011,11111010001,00101110101,10110100011,10110111100,01111000110,11011101101,10001111010
10010001111,10110101100,11000111000,01101011110,10101101011,01100100111,10001110101,00110110011,11011100010,01011101101,11111010001
01010011111,10100010011,10001010101,01100001101,11011001001,01111110001,11000100111,10110111100,11111000110,00111101111,01001111010
01111100110,00011011110,11100010100,01110010011,00101110011,00111001101,11011110001,01101111000,01000111101,11001001011,10110101010
11011100010,01101011100,01110010011,10011001111,00010111110,01001111001,11100101111,10110011000,11010110101,00111100101,10101110111
01101000001,10110011001,10001011111,10101111000,00111001110,11100101111,00100110111,00011101011,11011010010,01010111100,10011100101
00111100011,00001111101,11001110001,01110010101,10011010110,11010100100,01100111010,10100110100,11111001000,11100001111,10010111001
01101100010,00100111111,00011111000,00011001111,01101011100,11010101110,01110110101,11001110111,10111010110,10101101101,11110011011
11110000110,01101011100,10011101100,01010011010,00110101111,10000011111,10111011001,11100111001,01010110101,01001100011,10101110010
11110100010,01100101100,00101110010,00111010101,01011100110,10101001111,10010111100,01010111011,11111011000,11001100001,11000010110
00010110011,10101101010,11101110001,01110111100,01101011111,01110000011,11000100111,10110011001,11011010110,01011101001,00111100101
11011001110,10110101010,00011110111,10001111000,01101101011,11000100101,01100111110,01010111001,11111110000,00111101100,10100011101
00101011101,01111110001,00011111110,11110011010,01110101111,11000111101,10110110100,11011001100,10101101011,01101100110,10011010111
00011100111,10111110100,01011010100,01101001110,11011100010,00010111010,10011011011,11110000111,11000111101,01111101001,01101110011
01110111101,00111100011,11111010110,10101111000,01101001110,01010111010,10110101110,10110011011,11100100011,11011001001,10001110111
11110100010,01100101100,00101110010,00111010101,01011100110,10101001111,10010111100,01010111011,11111011000,11001100001,11000010110
11110100010,01100101100,00101110010,00111010101,01011100110,10101001111,10010111100,01010111011,11111011000,11001100001,11000010110
01110111101,00111100011,11111010110,10101111000,01101001110,01010111010,10110101110,10110011011,11100100011,11011001001,10001110111
10001111011,01001101100,10111100110,10100001111,11101010000,11011000111,11010110100,01010011010,01100110111,11110101001,00111011101
11011001110,10110101010,00011110111,10001111000,01101101011,11000100101,01100111110,01010111001,11111110000,00111101100,10100011101
11011001110,10110101010,00011110111,10001111000,01101101011,11000100101,01100111110,01010111001,11111110000,00111101100,10100011101
10001111011,01001101100,10111100110,10100001111,11101010000,11011000111,11010110100,01010011010,01100110111,11110101001,00111011101
01001101110,00011010111,11011010100,11111100011,10101010110,00111101100,10001011001,01111011010,01100110101,11110001111,10010111010
00101011101,01111110001,00011111110,11110011010,01110101111,11000111101,10110110100,11011001100,10101101011,01101100110,10011010111
11110100010,01100101100,00101110010,00111010101,01011100110,10101001111,10010111100,01010111011,11111011000,11001100001,11000010110
10001111011,01001101100,10111100110,10100001111,11101010000,11011000111,11010110100,01010011010,01100110111,11110101001,00111011101
01010110010,00011011011,11000010111,01100101011,11111010001,00101110101,10110100011,10110111100,01111000110,11011101101,10001111010
11011100010,01101011100,01110010011,10011001111,00010111110,01001111001,11100101111,10110011000,11010110101,00111100101,10101110111
11110100010,01100101100,00101110010,00111010101,01011100110,10101001111,10010111100,01010111011,11111011000,11001100001,11000010110
11011110010,01101101110,01100010111,00010100111,10100111100,11000101001,10001001111,11111000101,01001110101,00111011001,10101100011
10001111011,01001101100,10111100110,10100001111,11101010000,11011000111,11010110100,01010011010,01100110111,11110101001,00111011101
00101011101,01111110001,00011111110,11110011010,01110101111,11000111101,10110110100,11011001100,10101101011,01101100110,10011010111
01010011111,10100010011,10001010101,01100001101,11011001001,01111110001,11000100111,10110111100,11111000110,00111101111,01001111010
00011011101,01111111000,10110011110,11000111100,10110100101,11101001011,11010110011,01010101110,00100111011,01101010110,10001100010
01001101110,00011010111,11011010100,11111100011,10101010110,00111101100,10001011001,01111011010,01100110101,11110001111,10010111010
10001111011,01001101100,10111100110,10100001111,11101010000,11011000111,11010110100,01010011010,01100110111,11110101001,00111011101
00011011101,01111111000,10110011110,11000111100,10110100101,11101001011,11010110011,01010101110,00100111011,01101010110,10001100010
11011100010,01101011100,01110010011,10011001111,00010111110,01001111001,11100101111,10110011000,11010110101,00111100101,10101110111
11011100010,01101011100,01110010011,10011001111,00010111110,01001111001,11100101111,10110011000,11010110101,00111100101,10101110111
01001101110,00011010111,11011010100,11111100011,10101010110,00111101100,10001011001,01111011010,01100110101,11110001111,10010111010
11011100010,01101011100,01110010011,10011001111,00010111110,01001111001,11100101111,10110011000,11010110101,00111100101,10101110111
01011001111,01111011000,00101101100,10001011011,10010011110,01000111010,01100011101,00110110011,11011110101,11110101001,11101000110
11011100010,01101011100,01110010011,10011001111,00010111110,01001111001,11100101111,10110011000,11010110101,00111100101,10101110111
00111100011,00001111101,11001110001,01110010101,10011010110,11010100100,01100111010,10100110100,11111001000,11100001111,10010111001
00011011101,01111111000,10110011110,11000111100,10110100101,11101001011,11010110011,01010101110,00100111011,01101010110,10001100010
01010110010,00011011011,11000010111,01100101011,11111010001,00101110101,10110100011,10110111100,01111000110,11011101101,10001111010
01010110010,00011011011,11000010111,01100101011,11111010001,00101110101,10110100011,10110111100,01111000110,11011101101,10001111010
00010110011,10101101010,11101110001,01110111100,01101011111,01110000011,11000100111,10110011001,11011010110,01011101001,00111100101
01010110010,00011011011,11000010111,01100101011,11111010001,00101110101,10110100011,10110111100,01111000110,11011101101,10001111010
11110000110,01101011100,10011101100,01010011010,00110101111,10000011111,10111011001,11100111001,01010110101,01001100011,10101110010
00011011101,01111111000,10110011110,11000111100,10110100101,11101001011,11010110011,01010101110,00100111011,01101010110,10001100010
01111100110,00011011110,11100010100,01110010011,00101110011,00111001101,11011110001,01101111000,01000111101,11001001011,10110101010
11110100010,01100101100,00101110010,00111010101,01011100110,10101001111,10010111100,01010111011,11111011000,11001100001,11000010110
01111100110,00011011110,11100010100,01110010011,00101110011,00111001101,11011110001,01101111000,01000111101,11001001011,10110101010
10001111011,01001101100,10111100110,10100001111,11101010000,11011000111,11010110100,01010011010,01100110111,11110101001,00111011101
11110100010,01100101100,00101110010,00111010101,01011100110,10101001111,10010111100,01010111011,11111011000,11001100001,11000010110
11011100010,01101011100,01110010011,10011001111,00010111110,01001111001,11100101111,10110011000,11010110101,00111100101,10101110111
11011110010,01101101110,01100010111,00010100111,10100111100,11000101001,10001001111,11111000101,01001110101,00111011001,10101100011
01111100110,00011011110,11100010100,01110010011,00101110011,00111001101,11011110001,01101111000,01000111101,11001001011,10110101010
01101100010,00100111111,00011111000,00011001111,01101011100,11010101110,01110110101,11001110111,10111010110,10101101101,11110011011
00011100111,10111110100,01011010100,01101001110,11011100010,00010111010,10011011011,11110000111,11000111101,01111101001,01101110011
01101100010,00100111111,00011111000,00011001111,01101011100,11010101110,01110110101,11001110111,10111010110,10101101101,11110011011
11110100010,01100101100,00101110010,00111010101,01011100110,10101001111,10010111100,01010111011,11111011000,10000,1010,101000111010
01110111101,00111100011,11111010110,10101111000,01101001110,01010111010,10110101110,10110011011,11100100011,11011001001,10001110111
01011001111,01111011000,00101101100,10001011011,10010011110,01000111010,01100011101,00110110011,11011110101,11110101001,11101000110
00101011101,01111110001,00011111110,11110011010,01110101111,11000111101,10110110100,11011001100,10101101011,01101100110,10011010111
01101100010,00100111111,00011111000,00011001111,01101011100,11010101110,01110110101,11001110111,10111010110,10101101101,11110011011
01101100010,00100111111,00011111000,00011001111,01101011100,11010101110,01110110101,11001110111,10111010110,10101101101,11110011011
00111100011,00001111101,11001110001,01110010101,10011010110,11010100100,01100111010,10100110100,11111001000,11100001111,10010111001
00101011101,01111110001,00011111110,11110011010,01110101111,11000111101,10110110100,11011001100,10101101011,01101100110,10011010111
01110111101,00111100011,11111010110,10101111000,01101001110,01010111010,10110101110,10110011011,11100100011,11011001001,10001110111
01110111101,00111100011,11111010110,10101111000,01101001110,01010111010,10110101110,10110011011,11100100011,11011001001,10001110111
11011100010,01101011100,01110010011,10011001111,00010111110,01001111001,11100101111,10110011000,11010110101,00111100101,10101110111
01111100110,00011011110,11100010100,01110010011,00101110011,00111001101,11011110001,01101111000,01000111101,11001001011,10110101010
01111100110,00011011110,11100010100,01110010011,00101110011,00111001101,11011110001,01101111000,01000111101,11001001011,10110101010
11011110010,01101101110,01100010111,00010100111,10100111100,11000101001,10001001111,11111000101,01001110101,00111011001,10101100011
11011001110,10110101010,00011110111,10001111000,01101101011,11000100101,01100111110,01010111001,11111110000,00111101100,10100011101
01001101110,00011010111,11011010100,11111100011,10101010110,00111101100,10001011001,01111011010,01100110101,11110001111,10010111010
11110000110,01101011100,10011101100,01010011010,00110101111,10000011111,10111011001,11100111001,01010110101,01001100011,10101110010
00011011101,01111111000,10110011110,11000111100,10110100101,11101001011,11010110011,01010101110,00100111011,01101010110,10001100010
01110111101,00111100011,11111010110,10101111000,01101001110,01010111010,10110101110,10110011011,11100100011,11011001001,10001110111
01010011111,10100010011,10001010101,01100001101,11011001001,01111110001,11000100111,10110111100,11111000110,00111101111,01001111010
01101100010,00100111111,00011111000,00011001111,01101011100,11010101110,01110110101,11001110111,10111010110,10101101101,11110011011
110110110010,001111011010,0001,0110001,11000101111001110011010001,01110100011,101101000110,110001,1110011101011001,111111001,111000110001100010
01010011111,10100010011,10001010101,01100001101,11011001001,01111110001,11000100111,10110111100,11111000110,00111101111,01001111010
01010011111,10100010011,10001010101,01100001101,11011001001,01111110001,11000100111,10110111100,11111000110,00111101111,01001111010
00010110011,10101101010,11101110001,01110111100,01101011111,01110000011,11000100111,10110011001,11011010110,01011101001,00111100101
01111100110,00011011110,11100010100,0111110101101010110,011101001101110001001101011011001,101111000,010001110010110011,1,11110111
11011110010,01101101110,01100010111,00010100111,10100111100,11000101001,10001001111,11111000101,01001110101,00111011001,10101100011
00011011101,01111111000,10110011110,11000111100,10110100101,11101001011,11010110011,01010101110,00100111011,01101010110,10001100010
10001111011,01001101100,10111100110,10100001111,11101010000,11011000111,11010110100,01010011010,01100110111,11110101001,00111011101
01101100010,00100111111,00011111000,00011001111,01101011100,11010101110,01110110101,11001110111,10111010110,10101101101,11110011011
01001101110,00011010111,11011010100,11111100011,10101010110,00111101100,10001011001,01111011010,01100110101,11110001111,10010111010
01010011111,10100010011,10001010101,01100001101,11011001001,01111110001,11000100111,10110111100,11111000110,00111101111,01001111010
11110100010,01100101100,00101110010,00111010101,01011100110,10101001111,10010111100,01010111011,11111011000,11001100001,11000010110
01101100010,00100111111,00011111000,00011001111,01101011100,11010101110,01110110101,11001110111,10111010110,10101101101,11110011011
10001111011,01001101100,10111100110,10100001111,11101010000,11011000111,11010110100,01010011010,01100110111,11110101001,00111011101
00101011101,01111110001,00011111110,11110011010,01110101111,11000111101,10110110100,11011001100,10101101011,01101100110,10011010111
11011100010,01101011100,01110010011,10011001111,00010111110,01001111001,11100101111,10110011000,11010110101,00111100101,10101110111
11110000110,01101011100,10011101100,01010011010,00110101111,10000011111,10111011001,11100111001,01010110101,01001100011,10101110010
11110100010,01100101100,00101110010,00111010101,01011100110,10101001111,10010111100,01010111011,11111011000,11001100001,11000010110
01010011111,10100010011,10001010101,01100001101,11011001001,01111110001,11000100111,10110111100,11111000110,00111101111,01001111010
01011001111,01111011000,00101101100,10001011011,10010011110,01000111010,01100011101,00110110011,11011110101,11110101001,11101000110
00011011101,01111111000,10110011110,11000111100,10110100101,11101001011,11010110011,01010101110,00100111011,01101010110,10001100010
00011011101,01111111000,10110011110,11000111100,10110100101,11101001011,11010110011,01010101110,00100111011,01101010110,10001100010
10001111011,01001101100,10111100110,10100001111,11101010000,11011000111,11010110100,01010011010,01100110111,11110101001,00111011101
00111100011,00001111101,11001110001,01110010101,10011010110,11010100100,01100111010,10100110100,11111001000,11100001111,10010111001
10001111011,01001101100,10111100110,10100001111,11101010000,11011000111,11010110100,01010011010,01100110111,11110101001,00111011101
11110100010,01100101100,00101110010,00111010101,01011100110,10101001111,10010111100,01010111011,11111011000,11001100001,11000010110
00011011101,01111111000,10110011110,11000111100,10110100101,11101001011,11010110011,01010101110,00100111011,01101010110,10001100010
00101011101,01111110001,00011111110,11110011010,01110101111,11000111101,10110110100,11011001100,10101101011,01101100110,10011010111
11110100010,01100101100,00101110010,00111010101,01011100110,10101001111,10010111100,01010111011,11111011000,11001100001,11000010110
11011100010,01101011100,01110010011,10011001111,00010111110,01001111001,11100101111,10110011000,11010110101,00111100101,10101110111
11011001110,10110101010,00011110111,10001111000,01101101011,11000100101,01100111110,01010111001,11111110000,00111101100,10100011101
11011001110,10110101010,00011110111,10001111000,01101101011,11000100101,01100111110,01010111001,11111110000,00111101100,10100011101
00010110011,10101101010,11101110001,01110111100,01101011111,01110000011,11000100111,10110011001,11011010110,01011101001,00111100101
11011001110,10110101010,00011110111,10001111000,01101101011,11000100101,01100111110,01010111001,11111110000,00111101100,10100011101
01010110010,00011011011,11000010111,01100101011,11111010001,00101110101,10110100011,10110111100,01111000110,11011101101,10001111010
00011100111,10111110100,01011010100,01101001110,11011100010,00010111010,10011011011,11110000111,11000111101,01111101001,01101110011
00101011101,01111110001,00011111110,11110011010,01110101111,11000111101,10110110100,11011001100,10101101011,01101100110,10011010111
00011100111,10111110100,01011010100,01101001110,11011100010,00010111010,10011011011,11110000111,11000111101,01111101001,01101110011
11011100010,01101011100,01110010011,10011001111,00010111110,01001111001,11100101111,10110011000,11010110101,00111100101,10101110111
11110100010,01100101100,00101110010,00111010101,01011100110,10101001111,10010111100,01010111011,11111011000,11001100001,11000010110
01101100010,00100111111,00011111000,00011001111,01101011100,11010101110,01110110101,11001110111,10111010110,10101101101,11110011011
100011111011,011011000,01001110101,11110111100,0110101111,01001111010,0110001111110001001,011,0100011,011011,1010111001110111
11011100010,01101011100,01110010011,10011001111,00010111110,01001111001,11100101111,10110011000,11010110101,00111100101,10101110111
10001111011,01001101100,10111100110,10100001111,11101010000,11011000111,11010110100,01010011010,01100110111,11110101001,00111011101
00111100011,00001111101,11001110001,01110010101,10011010110,11010100100,01100111010,10100110100,11111001000,11100001111,10010111001
00011011101,01111111000,10110011110,11000111100,10110100101,11101001011,11010110011,01010101110,00100111011,01101010110,10001100010
00011011101,01111111000,10110011110,11000111100,10110100101,11101001011,11010110011,01010101110,00100111011,01101010110,10001100010
11011001110,10110101010,00011110111,10001111000,01101101011,11000100101,01100111110,01010111001,11111110000,00111101100,10100011101
01110111101,00111100011,11111010110,10101111000,01101001110,01010111010,10110101110,10110011011,11100100011,11011001001,10001110111
01001101110,00011010111,110110101,000111111100011,10101010110,00111101100,10001011001,01111001,1111110101,11100001111011010,1110010111010
01110111101,00111100011,11111010110,10101111000,01101001110,01010111010,10110101110,10110011011,11100100011,11011001001,10001110111
00101011101,01111110001,00011111110,11110011010,01110101111,11000111101,10110110100,11011001100,10101101011,01101100110,10011010111
11011001110,10110101010,00011110111,10001111000,01101101011,11000100101,01100111110,01010111001,11111110000,00111101100,10100011101
11011110010,01101101110,01100010111,00010100111,10100111100,11000101001,10001001111,11111000101,01001110101,00111011001,10101100011
00101011101,01111110001,00011111110,11110011010,01110101111,11000111101,10110110100,11011001100,10101101011,01101100110,10011010111
00011011101,01111111000,10110011110,11000111100,10110100101,11101001011,11010110011,01010101110,00100111011,01101010110,10001100010
01010110010,00011011011,11000010111,01100101011,11111010001,00101110101,10110100011,10110111100,01111000110,11011101101,10001111010
00011011101,01111111000,10110011110,11000111100,10110100101,11101001011,11010110011,01010101110,00100111011,01101010110,10001100010
01011001111,01111011000,00101101100,10001011011,10010011110,01000111010,01100011101,00110110011,11011110101,11110101001,11101000110
11110000110,01101011100,10011101100,01010011010,00110101111,10000011111,10111011001,11100111001,01010110101,01001100011,10101110010
11110100010,01100101100,00101110010,00111010101,01011100110,10101001111,10010111100,01010111011,11111011000,11001100001,11000010110
01010110010,00011011011,11000010111,01100101011,11111010001,00101110101,10110100011,10110111100,01111000110,11011101101,10001111010
11011001110,10110101010,00011110111,10001111000,01101101011,11000100101,01100111110,01010111001,11111110000,00111101100,10100011101
11011110010,01101101110,01100010111,00010100111,10100111100,11000101001,10001001111,11111000101,01001110101,00111011001,10101100011
11110100010,01100101100,00101110010,00111010101,01011100110,10101001111,10010111100,01010111011,11111011000,11001100001,11000010110
00011011101,01111111000,10110011110,11000111100,10110100101,11101001011,11010110011,01010101110,00100111011,01101010110,10001100010
11011110010,01101101110,01100010111,00010100111,10100111100,11000101001,10001001111,11111000101,01001110101,00111011001,10101100011
01010011111,10100010011,10001010101,01100001101,11011001001,01111110001,11000100111,10110111100,11111000110,00111101111,01001111010
00111100011,00001111101,11001110001,01110010101,10011010110,11010100100,01100111010,10100110100,11111001000,11100001111,10010111001
11110100010,01100101100,00101110010,00111010101,01011100110,10101001111,10010111100,01010111011,11111011000,11001100001,11000010110
01110111101,00111100011,11111010110,10101111000,01101001110,01010111010,10110101110,10110011011,11100100011,11011001001,10001110111
01110111101,00111100011,11111010110,10101111000,01101001110,01010111010,10110101110,10110011011,11100100011,11011001001,10001110111
01110111101,00111100011,11111010110,10101111000,01101001110,01010111010,10110101110,10110011011,11100100011,11011001001,10001110111
01011001111,01111011000,00101101100,10001011011,10010011110,01000111010,01100011101,00110110011,11011110101,11110101001,11101000110
11011100010,01101011100,01110010011,10011001111,00010111110,01001111001,11100101111,10110011000,11010110101,00111100101,10101110111
00011100111,10111110100,01011010100,01101001110,11011100010,00010111010,10011011011,11110000111,11000111101,01111101001,01101110011
11011001110,10110101010,00011110111,10001111000,01101101011,11000100101,01100111110,01010111001,11111110000,00111101100,10100011101
00101011101,01111110001,00011111110,11110011010,01110101111,11000111101,10110110100,11011001100,10101101011,01101100110,10011010111
01110111101,00111100011,11111010110,10101111000,01101001110,01010111010,10110101110,10110011011,11100100011,11011001001,10001110111
00011100111,10111110100,01011010100,01101001110,11011100010,00010111010,10011011011,11110000111,11000111101,01111101001,01101110011
01101100010,00100111111,00011111000,00011001111,01101011100,11010101110,01110110101,11001110111,10111010110,10101101101,11110011011
00011011101,01111111000,10110011110,11000111100,10110100101,11101001011,11010110011,01010101110,00100111011,01101010110,10001100010
11011001110,10110101010,00011110111,10001111000,01101101011,11000100101,01100111110,01010111001,11111110000,00111101100,10100011101
11110100010,01100101100,00101110010,00111010101,01011100110,10101001111,10010111100,01010111011,11111011000,11001100001,11000010110
01110111101,00111100011,011000011101,10101010,101100110111000110,0011110,01111000010,10001111101011101111010,101,11100110110001110111
00111100011,00001111101,11001110001,01110010101,10011010110,11010100100,01100111010,10100110100,11111001000,11100001111,10010111001
01111100110,00011011110,11100010100,01110010011,00101110011,00111001101,11011110001,01101111000,01000111101,11001001011,10110101010
01001101110,00011010111,11011010100,11111100011,10101010110,00111101100,10001011001,01111011010,01100110101,11110001111,10010111010
11110100010,01100101100,00101110010,00111010101,01011100110,10101001111,10010111100,01010111011,11111011000,11001100001,11000010110
01101100010,00100111111,00011111000,00011001111,01101011100,11010101110,01110110101,11001110111,10111010110,10101101101,11110011011
11011001110,10110101010,00011110111,10001111000,01101101011,11000100101,01100111110,01010111001,11111110000,00111101100,10100011101
00010110011,10101101010,11101110001,01110111100,01101011111,01110000011,11000100111,10110011001,11011010110,01011101001,00111100101
01001101110,00011010111,11011010100,11111100011,10101010110,00111101100,10001011001,01111011010,01100110101,11110001111,10010111010
00010110011,10101101010,11101110001,01110111100,01101011111,01110000011,11000100111,10110011001,11011010110,01011101001,00111100101
11110000110,01101011100,10011101100,01010011010,00110101111,10000011111,10111011001,11100111001,01010110101,01001100011,10101110010
00111100011,00001111101,11001110001,01110010101,10011010110,11010100100,01100111010,10100110100,11111001000,11100001111,10010111001
01010011111,10100010011,10001010101,01100001101,11011001001,01111110001,11000100111,10110111100,11111000110,00111101111,01001111010
01010110010,00011011011,11000010111,01100101011,11111010001,00101110101,10110100011,10110111100,01111000110,11011101101,10001111010
11011110010,01101101110,01100010111,00010100111,10100111100,11000101001,10001001111,11111000101,01001110101,00111011001,10101100011
01010110010,00011011011,11000010111,01100101011,11111010001,00101110101,10110100011,10110111100,01111000110,11011101101,10001111010
11110100010,01100101100,00101110010,00111010101,01011100110,10101001111,10010111100,01010111011,11111011000,11001100001,11000010110
01010011111,10100010011,10001010101,01100001101,11011001001,01111110001,11000100111,10110111100,11111000110,00111101111,01001111010
11011100010,01101011100,01110010011,10011001111,00010111110,01001111001,11100101111,10110011000,11010110101,00111100101,10101110111
11011001110,10110101010,00011110111,10001111000,01101101011,11000100101,01100111110,01010111001,11111110000,00111101100,10100011101
00011100111,10111110100,01011010100,01101001110,11011100010,00010111010,10011011011,11110000111,11000111101,01111101001,01101110011
01011001111,01111011000,00101101100,10001011011,10010011110,01000111010,01100011101,00110110011,11011110101,11110101001,11101000110
00010110011,10101101010,11101110001,01110111100,01101011111,01110000011,11000100111,10110011001,11011010110,01011101001,00111100101
00010110011,10101101010,11101110001,01110111100,01101011111,01110000011,11000100111,10110011001,11011010110,01101001111010101010111001
01110111101,00111100011,11111010110,10101111000,01101001110,01010111010,10110101110,10110011011,11100100011,11011001001,10001110111
11110100010,01100101100,00101110010,00111010101,01011100110,10101001111,10010111100,01010111011,11111011000,11001100001,11000010110
01111100110,00011011110,11100010100,01110010011,00101110011,00111001101,11011110001,01101111000,01000111101,11001001011,10110101010
01001101110,00011010111,11011010100,11111100011,10101010110,00111101100,10001011001,01111011010,01100110101,11110001111,10010111010
00010110011,10101101010,11101110001,01110111100,01101011111,01110000011,11000100111,10110011001,11011010110,01011101001,00111100101
01001101110,00011010111,11011010100,11111100011,10101010110,00111101100,10001011001,01111011010,01100110101,11110001111,10010111010
01001101110,00011010111,11011010100,11111100011,10101010110,00111101100,10001011001,01111011010,01100110101,11110001111,10010111010
11011110010,01101101110,01100010111,00010100111,10100111100,11000101001,10001001111,11111000101,01001110101,00111011001,10101100011
00011011101,01111111000,10110011110,11000111100,10110100101,11101001011,11010110011,01010101110,00100111011,01101010110,10001100010
01010011111,10100010011,10001010101,01100001101,11011001001,01111110001,11000100111,10110111100,11111000110,00111101111,01001111010
11011100010,01101011100,01110010011,10011001111,00010111110,01001111001,11100101111,10110011000,11010110101,00111100101,10101110111
01011001111,01111011000,00101101100,10001011011,10010011110,01000111010,01100011101,00110110011,11011110101,11110101001,11101000110
01001101110,00011010111,11011010100,11111100011,10101010110,00111101100,10001011001,01111011010,01100110101,11110001111,10010111010
01010011111,10100010011,10001010101,01100001101,11011001001,01111110001,11000100111,10110111100,11111000110,00111101111,01001111010
01011001111,01111011000,00101101100,10001011011,10010011110,01000111010,01100011101,00110110011,11011110101,11110101001,11101000110
00101011101,01111110001,00011111110,11110011010,01110101111,11000111101,10110110100,11011001100,10101101011,01101100110,10011010111
11110000110,01101011100,10011101100,01010011010,00110101111,10000011111,10111011001,11100111001,01010110101,01001100011,10101110010
00101011101,01111110001,00011111110,11110011010,01110101111,11000111101,10110110100,11011001100,10101101011,01101100110,10011010111
00011011101,01111111000,10110011110,11000111100,10110100101,11101001011,11010110011,01010101110,00100111011,01101010110,10001100010
00011011101,01111111000,10110011110,11000111100,10110100101,11101001011,11010110011,01010101110,00100111011,01101010110,10001100010
01101100010,00100111111,00011111000,00011001111,01101011100,11010101110,01110110101,11001110111,10111010110,10101101101,11110011011
10001111011,01001101100,10111100110,10100001111,11101010000,11011000111,11010110100,01010011010,01100110111,11110101001,00111011101
01011001111,01111011000,00101101100,10001011011,10010011110,01000111010,01100011101,00110110011,11011110101,11110101001,11101000110
01111100110,00011011110,11100010100,01110010011,00101110011,00111001101,11011110001,01101111000,01000111101,11001001011,10110101010
11110100010,01100101100,00101110010,00111010101,01011100110,10101001111,10010111100,01010111011,11111011000,11001100001,11000010110
00011011101,01111111000,10110011110,11000111100,10110100101,11101001011,11010110011,01010101110,00100111011,01101010110,10001100010
01001101110,00011010111,11011010100,11111100011,10101010110,00111101100,10001011001,01111011010,01100110101,11110001111,10010111010
01001101110,00011010111,11011010100,11111100011,10101010110,00111101100,10001011001,01111011010,01100110101,11110001111,10010111010
11110100010,01100101100,00101110010,00111010101,01011100110,10101001111,10010111100,01010111011,11111011000,11001100001,11000010110
00011100111,10111110100,01011010100,01101001110,11011100010,00010111010,10011011011,11110000111,11000111101,01111101001,01101110011
00111100011,00001111101,11001110001,01110010101,10011010110,11010100100,01100111010,10100110100,11111001000,11100001111,10010111001
11011001110,10110101010,00011110111,10001111000,01101101011,11000100101,01100111110,01010111001,11111110000,00111101100,10100011101
00111100011,00001111101,11001110001,01110010101,10011010110,11010100100,01100111010,10100110100,11111001000,11100001111,10010111001
11110000110,01101011100,10011101100,01010011010,00110101111,10000011111,10111011001,11100111001,01010110101,01001100011,10101110010
11011100010,01101011100,01110010011,10011001111,00010111110,01001111001,11100101111,10110011000,11010110101,00111100101,10101110111
00111100011,00001111101,11001110001,01110010101,10011010110,11010100100,01100111010,10100110100,11111001000,11100001111,10010111001
01101100010,00100111111,00011111000,00011001111,01101011100,11010101110,01110110101,11001110111,10111010110,10101101101,11110011011
01010110010,00011011011,11000010111,01100101011,11111010001,00101110101,10110100011,10110111100,01111000110,11011101101,10001111010
11110100010,01100101100,00101110010,00111010101,01011100110,10101001111,10010111100,01010111011,11111011000,11001100001,11000010110
00010110011,10101101010,11101110001,01110111100,01101011111,01110000011,11000100111,10110011001,11011010110,01011101001,00111100101
00011100111,10111110100,01011010100,01101001110,11011100010,00010111010,10011011011,11110000111,11000111101,01111101001,01101110011
01010110010,00011011011,11000010111,01100101011,11111010001,00101110101,10110100011,10110111100,01111000110,11011101101,10001111010
00011011101,01111111000,10110011110,11000111100,10110100101,11101001011,11010110011,01010101110,00100111011,01101010110,10001100010
11110000110,01101011100,10011101100,01010011010,00110101111,10000011111,10111011001,11100111001,01010110101,01001100011,10101110010
11011001110,10110101010,00011110111,10001111000,01101101011,11000100101,01100111110,01010111001,11111110000,00111101100,10100011101
00011100111,10111110100,01011010100,01101001110,11011100010,00010111010,10011011011,11110000111,11000111101,01111101001,01101110011
10001111011,01001101100,10111100110,10100001111,11101010000,11011000111,11010110100,01010011010,01100110111,11110101001,00111011101
11110100010,01100101100,00101110010,00111010101,01011100110,10101001111,10010111100,01010111011,11111011000,11001100001,11000010110
01010011111,10100010011,10001010101,01100001101,11011001001,01111110001,11000100111,10110111100,11111000110,00111101111,01001111010
10001111011,01001101100,10111100110,10100001111,11101010000,11011000111,11010110100,01010011010,01100110111,11110101001,00111011101
00011100111,10111110100,01011010100,01101001110,11011100010,00010111010,10011011011,11110000111,11000111101,01111101001,01101110011
01010011111,10100010011,10001010101,01100001101,11011001001,01111110001,11000100111,10110111100,11111000110,00111101111,01001111010
00101011101,01111110001,00011111110,11110011010,01110101111,11000111101,10110110100,11011001100,10101101011,01101100110,10011010111
10001111011,01001101100,10111100110,10100001111,11101010000,11011000111,11010110100,01010011010,01100110111,11110101001,00111011101
00101011101,01111110001,00011111110,11110011010,01110101111,11000111101,10110110100,11011001100,10101101011,01101100110,10011010111
01110111101,00111100011,11111010110,10101111000,01101001110,01010111010,10110101110,10110011011,11100100011,11011001001,10001110111
11110100010,01100101100,00101110010,00111010101,01011100110,10101001111,10010111100,01010111011,11111011000,11001100001,11000010110
01010011111,10100010011,10001010101,01100001101,11011001001,01111110001,11000100111,10110111100,11111000110,00111101111,01001111010
00101011101,01111110001,00011111110,11110011010,01110101111,11000111101,10110110100,11011001100,10101101011,01101100110,10011010111
10001111011,01001101100,10111100110,10100001111,11101010000,11011000111,11010110100,01010011010,01100110111,11110101001,00111011101
01001101110,00011010111,11011010100,11111100011,10101010110,00111101100,10001011001,01111011010,01100110101,11110001111,10010111010
00111100011,00001111101,11001110001,01110010101,10011010110,11010100100,01100111010,10100110100,11111001000,11100001111,10010111001
01001101110,00011010111,11011010100,11111100011,10101010110,00111101100,10001011001,01111011010,01100110101,11110001111,10010111010
00101011101,01111110001,00011111110,11110011010,01110101111,11000111101,10110110100,11011001100,10101101011,01101100110,10011010111
01001101110,00011010111,11011010100,11111100011,10101010110,00111101100,10001011001,01111011010,01100110101,11110001111,10010111010
10001111011,01001101100,10111100110,10100001111,11101010000,11011000111,11010110100,01010011010,01100110111,11110101001,00111011101
01001101110,00011010111,11011010100,11111100011,10101010110,00111101100,10001011001,01111011010,01100110101,11110001111,10010111010
01101100010,00100111111,00011111000,00011001111,01101011100,11010101110,01110110101,11001110111,10111010110,10101101101,11110011011
01011001111,01111011000,00101101100,10001011011,10010011110,01000111010,01100011101,00110110011,11011110101,11110101001,11101000110
00010110011,10101101010,11101111100000001,0110001,10101101001,011001011101011010011011001,01011100011,0100,11001,001111001011000111
01010110010,00011011011,11000010111,01100101011,11111010001,00101110101,10110100011,10110111100,01111000110,11011101101,10001111010
11011100010,01101011100,01110010011,10011001111,00010111110,01001111001,11100101111,10110011000,11010110101,00111100101,10101110111
01110111101,00111100011,11111010110,10101111000,01101001110,01010111010,10110101110,10110011011,11100100011,11011001001,10001110111
11110000110,01101011100,10011101100,01010011010,00110101111,10000011111,10111011001,11100111001,01010110101,01001100011,10101110010
11011100010,01101011100,01110010011,10011001111,00010111110,01001111001,11100101111,10110011000,11010110101,00111100101,10101110111
10001111011,01001101100,10111100110,10100001111,11101010000,11011000111,11010110100,01010011010,01100110111,11110101001,00111011101
11110000110,01101011100,10011101100,01010011010,00110101111,10000011111,10111011001,11100111001,01010110101,01001100011,10101110010
01101100010,00100111111,00011111000,00011001111,01101011100,11010101110,01110110101,11001110111,10111010110,10101101101,11110011011
00101011101,01111110001,00011111110,11110011010,01110101111,11000111101,10110110100,11011001100,10101101011,01101100110,10011010111
11011100010,01101011100,01110010011,10011001111,00010111110,01001111001,11100101111,10110011000,11010110101,00111100101,10101110111
00010110011,10101101010,11101110001,01110111100,01101011111,01110000011,11000100111,10110011001,11011010110,01011101001,00111100101
01011001111,01111011000,00101101100,10001011011,10010011110,01000111010,01100011101,00110110011,11011110101,11110101001,11101000110
00011100111,10111110100,01011010100,01101001110,11011100010,00010111010,10011011011,11110000111,11000111101,01111101001,01101110011
11011001110,10110101010,00011110111,10001111000,01101101011,11000100101,01100111110,01010111001,11111110000,00111101100,10100011101
00111100011,00001111101,11001110001,01110010101,10011010110,11010100100,01100111010,10100110100,11111001000,11100001111,10010111001
10001111011,01001101100,10111100110,10100001111,11101010000,11011000111,11010110100,01010011010,01100110111,11110101001,00111011101
00111100011,00001111101,11001110001,01110010101,10011010110,11010100100,01100111010,10100110100,11111001000,11100001111,10010111001
01010011111,10100010011,10001010101,01100001101,11011001001,01111110001,11000100111,10110111100,11111000110,00111101111,01001111010
01110111101,00111100011,11111010110,10101111000,01101001110,01010111010,10110101110,10110011011,11100100011,11011001001,10001110111
11011001110,10110101010,00011110111,10001111000,01101101011,11000100101,01100111110,01010111001,11111110000,00111101100,10100011101
11110100010,01100101100,00101110010,00111010101,01011100110,10101001111,10010111100,01010111011,11111011000,11001100001,11000010110
11011001110,10110101010,00011110111,10001111000,01101101011,11000100101,01100111110,01010111001,11111110000,00111101100,10100011101
01111100110,00011011110,11100010100,01110010011,00101110011,00111001101,11011110001,01101111000,01000111101,11001001011,10110101010
01110111101,00111100011,11111010110,10101111000,01101001110,01010111010,10110101110,10110011011,11100100011,11011001001,10001110111
11011100010,01101011100,01110010011,10011001111,00010111110,01001111001,11100101111,10110011000,11010110101,00111100101,10101110111
00010110011,10101101010,11101110001,01110111100,01101011111,01110000011,11000100111,10110011001,11011010110,01011101001,00111100101
11011001110,10110101010,00011110111,10001111000,01101101011,11000100101,01100111110,01010111001,11111110000,00111101100,10100011101
01110111101,00111100011,11111010110,10101111000,01101001110,01010111010,10110101110,10110011011,11100100011,11011001001,10001110111
01110111101,00111100011,11111010110,10101111000,01101001110,01010111010,10110101110,10110011011,11100100011,11011001001,10001110111
01010011111,10100010011,10001010101,01100001101,11011001001,01111110001,11000100111,10110111100,11111000110,00111101111,01001111010
11110100010,01100101100,00101110010,00111010101,01011100110,10101001111,10010111100,01010111011,11111011000,11001100001,11000010110
01010011111,10100010011,10001010101,01100001101,11011001001,01111110001,11000100111,10110111100,11111000110,00111101111,01001111010
11110000110,01101011100,10011101100,01010011010,00110101111,10000011111,10111011001,11100111001,01010110101,01001100011,10101110010
01110111101,00111100011,11111010110,10101111000,01101001110,01010111010,10110101110,10110011011,11100100011,11011001001,10001110111
11011110010,01101101110,01100010111,00010100111,10100111100,11000101001,10001001111,11111000101,01001110101,00111011001,10101100011
00011011101,01111111000,10110011110,11000111100,10110100101,11101001011,11010110011,01010101110,00100111011,01101010110,10001100010
00010110011,10101101010,11101110001,01110111100,01101011111,01110000011,11000100111,10110011001,11011010110,01011101001,00111100101
11011001110,10110101010,00011110111,10001111000,01101101011,11000100101,01100111110,01010111001,11111110000,00111101100,10100011101
00101011101,01111110001,00011111110,11110011010,01110101111,11000111101,10110110100,11011001100,10101101011,01101100110,10011010111
01010110010,00011011011,11000010111,01100101011,11111010001,00101110101,10110100011,10110111100,01111000110,11011101101,10001111010
00111100011,00001111101,11001110001,01110010101,10011010110,11010100100,01100111010,10100110100,11111001000,11100001111,10010111001
00111100011,00001111101,11001110001,01110010101,10011010110,11010100100,01100111010,10100110100,11111001000,11100001111,10010111001
01101100010,00100111111,00011111000,00011001111,01101011100,11010101110,0111011011,11001110111,10111010110,10101101101,11110011011
11110000110,01101011100,10011101100,01010011010,00110101111,10000011111,10111011001,11100111001,01010110101,01001100011,10101110010
11011001110,10110101010,00011110111,10001111000,01101101011,11000100101,01100111110,01010111001,11111110000,00111101100,10100011101
11011110010,01101101110,01100010111,00010100111,10100111100,11000101001,10001001111,11111000101,01001110101,00111011001,10101100011
00101011101,01111110001,00011111110,11110011010,01110101111,11000111101,10110110100,11011001100,10101101011,01101100110,10011010111
01111100110,00011011110,11100010100,01110010011,00101110011,00111001101,11011110001,01101111000,01000111101,11001001011,10110101010
01010110010,00011011011,11000010111,01100101011,11111010001,00101110101,10110100011,10110111100,01111000110,11011101101,10001111010
01010011111,10100010011,10001010101,01100001101,11011001001,01111110001,11000100111,10110111100,11111000110,00111101111,01001111010
00111100011,00001111101,11001110001,01110010101,10011010110,11010100100,01100111010,10100110100,11111001000,11100001111,10010111001
11011110010,01101101110,01100010111,00010100111,10100111100,11000101001,10001001111,11111000101,01001110101,00111011001,10101100011
11110100010,01100101100,00101110010,00111010101,01011100110,10101001111,10010111100,01010111011,11111011000,11001100001,11000010110
11011001110,10110101010,00011110111,10001111000,01101101011,11000100101,01100111110,01010111001,11111110000,00111101100,10100011101
11011100010,01101011100,01110010011,10011001111,00010111110,01001111001,11100101111,10110011000,11010110101,00111100101,10101110111
00010110011,10101101010,11101110001,01110111100,01101011111,01110000011,11000100111,10110011001,11011010110,01011101001,00111100101
10001111011,01001101100,10111100110,10100001111,11101010000,11011000111,11010110100,01010011010,01100110111,11110101001,00111011101
11011100010,01101011100,01110010011,10011001111,00010111110,01001111001,11100101111,10110011000,11010110101,00111100101,10101110111
11110100010,01100101100,00101110010,00111010101,01011100110,10101001111,10010111100,01010111011,11111011000,11001100001,11000010110
00011011101,01111111000,10110011110,11000111100,10110100101,11101001011,11010110011,01010101110,00100111011,01101010110,10001100010
00011011101,01111111000,10110011110,11000111100,10110100101,11101001011,11010110011,01010101110,00100111011,01101010110,10001100010
01010011111,10100010011,10001010101,01100001101,11011001001,01111110001,11000100111,10110111100,11111000110,00111101111,01001111010
01111100110,00011011110,11100010100,01110010011,00101110011,00111001101,11011110001,01101111000,01000111101,11001001011,10110101010
00111100011,00001111101,11001110001,01110010101,10011010110,11010100100,01100111010,10100110100,11111001000,11100001111,10010111001
11110100010,01100101100,00101110010,00111010101,01011100110,10101001111,10010111100,01010111011,11111011000,11001100001,11000010110
01010011111,10100010011,10001010101,01100001101,11011001001,01111110001,11000100111,10110111100,11111000110,00111101111,01001111010
11110100010,01100101100,00101110010,00111010101,01011100110,10101001111,10010111100,01010111011,11111011000,11001100001,11000010110
11011100010,01101011100,01110010011,10011001111,00010111110,01001111001,11100101111,10110011000,11010110101,00111100101,10101110111
00010110011,10101101010,11101110001,01110111100,01101011111,01110000011,11000100111,10110011001,11011010110,01011101001,00111100101
01010110010,00011011011,11000010111,01100101011,11111010001,00101110101,10110100011,10110111100,01111000110,11011101101,10001111010
01111100110,00011011110,11100010100,01110010011,00101110011,00111001101,11011110001,01101111000,01000111101,11001001011,10110101010
00011100111,10111110100,01011010100,01101001110,11011100010,00010111010,10011011011,11110000111,11000111101,01111101001,01101110011
11011001110,10110101010,00011110111,10001111000,01101101011,11000100101,01100111110,01010111001,11111110000,00111101100,10100011101
01010110010,00011011011,11000010111,01100101011,11111010001,00101110101,10110100011,10110111100,01111000110,11011101101,10001111010
10001111011,01001101100,10111100110,10100001111,11101010000,11011000111,11010110100,01010011010,01100110111,11110101001,00111011101
00011100111,10111110100,01011010100,01101001110,11011100010,00010111010,10011011011,11110000111,11000111101,01111101001,01101110011
00101011101,01111110001,00011111110,11110011010,01110101111,11000111101,10110110100,11011001100,10101101011,01101100110,10011010111
01101100010,00100111111,00011111000,00011001111,01101011100,11010101110,01110110101,11001110111,10111010110,10101101101,11110011011
11011100010,01101011100,01110010011,10011001111,00010111110,01001111001,11100101111,10110011000,11010110101,00111100101,10101110111
00010110011,10101101010,11101110001,01110111100,01101011111,01110000011,11000100111,10110011001,11011010110,01011101001,00111100101
01011001111,01111011000,00101101100,10001011011,10010011110,01000111010,01100011101,00110110011,11011110101,11110101001,11101000110
10001111011,01001101100,10111100110,10100001111,11101010000,11011000111,11010110100,01010011010,01100110111,11110101001,00111011101
00101011101,01111110001,00011111110,11110011010,01110101111,11000111101,10110110100,11011001100,10101101011,01101100110,10011010111
01010110010,00011011011,11000010111,01100101011,11111010001,00101110101,10110100011,10110111100,01111000110,11011101101,10001111010
01111100110,00011011110,11100010100,01110010011,00101110011,00111001101,11011110001,01101111000,01000111101,11001001011,10110101010
11110100010,01100101100,00101110010,00111010101,01011100110,10101001111,10010111100,01010111011,11111011000,11001100001,11000010110
01010011111,10100010011,10001010101,01100001101,11011001001,01111110001,11000100111,10110111100,11111000110,00111101111,01001111010
11110100010,01100101100,00101110010,00111010101,01011100110,10101001111,10010111100,01010111011,11111011000,11001100001,11000010110
01011001111,01111011000,00101101100,10001011011,10010011110,01000111010,01100011101,00110110011,11011110101,11110101001,11101000110
01111100110,00011011110,11100010100,01110010011,00101110011,00111001101,11011110001,01101111000,01000111101,11001001011,10110101010
00010110011,10101101010,11101110001,01110111100,01101011111,01110000011,11000100111,10110011001,11011010110,01011101001,00111100101
11011001110,10110101010,00011110111,10001111000,01101101011,11000100101,01100111110,01010111001,11111110000,00111101100,10100011101
11011110010,01101101110,01100010111,00010100111,10100111100,11000101001,10001001111,11111000101,01001110101,00111011001,10101100011
11011001110,10110101010,00011110111,10001111000,01101101011,11000100101,01100111110,01010111001,11111110000,00111101100,10100011101
11011100010,01101011100,01110010011,10011001111,00010111110,01001111001,11100101111,10110011000,11010110101,00111100101,10101110111
01010110010,00011011011,11000010111,01100101011,11111010001,00101110101,10110100011,10110111100,01111000110,11011101101,10001111010
11011001110,10110101010,00011110111,10001111000,01101101011,11000100101,01100111110,01010111001,11111110000,00111101100,10100011101
00011100111,10111110100,01011010100,01101001110,11011100010,00010111010,10011011011,11110000111,11000111101,01111101001,01101110011
01011001111,01111011000,00101101100,10001011011,10010011110,01000111010,01100011101,00110110011,11011110101,11110101001,11101000110
11011100010,01101011100,01110010011,10011001111,00010111110,01001111001,11100101111,10110011000,11010110101,00111100101,10101110111
01110111101,00111100011,11111010110,10101111000,01101001110,01010111010,10110101110,10110011011,11100100011,11011001001,10001110111
00010110011,10101101010,11101110001,01110111100,01101011111,01110000011,11000100111,10110011001,11011010110,01011101001,00111100101
00011100111,10111110100,01011010100,01101001110,11011100010,00010111010,10011011011,11110000111,11000111101,01111101001,01101110011
11011001110,10110101010,00011110111,10001111000,01101101011,11000100101,01100111110,01010111001,11111110000,00111101100,10100011101
01001101110,00011010111,11011010100,11111100011,10101010110,00111101100,10001011001,01111011010,01100110101,11110001111,10010111010
11011110010,01101101110,01100010111,00010100111,10100111100,11000101001,10001001111,11111000101,01001110101,00111011001,10101100011
11110000110,01101011100,10011101100,01010011010,00110101111,10000011111,10111011001,11100111001,01010110101,01001100011,10101110010
00011100111,10111110100,01011010100,01101001110,11011100010,00010111010,10011011011,11110000111,11000111101,01111101001,01101110011
11011001110,10110101010,00011110111,10001111000,01101101011,11000100101,01100111110,01010111001,11111110000,00111101100,10100011101
11110100010,01100101100,00101110010,00111010101,01011100110,10101001111,10010111100,01010111011,11111011000,11001100001,11000010110
01101100010,00100111111,00011111000,00011001111,01101011100,11010101110,01110110101,11001110111,10111010110,10101101101,11110011011
00011100111,10111110100,01011010100,01101001110,11011100010,00010111010,10011011011,11110000111,11000111101,01111101001,01101110011
00011100111,10111110100,01011010100,01101001110,11011100010,00010111010,10011011011,11110000111,11000111101,01111101001,01101110011
01111100110,00011011110,11100010100,01110010011,00101110011,00111001101,11011110001,01101111000,01000111101,11001001011,10110101010
01101100010,00100111111,00011111000,00011001111,01101011100,11010101110,01110110101,11001110111,10111010110,10101101101,11110011011
1010011010,001111011011,001000,0001111100011,1100110100011,0100111110111010111011,10111011001110101010101000110,00011,00110101011,10010111010
00010110011,10101101010,11101110001,01110111100,01101011111,01110000011,11000100111,10110011001,11011010110,01011101001,00111100101
10001111011,01001101100,10111100110,10100001111,11101010000,11011000111,11010110100,01010011010,01100110111,11110101001,00111011101
01101100010,00100111111,00011111000,00011001111,01101011100,11010101110,01110110101,11001110111,10111010110,10101101101,11110011011
00111100011,00001111101,11001110001,01110010101,10011010110,11010100100,01100111010,10100110100,11111001000,11100001111,10010111001
10001111011,01001101100,10111100110,10100001111,11101010000,11011000111,11010110100,01010011010,01100110111,11110101001,00111011101
01010011111,10100010011,10001010101,01100001101,11011001001,01111110001,11000100111,10110111100,11111000110,00111101111,01001111010
01111100110,00011011110,11100010100,01110010011,00101110011,00111001101,11011110001,01101111000,01000111101,11001001011,10110101010
01011001111,01111011000,00101101100,10001011011,10010011110,01000111010,01100011101,00110110011,11011110101,11110101001,11101000110
00010110011,10101101010,11101110001,01110111100,01101011111,01110000011,11000100111,10110011001,11011010110,01011101001,00111100101
01110111101,00111100011,11111010110,10101111000,01101001110,01010111010,10110101110,10110011011,11100100011,11011001001,10001110111
01111100110,00011011110,11100010100,01110010011,00101110011,00111001101,11011110001,01101111000,01000111101,11001001011,10110101010
00101011101,01111110001,00011111110,11110011010,01110101111,11000111101,10110110100,11011001100,10101101011,01101100110,10011010111
00011011101,01111111000,10110011110,11000111100,10110100101,11101001011,11010110011,01010101110,00100111011,01101010110,10001100010
11011110010,01101101110,01100010111,00010100111,10100111100,11000101001,10001001111,11111000101,01001110101,00111011001,10101100011
11011001110,10110101010,00011110111,10001111000,01101101011,11000100101,01100111110,01010111001,11111110000,00111101100,10100011101
01110111101,00111100011,11111010110,10101111000,01101001110,01010111010,10110101110,10110011011,11100100011,11011001001,10001110111
01001101110,00011010111,11011010100,11111100011,10101010110,00111101100,10001011001,01111011010,01100110101,11110001111,10010111010
00111100011,00001111101,11001110001,01110010101,10011010110,11010100100,01100111010,10100110100,11111001000,11100001111,10010111001
01110111101,00111100011,11111010110,10101111000,01101001110,01010111010,10110101110,10110011011,11100100011,11011001001,10001110111
01010011111,10100010011,10001010101,01100001101,11011001001,01111110001,11000100111,10110111100,11111000110,00111101111,01001111010
01010110010,00011011011,11000010111,01100101011,11111010001,00101110101,10110100011,10110111100,01111000110,11011101101,10001111010
01110111101,00111100011,11111010110,10101111000,01101001110,01010111010,10110101110,10110011011,11100100011,11011001001,10001110111
00010110011,10101101010,11101110001,01110111100,01101011111,01110000011,11000100111,10110011001,11011010110,01011101001,00111100101
11011100010,01101011100,01110010011,10011001111,00010111110,01001111001,11100101111,10110011000,11010110101,00111100101,10101110111
01101100010,00100111111,00011111000,00011001111,01101011100,11010101110,01110110101,11001110111,10111010110,10101101101,11110011011
01001101110,00011010111,11011010100,11111100011,10101010110,00111101100,10001011001,01111011010,01100110101,11110001111,10010111010
00101011101,01111110001,00011111110,11110011010,01110101111,11000111101,10110110100,11011001100,10101101011,01101100110,10011010111
01001101110,00011010111,11011010100,11111100011,10101010110,00111101100,10001011001,01111011010,01100110101,11110001111,10010111010
00111100011,00001111101,11001110001,01110010101,10011010110,11010100100,01100111010,10100110100,11111001000,11100001111,10010111001
11011001110,10110101010,00011110111,10001111000,01101101011,11000100101,01100111110,01010111001,11111110000,00111101100,10100011101
11011001110,10110101010,00011110111,10001111000,01101101011,11000100101,01100111110,01010111001,11111110000,00111101100,10100011101
11011001110,10110101010,00011110111,10001111000,01101101011,11000100101,01100111110,01010111001,11111110000,00111101100,10100011101
11011100010,01101011100,01110010011,10011001111,00010111110,01001111001,11100101111,10110011000,11010110101,00111100101,10101110111
10001111011,01001101100,10111100110,10100001111,11101010000,11011000111,11010110100,01010011010,01100110111,11110101001,00111011101
11011001110,10110101010,00011110111,10001111000,01101101011,11000100101,01100111110,01010111001,11111110000,00111101100,10100011101
11110100010,01100101100,00101110010,00111010101,01011100110,10101001111,10010111100,01010111011,11111011000,11001100001,11000010110
00101011101,01111110001,00011111110,11110011010,01110101111,11000111101,10110110100,11011001100,10101101011,01101100110,10011010111
00011011101,01111111000,10110011110,11000111100,10110100101,11101001011,11010110011,01010101110,00100111011,01101010110,10001100010
01110111101,00111100011,11111010110,10101111000,01101001110,01010111010,10110101110,10110011011,11100100011,11011001001,10001110111
01011001111,01111011000,00101101100,10001011011,10010011110,01000111010,01100011101,00110110011,11011110101,11110101001,11101000110
00111100011,00001111101,11001110001,01110010101,10011010110,11010100100,01100111010,10100110100,11111001000,11100001111,10010111001
00011011101,01111111000,10110011110,11000111100,10110100101,11101001011,11010110011,01010101110,00100111011,01101010110,10001100010
11011001110,10110101010,00011110111,10001111000,01101101011,11000100101,01100111110,01010111001,11111110000,00111101100,10100011101
10001111011,01001101100,10111100110,10100001111,11101010000,11011000111,11010110100,01010011010,01100110111,11110101001,00111011101
01101100010,00100111111,00011111000,00011001111,01101011100,11010101110,01110110101,11001110111,10111010110,10101101101,11110011011
11011001110,10110101010,00011110111,10001111000,01101101011,11000100101,01100111110,01010111001,11111110000,00111101100,10100011101
11011001110,10110101010,00011110111,10001111000,01101101011,11000100101,01100111110,01010111001,11111110000,00111101100,10100011101
01001101110,00011010111,11011010100,11111100011,10101010110,00111101100,10001011001,01111011010,01100110101,11110001111,10010111010
00010110011,10101101010,11101110001,01110111100,01101011111,01110000011,11000100111,10110011001,11011010110,01011101001,00111100101
10001111011,01001101100,10111100110,10100001111,11101010000,11011000111,11010110100,01010011010,01100110111,11110101001,00111011101
10001111011,01001101100,10111100110,10100001111,11101010000,11011000111,11010110100,01010011010,01100110111,11110101001,00111011101
00111100011,00001111101,11001110001,01110010101,10011010110,11010100100,01100111010,10100110100,11111001000,11100001111,10010111001
10001111011,01001101100,10111100110,10100001111,11101010000,11011000111,11010110100,01010011010,01100110111,11110101001,00111011101
00011011101,01111111000,10110011110,11000111100,10110100101,11101001011,11010110011,01010101110,00100111011,01101010110,10001100010
00111100011,00001111101,11001110001,01110010101,10011010110,11010100100,01100111010,10100110100,11111001000,11100001111,10010111001
00111100011,00001111101,11001110001,01110010101,10011010110,11010100100,01100111010,10100110100,11111001000,11100001111,10010111001
01001101110,00011010111,11011010100,11111100011,10101010110,00111101100,10001011001,01111011010,01100110101,11110001111,10010111010
01111100110,00011011110,11100010100,01110010011,00101110011,00111001101,11011110001,01101111000,01000111101,11001001011,10110101010
11011100010,01101011100,01110010011,10011001111,00010111110,01001111001,11100101111,10110011000,11010110101,00111100101,10101110111
01110111101,00111100011,11111010110,10101111000,01101001110,01010111010,10110101110,10110011011,11100100011,11011001001,10001110111
01001101110,00011010111,11011010100,11111100011,10101010110,00111101100,10001011001,01111011010,01100110101,11110001111,10010111010
01011001111,01111011000,00101101100,10001011011,10010011110,01000111010,01100011101,00110110011,11011110101,11110101001,11101000110
01001101110,00011010111,11011010100,11111100011,10101010110,00111101100,10001011001,01111011010,01100110101,11110001111,10010111010
11110100010,01100101100,00101110010,00111010101,01011100110,10101001111,10010111100,01010111011,11111011000,11001100001,11000010110
11011110010,01101101110,01100010111,00010100111,10100111100,11000101001,10001001111,11111000101,01001110101,00111011001,10101100011
00011011101,01111111000,10110011110,11000111100,10110100101,11101001011,11010110011,01010101110,00100111011,01101010110,10001100010
01101100010,00100111111,00011111000,00011001111,01101011100,11010101110,01110110101,11001110111,10111010110,10101101101,11110011011
01101100010,00100111111,00011111000,00011001111,01101011100,11010101110,01110110101,11001110111,10111010110,10101101101,11110011011
01001101110,00011010111,11011010100,11111100011,10101010110,00111101100,10001011001,01111011010,01100110101,11110001111,10010111010
00101011101,01111110001,00011111110,11110011010,01110101111,11000111101,10110110100,11011001100,10101101011,01101100110,10011010111
00011100111,10111110100,01011010100,01101001110,11011100010,00010111010,10011011011,11110000111,11000111101,01111101001,01101110011
11110000110,01101011100,10011101100,01010011010,00110101111,10000011111,10111011001,11100111001,01010110101,01001100011,10101110010
11011001110,10110101010,00011110111,10001111000,01101101011,11000100101,01100111110,01010111001,11111110000,00111101100,10100011101
11110100010,01100101100,00101110010,00111010101,01011100110,10101001111,10010111100,01010111011,11111011000,11001100001,11000010110
00011100111,10111110100,01011010100,01101001110,11011100010,00010111010,10011011011,11110000111,11000111101,01111101001,01101110011
11110100010,01100101100,00101110010,00111010101,01011100110,10101001111,10010111100,01010111011,11111011000,11001100001,11000010110
01110111101,00111100011,11111010110,10101111000,01101001110,01010111010,10110101110,10110011011,11100100011,11011001001,10001110111
00011011101,01111111000,10110011110,11000111100,10110100101,11101001011,11010110011,01010101110,00100111011,01101010110,10001100010
11110100010,01100101100,00101110010,00111010101,01011100110,10101001111,10010111100,01010111011,11111011000,11001100001,11000010110
11110100010,01100101100,00101110010,00111010101,01011100110,10101001111,10010111100,01010111011,11111011000,11001100001,11000010110
01010110010,00011011011,11000010111,01100101011,11111010001,00101110101,10110100011,10110111100,01111000110,11011101101,10001111010
00011100111,10111110100,01011010100,01101001110,11011100010,00010111010,10011011011,11110000111,11000111101,01111101001,01101110011
01001101110,00011010111,11011010100,11111100011,10101010110,00111101100,10001011001,01111011010,01100110101,11110001111,10010111010
00111100011,00001111101,11001110001,01110010101,10011010110,11010100100,01100111010,10100110100,11111001000,11100001111,10010111001
01110111101,00111100011,11111010110,10101111000,01101001110,01010111010,10110101110,10110011011,11100100011,11011001001,10001110111
00011011101,01111111000,10110011110,11000111100,10110100101,11101001011,11010110011,01010101110,00100111011,01101010110,10001100010
11011110010,01101101110,01100010111,00010100111,10100111100,11000101001,10001001111,11111000101,01001110101,00111011001,10101100011
11011100010,01101011100,01110010011,10011001111,00010111110,01001111001,11100101111,10110011000,11010110101,00111100101,10101110111
11110100010,01100101100,00101110010,00111010101,01011100110,10101001111,10010111100,01010111011,11111011000,11001100001,11000010110
11110000110,01101011100,10011101100,01010011010,00110101111,10000011111,10111011001,11100111001,01010110101,01001100011,10101110010
01110111101,00111100011,11111010110,10101111000,01101001110,01010111010,10110101110,10110011011,11100100011,11011001001,10001110111
00011011101,01111111000,10110011110,11000111100,10110100101,11101001011,11010110011,01010101110,00100111011,01101010110,10001100010
11110000110,01101011100,10011101100,01010011010,00110101111,10000011111,10111011001,11100111001,01010110101,01001100011,10101110010
01010110010,00011011011,11000010111,01100101011,11111010001,00101110101,10110100011,10110111100,01111000110,11011101101,10001111010
00101011101,01111110001,00011111110,11110011010,01110101111,11000111101,10110110100,11011001100,10101101011,01101100110,10011010111
01101100010,00100111111,00011111000,00011001111,01101011100,11010101110,01110110101,11001110111,10111010110,10101101101,11110011011
11011001110,10110101010,00011110111,10001111000,01101101011,11000100101,01100111110,01010111001,11111110000,00111101100,10100011101
11011001110,10110101010,00011110111,10001111000,01101101011,11000100101,01100111110,01010111001,11111110000,00111101100,10100011101
01001101110,00011010111,11011010100,11111100011,10101010110,00111101100,10001011001,01111011010,01100110101,11110001111,10010111010
00101011101,01111110001,00011111110,11110011010,01110101111,11000111101,10110110100,11011001100,10101101011,01101100110,10011010111
00101011101,01111110001,00011111110,11110011010,01110101111,11000111101,10110110100,11011001100,10101101011,01101100110,10011010111
01101100010,00100111111,00011111000,00011001111,01101011100,11010101110,01110110101,11001110111,10111010110,10101101101,11110011011
01001101110,00011010111,11011010100,11111100011,10101010110,00111101100,10001011001,01111011010,01100110101,11110001111,10010111010
01110111101,00111100011,11111010110,10101111000,01101001110,01010111010,10110101110,10110011011,11100100011,11011001001,10001110111
00101011101,01111110001,00011111110,11110011010,01110101111,11000111101,10110110100,11011001100,10101101011,01101100110,10011010111
00011011101,01111111000,10110011110,11000111100,10110100101,11101001011,11010110011,01010101110,00100111011,01101010110,10001100010
01111100110,00011011110,11100010100,01110010011,00101110011,00111001101,11011110001,01101111000,01000111101,11001001011,10110101010
11011001110,10110101010,00011110111,10001111000,01101101011,11000100101,01100111110,01010111001,11111110000,00111101100,10100011101
01101100010,00100111111,00011111000,00011001111,01101011100,11010101110,01110110101,11001110111,10111010110,10101101101,11110011011
11110100010,01100101100,00101110010,00111010101,01011100110,10101001111,10010111100,01010111011,11111011000,11001100001,11000010110
01011001111,01111011000,00101101100,10001011011,10010011110,01000111010,01100011101,00110110011,11011110101,11110101001,11101000110
11110000110,01101011100,10011101100,01010011010,00110101111,10000011111,10111011001,11100111001,01010110101,01001100011,10101110010
01111100110,00011011110,11100010100,01110010011,00101110011,00111001101,11011110001,01101111000,01000111101,11001001011,10110101010
00011100111,10111110100,01011010100,01101001110,11011100010,00010111010,10011011011,11110000111,11000111101,01111101001,01101110011
11011100010,01101011100,01110010011,10011001111,00010111110,01001111001,11100101111,10110011000,11010110101,00111100101,10101110111
00101011101,01111110001,00011111110,11110011010,01110101111,11000111101,10110110100,11011001100,10101101011,01101100110,10011010111
11110000110,01101011100,10011101100,01010011010,00110101111,10000011111,10111011001,11100111001,01010110101,01001100011,10101110010
11011001110,10110101010,00011110111,10001111000,01101101011,11000100101,01100111110,01010111001,11111110000,00111101100,10100011101
11011001110,10110101010,00011110111,10001111000,01101101011,11000100101,01100111110,01010111001,11111110000,00111101100,10100011101
00111100011,00001111101,11001110001,01110010101,10011010110,11010100100,01100111010,10100110100,11111001000,11100001111,10010111001
01101100010,00100111111,00011111000,00011001111,01101011100,11010101110,01110110101,11001110111,10111010110,10101101101,11110011011
11011001110,10110101010,00011110111,10001111000,01101101011,11000100101,01100111110,01010111001,11111110000,00111101100,10100011101
01011001111,01111011000,00101101100,10001011011,10010011110,01000111010,01100011101,00110110011,11011110101,11110101001,11101000110
11110100010,01100101100,00101110010,00111010101,01011100110,10101001111,10010111100,01010111011,11111011000,11001100001,11000010110
00011011101,01111111000,10110011110,11000111100,10110100101,11101001011,11010110011,01010101110,00100111011,01101010110,10001100010
00101011101,01111110001,00011111110,11110011010,01110101111,11000111101,10110110100,11011001100,10101101011,01101100110,10011010111
11110100010,01100101100,00101110010,00111010101,01011100110,10101001111,10010111100,01010111011,11111011000,11001100001,11000010110
01010110010,00011011011,11000010111,01100101011,11111010001,00101110101,10110100011,10110111100,01111000110,11011101101,10001111010
11110000110,01101011100,10011101100,01010011010,00110101111,10000011111,10111011001,11100111001,01010110101,01001100011,10101110010
00011011101,01111111000,10110011110,11000111100,10110100101,11101001011,11010110011,01010101110,00100111011,01101010110,10001100010
11011001110,10110101010,00011110111,10001111000,01101101011,11000100101,01100111110,01010111001,11111110000,00111101100,10100011101
10001111011,01001101100,10111100110,10100001111,11101010000,11011000111,11010110100,01010011010,01100110111,11110101001,00111011101
11011001110,10110101010,00011110111,10001111000,01101101011,11000100101,01100111110,01010111001,11111110000,00111101100,10100011101
00101011101,01111110001,00011111110,11110011010,01110101111,11000111101,10110110100,11011001100,10101101011,01101100110,10011010111
11011001110,10110101010,00011110111,10001111000,01101101011,11000100101,01100111110,01010111001,11111110000,00111101100,10100011101
01111100110,00011011110,11100010100,01110010011,00101110011,00111001101,11011110001,01101111000,01000111101,11001001011,10110101010
00111100011,00001111101,11001110001,01110010101,10011010110,11010100100,01100111010,10100110100,11111001000,11100001111,10010111001
00010110011,10101101010,11101110001,01110111100,01101011111,01110000011,11000100111,10110011001,11011010110,01011101001,00111100101
00011100111,10111110100,01011010100,01101001110,11011100010,00010111010,10011011011,11110000111,11000111101,01111101001,01101110011
11011100010,01101011100,01110010011,10011001111,00010111110,01001111001,11100101111,10110011000,11010110101,00111100101,10101110111
00101011101,01111110001,00011111110,11110011010,01110101111,11000111101,10110110100,11011001100,10101101011,01101100110,10011010111
01010011111,10100010011,10001010101,01100001101,11011001001,01111110001,11000100111,10110111100,11111000110,00111101111,01001111010
01101100010,00100111111,00011111000,00011001111,01101011100,11010101110,01110110101,11001110111,10111010110,10101101101,11110011011
01001101110,00011010111,11011010100,11111100011,10101010110,00111101100,10001011001,01111011010,01100110101,11110001111,10010111010
01110111101,00111100011,11111010110,10101111000,01101001110,01010111010,10110101110,10110011011,11100100011,11011001001,10001110111
00111100011,00001111101,11001110001,01110010101,10011010110,11010100100,01100111010,10100110100,11111001000,11100001111,10010111001
01011001111,01111011000,00101101100,10001011011,10010011110,01000111010,01100011101,00110110011,11011110101,11110101001,11101000110
11011001110,10110101010,00011110111,10001111000,01101101011,11000100101,01100111110,01010111001,11111110000,00111101100,10100011101
00101011101,01111110001,00011111110,11110011010,01110101111,11000111101,10110110100,11011001100,10101101011,01101100110,10011010111
11011001110,10110101010,00011110111,10001111000,01101101011,11000100101,01100111110,01010111001,11111110000,00111101100,10100011101
00011011101,01111111000,10110011110,11000111100,10110100101,11101001011,11010110011,01010101110,00100111011,01101010110,10001100010
00111100011,00001111101,11001110001,01110010101,10011010110,11010100100,01100111010,10100110100,11111001000,11100001111,10010111001
01110111101,00111100011,11111010110,10101111000,01101001110,01010111010,10110101110,10110011011,11100100011,11011001001,10001110111
01111100110,00011011110,11100010100,01110010011,00101110011,00111001101,11011110001,01101111000,01000111101,11001001011,10110101010
01010110010,00011011011,11000010111,01100101011,11111010001,00101110101,10110100011,10110111100,01111000110,11011101101,10001111010
11011110010,01101101110,01100010111,00010100111,10100111100,11000101001,10001001111,11111000101,01001110101,00111011001,10101100011
00011011101,01111111000,10110011110,11000111100,10110100101,11101001011,11010110011,01010101110,00100111011,01101010110,10001100010
11011001110,10110101010,00011110111,10001111000,01101101011,11000100101,01100111110,01010111001,11111110000,00111101100,10100011101
00111100011,00001111101,11001110001,01110010101,10011010110,11010100100,01100111010,10100110100,11111001000,11100001111,10010111001
01101100010,00100111111,00011111000,00011001111,01101011100,11010101110,01110110101,11001110111,10111010110,10101101101,11110011011
10001111011,01001101100,10111100110,10100001111,11101010000,11011000111,11010110100,01010011010,01100110111,11110101001,00111011101
00111100011,00001111101,11001110001,01110010101,10011010110,11010100100,01100111010,10100110100,11111001000,11100001111,10010111001
01011001111,01111011000,00101101100,10001011011,10010011110,01000111010,01100011101,00110110011,11011110101,11110101001,11101000110
01011001111,01111011000,00101101100,10001011011,10010011110,01000111010,01100011101,00110110011,11011110101,11110101001,11101000110
10001111011,01001101100,10111100110,10100001111,11101010000,11011000111,11010110100,01010011010,01100110111,11110101001,00111011101
01010011111,10100010011,10001010101,01100001101,11011001001,01111110001,11000100111,10110111100,11111000110,00111101111,01001111010
11011110010,01101101110,01100010111,00010100111,10100111100,11000101001,10001001111,11111000101,01001110101,00111011001,10101100011
00111100011,00001111101,11001110001,01110010101,10011010110,11010100100,01100111010,10100110100,11111001000,11100001111,10010111001
00010110011,10101101010,11101110001,01110111100,01101011111,01110000011,11000100111,10110011001,11011010110,01011101001,00111100101
00011100111,10111110100,01011010100,01101001110,11011100010,00010111010,10011011011,11110000111,11000111101,01111101001,01101110011
01111100110,00011011110,11100010100,01110010011,00101110011,00111001101,11011110001,01101111000,01000111101,11001001011,10110101010
01111100110,00011011110,11100010100,01110010011,00101110011,00111001101,11011110001,01101111000,01000111101,11001001011,10110101010
01010011111,10100010011,10001010101,01100001101,11011001001,01111110001,11000100111,10110111100,11111000110,00111101111,01001111010
11110000110,01101011100,10011101100,01010011010,00110101111,10000011111,10111011001,11100111001,01010110101,01001100011,10101110010
01110111101,00111100011,11111010110,10101111000,01101001110,01010111010,10110101110,10110011011,11100100011,11011001001,10001110111
11011100010,01101011100,01110010011,10011001111,00010111110,01001111001,11100101111,10110011000,11010110101,00111100101,10101110111
01110111101,00111100011,11111010110,10101111000,01101001110,01010111010,10110101110,10110011011,11100100011,11011001001,10001110111
01010011111,10100010011,10001010101,01100001101,11011001001,01111110001,11000100111,10110111100,11111000110,00111101111,01001111010
00011100111,10111110100,01011010100,01101001110,11011100010,00010111010,10011011011,11110000111,11000111101,01111101001,01101110011
11011110010,01101101110,01100010111,00010100111,10100111100,11000101001,10001001111,11111000101,01001110101,00111011001,10101100011
11011100010,01101011100,01110010011,10011001111,00010111110,01001111001,11100101111,10110011000,11010110101,00111100101,10101110111
01110111101,00111100011,11111010110,10101111000,01101001110,01010111010,10110101110,10110011011,11100100011,11011001001,10001110111
01011001111,01111011000,00101101100,10001011011,10010011110,01000111010,01100011101,00110110011,11011110101,11110101001,11101000110
00111100011,00001111101,11001110001,01110010101,10011010110,11010100100,01100111010,10100110100,11111001000,11100001111,10010111001
11011100010,01101011100,01110010011,10011001111,00010111110,01001111001,11100101111,10110011000,11010110101,00111100101,10101110111
00010110011,10101101010,11101110001,01110111100,01101011111,01110000011,11000100111,10110011001,11011010110,01011101001,00111100101
11110100010,01100101100,00101110010,00111010101,01011100110,10101001111,10010111100,01010111011,11111011000,11001100001,11000010110
01101100010,00100111111,00011111000,00011001111,01101011100,11010101110,01110110101,11001110111,10111010110,10101101101,11110011011
01110111101,00111100011,11111010110,10101111000,01101001110,01010111010,10110101110,10110011011,11100100011,11011001001,10001110111
11110000110,01101011100,10011101100,01010011010,00110101111,10000011111,10111011001,11100111001,01010110101,01001100011,10101110010
01111100110,00011011110,11100010100,01110010011,00101110011,00111001101,11011110001,01101111000,01000111101,11001001011,10110101010
11011100010,01101011100,01110010011,10011001111,00010111110,01001111001,11100101111,10110011000,11010110101,00111100101,10101110111
00011011101,01111111000,10110011110,11000111100,10110100101,11101001011,11010110011,01010101110,00100111011,01101010110,10001100010
01001101110,00011010111,11011010100,11111100011,10101010110,00111101100,10001011001,01111011010,01100110101,11110001111,10010111010
01010011111,10100010011,10001010101,01100001101,11011001001,01111110001,11000100111,10110111100,11111000110,00111101111,01001111010
00011100111,10111110100,01011010100,01101001110,11011100010,00010111010,10011011011,11110000111,11000111101,01111101001,01101110011
01101100010,00100111111,00011111000,00011001111,01101011100,11010101110,01110110101,11001110111,10111010110,10101101101,11110011011
11011110010,01101101110,01100010111,00010100111,10100111100,11000101001,10001001111,11111000101,01001110101,00111011001,10101100011
01101100010,00100111111,00011111000,00011001111,01101011100,11010101110,01110110101,11001110111,10111010110,10101101101,111100110101
01011001111,01111011000,00101101100,10001011011,10010011110,01000111010,01100011101,00110110011,11011110101,11110101001,11101000110
11110000110,01101011100,10011101100,01010011010,00110101111,10000011111,10111011001,11100111001,01010110101,01001100011,10101110010
10001111011,01001101100,10111100110,10100001111,11101010000,11011000111,11010110100,01010011010,01100110111,11110101001,00111011101
01011001111,01111011000,00101101100,10001011011,10010011110,01000111010,01100011101,00110110011,11011110101,11110101001,11101000110
11110100010,01100101100,00101110010,00111010101,01011100110,10101001111,10010111100,01010111011,11111011000,11001100001,11000010110
01010011111,10100010011,10001010101,01100001101,11011001001,01111110001,11000100111,10110111100,11111000110,00111101111,01001111010
11110100010,01100101100,00101110010,00111010101,01011100110,10101001111,10010111100,01010111011,11111011000,11001100001,11000010110
11011100010,01101011100,01110010011,10011001111,00010111110,01001111001,11100101111,10110011000,11010110101,00111100101,10101110111
11011100010,01101011100,01110010011,10011001111,00010111110,01001111001,11100101111,10110011000,11010110101,00111100101,10101110111
10001111011,01001101100,10111100110,10100001111,11101010000,11011000111,11010110100,01010011010,01100110111,11110101001,00111011101
11011001110,10110101010,00011110111,10001111000,01101101011,11000100101,01100111110,01010111001,11111110000,00111101100,10100011101
00010110011,10101101010,11101110001,01110111100,01101011111,01110000011,11000100111,10110011001,11011010110,01011101001,00111100101
01011001111,01111011000,00101101100,10001011011,10010011110,01000111010,01100011101,00110110011,11011110101,11110101001,11101000110
01010011111,10100010011,10001010101,01100001101,11011001001,01111110001,11000100111,10110111100,11111000110,00111101111,01001111010
01110111101,00111100011,11111010110,10101111000,01101001110,01010111010,10110101110,10110011011,11100100011,11011001001,10001110111
00010110011,10101101010,11101110001,01110111100,01101011111,01110000011,11000100111,10110011001,11011010110,01011101001,00111100101
00101011101,01111110001,00011111110,11110011010,01110101111,11000111101,10110110100,11011001100,10101101011,01101100110,10011010111
01111100110,00011011110,11100010100,01110010011,00101110011,00111001101,11011110001,01101111000,01000111101,11001001011,10110101010
01110111101,00111100011,11111010110,10101111000,01101001110,01010111010,10110101110,10110011011,11100100011,11011001001,10001110111
00111100011,00001111101,11001110001,01110010101,10011010110,11010100100,01100111010,10100110100,11111001000,11100001111,10010111001
01010110010,00011011011,11000010111,01100101011,11111010001,00101110101,10110100011,10110111100,01111000110,11011101101,10001111010
11011100010,01101011100,01110010011,10011001111,00010111110,01001111001,11100101111,10110011000,11010110101,00111100101,10101110111
11011100010,01101011100,01110010011,10011001111,00010111110,01001111001,11100101111,10110011000,11010110101,00111100101,10101110111
11110100010,01100101100,00101110010,00111010101,01011100110,10101001111,10010111100,01010111011,11111011000,11001100001,11000010110
11011110010,01101101110,01100010111,00010100111,10100111100,11000101001,10001001111,11111000101,01001110101,00111011001,10101100011
00011100111,10111110100,01011010100,01101001110,11011100010,00010111010,10011011011,11110000111,11000111101,01111101001,01101110011
11011100010,01101011100,01110010011,10011001111,00010111110,01001111001,11100101111,10110011000,11010110101,00111100101,10101110111
00010110011,10101101010,11101110001,01110111100,01101011111,01110000011,11000100111,10110011001,11011010110,01011101001,00111100101
00011011101,01111111000,10110011110,11000111100,10110100101,11101001011,11010110011,01010101110,00100111011,01101010110,10001100010
00011011101,01111111000,10110011110,11000111100,10110100101,11101001011,11010110011,01010101110,00100111011,01101010110,10001100010
11011100010,01101011100,01110010011,10011001111,00010111110,01001111001,11100101111,10110011000,11010110101,00111100101,10101110111
01010110010,00011011011,11000010111,01100101011,11111010001,00101110101,10110100011,10110111100,01111000110,11011101101,10001111010
11110100010,01100101100,00101110010,00111010101,01011100110,10101001111,10010111100,01010111011,11111011000,11001100001,11000010110
00011100111,10111110100,01011010100,01101001110,11011100010,00010111010,10011011011,11110000111,11000111101,01111101001,01101110011
11110100010,01100101100,00101110010,00111010101,01011100110,10101001111,10010111100,01010111011,11111011000,11001100001,11000010110
01110111101,00111100011,11111010110,10101111000,01101001110,01010111010,10110101110,10110011011,11100100011,11011001001,10001110111
11011110010,01101101110,01100010111,00010100111,10100111100,11000101001,10001001111,11111000101,01001110101,00111011001,10101100011
01110111101,00111100011,11111010110,10101111000,01101001110,01010111010,10110101110,10110011011,11100100011,11011001001,10001110111
00011100111,10111110100,01011010100,01101001110,11011100010,00010111010,10011011011,11110000111,11000111101,01111101001,01101110011
11110100010,01100101100,00101110010,00111010101,01011100110,10101001111,10010111100,01010111011,11111011000,11001100001,11000010110
11011110010,01101101110,01100010111,00010100111,10100111100,11000101001,10001001111,11111000101,01001110101,00111011001,10101100011
11110100010,01100101100,00101110010,00111010101,01011100110,10101001111,10010111100,01010111011,11111011000,11001100001,11000010110
11110100010,01100101100,00101110010,00111010101,01011100110,10101001111,10010111100,01010111011,11111011000,11001100001,11000010110
00111100011,00001111101,11001110001,01110010101,10011010110,11010100100,01100111010,10100110100,11111001000,11100001111,10010111001
11011100010,01101011100,01110010011,10011001111,00010111110,01001111001,11100101111,10110011000,11010110101,00111100101,10101110111
00011011101,01111111000,10110011110,11000111100,10110100101,11101001011,11010110011,01010101110,00100111011,01101010110,10001100010
11110100010,01100101100,00101110010,00111010101,01011100110,10101001111,10010111100,01010111011,11111011000,11001100001,11000010110
01011001111,01111011000,00101101100,10001011011,10010011110,01000111010,01100011101,00110110011,11011110101,11110101001,11101000110
01010011111,10100010011,10001010101,01100001101,11011001001,01111110001,11000100111,10110111100,11111000110,00111101111,01001111010
11110000110,01101011100,10011101100,01010011010,00110101111,10000011111,10111011001,11100111001,01010110101,01001100011,10101110010
11110100010,01100101100,00101110010,00111010101,01011100110,10101001111,10010111100,01010111011,11111011000,11001100001,11000010110
11011100010,01101011100,01110010011,10011001111,00010111110,01001111001,11100101111,10110011000,11010110101,00111100101,10101110111
11110100010,01100101100,00101110010,00111010101,01011100110,10101001111,10010111100,01010111011,11111011000,11001100001,11000010110
11110100010,01100101100,00101110010,00111010101,01011100110,10101001111,10010111100,01010111011,11111011000,11001100001,11000010110
00111100011,00001111101,11001110001,01110010101,10011010110,11010100100,01100111010,10100110100,11111001000,11100001111,10010111001
00010110011,10101101010,11101110001,01110111100,01101011111,01110000011,11000100111,10110011001,11011010110,01011101001,00111100101
01001101110,00011010111,11011010100,11111100011,10101010110,00111101100,10001011001,01111011010,01100110101,11110001111,10010111010
01010011111,10100010011,10001010101,01100001101,11011001001,01111110001,11000100111,10110111100,11111000110,00111101111,01001111010
01010110010,00011011011,11000010111,01100101011,11111010001,00101110101,10110100011,10110111100,01111000110,11011101101,10001111010
01001101110,00011010111,11011010100,11111100011,10101010110,00111101100,10001011001,01111011010,01100110101,11110001111,10010111010
01010011111,10100010011,10001010101,01100001101,11011001001,01111110001,11000100111,10110111100,11111000110,00111101111,01001111010
00011011101,01111111000,10110011110,11000111100,10110100101,11101001011,11010110011,01010101110,00100111011,01101010110,10001100010
10001111011,01001101100,10111100110,10100001111,11101010000,11011000111,11010110100,01010011010,01100110111,11110101001,00111011101
00011011101,01111111000,10110011110,11000111100,10110100101,11101001011,11010110011,01010101110,00100111011,01101010110,10001100010
00010110011,10101101010,11101110001,01110111100,01101011111,01110000011,11000100111,10110011001,11011010110,01011101001,00111100101
01110111101,00111100011,11111010110,10101111000,01101001110,01010111010,10110101110,10110011011,11100100011,11011001001,10001110111
11011110010,01101101110,01100010111,00010100111,10100111100,11000101001,10001001111,11111000101,01001110101,00111011001,10101100011
11110000110,01101011100,10011101100,01010011010,00110101111,10000011111,10111011001,11100111001,01010110101,01001100011,10101110010
00101011101,01111110001,00011111110,11110011010,01110101111,11000111101,10110110100,11011001100,10101101011,01101100110,10011010111
01010011111,10100010011,10001010101,01100001101,11011001001,01111110001,11000100111,10110111100,11111000110,00111101111,01001111010
11011100010,01101011100,01110010011,10011001111,00010111110,01001111001,11100101111,10110011000,11010110101,00111100101,10101110111
00010110011,10101101010,11101110001,01110111100,01101011111,01110000011,11000100111,10110011001,11011010110,01011101001,00111100101
01010110010,00011011011,11000010111,01100101011,11111010001,00101110101,10110100011,10110111100,01111000110,11011101101,10001111010
00011100111,10111110100,01011010100,01101001110,11011100010,00010111010,10011011011,11110000111,11000111101,01111101001,01101110011
00011011101,01111111000,10110011110,11000111100,10110100101,11101001011,11010110011,01010101110,00100111011,01101010110,10001100010
01101100010,00100111111,00011111000,00011001111,01101011100,11010101110,01110110101,11001110111,10111010110,10101101101,11110011011
00011100111,10111110100,01011010100,01101001110,11011100010,00010111010,10011011011,11110000111,11000111101,01111101001,01101110011
01011001111,01111011000,00101101100,10001011011,10010011110,01000111010,01100011101,00110110011,11011110101,11110101001,11101000110
00101011101,01111110001,00011111110,11110011010,01110101111,11000111101,10110110100,11011001100,10101101011,01101100110,10011010111
00011011101,01111111000,10110011110,11000111100,10110100101,11101001011,11010110011,01010101110,00100111011,01101010110,10001100010
10001111011,01001101100,10111100110,10100001111,11101010000,11011000111,11010110100,01010011010,01100110111,11110101001,00111011101
11110100010,01100101100,00101110010,00111010101,01011100110,10101001111,10010111100,01010111011,11111011000,11001100001,11000010110
01001101110,00011010111,11011010100,11111100011,10101010110,00111101100,10001011001,01111011010,01100110101,11110001111,10010111010
11110000110,01101011100,10011101100,01010011010,00110101111,10000011111,10111011001,11100111001,01010110101,01001100011,10101110010
00101011101,01111110001,00011111110,11110011010,01110101111,11000111101,10110110100,11011001100,10101101011,01101100110,10011010111
00101011101,01111110001,00011111110,11110011010,01110101111,11000111101,10110110100,11011001100,10101101011,01101100110,10011010111
00101011101,01111110001,00011111110,11110011010,01110101111,11000111101,10110110100,11011001100,10101101011,01101100110,10011010111
11110100010,01100101100,00101110010,00111010101,01011100110,10101001111,10010111100,01010111011,11111011000,11001100001,11000010110
00101011101,01111110001,00011111110,11110011010,01110101111,11000111101,10110110100,11011001100,10101101011,01101100110,10011010111
00111100011,00001111101,11001110001,01110010101,10011010110,11010100100,01100111010,10100110100,11111001000,11100001111,10010111001
01001101110,00011010111,11011010100,11111100011,10101010110,00111101100,10001011001,01111011010,01100110101,11110001111,10010111010
01010110010,00011011011,11000010111,01100101011,11111010001,00101110101,10110100011,10110111100,01111000110,11011101101,10001111010
01110111101,00111100011,11111010110,10101111000,01101001110,01010111010,10110101110,10110011011,11100100011,11011001001,10001110111
00111100011,00001111101,11001110001,01110010101,10011010110,11010100100,01100111010,10100110100,11111001000,11100001111,10010111001
00010110011,10101101010,11101110001,01110111100,01101011111,01110000011,11000100111,10110011001,11011010110,01011101001,00111100101
01001101110,00011010111,11011010100,11111100011,10101010110,00111101100,10001011001,01111011010,01100110101,11110001111,10010111010
01001101110,00011010111,11011010100,11111100011,10101010110,00111101100,10001011001,01111011010,01100110101,11110001111,10010111010
11110100010,01100101100,00101110010,00111010101,01011100110,10101001111,10010111100,01010111011,11111011000,11001100001,11000010110
01010110010,00011011011,11000010111,01100101011,11111010001,00101110101,10110100011,10110111100,01111000110,11011101101,10001111010
01110111101,00111100011,11111010110,10101111000,01101001110,01010111010,10110101110,10110011011,11100100011,11011001001,10001110111
10001111011,01001101100,10111100110,10100001111,11101010000,11011000111,11010110100,01010011010,01100110111,11110101001,00111011101
01001101110,00011010111,11011010100,11111100011,10101010110,00111101100,10001011001,01111011010,01100110101,11110001111,10010111010
01110111101,00111100011,11111010110,10101111000,01101001110,01010111010,10110101110,10110011011,11100100011,11011001001,10001110111
01010110010,00011011011,11000010111,01100101011,11111010001,00101110101,10110100011,10110111100,01111000110,11011101101,10001111010
01011001111,01111011000,00101101100,10001011011,10010011110,01000111010,01100011101,00110110011,11011110101,11110101001,11101000110
10001111011,01001101100,10111100110,10100001111,11101010000,11011000111,11010110100,01010011010,01100110111,11110101001,00111011101
11011001110,10110101010,00011110111,10001111000,01101101011,11000100101,01100111110,01010111001,11111110000,00111101100,10100011101
11011110010,01101101110,01100010111,00010100111,10100111100,11000101001,10001001111,11111000101,01001110101,00111011001,10101100011
11011001110,10110101010,00011110111,10001111000,01101101011,11000100101,01100111110,01010111001,11111110000,00111101100,10100011101
00101011101,01111110001,00011111110,11110011010,01110101111,11000111101,10110110100,11011001100,10101101011,01101100110,10011010111
00101011101,01111110001,00011111110,11110011010,01110101111,11000111101,10110110100,11011001100,10101101011,01101100110,10011010111
11011001110,10110101010,00011110111,10001111000,01101101011,11000100101,01100111110,01010111001,11111110000,00111101100,10100011101
00111100011,00001111101,11001110001,01110010101,10011010110,11010100100,01100111010,10100110100,11111001000,11100001111,10010111001
01010011111,10100010011,10001010101,01100001101,11011001001,01111110001,11000100111,10110111100,11111000110,00111101111,01001111010
10001111011,01001101100,10111100110,10100001111,11101010000,11011000111,11010110100,01010011010,01100110111,11110101001,00111011101
01001101110,00011010111,11011010100,11111100011,10101010110,00111101100,10001011001,01111011010,01100110101,11110001111,10010111010
11100100,10000101101011100,11
01110111101,00111100011,11111010110,10101111000,01101001110,01010111010,10110101110,10110011011,11100100011,11011001001,10001110111
100101011110,11101100,0011100110001,001101100,000101100010111000001110,101110110011,0011011010,01011110101,011011001001,100011000110
11011100010,01101011100,01110010011,10011001111,00010111110,01001111001,11100101111,10110011000,11010110101,00111100101,10101110111
01110111101,00111100011,11111010110,10101111000,01101001110,01010111010,10110101110,10110011011,11100100011,11011001001,10001110111
00011011101,01111111000,10110011110,11000111100,10110100101,11101001011,11010110011,01010101110,00100111011,01101010110,10001100010
11110000110,01101011100,10011101100,01010011010,00110101111,10000011111,10111011001,11100111001,01010110101,01001100011,10101110010
00010110011,10101101010,11101110001,01110111100,01101011111,01110000011,11000100111,10110011001,11011010110,01011101001,00111100101
01110111101,00111100011,11111010110,10101111000,01101001110,01010111010,10110101110,10110011011,11100100011,11011001001,10001110111
11110000110,01101011100,10011101100,01010011010,00110101111,10000011111,10111011001,11100111001,01010110101,01001100011,10101110010
11011100010,01101011100,01110010011,10011001111,00010111110,01001111001,11100101111,10110011000,11010110101,00111100101,10101110111
01011001111,01111011000,00101101100,10001011011,10010011110,01000111010,01100011101,00110110011,11011110101,11110101001,11101000110
00101011101,01111110001,00011111110,11110011010,01110101111,11000111101,10110110100,11011001100,10101101011,01101100110,10011010111
00101011101,01111110001,00011111110,11110011010,01110101111,11000111101,10110110100,11011001100,10101101011,01101100110,10011010111
01110111101,00111100011,11111010110,10101111000,01101001110,01010111010,10110101110,10110011011,11100100011,11011001001,10001110111
11011100010,01101011100,01110010011,10011001111,00010111110,01001111001,11100101111,10110011000,11010110101,00111100101,10101110111
11110100010,01100101100,00101110010,00111010101,01011100110,10101001111,10010111100,01010111011,11111011000,11001100001,11000010110
00010110011,10101101010,11101110001,01110111100,01101011111,01110000011,11000100111,10110011001,11011010110,01011101001,00111100101
10001111011,01001101100,10111100110,10100001111,11101010000,11011000111,11010110100,01010011010,01100110111,11110101001,00111011101
11011110010,01101101110,01100010111,00010100111,10100111100,11000101001,10001001111,11111000101,01001110101,00111011001,10101100011
00111100011,00001111101,11001110001,01110010101,10011010110,11010100100,01100111010,10100110100,11111001000,11100001111,10010111001
00011100111,10111110100,01011010100,01101001110,11011100010,00010111010,10011011011,11110000111,11000111101,01111101001,01101110011
11011110010,01101101110,01100010111,00010100111,10100111100,11000101001,10001001111,11111000101,01001110101,00111011001,10101100011
11011110010,01101101110,01100010111,00010100111,10100111100,11000101001,10001001111,11111000101,01001110101,00111011001,10101100011
00111100011,00001111101,11001110001,01110010101,10011010110,11010100100,01100111010,10100110100,11111001000,11100001111,10010111001
10001111011,01001101100,10111100110,10100001111,11101010000,11011000111,11010110100,01010011010,01100110111,11110101001,00111011101
00011011101,01111111000,10110011110,11000111100,10110100101,11101001011,11010110011,01010101110,00100111011,01101010110,10001100010
00111100011,00001111101,11001110001,01110010101,10011010110,11010100100,01100111010,10100110100,11111001000,11100001111,10010111001
01010110010,00011011011,11000010111,01100101011,11111010001,00101110101,10110100011,10110111100,01111000110,11011101101,10001111010
10001111011,01001101100,10111100110,10100001111,11101010000,11011000111,11010110100,01010011010,01100110111,11110101001,00111011101
01110111101,00111100011,11111010110,10101111000,01101001110,01010111010,10110101110,10110011011,11100100011,11011001001,10001110111
11011001110,10110101010,00011110111,10001111000,01101101011,11000100101,01100111110,01010111001,11111110000,00111101100,10100011101
01111100110,00011011110,11100010100,01110010011,00101110011,00111001101,11011110001,01101111000,01000111101,11001001011,10110101010
11011100010,01101011100,01110010011,10011001111,00010111110,01001111001,11100101111,10110011000,11010110101,00111100101,10101110111
11011110010,01101101110,01100010111,00010100111,10100111100,11000101001,10001001111,11111000101,01001110101,00111011001,10101100011
11110000110,01101011100,10011101100,01010011010,00110101111,10000011111,10111011001,11100111001,01010110101,01001100011,10101110010
00111100011,00001111101,11001110001,01110010101,10011010110,11010100100,01100111010,10100110100,11111001000,11100001111,10010111001
01011001111,01111011000,00101101100,10001011011,10010011110,01000111010,01100011101,00110110011,11011110101,11110101001,11101000110
01001101110,00011010111,11011010100,11111100011,10101010110,00111101100,10001011001,01111011010,01100110101,11110001111,10010111010
11011100010,01101011100,01110010011,10011001111,00010111110,01001111001,11100101111,10110011000,11010110101,00111100101,10101110111
01010011111,10100010011,10001010101,01100001101,11011001001,01111110001,11000100111,10110111100,11111000110,00111101111,01001111010
01001101110,00011010111,11011010100,11111100011,10101010110,00111101100,10001011001,01111011010,01100110101,11110001111,10010111010
01110111101,00111100011,11111010110,10101111000,01101001110,01010111010,10110101110,10110011011,11100100011,11011001001,10001110111
01011001111,01111011000,00101101100,10001011011,10010011110,01000111010,01100011101,00110110011,11011110101,11110101001,11101000110
11110100010,01100101100,00101110010,00111010101,01011100110,10101001111,10010111100,01010111011,11111011000,11001100001,11000010110
01010110010,00011011011,11000010111,01100101011,11111010001,00101110101,10110100011,10110111100,01111000110,11011101101,10001111010
11011100010,01101011100,01110010011,10011001111,00010111110,01001111001,11100101111,10110011000,11010110101,00111100101,10101110111
00101011101,01111110001,00011111110,11110011010,01110101111,11000111101,10110110100,11011001100,10101101011,01101100110,10011010111
00111100011,00001111101,11001110001,01110010101,10011010110,11010100100,01100111010,10100110100,11111001000,11100001111,10010111001
01011001111,01111011000,00101101100,10001011011,10010011110,01000111010,01100011101,00110110011,11011110101,11110101001,11101000110
01110111101,00111100011,11111010110,10101111000,01101001110,01010111010,10110101110,10110011011,11100100011,11011001001,10001110111
11011001110,10110101010,00011110111,10001111000,01101101011,11000100101,01100111110,01010111001,11111110000,00111101100,10100011101
00011011101,01111111000,10110011110,11000111100,10110100101,11101001011,11010110011,01010101110,00100111011,01101010110,10001100010
11110100010,01100101100,00101110010,00111010101,01011100110,10101001111,10010111100,01010111011,11111011000,11001100001,11000010110
00111100011,00001111101,11001110001,01110010101,10011010110,11010100100,01100111010,10100110100,11111001000,11100001111,10010111001
11110100010,01100101100,00101110010,00111010101,01011100110,10101001111,10010111100,01010111011,11111011000,11001100001,11000010110
01010110010,00011011011,11000010111,01100101011,11111010001,00101110101,10110100011,10110111100,01111000110,11011101101,10001111010
01110111101,00111100011,11111010110,10101111000,01101001110,01010111010,10110101110,10110011011,11100100011,11011001001,10001110111
01001101110,00011010111,11011010100,11111100011,10101010110,00111101100,10001011001,01111011010,01100110101,11110001111,10010111010
01110111101,00111100011,11111010110,10101111000,01101001110,01010111010,10110101110,10110011011,11100100011,11011001001,10001110111
11011100010,01101011100,01110010011,10011001111,00010111110,01001111001,11100101111,10110011000,11010110101,00111100101,10101110111
00011011101,01111111000,10110011110,11000111100,10110100101,11101001011,11010110011,01010101110,00100111011,01101010110,10001100010
00111100011,00001111101,11001110001,01110010101,10011010110,11010100100,01100111010,10100110100,11111001000,11100001111,10010111001
01010011111,10100010011,10001010101,01100001101,11011001001,01111110001,11000100111,10110111100,11111000110,00111101111,01001111010
01011001111,01111011000,00101101100,10001011011,10010011110,01000111010,01100011101,00110110011,11011110101,11110101001,11101000110
00101011101,01111110001,00011111110,11110011010,01110101111,11000111101,10110110100,11011001100,10101101011,01101100110,10011010111
11110000110,01101011100,10011101100,01010011010,00110101111,10000011111,10111011001,11100111001,01010110101,01001100011,10101110010
11011100010,01101011100,01110010011,10011001111,00010111110,01001111001,11100101111,10110011000,11010110101,00111100101,10101110111
01001101110,00011010111,11011010100,11111100011,10101010110,00111101100,10001011001,01111011010,01100110101,11110001111,10010111010
01110111101,00111100011,11111010110,10101111000,01101001110,01010111010,10110101110,10110011011,11100100011,11011001001,10001110111
11011001110,10110101010,00011110111,10001111000,01101101011,11000100101,01100111110,01010111001,11111110000,00111101100,10100011101
01010011111,10100010011,10001010101,01100001101,11011001001,01111110001,11000100111,10110111100,11111000110,00111101111,01001111010
00011011101,01111111000,10110011110,11000111100,10110100101,11101001011,11010110011,01010101110,00100111011,01101010110,10001100010
11110000110,01101011100,10011101100,01010011010,00110101111,10000011111,10111011001,11100111001,01010110101,01001100011,10101110010
00011011101,01111111000,10110011110,11000111100,10110100101,11101001011,11010110011,01010101110,00100111011,01101010110,10001100010
01111100110,00011011110,11100010100,01110010011,00101110011,00111001101,11011110001,01101111000,01000111101,11001001011,10110101010
11011001110,10110101010,00011110111,10001111000,01101101011,11000100101,01100111110,01010111001,11111110000,00111101100,10100011101
00011011101,01111111000,10110011110,11000111100,10110100101,11101001011,11010110011,01010101110,00100111011,01101010110,10001100010
01010011111,10100010011,10001010101,01100001101,11011001001,01111110001,11000100111,10110111100,11111000110,00111101111,01001111010
10001111011,01001101100,10111100110,10100001111,11101010000,11011000111,11010110100,01010011010,01100110111,11110101001,00111011101
11011110010,01101101110,01100010111,00010100111,10100111100,11000101001,10001001111,11111000101,01001110101,00111011001,10101100011
10001111011,01001101100,10111100110,10100001111,11101010000,11011000111,11010110100,01010011010,01100110111,11110101001,00111011101
01111100110,00011011110,11100010100,01110010011,00101110011,00111001101,11011110001,01101111000,01000111101,11001001011,10110101010
11011001110,10110101010,00011110111,10001111000,01101101011,11000100101,01100111110,01010111001,11111110000,00111101100,10100011101
00111100011,00001111101,11001110001,01110010101,10011010110,11010100100,01100111010,10100110100,11111001000,11100001111,10010111001
01011001111,01111011000,00101101100,10001011011,10010011110,01000111010,01100011101,00110110011,11011110101,11110101001,11101000110
11011110010,01101101110,01100010111,00010100111,10100111100,11000101001,10001001111,11111000101,01001110101,00111011001,10101100011
10001111011,01001101100,10111100110,10100001111,11101010000,11011000111,11010110100,01010011010,01100110111,11110101001,00111011101
01101100010,00100111111,00011111000,00011001111,01101011100,11010101110,01110110101,11001110111,10111010110,10101101101,11110011011
01010110010,00011011011,11000010111,01100101011,11111010001,00101110101,10110100011,10110111100,01111000110,11011101101,10001111010
11011001110,10110101010,00011110111,10001111000,01101101011,11000100101,01100111110,01010111001,11111110000,00111101100,10100011101
00101011101,01111110001,00011111110,11110011010,01110101111,11000111101,10110110100,11011001100,10101101011,01101100110,10011010111
11110100010,01100101100,00101110010,00111010101,01011100110,10101001111,10010111100,01010111011,11111011000,11001100001,11000010110
11110000110,01101011100,10011101100,01010011010,00110101111,10000011111,10111011001,11100111001,01010110101,01001100011,10101110010
01001101110,00011010111,11011010100,11111100011,10101010110,00111101100,10001011001,01111011010,01100110101,11110001111,10010111010
00011100111,10111110100,01011010100,01101001110,11011100010,00010111010,10011011011,11110000111,11000111101,01111101001,01101110011
01010011111,10100010011,10001010101,01100001101,11011001001,01111110001,11000100111,10110111100,11111000110,00111101111,01001111010
01101100010,00100111111,00011111000,00011001111,01101011100,11010101110,01110110101,11001110111,10111010110,10101101101,11110011011
01110111101,00111100011,11111010110,10101111000,01101001110,01010111010,10110101110,10110011011,11100100011,11011001001,10001110111
01010011111,10100010011,10001010101,01100001101,11011001001,01111110001,11000100111,10110111100,11111000110,00111101111,01001111010
00010110011,10101101010,11101110001,01110111100,01101011111,01110000011,11000100111,10110011001,11011010110,01011101001,00111100101
10001111011,01001101100,10111100110,10100001111,11101010000,11011000111,11010110100,01010011010,01100110111,11110101001,00111011101
00101011101,01111110001,00011111110,11110011010,01110101111,11000111101,10110110100,11011001100,10101101011,01101100110,10011010111
11110100010,01100101100,00101110010,00111010101,01011100110,10101001111,10010111100,01010111011,11111011000,11001100001,11000010110
00011011101,01111111000,10110011110,11000111100,10110100101,11101001011,11010110011,01010101110,00100111011,01101010110,10001100010
11011001110,10110101010,00011110111,10001111000,01101101011,11000100101,01100111110,01010111001,11111110000,00111101100,10100011101
11011001110,10110101010,00011110111,10001111000,01101101011,11000100101,01100111110,01010111001,11111110000,00111101100,10100011101
00101011101,01111110001,00011111110,11110011010,01110101111,11000111101,10110110100,11011001100,10101101011,01101100110,10011010111
11110100010,01100101100,00101110010,00111010101,01011100110,10101001111,10010111100,01010111011,11111011000,11001100001,11000010110
01111100110,00011011110,11100010100,01110010011,00101110011,00111001101,11011110001,01101111000,01000111101,11001001011,10110101010
11011100010,01101011100,01110010011,10011001111,00010111110,01001111001,11100101111,10110011000,11010110101,00111100101,10101110111
01010110010,00011011011,11000010111,01100101011,11111010001,00101110101,10110100011,10110111100,01111000110,11011101101,10001111010
10001111011,01001101100,10111100110,10100001111,11101010000,11011000111,11010110100,01010011010,01100110111,11110101001,00111011101
01011001111,01111011000,00101101100,10001011011,10010011110,01000111010,01100011101,00110110011,11011110101,11110101001,11101000110
10001111011,01001101100,10111100110,10100001111,11101010000,11011000111,11010110100,01010011010,01100110111,11110101001,00111011101
01011001111,01111011000,00101101100,10001011011,10010011110,01000111010,01100011101,00110110011,11011110101,11110101001,11101000110
00111100011,00001111101,11001110001,01110010101,10011010110,11010100100,01100111010,10100110100,11111001000,11100001111,10010111001
11110100010,01100101100,00101110010,00111010101,01011100110,10101001111,10010111100,01010111011,11111011000,11001100001,11000010110
11011100010,01101011100,01110010011,10011001111,00010111110,01001111001,11100101111,10110011000,11010110101,00111100101,10101110111
00011011101,01111111000,10110011110,11000111100,10110100101,11101001011,11010110011,01010101110,00100111011,01101010110,10001100010
11011100010,01101011100,01110010011,10011001111,00010111110,01001111001,11100101111,10110011000,11010110101,00111100101,10101110111
11011100010,01101011100,01110010011,10011001111,00010111110,01001111001,11100101111,10110011000,11010110101,00111100101,10101110111
01010011111,10100010011,10001010101,01100001101,11011001001,01111110001,11000100111,10110111100,11111000110,00111101111,01001111010
10001111011,01001101100,10111100110,10100001111,11101010000,11011000111,11010110100,01010011010,01100110111,11110101001,00111011101
00011100111,10111110100,01011010100,01101001110,11011100010,00010111010,10011011011,11110000111,11000111101,01111101001,01101110011
01111100110,000111011010111000,10001011001,111101011011110,011010011,1011011010111010100111,00011,111011111010100111,10011,1001111111
11011001110,10110101010,00011110111,10001111000,01101101011,11000100101,01100111110,01010111001,11111110000,00111101100,10100011101
00011011101,01111111000,10110011110,11000111100,10110100101,11101001011,11010110011,01010101110,00100111011,01101010110,10001100010
11011100010,01101011100,01110010011,10011001111,00010111110,01001111001,11100101111,10110011000,11010110101,00111100101,10101110111
00011011101,01111111000,10110011110,11000111100,10110100101,11101001011,11010110011,01010101110,00100111011,01101010110,10001100010
00101011101,01111110001,00011111110,11110011010,01110101111,11000111101,10110110100,11011001100,10101101011,01101100110,10011010111
01001101110,00011010111,11011010100,11111100011,10101010110,00111101100,10001011001,01111011010,01100110101,11110001111,10010111010
11011100010,01101011100,01110010011,10011001111,00010111110,01001111001,11100101111,10110011000,11010110101,00111100101,10101110111
00101011101,01111110001,00011111110,11110011010,01110101111,11000111101,10110110100,11011001100,10101101011,01101100110,10011010111
10001111011,01001101100,10111100110,10100001111,11101010000,11011000111,11010110100,01010011010,01100110111,11110101001,00111011101
00011100111,10111110100,01011010100,01101001110,11011100010,00010111010,10011011011,11110000111,11000111101,01111101001,01101110011
00010110011,10101101010,11101110001,01110111100,01101011111,01110000011,11000100111,10110011001,11011010110,01011101001,00111100101
10001111011,01001101100,10111100110,10100001111,11101010000,11011000111,11010110100,01010011010,01100110111,11110101001,00111011101
00011100111,10111110100,01011010100,01101001110,11011100010,00010111010,10011011011,11110000111,11000111101,01111101001,01101110011
11011100010,01101011100,01110010011,10011001111,00010111110,01001111001,11100101111,10110011000,11010110101,00111100101,10101110111
01101100010,00100111111,00011111000,00011001111,01101011100,11010101110,01110110101,11001110111,10111010110,10101101101,11110011011
00011011101,01111111000,10110011110,11000111100,10110100101,11101001011,11010110011,01010101110,00100111011,01101010110,10001100010
01001101110,00011010111,11011010100,11111100011,10101010110,00111101100,10001011001,01111011010,01100110101,11110001111,10010111010
00111100011,00001111101,11001110001,01110010101,10011010110,11010100100,01100111010,10100110100,11111001000,11100001111,10010111001
00011100111,10111110100,01011010100,01101001110,11011100010,00010111010,10011011011,11110000111,11000111101,01111101001,01101110011
11110100010,01100101100,00101110010,00111010101,01011100110,10101001111,10010111100,01010111011,11111011000,11001100001,11000010110
11110100010,01100101100,00101110010,00111010101,01011100110,10101001111,10010111100,01010111011,11111011000,11001100001,11000010110
11011110010,01101101110,01100010111,00010100111,10100111100,11000101001,10001001111,11111000101,01001110101,00111011001,10101100011
01110111101,00111100011,11111010110,10101111000,01101001110,01010111010,10110101110,10110011011,11100100011,11011001001,10001110111
11110000110,01101011100,10011101100,01010011010,00110101111,10000011111,10111011001,11100111001,01010110101,01001100011,10101110010
01010011111,10100010011,10001010101,01100001101,11011001001,01111110001,11000100111,10110111100,11111000110,00111101111,01001111010
11110000110,01101011100,10011101100,01010011010,00110101111,10000011111,10111011001,11100111001,01010110101,01001100011,10101110010
00011011101,01111111000,10110011110,11000111100,10110100101,11101001011,11010110011,01010101110,00100111011,01101010110,10001100010
11110000110,01101011100,10011101100,01010011010,00110101111,10000011111,10111011001,11100111001,01010110101,01001100011,10101110010
11011100010,01101011100,01110010011,10011001111,00010111110,01001111001,11100101111,10110011000,11010110101,00111100101,10101110111
01111100110,00011011110,11100010100,01110010011,00101110011,00111001101,11011110001,01101111000,01000111101,11001001011,10110101010
0001110111,10111000101,0111000100111111,011001111,10001
11011001110,10110101010,00011110111,10001111000,01101101011,11000100101,01100111110,01010111001,11111110000,00111101100,10100011101
11110100010,01100101100,00101110010,00111010101,01011100110,10101001111,10010111100,01010111011,11111011000,11001100001,11000010110
01110111101,00111100011,11111010110,10101111000,01101001110,01010111010,10110101110,10110011011,11100100011,11011001001,10001110111
01010011111,10100010011,10001010101,01100001101,11011001001,01111110001,11000100111,10110111100,11111000110,00111101111,01001111010
01011001111,01111011000,00101101100,10001011011,10010011110,01000111010,01100011101,00110110011,11011110101,11110101001,11101000110
01011001111,01111011000,00101101100,10001011011,10010011110,01000111010,01100011101,00110110011,11011110101,11110101001,11101000110
11110100010,01100101100,00101110010,00111010101,01011100110,10101001111,10010111100,01010111011,11111011000,11001100001,11000010110
11110000110,01101011100,10011101100,01010011010,00110101111,10000011111,10111011001,11100111001,01010110101,01001100011,10101110010
01010110010,00011011011,11000010111,01100101011,11111010001,00101110101,10110100011,10110111100,01111000110,11011101101,10001111010
01110111101,00111100011,11111010110,10101111000,01101001110,01010111010,10110101110,10110011011,11100100011,11011001001,10001110111
01110111101,00111100011,11111010110,10101111000,01101001110,01010111010,10110101110,10110011011,11100100011,11011001001,10001110111
00011011101,01111111000,10110011110,11000111100,10110100101,11101001011,11010110011,01010101110,00100111011,01101010110,10001100010
01011001111,01111011000,00101101100,10001011011,10010011110,01000111010,01100011101,00110110011,11011110101,11110101001,11101000110
11011001110,10110101010,00011110111,10001111000,01101101011,11000100101,01100111110,01010111001,11111110000,00111101100,10100011101
10001111011,01001101100,10111100110,10100001111,11101010000,11011000111,11010110100,01010011010,01100110111,11110101001,00111011101
00011011101,01111111000,10110011110,11000111100,10110100101,11101001011,11010110011,01010101110,00100111011,01101010110,10001100010
00011011101,01111111000,10110011110,11000111100,10110100101,11101001011,11010110011,01010101110,00100111011,01101010110,10001100010
11100100,10000101101011100,110,0101,10101110,0110101111,01001111101,100101110,010111100111001,01010110011,01001001,100101110,0010
01100111101,0011110001,0001110101011,10111110001,11011100010,10110000,1011001101001111,111100,01011001110110,1111010,00111101010010
01110111101,00111100011,11111010110,10101111000,01101001110,01010111010,10110101110,10110011011,11100100011,11011001001,10001110111
10001111011,01001101100,10111100110,10100001111,11101010000,11011000111,11010110100,01010011010,01100110111,11110101001,00111011101
00011100111,10111110100,01011010100,01101001110,11011100010,00010111010,10011011011,11110000111,11000111101,01111101001,01101110011
00010110011,10101101010,11101110001,01110111100,01101011111,01110000011,11000100111,10110011001,11011010110,01011101001,00111100101
01101100010,00100111111,00011111000,00011001111,01101011100,11010101110,01110110101,11001110111,10111010110,10101101101,11110011011
00001111010,001111010101,10001,110100110001,110101110011,10,0111001001111011010111011,101100110111001,01111,0110011,1,0010,1100011111
11110100010,01100101100,00101110010,00111010101,01011100110,10101001111,10010111100,01010111011,11111011000,11001100001,11000010110
00010110011,10101101010,11101110001,01110111100,01101011111,01110000011,11000100111,10110011001,11011010110,01011101001,00111100101
01110111101,00111100011,11111010110,10101111000,01101001110,01010111010,10110101110,10110011011,11100100011,11011001001,10001110111
00111100011,00001111101,11001110001,01110010101,10011010110,11010100100,01100111010,10100110100,11111001000,11100001111,10010111001
11110000110,01101011100,10011101100,01010011010,00110101111,10000011111,10111011001,11100111001,01010110101,01001100011,10101110010
11011001110,10110101010,00011110111,10001111000,01101101011,11000100101,01100111110,01010111001,11111110000,00111101100,10100011101
00111100011,00001111101,11001110001,01110010101,10011010110,11010100100,01100111010,10100110100,11111001000,11100001111,10010111001
00111100011,00001111101,11001110001,01110010101,10011010110,11010100100,01100111010,10100110100,11111001000,11100001111,10010111001
11011001110,10110101010,00011110111,10001111000,01101101011,11000100101,01100111110,01010111001,11111110000,00111101100,10100011101
01111100110,00011011110,11100010100,01110010011,00101110011,00111001101,11011110001,01101111000,01000111101,11001001011,10110101010
11011100010,01101011100,01110010011,10011001111,00010111110,01001111001,11100101111,10110011000,11010110101,00111100101,10101110111
01101100010,00100111111,00011111000,00011001111,01101011100,11010101110,01110110101,11001110111,10111010110,10101101101,11110011011
01111100110,00011011110,11100010100,01110010011,00101110011,00111001101,11011110001,01101111000,01000111101,11001001011,10110101010
00101011101,01111110001,00011111110,11110011010,01110101111,11000111101,10110110100,11011001100,10101101011,01101100110,10011010111
00111100011,00001111101,11001110001,01110010101,10011010110,11010100100,01100111010,10100110100,11111001000,11100001111,10010111001
00111100011,00001111101,11001110001,01110010101,10011010110,11010100100,01100111010,10100110100,11111001000,11100001111,10010111001
00111100011,00001111101,11001110001,01110010101,10011010110,11010100100,01100111010,10100110100,11111001000,11100001111,10010111001
00011011101,01111111000,10110011110,11000111100,10110100101,11101001011,11010110011,01010101110,00100111011,01101010110,10001100010
00011011101,01111111000,10110011110,11000111100,10110100101,11101001011,11010110011,01010101110,00100111011,01101010110,10001100010
11011001110,10110101010,00011110111,10001111000,01101101011,11000100101,01100111110,01010111001,11111110000,00111101100,10100011101
01101100010,00100111111,00011111000,00011001111,01101011100,11010101110,01110110101,11001110111,10111010110,10101101101,11110011011
00101011101,01111110001,00011111110,111111001,010111101011,110001110,101100010110110101101,1010110110,1100110101,10011001010111
01110111101,00111100011,11111010110,10101111000,01101001110,01010111010,10110101110,10110011011,11100100011,11011001001,10001110111
11011100010,01101011100,01110010011,10011001111,00010111110,01001111001,11100101111,10110011000,11010110101,00111100101,10101110111
11110100010,01100101100,00101110010,00111010101,01011100110,10101001111,10010111100,01010111011,11111011000,11001100001,11000010110
00011100111,10111110100,01011010100,01101001110,11011100010,00010111010,10011011011,11110000111,11000111101,01111101001,01101110011
10001111011,01001101100,10111100110,10100001111,11101010000,11011000111,11010110100,01010011010,01100110111,11110101001,00111011101
00011011101,01111111000,10110011110,11000111100,10110100101,11101001011,11010110011,01010101110,00100111011,01101010110,10001100010
10001111011,01001101100,10111100110,10100001111,11101010000,11011000111,11010110100,01010011010,01100110111,11110101001,00111011101
01011001111,01111011000,00101101100,10001011011,10010011110,01000111010,01100011101,00110110011,11011110101,11110101001,11101000110
11110100010,01100101100,00101110010,00111010101,01011100110,10101001111,10010111100,01010111011,11111011000,11001100001,11000010110
11110100010,01100101100,00101110010,00111010101,01011100110,10101001111,10010111100,01010111011,11111011000,11001100001,11000010110
01110111101,00111100011,11111010110,10101111000,01101001110,01010111010,10110101110,10110011011,11100100011,11011001001,10001110111
01001101110,00011010111,11011010100,11111100011,10101010110,00111101100,10001011001,01111011010,01100110101,11110001111,10010111010
01110111101,00111100011,11111010110,10101111000,01101001110,01010111010,10110101110,10110011011,11100100011,11011001001,10001110111
01110111101,00111100011,11111010110,10101111000,01101001110,01010111010,10110101110,10110011011,11100100011,11011001001,10001110111
01010110010,00011011011,11000010111,01100101011,11111010001,00101110101,10110100011,10110111100,01111000110,11011101101,10001111010
10001111011,01001101100,10111100110,10100001111,11101010000,11011000111,11010110100,01010011010,01100110111,11110101001,00111011101
11011100010,01101011100,01110010011,10011001111,00010111110,01001111001,11100101111,10110011000,11010110101,00111100101,10101110111
01111100110,00011011110,11100010100,011010011,00101110011,011001101,1011011000110001111111011,0100011101011,101011000110
00111100011,00001111101,11001110001,01110010101,10011010110,11010100100,01100111010,10100110100,11111001000,11100001111,10010111001
01111100110,00011011110,11100010100,01110010011,00101110011,00111001101,11011110001,01101111000,01000111101,11001001011,10110101010
01011001111,01111011000,00101101100,10001011011,10010011110,01000111010,01100011101,00110110011,11011110101,11110101001,11101000110
01101100010,00100111111,00011111000,00011001111,01101011100,11010101110,01110110101,11001110111,10111010110,10101101101,11110011011
00011011101,01111111000,10110011110,11000111100,10110100101,11101001011,11010110011,01010101110,00100111011,01101010110,10001100010
01011001111,01111011000,00101101100,10001011011,10010011110,01000111010,01100011101,00110110011,11011110101,11110101001,11101000110
00011011101,01111111000,10110011110,11000111100,10110100101,11101001011,11010110011,01010101110,00100111011,01101010110,10001100010
01001101110,00011010111,11011010100,11111100011,10101010110,00111101100,10001011001,01111011010,01100110101,11110001111,10010111010
00010110011,10101101010,11101110001,01110111100,01101011111,01110000011,11000100111,10110011001,11011010110,01011101001,00111100101
00010110011,10101101010,11101110001,01110111100,01101011111,01110000011,11000100111,10110011001,11011010110,01011101001,00111100101
00011011101,01111111000,10110011110,11000111100,10110100101,11101001011,11010110011,01010101110,00100111011,01101010110,10001100010
11110000110,01101011100,10011101100,01010011010,00110101111,10000011111,10111011001,11100111001,01010110101,01001100011,10101110010
01111100110,00011011110,11100010100,01110010011,00101110011,00111001101,11011110001,01101111000,01000111101,11001001011,10110101010
11110100010,01100101100,00101110010,00111010101,01011100110,10101001111,10010111100,01010111011,11111011000,11001100001,11000010110
01111100110,00011011110,11100010100,01110010011,00101110011,00111001101,11011110001,01101111000,01000111101,11001001011,10110101010
10001111011,01001101100,10111100110,10100001111,11101010000,11011000111,11010110100,01010011010,01100110111,11110101001,00111011101
01001101110,00011010111,11011010100,11111100011,10101010110,00111101100,10001011001,01111011010,01100110101,11110001111,10010111010
11011110010,01101101110,01100010111,00010100111,10100111100,11000101001,10001001111,11111000101,01001110101,00111011001,10101100011
10001111011,01001101100,10111100110,10100001111,11101010000,11011000111,11010110100,01010011010,01100110111,11110101001,00111011101
01111100110,00011011110,11100010100,01110010011,00101110011,00111001101,11011110001,01101111000,01000111101,11001001011,10110101010
11011110010,01101101110,01100010111,00010100111,10100111100,11000101001,10001001111,11111000101,01001110101,00111011001,10101100011
00101011101,01111110001,00011111110,11110011010,01110101111,11000111101,10110110100,11011001100,10101101011,01101100110,10011010111
01110111101,00111100011,11111010110,10101111000,01101001110,01010111010,10110101110,10110011011,11100100011,11011001001,10001110111
00011011101,01111111000,10110011110,11000111100,10110100101,11101001011,11010110011,01010101110,00100111011,01101010110,10001100010
00101011101,01111110001,00011111110,11110011010,01110101111,11000111101,10110110100,11011001100,10101101011,01101100110,10011010111
01111100110,00011011110,11100010100,01110010011,00101110011,00111001101,11011110001,01101111000,01000111101,11001001011,10110101010
00011100111,10111110100,01011010100,01101001110,11011100010,00010111010,10011011011,11110000111,11000111101,01111101001,01101110011
00101011101,01111110001,00011111110,11110011010,01110101111,11000111101,10110110100,11011001100,10101101011,01101100110,10011010111
00111100011,00001111101,11001110001,01110010101,10011010110,11010100100,01100111010,10100110100,11111001000,11100001111,10010111001
10001111011,01001101100,10111100110,10100001111,11101010000,11011000111,11010110100,01010011010,01100110111,11110101001,00111011101
11110100010,01100101100,00101110010,00111010101,01011100110,10101001111,10010111100,01010111011,11111011000,11001100001,11000010110
01001101110,00011010111,11011010100,11111100011,10101010110,00111101100,10001011001,01111011010,01100110101,11110001111,10010111010
01101100010,00100111111,00011111000,00011001111,01101011100,11010101110,01110110101,11001110111,10111010110,10101101101,11110011011
01011001111,01111011000,00101101100,10001011011,10010011110,01000111010,01100011101,00110110011,11011110101,11110101001,11101000110
01011001111,01111011000,00101101100,10001011011,10010011110,01000111010,01100011101,00110110011,11011110101,11110101001,11101000110
00011011101,01111111000,10110011110,11000111100,10110100101,11101001011,11010110011,01010101110,00100111011,01101010110,10001100010
01001101110,00011010111,11011010100,11111100011,10101010110,00111101100,10001011001,01111011010,01100110101,11110001111,10010111010
10001111011,01001101100,10111100110,10100001111,11101010000,11011000111,11010110100,01010011010,01100110111,11110101001,00111011101
11011100010,01101011100,01110010011,10011001111,00010111110,01001111001,11100101111,10110011000,11010110101,00111100101,10101110111
01001101110,00011010111,11011010100,11111100011,10101010110,00111101100,10001011001,01111011010,01100110101,11110001111,10010111010
11011100010,01101011100,01110010011,10011001111,00010111110,01001111001,11100101111,10110011000,11010110101,00111100101,10101110111
11110100010,01100101100,00101110010,00111010101,01011100110,10101001111,10010111100,01010111011,11111011000,11001100001,11000010110
01110111101,00111100011,11111010110,10101111000,01101001110,01010111010,10110101110,10110011011,11100100011,11011001001,10001110111
01010011111,10100010011,10001010101,01100001101,11011001001,01111110001,11000100111,10110111100,11111000110,00111101111,01001111010
00111100011,00001111101,11001110001,01110010101,10011010110,11010100100,01100111010,10100110100,11111001000,11100001111,10010111001
01110111101,00111100011,11111010110,10101111000,01101001110,01010111010,10110101110,10110011011,11100100011,11011001001,10001110111
01011001111,01111011000,00101101100,10001011011,10010011110,01000111010,01100011101,00110110011,11011110101,11110101001,11101000110
01011001111,01111011000,00101101100,10001011011,10010011110,01000111010,01100011101,00110110011,11011110101,11110101001,11101000110
11110000110,01101011100,10011101100,01010011010,00110101111,10000011111,10111011001,11100111001,01010110101,01001100011,10101110010
01110111101,00111100011,11111010110,10101111000,01101001110,01010111010,10110101110,10110011011,11100100011,11011001001,10001110111
11110000110,01101011100,10011101100,01010011010,00110101111,10000011111,10111011001,11100111001,01010110101,01001100011,10101110010
01110111101,00111100011,11111010110,10101111000,01101001110,01010111010,10110101110,10110011011,11100100011,11011001001,10001110111
00101011101,01111110001,00011111110,11110011010,01110101111,11000111101,10110110100,11011001100,10101101011,01101100110,10011010111
01010110010,00011011011,11000010111,01100101011,11111010001,00101110101,10110100011,10110111100,01111000110,11011101101,10001111010
01001101110,00011010111,11011010100,11111100011,10101010110,00111101100,10001011001,01111011010,01100110101,11110001111,10010111010
10001111011,01001101100,10111100110,10100001111,11101010000,11011000111,11010110100,01010011010,01100110111,11110101001,00111011101
01101100010,00100111111,00011111000,00011001111,01101011100,11010101110,01110110101,11001110111,10111010110,10101101101,11110011011
00101011101,01111110001,00011111110,11110011010,01110101111,11000111101,10110110100,11011001100,10101101011,01101100110,10011010111
11011001110,10110101010,00011110111,10001111000,01101101011,11000100101,01100111110,01010111001,11111110000,00111101100,10100011101
11110000110,01101011100,10011101100,01010011010,00110101111,10000011111,10111011001,11100111001,01010110101,01001100011,10101110010
11110100010,01100101100,00101110010,00111010101,01011100110,10101001111,10010111100,01010111011,11111011000,11001100001,11000010110
10001111011,01001101100,10111100110,10100001111,11101010000,11011000111,11010110100,01010011010,01100110111,11110101001,00111011101
01111100110,00011011110,11100010100,01110010011,00101110011,00111001101,11011110001,01101111000,01000111101,11001001011,10110101010
00101011101,01111110001,00011111110,11110011010,01110101111,11000111101,10110110100,11011001100,10101101011,01101100110,10011010111
11110100010,01100101100,00101110010,00111010101,01011100110,10101001111,10010111100,01010111011,11111011000,11001100001,11000010110
00111100011,00001111101,11001110001,01110010101,10011010110,11010100100,01100111010,10100110100,11111001000,11100001111,10010111001
11011110010,01101101110,01100010111,00010100111,10100111100,11000101001,10001001111,11111000101,01001110101,00111011001,10101100011
01101100010,00100111111,00011111000,00011001111,01101011100,11010101110,01110110101,11001110111,10111010110,10101101101,11110011011
00010110011,10101101010,11101110001,01110111100,01101011111,01110000011,11000100111,10110011001,11011010110,01011101001,00111100101
00010110011,10101101010,11101110001,01110111100,01101011111,01110000011,11000100111,10110011001,11011010110,01011101001,00111100101
11011001110,10110101010,00011110111,10001111000,01101101011,11000100101,01100111110,01010111001,11111110000,00111101100,10100011101
11110100010,01100101100,00101110010,00111010101,01011100110,10101001111,10010111100,01010111011,11111011000,11001100001,11000010110
01010011111,10100010011,10001010101,01100001101,11011001001,01111110001,11000100111,10110111100,11111000110,00111101111,01001111010
11011001110,10110101010,00011110111,10001111000,01101101011,11000100101,01100111110,01010111001,11111110000,00111101100,10100011101
11011001110,10110101010,00011110111,10001111000,01101101011,11000100101,01100111110,01010111001,11111110000,00111101100,10100011101
01111100110,00011011110,11100010100,01110010011,00101110011,00111001101,11011110001,01101111000,01000111101,11001001011,10110101010
00011011101,01111111000,10110011110,11000111100,10110100101,11101001011,11010110011,01010101110,00100111011,01101010110,10001100010
10001111011,01001101100,10111100110,10100001111,11101010000,11011000111,11010110100,01010011010,01100110111,11110101001,00111011101
11011100010,01101011100,01110010011,10011001111,00010111110,01001111001,11100101111,10110011000,11010110101,00111100101,10101110111
11011001110,10110101010,00011110111,10001111000,01101101011,11000100101,01100111110,01010111001,11111110000,00111101100,10100011101
10001111011,01001101100,10111100110,10100001111,11101010000,11011000111,11010110100,01010011010,01100110111,11110101001,00111011101
11110100010,01100101100,00101110010,00111010101,01011100110,10101001111,10010111100,01010111011,11111011000,11001100001,11000010110
10001111011,01001101100,10111100110,10100001111,11101010000,11011000111,11010110100,01010011010,01100110111,11110101001,00111011101
00011100111,10111110100,01011010100,01101001110,11011100010,00010111010,10011011011,11110000111,11000111101,01111101001,01101110011
01111100110,00011011110,11100010100,01110010011,00101110011,00111001101,11011110001,01101111000,01000111101,11001001011,10110101010
11011001110,10110101010,00011110111,10001111000,01101101011,11000100101,01100111110,01010111001,11111110000,00111101100,10100011101
11011110010,01101101110,01100010111,00010100111,10100111100,11000101001,10001001111,11111000101,01001110101,00111011001,10101100011
01110111101,00111100011,11111010110,10101111000,01101001110,01010111010,10110101110,10110011011,11100100011,11011001001,10001110111
11011100010,01101011100,01110010011,10011001111,00010111110,01001111001,11100101111,10110011000,11010110101,00111100101,10101110111
00011100111,10111110100,01011010100,01101001110,11011100010,00010111010,10011011011,11110000111,11000111101,01111101001,01101110011
00101011101,01111110001,00011111110,11110011010,01110101111,11000111101,10110110100,11011001100,10101101011,01101100110,10011010111
11110100010,01100101100,00101110010,00111010101,01011100110,10101001111,10010111100,01010111011,11111011000,11001100001,11000010110
11110100010,01100101100,00101110010,00111010101,01011100110,10101001111,10010111100,01010111011,11111011000,11001100001,11000010110
11011100010,01101011100,01110010011,10011001111,00010111110,01001111001,11100101111,10110011000,11010110101,00111100101,10101110111
01010011111,10100010011,10001010101,01100001101,11011001001,01111110001,11000100111,10110111100,11111000110,00111101111,01001111010
01010111111,01111010100,0011110001011,0101011011,001111000001011,011110110001011,1111010111011,10110101110010,1010011110101010110,1110011011110011110011010011110101000101,110101,111001101111011001101010110,11000110,111001101101,11111110010,11000110,10011011,11011000110,100110110110,111001101111100010100,1001101001
01011001111,01111011000,00101101100,10001011011,10010011110,010011011001110111011000111010,1101,1,1000110001110101,00110001011000110
01111100110,00011011110,11100010100,01110010011,00101110011,00111001101,11011110001,01101111000,01000111101,11001001011,10110101010
00111100011,00001111101,11001110001,01110010101,10011010110,11010100100,01100111010,10100110100,11111001000,11100001111,10010111001
11011100010,01101011100,01110010011,10011001111,00010111110,01001111001,11100101111,10110011000,11010110101,00111100101,10101110111
11110000110,01101011100,10011101100,01010011010,00110101111,10000011111,10111011001,11100111001,01010110101,01001100011,10101110010
00010110011,10101101010,11101110001,01110111100,01101011111,01110000011,11000100111,10110011001,11011010110,01011101001,00111100101
11011100010,01101011100,01110010011,10011001111,00010111110,01001111001,11100101111,10110011000,11010110101,00111100101,10101110111
10001111011,01001101100,10111100110,10100001111,11101010000,11011000111,11010110100,01010011010,01100110111,11110101001,00111011101
11011110010,01101101110,01100010111,00010100111,10100111100,11000101001,10001001111,11111000101,01001110101,00111011001,10101100011
11011001110,10110101010,00011110111,10001111000,01101101011,11000100101,01100111110,01010111001,11111110000,00111101100,10100011101
11011110010,01101101110,01100010111,00010100111,10100111100,11000101001,10001001111,11111000101,01001110101,00111011001,10101100011
11011001110,10110101010,00011110111,10001111000,01101101011,11000100101,01100111110,01010111001,11111110000,00111101100,10100011101
11110100010,01100101100,00101110010,00111010101,01011100110,10101001111,10010111100,01010111011,11111011000,11001100001,11000010110
00011100111,10111110100,01011010100,01101001110,11011100010,00010111010,10011011011,11110000111,11000111101,01111101001,01101110011
00011011101,01111111000,10110011110,11000111100,10110100101,11101001011,11010110011,01010101110,00100111011,01101010110,10001100010
11011001110,10110101010,00011110111,10001111000,01101101011,11000100101,01100111110,01010111001,11111110000,00111101100,10100011101
00101011101,01111110001,00011111110,11110011010,01110101111,11000111101,10110110100,11011001100,10101101011,01101100110,10011010111
1010011010,001111011011,001000,0001111100011,11000110100011,01000110,011110001,0011011101010101,101100,10001011010101011010
11011001110,10110101010,00011110111,10001111000,01101101011,11000100101,01100111110,01010111001,11111110000,00111101100,10100011101
00011011101,01111111000,10110011110,11000111100,10110100101,11101001011,11010110011,01010101110,00100111011,01101010110,10001100010
11011110010,01101101110,01100010111,00010100111,10100111100,11000101001,10001001111,11111000101,01001110101,00111011001,10101100011
11110000110,01101011100,10011101100,01010011010,00110101111,10000011111,10111011001,11100111001,01010110101,01001100011,10101110010
11011001110,10110101010,00011110111,10001111000,01101101011,11000100101,01100111110,01010111001,11111110000,00111101100,10100011101
01110111101,00111100011,11111010110,10101111000,01101001110,01010111010,10110101110,10110011011,11100100011,11011001001,10001110111
00011100111,10111110100,01011010100,01101001110,11011100010,00010111010,10011011011,11110000111,11000111101,01111101001,01101110011
0111011100110,00011011110,11100010100,01110010011,00101110011,001111010101,110101101111000,110110011,01000111101,001111011,10101
01101100010,00100111111,00011111000,00011001111,01101011100,11010101110,01110110101,11001110111,10111010110,10101101101,11110011011
11011100010,01101011100,01110010011,10011001111,00010111110,01001111001,11100101111,10110011000,11010110101,00111100101,10101110111
01110111101,00111100011,11111010110,10101111000,01101001110,01010111010,10110101110,10110011011,11100100011,11011001001,10001110111
00101011101,01111110001,00011111110,11110011010,01110101111,11000111101,10110110100,11011001100,10101101011,01101100110,10011010111
11011100010,01101011100,01110010011,10011001111,00010111110,01001111001,11100101111,10110011000,11010110101,00111100101,10101110111
01110111101,00111100011,11111010110,10101111000,01101001110,01010111010,10110101110,10110011011,11100100011,11011001001,10001110111
00011011101,01111111000,10110011110,11000111100,10110100101,11101001011,11010110011,01010101110,00100111011,01101010110,10001100010
00011011101,01111111000,10110011110,11000111100,10110100101,11101001011,11010110011,01010101110,00100111011,01101010110,10001100010
00011100111,10111110100,01011010100,01101001110,11011100010,00010111010,10011011011,11110000111,11000111101,01111101001,01101110011
00111100011,00001111101,11001110001,01110010101,10011010110,11010100100,01100111010,10100110100,11111001000,11100001111,10010111001
11011100010,01101011100,01110010011,10011001111,00010111110,01001111001,11100101111,10110011000,11010110101,00111100101,10101110111
11011100010,01101011100,01110010011,10011001111,00010111110,01001111001,11100101111,10110011000,11010110101,00111100101,10101110111
01010011111,10100010011,10001010101,01100001101,11011001001,01111110001,11000100111,10110111100,11111000110,00111101111,01001111010
0001100110,1000011010111,01,00110001,10011010111100,00111101000110,11101100,01100011111100,010111,0110,11101101011101010011000111
11011001110,10110101010,00011110111,10001111000,01101101011,11000100101,01100111110,01010111001,11111110000,00111101100,10100011101
01011001111,01111011000,00101101100,10001011011,10010011110,01000111010,01100011101,00110110011,11011110101,11110101001,11101000110
01001101110,00011010111,11011010100,11111100011,10101010110,00111101100,10001011001,01111011010,01100110101,11110001111,10010111010
01011001111,01111011000,00101101100,10001011011,10010011110,01000111010,01100011101,00110110011,11011110101,11110101001,11101000110
01010011111,10100010011,10001010101,01100001101,11011001001,01111110001,11000100111,10110111100,11111000110,00111101111,01001111010
11110100010,01100101100,00101110010,00111010101,01011100110,10101001111,10010111100,01010111011,11111011000,11001100001,11000010110
11110000110,01101011100,10011101100,01010011010,00110101111,10000011111,10111011001,11100111001,01010110101,01001100011,10101110010
00101011101,01111110001,00011111110,11110011010,01110101111,11000111101,10110110100,11011001100,10101101011,01101100110,10011010111
01110111101,00111100011,11111010110,10101111000,01101001110,01010111010,10110101110,10110011011,11100100011,11011001001,10001110111
00011011101,01111111000,10110011110,11000111100,10110100101,11101001011,11010110011,01010101110,00100111011,01101010110,10001100010
00010110011,10101101010,11101110001,01110111100,01101011111,01110000011,11000100111,10110011001,11011010110,01011101001,00111100101
01001101110,00011010111,11011010100,11111100011,10101010110,00111101100,10001011001,01111011010,01100110101,11110001111,10010111010
01111100110,00011011110,11100010100,01110010011,00101110011,00111001101,11011110001,01101111000,01000111101,11001001011,10110101010
01111100110,00011011110,11100010100,01110010011,00101110011,00111001101,11011110001,01101111000,01000111101,11001001011,10110101010
10001111011,01001101100,10111100110,10100001111,11101010000,11011000111,11010110100,01010011010,01100110111,11110101001,00111011101
11110100010,01100101100,00101110010,00111010101,01011100110,10101001111,10010111100,01010111011,11111011000,11001100001,11000010110
10001111011,01001101100,10111100110,10100001111,11101010000,11011000111,11010110100,01010011010,01100110111,11110101001,00111011101
11110000110,01101011100,10011101100,01010011010,00110101111,10000011111,10111011001,11100111001,01010110101,01001100011,10101110010
01001101110,00011010111,11011010100,11111100011,10101010110,00111101100,10001011001,01111011010,01100110101,11110001111,10010111010
10001111011,01001101100,10111100110,10100001111,11101010000,11011000111,11010110100,01010011010,01100110111,11110101001,00111011101
11011001110,10110101010,00011110111,10001111000,01101101011,11000100101,01100111110,01010111001,11111110000,00111101100,10100011101
01010110010,00011011011,11000010111,01100101011,11111010001,00101110101,10110100011,10110111100,01111000110,11011101101,10001111010
01010110010,00011011011,11000010111,01100101011,11111010001,00101110101,10110100011,10110111100,01111000110,11011101101,10001111010
00011011101,01111111000,10110011110,11000111100,10110100101,11101001011,11010110011,01010101110,00100111011,01101010110,10001100010
11110100010,01100101100,00101110010,00111010101,01011100110,10101001111,10010111100,01010111011,11111011000,11001100001,11000010110
10001111011,01001101100,10111100110,10100001111,11101010000,11011000111,11010110100,01010011010,01100110111,11110101001,00111011101
11011100010,01101011100,01110010011,10011001111,00010111110,01001111001,11100101111,10110011000,11010110101,00111100101,10101110111
11110100010,01100101100,00101110010,00111010101,01011100110,10101001111,10010111100,01010111011,11111011000,11001100001,11000010110
11011100010,01101011100,01110010011,10011001111,00010111110,01001111001,11100101111,10110011000,11010110101,00111100101,10101110111
00011100111,10111110100,01011010100,01101001110,11011100010,00010111010,10011011011,11110000111,11000111101,01111101001,01101110011
11011110010,01101101110,01100010111,00010100111,10100111100,11000101001,10001001111,11111000101,01001110101,00111011001,10101100011
00101011101,01111110001,00011111110,11110011010,01110101111,11000111101,10110110100,11011001100,10101101011,01101100110,10011010111
00011011101,01111111000,10110011110,11000111100,10110100101,11101001011,11010110011,01010101110,00100111011,01101010110,10001100010
00101011101,01111110001,00011111110,11110011010,01110101111,11000111101,10110110100,11011001100,10101101011,01101100110,10011010111
10001111011,01001101100,10111100110,10100001111,11101010000,11011000111,11010110100,01010011010,01100110111,11110101001,00111011101
00101011101,01111110001,00011111110,11110011010,01110101111,11000111101,10110110100,11011001100,10101101011,01101100110,10011010111
00101011101,01111110001,00011111110,11110011010,01110101111,11000111101,10110110100,11011001100,10101101011,01101100110,10011010111
00010110011,10101101010,11101110001,01110111100,01101011111,01110000011,11000100111,10110011001,11011010110,01011101001,00111100101
00011100111,10111110100,01011010100,01101001110,11011100010,00010111010,10011011011,11110000111,11000111101,01111101001,01101110011
00010110011,10101101010,11101110001,01110111100,01101011111,01110000011,11000100111,10110011001,11011010110,01011101001,00111100101
00011100111,10111110100,01011010100,01101001110,11011100010,00010111010,10011011011,11110000111,11000111101,01111101001,01101110011
00011011101,01111111000,10110011110,11000111100,10110100101,11101001011,11010110011,01010101110,00100111011,01101010110,10001100010
01001101110,00011010111,11011010100,11111100011,10101010110,00111101100,10001011001,01111011010,01100110101,11110001111,10010111010
01010011111,10100010011,10001010101,01100001101,11011001001,01111110001,11000100111,10110111100,11111000110,00111101111,01001111010
11011110010,01101101110,01100010111,00010100111,10100111100,11000101001,10001001111,11111000101,01001110101,00111011001,10101100011
11110000110,01101011100,10011101100,01010011010,00110101111,10000011111,10111011001,11100111001,01010100011,01001100011,10101110010
10001111011,01001101100,10111100110,10100001111,11101010000,11011000111,11010110100,01010011010,01100110111,11110101001,00111011101
00101011101,01111110001,00011111110,11110011010,01110101111,11000111101,10110110100,11011001100,10101101011,01101100110,10011010111
11110000110,01101011100,10011101100,01010011010,00110101111,10000011111,10111011001,11100111001,01010110101,01001100011,10101110010
01101100010,00100111111,00011111000,00011001111,01101011100,11010101110,01110110101,11001110111,10111010110,10101101101,11110011011
11011110010,01101101110,01100010111,00010100111,10100111100,11000101001,10001001111,11111000101,01001110101,00111011001,10101100011
01111100110,00011011110,11100010100,01110010011,00101110011,00111001101,11011110001,01101111000,01000111101,11001001011,10110101010
00101011101,01111110001,00011111110,11110011010,01110101111,11000111101,10110110100,11011001100,10101101011,01101100110,10011010111
01110111101,00111100011,11111010110,10101111000,01101001110,01010111010,10110101110,10110011011,11100100011,11011001001,10001110111
11011100010,01101011100,01110010011,10011001111,00010111110,01001111001,11100101111,10110011000,11010110101,00111100101,10101110111
01010110010,00011011011,11000010111,01100101011,11111010001,00101110101,10110100011,10110111100,01111000110,11011101101,10001111010
00101011101,01111110001,00011111110,11110011010,01110101111,11000111101,10110110100,11011001100,10101101011,01101100110,10011010111
11110100010,01100101100,00101110010,00111010101,01011100110,10101001111,10010111100,01010111011,11111011000,11001100001,11000010110
00101011101,01111110001,00011111110,11110011010,01110101111,11000111101,10110110100,11011001100,10101101011,01101100110,10011010111
00111100011,00001111101,11001110001,01110010101,10011010110,11010100100,01100111010,10100110100,11111001000,11100001111,10010111001
01111100110,00011011110,11100010100,01110010011,00101110011,00111001101,11011110001,01101111000,01000111101,11001001011,10110101010
00101011101,01111110001,00011111110,11110011010,01110101111,11000111101,10110110100,11011001100,10101101011,01101100110,10011010111
01111100110,00011011110,11100010100,01110010011,00101110011,00111001101,11011110001,01101111000,01000111101,11001001011,10110101010
00111100011,00001111101,11001110001,01110010101,10011010110,11010100100,01100111010,10100110100,11111001000,11100001111,10010111001
00010110011,10101101010,11101110001,01110111100,01101011111,01110000011,11000100111,10110011001,11011010110,01011101001,00111100101
01010011111,10100010011,10001010101,01100001101,11011001001,01111110001,11000100111,10110111100,11111000110,00111101111,01001111010
11110000110,01101011100,10011101100,01010011010,00110101111,10000011111,10111011001,11100111001,01010110101,01001100011,10101110010
01111100110,00011011110,11100010100,01110010011,00101110011,00111001101,11011110001,01101111000,01000111101,11001001011,10110101010
00011011101,01111111000,10110011110,11000111100,10110100101,11101001011,11010110011,01010101110,00100111011,01101010110,10001100010
11011110010,01101101110,01100010111,00010100111,10100111100,11000101001,10001001111,11111000101,01001110101,00111011001,10101100011
00101011101,01111110001,00011111110,11110011010,01110101111,11000111101,10110110100,11011001100,10101101011,01101100110,10011010111
01001101110,00011010111,11011010100,11111100011,10101010110,00111101100,10001011001,01111011010,01100110101,11110001111,10010111010
00111100011,00001111101,11001110001,01110010101,10011010110,11010100100,01100111010,10100110100,11111001000,11100001111,10010111001
01010011111,10100010011,10001010101,01100001101,11011001001,01111110001,11000100111,10110111100,11111000110,00111101111,01001111010
00101011101,01111110001,00011111110,11110011010,01110101111,11000111101,10110110100,11011001100,10101101011,01101100110,10011010111
01010011111,10100010011,10001010101,01100001101,11011001001,01111110001,11000100111,10110111100,11111000110,00111101111,01001111010
00111100011,00001111101,11001110001,01110010101,10011010110,11010100100,01100111010,10100110100,11111001000,11100001111,10010111001
01010110010,00011011011,11000010111,01100101011,11111010001,00101110101,10110100011,10110111100,01111000110,11011101101,10001111010
01101100010,00100111111,00011111000,00011001111,01101011100,11010101110,01110110101,11001110111,10111010110,10101101101,11110011011
01111100110,00011011110,11100010100,01110010011,00101110011,00111001101,11011110001,01101111000,01000111101,11001001011,10110101010
01011001111,01111011000,00101101100,10001011011,10010011110,01000111010,01100011101,00110110011,11011110101,11110101001,11101000110
11011001110,10110101010,00011110111,10001111000,01101101011,11000100101,01100111110,01010111001,11111110000,00111101100,10100011101
11110100010,01100101100,00101110010,00111010101,01011100110,10101001111,10010111100,01010111011,11111011000,11001100001,11000010110
01110111101,00111100011,11111010110,10101111000,01101001110,01010111010,10110101110,10110011011,11100100011,11011001001,10001110111
11011100010,01101011100,01110010011,10011001111,00010111110,01001111001,11100101111,10110011000,11010110101,00111100101,10101110111
00010110011,10101101010,11101110001,01110111100,01101011111,01110000011,11000100111,10110011001,11011010110,01011101001,00111100101
00011011101,01111111000,10110011110,11000111100,10110100101,11101001011,11010110011,01010101110,00100111011,01101010110,10001100010
00001111010,010110001,1101001011100,00110101111101110,1001,011110,011110010,11011110100,110111001,0101011010,10,01101111000011000110
01001101110,00011010111,11011010100,11111100011,10101010110,00111101100,10001011001,01111011010,01100110101,11110001111,10010111010
01010110010,00011011011,11000010111,01100101011,11111010001,00101110101,10110100011,10110111100,01111000110,11011101101,10001111010
00011011101,01111111000,10110011110,11000111100,10110100101,11101001011,11010110011,01010101110,00100111011,01101010110,10001100010
01001101110,00011010111,11011010100,11111100011,10101010110,00111101100,10001011001,01111011010,01100110101,11110001111,10010111010
00011011101,01111111000,10110011110,11000111100,10110100101,11101001011,11010110011,01010101110,00100111011,01101010110,10001100010
11011110010,01101101110,01100010111,00010100111,10100111100,11000101001,10001001111,11111000101,01001110101,00111011001,10101100011
11011100010,01101011100,01110010011,10011001111,00010111110,01001111001,11100101111,10110011000,11010110101,00111100101,10101110111
11110000110,01101011100,10011101100,01010011010,00110101111,10000011111,10111011001,11100111001,01010110101,01001100011,10101110010
01110111101,00111100011,11111010110,10101111000,01101001110,01010111010,10110101110,10110011011,11100100011,11011001001,10001110111
11110100010,01100101100,00101110010,00111010101,01011100110,10101001111,10010111100,01010111011,11111011000,11001100001,11000010110
01111100110,00011011110,11100010100,01110010011,00101110011,00111001101,11011110001,01101111000,01000111101,11001001011,10110101010
01010011111,10100010011,10001010101,01100001101,11011001001,01111110001,11000100111,10110111100,11111000110,00111101111,01001111010
11011001110,10110101010,00011110111,10001111000,01101101011,11000100101,01100111110,01010111001,11111110000,00111101100,10100011101
01111100110,00011011110,11100010100,01110010011,00101110011,00111001101,11011110001,01101111000,01000111101,11001001011,10110101010
11011110010,01101101110,01100010111,00010100111,10100111100,11000101001,10001001111,11111000101,01001110101,00111011001,10101100011
11011001110,10110101010,00011110111,10001111000,01101101011,11000100101,01100111110,01010111001,11111110000,00111101100,10100011101
01101100010,00100111111,00011111000,00011001111,01101011100,11010101110,01110110101,11001110111,10111010110,10101101101,11110011011
10001111011,01001101100,10111100110,10100001111,11101010000,11011000111,11010110100,01010011010,01100110111,11110101001,00111011101
01010011111,10100010011,10001010101,01100001101,11011001001,01111110001,11000100111,10110111100,11111000110,00111101111,01001111010
01010011111,10100010011,10001010101,01100001101,11011001001,01111110001,11000100111,10110111100,11111000110,00111101111,01001111010
01111100110,00011011110,11100010100,01110010011,00101110011,00111001101,11011110001,01101111000,01000111101,11001001011,10110101010
01010011111,10100010011,10001010101,01100001101,11011001001,01111110001,11000100111,10110111100,11111000110,00111101111,01001111010
01111100110,00011011110,11100010100,01110010011,00101110011,00111001101,11011110001,01101111000,01000111101,11001001011,10110101010
01101100010,00100111111,00011111000,00011001111,01101011100,11010101110,01110110101,11001110111,10111010110,10101101101,11110011011
01101100010,00100111111,00011111000,00011001111,01101011100,11010101110,01110110101,11001110111,10111010110,10101101101,11110011011
00011011101,01111111000,10110011110,11000111100,10110100101,11101001011,11010110011,01010101110,00100111011,01101010110,10001100010
00101011101,01111110001,00011111110,11110011010,01110101111,11000111101,10110110100,11011001100,10101101011,01101100110,10011010111
00101011101,01111110001,00011111110,11110011010,01110101111,11000111101,10110110100,11011001100,10101101011,01101100110,10011010111
01010110010,00011011011,11000010111,01100101011,11111010001,00101110101,10110100011,10110111100,01111000110,11011101101,10001111010
01110111101,00111100011,11111010110,10101111000,01101001110,01010111010,10110101110,10110011011,11100100011,11011001001,10001110111
00011100111,10111110100,01011010100,01101001110,11011100010,00010111010,10011011011,11110000111,11000111101,01111101001,01101110011
00010110011,10101101010,11101110001,01110111100,01101011111,01110000011,11000100111,10110011001,11011010110,01011101001,00111100101
00111100011,00001111101,11001110001,01110010101,10011010110,11010100100,01100111010,10100110100,11111001000,11100001111,10010111001
00011100111,10111110100,01011010100,01101001110,11011100010,00010111010,10011011011,11110000111,11000111101,01111101001,01101110011
11011110010,01101101110,01100010111,00010100111,10100111100,11000101001,10001001111,11111000101,01001110101,00111011001,10101100011
01110111101,00111100011,11111010110,10101111000,01101001110,01010111010,10110101110,10110011011,11100100011,11011001001,10001110111
00011011101,01111111000,10110011110,11000111100,10110100101,11101001011,11010110011,01010101110,00100111011,01101010110,10001100010
11011110010,01101101110,01100010111,00010100111,10100111100,11000101001,10001001111,11111000101,01001110101,00111011001,10101100011
11011001110,10110101010,00011110111,10001111000,01101101011,11000100101,01100111110,01010111001,11111110000,00111101100,10100011101
00111100011,00001111101,11001110001,01110010101,10011010110,11010100100,01100111010,10100110100,11111001000,11100001111,10010111001
10001111011,01001101100,10111100110,10100001111,11101010000,11011000111,11010110100,01010011010,01100110111,11110101001,00111011101
00111100011,00001111101,11001110001,01110010101,10011010110,11010100100,01100111010,10100110100,11111001000,11100001111,10010111001
00111100011,00001111101,11001110001,01110010101,10011010110,11010100100,01100111010,10100110100,11111001000,11100001111,10010111001
11110100010,01100101100,00101110010,00111010101,01011100110,10101001111,10010111100,01010111011,11111011000,11001100001,11000010110
00010110011,10101101010,11101110001,01110111100,01101011111,01110000011,11000100111,10110011001,11011010110,01011101001,00111100101
00011011101,01111111000,10110011110,11000111100,10110100101,11101001011,11010110011,01010101110,00100111011,01101010110,10001100010
11011001110,10110101010,00011110111,10001111000,01101101011,11000100101,01100111110,01010111001,11111110000,00111101100,10100011101
0001110111,10111000101,0111001,01,1111100111111010111001,01111,010011110,1010,101010110011110101,101,01011,01101,1,100101101
01011001111,01111011000,00101101100,10001011011,10010011110,01000111010,01100011101,00110110011,11011110101,11110101001,11101000110
11110100010,01100101100,00101110010,00111010101,01011100110,10101001111,10010111100,01010111011,11111011000,11001100001,11000010110
11011110010,01101101110,01100010111,00010100111,10100111100,11000101001,10001001111,11111000101,01001110101,00111011001,10101100011
00011011101,01111111000,10110011110,11000111100,10110100101,11101001011,11010110011,01010101110,00100111011,01101010110,10001100010
11011110010,01101101110,01100010111,00010100111,10100111100,11000101001,10001001111,11111000101,01001110101,00111011001,10101100011
10001111011,01001101100,10111100110,10100001111,11101010000,11011000111,11010110100,01010011010,01100110111,11110101001,00111011101
10001111011,01001101100,10111100110,10100001111,11101010000,11011000111,11010110100,01010011010,01100110111,11110101001,00111011101
00101011101,01111110001,00011111110,11110011010,01110101111,11000111101,10110110100,11011001100,10101101011,01101100110,10011010111
01110111101,00111100011,11111010110,10101111000,01101001110,01010111010,10110101110,10110011011,11100100011,11011001001,10001110111
00011011101,01111111000,10110011110,11000111100,10110100101,11101001011,11010110011,01010101110,00100111011,01101010110,10001100010
00111100011,00001111101,11001110001,01110010101,10011010110,11010100100,01100111010,10100110100,11111001000,11100001111,10010111001
00010110011,10101101010,11101110001,01110111100,01101011111,01110000011,11000100111,10110011001,11011010110,01011101001,00111100101
00111100011,00001111101,11001110001,01110010101,10011010110,11010100100,01100111010,10100110100,11111001000,11100001111,10010111001
01010011111,10100010011,10001010101,01100001101,11011001001,01111110001,11000100111,10110111100,11111000110,00111101111,01001111010
00101011101,01111110001,00011111110,11110011010,01110101111,11000111101,10110110100,11011001100,10101101011,01101100110,10011010111
11110000110,01101011100,10011101100,01010011010,00110101111,10000011111,10111011001,11100111001,01010110101,01001100011,10101110010
11110100010,01100101100,00101110010,00111010101,01011100110,10101001111,10010111100,01010111011,11111011000,11001100001,11000010110
01010011111,10100010011,10001010101,01100001101,11011001001,01111110001,11000100111,10110111100,11111000110,00111101111,01001111010
01011001111,01111011000,00101101100,10001011011,10010011110,01000111010,01100011101,00110110011,11011110101,11110101001,11101000110
01010011111,10100010011,10001010101,01100001101,11011001001,01111110001,11000100111,10110111100,11111000110,00111101111,01001111010
01010110010,00011011011,11000010111,01100101011,11111010001,00101110101,10110100011,10110111100,01111000110,11011101101,10001111010
01111100110,00011011110,11100010100,01110010011,00101110011,00111001101,11011110001,01101111000,01000111101,11001001011,10110101010
11011001110,10110101010,00011110111,10001111000,01101101011,11000100101,01100111110,01010111001,11111110000,00111101100,10100011101
10001111011,01001101100,10111100110,10100001111,11101010000,11011000111,11010110100,01010011010,01100110111,11110101001,00111011101
00101011101,01111110001,00011111110,11110011010,01110101111,11000111101,10110110100,11011001100,10101101011,01101100110,10011010111
00010110011,10101101010,11101110001,01110111100,01101011111,01110000011,11000100111,10110011001,11011010110,01011101001,00111100101
00111100011,00001111101,11001110001,01110010101,10011010110,11010100100,01100111010,10100110100,11111001000,11100001111,10010111001
11011110010,01101101110,01100010111,00010100111,10100111100,11000101001,10001001111,11111000101,01001110101,00111011001,10101100011
01001101110,00011010111,11011010100,11111100011,10101010110,00111101100,10001011001,01111011010,01100110101,11110001111,10010111010
11011110010,01101101110,01100010111,00010100111,10100111100,11000101001,10001001111,11111000101,01001110101,00111011001,10101100011
01011001111,01111011000,00101101100,10001011011,10010011110,01000111010,01100011101,00110110011,11011110101,11110101001,11101000110
10001111011,01001101100,10111100110,10100001111,11101010000,11011000111,11010110100,01010011010,01100110111,11110101001,00111011101
11011001110,10110101010,00011110111,10001111000,01101101011,11000100101,01100111110,01010111001,11111110000,00111101100,10100011101
11011100010,01101011100,01110010011,10011001111,00010111110,01001111001,11100101111,10110011000,11010110101,00111100101,10101110111
11110100010,01100101100,00101110010,00111010101,01011100110,10101001111,10010111100,01010111011,11111011000,11001100001,11000010110
00011011101,01111111000,10110011110,11000111100,10110100101,11101001011,11010110011,01010101110,00100111011,01101010110,10001100010
11011001110,10110101010,00011110111,10001111000,01101101011,11000100101,01100111110,01010111001,11111110000,00111101100,10100011101
00011100111,10111110100,01011010100,01101001110,11011100010,00010111010,10011011011,11110000111,11000111101,01111101001,01101110011
01010110010,00011011011,11000010111,01100101011,11111010001,00101110101,10110100011,10110111100,01111000110,11011101101,10001111010
11011001110,10110101010,00011110111,10001111000,01101101011,11000100101,01100111110,01010111001,11111110000,00111101100,10100011101
11110100010,01100101100,00101110010,00111010101,01011100110,10101001111,10010111100,01010111011,11111011000,11001100001,11000010110
11011001110,10110101010,00011110111,10001111000,01101101011,11000100101,01100111110,01010111001,11111110000,00111101100,10100011101
11011100010,01101011100,01110010011,10011001111,00010111110,01001111001,11100101111,10110011000,11010110101,00111100101,10101110111
00010110011,10101101010,11101110001,01110111100,01101011111,01110000011,11000100111,10110011001,11011010110,01011101001,00111100101
01110111101,00111100011,11111010110,10101111000,01101001110,01010111010,10110101110,10110011011,11100100011,11011001001,10001110111
01101100010,00100111111,00011111000,00011001111,01101011100,11010101110,01110110101,11001110111,10111010110,10101101101,11110011011
00010110011,10101101010,11101110001,01110111100,01101011111,01110000011,11000100111,10110011001,11011010110,01011101001,00111100101
11011100010,01101011100,01110010011,10011001111,00010111110,01001111001,11100101111,10110011000,11010110101,00111100101,10101110111
11110000110,01101011100,10011101100,01010011010,00110101111,10000011111,10111011001,11100111001,01010110101,01001100011,10101110010
00011011101,01111111000,10110011110,11000111100,10110100101,11101001011,11010110011,01010101110,00100111011,01101010110,10001100010
00101011101,01111110001,00011111110,11110011010,01110101111,11000111101,10110110100,11011001100,10101101011,01101100110,10011010111
11011100010,01101011100,01110010011,10011001111,00010111110,01001111001,11100101111,10110011000,11010110101,00111100101,10101110111
11011001110,10110101010,00011110111,10001111000,01101101011,11000100101,01100111110,01010111001,11111110000,00111101100,10100011101
11110100010,01100101100,00101110010,00111010101,01011100110,10101001111,10010111100,01010111011,11111011000,11001100001,11000010110
01110111101,00111100011,11111010110,10101111000,01101001110,01010111010,10110101110,10110011011,11100100011,11011001001,10001110111
00011011101,01111111000,10110011110,11000111100,10110100101,11101001011,11010110011,01010101110,00100111011,01101010110,10001100010
01111100110,00011011110,11100010100,01110010011,00101110011,00111001101,11011110001,01101111000,01000111101,11001001011,10110101010
01010011111,10100010011,10001010101,01100001101,11011001001,01111110001,11000100111,10110111100,11111000110,00111101111,01001111010
10001111011,01001101100,10111100110,10100001111,11101010000,11011000111,11010110100,01010011010,01100110111,11110101001,00111011101
01001101110,00011010111,11011010100,11111100011,10101010110,00111101100,10001011001,01111011010,01100110101,11110001111,10010111010
00010110011,10101101010,11101110001,01110111100,01101011111,01110000011,11000100111,10110011001,11011010110,01011101001,00111100101
00011011101,01111111000,10110011110,11000111100,10110100101,11101001011,11010110011,01010101110,00100111011,01101010110,10001100010
00101011101,01111110001,00011111110,11110011010,01110101111,11000111101,10110110100,11011001100,10101101011,01101100110,10011010111
01101100010,00100111111,00011111000,00011001111,01101011100,11010101110,01110110101,11001110111,10111010110,10101101101,11110011011
01010011111,10100010011,10001010101,01100001101,11011001001,01111110001,11000100111,10110111100,11111000110,00111101111,01001111010
01110111101,00111100011,11111010110,10101111000,01101001110,01010111010,10110101110,10110011011,11100100011,11011001001,10001110111
11011001110,10110101010,00011110111,10001111000,01101101011,11000100101,01100111110,01010111001,11111110000,00111101100,10100011101
11011100010,01101011100,01110010011,10011001111,00010111110,01001111001,11100101111,10110011000,11010110101,00111100101,10101110111
00111100011,00001111101,11001110001,01110010101,10011010110,11010100100,01100111010,10100110100,11111001000,11100001111,10010111001
00111100011,00001111101,11001110001,01110010101,10011010110,11010100100,01100111010,10100110100,11111001000,11100001111,10010111001
00011011101,01111111000,10110011110,11000111100,10110100101,11101001011,11010110011,01010101110,00100111011,01101010110,10001100010
10001111011,01001101100,10111100110,10100001111,11101010000,11011000111,11010110100,01010011010,01100110111,11110101001,00111011101
10001111011,01001101100,10111100110,10100001111,11101010000,11011000111,11010110100,01010011010,01100110111,11110101001,00111011101
00011011101,01111111000,10110011110,11000111100,10110100101,11101001011,11010110011,01010101110,00100111011,01101010110,10001100010
11110000110,01101011100,10011101100,01010011010,00110101111,10000011111,10111011001,11100111001,01010110101,01001100011,10101110010
01010011111,10100010011,10001010101,01100001101,11011001001,01111110001,11000100111,10110111100,11111000110,00111101111,01001111010
10001111011,01001101100,10111100110,10100001111,11101010000,11011000111,11010110100,01010011010,01100110111,11110101001,00111011101
01101100010,00100111111,00011111000,00011001111,01101011100,11010101110,01110110101,11001110111,10111010110,10101101101,11110011011
11011110010,01101101110,01100010111,00010100111,10100111100,11000101001,10001001111,11111000101,01001110101,00111011001,10101100011
01010110010,00011011011,11000010111,01100101011,11111010001,00101110101,10110100011,10110111100,01111000110,11011101101,10001111010
10001111011,01001101100,10111100110,10100001111,11101010000,11011000111,11010110100,01010011010,01100110111,11110101001,00111011101
01010011111,10100010011,10001010101,01100001101,11011001001,01111110001,11000100111,10110111100,11111000110,00111101111,01001111010
01111100110,00011011110,11100010100,01110010011,00101110011,00111001101,11011110001,01101111000,01000111101,11001001011,10110101010
11110100010,01100101100,00101110010,00111010101,01011100110,10101001111,10010111100,01010111011,11111011000,11001100001,11000010110
00011100111,10111110100,01011010100,01101001110,11011100010,00010111010,10011011011,1111010000111,11000111101,01111101001,01101110011
11011100010,01101011100,01110010011,10011001111,00010111110,01001111001,11100101111,10110011000,11010110101,00111100101,10101110111
10001111011,01001101100,10111100110,10100001111,11101010000,11011000111,11010110100,01010011010,01100110111,11110101001,00111011101
01001101110,00011010111,11011010100,11111100011,10101010110,00111101100,10001011001,01111011010,01100110101,11110001111,10010111010
01011001111,01111011000,00101101100,10001011011,10010011110,01000111010,01100011101,00110110011,11011110101,11110101001,11101000110
01110111101,00111100011,11111010110,10101111000,01101001110,01010111010,10110101110,10110011011,11100100011,11011001001,10001110111
00011100111,10111110100,01011010100,01101001110,11011100010,00010111010,10011011011,11110000111,11000111101,01111101001,01101110011
10001111011,01001101100,10111100110,10100001111,11101010000,11011000111,11010110100,01010011010,01100110111,11110101001,00111011101
01010011111,10100010011,10001010101,01100001101,11011001001,01111110001,11000100111,10110111100,11111000110,00111101111,01001111010
10001111011,01001101100,10111100110,10100001111,11101010000,11011000111,11010110100,01010011010,01100110111,11110101001,00111011101
01100111101,0011110001,00010010,11010,1110101111000,1100011101011,1010111010,10100110110011110011011,1110101,11011001,01010110001110111
00011011101,01111111000,10110011110,11000111100,10110100101,11101001011,11010110011,01010101110,00100111011,01101010110,10001100010
11110000110,01101011100,10011101100,01010011010,00110101111,10000011111,10111011001,11100111001,01010110101,01001100011,10101110010
10001111011,01001101100,10111100110,10100001111,11101010000,11011000111,11010110100,01010011010,01100110111,11110101001,00111011101
01010011111,10100010011,10001010101,01100001101,11011001001,01111110001,11000100111,10110111100,11111000110,00111101111,01001111010
11110100010,01100101100,00101110010,00111010101,01011100110,10101001111,10010111100,01010111011,11111011000,11001100001,11000010110
01110111101,00111100011,11111010110,10101111000,01101001110,01010111010,10110101110,10110011011,11100100011,11011001001,10001110111
01011001111,01111011000,00101101100,10001011011,10010011110,01000111010,01100011101,00110110011,11011110101,11110101001,11101000110
11011110010,01101101110,01100010111,00010100111,10100111100,11000101001,10001001111,11111000101,01001110101,00111011001,10101100011
01010110010,00011011011,11000010111,01100101011,11111010001,00101110101,10110100011,10110111100,01111000110,11011101101,10001111010
01101100010,00100111111,00011111000,00011001111,01101011100,11010101110,01110110101,11001110111,10111010110,10101101101,11110011011
00011100111,10111110100,01011010100,01101001110,11011100010,00010111010,10011011011,11110000111,11000111101,01111101001,01101110011
11011001110,10110101010,00011110111,10001111000,01101101011,11000100101,01100111110,01010111001,11111110000,00111101100,10100011101
01010011111,10100010011,10001010101,01100001101,11011001001,01111110001,11000100111,10110111100,11111000110,00111101111,01001111010
00101011101,01111110001,00011111110,11110011010,01110101111,11000111101,10110110100,11011001100,10101101011,01101100110,10011010111
01010011111,10100010011,10001010101,01100001101,11011001001,01111110001,11000100111,10110111100,11111000110,00111101111,01001111010
01111100110,00011011110,11100010100,01110010011,00101110011,00111001101,11011110001,01101111000,01000111101,11001001011,10110101010
11011001110,10110101010,00011110111,10001111000,01101101011,11000100101,01100111110,01010111001,11111110000,00111101100,10100011101
00011011101,01111111000,10110011110,11000111100,10110100101,11101001011,11010110011,01010101110,00100111011,01101010110,10001100010
11110000110,01101011100,10011101100,01010011010,00110101111,10000011111,10111011001,11100111001,01010110101,01001100011,10101110010
01010110010,00011011011,11000010111,01100101011,11111010001,00101110101,10110100011,10110111100,01111000110,11011101101,10001111010
01110111101,00111100011,11111010110,10101111000,01101001110,01010111010,10110101110,10110011011,11100100011,11011001001,10001110111
00011011101,01111111000,10110011110,11000111100,10110100101,11101001011,11010110011,01010101110,00100111011,01101010110,10001100010
00010110011,10101101010,11101110001,01110111100,01101011111,01110000011,11000100111,10110011001,11011010110,01011101001,00111100101
01111100110,00011011110,11100010100,01110010011,00101110011,00111001101,11011110001,01101111000,01000111101,11001001011,10110101010
11110100010,01100101100,00101110010,00111010101,01011100110,10101001111,10010111100,01010111011,11111011000,11001100001,11000010110
01101100010,00100111111,00011111000,00011001111,01101011100,11010101110,01110110101,11001110111,10111010110,10101101101,11110011011
11110000110,01101011100,10011101100,01010011010,00110101111,10000011111,10111011001,11100111001,01010110101,01001100011,10101110010
01101100010,00100111111,00011111000,00011001111,01101011100,11010101110,01110110101,11001110111,10111010110,10101101101,11110011011
00101011101,01111110001,00011111110,11110011010,01110101111,11000111101,10110110100,11011001100,10101101011,01101100110,10011010111
01010110010,00011011011,11000010111,01100101011,11111010001,00101110101,10110100011,10110111100,01111000110,11011101101,10001111010
10001111011,01001101100,10111100110,10100001111,11101010000,11011000111,11010110100,01010011010,01100110111,11110101001,00111011101
11110100010,01100101100,00101110010,00111010101,01011100110,10101001111,10010111100,01010111011,11111011000,11001100001,11000010110
11011110010,01101101110,01100010111,00010100111,10100111100,11000101001,10001001111,11111000101,01001110101,00111011001,10101100011
00011100111,10111110100,01011010100,01101001110,11011100010,00010111010,10011011011,11110000111,11000111101,01111101001,01101110011
00010110011,10101101010,11101110001,01110111100,01101011111,01110000011,11000100111,10110011001,11011010110,01011101001,00111100101
00111100011,00001111101,11001110001,01110010101,10011010110,11010100100,01100111010,10100110100,11111001000,11100001111,10010111001
00010110011,10101101010,11101110001,01110111100,01101011111,01110000011,1111011001,10110011001,11011010110,01011101001,00111100101
01110111101,00111100011,11111010110,10101111000,01101001110,01010111010,10110101110,10110011011,11100100011,11011001001,10001110111
11110100010,01100101100,00101110010,00111010101,01011100110,10101001111,10010111100,01010111011,11111011000,11001100001,11000010110
01010011111,10100010011,10001010101,01100001101,11011001001,01111110001,11000100111,10110111100,11111000110,00111101111,01001111010
01110111101,00111100011,11111010110,10101111000,01101001110,01010111010,10110101110,10110011011,11100100011,11011001001,10001110111
01011001111,01111011000,00101101100,10001011011,10010011110,01000111010,01100011101,00110110011,11011110101,11110101001,11101000110
10001111011,01001101100,10111100110,10100001111,11101010000,11011000111,11010110100,01010011010,01100110111,11110101001,00111011101
01010011111,10100010011,10001010101,01100001101,11011001001,01111110001,11000100111,10110111100,11111000110,00111101111,01001111010
01110111101,00111100011,11111010110,10101111000,01101001110,01010111010,10110101110,10110011011,11100100011,11011001001,10001110111
11011110010,01101101110,01100010111,00010100111,10100111100,11000101001,10001001111,11111000101,01001110101,00111011001,10101100011
00010110011,10101101010,11101110001,01110111100,01101011111,01110000011,11000100111,10110011001,11011010110,01011101001,00111100101
00011011101,01111111000,10110011110,11000111100,10110100101,11101001011,11010110011,01010101110,00100111011,01101010110,10001100010
00011011101,01111111000,10110011110,11000111100,10110100101,11101001011,11010110011,01010101110,00100111011,01101010110,10001100010
10001111011,01001101100,10111100110,10100001111,11101010000,11011000111,11010110100,01010011010,01100110111,11110101001,00111011101
11011110010,01101101110,01100010111,00010100111,10100111100,11000101001,10001001111,11111000101,01001110101,00111011001,10101100011
00010110011,10101101010,11101110001,01110111100,01101011111,01110000011,11000100111,10110011001,11011010110,01011101001,00111100101
01101100010,00100111111,00011111000,00011001111,01101011100,11010101110,01110110101,11001110111,10111010110,10101101101,11110011011
11110000110,01101011100,10011101100,01010011010,00110101111,10000011111,10111011001,11100111001,01010110101,01001100011,10101110010
00011100111,10111110100,01011010100,01101001110,11011100010,00010111010,10011011011,11110000111,11000111101,01111101001,01101110011
00101011101,01111110001,00011111110,11110011010,01110101111,11000111101,10110110100,11011001100,10101101011,01101100110,10011010111
01101100010,00100111111,00011111000,00011001111,01101011100,11010101110,01110110101,11001110111,10111010110,10101101101,11110011011
10001111011,01001101100,10111100110,10100001111,11101010000,11011000111,11010110100,01010011010,01100110111,11110101001,00111011101
00011011101,01111111000,10110011110,11000111100,10110100101,11101001011,11010110011,01010101110,00100111011,01101010110,10001100010
11110100010,01100101100,00101110010,00111010101,01011100110,10101001111,10010111100,01010111011,11111011000,11001100001,11000010110
00010110011,10101101010,11101110001,01110111100,01101011111,01110000011,11000100111,10110011001,11011010110,01011101001,00111100101
10001111011,01001101100,10111100110,10100001111,11101010000,11011000111,11010110100,01010011010,01100110111,11110101001,00111011101
11011100010,01101011100,01110010011,10011001111,00010111110,01001111001,11100101111,10110011000,11010110101,00111100101,10101110111
10001111011,01001101100,10111100110,10100001111,11101010000,11011000111,11010110100,01010011010,01100110111,11110101001,00111011101
11011110010,01101101110,01100010111,00010100111,10100111100,11000101001,10001001111,11111000101,01001110101,00111011001,10101100011
00010110011,10101101010,11101110001,01110111100,01101011111,01110000011,11000100111,10110011001,11011010110,01011101001,00111100101
00101011101,01111110001,00011111110,11110011010,01110101111,11000111101,10110110100,11011001100,10101101011,01101100110,10011010111
10001111011,01001101100,10111100110,10100001111,11101010000,11011000111,11010110100,01010011010,01100110111,11110101001,00111011101
01110111101,00111100011,11111010110,10101111000,01101001110,01010111010,10110101110,10110011011,11100100011,11011001001,10001110111
01111100110,00011011110,11100010100,01110010011,00101110011,00111001101,11011110001,01101111000,01000111101,11001001011,10110101010
00111100011,00001111101,11001110001,01110010101,10011010110,11010100100,01100111010,10100110100,11111001000,11100001111,10010111001
11110100010,01100101100,00101110010,00111010101,01011100110,10101001111,10010111100,01010111011,11111011000,11001100001,11000010110
01010011111,10100010011,10001010101,01100001101,11011001001,01111110001,11000100111,10110111100,11111000110,00111101111,01001111010
11110000110,01101011100,10011101100,01010011010,00110101111,10000011111,10111011001,11100111001,01010110101,01001100011,10101110010
00111100011,00001111101,11001110001,01110010101,10011010110,11010100100,01100111010,10100110100,11111001000,11100001111,10010111001
00011100111,10111110100,01011010100,01101001110,11011100010,00010111010,10011011011,11110000111,11000111101,01111101001,01101110011
01010011111,10100010011,10001010101,01100001101,11011001001,01111110001,11000100111,10110111100,11111000110,00111101111,01001111010
00111100011,00001111101,11001110001,01110010101,10011010110,11010100100,01100111010,10100110100,11111001000,11100001111,10010111001
01010110010,00011011011,11000010111,01100101011,11111010001,00101110101,10110100011,10110111100,01111000110,11011101101,10001111010
11011100010,01101011100,01110010011,10011001111,00010111110,01001111001,11100101111,10110011000,11010110101,00111100101,10101110111
00011011101,01111111000,10110011110,11000111100,10110100101,11101001011,11010110011,01010101110,00100111011,01101010110,10001100010
00011100111,10111110100,01011010100,01101001110,11011100010,00010111010,10011011011,11110000111,11000111101,01111101001,01101110011
01110111101,00111100011,11111010110,10101111000,01101001110,01010111010,10110101110,10110011011,11100100011,11011001001,10001110111
00011011101,01111111000,10110011110,11000111100,10110100101,11101001011,11010110011,01010101110,00100111011,01101010110,10001100010
11011001110,10110101010,00011110111,10001111000,01101101011,11000100101,01100111110,01010111001,11111110000,00111101100,10100011101
00010110011,10101101010,11101110001,01110111100,01101011111,01110000011,11000100111,10110011001,11011010110,01011101001,00111100101
01001101110,00011010111,11011010100,11111100011,10101010110,00111101100,10001011001,01111011010,01100110101,11110001111,10010111010
01101100010,00100111111,00011111000,00011001111,01101011100,11010101110,01110110101,11001110111,10111010110,10101101101,11110011011
00011100111,10111110100,01011010100,01101001110,11011100010,00010111010,10011011011,11110000111,11000111101,01111101001,01101110011
01001101110,00011010111,11011010100,11111100011,10101010110,00111101100,10001011001,01111011010,01100110101,11110001111,10010111010
00011011101,01111111000,10110011110,11000111100,10110100101,11101001011,11010110011,01010101110,00100111011,01101010110,10001100010
00011011101,01111111000,10110011110,11000111100,10110100101,11101001011,11010110011,01010101110,00100111011,01101010110,10001100010
11011100010,01101011100,01110010011,10011001111,00010111110,01001111001,11100101111,10110011000,11010110101,00111100101,10101110111
11011001110,10110101010,00011110111,10001111000,01101101011,11000100101,01100111110,01010111001,11111110000,00111101100,10100011101
01111100110,00011011110,11100010100,01110010011,00101110011,00111001101,11011110001,01101111000,01000111101,11001001011,10110101010
11110100010,01100101100,00101110010,00111010101,01011100110,10101001111,10010111100,01010111011,11111011000,11001100001,11000010110
00101011101,01111110001,00011111110,11110011010,01110101111,11000111101,10110110100,11011001100,10101101011,01101100110,10011010111
01101100010,00100111111,00011111000,00011001111,01101011100,11010101110,01110110101,11001110111,10111010110,10101101101,11110011011
01011001111,01111011000,00101101100,10001011011,10010011110,01000111010,01100011101,00110110011,11011110101,11110101001,11101000110
11110000110,01101011100,10011101100,01010011010,00110101111,10000011111,10111011001,11100111001,01010110101,01001100011,10101110010
01001101110,00011010111,11011010100,11111100011,10101010110,00111101100,10001011001,01111011010,01100110101,11110001111,10010111010
00010110011,10101101010,11101110001,01110111100,01101011111,01110000011,11000100111,10110011001,11011010110,01011101001,00111100101
01110111101,00111100011,11111010110,10101111000,01101001110,01010111010,10110101110,10110011011,11100100011,11011001001,10001110111
11011001110,10110101010,00011110111,10001111000,01101101011,11000100101,01100111110,01010111001,11111110000,00111101100,10100011101
00011011101,01111111000,10110011110,11000111100,10110100101,11101001011,11010110011,01010101110,00100111011,01101010110,10001100010
11011001110,10110101010,00011110111,10001111000,01101101011,11000100101,01100111110,01010111001,11111110000,00111101100,10100011101
11011001110,10110101010,00011110111,10001111000,01101101011,11000100101,01100111110,01010111001,11111110000,00111101100,10100011101
00010110011,10101101010,11101110001,01110111100,01101011111,01110000011,11000100111,10110011001,11011010110,01011101001,00111100101
00011011101,01111111000,10110011110,11000111100,10110100101,11101001011,11010110011,01010101110,00100111011,01101010110,10001100010
00101011101,01111110001,00011111110,11110011010,01110101111,11000111101,10110110100,11011001100,10101101011,01101100110,10011010111
01010110010,00011011011,11000010111,01100101011,11111010001,00101110101,10110100011,10110111100,01111000110,11011101101,10001111010
01101100010,00100111111,00011111000,00011001111,01101011100,11010101110,01110110101,11001110111,10111010110,10101101101,11110011011
11011100010,01101011100,01110010011,10011001111,00010111110,01001111001,11100101111,10110011000,11010110101,00111100101,10101110111
01101100010,00100111111,00011111000,00011001111,01101011100,11010101110,01110110101,11001110111,10111010110,10101101101,11110011011
01011001111,01111011000,00101101100,10001011011,10010011110,01000111010,01100011101,00110110011,11011110101,11110101001,11101000110
10001111011,01001101100,10111100110,10100001111,11101010000,11011000111,11010110100,01010011010,01100110111,11110101001,00111011101
11110100010,01100101100,00101110010,00111010101,01011100110,10101001111,10010111100,01010111011,11111011000,11001100001,11000010110
11011100010,01101011100,01110010011,10011001111,00010111110,01001111001,11100101111,10110011000,11010110101,00111100101,10101110111
11011110010,01101101110,01100010111,00010100111,10100111100,11000101001,10001001111,11111000101,01001110101,00111011001,10101100011
00101011101,01111110001,00011111110,11110011010,01110101111,11000111101,10110110100,11011001100,10101101011,01101100110,10011010111
11011001110,10110101010,00011110111,10001111000,01101101011,11000100101,01100111110,01010111001,11111110000,00111101100,10100011101
110110110010,001111011010,0001,01100010101110,1111011110100011,01001,00010111010110111111,010101110011,01100110110100111,0111001100011,111111111111
11110000110,01101011100,10011101100,01010011010,00110101111,10000011111,10111011001,11100111001,01010110101,01001100011,10101110010
01011001111,01111011000,00101101100,10001011011,10010011110,01000111010,01100011101,00110110011,11011110101,11110101001,11101000110
00111100011,00001111101,11001110001,01110010101,10011010110,11010100100,01100111010,10100110100,11111001000,11100001111,10010111001
11110000110,01101011100,10011101100,01010011010,00110101111,10000011111,10111011001,11100111001,01010110101,01001100011,10101110010
01110111101,00111100011,11111010110,10101111000,01101001110,01010111010,10110101110,10110011011,11100100011,11011001001,10001110111
00101011101,01111110001,00011111110,11110011010,01110101111,11000111101,10110110100,11011001100,10101101011,01101100110,10011010111
11011110010,01101101110,01100010111,00010100111,10100111100,11000101001,10001001111,11111000101,01001110101,00111011001,10101100011
01010011111,10100010011,10001010101,01100001101,11011001001,01111110001,11000100111,10110111100,11111000110,00111101111,01001111010
01010110010,00011011011,11000010111,01100101011,11111010001,00101110101,10110100011,10110111100,01111000110,11011101101,10001111010
01001101110,00011010111,11011010100,11111100011,10101010110,00111101100,10001011001,01111011010,01100110101,11110001111,10010111010
01010110010,00011011011,11000010111,01100101011,11111010001,00101110101,10110100011,10110111100,01111000110,11011101101,10001111010
01110111101,00111100011,11111010110,10101111000,01101001110,01010111010,10110101110,10110011011,11100100011,11011001001,10001110111
00101011101,01111110001,00011111110,11110011010,01110101111,11000111101,10110110100,11011001100,10101101011,01101100110,10011010111
00011011101,01111111000,10110011110,11000111100,10110100101,11101001011,11010110011,01010101110,00100111011,01101010110,10001100010
00011011101,01111111000,10110011110,11000111100,10110100101,11101001011,11010110011,01010101110,00100111011,01101010110,10001100010
11110100010,01100101100,00101110010,00111010101,01011100110,10101001111,10010111100,01010111011,11111011000,11001100001,11000010110
01111100110,00011011110,11100010100,01110010011,00101110011,00111001101,11011110001,01101111000,01000111101,11001001011,10110101010
11110000110,01101011100,10011101100,01010011010,00110101111,10000011111,10111011001,11100111001,01010110101,01001100011,10101110010
00101011101,01111110001,00011111110,11110011010,01110101111,11000111101,10110110100,11011001100,10101101011,01101100110,10011010111
01001101110,00011010111,11011010100,11111100011,10101010110,00111101100,10001011001,01111011010,01100110101,11110001111,10010111010
01010011111,10100010011,10001010101,01100001101,11011001001,01111110001,11000100111,10110111100,11111000110,00111101111,01001111010
01010011111,10100010011,10001010110010,1,1101111000101,01111110001,01100000100111101101111,01100,011110,00111101101,1111011,10011010
11011001110,10110101010,00011110111,10001111000,01101101011,11000100101,01100111110,01010111001,11111110000,00111101100,10100011101
01110111101,00111100011,11111010110,10101111000,01101001110,01010111010,10110101110,10110011011,11100100011,11011001001,10001110111
01010110010,00011011011,11000010111,01100101011,11111010001,00101110101,10110100011,10110111100,01111000110,11011101101,10001111010
11110100010,01100101100,00101110010,00111010101,01011100110,10101001111,10010111100,01010111011,11111011000,11001100001,11000010110
10001111011,01001101100,10111100110,10100001111,11101010000,11011000111,11010110100,01010011010,01100110111,11110101001,00111011101
01110111101,00111100011,11111010110,10101111000,01101001110,01010111010,10110101110,10110011011,11100100011,11011001001,10001110111
00101011101,01111110001,00011111110,11110011010,01110101111,11000111101,10110110100,11011001100,10101101011,01101100110,10011010111
00111100011,00001111101,11001110001,01110010101,10011010110,11010100100,01100111010,10100110100,11111001000,11100001111,10010111001
10001111011,01001101100,10111100110,10100001111,11101010000,11011000111,11010110100,01010011010,01100110111,11110101001,00111011101
01010011111,10100010011,10001010101,01100001101,11011001001,01111110001,11000100111,10110111100,11111000110,00111101111,01001111010
01010110010,00011011011,11000010111,01100101011,11111010001,00101110101,10110100011,10110111100,01111000110,11011101101,10001111010
01101100010,00100111111,00011111000,00011001111,01101011100,11010101110,01110110101,11001110111,10111010110,10101101101,11110011011
01010011111,10100010011,10001010101,01100001101,11011001001,01111110001,11000100111,10110111100,11111000110,00111101111,01001111010
01101100010,00100111111,00011111000,00011001111,01101011100,11010101110,01110110101,11001110111,10111010110,10101101101,11110011011
11110000110,01101011100,10011101100,01010011010,00110101111,10000011111,10111011001,11100111001,01010110101,01001100011,10101110010
01011001111,01111011000,00101101100,10001011011,10010011110,01000111010,01100011101,00110110011,11011110101,11110101001,11101000110
01101100010,00100111111,00011111000,00011001111,01101011100,11010101110,01110110101,11001110111,10111010110,10101101101,11110011011
00011100111,10111110100,01011010100,01101001110,11011100010,00010111010,10011011011,11110000111,11000111101,01111101001,01101110011
01011001111,01111011000,00101101100,10001011011,10010011110,01000111010,01100011101,00110110011,11011110101,11110101001,11101000110
01010011111,10100010011,10001010101,01100001101,11011001001,01111110001,11000100111,10110111100,11111000110,00111101111,01001111010
00101011101,01111110001,00011111110,11110011010,01110101111,11000111101,10110110100,11011001100,10101101011,01101100110,10011010111
01010011111,10100010011,10001010101,01100001101,11011001001,01111110001,11000100111,10110111100,11111000110,00111101111,01001111010
11011001110,10110101010,00011110111,10001111000,01101101011,11000100101,01100111110,01010111001,11111110000,00111101100,10100011101
011111000110,111111000100101110011,011001111,101011110101111,01001111010,1011,1,00101110,1000110001101101,1111011,10011011111
10001111011,01001101100,10111100110,10100001111,11101010000,11011000111,11010110100,01010011010,01100110111,11110101001,00111011101
01011001111,01111011000,00101101100,10001011011,10010011110,01000111010,01100011101,00110110011,11011110101,11110101001,11101000110
01001101110,00011010111,11011010100,11111100011,10101010110,00111101100,10001011001,01111011010,01100110101,11110001111,10010111010
01010011111,10100010011,10001010101,01100001101,11011001001,01111110001,11000100111,10110111100,11111000110,00111101111,01001111010
01010110010,00011011011,11000010111,01100101011,11111010001,00101110101,10110100011,10110111100,01111000110,11011101101,10001111010
01011001111,01111011000,00101101100,10001011011,10010011110,01000111010,01100011101,00110110011,11011110101,11110101001,11101000110
01011001111,01111011000,00101101100,10001011011,10010011110,01000111010,01100011101,00110110011,11011110101,11110101001,11101000110
01010011111,10100010011,10001010101,01100001101,11011001001,01111110001,11000100111,10110111100,11111000110,00111101111,01001111010
00010110011,10101101010,11101110001,01110111100,01101011111,01110000011,11000100111,10110011001,11011010110,01011101001,00111100101
01110111101,00111100011,11111010110,10101111000,01101001110,01010111010,10110101110,10110011011,11100100011,11011001001,10001110111
110110110010,001111011010,0001,10001,100011110001,000110110100011110001110001,11000111110,1001100,01111101110001,011111001,110101001100101100110
00011011101,01111111000,10110011110,11000111100,10110100101,11101001011,11010110011,01010101110,00100111011,01101010110,10001100010
01010110010,00011011011,11000010111,01100101011,11111010001,00101110101,10110100011,10110111100,01111000110,11011101101,10001111010
01011001111,01111011000,00101101100,10001011011,10010011110,01000111010,01100011101,00110110011,11011110101,11110101001,11101000110
00101011101,01111110001,00011111110,11110011010,1011000101,11000111101,10110110010,11110011011011,011,0101,011011,10011010111001101
11110100010,01100101100,00101110010,00111010101,01011100110,10101001111,10010111100,01010111011,11111011000,11001100001,11000010110
01001101110,00011010111,11011010100,11111100011,10101010110,00111101100,10001011001,01111011010,01100110101,11110001111,10010111010
11011110010,01101101110,01100010111,00010100111,10100111100,11000101001,10001001111,11111000101,01001110101,00111011001,10101100011
11110000110,01101011100,10011101100,01010011010,00110101111,10000011111,10111011001,11100111001,01010110101,01001100011,10101110010
10001111011,01001101100,10111100110,10100001111,11101010000,11011000111,11010110100,01010011010,01100110111,11110101001,00111011101
11110000110,01101011100,10011101100,01010011010,00110101111,10000011111,10111011001,11100111001,01010110101,01001100011,10101110010
01011001111,01111011000,00101101100,10001011011,10010011110,01000111010,01100011101,00110110011,11011110101,11110101001,11101000110
11011001110,10110101010,00011110111,10001111000,01101101011,11000100101,01100111110,01010111001,11111110000,00111101100,10100011101
01010011111,10100010011,10001010101,01100001101,11011001001,01111110001,11000100111,10110111100,11111000110,00111101111,01001111010
00011100111,10111110100,01011010100,01101001110,11011100010,00010111010,10011011011,11110000111,11000111101,01111101001,01101110011
01110111101,00111100011,11111010110,10101111000,01101001110,01010111010,10110101110,10110011011,11100100011,11011001001,10001110111
01001101110,00011010111,11011010100,11111100011,10101010110,00111101100,10001011001,01111011010,01100110101,11110001111,10010111010
00011100111,10111110100,01011010100,01101001110,11011100010,00010111010,10011011011,11110000111,11000111101,01111101001,01101110011
01010110010,00011011011,11000010111,01100101011,11111010001,00101110101,10110100011,10110111100,01111000110,11011101101,10001111010
10001111011,01001101100,10111100110,10100001111,11101010000,11011000111,11010110100,01010011010,01100110111,11110101001,00111011101
10001111011,01001101100,10111100110,10100001111,11101010000,11011000111,11010110100,01010011010,01100110111,11110101001,00111011101
01010011111,10100010011,10001010101,01100001101,11011001001,01111110001,11000100111,10110111100,11111000110,00111101111,01001111010
00101011101,01111110001,00011111110,11110011010,01110101111,11000111101,10110110100,11011001100,10101101011,01101100110,10011010111
11110100010,01100101100,00101110010,00111010101,01011100110,10101001111,10010111100,01010111011,11111011000,11001100001,11000010110
10001111011,01001101100,10111100110,10100001111,11101010000,11011000111,11010110100,01010011010,01100110111,11110101001,00111011101
11110000110,01101011100,10011101100,01010011010,00110101111,10000011111,10111011001,11100111001,01010110101,01001100011,10101110010
11011110010,01101101110,01100010111,00010100111,10100111100,11000101001,10001001111,11111000101,01001110101,00111011001,10101100011
00011100111,10111110100,01011010100,01101001110,11011100010,00010111010,10011011011,11110000111,11000111101,01111101001,01101110011
11011001110,10110101010,00011110111,10001111000,01101101011,11000100101,01100111110,01010111001,11111110000,00111101100,10100011101
10001111011,01001101100,10111100110,10100001111,11101010000,11011000111,11010110100,01010011010,01100110111,11110101001,00111011101
01111100110,00011011110,11100010100,01110010011,00101110011,00111001101,11011110001,01101111000,01000111101,11001001011,10110101010
01111100110,00011011110,11100010100,01110010011,00101110011,00111001101,11011110001,01101111000,01000111101,11001001011,10110101010
01001101110,00011010111,11011010100,11111100011,10101010110,00111101100,10001011001,01111011010,01100110101,11110001111,10010111010
01110111101,00111100011,11111010110,10101111000,01101001110,01010111010,10110101110,10110011011,11100100011,11011001001,10001110111
00101011101,01111110001,00011111110,11110011010,01110101111,11000111101,10110110100,11011001100,10101101011,011101100110,10011010111
11011001110,10110101010,00011110111,10001111000,01101101011,11000100101,01100111110,01010111001,11111110000,00111101100,10100011101
01101100010,00100111111,00011111000,00011001111,01101011100,11010101110,01110110101,11001110111,10111010110,10101101101,11110011011
01010011111,10100010011,10001010101,01100001101,11011001001,01111110001,11000100111,10110111100,11111000110,00111101111,01001111010
11110000110,01101011100,10011101100,01010011010,00110101111,10000011111,10111011001,11100111001,01010110101,01001100011,10101110010
00111100011,00001111101,11001110001,01110010101,10011010110,11010100100,01100111010,10100110100,11111001000,11100001111,10010111001
00010110011,10101101010,11101110001,01110111100,01101011111,01110000011,11000100111,10110011001,11011010110,01011101001,00111100101
11110000110,01101011100,10011101100,01010011010,00110101111,10000011111,10111011001,11100111001,01010110101,01001100011,10101110010
01110111101,00111100011,11111010110,10101111000,01101001110,01010111010,10110101110,10110011011,11100100011,11011001001,10001110111
01010011111,10100010011,10001010101,01100001101,11011001001,01111110001,11000100111,10110111100,11111000110,00111101111,01001111010
11011110010,01101101110,01100010111,00010100111,10100111100,11000101001,10001001111,11111000101,01001110101,00111011001,10101100011
11110100010,01100101100,00101110010,00111010101,01011100110,10101001111,10010111100,01010111011,11111011000,11001100001,11000010110
11011001110,10110101010,00011110111,10001111000,01101101011,11000100101,01100111110,01010111001,11111110000,00111101100,10100011101
00111100011,00001111101,11001110001,01110010101,10011010110,11010100100,01100111010,10100110100,11111001000,11100001111,10010111001
11011100010,01101011100,01110010011,10011001111,00010111110,01001111001,11100101111,10110011000,11010110101,00111100101,10101110111
01110111101,00111100011,11111010110,10101111000,01101001110,01010111010,10110101110,10110011011,11100100011,11011001001,10001110111
11011100010,01101011100,01110010011,10011001111,00010111110,01001111001,11100101111,10110011000,11010110101,00111100101,10101110111
00010110011,10101101010,11101110001,01110111100,01101011111,01110000011,11000100111,10110011001,11011010110,01011101001,00111100101
10001111011,01001101100,10111100110,10100001111,11101010000,11011000111,11010110100,01010011010,01100110111,11110101001,00111011101
01010110010,00011011011,11000010111,01100101011,11111010001,00101110101,10110100011,10110111100,01111000110,11011101101,10001111010
00111100011,00001111101,11001110001,01110010101,10011010110,11010100100,01100111010,10100110100,11111001000,11100001111,10010111001
01010110010,00011011011,11000010111,01100101011,11111010001,00101110101,10110100011,10110111100,01111000110,11011101101,10001111010
11011100010,01101011100,01110010011,10011001111,00010111110,01001111001,11100101111,10110011000,11010110101,00111100101,10101110111
01010011111,10100010011,10001010101,01100001101,11011001001,01111110001,11000100111,10110111100,11111000110,00111101111,01001111010
11110100010,01100101100,00101110010,00111010101,01011100110,10101001111,10010111100,01010111011,11111011000,11001100001,11000010110
00010110011,10101101010,11101110001,01110111100,01101011111,01110000011,11000100111,10110011001,11011010110,01011101001,00111100101
11011001110,10110101010,00011110111,10001111000,01101101011,11000100101,01100111110,01010111001,11111110000,00111101100,10100011101
01010011111,10100010011,10001010101,01100001101,11011001001,01111110001,11000100111,10110111100,11111000110,00111101111,01001111010
11011110010,01101101110,01100010111,00010100111,10100111100,11000101001,10001001111,11111000101,01001110101,00111011001,10101100011
11110100010,01100101100,00101110010,00111010101,01011100110,10101001111,10010111100,01010111011,11111011000,11001100001,11000010110
00101011101,01111110001,00011111110,11110011010,01110101111,11000111101,10110110100,11011001100,10101101011,01101100110,10011010111
00011100111,10111110100,01011010100,01101001110,11011100010,00010111010,10011011011,11110000111,11000111101,01111101001,01101110011
00011011101,01111111000,01101100110,110001,110111110001100,1010010101,0110110110001,111001110,010101101100,10001111,100011110
00111100011,00001111101,11001110001,01110010101,10011010110,11010100100,01100111010,10100110100,11111001000,11100001111,10010111001
01001101110,00011010111,11011010100,11111100011,10101010110,00111101100,10001011001,01111011010,01100110101,11110001111,10010111010
01111100110,00011011110,11100010100,01110010011,00101110011,00111001101,11011110001,01101111000,01000111101,11001001011,10110101010
11110000110,01101011100,10011101100,01010011010,00110101111,10000011111,10111011001,11100111001,01010110101,01001100011,10101110010
11011100010,01101011100,01110010011,10011001111,00010111110,01001111001,11100101111,10110011000,11010110101,00111100101,10101110111
00011011101,01111111000,10110011110,11000111100,10110100101,11101001011,11010110011,01010101110,00100111011,01101010110,10001100010
01111100110,00011011110,11100010100,01110010011,00101110011,00111001101,11011110001,01101111000,01000111101,11001001011,10110101010
11110100010,01100101100,00101110010,00111010101,01011100110,10101001111,10010111100,01010111011,11111011000,11001100001,11000010110
10001111011,01001101100,10111100110,10100001111,11101010000,11011000111,11010110100,01010011010,01100110111,11110101001,00111011101
01110111101,00111100011,11111010110,10101111000,01101001110,01010111010,10110101110,10110011011,11100100011,11011001001,10001110111
01111100110,00011011110,11100010100,01110010011,00101110011,00111001101,11011110001,01101111000,01000111101,11001001011,10110101010
11011110010,01101101110,01100010111,00010100111,10100111100,11000101001,10001001111,11111000101,01001110101,00111011001,10101100011
01010011111,10100010011,10001010101,01100001101,11011001001,01111110001,11000100111,10110111100,11111000110,00111101111,01001111010
11110100010,01100101100,00101110010,00111010101,01011100110,10101001111,10010111100,01010111011,11111011000,11001100001,11000010110
00011100111,10111110100,01011010100,01101001110,11011100010,00010111010,10011011011,11110000111,11000111101,01111101001,01101110011
01111100110,00011011110,11100010100,01110010011,00101110011,00111001101,11011110001,01101111000,01000111101,11001001011,10110101010
00011011101,01111111000,10110011110,11000111100,10110100101,11101001011,11010110011,01010101110,00100111011,01101010110,10001100010
11110000110,01101011100,10011101100,01010011010,00110101111,10000011111,10111011001,11100111001,01010110101,01001100011,10101110010
01011001111,01111011000,00101101100,10001011011,10010011110,01000111010,01100011101,00110110011,11011110101,11110101001,11101000110
01010110010,00011011011,11000010111,01100101011,11111010001,00101110101,10110100011,10110111100,01111000110,11011101101,10001111010
01001101110,00011010111,11011010100,11111100011,10101010110,00111101100,10001011001,01111011010,01100110101,11110001111,10010111010
10001111011,01001101100,10111100110,10100001111,11101010000,11011000111,11010110100,01010011010,01100110111,11110101001,00111011101
01011001111,01111011000,00101101100,10001011011,10010011110,01000111010,01100011101,00110110011,11011110101,11110101001,11101000110
01110111101,00111100011,11111010110,10101111000,01101001110,01010111010,10110101110,10110011011,11100100011,11011001001,10001110111
11110100010,01100101100,00101110010,00111010101,01011100110,10101001111,10010111100,01010111011,11111011000,11001100001,11000010110
01010110010,00011011011,11000010111,01100101011,11111010001,00101110101,10110100011,10110111100,01111000110,11011101101,10001111010
01010110010,00011011011,11000010111,01100101011,11111010001,00101110101,10110100011,10110111100,01111000110,11011101101,10001111010
00101011101,01111110001,00011111110,11110011010,01110101111,11000111101,10110110100,11011001100,10101101011,01101100110,10011010111
00101011101,01111110001,00011111110,11110011010,01110101111,11000111101,10110110100,11011001100,10101101011,01101100110,10011010111
00010110011,10101101010,11101110001,01110111100,01101011111,01110000011,11000100111,10110011001,11011010110,01011101001,00111100101
11011110010,01101101110,01100010111,00010100111,10100111100,11110101001,10001001111,11111000101,01001110101,00111011001,10101100011
01101100010,00100111111,00011111000,00011001111,01101011100,11010101110,01110110101,11001110111,10111010110,10101101101,11110011011
01010011111,10100010011,10001010101,01100001101,11011001001,01111110001,11000100111,10110111100,11111000110,00111101111,01001111010
11011001110,10110101010,00011110111,10001111000,01101101011,11000100101,01100111110,01010111001,11111110000,00111101100,10100011101
00101011101,01111110001,00011111110,11110011010,01110101111,11000111101,10110110100,11011001100,10101101011,01101100110,10011010111
00011011101,01111111000,10110011110,11000111100,10110100101,11101001011,11010110011,01010101110,00100111011,01101010110,10001100010
11011100010,01101011100,01110010011,10011001111,00010111110,01001111001,11100101111,10110011000,11010110101,00111100101,10101110111
01010011111,10100010011,10001010101,01100001101,11011001001,01111110001,11000100111,10110111100,11111000110,00111101111,01001111010
11110000110,01101011100,10011101100,01010011010,00110101111,10000011111,10111011001,11100111001,01010110101,01001100011,10101110010
00011100111,10111110100,01011010100,01101001110,11011100010,00010111010,10011011011,11110000111,11000111101,01111101001,01101110011
11011110010,01101101110,01100010111,00010100111,10100111100,11000101001,10001001111,11111000101,01110101,00111101101001111,10010100100
01101100010,00100111111,00011111000,00011001111,01101011100,11010101110,01110110101,11001110111,10111010110,10101101101,11110011011
11011100010,01101011100,01110010011,10011001111,00010111110,01001111001,11100101111,10110011000,11010110101,00111100101,10101110111
11110000110,01101011100,10011101100,01010011010,00110101111,10000011111,10111011001,11100111001,01010110101,01001100011,1011000110
10001111011,01001101100,10111100110,10100001111,11101010000,11011000111,11010110100,01010011010,01100110111,11110101001,00111011101
01101100010,00100111111,00011111000,00011001111,01101011100,11010101110,01110110101,11001110111,10111010110,10101101101,11110011011
01010011111,10100010011,10001010101,01100001101,11011001001,01111110001,11000100111,10110111100,11111000110,00111101111,01001111010
01011010100,,001110100110101010111100,01100111
10001111011,01001101100,10111100110,10100001111,11101010000,11011000111,11010110100,01010011010,01100110111,11110101001,00111011101
01011001111,01111011000,00101101100,10001011011,10010011110,01000111010,01100011101,00110110011,11011110101,11110101001,11101000110
00011100111,10111110100,01011010100,01101001110,11011100010,00010111010,10011011011,11110000111,11000111101,01111101001,01101110011
00011011101,01111111000,10110011110,11000111100,10110100101,11101001011,11010110011,01010101110,00100111011,01101010110,10001100010
10001111011,01001101100,10111100110,10100001111,11101010000,11011000111,11010110100,01010011010,01100110111,11110101001,00111011101
11110100010,01100101100,00101110010,00111010101,01011100110,10101001111,10010111100,01010111011,11111011000,11001100001,11000010110
01110111101,00111100011,11111010110,10101111000,01101001110,01010111010,10110101110,10110011011,11100100011,11011001001,10001110111
01101100010,00100111111,00011111000,00011001111,01101011100,11010101110,01110110101,11001110111,10111010110,10101101101,11110011011
10001111011,01001101100,10111100110,10100001111,11101010000,11011000111,11010110100,01010011010,01100110111,11110101001,00111011101
00101011101,01111110001,00011111110,11110011010,01110101111,11000111101,10110110100,11011001100,10101101011,01101100110,10011010111
00111100011,00001111101,11001110001,01110010101,10011010110,11010100100,01100111010,10100110100,11111001000,11100001111,10010111001
00011011101,01111111000,10110011110,11000111100,10110100101,11101001011,11010110011,01010101110,00100111011,01101010110,10001100010
01111100110,00011011110,11100010100,01110010011,00101110011,00111001101,11011110001,01101111000,01000111101,11001001011,10110101010
00111100011,00001111101,11001110001,01110010101,10011010110,11010100100,01100111010,10100110100,11111001000,11100001111,10010111001
01010110010,00011011011,11000010111,01100101011,11111010001,00101110101,10110100011,10110111100,01111000110,11011101101,10001111010
01101100010,00100111111,00011111000,00011001111,01101011100,11010101110,01110110101,11001110111,10111010110,10101101101,11110011011
01010011111,10100010011,10001010101,01100001101,11011001001,01111110001,11000100111,10110111100,11111000110,00111101111,01001111010
00011100111,10111110100,01011010100,01101001110,11011100010,00010111010,10011011011,11110000111,11000111101,01111101001,01101110011
00011011101,01111111000,10110011110,11000111100,10110100101,11101001011,11010110011,01010101110,00100111011,01101010110,10001100010
01010011111,10100010011,10001010101,01100001101,11011001001,01111110001,11000100111,101101110,11111000110,00111101111,01001111010
00010110011,10101101010,11101110001,01110111100,01101011111,01110000011,11000100111,10110011001,11011010110,01011101001,00111100101
00101011101,01111110001,00011111110,11110011010,01110101111,11000111101,10110110100,11011001100,10101101011,01101100110,10011010111
01010110010,00011011011,11000010111,01100101011,11111010001,00101110101,10110100011,10110111100,01111000110,11011101101,10001111010
11110000110,01101011100,10011101100,01010011010,00110101111,10000011111,10111011001,11100111001,01010110101,01001100011,10101110010
01011001111,01111011000,00101101100,10001011011,10010011110,01000111010,01100011101,00110110011,11011110101,11110101001,11101000110
01101100010,00100111111,00011111000,00011001111,01101011100,11010101110,01110110101,11001110111,10111010110,10101101101,11110011011
00111100011,00001111101,11001110001,01110010101,10011010110,11010100100,01100111010,10100110100,11111001000,11100001111,10010111001
00011100111,10111110100,01011010100,01101001110,11011100010,00010111010,10011011011,11110000111,11000111101,01111101001,01101110011
00011011101,01111111000,10110011110,11000111100,10110100101,11101001011,11010110011,01010101110,00100111011,01101010110,10001100010
11011001110,10110101010,00011110111,10001111000,01101101011,11000100101,01100111110,01010111001,11111110000,00111101100,10100011101
11011110010,01101101110,01100010111,00010100111,10100111100,11000101001,10001001111,11111000101,01001110101,00111011001,10101100011
11011100010,01101011100,01110010011,10011001111,00010111110,01001111001,11100101111,10110011000,11010110101,00111100101,10101110111
01011001111,01111011000,00101101100,10001011011,10010011110,01000111010,01100011101,00110110011,11011110101,11110101001,11101000110
00010110011,10101101010,11101110001,01110111100,01101011111,01110000011,11000100111,10110011001,11011010110,01011101001,00111100101
01101100010,00100111111,00011111000,00011001111,01101011100,11010101110,01110110101,11001110111,10111010110,10101101101,11110011011
00010110011,10101101010,11101110001,01110111100,01101011111,01110000011,11000100111,10110011001,11011010110,01011101001,00111100101
01110111101,00111100011,11111010110,10101111000,01101001110,01010111010,10110101110,10110011011,11100100011,11011001001,10001110111
11011100010,01101011100,01110010011,10011001111,00010111110,01001111001,11100101111,10110011000,11010110101,00111100101,10101110111
11011110010,01101101110,01100010111,00010100111,10100111100,11000101001,10001001111,11111000101,01001110101,00111011001,10101100011
00011100111,10111110100,01011010100,01101001110,11011100010,00010111010,10011011011,11110000111,11000111101,01111101001,01101110011
01010011111,10100010011,10001010101,01100001101,11011001001,01111110001,11000100111,10110111100,11111000110,00111101111,01001111010
01010011111,10100010011,10001010101,01100001101,11011001001,01111110001,11000100111,10110111100,11111000110,00111101111,01001111010
11011001110,10110101010,00011110111,10001111000,01101101011,11000100101,01100111110,01010111001,11111110000,00111101100,10100011101
11110100010,01100101100,00101110010,00111010101,01011100110,10101001111,10010111100,01010111011,11111011000,11001100001,11000010110
11110100010,01100101100,00101110010,00111010101,01011100110,10101001111,10010111100,01010111011,11111011000,11001100001,11000010110
11011110010,01101101110,01100010111,00010100111,10100111100,11000101001,10001001111,11111000101,01001110101,00111011001,101100101001111
01001101110,00011010111,11011010100,11111100011,10101010110,00111101100,10001011001,01111011010,01100110101,11110001111,10010111010
01110111101,00111100011,11111010110,10101111000,01101001110,01010111010,10110101110,10110011011,11100100011,11011001001,10001110111
00101011101,01111110001,00011111110,11110011010,01110101111,11000111101,10110110100,11011001100,10101101011,01101100110,10011010111
11011001110,10110101010,00011110111,10001111000,01101101011,11000100101,01100111110,01010111001,11111110000,00111101100,10100011101
01011001111,01111011000,00101101100,10001011011,10010011110,01000111010,01100011101,00110110011,11011110101,11110101001,11101000110
11110000110,01101011100,10011101100,01010011010,00110101111,10000011111,10111011001,11100111001,01010110101,01001100011,10101110010
11011110010,01101101110,01100010111,00010100111,10100111100,11000101001,10001001111,11111000101,01001110101,00111011001,10101100011
11110100010,01100101100,00101110010,00111010101,01011100110,10101001111,10010111100,01010111011,11111011000,11001100001,11000010110
01110111101,00111100011,11111010110,10101111000,01101001110,01010111010,10110101110,10110011011,11100100011,11011001001,10001110111
00111100011,00001111101,11001110001,01110010101,10011010110,11010100100,01100111010,10100110100,11111001000,11100001111,10010111001
11011110010,01101101110,01100010111,00010100111,10100111100,11000101001,10001001111,11111000101,01001110101,00111011001,10101100011
01010110010,00011011011,11000010111,01100101011,11111010001,00101110101,10110100011,10110111100,01111000110,11011101101,10001111010
00011011101,01111111000,10110011110,11000111100,10110100101,11101001011,11010110011,01010101110,00100111011,01101010110,10001100010
01001101110,00011010111,11011010100,11111100011,10101010110,00111101100,10001011001,01111011010,01100110101,11110001111,10010111010
11110100010,01100101100,00101110010,00111010101,01011100110,10101001111,10010111100,01010111011,11111011000,11001100001,11000010110
01011001111,01111011000,00101101100,10001011011,10010011110,01000111010,01100011101,00110110011,11011110101,11110101001,11101000110
00101011101,01111110001,00011111110,11110011010,01110101111,11000111101,10110110100,11011001100,10101101011,01101100110,10011010111
11110100010,01100101100,00101110010,00111010101,01011100110,10101001111,10010111100,01010111011,11111011000,11001100001,11000010110
10001111011,01001101100,10111100110,10100001111,11101010000,11011000111,11010110100,01010011010,01100110111,11110101001,00111011101
10001111011,01001101100,10111100110,10100001111,11101010000,11011000111,11010110100,01010011010,01100110111,11110101001,00111011101
10001111011,01001101100,10111100110,10100001111,11101010000,11011000111,11010110100,01010011010,01100110111,11110101001,00111011101
01010011111,10100010011,10001010101,01100001101,11011001001,01111110001,11000100111,10110111100,11111000110,00111101111,01001111010
00011100111,10111110100,01011010100,01101001110,11011100010,00010111010,10011011011,11110000111,11000111101,01111101001,01101110011
00010110011,10101101010,11101110001,01110111100,01101011111,01110000011,11000100111,10110011001,11011010110,01011101001,00111100101
00101011101,01111110001,00011111110,11110011010,01110101111,11000111101,10110110100,11011001100,10101101011,01101100110,10011010111
11011001110,10110101010,00011110111,10001111000,01101101011,11000100101,01100111110,01010111001,11111110000,00111101100,10100011101
01110111101,00111100011,11111010110,10101111000,01101001110,01010111010,10110101110,10110011011,11100100011,11011001001,10001110111
11011001110,10110101010,00011110111,10001111000,01101101011,11000100101,01100111110,01010111001,11111110000,00111101100,10100011101
11011001110,10110101010,00011110111,10001111000,01101101011,11000100101,01100111110,01010111001,11111110000,00111101100,10100011101
00011100111,10111110100,01011010100,01101001110,11011100010,00010111010,10011011011,11110000111,11000111101,01111101001,01101110011
01101100010,00100111111,00011111000,00011001111,01101011100,11010101110,01110110101,11001110111,10111010110,10101101101,11110011011
01111100110,00011011110,11100010100,01110010011,00101110011,00111001101,11011110001,01101111000,01000111101,11001001011,10110101010
11011100010,01101011100,01110010011,10011001111,00010111110,01001111001,11100101111,10110011000,11010110101,00111100101,10101110111
11110100010,01100101100,00101110010,00111010101,01011100110,10101001111,10010111100,01010111011,11111011000,11001100001,11000010110
01111100110,00011011110,11100010100,01110010011,00101110011,00111001101,11011110001,01101111000,01000111101,11001001011,10110101010
00010110011,10101101010,11101110001,01110111100,01101011111,01110000011,11000100111,10110011001,11011010110,01011101001,00111100101
10001111011,01001101100,10111100110,10100001111,11101010000,11011000111,11010110100,01010011010,01100110111,11110101001,00111011101
11011100010,01101011100,01110010011,10011001111,00010111110,01001111001,11100101111,10110011000,11010110101,00111100101,10101110111
01110111101,00111100011,11111010110,10101111000,01101001110,01010111010,10110101110,10110011011,11100100011,11011001001,10001110111
01001101110,00011010111,11011010100,11111100011,10101010110,00111101100,10001011001,01111011010,01100110101,11110001111,10010111010
11110000110,01101011100,10011101100,01010011010,00110101111,10000011111,10111011001,11100111001,01010110101,01001100011,10101110010
01111100110,00011011110,11100010100,01110010011,00101110011,00111001101,11011110001,01101111000,01000111101,11001001011,10110101010
01011001111,01111011000,00101101100,10001011011,10010011110,01000111010,01100011101,00110110011,11011110101,11110101001,11101000110
01011001111,01111011000,00101101100,10001011011,10010011110,01000111010,01100011101,00110110011,11011110101,11110101001,11101000110
01011001111,01111011000,00101101100,10001011011,10010011110,01000111010,01100011101,00110110011,11011110101,11110101001,11101000110
00011100111,10111110100,01011010100,01101001110,11011100010,00010111010,10011011011,11110000111,11000111101,01111101001,01101110011
00111010111101,10100001110,1010110001011,1011111011100,0001011100,01010110011110110,110111001,11111011111111010011110101101010010,101
01010011111,10100010011,10001010101,01100001101,11011001001,01111110001,11000100111,10110111100,11111000110,00111101111,01001111010
10001111011,01001101100,10111100110,10100001111,11101010000,11011000111,11010110100,01010011010,01100110111,11110101001,00111011101
00011011101,01111111000,10110011110,11000111100,10110100101,11101001011,11010110011,01010101110,00100111011,01101010110,10001100010
11110100010,01100101100,00101110010,00111010101,01011100110,10101001111,10010111100,01010111011,11111011000,11001100001,11000010110
11011001110,10110101010,00011110111,10001111000,01101101011,11000100101,01100111110,01010111001,11111110000,00111101100,10100011101
01111100110,00011011110,11100010100,01110010011,00101110011,00111001101,11011110001,01101111000,01000111101,11001001011,10110101010
00111100011,00001111101,11001110001,01110010101,10011010110,11010100100,01100111010,10100110100,11111001000,11100001111,10010111001
11110000110,01101011100,10011101100,01010011010,00110101111,10000011111,10111011001,11100111001,01010110101,01001100011,10101110010
10001111011,01001101100,10111100110,10100001111,11101010000,11011000111,11010110100,01010011010,01100110111,11110101001,00111011101
11110100010,01100101100,00101110010,00111010101,01011100110,10101001111,10010111100,01010111011,11111011000,11001100001,11000010110
11011001110,10110101010,00011110111,10001111000,01101101011,11000100101,01100111110,01010111001,11111110000,00111101100,10100011101
11110100010,01100101100,00101110010,00111010101,01011100110,10101001111,10010111100,01010111011,11111011000,11001100001,11000010110
11011001110,10110101010,00011110111,10001111000,01101101011,11000100101,01100111110,01010111001,11111110000,00111101100,10100011101
11011100010,01101011100,01110010011,10011001111,00010111110,01001111001,11100101111,10110011000,11010110101,00111100101,10101110111
01001101110,00011010111,11011010100,11111100011,10101010110,00111101100,10001011001,01111011010,01100110101,11110001111,10010111010
11110100010,01100101100,00101110010,00111010101,01011100110,10101001111,10010111100,01010111011,11111011000,11001100001,11000010110
00010110011,10101101010,11101110001,01110111100,01101011111,01110000011,11000100111,10110011001,11011010110,01011101001,00111100101
10001111011,01001101100,10111100110,10100001111,11101010000,11011000111,11010110100,01010011010,01100110111,11110101001,00111011101
01010011111,10100010011,10001010101,01100001101,11011001001,01111110001,11000100111,10110111100,11111000110,00111101111,01001111010
01001101110,00011010111,11011010100,11111100011,10101010110,00111101100,10001011001,01111011010,01100110101,11110001111,10010111010
11011100010,01101011100,01110010011,10011001111,00010111110,01001111001,11100101111,10110011000,11010110101,00111100101,10101110111
11011100010,01101011100,01110010011,10011001111,00010111110,01001111001,11100101111,10110011000,11010110101,00111100101,10101110111
01001101110,00011010111,11011010100,11111100011,10101010110,00111101100,10001011001,01111011010,01100110101,11110001111,10010111010
01001101110,00011010111,11011010100,11111100011,10101010110,00111101100,10001011001,01111011010,01100110101,11110001111,10010111010
11110100010,01100101100,00101110010,00111010101,01011100110,10101001111,10010111100,01010111011,11111011000,11001100001,11000010110
00101011101,01111110001,00011111110,11110011010,01110101111,11000111101,10110110100,11011001100,10101101011,01101100110,10011010111
11110000110,01101011100,10011101100,01010011010,00110101111,10000011111,10111011001,11100111001,01010110101,01001100011,10101110010
00011011101,01111111000,10110011110,11000111100,10110100101,11101001011,11010110011,01010101110,00100111011,01101010110,10001100010
11110100010,01100101100,00101110010,00111010101,01011100110,10101001111,10010111100,01010111011,11111011000,11001100001,11000010110
11011100010,01101011100,01110010011,10011001111,00010111110,01001111001,11100101111,10110011000,11010110101,00111100101,10101110111
00011100111,10111110100,01011010100,01101001110,11011100010,00010111010,10011011011,11110000111,11000111101,01111101001,01101110011
11011001110,10110101010,00011110111,10001111000,01101101011,11000100101,01100111110,01010111001,11111110000,00111101100,10100011101
00011100111,10111110100,01011010100,01101001110,11011100010,00010111010,10011011011,11110000111,11000111101,01111101001,01101110011
11110100010,01100101100,00101110010,00111010101,01011100110,10101001111,10010111100,01010111011,11111011000,11001100001,11000010110
00101011101,01111110001,00011111110,11110011010,01110101111,11000111101,10110110100,11011001100,10101101011,01101100110,10011010111
11011001110,10110101010,00011110111,10001111000,01101101011,11000100101,01100111110,01010111001,11111110000,00111101100,10100011101
11011100010,01101011100,01110010011,10011001111,00010111110,01001111001,11100101111,10110011000,11010110101,00111100101,10101110111
01010110010,00011011011,11000010111,01100101011,11111010001,00101110101,10110100011,10110111100,01111000110,11011101101,10001111010
01110111101,00111100011,11111010110,10101111000,01101001110,01010111010,10110101110,10110011011,11100100011,11011001001,10001110111
11011100010,01101011100,01110010011,10011001111,00010111110,01001111001,11100101111,10110011000,11010110101,00111100101,10101110111
10001111011,01001101100,10111100110,10100001111,11101010000,11011000111,11010110100,01010011010,01100110111,11110101001,00111011101
01010011111,10100010011,10001010101,01100001101,11011001001,01111110001,11000100111,10110111100,11111000110,00111101111,01001111010
00011011101,01111111000,10110011110,11000111100,10110100101,11101001011,11010110011,01010101110,00100111011,01101010110,10001100010
01011001111,01111011000,00101101100,10001011011,10010011110,01000111010,01100011101,00110110011,11011110101,11110101001,11101000110
01110111101,00111100011,11111010110,10101111000,01101001110,01010111010,10110101110,10110011011,11100100011,11011001001,10001110111
11011110010,01101101110,01100010111,00010100111,10100111100,11000101001,10001001111,11111000101,01001110101,00111011001,10101100011
00011011101,01111111000,10110011110,11000111100,10110100101,11101001011,11010110011,01010101110,00100111011,01101010110,10001100010
10001111011,01001101100,10111100110,10100001111,11101010000,11011000111,11010110100,01010011010,01100110111,11110101001,00111011101
11011100010,01101011100,01110010011,10011001111,00010111110,01001111001,11100101111,10110011000,11010110101,00111100101,10101110111
11011110010,01101101110,01100010111,00010100111,10100111100,11000101001,10001001111,11111000101,01001110101,00111011001,10101100011
00010110011,10101101010,11101110001,01110111100,01101011111,01110000011,11000100111,10110011001,11011010110,01011101001,00111100101
10001111011,01001101100,10111100110,10100001111,11101010000,11011000111,11010110100,01010011010,01100110111,11110101001,00111011101
11011100010,01101011100,01110010011,10011001111,00010111110,01001111001,11100101111,10110011000,11010110101,00111100101,10101110111
11011001110,10110101010,00011110111,10001111000,01101101011,11000100101,01100111110,01010111001,11111110000,00111101100,10100011101
01001101110,00011010111,11011010100,11111100011,10101010110,00111101100,10001011001,01111011010,01100110101,11110001111,10010111010
01010110010,00011011011,11000010111,01100101011,11111010001,00101110101,10110100011,10110111100,01111000110,11011101101,10001111010
01001101110,00011010111,11011010100,11111100011,10101010110,00111101100,10001011001,01111011010,01100110101,11110001111,10010111010
00011100111,10111110100,01011010100,01101001110,11011100010,00010111010,10011011011,11110000111,11000111101,01111101001,01101110011
01010110010,00011011011,11000010111,01100101011,11111010001,00101110101,10110100011,10110111100,01111000110,11011101101,10001111010
01010110010,00011011011,11000010111,01100101011,11111010001,00101110101,10110100011,10110111100,01111000110,11011101101,10001111010
00101011101,01111110001,00011111110,11110011010,01110101111,11000111101,10110110100,11011001100,10101101011,01101100110,10011010111
00111100011,00001111101,11001110001,01110010101,10011010110,11010100100,01100111010,10100110100,11111001000,11100001111,10010111001
01010110010,00011011011,11000010111,01100101011,11111010001,00101110101,10110100011,10110111100,01111000110,11011101101,10001111010
00010110011,10101101010,11101110001,01110111100,01101011111,01110000011,11000100111,10110011001,11011010110,01011101001,00111100101
01011001111,01111011000,00101101100,10001011011,10010011110,01000111010,01100011101,00110110011,11011110101,11110101001,11101000110
10001111011,01001101100,10111100110,10100001111,11101010000,11011000111,11010110100,01010011010,01100110111,11110101001,00111011101
01111100110,00011011110,11100010100,01110010011,00101110011,00111001101,11011110001,01101111000,01000111101,11001001011,10110101010
11011001110,10110101010,00011110111,10001111000,01101101011,11000100101,01100111110,01010111001,11111110000,00111101100,10100011101
00111100011,00001111101,11001110001,01110010101,10011010110,11010100100,01100111010,10100110100,11111001000,11100001111,10010111001
10001111011,01001101100,10111100110,10100001111,11101010000,11011000111,11010110100,01010011010,01100110111,11110101001,00111011101
11110100010,01100101100,00101110010,00111010101,01011100110,10101001111,10010111100,01010111011,11111011000,11001100001,11000010110
00101011101,01111110001,00011111110,11110011010,01110101111,11000111101,10110110100,11011001100,10101101011,01101100110,10011010111
01001101110,00011010111,11011010100,11111100011,10101010110,00111101100,10001011001,01111011010,01100110101,11110001111,10010111010
00011011101,01111111000,10110011110,11000111100,10110100101,11101001011,11010110011,01010101110,00100111011,01101010110,10001100010
11011001110,10110101010,00011110111,10001111000,01101101011,11000100101,01100111110,01010111001,11111110000,00111101100,10100011101
10001111011,01001101100,10111100110,10100001111,11101010000,11011000111,11010110100,01010011010,01100110111,11110101001,00111011101
01011001111,01111011000,00101101100,10001011011,10010011110,01000111010,01100011101,00110110011,11011110101,11110101001,11101000110
00010110011,10101101010,11101110001,01110111100,01101011111,01110000011,11000100111,10110011001,11011010110,01011101001,00111100101
11011110010,01101101110,01100010111,00010100111,10100111100,11000101001,10001001111,11111000101,01001110101,00111011001,10101100011
00010110011,10101101010,11101110001,01110111100,01101011111,01110000011,11000100111,10110011001,11011010110,01011101001,00111100101
01010011111,10100010011,10001010101,01100001101,11011001001,01111110001,11000100111,10110111100,11111000110,00111101111,01001111010
11011001110,10110101010,00011110111,10001111000,01101101011,11000100101,01100111110,01010111001,11111110000,00111101100,10100011101
11110100010,01100101100,00101110010,00111010101,01011100110,10101001111,10010111100,01010111011,11111011000,11001100001,11000010110
01001101110,00011010111,11011010100,11111100011,10101010110,00111101100,10001011001,01111011010,01100110101,11110001111,10010111010
01010110010,00011011011,11000010111,01100101011,11111010001,00101110101,10110100011,10110111100,01111000110,11011101101,10001111010
01010011111,10100010011,10001010101,01100001101,11011001001,01111110001,11000100111,10110111100,11111000110,00111101111,01001111010
11110000110,01101011100,10011101100,01010011010,00110101111,10000011111,10111011001,11100111001,01010110101,01001100011,10101110010
00011100111,10111110100,01011010100,01101001110,11011100010,00010111010,10011011011,11110000111,11000111101,01111101001,01101110011
00011011101,01111111000,10110011110,11000111100,10110100101,11101001011,11010110011,01010101110,00100111011,01101010110,10001100010
01010011111,10100010011,10001010101,01100001101,11011001001,01111110001,11000100111,10110111100,11111000110,00111101111,01001111010
01010110010,00011011011,11000010111,01100101011,11111010001,00101110101,10110100011,10110111100,01111000110,11011101101,10001111010
10001111011,01001101100,10111100110,10100001111,11101010000,11011000111,11010110100,01010011010,01100110111,11110101001,00111011101
11011100010,01101011100,01110010011,10011001111,00010111110,01001111001,11100101111,10110011000,11010110101,00111100101,10101110111
01010110010,00011011011,11000010111,01100101011,11111010001,00101110101,10110100011,10110111100,01111000110,11011101101,10001111010
11011110010,01101101110,01100010111,00010100111,10100111100,11000101001,10001001111,11111000101,01001110101,00111011001,10101100011
11011100010,01101011100,01110010011,10011001111,00010111110,01001111001,11100101111,10110011000,11010110101,00111100101,10101110111
00011100111,10111110100,01011010100,01101001110,11011100010,00010111010,10011011011,11110000111,11000111101,01111101001,01101110011
00011100111,10111110100,01011010100,01101001110,11011100010,00010111010,10011011011,11110000111,11000111101,01111101001,01101110011
01110111101,00111100011,11111010110,10101111000,01101001110,01010111010,10110101110,10110011011,11100100011,11011001001,10001110111
01101100010,00100111111,00011111000,00011001111,01101011100,11010101110,01110110101,11001110111,10111010110,10101101101,11110011011
11011110010,01101101110,01100010111,00010100111,10100111100,11000101001,10001001111,11111000101,01001110101,00111011001,10101100011
00010110011,10101101010,11101110001,01110111100,01101011111,01110000011,11000100111,10110011001,11011010110,01011101001,00111100101
11110000110,01101011100,10011101100,01010011010,00110101111,10000011111,10111011001,11100111001,01010110101,01001100011,10101110010
01010110010,00011011011,11000010111,01100101011,11111010001,00101110101,10110100011,10110111100,01111000110,11011101101,10001111010
00010110011,10101101010,11101110001,01110111100,01101011111,01110000011,11000100111,10110011001,11011010110,01011101001,00111100101
10001111011,01001101100,10111100110,10100001111,11101010000,11011000111,11010110100,01010011010,01100110111,11110101001,00111011101
01011001111,01111011000,00101101100,10001011011,10010011110,01000111010,01100011101,00110110011,11011110101,11110101001,11101000110
01010011111,10100010011,10001010101,01100001101,11011001001,01111110001,11000100111,10110111100,11111000110,00111101111,01001111010
00011011101,01111111000,10110011110,11000111100,10110100101,11101001011,11010110011,01010101110,00100111011,01101010110,10001100010
11110100010,01100101100,00101110010,00111010101,01011100110,10101001111,10010111100,01010111011,11111011000,11001100001,11000010110
11011110010,01101101110,01100010111,00010100111,10100111100,11000101001,10001001111,11111000101,01001110101,00111011001,10101100011
10001111011,01001101100,10111100110,10100001111,11101010000,11011000111,11010110100,01010011010,01100110111,11110101001,00111011101
11011001110,10110101010,00011110111,10001111000,01101101011,11000100101,01100111110,01010111001,11111110000,00111101100,10100011101
00101011101,01111110001,00011111110,11110011010,01110101111,11000111101,10110110100,11011001100,10101101011,01101100110,10011010111
01110111101,00111100011,11111010110,10101111000,01101001110,01010111010,10110101110,10110011011,11100100011,11011001001,10001110111
01110111101,00111100011,11111010110,10101111000,01101001110,01010111010,10110101110,10110011011,11100100011,11011001001,10001110111
11011110010,01101101110,01100010111,00010100111,10100111100,11000101001,10001001111,11111000101,01001110101,00111011001,10101100011
10001111011,01001101100,10111100110,10100001111,11101010000,11011000111,11010110100,01010011010,01100110111,11110101001,00111011101
00101011101,01111110001,00011111110,11110011010,01110101111,11000111101,10110110100,11011001100,10101101011,01101100110,10011010111
00011011101,01111111000,10110011110,11000111100,10110100101,11101001011,11010110011,01010101110,00100111011,01101010110,10001100010
01001101110,00011010111,11011010100,11111100011,10101010110,00111101100,10001011001,01111011010,01100110101,11110001111,10010111010
11011001110,10110101010,00011110111,10001111000,01101101011,11000100101,01100111110,01010111001,11111110000,00111101100,10100011101
01110111101,00111100011,11111010110,10101111000,01101001110,01010111010,10110101110,10110011011,11100100011,11011001001,10001110111
00101011101,01111110001,00011111110,11110011010,01110101111,11000111101,10110110100,11011001100,10101101011,01101100110,10011010111
11011100010,01101011100,01110010011,10011001111,00010111110,01001111001,11100101111,10110011000,11010110101,00111100101,10101110111
00011011101,01111111000,10110011110,11000111100,10110100101,11101001011,11010110011,01010101110,00100111011,01101010110,10001100010
11110000110,01101011100,10011101100,01010011010,00110101111,10000011111,10111011001,11100111001,01010110101,01001100011,10101110010
01010011111,10100010011,10001010101,01100001101,11011001001,01111110001,11000100111,10110111100,11111000110,00111101111,01001111010
11110100010,01100101100,00101110010,00111010101,01011100110,10101001111,10010111100,01010111011,11111011000,11001100001,11000010110
10001111011,01001101100,10111100110,10100001111,11101010000,11011000111,11010110100,01010011010,01100110111,11110101001,00111011101
01111100110,00011011110,11100010100,01110010011,00101110011,00111001101,11011110001,01101111000,01000111101,11001001011,10110101010
00101011101,01111110001,00011111110,11110011010,01110101111,11000111101,10110110100,11011001100,10101101011,01101100110,10011010111
01110111101,00111100011,11111010110,10101111000,01101001110,01010111010,10110101110,10110011011,11100100011,11011001001,10001110111
0010101,1100,111111000101101,0110011110,01001011010,001111,111001110111011,11111001110011,0110100101,00111100011,1010,1010
11011110010,01101101110,01100010111,00010100111,10100111100,11000101001,10001001111,11111000101,01001110101,00111011001,10101100011
00101011101,01111110001,00011111110,11110011010,01110101111,11000111101,10110110100,11011001100,10101101011,01101100110,10011010111
01110111101,00111100011,11111010110,10101111000,01101001110,01010111010,10110101110,10110011011,11100100011,11011001001,10001110111
01110111101,00111100011,11111010110,10101111000,01101001110,01010111010,10110101110,10110011011,11100100011,11011001001,10001110111
01110111101,00111100011,11111010110,10101111000,01101001110,01010111010,10110101110,10110011011,11100100011,11011001001,10001110111
00010110011,10101101010,11101110001,01110111100,01101011111,01110000011,11000100111,10110011001,11011010110,01011101001,00111100101
11110100010,01100101100,00101110010,00111010101,01011100110,10101001111,10010111100,01010111011,11111011000,11001100001,11000010110
00101011101,01111110001,00011111110,11110011010,01110101111,11000111101,10110110100,11011001100,10101101011,01101100110,10011010111
01101100010,00100111111,00011111000,00011001111,01101011100,11010101110,01110110101,11001110111,10111010110,10101101101,11110011011
00101011101,01111110001,00011111110,11110011010,01110101111,11000111101,10110110100,11011001100,10101101011,01101100110,10011010111
11011100010,01101011100,01110010011,10011001111,00010111110,01001111001,11100101111,10110011000,11010110101,00111100101,10101110111
01101100010,00100111111,00011111000,00011001111,01101011100,11010101110,01110110101,11001110111,10111010110,10101101101,11110011011
01010011111,10100010011,10001010101,01100001101,11011001001,01111110001,11000100111,10110111100,11111000110,00111101111,01001111010
00101011101,01111110001,00011111110,11110011010,01110101111,11000111101,10110110100,11011001100,10101101011,01101100110,10011010111
11110000110,01101011100,10011101100,01010011010,00110101111,10000011111,10111011001,11100111001,01010110101,01001100011,10101110010
11110100010,01100101100,00101110010,00111010101,01011100110,10101001111,10010111100,01010111011,11111011000,11001100001,11000010110
11011100010,01101011100,01110010011,10011001111,00010111110,01001111001,11100101111,10110011000,11010110101,00111100101,10101110111
00010110011,10101101010,11101110001,01110111100,01101011111,01110000011,11000100111,10110011001,11011010110,01011101001,00111100101
00011011101,01111111000,10110011110,11000111100,10110100101,11101001011,11010110011,01010101110,00100111011,01101010110,10001100010
11011100010,01101011100,01110010011,10011001111,00010111110,01001111001,11100101111,10110011000,11010110101,00111100101,10101110111
11011100010,01101011100,01110010011,10011001111,00010111110,01001111001,11100101111,10110011000,11010110101,00111100101,10101110111
00111100011,00001111101,11001110001,01110010101,10011010110,11010100100,01100111010,10100110100,11111001000,11100001111,10010111001
01010110010,00011011011,11000010111,01100101011,11111010001,00101110101,10110100011,10110111100,01111000110,11011101101,10001111010
01010011111,10100010011,10001010101,01100001101,11011001001,01111110001,11000100111,10110111100,11111000110,00111101111,01001111010
01101100010,00100111111,00011111000,00011001111,01101011100,11010101110,01110110101,11001110111,10111010110,10101101101,11110011011
1110100010,,011101110001,11111111,,11010111111100,011111001000011110011001011101011001,1011,1010,10101,00011,11001,1,100110101
01010110010,00011011011,11000010111,01100101011,11111010001,00101110101,10110100011,10110111100,01111000110,11011101101,10001111010
01110111101,00111100011,11111010110,10101111000,01101001110,01010111010,10110101110,10110011011,11100100011,11011001001,10001110111
11011100010,01101011100,01110010011,10011001111,00010111110,01001111001,11100101111,10110011000,11010110101,00111100101,10101110111
00111100011,00001111101,11001110001,01110010101,10011010110,11010100100,01100111010,10100110100,11111001000,11100001111,10010111001
11011100010,01101011100,01110010011,10011001111,00010111110,01001111001,11100101111,10110011000,11010110101,00111100101,10101110111
11011110010,01101101110,01100010111,00010100111,10100111100,11000101001,10001001111,11111000101,01001110101,00111011001,10101100011
01010011111,10100010011,10001010101,01100001101,11011001001,01111110001,11000100111,10110111100,11111000110,00111101111,01001111010
01111100110,00011011110,11100010100,01110010011,00101110011,00111001101,11011110001,01101111000,01000111101,11001001011,10110101010
11011001110,10110101010,00011110111,10001111000,01101101011,11000100101,01100111110,01010111001,11111110000,00111101100,10100011101
01010110010,00011011011,11000010111,01100101011,11111010001,00101110101,10110100011,10110111100,01111000110,11011101101,10001111010
00101011101,01111110001,00011111110,11110011010,01110101111,11000111101,10110110100,11011001100,10101101011,01101100110,10011010111
00111100011,00001111101,11001110001,01110010101,10011010110,11010100100,01100111010,10100110100,11111001000,11100001111,10010111001
00101011101,01111110001,00011111110,11110011010,01110101111,11000111101,10110110100,11011001100,10101101011,01101100110,10011010111
01011001111,01111011000,00101101100,10001011011,10010011110,01000111010,01100011101,00110110011,11011110101,11110101001,11101000110
01010011111,10100010011,10001010101,01100001101,11011001001,01111110001,11000100111,10110111100,11111000110,00111101111,01001111010
01001101110,00011010111,11011010100,11111100011,10101010110,00111101100,10001011001,01111011010,01100110101,11110001111,10010111010
00111100011,00001111101,11001110001,01110010101,10011010110,11010100100,01100111010,10100110100,11111001000,11100001111,10010111001
11011100010,01101011100,01110010011,10011001111,00010111110,01001111001,11100101111,10110011000,11010110101,00111100101,10101110111
11110000110,01101011100,10011101100,01010011010,00110101111,10000011111,10111011001,11100111001,01010110101,01001100011,10101110010
11011001110,10110101010,00011110111,10001111000,01101101011,11000100101,01100111110,01010111001,11111110000,00111101100,10100011101
00011100111,10111110100,01011010100,01101001110,11011100010,00010111010,10011011011,11110000111,11000111101,01111101001,01101110011
01010110010,00011011011,11000010111,01100101011,11111010001,00101110101,10110100011,10110111100,01111000110,11011101101,10001111010
00011100111,10111110100,01011010100,01101001110,11011100010,00010111010,10011011011,11110000111,11000111101,01111101001,01101110011
01010110010,00011011011,11000010111,01100101011,11111010001,00101110101,10110100011,10110111100,01111000110,11011101101,10001111010
01001101110,00011010111,11011010100,11111100011,10101010110,00111101100,10001011001,01111011010,01100110101,11110001111,10010111010
00010110011,10101101010,11101110001,01110111100,01101011111,01110000011,11000100111,10110011001,11011010110,01011101001,00111100101
00101011101,01111110001,00011111110,11110011010,01110101111,11000111101,10110110100,11011001100,10101101011,01101100110,10011010111
10001111011,01001101100,10111100110,10100001111,11101010000,11011000111,11010110100,01010011010,01100110111,11110101001,00111011101
00011100111,10111110100,01011010100,01101001110,11011100010,00010111010,10011011011,11110000111,11000111101,01111101001,01101110011
11011001110,10110101010,00011110111,10001111000,01101101011,11000100101,01100111110,01010111001,11111110000,00111101100,10100011101
00011100111,10111110100,01011010100,01101001110,11011100010,00010111010,10011011011,11110000111,11000111101,01111101001,010101001111
00011011101,01111111000,10110011110,11000111100,10110100101,11101001011,11010110011,01010101110,00100111011,01101010110,10001100010
01001101110,00011010111,11011010100,11111100011,10101010110,00111101100,10001011001,01111011010,01100110101,11110001111,10010111010
01010011111,10100010011,10001010101,01100001101,11011001001,01111110001,11000100111,10110111100,11111000110,00111101111,01001111010
01010011111,10100010011,10001010101,01100001101,11011001001,01111110001,11000100111,10110111100,11111000110,00111101111,01001111010
01010011111,10100010011,10001010101,01100001101,11011001001,01111110001,11000100111,10110111100,11111000110,00111101111,01001111010
01011001111,01111011000,00101101100,10001011011,10010011110,01000111010,01100011101,00110110011,11011110101,11110101001,11101000110
01011001111,01111011000,00101101100,10001011011,10010011110,01000111010,01100011101,00110110011,11011110101,11110101001,11101000110
01010011111,10100010011,10001010101,01100001101,11011001001,01111110001,11000100111,10110111100,11111000110,00111101111,01001111010
01010011111,10100010011,10001010101,01100001101,11011001001,01111110001,11000100111,10110111100,11111000110,00111101111,0100111,1011010
01011001111,01111011000,00101101100,10001011011,10010011110,01000111010,01100011101,00110110011,11011110101,11110101001,11101000110
01001101110,00011010111,11011010100,11111100011,10101010110,00111101100,10001011001,01111011010,01100110101,11110001111,10010111010
11110100010,01100101100,00101110010,00111010101,01011100110,10101001111,10010111100,01010111011,11111011000,11001100001,11000010110
01011001111,01111011000,00101101100,10001011011,10010011110,01000111010,01100011101,00110110011,11011110101,11110101001,11101000110
11110100010,01100101100,00101110010,00111010101,01011100110,10101001111,10010111100,01010111011,11111011000,11001100001,11000010110
01101100010,00100111111,00011111000,00011001111,01101011100,11010101110,01110110101,11001110111,10111010110,10101101101,11110011011
00111100011,00001111101,11001110001,01110010101,10011010110,11010100100,01100111010,10100110100,11111001000,11100001111,10010111001
10001111011,01001101100,10111100110,10100001111,11101010000,11011000111,11010110100,01010011010,01100110111,11110101001,00111011101
01001101110,00011010111,11011010100,11111100011,10101010110,00111101100,10001011001,01111011010,01100110101,11110001111,10010111010
11110000110,01101011100,10011101100,01010011010,00110101111,10000011111,10111011001,11100111001,01010110101,01001100011,10101110010
11110100010,01100101100,00101110010,00111010101,01011100110,10101001111,10010111100,01010111011,11111011000,11001100001,11000010110
00010110011,10101101010,11101110001,01110111100,01101011111,01110000011,11000100111,10110011001,11011010110,01011101001,00111100101
11011100010,01101011100,01110010011,10011001111,00010111110,01001111001,11100101111,10110011000,11010110101,00111100101,10101110111
00011100111,10111110100,01011010100,01101001110,11011100010,00010111010,10011011011,11110000111,11000111101,01111101001,01101110011
00011100111,10111110100,01011010100,01101001110,11011100010,00010111010,10011011011,11110000111,11000111101,01111101001,01101110011
01110111101,00111100011,11111010110,10101111000,01101001110,01010111010,10110101110,10110011011,11100100011,11011001001,10001110111
11011001110,10110101010,00011110111,10001111000,01101101011,11000100101,01100111110,01010111001,11111110000,00111101100,10100011101
01010011111,10100010011,10001010101,01100001101,11011001001,01111110001,11000100111,10110111100,11111000110,00111101111,01001111010
01010011111,10100010011,10001010101,01100001101,11011001001,01111110001,11000100111,10110111100,11111000110,00111101111,01001111010
01010011111,10100010011,10001010101,01100001101,11011001001,01111110001,11000100111,10110111100,11111000110,00111101111,01001111010
00111100011,00001111101,11001110001,01110010101,10011010110,11010100100,01100111010,10100110100,11111001000,11100001111,10010111001
11110100010,01100101100,00101110010,00111010101,01011100110,10101001111,10010111100,01010111011,11111011000,11001100001,11000010110
11110100010,01100101100,00101110010,00111010101,01011100110,10101001111,10010111100,01010111011,11111011000,11001100001,11000010110
00011100111,10111110100,01011010100,01101001110,11011100010,00010111010,10011011011,11110000111,11000111101,01111101001,01101110011
01001101110,00011010111,11011010100,11111100011,10101010110,00111101100,10001011001,01111011010,01100110101,11110001111,10010111010
01101100010,00100111111,00011111000,00011001111,01101011100,11010101110,01110110101,11001110111,10111010110,10101101101,11110011011
00011011101,01111111000,10110011110,11000111100,10110100101,11101001011,11010110011,01010101110,00100111011,01101010110,10001100010
11011100010,01101011100,01110010011,10011001111,00010111110,01001111001,11100101111,10110011000,11010110101,00111100101,10101110111
00011011101,01111111000,10110011110,11000111100,10110100101,11101001011,11010110011,01010101110,00100111011,01101010110,10001100010
01010011111,10100010011,10001010101,01100001101,11011001001,01111110001,11000100111,10110111100,11111000110,00111101111,01001111010
11011001110,10110101010,00011110111,10001111000,01101101011,11000100101,01100111110,01010111001,11111110000,00111101100,10100011101
11110100010,01100101100,00101110010,00111010101,01011100110,10101001111,10010111100,01010111011,11111011000,11001100001,11000010110
11011110010,01101101110,01100010111,00010100111,10100111100,11000101001,10001001111,11111000101,01001110101,00111011001,10101100011
01001101110,00011010111,11011010100,11111100011,10101010110,00111101100,10001011001,01111011010,01100110101,11110001111,10010111010
11110100010,01100101100,00101110010,00111010101,01011100110,10101001111,10010111100,01010111011,11111011000,11001100001,11000010110
01001101110,00011010111,11011010100,11111100011,10101010110,00111101100,10001011001,01111011010,01100110101,11110001111,10010111010
01001101110,00011010111,11011010100,11111100011,10101010110,00111101100,10001011001,01111011010,01100110101,11110001111,10010111010
01001101110,00011010111,11011010100,11111100011,10101010110,00111101100,10001011001,01111011010,01100110101,11110001111,10010111010
00101011101,01111110001,00011111110,11110011010,01110101111,11000111101,10110110100,11011001100,10101101011,01101100110,10011010111
11110100010,01100101100,00101110010,00111010101,01011100110,10101001111,10010111100,01010111011,11111011000,11001100001,11000010110
11110000110,01101011100,10011101100,01010011010,00110101111,10000011111,10111011001,11100111001,01010110101,01001100011,10101110010
10001111011,01001101100,10111100110,10100001111,11101010000,11011000111,11010110100,01010011010,01100110111,11110101001,00111011101
10001111011,01001101100,10111100110,10100001111,11101010000,11011000111,11010110100,01010011010,01100110111,11110101001,00111011101
11110000110,01101011100,10011101100,01010011010,00110101111,10000011111,10111011001,11100111001,01010110101,01001100011,10101110010
01010110010,00011011011,11000010111,01100101011,11111010001,00101110101,10110100011,10110111100,01111000110,11011101101,10001111010
00101011101,01111110001,00011111110,11110011010,01110101111,11000111101,10110110100,11011001100,10101101011,01101100110,10011010111
00101011101,01111110001,00011111110,11110011010,01110101111,11000111101,10110110100,11011001100,10101101011,01101100110,10011010111
11110000110,01101011100,10011101100,01010011010,00110101111,10000011111,10111011001,11100111001,01010110101,01001100011,10101110010
01111100110,00011011110,11100010100,01110010011,00101110011,00111001101,11011110001,01101111000,01000111101,11001001011,10110101010
01110111101,00111100011,11111010110,10101111000,01101001110,01010111010,10110101110,10110011011,11100100011,11011001001,10001110111
01111100110,00011011110,11100010100,01110010011,00101110011,00111001101,11011110001,01101111000,01000111101,11001001011,10110101010
11011100010,01101011100,01110010011,10011001111,00010111110,01001111001,11100101111,10110011000,11010110101,00111100101,10101110111
11110000110,01101011100,10011101100,01010011010,00110101111,10000011111,10111011001,11100111001,01010110101,01001100011,10101110010
01001101110,00011010111,11011010100,11111100011,10101010110,00111101100,10001011001,01111011010,01100110101,11110001111,10010111010
11110000110,01101011100,10011101100,01010011010,00110101111,10000011111,10111011001,11100111001,01010110101,01001100011,10101110010
10001111011,01001101100,10111100110,10100001111,11101010000,11011000111,11010110100,01010011010,01100110111,11110101001,00111011101
00011011101,01111111000,10110011110,11000111100,10110100101,11101001011,11010110011,01010101110,00100111011,01101010110,10001100010
00111100011,00001111101,11001110001,01110010101,10011010110,11010100100,01100111010,10100110100,11111001000,11100001111,10010111001
11011110010,01101101110,01100010111,00010100111,10100111100,11000101001,10001001111,11111000101,01001110101,00111011001,10101100011
11011001110,10110101010,00011110111,10001111000,01101101011,11000100101,01100111110,01010111001,11111110000,00111101100,10100011101
11011001110,10110101010,00011110111,10001111000,01101101011,11000100101,01100111110,01010111001,11111110000,00111101100,10100011101
11110100010,01100101100,00101110010,00111010101,01011100110,10101001111,10010111100,01010111011,11111011000,11001100001,11000010110
11011001110,10110101010,00011110111,10001111000,01101101011,11000100101,01100111110,01010111001,11111110000,00111101100,10100011101
01011001111,01111011000,00101101100,10001011011,10010011110,01000111010,01100011101,00110110011,11011110101,11110101001,11101000110
11011110010,01101101110,01100010111,00010100111,10100111100,11000101001,10001001111,11111000101,01001110101,00111011001,10101100011
01001101110,00011010111,11011010100,11111100011,10101010110,00111101100,10001011001,01111011010,01100110101,11110001111,10010111010
11011001110,10110101010,00011110111,10001111000,01101101011,11000100101,01100111110,01010111001,11111110000,00111101100,10100011101
11011100010,01101011100,01110010011,10011001111,00010111110,01001111001,11100101111,10110011000,11010110101,00111100101,10101110111
01111100110,00011011110,11100010100,01110010011,00101110011,00111001101,11011110001,01101111000,01000111101,11001001011,10110101010
00010110011,10101101010,11101110001,01110111100,01101011111,01110000011,11000100111,10110011001,11011010110,01011101001,00111100101
11011110010,01101101110,01100010111,00010100111,10100111100,11000101001,10001001111,11111000101,01001110101,00111011001,10101100011
11110100010,01100101100,00101110010,00111010101,01011100110,10101001111,10010111100,01010111011,11111011000,11001100001,11000010110
01001101110,00011010111,11011010100,11111100011,10101010110,00111101100,10001011001,01111011010,01100110101,11110001111,10010111010
01001101110,00011010111,11011010100,11111100011,10101010110,00111101100,10001011001,01111011010,01100110101,11110001111,10010111010
11110100010,01100101100,00101110010,00111010101,01011100110,10101001111,10010111100,01010111011,11111011000,11001100001,11000010110
11011100010,01101011100,01110010011,10011001111,00010111110,01001111001,11100101111,10110011000,11010110101,00111100101,10101110111
11110000110,01101011100,10011101100,01010011010,00110101111,10000011111,10111011001,11100111001,01010110101,01001100011,10101110010
01010110010,00011011011,11000010111,01100101011,11111010001,00101110101,10110100011,10110111100,01111000110,11011101101,10001111010
11011100010,01101011100,01110010011,10011001111,00010111110,01001111001,11100101111,10110011000,11010110101,00111100101,10101110111
01001101110,00011010111,11011010100,11111100011,10101010110,00111101100,10001011001,01111011010,01100110101,11110001111,10010111010
00101011101,01111110001,00011111110,11110011010,01110101111,11000111101,10110110100,11011001100,10101101011,01101100110,10011010111
01110111101,00111100011,11111010110,10101111000,01101001110,01010111010,10110101110,10110011011,11100100011,11011001001,10001110111
11011001110,10110101010,00011110111,10001111000,01101101011,11000100101,01100111110,01010111001,11111110000,00111101100,10100011101
11110100010,01100101100,00101110010,00111010101,01011100110,10101001111,10010111100,01010111011,11111011000,11001100001,11000010110
10001111011,01001101100,10111100110,10100001111,11101010000,11011000111,11010110100,01010011010,01100110111,11110101001,00111011101
11011100010,01101011100,01110010011,10011001111,00010111110,01001111001,11100101111,10110011000,11010110101,00111100101,10101110111
11011110010,01101101110,01100010111,00010100111,10100111100,11000101001,10001001111,11111000101,01001110101,00111011001,10101100011
00010110011,10101101010,11101110001,01110111100,01101011111,01110000011,11000100111,10110011001,11011010110,01011101001,00111100101
11110100010,01100101100,00101110010,00111010101,01011100110,10101001111,10010111100,01010111011,11111011000,11001100001,11000010110
11110100010,01100101100,00101110010,00111010101,01011100110,10101001111,10010111100,01010111011,11111011000,11001100001,11000010110
00010110011,10101101010,11101110001,01110111100,01101011111,01110000011,11000100111,10110011001,11011010110,01011101001,00111100101
111101100011,1000001111100101110011,01101001111,10011001100,1100110,100110111011,10101110111010101111010110101,01110011,01110011000110
00101011101,01111110001,00011111110,11110011010,01110101111,11000111101,10110110100,11011001100,10101101011,01101100110,10011010111
00111100011,00001111101,11001110001,01110010101,10011010110,11010100100,01100111010,10100110100,11111001000,11100001111,10010111001
11011110010,01101101110,01100010111,00010100111,10100111100,11000101001,10001001111,11111000101,01001110101,00111011001,10101100011
10001111011,01001101100,10111100110,10100001111,11101010000,11011000111,11010110100,01010011010,01100110111,11110101001,00111011101
01111100110,00011011110,11100010100,01110010011,00101110011,00111001101,11011110001,01101111000,01000111101,11001001011,10110101010
00010110011,10101101010,11101110001,01110111100,01101011111,01110000011,11000100111,10110011001,11011010110,01011101001,00111100101
01110111101,00111100011,11111010110,10101111000,01101001110,01010111010,10110101110,10110011011,11100100011,11011001001,10001110111
01011001111,01111011000,00101101100,10001011011,10010011110,01000111010,01100011101,00110110011,11011110101,11110101001,11101000110
11011100010,01101011100,01110010011,10011001111,00010111110,01001111001,11100101111,10110011000,11010110101,00111100101,10101110111
11110000110,01101011100,10011101100,01010011010,00110101111,10000011111,10111011001,11100111001,01010110101,01001100011,10101110010
11011110010,01101101110,01100010111,00010100111,10100111100,11000101001,10001001111,11111000101,01001110101,00111011001,10101100011
11011001110,10110101010,00011110111,10001111000,01101101011,11000100101,01100111110,01010111001,11111110000,00111101100,10100011101
01011001111,01111011000,00101101100,10001011011,10010011110,01000111010,01100011101,00110110011,11011110101,11110101001,11101000110
00101011101,01111110001,00011111110,11110011010,01110101111,11000111101,10110110100,11011001100,10101101011,01101100110,10011010111
1010011010,0011110110100011,11000111,1000111011111010011,00011,110001111,1101011010110110100,110110101101011,111101,001011000110111001
11110000110,01101011100,10011101100,01010011010,00110101111,10000011111,10111011001,11100111001,01010110101,01001100011,10101110010
10001111011,01001101100,10111100110,10100001111,11101010000,11011000111,11010110100,01010011010,01100110111,11110101001,00111011101
01111100110,00011011110,11100010100,01110010011,00101110011,00111001101,11011110001,01101111000,01000111101,11001001011,10110101010
11011011,011001110101,1111001011101,111100110,1110101,0110111010,1011010110110010000001111011,11000101,11100011101011,1111
01111100110,00011011110,11100010100,01110010011,00101110011,00111001101,11011110001,01101111000,01000111101,11001001011,10110101010
11110100010,01100101100,00101110010,00111010101,01011100110,10101001111,10010111100,01010111011,11111011000,11001100001,11000010110
10001111011,01001101100,10111100110,10100001111,11101010000,11011000111,11010110100,01010011010,01100110111,11110101001,00111011101
11011110010,01101101110,01100010111,00010100111,10100111100,11000101001,10001001111,11111000101,01001110101,00111011001,10101100011
00010110011,10101101010,11101110001,01110111100,01101011111,01110000011,11000100111,10110011001,11011010110,01011101001,00111100101
00111100011,00001111101,11001110001,01110010101,10011010110,11010100100,01100111010,10100110100,11111001000,11100001111,10010111001
11011110010,01101101110,01100010111,00010100111,10100111100,11000101001,10001001111,11111000101,01001110101,00111011001,10101100011
01010110010,00011011011,11000010111,01100101011,11111010001,00101110101,10110100011,10110111100,01111000110,11011101101,10001111010
00011100111,10111110100,01011010100,01101001110,11011100010,00010111010,10011011011,11110000111,11000111101,01111101001,01101110011
11011100010,01101011100,01110010011,10011001111,00010111110,01001111001,11100101111,10110011000,11010110101,00111100101,10101110111
01010011111,10100010011,10001010101,01100001101,11011001001,01111110001,11000100111,10110111100,11111000110,00111101111,01001111010
11011100010,01101011100,01110010011,10011001111,00010111110,01001111001,11100101111,10110011000,11010110101,00111100101,10101110111
01010011111,10100010011,10001010101,01100001101,11011001001,01111110001,11000100111,10110111100,11111000110,00111101111,01001111010
01010110010,00011011011,11000010111,01100101011,11111010001,00101110101,10110100011,10110111100,01111000110,11011101101,10001111010
00011100111,10111110100,01011010100,01101001110,11011100010,00010111010,10011011011,11110000111,11000111101,01111101001,01101110011
01111100110,00011011110,11100010100,01110010011,00101110011,00111001101,11011110001,01101111000,01000111101,11001001011,10110101010
11011100010,01101011100,01110010011,10011001111,00010111110,01001111001,11100101111,10110011000,11010110101,00111100101,10101110111
01011001111,01111011000,00101101100,10001011011,10010011110,01000111010,01100011101,00110110011,11011110101,11110101001,11101000110
11011100010,01101011100,01110010011,10011001111,00010111110,01001111001,11100101111,10110011000,11010110101,00111100101,10101110111
11011100010,01101011100,01110010011,10011001111,00010111110,01001111001,11100101111,10110011000,11010110101,00111100101,10101110111
01101100010,00100111111,00011111000,00011001111,01101011100,11010101110,01110110101,11001110111,10111010110,10101101101,11110011011
11011001110,10110101010,00011110111,10001111000,01101101011,11000100101,01100111110,01010111001,11111110000,00111101100,10100011101
11011100010,01101011100,01110010011,10011001111,00010111110,01001111001,11100101111,10110011000,11010110101,00111100101,10101110111
00101011101,01111110001,00011111110,11110011010,01110101111,11000111101,10110110100,11011001100,10101101011,01101100110,10011010111
00010110011,10101101010,11101110001,01110111100,01101011111,01110000011,11000100111,10110011001,11011010110,01011101001,00111100101
01001101110,00011010111,11011010100,11111100011,10101010110,00111101100,10001011001,01111011010,01100110101,11110001111,10010111010
10001111011,01001101100,10111100110,10100001111,11101010000,11011000111,11010110100,01010011010,01100110111,11110101001,00111011101
01001101110,00011010111,11011010100,11111100011,10101010110,00111101100,10001011001,01111011010,01100110101,11110001111,10010111010
11011100010,01101011100,01110010011,10011001111,00010111110,01001111001,11100101111,10110011000,11010110101,00111100101,10101110111
00011100111,10111110100,01011010100,01101001110,11011100010,00010111010,10011011011,11110000111,11000111101,01111101001,01101110011
01110111101,00111100011,11111010110,10101111000,01101001110,01010111010,10110101110,10110011011,11100100011,11011001001,10001110111
01010110010,00011011011,11000010111,01100101011,11111010001,00101110101,10110100011,10110111100,01111000110,11011101101,10001111010
01101100010,00100111111,00011111000,00011001111,01101011100,11010101110,01110110101,11001110111,10111010110,10101101101,11110011011
00101011101,01111110001,00011111110,11110011010,01110101111,11000111101,10110110100,11011001100,10101101011,01101100110,10011010111
01111100110,00011011110,11100010100,01110010011,00101110011,00111001101,11011110001,01101111000,01000111101,11001001011,10110101010
10001111011,01001101100,10111100110,10100001111,11101010000,11011000111,11010110100,01010011010,01100110111,11110101001,00111011101
01110111101,00111100011,11111010110,10101111000,01101001110,01010111010,10110101110,10110011011,11100100011,11011001001,10001110111
01010011111,10100010011,10001010101,01100001101,11011001001,01111110001,11000100111,10110111100,11111000110,00111101111,01001111010
01010011111,10100010011,10001010101,01100001101,11011001001,01111110001,11000100111,10110111100,11111000110,00111101111,01001111010
01011001111,01111011000,00101101100,10001011011,10010011110,01000111010,01100011101,00110110011,11011110101,11110101001,11101000110
11110000110,01101011100,10011101100,01010011010,00110101111,10000011111,10111011001,11100111001,01010110101,01001100011,10101110010
01010011111,10100010011,10001010101,01100001101,11011001001,01111110001,11000100111,10110111100,11111000110,00111101111,01001111010
11110100010,01100101100,00101110010,00111010101,01011100110,10101001111,10010111100,01010111011,11111011000,11001100001,11000010110
00011100111,10111110100,01011010100,01101001110,11011100010,00010111010,10011011011,11110000111,11000111101,01111101001,01101110011
01011001111,01111011000,00101101100,10001011011,10010011110,01000111010,01100011101,00110110011,11011110101,11110101001,11101000110
01001101110,00011010111,11011010100,11111100011,10101010110,00111101100,10001011001,01111011010,01100110101,11110001111,10010111010
11011110010,01101101110,01100010111,00010100111,10100111100,11000101001,10001001111,11111000101,01001110101,00111011001,10101100011
01010011111,10100010011,10001010101,01100001101,11011001001,01111110001,11000100111,10110111100,11111000110,00111101111,01001111010
11011001110,10110101010,00011110111,10001111000,01101101011,11000100101,01100111110,01010111001,11111110000,00111101100,10100011101
00101011101,01111110001,00011111110,11110011010,01110101111,11000111101,10110110100,11011001100,10101101011,01101100110,10011010111
00101011101,01111110001,00011111110,11110011010,01110101111,11000111101,10110110100,11011001100,10101101011,01101100110,10011010111
11011001110,10110101010,00011110111,10001111000,01101101011,11000100101,01100111110,01010111001,11111110000,00111101100,10100011101
11110000110,01101011100,10011101100,01010011010,00110101111,10000011111,10111011001,11100111001,01010110101,01001100011,10101110010
00010110011,10101101010,11101110001,01110111100,01101011111,01110000011,11000100111,10110011001,11011010110,01011101001,00111100101
01010110010,00011011011,11000010111,01100101011,11111010001,00101110101,10110100011,10110111100,01111000110,11011101101,10001111010
10001111011,01001101100,10111100110,10100001111,11101010000,11011000111,11010110100,01010011010,01100110111,11110101001,00111011101
00011011101,01111111000,10110011110,11000111100,10110100101,11101001011,11010110011,01010101110,00100111011,01101010110,10001100010
00011011101,01111111000,10110011110,11000111100,10110100101,11101001011,11010110011,01010101110,00100111011,01101010110,10001100010
01010011111,10100010011,10001010101,01100001101,11011001001,01111110001,11000100111,10110111100,11111000110,00111101111,01001111010
11011001110,10110101010,00011110111,10001111000,01101101011,11000100101,01100111110,01010111001,11111110000,00111101100,10100011101
00101011101,01111110001,00011111110,11110011010,01110101111,11000111101,10110110100,11011001100,10101101011,01101100110,10011010111
11011100010,01101011100,01110010011,10011001111,00010111110,01001111001,11100101111,10110011000,11010110101,00111100101,10101110111
01010110010,00011011011,11000010111,01100101011,11111010001,00101110101,10110100011,10110111100,01111000110,11011101101,10001111010
11110100010,01100101100,00101110010,00111010101,01011100110,10101001111,10010111100,01010111011,11111011000,11001100001,11000010110
00111100011,00001111101,11001110001,01110010101,10011010110,11010100100,01100111010,10100110100,11111001000,11100001111,10010111001
00111100011,00001111101,11001110001,01110010101,10011010110,11010100100,01100111010,10100110100,11111001000,11100001111,10010111001
11110100010,01100101100,00101110010,00111010101,01011100110,10101001111,10010111100,01010111011,11111011000,11001100001,11000010110
00011100111,10111110100,01011010100,01101001110,11011100010,00010111010,10011011011,11110000111,11000111101,01111101001,01101110011
10001111011,01001101100,10111100110,10100001111,11101010000,11011000111,11010110100,01010011010,01100110111,11110101001,00111011101
01110111101,00111100011,11111010110,10101111000,01101001110,01010111010,10110101110,10110011011,11100100011,11011001001,10001110111
00010110011,10101101010,11101110001,01110111100,01101011111,01110000011,11000100111,10110011001,11011010110,01011101001,00111100101
00011100111,10111110100,01011010100,01101001110,11011100010,00010111010,10011011011,11110000111,11000111101,01111101001,01101110011
01001101110,00011010111,11011010100,11111100011,10101010110,00111101100,10001011001,01111011010,01100110101,11110001111,10010111010
11011110010,01101101110,01100010111,00010100111,10100111100,11000101001,10001001111,11111000101,01001110101,00111011001,10101100011
00010110011,10101101010,11101110001,01110111100,01101011111,01110000011,11000100111,10110011001,11011010110,01011101001,00111100101
11110100010,01100101100,00101110010,00111010101,01011100110,10101001111,10010111100,01010111011,11111011000,11001100001,11000010110
11110100010,01100101100,00101110010,00111010101,01011100110,10101001111,10010111100,01010111011,11111011000,11001100001,11000010110
00111100011,00001111101,11001110001,01110010101,10011010110,11010100100,01100111010,10100110100,11111001000,11100001111,10010111001
11110000110,01101011100,10011101100,01010011010,00110101111,10000011111,10111011001,11100111001,01010110101,01001100011,10101110010
01110111101,00111101110,1111101011,101000101111000,01101001110,010111010,011100001110,0111100110011011,11100100011,1101100111011,1001110111
00111100011,00001111101,11001110001,01110010101,10011010110,11010100100,01100111010,10100110100,11111001000,11100001111,10010111001
00101011101,01111110001,00011111110,11110011010,01110101111,11000111101,10110110100,11011001100,10101101011,01101100110,10011010111
01101100010,00100111111,00011111000,00011001111,01101011100,11010101110,01110110101,11001110111,10111010110,10101101101,11110011011
00011011101,01111111000,10110011110,11000111100,10110100101,11101001011,11010110011,01010101110,00100111011,01101010110,10001100010
11011001110,10110101010,00011110111,10001111000,01101101011,11000100101,01100111110,01010111001,11111110000,00111101100,10100011101
00010110011,10101101010,11101110001,01110111100,01101011111,01110000011,11000100111,10110011001,11011010110,01011101001,00111100101
00111100011,00001111101,11001110001,01110010101,10011010110,11010100100,01100111010,10100110100,11111001000,11100001111,10010111001
11011100010,01101011100,01110010011,10011001111,00010111110,01001111001,11100101111,10110011000,11010110101,00111100101,10101110111
00111100011,00001111101,11001110001,01110010101,10011010110,11010100100,01100111010,10100110100,11111001000,11100001111,10010111001
00011100111,10111110100,01011010100,01101001110,11011100010,00010111010,10011011011,11110000111,11000111101,01111101001,01101110011
11110100010,01100101100,00101110010,00111010101,01011100110,10101001111,10010111100,01010111011,11111011000,11001100001,11000010110
01110111101,00111100011,11111010110,10101111000,01101001110,01010111010,10110101110,10110011011,11100100011,11011001001,10001110111
11011100010,01101011100,01110010011,10011001111,00010111110,01001111001,11100101111,10110011000,11010110101,00111100101,10101110111
11011110010,01101101110,01100010111,00010100111,10100111100,11000101001,10001001111,11111000101,01001110101,00111011001,10101100011
01001101110,00011010111,11011010100,11111100011,10101010110,00111101100,10001011001,01111011010,01100110101,11110001111,10010111010
01110111101,00111100011,11111010110,10101111000,01101001110,01010111010,10110101110,10110011011,11100100011,11011001001,10001110111
00101011101,01111110001,00011111110,11110011010,01110101111,11000111101,10110110100,11011001100,10101101011,01101100110,10011010111
01010011111,10100010011,10001010101,01100001101,11011001001,01111110001,11000100111,10110111100,11111000110,00111101111,01001111010
10001111011,01001101100,10111100110,10100001111,11101010000,11011000111,11010110100,01010011010,01100110111,11110101001,00111011101
11110000110,01101011100,10011101100,01010011010,00110101111,10000011111,10111011001,11100111001,01010110101,01001100011,10101110010
01011001111,01111011000,00101101100,10001011011,10010011110,01000111010,01100011101,00110110011,11011110101,11110101001,11101000110
11011100010,01101011100,01110010011,10011001111,00010111110,01001111001,11100101111,10110011000,11010110101,00111100101,10101110111
01010011111,10100010011,10001010101,01100001101,11011001001,01111110001,11000100111,10110111100,11111000110,00111101111,01001111010
11011100010,01101011100,01110010011,10011001111,00010111110,01001111001,11100101111,10110011000,11010110101,00111100101,10101110111
01011001111,01111011000,00101101100,10001011011,10010011110,01000111010,01100011101,00110110011,11011110101,11110101001,11101000110
00011011101,01111111000,10110011110,11000111100,10110100101,11101001011,11010110011,01010101110,00100111011,01101010110,10001100010
10001111011,01001101100,10111100110,10100001111,11101010000,11011000111,11010110100,01010011010,01100110111,11110101001,00111011101
01111100110,00011011110,11100010100,01110010011,00101110011,00111001101,11011110001,01101111000,01000111101,11001001011,10110101010
11011001110,10110101010,00011110111,10001111000,01101101011,11000100101,01100111110,01010111001,11111110000,00111101100,10100011101
00011011101,01111111000,10110011110,11000111100,10110100101,11101001011,11010110011,01010101110,00100111011,01101010110,10001100010
00011011101,01111111000,10110011110,11000111100,10110100101,11101001011,11010110011,01010101110,00100111011,01101010110,10001100010
00010110011,10101101010,11101110001,01110111100,01101011111,01110000011,11000100111,10110011001,11011010110,01011101001,00111100101
00011011101,01111111000,10110011110,11000111100,10110100101,11101001011,11010110011,01010101110,00100111011,01101010110,10001100010
01110111101,00111100011,11111010110,10101111000,01101001110,01010111010,10110101110,10110011011,11100100011,11011001001,10001110111
11011100010,01101011100,01110010011,10011001111,00010111110,01001111001,11100101111,10110011000,11010110101,00111100101,10101110111
00011100111,10111110100,01011010100,01101001110,11011100010,00010111010,10011011011,11110000111,11000111101,01111101001,01101110011
01010110010,00011011011,11000010111,01100101011,11111010001,00101110101,10110100011,10110111100,01111000110,11011101101,10001111010
00011100111,10111110100,01011010100,01101001110,11011100010,00010111010,10011011011,11110000111,11000111101,01111101001,01101110011
01001101110,00011010111,11011010100,11111100011,10101010110,00111101100,10001011001,01111011010,01100110101,11110001111,10010111010
00010110011,10101101010,11101110001,01110111100,01101011111,01110000011,11000100111,10110011001,11011010110,01011101001,00111100101
00011011101,01111111000,10110011110,11000111100,10110100101,11101001011,11010110011,01010101110,00100111011,01101010110,10001100010
01110111101,00111100011,11111010110,10101111000,01101001110,01010111010,10110101110,10110011011,11100100011,11011001001,10001110111
00011100111,10111110100,01011010100,01101001110,11011100010,00010111010,10011011011,11110000111,11000111101,01111101001,01101110011
01010110010,00011011011,11000010111,01100101011,11111010001,00101110101,10110100011,10110111100,01111000110,11011101101,10001111010
10001111011,01001101100,10111100110,10100001111,11101010000,11011000111,11010110100,01010011010,01100110111,11110101001,00111011101
10001111011,01001101100,10111100110,10100001111,11101010000,11011000111,11010110100,01010011010,01100110111,11110101001,00111011101
01110111101,00111100011,11111010110,10101111000,01101001110,01010111010,10110101110,10110011011,11100100011,11011001001,10001110111
10001111011,01001101100,10111100110,10100001111,11101010000,11011000111,11010110100,01010011010,01100110111,11110101001,00111011101
11011110010,01101101110,01100010111,00010100111,10100111100,11000101001,10001001111,11111000101,01001110101,00111011001,10101100011
00101011101,01111110001,00011111110,11110011010,01110101111,11000111101,10110110100,11011001100,10101101011,01101100110,10011010111
11011001110,10110101010,00011110111,10001111000,01101101011,11000100101,01100111110,01010111001,11111110000,00111101100,10100011101
00010110011,10101101010,11101110001,01110111100,01101011111,01110000011,11000100111,10110011001,11011010110,01011101001,00111100101
11110100010,01100101100,00101110010,00111010101,01011100110,10101001111,10010111100,01010111011,11111011000,11001100001,11000010110
00010110011,10101101010,11101110001,01110111100,01101011111,01110000011,11000100111,10110011001,11011010110,01011101001,00111100101
00011011101,01111111000,10110011110,11000111100,10110100101,11101001011,11010110011,01010101110,00100111011,01101010110,10001100010
11110100010,01100101100,00101110010,00111010101,01011100110,10101001111,10010111100,01010111011,11111011000,11001100001,11000010110
00101011101,01111110001,00011111110,11110011010,01110101111,11000111101,10110110100,11011001100,10101101011,01101100110,10011010111
10001111011,01001101100,10111100110,10100001111,11101010000,11011000111,11010110100,01010011010,01100110111,11110101001,00111011101
11011001110,10110101010,00011110111,10001111000,01101101011,11000100101,01100111110,01010111001,11111110000,00111101100,10100011101
01010011111,10100010011,10001010101,01100001101,11011001001,01111110001,11000100111,10110111100,11111000110,00111101111,01001111010
01101100010,00100111111,00011111000,00011001111,01101011100,11010101110,01110110101,11001110111,10111010110,10101101101,11110011011
00011011101,01111111000,10110011110,11000111100,10110100101,11101001011,11010110011,01010101110,00100111011,01101010110,10001100010
01011001111,01111011000,00101101100,10001011011,10010011110,01000111010,01100011101,00110110011,11011110101,11110101001,11101000110
01111100110,00011011110,11100010100,01110010011,00101110011,00111001101,11011110001,01101111000,01000111101,11001001011,10110101010
00011100111,10111110100,01011010100,01101001110,11011100010,00010111010,10011011011,11110000111,11000111101,01111101001,01101110011
01011001111,01111011000,00101101100,10001011011,10010011110,01000111010,01100011101,00110110011,11011110101,11110101001,11101000110
00111100011,00001111101,11001110001,01110010101,10011010110,11010100100,01100111010,10100110100,11111001000,11100001111,10010111001
01011100111,01111100001,0100101011,011011001,1,10101101011110,00110,10110110101101100111001,1010,01,00110110110101110111
1101010,101011111000,1100110,011111000101,10010111000101111,01001111010,0011111011001,0111001,001,0101011011001,1,1000111011,1001000111001
11010110010,101101101110,01100010111,0101,0011110011,11101011000100111,10001001111,110,11001,01110110,00111011001,1010011110,1101
00101011101,01111110001,00011111110,11110011010,01110101111,11000111101,10110110100,11011001100,10101101011,01101100110,10011010111
11011110010,01101101110,01100010111,00010100111,10100111100,11000101001,10001001111,11111000101,01001110101,00111011001,10101100011
00101011101,01111110001,00011111110,11110011010,01110101111,11000111101,10110110100,11011001100,10101101011,01101100110,10011010111
01010011111,10100010011,10001010101,01100001101,11011001001,01111110001,11000100111,10110111100,11111000110,00111101111,01001111010
00010110011,10101101010,11101110001,01110111100,01101011111,01110000011,11000100111,10110011001,11011010110,01011101001,00111100101
00101011101,01111110001,00011111110,11110011010,01110101111,11000111101,10110110100,11011001100,10101101011,01101100110,10011010111
11011100010,01101011100,01110010011,10011001111,00010111110,01001111001,11100101111,10110011000,11010110101,00111100101,10101110111
11110100010,01100101100,00101110010,00111010101,01011100110,10101001111,10010111100,01010111011,11111011000,11001100001,11000010110
11011100010,01101011100,01110010011,10011001111,00010111110,01001111001,11100101111,10110011000,11010110101,00111100101,10101110111
00101011101,01111110001,00011111110,11110011010,01110101111,11000111101,10110110100,11011001100,10101101011,01101100110,10011010111
01111100110,00011011110,11100010100,01110010011,00101110011,00111001101,11011110001,01101111000,01000111101,11001001011,10110101010
01001101110,00011010111,11011010100,11111100011,10101010110,00111101100,10001011001,01111011010,01100110101,11110001111,10010111010
11011110010,01101101110,01100010111,00010100111,10100111100,11000101001,10001001111,11111000101,01001110101,00111011001,10101100011
01001101110,00011010111,11011010100,11111100011,10101010110,00111101100,10001011001,01111011010,01100110101,11110001111,10010111010
01111100110,00011011110,11100010100,01110010011,00101110011,00111001101,11011110001,01101111000,01000111101,11001001011,10110101010
01010011111,10100010011,10001010101,01100001101,11011001001,01111110001,11000100111,10110111100,11111000110,00111101111,01001111010
01011001111,01111011000,00101101100,10001011011,10010011110,01000111010,01100011101,00110110011,11011110101,11110101001,11101000110
01110111101,00111100011,11111010110,10101111000,01101001110,01010111010,10110101110,10110011011,11100100011,11011001001,10001110111
11110100010,01100101100,00101110010,00111010101,01011100110,10101001111,10010111100,01010111011,11111011000,11001100001,11000010110
10001111011,01001101100,10111100110,10100001111,11101010000,11011000111,11010110100,01010011010,01100110111,11110101001,00111011101
10001111011,01001101100,10111100110,10100001111,11101010000,11011000111,11010110100,01010011010,01100110111,11110101001,00111011101
11011001110,10110101010,00011110111,10001111000,01101101011,11000100101,01100111110,01010111001,11111110000,00111101100,10100011101
01010011111,10100010011,10001010101,01100001101,11011001001,01111110001,11000100111,10110111100,11111000110,00111101111,01001111010
00011100111,10111110100,01011010100,01101001110,11011100010,00010111010,10011011011,11110000111,11000111101,01111101001,01101110011
11011100010,01101011100,01110010011,10011001111,00010111110,01001111001,11100101111,10110011000,11010110101,00111100101,10101110111
11011110010,01101101110,01100010111,00010100111,10100111100,11000101001,10001001111,11111000101,01001110101,00111011001,10101100011
01110111101,00111100011,11111010110,10101111000,01101001110,01010111010,10110101110,10110011011,11100100011,11011001001,10001110111
01101100010,00100111111,00011111000,00011001111,01101011100,11010101110,01110110101,11001110111,10111010110,10101101101,11110011011
01010011111,10100010011,10001010101,01100001101,11011001001,01111110001,11000100111,10110111100,11111000110,00111101111,01001111010
10001111011,01001101100,10111100110,10100001111,11101010000,11011000111,11010110100,01010011010,01100110111,11110101001,00111011101
11011100010,01101011100,01110010011,10011001111,00010111110,01001111001,11100101111,10110011000,11010110101,00111100101,10101110111
11110100010,01100101100,00101110010,00111010101,01011100110,10101001111,10010111100,01010111011,11111011000,11001100001,11000010110
01110111101,00111100011,11111010110,10101111000,01101001110,01010111010,10110101110,10110011011,11100100011,11011001001,10001110111
10001111011,01001101100,10111100110,10100001111,11101010000,11011000111,11010110100,01010011010,01100110111,11110101001,00111011101
01010011111,10100010011,10001010101,01100001101,11011001001,01111110001,11000100111,10110111100,11111000110,00111101111,01001111010
00011100111,10111110100,01011010100,01101001110,11011100010,00010111010,10011011011,11110000111,11000111101,01111101001,01101110011
11011100010,01101011100,01110010011,10011001111,00010111110,01001111001,11100101111,10110011000,11010110101,00111100101,10101110111
01011001111,01111011000,00101101100,10001011011,10010011110,01000111010,01100011101,00110110011,11011110101,11110101001,11101000110
01010110010,00011011011,11000010111,01100101011,11111010001,00101110101,10110100011,10110111100,01111000110,11011101101,10001111010
00111100011,00001111101,11001110001,01110010101,10011010110,11010100100,01100111010,10100110100,11111001000,11100001111,10010111001
00011011101,01111111000,10110011110,11000111100,10110100101,11101001011,11010110011,01010101110,00100111011,01101010110,10001100010
01101100010,00100111111,00011111000,00011001111,01101011100,11010101110,01110110101,11001110111,10111010110,10101101101,11110011011
01001101110,00011010111,11011010100,11111100011,10101010110,00111101100,10001011001,01111011010,01100110101,11110001111,10010111010
01010110010,00011011011,11000010111,01100101011,11111010001,00101110101,10110100011,10110111100,01111000110,11011101101,10001111010
00011100111,10111110100,01011010100,01101001110,11011100010,00010111010,10011011011,11110000111,11000111101,01111101001,01101110011
00010110011,10101101010,11101110001,01110111100,01101011111,01110000011,11000100111,10110011001,11011010110,01011101001,00111100101
01001101110,00011010111,11011010100,11111100011,10101010110,00111101100,10001011001,01111011010,01100110101,11110001111,10010111010
11011110010,01101101110,01100010111,00010100111,10100111100,11000101001,10001001111,11111000101,01111,001111,111110101011,100101
01111100110,00011011110,11100010100,01110010011,0010111001111,00111001101,11011110001,01101111000,01000111101,11001001011,10110101010
10001111011,01001101100,10111100110,10100001111,11101010000,11011000111,11010110100,01010011010,01100110111,11110101001,00111011101
01110111101,00111100011,11111010110,10101111000,01101001110,01010111010,10110101110,10110011011,11100100011,11011001001,10001110111
00011011101,01111111000,10110011110,11000111100,10110100101,11101001011,11010110011,01010101110,00100111011,01101010110,10001100010
00111100011,00001111101,11001110001,01110010101,10011010110,11010100100,01100111010,10100110100,11111001000,11100001111,10010111001
01011001111,01111011000,00101101100,10001011011,10010011110,01000111010,01100011101,00110110011,11011110101,11110101001,11101000110
11110000110,01101011100,10011101100,01010011010,00110101111,10000011111,10111011001,11100111001,01010110101,01001100011,10101110010
00101011101,01111110001,00011111110,11110011010,01110101111,11000111101,10110110100,11011001100,10101101011,01101100110,10011010111
11110000110,01101011100,10011101100,01010011010,00110101111,10000011111,10111011001,11100111001,01010110101,01001100011,10101110010
11011110010,01101101110,01100010111,00010100111,10100111100,11000101001,10001001111,11111000101,01001110101,00111011001,10101100011
01111100110,00011011110,11100010100,01110010011,00101110011,00111001101,11011110001,01101111000,01000111101,11001001011,10110101010
01010110010,00011011011,11000010111,01100101011,11111010001,00101110101,10110100011,10110111100,01111000110,11011101101,10001111010
01110111101,00111100011,11111010110,10101111000,01101001110,01010111010,10110101110,10110011011,11100100011,11011001001,10001110111
10001111011,01001101100,10111100110,10100001111,11101010000,11011000111,11010110100,01010011010,01100110111,11110101001,00111011101
10001111011,01001101100,10111100110,10100001111,11101010000,11011000111,11010110100,01010011010,01100110111,11110101001,00111011101
00010110011,10101101010,11101110001,01110111100,01101011111,01110000011,11000100111,10110011001,11011010110,01011101001,00111100101
00011011101,01111111000,10110011110,11000111100,10110100101,11101001011,11010110011,01010101110,00100111011,01101010110,10001100010
00010110011,10101101010,11101110001,01110111100,01101011111,01110000011,11000100111,10110011001,11011010110,01011101001,00111100101
00101011101,01111110001,00011111110,11110011010,01110101111,11000111101,10110110100,11011001100,10101101011,01101100110,10011010111
01001101110,00011010111,11011010100,11111100011,10101010110,00111101100,10001011001,01111011010,01100110101,11110001111,10010111010
11110100010,01100101100,00101110010,00111010101,01011100110,10101001111,10010111100,01010111011,11111011000,11001100001,11000010110
00010110011,10101101010,11101110001,01110111100,01101011111,01110000011,11000100111,10110011001,11011010110,01011101001,00111100101
00111100011,00001111101,11001110001,01110010101,10011010101,1001,11010100100,01100111010,10100110100,11111001000,11100001111,10010111001
01010011111,10100010011,10001010101,01100001101,11011001001,01111110001,11000100111,10110111100,11111000110,00111101111,01001111010
01110111101,00111100011,11111010110,10101111000,01101001110,01010111010,10110101110,10110011011,11100100011,11011001001,10001110111
11110000110,01101011100,10011101100,01010011010,00110101111,10000011111,10111011001,11100111001,01010110101,01001100011,10101110010
01101100010,00100111111,00011111000,00011001111,01101011100,11010101110,01110110101,11001110111,10111010110,10101101101,11110011011
00010110011,10101101010,11101110001,01110111100,01101011111,01110000011,11000100111,10110011001,11011010110,01011101001,00111100101
01010110010,00011011011,11000010111,01100101011,11111010001,0010111011,10110100011,101101111,01111000110,11011101101,10001111010
01111100110,00011011110,11100010100,01110010011,00101110011,00111001101,11011110001,01101111000,01000111101,11001001011,10110101010
00111100011,00001111101,11001110001,01110010101,10011010110,11010100100,01100111010,10100110100,11111001000,11100001111,10010111001
01010011111,10100010011,10001010101,01100001101,11011001001,01111110001,11000100111,10110111100,11111000110,00111101111,01001111010
01010011111,10100010011,10001010101,01100001101,11011001001,01111110001,11000100111,10110111100,11111000110,00111101111,01001111010
11110100010,01100101100,00101110010,00111010101,01011100110,10101001111,10010111100,01010111011,11111011000,11001100001,11000010110
01011001111,01111011000,00101101100,10001011011,10010011110,01000111010,01100011101,00110110011,11011110101,11110101001,11101000110
00011011101,01111111000,10110011110,11000111100,10110100101,11101001011,11010110011,01010101110,00100111011,01101010110,10001100010
11011100010,01101011100,01110010011,10011001111,00010111110,01001111001,11100101111,10110011000,11010110101,00111100101,10101110111
01101100010,00100111111,00011111000,00011001111,01101011100,11010101110,01110110101,11001110111,10111010110,10101101101,11110011011
01111100110,00011011110,11100010100,01110010011,00101110011,00111001101,11011110001,01101111000,01000111101,11001001011,10110101010
01111100110,00011011110,11100010100,01110010011,00101110011,00111001101,11011110001,01101111000,01000111101,11001001011,10110101010
00101011101,01111110001,00011111110,11110011010,01110101111,11000111101,10110110100,11011001100,10101101011,01101100110,10011010111
01110111101,00111100011,11111010110,10101111000,01101001110,01010111010,10110101110,10110011011,11100100011,11011001001,10001110111
00101011101,01111110001,00011111110,11110011010,01110101111,11000111101,10110110100,11011001100,10101101011,01101100110,10011010111
10001111011,01001101100,10111100110,10100001111,11101010000,11011000111,11010110100,01010011010,01100110111,11110101001,00111011101
00111100011,00001111101,11001110001,01110010101,10011010110,11010100100,01100111010,10100110100,11111001000,11100001111,10010111001
01101100010,00100111111,00011111000,00011001111,01101011100,11010101110,01110110101,11001110111,10111010110,10101101101,11110011011
01101100010,00100111111,00011111000,00011001111,01101011100,11010101110,01110110101,11001110111,10111010110,10101101101,11110011011
00011011101,01111111000,10110011110,11000111100,10110100101,11101001011,11010110011,01010101110,00100111011,011010101100011000111100010
00011011101,01111111000,10110011110,11000111100,10110100101,11101001011,11010110011,01010101110,00100111011,01101010110,10001100010
11011001110,10110101010,00011110111,10001111000,01101101011,11000100101,01100111110,01010111001,11111110000,00111101100,10100011101
01111100110,00011011110,11100010100,01110010011,00101110011,00111001101,11011110001,01101111000,01000111101,11001001011,10110101010
01110111101,00111100011,11111010110,10101111000,01101001110,01010111010,10110101110,10110011011,11100100011,11011001001,10001110111
00111100011,00001111101,11001110001,01110010101,10011010110,11010100100,01100111010,10100110100,11111001000,11100001111,10010111001
11110100010,01100101100,00101110010,00111010101,01011100110,10101001111,10010111100,01010111011,11111011000,11001100001,11000010110
01111100110,00011011110,11100010100,01110010011,00101110011,00111001101,11011110001,01101111000,01000111101,11001001011,10110101010
01110111101,00111100011,11111010110,10101111000,01101001110,01010111010,10110101110,10110011011,11100100011,11011001001,10001110111
11011110010,01101101110,01100010111,00010100111,10100111100,11000101001,10001001111,11111000101,01001110101,00111011001,10101100011
01001101110,00011010111,11011010100,11111100011,10101010110,00111101100,10001011001,01111011010,01100110101,11110001111,10010111010
10001111011,01001101100,10111100110,10100001111,11101010000,11011000111,11010110100,01010011010,01100110111,11110101001,00111011101
00010110011,10101101010,11101110001,01110111100,01101011111,01110000011,11000100111,10110011001,11011010110,01011101001,00111100101
00010110011,10101101010,11101110001,01110111100,01101011111,01110000011,11000100111,10110011001,11011010110,01011101001,00111100101
00010110011,10101101010,11101110001,01110111100,01101011111,01110000011,11000100111,10110011001,11011010110,01011101001,00111100101
01010110010,00011011011,11000010111,01100101011,11111010001,00101110101,10110100011,10110111100,01111000110,11011101101,10001111010
01101100010,00100111111,00011111000,00011001111,01101011100,11010101110,01110110101,11001110111,10111010110,10101101101,11110011011
11110000110,01101011100,10011101100,01010011010,00110101111,10000011111,10111011001,11100111001,01010110101,01001100011,10101110010
00010110011,10101101010,11101110001,01110111100,01101011111,01110000011,11000100111,10110011001,11011010110,01011101001,00111100101
01011001111,01111011000,00101101100,10001011011,10010011110,01000111010,01100011101,00110110011,11011110101,11110101001,11101000110
00101011101,01111110001,00011111110,11110011010,01110101111,11000111101,10110110100,11011001100,10101101011,01101100110,10011010111
11110100010,01100101100,00101110010,00111010101,01011100110,10101001111,10010111100,0101100,1001100,0101011101011,00111101001111,1001111111
11011110010,01101101110,01100010111,00010100111,10100111100,11000101001,10001001111,11111000101,01001110101,00111011001,10101100011
00010110011,10101101010,11101110001,01110111100,01101011111,01110000011,11000100111,10110011001,11011010110,01011101001,00111100101
11011100010,01101011100,01110010011,10011001111,00010111110,01001111001,11100101111,10110011000,11010110101,00111100101,10101110111
00011100111,10111110100,01011010100,01101001110,11011100010,00010111010,10011011011,11110000111,11000111101,01111101001,01101110011
10001111011,01001101100,10111100110,10100001111,11101010000,11011000111,11010110100,01010011010,01100110111,11110101001,00111011101
01110111101,00111100011,11111010110,10101111000,01101001110,01010111010,10110101110,10110011011,11100100011,11011001001,10001110111
00011011101,01111111000,10110011110,11000111100,10110100101,11101001011,11010110011,01010101110,00100111011,01101010110,10001100010
01010110010,00011011011,11000010111,01100101011,11111010001,00101110101,10110100011,10110111100,01111000110,11011101101,10001111010
11110100010,01100101100,00101110010,00111010101,01011100110,10101001111,10010111100,01010111011,11111011000,11001100001,11000010110
11011001110,10110101010,00011110111,10001111000,01101101011,11000100101,01100111110,01010111001,11111110000,00111101100,10100011101
01011001111,01111011000,00101101100,10001011011,10010011110,01000111010,01100011101,00110110011,11011110101,11110101001,11101000110
00111100011,00001111101,11001110001,01110010101,10011010110,11010100100,01100111010,10100110100,11111001000,11100001111,10010111001
01010011111,10100010011,10001010101,01100001101,11011001001,01111110001,11000100111,10110111100,11111000110,00111101111,01001111010
01010110010,00011011011,11000010111,01100101011,11111010001,00101110101,10110100011,10110111100,01111000110,11011101101,10001111010
01010110010,00011011011,11000010111,01100101011,11111010001,00101110101,10110100011,10110111100,01111000110,11011101101,10001111010
00011011101,01111111000,10110011110,11000111100,10110100101,11101001011,11010110011,01010101110,00100111011,01101010110,10001100010
01110111101,00111100011,11111010110,10101111000,01101001110,01010111010,10110101110,10110011011,11100100011,11011001001,10001110111
01111100110,00011011110,11100010100,01110010011,00101110011,00111001101,11011110001,01101111000,01000111101,11001001011,10110101010
01010110010,00011011011,11000010111,01100101011,11111010001,00101110101,10110100011,10110111100,01111000110,11011101101,10001111010
11110000110,01101011100,10011101100,01010011010,00110101111,10000011111,10111011001,11100111001,01010110101,01001100011,10101110010
00011011101,01111111000,10110011110,11000111100,10110100101,11101001011,11010110011,01010101110,00100111011,01101010110,10001100010
11110000110,01101011100,10011101100,01010011010,00110101111,10000011111,10111011001,11100111001,01010110101,01001100011,10101110010
01110111101,00111100011,11111010110,10101111000,01101001110,01010111010,10110101110,10110011011,11100100011,11011001001,10001110111
11011100010,01101011100,01110010011,10011001111,00010111110,01001111001,11100101111,10110011000,11011001011,00111100101,10101110111
00111100011,00001111101,11001110001,01110010101,10011010110,11010100100,01100111010,10100110100,11111001000,11100001111,10010111001
01010110010,00011011011,11000010111,01100101011,11111010001,00101110101,10110100011,10110111100,01111000110,11011101101,10001111010
01010011111,10100010011,10001010101,01100001101,11011001001,01111110001,11000100111,10110111100,11111000110,00111101111,01001111010
00011011101,01111111000,10110011110,11000111100,10110100101,11101001011,11010110011,01010101110,00100111011,01101010110,10001100010
00011011101,01111111000,10110011110,11000111100,10110100101,11101001011,11010110011,01010101110,00100111011,01101010110,10001100010
01110111101,00111100011,11111010110,10101111000,01101001110,01010111010,10110101110,10110011011,11100100011,11011001001,10001110111
11011100010,01101011100,01110010011,10011001111,00010111110,01001111001,11100101111,10110011000,11010110101,00111100101,10101110111
00010110011,10101101010,11101110001,01110111100,01101011111,01110000011,11000100111,10110011001,11011010110,01011101001,00111100101
11110000110,01101011100,10011101100,01010011010,00110101111,10000011111,10111011001,11100111001,01010110101,01001100011,10101110010
01011001111,01111011000,00101101100,10001011011,10010011110,01000111010,01100011101,00110110011,11011110101,11110101001,11101000110
11011100010,01101011100,01110010011,10011001111,00010111110,01001111001,11100101111,10110011000,11010110101,00111100101,10101110111
11011001110,10110101010,00011110111,10001111000,01101101011,11000100101,01100111110,01010111001,11111110000,00111101100,10100011101
11011100010,01101011100,01110010011,10011001111,00010111110,01001111001,11100101111,10110011000,11010110101,00111100101,10101110111
00101011101,01111110001,00011111110,11110011010,01110101111,11000111101,10110110100,11011001100,10101101011,01101100110,10011010111
01101100010,00100111111,00011111000,00011001111,01101011100,11010101110,01110110101,11001110111,10111010110,10101101101,11110011011
11011100010,01101011100,01110010011,10011001111,00010111110,01001111001,11100101111,10110011000,11010110101,00111100101,10101110111
01011001111,01111011000,00101101100,10001011011,10010011110,01000111010,01100011101,00110110011,11011110101,11110101001,11101000110
1110100010,,011101110001,111101001011100110010101,1,00,110110001110001,1101011101100011111001101001,0110101,,10001111,0010011011
10001111011,01001101100,10111100110,10100001111,11101010000,11011000111,11010110100,01010011010,01100110111,11110101001,00111011101
11011001110,10110101010,00011110111,10001111000,01101101011,11000100101,01100111110,01010111001,11111110000,00111101100,10100011101
11011110010,01101101110,01100010111,00010100111,10100111100,11000101001,10001001111,11111000101,01001110101,00111011001,10101100011
00011100111,10111110100,01011010100,01101001110,11011100010,00010111010,10011011011,11110000111,11000111101,01111101001,01101110011
11011100010,01101011100,01110010011,10011001111,00010111110,01001111001,11100101111,10110011000,11010110101,00111100101,10101110111
11011001110,10110101010,00011110111,10001111000,01101101011,11000100101,01100111110,01010111001,11111110000,00111101100,10100011101
01101100010,00100111111,00011111000,00011001111,01101011100,11010101110,01110110101,11001110111,10111010110,10101101101,11110011011
10001111011,01001101100,10111100110,10100001111,11101010000,11011000111,11010110100,01010011010,01100110111,11110101001,00111011101
00101011101,01111110001,00011111110,11110011010,01110101111,11000111101,10110110100,11011001100,10101101011,01101100110,10011010111
11011001110,10110101010,00011110111,10001111000,01101101011,11000100101,01100111110,01010111001,11111110000,00111101100,10100011101
00111100011,00001111101,11001110001,01110010101,10011010110,11010100100,01100111010,10100110100,11111001000,11100001111,10010111001
11011001110,10110101010,00011110111,10001111000,01101101011,11000100101,01100111110,01010111001,11111110000,00111101100,10100011101
00010110011,10101101010,11101110001,01110111100,01101011111,01110000011,11000100111,10110011001,11011010110,01011101001,00111100101
00111100011,00001111101,11001110001,01110010101,10011010110,11010100100,01100111010,10100110100,11111001000,11100001111,10010111001
01010011111,10100010011,10001010101,01100001101,11011001001,01111110001,11000100111,10110111100,11111000110,00111101111,01001111010
01010011111,10100010011,10001010101,01100001101,11011001001,01111110001,11000100111,10110111100,11111000110,00111101111,01001111010
10001111011,01001101100,10111100110,10100001111,11101010000,11011000111,11010110100,01010011010,01100110111,11110101001,00111011101
00111100011,00001111101,11001110001,01110010101,10011010110,11010100100,01100111010,10100110100,11111001000,11100001111,10010111001
00101011101,011110111001,000111101,011000111,1011110010110,010101000110,10110001,1101100111,11011001,101110100011,01101,1,10011010111
00111100011,00001111101,11001110001,01110010101,10011010110,11010100100,01100111010,10100110100,11111001000,11100001111,10010111001
11110100010,01100101100,00101110010,00111010101,01011100110,10101001111,10010111100,01010111011,11111011000,11001100001,11000010110
00011011101,01111111000,10110011110,11000111100,10110100101,11101001011,11010110011,01010101110,00100111011,01101010110,10001100010
11011110010,01101101110,01100010111,00010100111,10100111100,11000101001,10001001111,11111000101,01001110101,00111011001,10101100011
00011100111,10111110100,01011010100,01101001110,11011100010,00010111010,10011011011,11110000111,11000111101,01111101001,01101110011
01010011111,10100010011,10001010101,01100001101,11011001001,01111110001,11000100111,10110111100,11111000110,00111101111,01001111010
01101100010,00100111111,00011111000,00011001111,01101011100,11010101110,01110110101,11001110111,10111010110,10101101101,11110011011
11011100010,01101011100,01110010011,10011001111,00010111110,01001111001,11100101111,10110011000,11010110101,00111100101,10101110111
00101011101,01111110001,00011111110,11110011010,01110101111,11000111101,10110110100,11011001100,10101101011,01101100110,10011010111
01101100010,00100111111,00011111000,00011001111,01101011100,11010101110,01110110101,11001110111,10111010110,10101101101,11110011011
11011100010,01101011100,01110010011,10011001111,00010111110,01001111001,11100101111,10110011000,11010110101,00111100101,10101110111
00010110011,10101101010,11101110001,01110111100,01101011111,01110000011,11000100111,10110011001,11011010110,01011101001,00111100101
11011110010,01101101110,01100010111,00010100111,10100111100,11000101001,10001001111,11111000101,01001110101,00111011001,10101100011
10001111011,01001101100,10111100110,10100001111,11101010000,11011000111,11010110100,01010011010,01100110111,11110101001,00111011101
11011100010,01101011100,01110010011,10011001111,00010111110,01001111001,11100101111,10110011000,11010110101,00111100101,10101110111
01111100110,00011011110,11100010100,01110010011,00101110011,00111001101,11011110001,01101111000,01000111101,11001001011,10110101010
01111100110,00011011110,11100010100,01110010011,00101110011,00111001101,11011110001,01101111000,01000111101,11001001011,10110101010
11011100010,01101011100,01110010011,10011001111,00010111110,01001111001,11100101111,10110011000,11010110101,00111100101,10101110111
11011110010,01101101110,01100010111,00010100111,10100111100,11000101001,10001001111,11111000101,01001110101,00111011001,10101100011
01010011111,10100010011,10001010101,01100001101,11011001001,01111110001,11000100111,10110111100,11111000110,00111101111,01001111010
01001101110,00011010111,11011010100,11111100011,10101010110,00111101100,10001011001,01111011010,01100110101,11110001111,10010111010
11110100010,01100101100,00101110010,00111010101,01011100110,10101001111,10010111100,01010111011,11111011000,11001100001,11000010110
00111100011,00001111101,11001110001,01110010101,10011010110,11010100100,01100111010,10100110100,11111001000,11100001111,10010111001
11110000110,01101011100,10011101100,01010011010,00110101111,10000011111,10111011001,11100111001,01010110101,01001100011,10101110010
00011100111,10111110100,01011010100,01101001110,11011100010,00010111010,10011011011,11110000111,11000111101,01111101001,01101110011
00010110011,10101101010,11101110001,01110111100,01101011111,01110000011,11000100111,10110011001,11011010110,01011101001,00111100101
00101011101,01111110001,00011111110,11110011010,01110101111,11000111101,10110110100,11011001100,10101101011,01101100110,10011010111
01111100110,00011011110,11100010100,01110010011,00101110011,00111001101,11011110001,01101111000,01000111101,11001001011,10110101010
10001111011,01001101100,10111100110,10100001111,11101010000,11011000111,11010110100,01010011010,01100110111,11110101001,00111011101
01001101110,00011010111,11011010100,11111100011,10101010110,00111101100,10001011001,01111011010,01100110101,11110001111,10010111010
01011010,10100001111,111100011,0101010,01100010011111010,0100111101101100111011,10111000110,10111010100,1111001001,11100011
01010011111,10100010011,10001010101,01100001101,11011001001,01111110001,11000100111,10110111100,11111000110,00111101111,01001111010
11110100010,01100101100,00101110010,00111010101,01011100110,10101001111,10010111100,01010111011,11111011000,11001100001,11000010110
11110100010,01100101100,00101110010,00111010101,01011100110,10101001111,10010111100,01010111011,11111011000,11001100001,11000010110
00011100111,10111110100,01011010100,01101001110,11011100010,00010111010,10011011011,11110000111,11000111101,01111101001,01101110011
11110000110,01101011100,10011101100,01010011010,00110101111,10000011111,10111011001,11100111001,01010110101,01001100011,10101110010
11011001110,10110101010,00011110111,10001111000,01101101011,11000100101,01100111110,01010111001,11111110000,00111101100,10100011101
01001101110,00011010111,11011010100,11111100011,10101010110,00111101100,10001011001,01111011010,01100110101,11110001111,10010111010
11110100010,01100101100,00101110010,00111010101,01011100110,10101001111,10010111100,01010111011,11111011000,11001100001,11000010110
01010011111,10100010011,10001010101,01100001101,11011001001,01111110001,11000100111,10110111100,11111000110,00111101111,01001111010
01101100010,00100111111,00011111000,00011001111,01101011100,11010101110,01110110101,11001110111,10111010110,10101101101,11110011011
00010110011,10101101010,11101110001,01110111100,01101011111,01110000011,11000100111,10110011001,11011010110,01011101001,00111100101
00111100011,00001111101,11001110001,01110010101,10011010110,11010100100,01100111010,10100110100,11111001000,11100001111,10010111001
00010110011,10101101010,11101110001,01110111100,01101011111,01110000011,11000100111,10110011001,11011010110,01011101001,00111100101
11110100010,01100101100,00101110010,00111010101,01011100110,10101001111,10010111100,01010111011,11111011000,11001100001,11000010110
01011001111,01111011000,00101101100,10001011011,10010011110,01000111010,01100011101,00110110011,11011110101,11110101001,11101000110
01101100010,00100111111,00011111000,00011001111,01101011100,11010101110,01110110101,11001110111,10111010110,10101101101,11110011011
11110100010,01100101100,00101110010,00111010101,01011100110,10101001111,10010111100,01010111011,11111011000,11001100001,11000010110
11110100010,01100101100,00101110010,00111010101,01011100110,10101001111,10010111100,01010111011,11111011000,11001100001,11000010110
01101100010,00100111111,00011111000,00011001111,01101011100,11010101110,01110110101,11001110111,10111010110,10101101101,11110011011
00011011101,01111111000,10110011110,11000111100,10110100101,11101001011,11010110011,01010101110,00100111011,01101010110,10001100010
11011001110,10110101010,00011110111,10001111000,01101101011,11000100101,01100111110,01010111001,11111110000,00111101100,10100011101
11011001110,10110101010,00011110111,10001111000,01101101011,11000100101,01100111110,01010111001,11111110000,00111101100,10100011101
00111100011,00001111101,11001110001,01110010101,10011010110,11010100100,01100111010,10100110100,11111001000,11100001111,10010111001
00101011101,01111110001,00011111110,11110011010,01110101111,11000111101,10110110100,11011001100,10101101011,01101100110,10011010111
11011001110,10110101010,00011110111,10001111000,01101101011,11000100101,01100111110,01010111001,11111110000,00111101100,10100011101
00101011101,01111110001,00011111110,11110011010,01110101111,11000111101,10110110100,11011001100,10101101011,01101100110,10011010111
01011001111,01111011000,00101101100,10001011011,10010011110,01000111010,01100011101,00110110011,11011110101,11110101001,11101000110
01011001111,01111011000,00101101100,10001011011,10010011110,01000111010,01100011101,00110110011,11011110101,11110101001,11101000110
00101011101,01111110001,00011111110,11110011010,01110101111,11000111101,10110110100,11011001100,10101101011,01101100110,10011010111
00101011101,01111110001,00011111110,11110011010,01110101111,11000111101,10110110100,11011001100,10101101011,01101100110,10011010111
01110111101,00111100011,11111010110,10101111000,01101001110,01010111010,10110101110,10110011011,11100100011,11011001001,10001110111
10001111011,01001101100,10111100110,10100001111,11101010000,11011000111,11010110100,01010011010,01100110111,11110101001,00111011101
01001101110,00011010111,11011010100,11111100011,1010101011101010011110000,1001101100,111110011011010,0111,0010,11110001111,100101
00011011101,01111111000,10110011110,11000111100,10110100101,11101001011,11010110011,01010101110,00100111011,01101010110,10001100010
11011100010,01101011100,01110010011,10011001111,00010111110,01001111001,11100101111,10110011000,11010110101,00111100101,10101110111
10001111011,01001101100,10111100110,10100001111,11101010000,11011000111,11010110100,01010011010,01100110111,11110101001,00111011101
00011100111,10111110100,01011010100,01101001110,11011100010,00010111010,10011011011,11110000111,11000111101,01111101001,01101110011
00101011101,01111110001,00011111110,11110011010,01110101111,11000111101,10110110100,11011001100,10101101011,01101100110,10011010111
10001111011,01001101100,10111100110,10100001111,11101010000,11011000111,11010110100,01010011010,01100110111,11110101001,00111011101
10001111011,01001101100,10111100110,10100001111,11101010000,11011000111,11010110100,01010011010,01100110111,11110101001,00111011101
00111100011,00001111101,11001110001,01110010101,10011010110,11010100100,01100111010,10100110100,11111001000,11100001111,10010111001
11011001110,10110101010,00011110111,10001111000,01101101011,11000100101,01100111110,01010111001,11111110000,00111101100,10100011101
01001101110,00011010111,11011010100,11111100011,10101010110,00111101100,10001011001,01111011010,01100110101,11110001111,10010111010
00101011101,01111110001,00011111110,11110011010,01110101111,11000111101,10110110100,11011001100,10101101011,01101100110,10011010111
11011001110,10110101010,00011110111,10001111000,01101101011,11000100101,01100111110,01010111001,11111110000,00111101100,10100011101
01010011111,10100010011,10001010101,01100001101,11011001001,01111110001,11000100111,10110111100,11111000110,00111101111,01001111010
01101100010,00100111111,00011111000,00011001111,01101011100,11010101110,01110110101,11001110111,10111010110,10101101101,11110011011
00011011101,01111111000,10110011110,11000111100,10110100101,11101001011,11010110011,01010101110,00100111011,01101010110,10001100010
11011001110,10110101010,00011110111,10001111000,01101101011,11000100101,01100111110,01010111001,11111110000,00111101100,10100011101
01110111101,00111100011,11111010110,10101111000,01101001110,01010111010,10110101110,10110011011,11100100011,11011001001,10001110111
10001111011,01001101100,10111100110,10100001111,11101010000,11011000111,11010110100,01010011010,01100110111,11110101001,00111011101
01010110010,00011011011,11000010111,01100101011,11111010001,00101110101,10110100011,10110111100,01111000110,11011101101,10001111010
00101011101,01111110001,00011111110,11110011010,01110101111,11000111101,10110110100,11011001100,10101101011,01101100110,10011010111
00011011101,01111111000,10110011110,11000111100,10110100101,11101001011,11010110011,01010101110,00100111011,01101010110,10001100010
11011110010,01101101110,01100010111,00010100111,10100111100,11000101001,10001001111,11111000101,01001110101,00111011001,10101100011
00011011101,01111111000,10110011110,11000111100,10110100101,11101001011,11010110011,01010101110,00100111011,01101010110,10001100010
01011001111,01111011000,00101101100,10001011011,10010011110,01000111010,01100011101,00110110011,11011110101,11110101001,11101000110
00010110011,10101101010,11101110001,01110111100,01101011111,01110000011,11000100111,10110011001,11011010110,01011101001,00111100101
11011001110,10110101010,00011110111,10001111000,01101101011,11000100101,01100111110,01010111001,11111110000,00111101100,10100011101
01110111101,00111100011,11111010110,10101111000,01101001110,01010111010,10110101110,10110011011,11100100011,11011001001,10001110111
01110111101,00111100011,11111010110,10101111000,01101001110,01010111010,10110101110,10110011011,11100100011,11011001001,10001110111
01010110010,00011011011,11000010111,01100101011,11111010001,00101110101,10110100011,10110111100,01111000110,11011101101,10001111010
00111100011,00001111101,11001110001,01110010101,10011010110,11010100100,01100111010,10100110100,11111001000,11100001111,10010111001
10001111011,01001101100,10111100110,10100001111,11101010000,11011000111,11010110100,01010011010,01100110111,11110101001,00111011101
01010011111,10100010011,10001010101,01100001101,11011001001,01111110001,11000100111,10110111100,11111000110,00111101111,01001111010
10001111011,01001101100,10111100110,10100001111,11101010000,11011000111,11010110100,01010011010,01100110111,11110101001,00111011101
00010110011,10101101010,11101110001,01110111100,01101011111,01110000011,11000100111,10110011001,11011010110,01011101001,00111100101
1010011010,001111011011,001000,0001111100011,11000110100011,01000110,0111100,011011011101010101,101110101,1100110101010110001
11011001110,10110101010,00011110111,10001111000,01101101011,11000100101,01100111110,01010111001,11111110000,00111101100,10100011101
00101011101,01111110001,00011111110,11110011010,01110101111,11000111101,10110110100,11011001100,10101101011,01101100110,10011010111
11011001110,10110101010,00011110111,10001111000,01101101011,11000100101,01100111110,01010111001,11111110000,00111101100,10100011101
01101100010,00100111111,00011111000,00011001111,01101011100,11010101110,01110110101,11001110111,10111010110,10101101101,11110011011
10001111011,01001101100,10111100110,10100001111,11101010000,11011000111,11010110100,01010011010,01100110111,11110101001,00111011101
11011100010,01101011100,01110010011,10011001111,00010111110,01001111001,11100101111,10110011000,11010110101,00111100101,10101110111
11011100010,01101011100,01110010011,10011001111,00010111110,01001111001,11100101111,10110011000,11010110101,00111100101,10101110111
00011100111,10111110100,01011010100,01101001110,11011100010,00010111010,10011011011,11110000111,11000111101,01111101001,01101110011
11011001110,10110101010,00011110111,10001111000,01101101011,11000100101,01100111110,01010111001,11111110000,00111101100,10100011101
01011001111,01111011000,00101101100,10001011011,10010011110,01000111010,01100011101,00110110011,11011110101,11110101001,11101000110
01001101110,00011010111,11011010100,11111100011,10101010110,00111101100,10001011001,01111011010,01100110101,11110001111,10010111010
01011001111,01111011000,00101101100,10001011011,10010011110,01000111010,01100011101,00110110011,11011110101,11110101001,11101000110
10001111011,01001101100,10111100110,10100001111,11101010000,11011000111,11010110100,01010011010,01100110111,11110101001,00111011101
01101100010,00100111111,00011111000,00011001111,01101011100,11010101110,01110110101,11001110111,10111010110,10101101101,11110011011
01001101110,00011010111,11011010100,11111100011,10101010110,00111101100,10001011001,01111011010,01100110101,11110001111,10010111010
00101011101,01111110001,00011111110,11110011010,01110101111,11000111101,10110110100,11011001100,10101101011,01101100110,10011010111
01101100010,00100111111,00011111000,00011001111,01101011100,11010101110,01110110101,11001110111,10111010110,10101101101,11110011011
10001111011,01001101100,10111100110,10100001111,11101010000,11011000111,11010110100,01010011010,01100110111,11110101001,00111011101
11011100010,01101011100,01110010011,10011001111,00010111110,01001111001,11100101111,10110011000,11010110101,00111100101,10101110111
01110111101,00111100011,11111010110,10101111000,01101001110,01010111010,10110101110,10110011011,11100100011,11011001001,10001110111
00010110011,10101101010,11101110001,01110111100,01101011111,01110000011,11000100111,10110011001,11011010110,01011101001,00111100101
00101011101,01111110001,00011111110,11110011010,01110101111,11000111101,10110110100,11011001100,10101101011,01101100110,10011010111
01011001111,01111011000,00101101100,10001011011,10010011110,01000111010,01100011101,00110110011,11011110101,11110101001,11101000110
01010011111,10100010011,10001010101,01100001101,11011001001,01111110001,11000100111,10110111100,11111000110,00111101111,01001111010
11011110010,01101101110,01100010111,00010100111,10100111100,11000101001,10001001111,11111000101,01001110101,00111011001,10101100011
01001101110,00011010111,11011010100,11111100011,10101010110,00111101100,10001011001,01111011010,01100110101,11110001111,10010111010
01011001111,01111011000,00101101100,10001011011,10010011110,01000111010,01100011101,00110110011,11011110101,11110101001,11101000110
00111100011,00001111101,11001110001,01110010101,10011010110,11010100100,01100111010,10100110100,11111001000,11100001111,10010111001
01100111101,0011110001,000111010,1,11011011101111000,00111101,1100,101100110100,10101111100,01011111000,0110001110001111001011111
01100111101,0011110001,00010010,11010111001,101001111010,1010111100,00111,100110101010111010,10011011010,01101011,1010011110101110111
01010110010,00011011011,11000010111,01100101011,11111010001,00101110101,10110100011,10110111100,01111000110,11011101101,10001111010
00111100011,00001111101,11001110001,01110010101,10011010110,11010100100,01100111010,10100110100,11111001000,11100001111,10010111001
00111100011,00001111101,11001110001,01110010101,10011010110,11010100100,01100111010,10100110100,11111001000,11100001111,10010111001
01101100010,00100111111,00011111000,00011001111,01101011100,11010101110,01110110101,11001110111,10111010110,10101101101,11110011011
00010110011,10101101010,11101110001,01110111100,01101011111,01110000011,11000100111,10110011001,11011010110,01011101001,00111100101
01110111101,00111100011,11111010110,10101111000,01101001110,01010111010,10110101110,10110011011,11100100011,11011001001,10001110111
01101100010,00100111111,00011111000,00011001111,01101011100,11010101110,01110110101,11001110111,10111010110,10101101101,11110011011
00011100111,10111110100,01011010100,01101001110,11011100010,00010111010,10011011011,11110000111,11000111101,01111101001,01101110011
01010011111,10100010011,10001010101,01100001101,11011001001,01111110001,11000100111,10110111100,11111000110,00111101111,01001111010
11011001110,10110101010,00011110111,10001111000,01101101011,11000100101,01100111110,01010111001,11111110000,00111101100,10100011101
11011100010,01101011100,01110010011,10011001111,00010111110,01001111001,11100101111,10110011000,11010110101,00111100101,10101110111
00011100111,10111110100,01011010100,01101001110,11011100010,00010111010,10011011011,11110000111,11000111101,01111101001,01101110011
01001101110,00011010111,11011010100,11111100011,10101010110,00111101100,10001011001,01111011010,01100110101,11110001111,10010111010
01010110010,00011011011,11000010111,01100101011,11111010001,00101110101,10110100011,10110111100,01111000110,11011101101,10001111010
11110100010,01100101100,00101110010,00111010101,01011100110,10101001111,10010111100,01010111011,11111011000,11001100001,11000010110
00011100111,10111110100,01011010100,01101001110,11011100010,00010111010,10011011011,11110000111,11000111101,01111101001,01101110011
11011110010,01101101110,01100010111,00010100111,10100111100,11000101001,10001001111,11111000101,01001110101,00111011001,10101100011
01011001111,01111011000,00101101100,10001011011,10010011110,01000111010,01100011101,00110110011,11011110101,11110101001,11101000110
01010011111,10100010011,10001010101,01100001101,11011001001,01111110001,11000100111,10110111100,11111000110,00111101111,01001111010
01010110010,00011011011,11000010111,01100101011,11111010001,00101110101,10110100011,10110111100,01111000110,11011101101,10001111010
00101011101,01111110001,00011111110,11110011010,01110101111,11000111101,10110110100,11011001100,10101101011,01101100110,10011010111
01011001111,01111011000,00101101100,10001011011,10010011110,01000111010,01100011101,00110110011,11011110101,11110101001,11101000110
01001101110,00011010111,11011010100,11111100011,10101010110,00111101100,10001011001,01111011010,01100110101,11110001111,10010111010
01010011111,10100010011,10001010101,01100001101,11011001001,01111110001,11000100111,10110111100,11111000110,00111101111,01001111010
0001110111,1011111110001,01,10110010,10101010011110,0110100010111010001110,0111100,1011,11010011,011011001,0011101001,0111001,100101
01010011111,10100010011,10001010101,01100001101,11011001001,01111110001,11000100111,10110111100,11111000110,00111101111,01001111010
11011100010,01101011100,01110010011,10011001111,00010111110,01001111001,11100101111,10110011000,11010110101,00111100101,10101110111
11011110010,01101101110,01100010111,00010100111,10100111100,11000101001,10001001111,11111000101,01001110101,00111011001,10101100011
01111100110,00011011110,11100010100,01110010011,00101110011,00111001101,11011110001,01101111000,01000111101,11001001011,10110101010
01110111101,00111100011,11111010110,10101111000,01101001110,01010111010,10110101110,10110011011,11100100011,11011001001,10001110111
00011100111,10111110100,01011010100,01101001110,11011100010,00010111010,10011011011,11110000111,11000111101,01111101001,01101110011
01010110010,00011011011,11000010111,01100101011,11111010001,00101110101,10110100011,10110111100,01111000110,11011101101,10001111010
11110100010,01100101100,00101110010,00111010101,01011100110,10101001111,10010111100,01010111011,11111011000,11001100001,11000010110
00010110011,10101101010,11101110001,01110111100,01101011111,01110000011,11000100111,10110011001,11011010110,01011101001,00111100101
01010011111,10100010011,10001010101,01100001101,11011001001,01111110001,11000100111,10110111100,11111000110,00111101111,01001111010
01011001111,01111011000,00101101100,10001011011,10010011110,01000111010,01100011101,00110110011,11011110101,11110101001,11101000110
00010110011,10101101010,11101110001,01110111100,01101011111,01110000011,11000100111,10110011001,11011010110,01011101001,00111100101
10001111011,01001101100,10111100110,10100001111,11101010000,11011000111,11010110100,01010011010,01100110111,11110101001,00111011101
01010011111,10100010011,10001010101,01100001101,11011001001,01111110001,11000100111,10110111100,11111000110,00111101111,01001111010
01101100010,00100111111,00011111000,00011001111,01101011100,11010101110,01110110101,11001110111,10111010110,10101101101,11110011011
00111100011,00001111101,11001110001,01110010101,10011010110,11010100100,01100111010,10100110100,11111001000,11100001111,10010111001
00101011101,01111110001,00011111110,11
01110111101,00111100011,11111010110,10101111000,01101001110,01010111010,10110101110,10110011011,11100100011,11011001001,10001110111
10001111011,01001101100,10111100110,10100001111,11101010000,11011000111,11010110100,01010011010,01100110111,11110101001,00111011101
11110000110,01101011100,10011101100,01010011010,00110101111,10000011111,10111011001,11100111001,01010110101,01001100011,10101110010
01010110010,00011011011,11000010111,01100101011,11111010001,00101110101,10110100011,10110111100,01111000110,11011101101,10001111010
01010011111,1010001,1101,1101001110001001,01100001101,1010001001,0111110001001111001,10,101001111011,100110011000110,,11110100111101,011
01010110010,00011011011,11000010111,01100101011,11111010001,00101110101,10110100011,10110111100,01111000110,11011101101,10001111010
11011110010,01101101110,01100010111,00010100111,10100111100,11000101001,10001001111,11111000101,01001110101,00111011001,10101100011
01111100110,00011011110,11100010100,01110010011,00101110011,00111001101,11011110001,01101111000,01000111101,11001001011,10110101010
01101100010,00100111111,00011111000,00011001111,01101011100,11010101110,01110110101,11001110111,10111010110,10101101101,11110011011
11011110010,01101101110,01100010111,00010100111,10100111100,11000101001,10001001111,11111000101,01001110101,00111011001,10101100011
10001111011,01001101100,10111100110,10100001111,11101010000,11011000111,11010110100,01010011010,01100110111,11110101001,00111011101
01010011111,10100010011,10001010101,01100001101,11011001001,01111110001,11000100111,10110111100,11111000110,00111101111,01001111010
01111100110,00011011110,11100010100,01110010011,00101110011,00111001101,11011110001,01101111000,01000111101,11001001011,10110101010
00101011101,01111110001,00011111110,11110011010,01110101111,11000111101,10110110100,11011001100,10101101011,01101100110,10011010111
11011100010,01101011100,01110010011,10011001111,00010111110,01001111001,11100101111,10110011000,11010110101,00111100101,10101110111
11110000110,01101011100,10011101100,01010011010,00110101111,10000011111,10111011001,11100111001,01010110101,01001100011,10101110010
11110000110,01101011100,10011101100,01010011010,00110101111,10000011111,10111011001,11100111001,01010110101,01001100011,10101110010
01010110010,00011011011,11000010111,01100101011,11111010001,00101110101,10110100011,10110111100,01111000110,11011101101,10001111010
00111100011,00001111101,11001110001,01110010101,10011010110,11010100100,01100111010,10100110100,11111001000,11100001111,10010111001
11011100010,01101011100,01110010011,10011001111,00010111110,01001111001,11100101111,10110011000,11010110101,00111100101,10101110111
11110100010,01100101100,00101110010,00111010101,01011100110,10101001111,10010111100,01010111011,11111011000,11001100001,11000010110
11011100010,01101011100,01110010011,10011001111,00010111110,01001111001,11100101111,10110011000,11010110101,00111100101,10101110111
11011001110,10110101010,00011110111,10001111000,01101101011,11000100101,01100111110,01010111001,11111110000,00111101100,10100011101
11110000110,01101011100,10011101100,01010011010,00110101111,10000011111,10111011001,11100111001,01010110101,01001100011,10101110010
01001101110,00011010111,11011010100,11111100011,10101010110,00111101100,10001011001,01111011010,01100110101,11110001111,10010111010
01110111101,00111100011,11111010110,10101111000,01101001110,01010111010,10110101110,10110011011,11100100011,11011001001,10001110111
00011011101,01111111000,10110011110,11000111100,10110100101,11101001011,11010110011,01010101110,00100111011,01101010110,10001100010
01010110010,00011011011,11000010111,01100101011,11111010001,00101110101,10110100011,10110111100,01111000110,11011101101,10001111010
00101011101,01111110001,00011111110,11110011010,01110101111,11000111101,10110110100,11011001100,10101101011,01101100110,10011010111
11110000110,01101011100,10011101100,01010011010,00110101111,10000011111,10111011001,11100111001,01010110101,01001100011,10101110010
01101100010,00100111111,00011111000,00011001111,01101011100,11010101110,01110110101,11001110111,10111010110,10101101101,11110011011
00011011101,01111111000,10110011110,11000111100,10110100101,11101001011,11010110011,01010101110,00100111011,01101010110,10001100010
11011110010,01101101110,01100010111,00010100111,10100111100,11000101001,10001001111,11111000101,01001110101,00111011001,10101100011
00011011101,01111111000,10110011110,11000111100,10110100101,11101001011,11010110011,01010101110,00100111011,01101010110,10001100010
00011011101,01111111000,10110011110,11000111100,10110100101,11101001011,11010110011,01010101110,00100111011,01101010110,10001100010
00101011101,01111110001,00011111110,11110011010,01110101111,11000111101,10110110100,11011001100,10101101011,01101100110,10011010111
00101011101,01111110001,00011111110,11110011010,01110101111,11000111101,10110110100,11011001100,10101101011,01101100110,10011010111
00011100111,10111110100,01011010100,01101001110,11011100010,00010111010,10011011011,11110000111,11000111101,01111101001,01101110011
01111100110,00011011110,11100010100,01110010011,00101110011,00111001101,11011110001,01101111000,01000111101,11001001011,10110101010
01010011111,10100010011,10001010101,01100001101,11011001001,01111110001,11000100111,10110111100,11111000110,00111101111,01001111010
00011100111,10111110100,01011010100,01101001110,11011100010,00010111010,10011011011,11110000111,1100011100,01111101001,01101110011
01010011111,10100010011,10001010101,01100001101,11011001001,01111110001,11000100111,10110111100,11111000110,00111101111,01001111010
10001111011,01001101100,10111100110,10100001111,11101010000,11011000111,11010110100,01010011010,01100110111,11110101001,00111011101
00101011101,01111110001,00011111110,11110011010,01110101111,11000111101,10110110100,11011001100,10101101011,01101100110,10011010111
00011011101,01111111000,10110011110,11000111100,10110100101,11101001011,11010110011,01010101110,00100111011,01101010110,10001100010
00011011101,01111111000,10110011110,11000111100,10110100101,11101001011,11010110011,01010101110,00100111011,01101010110,10001100010
01010011111,10100010011,10001010101,01100001101,11011001001,01111110001,11000100111,10110111100,11111000110,00111101111,01001111010
00101011101,01111110001,00011111110,11110011010,01110101111,11000111101,10110110100,11011001100,10101101011,01101100110,10011010111
01010110010,00011011011,11000010111,01100101011,11111010001,00101110101,10110100011,10110111100,01111000110,11011101101,10001111010
01111100110,00011011110,11100010100,01110010011,00101110011,00111001101,11011110001,01101111000,01000111101,11001001011,10110101010
10001111011,01001101100,10111100110,10100001111,11101010000,11011000111,11010110100,01010011010,01100110111,11110101001,00111011101
01011001111,01111011000,00101101100,10001011011,10010011110,01000111010,01100011101,00110110011,11011110101,11110101001,11101000110
00011100111,10111110100,01011010100,01101001110,11011100010,00010111010,10011011011,11110000111,11000111101,01111101001,01101110011
11110100010,01100101100,00101110010,00111010101,01011100110,10101001111,10010111100,01010111011,11111011000,11001100001,11000010110
1010011010,0001101011,111100011,0101011101011100,1010101011,01110011100,1011010110010,1101100011,100011,1000110001111100011100
01011001111,01111011000,00101101100,10001011011,10010011110,01000111010,01100011101,00110110011,11011110101,11110101001,11101000110
00011011101,01111111000,10110011110,11000111100,10110100101,11101001011,11010110011,01010101110,00100111011,01101010110,10001100010
01101100010,00100111111,00011111000,00011001111,01101011100,11010101110,01110110101,11001110111,10111010110,10101101101,11110011011
00111100011,00001111101,11001110001,01110010101,10011010110,11010100100,01100111010,10100110100,11111001000,11100001111,10010111001
00011011101,01111111000,10110011110,11000111100,10110100101,11101001011,11010110011,01010101110,00100111011,01101010110,10001100010
11011100010,01101011100,01110010011,10011001111,00010111110,01001111001,11100101111,10110011000,11010110101,00111100101,10101110111
01010011111,10100010011,10001010101,01100001101,11011001001,01111110001,11000100111,10110111100,11111000110,00111101111,01001111010
01110111101,00111100011,11111010110,10101111000,01101001110,01010111010,10110101110,10110011011,11100100011,11011001001,10001110111
11110000110,01101011100,10011101100,01010011010,00110101111,10000011111,10111011001,11100111001,01010110101,01001100011,10101110010
01110111101,00111100011,11111010110,10101111000,01101001110,01010111010,10110101110,10110011011,11100100011,11011001001,10001110111
01001101110,00011010111,11011010100,11111100011,10101010110,00111101100,10001011001,01111011010,01100110101,11110001111,10010111010
01110111101,00111100011,11111010110,10101111000,01101001110,01010111010,10110101110,10110011011,11100100011,11011001001,10001110111
00010110011,10101101010,11101110001,01110111100,01101011111,01110000011,11000100111,10110011001,11011010110,01011101001,00111100101
11011110010,01101101110,01100010111,00010100111,10100111100,11000101001,10001001111,11111000101,01001110101,00111011001,10101100011
00111100011,00001111101,11001110001,01110010101,10011010110,11010100100,01100111010,10100110100,11111001000,11100001111,10010111001
01110111101,00111100011,11111010110,10101111000,01101001110,01010111010,10110101110,10110011011,11100100011,11011001001,10001110111
11110000110,01101011100,10011101100,01010011010,00110101111,10000011111,10111011001,11100111001,01010110101,01001100011,10101110010
11011110010,01101101110,01100010111,00010100111,10100111100,11000101001,10001001111,11111000101,01001110101,00111011001,10101100011
01011001111,01111011000,00101101100,10001011011,10010011110,01000111010,01100011101,00110110011,11011110101,11110101001,11101000110
11110100010,01100101100,00101110010,00111010101,01011100110,10101001111,10010111100,01010111011,11111011000,11001100001,11000010110
01010110010,00011011011,11000010111,01100101011,11111010001,00101110101,10110100011,10110111100,01111000110,11011101101,10001111010
01011001111,01111011000,00101101100,10001011011,10010011110,01000111010,01100011101,00110110011,11011110101,11110101001,11101000110
00101011101,01111110001,00011111110,11110011010,01110101111,11000111101,10110110100,11011001100,10101101011,01101100110,10011010111
11011001110,10110101010,00011110111,10001111000,01101101011,11000100101,01100111110,01010111001,11111110000,00111101100,10100011101
01110111101,00111100011,11111010110,10101111000,01101001110,01010111010,10110101110,10110011011,11100100011,11011001001,10001110111
11011001110,10110101010,00011110111,10001111000,01101101011,11000100101,01100111110,01010111001,11111110000,00111101100,10100011101
11011001110,10110101010,00011110111,10001111000,01101101011,11000100101,01100111110,01010111001,11111110000,00111101100,10100011101
11011001110,10110101010,00011110111,10001111000,01101101011,11000100101,01100111110,01010111001,11111110000,00111101100,10100011101
11011100010,01101011100,01110010011,10011001111,00010111110,01001111001,11100101111,10110011000,11010110101,00111100101,101011101111001011
01010110010,00011011011,11000010111,01100101011,11111010001,00101110101,10110100011,10110111100,01111000110,11011101101,10001111010
11011100010,01101011100,01110010011,10011001111,00010111110,01001111001,11100101111,10110011000,11010110101,00111100101,10101110111
10001111011,01001101100,10111100110,10100001111,11101010000,11011000111,11010110100,01010011010,01100110111,11110101001,00111011101
00010110011,10101101010,11101110001,01110111100,01101011111,01110000011,11000100111,10110011001,11011010110,01011101001,00111100101
11011110010,01101101110,01100010111,00010100111,10100111100,11000101001,10001001111,11111000101,01001110101,00111011001,10101100011
01110111101,00111100011,11111010110,10101111000,01101001110,01010111010,10110101110,10110011011,11100100011,11011001001,10001110111
01010011111,10100010011,10001010101,01100001101,11011001001,01111110001,11000100111,10110111100,11111000110,00111101111,01001111010
11011001110,10110101010,00011110111,10001111000,01101101011,11000100101,01100111110,01010111001,11111110000,00111101100,10100011101
01011001111,01111011000,00101101100,10001011011,10010011110,01000111010,01100011101,00110110011,11011110101,11110101001,11101000110
11110100010,01100101100,00101110010,00111010101,01011100110,10101001111,10010111100,01010111011,11111011000,11001100001,11000010110
11011100010,01101011100,01110010011,10011001111,00010111110,01001111001,11100101111,10110011000,11010110101,00111100101,10101110111
01010011111,10100010011,100010101001111,10001111,10001001111,110001110100110110010001111,011,1,11110100110,1110,1000111001101100
00101011101,01111110001,00011111110,11110011010,01110101111,11000111101,10110110100,11011001100,10101101011,01101100110,10011010111
01001101110,00011010111,11011010100,11111100011,10101010110,00111101100,10001011001,01111011010,01100110101,11110001111,10010111010
1110100010,,011101110001,0111001110100,1001010101110,1001,11011100100,1111,1101011001,10110011001100,01010110101,001110110011,10010111111000
00101011101,01111110001,00011111110,11110011010,01110101111,11000111101,10110110100,11011001100,10101101011,01101100110,10011010111
00011011101,01111111000,10110011110,11000111100,10110100101,11101001011,11010110011,01010101110,00100111011,01101010110,10001100010
01111100110,00011011110,11100010100,01110010011,00101110011,00111001101,11011110001,01101111000,01000111101,11001001011,10110101010
00111100011,00001111101,11001110001,01110010101,10011010110,11010100100,01100111010,10100110100,11111001000,11100001111,10010111001
11011100010,01101011100,01110010011,10011001111,00010111110,01001111001,11100101111,10110011000,11010110101,00111100101,10101110111
10001111011,01001101100,10111100110,10100001111,11101010000,11011000111,11010110100,01010011010,01100110111,11110101001,00111011101
11011011,011001110101,111100101111000,10101110011,00111110101,010011111010,011011100110110011101010110,1010101,110100110101,10100010110
00011100111,10111110100,01011010100,01101001110,11011100010,00010111010,10011011011,11110000111,11000111101,01111101001,01101110011
11011100010,01101011100,01110010011,10011001111,00010111110,01001111001,11100101111,10110011000,11010110101,00111100101,10101110111
11011001110,10110101010,00011110111,10001111000,01101101011,11000100101,01100111110,01010111001,11111110000,00111101100,10100011101
00011100111,10111110100,01011010100,01101001110,11011100010,00010111010,10011011011,11110000111,11000111101,01111101001,01101110011
11110100010,01100101100,00101110010,00111010101,01011100110,10101001111,10010111100,01010111011,11111011000,11001100001,11000010110
01110111101,00111100011,11111010110,10101111000,01101001110,01010111010,10110101110,10110011011,11100100011,11011001001,10001110111
10001111011,01001101100,10111100110,10100001111,11101010000,11011000111,11010110100,01010011010,01100110111,11110101001,00111011101
01001101110,00011010111,11011010100,11111100011,10101010110,00111101100,10001011001,01111011010,01100110101,11110001111,10010111010
00010110011,10101101010,11101110001,01110111100,01101011111,01110000011,11000100111,10110011001,11011010110,01011101001,00111100101
01110111101,00111100011,11111010110,10101111000,01101001110,01010111010,10110101110,10110011011,11100100011,11011001001,10001110111
00011011101,01111111000,10110011110,11000111100,10110100101,11101001011,11010110011,01010101110,00100111011,01101010110,10001100010
01110111101,00111100011,11111010110,10101111000,01101001110,01010111010,10110101110,10110011011,11100100011,11011001001,10001110111
11011110010,01101101110,01100010111,00010100111,10100111100,11000101001,10001001111,11111000101,01001110101,00111011001,10101100011
00101011101,01111110001,00011111110,11110011010,01110101111,11000111101,10110110100,11011001100,10101101011,01101100110,10011010111
01010011111,10100010011,10001010101,01100001101,11011001001,01111110001,11000100111,10110111100,11111000110,00111101111,01001111010
00011011101,01111111000,10110110010,0101110001,11011100010,01001111,0111011011011000110001110111001,010111,10,11011001,,1,10011110
10001111011,01001101100,10111100110,10100001111,11101010000,11011000111,11010110100,01010011010,01100110111,11110101001,00111011101
01101100010,00100111111,00011111000,00011001111,01101011100,11010101110,01110110101,11001110111,10111010110,10101101101,11110011011
11011100010,01101011100,01110010011,10011001111,00010111110,01001111001,11100101111,10110011000,11010110101,00111100101,10101110111
11110100010,01100101100,00101110010,00111010101,01011100110,10101001111,10010111100,01010111011,11111011000,11001100001,11000010110
11011001110,10110101010,00011110111,10001111000,01101101011,11000100101,01100111110,01010111001,11111110000,00111101100,10100011101
00011100111,10111110100,01011010100,01101001110,11011100010,00010111010,10011011011,11110000111,11000111101,01111101001,01101110011
00010110011,10101101010,11101110001,01110111100,01101011111,01110000011,11000100111,10110011001,11011010110,01011101001,00111100101
01101100010,00100111111,00011111000,00011001111,01101011100,11010101110,01110110101,11001110111,10111010110,10101101101,11110011011
00101011101,01111110001,00011111110,11110011010,01110101111,11000111101,10110110100,11011001100,10101101011,01101100110,10011010111
01101100010,00100111111,00011111000,00011001111,01101011100,11010101110,01110110101,11001110111,10111010110,10101101101,11110011011
11110100010,01100101100,00101110010,00111010101,01011100110,10101001111,10010111100,01010111011,11111011000,11001100001,11000010110
01011001111,01111011000,00101101100,10001011011,10010011110,01000111010,01100011101,00110110011,11011110101,11110101001,11101000110
00111100011,00001111101,11001110001,01110010101,10011010110,11010100100,01100111010,10100110100,11111001000,11100001111,10010111001
01110111101,00111100011,11111010110,10101111000,01101001110,01010111010,10110101110,10110011011,11100100011,11011001001,10001110111
01010110010,00011011011,11000010111,01100101011,11111010001,00101110101,10110100011,10110111100,01111000110,11011101101,10001111010
11011100010,01101011100,01110010011,10011001111,00010111110,01001111001,11100101111,10110011000,11010110101,00111100101,10101110111
11011110010,01101101110,01100010111,00010100111,10100111100,11000101001,10001001111,11111000101,01001110101,00111011001,10101100011
01011001111,01111011000,00101101100,10001011011,10010011110,01000111010,01100011101,00110110011,11011110101,11110101001,11101000110
01110111101,00111100011,11111010110,10101111000,01101001110,01010111010,10110101110,10110011011,11100100011,11011001001,10001110111
00011011101,01111111000,10110011110,11000111100,10110100101,11101001011,11010110011,01010101110,00100111011,01101010110,10001100010
01101100010,00100111111,00011111000,00011001111,01101011100,11010101110,01110110101,11001110111,10111010110,10101101101,11110011011
00011011101,01111111000,10110011110,11000111100,10110100101,11101001011,11010110011,01010101110,00100111011,01101010110,10001100010
00010110011,10101101010,11101110001,01110111100,01101011111,01110000011,11000100111,10110011001,11011010110,01011101001,00111100101
11011110010,01101101110,01100010111,00010100111,10100111100,11000101001,10001001111,11111000101,01001110101,00111011001,10101100011
11110000110,01101011100,10011101100,01010011010,00110101111,10000011111,10111011001,11100111001,01010110101,01001100011,10101110010
01101100010,00100111111,00011111000,00011001111,01101011100,11010101110,01110110101,11001110111,10111010110,10101101101,11110011011
11110100010,01100101100,00101110010,00111010101,01011100110,10101001111,10010111100,01010111011,11111011000,11001100001,11000010110
00011100111,10111110100,01011010100,01101001110,11011100010,00010111010,10011011011,11110000111,11000111101,01111101001,01101110011
11011110010,01101101110,01100010111,00010100111,10100111100,11000101001,10001001111,11111000101,01001110101,00111011001,10101100011
01010110010,00011011011,11000010111,01100101011,11111010001,00101110101,10110100011,10110111100,01111000110,11011101101,10001111010
11011100010,01101011100,01110010011,10011001111,00010111110,01001111001,11100101111,10110011000,11010110101,00111100101,10101110111
11110100010,01100101100,00101110010,00111010101,01011100110,10101001111,10010111100,01010111011,11111011000,11001100001,11000010110
11011001110,10110101010,00011110111,10001111000,01101101011,11000100101,01100111110,01010111001,11111110000,00111101100,10100011101
01110111101,00111100011,11111010110,10101111000,01101001110,01010111010,10110101110,10110011011,11100100011,11011001001,10001110111
11110000110,01101011100,10011101100,01010011010,00110101111,10000011111,10111011001,11100111001,01010110101,01001100011,10101110010
01001101110,00011010111,11011010100,11111100011,10101010110,00111101100,10001011001,01111011010,01100110101,11110001111,10010111010
00101011101,01111110001,00011111110,11110011010,01110101111,11000111101,10110110100,11011001100,10101101011,01101100110,10011010111
01010011111,10100010011,10001010101,01100001101,11011001001,01111110001,11000100111,10110111100,11111000110,00111101111,01001111010
11110000110,01101011100,10011101100,01010011010,00110101111,10000011111,10111011001,11100111001,01010110101,01001100011,10101110010
11110100010,01100101100,00101110010,00111010101,01011100110,10101001111,10010111100,01010111011,11111011000,11001100001,11000010110
00010110011,10101101010,11101110001,01110111100,01101011111,01110000011,11000100111,10110011001,11011010110,01011101001,00111100101
00111100011,00001111101,11001110001,01110010101,10011010110,11010100100,01100111010,10100110100,11111001000,11100001111,10010111001
11011110010,01101101110,01100010111,00010100111,10100111100,11000101001,10001001111,11111000101,01001110101,00111011001,10101100011
01111100110,00011011110,11100010100,01110010011,00101110011,00111001101,11011110001,01101111000,01000111101,11001001011,10110101010
11110100010,01100101100,00101110010,00111010101,01011100110,10101001111,10010111100,01010111011,11111011000,11001100001,11000010110
11011100010,01101011100,01110010011,10011001111,00010111110,01001111001,11100101111,10110011000,11010110101,00111100101,10101110111
01010110010,00011011011,11000010111,01100101011,11111010001,00101110101,10110100011,10110111100,01111000110,11011101101,10001111010
11011001110,10110101010,00011110111,10001111000,01101101011,11000100101,01100111110,01010111001,11111110000,00111101100,10100011101
10001111011,01001101100,10111100110,10100001111,11101010000,11011000111,11010110100,01010011010,01100110111,11110101001,00111011101
00011011101,01111111000,10110011110,11000111100,10110100101,11101001011,11010110011,01010101110,00100111011,01101010110,10001100010
00011011101,01111111000,10110011110,11000111100,10110100101,11101001011,11010110011,01010101110,00100111011,01101010110,10001100010
01111100110,00011011110,11100010100,01110010011,00101110011,00111001101,11011110001,01101111000,01000111101,11001001011,10110101010
11110000110,01101011100,10011101100,01010011010,00110101111,10000011111,10111011001,11100111001,01010110101,01001100011,10101110010
11011001110,10110101010,00011110111,10001111000,01101101011,11000100101,01100111110,01010111001,11111110000,00111101100,10100011101
01101100010,00100111111,00011111000,00011001111,01101011100,11010101110,01110110101,11001110111,10111010110,10101101101,11110011011
01010110010,00011011011,11000010111,01100101011,11111010001,00101110101,10110100011,10110111100,01111000110,11011101101,10001111010
00010110011,10101101010,11101110001,01110111100,01101011111,01110000011,11000100111,10110011001,11011010110,01011101001,00111100101
11011100010,01101011100,01110010011,10011001111,00010111110,01001111001,11100101111,10110011000,11010110101,00111100101,10101110111
01110111101,00111100011,11111010110,10101111000,01101001110,01010111010,10110101110,10110011011,11100100011,11011001001,10001110111
01111100110,00011011110,11100010100,01110010011,00101110011,00111001101,11011110001,01101111000,01000111101,11001001011,10110101010
11011110010,01101101110,01100010111,00010100111,10100111100,11000101001,10001001111,11111000101,01001110101,00111011001,10101100011
11110100010,01100101100,00101110010,00111010101,01011100110,10101001111,10010111100,01010111011,11111011000,11001100001,11000010110
00111100011,00001111101,11001110001,01110010101,10011010110,11010100100,01100111010,10100110100,11111001000,11100001111,10010111001
01010011111,10100010011,10001010101,01100001101,11011001001,01111110001,11000100111,10110111100,11111000110,00111101111,01001111010
01010110010,00011011011,11000010111,01100101011,11111010001,00101110101,10110100011,10110111100,01111000110,11011101101,10001111010
11011001110,10110101010,00011110111,10001111000,01101101011,11000100101,01100111110,01010111001,11111110000,00111101100,10100011101
00010110011,10101101010,11101110001,01110111100,01101011111,01110000011,11000100111,10110011001,11011010110,01011101001,00111100101
11011001110,10110101010,00011110111,10001111000,01101101011,11000100101,01100111110,01010111001,11111110000,00111101100,10100011101
11011001110,10110101010,00011110111,10001111000,01101101011,11000100101,01100111110,01010111001,11111110000,00111101100,10100011101
11110100010,01100101100,00101110010,00111010101,01011100110,10101001111,10010111100,01010111011,11111011000,11001100001,11000010110
01010011111,10100010011,10001010101,01100001101,11011001001,01111110001,11000100111,10110111100,11111000110,00111101111,01001111010
11011110010,01101101110,01100010111,00010100111,10100111100,11000101001,10001001111,11111000101,01001110101,00111011001,10101100011
01111100110,00011011110,11100010100,01110010011,00101110011,00111001101,11011110001,01101111000,01000111101,11001001011,10110101010
00010110011,10101101010,11101110001,01110111100,01101011111,01110000011,11000100111,10110011001,11011010110,01011101001,00111100101
10001111011,01001101100,10111100110,10100001111,11101010000,11011000111,11010110100,01010011010,01100110111,11110101001,00111011101
0100101110,00011010111,11011010100,1111000111100,1001101000110,01010110011,1010011110001,111111011,10100101,1100010110101110,001
11011110010,01101101110,01100010111,00010100111,10100111100,11000101001,10001001111,11111000101,01001110101,00111011001,10101100011
10001111011,01001101100,10111100110,10100001111,11101010000,11011000111,11010110100,01010011010,01100110111,11110101001,00111011101
01011001111,01111011000,00101101100,10001011011,10010011110,01000111010,01100011101,00110110011,11011110101,11110101001,11101000110
00011011101,01111111000,10110011110,11000111100,10110100101,11101001011,11010110011,01010101110,00100111011,01101010110,10001100010
01010011111,10100010011,10001010101,01100001101,11011001001,01111110001,11000100111,10110111100,11111000110,00111101111,01001111010
01001101110,00011010111,11011010100,11111100011,10101010110,00111101100,10001011001,01111011010,01100110101,11110001111,10010111010
11011001110,10110101010,00011110111,10001111000,01101101011,11000100101,01100111110,01010111001,11111110000,00111101100,10100011101
01001101110,00011010111,11011010100,11111100011,10101010110,00111101100,10001011001,01111011010,01100110101,11110001111,10010111010
01010011111,10100010011,10001010101,01100001101,11011001001,01111110001,11000100111,10110111100,11111000110,00111101111,01001111010
00101011101,01111110001,00011111110,11110011010,01110101111,11000111101,10110110100,11011001100,10101101011,01101100110,10011010111
01111100110,00011011110,11100010100,01110010011,00101110011,00111001101,11011110001,01101111000,01000111101,11001001011,10110101010
00101011101,01111110001,00011111110,11110011010,01110101111,11000111101,10110110100,11011001100,10101101011,01101100110,10011010111
00101011101,01111110001,00011111110,11110011010,01110101111,11000111101,10110110100,11011001100,10101101011,01101100110,10011010111
01101100010,00100111111,00011111000,00011001111,01101011100,11010101110,01110110101,11001110111,10111010110,10101101101,11110011011
11110100010,01100101100,00101110010,00111010101,01011100110,10101001111,10010111100,01010111011,11111011000,11001100001,11000010110
11110000110,01101011100,10011101100,01010011010,00110101111,10000011111,10111011001,11100111001,01010110101,01001100011,10101110010
11011001110,10110101010,00011110111,10001111000,01101101011,11000100101,01100111110,01010111001,11111110000,00111101100,10100011101
11011100010,01101011100,01110010011,10011001111,00010111110,01001111001,11100101111,10110011000,11010110101,00111100101,10101110111
11011001110,10110101010,00011110111,10001111000,01101101011,11000100101,01100111110,01010111001,11111110000,00111101100,10100011101
110100110010,00011011010,1111101110,0100011,110001,011110,010100101101001111000111100,1001100,0101,101111110,001111001110111
01010011111,10100010011,10001010101,01100001101,11011001001,01111110001,11000100111,10110111100,11111000110,00111101111,01001111010
00011011101,01111111000,10110011110,11000111100,10110100101,11101001011,11010110011,01010101110,00100111011,01101010110,10001100010
11011100010,01101011100,01110010011,10011001111,00010111110,01001111001,11100101111,10110011000,11010110101,00111100101,10101110111
00101011101,01111110001,00011111110,11110011010,01110101111,11000111101,10110110100,11011001100,10101101011,01101100110,10011010111
01111100110,00011011110,11100010100,01110010011,00101110011,00111001101,11011110001,01101111000,01000111101,11001001011,10110101010
11011100010,01101011100,01110010011,10011001111,00010111110,01001111001,11100101111,10110011000,11010110101,00111100101,10101110111
00011011101,01111111000,10110011110,11000111100,10110100101,11101001011,11010110011,01010101110,00100111011,01101010110,10001100010
11110100010,01100101100,00101110010,00111010101,01011100110,10101001111,10010111100,01010111011,11111011000,11001100001,11000010110
00101011101,01111110001,00011111110,11110011010,01110101111,11000111101,10110110100,11011001100,10101101011,01101100110,10011010111
01011001111,01111011000,00101101100,10001011011,10010011110,01000111010,01100011101,00110110011,11011110101,11110101001,11101000110
01110111101,00111100011,11111010110,10101111000,01101001110,01010111010,10110101110,10110011011,11100100011,11011001001,10001110111
01110111101,00111100011,11111010110,10101111000,01101001110,01010111010,10110101110,10110011011,11100100011,11011001001,10001110111
01010110010,00011011011,11000010111,01100101011,11111010001,00101110101,10110100011,10110111100,01111000110,11011101101,10001111010
11110100010,01100101100,00101110010,00111010101,01011100110,10101001111,10010111100,01010111011,11111011000,11001100001,11000010110
00111100011,00001111101,11001110001,01110010101,10011010110,11010100100,01100111010,10100110100,11111001000,11100001111,10010111001
00101011101,01111110001,00011111110,11110011010,01110101111,11000111101,10110110100,11011001100,10101101011,01101100110,10011010111
01110111101,00111100011,11111010110,10101111000,01101001110,01010111010,10110101110,10110011011,11100100011,11011001001,10001110111
11011100010,01101011100,01110010011,10011001111,00010111110,01001111001,11100101111,10110011000,11010110101,00111100101,10101110111
00011100111,10111110100,01011010100,01101001110,11011100010,00010111010,10011011011,11110000111,11000111101,01111101001,01101110011
00011100111,10111110100,01011010100,01101001110,11011100010,00010111010,10011011011,11110000111,11000111101,01111101001,01101110011
01110111101,00111100011,11111010110,10101111000,01101001110,01010111010,10110101110,10110011011,11100100011,11011001001,10001110111
00010110011,10101101010,11101110001,01110111100,01101011111,01110000011,11000100111,10110011001,11011010110,01011101001,00111100101
11110100010,01100101100,00101110010,00111010101,01011100110,10101001111,10010111100,01010111011,11111011000,11001100001,11000010110
11011100010,01101011100,01110010011,10011001111,00010111110,01001111001,11100101111,10110011000,11010110101,00111100101,10101110111
11011100010,01101011100,01110010011,10011001111,00010111110,01001111001,11100101111,10110011000,11010110101,00111100101,10101110111
01010011111,10100010011,10001010101,01100001101,11011001001,01111110001,11000100111,10110111100,11111000110,00111101111,01001111010
11110000110,01101011100,10011101100,01010011010,00110101111,10000011111,10111011001,11100111001,01010110101,01001100011,10101110010
01010011111,10100010011,10001010101,01100001101,11011001001,01111110001,11000100111,10110111100,11111000110,00111101111,01001111010
11110100010,01100101100,00101110010,00111010101,01011100110,10101001111,10010111100,01010111011,11111011000,11001100001,11000010110
00011100111,10111110100,01011010100,01101001110,11011100010,00010111010,10011011011,11110000111,11000111101,01111101001,01101110011
01010110010,00011011011,11000010111,01100101011,11111010001,00101110101,10110100011,10110111100,01111000110,11011101101,10001111010
01001101110,00011010111,11011010100,11111100011,10101010110,00111101100,10001011001,01111011010,01100110101,11110001111,10010111010
01001101110,00011010111,11011010100,11111100011,10101010110,00111101100,10001011001,01111011010,01100110101,11110001111,10010111010
11011001110,10110101010,00011110111,10001111000,01101101011,11000100101,01100111110,01010111001,11111110000,00111101100,10100011101
11011100010,01101011100,01110010011,10011001111,00010111110,01001111001,11100101111,10110011000,11010110101,00111100101,10101110111
11011100010,01101011100,01110010011,10011001111,00010111110,01001111001,11100101111,10110011000,11010110101,00111100101,10101110111
11110100010,01100101100,00101110010,00111010101,01011100110,10101001111,10010111100,01010111011,11111011000,11001100001,11000010110
00101011101,01111110001,00011111110,11110011010,01110101111,11000111101,10110110100,11011001100,10101101011,01101100110,10011010111
11110000110,01101011100,10011101100,01010011010,00110101111,10000011111,10111011001,11100111001,01010110101,01001100011,10101110010
01001101110,00011010111,11011010100,11111100011,10101010110,00111101100,10001011001,01111011010,01100110101,11110001111,10010111010
00011011101,01111111000,10110011110,11000111100,10110100101,11101001011,11010110011,01010101110,00100111011,01101010110,10001100010
01101100010,00100111111,00011111000,00011001111,01101011100,11010101110,01110110101,11001110111,10111010110,10101101101,11110011011
11011110010,01101101110,01100010111,00010100111,10100111100,11000101001,10001001111,11111000101,01001110101,00111011001,10101100011
01111100110,00011011110,11100010100,01110010011,00101110011,00111001101,11011110001,01101111000,01000111101,11001001011,10110101010
01010011111,10100010011,10001010101,01100001101,11011001001,01111110001,11000100111,10110111100,11111000110,00111101111,01001111010
00101011101,01111110001,00011111110,11110011010,01110101111,11000111101,10110110100,11011001100,10101101011,01101100110,10011010111
11011001110,10110101010,00011110111,10001111000,01101101011,11000100101,01100111110,01010111001,11111110000,00111101100,10100011101
01110111101,00111100011,11111010110,10101111000,01101001110,01010111010,10110101110,10110011011,11100100011,11011001001,10001110111
01101100010,00100111111,00011111000,00011001111,01101011100,11010101110,01110110101,11001110111,10111010110,10101101101,11110011011
01001101110,00011010111,11011010100,11111100011,10101010110,00111101100,10001011001,01111011010,01100110101,11110001111,10010111010
00011011101,01111111000,10110011110,11000111100,10110100101,11101001011,11010110011,01010101110,00100111011,01101010110,10001100010
00101011101,01111110001,00011111110,11110011010,01110101111,11000111101,10110110100,11011001100,10101101011,01101100110,10011010111
01011001111,01111011000,00101101100,10001011011,10010011110,01000111010,01100011101,00110110011,11011110101,11110101001,11101000110
00101011101,01111110001,00011111110,11110011010,01110101111,11000111101,10110110100,11011001100,10101101011,01101100110,10011010111
01001101110,00011010111,11011010100,11111100011,10101010110,00111101100,10001011001,01111011010,01100110101,11110001111,10010111010
01010011111,10100010011,10001010101,01100001101,11011001001,01111110001,11000100111,10110111100,11111000110,00111101111,01001111010
01010110010,00011011011,11000010111,01100101011,11111010001,00101110101,10110100011,10110111100,01111000110,11011101101,10001111010
11011100010,01101011100,01110010011,10011001111,00010111110,01001111001,11100101111,10110011000,11010110101,00111100101,10101110111
00010110011,10101101010,11101110001,01110111100,01101011111,01110000011,11000100111,10110011001,11011010110,01011101001,00111100101
0001110111,10111000101,01011001001,01,111100010110011,1001111,01001111010,1101100011111001101,11010,00110,11010011011,1000111111
01011001111,01111011000,00101101100,10001011011,10010011110,01000111010,01100011101,00110110011,11011110101,11110101001,11101000110
11110100010,01100101100,00101110010,00111010101,01011100110,10101001111,10010111100,01010111011,11111011000,11001100001,11000010110
01010011111,10100010011,10001010101,01100001101,11011001001,01111110001,11000100111,10110111100,11111000110,00111101111,01001111010
01010011111,10100010011,10001010101,01100001101,11011001001,01111110001,11000100111,10110111100,11111000110,00111101111,01001111010
01110111101,00111100011,11111010110,10101111000,01101001110,01010111010,10110101110,10110011011,11100100011,11011001001,10001110111
01110111101,00111100011,11111010110,10101111000,01101001110,01010111010,10110101110,10110011011,11100100011,11011001001,10001110111
00011011101,01111111000,10110011110,11000111100,10110100101,11101001011,11010110011,01010101110,00100111011,01101010110,10001100010
11011100010,01101011100,01110010011,10011001111,00010111110,01001111001,11100101111,10110011000,11010110101,00111100101,10101110111
11011001110,10110101010,00011110111,10001111000,01101101011,11000100101,01100111110,01010111001,11111110000,00111101100,10100011101
00101011101,01111110001,00011111110,11110011010,01110101111,11000111101,10110110100,11011001100,10101101011,01101100110,10011010111
00010110011,10101101010,11101110001,01110111100,01101011111,01110000011,11000100111,10110011001,11011010110,01011101001,00111100101
01010011111,10100010011,10001010101,01100001101,11011001001,01111110001,11000100111,10110111100,11111000110,00111101111,01001111010
11110100010,01100101100,00101110010,00111010101,01011100110,10101001111,10010111100,01010111011,11111011000,11001100001,11000010110
11011110010,01101101110,01100010111,00010100111,10100111100,11000101001,10001001111,11111000101,01001110101,00111011001,10101100011
11011110010,01101101110,01100010111,00010100111,10100111100,11000101001,10001001111,11111000101,01001110101,00111011001,10101100011
01010011111,10100010011,10001010101,01100001101,11011001001,01111110001,11000100111,10110111100,11111000110,00111101111,01001111010
01010011111,10100010011,10001010101,01100001101,11011001001,01111110001,11000100111,10110111100,11111000110,00111101111,01001111010
01110111101,00111100011,11111010110,10101111000,01101001110,01010111010,10110101110,10110011011,11100100011,11011001001,10001110111
11110100010,01100101100,00101110010,00111010101,01011100110,10101001111,10010111100,01010111011,11111011000,11001100001,11000010110
00011011101,01111111000,10110011110,11000111100,10110100101,11101001011,11010110011,01010101110,00100111011,01101010110,10001100010
01101100010,00100111111,00011111000,00011001111,01101011100,11010101110,01110110101,11001110111,10111010110,10101101101,11110011011
11011001110,10110101010,00011110111,10001111000,01101101011,11000100101,01100111110,01010111001,11111110000,00111101100,10100011101
00010110011,10101101010,11101110001,01110111100,01101011111,01110000011,11000100111,10110011001,11011010110,01011101001,00111100101
00011100111,10111110100,01011010100,01101001110,11011100010,00010111010,10011011011,11110000111,11000111101,01111101001,01101110011
01010011111,10100010011,10001010101,01100001101,11011001001,01111110001,11000100111,10110111100,11111000110,00111101111,01001111010
11011110010,01101101110,01100010111,00010100111,10100111100,11000101001,10001001111,11111000101,01001110101,00111011001,10101100011
01010110010,00011011011,11000010111,01100101011,11111010001,00101110101,10110100011,10110111100,01111000110,11011101101,10001111010
01110111101,00111100011,11111010110,10101111000,01101001110,01010111010,10110101110,10110011011,11100100011,11011001001,10001110111
11110000110,01101011100,10011101100,01010011010,00110101111,10000011111,10111011001,11100111001,01010110101,01001100011,10101110010
11011110010,01101101110,01100010111,00010100111,10100111100,11000101001,10001001111,11111000101,01001110101,00111011001,10101100011
01111100110,00011011110,11100010100,01110010011,00101110011,00111001101,11011110001,01101111000,01000111101,11001001011,10110101010
01111100110,00011011110,11100010100,01110010011,00101110011,00111001101,11011110001,01101111000,01000111101,11001001011,10110101010
00111100011,00001111101,11001110001,01110010101,10011010110,11010100100,01100111010,10100110100,11111001000,11100001111,10010111001
11110000110,01101011100,10011101100,01010011010,00110101111,10000011111,10111011001,11100111001,01010110101,01001100011,10101110010
11011100010,01101011100,01110010011,10011001111,00010111110,01001111001,11100101111,10110011000,11010110101,00111100101,10101110111
00101011101,01111110001,00011111110,11110011010,01110101111,11000111101,10110110100,11011001100,10101101011,01101100110,10011010111
11011001110,10110101010,00011110111,10001111000,01101101011,11000100101,01100111110,01010111001,11111110000,00111101100,10100011101
01111100110,00011011110,11100010100,01110010011,00101110011,00111001101,11011110001,01101111000,01000111101,11001001011,10110101010
01001101110,00011010111,11011010100,11111100011,10101010110,00111101100,10001011001,01111011010,01100110101,11110001111,10010111010
01011001111,01111011000,00101101100,10001011011,10010011110,01000111010,01100011101,00110110011,11011110101,11110101001,11101000110
01111100110,00011011110,11100010100,01110010011,00101110011,00111001101,11011110001,01101111000,01000111101,11001001011,10110101010
01010110010,00011011011,11000010111,01100101011,11111010001,00101110101,10110100011,10110111100,01111000110,11011101101,10001111010
11110000110,01101011100,10011101100,01010011010,00110101111,10000011111,10111011001,11100111001,01010110101,01001100011,10101110010
01010110010,00011011011,11000010111,01100101011,11111010001,00101110101,10110100011,10110111100,01111000110,11011101101,10001111010
01010110010,00011011011,11000010111,01100101011,11111010001,00101110101,10110100011,10110111100,01111000110,11011101101,10001111010
01101100010,00100111111,00011111000,00011001111,01101011100,11010101110,01110110101,11001110111,10111010110,10101101101,11110011011
01001101110,00011010111,11011010100,11111100011,10101010110,00111101100,10001011001,01111011010,01100110101,11110001111,10010111010
01010110010,00011011011,11000010111,01100101011,11111010001,00101110101,10110100011,10110111100,01111000110,11011101101,10001111010
00111100011,00001111101,11001110001,01110010101,10011010110,11010100100,01100111010,10100110100,11111001000,11100001111,10010111001
00010110011,10101101010,11101110001,01110111100,01101011111,01110000011,11000100111,10110011001,11011010110,01011101001,00111100101
01110111101,00111100011,11111010110,10101111000,01101001110,01010111010,10110101110,10110011011,11100100011,11011001001,10001110111
00010110011,10101101010,11101110001,01110111100,01101011111,01110000011,11000100111,10110011001,11011010110,01011101001,00111100101
01011001111,01111011000,00101101100,10001011011,10010011110,01000111010,01100011101,00110110011,11011110101,11110101001,11101000110
10001111011,01001101100,10111100110,10100001111,11101010000,11011000111,11010110100,01010011010,01100110111,11110101001,00111011101
00101011101,01111110001,00011111110,11110011010,01110101111,11000111101,10110110100,11011001100,10101101011,01101100110,10011010111
11110000110,01101011100,10011101100,01010011010,00110101111,10000011111,10111011001,11100111001,01010110101,01001100011,10101110010
00011100111,10111110100,01011010100,01101001110,11011100010,00010111010,10011011011,11110000111,11000111101,01111101001,01101110011
10001111011,01001101100,10111100110,10100001111,11101010000,11011000111,11010110100,01010011010,01100110111,11110101001,00111011101
01110111101,00111100011,11111010110,10101111000,01101001110,01010111010,10110101110,10110011011,11100100011,11011001001,10001110111
11110000110,01101011100,10011101100,01010011010,00110101111,10000011111,10111011001,11100111001,01010110101,01001100011,10101110010
11011001110,10110101010,00011110111,10001111000,01101101011,11000100101,01100111110,01010111001,11111110000,00111101100,10100011101
11011110010,01101101110,01100010111,00010100111,10100111100,11000101001,10001001111,11111000101,01001110101,00111011001,10101100011
00101011101,01111110001,00011111110,11110011010,01110101111,11000111101,10110110100,11011001100,10101101011,01101100110,10011010111
00011011101,01111111000,10110011110,11000111100,10110100101,11101001011,11010110011,01010101110,00100111011,01101010110,10001100010
11110100010,01100101100,00101110010,00111010101,01011100110,10101001111,10010111100,01010111011,11111011000,11001100001,11000010110
11011001110,10110101010,00011110111,10001111000,01101101011,11000100101,01100111110,01010111001,11111110000,00111101100,10100011101
11110100010,01100101100,00101110010,00111010101,01011100110,10101001111,10010111100,01010111011,11111011000,11001100001,11000010110
00101011101,01111110001,00011111110,11110011010,01110101111,11000111101,10110110100,11011001100,10101101011,01101100110,10011010111
11011001110,10110101010,00011110111,10001111000,01101101011,11000100101,01100111110,01010111001,11111110000,00111101100,10100011101
11110000110,01101011100,10011101100,01010011010,00110101111,10000011111,10111011001,11100111001,01010110101,01001100011,10101110010
00011100111,10111110100,01011010100,01101001110,11011100010,00010111010,10011011011,11110000111,11000111101,01111101001,01101110011
00101011101,01111110001,00011111110,11110011010,01110101111,11000111101,10110110100,11011001100,10101101011,01101100110,10011010111
11011110010,01101101110,01100010111,00010100111,10100111100,11000101001,10001001111,11111000101,01001110101,00111011001,10101100011
01010011111,10100010011,10001010101,01100001101,11011001001,01111110001,11000100111,10110111100,11111000110,00111101111,01001111010
01001101110,00011010111,11011010100,11111100011,10101010110,00111101100,10001011001,01111011010,01100110101,11110001111,10010111010
01110111101,00111100011,11111010110,10101111000,01101001110,01010111010,10110101110,10110011011,11100100011,11011001001,10001110111
11011001110,10110101010,00011110111,10001111000,01101101011,11000100101,01100111110,01010111001,11111110000,00111101100,10100011101
00011011101,01111111000,10110011110,11000111100,10110100101,11101001011,11010110011,01010101110,00100111011,01101010110,10001100010
11110100010,01100101100,00101110010,00111010101,01011100110,10101001111,10010111100,01010111011,11111011000,11001100001,11000010110
01110111101,00111100011,11111010110,10101111000,01101001110,01010111010,10110101110,10110011011,11100100011,11011001001,10001110111
01010110010,00011011011,11000010111,01100101011,11111010001,00101110101,10110100011,10110111100,01111000110,11011101101,10001111010
10001111011,01001101100,10111100110,10100001111,11101010000,11011000111,11010110100,01010011010,01100110111,11110101001,00111011101
11110100010,01100101100,00101110010,00111010101,01011100110,10101001111,10010111100,01010111011,11111011000,11001100001,11000010110
01011001111,01111011000,00101101100,10001011011,10010011110,01000111010,01100011101,00110110011,11011110101,11110101001,11101000110
01010110010,00011011011,11000010111,01100101011,11111010001,00101110101,10110100011,10110111100,01111000110,11011101101,10001111010
01110111101,00111100011,11111010110,10101111000,01101001110,01010111010,10110101110,10110011011,11100100011,11011001001,10001110111
00111100011,00001111101,11001110001,01110010101,10011010110,11010100100,01100111010,10100110100,11111001000,11100001111,10010111001
01010011111,10100010011,10001010101,01100001101,11011001001,01111110001,11000100111,10110111100,11111000110,00111101111,01001111010
01110111101,00111100011,11111010110,10101111000,01101001110,01010111010,10110101110,10110011011,11100100011,11011001001,10001110111
01111100110,00011011110,11100010100,01110010011,00101110011,00111001101,11011110001,01101111000,01000111101,11001001011,10110101010
00011011101,01111111000,10110011110,11000111100,10110100101,11101001011,11010110011,01010101110,00100111011,01101010110,10001100010
00011100111,10111110100,01011010100,01101001110,11011100010,00010111010,10011011011,11110000111,11000111101,01111101001,01101110011
01110111101,00111100011,11111010110,10101111000,01101001110,01010111010,10110101110,10110011011,11100100011,11011001001,10001110111
01110111101,00111100011,11111010110,10101111000,01101001110,01010111010,10110101110,10110011011,11100100011,11011001001,10001110111
01111100110,00011011110,11100010100,01110010011,00101110011,00111001101,11011110001,01101111000,01000111101,11001001011,10110101010
01110111101,00111100011,11111010110,10101111000,01101001110,01010111010,10110101110,10110011011,11100100011,11011001001,10001110111
00111100011,00001111101,11001110001,01110010101,10011010110,11010100100,01100111010,10100110100,11111001000,11100001111,10010111001
01011001111,01111011000,00101101100,10001011011,10010011110,01000111010,01100011101,00110110011,11011110101,11110101001,11101000110
10001111011,01001101100,10111100110,10100001111,11101010000,11011000111,11010110100,01010011010,01100110111,11110101001,00111011101
11011100010,01101011100,01110010011,10011001111,00010111110,01001111001,11100101111,10110011000,11010110101,00111100101,10101110111
11011001110,10110101010,00011110111,10001111000,01101101011,11000100101,01100111110,01010111001,11111110000,00111101100,10100011101
11011001110,10110101010,00011110111,10001111000,01101101011,11000100101,01100111110,01010111001,11111110000,00111101100,10100011101
01110111101,00111100011,11111010110,10101111000,01101001110,01010111010,10110101110,10110011011,11100100011,11011001001,10001110111
10001111011,01001101100,10111100110,10100001111,11101010000,11011000111,11010110100,01010011010,01100110111,11110101001,00111011101
00111100011,00001111101,11001110001,01110010101,10011010110,11010100100,01100111010,10100110100,11111001000,11100001111,10010111001
01100111001,0011110001100,101010010,10111010,101100100110,111000011110,11101101010101100011,10100,0110100111101101000,10010110
00011011101,01111111000,10110011110,11000111100,10110100101,11101001011,11010110011,01010101110,00100111011,01101010110,10001100010
00010110011,10101101010,11101110001,01110111100,01101011111,01110000011,11000100111,10110011001,11011010110,01011101001,00111100101
01110111101,00111100011,11111010110,10101111000,01101001110,01010111010,10110101110,10110011011,11100100011,11011001001,10001110111
01011001111,01111011000,00101101100,10001011011,10010011110,01000111010,01100011101,00110110011,11011110101,11110101001,11101000110
01010011111,10100010011,10001010101,01100001101,11011001001,01111110001,11000100111,1011010011,11111000110,00111101111,01001111010,10
00010110011,10101101010,11101110001,01110111100,01101011111,01110000011,11000100111,10110011001,11011010110,01011101001,00111100101
01010110010,00011011011,11000010111,01100101011,11111010001,00101110101,10110100011,10110111100,01111000110,11011101101,10001111010
01010110010,00011011011,11000010111,01100101011,11111010001,00101110101,10110100011,10110111100,01111000110,11011101101,10001111010
00010110011,10101101010,11101110001,01110111100,01101011111,01110000011,11000100111,10110011001,11011010110,01011101001,00111100101
00011011101,01111111000,10110011110,11000111100,10110100101,11101001011,11010110011,01010101110,00100111011,01101010110,10001100010
11011001110,10110101010,00011110111,10001111000,01101101011,11000100101,01100111110,01010111001,11111110000,00111101100,10100011101
01111100110,00011011110,11100010100,01110010011,00101110011,00111001101,11011110001,01101111000,01000111101,11001001011,10110101010
00011011101,01111111000,10110011110,11000111100,10110100101,11101001011,11010110011,01010101110,00100111011,01101010110,10001100010
01001101110,00011010111,11011010100,11111100011,10101010110,00111101100,10001011001,01111011010,01100110101,11110001111,10010111010
01110111101,00111100011,11111010110,10101111000,01101001110,01010111010,10110101110,10110011011,11100100011,11011001001,10001110111
00111100011,00001111101,11001110001,01110010101,10011010110,11010100100,01100111010,10100110100,11111001000,11100001111,10010111001
11110000110,01101011100,10011101100,01010011010,00110101111,10000011111,10111011001,11100111001,01010110101,01001100011,10101110010
01010110010,00011011011,11000010111,01100101011,11111010001,00101110101,10110100011,10110111100,01111000110,11011101101,10001111010
00011011101,01111111000,10110011110,11000111100,10110100101,11101001011,11010110011,01010101110,00100111011,01101010110,10001100010
01001101110,00011010111,11011010100,11111100011,10101010110,00111101100,10001011001,01111011010,01100110101,11110001111,10010111010
10001111011,01001101100,10111100110,10100001111,11101010000,11011000111,11010110100,01010011010,01100110111,11110101001,00111011101
00010110011,10101101010,11101110001,01110111100,01101011111,01110000011,11000100111,10110011001,11011010110,01011101001,00111100101
11110100010,01100101100,00101110010,00111010101,01011100110,10101001111,10010111100,01010111011,11111011000,11001100001,11000010110
01011001111,01111011000,00101101100,10001011011,10010011110,01000111010,01100011101,00110110011,11011110101,11110101001,11101000110
00111100011,00001111101,11001110001,01110010101,10011010110,11010100100,01100111010,10100110100,11111001000,11100001111,10010111001
11110000110,01101011100,10011101100,01010011010,00110101111,10000011111,10111011001,11100111001,01010110101,01001100011,10101110010
01011001111,01111011000,00101101100,10001011011,10010011110,01000111010,01100011101,00110110011,11011110101,11110101001,11101000110
00011011101,01111111000,10110011110,11000111100,10110100101,11101001011,11010110011,01010101110,00100111011,01101010110,10001100010
11110100010,01100101100,00101110010,00111010101,01011100110,10101001111,10010111100,01010111011,11111011000,11001100001,11000010110
01001101110,00011010111,11011010100,11111100011,10101010110,00111101100,10001011001,01111011010,01100110101,11110001111,10010111010
01010110010,00011011011,11000010111,01100101011,11111010001,00101110101,10110100011,10110111100,01111000110,11011101101,10001111010
11011110010,01101101110,01100010111,00010100111,10100111100,11000101001,10001001111,11111000101,01001110101,00111011001,10101100011
01011001111,01111011000,00101101100,10001011011,10010011110,01000111010,01100011101,00110110011,11011110101,11110101001,11101000110
00101011101,01111110001,00011111110,11110011010,01110101111,11000111101,10110110100,11011001100,10101101011,01101100110,10011010111
01010011111,10100010011,10001010101,01100001101,11011001001,01111110001,11000100111,10110111100,11111000110,00111101111,01001111010
11110000110,01101011100,10011101100,01010011010,00110101111,10000011111,10111011001,11100111001,01010110101,01001100011,10101110010
00101011101,01111110001,00011111110,11110011010,01110101111,11000111101,10110110100,11011001100,10101101011,01101100110,10011010111
00101011101,01111110001,00011111110,11110011010,01110101111,11000111101,10110110100,11011001100,10101101011,01101100110,10011010111
00101011101,01111110001,00011111110,11110011010,01110101111,11000111101,10110110100,11011001100,10101101011,01101100110,10011010111
01110111101,00111100011,11111010110,10101111000,01101001110,01010111010,10110101110,10110011011,11100100011,11011001001,10001110111
11011110010,01101101110,01100010111,00010100111,10100111100,11000101001,10001001111,11111000101,01001110101,00111011001,10101100011
11011001110,10110101010,00011110111,10001111000,01101101011,11000100101,01100111110,01010111001,11111110000,00111101100,10100011101
01001101110,00011010111,11011010100,11111100011,10101010110,00111101100,10001011001,01111011010,01100110101,11110001111,10010111010
01001101110,00011010111,11011010100,11111100011,10101010110,00111101100,10001011001,01111011010,01100110101,11110001111,10010111010
11011100010,01101011100,01110010011,10011001111,00010111110,01001111001,11100101111,10110011000,11010110101,00111100101,10101110111
00111100011,00001111101,11001110001,01110010101,10011010110,11010100100,01100111010,10100110100,11111001000,11100001111,10010111001
00111100011,00001111101,11001110001,01110010101,10011010110,11010100100,01100111010,10100110100,11111001000,11100001111,10010111001
11011001110,10110101010,00011110111,10001111000,01101101011,11000100101,01100111110,01010111001,11111110000,00111101100,10100011101
00111100011,00001111101,11001110001,01110010101,10011010110,11010100100,01100111010,10100110100,11111001000,11100001111,10010111001
01101100010,00100111111,00011111000,00011001111,01101011100,11010101110,01110110101,11001110111,10111010110,10101101101,11110011011
01111100110,00011011110,11100010100,01110010011,00101110011,00111001101,11011110001,01101111000,01000111101,11001001011,10110101010
11110100010,01100101100,00101110010,00111010101,01011100110,10101001111,10010111100,01010111011,11111011000,11001100001,11000010110
11011100010,01101011100,01110010011,10011001111,00010111110,01001111001,11100101111,10110011000,11010110101,00111100101,10101110111
00111100011,00001111101,11001110001,01110010101,10011010110,11010100100,01100111010,10100110100,11111001000,11100001111,10010111001
11011001110,10110101010,00011110111,10001111000,01101101011,11000100101,01100111110,01010111001,11111110000,00111101100,10100011101
00010110011,10101101010,11101110001,01110111100,01101011111,01110000011,11000100111,10110011001,11011010110,01011101001,00111100101
11110000110,01101011100,10011101100,01010011010,00110101111,10000011111,10111011001,11100111001,01010110101,01001100011,10101110010
00011100111,10111110100,01011010100,01101001110,11011100010,00010111010,10011011011,11110000111,11000111101,01111101001,01101110011
00011100111,10111110100,01011010100,01101001110,11011100010,00010111010,10011011011,11110000111,11000111101,01111101001,01101110011
01110111101,00111100011,11111010110,10101111000,01101001110,01010111010,10110101110,10110011011,11100100011,11011001001,10001110111
01011001111,01111011000,00101101100,10001011011,10010011110,01000111010,01100011101,00110110011,11011110101,11110101001,11101000110
00101011101,01111110001,00011111110,11110011010,01110101111,11000111101,10110110100,11011001100,10101101011,01101100110,10011010111
11011001110,10110101010,00011110111,10001111000,01101101011,11000100101,01100111110,01010111001,11111110000,00111101100,10100011101
00011011101,01111111000,10110011110,11000111100,10110100101,11101001011,11010110011,01010101110,00100111011,01101010110,10001100010
11011110010,01101101110,01100010111,00010100111,10100111100,11000101001,10001001111,11111000101,01001110101,00111011001,10101100011
00011011101,01111111000,10110011110,11000111100,10110100101,11101001011,11010110011,01010101110,00100111011,01101010110,10001100010
01001101110,00011010111,11011010100,11111100011,10101010110,00111101100,10001011001,01111011010,01100110101,11110001111,10010111010
10001111011,01001101100,10111100110,10100001111,11101010000,11011000111,11010110100,01010011010,01100110111,11110101001,00111011101
11110000110,01101011100,10011101100,01010011010,00110101111,10000011111,10111011001,11100111001,01010110101,01001100011,10101110010
01111100110,00011011110,11100010100,01110010011,00101110011,00111001101,11011110001,01101111000,01000111101,11001001011,10110101010
01111100110,00011011110,11100010100,01110010011,00101110011,00111001101,11011110001,01101111000,01000111101,11001001011,10110101010
00011100111,10111110100,01011010100,01101001110,11011100010,00010111010,10011011011,11110000111,11000111101,01111101001,01101110011
00111100011,00001111101,11001110001,01110010101,10011010110,11010100100,01100111010,10100110100,11111001000,11100001111,10010111001
00111100011,00001111101,11001110001,01110010101,10011010110,11010100100,01100111010,10100110100,11111001000,11100001111,10010111001
01111100110,00011011110,11100010100,01110010011,00101110011,00111001101,11011110001,01101111000,01000111101,11001001011,10110101010
01101100010,00100111111,00011111000,00011001111,01101011100,11010101110,01110110101,11001110111,10111010110,10101101101,11110011011
01111100110,00011011110,11100010100,01110010011,00101110011,00111001101,11011110001,01101111000,01000111101,11001001011,10110101010
11110000110,01101011100,10011101100,01010011010,00110101111,10000011111,10111011001,11100111001,01010110101,01001100011,10101110010
01010011111,10100010011,10001010101,01100001101,11011001001,01111110001,11000100111,10110111100,11111000110,00111101111,01001111010
00011011101,01111111000,10110011110,11000111100,10110100101,11101001011,11010110011,01010101110,00100111011,01101010110,10001100010
11011110010,01101101110,01100010111,00010100111,10100111100,11000101001,10001001111,11111000101,01001110101,00111011001,10101100011
00011100111,10111110100,01011010100,01101001110,11011100010,00010111010,10011011011,11110000111,11000111101,01111101001,01101110011
11110100010,01100101100,00101110010,00111010101,01011100110,10101001111,10010111100,01010111011,11111011000,11001100001,11000010110
11110000110,01101011100,10011101100,01010011010,00110101111,10000011111,10111011001,11100111001,01010110101,01001100011,10101110010
11011100010,01101011100,01110010011,10011001111,00010111110,01001111001,11100101111,10110011000,11010110101,00111100101,10101110111
11110100010,01100101100,00101110010,00111010101,01011100110,10101001111,10010111100,01010111011,11111011000,11001100001,11000010110
00111100011,00001111101,11001110001,01110010101,10011010110,11010100100,01100111010,10100110100,11111001000,11100001111,10010111001
11011001110,10110101010,00011110111,10001111000,01101101011,11000100101,01100111110,01010111001,11111110000,00111101100,10100011101
01011001111,01111011000,00101101100,10001011011,10010011110,01000111010,01100011101,00110110011,11011110101,11110101001,11101000110
11110100010,01100101100,00101110010,00111010101,01011100110,10101001111,10010111100,01010111011,11111011000,11001100001,11000010110
01010110010,00011011011,11000010111,01100101011,11111010001,00101110101,10110100011,10110111100,01111000110,11011101101,10001111010
11011001110,10110101010,00011110111,10001111000,01101101011,11000100101,01100111110,01010111001,11111110000,00111101100,10100011101
11110100010,01100101100,00101110010,00111010101,01011100110,10101001111,10010111100,01010111011,11111011000,11001100001,11000010110
00010110011,10101101010,11101110001,01110111100,01101011111,01110000011,11000100111,10110011001,11011010110,01011101001,00111100101
01110111101,00111100011,11111010110,10101111000,01101001110,01010111010,10110101110,10110011011,11100100011,11011001001,10001110111
01101100010,00100111111,00011111000,00011001111,01101011100,11010101110,01110110101,11001110111,10111010110,10101101101,11110011011
01111100110,00011011110,11100010100,01110010011,00101110011,00111001101,11011110001,01101111000,01000111101,11001001011,10110101010
11110100010,01100101100,00101110010,00111010101,01011100110,10101001111,10010111100,01010111011,11111011000,11001100001,11000010110
00011100111,10111110100,01011010100,01101001110,11011100010,00010111010,10011011011,11110000111,11000111101,01111101001,01101110011
00111100011,00001111101,11001110001,01110010101,10011010110,11010100100,01100111010,10100110100,11111001000,11100001111,10010111001
00010110011,10101101010,11101110001,01110111100,01101011111,01110000011,11000100111,10110011001,11011010110,01011101001,00111100101
00011100111,10111110100,01011010100,01101001110,11011100010,00010111010,10011011011,11110000111,11000111101,01111101001,01101110011
11110100010,01100101100,00101110010,00111010101,01011100110,10101001111,10010111100,01010111011,11111011000,11001100001,11000010110
01110111101,00111100011,11111010110,10101111000,01101001110,01010111010,10110101110,10110011011,11100100011,11011001001,10001110111
01001101110,00011010111,11011010100,11111100011,10101010110,00111101100,10001011001,01111011010,01100110101,11110001111,10010111010
11011110010,01101101110,01100010111,00010100111,10100111100,11000101001,10001001111,11111000101,01001110101,00111011001,10101100011
01010011111,10100010011,10001010101,01100001101,11011001001,01111110001,11000100111,10110111100,11111000110,00111101111,01001111010
00011100111,10111110100,01011010100,01101001110,11011100010,00010111010,10011011011,11110000111,11000111101,01111101001,01101110011
11011110010,01101101110,01100010111,00010100111,10100111100,11000101001,10001001111,11111000101,01001110101,00111011001,10101100011
01010011111,10100010011,10001010101,01100001101,11011001001,01111110001,11000100111,10110111100,11111000110,00111101111,01001111010
00111100011,00001111101,11001110001,01110010101,10011010110,11010100100,01100111010,10100110100,11111001000,11100001111,10010111001
01101100010,00100111111,00011111000,00011001111,01101011100,11010101110,01110110101,11001110111,10111010110,10101101101,11110011011
11110100010,01100101100,00101110010,00111010101,01011100110,10101001111,10010111100,01010111011,11111011000,11001100001,11000010110
11001110,1010001111101,100011110,110110010101,1101110001,011110001110001111,0111100,1101001,00111101111010110101,010011,10010111001,000110
00101011101,01111110001,00011111110,11110011010,01110101111,11000111101,10110110100,11011001100,10101101011,01101100110,10011010111
01110111101,00111100011,11111010110,10101111000,01101001110,01010111010,10110101110,10110011011,11100100011,11011001001,10001110111
01110111101,00111100011,11111010110,10101111000,01101001110,01010111010,10110101110,10110011011,11100100011,11011001001,10001110111
00011011101,01111111000,10110011110,11000111100,10110100101,11101001011,11010110011,01010101110,00100111011,01101010110,10001100010
11110100010,01100101100,00101110010,00111010101,01011100110,10101001111,10010111100,01010111011,11111011000,11001100001,11000010110
00011011101,01111111000,10110011110,11000111100,10110100101,11101001011,11010110011,01010101110,00100111011,01101010110,10001100010
11011110010,01101101110,01100010111,00010100111,10100111100,11000101001,10001001111,11111000101,01001110101,00111011001,10101100011
10001111011,01001101100,10111100110,10100001111,11101010000,11011000111,11010110100,01010011010,01100110111,11110101001,00111011101
01101100010,00100111111,00011111000,00011001111,01101011100,11010101110,01110110101,11001110111,10111010110,10101101101,11110011011
01001101110,00011010111,11011010100,11111100011,10101010110,00111101100,10001011001,01111011010,01100110101,11110001111,10010111010
11110100010,01100101100,00101110010,00111010101,01011100110,10101001111,10010111100,01010111011,11111011000,11001100001,11000010110
10001111011,01001101100,10111100110,10100001111,11101010000,11011000111,11010110100,01010011010,01100110111,11110101001,00111011101
11011001110,10110101010,00011110111,10001111000,01101101011,11000100101,01100111110,01010111001,11111110000,00111101100,10100011101
00011011101,01111111000,10110011110,11000111100,10110100101,11101001011,11010110011,01010101110,00100111011,01101010110,10001100010
00011011101,01111111000,10110011110,11000111100,10110100101,11101001011,11010110011,01010101110,00100111011,01101010110,10001100010
00011011101,01111111000,10110011110,11000111100,10110100101,11101001011,11010110011,01010101110,00100111011,01101010110,10001100010
11110000110,01101011100,10011101100,01010011010,00110101111,10000011111,10111011001,11100111001,01010110101,01001100011,10101110010
00101011101,01111110001,00011111110,11110011010,01110101111,11000111101,10110110100,11011001100,10101101011,01101100110,10011010111
01111100110,00011011110,11100010100,01110010011,00101110011,00111001101,11011110001,01101111000,01000111101,11001001011,10110101010
11110100010,01100101100,00101110010,00111010101,01011100110,10101001111,10010111100,01010111011,11111011000,11001100001,11000010110
11011100010,01101011100,01110010011,10011001111,00010111110,01001111001,11100101111,10110011000,11010110101,00111100101,10101110111
00011100111,10111110100,01011010100,01101001110,11011100010,00010111010,10011011011,11110000111,11000111101,01111101001,01101110011
11110000110,01101011100,10011101100,01010011010,00110101111,10000011111,10111011001,11100111001,01010110101,01001100011,10101110010
01110111101,00111100011,11111010110,10101111000,01101001110,01010111010,10110101110,10110011011,11100100011,11011001001,10001110111
01110111101,00111100011,11111010110,10101111000,01101001110,01010111010,10110101110,10110011011,11100100011,11011001001,10001110111
01010011111,10100010011,10001010101,01100001101,11011001001,01111110001,11000100111,10110111100,11111000110,00111101111,01001111010
10001111011,01001101100,10111100110,10100001111,11101010000,11011000111,11010110100,01010011010,01100110111,11110101001,00111011101
01011001111,01111011000,00101101100,10001011011,10010011110,01000111010,01100011101,00110110011,11011110101,11110101001,11101000110
11011100010,01101011100,01110010011,10011001111,00010111110,01001111001,11100101111,10110011000,11010110101,00111100101,10101110111
00111100011,00001111101,11001110001,01110010101,10011010110,11010100100,01100111010,10100110100,11111001000,11100001111,10010111001
01010110010,00011011011,11000010111,01100101011,11111010001,00101110101,10110100011,10110111100,01111000110,11011101101,10001111010
01010011111,10100010011,10001010101,01100001101,11011001001,01111110001,11000100111,10110111100,11111000110,00111101111,01001111010
01011001111,01111011000,00101101100,10001011011,10010011110,01000111010,01100011101,00110110011,11011110101,11110101001,11101000110
01011001111,01111011000,00101101100,10001011011,10010011110,01000111010,01100011101,00110110011,11011110101,11110101001,11101000110
11011100010,01101011100,01110010011,10011001111,00010111110,01001111001,11100101111,10110011000,11010110101,00111100101,10101110111
11011001110,10110101010,00011110111,10001111000,01101101011,11000100101,01100111110,01010111001,11111110000,00111101100,10100011101
01110111101,00111100011,11111010110,10101111000,01101001110,01010111010,10110101110,10110011011,11100100011,11011001001,10001110111
01010011111,10100010011,10001010101,01100001101,11011001001,01111110001,11000100111,10110111100,11111000110,00111101111,01001111010
00011011101,01111111000,10110011110,11000111100,10110100101,11101001011,11010110011,01010101110,00100111011,01101010110,10001100010
11110000110,01101011100,10011101100,01010011010,00110101111,10000011111,10111011001,11100111001,01010110101,01001100011,10101110010
00010110011,10101101010,11101110001,01110111100,01101011111,01110000011,11000100111,10110011001,11011010110,01011101001,00111100101
11011110010,01101101110,01100010111,00010100111,10100111100,11000101001,10001001111,11111000101,01001110101,00111011001,10101100011
01010011111,10100010011,10001010101,01100001101,11011001001,01111110001,11000100111,10110111100,11111000110,00111101111,01001111010
01010011111,10100010011,10001010101,01100001101,11011001001,01111110001,11000100111,10110111100,11111000110,00111101111,01001111010
10001111011,01001101100,10111100110,10100001111,11101010000,11011000111,11010110100,01010011010,01100110111,11110101001,00111011101
10001111011,01001101100,10111100110,10100001111,11101010000,11011000111,11010110100,01010011010,01100110111,11110101001,00111011101
01010011111,10100010011,10001010101,01100001101,11011001001,01111110001,11000100111,10110111100,11111000110,00111101111,01001111010
01010011111,10100010011,10001010101,01100001101,11011001001,01111110001,11000100111,10110111100,11111000110,00111101111,01001111010
11011100010,01101011100,01110010011,10011001111,00010111110,01001111001,11100101111,10110011000,11010110101,00111100101,10101110111
11011100010,01101011100,01110010011,10011001111,00010111110,01001111001,11100101111,10110011000,11010110101,00111100101,10101110111
01010011111,10100010011,10001010101,01100001101,11011001001,01111110001,11000100111,10110111100,11111000110,00111101111,01001111010
00101011101,01111110001,00011111110,111111001,01011110101111,110001110,10110110100,11011001100,10101101011,01101100110,10011010111
01011001111,01111011000,00101101100,10001011011,10010011110,01000111010,01100011101,00110110011,11011110101,11110101001,11101000110
01010011111,10100010011,10001010101,01100001101,11011001001,01111110001,11000100111,10110111100,11111000110,00111101111,01001111010
00011011101,01111111000,10110011110,11000111100,10110100101,11101001011,11010110011,01010101110,00100111011,01101010110,10001100010
11011100010,01101011100,01110010011,10011001111,00010111110,01001111001,11100101111,10110011000,11010110101,00111100101,10101110111
00011100111,10111110100,01011010100,01101001110,11011100010,00010111010,10011011011,11110000111,11000111101,01111101001,01101110011
11011001110,10110101010,00011110111,10001111000,01101101011,11000100101,01100111110,01010111001,11111110000,00111101100,10100011101
00111100011,00001111101,11001110001,01110010101,10011010110,11010100100,01100111010,10100110100,11111001000,11100001111,10010111001
01010011111,10100010011,10001010101,01100001101,11011001001,01111110001,11000100111,10110111100,11111000110,00111101111,01001111010
01001101110,00011010111,11011010100,11111100011,10101010110,00111101100,10001011001,01111011010,01100110101,11110001111,10010111010
11011001110,10110101010,00011110111,10001111000,01101101011,11000100101,01100111110,01010111001,11111110000,00111101100,10100011101
01111100110,00011011110,11100010100,01110010011,00101110011,00111001101,11011110001,01101111000,01000111101,11001001011,10110101010
00011011101,01111111000,10110011110,11000111100,10110100101,11101001011,11010110011,01010101110,00100111011,01101010110,10001100010
00101011101,01111110001,00011111110,11110011010,01110101111,11000111101,10110110100,11011001100,10101101011,01101100110,10011010111
01010110010,00011011011,11000010111,01100101011,11111010001,00101110101,10110100011,10110111100,01111000110,11011101101,10001111010
00011011101,01111111000,10110011110,11000111100,10110100101,11101001011,11010110011,01010101110,00100111011,01101010110,10001100010
11011100010,01101011100,01110010011,10011001111,00010111110,01001111001,11100101111,10110011000,11010110101,00111100101,10101110111
00111100011,00001111101,11001110001,01110010101,10011010110,11010100100,01100111010,10100110100,11111001000,11100001111,10010111001
00011011101,01111111000,10110011110,11000111100,10110100101,11101001011,11010110011,01010101110,00100111011,01101010110,10001100010
00011011101,01111111000,10110011110,11000111100,10110100101,11101001011,11010110011,01010101110,00100111011,01101010110,10001100010
01011001111,01111011000,00101101100,10001011011,10010011110,01000111010,01100011101,00110110011,11011110101,11110101001,11101000110
00011011101,01111111000,10110011110,11000111100,10110100101,11101001011,11010110011,01010101110,00100111011,01101010110,10001100010
11011110010,01101101110,01100010111,00010100111,10100111100,11000101001,10001001111,11111000101,01001110101,00111011001,10101100011
01010011111,10100010011,10001010101,01100001101,11011001001,01111110001,11000100111,10110111100,11111000110,00111101111,01001111010
11110000110,01101011100,10011101100,01010011010,00110101111,10000011111,10111011001,11100111001,01010110101,01001100011,10101110010
00010110011,10101101010,11101110001,01110111100,01101011111,01110000011,11000100111,10110011001,11011010110,01011101001,00111100101
10001111011,01001101100,10111100110,10100001111,11101010000,11011000111,11010110100,01010011010,01100110111,11110101001,00111011101
11110100010,01100101100,00101110010,00111010101,01011100110,10101001111,10010111100,01010111011,11111011000,11001100001,11000010110
01101100010,00100111111,00011111000,00011001111,01101011100,11010101110,01110110101,11001110111,10111010110,10101101101,11110011011
01010011111,10100010011,10001010101,01100001101,11011001001,01111110001,11000100111,10110111100,11111000110,00111101111,01001111010
00010110011,10101101010,11101110001,01110111100,01101011111,01110000011,11000100111,10110011001,11011010110,01011101001,00111100101
00101011101,01111110001,00011111110,11110011010,01110101111,11000111101,10110110100,11011001100,10101101011,01101100110,10011010111
00010110011,10101101010,11101110001,01110111100,01101011111,01110000011,11000100111,10110011001,11011010110,01011101001,00111100101
11110100010,01100101100,00101110010,00111010101,01011100110,10101001111,10010111100,01010111011,11111011000,11001100001,11000010110
11110100010,01100101100,00101110010,00111010101,01011100110,10101001111,10010111100,01010111011,11111011000,11001100001,11000010110
01110111101,00111100011,11111010110,10101111000,01101001110,01010111010,10110101110,10110011011,11100100011,11011001001,10001110111
11011001110,10110101010,00011110111,10001111000,01101101011,11000100101,01100111110,01010111001,11111110000,00111101100,10100011101
00101011101,01111110001,00011111110,11110011010,01110101111,11000111101,10110110100,11011001100,10101101011,01101100110,10011010111
01010110010,00011011011,11000010111,01100101011,11111010001,00101110101,10110100011,10110111100,01111000110,11011101101,10001111010
11011001110,10110101010,00011110111,10001111000,01101101011,11000100101,01100111110,01010111001,11111110000,00111101100,10100011101
11011001110,10110101010,00011110111,10001111000,01101101011,11000100101,01100111110,01010111001,11111110000,00111101100,10100011101
00011100111,10111110100,01011010100,01101001110,11011100010,00010111010,10011011011,11110000111,11000111101,01111101001,01101110011
11011110010,01101101110,01100010111,00010100111,10100111100,11000101001,10001001111,11111000101,01001110101,00111011001,10101100011
01101100010,00100111111,00011111000,00011001111,01101011100,11010101110,01110110101,11001110111,10111010110,10101101101,11110011011
00111100011,00001111101,11001110001,01110010101,10011010110,11010100100,01100111010,10100110100,11111001000,11100001111,10010111001
00111100011,00001111101,11001110001,01110010101,10011010110,11010100100,01100111010,10100110100,11111001000,11100001111,10010111001
11011110010,01101101110,01100010111,00010100111,10100111100,11000101001,10001001111,11111000101,01001110101,00111011001,10101100011
00011011101,01111111000,10110011110,11000111100,10110100101,11101001011,11010110011,01010101110,00100111011,01101010110,10001100010
11011001110,10110101010,00011110111,10001111000,01101101011,11000100101,01100111110,01010111001,11111110000,00111101100,10100011101
01010110010,00011011011,11000010111,01100101011,11111010001,00101110101,10110100011,10110111100,01111000110,11011101101,10001111010
00010110011,10101101010,11101110001,01110111100,01101011111,01110000011,11000100111,10110011001,11011010110,01011101001,00111100101
11110100010,01100101100,00101110010,00111010101,01011100110,10101001111,10010111100,01010111011,11111011000,11001100001,11000010110
01011001111,01111011000,00101101100,10001011011,10010011110,01000111010,01100011101,00110110011,11011110101,11110101001,11101000110
00101011101,01111110001,00011111110,11110011010,10111111,110001111010111011000101101101011,010111010110101,01101100110,100101010
00111100011,00001111101,11001110001,01110010101,10011010110,11010100100,01100111010,10100110100,11111001000,11100001111,10010111001
11011001110,10110101010,00011110111,10001111000,01101101011,11000100101,01100111110,01010111001,11111110000,00111101100,10100011101
11011100010,01101011100,01110010011,10011001111,00010111110,01001111001,11100101111,10110011000,11010110101,00111100101,10101110111
01010011111,10100010011,10001010101,01100001101,11011001001,01111110001,11000100111,10110111100,11111000110,00111101111,01001111010
01010011111,10100010011,10001010101,01100001101,11011001001,01111110001,11000100111,10110111100,11111000110,00111101111,01001111010
01110111101,00111100011,11111010110,10101111000,01101001110,01010111010,10110101110,10110011011,11100100011,11011001001,10001110111
00011011101,01111111000,10110011110,11000111100,10110100101,11101001011,11010110011,01010101110,00100111011,01101010110,10001100010
11011100010,01101011100,01110010011,10011001111,00010111110,01001111001,11100101111,10110011000,11010110101,00111100101,10101110111
01110111101,00111100011,11111010110,10101111000,01101001110,01010111010,10110101110,10110011011,11100100011,11011001001,10001110111
00011100111,10111110100,01011010100,01101001110,11011100010,00010111010,10011011011,11110000111,11000111101,01111101001,01101110011
00011100111,10111110100,01011010100,01101001110,11011100010,00010111010,10011011011,11110000111,11000111101,01111101001,01101110011
00101011101,01111110001,00011111110,11110011010,01110101111,11000111101,10110110100,11011001100,10101101011,01101100110,10011010111
01110111101,00111100011,11111010110,10101111000,01101001110,01010111010,10110101110,10110011011,11100100011,11011001001,10001110111
11110000110,01101011100,10011101100,01010011010,00110101111,10000011111,10111011001,11100111001,01010110101,01001100011,10101110010
00011011101,01111111000,10110011110,11000111100,10110100101,11101001011,11010110011,01010101110,00100111011,01101010110,10001100010
11011100010,01101011100,01110010011,10011001111,00010111110,01001111001,11100101111,10110011000,11010110101,00111100101,10101110111
00111100011,00001111101,11001110001,01110010101,10011010110,11010100100,01100111010,10100110100,11111001000,11100001111,10010111001
11110000110,01101011100,10011101100,01010011010,00110101111,10000011111,10111011001,11100111001,01010110101,01001100011,10101110010
01010110010,00011011011,11000010111,01100101011,11111010001,00101110101,10110100011,10110111100,01111000110,11011101101,10001111010
00011011101,01111111000,10110011110,11000111100,10110100101,11101001011,11010110011,01010101110,00100111011,01101010110,10001100010
11011110010,01101101110,01100010111,00010100111,10100111100,11000101001,10001001111,11111000101,01001110101,00111011001,10101100011
00101011101,01111110001,00011111110,11110011010,01110101111,11000111101,10110110100,11011001100,10101101011,01101100110,10011010111
00101011101,01111110001,00011111110,11110011010,01110101111,11000111101,10110110100,11011001100,10101101011,01101100110,10011010111
00111100011,00001111101,11001110001,01110010101,10011010110,11010100100,01100111010,10100110100,11111001000,11100001111,10010111001
01010011111,10100010011,10001010101,01100001101,11011001001,01111110001,11000100111,10110111100,11111000110,00111101111,01001111010
11110100010,01100101100,00101110010,00111010101,01011100110,10101001111,10010111100,01010111011,11111011000,11001100001,11000010110
00111100011,00001111101,11001110001,01110010101,10011010110,11010100100,01100111010,10100110100,11111001000,11100001111,10010111001
01110111101,00111100011,11111010110,10101111000,01101001110,01010111010,10110101110,10110011011,11100100011,11011001001,10001110111
11110000110,01101011100,10011101100,01010011010,00110101111,10000011111,10111011001,11100111001,01010110101,01001100011,10101110010
11011001110,10110101010,00011110111,10001111000,01101101011,11000100101,01100111110,01010111001,11111110000,00111101100,10100011101
01010110010,00011011011,11000010111,01100101011,11111010001,00101110101,10110100011,10110111100,01111000110,11011101101,10001111010
01111100110,00011011110,11100010100,01110010011,00101110011,00111001101,11011110001,01101111000,01000111101,11001001011,10110101010
01010011111,10100010011,10001010101,01100001101,11011001001,01111110001,11000100111,10110111100,11111000110,00111101111,01001111010
01111100110,00011011110,11100010100,01110010011,00101110011,00111001101,11011110001,01101111000,01000111101,11001001011,10110101010
11011001110,10110101010,00011110111,10001111000,01101101011,11000100101,01100111110,01010111001,11111110000,00111101100,10100011101
00101011101,01111110001,00011111110,11110011010,01110101111,11000111101,10110110100,11011001100,10101101011,01101100110,10011010111
01101100010,00100111111,00011111000,00011001111,01101011100,11010101110,01110110101,11001110111,10111010110,10101101101,11110011011
01110111101,00111100011,11111010110,10101111000,01101001110,01010111010,1110101110,10110011011,11100100011,11011001001,10001110111
01111100110,00011011110,11100010100,01110010011,00101110011,00111001101,11011110001,01101111000,01000111101,11001001011,10110101010
00101011101,01111110001,00011111110,11110011010,01110101111,11000111101,10110110100,11011001100,10101101011,01101100110,10011010111
01010011111,10100010011,10001010101,01100001101,11011001001,01111110001,11000100111,10110111100,11111000110,00111101111,01001111010
11011110010,01101101110,01100010111,00010100111,10100111100,11000101001,10001001111,11111000101,01001110101,00111011001,10101100011
01101100010,00100111111,00011111000,00011001111,01101011100,11010101110,01110110101,11001110111,10111010110,10101101101,11110011011
00111100011,00001111101,11001110001,01110010101,10011010110,11010100100,01100111010,10100110100,11111001000,11100001111,10010111001
11110100010,01100101100,00101110010,00111010101,01011100110,10101001111,10010111100,01010111011,11111011000,11001100001,11000010110
01101100010,00100111111,00011111000,00011001111,01101011100,11010101110,01110110101,11001110111,10111010110,10101101101,11110011011
10001111011,01001101100,10111100110,10100001111,11101010000,11011000111,11010110100,01010011010,01100110111,11110101001,00111011101
01010110010,00011011011,11000010111,01100101011,11111010001,00101110101,10110100011,10110111100,01111000110,11011101101,10001111010
01101100010,00100111111,00011111000,00011001111,01101011100,11010101110,01110110101,11001110111,10111010110,10101101101,11110011011
11110100010,01100101100,00101110010,00111010101,01011100110,10101001111,10010111100,01010111011,11111011000,11001100001,11000010110
11011110010,01101101110,01100010111,00010100111,10100111100,11000101001,10001001111,11111000101,01001110101,00111011001,10101100011
01111100110,00011011110,11100010100,01110010011,00101110011,00111001101,11011110001,01101111000,01000111101,11001001011,10110101010
01001101110,00011010111,11011010100,11111100011,10101010110,00111101100,10001011001,01111011010,01100110101,11110001111,10010111010
01001101110,00011010111,11011010100,11111100011,10101010110,00111101100,10001011001,01111011010,01100110101,11110001111,10010111010
11110100010,01100101100,00101110010,00111010101,01011100110,10101001111,10010111100,01010111011,11111011000,11001100001,11000010110
00010110011,10101101010,11101110001,01110111100,01101011111,01110000011,11000100111,10110011001,11011010110,01011101001,00111100101
01111100110,00011011110,11100010100,01110010011,00101110011,00111001101,11011110001,01101111000,01000111101,11001001011,10110101010
11110100010,01100101100,00101110010,00111010101,01011100110,10101001111,10010111100,01010111011,11111011000,11001100001,11000010110
01011001111,01111011000,00101101100,10001011011,10010011110,01000111010,01100011101,00110110011,11011110101,11110101001,11101000110
01111100110,00011011110,11100010100,01110010011,00101110011,00111001101,11011110001,01101111000,01000111101,11001001011,10110101010
01001101110,00011010111,11011010100,11111100011,10101010110,00111101100,10001011001,01111011010,01100110101,11110001111,10010111010
11011001110,10110101010,00011110111,10001111000,01101101011,11000100101,01100111110,01010111001,11111110000,00111101100,10100011101
11011001110,10110101010,00011110111,10001111000,01101101011,11000100101,01100111110,01010111001,11111110000,00111101100,10100011101
01010110010,00011011011,11000010111,01100101011,11111010001,00101110101,10110100011,10110111100,01111000110,11011101101,10001111010
11011100010,01101011100,01110010011,10011001111,00010111110,01001111001,1110010111100,10110011000,11010110101,00111100101,10101110111
00011011101,01111111000,10110011110,11000111100,10110100101,11101001011,11010110011,01010101110,00100111011,01101010110,10001100010
11011110010,01101101110,01100010111,00010100111,10100111100,11000101001,10001001111,11111000101,01001110101,00111011001,10101100011
00011100111,10111110100,01011010100,01101001110,11011100010,00010111010,10011011011,11110000111,11000111101,01111101001,01101110011
01010011111,10100010011,10001010101,01100001101,11011001001,01111110001,11000100111,10110111100,11111000110,00111101111,01001111010
11110100010,01100101100,00101110010,00111010101,01011100110,10101001111,10010111100,01010111011,11111011000,11001100001,11000010110
01101100010,00100111111,00011111000,00011001111,01101011100,11010101110,01110110101,11001110111,10111010110,10101101101,11110011011
11011100010,01101011100,01110010011,10011001111,00010111110,01001111001,11100101111,10110011000,11010110101,00111100101,10101110111
01011001111,01111011000,00101101100,10001011011,10010011110,01000111010,01100011101,00110110011,11011110101,11110101001,11101000110
10001111011,01001101100,10111100110,10100001111,11101010000,11011000111,11010110100,01010011010,01100110111,11110101001,00111011101
11110100010,01100101100,00101110010,00111010101,01011100110,10101001111,10010111100,01010111011,11111011000,11001100001,11000010110
10001111011,01001101100,10111100110,10100001111,11101010000,11011000111,11010110100,01010011010,01100110111,11110101001,00111011101
00111100011,00001111101,11001110001,01110010101,10011010110,11010100100,01100111010,10100110100,11111001000,11100001111,10010111001
01001101110,00011010111,11011010100,11111100011,10101010110,00111101100,10001011001,01111011010,01100110101,11110001111,10010111010
00011011101,01111111000,10110011110,11000111100,10110100101,11101001011,11010110011,01010101110,00100111011,01101010110,10001100010
10001111011,01001101100,10111100110,10100001111,11101010000,11011000111,11010110100,01010011010,01100110111,11110101001,00111011101
00111100011,00001111101,11001110001,01110010101,10011010110,11010100100,01100111010,10100110100,11111001000,11100001111,10010111001
01011001111,01111011000,00101101100,10001011011,10010011110,01000111010,01100011101,00110110011,11011110101,11110101001,11101000110
11110100010,01100101100,00101110010,00111010101,01011100110,10101001111,10010111100,01010111011,11111011000,11001100001,11000010110
00011011101,01111111000,10110011110,11000111100,10110100101,11101001011,11010110011,01010101110,00100111011,01101010110,10001100010
11110000110,01101011100,10011101100,01010011010,00110101111,10000011111,10111011001,11100111001,01010110101,01001100011,10101110010
01001101110,00011010111,11011010100,11111100011,10101010110,00111101100,10001011001,01111011010,01100110101,11110001111,10010111010
11011100010,01101011100,01110010011,10011001111,00010111110,01001111001,11100101111,10110011000,11010110101,00111100101,10101110111
11110100010,01100101100,00101110010,00111010101,01011100110,10101001111,10010111100,01010111011,11111011000,11001100001,11000010110
01110111101,00111100011,11111010110,10101111000,01101001110,01010111010,10110101110,10110011011,11100100011,11011001001,10001110111
11011100010,01101011100,01110010011,10011001111,00010111110,01001111001,11100101111,10110011000,11010110101,00111100101,10101110111
01001101110,00011010111,11011010100,11111100011,10101010110,00111101100,10001011001,01111011010,01100110101,11110001111,10010111010
00011011101,01111111000,10110011110,11000111100,10110100101,11101001011,11010110011,01010101110,00100111011,01101010110,10001100010
01101100010,00100111111,00011111000,00011001111,01101011100,11010101110,01110110101,11001110111,10111010110,10101101101,11110011011
11011001110,10110101010,00011110111,10001111000,01101101011,11000100101,01100111110,01010111001,11111110000,00111101100,10100011101
11011001110,10110101010,00011110111,10001111000,01101101011,11000100101,01100111110,01010111001,11111110000,00111101100,10100011101
01110111101,00111100011,11111010110,10101111000,01101001110,01010111010,10110101110,10110011011,11100100011,11011001001,10001110111
00101011101,01111110001,00011111110,11110011010,01110101111,11000111101,10110110100,11011001100,10101101011,01101100110,10011010111
11011110010,01101101110,01100010111,00010100111,10100111100,11000101001,10001001111,11111000101,01001110101,00111011001,10101100011
01001101110,00011010111,11011010100,11111100011,10101010110,00111101100,10001011001,01111011010,01100110101,11110001111,10010111010
00011011101,01111111000,10110011110,11000111100,10110100101,11101001011,11010110011,01010101110,00100111011,01101010110,10001100010
11110100010,01100101100,00101110010,00111010101,01011100110,10101001111,10010111100,01010111011,11111011000,11001100001,11000010110
01101100010,00100111111,00011111000,00011001111,01101011100,11010101110,01110110101,11001110111,10111010110,10101101101,11110011011
11110100010,01100101100,00101110010,00111010101,01011100110,10101001111,10010111100,01010111011,11111011000,11001100001,11000010110
00010110011,10101101010,11101110001,01110111100,01101011111,01110000011,11000100111,10110011001,11011010110,01011101001,00111100101
10001111011,01001101100,10111100110,10100001111,11101010000,11011000111,11010110100,01010011010,01100110111,11110101001,00111011101
11011100010,01101011100,01110010011,10011001111,00010111110,01001111001,11100101111,10110011000,11010110101,00111100101,10101110111
11011100010,01101011100,01110010011,10011001111,00010111110,01001111001,11100101111,10110011000,11010110101,00111100101,10101110111
01010011111,10100010011,10001010101,01100001101,11011001001,01111110001,11000100111,10110111100,11111000110,00111101111,01001111010
11110100010,01100101100,00101110010,00111010101,01011100110,10101001111,10010111100,01010111011,11111011000,11001100001,11000010110
11110000110,01101011100,10011101100,01010011010,00110101111,10000011111,10111011001,11100111001,01010110101,01001100011,10101110010
01110111101,00111100011,11111010110,10101111000,01101001110,01010111010,10110101110,10110011011,11100100011,11011001001,10001110111
11011100010,01101011100,01110010011,10011001111,00010111100101110,010011110010,001111,101111,01010,000110,10110100111100100011,1001011
00101011101,01111110001,00011111110,11110011010,01110101111,11000111101,10110110100,11011001100,10101101011,01101100110,10011010111
11110100010,01100101100,00101110010,00111010101,01011100110,10101001111,10010111100,01010111011,11111011000,11001100001,11000010110
11110100010,01100101100,00101110010,00111010101,01011100110,10101001111,10010111100,01010111011,11111011000,11001100001,11000010110
00011100111,10111110100,01011010100,01101001110,11011100010,00010111010,10011011011,11110000111,11000111101,01111101001,01101110011
01110111101,00111100011,11111010110,10101111000,01101001110,01010111010,10110101110,101,1100011,1001000110,0111001
11011100010,01101011100,01110010011,10011001111,00010111110,01001111001,11100101111,10110011000,11010110101,00111100101,10101110111
01111100110,00011011110,11100010100,01110010011,00101110011,00111001101,11011110001,01101111000,01000111101,11001001011,10110101010
00111100011,00001111101,11001110001,01110010101,10011010110,11010100100,01100111010,10100110100,11111001000,11100001111,10010111001
11011100010,01101011100,01110010011,10011001111,00010111110,01001111001,11100101111,10110011000,11010110101,00111100101,10101110111
00011100111,10111110100,01011010100,01101001110,11011100010,00010111010,10011011011,11110000111,11000111101,01111101001,01101110011
11011110010,01101101110,01100010111,00010100111,10100111100,11000101001,10001001111,11111000101,01001110101,00111011001,10101100011
01011001111,01111011000,00101101100,10001011011,10010011110,01000111010,01100011101,00110110011,11011110101,11110101001,11101000110
00111100011,00001111101,11001110001,01110010101,10011010110,11010100100,01100111010,10100110100,11111001000,11100001111,10010111001
00011100111,10111110100,01011010100,01101001110,11011100010,00010111010,10011011011,11110000111,11000111101,01111101001,01101110011
11011001110,10110101010,00011110111,10001111000,01101101011,11000100101,01100111110,01010111001,11111110000,00111101100,10100011101
01001101110,00011010111,11011010100,11111100011,10101010110,00111101100,10001011001,01111011010,01100110101,11110001111,10010111010
11011110010,01101101110,01100010111,00010100111,10100111100,11000101001,10001001111,11111000101,01001110101,00111011001,10101100011
01110111101,00111100011,11111010110,10101111000,01101001110,01010111010,10110101110,10110011011,11100100011,11011001001,10001110111
11011100010,01101011100,01110010011,10011001111,00010111110,01001111001,11100101111,10110011000,11010110101,00111100101,10101110111
10001111011,01001101100,10111100110,10100001111,11101010000,11011000111,11010110100,01010011010,01100110111,11110101001,00111011101
11011001110,10110101010,00011110111,10001111000,01101101011,11000100101,01100111110,01010111001,11111110000,00111101100,10100011101
01010011111,10100010011,10001010101,01100001101,11011001001,01111110001,11000100111,10110111100,11111000110,00111101111,01001111010
00101011101,01111110001,00011111110,11110011010,01110101111,11000111101,10110110100,11011001100,10101101011,01101100110,10011010111
01111100110,00011011110,11100010100,01110010011,00101110011,00111001101,11011110001,01101111000,01000111101,11001001011,10110101010
11110000110,01101011100,10011101100,01010011010,00110101111,10000011111,10111011001,11100111001,01010110101,01001100011,10101110010
01110111101,00111100011,11111010110,10101111000,01101001110,01010111010,10110101110,10110011011,11100100011,11011001001,10001110111
01011001111,01111011000,00101101100,10001011011,10010011110,01000111010,01100011101,00110110011,11011110101,11110101001,11101000110
01010011111,10100010011,10001010101,01100001101,11011001001,01111110001,11000100111,10110111100,11111000110,00111101111,01001111010
01010011111,10100010011,10001010101,01100001101,11011001001,01111110001,11000100111,10110111100,11111000110,00111101111,01001111010
00111100011,00001111101,11001110001,01110010101,10011010110,11010100100,01100111010,10100110100,11111001000,11100001111,10010111001
11110000110,01101011100,10011101100,01010011010,00110101111,10000011111,10111011001,11100111001,01010110101,01001100011,10101110010
01010110010,00011011011,11000010111,01100101011,11111010001,00101110101,10110100011,10110111100,01111000110,11011101101,10001111010
01101100010,00100111111,00011111000,00011001111,01101011100,11010101110,01110110101,11001110111,10111010110,10101101101,11110011011
00011100111,10111110100,01011010100,01101001110,11011100010,00010111010,10011011011,11110000111,11000111101,01111101001,01101110011
11110000110,01101011100,10011101100,01010011010,00110101111,10000011111,10111011001,11100111001,01010110101,01001100011,10101110010
00111100011,00001111101,11001110001,01110010101,10011010110,11010100100,01100111010,10100110100,11111001000,11100001111,10010111001
11110000110,01101011100,10011101100,01010011010,00110101111,10000011111,10111011001,11100111001,01010110101,01001100011,10101110010
01111100110,00011011110,11100010100,01110010011,00101110011,00111001101,11011110001,01101111000,01000111101,11001001011,10110101010
01110111101,00111100011,11111010110,10101111000,01101001110,01010111010,10110101110,10110011011,11100100011,11011001001,10001110111
11110100010,01100101100,00101110010,00111010101,01011100110,10101001111,10010111100,01010111011,11111011000,11001100001,11000010110
10001111011,01001101100,10111100110,10100001111,11101010000,11011000111,11010110100,01010011010,01100110111,11110101001,00111011101
11011001110,10110101010,00011110111,10001111000,01101101011,11000100101,01100111110,01010111001,11111110000,00111101100,10100011101
01111100110,00011011110,11100010100,01110010011,00101110011,00111001101,11011110001,01101111000,01000111101,11001001011,10110101010
11011100010,01101011100,01110010011,10011001111,00010111110,01001111001,11100101111,10110011000,11010110101,00111100101,10101110111
01110111101,00111100011,11111010110,10101111000,01101001110,01010111010,10110101110,10110011011,11100100011,11011001001,10001110111
11011110010,01101101110,01100010111,00010100111,10100111100,11000101001,10001001111,11111000101,01001110101,00111011001,10101100011
01010011111,10100010011,10001010101,01100001101,11011001001,01111110001,11000100111,10110111100,11111000110,00111101111,01001111010
11011001110,10110101010,00011110111,10001111000,01101101011,11000100101,01100111110,01010111001,11111110000,00111101100,10100011101
00010110011,10101101010,11101110001,01110111100,01101011111,01110000011,11000100111,10110011001,11011010110,01011101001,00111100101
11110100010,01100101100,00101110010,00111010101,01011100110,10101001111,10010111100,01010111011,11111011000,11001100001,11000010110
1010011010,001111011011,001000,0001111100011,110100110100011,11001111001101000111,0110011101100111001,1110,0011,0011110100011,10010111011101010
11011100010,01101011100,01110010011,10011001111,00010111110,01001111001,11100101111,10110011000,11010110101,00111100101,10101110111
01001101110,00011010111,11011010100,11111100011,10101010110,00111101100,10001011001,01111011010,01100110101,11110001111,10010111010
11011001110,10110101010,00011110111,10001111000,01101101011,11000100101,01100111110,01010111001,11111110000,00111101100,10100011101
11110100010,01100101100,00101110010,00111010101,01011100110,10101001111,10010111100,01010111011,11111011000,11001100001,11000010110
11011110010,01101101110,01100010111,00010100111,10100111100,11000101001,10001001111,11111000101,01001110101,00111011001,10101100011
11011100010,01101011100,01110010011,10011001111,00010111110,01001111001,11100101111,10110011000,11010110101,00111100101,10101110111
10001111011,01001101100,10111100110,10100001111,11101010000,11011000111,11010110100,01010011010,01100110111,11110101001,00111011101
01001101110,00011010111,11011010100,11111100011,10101010110,00111101100,10001011001,01111011010,01100110101,11110001111,10010111010
11110100010,01100101100,00101110010,00111010101,01011100110,10101001111,10010111100,01010111011,11111011000,11001100001,11000010110
11011001110,10110101010,00011110111,10001111000,01101101011,11000100101,01100111110,01010111001,11111110000,00111101100,10100011101
01011001111,01111011000,00101101100,10001011011,10010011110,01000111010,01100011101,00110110011,11011110101,11110101001,11101000110
00011100111,10111110100,01011010100,01101001110,11011100010,00010111010,10011011011,11110000111,11000111101,01111101001,01101110011
11011100010,01101011100,01110010011,10011001111,00010111110,01001111001,11100101111,10110011000,11010110101,00111100101,10101110111
11011001110,10110101010,00011110111,10001111000,01101101011,11000100101,01100111110,01010111001,11111110000,00111101100,10100011101
11110000110,01101011100,10011101100,01010011010,00110101111,10000011111,10111011001,11100111001,01010110101,01001100011,10101110010
01010011111,10100010011,10001010101,01100001101,11011001001,01111110001,11000100111,10110111100,11111000110,00111101111,01001111010
11011100010,01101011100,01110010011,10011001111,00010111110,01001111001,11100101111,10110011000,11010110101,00111100101,10101110111
01010011111,10100010011,10001010101,01100001101,11011001001,01111110001,11000100111,10110111100,11111000110,00111101111,01001111010
11011001110,10110101010,00011110111,10001111000,01101101011,11000100101,01100111110,01010111001,11111110000,00111101100,10100011101
01001101110,00011010111,11011010100,11111100011,10101010110,00111101100,10001011001,01111011010,01100110101,11110001111,10010111010
00101011101,01111110001,00011111110,11110011010,01110101111,11000111101,10110110100,11011001100,10101101011,01101100110,10011010111
01111100110,00011011110,11100010100,01110010011,00101110011,00111001101,11011110001,01101111000,01000111101,11001001011,10110101010
01010110010,00011011011,11000010111,01100101011,11111010001,00101110101,10110100011,10110111100,01111000110,11011101101,10001111010
11011001110,10110101010,00011110111,10001111000,01101101011,11000100101,01100111110,01010111001,11111110000,00111101100,10100011101
01011001111,01111011000,00101101100,10001011011,10010011110,01000111010,01100011101,00110110011,11011110101,11110101001,11101000110
01010011111,10100010011,10001010101,01100001101,11011001001,01111110001,11000100111,10110111100,11111000110,00111101111,01001111010
01010110010,00011011011,11000010111,01100101011,11111010001,00101110101,10110100011,10110111100,01111000110,11011101101,10001111010
11011110010,01101101110,01100010111,00010100111,10100111100,11000101001,10001001111,11111000101,01001110101,00111011001,10101100011
00101011101,01111110001,00011111110,11110011010,01110101111,11000111101,10110110100,11011001100,10101101011,01101100110,10011010111
00101011101,01111110001,00011111110,11110011010,01110101111,11000111101,10110110100,11011001100,10101101011,01101100110,10011010111
11011001110,10110101010,00011110111,10001111000,01101101011,11000100101,01100111110,01010111001,11111110000,00111101100,10100011101
01110111101,00111100011,11111010110,10101111000,01101001110,01010111010,10110101110,10110011011,11100100011,11011001001,10001110111
11011110010,01101101110,01100010111,00010100111,10100111100,11000101001,10001001111,11111000101,01001110101,00111011001,10101100011
01110111101,00111100011,11111010110,10101111000,01101001110,01010111010,10110101110,10110011011,11100100011,11011001001,10001110111
11011100010,01101011100,01110010011,10011001111,00010111110,01001111001,11100101111,10110011000,11010110101,00111100101,10101110111
00010110011,10101101010,11101110001,01110111100,01101011111,01110000011,11000100111,10110011001,11011010110,01011101001,00111100101
01010110010,00011011011,11000010111,01100101011,11111010001,00101110101,10110100011,10110111100,01111000110,11011101101,10001111010
00101011101,01111110001,00011111110,11110011010,01110101111,11000111101,10110110100,11011001100,10101101011,01101100110,10011010111
10001111011,01001101100,10111100110,10100001111,11101010000,11011000111,11010110100,01010011010,01100110111,11110101001,00111011101
10001111011,01001101100,10111100110,10100001111,11101010000,11011000111,11010110100,01010011010,01100110111,11110101001,00111011101
00111100011,00001111101,11001110001,01110010101,10011010110,11010100100,01100111010,10100110100,11111001000,11100001111,10010111001
01010011111,10100010011,10001010101,01100001101,11011001001,01111110001,11000100111,10110111100,11111000110,00111101111,01001111010
00011100111,10111110100,01011010100,01101001110,11011100010,00010111010,10011011011,11110000111,11000111101,01111101001,01101110011
11110100010,01100101100,00101110010,00111010101,01011100110,10101001111,10010111100,01010111011,11111011000,11001100001,11000010110
01010110010,00011011011,11000010111,01100101011,11111010001,00101110101,10110100011,10110111100,01111000110,11011101101,10001111010
01101100010,00100111111,00011111000,00011001111,01101011100,11010101110,01110110101,11001110111,10111010110,10101101101,11110011011
00011011101,01111111000,10110011110,11000111100,10110100101,11101001011,11010110011,01010101110,00100111011,01101010110,10001100010
01001101110,00011010111,11011010100,11111100011,10101010110,00111101100,10001011001,01111011010,01100110101,11110001111,10010111010
10001111011,01001101100,10111100110,10100001111,11101010000,11011000111,11010110100,01010011010,01100110111,11110101001,00111011101
10001111011,01001101100,10111100110,10100001111,11101010000,11011000111,11010110100,01010011010,01100110111,11110101001,00111011101
10001111011,01001101100,10111100110,10100001111,11101010000,11011000111,11010110100,01010011010,01100110111,11110101001,00111011101
01111100110,00011011110,11100010100,01110010011,00101110011,00111001101,11011110001,01101111000,01000111101,11001001011,10110101010
00011011101,01111111000,10110011110,11000111100,10110100101,11101,0101010101100011000110001,110110011,10,11011001,1,100111010110
11011110010,01101101110,01100010111,00010100111,10100111100,11000101001,10001001111,11111000101,01001110101,00111011001,10101100011
10001111011,01001101100,10111100110,10100001111,11101010000,11011000111,11010110100,01010011010,01100110111,11110101001,00111011101
10001111011,01001101100,10111100110,10100001111,11101010000,11011000111,11010110100,01010011010,01100110111,11110101001,00111011101
01110111101,00111100011,11111010110,10101111000,01101001110,01010111010,10110101110,10110011011,11100100011,11011001001,10001110111
00010110011,10101101010,11101110001,01110111100,01101011111,01110000011,11000100111,10110011001,11011010110,01011101001,00111100101
00101011101,01111110001,00011111110,11110011010,01110101111,11000111101,10110110100,11011001100,10101101011,01101100110,10011010111
01110111101,00111100011,11111010110,10101111000,01101001110,01010111010,10110101110,10110011011,11100100011,11011001001,10001110111
00101011101,01111110001,00011111110,11110011010,01110101111,11000111101,10110110100,11011001100,10101101011,01101100110,10011010111
11011001110,10110101010,00011110111,10001111000,01101101011,11000100101,01100111110,01010111001,11111110000,00111101100,10100011101
11011100010,01101011100,01110010011,10011001111,00010111110,01001111001,11100101111,10110011000,11010110101,00111100101,10101110111
10001111011,01001101100,10111100110,10100001111,11101010000,11011000111,11010110100,01010011010,01100110111,11110101001,00111011101
00111100011,00001111101,11001110001,01110010101,10011010110,11010100100,01100111010,10100110100,11111001000,11100001111,10010111001
01101100010,00100111111,00011111000,00011001111,01101011100,11010101110,01110110101,11001110111,10111010110,10101101101,11110011011
01011001111,01111011000,00101101100,10001011011,10010011110,01000111010,01100011101,00110110011,11011110101,11110101001,11101000110
10001111011,01001101100,10111100110,10100001111,11101010000,11011000111,11010110100,01010011010,01100110111,11110101001,00111011101
00011011101,01111111000,10110011110,11000111100,10110100101,11101001011,11010110011,01010101110,00100111011,01101010110,10001100010
00011011101,01111111000,10110011110,11000111100,10110100101,11101001011,11010110011,01010101110,00100111011,01101010110,10001100010
00111100011,00001111101,11001110001,01110010101,10011010110,11010100100,01100111010,10100110100,11111001000,11100001111,10010111001
00011100111,10111110100,01011010100,01101001110,11011100010,00010111010,10011011011,11110000111,11000111101,01111101001,01101110011
01110111101,00111100011,11111010110,10101111000,01101001110,01010111010,10110101110,10110011011,11100100011,11011001001,10001110111
10001111011,01001101100,10111100110,10100001111,11101010000,11011000111,11010110100,01010011010,01100110111,11110101001,00111011101
00010110011,10101101010,11101110001,01110111100,01101011111,01110000011,11000100111,10110011001,11011010110,01011101001,00111100101
10001111011,01001101100,10111100110,10100001111,11101010000,11011000111,11010110100,01010011010,01100110111,11110101001,00111011101
01010011111,10100010011,10001010101,01100001101,11011001001,01111110001,11000100111,10110111100,11111000110,00111101111,01001111010
00011100111,10111110100,01011010100,01101001110,11011100010,00010111010,10011011011,11110000111,11000111101,01111101001,01101110011
00010110011,10101101010,11101110001,01110111100,01101011111,01110000011,11000100111,10110011001,11011010110,01011101001,00111100101
00111100011,00001111101,11001110001,01110010101,10011010110,11010100100,01100111010,10100110100,11111001000,11100001111,10010111001
11110100010,01100101100,00101110010,00111010101,01011100110,10101001111,10010111100,01010111011,11111011000,11001100001,11000010110
00111100011,00001111101,11001110001,01110010101,10011010110,11010100100,01100111010,10100110100,11111001000,11100001111,10010111001
01011001111,01111011000,00101101100,10001011011,10010011110,01000111010,01100011101,00110110011,11011110101,11110101001,11101000110
00111100011,00001111101,11001110001,01110010101,10011010110,11010100100,01100111010,10100110100,11111001000,11100001111,10010111001
10001111011,01001101100,10111100110,10100001111,11101010000,11011000111,11010110100,01010011010,01100110111,11110101001,00111011101
01011001111,01111011000,00101101100,10001011011,10010011110,01000111010,01100011101,00110110011,11011110101,11110101001,11101000110
01011001111,01111011000,00101101100,10001011011,10010011110,01000111010,01100011101,00110110011,11011110101,11110101001,11101000110
00111100011,00001111101,11001110001,01110010101,10011010110,11010100100,01100111010,10100110100,11111001000,11100001111,10010111001
00011100111,10111110100,01011010100,01101001110,11011100010,00010111010,10011011011,11110000111,11000111101,01111101001,01101110011
01010110010,00011011011,11000010111,01100101011,11111010001,00101110101,10110100011,10110111100,01111000110,11011101101,10001111010
11110000110,01101011100,10011101100,01010011010,00110101111,10000011111,10111011001,11100111001,01010110101,01001100011,10101110010
01010110010,00011011011,11000010111,01100101011,11111010001,00101110101,10110100011,10110111100,01111000110,11011101101,10001111010
10001111011,01001101100,10111100110,10100001111,11101010000,11011000111,11010110100,01010011010,01100110111,11110101001,00111011101
11011100010,01101011100,01110010011,10011001111,00010111110,01001111001,11100101111,10110011000,11010110101,00111100101,10101110111
01010011111,10100010011,10001010101,01100001101,11011001001,01111110001,11000100111,10110111100,11111000110,00111101111,01001111010
11110000110,01101011100,10011101100,01010011010,00110101111,10000011111,10111011001,11100111001,01010110101,01001100011,10101110010
01101100010,00100111111,00011111000,00011001111,01101011100,11010101110,01110110101,11001110111,10111010110,10101101101,11110011011
01010011111,10100010011,10001010101,01100001101,11011001001,01111110001,11000100111,10110111100,11111000110,00111101111,01001111010
11011001110,10110101010,00011110111,10001111000,01101101011,11000100101,01100111110,01010111001,11111110000,00111101100,10100011101
11011001110,10110101010,00011110111,10001111000,01101101011,11000100101,01100111110,01010111001,11111110000,00111101100,10100011101
01101100010,00100111111,00011111000,00011001111,01101011100,11010101110,01110110101,11001110111,10111010110,10101101101,11110011011
01010011111,10100010011,10001010101,01100001101,11011001001,01111110001,11000100111,10110111100,11111000110,00111101111,01001111010
00101011101,01111110001,00011111110,11110011010,01110101111,11000111101,10110110100,11011001100,10101101011,01101100110,10011010111
10001111011,01001101100,10111100110,10100001111,11101010000,11011000111,11010110100,01010011010,01100110111,11110101001,00111011101
11110000110,01101011100,10011101100,01010011010,00110101111,10000011111,10111011001,11100111001,01010110101,01001100011,10101110010
00011011101,01111111000,10110011110,11000111100,10110100101,11101001011,11010110011,01010101110,00100111011,01101010110,10001100010
10001111011,01001101100,10111100110,10100001111,11101010000,11011000111,11010110100,01010011010,01100110111,11110101001,00111011101
01110111101,00111100011,11111010110,10101111000,00111101001110,01010111010,10110101110,10110011011,11100100011,11011001001,10001110111
11110100010,01100101100,00101110010,00111010101,01011100110,10101001111,10010111100,01010111011,11111011000,11001100001,11000010110
11011100010,01101011100,01110010011,10011001111,00010111110,01001111001,11100101111,10110011000,11010110101,00111100101,10101110111
11011001110,10110101010,00011110111,10001111000,01101101011,11000100101,01100111110,01010111001,11111110000,00111101100,10100011101
01010011111,10100010011,10001010101,01100001101,11011001001,01111110001,11000100111,10110111100,11111000110,00111101111,01001111010
00011011101,01111111000,10110011110,11000111100,10110100101,11101001011,11010110011,01010101110,00100111011,01101010110,10001100010
11011100010,01101011100,01110010011,10011001111,00010111110,01001111001,11100101111,10110011000,11010110101,00111100101,10101110111
01010011111,10100010011,10001010101,01100001101,11011001001,01111110001,11000100111,10110111100,11111000110,00111101111,01001111010
01110111101,00111100011,11111010110,10101111000,01101001110,01010111010,10110101110,10110011011,11100100011,11011001001,10001110111
00101011101,01111110001,00011111110,11110011010,01110101111,11000111101,10110110100,11011001100,10101101011,01101100110,10011010111
11110000110,01101011100,10011101100,01010011010,00110101111,10000011111,10111011001,11100111001,01010110101,01001100011,10101110010
11011110010,01101101110,01100010111,00010100111,10100111100,11000101001,10001001111,11111000101,01001110101,00111011001,10101100011
01010011111,10100010011,10001010101,01100001101,11011001001,01111110001,11000100111,10110111100,11111000110,00111101111,01001111010
01010011111,10100010011,10001010101,01100001101,11011001001,01111110001,11000100111,10110111100,11111000110,00111101111,01001111010
00010110011,10101101010,11101110001,01110111100,01101011111,01110000011,11000100111,10110011001,11011010110,01011101001,00111100101
11110100010,01100101100,00101110010,00111010101,01011100110,10101001111,10010111100,01010111011,11111011000,11001100001,11000010110
01111100110,00011011110,11100010100,01110010011,00101110011,00111001101,11011110001,01101111000,01000111101,11001001011,10110101010
00111100011,00001111101,11001110001,01110010101,10011010110,11010100100,01100111010,10100110100,11111001000,11100001111,10010111001
01010011111,10100010011,10001010101,01100001101,11011001001,01111110001,11000100111,10110111100,11111000110,00111101111,01001111010
01011001111,01111011000,00101101100,10001011011,10010011110,01000111010,01100011101,00110110011,11011110101,11110101001,11101000110
01011001111,01111011000,00101101100,10001011011,10010011110,01000111010,01100011101,00110110011,11011110101,11110101001,11101000110
11011001110,10110101010,00011110111,10001111000,01101101011,11000100101,01100111110,01010111001,11111110000,00111101100,10100011101
01101100010,00100111111,00011111000,00011001111,01101011100,11010101110,01110110101,11001110111,10111010110,10101101101,11110011011
10001111011,01001101100,10111100110,10100001111,11101010000,11011000111,11010110100,01010011010,01100110111,11110101001,00111011101
01001101110,00011010111,11011010100,11111100011,10101010110,00111101100,10001011001,01111011010,01100110101,11110001111,10010111010
10001111011,01001101100,10111100110,10100001111,11101010000,11011000111,11010110100,01010011010,01100110111,11110101001,00111011101
11011110010,01101101110,01100010111,00010100111,10100111100,11000101001,10001001111,11111000101,01001110101,00111011001,10101100011
01010110010,00011011011,11000010111,01100101011,11111010001,00101110101,10110100011,10110111100,01111000110,11011101101,10001111010
00010110011,10101101010,11101110001,01110111100,01101011111,01110000011,11000100111,10110011001,11011010110,01011101001,00111100101
00101011101,01111110001,00011111110,11110011010,01110101111,11000111101,10110110100,11011001100,10101101011,01101100110,10011010111
01010011111,10100010011,10001010101,01100001101,11011001001,01111110001,11000100111,10110111100,11111000110,00111101111,01001111010
10001111011,01001101100,10111100110,10100001111,11101010000,11011000111,11010110100,01010011010,01100110111,11110101001,00111011101
00011011101,01111111000,10110011110,11000111100,10110100101,11101001011,11010110011,01010001110,00100111011,01101010110,10001100010
01110111101,00111100011,11111010110,10101111000,01101001110,01010111010,10110101110,10110011011,11100100011,11011001001,10001110111
01110111101,00111100011,11111010110,10101111000,01101001110,01010111010,10110101110,10110011011,11100100011,11011001001,10001110111
10001111011,01001101100,10111100110,10100001111,11101010000,11011000111,11010110100,01010011010,01100110111,11110101001,00111011101
01110111101,00111100011,11111010110,10101111000,01101001110,01010111010,10110101110,10110011011,11100100011,11011001001,10001110111
11011100010,01101011100,01110010011,10011001111,00010111110,01001111001,11100101111,10110011000,11010110101,00111100101,10101110111
01111100110,00011011110,11100010100,01110010011,00101110011,00111001101,11011110001,01101111000,01000111101,11001001011,10110101010
00011011101,01111111000,10110011110,11000111100,10110100101,11101001011,11010110011,01010101110,00100111011,01101010110,10001100010
00101011101,01111110001,00011111110,11110011010,01110101111,11000111101,10110110100,11011001100,10101101011,01101100110,10011010111
00101011101,01111110001,00011111110,11110011010,01110101111,11000111101,10110110100,11011001100,10101101011,01101100110,10011010111
01010011111,10100010011,10001010101,01100001101,11011001001,01111110001,11000100111,10110111100,11111000110,00111101111,01001111010
01111100110,00011011110,11100010100,01110010011,00101110011,00111001101,11011110001,01101111000,01000111101,11001001011,10110101010
00010110011,10101101010,11101110001,01110111100,01101011111,01110000011,11000100111,10110011001,11011010110,01011101001,00111100101
10001111011,01001101100,10111100110,10100001111,11101010000,11011000111,11010110100,01010011010,01100110111,11110101001,00111011101
01011001111,01111011000,00101101100,10001011011,10010011110,01000111010,01100011101,00110110011,11011110101,11110101001,11101000110
10001111011,01001101100,10111100110,10100001111,11101010000,11011000111,11010110100,01010011010,01100110111,11110101001,00111011101
00011100111,10111110100,01011010100,01101001110,11011100010,00010111010,10011011011,11110000111,11000111101,01111101001,01101110011
00101011101,01111110001,00011111110,11110011010,01110101111,11000111101,10110110100,11011001100,10101101011,01101100110,10011010111
01001101110,00011010111,11011010100,11111100011,10101010110,00111101100,10001011001,01111011010,01100110101,11110001111,10010111010
00010110011,10101101010,11101110001,01110111100,01101011111,01110000011,11000100111,10110011001,11011010110,01011101001,00111100101
00011011101,01111111000,10110011110,11000111100,10110100101,11101001011,11010110011,01010101110,00100111011,01101010110,10001100010
00011100111,10111110100,01011010100,01101001110,11011100010,00010111010,10011011011,11110000111,11000111101,01111101001,01101110011
11110000110,01101011100,10011101100,01010011010,00110101111,10000011111,10111011001,11100111001,01010110101,01001100011,10101110010
01011001111,01111011000,00101101100,10001011011,10010011110,01000111010,01100011101,00110110011,11011110101,11110101001,11101000110
00011011101,01111111000,10110011110,11000111100,10110100101,11101001011,11010110011,01010101110,00100111011,01101010110,10001100010
00101011101,01111110001,00011111110,11110011010,01110101111,11000111101,10110110100,11011001100,10101101011,01101100110,10011010111
00011011101,01111111000,10110011110,11000111100,10110100101,11101001011,11010110011,01010101110,00100111011,01101010110,10001100010
01101100010,00100111111,00011111000,00011001111,01101011100,11010101110,01110110101,11001110111,10111010110,10101101101,11110011011
01111100110,00011011110,11100010100,01110010011,00101110011,00111001101,11011110001,01101111000,01000111101,11001001011,10110101010
00011100111,10111110100,01011010100,01101001110,11011100010,00010111010,10011011011,11110000111,11000111101,01111101001,01101110011
11011110010,01101101110,01100010111,00010100111,10100111100,11000101001,10001001111,11111000101,01001110101,00111011001,10101100011
01010110010,00011011011,11000010111,01100101011,11111010001,00101110101,10110100011,10110111100,01111000110,11011101101,10001111010
00101011101,01111110001,00011111110,11110011010,01110101111,11000111101,10110110100,11011001100,10101101011,01101100110,10011010111
00101011101,01111110001,00011111110,11110011010,01110101111,11000111101,10110110100,11011001100,10101101011,01101100110,10011010111
11011100010,01101011100,01110010011,10011001111,00010111110,01001111001,11100101111,10110011000,11010110101,00111100101,10101110111
00101011101,01111110001,00011111110,11110011010,01110101111,11000111101,10110110100,11011001100,10101101011,01101100110,10011010111
11110100010,01100101100,00101110010,00111010101,01011100110,10101001111,10010111100,01010111011,11111011000,11001100001,11000010110
00101011101,01111110001,00011111110,11110011010,01110101111,11000111101,10110110100,11011001100,10101101011,01101100110,10011010111
00101011101,01111110001,00011111110,11110011010,01110101111,11000111101,10110110100,11011001100,10101101011,01101100110,10011010111
11110100010,01100101100,00101110010,00111010101,01011100110,10101001111,10010111100,01010111011,11111011000,11001100001,11000010110
01010110010,00011011011,11000010111,01100101011,11111010001,00101110101,10110100011,10110111100,01111000110,11011101101,10001111010
00111100011,00001111101,11001110001,01110010101,10011010110,11010100100,01100111010,10100110100,11111001000,11100001111,10010111001
11110100010,01100101100,00101110010,00111010101,01011100110,10101001111,10010111100,01010111011,11111011000,11001100001,11000010110
11110000110,01101011100,10011101100,01010011010,00110101111,10000011111,10111011001,11100111001,01010110101,01001100011,10101110010
11011110010,01101101110,01100010111,00010100111,10100111100,11000101001,10001001111,11111000101,01001110101,00111011001,10101100011
10001111011,01001101100,10111100110,10100001111,11101010000,11011000111,11010110100,01010011010,01100110111,11110101001,00111011101
11011110010,01101101110,01100010111,00010100111,10100111100,11000101001,10001001111,11111000101,01001110101,00111011001,10101100011
00111100011,00001111101,11001110001,01110010101,10011010110,11010100100,01100111010,10100110100,11111001000,11100001111,10010111001
01010011111,10100010011,10001010101,01100001101,11011001001,01111110001,11000100111,10110111100,11111000110,00111101111,01001111010
00010110011,10101101010,11101110001,01110111100,01101011111,01110000011,11000100111,10110011001,11011010110,01011101001,00111100101
01110111101,00111100011,11111010110,10101111000,01101001110,01010111010,10110101110,10110011011,11100100011,11011001001,10001110111
11011100010,01101011100,01110010011,10011001111,00010111110,01001111001,11100101111,10110011000,11010110101,00111100101,10101110111
01111100110,00011011110,11100010100,01110010011,00101110011,00111001101,11011110001,01101111000,01000111101,11001001011,10110101010
01101100010,00100111111,00011111000,00011001111,01101011100,11010101110,01110110101,11001110111,10111010110,10101101101,11110011011
11110000110,01101011100,10011101100,01010011010,00110101111,10000011111,10111011001,11100111001,01010110101,01001100011,10101110010
11011100010,01101011100,01110010011,10011001111,00010111110,01001111001,11100101111,10110011000,11010110101,00111100101,10101110111
10001111011,01001101100,10111100110,10100001111,11101010000,11011000111,11010110100,01010011010,01100110111,11110101001,00111011101
00101011101,01111110001,00011111110,11110011010,01110101111,11000111101,10110110100,11011001100,10101101011,01101100110,10011010111
11011110010,01101101110,01100010111,00010100111,10100111100,11000101001,10001001111,11111000101,01001110101,00111011001,10101100011
01111100110,00011011110,11100010100,01110010011,00101110011,00111001101,11011110001,01101111000,01000111101,11001001011,10110101010
01111100110,00011011110,11100010100,01110010011,00101110011,00111001101,11011110001,01101111000,01000111101,11001001011,10110101010
10001111011,01001101100,10111100110,10100001111,11101010000,11011000111,11010110100,01010011010,01100110111,11110101001,00111011101
10001111011,01001101100,10111100110,10100001111,11101010000,11011000111,11010110100,01010011010,01100110111,11110101001,00111011101
00010110011,10101101010,11101110001,01110111100,01101011111,01110000011,11000100111,10110011001,11011010110,01011101001,00111100101
11110100010,01100101100,00101110010,00111010101,01011100110,10101001111,10010111100,01010111011,11111011000,11001100001,11000010110
01010011111,10100010011,10001010101,01100001101,11011001001,01111110001,11000100111,10110111100,11111000110,00111101111,01001111010
01111100110,00011011110,11100010100,01110010011,00101110011,00111001101,11011110001,01101111000,01000111101,11001001011,10110101010
11011001110,10110101010,00011110111,10001111000,01101101011,11000100101,01100111110,01010111001,11111110000,00111101100,10100011101
11011110010,01101101110,01100010111,00010100111,10100111100,11000101001,10001001111,11111000101,01001110101,00111011001,10101100011
01010011111,10100010011,10001010101,01100001101,11011001001,01111110001,11000100111,10110111100,11111000110,00111101111,01001111010
01001101110,00011010111,11011010100,11111100011,10101010110,00111101100,10001011001,01111011010,01100110101,11110001111,10010111010
01010011111,10100010011,10001010101,01100001101,1101100111,01111110001,11000100111,10110111100,11111000110,00111101111,01001111010
01101100010,00100111111,00011111000,00011001111,01101011100,11010101110,01110110101,11001110111,10111010110,10101101101,11110011011
00010110011,10101101010,11101110001,01110111100,01101011111,01110000011,11000100111,10110011001,11011010110,01011101001,00111100101
01111100110,00011010100,11111000101101111,10110001,11010111010,1001101001101101011011111,110001001100110,110011010100,10010110,10011111110010101110011011010001,101100,10001001101001,,1100110101101010110001100011,,00011100110010101,101100,011001
01010110010,00011011011,11000010111,01100101011,11111010001,00101110101,10110100011,10110111100,01111000110,11011101101,10001111010
11110000110,01101011100,10011101100,01010011010,00110101111,10000011111,10111011001,11100111001,01010110101,01001100011,10101110010
01110111101,00111100011,11111010110,10101111000,01101001110,01010111010,10110101110,10110011011,11100100011,11011001001,10001110111
01110111101,00111100011,11111010110,10101111000,01101001110,01010111010,10110101110,10110011011,11100100011,11011001001,10001110111
00011100111,10111110100,01011010100,01101001110,11011100010,00010111010,10011011011,11110000111,11000111101,01111101001,01101110011
01010011111,10100010011,10001010101,01100001101,11011001001,01111110001,11000100111,10110111100,11111000110,00111101111,01001111010
00011011101,01111111000,10110011110,11000111100,10110100101,11101001011,11010110011,01010101110,00100111011,01101010110,10001100010
01111100110,00011011110,11100010100,01110010011,00101110011,00111001101,11011110001,01101111000,01000111101,11001001011,10110101010
10001111011,01001101100,10111100110,10100001111,11101010000,11011000111,11010110100,01010011010,01100110111,11110101001,00111011101
01001101110,00011010111,11011010100,11111100011,10101010110,00111101100,10001011001,01111011010,01100110101,11110001111,10010111010
01101100010,00100111111,00011111000,00011001111,01101011100,11010101110,01110110101,11001110111,10111010110,10101101101,11110011011
11110000110,01101011100,10011101100,01010011010,00110101111,10000011111,10111011001,11100111001,01010110101,01001100011,10101110010
11011001110,10110101010,00011110111,10001111000,01101101011,11000100101,01100111110,01010111001,11111110000,00111101100,10100011101
01010011111,10100010011,10001010101,01100001101,11011001001,01111110001,11000100111,10110111100,11111000110,00111101111,01001111010
01001101110,00011010111,11011010100,11111100011,10101010110,00111101100,10001011001,01111011010,01100110101,11110001111,10010111010
01110111101,00111100011,11111010110,10101111000,01101001110,01010111010,10110101110,10110011011,11100100011,11011001001,10001110111
11011100010,01101011100,01110010011,10011001111,00010111110,01001111001,11100101111,10110011000,11010110101,00111100101,10101110111
11011100010,01101011100,01110010011,10011001111,00010111110,01001111001,11100101111,10110011000,11010110101,00111100101,10101110111
00111100011,00001111101,11001110001,01110010101,10011010110,11010100100,01100111010,10100110100,11111001000,11100001111,10010111001
11110100010,01100101100,00101110010,00111010101,01011100110,10101001111,10010111100,01010111011,11111011000,11001100001,11000010110
11011001110,10110101010,00011110111,10001111000,01101101011,11000100101,01100111110,01010111001,11111110000,00111101100,10100011101
01101100010,00100111111,00011111000,00011001111,01101011100,11010101110,01110110101,11001110111,10111010110,10101101101,11110011011
00011011101,01111111000,10110011110,11000111100,10110100101,11101001011,11010110011,01010101110,00100111011,01101010110,10001100010
11011110010,01101101110,01100010111,00010100111,10100111100,11000101001,10001001111,11111000101,01001110101,00111011001,10101100011
11011100010,01101011100,01110010011,10011001111,00010111110,01001111001,11100101111,10110011000,11010110101,00111100101,10101110111
00011100111,10111110100,01011010100,01101001110,11011100010,00010111010,10011011011,11110000111,11000111101,01111101001,01101110011
01011001111,01111011000,00101101100,10001011011,10010011110,01000111010,01100011101,00110110011,11011110101,11110101001,11101000110
00011011101,01111111000,10110011110,11000111100,10110100101,11101001011,11010110011,01010101110,00100111011,01101010110,10001100010
01010011111,10100010011,10001010101,01100001101,11011001001,01111110001,11000100111,10110111100,11111000110,00111101111,01001111010
00011011101,01111111000,10110011110,11000111100,10110100101,11101001011,11010110011,01010101110,00100111011,01101010110,10001100010
01101100010,00100111111,00011111000,00011001111,01101011100,11010101110,01110110101,11001110111,10111010110,10101101101,11110011011
11110100010,01100101100,00101110010,00111010101,01011100110,10101001111,10010111100,01010111011,11111011000,11001100001,11000010110
00101011101,01111110001,00011111110,11110011010,01110101111,11000111101,10110110100,11011001100,10101101011,01101100110,10011010111
01011001111,01111011000,00101101100,10001011011,10010011110,01000111010,01100011101,00110110011,11011110101,11110101001,11101000110
01010011111,10100010011,10001010101,01100001101,11011001001,01111110001,11000100111,10110111100,11111000110,00111101111,01001111010
01010110010,00011011011,11000010111,01100101011,11111010001,00101110101,10110100011,10110111100,01111000110,11011101101,10001111010
00101011101,01111110001,00011111110,11110011010,01110101111,11000111101,10110110100,11011001100,10101101011,01101100110,10011010111
01110111101,00111100011,11111010110,10101111000,01101001110,01010111010,10110101110,10110011011,11100100011,11011001001,10001110111
00101011101,01111110001,00011111110,11110011010,01110101111,11000111101,10110110100,11011001100,10101101011,01101100110,10011010111
10001111011,01001101100,10111100110,10100001111,11101010000,11011000111,11010110100,01010011010,01100110111,11110101001,00111011101
00011011101,01111111000,10110011110,11000111100,10110100101,11101001011,11010110011,01010101110,00100111011,01101010110,10001100010
01111100110,00011011110,11100010100,01110010011,00101110011,00111001101,11011110001,01101111000,01000111101,11001001011,10110101010
00111100011,00001111101,11001110001,01110010101,10011010110,11010100100,01100111010,10100110100,11111001000,11100001111,10010111001
00101011101,01111110001,00011111110,11110011010,01110101111,11000111101,10110110100,11011001100,10101101011,01101100110,10011010111
11110100010,01100101100,00101110010,00111010101,01011100110,10101001111,10010111100,01010111011,11111011000,11001100001,11000010110
00011011101,01111111000,10110011110,11000111100,10110100101,11101001011,11010110011,01010101110,00100111011,01101010110,10001100010
00011011101,01111111000,10110011110,11000111100,10110100101,11101001011,11010110011,01010101110,00100111011,01101010110,10001100010
01001101110,00011010111,11011010100,11111100011,10101010110,00111101100,10001011001,01111011010,01100110101,11110001111,10010111010
00010110011,10101101010,11101110001,01110111100,01101011111,01110000011,11000100111,10110011001,11011010110,01011101001,00111100101
11110100010,01100101100,00101110010,00111010101,01011100110,10101001111,10010111100,01010111011,11111011000,11001100001,11000010110
00101011101,01111110001,00011111110,11110011010,01110101111,11000111101,10110110100,11011001100,10101101011,01101100110,10011010111
01111100110,00011011110,11100010100,01110010011,00101110011,00111001101,11011110001,01101111000,01000111101,11001001011,10110101010
11011100010,01101011100,01110010011,10011001111,00010111110,01001111001,11100101111,10110011000,11010110101,00111100101,10101110111
11110100010,01100101100,00101110010,00111010101,01011100110,10101001111,10010111100,01010111011,11111011000,11001100001,11000010110
01010110010,00011011011,11000010111,01100101011,11111010001,00101110101,10110100011,10110111100,01111000110,11011101101,10001111010
11011100010,01101011100,01110010011,10011001111,00010111110,01001111001,11100101111,10110011000,11010110101,00111100101,10101110111
01011001111,01111011000,00101101100,10001011011,10010011110,01000111010,01100011101,00110110011,11011110101,11110101001,11101000110
00011011101,01111111000,10110011110,11000111100,10110100101,11101001011,11010110011,01010101110,00100111011,01101010110,10001100010
01010110010,00011011011,11000010111,01100101011,11111010001,00101110101,10110100011,10110111100,01111000110,11011101101,10001111010
11011100010,01101011100,01110010011,10011001111,00010111110,01001111001,11100101111,10110011000,11010110101,00111100101,10101110111
0001100110,100001101100,0011000011,100110010101,100011101,100110001111001,111010,1101111110000,011100110001100011101001,011101,001100011100101010
00101011101,01111110001,00011111110,11110011010,01110101111,11000111101,10110110100,11011001100,10101101011,01101100110,10011010111
00011011101,01111111000,10110011110,11000111100,10110100101,11101001011,11010110011,01010101110,00100111011,01101010110,10001100010
11110000110,01101011100,10011101100,01010011010,00110101111,10000011111,10111011001,11100111001,01010110101,01001100011,10101110010
00010110011,10101101010,11101110001,01110111100,01101011111,01110000011,11000100111,10110011001,11011010110,01011101001,00111100101
00111100011,00001111101,11001110001,01110010101,10011010110,11010100100,01100111010,10100110100,11111001000,11100001111,10010111001
1110110010,0011110110101,001100011,11000111100,1100011010001011,0101011101011101011101010101110101101111010110,0010011,1010100110010110
00010110011,10101101010,11101110001,01110111100,01101011111,01110000011,11000100111,10110011001,11011010110,01011101001,00111100101
01110111101,00111100011,11111010110,10101111000,01101001110,01010111010,10110101110,10110011011,11100100011,11011001001,10001110111
01110111101,00111100011,11111010110,10101111000,01101001110,01010111010,10110101110,10110011011,11100100011,11011001001,10001110111
01110111101,00111100011,11111010110,10101111000,01101001110,01010111010,10110101110,10110011011,11100100011,11011001001,10001110111
11011001110,10110101010,00011110111,10001111000,01101101011,11000100101,01100111110,01010111001,11111110000,00111101100,10100011101
10001111011,01001101100,10111100110,10100001111,11101010000,11011000111,11010110100,01010011010,01100110111,11110101001,00111011101
11011001110,10110101010,00011110111,10001111000,01101101011,11000100101,01100111110,01010111001,11111110000,00111101100,10100011101
11011100010,01101011100,01110010011,10011001111,00010111110,01001111001,11100101111,10110011000,11010110101,00111100101,10101110111
01011001111,01111011000,00101101100,10001011011,10010011110,01000111010,01100011101,00110110011,11011110101,11110101001,11101000110
01010110010,00011011011,11000010111,01100101011,11111010001,00101110101,10110100011,10110111100,01111000110,11011101101,10001111010
01110111101,00111100011,11111010110,10101111000,01101001110,01010111010,10110101110,10110011011,11100100011,11011001001,10001110111
00011011101,01111111000,10110011110,11000111100,10110100101,11101001011,11010110011,01010101110,00100111011,01101010110,10001100010
01010110010,00011011011,11000010111,01100101011,11111010001,00101110101,10110100011,10110111100,01111000110,11011101101,10001111010
11011001110,10110101010,00011110111,10001111000,11101101011,11000111110011,11110,010111111011010011100010100,00111101100,10100011101
00111100011,00001111101,11001110001,01110010101,10011010110,11010100100,01100111010,10100110100,11111001000,11100001111,10010111001
11110100010,01100101100,00101110010,00111010101,01011100110,10101001111,10010111100,01010111011,11111011000,11001100001,11000010110
11110100010,01100101100,00101110010,00111010101,01011100110,10101001111,10010111100,01010111011,11111011000,11001100001,11000010110
01111100110,00011011110,11100010100,01110010011,00101110011,00111001101,11011110001,01101111000,01000111101,11001001011,10110101010
01001101110,00011010111,11011010100,11111100011,10101010110,00111101100,10001011001,01111011010,01100110101,11110001111,10010111010
01110111101,00111100011,11111010110,10101111000,01101001110,01010111010,10110101110,10110011011,11100100011,11011001001,10001110111
01010011111,10100010011,10001010101,01100001101,11011001001,01111110001,11000100111,10110111100,11111000110,00111101111,01001111010
11110100010,01100101100,00101110010,00111010101,01011100110,10101001111,10010111100,01010111011,11111011000,11001100001,11000010110
11011110010,01101101110,01100010111,00010100111,10100111100,11000101001,10001001111,11111000101,01001110101,00111011001,10101100011
11110100010,01100101100,00101110010,00111010101,01011100110,10101001111,10010111100,01010111011,11111011000,11001100001,11000010110
00101011101,01111110001,00011111110,11110011010,01110101111,11000111101,10110110100,11011001100,10101101011,01101100110,10011010111
00111100011,00001111101,11001110001,01110010101,10011010110,11010100100,01100111010,10100110100,11111001000,11100001111,10010111001
11011001110,10110101010,00011110111,10001111000,01101101011,11000100101,01100111110,01010111001,11111110000,00111101100,10100011101
01010011111,10100010011,10001010101,01100001101,11011001001,01111110001,11000100111,10110111100,11111000110,00111101111,01001111010
01011001111,01111011000,00101101100,10001011011,10010011110,01000111010,01100011101,00110110011,11011110101,11110101001,11101000110
11011001110,10110101010,00011110111,10001111000,01101101011,11000100101,01100111110,01010111001,11111110000,00111101100,10100011101
00111100011,00001111101,11001110001,01110010101,10011010110,11010100100,01100111010,10100110100,11111001000,11100001111,10010111001
00011011101,01111111000,10110011110,11000111100,10110100101,11101001011,11010110011,01010101110,00100111011,01101010110,10001100010
00011011101,01111111000,10110011110,11000111100,10110100101,11101001011,11010110011,01010101110,00100111011,01101010110,10001100010
01110111101,00111100011,11111010110,10101111000,01101001110,01010111010,10110101110,10110011011,11100100011,11011001001,10001110111
11011001110,10110101010,00011110111,10001111000,01101101011,11000100101,01100111110,01010111001,11111110000,00111101100,10100011101
00011011101,01111111000,10110011110,11000111100,10110100101,11101001011,11010110011,01010101110,00100111011,01101010110,10001100010
00011011101,01111111000,10110011110,11000111100,10110100101,11101001011,11010110011,01010101110,00100111011,01101010110,10001100010
11110100010,01100101100,00101110010,00111010101,01011100110,10101001111,10010111100,01010111011,11111011000,11001100001,11000010110
01010110010,00011011011,11000010111,01100101011,11111010001,00101110101,10110100011,10110111100,01111000110,11011101101,10001111010
01110111101,00111100011,11111010110,10101111000,01101001110,01010111010,10110101110,10110011011,11100100011,11011001001,10001110111
11011001110,10110101010,00011110111,10001111000,01101101011,11000100101,01100111110,01010111001,11111110000,00111101100,10100011101
01010110010,00011011011,11000010111,01100101011,11111010001,00101110101,10110100011,10110111100,01111000110,11011101101,10001111010
11011110010,01101101110,01100010111,00010100111,10100111100,11000101001,10001001111,11111000101,01001110101,00111011001,10101100011
01111100110,00011011110,11100010100,01110010011,00101110011,00111001101,11011110001,01101111000,01000111101,11001001011,10110101010
11110000110,01101011100,10011101100,01010011010,00110101111,10000011111,10111011001,11100111001,01010110101,01001100011,10101110010
00101011101,01111110001,00011111110,11110011010,01110101111,11000111101,10110110100,11011001100,10101101011,01101100110,10011010111
01110111101,00111100011,11111010110,10101111000,01101001110,01010111010,10110101110,10110011011,11100100011,11011001001,10001110111
01101100010,00100111111,00011111000,00011001111,01101011100,11010101110,01110110101,11001110111,10111010110,10101101101,11110011011
11011001110,10110101010,00011110111,10001111000,01101101011,11000100101,01100111110,01010111001,11111110000,00111101100,10100011101
11110100010,01100101100,00101110010,00111010101,01011100110,10101001111,10010111100,01010111011,11111011000,11001100001,11000010110
11011100010,01101011100,01110010011,10011001111,00010111110,01001111001,11100101111,10110011000,11010110101,00111100101,10101110111
00011011101,01111111000,10110011110,11000111100,10110100101,11101001011,11010110011,01010101110,00100111011,01101010110,10001100010
10001111011,01001101100,10111100110,10100001111,11101010000,11011000111,11010110100,01010011010,01100110111,11110101001,00111011101
01110111101,00111100011,11111010110,10101111000,01101001110,01010111010,10110101110,10110011011,11100100011,11011001001,10001110111
01101100010,00100111111,00011111000,00011001111,01101011100,11010101110,01110110101,11001110111,10111010110,10101101101,11110011011
11011001110,10110101010,00011110111,10001111000,01101101011,11000100101,01100111110,01010111001,11111110000,00111101100,10100011101
11011100010,01101011100,01110010011,10011001111,00010111110,01001111001,11100101111,10110011000,11010110101,00111100101,10101110111
00101011101,01111110001,00011111110,11110011010,01110101111,11000111101,10110110100,11011001100,10101101011,01101100110,10011010111
01110111101,00111100011,11111010110,10101111000,01101001110,01010111010,10110101110,10110011011,11100100011,11011001001,10001110111
01111100110,00011011110,11100010100,01110010011,00101110011,00111001101,11011110001,01101111000,01000111101,11001001011,10110101010
11011100010,01101011100,01110010011,10011001111,00010111110,01001111001,11100101111,10110011000,11010110101,00111100101,10101110111
01011001111,01111011000,00101101100,10001011011,10010011110,01000111010,01100011101,00110110011,11011110101,11110101001,11101000110
11110100010,01100101100,00101110010,00111010101,01011100110,10101001111,10010111100,01010111011,11111011000,11001100001,11000010110
11011100010,01101011100,01110010011,10011001111,00010111110,01001111001,11100101111,10110011000,11010110101,00111100101,10101110111
11011100010,01101011100,01110010011,10011001111,00010111110,01001111001,11100101111,10110011000,11010110101,00111100101,10101110111
01101100010,00100111111,00011111000,00011001111,01101011100,11010101110,01110110101,11001110111,10111010110,10101101101,11110011011
01011001111,01111011000,00101101100,10001011011,10010011110,01000111010,01100011101,00110110011,11011110101,11110101001,11101000110
00101011101,01111110001,00011111110,11110011010,01110101111,11000111101,10110110100,11011001100,10101101011,01101100110,10011010111
00101011101,01111110001,00011111110,11110011010,01110101111,11000111101,10110110100,11011001100,10101101011,01101100110,10011010111
10001111011,01001101100,10111100110,10100001111,11101010000,11011000111,11010110100,01010011010,01100110111,11110101001,00111011101
01011001111,01111011000,00101101100,10001011011,10010011110,01000111010,01100011101,00110110011,11011110101,11110101001,11101000110
01010110010,00011011011,11000010111,01100101011,11111010001,00101110101,10110100011,10110111100,01111000110,11011101101,10001111010
01010110010,00011011011,11000010111,01100101011,11111010001,00101110101,10110100011,10110111100,01111000110,11011101101,10001111010
00111100011,00001111101,11001110001,01110010101,10011010110,11010100100,01100111010,10100110100,11111001000,11100001111,10010111001
01111100110,00011011110,11100010100,01110010011,00101110011,00111001101,11011110001,01101111000,01000111101,11001001011,10110101010
00010110011,10101101010,11101110001,01110111100,01101011111,01110000011,11000100111,10110011001,11011010110,01011101001,00111100101
00111100011,00001111101,11001110001,01110010101,10011010110,11010100100,01100111010,10100110100,11111001000,11100001111,10010111001
11011110010,01101101110,01100010111,00010100111,10100111100,11000101001,10001001111,11111000101,01001110101,00111011001,10101100011
11110000110,01101011100,10011101100,01010011010,00110101111,10000011111,10111011001,11100111001,01010110101,01001100011,10101110010
11110000110,01101011100,10011101100,01010011010,00110101111,10000011111,10111011001,11100111001,01010110101,01001100011,10101110010
00111100011,00001111101,11001110001,01110010101,10011010110,11010100100,01100111010,10100110100,11111001000,11100001111,10010111001
01001101110,00011010111,11011010100,11111100011,10101010110,00111101100,10001011001,01111011010,01100110101,11110001111,10010111010
01010011111,10100010011,10001010101,01100001101,11011001001,01111110001,11000100111,10110111100,11111000110,00111101111,01001111010
11110000110,01101011100,10011101100,01010011010,00110101111,10000011111,10111011001,11100111001,01010110101,01001100011,10101110010
00011100111,10111110100,01011010100,01101001110,11011100010,00010111010,10011011011,11110000111,11000111101,01111101001,01101110011
00101011101,01111110001,00011111110,11110011010,01110101111,11000111101,10110110100,11011001100,10101101011,01101100110,10011010111
01011001111,01111011000,00101101100,10001011011,10010011110,01000111010,01100011101,00110110011,11011110101,11110101001,11101000110
01110111101,00111100011,11111010110,10101111000,01101001110,01010111010,10110101110,10110011011,11100100011,11011001001,10001110111
01001101110,00011010111,11011010100,11111100011,10101010110,00111101100,10001011001,01111011010,01100110101,11110001111,10010111010
00101011101,01111110001,00011111110,11110011010,01110101111,11000111101,10110110100,11011001100,10101101011,01101100110,10011010111
01110111101,00111100011,11111010110,10101111000,01101001110,01010111010,10110101110,10110011011,11100100011,11011001001,10001110111
00101011101,01111110001,00011111110,11110011010,01110101111,11000111101,10110110100,11011001100,10101101011,01101100110,10011010111
00010110011,10101101010,11101110001,01110111100,01101011111,01110000011,11000100111,10110011001,11011010110,01011101001,00111100101
11011001110,10110101010,00011110111,10001111000,01101101011,11000100101,01100111110,01010111001,11111110000,00111101100,10100011101
01011001111,01111011000,00101101100,10001011011,10010011110,01000111010,01100011101,00110110011,11011110101,11110101001,11101000110
01001101110,00011010111,11011010100,11111100011,10101010110,00111101100,10001011001,01111011010,01100110101,11110001111,10010111010
01001101110,00011010111,11011010100,11111100011,10101010110,00111101100,10001011001,01111011010,01100110101,11110001111,10010111010
01101100010,00100111111,00011111000,00011001111,01101011100,11010101110,01110110101,11001110111,10111010110,10101101101,11110011011
00101011101,01111110001,00011111110,11110011010,01110101111,11000111101,10110110100,11011001100,10101101011,01101100110,10011010111
11011110010,01101101110,01100010111,00010100111,10100111100,11000101001,10001001111,11111000101,01001110101,00111011001,10101100011
11110000110,01101011100,10011101100,01010011010,00110101111,10000011111,10111011001,11100111001,01010110101,01001100011,10101110010
10001111011,01001101100,10111100110,10100001111,11101010000,11011000111,11010110100,01010011010,01100110111,11110101001,00111011101
11110000110,01101011100,10011101100,01010011010,00110101111,10000011111,10111011001,11100111001,01010110101,01001100011,10101110010
01110111101,00111100011,11111010110,10101111000,01101001110,01010111010,10110101110,10110011011,11100100011,11011001001,10001110111
11011110010,01101101110,01100010111,00010100111,10100111100,11000101001,10001001111,11111000101,01001110101,00111011001,10101100011
01010110010,00011011011,11000010111,01100101011,11111010001,00101110101,10110100011,10110111100,01111000110,11011101101,10001111010
10001111011,01001101100,10111100110,10100001111,11101010000,11011000111,11010110100,01010011010,01100110111,11110101001,00111011101
01001101110,00011010111,11011010100,11111100011,10101010110,00111101100,10001011001,01111011010,01100110101,11110001111,10010111010
01111100110,00011011110,11100010100,01110010011,00101110011,00111001101,11011110001,01101111000,01000111101,11001001011,10110101010
11110000110,01101011100,10011101100,01010011010,00110101111,10000011111,10111011001,11100111001,01010110101,01001100011,10101110010
11011100010,01101011100,01110010011,10011001111,00010111110,01001111001,11100101111,10110011000,11010110101,00111100101,10101110111
01010011111,10100010011,10001010101,01100001101,11011001001,01111110001,11000100111,10110111100,11111000110,00111101111,01001111010
01010011111,10100010011,10001010101,01100001101,11011001001,01111110001,11000100111,10110111100,11111000110,00111101111,01001111010
11011110010,01101101110,01100010111,00010100111,10100111100,11000101001,10001001111,11111000101,01001110101,00111011001,10101100011
01001101110,00011010111,11011010100,11111100011,10101010110,00111101100,10001011001,01111011010,01100110101,11110001111,10010111010
01110111101,00111100011,11111010110,10101111000,01101001110,01010111010,10110101110,10110011011,11100100011,11011001001,10001110111
01010110010,00011011011,11000010111,01100101011,11111010001,00101110101,10110100011,10110111100,01111000110,11011101101,10001111010
11110100010,01100101100,00101110010,00111010101,01011100110,10101001111,10010111100,01010111011,11111011000,11001100001,11000010110
01110111101,00111100011,11111010110,10101111000,01101001110,01010111010,10110101110,10110011011,11100100011,11011001001,10001110111
11011001110,10110101010,00011110111,10001111000,01101101011,11000100101,01100111110,01010111001,11111110000,00111101100,10100011101
01011001111,01111011000,00101101100,10001011011,10010011110,01000111010,01100011101,00110110011,11011110101,11110101001,11101000110
01111100110,00011011110,11100010100,01110010011,00101110011,00111001101,11011110001,01101111000,01000111101,11001001011,10110101010
10001111011,01001101100,10111100110,10100001111,11101010000,11011000111,11010110100,01010011010,01100110111,11110101001,00111011101
11110000110,01101011100,10011101100,01010011010,00110101111,10000011111,10111011001,11100111001,01010110101,01001100011,10101110010
11011110010,01101101110,01100010111,00010100111,10100111100,11000101001,10001001111,11111000101,01001110101,00111011001,10101100011
11110000110,01101011100,10011101100,01010011010,00110101111,10000011111,10111011001,11100111001,01010110101,01001100011,10101110010
11110000110,01101011100,10011101100,01010011010,00110101111,10000011111,10111011001,11100111001,01010110101,01001100011,10101110010
11011001110,10110101010,00011110111,10001111000,01101101011,11000100101,01100111110,01010111001,11111110000,00111101100,10100011101
01111100110,00011011110,11100010100,01110010011,00101110011,00111001101,11011110001,01101111000,01000111101,11001001011,10110101010
00011011101,01111111000,10110011110,11000111100,10110100101,11101001011,11010110011,01010101110,00100111011,01101010110,10001100010
11011110010,01101101110,01100010111,00010100111,10100111100,11000101001,10001001111,11111000101,01001110101,00111011001,10101100011
01101100010,00100111111,00011111000,00011001111,01101011100,11010101110,01110110101,11001110111,10111010110,10101101101,11110011011
11011001110,10110101010,00011110111,10001111000,01101101011,11000100101,01100111110,01010111001,11111110000,00111101100,10100011101
01001101110,00011010111,11011010100,11111100011,10101010110,00111101100,10001011001,01111011010,01100110101,11110001111,10010111010
01110111101,00111100011,11111010110,10101111000,01101001110,01010111010,10110101110,10110011011,11100100011,11011001001,10001110111
11011100010,01101011100,01110010011,10011001111,00010111110,01001111001,11100101111,10110011000,11010110101,00111100101,10101110111
01101100010,00100111111,00011111000,00011001111,01101011100,11010101110,01110110101,11001110111,10111010110,10101101101,11110011011
01010110010,00011011011,11000010111,01100101011,11111010001,00101110101,10110100011,10110111100,01111000110,11011101101,10001111010
10001111011,01001101100,10111100110,10100001111,11101010000,11011000111,11010110100,01010011010,01100110111,11110101001,00111011101
11011110010,01101101110,01100010111,00010100111,10100111100,11000101001,10001001111,11111000101,01001110101,00111011001,10101100011
00011011101,01111111000,10110011110,11000111100,10110100101,11101001011,11010110011,01010101110,00100111011,01101010110,10001100010
10001111011,01001101100,10111100110,10100001111,11101010000,11011000111,11010110100,01010011010,01100110111,11110101001,00111011101
01001101110,00011010111,11011010100,11111100011,10101010110,00111101100,10001011001,01111011010,01100110101,11110001111,10010111010
01101100010,00100111111,00011111000,00011001111,01101011100,11010101110,01110110101,11001110111,10111010110,10101101101,11110011011
00101011101,01111110001,00011111110,11110011010,01110101111,11000111101,10110110100,11011001100,10101101011,01101100110,10011010111
11011110010,01101101110,01100010111,00010100111,10100111100,11000101001,10001001111,11111000101,01001110101,00111011001,10101100011
11110100010,01100101100,00101110010,00111010101,01011100110,10101001111,10010111100,01010111011,11111011000,11001100001,11000010110
00101011101,01111110001,00011111110,11110011010,01110101111,11000111101,10110110100,11011001100,10101101011,01101100110,10011010111
01011001111,01111011000,00101101100,10001011011,10010011110,01000111010,01100011101,00110110011,11011110101,11110101001,11101000110
01111100110,00011011110,11100010100,01110010011,00101110011,00111001101,11011110001,01101111000,01000111101,11001001011,10110101010
11011110010,01101101110,01100010111,00010100111,10100111100,11000101001,10001001111,11111000101,01001110101,00111011001,10101100011
11110100010,01100101100,00101110010,00111010101,01011100110,10101001111,10010111100,01010111011,11111011000,11001100001,11000010110
00101011101,01111110001,00011111110,11110011010,01110101111,11000111101,10110110100,11011001100,10101101011,01101100110,10011010111
01010011111,10100010011,10001010101,01100001101,11011001001,01111110001,11000100111,10110111100,11111000110,00111101111,01001111010
00101011101,01111110001,00011111110,11110011010,01110101111,11000111101,10110110100,11011001100,10101101011,01101100110,10011010111
01010011111,10100010011,10001010101,01100001101,11011001001,01111110001,11000100111,10110111100,11111000110,00111101111,01001111010
01010011111,10100010011,10001010101,01100001101,11011001001,01111110001,11000100111,10110111100,11111000110,00111101111,01001111010
00010110011,10101101010,11101110001,01110111100,01101011111,01110000011,11000100111,10110011001,11011010110,01011101001,00111100101
00011011101,01111111000,10110011110,11000111100,10110100101,11101001011,11010110011,01010101110,00100111011,01101010110,10001100010
11011110010,01101101110,01100010111,00010100111,10100111100,11000101001,10001001111,11111000101,01001110101,00111011001,10101100011
01010011111,10100010011,10001010101,01100001101,11011001001,01111110001,11000100111,10110111100,11111000110,00111101111,01001111010
11011100010,01101011100,01110010011,10011001111,00010111110,01001111001,11100101111,10110011000,11010110101,00111100101,10101110111
11011110010,01101101110,01100010111,00010100111,10100111100,11000101001,10001001111,11111000101,01001110101,00111011001,10101100011
01011001111,01111011000,00101101100,10001011011,10010011110,01000111010,01100011101,00110110011,11011110101,11110101001,11101000110
11011001110,10110101010,00011110111,10001111000,01101101011,11000100101,01100111110,01010111001,11111110000,00111101100,10100011101
11011100010,01101011100,01110010011,10011001111,00010111110,01001111001,11100101111,10110011000,11010110101,00111100101,10101110111
00011011101,01111111000,10110011110,11000111100,10110100101,11101001011,11010110011,01010101110,00100111011,01101010110,10001100010
11011100010,01101011100,01110010011,10011001111,00010111110,01001111001,11100101111,10110011000,11010110101,00111100101,10101110111
01111100110,00011011110,11100010100,01110010011,00101110011,00111001101,11011110001,01101111000,01000111101,11001001011,10110101010
00011011101,01111111000,10110011110,11000111100,10110100101,11101001011,11010110011,01010101110,00100111011,01101010110,10001100010
00011011101,01111111000,10110011110,11000111100,10110100101,11101001011,11010110011,01010101110,00100111011,01101010110,10001100010
01011001111,01111011000,00101101100,10001011011,10010011110,01000111010,01100011101,00110110011,11011110101,11110101001,11101000110
00010110011,10101101010,11101110001,01110111100,01101011111,01110000011,11000100111,10110011001,11011010110,01011101001,00111100101
00111100011,00001111101,11001110001,01110010101,10011010110,11010100100,01100111010,10100110100,11111001000,11100001111,10010111001
11011110010,01101101110,01100010111,00010100111,10100111100,11000101001,10001001111,11111000101,01001110101,00111011001,10101100011
00111100011,00001111101,11001110001,01110010101,10011010110,11010100100,01100111010,10100110100,11111001000,11100001111,10010111001
11110000110,01101011100,10011101100,01010011010,00110101111,10000011111,10111011001,11100111001,01010110101,01001100011,10101110010
11011100010,01101011100,01110010011,10011001111,00010111110,01001111001,11100101111,10110011000,11010110101,00111100101,10101110111
00010110011,10101101010,11101110001,01110111100,01101011111,01110000011,11000100111,10110011001,11011010110,01011101001,00111100101
10001111011,01001101100,10111100110,10100001111,11101010000,11011000111,11010110100,01010011010,01100110111,11110101001,00111011101
00011100111,10111110100,01011010100,01101001110,11011100010,00010111010,10011011011,11110000111,11000111101,01111101001,01101110011
01110111101,00111100011,11111010110,10101111000,01101001110,01010111010,10110101110,10110011011,11100100011,11011001001,10001110111
01110111101,00111100011,11111010110,10101111000,01101001110,01010111010,10110101110,10110011011,11100100011,11011001001,10001110111
11011100010,01101011100,01110010011,10011001111,00010111110,01001111001,11100101111,10110011000,11010110101,00111100101,10101110111
00101011101,01111110001,00011111110,11110011010,01110101111,11000111101,10110110100,11011001100,10101101011,01101100110,10011010111
00101011101,01111110001,00011111110,11110011010,01110101111,11000111101,10110110100,11011001100,10101101011,01101100110,10011010111
01010011111,10100010011,10001010101,01100001101,11011001001,01111110001,11000100111,10110111100,11111000110,00111101111,01001111010
11110000110,01101011100,10011101100,01010011010,00110101111,10000011111,10111011001,11100111001,01010110101,01001100011,10101110010
11110000110,01101011100,10011101100,01010011010,00110101111,10000011111,10111011001,11100111001,01010110101,01001100011,10101110010
11011001110,10110101010,00011110111,10001111000,01101101011,11000100101,01100111110,01010111001,11111110000,00111101100,10100011101
00011011101,01111111000,10110011110,11000111100,10110100101,11101001011,11010110011,01010101110,00100111011,01101010110,10001100010
01011001111,01111011000,00101101100,10001011011,10010011110,01000111010,01100011101,00110110011,11011110101,11110101001,11101000110
00111100011,00001111101,11001110001,01110010101,10011010110,11010100100,01100111010,10100110100,11111001000,11100001111,10010111001
11110100010,01100101100,00101110010,00111010101,01011100110,10101001111,10010111100,01010111011,11111011000,11001100001,11000010110
11110100010,01100101100,00101110010,00111010101,01011100110,10101001111,10010111100,01010111011,11111011000,11001100001,11000010110
00111100011,00001111101,11001110001,01110010101,10011010110,11010100100,01100111010,10100110100,11111001000,11100001111,10010111001
00111100011,00001111101,11001110001,01110010101,10011010110,11010100100,01100111010,10100110100,11111001000,11100001111,10010111001
01010011111,10100010011,10001010101,01100001101,11011001001,01111110001,11000100111,10110111100,11111000110,00111101111,01001111010
11011110010,01101101110,01100010111,00010100111,10100111100,11000101001,10001001111,11111000101,01001110101,00111011001,10101100011
11110000110,01101011100,10011101100,01010011010,00110101111,10000011111,10111011001,11100111001,01010110101,01001100011,10101110010
01010110010,00011011011,11000010111,01100101011,11111010001,00101110101,10110100011,10110111100,01111000110,11011101101,10001111010
10001111011,01001101100,10111100110,10100001111,11101010000,11011000111,11010110100,01010011010,01100110111,11110101001,00111011101
11110100010,01100101100,00101110010,00111010101,01011100110,10101001111,10010111100,01010111011,11111011000,11001100001,11000010110
00011011101,01111111000,10110011110,11000111100,10110100101,11101001011,11010110011,01010101110,00100111011,01101010110,10001100010
01101100010,00100111111,00011111000,00011001111,01101011100,11010101110,01110110101,11001110111,10111010110,10101101101,11110011011
01101100010,00100111111,00011111000,00011001111,01101011100,11010101110,01110110101,11001110111,10111010110,10101101101,11110011011
11011001110,10110101010,00011110111,10001111000,01101101011,11000100101,01100111110,01010111001,11111110000,00111101100,10100011101
01110111101,00111100011,11111010110,10101111000,01101001110,01010111010,10110101110,10110011011,11100100011,11011001001,10001110111
10001111011,01001101100,10111100110,10100001111,11101010000,11011000111,11010110100,01010011010,01100110111,11110101001,00111011101
11110100010,01100101100,00101110010,00111010101,01011100110,10101001111,10010111100,01010111011,11111011000,11001100001,11000010110
10001111011,01001101100,10111100110,10100001111,11101010000,11011000111,11010110100,01010011010,01100110111,11110101001,00111011101
00010110011,10101101010,11101110001,01110111100,01101011111,01110000011,11000100111,10110011001,11011010110,01011101001,00111100101
11011110010,01101101110,01100010111,00010100111,10100111100,11000101001,10001001111,11111000101,01001110101,00111011001,10101100011
01010110010,00011011011,11000010111,01100101011,11111010001,00101110101,10110100011,10110111100,01111000110,11011101101,10001111010
00011011101,01111111000,10110011110,11000111100,10110100101,11101001011,11010110011,01010101110,00100111011,01101010110,10001100010
11110000110,01101011100,10011101100,01010011010,00110101111,10000011111,10111011001,11100111001,01010110101,01001100011,10101110010
00010110011,10101101010,11101110001,01110111100,01101011111,01110000011,11000100111,10110011001,11011010110,01011101001,00111100101
01010011111,10100010011,10001010101,01100001101,11011001001,01111110001,11000100111,10110111100,11111000110,00111101111,01001111010
11110000110,01101011100,10011101100,01010011010,00110101111,10000011111,10111011001,11100111001,01010110101,01001100011,10101110010
00101011101,01111110001,00011111110,11110011010,01110101111,11000111101,10110110100,11011001100,10101101011,01101100110,10011010111
00111100011,00001111101,11001110001,01110010101,10011010110,11010100100,01100111010,10100110100,11111001000,11100001111,10010111001
11110100010,01100101100,00101110010,00111010101,01011100110,10101001111,10010111100,01010111011,11111011000,11001100001,11000010110
11110000110,01101011100,10011101100,01010011010,00110101111,10000011111,10111011001,11100111001,01010110101,01001100011,10101110010
100100011101,01111110001010,111111000101,01101110010110101111,110001110,101,11010,11011001,011111101,0100011,01101010101101
00101011101,01111110001,00011111110,11110011010,01110101111,11000111101,10110110100,11011001100,10101101011,01101100110,10011010111
00011011101,01111111000,10110011110,11000111100,10110100101,11101001011,11010110011,01010101110,00100111011,01101010110,10001100010
01110111101,00111100011,11111010110,10101111000,01101001110,01010111010,10110101110,10110011011,11100100011,11011001001,10001110111
01110111101,00111100011,11111010110,10101111000,01101001110,01010111010,10110101110,10110011011,11100100011,11011001001,10001110111
11011001110,10110101010,00011110111,10001111000,01101101011,11000100101,01100111110,01010111001,11111110000,00111101100,10100011101
01111100110,00011011110,11100010100,01110010011,00101110011,00111001101,11011110001,01101111000,01000111101,11001001011,10110101010
10001111011,01001101100,10111100110,10100001111,11101010000,11011000111,11010110100,01010011010,01100110111,11110101001,00111011101
11110000110,01101011100,10011101100,01010011010,00110101111,10000011111,10111011001,11100111001,01010110101,01001100011,10101110010
00010110011,10101101010,11101110001,01110111100,01101011111,01110000011,11000100111,10110011001,11011010110,01011101001,00111100101
00101011101,01111110001,00011111110,11110011010,01110101111,11000111101,10110110100,11011001100,10101101011,01101100110,10011010111
00010110011,10101101010,11101110001,01110111100,01101011111,01110000011,11000100111,10110011001,11011010110,01011101001,00111100101
11011001110,10110101010,00011110111,10001111000,01101101011,11000100101,01100111110,01010111001,11111110000,00111101100,10100011101
01010110010,00011011011,11000010111,01100101011,11111010001,00101110101,10110100011,10110111100,01111000110,11011101101,10001111010
10001111011,01001101100,10111100110,10100001111,11101010000,11011000111,11010110100,01010011010,01100110111,11110101001,00111011101
11011100010,01101011100,01110010011,10011001111,00010111110,01001111001,11100101111,10110011000,11010110101,00111100101,10101110111
11011100010,01101011100,01110010011,10011001111,00010111110,01001111001,11100101111,10110011000,11010110101,00111100101,10101110111
11011001110,10110101010,00011110111,10001111000,01101101011,11000100101,01100111110,01010111001,11111110000,00111101100,10100011101
01101100010,00100111111,00011111000,00011001111,01101011100,11010101110,01110110101,11001110111,10111010110,10101101101,11110011011
10001111011,01001101100,10111100110,10100001111,11101010000,11011000111,11010110100,01010011010,01100110111,11110101001,00111011101
01110111101,00111100011,11111010110,10101111000,01101001110,01010111010,10110101110,10110011011,11100100011,11011001001,10001110111
00011011101,01111111000,10110011110,11000111100,110110100101,11101001011,11010110011,01010101110,00100111011,01101010110,10001100010
01010011111,10100010011,10001010101,01100001101,11011001001,01111110001,11000100111,10110111100,11111000110,001111010011,01001111010
01110111101,00111100011,11111010110,10101111000,01101001110,01010111010,10110101110,10110011011,11100100011,11011001001,10001110111
11011110010,01101101110,01100010111,00010100111,10100111100,11000101001,10001001111,11111000101,01001110101,00111011001,10101100011
11011001110,10110101010,00011110111,10001111000,01101101011,11000100101,01100111110,01010111001,11111110000,00111101100,10100011101
00011100111,10111110100,01011010100,01101001110,11011100010,00010111010,10011011011,11110000111,11000111101,01111101001,01101110011
11011001110,10110101010,00011110111,10001111000,01101101011,11000100101,01100111110,01010111001,11111110000,00111101100,10100011101
00101011101,01111110001,00011111110,11110011010,01110101111,11000111101,10110110100,11011001100,10101101011,01101100110,10011010111
01001101110,00011010111,11011010100,11111100011,10101010110,00111101100,10001011001,01111011010,01100110101,11110001111,10010111010
00111100011,00001111101,11001110001,01110010101,10011010110,11010100100,01100111010,10100110100,11111001000,11100001111,10010111001
01110111101,00111100011,11111010110,10101111000,01101001110,01010111010,10110101110,10110011011,11100100011,11011001001,10001110111
00011011101,01111111000,10110011110,11000111100,10110100101,11101001011,11010110011,01010101110,00100111011,01101010110,10001100010
11011100010,01101011100,01110010011,10011001111,00010111110,01001111001,11100101111,10110011000,11010110101,00111100101,10101110111
11110000110,01101011100,10011101100,01010011010,00110101111,10000011111,10111011001,11100111001,01010110101,01001100011,10101110010
11011100010,01101011100,01110010011,10011001111,00010111110,01001111001,11100101111,10110011000,11010110101,00111100101,10101110111
01111100110,00011011110,11100010100,01110010011,00101110011,00111001101,11011110001,01101111000,01000111101,11001001011,10110101010
11011100010,01101011100,01110010011,10011001111,00010111110,01001111001,11100101111,10110011000,11010110101,00111100101,10101110111
01111100110,00011011110,11100010100,01110010011,00101110011,00111001101,11011110001,01101111000,01000111101,11001001011,10110101010
00101011101,01111110001,00011111110,11110011010,01110101111,11000111101,10110110100,11011001100,10101101011,01101100110,10011010111
00011011101,01111111000,10110011110,11000111100,10110100101,11101001011,11010110011,01010101110,00100111011,01101010110,10001100010
00011011101,01111111000,10110011110,11000111100,10110100101,11101001011,11010110011,01010101110,00100111011,01101010110,10001100010
11110100010,01100101100,00101110010,00111010101,01011100110,10101001111,10010111100,01010111011,11111011000,11001100001,11000010110
01111100110,00011011110,11100010100,01110010011,00101110011,00111001101,11011110001,01101111000,01000111101,11001001011,10110101010
00011011101,01111111000,10110011110,11000111100,10110100101,11101001011,11010110011,01010101110,00100111011,01101010110,10001100010
10001111011,01001101100,10111100110,10100001111,11101010000,11011000111,11010110100,01010011010,01100110111,11110101001,00111011101
01110111101,00111100011,11111010110,10101111000,01101001110,01010111010,10110101110,10110011011,11100100011,11011001001,10001110111
11110100010,01100101100,00101110010,00111010101,01011100110,10101001111,10010111100,01010111011,11111011000,11001100001,11000010110
01010110010,00011011011,11000010111,01100101011,11111010001,00101110101,10110100011,10110111100,01111000110,11011101101,10001111010
01110111101,00111100011,11111010110,10101111000,01101001110,01010111010,10110101110,10110011011,11100100011,11011001001,10001110111
11110100010,01100101100,00101110010,00111010101,01011100110,10101001111,10010111100,01010111011,11111011000,11001100001,11000010110
00111100011,00001111101,11001110001,01110010101,10011010110,11010100100,01100111010,10100110100,11111001000,11100001111,10010111001
01010011111,10100010011,10001010101,01100001101,11011001001,01111110001,11000100111,10110111100,11111000110,00111101111,01001111010
10001111011,01001101100,10111100110,10100001111,11101010000,11011000111,11010110100,01010011010,01100110111,11110101001,00111011101
01010011111,10100010011,10001010101,01100001101,11011001001,01111110001,11000100111,10110111100,11111000110,00111101111,01001111010
01111100110,00011011110,11100010100,01110010011,00101110011,00111001101,11011110001,01101111000,01000111101,11001001011,10110101010
10001111011,01001101100,10111100110,10100001111,11101010000,11011000111,11010110100,01010011010,01100110111,11110101001,00111011101
01110111101,00111100011,11111010110,10101111000,01101001110,01010111010,10110101110,10110011011,11100100011,11011001001,10001110111
00101011101,01111110001,00011111110,11110011010,01110101111,11000111101,10110110100,11011001100,10101101011,01101100110,10011010111
01110111101,00111100011,11111010110,10101111000,01101001110,01010111010,10110101110,10110011011,11100100011,11011001001,10001110111
00011100111,10111110100,01011010100,01101001110,11011100010,00010111010,10011011011,11110000111,11000111101,01111101001,01101110011
00111100011,00001111101,11001110001,01110010101,10011010110,11010100100,01100111010,10100110100,11111001000,11100001111,10010111001
01111100110,00011011110,11100010100,01110010011,00101110011,00111001101,11011110001,01101111000,01000111101,11001001011,10110101010
11011100010,01101011100,01110010011,10011001111,00010111110,01001111001,11100101111,10110011000,11010110101,00111100101,10101110111
11110100010,01100101100,00101110010,00111010101,01011100110,10101001111,10010111100,01010111011,11111011000,11001100001,11000010110
01110111101,00111100011,11111010110,10101111000,01101001110,01010111010,10110101110,10110011011,11100100011,11011001001,10001110111
000110001011001,0101111110,0011101011011100011,0001011110000011,01001011001101,1011010111001,10011011001110110,111001111101011101,1011001001
01010110010,00011011011,11000010111,01100101011,11111010001,00101110101,10110100011,10110111100,01111000110,11011101101,10001111010
11011110010,01101101110,01100010111,00010100111,10100111100,11000101001,10001001111,11111000101,01001110101,00111011001,10101100011
00011011101,01111111000,10110011110,11000111100,10110100101,11101001011,11010110011,01010101110,00100111011,01101010110,10001100010
01110111101,00111100011,11111010110,10101111000,01101001110,01010111010,10110101110,10110011011,11100100011,11011001001,10001110111
00111100011,00001111101,11001110001,01110010101,10011010110,11010100100,01100111010,10100110100,11111001000,11100001111,10010111001
00101011101,01111110001,00011111110,11110011010,01110101111,11000111101,10110110100,11011001100,10101101011,01101100110,10011010111
01111100110,00011011110,11100010100,01110010011,00101110011,00111001101,11011110001,01101111000,01000111101,11001001011,10110101010
10001111011,01001101100,10111100110,10100001111,11101010000,11011000111,11010110100,01010011010,01100110111,11110101001,00111011101
00101011101,01111110001,00011111110,11110011010,01110101111,11000111101,10110110100,11011001100,10101101011,01101100110,10011010111
11011001110,10110101010,00011110111,10001111000,01101101011,11000100101,01100111110,01010111001,11111110000,00111101100,10100011101
11110100010,01100101100,00101110010,00111010101,01011100110,10101001111,10010111100,01010111011,11111011000,11001100001,11000010110
00101011101,01111110001,00011111110,11110011010,01110101111,11000111101,10110110100,11011001100,10101101011,01101100110,10011010111
10001111011,01001101100,10111100110,10100001111,11101010000,11011000111,11010110100,01010011010,01100110111,11110101001,00111011101
01101100010,00100111111,00011111000,00011001111,01101011100,11010101110,01110110101,11001110111,10111010110,10101101101,11110011011
01110111101,00111100011,11111010110,10101111000,01101001110,01010111010,10110101110,10110011011,11100100011,11011001001,10001110111
01010110010,00011011011,11000010111,01100101011,11111010001,00101110101,10110100011,10110111100,01111000110,11011101101,10001111010
11011001110,10110101010,00011110111,10001111000,01101101011,11000100101,01100111110,01010111001,11111110000,00111101100,10100011101
01101100010,00100111111,00011111000,00011001111,01101011100,11010101110,01110110101,11001110111,10111010110,10101101101,11110011011
10001111011,01001101100,10111100110,10100001111,11101010000,11011000111,11010110100,01010011010,01100110111,11110101001,00111011101
11110100010,01100101100,00101110010,00111010101,01011100110,10101001111,10010111100,01010111011,11111011000,11001100001,11000010110
11011100010,01101011100,01110010011,10011001111,00010111110,01001111001,11100101111,10110011000,11010110101,00111100101,10101110111
00101011101,01111110001,00011111110,11110011010,01110101111,11000111101,10110110100,11011001100,10101101011,01101100110,10011010111
11110100010,01100101100,00101110010,00111010101,01011100110,10101001111,10010111100,01010111011,11111011000,11001100001,11000010110
00011011101,01111111000,10110011110,11000111100,10110100101,11101001011,11010110011,01010101110,00100111011,01101010110,10001100010
01111100110,00011011110,11100010100,01110010011,00101110011,00111001101,11011110001,01101111000,01000111101,11001001011,10110101010
01001101110,00011010111,11011010100,11111100011,10101010110,00111101100,10001011001,01111011010,01100110101,11110001111,10010111010
00111100011,00001111101,11001110001,01110010101,10011010110,11010100100,01100111010,10100110100,11111001000,11100001111,10010111001
11110100010,01100101100,00101110010,00111010101,01011100110,10101001111,10010111100,01010111011,11111011000,11001100001,11000010110
00011011101,01111111000,10110011110,11000111100,10110100101,11101001011,11010110011,01010101110,00100111011,01101010110,10001100010
00111100011,00001111101,11001110001,01110010101,10011010110,11010100100,01100111010,10100110100,11111001000,11100001111,10010111001
01010011111,10100010011,10001010101,01100001101,11011001001,01111110001,11000100111,10110111100,11111000110,00111101111,01001111010
11011110010,01101101110,01100010111,00010100111,10100111100,11000101001,10001001111,11111000101,01001110101,00111011001,10101100011
01011001111,01111011000,00101101100,10001011011,10010011110,01000111010,01100011101,00110110011,11011110101,11110101001,11101000110
00011011101,01111111000,10110011110,11000111100,10110100101,11101001011,11010110011,01010101110,00100111011,01101010110,10001100010
00011100111,10111110100,01011010100,01101001110,11011100010,00010111010,10011011011,11110000111,11000111101,01111101001,01101110011
11011100010,01101011100,01110010011,10011001111,00010111110,01001111001,11100101111,10110011000,11010110101,00111100101,10101110111
01001101110,00011010111,11011010100,11111100011,10101010110,00111101100,10001011001,01111011010,01100110101,11110001111,10010111010
01110111101,00111100011,11111010110,10101111000,01101001110,01010111010,10110101110,10110011011,11100100011,11011001001,10001110111
01010110010,00011011011,11000010111,01100101011,11111010001,00101110101,10110100011,10110111100,01111000110,11011101101,10001111010
01110111101,00111100011,11111010110,10101111000,01101001110,01010111010,10110101110,10110011011,11100100011,11011001001,10001110111
01110111101,00111100011,11111010110,10101111000,01101001110,01010111010,10110101110,10110011011,11100100011,11011001001,10001110111
00011100111,10111110100,01011010100,01101001110,11011100010,00010111010,10011011011,11110000111,11000111101,01111101001,01101110011
10001111011,01001101100,10111100110,10100001111,11101010000,11011000111,11010110100,01010011010,01100110111,11110101001,00111011101
00010110011,10101101010,11101110001,01110111100,01101011111,01110000011,11000100111,10110011001,11011010110,01011101001,00111100101
00011011101,01111111000,10110011110,11000111100,10110100101,11101001011,11010110011,01010101110,00100111011,01101010110,10001100010
00010110011,10101101010,11101110001,01110111100,01101011111,01110000011,11000100111,10110011001,11011010110,01011101001,00111100101
00111100011,00001111101,11001110001,01110010101,10011010110,11010100100,01100111010,10100110100,11111001000,11100001111,10010111001
00101011101,01111110001,00011111110,11110011010,01110101111,11000111101,10110110100,11011001100,10101101011,01101100110,10011010111
01111100110,00011011110,11100010100,01110010011,00101110011,00111001101,11011110001,01101111000,01000111101,11001001011,10110101010
00101011101,01111110001,00011111110,11110011010,01110101111,11000111101,10110110100,11011001100,10101101011,01101100110,10011010111
01101100010,00100111111,00011111000,00011001111,01101011100,11010101110,01110110101,11001110111,10111010110,10101101101,11110011011
01110111101,00111100011,11111010110,10101111000,01101001110,01010111010,10110101110,10110011011,11100100011,11011001001,10001110111
11110100010,01100101100,00101110010,00111010101,01011100110,10101001111,10010111100,01010111011,11111011000,11001100001,11000010110
11110100010,01100101100,00101110010,00111010101,01011100110,10101001111,10010111100,01010111011,11111011000,11001100001,11000010110
11011001110,10110101010,00011110111,10001111000,01101101011,11000100101,01100111110,01010111001,11111110000,00111101100,10100011101
11110000110,01101011100,10011101100,01010011010,00110101111,10000011111,10111011001,11100111001,01010110101,01001100011,10101110010
01001101110,00011010111,11011010100,11111100011,10101010110,00111101100,10001011001,01111011010,01100110101,11110001111,10010111010
11011001110,10110101010,00011110111,10001111000,01101101011,11000100101,01100111110,01010111001,11111110000,00111101100,10100011101
11110000110,01101011100,10011101100,01010011010,00110101111,10000011111,10111011001,11100111001,01010110101,01001100011,10101110010
11011001110,10110101010,00011110111,10001111000,01101101011,11000100101,01100111110,01010111001,11111110000,00111101100,10100011101
01010110010,00011011011,11000010111,01100101011,11111010001,00101110101,10110100011,10110111100,01111000110,11011101101,10001111010
11011100010,01101011100,01110010011,10011001111,00010111110,01001111001,11100101111,10110011000,11010110101,00111100101,10101110111
01001101110,00011010111,11011010100,11111100011,10101010110,00111101100,10001011001,01111011010,01100110101,11110001111,10010111010
11011100010,01101011100,01110010011,10011001111,00010111110,01001111001,11100101111,10110011000,11010110101,00111100101,10101110111
11110100010,01100101100,00101110010,00111010101,01011100110,10101001111,10010111100,01010111011,11111011000,11001100001,11000010110
01101100010,00100111111,00011111000,00011001111,01101011100,11010101110,01110110101,11001110111,10111010110,10101101101,11110011011
10001111011,01001101100,10111100110,10100001111,11101010000,11011000111,11010110100,01010011010,01100110111,11110101001,00111011101
00101011101,01111110001,00011111110,11110011010,01110101111,11000111101,10110110100,11011001100,10101101011,01101100110,10011010111
11011100010,01101011100,01110010011,10011001111,00010111110,01001111001,11100101111,10110011000,11010110101,00111100101,10101110111
11110100010,01100101100,00101110010,00111010101,01011100110,10101001111,10010111100,01010111011,11111011000,11001100001,11000010110
01011001111,01111011000,00101101100,10001011011,10010011110,01000111010,01100011101,00110110011,11011110101,11110101001,11101000110
11110000110,01101011100,10011101100,01010011010,00110101111,10000011111,10111011001,11100111001,01010110101,01001100011,10101110010
00101011101,01111110001,00011111110,11110011010,01110101111,11000111101,10110110100,11011001100,10101101011,01101100110,10011010111
11011100010,01101011100,01110010011,10011001111,00010111110,01001111001,11100101111,10110011000,11010110101,00111100101,10101110111
01011001111,01111011000,00101101100,10001011011,10010011110,01000111010,01100011101,00110110011,11011110101,11110101001,11101000110
01001101110,00011010111,11011010100,11111100011,10101010110,00111101100,10001011001,01111011010,01100110101,11110001111,10010111010
11110100010,01100101100,00101110010,00111010101,01011100110,10101001111,10010111100,01010111011,11111011000,11001100001,11000010110
11110100010,01100101100,00101110010,00111010101,01011100110,10101001111,10010111100,01010111011,11111011000,11001100001,11000010110
01111100110,00011011110,11100010100,01110010011,00101110011,00111001101,11011110001,01101111000,01000111101,11001001011,10110101010
01001101110,00011010111,11011010100,11111100011,10101010110,00111101100,10001011001,01111011010,01100110101,11110001111,10010111010
01010011111,10100010011,10001010101,01100001101,11011001001,01111110001,11000100111,10110111100,11111000110,00111101111,01001111010
11011001110,10110101010,00011110111,10001111000,01101101011,11000100101,01100111110,01010111001,11111110000,00111101100,10100011101
11011100010,01101011100,01110010011,10011001111,00010111110,01001111001,11100101111,10110011000,11010110101,00111100101,10101110111
00101011101,01111110001,00011111110,11110011010,01110101111,11000111101,10110110100,11011001100,10101101011,01101100110,10011010111
00011011101,01111111000,10110011110,11000111100,10110100101,11101001011,11010110011,01010101110,00100111011,01101010110,10001100010
11011110010,01101101110,01100010111,00010100111,10100111100,11000101001,10001001111,11111000101,01001110101,00111011001,10101100011
11011100010,01101011100,01110010011,10011001111,00010111110,01001111001,11100101111,10110011000,11010110101,00111100101,10101110111
11011001110,10110101010,00011110111,10001111000,01101101011,11000100101,01100111110,01010111001,11111110000,00111101100,10100011101
01110111101,00111100011,11111010110,10101111000,01101001110,01010111010,10110101110,10110011011,11100100011,11011001001,10001110111
11011110010,01101101110,01100010111,00010100111,10100111100,11000101001,10001001111,11111000101,01001110101,00111011001,10101100011
11011110010,01101101110,01100010111,00010100111,10100111100,11000101001,10001001111,11111000101,01001110101,00111011001,10101100011
01110111101,00111100011,11111010110,10101111000,01101001110,01010111010,10110101110,10110011011,11100100011,11011001001,10001110111
01001101110,00011010111,11011010100,11111100011,10101010110,00111101100,10001011001,01111011010,01100110101,11110001111,10010111010
01110111101,00111100011,11111010110,10101111000,01101001110,01010111010,10110101110,10110011011,11100100011,11011001001,10001110111
00111100011,00001111101,11001110001,01110010101,10011010110,11010100100,01100111010,10100110100,11111001000,11100001111,10010111001
11110100010,01100101100,00101110010,00111010101,01011100110,10101001111,10010111100,01010111011,11111011000,11001100001,11000010110
01010110010,00011011011,11000010111,01100101011,11111010001,00101110101,10110100011,10110111100,01111000110,11011101101,10001111010
01001101110,00011010111,11011010100,11111100011,10101010110,00111101100,10001011001,01111011010,01100110101,11110001111,10010111010
01110111101,00111100011,11111010110,10101111000,01101001110,01010111010,10110101110,10110011011,11100100011,11011001001,10001110111
00101011101,01111110001,00011111110,11110011010,01110101111,11000111101,10110110100,11011001100,10101101011,01101100110,10011010111
10001111011,01001101100,10111100110,10100001111,11101010000,11011000111,11010110100,01010011010,01100110111,11110101001,00111011101
00101011101,01111110001,00011111110,11110011010,01110101111,11000111101,10110110100,11011001100,10101101011,01101100110,10011010111
11011001110,10110101010,00011110111,10001111000,01101101011,11000100101,01100111110,01010111001,11111110000,00111101100,10100011101
11110100010,01100101100,00101110010,00111010101,01011100110,10101001111,10010111100,01010111011,11111011000,11001100001,11000010110
00011011101,01111111000,10110011110,11000111100,10110100101,11101001011,11010110011,01010101110,00100111011,01101010110,10001100010
00010110011,10101101010,11101110001,01110111100,01101011111,01110000011,11000100111,10110011001,11011010110,01011101001,00111100101
00111100011,00001111101,11001110001,01110010101,10011010110,11010100100,01100111010,10100110100,11111001000,11100001111,10010111001
01110111101,00111100011,11111010110,10101111000,01101001110,01010111010,10110101110,10110011011,11100100011,11011001001,10001110111
00010110011,10101101010,11101110001,01110111100,01101011111,01110000011,11000100111,10110011001,11011010110,01011101001,00111100101
00011011101,01111111000,10110011110,11000111100,10110100101,11101001011,11010110011,01010101110,00100111011,01101010110,10001100010
01010011111,10100010011,10001010101,01100001101,11011001001,01111110001,11000100111,10110111100,11111000110,00111101111,01001111010
00101011101,01111110001,00011111110,11110011010,01110101111,11000111101,10110110100,11011001100,10101101011,01101100110,10011010111
11011110010,01101101110,01100010111,00010100111,10100111100,11000101001,10001001111,11111000101,01001110101,00111011001,10101100011
11110000110,01101011100,10011101100,01010011010,00110101111,10000011111,10111011001,11100111001,01010110101,01001100011,10101110010
11011100010,01101011100,01110010011,10011001111,00010111110,01001111001,11100101111,10110011000,11010110101,00111100101,10101110111
01010110010,00011011011,11000010111,01100101011,11111010001,00101110101,10110100011,10110111100,01111000110,11011101101,10001111010
10001111011,01001101100,10111100110,10100001111,11101010000,11011000111,11010110100,01010011010,01100110111,11110101001,00111011101
11011100010,01101011100,01110010011,10011001111,00010111110,01001111001,11100101111,10110011000,11010110101,00111100101,10101110111
00010110011,10101101010,11101110001,01110111100,01101011111,01110000011,11000100111,10110011001,11011010110,01011101001,00111100101
01010011111,10100010011,10001010101,01100001101,11011001001,01111110001,11000100111,10110111100,11111000110,00111101111,01001111010
01010011111,10100010011,10001010101,01100001101,11011001001,01111110001,11000100111,10110111100,11111000110,00111101111,01001111010
11011110010,01101101110,01100010111,00010100111,10100111100,11000101001,10001001111,11111000101,01001110101,00111011001,10101100011
01101100010,00100111111,00011111000,00011001111,01101011100,11010101110,01110110101,11001110111,10111010110,10101101101,11110011011
01010011111,10100010011,10001010101,01100001101,11011001001,01111110001,11000100111,10110111100,11111000110,00111101111,01001111010
11011110010,01101101110,01100010111,00010100111,10100111100,11000101001,10001001111,11111000101,01001110101,00111011001,10101100011
00101011101,01111110001,00011111110,11110011010,01110101111,11000111101,10110110100,11011001100,10101101011,01101100110,10011010111
01110111101,00111100011,11111010110,10101111000,01101001110,01010111010,10110101110,10110011011,11100100011,11011001001,10001110111
00011011101,01111111000,10110011110,11000111100,10110100101,11101001011,11010110011,01010101110,00100111011,01101010110,10001100010
1010011010,001111011011,001000,0001111100011,11000110100011,010011111011101011011,10111011001110101010,1000110,1101,1010101010011000111
11011100010,01101011100,01110010011,10011001111,00010111110,01001111001,11100101111,10110011000,11010110101,00111100101,10101110111
00101011101,01111110001,00011111110,11110011010,01110101111,11000111101,10110110100,11011001100,10101101011,01101100110,10011010111
00111100011,00001111101,11001110001,01110010101,10011010110,11010100100,01100111010,10100110100,11111001000,11100001111,10010111001
00101011101,01111110001,00011111110,11110011010,01110101111,11000111101,10110110100,11011001100,10101101011,01101100110,10011010111
00011011101,01111111000,10110011110,11000111100,10110100101,11101001011,11010110011,01010101110,00100111011,01101010110,10001100010
01110111101,00111100011,11111010110,10101111000,01101001110,01010111010,10110101110,10110011011,11100100011,11011001001,10001110111
11011110010,01101101110,01100010111,00010100111,10100111100,11000101001,10001001111,11111000101,01001110101,00111011001,10101100011
01011001111,01111011000,00101101100,10001011011,10010011110,01000111010,01100011101,00110110011,11011110101,11110101001,11101000110
11011001110,10110101010,00011110111,10001111000,01101101011,11000100101,01100111110,01010111001,11111110000,00111101100,10100011101
00101011101,01111110001,00011111110,11110011010,01110101111,11000111101,10110110100,11011001100,10101101011,01101100110,10011010111
11110100010,01100101100,00101110010,00111010101,01011100110,10101001111,10010111100,01010111011,11111011000,11001100001,11000010110
01011001111,01111011000,00101101100,10001011011,10010011110,01000111010,01100011101,00110110011,11011110101,11110101001,11101000110
10001111011,01001101100,10111100110,10100001111,11101010000,11011000111,11010110100,01010011010,01100110111,11110101001,00111011101
11110000110,01101011100,10011101100,01010011010,00110101111,10000011111,10111011001,11100111001,01010110101,01001100011,10101110010
11011110010,01101101110,01100010111,00010100111,10100111100,11000101001,10001001111,11111000101,01001110101,00111011001,10101100011
11011110010,01101101110,01100010111,00010100111,10100111100,11000101001,10001001111,11111000101,01001110101,00111011001,10101100011
11110000110,01101011100,10011101100,01010011010,00110101111,10000011111,10111011001,11100111001,01010110101,01001100011,10101110010
10001111011,01001101100,10111100110,10100001111,11101010000,11011000111,11010110100,01010011010,01100110111,11110101001,00111011101
00101011101,01111110001,00011111110,11110011010,01110101111,11000111101,10110110100,11011001100,10101101011,01101100110,10011010111
01010110010,00011011011,11000010111,01100101011,11111010001,00101110101,10110100011,10110111100,01111000110,11011101101,10001111010
01001101110,00011010111,11011010100,11111100011,10101010110,00111101100,10001011001,01111011010,01100110101,11110001111,10010111010
01110111101,00111100011,11111010110,10101111000,01101001110,01010111010,10110101110,10110011011,11100100011,11011001001,10001110111
01001101110,00011010111,11011010100,11111100011,10101010110,00111101100,10001011001,01111011010,01100110101,11110001111,10010111010
01010110010,00011011011,1100110011,01110101110011,10100011,00100011101011101001111,11111,111,10001100011101011011011,100011101011100101010
11110000110,01101011100,10011101100,01010011010,00110101111,10000011111,10111011001,11100111001,0101011011101,01001100011,10101110010
00010110011,10101101010,11101110001,01110111100,01101011111,01110000011,11000100111,10110011001,11011010110,01011101001,00111100101
11110100010,01100101100,00101110010,00111010101,01011100110,10101001111,10010111100,01010111011,11111011000,11001100001,11000010110
01101100010,00100111111,00011111000,00011001111,01101011100,11010101110,01110110101,11001110111,10111010110,10101101101,11110011011
01010011111,10100010011,10001010101,01100001101,11011001001,01111110001,11000100111,10110111100,11111000110,00111101111,01001111010
11110100010,01100101100,00101110010,00111010101,01011100110,10101001111,10010111100,01010111011,11111011000,11001100001,11000010110
00011100111,10111110100,01011010100,01101001110,11011100010,00010111010,10011011011,11110000111,11000111101,01111101001,01101110011
01001101110,00011010111,11011010100,11111100011,10101010110,00111101100,10001011001,01111011010,01100110101,11110001111,10010111010
00011100111,10111110100,01011010100,01101001110,11011100010,00010111010,10011011011,11110000111,11000111101,01111101001,01101110011
01110111101,00111100011,11111010110,10101111000,01101001110,01010111010,10110101110,10110011011,11100100011,11011001001,10001110111
11011100010,01101011100,01110010011,10011001111,00010111110,01001111001,11100101111,10110011000,11010110101,00111100101,10101110111
01001101110,00011010111,11011010100,11111100011,10101010110,00111101100,10001011001,01111011010,01100110101,11110001111,10010111010
00011011101,01111111000,10110011110,11000111100,10110100101,11101001011,11010110011,01010101110,00100111011,01101010110,10001100010
10001111011,01001101100,10111100110,10100001111,11101010000,11011000111,11010110100,01010011010,01100110111,11110101001,00111011101
01101100010,00100111111,00011111000,00011001111,01101011100,11010101110,01110110101,11001110111,10111010110,10101101101,11110011011
10001111011,01001101100,10111100110,10100001111,11101010000,11011000111,11010110100,01010011010,01100110111,11110101001,00111011101
00010110011,10101101010,11101110001,01110111100,01101011111,01110000011,11000100111,10110011001,11011010110,01011101001,00111100101
00101011101,01111110001,00011111110,11110011010,01110101111,11000111101,10110110100,11011001100,10101101011,01101100110,10011010111
00011100111,10111110100,01011010100,01101001110,11011100010,00010111010,10011011011,11110000111,11000111101,01111101001,01101110011
10001111011,01001101100,10111100110,10100001111,11101010000,11011000111,11010110100,01010011010,01100110111,11110101001,00111011101
11110100010,01100101100,00101110010,00111010101,01011100110,10101001111,10010111100,01010111011,11111011000,11001100001,11000010110
01001101110,00011010111,11011010100,11111100011,10101010110,00111101100,10001011001,01111011010,01100110101,11110001111,10010111010
00101011101,01111110001,00011111110,11110011010,01110101111,11000111101,10110110100,11011001100,10101101011,01101100110,10011010111
11011001110,10110101010,00011110111,10001111000,01101101011,11000100101,01100111110,01010111001,11111110000,00111101100,10100011101
00101011101,01111110001,00011111110,11110011010,01110101111,11000111101,10110110100,11011001100,10101101011,01101100110,10011010111
11011001110,10110101010,00011110111,10001111000,01101101011,11000100101,01100111110,01010111001,11111110000,00111101100,10100011101
11011001110,10110101010,00011110111,10001111000,01101101011,11000100101,01100111110,01010111001,11111110000,00111101100,10100011101
11011110010,01101101110,01100010111,00010100111,10100111100,11000101001,10001001111,11111000101,01001110101,00111011001,10101100011
01011001111,01111011000,00101101100,10001011011,10010011110,01000111010,01100011101,00110110011,11011110101,11110101001,11101000110
00011100111,10111110100,01011010100,01101001110,11011100010,00010111010,10011011011,11110000111,11000111101,01111101001,01101110011
01111100110,00011011110,11100010100,01110010011,00101110011,00111001101,11011110001,01101111000,01000111101,11001001011,10110101010
01010110010,00011011011,11000010111,01100101011,11111010001,00101110101,10110100011,10110111100,01111000110,11011101101,10001111010
00010110011,10101101010,11101110001,01110111100,01101011111,01110000011,11000100111,10110011001,11011010110,01011101001,00111100101
01110111101,00111100011,11111010110,10101111000,01101001110,01010111010,10110101110,10110011011,11100100011,11011001001,10001110111
00010110011,10101101010,11101110001,01110111100,01101011111,01110000011,11000100111,10110011001,11011010110,01011101001,00111100101
00101011101,01111110001,00011111110,11110011010,01110101111,11000111101,10110110100,11011001100,10101101011,01101100110,10011010111
11011100010,01101011100,01110010011,10011001111,00010111110,01001111001,11100101111,10110011000,11010110101,00111100101,10101110111
11011001110,10110101010,00011110111,10001111000,01101101011,11000100101,01100111110,01010111001,11111110000,00111101100,10100011101
00010110011,10101101010,11101110001,01110111100,01101011111,01110000011,11000100111,10110011001,11011010110,01011101001,00111100101
11011001110,10110101010,00011110111,10001111000,01101101011,11000100101,01100111110,01010111001,11111110000,00111101100,10100011101
11011100010,01101011100,01110010011,10011001111,00010111110,01001111001,11100101111,10110011000,11010110101,00111100101,10101110111
01010110010,00011011011,11000010111,01100101011,11111010001,00101110101,10110100011,10110111100,01111000110,11011101101,10001111010
01101100010,00100111111,00011111000,00011001111,01101011100,11010101110,01110110101,11001110111,10111010110,10101101101,11110011011
00011100111,10111110100,01011010100,01101001110,11011100010,00010111010,10011011011,11110000111,11000111101,01111101001,01101110011
00010110011,10101101010,11101110001,01110111100,01101011111,01110000011,11000100111,10110011001,11011010110,01011101001,00111100101
11110000110,01101011100,10011101100,01010011010,00110101111,10000011111,10111011001,11100111001,01010110101,01001100011,10101110010
11011001110,10110101010,00011110111,10001111000,01101101011,11000100101,01100111110,01010111001,11111110000,00111101100,10100011101
01010011111,10100010011,10001010101,01100001101,11011001001,01111110001,11000100111,10110111100,11111000110,00111101111,01001111010
11011001110,10110101010,00011110111,10001111000,01101101011,11000100101,01100111110,01010111001,11111110000,00111101100,10100011101
01010011111,10100010011,10001010101,01100001101,11011001001,01111110001,11000100111,10110111100,11111000110,00111101111,01001111010
11110100010,01100101100,00101110010,00111010101,01011100110,10101001111,10010111100,01010111011,11111011000,11001100001,11000010110
11011110010,01101101110,01100010111,00010100111,10100111100,11000101001,10001001111,11111000101,01001110101,00111011001,10101100011
01101100010,00100111111,00011111000,00011001111,01101011100,11010101110,01110110101,11001110111,10111010110,10101101101,11110011011
01011001111,01111011000,00101101100,10001011011,10010011110,01000111010,01100011101,00110110011,11011110101,11110101001,11101000110
11011001110,10110101010,00011110111,10001111000,01101101011,11000100101,01100111110,01010111001,11111110000,00111101100,10100011101
11110100010,01100101100,00101110010,00111010101,01011100110,10101001111,10010111100,01010111011,11111011000,11001100001,11000010110
01010110010,00011011011,11000010111,01100101011,11111010001,00101110101,10110100011,10110111100,01111000110,11011101101,10001111010
00011100111,10111110100,01011010100,01101001110,11011100010,00010111010,10011011011,11110000111,11000111101,01111101001,01101110011
00101011101,01111110001,00011111110,11110011010,01110101111,11000111101,10110110100,11011001100,10101101011,01101100110,10011010111
00010110011,10101101010,11101110001,01110111100,01101011111,01110000011,11000100111,10110011001,11011010110,01011101001,00111100101
00101011101,01111110001,00011111110,11110011010,01110101111,11000111101,10110110100,11011001100,10101101011,01101100110,10011010111
00111100011,00001111101,11001110001,01110010101,10011010110,11010100100,01100111010,10100110100,11111001000,11100001111,10010111001
01110111101,00111100011,11111010110,10101111000,01101001110,01010111010,10110101110,10110011011,11100100011,11011001001,10001110111
01010011111,10100010011,10001010101,01100001101,11011001001,01111110001,11000100111,10110111100,11111000110,00111101111,01001111010
11011001110,10110101010,00011110111,10001111000,01101101011,11000100101,01100111110,01010111001,11111110000,00111101100,10100011101
01010110010,00011011011,11000010111,01100101011,11111010001,00101110101,10110100011,10110111100,01111000110,11011101101,10001111010
11011100010,01101011100,01110010011,10011001111,00010111110,01001111001,11100101111,10110011000,11010110101,00111100101,10101110111
01110111101,00111100011,11111010110,10101111000,01101001110,01010111010,10110101110,10110011011,11100100011,11011001001,10001110111
11110100010,01100101100,00101110010,00111010101,01011100110,10101001111,10010111100,01010111011,11111011000,11001100001,11000010110
11011001110,10110101010,00011110111,10001111000,01101101011,11000100101,01100111110,01010111001,11111110000,00111101100,10100011101
00101011101,01111110001,00011111110,11110011010,01110101111,11000111101,10110110100,11011001100,10101101011,01101100110,10011010111
01010110010,00011011011,11000010111,01100101011,11111010001,00101110101,10110100011,10110111100,01111000110,11011101101,10001111010
11110100010,01100101100,00101110010,00111010101,01011100110,10101001111,10010111100,01010111011,11111011000,11001100001,11000010110
01101100010,00100111111,00011111000,00011001111,01101011100,11010101110,01110110101,11001110111,10111010110,10101101101,11110011011
11011110010,01101101110,01100010111,00010100111,10100111100,11000101001,10001001111,11111000101,01001110101,00111011001,10101100011
11011001110,10110101010,00011110111,10001111000,01101101011,11000100101,01100111110,01010111001,11111110000,00111101100,10100011101
10001111011,01001101100,10111100110,10100001111,11101010000,11011000111,11010110100,01010011010,01100110111,11110101001,00111011101
01110111101,00111100011,11111010110,10101111000,01101001110,01010111010,10110101110,10110011011,11100100011,11011001001,10001110111
01010011111,10100010011,10001010101,01100001101,11011001001,01111110001,11000100111,10110111100,11111000110,00111101111,01001111010
01001101110,00011010111,11011010100,11111100011,10101010110,00111101100,10001011001,01111011010,01100110101,11110001111,10010111010
00101011101,01111110001,00011111101010111,110011010,01110101111,11000111101,10110110100,11011001100,10101101011,01101100110,10011010111
00101011101,01111110001,00011111110,11110011010,01110101111,11000111101,10110110100,11011001100,10101101011,01101100110,10011010111
01110111101,00111100011,11111010110,10101111000,01101001110,01010111010,10110101110,10110011011,11100100011,11011001001,10001110111
00011011101,01111111000,10110011110,11000111100,10110100101,11101001011,11010110011,01010101110,00100111011,01101010110,10001100010
01010011111,10100010011,10001010101,01100001101,11011001001,01111110001,11000100111,10110111100,11111000110,00111101111,01001111010
11110100010,01100101100,00101110010,00111010101,01011100110,10101001111,10010111100,01010111011,11111011000,11001100001,11000010110
01011001111,01111011000,00101101100,10001011011,10010011110,01000111010,01100011101,00110110011,11011110101,11110101001,11101000110
11011110010,01101101110,01100010111,00010100111,10100111100,11000101001,10001001111,11111000101,01001110101,00111011001,10101100011
01010110010,00011011011,11000010111,01100101011,11111010001,00101110101,10110100011,10110111100,01111000110,11011101101,10001111010
01001101110,00011010111,11011010100,11111100011,10101010110,00111101100,10001011001,01111011010,01100110101,11110001111,10010111010
00010110011,10101101010,11101110001,01110111100,01101011111,01110000011,11000100111,10110011001,11011010110,01011101001,00111100101
10001111011,01001101100,10111100110,10100001111,11101010000,11011000111,11010110100,01010011010,01100110111,11110101001,00111011101
00111100011,00001111101,11001110001,01110010101,10011010110,11010100100,01100111010,10100110100,11111001000,11100001111,10010111001
01001101110,00011010111,11011010100,11111100011,10101010110,00111101100,10001011001,01111011010,01100110101,11110001111,10010111010
00111100011,00001111101,11001110001,01110010101,10011010110,11010100100,01100111010,10100110100,11111001000,11100001111,10010111001
01110111101,00111100011,11111010110,10101111000,01101001110,01010111010,10110101110,10110011011,11100100011,11011001001,10001110111
00101011101,01111110001,00011111110,11110011010,01110101111,11000111101,10110110100,11011001100,10101101011,01101100110,10011010111
00011011101,01111111000,10110011110,11000111100,10110100101,11101001011,11010110011,01010101110,00100111011,01101010110,10001100010
10001111011,01001101100,10111100110,10100001111,11101010000,11011000111,11010110100,01010011010,01100110111,11110101001,00111011101
01010011111,10100010011,10001010101,01100001101,11011001001,01111110001,11000100111,1011010011,11111000110,00111101111,01001111010
11110000110,01101011100,10011101100,01010011010,00110101111,10000011111,10111011001,11100111001,01010110101,01001100011,10101110010
11110100010,01100101100,00101110010,00111010101,01011100110,10101001111,10010111100,01010111011,11111011000,11001100001,11000010110
00101011101,01111110001,00011111110,11110011010,01110101111,11000111101,10110110100,11011001100,10101101011,01101100110,10011010111
11011100010,01101011100,01110010011,10011001111,00010111110,01001111001,11100101111,10110011000,11010110101,00111100101,10101110111
11011001110,10110101010,00011110111,10001111000,01101101011,11000100101,01100111110,01010111001,11111110000,00111101100,10100011101
11011110010,01101101110,01100010111,00010100111,10100111100,11000101001,10001001111,11111000101,01001110101,00111011001,10101100011
01101100010,00100111111,00011111000,00011001111,01101011100,11010101110,01110110101,11001110111,10111010110,10101101101,11110011011
01110111101,00111100011,11111010110,10101111000,01101001110,01010111010,10110101110,10110011011,11100100011,11011001001,10001110111
01011001111,01111011000,00101101100,10001011011,10010011110,01000111010,01100011101,00110110011,11011110101,11110101001,11101000110
00010110011,10101101010,11101110001,01110111100,01101011111,01110000011,11000100111,10110011001,11011010110,01011101001,00111100101
01010011111,10100010011,10001010101,01100001101,11011001001,01111110001,11000100111,10110111100,11111000110,00111101111,0100111,
01010110010,00011011011,11000010111,01100101011,11111010001,00101110101,10110100011,10110111100,01111000110,11011101101,10001111010
01101100010,00100111111,00011111000,00011001111,01101011100,11010101110,01110110101,11001110111,10111010110,10101101101,11110011011
01110111101,00111100011,11111010110,10101111000,01101001110,01010111010,10110101110,10110011011,11100100011,11011001001,10001110111
01010011111,10100010011,10001010101,01100001101,11011001001,01111110001,11000100111,10110111100,11111000110,00111101111,01001111010
00011011101,01111111000,10110011110,11000111100,10110100101,11101001011,11010110011,01010101110,00100111011,01101010110,10001100010
11011100010,01101011100,01110010011,10011001111,00010111110,01001111001,11100101111,10110011000,11010110101,00111100101,10101110111
11011001110,10110101010,00011110111,10001111000,01101101011,11000100101,01100111110,01010111001,11111110000,00111101100,10100011101
00011100111,10111110100,01011010100,01101001110,11011100010,00010111010,10011011011,11110000111,11000111101,01111101001,01101110011
01010110010,00011011011,11000010111,01100101011,11111010001,00101110101,10110100011,10110111100,01111000110,11011101101,10001111010
00111100011,00001111101,11001110001,01110010101,10011010110,11010100100,01100111010,10100110100,11111001000,11100001111,10010111001
11110100010,01100101100,00101110010,00111010101,01011100110,10101001111,10010111100,01010111011,11111011000,11001100001,11000010110
11110100010,01100101100,00101110010,00111010101,01011100110,10101001111,10010111100,01010111011,11111011000,11001100001,11000010110
11011001110,10110101010,00011110111,10001111000,01101101011,11000100101,01100111110,01010111001,11111110000,00111101100,10100011101
11110100010,01100101100,00101110010,00111010101,01011100110,10101001111,10010111100,01010111011,11111011000,11001100001,11000010110
01001101110,00011010111,11011010100,11111100011,10101010110,00111101100,10001011001,01111011010,01100110101,11110001111,10010111010
01010011111,10100010011,10001010101,01100001101,11011001001,01111110001,11000100111,10110111100,11111000110,00111101111,01001111010
11011100010,01101011100,01110010011,10011001111,00010111110,01001111001,11100101111,10110011000,11010110101,00111100101,10101110111
00101011101,01111110001,00011111110,11110011010,01110101111,11000111101,10110110100,11011001100,10101101011,01101100110,10011010111
11011001110,10110101010,00011110111,10001111000,01101101011,11000100101,01100111110,01010111001,11111110000,00111101100,10100011101
00011011101,01111111000,10110011110,11000111100,10110100101,11101001011,11010110011,01010101110,00100111011,01101010110,10001100010
11011001110,10110101010,00011110111,10001111000,01101101011,11000100101,01100111110,01010111001,11111110000,00111101100,10100011101
01001101110,00011010111,11011010100,11111100011,10101010110,00111101100,10001011001,01111011010,01100110101,11110001111,10010111010
01010011111,10100010011,10001010101,01100001101,11011001001,01111110001,11000100111,10110111100,11111000110,00111101111,01001111010
0001110111,10111000101,0111001,01,0110011001,1011001100010,11101001,101110001001111,111100111010,1010110101,00111010010011,101
11011001110,10110101010,00011110111,10001111000,01101101011,11000100101,01100111110,01010111001,11111110000,00111101100,10100011101
00101011101,01111110001,00011111110,11110011010,01110101111,11000111101,10110110100,11011001100,10101101011,01101100110,10011010111
00010110011,10101101010,11101110001,01110111100,01101011111,01110000011,11000100111,10110011001,11011010110,01011101001,00111100101
01111100110,00011011110,11100010100,01110010011,00101110011,00111001101,11011110001,01101111000,01000111101,11001001011,10110101010
01111100110,00011011110,11100010100,01110010011,00101110011,00111001101,11011110001,01101111000,01000111101,11001001011,10110101010
01001101110,00011010111,11011010100,11111100011,10101010110,00111101100,10001011001,01111011010,01100110101,11110001111,10010111010
01010011111,10100010011,10001010101,01100001101,11011001001,01111110001,11000100111,10110111100,11111000110,00111101111,01001111010
00101011101,01111110001,00011111110,11110011010,01110101111,11000111101,10110110100,11011001100,10101101011,01101100110,10011010111
11011100010,01101011100,01110010011,10011001111,00010111110,01001111001,11100101111,10110011000,11010110101,00111100101,10101110111
11110100010,01100101100,00101110010,00111010101,01011100110,10101001111,10010111100,01010111011,11111011000,11001100001,11000010110
00111100011,00001111101,11001110001,01110010101,10011010110,11010100100,01100111010,10100110100,11111001000,11100001111,10010111001
01101100010,00100111111,00011111000,00011001111,01101011100,11010101110,01110110101,11001110111,10111010110,10101101101,11110011011
01110111101,00111100011,11111010110,10101111000,01101001110,01010111010,10110101110,10110011011,11100100011,11011001001,10001110111
00101011101,01111110001,00011111110,11110011010,01110101111,11000111101,10110110100,11011001100,10101101011,01101100110,10011010111
00011100111,10111110100,01011010100,01101001110,11011100010,00010111010,10011011011,11110000111,11000111101,01111101001,01101110011
00101011101,01111110001,00011111110,11110011010,01110101111,11000111101,10110110100,11011001100,10101101011,01101100110,10011010111
11110100010,01100101100,00101110010,00111010101,01011100110,10101001111,10010111100,01010111011,11111011000,11001100001,11000010110
11011100010,01101011100,01110010011,10011001111,00010111110,01001111001,11100101111,10110011000,11010110101,00111100101,10101110111
11110100010,01100101100,00101110010,00111010101,01011100110,10101001111,10010111100,01010111011,11111011000,11001100001,11000010110
01110111101,00111100011,11111010110,10101111000,01101001110,01010111010,10110101110,10110011011,11100100011,11011001001,10001110111
01010110010,00011011011,11000010111,01100101011,11111010001,00101110101,10110100011,10110111100,01111000110,11011101101,10001111010
11011001110,10110101010,00011110111,10001111000,01101101011,11000100101,01100111110,01010111001,11111110000,00111101100,10100011101
01011001111,01111011000,00101101100,10001011011,10010011110,01000111010,01100011101,00110110011,11011110101,11110101001,11101000110
00011011101,01111111000,10110011110,11000111100,10110100101,11101001011,11010110011,01010101110,00100111011,01101010110,10001100010
11110100010,01100101100,00101110010,00111010101,01011100110,10101001111,10010111100,01010111011,11111011000,11001100001,11000010110
01011001111,01111011000,00101101100,10001011011,10010011110,01000111010,01100011101,00110110011,11011110101,11110101001,11101000110
01010110010,00011011011,11000010111,01100101011,11111010001,00101110101,10110100011,10110111100,01111000110,11011101101,10001111010
11011110010,01101101110,01100010111,00010100111,10100111100,11000101001,10001001111,11111000101,01001110101,00111011001,10101100011
01110111101,00111100011,11111010110,10101111000,01101001110,01010111010,10110101110,10110011011,11100100011,11011001001,10001110111
10001111011,01001101100,10111100110,10100001111,11101010000,11011000111,11010110100,01010011010,01100110111,11110101001,00111011101
00101011101,01111110001,00011111110,11110011010,01110101111,11000111101,10110110100,11011001100,10101101011,01101100110,10011010111
11011100010,01101011100,01110010011,10011001111,00010111110,01001111001,11100101111,10110011000,11010110101,00111100101,10101110111
00101011101,01111110001,00011111110,11110011010,01110101111,11000111101,10110110100,11011001100,10101101011,01101100110,10011010111
11011110010,01101101110,01100010111,00010100111,10100111100,11000101001,10001001111,11111000101,01001110101,00111011001,10101100011
01011001111,01111011000,00101101100,10001011011,10010011110,01000111010,01100011101,00110110011,11011110101,11110101001,11101000110
01010011111,10100010011,10001010101,01100001101,11011001001,01111110001,11000100111,10110111100,11111000110,00111101111,01001111010
10001111011,01001101100,10111100110,10100001111,11101010000,11011000111,11010110100,01010011010,01100110111,11110101001,00111011101
01010011111,10100010011,10001010101,01100001101,11011001001,01111110001,11000100111,10110111100,11111000110,00111101111,01001111010
01110111101,00111100011,11111010110,10101111000,01101001110,01010111010,10110101110,10110011011,11100100011,11011001001,10001110111
01010110010,00011011011,11000010111,01100101011,11111010001,00101110101,10110100011,10110111100,01111000110,11011101101,10001111010
10001111011,01001101100,10111100110,10100001111,11101010000,11011000111,11010110100,01010011010,01100110111,11110101001,00111011101
01010011111,10100010011,1100010011,10001101,1000110000,10100010110110011001100,11110110011001,1,1111100,110011011010,11
01110111101,00111100011,11111010110,10101111000,01101001110,01010111010,10110101110,10110011011,11100100011,11011001001,10001110111
00011011101,01111111000,10110011110,11000111100,10110100101,11101001011,11010110011,01010101110,00100111011,01101010110,10001100010
01111100110,00011011110,11100010100,01110010011,00101110011,00111001101,11011110001,01101111000,01000111101,11001001011,10110101010
11011001110,10110101010,00011110111,10001111000,01101101011,11000100101,01100111110,01010111001,11111110000,00111101100,10100011101
01010011111,10100010011,10001010101,01100001101,11011001001,01111110001,11000100111,10110111100,11111000110,00111101111,01001111010
11011100010,01101011100,01110010011,10011001111,00010111110,01001111001,11100101111,10110011000,11010110101,00111100101,10101110111
01101100010,00100111111,00011111000,00011001111,,1001110000,0011001110011,11011100,00111101110110,0110,01110101001011111111000111111111
01110111101,00111100011,11111010110,10101111000,01101001110,01010111010,10110101110,10110011011,11100100011,11011001001,10001110111
00101011101,01111110001,00011111110,11110011010,01110101111,11000111101,10110110100,11011001100,10101101011,01101100110,10011010111
01111100110,00011011110,11100010100,01110010011,00101110011,00111001101,11011110001,01101111000,01000111101,11001001011,10110101010
01110111101,00111100011,11111010110,10101111000,01101001110,01010111010,10110101110,10110011011,11100100011,11011001001,10001110111
01111100110,00011011110,11100010100,01110010011,00101110011,00111001101,11011110001,01101111000,01000111101,11001001011,10110101010
01010011111,10100010011,10001010101,01100001101,11011001001,01111110001,11000100111,10110111100,11111000110,00111101111,01001111010
00111100011,00001111101,11001110001,01110010101,10011010110,11010100100,01100111010,10100110100,11111001000,11100001111,10010111001
00111100011,00001111101,11001110001,01110010101,10011010110,11010100100,01100111010,10100110100,11111001000,11100001111,10010111001
00101011101,01111110001,00011111110,11110011010,01110101111,11000111101,10110110100,11011001100,10101101011,01101100110,10011010111
10001111011,01001101100,10111100110,10100001111,11101010000,11011000111,11010110100,01010011010,01100110111,11110101001,00111011101
00111100011,00001111101,11001110001,01110010101,10011010110,11010100100,01100111010,10100110100,11111001000,11100001111,10010111001
11011100010,01101011100,01110010011,10011001111,00010111110,01001111001,11100101111,10110011000,11010110101,00111100101,10101110111
01110111101,00111100011,11111010110,10101111000,01101001110,01010111010,10110101110,10110011011,11100100011,11011001001,10001110111
01111100110,00011011110,11100010100,01110010011,00101110011,00111001101,11011110001,01101111000,01000111101,11001001011,10110101010
01110111101,00111100011,11111010110,10101111000,01101001110,01010111010,10110101110,10110011011,11100100011,11011001001,10001110111
11011100010,01101011100,01110010011,10011001111,00010111110,01001111001,11100101111,10110011000,11010110101,00111100101,10101110111
10001111011,01001101100,10111100110,10100001111,11101010000,11011000111,11010110100,01010011010,01100110111,11110101001,00111011101
11011110010,01101101110,01100010111,00010100111,10100111100,11000101001,10001001111,11111000101,01001110101,00111011001,10101100011
01010011111,10100010011,10001010101,01100001101,11011001001,01111110001,11000100111,10110111100,11111000110,00111101111,01001111010
01010011111,10100010011,10001010101,01100001101,11011001001,01111110001,11000100111,10110111100,11111000110,00111101111,01001111010
11011100010,01101011100,01110010011,10011001111,00010111110,01001111001,11100101111,10110011000,11010110101,00111100101,10101110111
00111100011,00001111101,11001110001,01110010101,10011010110,11010100100,01100111010,10100110100,11111001000,11100001111,10010111001
00101011101,01111110001,00011111110,11110011010,01110101111,11000111101,10110110100,11011001100,10101101011,01101100110,10011010111
01010011111,10100010011,10001010101,01100001101,11011001001,01111110001,11000100111,10110111100,11111000110,00111101111,01001111010
11110000110,01101011100,10011101100,01010011010,00110101111,10000011111,10111011001,11100111001,01010110101,01001100011,10101110010
00101011101,01111110001,00011111110,11110011010,01110101111,11000111101,10110110100,11011001100,10101101011,01101100110,10011010111
11011100010,01101011100,01110010011,10011001111,00010111110,01001111001,11100101111,10110011000,11010110101,00111100101,10101110111
01010011111,10100010011,10001010101,01100001101,11011001001,01111110001,11000100111,10110111100,11111000110,00111101111,01001111010
01001101110,00011010111,11011010100,11111100011,10101010110,00111101100,10001011001,01111011010,01100110101,11110001111,10010111010
00011011101,01111111000,10110011110,11000111100,10110100101,11101001011,11010110011,01010101110,00100111011,01101010110,10001100010
01111100110,00011011110,11100010100,01110010011,00101110011,00111001101,11011110001,01101111000,01000111101,11001001011,10110101010
00011100111,10111110100,01011010100,01101001110,11011100010,00010111010,10011011011,11110000111,11000111101,01111101001,01101110011
11110100010,01100101100,00101110010,00111010101,01011100110,10101001111,10010111100,01010111011,11111011000,11001100001,11000010110
11011001110,10110101010,00011110111,10001111000,01101101011,11000100101,01100111110,01010111001,11111110000,00111101100,10100011101
01110111101,00111101110,1111101110001,10100010111100,11101110,0111011011001101,01110111111001110011,0110100011,1,1111011,
11011110010,01101101110,01100010111,00010100111,10100111100,11000101001,10001001111,11111000101,01001110101,00111011001,10101100011
01111100110,00011011110,11100010100,01110010011,00101110011,00111001101,11011110001,01101111000,01000111101,11001001011,10110101010
01110111101,00111100011,11111010110,10101111000,01101001110,01010111010,10110101110,10110011011,11100100011,11011001001,10001110111
11011100010,01101011100,01110010011,10011001111,00010111110,01001111001,11100101111,10110011000,11010110101,00111100101,10101110111
00111100011,00001111101,11001110001,01110010101,10011010110,11010100100,01100111010,10100110100,11111001000,11100001111,10010111001
11011001110,10110101010,00011110111,10001111000,01101101011,11000100101,01100111110,01010111001,11111110000,00111101100,10100011101
11011100010,01101011100,01110010011,10011001111,00010111110,01001111001,11100101111,10110011000,11010110101,00111100101,10101110111
11011110010,01101101110,01100010111,00010100111,10100111100,11000101001,10001001111,11111000101,01001110101,00111011001,10101100011
00011011101,01111111000,10110011110,11000111100,10110100101,11101001011,11010110011,01010101110,00100111011,01101010110,10001100010
01101100010,00100111111,00011111000,00011001111,01101011100,11010101110,01110110101,11001110111,10111010110,10101101101,11110011011
00101011101,01111110001,00011111110,11110011010,01110101111,11000111101,10110110100,11011001100,10101101011,01101100110,10011010111
11011110010,01101101110,01100010111,00010100111,10100111100,11000101001,10001001111,11111000101,01001110101,00111011001,10101100011
11110100010,01100101100,00101110010,00111010101,01011100110,10101001111,10010111100,01010111011,11111011000,11001100001,11000010110
11011100010,01101011100,01110010011,10011001111,00010111110,01001111001,11100101111,10110011000,11010110101,00111100101,10101110111
01111100110,00011011110,11100010100,01110010011,00101110011,00111001101,11011110001,01101111000,01000111101,11001001011,10110101010
01110111101,00111100011,11111010110,10101111000,01101001110,01010111010,10110101110,10110011011,11100100011,11011001001,10001110111
11011001110,10110101010,00011110111,10001111000,01101101011,11000100101,01100111110,01010111001,11111110000,00111101100,10100011101
01011001111,01111011000,00101101100,10001011011,10010011110,01000111010,01100011101,00110110011,11011110101,11110101001,11101000110
01001101110,00011010111,11011010100,11111100011,10101010110,00111101100,10001011001,01111011010,01100110101,11110001111,10010111010
01011001111,01111011000,00101101100,10001011011,10010011110,01000111010,01100011101,00110110011,11011110101,11110101001,11101000110
01010011111,10100010011,10001010101,01100001101,11011001001,01111110001,11000100111,10110111100,11111000110,00111101111,01001111010
00011011101,01111111000,10110011110,11000111100,10110100101,11101001011,11010110011,01010101110,00100111011,01101010110,10001100010
11110100010,01100101100,00101110010,00111010101,01011100110,10101001111,10010111100,01010111011,11111011000,11001100001,11000010110
11110000110,01101011100,10011101100,01010011010,00110101111,10000011111,10111011001,11100111001,01010110101,01001100011,10101110010
01101100010,00100111111,00011111000,00011001111,01101011100,11010101110,01110110101,11001110111,10111010110,10101101101,11110011011
01110111101,00111100011,11111010110,10101111000,01101001110,01010111010,10110101110,10110011011,11100100011,11011001001,10001110111
01001101110,00011010111,11011010100,11111100011,10101010110,00111101100,10001011001,01111011010,01100110101,11110001111,10010111010
11110100010,01100101100,00101110010,00111010101,01011100110,10101001111,10010111100,01010111011,11111011000,11001100001,11000010110
11110000110,01101011100,10011101100,01010011010,00110101111,10000011111,10111011001,11100111001,01010110101,01001100011,10101110010
01101100010,00100111111,00011111000,00011001111,01101011100,11010101110,01110110101,11001110111,10111010110,10101101101,11110011011
01001101110,00011010111,11011010100,11111100011,10101010110,00111101100,10001011001,01111011010,01100110101,11110001111,10010111010
00011100111,10111110100,01011010100,01101001110,11011100010,00010111010,10011011011,11110000111,11000111101,01111101001,01101110011
01010011111,10100010011,10001010101,01100001101,11011001001,01111110001,11000100111,10110111100,11111000110,00111101111,01001111010
11011001110,10110101010,00011110111,10001111000,01101101011,11000100101,01100111110,01010111001,11111110000,00111101100,10100011101
110001,10101000111
00111100011,00001111101,11001110001,01110010101,10011010110,11010100100,01100111010,10100110100,11111001000,11100001111,10010111001
11011100010,01101011100,01110010011,10011001111,00010111110,01001111001,11100101111,10110011000,11010110101,00111100101,10101110111
00011100111,10111110100,01011010100,01101001110,11011100010,00010111010,10011011011,11110000111,11000111101,01111101001,01101110011
10001111011,01001101100,10111100110,10100001111,11101010000,11011000111,11010110100,01010011010,01100110111,11110101001,00111011101
10001111011,01001101100,10111100110,10100001111,11101010000,11011000111,11010110100,01010011010,01100110111,11110101001,00111011101
11110100010,01100101100,00101110010,00111010101,01011100110,10101001111,10010111100,01010111011,11111011000,11001100001,11000010110
11110100010,01100101100,00101110010,00111010101,01011100110,10101001111,10010111100,01010111011,11111011000,11001100001,11000010110
11110000110,01101011100,10011101100,01010011010,00110101111,10000011111,10111011001,11100111001,01010110101,01001100011,10101110010
11011001110,10110101010,00011110111,10001111000,01101101011,11000100101,01100111110,01010111001,11111110000,00111101100,10100011101
00010110011,10101101010,11101110001,01110111100,01101011111,01110000011,11000100111,10110011001,11011010110,01011101001,00111100101
01010110010,00011011011,11000010111,01100101011,11111010001,00101110101,10110100011,10110111100,01111000110,11011101101,10001111010
01011001111,01111011000,00101101100,10001011011,10010011110,01000111010,01100011101,00110110011,11011110101,11110101001,11101000110
00011100111,10111110100,01011010100,01101001110,11011100010,00010111010,10011011011,11110000111,11000111101,01111101001,01101110011
01110111101,00111100011,11111010110,10101111000,01101001110,01010111010,10110101110,10110011011,11100100011,11011001001,10001110111
11110000110,01101011100,10011101100,01010011010,00110101111,10000011111,10111011001,11100111001,01010110101,01001100011,10101110010
01010110010,00011011011,11000010111,01100101011,11111010001,00101110101,10110100011,10110111100,01111000110,11011101101,10001111010
11011110010,01101101110,01100010111,00010100111,10100111100,11000101001,10001001111,11111000101,01001110101,00111011001,10101100011
01001101110,00011010111,11011010100,11111100011,10101010110,00111101100,10001011001,01111011010,01100110101,11110001111,10010111010
11110000110,01101011100,10011101100,01010011010,00110101111,10000011111,10111011001,11100111001,01010110101,01001100011,10101110010
11011110010,01101101110,01100010111,00010100111,10100111100,11000101001,10001001111,11111000101,01001110101,00111011001,10101100011
0001110111,101110001011,01,10101110,1011100010,1011001,11010001110001,1011001,101001,110001100011,01101,1,111101100110,
01110111101,00111100011,11111010110,10101111000,01101001110,01010111010,10110101110,10110011011,11100100011,11011001001,10001110111
01011001111,01111011000,00101101100,10001011011,10010011110,01000111010,01100011101,00110110011,11011110101,11110101001,11101000110
00111100011,00001111101,11001110001,01110010101,10011010110,11010100100,01100111010,10100110100,11111001000,11100001111,10010111001
11011001110,10110101010,00011110111,10001111000,01101101011,11000100101,01100111110,01010111001,11111110000,00111101100,10100011101
00101011101,01111110001,00011111110,11110011010,01110101111,11000111101,10110110100,11011001100,10101101011,01101100110,10011010111
11011001110,10110101010,00011110111,10001111000,01101101011,11000100101,01100111110,01010111001,11111110000,00111101100,10100011101
10001111011,01001101100,10111100110,10100001111,11101010000,11011000111,11010110100,01010011010,01100110111,11110101001,00111011101
01001101110,00011010111,11011010100,11111100011,10101010110,00111101100,10001011001,01111011010,01100110101,11110001111,10010111010
01011001111,01111011000,00101101100,10001011011,10010011110,01000111010,01100011101,00110110011,11011110101,11110101001,11101000110
01101100010,00100111111,00011111000,00011001111,01101011100,11010101110,01110110101,11001110111,10111010110,10101101101,11110011011
01111100110,00011011110,11100010100,01110010011,00101110011,00111001101,11011110001,01101111000,01000111101,11001001011,10110101010
11110100010,01100101100,00101110010,00111010101,01011100110,10101001111,10010111100,01010111011,11111011000,11001100001,11000010110
00010110011,10101101010,11101110001,01110111100,01101011111,01110000011,11000100111,10110011001,11011010110,01011101001,00111100101
01011001111,01111011000,00101101100,10001011011,10010011110,01000111010,01100011101,00110110011,11011110101,11110101001,11101000110
01010011111,10100010011,10001010101,01100001101,11011001001,01111110001,11000100111,10110111100,11111000110,00111101111,01001111010
01010011111,10100010011,10001010101,01100001101,11011001001,01111110001,11000100111,10110111100,11111000110,00111101111,01001111010
01001101110,00011010111,11011010100,11111100011,10101010110,00111101100,10001011001,01111011010,01100110101,11110001111,10010111010
01110111101,00111100011,11111010110,10101111000,01101001110,01010111010,10110101110,10110011011,11100100011,11011001001,10001110111
01110111101,00111100011,11111010110,10101111000,01101001110,01010111010,10110101110,10110011011,11100100011,11011001001,10001110111
01010011111,10100010011,10001010101,01100001101,11011001001,01111110001,11000100111,10110111100,11111000110,00111101111,01001111010
01010011111,10100010011,10001010101,01100001101,11011001001,01111110001,11000100111,10110111100,11111000110,00111101111,01001111010
11011110010,01101101110,01100010111,00010100111,10100111100,11000101001,10001001111,11111000101,01001110101,00111011001,10101100011
10001111011,01001101100,10111100110,10100001111,11101010000,11011000111,11010110100,01010011010,01100110111,11110101001,00111011101
01011001111,01111011000,00101101100,10001011011,10010011110,01000111010,01100011101,00110110011,11011110101,11110101001,11101000110
00111100011,00001111101,11001110001,01110010101,10011010110,11010100100,01100111010,10100110100,11111001000,11100001111,10010111001
01001101110,00011010111,11011010100,11111100011,10101010110,00111101100,10001011001,01111011010,01100110101,11110001111,10010111010
00111100011,00001111101,11001110001,01110010101,10011010110,11010100100,01100111010,10100110100,11111001000,11100001111,10010111001
01011001111,01111011000,00101101100,10001011011,10010011110,01000111010,01100011101,00110110011,11011110101,11110101001,11101000110
11110000110,01101011100,10011101100,01010011010,00110101111,10000011111,10111011001,11100111001,01010110101,01001100011,10101110010
00010110011,10101101010,11101110001,01110111100,01101011111,01110000011,11000100111,10110011001,11011010110,01011101001,00111100101
11011110010,01101101110,01100010111,00010100111,10100111100,11000101001,10001001111,11111000101,01001110101,00111011001,10101100011
01110111101,00111100011,11111010110,10101111000,01101001110,01010111010,10110101110,10110011011,11100100011,11011001001,10001110111
10001111011,01001101100,10111100110,10100001111,11101010000,11011000111,11010110100,01010011010,01100110111,11110101001,00111011101
01101100010,00100111111,00011111000,00011001111,01101011100,11010101110,01110110101,11001110111,10111010110,10101101101,11110011011
01010011111,10100010011,10001010101,01100001101,11011001001,01111110001,11000100111,10110111100,11111000110,00111101111,01001111010
00011100111,10111110100,01011010100,01101001110,11011100010,00010111010,10011011011,11110000111,11000111101,01111101001,01101110011
00111100011,00001111101,11001110001,01110010101,10011010110,11010100100,01100111010,10100110100,11111001000,11100001111,10010111001
10001111011,01001101100,10111100110,10100001111,11101010000,11011000111,11010110100,01010011010,01100110111,11110101001,00111011101
11110100010,01100101100,00101110010,00111010101,01011100110,10101001111,10010111100,01010111011,11111011000,11001100001,11000010110
01011001111,01111011000,00101101100,10001011011,10010011110,01000111010,01100011101,00110110011,11011110101,11110101001,11101000110
01110111101,00111100011,11111010110,10101111000,01101001110,01010111010,10110101110,10110011011,11100100011,11011001001,10001110111
10001111011,01001101100,10111100110,10100001111,11101010000,11011000111,11010110100,01010011010,01100110111,11110101001,00111011101
01110111101,00111100011,11111010110,10101111000,01101001110,01010111010,10110101110,10110011011,11100100011,11011001001,10001110111
01010011111,10100010011,10001010101,01100001101,11011001001,01111110001,11000100111,10110111100,11111000110,00111101111,01001111010
00101011101,01111110001,00011111110,11110011010,01110101111,11000111101,10110110100,11011001100,10101101011,01101100110,10011010111
01110111101,00111100011,11111010110,10101111000,01101001110,01010111010,10110101110,10110011011,11100100011,11011001001,10001110111
10001111011,01001101100,10111100110,10100001111,11101010000,11011000111,11010110100,01010011010,01100110111,11110101001,00111011101
00011011101,01111111000,10110011110,11000111100,10110100101,11101001011,11010110011,01010101110,00100111011,01101010110,10001100010
11011001110,10110101010,00011110111,10001111000,01101101011,11000100101,01100111110,01010111001,11111110000,00111101100,10100011101
11110100010,01100101100,00101110010,00111010101,01011100110,10101001111,10010111100,01010111011,11111011000,11001100001,11000010110
11011100010,01101011100,01110010011,10011001111,00010111110,01001111001,11100101111,10110011000,11010110101,00111100101,10101110111
00111100011,00001111101,11001110001,01110010101,10011010110,11010100100,01100111010,10100110100,11111001000,11100001111,10010111001
11110000110,01101011100,10011101100,01010011010,00110101111,10000011111,10111011001,11100111001,01010110101,01001100011,10101110010
01010011111,10100010011,10001010101,01100001101,11011001001,01111110001,11000100111,10110111100,11111000110,00111101111,01001111010
01001101110,00011010111,11011010100,11111100011,10101010110,00111101100,10001011001,01111011010,01100110101,11110001111,10010111010
01110111101,00111100011,11111010110,10101111000,01101001110,01010111010,10110101110,10110011011,11100100011,11011001001,10001110111
11110100010,01100101100,00101110010,00111010101,01011100110,10101001111,100111011,01010111011,11111011000,11001100001,11000010110
00011100111,10111110100,01011010100,01101001110,11011100010,00010111010,10011011011,11110000111,11000111101,01111101001,01101110011
11110000110,01101011100,10011101100,01010011010,00110101111,10000011111,10111011001,11100111001,01010110101,01001100011,10101110010
11011001110,10110101010,00011110111,10001111000,01101101011,11000100101,01100111110,01010111001,11111110000,00111101100,10100011101
01111100110,00011011110,11100010100,01110010011,00101110011,00111001101,11011110001,01101111000,01000111101,11001001011,10110101010
11011100010,01101011100,01110010011,10011001111,00010111110,01001111001,11100101111,10110011000,11010110101,00111100101,10101110111
00011011101,01111111000,10110011110,11000111100,10110100101,11101001011,11010110011,01010101110,00100111011,01101010110,10001100010
01101100010,00100111111,00011111000,00011001111,01101011100,11010101110,01110110101,11001110111,10111010110,10101101101,11110011011
11110100010,01100101100,00101110010,00111010101,01011100110,10101001111,10010111100,01010111011,11111011000,11001100001,11000010110
010001011011,01110101111001110111010,10111101010011110,110001011100,0011110110010111011,1010,1110111011111011110101,111100011011,1011
11110000110,01101011100,10011101100,01010011010,00110101111,10000011111,10111011001,11100111001,01010110101,01001100011,10101110010
01001101110,00011010111,11011010100,11111100011,10101010110,00111101100,10001011001,01111011010,01100110101,11110001111,10010111010
11011110010,01101101110,01100010111,00010100111,10100111100,11000101001,10001001111,11111000101,01001110101,00111011001,10101100011
01110111101,00111100011,11111010110,10101111000,01101001110,01010111010,10110101110,10110011011,11100100011,11011001001,10001110111
00111100011,00001111101,11001110001,01110010101,10011010110,11010100100,01100111010,10100110100,11111001000,11100001111,10010111001
01111100110,00011011110,11100010100,01110010011,00101110011,00111001101,11011110001,01101111000,01000111101,11001001011,10110101010
01001101110,00011010111,11011010100,11111100011,10101010110,00111101100,10001011001,01111011010,01100110101,11110001111,10010111010
00011011101,01111111000,10110011110,11000111100,10110100101,11101001011,11010110011,01010101110,00100111011,01101010110,10001100010
01101100010,00100111111,00011111000,00011001111,01101011100,11010101110,01110110101,11001110111,10111010110,10101101101,11110011011
01001101110,00011010111,11011010100,11111100011,10101010110,00111101100,10001011001,01111011010,01100110101,11110001111,10010111010
01101100010,00100111111,00011111000,00011001111,01101011100,11010101110,01110110101,11001110111,10111010110,10101101101,11110011011
00011011101,01111111000,10110011110,11000111100,10110100101,11101001011,11010110011,01010101110,00100111011,01101010110,10001100010
11011110010,01101101110,01100010111,00010100111,10100111100,11000101001,10001001111,11111000101,01001110101,00111011001,10101100011
11110100010,01100101100,00101110010,00111010101,01011100110,10101001111,10010111100,01010111011,11111011000,11001100001,11000010110
01010110010,00011011011,11000010111,01100101011,11111010001,00101110101,10110100011,10110111100,01111000110,11011101101,10001111010
11011110010,01101101110,01100010111,00010100111,10100111100,11000101001,10001001111,11111000101,01001110101,00111011001,10101100011
10001111011,01001101100,10111100110,10100001111,11101010000,11011000111,11010110100,01010011010,01100110111,11110101001,00111011101
00010110011,10101101010,11101110001,01110111100,01101011111,01110000011,11000100111,10110011001,11011010110,01011101001,00111100101
01101100010,00100111111,00011111000,00011001111,01101011100,11010101110,01110110101,11001110111,10111010110,10101101101,11110011011
01001101110,00011010111,11011010100,11111100011,10101010110,00111101100,10001011001,01111011010,01100110101,11110001111,10010111010
00111100011,00001111101,11001110001,01110010101,10011010110,11010100100,01100111010,10100110100,11111001000,11100001111,10010111001
01101100010,00100111111,00011111000,00011001111,01101011100,11010101110,01110110101,11001110111,10111010110,10101101101,11110011011
11011001110,10110101010,00011110111,10001111000,01101101011,11000100101,01100111110,01010111001,11111110000,00111101100,10100011101
11011100010,01101011100,01110010011,10011001111,00010111110,01001111001,11100101111,10110011000,11010110101,00111100101,10101110111
10001111011,01001101100,10111100110,10100001111,11101010000,11011000111,11010110100,01010011010,01100110111,11110101001,00111011101
01010110010,00011011011,11000010111,01100101011,11111010001,00101110101,10110100011,10110111100,01111000110,11011101101,10001111010
00010110011,10101101010,11101110001,01110111100,01101011111,01110000011,11000100111,10110011001,11011010110,01011101001,00111100101
00101011101,01111110001,00011111110,11110011010,01110101111,11000111101,10110110100,11011001100,10101101011,011011010111010
11110100010,01100101100,00101110010,00111010101,01011100110,10101001111,10010111100,01010111011,11111011000,11001100001,11000010110
01001101110,00011010111,11011010100,11111100011,10101010110,00111101100,10001011001,01111011010,01100110101,11110001111,10010111010
11110000110,01101011100,10011101100,01010011010,00110101111,10000011111,10111011001,11100111001,01010110101,01001100011,10101110010
01011001111,01111011000,00101101100,10001011011,10010011110,01000111010,01100011101,00110110011,11011110101,11110101001,11101000110
01010110010,00011011011,11000010111,01100101011,11111010001,00101110101,10110100011,10110111100,01111000110,11011101101,10001111010
11011110010,01101101110,01100010111,00010100111,101001111001,11000101001,10001001111,11111000101,01001110101,00111011001,10101100011
11110100010,01100101100,00101110010,00111010101,01011100110,10101001111,10010111100,01010111011,11111011000,11001100001,11000010110
01110111101,00111100011,11111010110,10101111000,01101001110,01010111010,10110101110,10110011011,11100100011,11011001001,10001110111
00101011101,01111110001,00011111110,11110011010,01110101111,11000111101,10110110100,11011001100,10101101011,01101100110,10011010111
00111100011,00001111101,11001110001,01110010101,10011010110,11010100100,01100111010,10100110100,11111001000,11100001111,10010111001
00010110011,10101101010,11101110001,01110111100,01101011111,01110000011,11000100111,10110011001,11011010110,01011101001,00111100101
11110100010,01100101100,00101110010,00111010101,01011100110,10101001111,10010111100,01010111011,11111011000,11001100001,11000010110
01011001111,01111011000,00101101100,10001011011,10010011110,01000111010,01100011101,00110110011,11011110101,11110101001,11101000110
11011001110,10110101010,00011110111,10001111000,01101101011,11000100101,01100111110,01010111001,11111110000,00111101100,10100011101
11011100010,01101011100,01110010011,10011001111,00010111110,01001111001,11100101111,10110011000,11010110101,00111100101,10101110111
11011110010,01101101110,01100010111,00010100111,10100111100,11000101001,10001001111,11111000101,01001110101,00111011001,10101100011
11011001110,10110101010,00011110111,10001111000,01101101011,11000100101,01100111110,01010111001,11111110000,00111101100,10100011101
01111100110,00011011110,11100010100,01110010011,00101110011,00111001101,11011110001,01101111000,01000111101,11001001011,10110101010
11011110010,01101101110,01100010111,00010100111,10100111100,11000101001,10001001111,11111000101,01001110101,00111011001,10101100011
00011011101,01111111000,10110011110,11000111100,10110100101,11101001011,11010110011,01010101110,00100111011,01101010110,10001100010
00101011101,01111110001,00011111110,11110011010,01110101111,11000111101,10110110100,11011001100,10101101011,01101100110,10011010111
01001101110,00011010111,11011010100,11111100011,10101010110,00111101100,10001011001,01111011010,01100110101,11110001111,10010111010
00101011101,01111110001,00011111110,11110011010,01110101111,11000111101,10110110100,11011001100,10101101011,01101100110,10011010111
01001101110,00011010111,11011010100,11111100011,10101010110,00111101100,10001011001,01111011010,01100110101,11110001111,10010111010
10001111011,01001101100,10111100110,10100001111,11101010000,11011000111,11010110100,01010011010,01100110111,11110101001,00111011101
01101100010,00100111111,00011111000,00011001111,01101011100,11010101110,01110110101,11001110111,10111010110,10101101101,11110011011
00010110011,10101101010,11101110001,01110111100,01101011111,01110000011,11000100111,10110011001,11011010110,01011101001,00111100101
00111100011,00001111101,11001110001,01110010101,10011010110,11010100100,01100111010,10100110100,11111001000,11100001111,10010111001
10001111011,01001101100,10111100110,10100001111,11101010000,11011000111,11010110100,01010011010,01100110111,11110101001,00111011101
11011001110,10110101010,00011110111,10001111000,01101101011,11000100101,01100111110,01010111001,11111110000,00111101100,10100011101
01010110010,00011011011,11000010111,01100101011,11111010001,00101110101,10110100011,10110111100,01111000110,11011101101,10001111010
00101011101,01111110001,00011111110,11110011010,01110101111,11000111101,10110110100,11011001100,10101101011,01101100110,10011010111
11011100010,01101011100,01110010011,10011001111,00010111110,01001111001,11100101111,10110011000,11010110101,00111100101,10101110111
11011100010,01101011100,01110010011,10011001111,00010111110,01001111001,11100101111,10110011000,11010110101,00111100101,10101110111
01110111101,00111100011,11111010110,10101111000,01101001110,01010111010,10110101110,10110011011,11100100011,11011001001,10001110111
11011100010,01101011100,01110010011,10011001111,00010111110,01001111001,11100101111,10110011000,11010110101,00111100101,10101110111
01001101110,00011010111,11011010100,11111100011,10101010110,00111101100,10001011001,01111011010,01100110101,11110001111,10010111010
11011110010,01101101110,01100010111,00010100111,10100111100,11000101001,10001001111,11111000101,01001110101,00111011001,10101100011
11110000110,01101011100,10011101100,01010011010,00110101111,10000011111,10111011001,11100111001,01010110101,01001100011,10101110010
10001111011,01001101100,10111100110,10100001111,11101010000,11011000111,11010110100,01010011010,01100110111,11110101001,00111011101
10001111011,01001101100,10111100110,10100001111,11101010000,11011000111,11010110100,01010011010,01100110111,11110101001,00111011101
11011110010,01101101110,01100010111,00010100111,10100111100,11000101001,10001001111,11111000101,01001110101,00111011001,10101100011
01010110010,00011011011,11000010111,01100101011,11111010001,00101110101,10110100011,10110111100,01111000110,11011101101,10001111010
11011110010,01101101110,01100010111,00010100111,10100111100,11000101001,10001001111,11111000101,01001110101,00111011001,10101100011
11011100010,01101011100,01110010011,10011001111,00010111110,01001111001,11100101111,10110011000,11010110101,00111100101,10101110111
00101011101,01111110001,00011111110,11110011010,01110101111,11000111101,10110110100,11011001100,10101101011,01101100110,10011010111
00111100011,00001111101,11001110001,01110010101,10011010110,11010100100,01100111010,10100110100,11111001000,11100001111,10010111001
11011110010,01101101110,01100010111,00010100111,10100111100,11000101001,10001001111,11111000101,01001110101,00111011001,10101100011
01010110010,00011011011,11000010111,01100101011,11111010001,00101110101,10110100011,10110111100,01111000110,11011101101,10001111010
11110000110,01101011100,10011101100,01010011010,00110101111,10000011111,10111011001,11100111001,01010110101,01001100011,10101110010
00101011101,01111110001,00011111110,11110011010,01110101111,11000111101,10110110100,11011001100,10101101011,01101100110,10011010111
11011001110,10110101010,00011110111,10001111000,01101101011,11000100101,01100111110,01010111001,11111110000,00111101100,10100011101
11110100010,01100101100,00101110010,00111010101,01011100110,10101001111,10010111100,01010111011,11111011000,11001100001,11000010110
01011001111,01111011000,00101101100,10001011011,10010011110,01000111010,01100011101,00110110011,11011110101,11110101001,11101000110
01110111101,00111100011,11111010110,10101111000,01101001110,01010111010,10110101110,10110011011,11100100011,11011001001,10001110111
01110111101,00111100011,11111010110,10101111000,01101001110,01010111010,10110101110,10110011011,11100100011,11011001001,10001110111
01010110010,00011011011,11000010111,01100101011,11111010001,00101110101,10110100011,10110111100,01111000110,11011101101,10001111010
01010011111,10100010011,10001010101,01100001101,11011001001,01111110001,11000100111,10110111100,11111000110,00111101111,01001111010
1110100010,0000111011,00101110011,100110010101,0110011110,11010110101110,1101011010011,101101111111011100101,111,0011,0010110
01111100110,00011011110,11100010100,01110010011,00101110011,00111001101,11011110001,01101111000,01000111101,11001001011,10110101010
11110000110,01101011100,10011101100,01010011010,00110101111,10000011111,10111011001,11100111001,01010110101,01001100011,10101110010
00101011101,01111110001,00011111110,11110011010,01110101111,11000111101,10110110100,11011001100,10101101011,01101100110,10011010111
11110100010,01100101100,00101110010,00111010101,01011100110,10101001111,10010111100,01010111011,11111011000,11001100001,11000010110
11110000110,01101011100,10011101100,01010011010,00110101111,10000011111,10111011001,11100111001,01010110101,01001100011,10101110010
01101100010,00100111111,00011111000,00011001111,01101011100,11010101110,01110110101,11001110111,10111010110,10101101101,11110011011
01110111101,00111100011,11111010110,10101111000,01101001110,01010111010,10110101110,10110011011,11100100011,11011001001,10001110111
11011001110,10110101010,00011110111,10001111000,01101101011,11000100101,01100111110,01010111001,11111110000,00111101100,10100011101
10001111011,01001101100,10111100110,10100001111,11101010000,11011000111,11010110100,01010011010,01100110111,11110101001,00111011101
11011100010,01101011100,01110010011,10011001111,00010111110,01001111001,11100101111,10110011000,11010110101,00111100101,10101110111
11110100010,01100101100,00101110010,00111010101,01011100110,10101001111,10010111100,01010111011,11111011000,11001100001,11000010110
00010110011,10101101010,11101110001,01110111100,01101011111,01110000011,11000100111,10110011001,11011010110,01011101001,00111100101
11011100010,01101011100,01110010011,10011001111,00010111110,01001111001,11100101111,10110011000,11010110101,00111100101,10101110111
01010110010,00011011011,11000010111,01100101011,11111010001,00101110101,10110100011,10110111100,01111000110,11011101101,10001111010
01110111101,00111100011,11111010110,10101111000,01101001110,01010111010,10110101110,10110011011,11100100011,11011001001,10001110111
01110111101,00111100011,11111010110,10101111000,01101001110,01010111010,10110101110,10110011011,11100100011,11011001001,10001110111
10001111011,01001101100,10111100110,10100001111,11101010000,11011000111,11010110100,01010011010,01100110111,11110101001,00111011101
01101100010,00100111111,00011111000,00011001111,01101011100,11010101110,01110110101,11001110111,10111010110,10101101101,11110011011
00011011101,01111111000,10110011110,11000111100,10110100101,11101001011,11010110011,01010101110,00100111011,01101010110,10001100010
01010011111,10100010011,10001010101,01100001101,11011001001,01111110001,11000100111,10110111100,11111000110,00111101111,01001111010
01010011111,10100010011,10001010101,01100001101,11011001001,01111110001,11000100111,10110111100,11111000110,00111101111,01001111010
11110000110,01101011100,10011101100,01010011010,00110101111,10000011111,10111011001,11100111001,01010110101,01001100011,10101110010
01111100110,00011011110,11100010100,01110010011,00101110011,00111001101,11011110001,01101111000,01000111101,11001001011,10110101010
00101011101,01111110001,00011111110,11110011010,01110101111,11000111101,10110110100,11011001100,10101101011,01101100110,10011010111
01110111101,00111100011,11111010110,10101111000,01101001110,01010111010,10110101110,10110011011,11100100011,11011001001,10001110111
00111100011,00001111101,11001110001,01110010101,10011010110,11010100100,01100111010,10100110100,11111001000,11100001111,10010111001
01010011111,10100010011,10001010101,01100001101,11011001001,01111110001,11000100111,10110111100,11111000110,00111101111,01001111010
01110111101,00111100011,11111010110,10101111000,01101001110,01010111010,10110101110,10110011011,11100100011,11011001001,10001110111
11011100010,01101011100,01110010011,10011001111,00010111110,01001111001,11100101111,10110011000,11010110101,00111100101,10101110111
11011100010,01101011100,01110010011,10011001111,00010111110,01001111001,11100101111,10110011000,11010110101,00111100101,10101110111
01110111101,00111100011,11111010110,10101111000,01101001110,01010111010,10110101110,10110011011,11100100011,11011001001,10001110111
11110100010,01100101100,00101110010,00111010101,01011100110,10101001111,10010111100,01010111011,11111011000,11001100001,11000010110
11011100010,01101011100,01110010011,10011001111,00010111110,01001111001,11100101111,10110011000,11010110101,00111100101,10101110111
01110111101,00111100011,11111010110,10101111000,01101001110,01010111010,10110101110,10110011011,11100100011,11011001001,10001110111
01110111101,00111100011,11111010110,10101111000,01101001110,01010111010,10110101110,10110011011,11100100011,11011001001,10001110111
11011100010,01101011100,01110010011,10011001111,00010111110,01001111001,11100101111,10110011000,11010110101,00111100101,10101110111
00011011101,01111111000,10110011110,11000111100,10110100101,11101001011,11010110011,01010101110,00100111011,01101010110,10001100010
11110000110,01101011100,10011101100,01010011010,00110101111,10000011111,10111011001,11100111001,01010110101,01001100011,10101110010
10001111011,11110001,0010011010,011001111,1010110101111,0100010110011010,1010110100,0101111,101100
11011001110,10110101010,00011110111,10001111000,01101101011,11000100101,01100111110,01010111001,11111110000,00111101100,10100011101
01001101110,00011010111,11011010100,11111100011,10101010110,00111101100,10001011001,01111011010,01100110101,11110001111,10010111010
01010011111,10100010011,10001010101,01100001101,11011001001,01111110001,11000100111,10110111100,11111000110,00111101111,01001111010
01010011111,10100010011,10001010101,01100001101,11011001001,01111110001,11000100111,10110111100,11111000110,00111101111,01001111010
11011100010,01101011100,01110010011,10011001111,00010111110,01001111001,11100101111,10110011000,11010110101,00111100101,10101110111
01001101110,00011010111,11011010100,11111100011,10101010110,00111101100,10001011001,01111011010,01100110101,11110001111,10010111010
00011011101,01111111000,10110011110,11000111100,10110100101,11101001011,11010110011,01010101110,00100111011,01101010110,10001100010
01010011111,10100010011,10001010101,01100001101,11011001001,01111110001,11000100111,10110111100,11111000110,00111101111,01001111010
11011110010,01101101110,01100010111,00010100111,10100111100,11000101001,10001001111,11111000101,01001110101,00111011001,10101100011
01011001111,01111011000,00101101100,10001011011,10010011110,01000111010,01100011101,00110110011,11011110101,11110101001,11101000110
11110100010,01100101100,00101110010,00111010101,01011100110,10101001111,10010111100,01010111011,11111011000,11001100001,11000010110
01101100010,00100111111,00011111000,00011001111,01101011100,11010101110,01110110101,11001110111,10111010110,10101101101,11110011011
01011001111,01111011000,00101101100,10001011011,10010011110,01000111010,01100011101,00110110011,11011110101,11110101001,11101000110
01101100010,00100111111,00011111000,00011001111,01101011100,11010101110,01110110101,11001110111,10111010110,10101101101,11110011011
00101011101,01111110001,00011111110,11110011010,01110101111,11000111101,10110110100,11011001100,10101101011,01101100110,10011010111
01110111101,00111100011,11111010110,10101111000,01101001110,01010111010,10110101110,10110011011,11100100011,11011001001,10001110111
01111100110,00011011110,11100010100,01110010011,00101110011,00111001101,11011110001,01101111000,01000111101,11001001011,10110101010
11011100010,01101011100,01110010011,10011001111,00010111110,01001111001,11100101111,10110011000,11010110101,00111100101,10101110111
00011011101,01111111000,10110011110,11000111100,10110100101,11101001011,11010110011,01010101110,00100111011,01101010110,10001100010
00011011101,01111111000,10110011110,11000111100,10110100101,11101001011,11010110011,01010101110,00100111011,01101010110,10001100010
00111100011,00001111101,11001110001,01110010101,10011010110,11010100100,01100111010,10100110100,11111001000,11100001111,10010111001
01101100010,00100111111,00011111000,00011001111,01101011100,11010101110,01110110101,11001110111,10111010110,10101101101,11110011011
00010110011,10101101010,11101110001,01110111100,01101011111,01110000011,11000100111,10110011001,11011010110,01011101001,00111100101
00111100011,00001111101,11001110001,01110010101,10011010110,11010100100,01100111010,10100110100,11111001000,11100001111,10010111001
01010011111,10100010011,10001010101,01100001101,11011001001,01111110001,11000100111,10110111100,11111000110,00111101111,01001111010
00010110011,10101101010,11101110001,01110111100,01101011111,01110000011,11000100111,10110011001,11011010110,01011101001,00111100101
11110100010,01100101100,00101110010,00111010101,01011100110,10101001111,10010111100,01010111011,11111011000,11001100001,11000010110
00111100011,00001111101,11001110001,01110010101,10011010110,11010100100,01100111010,10100110100,11111001000,11100001111,10010111001
01001101110,00011010111,11011010100,11111100011,10101010110,00111101100,10001011001,01111011010,01100110101,11110001111,10010111010
00011011101,01111111000,10110011110,11000111100,10110100101,11101001011,11010110011,01010101110,00100111011,01101010110,10001100010
11110100010,01100101100,00101110010,00111010101,01011100110,10101001111,10010111100,01010111011,11111011000,11001100001,11000010110
11110000110,01101011100,10011101100,01010011010,00110101111,10000011111,10111011001,11100111001,01010110101,01001100011,10101110010
1100110010,01101101110,01110011,010111010101,01011100110,01010100011,10100001111001011011011101,11101011010111,11001100001,001011,100110,
00011011101,01111111000,10110011110,11000111100,10110100101,11101001011,11010110011,01010101110,00100111011,01101010110,10001100010
01110111101,00111100011,11111010110,10101111000,01101001110,01010111010,10110101110,10110011011,11100100011,11011001001,10001110111
00010110011,10101101010,11101110001,01110111100,01101011111,01110000011,11000100111,10110011001,11011010110,01011101001,00111100101
11011110010,01101101110,01100010111,00010100111,10100111100,11000101001,10001001111,11111000101,01001110101,00111011001,10101100011
10001111011,01001101100,10111100110,10100001111,11101010000,11011000111,11010110100,01010011010,01100110111,11110101001,00111011101
11110000110,01101011100,10011101100,01010011010,00110101111,10000011111,10111011001,11100111001,01010110101,01001100011,10101110010
11110000110,01101011100,10011101100,01010011010,00110101111,10000011111,10111011001,11100111001,01010110101,01001100011,10101110010
11110000110,01101011100,10011101100,01010011010,00110101111,10000011111,10111011001,11100111001,01010110101,01001100011,10101110010
01001101110,00011010111,11011010100,11111100011,10101010110,00111101100,10001011001,01111011010,01100110101,11110001111,10010111010
11110100010,01100101100,00101110010,00111010101,01011100110,10101001111,10010111100,01010111011,11111011000,11001100001,11000010110
11011001110,10110101010,00011110111,10001111000,01101101011,11000100101,01100111110,01010111001,11111110000,00111101100,10100011101
10001111011,01001101100,10111100110,10100001111,11101010000,11011000111,11010110100,01010011010,01100110111,11110101001,00111011101
11011001110,10110101010,00011110111,10001111000,01101101011,11000100101,01100111110,01010111001,11111110000,00111101100,10100011101
11011110010,01101101110,01100010111,00010100111,10100111100,11000101001,10001001111,11111000101,01001110101,00111011001,10101100011
00111100011,00001111101,11001110001,01110010101,10011010110,11010100100,01100111010,10100110100,11111001000,11100001111,10010111001
01111100110,00011011110,11100010100,01110010011,00101110011,00111001101,11011110001,01101111000,01000111101,11001001011,10110101010
01010011111,10100010011,10001010101,01100001101,11011001001,01111110001,11000100111,10110111100,11111000110,00111101111,01001111010
11011100010,01101011100,01110010011,10011001111,00010111110,01001111001,11100101111,10110011000,11010110101,00111100101,10101110111
00101011101,01111110001,00011111110,11110011010,01110101111,11000111101,10110110100,11011001100,10101101011,01101100110,10011010111
00010110011,10101101010,11101110001,01110111100,01101011111,01110000011,11000100111,10110011001,11011010110,01011101001,00111100101
11110100010,01100101100,00101110010,00111010101,01011100110,10101001111,10010111100,01010111011,11111011000,11001100001,11000010110
11110000110,01101011100,10011101100,01010011010,00110101111,10000011111,10111011001,11100111001,01010110101,01001100011,10101110010
00111100011,00001111101,11001110001,01110010101,10011010110,11010100100,01100111010,10100110100,11111001000,11100001111,10010111001
01011001111,01111011000,00101101100,10001011011,10010011110,01000111010,01100011101,00110110011,11011110101,11110101001,11101000110
11011100010,01101011100,01110010011,10011001111,00010111110,01001111001,11100101111,10110011000,11010110101,00111100101,10101110111
00011011101,01111111000,10110011110,11000111100,10110100101,11101001011,11010110011,01010101110,00100111011,01101010110,10001100010
01110111101,00111100011,11111010110,10101111000,01101001110,01010111010,10110101110,10110011011,11100100011,11011001001,10001110111
11011100010,01101011100,01110010011,10011001111,00010111110,01001111001,11100101111,10110011000,11010110101,00111100101,10101110111
10001111011,01001101100,10111100110,10100001111,11101010000,11011000111,11010110100,01010011010,01100110111,11110101001,00111011101
01110111101,00111100011,11111010110,10101111000,01101001110,01010111010,10110101110,10110011011,11100100011,11011001001,10001110111
00111100011,00001111101,11001110001,01110010101,10011010110,11010100100,01100111010,10100110100,11111001000,11100001111,10010111001
10001111011,01001101100,10111100110,10100001111,11101010000,11011000111,11010110100,01010011010,01100110111,11110101001,00111011101
10001111011,01001101100,10111100110,10100001111,11101010000,11011000111,11010110100,01010011010,01100110111,11110101001,00111011101
00101011101,01111110001,00011111110,11110011010,01110101111,11000111101,10110110100,11011001100,10101101011,01101100110,10011010111
11011110010,01101101110,01100010111,00010100111,10100111100,11000101001,10001001111,11111000101,01001110101,00111011001,10101100011
01010011111,10100010011,10001010101,01100001101,11011001001,01111110001,11000100111,10110111100,11111000110,00111101111,01001111010
00011011101,01111111000,10110011110,11000111100,10110100101,11101001011,11010110011,01010101110,00111001011,11110110,10001100010
11110100010,01100101100,00101110010,00111010101,01011100110,10101001111,10010111100,01010111011,11111011000,11001100001,11000010110
00011100111,10111110100,01011010100,01101001110,11011100010,00010111010,10011011011,11110000111,11000111101,01111101001,01101110011
01111100110,00011011110,11100010100,01110010011,00101110011,00111001101,11011110001,01101111000,01000111101,11001001011,10110101010
01001101110,00011010111,11011010100,11111100011,10101010110,00111101100,10001011001,01111011010,01100110101,11110001111,10010111010
01110111101,00111100011,11111010110,10101111000,01101001110,01010111010,10110101110,10110011011,11100100011,11011001001,10001110111
01010011111,10100010011,10001010101,01100001101,11011001001,01111110001,11000100111,10110111100,11111000110,00111101111,01001111010
01110111101,00111100011,11111010110,10101111000,01101001110,01010111010,10110101110,10110011011,11100100011,11011001001,10001110111
00010110011,10101101010,11101110001,01110111100,01101011111,01110000011,11000100111,10110011001,11011010110,01011101001,00111100101
01101100010,00100111111,00011111000,00011001111,01101011100,11010101110,01110110101,11001110111,10111010110,10101101101,11110011011
00101011101,01111110001,00011111110,11110011010,01110101111,11000111101,10110110100,11011001100,10101101011,01101100110,10011010111
11011100010,01101011100,01110010011,10011001111,00010111110,01001111001,11100101111,10110011000,11010110101,00111100101,10101110111
10001111011,01001101100,10111100110,10100001111,11101010000,11011000111,11010110100,01010011010,01100110111,11110101001,00111011101
01111100110,00011011110,11100010100,01110010011,00101110011,00111001101,11011110001,01101111000,01000111101,11001001011,10110101010
01101100010,00100111111,00011111000,00011001111,01101011100,11010101110,01110110101,11001110111,10111010110,10101101101,11110011011
01001101110,00011010111,11011010100,11111100011,10101010110,00111101100,10001011001,01111011010,01100110101,11110001111,10010111010
11011001110,10110101010,00011110111,10001111000,01101101011,11000100101,01100111110,01010111001,11111110000,00111101100,10100011101
00010110011,10101101010,11101110001,01110111100,01101011111,01110000011,11000100111,10110011001,11011010110,01011101001,00111100101
01001101110,00011010111,11011010100,11111100011,10101010110,00111101100,10001011001,01111011010,01100110101,11110001111,10010111010
00010110011,10101101010,11101110001,01110111100,01101011111,01110000011,11000100111,10110011001,11011010110,01011101001,00111100101
01011001111,01111011000,00101101100,10001011011,10010011110,01000111010,01100011101,00110110011,11011110101,11110101001,11101000110
01010011111,10100010011,10001010101,01100001101,11011001001,01111110001,11000100111,10110111100,11111000110,00111101111,01001111010
01010110010,00011011011,11000010111,01100101011,11111010001,00101110101,10110100011,10110111100,01111000110,11011101101,10001111010
00011011101,01111111000,10110011110,11000111100,10110100101,11101001011,11010110011,01010101110,00100111011,01101010110,10001100010
01011001111,01111011000,00101101100,10001011011,10010011110,01000111010,01100011101,00110110011,11011110101,11110101001,11101000110
01110111101,00111100011,11111010110,10101111000,01101001110,01010111010,10110101110,10110011011,11100100011,11011001001,10001110111
00101011101,01111110001,00011111110,11110011010,01110101111,11000111101,10110110100,11011001100,10101101011,01101100110,10011010111
00011011101,01111111000,10110011110,11000111100,10110100101,11101001011,11010110011,01010101110,00100111011,01101010110,10001100010
11011100010,01101011100,01110010011,10011001111,00010111110,01001111001,11100101111,10110011000,11010110101,00111100101,10101110111
00111100011,00001111101,11001110001,01110010101,10011010110,11010100100,01100111010,10100110100,11111001000,11100001111,10010111001
11110100010,01100101100,00101110010,00111010101,01011100110,10101001111,10010111100,01010111011,11111011000,11001100001,11000010110
01011001111,01111011000,00101101100,10001011011,10010011110,01000111010,01100011101,00110110011,11011110101,11110101001,11101000110
00101011101,01111110001,00011111110,11110011010,01110101111,11000111101,10110110100,11011001100,10101101011,01101100110,10011010111
01010011111,10100010011,10001010101,01100001101,11011001001,01111110001,11000100111,10110111100,11111000110,00111101111,01001111010
01110111101,00111100011,11111010110,10101111000,01101001110,01010111010,10110101110,10110011011,11100100011,11011001001,10001110111
00011100111,10111110100,01011010100,01101001110,11011100010,00010111010,10011011011,11110000111,11000111101,01111101001,01101110011
00101011101,01111110001,00011111110,11110011010,01110101111,11000111101,10110110100,11011001100,10101101011,01101100110,10011010111
01010011111,10100010011,10001010101,01100001101,11011001001,01111110001,11000100111,10110111100,11111000110,00111101111,01001111010
00111100011,00001111101,11001110001,01110010101,10011010110,11010100100,01100111010,10100110100,11111001000,11100001111,10010111001
00010110011,10101101010,11101110001,01110111100,01101011111,01110000011,11000100111,10110011001,11011010110,01011101001,00111100101
01111100110,00011011110,11100010100,01110010011,00101110011,00111001101,11011110001,01101111000,01000111101,11001001011,10110101010
01010110010,00011011011,11000010111,01100101011,11111010001,00101110101,10110100011,10110111100,01111000110,11011101101,10001111010
11011110010,01101101110,01100010111,00010100111,10100111100,11000101001,10001001111,11111000101,01001110101,00111011001,10101100011
00010110011,10101101010,11101110001,01110111100,01101011111,01110000011,11000100111,10110011001,11011010110,01011101001,00111100101
01111100110,00011011110,11100010100,01110010011,00101110011,00111001101,11011110001,01101111000,01000111101,11001001011,10110101010
00101011101,01111110001,00011111110,11110011010,01110101111,11000111101,10110110100,11011001100,10101101011,01101100110,10011010111
01010011111,10100010011,10001010101,01100001101,11011001001,01111110001,11000100111,10110111100,11111000110,00111101111,01001111010
00011011101,01111111000,10110011110,11000111100,10110100101,11101001011,11010110011,01010101110,00100111011,01101010110,10001100010
00011011101,01111111000,10110011110,11000111100,10110100101,11101001011,11010110011,01010101110,00100111011,01101010110,10001100010
00011011101,01111111000,10110011110,11000111100,10110100101,11101001011,11010110011,01010101110,00100111011,01101010110,10001100010
00111100011,00001111101,11001110001,01110010101,10011010110,11010100100,01100111010,10100110100,11111001000,11100001111,10010111001
01010110010,00011011011,11000010111,01100101011,11111010001,00101110101,10110100011,10110111100,01111000110,11011101101,10001111010
01011001111,01111011000,00101101100,10001011011,10010011110,01000111010,01100011101,00110110011,11011110101,11110101001,11101000110
01110111101,00111100011,11111010110,10101111000,01101001110,01010111010,10110101110,10110011011,11100100011,11011001001,10001110111
00101011101,01111110001,00011111110,11110011010,01110101111,11000111101,10110110100,11011001100,10101101011,01101100110,10011010111
01010011111,10100010011,10001010101,01100001101,11011001001,01111110001,11000100111,10110111100,11111000110,00111101111,01001111010
10001111011,01001101100,10111100110,10100001111,11101010000,11011000111,11010110100,01010011010,01100110111,11110101001,00111011101
01001101110,00011010111,11011010100,11111100011,10101010110,00111101100,10001011001,01111011010,01100110101,11110001111,10010111010
11110100010,01100101100,00101110010,00111010101,01011100110,10101001111,10010111100,01010111011,11111011000,11001100001,11000010110
01111100110,00011011110,11100010100,01110010011,00101110011,00111001101,11011110001,01101111000,01000111101,11001001011,10110101010
01110111101,00111100011,11111010110,10101111000,01101001110,01010111010,10110101110,10110011011,11100100011,11011001001,10001110111
10001111011,01001101100,10111100110,10100001111,11101010000,11011000111,11010110100,01010011010,01100110111,11110101001,00111011101
11110100010,01100101100,00101110010,00111010101,01011100110,10101001111,10010111100,01010111011,11111011000,11001100001,11000010110
00011011101,01111111000,10110011110,11000111100,10110100101,11101001011,11010110011,01010101110,00100111011,01101010110,10001100010
00011100111,10111110100,01011010100,01101001110,11011100010,00010111010,10011011011,11110000111,11000111101,01111101001,01101110011
11011001110,10110101010,00011110111,10001111000,01101101011,11000100101,01100111110,01010111001,11111110000,00111101100,10100011101
00101011101,01111110001,00011111110,11110011010,01110101111,11000111101,10110110100,11011001100,10101101011,01101100110,10011010111
0001110111,101110001011,01,10101110,1011100010,1011001,01,110001110,101100,1011001001110100011,111110011,11001,01110101
01001101110,00011010111,11011010100,11111100011,10101010110,00111101100,10001011001,01111011010,01100110101,11110001111,10010111010
00010110011,10101101010,11101110001,01110111100,01101011111,01110000011,11000100111,10110011001,11011010110,01011101001,00111100101
11011100010,01101011100,01110010011,10011001111,00010111110,01001111001,11100101111,10110011000,11010110101,00111100101,10101110111
01110111101,00111100011,11111010110,10101111000,01101001110,01010111010,10110101110,10110011011,11100100011,11011001001,10001110111
11110100010,01100101100,00101110010,00111010101,01011100110,10101001111,10010111100,01010111011,11111011000,11001100001,11000010110
01001101110,00011010111,11011010100,11111100011,10101010110,00111101100,10001011001,01111011010,01100110101,11110001111,10010111010
11110100010,01100101100,00101110010,00111010101,01011100110,10101001111,10010111100,01010111011,11111011000,11001100001,11000010110
11011001110,10110101010,00011110111,10001111000,01101101011,11000100101,01100111110,01010111001,11111110000,00111101100,10100011101
01010011111,10100010011,10001010101,01100001101,11011001001,01111110001,11000100111,10110111100,11111000110,00111101111,01001111010
01110111101,00111100011,11111010110,10101111000,01101001110,01010111010,10110101110,10110011011,11100100011,11011001001,10001110111
01010011111,10100010011,10001010101,01100001101,11011001001,01111110001,11000100111,10110111100,11111000110,00111101111,01001111010
10001111011,01001101100,10111100110,10100001111,11101010000,11011000111,11010110100,01010011010,01100110111,11110101001,00111011101
01101100010,00100111111,00011111000,00011001111,01101011100,11010101110,01110110101,11001110111,10111010110,10101101101,11110011011
11011100010,01101011100,01110010011,10011001111,00010111110,01001111001,11100101111,10110011000,11010110101,00111100101,10101110111
00101011101,01111110001,00011111110,11110011010,01110101111,11000111101,10110110100,11011001100,10101101011,01101100110,10011010111
10001111011,01001101100,10111100110,10100001111,11101010000,11011000111,11010110100,01010011010,01100110111,11110101001,00111011101
11011100010,01101011100,01110010011,10011001111,00010111110,01001111001,11100101111,10110011000,11010110101,00111100101,10101110111
00011100111,10111110100,01011010100,01101001110,11011100010,00010111010,10011011011,11110000111,11000111101,01111101001,01101110011
11110100010,01100101100,00101110010,00111010101,01011100110,10101001111,10010111100,01010111011,11111011000,11001100001,11000010110
00111100011,00001111101,11001110001,01110010101,10011010110,11010100100,01100111010,10100110100,11111001000,11100001111,10010111001
01011001111,01111011000,00101101100,10001011011,10010011110,01000111010,01100011101,00110110011,11011110101,11110101001,11101000110
00011100111,10111110100,01011010100,01101001110,11011100010,00010111010,10011011011,11110000111,11000111101,01111101001,01101110011
11011001110,10110101010,00011110111,10001111000,01101101011,11000100101,01100111110,01010111001,11111110000,00111101100,10100011101
00010110011,10101101010,11101110001,01110111100,01101011111,01110000011,11000100111,10110011001,11011010110,01011101001,00111100101
00011011101,01111111000,10110011110,11000111100,10110100101,11101001011,11010110011,01010101110,00100111011,01101010110,10001100010
10001111011,01001101100,10111100110,10100001111,11101010000,11011000111,11010110100,01010011010,01100110111,11110101001,00111011101
11110100010,01100101100,00101110010,00111010101,01011100110,10101001111,10010111100,01010111011,11111011000,11001100001,11000010110
01110111101,00111100011,11111010110,10101111000,01101001110,01010111010,10110101110,10110011011,11100100011,11011001001,10001110111
01111100110,00011011110,11100010100,01110010011,00101110011,00111001101,11011110001,01101111000,01000111101,11001001011,10110101010
00111100011,00001111101,11001110001,01110010101,10011010110,11010100100,01100111010,10100110100,11111001000,11100001111,10010111001
01110111101,00111100011,11111010110,10101111000,01101001110,01010111010,10110101110,10110011011,11100100011,11011001001,10001110111
01110111101,00111100011,11111010110,10101111000,01101001110,01010111010,10110101110,10110011011,11100100011,11011001001,10001110111
11011100010,01101011100,01110010011,10011001111,00010111110,01001111001,11100101111,10110011000,11010110101,00111100101,10101110111
01110111101,00111100011,11111010110,10101111000,01101001110,01010111010,10110101110,10110011011,11100100011,11011001001,10001110111
11011001110,10110101010,00011110111,10001111000,01101101011,11000100101,01100111110,01010111001,11111110000,00111101100,10100011101
01010011111,10100010011,10001010101,01100001101,11011001001,01111110001,11000100111,10110111100,11111000110,00111101111,01001111010
11110000110,01101011100,10011101100,01010011010,00110101111,10000011111,10111011001,11100111001,01010110101,01001100011,10101110010
01001101110,00011010111,11011010100,11111100011,10101010110,00111101100,10001011001,01111011010,01100110101,11110001111,10010111010
01111100110,00011011110,11100010100,01110010011,00101110011,00111001101,11011110001,01101111000,01000111101,11001001011,10110101010
00111100011,00001111101,11001110001,01110010101,10011010110,11010100100,01100111010,10100110100,11111001000,11100001111,10010111001
01010011111,10100010011,10001010101,01100001101,11011001001,01111110001,11000100111,10110111100,11111000110,00111101111,01001111010
01010011111,10100010011,10001010101,01100001101,11011001001,01111110001,11000100111,10110111100,11111000110,00111101111,01001111010
10001111011,01001101100,10111100110,10100001111,11101010000,11011000111,11010110100,01010011010,01100110111,11110101001,00111011101
11110100010,01100101100,00101110010,00111010101,01011100110,10101001111,10010111100,01010111011,11111011000,11001100001,11000010110
11011001110,10110101010,00011110111,10001111000,01101101011,11000100101,01100111110,01010111001,11111110000,00111101100,10100011101
11011110010,01101101110,01100010111,00010100111,10100111100,11000101001,10001001111,11111000101,01001110101,00111011001,10101100011
01110111101,00111100011,11111010110,10101111000,01101001110,01010111010,10110101110,10110011011,11100100011,11011001001,10001110111
11011100010,01101011100,01110010011,10011001111,00010111110,01001111001,11100101111,10110011000,11010110101,00111100101,10101110111
01111100110,00011011110,11100010100,01110010011,00101110011,00111001101,11011110001,01101111000,01000111101,11001001011,10110101010
00101011101,01111110001,00011111110,11110011010,01110101111,11000111101,10110110100,11011001100,10101101011,01101100110,10011010111
11011001110,10110101010,00011110111,10001111000,01101101011,11000100101,01100111110,01010111001,11111110000,00111101100,10100011101
01010110010,00011011011,11000010111,01100101011,11111010001,00101110101,10110100011,10110111100,01111000110,11011101101,10001111010
00101011101,01111110001,00011111110,11110011010,01110101111,11000111101,10110110100,11011001100,10101101011,01101100110,10011010111
11110100010,01100101100,00101110010,00111010101,01011100110,10101001111,10010111100,01010111011,11111011000,11001100001,11000010110
10001111011,01001101100,10111100110,10100001111,11101010000,11011000111,11010110100,01010011010,01100110111,11110101001,00111011101
11110000110,01101011100,10011101100,01010011010,00110101111,10000011111,10111011001,11100111001,01010110101,01001100011,10101110010
11011100010,01101011100,01110010011,10011001111,00010111110,01001111001,11100101111,10110011000,11010110101,00111100101,10101110111
01110111101,00111100011,11111010110,10101111000,01101001110,01010111010,10110101110,10110011011,11100100011,11011001001,10001110111
00011011101,01111111000,10110011110,11000111100,10110100101,11101001011,11010110011,01010101110,00100111011,01101010110,10001100010
01011001111,01111011000,00101101100,10001011011,10010011110,01000111010,01100011101,00110110011,11011110101,11110101001,11101000110
00101011101,01111110001,00011111110,11110011010,01110101111,11000111101,10110110100,11011001100,10101101011,01101100110,10011010111
11110100010,01100101100,00101110010,00111010101,01011100110,10101001111,10010111100,01010111011,11111011000,11001100001,11000010110
00011011101,01111111000,10110011110,11000111100,10110100101,11101001011,11010110011,01010101110,00100111011,01101010110,10001100010
01010011111,10100010011,10001010101,01100001101,11011001001,01111110001,11000100111,10110111100,11111000110,00111101111,01001111010
00101011101,01111110001,00011111110,11110011010,01110101111,11000111101,10110110100,11011001100,10101101011,01101100110,10011010111
01010011111,10100010011,10001010101,01100001101,11011001001,01111110001,11000100111,10110111100,11111000110,00111101111,01001111010
00101011101,01111110001,00011111110,11110011010,01110101111,11000111101,10110110100,11011001100,10101101011,01101100110,10011010111
11011100010,01101011100,01110010011,10011001111,00010111110,01001111001,11100101111,10110011000,11010110101,00111100101,10101110111
11110100010,01100101100,00101110010,00111010101,01011100110,10101001111,10010111100,01010111011,11111011000,11001100001,11000010110
00111100011,00001111101,11001110001,01110010101,10011010110,11010100100,01100111010,10100110100,11111001000,11100001111,10010111001
00101011101,01111110001,00011111110,11110011010,01110101111,11000111101,10110110100,11011001100,10101101011,01101100110,10011010111
00011011101,01111111000,10110011110,11000111100,10110100101,11101001011,11010110011,01010101110,00100111011,01101010110,10001100010
00010110011,10101101010,11101110001,01110111100,01101011111,01110000011,11000100111,10110011001,11011010110,01011101001,00111100101
00010110011,10101101010,11101110001,01110111100,01101011111,01110000011,11000100111,10110011001,11011010110,01011101001,00111100101
01101100010,00100111111,00011111000,00011001111,01101011100,11010101110,01110110101,11001110111,10111010110,10101101101,11110011011
00101011101,01111110001,00011111110,11110011010,01110101111,11000111101,10110110100,11011001100,10101101011,01101100110,10011010111
00011100111,10111110100,01011010100,01101001110,11011100010,00010111010,10011011011,11110000111,11000111101,01111101001,01101110011
01011001111,01111011000,00101101100,10001011011,10010011110,01000111010,01100011101,00110110011,11011110101,11110101001,11101000110
00101011101,01111110001,00011111110,11110011010,01110101111,11000111101,10110110100,11011001100,10101101011,01101100110,10011010111
00101011101,01111110001,00011111110,11110011010,01110101111,11000111101,10110110100,11011001100,10101101011,01101100110,10011010111
11110000110,01101011100,10011101100,01010011010,00110101111,10000011111,10111011001,11100111001,01010110101,01001100011,10101110010
11011100010,01101011100,01110010011,10011001111,00010111110,01001111001,11100101111,10110011000,11010110101,00111100101,10101110111
00101011101,01111110001,00011111110,11110011010,01110101111,11000111101,10110110100,11011001100,10101101011,01101100110,10011010111
00010110011,10101101010,11101110001,01110111100,01101011111,01110000011,11000100111,10110011001,11011010110,01011101001,00111100101
01110111101,00111100011,11111010110,10101111000,01101001110,01010111010,10110101110,10110011011,11100100011,11011001001,10001110111
01110111101,00111100011,11111010110,10101111000,01101001110,01010111010,10110101110,10110011011,11100100011,11011001001,10001110111
01111100110,00011011110,11100010100,01110010011,00101110011,00111001101,11011110001,01101111000,01000111101,11001001011,10110101010
00101011101,01111110001,00011111110,11110011010,01110101111,11000111101,10110110100,11011001100,10101101011,01101100110,10011010111
11110000110,01101011100,10011101100,01010011010,00110101111,10000011111,10111011001,11100111001,01010110101,01001100011,10101110010
01111100110,00011011110,11100010100,01110010011,00101110011,00111001101,11011110001,01101111000,01000111101,11001001011,10110101010
00011011101,01111111000,10110011110,11000111100,10110100101,11101001011,11010110011,01010101110,00100111011,01101010110,10001100010
11011110010,01101101110,01100010111,00010100111,10100111100,11000101001,10001001111,11111000101,01001110101,00111011001,10101100011
11110000110,01101011100,10011101100,01010011010,00110101111,10000011111,10111011001,11100111001,01010110101,01001100011,10101110010
01010011111,10100010011,10001010101,01100001101,11011001001,01111110001,11000100111,10110111100,11111000110,00111101111,01001111010
01011001111,01111011000,00101101100,10001011011,10010011110,01000111010,01100011101,00110110011,11011110101,11110101001,11101000110
11110000110,01101011100,10011101100,01010011010,00110101111,10000011111,10111011001,11100111001,01010110101,01001100011,10101110010
01110111101,00111100011,11111010110,10101111000,01101001110,01010111010,10110101110,10110011011,11100100011,11011001001,10001110111
00011011101,01111111000,10110011110,11000111100,10110100101,11101001011,11010110011,01010101110,00100111011,01101010110,10001100010
11011100010,01101011100,01110010011,10011001111,00010111110,01001111001,11100101111,10110011000,11010110101,00111100101,10101110111
01011001111,01111011000,00101101100,10001011011,10010011110,01000111010,01100011101,00110110011,11011110101,11110101001,11101000110
00011100111,10111110100,01011010100,01101001110,11011100010,00010111010,10011011011,11110000111,11000111101,01111101001,01101110011
01110111101,00111100011,11111010110,10101111000,01101001110,01010111010,10110101110,10110011011,11100100011,11011001001,10001110111
11011001110,10110101010,00011110111,10001111000,01101101011,11000100101,01100111110,01010111001,11111110000,00111101100,10100011101
00011011101,01111111000,10110011110,11000111100,10110100101,11101001011,11010110011,01010101110,00100111011,01101010110,10001100010
00011011101,01111111000,10110011110,11000111100,10110100101,11101001011,11010110011,01010101110,00100111011,01101010110,10001100010
00111100011,00001111101,11001110001,01110010101,10011010110,11010100100,01100111010,10100110100,11111001000,11100001111,10010111001
11110000110,01101011100,10011101100,01010011010,00110101111,10000011111,10111011001,11100111001,01010110101,01001100011,10101110010
01010011111,10100010011,10001010101,01100001101,11011001001,01111110001,11000100111,10110111100,11111000110,00111101111,01001111010
01111100110,00011011110,11100010100,01110010011,00101110011,00111001101,11011110001,01101111000,01000111101,11001001011,10110101010
11011100010,01101011100,01110010011,10011001111,00010111110,01001111001,11100101111,10110011000,11010110101,00111100101,10101110111
11011110010,01101101110,01100010111,00010100111,10100111100,11000101001,10001001111,11111000101,01001110101,00111011001,10101100011
01001101110,00011010111,11011010100,11111100011,10101010110,00111101100,10001011001,01111011010,01100110101,11110001111,10010111010
11110100010,01100101100,00101110010,00111010101,01011100110,10101001111,10010111100,01010111011,11111011000,11001100001,11000010110
11110100010,01100101100,00101110010,00111010101,01011100110,10101001111,10010111100,01010111011,11111011000,11001100001,11000010110
01010011111,10100010011,10001010101,01100001101,11011001001,01111110001,11000100111,10110111100,11111000110,00111101111,01001111010
01111100110,00011011110,11100010100,01110010011,00101110011,00111001101,11011110001,01101111000,01000111101,11001001011,10110101010
01011001111,01111011000,00101101100,10001011011,10010011110,01000111010,01100011101,00110110011,11011110101,11110101001,11101000110
01010110010,00011011011,11000010111,01100101011,11111010001,00101110101,10110100011,10110111100,01111000110,11011101101,10001111010
11011100010,01101011100,01110010011,10011001111,00010111110,01001111001,11100101111,10110011000,11010110101,00111100101,10101110111
01010110010,00011011011,11000010111,01100101011,11111010001,00101110101,10110100011,10110111100,01111000110,11011101101,10001111010
00010110011,10101101010,11101110001,01110111100,01101011111,01110000011,11000100111,10110011001,11011010110,01011101001,00111100101
01010110010,00011011011,11000010111,01100101011,11111010001,00101110101,10110100011,10110111100,01111000110,11011101101,10001111010
01011001111,01111011000,00101101100,10001011011,10010011110,01000111010,01100011101,00110110011,11011110101,11110101001,11101000110
11110100010,01100101100,00101110010,00111010101,01011100110,10101001111,10010111100,01010111011,11111011000,11001100001,11000010110
00101011101,01111110001,00011111110,11110011010,01110101111,11000111101,10110110100,11011001100,10101101011,01101100110,10011010111
11110000110,01101011100,10011101100,01010011010,00110101111,10000011111,10111011001,11100111001,01010110101,01001100011,10101110010
11011001110,10110101010,00011110111,10001111000,01101101011,11000100101,01100111110,01010111001,11111110000,00111101100,10100011101
00011011101,01111111000,10110011110,11000111100,10110100101,11101001011,11010110011,01010101110,00100111011,01101010110,10001100010
00011011101,01111111000,10110011110,11000111100,10110100101,11101001011,11010110011,01010101110,00100111011,01101010110,10001100010
11011001110,10110101010,00011110111,10001111000,01101101011,11000100101,01100111110,01010111001,11111110000,00111101100,10100011101
11011110010,01101101110,01100010111,00010100111,10100111100,11000101001,10001001111,11111000101,01001110101,00111011001,10101100011
11110100010,01100101100,00101110010,00111010101,01011100110,10101001111,10010111100,01010111011,11111011000,11001100001,11000010110
00011100111,10111110100,01011010100,01101001110,11011100010,00010111010,10011011011,11110000111,11000111101,01111101001,01101110011
01010110010,00011011011,11000010111,01100101011,11111010001,00101110101,10110100011,10110111100,01111000110,11011101101,10001111010
11110100010,01100101100,00101110010,00111010101,01011100110,10101001111,10010111100,01010111011,11111011000,11001100001,11000010110
00010110011,10101101010,11101110001,01110111100,01101011111,01110000011,11000100111,10110011001,11011010110,01011101001,00111100101
01111100110,00011011110,11100010100,01110010011,00101110011,00111001101,11011110001,01101111000,01000111101,11001001011,10110101010
11011100010,01101011100,01110010011,10011001111,00010111110,01001111001,11100101111,10110011000,11010110101,00111100101,10101110111
00101011101,01111110001,00011111110,11110011010,01110101111,11000111101,10110110100,11011001100,10101101011,01101100110,10011010111
00101011101,01111110001,00011111110,11110011010,01110101111,11000111101,10110110100,11011001100,10101101011,01101100110,10011010111
01010011111,10100010011,10001010101,01100001101,11011001001,01111110001,11000100111,10110111100,11111000110,00111101111,01001111010
00101011101,01111110001,00011111110,11110011010,01110101111,11000111101,10110110100,11011001100,10101101011,01101100110,10011010111
00011011101,01111111000,10110011110,11000111100,10110100101,11101001011,11010110011,01010101110,00100111011,01101010110,10001100010
01011001111,01111011000,00101101100,10001011011,10010011110,01000111010,01100011101,00110110011,11011110101,11110101001,11101000110
11011001110,10110101010,00011110111,10001111000,01101101011,11000100101,01100111110,01010111001,11111110000,00111101100,10100011101
01010011111,10100010011,10001010101,01100001101,11011001001,01111110001,11000100111,10110111100,11111000110,00111101111,01001111010
10001111011,01110001101100010011,01100110100,101111010,01101000110,10100010011110111100,01011110110,01,110101101,11001101100111
11110100010,01100101100,00101110010,00111010101,01011100110,10101001111,10010111100,01010111011,11111011000,11001100001,11000010110
10001111011,01001101100,10111100110,10100001111,11101010000,11011000111,11010110100,01010011010,01100110111,11110101001,00111011101
00011100111,10111110100,01011010100,01101001110,11011100010,00010111010,10011011011,11110000111,11000111101,01111101001,01101110011
01010110010,00011011011,11000010111,01100101011,11111010001,00101110101,10110100011,10110111100,01111000110,11011101101,10001111010
00101011101,01111110001,00011111110,11110011010,01110101111,11000111101,10110110100,11011001100,10101101011,01101100110,10011010111
11011100010,01101011100,01110010011,10011001111,00010111110,01001111001,11100101111,10110011000,11010110101,00111100101,10101110111
01011001111,01111011000,00101101100,10001011011,10010011110,01000111010,01100011101,00110110011,11011110101,11110101001,0101,11110111
11011100010,01101011100,01110010011,10011001111,00010111110,01001111001,11100101111,10110011000,11010110101,00111100101,10101110111
01110111101,00111100011,11111010110,10101111000,01101001110,01010111010,10110101110,10110011011,11100100011,11011001001,10001110111
00011011101,01111111000,10110011110,11000111100,10110100101,11101001011,11010110011,01010101110,00100111011,01101010110,10001100010
01001101110,00011010111,11011010100,11111100011,10101010110,00111101100,10001011001,01111011010,01100110101,11110001111,10010111010
11011110010,01101101110,01100010111,00010100111,10100111100,11000101001,10001001111,11111000101,01001110101,00111011001,10101100011
11110100010,01100101100,00101110010,00111010101,01011100110,10101001111,10010111100,01010111011,11111011000,11001100001,11000010110
01010110010,00011011011,11000010111,01100101011,11111010001,00101110101,10110100011,10110111100,01111000110,11011101101,10001111010
01101100010,00100111111,00011111000,00011001111,01101011100,11010101110,01110110101,11001110111,10111010110,10101101101,11110011011
00011011101,01111111000,10110011110,11000111100,10110100101,11101001011,11010110011,01010101110,00100111011,01101010110,10001100010
0001110111,101111101000,0110110010,010111110,1000110011,11110001,0110110011,01101111001,110101011000110,110101101,001101
11011100010,01101011100,01110010011,10011001111,00010111110,01001111001,11100101111,10110011000,11010110101,00111100101,10101110111
11011001110,10110101010,00011110111,10001111000,01101101011,11000100101,01100111110,01010111001,11111110000,00111101100,10100011101
11011110010,01101101110,01100010111,00010100111,10100111100,11000101001,10001001111,11111000101,01001110101,00111011001,10101100011
01011001111,01111011000,00101101100,10001011011,10010011110,01000111010,01100011101,00110110011,11011110101,11110101001,11101000110
11011001110,10110101010,00011110111,10001111000,01101101010110010001110,11100,11110,111101100100110,111010011110011,101
01011001111,01111011000,00101101100,10001011011,10010011110,01000111010,01100011101,00110110011,11011110101,11110101001,11101000110
01110111101,00111100011,11111010110,10101111000,01101001110,01010111010,10110101110,10110011011,11100100011,11011001001,10001110111
01110111101,00111100011,11111010110,10101111000,01101001110,01010111010,10110101110,10110011011,11100100011,11011001001,10001110111
01111100110,00011011110,11100010100,01110010011,00101110011,00111001101,11011110001,01101111000,01000111101,11001001011,10110101010
01011001111,01111011000,00101101100,10001011011,10010011110,01000111010,01100011101,00110110011,11011110101,11110101001,11101000110
11011110010,01101101110,01100010111,00010100111,10100111100,11000101001,10001001111,11111000101,01001110101,00111011001,10101100011
00111100011,00001111101,11001110001,01110010101,10011010110,11010100100,01100111010,10100110100,11111001000,11100001111,10010111001
00011011101,01111111000,10110011110,11000111100,10110100101,11101001011,11010110011,01010101110,00100111011,01101010110,10001100010
00111100011,00001111101,11001110001,01110010101,10011010110,11010100100,01100111010,10100110100,11111001000,11100001111,10010111001
00111100011,00001111101,11001110001,01110010101,10011010110,11010100100,01100111010,10100110100,11111001000,11100001111,10010111001
01110111101,00111100011,11111010110,10101111000,01101001110,01010111010,10110101110,10110011011,11100100011,11011001001,10001110111
00111100011,00001111101,11001110001,01110010101,10011010110,11010100100,01100111010,10100110100,11111001000,11100001111,10010111001
10001111011,01001101100,10111100110,10100001111,11101010000,11011000111,11010110100,01010011010,01100110111,11110101001,00111011101
11110000110,01101011100,10011101100,01010011010,00110101111,10000011111,10111011001,11100111001,01010110101,01001100011,10101110010
11011110010,01101101110,01100010111,00010100111,10100111100,11000101001,10001001111,11111000101,01001110101,00111011001,10101100011
00111100011,00001111101,11001110001,01110010101,10011010110,11010100100,01100111010,10100110100,11111001000,11100001111,10010111001
00011100111,10111110100,01011010100,01101001110,11011100010,00010111010,10011011011,11110000111,11000111101,01111101001,01101110011
01010011111,10100010011,10001010101,01100001101,11011001001,01111110001,11000100111,10110111100,11111000110,00111101111,01001111010
11011100010,01101011100,01110010011,10011001111,00010111110,01001111001,11100101111,10110011000,11010110101,00111100101,10101110111
00011100111,10111110100,01011010100,01101001110,11011100010,00010111010,10011011011,11110000111,11000111101,01111101001,01101110011
00111100011,00001111101,11001110001,01110010101,10011010110,11010100100,01100111010,10100110100,11111001000,11100001111,10010111001
01111100110,00011011110,11100010100,01110010011,00101110011,00111001101,11011110001,01101111000,01000111101,11001001011,10110101010
01110111101,00111100011,11111010110,10101111000,01101001110,01010111010,10110101110,10110011011,11100100011,11011001001,10001110111
11011100010,01101011100,01110010011,10011001111,00010111110,01001111001,11100101111,10110011000,11010110101,00111100101,10101110111
11011001110,10110101010,00011110111,10001111000,01101101011,11000100101,01100111110,01010111001,11111110000,00111101100,10100011101
00011011101,01111111000,10110011110,11000111100,10110100101,11101001011,11010110011,01010101110,00100111011,01101010110,10001100010
01011001111,01111011000,00101101100,10001011011,10010011110,01000111010,01100011101,00110110011,11011110101,11110101001,11101000110
11110100010,01100101100,00101110010,00111010101,01011100110,10101001111,10010111100,01010111011,11111011000,11001100001,11000010110
11110100010,01100101100,00101110010,00111010101,01011100110,10101001111,10010111100,01010111011,11111011000,11001100001,11000010110
01110111101,00111100011,11111010110,10101111000,01101001110,01010111010,10110101110,10110011011,11100100011,11011001001,10001110111
00111100011,00001111101,11001110001,01110010101,10011010110,11010100100,01100111010,10100110100,11111001000,11100001111,10010111001
01111100110,00011011110,11100010100,01110010011,00101110011,00111001101,11011110001,01101111000,01000111101,11001001011,10110101010
11011110010,01101101110,01100010111,00010100111,10100111100,11000101001,10001001111,11111000101,01001110101,00111011001,10101100011
01001101110,00011010111,11011010100,11111100011,10101010110,00111101100,10001011001,01111011010,01100110101,11110001111,10010111010
00011011101,01111111000,10110011110,11000111100,10110100101,11101001011,11010110011,01010101110,00100111011,01101010110,10001100010
01110111101,00111100011,11111010110,10101111000,01101001110,01010111010,10110101110,10110011011,11100100011,11011001001,10001110111
01101100010,00100111111,00011111000,00011001111,01101011100,11010101110,01110110101,11001110111,10111010110,10101101101,11110011011
01101100010,00100111111,00011111000,00011001111,01101011100,11010101110,01110110101,11001110111,10111010110,10101101101,11110011011
00011100111,10111110100,01011010100,01101001110,11011100010,00010111010,10011011011,11110000111,11000111101,01111101001,01101110011
00011011101,01111111000,10110011110,11000111100,10110100101,11101001011,11010110011,01010101110,00100111011,01101010110,10001100010
01001101110,00011010111,11011010100,11111100011,10101010110,00111101100,10001011001,01111011010,01100110101,11110001111,10010111010
00011011101,01111111000,10110011110,11000111100,10110100101,11101001011,11010110011,01010101110,00100111011,01101010110,10001100010
01011001111,01111011000,00101101100,10001011011,10010011110,01000111010,01100011101,00110110011,11011110101,11110101001,11101000110
10001111011,01001101100,10111100110,10100001111,11101010000,11011000111,11010110100,01010011010,01100110111,11110101001,00111011101
11011110010,01101101110,01100010111,00010100111,10100111100,11000101001,10001001111,11111000101,01001110101,00111011001,10101100011
11011001110,10110101010,00011110111,10001111000,01101101011,11000100101,01100111110,01010111001,11111110000,00111101100,10100011101
11011100010,01101011100,01110010011,10011001111,00010111110,01001111001,11100101111,10110011000,11010110101,00111100101,10101110111
01010011111,10100010011,10001010101,01100001101,11011001001,01111110001,11000100111,10110111100,11111000110,00111101111,01001111010
11110100010,01100101100,00101110010,00111010101,01011100110,10101001111,10010111100,01010111011,11111011000,11001100001,11000010110
01001101110,00011010111,11011010100,11111100011,10101010110,00111101100,10001011001,01111011010,01100110101,11110001111,10010111010
00011100111,10111110100,01011010100,01101001110,11011100010,00010111010,10011011011,11110000111,11000111101,01111101001,01101110011
00011011101,01111111000,10110011110,11000111100,10110100101,11101001011,11010110011,01010101110,00100111011,01101010110,10001100010
00101011101,01111110001,00011111110,11110011010,01110101111,11000111101,10110110100,11011001100,10101101011,01101100110,10011010111
11011001110,10110101010,00011110111,10001111000,01101101011,11000100101,01100111110,01010111001,11111110000,00111101100,10100011101
01110111101,00111100011,11111010110,10101111000,01101001110,01010111010,10110101110,10110011011,11100100011,11011001001,10001110111
11011110010,01101101110,01100010111,00010100111,10100111100,11000101001,10001001111,11111000101,01001110101,00111011001,10101100011
11011100010,01101011100,01110010011,10011001111,00010111110,01001111001,11100101111,10110011000,11010110101,00111100101,10101110111
11011100010,01101011100,01110010011,10011001111,00010111110,01001111001,11100101111,10110011000,11010110101,00111100101,10101110111
00101011101,01111110001,00011111110,11110011010,01110101111,11000111101,10110110100,11011001100,10101101011,01101100110,10011010111
00111100011,00001111101,11001110001,01110010101,10011010110,11010100100,01100111010,10100110100,11111001000,11100001111,10010111001
01010110010,00011011011,11000010111,01100101011,11111010001,00101110101,10110100011,10110111100,01111000110,11011101101,10001111010
11011001110,10110101010,00011110111,10001111000,01101101011,11000100101,01100111110,01010111001,11111110000,00111101100,10100011101
11110100010,01100101100,00101110010,00111010101,01011100110,10101001111,10010111100,01010111011,11111011000,11001100001,11000010110
11110000110,01101011100,10011101100,01010011010,00110101111,10000011111,10111011001,11100111001,01010110101,01001100011,10101110010
00101011101,01111110001,00011111110,11110011010,01110101111,11000111101,10110110100,11011001100,10101101011,01101100110,10011010111
00011011101,01111111000,10110011110,11000111100,10110100101,11101001011,11010110011,01010101110,00100111011,01101010110,10001100010
11011100010,01101011100,01110010011,10011001111,00010111110,01001111001,11100101111,10110011000,11010110101,00111100101,10101110111
11011110010,01101101110,01100010111,00010100111,10100111100,11000101001,10001001111,11111000101,01001110101,00111011001,10101100011
01010011111,10100010011,10001010101,01100001101,11011001001,01111110001,11000100111,10110111100,11111000110,00111101111,01001111010
01101100010,00100111111,00011111000,00011001111,01101011100,11010101110,01110110101,11001110111,10111010110,10101101101,11110011011
11110000110,01101011100,10011101100,01010011010,00110101111,10000011111,10111011001,11100111001,01010110101,01001100011,10101110010
00011100111,10111110100,01011010100,01101001110,11011100010,00010111010,10011011011,11110000111,11000111101,01111101001,01101110011
11011100010,01101011100,01110010011,10011001111,00010111110,01001111001,11100101111,10110011000,11010110101,00111100101,10101110111
11110000110,01101011100,10011101100,01010011010,00110101111,10000011111,10111011001,11100111001,01010110101,01001100011,10101110010
01011001111,01111011000,00101101100,10001011011,10010011110,01000111010,01100011101,00110110011,11011110101,11110101001,11101000110
01011001111,01111011000,00101101100,10001011011,10010011110,01000111010,01100011101,00110110011,11011110101,11110101001,11101000110
11011110010,01101101110,01100010111,00010100111,10100111100,11000101001,10001001111,11111000101,01001110101,00111011001,10101100011
11110100010,01100101100,00101110010,00111010101,01011100110,10101001111,10010111100,01010111011,11111011000,11001100001,11000010110
00011100111,10111110100,01011010100,01101001110,11011100010,00010111010,10011011011,11110000111,11000111101,01111101001,01101110011
11011110010,01101101110,01100010111,00010100111,10100111100,11000101001,10001001111,11111000101,01001110101,00111011001,10101100011
11011001110,10110101010,00011110111,10001111000,01101101011,11000100101,01100111110,01010111001,11111110000,00111101100,10100011101
01001101110,00011010111,11011010100,11111100011,10101010110,00111101100,10001011001,01111011010,01100110101,11110001111,10010111010
01111100110,00011011110,11100010100,01110010011,00101110011,00111001101,11011110001,01101111000,01000111101,11001001011,10110101010
01010110010,00011011011,11000010111,01100101011,11111010001,00101110101,10110100011,10110111100,01111000110,11011101101,10001111010
01010110010,00011011011,11000010111,01100101011,11111010001,00101110101,10110100011,10110111100,01111000110,11011101101,10001111010
11011110010,01101101110,01100010111,00010100111,10100111100,11000101001,10001001111,11111000101,01001110101,100011,10101100011
11011001110,10110101010,00011110111,10001111000,01101101011,11000100101,01100111110,01010111001,11111110000,00111101100,10100011101
11011001110,10110101010,00011110111,10001111000,01101101011,11000100101,01100111110,01010111001,11111110000,00111101100,10100011101
00010110011,10101101010,11101110001,01110111100,01101011111,01110000011,11000100111,10110011001,11011010110,01011101001,00111100101
10001111011,01001101100,10111100110,10100001111,11101010000,11011000111,11010110100,01010011010,01100110111,11110101001,00111011101
01111100110,00011011110,11100010100,01110010011,00101110011,00111001101,11011110001,01101111000,01000111101,11001001011,10110101010
11011001110,10110101010,00011110111,10001111000,01101101011,11000100101,01100111110,01010111001,11111110000,00111101100,10100011101
00101011101,01111110001,00011111110,11110011010,01110101111,11000111101,10110110100,11011001100,10101101011,01101100110,10011010111
01011001111,01111011000,00101101100,10001011011,10010011110,01000111010,01100011101,00110110011,11011110101,11110101001,11101000110
00011011101,01111111000,10110011110,11000111100,10110100101,11101001011,11010110011,1100110110110,00011,01101010110,10001100010
11110100010,01100101100,00101110010,00111010101,01011100110,10101001111,10010111100,01010111011,11111011000,11001100001,11000010110
01010110010,00011011011,11000010111,01100101011,11111010001,00101110101,10110100011,10110111100,01111000110,11011101101,10001111010
00111100011,00001111101,11001110001,01110010101,10011010110,11010100100,01100111010,10100110100,11111001000,11100001111,10010111001
10001111011,01001101100,10111100110,10100001111,11101010000,11011000111,11010110100,01010011010,01100110111,11110101001,00111011101
01010011111,10100010011,10001010101,01100001101,11011001001,01111110001,11000100111,10110111100,11111000110,00111101111,01001111010
11110100010,01100101100,00101110010,00111010101,01011100110,10101001111,10010111100,01010111011,11111011000,11001100001,11000010110
10001111011,01001101100,10111100110,10100001111,11101010000,11011000111,11010110100,01010011010,01100110111,11110101001,00111011101
00011011101,01111111000,10110011110,11000111100,10110100101,11101001011,11010110011,01010101110,00100111011,01101010110,10001100010
01010110010,00011011011,11000010111,01100101011,11111010001,00101110101,10110100011,10110111100,01111000110,11011101101,10001111010
01101100010,00100111111,00011111000,00011001111,01101011100,11010101110,01110110101,11001110111,10111010110,10101101101,11110011011
00011100111,10111110100,01011010100,01101001110,11011100010,00010111010,10011011011,11110000111,11000111101,01111101001,01101110011
01101100010,00100111111,00011111000,00011001111,01101011100,11010101110,01110110101,11001110111,10111010110,10101101101,11110011011
11110000110,01101011100,10011101100,01010011010,00110101111,10000011111,10111011001,11100111001,01010110101,01001100011,10101110010
00101011101,01111110001,00011111110,11110011010,01110101111,11000111101,10110110100,11011001100,10101101011,01101100110,10011010111
01110111101,00111100011,11111010110,10101111000,01101001110,01010111010,10110101110,10110011011,11100100011,11011001001,10001110111
01111100110,00011011110,11100010100,01110010011,00101110011,00111001101,11011110001,01101111000,01000111101,11001001011,10110101010
01110111101,00111100011,11111010110,10101111000,01101001110,01010111010,10110101110,10110011011,11100100011,11011001001,10001110111
00111100011,00001111101,11001110001,01110010101,10011010110,11010100100,01100111010,10100110100,11111001000,11100001111,10010111001
10001111011,01001101100,10111100110,10100001111,11101010000,11011000111,11010110100,01010011010,01100110111,11110101001,00111011101
00111100011,00001111101,11001110001,01110010101,10011010110,11010100100,01100111010,10100110100,11111001000,11100001111,10010111001
00011100111,10111110100,01011010100,01101001110,11011100010,00010111010,10011011011,11110000111,11000111101,01111101001,01101110011
01110111101,00111100011,11111010110,10101111000,01101001110,01010111010,10110101110,10110011011,11100100011,11011001001,10001110111
11110000110,01101011100,10011101100,01010011010,00110101111,10000011111,10111011001,11100111001,01010110101,01001100011,10101110010
11011001110,10110101010,00011110111,10001111000,01101101011,11000100101,01100111110,01010111001,11111110000,00111101100,10100011101
11011100010,01101011100,01110010011,10011001111,00010111110,01001111001,11100101111,10110011000,11010110101,00111100101,10101110111
11110100010,01100101100,00101110010,00111010101,01011100110,10101001111,10010111100,01010111011,11111011000,11001100001,11000010110
01101100010,00100111111,00011111000,00011001111,01001110101,11010101110,11011001111100,1011110101101110101,11011001,110101001,11110011011
01111100110,00011011110,11100010100,01110010011,00101110011,00111001101,11011110001,01101111000,01000111101,11001001011,10110101010
11110100010,01100101100,00101110010,00111010101,01011100110,10101001111,10010111100,01010111011,11111011000,11001100001,11000010110
11011100010,01101011100,01110010011,10011001111,00010111110,01001111001,11100101111,10110011000,11010110101,00111100101,10101110111
00111100011,00001111101,11001110001,01110010101,10011010110,11010100100,01100111010,10100110100,11111001000,11100001111,10010111001
00011100111,10111110100,01011010100,01101001110,11011100010,00010111010,10011011011,11110000111,11000111101,01111101001,01101110011
10001111011,01001101100,10111100110,10100001111,11101010000,11011000111,11010110100,01010011010,01100110111,11110101001,00111011101
11011110010,01101101110,01100010111,00010100111,10100111100,11000101001,10001001111,11111000101,01001110101,00111011001,10101100011
10001111011,01001101100,10111100110,10100001111,11101010000,11011000111,11010110100,01010011010,01100110111,11110101001,00111011101
11011001110,10110101010,00011110111,10001111000,01101101011,11000100101,01100111110,01010111001,11111110000,00111101100,10100011101
11011001110,10110101010,00011110111,10001111000,01101101011,11000100101,01000111110,01010111001,1010010011,0011110011,101100000111
01010011111,10100010011,10001010101,01100001101,11011001001,01111110001,11000100111,10110111100,11111000110,00111101111,01001111010
00010110011,10101101010,11101110001,01110111100,01101011111,01110000011,11000100111,10110011001,11011010110,01011101001,00111100101
11011100010,01101011100,01110010011,10011001111,00010111110,01001111001,11100101111,10110011000,11010110101,00111100101,10101110111
11110100010,01100101100,00101110010,00111010101,01011100110,10101001111,10010111100,01010111011,11111011000,11001100001,11000010110
11011001110,10110101010,00011110111,10001111000,01101101011,11000100101,01100111110,01010111001,11111110000,00111101100,10100011101
11110100010,01100101100,00101110010,00111010101,01011100110,10101001111,10010111100,01010111011,11111011000,11001100001,11000010110
00111100011,00001111101,11001110001,01110010101,10011010110,11010100100,01100111010,10100110100,11111001000,11100001111,10010111001
11110000110,01101011100,10011101100,01010011010,00110101111,10000011111,10111011001,11100111001,01010110101,01001100011,10101110010
01110111101,00111100011,11111010110,10101111000,01101001110,01010111010,10110101110,10110011011,11100100011,11011001001,10001110111
00010110011,10101101010,11101110001,01110111100,01101011111,01110000011,11000100111,10110011001,11011010110,01011101001,00111100101
11110000110,01101011100,10011101100,01010011010,00110101111,10000011111,10111011001,11100111001,01010110101,01001100011,10101110010
11011001110,10110101010,00011110111,10001111000,01101101011,11000100101,01100111110,01010111001,11111110000,00111101100,10100011101
11011110010,01101101110,01100010111,00010100111,10100111100,11000101001,10001001111,11111000101,01001110101,00111011001,10101100011
01001101110,00011010111,11011010100,11111100011,10101010110,00111101100,10001011001,01111011010,01100110101,11110001111,10010111010
01111100110,00011011110,11100010100,01110010011,00101110011,00111001101,11011110001,01101111000,01000111101,11001001011,10110101010
11110000110,01101011100,10011101100,01010011010,00110101111,10000011111,10111011001,11100111001,01010110101,01001100011,10101110010
10001111011,01001101100,10111100110,10100001111,11101010000,11011000111,11010110100,01010011010,01100110111,11110101001,00111011101
10001111011,01001101100,10111100110,10100001111,11101010000,11011000111,11010110100,01010011010,01100110111,11110101001,00111011101
01110111101,00111100011,11111010110,10101111000,01101001110,01010111010,10110101110,10110011011,11100100011,11011001001,10001110111
01001101110,00011010111,11011010100,11111100011,10101010110,00111101100,10001011001,01111011010,01100110101,11110001111,10010111010
01111100110,00011011110,11100010100,01110010011,00101110011,00111001101,11011110001,01101111000,01000111101,11001001011,10110101010
01011001111,01111011000,00101101100,10001011011,10010011110,01000111010,01100011101,00110110011,11011110101,11110101001,11101000110
11110100010,01100101100,00101110010,00111010101,01011100110,10101001111,10010111100,01010111011,11111011000,11001100001,11000010110
01110111101,00111100011,11111010110,10101111000,01101001110,01010111010,10110101110,10110011011,11100100011,11011001001,10001110111
11011110010,01101101110,01100010111,00010100111,10100111100,11000101001,10001001111,11111000101,01001110101,00111011001,10101100011
10001111011,01001101100,10111100110,10100001111,11101010000,11011000111,11010110100,01010011010,01100110111,11110101001,00111011101
01010011111,10100010011,10001010101,01100001101,11011001001,01111110001,11000100111,10110111100,11111000110,00111101111,01001111010
01110111101,00111100011,11111010110,10101111000,01101001110,01010111010,10110101110,10110011011,11100100011,11011001001,10001110111
01101100010,00100111111,00011111000,00011001111,01101011100,11010101110,01110110101,11001110111,10111010110,10101101101,11110011011
11011001110,10110101010,00011110111,10001111000,01101101011,11000100101,01100111110,01010111001,11111110000,00111101100,10100011101
00111100011,00001111101,11001110001,01110010101,10011010110,11010100100,01100111010,10100110100,11111001000,11100001111,10010111001
00111100011,00001111101,11001110001,01110010101,10011010110,11010100100,01100111010,10100110100,11111001000,11100001111,10010111001
00111100011,00001111101,11001110001,01110010101,10011010110,11010100100,01100111010,10100110100,11111001000,11100001111,10010111001
11110100010,01100101100,00101110010,00111010101,01011100110,10101001111,10010111100,01010111011,11111011000,11001100001,11000010110
01111100110,00011011110,11100010100,01110010011,00101110011,00111001101,11011110001,01101111000,01000111101,11001001011,10110101010
00010110011,10101101010,11101110001,01110111100,01101011111,01110000011,11000100111,10110011001,11011010110,01011101001,00111100101
11011001110,10110101010,00011110111,10001111000,01101101011,11000100101,01100111110,01010111001,11111110000,00111101100,10100011101
01011001111,01111011000,00101101100,10001011011,10010011110,01000111010,01100011101,00110110011,11011110101,11110101001,11101000110
10001111011,01001101100,10111100110,10100001111,11101010000,11011000111,11010110100,01010011010,01100110111,11110101001,00111011101
00111100011,00001111101,11001110001,01110010101,10011010110,11010100100,01100111010,10100110100,11111001000,11100001111,10010111001
01110111101,00111100011,11111010110,10101111000,01101001110,01010111010,10110101110,10110011011,11100100011,11011001001,10001110111
01001101110,00011010111,11011010100,11111100011,10101010110,00111101100,10001011001,01111011010,01100110101,11110001111,10010111010
00011011101,01111111000,10110011110,11000111100,10110100101,11101001011,11010110011,01010101110,00100111011,01101010110,10001100010
01001101110,00011010111,11011010100,11111100011,10101010110,00111101100,10001011001,01111011010,01100110101,11110001111,10010111010
11011100010,01101011100,01110010011,10011001111,00010111110,01001111001,11100101111,10110011000,11010110101,00111100101,10101110111
01011001111,01111011000,00101101100,10001011011,10010011110,01000111010,01100011101,00110110011,11011110101,11110101001,11101000110
11011001110,10110101010,00011110111,10001111000,01101101011,11000100101,01100111110,01010111001,11111110000,00111101100,10100011101
01010011111,10100010011,10001010101,01100001101,11011001001,01111110001,11000100111,10110111100,11111000110,00111101111,01001111010
00010110011,10101101010,11101110001,01110111100,01101011111,01110000011,11000100111,10110011001,11011010110,01011101001,00111100101
11011110010,01101101110,01100010111,00010100111,10100111100,11000101001,10001001111,11111000101,01001110101,00111011001,10101100011
11110100010,01100101100,00101110010,00111010101,01011100110,10101001111,10010111100,01010111011,11111011000,11001100001,11000010110
01101100010,00100111111,00011111000,00011001111,01101011100,11010101110,01110110101,11001110111,10111010110,10101101101,11110011011
00101011101,01111110001,00011111110,11110011010,01110101111,11000111101,10110110100,11011001100,10101101011,01101100110,10011010111
11011100010,01101011100,01110010011,10011001111,00010111110,01001111001,11100101111,10110011000,11010110101,00111100101,10101110111
01010110010,00011011011,11000010111,01100101011,11111010001,00101110101,10110100011,10110111100,01111000110,11011101101,10001111010
01010110010,00011011011,11000010111,01100101011,11111010001,00101110101,10110100011,10110111100,01111000110,11011101101,10001111010
01001101110,00011010111,11011010100,11111100011,10101010110,00111101100,10001011001,01111011010,01100110101,11110001111,10010111010
01010110010,00011011011,11000010111,01100101011,11111010001,00101110101,10110100011,10110111100,01111000110,11011101101,10001111010
01110111101,00111100011,11111010110,10101111000,01101001110,01010111010,10110101110,10110011011,11100100011,11011001001,10001110111
11011110010,01101101110,01100010111,00010100111,10100111100,11000101001,10001001111,11111000101,01001110101,00111011001,10101100011
00011011101,01111111000,10110011110,11000111100,10110100101,11101001011,11010110011,01010101110,00100111011,01101010110,10001100010
11011100010,01101011100,01110010011,10011001111,00010111110,01001111001,11100101111,10110011000,11010110101,00111100101,10101110111
00011011101,01111111000,10110011110,11000111100,10110100101,11101001011,11010110011,01010101110,00100111011,01101010110,10001100010
1010011010,001111011011,001100011,0101,110101110011000110100011,01001111010,01111000110,01110011110111011000110,11110001111,111111
0001110111,10111000101,01011001001,011001111100010011110,0101011,01101100,1001110111101,11011,1011001101100011,001
01010110010,00011011011,11000010111,01100101011,11111010001,00101110101,10110100011,10110111100,01111000110,11011101101,10001111010
11110000110,01101011100,10011101100,01010011010,00110101111,10000011111,10111011001,11100111001,01010110101,01001100011,10101110010
01101100010,00100111111,00011111000,00011001111,01101011100,11010101110,01110110101,11001110111,10111010110,10101101101,11110011011
11110000110,01101011100,10011101100,01010011010,00110101111,10000011111,10111011001,11100111001,01010110101,01001100011,10101110010
11011110010,01101101110,01100010111,00010100111,10100111100,11000101001,10001001111,11111000101,01001110101,00111011001,10101100011
01111100110,00011011110,11100010100,01110010011,00101110011,00111001101,11011110001,01101111000,01000111101,11001001011,10110101010
11011100010,01101011100,01110010011,10011001111,00010111110,01001111001,11100101111,10110011000,11010110101,00111100101,10101110111
01111100110,00011011110,11100010100,01110010011,00101110011,00111001101,11011110001,01101111000,01000111101,11001001011,10110101010
11011110010,01101101110,01100010111,00010100111,10100111100,11000101001,10001001111,11111000101,01001110101,00111011001,10101100011
01101100010,00100111111,00011111000,00011001111,01101011100,11010101110,01110110101,11001110111,10111010110,10101101101,11110011011
01111100110,00011011110,11100010100,01110010011,00101110011,00111001101,11011110001,01101111000,01000111101,11001001011,10110101010
00011011101,01111111000,10110011110,11000111100,10110100101,11101001011,11010110011,01010101110,00100111011,01101010110,10001100010
10001111011,01001101100,10111100110,10100001111,11101010000,11011000111,11010110100,01010011010,01100110111,11110101001,00111011101
01111100110,00011011110,11100010100,01110010011,00101110011,00111001101,11011110001,01101111000,01000111101,11001001011,10110101010
00011100111,10111110100,01011010100,01101001110,11011100010,00010111010,10011011011,11110000111,11000111101,01111101001,01101110011
00111100011,00001111101,11001110001,01110010101,10011010110,11010100100,01100111010,10100110100,11111001000,11100001111,10010111001
11011110010,01101101110,01100010111,00010100111,10100111100,11000101001,10001001111,11111000101,01001110101,00111011001,10101100011
11011100010,01101011100,01110010011,10011001111,00010111110,01001111001,11100101111,10110011000,11010110101,00111100101,10101110111
01011001111,01111011000,00101101100,10001011011,10010011110,01000111010,01100011101,1001110110011,11011110101,11110101001,11101000110
01111100110,00011011110,11100010100,01110010011,00101110011,00111001101,11011110001,01101111000,01000111101,11001001011,10110101010
01011001111,01111011000,00101101100,10001011011,10010011110,01000111010,01100011101,00110110011,11011110101,11110101001,11101000110
01010110010,00011011011,11000010111,01100101011,11111010001,00101110101,10110100011,10110111100,01111000110,11011101101,10001111010
00010110011,10101101010,11101110001,01110111100,01101011111,01110000011,11000100111,10110011001,11011010110,01011101001,00111100101
00101011101,01111110001,00011111110,11110011010,01110101111,11000111101,10110110100,11011001100,10101101011,01101100110,10011010111
01001101110,00011010111,11011010100,11111100011,10101010110,00111101100,10001011001,01111011010,01100110101,11110001111,10010111010
00010110011,10101101010,11101110001,01110111100,01101011111,01110000011,11000100111,10110011001,11011010110,01011101001,00111100101
11011001110,10110101010,00011110111,10001111000,01101101011,11000100101,01100111110,01010111001,11111110000,00111101100,10100011101
11011100010,01101011100,01110010011,10011001111,00010111110,01001111001,11100101111,10110011000,11010110101,00111100101,10101110111
11011110010,01101101110,01100010111,00010100111,10100111100,11000101001,10001001111,11111000101,01001110101,00111011001,10101100011
00010110011,10101101010,11101110001,01110111100,01101011111,01110000011,11000100111,10110011001,11011010110,01011101001,00111100101
11110100010,01100101100,00101110010,00111010101,01011100110,10101001111,10010111100,01010111011,11111011000,11001100001,11000010110
11011100010,01101011100,01110010011,10011001111,00010111110,01001111001,11100101111,10110011000,11010110101,00111100101,10101110111
11110100010,01100101100,00101110010,00111010101,01011100110,10101001111,10010111100,01010111011,11111011000,11001100001,11000010110
11011110010,01101101110,01100010111,00010100111,10100111100,11000101001,10001001111,11111000101,01001110101,00111011001,10101100011
01111100110,00011011110,11100010100,01110010011,00101110011,00111001101,11011110001,01101111000,01000111101,11001001011,10110101010
00101011101,01111110001,00011111110,11110011010,01110101111,11000111101,10110110100,11011001100,10101101011,01101100110,10011010111
00111100011,00001111101,11001110001,01110010101,10011010110,11010100100,01100111010,10100110100,11111001000,11100001111,10010111001
00101011101,01111110001,00011111110,11110011010,01110101111,11000111101,10110110100,11011001100,10101101011,01101100110,10011010111
01011001111,01111011000,00101101100,10001011011,10010011110,01000111010,01100011101,00110110011,11011110101,11110101001,11101000110
01111100110,00011011110,11100010100,01110010011,00101110011,00111001101,11011110001,01101111000,01000111101,11001001011,10110101010
11011001110,10110101010,00011110111,10001111000,01101101011,11000100101,01100111110,01010111001,11111110000,00111101100,10100011101
01011001111,01111011000,00101101100,10001011011,10010011110,01000111010,01100011101,00110110011,11011110101,11110101001,11101000110
01011001111,01111011000,00101101100,10001011011,10010011110,01000111010,01100011101,00110110011,11011110101,11110101001,11101000110
01011001111,01111011000,00101101100,10001011011,10010011110,01000111010,01100011101,00110110011,11011110101,11110101001,11101000110
01010011111,10100010011,10001010101,01100001101,11011001001,01111110001,11000100111,10110111100,11111000110,00111101111,01001111010
11110000110,01101011100,10011101100,01010011010,00110101111,10000011111,10111011001,11100111001,01010110101,01001100011,10101110010
00101011101,01111110001,00011111110,11110011010,01110101111,11000111101,10110110100,11011001100,10101101011,01101100110,10011010111
01011001111,01111011000,00101101100,10001011011,10010011110,01000111010,01100011101,00110110011,11011110101,11110101001,11101000110
01101100010,00100111111,00011111000,00011001111,01101011100,11010101110,01110110101,11001110111,10111010110,10101101101,11110011011
10001111011,01001101100,10111100110,10100001111,11101010000,11011000111,11010110100,01010011010,01100110111,11110101001,00111011101
00111100011,00001111101,11001110001,01110010101,10011010110,11010100100,01100111010,10100110100,11111001000,11100001111,10010111001
00101011101,01111110001,00011111110,11110011010,01110101111,11000111101,10110110100,11011001100,10101101011,01101100110,10011010111
11110100010,01100101100,00101110010,00111010101,01011100110,10101001111,10010111100,01010111011,11111011000,11001100001,11000010110
00111100011,00001111101,11001110001,01110010101,10011010110,11010100100,01100111010,10100110100,11111001000,11100001111,10010111001
01101100010,00100111111,00011111000,00011001111,01101011100,11010101110,01110110101,11001110111,10111010110,10101101101,11110011011
00011011101,01111111000,10110011110,11000111100,10110100101,11101001011,11010110011,01010101110,00100111011,01101010110,10001100010
11110100010,01100101100,00101110010,00111010101,01011100110,10101001111,10010111100,01010111011,11111011000,11001100001,11000010110
01010011111,10100010011,10001010101,01100001101,11011001001,01111110001,11000100111,10110111100,11111000110,00111101111,01001111010
11011110010,01101101110,01100010111,00010100111,10100111100,11000101001,10001001111,11111000101,01001110101,00111011001,10101100011
00011011101,01111111000,10110011110,11000111100,10110100101,11101001011,11010110011,01010101110,00100111011,01101010110,10001100010
01001101110,00011010111,11011010100,11111100011,10101010110,00111101100,10001011001,01111011010,01100110101,11110001111,10010111010
00101011101,01111110001,00011111110,11110011010,01110101111,11000111101,10110110100,11011001100,10101101011,01101100110,10011010111
00101011101,01111110001,00011111110,11110011010,01110101111,11000111101,10110110100,11011001100,10101101011,01101100110,10011010111
01111100110,00011011110,11100010100,01110010011,00101110011,00111001101,11011110001,01101111000,01000111101,11001001011,10110101010
00010110011,10101101010,11101110001,01110111100,01101011111,01110000011,11000100111,10110011001,11011010110,01011101001,00111100101
11011100010,01101011100,01110010011,10011001111,00010111110,01001111001,11100101111,10110011000,11010110101,00111100101,10101110111
01101100010,00100111111,00011111000,00011001111,01101011100,11010101110,01110110101,11001110111,10111010110,10101101101,11110011011
11110100010,01100101100,00101110010,00111010101,01011100110,10101001111,10010111100,01010111011,11111011000,11001100001,11000010110
00010110011,10101101010,11101110001,01110111100,01101011111,01110000011,11000100111,10110011001,11011010110,01011101001,00111100101
01101100010,00100111111,00011111000,00011001111,01101011100,11010101110,01110110101,11001110111,10111010110,10101101101,11110011011
01010011111,10100010011,01001010101,0111001101101,1101100100111,0111110001100,0110001001111,111101100110000011000110,111,0110101011,1011010
00011011101,01111111000,10110011110,11000111100,10110100101,11101001011,11010110011,01010101110,00100111011,01101010110,10001100010
11011001110,10110101010,00011110111,10001111000,01101101011,11000100101,01100111110,01010111001,11111110000,00111101100,10100011101
01001101110,00011010111,11011010100,11111100011,10101010110,00111101100,10001011001,01111011010,01100110101,11110001111,10010111010
11011001110,10110101010,00011110111,10001111000,01101101011,11000100101,01100111110,01010111001,11111110000,00111101100,10100011101
11011100010,01101011100,01110010011,10011001111,00010111110,01001111001,11100101111,10110011000,11010110101,00111100101,10101110111
00010110011,10101101010,11101110001,01110111100,01101011111,01110000011,11000100111,10110011001,11011010110,01011101001,00111100101
01110111101,00111100011,11111010110,10101111000,01101001110,01010111010,10110101110,10110011011,11100100011,11011001001,10001110111
