INFO - 11/17/25 15:42:33 - 0:00:00 - ============ Initialized logger ============
INFO - 11/17/25 15:42:33 - 0:00:00 - batch_size: 32
                                     command: python fc_loop.py --exp_name=dim18_run_1 --dump_path=/home/yuebi/Project/dim18_run --num_initial_empty_objects=800 --final_database_size=100 --target_db_size=100 --nb_local_searches=800 --max_epochs=20 --type=transformer --max-output-length=305 --sample-only=30000 --max-steps=1500 --n_tokens=15 --n-layer=8 --n-embd=128 --n-embd2=128 --exp_id=1111 --exp_id "1111"
                                     cpu: False
                                     debug: False
                                     debug_slurm: False
                                     dump_path: /home/yuebi/Project/dim18_run/dim18_run_1/1111
                                     exp_id: 1111
                                     exp_name: dim18_run_1
                                     final_database_size: 100
                                     gen_batch_size: 1000
                                     global_rank: 0
                                     is_master: True
                                     is_slurm_job: True
                                     learning_rate: 0.0005
                                     local_rank: 0
                                     master_addr: gpu-6
                                     master_port: -1
                                     max_epochs: 20
                                     max_output_length: 305
                                     max_steps: 1500
                                     multi_gpu: False
                                     multi_node: False
                                     n_embd: 128
                                     n_embd2: 128
                                     n_gpu_per_node: 1
                                     n_head: 8
                                     n_layer: 8
                                     n_nodes: 1
                                     n_tokens: 15
                                     nb_local_searches: 800
                                     nb_threads: 1
                                     node_id: 0
                                     num_initial_empty_objects: 800
                                     num_workers: 8
                                     sample_only: 30000
                                     seed: -1
                                     target_db_size: 100
                                     temperature: 1.0
                                     top_k: -1
                                     type: transformer
                                     weight_decay: 0.01
                                     world_size: 1
INFO - 11/17/25 15:42:33 - 0:00:00 - The experiment will be stored in /home/yuebi/Project/dim18_run/dim18_run_1/1111
                                     
INFO - 11/17/25 15:42:33 - 0:00:00 - Running command: python fc_loop.py --exp_name=dim18_run_1 --dump_path=/home/yuebi/Project/dim18_run --num_initial_empty_objects=800 --final_database_size=100 --target_db_size=100 --nb_local_searches=800 --max_epochs=20 --type=transformer --max-output-length=305 --sample-only=30000 --max-steps=1500 --n_tokens=15 --n-layer=8 --n-embd=128 --n-embd2=128 --exp_id=1111

WARNING - 11/17/25 15:42:33 - 0:00:00 - Signal handler installed.
INFO - 11/17/25 15:42:33 - 0:00:00 - seed: 21583632
INFO - 11/17/25 15:42:33 - 0:00:00 - JULIA_NUM_THREADS is set to 1
INFO - 11/17/25 15:43:47 - 0:01:14 - Created /home/yuebi/Project/dim18_run/dim18_run_1/1111/temp.txt and training tokenizer...
INFO - 11/17/25 15:43:47 - 0:01:14 - Directory '/home/yuebi/Project/dim18_run/dim18_run_1/1111/tokenizer_data' created.
INFO - 11/17/25 15:43:47 - 0:01:14 - File '/home/yuebi/Project/dim18_run/dim18_run_1/1111/temp.txt' has been deleted.
INFO - 11/17/25 15:43:47 - 0:01:14 - 0 / 100
INFO - 11/17/25 15:43:47 - 0:01:14 - initializing at generation: 1
INFO - 11/17/25 15:43:47 - 0:01:14 - number of examples in the dataset: 100
INFO - 11/17/25 15:43:47 - 0:01:14 - max word length: 138
INFO - 11/17/25 15:43:47 - 0:01:14 - number of unique characters in the vocabulary: 15
INFO - 11/17/25 15:43:47 - 0:01:14 - vocabulary:
INFO - 11/17/25 15:43:47 - 0:01:14 - ['V0', 'V1', 'V2', 'V3', 'V4', 'V5', 'V6', 'V7', 'V8', 'V9', 'V10', 'V11', 'V12', 'V13', 'V14']
INFO - 11/17/25 15:43:47 - 0:01:14 - split up the dataset into 90 training examples and 10 test examples
INFO - 11/17/25 15:43:47 - 0:01:14 - dataset determined that: vocab_size=16, block_size=306
INFO - 11/17/25 15:43:47 - 0:01:15 - model #params: 1629696
INFO - 11/17/25 15:43:47 - 0:01:15 - ============ Start of generation 1 ============
INFO - 11/17/25 15:43:47 - 0:01:15 - Memory allocated:  9.08MB, reserved: 10.00MB
INFO - 11/17/25 15:43:47 - 0:01:15 - training
INFO - 11/17/25 15:43:53 - 0:01:20 - step 0 | loss 2.8792 | step time 722.47ms
INFO - 11/17/25 15:44:22 - 0:01:49 - step 100 | loss 1.7170 | step time 295.53ms
INFO - 11/17/25 15:44:52 - 0:02:19 - step 200 | loss 0.6760 | step time 295.51ms
INFO - 11/17/25 15:45:21 - 0:02:49 - step 300 | loss 0.0973 | step time 295.55ms
INFO - 11/17/25 15:45:51 - 0:03:18 - step 400 | loss 0.0415 | step time 295.61ms
INFO - 11/17/25 15:46:20 - 0:03:48 - step 500 | loss 0.0389 | step time 295.57ms
INFO - 11/17/25 15:46:21 - 0:03:48 - step 500 train loss: 0.03871133551001549 test loss: 6.902400970458984
INFO - 11/17/25 15:46:21 - 0:03:48 - test loss 6.902400970458984 is the best so far, saving model to /home/yuebi/Project/dim18_run/dim18_run_1/1111/model.pt
INFO - 11/17/25 15:46:50 - 0:04:18 - step 600 | loss 0.0801 | step time 295.66ms
INFO - 11/17/25 15:47:20 - 0:04:47 - step 700 | loss 0.0375 | step time 295.56ms
INFO - 11/17/25 15:47:49 - 0:05:17 - step 800 | loss 0.0366 | step time 295.59ms
INFO - 11/17/25 15:48:19 - 0:05:46 - step 900 | loss 0.0357 | step time 295.62ms
INFO - 11/17/25 15:48:49 - 0:06:16 - step 1000 | loss 0.0354 | step time 295.59ms
INFO - 11/17/25 15:48:49 - 0:06:16 - step 1000 train loss: 0.03719380497932434 test loss: 7.157321453094482
INFO - 11/17/25 15:49:18 - 0:06:46 - step 1100 | loss 0.0361 | step time 295.56ms
INFO - 11/17/25 15:49:48 - 0:07:15 - step 1200 | loss 0.0382 | step time 295.50ms
INFO - 11/17/25 15:50:18 - 0:07:45 - step 1300 | loss 0.0359 | step time 295.60ms
INFO - 11/17/25 15:50:47 - 0:08:14 - step 1400 | loss 0.0363 | step time 295.63ms
INFO - 11/17/25 15:51:16 - 0:08:44 - Memory allocated:  44.72MB, reserved: 2660.00MB
INFO - 11/17/25 15:51:16 - 0:08:44 - generating
INFO - 11/17/25 18:52:25 - 3:09:52 - distribution of sample lengths: average: 415.8537 max: 959
INFO - 11/17/25 18:52:25 - 3:09:52 - printed 30000 samples
INFO - 11/17/25 18:52:25 - 3:09:52 - decoding
INFO - 11/17/25 18:52:26 - 3:09:53 - Decoding complete. Check the output in /home/yuebi/Project/dim18_run/dim18_run_1/1111/transformer-output-decoded.txt
INFO - 11/17/25 18:52:26 - 3:09:53 - Memory allocated:  44.72MB, reserved: 8640.00MB
INFO - 11/17/25 18:52:26 - 3:09:53 - ============ End of generation 1 ============
INFO - 11/17/25 18:52:26 - 3:09:53 - launching search.jl
INFO - 11/17/25 18:52:26 - 3:09:53 - JULIA_NUM_THREADS is set to 1
INFO - 11/17/25 18:57:47 - 3:15:14 - distribution of scores(all rounds)
INFO - 11/17/25 18:57:47 - 3:15:14 - Score:3411968.0, Count:1
                                     
INFO - 11/17/25 18:57:47 - 3:15:14 - Score:3031476.0, Count:1
                                     
INFO - 11/17/25 18:57:47 - 3:15:14 - Score:3008400.0, Count:1
                                     
INFO - 11/17/25 18:57:47 - 3:15:14 - Score:2967040.0, Count:1
                                     
INFO - 11/17/25 18:57:47 - 3:15:14 - Score:2896896.0, Count:1
                                     
INFO - 11/17/25 18:57:47 - 3:15:14 - Score:2885884.0, Count:1
                                     
INFO - 11/17/25 18:57:47 - 3:15:14 - Score:2873424.0, Count:1
                                     
INFO - 11/17/25 18:57:47 - 3:15:14 - Score:2865684.0, Count:1
                                     
INFO - 11/17/25 18:57:47 - 3:15:14 - Score:2864254.0, Count:1
                                     
INFO - 11/17/25 18:57:47 - 3:15:14 - Score:2854005.0, Count:1
                                     
INFO - 11/17/25 18:57:47 - 3:15:14 - Score:2851287.0, Count:1
                                     
INFO - 11/17/25 18:57:47 - 3:15:14 - Score:2831016.0, Count:1
                                     
INFO - 11/17/25 18:57:47 - 3:15:14 - Score:2828287.0, Count:1
                                     
INFO - 11/17/25 18:57:47 - 3:15:14 - Score:2824040.0, Count:1
                                     
INFO - 11/17/25 18:57:47 - 3:15:14 - Score:2811450.0, Count:1
                                     
INFO - 11/17/25 18:57:47 - 3:15:14 - Score:2807322.0, Count:1
                                     
INFO - 11/17/25 18:57:47 - 3:15:14 - Score:2807190.0, Count:1
                                     
INFO - 11/17/25 18:57:47 - 3:15:14 - Score:2802176.0, Count:1
                                     
INFO - 11/17/25 18:57:47 - 3:15:14 - Score:2800746.0, Count:1
                                     
INFO - 11/17/25 18:57:47 - 3:15:14 - Score:2798640.0, Count:1
                                     
INFO - 11/17/25 18:57:47 - 3:15:14 - Score:2797776.0, Count:1
                                     
INFO - 11/17/25 18:57:47 - 3:15:14 - Score:2792800.0, Count:1
                                     
INFO - 11/17/25 18:57:47 - 3:15:14 - Score:2791401.0, Count:1
                                     
INFO - 11/17/25 18:57:47 - 3:15:14 - Score:2789478.0, Count:1
                                     
INFO - 11/17/25 18:57:47 - 3:15:14 - Score:2784768.0, Count:1
                                     
INFO - 11/17/25 18:57:47 - 3:15:14 - Score:2781283.0, Count:1
                                     
INFO - 11/17/25 18:57:47 - 3:15:14 - Score:2780384.0, Count:1
                                     
INFO - 11/17/25 18:57:47 - 3:15:14 - Score:2776768.0, Count:1
                                     
INFO - 11/17/25 18:57:47 - 3:15:14 - Score:2775659.0, Count:1
                                     
INFO - 11/17/25 18:57:47 - 3:15:14 - Score:2774768.0, Count:1
                                     
INFO - 11/17/25 18:57:47 - 3:15:14 - Score:2774662.0, Count:1
                                     
INFO - 11/17/25 18:57:47 - 3:15:14 - Score:2773948.0, Count:1
                                     
INFO - 11/17/25 18:57:47 - 3:15:14 - Score:2772416.0, Count:1
                                     
INFO - 11/17/25 18:57:47 - 3:15:14 - Score:2765676.0, Count:1
                                     
INFO - 11/17/25 18:57:47 - 3:15:14 - Score:2764785.0, Count:1
                                     
INFO - 11/17/25 18:57:47 - 3:15:14 - Score:2763172.0, Count:1
                                     
INFO - 11/17/25 18:57:47 - 3:15:14 - Score:2762224.0, Count:1
                                     
INFO - 11/17/25 18:57:47 - 3:15:14 - Score:2761692.0, Count:1
                                     
INFO - 11/17/25 18:57:47 - 3:15:14 - Score:2761344.0, Count:1
                                     
INFO - 11/17/25 18:57:47 - 3:15:14 - Score:2761191.0, Count:1
                                     
INFO - 11/17/25 18:57:47 - 3:15:14 - Score:2756608.0, Count:1
                                     
INFO - 11/17/25 18:57:47 - 3:15:14 - Score:2756283.0, Count:1
                                     
INFO - 11/17/25 18:57:47 - 3:15:14 - Score:2753364.0, Count:1
                                     
INFO - 11/17/25 18:57:47 - 3:15:14 - Score:2750976.0, Count:1
                                     
INFO - 11/17/25 18:57:47 - 3:15:14 - Score:2750346.0, Count:1
                                     
INFO - 11/17/25 18:57:47 - 3:15:14 - Score:2748055.0, Count:1
                                     
INFO - 11/17/25 18:57:47 - 3:15:14 - Score:2746887.0, Count:1
                                     
INFO - 11/17/25 18:57:47 - 3:15:14 - Score:2743964.0, Count:1
                                     
INFO - 11/17/25 18:57:47 - 3:15:14 - Score:2742285.0, Count:1
                                     
INFO - 11/17/25 18:57:47 - 3:15:14 - Score:2738832.0, Count:1
                                     
INFO - 11/17/25 18:57:47 - 3:15:14 - Score:2733604.0, Count:1
                                     
INFO - 11/17/25 18:57:47 - 3:15:14 - Score:2730868.0, Count:1
                                     
INFO - 11/17/25 18:57:47 - 3:15:14 - Score:2727508.0, Count:1
                                     
INFO - 11/17/25 18:57:47 - 3:15:14 - Score:2724343.0, Count:1
                                     
INFO - 11/17/25 18:57:47 - 3:15:14 - Score:2724300.0, Count:1
                                     
INFO - 11/17/25 18:57:47 - 3:15:14 - Score:2723034.0, Count:1
                                     
INFO - 11/17/25 18:57:47 - 3:15:14 - Score:2715054.0, Count:1
                                     
INFO - 11/17/25 18:57:47 - 3:15:14 - Score:2714964.0, Count:1
                                     
INFO - 11/17/25 18:57:47 - 3:15:14 - Score:2714322.0, Count:1
                                     
INFO - 11/17/25 18:57:47 - 3:15:14 - Score:2712123.0, Count:1
                                     
INFO - 11/17/25 18:57:47 - 3:15:14 - Score:2710640.0, Count:1
                                     
INFO - 11/17/25 18:57:47 - 3:15:14 - Score:2708090.0, Count:1
                                     
INFO - 11/17/25 18:57:47 - 3:15:14 - Score:2707780.0, Count:1
                                     
INFO - 11/17/25 18:57:47 - 3:15:14 - Score:2706692.0, Count:1
                                     
INFO - 11/17/25 18:57:47 - 3:15:14 - Score:2705472.0, Count:1
                                     
INFO - 11/17/25 18:57:47 - 3:15:14 - Score:2704792.0, Count:1
                                     
INFO - 11/17/25 18:57:47 - 3:15:14 - Score:2703276.0, Count:1
                                     
INFO - 11/17/25 18:57:47 - 3:15:14 - Score:2702835.0, Count:1
                                     
INFO - 11/17/25 18:57:47 - 3:15:14 - Score:2702447.0, Count:1
                                     
INFO - 11/17/25 18:57:47 - 3:15:14 - Score:2698560.0, Count:1
                                     
INFO - 11/17/25 18:57:47 - 3:15:14 - Score:2698536.0, Count:1
                                     
INFO - 11/17/25 18:57:47 - 3:15:14 - Score:2698344.0, Count:1
                                     
INFO - 11/17/25 18:57:47 - 3:15:14 - Score:2697072.0, Count:1
                                     
INFO - 11/17/25 18:57:47 - 3:15:14 - Score:2693168.0, Count:1
                                     
INFO - 11/17/25 18:57:47 - 3:15:14 - Score:2692776.0, Count:1
                                     
INFO - 11/17/25 18:57:47 - 3:15:14 - Score:2690392.0, Count:1
                                     
INFO - 11/17/25 18:57:47 - 3:15:14 - Score:2689752.0, Count:1
                                     
INFO - 11/17/25 18:57:47 - 3:15:14 - Score:2689396.0, Count:1
                                     
INFO - 11/17/25 18:57:47 - 3:15:14 - Score:2688880.0, Count:1
                                     
INFO - 11/17/25 18:57:47 - 3:15:14 - Score:2687986.0, Count:1
                                     
INFO - 11/17/25 18:57:47 - 3:15:14 - Score:2685592.0, Count:1
                                     
INFO - 11/17/25 18:57:47 - 3:15:14 - Score:2685244.0, Count:1
                                     
INFO - 11/17/25 18:57:47 - 3:15:14 - Score:2684082.0, Count:1
                                     
INFO - 11/17/25 18:57:47 - 3:15:14 - Score:2683140.0, Count:1
                                     
INFO - 11/17/25 18:57:47 - 3:15:14 - Score:2681669.0, Count:1
                                     
INFO - 11/17/25 18:57:47 - 3:15:14 - Score:2680296.0, Count:1
                                     
INFO - 11/17/25 18:57:47 - 3:15:14 - Score:2679130.0, Count:1
                                     
INFO - 11/17/25 18:57:47 - 3:15:14 - Score:2677892.0, Count:1
                                     
INFO - 11/17/25 18:57:47 - 3:15:14 - Score:2675258.0, Count:1
                                     
INFO - 11/17/25 18:57:47 - 3:15:14 - Score:2675253.0, Count:1
                                     
INFO - 11/17/25 18:57:47 - 3:15:14 - Score:2674820.0, Count:1
                                     
INFO - 11/17/25 18:57:47 - 3:15:14 - Score:2673804.0, Count:1
                                     
INFO - 11/17/25 18:57:47 - 3:15:14 - Score:2672682.0, Count:1
                                     
INFO - 11/17/25 18:57:47 - 3:15:14 - Score:2672420.0, Count:1
                                     
INFO - 11/17/25 18:57:47 - 3:15:14 - Score:2672013.0, Count:1
                                     
INFO - 11/17/25 18:57:47 - 3:15:14 - Score:2671636.0, Count:1
                                     
INFO - 11/17/25 18:57:47 - 3:15:14 - Score:2668248.0, Count:1
                                     
INFO - 11/17/25 18:57:47 - 3:15:14 - Score:2668222.0, Count:1
                                     
INFO - 11/17/25 18:57:47 - 3:15:14 - Score:2666970.0, Count:1
                                     
INFO - 11/17/25 18:57:47 - 3:15:14 - Score:2664920.0, Count:1
                                     
INFO - 11/17/25 18:57:47 - 3:15:14 - Score:2664544.0, Count:0
                                     
INFO - 11/17/25 18:57:47 - 3:15:14 - tokenizing
INFO - 11/17/25 18:57:47 - 3:15:14 - Loading tokenizer from /home/yuebi/Project/dim18_run/dim18_run_1/1111/tokenizer_data/tokenizer.json...
INFO - 11/17/25 18:57:47 - 3:15:14 - 0 / 100
INFO - 11/17/25 18:57:47 - 3:15:14 - number of examples in the dataset: 100
INFO - 11/17/25 18:57:47 - 3:15:14 - max word length: 138
INFO - 11/17/25 18:57:47 - 3:15:14 - number of unique characters in the vocabulary: 15
INFO - 11/17/25 18:57:47 - 3:15:14 - vocabulary:
INFO - 11/17/25 18:57:47 - 3:15:14 - ['V0', 'V1', 'V2', 'V3', 'V4', 'V5', 'V6', 'V7', 'V8', 'V9', 'V10', 'V11', 'V12', 'V13', 'V14']
INFO - 11/17/25 18:57:47 - 3:15:14 - split up the dataset into 90 training examples and 10 test examples
INFO - 11/17/25 18:57:47 - 3:15:14 - ============ Start of generation 2 ============
INFO - 11/17/25 18:57:47 - 3:15:14 - Memory allocated:  44.72MB, reserved: 8640.00MB
INFO - 11/17/25 18:57:47 - 3:15:14 - training
INFO - 11/17/25 18:57:47 - 3:15:14 - step 0 | loss 0.8885 | step time 303.39ms
INFO - 11/17/25 18:58:17 - 3:15:44 - step 100 | loss 0.0600 | step time 296.07ms
INFO - 11/17/25 18:58:46 - 3:16:14 - step 200 | loss 0.0373 | step time 296.34ms
INFO - 11/17/25 18:59:16 - 3:16:43 - step 300 | loss 0.0388 | step time 295.89ms
INFO - 11/17/25 18:59:46 - 3:17:13 - step 400 | loss 0.0382 | step time 296.32ms
INFO - 11/17/25 19:00:15 - 3:17:43 - step 500 | loss 0.0365 | step time 296.53ms
INFO - 11/17/25 19:00:16 - 3:17:43 - step 500 train loss: 0.036729127168655396 test loss: 2.443453550338745
INFO - 11/17/25 19:00:16 - 3:17:43 - test loss 2.443453550338745 is the best so far, saving model to /home/yuebi/Project/dim18_run/dim18_run_1/1111/model.pt
INFO - 11/17/25 19:00:45 - 3:18:12 - step 600 | loss 0.0351 | step time 296.58ms
INFO - 11/17/25 19:01:15 - 3:18:42 - step 700 | loss 0.0364 | step time 295.96ms
INFO - 11/17/25 19:01:44 - 3:19:12 - step 800 | loss 0.0361 | step time 295.96ms
INFO - 11/17/25 19:02:14 - 3:19:41 - step 900 | loss 0.0376 | step time 295.85ms
INFO - 11/17/25 19:02:44 - 3:20:11 - step 1000 | loss 0.0348 | step time 295.89ms
INFO - 11/17/25 19:02:44 - 3:20:11 - step 1000 train loss: 0.03687383979558945 test loss: 2.7053165435791016
INFO - 11/17/25 19:03:13 - 3:20:41 - step 1100 | loss 0.0356 | step time 295.84ms
INFO - 11/17/25 19:03:43 - 3:21:10 - step 1200 | loss 0.1433 | step time 295.90ms
INFO - 11/17/25 19:04:13 - 3:21:40 - step 1300 | loss 0.0355 | step time 295.86ms
INFO - 11/17/25 19:04:42 - 3:22:10 - step 1400 | loss 0.0363 | step time 295.85ms
INFO - 11/17/25 19:05:12 - 3:22:39 - Memory allocated:  44.72MB, reserved: 8640.00MB
INFO - 11/17/25 19:05:12 - 3:22:39 - generating
INFO - 11/17/25 19:42:59 - 0:00:00 - ============ Initialized logger ============
INFO - 11/17/25 19:42:59 - 0:00:00 - batch_size: 32
                                     command: python fc_loop.py --exp_name=dim18_run_1 --dump_path=/home/yuebi/Project/dim18_run --num_initial_empty_objects=800 --final_database_size=100 --target_db_size=100 --nb_local_searches=800 --max_epochs=20 --type=transformer --max-output-length=305 --sample-only=30000 --max-steps=1500 --n_tokens=15 --n-layer=8 --n-embd=128 --n-embd2=128 --exp_id=1111 --exp_id "1111"
                                     cpu: False
                                     debug: False
                                     debug_slurm: False
                                     dump_path: /home/yuebi/Project/dim18_run/dim18_run_1/1111
                                     exp_id: 1111
                                     exp_name: dim18_run_1
                                     final_database_size: 100
                                     gen_batch_size: 1000
                                     global_rank: 0
                                     is_master: True
                                     is_slurm_job: True
                                     learning_rate: 0.0005
                                     local_rank: 0
                                     master_addr: gpu-6
                                     master_port: -1
                                     max_epochs: 20
                                     max_output_length: 305
                                     max_steps: 1500
                                     multi_gpu: False
                                     multi_node: False
                                     n_embd: 128
                                     n_embd2: 128
                                     n_gpu_per_node: 1
                                     n_head: 8
                                     n_layer: 8
                                     n_nodes: 1
                                     n_tokens: 15
                                     nb_local_searches: 800
                                     nb_threads: 1
                                     node_id: 0
                                     num_initial_empty_objects: 800
                                     num_workers: 8
                                     sample_only: 30000
                                     seed: -1
                                     target_db_size: 100
                                     temperature: 1.0
                                     top_k: -1
                                     type: transformer
                                     weight_decay: 0.01
                                     world_size: 1
INFO - 11/17/25 19:42:59 - 0:00:00 - The experiment will be stored in /home/yuebi/Project/dim18_run/dim18_run_1/1111
                                     
INFO - 11/17/25 19:42:59 - 0:00:00 - Running command: python fc_loop.py --exp_name=dim18_run_1 --dump_path=/home/yuebi/Project/dim18_run --num_initial_empty_objects=800 --final_database_size=100 --target_db_size=100 --nb_local_searches=800 --max_epochs=20 --type=transformer --max-output-length=305 --sample-only=30000 --max-steps=1500 --n_tokens=15 --n-layer=8 --n-embd=128 --n-embd2=128 --exp_id=1111

WARNING - 11/17/25 19:42:59 - 0:00:00 - Signal handler installed.
INFO - 11/17/25 19:42:59 - 0:00:00 - seed: 889490664
INFO - 11/17/25 19:42:59 - 0:00:00 - initializing at generation: 2
INFO - 11/17/25 19:42:59 - 0:00:00 - number of examples in the dataset: 100
INFO - 11/17/25 19:42:59 - 0:00:00 - max word length: 138
INFO - 11/17/25 19:42:59 - 0:00:00 - number of unique characters in the vocabulary: 15
INFO - 11/17/25 19:42:59 - 0:00:00 - vocabulary:
INFO - 11/17/25 19:42:59 - 0:00:00 - ['V0', 'V1', 'V2', 'V3', 'V4', 'V5', 'V6', 'V7', 'V8', 'V9', 'V10', 'V11', 'V12', 'V13', 'V14']
INFO - 11/17/25 19:42:59 - 0:00:00 - split up the dataset into 90 training examples and 10 test examples
INFO - 11/17/25 19:42:59 - 0:00:00 - dataset determined that: vocab_size=16, block_size=306
INFO - 11/17/25 19:42:59 - 0:00:00 - model #params: 1629696
INFO - 11/17/25 19:42:59 - 0:00:00 - resuming from existing model
INFO - 11/17/25 19:42:59 - 0:00:00 - ============ Start of generation 2 ============
INFO - 11/17/25 19:42:59 - 0:00:00 - Memory allocated:  9.08MB, reserved: 20.00MB
INFO - 11/17/25 19:42:59 - 0:00:00 - training
INFO - 11/17/25 19:43:05 - 0:00:06 - step 0 | loss 0.1971 | step time 631.18ms
INFO - 11/17/25 19:43:34 - 0:00:35 - step 100 | loss 0.0373 | step time 295.67ms
INFO - 11/17/25 19:44:04 - 0:01:05 - step 200 | loss 0.0354 | step time 295.48ms
INFO - 11/17/25 19:44:33 - 0:01:34 - step 300 | loss 0.0392 | step time 295.53ms
INFO - 11/17/25 19:45:03 - 0:02:04 - step 400 | loss 0.0351 | step time 295.55ms
INFO - 11/17/25 19:45:32 - 0:02:33 - step 500 | loss 0.0360 | step time 295.44ms
INFO - 11/17/25 19:45:33 - 0:02:34 - step 500 train loss: 0.03661256283521652 test loss: 0.41677218675613403
INFO - 11/17/25 19:45:33 - 0:02:34 - test loss 0.41677218675613403 is the best so far, saving model to /home/yuebi/Project/dim18_run/dim18_run_1/1111/model.pt
INFO - 11/17/25 19:46:02 - 0:03:03 - step 600 | loss 0.0357 | step time 295.52ms
INFO - 11/17/25 19:46:32 - 0:03:33 - step 700 | loss 0.0385 | step time 295.39ms
INFO - 11/17/25 19:47:01 - 0:04:02 - step 800 | loss 0.0365 | step time 295.61ms
INFO - 11/17/25 19:47:31 - 0:04:32 - step 900 | loss 0.0359 | step time 295.49ms
INFO - 11/17/25 19:48:00 - 0:05:02 - step 1000 | loss 0.0360 | step time 295.43ms
INFO - 11/17/25 19:48:01 - 0:05:02 - step 1000 train loss: 0.03576577454805374 test loss: 0.7098317742347717
INFO - 11/17/25 19:48:30 - 0:05:31 - step 1100 | loss 0.0357 | step time 295.43ms
INFO - 11/17/25 19:49:00 - 0:06:01 - step 1200 | loss 0.0368 | step time 295.43ms
INFO - 11/17/25 19:49:29 - 0:06:30 - step 1300 | loss 0.0347 | step time 295.50ms
INFO - 11/17/25 19:49:59 - 0:07:00 - step 1400 | loss 0.0361 | step time 295.45ms
INFO - 11/17/25 19:50:28 - 0:07:29 - Memory allocated:  44.72MB, reserved: 2660.00MB
INFO - 11/17/25 19:50:28 - 0:07:29 - generating
INFO - 11/17/25 22:51:40 - 3:08:41 - distribution of sample lengths: average: 414.9837333333333 max: 437
INFO - 11/17/25 22:51:40 - 3:08:41 - printed 30000 samples
INFO - 11/17/25 22:51:40 - 3:08:41 - decoding
INFO - 11/17/25 22:51:41 - 3:08:42 - Decoding complete. Check the output in /home/yuebi/Project/dim18_run/dim18_run_1/1111/transformer-output-decoded.txt
INFO - 11/17/25 22:51:41 - 3:08:42 - Memory allocated:  44.72MB, reserved: 8638.00MB
INFO - 11/17/25 22:51:41 - 3:08:42 - ============ End of generation 2 ============
INFO - 11/17/25 22:51:41 - 3:08:42 - launching search.jl
INFO - 11/17/25 22:51:41 - 3:08:42 - JULIA_NUM_THREADS is set to 1
INFO - 11/17/25 22:57:22 - 3:14:23 - distribution of scores(all rounds)
INFO - 11/17/25 22:57:22 - 3:14:23 - Score:3411968.0, Count:2
                                     
INFO - 11/17/25 22:57:22 - 3:14:23 - Score:3031476.0, Count:2
                                     
INFO - 11/17/25 22:57:22 - 3:14:23 - Score:3023296.0, Count:1
                                     
INFO - 11/17/25 22:57:22 - 3:14:23 - Score:3008400.0, Count:2
                                     
INFO - 11/17/25 22:57:22 - 3:14:23 - Score:2967040.0, Count:2
                                     
INFO - 11/17/25 22:57:22 - 3:14:23 - Score:2896896.0, Count:2
                                     
INFO - 11/17/25 22:57:22 - 3:14:23 - Score:2885884.0, Count:2
                                     
INFO - 11/17/25 22:57:22 - 3:14:23 - Score:2873424.0, Count:2
                                     
INFO - 11/17/25 22:57:22 - 3:14:23 - Score:2865684.0, Count:2
                                     
INFO - 11/17/25 22:57:22 - 3:14:23 - Score:2864254.0, Count:2
                                     
INFO - 11/17/25 22:57:22 - 3:14:23 - Score:2854005.0, Count:2
                                     
INFO - 11/17/25 22:57:22 - 3:14:23 - Score:2851287.0, Count:2
                                     
INFO - 11/17/25 22:57:22 - 3:14:23 - Score:2833872.0, Count:1
                                     
INFO - 11/17/25 22:57:22 - 3:14:23 - Score:2831016.0, Count:2
                                     
INFO - 11/17/25 22:57:22 - 3:14:23 - Score:2828287.0, Count:2
                                     
INFO - 11/17/25 22:57:22 - 3:14:23 - Score:2824040.0, Count:2
                                     
INFO - 11/17/25 22:57:22 - 3:14:23 - Score:2821140.0, Count:1
                                     
INFO - 11/17/25 22:57:22 - 3:14:23 - Score:2811450.0, Count:2
                                     
INFO - 11/17/25 22:57:22 - 3:14:23 - Score:2807322.0, Count:2
                                     
INFO - 11/17/25 22:57:22 - 3:14:23 - Score:2807190.0, Count:2
                                     
INFO - 11/17/25 22:57:22 - 3:14:23 - Score:2802176.0, Count:2
                                     
INFO - 11/17/25 22:57:22 - 3:14:23 - Score:2800746.0, Count:2
                                     
INFO - 11/17/25 22:57:22 - 3:14:23 - Score:2798640.0, Count:2
                                     
INFO - 11/17/25 22:57:22 - 3:14:23 - Score:2797776.0, Count:2
                                     
INFO - 11/17/25 22:57:22 - 3:14:23 - Score:2796304.0, Count:1
                                     
INFO - 11/17/25 22:57:22 - 3:14:23 - Score:2794112.0, Count:1
                                     
INFO - 11/17/25 22:57:22 - 3:14:23 - Score:2792800.0, Count:2
                                     
INFO - 11/17/25 22:57:22 - 3:14:23 - Score:2791401.0, Count:2
                                     
INFO - 11/17/25 22:57:22 - 3:14:23 - Score:2789478.0, Count:2
                                     
INFO - 11/17/25 22:57:22 - 3:14:23 - Score:2786839.0, Count:1
                                     
INFO - 11/17/25 22:57:22 - 3:14:23 - Score:2784768.0, Count:2
                                     
INFO - 11/17/25 22:57:22 - 3:14:23 - Score:2781283.0, Count:2
                                     
INFO - 11/17/25 22:57:22 - 3:14:23 - Score:2780384.0, Count:2
                                     
INFO - 11/17/25 22:57:22 - 3:14:23 - Score:2776768.0, Count:2
                                     
INFO - 11/17/25 22:57:22 - 3:14:23 - Score:2775659.0, Count:2
                                     
INFO - 11/17/25 22:57:22 - 3:14:23 - Score:2774768.0, Count:2
                                     
INFO - 11/17/25 22:57:22 - 3:14:23 - Score:2774662.0, Count:2
                                     
INFO - 11/17/25 22:57:22 - 3:14:23 - Score:2773948.0, Count:2
                                     
INFO - 11/17/25 22:57:22 - 3:14:23 - Score:2772416.0, Count:2
                                     
INFO - 11/17/25 22:57:22 - 3:14:23 - Score:2765676.0, Count:2
                                     
INFO - 11/17/25 22:57:22 - 3:14:23 - Score:2764785.0, Count:2
                                     
INFO - 11/17/25 22:57:22 - 3:14:23 - Score:2763172.0, Count:2
                                     
INFO - 11/17/25 22:57:22 - 3:14:23 - Score:2762224.0, Count:2
                                     
INFO - 11/17/25 22:57:22 - 3:14:23 - Score:2761692.0, Count:2
                                     
INFO - 11/17/25 22:57:22 - 3:14:23 - Score:2761344.0, Count:2
                                     
INFO - 11/17/25 22:57:22 - 3:14:23 - Score:2761191.0, Count:2
                                     
INFO - 11/17/25 22:57:22 - 3:14:23 - Score:2758084.0, Count:1
                                     
INFO - 11/17/25 22:57:22 - 3:14:23 - Score:2756608.0, Count:2
                                     
INFO - 11/17/25 22:57:22 - 3:14:23 - Score:2756283.0, Count:2
                                     
INFO - 11/17/25 22:57:22 - 3:14:23 - Score:2753364.0, Count:2
                                     
INFO - 11/17/25 22:57:22 - 3:14:23 - Score:2750976.0, Count:2
                                     
INFO - 11/17/25 22:57:22 - 3:14:23 - Score:2750346.0, Count:2
                                     
INFO - 11/17/25 22:57:22 - 3:14:23 - Score:2748055.0, Count:2
                                     
INFO - 11/17/25 22:57:22 - 3:14:23 - Score:2746887.0, Count:1
                                     
INFO - 11/17/25 22:57:22 - 3:14:23 - tokenizing
INFO - 11/17/25 22:57:22 - 3:14:23 - Loading tokenizer from /home/yuebi/Project/dim18_run/dim18_run_1/1111/tokenizer_data/tokenizer.json...
INFO - 11/17/25 22:57:22 - 3:14:23 - 0 / 100
INFO - 11/17/25 22:57:22 - 3:14:23 - number of examples in the dataset: 100
INFO - 11/17/25 22:57:22 - 3:14:23 - max word length: 138
INFO - 11/17/25 22:57:22 - 3:14:23 - number of unique characters in the vocabulary: 15
INFO - 11/17/25 22:57:22 - 3:14:23 - vocabulary:
INFO - 11/17/25 22:57:22 - 3:14:23 - ['V0', 'V1', 'V2', 'V3', 'V4', 'V5', 'V6', 'V7', 'V8', 'V9', 'V10', 'V11', 'V12', 'V13', 'V14']
INFO - 11/17/25 22:57:22 - 3:14:23 - split up the dataset into 90 training examples and 10 test examples
INFO - 11/17/25 22:57:22 - 3:14:23 - ============ Start of generation 3 ============
INFO - 11/17/25 22:57:22 - 3:14:23 - Memory allocated:  44.72MB, reserved: 8638.00MB
INFO - 11/17/25 22:57:22 - 3:14:23 - training
INFO - 11/17/25 22:57:23 - 3:14:24 - step 0 | loss 0.2137 | step time 303.11ms
INFO - 11/17/25 22:57:52 - 3:14:53 - step 100 | loss 0.0410 | step time 296.00ms
INFO - 11/17/25 22:58:22 - 3:15:23 - step 200 | loss 0.0379 | step time 296.11ms
INFO - 11/17/25 22:58:52 - 3:15:53 - step 300 | loss 0.0362 | step time 296.14ms
INFO - 11/17/25 22:59:21 - 3:16:22 - step 400 | loss 0.0370 | step time 295.88ms
INFO - 11/17/25 22:59:51 - 3:16:52 - step 500 | loss 0.0399 | step time 296.05ms
INFO - 11/17/25 22:59:51 - 3:16:52 - step 500 train loss: 0.040073949843645096 test loss: 0.7441604733467102
INFO - 11/17/25 22:59:51 - 3:16:52 - test loss 0.7441604733467102 is the best so far, saving model to /home/yuebi/Project/dim18_run/dim18_run_1/1111/model.pt
INFO - 11/17/25 23:00:21 - 3:17:22 - step 600 | loss 0.0347 | step time 296.03ms
INFO - 11/17/25 23:00:50 - 3:17:51 - step 700 | loss 0.0349 | step time 295.89ms
INFO - 11/17/25 23:01:20 - 3:18:21 - step 800 | loss 0.0356 | step time 296.02ms
INFO - 11/17/25 23:01:49 - 3:18:51 - step 900 | loss 0.0364 | step time 295.99ms
INFO - 11/17/25 23:02:19 - 3:19:20 - step 1000 | loss 0.0465 | step time 296.04ms
INFO - 11/17/25 23:02:19 - 3:19:20 - step 1000 train loss: 0.052669502794742584 test loss: 1.0790014266967773
INFO - 11/17/25 23:02:49 - 3:19:50 - step 1100 | loss 0.0355 | step time 296.05ms
INFO - 11/17/25 23:03:19 - 3:20:20 - step 1200 | loss 0.0355 | step time 296.03ms
INFO - 11/17/25 23:03:48 - 3:20:49 - step 1300 | loss 0.0345 | step time 295.95ms
INFO - 11/17/25 23:04:18 - 3:21:19 - step 1400 | loss 0.0373 | step time 295.91ms
INFO - 11/17/25 23:04:47 - 3:21:48 - Memory allocated:  44.72MB, reserved: 8638.00MB
INFO - 11/17/25 23:04:47 - 3:21:48 - generating
INFO - 11/17/25 23:43:04 - 0:00:00 - ============ Initialized logger ============
INFO - 11/17/25 23:43:04 - 0:00:00 - batch_size: 32
                                     command: python fc_loop.py --exp_name=dim18_run_1 --dump_path=/home/yuebi/Project/dim18_run --num_initial_empty_objects=800 --final_database_size=100 --target_db_size=100 --nb_local_searches=800 --max_epochs=20 --type=transformer --max-output-length=305 --sample-only=30000 --max-steps=1500 --n_tokens=15 --n-layer=8 --n-embd=128 --n-embd2=128 --exp_id=1111 --exp_id "1111"
                                     cpu: False
                                     debug: False
                                     debug_slurm: False
                                     dump_path: /home/yuebi/Project/dim18_run/dim18_run_1/1111
                                     exp_id: 1111
                                     exp_name: dim18_run_1
                                     final_database_size: 100
                                     gen_batch_size: 1000
                                     global_rank: 0
                                     is_master: True
                                     is_slurm_job: True
                                     learning_rate: 0.0005
                                     local_rank: 0
                                     master_addr: gpu-6
                                     master_port: -1
                                     max_epochs: 20
                                     max_output_length: 305
                                     max_steps: 1500
                                     multi_gpu: False
                                     multi_node: False
                                     n_embd: 128
                                     n_embd2: 128
                                     n_gpu_per_node: 1
                                     n_head: 8
                                     n_layer: 8
                                     n_nodes: 1
                                     n_tokens: 15
                                     nb_local_searches: 800
                                     nb_threads: 1
                                     node_id: 0
                                     num_initial_empty_objects: 800
                                     num_workers: 8
                                     sample_only: 30000
                                     seed: -1
                                     target_db_size: 100
                                     temperature: 1.0
                                     top_k: -1
                                     type: transformer
                                     weight_decay: 0.01
                                     world_size: 1
INFO - 11/17/25 23:43:04 - 0:00:00 - The experiment will be stored in /home/yuebi/Project/dim18_run/dim18_run_1/1111
                                     
INFO - 11/17/25 23:43:04 - 0:00:00 - Running command: python fc_loop.py --exp_name=dim18_run_1 --dump_path=/home/yuebi/Project/dim18_run --num_initial_empty_objects=800 --final_database_size=100 --target_db_size=100 --nb_local_searches=800 --max_epochs=20 --type=transformer --max-output-length=305 --sample-only=30000 --max-steps=1500 --n_tokens=15 --n-layer=8 --n-embd=128 --n-embd2=128 --exp_id=1111

WARNING - 11/17/25 23:43:04 - 0:00:00 - Signal handler installed.
INFO - 11/17/25 23:43:04 - 0:00:00 - seed: 957377333
INFO - 11/17/25 23:43:04 - 0:00:00 - initializing at generation: 3
INFO - 11/17/25 23:43:04 - 0:00:00 - number of examples in the dataset: 100
INFO - 11/17/25 23:43:04 - 0:00:00 - max word length: 138
INFO - 11/17/25 23:43:04 - 0:00:00 - number of unique characters in the vocabulary: 15
INFO - 11/17/25 23:43:04 - 0:00:00 - vocabulary:
INFO - 11/17/25 23:43:04 - 0:00:00 - ['V0', 'V1', 'V2', 'V3', 'V4', 'V5', 'V6', 'V7', 'V8', 'V9', 'V10', 'V11', 'V12', 'V13', 'V14']
INFO - 11/17/25 23:43:04 - 0:00:00 - split up the dataset into 90 training examples and 10 test examples
INFO - 11/17/25 23:43:04 - 0:00:00 - dataset determined that: vocab_size=16, block_size=306
INFO - 11/17/25 23:43:04 - 0:00:00 - model #params: 1629696
INFO - 11/17/25 23:43:04 - 0:00:00 - resuming from existing model
INFO - 11/17/25 23:43:04 - 0:00:00 - ============ Start of generation 3 ============
INFO - 11/17/25 23:43:04 - 0:00:00 - Memory allocated:  9.08MB, reserved: 20.00MB
INFO - 11/17/25 23:43:04 - 0:00:00 - training
INFO - 11/17/25 23:43:09 - 0:00:05 - step 0 | loss 0.2942 | step time 616.45ms
INFO - 11/17/25 23:43:38 - 0:00:35 - step 100 | loss 0.0367 | step time 295.46ms
INFO - 11/17/25 23:44:08 - 0:01:04 - step 200 | loss 0.0353 | step time 295.55ms
INFO - 11/17/25 23:44:38 - 0:01:34 - step 300 | loss 0.0760 | step time 295.68ms
INFO - 11/17/25 23:45:07 - 0:02:03 - step 400 | loss 0.0352 | step time 295.38ms
INFO - 11/17/25 23:45:37 - 0:02:33 - step 500 | loss 0.0360 | step time 295.62ms
INFO - 11/17/25 23:45:37 - 0:02:33 - step 500 train loss: 0.03515533357858658 test loss: 0.22969001531600952
INFO - 11/17/25 23:45:37 - 0:02:33 - test loss 0.22969001531600952 is the best so far, saving model to /home/yuebi/Project/dim18_run/dim18_run_1/1111/model.pt
INFO - 11/17/25 23:46:07 - 0:03:03 - step 600 | loss 0.0352 | step time 295.73ms
INFO - 11/17/25 23:46:36 - 0:03:32 - step 700 | loss 0.0356 | step time 295.52ms
INFO - 11/17/25 23:47:06 - 0:04:02 - step 800 | loss 0.0357 | step time 295.69ms
INFO - 11/17/25 23:47:35 - 0:04:31 - step 900 | loss 0.0356 | step time 295.53ms
INFO - 11/17/25 23:48:05 - 0:05:01 - step 1000 | loss 0.0352 | step time 295.39ms
INFO - 11/17/25 23:48:05 - 0:05:01 - step 1000 train loss: 0.035210948437452316 test loss: 0.40277016162872314
INFO - 11/17/25 23:48:35 - 0:05:31 - step 1100 | loss 0.0362 | step time 295.75ms
INFO - 11/17/25 23:49:04 - 0:06:00 - step 1200 | loss 0.0350 | step time 295.70ms
INFO - 11/17/25 23:49:34 - 0:06:30 - step 1300 | loss 0.0372 | step time 295.83ms
INFO - 11/17/25 23:50:03 - 0:06:59 - step 1400 | loss 0.0354 | step time 295.76ms
INFO - 11/17/25 23:50:33 - 0:07:29 - Memory allocated:  44.72MB, reserved: 2660.00MB
INFO - 11/17/25 23:50:33 - 0:07:29 - generating
INFO - 11/18/25 02:51:41 - 3:08:37 - distribution of sample lengths: average: 417.1278 max: 959
INFO - 11/18/25 02:51:41 - 3:08:37 - printed 30000 samples
INFO - 11/18/25 02:51:41 - 3:08:37 - decoding
INFO - 11/18/25 02:51:42 - 3:08:38 - Decoding complete. Check the output in /home/yuebi/Project/dim18_run/dim18_run_1/1111/transformer-output-decoded.txt
INFO - 11/18/25 02:51:42 - 3:08:38 - Memory allocated:  44.72MB, reserved: 8638.00MB
INFO - 11/18/25 02:51:42 - 3:08:38 - ============ End of generation 3 ============
INFO - 11/18/25 02:51:42 - 3:08:38 - launching search.jl
INFO - 11/18/25 02:51:42 - 3:08:38 - JULIA_NUM_THREADS is set to 1
INFO - 11/18/25 02:57:31 - 3:14:27 - distribution of scores(all rounds)
INFO - 11/18/25 02:57:31 - 3:14:27 - Score:3411968.0, Count:3
                                     
INFO - 11/18/25 02:57:31 - 3:14:27 - Score:3031476.0, Count:3
                                     
INFO - 11/18/25 02:57:31 - 3:14:27 - Score:3023296.0, Count:2
                                     
INFO - 11/18/25 02:57:31 - 3:14:27 - Score:3008400.0, Count:3
                                     
INFO - 11/18/25 02:57:31 - 3:14:27 - Score:2993192.0, Count:1
                                     
INFO - 11/18/25 02:57:31 - 3:14:27 - Score:2967040.0, Count:3
                                     
INFO - 11/18/25 02:57:31 - 3:14:27 - Score:2896896.0, Count:3
                                     
INFO - 11/18/25 02:57:31 - 3:14:27 - Score:2885884.0, Count:3
                                     
INFO - 11/18/25 02:57:31 - 3:14:27 - Score:2873424.0, Count:3
                                     
INFO - 11/18/25 02:57:31 - 3:14:27 - Score:2865684.0, Count:3
                                     
INFO - 11/18/25 02:57:31 - 3:14:27 - Score:2864416.0, Count:1
                                     
INFO - 11/18/25 02:57:31 - 3:14:27 - Score:2864254.0, Count:3
                                     
INFO - 11/18/25 02:57:31 - 3:14:27 - Score:2854005.0, Count:3
                                     
INFO - 11/18/25 02:57:31 - 3:14:27 - Score:2851287.0, Count:3
                                     
INFO - 11/18/25 02:57:31 - 3:14:27 - Score:2833872.0, Count:2
                                     
INFO - 11/18/25 02:57:31 - 3:14:27 - Score:2831016.0, Count:3
                                     
INFO - 11/18/25 02:57:31 - 3:14:27 - Score:2828287.0, Count:3
                                     
INFO - 11/18/25 02:57:31 - 3:14:27 - Score:2824040.0, Count:3
                                     
INFO - 11/18/25 02:57:31 - 3:14:27 - Score:2821140.0, Count:2
                                     
INFO - 11/18/25 02:57:31 - 3:14:27 - Score:2815200.0, Count:1
                                     
INFO - 11/18/25 02:57:31 - 3:14:27 - Score:2811450.0, Count:3
                                     
INFO - 11/18/25 02:57:31 - 3:14:27 - Score:2807322.0, Count:3
                                     
INFO - 11/18/25 02:57:31 - 3:14:27 - Score:2807190.0, Count:3
                                     
INFO - 11/18/25 02:57:31 - 3:14:27 - Score:2802176.0, Count:3
                                     
INFO - 11/18/25 02:57:31 - 3:14:27 - Score:2800746.0, Count:3
                                     
INFO - 11/18/25 02:57:31 - 3:14:27 - Score:2798640.0, Count:3
                                     
INFO - 11/18/25 02:57:31 - 3:14:27 - Score:2797776.0, Count:3
                                     
INFO - 11/18/25 02:57:31 - 3:14:27 - Score:2796304.0, Count:2
                                     
INFO - 11/18/25 02:57:31 - 3:14:27 - Score:2794112.0, Count:2
                                     
INFO - 11/18/25 02:57:31 - 3:14:27 - Score:2792800.0, Count:3
                                     
INFO - 11/18/25 02:57:31 - 3:14:27 - Score:2791401.0, Count:3
                                     
INFO - 11/18/25 02:57:31 - 3:14:27 - Score:2789478.0, Count:3
                                     
INFO - 11/18/25 02:57:31 - 3:14:27 - Score:2786839.0, Count:2
                                     
INFO - 11/18/25 02:57:31 - 3:14:27 - Score:2784768.0, Count:3
                                     
INFO - 11/18/25 02:57:31 - 3:14:27 - Score:2781283.0, Count:3
                                     
INFO - 11/18/25 02:57:31 - 3:14:27 - Score:2780384.0, Count:3
                                     
INFO - 11/18/25 02:57:31 - 3:14:27 - Score:2776768.0, Count:3
                                     
INFO - 11/18/25 02:57:31 - 3:14:27 - Score:2775659.0, Count:1
                                     
INFO - 11/18/25 02:57:31 - 3:14:27 - tokenizing
INFO - 11/18/25 02:57:31 - 3:14:27 - Loading tokenizer from /home/yuebi/Project/dim18_run/dim18_run_1/1111/tokenizer_data/tokenizer.json...
INFO - 11/18/25 02:57:31 - 3:14:27 - 0 / 100
INFO - 11/18/25 02:57:31 - 3:14:27 - number of examples in the dataset: 100
INFO - 11/18/25 02:57:31 - 3:14:27 - max word length: 138
INFO - 11/18/25 02:57:31 - 3:14:27 - number of unique characters in the vocabulary: 15
INFO - 11/18/25 02:57:31 - 3:14:27 - vocabulary:
INFO - 11/18/25 02:57:31 - 3:14:27 - ['V0', 'V1', 'V2', 'V3', 'V4', 'V5', 'V6', 'V7', 'V8', 'V9', 'V10', 'V11', 'V12', 'V13', 'V14']
INFO - 11/18/25 02:57:31 - 3:14:27 - split up the dataset into 90 training examples and 10 test examples
INFO - 11/18/25 02:57:31 - 3:14:27 - ============ Start of generation 4 ============
INFO - 11/18/25 02:57:31 - 3:14:27 - Memory allocated:  44.72MB, reserved: 8638.00MB
INFO - 11/18/25 02:57:31 - 3:14:27 - training
INFO - 11/18/25 02:57:32 - 3:14:28 - step 0 | loss 1.0860 | step time 302.67ms
INFO - 11/18/25 02:58:01 - 3:14:57 - step 100 | loss 0.0348 | step time 295.90ms
INFO - 11/18/25 02:58:31 - 3:15:27 - step 200 | loss 0.0357 | step time 295.72ms
INFO - 11/18/25 02:59:01 - 3:15:57 - step 300 | loss 0.0347 | step time 295.71ms
INFO - 11/18/25 02:59:30 - 3:16:26 - step 400 | loss 0.0360 | step time 295.70ms
INFO - 11/18/25 03:00:00 - 3:16:56 - step 500 | loss 0.0626 | step time 295.70ms
INFO - 11/18/25 03:00:00 - 3:16:56 - step 500 train loss: 0.06654873490333557 test loss: 0.9933926463127136
INFO - 11/18/25 03:00:00 - 3:16:56 - test loss 0.9933926463127136 is the best so far, saving model to /home/yuebi/Project/dim18_run/dim18_run_1/1111/model.pt
INFO - 11/18/25 03:00:30 - 3:17:26 - step 600 | loss 0.0348 | step time 295.79ms
INFO - 11/18/25 03:00:59 - 3:17:55 - step 700 | loss 0.0346 | step time 296.05ms
INFO - 11/18/25 03:01:29 - 3:18:25 - step 800 | loss 0.0359 | step time 295.83ms
INFO - 11/18/25 03:01:58 - 3:18:54 - step 900 | loss 0.0346 | step time 295.79ms
INFO - 11/18/25 03:02:28 - 3:19:24 - step 1000 | loss 0.0354 | step time 295.76ms
INFO - 11/18/25 03:02:28 - 3:19:24 - step 1000 train loss: 0.03548365458846092 test loss: 1.046305775642395
INFO - 11/18/25 03:02:58 - 3:19:54 - step 1100 | loss 0.0360 | step time 295.87ms
INFO - 11/18/25 03:03:27 - 3:20:23 - step 1200 | loss 0.0364 | step time 295.61ms
INFO - 11/18/25 03:03:57 - 3:20:53 - step 1300 | loss 0.0346 | step time 296.00ms
INFO - 11/18/25 03:04:27 - 3:21:23 - step 1400 | loss 0.0352 | step time 295.94ms
INFO - 11/18/25 03:04:56 - 3:21:52 - Memory allocated:  44.72MB, reserved: 8638.00MB
INFO - 11/18/25 03:04:56 - 3:21:52 - generating
INFO - 11/18/25 03:43:10 - 0:00:00 - ============ Initialized logger ============
INFO - 11/18/25 03:43:10 - 0:00:00 - batch_size: 32
                                     command: python fc_loop.py --exp_name=dim18_run_1 --dump_path=/home/yuebi/Project/dim18_run --num_initial_empty_objects=800 --final_database_size=100 --target_db_size=100 --nb_local_searches=800 --max_epochs=20 --type=transformer --max-output-length=305 --sample-only=30000 --max-steps=1500 --n_tokens=15 --n-layer=8 --n-embd=128 --n-embd2=128 --exp_id=1111 --exp_id "1111"
                                     cpu: False
                                     debug: False
                                     debug_slurm: False
                                     dump_path: /home/yuebi/Project/dim18_run/dim18_run_1/1111
                                     exp_id: 1111
                                     exp_name: dim18_run_1
                                     final_database_size: 100
                                     gen_batch_size: 1000
                                     global_rank: 0
                                     is_master: True
                                     is_slurm_job: True
                                     learning_rate: 0.0005
                                     local_rank: 0
                                     master_addr: gpu-6
                                     master_port: -1
                                     max_epochs: 20
                                     max_output_length: 305
                                     max_steps: 1500
                                     multi_gpu: False
                                     multi_node: False
                                     n_embd: 128
                                     n_embd2: 128
                                     n_gpu_per_node: 1
                                     n_head: 8
                                     n_layer: 8
                                     n_nodes: 1
                                     n_tokens: 15
                                     nb_local_searches: 800
                                     nb_threads: 1
                                     node_id: 0
                                     num_initial_empty_objects: 800
                                     num_workers: 8
                                     sample_only: 30000
                                     seed: -1
                                     target_db_size: 100
                                     temperature: 1.0
                                     top_k: -1
                                     type: transformer
                                     weight_decay: 0.01
                                     world_size: 1
INFO - 11/18/25 03:43:10 - 0:00:00 - The experiment will be stored in /home/yuebi/Project/dim18_run/dim18_run_1/1111
                                     
INFO - 11/18/25 03:43:10 - 0:00:00 - Running command: python fc_loop.py --exp_name=dim18_run_1 --dump_path=/home/yuebi/Project/dim18_run --num_initial_empty_objects=800 --final_database_size=100 --target_db_size=100 --nb_local_searches=800 --max_epochs=20 --type=transformer --max-output-length=305 --sample-only=30000 --max-steps=1500 --n_tokens=15 --n-layer=8 --n-embd=128 --n-embd2=128 --exp_id=1111

WARNING - 11/18/25 03:43:10 - 0:00:00 - Signal handler installed.
INFO - 11/18/25 03:43:10 - 0:00:00 - seed: 837736398
INFO - 11/18/25 03:43:10 - 0:00:00 - initializing at generation: 4
INFO - 11/18/25 03:43:10 - 0:00:00 - number of examples in the dataset: 100
INFO - 11/18/25 03:43:10 - 0:00:00 - max word length: 138
INFO - 11/18/25 03:43:10 - 0:00:00 - number of unique characters in the vocabulary: 15
INFO - 11/18/25 03:43:10 - 0:00:00 - vocabulary:
INFO - 11/18/25 03:43:10 - 0:00:00 - ['V0', 'V1', 'V2', 'V3', 'V4', 'V5', 'V6', 'V7', 'V8', 'V9', 'V10', 'V11', 'V12', 'V13', 'V14']
INFO - 11/18/25 03:43:10 - 0:00:00 - split up the dataset into 90 training examples and 10 test examples
INFO - 11/18/25 03:43:10 - 0:00:00 - dataset determined that: vocab_size=16, block_size=306
INFO - 11/18/25 03:43:10 - 0:00:00 - model #params: 1629696
INFO - 11/18/25 03:43:10 - 0:00:00 - resuming from existing model
INFO - 11/18/25 03:43:10 - 0:00:00 - ============ Start of generation 4 ============
INFO - 11/18/25 03:43:10 - 0:00:00 - Memory allocated:  9.08MB, reserved: 20.00MB
INFO - 11/18/25 03:43:10 - 0:00:00 - training
INFO - 11/18/25 03:43:15 - 0:00:05 - step 0 | loss 0.0977 | step time 630.06ms
INFO - 11/18/25 03:43:45 - 0:00:35 - step 100 | loss 0.0352 | step time 295.61ms
INFO - 11/18/25 03:44:14 - 0:01:04 - step 200 | loss 0.0352 | step time 296.03ms
INFO - 11/18/25 03:44:44 - 0:01:34 - step 300 | loss 0.0359 | step time 295.83ms
INFO - 11/18/25 03:45:13 - 0:02:03 - step 400 | loss 0.0354 | step time 295.74ms
INFO - 11/18/25 03:45:43 - 0:02:33 - step 500 | loss 0.0622 | step time 295.71ms
INFO - 11/18/25 03:45:43 - 0:02:33 - step 500 train loss: 0.05854848399758339 test loss: 0.30937257409095764
INFO - 11/18/25 03:45:43 - 0:02:33 - test loss 0.30937257409095764 is the best so far, saving model to /home/yuebi/Project/dim18_run/dim18_run_1/1111/model.pt
INFO - 11/18/25 03:46:13 - 0:03:03 - step 600 | loss 0.0348 | step time 295.34ms
INFO - 11/18/25 03:46:42 - 0:03:32 - step 700 | loss 0.0360 | step time 295.79ms
INFO - 11/18/25 03:47:12 - 0:04:02 - step 800 | loss 0.0356 | step time 295.97ms
INFO - 11/18/25 03:47:42 - 0:04:32 - step 900 | loss 0.0352 | step time 295.78ms
INFO - 11/18/25 03:48:11 - 0:05:01 - step 1000 | loss 0.0352 | step time 295.66ms
INFO - 11/18/25 03:48:11 - 0:05:02 - step 1000 train loss: 0.03495510667562485 test loss: 0.2971213757991791
INFO - 11/18/25 03:48:11 - 0:05:02 - test loss 0.2971213757991791 is the best so far, saving model to /home/yuebi/Project/dim18_run/dim18_run_1/1111/model.pt
INFO - 11/18/25 03:48:41 - 0:05:31 - step 1100 | loss 0.0366 | step time 295.63ms
INFO - 11/18/25 03:49:11 - 0:06:01 - step 1200 | loss 0.0350 | step time 295.76ms
INFO - 11/18/25 03:49:40 - 0:06:30 - step 1300 | loss 0.0349 | step time 296.05ms
INFO - 11/18/25 03:50:10 - 0:07:00 - step 1400 | loss 0.0340 | step time 295.92ms
INFO - 11/18/25 03:50:39 - 0:07:29 - Memory allocated:  44.72MB, reserved: 2660.00MB
INFO - 11/18/25 03:50:39 - 0:07:29 - generating
INFO - 11/18/25 06:51:47 - 3:08:37 - distribution of sample lengths: average: 416.3326666666667 max: 971
INFO - 11/18/25 06:51:47 - 3:08:37 - printed 30000 samples
INFO - 11/18/25 06:51:47 - 3:08:37 - decoding
INFO - 11/18/25 06:51:48 - 3:08:38 - Decoding complete. Check the output in /home/yuebi/Project/dim18_run/dim18_run_1/1111/transformer-output-decoded.txt
INFO - 11/18/25 06:51:48 - 3:08:38 - Memory allocated:  44.72MB, reserved: 8638.00MB
INFO - 11/18/25 06:51:48 - 3:08:38 - ============ End of generation 4 ============
INFO - 11/18/25 06:51:48 - 3:08:38 - launching search.jl
INFO - 11/18/25 06:51:48 - 3:08:38 - JULIA_NUM_THREADS is set to 1
INFO - 11/18/25 06:57:36 - 3:14:26 - distribution of scores(all rounds)
INFO - 11/18/25 06:57:36 - 3:14:26 - Score:3411968.0, Count:4
                                     
INFO - 11/18/25 06:57:36 - 3:14:26 - Score:3031476.0, Count:4
                                     
INFO - 11/18/25 06:57:36 - 3:14:26 - Score:3023296.0, Count:3
                                     
INFO - 11/18/25 06:57:36 - 3:14:26 - Score:3008400.0, Count:4
                                     
INFO - 11/18/25 06:57:36 - 3:14:26 - Score:2993192.0, Count:2
                                     
INFO - 11/18/25 06:57:36 - 3:14:26 - Score:2967040.0, Count:4
                                     
INFO - 11/18/25 06:57:36 - 3:14:26 - Score:2896896.0, Count:4
                                     
INFO - 11/18/25 06:57:36 - 3:14:26 - Score:2885884.0, Count:4
                                     
INFO - 11/18/25 06:57:36 - 3:14:26 - Score:2873424.0, Count:4
                                     
INFO - 11/18/25 06:57:36 - 3:14:26 - Score:2865684.0, Count:4
                                     
INFO - 11/18/25 06:57:36 - 3:14:26 - Score:2864416.0, Count:2
                                     
INFO - 11/18/25 06:57:36 - 3:14:26 - Score:2864254.0, Count:4
                                     
INFO - 11/18/25 06:57:36 - 3:14:26 - Score:2854005.0, Count:4
                                     
INFO - 11/18/25 06:57:36 - 3:14:26 - Score:2853601.0, Count:1
                                     
INFO - 11/18/25 06:57:36 - 3:14:26 - Score:2851287.0, Count:4
                                     
INFO - 11/18/25 06:57:36 - 3:14:26 - Score:2838192.0, Count:1
                                     
INFO - 11/18/25 06:57:36 - 3:14:26 - Score:2833872.0, Count:3
                                     
INFO - 11/18/25 06:57:36 - 3:14:26 - Score:2831016.0, Count:4
                                     
INFO - 11/18/25 06:57:36 - 3:14:26 - Score:2828287.0, Count:4
                                     
INFO - 11/18/25 06:57:36 - 3:14:26 - Score:2824040.0, Count:4
                                     
INFO - 11/18/25 06:57:36 - 3:14:26 - Score:2821140.0, Count:3
                                     
INFO - 11/18/25 06:57:36 - 3:14:26 - Score:2815200.0, Count:2
                                     
INFO - 11/18/25 06:57:36 - 3:14:26 - Score:2811450.0, Count:4
                                     
INFO - 11/18/25 06:57:36 - 3:14:26 - Score:2807322.0, Count:4
                                     
INFO - 11/18/25 06:57:36 - 3:14:26 - Score:2807190.0, Count:4
                                     
INFO - 11/18/25 06:57:36 - 3:14:26 - Score:2802176.0, Count:4
                                     
INFO - 11/18/25 06:57:36 - 3:14:26 - Score:2800746.0, Count:4
                                     
INFO - 11/18/25 06:57:36 - 3:14:26 - Score:2798640.0, Count:4
                                     
INFO - 11/18/25 06:57:36 - 3:14:26 - Score:2797776.0, Count:3
                                     
INFO - 11/18/25 06:57:36 - 3:14:26 - tokenizing
INFO - 11/18/25 06:57:36 - 3:14:26 - Loading tokenizer from /home/yuebi/Project/dim18_run/dim18_run_1/1111/tokenizer_data/tokenizer.json...
INFO - 11/18/25 06:57:36 - 3:14:26 - 0 / 100
INFO - 11/18/25 06:57:36 - 3:14:26 - number of examples in the dataset: 100
INFO - 11/18/25 06:57:36 - 3:14:26 - max word length: 138
INFO - 11/18/25 06:57:36 - 3:14:26 - number of unique characters in the vocabulary: 15
INFO - 11/18/25 06:57:36 - 3:14:26 - vocabulary:
INFO - 11/18/25 06:57:36 - 3:14:26 - ['V0', 'V1', 'V2', 'V3', 'V4', 'V5', 'V6', 'V7', 'V8', 'V9', 'V10', 'V11', 'V12', 'V13', 'V14']
INFO - 11/18/25 06:57:36 - 3:14:26 - split up the dataset into 90 training examples and 10 test examples
INFO - 11/18/25 06:57:36 - 3:14:26 - ============ Start of generation 5 ============
INFO - 11/18/25 06:57:36 - 3:14:26 - Memory allocated:  44.72MB, reserved: 8638.00MB
INFO - 11/18/25 06:57:36 - 3:14:26 - training
INFO - 11/18/25 06:57:37 - 3:14:27 - step 0 | loss 0.2186 | step time 302.59ms
INFO - 11/18/25 06:58:06 - 3:14:56 - step 100 | loss 0.0359 | step time 296.23ms
INFO - 11/18/25 06:58:36 - 3:15:26 - step 200 | loss 0.0356 | step time 295.92ms
INFO - 11/18/25 06:59:05 - 3:15:55 - step 300 | loss 0.0347 | step time 295.93ms
INFO - 11/18/25 06:59:35 - 3:16:25 - step 400 | loss 0.0350 | step time 295.90ms
INFO - 11/18/25 07:00:05 - 3:16:55 - step 500 | loss 0.0356 | step time 296.10ms
INFO - 11/18/25 07:00:05 - 3:16:55 - step 500 train loss: 0.03510017693042755 test loss: 0.2934567332267761
INFO - 11/18/25 07:00:05 - 3:16:55 - test loss 0.2934567332267761 is the best so far, saving model to /home/yuebi/Project/dim18_run/dim18_run_1/1111/model.pt
INFO - 11/18/25 07:00:34 - 3:17:25 - step 600 | loss 0.0569 | step time 296.15ms
INFO - 11/18/25 07:01:04 - 3:17:54 - step 700 | loss 0.0343 | step time 296.12ms
INFO - 11/18/25 07:01:34 - 3:18:24 - step 800 | loss 0.0344 | step time 295.96ms
INFO - 11/18/25 07:02:03 - 3:18:53 - step 900 | loss 0.0338 | step time 296.15ms
INFO - 11/18/25 07:02:33 - 3:19:23 - step 1000 | loss 0.0352 | step time 296.09ms
INFO - 11/18/25 07:02:33 - 3:19:23 - step 1000 train loss: 0.03476548567414284 test loss: 0.498715341091156
INFO - 11/18/25 07:03:03 - 3:19:53 - step 1100 | loss 0.0358 | step time 296.03ms
INFO - 11/18/25 07:03:32 - 3:20:22 - step 1200 | loss 0.0561 | step time 296.19ms
INFO - 11/18/25 07:04:02 - 3:20:52 - step 1300 | loss 0.0351 | step time 296.00ms
INFO - 11/18/25 07:04:32 - 3:21:22 - step 1400 | loss 0.0352 | step time 296.03ms
INFO - 11/18/25 07:05:01 - 3:21:51 - Memory allocated:  44.72MB, reserved: 8638.00MB
INFO - 11/18/25 07:05:01 - 3:21:51 - generating
INFO - 11/18/25 07:43:19 - 0:00:00 - ============ Initialized logger ============
INFO - 11/18/25 07:43:19 - 0:00:00 - batch_size: 32
                                     command: python fc_loop.py --exp_name=dim18_run_1 --dump_path=/home/yuebi/Project/dim18_run --num_initial_empty_objects=800 --final_database_size=100 --target_db_size=100 --nb_local_searches=800 --max_epochs=20 --type=transformer --max-output-length=305 --sample-only=30000 --max-steps=1500 --n_tokens=15 --n-layer=8 --n-embd=128 --n-embd2=128 --exp_id=1111 --exp_id "1111"
                                     cpu: False
                                     debug: False
                                     debug_slurm: False
                                     dump_path: /home/yuebi/Project/dim18_run/dim18_run_1/1111
                                     exp_id: 1111
                                     exp_name: dim18_run_1
                                     final_database_size: 100
                                     gen_batch_size: 1000
                                     global_rank: 0
                                     is_master: True
                                     is_slurm_job: True
                                     learning_rate: 0.0005
                                     local_rank: 0
                                     master_addr: gpu-6
                                     master_port: -1
                                     max_epochs: 20
                                     max_output_length: 305
                                     max_steps: 1500
                                     multi_gpu: False
                                     multi_node: False
                                     n_embd: 128
                                     n_embd2: 128
                                     n_gpu_per_node: 1
                                     n_head: 8
                                     n_layer: 8
                                     n_nodes: 1
                                     n_tokens: 15
                                     nb_local_searches: 800
                                     nb_threads: 1
                                     node_id: 0
                                     num_initial_empty_objects: 800
                                     num_workers: 8
                                     sample_only: 30000
                                     seed: -1
                                     target_db_size: 100
                                     temperature: 1.0
                                     top_k: -1
                                     type: transformer
                                     weight_decay: 0.01
                                     world_size: 1
INFO - 11/18/25 07:43:19 - 0:00:00 - The experiment will be stored in /home/yuebi/Project/dim18_run/dim18_run_1/1111
                                     
INFO - 11/18/25 07:43:19 - 0:00:00 - Running command: python fc_loop.py --exp_name=dim18_run_1 --dump_path=/home/yuebi/Project/dim18_run --num_initial_empty_objects=800 --final_database_size=100 --target_db_size=100 --nb_local_searches=800 --max_epochs=20 --type=transformer --max-output-length=305 --sample-only=30000 --max-steps=1500 --n_tokens=15 --n-layer=8 --n-embd=128 --n-embd2=128 --exp_id=1111

WARNING - 11/18/25 07:43:19 - 0:00:00 - Signal handler installed.
INFO - 11/18/25 07:43:19 - 0:00:00 - seed: 997653498
INFO - 11/18/25 07:43:19 - 0:00:00 - initializing at generation: 5
INFO - 11/18/25 07:43:19 - 0:00:00 - number of examples in the dataset: 100
INFO - 11/18/25 07:43:19 - 0:00:00 - max word length: 138
INFO - 11/18/25 07:43:19 - 0:00:00 - number of unique characters in the vocabulary: 15
INFO - 11/18/25 07:43:19 - 0:00:00 - vocabulary:
INFO - 11/18/25 07:43:19 - 0:00:00 - ['V0', 'V1', 'V2', 'V3', 'V4', 'V5', 'V6', 'V7', 'V8', 'V9', 'V10', 'V11', 'V12', 'V13', 'V14']
INFO - 11/18/25 07:43:19 - 0:00:00 - split up the dataset into 90 training examples and 10 test examples
INFO - 11/18/25 07:43:19 - 0:00:00 - dataset determined that: vocab_size=16, block_size=306
INFO - 11/18/25 07:43:19 - 0:00:00 - model #params: 1629696
INFO - 11/18/25 07:43:19 - 0:00:00 - resuming from existing model
INFO - 11/18/25 07:43:19 - 0:00:00 - ============ Start of generation 5 ============
INFO - 11/18/25 07:43:19 - 0:00:00 - Memory allocated:  9.08MB, reserved: 20.00MB
INFO - 11/18/25 07:43:19 - 0:00:00 - training
INFO - 11/18/25 07:43:24 - 0:00:05 - step 0 | loss 0.0387 | step time 638.65ms
INFO - 11/18/25 07:43:53 - 0:00:34 - step 100 | loss 0.0345 | step time 295.66ms
INFO - 11/18/25 07:44:23 - 0:01:04 - step 200 | loss 0.0359 | step time 295.56ms
INFO - 11/18/25 07:44:52 - 0:01:33 - step 300 | loss 0.0346 | step time 295.71ms
INFO - 11/18/25 07:45:22 - 0:02:03 - step 400 | loss 0.0336 | step time 295.63ms
INFO - 11/18/25 07:45:52 - 0:02:33 - step 500 | loss 0.0358 | step time 295.75ms
INFO - 11/18/25 07:45:52 - 0:02:33 - step 500 train loss: 0.03508380055427551 test loss: 0.09949285537004471
INFO - 11/18/25 07:45:52 - 0:02:33 - test loss 0.09949285537004471 is the best so far, saving model to /home/yuebi/Project/dim18_run/dim18_run_1/1111/model.pt
INFO - 11/18/25 07:46:21 - 0:03:03 - step 600 | loss 0.0359 | step time 295.51ms
INFO - 11/18/25 07:46:51 - 0:03:32 - step 700 | loss 0.0569 | step time 295.67ms
INFO - 11/18/25 07:47:21 - 0:04:02 - step 800 | loss 0.0343 | step time 295.48ms
INFO - 11/18/25 07:47:50 - 0:04:31 - step 900 | loss 0.0348 | step time 295.66ms
INFO - 11/18/25 07:48:20 - 0:05:01 - step 1000 | loss 0.0351 | step time 295.73ms
INFO - 11/18/25 07:48:20 - 0:05:01 - step 1000 train loss: 0.034571487456560135 test loss: 0.2765747308731079
INFO - 11/18/25 07:48:50 - 0:05:31 - step 1100 | loss 0.0345 | step time 295.42ms
INFO - 11/18/25 07:49:19 - 0:06:00 - step 1200 | loss 0.0339 | step time 295.48ms
INFO - 11/18/25 07:49:49 - 0:06:30 - step 1300 | loss 0.0641 | step time 295.58ms
INFO - 11/18/25 07:50:18 - 0:06:59 - step 1400 | loss 0.0345 | step time 295.25ms
INFO - 11/18/25 07:50:47 - 0:07:29 - Memory allocated:  44.72MB, reserved: 2660.00MB
INFO - 11/18/25 07:50:47 - 0:07:29 - generating
INFO - 11/18/25 10:51:56 - 3:08:37 - distribution of sample lengths: average: 416.4544 max: 962
INFO - 11/18/25 10:51:56 - 3:08:37 - printed 30000 samples
INFO - 11/18/25 10:51:56 - 3:08:37 - decoding
INFO - 11/18/25 10:51:57 - 3:08:38 - Decoding complete. Check the output in /home/yuebi/Project/dim18_run/dim18_run_1/1111/transformer-output-decoded.txt
INFO - 11/18/25 10:51:57 - 3:08:38 - Memory allocated:  44.72MB, reserved: 8638.00MB
INFO - 11/18/25 10:51:57 - 3:08:38 - ============ End of generation 5 ============
INFO - 11/18/25 10:51:57 - 3:08:38 - launching search.jl
INFO - 11/18/25 10:51:57 - 3:08:38 - JULIA_NUM_THREADS is set to 1
INFO - 11/18/25 10:57:47 - 3:14:29 - distribution of scores(all rounds)
INFO - 11/18/25 10:57:47 - 3:14:29 - Score:3411968.0, Count:5
                                     
INFO - 11/18/25 10:57:47 - 3:14:29 - Score:3031476.0, Count:5
                                     
INFO - 11/18/25 10:57:47 - 3:14:29 - Score:3023296.0, Count:4
                                     
INFO - 11/18/25 10:57:47 - 3:14:29 - Score:3008400.0, Count:5
                                     
INFO - 11/18/25 10:57:47 - 3:14:29 - Score:2993192.0, Count:3
                                     
INFO - 11/18/25 10:57:47 - 3:14:29 - Score:2967040.0, Count:5
                                     
INFO - 11/18/25 10:57:47 - 3:14:29 - Score:2896896.0, Count:5
                                     
INFO - 11/18/25 10:57:47 - 3:14:29 - Score:2885884.0, Count:5
                                     
INFO - 11/18/25 10:57:47 - 3:14:29 - Score:2873424.0, Count:5
                                     
INFO - 11/18/25 10:57:47 - 3:14:29 - Score:2865684.0, Count:5
                                     
INFO - 11/18/25 10:57:47 - 3:14:29 - Score:2864416.0, Count:3
                                     
INFO - 11/18/25 10:57:47 - 3:14:29 - Score:2864254.0, Count:5
                                     
INFO - 11/18/25 10:57:47 - 3:14:29 - Score:2854005.0, Count:5
                                     
INFO - 11/18/25 10:57:47 - 3:14:29 - Score:2853601.0, Count:2
                                     
INFO - 11/18/25 10:57:47 - 3:14:29 - Score:2851287.0, Count:5
                                     
INFO - 11/18/25 10:57:47 - 3:14:29 - Score:2838192.0, Count:2
                                     
INFO - 11/18/25 10:57:47 - 3:14:29 - Score:2833872.0, Count:4
                                     
INFO - 11/18/25 10:57:47 - 3:14:29 - Score:2831016.0, Count:5
                                     
INFO - 11/18/25 10:57:47 - 3:14:29 - Score:2829120.0, Count:1
                                     
INFO - 11/18/25 10:57:47 - 3:14:29 - Score:2828287.0, Count:5
                                     
INFO - 11/18/25 10:57:47 - 3:14:29 - Score:2824040.0, Count:5
                                     
INFO - 11/18/25 10:57:47 - 3:14:29 - Score:2821140.0, Count:4
                                     
INFO - 11/18/25 10:57:47 - 3:14:29 - Score:2815200.0, Count:3
                                     
INFO - 11/18/25 10:57:47 - 3:14:29 - Score:2811450.0, Count:4
                                     
INFO - 11/18/25 10:57:47 - 3:14:29 - tokenizing
INFO - 11/18/25 10:57:47 - 3:14:29 - Loading tokenizer from /home/yuebi/Project/dim18_run/dim18_run_1/1111/tokenizer_data/tokenizer.json...
INFO - 11/18/25 10:57:47 - 3:14:29 - 0 / 100
INFO - 11/18/25 10:57:47 - 3:14:29 - number of examples in the dataset: 100
INFO - 11/18/25 10:57:47 - 3:14:29 - max word length: 138
INFO - 11/18/25 10:57:47 - 3:14:29 - number of unique characters in the vocabulary: 15
INFO - 11/18/25 10:57:47 - 3:14:29 - vocabulary:
INFO - 11/18/25 10:57:47 - 3:14:29 - ['V0', 'V1', 'V2', 'V3', 'V4', 'V5', 'V6', 'V7', 'V8', 'V9', 'V10', 'V11', 'V12', 'V13', 'V14']
INFO - 11/18/25 10:57:47 - 3:14:29 - split up the dataset into 90 training examples and 10 test examples
INFO - 11/18/25 10:57:47 - 3:14:29 - ============ Start of generation 6 ============
INFO - 11/18/25 10:57:47 - 3:14:29 - Memory allocated:  44.72MB, reserved: 8638.00MB
INFO - 11/18/25 10:57:47 - 3:14:29 - training
INFO - 11/18/25 10:57:48 - 3:14:29 - step 0 | loss 0.2659 | step time 303.06ms
INFO - 11/18/25 10:58:17 - 3:14:59 - step 100 | loss 0.0346 | step time 296.28ms
INFO - 11/18/25 10:58:47 - 3:15:28 - step 200 | loss 0.0350 | step time 295.69ms
INFO - 11/18/25 10:59:17 - 3:15:58 - step 300 | loss 0.0357 | step time 295.81ms
INFO - 11/18/25 10:59:46 - 3:16:27 - step 400 | loss 0.0343 | step time 295.86ms
INFO - 11/18/25 11:00:16 - 3:16:57 - step 500 | loss 0.0353 | step time 295.81ms
INFO - 11/18/25 11:00:16 - 3:16:57 - step 500 train loss: 0.03567934408783913 test loss: 0.21448254585266113
INFO - 11/18/25 11:00:16 - 3:16:57 - test loss 0.21448254585266113 is the best so far, saving model to /home/yuebi/Project/dim18_run/dim18_run_1/1111/model.pt
INFO - 11/18/25 11:00:46 - 3:17:27 - step 600 | loss 0.0346 | step time 296.03ms
INFO - 11/18/25 11:01:15 - 3:17:56 - step 700 | loss 0.0345 | step time 295.90ms
INFO - 11/18/25 11:01:45 - 3:18:26 - step 800 | loss 0.0354 | step time 296.01ms
INFO - 11/18/25 11:02:15 - 3:18:56 - step 900 | loss 0.0346 | step time 295.75ms
INFO - 11/18/25 11:02:44 - 3:19:25 - step 1000 | loss 0.0350 | step time 295.94ms
INFO - 11/18/25 11:02:44 - 3:19:26 - step 1000 train loss: 0.03504807874560356 test loss: 0.26397886872291565
INFO - 11/18/25 11:03:14 - 3:19:55 - step 1100 | loss 0.0345 | step time 295.62ms
INFO - 11/18/25 11:03:44 - 3:20:25 - step 1200 | loss 0.0353 | step time 295.93ms
INFO - 11/18/25 11:04:13 - 3:20:54 - step 1300 | loss 0.0500 | step time 295.94ms
INFO - 11/18/25 11:04:43 - 3:21:24 - step 1400 | loss 0.0347 | step time 296.15ms
INFO - 11/18/25 11:05:12 - 3:21:53 - Memory allocated:  44.72MB, reserved: 8638.00MB
INFO - 11/18/25 11:05:12 - 3:21:53 - generating
INFO - 11/18/25 11:43:28 - 0:00:00 - ============ Initialized logger ============
INFO - 11/18/25 11:43:28 - 0:00:00 - batch_size: 32
                                     command: python fc_loop.py --exp_name=dim18_run_1 --dump_path=/home/yuebi/Project/dim18_run --num_initial_empty_objects=800 --final_database_size=100 --target_db_size=100 --nb_local_searches=800 --max_epochs=20 --type=transformer --max-output-length=305 --sample-only=30000 --max-steps=1500 --n_tokens=15 --n-layer=8 --n-embd=128 --n-embd2=128 --exp_id=1111 --exp_id "1111"
                                     cpu: False
                                     debug: False
                                     debug_slurm: False
                                     dump_path: /home/yuebi/Project/dim18_run/dim18_run_1/1111
                                     exp_id: 1111
                                     exp_name: dim18_run_1
                                     final_database_size: 100
                                     gen_batch_size: 1000
                                     global_rank: 0
                                     is_master: True
                                     is_slurm_job: True
                                     learning_rate: 0.0005
                                     local_rank: 0
                                     master_addr: gpu-6
                                     master_port: -1
                                     max_epochs: 20
                                     max_output_length: 305
                                     max_steps: 1500
                                     multi_gpu: False
                                     multi_node: False
                                     n_embd: 128
                                     n_embd2: 128
                                     n_gpu_per_node: 1
                                     n_head: 8
                                     n_layer: 8
                                     n_nodes: 1
                                     n_tokens: 15
                                     nb_local_searches: 800
                                     nb_threads: 1
                                     node_id: 0
                                     num_initial_empty_objects: 800
                                     num_workers: 8
                                     sample_only: 30000
                                     seed: -1
                                     target_db_size: 100
                                     temperature: 1.0
                                     top_k: -1
                                     type: transformer
                                     weight_decay: 0.01
                                     world_size: 1
INFO - 11/18/25 11:43:28 - 0:00:00 - The experiment will be stored in /home/yuebi/Project/dim18_run/dim18_run_1/1111
                                     
INFO - 11/18/25 11:43:28 - 0:00:00 - Running command: python fc_loop.py --exp_name=dim18_run_1 --dump_path=/home/yuebi/Project/dim18_run --num_initial_empty_objects=800 --final_database_size=100 --target_db_size=100 --nb_local_searches=800 --max_epochs=20 --type=transformer --max-output-length=305 --sample-only=30000 --max-steps=1500 --n_tokens=15 --n-layer=8 --n-embd=128 --n-embd2=128 --exp_id=1111

WARNING - 11/18/25 11:43:28 - 0:00:00 - Signal handler installed.
INFO - 11/18/25 11:43:28 - 0:00:00 - seed: 894702545
INFO - 11/18/25 11:43:28 - 0:00:00 - initializing at generation: 6
INFO - 11/18/25 11:43:28 - 0:00:00 - number of examples in the dataset: 100
INFO - 11/18/25 11:43:28 - 0:00:00 - max word length: 138
INFO - 11/18/25 11:43:28 - 0:00:00 - number of unique characters in the vocabulary: 15
INFO - 11/18/25 11:43:28 - 0:00:00 - vocabulary:
INFO - 11/18/25 11:43:28 - 0:00:00 - ['V0', 'V1', 'V2', 'V3', 'V4', 'V5', 'V6', 'V7', 'V8', 'V9', 'V10', 'V11', 'V12', 'V13', 'V14']
INFO - 11/18/25 11:43:28 - 0:00:00 - split up the dataset into 90 training examples and 10 test examples
INFO - 11/18/25 11:43:28 - 0:00:00 - dataset determined that: vocab_size=16, block_size=306
INFO - 11/18/25 11:43:28 - 0:00:00 - model #params: 1629696
INFO - 11/18/25 11:43:28 - 0:00:00 - resuming from existing model
INFO - 11/18/25 11:43:28 - 0:00:00 - ============ Start of generation 6 ============
INFO - 11/18/25 11:43:28 - 0:00:00 - Memory allocated:  9.08MB, reserved: 20.00MB
INFO - 11/18/25 11:43:28 - 0:00:00 - training
INFO - 11/18/25 11:43:33 - 0:00:05 - step 0 | loss 0.0681 | step time 633.78ms
INFO - 11/18/25 11:44:02 - 0:00:34 - step 100 | loss 0.0354 | step time 295.54ms
INFO - 11/18/25 11:44:32 - 0:01:04 - step 200 | loss 0.0352 | step time 295.54ms
INFO - 11/18/25 11:45:01 - 0:01:33 - step 300 | loss 0.0355 | step time 295.66ms
INFO - 11/18/25 11:45:31 - 0:02:03 - step 400 | loss 0.0349 | step time 295.59ms
INFO - 11/18/25 11:46:01 - 0:02:33 - step 500 | loss 0.0343 | step time 295.60ms
INFO - 11/18/25 11:46:01 - 0:02:33 - step 500 train loss: 0.03492146357893944 test loss: 0.07233814150094986
INFO - 11/18/25 11:46:01 - 0:02:33 - test loss 0.07233814150094986 is the best so far, saving model to /home/yuebi/Project/dim18_run/dim18_run_1/1111/model.pt
INFO - 11/18/25 11:46:30 - 0:03:02 - step 600 | loss 0.0352 | step time 295.51ms
INFO - 11/18/25 11:47:00 - 0:03:32 - step 700 | loss 0.0348 | step time 295.39ms
INFO - 11/18/25 11:47:30 - 0:04:02 - step 800 | loss 0.0340 | step time 295.55ms
INFO - 11/18/25 11:47:59 - 0:04:31 - step 900 | loss 0.0351 | step time 296.06ms
INFO - 11/18/25 11:48:29 - 0:05:01 - step 1000 | loss 0.0349 | step time 295.83ms
INFO - 11/18/25 11:48:29 - 0:05:01 - step 1000 train loss: 0.034655358642339706 test loss: 0.16528275609016418
INFO - 11/18/25 11:48:59 - 0:05:31 - step 1100 | loss 0.0341 | step time 295.78ms
INFO - 11/18/25 11:49:28 - 0:06:00 - step 1200 | loss 0.0346 | step time 295.84ms
INFO - 11/18/25 11:49:58 - 0:06:30 - step 1300 | loss 0.0438 | step time 296.02ms
INFO - 11/18/25 11:50:27 - 0:06:59 - step 1400 | loss 0.0348 | step time 295.80ms
INFO - 11/18/25 11:50:57 - 0:07:29 - Memory allocated:  44.72MB, reserved: 2660.00MB
INFO - 11/18/25 11:50:57 - 0:07:29 - generating
INFO - 11/18/25 14:52:06 - 3:08:38 - distribution of sample lengths: average: 417.39343333333335 max: 966
INFO - 11/18/25 14:52:06 - 3:08:38 - printed 30000 samples
INFO - 11/18/25 14:52:06 - 3:08:38 - decoding
INFO - 11/18/25 14:52:07 - 3:08:39 - Decoding complete. Check the output in /home/yuebi/Project/dim18_run/dim18_run_1/1111/transformer-output-decoded.txt
INFO - 11/18/25 14:52:07 - 3:08:39 - Memory allocated:  44.72MB, reserved: 8638.00MB
INFO - 11/18/25 14:52:07 - 3:08:39 - ============ End of generation 6 ============
INFO - 11/18/25 14:52:07 - 3:08:39 - launching search.jl
INFO - 11/18/25 14:52:07 - 3:08:39 - JULIA_NUM_THREADS is set to 1
INFO - 11/18/25 14:57:58 - 3:14:30 - distribution of scores(all rounds)
INFO - 11/18/25 14:57:58 - 3:14:30 - Score:3411968.0, Count:6
                                     
INFO - 11/18/25 14:57:58 - 3:14:30 - Score:3031476.0, Count:6
                                     
INFO - 11/18/25 14:57:58 - 3:14:30 - Score:3023296.0, Count:5
                                     
INFO - 11/18/25 14:57:58 - 3:14:30 - Score:3008400.0, Count:6
                                     
INFO - 11/18/25 14:57:58 - 3:14:30 - Score:2993192.0, Count:4
                                     
INFO - 11/18/25 14:57:58 - 3:14:30 - Score:2967040.0, Count:6
                                     
INFO - 11/18/25 14:57:58 - 3:14:30 - Score:2896896.0, Count:6
                                     
INFO - 11/18/25 14:57:58 - 3:14:30 - Score:2885884.0, Count:6
                                     
INFO - 11/18/25 14:57:58 - 3:14:30 - Score:2876115.0, Count:1
                                     
INFO - 11/18/25 14:57:58 - 3:14:30 - Score:2873424.0, Count:6
                                     
INFO - 11/18/25 14:57:58 - 3:14:30 - Score:2867088.0, Count:1
                                     
INFO - 11/18/25 14:57:58 - 3:14:30 - Score:2865684.0, Count:6
                                     
INFO - 11/18/25 14:57:58 - 3:14:30 - Score:2864416.0, Count:4
                                     
INFO - 11/18/25 14:57:58 - 3:14:30 - Score:2864254.0, Count:6
                                     
INFO - 11/18/25 14:57:58 - 3:14:30 - Score:2854005.0, Count:6
                                     
INFO - 11/18/25 14:57:58 - 3:14:30 - Score:2853601.0, Count:3
                                     
INFO - 11/18/25 14:57:58 - 3:14:30 - Score:2851287.0, Count:6
                                     
INFO - 11/18/25 14:57:58 - 3:14:30 - Score:2843974.0, Count:1
                                     
INFO - 11/18/25 14:57:58 - 3:14:30 - Score:2838192.0, Count:3
                                     
INFO - 11/18/25 14:57:58 - 3:14:30 - Score:2833872.0, Count:5
                                     
INFO - 11/18/25 14:57:58 - 3:14:30 - Score:2831016.0, Count:6
                                     
INFO - 11/18/25 14:57:58 - 3:14:30 - Score:2829120.0, Count:1
                                     
INFO - 11/18/25 14:57:58 - 3:14:30 - tokenizing
INFO - 11/18/25 14:57:58 - 3:14:30 - Loading tokenizer from /home/yuebi/Project/dim18_run/dim18_run_1/1111/tokenizer_data/tokenizer.json...
INFO - 11/18/25 14:57:58 - 3:14:30 - 0 / 100
INFO - 11/18/25 14:57:58 - 3:14:30 - number of examples in the dataset: 100
INFO - 11/18/25 14:57:58 - 3:14:30 - max word length: 138
INFO - 11/18/25 14:57:58 - 3:14:30 - number of unique characters in the vocabulary: 15
INFO - 11/18/25 14:57:58 - 3:14:30 - vocabulary:
INFO - 11/18/25 14:57:58 - 3:14:30 - ['V0', 'V1', 'V2', 'V3', 'V4', 'V5', 'V6', 'V7', 'V8', 'V9', 'V10', 'V11', 'V12', 'V13', 'V14']
INFO - 11/18/25 14:57:58 - 3:14:30 - split up the dataset into 90 training examples and 10 test examples
INFO - 11/18/25 14:57:58 - 3:14:30 - ============ Start of generation 7 ============
INFO - 11/18/25 14:57:58 - 3:14:30 - Memory allocated:  44.72MB, reserved: 8638.00MB
INFO - 11/18/25 14:57:58 - 3:14:30 - training
INFO - 11/18/25 14:57:59 - 3:14:31 - step 0 | loss 0.3133 | step time 303.45ms
INFO - 11/18/25 14:58:28 - 3:15:00 - step 100 | loss 0.0343 | step time 295.95ms
INFO - 11/18/25 14:58:58 - 3:15:30 - step 200 | loss 0.0341 | step time 296.11ms
INFO - 11/18/25 14:59:27 - 3:15:59 - step 300 | loss 0.0339 | step time 295.99ms
INFO - 11/18/25 14:59:57 - 3:16:29 - step 400 | loss 0.0346 | step time 295.91ms
INFO - 11/18/25 15:00:27 - 3:16:59 - step 500 | loss 0.0341 | step time 295.89ms
INFO - 11/18/25 15:00:27 - 3:16:59 - step 500 train loss: 0.03483680635690689 test loss: 0.18577444553375244
INFO - 11/18/25 15:00:27 - 3:16:59 - test loss 0.18577444553375244 is the best so far, saving model to /home/yuebi/Project/dim18_run/dim18_run_1/1111/model.pt
INFO - 11/18/25 15:00:56 - 3:17:28 - step 600 | loss 0.0375 | step time 296.27ms
INFO - 11/18/25 15:01:26 - 3:17:58 - step 700 | loss 0.0343 | step time 296.12ms
INFO - 11/18/25 15:01:56 - 3:18:28 - step 800 | loss 0.0342 | step time 295.78ms
INFO - 11/18/25 15:02:25 - 3:18:57 - step 900 | loss 0.0347 | step time 296.16ms
INFO - 11/18/25 15:02:55 - 3:19:27 - step 1000 | loss 0.0347 | step time 295.99ms
INFO - 11/18/25 15:02:55 - 3:19:27 - step 1000 train loss: 0.034636057913303375 test loss: 0.2097359150648117
INFO - 11/18/25 15:03:25 - 3:19:57 - step 1100 | loss 0.0352 | step time 295.89ms
INFO - 11/18/25 15:03:54 - 3:20:26 - step 1200 | loss 0.0352 | step time 295.93ms
INFO - 11/18/25 15:04:24 - 3:20:56 - step 1300 | loss 0.0345 | step time 296.03ms
INFO - 11/18/25 15:04:54 - 3:21:26 - step 1400 | loss 0.0344 | step time 296.33ms
INFO - 11/18/25 15:05:23 - 3:21:55 - Memory allocated:  44.72MB, reserved: 8638.00MB
INFO - 11/18/25 15:05:23 - 3:21:55 - generating
INFO - 11/18/25 15:43:33 - 0:00:00 - ============ Initialized logger ============
INFO - 11/18/25 15:43:33 - 0:00:00 - batch_size: 32
                                     command: python fc_loop.py --exp_name=dim18_run_1 --dump_path=/home/yuebi/Project/dim18_run --num_initial_empty_objects=800 --final_database_size=100 --target_db_size=100 --nb_local_searches=800 --max_epochs=20 --type=transformer --max-output-length=305 --sample-only=30000 --max-steps=1500 --n_tokens=15 --n-layer=8 --n-embd=128 --n-embd2=128 --exp_id=1111 --exp_id "1111"
                                     cpu: False
                                     debug: False
                                     debug_slurm: False
                                     dump_path: /home/yuebi/Project/dim18_run/dim18_run_1/1111
                                     exp_id: 1111
                                     exp_name: dim18_run_1
                                     final_database_size: 100
                                     gen_batch_size: 1000
                                     global_rank: 0
                                     is_master: True
                                     is_slurm_job: True
                                     learning_rate: 0.0005
                                     local_rank: 0
                                     master_addr: gpu-6
                                     master_port: -1
                                     max_epochs: 20
                                     max_output_length: 305
                                     max_steps: 1500
                                     multi_gpu: False
                                     multi_node: False
                                     n_embd: 128
                                     n_embd2: 128
                                     n_gpu_per_node: 1
                                     n_head: 8
                                     n_layer: 8
                                     n_nodes: 1
                                     n_tokens: 15
                                     nb_local_searches: 800
                                     nb_threads: 1
                                     node_id: 0
                                     num_initial_empty_objects: 800
                                     num_workers: 8
                                     sample_only: 30000
                                     seed: -1
                                     target_db_size: 100
                                     temperature: 1.0
                                     top_k: -1
                                     type: transformer
                                     weight_decay: 0.01
                                     world_size: 1
INFO - 11/18/25 15:43:33 - 0:00:00 - The experiment will be stored in /home/yuebi/Project/dim18_run/dim18_run_1/1111
                                     
INFO - 11/18/25 15:43:33 - 0:00:00 - Running command: python fc_loop.py --exp_name=dim18_run_1 --dump_path=/home/yuebi/Project/dim18_run --num_initial_empty_objects=800 --final_database_size=100 --target_db_size=100 --nb_local_searches=800 --max_epochs=20 --type=transformer --max-output-length=305 --sample-only=30000 --max-steps=1500 --n_tokens=15 --n-layer=8 --n-embd=128 --n-embd2=128 --exp_id=1111

WARNING - 11/18/25 15:43:33 - 0:00:00 - Signal handler installed.
INFO - 11/18/25 15:43:33 - 0:00:00 - seed: 634882818
INFO - 11/18/25 15:43:33 - 0:00:00 - initializing at generation: 7
INFO - 11/18/25 15:43:33 - 0:00:00 - number of examples in the dataset: 100
INFO - 11/18/25 15:43:33 - 0:00:00 - max word length: 138
INFO - 11/18/25 15:43:33 - 0:00:00 - number of unique characters in the vocabulary: 15
INFO - 11/18/25 15:43:33 - 0:00:00 - vocabulary:
INFO - 11/18/25 15:43:33 - 0:00:00 - ['V0', 'V1', 'V2', 'V3', 'V4', 'V5', 'V6', 'V7', 'V8', 'V9', 'V10', 'V11', 'V12', 'V13', 'V14']
INFO - 11/18/25 15:43:33 - 0:00:00 - split up the dataset into 90 training examples and 10 test examples
INFO - 11/18/25 15:43:33 - 0:00:00 - dataset determined that: vocab_size=16, block_size=306
INFO - 11/18/25 15:43:33 - 0:00:00 - model #params: 1629696
INFO - 11/18/25 15:43:33 - 0:00:00 - resuming from existing model
INFO - 11/18/25 15:43:33 - 0:00:00 - ============ Start of generation 7 ============
INFO - 11/18/25 15:43:33 - 0:00:00 - Memory allocated:  9.08MB, reserved: 20.00MB
INFO - 11/18/25 15:43:33 - 0:00:00 - training
INFO - 11/18/25 15:43:38 - 0:00:05 - step 0 | loss 0.0387 | step time 641.83ms
INFO - 11/18/25 15:44:07 - 0:00:34 - step 100 | loss 0.0347 | step time 295.76ms
INFO - 11/18/25 15:44:37 - 0:01:04 - step 200 | loss 0.0344 | step time 296.04ms
INFO - 11/18/25 15:45:06 - 0:01:34 - step 300 | loss 0.0350 | step time 295.97ms
INFO - 11/18/25 15:45:36 - 0:02:03 - step 400 | loss 0.0351 | step time 295.81ms
INFO - 11/18/25 15:46:06 - 0:02:33 - step 500 | loss 0.0363 | step time 295.69ms
INFO - 11/18/25 15:46:06 - 0:02:33 - step 500 train loss: 0.034856200218200684 test loss: 0.08473657816648483
INFO - 11/18/25 15:46:06 - 0:02:33 - test loss 0.08473657816648483 is the best so far, saving model to /home/yuebi/Project/dim18_run/dim18_run_1/1111/model.pt
INFO - 11/18/25 15:46:36 - 0:03:03 - step 600 | loss 0.0475 | step time 295.82ms
INFO - 11/18/25 15:47:05 - 0:03:32 - step 700 | loss 0.0338 | step time 295.51ms
INFO - 11/18/25 15:47:35 - 0:04:02 - step 800 | loss 0.0341 | step time 295.49ms
INFO - 11/18/25 15:48:04 - 0:04:31 - step 900 | loss 0.0343 | step time 295.70ms
INFO - 11/18/25 15:48:34 - 0:05:01 - step 1000 | loss 0.0345 | step time 295.65ms
INFO - 11/18/25 15:48:34 - 0:05:01 - step 1000 train loss: 0.03454732149839401 test loss: 0.17389215528964996
INFO - 11/18/25 15:49:04 - 0:05:31 - step 1100 | loss 0.0346 | step time 295.48ms
INFO - 11/18/25 15:49:33 - 0:06:00 - step 1200 | loss 0.0345 | step time 295.19ms
INFO - 11/18/25 15:50:03 - 0:06:30 - step 1300 | loss 0.0352 | step time 295.42ms
INFO - 11/18/25 15:50:32 - 0:06:59 - step 1400 | loss 0.0353 | step time 295.57ms
INFO - 11/18/25 15:51:02 - 0:07:29 - Memory allocated:  44.72MB, reserved: 2660.00MB
INFO - 11/18/25 15:51:02 - 0:07:29 - generating
INFO - 11/18/25 18:52:10 - 3:08:37 - distribution of sample lengths: average: 416.74133333333333 max: 960
INFO - 11/18/25 18:52:10 - 3:08:37 - printed 30000 samples
INFO - 11/18/25 18:52:10 - 3:08:37 - decoding
INFO - 11/18/25 18:52:11 - 3:08:38 - Decoding complete. Check the output in /home/yuebi/Project/dim18_run/dim18_run_1/1111/transformer-output-decoded.txt
INFO - 11/18/25 18:52:11 - 3:08:38 - Memory allocated:  44.72MB, reserved: 8638.00MB
INFO - 11/18/25 18:52:11 - 3:08:38 - ============ End of generation 7 ============
INFO - 11/18/25 18:52:11 - 3:08:38 - launching search.jl
INFO - 11/18/25 18:52:11 - 3:08:38 - JULIA_NUM_THREADS is set to 1
INFO - 11/18/25 18:58:03 - 3:14:30 - distribution of scores(all rounds)
INFO - 11/18/25 18:58:03 - 3:14:30 - Score:3411968.0, Count:7
                                     
INFO - 11/18/25 18:58:03 - 3:14:30 - Score:3031476.0, Count:7
                                     
INFO - 11/18/25 18:58:03 - 3:14:30 - Score:3024424.0, Count:1
                                     
INFO - 11/18/25 18:58:03 - 3:14:30 - Score:3023296.0, Count:6
                                     
INFO - 11/18/25 18:58:03 - 3:14:30 - Score:3008400.0, Count:7
                                     
INFO - 11/18/25 18:58:03 - 3:14:30 - Score:2993192.0, Count:5
                                     
INFO - 11/18/25 18:58:03 - 3:14:30 - Score:2967040.0, Count:7
                                     
INFO - 11/18/25 18:58:03 - 3:14:30 - Score:2896896.0, Count:7
                                     
INFO - 11/18/25 18:58:03 - 3:14:30 - Score:2885884.0, Count:7
                                     
INFO - 11/18/25 18:58:03 - 3:14:30 - Score:2876115.0, Count:2
                                     
INFO - 11/18/25 18:58:03 - 3:14:30 - Score:2873424.0, Count:7
                                     
INFO - 11/18/25 18:58:03 - 3:14:30 - Score:2867088.0, Count:2
                                     
INFO - 11/18/25 18:58:03 - 3:14:30 - Score:2866550.0, Count:1
                                     
INFO - 11/18/25 18:58:03 - 3:14:30 - Score:2865684.0, Count:7
                                     
INFO - 11/18/25 18:58:03 - 3:14:30 - Score:2864416.0, Count:5
                                     
INFO - 11/18/25 18:58:03 - 3:14:30 - Score:2864254.0, Count:7
                                     
INFO - 11/18/25 18:58:03 - 3:14:30 - Score:2854005.0, Count:7
                                     
INFO - 11/18/25 18:58:03 - 3:14:30 - Score:2853601.0, Count:4
                                     
INFO - 11/18/25 18:58:03 - 3:14:30 - Score:2851287.0, Count:4
                                     
INFO - 11/18/25 18:58:03 - 3:14:30 - tokenizing
INFO - 11/18/25 18:58:03 - 3:14:30 - Loading tokenizer from /home/yuebi/Project/dim18_run/dim18_run_1/1111/tokenizer_data/tokenizer.json...
INFO - 11/18/25 18:58:03 - 3:14:30 - 0 / 100
INFO - 11/18/25 18:58:03 - 3:14:30 - number of examples in the dataset: 100
INFO - 11/18/25 18:58:03 - 3:14:30 - max word length: 138
INFO - 11/18/25 18:58:03 - 3:14:30 - number of unique characters in the vocabulary: 15
INFO - 11/18/25 18:58:03 - 3:14:30 - vocabulary:
INFO - 11/18/25 18:58:03 - 3:14:30 - ['V0', 'V1', 'V2', 'V3', 'V4', 'V5', 'V6', 'V7', 'V8', 'V9', 'V10', 'V11', 'V12', 'V13', 'V14']
INFO - 11/18/25 18:58:03 - 3:14:30 - split up the dataset into 90 training examples and 10 test examples
INFO - 11/18/25 18:58:03 - 3:14:30 - ============ Start of generation 8 ============
INFO - 11/18/25 18:58:03 - 3:14:30 - Memory allocated:  44.72MB, reserved: 8638.00MB
INFO - 11/18/25 18:58:03 - 3:14:30 - training
INFO - 11/18/25 18:58:03 - 3:14:30 - step 0 | loss 0.0753 | step time 302.97ms
INFO - 11/18/25 18:58:33 - 3:15:00 - step 100 | loss 0.0341 | step time 295.79ms
INFO - 11/18/25 18:59:02 - 3:15:29 - step 200 | loss 0.0350 | step time 296.44ms
INFO - 11/18/25 18:59:32 - 3:15:59 - step 300 | loss 0.0348 | step time 296.00ms
INFO - 11/18/25 19:00:01 - 3:16:28 - step 400 | loss 0.0350 | step time 296.30ms
INFO - 11/18/25 19:00:31 - 3:16:58 - step 500 | loss 0.0339 | step time 296.18ms
INFO - 11/18/25 19:00:31 - 3:16:58 - step 500 train loss: 0.034711871296167374 test loss: 0.11389468610286713
INFO - 11/18/25 19:00:31 - 3:16:58 - test loss 0.11389468610286713 is the best so far, saving model to /home/yuebi/Project/dim18_run/dim18_run_1/1111/model.pt
INFO - 11/18/25 19:01:01 - 3:17:28 - step 600 | loss 0.0352 | step time 296.09ms
INFO - 11/18/25 19:01:31 - 3:17:58 - step 700 | loss 0.0351 | step time 296.20ms
INFO - 11/18/25 19:02:00 - 3:18:27 - step 800 | loss 0.0342 | step time 296.04ms
INFO - 11/18/25 19:02:30 - 3:18:57 - step 900 | loss 0.0355 | step time 296.13ms
INFO - 11/18/25 19:02:59 - 3:19:26 - step 1000 | loss 0.0350 | step time 296.10ms
INFO - 11/18/25 19:03:00 - 3:19:27 - step 1000 train loss: 0.03457213193178177 test loss: 0.24763643741607666
INFO - 11/18/25 19:03:29 - 3:19:56 - step 1100 | loss 0.0351 | step time 296.05ms
INFO - 11/18/25 19:03:59 - 3:20:26 - step 1200 | loss 0.0341 | step time 296.26ms
INFO - 11/18/25 19:04:29 - 3:20:56 - step 1300 | loss 0.0357 | step time 296.08ms
INFO - 11/18/25 19:04:58 - 3:21:25 - step 1400 | loss 0.0345 | step time 296.03ms
INFO - 11/18/25 19:05:27 - 3:21:54 - Memory allocated:  44.72MB, reserved: 8638.00MB
INFO - 11/18/25 19:05:27 - 3:21:54 - generating
INFO - 11/18/25 19:43:40 - 0:00:00 - ============ Initialized logger ============
INFO - 11/18/25 19:43:40 - 0:00:00 - batch_size: 32
                                     command: python fc_loop.py --exp_name=dim18_run_1 --dump_path=/home/yuebi/Project/dim18_run --num_initial_empty_objects=800 --final_database_size=100 --target_db_size=100 --nb_local_searches=800 --max_epochs=20 --type=transformer --max-output-length=305 --sample-only=30000 --max-steps=1500 --n_tokens=15 --n-layer=8 --n-embd=128 --n-embd2=128 --exp_id=1111 --exp_id "1111"
                                     cpu: False
                                     debug: False
                                     debug_slurm: False
                                     dump_path: /home/yuebi/Project/dim18_run/dim18_run_1/1111
                                     exp_id: 1111
                                     exp_name: dim18_run_1
                                     final_database_size: 100
                                     gen_batch_size: 1000
                                     global_rank: 0
                                     is_master: True
                                     is_slurm_job: True
                                     learning_rate: 0.0005
                                     local_rank: 0
                                     master_addr: gpu-6
                                     master_port: -1
                                     max_epochs: 20
                                     max_output_length: 305
                                     max_steps: 1500
                                     multi_gpu: False
                                     multi_node: False
                                     n_embd: 128
                                     n_embd2: 128
                                     n_gpu_per_node: 1
                                     n_head: 8
                                     n_layer: 8
                                     n_nodes: 1
                                     n_tokens: 15
                                     nb_local_searches: 800
                                     nb_threads: 1
                                     node_id: 0
                                     num_initial_empty_objects: 800
                                     num_workers: 8
                                     sample_only: 30000
                                     seed: -1
                                     target_db_size: 100
                                     temperature: 1.0
                                     top_k: -1
                                     type: transformer
                                     weight_decay: 0.01
                                     world_size: 1
INFO - 11/18/25 19:43:40 - 0:00:00 - The experiment will be stored in /home/yuebi/Project/dim18_run/dim18_run_1/1111
                                     
INFO - 11/18/25 19:43:40 - 0:00:00 - Running command: python fc_loop.py --exp_name=dim18_run_1 --dump_path=/home/yuebi/Project/dim18_run --num_initial_empty_objects=800 --final_database_size=100 --target_db_size=100 --nb_local_searches=800 --max_epochs=20 --type=transformer --max-output-length=305 --sample-only=30000 --max-steps=1500 --n_tokens=15 --n-layer=8 --n-embd=128 --n-embd2=128 --exp_id=1111

WARNING - 11/18/25 19:43:40 - 0:00:00 - Signal handler installed.
INFO - 11/18/25 19:43:40 - 0:00:00 - seed: 752167376
INFO - 11/18/25 19:43:40 - 0:00:00 - initializing at generation: 8
INFO - 11/18/25 19:43:40 - 0:00:00 - number of examples in the dataset: 100
INFO - 11/18/25 19:43:40 - 0:00:00 - max word length: 138
INFO - 11/18/25 19:43:40 - 0:00:00 - number of unique characters in the vocabulary: 15
INFO - 11/18/25 19:43:40 - 0:00:00 - vocabulary:
INFO - 11/18/25 19:43:40 - 0:00:00 - ['V0', 'V1', 'V2', 'V3', 'V4', 'V5', 'V6', 'V7', 'V8', 'V9', 'V10', 'V11', 'V12', 'V13', 'V14']
INFO - 11/18/25 19:43:40 - 0:00:00 - split up the dataset into 90 training examples and 10 test examples
INFO - 11/18/25 19:43:40 - 0:00:00 - dataset determined that: vocab_size=16, block_size=306
INFO - 11/18/25 19:43:40 - 0:00:00 - model #params: 1629696
INFO - 11/18/25 19:43:40 - 0:00:00 - resuming from existing model
INFO - 11/18/25 19:43:40 - 0:00:00 - ============ Start of generation 8 ============
INFO - 11/18/25 19:43:40 - 0:00:00 - Memory allocated:  9.08MB, reserved: 20.00MB
INFO - 11/18/25 19:43:40 - 0:00:00 - training
INFO - 11/18/25 19:43:45 - 0:00:05 - step 0 | loss 0.0448 | step time 635.51ms
INFO - 11/18/25 19:44:15 - 0:00:35 - step 100 | loss 0.0348 | step time 295.94ms
INFO - 11/18/25 19:44:44 - 0:01:04 - step 200 | loss 0.0345 | step time 295.78ms
INFO - 11/18/25 19:45:14 - 0:01:34 - step 300 | loss 0.0345 | step time 295.81ms
INFO - 11/18/25 19:45:43 - 0:02:04 - step 400 | loss 0.0362 | step time 295.86ms
INFO - 11/18/25 19:46:13 - 0:02:33 - step 500 | loss 0.0350 | step time 295.79ms
INFO - 11/18/25 19:46:13 - 0:02:33 - step 500 train loss: 0.03491577133536339 test loss: 0.09695680439472198
INFO - 11/18/25 19:46:13 - 0:02:33 - test loss 0.09695680439472198 is the best so far, saving model to /home/yuebi/Project/dim18_run/dim18_run_1/1111/model.pt
INFO - 11/18/25 19:46:43 - 0:03:03 - step 600 | loss 0.0344 | step time 295.75ms
INFO - 11/18/25 19:47:13 - 0:03:33 - step 700 | loss 0.0362 | step time 295.66ms
INFO - 11/18/25 19:47:42 - 0:04:02 - step 800 | loss 0.0340 | step time 295.32ms
INFO - 11/18/25 19:48:12 - 0:04:32 - step 900 | loss 0.0344 | step time 295.35ms
INFO - 11/18/25 19:48:41 - 0:05:01 - step 1000 | loss 0.0343 | step time 295.59ms
INFO - 11/18/25 19:48:41 - 0:05:02 - step 1000 train loss: 0.034331634640693665 test loss: 0.19588856399059296
INFO - 11/18/25 19:49:11 - 0:05:31 - step 1100 | loss 0.0340 | step time 295.21ms
INFO - 11/18/25 19:49:41 - 0:06:01 - step 1200 | loss 0.0347 | step time 295.46ms
INFO - 11/18/25 19:50:10 - 0:06:30 - step 1300 | loss 0.0346 | step time 295.60ms
INFO - 11/18/25 19:50:40 - 0:07:00 - step 1400 | loss 0.0430 | step time 295.50ms
INFO - 11/18/25 19:51:09 - 0:07:29 - Memory allocated:  44.72MB, reserved: 2660.00MB
INFO - 11/18/25 19:51:09 - 0:07:29 - generating
INFO - 11/18/25 22:52:18 - 3:08:38 - distribution of sample lengths: average: 417.1782333333333 max: 969
INFO - 11/18/25 22:52:18 - 3:08:38 - printed 30000 samples
INFO - 11/18/25 22:52:18 - 3:08:38 - decoding
INFO - 11/18/25 22:52:19 - 3:08:39 - Decoding complete. Check the output in /home/yuebi/Project/dim18_run/dim18_run_1/1111/transformer-output-decoded.txt
INFO - 11/18/25 22:52:19 - 3:08:39 - Memory allocated:  44.72MB, reserved: 8638.00MB
INFO - 11/18/25 22:52:19 - 3:08:39 - ============ End of generation 8 ============
INFO - 11/18/25 22:52:19 - 3:08:39 - launching search.jl
INFO - 11/18/25 22:52:19 - 3:08:39 - JULIA_NUM_THREADS is set to 1
INFO - 11/18/25 22:58:11 - 3:14:31 - distribution of scores(all rounds)
INFO - 11/18/25 22:58:11 - 3:14:31 - Score:3411968.0, Count:8
                                     
INFO - 11/18/25 22:58:11 - 3:14:31 - Score:3031476.0, Count:8
                                     
INFO - 11/18/25 22:58:11 - 3:14:31 - Score:3024424.0, Count:2
                                     
INFO - 11/18/25 22:58:11 - 3:14:31 - Score:3023296.0, Count:7
                                     
INFO - 11/18/25 22:58:11 - 3:14:31 - Score:3008400.0, Count:8
                                     
INFO - 11/18/25 22:58:11 - 3:14:31 - Score:2993192.0, Count:6
                                     
INFO - 11/18/25 22:58:11 - 3:14:31 - Score:2967040.0, Count:8
                                     
INFO - 11/18/25 22:58:11 - 3:14:31 - Score:2946048.0, Count:1
                                     
INFO - 11/18/25 22:58:11 - 3:14:31 - Score:2901872.0, Count:1
                                     
INFO - 11/18/25 22:58:11 - 3:14:31 - Score:2896896.0, Count:8
                                     
INFO - 11/18/25 22:58:11 - 3:14:31 - Score:2885884.0, Count:8
                                     
INFO - 11/18/25 22:58:11 - 3:14:31 - Score:2876115.0, Count:3
                                     
INFO - 11/18/25 22:58:11 - 3:14:31 - Score:2873424.0, Count:8
                                     
INFO - 11/18/25 22:58:11 - 3:14:31 - Score:2867088.0, Count:3
                                     
INFO - 11/18/25 22:58:11 - 3:14:31 - Score:2866550.0, Count:2
                                     
INFO - 11/18/25 22:58:11 - 3:14:31 - Score:2865684.0, Count:8
                                     
INFO - 11/18/25 22:58:11 - 3:14:31 - Score:2864416.0, Count:6
                                     
INFO - 11/18/25 22:58:11 - 3:14:31 - Score:2864254.0, Count:5
                                     
INFO - 11/18/25 22:58:11 - 3:14:31 - tokenizing
INFO - 11/18/25 22:58:11 - 3:14:31 - Loading tokenizer from /home/yuebi/Project/dim18_run/dim18_run_1/1111/tokenizer_data/tokenizer.json...
INFO - 11/18/25 22:58:11 - 3:14:31 - 0 / 100
INFO - 11/18/25 22:58:11 - 3:14:31 - number of examples in the dataset: 100
INFO - 11/18/25 22:58:11 - 3:14:31 - max word length: 138
INFO - 11/18/25 22:58:11 - 3:14:31 - number of unique characters in the vocabulary: 15
INFO - 11/18/25 22:58:11 - 3:14:31 - vocabulary:
INFO - 11/18/25 22:58:11 - 3:14:31 - ['V0', 'V1', 'V2', 'V3', 'V4', 'V5', 'V6', 'V7', 'V8', 'V9', 'V10', 'V11', 'V12', 'V13', 'V14']
INFO - 11/18/25 22:58:11 - 3:14:31 - split up the dataset into 90 training examples and 10 test examples
INFO - 11/18/25 22:58:11 - 3:14:31 - ============ Start of generation 9 ============
INFO - 11/18/25 22:58:11 - 3:14:31 - Memory allocated:  44.72MB, reserved: 8638.00MB
INFO - 11/18/25 22:58:11 - 3:14:31 - training
INFO - 11/18/25 22:58:12 - 3:14:32 - step 0 | loss 0.2260 | step time 303.39ms
INFO - 11/18/25 22:58:41 - 3:15:01 - step 100 | loss 0.0372 | step time 296.08ms
INFO - 11/18/25 22:59:11 - 3:15:31 - step 200 | loss 0.0352 | step time 296.22ms
INFO - 11/18/25 22:59:40 - 3:16:00 - step 300 | loss 0.0334 | step time 296.04ms
INFO - 11/18/25 23:00:10 - 3:16:30 - step 400 | loss 0.0346 | step time 295.96ms
INFO - 11/18/25 23:00:40 - 3:17:00 - step 500 | loss 0.0343 | step time 296.18ms
INFO - 11/18/25 23:00:40 - 3:17:00 - step 500 train loss: 0.03469277173280716 test loss: 0.36354726552963257
INFO - 11/18/25 23:00:40 - 3:17:00 - test loss 0.36354726552963257 is the best so far, saving model to /home/yuebi/Project/dim18_run/dim18_run_1/1111/model.pt
INFO - 11/18/25 23:01:10 - 3:17:30 - step 600 | loss 0.0347 | step time 296.26ms
INFO - 11/18/25 23:01:39 - 3:17:59 - step 700 | loss 0.0342 | step time 296.31ms
INFO - 11/18/25 23:02:09 - 3:18:29 - step 800 | loss 0.0337 | step time 296.27ms
INFO - 11/18/25 23:02:38 - 3:18:58 - step 900 | loss 0.0343 | step time 296.36ms
INFO - 11/18/25 23:03:08 - 3:19:28 - step 1000 | loss 0.0346 | step time 295.87ms
INFO - 11/18/25 23:03:08 - 3:19:28 - step 1000 train loss: 0.03446604683995247 test loss: 0.4408503770828247
INFO - 11/18/25 23:03:38 - 3:19:58 - step 1100 | loss 0.0339 | step time 296.01ms
INFO - 11/18/25 23:04:08 - 3:20:28 - step 1200 | loss 0.0363 | step time 296.03ms
INFO - 11/18/25 23:04:37 - 3:20:57 - step 1300 | loss 0.0348 | step time 296.24ms
INFO - 11/18/25 23:05:07 - 3:21:27 - step 1400 | loss 0.0347 | step time 296.29ms
INFO - 11/18/25 23:05:36 - 3:21:56 - Memory allocated:  44.72MB, reserved: 8638.00MB
INFO - 11/18/25 23:05:36 - 3:21:56 - generating
INFO - 11/18/25 23:43:47 - 0:00:00 - ============ Initialized logger ============
INFO - 11/18/25 23:43:47 - 0:00:00 - batch_size: 32
                                     command: python fc_loop.py --exp_name=dim18_run_1 --dump_path=/home/yuebi/Project/dim18_run --num_initial_empty_objects=800 --final_database_size=100 --target_db_size=100 --nb_local_searches=800 --max_epochs=20 --type=transformer --max-output-length=305 --sample-only=30000 --max-steps=1500 --n_tokens=15 --n-layer=8 --n-embd=128 --n-embd2=128 --exp_id=1111 --exp_id "1111"
                                     cpu: False
                                     debug: False
                                     debug_slurm: False
                                     dump_path: /home/yuebi/Project/dim18_run/dim18_run_1/1111
                                     exp_id: 1111
                                     exp_name: dim18_run_1
                                     final_database_size: 100
                                     gen_batch_size: 1000
                                     global_rank: 0
                                     is_master: True
                                     is_slurm_job: True
                                     learning_rate: 0.0005
                                     local_rank: 0
                                     master_addr: gpu-6
                                     master_port: -1
                                     max_epochs: 20
                                     max_output_length: 305
                                     max_steps: 1500
                                     multi_gpu: False
                                     multi_node: False
                                     n_embd: 128
                                     n_embd2: 128
                                     n_gpu_per_node: 1
                                     n_head: 8
                                     n_layer: 8
                                     n_nodes: 1
                                     n_tokens: 15
                                     nb_local_searches: 800
                                     nb_threads: 1
                                     node_id: 0
                                     num_initial_empty_objects: 800
                                     num_workers: 8
                                     sample_only: 30000
                                     seed: -1
                                     target_db_size: 100
                                     temperature: 1.0
                                     top_k: -1
                                     type: transformer
                                     weight_decay: 0.01
                                     world_size: 1
INFO - 11/18/25 23:43:47 - 0:00:00 - The experiment will be stored in /home/yuebi/Project/dim18_run/dim18_run_1/1111
                                     
INFO - 11/18/25 23:43:47 - 0:00:00 - Running command: python fc_loop.py --exp_name=dim18_run_1 --dump_path=/home/yuebi/Project/dim18_run --num_initial_empty_objects=800 --final_database_size=100 --target_db_size=100 --nb_local_searches=800 --max_epochs=20 --type=transformer --max-output-length=305 --sample-only=30000 --max-steps=1500 --n_tokens=15 --n-layer=8 --n-embd=128 --n-embd2=128 --exp_id=1111

WARNING - 11/18/25 23:43:47 - 0:00:00 - Signal handler installed.
INFO - 11/18/25 23:43:47 - 0:00:00 - seed: 554706536
INFO - 11/18/25 23:43:47 - 0:00:00 - initializing at generation: 9
INFO - 11/18/25 23:43:47 - 0:00:00 - number of examples in the dataset: 100
INFO - 11/18/25 23:43:47 - 0:00:00 - max word length: 138
INFO - 11/18/25 23:43:47 - 0:00:00 - number of unique characters in the vocabulary: 15
INFO - 11/18/25 23:43:47 - 0:00:00 - vocabulary:
INFO - 11/18/25 23:43:47 - 0:00:00 - ['V0', 'V1', 'V2', 'V3', 'V4', 'V5', 'V6', 'V7', 'V8', 'V9', 'V10', 'V11', 'V12', 'V13', 'V14']
INFO - 11/18/25 23:43:47 - 0:00:00 - split up the dataset into 90 training examples and 10 test examples
INFO - 11/18/25 23:43:47 - 0:00:00 - dataset determined that: vocab_size=16, block_size=306
INFO - 11/18/25 23:43:47 - 0:00:00 - model #params: 1629696
INFO - 11/18/25 23:43:47 - 0:00:00 - resuming from existing model
INFO - 11/18/25 23:43:47 - 0:00:00 - ============ Start of generation 9 ============
INFO - 11/18/25 23:43:47 - 0:00:00 - Memory allocated:  9.08MB, reserved: 20.00MB
INFO - 11/18/25 23:43:47 - 0:00:00 - training
INFO - 11/18/25 23:43:52 - 0:00:05 - step 0 | loss 0.0702 | step time 626.59ms
INFO - 11/18/25 23:44:22 - 0:00:35 - step 100 | loss 0.0344 | step time 295.41ms
INFO - 11/18/25 23:44:51 - 0:01:04 - step 200 | loss 0.0351 | step time 295.25ms
INFO - 11/18/25 23:45:21 - 0:01:34 - step 300 | loss 0.0341 | step time 295.31ms
INFO - 11/18/25 23:45:50 - 0:02:03 - step 400 | loss 0.0342 | step time 295.53ms
INFO - 11/18/25 23:46:20 - 0:02:33 - step 500 | loss 0.0343 | step time 296.03ms
INFO - 11/18/25 23:46:20 - 0:02:33 - step 500 train loss: 0.0343686081469059 test loss: 0.4453452229499817
INFO - 11/18/25 23:46:20 - 0:02:33 - test loss 0.4453452229499817 is the best so far, saving model to /home/yuebi/Project/dim18_run/dim18_run_1/1111/model.pt
INFO - 11/18/25 23:46:50 - 0:03:03 - step 600 | loss 0.0344 | step time 295.88ms
INFO - 11/18/25 23:47:19 - 0:03:32 - step 700 | loss 0.0341 | step time 295.83ms
INFO - 11/18/25 23:47:49 - 0:04:02 - step 800 | loss 0.0345 | step time 296.00ms
INFO - 11/18/25 23:48:19 - 0:04:32 - step 900 | loss 0.0344 | step time 296.11ms
INFO - 11/18/25 23:48:48 - 0:05:01 - step 1000 | loss 0.0346 | step time 296.20ms
INFO - 11/18/25 23:48:48 - 0:05:01 - step 1000 train loss: 0.03454750403761864 test loss: 0.5116038918495178
INFO - 11/18/25 23:49:18 - 0:05:31 - step 1100 | loss 0.0329 | step time 295.89ms
INFO - 11/18/25 23:49:48 - 0:06:01 - step 1200 | loss 0.0340 | step time 296.09ms
INFO - 11/18/25 23:50:17 - 0:06:30 - step 1300 | loss 0.0354 | step time 296.21ms
INFO - 11/18/25 23:50:47 - 0:07:00 - step 1400 | loss 0.0341 | step time 296.09ms
INFO - 11/18/25 23:51:16 - 0:07:29 - Memory allocated:  44.72MB, reserved: 2660.00MB
INFO - 11/18/25 23:51:16 - 0:07:29 - generating
INFO - 11/19/25 02:52:25 - 3:08:38 - distribution of sample lengths: average: 417.4737666666667 max: 956
INFO - 11/19/25 02:52:25 - 3:08:38 - printed 30000 samples
INFO - 11/19/25 02:52:25 - 3:08:38 - decoding
INFO - 11/19/25 02:52:26 - 3:08:39 - Decoding complete. Check the output in /home/yuebi/Project/dim18_run/dim18_run_1/1111/transformer-output-decoded.txt
INFO - 11/19/25 02:52:26 - 3:08:39 - Memory allocated:  44.72MB, reserved: 8638.00MB
INFO - 11/19/25 02:52:26 - 3:08:39 - ============ End of generation 9 ============
INFO - 11/19/25 02:52:26 - 3:08:39 - launching search.jl
INFO - 11/19/25 02:52:26 - 3:08:39 - JULIA_NUM_THREADS is set to 1
INFO - 11/19/25 02:58:21 - 3:14:34 - distribution of scores(all rounds)
INFO - 11/19/25 02:58:21 - 3:14:34 - Score:3411968.0, Count:9
                                     
INFO - 11/19/25 02:58:21 - 3:14:34 - Score:3031476.0, Count:9
                                     
INFO - 11/19/25 02:58:21 - 3:14:34 - Score:3024424.0, Count:3
                                     
INFO - 11/19/25 02:58:21 - 3:14:34 - Score:3023296.0, Count:8
                                     
INFO - 11/19/25 02:58:21 - 3:14:34 - Score:3008400.0, Count:9
                                     
INFO - 11/19/25 02:58:21 - 3:14:34 - Score:2993192.0, Count:7
                                     
INFO - 11/19/25 02:58:21 - 3:14:34 - Score:2967040.0, Count:9
                                     
INFO - 11/19/25 02:58:21 - 3:14:34 - Score:2946048.0, Count:2
                                     
INFO - 11/19/25 02:58:21 - 3:14:34 - Score:2901872.0, Count:2
                                     
INFO - 11/19/25 02:58:21 - 3:14:34 - Score:2896896.0, Count:9
                                     
INFO - 11/19/25 02:58:21 - 3:14:34 - Score:2885884.0, Count:9
                                     
INFO - 11/19/25 02:58:21 - 3:14:34 - Score:2876115.0, Count:4
                                     
INFO - 11/19/25 02:58:21 - 3:14:34 - Score:2873424.0, Count:9
                                     
INFO - 11/19/25 02:58:21 - 3:14:34 - Score:2867088.0, Count:4
                                     
INFO - 11/19/25 02:58:21 - 3:14:34 - Score:2866550.0, Count:3
                                     
INFO - 11/19/25 02:58:21 - 3:14:34 - Score:2865684.0, Count:4
                                     
INFO - 11/19/25 02:58:21 - 3:14:34 - tokenizing
INFO - 11/19/25 02:58:21 - 3:14:34 - Loading tokenizer from /home/yuebi/Project/dim18_run/dim18_run_1/1111/tokenizer_data/tokenizer.json...
INFO - 11/19/25 02:58:21 - 3:14:34 - 0 / 100
INFO - 11/19/25 02:58:21 - 3:14:34 - number of examples in the dataset: 100
INFO - 11/19/25 02:58:21 - 3:14:34 - max word length: 138
INFO - 11/19/25 02:58:21 - 3:14:34 - number of unique characters in the vocabulary: 15
INFO - 11/19/25 02:58:21 - 3:14:34 - vocabulary:
INFO - 11/19/25 02:58:21 - 3:14:34 - ['V0', 'V1', 'V2', 'V3', 'V4', 'V5', 'V6', 'V7', 'V8', 'V9', 'V10', 'V11', 'V12', 'V13', 'V14']
INFO - 11/19/25 02:58:21 - 3:14:34 - split up the dataset into 90 training examples and 10 test examples
INFO - 11/19/25 02:58:21 - 3:14:34 - ============ Start of generation 10 ============
INFO - 11/19/25 02:58:21 - 3:14:34 - Memory allocated:  44.72MB, reserved: 8638.00MB
INFO - 11/19/25 02:58:21 - 3:14:34 - training
INFO - 11/19/25 02:58:21 - 3:14:34 - step 0 | loss 0.0722 | step time 302.69ms
INFO - 11/19/25 02:58:51 - 3:15:04 - step 100 | loss 0.0372 | step time 295.55ms
INFO - 11/19/25 02:59:20 - 3:15:33 - step 200 | loss 0.0348 | step time 295.53ms
INFO - 11/19/25 02:59:50 - 3:16:03 - step 300 | loss 0.0346 | step time 295.72ms
INFO - 11/19/25 03:00:20 - 3:16:33 - step 400 | loss 0.0348 | step time 295.66ms
INFO - 11/19/25 03:00:49 - 3:17:02 - step 500 | loss 0.0349 | step time 295.73ms
INFO - 11/19/25 03:00:49 - 3:17:02 - step 500 train loss: 0.03470510244369507 test loss: 0.09561681747436523
INFO - 11/19/25 03:00:49 - 3:17:02 - test loss 0.09561681747436523 is the best so far, saving model to /home/yuebi/Project/dim18_run/dim18_run_1/1111/model.pt
INFO - 11/19/25 03:01:19 - 3:17:32 - step 600 | loss 0.0373 | step time 295.56ms
INFO - 11/19/25 03:01:49 - 3:18:02 - step 700 | loss 0.0344 | step time 295.51ms
INFO - 11/19/25 03:02:18 - 3:18:31 - step 800 | loss 0.0343 | step time 295.67ms
INFO - 11/19/25 03:02:48 - 3:19:01 - step 900 | loss 0.0343 | step time 295.57ms
INFO - 11/19/25 03:03:17 - 3:19:30 - step 1000 | loss 0.0351 | step time 295.79ms
INFO - 11/19/25 03:03:18 - 3:19:31 - step 1000 train loss: 0.03441401198506355 test loss: 0.16443932056427002
INFO - 11/19/25 03:03:47 - 3:20:00 - step 1100 | loss 0.0335 | step time 295.92ms
INFO - 11/19/25 03:04:17 - 3:20:30 - step 1200 | loss 0.0341 | step time 295.60ms
INFO - 11/19/25 03:04:46 - 3:20:59 - step 1300 | loss 0.0343 | step time 295.87ms
INFO - 11/19/25 03:05:16 - 3:21:29 - step 1400 | loss 0.0347 | step time 295.89ms
INFO - 11/19/25 03:05:45 - 3:21:58 - Memory allocated:  44.72MB, reserved: 8638.00MB
INFO - 11/19/25 03:05:45 - 3:21:58 - generating
INFO - 11/19/25 03:43:51 - 0:00:00 - ============ Initialized logger ============
INFO - 11/19/25 03:43:51 - 0:00:00 - batch_size: 32
                                     command: python fc_loop.py --exp_name=dim18_run_1 --dump_path=/home/yuebi/Project/dim18_run --num_initial_empty_objects=800 --final_database_size=100 --target_db_size=100 --nb_local_searches=800 --max_epochs=20 --type=transformer --max-output-length=305 --sample-only=30000 --max-steps=1500 --n_tokens=15 --n-layer=8 --n-embd=128 --n-embd2=128 --exp_id=1111 --exp_id "1111"
                                     cpu: False
                                     debug: False
                                     debug_slurm: False
                                     dump_path: /home/yuebi/Project/dim18_run/dim18_run_1/1111
                                     exp_id: 1111
                                     exp_name: dim18_run_1
                                     final_database_size: 100
                                     gen_batch_size: 1000
                                     global_rank: 0
                                     is_master: True
                                     is_slurm_job: True
                                     learning_rate: 0.0005
                                     local_rank: 0
                                     master_addr: gpu-6
                                     master_port: -1
                                     max_epochs: 20
                                     max_output_length: 305
                                     max_steps: 1500
                                     multi_gpu: False
                                     multi_node: False
                                     n_embd: 128
                                     n_embd2: 128
                                     n_gpu_per_node: 1
                                     n_head: 8
                                     n_layer: 8
                                     n_nodes: 1
                                     n_tokens: 15
                                     nb_local_searches: 800
                                     nb_threads: 1
                                     node_id: 0
                                     num_initial_empty_objects: 800
                                     num_workers: 8
                                     sample_only: 30000
                                     seed: -1
                                     target_db_size: 100
                                     temperature: 1.0
                                     top_k: -1
                                     type: transformer
                                     weight_decay: 0.01
                                     world_size: 1
INFO - 11/19/25 03:43:51 - 0:00:00 - The experiment will be stored in /home/yuebi/Project/dim18_run/dim18_run_1/1111
                                     
INFO - 11/19/25 03:43:51 - 0:00:00 - Running command: python fc_loop.py --exp_name=dim18_run_1 --dump_path=/home/yuebi/Project/dim18_run --num_initial_empty_objects=800 --final_database_size=100 --target_db_size=100 --nb_local_searches=800 --max_epochs=20 --type=transformer --max-output-length=305 --sample-only=30000 --max-steps=1500 --n_tokens=15 --n-layer=8 --n-embd=128 --n-embd2=128 --exp_id=1111

WARNING - 11/19/25 03:43:51 - 0:00:00 - Signal handler installed.
INFO - 11/19/25 03:43:51 - 0:00:00 - seed: 924408952
INFO - 11/19/25 03:43:51 - 0:00:00 - initializing at generation: 10
INFO - 11/19/25 03:43:51 - 0:00:00 - number of examples in the dataset: 100
INFO - 11/19/25 03:43:51 - 0:00:00 - max word length: 138
INFO - 11/19/25 03:43:51 - 0:00:00 - number of unique characters in the vocabulary: 15
INFO - 11/19/25 03:43:51 - 0:00:00 - vocabulary:
INFO - 11/19/25 03:43:51 - 0:00:00 - ['V0', 'V1', 'V2', 'V3', 'V4', 'V5', 'V6', 'V7', 'V8', 'V9', 'V10', 'V11', 'V12', 'V13', 'V14']
INFO - 11/19/25 03:43:51 - 0:00:00 - split up the dataset into 90 training examples and 10 test examples
INFO - 11/19/25 03:43:51 - 0:00:00 - dataset determined that: vocab_size=16, block_size=306
INFO - 11/19/25 03:43:51 - 0:00:00 - model #params: 1629696
INFO - 11/19/25 03:43:51 - 0:00:00 - resuming from existing model
INFO - 11/19/25 03:43:51 - 0:00:00 - ============ Start of generation 10 ============
INFO - 11/19/25 03:43:51 - 0:00:00 - Memory allocated:  9.08MB, reserved: 20.00MB
INFO - 11/19/25 03:43:51 - 0:00:00 - training
INFO - 11/19/25 03:43:56 - 0:00:05 - step 0 | loss 0.0416 | step time 624.34ms
INFO - 11/19/25 03:44:25 - 0:00:34 - step 100 | loss 0.0346 | step time 295.44ms
INFO - 11/19/25 03:44:55 - 0:01:04 - step 200 | loss 0.0344 | step time 295.35ms
INFO - 11/19/25 03:45:25 - 0:01:34 - step 300 | loss 0.0340 | step time 295.65ms
INFO - 11/19/25 03:45:54 - 0:02:03 - step 400 | loss 0.0354 | step time 295.43ms
INFO - 11/19/25 03:46:24 - 0:02:33 - step 500 | loss 0.0388 | step time 295.54ms
INFO - 11/19/25 03:46:24 - 0:02:33 - step 500 train loss: 0.0359065979719162 test loss: 0.13197274506092072
INFO - 11/19/25 03:46:24 - 0:02:33 - test loss 0.13197274506092072 is the best so far, saving model to /home/yuebi/Project/dim18_run/dim18_run_1/1111/model.pt
INFO - 11/19/25 03:46:54 - 0:03:03 - step 600 | loss 0.0340 | step time 295.55ms
INFO - 11/19/25 03:47:23 - 0:03:32 - step 700 | loss 0.0347 | step time 295.50ms
INFO - 11/19/25 03:47:53 - 0:04:02 - step 800 | loss 0.0341 | step time 295.67ms
INFO - 11/19/25 03:48:22 - 0:04:31 - step 900 | loss 0.0339 | step time 295.96ms
INFO - 11/19/25 03:48:52 - 0:05:01 - step 1000 | loss 0.0341 | step time 295.27ms
INFO - 11/19/25 03:48:52 - 0:05:01 - step 1000 train loss: 0.03448154777288437 test loss: 0.12485165894031525
INFO - 11/19/25 03:48:52 - 0:05:01 - test loss 0.12485165894031525 is the best so far, saving model to /home/yuebi/Project/dim18_run/dim18_run_1/1111/model.pt
INFO - 11/19/25 03:49:22 - 0:05:31 - step 1100 | loss 0.0332 | step time 295.63ms
INFO - 11/19/25 03:49:51 - 0:06:00 - step 1200 | loss 0.0346 | step time 295.85ms
INFO - 11/19/25 03:50:21 - 0:06:30 - step 1300 | loss 0.0340 | step time 295.66ms
INFO - 11/19/25 03:50:50 - 0:06:59 - step 1400 | loss 0.0346 | step time 295.65ms
INFO - 11/19/25 03:51:20 - 0:07:29 - Memory allocated:  44.72MB, reserved: 2660.00MB
INFO - 11/19/25 03:51:20 - 0:07:29 - generating
INFO - 11/19/25 06:52:30 - 3:08:39 - distribution of sample lengths: average: 417.5017 max: 434
INFO - 11/19/25 06:52:30 - 3:08:39 - printed 30000 samples
INFO - 11/19/25 06:52:30 - 3:08:39 - decoding
INFO - 11/19/25 06:52:31 - 3:08:40 - Decoding complete. Check the output in /home/yuebi/Project/dim18_run/dim18_run_1/1111/transformer-output-decoded.txt
INFO - 11/19/25 06:52:31 - 3:08:40 - Memory allocated:  44.72MB, reserved: 8638.00MB
INFO - 11/19/25 06:52:31 - 3:08:40 - ============ End of generation 10 ============
INFO - 11/19/25 06:52:31 - 3:08:40 - launching search.jl
INFO - 11/19/25 06:52:31 - 3:08:40 - JULIA_NUM_THREADS is set to 1
INFO - 11/19/25 06:58:25 - 3:14:34 - distribution of scores(all rounds)
INFO - 11/19/25 06:58:25 - 3:14:34 - Score:3411968.0, Count:10
                                     
INFO - 11/19/25 06:58:25 - 3:14:34 - Score:3031476.0, Count:10
                                     
INFO - 11/19/25 06:58:25 - 3:14:34 - Score:3024424.0, Count:4
                                     
INFO - 11/19/25 06:58:25 - 3:14:34 - Score:3023296.0, Count:9
                                     
INFO - 11/19/25 06:58:25 - 3:14:34 - Score:3008400.0, Count:10
                                     
INFO - 11/19/25 06:58:25 - 3:14:34 - Score:2993192.0, Count:8
                                     
INFO - 11/19/25 06:58:25 - 3:14:34 - Score:2977608.0, Count:1
                                     
INFO - 11/19/25 06:58:25 - 3:14:34 - Score:2967040.0, Count:10
                                     
INFO - 11/19/25 06:58:25 - 3:14:34 - Score:2946048.0, Count:3
                                     
INFO - 11/19/25 06:58:25 - 3:14:34 - Score:2901872.0, Count:3
                                     
INFO - 11/19/25 06:58:25 - 3:14:34 - Score:2896896.0, Count:10
                                     
INFO - 11/19/25 06:58:25 - 3:14:34 - Score:2885884.0, Count:10
                                     
INFO - 11/19/25 06:58:25 - 3:14:34 - Score:2876115.0, Count:5
                                     
INFO - 11/19/25 06:58:25 - 3:14:34 - Score:2873424.0, Count:7
                                     
INFO - 11/19/25 06:58:25 - 3:14:34 - tokenizing
INFO - 11/19/25 06:58:25 - 3:14:34 - Loading tokenizer from /home/yuebi/Project/dim18_run/dim18_run_1/1111/tokenizer_data/tokenizer.json...
INFO - 11/19/25 06:58:25 - 3:14:34 - 0 / 100
INFO - 11/19/25 06:58:25 - 3:14:34 - number of examples in the dataset: 100
INFO - 11/19/25 06:58:25 - 3:14:34 - max word length: 138
INFO - 11/19/25 06:58:25 - 3:14:34 - number of unique characters in the vocabulary: 15
INFO - 11/19/25 06:58:25 - 3:14:34 - vocabulary:
INFO - 11/19/25 06:58:25 - 3:14:34 - ['V0', 'V1', 'V2', 'V3', 'V4', 'V5', 'V6', 'V7', 'V8', 'V9', 'V10', 'V11', 'V12', 'V13', 'V14']
INFO - 11/19/25 06:58:25 - 3:14:34 - split up the dataset into 90 training examples and 10 test examples
INFO - 11/19/25 06:58:25 - 3:14:34 - ============ Start of generation 11 ============
INFO - 11/19/25 06:58:25 - 3:14:34 - Memory allocated:  44.72MB, reserved: 8638.00MB
INFO - 11/19/25 06:58:25 - 3:14:34 - training
INFO - 11/19/25 06:58:25 - 3:14:34 - step 0 | loss 0.2033 | step time 302.62ms
INFO - 11/19/25 06:58:55 - 3:15:04 - step 100 | loss 0.0364 | step time 295.84ms
INFO - 11/19/25 06:59:24 - 3:15:33 - step 200 | loss 0.0348 | step time 296.01ms
INFO - 11/19/25 06:59:54 - 3:16:03 - step 300 | loss 0.0336 | step time 296.02ms
INFO - 11/19/25 07:00:23 - 3:16:32 - step 400 | loss 0.0342 | step time 296.18ms
INFO - 11/19/25 07:00:53 - 3:17:02 - step 500 | loss 0.0353 | step time 296.21ms
INFO - 11/19/25 07:00:53 - 3:17:02 - step 500 train loss: 0.034602679312229156 test loss: 0.10089769214391708
INFO - 11/19/25 07:00:53 - 3:17:02 - test loss 0.10089769214391708 is the best so far, saving model to /home/yuebi/Project/dim18_run/dim18_run_1/1111/model.pt
INFO - 11/19/25 07:01:23 - 3:17:32 - step 600 | loss 0.0341 | step time 296.27ms
INFO - 11/19/25 07:01:53 - 3:18:02 - step 700 | loss 0.0472 | step time 296.34ms
INFO - 11/19/25 07:02:22 - 3:18:31 - step 800 | loss 0.0342 | step time 296.31ms
INFO - 11/19/25 07:02:52 - 3:19:01 - step 900 | loss 0.0340 | step time 296.18ms
INFO - 11/19/25 07:03:21 - 3:19:30 - step 1000 | loss 0.0338 | step time 296.33ms
INFO - 11/19/25 07:03:22 - 3:19:31 - step 1000 train loss: 0.03424284979701042 test loss: 0.1915043741464615
INFO - 11/19/25 07:03:51 - 3:20:00 - step 1100 | loss 0.0347 | step time 296.32ms
INFO - 11/19/25 07:04:21 - 3:20:30 - step 1200 | loss 0.0345 | step time 296.36ms
INFO - 11/19/25 07:04:51 - 3:21:00 - step 1300 | loss 0.0448 | step time 296.39ms
INFO - 11/19/25 07:05:20 - 3:21:29 - step 1400 | loss 0.0342 | step time 296.19ms
INFO - 11/19/25 07:05:50 - 3:21:59 - Memory allocated:  44.72MB, reserved: 8638.00MB
INFO - 11/19/25 07:05:50 - 3:21:59 - generating
INFO - 11/19/25 07:44:02 - 0:00:00 - ============ Initialized logger ============
INFO - 11/19/25 07:44:02 - 0:00:00 - batch_size: 32
                                     command: python fc_loop.py --exp_name=dim18_run_1 --dump_path=/home/yuebi/Project/dim18_run --num_initial_empty_objects=800 --final_database_size=100 --target_db_size=100 --nb_local_searches=800 --max_epochs=20 --type=transformer --max-output-length=305 --sample-only=30000 --max-steps=1500 --n_tokens=15 --n-layer=8 --n-embd=128 --n-embd2=128 --exp_id=1111 --exp_id "1111"
                                     cpu: False
                                     debug: False
                                     debug_slurm: False
                                     dump_path: /home/yuebi/Project/dim18_run/dim18_run_1/1111
                                     exp_id: 1111
                                     exp_name: dim18_run_1
                                     final_database_size: 100
                                     gen_batch_size: 1000
                                     global_rank: 0
                                     is_master: True
                                     is_slurm_job: True
                                     learning_rate: 0.0005
                                     local_rank: 0
                                     master_addr: gpu-6
                                     master_port: -1
                                     max_epochs: 20
                                     max_output_length: 305
                                     max_steps: 1500
                                     multi_gpu: False
                                     multi_node: False
                                     n_embd: 128
                                     n_embd2: 128
                                     n_gpu_per_node: 1
                                     n_head: 8
                                     n_layer: 8
                                     n_nodes: 1
                                     n_tokens: 15
                                     nb_local_searches: 800
                                     nb_threads: 1
                                     node_id: 0
                                     num_initial_empty_objects: 800
                                     num_workers: 8
                                     sample_only: 30000
                                     seed: -1
                                     target_db_size: 100
                                     temperature: 1.0
                                     top_k: -1
                                     type: transformer
                                     weight_decay: 0.01
                                     world_size: 1
INFO - 11/19/25 07:44:02 - 0:00:00 - The experiment will be stored in /home/yuebi/Project/dim18_run/dim18_run_1/1111
                                     
INFO - 11/19/25 07:44:02 - 0:00:00 - Running command: python fc_loop.py --exp_name=dim18_run_1 --dump_path=/home/yuebi/Project/dim18_run --num_initial_empty_objects=800 --final_database_size=100 --target_db_size=100 --nb_local_searches=800 --max_epochs=20 --type=transformer --max-output-length=305 --sample-only=30000 --max-steps=1500 --n_tokens=15 --n-layer=8 --n-embd=128 --n-embd2=128 --exp_id=1111

WARNING - 11/19/25 07:44:02 - 0:00:00 - Signal handler installed.
INFO - 11/19/25 07:44:02 - 0:00:00 - seed: 742219002
INFO - 11/19/25 07:44:02 - 0:00:00 - initializing at generation: 11
INFO - 11/19/25 07:44:02 - 0:00:00 - number of examples in the dataset: 100
INFO - 11/19/25 07:44:02 - 0:00:00 - max word length: 138
INFO - 11/19/25 07:44:02 - 0:00:00 - number of unique characters in the vocabulary: 15
INFO - 11/19/25 07:44:02 - 0:00:00 - vocabulary:
INFO - 11/19/25 07:44:02 - 0:00:00 - ['V0', 'V1', 'V2', 'V3', 'V4', 'V5', 'V6', 'V7', 'V8', 'V9', 'V10', 'V11', 'V12', 'V13', 'V14']
INFO - 11/19/25 07:44:02 - 0:00:00 - split up the dataset into 90 training examples and 10 test examples
INFO - 11/19/25 07:44:02 - 0:00:00 - dataset determined that: vocab_size=16, block_size=306
INFO - 11/19/25 07:44:02 - 0:00:00 - model #params: 1629696
INFO - 11/19/25 07:44:02 - 0:00:00 - resuming from existing model
INFO - 11/19/25 07:44:02 - 0:00:00 - ============ Start of generation 11 ============
INFO - 11/19/25 07:44:02 - 0:00:00 - Memory allocated:  9.08MB, reserved: 20.00MB
INFO - 11/19/25 07:44:02 - 0:00:00 - training
INFO - 11/19/25 07:44:07 - 0:00:05 - step 0 | loss 0.0481 | step time 620.34ms
INFO - 11/19/25 07:44:36 - 0:00:34 - step 100 | loss 0.0343 | step time 295.73ms
INFO - 11/19/25 07:45:06 - 0:01:04 - step 200 | loss 0.0341 | step time 295.71ms
INFO - 11/19/25 07:45:36 - 0:01:34 - step 300 | loss 0.0339 | step time 295.76ms
INFO - 11/19/25 07:46:05 - 0:02:03 - step 400 | loss 0.0340 | step time 295.76ms
INFO - 11/19/25 07:46:35 - 0:02:33 - step 500 | loss 0.0340 | step time 295.71ms
INFO - 11/19/25 07:46:35 - 0:02:33 - step 500 train loss: 0.0346834734082222 test loss: 0.08344859629869461
INFO - 11/19/25 07:46:35 - 0:02:33 - test loss 0.08344859629869461 is the best so far, saving model to /home/yuebi/Project/dim18_run/dim18_run_1/1111/model.pt
INFO - 11/19/25 07:47:05 - 0:03:03 - step 600 | loss 0.0338 | step time 295.87ms
INFO - 11/19/25 07:47:34 - 0:03:32 - step 700 | loss 0.0343 | step time 296.01ms
INFO - 11/19/25 07:48:04 - 0:04:02 - step 800 | loss 0.0345 | step time 295.60ms
INFO - 11/19/25 07:48:33 - 0:04:31 - step 900 | loss 0.0345 | step time 295.81ms
INFO - 11/19/25 07:49:03 - 0:05:01 - step 1000 | loss 0.0343 | step time 295.53ms
INFO - 11/19/25 07:49:03 - 0:05:01 - step 1000 train loss: 0.034381140023469925 test loss: 0.13418523967266083
INFO - 11/19/25 07:49:33 - 0:05:31 - step 1100 | loss 0.0349 | step time 295.78ms
INFO - 11/19/25 07:50:02 - 0:06:00 - step 1200 | loss 0.0462 | step time 295.99ms
INFO - 11/19/25 07:50:32 - 0:06:30 - step 1300 | loss 0.0343 | step time 295.70ms
INFO - 11/19/25 07:51:01 - 0:07:00 - step 1400 | loss 0.0343 | step time 295.96ms
INFO - 11/19/25 07:51:31 - 0:07:29 - Memory allocated:  44.72MB, reserved: 2660.00MB
INFO - 11/19/25 07:51:31 - 0:07:29 - generating
INFO - 11/19/25 10:52:39 - 3:08:37 - distribution of sample lengths: average: 418.4067333333333 max: 967
INFO - 11/19/25 10:52:39 - 3:08:37 - printed 30000 samples
INFO - 11/19/25 10:52:39 - 3:08:37 - decoding
INFO - 11/19/25 10:52:40 - 3:08:38 - Decoding complete. Check the output in /home/yuebi/Project/dim18_run/dim18_run_1/1111/transformer-output-decoded.txt
INFO - 11/19/25 10:52:40 - 3:08:38 - Memory allocated:  44.72MB, reserved: 8638.00MB
INFO - 11/19/25 10:52:40 - 3:08:38 - ============ End of generation 11 ============
INFO - 11/19/25 10:52:40 - 3:08:38 - launching search.jl
INFO - 11/19/25 10:52:40 - 3:08:38 - JULIA_NUM_THREADS is set to 1
INFO - 11/19/25 10:58:33 - 3:14:31 - distribution of scores(all rounds)
INFO - 11/19/25 10:58:33 - 3:14:31 - Score:3411968.0, Count:11
                                     
INFO - 11/19/25 10:58:33 - 3:14:31 - Score:3031476.0, Count:11
                                     
INFO - 11/19/25 10:58:33 - 3:14:31 - Score:3024424.0, Count:5
                                     
INFO - 11/19/25 10:58:33 - 3:14:31 - Score:3023296.0, Count:10
                                     
INFO - 11/19/25 10:58:33 - 3:14:31 - Score:3008400.0, Count:11
                                     
INFO - 11/19/25 10:58:33 - 3:14:31 - Score:2993192.0, Count:9
                                     
INFO - 11/19/25 10:58:33 - 3:14:31 - Score:2977608.0, Count:2
                                     
INFO - 11/19/25 10:58:33 - 3:14:31 - Score:2967040.0, Count:11
                                     
INFO - 11/19/25 10:58:33 - 3:14:31 - Score:2946048.0, Count:4
                                     
INFO - 11/19/25 10:58:33 - 3:14:31 - Score:2901872.0, Count:4
                                     
INFO - 11/19/25 10:58:33 - 3:14:31 - Score:2896896.0, Count:11
                                     
INFO - 11/19/25 10:58:33 - 3:14:31 - Score:2885884.0, Count:11
                                     
INFO - 11/19/25 10:58:33 - 3:14:31 - Score:2876115.0, Count:0
                                     
INFO - 11/19/25 10:58:33 - 3:14:31 - tokenizing
INFO - 11/19/25 10:58:33 - 3:14:31 - Loading tokenizer from /home/yuebi/Project/dim18_run/dim18_run_1/1111/tokenizer_data/tokenizer.json...
INFO - 11/19/25 10:58:33 - 3:14:31 - 0 / 100
INFO - 11/19/25 10:58:33 - 3:14:31 - number of examples in the dataset: 100
INFO - 11/19/25 10:58:33 - 3:14:31 - max word length: 138
INFO - 11/19/25 10:58:33 - 3:14:31 - number of unique characters in the vocabulary: 15
INFO - 11/19/25 10:58:33 - 3:14:31 - vocabulary:
INFO - 11/19/25 10:58:33 - 3:14:31 - ['V0', 'V1', 'V2', 'V3', 'V4', 'V5', 'V6', 'V7', 'V8', 'V9', 'V10', 'V11', 'V12', 'V13', 'V14']
INFO - 11/19/25 10:58:33 - 3:14:31 - split up the dataset into 90 training examples and 10 test examples
INFO - 11/19/25 10:58:33 - 3:14:31 - ============ Start of generation 12 ============
INFO - 11/19/25 10:58:33 - 3:14:31 - Memory allocated:  44.72MB, reserved: 8638.00MB
INFO - 11/19/25 10:58:33 - 3:14:31 - training
INFO - 11/19/25 10:58:33 - 3:14:31 - step 0 | loss 0.0664 | step time 302.90ms
INFO - 11/19/25 10:59:03 - 3:15:01 - step 100 | loss 0.0345 | step time 295.94ms
INFO - 11/19/25 10:59:32 - 3:15:30 - step 200 | loss 0.0343 | step time 295.99ms
INFO - 11/19/25 11:00:02 - 3:16:00 - step 300 | loss 0.0342 | step time 296.08ms
INFO - 11/19/25 11:00:32 - 3:16:30 - step 400 | loss 0.0338 | step time 295.89ms
INFO - 11/19/25 11:01:01 - 3:16:59 - step 500 | loss 0.0516 | step time 296.05ms
INFO - 11/19/25 11:01:02 - 3:17:00 - step 500 train loss: 0.06038856878876686 test loss: 0.16440439224243164
INFO - 11/19/25 11:01:02 - 3:17:00 - test loss 0.16440439224243164 is the best so far, saving model to /home/yuebi/Project/dim18_run/dim18_run_1/1111/model.pt
INFO - 11/19/25 11:01:31 - 3:17:29 - step 600 | loss 0.0365 | step time 296.37ms
INFO - 11/19/25 11:02:01 - 3:17:59 - step 700 | loss 0.0351 | step time 296.25ms
INFO - 11/19/25 11:02:30 - 3:18:28 - step 800 | loss 0.0340 | step time 296.37ms
INFO - 11/19/25 11:03:00 - 3:18:58 - step 900 | loss 0.0346 | step time 295.98ms
INFO - 11/19/25 11:03:30 - 3:19:28 - step 1000 | loss 0.0345 | step time 295.96ms
INFO - 11/19/25 11:03:30 - 3:19:28 - step 1000 train loss: 0.03444690629839897 test loss: 0.14704257249832153
INFO - 11/19/25 11:03:30 - 3:19:28 - test loss 0.14704257249832153 is the best so far, saving model to /home/yuebi/Project/dim18_run/dim18_run_1/1111/model.pt
INFO - 11/19/25 11:04:00 - 3:19:58 - step 1100 | loss 0.0344 | step time 296.16ms
INFO - 11/19/25 11:04:29 - 3:20:27 - step 1200 | loss 0.0344 | step time 296.16ms
INFO - 11/19/25 11:04:59 - 3:20:57 - step 1300 | loss 0.0343 | step time 296.10ms
INFO - 11/19/25 11:05:28 - 3:21:26 - step 1400 | loss 0.0345 | step time 295.92ms
INFO - 11/19/25 11:05:58 - 3:21:56 - Memory allocated:  44.72MB, reserved: 8638.00MB
INFO - 11/19/25 11:05:58 - 3:21:56 - generating
INFO - 11/19/25 11:44:07 - 0:00:00 - ============ Initialized logger ============
INFO - 11/19/25 11:44:07 - 0:00:00 - batch_size: 32
                                     command: python fc_loop.py --exp_name=dim18_run_1 --dump_path=/home/yuebi/Project/dim18_run --num_initial_empty_objects=800 --final_database_size=100 --target_db_size=100 --nb_local_searches=800 --max_epochs=20 --type=transformer --max-output-length=305 --sample-only=30000 --max-steps=1500 --n_tokens=15 --n-layer=8 --n-embd=128 --n-embd2=128 --exp_id=1111 --exp_id "1111"
                                     cpu: False
                                     debug: False
                                     debug_slurm: False
                                     dump_path: /home/yuebi/Project/dim18_run/dim18_run_1/1111
                                     exp_id: 1111
                                     exp_name: dim18_run_1
                                     final_database_size: 100
                                     gen_batch_size: 1000
                                     global_rank: 0
                                     is_master: True
                                     is_slurm_job: True
                                     learning_rate: 0.0005
                                     local_rank: 0
                                     master_addr: gpu-6
                                     master_port: -1
                                     max_epochs: 20
                                     max_output_length: 305
                                     max_steps: 1500
                                     multi_gpu: False
                                     multi_node: False
                                     n_embd: 128
                                     n_embd2: 128
                                     n_gpu_per_node: 1
                                     n_head: 8
                                     n_layer: 8
                                     n_nodes: 1
                                     n_tokens: 15
                                     nb_local_searches: 800
                                     nb_threads: 1
                                     node_id: 0
                                     num_initial_empty_objects: 800
                                     num_workers: 8
                                     sample_only: 30000
                                     seed: -1
                                     target_db_size: 100
                                     temperature: 1.0
                                     top_k: -1
                                     type: transformer
                                     weight_decay: 0.01
                                     world_size: 1
INFO - 11/19/25 11:44:07 - 0:00:00 - The experiment will be stored in /home/yuebi/Project/dim18_run/dim18_run_1/1111
                                     
INFO - 11/19/25 11:44:07 - 0:00:00 - Running command: python fc_loop.py --exp_name=dim18_run_1 --dump_path=/home/yuebi/Project/dim18_run --num_initial_empty_objects=800 --final_database_size=100 --target_db_size=100 --nb_local_searches=800 --max_epochs=20 --type=transformer --max-output-length=305 --sample-only=30000 --max-steps=1500 --n_tokens=15 --n-layer=8 --n-embd=128 --n-embd2=128 --exp_id=1111

WARNING - 11/19/25 11:44:07 - 0:00:00 - Signal handler installed.
INFO - 11/19/25 11:44:07 - 0:00:00 - seed: 808020039
INFO - 11/19/25 11:44:07 - 0:00:00 - initializing at generation: 12
INFO - 11/19/25 11:44:07 - 0:00:00 - number of examples in the dataset: 100
INFO - 11/19/25 11:44:07 - 0:00:00 - max word length: 138
INFO - 11/19/25 11:44:07 - 0:00:00 - number of unique characters in the vocabulary: 15
INFO - 11/19/25 11:44:07 - 0:00:00 - vocabulary:
INFO - 11/19/25 11:44:07 - 0:00:00 - ['V0', 'V1', 'V2', 'V3', 'V4', 'V5', 'V6', 'V7', 'V8', 'V9', 'V10', 'V11', 'V12', 'V13', 'V14']
INFO - 11/19/25 11:44:07 - 0:00:00 - split up the dataset into 90 training examples and 10 test examples
INFO - 11/19/25 11:44:07 - 0:00:00 - dataset determined that: vocab_size=16, block_size=306
INFO - 11/19/25 11:44:07 - 0:00:00 - model #params: 1629696
INFO - 11/19/25 11:44:07 - 0:00:00 - resuming from existing model
INFO - 11/19/25 11:44:07 - 0:00:00 - ============ Start of generation 12 ============
INFO - 11/19/25 11:44:07 - 0:00:00 - Memory allocated:  9.08MB, reserved: 20.00MB
INFO - 11/19/25 11:44:07 - 0:00:00 - training
INFO - 11/19/25 11:44:12 - 0:00:05 - step 0 | loss 0.0542 | step time 632.19ms
INFO - 11/19/25 11:44:42 - 0:00:35 - step 100 | loss 0.0348 | step time 295.16ms
INFO - 11/19/25 11:45:11 - 0:01:04 - step 200 | loss 0.0342 | step time 295.39ms
INFO - 11/19/25 11:45:41 - 0:01:34 - step 300 | loss 0.0344 | step time 295.42ms
INFO - 11/19/25 11:46:10 - 0:02:03 - step 400 | loss 0.0343 | step time 295.17ms
INFO - 11/19/25 11:46:40 - 0:02:33 - step 500 | loss 0.0348 | step time 295.41ms
INFO - 11/19/25 11:46:40 - 0:02:33 - step 500 train loss: 0.03463209792971611 test loss: 0.08508845418691635
INFO - 11/19/25 11:46:40 - 0:02:33 - test loss 0.08508845418691635 is the best so far, saving model to /home/yuebi/Project/dim18_run/dim18_run_1/1111/model.pt
INFO - 11/19/25 11:47:10 - 0:03:03 - step 600 | loss 0.0344 | step time 295.42ms
INFO - 11/19/25 11:47:39 - 0:03:32 - step 700 | loss 0.0343 | step time 295.32ms
INFO - 11/19/25 11:48:09 - 0:04:02 - step 800 | loss 0.0353 | step time 295.38ms
INFO - 11/19/25 11:48:38 - 0:04:31 - step 900 | loss 0.0336 | step time 295.58ms
INFO - 11/19/25 11:49:08 - 0:05:01 - step 1000 | loss 0.0339 | step time 295.50ms
INFO - 11/19/25 11:49:08 - 0:05:01 - step 1000 train loss: 0.03421564772725105 test loss: 0.16735783219337463
INFO - 11/19/25 11:49:38 - 0:05:31 - step 1100 | loss 0.0345 | step time 295.54ms
INFO - 11/19/25 11:50:07 - 0:06:00 - step 1200 | loss 0.0345 | step time 295.65ms
INFO - 11/19/25 11:50:37 - 0:06:30 - step 1300 | loss 0.0544 | step time 295.68ms
INFO - 11/19/25 11:51:07 - 0:07:00 - step 1400 | loss 0.0340 | step time 295.64ms
INFO - 11/19/25 11:51:36 - 0:07:29 - Memory allocated:  44.72MB, reserved: 2660.00MB
INFO - 11/19/25 11:51:36 - 0:07:29 - generating
INFO - 11/19/25 14:52:44 - 3:08:37 - distribution of sample lengths: average: 417.5261 max: 967
INFO - 11/19/25 14:52:44 - 3:08:37 - printed 30000 samples
INFO - 11/19/25 14:52:44 - 3:08:37 - decoding
INFO - 11/19/25 14:52:45 - 3:08:38 - Decoding complete. Check the output in /home/yuebi/Project/dim18_run/dim18_run_1/1111/transformer-output-decoded.txt
INFO - 11/19/25 14:52:45 - 3:08:38 - Memory allocated:  44.72MB, reserved: 8638.00MB
INFO - 11/19/25 14:52:45 - 3:08:38 - ============ End of generation 12 ============
INFO - 11/19/25 14:52:45 - 3:08:38 - launching search.jl
INFO - 11/19/25 14:52:45 - 3:08:38 - JULIA_NUM_THREADS is set to 1
INFO - 11/19/25 14:58:36 - 3:14:29 - distribution of scores(all rounds)
INFO - 11/19/25 14:58:36 - 3:14:29 - Score:3411968.0, Count:12
                                     
INFO - 11/19/25 14:58:36 - 3:14:29 - Score:3031476.0, Count:12
                                     
INFO - 11/19/25 14:58:36 - 3:14:29 - Score:3024424.0, Count:6
                                     
INFO - 11/19/25 14:58:36 - 3:14:29 - Score:3023296.0, Count:11
                                     
INFO - 11/19/25 14:58:36 - 3:14:29 - Score:3008400.0, Count:12
                                     
INFO - 11/19/25 14:58:36 - 3:14:29 - Score:2993192.0, Count:10
                                     
INFO - 11/19/25 14:58:36 - 3:14:29 - Score:2980302.0, Count:1
                                     
INFO - 11/19/25 14:58:36 - 3:14:29 - Score:2977608.0, Count:3
                                     
INFO - 11/19/25 14:58:36 - 3:14:29 - Score:2967040.0, Count:12
                                     
INFO - 11/19/25 14:58:36 - 3:14:29 - Score:2946048.0, Count:5
                                     
INFO - 11/19/25 14:58:36 - 3:14:29 - Score:2901872.0, Count:5
                                     
INFO - 11/19/25 14:58:36 - 3:14:29 - Score:2896896.0, Count:11
                                     
INFO - 11/19/25 14:58:36 - 3:14:29 - tokenizing
INFO - 11/19/25 14:58:36 - 3:14:29 - Loading tokenizer from /home/yuebi/Project/dim18_run/dim18_run_1/1111/tokenizer_data/tokenizer.json...
INFO - 11/19/25 14:58:36 - 3:14:29 - 0 / 100
INFO - 11/19/25 14:58:36 - 3:14:29 - number of examples in the dataset: 100
INFO - 11/19/25 14:58:36 - 3:14:29 - max word length: 138
INFO - 11/19/25 14:58:36 - 3:14:29 - number of unique characters in the vocabulary: 15
INFO - 11/19/25 14:58:36 - 3:14:29 - vocabulary:
INFO - 11/19/25 14:58:36 - 3:14:29 - ['V0', 'V1', 'V2', 'V3', 'V4', 'V5', 'V6', 'V7', 'V8', 'V9', 'V10', 'V11', 'V12', 'V13', 'V14']
INFO - 11/19/25 14:58:36 - 3:14:29 - split up the dataset into 90 training examples and 10 test examples
INFO - 11/19/25 14:58:36 - 3:14:29 - ============ Start of generation 13 ============
INFO - 11/19/25 14:58:36 - 3:14:29 - Memory allocated:  44.72MB, reserved: 8638.00MB
INFO - 11/19/25 14:58:36 - 3:14:29 - training
INFO - 11/19/25 14:58:36 - 3:14:29 - step 0 | loss 0.4665 | step time 303.33ms
INFO - 11/19/25 14:59:06 - 3:14:59 - step 100 | loss 0.0349 | step time 295.73ms
INFO - 11/19/25 14:59:35 - 3:15:28 - step 200 | loss 0.0349 | step time 295.69ms
INFO - 11/19/25 15:00:05 - 3:15:58 - step 300 | loss 0.0341 | step time 295.88ms
INFO - 11/19/25 15:00:34 - 3:16:27 - step 400 | loss 0.0338 | step time 295.69ms
INFO - 11/19/25 15:01:04 - 3:16:57 - step 500 | loss 0.0346 | step time 295.73ms
INFO - 11/19/25 15:01:04 - 3:16:57 - step 500 train loss: 0.0345122292637825 test loss: 0.149044930934906
INFO - 11/19/25 15:01:04 - 3:16:57 - test loss 0.149044930934906 is the best so far, saving model to /home/yuebi/Project/dim18_run/dim18_run_1/1111/model.pt
INFO - 11/19/25 15:01:34 - 3:17:27 - step 600 | loss 0.0342 | step time 295.75ms
INFO - 11/19/25 15:02:03 - 3:17:56 - step 700 | loss 0.0342 | step time 295.69ms
INFO - 11/19/25 15:02:33 - 3:18:26 - step 800 | loss 0.0346 | step time 295.78ms
INFO - 11/19/25 15:03:03 - 3:18:56 - step 900 | loss 0.0343 | step time 295.75ms
INFO - 11/19/25 15:03:32 - 3:19:25 - step 1000 | loss 0.0339 | step time 295.74ms
INFO - 11/19/25 15:03:32 - 3:19:25 - step 1000 train loss: 0.034123118966817856 test loss: 0.22972099483013153
INFO - 11/19/25 15:04:02 - 3:19:55 - step 1100 | loss 0.0350 | step time 295.54ms
INFO - 11/19/25 15:04:32 - 3:20:25 - step 1200 | loss 0.0337 | step time 295.67ms
INFO - 11/19/25 15:05:01 - 3:20:54 - step 1300 | loss 0.0343 | step time 295.45ms
INFO - 11/19/25 15:05:31 - 3:21:24 - step 1400 | loss 0.0351 | step time 295.94ms
INFO - 11/19/25 15:06:00 - 3:21:53 - Memory allocated:  44.72MB, reserved: 8638.00MB
INFO - 11/19/25 15:06:00 - 3:21:53 - generating
