INFO - 12/05/25 22:08:43 - 0:00:00 - ============ Initialized logger ============
INFO - 12/05/25 22:08:43 - 0:00:00 - batch_size: 32
                                     command: python fc_loop.py --exp_name=dim20_run_3 --dump_path=/home/yuebi/Project/dim20_run --num_initial_empty_objects=800 --final_database_size=100 --target_db_size=100 --nb_local_searches=800 --max_epochs=20 --type=transformer --max-output-length=350 --sample-only=25000 --max-steps=1500 --n_tokens=15 --n-layer=8 --n-embd=128 --n-embd2=128 --exp_id=1111 --exp_id "1111"
                                     cpu: False
                                     debug: False
                                     debug_slurm: False
                                     dump_path: /home/yuebi/Project/dim20_run/dim20_run_3/1111
                                     exp_id: 1111
                                     exp_name: dim20_run_3
                                     final_database_size: 100
                                     gen_batch_size: 1000
                                     global_rank: 0
                                     is_master: True
                                     is_slurm_job: True
                                     learning_rate: 0.0005
                                     local_rank: 0
                                     master_addr: gpu-6
                                     master_port: -1
                                     max_epochs: 20
                                     max_output_length: 350
                                     max_steps: 1500
                                     multi_gpu: False
                                     multi_node: False
                                     n_embd: 128
                                     n_embd2: 128
                                     n_gpu_per_node: 1
                                     n_head: 8
                                     n_layer: 8
                                     n_nodes: 1
                                     n_tokens: 15
                                     nb_local_searches: 800
                                     nb_threads: 1
                                     node_id: 0
                                     num_initial_empty_objects: 800
                                     num_workers: 8
                                     sample_only: 25000
                                     seed: -1
                                     target_db_size: 100
                                     temperature: 1.0
                                     top_k: -1
                                     type: transformer
                                     weight_decay: 0.01
                                     world_size: 1
INFO - 12/05/25 22:08:43 - 0:00:00 - The experiment will be stored in /home/yuebi/Project/dim20_run/dim20_run_3/1111
                                     
INFO - 12/05/25 22:08:43 - 0:00:00 - Running command: python fc_loop.py --exp_name=dim20_run_3 --dump_path=/home/yuebi/Project/dim20_run --num_initial_empty_objects=800 --final_database_size=100 --target_db_size=100 --nb_local_searches=800 --max_epochs=20 --type=transformer --max-output-length=350 --sample-only=25000 --max-steps=1500 --n_tokens=15 --n-layer=8 --n-embd=128 --n-embd2=128 --exp_id=1111

WARNING - 12/05/25 22:08:43 - 0:00:00 - Signal handler installed.
INFO - 12/05/25 22:08:43 - 0:00:00 - seed: 338555873
INFO - 12/05/25 22:08:43 - 0:00:00 - JULIA_NUM_THREADS is set to 1
INFO - 12/05/25 22:10:34 - 0:01:51 - Created /home/yuebi/Project/dim20_run/dim20_run_3/1111/temp.txt and training tokenizer...
INFO - 12/05/25 22:10:34 - 0:01:51 - Directory '/home/yuebi/Project/dim20_run/dim20_run_3/1111/tokenizer_data' created.
INFO - 12/05/25 22:10:35 - 0:01:51 - File '/home/yuebi/Project/dim20_run/dim20_run_3/1111/temp.txt' has been deleted.
INFO - 12/05/25 22:10:35 - 0:01:51 - 0 / 100
INFO - 12/05/25 22:10:35 - 0:01:51 - initializing at generation: 1
INFO - 12/05/25 22:10:35 - 0:01:51 - number of examples in the dataset: 100
INFO - 12/05/25 22:10:35 - 0:01:51 - max word length: 166
INFO - 12/05/25 22:10:35 - 0:01:51 - number of unique characters in the vocabulary: 15
INFO - 12/05/25 22:10:35 - 0:01:51 - vocabulary:
INFO - 12/05/25 22:10:35 - 0:01:51 - ['V0', 'V1', 'V2', 'V3', 'V4', 'V5', 'V6', 'V7', 'V8', 'V9', 'V10', 'V11', 'V12', 'V13', 'V14']
INFO - 12/05/25 22:10:35 - 0:01:51 - split up the dataset into 90 training examples and 10 test examples
INFO - 12/05/25 22:10:35 - 0:01:51 - dataset determined that: vocab_size=16, block_size=351
INFO - 12/05/25 22:10:35 - 0:01:52 - model #params: 1635456
INFO - 12/05/25 22:10:35 - 0:01:52 - ============ Start of generation 1 ============
INFO - 12/05/25 22:10:35 - 0:01:52 - Memory allocated:  10.00MB, reserved: 12.00MB
INFO - 12/05/25 22:10:35 - 0:01:52 - training
INFO - 12/05/25 22:10:39 - 0:01:56 - step 0 | loss 2.9825 | step time 621.29ms
INFO - 12/05/25 22:11:08 - 0:02:25 - step 100 | loss 1.8393 | step time 286.66ms
INFO - 12/05/25 22:11:37 - 0:02:54 - step 200 | loss 1.1376 | step time 285.80ms
INFO - 12/05/25 22:12:05 - 0:03:22 - step 300 | loss 0.2196 | step time 285.81ms
INFO - 12/05/25 22:12:34 - 0:03:51 - step 400 | loss 0.0427 | step time 286.50ms
INFO - 12/05/25 22:13:03 - 0:04:19 - step 500 | loss 0.0327 | step time 286.02ms
INFO - 12/05/25 22:13:03 - 0:04:20 - step 500 train loss: 0.03279298171401024 test loss: 6.870677947998047
INFO - 12/05/25 22:13:03 - 0:04:20 - test loss 6.870677947998047 is the best so far, saving model to /home/yuebi/Project/dim20_run/dim20_run_3/1111/model.pt
INFO - 12/05/25 22:13:31 - 0:04:48 - step 600 | loss 0.0325 | step time 285.89ms
INFO - 12/05/25 22:14:00 - 0:05:17 - step 700 | loss 0.0401 | step time 285.97ms
INFO - 12/05/25 22:14:29 - 0:05:46 - step 800 | loss 0.0316 | step time 285.90ms
INFO - 12/05/25 22:14:57 - 0:06:14 - step 900 | loss 0.0321 | step time 285.90ms
INFO - 12/05/25 22:15:26 - 0:06:43 - step 1000 | loss 0.0303 | step time 286.38ms
INFO - 12/05/25 22:15:26 - 0:06:43 - step 1000 train loss: 0.031133947893977165 test loss: 7.056464672088623
INFO - 12/05/25 22:15:55 - 0:07:12 - step 1100 | loss 0.0300 | step time 286.03ms
INFO - 12/05/25 22:16:23 - 0:07:40 - step 1200 | loss 0.0517 | step time 285.98ms
INFO - 12/05/25 22:16:52 - 0:08:09 - step 1300 | loss 0.0299 | step time 285.90ms
INFO - 12/05/25 22:17:21 - 0:08:38 - step 1400 | loss 0.0306 | step time 286.14ms
INFO - 12/05/25 22:17:49 - 0:09:06 - Memory allocated:  45.82MB, reserved: 3306.00MB
INFO - 12/05/25 22:17:49 - 0:09:06 - generating
INFO - 12/06/25 01:12:57 - 3:04:14 - distribution of sample lengths: average: 503.5766 max: 1111
INFO - 12/06/25 01:12:57 - 3:04:14 - printed 25000 samples
INFO - 12/06/25 01:12:57 - 3:04:14 - decoding
INFO - 12/06/25 01:12:58 - 3:04:15 - Decoding complete. Check the output in /home/yuebi/Project/dim20_run/dim20_run_3/1111/transformer-output-decoded.txt
INFO - 12/06/25 01:12:58 - 3:04:15 - Memory allocated:  45.82MB, reserved: 10106.00MB
INFO - 12/06/25 01:12:58 - 3:04:15 - ============ End of generation 1 ============
INFO - 12/06/25 01:12:58 - 3:04:15 - launching search.jl
INFO - 12/06/25 01:12:58 - 3:04:15 - JULIA_NUM_THREADS is set to 1
INFO - 12/06/25 01:19:21 - 3:10:38 - distribution of scores(all rounds)
INFO - 12/06/25 01:19:21 - 3:10:38 - Score:56640624.0, Count:2
                                     
INFO - 12/06/25 01:19:21 - 3:10:38 - Score:51562500.0, Count:1
                                     
INFO - 12/06/25 01:19:21 - 3:10:38 - Score:41750000.0, Count:1
                                     
INFO - 12/06/25 01:19:21 - 3:10:38 - Score:38984980.0, Count:1
                                     
INFO - 12/06/25 01:19:21 - 3:10:38 - Score:38981256.0, Count:1
                                     
INFO - 12/06/25 01:19:21 - 3:10:38 - Score:37740430.0, Count:1
                                     
INFO - 12/06/25 01:19:21 - 3:10:38 - Score:37256156.0, Count:1
                                     
INFO - 12/06/25 01:19:21 - 3:10:38 - Score:37106508.0, Count:1
                                     
INFO - 12/06/25 01:19:21 - 3:10:38 - Score:36646096.0, Count:1
                                     
INFO - 12/06/25 01:19:21 - 3:10:38 - Score:36216356.0, Count:1
                                     
INFO - 12/06/25 01:19:21 - 3:10:38 - Score:36212500.0, Count:1
                                     
INFO - 12/06/25 01:19:21 - 3:10:38 - Score:36179490.0, Count:1
                                     
INFO - 12/06/25 01:19:21 - 3:10:38 - Score:36175944.0, Count:1
                                     
INFO - 12/06/25 01:19:21 - 3:10:38 - Score:36167620.0, Count:1
                                     
INFO - 12/06/25 01:19:21 - 3:10:38 - Score:36061652.0, Count:1
                                     
INFO - 12/06/25 01:19:21 - 3:10:38 - Score:36032044.0, Count:1
                                     
INFO - 12/06/25 01:19:21 - 3:10:38 - Score:35922870.0, Count:1
                                     
INFO - 12/06/25 01:19:21 - 3:10:38 - Score:35859260.0, Count:1
                                     
INFO - 12/06/25 01:19:21 - 3:10:38 - Score:35753268.0, Count:1
                                     
INFO - 12/06/25 01:19:21 - 3:10:38 - Score:35614536.0, Count:1
                                     
INFO - 12/06/25 01:19:21 - 3:10:38 - Score:35598256.0, Count:1
                                     
INFO - 12/06/25 01:19:21 - 3:10:38 - Score:35568470.0, Count:1
                                     
INFO - 12/06/25 01:19:21 - 3:10:38 - Score:35493080.0, Count:1
                                     
INFO - 12/06/25 01:19:21 - 3:10:38 - Score:35429900.0, Count:1
                                     
INFO - 12/06/25 01:19:21 - 3:10:38 - Score:35346884.0, Count:1
                                     
INFO - 12/06/25 01:19:21 - 3:10:38 - Score:35343132.0, Count:1
                                     
INFO - 12/06/25 01:19:21 - 3:10:38 - Score:35340950.0, Count:1
                                     
INFO - 12/06/25 01:19:21 - 3:10:38 - Score:35339250.0, Count:1
                                     
INFO - 12/06/25 01:19:21 - 3:10:38 - Score:35323890.0, Count:1
                                     
INFO - 12/06/25 01:19:21 - 3:10:38 - Score:35307160.0, Count:1
                                     
INFO - 12/06/25 01:19:21 - 3:10:38 - Score:35261212.0, Count:1
                                     
INFO - 12/06/25 01:19:21 - 3:10:38 - Score:35252940.0, Count:1
                                     
INFO - 12/06/25 01:19:21 - 3:10:38 - Score:35074744.0, Count:1
                                     
INFO - 12/06/25 01:19:21 - 3:10:38 - Score:35066910.0, Count:1
                                     
INFO - 12/06/25 01:19:21 - 3:10:38 - Score:34952784.0, Count:1
                                     
INFO - 12/06/25 01:19:21 - 3:10:38 - Score:34900844.0, Count:1
                                     
INFO - 12/06/25 01:19:21 - 3:10:38 - Score:34879324.0, Count:1
                                     
INFO - 12/06/25 01:19:21 - 3:10:38 - Score:34808010.0, Count:1
                                     
INFO - 12/06/25 01:19:21 - 3:10:38 - Score:34786910.0, Count:1
                                     
INFO - 12/06/25 01:19:21 - 3:10:38 - Score:34778250.0, Count:1
                                     
INFO - 12/06/25 01:19:21 - 3:10:38 - Score:34740164.0, Count:1
                                     
INFO - 12/06/25 01:19:21 - 3:10:38 - Score:34732776.0, Count:1
                                     
INFO - 12/06/25 01:19:21 - 3:10:38 - Score:34677180.0, Count:1
                                     
INFO - 12/06/25 01:19:21 - 3:10:38 - Score:34659144.0, Count:1
                                     
INFO - 12/06/25 01:19:21 - 3:10:38 - Score:34647956.0, Count:1
                                     
INFO - 12/06/25 01:19:21 - 3:10:38 - Score:34567190.0, Count:1
                                     
INFO - 12/06/25 01:19:21 - 3:10:38 - Score:34563536.0, Count:1
                                     
INFO - 12/06/25 01:19:21 - 3:10:38 - Score:34537370.0, Count:1
                                     
INFO - 12/06/25 01:19:21 - 3:10:38 - Score:34536016.0, Count:1
                                     
INFO - 12/06/25 01:19:21 - 3:10:38 - Score:34530972.0, Count:1
                                     
INFO - 12/06/25 01:19:21 - 3:10:38 - Score:34527144.0, Count:1
                                     
INFO - 12/06/25 01:19:21 - 3:10:38 - Score:34511064.0, Count:1
                                     
INFO - 12/06/25 01:19:21 - 3:10:38 - Score:34500836.0, Count:1
                                     
INFO - 12/06/25 01:19:21 - 3:10:38 - Score:34476836.0, Count:1
                                     
INFO - 12/06/25 01:19:21 - 3:10:38 - Score:34430710.0, Count:1
                                     
INFO - 12/06/25 01:19:21 - 3:10:38 - Score:34416880.0, Count:1
                                     
INFO - 12/06/25 01:19:21 - 3:10:38 - Score:34414412.0, Count:1
                                     
INFO - 12/06/25 01:19:21 - 3:10:38 - Score:34397296.0, Count:1
                                     
INFO - 12/06/25 01:19:21 - 3:10:38 - Score:34385028.0, Count:1
                                     
INFO - 12/06/25 01:19:21 - 3:10:38 - Score:34368748.0, Count:1
                                     
INFO - 12/06/25 01:19:21 - 3:10:38 - Score:34361150.0, Count:1
                                     
INFO - 12/06/25 01:19:21 - 3:10:38 - Score:34332460.0, Count:1
                                     
INFO - 12/06/25 01:19:21 - 3:10:38 - Score:34322950.0, Count:1
                                     
INFO - 12/06/25 01:19:21 - 3:10:38 - Score:34314960.0, Count:1
                                     
INFO - 12/06/25 01:19:21 - 3:10:38 - Score:34307584.0, Count:1
                                     
INFO - 12/06/25 01:19:21 - 3:10:38 - Score:34297684.0, Count:1
                                     
INFO - 12/06/25 01:19:21 - 3:10:38 - Score:34291036.0, Count:1
                                     
INFO - 12/06/25 01:19:21 - 3:10:38 - Score:34271876.0, Count:1
                                     
INFO - 12/06/25 01:19:21 - 3:10:38 - Score:34263868.0, Count:1
                                     
INFO - 12/06/25 01:19:21 - 3:10:38 - Score:34180620.0, Count:1
                                     
INFO - 12/06/25 01:19:21 - 3:10:38 - Score:34179276.0, Count:1
                                     
INFO - 12/06/25 01:19:21 - 3:10:38 - Score:34169812.0, Count:1
                                     
INFO - 12/06/25 01:19:21 - 3:10:38 - Score:34137560.0, Count:1
                                     
INFO - 12/06/25 01:19:21 - 3:10:38 - Score:34137260.0, Count:1
                                     
INFO - 12/06/25 01:19:21 - 3:10:38 - Score:34121870.0, Count:1
                                     
INFO - 12/06/25 01:19:21 - 3:10:38 - Score:34095200.0, Count:1
                                     
INFO - 12/06/25 01:19:21 - 3:10:38 - Score:34065430.0, Count:1
                                     
INFO - 12/06/25 01:19:21 - 3:10:38 - Score:34049240.0, Count:1
                                     
INFO - 12/06/25 01:19:21 - 3:10:38 - Score:34036504.0, Count:1
                                     
INFO - 12/06/25 01:19:21 - 3:10:38 - Score:33954680.0, Count:1
                                     
INFO - 12/06/25 01:19:21 - 3:10:38 - Score:33939068.0, Count:1
                                     
INFO - 12/06/25 01:19:21 - 3:10:38 - Score:33910320.0, Count:1
                                     
INFO - 12/06/25 01:19:21 - 3:10:38 - Score:33893172.0, Count:1
                                     
INFO - 12/06/25 01:19:21 - 3:10:38 - Score:33851116.0, Count:1
                                     
INFO - 12/06/25 01:19:21 - 3:10:38 - Score:33832700.0, Count:1
                                     
INFO - 12/06/25 01:19:21 - 3:10:38 - Score:33766730.0, Count:1
                                     
INFO - 12/06/25 01:19:21 - 3:10:38 - Score:33754064.0, Count:1
                                     
INFO - 12/06/25 01:19:21 - 3:10:38 - Score:33737976.0, Count:1
                                     
INFO - 12/06/25 01:19:21 - 3:10:38 - Score:33722604.0, Count:1
                                     
INFO - 12/06/25 01:19:21 - 3:10:38 - Score:33649724.0, Count:1
                                     
INFO - 12/06/25 01:19:21 - 3:10:38 - Score:33647836.0, Count:1
                                     
INFO - 12/06/25 01:19:21 - 3:10:38 - Score:33613150.0, Count:1
                                     
INFO - 12/06/25 01:19:21 - 3:10:38 - Score:33581144.0, Count:1
                                     
INFO - 12/06/25 01:19:21 - 3:10:38 - Score:33516468.0, Count:1
                                     
INFO - 12/06/25 01:19:21 - 3:10:38 - Score:33491886.0, Count:1
                                     
INFO - 12/06/25 01:19:21 - 3:10:38 - Score:33490844.0, Count:1
                                     
INFO - 12/06/25 01:19:21 - 3:10:38 - Score:33488814.0, Count:1
                                     
INFO - 12/06/25 01:19:21 - 3:10:38 - Score:33475940.0, Count:1
                                     
INFO - 12/06/25 01:19:21 - 3:10:38 - Score:33467714.0, Count:1
                                     
INFO - 12/06/25 01:19:21 - 3:10:38 - Score:33443536.0, Count:0
                                     
INFO - 12/06/25 01:19:21 - 3:10:38 - tokenizing
INFO - 12/06/25 01:19:21 - 3:10:38 - Loading tokenizer from /home/yuebi/Project/dim20_run/dim20_run_3/1111/tokenizer_data/tokenizer.json...
INFO - 12/06/25 01:19:21 - 3:10:38 - 0 / 100
INFO - 12/06/25 01:19:21 - 3:10:38 - number of examples in the dataset: 100
INFO - 12/06/25 01:19:21 - 3:10:38 - max word length: 164
INFO - 12/06/25 01:19:21 - 3:10:38 - number of unique characters in the vocabulary: 15
INFO - 12/06/25 01:19:21 - 3:10:38 - vocabulary:
INFO - 12/06/25 01:19:21 - 3:10:38 - ['V0', 'V1', 'V2', 'V3', 'V4', 'V5', 'V6', 'V7', 'V8', 'V9', 'V10', 'V11', 'V12', 'V13', 'V14']
INFO - 12/06/25 01:19:21 - 3:10:38 - split up the dataset into 90 training examples and 10 test examples
INFO - 12/06/25 01:19:21 - 3:10:38 - ============ Start of generation 2 ============
INFO - 12/06/25 01:19:21 - 3:10:38 - Memory allocated:  45.82MB, reserved: 10106.00MB
INFO - 12/06/25 01:19:21 - 3:10:38 - training
INFO - 12/06/25 01:19:22 - 3:10:39 - step 0 | loss 2.2004 | step time 294.45ms
INFO - 12/06/25 01:19:51 - 3:11:07 - step 100 | loss 0.0568 | step time 287.35ms
INFO - 12/06/25 01:20:19 - 3:11:36 - step 200 | loss 0.0321 | step time 287.27ms
INFO - 12/06/25 01:20:48 - 3:12:05 - step 300 | loss 0.1494 | step time 287.37ms
INFO - 12/06/25 01:21:17 - 3:12:34 - step 400 | loss 0.0306 | step time 287.44ms
INFO - 12/06/25 01:21:46 - 3:13:02 - step 500 | loss 0.0317 | step time 287.23ms
INFO - 12/06/25 01:21:46 - 3:13:03 - step 500 train loss: 0.03110574558377266 test loss: 2.505253791809082
INFO - 12/06/25 01:21:46 - 3:13:03 - test loss 2.505253791809082 is the best so far, saving model to /home/yuebi/Project/dim20_run/dim20_run_3/1111/model.pt
INFO - 12/06/25 01:22:15 - 3:13:31 - step 600 | loss 0.0308 | step time 287.13ms
INFO - 12/06/25 01:22:43 - 3:14:00 - step 700 | loss 0.3057 | step time 287.39ms
INFO - 12/06/25 01:23:12 - 3:14:29 - step 800 | loss 0.0288 | step time 287.11ms
INFO - 12/06/25 01:23:41 - 3:14:58 - step 900 | loss 0.0293 | step time 287.33ms
INFO - 12/06/25 01:23:46 - 0:00:00 - ============ Initialized logger ============
INFO - 12/06/25 01:23:46 - 0:00:00 - batch_size: 32
                                     command: python fc_loop.py --exp_name=dim20_run_3 --dump_path=/home/yuebi/Project/dim20_run --num_initial_empty_objects=800 --final_database_size=100 --target_db_size=100 --nb_local_searches=800 --max_epochs=20 --type=transformer --max-output-length=350 --sample-only=25000 --max-steps=1500 --n_tokens=15 --n-layer=8 --n-embd=128 --n-embd2=128 --exp_id=1111 --exp_id "1111"
                                     cpu: False
                                     debug: False
                                     debug_slurm: False
                                     dump_path: /home/yuebi/Project/dim20_run/dim20_run_3/1111
                                     exp_id: 1111
                                     exp_name: dim20_run_3
                                     final_database_size: 100
                                     gen_batch_size: 1000
                                     global_rank: 0
                                     is_master: True
                                     is_slurm_job: True
                                     learning_rate: 0.0005
                                     local_rank: 0
                                     master_addr: gpu-6
                                     master_port: -1
                                     max_epochs: 20
                                     max_output_length: 350
                                     max_steps: 1500
                                     multi_gpu: False
                                     multi_node: False
                                     n_embd: 128
                                     n_embd2: 128
                                     n_gpu_per_node: 1
                                     n_head: 8
                                     n_layer: 8
                                     n_nodes: 1
                                     n_tokens: 15
                                     nb_local_searches: 800
                                     nb_threads: 1
                                     node_id: 0
                                     num_initial_empty_objects: 800
                                     num_workers: 8
                                     sample_only: 25000
                                     seed: -1
                                     target_db_size: 100
                                     temperature: 1.0
                                     top_k: -1
                                     type: transformer
                                     weight_decay: 0.01
                                     world_size: 1
INFO - 12/06/25 01:23:46 - 0:00:00 - The experiment will be stored in /home/yuebi/Project/dim20_run/dim20_run_3/1111
                                     
INFO - 12/06/25 01:23:46 - 0:00:00 - Running command: python fc_loop.py --exp_name=dim20_run_3 --dump_path=/home/yuebi/Project/dim20_run --num_initial_empty_objects=800 --final_database_size=100 --target_db_size=100 --nb_local_searches=800 --max_epochs=20 --type=transformer --max-output-length=350 --sample-only=25000 --max-steps=1500 --n_tokens=15 --n-layer=8 --n-embd=128 --n-embd2=128 --exp_id=1111

WARNING - 12/06/25 01:23:46 - 0:00:00 - Signal handler installed.
INFO - 12/06/25 01:23:46 - 0:00:00 - seed: 333211317
INFO - 12/06/25 01:23:46 - 0:00:00 - initializing at generation: 2
INFO - 12/06/25 01:23:46 - 0:00:00 - number of examples in the dataset: 100
INFO - 12/06/25 01:23:46 - 0:00:00 - max word length: 164
INFO - 12/06/25 01:23:46 - 0:00:00 - number of unique characters in the vocabulary: 15
INFO - 12/06/25 01:23:46 - 0:00:00 - vocabulary:
INFO - 12/06/25 01:23:46 - 0:00:00 - ['V0', 'V1', 'V2', 'V3', 'V4', 'V5', 'V6', 'V7', 'V8', 'V9', 'V10', 'V11', 'V12', 'V13', 'V14']
INFO - 12/06/25 01:23:46 - 0:00:00 - split up the dataset into 90 training examples and 10 test examples
INFO - 12/06/25 01:23:46 - 0:00:00 - dataset determined that: vocab_size=16, block_size=351
INFO - 12/06/25 01:23:46 - 0:00:00 - model #params: 1635456
INFO - 12/06/25 01:23:46 - 0:00:00 - resuming from existing model
INFO - 12/06/25 01:23:46 - 0:00:00 - ============ Start of generation 2 ============
INFO - 12/06/25 01:23:46 - 0:00:00 - Memory allocated:  10.00MB, reserved: 22.00MB
INFO - 12/06/25 01:23:46 - 0:00:00 - training
INFO - 12/06/25 01:23:51 - 0:00:05 - step 0 | loss 0.6738 | step time 613.07ms
INFO - 12/06/25 01:24:20 - 0:00:34 - step 100 | loss 0.0295 | step time 287.05ms
INFO - 12/06/25 01:24:48 - 0:01:02 - step 200 | loss 0.0318 | step time 286.90ms
INFO - 12/06/25 01:25:17 - 0:01:31 - step 300 | loss 0.0970 | step time 287.06ms
INFO - 12/06/25 01:25:46 - 0:02:00 - step 400 | loss 0.0307 | step time 287.15ms
INFO - 12/06/25 01:26:14 - 0:02:28 - step 500 | loss 0.0308 | step time 287.26ms
INFO - 12/06/25 01:26:15 - 0:02:29 - step 500 train loss: 0.031094305217266083 test loss: 0.8339501023292542
INFO - 12/06/25 01:26:15 - 0:02:29 - test loss 0.8339501023292542 is the best so far, saving model to /home/yuebi/Project/dim20_run/dim20_run_3/1111/model.pt
INFO - 12/06/25 01:26:44 - 0:02:58 - step 600 | loss 0.0327 | step time 287.31ms
INFO - 12/06/25 01:27:12 - 0:03:26 - step 700 | loss 0.0900 | step time 287.13ms
INFO - 12/06/25 01:27:41 - 0:03:55 - step 800 | loss 0.0284 | step time 286.93ms
INFO - 12/06/25 01:28:10 - 0:04:24 - step 900 | loss 0.0289 | step time 287.18ms
INFO - 12/06/25 01:28:38 - 0:04:52 - step 1000 | loss 0.0316 | step time 287.07ms
INFO - 12/06/25 01:28:39 - 0:04:53 - step 1000 train loss: 0.03069070726633072 test loss: 1.1348170042037964
INFO - 12/06/25 01:29:07 - 0:05:21 - step 1100 | loss 0.0809 | step time 287.46ms
INFO - 12/06/25 01:29:36 - 0:05:50 - step 1200 | loss 0.0286 | step time 286.79ms
INFO - 12/06/25 01:30:05 - 0:06:19 - step 1300 | loss 0.0312 | step time 286.85ms
INFO - 12/06/25 01:30:34 - 0:06:48 - step 1400 | loss 0.0297 | step time 287.14ms
INFO - 12/06/25 01:31:02 - 0:07:16 - Memory allocated:  45.82MB, reserved: 3306.00MB
INFO - 12/06/25 01:31:02 - 0:07:16 - generating
INFO - 12/06/25 04:26:06 - 3:02:20 - distribution of sample lengths: average: 501.99912 max: 1115
INFO - 12/06/25 04:26:06 - 3:02:20 - printed 25000 samples
INFO - 12/06/25 04:26:06 - 3:02:20 - decoding
INFO - 12/06/25 04:26:07 - 3:02:21 - Decoding complete. Check the output in /home/yuebi/Project/dim20_run/dim20_run_3/1111/transformer-output-decoded.txt
INFO - 12/06/25 04:26:07 - 3:02:21 - Memory allocated:  45.82MB, reserved: 10106.00MB
INFO - 12/06/25 04:26:07 - 3:02:21 - ============ End of generation 2 ============
INFO - 12/06/25 04:26:07 - 3:02:21 - launching search.jl
INFO - 12/06/25 04:26:07 - 3:02:21 - JULIA_NUM_THREADS is set to 1
INFO - 12/06/25 04:31:54 - 3:08:08 - distribution of scores(all rounds)
INFO - 12/06/25 04:31:54 - 3:08:08 - Score:56640624.0, Count:4
                                     
INFO - 12/06/25 04:31:54 - 3:08:08 - Score:51562500.0, Count:2
                                     
INFO - 12/06/25 04:31:54 - 3:08:08 - Score:41750000.0, Count:2
                                     
INFO - 12/06/25 04:31:54 - 3:08:08 - Score:41334576.0, Count:1
                                     
INFO - 12/06/25 04:31:54 - 3:08:08 - Score:39206630.0, Count:1
                                     
INFO - 12/06/25 04:31:54 - 3:08:08 - Score:38984980.0, Count:2
                                     
INFO - 12/06/25 04:31:54 - 3:08:08 - Score:38981256.0, Count:2
                                     
INFO - 12/06/25 04:31:54 - 3:08:08 - Score:38444540.0, Count:1
                                     
INFO - 12/06/25 04:31:54 - 3:08:08 - Score:37740430.0, Count:2
                                     
INFO - 12/06/25 04:31:54 - 3:08:08 - Score:37288324.0, Count:1
                                     
INFO - 12/06/25 04:31:54 - 3:08:08 - Score:37256156.0, Count:2
                                     
INFO - 12/06/25 04:31:54 - 3:08:08 - Score:37106508.0, Count:2
                                     
INFO - 12/06/25 04:31:54 - 3:08:08 - Score:36924424.0, Count:1
                                     
INFO - 12/06/25 04:31:54 - 3:08:08 - Score:36868600.0, Count:1
                                     
INFO - 12/06/25 04:31:54 - 3:08:08 - Score:36735304.0, Count:1
                                     
INFO - 12/06/25 04:31:54 - 3:08:08 - Score:36646096.0, Count:2
                                     
INFO - 12/06/25 04:31:54 - 3:08:08 - Score:36504068.0, Count:1
                                     
INFO - 12/06/25 04:31:54 - 3:08:08 - Score:36409480.0, Count:1
                                     
INFO - 12/06/25 04:31:54 - 3:08:08 - Score:36372124.0, Count:1
                                     
INFO - 12/06/25 04:31:54 - 3:08:08 - Score:36356250.0, Count:1
                                     
INFO - 12/06/25 04:31:54 - 3:08:08 - Score:36216356.0, Count:2
                                     
INFO - 12/06/25 04:31:54 - 3:08:08 - Score:36212500.0, Count:2
                                     
INFO - 12/06/25 04:31:54 - 3:08:08 - Score:36179490.0, Count:2
                                     
INFO - 12/06/25 04:31:54 - 3:08:08 - Score:36175944.0, Count:2
                                     
INFO - 12/06/25 04:31:54 - 3:08:08 - Score:36167620.0, Count:2
                                     
INFO - 12/06/25 04:31:54 - 3:08:08 - Score:36061652.0, Count:2
                                     
INFO - 12/06/25 04:31:54 - 3:08:08 - Score:36032044.0, Count:2
                                     
INFO - 12/06/25 04:31:54 - 3:08:08 - Score:36011250.0, Count:1
                                     
INFO - 12/06/25 04:31:54 - 3:08:08 - Score:35992044.0, Count:1
                                     
INFO - 12/06/25 04:31:54 - 3:08:08 - Score:35922870.0, Count:2
                                     
INFO - 12/06/25 04:31:54 - 3:08:08 - Score:35859260.0, Count:2
                                     
INFO - 12/06/25 04:31:54 - 3:08:08 - Score:35840784.0, Count:1
                                     
INFO - 12/06/25 04:31:54 - 3:08:08 - Score:35753268.0, Count:2
                                     
INFO - 12/06/25 04:31:54 - 3:08:08 - Score:35614536.0, Count:2
                                     
INFO - 12/06/25 04:31:54 - 3:08:08 - Score:35598256.0, Count:2
                                     
INFO - 12/06/25 04:31:54 - 3:08:08 - Score:35568470.0, Count:2
                                     
INFO - 12/06/25 04:31:54 - 3:08:08 - Score:35535948.0, Count:1
                                     
INFO - 12/06/25 04:31:54 - 3:08:08 - Score:35493080.0, Count:2
                                     
INFO - 12/06/25 04:31:54 - 3:08:08 - Score:35429900.0, Count:2
                                     
INFO - 12/06/25 04:31:54 - 3:08:08 - Score:35398444.0, Count:1
                                     
INFO - 12/06/25 04:31:54 - 3:08:08 - Score:35388680.0, Count:1
                                     
INFO - 12/06/25 04:31:54 - 3:08:08 - Score:35346884.0, Count:2
                                     
INFO - 12/06/25 04:31:54 - 3:08:08 - Score:35343132.0, Count:2
                                     
INFO - 12/06/25 04:31:54 - 3:08:08 - Score:35340950.0, Count:2
                                     
INFO - 12/06/25 04:31:54 - 3:08:08 - Score:35339250.0, Count:2
                                     
INFO - 12/06/25 04:31:54 - 3:08:08 - Score:35323890.0, Count:2
                                     
INFO - 12/06/25 04:31:54 - 3:08:08 - Score:35307160.0, Count:2
                                     
INFO - 12/06/25 04:31:54 - 3:08:08 - Score:35285224.0, Count:1
                                     
INFO - 12/06/25 04:31:54 - 3:08:08 - Score:35265720.0, Count:1
                                     
INFO - 12/06/25 04:31:54 - 3:08:08 - Score:35261212.0, Count:2
                                     
INFO - 12/06/25 04:31:54 - 3:08:08 - Score:35256268.0, Count:1
                                     
INFO - 12/06/25 04:31:54 - 3:08:08 - Score:35252940.0, Count:2
                                     
INFO - 12/06/25 04:31:54 - 3:08:08 - Score:35217292.0, Count:1
                                     
INFO - 12/06/25 04:31:54 - 3:08:08 - Score:35179870.0, Count:1
                                     
INFO - 12/06/25 04:31:54 - 3:08:08 - Score:35105772.0, Count:1
                                     
INFO - 12/06/25 04:31:54 - 3:08:08 - Score:35097880.0, Count:1
                                     
INFO - 12/06/25 04:31:54 - 3:08:08 - Score:35091292.0, Count:1
                                     
INFO - 12/06/25 04:31:54 - 3:08:08 - Score:35074744.0, Count:2
                                     
INFO - 12/06/25 04:31:54 - 3:08:08 - Score:35070940.0, Count:1
                                     
INFO - 12/06/25 04:31:54 - 3:08:08 - Score:35066910.0, Count:2
                                     
INFO - 12/06/25 04:31:54 - 3:08:08 - Score:35066844.0, Count:1
                                     
INFO - 12/06/25 04:31:54 - 3:08:08 - Score:34959800.0, Count:1
                                     
INFO - 12/06/25 04:31:54 - 3:08:08 - Score:34955280.0, Count:1
                                     
INFO - 12/06/25 04:31:54 - 3:08:08 - Score:34952784.0, Count:1
                                     
INFO - 12/06/25 04:31:54 - 3:08:08 - tokenizing
INFO - 12/06/25 04:31:54 - 3:08:08 - Loading tokenizer from /home/yuebi/Project/dim20_run/dim20_run_3/1111/tokenizer_data/tokenizer.json...
INFO - 12/06/25 04:31:54 - 3:08:08 - 0 / 100
INFO - 12/06/25 04:31:54 - 3:08:08 - number of examples in the dataset: 100
INFO - 12/06/25 04:31:54 - 3:08:08 - max word length: 165
INFO - 12/06/25 04:31:54 - 3:08:08 - number of unique characters in the vocabulary: 15
INFO - 12/06/25 04:31:54 - 3:08:08 - vocabulary:
INFO - 12/06/25 04:31:54 - 3:08:08 - ['V0', 'V1', 'V2', 'V3', 'V4', 'V5', 'V6', 'V7', 'V8', 'V9', 'V10', 'V11', 'V12', 'V13', 'V14']
INFO - 12/06/25 04:31:54 - 3:08:08 - split up the dataset into 90 training examples and 10 test examples
INFO - 12/06/25 04:31:54 - 3:08:08 - ============ Start of generation 3 ============
INFO - 12/06/25 04:31:54 - 3:08:08 - Memory allocated:  45.82MB, reserved: 10106.00MB
INFO - 12/06/25 04:31:54 - 3:08:08 - training
INFO - 12/06/25 04:31:55 - 3:08:09 - step 0 | loss 1.8025 | step time 294.36ms
INFO - 12/06/25 04:32:23 - 3:08:37 - step 100 | loss 0.0377 | step time 287.29ms
INFO - 12/06/25 04:32:52 - 3:09:06 - step 200 | loss 0.0318 | step time 287.44ms
INFO - 12/06/25 04:33:21 - 3:09:35 - step 300 | loss 0.0648 | step time 287.54ms
INFO - 12/06/25 04:33:50 - 3:10:04 - step 400 | loss 0.0319 | step time 287.79ms
INFO - 12/06/25 04:34:18 - 3:10:32 - step 500 | loss 0.0330 | step time 287.32ms
INFO - 12/06/25 04:34:19 - 3:10:33 - step 500 train loss: 0.031141068786382675 test loss: 0.7348623275756836
INFO - 12/06/25 04:34:19 - 3:10:33 - test loss 0.7348623275756836 is the best so far, saving model to /home/yuebi/Project/dim20_run/dim20_run_3/1111/model.pt
INFO - 12/06/25 04:34:47 - 3:11:01 - step 600 | loss 0.0780 | step time 287.53ms
INFO - 12/06/25 04:35:16 - 3:11:30 - step 700 | loss 0.0296 | step time 287.04ms
INFO - 12/06/25 04:35:45 - 3:11:59 - step 800 | loss 0.0307 | step time 287.36ms
INFO - 12/06/25 04:36:14 - 3:12:28 - step 900 | loss 0.0308 | step time 287.44ms
INFO - 12/06/25 04:36:42 - 3:12:56 - step 1000 | loss 0.0306 | step time 286.92ms
INFO - 12/06/25 04:36:43 - 3:12:57 - step 1000 train loss: 0.030386479571461678 test loss: 0.94528728723526
INFO - 12/06/25 04:37:11 - 3:13:25 - step 1100 | loss 0.0320 | step time 287.11ms
INFO - 12/06/25 04:37:40 - 3:13:54 - step 1200 | loss 0.0299 | step time 287.06ms
INFO - 12/06/25 04:38:09 - 3:14:23 - step 1300 | loss 0.0313 | step time 287.58ms
INFO - 12/06/25 04:38:38 - 3:14:52 - step 1400 | loss 0.0317 | step time 287.16ms
INFO - 12/06/25 04:38:52 - 0:00:00 - ============ Initialized logger ============
INFO - 12/06/25 04:38:52 - 0:00:00 - batch_size: 32
                                     command: python fc_loop.py --exp_name=dim20_run_3 --dump_path=/home/yuebi/Project/dim20_run --num_initial_empty_objects=800 --final_database_size=100 --target_db_size=100 --nb_local_searches=800 --max_epochs=20 --type=transformer --max-output-length=350 --sample-only=25000 --max-steps=1500 --n_tokens=15 --n-layer=8 --n-embd=128 --n-embd2=128 --exp_id=1111 --exp_id "1111"
                                     cpu: False
                                     debug: False
                                     debug_slurm: False
                                     dump_path: /home/yuebi/Project/dim20_run/dim20_run_3/1111
                                     exp_id: 1111
                                     exp_name: dim20_run_3
                                     final_database_size: 100
                                     gen_batch_size: 1000
                                     global_rank: 0
                                     is_master: True
                                     is_slurm_job: True
                                     learning_rate: 0.0005
                                     local_rank: 0
                                     master_addr: gpu-6
                                     master_port: -1
                                     max_epochs: 20
                                     max_output_length: 350
                                     max_steps: 1500
                                     multi_gpu: False
                                     multi_node: False
                                     n_embd: 128
                                     n_embd2: 128
                                     n_gpu_per_node: 1
                                     n_head: 8
                                     n_layer: 8
                                     n_nodes: 1
                                     n_tokens: 15
                                     nb_local_searches: 800
                                     nb_threads: 1
                                     node_id: 0
                                     num_initial_empty_objects: 800
                                     num_workers: 8
                                     sample_only: 25000
                                     seed: -1
                                     target_db_size: 100
                                     temperature: 1.0
                                     top_k: -1
                                     type: transformer
                                     weight_decay: 0.01
                                     world_size: 1
INFO - 12/06/25 04:38:52 - 0:00:00 - The experiment will be stored in /home/yuebi/Project/dim20_run/dim20_run_3/1111
                                     
INFO - 12/06/25 04:38:52 - 0:00:00 - Running command: python fc_loop.py --exp_name=dim20_run_3 --dump_path=/home/yuebi/Project/dim20_run --num_initial_empty_objects=800 --final_database_size=100 --target_db_size=100 --nb_local_searches=800 --max_epochs=20 --type=transformer --max-output-length=350 --sample-only=25000 --max-steps=1500 --n_tokens=15 --n-layer=8 --n-embd=128 --n-embd2=128 --exp_id=1111

WARNING - 12/06/25 04:38:52 - 0:00:00 - Signal handler installed.
INFO - 12/06/25 04:38:52 - 0:00:00 - seed: 30996559
INFO - 12/06/25 04:38:52 - 0:00:00 - initializing at generation: 3
INFO - 12/06/25 04:38:52 - 0:00:00 - number of examples in the dataset: 100
INFO - 12/06/25 04:38:52 - 0:00:00 - max word length: 165
INFO - 12/06/25 04:38:52 - 0:00:00 - number of unique characters in the vocabulary: 15
INFO - 12/06/25 04:38:52 - 0:00:00 - vocabulary:
INFO - 12/06/25 04:38:52 - 0:00:00 - ['V0', 'V1', 'V2', 'V3', 'V4', 'V5', 'V6', 'V7', 'V8', 'V9', 'V10', 'V11', 'V12', 'V13', 'V14']
INFO - 12/06/25 04:38:52 - 0:00:00 - split up the dataset into 90 training examples and 10 test examples
INFO - 12/06/25 04:38:52 - 0:00:00 - dataset determined that: vocab_size=16, block_size=351
INFO - 12/06/25 04:38:52 - 0:00:00 - model #params: 1635456
INFO - 12/06/25 04:38:52 - 0:00:00 - resuming from existing model
INFO - 12/06/25 04:38:52 - 0:00:00 - ============ Start of generation 3 ============
INFO - 12/06/25 04:38:52 - 0:00:00 - Memory allocated:  10.00MB, reserved: 22.00MB
INFO - 12/06/25 04:38:52 - 0:00:00 - training
INFO - 12/06/25 04:38:57 - 0:00:05 - step 0 | loss 0.0730 | step time 622.28ms
INFO - 12/06/25 04:39:26 - 0:00:34 - step 100 | loss 0.0396 | step time 287.22ms
INFO - 12/06/25 04:39:55 - 0:01:03 - step 200 | loss 0.0531 | step time 286.93ms
INFO - 12/06/25 04:40:23 - 0:01:31 - step 300 | loss 0.0303 | step time 286.92ms
INFO - 12/06/25 04:40:52 - 0:02:00 - step 400 | loss 0.0299 | step time 287.35ms
INFO - 12/06/25 04:41:21 - 0:02:29 - step 500 | loss 0.0294 | step time 287.23ms
INFO - 12/06/25 04:41:21 - 0:02:29 - step 500 train loss: 0.030432969331741333 test loss: 0.2336949110031128
INFO - 12/06/25 04:41:21 - 0:02:29 - test loss 0.2336949110031128 is the best so far, saving model to /home/yuebi/Project/dim20_run/dim20_run_3/1111/model.pt
INFO - 12/06/25 04:41:50 - 0:02:58 - step 600 | loss 0.0309 | step time 287.20ms
INFO - 12/06/25 04:42:18 - 0:03:27 - step 700 | loss 0.0291 | step time 287.24ms
INFO - 12/06/25 04:42:47 - 0:03:55 - step 800 | loss 0.0288 | step time 286.89ms
INFO - 12/06/25 04:43:16 - 0:04:24 - step 900 | loss 0.0300 | step time 287.12ms
INFO - 12/06/25 04:43:45 - 0:04:53 - step 1000 | loss 0.0279 | step time 287.12ms
INFO - 12/06/25 04:43:45 - 0:04:53 - step 1000 train loss: 0.029398497194051743 test loss: 0.48401692509651184
INFO - 12/06/25 04:44:14 - 0:05:22 - step 1100 | loss 0.0297 | step time 287.46ms
INFO - 12/06/25 04:44:42 - 0:05:50 - step 1200 | loss 0.0293 | step time 287.00ms
INFO - 12/06/25 04:45:11 - 0:06:19 - step 1300 | loss 0.0294 | step time 286.92ms
INFO - 12/06/25 04:45:40 - 0:06:48 - step 1400 | loss 0.0285 | step time 287.11ms
INFO - 12/06/25 04:46:08 - 0:07:16 - Memory allocated:  45.82MB, reserved: 3306.00MB
INFO - 12/06/25 04:46:08 - 0:07:16 - generating
INFO - 12/06/25 07:41:15 - 3:02:23 - distribution of sample lengths: average: 504.76416 max: 524
INFO - 12/06/25 07:41:15 - 3:02:23 - printed 25000 samples
INFO - 12/06/25 07:41:15 - 3:02:23 - decoding
INFO - 12/06/25 07:41:16 - 3:02:24 - Decoding complete. Check the output in /home/yuebi/Project/dim20_run/dim20_run_3/1111/transformer-output-decoded.txt
INFO - 12/06/25 07:41:16 - 3:02:24 - Memory allocated:  45.82MB, reserved: 10106.00MB
INFO - 12/06/25 07:41:16 - 3:02:24 - ============ End of generation 3 ============
INFO - 12/06/25 07:41:16 - 3:02:24 - launching search.jl
INFO - 12/06/25 07:41:16 - 3:02:24 - JULIA_NUM_THREADS is set to 1
INFO - 12/06/25 07:48:14 - 3:09:22 - distribution of scores(all rounds)
INFO - 12/06/25 07:48:14 - 3:09:22 - Score:56640624.0, Count:6
                                     
INFO - 12/06/25 07:48:14 - 3:09:22 - Score:51562500.0, Count:3
                                     
INFO - 12/06/25 07:48:14 - 3:09:22 - Score:41750000.0, Count:3
                                     
INFO - 12/06/25 07:48:14 - 3:09:22 - Score:41334576.0, Count:2
                                     
INFO - 12/06/25 07:48:14 - 3:09:22 - Score:39206630.0, Count:2
                                     
INFO - 12/06/25 07:48:14 - 3:09:22 - Score:38984980.0, Count:3
                                     
INFO - 12/06/25 07:48:14 - 3:09:22 - Score:38981256.0, Count:3
                                     
INFO - 12/06/25 07:48:14 - 3:09:22 - Score:38444540.0, Count:2
                                     
INFO - 12/06/25 07:48:14 - 3:09:22 - Score:37740430.0, Count:3
                                     
INFO - 12/06/25 07:48:14 - 3:09:22 - Score:37288324.0, Count:2
                                     
INFO - 12/06/25 07:48:14 - 3:09:22 - Score:37256156.0, Count:3
                                     
INFO - 12/06/25 07:48:14 - 3:09:22 - Score:37106508.0, Count:3
                                     
INFO - 12/06/25 07:48:14 - 3:09:22 - Score:36924424.0, Count:2
                                     
INFO - 12/06/25 07:48:14 - 3:09:22 - Score:36868600.0, Count:2
                                     
INFO - 12/06/25 07:48:14 - 3:09:22 - Score:36735304.0, Count:2
                                     
INFO - 12/06/25 07:48:14 - 3:09:22 - Score:36650736.0, Count:1
                                     
INFO - 12/06/25 07:48:14 - 3:09:22 - Score:36646096.0, Count:3
                                     
INFO - 12/06/25 07:48:14 - 3:09:22 - Score:36504068.0, Count:2
                                     
INFO - 12/06/25 07:48:14 - 3:09:22 - Score:36409480.0, Count:2
                                     
INFO - 12/06/25 07:48:14 - 3:09:22 - Score:36372124.0, Count:2
                                     
INFO - 12/06/25 07:48:14 - 3:09:22 - Score:36356250.0, Count:2
                                     
INFO - 12/06/25 07:48:14 - 3:09:22 - Score:36216356.0, Count:3
                                     
INFO - 12/06/25 07:48:14 - 3:09:22 - Score:36212500.0, Count:3
                                     
INFO - 12/06/25 07:48:14 - 3:09:22 - Score:36179490.0, Count:3
                                     
INFO - 12/06/25 07:48:14 - 3:09:22 - Score:36175944.0, Count:3
                                     
INFO - 12/06/25 07:48:14 - 3:09:22 - Score:36167620.0, Count:3
                                     
INFO - 12/06/25 07:48:14 - 3:09:22 - Score:36061652.0, Count:3
                                     
INFO - 12/06/25 07:48:14 - 3:09:22 - Score:36032044.0, Count:3
                                     
INFO - 12/06/25 07:48:14 - 3:09:22 - Score:36022308.0, Count:1
                                     
INFO - 12/06/25 07:48:14 - 3:09:22 - Score:36011250.0, Count:2
                                     
INFO - 12/06/25 07:48:14 - 3:09:22 - Score:36000996.0, Count:1
                                     
INFO - 12/06/25 07:48:14 - 3:09:22 - Score:35992044.0, Count:2
                                     
INFO - 12/06/25 07:48:14 - 3:09:22 - Score:35922870.0, Count:3
                                     
INFO - 12/06/25 07:48:14 - 3:09:22 - Score:35859260.0, Count:3
                                     
INFO - 12/06/25 07:48:14 - 3:09:22 - Score:35840784.0, Count:2
                                     
INFO - 12/06/25 07:48:14 - 3:09:22 - Score:35753268.0, Count:3
                                     
INFO - 12/06/25 07:48:14 - 3:09:22 - Score:35753100.0, Count:1
                                     
INFO - 12/06/25 07:48:14 - 3:09:22 - Score:35614536.0, Count:3
                                     
INFO - 12/06/25 07:48:14 - 3:09:22 - Score:35598256.0, Count:3
                                     
INFO - 12/06/25 07:48:14 - 3:09:22 - Score:35568470.0, Count:2
                                     
INFO - 12/06/25 07:48:14 - 3:09:22 - tokenizing
INFO - 12/06/25 07:48:14 - 3:09:22 - Loading tokenizer from /home/yuebi/Project/dim20_run/dim20_run_3/1111/tokenizer_data/tokenizer.json...
INFO - 12/06/25 07:48:14 - 3:09:22 - 0 / 100
INFO - 12/06/25 07:48:14 - 3:09:22 - number of examples in the dataset: 100
INFO - 12/06/25 07:48:14 - 3:09:22 - max word length: 165
INFO - 12/06/25 07:48:14 - 3:09:22 - number of unique characters in the vocabulary: 15
INFO - 12/06/25 07:48:14 - 3:09:22 - vocabulary:
INFO - 12/06/25 07:48:14 - 3:09:22 - ['V0', 'V1', 'V2', 'V3', 'V4', 'V5', 'V6', 'V7', 'V8', 'V9', 'V10', 'V11', 'V12', 'V13', 'V14']
INFO - 12/06/25 07:48:14 - 3:09:22 - split up the dataset into 90 training examples and 10 test examples
INFO - 12/06/25 07:48:14 - 3:09:22 - ============ Start of generation 4 ============
INFO - 12/06/25 07:48:14 - 3:09:22 - Memory allocated:  45.82MB, reserved: 10106.00MB
INFO - 12/06/25 07:48:14 - 3:09:22 - training
INFO - 12/06/25 07:48:15 - 3:09:23 - step 0 | loss 0.1017 | step time 294.25ms
INFO - 12/06/25 07:48:44 - 3:09:52 - step 100 | loss 0.0295 | step time 287.14ms
INFO - 12/06/25 07:49:12 - 3:10:20 - step 200 | loss 0.0306 | step time 287.42ms
INFO - 12/06/25 07:49:41 - 3:10:49 - step 300 | loss 0.0392 | step time 287.61ms
INFO - 12/06/25 07:50:10 - 3:11:18 - step 400 | loss 0.0306 | step time 287.37ms
INFO - 12/06/25 07:50:38 - 3:11:46 - step 500 | loss 0.0294 | step time 287.03ms
INFO - 12/06/25 07:50:39 - 3:11:47 - step 500 train loss: 0.029443757608532906 test loss: 0.31757286190986633
INFO - 12/06/25 07:50:39 - 3:11:47 - test loss 0.31757286190986633 is the best so far, saving model to /home/yuebi/Project/dim20_run/dim20_run_3/1111/model.pt
INFO - 12/06/25 07:51:07 - 3:12:16 - step 600 | loss 0.0296 | step time 287.39ms
INFO - 12/06/25 07:51:36 - 3:12:44 - step 700 | loss 0.0319 | step time 287.09ms
INFO - 12/06/25 07:52:05 - 3:13:13 - step 800 | loss 0.0306 | step time 287.25ms
INFO - 12/06/25 07:52:34 - 3:13:42 - step 900 | loss 0.0330 | step time 287.16ms
INFO - 12/06/25 07:53:02 - 3:14:10 - step 1000 | loss 0.0277 | step time 287.42ms
INFO - 12/06/25 07:53:03 - 3:14:11 - step 1000 train loss: 0.029087049886584282 test loss: 0.5792010426521301
INFO - 12/06/25 07:53:31 - 3:14:39 - step 1100 | loss 0.0291 | step time 287.31ms
INFO - 12/06/25 07:53:58 - 0:00:00 - ============ Initialized logger ============
INFO - 12/06/25 07:53:58 - 0:00:00 - batch_size: 32
                                     command: python fc_loop.py --exp_name=dim20_run_3 --dump_path=/home/yuebi/Project/dim20_run --num_initial_empty_objects=800 --final_database_size=100 --target_db_size=100 --nb_local_searches=800 --max_epochs=20 --type=transformer --max-output-length=350 --sample-only=25000 --max-steps=1500 --n_tokens=15 --n-layer=8 --n-embd=128 --n-embd2=128 --exp_id=1111 --exp_id "1111"
                                     cpu: False
                                     debug: False
                                     debug_slurm: False
                                     dump_path: /home/yuebi/Project/dim20_run/dim20_run_3/1111
                                     exp_id: 1111
                                     exp_name: dim20_run_3
                                     final_database_size: 100
                                     gen_batch_size: 1000
                                     global_rank: 0
                                     is_master: True
                                     is_slurm_job: True
                                     learning_rate: 0.0005
                                     local_rank: 0
                                     master_addr: gpu-6
                                     master_port: -1
                                     max_epochs: 20
                                     max_output_length: 350
                                     max_steps: 1500
                                     multi_gpu: False
                                     multi_node: False
                                     n_embd: 128
                                     n_embd2: 128
                                     n_gpu_per_node: 1
                                     n_head: 8
                                     n_layer: 8
                                     n_nodes: 1
                                     n_tokens: 15
                                     nb_local_searches: 800
                                     nb_threads: 1
                                     node_id: 0
                                     num_initial_empty_objects: 800
                                     num_workers: 8
                                     sample_only: 25000
                                     seed: -1
                                     target_db_size: 100
                                     temperature: 1.0
                                     top_k: -1
                                     type: transformer
                                     weight_decay: 0.01
                                     world_size: 1
INFO - 12/06/25 07:53:58 - 0:00:00 - The experiment will be stored in /home/yuebi/Project/dim20_run/dim20_run_3/1111
                                     
INFO - 12/06/25 07:53:58 - 0:00:00 - Running command: python fc_loop.py --exp_name=dim20_run_3 --dump_path=/home/yuebi/Project/dim20_run --num_initial_empty_objects=800 --final_database_size=100 --target_db_size=100 --nb_local_searches=800 --max_epochs=20 --type=transformer --max-output-length=350 --sample-only=25000 --max-steps=1500 --n_tokens=15 --n-layer=8 --n-embd=128 --n-embd2=128 --exp_id=1111

WARNING - 12/06/25 07:53:58 - 0:00:00 - Signal handler installed.
INFO - 12/06/25 07:53:58 - 0:00:00 - seed: 712751731
INFO - 12/06/25 07:53:58 - 0:00:00 - initializing at generation: 4
INFO - 12/06/25 07:53:58 - 0:00:00 - number of examples in the dataset: 100
INFO - 12/06/25 07:53:58 - 0:00:00 - max word length: 165
INFO - 12/06/25 07:53:58 - 0:00:00 - number of unique characters in the vocabulary: 15
INFO - 12/06/25 07:53:58 - 0:00:00 - vocabulary:
INFO - 12/06/25 07:53:58 - 0:00:00 - ['V0', 'V1', 'V2', 'V3', 'V4', 'V5', 'V6', 'V7', 'V8', 'V9', 'V10', 'V11', 'V12', 'V13', 'V14']
INFO - 12/06/25 07:53:58 - 0:00:00 - split up the dataset into 90 training examples and 10 test examples
INFO - 12/06/25 07:53:58 - 0:00:00 - dataset determined that: vocab_size=16, block_size=351
INFO - 12/06/25 07:53:58 - 0:00:00 - model #params: 1635456
INFO - 12/06/25 07:53:58 - 0:00:00 - resuming from existing model
INFO - 12/06/25 07:53:58 - 0:00:00 - ============ Start of generation 4 ============
INFO - 12/06/25 07:53:58 - 0:00:00 - Memory allocated:  10.00MB, reserved: 22.00MB
INFO - 12/06/25 07:53:58 - 0:00:00 - training
INFO - 12/06/25 07:54:03 - 0:00:05 - step 0 | loss 0.0521 | step time 623.56ms
INFO - 12/06/25 07:54:31 - 0:00:34 - step 100 | loss 0.0294 | step time 286.84ms
INFO - 12/06/25 07:55:00 - 0:01:02 - step 200 | loss 0.0295 | step time 286.91ms
INFO - 12/06/25 07:55:29 - 0:01:31 - step 300 | loss 0.0299 | step time 286.88ms
INFO - 12/06/25 07:55:58 - 0:02:00 - step 400 | loss 0.0406 | step time 286.97ms
INFO - 12/06/25 07:56:26 - 0:02:28 - step 500 | loss 0.0290 | step time 286.92ms
INFO - 12/06/25 07:56:27 - 0:02:29 - step 500 train loss: 0.028865445405244827 test loss: 0.36693862080574036
INFO - 12/06/25 07:56:27 - 0:02:29 - test loss 0.36693862080574036 is the best so far, saving model to /home/yuebi/Project/dim20_run/dim20_run_3/1111/model.pt
INFO - 12/06/25 07:56:55 - 0:02:57 - step 600 | loss 0.0292 | step time 287.03ms
INFO - 12/06/25 07:57:24 - 0:03:26 - step 700 | loss 0.0287 | step time 287.25ms
INFO - 12/06/25 07:57:53 - 0:03:55 - step 800 | loss 0.0296 | step time 287.13ms
INFO - 12/06/25 07:58:21 - 0:04:23 - step 900 | loss 0.0300 | step time 286.87ms
INFO - 12/06/25 07:58:50 - 0:04:52 - step 1000 | loss 0.0301 | step time 287.02ms
INFO - 12/06/25 07:58:50 - 0:04:52 - step 1000 train loss: 0.0291951484978199 test loss: 0.3524816036224365
INFO - 12/06/25 07:58:50 - 0:04:52 - test loss 0.3524816036224365 is the best so far, saving model to /home/yuebi/Project/dim20_run/dim20_run_3/1111/model.pt
INFO - 12/06/25 07:59:19 - 0:05:21 - step 1100 | loss 0.0396 | step time 287.12ms
INFO - 12/06/25 07:59:48 - 0:05:50 - step 1200 | loss 0.0289 | step time 287.13ms
INFO - 12/06/25 08:00:17 - 0:06:19 - step 1300 | loss 0.0289 | step time 287.14ms
INFO - 12/06/25 08:00:45 - 0:06:47 - step 1400 | loss 0.0282 | step time 286.84ms
INFO - 12/06/25 08:01:14 - 0:07:16 - Memory allocated:  45.82MB, reserved: 3306.00MB
INFO - 12/06/25 08:01:14 - 0:07:16 - generating
INFO - 12/06/25 10:56:20 - 3:02:22 - distribution of sample lengths: average: 504.91852 max: 968
INFO - 12/06/25 10:56:20 - 3:02:22 - printed 25000 samples
INFO - 12/06/25 10:56:20 - 3:02:22 - decoding
INFO - 12/06/25 10:56:21 - 3:02:23 - Decoding complete. Check the output in /home/yuebi/Project/dim20_run/dim20_run_3/1111/transformer-output-decoded.txt
INFO - 12/06/25 10:56:21 - 3:02:23 - Memory allocated:  45.82MB, reserved: 10106.00MB
INFO - 12/06/25 10:56:21 - 3:02:23 - ============ End of generation 4 ============
INFO - 12/06/25 10:56:21 - 3:02:23 - launching search.jl
INFO - 12/06/25 10:56:21 - 3:02:23 - JULIA_NUM_THREADS is set to 1
INFO - 12/06/25 11:03:19 - 3:09:21 - distribution of scores(all rounds)
INFO - 12/06/25 11:03:19 - 3:09:21 - Score:56640624.0, Count:8
                                     
INFO - 12/06/25 11:03:19 - 3:09:21 - Score:51562500.0, Count:4
                                     
INFO - 12/06/25 11:03:19 - 3:09:21 - Score:41750000.0, Count:4
                                     
INFO - 12/06/25 11:03:19 - 3:09:21 - Score:41334576.0, Count:3
                                     
INFO - 12/06/25 11:03:19 - 3:09:21 - Score:39718750.0, Count:1
                                     
INFO - 12/06/25 11:03:19 - 3:09:21 - Score:39492336.0, Count:1
                                     
INFO - 12/06/25 11:03:19 - 3:09:21 - Score:39206630.0, Count:3
                                     
INFO - 12/06/25 11:03:19 - 3:09:21 - Score:38984980.0, Count:4
                                     
INFO - 12/06/25 11:03:19 - 3:09:21 - Score:38981256.0, Count:4
                                     
INFO - 12/06/25 11:03:19 - 3:09:21 - Score:38444540.0, Count:3
                                     
INFO - 12/06/25 11:03:19 - 3:09:21 - Score:37740430.0, Count:4
                                     
INFO - 12/06/25 11:03:19 - 3:09:21 - Score:37339988.0, Count:1
                                     
INFO - 12/06/25 11:03:19 - 3:09:21 - Score:37288324.0, Count:3
                                     
INFO - 12/06/25 11:03:19 - 3:09:21 - Score:37256156.0, Count:4
                                     
INFO - 12/06/25 11:03:19 - 3:09:21 - Score:37139252.0, Count:1
                                     
INFO - 12/06/25 11:03:19 - 3:09:21 - Score:37106508.0, Count:4
                                     
INFO - 12/06/25 11:03:19 - 3:09:21 - Score:37032372.0, Count:1
                                     
INFO - 12/06/25 11:03:19 - 3:09:21 - Score:36924424.0, Count:3
                                     
INFO - 12/06/25 11:03:19 - 3:09:21 - Score:36868600.0, Count:3
                                     
INFO - 12/06/25 11:03:19 - 3:09:21 - Score:36735304.0, Count:3
                                     
INFO - 12/06/25 11:03:19 - 3:09:21 - Score:36650736.0, Count:2
                                     
INFO - 12/06/25 11:03:19 - 3:09:21 - Score:36646096.0, Count:4
                                     
INFO - 12/06/25 11:03:19 - 3:09:21 - Score:36504068.0, Count:3
                                     
INFO - 12/06/25 11:03:19 - 3:09:21 - Score:36409480.0, Count:3
                                     
INFO - 12/06/25 11:03:19 - 3:09:21 - Score:36394904.0, Count:1
                                     
INFO - 12/06/25 11:03:19 - 3:09:21 - Score:36372124.0, Count:3
                                     
INFO - 12/06/25 11:03:19 - 3:09:21 - Score:36356250.0, Count:3
                                     
INFO - 12/06/25 11:03:19 - 3:09:21 - Score:36216356.0, Count:4
                                     
INFO - 12/06/25 11:03:19 - 3:09:21 - Score:36212500.0, Count:4
                                     
INFO - 12/06/25 11:03:19 - 3:09:21 - Score:36179490.0, Count:4
                                     
INFO - 12/06/25 11:03:19 - 3:09:21 - Score:36175944.0, Count:4
                                     
INFO - 12/06/25 11:03:19 - 3:09:21 - Score:36167620.0, Count:3
                                     
INFO - 12/06/25 11:03:19 - 3:09:21 - tokenizing
INFO - 12/06/25 11:03:19 - 3:09:21 - Loading tokenizer from /home/yuebi/Project/dim20_run/dim20_run_3/1111/tokenizer_data/tokenizer.json...
INFO - 12/06/25 11:03:19 - 3:09:21 - 0 / 100
INFO - 12/06/25 11:03:19 - 3:09:21 - number of examples in the dataset: 100
INFO - 12/06/25 11:03:19 - 3:09:21 - max word length: 165
INFO - 12/06/25 11:03:19 - 3:09:21 - number of unique characters in the vocabulary: 15
INFO - 12/06/25 11:03:19 - 3:09:21 - vocabulary:
INFO - 12/06/25 11:03:19 - 3:09:21 - ['V0', 'V1', 'V2', 'V3', 'V4', 'V5', 'V6', 'V7', 'V8', 'V9', 'V10', 'V11', 'V12', 'V13', 'V14']
INFO - 12/06/25 11:03:19 - 3:09:21 - split up the dataset into 90 training examples and 10 test examples
INFO - 12/06/25 11:03:19 - 3:09:21 - ============ Start of generation 5 ============
INFO - 12/06/25 11:03:19 - 3:09:21 - Memory allocated:  45.82MB, reserved: 10106.00MB
INFO - 12/06/25 11:03:19 - 3:09:21 - training
INFO - 12/06/25 11:03:20 - 3:09:22 - step 0 | loss 0.6174 | step time 294.69ms
INFO - 12/06/25 11:03:48 - 3:09:51 - step 100 | loss 0.0290 | step time 287.38ms
INFO - 12/06/25 11:04:17 - 3:10:19 - step 200 | loss 0.0289 | step time 287.37ms
INFO - 12/06/25 11:04:46 - 3:10:48 - step 300 | loss 0.0296 | step time 287.38ms
INFO - 12/06/25 11:05:15 - 3:11:17 - step 400 | loss 0.0597 | step time 287.26ms
INFO - 12/06/25 11:05:43 - 3:11:45 - step 500 | loss 0.0293 | step time 287.54ms
INFO - 12/06/25 11:05:44 - 3:11:46 - step 500 train loss: 0.028766270726919174 test loss: 0.8161162734031677
INFO - 12/06/25 11:05:44 - 3:11:46 - test loss 0.8161162734031677 is the best so far, saving model to /home/yuebi/Project/dim20_run/dim20_run_3/1111/model.pt
INFO - 12/06/25 11:06:12 - 3:12:15 - step 600 | loss 0.0281 | step time 286.82ms
INFO - 12/06/25 11:06:41 - 3:12:43 - step 700 | loss 0.0290 | step time 287.25ms
INFO - 12/06/25 11:07:10 - 3:13:12 - step 800 | loss 0.0284 | step time 286.84ms
INFO - 12/06/25 11:07:39 - 3:13:41 - step 900 | loss 0.0281 | step time 287.40ms
INFO - 12/06/25 11:08:07 - 3:14:09 - step 1000 | loss 0.0288 | step time 287.28ms
INFO - 12/06/25 11:08:08 - 3:14:10 - step 1000 train loss: 0.02899792231619358 test loss: 0.8344981670379639
INFO - 12/06/25 11:08:36 - 3:14:38 - step 1100 | loss 0.0329 | step time 287.15ms
INFO - 12/06/25 11:09:03 - 0:00:00 - ============ Initialized logger ============
INFO - 12/06/25 11:09:03 - 0:00:00 - batch_size: 32
                                     command: python fc_loop.py --exp_name=dim20_run_3 --dump_path=/home/yuebi/Project/dim20_run --num_initial_empty_objects=800 --final_database_size=100 --target_db_size=100 --nb_local_searches=800 --max_epochs=20 --type=transformer --max-output-length=350 --sample-only=25000 --max-steps=1500 --n_tokens=15 --n-layer=8 --n-embd=128 --n-embd2=128 --exp_id=1111 --exp_id "1111"
                                     cpu: False
                                     debug: False
                                     debug_slurm: False
                                     dump_path: /home/yuebi/Project/dim20_run/dim20_run_3/1111
                                     exp_id: 1111
                                     exp_name: dim20_run_3
                                     final_database_size: 100
                                     gen_batch_size: 1000
                                     global_rank: 0
                                     is_master: True
                                     is_slurm_job: True
                                     learning_rate: 0.0005
                                     local_rank: 0
                                     master_addr: gpu-6
                                     master_port: -1
                                     max_epochs: 20
                                     max_output_length: 350
                                     max_steps: 1500
                                     multi_gpu: False
                                     multi_node: False
                                     n_embd: 128
                                     n_embd2: 128
                                     n_gpu_per_node: 1
                                     n_head: 8
                                     n_layer: 8
                                     n_nodes: 1
                                     n_tokens: 15
                                     nb_local_searches: 800
                                     nb_threads: 1
                                     node_id: 0
                                     num_initial_empty_objects: 800
                                     num_workers: 8
                                     sample_only: 25000
                                     seed: -1
                                     target_db_size: 100
                                     temperature: 1.0
                                     top_k: -1
                                     type: transformer
                                     weight_decay: 0.01
                                     world_size: 1
INFO - 12/06/25 11:09:03 - 0:00:00 - The experiment will be stored in /home/yuebi/Project/dim20_run/dim20_run_3/1111
                                     
INFO - 12/06/25 11:09:03 - 0:00:00 - Running command: python fc_loop.py --exp_name=dim20_run_3 --dump_path=/home/yuebi/Project/dim20_run --num_initial_empty_objects=800 --final_database_size=100 --target_db_size=100 --nb_local_searches=800 --max_epochs=20 --type=transformer --max-output-length=350 --sample-only=25000 --max-steps=1500 --n_tokens=15 --n-layer=8 --n-embd=128 --n-embd2=128 --exp_id=1111

WARNING - 12/06/25 11:09:03 - 0:00:00 - Signal handler installed.
INFO - 12/06/25 11:09:03 - 0:00:00 - seed: 439510959
INFO - 12/06/25 11:09:03 - 0:00:00 - initializing at generation: 5
INFO - 12/06/25 11:09:03 - 0:00:00 - number of examples in the dataset: 100
INFO - 12/06/25 11:09:03 - 0:00:00 - max word length: 165
INFO - 12/06/25 11:09:03 - 0:00:00 - number of unique characters in the vocabulary: 15
INFO - 12/06/25 11:09:03 - 0:00:00 - vocabulary:
INFO - 12/06/25 11:09:03 - 0:00:00 - ['V0', 'V1', 'V2', 'V3', 'V4', 'V5', 'V6', 'V7', 'V8', 'V9', 'V10', 'V11', 'V12', 'V13', 'V14']
INFO - 12/06/25 11:09:03 - 0:00:00 - split up the dataset into 90 training examples and 10 test examples
INFO - 12/06/25 11:09:03 - 0:00:00 - dataset determined that: vocab_size=16, block_size=351
INFO - 12/06/25 11:09:03 - 0:00:00 - model #params: 1635456
INFO - 12/06/25 11:09:03 - 0:00:00 - resuming from existing model
INFO - 12/06/25 11:09:03 - 0:00:00 - ============ Start of generation 5 ============
INFO - 12/06/25 11:09:03 - 0:00:00 - Memory allocated:  10.00MB, reserved: 22.00MB
INFO - 12/06/25 11:09:03 - 0:00:00 - training
INFO - 12/06/25 11:09:08 - 0:00:05 - step 0 | loss 0.2561 | step time 626.35ms
INFO - 12/06/25 11:09:37 - 0:00:34 - step 100 | loss 0.0287 | step time 286.95ms
INFO - 12/06/25 11:10:06 - 0:01:03 - step 200 | loss 0.0287 | step time 287.17ms
INFO - 12/06/25 11:10:35 - 0:01:32 - step 300 | loss 0.0298 | step time 286.73ms
INFO - 12/06/25 11:11:03 - 0:02:00 - step 400 | loss 0.0287 | step time 286.87ms
INFO - 12/06/25 11:11:32 - 0:02:29 - step 500 | loss 0.0315 | step time 286.90ms
INFO - 12/06/25 11:11:32 - 0:02:29 - step 500 train loss: 0.032600224018096924 test loss: 0.19532054662704468
INFO - 12/06/25 11:11:32 - 0:02:29 - test loss 0.19532054662704468 is the best so far, saving model to /home/yuebi/Project/dim20_run/dim20_run_3/1111/model.pt
INFO - 12/06/25 11:12:01 - 0:02:58 - step 600 | loss 0.0288 | step time 286.97ms
INFO - 12/06/25 11:12:30 - 0:03:27 - step 700 | loss 0.0297 | step time 287.30ms
INFO - 12/06/25 11:12:58 - 0:03:55 - step 800 | loss 0.0284 | step time 286.96ms
INFO - 12/06/25 11:13:27 - 0:04:24 - step 900 | loss 0.0293 | step time 287.30ms
INFO - 12/06/25 11:13:56 - 0:04:53 - step 1000 | loss 0.0299 | step time 287.48ms
INFO - 12/06/25 11:13:56 - 0:04:53 - step 1000 train loss: 0.028990140184760094 test loss: 0.17674817144870758
INFO - 12/06/25 11:13:56 - 0:04:53 - test loss 0.17674817144870758 is the best so far, saving model to /home/yuebi/Project/dim20_run/dim20_run_3/1111/model.pt
INFO - 12/06/25 11:14:25 - 0:05:22 - step 1100 | loss 0.0332 | step time 287.22ms
INFO - 12/06/25 11:14:54 - 0:05:51 - step 1200 | loss 0.0284 | step time 287.14ms
INFO - 12/06/25 11:15:22 - 0:06:19 - step 1300 | loss 0.0295 | step time 287.02ms
INFO - 12/06/25 11:15:51 - 0:06:48 - step 1400 | loss 0.0280 | step time 287.17ms
INFO - 12/06/25 11:16:19 - 0:07:16 - Memory allocated:  45.82MB, reserved: 3306.00MB
INFO - 12/06/25 11:16:19 - 0:07:16 - generating
INFO - 12/06/25 14:11:28 - 3:02:25 - distribution of sample lengths: average: 505.54244 max: 794
INFO - 12/06/25 14:11:28 - 3:02:25 - printed 25000 samples
INFO - 12/06/25 14:11:28 - 3:02:25 - decoding
INFO - 12/06/25 14:11:29 - 3:02:26 - Decoding complete. Check the output in /home/yuebi/Project/dim20_run/dim20_run_3/1111/transformer-output-decoded.txt
INFO - 12/06/25 14:11:29 - 3:02:26 - Memory allocated:  45.82MB, reserved: 10106.00MB
INFO - 12/06/25 14:11:29 - 3:02:26 - ============ End of generation 5 ============
INFO - 12/06/25 14:11:29 - 3:02:26 - launching search.jl
INFO - 12/06/25 14:11:29 - 3:02:26 - JULIA_NUM_THREADS is set to 1
INFO - 12/06/25 14:18:24 - 3:09:21 - distribution of scores(all rounds)
INFO - 12/06/25 14:18:24 - 3:09:21 - Score:56640624.0, Count:10
                                     
INFO - 12/06/25 14:18:24 - 3:09:21 - Score:51562500.0, Count:5
                                     
INFO - 12/06/25 14:18:24 - 3:09:21 - Score:42780624.0, Count:1
                                     
INFO - 12/06/25 14:18:24 - 3:09:21 - Score:41750000.0, Count:5
                                     
INFO - 12/06/25 14:18:24 - 3:09:21 - Score:41334576.0, Count:4
                                     
INFO - 12/06/25 14:18:24 - 3:09:21 - Score:39718750.0, Count:2
                                     
INFO - 12/06/25 14:18:24 - 3:09:21 - Score:39492336.0, Count:2
                                     
INFO - 12/06/25 14:18:24 - 3:09:21 - Score:39206630.0, Count:4
                                     
INFO - 12/06/25 14:18:24 - 3:09:21 - Score:38984980.0, Count:5
                                     
INFO - 12/06/25 14:18:24 - 3:09:21 - Score:38981256.0, Count:5
                                     
INFO - 12/06/25 14:18:24 - 3:09:21 - Score:38444540.0, Count:4
                                     
INFO - 12/06/25 14:18:24 - 3:09:21 - Score:37740430.0, Count:5
                                     
INFO - 12/06/25 14:18:24 - 3:09:21 - Score:37339988.0, Count:2
                                     
INFO - 12/06/25 14:18:24 - 3:09:21 - Score:37288324.0, Count:4
                                     
INFO - 12/06/25 14:18:24 - 3:09:21 - Score:37256156.0, Count:5
                                     
INFO - 12/06/25 14:18:24 - 3:09:21 - Score:37139252.0, Count:2
                                     
INFO - 12/06/25 14:18:24 - 3:09:21 - Score:37106508.0, Count:5
                                     
INFO - 12/06/25 14:18:24 - 3:09:21 - Score:37032372.0, Count:2
                                     
INFO - 12/06/25 14:18:24 - 3:09:21 - Score:36924424.0, Count:4
                                     
INFO - 12/06/25 14:18:24 - 3:09:21 - Score:36868600.0, Count:4
                                     
INFO - 12/06/25 14:18:24 - 3:09:21 - Score:36735304.0, Count:4
                                     
INFO - 12/06/25 14:18:24 - 3:09:21 - Score:36650736.0, Count:3
                                     
INFO - 12/06/25 14:18:24 - 3:09:21 - Score:36646096.0, Count:5
                                     
INFO - 12/06/25 14:18:24 - 3:09:21 - Score:36504068.0, Count:4
                                     
INFO - 12/06/25 14:18:24 - 3:09:21 - Score:36409480.0, Count:4
                                     
INFO - 12/06/25 14:18:24 - 3:09:21 - Score:36394904.0, Count:0
                                     
INFO - 12/06/25 14:18:24 - 3:09:21 - tokenizing
INFO - 12/06/25 14:18:24 - 3:09:21 - Loading tokenizer from /home/yuebi/Project/dim20_run/dim20_run_3/1111/tokenizer_data/tokenizer.json...
INFO - 12/06/25 14:18:24 - 3:09:21 - 0 / 100
INFO - 12/06/25 14:18:24 - 3:09:21 - number of examples in the dataset: 100
INFO - 12/06/25 14:18:24 - 3:09:21 - max word length: 165
INFO - 12/06/25 14:18:24 - 3:09:21 - number of unique characters in the vocabulary: 15
INFO - 12/06/25 14:18:24 - 3:09:21 - vocabulary:
INFO - 12/06/25 14:18:24 - 3:09:21 - ['V0', 'V1', 'V2', 'V3', 'V4', 'V5', 'V6', 'V7', 'V8', 'V9', 'V10', 'V11', 'V12', 'V13', 'V14']
INFO - 12/06/25 14:18:24 - 3:09:21 - split up the dataset into 90 training examples and 10 test examples
INFO - 12/06/25 14:18:24 - 3:09:21 - ============ Start of generation 6 ============
INFO - 12/06/25 14:18:24 - 3:09:21 - Memory allocated:  45.82MB, reserved: 10106.00MB
INFO - 12/06/25 14:18:24 - 3:09:21 - training
INFO - 12/06/25 14:18:24 - 3:09:21 - step 0 | loss 0.0833 | step time 295.09ms
INFO - 12/06/25 14:18:53 - 3:09:50 - step 100 | loss 0.0287 | step time 287.20ms
INFO - 12/06/25 14:19:22 - 3:10:19 - step 200 | loss 0.0285 | step time 287.71ms
INFO - 12/06/25 14:19:51 - 3:10:48 - step 300 | loss 0.0284 | step time 287.19ms
INFO - 12/06/25 14:20:19 - 3:11:16 - step 400 | loss 0.0286 | step time 287.44ms
INFO - 12/06/25 14:20:48 - 3:11:45 - step 500 | loss 0.0299 | step time 287.37ms
INFO - 12/06/25 14:20:48 - 3:11:45 - step 500 train loss: 0.029338765889406204 test loss: 0.6340919733047485
INFO - 12/06/25 14:20:48 - 3:11:45 - test loss 0.6340919733047485 is the best so far, saving model to /home/yuebi/Project/dim20_run/dim20_run_3/1111/model.pt
INFO - 12/06/25 14:21:17 - 3:12:14 - step 600 | loss 0.0285 | step time 287.05ms
INFO - 12/06/25 14:21:46 - 3:12:43 - step 700 | loss 0.0282 | step time 287.53ms
INFO - 12/06/25 14:22:15 - 3:13:12 - step 800 | loss 0.0283 | step time 287.13ms
INFO - 12/06/25 14:22:43 - 3:13:40 - step 900 | loss 0.0288 | step time 287.19ms
INFO - 12/06/25 14:23:12 - 3:14:09 - step 1000 | loss 0.0290 | step time 287.43ms
INFO - 12/06/25 14:23:12 - 3:14:09 - step 1000 train loss: 0.02880764566361904 test loss: 0.7239863276481628
INFO - 12/06/25 14:23:41 - 3:14:38 - step 1100 | loss 0.0290 | step time 287.34ms
INFO - 12/06/25 14:24:12 - 0:00:00 - ============ Initialized logger ============
INFO - 12/06/25 14:24:12 - 0:00:00 - batch_size: 32
                                     command: python fc_loop.py --exp_name=dim20_run_3 --dump_path=/home/yuebi/Project/dim20_run --num_initial_empty_objects=800 --final_database_size=100 --target_db_size=100 --nb_local_searches=800 --max_epochs=20 --type=transformer --max-output-length=350 --sample-only=25000 --max-steps=1500 --n_tokens=15 --n-layer=8 --n-embd=128 --n-embd2=128 --exp_id=1111 --exp_id "1111"
                                     cpu: False
                                     debug: False
                                     debug_slurm: False
                                     dump_path: /home/yuebi/Project/dim20_run/dim20_run_3/1111
                                     exp_id: 1111
                                     exp_name: dim20_run_3
                                     final_database_size: 100
                                     gen_batch_size: 1000
                                     global_rank: 0
                                     is_master: True
                                     is_slurm_job: True
                                     learning_rate: 0.0005
                                     local_rank: 0
                                     master_addr: gpu-6
                                     master_port: -1
                                     max_epochs: 20
                                     max_output_length: 350
                                     max_steps: 1500
                                     multi_gpu: False
                                     multi_node: False
                                     n_embd: 128
                                     n_embd2: 128
                                     n_gpu_per_node: 1
                                     n_head: 8
                                     n_layer: 8
                                     n_nodes: 1
                                     n_tokens: 15
                                     nb_local_searches: 800
                                     nb_threads: 1
                                     node_id: 0
                                     num_initial_empty_objects: 800
                                     num_workers: 8
                                     sample_only: 25000
                                     seed: -1
                                     target_db_size: 100
                                     temperature: 1.0
                                     top_k: -1
                                     type: transformer
                                     weight_decay: 0.01
                                     world_size: 1
INFO - 12/06/25 14:24:12 - 0:00:00 - The experiment will be stored in /home/yuebi/Project/dim20_run/dim20_run_3/1111
                                     
INFO - 12/06/25 14:24:12 - 0:00:00 - Running command: python fc_loop.py --exp_name=dim20_run_3 --dump_path=/home/yuebi/Project/dim20_run --num_initial_empty_objects=800 --final_database_size=100 --target_db_size=100 --nb_local_searches=800 --max_epochs=20 --type=transformer --max-output-length=350 --sample-only=25000 --max-steps=1500 --n_tokens=15 --n-layer=8 --n-embd=128 --n-embd2=128 --exp_id=1111

WARNING - 12/06/25 14:24:12 - 0:00:00 - Signal handler installed.
INFO - 12/06/25 14:24:12 - 0:00:00 - seed: 493538141
INFO - 12/06/25 14:24:12 - 0:00:00 - initializing at generation: 6
INFO - 12/06/25 14:24:12 - 0:00:00 - number of examples in the dataset: 100
INFO - 12/06/25 14:24:12 - 0:00:00 - max word length: 165
INFO - 12/06/25 14:24:12 - 0:00:00 - number of unique characters in the vocabulary: 15
INFO - 12/06/25 14:24:12 - 0:00:00 - vocabulary:
INFO - 12/06/25 14:24:12 - 0:00:00 - ['V0', 'V1', 'V2', 'V3', 'V4', 'V5', 'V6', 'V7', 'V8', 'V9', 'V10', 'V11', 'V12', 'V13', 'V14']
INFO - 12/06/25 14:24:12 - 0:00:00 - split up the dataset into 90 training examples and 10 test examples
INFO - 12/06/25 14:24:12 - 0:00:00 - dataset determined that: vocab_size=16, block_size=351
INFO - 12/06/25 14:24:12 - 0:00:00 - model #params: 1635456
INFO - 12/06/25 14:24:12 - 0:00:00 - resuming from existing model
INFO - 12/06/25 14:24:12 - 0:00:00 - ============ Start of generation 6 ============
INFO - 12/06/25 14:24:12 - 0:00:00 - Memory allocated:  10.00MB, reserved: 22.00MB
INFO - 12/06/25 14:24:12 - 0:00:00 - training
INFO - 12/06/25 14:24:17 - 0:00:05 - step 0 | loss 0.3697 | step time 624.31ms
INFO - 12/06/25 14:24:46 - 0:00:34 - step 100 | loss 0.0287 | step time 287.38ms
INFO - 12/06/25 14:25:15 - 0:01:03 - step 200 | loss 0.0286 | step time 287.06ms
INFO - 12/06/25 14:25:43 - 0:01:31 - step 300 | loss 0.0290 | step time 287.28ms
INFO - 12/06/25 14:26:12 - 0:02:00 - step 400 | loss 0.0293 | step time 287.33ms
INFO - 12/06/25 14:26:41 - 0:02:29 - step 500 | loss 0.0459 | step time 287.58ms
INFO - 12/06/25 14:26:41 - 0:02:29 - step 500 train loss: 0.04129774868488312 test loss: 0.1840268075466156
INFO - 12/06/25 14:26:41 - 0:02:29 - test loss 0.1840268075466156 is the best so far, saving model to /home/yuebi/Project/dim20_run/dim20_run_3/1111/model.pt
INFO - 12/06/25 14:27:10 - 0:02:58 - step 600 | loss 0.0281 | step time 287.17ms
INFO - 12/06/25 14:27:39 - 0:03:27 - step 700 | loss 0.0283 | step time 287.37ms
INFO - 12/06/25 14:28:07 - 0:03:55 - step 800 | loss 0.0289 | step time 287.26ms
INFO - 12/06/25 14:28:36 - 0:04:24 - step 900 | loss 0.0278 | step time 286.83ms
INFO - 12/06/25 14:29:05 - 0:04:53 - step 1000 | loss 0.0286 | step time 287.56ms
INFO - 12/06/25 14:29:05 - 0:04:53 - step 1000 train loss: 0.0287556741386652 test loss: 0.2688113749027252
INFO - 12/06/25 14:29:34 - 0:05:22 - step 1100 | loss 0.0465 | step time 287.62ms
INFO - 12/06/25 14:30:03 - 0:05:51 - step 1200 | loss 0.0282 | step time 287.42ms
INFO - 12/06/25 14:30:31 - 0:06:19 - step 1300 | loss 0.0286 | step time 287.15ms
INFO - 12/06/25 14:31:00 - 0:06:48 - step 1400 | loss 0.0283 | step time 287.50ms
INFO - 12/06/25 14:31:28 - 0:07:16 - Memory allocated:  45.82MB, reserved: 3306.00MB
INFO - 12/06/25 14:31:28 - 0:07:16 - generating
INFO - 12/06/25 17:26:33 - 3:02:21 - distribution of sample lengths: average: 505.09324 max: 527
INFO - 12/06/25 17:26:33 - 3:02:21 - printed 25000 samples
INFO - 12/06/25 17:26:33 - 3:02:21 - decoding
INFO - 12/06/25 17:26:34 - 3:02:22 - Decoding complete. Check the output in /home/yuebi/Project/dim20_run/dim20_run_3/1111/transformer-output-decoded.txt
INFO - 12/06/25 17:26:34 - 3:02:22 - Memory allocated:  45.82MB, reserved: 10106.00MB
INFO - 12/06/25 17:26:34 - 3:02:22 - ============ End of generation 6 ============
INFO - 12/06/25 17:26:34 - 3:02:22 - launching search.jl
INFO - 12/06/25 17:26:34 - 3:02:22 - JULIA_NUM_THREADS is set to 1
INFO - 12/06/25 17:33:40 - 3:09:28 - distribution of scores(all rounds)
INFO - 12/06/25 17:33:40 - 3:09:28 - Score:56640624.0, Count:12
                                     
INFO - 12/06/25 17:33:40 - 3:09:28 - Score:51562500.0, Count:6
                                     
INFO - 12/06/25 17:33:40 - 3:09:28 - Score:42780624.0, Count:2
                                     
INFO - 12/06/25 17:33:40 - 3:09:28 - Score:41750000.0, Count:6
                                     
INFO - 12/06/25 17:33:40 - 3:09:28 - Score:41334576.0, Count:5
                                     
INFO - 12/06/25 17:33:40 - 3:09:28 - Score:39718750.0, Count:3
                                     
INFO - 12/06/25 17:33:40 - 3:09:28 - Score:39492336.0, Count:3
                                     
INFO - 12/06/25 17:33:40 - 3:09:28 - Score:39206630.0, Count:5
                                     
INFO - 12/06/25 17:33:40 - 3:09:28 - Score:38984980.0, Count:6
                                     
INFO - 12/06/25 17:33:40 - 3:09:28 - Score:38981256.0, Count:6
                                     
INFO - 12/06/25 17:33:40 - 3:09:28 - Score:38444540.0, Count:5
                                     
INFO - 12/06/25 17:33:40 - 3:09:28 - Score:37740430.0, Count:6
                                     
INFO - 12/06/25 17:33:40 - 3:09:28 - Score:37339988.0, Count:3
                                     
INFO - 12/06/25 17:33:40 - 3:09:28 - Score:37288324.0, Count:5
                                     
INFO - 12/06/25 17:33:40 - 3:09:28 - Score:37256156.0, Count:6
                                     
INFO - 12/06/25 17:33:40 - 3:09:28 - Score:37139252.0, Count:3
                                     
INFO - 12/06/25 17:33:40 - 3:09:28 - Score:37106508.0, Count:6
                                     
INFO - 12/06/25 17:33:40 - 3:09:28 - Score:37032372.0, Count:3
                                     
INFO - 12/06/25 17:33:40 - 3:09:28 - Score:36924424.0, Count:5
                                     
INFO - 12/06/25 17:33:40 - 3:09:28 - Score:36868600.0, Count:4
                                     
INFO - 12/06/25 17:33:40 - 3:09:28 - tokenizing
INFO - 12/06/25 17:33:40 - 3:09:28 - Loading tokenizer from /home/yuebi/Project/dim20_run/dim20_run_3/1111/tokenizer_data/tokenizer.json...
INFO - 12/06/25 17:33:40 - 3:09:28 - 0 / 100
INFO - 12/06/25 17:33:40 - 3:09:28 - number of examples in the dataset: 100
INFO - 12/06/25 17:33:40 - 3:09:28 - max word length: 165
INFO - 12/06/25 17:33:40 - 3:09:28 - number of unique characters in the vocabulary: 15
INFO - 12/06/25 17:33:40 - 3:09:28 - vocabulary:
INFO - 12/06/25 17:33:40 - 3:09:28 - ['V0', 'V1', 'V2', 'V3', 'V4', 'V5', 'V6', 'V7', 'V8', 'V9', 'V10', 'V11', 'V12', 'V13', 'V14']
INFO - 12/06/25 17:33:40 - 3:09:28 - split up the dataset into 90 training examples and 10 test examples
INFO - 12/06/25 17:33:40 - 3:09:28 - ============ Start of generation 7 ============
INFO - 12/06/25 17:33:40 - 3:09:28 - Memory allocated:  45.82MB, reserved: 10106.00MB
INFO - 12/06/25 17:33:40 - 3:09:28 - training
INFO - 12/06/25 17:33:41 - 3:09:29 - step 0 | loss 0.0314 | step time 294.57ms
INFO - 12/06/25 17:34:10 - 3:09:58 - step 100 | loss 0.0299 | step time 287.37ms
INFO - 12/06/25 17:34:38 - 3:10:26 - step 200 | loss 0.0284 | step time 287.53ms
INFO - 12/06/25 17:35:07 - 3:10:55 - step 300 | loss 0.0284 | step time 287.33ms
INFO - 12/06/25 17:35:36 - 3:11:24 - step 400 | loss 0.0291 | step time 287.47ms
INFO - 12/06/25 17:36:04 - 3:11:52 - step 500 | loss 0.0289 | step time 286.91ms
INFO - 12/06/25 17:36:05 - 3:11:53 - step 500 train loss: 0.028564628213644028 test loss: 0.08338925242424011
INFO - 12/06/25 17:36:05 - 3:11:53 - test loss 0.08338925242424011 is the best so far, saving model to /home/yuebi/Project/dim20_run/dim20_run_3/1111/model.pt
INFO - 12/06/25 17:36:33 - 3:12:22 - step 600 | loss 0.0465 | step time 287.42ms
INFO - 12/06/25 17:37:02 - 3:12:50 - step 700 | loss 0.0288 | step time 287.35ms
INFO - 12/06/25 17:37:31 - 3:13:19 - step 800 | loss 0.0285 | step time 287.27ms
INFO - 12/06/25 17:38:00 - 3:13:48 - step 900 | loss 0.0290 | step time 286.97ms
INFO - 12/06/25 17:38:28 - 3:14:16 - step 1000 | loss 0.0293 | step time 287.32ms
INFO - 12/06/25 17:38:29 - 3:14:17 - step 1000 train loss: 0.02871115319430828 test loss: 0.13205648958683014
INFO - 12/06/25 17:38:57 - 3:14:45 - step 1100 | loss 0.0285 | step time 287.29ms
INFO - 12/06/25 17:39:17 - 0:00:00 - ============ Initialized logger ============
INFO - 12/06/25 17:39:17 - 0:00:00 - batch_size: 32
                                     command: python fc_loop.py --exp_name=dim20_run_3 --dump_path=/home/yuebi/Project/dim20_run --num_initial_empty_objects=800 --final_database_size=100 --target_db_size=100 --nb_local_searches=800 --max_epochs=20 --type=transformer --max-output-length=350 --sample-only=25000 --max-steps=1500 --n_tokens=15 --n-layer=8 --n-embd=128 --n-embd2=128 --exp_id=1111 --exp_id "1111"
                                     cpu: False
                                     debug: False
                                     debug_slurm: False
                                     dump_path: /home/yuebi/Project/dim20_run/dim20_run_3/1111
                                     exp_id: 1111
                                     exp_name: dim20_run_3
                                     final_database_size: 100
                                     gen_batch_size: 1000
                                     global_rank: 0
                                     is_master: True
                                     is_slurm_job: True
                                     learning_rate: 0.0005
                                     local_rank: 0
                                     master_addr: gpu-6
                                     master_port: -1
                                     max_epochs: 20
                                     max_output_length: 350
                                     max_steps: 1500
                                     multi_gpu: False
                                     multi_node: False
                                     n_embd: 128
                                     n_embd2: 128
                                     n_gpu_per_node: 1
                                     n_head: 8
                                     n_layer: 8
                                     n_nodes: 1
                                     n_tokens: 15
                                     nb_local_searches: 800
                                     nb_threads: 1
                                     node_id: 0
                                     num_initial_empty_objects: 800
                                     num_workers: 8
                                     sample_only: 25000
                                     seed: -1
                                     target_db_size: 100
                                     temperature: 1.0
                                     top_k: -1
                                     type: transformer
                                     weight_decay: 0.01
                                     world_size: 1
INFO - 12/06/25 17:39:17 - 0:00:00 - The experiment will be stored in /home/yuebi/Project/dim20_run/dim20_run_3/1111
                                     
INFO - 12/06/25 17:39:17 - 0:00:00 - Running command: python fc_loop.py --exp_name=dim20_run_3 --dump_path=/home/yuebi/Project/dim20_run --num_initial_empty_objects=800 --final_database_size=100 --target_db_size=100 --nb_local_searches=800 --max_epochs=20 --type=transformer --max-output-length=350 --sample-only=25000 --max-steps=1500 --n_tokens=15 --n-layer=8 --n-embd=128 --n-embd2=128 --exp_id=1111

WARNING - 12/06/25 17:39:17 - 0:00:00 - Signal handler installed.
INFO - 12/06/25 17:39:17 - 0:00:00 - seed: 528514610
INFO - 12/06/25 17:39:17 - 0:00:00 - initializing at generation: 7
INFO - 12/06/25 17:39:17 - 0:00:00 - number of examples in the dataset: 100
INFO - 12/06/25 17:39:17 - 0:00:00 - max word length: 165
INFO - 12/06/25 17:39:17 - 0:00:00 - number of unique characters in the vocabulary: 15
INFO - 12/06/25 17:39:17 - 0:00:00 - vocabulary:
INFO - 12/06/25 17:39:17 - 0:00:00 - ['V0', 'V1', 'V2', 'V3', 'V4', 'V5', 'V6', 'V7', 'V8', 'V9', 'V10', 'V11', 'V12', 'V13', 'V14']
INFO - 12/06/25 17:39:17 - 0:00:00 - split up the dataset into 90 training examples and 10 test examples
INFO - 12/06/25 17:39:17 - 0:00:00 - dataset determined that: vocab_size=16, block_size=351
INFO - 12/06/25 17:39:17 - 0:00:00 - model #params: 1635456
INFO - 12/06/25 17:39:17 - 0:00:00 - resuming from existing model
INFO - 12/06/25 17:39:17 - 0:00:00 - ============ Start of generation 7 ============
INFO - 12/06/25 17:39:17 - 0:00:00 - Memory allocated:  10.00MB, reserved: 22.00MB
INFO - 12/06/25 17:39:17 - 0:00:00 - training
INFO - 12/06/25 17:39:22 - 0:00:05 - step 0 | loss 0.0330 | step time 619.32ms
INFO - 12/06/25 17:39:51 - 0:00:34 - step 100 | loss 0.0293 | step time 286.92ms
INFO - 12/06/25 17:40:20 - 0:01:03 - step 200 | loss 0.0286 | step time 286.74ms
INFO - 12/06/25 17:40:48 - 0:01:31 - step 300 | loss 0.0285 | step time 287.19ms
INFO - 12/06/25 17:41:17 - 0:02:00 - step 400 | loss 0.0280 | step time 286.44ms
INFO - 12/06/25 17:41:46 - 0:02:29 - step 500 | loss 0.0295 | step time 287.24ms
INFO - 12/06/25 17:41:46 - 0:02:29 - step 500 train loss: 0.02872397191822529 test loss: 0.08869083970785141
INFO - 12/06/25 17:41:46 - 0:02:29 - test loss 0.08869083970785141 is the best so far, saving model to /home/yuebi/Project/dim20_run/dim20_run_3/1111/model.pt
INFO - 12/06/25 17:42:15 - 0:02:58 - step 600 | loss 0.0287 | step time 286.91ms
INFO - 12/06/25 17:42:43 - 0:03:26 - step 700 | loss 0.0288 | step time 287.30ms
INFO - 12/06/25 17:43:12 - 0:03:55 - step 800 | loss 0.0283 | step time 286.76ms
INFO - 12/06/25 17:43:41 - 0:04:24 - step 900 | loss 0.0281 | step time 286.73ms
INFO - 12/06/25 17:44:09 - 0:04:52 - step 1000 | loss 0.0291 | step time 286.91ms
INFO - 12/06/25 17:44:10 - 0:04:53 - step 1000 train loss: 0.028584925457835197 test loss: 0.17970579862594604
INFO - 12/06/25 17:44:38 - 0:05:21 - step 1100 | loss 0.0279 | step time 287.29ms
INFO - 12/06/25 17:45:07 - 0:05:50 - step 1200 | loss 0.0297 | step time 287.18ms
INFO - 12/06/25 17:45:36 - 0:06:19 - step 1300 | loss 0.0282 | step time 286.79ms
INFO - 12/06/25 17:46:04 - 0:06:47 - step 1400 | loss 0.0284 | step time 286.84ms
INFO - 12/06/25 17:46:33 - 0:07:16 - Memory allocated:  45.82MB, reserved: 3306.00MB
INFO - 12/06/25 17:46:33 - 0:07:16 - generating
INFO - 12/06/25 20:41:29 - 3:02:12 - distribution of sample lengths: average: 504.97984 max: 1109
INFO - 12/06/25 20:41:29 - 3:02:12 - printed 25000 samples
INFO - 12/06/25 20:41:29 - 3:02:12 - decoding
INFO - 12/06/25 20:41:30 - 3:02:13 - Decoding complete. Check the output in /home/yuebi/Project/dim20_run/dim20_run_3/1111/transformer-output-decoded.txt
INFO - 12/06/25 20:41:30 - 3:02:13 - Memory allocated:  45.82MB, reserved: 10106.00MB
INFO - 12/06/25 20:41:30 - 3:02:13 - ============ End of generation 7 ============
INFO - 12/06/25 20:41:30 - 3:02:13 - launching search.jl
INFO - 12/06/25 20:41:30 - 3:02:13 - JULIA_NUM_THREADS is set to 1
INFO - 12/06/25 20:48:37 - 3:09:20 - distribution of scores(all rounds)
INFO - 12/06/25 20:48:37 - 3:09:20 - Score:56640624.0, Count:14
                                     
INFO - 12/06/25 20:48:37 - 3:09:20 - Score:51562500.0, Count:7
                                     
INFO - 12/06/25 20:48:37 - 3:09:20 - Score:42780624.0, Count:3
                                     
INFO - 12/06/25 20:48:37 - 3:09:20 - Score:41750000.0, Count:7
                                     
INFO - 12/06/25 20:48:37 - 3:09:20 - Score:41334576.0, Count:6
                                     
INFO - 12/06/25 20:48:37 - 3:09:20 - Score:39718750.0, Count:4
                                     
INFO - 12/06/25 20:48:37 - 3:09:20 - Score:39492336.0, Count:4
                                     
INFO - 12/06/25 20:48:37 - 3:09:20 - Score:39206630.0, Count:6
                                     
INFO - 12/06/25 20:48:37 - 3:09:20 - Score:38984980.0, Count:7
                                     
INFO - 12/06/25 20:48:37 - 3:09:20 - Score:38981256.0, Count:7
                                     
INFO - 12/06/25 20:48:37 - 3:09:20 - Score:38444540.0, Count:6
                                     
INFO - 12/06/25 20:48:37 - 3:09:20 - Score:37740430.0, Count:7
                                     
INFO - 12/06/25 20:48:37 - 3:09:20 - Score:37339988.0, Count:4
                                     
INFO - 12/06/25 20:48:37 - 3:09:20 - Score:37288324.0, Count:6
                                     
INFO - 12/06/25 20:48:37 - 3:09:20 - Score:37256156.0, Count:7
                                     
INFO - 12/06/25 20:48:37 - 3:09:20 - Score:37139252.0, Count:4
                                     
INFO - 12/06/25 20:48:37 - 3:09:20 - Score:37106508.0, Count:1
                                     
INFO - 12/06/25 20:48:37 - 3:09:20 - tokenizing
INFO - 12/06/25 20:48:37 - 3:09:20 - Loading tokenizer from /home/yuebi/Project/dim20_run/dim20_run_3/1111/tokenizer_data/tokenizer.json...
INFO - 12/06/25 20:48:37 - 3:09:20 - 0 / 100
INFO - 12/06/25 20:48:37 - 3:09:20 - number of examples in the dataset: 100
INFO - 12/06/25 20:48:37 - 3:09:20 - max word length: 165
INFO - 12/06/25 20:48:37 - 3:09:20 - number of unique characters in the vocabulary: 15
INFO - 12/06/25 20:48:37 - 3:09:20 - vocabulary:
INFO - 12/06/25 20:48:37 - 3:09:20 - ['V0', 'V1', 'V2', 'V3', 'V4', 'V5', 'V6', 'V7', 'V8', 'V9', 'V10', 'V11', 'V12', 'V13', 'V14']
INFO - 12/06/25 20:48:37 - 3:09:20 - split up the dataset into 90 training examples and 10 test examples
INFO - 12/06/25 20:48:37 - 3:09:20 - ============ Start of generation 8 ============
INFO - 12/06/25 20:48:37 - 3:09:20 - Memory allocated:  45.82MB, reserved: 10106.00MB
INFO - 12/06/25 20:48:37 - 3:09:20 - training
INFO - 12/06/25 20:48:37 - 3:09:20 - step 0 | loss 0.0338 | step time 294.25ms
INFO - 12/06/25 20:49:06 - 3:09:49 - step 100 | loss 0.0283 | step time 287.10ms
INFO - 12/06/25 20:49:35 - 3:10:18 - step 200 | loss 0.0286 | step time 286.99ms
INFO - 12/06/25 20:50:04 - 3:10:47 - step 300 | loss 0.0286 | step time 286.89ms
INFO - 12/06/25 20:50:32 - 3:11:15 - step 400 | loss 0.0283 | step time 286.75ms
INFO - 12/06/25 20:51:01 - 3:11:44 - step 500 | loss 0.0283 | step time 287.29ms
INFO - 12/06/25 20:51:01 - 3:11:44 - step 500 train loss: 0.028675105422735214 test loss: 0.43405717611312866
INFO - 12/06/25 20:51:01 - 3:11:44 - test loss 0.43405717611312866 is the best so far, saving model to /home/yuebi/Project/dim20_run/dim20_run_3/1111/model.pt
INFO - 12/06/25 20:51:30 - 3:12:13 - step 600 | loss 0.0292 | step time 287.54ms
INFO - 12/06/25 20:51:59 - 3:12:42 - step 700 | loss 0.0288 | step time 287.27ms
INFO - 12/06/25 20:52:27 - 3:13:10 - step 800 | loss 0.0287 | step time 287.25ms
INFO - 12/06/25 20:52:56 - 3:13:39 - step 900 | loss 0.0291 | step time 286.87ms
INFO - 12/06/25 20:53:25 - 3:14:08 - step 1000 | loss 0.0288 | step time 287.01ms
INFO - 12/06/25 20:53:25 - 3:14:08 - step 1000 train loss: 0.02852659486234188 test loss: 0.5501106381416321
INFO - 12/06/25 20:53:54 - 3:14:37 - step 1100 | loss 0.0292 | step time 286.98ms
INFO - 12/06/25 20:54:19 - 0:00:00 - ============ Initialized logger ============
INFO - 12/06/25 20:54:19 - 0:00:00 - batch_size: 32
                                     command: python fc_loop.py --exp_name=dim20_run_3 --dump_path=/home/yuebi/Project/dim20_run --num_initial_empty_objects=800 --final_database_size=100 --target_db_size=100 --nb_local_searches=800 --max_epochs=20 --type=transformer --max-output-length=350 --sample-only=25000 --max-steps=1500 --n_tokens=15 --n-layer=8 --n-embd=128 --n-embd2=128 --exp_id=1111 --exp_id "1111"
                                     cpu: False
                                     debug: False
                                     debug_slurm: False
                                     dump_path: /home/yuebi/Project/dim20_run/dim20_run_3/1111
                                     exp_id: 1111
                                     exp_name: dim20_run_3
                                     final_database_size: 100
                                     gen_batch_size: 1000
                                     global_rank: 0
                                     is_master: True
                                     is_slurm_job: True
                                     learning_rate: 0.0005
                                     local_rank: 0
                                     master_addr: gpu-6
                                     master_port: -1
                                     max_epochs: 20
                                     max_output_length: 350
                                     max_steps: 1500
                                     multi_gpu: False
                                     multi_node: False
                                     n_embd: 128
                                     n_embd2: 128
                                     n_gpu_per_node: 1
                                     n_head: 8
                                     n_layer: 8
                                     n_nodes: 1
                                     n_tokens: 15
                                     nb_local_searches: 800
                                     nb_threads: 1
                                     node_id: 0
                                     num_initial_empty_objects: 800
                                     num_workers: 8
                                     sample_only: 25000
                                     seed: -1
                                     target_db_size: 100
                                     temperature: 1.0
                                     top_k: -1
                                     type: transformer
                                     weight_decay: 0.01
                                     world_size: 1
INFO - 12/06/25 20:54:19 - 0:00:00 - The experiment will be stored in /home/yuebi/Project/dim20_run/dim20_run_3/1111
                                     
INFO - 12/06/25 20:54:19 - 0:00:00 - Running command: python fc_loop.py --exp_name=dim20_run_3 --dump_path=/home/yuebi/Project/dim20_run --num_initial_empty_objects=800 --final_database_size=100 --target_db_size=100 --nb_local_searches=800 --max_epochs=20 --type=transformer --max-output-length=350 --sample-only=25000 --max-steps=1500 --n_tokens=15 --n-layer=8 --n-embd=128 --n-embd2=128 --exp_id=1111

WARNING - 12/06/25 20:54:19 - 0:00:00 - Signal handler installed.
INFO - 12/06/25 20:54:19 - 0:00:00 - seed: 386514436
INFO - 12/06/25 20:54:19 - 0:00:00 - initializing at generation: 8
INFO - 12/06/25 20:54:19 - 0:00:00 - number of examples in the dataset: 100
INFO - 12/06/25 20:54:19 - 0:00:00 - max word length: 165
INFO - 12/06/25 20:54:19 - 0:00:00 - number of unique characters in the vocabulary: 15
INFO - 12/06/25 20:54:19 - 0:00:00 - vocabulary:
INFO - 12/06/25 20:54:19 - 0:00:00 - ['V0', 'V1', 'V2', 'V3', 'V4', 'V5', 'V6', 'V7', 'V8', 'V9', 'V10', 'V11', 'V12', 'V13', 'V14']
INFO - 12/06/25 20:54:19 - 0:00:00 - split up the dataset into 90 training examples and 10 test examples
INFO - 12/06/25 20:54:19 - 0:00:00 - dataset determined that: vocab_size=16, block_size=351
INFO - 12/06/25 20:54:19 - 0:00:00 - model #params: 1635456
INFO - 12/06/25 20:54:19 - 0:00:00 - resuming from existing model
INFO - 12/06/25 20:54:19 - 0:00:00 - ============ Start of generation 8 ============
INFO - 12/06/25 20:54:19 - 0:00:00 - Memory allocated:  10.00MB, reserved: 22.00MB
INFO - 12/06/25 20:54:19 - 0:00:00 - training
INFO - 12/06/25 20:54:24 - 0:00:05 - step 0 | loss 0.0310 | step time 624.44ms
INFO - 12/06/25 20:54:53 - 0:00:34 - step 100 | loss 0.0286 | step time 286.89ms
INFO - 12/06/25 20:55:22 - 0:01:03 - step 200 | loss 0.0290 | step time 287.07ms
INFO - 12/06/25 20:55:50 - 0:01:31 - step 300 | loss 0.0287 | step time 286.75ms
INFO - 12/06/25 20:56:19 - 0:02:00 - step 400 | loss 0.0282 | step time 286.99ms
INFO - 12/06/25 20:56:48 - 0:02:29 - step 500 | loss 0.0283 | step time 286.84ms
INFO - 12/06/25 20:56:48 - 0:02:29 - step 500 train loss: 0.028498368337750435 test loss: 0.13717535138130188
INFO - 12/06/25 20:56:48 - 0:02:29 - test loss 0.13717535138130188 is the best so far, saving model to /home/yuebi/Project/dim20_run/dim20_run_3/1111/model.pt
INFO - 12/06/25 20:57:17 - 0:02:58 - step 600 | loss 0.0305 | step time 287.06ms
INFO - 12/06/25 20:57:45 - 0:03:26 - step 700 | loss 0.0282 | step time 286.79ms
INFO - 12/06/25 20:58:14 - 0:03:55 - step 800 | loss 0.0285 | step time 286.65ms
INFO - 12/06/25 20:58:43 - 0:04:24 - step 900 | loss 0.0282 | step time 286.79ms
INFO - 12/06/25 20:59:11 - 0:04:52 - step 1000 | loss 0.0281 | step time 286.89ms
INFO - 12/06/25 20:59:12 - 0:04:53 - step 1000 train loss: 0.028466779738664627 test loss: 0.2048308253288269
INFO - 12/06/25 20:59:40 - 0:05:21 - step 1100 | loss 0.0278 | step time 287.17ms
INFO - 12/06/25 21:00:09 - 0:05:50 - step 1200 | loss 0.0286 | step time 286.98ms
INFO - 12/06/25 21:00:38 - 0:06:19 - step 1300 | loss 0.0297 | step time 286.86ms
INFO - 12/06/25 21:01:06 - 0:06:47 - step 1400 | loss 0.0294 | step time 286.69ms
INFO - 12/06/25 21:01:35 - 0:07:16 - Memory allocated:  45.82MB, reserved: 3306.00MB
INFO - 12/06/25 21:01:35 - 0:07:16 - generating
INFO - 12/06/25 23:56:29 - 3:02:10 - distribution of sample lengths: average: 504.36016 max: 523
INFO - 12/06/25 23:56:29 - 3:02:10 - printed 25000 samples
INFO - 12/06/25 23:56:29 - 3:02:10 - decoding
INFO - 12/06/25 23:56:30 - 3:02:11 - Decoding complete. Check the output in /home/yuebi/Project/dim20_run/dim20_run_3/1111/transformer-output-decoded.txt
INFO - 12/06/25 23:56:30 - 3:02:11 - Memory allocated:  45.82MB, reserved: 10106.00MB
INFO - 12/06/25 23:56:30 - 3:02:11 - ============ End of generation 8 ============
INFO - 12/06/25 23:56:30 - 3:02:11 - launching search.jl
INFO - 12/06/25 23:56:30 - 3:02:11 - JULIA_NUM_THREADS is set to 1
INFO - 12/07/25 00:03:35 - 3:09:16 - distribution of scores(all rounds)
INFO - 12/07/25 00:03:35 - 3:09:16 - Score:56640624.0, Count:16
                                     
INFO - 12/07/25 00:03:35 - 3:09:16 - Score:51562500.0, Count:8
                                     
INFO - 12/07/25 00:03:35 - 3:09:16 - Score:42780624.0, Count:4
                                     
INFO - 12/07/25 00:03:35 - 3:09:16 - Score:41750000.0, Count:8
                                     
INFO - 12/07/25 00:03:35 - 3:09:16 - Score:41334576.0, Count:7
                                     
INFO - 12/07/25 00:03:35 - 3:09:16 - Score:39718750.0, Count:5
                                     
INFO - 12/07/25 00:03:35 - 3:09:16 - Score:39492336.0, Count:5
                                     
INFO - 12/07/25 00:03:35 - 3:09:16 - Score:39206630.0, Count:7
                                     
INFO - 12/07/25 00:03:35 - 3:09:16 - Score:38984980.0, Count:8
                                     
INFO - 12/07/25 00:03:35 - 3:09:16 - Score:38981256.0, Count:8
                                     
INFO - 12/07/25 00:03:35 - 3:09:16 - Score:38444540.0, Count:7
                                     
INFO - 12/07/25 00:03:35 - 3:09:16 - Score:37905140.0, Count:1
                                     
INFO - 12/07/25 00:03:35 - 3:09:16 - Score:37740430.0, Count:8
                                     
INFO - 12/07/25 00:03:35 - 3:09:16 - Score:37339988.0, Count:5
                                     
INFO - 12/07/25 00:03:35 - 3:09:16 - Score:37288324.0, Count:3
                                     
INFO - 12/07/25 00:03:35 - 3:09:16 - tokenizing
INFO - 12/07/25 00:03:35 - 3:09:16 - Loading tokenizer from /home/yuebi/Project/dim20_run/dim20_run_3/1111/tokenizer_data/tokenizer.json...
INFO - 12/07/25 00:03:35 - 3:09:16 - 0 / 100
INFO - 12/07/25 00:03:35 - 3:09:16 - number of examples in the dataset: 100
INFO - 12/07/25 00:03:35 - 3:09:16 - max word length: 165
INFO - 12/07/25 00:03:35 - 3:09:16 - number of unique characters in the vocabulary: 15
INFO - 12/07/25 00:03:35 - 3:09:16 - vocabulary:
INFO - 12/07/25 00:03:35 - 3:09:16 - ['V0', 'V1', 'V2', 'V3', 'V4', 'V5', 'V6', 'V7', 'V8', 'V9', 'V10', 'V11', 'V12', 'V13', 'V14']
INFO - 12/07/25 00:03:35 - 3:09:16 - split up the dataset into 90 training examples and 10 test examples
INFO - 12/07/25 00:03:35 - 3:09:16 - ============ Start of generation 9 ============
INFO - 12/07/25 00:03:35 - 3:09:16 - Memory allocated:  45.82MB, reserved: 10106.00MB
INFO - 12/07/25 00:03:35 - 3:09:16 - training
INFO - 12/07/25 00:03:36 - 3:09:16 - step 0 | loss 0.1542 | step time 296.18ms
INFO - 12/07/25 00:04:04 - 3:09:45 - step 100 | loss 0.0297 | step time 287.54ms
INFO - 12/07/25 00:04:33 - 3:10:14 - step 200 | loss 0.0278 | step time 286.97ms
INFO - 12/07/25 00:05:02 - 3:10:43 - step 300 | loss 0.0283 | step time 287.01ms
INFO - 12/07/25 00:05:30 - 3:11:11 - step 400 | loss 0.0290 | step time 287.20ms
INFO - 12/07/25 00:05:59 - 3:11:40 - step 500 | loss 0.0291 | step time 287.09ms
INFO - 12/07/25 00:05:59 - 3:11:40 - step 500 train loss: 0.028786981478333473 test loss: 0.9978910088539124
INFO - 12/07/25 00:05:59 - 3:11:40 - test loss 0.9978910088539124 is the best so far, saving model to /home/yuebi/Project/dim20_run/dim20_run_3/1111/model.pt
INFO - 12/07/25 00:06:28 - 3:12:09 - step 600 | loss 0.0284 | step time 287.17ms
INFO - 12/07/25 00:06:57 - 3:12:38 - step 700 | loss 0.0284 | step time 287.06ms
INFO - 12/07/25 00:07:25 - 3:13:06 - step 800 | loss 0.0287 | step time 287.03ms
INFO - 12/07/25 00:07:54 - 3:13:35 - step 900 | loss 0.0293 | step time 287.23ms
INFO - 12/07/25 00:08:23 - 3:14:04 - step 1000 | loss 0.0289 | step time 287.14ms
INFO - 12/07/25 00:08:23 - 3:14:04 - step 1000 train loss: 0.02845974825322628 test loss: 1.0151876211166382
INFO - 12/07/25 00:08:52 - 3:14:33 - step 1100 | loss 0.0282 | step time 286.98ms
INFO - 12/07/25 00:09:21 - 3:15:02 - step 1200 | loss 0.0282 | step time 287.00ms
INFO - 12/07/25 00:09:29 - 0:00:00 - ============ Initialized logger ============
INFO - 12/07/25 00:09:29 - 0:00:00 - batch_size: 32
                                     command: python fc_loop.py --exp_name=dim20_run_3 --dump_path=/home/yuebi/Project/dim20_run --num_initial_empty_objects=800 --final_database_size=100 --target_db_size=100 --nb_local_searches=800 --max_epochs=20 --type=transformer --max-output-length=350 --sample-only=25000 --max-steps=1500 --n_tokens=15 --n-layer=8 --n-embd=128 --n-embd2=128 --exp_id=1111 --exp_id "1111"
                                     cpu: False
                                     debug: False
                                     debug_slurm: False
                                     dump_path: /home/yuebi/Project/dim20_run/dim20_run_3/1111
                                     exp_id: 1111
                                     exp_name: dim20_run_3
                                     final_database_size: 100
                                     gen_batch_size: 1000
                                     global_rank: 0
                                     is_master: True
                                     is_slurm_job: True
                                     learning_rate: 0.0005
                                     local_rank: 0
                                     master_addr: gpu-6
                                     master_port: -1
                                     max_epochs: 20
                                     max_output_length: 350
                                     max_steps: 1500
                                     multi_gpu: False
                                     multi_node: False
                                     n_embd: 128
                                     n_embd2: 128
                                     n_gpu_per_node: 1
                                     n_head: 8
                                     n_layer: 8
                                     n_nodes: 1
                                     n_tokens: 15
                                     nb_local_searches: 800
                                     nb_threads: 1
                                     node_id: 0
                                     num_initial_empty_objects: 800
                                     num_workers: 8
                                     sample_only: 25000
                                     seed: -1
                                     target_db_size: 100
                                     temperature: 1.0
                                     top_k: -1
                                     type: transformer
                                     weight_decay: 0.01
                                     world_size: 1
INFO - 12/07/25 00:09:29 - 0:00:00 - The experiment will be stored in /home/yuebi/Project/dim20_run/dim20_run_3/1111
                                     
INFO - 12/07/25 00:09:29 - 0:00:00 - Running command: python fc_loop.py --exp_name=dim20_run_3 --dump_path=/home/yuebi/Project/dim20_run --num_initial_empty_objects=800 --final_database_size=100 --target_db_size=100 --nb_local_searches=800 --max_epochs=20 --type=transformer --max-output-length=350 --sample-only=25000 --max-steps=1500 --n_tokens=15 --n-layer=8 --n-embd=128 --n-embd2=128 --exp_id=1111

WARNING - 12/07/25 00:09:29 - 0:00:00 - Signal handler installed.
INFO - 12/07/25 00:09:29 - 0:00:00 - seed: 72467421
INFO - 12/07/25 00:09:29 - 0:00:00 - initializing at generation: 9
INFO - 12/07/25 00:09:29 - 0:00:00 - number of examples in the dataset: 100
INFO - 12/07/25 00:09:29 - 0:00:00 - max word length: 165
INFO - 12/07/25 00:09:29 - 0:00:00 - number of unique characters in the vocabulary: 15
INFO - 12/07/25 00:09:29 - 0:00:00 - vocabulary:
INFO - 12/07/25 00:09:29 - 0:00:00 - ['V0', 'V1', 'V2', 'V3', 'V4', 'V5', 'V6', 'V7', 'V8', 'V9', 'V10', 'V11', 'V12', 'V13', 'V14']
INFO - 12/07/25 00:09:29 - 0:00:00 - split up the dataset into 90 training examples and 10 test examples
INFO - 12/07/25 00:09:29 - 0:00:00 - dataset determined that: vocab_size=16, block_size=351
INFO - 12/07/25 00:09:29 - 0:00:00 - model #params: 1635456
INFO - 12/07/25 00:09:29 - 0:00:00 - resuming from existing model
INFO - 12/07/25 00:09:29 - 0:00:00 - ============ Start of generation 9 ============
INFO - 12/07/25 00:09:29 - 0:00:00 - Memory allocated:  10.00MB, reserved: 22.00MB
INFO - 12/07/25 00:09:29 - 0:00:00 - training
INFO - 12/07/25 00:09:34 - 0:00:05 - step 0 | loss 0.0305 | step time 623.94ms
INFO - 12/07/25 00:10:03 - 0:00:34 - step 100 | loss 0.0281 | step time 286.89ms
INFO - 12/07/25 00:10:31 - 0:01:02 - step 200 | loss 0.0283 | step time 286.69ms
INFO - 12/07/25 00:11:00 - 0:01:31 - step 300 | loss 0.0284 | step time 287.15ms
INFO - 12/07/25 00:11:29 - 0:02:00 - step 400 | loss 0.0279 | step time 286.61ms
INFO - 12/07/25 00:11:57 - 0:02:28 - step 500 | loss 0.0287 | step time 287.40ms
INFO - 12/07/25 00:11:58 - 0:02:29 - step 500 train loss: 0.028639554977416992 test loss: 0.09116925299167633
INFO - 12/07/25 00:11:58 - 0:02:29 - test loss 0.09116925299167633 is the best so far, saving model to /home/yuebi/Project/dim20_run/dim20_run_3/1111/model.pt
INFO - 12/07/25 00:12:26 - 0:02:57 - step 600 | loss 0.0421 | step time 286.91ms
INFO - 12/07/25 00:12:55 - 0:03:26 - step 700 | loss 0.0281 | step time 286.59ms
INFO - 12/07/25 00:13:24 - 0:03:55 - step 800 | loss 0.0286 | step time 286.75ms
INFO - 12/07/25 00:13:52 - 0:04:23 - step 900 | loss 0.0288 | step time 286.78ms
INFO - 12/07/25 00:14:21 - 0:04:52 - step 1000 | loss 0.0280 | step time 286.53ms
INFO - 12/07/25 00:14:21 - 0:04:52 - step 1000 train loss: 0.028492460027337074 test loss: 0.1337631642818451
INFO - 12/07/25 00:14:50 - 0:05:21 - step 1100 | loss 0.0288 | step time 286.53ms
INFO - 12/07/25 00:15:19 - 0:05:50 - step 1200 | loss 0.0293 | step time 286.71ms
INFO - 12/07/25 00:15:47 - 0:06:18 - step 1300 | loss 0.0282 | step time 286.53ms
INFO - 12/07/25 00:16:16 - 0:06:47 - step 1400 | loss 0.0282 | step time 286.81ms
INFO - 12/07/25 00:16:44 - 0:07:15 - Memory allocated:  45.82MB, reserved: 3306.00MB
INFO - 12/07/25 00:16:44 - 0:07:15 - generating
INFO - 12/07/25 03:11:35 - 3:02:07 - distribution of sample lengths: average: 504.09668 max: 522
INFO - 12/07/25 03:11:35 - 3:02:07 - printed 25000 samples
INFO - 12/07/25 03:11:35 - 3:02:07 - decoding
INFO - 12/07/25 03:11:36 - 3:02:07 - Decoding complete. Check the output in /home/yuebi/Project/dim20_run/dim20_run_3/1111/transformer-output-decoded.txt
INFO - 12/07/25 03:11:36 - 3:02:07 - Memory allocated:  45.82MB, reserved: 10106.00MB
INFO - 12/07/25 03:11:36 - 3:02:07 - ============ End of generation 9 ============
INFO - 12/07/25 03:11:36 - 3:02:07 - launching search.jl
INFO - 12/07/25 03:11:36 - 3:02:07 - JULIA_NUM_THREADS is set to 1
INFO - 12/07/25 03:18:43 - 3:09:14 - distribution of scores(all rounds)
INFO - 12/07/25 03:18:43 - 3:09:14 - Score:56640624.0, Count:18
                                     
INFO - 12/07/25 03:18:43 - 3:09:14 - Score:51562500.0, Count:9
                                     
INFO - 12/07/25 03:18:43 - 3:09:14 - Score:42780624.0, Count:5
                                     
INFO - 12/07/25 03:18:43 - 3:09:14 - Score:41750000.0, Count:9
                                     
INFO - 12/07/25 03:18:43 - 3:09:14 - Score:41334576.0, Count:8
                                     
INFO - 12/07/25 03:18:43 - 3:09:14 - Score:39718750.0, Count:6
                                     
INFO - 12/07/25 03:18:43 - 3:09:14 - Score:39492336.0, Count:6
                                     
INFO - 12/07/25 03:18:43 - 3:09:14 - Score:39206630.0, Count:8
                                     
INFO - 12/07/25 03:18:43 - 3:09:14 - Score:38984980.0, Count:9
                                     
INFO - 12/07/25 03:18:43 - 3:09:14 - Score:38981256.0, Count:9
                                     
INFO - 12/07/25 03:18:43 - 3:09:14 - Score:38444540.0, Count:8
                                     
INFO - 12/07/25 03:18:43 - 3:09:14 - Score:37905140.0, Count:2
                                     
INFO - 12/07/25 03:18:43 - 3:09:14 - Score:37740430.0, Count:3
                                     
INFO - 12/07/25 03:18:43 - 3:09:14 - tokenizing
INFO - 12/07/25 03:18:43 - 3:09:14 - Loading tokenizer from /home/yuebi/Project/dim20_run/dim20_run_3/1111/tokenizer_data/tokenizer.json...
INFO - 12/07/25 03:18:43 - 3:09:14 - 0 / 100
INFO - 12/07/25 03:18:43 - 3:09:14 - number of examples in the dataset: 100
INFO - 12/07/25 03:18:43 - 3:09:14 - max word length: 165
INFO - 12/07/25 03:18:43 - 3:09:14 - number of unique characters in the vocabulary: 15
INFO - 12/07/25 03:18:43 - 3:09:14 - vocabulary:
INFO - 12/07/25 03:18:43 - 3:09:14 - ['V0', 'V1', 'V2', 'V3', 'V4', 'V5', 'V6', 'V7', 'V8', 'V9', 'V10', 'V11', 'V12', 'V13', 'V14']
INFO - 12/07/25 03:18:43 - 3:09:14 - split up the dataset into 90 training examples and 10 test examples
INFO - 12/07/25 03:18:43 - 3:09:14 - ============ Start of generation 10 ============
INFO - 12/07/25 03:18:43 - 3:09:14 - Memory allocated:  45.82MB, reserved: 10106.00MB
INFO - 12/07/25 03:18:43 - 3:09:14 - training
INFO - 12/07/25 03:18:44 - 3:09:15 - step 0 | loss 0.1395 | step time 296.42ms
INFO - 12/07/25 03:19:12 - 3:09:43 - step 100 | loss 0.0283 | step time 287.27ms
INFO - 12/07/25 03:19:41 - 3:10:12 - step 200 | loss 0.0277 | step time 287.15ms
INFO - 12/07/25 03:20:10 - 3:10:41 - step 300 | loss 0.0292 | step time 287.39ms
INFO - 12/07/25 03:20:39 - 3:11:10 - step 400 | loss 0.0289 | step time 287.19ms
INFO - 12/07/25 03:21:07 - 3:11:38 - step 500 | loss 0.0282 | step time 286.98ms
INFO - 12/07/25 03:21:08 - 3:11:39 - step 500 train loss: 0.02851715497672558 test loss: 0.07411029189825058
INFO - 12/07/25 03:21:08 - 3:11:39 - test loss 0.07411029189825058 is the best so far, saving model to /home/yuebi/Project/dim20_run/dim20_run_3/1111/model.pt
INFO - 12/07/25 03:21:36 - 3:12:07 - step 600 | loss 0.0294 | step time 287.35ms
INFO - 12/07/25 03:22:05 - 3:12:36 - step 700 | loss 0.0288 | step time 287.07ms
INFO - 12/07/25 03:22:34 - 3:13:05 - step 800 | loss 0.0283 | step time 287.11ms
INFO - 12/07/25 03:23:02 - 3:13:33 - step 900 | loss 0.0293 | step time 287.25ms
INFO - 12/07/25 03:23:31 - 3:14:02 - step 1000 | loss 0.0286 | step time 287.16ms
INFO - 12/07/25 03:23:32 - 3:14:03 - step 1000 train loss: 0.028520824387669563 test loss: 0.15342698991298676
INFO - 12/07/25 03:24:00 - 3:14:31 - step 1100 | loss 0.0290 | step time 287.29ms
INFO - 12/07/25 03:24:29 - 3:15:00 - step 1200 | loss 0.0288 | step time 287.26ms
INFO - 12/07/25 03:24:36 - 0:00:00 - ============ Initialized logger ============
INFO - 12/07/25 03:24:36 - 0:00:00 - batch_size: 32
                                     command: python fc_loop.py --exp_name=dim20_run_3 --dump_path=/home/yuebi/Project/dim20_run --num_initial_empty_objects=800 --final_database_size=100 --target_db_size=100 --nb_local_searches=800 --max_epochs=20 --type=transformer --max-output-length=350 --sample-only=25000 --max-steps=1500 --n_tokens=15 --n-layer=8 --n-embd=128 --n-embd2=128 --exp_id=1111 --exp_id "1111"
                                     cpu: False
                                     debug: False
                                     debug_slurm: False
                                     dump_path: /home/yuebi/Project/dim20_run/dim20_run_3/1111
                                     exp_id: 1111
                                     exp_name: dim20_run_3
                                     final_database_size: 100
                                     gen_batch_size: 1000
                                     global_rank: 0
                                     is_master: True
                                     is_slurm_job: True
                                     learning_rate: 0.0005
                                     local_rank: 0
                                     master_addr: gpu-6
                                     master_port: -1
                                     max_epochs: 20
                                     max_output_length: 350
                                     max_steps: 1500
                                     multi_gpu: False
                                     multi_node: False
                                     n_embd: 128
                                     n_embd2: 128
                                     n_gpu_per_node: 1
                                     n_head: 8
                                     n_layer: 8
                                     n_nodes: 1
                                     n_tokens: 15
                                     nb_local_searches: 800
                                     nb_threads: 1
                                     node_id: 0
                                     num_initial_empty_objects: 800
                                     num_workers: 8
                                     sample_only: 25000
                                     seed: -1
                                     target_db_size: 100
                                     temperature: 1.0
                                     top_k: -1
                                     type: transformer
                                     weight_decay: 0.01
                                     world_size: 1
INFO - 12/07/25 03:24:36 - 0:00:00 - The experiment will be stored in /home/yuebi/Project/dim20_run/dim20_run_3/1111
                                     
INFO - 12/07/25 03:24:36 - 0:00:00 - Running command: python fc_loop.py --exp_name=dim20_run_3 --dump_path=/home/yuebi/Project/dim20_run --num_initial_empty_objects=800 --final_database_size=100 --target_db_size=100 --nb_local_searches=800 --max_epochs=20 --type=transformer --max-output-length=350 --sample-only=25000 --max-steps=1500 --n_tokens=15 --n-layer=8 --n-embd=128 --n-embd2=128 --exp_id=1111

WARNING - 12/07/25 03:24:36 - 0:00:00 - Signal handler installed.
INFO - 12/07/25 03:24:36 - 0:00:00 - seed: 476374316
INFO - 12/07/25 03:24:36 - 0:00:00 - initializing at generation: 10
INFO - 12/07/25 03:24:36 - 0:00:00 - number of examples in the dataset: 100
INFO - 12/07/25 03:24:36 - 0:00:00 - max word length: 165
INFO - 12/07/25 03:24:36 - 0:00:00 - number of unique characters in the vocabulary: 15
INFO - 12/07/25 03:24:36 - 0:00:00 - vocabulary:
INFO - 12/07/25 03:24:36 - 0:00:00 - ['V0', 'V1', 'V2', 'V3', 'V4', 'V5', 'V6', 'V7', 'V8', 'V9', 'V10', 'V11', 'V12', 'V13', 'V14']
INFO - 12/07/25 03:24:36 - 0:00:00 - split up the dataset into 90 training examples and 10 test examples
INFO - 12/07/25 03:24:36 - 0:00:00 - dataset determined that: vocab_size=16, block_size=351
INFO - 12/07/25 03:24:36 - 0:00:00 - model #params: 1635456
INFO - 12/07/25 03:24:36 - 0:00:00 - resuming from existing model
INFO - 12/07/25 03:24:36 - 0:00:00 - ============ Start of generation 10 ============
INFO - 12/07/25 03:24:36 - 0:00:00 - Memory allocated:  10.00MB, reserved: 22.00MB
INFO - 12/07/25 03:24:36 - 0:00:00 - training
INFO - 12/07/25 03:24:41 - 0:00:05 - step 0 | loss 0.0356 | step time 629.46ms
INFO - 12/07/25 03:25:10 - 0:00:34 - step 100 | loss 0.0290 | step time 286.92ms
INFO - 12/07/25 03:25:39 - 0:01:03 - step 200 | loss 0.0285 | step time 286.83ms
INFO - 12/07/25 03:26:07 - 0:01:31 - step 300 | loss 0.0284 | step time 286.64ms
INFO - 12/07/25 03:26:36 - 0:02:00 - step 400 | loss 0.0283 | step time 286.52ms
INFO - 12/07/25 03:27:05 - 0:02:29 - step 500 | loss 0.0290 | step time 286.73ms
INFO - 12/07/25 03:27:05 - 0:02:29 - step 500 train loss: 0.028625966981053352 test loss: 0.0649707168340683
INFO - 12/07/25 03:27:05 - 0:02:29 - test loss 0.0649707168340683 is the best so far, saving model to /home/yuebi/Project/dim20_run/dim20_run_3/1111/model.pt
INFO - 12/07/25 03:27:34 - 0:02:58 - step 600 | loss 0.0301 | step time 286.62ms
INFO - 12/07/25 03:28:02 - 0:03:26 - step 700 | loss 0.0285 | step time 286.65ms
INFO - 12/07/25 03:28:31 - 0:03:55 - step 800 | loss 0.0281 | step time 286.58ms
INFO - 12/07/25 03:29:00 - 0:04:24 - step 900 | loss 0.0282 | step time 287.00ms
INFO - 12/07/25 03:29:29 - 0:04:53 - step 1000 | loss 0.0288 | step time 286.57ms
INFO - 12/07/25 03:29:29 - 0:04:53 - step 1000 train loss: 0.028500886633992195 test loss: 0.11893263459205627
INFO - 12/07/25 03:29:58 - 0:05:22 - step 1100 | loss 0.0281 | step time 286.72ms
INFO - 12/07/25 03:30:26 - 0:05:50 - step 1200 | loss 0.0285 | step time 287.28ms
INFO - 12/07/25 03:30:55 - 0:06:19 - step 1300 | loss 0.0357 | step time 286.95ms
INFO - 12/07/25 03:31:24 - 0:06:48 - step 1400 | loss 0.0284 | step time 286.58ms
INFO - 12/07/25 03:31:52 - 0:07:16 - Memory allocated:  45.82MB, reserved: 3306.00MB
INFO - 12/07/25 03:31:52 - 0:07:16 - generating
INFO - 12/07/25 06:26:45 - 3:02:09 - distribution of sample lengths: average: 504.31332 max: 522
INFO - 12/07/25 06:26:45 - 3:02:09 - printed 25000 samples
INFO - 12/07/25 06:26:45 - 3:02:09 - decoding
INFO - 12/07/25 06:26:46 - 3:02:10 - Decoding complete. Check the output in /home/yuebi/Project/dim20_run/dim20_run_3/1111/transformer-output-decoded.txt
INFO - 12/07/25 06:26:46 - 3:02:10 - Memory allocated:  45.82MB, reserved: 10106.00MB
INFO - 12/07/25 06:26:46 - 3:02:10 - ============ End of generation 10 ============
INFO - 12/07/25 06:26:46 - 3:02:10 - launching search.jl
INFO - 12/07/25 06:26:46 - 3:02:10 - JULIA_NUM_THREADS is set to 1
INFO - 12/07/25 06:33:49 - 3:09:13 - distribution of scores(all rounds)
INFO - 12/07/25 06:33:49 - 3:09:13 - Score:56640624.0, Count:20
                                     
INFO - 12/07/25 06:33:49 - 3:09:13 - Score:51562500.0, Count:10
                                     
INFO - 12/07/25 06:33:49 - 3:09:13 - Score:42780624.0, Count:6
                                     
INFO - 12/07/25 06:33:49 - 3:09:13 - Score:41750000.0, Count:10
                                     
INFO - 12/07/25 06:33:49 - 3:09:13 - Score:41334576.0, Count:9
                                     
INFO - 12/07/25 06:33:49 - 3:09:13 - Score:39718750.0, Count:7
                                     
INFO - 12/07/25 06:33:49 - 3:09:13 - Score:39492336.0, Count:7
                                     
INFO - 12/07/25 06:33:49 - 3:09:13 - Score:39206630.0, Count:9
                                     
INFO - 12/07/25 06:33:49 - 3:09:13 - Score:38984980.0, Count:10
                                     
INFO - 12/07/25 06:33:49 - 3:09:13 - Score:38981256.0, Count:10
                                     
INFO - 12/07/25 06:33:49 - 3:09:13 - Score:38444540.0, Count:2
                                     
INFO - 12/07/25 06:33:49 - 3:09:13 - tokenizing
INFO - 12/07/25 06:33:49 - 3:09:13 - Loading tokenizer from /home/yuebi/Project/dim20_run/dim20_run_3/1111/tokenizer_data/tokenizer.json...
INFO - 12/07/25 06:33:49 - 3:09:13 - 0 / 100
INFO - 12/07/25 06:33:49 - 3:09:13 - number of examples in the dataset: 100
INFO - 12/07/25 06:33:49 - 3:09:13 - max word length: 165
INFO - 12/07/25 06:33:49 - 3:09:13 - number of unique characters in the vocabulary: 15
INFO - 12/07/25 06:33:49 - 3:09:13 - vocabulary:
INFO - 12/07/25 06:33:49 - 3:09:13 - ['V0', 'V1', 'V2', 'V3', 'V4', 'V5', 'V6', 'V7', 'V8', 'V9', 'V10', 'V11', 'V12', 'V13', 'V14']
INFO - 12/07/25 06:33:49 - 3:09:13 - split up the dataset into 90 training examples and 10 test examples
INFO - 12/07/25 06:33:49 - 3:09:13 - ============ Start of generation 11 ============
INFO - 12/07/25 06:33:49 - 3:09:13 - Memory allocated:  45.82MB, reserved: 10106.00MB
INFO - 12/07/25 06:33:49 - 3:09:13 - training
INFO - 12/07/25 06:33:50 - 3:09:14 - step 0 | loss 0.0501 | step time 295.72ms
INFO - 12/07/25 06:34:18 - 3:09:42 - step 100 | loss 0.0290 | step time 287.17ms
INFO - 12/07/25 06:34:47 - 3:10:11 - step 200 | loss 0.0287 | step time 286.91ms
INFO - 12/07/25 06:35:16 - 3:10:40 - step 300 | loss 0.0290 | step time 286.78ms
INFO - 12/07/25 06:35:44 - 3:11:08 - step 400 | loss 0.0285 | step time 286.93ms
INFO - 12/07/25 06:36:13 - 3:11:37 - step 500 | loss 0.0283 | step time 287.30ms
INFO - 12/07/25 06:36:13 - 3:11:37 - step 500 train loss: 0.028584957122802734 test loss: 0.29272007942199707
INFO - 12/07/25 06:36:13 - 3:11:37 - test loss 0.29272007942199707 is the best so far, saving model to /home/yuebi/Project/dim20_run/dim20_run_3/1111/model.pt
INFO - 12/07/25 06:36:42 - 3:12:06 - step 600 | loss 0.0311 | step time 287.47ms
INFO - 12/07/25 06:37:11 - 3:12:35 - step 700 | loss 0.0280 | step time 287.16ms
INFO - 12/07/25 06:37:40 - 3:13:04 - step 800 | loss 0.0284 | step time 287.03ms
INFO - 12/07/25 06:38:08 - 3:13:32 - step 900 | loss 0.0276 | step time 287.31ms
INFO - 12/07/25 06:38:37 - 3:14:01 - step 1000 | loss 0.0278 | step time 287.03ms
INFO - 12/07/25 06:38:37 - 3:14:01 - step 1000 train loss: 0.028435690328478813 test loss: 0.3194688856601715
INFO - 12/07/25 06:39:06 - 3:14:30 - step 1100 | loss 0.0289 | step time 286.99ms
INFO - 12/07/25 06:39:35 - 3:14:59 - step 1200 | loss 0.0314 | step time 286.90ms
INFO - 12/07/25 06:39:42 - 0:00:00 - ============ Initialized logger ============
INFO - 12/07/25 06:39:42 - 0:00:00 - batch_size: 32
                                     command: python fc_loop.py --exp_name=dim20_run_3 --dump_path=/home/yuebi/Project/dim20_run --num_initial_empty_objects=800 --final_database_size=100 --target_db_size=100 --nb_local_searches=800 --max_epochs=20 --type=transformer --max-output-length=350 --sample-only=25000 --max-steps=1500 --n_tokens=15 --n-layer=8 --n-embd=128 --n-embd2=128 --exp_id=1111 --exp_id "1111"
                                     cpu: False
                                     debug: False
                                     debug_slurm: False
                                     dump_path: /home/yuebi/Project/dim20_run/dim20_run_3/1111
                                     exp_id: 1111
                                     exp_name: dim20_run_3
                                     final_database_size: 100
                                     gen_batch_size: 1000
                                     global_rank: 0
                                     is_master: True
                                     is_slurm_job: True
                                     learning_rate: 0.0005
                                     local_rank: 0
                                     master_addr: gpu-6
                                     master_port: -1
                                     max_epochs: 20
                                     max_output_length: 350
                                     max_steps: 1500
                                     multi_gpu: False
                                     multi_node: False
                                     n_embd: 128
                                     n_embd2: 128
                                     n_gpu_per_node: 1
                                     n_head: 8
                                     n_layer: 8
                                     n_nodes: 1
                                     n_tokens: 15
                                     nb_local_searches: 800
                                     nb_threads: 1
                                     node_id: 0
                                     num_initial_empty_objects: 800
                                     num_workers: 8
                                     sample_only: 25000
                                     seed: -1
                                     target_db_size: 100
                                     temperature: 1.0
                                     top_k: -1
                                     type: transformer
                                     weight_decay: 0.01
                                     world_size: 1
INFO - 12/07/25 06:39:42 - 0:00:00 - The experiment will be stored in /home/yuebi/Project/dim20_run/dim20_run_3/1111
                                     
INFO - 12/07/25 06:39:42 - 0:00:00 - Running command: python fc_loop.py --exp_name=dim20_run_3 --dump_path=/home/yuebi/Project/dim20_run --num_initial_empty_objects=800 --final_database_size=100 --target_db_size=100 --nb_local_searches=800 --max_epochs=20 --type=transformer --max-output-length=350 --sample-only=25000 --max-steps=1500 --n_tokens=15 --n-layer=8 --n-embd=128 --n-embd2=128 --exp_id=1111

WARNING - 12/07/25 06:39:42 - 0:00:00 - Signal handler installed.
INFO - 12/07/25 06:39:42 - 0:00:00 - seed: 564542967
INFO - 12/07/25 06:39:42 - 0:00:00 - initializing at generation: 11
INFO - 12/07/25 06:39:42 - 0:00:00 - number of examples in the dataset: 100
INFO - 12/07/25 06:39:42 - 0:00:00 - max word length: 165
INFO - 12/07/25 06:39:42 - 0:00:00 - number of unique characters in the vocabulary: 15
INFO - 12/07/25 06:39:42 - 0:00:00 - vocabulary:
INFO - 12/07/25 06:39:42 - 0:00:00 - ['V0', 'V1', 'V2', 'V3', 'V4', 'V5', 'V6', 'V7', 'V8', 'V9', 'V10', 'V11', 'V12', 'V13', 'V14']
INFO - 12/07/25 06:39:42 - 0:00:00 - split up the dataset into 90 training examples and 10 test examples
INFO - 12/07/25 06:39:42 - 0:00:00 - dataset determined that: vocab_size=16, block_size=351
INFO - 12/07/25 06:39:42 - 0:00:00 - model #params: 1635456
INFO - 12/07/25 06:39:42 - 0:00:00 - resuming from existing model
INFO - 12/07/25 06:39:42 - 0:00:00 - ============ Start of generation 11 ============
INFO - 12/07/25 06:39:42 - 0:00:00 - Memory allocated:  10.00MB, reserved: 22.00MB
INFO - 12/07/25 06:39:42 - 0:00:00 - training
INFO - 12/07/25 06:39:47 - 0:00:05 - step 0 | loss 0.0303 | step time 620.45ms
INFO - 12/07/25 06:40:16 - 0:00:34 - step 100 | loss 0.0283 | step time 286.90ms
INFO - 12/07/25 06:40:44 - 0:01:03 - step 200 | loss 0.0289 | step time 286.99ms
INFO - 12/07/25 06:41:13 - 0:01:31 - step 300 | loss 0.0281 | step time 287.07ms
INFO - 12/07/25 06:41:42 - 0:02:00 - step 400 | loss 0.0289 | step time 286.80ms
INFO - 12/07/25 06:42:11 - 0:02:29 - step 500 | loss 0.0282 | step time 286.99ms
INFO - 12/07/25 06:42:11 - 0:02:29 - step 500 train loss: 0.02848711423575878 test loss: 0.16033141314983368
INFO - 12/07/25 06:42:11 - 0:02:29 - test loss 0.16033141314983368 is the best so far, saving model to /home/yuebi/Project/dim20_run/dim20_run_3/1111/model.pt
INFO - 12/07/25 06:42:40 - 0:02:58 - step 600 | loss 0.0276 | step time 286.93ms
INFO - 12/07/25 06:43:08 - 0:03:26 - step 700 | loss 0.0292 | step time 286.87ms
INFO - 12/07/25 06:43:37 - 0:03:55 - step 800 | loss 0.0282 | step time 287.03ms
INFO - 12/07/25 06:44:06 - 0:04:24 - step 900 | loss 0.0285 | step time 286.89ms
INFO - 12/07/25 06:44:34 - 0:04:52 - step 1000 | loss 0.0294 | step time 286.98ms
INFO - 12/07/25 06:44:35 - 0:04:53 - step 1000 train loss: 0.028454389423131943 test loss: 0.13469791412353516
INFO - 12/07/25 06:44:35 - 0:04:53 - test loss 0.13469791412353516 is the best so far, saving model to /home/yuebi/Project/dim20_run/dim20_run_3/1111/model.pt
INFO - 12/07/25 06:45:03 - 0:05:21 - step 1100 | loss 0.0280 | step time 287.05ms
INFO - 12/07/25 06:45:32 - 0:05:50 - step 1200 | loss 0.0295 | step time 287.02ms
INFO - 12/07/25 06:46:01 - 0:06:19 - step 1300 | loss 0.0287 | step time 286.63ms
INFO - 12/07/25 06:46:30 - 0:06:48 - step 1400 | loss 0.0281 | step time 287.41ms
INFO - 12/07/25 06:46:58 - 0:07:16 - Memory allocated:  45.82MB, reserved: 3306.00MB
INFO - 12/07/25 06:46:58 - 0:07:16 - generating
INFO - 12/07/25 09:41:49 - 3:02:07 - distribution of sample lengths: average: 504.34672 max: 523
INFO - 12/07/25 09:41:49 - 3:02:07 - printed 25000 samples
INFO - 12/07/25 09:41:49 - 3:02:07 - decoding
INFO - 12/07/25 09:41:50 - 3:02:08 - Decoding complete. Check the output in /home/yuebi/Project/dim20_run/dim20_run_3/1111/transformer-output-decoded.txt
INFO - 12/07/25 09:41:50 - 3:02:08 - Memory allocated:  45.82MB, reserved: 10106.00MB
INFO - 12/07/25 09:41:50 - 3:02:08 - ============ End of generation 11 ============
INFO - 12/07/25 09:41:50 - 3:02:08 - launching search.jl
INFO - 12/07/25 09:41:50 - 3:02:08 - JULIA_NUM_THREADS is set to 1
INFO - 12/07/25 09:48:52 - 3:09:10 - distribution of scores(all rounds)
INFO - 12/07/25 09:48:52 - 3:09:10 - Score:56640624.0, Count:22
                                     
INFO - 12/07/25 09:48:52 - 3:09:10 - Score:51562500.0, Count:11
                                     
INFO - 12/07/25 09:48:52 - 3:09:10 - Score:42780624.0, Count:7
                                     
INFO - 12/07/25 09:48:52 - 3:09:10 - Score:41750000.0, Count:11
                                     
INFO - 12/07/25 09:48:52 - 3:09:10 - Score:41334576.0, Count:10
                                     
INFO - 12/07/25 09:48:52 - 3:09:10 - Score:39718750.0, Count:8
                                     
INFO - 12/07/25 09:48:52 - 3:09:10 - Score:39492336.0, Count:8
                                     
INFO - 12/07/25 09:48:52 - 3:09:10 - Score:39206630.0, Count:10
                                     
INFO - 12/07/25 09:48:52 - 3:09:10 - Score:38984980.0, Count:11
                                     
INFO - 12/07/25 09:48:52 - 3:09:10 - Score:38981256.0, Count:2
                                     
INFO - 12/07/25 09:48:52 - 3:09:10 - tokenizing
INFO - 12/07/25 09:48:52 - 3:09:10 - Loading tokenizer from /home/yuebi/Project/dim20_run/dim20_run_3/1111/tokenizer_data/tokenizer.json...
INFO - 12/07/25 09:48:52 - 3:09:10 - 0 / 100
INFO - 12/07/25 09:48:52 - 3:09:10 - number of examples in the dataset: 100
INFO - 12/07/25 09:48:52 - 3:09:10 - max word length: 165
INFO - 12/07/25 09:48:52 - 3:09:10 - number of unique characters in the vocabulary: 15
INFO - 12/07/25 09:48:52 - 3:09:10 - vocabulary:
INFO - 12/07/25 09:48:52 - 3:09:10 - ['V0', 'V1', 'V2', 'V3', 'V4', 'V5', 'V6', 'V7', 'V8', 'V9', 'V10', 'V11', 'V12', 'V13', 'V14']
INFO - 12/07/25 09:48:52 - 3:09:10 - split up the dataset into 90 training examples and 10 test examples
INFO - 12/07/25 09:48:52 - 3:09:10 - ============ Start of generation 12 ============
INFO - 12/07/25 09:48:52 - 3:09:10 - Memory allocated:  45.82MB, reserved: 10106.00MB
INFO - 12/07/25 09:48:52 - 3:09:10 - training
INFO - 12/07/25 09:48:53 - 3:09:11 - step 0 | loss 0.0326 | step time 294.48ms
INFO - 12/07/25 09:49:21 - 3:09:39 - step 100 | loss 0.0289 | step time 287.15ms
INFO - 12/07/25 09:49:50 - 3:10:08 - step 200 | loss 0.0282 | step time 286.89ms
INFO - 12/07/25 09:50:19 - 3:10:37 - step 300 | loss 0.0289 | step time 287.25ms
INFO - 12/07/25 09:50:47 - 3:11:05 - step 400 | loss 0.0290 | step time 287.37ms
INFO - 12/07/25 09:51:16 - 3:11:34 - step 500 | loss 0.0279 | step time 287.21ms
INFO - 12/07/25 09:51:16 - 3:11:35 - step 500 train loss: 0.028398312628269196 test loss: 0.06702319532632828
INFO - 12/07/25 09:51:16 - 3:11:35 - test loss 0.06702319532632828 is the best so far, saving model to /home/yuebi/Project/dim20_run/dim20_run_3/1111/model.pt
INFO - 12/07/25 09:51:45 - 3:12:03 - step 600 | loss 0.0293 | step time 287.19ms
INFO - 12/07/25 09:52:14 - 3:12:32 - step 700 | loss 0.0281 | step time 287.22ms
INFO - 12/07/25 09:52:43 - 3:13:01 - step 800 | loss 0.0282 | step time 287.20ms
INFO - 12/07/25 09:53:11 - 3:13:29 - step 900 | loss 0.0285 | step time 287.18ms
INFO - 12/07/25 09:53:40 - 3:13:58 - step 1000 | loss 0.0284 | step time 286.96ms
INFO - 12/07/25 09:53:40 - 3:13:58 - step 1000 train loss: 0.028422120958566666 test loss: 0.126705601811409
INFO - 12/07/25 09:54:09 - 3:14:27 - step 1100 | loss 0.0283 | step time 287.09ms
INFO - 12/07/25 09:54:38 - 3:14:56 - step 1200 | loss 0.0284 | step time 287.07ms
INFO - 12/07/25 09:54:48 - 0:00:00 - ============ Initialized logger ============
INFO - 12/07/25 09:54:48 - 0:00:00 - batch_size: 32
                                     command: python fc_loop.py --exp_name=dim20_run_3 --dump_path=/home/yuebi/Project/dim20_run --num_initial_empty_objects=800 --final_database_size=100 --target_db_size=100 --nb_local_searches=800 --max_epochs=20 --type=transformer --max-output-length=350 --sample-only=25000 --max-steps=1500 --n_tokens=15 --n-layer=8 --n-embd=128 --n-embd2=128 --exp_id=1111 --exp_id "1111"
                                     cpu: False
                                     debug: False
                                     debug_slurm: False
                                     dump_path: /home/yuebi/Project/dim20_run/dim20_run_3/1111
                                     exp_id: 1111
                                     exp_name: dim20_run_3
                                     final_database_size: 100
                                     gen_batch_size: 1000
                                     global_rank: 0
                                     is_master: True
                                     is_slurm_job: True
                                     learning_rate: 0.0005
                                     local_rank: 0
                                     master_addr: gpu-6
                                     master_port: -1
                                     max_epochs: 20
                                     max_output_length: 350
                                     max_steps: 1500
                                     multi_gpu: False
                                     multi_node: False
                                     n_embd: 128
                                     n_embd2: 128
                                     n_gpu_per_node: 1
                                     n_head: 8
                                     n_layer: 8
                                     n_nodes: 1
                                     n_tokens: 15
                                     nb_local_searches: 800
                                     nb_threads: 1
                                     node_id: 0
                                     num_initial_empty_objects: 800
                                     num_workers: 8
                                     sample_only: 25000
                                     seed: -1
                                     target_db_size: 100
                                     temperature: 1.0
                                     top_k: -1
                                     type: transformer
                                     weight_decay: 0.01
                                     world_size: 1
INFO - 12/07/25 09:54:48 - 0:00:00 - The experiment will be stored in /home/yuebi/Project/dim20_run/dim20_run_3/1111
                                     
INFO - 12/07/25 09:54:48 - 0:00:00 - Running command: python fc_loop.py --exp_name=dim20_run_3 --dump_path=/home/yuebi/Project/dim20_run --num_initial_empty_objects=800 --final_database_size=100 --target_db_size=100 --nb_local_searches=800 --max_epochs=20 --type=transformer --max-output-length=350 --sample-only=25000 --max-steps=1500 --n_tokens=15 --n-layer=8 --n-embd=128 --n-embd2=128 --exp_id=1111

WARNING - 12/07/25 09:54:48 - 0:00:00 - Signal handler installed.
INFO - 12/07/25 09:54:48 - 0:00:00 - seed: 288717003
INFO - 12/07/25 09:54:48 - 0:00:00 - initializing at generation: 12
INFO - 12/07/25 09:54:48 - 0:00:00 - number of examples in the dataset: 100
INFO - 12/07/25 09:54:48 - 0:00:00 - max word length: 165
INFO - 12/07/25 09:54:48 - 0:00:00 - number of unique characters in the vocabulary: 15
INFO - 12/07/25 09:54:48 - 0:00:00 - vocabulary:
INFO - 12/07/25 09:54:48 - 0:00:00 - ['V0', 'V1', 'V2', 'V3', 'V4', 'V5', 'V6', 'V7', 'V8', 'V9', 'V10', 'V11', 'V12', 'V13', 'V14']
INFO - 12/07/25 09:54:48 - 0:00:00 - split up the dataset into 90 training examples and 10 test examples
INFO - 12/07/25 09:54:48 - 0:00:00 - dataset determined that: vocab_size=16, block_size=351
INFO - 12/07/25 09:54:48 - 0:00:00 - model #params: 1635456
INFO - 12/07/25 09:54:48 - 0:00:00 - resuming from existing model
INFO - 12/07/25 09:54:48 - 0:00:00 - ============ Start of generation 12 ============
INFO - 12/07/25 09:54:48 - 0:00:00 - Memory allocated:  10.00MB, reserved: 22.00MB
INFO - 12/07/25 09:54:48 - 0:00:00 - training
INFO - 12/07/25 09:54:53 - 0:00:05 - step 0 | loss 0.0309 | step time 619.38ms
INFO - 12/07/25 09:55:22 - 0:00:34 - step 100 | loss 0.0295 | step time 286.57ms
INFO - 12/07/25 09:55:51 - 0:01:03 - step 200 | loss 0.0276 | step time 286.70ms
INFO - 12/07/25 09:56:19 - 0:01:31 - step 300 | loss 0.0284 | step time 286.83ms
INFO - 12/07/25 09:56:48 - 0:02:00 - step 400 | loss 0.0282 | step time 286.74ms
INFO - 12/07/25 09:57:17 - 0:02:29 - step 500 | loss 0.0278 | step time 286.60ms
INFO - 12/07/25 09:57:17 - 0:02:29 - step 500 train loss: 0.028450176119804382 test loss: 0.11968490481376648
INFO - 12/07/25 09:57:17 - 0:02:29 - test loss 0.11968490481376648 is the best so far, saving model to /home/yuebi/Project/dim20_run/dim20_run_3/1111/model.pt
INFO - 12/07/25 09:57:46 - 0:02:58 - step 600 | loss 0.0285 | step time 286.63ms
INFO - 12/07/25 09:58:15 - 0:03:27 - step 700 | loss 0.0373 | step time 286.90ms
INFO - 12/07/25 09:58:43 - 0:03:55 - step 800 | loss 0.0278 | step time 287.06ms
INFO - 12/07/25 09:59:12 - 0:04:24 - step 900 | loss 0.0282 | step time 286.73ms
INFO - 12/07/25 09:59:41 - 0:04:53 - step 1000 | loss 0.0282 | step time 287.16ms
INFO - 12/07/25 09:59:41 - 0:04:53 - step 1000 train loss: 0.028367117047309875 test loss: 0.1944136619567871
INFO - 12/07/25 10:00:10 - 0:05:22 - step 1100 | loss 0.0291 | step time 286.88ms
INFO - 12/07/25 10:00:38 - 0:05:50 - step 1200 | loss 0.0281 | step time 286.69ms
INFO - 12/07/25 10:01:07 - 0:06:19 - step 1300 | loss 0.0280 | step time 286.69ms
INFO - 12/07/25 10:01:36 - 0:06:48 - step 1400 | loss 0.0286 | step time 286.77ms
INFO - 12/07/25 10:02:04 - 0:07:16 - Memory allocated:  45.82MB, reserved: 3306.00MB
INFO - 12/07/25 10:02:04 - 0:07:16 - generating
INFO - 12/07/25 12:56:57 - 3:02:09 - distribution of sample lengths: average: 504.05492 max: 527
INFO - 12/07/25 12:56:57 - 3:02:09 - printed 25000 samples
INFO - 12/07/25 12:56:57 - 3:02:09 - decoding
INFO - 12/07/25 12:56:57 - 3:02:09 - Decoding complete. Check the output in /home/yuebi/Project/dim20_run/dim20_run_3/1111/transformer-output-decoded.txt
INFO - 12/07/25 12:56:57 - 3:02:09 - Memory allocated:  45.82MB, reserved: 10106.00MB
INFO - 12/07/25 12:56:57 - 3:02:09 - ============ End of generation 12 ============
INFO - 12/07/25 12:56:57 - 3:02:09 - launching search.jl
INFO - 12/07/25 12:56:57 - 3:02:09 - JULIA_NUM_THREADS is set to 1
INFO - 12/07/25 13:04:05 - 3:09:17 - distribution of scores(all rounds)
INFO - 12/07/25 13:04:05 - 3:09:17 - Score:56640624.0, Count:24
                                     
INFO - 12/07/25 13:04:05 - 3:09:17 - Score:51562500.0, Count:12
                                     
INFO - 12/07/25 13:04:05 - 3:09:17 - Score:42780624.0, Count:8
                                     
INFO - 12/07/25 13:04:05 - 3:09:17 - Score:42468750.0, Count:1
                                     
INFO - 12/07/25 13:04:05 - 3:09:17 - Score:41750000.0, Count:12
                                     
INFO - 12/07/25 13:04:05 - 3:09:17 - Score:41334576.0, Count:11
                                     
INFO - 12/07/25 13:04:05 - 3:09:17 - Score:39718750.0, Count:9
                                     
INFO - 12/07/25 13:04:05 - 3:09:17 - Score:39492336.0, Count:9
                                     
INFO - 12/07/25 13:04:05 - 3:09:17 - Score:39206630.0, Count:11
                                     
INFO - 12/07/25 13:04:05 - 3:09:17 - Score:38984980.0, Count:3
                                     
INFO - 12/07/25 13:04:05 - 3:09:17 - tokenizing
INFO - 12/07/25 13:04:05 - 3:09:17 - Loading tokenizer from /home/yuebi/Project/dim20_run/dim20_run_3/1111/tokenizer_data/tokenizer.json...
INFO - 12/07/25 13:04:05 - 3:09:17 - 0 / 100
INFO - 12/07/25 13:04:05 - 3:09:17 - number of examples in the dataset: 100
INFO - 12/07/25 13:04:05 - 3:09:17 - max word length: 165
INFO - 12/07/25 13:04:05 - 3:09:17 - number of unique characters in the vocabulary: 15
INFO - 12/07/25 13:04:05 - 3:09:17 - vocabulary:
INFO - 12/07/25 13:04:05 - 3:09:17 - ['V0', 'V1', 'V2', 'V3', 'V4', 'V5', 'V6', 'V7', 'V8', 'V9', 'V10', 'V11', 'V12', 'V13', 'V14']
INFO - 12/07/25 13:04:05 - 3:09:17 - split up the dataset into 90 training examples and 10 test examples
INFO - 12/07/25 13:04:05 - 3:09:17 - ============ Start of generation 13 ============
INFO - 12/07/25 13:04:05 - 3:09:17 - Memory allocated:  45.82MB, reserved: 10106.00MB
INFO - 12/07/25 13:04:05 - 3:09:17 - training
INFO - 12/07/25 13:04:05 - 3:09:17 - step 0 | loss 0.0305 | step time 293.99ms
INFO - 12/07/25 13:04:34 - 3:09:46 - step 100 | loss 0.0287 | step time 287.25ms
INFO - 12/07/25 13:05:03 - 3:10:15 - step 200 | loss 0.0289 | step time 287.09ms
INFO - 12/07/25 13:05:31 - 3:10:43 - step 300 | loss 0.0281 | step time 287.89ms
INFO - 12/07/25 13:06:00 - 3:11:12 - step 400 | loss 0.0301 | step time 286.97ms
INFO - 12/07/25 13:06:29 - 3:11:41 - step 500 | loss 0.0293 | step time 287.01ms
INFO - 12/07/25 13:06:29 - 3:11:41 - step 500 train loss: 0.028398364782333374 test loss: 0.8968308568000793
INFO - 12/07/25 13:06:29 - 3:11:41 - test loss 0.8968308568000793 is the best so far, saving model to /home/yuebi/Project/dim20_run/dim20_run_3/1111/model.pt
INFO - 12/07/25 13:06:58 - 3:12:10 - step 600 | loss 0.0290 | step time 287.01ms
INFO - 12/07/25 13:07:26 - 3:12:38 - step 700 | loss 0.0280 | step time 287.10ms
INFO - 12/07/25 13:07:55 - 3:13:07 - step 800 | loss 0.0282 | step time 286.61ms
INFO - 12/07/25 13:08:24 - 3:13:36 - step 900 | loss 0.0282 | step time 286.93ms
INFO - 12/07/25 13:08:53 - 3:14:05 - step 1000 | loss 0.0283 | step time 287.00ms
INFO - 12/07/25 13:08:53 - 3:14:05 - step 1000 train loss: 0.028334645554423332 test loss: 0.9842081665992737
INFO - 12/07/25 13:09:22 - 3:14:34 - step 1100 | loss 0.0281 | step time 287.02ms
INFO - 12/07/25 13:09:50 - 3:15:02 - step 1200 | loss 0.0284 | step time 287.37ms
INFO - 12/07/25 13:10:00 - 0:00:00 - ============ Initialized logger ============
INFO - 12/07/25 13:10:00 - 0:00:00 - batch_size: 32
                                     command: python fc_loop.py --exp_name=dim20_run_3 --dump_path=/home/yuebi/Project/dim20_run --num_initial_empty_objects=800 --final_database_size=100 --target_db_size=100 --nb_local_searches=800 --max_epochs=20 --type=transformer --max-output-length=350 --sample-only=25000 --max-steps=1500 --n_tokens=15 --n-layer=8 --n-embd=128 --n-embd2=128 --exp_id=1111 --exp_id "1111"
                                     cpu: False
                                     debug: False
                                     debug_slurm: False
                                     dump_path: /home/yuebi/Project/dim20_run/dim20_run_3/1111
                                     exp_id: 1111
                                     exp_name: dim20_run_3
                                     final_database_size: 100
                                     gen_batch_size: 1000
                                     global_rank: 0
                                     is_master: True
                                     is_slurm_job: True
                                     learning_rate: 0.0005
                                     local_rank: 0
                                     master_addr: gpu-6
                                     master_port: -1
                                     max_epochs: 20
                                     max_output_length: 350
                                     max_steps: 1500
                                     multi_gpu: False
                                     multi_node: False
                                     n_embd: 128
                                     n_embd2: 128
                                     n_gpu_per_node: 1
                                     n_head: 8
                                     n_layer: 8
                                     n_nodes: 1
                                     n_tokens: 15
                                     nb_local_searches: 800
                                     nb_threads: 1
                                     node_id: 0
                                     num_initial_empty_objects: 800
                                     num_workers: 8
                                     sample_only: 25000
                                     seed: -1
                                     target_db_size: 100
                                     temperature: 1.0
                                     top_k: -1
                                     type: transformer
                                     weight_decay: 0.01
                                     world_size: 1
INFO - 12/07/25 13:10:00 - 0:00:00 - The experiment will be stored in /home/yuebi/Project/dim20_run/dim20_run_3/1111
                                     
INFO - 12/07/25 13:10:00 - 0:00:00 - Running command: python fc_loop.py --exp_name=dim20_run_3 --dump_path=/home/yuebi/Project/dim20_run --num_initial_empty_objects=800 --final_database_size=100 --target_db_size=100 --nb_local_searches=800 --max_epochs=20 --type=transformer --max-output-length=350 --sample-only=25000 --max-steps=1500 --n_tokens=15 --n-layer=8 --n-embd=128 --n-embd2=128 --exp_id=1111

WARNING - 12/07/25 13:10:00 - 0:00:00 - Signal handler installed.
INFO - 12/07/25 13:10:00 - 0:00:00 - seed: 222786960
INFO - 12/07/25 13:10:00 - 0:00:00 - initializing at generation: 13
INFO - 12/07/25 13:10:00 - 0:00:00 - number of examples in the dataset: 100
INFO - 12/07/25 13:10:00 - 0:00:00 - max word length: 165
INFO - 12/07/25 13:10:00 - 0:00:00 - number of unique characters in the vocabulary: 15
INFO - 12/07/25 13:10:00 - 0:00:00 - vocabulary:
INFO - 12/07/25 13:10:00 - 0:00:00 - ['V0', 'V1', 'V2', 'V3', 'V4', 'V5', 'V6', 'V7', 'V8', 'V9', 'V10', 'V11', 'V12', 'V13', 'V14']
INFO - 12/07/25 13:10:00 - 0:00:00 - split up the dataset into 90 training examples and 10 test examples
INFO - 12/07/25 13:10:00 - 0:00:00 - dataset determined that: vocab_size=16, block_size=351
INFO - 12/07/25 13:10:00 - 0:00:00 - model #params: 1635456
INFO - 12/07/25 13:10:00 - 0:00:00 - resuming from existing model
INFO - 12/07/25 13:10:00 - 0:00:00 - ============ Start of generation 13 ============
INFO - 12/07/25 13:10:00 - 0:00:00 - Memory allocated:  10.00MB, reserved: 22.00MB
INFO - 12/07/25 13:10:00 - 0:00:00 - training
INFO - 12/07/25 13:10:05 - 0:00:05 - step 0 | loss 0.0285 | step time 620.89ms
INFO - 12/07/25 13:10:34 - 0:00:34 - step 100 | loss 0.0287 | step time 286.45ms
INFO - 12/07/25 13:11:03 - 0:01:03 - step 200 | loss 0.0280 | step time 286.52ms
INFO - 12/07/25 13:11:31 - 0:01:31 - step 300 | loss 0.0293 | step time 286.33ms
INFO - 12/07/25 13:12:00 - 0:02:00 - step 400 | loss 0.0288 | step time 286.76ms
INFO - 12/07/25 13:12:29 - 0:02:29 - step 500 | loss 0.0285 | step time 287.12ms
INFO - 12/07/25 13:12:29 - 0:02:29 - step 500 train loss: 0.028447799384593964 test loss: 0.8380913138389587
INFO - 12/07/25 13:12:29 - 0:02:29 - test loss 0.8380913138389587 is the best so far, saving model to /home/yuebi/Project/dim20_run/dim20_run_3/1111/model.pt
INFO - 12/07/25 13:12:58 - 0:02:58 - step 600 | loss 0.0297 | step time 286.72ms
INFO - 12/07/25 13:13:26 - 0:03:26 - step 700 | loss 0.0291 | step time 286.59ms
INFO - 12/07/25 13:13:55 - 0:03:55 - step 800 | loss 0.0281 | step time 287.07ms
INFO - 12/07/25 13:14:24 - 0:04:24 - step 900 | loss 0.0282 | step time 286.85ms
INFO - 12/07/25 13:14:52 - 0:04:52 - step 1000 | loss 0.0285 | step time 286.77ms
INFO - 12/07/25 13:14:53 - 0:04:53 - step 1000 train loss: 0.02833721786737442 test loss: 0.9122570753097534
INFO - 12/07/25 13:15:21 - 0:05:21 - step 1100 | loss 0.0284 | step time 287.37ms
INFO - 12/07/25 13:15:50 - 0:05:50 - step 1200 | loss 0.0287 | step time 286.67ms
INFO - 12/07/25 13:16:19 - 0:06:19 - step 1300 | loss 0.0345 | step time 286.89ms
INFO - 12/07/25 13:16:48 - 0:06:48 - step 1400 | loss 0.0280 | step time 286.81ms
INFO - 12/07/25 13:17:16 - 0:07:16 - Memory allocated:  45.82MB, reserved: 3306.00MB
INFO - 12/07/25 13:17:16 - 0:07:16 - generating
INFO - 12/07/25 16:12:11 - 3:02:11 - distribution of sample lengths: average: 504.70128 max: 524
INFO - 12/07/25 16:12:11 - 3:02:11 - printed 25000 samples
INFO - 12/07/25 16:12:11 - 3:02:11 - decoding
INFO - 12/07/25 16:12:12 - 3:02:12 - Decoding complete. Check the output in /home/yuebi/Project/dim20_run/dim20_run_3/1111/transformer-output-decoded.txt
INFO - 12/07/25 16:12:12 - 3:02:12 - Memory allocated:  45.82MB, reserved: 10106.00MB
INFO - 12/07/25 16:12:12 - 3:02:12 - ============ End of generation 13 ============
INFO - 12/07/25 16:12:12 - 3:02:12 - launching search.jl
INFO - 12/07/25 16:12:12 - 3:02:12 - JULIA_NUM_THREADS is set to 1
INFO - 12/07/25 16:19:22 - 3:09:22 - distribution of scores(all rounds)
INFO - 12/07/25 16:19:22 - 3:09:22 - Score:56640624.0, Count:26
                                     
INFO - 12/07/25 16:19:22 - 3:09:22 - Score:51562500.0, Count:13
                                     
INFO - 12/07/25 16:19:22 - 3:09:22 - Score:42780624.0, Count:9
                                     
INFO - 12/07/25 16:19:22 - 3:09:22 - Score:42468750.0, Count:2
                                     
INFO - 12/07/25 16:19:22 - 3:09:22 - Score:41750000.0, Count:13
                                     
INFO - 12/07/25 16:19:22 - 3:09:22 - Score:41334576.0, Count:12
                                     
INFO - 12/07/25 16:19:22 - 3:09:22 - Score:39718750.0, Count:10
                                     
INFO - 12/07/25 16:19:22 - 3:09:22 - Score:39492336.0, Count:10
                                     
INFO - 12/07/25 16:19:22 - 3:09:22 - Score:39206630.0, Count:5
                                     
INFO - 12/07/25 16:19:22 - 3:09:22 - tokenizing
INFO - 12/07/25 16:19:22 - 3:09:22 - Loading tokenizer from /home/yuebi/Project/dim20_run/dim20_run_3/1111/tokenizer_data/tokenizer.json...
INFO - 12/07/25 16:19:22 - 3:09:22 - 0 / 100
INFO - 12/07/25 16:19:22 - 3:09:22 - number of examples in the dataset: 100
INFO - 12/07/25 16:19:22 - 3:09:22 - max word length: 165
INFO - 12/07/25 16:19:22 - 3:09:22 - number of unique characters in the vocabulary: 15
INFO - 12/07/25 16:19:22 - 3:09:22 - vocabulary:
INFO - 12/07/25 16:19:22 - 3:09:22 - ['V0', 'V1', 'V2', 'V3', 'V4', 'V5', 'V6', 'V7', 'V8', 'V9', 'V10', 'V11', 'V12', 'V13', 'V14']
INFO - 12/07/25 16:19:22 - 3:09:22 - split up the dataset into 90 training examples and 10 test examples
INFO - 12/07/25 16:19:22 - 3:09:22 - ============ Start of generation 14 ============
INFO - 12/07/25 16:19:22 - 3:09:22 - Memory allocated:  45.82MB, reserved: 10106.00MB
INFO - 12/07/25 16:19:22 - 3:09:22 - training
INFO - 12/07/25 16:19:22 - 3:09:22 - step 0 | loss 0.1662 | step time 295.11ms
INFO - 12/07/25 16:19:51 - 3:09:51 - step 100 | loss 0.0288 | step time 287.17ms
INFO - 12/07/25 16:20:20 - 3:10:20 - step 200 | loss 0.0289 | step time 286.94ms
INFO - 12/07/25 16:20:48 - 3:10:48 - step 300 | loss 0.0281 | step time 286.51ms
INFO - 12/07/25 16:21:17 - 3:11:17 - step 400 | loss 0.0292 | step time 286.88ms
INFO - 12/07/25 16:21:46 - 3:11:46 - step 500 | loss 0.0283 | step time 286.73ms
INFO - 12/07/25 16:21:46 - 3:11:46 - step 500 train loss: 0.028509123250842094 test loss: 0.13073031604290009
INFO - 12/07/25 16:21:46 - 3:11:46 - test loss 0.13073031604290009 is the best so far, saving model to /home/yuebi/Project/dim20_run/dim20_run_3/1111/model.pt
INFO - 12/07/25 16:22:15 - 3:12:15 - step 600 | loss 0.0284 | step time 286.89ms
INFO - 12/07/25 16:22:43 - 3:12:43 - step 700 | loss 0.0283 | step time 286.78ms
INFO - 12/07/25 16:23:12 - 3:13:12 - step 800 | loss 0.0291 | step time 286.92ms
INFO - 12/07/25 16:23:41 - 3:13:41 - step 900 | loss 0.0287 | step time 287.07ms
INFO - 12/07/25 16:24:09 - 3:14:10 - step 1000 | loss 0.0281 | step time 286.95ms
INFO - 12/07/25 16:24:10 - 3:14:10 - step 1000 train loss: 0.028373457491397858 test loss: 0.2059793919324875
INFO - 12/07/25 16:24:38 - 3:14:39 - step 1100 | loss 0.0289 | step time 286.94ms
INFO - 12/07/25 16:25:04 - 0:00:00 - ============ Initialized logger ============
INFO - 12/07/25 16:25:04 - 0:00:00 - batch_size: 32
                                     command: python fc_loop.py --exp_name=dim20_run_3 --dump_path=/home/yuebi/Project/dim20_run --num_initial_empty_objects=800 --final_database_size=100 --target_db_size=100 --nb_local_searches=800 --max_epochs=20 --type=transformer --max-output-length=350 --sample-only=25000 --max-steps=1500 --n_tokens=15 --n-layer=8 --n-embd=128 --n-embd2=128 --exp_id=1111 --exp_id "1111"
                                     cpu: False
                                     debug: False
                                     debug_slurm: False
                                     dump_path: /home/yuebi/Project/dim20_run/dim20_run_3/1111
                                     exp_id: 1111
                                     exp_name: dim20_run_3
                                     final_database_size: 100
                                     gen_batch_size: 1000
                                     global_rank: 0
                                     is_master: True
                                     is_slurm_job: True
                                     learning_rate: 0.0005
                                     local_rank: 0
                                     master_addr: gpu-6
                                     master_port: -1
                                     max_epochs: 20
                                     max_output_length: 350
                                     max_steps: 1500
                                     multi_gpu: False
                                     multi_node: False
                                     n_embd: 128
                                     n_embd2: 128
                                     n_gpu_per_node: 1
                                     n_head: 8
                                     n_layer: 8
                                     n_nodes: 1
                                     n_tokens: 15
                                     nb_local_searches: 800
                                     nb_threads: 1
                                     node_id: 0
                                     num_initial_empty_objects: 800
                                     num_workers: 8
                                     sample_only: 25000
                                     seed: -1
                                     target_db_size: 100
                                     temperature: 1.0
                                     top_k: -1
                                     type: transformer
                                     weight_decay: 0.01
                                     world_size: 1
INFO - 12/07/25 16:25:04 - 0:00:00 - The experiment will be stored in /home/yuebi/Project/dim20_run/dim20_run_3/1111
                                     
INFO - 12/07/25 16:25:04 - 0:00:00 - Running command: python fc_loop.py --exp_name=dim20_run_3 --dump_path=/home/yuebi/Project/dim20_run --num_initial_empty_objects=800 --final_database_size=100 --target_db_size=100 --nb_local_searches=800 --max_epochs=20 --type=transformer --max-output-length=350 --sample-only=25000 --max-steps=1500 --n_tokens=15 --n-layer=8 --n-embd=128 --n-embd2=128 --exp_id=1111

WARNING - 12/07/25 16:25:04 - 0:00:00 - Signal handler installed.
INFO - 12/07/25 16:25:04 - 0:00:00 - seed: 610699480
INFO - 12/07/25 16:25:04 - 0:00:00 - initializing at generation: 14
INFO - 12/07/25 16:25:04 - 0:00:00 - number of examples in the dataset: 100
INFO - 12/07/25 16:25:04 - 0:00:00 - max word length: 165
INFO - 12/07/25 16:25:04 - 0:00:00 - number of unique characters in the vocabulary: 15
INFO - 12/07/25 16:25:04 - 0:00:00 - vocabulary:
INFO - 12/07/25 16:25:04 - 0:00:00 - ['V0', 'V1', 'V2', 'V3', 'V4', 'V5', 'V6', 'V7', 'V8', 'V9', 'V10', 'V11', 'V12', 'V13', 'V14']
INFO - 12/07/25 16:25:04 - 0:00:00 - split up the dataset into 90 training examples and 10 test examples
INFO - 12/07/25 16:25:04 - 0:00:00 - dataset determined that: vocab_size=16, block_size=351
INFO - 12/07/25 16:25:04 - 0:00:00 - model #params: 1635456
INFO - 12/07/25 16:25:04 - 0:00:00 - resuming from existing model
INFO - 12/07/25 16:25:04 - 0:00:00 - ============ Start of generation 14 ============
INFO - 12/07/25 16:25:04 - 0:00:00 - Memory allocated:  10.00MB, reserved: 22.00MB
INFO - 12/07/25 16:25:04 - 0:00:00 - training
INFO - 12/07/25 16:25:09 - 0:00:05 - step 0 | loss 0.0419 | step time 617.40ms
INFO - 12/07/25 16:25:38 - 0:00:34 - step 100 | loss 0.0290 | step time 286.81ms
INFO - 12/07/25 16:26:06 - 0:01:02 - step 200 | loss 0.0282 | step time 286.62ms
INFO - 12/07/25 16:26:35 - 0:01:31 - step 300 | loss 0.0282 | step time 286.96ms
INFO - 12/07/25 16:27:04 - 0:02:00 - step 400 | loss 0.0290 | step time 286.13ms
INFO - 12/07/25 16:27:32 - 0:02:28 - step 500 | loss 0.0363 | step time 287.27ms
INFO - 12/07/25 16:27:33 - 0:02:29 - step 500 train loss: 0.045595910400152206 test loss: 0.09511218965053558
INFO - 12/07/25 16:27:33 - 0:02:29 - test loss 0.09511218965053558 is the best so far, saving model to /home/yuebi/Project/dim20_run/dim20_run_3/1111/model.pt
INFO - 12/07/25 16:28:01 - 0:02:57 - step 600 | loss 0.0282 | step time 286.77ms
INFO - 12/07/25 16:28:30 - 0:03:26 - step 700 | loss 0.0284 | step time 286.86ms
INFO - 12/07/25 16:28:59 - 0:03:55 - step 800 | loss 0.0285 | step time 286.65ms
INFO - 12/07/25 16:29:28 - 0:04:23 - step 900 | loss 0.0283 | step time 286.87ms
INFO - 12/07/25 16:29:56 - 0:04:52 - step 1000 | loss 0.0286 | step time 286.46ms
INFO - 12/07/25 16:29:56 - 0:04:52 - step 1000 train loss: 0.028542926535010338 test loss: 0.10398821532726288
INFO - 12/07/25 16:30:25 - 0:05:21 - step 1100 | loss 0.0286 | step time 287.17ms
INFO - 12/07/25 16:30:54 - 0:05:50 - step 1200 | loss 0.0286 | step time 286.65ms
INFO - 12/07/25 16:31:23 - 0:06:19 - step 1300 | loss 0.0282 | step time 286.57ms
INFO - 12/07/25 16:31:51 - 0:06:47 - step 1400 | loss 0.0293 | step time 287.28ms
INFO - 12/07/25 16:32:20 - 0:07:16 - Memory allocated:  45.82MB, reserved: 3306.00MB
INFO - 12/07/25 16:32:20 - 0:07:16 - generating
INFO - 12/07/25 19:27:06 - 3:02:02 - distribution of sample lengths: average: 503.56584 max: 523
INFO - 12/07/25 19:27:06 - 3:02:02 - printed 25000 samples
INFO - 12/07/25 19:27:06 - 3:02:02 - decoding
INFO - 12/07/25 19:27:07 - 3:02:03 - Decoding complete. Check the output in /home/yuebi/Project/dim20_run/dim20_run_3/1111/transformer-output-decoded.txt
INFO - 12/07/25 19:27:07 - 3:02:03 - Memory allocated:  45.82MB, reserved: 10106.00MB
INFO - 12/07/25 19:27:07 - 3:02:03 - ============ End of generation 14 ============
INFO - 12/07/25 19:27:07 - 3:02:03 - launching search.jl
INFO - 12/07/25 19:27:07 - 3:02:03 - JULIA_NUM_THREADS is set to 1
INFO - 12/07/25 19:34:13 - 3:09:09 - distribution of scores(all rounds)
INFO - 12/07/25 19:34:13 - 3:09:09 - Score:56640624.0, Count:28
                                     
INFO - 12/07/25 19:34:13 - 3:09:09 - Score:51562500.0, Count:14
                                     
INFO - 12/07/25 19:34:13 - 3:09:09 - Score:50390624.0, Count:1
                                     
INFO - 12/07/25 19:34:13 - 3:09:09 - Score:42780624.0, Count:10
                                     
INFO - 12/07/25 19:34:13 - 3:09:09 - Score:42468750.0, Count:3
                                     
INFO - 12/07/25 19:34:13 - 3:09:09 - Score:41750000.0, Count:14
                                     
INFO - 12/07/25 19:34:13 - 3:09:09 - Score:41334576.0, Count:13
                                     
INFO - 12/07/25 19:34:13 - 3:09:09 - Score:39718750.0, Count:11
                                     
INFO - 12/07/25 19:34:13 - 3:09:09 - Score:39492336.0, Count:6
                                     
INFO - 12/07/25 19:34:13 - 3:09:09 - tokenizing
INFO - 12/07/25 19:34:13 - 3:09:09 - Loading tokenizer from /home/yuebi/Project/dim20_run/dim20_run_3/1111/tokenizer_data/tokenizer.json...
INFO - 12/07/25 19:34:13 - 3:09:09 - 0 / 100
INFO - 12/07/25 19:34:13 - 3:09:09 - number of examples in the dataset: 100
INFO - 12/07/25 19:34:13 - 3:09:09 - max word length: 165
INFO - 12/07/25 19:34:13 - 3:09:09 - number of unique characters in the vocabulary: 15
INFO - 12/07/25 19:34:13 - 3:09:09 - vocabulary:
INFO - 12/07/25 19:34:13 - 3:09:09 - ['V0', 'V1', 'V2', 'V3', 'V4', 'V5', 'V6', 'V7', 'V8', 'V9', 'V10', 'V11', 'V12', 'V13', 'V14']
INFO - 12/07/25 19:34:13 - 3:09:09 - split up the dataset into 90 training examples and 10 test examples
INFO - 12/07/25 19:34:13 - 3:09:09 - ============ Start of generation 15 ============
INFO - 12/07/25 19:34:13 - 3:09:09 - Memory allocated:  45.82MB, reserved: 10106.00MB
INFO - 12/07/25 19:34:13 - 3:09:09 - training
INFO - 12/07/25 19:34:14 - 3:09:10 - step 0 | loss 0.0369 | step time 294.09ms
INFO - 12/07/25 19:34:42 - 3:09:38 - step 100 | loss 0.0283 | step time 287.32ms
INFO - 12/07/25 19:35:11 - 3:10:07 - step 200 | loss 0.0288 | step time 287.29ms
INFO - 12/07/25 19:35:40 - 3:10:36 - step 300 | loss 0.0283 | step time 287.37ms
INFO - 12/07/25 19:36:09 - 3:11:05 - step 400 | loss 0.0295 | step time 287.24ms
INFO - 12/07/25 19:36:37 - 3:11:33 - step 500 | loss 0.0282 | step time 286.95ms
INFO - 12/07/25 19:36:38 - 3:11:34 - step 500 train loss: 0.028514230623841286 test loss: 0.16029737889766693
INFO - 12/07/25 19:36:38 - 3:11:34 - test loss 0.16029737889766693 is the best so far, saving model to /home/yuebi/Project/dim20_run/dim20_run_3/1111/model.pt
INFO - 12/07/25 19:37:06 - 3:12:02 - step 600 | loss 0.0292 | step time 287.39ms
INFO - 12/07/25 19:37:35 - 3:12:31 - step 700 | loss 0.0296 | step time 288.00ms
INFO - 12/07/25 19:38:04 - 3:13:00 - step 800 | loss 0.0281 | step time 287.90ms
INFO - 12/07/25 19:38:33 - 3:13:29 - step 900 | loss 0.0289 | step time 288.51ms
INFO - 12/07/25 19:39:02 - 3:13:57 - step 1000 | loss 0.0292 | step time 288.37ms
INFO - 12/07/25 19:39:02 - 3:13:58 - step 1000 train loss: 0.02846730872988701 test loss: 0.21199648082256317
INFO - 12/07/25 19:39:31 - 3:14:27 - step 1100 | loss 0.0285 | step time 288.12ms
INFO - 12/07/25 19:39:59 - 3:14:55 - step 1200 | loss 0.0286 | step time 288.25ms
INFO - 12/07/25 19:40:08 - 0:00:00 - ============ Initialized logger ============
INFO - 12/07/25 19:40:08 - 0:00:00 - batch_size: 32
                                     command: python fc_loop.py --exp_name=dim20_run_3 --dump_path=/home/yuebi/Project/dim20_run --num_initial_empty_objects=800 --final_database_size=100 --target_db_size=100 --nb_local_searches=800 --max_epochs=20 --type=transformer --max-output-length=350 --sample-only=25000 --max-steps=1500 --n_tokens=15 --n-layer=8 --n-embd=128 --n-embd2=128 --exp_id=1111 --exp_id "1111"
                                     cpu: False
                                     debug: False
                                     debug_slurm: False
                                     dump_path: /home/yuebi/Project/dim20_run/dim20_run_3/1111
                                     exp_id: 1111
                                     exp_name: dim20_run_3
                                     final_database_size: 100
                                     gen_batch_size: 1000
                                     global_rank: 0
                                     is_master: True
                                     is_slurm_job: True
                                     learning_rate: 0.0005
                                     local_rank: 0
                                     master_addr: gpu-6
                                     master_port: -1
                                     max_epochs: 20
                                     max_output_length: 350
                                     max_steps: 1500
                                     multi_gpu: False
                                     multi_node: False
                                     n_embd: 128
                                     n_embd2: 128
                                     n_gpu_per_node: 1
                                     n_head: 8
                                     n_layer: 8
                                     n_nodes: 1
                                     n_tokens: 15
                                     nb_local_searches: 800
                                     nb_threads: 1
                                     node_id: 0
                                     num_initial_empty_objects: 800
                                     num_workers: 8
                                     sample_only: 25000
                                     seed: -1
                                     target_db_size: 100
                                     temperature: 1.0
                                     top_k: -1
                                     type: transformer
                                     weight_decay: 0.01
                                     world_size: 1
INFO - 12/07/25 19:40:08 - 0:00:00 - The experiment will be stored in /home/yuebi/Project/dim20_run/dim20_run_3/1111
                                     
INFO - 12/07/25 19:40:08 - 0:00:00 - Running command: python fc_loop.py --exp_name=dim20_run_3 --dump_path=/home/yuebi/Project/dim20_run --num_initial_empty_objects=800 --final_database_size=100 --target_db_size=100 --nb_local_searches=800 --max_epochs=20 --type=transformer --max-output-length=350 --sample-only=25000 --max-steps=1500 --n_tokens=15 --n-layer=8 --n-embd=128 --n-embd2=128 --exp_id=1111

WARNING - 12/07/25 19:40:08 - 0:00:00 - Signal handler installed.
INFO - 12/07/25 19:40:08 - 0:00:00 - seed: 302442112
INFO - 12/07/25 19:40:08 - 0:00:00 - initializing at generation: 15
INFO - 12/07/25 19:40:08 - 0:00:00 - number of examples in the dataset: 100
INFO - 12/07/25 19:40:08 - 0:00:00 - max word length: 165
INFO - 12/07/25 19:40:08 - 0:00:00 - number of unique characters in the vocabulary: 15
INFO - 12/07/25 19:40:08 - 0:00:00 - vocabulary:
INFO - 12/07/25 19:40:08 - 0:00:00 - ['V0', 'V1', 'V2', 'V3', 'V4', 'V5', 'V6', 'V7', 'V8', 'V9', 'V10', 'V11', 'V12', 'V13', 'V14']
INFO - 12/07/25 19:40:08 - 0:00:00 - split up the dataset into 90 training examples and 10 test examples
INFO - 12/07/25 19:40:08 - 0:00:00 - dataset determined that: vocab_size=16, block_size=351
INFO - 12/07/25 19:40:08 - 0:00:00 - model #params: 1635456
INFO - 12/07/25 19:40:08 - 0:00:00 - resuming from existing model
INFO - 12/07/25 19:40:08 - 0:00:00 - ============ Start of generation 15 ============
INFO - 12/07/25 19:40:08 - 0:00:00 - Memory allocated:  10.00MB, reserved: 22.00MB
INFO - 12/07/25 19:40:08 - 0:00:00 - training
INFO - 12/07/25 19:40:13 - 0:00:05 - step 0 | loss 0.0619 | step time 625.23ms
INFO - 12/07/25 19:40:42 - 0:00:34 - step 100 | loss 0.0282 | step time 286.91ms
INFO - 12/07/25 19:41:11 - 0:01:03 - step 200 | loss 0.0291 | step time 287.06ms
INFO - 12/07/25 19:41:39 - 0:01:31 - step 300 | loss 0.0282 | step time 287.37ms
INFO - 12/07/25 19:42:08 - 0:02:00 - step 400 | loss 0.0292 | step time 287.75ms
INFO - 12/07/25 19:42:37 - 0:02:29 - step 500 | loss 0.0285 | step time 288.08ms
INFO - 12/07/25 19:42:37 - 0:02:29 - step 500 train loss: 0.02859102189540863 test loss: 0.0660191997885704
INFO - 12/07/25 19:42:37 - 0:02:29 - test loss 0.0660191997885704 is the best so far, saving model to /home/yuebi/Project/dim20_run/dim20_run_3/1111/model.pt
INFO - 12/07/25 19:43:06 - 0:02:58 - step 600 | loss 0.0289 | step time 288.07ms
INFO - 12/07/25 19:43:35 - 0:03:27 - step 700 | loss 0.0279 | step time 287.73ms
INFO - 12/07/25 19:44:04 - 0:03:56 - step 800 | loss 0.0280 | step time 288.01ms
INFO - 12/07/25 19:44:32 - 0:04:24 - step 900 | loss 0.0277 | step time 287.18ms
INFO - 12/07/25 19:45:01 - 0:04:53 - step 1000 | loss 0.0281 | step time 287.77ms
INFO - 12/07/25 19:45:01 - 0:04:53 - step 1000 train loss: 0.028335003182291985 test loss: 0.11163626611232758
INFO - 12/07/25 19:45:30 - 0:05:22 - step 1100 | loss 0.0281 | step time 287.18ms
INFO - 12/07/25 19:45:59 - 0:05:51 - step 1200 | loss 0.0284 | step time 286.57ms
INFO - 12/07/25 19:46:27 - 0:06:19 - step 1300 | loss 0.0307 | step time 286.71ms
INFO - 12/07/25 19:46:56 - 0:06:48 - step 1400 | loss 0.0282 | step time 287.25ms
INFO - 12/07/25 19:47:25 - 0:07:16 - Memory allocated:  45.82MB, reserved: 3306.00MB
INFO - 12/07/25 19:47:25 - 0:07:16 - generating
INFO - 12/07/25 22:42:17 - 3:02:09 - distribution of sample lengths: average: 503.70948 max: 520
INFO - 12/07/25 22:42:17 - 3:02:09 - printed 25000 samples
INFO - 12/07/25 22:42:17 - 3:02:09 - decoding
INFO - 12/07/25 22:42:18 - 3:02:10 - Decoding complete. Check the output in /home/yuebi/Project/dim20_run/dim20_run_3/1111/transformer-output-decoded.txt
INFO - 12/07/25 22:42:18 - 3:02:10 - Memory allocated:  45.82MB, reserved: 10106.00MB
INFO - 12/07/25 22:42:18 - 3:02:10 - ============ End of generation 15 ============
INFO - 12/07/25 22:42:18 - 3:02:10 - launching search.jl
INFO - 12/07/25 22:42:18 - 3:02:10 - JULIA_NUM_THREADS is set to 1
INFO - 12/07/25 22:49:22 - 3:09:14 - distribution of scores(all rounds)
INFO - 12/07/25 22:49:22 - 3:09:14 - Score:56640624.0, Count:30
                                     
INFO - 12/07/25 22:49:22 - 3:09:14 - Score:51562500.0, Count:15
                                     
INFO - 12/07/25 22:49:22 - 3:09:14 - Score:50390624.0, Count:2
                                     
INFO - 12/07/25 22:49:22 - 3:09:14 - Score:42780624.0, Count:11
                                     
INFO - 12/07/25 22:49:22 - 3:09:14 - Score:42468750.0, Count:4
                                     
INFO - 12/07/25 22:49:22 - 3:09:14 - Score:41750000.0, Count:15
                                     
INFO - 12/07/25 22:49:22 - 3:09:14 - Score:41334576.0, Count:14
                                     
INFO - 12/07/25 22:49:22 - 3:09:14 - Score:39718750.0, Count:9
                                     
INFO - 12/07/25 22:49:22 - 3:09:14 - tokenizing
INFO - 12/07/25 22:49:22 - 3:09:14 - Loading tokenizer from /home/yuebi/Project/dim20_run/dim20_run_3/1111/tokenizer_data/tokenizer.json...
INFO - 12/07/25 22:49:22 - 3:09:14 - 0 / 100
INFO - 12/07/25 22:49:22 - 3:09:14 - number of examples in the dataset: 100
INFO - 12/07/25 22:49:22 - 3:09:14 - max word length: 165
INFO - 12/07/25 22:49:22 - 3:09:14 - number of unique characters in the vocabulary: 15
INFO - 12/07/25 22:49:22 - 3:09:14 - vocabulary:
INFO - 12/07/25 22:49:22 - 3:09:14 - ['V0', 'V1', 'V2', 'V3', 'V4', 'V5', 'V6', 'V7', 'V8', 'V9', 'V10', 'V11', 'V12', 'V13', 'V14']
INFO - 12/07/25 22:49:22 - 3:09:14 - split up the dataset into 90 training examples and 10 test examples
INFO - 12/07/25 22:49:22 - 3:09:14 - ============ Start of generation 16 ============
INFO - 12/07/25 22:49:22 - 3:09:14 - Memory allocated:  45.82MB, reserved: 10106.00MB
INFO - 12/07/25 22:49:22 - 3:09:14 - training
INFO - 12/07/25 22:49:23 - 3:09:15 - step 0 | loss 0.0476 | step time 294.46ms
INFO - 12/07/25 22:49:52 - 3:09:44 - step 100 | loss 0.0283 | step time 287.22ms
INFO - 12/07/25 22:50:20 - 3:10:12 - step 200 | loss 0.0283 | step time 287.05ms
INFO - 12/07/25 22:50:49 - 3:10:41 - step 300 | loss 0.0287 | step time 286.84ms
INFO - 12/07/25 22:51:18 - 3:11:10 - step 400 | loss 0.0282 | step time 287.29ms
INFO - 12/07/25 22:51:46 - 3:11:38 - step 500 | loss 0.0296 | step time 287.23ms
INFO - 12/07/25 22:51:47 - 3:11:39 - step 500 train loss: 0.028455665335059166 test loss: 0.07333291321992874
INFO - 12/07/25 22:51:47 - 3:11:39 - test loss 0.07333291321992874 is the best so far, saving model to /home/yuebi/Project/dim20_run/dim20_run_3/1111/model.pt
INFO - 12/07/25 22:52:16 - 3:12:07 - step 600 | loss 0.0452 | step time 286.75ms
INFO - 12/07/25 22:52:44 - 3:12:36 - step 700 | loss 0.0283 | step time 287.13ms
INFO - 12/07/25 22:53:13 - 3:13:05 - step 800 | loss 0.0282 | step time 286.75ms
INFO - 12/07/25 22:53:42 - 3:13:34 - step 900 | loss 0.0276 | step time 286.73ms
INFO - 12/07/25 22:54:10 - 3:14:02 - step 1000 | loss 0.0288 | step time 287.03ms
INFO - 12/07/25 22:54:11 - 3:14:03 - step 1000 train loss: 0.02854081057012081 test loss: 0.12126018106937408
INFO - 12/07/25 22:54:39 - 3:14:31 - step 1100 | loss 0.0286 | step time 286.72ms
INFO - 12/07/25 22:55:08 - 3:15:00 - step 1200 | loss 0.0288 | step time 287.24ms
INFO - 12/07/25 22:55:14 - 0:00:00 - ============ Initialized logger ============
INFO - 12/07/25 22:55:14 - 0:00:00 - batch_size: 32
                                     command: python fc_loop.py --exp_name=dim20_run_3 --dump_path=/home/yuebi/Project/dim20_run --num_initial_empty_objects=800 --final_database_size=100 --target_db_size=100 --nb_local_searches=800 --max_epochs=20 --type=transformer --max-output-length=350 --sample-only=25000 --max-steps=1500 --n_tokens=15 --n-layer=8 --n-embd=128 --n-embd2=128 --exp_id=1111 --exp_id "1111"
                                     cpu: False
                                     debug: False
                                     debug_slurm: False
                                     dump_path: /home/yuebi/Project/dim20_run/dim20_run_3/1111
                                     exp_id: 1111
                                     exp_name: dim20_run_3
                                     final_database_size: 100
                                     gen_batch_size: 1000
                                     global_rank: 0
                                     is_master: True
                                     is_slurm_job: True
                                     learning_rate: 0.0005
                                     local_rank: 0
                                     master_addr: gpu-6
                                     master_port: -1
                                     max_epochs: 20
                                     max_output_length: 350
                                     max_steps: 1500
                                     multi_gpu: False
                                     multi_node: False
                                     n_embd: 128
                                     n_embd2: 128
                                     n_gpu_per_node: 1
                                     n_head: 8
                                     n_layer: 8
                                     n_nodes: 1
                                     n_tokens: 15
                                     nb_local_searches: 800
                                     nb_threads: 1
                                     node_id: 0
                                     num_initial_empty_objects: 800
                                     num_workers: 8
                                     sample_only: 25000
                                     seed: -1
                                     target_db_size: 100
                                     temperature: 1.0
                                     top_k: -1
                                     type: transformer
                                     weight_decay: 0.01
                                     world_size: 1
INFO - 12/07/25 22:55:14 - 0:00:00 - The experiment will be stored in /home/yuebi/Project/dim20_run/dim20_run_3/1111
                                     
INFO - 12/07/25 22:55:14 - 0:00:00 - Running command: python fc_loop.py --exp_name=dim20_run_3 --dump_path=/home/yuebi/Project/dim20_run --num_initial_empty_objects=800 --final_database_size=100 --target_db_size=100 --nb_local_searches=800 --max_epochs=20 --type=transformer --max-output-length=350 --sample-only=25000 --max-steps=1500 --n_tokens=15 --n-layer=8 --n-embd=128 --n-embd2=128 --exp_id=1111

WARNING - 12/07/25 22:55:14 - 0:00:00 - Signal handler installed.
INFO - 12/07/25 22:55:14 - 0:00:00 - seed: 730712992
INFO - 12/07/25 22:55:14 - 0:00:00 - initializing at generation: 16
INFO - 12/07/25 22:55:14 - 0:00:00 - number of examples in the dataset: 100
INFO - 12/07/25 22:55:14 - 0:00:00 - max word length: 165
INFO - 12/07/25 22:55:14 - 0:00:00 - number of unique characters in the vocabulary: 15
INFO - 12/07/25 22:55:14 - 0:00:00 - vocabulary:
INFO - 12/07/25 22:55:14 - 0:00:00 - ['V0', 'V1', 'V2', 'V3', 'V4', 'V5', 'V6', 'V7', 'V8', 'V9', 'V10', 'V11', 'V12', 'V13', 'V14']
INFO - 12/07/25 22:55:14 - 0:00:00 - split up the dataset into 90 training examples and 10 test examples
INFO - 12/07/25 22:55:14 - 0:00:00 - dataset determined that: vocab_size=16, block_size=351
INFO - 12/07/25 22:55:14 - 0:00:00 - model #params: 1635456
INFO - 12/07/25 22:55:14 - 0:00:00 - resuming from existing model
INFO - 12/07/25 22:55:14 - 0:00:00 - ============ Start of generation 16 ============
INFO - 12/07/25 22:55:14 - 0:00:00 - Memory allocated:  10.00MB, reserved: 22.00MB
INFO - 12/07/25 22:55:14 - 0:00:00 - training
INFO - 12/07/25 22:55:19 - 0:00:05 - step 0 | loss 0.0314 | step time 622.12ms
INFO - 12/07/25 22:55:48 - 0:00:34 - step 100 | loss 0.0283 | step time 287.19ms
INFO - 12/07/25 22:56:17 - 0:01:03 - step 200 | loss 0.0280 | step time 287.09ms
INFO - 12/07/25 22:56:45 - 0:01:31 - step 300 | loss 0.0285 | step time 287.06ms
INFO - 12/07/25 22:57:14 - 0:02:00 - step 400 | loss 0.0285 | step time 287.19ms
INFO - 12/07/25 22:57:43 - 0:02:29 - step 500 | loss 0.0286 | step time 287.17ms
INFO - 12/07/25 22:57:43 - 0:02:29 - step 500 train loss: 0.028416944667696953 test loss: 0.06919123977422714
INFO - 12/07/25 22:57:43 - 0:02:29 - test loss 0.06919123977422714 is the best so far, saving model to /home/yuebi/Project/dim20_run/dim20_run_3/1111/model.pt
INFO - 12/07/25 22:58:12 - 0:02:58 - step 600 | loss 0.0331 | step time 287.23ms
INFO - 12/07/25 22:58:40 - 0:03:26 - step 700 | loss 0.0282 | step time 287.04ms
INFO - 12/07/25 22:59:09 - 0:03:55 - step 800 | loss 0.0282 | step time 287.08ms
INFO - 12/07/25 22:59:38 - 0:04:24 - step 900 | loss 0.0283 | step time 287.33ms
INFO - 12/07/25 23:00:07 - 0:04:53 - step 1000 | loss 0.0289 | step time 287.37ms
INFO - 12/07/25 23:00:07 - 0:04:53 - step 1000 train loss: 0.028390968218445778 test loss: 0.11829369515180588
INFO - 12/07/25 23:00:36 - 0:05:22 - step 1100 | loss 0.0287 | step time 286.84ms
INFO - 12/07/25 23:01:04 - 0:05:50 - step 1200 | loss 0.0282 | step time 287.13ms
INFO - 12/07/25 23:01:33 - 0:06:19 - step 1300 | loss 0.0328 | step time 287.00ms
INFO - 12/07/25 23:02:02 - 0:06:48 - step 1400 | loss 0.0281 | step time 287.50ms
INFO - 12/07/25 23:02:30 - 0:07:16 - Memory allocated:  45.82MB, reserved: 3306.00MB
INFO - 12/07/25 23:02:30 - 0:07:16 - generating
INFO - 12/08/25 01:57:20 - 3:02:06 - distribution of sample lengths: average: 503.16144 max: 518
INFO - 12/08/25 01:57:20 - 3:02:06 - printed 25000 samples
INFO - 12/08/25 01:57:20 - 3:02:06 - decoding
INFO - 12/08/25 01:57:21 - 3:02:07 - Decoding complete. Check the output in /home/yuebi/Project/dim20_run/dim20_run_3/1111/transformer-output-decoded.txt
INFO - 12/08/25 01:57:21 - 3:02:07 - Memory allocated:  45.82MB, reserved: 10106.00MB
INFO - 12/08/25 01:57:21 - 3:02:07 - ============ End of generation 16 ============
INFO - 12/08/25 01:57:21 - 3:02:07 - launching search.jl
INFO - 12/08/25 01:57:21 - 3:02:07 - JULIA_NUM_THREADS is set to 1
INFO - 12/08/25 02:04:24 - 3:09:10 - distribution of scores(all rounds)
INFO - 12/08/25 02:04:24 - 3:09:10 - Score:56640624.0, Count:32
                                     
INFO - 12/08/25 02:04:24 - 3:09:10 - Score:51562500.0, Count:16
                                     
INFO - 12/08/25 02:04:24 - 3:09:10 - Score:50390624.0, Count:3
                                     
INFO - 12/08/25 02:04:24 - 3:09:10 - Score:42780624.0, Count:12
                                     
INFO - 12/08/25 02:04:24 - 3:09:10 - Score:42468750.0, Count:5
                                     
INFO - 12/08/25 02:04:24 - 3:09:10 - Score:41750000.0, Count:16
                                     
INFO - 12/08/25 02:04:24 - 3:09:10 - Score:41334576.0, Count:15
                                     
INFO - 12/08/25 02:04:24 - 3:09:10 - Score:39718750.0, Count:1
                                     
INFO - 12/08/25 02:04:24 - 3:09:10 - tokenizing
INFO - 12/08/25 02:04:24 - 3:09:10 - Loading tokenizer from /home/yuebi/Project/dim20_run/dim20_run_3/1111/tokenizer_data/tokenizer.json...
INFO - 12/08/25 02:04:24 - 3:09:10 - 0 / 100
INFO - 12/08/25 02:04:24 - 3:09:10 - number of examples in the dataset: 100
INFO - 12/08/25 02:04:24 - 3:09:10 - max word length: 165
INFO - 12/08/25 02:04:24 - 3:09:10 - number of unique characters in the vocabulary: 15
INFO - 12/08/25 02:04:24 - 3:09:10 - vocabulary:
INFO - 12/08/25 02:04:24 - 3:09:10 - ['V0', 'V1', 'V2', 'V3', 'V4', 'V5', 'V6', 'V7', 'V8', 'V9', 'V10', 'V11', 'V12', 'V13', 'V14']
INFO - 12/08/25 02:04:24 - 3:09:10 - split up the dataset into 90 training examples and 10 test examples
INFO - 12/08/25 02:04:24 - 3:09:10 - ============ Start of generation 17 ============
INFO - 12/08/25 02:04:24 - 3:09:10 - Memory allocated:  45.82MB, reserved: 10106.00MB
INFO - 12/08/25 02:04:24 - 3:09:10 - training
INFO - 12/08/25 02:04:25 - 3:09:11 - step 0 | loss 0.1972 | step time 294.45ms
INFO - 12/08/25 02:04:53 - 3:09:39 - step 100 | loss 0.0290 | step time 286.95ms
INFO - 12/08/25 02:05:22 - 3:10:08 - step 200 | loss 0.0288 | step time 286.92ms
INFO - 12/08/25 02:05:51 - 3:10:37 - step 300 | loss 0.0279 | step time 286.89ms
INFO - 12/08/25 02:06:19 - 3:11:06 - step 400 | loss 0.0283 | step time 286.73ms
INFO - 12/08/25 02:06:48 - 3:11:34 - step 500 | loss 0.0276 | step time 287.12ms
INFO - 12/08/25 02:06:49 - 3:11:35 - step 500 train loss: 0.028416553512215614 test loss: 0.2501135468482971
INFO - 12/08/25 02:06:49 - 3:11:35 - test loss 0.2501135468482971 is the best so far, saving model to /home/yuebi/Project/dim20_run/dim20_run_3/1111/model.pt
INFO - 12/08/25 02:07:17 - 3:12:03 - step 600 | loss 0.0282 | step time 287.12ms
INFO - 12/08/25 02:07:46 - 3:12:32 - step 700 | loss 0.0283 | step time 287.27ms
INFO - 12/08/25 02:08:15 - 3:13:01 - step 800 | loss 0.0437 | step time 287.28ms
INFO - 12/08/25 02:08:43 - 3:13:29 - step 900 | loss 0.0283 | step time 286.95ms
INFO - 12/08/25 02:09:12 - 3:13:58 - step 1000 | loss 0.0286 | step time 287.23ms
INFO - 12/08/25 02:09:12 - 3:13:59 - step 1000 train loss: 0.028316080570220947 test loss: 0.2842573821544647
INFO - 12/08/25 02:09:41 - 3:14:27 - step 1100 | loss 0.0286 | step time 286.97ms
INFO - 12/08/25 02:10:10 - 3:14:56 - step 1200 | loss 0.0285 | step time 286.93ms
INFO - 12/08/25 02:10:20 - 0:00:00 - ============ Initialized logger ============
INFO - 12/08/25 02:10:20 - 0:00:00 - batch_size: 32
                                     command: python fc_loop.py --exp_name=dim20_run_3 --dump_path=/home/yuebi/Project/dim20_run --num_initial_empty_objects=800 --final_database_size=100 --target_db_size=100 --nb_local_searches=800 --max_epochs=20 --type=transformer --max-output-length=350 --sample-only=25000 --max-steps=1500 --n_tokens=15 --n-layer=8 --n-embd=128 --n-embd2=128 --exp_id=1111 --exp_id "1111"
                                     cpu: False
                                     debug: False
                                     debug_slurm: False
                                     dump_path: /home/yuebi/Project/dim20_run/dim20_run_3/1111
                                     exp_id: 1111
                                     exp_name: dim20_run_3
                                     final_database_size: 100
                                     gen_batch_size: 1000
                                     global_rank: 0
                                     is_master: True
                                     is_slurm_job: True
                                     learning_rate: 0.0005
                                     local_rank: 0
                                     master_addr: gpu-6
                                     master_port: -1
                                     max_epochs: 20
                                     max_output_length: 350
                                     max_steps: 1500
                                     multi_gpu: False
                                     multi_node: False
                                     n_embd: 128
                                     n_embd2: 128
                                     n_gpu_per_node: 1
                                     n_head: 8
                                     n_layer: 8
                                     n_nodes: 1
                                     n_tokens: 15
                                     nb_local_searches: 800
                                     nb_threads: 1
                                     node_id: 0
                                     num_initial_empty_objects: 800
                                     num_workers: 8
                                     sample_only: 25000
                                     seed: -1
                                     target_db_size: 100
                                     temperature: 1.0
                                     top_k: -1
                                     type: transformer
                                     weight_decay: 0.01
                                     world_size: 1
INFO - 12/08/25 02:10:20 - 0:00:00 - The experiment will be stored in /home/yuebi/Project/dim20_run/dim20_run_3/1111
                                     
INFO - 12/08/25 02:10:20 - 0:00:00 - Running command: python fc_loop.py --exp_name=dim20_run_3 --dump_path=/home/yuebi/Project/dim20_run --num_initial_empty_objects=800 --final_database_size=100 --target_db_size=100 --nb_local_searches=800 --max_epochs=20 --type=transformer --max-output-length=350 --sample-only=25000 --max-steps=1500 --n_tokens=15 --n-layer=8 --n-embd=128 --n-embd2=128 --exp_id=1111

WARNING - 12/08/25 02:10:20 - 0:00:00 - Signal handler installed.
INFO - 12/08/25 02:10:20 - 0:00:00 - seed: 446325093
INFO - 12/08/25 02:10:20 - 0:00:00 - initializing at generation: 17
INFO - 12/08/25 02:10:20 - 0:00:00 - number of examples in the dataset: 100
INFO - 12/08/25 02:10:20 - 0:00:00 - max word length: 165
INFO - 12/08/25 02:10:20 - 0:00:00 - number of unique characters in the vocabulary: 15
INFO - 12/08/25 02:10:20 - 0:00:00 - vocabulary:
INFO - 12/08/25 02:10:20 - 0:00:00 - ['V0', 'V1', 'V2', 'V3', 'V4', 'V5', 'V6', 'V7', 'V8', 'V9', 'V10', 'V11', 'V12', 'V13', 'V14']
INFO - 12/08/25 02:10:20 - 0:00:00 - split up the dataset into 90 training examples and 10 test examples
INFO - 12/08/25 02:10:20 - 0:00:00 - dataset determined that: vocab_size=16, block_size=351
INFO - 12/08/25 02:10:20 - 0:00:00 - model #params: 1635456
INFO - 12/08/25 02:10:20 - 0:00:00 - resuming from existing model
INFO - 12/08/25 02:10:20 - 0:00:00 - ============ Start of generation 17 ============
INFO - 12/08/25 02:10:20 - 0:00:00 - Memory allocated:  10.00MB, reserved: 22.00MB
INFO - 12/08/25 02:10:20 - 0:00:00 - training
INFO - 12/08/25 02:10:25 - 0:00:05 - step 0 | loss 0.0367 | step time 621.88ms
INFO - 12/08/25 02:10:54 - 0:00:34 - step 100 | loss 0.0297 | step time 286.92ms
INFO - 12/08/25 02:11:22 - 0:01:02 - step 200 | loss 0.0282 | step time 286.91ms
INFO - 12/08/25 02:11:51 - 0:01:31 - step 300 | loss 0.0282 | step time 286.66ms
INFO - 12/08/25 02:12:20 - 0:02:00 - step 400 | loss 0.0287 | step time 287.07ms
INFO - 12/08/25 02:12:48 - 0:02:28 - step 500 | loss 0.0373 | step time 287.14ms
INFO - 12/08/25 02:12:49 - 0:02:29 - step 500 train loss: 0.04067769646644592 test loss: 0.11566761881113052
INFO - 12/08/25 02:12:49 - 0:02:29 - test loss 0.11566761881113052 is the best so far, saving model to /home/yuebi/Project/dim20_run/dim20_run_3/1111/model.pt
INFO - 12/08/25 02:13:17 - 0:02:57 - step 600 | loss 0.0292 | step time 286.50ms
INFO - 12/08/25 02:13:46 - 0:03:26 - step 700 | loss 0.0288 | step time 286.86ms
INFO - 12/08/25 02:14:15 - 0:03:55 - step 800 | loss 0.0290 | step time 286.61ms
INFO - 12/08/25 02:14:43 - 0:04:23 - step 900 | loss 0.0290 | step time 287.14ms
INFO - 12/08/25 02:15:12 - 0:04:52 - step 1000 | loss 0.0287 | step time 286.71ms
INFO - 12/08/25 02:15:12 - 0:04:52 - step 1000 train loss: 0.02853189967572689 test loss: 0.13865670561790466
INFO - 12/08/25 02:15:41 - 0:05:21 - step 1100 | loss 0.0278 | step time 287.36ms
INFO - 12/08/25 02:16:10 - 0:05:50 - step 1200 | loss 0.0286 | step time 286.85ms
INFO - 12/08/25 02:16:38 - 0:06:18 - step 1300 | loss 0.0430 | step time 287.22ms
INFO - 12/08/25 02:17:07 - 0:06:47 - step 1400 | loss 0.0283 | step time 287.05ms
INFO - 12/08/25 02:17:36 - 0:07:16 - Memory allocated:  45.82MB, reserved: 3306.00MB
INFO - 12/08/25 02:17:36 - 0:07:16 - generating
INFO - 12/08/25 05:12:24 - 3:02:04 - distribution of sample lengths: average: 503.20372 max: 522
INFO - 12/08/25 05:12:24 - 3:02:04 - printed 25000 samples
INFO - 12/08/25 05:12:24 - 3:02:04 - decoding
INFO - 12/08/25 05:12:25 - 3:02:05 - Decoding complete. Check the output in /home/yuebi/Project/dim20_run/dim20_run_3/1111/transformer-output-decoded.txt
INFO - 12/08/25 05:12:25 - 3:02:05 - Memory allocated:  45.82MB, reserved: 10106.00MB
INFO - 12/08/25 05:12:25 - 3:02:05 - ============ End of generation 17 ============
INFO - 12/08/25 05:12:25 - 3:02:05 - launching search.jl
INFO - 12/08/25 05:12:25 - 3:02:05 - JULIA_NUM_THREADS is set to 1
INFO - 12/08/25 05:19:28 - 3:09:08 - distribution of scores(all rounds)
INFO - 12/08/25 05:19:28 - 3:09:08 - Score:56640624.0, Count:34
                                     
INFO - 12/08/25 05:19:28 - 3:09:08 - Score:51562500.0, Count:17
                                     
INFO - 12/08/25 05:19:28 - 3:09:08 - Score:50390624.0, Count:4
                                     
INFO - 12/08/25 05:19:28 - 3:09:08 - Score:42780624.0, Count:13
                                     
INFO - 12/08/25 05:19:28 - 3:09:08 - Score:42468750.0, Count:6
                                     
INFO - 12/08/25 05:19:28 - 3:09:08 - Score:41750000.0, Count:17
                                     
INFO - 12/08/25 05:19:28 - 3:09:08 - Score:41550624.0, Count:1
                                     
INFO - 12/08/25 05:19:28 - 3:09:08 - Score:41334576.0, Count:8
                                     
INFO - 12/08/25 05:19:28 - 3:09:08 - tokenizing
INFO - 12/08/25 05:19:28 - 3:09:08 - Loading tokenizer from /home/yuebi/Project/dim20_run/dim20_run_3/1111/tokenizer_data/tokenizer.json...
INFO - 12/08/25 05:19:28 - 3:09:08 - 0 / 100
INFO - 12/08/25 05:19:28 - 3:09:08 - number of examples in the dataset: 100
INFO - 12/08/25 05:19:28 - 3:09:08 - max word length: 164
INFO - 12/08/25 05:19:28 - 3:09:08 - number of unique characters in the vocabulary: 15
INFO - 12/08/25 05:19:28 - 3:09:08 - vocabulary:
INFO - 12/08/25 05:19:28 - 3:09:08 - ['V0', 'V1', 'V2', 'V3', 'V4', 'V5', 'V6', 'V7', 'V8', 'V9', 'V10', 'V11', 'V12', 'V13', 'V14']
INFO - 12/08/25 05:19:28 - 3:09:08 - split up the dataset into 90 training examples and 10 test examples
INFO - 12/08/25 05:19:28 - 3:09:08 - ============ Start of generation 18 ============
INFO - 12/08/25 05:19:28 - 3:09:08 - Memory allocated:  45.82MB, reserved: 10106.00MB
INFO - 12/08/25 05:19:28 - 3:09:08 - training
INFO - 12/08/25 05:19:29 - 3:09:09 - step 0 | loss 0.2247 | step time 294.17ms
INFO - 12/08/25 05:19:57 - 3:09:37 - step 100 | loss 0.0290 | step time 287.19ms
INFO - 12/08/25 05:20:26 - 3:10:06 - step 200 | loss 0.0287 | step time 286.76ms
INFO - 12/08/25 05:20:55 - 3:10:35 - step 300 | loss 0.0286 | step time 287.21ms
INFO - 12/08/25 05:21:23 - 3:11:03 - step 400 | loss 0.0281 | step time 287.15ms
INFO - 12/08/25 05:21:52 - 3:11:32 - step 500 | loss 0.0283 | step time 287.35ms
INFO - 12/08/25 05:21:52 - 3:11:32 - step 500 train loss: 0.02850412204861641 test loss: 0.0776701271533966
INFO - 12/08/25 05:21:52 - 3:11:32 - test loss 0.0776701271533966 is the best so far, saving model to /home/yuebi/Project/dim20_run/dim20_run_3/1111/model.pt
INFO - 12/08/25 05:22:21 - 3:12:01 - step 600 | loss 0.0290 | step time 286.98ms
INFO - 12/08/25 05:22:50 - 3:12:30 - step 700 | loss 0.0341 | step time 286.94ms
INFO - 12/08/25 05:23:19 - 3:12:59 - step 800 | loss 0.0278 | step time 287.55ms
INFO - 12/08/25 05:23:47 - 3:13:27 - step 900 | loss 0.0282 | step time 287.45ms
INFO - 12/08/25 05:24:16 - 3:13:56 - step 1000 | loss 0.0281 | step time 287.25ms
INFO - 12/08/25 05:24:16 - 3:13:56 - step 1000 train loss: 0.02838803641498089 test loss: 0.16302070021629333
INFO - 12/08/25 05:24:45 - 3:14:25 - step 1100 | loss 0.0277 | step time 287.30ms
INFO - 12/08/25 05:25:14 - 3:14:54 - step 1200 | loss 0.0282 | step time 287.41ms
INFO - 12/08/25 05:25:25 - 0:00:00 - ============ Initialized logger ============
INFO - 12/08/25 05:25:25 - 0:00:00 - batch_size: 32
                                     command: python fc_loop.py --exp_name=dim20_run_3 --dump_path=/home/yuebi/Project/dim20_run --num_initial_empty_objects=800 --final_database_size=100 --target_db_size=100 --nb_local_searches=800 --max_epochs=20 --type=transformer --max-output-length=350 --sample-only=25000 --max-steps=1500 --n_tokens=15 --n-layer=8 --n-embd=128 --n-embd2=128 --exp_id=1111 --exp_id "1111"
                                     cpu: False
                                     debug: False
                                     debug_slurm: False
                                     dump_path: /home/yuebi/Project/dim20_run/dim20_run_3/1111
                                     exp_id: 1111
                                     exp_name: dim20_run_3
                                     final_database_size: 100
                                     gen_batch_size: 1000
                                     global_rank: 0
                                     is_master: True
                                     is_slurm_job: True
                                     learning_rate: 0.0005
                                     local_rank: 0
                                     master_addr: gpu-6
                                     master_port: -1
                                     max_epochs: 20
                                     max_output_length: 350
                                     max_steps: 1500
                                     multi_gpu: False
                                     multi_node: False
                                     n_embd: 128
                                     n_embd2: 128
                                     n_gpu_per_node: 1
                                     n_head: 8
                                     n_layer: 8
                                     n_nodes: 1
                                     n_tokens: 15
                                     nb_local_searches: 800
                                     nb_threads: 1
                                     node_id: 0
                                     num_initial_empty_objects: 800
                                     num_workers: 8
                                     sample_only: 25000
                                     seed: -1
                                     target_db_size: 100
                                     temperature: 1.0
                                     top_k: -1
                                     type: transformer
                                     weight_decay: 0.01
                                     world_size: 1
INFO - 12/08/25 05:25:25 - 0:00:00 - The experiment will be stored in /home/yuebi/Project/dim20_run/dim20_run_3/1111
                                     
INFO - 12/08/25 05:25:25 - 0:00:00 - Running command: python fc_loop.py --exp_name=dim20_run_3 --dump_path=/home/yuebi/Project/dim20_run --num_initial_empty_objects=800 --final_database_size=100 --target_db_size=100 --nb_local_searches=800 --max_epochs=20 --type=transformer --max-output-length=350 --sample-only=25000 --max-steps=1500 --n_tokens=15 --n-layer=8 --n-embd=128 --n-embd2=128 --exp_id=1111

WARNING - 12/08/25 05:25:25 - 0:00:00 - Signal handler installed.
INFO - 12/08/25 05:25:25 - 0:00:00 - seed: 55012327
INFO - 12/08/25 05:25:25 - 0:00:00 - initializing at generation: 18
INFO - 12/08/25 05:25:25 - 0:00:00 - number of examples in the dataset: 100
INFO - 12/08/25 05:25:25 - 0:00:00 - max word length: 164
INFO - 12/08/25 05:25:25 - 0:00:00 - number of unique characters in the vocabulary: 15
INFO - 12/08/25 05:25:25 - 0:00:00 - vocabulary:
INFO - 12/08/25 05:25:25 - 0:00:00 - ['V0', 'V1', 'V2', 'V3', 'V4', 'V5', 'V6', 'V7', 'V8', 'V9', 'V10', 'V11', 'V12', 'V13', 'V14']
INFO - 12/08/25 05:25:25 - 0:00:00 - split up the dataset into 90 training examples and 10 test examples
INFO - 12/08/25 05:25:25 - 0:00:00 - dataset determined that: vocab_size=16, block_size=351
INFO - 12/08/25 05:25:25 - 0:00:00 - model #params: 1635456
INFO - 12/08/25 05:25:25 - 0:00:00 - resuming from existing model
INFO - 12/08/25 05:25:25 - 0:00:00 - ============ Start of generation 18 ============
INFO - 12/08/25 05:25:25 - 0:00:00 - Memory allocated:  10.00MB, reserved: 22.00MB
INFO - 12/08/25 05:25:25 - 0:00:00 - training
INFO - 12/08/25 05:25:30 - 0:00:05 - step 0 | loss 0.0322 | step time 616.79ms
INFO - 12/08/25 05:25:59 - 0:00:34 - step 100 | loss 0.0282 | step time 286.71ms
INFO - 12/08/25 05:26:27 - 0:01:02 - step 200 | loss 0.0279 | step time 286.39ms
INFO - 12/08/25 05:26:56 - 0:01:31 - step 300 | loss 0.0288 | step time 286.79ms
INFO - 12/08/25 05:27:25 - 0:02:00 - step 400 | loss 0.0308 | step time 286.54ms
INFO - 12/08/25 05:27:53 - 0:02:28 - step 500 | loss 0.0289 | step time 287.04ms
INFO - 12/08/25 05:27:54 - 0:02:29 - step 500 train loss: 0.028347086161375046 test loss: 0.13126946985721588
INFO - 12/08/25 05:27:54 - 0:02:29 - test loss 0.13126946985721588 is the best so far, saving model to /home/yuebi/Project/dim20_run/dim20_run_3/1111/model.pt
INFO - 12/08/25 05:28:22 - 0:02:57 - step 600 | loss 0.0281 | step time 286.88ms
INFO - 12/08/25 05:28:51 - 0:03:26 - step 700 | loss 0.0283 | step time 286.90ms
INFO - 12/08/25 05:29:20 - 0:03:55 - step 800 | loss 0.0289 | step time 286.82ms
INFO - 12/08/25 05:29:48 - 0:04:23 - step 900 | loss 0.0287 | step time 286.52ms
INFO - 12/08/25 05:30:17 - 0:04:52 - step 1000 | loss 0.0381 | step time 286.67ms
INFO - 12/08/25 05:30:17 - 0:04:52 - step 1000 train loss: 0.03632448613643646 test loss: 0.16916446387767792
INFO - 12/08/25 05:30:46 - 0:05:21 - step 1100 | loss 0.0287 | step time 286.95ms
INFO - 12/08/25 05:31:15 - 0:05:50 - step 1200 | loss 0.0284 | step time 287.30ms
INFO - 12/08/25 05:31:43 - 0:06:18 - step 1300 | loss 0.0279 | step time 286.75ms
INFO - 12/08/25 05:32:12 - 0:06:47 - step 1400 | loss 0.0278 | step time 286.97ms
INFO - 12/08/25 05:32:40 - 0:07:15 - Memory allocated:  45.82MB, reserved: 3306.00MB
INFO - 12/08/25 05:32:40 - 0:07:15 - generating
INFO - 12/08/25 08:27:29 - 3:02:04 - distribution of sample lengths: average: 503.5296 max: 520
INFO - 12/08/25 08:27:29 - 3:02:04 - printed 25000 samples
INFO - 12/08/25 08:27:29 - 3:02:04 - decoding
INFO - 12/08/25 08:27:30 - 3:02:05 - Decoding complete. Check the output in /home/yuebi/Project/dim20_run/dim20_run_3/1111/transformer-output-decoded.txt
INFO - 12/08/25 08:27:30 - 3:02:05 - Memory allocated:  45.82MB, reserved: 10106.00MB
INFO - 12/08/25 08:27:30 - 3:02:05 - ============ End of generation 18 ============
INFO - 12/08/25 08:27:30 - 3:02:05 - launching search.jl
INFO - 12/08/25 08:27:30 - 3:02:05 - JULIA_NUM_THREADS is set to 1
INFO - 12/08/25 08:34:40 - 3:09:15 - distribution of scores(all rounds)
INFO - 12/08/25 08:34:40 - 3:09:15 - Score:56640624.0, Count:36
                                     
INFO - 12/08/25 08:34:40 - 3:09:15 - Score:51562500.0, Count:18
                                     
INFO - 12/08/25 08:34:40 - 3:09:15 - Score:50390624.0, Count:5
                                     
INFO - 12/08/25 08:34:40 - 3:09:15 - Score:42780624.0, Count:14
                                     
INFO - 12/08/25 08:34:40 - 3:09:15 - Score:42468750.0, Count:7
                                     
INFO - 12/08/25 08:34:40 - 3:09:15 - Score:41750000.0, Count:18
                                     
INFO - 12/08/25 08:34:40 - 3:09:15 - Score:41550624.0, Count:2
                                     
INFO - 12/08/25 08:34:40 - 3:09:15 - Score:41334576.0, Count:0
                                     
INFO - 12/08/25 08:34:40 - 3:09:15 - tokenizing
INFO - 12/08/25 08:34:40 - 3:09:15 - Loading tokenizer from /home/yuebi/Project/dim20_run/dim20_run_3/1111/tokenizer_data/tokenizer.json...
INFO - 12/08/25 08:34:40 - 3:09:15 - 0 / 100
INFO - 12/08/25 08:34:40 - 3:09:15 - number of examples in the dataset: 100
INFO - 12/08/25 08:34:40 - 3:09:15 - max word length: 164
INFO - 12/08/25 08:34:40 - 3:09:15 - number of unique characters in the vocabulary: 15
INFO - 12/08/25 08:34:40 - 3:09:15 - vocabulary:
INFO - 12/08/25 08:34:40 - 3:09:15 - ['V0', 'V1', 'V2', 'V3', 'V4', 'V5', 'V6', 'V7', 'V8', 'V9', 'V10', 'V11', 'V12', 'V13', 'V14']
INFO - 12/08/25 08:34:40 - 3:09:15 - split up the dataset into 90 training examples and 10 test examples
INFO - 12/08/25 08:34:40 - 3:09:15 - ============ Start of generation 19 ============
INFO - 12/08/25 08:34:40 - 3:09:15 - Memory allocated:  45.82MB, reserved: 10106.00MB
INFO - 12/08/25 08:34:40 - 3:09:15 - training
INFO - 12/08/25 08:34:41 - 3:09:16 - step 0 | loss 0.1184 | step time 294.54ms
INFO - 12/08/25 08:35:09 - 3:09:44 - step 100 | loss 0.0288 | step time 286.76ms
INFO - 12/08/25 08:35:38 - 3:10:13 - step 200 | loss 0.0281 | step time 286.96ms
INFO - 12/08/25 08:36:07 - 3:10:42 - step 300 | loss 0.0286 | step time 287.08ms
INFO - 12/08/25 08:36:35 - 3:11:10 - step 400 | loss 0.0279 | step time 287.27ms
INFO - 12/08/25 08:37:04 - 3:11:39 - step 500 | loss 0.0284 | step time 286.92ms
INFO - 12/08/25 08:37:04 - 3:11:39 - step 500 train loss: 0.02865537814795971 test loss: 0.1216011643409729
INFO - 12/08/25 08:37:04 - 3:11:39 - test loss 0.1216011643409729 is the best so far, saving model to /home/yuebi/Project/dim20_run/dim20_run_3/1111/model.pt
INFO - 12/08/25 08:37:33 - 3:12:08 - step 600 | loss 0.0281 | step time 287.15ms
INFO - 12/08/25 08:38:02 - 3:12:37 - step 700 | loss 0.0284 | step time 287.37ms
INFO - 12/08/25 08:38:31 - 3:13:06 - step 800 | loss 0.0276 | step time 287.14ms
INFO - 12/08/25 08:38:59 - 3:13:34 - step 900 | loss 0.0289 | step time 287.07ms
INFO - 12/08/25 08:39:28 - 3:14:03 - step 1000 | loss 0.0280 | step time 287.13ms
INFO - 12/08/25 08:39:28 - 3:14:03 - step 1000 train loss: 0.028443042188882828 test loss: 0.11527098715305328
INFO - 12/08/25 08:39:28 - 3:14:03 - test loss 0.11527098715305328 is the best so far, saving model to /home/yuebi/Project/dim20_run/dim20_run_3/1111/model.pt
INFO - 12/08/25 08:39:57 - 3:14:32 - step 1100 | loss 0.0282 | step time 287.24ms
INFO - 12/08/25 08:40:26 - 3:15:01 - step 1200 | loss 0.0288 | step time 286.97ms
INFO - 12/08/25 08:40:32 - 0:00:00 - ============ Initialized logger ============
INFO - 12/08/25 08:40:32 - 0:00:00 - batch_size: 32
                                     command: python fc_loop.py --exp_name=dim20_run_3 --dump_path=/home/yuebi/Project/dim20_run --num_initial_empty_objects=800 --final_database_size=100 --target_db_size=100 --nb_local_searches=800 --max_epochs=20 --type=transformer --max-output-length=350 --sample-only=25000 --max-steps=1500 --n_tokens=15 --n-layer=8 --n-embd=128 --n-embd2=128 --exp_id=1111 --exp_id "1111"
                                     cpu: False
                                     debug: False
                                     debug_slurm: False
                                     dump_path: /home/yuebi/Project/dim20_run/dim20_run_3/1111
                                     exp_id: 1111
                                     exp_name: dim20_run_3
                                     final_database_size: 100
                                     gen_batch_size: 1000
                                     global_rank: 0
                                     is_master: True
                                     is_slurm_job: True
                                     learning_rate: 0.0005
                                     local_rank: 0
                                     master_addr: gpu-6
                                     master_port: -1
                                     max_epochs: 20
                                     max_output_length: 350
                                     max_steps: 1500
                                     multi_gpu: False
                                     multi_node: False
                                     n_embd: 128
                                     n_embd2: 128
                                     n_gpu_per_node: 1
                                     n_head: 8
                                     n_layer: 8
                                     n_nodes: 1
                                     n_tokens: 15
                                     nb_local_searches: 800
                                     nb_threads: 1
                                     node_id: 0
                                     num_initial_empty_objects: 800
                                     num_workers: 8
                                     sample_only: 25000
                                     seed: -1
                                     target_db_size: 100
                                     temperature: 1.0
                                     top_k: -1
                                     type: transformer
                                     weight_decay: 0.01
                                     world_size: 1
INFO - 12/08/25 08:40:32 - 0:00:00 - The experiment will be stored in /home/yuebi/Project/dim20_run/dim20_run_3/1111
                                     
INFO - 12/08/25 08:40:32 - 0:00:00 - Running command: python fc_loop.py --exp_name=dim20_run_3 --dump_path=/home/yuebi/Project/dim20_run --num_initial_empty_objects=800 --final_database_size=100 --target_db_size=100 --nb_local_searches=800 --max_epochs=20 --type=transformer --max-output-length=350 --sample-only=25000 --max-steps=1500 --n_tokens=15 --n-layer=8 --n-embd=128 --n-embd2=128 --exp_id=1111

WARNING - 12/08/25 08:40:32 - 0:00:00 - Signal handler installed.
INFO - 12/08/25 08:40:32 - 0:00:00 - seed: 6726883
INFO - 12/08/25 08:40:32 - 0:00:00 - initializing at generation: 19
INFO - 12/08/25 08:40:32 - 0:00:00 - number of examples in the dataset: 100
INFO - 12/08/25 08:40:32 - 0:00:00 - max word length: 164
INFO - 12/08/25 08:40:32 - 0:00:00 - number of unique characters in the vocabulary: 15
INFO - 12/08/25 08:40:32 - 0:00:00 - vocabulary:
INFO - 12/08/25 08:40:32 - 0:00:00 - ['V0', 'V1', 'V2', 'V3', 'V4', 'V5', 'V6', 'V7', 'V8', 'V9', 'V10', 'V11', 'V12', 'V13', 'V14']
INFO - 12/08/25 08:40:32 - 0:00:00 - split up the dataset into 90 training examples and 10 test examples
INFO - 12/08/25 08:40:32 - 0:00:00 - dataset determined that: vocab_size=16, block_size=351
INFO - 12/08/25 08:40:32 - 0:00:00 - model #params: 1635456
INFO - 12/08/25 08:40:32 - 0:00:00 - resuming from existing model
INFO - 12/08/25 08:40:32 - 0:00:00 - ============ Start of generation 19 ============
INFO - 12/08/25 08:40:32 - 0:00:00 - Memory allocated:  10.00MB, reserved: 22.00MB
INFO - 12/08/25 08:40:32 - 0:00:00 - training
INFO - 12/08/25 08:40:37 - 0:00:05 - step 0 | loss 0.0356 | step time 644.80ms
INFO - 12/08/25 08:41:06 - 0:00:34 - step 100 | loss 0.0287 | step time 286.98ms
INFO - 12/08/25 08:41:34 - 0:01:02 - step 200 | loss 0.0288 | step time 287.35ms
INFO - 12/08/25 08:42:03 - 0:01:31 - step 300 | loss 0.0288 | step time 286.68ms
INFO - 12/08/25 08:42:32 - 0:02:00 - step 400 | loss 0.0281 | step time 286.85ms
INFO - 12/08/25 08:43:00 - 0:02:28 - step 500 | loss 0.0323 | step time 287.29ms
INFO - 12/08/25 08:43:01 - 0:02:29 - step 500 train loss: 0.038581401109695435 test loss: 0.11811842024326324
INFO - 12/08/25 08:43:01 - 0:02:29 - test loss 0.11811842024326324 is the best so far, saving model to /home/yuebi/Project/dim20_run/dim20_run_3/1111/model.pt
INFO - 12/08/25 08:43:29 - 0:02:57 - step 600 | loss 0.0287 | step time 286.88ms
INFO - 12/08/25 08:43:58 - 0:03:26 - step 700 | loss 0.0284 | step time 287.18ms
INFO - 12/08/25 08:44:27 - 0:03:55 - step 800 | loss 0.0286 | step time 286.96ms
INFO - 12/08/25 08:44:56 - 0:04:24 - step 900 | loss 0.0281 | step time 287.01ms
INFO - 12/08/25 08:45:24 - 0:04:52 - step 1000 | loss 0.0282 | step time 287.10ms
INFO - 12/08/25 08:45:25 - 0:04:53 - step 1000 train loss: 0.028462568297982216 test loss: 0.17565511167049408
INFO - 12/08/25 08:45:53 - 0:05:21 - step 1100 | loss 0.0284 | step time 286.45ms
INFO - 12/08/25 08:46:22 - 0:05:50 - step 1200 | loss 0.0285 | step time 286.74ms
INFO - 12/08/25 08:46:51 - 0:06:19 - step 1300 | loss 0.0299 | step time 286.91ms
INFO - 12/08/25 08:47:19 - 0:06:47 - step 1400 | loss 0.0287 | step time 286.83ms
INFO - 12/08/25 08:47:48 - 0:07:16 - Memory allocated:  45.82MB, reserved: 3306.00MB
INFO - 12/08/25 08:47:48 - 0:07:16 - generating
INFO - 12/08/25 11:42:39 - 3:02:07 - distribution of sample lengths: average: 503.52 max: 525
INFO - 12/08/25 11:42:39 - 3:02:07 - printed 25000 samples
INFO - 12/08/25 11:42:39 - 3:02:07 - decoding
INFO - 12/08/25 11:42:40 - 3:02:08 - Decoding complete. Check the output in /home/yuebi/Project/dim20_run/dim20_run_3/1111/transformer-output-decoded.txt
INFO - 12/08/25 11:42:40 - 3:02:08 - Memory allocated:  45.82MB, reserved: 10106.00MB
INFO - 12/08/25 11:42:40 - 3:02:08 - ============ End of generation 19 ============
INFO - 12/08/25 11:42:40 - 3:02:08 - launching search.jl
INFO - 12/08/25 11:42:40 - 3:02:08 - JULIA_NUM_THREADS is set to 1
INFO - 12/08/25 11:49:49 - 3:09:17 - distribution of scores(all rounds)
INFO - 12/08/25 11:49:49 - 3:09:17 - Score:56640624.0, Count:38
                                     
INFO - 12/08/25 11:49:49 - 3:09:17 - Score:51562500.0, Count:19
                                     
INFO - 12/08/25 11:49:49 - 3:09:17 - Score:50390624.0, Count:6
                                     
INFO - 12/08/25 11:49:49 - 3:09:17 - Score:42780624.0, Count:15
                                     
INFO - 12/08/25 11:49:49 - 3:09:17 - Score:42468750.0, Count:8
                                     
INFO - 12/08/25 11:49:49 - 3:09:17 - Score:41750000.0, Count:14
                                     
INFO - 12/08/25 11:49:49 - 3:09:17 - tokenizing
INFO - 12/08/25 11:49:49 - 3:09:17 - Loading tokenizer from /home/yuebi/Project/dim20_run/dim20_run_3/1111/tokenizer_data/tokenizer.json...
INFO - 12/08/25 11:49:49 - 3:09:17 - 0 / 100
INFO - 12/08/25 11:49:49 - 3:09:17 - number of examples in the dataset: 100
INFO - 12/08/25 11:49:49 - 3:09:17 - max word length: 164
INFO - 12/08/25 11:49:49 - 3:09:17 - number of unique characters in the vocabulary: 15
INFO - 12/08/25 11:49:49 - 3:09:17 - vocabulary:
INFO - 12/08/25 11:49:49 - 3:09:17 - ['V0', 'V1', 'V2', 'V3', 'V4', 'V5', 'V6', 'V7', 'V8', 'V9', 'V10', 'V11', 'V12', 'V13', 'V14']
INFO - 12/08/25 11:49:49 - 3:09:17 - split up the dataset into 90 training examples and 10 test examples
INFO - 12/08/25 11:49:49 - 3:09:17 - ============ Start of generation 20 ============
INFO - 12/08/25 11:49:49 - 3:09:17 - Memory allocated:  45.82MB, reserved: 10106.00MB
INFO - 12/08/25 11:49:49 - 3:09:17 - training
INFO - 12/08/25 11:49:50 - 3:09:18 - step 0 | loss 0.3293 | step time 296.15ms
INFO - 12/08/25 11:50:19 - 3:09:47 - step 100 | loss 0.0288 | step time 287.36ms
INFO - 12/08/25 11:50:47 - 3:10:15 - step 200 | loss 0.0290 | step time 287.18ms
INFO - 12/08/25 11:51:16 - 3:10:44 - step 300 | loss 0.0283 | step time 287.16ms
INFO - 12/08/25 11:51:45 - 3:11:13 - step 400 | loss 0.0279 | step time 286.95ms
INFO - 12/08/25 11:52:13 - 3:11:41 - step 500 | loss 0.0284 | step time 287.12ms
INFO - 12/08/25 11:52:14 - 3:11:42 - step 500 train loss: 0.028509829193353653 test loss: 0.10801046341657639
INFO - 12/08/25 11:52:14 - 3:11:42 - test loss 0.10801046341657639 is the best so far, saving model to /home/yuebi/Project/dim20_run/dim20_run_3/1111/model.pt
INFO - 12/08/25 11:52:42 - 3:12:10 - step 600 | loss 0.0287 | step time 287.20ms
INFO - 12/08/25 11:53:11 - 3:12:39 - step 700 | loss 0.0292 | step time 287.24ms
INFO - 12/08/25 11:53:40 - 3:13:08 - step 800 | loss 0.0297 | step time 287.37ms
INFO - 12/08/25 11:54:09 - 3:13:37 - step 900 | loss 0.0282 | step time 287.47ms
INFO - 12/08/25 11:54:37 - 3:14:05 - step 1000 | loss 0.0283 | step time 287.39ms
INFO - 12/08/25 11:54:38 - 3:14:06 - step 1000 train loss: 0.028385203331708908 test loss: 0.19788408279418945
INFO - 12/08/25 11:55:06 - 3:14:34 - step 1100 | loss 0.0284 | step time 287.19ms
INFO - 12/08/25 11:55:34 - 0:00:00 - ============ Initialized logger ============
INFO - 12/08/25 11:55:34 - 0:00:00 - batch_size: 32
                                     command: python fc_loop.py --exp_name=dim20_run_3 --dump_path=/home/yuebi/Project/dim20_run --num_initial_empty_objects=800 --final_database_size=100 --target_db_size=100 --nb_local_searches=800 --max_epochs=20 --type=transformer --max-output-length=350 --sample-only=25000 --max-steps=1500 --n_tokens=15 --n-layer=8 --n-embd=128 --n-embd2=128 --exp_id=1111 --exp_id "1111"
                                     cpu: False
                                     debug: False
                                     debug_slurm: False
                                     dump_path: /home/yuebi/Project/dim20_run/dim20_run_3/1111
                                     exp_id: 1111
                                     exp_name: dim20_run_3
                                     final_database_size: 100
                                     gen_batch_size: 1000
                                     global_rank: 0
                                     is_master: True
                                     is_slurm_job: True
                                     learning_rate: 0.0005
                                     local_rank: 0
                                     master_addr: gpu-6
                                     master_port: -1
                                     max_epochs: 20
                                     max_output_length: 350
                                     max_steps: 1500
                                     multi_gpu: False
                                     multi_node: False
                                     n_embd: 128
                                     n_embd2: 128
                                     n_gpu_per_node: 1
                                     n_head: 8
                                     n_layer: 8
                                     n_nodes: 1
                                     n_tokens: 15
                                     nb_local_searches: 800
                                     nb_threads: 1
                                     node_id: 0
                                     num_initial_empty_objects: 800
                                     num_workers: 8
                                     sample_only: 25000
                                     seed: -1
                                     target_db_size: 100
                                     temperature: 1.0
                                     top_k: -1
                                     type: transformer
                                     weight_decay: 0.01
                                     world_size: 1
INFO - 12/08/25 11:55:34 - 0:00:00 - The experiment will be stored in /home/yuebi/Project/dim20_run/dim20_run_3/1111
                                     
INFO - 12/08/25 11:55:34 - 0:00:00 - Running command: python fc_loop.py --exp_name=dim20_run_3 --dump_path=/home/yuebi/Project/dim20_run --num_initial_empty_objects=800 --final_database_size=100 --target_db_size=100 --nb_local_searches=800 --max_epochs=20 --type=transformer --max-output-length=350 --sample-only=25000 --max-steps=1500 --n_tokens=15 --n-layer=8 --n-embd=128 --n-embd2=128 --exp_id=1111

WARNING - 12/08/25 11:55:34 - 0:00:00 - Signal handler installed.
INFO - 12/08/25 11:55:34 - 0:00:00 - seed: 708150794
INFO - 12/08/25 11:55:34 - 0:00:00 - initializing at generation: 19
INFO - 12/08/25 11:55:34 - 0:00:00 - number of examples in the dataset: 100
INFO - 12/08/25 11:55:34 - 0:00:00 - max word length: 164
INFO - 12/08/25 11:55:34 - 0:00:00 - number of unique characters in the vocabulary: 15
INFO - 12/08/25 11:55:34 - 0:00:00 - vocabulary:
INFO - 12/08/25 11:55:34 - 0:00:00 - ['V0', 'V1', 'V2', 'V3', 'V4', 'V5', 'V6', 'V7', 'V8', 'V9', 'V10', 'V11', 'V12', 'V13', 'V14']
INFO - 12/08/25 11:55:34 - 0:00:00 - split up the dataset into 90 training examples and 10 test examples
INFO - 12/08/25 11:55:34 - 0:00:00 - dataset determined that: vocab_size=16, block_size=351
INFO - 12/08/25 11:55:34 - 0:00:00 - model #params: 1635456
INFO - 12/08/25 11:55:34 - 0:00:00 - resuming from existing model
INFO - 12/08/25 11:55:34 - 0:00:00 - ============ Start of generation 19 ============
INFO - 12/08/25 11:55:34 - 0:00:00 - Memory allocated:  10.00MB, reserved: 22.00MB
INFO - 12/08/25 11:55:34 - 0:00:00 - training
INFO - 12/08/25 11:55:39 - 0:00:05 - step 0 | loss 0.0380 | step time 623.19ms
INFO - 12/08/25 11:56:08 - 0:00:34 - step 100 | loss 0.0287 | step time 287.00ms
INFO - 12/08/25 11:56:37 - 0:01:03 - step 200 | loss 0.0287 | step time 286.74ms
INFO - 12/08/25 11:57:05 - 0:01:31 - step 300 | loss 0.0285 | step time 286.72ms
INFO - 12/08/25 11:57:34 - 0:02:00 - step 400 | loss 0.0281 | step time 286.85ms
INFO - 12/08/25 11:58:03 - 0:02:29 - step 500 | loss 0.0287 | step time 287.03ms
INFO - 12/08/25 11:58:03 - 0:02:29 - step 500 train loss: 0.02852250449359417 test loss: 0.07014740258455276
INFO - 12/08/25 11:58:03 - 0:02:29 - test loss 0.07014740258455276 is the best so far, saving model to /home/yuebi/Project/dim20_run/dim20_run_3/1111/model.pt
INFO - 12/08/25 11:58:32 - 0:02:58 - step 600 | loss 0.0281 | step time 286.86ms
INFO - 12/08/25 11:59:00 - 0:03:26 - step 700 | loss 0.0284 | step time 287.12ms
INFO - 12/08/25 11:59:29 - 0:03:55 - step 800 | loss 0.0282 | step time 286.84ms
INFO - 12/08/25 11:59:58 - 0:04:24 - step 900 | loss 0.0281 | step time 286.74ms
INFO - 12/08/25 12:00:26 - 0:04:52 - step 1000 | loss 0.0278 | step time 287.08ms
INFO - 12/08/25 12:00:27 - 0:04:53 - step 1000 train loss: 0.02834821306169033 test loss: 0.2370419055223465
INFO - 12/08/25 12:00:55 - 0:05:21 - step 1100 | loss 0.0286 | step time 286.94ms
INFO - 12/08/25 12:01:24 - 0:05:50 - step 1200 | loss 0.0280 | step time 286.88ms
INFO - 12/08/25 12:01:53 - 0:06:19 - step 1300 | loss 0.0288 | step time 286.96ms
INFO - 12/08/25 12:02:21 - 0:06:47 - step 1400 | loss 0.0313 | step time 286.82ms
INFO - 12/08/25 12:02:50 - 0:07:16 - Memory allocated:  45.82MB, reserved: 3306.00MB
INFO - 12/08/25 12:02:50 - 0:07:16 - generating
INFO - 12/08/25 14:57:40 - 3:02:06 - distribution of sample lengths: average: 503.11472 max: 522
INFO - 12/08/25 14:57:40 - 3:02:06 - printed 25000 samples
INFO - 12/08/25 14:57:40 - 3:02:06 - decoding
INFO - 12/08/25 14:57:40 - 3:02:06 - Decoding complete. Check the output in /home/yuebi/Project/dim20_run/dim20_run_3/1111/transformer-output-decoded.txt
INFO - 12/08/25 14:57:40 - 3:02:06 - Memory allocated:  45.82MB, reserved: 10106.00MB
INFO - 12/08/25 14:57:40 - 3:02:06 - ============ End of generation 19 ============
INFO - 12/08/25 14:57:40 - 3:02:06 - launching search.jl
INFO - 12/08/25 14:57:40 - 3:02:06 - JULIA_NUM_THREADS is set to 1
INFO - 12/08/25 15:04:42 - 3:09:08 - distribution of scores(all rounds)
INFO - 12/08/25 15:04:42 - 3:09:08 - Score:56640624.0, Count:41
                                     
INFO - 12/08/25 15:04:42 - 3:09:08 - Score:51562500.0, Count:20
                                     
INFO - 12/08/25 15:04:42 - 3:09:08 - Score:50390624.0, Count:7
                                     
INFO - 12/08/25 15:04:42 - 3:09:08 - Score:42780624.0, Count:16
                                     
INFO - 12/08/25 15:04:42 - 3:09:08 - Score:42468750.0, Count:9
                                     
INFO - 12/08/25 15:04:42 - 3:09:08 - Score:41750000.0, Count:7
                                     
INFO - 12/08/25 15:04:42 - 3:09:08 - tokenizing
INFO - 12/08/25 15:04:42 - 3:09:08 - Loading tokenizer from /home/yuebi/Project/dim20_run/dim20_run_3/1111/tokenizer_data/tokenizer.json...
INFO - 12/08/25 15:04:42 - 3:09:08 - 0 / 100
INFO - 12/08/25 15:04:42 - 3:09:08 - number of examples in the dataset: 100
INFO - 12/08/25 15:04:42 - 3:09:08 - max word length: 164
INFO - 12/08/25 15:04:42 - 3:09:08 - number of unique characters in the vocabulary: 15
INFO - 12/08/25 15:04:42 - 3:09:08 - vocabulary:
INFO - 12/08/25 15:04:42 - 3:09:08 - ['V0', 'V1', 'V2', 'V3', 'V4', 'V5', 'V6', 'V7', 'V8', 'V9', 'V10', 'V11', 'V12', 'V13', 'V14']
INFO - 12/08/25 15:04:42 - 3:09:08 - split up the dataset into 90 training examples and 10 test examples
INFO - 12/08/25 15:04:42 - 3:09:08 - ============ Start of generation 20 ============
INFO - 12/08/25 15:04:42 - 3:09:08 - Memory allocated:  45.82MB, reserved: 10106.00MB
INFO - 12/08/25 15:04:42 - 3:09:08 - training
INFO - 12/08/25 15:04:42 - 3:09:08 - step 0 | loss 0.1440 | step time 420.47ms
INFO - 12/08/25 15:05:11 - 3:09:37 - step 100 | loss 0.0283 | step time 286.92ms
INFO - 12/08/25 15:05:40 - 3:10:06 - step 200 | loss 0.0285 | step time 286.96ms
INFO - 12/08/25 15:06:08 - 3:10:34 - step 300 | loss 0.0288 | step time 286.84ms
INFO - 12/08/25 15:06:37 - 3:11:03 - step 400 | loss 0.0282 | step time 287.10ms
INFO - 12/08/25 15:07:06 - 3:11:32 - step 500 | loss 0.0284 | step time 286.72ms
INFO - 12/08/25 15:07:06 - 3:11:32 - step 500 train loss: 0.02845667488873005 test loss: 0.09509339183568954
INFO - 12/08/25 15:07:06 - 3:11:32 - test loss 0.09509339183568954 is the best so far, saving model to /home/yuebi/Project/dim20_run/dim20_run_3/1111/model.pt
INFO - 12/08/25 15:07:35 - 3:12:01 - step 600 | loss 0.0287 | step time 286.72ms
INFO - 12/08/25 15:08:04 - 3:12:30 - step 700 | loss 0.0279 | step time 287.14ms
INFO - 12/08/25 15:08:32 - 3:12:58 - step 800 | loss 0.0281 | step time 287.04ms
INFO - 12/08/25 15:09:01 - 3:13:27 - step 900 | loss 0.0284 | step time 286.88ms
INFO - 12/08/25 15:09:30 - 3:13:56 - step 1000 | loss 0.0282 | step time 287.17ms
INFO - 12/08/25 15:09:30 - 3:13:56 - step 1000 train loss: 0.028332581743597984 test loss: 0.13920347392559052
INFO - 12/08/25 15:09:59 - 3:14:25 - step 1100 | loss 0.0283 | step time 287.29ms
INFO - 12/08/25 15:10:27 - 3:14:53 - step 1200 | loss 0.0285 | step time 287.00ms
