INFO - 09/24/25 18:22:26 - 0:00:00 - ============ Initialized logger ============
INFO - 09/24/25 18:22:26 - 0:00:00 - batch_size: 32
                                     command: python fc_loop.py --exp_name=dim11_run_23 --dump_path=/home/yuebi/Project/dim11_run --num_initial_empty_objects=600 --final_database_size=15 --target_db_size=15 --nb_local_searches=800 --max_epochs=20 --type=transformer --max-output-length=131 --sample-only=30000 --max-steps=1000 --n_tokens=15 --n-layer=8 --n-embd=128 --n-embd2=128 --exp_id "7787"
                                     cpu: False
                                     debug: False
                                     debug_slurm: False
                                     dump_path: /home/yuebi/Project/dim11_run/dim11_run_23/7787
                                     exp_id: 7787
                                     exp_name: dim11_run_23
                                     final_database_size: 15
                                     gen_batch_size: 1000
                                     global_rank: 0
                                     is_master: True
                                     is_slurm_job: True
                                     learning_rate: 0.0005
                                     local_rank: 0
                                     master_addr: gpu-6
                                     master_port: -1
                                     max_epochs: 20
                                     max_output_length: 131
                                     max_steps: 1000
                                     multi_gpu: False
                                     multi_node: False
                                     n_embd: 128
                                     n_embd2: 128
                                     n_gpu_per_node: 1
                                     n_head: 8
                                     n_layer: 8
                                     n_nodes: 1
                                     n_tokens: 15
                                     nb_local_searches: 800
                                     nb_threads: 1
                                     node_id: 0
                                     num_initial_empty_objects: 600
                                     num_workers: 8
                                     sample_only: 30000
                                     seed: -1
                                     target_db_size: 15
                                     temperature: 1.0
                                     top_k: -1
                                     type: transformer
                                     weight_decay: 0.01
                                     world_size: 1
INFO - 09/24/25 18:22:26 - 0:00:00 - The experiment will be stored in /home/yuebi/Project/dim11_run/dim11_run_23/7787
                                     
INFO - 09/24/25 18:22:26 - 0:00:00 - Running command: python fc_loop.py --exp_name=dim11_run_23 --dump_path=/home/yuebi/Project/dim11_run --num_initial_empty_objects=600 --final_database_size=15 --target_db_size=15 --nb_local_searches=800 --max_epochs=20 --type=transformer --max-output-length=131 --sample-only=30000 --max-steps=1000 --n_tokens=15 --n-layer=8 --n-embd=128 --n-embd2=128

WARNING - 09/24/25 18:22:26 - 0:00:00 - Signal handler installed.
INFO - 09/24/25 18:22:26 - 0:00:00 - seed: 283319913
INFO - 09/24/25 18:22:26 - 0:00:00 - JULIA_NUM_THREADS is set to 1
INFO - 09/24/25 18:22:33 - 0:00:07 - Created /home/yuebi/Project/dim11_run/dim11_run_23/7787/temp.txt and training tokenizer...
INFO - 09/24/25 18:22:33 - 0:00:07 - Directory '/home/yuebi/Project/dim11_run/dim11_run_23/7787/tokenizer_data' created.
INFO - 09/24/25 18:22:33 - 0:00:07 - File '/home/yuebi/Project/dim11_run/dim11_run_23/7787/temp.txt' has been deleted.
INFO - 09/24/25 18:22:33 - 0:00:07 - 0 / 15
INFO - 09/24/25 18:22:33 - 0:00:07 - initializing at generation: 1
INFO - 09/24/25 18:22:33 - 0:00:07 - number of examples in the dataset: 15
INFO - 09/24/25 18:22:33 - 0:00:07 - max word length: 58
INFO - 09/24/25 18:22:33 - 0:00:07 - number of unique characters in the vocabulary: 15
INFO - 09/24/25 18:22:33 - 0:00:07 - vocabulary:
INFO - 09/24/25 18:22:33 - 0:00:07 - ['V0', 'V1', 'V2', 'V3', 'V4', 'V5', 'V6', 'V7', 'V8', 'V9', 'V10', 'V11', 'V12', 'V13', 'V14']
INFO - 09/24/25 18:22:33 - 0:00:07 - split up the dataset into 14 training examples and 1 test examples
INFO - 09/24/25 18:22:33 - 0:00:07 - dataset determined that: vocab_size=16, block_size=132
INFO - 09/24/25 18:22:33 - 0:00:07 - model #params: 1607424
INFO - 09/24/25 18:22:33 - 0:00:07 - ============ Start of generation 1 ============
INFO - 09/24/25 18:22:33 - 0:00:07 - Memory allocated:  6.67MB, reserved: 8.00MB
INFO - 09/24/25 18:22:33 - 0:00:07 - training
INFO - 09/24/25 18:22:38 - 0:00:12 - step 0 | loss 2.9307 | step time 515.96ms
INFO - 09/24/25 18:22:47 - 0:00:21 - step 100 | loss 0.0613 | step time 92.24ms
INFO - 09/24/25 18:22:56 - 0:00:31 - step 200 | loss 0.0564 | step time 92.32ms
INFO - 09/24/25 18:23:06 - 0:00:40 - step 300 | loss 0.0494 | step time 92.30ms
INFO - 09/24/25 18:23:15 - 0:00:49 - step 400 | loss 0.0495 | step time 92.35ms
INFO - 09/24/25 18:23:24 - 0:00:58 - step 500 | loss 0.0488 | step time 92.31ms
INFO - 09/24/25 18:23:24 - 0:00:58 - step 500 train loss: 0.049444425851106644 test loss: 5.760377407073975
INFO - 09/24/25 18:23:24 - 0:00:58 - test loss 5.760377407073975 is the best so far, saving model to /home/yuebi/Project/dim11_run/dim11_run_23/7787/model.pt
INFO - 09/24/25 18:23:33 - 0:01:08 - step 600 | loss 0.0512 | step time 92.29ms
INFO - 09/24/25 18:23:43 - 0:01:17 - step 700 | loss 0.0528 | step time 92.28ms
INFO - 09/24/25 18:23:52 - 0:01:26 - step 800 | loss 0.0493 | step time 92.27ms
INFO - 09/24/25 18:24:01 - 0:01:35 - step 900 | loss 0.0505 | step time 92.29ms
INFO - 09/24/25 18:24:10 - 0:01:45 - Memory allocated:  41.64MB, reserved: 742.00MB
INFO - 09/24/25 18:24:10 - 0:01:45 - generating
INFO - 09/24/25 18:44:05 - 0:21:39 - distribution of sample lengths: average: 169.30003333333335 max: 404
INFO - 09/24/25 18:44:05 - 0:21:39 - printed 30000 samples
INFO - 09/24/25 18:44:05 - 0:21:39 - decoding
INFO - 09/24/25 18:44:05 - 0:21:39 - Decoding complete. Check the output in /home/yuebi/Project/dim11_run/dim11_run_23/7787/transformer-output-decoded.txt
INFO - 09/24/25 18:44:05 - 0:21:39 - Memory allocated:  41.64MB, reserved: 1854.00MB
INFO - 09/24/25 18:44:05 - 0:21:39 - ============ End of generation 1 ============
INFO - 09/24/25 18:44:05 - 0:21:39 - launching search.jl
INFO - 09/24/25 18:44:05 - 0:21:39 - JULIA_NUM_THREADS is set to 1
INFO - 09/24/25 18:45:21 - 0:22:55 - distribution of scores(all rounds)
INFO - 09/24/25 18:45:21 - 0:22:55 - Score:891.0, Count:1
                                     
INFO - 09/24/25 18:45:21 - 0:22:55 - Score:816.0, Count:2
                                     
INFO - 09/24/25 18:45:21 - 0:22:55 - Score:807.0, Count:1
                                     
INFO - 09/24/25 18:45:21 - 0:22:55 - Score:805.0, Count:1
                                     
INFO - 09/24/25 18:45:21 - 0:22:55 - Score:801.0, Count:1
                                     
INFO - 09/24/25 18:45:21 - 0:22:55 - Score:800.0, Count:1
                                     
INFO - 09/24/25 18:45:21 - 0:22:55 - Score:798.0, Count:3
                                     
INFO - 09/24/25 18:45:21 - 0:22:55 - Score:793.0, Count:1
                                     
INFO - 09/24/25 18:45:21 - 0:22:55 - Score:780.0, Count:1
                                     
INFO - 09/24/25 18:45:21 - 0:22:55 - Score:776.0, Count:1
                                     
INFO - 09/24/25 18:45:21 - 0:22:55 - Score:774.0, Count:1
                                     
INFO - 09/24/25 18:45:21 - 0:22:55 - Score:769.0, Count:1
                                     
INFO - 09/24/25 18:45:21 - 0:22:55 - tokenizing
INFO - 09/24/25 18:45:21 - 0:22:55 - Loading tokenizer from /home/yuebi/Project/dim11_run/dim11_run_23/7787/tokenizer_data/tokenizer.json...
INFO - 09/24/25 18:45:21 - 0:22:55 - 0 / 15
INFO - 09/24/25 18:45:21 - 0:22:55 - number of examples in the dataset: 15
INFO - 09/24/25 18:45:21 - 0:22:55 - max word length: 59
INFO - 09/24/25 18:45:21 - 0:22:55 - number of unique characters in the vocabulary: 15
INFO - 09/24/25 18:45:21 - 0:22:55 - vocabulary:
INFO - 09/24/25 18:45:21 - 0:22:55 - ['V0', 'V1', 'V2', 'V3', 'V4', 'V5', 'V6', 'V7', 'V8', 'V9', 'V10', 'V11', 'V12', 'V13', 'V14']
INFO - 09/24/25 18:45:21 - 0:22:55 - split up the dataset into 14 training examples and 1 test examples
INFO - 09/24/25 18:45:21 - 0:22:55 - ============ Start of generation 2 ============
INFO - 09/24/25 18:45:21 - 0:22:55 - Memory allocated:  41.64MB, reserved: 1854.00MB
INFO - 09/24/25 18:45:21 - 0:22:55 - training
INFO - 09/24/25 18:45:21 - 0:22:55 - step 0 | loss 6.3418 | step time 99.37ms
INFO - 09/24/25 18:45:30 - 0:23:04 - step 100 | loss 0.0538 | step time 92.36ms
INFO - 09/24/25 18:45:39 - 0:23:14 - step 200 | loss 0.0502 | step time 92.39ms
INFO - 09/24/25 18:45:49 - 0:23:23 - step 300 | loss 0.0489 | step time 92.42ms
INFO - 09/24/25 18:45:58 - 0:23:32 - step 400 | loss 0.0500 | step time 92.49ms
INFO - 09/24/25 18:46:07 - 0:23:41 - step 500 | loss 0.0999 | step time 92.48ms
INFO - 09/24/25 18:46:07 - 0:23:41 - step 500 train loss: 0.0685463696718216 test loss: 6.343970775604248
INFO - 09/24/25 18:46:07 - 0:23:41 - test loss 6.343970775604248 is the best so far, saving model to /home/yuebi/Project/dim11_run/dim11_run_23/7787/model.pt
INFO - 09/24/25 18:46:16 - 0:23:51 - step 600 | loss 0.0474 | step time 92.46ms
INFO - 09/24/25 18:46:26 - 0:24:00 - step 700 | loss 0.0467 | step time 92.38ms
INFO - 09/24/25 18:46:35 - 0:24:09 - step 800 | loss 0.0518 | step time 92.40ms
INFO - 09/24/25 18:46:44 - 0:24:18 - step 900 | loss 0.0492 | step time 92.41ms
INFO - 09/24/25 18:46:53 - 0:24:28 - Memory allocated:  41.64MB, reserved: 1854.00MB
INFO - 09/24/25 18:46:53 - 0:24:28 - generating
INFO - 09/24/25 19:06:47 - 0:44:22 - distribution of sample lengths: average: 173.4039 max: 305
INFO - 09/24/25 19:06:47 - 0:44:22 - printed 30000 samples
INFO - 09/24/25 19:06:47 - 0:44:22 - decoding
INFO - 09/24/25 19:06:48 - 0:44:22 - Decoding complete. Check the output in /home/yuebi/Project/dim11_run/dim11_run_23/7787/transformer-output-decoded.txt
INFO - 09/24/25 19:06:48 - 0:44:22 - Memory allocated:  41.64MB, reserved: 1854.00MB
INFO - 09/24/25 19:06:48 - 0:44:22 - ============ End of generation 2 ============
INFO - 09/24/25 19:06:48 - 0:44:22 - launching search.jl
INFO - 09/24/25 19:06:48 - 0:44:22 - JULIA_NUM_THREADS is set to 1
INFO - 09/24/25 19:06:48 - 0:44:22 - Skipping line due to error: setting an array element with a sequence. The requested array has an inhomogeneous shape after 1 dimensions. The detected shape was (11,) + inhomogeneous part.
INFO - 09/24/25 19:06:48 - 0:44:22 - Skipping line due to error: setting an array element with a sequence. The requested array has an inhomogeneous shape after 1 dimensions. The detected shape was (11,) + inhomogeneous part.
INFO - 09/24/25 19:06:48 - 0:44:22 - Skipping line due to error: setting an array element with a sequence. The requested array has an inhomogeneous shape after 1 dimensions. The detected shape was (11,) + inhomogeneous part.
INFO - 09/24/25 19:06:48 - 0:44:22 - Skipping line due to error: setting an array element with a sequence. The requested array has an inhomogeneous shape after 1 dimensions. The detected shape was (11,) + inhomogeneous part.
INFO - 09/24/25 19:06:48 - 0:44:22 - Skipping line due to error: setting an array element with a sequence. The requested array has an inhomogeneous shape after 1 dimensions. The detected shape was (11,) + inhomogeneous part.
INFO - 09/24/25 19:06:48 - 0:44:22 - Skipping line due to error: Expected 11 elements, got 12
INFO - 09/24/25 19:06:48 - 0:44:22 - Skipping line due to error: setting an array element with a sequence. The requested array has an inhomogeneous shape after 1 dimensions. The detected shape was (11,) + inhomogeneous part.
INFO - 09/24/25 19:06:48 - 0:44:22 - Skipping line due to error: setting an array element with a sequence. The requested array has an inhomogeneous shape after 1 dimensions. The detected shape was (11,) + inhomogeneous part.
INFO - 09/24/25 19:06:48 - 0:44:22 - Skipping line due to error: setting an array element with a sequence. The requested array has an inhomogeneous shape after 1 dimensions. The detected shape was (11,) + inhomogeneous part.
INFO - 09/24/25 19:06:48 - 0:44:22 - Skipping line due to error: Expected 11 elements, got 9
INFO - 09/24/25 19:06:48 - 0:44:22 - Skipping line due to error: Expected 11 elements, got 10
INFO - 09/24/25 19:06:48 - 0:44:22 - Skipping line due to error: setting an array element with a sequence. The requested array has an inhomogeneous shape after 1 dimensions. The detected shape was (11,) + inhomogeneous part.
INFO - 09/24/25 19:06:48 - 0:44:22 - Skipping line due to error: setting an array element with a sequence. The requested array has an inhomogeneous shape after 1 dimensions. The detected shape was (11,) + inhomogeneous part.
INFO - 09/24/25 19:06:48 - 0:44:22 - Skipping line due to error: setting an array element with a sequence. The requested array has an inhomogeneous shape after 1 dimensions. The detected shape was (11,) + inhomogeneous part.
INFO - 09/24/25 19:06:48 - 0:44:22 - Skipping line due to error: setting an array element with a sequence. The requested array has an inhomogeneous shape after 1 dimensions. The detected shape was (11,) + inhomogeneous part.
INFO - 09/24/25 19:06:48 - 0:44:22 - Skipping line due to error: Expected 11 elements, got 12
INFO - 09/24/25 19:06:48 - 0:44:22 - Skipping line due to error: Expected 11 elements, got 10
INFO - 09/24/25 19:06:48 - 0:44:22 - Skipping line due to error: setting an array element with a sequence. The requested array has an inhomogeneous shape after 1 dimensions. The detected shape was (11,) + inhomogeneous part.
INFO - 09/24/25 19:06:48 - 0:44:22 - Skipping line due to error: setting an array element with a sequence. The requested array has an inhomogeneous shape after 1 dimensions. The detected shape was (11,) + inhomogeneous part.
INFO - 09/24/25 19:06:48 - 0:44:22 - Skipping line due to error: setting an array element with a sequence. The requested array has an inhomogeneous shape after 1 dimensions. The detected shape was (11,) + inhomogeneous part.
INFO - 09/24/25 19:06:48 - 0:44:22 - Skipping line due to error: setting an array element with a sequence. The requested array has an inhomogeneous shape after 1 dimensions. The detected shape was (11,) + inhomogeneous part.
INFO - 09/24/25 19:06:48 - 0:44:22 - Skipping line due to error: setting an array element with a sequence. The requested array has an inhomogeneous shape after 1 dimensions. The detected shape was (11,) + inhomogeneous part.
INFO - 09/24/25 19:06:48 - 0:44:22 - Skipping line due to error: setting an array element with a sequence. The requested array has an inhomogeneous shape after 1 dimensions. The detected shape was (11,) + inhomogeneous part.
INFO - 09/24/25 19:06:48 - 0:44:22 - Skipping line due to error: setting an array element with a sequence. The requested array has an inhomogeneous shape after 1 dimensions. The detected shape was (11,) + inhomogeneous part.
INFO - 09/24/25 19:06:48 - 0:44:22 - Skipping line due to error: setting an array element with a sequence. The requested array has an inhomogeneous shape after 1 dimensions. The detected shape was (11,) + inhomogeneous part.
INFO - 09/24/25 19:06:48 - 0:44:22 - Skipping line due to error: setting an array element with a sequence. The requested array has an inhomogeneous shape after 1 dimensions. The detected shape was (11,) + inhomogeneous part.
INFO - 09/24/25 19:06:48 - 0:44:22 - Skipping line due to error: setting an array element with a sequence. The requested array has an inhomogeneous shape after 1 dimensions. The detected shape was (11,) + inhomogeneous part.
INFO - 09/24/25 19:06:48 - 0:44:22 - Skipping line due to error: setting an array element with a sequence. The requested array has an inhomogeneous shape after 1 dimensions. The detected shape was (11,) + inhomogeneous part.
INFO - 09/24/25 19:06:48 - 0:44:22 - Skipping line due to error: setting an array element with a sequence. The requested array has an inhomogeneous shape after 1 dimensions. The detected shape was (11,) + inhomogeneous part.
INFO - 09/24/25 19:06:48 - 0:44:22 - Skipping line due to error: Expected 11 elements, got 10
INFO - 09/24/25 19:06:48 - 0:44:22 - Skipping line due to error: setting an array element with a sequence. The requested array has an inhomogeneous shape after 1 dimensions. The detected shape was (11,) + inhomogeneous part.
INFO - 09/24/25 19:06:48 - 0:44:22 - Skipping line due to error: setting an array element with a sequence. The requested array has an inhomogeneous shape after 1 dimensions. The detected shape was (11,) + inhomogeneous part.
INFO - 09/24/25 19:06:48 - 0:44:22 - Skipping line due to error: Expected 11 elements, got 12
INFO - 09/24/25 19:06:48 - 0:44:22 - Skipping line due to error: setting an array element with a sequence. The requested array has an inhomogeneous shape after 1 dimensions. The detected shape was (11,) + inhomogeneous part.
INFO - 09/24/25 19:06:48 - 0:44:22 - Skipping line due to error: Expected 11 elements, got 10
INFO - 09/24/25 19:06:48 - 0:44:22 - Skipping line due to error: Expected 11 elements, got 10
INFO - 09/24/25 19:06:48 - 0:44:22 - Skipping line due to error: setting an array element with a sequence. The requested array has an inhomogeneous shape after 1 dimensions. The detected shape was (11,) + inhomogeneous part.
INFO - 09/24/25 19:06:48 - 0:44:22 - Skipping line due to error: setting an array element with a sequence. The requested array has an inhomogeneous shape after 1 dimensions. The detected shape was (11,) + inhomogeneous part.
INFO - 09/24/25 19:06:48 - 0:44:22 - Skipping line due to error: setting an array element with a sequence. The requested array has an inhomogeneous shape after 1 dimensions. The detected shape was (11,) + inhomogeneous part.
INFO - 09/24/25 19:06:48 - 0:44:22 - Skipping line due to error: Expected 11 elements, got 12
INFO - 09/24/25 19:06:48 - 0:44:22 - Skipping line due to error: setting an array element with a sequence. The requested array has an inhomogeneous shape after 1 dimensions. The detected shape was (11,) + inhomogeneous part.
INFO - 09/24/25 19:06:48 - 0:44:22 - Skipping line due to error: setting an array element with a sequence. The requested array has an inhomogeneous shape after 1 dimensions. The detected shape was (11,) + inhomogeneous part.
INFO - 09/24/25 19:06:48 - 0:44:22 - Skipping line due to error: setting an array element with a sequence. The requested array has an inhomogeneous shape after 1 dimensions. The detected shape was (11,) + inhomogeneous part.
INFO - 09/24/25 19:06:48 - 0:44:22 - Skipping line due to error: setting an array element with a sequence. The requested array has an inhomogeneous shape after 1 dimensions. The detected shape was (11,) + inhomogeneous part.
INFO - 09/24/25 19:06:48 - 0:44:22 - Skipping line due to error: setting an array element with a sequence. The requested array has an inhomogeneous shape after 1 dimensions. The detected shape was (11,) + inhomogeneous part.
INFO - 09/24/25 19:06:48 - 0:44:22 - Skipping line due to error: Expected 11 elements, got 9
INFO - 09/24/25 19:06:48 - 0:44:22 - Skipping line due to error: setting an array element with a sequence. The requested array has an inhomogeneous shape after 1 dimensions. The detected shape was (11,) + inhomogeneous part.
INFO - 09/24/25 19:06:48 - 0:44:22 - Skipping line due to error: Expected 11 elements, got 12
INFO - 09/24/25 19:06:48 - 0:44:22 - Skipping line due to error: Expected 11 elements, got 12
INFO - 09/24/25 19:06:48 - 0:44:22 - Skipping line due to error: Expected 11 elements, got 12
INFO - 09/24/25 19:06:48 - 0:44:22 - Skipping line due to error: setting an array element with a sequence. The requested array has an inhomogeneous shape after 1 dimensions. The detected shape was (11,) + inhomogeneous part.
INFO - 09/24/25 19:06:48 - 0:44:22 - Skipping line due to error: Expected 11 elements, got 10
INFO - 09/24/25 19:06:48 - 0:44:22 - Skipping line due to error: setting an array element with a sequence. The requested array has an inhomogeneous shape after 1 dimensions. The detected shape was (11,) + inhomogeneous part.
INFO - 09/24/25 19:06:48 - 0:44:22 - Skipping line due to error: setting an array element with a sequence. The requested array has an inhomogeneous shape after 1 dimensions. The detected shape was (11,) + inhomogeneous part.
INFO - 09/24/25 19:06:48 - 0:44:22 - Skipping line due to error: Expected 11 elements, got 10
INFO - 09/24/25 19:06:48 - 0:44:22 - Skipping line due to error: setting an array element with a sequence. The requested array has an inhomogeneous shape after 1 dimensions. The detected shape was (11,) + inhomogeneous part.
INFO - 09/24/25 19:06:48 - 0:44:22 - Skipping line due to error: setting an array element with a sequence. The requested array has an inhomogeneous shape after 1 dimensions. The detected shape was (11,) + inhomogeneous part.
INFO - 09/24/25 19:06:48 - 0:44:22 - Skipping line due to error: Expected 11 elements, got 10
INFO - 09/24/25 19:06:48 - 0:44:22 - Skipping line due to error: setting an array element with a sequence. The requested array has an inhomogeneous shape after 1 dimensions. The detected shape was (11,) + inhomogeneous part.
INFO - 09/24/25 19:06:48 - 0:44:22 - Skipping line due to error: setting an array element with a sequence. The requested array has an inhomogeneous shape after 1 dimensions. The detected shape was (11,) + inhomogeneous part.
INFO - 09/24/25 19:06:48 - 0:44:22 - Skipping line due to error: Expected 11 elements, got 2
INFO - 09/24/25 19:06:48 - 0:44:22 - Skipping line due to error: Expected 11 elements, got 10
INFO - 09/24/25 19:06:48 - 0:44:22 - Skipping line due to error: Expected 11 elements, got 10
INFO - 09/24/25 19:06:48 - 0:44:22 - Skipping line due to error: Expected 11 elements, got 12
INFO - 09/24/25 19:06:48 - 0:44:22 - Skipping line due to error: Expected 11 elements, got 10
INFO - 09/24/25 19:06:48 - 0:44:22 - Skipping line due to error: setting an array element with a sequence. The requested array has an inhomogeneous shape after 1 dimensions. The detected shape was (11,) + inhomogeneous part.
INFO - 09/24/25 19:06:48 - 0:44:22 - Skipping line due to error: setting an array element with a sequence. The requested array has an inhomogeneous shape after 1 dimensions. The detected shape was (11,) + inhomogeneous part.
INFO - 09/24/25 19:06:48 - 0:44:22 - Skipping line due to error: Expected 11 elements, got 10
INFO - 09/24/25 19:06:48 - 0:44:22 - Skipping line due to error: setting an array element with a sequence. The requested array has an inhomogeneous shape after 1 dimensions. The detected shape was (11,) + inhomogeneous part.
INFO - 09/24/25 19:06:48 - 0:44:22 - Skipping line due to error: Expected 11 elements, got 13
INFO - 09/24/25 19:06:48 - 0:44:22 - Skipping line due to error: Expected 11 elements, got 10
INFO - 09/24/25 19:06:48 - 0:44:22 - Skipping line due to error: setting an array element with a sequence. The requested array has an inhomogeneous shape after 1 dimensions. The detected shape was (11,) + inhomogeneous part.
INFO - 09/24/25 19:06:48 - 0:44:22 - Skipping line due to error: setting an array element with a sequence. The requested array has an inhomogeneous shape after 1 dimensions. The detected shape was (11,) + inhomogeneous part.
INFO - 09/24/25 19:06:48 - 0:44:22 - Skipping line due to error: setting an array element with a sequence. The requested array has an inhomogeneous shape after 1 dimensions. The detected shape was (11,) + inhomogeneous part.
INFO - 09/24/25 19:06:48 - 0:44:22 - Skipping line due to error: Expected 11 elements, got 12
INFO - 09/24/25 19:06:48 - 0:44:22 - Skipping line due to error: setting an array element with a sequence. The requested array has an inhomogeneous shape after 1 dimensions. The detected shape was (11,) + inhomogeneous part.
INFO - 09/24/25 19:06:48 - 0:44:22 - Skipping line due to error: setting an array element with a sequence. The requested array has an inhomogeneous shape after 1 dimensions. The detected shape was (11,) + inhomogeneous part.
INFO - 09/24/25 19:06:48 - 0:44:22 - Skipping line due to error: Expected 11 elements, got 10
INFO - 09/24/25 19:06:48 - 0:44:22 - Skipping line due to error: setting an array element with a sequence. The requested array has an inhomogeneous shape after 1 dimensions. The detected shape was (11,) + inhomogeneous part.
INFO - 09/24/25 19:06:48 - 0:44:22 - Skipping line due to error: Expected 11 elements, got 10
INFO - 09/24/25 19:06:48 - 0:44:22 - Skipping line due to error: setting an array element with a sequence. The requested array has an inhomogeneous shape after 1 dimensions. The detected shape was (11,) + inhomogeneous part.
INFO - 09/24/25 19:06:48 - 0:44:22 - Skipping line due to error: Expected 11 elements, got 12
INFO - 09/24/25 19:06:48 - 0:44:22 - Skipping line due to error: setting an array element with a sequence. The requested array has an inhomogeneous shape after 1 dimensions. The detected shape was (11,) + inhomogeneous part.
INFO - 09/24/25 19:06:48 - 0:44:22 - Skipping line due to error: setting an array element with a sequence. The requested array has an inhomogeneous shape after 1 dimensions. The detected shape was (11,) + inhomogeneous part.
INFO - 09/24/25 19:06:48 - 0:44:22 - Skipping line due to error: Expected 11 elements, got 9
INFO - 09/24/25 19:06:48 - 0:44:22 - Skipping line due to error: setting an array element with a sequence. The requested array has an inhomogeneous shape after 1 dimensions. The detected shape was (11,) + inhomogeneous part.
INFO - 09/24/25 19:06:48 - 0:44:22 - Skipping line due to error: Expected 11 elements, got 10
INFO - 09/24/25 19:06:48 - 0:44:22 - Skipping line due to error: setting an array element with a sequence. The requested array has an inhomogeneous shape after 1 dimensions. The detected shape was (11,) + inhomogeneous part.
INFO - 09/24/25 19:06:48 - 0:44:22 - Skipping line due to error: setting an array element with a sequence. The requested array has an inhomogeneous shape after 1 dimensions. The detected shape was (11,) + inhomogeneous part.
INFO - 09/24/25 19:06:48 - 0:44:22 - Skipping line due to error: setting an array element with a sequence. The requested array has an inhomogeneous shape after 1 dimensions. The detected shape was (11,) + inhomogeneous part.
INFO - 09/24/25 19:06:48 - 0:44:22 - Skipping line due to error: setting an array element with a sequence. The requested array has an inhomogeneous shape after 1 dimensions. The detected shape was (11,) + inhomogeneous part.
INFO - 09/24/25 19:06:48 - 0:44:22 - Skipping line due to error: setting an array element with a sequence. The requested array has an inhomogeneous shape after 1 dimensions. The detected shape was (11,) + inhomogeneous part.
INFO - 09/24/25 19:06:48 - 0:44:22 - Skipping line due to error: Expected 11 elements, got 12
INFO - 09/24/25 19:06:48 - 0:44:22 - Skipping line due to error: setting an array element with a sequence. The requested array has an inhomogeneous shape after 1 dimensions. The detected shape was (11,) + inhomogeneous part.
INFO - 09/24/25 19:06:48 - 0:44:22 - Skipping line due to error: Expected 11 elements, got 10
INFO - 09/24/25 19:06:48 - 0:44:22 - Skipping line due to error: setting an array element with a sequence. The requested array has an inhomogeneous shape after 1 dimensions. The detected shape was (11,) + inhomogeneous part.
INFO - 09/24/25 19:06:48 - 0:44:22 - Skipping line due to error: setting an array element with a sequence. The requested array has an inhomogeneous shape after 1 dimensions. The detected shape was (11,) + inhomogeneous part.
INFO - 09/24/25 19:06:48 - 0:44:22 - Skipping line due to error: setting an array element with a sequence. The requested array has an inhomogeneous shape after 1 dimensions. The detected shape was (11,) + inhomogeneous part.
INFO - 09/24/25 19:06:48 - 0:44:22 - Skipping line due to error: setting an array element with a sequence. The requested array has an inhomogeneous shape after 1 dimensions. The detected shape was (11,) + inhomogeneous part.
INFO - 09/24/25 19:06:48 - 0:44:22 - Skipping line due to error: setting an array element with a sequence. The requested array has an inhomogeneous shape after 1 dimensions. The detected shape was (11,) + inhomogeneous part.
INFO - 09/24/25 19:06:48 - 0:44:22 - Skipping line due to error: setting an array element with a sequence. The requested array has an inhomogeneous shape after 1 dimensions. The detected shape was (11,) + inhomogeneous part.
INFO - 09/24/25 19:06:48 - 0:44:22 - Skipping line due to error: setting an array element with a sequence. The requested array has an inhomogeneous shape after 1 dimensions. The detected shape was (11,) + inhomogeneous part.
INFO - 09/24/25 19:06:48 - 0:44:22 - Skipping line due to error: Expected 11 elements, got 9
INFO - 09/24/25 19:06:48 - 0:44:22 - Skipping line due to error: setting an array element with a sequence. The requested array has an inhomogeneous shape after 1 dimensions. The detected shape was (11,) + inhomogeneous part.
INFO - 09/24/25 19:06:48 - 0:44:22 - Skipping line due to error: Expected 11 elements, got 12
INFO - 09/24/25 19:06:48 - 0:44:22 - Skipping line due to error: setting an array element with a sequence. The requested array has an inhomogeneous shape after 1 dimensions. The detected shape was (11,) + inhomogeneous part.
INFO - 09/24/25 19:06:48 - 0:44:22 - Skipping line due to error: Expected 11 elements, got 10
INFO - 09/24/25 19:06:48 - 0:44:22 - Skipping line due to error: setting an array element with a sequence. The requested array has an inhomogeneous shape after 1 dimensions. The detected shape was (11,) + inhomogeneous part.
INFO - 09/24/25 19:06:48 - 0:44:22 - Skipping line due to error: setting an array element with a sequence. The requested array has an inhomogeneous shape after 1 dimensions. The detected shape was (11,) + inhomogeneous part.
INFO - 09/24/25 19:06:48 - 0:44:22 - Skipping line due to error: setting an array element with a sequence. The requested array has an inhomogeneous shape after 1 dimensions. The detected shape was (11,) + inhomogeneous part.
INFO - 09/24/25 19:06:48 - 0:44:22 - Skipping line due to error: Expected 11 elements, got 12
INFO - 09/24/25 19:06:48 - 0:44:22 - Skipping line due to error: Expected 11 elements, got 10
INFO - 09/24/25 19:06:48 - 0:44:22 - Skipping line due to error: setting an array element with a sequence. The requested array has an inhomogeneous shape after 1 dimensions. The detected shape was (11,) + inhomogeneous part.
INFO - 09/24/25 19:06:48 - 0:44:22 - Skipping line due to error: setting an array element with a sequence. The requested array has an inhomogeneous shape after 1 dimensions. The detected shape was (11,) + inhomogeneous part.
INFO - 09/24/25 19:06:48 - 0:44:22 - Skipping line due to error: setting an array element with a sequence. The requested array has an inhomogeneous shape after 1 dimensions. The detected shape was (11,) + inhomogeneous part.
INFO - 09/24/25 19:06:48 - 0:44:22 - Skipping line due to error: Expected 11 elements, got 10
INFO - 09/24/25 19:06:48 - 0:44:22 - Skipping line due to error: Expected 11 elements, got 10
INFO - 09/24/25 19:06:48 - 0:44:22 - Skipping line due to error: setting an array element with a sequence. The requested array has an inhomogeneous shape after 1 dimensions. The detected shape was (11,) + inhomogeneous part.
INFO - 09/24/25 19:06:48 - 0:44:22 - Skipping line due to error: setting an array element with a sequence. The requested array has an inhomogeneous shape after 1 dimensions. The detected shape was (11,) + inhomogeneous part.
INFO - 09/24/25 19:06:48 - 0:44:22 - Skipping line due to error: Expected 11 elements, got 10
INFO - 09/24/25 19:06:48 - 0:44:22 - Skipping line due to error: setting an array element with a sequence. The requested array has an inhomogeneous shape after 1 dimensions. The detected shape was (11,) + inhomogeneous part.
INFO - 09/24/25 19:06:48 - 0:44:22 - Skipping line due to error: setting an array element with a sequence. The requested array has an inhomogeneous shape after 1 dimensions. The detected shape was (11,) + inhomogeneous part.
INFO - 09/24/25 19:06:48 - 0:44:22 - Skipping line due to error: setting an array element with a sequence. The requested array has an inhomogeneous shape after 1 dimensions. The detected shape was (11,) + inhomogeneous part.
INFO - 09/24/25 19:06:48 - 0:44:22 - Skipping line due to error: setting an array element with a sequence. The requested array has an inhomogeneous shape after 1 dimensions. The detected shape was (11,) + inhomogeneous part.
INFO - 09/24/25 19:06:48 - 0:44:22 - Skipping line due to error: setting an array element with a sequence. The requested array has an inhomogeneous shape after 1 dimensions. The detected shape was (11,) + inhomogeneous part.
INFO - 09/24/25 19:06:48 - 0:44:22 - Skipping line due to error: setting an array element with a sequence. The requested array has an inhomogeneous shape after 1 dimensions. The detected shape was (11,) + inhomogeneous part.
INFO - 09/24/25 19:06:48 - 0:44:22 - Skipping line due to error: setting an array element with a sequence. The requested array has an inhomogeneous shape after 1 dimensions. The detected shape was (11,) + inhomogeneous part.
INFO - 09/24/25 19:06:48 - 0:44:22 - Skipping line due to error: Expected 11 elements, got 12
INFO - 09/24/25 19:06:48 - 0:44:22 - Skipping line due to error: Expected 11 elements, got 10
INFO - 09/24/25 19:06:48 - 0:44:22 - Skipping line due to error: Expected 11 elements, got 12
INFO - 09/24/25 19:06:48 - 0:44:22 - Skipping line due to error: Expected 11 elements, got 10
INFO - 09/24/25 19:06:48 - 0:44:22 - Skipping line due to error: Expected 11 elements, got 12
INFO - 09/24/25 19:06:48 - 0:44:22 - Skipping line due to error: Expected 11 elements, got 16
INFO - 09/24/25 19:06:48 - 0:44:22 - Skipping line due to error: setting an array element with a sequence. The requested array has an inhomogeneous shape after 1 dimensions. The detected shape was (11,) + inhomogeneous part.
INFO - 09/24/25 19:06:48 - 0:44:22 - Skipping line due to error: setting an array element with a sequence. The requested array has an inhomogeneous shape after 1 dimensions. The detected shape was (11,) + inhomogeneous part.
INFO - 09/24/25 19:06:48 - 0:44:22 - Skipping line due to error: Expected 11 elements, got 12
INFO - 09/24/25 19:06:48 - 0:44:22 - Skipping line due to error: Expected 11 elements, got 10
INFO - 09/24/25 19:06:48 - 0:44:22 - Skipping line due to error: Expected 11 elements, got 10
INFO - 09/24/25 19:06:48 - 0:44:22 - Skipping line due to error: setting an array element with a sequence. The requested array has an inhomogeneous shape after 1 dimensions. The detected shape was (11,) + inhomogeneous part.
INFO - 09/24/25 19:06:48 - 0:44:22 - Skipping line due to error: setting an array element with a sequence. The requested array has an inhomogeneous shape after 1 dimensions. The detected shape was (11,) + inhomogeneous part.
INFO - 09/24/25 19:06:48 - 0:44:22 - Skipping line due to error: setting an array element with a sequence. The requested array has an inhomogeneous shape after 1 dimensions. The detected shape was (11,) + inhomogeneous part.
INFO - 09/24/25 19:06:48 - 0:44:22 - Skipping line due to error: setting an array element with a sequence. The requested array has an inhomogeneous shape after 1 dimensions. The detected shape was (11,) + inhomogeneous part.
INFO - 09/24/25 19:06:48 - 0:44:22 - Skipping line due to error: setting an array element with a sequence. The requested array has an inhomogeneous shape after 1 dimensions. The detected shape was (11,) + inhomogeneous part.
INFO - 09/24/25 19:06:48 - 0:44:22 - Skipping line due to error: setting an array element with a sequence. The requested array has an inhomogeneous shape after 1 dimensions. The detected shape was (11,) + inhomogeneous part.
INFO - 09/24/25 19:06:48 - 0:44:22 - Skipping line due to error: setting an array element with a sequence. The requested array has an inhomogeneous shape after 1 dimensions. The detected shape was (11,) + inhomogeneous part.
INFO - 09/24/25 19:06:48 - 0:44:22 - Skipping line due to error: Expected 11 elements, got 10
INFO - 09/24/25 19:06:48 - 0:44:22 - Skipping line due to error: setting an array element with a sequence. The requested array has an inhomogeneous shape after 1 dimensions. The detected shape was (11,) + inhomogeneous part.
INFO - 09/24/25 19:06:48 - 0:44:22 - Skipping line due to error: setting an array element with a sequence. The requested array has an inhomogeneous shape after 1 dimensions. The detected shape was (11,) + inhomogeneous part.
INFO - 09/24/25 19:06:48 - 0:44:22 - Skipping line due to error: setting an array element with a sequence. The requested array has an inhomogeneous shape after 1 dimensions. The detected shape was (11,) + inhomogeneous part.
INFO - 09/24/25 19:06:48 - 0:44:22 - Skipping line due to error: Expected 11 elements, got 10
INFO - 09/24/25 19:06:48 - 0:44:22 - Skipping line due to error: setting an array element with a sequence. The requested array has an inhomogeneous shape after 1 dimensions. The detected shape was (11,) + inhomogeneous part.
INFO - 09/24/25 19:06:48 - 0:44:22 - Skipping line due to error: setting an array element with a sequence. The requested array has an inhomogeneous shape after 1 dimensions. The detected shape was (11,) + inhomogeneous part.
INFO - 09/24/25 19:06:48 - 0:44:22 - Skipping line due to error: setting an array element with a sequence. The requested array has an inhomogeneous shape after 1 dimensions. The detected shape was (11,) + inhomogeneous part.
INFO - 09/24/25 19:06:48 - 0:44:22 - Skipping line due to error: setting an array element with a sequence. The requested array has an inhomogeneous shape after 1 dimensions. The detected shape was (11,) + inhomogeneous part.
INFO - 09/24/25 19:06:48 - 0:44:22 - Skipping line due to error: Expected 11 elements, got 10
INFO - 09/24/25 19:06:48 - 0:44:22 - Skipping line due to error: setting an array element with a sequence. The requested array has an inhomogeneous shape after 1 dimensions. The detected shape was (11,) + inhomogeneous part.
INFO - 09/24/25 19:06:48 - 0:44:22 - Skipping line due to error: Expected 11 elements, got 10
INFO - 09/24/25 19:06:48 - 0:44:22 - Skipping line due to error: Expected 11 elements, got 12
INFO - 09/24/25 19:06:48 - 0:44:22 - Skipping line due to error: setting an array element with a sequence. The requested array has an inhomogeneous shape after 1 dimensions. The detected shape was (11,) + inhomogeneous part.
INFO - 09/24/25 19:06:48 - 0:44:22 - Skipping line due to error: Expected 11 elements, got 13
INFO - 09/24/25 19:06:48 - 0:44:22 - Skipping line due to error: Expected 11 elements, got 12
INFO - 09/24/25 19:06:48 - 0:44:22 - Skipping line due to error: Expected 11 elements, got 10
INFO - 09/24/25 19:06:48 - 0:44:22 - Skipping line due to error: setting an array element with a sequence. The requested array has an inhomogeneous shape after 1 dimensions. The detected shape was (11,) + inhomogeneous part.
INFO - 09/24/25 19:06:48 - 0:44:22 - Skipping line due to error: setting an array element with a sequence. The requested array has an inhomogeneous shape after 1 dimensions. The detected shape was (11,) + inhomogeneous part.
INFO - 09/24/25 19:06:48 - 0:44:22 - Skipping line due to error: setting an array element with a sequence. The requested array has an inhomogeneous shape after 1 dimensions. The detected shape was (11,) + inhomogeneous part.
INFO - 09/24/25 19:06:48 - 0:44:22 - Skipping line due to error: Expected 11 elements, got 12
INFO - 09/24/25 19:06:48 - 0:44:22 - Skipping line due to error: setting an array element with a sequence. The requested array has an inhomogeneous shape after 1 dimensions. The detected shape was (11,) + inhomogeneous part.
INFO - 09/24/25 19:06:48 - 0:44:22 - Skipping line due to error: Expected 11 elements, got 9
INFO - 09/24/25 19:06:48 - 0:44:22 - Skipping line due to error: Expected 11 elements, got 13
INFO - 09/24/25 19:06:48 - 0:44:22 - Skipping line due to error: setting an array element with a sequence. The requested array has an inhomogeneous shape after 1 dimensions. The detected shape was (11,) + inhomogeneous part.
INFO - 09/24/25 19:06:48 - 0:44:22 - Skipping line due to error: Expected 11 elements, got 14
INFO - 09/24/25 19:06:48 - 0:44:22 - Skipping line due to error: setting an array element with a sequence. The requested array has an inhomogeneous shape after 1 dimensions. The detected shape was (11,) + inhomogeneous part.
INFO - 09/24/25 19:06:48 - 0:44:22 - Skipping line due to error: setting an array element with a sequence. The requested array has an inhomogeneous shape after 1 dimensions. The detected shape was (11,) + inhomogeneous part.
INFO - 09/24/25 19:06:48 - 0:44:22 - Skipping line due to error: setting an array element with a sequence. The requested array has an inhomogeneous shape after 1 dimensions. The detected shape was (11,) + inhomogeneous part.
INFO - 09/24/25 19:06:48 - 0:44:22 - Skipping line due to error: Expected 11 elements, got 10
INFO - 09/24/25 19:06:48 - 0:44:22 - Skipping line due to error: Expected 11 elements, got 10
INFO - 09/24/25 19:06:48 - 0:44:22 - Skipping line due to error: setting an array element with a sequence. The requested array has an inhomogeneous shape after 1 dimensions. The detected shape was (11,) + inhomogeneous part.
INFO - 09/24/25 19:06:48 - 0:44:22 - Skipping line due to error: setting an array element with a sequence. The requested array has an inhomogeneous shape after 1 dimensions. The detected shape was (11,) + inhomogeneous part.
INFO - 09/24/25 19:06:48 - 0:44:22 - Skipping line due to error: Expected 11 elements, got 12
INFO - 09/24/25 19:06:48 - 0:44:22 - Skipping line due to error: setting an array element with a sequence. The requested array has an inhomogeneous shape after 1 dimensions. The detected shape was (11,) + inhomogeneous part.
INFO - 09/24/25 19:06:48 - 0:44:22 - Skipping line due to error: Expected 11 elements, got 10
INFO - 09/24/25 19:06:48 - 0:44:22 - Skipping line due to error: setting an array element with a sequence. The requested array has an inhomogeneous shape after 1 dimensions. The detected shape was (11,) + inhomogeneous part.
INFO - 09/24/25 19:06:48 - 0:44:22 - Skipping line due to error: setting an array element with a sequence. The requested array has an inhomogeneous shape after 1 dimensions. The detected shape was (11,) + inhomogeneous part.
INFO - 09/24/25 19:06:48 - 0:44:22 - Skipping line due to error: Expected 11 elements, got 12
INFO - 09/24/25 19:06:48 - 0:44:22 - Skipping line due to error: Expected 11 elements, got 3
INFO - 09/24/25 19:06:48 - 0:44:22 - Skipping line due to error: setting an array element with a sequence. The requested array has an inhomogeneous shape after 1 dimensions. The detected shape was (11,) + inhomogeneous part.
INFO - 09/24/25 19:06:48 - 0:44:22 - Skipping line due to error: Expected 11 elements, got 10
INFO - 09/24/25 19:06:48 - 0:44:22 - Skipping line due to error: setting an array element with a sequence. The requested array has an inhomogeneous shape after 1 dimensions. The detected shape was (11,) + inhomogeneous part.
INFO - 09/24/25 19:06:48 - 0:44:22 - Skipping line due to error: setting an array element with a sequence. The requested array has an inhomogeneous shape after 1 dimensions. The detected shape was (11,) + inhomogeneous part.
INFO - 09/24/25 19:06:48 - 0:44:22 - Skipping line due to error: setting an array element with a sequence. The requested array has an inhomogeneous shape after 1 dimensions. The detected shape was (11,) + inhomogeneous part.
INFO - 09/24/25 19:06:48 - 0:44:22 - Skipping line due to error: setting an array element with a sequence. The requested array has an inhomogeneous shape after 1 dimensions. The detected shape was (11,) + inhomogeneous part.
INFO - 09/24/25 19:06:48 - 0:44:22 - Skipping line due to error: Expected 11 elements, got 10
INFO - 09/24/25 19:06:48 - 0:44:22 - Skipping line due to error: setting an array element with a sequence. The requested array has an inhomogeneous shape after 1 dimensions. The detected shape was (11,) + inhomogeneous part.
INFO - 09/24/25 19:06:48 - 0:44:22 - Skipping line due to error: Expected 11 elements, got 10
INFO - 09/24/25 19:06:48 - 0:44:22 - Skipping line due to error: Expected 11 elements, got 10
INFO - 09/24/25 19:06:48 - 0:44:22 - Skipping line due to error: setting an array element with a sequence. The requested array has an inhomogeneous shape after 1 dimensions. The detected shape was (11,) + inhomogeneous part.
INFO - 09/24/25 19:06:48 - 0:44:22 - Skipping line due to error: setting an array element with a sequence. The requested array has an inhomogeneous shape after 1 dimensions. The detected shape was (11,) + inhomogeneous part.
INFO - 09/24/25 19:06:48 - 0:44:22 - Skipping line due to error: setting an array element with a sequence. The requested array has an inhomogeneous shape after 1 dimensions. The detected shape was (11,) + inhomogeneous part.
INFO - 09/24/25 19:06:48 - 0:44:22 - Skipping line due to error: setting an array element with a sequence. The requested array has an inhomogeneous shape after 1 dimensions. The detected shape was (11,) + inhomogeneous part.
INFO - 09/24/25 19:06:48 - 0:44:22 - Skipping line due to error: Expected 11 elements, got 12
INFO - 09/24/25 19:06:48 - 0:44:22 - Skipping line due to error: setting an array element with a sequence. The requested array has an inhomogeneous shape after 1 dimensions. The detected shape was (11,) + inhomogeneous part.
INFO - 09/24/25 19:06:48 - 0:44:22 - Skipping line due to error: setting an array element with a sequence. The requested array has an inhomogeneous shape after 1 dimensions. The detected shape was (11,) + inhomogeneous part.
INFO - 09/24/25 19:06:48 - 0:44:22 - Skipping line due to error: Expected 11 elements, got 10
INFO - 09/24/25 19:06:48 - 0:44:22 - Skipping line due to error: Expected 11 elements, got 12
INFO - 09/24/25 19:06:48 - 0:44:22 - Skipping line due to error: setting an array element with a sequence. The requested array has an inhomogeneous shape after 1 dimensions. The detected shape was (11,) + inhomogeneous part.
INFO - 09/24/25 19:06:48 - 0:44:22 - Skipping line due to error: Expected 11 elements, got 9
INFO - 09/24/25 19:06:48 - 0:44:22 - Skipping line due to error: setting an array element with a sequence. The requested array has an inhomogeneous shape after 1 dimensions. The detected shape was (11,) + inhomogeneous part.
INFO - 09/24/25 19:06:48 - 0:44:22 - Skipping line due to error: setting an array element with a sequence. The requested array has an inhomogeneous shape after 1 dimensions. The detected shape was (11,) + inhomogeneous part.
INFO - 09/24/25 19:06:48 - 0:44:22 - Skipping line due to error: setting an array element with a sequence. The requested array has an inhomogeneous shape after 1 dimensions. The detected shape was (11,) + inhomogeneous part.
INFO - 09/24/25 19:06:48 - 0:44:22 - Skipping line due to error: Expected 11 elements, got 12
INFO - 09/24/25 19:06:48 - 0:44:22 - Skipping line due to error: Expected 11 elements, got 12
INFO - 09/24/25 19:06:48 - 0:44:22 - Skipping line due to error: setting an array element with a sequence. The requested array has an inhomogeneous shape after 1 dimensions. The detected shape was (11,) + inhomogeneous part.
INFO - 09/24/25 19:06:48 - 0:44:22 - Skipping line due to error: Expected 11 elements, got 10
INFO - 09/24/25 19:06:48 - 0:44:22 - Skipping line due to error: setting an array element with a sequence. The requested array has an inhomogeneous shape after 1 dimensions. The detected shape was (11,) + inhomogeneous part.
INFO - 09/24/25 19:06:48 - 0:44:22 - Skipping line due to error: setting an array element with a sequence. The requested array has an inhomogeneous shape after 1 dimensions. The detected shape was (11,) + inhomogeneous part.
INFO - 09/24/25 19:06:48 - 0:44:22 - Skipping line due to error: Expected 11 elements, got 12
INFO - 09/24/25 19:06:48 - 0:44:22 - Skipping line due to error: setting an array element with a sequence. The requested array has an inhomogeneous shape after 1 dimensions. The detected shape was (11,) + inhomogeneous part.
INFO - 09/24/25 19:06:48 - 0:44:22 - Skipping line due to error: setting an array element with a sequence. The requested array has an inhomogeneous shape after 1 dimensions. The detected shape was (11,) + inhomogeneous part.
INFO - 09/24/25 19:06:48 - 0:44:22 - Skipping line due to error: Expected 11 elements, got 4
INFO - 09/24/25 19:06:48 - 0:44:22 - Skipping line due to error: Expected 11 elements, got 10
INFO - 09/24/25 19:06:48 - 0:44:22 - Skipping line due to error: setting an array element with a sequence. The requested array has an inhomogeneous shape after 1 dimensions. The detected shape was (11,) + inhomogeneous part.
INFO - 09/24/25 19:06:48 - 0:44:22 - Skipping line due to error: setting an array element with a sequence. The requested array has an inhomogeneous shape after 1 dimensions. The detected shape was (11,) + inhomogeneous part.
INFO - 09/24/25 19:06:48 - 0:44:22 - Skipping line due to error: setting an array element with a sequence. The requested array has an inhomogeneous shape after 1 dimensions. The detected shape was (11,) + inhomogeneous part.
INFO - 09/24/25 19:06:48 - 0:44:22 - Skipping line due to error: Expected 11 elements, got 12
INFO - 09/24/25 19:06:48 - 0:44:22 - Skipping line due to error: Expected 11 elements, got 10
INFO - 09/24/25 19:06:48 - 0:44:22 - Skipping line due to error: Expected 11 elements, got 10
INFO - 09/24/25 19:06:48 - 0:44:22 - Skipping line due to error: setting an array element with a sequence. The requested array has an inhomogeneous shape after 1 dimensions. The detected shape was (11,) + inhomogeneous part.
INFO - 09/24/25 19:06:48 - 0:44:22 - Skipping line due to error: setting an array element with a sequence. The requested array has an inhomogeneous shape after 1 dimensions. The detected shape was (11,) + inhomogeneous part.
INFO - 09/24/25 19:06:48 - 0:44:22 - Skipping line due to error: Expected 11 elements, got 10
INFO - 09/24/25 19:06:48 - 0:44:22 - Skipping line due to error: setting an array element with a sequence. The requested array has an inhomogeneous shape after 1 dimensions. The detected shape was (11,) + inhomogeneous part.
INFO - 09/24/25 19:06:48 - 0:44:22 - Skipping line due to error: setting an array element with a sequence. The requested array has an inhomogeneous shape after 1 dimensions. The detected shape was (11,) + inhomogeneous part.
INFO - 09/24/25 19:06:48 - 0:44:22 - Skipping line due to error: setting an array element with a sequence. The requested array has an inhomogeneous shape after 1 dimensions. The detected shape was (11,) + inhomogeneous part.
INFO - 09/24/25 19:06:48 - 0:44:22 - Skipping line due to error: Expected 11 elements, got 10
INFO - 09/24/25 19:06:48 - 0:44:22 - Skipping line due to error: Expected 11 elements, got 10
INFO - 09/24/25 19:06:48 - 0:44:22 - Skipping line due to error: Expected 11 elements, got 10
INFO - 09/24/25 19:06:48 - 0:44:22 - Skipping line due to error: setting an array element with a sequence. The requested array has an inhomogeneous shape after 1 dimensions. The detected shape was (11,) + inhomogeneous part.
INFO - 09/24/25 19:06:48 - 0:44:22 - Skipping line due to error: setting an array element with a sequence. The requested array has an inhomogeneous shape after 1 dimensions. The detected shape was (11,) + inhomogeneous part.
INFO - 09/24/25 19:06:48 - 0:44:22 - Skipping line due to error: Expected 11 elements, got 12
INFO - 09/24/25 19:06:48 - 0:44:22 - Skipping line due to error: setting an array element with a sequence. The requested array has an inhomogeneous shape after 1 dimensions. The detected shape was (11,) + inhomogeneous part.
INFO - 09/24/25 19:06:48 - 0:44:22 - Skipping line due to error: setting an array element with a sequence. The requested array has an inhomogeneous shape after 1 dimensions. The detected shape was (11,) + inhomogeneous part.
INFO - 09/24/25 19:06:48 - 0:44:22 - Skipping line due to error: setting an array element with a sequence. The requested array has an inhomogeneous shape after 1 dimensions. The detected shape was (11,) + inhomogeneous part.
INFO - 09/24/25 19:06:48 - 0:44:22 - Skipping line due to error: setting an array element with a sequence. The requested array has an inhomogeneous shape after 1 dimensions. The detected shape was (11,) + inhomogeneous part.
INFO - 09/24/25 19:06:48 - 0:44:22 - Skipping line due to error: setting an array element with a sequence. The requested array has an inhomogeneous shape after 1 dimensions. The detected shape was (11,) + inhomogeneous part.
INFO - 09/24/25 19:06:48 - 0:44:22 - Skipping line due to error: setting an array element with a sequence. The requested array has an inhomogeneous shape after 1 dimensions. The detected shape was (11,) + inhomogeneous part.
INFO - 09/24/25 19:06:48 - 0:44:22 - Skipping line due to error: Expected 11 elements, got 1
INFO - 09/24/25 19:06:48 - 0:44:22 - Skipping line due to error: setting an array element with a sequence. The requested array has an inhomogeneous shape after 1 dimensions. The detected shape was (11,) + inhomogeneous part.
INFO - 09/24/25 19:06:48 - 0:44:22 - Skipping line due to error: setting an array element with a sequence. The requested array has an inhomogeneous shape after 1 dimensions. The detected shape was (11,) + inhomogeneous part.
INFO - 09/24/25 19:06:48 - 0:44:22 - Skipping line due to error: Expected 11 elements, got 10
INFO - 09/24/25 19:06:48 - 0:44:22 - Skipping line due to error: Expected 11 elements, got 12
INFO - 09/24/25 19:06:48 - 0:44:22 - Skipping line due to error: Expected 11 elements, got 12
INFO - 09/24/25 19:06:48 - 0:44:22 - Skipping line due to error: Expected 11 elements, got 12
INFO - 09/24/25 19:06:48 - 0:44:22 - Skipping line due to error: setting an array element with a sequence. The requested array has an inhomogeneous shape after 1 dimensions. The detected shape was (11,) + inhomogeneous part.
INFO - 09/24/25 19:06:48 - 0:44:22 - Skipping line due to error: setting an array element with a sequence. The requested array has an inhomogeneous shape after 1 dimensions. The detected shape was (11,) + inhomogeneous part.
INFO - 09/24/25 19:06:48 - 0:44:22 - Skipping line due to error: setting an array element with a sequence. The requested array has an inhomogeneous shape after 1 dimensions. The detected shape was (11,) + inhomogeneous part.
INFO - 09/24/25 19:06:48 - 0:44:22 - Skipping line due to error: Expected 11 elements, got 10
INFO - 09/24/25 19:06:48 - 0:44:22 - Skipping line due to error: Expected 11 elements, got 12
INFO - 09/24/25 19:06:48 - 0:44:22 - Skipping line due to error: setting an array element with a sequence. The requested array has an inhomogeneous shape after 1 dimensions. The detected shape was (11,) + inhomogeneous part.
INFO - 09/24/25 19:06:48 - 0:44:22 - Skipping line due to error: Expected 11 elements, got 10
INFO - 09/24/25 19:06:48 - 0:44:22 - Skipping line due to error: setting an array element with a sequence. The requested array has an inhomogeneous shape after 1 dimensions. The detected shape was (11,) + inhomogeneous part.
INFO - 09/24/25 19:06:48 - 0:44:22 - Skipping line due to error: setting an array element with a sequence. The requested array has an inhomogeneous shape after 1 dimensions. The detected shape was (11,) + inhomogeneous part.
INFO - 09/24/25 19:06:48 - 0:44:22 - Skipping line due to error: setting an array element with a sequence. The requested array has an inhomogeneous shape after 1 dimensions. The detected shape was (11,) + inhomogeneous part.
INFO - 09/24/25 19:06:48 - 0:44:22 - Skipping line due to error: setting an array element with a sequence. The requested array has an inhomogeneous shape after 1 dimensions. The detected shape was (11,) + inhomogeneous part.
INFO - 09/24/25 19:06:48 - 0:44:22 - Skipping line due to error: Expected 11 elements, got 12
INFO - 09/24/25 19:06:48 - 0:44:22 - Skipping line due to error: Expected 11 elements, got 10
INFO - 09/24/25 19:06:48 - 0:44:22 - Skipping line due to error: Expected 11 elements, got 10
INFO - 09/24/25 19:06:48 - 0:44:22 - Skipping line due to error: setting an array element with a sequence. The requested array has an inhomogeneous shape after 1 dimensions. The detected shape was (11,) + inhomogeneous part.
INFO - 09/24/25 19:06:48 - 0:44:22 - Skipping line due to error: Expected 11 elements, got 10
INFO - 09/24/25 19:06:48 - 0:44:22 - Skipping line due to error: setting an array element with a sequence. The requested array has an inhomogeneous shape after 1 dimensions. The detected shape was (11,) + inhomogeneous part.
INFO - 09/24/25 19:06:48 - 0:44:22 - Skipping line due to error: Expected 11 elements, got 10
INFO - 09/24/25 19:06:48 - 0:44:22 - Skipping line due to error: setting an array element with a sequence. The requested array has an inhomogeneous shape after 1 dimensions. The detected shape was (11,) + inhomogeneous part.
INFO - 09/24/25 19:06:48 - 0:44:22 - Skipping line due to error: setting an array element with a sequence. The requested array has an inhomogeneous shape after 1 dimensions. The detected shape was (11,) + inhomogeneous part.
INFO - 09/24/25 19:06:48 - 0:44:22 - Skipping line due to error: setting an array element with a sequence. The requested array has an inhomogeneous shape after 1 dimensions. The detected shape was (11,) + inhomogeneous part.
INFO - 09/24/25 19:06:48 - 0:44:22 - Skipping line due to error: Expected 11 elements, got 12
INFO - 09/24/25 19:06:48 - 0:44:22 - Skipping line due to error: setting an array element with a sequence. The requested array has an inhomogeneous shape after 1 dimensions. The detected shape was (11,) + inhomogeneous part.
INFO - 09/24/25 19:06:48 - 0:44:22 - Skipping line due to error: setting an array element with a sequence. The requested array has an inhomogeneous shape after 1 dimensions. The detected shape was (11,) + inhomogeneous part.
INFO - 09/24/25 19:06:48 - 0:44:22 - Skipping line due to error: Expected 11 elements, got 1
INFO - 09/24/25 19:06:48 - 0:44:22 - Skipping line due to error: Expected 11 elements, got 12
INFO - 09/24/25 19:06:48 - 0:44:22 - Skipping line due to error: setting an array element with a sequence. The requested array has an inhomogeneous shape after 1 dimensions. The detected shape was (11,) + inhomogeneous part.
INFO - 09/24/25 19:06:48 - 0:44:22 - Skipping line due to error: setting an array element with a sequence. The requested array has an inhomogeneous shape after 1 dimensions. The detected shape was (11,) + inhomogeneous part.
INFO - 09/24/25 19:06:48 - 0:44:22 - Skipping line due to error: setting an array element with a sequence. The requested array has an inhomogeneous shape after 1 dimensions. The detected shape was (11,) + inhomogeneous part.
INFO - 09/24/25 19:06:48 - 0:44:22 - Skipping line due to error: Expected 11 elements, got 10
INFO - 09/24/25 19:06:48 - 0:44:22 - Skipping line due to error: setting an array element with a sequence. The requested array has an inhomogeneous shape after 1 dimensions. The detected shape was (11,) + inhomogeneous part.
INFO - 09/24/25 19:06:48 - 0:44:22 - Skipping line due to error: setting an array element with a sequence. The requested array has an inhomogeneous shape after 1 dimensions. The detected shape was (11,) + inhomogeneous part.
INFO - 09/24/25 19:06:48 - 0:44:22 - Skipping line due to error: Expected 11 elements, got 10
INFO - 09/24/25 19:06:48 - 0:44:22 - Skipping line due to error: setting an array element with a sequence. The requested array has an inhomogeneous shape after 1 dimensions. The detected shape was (11,) + inhomogeneous part.
INFO - 09/24/25 19:06:48 - 0:44:22 - Skipping line due to error: setting an array element with a sequence. The requested array has an inhomogeneous shape after 1 dimensions. The detected shape was (11,) + inhomogeneous part.
INFO - 09/24/25 19:06:48 - 0:44:22 - Skipping line due to error: setting an array element with a sequence. The requested array has an inhomogeneous shape after 1 dimensions. The detected shape was (11,) + inhomogeneous part.
INFO - 09/24/25 19:06:48 - 0:44:22 - Skipping line due to error: setting an array element with a sequence. The requested array has an inhomogeneous shape after 1 dimensions. The detected shape was (11,) + inhomogeneous part.
INFO - 09/24/25 19:06:48 - 0:44:22 - Skipping line due to error: setting an array element with a sequence. The requested array has an inhomogeneous shape after 1 dimensions. The detected shape was (11,) + inhomogeneous part.
INFO - 09/24/25 19:06:48 - 0:44:22 - Skipping line due to error: setting an array element with a sequence. The requested array has an inhomogeneous shape after 1 dimensions. The detected shape was (11,) + inhomogeneous part.
INFO - 09/24/25 19:06:48 - 0:44:22 - Skipping line due to error: setting an array element with a sequence. The requested array has an inhomogeneous shape after 1 dimensions. The detected shape was (11,) + inhomogeneous part.
INFO - 09/24/25 19:06:48 - 0:44:22 - Skipping line due to error: setting an array element with a sequence. The requested array has an inhomogeneous shape after 1 dimensions. The detected shape was (11,) + inhomogeneous part.
INFO - 09/24/25 19:06:48 - 0:44:22 - Skipping line due to error: setting an array element with a sequence. The requested array has an inhomogeneous shape after 1 dimensions. The detected shape was (11,) + inhomogeneous part.
INFO - 09/24/25 19:06:48 - 0:44:22 - Skipping line due to error: Expected 11 elements, got 10
INFO - 09/24/25 19:06:48 - 0:44:22 - Skipping line due to error: Expected 11 elements, got 12
INFO - 09/24/25 19:06:48 - 0:44:22 - Skipping line due to error: setting an array element with a sequence. The requested array has an inhomogeneous shape after 1 dimensions. The detected shape was (11,) + inhomogeneous part.
INFO - 09/24/25 19:06:48 - 0:44:22 - Skipping line due to error: setting an array element with a sequence. The requested array has an inhomogeneous shape after 1 dimensions. The detected shape was (11,) + inhomogeneous part.
INFO - 09/24/25 19:06:48 - 0:44:22 - Skipping line due to error: setting an array element with a sequence. The requested array has an inhomogeneous shape after 1 dimensions. The detected shape was (11,) + inhomogeneous part.
INFO - 09/24/25 19:06:48 - 0:44:22 - Skipping line due to error: setting an array element with a sequence. The requested array has an inhomogeneous shape after 1 dimensions. The detected shape was (11,) + inhomogeneous part.
INFO - 09/24/25 19:06:48 - 0:44:22 - Skipping line due to error: setting an array element with a sequence. The requested array has an inhomogeneous shape after 1 dimensions. The detected shape was (11,) + inhomogeneous part.
INFO - 09/24/25 19:06:48 - 0:44:22 - Skipping line due to error: setting an array element with a sequence. The requested array has an inhomogeneous shape after 1 dimensions. The detected shape was (11,) + inhomogeneous part.
INFO - 09/24/25 19:06:48 - 0:44:22 - Skipping line due to error: Expected 11 elements, got 10
INFO - 09/24/25 19:06:48 - 0:44:22 - Skipping line due to error: setting an array element with a sequence. The requested array has an inhomogeneous shape after 1 dimensions. The detected shape was (11,) + inhomogeneous part.
INFO - 09/24/25 19:06:48 - 0:44:22 - Skipping line due to error: setting an array element with a sequence. The requested array has an inhomogeneous shape after 1 dimensions. The detected shape was (11,) + inhomogeneous part.
INFO - 09/24/25 19:06:48 - 0:44:22 - Skipping line due to error: setting an array element with a sequence. The requested array has an inhomogeneous shape after 1 dimensions. The detected shape was (11,) + inhomogeneous part.
INFO - 09/24/25 19:06:48 - 0:44:22 - Skipping line due to error: setting an array element with a sequence. The requested array has an inhomogeneous shape after 1 dimensions. The detected shape was (11,) + inhomogeneous part.
INFO - 09/24/25 19:06:48 - 0:44:22 - Skipping line due to error: setting an array element with a sequence. The requested array has an inhomogeneous shape after 1 dimensions. The detected shape was (11,) + inhomogeneous part.
INFO - 09/24/25 19:06:48 - 0:44:22 - Skipping line due to error: setting an array element with a sequence. The requested array has an inhomogeneous shape after 1 dimensions. The detected shape was (11,) + inhomogeneous part.
INFO - 09/24/25 19:06:48 - 0:44:22 - Skipping line due to error: Expected 11 elements, got 13
INFO - 09/24/25 19:06:48 - 0:44:22 - Skipping line due to error: setting an array element with a sequence. The requested array has an inhomogeneous shape after 1 dimensions. The detected shape was (11,) + inhomogeneous part.
INFO - 09/24/25 19:06:48 - 0:44:22 - Skipping line due to error: setting an array element with a sequence. The requested array has an inhomogeneous shape after 1 dimensions. The detected shape was (11,) + inhomogeneous part.
INFO - 09/24/25 19:06:48 - 0:44:22 - Skipping line due to error: setting an array element with a sequence. The requested array has an inhomogeneous shape after 1 dimensions. The detected shape was (11,) + inhomogeneous part.
INFO - 09/24/25 19:06:48 - 0:44:22 - Skipping line due to error: setting an array element with a sequence. The requested array has an inhomogeneous shape after 1 dimensions. The detected shape was (11,) + inhomogeneous part.
INFO - 09/24/25 19:06:48 - 0:44:22 - Skipping line due to error: setting an array element with a sequence. The requested array has an inhomogeneous shape after 1 dimensions. The detected shape was (11,) + inhomogeneous part.
INFO - 09/24/25 19:06:48 - 0:44:22 - Skipping line due to error: setting an array element with a sequence. The requested array has an inhomogeneous shape after 1 dimensions. The detected shape was (11,) + inhomogeneous part.
INFO - 09/24/25 19:06:48 - 0:44:22 - Skipping line due to error: setting an array element with a sequence. The requested array has an inhomogeneous shape after 1 dimensions. The detected shape was (11,) + inhomogeneous part.
INFO - 09/24/25 19:06:48 - 0:44:22 - Skipping line due to error: Expected 11 elements, got 10
INFO - 09/24/25 19:06:48 - 0:44:22 - Skipping line due to error: setting an array element with a sequence. The requested array has an inhomogeneous shape after 1 dimensions. The detected shape was (11,) + inhomogeneous part.
INFO - 09/24/25 19:06:48 - 0:44:22 - Skipping line due to error: Expected 11 elements, got 12
INFO - 09/24/25 19:06:48 - 0:44:22 - Skipping line due to error: setting an array element with a sequence. The requested array has an inhomogeneous shape after 1 dimensions. The detected shape was (11,) + inhomogeneous part.
INFO - 09/24/25 19:06:48 - 0:44:22 - Skipping line due to error: setting an array element with a sequence. The requested array has an inhomogeneous shape after 1 dimensions. The detected shape was (11,) + inhomogeneous part.
INFO - 09/24/25 19:06:48 - 0:44:22 - Skipping line due to error: Expected 11 elements, got 10
INFO - 09/24/25 19:06:48 - 0:44:22 - Skipping line due to error: setting an array element with a sequence. The requested array has an inhomogeneous shape after 1 dimensions. The detected shape was (11,) + inhomogeneous part.
INFO - 09/24/25 19:06:48 - 0:44:22 - Skipping line due to error: Expected 11 elements, got 10
INFO - 09/24/25 19:06:48 - 0:44:22 - Skipping line due to error: setting an array element with a sequence. The requested array has an inhomogeneous shape after 1 dimensions. The detected shape was (11,) + inhomogeneous part.
INFO - 09/24/25 19:06:48 - 0:44:22 - Skipping line due to error: setting an array element with a sequence. The requested array has an inhomogeneous shape after 1 dimensions. The detected shape was (11,) + inhomogeneous part.
INFO - 09/24/25 19:06:48 - 0:44:22 - Skipping line due to error: Expected 11 elements, got 10
INFO - 09/24/25 19:06:48 - 0:44:22 - Skipping line due to error: setting an array element with a sequence. The requested array has an inhomogeneous shape after 1 dimensions. The detected shape was (11,) + inhomogeneous part.
INFO - 09/24/25 19:06:48 - 0:44:22 - Skipping line due to error: setting an array element with a sequence. The requested array has an inhomogeneous shape after 1 dimensions. The detected shape was (11,) + inhomogeneous part.
INFO - 09/24/25 19:06:48 - 0:44:22 - Skipping line due to error: setting an array element with a sequence. The requested array has an inhomogeneous shape after 1 dimensions. The detected shape was (11,) + inhomogeneous part.
INFO - 09/24/25 19:06:48 - 0:44:22 - Skipping line due to error: setting an array element with a sequence. The requested array has an inhomogeneous shape after 1 dimensions. The detected shape was (11,) + inhomogeneous part.
INFO - 09/24/25 19:06:48 - 0:44:22 - Skipping line due to error: setting an array element with a sequence. The requested array has an inhomogeneous shape after 1 dimensions. The detected shape was (11,) + inhomogeneous part.
INFO - 09/24/25 19:06:48 - 0:44:22 - Skipping line due to error: setting an array element with a sequence. The requested array has an inhomogeneous shape after 1 dimensions. The detected shape was (11,) + inhomogeneous part.
INFO - 09/24/25 19:06:48 - 0:44:22 - Skipping line due to error: Expected 11 elements, got 9
INFO - 09/24/25 19:06:48 - 0:44:22 - Skipping line due to error: setting an array element with a sequence. The requested array has an inhomogeneous shape after 1 dimensions. The detected shape was (11,) + inhomogeneous part.
INFO - 09/24/25 19:06:48 - 0:44:22 - Skipping line due to error: setting an array element with a sequence. The requested array has an inhomogeneous shape after 1 dimensions. The detected shape was (11,) + inhomogeneous part.
INFO - 09/24/25 19:06:48 - 0:44:22 - Skipping line due to error: setting an array element with a sequence. The requested array has an inhomogeneous shape after 1 dimensions. The detected shape was (11,) + inhomogeneous part.
INFO - 09/24/25 19:06:48 - 0:44:22 - Skipping line due to error: setting an array element with a sequence. The requested array has an inhomogeneous shape after 1 dimensions. The detected shape was (11,) + inhomogeneous part.
INFO - 09/24/25 19:06:48 - 0:44:22 - Skipping line due to error: setting an array element with a sequence. The requested array has an inhomogeneous shape after 1 dimensions. The detected shape was (11,) + inhomogeneous part.
INFO - 09/24/25 19:06:48 - 0:44:22 - Skipping line due to error: Expected 11 elements, got 10
INFO - 09/24/25 19:06:48 - 0:44:22 - Skipping line due to error: Expected 11 elements, got 12
INFO - 09/24/25 19:06:48 - 0:44:22 - Skipping line due to error: Expected 11 elements, got 12
INFO - 09/24/25 19:06:48 - 0:44:22 - Skipping line due to error: setting an array element with a sequence. The requested array has an inhomogeneous shape after 1 dimensions. The detected shape was (11,) + inhomogeneous part.
INFO - 09/24/25 19:06:48 - 0:44:22 - Skipping line due to error: setting an array element with a sequence. The requested array has an inhomogeneous shape after 1 dimensions. The detected shape was (11,) + inhomogeneous part.
INFO - 09/24/25 19:06:48 - 0:44:22 - Skipping line due to error: setting an array element with a sequence. The requested array has an inhomogeneous shape after 1 dimensions. The detected shape was (11,) + inhomogeneous part.
INFO - 09/24/25 19:06:48 - 0:44:22 - Skipping line due to error: setting an array element with a sequence. The requested array has an inhomogeneous shape after 1 dimensions. The detected shape was (11,) + inhomogeneous part.
INFO - 09/24/25 19:06:48 - 0:44:22 - Skipping line due to error: Expected 11 elements, got 12
INFO - 09/24/25 19:06:48 - 0:44:22 - Skipping line due to error: setting an array element with a sequence. The requested array has an inhomogeneous shape after 1 dimensions. The detected shape was (11,) + inhomogeneous part.
INFO - 09/24/25 19:06:48 - 0:44:22 - Skipping line due to error: setting an array element with a sequence. The requested array has an inhomogeneous shape after 1 dimensions. The detected shape was (11,) + inhomogeneous part.
INFO - 09/24/25 19:06:48 - 0:44:22 - Skipping line due to error: setting an array element with a sequence. The requested array has an inhomogeneous shape after 1 dimensions. The detected shape was (11,) + inhomogeneous part.
INFO - 09/24/25 19:06:48 - 0:44:22 - Skipping line due to error: Expected 11 elements, got 12
INFO - 09/24/25 19:06:48 - 0:44:22 - Skipping line due to error: Expected 11 elements, got 10
INFO - 09/24/25 19:06:48 - 0:44:22 - Skipping line due to error: Expected 11 elements, got 10
INFO - 09/24/25 19:06:48 - 0:44:22 - Skipping line due to error: setting an array element with a sequence. The requested array has an inhomogeneous shape after 1 dimensions. The detected shape was (11,) + inhomogeneous part.
INFO - 09/24/25 19:06:48 - 0:44:22 - Skipping line due to error: setting an array element with a sequence. The requested array has an inhomogeneous shape after 1 dimensions. The detected shape was (11,) + inhomogeneous part.
INFO - 09/24/25 19:06:48 - 0:44:22 - Skipping line due to error: setting an array element with a sequence. The requested array has an inhomogeneous shape after 1 dimensions. The detected shape was (11,) + inhomogeneous part.
INFO - 09/24/25 19:06:48 - 0:44:22 - Skipping line due to error: Expected 11 elements, got 10
INFO - 09/24/25 19:06:48 - 0:44:22 - Skipping line due to error: setting an array element with a sequence. The requested array has an inhomogeneous shape after 1 dimensions. The detected shape was (11,) + inhomogeneous part.
INFO - 09/24/25 19:06:48 - 0:44:22 - Skipping line due to error: Expected 11 elements, got 12
INFO - 09/24/25 19:06:48 - 0:44:22 - Skipping line due to error: setting an array element with a sequence. The requested array has an inhomogeneous shape after 1 dimensions. The detected shape was (11,) + inhomogeneous part.
INFO - 09/24/25 19:06:48 - 0:44:22 - Skipping line due to error: setting an array element with a sequence. The requested array has an inhomogeneous shape after 1 dimensions. The detected shape was (11,) + inhomogeneous part.
INFO - 09/24/25 19:06:48 - 0:44:22 - Skipping line due to error: setting an array element with a sequence. The requested array has an inhomogeneous shape after 1 dimensions. The detected shape was (11,) + inhomogeneous part.
INFO - 09/24/25 19:06:48 - 0:44:22 - Skipping line due to error: setting an array element with a sequence. The requested array has an inhomogeneous shape after 1 dimensions. The detected shape was (11,) + inhomogeneous part.
INFO - 09/24/25 19:06:48 - 0:44:22 - Skipping line due to error: setting an array element with a sequence. The requested array has an inhomogeneous shape after 1 dimensions. The detected shape was (11,) + inhomogeneous part.
INFO - 09/24/25 19:06:48 - 0:44:22 - Skipping line due to error: setting an array element with a sequence. The requested array has an inhomogeneous shape after 1 dimensions. The detected shape was (11,) + inhomogeneous part.
INFO - 09/24/25 19:06:48 - 0:44:22 - Skipping line due to error: Expected 11 elements, got 10
INFO - 09/24/25 19:06:48 - 0:44:22 - Skipping line due to error: setting an array element with a sequence. The requested array has an inhomogeneous shape after 1 dimensions. The detected shape was (11,) + inhomogeneous part.
INFO - 09/24/25 19:06:48 - 0:44:22 - Skipping line due to error: Expected 11 elements, got 10
INFO - 09/24/25 19:06:48 - 0:44:22 - Skipping line due to error: setting an array element with a sequence. The requested array has an inhomogeneous shape after 1 dimensions. The detected shape was (11,) + inhomogeneous part.
INFO - 09/24/25 19:06:48 - 0:44:22 - Skipping line due to error: Expected 11 elements, got 12
INFO - 09/24/25 19:06:48 - 0:44:22 - Skipping line due to error: setting an array element with a sequence. The requested array has an inhomogeneous shape after 1 dimensions. The detected shape was (11,) + inhomogeneous part.
INFO - 09/24/25 19:06:48 - 0:44:22 - Skipping line due to error: setting an array element with a sequence. The requested array has an inhomogeneous shape after 1 dimensions. The detected shape was (11,) + inhomogeneous part.
INFO - 09/24/25 19:06:48 - 0:44:22 - Skipping line due to error: Expected 11 elements, got 12
INFO - 09/24/25 19:06:48 - 0:44:22 - Skipping line due to error: setting an array element with a sequence. The requested array has an inhomogeneous shape after 1 dimensions. The detected shape was (11,) + inhomogeneous part.
INFO - 09/24/25 19:06:48 - 0:44:22 - Skipping line due to error: Expected 11 elements, got 10
INFO - 09/24/25 19:06:48 - 0:44:22 - Skipping line due to error: setting an array element with a sequence. The requested array has an inhomogeneous shape after 1 dimensions. The detected shape was (11,) + inhomogeneous part.
INFO - 09/24/25 19:06:48 - 0:44:22 - Skipping line due to error: setting an array element with a sequence. The requested array has an inhomogeneous shape after 1 dimensions. The detected shape was (11,) + inhomogeneous part.
INFO - 09/24/25 19:06:48 - 0:44:22 - Skipping line due to error: Expected 11 elements, got 12
INFO - 09/24/25 19:06:48 - 0:44:22 - Skipping line due to error: Expected 11 elements, got 10
INFO - 09/24/25 19:06:48 - 0:44:22 - Skipping line due to error: setting an array element with a sequence. The requested array has an inhomogeneous shape after 1 dimensions. The detected shape was (11,) + inhomogeneous part.
INFO - 09/24/25 19:06:48 - 0:44:22 - Skipping line due to error: setting an array element with a sequence. The requested array has an inhomogeneous shape after 1 dimensions. The detected shape was (11,) + inhomogeneous part.
INFO - 09/24/25 19:06:48 - 0:44:22 - Skipping line due to error: Expected 11 elements, got 10
INFO - 09/24/25 19:06:48 - 0:44:22 - Skipping line due to error: setting an array element with a sequence. The requested array has an inhomogeneous shape after 1 dimensions. The detected shape was (11,) + inhomogeneous part.
INFO - 09/24/25 19:06:48 - 0:44:22 - Skipping line due to error: Expected 11 elements, got 10
INFO - 09/24/25 19:06:48 - 0:44:22 - Skipping line due to error: setting an array element with a sequence. The requested array has an inhomogeneous shape after 1 dimensions. The detected shape was (11,) + inhomogeneous part.
INFO - 09/24/25 19:06:48 - 0:44:22 - Skipping line due to error: Expected 11 elements, got 10
INFO - 09/24/25 19:06:48 - 0:44:22 - Skipping line due to error: Expected 11 elements, got 12
INFO - 09/24/25 19:06:48 - 0:44:22 - Skipping line due to error: Expected 11 elements, got 10
INFO - 09/24/25 19:06:48 - 0:44:22 - Skipping line due to error: setting an array element with a sequence. The requested array has an inhomogeneous shape after 1 dimensions. The detected shape was (11,) + inhomogeneous part.
INFO - 09/24/25 19:06:48 - 0:44:22 - Skipping line due to error: setting an array element with a sequence. The requested array has an inhomogeneous shape after 1 dimensions. The detected shape was (11,) + inhomogeneous part.
INFO - 09/24/25 19:06:48 - 0:44:22 - Skipping line due to error: setting an array element with a sequence. The requested array has an inhomogeneous shape after 1 dimensions. The detected shape was (11,) + inhomogeneous part.
INFO - 09/24/25 19:06:48 - 0:44:22 - Skipping line due to error: Expected 11 elements, got 12
INFO - 09/24/25 19:06:48 - 0:44:22 - Skipping line due to error: setting an array element with a sequence. The requested array has an inhomogeneous shape after 1 dimensions. The detected shape was (11,) + inhomogeneous part.
INFO - 09/24/25 19:06:48 - 0:44:22 - Skipping line due to error: setting an array element with a sequence. The requested array has an inhomogeneous shape after 1 dimensions. The detected shape was (11,) + inhomogeneous part.
INFO - 09/24/25 19:06:48 - 0:44:22 - Skipping line due to error: setting an array element with a sequence. The requested array has an inhomogeneous shape after 1 dimensions. The detected shape was (11,) + inhomogeneous part.
INFO - 09/24/25 19:06:48 - 0:44:22 - Skipping line due to error: Expected 11 elements, got 10
INFO - 09/24/25 19:06:48 - 0:44:22 - Skipping line due to error: Expected 11 elements, got 12
INFO - 09/24/25 19:06:48 - 0:44:22 - Skipping line due to error: Expected 11 elements, got 12
INFO - 09/24/25 19:06:48 - 0:44:22 - Skipping line due to error: Expected 11 elements, got 10
INFO - 09/24/25 19:06:48 - 0:44:22 - Skipping line due to error: setting an array element with a sequence. The requested array has an inhomogeneous shape after 1 dimensions. The detected shape was (11,) + inhomogeneous part.
INFO - 09/24/25 19:06:48 - 0:44:22 - Skipping line due to error: setting an array element with a sequence. The requested array has an inhomogeneous shape after 1 dimensions. The detected shape was (11,) + inhomogeneous part.
INFO - 09/24/25 19:06:48 - 0:44:22 - Skipping line due to error: Expected 11 elements, got 10
INFO - 09/24/25 19:06:48 - 0:44:22 - Skipping line due to error: setting an array element with a sequence. The requested array has an inhomogeneous shape after 1 dimensions. The detected shape was (11,) + inhomogeneous part.
INFO - 09/24/25 19:06:48 - 0:44:22 - Skipping line due to error: setting an array element with a sequence. The requested array has an inhomogeneous shape after 1 dimensions. The detected shape was (11,) + inhomogeneous part.
INFO - 09/24/25 19:06:48 - 0:44:22 - Skipping line due to error: setting an array element with a sequence. The requested array has an inhomogeneous shape after 1 dimensions. The detected shape was (11,) + inhomogeneous part.
INFO - 09/24/25 19:06:48 - 0:44:22 - Skipping line due to error: setting an array element with a sequence. The requested array has an inhomogeneous shape after 1 dimensions. The detected shape was (11,) + inhomogeneous part.
INFO - 09/24/25 19:06:48 - 0:44:22 - Skipping line due to error: setting an array element with a sequence. The requested array has an inhomogeneous shape after 1 dimensions. The detected shape was (11,) + inhomogeneous part.
INFO - 09/24/25 19:06:48 - 0:44:22 - Skipping line due to error: setting an array element with a sequence. The requested array has an inhomogeneous shape after 1 dimensions. The detected shape was (11,) + inhomogeneous part.
INFO - 09/24/25 19:06:48 - 0:44:22 - Skipping line due to error: setting an array element with a sequence. The requested array has an inhomogeneous shape after 1 dimensions. The detected shape was (11,) + inhomogeneous part.
INFO - 09/24/25 19:06:48 - 0:44:22 - Skipping line due to error: Expected 11 elements, got 13
INFO - 09/24/25 19:06:48 - 0:44:22 - Skipping line due to error: Expected 11 elements, got 10
INFO - 09/24/25 19:06:48 - 0:44:22 - Skipping line due to error: setting an array element with a sequence. The requested array has an inhomogeneous shape after 1 dimensions. The detected shape was (11,) + inhomogeneous part.
INFO - 09/24/25 19:06:48 - 0:44:22 - Skipping line due to error: setting an array element with a sequence. The requested array has an inhomogeneous shape after 1 dimensions. The detected shape was (11,) + inhomogeneous part.
INFO - 09/24/25 19:06:48 - 0:44:22 - Skipping line due to error: setting an array element with a sequence. The requested array has an inhomogeneous shape after 1 dimensions. The detected shape was (11,) + inhomogeneous part.
INFO - 09/24/25 19:06:48 - 0:44:22 - Skipping line due to error: Expected 11 elements, got 12
INFO - 09/24/25 19:06:48 - 0:44:22 - Skipping line due to error: setting an array element with a sequence. The requested array has an inhomogeneous shape after 1 dimensions. The detected shape was (11,) + inhomogeneous part.
INFO - 09/24/25 19:06:48 - 0:44:22 - Skipping line due to error: setting an array element with a sequence. The requested array has an inhomogeneous shape after 1 dimensions. The detected shape was (11,) + inhomogeneous part.
INFO - 09/24/25 19:06:48 - 0:44:22 - Skipping line due to error: setting an array element with a sequence. The requested array has an inhomogeneous shape after 1 dimensions. The detected shape was (11,) + inhomogeneous part.
INFO - 09/24/25 19:06:48 - 0:44:22 - Skipping line due to error: Expected 11 elements, got 10
INFO - 09/24/25 19:06:48 - 0:44:22 - Skipping line due to error: setting an array element with a sequence. The requested array has an inhomogeneous shape after 1 dimensions. The detected shape was (11,) + inhomogeneous part.
INFO - 09/24/25 19:06:48 - 0:44:22 - Skipping line due to error: Expected 11 elements, got 12
INFO - 09/24/25 19:06:48 - 0:44:22 - Skipping line due to error: setting an array element with a sequence. The requested array has an inhomogeneous shape after 1 dimensions. The detected shape was (11,) + inhomogeneous part.
INFO - 09/24/25 19:06:48 - 0:44:22 - Skipping line due to error: setting an array element with a sequence. The requested array has an inhomogeneous shape after 1 dimensions. The detected shape was (11,) + inhomogeneous part.
INFO - 09/24/25 19:06:48 - 0:44:22 - Skipping line due to error: setting an array element with a sequence. The requested array has an inhomogeneous shape after 1 dimensions. The detected shape was (11,) + inhomogeneous part.
INFO - 09/24/25 19:06:48 - 0:44:22 - Skipping line due to error: setting an array element with a sequence. The requested array has an inhomogeneous shape after 1 dimensions. The detected shape was (11,) + inhomogeneous part.
INFO - 09/24/25 19:06:48 - 0:44:22 - Skipping line due to error: setting an array element with a sequence. The requested array has an inhomogeneous shape after 1 dimensions. The detected shape was (11,) + inhomogeneous part.
INFO - 09/24/25 19:06:48 - 0:44:22 - Skipping line due to error: Expected 11 elements, got 10
INFO - 09/24/25 19:06:48 - 0:44:22 - Skipping line due to error: Expected 11 elements, got 10
INFO - 09/24/25 19:06:48 - 0:44:22 - Skipping line due to error: setting an array element with a sequence. The requested array has an inhomogeneous shape after 1 dimensions. The detected shape was (11,) + inhomogeneous part.
INFO - 09/24/25 19:06:48 - 0:44:22 - Skipping line due to error: Expected 11 elements, got 12
INFO - 09/24/25 19:06:48 - 0:44:22 - Skipping line due to error: setting an array element with a sequence. The requested array has an inhomogeneous shape after 1 dimensions. The detected shape was (11,) + inhomogeneous part.
INFO - 09/24/25 19:06:48 - 0:44:22 - Skipping line due to error: setting an array element with a sequence. The requested array has an inhomogeneous shape after 1 dimensions. The detected shape was (11,) + inhomogeneous part.
INFO - 09/24/25 19:06:48 - 0:44:22 - Skipping line due to error: setting an array element with a sequence. The requested array has an inhomogeneous shape after 1 dimensions. The detected shape was (11,) + inhomogeneous part.
INFO - 09/24/25 19:06:48 - 0:44:22 - Skipping line due to error: Expected 11 elements, got 10
INFO - 09/24/25 19:06:48 - 0:44:22 - Skipping line due to error: Expected 11 elements, got 10
INFO - 09/24/25 19:06:48 - 0:44:22 - Skipping line due to error: Expected 11 elements, got 10
INFO - 09/24/25 19:06:48 - 0:44:22 - Skipping line due to error: setting an array element with a sequence. The requested array has an inhomogeneous shape after 1 dimensions. The detected shape was (11,) + inhomogeneous part.
INFO - 09/24/25 19:06:48 - 0:44:22 - Skipping line due to error: setting an array element with a sequence. The requested array has an inhomogeneous shape after 1 dimensions. The detected shape was (11,) + inhomogeneous part.
INFO - 09/24/25 19:06:48 - 0:44:22 - Skipping line due to error: setting an array element with a sequence. The requested array has an inhomogeneous shape after 1 dimensions. The detected shape was (11,) + inhomogeneous part.
INFO - 09/24/25 19:06:48 - 0:44:22 - Skipping line due to error: setting an array element with a sequence. The requested array has an inhomogeneous shape after 1 dimensions. The detected shape was (11,) + inhomogeneous part.
INFO - 09/24/25 19:06:48 - 0:44:22 - Skipping line due to error: setting an array element with a sequence. The requested array has an inhomogeneous shape after 1 dimensions. The detected shape was (11,) + inhomogeneous part.
INFO - 09/24/25 19:06:48 - 0:44:22 - Skipping line due to error: setting an array element with a sequence. The requested array has an inhomogeneous shape after 1 dimensions. The detected shape was (11,) + inhomogeneous part.
INFO - 09/24/25 19:06:48 - 0:44:22 - Skipping line due to error: Expected 11 elements, got 10
INFO - 09/24/25 19:06:48 - 0:44:22 - Skipping line due to error: setting an array element with a sequence. The requested array has an inhomogeneous shape after 1 dimensions. The detected shape was (11,) + inhomogeneous part.
INFO - 09/24/25 19:06:48 - 0:44:22 - Skipping line due to error: Expected 11 elements, got 7
INFO - 09/24/25 19:06:48 - 0:44:22 - Skipping line due to error: setting an array element with a sequence. The requested array has an inhomogeneous shape after 1 dimensions. The detected shape was (11,) + inhomogeneous part.
INFO - 09/24/25 19:06:48 - 0:44:22 - Skipping line due to error: Expected 11 elements, got 13
INFO - 09/24/25 19:06:48 - 0:44:22 - Skipping line due to error: Expected 11 elements, got 10
INFO - 09/24/25 19:06:48 - 0:44:22 - Skipping line due to error: setting an array element with a sequence. The requested array has an inhomogeneous shape after 1 dimensions. The detected shape was (11,) + inhomogeneous part.
INFO - 09/24/25 19:06:48 - 0:44:22 - Skipping line due to error: Expected 11 elements, got 12
INFO - 09/24/25 19:06:48 - 0:44:22 - Skipping line due to error: setting an array element with a sequence. The requested array has an inhomogeneous shape after 1 dimensions. The detected shape was (11,) + inhomogeneous part.
INFO - 09/24/25 19:06:48 - 0:44:22 - Skipping line due to error: setting an array element with a sequence. The requested array has an inhomogeneous shape after 1 dimensions. The detected shape was (11,) + inhomogeneous part.
INFO - 09/24/25 19:06:48 - 0:44:22 - Skipping line due to error: Expected 11 elements, got 13
INFO - 09/24/25 19:06:48 - 0:44:22 - Skipping line due to error: setting an array element with a sequence. The requested array has an inhomogeneous shape after 1 dimensions. The detected shape was (11,) + inhomogeneous part.
INFO - 09/24/25 19:06:48 - 0:44:22 - Skipping line due to error: setting an array element with a sequence. The requested array has an inhomogeneous shape after 1 dimensions. The detected shape was (11,) + inhomogeneous part.
INFO - 09/24/25 19:06:48 - 0:44:22 - Skipping line due to error: setting an array element with a sequence. The requested array has an inhomogeneous shape after 1 dimensions. The detected shape was (11,) + inhomogeneous part.
INFO - 09/24/25 19:06:48 - 0:44:22 - Skipping line due to error: setting an array element with a sequence. The requested array has an inhomogeneous shape after 1 dimensions. The detected shape was (11,) + inhomogeneous part.
INFO - 09/24/25 19:06:48 - 0:44:22 - Skipping line due to error: setting an array element with a sequence. The requested array has an inhomogeneous shape after 1 dimensions. The detected shape was (11,) + inhomogeneous part.
INFO - 09/24/25 19:06:48 - 0:44:22 - Skipping line due to error: setting an array element with a sequence. The requested array has an inhomogeneous shape after 1 dimensions. The detected shape was (11,) + inhomogeneous part.
INFO - 09/24/25 19:06:48 - 0:44:22 - Skipping line due to error: setting an array element with a sequence. The requested array has an inhomogeneous shape after 1 dimensions. The detected shape was (11,) + inhomogeneous part.
INFO - 09/24/25 19:06:48 - 0:44:22 - Skipping line due to error: setting an array element with a sequence. The requested array has an inhomogeneous shape after 1 dimensions. The detected shape was (11,) + inhomogeneous part.
INFO - 09/24/25 19:06:48 - 0:44:22 - Skipping line due to error: Expected 11 elements, got 10
INFO - 09/24/25 19:06:48 - 0:44:22 - Skipping line due to error: Expected 11 elements, got 8
INFO - 09/24/25 19:06:48 - 0:44:22 - Skipping line due to error: Expected 11 elements, got 10
INFO - 09/24/25 19:06:48 - 0:44:22 - Skipping line due to error: setting an array element with a sequence. The requested array has an inhomogeneous shape after 1 dimensions. The detected shape was (11,) + inhomogeneous part.
INFO - 09/24/25 19:06:48 - 0:44:22 - Skipping line due to error: Expected 11 elements, got 12
INFO - 09/24/25 19:06:48 - 0:44:22 - Skipping line due to error: setting an array element with a sequence. The requested array has an inhomogeneous shape after 1 dimensions. The detected shape was (11,) + inhomogeneous part.
INFO - 09/24/25 19:06:48 - 0:44:22 - Skipping line due to error: setting an array element with a sequence. The requested array has an inhomogeneous shape after 1 dimensions. The detected shape was (11,) + inhomogeneous part.
INFO - 09/24/25 19:06:48 - 0:44:22 - Skipping line due to error: setting an array element with a sequence. The requested array has an inhomogeneous shape after 1 dimensions. The detected shape was (11,) + inhomogeneous part.
INFO - 09/24/25 19:06:48 - 0:44:22 - Skipping line due to error: Expected 11 elements, got 10
INFO - 09/24/25 19:06:48 - 0:44:22 - Skipping line due to error: setting an array element with a sequence. The requested array has an inhomogeneous shape after 1 dimensions. The detected shape was (11,) + inhomogeneous part.
INFO - 09/24/25 19:06:48 - 0:44:22 - Skipping line due to error: Expected 11 elements, got 10
INFO - 09/24/25 19:06:48 - 0:44:22 - Skipping line due to error: setting an array element with a sequence. The requested array has an inhomogeneous shape after 1 dimensions. The detected shape was (11,) + inhomogeneous part.
INFO - 09/24/25 19:06:48 - 0:44:22 - Skipping line due to error: setting an array element with a sequence. The requested array has an inhomogeneous shape after 1 dimensions. The detected shape was (11,) + inhomogeneous part.
INFO - 09/24/25 19:06:48 - 0:44:22 - Skipping line due to error: Expected 11 elements, got 9
INFO - 09/24/25 19:06:48 - 0:44:22 - Skipping line due to error: Expected 11 elements, got 10
INFO - 09/24/25 19:06:48 - 0:44:23 - Skipping line due to error: Expected 11 elements, got 10
INFO - 09/24/25 19:06:48 - 0:44:23 - Skipping line due to error: setting an array element with a sequence. The requested array has an inhomogeneous shape after 1 dimensions. The detected shape was (11,) + inhomogeneous part.
INFO - 09/24/25 19:06:48 - 0:44:23 - Skipping line due to error: setting an array element with a sequence. The requested array has an inhomogeneous shape after 1 dimensions. The detected shape was (11,) + inhomogeneous part.
INFO - 09/24/25 19:06:48 - 0:44:23 - Skipping line due to error: Expected 11 elements, got 10
INFO - 09/24/25 19:06:48 - 0:44:23 - Skipping line due to error: Expected 11 elements, got 4
INFO - 09/24/25 19:06:48 - 0:44:23 - Skipping line due to error: setting an array element with a sequence. The requested array has an inhomogeneous shape after 1 dimensions. The detected shape was (11,) + inhomogeneous part.
INFO - 09/24/25 19:06:48 - 0:44:23 - Skipping line due to error: setting an array element with a sequence. The requested array has an inhomogeneous shape after 1 dimensions. The detected shape was (11,) + inhomogeneous part.
INFO - 09/24/25 19:06:48 - 0:44:23 - Skipping line due to error: setting an array element with a sequence. The requested array has an inhomogeneous shape after 1 dimensions. The detected shape was (11,) + inhomogeneous part.
INFO - 09/24/25 19:06:48 - 0:44:23 - Skipping line due to error: Expected 11 elements, got 10
INFO - 09/24/25 19:06:48 - 0:44:23 - Skipping line due to error: Expected 11 elements, got 9
INFO - 09/24/25 19:06:48 - 0:44:23 - Skipping line due to error: Expected 11 elements, got 2
INFO - 09/24/25 19:06:48 - 0:44:23 - Skipping line due to error: setting an array element with a sequence. The requested array has an inhomogeneous shape after 1 dimensions. The detected shape was (11,) + inhomogeneous part.
INFO - 09/24/25 19:06:48 - 0:44:23 - Skipping line due to error: setting an array element with a sequence. The requested array has an inhomogeneous shape after 1 dimensions. The detected shape was (11,) + inhomogeneous part.
INFO - 09/24/25 19:06:48 - 0:44:23 - Skipping line due to error: Expected 11 elements, got 12
INFO - 09/24/25 19:06:48 - 0:44:23 - Skipping line due to error: setting an array element with a sequence. The requested array has an inhomogeneous shape after 1 dimensions. The detected shape was (11,) + inhomogeneous part.
INFO - 09/24/25 19:06:48 - 0:44:23 - Skipping line due to error: setting an array element with a sequence. The requested array has an inhomogeneous shape after 1 dimensions. The detected shape was (11,) + inhomogeneous part.
INFO - 09/24/25 19:06:48 - 0:44:23 - Skipping line due to error: setting an array element with a sequence. The requested array has an inhomogeneous shape after 1 dimensions. The detected shape was (11,) + inhomogeneous part.
INFO - 09/24/25 19:06:48 - 0:44:23 - Skipping line due to error: Expected 11 elements, got 10
INFO - 09/24/25 19:06:48 - 0:44:23 - Skipping line due to error: Expected 11 elements, got 10
INFO - 09/24/25 19:06:48 - 0:44:23 - Skipping line due to error: setting an array element with a sequence. The requested array has an inhomogeneous shape after 1 dimensions. The detected shape was (11,) + inhomogeneous part.
INFO - 09/24/25 19:06:48 - 0:44:23 - Skipping line due to error: Expected 11 elements, got 10
INFO - 09/24/25 19:06:48 - 0:44:23 - Skipping line due to error: setting an array element with a sequence. The requested array has an inhomogeneous shape after 1 dimensions. The detected shape was (11,) + inhomogeneous part.
INFO - 09/24/25 19:06:48 - 0:44:23 - Skipping line due to error: setting an array element with a sequence. The requested array has an inhomogeneous shape after 1 dimensions. The detected shape was (11,) + inhomogeneous part.
INFO - 09/24/25 19:06:48 - 0:44:23 - Skipping line due to error: setting an array element with a sequence. The requested array has an inhomogeneous shape after 1 dimensions. The detected shape was (11,) + inhomogeneous part.
INFO - 09/24/25 19:06:48 - 0:44:23 - Skipping line due to error: setting an array element with a sequence. The requested array has an inhomogeneous shape after 1 dimensions. The detected shape was (11,) + inhomogeneous part.
INFO - 09/24/25 19:06:48 - 0:44:23 - Skipping line due to error: setting an array element with a sequence. The requested array has an inhomogeneous shape after 1 dimensions. The detected shape was (11,) + inhomogeneous part.
INFO - 09/24/25 19:06:48 - 0:44:23 - Skipping line due to error: setting an array element with a sequence. The requested array has an inhomogeneous shape after 1 dimensions. The detected shape was (11,) + inhomogeneous part.
INFO - 09/24/25 19:06:48 - 0:44:23 - Skipping line due to error: Expected 11 elements, got 9
INFO - 09/24/25 19:06:48 - 0:44:23 - Skipping line due to error: Expected 11 elements, got 10
INFO - 09/24/25 19:06:48 - 0:44:23 - Skipping line due to error: Expected 11 elements, got 10
INFO - 09/24/25 19:06:48 - 0:44:23 - Skipping line due to error: Expected 11 elements, got 10
INFO - 09/24/25 19:06:48 - 0:44:23 - Skipping line due to error: setting an array element with a sequence. The requested array has an inhomogeneous shape after 1 dimensions. The detected shape was (11,) + inhomogeneous part.
INFO - 09/24/25 19:06:48 - 0:44:23 - Skipping line due to error: setting an array element with a sequence. The requested array has an inhomogeneous shape after 1 dimensions. The detected shape was (11,) + inhomogeneous part.
INFO - 09/24/25 19:06:48 - 0:44:23 - Skipping line due to error: setting an array element with a sequence. The requested array has an inhomogeneous shape after 1 dimensions. The detected shape was (11,) + inhomogeneous part.
INFO - 09/24/25 19:06:48 - 0:44:23 - Skipping line due to error: setting an array element with a sequence. The requested array has an inhomogeneous shape after 1 dimensions. The detected shape was (11,) + inhomogeneous part.
INFO - 09/24/25 19:06:48 - 0:44:23 - Skipping line due to error: Expected 11 elements, got 10
INFO - 09/24/25 19:06:48 - 0:44:23 - Skipping line due to error: setting an array element with a sequence. The requested array has an inhomogeneous shape after 1 dimensions. The detected shape was (11,) + inhomogeneous part.
INFO - 09/24/25 19:06:48 - 0:44:23 - Skipping line due to error: Expected 11 elements, got 12
INFO - 09/24/25 19:06:48 - 0:44:23 - Skipping line due to error: setting an array element with a sequence. The requested array has an inhomogeneous shape after 1 dimensions. The detected shape was (11,) + inhomogeneous part.
INFO - 09/24/25 19:06:48 - 0:44:23 - Skipping line due to error: Expected 11 elements, got 10
INFO - 09/24/25 19:06:48 - 0:44:23 - Skipping line due to error: setting an array element with a sequence. The requested array has an inhomogeneous shape after 1 dimensions. The detected shape was (11,) + inhomogeneous part.
INFO - 09/24/25 19:06:48 - 0:44:23 - Skipping line due to error: setting an array element with a sequence. The requested array has an inhomogeneous shape after 1 dimensions. The detected shape was (11,) + inhomogeneous part.
INFO - 09/24/25 19:06:53 - 0:44:28 - distribution of scores(all rounds)
INFO - 09/24/25 19:06:53 - 0:44:28 - Score:891.0, Count:1
                                     
INFO - 09/24/25 19:06:53 - 0:44:28 - Score:816.0, Count:2
                                     
INFO - 09/24/25 19:06:53 - 0:44:28 - Score:807.0, Count:1
                                     
INFO - 09/24/25 19:06:53 - 0:44:28 - Score:805.0, Count:1
                                     
INFO - 09/24/25 19:06:53 - 0:44:28 - Score:801.0, Count:1
                                     
INFO - 09/24/25 19:06:53 - 0:44:28 - Score:800.0, Count:1
                                     
INFO - 09/24/25 19:06:53 - 0:44:28 - Score:798.0, Count:3
                                     
INFO - 09/24/25 19:06:53 - 0:44:28 - Score:793.0, Count:1
                                     
INFO - 09/24/25 19:06:53 - 0:44:28 - Score:780.0, Count:1
                                     
INFO - 09/24/25 19:06:53 - 0:44:28 - Score:776.0, Count:1
                                     
INFO - 09/24/25 19:06:53 - 0:44:28 - Score:774.0, Count:1
                                     
INFO - 09/24/25 19:06:53 - 0:44:28 - Score:769.0, Count:1
                                     
INFO - 09/24/25 19:06:53 - 0:44:28 - Score:531.0, Count:0
                                     
INFO - 09/24/25 19:06:53 - 0:44:28 - tokenizing
INFO - 09/24/25 19:06:53 - 0:44:28 - Loading tokenizer from /home/yuebi/Project/dim11_run/dim11_run_23/7787/tokenizer_data/tokenizer.json...
INFO - 09/24/25 19:06:53 - 0:44:28 - 0 / 15
INFO - 09/24/25 19:06:53 - 0:44:28 - number of examples in the dataset: 15
INFO - 09/24/25 19:06:53 - 0:44:28 - max word length: 62
INFO - 09/24/25 19:06:53 - 0:44:28 - number of unique characters in the vocabulary: 15
INFO - 09/24/25 19:06:53 - 0:44:28 - vocabulary:
INFO - 09/24/25 19:06:53 - 0:44:28 - ['V0', 'V1', 'V2', 'V3', 'V4', 'V5', 'V6', 'V7', 'V8', 'V9', 'V10', 'V11', 'V12', 'V13', 'V14']
INFO - 09/24/25 19:06:53 - 0:44:28 - split up the dataset into 14 training examples and 1 test examples
INFO - 09/24/25 19:06:53 - 0:44:28 - ============ Start of generation 3 ============
INFO - 09/24/25 19:06:53 - 0:44:28 - Memory allocated:  41.64MB, reserved: 1854.00MB
INFO - 09/24/25 19:06:53 - 0:44:28 - training
INFO - 09/24/25 19:06:54 - 0:44:28 - step 0 | loss 6.7283 | step time 99.03ms
INFO - 09/24/25 19:07:03 - 0:44:37 - step 100 | loss 0.0549 | step time 92.71ms
INFO - 09/24/25 19:07:12 - 0:44:46 - step 200 | loss 0.0485 | step time 92.66ms
INFO - 09/24/25 19:07:21 - 0:44:56 - step 300 | loss 0.0493 | step time 92.57ms
INFO - 09/24/25 19:07:31 - 0:45:05 - step 400 | loss 0.0492 | step time 92.82ms
INFO - 09/24/25 19:07:40 - 0:45:14 - step 500 | loss 0.0467 | step time 92.39ms
INFO - 09/24/25 19:07:40 - 0:45:14 - step 500 train loss: 0.048227496445178986 test loss: 5.739358901977539
INFO - 09/24/25 19:07:40 - 0:45:14 - test loss 5.739358901977539 is the best so far, saving model to /home/yuebi/Project/dim11_run/dim11_run_23/7787/model.pt
INFO - 09/24/25 19:07:49 - 0:45:24 - step 600 | loss 0.0458 | step time 92.71ms
INFO - 09/24/25 19:07:58 - 0:45:33 - step 700 | loss 0.0504 | step time 93.07ms
INFO - 09/24/25 19:08:08 - 0:45:42 - step 800 | loss 0.0465 | step time 92.48ms
INFO - 09/24/25 19:08:17 - 0:45:51 - step 900 | loss 0.0484 | step time 92.32ms
INFO - 09/24/25 19:08:26 - 0:46:00 - Memory allocated:  41.64MB, reserved: 1854.00MB
INFO - 09/24/25 19:08:26 - 0:46:00 - generating
INFO - 09/24/25 19:28:20 - 1:05:55 - distribution of sample lengths: average: 177.10763333333333 max: 408
INFO - 09/24/25 19:28:20 - 1:05:55 - printed 30000 samples
INFO - 09/24/25 19:28:20 - 1:05:55 - decoding
INFO - 09/24/25 19:28:21 - 1:05:55 - Decoding complete. Check the output in /home/yuebi/Project/dim11_run/dim11_run_23/7787/transformer-output-decoded.txt
INFO - 09/24/25 19:28:21 - 1:05:55 - Memory allocated:  41.64MB, reserved: 1854.00MB
INFO - 09/24/25 19:28:21 - 1:05:55 - ============ End of generation 3 ============
INFO - 09/24/25 19:28:21 - 1:05:55 - launching search.jl
INFO - 09/24/25 19:28:21 - 1:05:55 - JULIA_NUM_THREADS is set to 1
INFO - 09/24/25 19:28:21 - 1:05:55 - Skipping line due to error: setting an array element with a sequence. The requested array has an inhomogeneous shape after 1 dimensions. The detected shape was (11,) + inhomogeneous part.
INFO - 09/24/25 19:28:21 - 1:05:55 - Skipping line due to error: Expected 11 elements, got 12
INFO - 09/24/25 19:28:21 - 1:05:55 - Skipping line due to error: setting an array element with a sequence. The requested array has an inhomogeneous shape after 1 dimensions. The detected shape was (11,) + inhomogeneous part.
INFO - 09/24/25 19:28:21 - 1:05:55 - Skipping line due to error: setting an array element with a sequence. The requested array has an inhomogeneous shape after 1 dimensions. The detected shape was (11,) + inhomogeneous part.
INFO - 09/24/25 19:28:21 - 1:05:55 - Skipping line due to error: setting an array element with a sequence. The requested array has an inhomogeneous shape after 1 dimensions. The detected shape was (11,) + inhomogeneous part.
INFO - 09/24/25 19:28:21 - 1:05:55 - Skipping line due to error: setting an array element with a sequence. The requested array has an inhomogeneous shape after 1 dimensions. The detected shape was (11,) + inhomogeneous part.
INFO - 09/24/25 19:28:21 - 1:05:55 - Skipping line due to error: setting an array element with a sequence. The requested array has an inhomogeneous shape after 1 dimensions. The detected shape was (11,) + inhomogeneous part.
INFO - 09/24/25 19:28:21 - 1:05:55 - Skipping line due to error: setting an array element with a sequence. The requested array has an inhomogeneous shape after 1 dimensions. The detected shape was (11,) + inhomogeneous part.
INFO - 09/24/25 19:28:21 - 1:05:55 - Skipping line due to error: setting an array element with a sequence. The requested array has an inhomogeneous shape after 1 dimensions. The detected shape was (11,) + inhomogeneous part.
INFO - 09/24/25 19:28:21 - 1:05:55 - Skipping line due to error: setting an array element with a sequence. The requested array has an inhomogeneous shape after 1 dimensions. The detected shape was (11,) + inhomogeneous part.
INFO - 09/24/25 19:28:21 - 1:05:55 - Skipping line due to error: setting an array element with a sequence. The requested array has an inhomogeneous shape after 1 dimensions. The detected shape was (11,) + inhomogeneous part.
INFO - 09/24/25 19:28:21 - 1:05:55 - Skipping line due to error: Expected 11 elements, got 5
INFO - 09/24/25 19:28:21 - 1:05:55 - Skipping line due to error: setting an array element with a sequence. The requested array has an inhomogeneous shape after 1 dimensions. The detected shape was (11,) + inhomogeneous part.
INFO - 09/24/25 19:28:21 - 1:05:55 - Skipping line due to error: setting an array element with a sequence. The requested array has an inhomogeneous shape after 1 dimensions. The detected shape was (11,) + inhomogeneous part.
INFO - 09/24/25 19:28:21 - 1:05:55 - Skipping line due to error: setting an array element with a sequence. The requested array has an inhomogeneous shape after 1 dimensions. The detected shape was (11,) + inhomogeneous part.
INFO - 09/24/25 19:28:21 - 1:05:55 - Skipping line due to error: setting an array element with a sequence. The requested array has an inhomogeneous shape after 1 dimensions. The detected shape was (11,) + inhomogeneous part.
INFO - 09/24/25 19:28:21 - 1:05:55 - Skipping line due to error: setting an array element with a sequence. The requested array has an inhomogeneous shape after 1 dimensions. The detected shape was (11,) + inhomogeneous part.
INFO - 09/24/25 19:28:21 - 1:05:55 - Skipping line due to error: Expected 11 elements, got 10
INFO - 09/24/25 19:28:21 - 1:05:55 - Skipping line due to error: Expected 11 elements, got 10
INFO - 09/24/25 19:28:21 - 1:05:55 - Skipping line due to error: setting an array element with a sequence. The requested array has an inhomogeneous shape after 1 dimensions. The detected shape was (11,) + inhomogeneous part.
INFO - 09/24/25 19:28:21 - 1:05:55 - Skipping line due to error: Expected 11 elements, got 12
INFO - 09/24/25 19:28:21 - 1:05:55 - Skipping line due to error: setting an array element with a sequence. The requested array has an inhomogeneous shape after 1 dimensions. The detected shape was (11,) + inhomogeneous part.
INFO - 09/24/25 19:28:21 - 1:05:55 - Skipping line due to error: Expected 11 elements, got 13
INFO - 09/24/25 19:28:21 - 1:05:55 - Skipping line due to error: Expected 11 elements, got 10
INFO - 09/24/25 19:28:21 - 1:05:55 - Skipping line due to error: setting an array element with a sequence. The requested array has an inhomogeneous shape after 1 dimensions. The detected shape was (11,) + inhomogeneous part.
INFO - 09/24/25 19:28:21 - 1:05:55 - Skipping line due to error: setting an array element with a sequence. The requested array has an inhomogeneous shape after 1 dimensions. The detected shape was (11,) + inhomogeneous part.
INFO - 09/24/25 19:28:21 - 1:05:55 - Skipping line due to error: Expected 11 elements, got 2
INFO - 09/24/25 19:28:21 - 1:05:55 - Skipping line due to error: setting an array element with a sequence. The requested array has an inhomogeneous shape after 1 dimensions. The detected shape was (11,) + inhomogeneous part.
INFO - 09/24/25 19:28:21 - 1:05:55 - Skipping line due to error: Expected 11 elements, got 12
INFO - 09/24/25 19:28:21 - 1:05:55 - Skipping line due to error: Expected 11 elements, got 7
INFO - 09/24/25 19:28:21 - 1:05:55 - Skipping line due to error: Expected 11 elements, got 13
INFO - 09/24/25 19:28:21 - 1:05:55 - Skipping line due to error: Expected 11 elements, got 12
INFO - 09/24/25 19:28:21 - 1:05:55 - Skipping line due to error: setting an array element with a sequence. The requested array has an inhomogeneous shape after 1 dimensions. The detected shape was (11,) + inhomogeneous part.
INFO - 09/24/25 19:28:21 - 1:05:55 - Skipping line due to error: setting an array element with a sequence. The requested array has an inhomogeneous shape after 1 dimensions. The detected shape was (11,) + inhomogeneous part.
INFO - 09/24/25 19:28:21 - 1:05:55 - Skipping line due to error: setting an array element with a sequence. The requested array has an inhomogeneous shape after 1 dimensions. The detected shape was (11,) + inhomogeneous part.
INFO - 09/24/25 19:28:21 - 1:05:55 - Skipping line due to error: Expected 11 elements, got 13
INFO - 09/24/25 19:28:21 - 1:05:55 - Skipping line due to error: Expected 11 elements, got 12
INFO - 09/24/25 19:28:21 - 1:05:55 - Skipping line due to error: setting an array element with a sequence. The requested array has an inhomogeneous shape after 1 dimensions. The detected shape was (11,) + inhomogeneous part.
INFO - 09/24/25 19:28:21 - 1:05:55 - Skipping line due to error: Expected 11 elements, got 3
INFO - 09/24/25 19:28:21 - 1:05:55 - Skipping line due to error: setting an array element with a sequence. The requested array has an inhomogeneous shape after 1 dimensions. The detected shape was (11,) + inhomogeneous part.
INFO - 09/24/25 19:28:21 - 1:05:55 - Skipping line due to error: setting an array element with a sequence. The requested array has an inhomogeneous shape after 1 dimensions. The detected shape was (11,) + inhomogeneous part.
INFO - 09/24/25 19:28:21 - 1:05:55 - Skipping line due to error: setting an array element with a sequence. The requested array has an inhomogeneous shape after 1 dimensions. The detected shape was (11,) + inhomogeneous part.
INFO - 09/24/25 19:28:21 - 1:05:55 - Skipping line due to error: setting an array element with a sequence. The requested array has an inhomogeneous shape after 1 dimensions. The detected shape was (11,) + inhomogeneous part.
INFO - 09/24/25 19:28:21 - 1:05:55 - Skipping line due to error: Expected 11 elements, got 13
INFO - 09/24/25 19:28:21 - 1:05:55 - Skipping line due to error: Expected 11 elements, got 10
INFO - 09/24/25 19:28:21 - 1:05:55 - Skipping line due to error: Expected 11 elements, got 1
INFO - 09/24/25 19:28:21 - 1:05:55 - Skipping line due to error: Expected 11 elements, got 13
INFO - 09/24/25 19:28:21 - 1:05:55 - Skipping line due to error: setting an array element with a sequence. The requested array has an inhomogeneous shape after 1 dimensions. The detected shape was (11,) + inhomogeneous part.
INFO - 09/24/25 19:28:21 - 1:05:55 - Skipping line due to error: Expected 11 elements, got 12
INFO - 09/24/25 19:28:21 - 1:05:55 - Skipping line due to error: Expected 11 elements, got 12
INFO - 09/24/25 19:28:21 - 1:05:55 - Skipping line due to error: setting an array element with a sequence. The requested array has an inhomogeneous shape after 1 dimensions. The detected shape was (11,) + inhomogeneous part.
INFO - 09/24/25 19:28:21 - 1:05:55 - Skipping line due to error: setting an array element with a sequence. The requested array has an inhomogeneous shape after 1 dimensions. The detected shape was (11,) + inhomogeneous part.
INFO - 09/24/25 19:28:21 - 1:05:55 - Skipping line due to error: setting an array element with a sequence. The requested array has an inhomogeneous shape after 1 dimensions. The detected shape was (11,) + inhomogeneous part.
INFO - 09/24/25 19:28:21 - 1:05:55 - Skipping line due to error: setting an array element with a sequence. The requested array has an inhomogeneous shape after 1 dimensions. The detected shape was (11,) + inhomogeneous part.
INFO - 09/24/25 19:28:21 - 1:05:55 - Skipping line due to error: Expected 11 elements, got 10
INFO - 09/24/25 19:28:21 - 1:05:55 - Skipping line due to error: setting an array element with a sequence. The requested array has an inhomogeneous shape after 1 dimensions. The detected shape was (11,) + inhomogeneous part.
INFO - 09/24/25 19:28:21 - 1:05:55 - Skipping line due to error: Expected 11 elements, got 12
INFO - 09/24/25 19:28:21 - 1:05:55 - Skipping line due to error: setting an array element with a sequence. The requested array has an inhomogeneous shape after 1 dimensions. The detected shape was (11,) + inhomogeneous part.
INFO - 09/24/25 19:28:21 - 1:05:55 - Skipping line due to error: Expected 11 elements, got 12
INFO - 09/24/25 19:28:21 - 1:05:55 - Skipping line due to error: Expected 11 elements, got 9
INFO - 09/24/25 19:28:21 - 1:05:55 - Skipping line due to error: setting an array element with a sequence. The requested array has an inhomogeneous shape after 1 dimensions. The detected shape was (11,) + inhomogeneous part.
INFO - 09/24/25 19:28:21 - 1:05:55 - Skipping line due to error: Expected 11 elements, got 10
INFO - 09/24/25 19:28:21 - 1:05:55 - Skipping line due to error: Expected 11 elements, got 8
INFO - 09/24/25 19:28:21 - 1:05:55 - Skipping line due to error: Expected 11 elements, got 12
INFO - 09/24/25 19:28:21 - 1:05:55 - Skipping line due to error: Expected 11 elements, got 12
INFO - 09/24/25 19:28:21 - 1:05:55 - Skipping line due to error: setting an array element with a sequence. The requested array has an inhomogeneous shape after 1 dimensions. The detected shape was (11,) + inhomogeneous part.
INFO - 09/24/25 19:28:21 - 1:05:55 - Skipping line due to error: Expected 11 elements, got 10
INFO - 09/24/25 19:28:21 - 1:05:55 - Skipping line due to error: setting an array element with a sequence. The requested array has an inhomogeneous shape after 1 dimensions. The detected shape was (11,) + inhomogeneous part.
INFO - 09/24/25 19:28:21 - 1:05:55 - Skipping line due to error: Expected 11 elements, got 12
INFO - 09/24/25 19:28:21 - 1:05:55 - Skipping line due to error: setting an array element with a sequence. The requested array has an inhomogeneous shape after 1 dimensions. The detected shape was (11,) + inhomogeneous part.
INFO - 09/24/25 19:28:21 - 1:05:55 - Skipping line due to error: Expected 11 elements, got 12
INFO - 09/24/25 19:28:21 - 1:05:55 - Skipping line due to error: setting an array element with a sequence. The requested array has an inhomogeneous shape after 1 dimensions. The detected shape was (11,) + inhomogeneous part.
INFO - 09/24/25 19:28:21 - 1:05:55 - Skipping line due to error: setting an array element with a sequence. The requested array has an inhomogeneous shape after 1 dimensions. The detected shape was (11,) + inhomogeneous part.
INFO - 09/24/25 19:28:21 - 1:05:55 - Skipping line due to error: setting an array element with a sequence. The requested array has an inhomogeneous shape after 1 dimensions. The detected shape was (11,) + inhomogeneous part.
INFO - 09/24/25 19:28:21 - 1:05:55 - Skipping line due to error: setting an array element with a sequence. The requested array has an inhomogeneous shape after 1 dimensions. The detected shape was (11,) + inhomogeneous part.
INFO - 09/24/25 19:28:21 - 1:05:55 - Skipping line due to error: setting an array element with a sequence. The requested array has an inhomogeneous shape after 1 dimensions. The detected shape was (11,) + inhomogeneous part.
INFO - 09/24/25 19:28:21 - 1:05:55 - Skipping line due to error: Expected 11 elements, got 12
INFO - 09/24/25 19:28:21 - 1:05:55 - Skipping line due to error: setting an array element with a sequence. The requested array has an inhomogeneous shape after 1 dimensions. The detected shape was (11,) + inhomogeneous part.
INFO - 09/24/25 19:28:21 - 1:05:55 - Skipping line due to error: Expected 11 elements, got 10
INFO - 09/24/25 19:28:21 - 1:05:55 - Skipping line due to error: Expected 11 elements, got 12
INFO - 09/24/25 19:28:21 - 1:05:55 - Skipping line due to error: Expected 11 elements, got 12
INFO - 09/24/25 19:28:21 - 1:05:55 - Skipping line due to error: setting an array element with a sequence. The requested array has an inhomogeneous shape after 1 dimensions. The detected shape was (11,) + inhomogeneous part.
INFO - 09/24/25 19:28:21 - 1:05:55 - Skipping line due to error: Expected 11 elements, got 10
INFO - 09/24/25 19:28:21 - 1:05:55 - Skipping line due to error: setting an array element with a sequence. The requested array has an inhomogeneous shape after 1 dimensions. The detected shape was (11,) + inhomogeneous part.
INFO - 09/24/25 19:28:21 - 1:05:55 - Skipping line due to error: Expected 11 elements, got 10
INFO - 09/24/25 19:28:21 - 1:05:55 - Skipping line due to error: Expected 11 elements, got 9
INFO - 09/24/25 19:28:21 - 1:05:55 - Skipping line due to error: Expected 11 elements, got 12
INFO - 09/24/25 19:28:21 - 1:05:55 - Skipping line due to error: Expected 11 elements, got 12
INFO - 09/24/25 19:28:21 - 1:05:55 - Skipping line due to error: Expected 11 elements, got 12
INFO - 09/24/25 19:28:21 - 1:05:55 - Skipping line due to error: Expected 11 elements, got 10
INFO - 09/24/25 19:28:21 - 1:05:55 - Skipping line due to error: Expected 11 elements, got 10
INFO - 09/24/25 19:28:21 - 1:05:55 - Skipping line due to error: setting an array element with a sequence. The requested array has an inhomogeneous shape after 1 dimensions. The detected shape was (11,) + inhomogeneous part.
INFO - 09/24/25 19:28:21 - 1:05:55 - Skipping line due to error: setting an array element with a sequence. The requested array has an inhomogeneous shape after 1 dimensions. The detected shape was (11,) + inhomogeneous part.
INFO - 09/24/25 19:28:21 - 1:05:55 - Skipping line due to error: Expected 11 elements, got 12
INFO - 09/24/25 19:28:21 - 1:05:55 - Skipping line due to error: Expected 11 elements, got 10
INFO - 09/24/25 19:28:21 - 1:05:55 - Skipping line due to error: setting an array element with a sequence. The requested array has an inhomogeneous shape after 1 dimensions. The detected shape was (11,) + inhomogeneous part.
INFO - 09/24/25 19:28:21 - 1:05:55 - Skipping line due to error: setting an array element with a sequence. The requested array has an inhomogeneous shape after 1 dimensions. The detected shape was (11,) + inhomogeneous part.
INFO - 09/24/25 19:28:21 - 1:05:55 - Skipping line due to error: Expected 11 elements, got 12
INFO - 09/24/25 19:28:21 - 1:05:55 - Skipping line due to error: Expected 11 elements, got 12
INFO - 09/24/25 19:28:21 - 1:05:55 - Skipping line due to error: Expected 11 elements, got 10
INFO - 09/24/25 19:28:21 - 1:05:55 - Skipping line due to error: Expected 11 elements, got 13
INFO - 09/24/25 19:28:21 - 1:05:55 - Skipping line due to error: Expected 11 elements, got 12
INFO - 09/24/25 19:28:21 - 1:05:55 - Skipping line due to error: Expected 11 elements, got 13
INFO - 09/24/25 19:28:21 - 1:05:55 - Skipping line due to error: setting an array element with a sequence. The requested array has an inhomogeneous shape after 1 dimensions. The detected shape was (11,) + inhomogeneous part.
INFO - 09/24/25 19:28:21 - 1:05:55 - Skipping line due to error: Expected 11 elements, got 12
INFO - 09/24/25 19:28:21 - 1:05:55 - Skipping line due to error: setting an array element with a sequence. The requested array has an inhomogeneous shape after 1 dimensions. The detected shape was (11,) + inhomogeneous part.
INFO - 09/24/25 19:28:21 - 1:05:55 - Skipping line due to error: setting an array element with a sequence. The requested array has an inhomogeneous shape after 1 dimensions. The detected shape was (11,) + inhomogeneous part.
INFO - 09/24/25 19:28:21 - 1:05:55 - Skipping line due to error: Expected 11 elements, got 10
INFO - 09/24/25 19:28:21 - 1:05:55 - Skipping line due to error: setting an array element with a sequence. The requested array has an inhomogeneous shape after 1 dimensions. The detected shape was (11,) + inhomogeneous part.
INFO - 09/24/25 19:28:21 - 1:05:55 - Skipping line due to error: setting an array element with a sequence. The requested array has an inhomogeneous shape after 1 dimensions. The detected shape was (11,) + inhomogeneous part.
INFO - 09/24/25 19:28:21 - 1:05:55 - Skipping line due to error: Expected 11 elements, got 9
INFO - 09/24/25 19:28:21 - 1:05:55 - Skipping line due to error: setting an array element with a sequence. The requested array has an inhomogeneous shape after 1 dimensions. The detected shape was (11,) + inhomogeneous part.
INFO - 09/24/25 19:28:21 - 1:05:55 - Skipping line due to error: setting an array element with a sequence. The requested array has an inhomogeneous shape after 1 dimensions. The detected shape was (11,) + inhomogeneous part.
INFO - 09/24/25 19:28:21 - 1:05:55 - Skipping line due to error: setting an array element with a sequence. The requested array has an inhomogeneous shape after 1 dimensions. The detected shape was (11,) + inhomogeneous part.
INFO - 09/24/25 19:28:21 - 1:05:55 - Skipping line due to error: Expected 11 elements, got 12
INFO - 09/24/25 19:28:21 - 1:05:55 - Skipping line due to error: Expected 11 elements, got 12
INFO - 09/24/25 19:28:21 - 1:05:55 - Skipping line due to error: setting an array element with a sequence. The requested array has an inhomogeneous shape after 1 dimensions. The detected shape was (11,) + inhomogeneous part.
INFO - 09/24/25 19:28:21 - 1:05:55 - Skipping line due to error: Expected 11 elements, got 12
INFO - 09/24/25 19:28:21 - 1:05:55 - Skipping line due to error: Expected 11 elements, got 12
INFO - 09/24/25 19:28:21 - 1:05:55 - Skipping line due to error: setting an array element with a sequence. The requested array has an inhomogeneous shape after 1 dimensions. The detected shape was (11,) + inhomogeneous part.
INFO - 09/24/25 19:28:21 - 1:05:55 - Skipping line due to error: Expected 11 elements, got 12
INFO - 09/24/25 19:28:21 - 1:05:55 - Skipping line due to error: setting an array element with a sequence. The requested array has an inhomogeneous shape after 1 dimensions. The detected shape was (11,) + inhomogeneous part.
INFO - 09/24/25 19:28:21 - 1:05:55 - Skipping line due to error: Expected 11 elements, got 12
INFO - 09/24/25 19:28:21 - 1:05:55 - Skipping line due to error: setting an array element with a sequence. The requested array has an inhomogeneous shape after 1 dimensions. The detected shape was (11,) + inhomogeneous part.
INFO - 09/24/25 19:28:21 - 1:05:55 - Skipping line due to error: setting an array element with a sequence. The requested array has an inhomogeneous shape after 1 dimensions. The detected shape was (11,) + inhomogeneous part.
INFO - 09/24/25 19:28:21 - 1:05:55 - Skipping line due to error: setting an array element with a sequence. The requested array has an inhomogeneous shape after 1 dimensions. The detected shape was (11,) + inhomogeneous part.
INFO - 09/24/25 19:28:21 - 1:05:55 - Skipping line due to error: setting an array element with a sequence. The requested array has an inhomogeneous shape after 1 dimensions. The detected shape was (11,) + inhomogeneous part.
INFO - 09/24/25 19:28:21 - 1:05:55 - Skipping line due to error: Expected 11 elements, got 12
INFO - 09/24/25 19:28:21 - 1:05:55 - Skipping line due to error: Expected 11 elements, got 12
INFO - 09/24/25 19:28:21 - 1:05:55 - Skipping line due to error: setting an array element with a sequence. The requested array has an inhomogeneous shape after 1 dimensions. The detected shape was (11,) + inhomogeneous part.
INFO - 09/24/25 19:28:21 - 1:05:55 - Skipping line due to error: setting an array element with a sequence. The requested array has an inhomogeneous shape after 1 dimensions. The detected shape was (11,) + inhomogeneous part.
INFO - 09/24/25 19:28:21 - 1:05:55 - Skipping line due to error: Expected 11 elements, got 10
INFO - 09/24/25 19:28:21 - 1:05:55 - Skipping line due to error: Expected 11 elements, got 10
INFO - 09/24/25 19:28:21 - 1:05:55 - Skipping line due to error: setting an array element with a sequence. The requested array has an inhomogeneous shape after 1 dimensions. The detected shape was (11,) + inhomogeneous part.
INFO - 09/24/25 19:28:21 - 1:05:55 - Skipping line due to error: Expected 11 elements, got 10
INFO - 09/24/25 19:28:21 - 1:05:55 - Skipping line due to error: Expected 11 elements, got 12
INFO - 09/24/25 19:28:21 - 1:05:55 - Skipping line due to error: setting an array element with a sequence. The requested array has an inhomogeneous shape after 1 dimensions. The detected shape was (11,) + inhomogeneous part.
INFO - 09/24/25 19:28:21 - 1:05:55 - Skipping line due to error: setting an array element with a sequence. The requested array has an inhomogeneous shape after 1 dimensions. The detected shape was (11,) + inhomogeneous part.
INFO - 09/24/25 19:28:21 - 1:05:55 - Skipping line due to error: Expected 11 elements, got 12
INFO - 09/24/25 19:28:21 - 1:05:55 - Skipping line due to error: setting an array element with a sequence. The requested array has an inhomogeneous shape after 1 dimensions. The detected shape was (11,) + inhomogeneous part.
INFO - 09/24/25 19:28:21 - 1:05:55 - Skipping line due to error: Expected 11 elements, got 14
INFO - 09/24/25 19:28:21 - 1:05:55 - Skipping line due to error: Expected 11 elements, got 12
INFO - 09/24/25 19:28:21 - 1:05:55 - Skipping line due to error: Expected 11 elements, got 12
INFO - 09/24/25 19:28:21 - 1:05:55 - Skipping line due to error: setting an array element with a sequence. The requested array has an inhomogeneous shape after 1 dimensions. The detected shape was (11,) + inhomogeneous part.
INFO - 09/24/25 19:28:21 - 1:05:55 - Skipping line due to error: Expected 11 elements, got 12
INFO - 09/24/25 19:28:21 - 1:05:55 - Skipping line due to error: setting an array element with a sequence. The requested array has an inhomogeneous shape after 1 dimensions. The detected shape was (11,) + inhomogeneous part.
INFO - 09/24/25 19:28:21 - 1:05:55 - Skipping line due to error: Expected 11 elements, got 12
INFO - 09/24/25 19:28:21 - 1:05:55 - Skipping line due to error: setting an array element with a sequence. The requested array has an inhomogeneous shape after 1 dimensions. The detected shape was (11,) + inhomogeneous part.
INFO - 09/24/25 19:28:21 - 1:05:55 - Skipping line due to error: setting an array element with a sequence. The requested array has an inhomogeneous shape after 1 dimensions. The detected shape was (11,) + inhomogeneous part.
INFO - 09/24/25 19:28:21 - 1:05:55 - Skipping line due to error: setting an array element with a sequence. The requested array has an inhomogeneous shape after 1 dimensions. The detected shape was (11,) + inhomogeneous part.
INFO - 09/24/25 19:28:21 - 1:05:55 - Skipping line due to error: setting an array element with a sequence. The requested array has an inhomogeneous shape after 1 dimensions. The detected shape was (11,) + inhomogeneous part.
INFO - 09/24/25 19:28:21 - 1:05:55 - Skipping line due to error: setting an array element with a sequence. The requested array has an inhomogeneous shape after 1 dimensions. The detected shape was (11,) + inhomogeneous part.
INFO - 09/24/25 19:28:21 - 1:05:55 - Skipping line due to error: Expected 11 elements, got 10
INFO - 09/24/25 19:28:21 - 1:05:55 - Skipping line due to error: setting an array element with a sequence. The requested array has an inhomogeneous shape after 1 dimensions. The detected shape was (11,) + inhomogeneous part.
INFO - 09/24/25 19:28:21 - 1:05:55 - Skipping line due to error: Expected 11 elements, got 12
INFO - 09/24/25 19:28:21 - 1:05:55 - Skipping line due to error: setting an array element with a sequence. The requested array has an inhomogeneous shape after 1 dimensions. The detected shape was (11,) + inhomogeneous part.
INFO - 09/24/25 19:28:21 - 1:05:55 - Skipping line due to error: Expected 11 elements, got 10
INFO - 09/24/25 19:28:21 - 1:05:55 - Skipping line due to error: setting an array element with a sequence. The requested array has an inhomogeneous shape after 1 dimensions. The detected shape was (11,) + inhomogeneous part.
INFO - 09/24/25 19:28:21 - 1:05:55 - Skipping line due to error: setting an array element with a sequence. The requested array has an inhomogeneous shape after 1 dimensions. The detected shape was (11,) + inhomogeneous part.
INFO - 09/24/25 19:28:21 - 1:05:55 - Skipping line due to error: Expected 11 elements, got 12
INFO - 09/24/25 19:28:21 - 1:05:55 - Skipping line due to error: Expected 11 elements, got 9
INFO - 09/24/25 19:28:21 - 1:05:55 - Skipping line due to error: Expected 11 elements, got 10
INFO - 09/24/25 19:28:21 - 1:05:55 - Skipping line due to error: Expected 11 elements, got 12
INFO - 09/24/25 19:28:21 - 1:05:55 - Skipping line due to error: setting an array element with a sequence. The requested array has an inhomogeneous shape after 1 dimensions. The detected shape was (11,) + inhomogeneous part.
INFO - 09/24/25 19:28:21 - 1:05:55 - Skipping line due to error: setting an array element with a sequence. The requested array has an inhomogeneous shape after 1 dimensions. The detected shape was (11,) + inhomogeneous part.
INFO - 09/24/25 19:28:21 - 1:05:55 - Skipping line due to error: Expected 11 elements, got 12
INFO - 09/24/25 19:28:21 - 1:05:55 - Skipping line due to error: Expected 11 elements, got 13
INFO - 09/24/25 19:28:21 - 1:05:55 - Skipping line due to error: setting an array element with a sequence. The requested array has an inhomogeneous shape after 1 dimensions. The detected shape was (11,) + inhomogeneous part.
INFO - 09/24/25 19:28:21 - 1:05:55 - Skipping line due to error: Expected 11 elements, got 13
INFO - 09/24/25 19:28:21 - 1:05:55 - Skipping line due to error: Expected 11 elements, got 10
INFO - 09/24/25 19:28:21 - 1:05:55 - Skipping line due to error: setting an array element with a sequence. The requested array has an inhomogeneous shape after 1 dimensions. The detected shape was (11,) + inhomogeneous part.
INFO - 09/24/25 19:28:21 - 1:05:55 - Skipping line due to error: Expected 11 elements, got 10
INFO - 09/24/25 19:28:21 - 1:05:55 - Skipping line due to error: setting an array element with a sequence. The requested array has an inhomogeneous shape after 1 dimensions. The detected shape was (11,) + inhomogeneous part.
INFO - 09/24/25 19:28:21 - 1:05:55 - Skipping line due to error: setting an array element with a sequence. The requested array has an inhomogeneous shape after 1 dimensions. The detected shape was (11,) + inhomogeneous part.
INFO - 09/24/25 19:28:21 - 1:05:55 - Skipping line due to error: setting an array element with a sequence. The requested array has an inhomogeneous shape after 1 dimensions. The detected shape was (11,) + inhomogeneous part.
INFO - 09/24/25 19:28:21 - 1:05:55 - Skipping line due to error: setting an array element with a sequence. The requested array has an inhomogeneous shape after 1 dimensions. The detected shape was (11,) + inhomogeneous part.
INFO - 09/24/25 19:28:21 - 1:05:55 - Skipping line due to error: setting an array element with a sequence. The requested array has an inhomogeneous shape after 1 dimensions. The detected shape was (11,) + inhomogeneous part.
INFO - 09/24/25 19:28:21 - 1:05:55 - Skipping line due to error: Expected 11 elements, got 20
INFO - 09/24/25 19:28:21 - 1:05:55 - Skipping line due to error: setting an array element with a sequence. The requested array has an inhomogeneous shape after 1 dimensions. The detected shape was (11,) + inhomogeneous part.
INFO - 09/24/25 19:28:21 - 1:05:55 - Skipping line due to error: setting an array element with a sequence. The requested array has an inhomogeneous shape after 1 dimensions. The detected shape was (11,) + inhomogeneous part.
INFO - 09/24/25 19:28:21 - 1:05:55 - Skipping line due to error: Expected 11 elements, got 12
INFO - 09/24/25 19:28:21 - 1:05:55 - Skipping line due to error: setting an array element with a sequence. The requested array has an inhomogeneous shape after 1 dimensions. The detected shape was (11,) + inhomogeneous part.
INFO - 09/24/25 19:28:21 - 1:05:55 - Skipping line due to error: setting an array element with a sequence. The requested array has an inhomogeneous shape after 1 dimensions. The detected shape was (11,) + inhomogeneous part.
INFO - 09/24/25 19:28:21 - 1:05:55 - Skipping line due to error: Expected 11 elements, got 12
INFO - 09/24/25 19:28:21 - 1:05:55 - Skipping line due to error: Expected 11 elements, got 12
INFO - 09/24/25 19:28:21 - 1:05:55 - Skipping line due to error: setting an array element with a sequence. The requested array has an inhomogeneous shape after 1 dimensions. The detected shape was (11,) + inhomogeneous part.
INFO - 09/24/25 19:28:21 - 1:05:55 - Skipping line due to error: setting an array element with a sequence. The requested array has an inhomogeneous shape after 1 dimensions. The detected shape was (11,) + inhomogeneous part.
INFO - 09/24/25 19:28:21 - 1:05:55 - Skipping line due to error: Expected 11 elements, got 10
INFO - 09/24/25 19:28:21 - 1:05:55 - Skipping line due to error: setting an array element with a sequence. The requested array has an inhomogeneous shape after 1 dimensions. The detected shape was (11,) + inhomogeneous part.
INFO - 09/24/25 19:28:21 - 1:05:55 - Skipping line due to error: setting an array element with a sequence. The requested array has an inhomogeneous shape after 1 dimensions. The detected shape was (11,) + inhomogeneous part.
INFO - 09/24/25 19:28:21 - 1:05:55 - Skipping line due to error: Expected 11 elements, got 12
INFO - 09/24/25 19:28:21 - 1:05:55 - Skipping line due to error: setting an array element with a sequence. The requested array has an inhomogeneous shape after 1 dimensions. The detected shape was (11,) + inhomogeneous part.
INFO - 09/24/25 19:28:21 - 1:05:55 - Skipping line due to error: setting an array element with a sequence. The requested array has an inhomogeneous shape after 1 dimensions. The detected shape was (11,) + inhomogeneous part.
INFO - 09/24/25 19:28:21 - 1:05:55 - Skipping line due to error: setting an array element with a sequence. The requested array has an inhomogeneous shape after 1 dimensions. The detected shape was (11,) + inhomogeneous part.
INFO - 09/24/25 19:28:21 - 1:05:55 - Skipping line due to error: Expected 11 elements, got 10
INFO - 09/24/25 19:28:21 - 1:05:55 - Skipping line due to error: setting an array element with a sequence. The requested array has an inhomogeneous shape after 1 dimensions. The detected shape was (11,) + inhomogeneous part.
INFO - 09/24/25 19:28:21 - 1:05:55 - Skipping line due to error: Expected 11 elements, got 12
INFO - 09/24/25 19:28:21 - 1:05:55 - Skipping line due to error: Expected 11 elements, got 12
INFO - 09/24/25 19:28:21 - 1:05:55 - Skipping line due to error: Expected 11 elements, got 10
INFO - 09/24/25 19:28:21 - 1:05:55 - Skipping line due to error: setting an array element with a sequence. The requested array has an inhomogeneous shape after 1 dimensions. The detected shape was (11,) + inhomogeneous part.
INFO - 09/24/25 19:28:21 - 1:05:55 - Skipping line due to error: setting an array element with a sequence. The requested array has an inhomogeneous shape after 1 dimensions. The detected shape was (11,) + inhomogeneous part.
INFO - 09/24/25 19:28:21 - 1:05:55 - Skipping line due to error: Expected 11 elements, got 13
INFO - 09/24/25 19:28:21 - 1:05:55 - Skipping line due to error: Expected 11 elements, got 7
INFO - 09/24/25 19:28:21 - 1:05:55 - Skipping line due to error: setting an array element with a sequence. The requested array has an inhomogeneous shape after 1 dimensions. The detected shape was (11,) + inhomogeneous part.
INFO - 09/24/25 19:28:21 - 1:05:55 - Skipping line due to error: Expected 11 elements, got 10
INFO - 09/24/25 19:28:21 - 1:05:55 - Skipping line due to error: Expected 11 elements, got 12
INFO - 09/24/25 19:28:21 - 1:05:55 - Skipping line due to error: setting an array element with a sequence. The requested array has an inhomogeneous shape after 1 dimensions. The detected shape was (11,) + inhomogeneous part.
INFO - 09/24/25 19:28:21 - 1:05:55 - Skipping line due to error: setting an array element with a sequence. The requested array has an inhomogeneous shape after 1 dimensions. The detected shape was (11,) + inhomogeneous part.
INFO - 09/24/25 19:28:21 - 1:05:55 - Skipping line due to error: setting an array element with a sequence. The requested array has an inhomogeneous shape after 1 dimensions. The detected shape was (11,) + inhomogeneous part.
INFO - 09/24/25 19:28:21 - 1:05:55 - Skipping line due to error: Expected 11 elements, got 12
INFO - 09/24/25 19:28:21 - 1:05:55 - Skipping line due to error: setting an array element with a sequence. The requested array has an inhomogeneous shape after 1 dimensions. The detected shape was (11,) + inhomogeneous part.
INFO - 09/24/25 19:28:21 - 1:05:55 - Skipping line due to error: setting an array element with a sequence. The requested array has an inhomogeneous shape after 1 dimensions. The detected shape was (11,) + inhomogeneous part.
INFO - 09/24/25 19:28:21 - 1:05:55 - Skipping line due to error: Expected 11 elements, got 10
INFO - 09/24/25 19:28:21 - 1:05:55 - Skipping line due to error: setting an array element with a sequence. The requested array has an inhomogeneous shape after 1 dimensions. The detected shape was (11,) + inhomogeneous part.
INFO - 09/24/25 19:28:21 - 1:05:55 - Skipping line due to error: setting an array element with a sequence. The requested array has an inhomogeneous shape after 1 dimensions. The detected shape was (11,) + inhomogeneous part.
INFO - 09/24/25 19:28:21 - 1:05:55 - Skipping line due to error: Expected 11 elements, got 10
INFO - 09/24/25 19:28:21 - 1:05:55 - Skipping line due to error: setting an array element with a sequence. The requested array has an inhomogeneous shape after 1 dimensions. The detected shape was (11,) + inhomogeneous part.
INFO - 09/24/25 19:28:21 - 1:05:55 - Skipping line due to error: setting an array element with a sequence. The requested array has an inhomogeneous shape after 1 dimensions. The detected shape was (11,) + inhomogeneous part.
INFO - 09/24/25 19:28:21 - 1:05:55 - Skipping line due to error: Expected 11 elements, got 12
INFO - 09/24/25 19:28:21 - 1:05:55 - Skipping line due to error: setting an array element with a sequence. The requested array has an inhomogeneous shape after 1 dimensions. The detected shape was (11,) + inhomogeneous part.
INFO - 09/24/25 19:28:21 - 1:05:55 - Skipping line due to error: setting an array element with a sequence. The requested array has an inhomogeneous shape after 1 dimensions. The detected shape was (11,) + inhomogeneous part.
INFO - 09/24/25 19:28:21 - 1:05:55 - Skipping line due to error: Expected 11 elements, got 12
INFO - 09/24/25 19:28:21 - 1:05:55 - Skipping line due to error: Expected 11 elements, got 13
INFO - 09/24/25 19:28:21 - 1:05:55 - Skipping line due to error: setting an array element with a sequence. The requested array has an inhomogeneous shape after 1 dimensions. The detected shape was (11,) + inhomogeneous part.
INFO - 09/24/25 19:28:21 - 1:05:55 - Skipping line due to error: Expected 11 elements, got 13
INFO - 09/24/25 19:28:21 - 1:05:55 - Skipping line due to error: Expected 11 elements, got 12
INFO - 09/24/25 19:28:21 - 1:05:55 - Skipping line due to error: setting an array element with a sequence. The requested array has an inhomogeneous shape after 1 dimensions. The detected shape was (11,) + inhomogeneous part.
INFO - 09/24/25 19:28:21 - 1:05:55 - Skipping line due to error: Expected 11 elements, got 10
INFO - 09/24/25 19:28:21 - 1:05:55 - Skipping line due to error: setting an array element with a sequence. The requested array has an inhomogeneous shape after 1 dimensions. The detected shape was (11,) + inhomogeneous part.
INFO - 09/24/25 19:28:21 - 1:05:55 - Skipping line due to error: setting an array element with a sequence. The requested array has an inhomogeneous shape after 1 dimensions. The detected shape was (11,) + inhomogeneous part.
INFO - 09/24/25 19:28:21 - 1:05:55 - Skipping line due to error: setting an array element with a sequence. The requested array has an inhomogeneous shape after 1 dimensions. The detected shape was (11,) + inhomogeneous part.
INFO - 09/24/25 19:28:21 - 1:05:55 - Skipping line due to error: Expected 11 elements, got 12
INFO - 09/24/25 19:28:21 - 1:05:55 - Skipping line due to error: setting an array element with a sequence. The requested array has an inhomogeneous shape after 1 dimensions. The detected shape was (11,) + inhomogeneous part.
INFO - 09/24/25 19:28:21 - 1:05:55 - Skipping line due to error: setting an array element with a sequence. The requested array has an inhomogeneous shape after 1 dimensions. The detected shape was (11,) + inhomogeneous part.
INFO - 09/24/25 19:28:21 - 1:05:55 - Skipping line due to error: Expected 11 elements, got 12
INFO - 09/24/25 19:28:21 - 1:05:55 - Skipping line due to error: setting an array element with a sequence. The requested array has an inhomogeneous shape after 1 dimensions. The detected shape was (11,) + inhomogeneous part.
INFO - 09/24/25 19:28:21 - 1:05:55 - Skipping line due to error: Expected 11 elements, got 12
INFO - 09/24/25 19:28:21 - 1:05:55 - Skipping line due to error: setting an array element with a sequence. The requested array has an inhomogeneous shape after 1 dimensions. The detected shape was (11,) + inhomogeneous part.
INFO - 09/24/25 19:28:21 - 1:05:55 - Skipping line due to error: setting an array element with a sequence. The requested array has an inhomogeneous shape after 1 dimensions. The detected shape was (11,) + inhomogeneous part.
INFO - 09/24/25 19:28:21 - 1:05:55 - Skipping line due to error: Expected 11 elements, got 12
INFO - 09/24/25 19:28:21 - 1:05:55 - Skipping line due to error: Expected 11 elements, got 10
INFO - 09/24/25 19:28:21 - 1:05:55 - Skipping line due to error: setting an array element with a sequence. The requested array has an inhomogeneous shape after 1 dimensions. The detected shape was (11,) + inhomogeneous part.
INFO - 09/24/25 19:28:21 - 1:05:55 - Skipping line due to error: setting an array element with a sequence. The requested array has an inhomogeneous shape after 1 dimensions. The detected shape was (11,) + inhomogeneous part.
INFO - 09/24/25 19:28:21 - 1:05:55 - Skipping line due to error: Expected 11 elements, got 9
INFO - 09/24/25 19:28:21 - 1:05:55 - Skipping line due to error: setting an array element with a sequence. The requested array has an inhomogeneous shape after 1 dimensions. The detected shape was (11,) + inhomogeneous part.
INFO - 09/24/25 19:28:21 - 1:05:55 - Skipping line due to error: setting an array element with a sequence. The requested array has an inhomogeneous shape after 1 dimensions. The detected shape was (11,) + inhomogeneous part.
INFO - 09/24/25 19:28:21 - 1:05:55 - Skipping line due to error: setting an array element with a sequence. The requested array has an inhomogeneous shape after 1 dimensions. The detected shape was (11,) + inhomogeneous part.
INFO - 09/24/25 19:28:21 - 1:05:55 - Skipping line due to error: setting an array element with a sequence. The requested array has an inhomogeneous shape after 1 dimensions. The detected shape was (11,) + inhomogeneous part.
INFO - 09/24/25 19:28:21 - 1:05:55 - Skipping line due to error: setting an array element with a sequence. The requested array has an inhomogeneous shape after 1 dimensions. The detected shape was (11,) + inhomogeneous part.
INFO - 09/24/25 19:28:21 - 1:05:55 - Skipping line due to error: setting an array element with a sequence. The requested array has an inhomogeneous shape after 1 dimensions. The detected shape was (11,) + inhomogeneous part.
INFO - 09/24/25 19:28:21 - 1:05:55 - Skipping line due to error: setting an array element with a sequence. The requested array has an inhomogeneous shape after 1 dimensions. The detected shape was (11,) + inhomogeneous part.
INFO - 09/24/25 19:28:21 - 1:05:55 - Skipping line due to error: Expected 11 elements, got 12
INFO - 09/24/25 19:28:21 - 1:05:55 - Skipping line due to error: setting an array element with a sequence. The requested array has an inhomogeneous shape after 1 dimensions. The detected shape was (11,) + inhomogeneous part.
INFO - 09/24/25 19:28:21 - 1:05:55 - Skipping line due to error: setting an array element with a sequence. The requested array has an inhomogeneous shape after 1 dimensions. The detected shape was (11,) + inhomogeneous part.
INFO - 09/24/25 19:28:21 - 1:05:55 - Skipping line due to error: Expected 11 elements, got 12
INFO - 09/24/25 19:28:21 - 1:05:55 - Skipping line due to error: setting an array element with a sequence. The requested array has an inhomogeneous shape after 1 dimensions. The detected shape was (11,) + inhomogeneous part.
INFO - 09/24/25 19:28:21 - 1:05:55 - Skipping line due to error: setting an array element with a sequence. The requested array has an inhomogeneous shape after 1 dimensions. The detected shape was (11,) + inhomogeneous part.
INFO - 09/24/25 19:28:21 - 1:05:55 - Skipping line due to error: setting an array element with a sequence. The requested array has an inhomogeneous shape after 1 dimensions. The detected shape was (11,) + inhomogeneous part.
INFO - 09/24/25 19:28:21 - 1:05:55 - Skipping line due to error: setting an array element with a sequence. The requested array has an inhomogeneous shape after 1 dimensions. The detected shape was (11,) + inhomogeneous part.
INFO - 09/24/25 19:28:21 - 1:05:55 - Skipping line due to error: Expected 11 elements, got 10
INFO - 09/24/25 19:28:21 - 1:05:55 - Skipping line due to error: Expected 11 elements, got 14
INFO - 09/24/25 19:28:21 - 1:05:55 - Skipping line due to error: Expected 11 elements, got 12
INFO - 09/24/25 19:28:21 - 1:05:55 - Skipping line due to error: setting an array element with a sequence. The requested array has an inhomogeneous shape after 1 dimensions. The detected shape was (11,) + inhomogeneous part.
INFO - 09/24/25 19:28:21 - 1:05:55 - Skipping line due to error: Expected 11 elements, got 13
INFO - 09/24/25 19:28:21 - 1:05:55 - Skipping line due to error: setting an array element with a sequence. The requested array has an inhomogeneous shape after 1 dimensions. The detected shape was (11,) + inhomogeneous part.
INFO - 09/24/25 19:28:21 - 1:05:55 - Skipping line due to error: setting an array element with a sequence. The requested array has an inhomogeneous shape after 1 dimensions. The detected shape was (11,) + inhomogeneous part.
INFO - 09/24/25 19:28:21 - 1:05:55 - Skipping line due to error: setting an array element with a sequence. The requested array has an inhomogeneous shape after 1 dimensions. The detected shape was (11,) + inhomogeneous part.
INFO - 09/24/25 19:28:21 - 1:05:55 - Skipping line due to error: setting an array element with a sequence. The requested array has an inhomogeneous shape after 1 dimensions. The detected shape was (11,) + inhomogeneous part.
INFO - 09/24/25 19:28:21 - 1:05:55 - Skipping line due to error: setting an array element with a sequence. The requested array has an inhomogeneous shape after 1 dimensions. The detected shape was (11,) + inhomogeneous part.
INFO - 09/24/25 19:28:21 - 1:05:55 - Skipping line due to error: setting an array element with a sequence. The requested array has an inhomogeneous shape after 1 dimensions. The detected shape was (11,) + inhomogeneous part.
INFO - 09/24/25 19:28:21 - 1:05:55 - Skipping line due to error: setting an array element with a sequence. The requested array has an inhomogeneous shape after 1 dimensions. The detected shape was (11,) + inhomogeneous part.
INFO - 09/24/25 19:28:21 - 1:05:55 - Skipping line due to error: setting an array element with a sequence. The requested array has an inhomogeneous shape after 1 dimensions. The detected shape was (11,) + inhomogeneous part.
INFO - 09/24/25 19:28:21 - 1:05:55 - Skipping line due to error: setting an array element with a sequence. The requested array has an inhomogeneous shape after 1 dimensions. The detected shape was (11,) + inhomogeneous part.
INFO - 09/24/25 19:28:21 - 1:05:55 - Skipping line due to error: setting an array element with a sequence. The requested array has an inhomogeneous shape after 1 dimensions. The detected shape was (11,) + inhomogeneous part.
INFO - 09/24/25 19:28:21 - 1:05:55 - Skipping line due to error: Expected 11 elements, got 9
INFO - 09/24/25 19:28:21 - 1:05:55 - Skipping line due to error: Expected 11 elements, got 10
INFO - 09/24/25 19:28:21 - 1:05:55 - Skipping line due to error: setting an array element with a sequence. The requested array has an inhomogeneous shape after 1 dimensions. The detected shape was (11,) + inhomogeneous part.
INFO - 09/24/25 19:28:21 - 1:05:55 - Skipping line due to error: setting an array element with a sequence. The requested array has an inhomogeneous shape after 1 dimensions. The detected shape was (11,) + inhomogeneous part.
INFO - 09/24/25 19:28:21 - 1:05:55 - Skipping line due to error: setting an array element with a sequence. The requested array has an inhomogeneous shape after 1 dimensions. The detected shape was (11,) + inhomogeneous part.
INFO - 09/24/25 19:28:21 - 1:05:55 - Skipping line due to error: setting an array element with a sequence. The requested array has an inhomogeneous shape after 1 dimensions. The detected shape was (11,) + inhomogeneous part.
INFO - 09/24/25 19:28:21 - 1:05:55 - Skipping line due to error: setting an array element with a sequence. The requested array has an inhomogeneous shape after 1 dimensions. The detected shape was (11,) + inhomogeneous part.
INFO - 09/24/25 19:28:21 - 1:05:55 - Skipping line due to error: setting an array element with a sequence. The requested array has an inhomogeneous shape after 1 dimensions. The detected shape was (11,) + inhomogeneous part.
INFO - 09/24/25 19:28:21 - 1:05:55 - Skipping line due to error: setting an array element with a sequence. The requested array has an inhomogeneous shape after 1 dimensions. The detected shape was (11,) + inhomogeneous part.
INFO - 09/24/25 19:28:21 - 1:05:55 - Skipping line due to error: Expected 11 elements, got 4
INFO - 09/24/25 19:28:21 - 1:05:55 - Skipping line due to error: Expected 11 elements, got 12
INFO - 09/24/25 19:28:21 - 1:05:55 - Skipping line due to error: setting an array element with a sequence. The requested array has an inhomogeneous shape after 1 dimensions. The detected shape was (11,) + inhomogeneous part.
INFO - 09/24/25 19:28:21 - 1:05:55 - Skipping line due to error: setting an array element with a sequence. The requested array has an inhomogeneous shape after 1 dimensions. The detected shape was (11,) + inhomogeneous part.
INFO - 09/24/25 19:28:21 - 1:05:55 - Skipping line due to error: setting an array element with a sequence. The requested array has an inhomogeneous shape after 1 dimensions. The detected shape was (11,) + inhomogeneous part.
INFO - 09/24/25 19:28:21 - 1:05:55 - Skipping line due to error: Expected 11 elements, got 10
INFO - 09/24/25 19:28:21 - 1:05:55 - Skipping line due to error: setting an array element with a sequence. The requested array has an inhomogeneous shape after 1 dimensions. The detected shape was (11,) + inhomogeneous part.
INFO - 09/24/25 19:28:21 - 1:05:55 - Skipping line due to error: setting an array element with a sequence. The requested array has an inhomogeneous shape after 1 dimensions. The detected shape was (11,) + inhomogeneous part.
INFO - 09/24/25 19:28:21 - 1:05:55 - Skipping line due to error: setting an array element with a sequence. The requested array has an inhomogeneous shape after 1 dimensions. The detected shape was (11,) + inhomogeneous part.
INFO - 09/24/25 19:28:21 - 1:05:55 - Skipping line due to error: setting an array element with a sequence. The requested array has an inhomogeneous shape after 1 dimensions. The detected shape was (11,) + inhomogeneous part.
INFO - 09/24/25 19:28:21 - 1:05:55 - Skipping line due to error: setting an array element with a sequence. The requested array has an inhomogeneous shape after 1 dimensions. The detected shape was (11,) + inhomogeneous part.
INFO - 09/24/25 19:28:21 - 1:05:55 - Skipping line due to error: setting an array element with a sequence. The requested array has an inhomogeneous shape after 1 dimensions. The detected shape was (11,) + inhomogeneous part.
INFO - 09/24/25 19:28:21 - 1:05:55 - Skipping line due to error: Expected 11 elements, got 13
INFO - 09/24/25 19:28:21 - 1:05:55 - Skipping line due to error: setting an array element with a sequence. The requested array has an inhomogeneous shape after 1 dimensions. The detected shape was (11,) + inhomogeneous part.
INFO - 09/24/25 19:28:21 - 1:05:55 - Skipping line due to error: Expected 11 elements, got 13
INFO - 09/24/25 19:28:21 - 1:05:55 - Skipping line due to error: setting an array element with a sequence. The requested array has an inhomogeneous shape after 1 dimensions. The detected shape was (11,) + inhomogeneous part.
INFO - 09/24/25 19:28:21 - 1:05:55 - Skipping line due to error: setting an array element with a sequence. The requested array has an inhomogeneous shape after 1 dimensions. The detected shape was (11,) + inhomogeneous part.
INFO - 09/24/25 19:28:21 - 1:05:55 - Skipping line due to error: setting an array element with a sequence. The requested array has an inhomogeneous shape after 1 dimensions. The detected shape was (11,) + inhomogeneous part.
INFO - 09/24/25 19:28:21 - 1:05:55 - Skipping line due to error: setting an array element with a sequence. The requested array has an inhomogeneous shape after 1 dimensions. The detected shape was (11,) + inhomogeneous part.
INFO - 09/24/25 19:28:21 - 1:05:55 - Skipping line due to error: Expected 11 elements, got 10
INFO - 09/24/25 19:28:21 - 1:05:55 - Skipping line due to error: setting an array element with a sequence. The requested array has an inhomogeneous shape after 1 dimensions. The detected shape was (11,) + inhomogeneous part.
INFO - 09/24/25 19:28:21 - 1:05:55 - Skipping line due to error: Expected 11 elements, got 13
INFO - 09/24/25 19:28:21 - 1:05:55 - Skipping line due to error: Expected 11 elements, got 12
INFO - 09/24/25 19:28:21 - 1:05:55 - Skipping line due to error: Expected 11 elements, got 10
INFO - 09/24/25 19:28:21 - 1:05:55 - Skipping line due to error: setting an array element with a sequence. The requested array has an inhomogeneous shape after 1 dimensions. The detected shape was (11,) + inhomogeneous part.
INFO - 09/24/25 19:28:21 - 1:05:55 - Skipping line due to error: Expected 11 elements, got 14
INFO - 09/24/25 19:28:21 - 1:05:55 - Skipping line due to error: setting an array element with a sequence. The requested array has an inhomogeneous shape after 1 dimensions. The detected shape was (11,) + inhomogeneous part.
INFO - 09/24/25 19:28:21 - 1:05:55 - Skipping line due to error: setting an array element with a sequence. The requested array has an inhomogeneous shape after 1 dimensions. The detected shape was (11,) + inhomogeneous part.
INFO - 09/24/25 19:28:21 - 1:05:55 - Skipping line due to error: setting an array element with a sequence. The requested array has an inhomogeneous shape after 1 dimensions. The detected shape was (11,) + inhomogeneous part.
INFO - 09/24/25 19:28:21 - 1:05:55 - Skipping line due to error: setting an array element with a sequence. The requested array has an inhomogeneous shape after 1 dimensions. The detected shape was (11,) + inhomogeneous part.
INFO - 09/24/25 19:28:21 - 1:05:55 - Skipping line due to error: setting an array element with a sequence. The requested array has an inhomogeneous shape after 1 dimensions. The detected shape was (11,) + inhomogeneous part.
INFO - 09/24/25 19:28:21 - 1:05:55 - Skipping line due to error: setting an array element with a sequence. The requested array has an inhomogeneous shape after 1 dimensions. The detected shape was (11,) + inhomogeneous part.
INFO - 09/24/25 19:28:21 - 1:05:55 - Skipping line due to error: Expected 11 elements, got 12
INFO - 09/24/25 19:28:21 - 1:05:55 - Skipping line due to error: setting an array element with a sequence. The requested array has an inhomogeneous shape after 1 dimensions. The detected shape was (11,) + inhomogeneous part.
INFO - 09/24/25 19:28:21 - 1:05:55 - Skipping line due to error: Expected 11 elements, got 13
INFO - 09/24/25 19:28:21 - 1:05:55 - Skipping line due to error: setting an array element with a sequence. The requested array has an inhomogeneous shape after 1 dimensions. The detected shape was (11,) + inhomogeneous part.
INFO - 09/24/25 19:28:21 - 1:05:55 - Skipping line due to error: setting an array element with a sequence. The requested array has an inhomogeneous shape after 1 dimensions. The detected shape was (11,) + inhomogeneous part.
INFO - 09/24/25 19:28:21 - 1:05:55 - Skipping line due to error: setting an array element with a sequence. The requested array has an inhomogeneous shape after 1 dimensions. The detected shape was (11,) + inhomogeneous part.
INFO - 09/24/25 19:28:21 - 1:05:55 - Skipping line due to error: setting an array element with a sequence. The requested array has an inhomogeneous shape after 1 dimensions. The detected shape was (11,) + inhomogeneous part.
INFO - 09/24/25 19:28:21 - 1:05:55 - Skipping line due to error: Expected 11 elements, got 12
INFO - 09/24/25 19:28:21 - 1:05:55 - Skipping line due to error: setting an array element with a sequence. The requested array has an inhomogeneous shape after 1 dimensions. The detected shape was (11,) + inhomogeneous part.
INFO - 09/24/25 19:28:21 - 1:05:55 - Skipping line due to error: setting an array element with a sequence. The requested array has an inhomogeneous shape after 1 dimensions. The detected shape was (11,) + inhomogeneous part.
INFO - 09/24/25 19:28:21 - 1:05:55 - Skipping line due to error: setting an array element with a sequence. The requested array has an inhomogeneous shape after 1 dimensions. The detected shape was (11,) + inhomogeneous part.
INFO - 09/24/25 19:28:21 - 1:05:55 - Skipping line due to error: setting an array element with a sequence. The requested array has an inhomogeneous shape after 1 dimensions. The detected shape was (11,) + inhomogeneous part.
INFO - 09/24/25 19:28:21 - 1:05:55 - Skipping line due to error: setting an array element with a sequence. The requested array has an inhomogeneous shape after 1 dimensions. The detected shape was (11,) + inhomogeneous part.
INFO - 09/24/25 19:28:21 - 1:05:55 - Skipping line due to error: setting an array element with a sequence. The requested array has an inhomogeneous shape after 1 dimensions. The detected shape was (11,) + inhomogeneous part.
INFO - 09/24/25 19:28:21 - 1:05:55 - Skipping line due to error: setting an array element with a sequence. The requested array has an inhomogeneous shape after 1 dimensions. The detected shape was (11,) + inhomogeneous part.
INFO - 09/24/25 19:28:21 - 1:05:55 - Skipping line due to error: setting an array element with a sequence. The requested array has an inhomogeneous shape after 1 dimensions. The detected shape was (11,) + inhomogeneous part.
INFO - 09/24/25 19:28:21 - 1:05:55 - Skipping line due to error: setting an array element with a sequence. The requested array has an inhomogeneous shape after 1 dimensions. The detected shape was (11,) + inhomogeneous part.
INFO - 09/24/25 19:28:21 - 1:05:55 - Skipping line due to error: setting an array element with a sequence. The requested array has an inhomogeneous shape after 1 dimensions. The detected shape was (11,) + inhomogeneous part.
INFO - 09/24/25 19:28:21 - 1:05:55 - Skipping line due to error: setting an array element with a sequence. The requested array has an inhomogeneous shape after 1 dimensions. The detected shape was (11,) + inhomogeneous part.
INFO - 09/24/25 19:28:21 - 1:05:55 - Skipping line due to error: Expected 11 elements, got 12
INFO - 09/24/25 19:28:21 - 1:05:55 - Skipping line due to error: setting an array element with a sequence. The requested array has an inhomogeneous shape after 1 dimensions. The detected shape was (11,) + inhomogeneous part.
INFO - 09/24/25 19:28:21 - 1:05:55 - Skipping line due to error: Expected 11 elements, got 14
INFO - 09/24/25 19:28:21 - 1:05:55 - Skipping line due to error: Expected 11 elements, got 12
INFO - 09/24/25 19:28:21 - 1:05:55 - Skipping line due to error: Expected 11 elements, got 12
INFO - 09/24/25 19:28:21 - 1:05:55 - Skipping line due to error: setting an array element with a sequence. The requested array has an inhomogeneous shape after 1 dimensions. The detected shape was (11,) + inhomogeneous part.
INFO - 09/24/25 19:28:21 - 1:05:55 - Skipping line due to error: setting an array element with a sequence. The requested array has an inhomogeneous shape after 1 dimensions. The detected shape was (11,) + inhomogeneous part.
INFO - 09/24/25 19:28:21 - 1:05:55 - Skipping line due to error: Expected 11 elements, got 12
INFO - 09/24/25 19:28:21 - 1:05:55 - Skipping line due to error: setting an array element with a sequence. The requested array has an inhomogeneous shape after 1 dimensions. The detected shape was (11,) + inhomogeneous part.
INFO - 09/24/25 19:28:21 - 1:05:55 - Skipping line due to error: Expected 11 elements, got 12
INFO - 09/24/25 19:28:21 - 1:05:55 - Skipping line due to error: setting an array element with a sequence. The requested array has an inhomogeneous shape after 1 dimensions. The detected shape was (11,) + inhomogeneous part.
INFO - 09/24/25 19:28:21 - 1:05:55 - Skipping line due to error: Expected 11 elements, got 9
INFO - 09/24/25 19:28:21 - 1:05:55 - Skipping line due to error: setting an array element with a sequence. The requested array has an inhomogeneous shape after 1 dimensions. The detected shape was (11,) + inhomogeneous part.
INFO - 09/24/25 19:28:21 - 1:05:55 - Skipping line due to error: setting an array element with a sequence. The requested array has an inhomogeneous shape after 1 dimensions. The detected shape was (11,) + inhomogeneous part.
INFO - 09/24/25 19:28:21 - 1:05:55 - Skipping line due to error: Expected 11 elements, got 6
INFO - 09/24/25 19:28:21 - 1:05:55 - Skipping line due to error: setting an array element with a sequence. The requested array has an inhomogeneous shape after 1 dimensions. The detected shape was (11,) + inhomogeneous part.
INFO - 09/24/25 19:28:21 - 1:05:55 - Skipping line due to error: setting an array element with a sequence. The requested array has an inhomogeneous shape after 1 dimensions. The detected shape was (11,) + inhomogeneous part.
INFO - 09/24/25 19:28:21 - 1:05:55 - Skipping line due to error: Expected 11 elements, got 12
INFO - 09/24/25 19:28:21 - 1:05:55 - Skipping line due to error: Expected 11 elements, got 13
INFO - 09/24/25 19:28:21 - 1:05:55 - Skipping line due to error: setting an array element with a sequence. The requested array has an inhomogeneous shape after 1 dimensions. The detected shape was (11,) + inhomogeneous part.
INFO - 09/24/25 19:28:21 - 1:05:55 - Skipping line due to error: Expected 11 elements, got 12
INFO - 09/24/25 19:28:21 - 1:05:55 - Skipping line due to error: setting an array element with a sequence. The requested array has an inhomogeneous shape after 1 dimensions. The detected shape was (11,) + inhomogeneous part.
INFO - 09/24/25 19:28:21 - 1:05:55 - Skipping line due to error: setting an array element with a sequence. The requested array has an inhomogeneous shape after 1 dimensions. The detected shape was (11,) + inhomogeneous part.
INFO - 09/24/25 19:28:21 - 1:05:55 - Skipping line due to error: setting an array element with a sequence. The requested array has an inhomogeneous shape after 1 dimensions. The detected shape was (11,) + inhomogeneous part.
INFO - 09/24/25 19:28:21 - 1:05:55 - Skipping line due to error: setting an array element with a sequence. The requested array has an inhomogeneous shape after 1 dimensions. The detected shape was (11,) + inhomogeneous part.
INFO - 09/24/25 19:28:21 - 1:05:55 - Skipping line due to error: Expected 11 elements, got 12
INFO - 09/24/25 19:28:21 - 1:05:55 - Skipping line due to error: setting an array element with a sequence. The requested array has an inhomogeneous shape after 1 dimensions. The detected shape was (11,) + inhomogeneous part.
INFO - 09/24/25 19:28:21 - 1:05:55 - Skipping line due to error: setting an array element with a sequence. The requested array has an inhomogeneous shape after 1 dimensions. The detected shape was (11,) + inhomogeneous part.
INFO - 09/24/25 19:28:21 - 1:05:55 - Skipping line due to error: setting an array element with a sequence. The requested array has an inhomogeneous shape after 1 dimensions. The detected shape was (11,) + inhomogeneous part.
INFO - 09/24/25 19:28:21 - 1:05:55 - Skipping line due to error: setting an array element with a sequence. The requested array has an inhomogeneous shape after 1 dimensions. The detected shape was (11,) + inhomogeneous part.
INFO - 09/24/25 19:28:21 - 1:05:55 - Skipping line due to error: setting an array element with a sequence. The requested array has an inhomogeneous shape after 1 dimensions. The detected shape was (11,) + inhomogeneous part.
INFO - 09/24/25 19:28:21 - 1:05:55 - Skipping line due to error: setting an array element with a sequence. The requested array has an inhomogeneous shape after 1 dimensions. The detected shape was (11,) + inhomogeneous part.
INFO - 09/24/25 19:28:21 - 1:05:55 - Skipping line due to error: setting an array element with a sequence. The requested array has an inhomogeneous shape after 1 dimensions. The detected shape was (11,) + inhomogeneous part.
INFO - 09/24/25 19:28:21 - 1:05:55 - Skipping line due to error: setting an array element with a sequence. The requested array has an inhomogeneous shape after 1 dimensions. The detected shape was (11,) + inhomogeneous part.
INFO - 09/24/25 19:28:21 - 1:05:55 - Skipping line due to error: Expected 11 elements, got 9
INFO - 09/24/25 19:28:21 - 1:05:55 - Skipping line due to error: Expected 11 elements, got 12
INFO - 09/24/25 19:28:21 - 1:05:55 - Skipping line due to error: Expected 11 elements, got 10
INFO - 09/24/25 19:28:21 - 1:05:55 - Skipping line due to error: setting an array element with a sequence. The requested array has an inhomogeneous shape after 1 dimensions. The detected shape was (11,) + inhomogeneous part.
INFO - 09/24/25 19:28:21 - 1:05:55 - Skipping line due to error: setting an array element with a sequence. The requested array has an inhomogeneous shape after 1 dimensions. The detected shape was (11,) + inhomogeneous part.
INFO - 09/24/25 19:28:21 - 1:05:55 - Skipping line due to error: setting an array element with a sequence. The requested array has an inhomogeneous shape after 1 dimensions. The detected shape was (11,) + inhomogeneous part.
INFO - 09/24/25 19:28:21 - 1:05:55 - Skipping line due to error: setting an array element with a sequence. The requested array has an inhomogeneous shape after 1 dimensions. The detected shape was (11,) + inhomogeneous part.
INFO - 09/24/25 19:28:21 - 1:05:55 - Skipping line due to error: setting an array element with a sequence. The requested array has an inhomogeneous shape after 1 dimensions. The detected shape was (11,) + inhomogeneous part.
INFO - 09/24/25 19:28:21 - 1:05:55 - Skipping line due to error: setting an array element with a sequence. The requested array has an inhomogeneous shape after 1 dimensions. The detected shape was (11,) + inhomogeneous part.
INFO - 09/24/25 19:28:21 - 1:05:55 - Skipping line due to error: setting an array element with a sequence. The requested array has an inhomogeneous shape after 1 dimensions. The detected shape was (11,) + inhomogeneous part.
INFO - 09/24/25 19:28:21 - 1:05:55 - Skipping line due to error: Expected 11 elements, got 12
INFO - 09/24/25 19:28:21 - 1:05:55 - Skipping line due to error: Expected 11 elements, got 13
INFO - 09/24/25 19:28:21 - 1:05:55 - Skipping line due to error: setting an array element with a sequence. The requested array has an inhomogeneous shape after 1 dimensions. The detected shape was (11,) + inhomogeneous part.
INFO - 09/24/25 19:28:21 - 1:05:55 - Skipping line due to error: setting an array element with a sequence. The requested array has an inhomogeneous shape after 1 dimensions. The detected shape was (11,) + inhomogeneous part.
INFO - 09/24/25 19:28:21 - 1:05:55 - Skipping line due to error: setting an array element with a sequence. The requested array has an inhomogeneous shape after 1 dimensions. The detected shape was (11,) + inhomogeneous part.
INFO - 09/24/25 19:28:21 - 1:05:55 - Skipping line due to error: setting an array element with a sequence. The requested array has an inhomogeneous shape after 1 dimensions. The detected shape was (11,) + inhomogeneous part.
INFO - 09/24/25 19:28:21 - 1:05:55 - Skipping line due to error: Expected 11 elements, got 10
INFO - 09/24/25 19:28:21 - 1:05:55 - Skipping line due to error: Expected 11 elements, got 12
INFO - 09/24/25 19:28:21 - 1:05:55 - Skipping line due to error: Expected 11 elements, got 12
INFO - 09/24/25 19:28:21 - 1:05:55 - Skipping line due to error: Expected 11 elements, got 10
INFO - 09/24/25 19:28:21 - 1:05:55 - Skipping line due to error: setting an array element with a sequence. The requested array has an inhomogeneous shape after 1 dimensions. The detected shape was (11,) + inhomogeneous part.
INFO - 09/24/25 19:28:21 - 1:05:55 - Skipping line due to error: setting an array element with a sequence. The requested array has an inhomogeneous shape after 1 dimensions. The detected shape was (11,) + inhomogeneous part.
INFO - 09/24/25 19:28:21 - 1:05:55 - Skipping line due to error: setting an array element with a sequence. The requested array has an inhomogeneous shape after 1 dimensions. The detected shape was (11,) + inhomogeneous part.
INFO - 09/24/25 19:28:21 - 1:05:55 - Skipping line due to error: setting an array element with a sequence. The requested array has an inhomogeneous shape after 1 dimensions. The detected shape was (11,) + inhomogeneous part.
INFO - 09/24/25 19:28:21 - 1:05:55 - Skipping line due to error: Expected 11 elements, got 12
INFO - 09/24/25 19:28:21 - 1:05:55 - Skipping line due to error: Expected 11 elements, got 12
INFO - 09/24/25 19:28:21 - 1:05:55 - Skipping line due to error: setting an array element with a sequence. The requested array has an inhomogeneous shape after 1 dimensions. The detected shape was (11,) + inhomogeneous part.
INFO - 09/24/25 19:28:21 - 1:05:55 - Skipping line due to error: setting an array element with a sequence. The requested array has an inhomogeneous shape after 1 dimensions. The detected shape was (11,) + inhomogeneous part.
INFO - 09/24/25 19:28:21 - 1:05:55 - Skipping line due to error: setting an array element with a sequence. The requested array has an inhomogeneous shape after 1 dimensions. The detected shape was (11,) + inhomogeneous part.
INFO - 09/24/25 19:28:21 - 1:05:55 - Skipping line due to error: setting an array element with a sequence. The requested array has an inhomogeneous shape after 1 dimensions. The detected shape was (11,) + inhomogeneous part.
INFO - 09/24/25 19:28:21 - 1:05:55 - Skipping line due to error: setting an array element with a sequence. The requested array has an inhomogeneous shape after 1 dimensions. The detected shape was (11,) + inhomogeneous part.
INFO - 09/24/25 19:28:21 - 1:05:55 - Skipping line due to error: setting an array element with a sequence. The requested array has an inhomogeneous shape after 1 dimensions. The detected shape was (11,) + inhomogeneous part.
INFO - 09/24/25 19:28:21 - 1:05:55 - Skipping line due to error: Expected 11 elements, got 13
INFO - 09/24/25 19:28:21 - 1:05:55 - Skipping line due to error: setting an array element with a sequence. The requested array has an inhomogeneous shape after 1 dimensions. The detected shape was (11,) + inhomogeneous part.
INFO - 09/24/25 19:28:21 - 1:05:55 - Skipping line due to error: setting an array element with a sequence. The requested array has an inhomogeneous shape after 1 dimensions. The detected shape was (11,) + inhomogeneous part.
INFO - 09/24/25 19:28:21 - 1:05:55 - Skipping line due to error: setting an array element with a sequence. The requested array has an inhomogeneous shape after 1 dimensions. The detected shape was (11,) + inhomogeneous part.
INFO - 09/24/25 19:28:21 - 1:05:55 - Skipping line due to error: setting an array element with a sequence. The requested array has an inhomogeneous shape after 1 dimensions. The detected shape was (11,) + inhomogeneous part.
INFO - 09/24/25 19:28:21 - 1:05:55 - Skipping line due to error: Expected 11 elements, got 10
INFO - 09/24/25 19:28:21 - 1:05:55 - Skipping line due to error: Expected 11 elements, got 13
INFO - 09/24/25 19:28:21 - 1:05:55 - Skipping line due to error: setting an array element with a sequence. The requested array has an inhomogeneous shape after 1 dimensions. The detected shape was (11,) + inhomogeneous part.
INFO - 09/24/25 19:28:21 - 1:05:55 - Skipping line due to error: setting an array element with a sequence. The requested array has an inhomogeneous shape after 1 dimensions. The detected shape was (11,) + inhomogeneous part.
INFO - 09/24/25 19:28:21 - 1:05:55 - Skipping line due to error: setting an array element with a sequence. The requested array has an inhomogeneous shape after 1 dimensions. The detected shape was (11,) + inhomogeneous part.
INFO - 09/24/25 19:28:21 - 1:05:55 - Skipping line due to error: Expected 11 elements, got 10
INFO - 09/24/25 19:28:21 - 1:05:55 - Skipping line due to error: setting an array element with a sequence. The requested array has an inhomogeneous shape after 1 dimensions. The detected shape was (11,) + inhomogeneous part.
INFO - 09/24/25 19:28:21 - 1:05:55 - Skipping line due to error: setting an array element with a sequence. The requested array has an inhomogeneous shape after 1 dimensions. The detected shape was (11,) + inhomogeneous part.
INFO - 09/24/25 19:28:21 - 1:05:55 - Skipping line due to error: Expected 11 elements, got 12
INFO - 09/24/25 19:28:21 - 1:05:55 - Skipping line due to error: setting an array element with a sequence. The requested array has an inhomogeneous shape after 1 dimensions. The detected shape was (11,) + inhomogeneous part.
INFO - 09/24/25 19:28:21 - 1:05:55 - Skipping line due to error: Expected 11 elements, got 12
INFO - 09/24/25 19:28:21 - 1:05:55 - Skipping line due to error: setting an array element with a sequence. The requested array has an inhomogeneous shape after 1 dimensions. The detected shape was (11,) + inhomogeneous part.
INFO - 09/24/25 19:28:21 - 1:05:55 - Skipping line due to error: Expected 11 elements, got 12
INFO - 09/24/25 19:28:21 - 1:05:55 - Skipping line due to error: Expected 11 elements, got 9
INFO - 09/24/25 19:28:21 - 1:05:55 - Skipping line due to error: Expected 11 elements, got 13
INFO - 09/24/25 19:28:21 - 1:05:55 - Skipping line due to error: Expected 11 elements, got 10
INFO - 09/24/25 19:28:21 - 1:05:55 - Skipping line due to error: Expected 11 elements, got 12
INFO - 09/24/25 19:28:21 - 1:05:55 - Skipping line due to error: setting an array element with a sequence. The requested array has an inhomogeneous shape after 1 dimensions. The detected shape was (11,) + inhomogeneous part.
INFO - 09/24/25 19:28:21 - 1:05:55 - Skipping line due to error: Expected 11 elements, got 13
INFO - 09/24/25 19:28:21 - 1:05:55 - Skipping line due to error: setting an array element with a sequence. The requested array has an inhomogeneous shape after 1 dimensions. The detected shape was (11,) + inhomogeneous part.
INFO - 09/24/25 19:28:21 - 1:05:55 - Skipping line due to error: setting an array element with a sequence. The requested array has an inhomogeneous shape after 1 dimensions. The detected shape was (11,) + inhomogeneous part.
INFO - 09/24/25 19:28:21 - 1:05:55 - Skipping line due to error: setting an array element with a sequence. The requested array has an inhomogeneous shape after 1 dimensions. The detected shape was (11,) + inhomogeneous part.
INFO - 09/24/25 19:28:21 - 1:05:55 - Skipping line due to error: setting an array element with a sequence. The requested array has an inhomogeneous shape after 1 dimensions. The detected shape was (11,) + inhomogeneous part.
INFO - 09/24/25 19:28:21 - 1:05:55 - Skipping line due to error: Expected 11 elements, got 12
INFO - 09/24/25 19:28:21 - 1:05:55 - Skipping line due to error: setting an array element with a sequence. The requested array has an inhomogeneous shape after 1 dimensions. The detected shape was (11,) + inhomogeneous part.
INFO - 09/24/25 19:28:21 - 1:05:55 - Skipping line due to error: setting an array element with a sequence. The requested array has an inhomogeneous shape after 1 dimensions. The detected shape was (11,) + inhomogeneous part.
INFO - 09/24/25 19:28:21 - 1:05:55 - Skipping line due to error: Expected 11 elements, got 9
INFO - 09/24/25 19:28:21 - 1:05:55 - Skipping line due to error: setting an array element with a sequence. The requested array has an inhomogeneous shape after 1 dimensions. The detected shape was (11,) + inhomogeneous part.
INFO - 09/24/25 19:28:21 - 1:05:55 - Skipping line due to error: Expected 11 elements, got 10
INFO - 09/24/25 19:28:21 - 1:05:55 - Skipping line due to error: setting an array element with a sequence. The requested array has an inhomogeneous shape after 1 dimensions. The detected shape was (11,) + inhomogeneous part.
INFO - 09/24/25 19:28:21 - 1:05:55 - Skipping line due to error: setting an array element with a sequence. The requested array has an inhomogeneous shape after 1 dimensions. The detected shape was (11,) + inhomogeneous part.
INFO - 09/24/25 19:28:21 - 1:05:55 - Skipping line due to error: Expected 11 elements, got 10
INFO - 09/24/25 19:28:21 - 1:05:55 - Skipping line due to error: setting an array element with a sequence. The requested array has an inhomogeneous shape after 1 dimensions. The detected shape was (11,) + inhomogeneous part.
INFO - 09/24/25 19:28:21 - 1:05:55 - Skipping line due to error: setting an array element with a sequence. The requested array has an inhomogeneous shape after 1 dimensions. The detected shape was (11,) + inhomogeneous part.
INFO - 09/24/25 19:28:21 - 1:05:55 - Skipping line due to error: setting an array element with a sequence. The requested array has an inhomogeneous shape after 1 dimensions. The detected shape was (11,) + inhomogeneous part.
INFO - 09/24/25 19:28:21 - 1:05:55 - Skipping line due to error: setting an array element with a sequence. The requested array has an inhomogeneous shape after 1 dimensions. The detected shape was (11,) + inhomogeneous part.
INFO - 09/24/25 19:28:21 - 1:05:55 - Skipping line due to error: Expected 11 elements, got 12
INFO - 09/24/25 19:28:21 - 1:05:55 - Skipping line due to error: setting an array element with a sequence. The requested array has an inhomogeneous shape after 1 dimensions. The detected shape was (11,) + inhomogeneous part.
INFO - 09/24/25 19:28:21 - 1:05:55 - Skipping line due to error: setting an array element with a sequence. The requested array has an inhomogeneous shape after 1 dimensions. The detected shape was (11,) + inhomogeneous part.
INFO - 09/24/25 19:28:21 - 1:05:55 - Skipping line due to error: setting an array element with a sequence. The requested array has an inhomogeneous shape after 1 dimensions. The detected shape was (11,) + inhomogeneous part.
INFO - 09/24/25 19:28:21 - 1:05:55 - Skipping line due to error: setting an array element with a sequence. The requested array has an inhomogeneous shape after 1 dimensions. The detected shape was (11,) + inhomogeneous part.
INFO - 09/24/25 19:28:21 - 1:05:55 - Skipping line due to error: setting an array element with a sequence. The requested array has an inhomogeneous shape after 1 dimensions. The detected shape was (11,) + inhomogeneous part.
INFO - 09/24/25 19:28:21 - 1:05:55 - Skipping line due to error: setting an array element with a sequence. The requested array has an inhomogeneous shape after 1 dimensions. The detected shape was (11,) + inhomogeneous part.
INFO - 09/24/25 19:28:21 - 1:05:55 - Skipping line due to error: setting an array element with a sequence. The requested array has an inhomogeneous shape after 1 dimensions. The detected shape was (11,) + inhomogeneous part.
INFO - 09/24/25 19:28:21 - 1:05:55 - Skipping line due to error: setting an array element with a sequence. The requested array has an inhomogeneous shape after 1 dimensions. The detected shape was (11,) + inhomogeneous part.
INFO - 09/24/25 19:28:21 - 1:05:55 - Skipping line due to error: setting an array element with a sequence. The requested array has an inhomogeneous shape after 1 dimensions. The detected shape was (11,) + inhomogeneous part.
INFO - 09/24/25 19:28:21 - 1:05:55 - Skipping line due to error: setting an array element with a sequence. The requested array has an inhomogeneous shape after 1 dimensions. The detected shape was (11,) + inhomogeneous part.
INFO - 09/24/25 19:28:21 - 1:05:55 - Skipping line due to error: Expected 11 elements, got 12
INFO - 09/24/25 19:28:21 - 1:05:55 - Skipping line due to error: setting an array element with a sequence. The requested array has an inhomogeneous shape after 1 dimensions. The detected shape was (11,) + inhomogeneous part.
INFO - 09/24/25 19:28:21 - 1:05:55 - Skipping line due to error: setting an array element with a sequence. The requested array has an inhomogeneous shape after 1 dimensions. The detected shape was (11,) + inhomogeneous part.
INFO - 09/24/25 19:28:21 - 1:05:55 - Skipping line due to error: Expected 11 elements, got 12
INFO - 09/24/25 19:28:21 - 1:05:55 - Skipping line due to error: Expected 11 elements, got 9
INFO - 09/24/25 19:28:21 - 1:05:55 - Skipping line due to error: setting an array element with a sequence. The requested array has an inhomogeneous shape after 1 dimensions. The detected shape was (11,) + inhomogeneous part.
INFO - 09/24/25 19:28:21 - 1:05:55 - Skipping line due to error: setting an array element with a sequence. The requested array has an inhomogeneous shape after 1 dimensions. The detected shape was (11,) + inhomogeneous part.
INFO - 09/24/25 19:28:21 - 1:05:55 - Skipping line due to error: setting an array element with a sequence. The requested array has an inhomogeneous shape after 1 dimensions. The detected shape was (11,) + inhomogeneous part.
INFO - 09/24/25 19:28:21 - 1:05:55 - Skipping line due to error: Expected 11 elements, got 10
INFO - 09/24/25 19:28:21 - 1:05:55 - Skipping line due to error: Expected 11 elements, got 10
INFO - 09/24/25 19:28:21 - 1:05:55 - Skipping line due to error: Expected 11 elements, got 10
INFO - 09/24/25 19:28:21 - 1:05:55 - Skipping line due to error: Expected 11 elements, got 10
INFO - 09/24/25 19:28:21 - 1:05:55 - Skipping line due to error: setting an array element with a sequence. The requested array has an inhomogeneous shape after 1 dimensions. The detected shape was (11,) + inhomogeneous part.
INFO - 09/24/25 19:28:21 - 1:05:55 - Skipping line due to error: setting an array element with a sequence. The requested array has an inhomogeneous shape after 1 dimensions. The detected shape was (11,) + inhomogeneous part.
INFO - 09/24/25 19:28:21 - 1:05:55 - Skipping line due to error: Expected 11 elements, got 12
INFO - 09/24/25 19:28:21 - 1:05:55 - Skipping line due to error: setting an array element with a sequence. The requested array has an inhomogeneous shape after 1 dimensions. The detected shape was (11,) + inhomogeneous part.
INFO - 09/24/25 19:28:21 - 1:05:55 - Skipping line due to error: Expected 11 elements, got 10
INFO - 09/24/25 19:28:21 - 1:05:55 - Skipping line due to error: setting an array element with a sequence. The requested array has an inhomogeneous shape after 1 dimensions. The detected shape was (11,) + inhomogeneous part.
INFO - 09/24/25 19:28:21 - 1:05:55 - Skipping line due to error: setting an array element with a sequence. The requested array has an inhomogeneous shape after 1 dimensions. The detected shape was (11,) + inhomogeneous part.
INFO - 09/24/25 19:28:21 - 1:05:55 - Skipping line due to error: setting an array element with a sequence. The requested array has an inhomogeneous shape after 1 dimensions. The detected shape was (11,) + inhomogeneous part.
INFO - 09/24/25 19:28:21 - 1:05:55 - Skipping line due to error: setting an array element with a sequence. The requested array has an inhomogeneous shape after 1 dimensions. The detected shape was (11,) + inhomogeneous part.
INFO - 09/24/25 19:28:21 - 1:05:55 - Skipping line due to error: setting an array element with a sequence. The requested array has an inhomogeneous shape after 1 dimensions. The detected shape was (11,) + inhomogeneous part.
INFO - 09/24/25 19:28:21 - 1:05:55 - Skipping line due to error: Expected 11 elements, got 12
INFO - 09/24/25 19:28:21 - 1:05:55 - Skipping line due to error: setting an array element with a sequence. The requested array has an inhomogeneous shape after 1 dimensions. The detected shape was (11,) + inhomogeneous part.
INFO - 09/24/25 19:28:21 - 1:05:55 - Skipping line due to error: Expected 11 elements, got 7
INFO - 09/24/25 19:28:21 - 1:05:55 - Skipping line due to error: setting an array element with a sequence. The requested array has an inhomogeneous shape after 1 dimensions. The detected shape was (11,) + inhomogeneous part.
INFO - 09/24/25 19:28:21 - 1:05:55 - Skipping line due to error: setting an array element with a sequence. The requested array has an inhomogeneous shape after 1 dimensions. The detected shape was (11,) + inhomogeneous part.
INFO - 09/24/25 19:28:21 - 1:05:55 - Skipping line due to error: setting an array element with a sequence. The requested array has an inhomogeneous shape after 1 dimensions. The detected shape was (11,) + inhomogeneous part.
INFO - 09/24/25 19:28:21 - 1:05:55 - Skipping line due to error: setting an array element with a sequence. The requested array has an inhomogeneous shape after 1 dimensions. The detected shape was (11,) + inhomogeneous part.
INFO - 09/24/25 19:28:21 - 1:05:55 - Skipping line due to error: setting an array element with a sequence. The requested array has an inhomogeneous shape after 1 dimensions. The detected shape was (11,) + inhomogeneous part.
INFO - 09/24/25 19:28:21 - 1:05:55 - Skipping line due to error: setting an array element with a sequence. The requested array has an inhomogeneous shape after 1 dimensions. The detected shape was (11,) + inhomogeneous part.
INFO - 09/24/25 19:28:21 - 1:05:55 - Skipping line due to error: Expected 11 elements, got 10
INFO - 09/24/25 19:28:21 - 1:05:55 - Skipping line due to error: Expected 11 elements, got 12
INFO - 09/24/25 19:28:21 - 1:05:55 - Skipping line due to error: setting an array element with a sequence. The requested array has an inhomogeneous shape after 1 dimensions. The detected shape was (11,) + inhomogeneous part.
INFO - 09/24/25 19:28:21 - 1:05:55 - Skipping line due to error: setting an array element with a sequence. The requested array has an inhomogeneous shape after 1 dimensions. The detected shape was (11,) + inhomogeneous part.
INFO - 09/24/25 19:28:21 - 1:05:55 - Skipping line due to error: Expected 11 elements, got 9
INFO - 09/24/25 19:28:21 - 1:05:56 - Skipping line due to error: setting an array element with a sequence. The requested array has an inhomogeneous shape after 1 dimensions. The detected shape was (11,) + inhomogeneous part.
INFO - 09/24/25 19:28:21 - 1:05:56 - Skipping line due to error: setting an array element with a sequence. The requested array has an inhomogeneous shape after 1 dimensions. The detected shape was (11,) + inhomogeneous part.
INFO - 09/24/25 19:28:21 - 1:05:56 - Skipping line due to error: setting an array element with a sequence. The requested array has an inhomogeneous shape after 1 dimensions. The detected shape was (11,) + inhomogeneous part.
INFO - 09/24/25 19:28:21 - 1:05:56 - Skipping line due to error: setting an array element with a sequence. The requested array has an inhomogeneous shape after 1 dimensions. The detected shape was (11,) + inhomogeneous part.
INFO - 09/24/25 19:28:21 - 1:05:56 - Skipping line due to error: Expected 11 elements, got 12
INFO - 09/24/25 19:28:21 - 1:05:56 - Skipping line due to error: setting an array element with a sequence. The requested array has an inhomogeneous shape after 1 dimensions. The detected shape was (11,) + inhomogeneous part.
INFO - 09/24/25 19:28:21 - 1:05:56 - Skipping line due to error: Expected 11 elements, got 10
INFO - 09/24/25 19:28:21 - 1:05:56 - Skipping line due to error: Expected 11 elements, got 10
INFO - 09/24/25 19:28:21 - 1:05:56 - Skipping line due to error: setting an array element with a sequence. The requested array has an inhomogeneous shape after 1 dimensions. The detected shape was (11,) + inhomogeneous part.
INFO - 09/24/25 19:28:21 - 1:05:56 - Skipping line due to error: Expected 11 elements, got 10
INFO - 09/24/25 19:28:21 - 1:05:56 - Skipping line due to error: setting an array element with a sequence. The requested array has an inhomogeneous shape after 1 dimensions. The detected shape was (11,) + inhomogeneous part.
INFO - 09/24/25 19:28:21 - 1:05:56 - Skipping line due to error: setting an array element with a sequence. The requested array has an inhomogeneous shape after 1 dimensions. The detected shape was (11,) + inhomogeneous part.
INFO - 09/24/25 19:28:21 - 1:05:56 - Skipping line due to error: Expected 11 elements, got 12
INFO - 09/24/25 19:28:21 - 1:05:56 - Skipping line due to error: setting an array element with a sequence. The requested array has an inhomogeneous shape after 1 dimensions. The detected shape was (11,) + inhomogeneous part.
INFO - 09/24/25 19:28:21 - 1:05:56 - Skipping line due to error: setting an array element with a sequence. The requested array has an inhomogeneous shape after 1 dimensions. The detected shape was (11,) + inhomogeneous part.
INFO - 09/24/25 19:28:21 - 1:05:56 - Skipping line due to error: setting an array element with a sequence. The requested array has an inhomogeneous shape after 1 dimensions. The detected shape was (11,) + inhomogeneous part.
INFO - 09/24/25 19:28:21 - 1:05:56 - Skipping line due to error: setting an array element with a sequence. The requested array has an inhomogeneous shape after 1 dimensions. The detected shape was (11,) + inhomogeneous part.
INFO - 09/24/25 19:28:21 - 1:05:56 - Skipping line due to error: Expected 11 elements, got 12
INFO - 09/24/25 19:28:21 - 1:05:56 - Skipping line due to error: setting an array element with a sequence. The requested array has an inhomogeneous shape after 1 dimensions. The detected shape was (11,) + inhomogeneous part.
INFO - 09/24/25 19:28:21 - 1:05:56 - Skipping line due to error: Expected 11 elements, got 12
INFO - 09/24/25 19:28:21 - 1:05:56 - Skipping line due to error: setting an array element with a sequence. The requested array has an inhomogeneous shape after 1 dimensions. The detected shape was (11,) + inhomogeneous part.
INFO - 09/24/25 19:28:21 - 1:05:56 - Skipping line due to error: Expected 11 elements, got 12
INFO - 09/24/25 19:28:21 - 1:05:56 - Skipping line due to error: Expected 11 elements, got 12
INFO - 09/24/25 19:28:21 - 1:05:56 - Skipping line due to error: Expected 11 elements, got 12
INFO - 09/24/25 19:28:21 - 1:05:56 - Skipping line due to error: Expected 11 elements, got 13
INFO - 09/24/25 19:28:21 - 1:05:56 - Skipping line due to error: Expected 11 elements, got 8
INFO - 09/24/25 19:28:21 - 1:05:56 - Skipping line due to error: setting an array element with a sequence. The requested array has an inhomogeneous shape after 1 dimensions. The detected shape was (11,) + inhomogeneous part.
INFO - 09/24/25 19:28:21 - 1:05:56 - Skipping line due to error: setting an array element with a sequence. The requested array has an inhomogeneous shape after 1 dimensions. The detected shape was (11,) + inhomogeneous part.
INFO - 09/24/25 19:28:21 - 1:05:56 - Skipping line due to error: Expected 11 elements, got 13
INFO - 09/24/25 19:28:21 - 1:05:56 - Skipping line due to error: setting an array element with a sequence. The requested array has an inhomogeneous shape after 1 dimensions. The detected shape was (11,) + inhomogeneous part.
INFO - 09/24/25 19:28:21 - 1:05:56 - Skipping line due to error: Expected 11 elements, got 12
INFO - 09/24/25 19:28:21 - 1:05:56 - Skipping line due to error: setting an array element with a sequence. The requested array has an inhomogeneous shape after 1 dimensions. The detected shape was (11,) + inhomogeneous part.
INFO - 09/24/25 19:28:21 - 1:05:56 - Skipping line due to error: setting an array element with a sequence. The requested array has an inhomogeneous shape after 1 dimensions. The detected shape was (11,) + inhomogeneous part.
INFO - 09/24/25 19:28:21 - 1:05:56 - Skipping line due to error: setting an array element with a sequence. The requested array has an inhomogeneous shape after 1 dimensions. The detected shape was (11,) + inhomogeneous part.
INFO - 09/24/25 19:28:21 - 1:05:56 - Skipping line due to error: setting an array element with a sequence. The requested array has an inhomogeneous shape after 1 dimensions. The detected shape was (11,) + inhomogeneous part.
INFO - 09/24/25 19:28:21 - 1:05:56 - Skipping line due to error: Expected 11 elements, got 14
INFO - 09/24/25 19:28:21 - 1:05:56 - Skipping line due to error: setting an array element with a sequence. The requested array has an inhomogeneous shape after 1 dimensions. The detected shape was (11,) + inhomogeneous part.
INFO - 09/24/25 19:28:21 - 1:05:56 - Skipping line due to error: Expected 11 elements, got 10
INFO - 09/24/25 19:28:21 - 1:05:56 - Skipping line due to error: setting an array element with a sequence. The requested array has an inhomogeneous shape after 1 dimensions. The detected shape was (11,) + inhomogeneous part.
INFO - 09/24/25 19:28:21 - 1:05:56 - Skipping line due to error: setting an array element with a sequence. The requested array has an inhomogeneous shape after 1 dimensions. The detected shape was (11,) + inhomogeneous part.
INFO - 09/24/25 19:28:21 - 1:05:56 - Skipping line due to error: setting an array element with a sequence. The requested array has an inhomogeneous shape after 1 dimensions. The detected shape was (11,) + inhomogeneous part.
INFO - 09/24/25 19:28:21 - 1:05:56 - Skipping line due to error: Expected 11 elements, got 12
INFO - 09/24/25 19:28:21 - 1:05:56 - Skipping line due to error: setting an array element with a sequence. The requested array has an inhomogeneous shape after 1 dimensions. The detected shape was (11,) + inhomogeneous part.
INFO - 09/24/25 19:28:21 - 1:05:56 - Skipping line due to error: setting an array element with a sequence. The requested array has an inhomogeneous shape after 1 dimensions. The detected shape was (11,) + inhomogeneous part.
INFO - 09/24/25 19:28:26 - 1:06:01 - distribution of scores(all rounds)
INFO - 09/24/25 19:28:26 - 1:06:01 - Score:891.0, Count:1
                                     
INFO - 09/24/25 19:28:26 - 1:06:01 - Score:816.0, Count:2
                                     
INFO - 09/24/25 19:28:26 - 1:06:01 - Score:807.0, Count:1
                                     
INFO - 09/24/25 19:28:26 - 1:06:01 - Score:805.0, Count:1
                                     
INFO - 09/24/25 19:28:26 - 1:06:01 - Score:801.0, Count:1
                                     
INFO - 09/24/25 19:28:26 - 1:06:01 - Score:800.0, Count:1
                                     
INFO - 09/24/25 19:28:26 - 1:06:01 - Score:798.0, Count:3
                                     
INFO - 09/24/25 19:28:26 - 1:06:01 - Score:793.0, Count:1
                                     
INFO - 09/24/25 19:28:26 - 1:06:01 - Score:780.0, Count:1
                                     
INFO - 09/24/25 19:28:26 - 1:06:01 - Score:776.0, Count:1
                                     
INFO - 09/24/25 19:28:26 - 1:06:01 - Score:774.0, Count:1
                                     
INFO - 09/24/25 19:28:26 - 1:06:01 - Score:769.0, Count:1
                                     
INFO - 09/24/25 19:28:26 - 1:06:01 - Score:531.0, Count:0
                                     
INFO - 09/24/25 19:28:26 - 1:06:01 - Score:513.0, Count:0
                                     
INFO - 09/24/25 19:28:26 - 1:06:01 - tokenizing
INFO - 09/24/25 19:28:26 - 1:06:01 - Loading tokenizer from /home/yuebi/Project/dim11_run/dim11_run_23/7787/tokenizer_data/tokenizer.json...
INFO - 09/24/25 19:28:26 - 1:06:01 - 0 / 15
INFO - 09/24/25 19:28:26 - 1:06:01 - number of examples in the dataset: 15
INFO - 09/24/25 19:28:26 - 1:06:01 - max word length: 63
INFO - 09/24/25 19:28:26 - 1:06:01 - number of unique characters in the vocabulary: 15
INFO - 09/24/25 19:28:26 - 1:06:01 - vocabulary:
INFO - 09/24/25 19:28:26 - 1:06:01 - ['V0', 'V1', 'V2', 'V3', 'V4', 'V5', 'V6', 'V7', 'V8', 'V9', 'V10', 'V11', 'V12', 'V13', 'V14']
INFO - 09/24/25 19:28:26 - 1:06:01 - split up the dataset into 14 training examples and 1 test examples
INFO - 09/24/25 19:28:26 - 1:06:01 - ============ Start of generation 4 ============
INFO - 09/24/25 19:28:26 - 1:06:01 - Memory allocated:  41.64MB, reserved: 1854.00MB
INFO - 09/24/25 19:28:26 - 1:06:01 - training
INFO - 09/24/25 19:28:27 - 1:06:01 - step 0 | loss 6.4634 | step time 101.14ms
INFO - 09/24/25 19:28:36 - 1:06:10 - step 100 | loss 0.0521 | step time 92.54ms
INFO - 09/24/25 19:28:45 - 1:06:19 - step 200 | loss 0.0474 | step time 92.49ms
INFO - 09/24/25 19:28:54 - 1:06:29 - step 300 | loss 0.0480 | step time 92.65ms
INFO - 09/24/25 19:29:04 - 1:06:38 - step 400 | loss 0.0441 | step time 92.69ms
INFO - 09/24/25 19:29:13 - 1:06:47 - step 500 | loss 0.0483 | step time 92.55ms
INFO - 09/24/25 19:29:13 - 1:06:47 - step 500 train loss: 0.048085812479257584 test loss: 6.333042144775391
INFO - 09/24/25 19:29:13 - 1:06:47 - test loss 6.333042144775391 is the best so far, saving model to /home/yuebi/Project/dim11_run/dim11_run_23/7787/model.pt
INFO - 09/24/25 19:29:22 - 1:06:57 - step 600 | loss 0.0454 | step time 92.30ms
INFO - 09/24/25 19:29:31 - 1:07:06 - step 700 | loss 0.0470 | step time 92.80ms
INFO - 09/24/25 19:29:41 - 1:07:15 - step 800 | loss 0.0458 | step time 92.37ms
INFO - 09/24/25 19:29:50 - 1:07:24 - step 900 | loss 0.0458 | step time 92.59ms
INFO - 09/24/25 19:29:59 - 1:07:33 - Memory allocated:  41.64MB, reserved: 1854.00MB
INFO - 09/24/25 19:29:59 - 1:07:33 - generating
INFO - 09/24/25 19:49:53 - 1:27:28 - distribution of sample lengths: average: 179.3346 max: 401
INFO - 09/24/25 19:49:53 - 1:27:28 - printed 30000 samples
INFO - 09/24/25 19:49:53 - 1:27:28 - decoding
INFO - 09/24/25 19:49:54 - 1:27:28 - Decoding complete. Check the output in /home/yuebi/Project/dim11_run/dim11_run_23/7787/transformer-output-decoded.txt
INFO - 09/24/25 19:49:54 - 1:27:28 - Memory allocated:  41.64MB, reserved: 1854.00MB
INFO - 09/24/25 19:49:54 - 1:27:28 - ============ End of generation 4 ============
INFO - 09/24/25 19:49:54 - 1:27:28 - launching search.jl
INFO - 09/24/25 19:49:54 - 1:27:28 - JULIA_NUM_THREADS is set to 1
INFO - 09/24/25 19:49:54 - 1:27:28 - Skipping line due to error: setting an array element with a sequence. The requested array has an inhomogeneous shape after 1 dimensions. The detected shape was (11,) + inhomogeneous part.
INFO - 09/24/25 19:49:54 - 1:27:28 - Skipping line due to error: setting an array element with a sequence. The requested array has an inhomogeneous shape after 1 dimensions. The detected shape was (11,) + inhomogeneous part.
INFO - 09/24/25 19:49:54 - 1:27:28 - Skipping line due to error: Expected 11 elements, got 10
INFO - 09/24/25 19:49:54 - 1:27:28 - Skipping line due to error: setting an array element with a sequence. The requested array has an inhomogeneous shape after 1 dimensions. The detected shape was (11,) + inhomogeneous part.
INFO - 09/24/25 19:49:54 - 1:27:28 - Skipping line due to error: setting an array element with a sequence. The requested array has an inhomogeneous shape after 1 dimensions. The detected shape was (11,) + inhomogeneous part.
INFO - 09/24/25 19:49:54 - 1:27:28 - Skipping line due to error: setting an array element with a sequence. The requested array has an inhomogeneous shape after 1 dimensions. The detected shape was (11,) + inhomogeneous part.
INFO - 09/24/25 19:49:54 - 1:27:28 - Skipping line due to error: setting an array element with a sequence. The requested array has an inhomogeneous shape after 1 dimensions. The detected shape was (11,) + inhomogeneous part.
INFO - 09/24/25 19:49:54 - 1:27:28 - Skipping line due to error: setting an array element with a sequence. The requested array has an inhomogeneous shape after 1 dimensions. The detected shape was (11,) + inhomogeneous part.
INFO - 09/24/25 19:49:54 - 1:27:28 - Skipping line due to error: setting an array element with a sequence. The requested array has an inhomogeneous shape after 1 dimensions. The detected shape was (11,) + inhomogeneous part.
INFO - 09/24/25 19:49:54 - 1:27:28 - Skipping line due to error: Expected 11 elements, got 9
INFO - 09/24/25 19:49:54 - 1:27:28 - Skipping line due to error: Expected 11 elements, got 12
INFO - 09/24/25 19:49:54 - 1:27:28 - Skipping line due to error: setting an array element with a sequence. The requested array has an inhomogeneous shape after 1 dimensions. The detected shape was (11,) + inhomogeneous part.
INFO - 09/24/25 19:49:54 - 1:27:28 - Skipping line due to error: Expected 11 elements, got 12
INFO - 09/24/25 19:49:54 - 1:27:28 - Skipping line due to error: setting an array element with a sequence. The requested array has an inhomogeneous shape after 1 dimensions. The detected shape was (11,) + inhomogeneous part.
INFO - 09/24/25 19:49:54 - 1:27:28 - Skipping line due to error: setting an array element with a sequence. The requested array has an inhomogeneous shape after 1 dimensions. The detected shape was (11,) + inhomogeneous part.
INFO - 09/24/25 19:49:54 - 1:27:28 - Skipping line due to error: Expected 11 elements, got 12
INFO - 09/24/25 19:49:54 - 1:27:28 - Skipping line due to error: setting an array element with a sequence. The requested array has an inhomogeneous shape after 1 dimensions. The detected shape was (11,) + inhomogeneous part.
INFO - 09/24/25 19:49:54 - 1:27:28 - Skipping line due to error: Expected 11 elements, got 23
INFO - 09/24/25 19:49:54 - 1:27:28 - Skipping line due to error: setting an array element with a sequence. The requested array has an inhomogeneous shape after 1 dimensions. The detected shape was (11,) + inhomogeneous part.
INFO - 09/24/25 19:49:54 - 1:27:28 - Skipping line due to error: setting an array element with a sequence. The requested array has an inhomogeneous shape after 1 dimensions. The detected shape was (11,) + inhomogeneous part.
INFO - 09/24/25 19:49:54 - 1:27:28 - Skipping line due to error: setting an array element with a sequence. The requested array has an inhomogeneous shape after 1 dimensions. The detected shape was (11,) + inhomogeneous part.
INFO - 09/24/25 19:49:54 - 1:27:28 - Skipping line due to error: Expected 11 elements, got 12
INFO - 09/24/25 19:49:54 - 1:27:28 - Skipping line due to error: Expected 11 elements, got 12
INFO - 09/24/25 19:49:54 - 1:27:28 - Skipping line due to error: Expected 11 elements, got 10
INFO - 09/24/25 19:49:54 - 1:27:28 - Skipping line due to error: setting an array element with a sequence. The requested array has an inhomogeneous shape after 1 dimensions. The detected shape was (11,) + inhomogeneous part.
INFO - 09/24/25 19:49:54 - 1:27:28 - Skipping line due to error: setting an array element with a sequence. The requested array has an inhomogeneous shape after 1 dimensions. The detected shape was (11,) + inhomogeneous part.
INFO - 09/24/25 19:49:54 - 1:27:28 - Skipping line due to error: setting an array element with a sequence. The requested array has an inhomogeneous shape after 1 dimensions. The detected shape was (11,) + inhomogeneous part.
INFO - 09/24/25 19:49:54 - 1:27:28 - Skipping line due to error: setting an array element with a sequence. The requested array has an inhomogeneous shape after 1 dimensions. The detected shape was (11,) + inhomogeneous part.
INFO - 09/24/25 19:49:54 - 1:27:28 - Skipping line due to error: Expected 11 elements, got 5
INFO - 09/24/25 19:49:54 - 1:27:28 - Skipping line due to error: Expected 11 elements, got 10
INFO - 09/24/25 19:49:54 - 1:27:28 - Skipping line due to error: setting an array element with a sequence. The requested array has an inhomogeneous shape after 1 dimensions. The detected shape was (11,) + inhomogeneous part.
INFO - 09/24/25 19:49:54 - 1:27:28 - Skipping line due to error: setting an array element with a sequence. The requested array has an inhomogeneous shape after 1 dimensions. The detected shape was (11,) + inhomogeneous part.
INFO - 09/24/25 19:49:54 - 1:27:28 - Skipping line due to error: setting an array element with a sequence. The requested array has an inhomogeneous shape after 1 dimensions. The detected shape was (11,) + inhomogeneous part.
INFO - 09/24/25 19:49:54 - 1:27:28 - Skipping line due to error: Expected 11 elements, got 14
INFO - 09/24/25 19:49:54 - 1:27:28 - Skipping line due to error: setting an array element with a sequence. The requested array has an inhomogeneous shape after 1 dimensions. The detected shape was (11,) + inhomogeneous part.
INFO - 09/24/25 19:49:54 - 1:27:28 - Skipping line due to error: Expected 11 elements, got 12
INFO - 09/24/25 19:49:54 - 1:27:28 - Skipping line due to error: Expected 11 elements, got 9
INFO - 09/24/25 19:49:54 - 1:27:28 - Skipping line due to error: setting an array element with a sequence. The requested array has an inhomogeneous shape after 1 dimensions. The detected shape was (11,) + inhomogeneous part.
INFO - 09/24/25 19:49:54 - 1:27:28 - Skipping line due to error: setting an array element with a sequence. The requested array has an inhomogeneous shape after 1 dimensions. The detected shape was (11,) + inhomogeneous part.
INFO - 09/24/25 19:49:54 - 1:27:28 - Skipping line due to error: setting an array element with a sequence. The requested array has an inhomogeneous shape after 1 dimensions. The detected shape was (11,) + inhomogeneous part.
INFO - 09/24/25 19:49:54 - 1:27:28 - Skipping line due to error: setting an array element with a sequence. The requested array has an inhomogeneous shape after 1 dimensions. The detected shape was (11,) + inhomogeneous part.
INFO - 09/24/25 19:49:54 - 1:27:28 - Skipping line due to error: setting an array element with a sequence. The requested array has an inhomogeneous shape after 1 dimensions. The detected shape was (11,) + inhomogeneous part.
INFO - 09/24/25 19:49:54 - 1:27:28 - Skipping line due to error: Expected 11 elements, got 10
INFO - 09/24/25 19:49:54 - 1:27:28 - Skipping line due to error: Expected 11 elements, got 12
INFO - 09/24/25 19:49:54 - 1:27:28 - Skipping line due to error: setting an array element with a sequence. The requested array has an inhomogeneous shape after 1 dimensions. The detected shape was (11,) + inhomogeneous part.
INFO - 09/24/25 19:49:54 - 1:27:28 - Skipping line due to error: Expected 11 elements, got 13
INFO - 09/24/25 19:49:54 - 1:27:28 - Skipping line due to error: setting an array element with a sequence. The requested array has an inhomogeneous shape after 1 dimensions. The detected shape was (11,) + inhomogeneous part.
INFO - 09/24/25 19:49:54 - 1:27:28 - Skipping line due to error: setting an array element with a sequence. The requested array has an inhomogeneous shape after 1 dimensions. The detected shape was (11,) + inhomogeneous part.
INFO - 09/24/25 19:49:54 - 1:27:28 - Skipping line due to error: setting an array element with a sequence. The requested array has an inhomogeneous shape after 1 dimensions. The detected shape was (11,) + inhomogeneous part.
INFO - 09/24/25 19:49:54 - 1:27:28 - Skipping line due to error: setting an array element with a sequence. The requested array has an inhomogeneous shape after 1 dimensions. The detected shape was (11,) + inhomogeneous part.
INFO - 09/24/25 19:49:54 - 1:27:28 - Skipping line due to error: setting an array element with a sequence. The requested array has an inhomogeneous shape after 1 dimensions. The detected shape was (11,) + inhomogeneous part.
INFO - 09/24/25 19:49:54 - 1:27:28 - Skipping line due to error: setting an array element with a sequence. The requested array has an inhomogeneous shape after 1 dimensions. The detected shape was (11,) + inhomogeneous part.
INFO - 09/24/25 19:49:54 - 1:27:28 - Skipping line due to error: setting an array element with a sequence. The requested array has an inhomogeneous shape after 1 dimensions. The detected shape was (11,) + inhomogeneous part.
INFO - 09/24/25 19:49:54 - 1:27:28 - Skipping line due to error: setting an array element with a sequence. The requested array has an inhomogeneous shape after 1 dimensions. The detected shape was (11,) + inhomogeneous part.
INFO - 09/24/25 19:49:54 - 1:27:28 - Skipping line due to error: setting an array element with a sequence. The requested array has an inhomogeneous shape after 1 dimensions. The detected shape was (11,) + inhomogeneous part.
INFO - 09/24/25 19:49:54 - 1:27:28 - Skipping line due to error: setting an array element with a sequence. The requested array has an inhomogeneous shape after 1 dimensions. The detected shape was (11,) + inhomogeneous part.
INFO - 09/24/25 19:49:54 - 1:27:28 - Skipping line due to error: setting an array element with a sequence. The requested array has an inhomogeneous shape after 1 dimensions. The detected shape was (11,) + inhomogeneous part.
INFO - 09/24/25 19:49:54 - 1:27:28 - Skipping line due to error: Expected 11 elements, got 10
INFO - 09/24/25 19:49:54 - 1:27:28 - Skipping line due to error: setting an array element with a sequence. The requested array has an inhomogeneous shape after 1 dimensions. The detected shape was (11,) + inhomogeneous part.
INFO - 09/24/25 19:49:54 - 1:27:28 - Skipping line due to error: Expected 11 elements, got 10
INFO - 09/24/25 19:49:54 - 1:27:28 - Skipping line due to error: setting an array element with a sequence. The requested array has an inhomogeneous shape after 1 dimensions. The detected shape was (11,) + inhomogeneous part.
INFO - 09/24/25 19:49:54 - 1:27:28 - Skipping line due to error: Expected 11 elements, got 13
INFO - 09/24/25 19:49:54 - 1:27:28 - Skipping line due to error: setting an array element with a sequence. The requested array has an inhomogeneous shape after 1 dimensions. The detected shape was (11,) + inhomogeneous part.
INFO - 09/24/25 19:49:54 - 1:27:28 - Skipping line due to error: setting an array element with a sequence. The requested array has an inhomogeneous shape after 1 dimensions. The detected shape was (11,) + inhomogeneous part.
INFO - 09/24/25 19:49:54 - 1:27:28 - Skipping line due to error: Expected 11 elements, got 8
INFO - 09/24/25 19:49:54 - 1:27:28 - Skipping line due to error: Expected 11 elements, got 12
INFO - 09/24/25 19:49:54 - 1:27:28 - Skipping line due to error: setting an array element with a sequence. The requested array has an inhomogeneous shape after 1 dimensions. The detected shape was (11,) + inhomogeneous part.
INFO - 09/24/25 19:49:54 - 1:27:28 - Skipping line due to error: setting an array element with a sequence. The requested array has an inhomogeneous shape after 1 dimensions. The detected shape was (11,) + inhomogeneous part.
INFO - 09/24/25 19:49:54 - 1:27:28 - Skipping line due to error: setting an array element with a sequence. The requested array has an inhomogeneous shape after 1 dimensions. The detected shape was (11,) + inhomogeneous part.
INFO - 09/24/25 19:49:54 - 1:27:28 - Skipping line due to error: setting an array element with a sequence. The requested array has an inhomogeneous shape after 1 dimensions. The detected shape was (11,) + inhomogeneous part.
INFO - 09/24/25 19:49:54 - 1:27:28 - Skipping line due to error: Expected 11 elements, got 24
INFO - 09/24/25 19:49:54 - 1:27:28 - Skipping line due to error: Expected 11 elements, got 9
INFO - 09/24/25 19:49:54 - 1:27:28 - Skipping line due to error: Expected 11 elements, got 10
INFO - 09/24/25 19:49:54 - 1:27:28 - Skipping line due to error: Expected 11 elements, got 12
INFO - 09/24/25 19:49:54 - 1:27:28 - Skipping line due to error: Expected 11 elements, got 10
INFO - 09/24/25 19:49:54 - 1:27:28 - Skipping line due to error: setting an array element with a sequence. The requested array has an inhomogeneous shape after 1 dimensions. The detected shape was (11,) + inhomogeneous part.
INFO - 09/24/25 19:49:54 - 1:27:28 - Skipping line due to error: setting an array element with a sequence. The requested array has an inhomogeneous shape after 1 dimensions. The detected shape was (11,) + inhomogeneous part.
INFO - 09/24/25 19:49:54 - 1:27:28 - Skipping line due to error: setting an array element with a sequence. The requested array has an inhomogeneous shape after 1 dimensions. The detected shape was (11,) + inhomogeneous part.
INFO - 09/24/25 19:49:54 - 1:27:28 - Skipping line due to error: setting an array element with a sequence. The requested array has an inhomogeneous shape after 1 dimensions. The detected shape was (11,) + inhomogeneous part.
INFO - 09/24/25 19:49:54 - 1:27:28 - Skipping line due to error: setting an array element with a sequence. The requested array has an inhomogeneous shape after 1 dimensions. The detected shape was (11,) + inhomogeneous part.
INFO - 09/24/25 19:49:54 - 1:27:28 - Skipping line due to error: Expected 11 elements, got 10
INFO - 09/24/25 19:49:54 - 1:27:28 - Skipping line due to error: setting an array element with a sequence. The requested array has an inhomogeneous shape after 1 dimensions. The detected shape was (11,) + inhomogeneous part.
INFO - 09/24/25 19:49:54 - 1:27:28 - Skipping line due to error: setting an array element with a sequence. The requested array has an inhomogeneous shape after 1 dimensions. The detected shape was (11,) + inhomogeneous part.
INFO - 09/24/25 19:49:54 - 1:27:28 - Skipping line due to error: Expected 11 elements, got 9
INFO - 09/24/25 19:49:54 - 1:27:28 - Skipping line due to error: setting an array element with a sequence. The requested array has an inhomogeneous shape after 1 dimensions. The detected shape was (11,) + inhomogeneous part.
INFO - 09/24/25 19:49:54 - 1:27:28 - Skipping line due to error: setting an array element with a sequence. The requested array has an inhomogeneous shape after 1 dimensions. The detected shape was (11,) + inhomogeneous part.
INFO - 09/24/25 19:49:54 - 1:27:28 - Skipping line due to error: setting an array element with a sequence. The requested array has an inhomogeneous shape after 1 dimensions. The detected shape was (11,) + inhomogeneous part.
INFO - 09/24/25 19:49:54 - 1:27:28 - Skipping line due to error: setting an array element with a sequence. The requested array has an inhomogeneous shape after 1 dimensions. The detected shape was (11,) + inhomogeneous part.
INFO - 09/24/25 19:49:54 - 1:27:28 - Skipping line due to error: setting an array element with a sequence. The requested array has an inhomogeneous shape after 1 dimensions. The detected shape was (11,) + inhomogeneous part.
INFO - 09/24/25 19:49:54 - 1:27:28 - Skipping line due to error: Expected 11 elements, got 12
INFO - 09/24/25 19:49:54 - 1:27:28 - Skipping line due to error: Expected 11 elements, got 9
INFO - 09/24/25 19:49:54 - 1:27:28 - Skipping line due to error: Expected 11 elements, got 12
INFO - 09/24/25 19:49:54 - 1:27:28 - Skipping line due to error: setting an array element with a sequence. The requested array has an inhomogeneous shape after 1 dimensions. The detected shape was (11,) + inhomogeneous part.
INFO - 09/24/25 19:49:54 - 1:27:28 - Skipping line due to error: setting an array element with a sequence. The requested array has an inhomogeneous shape after 1 dimensions. The detected shape was (11,) + inhomogeneous part.
INFO - 09/24/25 19:49:54 - 1:27:28 - Skipping line due to error: setting an array element with a sequence. The requested array has an inhomogeneous shape after 1 dimensions. The detected shape was (11,) + inhomogeneous part.
INFO - 09/24/25 19:49:54 - 1:27:28 - Skipping line due to error: Expected 11 elements, got 10
INFO - 09/24/25 19:49:54 - 1:27:28 - Skipping line due to error: setting an array element with a sequence. The requested array has an inhomogeneous shape after 1 dimensions. The detected shape was (11,) + inhomogeneous part.
INFO - 09/24/25 19:49:54 - 1:27:28 - Skipping line due to error: setting an array element with a sequence. The requested array has an inhomogeneous shape after 1 dimensions. The detected shape was (11,) + inhomogeneous part.
INFO - 09/24/25 19:49:54 - 1:27:28 - Skipping line due to error: Expected 11 elements, got 10
INFO - 09/24/25 19:49:54 - 1:27:28 - Skipping line due to error: setting an array element with a sequence. The requested array has an inhomogeneous shape after 1 dimensions. The detected shape was (11,) + inhomogeneous part.
INFO - 09/24/25 19:49:54 - 1:27:28 - Skipping line due to error: setting an array element with a sequence. The requested array has an inhomogeneous shape after 1 dimensions. The detected shape was (11,) + inhomogeneous part.
INFO - 09/24/25 19:49:54 - 1:27:28 - Skipping line due to error: Expected 11 elements, got 3
INFO - 09/24/25 19:49:54 - 1:27:28 - Skipping line due to error: setting an array element with a sequence. The requested array has an inhomogeneous shape after 1 dimensions. The detected shape was (11,) + inhomogeneous part.
INFO - 09/24/25 19:49:54 - 1:27:28 - Skipping line due to error: setting an array element with a sequence. The requested array has an inhomogeneous shape after 1 dimensions. The detected shape was (11,) + inhomogeneous part.
INFO - 09/24/25 19:49:54 - 1:27:28 - Skipping line due to error: Expected 11 elements, got 12
INFO - 09/24/25 19:49:54 - 1:27:28 - Skipping line due to error: setting an array element with a sequence. The requested array has an inhomogeneous shape after 1 dimensions. The detected shape was (11,) + inhomogeneous part.
INFO - 09/24/25 19:49:54 - 1:27:28 - Skipping line due to error: setting an array element with a sequence. The requested array has an inhomogeneous shape after 1 dimensions. The detected shape was (11,) + inhomogeneous part.
INFO - 09/24/25 19:49:54 - 1:27:28 - Skipping line due to error: Expected 11 elements, got 12
INFO - 09/24/25 19:49:54 - 1:27:28 - Skipping line due to error: setting an array element with a sequence. The requested array has an inhomogeneous shape after 1 dimensions. The detected shape was (11,) + inhomogeneous part.
INFO - 09/24/25 19:49:54 - 1:27:28 - Skipping line due to error: Expected 11 elements, got 13
INFO - 09/24/25 19:49:54 - 1:27:28 - Skipping line due to error: Expected 11 elements, got 12
INFO - 09/24/25 19:49:54 - 1:27:28 - Skipping line due to error: Expected 11 elements, got 12
INFO - 09/24/25 19:49:54 - 1:27:28 - Skipping line due to error: setting an array element with a sequence. The requested array has an inhomogeneous shape after 1 dimensions. The detected shape was (11,) + inhomogeneous part.
INFO - 09/24/25 19:49:54 - 1:27:28 - Skipping line due to error: setting an array element with a sequence. The requested array has an inhomogeneous shape after 1 dimensions. The detected shape was (11,) + inhomogeneous part.
INFO - 09/24/25 19:49:54 - 1:27:28 - Skipping line due to error: setting an array element with a sequence. The requested array has an inhomogeneous shape after 1 dimensions. The detected shape was (11,) + inhomogeneous part.
INFO - 09/24/25 19:49:54 - 1:27:28 - Skipping line due to error: setting an array element with a sequence. The requested array has an inhomogeneous shape after 1 dimensions. The detected shape was (11,) + inhomogeneous part.
INFO - 09/24/25 19:49:54 - 1:27:28 - Skipping line due to error: Expected 11 elements, got 10
INFO - 09/24/25 19:49:54 - 1:27:28 - Skipping line due to error: Expected 11 elements, got 10
INFO - 09/24/25 19:49:54 - 1:27:28 - Skipping line due to error: setting an array element with a sequence. The requested array has an inhomogeneous shape after 1 dimensions. The detected shape was (11,) + inhomogeneous part.
INFO - 09/24/25 19:49:54 - 1:27:28 - Skipping line due to error: Expected 11 elements, got 10
INFO - 09/24/25 19:49:54 - 1:27:28 - Skipping line due to error: Expected 11 elements, got 12
INFO - 09/24/25 19:49:54 - 1:27:28 - Skipping line due to error: setting an array element with a sequence. The requested array has an inhomogeneous shape after 1 dimensions. The detected shape was (11,) + inhomogeneous part.
INFO - 09/24/25 19:49:54 - 1:27:28 - Skipping line due to error: Expected 11 elements, got 9
INFO - 09/24/25 19:49:54 - 1:27:28 - Skipping line due to error: setting an array element with a sequence. The requested array has an inhomogeneous shape after 1 dimensions. The detected shape was (11,) + inhomogeneous part.
INFO - 09/24/25 19:49:54 - 1:27:28 - Skipping line due to error: Expected 11 elements, got 9
INFO - 09/24/25 19:49:54 - 1:27:28 - Skipping line due to error: setting an array element with a sequence. The requested array has an inhomogeneous shape after 1 dimensions. The detected shape was (11,) + inhomogeneous part.
INFO - 09/24/25 19:49:54 - 1:27:28 - Skipping line due to error: setting an array element with a sequence. The requested array has an inhomogeneous shape after 1 dimensions. The detected shape was (11,) + inhomogeneous part.
INFO - 09/24/25 19:49:54 - 1:27:28 - Skipping line due to error: setting an array element with a sequence. The requested array has an inhomogeneous shape after 1 dimensions. The detected shape was (11,) + inhomogeneous part.
INFO - 09/24/25 19:49:54 - 1:27:28 - Skipping line due to error: Expected 11 elements, got 12
INFO - 09/24/25 19:49:54 - 1:27:28 - Skipping line due to error: setting an array element with a sequence. The requested array has an inhomogeneous shape after 1 dimensions. The detected shape was (11,) + inhomogeneous part.
INFO - 09/24/25 19:49:54 - 1:27:28 - Skipping line due to error: Expected 11 elements, got 12
INFO - 09/24/25 19:49:54 - 1:27:28 - Skipping line due to error: Expected 11 elements, got 9
INFO - 09/24/25 19:49:54 - 1:27:28 - Skipping line due to error: Expected 11 elements, got 9
INFO - 09/24/25 19:49:54 - 1:27:28 - Skipping line due to error: setting an array element with a sequence. The requested array has an inhomogeneous shape after 1 dimensions. The detected shape was (11,) + inhomogeneous part.
INFO - 09/24/25 19:49:54 - 1:27:28 - Skipping line due to error: Expected 11 elements, got 12
INFO - 09/24/25 19:49:54 - 1:27:28 - Skipping line due to error: Expected 11 elements, got 12
INFO - 09/24/25 19:49:54 - 1:27:28 - Skipping line due to error: setting an array element with a sequence. The requested array has an inhomogeneous shape after 1 dimensions. The detected shape was (11,) + inhomogeneous part.
INFO - 09/24/25 19:49:54 - 1:27:28 - Skipping line due to error: setting an array element with a sequence. The requested array has an inhomogeneous shape after 1 dimensions. The detected shape was (11,) + inhomogeneous part.
INFO - 09/24/25 19:49:54 - 1:27:28 - Skipping line due to error: setting an array element with a sequence. The requested array has an inhomogeneous shape after 1 dimensions. The detected shape was (11,) + inhomogeneous part.
INFO - 09/24/25 19:49:54 - 1:27:28 - Skipping line due to error: Expected 11 elements, got 12
INFO - 09/24/25 19:49:54 - 1:27:28 - Skipping line due to error: setting an array element with a sequence. The requested array has an inhomogeneous shape after 1 dimensions. The detected shape was (11,) + inhomogeneous part.
INFO - 09/24/25 19:49:54 - 1:27:28 - Skipping line due to error: setting an array element with a sequence. The requested array has an inhomogeneous shape after 1 dimensions. The detected shape was (11,) + inhomogeneous part.
INFO - 09/24/25 19:49:54 - 1:27:28 - Skipping line due to error: Expected 11 elements, got 12
INFO - 09/24/25 19:49:54 - 1:27:28 - Skipping line due to error: Expected 11 elements, got 12
INFO - 09/24/25 19:49:54 - 1:27:28 - Skipping line due to error: Expected 11 elements, got 12
INFO - 09/24/25 19:49:54 - 1:27:28 - Skipping line due to error: setting an array element with a sequence. The requested array has an inhomogeneous shape after 1 dimensions. The detected shape was (11,) + inhomogeneous part.
INFO - 09/24/25 19:49:54 - 1:27:28 - Skipping line due to error: Expected 11 elements, got 10
INFO - 09/24/25 19:49:54 - 1:27:28 - Skipping line due to error: setting an array element with a sequence. The requested array has an inhomogeneous shape after 1 dimensions. The detected shape was (11,) + inhomogeneous part.
INFO - 09/24/25 19:49:54 - 1:27:28 - Skipping line due to error: setting an array element with a sequence. The requested array has an inhomogeneous shape after 1 dimensions. The detected shape was (11,) + inhomogeneous part.
INFO - 09/24/25 19:49:54 - 1:27:28 - Skipping line due to error: Expected 11 elements, got 12
INFO - 09/24/25 19:49:54 - 1:27:28 - Skipping line due to error: setting an array element with a sequence. The requested array has an inhomogeneous shape after 1 dimensions. The detected shape was (11,) + inhomogeneous part.
INFO - 09/24/25 19:49:54 - 1:27:28 - Skipping line due to error: setting an array element with a sequence. The requested array has an inhomogeneous shape after 1 dimensions. The detected shape was (11,) + inhomogeneous part.
INFO - 09/24/25 19:49:54 - 1:27:28 - Skipping line due to error: Expected 11 elements, got 10
INFO - 09/24/25 19:49:54 - 1:27:28 - Skipping line due to error: Expected 11 elements, got 9
INFO - 09/24/25 19:49:54 - 1:27:28 - Skipping line due to error: Expected 11 elements, got 12
INFO - 09/24/25 19:49:54 - 1:27:28 - Skipping line due to error: Expected 11 elements, got 12
INFO - 09/24/25 19:49:54 - 1:27:28 - Skipping line due to error: Expected 11 elements, got 4
INFO - 09/24/25 19:49:54 - 1:27:28 - Skipping line due to error: Expected 11 elements, got 9
INFO - 09/24/25 19:49:54 - 1:27:28 - Skipping line due to error: setting an array element with a sequence. The requested array has an inhomogeneous shape after 1 dimensions. The detected shape was (11,) + inhomogeneous part.
INFO - 09/24/25 19:49:54 - 1:27:28 - Skipping line due to error: Expected 11 elements, got 10
INFO - 09/24/25 19:49:54 - 1:27:28 - Skipping line due to error: Expected 11 elements, got 9
INFO - 09/24/25 19:49:54 - 1:27:28 - Skipping line due to error: setting an array element with a sequence. The requested array has an inhomogeneous shape after 1 dimensions. The detected shape was (11,) + inhomogeneous part.
INFO - 09/24/25 19:49:54 - 1:27:28 - Skipping line due to error: Expected 11 elements, got 10
INFO - 09/24/25 19:49:54 - 1:27:28 - Skipping line due to error: setting an array element with a sequence. The requested array has an inhomogeneous shape after 1 dimensions. The detected shape was (11,) + inhomogeneous part.
INFO - 09/24/25 19:49:54 - 1:27:28 - Skipping line due to error: Expected 11 elements, got 12
INFO - 09/24/25 19:49:54 - 1:27:28 - Skipping line due to error: setting an array element with a sequence. The requested array has an inhomogeneous shape after 1 dimensions. The detected shape was (11,) + inhomogeneous part.
INFO - 09/24/25 19:49:54 - 1:27:28 - Skipping line due to error: setting an array element with a sequence. The requested array has an inhomogeneous shape after 1 dimensions. The detected shape was (11,) + inhomogeneous part.
INFO - 09/24/25 19:49:54 - 1:27:28 - Skipping line due to error: Expected 11 elements, got 10
INFO - 09/24/25 19:49:54 - 1:27:28 - Skipping line due to error: Expected 11 elements, got 12
INFO - 09/24/25 19:49:54 - 1:27:28 - Skipping line due to error: Expected 11 elements, got 10
INFO - 09/24/25 19:49:54 - 1:27:28 - Skipping line due to error: Expected 11 elements, got 12
INFO - 09/24/25 19:49:54 - 1:27:28 - Skipping line due to error: Expected 11 elements, got 10
INFO - 09/24/25 19:49:54 - 1:27:28 - Skipping line due to error: setting an array element with a sequence. The requested array has an inhomogeneous shape after 1 dimensions. The detected shape was (11,) + inhomogeneous part.
INFO - 09/24/25 19:49:54 - 1:27:28 - Skipping line due to error: setting an array element with a sequence. The requested array has an inhomogeneous shape after 1 dimensions. The detected shape was (11,) + inhomogeneous part.
INFO - 09/24/25 19:49:54 - 1:27:28 - Skipping line due to error: setting an array element with a sequence. The requested array has an inhomogeneous shape after 1 dimensions. The detected shape was (11,) + inhomogeneous part.
INFO - 09/24/25 19:49:54 - 1:27:28 - Skipping line due to error: setting an array element with a sequence. The requested array has an inhomogeneous shape after 1 dimensions. The detected shape was (11,) + inhomogeneous part.
INFO - 09/24/25 19:49:54 - 1:27:28 - Skipping line due to error: setting an array element with a sequence. The requested array has an inhomogeneous shape after 1 dimensions. The detected shape was (11,) + inhomogeneous part.
INFO - 09/24/25 19:49:54 - 1:27:28 - Skipping line due to error: setting an array element with a sequence. The requested array has an inhomogeneous shape after 1 dimensions. The detected shape was (11,) + inhomogeneous part.
INFO - 09/24/25 19:49:54 - 1:27:28 - Skipping line due to error: Expected 11 elements, got 9
INFO - 09/24/25 19:49:54 - 1:27:28 - Skipping line due to error: Expected 11 elements, got 13
INFO - 09/24/25 19:49:54 - 1:27:28 - Skipping line due to error: setting an array element with a sequence. The requested array has an inhomogeneous shape after 1 dimensions. The detected shape was (11,) + inhomogeneous part.
INFO - 09/24/25 19:49:54 - 1:27:28 - Skipping line due to error: setting an array element with a sequence. The requested array has an inhomogeneous shape after 1 dimensions. The detected shape was (11,) + inhomogeneous part.
INFO - 09/24/25 19:49:54 - 1:27:28 - Skipping line due to error: Expected 11 elements, got 9
INFO - 09/24/25 19:49:54 - 1:27:28 - Skipping line due to error: setting an array element with a sequence. The requested array has an inhomogeneous shape after 1 dimensions. The detected shape was (11,) + inhomogeneous part.
INFO - 09/24/25 19:49:54 - 1:27:28 - Skipping line due to error: Expected 11 elements, got 12
INFO - 09/24/25 19:49:54 - 1:27:28 - Skipping line due to error: setting an array element with a sequence. The requested array has an inhomogeneous shape after 1 dimensions. The detected shape was (11,) + inhomogeneous part.
INFO - 09/24/25 19:49:54 - 1:27:28 - Skipping line due to error: setting an array element with a sequence. The requested array has an inhomogeneous shape after 1 dimensions. The detected shape was (11,) + inhomogeneous part.
INFO - 09/24/25 19:49:54 - 1:27:28 - Skipping line due to error: setting an array element with a sequence. The requested array has an inhomogeneous shape after 1 dimensions. The detected shape was (11,) + inhomogeneous part.
INFO - 09/24/25 19:49:54 - 1:27:28 - Skipping line due to error: setting an array element with a sequence. The requested array has an inhomogeneous shape after 1 dimensions. The detected shape was (11,) + inhomogeneous part.
INFO - 09/24/25 19:49:54 - 1:27:28 - Skipping line due to error: setting an array element with a sequence. The requested array has an inhomogeneous shape after 1 dimensions. The detected shape was (11,) + inhomogeneous part.
INFO - 09/24/25 19:49:54 - 1:27:28 - Skipping line due to error: setting an array element with a sequence. The requested array has an inhomogeneous shape after 1 dimensions. The detected shape was (11,) + inhomogeneous part.
INFO - 09/24/25 19:49:54 - 1:27:28 - Skipping line due to error: setting an array element with a sequence. The requested array has an inhomogeneous shape after 1 dimensions. The detected shape was (11,) + inhomogeneous part.
INFO - 09/24/25 19:49:54 - 1:27:28 - Skipping line due to error: setting an array element with a sequence. The requested array has an inhomogeneous shape after 1 dimensions. The detected shape was (11,) + inhomogeneous part.
INFO - 09/24/25 19:49:54 - 1:27:28 - Skipping line due to error: setting an array element with a sequence. The requested array has an inhomogeneous shape after 1 dimensions. The detected shape was (11,) + inhomogeneous part.
INFO - 09/24/25 19:49:54 - 1:27:28 - Skipping line due to error: setting an array element with a sequence. The requested array has an inhomogeneous shape after 1 dimensions. The detected shape was (11,) + inhomogeneous part.
INFO - 09/24/25 19:49:54 - 1:27:28 - Skipping line due to error: setting an array element with a sequence. The requested array has an inhomogeneous shape after 1 dimensions. The detected shape was (11,) + inhomogeneous part.
INFO - 09/24/25 19:49:54 - 1:27:28 - Skipping line due to error: setting an array element with a sequence. The requested array has an inhomogeneous shape after 1 dimensions. The detected shape was (11,) + inhomogeneous part.
INFO - 09/24/25 19:49:54 - 1:27:28 - Skipping line due to error: Expected 11 elements, got 10
INFO - 09/24/25 19:49:54 - 1:27:28 - Skipping line due to error: setting an array element with a sequence. The requested array has an inhomogeneous shape after 1 dimensions. The detected shape was (11,) + inhomogeneous part.
INFO - 09/24/25 19:49:54 - 1:27:28 - Skipping line due to error: setting an array element with a sequence. The requested array has an inhomogeneous shape after 1 dimensions. The detected shape was (11,) + inhomogeneous part.
INFO - 09/24/25 19:49:54 - 1:27:28 - Skipping line due to error: Expected 11 elements, got 10
INFO - 09/24/25 19:49:54 - 1:27:28 - Skipping line due to error: setting an array element with a sequence. The requested array has an inhomogeneous shape after 1 dimensions. The detected shape was (11,) + inhomogeneous part.
INFO - 09/24/25 19:49:54 - 1:27:28 - Skipping line due to error: setting an array element with a sequence. The requested array has an inhomogeneous shape after 1 dimensions. The detected shape was (11,) + inhomogeneous part.
INFO - 09/24/25 19:49:54 - 1:27:28 - Skipping line due to error: setting an array element with a sequence. The requested array has an inhomogeneous shape after 1 dimensions. The detected shape was (11,) + inhomogeneous part.
INFO - 09/24/25 19:49:54 - 1:27:28 - Skipping line due to error: Expected 11 elements, got 12
INFO - 09/24/25 19:49:54 - 1:27:28 - Skipping line due to error: setting an array element with a sequence. The requested array has an inhomogeneous shape after 1 dimensions. The detected shape was (11,) + inhomogeneous part.
INFO - 09/24/25 19:49:54 - 1:27:28 - Skipping line due to error: setting an array element with a sequence. The requested array has an inhomogeneous shape after 1 dimensions. The detected shape was (11,) + inhomogeneous part.
INFO - 09/24/25 19:49:54 - 1:27:28 - Skipping line due to error: Expected 11 elements, got 10
INFO - 09/24/25 19:49:54 - 1:27:28 - Skipping line due to error: Expected 11 elements, got 12
INFO - 09/24/25 19:49:54 - 1:27:28 - Skipping line due to error: setting an array element with a sequence. The requested array has an inhomogeneous shape after 1 dimensions. The detected shape was (11,) + inhomogeneous part.
INFO - 09/24/25 19:49:54 - 1:27:28 - Skipping line due to error: Expected 11 elements, got 10
INFO - 09/24/25 19:49:54 - 1:27:28 - Skipping line due to error: setting an array element with a sequence. The requested array has an inhomogeneous shape after 1 dimensions. The detected shape was (11,) + inhomogeneous part.
INFO - 09/24/25 19:49:54 - 1:27:28 - Skipping line due to error: setting an array element with a sequence. The requested array has an inhomogeneous shape after 1 dimensions. The detected shape was (11,) + inhomogeneous part.
INFO - 09/24/25 19:49:54 - 1:27:28 - Skipping line due to error: Expected 11 elements, got 12
INFO - 09/24/25 19:49:54 - 1:27:28 - Skipping line due to error: Expected 11 elements, got 3
INFO - 09/24/25 19:49:54 - 1:27:28 - Skipping line due to error: Expected 11 elements, got 12
INFO - 09/24/25 19:49:54 - 1:27:28 - Skipping line due to error: setting an array element with a sequence. The requested array has an inhomogeneous shape after 1 dimensions. The detected shape was (11,) + inhomogeneous part.
INFO - 09/24/25 19:49:54 - 1:27:28 - Skipping line due to error: setting an array element with a sequence. The requested array has an inhomogeneous shape after 1 dimensions. The detected shape was (11,) + inhomogeneous part.
INFO - 09/24/25 19:49:54 - 1:27:28 - Skipping line due to error: setting an array element with a sequence. The requested array has an inhomogeneous shape after 1 dimensions. The detected shape was (11,) + inhomogeneous part.
INFO - 09/24/25 19:49:54 - 1:27:28 - Skipping line due to error: Expected 11 elements, got 12
INFO - 09/24/25 19:49:54 - 1:27:28 - Skipping line due to error: setting an array element with a sequence. The requested array has an inhomogeneous shape after 1 dimensions. The detected shape was (11,) + inhomogeneous part.
INFO - 09/24/25 19:49:54 - 1:27:28 - Skipping line due to error: setting an array element with a sequence. The requested array has an inhomogeneous shape after 1 dimensions. The detected shape was (11,) + inhomogeneous part.
INFO - 09/24/25 19:49:54 - 1:27:28 - Skipping line due to error: setting an array element with a sequence. The requested array has an inhomogeneous shape after 1 dimensions. The detected shape was (11,) + inhomogeneous part.
INFO - 09/24/25 19:49:54 - 1:27:28 - Skipping line due to error: setting an array element with a sequence. The requested array has an inhomogeneous shape after 1 dimensions. The detected shape was (11,) + inhomogeneous part.
INFO - 09/24/25 19:49:54 - 1:27:28 - Skipping line due to error: Expected 11 elements, got 10
INFO - 09/24/25 19:49:54 - 1:27:28 - Skipping line due to error: Expected 11 elements, got 12
INFO - 09/24/25 19:49:54 - 1:27:28 - Skipping line due to error: setting an array element with a sequence. The requested array has an inhomogeneous shape after 1 dimensions. The detected shape was (11,) + inhomogeneous part.
INFO - 09/24/25 19:49:54 - 1:27:28 - Skipping line due to error: Expected 11 elements, got 10
INFO - 09/24/25 19:49:54 - 1:27:28 - Skipping line due to error: setting an array element with a sequence. The requested array has an inhomogeneous shape after 1 dimensions. The detected shape was (11,) + inhomogeneous part.
INFO - 09/24/25 19:49:54 - 1:27:28 - Skipping line due to error: setting an array element with a sequence. The requested array has an inhomogeneous shape after 1 dimensions. The detected shape was (11,) + inhomogeneous part.
INFO - 09/24/25 19:49:54 - 1:27:28 - Skipping line due to error: setting an array element with a sequence. The requested array has an inhomogeneous shape after 1 dimensions. The detected shape was (11,) + inhomogeneous part.
INFO - 09/24/25 19:49:54 - 1:27:28 - Skipping line due to error: Expected 11 elements, got 12
INFO - 09/24/25 19:49:54 - 1:27:28 - Skipping line due to error: Expected 11 elements, got 7
INFO - 09/24/25 19:49:54 - 1:27:28 - Skipping line due to error: Expected 11 elements, got 10
INFO - 09/24/25 19:49:54 - 1:27:28 - Skipping line due to error: setting an array element with a sequence. The requested array has an inhomogeneous shape after 1 dimensions. The detected shape was (11,) + inhomogeneous part.
INFO - 09/24/25 19:49:54 - 1:27:28 - Skipping line due to error: setting an array element with a sequence. The requested array has an inhomogeneous shape after 1 dimensions. The detected shape was (11,) + inhomogeneous part.
INFO - 09/24/25 19:49:54 - 1:27:28 - Skipping line due to error: setting an array element with a sequence. The requested array has an inhomogeneous shape after 1 dimensions. The detected shape was (11,) + inhomogeneous part.
INFO - 09/24/25 19:49:54 - 1:27:28 - Skipping line due to error: setting an array element with a sequence. The requested array has an inhomogeneous shape after 1 dimensions. The detected shape was (11,) + inhomogeneous part.
INFO - 09/24/25 19:49:54 - 1:27:28 - Skipping line due to error: Expected 11 elements, got 9
INFO - 09/24/25 19:49:54 - 1:27:28 - Skipping line due to error: setting an array element with a sequence. The requested array has an inhomogeneous shape after 1 dimensions. The detected shape was (11,) + inhomogeneous part.
INFO - 09/24/25 19:49:54 - 1:27:28 - Skipping line due to error: Expected 11 elements, got 13
INFO - 09/24/25 19:49:54 - 1:27:28 - Skipping line due to error: setting an array element with a sequence. The requested array has an inhomogeneous shape after 1 dimensions. The detected shape was (11,) + inhomogeneous part.
INFO - 09/24/25 19:49:54 - 1:27:28 - Skipping line due to error: Expected 11 elements, got 10
INFO - 09/24/25 19:49:54 - 1:27:28 - Skipping line due to error: setting an array element with a sequence. The requested array has an inhomogeneous shape after 1 dimensions. The detected shape was (11,) + inhomogeneous part.
INFO - 09/24/25 19:49:54 - 1:27:28 - Skipping line due to error: setting an array element with a sequence. The requested array has an inhomogeneous shape after 1 dimensions. The detected shape was (11,) + inhomogeneous part.
INFO - 09/24/25 19:49:54 - 1:27:28 - Skipping line due to error: setting an array element with a sequence. The requested array has an inhomogeneous shape after 1 dimensions. The detected shape was (11,) + inhomogeneous part.
INFO - 09/24/25 19:49:54 - 1:27:28 - Skipping line due to error: Expected 11 elements, got 12
INFO - 09/24/25 19:49:54 - 1:27:28 - Skipping line due to error: Expected 11 elements, got 9
INFO - 09/24/25 19:49:54 - 1:27:28 - Skipping line due to error: setting an array element with a sequence. The requested array has an inhomogeneous shape after 1 dimensions. The detected shape was (11,) + inhomogeneous part.
INFO - 09/24/25 19:49:54 - 1:27:28 - Skipping line due to error: Expected 11 elements, got 9
INFO - 09/24/25 19:49:54 - 1:27:28 - Skipping line due to error: Expected 11 elements, got 10
INFO - 09/24/25 19:49:54 - 1:27:28 - Skipping line due to error: setting an array element with a sequence. The requested array has an inhomogeneous shape after 1 dimensions. The detected shape was (11,) + inhomogeneous part.
INFO - 09/24/25 19:49:54 - 1:27:28 - Skipping line due to error: Expected 11 elements, got 12
INFO - 09/24/25 19:49:54 - 1:27:28 - Skipping line due to error: setting an array element with a sequence. The requested array has an inhomogeneous shape after 1 dimensions. The detected shape was (11,) + inhomogeneous part.
INFO - 09/24/25 19:49:54 - 1:27:28 - Skipping line due to error: setting an array element with a sequence. The requested array has an inhomogeneous shape after 1 dimensions. The detected shape was (11,) + inhomogeneous part.
INFO - 09/24/25 19:49:54 - 1:27:28 - Skipping line due to error: setting an array element with a sequence. The requested array has an inhomogeneous shape after 1 dimensions. The detected shape was (11,) + inhomogeneous part.
INFO - 09/24/25 19:49:54 - 1:27:28 - Skipping line due to error: Expected 11 elements, got 10
INFO - 09/24/25 19:49:54 - 1:27:28 - Skipping line due to error: setting an array element with a sequence. The requested array has an inhomogeneous shape after 1 dimensions. The detected shape was (11,) + inhomogeneous part.
INFO - 09/24/25 19:49:54 - 1:27:28 - Skipping line due to error: setting an array element with a sequence. The requested array has an inhomogeneous shape after 1 dimensions. The detected shape was (11,) + inhomogeneous part.
INFO - 09/24/25 19:49:54 - 1:27:28 - Skipping line due to error: setting an array element with a sequence. The requested array has an inhomogeneous shape after 1 dimensions. The detected shape was (11,) + inhomogeneous part.
INFO - 09/24/25 19:49:54 - 1:27:28 - Skipping line due to error: setting an array element with a sequence. The requested array has an inhomogeneous shape after 1 dimensions. The detected shape was (11,) + inhomogeneous part.
INFO - 09/24/25 19:49:54 - 1:27:28 - Skipping line due to error: setting an array element with a sequence. The requested array has an inhomogeneous shape after 1 dimensions. The detected shape was (11,) + inhomogeneous part.
INFO - 09/24/25 19:49:54 - 1:27:28 - Skipping line due to error: Expected 11 elements, got 13
INFO - 09/24/25 19:49:54 - 1:27:28 - Skipping line due to error: setting an array element with a sequence. The requested array has an inhomogeneous shape after 1 dimensions. The detected shape was (11,) + inhomogeneous part.
INFO - 09/24/25 19:49:54 - 1:27:28 - Skipping line due to error: setting an array element with a sequence. The requested array has an inhomogeneous shape after 1 dimensions. The detected shape was (11,) + inhomogeneous part.
INFO - 09/24/25 19:49:54 - 1:27:28 - Skipping line due to error: Expected 11 elements, got 12
INFO - 09/24/25 19:49:54 - 1:27:28 - Skipping line due to error: setting an array element with a sequence. The requested array has an inhomogeneous shape after 1 dimensions. The detected shape was (11,) + inhomogeneous part.
INFO - 09/24/25 19:49:54 - 1:27:28 - Skipping line due to error: setting an array element with a sequence. The requested array has an inhomogeneous shape after 1 dimensions. The detected shape was (11,) + inhomogeneous part.
INFO - 09/24/25 19:49:54 - 1:27:28 - Skipping line due to error: Expected 11 elements, got 12
INFO - 09/24/25 19:49:54 - 1:27:28 - Skipping line due to error: Expected 11 elements, got 13
INFO - 09/24/25 19:49:54 - 1:27:28 - Skipping line due to error: setting an array element with a sequence. The requested array has an inhomogeneous shape after 1 dimensions. The detected shape was (11,) + inhomogeneous part.
INFO - 09/24/25 19:49:54 - 1:27:28 - Skipping line due to error: setting an array element with a sequence. The requested array has an inhomogeneous shape after 1 dimensions. The detected shape was (11,) + inhomogeneous part.
INFO - 09/24/25 19:49:54 - 1:27:28 - Skipping line due to error: setting an array element with a sequence. The requested array has an inhomogeneous shape after 1 dimensions. The detected shape was (11,) + inhomogeneous part.
INFO - 09/24/25 19:49:54 - 1:27:28 - Skipping line due to error: setting an array element with a sequence. The requested array has an inhomogeneous shape after 1 dimensions. The detected shape was (11,) + inhomogeneous part.
INFO - 09/24/25 19:49:54 - 1:27:28 - Skipping line due to error: setting an array element with a sequence. The requested array has an inhomogeneous shape after 1 dimensions. The detected shape was (11,) + inhomogeneous part.
INFO - 09/24/25 19:49:54 - 1:27:28 - Skipping line due to error: Expected 11 elements, got 13
INFO - 09/24/25 19:49:54 - 1:27:28 - Skipping line due to error: setting an array element with a sequence. The requested array has an inhomogeneous shape after 1 dimensions. The detected shape was (11,) + inhomogeneous part.
INFO - 09/24/25 19:49:54 - 1:27:28 - Skipping line due to error: Expected 11 elements, got 12
INFO - 09/24/25 19:49:54 - 1:27:28 - Skipping line due to error: Expected 11 elements, got 13
INFO - 09/24/25 19:49:54 - 1:27:28 - Skipping line due to error: Expected 11 elements, got 10
INFO - 09/24/25 19:49:54 - 1:27:28 - Skipping line due to error: Expected 11 elements, got 12
INFO - 09/24/25 19:49:54 - 1:27:28 - Skipping line due to error: Expected 11 elements, got 12
INFO - 09/24/25 19:49:54 - 1:27:28 - Skipping line due to error: setting an array element with a sequence. The requested array has an inhomogeneous shape after 1 dimensions. The detected shape was (11,) + inhomogeneous part.
INFO - 09/24/25 19:49:54 - 1:27:28 - Skipping line due to error: setting an array element with a sequence. The requested array has an inhomogeneous shape after 1 dimensions. The detected shape was (11,) + inhomogeneous part.
INFO - 09/24/25 19:49:54 - 1:27:28 - Skipping line due to error: setting an array element with a sequence. The requested array has an inhomogeneous shape after 1 dimensions. The detected shape was (11,) + inhomogeneous part.
INFO - 09/24/25 19:49:54 - 1:27:28 - Skipping line due to error: setting an array element with a sequence. The requested array has an inhomogeneous shape after 1 dimensions. The detected shape was (11,) + inhomogeneous part.
INFO - 09/24/25 19:49:54 - 1:27:28 - Skipping line due to error: setting an array element with a sequence. The requested array has an inhomogeneous shape after 1 dimensions. The detected shape was (11,) + inhomogeneous part.
INFO - 09/24/25 19:49:54 - 1:27:28 - Skipping line due to error: setting an array element with a sequence. The requested array has an inhomogeneous shape after 1 dimensions. The detected shape was (11,) + inhomogeneous part.
INFO - 09/24/25 19:49:54 - 1:27:28 - Skipping line due to error: setting an array element with a sequence. The requested array has an inhomogeneous shape after 1 dimensions. The detected shape was (11,) + inhomogeneous part.
INFO - 09/24/25 19:49:54 - 1:27:28 - Skipping line due to error: setting an array element with a sequence. The requested array has an inhomogeneous shape after 1 dimensions. The detected shape was (11,) + inhomogeneous part.
INFO - 09/24/25 19:49:54 - 1:27:28 - Skipping line due to error: setting an array element with a sequence. The requested array has an inhomogeneous shape after 1 dimensions. The detected shape was (11,) + inhomogeneous part.
INFO - 09/24/25 19:49:54 - 1:27:28 - Skipping line due to error: setting an array element with a sequence. The requested array has an inhomogeneous shape after 1 dimensions. The detected shape was (11,) + inhomogeneous part.
INFO - 09/24/25 19:49:54 - 1:27:28 - Skipping line due to error: setting an array element with a sequence. The requested array has an inhomogeneous shape after 1 dimensions. The detected shape was (11,) + inhomogeneous part.
INFO - 09/24/25 19:49:54 - 1:27:28 - Skipping line due to error: setting an array element with a sequence. The requested array has an inhomogeneous shape after 1 dimensions. The detected shape was (11,) + inhomogeneous part.
INFO - 09/24/25 19:49:54 - 1:27:28 - Skipping line due to error: Expected 11 elements, got 10
INFO - 09/24/25 19:49:54 - 1:27:28 - Skipping line due to error: setting an array element with a sequence. The requested array has an inhomogeneous shape after 1 dimensions. The detected shape was (11,) + inhomogeneous part.
INFO - 09/24/25 19:49:54 - 1:27:28 - Skipping line due to error: setting an array element with a sequence. The requested array has an inhomogeneous shape after 1 dimensions. The detected shape was (11,) + inhomogeneous part.
INFO - 09/24/25 19:49:54 - 1:27:28 - Skipping line due to error: setting an array element with a sequence. The requested array has an inhomogeneous shape after 1 dimensions. The detected shape was (11,) + inhomogeneous part.
INFO - 09/24/25 19:49:54 - 1:27:28 - Skipping line due to error: setting an array element with a sequence. The requested array has an inhomogeneous shape after 1 dimensions. The detected shape was (11,) + inhomogeneous part.
INFO - 09/24/25 19:49:54 - 1:27:28 - Skipping line due to error: setting an array element with a sequence. The requested array has an inhomogeneous shape after 1 dimensions. The detected shape was (11,) + inhomogeneous part.
INFO - 09/24/25 19:49:54 - 1:27:28 - Skipping line due to error: setting an array element with a sequence. The requested array has an inhomogeneous shape after 1 dimensions. The detected shape was (11,) + inhomogeneous part.
INFO - 09/24/25 19:49:54 - 1:27:28 - Skipping line due to error: setting an array element with a sequence. The requested array has an inhomogeneous shape after 1 dimensions. The detected shape was (11,) + inhomogeneous part.
INFO - 09/24/25 19:49:54 - 1:27:28 - Skipping line due to error: setting an array element with a sequence. The requested array has an inhomogeneous shape after 1 dimensions. The detected shape was (11,) + inhomogeneous part.
INFO - 09/24/25 19:49:54 - 1:27:28 - Skipping line due to error: setting an array element with a sequence. The requested array has an inhomogeneous shape after 1 dimensions. The detected shape was (11,) + inhomogeneous part.
INFO - 09/24/25 19:49:54 - 1:27:28 - Skipping line due to error: Expected 11 elements, got 3
INFO - 09/24/25 19:49:54 - 1:27:28 - Skipping line due to error: setting an array element with a sequence. The requested array has an inhomogeneous shape after 1 dimensions. The detected shape was (11,) + inhomogeneous part.
INFO - 09/24/25 19:49:54 - 1:27:28 - Skipping line due to error: setting an array element with a sequence. The requested array has an inhomogeneous shape after 1 dimensions. The detected shape was (11,) + inhomogeneous part.
INFO - 09/24/25 19:49:54 - 1:27:28 - Skipping line due to error: setting an array element with a sequence. The requested array has an inhomogeneous shape after 1 dimensions. The detected shape was (11,) + inhomogeneous part.
INFO - 09/24/25 19:49:54 - 1:27:28 - Skipping line due to error: setting an array element with a sequence. The requested array has an inhomogeneous shape after 1 dimensions. The detected shape was (11,) + inhomogeneous part.
INFO - 09/24/25 19:49:54 - 1:27:28 - Skipping line due to error: setting an array element with a sequence. The requested array has an inhomogeneous shape after 1 dimensions. The detected shape was (11,) + inhomogeneous part.
INFO - 09/24/25 19:49:54 - 1:27:28 - Skipping line due to error: setting an array element with a sequence. The requested array has an inhomogeneous shape after 1 dimensions. The detected shape was (11,) + inhomogeneous part.
INFO - 09/24/25 19:49:54 - 1:27:28 - Skipping line due to error: Expected 11 elements, got 12
INFO - 09/24/25 19:49:54 - 1:27:28 - Skipping line due to error: setting an array element with a sequence. The requested array has an inhomogeneous shape after 1 dimensions. The detected shape was (11,) + inhomogeneous part.
INFO - 09/24/25 19:49:54 - 1:27:28 - Skipping line due to error: setting an array element with a sequence. The requested array has an inhomogeneous shape after 1 dimensions. The detected shape was (11,) + inhomogeneous part.
INFO - 09/24/25 19:49:54 - 1:27:28 - Skipping line due to error: setting an array element with a sequence. The requested array has an inhomogeneous shape after 1 dimensions. The detected shape was (11,) + inhomogeneous part.
INFO - 09/24/25 19:49:54 - 1:27:28 - Skipping line due to error: setting an array element with a sequence. The requested array has an inhomogeneous shape after 1 dimensions. The detected shape was (11,) + inhomogeneous part.
INFO - 09/24/25 19:49:54 - 1:27:28 - Skipping line due to error: setting an array element with a sequence. The requested array has an inhomogeneous shape after 1 dimensions. The detected shape was (11,) + inhomogeneous part.
INFO - 09/24/25 19:49:54 - 1:27:28 - Skipping line due to error: Expected 11 elements, got 12
INFO - 09/24/25 19:49:54 - 1:27:28 - Skipping line due to error: setting an array element with a sequence. The requested array has an inhomogeneous shape after 1 dimensions. The detected shape was (11,) + inhomogeneous part.
INFO - 09/24/25 19:49:54 - 1:27:28 - Skipping line due to error: setting an array element with a sequence. The requested array has an inhomogeneous shape after 1 dimensions. The detected shape was (11,) + inhomogeneous part.
INFO - 09/24/25 19:49:54 - 1:27:28 - Skipping line due to error: setting an array element with a sequence. The requested array has an inhomogeneous shape after 1 dimensions. The detected shape was (11,) + inhomogeneous part.
INFO - 09/24/25 19:49:54 - 1:27:28 - Skipping line due to error: setting an array element with a sequence. The requested array has an inhomogeneous shape after 1 dimensions. The detected shape was (11,) + inhomogeneous part.
INFO - 09/24/25 19:49:54 - 1:27:28 - Skipping line due to error: setting an array element with a sequence. The requested array has an inhomogeneous shape after 1 dimensions. The detected shape was (11,) + inhomogeneous part.
INFO - 09/24/25 19:49:54 - 1:27:28 - Skipping line due to error: Expected 11 elements, got 13
INFO - 09/24/25 19:49:54 - 1:27:28 - Skipping line due to error: setting an array element with a sequence. The requested array has an inhomogeneous shape after 1 dimensions. The detected shape was (11,) + inhomogeneous part.
INFO - 09/24/25 19:49:54 - 1:27:28 - Skipping line due to error: setting an array element with a sequence. The requested array has an inhomogeneous shape after 1 dimensions. The detected shape was (11,) + inhomogeneous part.
INFO - 09/24/25 19:49:54 - 1:27:28 - Skipping line due to error: setting an array element with a sequence. The requested array has an inhomogeneous shape after 1 dimensions. The detected shape was (11,) + inhomogeneous part.
INFO - 09/24/25 19:49:54 - 1:27:28 - Skipping line due to error: setting an array element with a sequence. The requested array has an inhomogeneous shape after 1 dimensions. The detected shape was (11,) + inhomogeneous part.
INFO - 09/24/25 19:49:54 - 1:27:28 - Skipping line due to error: setting an array element with a sequence. The requested array has an inhomogeneous shape after 1 dimensions. The detected shape was (11,) + inhomogeneous part.
INFO - 09/24/25 19:49:54 - 1:27:28 - Skipping line due to error: Expected 11 elements, got 9
INFO - 09/24/25 19:49:54 - 1:27:28 - Skipping line due to error: setting an array element with a sequence. The requested array has an inhomogeneous shape after 1 dimensions. The detected shape was (11,) + inhomogeneous part.
INFO - 09/24/25 19:49:54 - 1:27:28 - Skipping line due to error: Expected 11 elements, got 10
INFO - 09/24/25 19:49:54 - 1:27:28 - Skipping line due to error: setting an array element with a sequence. The requested array has an inhomogeneous shape after 1 dimensions. The detected shape was (11,) + inhomogeneous part.
INFO - 09/24/25 19:49:54 - 1:27:28 - Skipping line due to error: setting an array element with a sequence. The requested array has an inhomogeneous shape after 1 dimensions. The detected shape was (11,) + inhomogeneous part.
INFO - 09/24/25 19:49:54 - 1:27:28 - Skipping line due to error: setting an array element with a sequence. The requested array has an inhomogeneous shape after 1 dimensions. The detected shape was (11,) + inhomogeneous part.
INFO - 09/24/25 19:49:54 - 1:27:28 - Skipping line due to error: setting an array element with a sequence. The requested array has an inhomogeneous shape after 1 dimensions. The detected shape was (11,) + inhomogeneous part.
INFO - 09/24/25 19:49:54 - 1:27:28 - Skipping line due to error: setting an array element with a sequence. The requested array has an inhomogeneous shape after 1 dimensions. The detected shape was (11,) + inhomogeneous part.
INFO - 09/24/25 19:49:54 - 1:27:28 - Skipping line due to error: setting an array element with a sequence. The requested array has an inhomogeneous shape after 1 dimensions. The detected shape was (11,) + inhomogeneous part.
INFO - 09/24/25 19:49:54 - 1:27:28 - Skipping line due to error: Expected 11 elements, got 10
INFO - 09/24/25 19:49:54 - 1:27:28 - Skipping line due to error: setting an array element with a sequence. The requested array has an inhomogeneous shape after 1 dimensions. The detected shape was (11,) + inhomogeneous part.
INFO - 09/24/25 19:49:54 - 1:27:28 - Skipping line due to error: Expected 11 elements, got 12
INFO - 09/24/25 19:49:54 - 1:27:28 - Skipping line due to error: setting an array element with a sequence. The requested array has an inhomogeneous shape after 1 dimensions. The detected shape was (11,) + inhomogeneous part.
INFO - 09/24/25 19:49:54 - 1:27:28 - Skipping line due to error: setting an array element with a sequence. The requested array has an inhomogeneous shape after 1 dimensions. The detected shape was (11,) + inhomogeneous part.
INFO - 09/24/25 19:49:54 - 1:27:28 - Skipping line due to error: Expected 11 elements, got 12
INFO - 09/24/25 19:49:54 - 1:27:28 - Skipping line due to error: Expected 11 elements, got 10
INFO - 09/24/25 19:49:54 - 1:27:28 - Skipping line due to error: setting an array element with a sequence. The requested array has an inhomogeneous shape after 1 dimensions. The detected shape was (11,) + inhomogeneous part.
INFO - 09/24/25 19:49:54 - 1:27:28 - Skipping line due to error: setting an array element with a sequence. The requested array has an inhomogeneous shape after 1 dimensions. The detected shape was (11,) + inhomogeneous part.
INFO - 09/24/25 19:49:54 - 1:27:28 - Skipping line due to error: Expected 11 elements, got 10
INFO - 09/24/25 19:49:54 - 1:27:28 - Skipping line due to error: setting an array element with a sequence. The requested array has an inhomogeneous shape after 1 dimensions. The detected shape was (11,) + inhomogeneous part.
INFO - 09/24/25 19:49:54 - 1:27:28 - Skipping line due to error: Expected 11 elements, got 12
INFO - 09/24/25 19:49:54 - 1:27:28 - Skipping line due to error: setting an array element with a sequence. The requested array has an inhomogeneous shape after 1 dimensions. The detected shape was (11,) + inhomogeneous part.
INFO - 09/24/25 19:49:54 - 1:27:28 - Skipping line due to error: setting an array element with a sequence. The requested array has an inhomogeneous shape after 1 dimensions. The detected shape was (11,) + inhomogeneous part.
INFO - 09/24/25 19:49:54 - 1:27:28 - Skipping line due to error: setting an array element with a sequence. The requested array has an inhomogeneous shape after 1 dimensions. The detected shape was (11,) + inhomogeneous part.
INFO - 09/24/25 19:49:54 - 1:27:28 - Skipping line due to error: setting an array element with a sequence. The requested array has an inhomogeneous shape after 1 dimensions. The detected shape was (11,) + inhomogeneous part.
INFO - 09/24/25 19:49:54 - 1:27:28 - Skipping line due to error: setting an array element with a sequence. The requested array has an inhomogeneous shape after 1 dimensions. The detected shape was (11,) + inhomogeneous part.
INFO - 09/24/25 19:49:54 - 1:27:28 - Skipping line due to error: setting an array element with a sequence. The requested array has an inhomogeneous shape after 1 dimensions. The detected shape was (11,) + inhomogeneous part.
INFO - 09/24/25 19:49:54 - 1:27:28 - Skipping line due to error: Expected 11 elements, got 12
INFO - 09/24/25 19:49:54 - 1:27:28 - Skipping line due to error: Expected 11 elements, got 12
INFO - 09/24/25 19:49:54 - 1:27:28 - Skipping line due to error: setting an array element with a sequence. The requested array has an inhomogeneous shape after 1 dimensions. The detected shape was (11,) + inhomogeneous part.
INFO - 09/24/25 19:49:54 - 1:27:28 - Skipping line due to error: setting an array element with a sequence. The requested array has an inhomogeneous shape after 1 dimensions. The detected shape was (11,) + inhomogeneous part.
INFO - 09/24/25 19:49:54 - 1:27:28 - Skipping line due to error: Expected 11 elements, got 10
INFO - 09/24/25 19:49:54 - 1:27:28 - Skipping line due to error: Expected 11 elements, got 12
INFO - 09/24/25 19:49:54 - 1:27:28 - Skipping line due to error: setting an array element with a sequence. The requested array has an inhomogeneous shape after 1 dimensions. The detected shape was (11,) + inhomogeneous part.
INFO - 09/24/25 19:49:54 - 1:27:28 - Skipping line due to error: Expected 11 elements, got 13
INFO - 09/24/25 19:49:54 - 1:27:28 - Skipping line due to error: setting an array element with a sequence. The requested array has an inhomogeneous shape after 1 dimensions. The detected shape was (11,) + inhomogeneous part.
INFO - 09/24/25 19:49:54 - 1:27:28 - Skipping line due to error: setting an array element with a sequence. The requested array has an inhomogeneous shape after 1 dimensions. The detected shape was (11,) + inhomogeneous part.
INFO - 09/24/25 19:49:54 - 1:27:28 - Skipping line due to error: Expected 11 elements, got 12
INFO - 09/24/25 19:49:54 - 1:27:28 - Skipping line due to error: Expected 11 elements, got 13
INFO - 09/24/25 19:49:54 - 1:27:28 - Skipping line due to error: setting an array element with a sequence. The requested array has an inhomogeneous shape after 1 dimensions. The detected shape was (11,) + inhomogeneous part.
INFO - 09/24/25 19:49:54 - 1:27:28 - Skipping line due to error: setting an array element with a sequence. The requested array has an inhomogeneous shape after 1 dimensions. The detected shape was (11,) + inhomogeneous part.
INFO - 09/24/25 19:49:54 - 1:27:28 - Skipping line due to error: Expected 11 elements, got 9
INFO - 09/24/25 19:49:54 - 1:27:28 - Skipping line due to error: Expected 11 elements, got 12
INFO - 09/24/25 19:49:54 - 1:27:28 - Skipping line due to error: setting an array element with a sequence. The requested array has an inhomogeneous shape after 1 dimensions. The detected shape was (11,) + inhomogeneous part.
INFO - 09/24/25 19:49:54 - 1:27:28 - Skipping line due to error: Expected 11 elements, got 12
INFO - 09/24/25 19:49:54 - 1:27:28 - Skipping line due to error: setting an array element with a sequence. The requested array has an inhomogeneous shape after 1 dimensions. The detected shape was (11,) + inhomogeneous part.
INFO - 09/24/25 19:49:54 - 1:27:28 - Skipping line due to error: setting an array element with a sequence. The requested array has an inhomogeneous shape after 1 dimensions. The detected shape was (11,) + inhomogeneous part.
INFO - 09/24/25 19:49:54 - 1:27:28 - Skipping line due to error: Expected 11 elements, got 10
INFO - 09/24/25 19:49:54 - 1:27:28 - Skipping line due to error: Expected 11 elements, got 14
INFO - 09/24/25 19:49:54 - 1:27:28 - Skipping line due to error: setting an array element with a sequence. The requested array has an inhomogeneous shape after 1 dimensions. The detected shape was (11,) + inhomogeneous part.
INFO - 09/24/25 19:49:54 - 1:27:28 - Skipping line due to error: setting an array element with a sequence. The requested array has an inhomogeneous shape after 1 dimensions. The detected shape was (11,) + inhomogeneous part.
INFO - 09/24/25 19:49:54 - 1:27:28 - Skipping line due to error: setting an array element with a sequence. The requested array has an inhomogeneous shape after 1 dimensions. The detected shape was (11,) + inhomogeneous part.
INFO - 09/24/25 19:49:54 - 1:27:28 - Skipping line due to error: Expected 11 elements, got 12
INFO - 09/24/25 19:49:54 - 1:27:28 - Skipping line due to error: setting an array element with a sequence. The requested array has an inhomogeneous shape after 1 dimensions. The detected shape was (11,) + inhomogeneous part.
INFO - 09/24/25 19:49:54 - 1:27:28 - Skipping line due to error: Expected 11 elements, got 13
INFO - 09/24/25 19:49:54 - 1:27:28 - Skipping line due to error: Expected 11 elements, got 14
INFO - 09/24/25 19:49:54 - 1:27:28 - Skipping line due to error: setting an array element with a sequence. The requested array has an inhomogeneous shape after 1 dimensions. The detected shape was (11,) + inhomogeneous part.
INFO - 09/24/25 19:49:54 - 1:27:28 - Skipping line due to error: setting an array element with a sequence. The requested array has an inhomogeneous shape after 1 dimensions. The detected shape was (11,) + inhomogeneous part.
INFO - 09/24/25 19:49:54 - 1:27:28 - Skipping line due to error: Expected 11 elements, got 12
INFO - 09/24/25 19:49:54 - 1:27:28 - Skipping line due to error: setting an array element with a sequence. The requested array has an inhomogeneous shape after 1 dimensions. The detected shape was (11,) + inhomogeneous part.
INFO - 09/24/25 19:49:54 - 1:27:28 - Skipping line due to error: Expected 11 elements, got 12
INFO - 09/24/25 19:49:54 - 1:27:28 - Skipping line due to error: Expected 11 elements, got 10
INFO - 09/24/25 19:49:54 - 1:27:28 - Skipping line due to error: setting an array element with a sequence. The requested array has an inhomogeneous shape after 1 dimensions. The detected shape was (11,) + inhomogeneous part.
INFO - 09/24/25 19:49:54 - 1:27:28 - Skipping line due to error: setting an array element with a sequence. The requested array has an inhomogeneous shape after 1 dimensions. The detected shape was (11,) + inhomogeneous part.
INFO - 09/24/25 19:49:54 - 1:27:28 - Skipping line due to error: Expected 11 elements, got 12
INFO - 09/24/25 19:49:54 - 1:27:28 - Skipping line due to error: setting an array element with a sequence. The requested array has an inhomogeneous shape after 1 dimensions. The detected shape was (11,) + inhomogeneous part.
INFO - 09/24/25 19:49:54 - 1:27:28 - Skipping line due to error: Expected 11 elements, got 9
INFO - 09/24/25 19:49:54 - 1:27:28 - Skipping line due to error: setting an array element with a sequence. The requested array has an inhomogeneous shape after 1 dimensions. The detected shape was (11,) + inhomogeneous part.
INFO - 09/24/25 19:49:54 - 1:27:28 - Skipping line due to error: Expected 11 elements, got 12
INFO - 09/24/25 19:49:54 - 1:27:28 - Skipping line due to error: setting an array element with a sequence. The requested array has an inhomogeneous shape after 1 dimensions. The detected shape was (11,) + inhomogeneous part.
INFO - 09/24/25 19:49:54 - 1:27:28 - Skipping line due to error: Expected 11 elements, got 10
INFO - 09/24/25 19:49:54 - 1:27:28 - Skipping line due to error: Expected 11 elements, got 10
INFO - 09/24/25 19:49:54 - 1:27:28 - Skipping line due to error: Expected 11 elements, got 10
INFO - 09/24/25 19:49:54 - 1:27:28 - Skipping line due to error: setting an array element with a sequence. The requested array has an inhomogeneous shape after 1 dimensions. The detected shape was (11,) + inhomogeneous part.
INFO - 09/24/25 19:49:54 - 1:27:28 - Skipping line due to error: setting an array element with a sequence. The requested array has an inhomogeneous shape after 1 dimensions. The detected shape was (11,) + inhomogeneous part.
INFO - 09/24/25 19:49:54 - 1:27:28 - Skipping line due to error: setting an array element with a sequence. The requested array has an inhomogeneous shape after 1 dimensions. The detected shape was (11,) + inhomogeneous part.
INFO - 09/24/25 19:49:54 - 1:27:28 - Skipping line due to error: setting an array element with a sequence. The requested array has an inhomogeneous shape after 1 dimensions. The detected shape was (11,) + inhomogeneous part.
INFO - 09/24/25 19:49:54 - 1:27:28 - Skipping line due to error: setting an array element with a sequence. The requested array has an inhomogeneous shape after 1 dimensions. The detected shape was (11,) + inhomogeneous part.
INFO - 09/24/25 19:49:54 - 1:27:28 - Skipping line due to error: setting an array element with a sequence. The requested array has an inhomogeneous shape after 1 dimensions. The detected shape was (11,) + inhomogeneous part.
INFO - 09/24/25 19:49:54 - 1:27:28 - Skipping line due to error: setting an array element with a sequence. The requested array has an inhomogeneous shape after 1 dimensions. The detected shape was (11,) + inhomogeneous part.
INFO - 09/24/25 19:49:54 - 1:27:28 - Skipping line due to error: Expected 11 elements, got 10
INFO - 09/24/25 19:49:54 - 1:27:28 - Skipping line due to error: Expected 11 elements, got 10
INFO - 09/24/25 19:49:54 - 1:27:28 - Skipping line due to error: Expected 11 elements, got 10
INFO - 09/24/25 19:49:54 - 1:27:28 - Skipping line due to error: Expected 11 elements, got 9
INFO - 09/24/25 19:49:54 - 1:27:28 - Skipping line due to error: Expected 11 elements, got 12
INFO - 09/24/25 19:49:59 - 1:27:34 - distribution of scores(all rounds)
INFO - 09/24/25 19:49:59 - 1:27:34 - Score:891.0, Count:1
                                     
INFO - 09/24/25 19:49:59 - 1:27:34 - Score:816.0, Count:2
                                     
INFO - 09/24/25 19:49:59 - 1:27:34 - Score:807.0, Count:1
                                     
INFO - 09/24/25 19:49:59 - 1:27:34 - Score:805.0, Count:1
                                     
INFO - 09/24/25 19:49:59 - 1:27:34 - Score:801.0, Count:1
                                     
INFO - 09/24/25 19:49:59 - 1:27:34 - Score:800.0, Count:1
                                     
INFO - 09/24/25 19:49:59 - 1:27:34 - Score:798.0, Count:3
                                     
INFO - 09/24/25 19:49:59 - 1:27:34 - Score:793.0, Count:1
                                     
INFO - 09/24/25 19:49:59 - 1:27:34 - Score:780.0, Count:1
                                     
INFO - 09/24/25 19:49:59 - 1:27:34 - Score:776.0, Count:1
                                     
INFO - 09/24/25 19:49:59 - 1:27:34 - Score:774.0, Count:1
                                     
INFO - 09/24/25 19:49:59 - 1:27:34 - Score:769.0, Count:1
                                     
INFO - 09/24/25 19:49:59 - 1:27:34 - Score:654.0, Count:0
                                     
INFO - 09/24/25 19:49:59 - 1:27:34 - tokenizing
INFO - 09/24/25 19:49:59 - 1:27:34 - Loading tokenizer from /home/yuebi/Project/dim11_run/dim11_run_23/7787/tokenizer_data/tokenizer.json...
INFO - 09/24/25 19:49:59 - 1:27:34 - 0 / 15
INFO - 09/24/25 19:49:59 - 1:27:34 - number of examples in the dataset: 15
INFO - 09/24/25 19:49:59 - 1:27:34 - max word length: 63
INFO - 09/24/25 19:49:59 - 1:27:34 - number of unique characters in the vocabulary: 15
INFO - 09/24/25 19:49:59 - 1:27:34 - vocabulary:
INFO - 09/24/25 19:49:59 - 1:27:34 - ['V0', 'V1', 'V2', 'V3', 'V4', 'V5', 'V6', 'V7', 'V8', 'V9', 'V10', 'V11', 'V12', 'V13', 'V14']
INFO - 09/24/25 19:49:59 - 1:27:34 - split up the dataset into 14 training examples and 1 test examples
INFO - 09/24/25 19:49:59 - 1:27:34 - ============ Start of generation 5 ============
INFO - 09/24/25 19:49:59 - 1:27:34 - Memory allocated:  41.64MB, reserved: 1854.00MB
INFO - 09/24/25 19:49:59 - 1:27:34 - training
INFO - 09/24/25 19:49:59 - 1:27:34 - step 0 | loss 6.9567 | step time 98.99ms
INFO - 09/24/25 19:50:09 - 1:27:43 - step 100 | loss 0.0530 | step time 93.01ms
INFO - 09/24/25 19:50:18 - 1:27:52 - step 200 | loss 0.0504 | step time 92.72ms
INFO - 09/24/25 19:50:27 - 1:28:02 - step 300 | loss 0.0489 | step time 94.29ms
INFO - 09/24/25 19:50:37 - 1:28:11 - step 400 | loss 0.0519 | step time 92.99ms
INFO - 09/24/25 19:50:46 - 1:28:20 - step 500 | loss 0.0483 | step time 92.61ms
INFO - 09/24/25 19:50:46 - 1:28:20 - step 500 train loss: 0.048476096242666245 test loss: 5.5117268562316895
INFO - 09/24/25 19:50:46 - 1:28:20 - test loss 5.5117268562316895 is the best so far, saving model to /home/yuebi/Project/dim11_run/dim11_run_23/7787/model.pt
INFO - 09/24/25 19:50:55 - 1:28:29 - step 600 | loss 0.0459 | step time 92.43ms
INFO - 09/24/25 19:51:04 - 1:28:39 - step 700 | loss 0.0456 | step time 92.61ms
INFO - 09/24/25 19:51:14 - 1:28:48 - step 800 | loss 0.0470 | step time 92.66ms
INFO - 09/24/25 19:51:23 - 1:28:57 - step 900 | loss 0.0475 | step time 92.59ms
INFO - 09/24/25 19:51:32 - 1:29:06 - Memory allocated:  41.64MB, reserved: 1854.00MB
INFO - 09/24/25 19:51:32 - 1:29:06 - generating
INFO - 09/24/25 20:11:26 - 1:49:01 - distribution of sample lengths: average: 176.81873333333334 max: 417
INFO - 09/24/25 20:11:26 - 1:49:01 - printed 30000 samples
INFO - 09/24/25 20:11:26 - 1:49:01 - decoding
INFO - 09/24/25 20:11:27 - 1:49:01 - Decoding complete. Check the output in /home/yuebi/Project/dim11_run/dim11_run_23/7787/transformer-output-decoded.txt
INFO - 09/24/25 20:11:27 - 1:49:01 - Memory allocated:  41.64MB, reserved: 1854.00MB
INFO - 09/24/25 20:11:27 - 1:49:01 - ============ End of generation 5 ============
INFO - 09/24/25 20:11:27 - 1:49:01 - launching search.jl
INFO - 09/24/25 20:11:27 - 1:49:01 - JULIA_NUM_THREADS is set to 1
INFO - 09/24/25 20:11:27 - 1:49:01 - Skipping line due to error: Expected 11 elements, got 9
INFO - 09/24/25 20:11:27 - 1:49:01 - Skipping line due to error: Expected 11 elements, got 13
INFO - 09/24/25 20:11:27 - 1:49:01 - Skipping line due to error: setting an array element with a sequence. The requested array has an inhomogeneous shape after 1 dimensions. The detected shape was (11,) + inhomogeneous part.
INFO - 09/24/25 20:11:27 - 1:49:01 - Skipping line due to error: setting an array element with a sequence. The requested array has an inhomogeneous shape after 1 dimensions. The detected shape was (11,) + inhomogeneous part.
INFO - 09/24/25 20:11:27 - 1:49:01 - Skipping line due to error: Expected 11 elements, got 12
INFO - 09/24/25 20:11:27 - 1:49:01 - Skipping line due to error: Expected 11 elements, got 10
INFO - 09/24/25 20:11:27 - 1:49:01 - Skipping line due to error: setting an array element with a sequence. The requested array has an inhomogeneous shape after 1 dimensions. The detected shape was (11,) + inhomogeneous part.
INFO - 09/24/25 20:11:27 - 1:49:01 - Skipping line due to error: setting an array element with a sequence. The requested array has an inhomogeneous shape after 1 dimensions. The detected shape was (11,) + inhomogeneous part.
INFO - 09/24/25 20:11:27 - 1:49:01 - Skipping line due to error: Expected 11 elements, got 12
INFO - 09/24/25 20:11:27 - 1:49:01 - Skipping line due to error: Expected 11 elements, got 12
INFO - 09/24/25 20:11:27 - 1:49:01 - Skipping line due to error: setting an array element with a sequence. The requested array has an inhomogeneous shape after 1 dimensions. The detected shape was (11,) + inhomogeneous part.
INFO - 09/24/25 20:11:27 - 1:49:01 - Skipping line due to error: setting an array element with a sequence. The requested array has an inhomogeneous shape after 1 dimensions. The detected shape was (11,) + inhomogeneous part.
INFO - 09/24/25 20:11:27 - 1:49:01 - Skipping line due to error: Expected 11 elements, got 12
INFO - 09/24/25 20:11:27 - 1:49:01 - Skipping line due to error: Expected 11 elements, got 10
INFO - 09/24/25 20:11:27 - 1:49:01 - Skipping line due to error: Expected 11 elements, got 10
INFO - 09/24/25 20:11:27 - 1:49:01 - Skipping line due to error: Expected 11 elements, got 10
INFO - 09/24/25 20:11:27 - 1:49:01 - Skipping line due to error: Expected 11 elements, got 12
INFO - 09/24/25 20:11:27 - 1:49:01 - Skipping line due to error: setting an array element with a sequence. The requested array has an inhomogeneous shape after 1 dimensions. The detected shape was (11,) + inhomogeneous part.
INFO - 09/24/25 20:11:27 - 1:49:01 - Skipping line due to error: Expected 11 elements, got 12
INFO - 09/24/25 20:11:27 - 1:49:01 - Skipping line due to error: Expected 11 elements, got 10
INFO - 09/24/25 20:11:27 - 1:49:01 - Skipping line due to error: Expected 11 elements, got 12
INFO - 09/24/25 20:11:27 - 1:49:01 - Skipping line due to error: Expected 11 elements, got 12
INFO - 09/24/25 20:11:27 - 1:49:01 - Skipping line due to error: Expected 11 elements, got 12
INFO - 09/24/25 20:11:27 - 1:49:01 - Skipping line due to error: Expected 11 elements, got 12
INFO - 09/24/25 20:11:27 - 1:49:01 - Skipping line due to error: Expected 11 elements, got 12
INFO - 09/24/25 20:11:27 - 1:49:01 - Skipping line due to error: Expected 11 elements, got 12
INFO - 09/24/25 20:11:27 - 1:49:01 - Skipping line due to error: setting an array element with a sequence. The requested array has an inhomogeneous shape after 1 dimensions. The detected shape was (11,) + inhomogeneous part.
INFO - 09/24/25 20:11:27 - 1:49:01 - Skipping line due to error: setting an array element with a sequence. The requested array has an inhomogeneous shape after 1 dimensions. The detected shape was (11,) + inhomogeneous part.
INFO - 09/24/25 20:11:27 - 1:49:01 - Skipping line due to error: setting an array element with a sequence. The requested array has an inhomogeneous shape after 1 dimensions. The detected shape was (11,) + inhomogeneous part.
INFO - 09/24/25 20:11:27 - 1:49:01 - Skipping line due to error: setting an array element with a sequence. The requested array has an inhomogeneous shape after 1 dimensions. The detected shape was (11,) + inhomogeneous part.
INFO - 09/24/25 20:11:27 - 1:49:01 - Skipping line due to error: setting an array element with a sequence. The requested array has an inhomogeneous shape after 1 dimensions. The detected shape was (11,) + inhomogeneous part.
INFO - 09/24/25 20:11:27 - 1:49:01 - Skipping line due to error: setting an array element with a sequence. The requested array has an inhomogeneous shape after 1 dimensions. The detected shape was (11,) + inhomogeneous part.
INFO - 09/24/25 20:11:27 - 1:49:01 - Skipping line due to error: setting an array element with a sequence. The requested array has an inhomogeneous shape after 1 dimensions. The detected shape was (11,) + inhomogeneous part.
INFO - 09/24/25 20:11:27 - 1:49:01 - Skipping line due to error: setting an array element with a sequence. The requested array has an inhomogeneous shape after 1 dimensions. The detected shape was (11,) + inhomogeneous part.
INFO - 09/24/25 20:11:27 - 1:49:01 - Skipping line due to error: Expected 11 elements, got 10
INFO - 09/24/25 20:11:27 - 1:49:01 - Skipping line due to error: Expected 11 elements, got 12
INFO - 09/24/25 20:11:27 - 1:49:01 - Skipping line due to error: setting an array element with a sequence. The requested array has an inhomogeneous shape after 1 dimensions. The detected shape was (11,) + inhomogeneous part.
INFO - 09/24/25 20:11:27 - 1:49:01 - Skipping line due to error: Expected 11 elements, got 12
INFO - 09/24/25 20:11:27 - 1:49:01 - Skipping line due to error: setting an array element with a sequence. The requested array has an inhomogeneous shape after 1 dimensions. The detected shape was (11,) + inhomogeneous part.
INFO - 09/24/25 20:11:27 - 1:49:01 - Skipping line due to error: setting an array element with a sequence. The requested array has an inhomogeneous shape after 1 dimensions. The detected shape was (11,) + inhomogeneous part.
INFO - 09/24/25 20:11:27 - 1:49:01 - Skipping line due to error: setting an array element with a sequence. The requested array has an inhomogeneous shape after 1 dimensions. The detected shape was (11,) + inhomogeneous part.
INFO - 09/24/25 20:11:27 - 1:49:01 - Skipping line due to error: setting an array element with a sequence. The requested array has an inhomogeneous shape after 1 dimensions. The detected shape was (11,) + inhomogeneous part.
INFO - 09/24/25 20:11:27 - 1:49:01 - Skipping line due to error: setting an array element with a sequence. The requested array has an inhomogeneous shape after 1 dimensions. The detected shape was (11,) + inhomogeneous part.
INFO - 09/24/25 20:11:27 - 1:49:01 - Skipping line due to error: setting an array element with a sequence. The requested array has an inhomogeneous shape after 1 dimensions. The detected shape was (11,) + inhomogeneous part.
INFO - 09/24/25 20:11:27 - 1:49:01 - Skipping line due to error: Expected 11 elements, got 10
INFO - 09/24/25 20:11:27 - 1:49:01 - Skipping line due to error: Expected 11 elements, got 10
INFO - 09/24/25 20:11:27 - 1:49:01 - Skipping line due to error: setting an array element with a sequence. The requested array has an inhomogeneous shape after 1 dimensions. The detected shape was (11,) + inhomogeneous part.
INFO - 09/24/25 20:11:27 - 1:49:01 - Skipping line due to error: Expected 11 elements, got 9
INFO - 09/24/25 20:11:27 - 1:49:01 - Skipping line due to error: Expected 11 elements, got 12
INFO - 09/24/25 20:11:27 - 1:49:01 - Skipping line due to error: setting an array element with a sequence. The requested array has an inhomogeneous shape after 1 dimensions. The detected shape was (11,) + inhomogeneous part.
INFO - 09/24/25 20:11:27 - 1:49:01 - Skipping line due to error: Expected 11 elements, got 12
INFO - 09/24/25 20:11:27 - 1:49:01 - Skipping line due to error: setting an array element with a sequence. The requested array has an inhomogeneous shape after 1 dimensions. The detected shape was (11,) + inhomogeneous part.
INFO - 09/24/25 20:11:27 - 1:49:01 - Skipping line due to error: Expected 11 elements, got 10
INFO - 09/24/25 20:11:27 - 1:49:01 - Skipping line due to error: Expected 11 elements, got 10
INFO - 09/24/25 20:11:27 - 1:49:01 - Skipping line due to error: setting an array element with a sequence. The requested array has an inhomogeneous shape after 1 dimensions. The detected shape was (11,) + inhomogeneous part.
INFO - 09/24/25 20:11:27 - 1:49:01 - Skipping line due to error: Expected 11 elements, got 13
INFO - 09/24/25 20:11:27 - 1:49:01 - Skipping line due to error: Expected 11 elements, got 12
INFO - 09/24/25 20:11:27 - 1:49:01 - Skipping line due to error: Expected 11 elements, got 10
INFO - 09/24/25 20:11:27 - 1:49:01 - Skipping line due to error: Expected 11 elements, got 12
INFO - 09/24/25 20:11:27 - 1:49:01 - Skipping line due to error: Expected 11 elements, got 12
INFO - 09/24/25 20:11:27 - 1:49:01 - Skipping line due to error: Expected 11 elements, got 13
INFO - 09/24/25 20:11:27 - 1:49:01 - Skipping line due to error: Expected 11 elements, got 12
INFO - 09/24/25 20:11:27 - 1:49:01 - Skipping line due to error: setting an array element with a sequence. The requested array has an inhomogeneous shape after 1 dimensions. The detected shape was (11,) + inhomogeneous part.
INFO - 09/24/25 20:11:27 - 1:49:01 - Skipping line due to error: setting an array element with a sequence. The requested array has an inhomogeneous shape after 1 dimensions. The detected shape was (11,) + inhomogeneous part.
INFO - 09/24/25 20:11:27 - 1:49:01 - Skipping line due to error: setting an array element with a sequence. The requested array has an inhomogeneous shape after 1 dimensions. The detected shape was (11,) + inhomogeneous part.
INFO - 09/24/25 20:11:27 - 1:49:01 - Skipping line due to error: Expected 11 elements, got 13
INFO - 09/24/25 20:11:27 - 1:49:01 - Skipping line due to error: Expected 11 elements, got 23
INFO - 09/24/25 20:11:27 - 1:49:01 - Skipping line due to error: Expected 11 elements, got 10
INFO - 09/24/25 20:11:27 - 1:49:01 - Skipping line due to error: setting an array element with a sequence. The requested array has an inhomogeneous shape after 1 dimensions. The detected shape was (11,) + inhomogeneous part.
INFO - 09/24/25 20:11:27 - 1:49:01 - Skipping line due to error: Expected 11 elements, got 12
INFO - 09/24/25 20:11:27 - 1:49:01 - Skipping line due to error: Expected 11 elements, got 13
INFO - 09/24/25 20:11:27 - 1:49:01 - Skipping line due to error: setting an array element with a sequence. The requested array has an inhomogeneous shape after 1 dimensions. The detected shape was (11,) + inhomogeneous part.
INFO - 09/24/25 20:11:27 - 1:49:01 - Skipping line due to error: Expected 11 elements, got 12
INFO - 09/24/25 20:11:27 - 1:49:01 - Skipping line due to error: Expected 11 elements, got 12
INFO - 09/24/25 20:11:27 - 1:49:01 - Skipping line due to error: setting an array element with a sequence. The requested array has an inhomogeneous shape after 1 dimensions. The detected shape was (11,) + inhomogeneous part.
INFO - 09/24/25 20:11:27 - 1:49:01 - Skipping line due to error: setting an array element with a sequence. The requested array has an inhomogeneous shape after 1 dimensions. The detected shape was (11,) + inhomogeneous part.
INFO - 09/24/25 20:11:27 - 1:49:01 - Skipping line due to error: Expected 11 elements, got 12
INFO - 09/24/25 20:11:27 - 1:49:01 - Skipping line due to error: setting an array element with a sequence. The requested array has an inhomogeneous shape after 1 dimensions. The detected shape was (11,) + inhomogeneous part.
INFO - 09/24/25 20:11:27 - 1:49:01 - Skipping line due to error: setting an array element with a sequence. The requested array has an inhomogeneous shape after 1 dimensions. The detected shape was (11,) + inhomogeneous part.
INFO - 09/24/25 20:11:27 - 1:49:01 - Skipping line due to error: Expected 11 elements, got 13
INFO - 09/24/25 20:11:27 - 1:49:01 - Skipping line due to error: Expected 11 elements, got 12
INFO - 09/24/25 20:11:27 - 1:49:01 - Skipping line due to error: Expected 11 elements, got 12
INFO - 09/24/25 20:11:27 - 1:49:01 - Skipping line due to error: Expected 11 elements, got 20
INFO - 09/24/25 20:11:27 - 1:49:01 - Skipping line due to error: Expected 11 elements, got 10
INFO - 09/24/25 20:11:27 - 1:49:01 - Skipping line due to error: Expected 11 elements, got 16
INFO - 09/24/25 20:11:27 - 1:49:01 - Skipping line due to error: setting an array element with a sequence. The requested array has an inhomogeneous shape after 1 dimensions. The detected shape was (11,) + inhomogeneous part.
INFO - 09/24/25 20:11:27 - 1:49:01 - Skipping line due to error: Expected 11 elements, got 12
INFO - 09/24/25 20:11:27 - 1:49:01 - Skipping line due to error: setting an array element with a sequence. The requested array has an inhomogeneous shape after 1 dimensions. The detected shape was (11,) + inhomogeneous part.
INFO - 09/24/25 20:11:27 - 1:49:01 - Skipping line due to error: Expected 11 elements, got 12
INFO - 09/24/25 20:11:27 - 1:49:01 - Skipping line due to error: Expected 11 elements, got 13
INFO - 09/24/25 20:11:27 - 1:49:01 - Skipping line due to error: Expected 11 elements, got 9
INFO - 09/24/25 20:11:27 - 1:49:01 - Skipping line due to error: setting an array element with a sequence. The requested array has an inhomogeneous shape after 1 dimensions. The detected shape was (11,) + inhomogeneous part.
INFO - 09/24/25 20:11:27 - 1:49:01 - Skipping line due to error: setting an array element with a sequence. The requested array has an inhomogeneous shape after 1 dimensions. The detected shape was (11,) + inhomogeneous part.
INFO - 09/24/25 20:11:27 - 1:49:01 - Skipping line due to error: setting an array element with a sequence. The requested array has an inhomogeneous shape after 1 dimensions. The detected shape was (11,) + inhomogeneous part.
INFO - 09/24/25 20:11:27 - 1:49:01 - Skipping line due to error: Expected 11 elements, got 12
INFO - 09/24/25 20:11:27 - 1:49:01 - Skipping line due to error: Expected 11 elements, got 12
INFO - 09/24/25 20:11:27 - 1:49:01 - Skipping line due to error: Expected 11 elements, got 13
INFO - 09/24/25 20:11:27 - 1:49:01 - Skipping line due to error: setting an array element with a sequence. The requested array has an inhomogeneous shape after 1 dimensions. The detected shape was (11,) + inhomogeneous part.
INFO - 09/24/25 20:11:27 - 1:49:01 - Skipping line due to error: Expected 11 elements, got 10
INFO - 09/24/25 20:11:27 - 1:49:01 - Skipping line due to error: setting an array element with a sequence. The requested array has an inhomogeneous shape after 1 dimensions. The detected shape was (11,) + inhomogeneous part.
INFO - 09/24/25 20:11:27 - 1:49:01 - Skipping line due to error: Expected 11 elements, got 13
INFO - 09/24/25 20:11:27 - 1:49:01 - Skipping line due to error: setting an array element with a sequence. The requested array has an inhomogeneous shape after 1 dimensions. The detected shape was (11,) + inhomogeneous part.
INFO - 09/24/25 20:11:27 - 1:49:01 - Skipping line due to error: Expected 11 elements, got 12
INFO - 09/24/25 20:11:27 - 1:49:01 - Skipping line due to error: Expected 11 elements, got 14
INFO - 09/24/25 20:11:27 - 1:49:01 - Skipping line due to error: setting an array element with a sequence. The requested array has an inhomogeneous shape after 1 dimensions. The detected shape was (11,) + inhomogeneous part.
INFO - 09/24/25 20:11:27 - 1:49:01 - Skipping line due to error: Expected 11 elements, got 13
INFO - 09/24/25 20:11:27 - 1:49:01 - Skipping line due to error: setting an array element with a sequence. The requested array has an inhomogeneous shape after 1 dimensions. The detected shape was (11,) + inhomogeneous part.
INFO - 09/24/25 20:11:27 - 1:49:01 - Skipping line due to error: Expected 11 elements, got 9
INFO - 09/24/25 20:11:27 - 1:49:01 - Skipping line due to error: setting an array element with a sequence. The requested array has an inhomogeneous shape after 1 dimensions. The detected shape was (11,) + inhomogeneous part.
INFO - 09/24/25 20:11:27 - 1:49:01 - Skipping line due to error: Expected 11 elements, got 14
INFO - 09/24/25 20:11:27 - 1:49:01 - Skipping line due to error: Expected 11 elements, got 10
INFO - 09/24/25 20:11:27 - 1:49:01 - Skipping line due to error: setting an array element with a sequence. The requested array has an inhomogeneous shape after 1 dimensions. The detected shape was (11,) + inhomogeneous part.
INFO - 09/24/25 20:11:27 - 1:49:01 - Skipping line due to error: Expected 11 elements, got 12
INFO - 09/24/25 20:11:27 - 1:49:01 - Skipping line due to error: setting an array element with a sequence. The requested array has an inhomogeneous shape after 1 dimensions. The detected shape was (11,) + inhomogeneous part.
INFO - 09/24/25 20:11:27 - 1:49:01 - Skipping line due to error: setting an array element with a sequence. The requested array has an inhomogeneous shape after 1 dimensions. The detected shape was (11,) + inhomogeneous part.
INFO - 09/24/25 20:11:27 - 1:49:01 - Skipping line due to error: Expected 11 elements, got 12
INFO - 09/24/25 20:11:27 - 1:49:01 - Skipping line due to error: setting an array element with a sequence. The requested array has an inhomogeneous shape after 1 dimensions. The detected shape was (11,) + inhomogeneous part.
INFO - 09/24/25 20:11:27 - 1:49:01 - Skipping line due to error: Expected 11 elements, got 10
INFO - 09/24/25 20:11:27 - 1:49:01 - Skipping line due to error: Expected 11 elements, got 12
INFO - 09/24/25 20:11:27 - 1:49:01 - Skipping line due to error: setting an array element with a sequence. The requested array has an inhomogeneous shape after 1 dimensions. The detected shape was (11,) + inhomogeneous part.
INFO - 09/24/25 20:11:27 - 1:49:01 - Skipping line due to error: Expected 11 elements, got 13
INFO - 09/24/25 20:11:27 - 1:49:01 - Skipping line due to error: Expected 11 elements, got 10
INFO - 09/24/25 20:11:27 - 1:49:01 - Skipping line due to error: Expected 11 elements, got 12
INFO - 09/24/25 20:11:27 - 1:49:01 - Skipping line due to error: setting an array element with a sequence. The requested array has an inhomogeneous shape after 1 dimensions. The detected shape was (11,) + inhomogeneous part.
INFO - 09/24/25 20:11:27 - 1:49:01 - Skipping line due to error: Expected 11 elements, got 10
INFO - 09/24/25 20:11:27 - 1:49:01 - Skipping line due to error: setting an array element with a sequence. The requested array has an inhomogeneous shape after 1 dimensions. The detected shape was (11,) + inhomogeneous part.
INFO - 09/24/25 20:11:27 - 1:49:01 - Skipping line due to error: setting an array element with a sequence. The requested array has an inhomogeneous shape after 1 dimensions. The detected shape was (11,) + inhomogeneous part.
INFO - 09/24/25 20:11:27 - 1:49:01 - Skipping line due to error: Expected 11 elements, got 12
INFO - 09/24/25 20:11:27 - 1:49:01 - Skipping line due to error: setting an array element with a sequence. The requested array has an inhomogeneous shape after 1 dimensions. The detected shape was (11,) + inhomogeneous part.
INFO - 09/24/25 20:11:27 - 1:49:01 - Skipping line due to error: Expected 11 elements, got 9
INFO - 09/24/25 20:11:27 - 1:49:01 - Skipping line due to error: Expected 11 elements, got 12
INFO - 09/24/25 20:11:27 - 1:49:01 - Skipping line due to error: setting an array element with a sequence. The requested array has an inhomogeneous shape after 1 dimensions. The detected shape was (11,) + inhomogeneous part.
INFO - 09/24/25 20:11:27 - 1:49:01 - Skipping line due to error: setting an array element with a sequence. The requested array has an inhomogeneous shape after 1 dimensions. The detected shape was (11,) + inhomogeneous part.
INFO - 09/24/25 20:11:27 - 1:49:01 - Skipping line due to error: Expected 11 elements, got 12
INFO - 09/24/25 20:11:27 - 1:49:01 - Skipping line due to error: Expected 11 elements, got 12
INFO - 09/24/25 20:11:27 - 1:49:01 - Skipping line due to error: setting an array element with a sequence. The requested array has an inhomogeneous shape after 1 dimensions. The detected shape was (11,) + inhomogeneous part.
INFO - 09/24/25 20:11:27 - 1:49:01 - Skipping line due to error: setting an array element with a sequence. The requested array has an inhomogeneous shape after 1 dimensions. The detected shape was (11,) + inhomogeneous part.
INFO - 09/24/25 20:11:27 - 1:49:01 - Skipping line due to error: setting an array element with a sequence. The requested array has an inhomogeneous shape after 1 dimensions. The detected shape was (11,) + inhomogeneous part.
INFO - 09/24/25 20:11:27 - 1:49:01 - Skipping line due to error: Expected 11 elements, got 13
INFO - 09/24/25 20:11:27 - 1:49:01 - Skipping line due to error: setting an array element with a sequence. The requested array has an inhomogeneous shape after 1 dimensions. The detected shape was (11,) + inhomogeneous part.
INFO - 09/24/25 20:11:27 - 1:49:01 - Skipping line due to error: setting an array element with a sequence. The requested array has an inhomogeneous shape after 1 dimensions. The detected shape was (11,) + inhomogeneous part.
INFO - 09/24/25 20:11:27 - 1:49:01 - Skipping line due to error: Expected 11 elements, got 9
INFO - 09/24/25 20:11:27 - 1:49:01 - Skipping line due to error: Expected 11 elements, got 10
INFO - 09/24/25 20:11:27 - 1:49:01 - Skipping line due to error: setting an array element with a sequence. The requested array has an inhomogeneous shape after 1 dimensions. The detected shape was (11,) + inhomogeneous part.
INFO - 09/24/25 20:11:27 - 1:49:01 - Skipping line due to error: setting an array element with a sequence. The requested array has an inhomogeneous shape after 1 dimensions. The detected shape was (11,) + inhomogeneous part.
INFO - 09/24/25 20:11:27 - 1:49:01 - Skipping line due to error: Expected 11 elements, got 10
INFO - 09/24/25 20:11:27 - 1:49:01 - Skipping line due to error: Expected 11 elements, got 13
INFO - 09/24/25 20:11:27 - 1:49:01 - Skipping line due to error: Expected 11 elements, got 9
INFO - 09/24/25 20:11:27 - 1:49:01 - Skipping line due to error: Expected 11 elements, got 13
INFO - 09/24/25 20:11:27 - 1:49:01 - Skipping line due to error: Expected 11 elements, got 9
INFO - 09/24/25 20:11:27 - 1:49:01 - Skipping line due to error: Expected 11 elements, got 10
INFO - 09/24/25 20:11:27 - 1:49:01 - Skipping line due to error: Expected 11 elements, got 12
INFO - 09/24/25 20:11:27 - 1:49:01 - Skipping line due to error: Expected 11 elements, got 12
INFO - 09/24/25 20:11:27 - 1:49:01 - Skipping line due to error: Expected 11 elements, got 9
INFO - 09/24/25 20:11:27 - 1:49:01 - Skipping line due to error: setting an array element with a sequence. The requested array has an inhomogeneous shape after 1 dimensions. The detected shape was (11,) + inhomogeneous part.
INFO - 09/24/25 20:11:27 - 1:49:01 - Skipping line due to error: Expected 11 elements, got 19
INFO - 09/24/25 20:11:27 - 1:49:01 - Skipping line due to error: Expected 11 elements, got 10
INFO - 09/24/25 20:11:27 - 1:49:01 - Skipping line due to error: setting an array element with a sequence. The requested array has an inhomogeneous shape after 1 dimensions. The detected shape was (11,) + inhomogeneous part.
INFO - 09/24/25 20:11:27 - 1:49:01 - Skipping line due to error: Expected 11 elements, got 14
INFO - 09/24/25 20:11:27 - 1:49:01 - Skipping line due to error: setting an array element with a sequence. The requested array has an inhomogeneous shape after 1 dimensions. The detected shape was (11,) + inhomogeneous part.
INFO - 09/24/25 20:11:27 - 1:49:01 - Skipping line due to error: Expected 11 elements, got 12
INFO - 09/24/25 20:11:27 - 1:49:01 - Skipping line due to error: Expected 11 elements, got 12
INFO - 09/24/25 20:11:27 - 1:49:01 - Skipping line due to error: Expected 11 elements, got 10
INFO - 09/24/25 20:11:27 - 1:49:01 - Skipping line due to error: Expected 11 elements, got 12
INFO - 09/24/25 20:11:27 - 1:49:01 - Skipping line due to error: setting an array element with a sequence. The requested array has an inhomogeneous shape after 1 dimensions. The detected shape was (11,) + inhomogeneous part.
INFO - 09/24/25 20:11:27 - 1:49:01 - Skipping line due to error: Expected 11 elements, got 13
INFO - 09/24/25 20:11:27 - 1:49:01 - Skipping line due to error: Expected 11 elements, got 13
INFO - 09/24/25 20:11:27 - 1:49:01 - Skipping line due to error: Expected 11 elements, got 10
INFO - 09/24/25 20:11:27 - 1:49:01 - Skipping line due to error: Expected 11 elements, got 12
INFO - 09/24/25 20:11:27 - 1:49:01 - Skipping line due to error: setting an array element with a sequence. The requested array has an inhomogeneous shape after 1 dimensions. The detected shape was (11,) + inhomogeneous part.
INFO - 09/24/25 20:11:27 - 1:49:01 - Skipping line due to error: Expected 11 elements, got 21
INFO - 09/24/25 20:11:27 - 1:49:01 - Skipping line due to error: setting an array element with a sequence. The requested array has an inhomogeneous shape after 1 dimensions. The detected shape was (11,) + inhomogeneous part.
INFO - 09/24/25 20:11:27 - 1:49:01 - Skipping line due to error: setting an array element with a sequence. The requested array has an inhomogeneous shape after 1 dimensions. The detected shape was (11,) + inhomogeneous part.
INFO - 09/24/25 20:11:27 - 1:49:01 - Skipping line due to error: Expected 11 elements, got 10
INFO - 09/24/25 20:11:27 - 1:49:01 - Skipping line due to error: Expected 11 elements, got 14
INFO - 09/24/25 20:11:27 - 1:49:01 - Skipping line due to error: setting an array element with a sequence. The requested array has an inhomogeneous shape after 1 dimensions. The detected shape was (11,) + inhomogeneous part.
INFO - 09/24/25 20:11:27 - 1:49:01 - Skipping line due to error: setting an array element with a sequence. The requested array has an inhomogeneous shape after 1 dimensions. The detected shape was (11,) + inhomogeneous part.
INFO - 09/24/25 20:11:27 - 1:49:01 - Skipping line due to error: Expected 11 elements, got 10
INFO - 09/24/25 20:11:27 - 1:49:01 - Skipping line due to error: Expected 11 elements, got 13
INFO - 09/24/25 20:11:27 - 1:49:01 - Skipping line due to error: Expected 11 elements, got 12
INFO - 09/24/25 20:11:27 - 1:49:01 - Skipping line due to error: Expected 11 elements, got 10
INFO - 09/24/25 20:11:27 - 1:49:01 - Skipping line due to error: Expected 11 elements, got 12
INFO - 09/24/25 20:11:27 - 1:49:01 - Skipping line due to error: Expected 11 elements, got 10
INFO - 09/24/25 20:11:27 - 1:49:01 - Skipping line due to error: Expected 11 elements, got 12
INFO - 09/24/25 20:11:27 - 1:49:01 - Skipping line due to error: setting an array element with a sequence. The requested array has an inhomogeneous shape after 1 dimensions. The detected shape was (11,) + inhomogeneous part.
INFO - 09/24/25 20:11:27 - 1:49:01 - Skipping line due to error: setting an array element with a sequence. The requested array has an inhomogeneous shape after 1 dimensions. The detected shape was (11,) + inhomogeneous part.
INFO - 09/24/25 20:11:27 - 1:49:01 - Skipping line due to error: Expected 11 elements, got 13
INFO - 09/24/25 20:11:27 - 1:49:01 - Skipping line due to error: setting an array element with a sequence. The requested array has an inhomogeneous shape after 1 dimensions. The detected shape was (11,) + inhomogeneous part.
INFO - 09/24/25 20:11:27 - 1:49:01 - Skipping line due to error: setting an array element with a sequence. The requested array has an inhomogeneous shape after 1 dimensions. The detected shape was (11,) + inhomogeneous part.
INFO - 09/24/25 20:11:27 - 1:49:01 - Skipping line due to error: Expected 11 elements, got 10
INFO - 09/24/25 20:11:27 - 1:49:01 - Skipping line due to error: Expected 11 elements, got 10
INFO - 09/24/25 20:11:27 - 1:49:01 - Skipping line due to error: setting an array element with a sequence. The requested array has an inhomogeneous shape after 1 dimensions. The detected shape was (11,) + inhomogeneous part.
INFO - 09/24/25 20:11:27 - 1:49:01 - Skipping line due to error: Expected 11 elements, got 12
INFO - 09/24/25 20:11:27 - 1:49:01 - Skipping line due to error: setting an array element with a sequence. The requested array has an inhomogeneous shape after 1 dimensions. The detected shape was (11,) + inhomogeneous part.
INFO - 09/24/25 20:11:27 - 1:49:01 - Skipping line due to error: Expected 11 elements, got 12
INFO - 09/24/25 20:11:27 - 1:49:01 - Skipping line due to error: Expected 11 elements, got 12
INFO - 09/24/25 20:11:27 - 1:49:01 - Skipping line due to error: setting an array element with a sequence. The requested array has an inhomogeneous shape after 1 dimensions. The detected shape was (11,) + inhomogeneous part.
INFO - 09/24/25 20:11:27 - 1:49:01 - Skipping line due to error: setting an array element with a sequence. The requested array has an inhomogeneous shape after 1 dimensions. The detected shape was (11,) + inhomogeneous part.
INFO - 09/24/25 20:11:27 - 1:49:01 - Skipping line due to error: setting an array element with a sequence. The requested array has an inhomogeneous shape after 1 dimensions. The detected shape was (11,) + inhomogeneous part.
INFO - 09/24/25 20:11:27 - 1:49:01 - Skipping line due to error: Expected 11 elements, got 3
INFO - 09/24/25 20:11:27 - 1:49:01 - Skipping line due to error: Expected 11 elements, got 10
INFO - 09/24/25 20:11:27 - 1:49:01 - Skipping line due to error: setting an array element with a sequence. The requested array has an inhomogeneous shape after 1 dimensions. The detected shape was (11,) + inhomogeneous part.
INFO - 09/24/25 20:11:27 - 1:49:01 - Skipping line due to error: Expected 11 elements, got 9
INFO - 09/24/25 20:11:27 - 1:49:01 - Skipping line due to error: setting an array element with a sequence. The requested array has an inhomogeneous shape after 1 dimensions. The detected shape was (11,) + inhomogeneous part.
INFO - 09/24/25 20:11:27 - 1:49:01 - Skipping line due to error: setting an array element with a sequence. The requested array has an inhomogeneous shape after 1 dimensions. The detected shape was (11,) + inhomogeneous part.
INFO - 09/24/25 20:11:27 - 1:49:01 - Skipping line due to error: Expected 11 elements, got 12
INFO - 09/24/25 20:11:27 - 1:49:01 - Skipping line due to error: setting an array element with a sequence. The requested array has an inhomogeneous shape after 1 dimensions. The detected shape was (11,) + inhomogeneous part.
INFO - 09/24/25 20:11:27 - 1:49:01 - Skipping line due to error: Expected 11 elements, got 12
INFO - 09/24/25 20:11:27 - 1:49:01 - Skipping line due to error: setting an array element with a sequence. The requested array has an inhomogeneous shape after 1 dimensions. The detected shape was (11,) + inhomogeneous part.
INFO - 09/24/25 20:11:27 - 1:49:01 - Skipping line due to error: Expected 11 elements, got 12
INFO - 09/24/25 20:11:27 - 1:49:01 - Skipping line due to error: setting an array element with a sequence. The requested array has an inhomogeneous shape after 1 dimensions. The detected shape was (11,) + inhomogeneous part.
INFO - 09/24/25 20:11:27 - 1:49:01 - Skipping line due to error: Expected 11 elements, got 12
INFO - 09/24/25 20:11:27 - 1:49:01 - Skipping line due to error: setting an array element with a sequence. The requested array has an inhomogeneous shape after 1 dimensions. The detected shape was (11,) + inhomogeneous part.
INFO - 09/24/25 20:11:27 - 1:49:01 - Skipping line due to error: Expected 11 elements, got 12
INFO - 09/24/25 20:11:27 - 1:49:01 - Skipping line due to error: setting an array element with a sequence. The requested array has an inhomogeneous shape after 1 dimensions. The detected shape was (11,) + inhomogeneous part.
INFO - 09/24/25 20:11:27 - 1:49:01 - Skipping line due to error: Expected 11 elements, got 12
INFO - 09/24/25 20:11:27 - 1:49:01 - Skipping line due to error: Expected 11 elements, got 10
INFO - 09/24/25 20:11:27 - 1:49:01 - Skipping line due to error: Expected 11 elements, got 10
INFO - 09/24/25 20:11:27 - 1:49:01 - Skipping line due to error: Expected 11 elements, got 13
INFO - 09/24/25 20:11:27 - 1:49:01 - Skipping line due to error: Expected 11 elements, got 20
INFO - 09/24/25 20:11:27 - 1:49:01 - Skipping line due to error: Expected 11 elements, got 12
INFO - 09/24/25 20:11:27 - 1:49:01 - Skipping line due to error: setting an array element with a sequence. The requested array has an inhomogeneous shape after 1 dimensions. The detected shape was (11,) + inhomogeneous part.
INFO - 09/24/25 20:11:27 - 1:49:01 - Skipping line due to error: setting an array element with a sequence. The requested array has an inhomogeneous shape after 1 dimensions. The detected shape was (11,) + inhomogeneous part.
INFO - 09/24/25 20:11:27 - 1:49:01 - Skipping line due to error: setting an array element with a sequence. The requested array has an inhomogeneous shape after 1 dimensions. The detected shape was (11,) + inhomogeneous part.
INFO - 09/24/25 20:11:27 - 1:49:01 - Skipping line due to error: setting an array element with a sequence. The requested array has an inhomogeneous shape after 1 dimensions. The detected shape was (11,) + inhomogeneous part.
INFO - 09/24/25 20:11:27 - 1:49:02 - Skipping line due to error: Expected 11 elements, got 23
INFO - 09/24/25 20:11:27 - 1:49:02 - Skipping line due to error: Expected 11 elements, got 12
INFO - 09/24/25 20:11:27 - 1:49:02 - Skipping line due to error: Expected 11 elements, got 10
INFO - 09/24/25 20:11:27 - 1:49:02 - Skipping line due to error: setting an array element with a sequence. The requested array has an inhomogeneous shape after 1 dimensions. The detected shape was (11,) + inhomogeneous part.
INFO - 09/24/25 20:11:27 - 1:49:02 - Skipping line due to error: setting an array element with a sequence. The requested array has an inhomogeneous shape after 1 dimensions. The detected shape was (11,) + inhomogeneous part.
INFO - 09/24/25 20:11:27 - 1:49:02 - Skipping line due to error: Expected 11 elements, got 12
INFO - 09/24/25 20:11:27 - 1:49:02 - Skipping line due to error: Expected 11 elements, got 12
INFO - 09/24/25 20:11:27 - 1:49:02 - Skipping line due to error: Expected 11 elements, got 12
INFO - 09/24/25 20:11:27 - 1:49:02 - Skipping line due to error: Expected 11 elements, got 12
INFO - 09/24/25 20:11:27 - 1:49:02 - Skipping line due to error: Expected 11 elements, got 10
INFO - 09/24/25 20:11:27 - 1:49:02 - Skipping line due to error: setting an array element with a sequence. The requested array has an inhomogeneous shape after 1 dimensions. The detected shape was (11,) + inhomogeneous part.
INFO - 09/24/25 20:11:27 - 1:49:02 - Skipping line due to error: setting an array element with a sequence. The requested array has an inhomogeneous shape after 1 dimensions. The detected shape was (11,) + inhomogeneous part.
INFO - 09/24/25 20:11:27 - 1:49:02 - Skipping line due to error: Expected 11 elements, got 12
INFO - 09/24/25 20:11:27 - 1:49:02 - Skipping line due to error: Expected 11 elements, got 12
INFO - 09/24/25 20:11:27 - 1:49:02 - Skipping line due to error: setting an array element with a sequence. The requested array has an inhomogeneous shape after 1 dimensions. The detected shape was (11,) + inhomogeneous part.
INFO - 09/24/25 20:11:27 - 1:49:02 - Skipping line due to error: Expected 11 elements, got 10
INFO - 09/24/25 20:11:27 - 1:49:02 - Skipping line due to error: Expected 11 elements, got 10
INFO - 09/24/25 20:11:27 - 1:49:02 - Skipping line due to error: Expected 11 elements, got 12
INFO - 09/24/25 20:11:27 - 1:49:02 - Skipping line due to error: setting an array element with a sequence. The requested array has an inhomogeneous shape after 1 dimensions. The detected shape was (11,) + inhomogeneous part.
INFO - 09/24/25 20:11:27 - 1:49:02 - Skipping line due to error: Expected 11 elements, got 12
INFO - 09/24/25 20:11:27 - 1:49:02 - Skipping line due to error: setting an array element with a sequence. The requested array has an inhomogeneous shape after 1 dimensions. The detected shape was (11,) + inhomogeneous part.
INFO - 09/24/25 20:11:27 - 1:49:02 - Skipping line due to error: Expected 11 elements, got 25
INFO - 09/24/25 20:11:27 - 1:49:02 - Skipping line due to error: setting an array element with a sequence. The requested array has an inhomogeneous shape after 1 dimensions. The detected shape was (11,) + inhomogeneous part.
INFO - 09/24/25 20:11:27 - 1:49:02 - Skipping line due to error: Expected 11 elements, got 12
INFO - 09/24/25 20:11:27 - 1:49:02 - Skipping line due to error: setting an array element with a sequence. The requested array has an inhomogeneous shape after 1 dimensions. The detected shape was (11,) + inhomogeneous part.
INFO - 09/24/25 20:11:27 - 1:49:02 - Skipping line due to error: setting an array element with a sequence. The requested array has an inhomogeneous shape after 1 dimensions. The detected shape was (11,) + inhomogeneous part.
INFO - 09/24/25 20:11:27 - 1:49:02 - Skipping line due to error: Expected 11 elements, got 12
INFO - 09/24/25 20:11:27 - 1:49:02 - Skipping line due to error: Expected 11 elements, got 12
INFO - 09/24/25 20:11:27 - 1:49:02 - Skipping line due to error: setting an array element with a sequence. The requested array has an inhomogeneous shape after 1 dimensions. The detected shape was (11,) + inhomogeneous part.
INFO - 09/24/25 20:11:27 - 1:49:02 - Skipping line due to error: setting an array element with a sequence. The requested array has an inhomogeneous shape after 1 dimensions. The detected shape was (11,) + inhomogeneous part.
INFO - 09/24/25 20:11:27 - 1:49:02 - Skipping line due to error: Expected 11 elements, got 10
INFO - 09/24/25 20:11:27 - 1:49:02 - Skipping line due to error: setting an array element with a sequence. The requested array has an inhomogeneous shape after 1 dimensions. The detected shape was (11,) + inhomogeneous part.
INFO - 09/24/25 20:11:27 - 1:49:02 - Skipping line due to error: Expected 11 elements, got 13
INFO - 09/24/25 20:11:27 - 1:49:02 - Skipping line due to error: Expected 11 elements, got 7
INFO - 09/24/25 20:11:27 - 1:49:02 - Skipping line due to error: Expected 11 elements, got 12
INFO - 09/24/25 20:11:27 - 1:49:02 - Skipping line due to error: Expected 11 elements, got 13
INFO - 09/24/25 20:11:27 - 1:49:02 - Skipping line due to error: Expected 11 elements, got 12
INFO - 09/24/25 20:11:27 - 1:49:02 - Skipping line due to error: setting an array element with a sequence. The requested array has an inhomogeneous shape after 1 dimensions. The detected shape was (11,) + inhomogeneous part.
INFO - 09/24/25 20:11:27 - 1:49:02 - Skipping line due to error: setting an array element with a sequence. The requested array has an inhomogeneous shape after 1 dimensions. The detected shape was (11,) + inhomogeneous part.
INFO - 09/24/25 20:11:27 - 1:49:02 - Skipping line due to error: setting an array element with a sequence. The requested array has an inhomogeneous shape after 1 dimensions. The detected shape was (11,) + inhomogeneous part.
INFO - 09/24/25 20:11:27 - 1:49:02 - Skipping line due to error: Expected 11 elements, got 12
INFO - 09/24/25 20:11:27 - 1:49:02 - Skipping line due to error: Expected 11 elements, got 13
INFO - 09/24/25 20:11:27 - 1:49:02 - Skipping line due to error: Expected 11 elements, got 12
INFO - 09/24/25 20:11:27 - 1:49:02 - Skipping line due to error: setting an array element with a sequence. The requested array has an inhomogeneous shape after 1 dimensions. The detected shape was (11,) + inhomogeneous part.
INFO - 09/24/25 20:11:27 - 1:49:02 - Skipping line due to error: setting an array element with a sequence. The requested array has an inhomogeneous shape after 1 dimensions. The detected shape was (11,) + inhomogeneous part.
INFO - 09/24/25 20:11:27 - 1:49:02 - Skipping line due to error: Expected 11 elements, got 12
INFO - 09/24/25 20:11:27 - 1:49:02 - Skipping line due to error: setting an array element with a sequence. The requested array has an inhomogeneous shape after 1 dimensions. The detected shape was (11,) + inhomogeneous part.
INFO - 09/24/25 20:11:27 - 1:49:02 - Skipping line due to error: Expected 11 elements, got 12
INFO - 09/24/25 20:11:27 - 1:49:02 - Skipping line due to error: Expected 11 elements, got 12
INFO - 09/24/25 20:11:27 - 1:49:02 - Skipping line due to error: Expected 11 elements, got 12
INFO - 09/24/25 20:11:27 - 1:49:02 - Skipping line due to error: setting an array element with a sequence. The requested array has an inhomogeneous shape after 1 dimensions. The detected shape was (11,) + inhomogeneous part.
INFO - 09/24/25 20:11:27 - 1:49:02 - Skipping line due to error: Expected 11 elements, got 13
INFO - 09/24/25 20:11:27 - 1:49:02 - Skipping line due to error: setting an array element with a sequence. The requested array has an inhomogeneous shape after 1 dimensions. The detected shape was (11,) + inhomogeneous part.
INFO - 09/24/25 20:11:27 - 1:49:02 - Skipping line due to error: Expected 11 elements, got 12
INFO - 09/24/25 20:11:27 - 1:49:02 - Skipping line due to error: setting an array element with a sequence. The requested array has an inhomogeneous shape after 1 dimensions. The detected shape was (11,) + inhomogeneous part.
INFO - 09/24/25 20:11:27 - 1:49:02 - Skipping line due to error: setting an array element with a sequence. The requested array has an inhomogeneous shape after 1 dimensions. The detected shape was (11,) + inhomogeneous part.
INFO - 09/24/25 20:11:27 - 1:49:02 - Skipping line due to error: setting an array element with a sequence. The requested array has an inhomogeneous shape after 1 dimensions. The detected shape was (11,) + inhomogeneous part.
INFO - 09/24/25 20:11:27 - 1:49:02 - Skipping line due to error: Expected 11 elements, got 9
INFO - 09/24/25 20:11:27 - 1:49:02 - Skipping line due to error: setting an array element with a sequence. The requested array has an inhomogeneous shape after 1 dimensions. The detected shape was (11,) + inhomogeneous part.
INFO - 09/24/25 20:11:27 - 1:49:02 - Skipping line due to error: setting an array element with a sequence. The requested array has an inhomogeneous shape after 1 dimensions. The detected shape was (11,) + inhomogeneous part.
INFO - 09/24/25 20:11:27 - 1:49:02 - Skipping line due to error: setting an array element with a sequence. The requested array has an inhomogeneous shape after 1 dimensions. The detected shape was (11,) + inhomogeneous part.
INFO - 09/24/25 20:11:27 - 1:49:02 - Skipping line due to error: setting an array element with a sequence. The requested array has an inhomogeneous shape after 1 dimensions. The detected shape was (11,) + inhomogeneous part.
INFO - 09/24/25 20:11:27 - 1:49:02 - Skipping line due to error: setting an array element with a sequence. The requested array has an inhomogeneous shape after 1 dimensions. The detected shape was (11,) + inhomogeneous part.
INFO - 09/24/25 20:11:27 - 1:49:02 - Skipping line due to error: Expected 11 elements, got 13
INFO - 09/24/25 20:11:27 - 1:49:02 - Skipping line due to error: setting an array element with a sequence. The requested array has an inhomogeneous shape after 1 dimensions. The detected shape was (11,) + inhomogeneous part.
INFO - 09/24/25 20:11:27 - 1:49:02 - Skipping line due to error: Expected 11 elements, got 12
INFO - 09/24/25 20:11:27 - 1:49:02 - Skipping line due to error: Expected 11 elements, got 12
INFO - 09/24/25 20:11:27 - 1:49:02 - Skipping line due to error: Expected 11 elements, got 12
INFO - 09/24/25 20:11:27 - 1:49:02 - Skipping line due to error: setting an array element with a sequence. The requested array has an inhomogeneous shape after 1 dimensions. The detected shape was (11,) + inhomogeneous part.
INFO - 09/24/25 20:11:27 - 1:49:02 - Skipping line due to error: Expected 11 elements, got 13
INFO - 09/24/25 20:11:27 - 1:49:02 - Skipping line due to error: setting an array element with a sequence. The requested array has an inhomogeneous shape after 1 dimensions. The detected shape was (11,) + inhomogeneous part.
INFO - 09/24/25 20:11:27 - 1:49:02 - Skipping line due to error: setting an array element with a sequence. The requested array has an inhomogeneous shape after 1 dimensions. The detected shape was (11,) + inhomogeneous part.
INFO - 09/24/25 20:11:27 - 1:49:02 - Skipping line due to error: Expected 11 elements, got 12
INFO - 09/24/25 20:11:27 - 1:49:02 - Skipping line due to error: setting an array element with a sequence. The requested array has an inhomogeneous shape after 1 dimensions. The detected shape was (11,) + inhomogeneous part.
INFO - 09/24/25 20:11:27 - 1:49:02 - Skipping line due to error: setting an array element with a sequence. The requested array has an inhomogeneous shape after 1 dimensions. The detected shape was (11,) + inhomogeneous part.
INFO - 09/24/25 20:11:27 - 1:49:02 - Skipping line due to error: setting an array element with a sequence. The requested array has an inhomogeneous shape after 1 dimensions. The detected shape was (11,) + inhomogeneous part.
INFO - 09/24/25 20:11:27 - 1:49:02 - Skipping line due to error: Expected 11 elements, got 12
INFO - 09/24/25 20:11:27 - 1:49:02 - Skipping line due to error: setting an array element with a sequence. The requested array has an inhomogeneous shape after 1 dimensions. The detected shape was (11,) + inhomogeneous part.
INFO - 09/24/25 20:11:27 - 1:49:02 - Skipping line due to error: Expected 11 elements, got 14
INFO - 09/24/25 20:11:27 - 1:49:02 - Skipping line due to error: Expected 11 elements, got 13
INFO - 09/24/25 20:11:27 - 1:49:02 - Skipping line due to error: Expected 11 elements, got 9
INFO - 09/24/25 20:11:27 - 1:49:02 - Skipping line due to error: setting an array element with a sequence. The requested array has an inhomogeneous shape after 1 dimensions. The detected shape was (11,) + inhomogeneous part.
INFO - 09/24/25 20:11:27 - 1:49:02 - Skipping line due to error: setting an array element with a sequence. The requested array has an inhomogeneous shape after 1 dimensions. The detected shape was (11,) + inhomogeneous part.
INFO - 09/24/25 20:11:27 - 1:49:02 - Skipping line due to error: setting an array element with a sequence. The requested array has an inhomogeneous shape after 1 dimensions. The detected shape was (11,) + inhomogeneous part.
INFO - 09/24/25 20:11:27 - 1:49:02 - Skipping line due to error: Expected 11 elements, got 13
INFO - 09/24/25 20:11:27 - 1:49:02 - Skipping line due to error: Expected 11 elements, got 12
INFO - 09/24/25 20:11:27 - 1:49:02 - Skipping line due to error: setting an array element with a sequence. The requested array has an inhomogeneous shape after 1 dimensions. The detected shape was (11,) + inhomogeneous part.
INFO - 09/24/25 20:11:27 - 1:49:02 - Skipping line due to error: setting an array element with a sequence. The requested array has an inhomogeneous shape after 1 dimensions. The detected shape was (11,) + inhomogeneous part.
INFO - 09/24/25 20:11:27 - 1:49:02 - Skipping line due to error: setting an array element with a sequence. The requested array has an inhomogeneous shape after 1 dimensions. The detected shape was (11,) + inhomogeneous part.
INFO - 09/24/25 20:11:27 - 1:49:02 - Skipping line due to error: setting an array element with a sequence. The requested array has an inhomogeneous shape after 1 dimensions. The detected shape was (11,) + inhomogeneous part.
INFO - 09/24/25 20:11:27 - 1:49:02 - Skipping line due to error: Expected 11 elements, got 10
INFO - 09/24/25 20:11:27 - 1:49:02 - Skipping line due to error: Expected 11 elements, got 12
INFO - 09/24/25 20:11:27 - 1:49:02 - Skipping line due to error: Expected 11 elements, got 12
INFO - 09/24/25 20:11:27 - 1:49:02 - Skipping line due to error: Expected 11 elements, got 12
INFO - 09/24/25 20:11:27 - 1:49:02 - Skipping line due to error: setting an array element with a sequence. The requested array has an inhomogeneous shape after 1 dimensions. The detected shape was (11,) + inhomogeneous part.
INFO - 09/24/25 20:11:27 - 1:49:02 - Skipping line due to error: setting an array element with a sequence. The requested array has an inhomogeneous shape after 1 dimensions. The detected shape was (11,) + inhomogeneous part.
INFO - 09/24/25 20:11:27 - 1:49:02 - Skipping line due to error: Expected 11 elements, got 10
INFO - 09/24/25 20:11:27 - 1:49:02 - Skipping line due to error: Expected 11 elements, got 13
INFO - 09/24/25 20:11:27 - 1:49:02 - Skipping line due to error: Expected 11 elements, got 14
INFO - 09/24/25 20:11:27 - 1:49:02 - Skipping line due to error: Expected 11 elements, got 12
INFO - 09/24/25 20:11:27 - 1:49:02 - Skipping line due to error: setting an array element with a sequence. The requested array has an inhomogeneous shape after 1 dimensions. The detected shape was (11,) + inhomogeneous part.
INFO - 09/24/25 20:11:27 - 1:49:02 - Skipping line due to error: setting an array element with a sequence. The requested array has an inhomogeneous shape after 1 dimensions. The detected shape was (11,) + inhomogeneous part.
INFO - 09/24/25 20:11:27 - 1:49:02 - Skipping line due to error: Expected 11 elements, got 10
INFO - 09/24/25 20:11:27 - 1:49:02 - Skipping line due to error: setting an array element with a sequence. The requested array has an inhomogeneous shape after 1 dimensions. The detected shape was (11,) + inhomogeneous part.
INFO - 09/24/25 20:11:27 - 1:49:02 - Skipping line due to error: setting an array element with a sequence. The requested array has an inhomogeneous shape after 1 dimensions. The detected shape was (11,) + inhomogeneous part.
INFO - 09/24/25 20:11:27 - 1:49:02 - Skipping line due to error: setting an array element with a sequence. The requested array has an inhomogeneous shape after 1 dimensions. The detected shape was (11,) + inhomogeneous part.
INFO - 09/24/25 20:11:27 - 1:49:02 - Skipping line due to error: setting an array element with a sequence. The requested array has an inhomogeneous shape after 1 dimensions. The detected shape was (11,) + inhomogeneous part.
INFO - 09/24/25 20:11:27 - 1:49:02 - Skipping line due to error: Expected 11 elements, got 10
INFO - 09/24/25 20:11:27 - 1:49:02 - Skipping line due to error: Expected 11 elements, got 12
INFO - 09/24/25 20:11:27 - 1:49:02 - Skipping line due to error: Expected 11 elements, got 12
INFO - 09/24/25 20:11:27 - 1:49:02 - Skipping line due to error: setting an array element with a sequence. The requested array has an inhomogeneous shape after 1 dimensions. The detected shape was (11,) + inhomogeneous part.
INFO - 09/24/25 20:11:27 - 1:49:02 - Skipping line due to error: Expected 11 elements, got 14
INFO - 09/24/25 20:11:27 - 1:49:02 - Skipping line due to error: setting an array element with a sequence. The requested array has an inhomogeneous shape after 1 dimensions. The detected shape was (11,) + inhomogeneous part.
INFO - 09/24/25 20:11:27 - 1:49:02 - Skipping line due to error: Expected 11 elements, got 22
INFO - 09/24/25 20:11:27 - 1:49:02 - Skipping line due to error: setting an array element with a sequence. The requested array has an inhomogeneous shape after 1 dimensions. The detected shape was (11,) + inhomogeneous part.
INFO - 09/24/25 20:11:27 - 1:49:02 - Skipping line due to error: Expected 11 elements, got 12
INFO - 09/24/25 20:11:27 - 1:49:02 - Skipping line due to error: Expected 11 elements, got 13
INFO - 09/24/25 20:11:27 - 1:49:02 - Skipping line due to error: setting an array element with a sequence. The requested array has an inhomogeneous shape after 1 dimensions. The detected shape was (11,) + inhomogeneous part.
INFO - 09/24/25 20:11:27 - 1:49:02 - Skipping line due to error: Expected 11 elements, got 13
INFO - 09/24/25 20:11:27 - 1:49:02 - Skipping line due to error: Expected 11 elements, got 12
INFO - 09/24/25 20:11:27 - 1:49:02 - Skipping line due to error: setting an array element with a sequence. The requested array has an inhomogeneous shape after 1 dimensions. The detected shape was (11,) + inhomogeneous part.
INFO - 09/24/25 20:11:27 - 1:49:02 - Skipping line due to error: Expected 11 elements, got 13
INFO - 09/24/25 20:11:27 - 1:49:02 - Skipping line due to error: Expected 11 elements, got 12
INFO - 09/24/25 20:11:27 - 1:49:02 - Skipping line due to error: Expected 11 elements, got 10
INFO - 09/24/25 20:11:32 - 1:49:07 - distribution of scores(all rounds)
INFO - 09/24/25 20:11:32 - 1:49:07 - Score:891.0, Count:1
                                     
INFO - 09/24/25 20:11:32 - 1:49:07 - Score:816.0, Count:2
                                     
INFO - 09/24/25 20:11:32 - 1:49:07 - Score:807.0, Count:1
                                     
INFO - 09/24/25 20:11:32 - 1:49:07 - Score:805.0, Count:1
                                     
INFO - 09/24/25 20:11:32 - 1:49:07 - Score:801.0, Count:1
                                     
INFO - 09/24/25 20:11:32 - 1:49:07 - Score:800.0, Count:1
                                     
INFO - 09/24/25 20:11:32 - 1:49:07 - Score:798.0, Count:3
                                     
INFO - 09/24/25 20:11:32 - 1:49:07 - Score:793.0, Count:1
                                     
INFO - 09/24/25 20:11:32 - 1:49:07 - Score:780.0, Count:1
                                     
INFO - 09/24/25 20:11:32 - 1:49:07 - Score:776.0, Count:1
                                     
INFO - 09/24/25 20:11:32 - 1:49:07 - Score:774.0, Count:1
                                     
INFO - 09/24/25 20:11:32 - 1:49:07 - Score:769.0, Count:1
                                     
INFO - 09/24/25 20:11:32 - 1:49:07 - Score:654.0, Count:0
                                     
INFO - 09/24/25 20:11:32 - 1:49:07 - Score:576.0, Count:0
                                     
INFO - 09/24/25 20:11:32 - 1:49:07 - tokenizing
INFO - 09/24/25 20:11:32 - 1:49:07 - Loading tokenizer from /home/yuebi/Project/dim11_run/dim11_run_23/7787/tokenizer_data/tokenizer.json...
INFO - 09/24/25 20:11:32 - 1:49:07 - 0 / 15
INFO - 09/24/25 20:11:32 - 1:49:07 - number of examples in the dataset: 15
INFO - 09/24/25 20:11:32 - 1:49:07 - max word length: 61
INFO - 09/24/25 20:11:32 - 1:49:07 - number of unique characters in the vocabulary: 15
INFO - 09/24/25 20:11:32 - 1:49:07 - vocabulary:
INFO - 09/24/25 20:11:32 - 1:49:07 - ['V0', 'V1', 'V2', 'V3', 'V4', 'V5', 'V6', 'V7', 'V8', 'V9', 'V10', 'V11', 'V12', 'V13', 'V14']
INFO - 09/24/25 20:11:32 - 1:49:07 - split up the dataset into 14 training examples and 1 test examples
INFO - 09/24/25 20:11:32 - 1:49:07 - ============ Start of generation 6 ============
INFO - 09/24/25 20:11:32 - 1:49:07 - Memory allocated:  41.64MB, reserved: 1854.00MB
INFO - 09/24/25 20:11:32 - 1:49:07 - training
INFO - 09/24/25 20:11:33 - 1:49:07 - step 0 | loss 6.8096 | step time 98.69ms
INFO - 09/24/25 20:11:42 - 1:49:16 - step 100 | loss 0.0658 | step time 92.38ms
INFO - 09/24/25 20:11:51 - 1:49:26 - step 200 | loss 0.0487 | step time 92.78ms
INFO - 09/24/25 20:12:01 - 1:49:35 - step 300 | loss 0.0497 | step time 92.54ms
INFO - 09/24/25 20:12:10 - 1:49:44 - step 400 | loss 0.0472 | step time 92.56ms
INFO - 09/24/25 20:12:19 - 1:49:53 - step 500 | loss 0.0474 | step time 92.60ms
INFO - 09/24/25 20:12:19 - 1:49:53 - step 500 train loss: 0.04908334091305733 test loss: 5.779373645782471
INFO - 09/24/25 20:12:19 - 1:49:53 - test loss 5.779373645782471 is the best so far, saving model to /home/yuebi/Project/dim11_run/dim11_run_23/7787/model.pt
INFO - 09/24/25 20:12:28 - 1:50:03 - step 600 | loss 0.0458 | step time 92.62ms
INFO - 09/24/25 20:12:38 - 1:50:12 - step 700 | loss 0.0470 | step time 92.87ms
INFO - 09/24/25 20:12:47 - 1:50:21 - step 800 | loss 0.0480 | step time 92.66ms
INFO - 09/24/25 20:12:56 - 1:50:31 - step 900 | loss 0.0468 | step time 92.73ms
INFO - 09/24/25 20:13:05 - 1:50:40 - Memory allocated:  41.64MB, reserved: 1854.00MB
INFO - 09/24/25 20:13:05 - 1:50:40 - generating
INFO - 09/24/25 20:33:00 - 2:10:34 - distribution of sample lengths: average: 175.8648 max: 414
INFO - 09/24/25 20:33:00 - 2:10:34 - printed 30000 samples
INFO - 09/24/25 20:33:00 - 2:10:34 - decoding
INFO - 09/24/25 20:33:00 - 2:10:34 - Decoding complete. Check the output in /home/yuebi/Project/dim11_run/dim11_run_23/7787/transformer-output-decoded.txt
INFO - 09/24/25 20:33:00 - 2:10:34 - Memory allocated:  41.64MB, reserved: 1854.00MB
INFO - 09/24/25 20:33:00 - 2:10:34 - ============ End of generation 6 ============
INFO - 09/24/25 20:33:00 - 2:10:34 - launching search.jl
INFO - 09/24/25 20:33:00 - 2:10:34 - JULIA_NUM_THREADS is set to 1
INFO - 09/24/25 20:33:00 - 2:10:35 - Skipping line due to error: setting an array element with a sequence. The requested array has an inhomogeneous shape after 1 dimensions. The detected shape was (11,) + inhomogeneous part.
INFO - 09/24/25 20:33:00 - 2:10:35 - Skipping line due to error: Expected 11 elements, got 7
INFO - 09/24/25 20:33:00 - 2:10:35 - Skipping line due to error: Expected 11 elements, got 10
INFO - 09/24/25 20:33:00 - 2:10:35 - Skipping line due to error: setting an array element with a sequence. The requested array has an inhomogeneous shape after 1 dimensions. The detected shape was (11,) + inhomogeneous part.
INFO - 09/24/25 20:33:00 - 2:10:35 - Skipping line due to error: setting an array element with a sequence. The requested array has an inhomogeneous shape after 1 dimensions. The detected shape was (11,) + inhomogeneous part.
INFO - 09/24/25 20:33:00 - 2:10:35 - Skipping line due to error: setting an array element with a sequence. The requested array has an inhomogeneous shape after 1 dimensions. The detected shape was (11,) + inhomogeneous part.
INFO - 09/24/25 20:33:00 - 2:10:35 - Skipping line due to error: setting an array element with a sequence. The requested array has an inhomogeneous shape after 1 dimensions. The detected shape was (11,) + inhomogeneous part.
INFO - 09/24/25 20:33:00 - 2:10:35 - Skipping line due to error: setting an array element with a sequence. The requested array has an inhomogeneous shape after 1 dimensions. The detected shape was (11,) + inhomogeneous part.
INFO - 09/24/25 20:33:00 - 2:10:35 - Skipping line due to error: setting an array element with a sequence. The requested array has an inhomogeneous shape after 1 dimensions. The detected shape was (11,) + inhomogeneous part.
INFO - 09/24/25 20:33:00 - 2:10:35 - Skipping line due to error: Expected 11 elements, got 10
INFO - 09/24/25 20:33:00 - 2:10:35 - Skipping line due to error: setting an array element with a sequence. The requested array has an inhomogeneous shape after 1 dimensions. The detected shape was (11,) + inhomogeneous part.
INFO - 09/24/25 20:33:00 - 2:10:35 - Skipping line due to error: Expected 11 elements, got 10
INFO - 09/24/25 20:33:00 - 2:10:35 - Skipping line due to error: setting an array element with a sequence. The requested array has an inhomogeneous shape after 1 dimensions. The detected shape was (11,) + inhomogeneous part.
INFO - 09/24/25 20:33:00 - 2:10:35 - Skipping line due to error: setting an array element with a sequence. The requested array has an inhomogeneous shape after 1 dimensions. The detected shape was (11,) + inhomogeneous part.
INFO - 09/24/25 20:33:00 - 2:10:35 - Skipping line due to error: Expected 11 elements, got 13
INFO - 09/24/25 20:33:00 - 2:10:35 - Skipping line due to error: setting an array element with a sequence. The requested array has an inhomogeneous shape after 1 dimensions. The detected shape was (11,) + inhomogeneous part.
INFO - 09/24/25 20:33:00 - 2:10:35 - Skipping line due to error: setting an array element with a sequence. The requested array has an inhomogeneous shape after 1 dimensions. The detected shape was (11,) + inhomogeneous part.
INFO - 09/24/25 20:33:00 - 2:10:35 - Skipping line due to error: Expected 11 elements, got 12
INFO - 09/24/25 20:33:00 - 2:10:35 - Skipping line due to error: setting an array element with a sequence. The requested array has an inhomogeneous shape after 1 dimensions. The detected shape was (11,) + inhomogeneous part.
INFO - 09/24/25 20:33:00 - 2:10:35 - Skipping line due to error: setting an array element with a sequence. The requested array has an inhomogeneous shape after 1 dimensions. The detected shape was (11,) + inhomogeneous part.
INFO - 09/24/25 20:33:00 - 2:10:35 - Skipping line due to error: setting an array element with a sequence. The requested array has an inhomogeneous shape after 1 dimensions. The detected shape was (11,) + inhomogeneous part.
INFO - 09/24/25 20:33:00 - 2:10:35 - Skipping line due to error: setting an array element with a sequence. The requested array has an inhomogeneous shape after 1 dimensions. The detected shape was (11,) + inhomogeneous part.
INFO - 09/24/25 20:33:00 - 2:10:35 - Skipping line due to error: setting an array element with a sequence. The requested array has an inhomogeneous shape after 1 dimensions. The detected shape was (11,) + inhomogeneous part.
INFO - 09/24/25 20:33:00 - 2:10:35 - Skipping line due to error: Expected 11 elements, got 12
INFO - 09/24/25 20:33:00 - 2:10:35 - Skipping line due to error: setting an array element with a sequence. The requested array has an inhomogeneous shape after 1 dimensions. The detected shape was (11,) + inhomogeneous part.
INFO - 09/24/25 20:33:00 - 2:10:35 - Skipping line due to error: setting an array element with a sequence. The requested array has an inhomogeneous shape after 1 dimensions. The detected shape was (11,) + inhomogeneous part.
INFO - 09/24/25 20:33:00 - 2:10:35 - Skipping line due to error: Expected 11 elements, got 10
INFO - 09/24/25 20:33:00 - 2:10:35 - Skipping line due to error: Expected 11 elements, got 10
INFO - 09/24/25 20:33:00 - 2:10:35 - Skipping line due to error: Expected 11 elements, got 10
INFO - 09/24/25 20:33:00 - 2:10:35 - Skipping line due to error: Expected 11 elements, got 10
INFO - 09/24/25 20:33:00 - 2:10:35 - Skipping line due to error: Expected 11 elements, got 12
INFO - 09/24/25 20:33:00 - 2:10:35 - Skipping line due to error: setting an array element with a sequence. The requested array has an inhomogeneous shape after 1 dimensions. The detected shape was (11,) + inhomogeneous part.
INFO - 09/24/25 20:33:00 - 2:10:35 - Skipping line due to error: setting an array element with a sequence. The requested array has an inhomogeneous shape after 1 dimensions. The detected shape was (11,) + inhomogeneous part.
INFO - 09/24/25 20:33:00 - 2:10:35 - Skipping line due to error: setting an array element with a sequence. The requested array has an inhomogeneous shape after 1 dimensions. The detected shape was (11,) + inhomogeneous part.
INFO - 09/24/25 20:33:00 - 2:10:35 - Skipping line due to error: setting an array element with a sequence. The requested array has an inhomogeneous shape after 1 dimensions. The detected shape was (11,) + inhomogeneous part.
INFO - 09/24/25 20:33:00 - 2:10:35 - Skipping line due to error: setting an array element with a sequence. The requested array has an inhomogeneous shape after 1 dimensions. The detected shape was (11,) + inhomogeneous part.
INFO - 09/24/25 20:33:00 - 2:10:35 - Skipping line due to error: setting an array element with a sequence. The requested array has an inhomogeneous shape after 1 dimensions. The detected shape was (11,) + inhomogeneous part.
INFO - 09/24/25 20:33:00 - 2:10:35 - Skipping line due to error: Expected 11 elements, got 12
INFO - 09/24/25 20:33:00 - 2:10:35 - Skipping line due to error: Expected 11 elements, got 12
INFO - 09/24/25 20:33:00 - 2:10:35 - Skipping line due to error: setting an array element with a sequence. The requested array has an inhomogeneous shape after 1 dimensions. The detected shape was (11,) + inhomogeneous part.
INFO - 09/24/25 20:33:00 - 2:10:35 - Skipping line due to error: setting an array element with a sequence. The requested array has an inhomogeneous shape after 1 dimensions. The detected shape was (11,) + inhomogeneous part.
INFO - 09/24/25 20:33:00 - 2:10:35 - Skipping line due to error: setting an array element with a sequence. The requested array has an inhomogeneous shape after 1 dimensions. The detected shape was (11,) + inhomogeneous part.
INFO - 09/24/25 20:33:00 - 2:10:35 - Skipping line due to error: setting an array element with a sequence. The requested array has an inhomogeneous shape after 1 dimensions. The detected shape was (11,) + inhomogeneous part.
INFO - 09/24/25 20:33:00 - 2:10:35 - Skipping line due to error: setting an array element with a sequence. The requested array has an inhomogeneous shape after 1 dimensions. The detected shape was (11,) + inhomogeneous part.
INFO - 09/24/25 20:33:00 - 2:10:35 - Skipping line due to error: setting an array element with a sequence. The requested array has an inhomogeneous shape after 1 dimensions. The detected shape was (11,) + inhomogeneous part.
INFO - 09/24/25 20:33:00 - 2:10:35 - Skipping line due to error: setting an array element with a sequence. The requested array has an inhomogeneous shape after 1 dimensions. The detected shape was (11,) + inhomogeneous part.
INFO - 09/24/25 20:33:00 - 2:10:35 - Skipping line due to error: Expected 11 elements, got 10
INFO - 09/24/25 20:33:00 - 2:10:35 - Skipping line due to error: Expected 11 elements, got 10
INFO - 09/24/25 20:33:00 - 2:10:35 - Skipping line due to error: setting an array element with a sequence. The requested array has an inhomogeneous shape after 1 dimensions. The detected shape was (11,) + inhomogeneous part.
INFO - 09/24/25 20:33:00 - 2:10:35 - Skipping line due to error: setting an array element with a sequence. The requested array has an inhomogeneous shape after 1 dimensions. The detected shape was (11,) + inhomogeneous part.
INFO - 09/24/25 20:33:00 - 2:10:35 - Skipping line due to error: setting an array element with a sequence. The requested array has an inhomogeneous shape after 1 dimensions. The detected shape was (11,) + inhomogeneous part.
INFO - 09/24/25 20:33:00 - 2:10:35 - Skipping line due to error: setting an array element with a sequence. The requested array has an inhomogeneous shape after 1 dimensions. The detected shape was (11,) + inhomogeneous part.
INFO - 09/24/25 20:33:00 - 2:10:35 - Skipping line due to error: Expected 11 elements, got 10
INFO - 09/24/25 20:33:00 - 2:10:35 - Skipping line due to error: Expected 11 elements, got 12
INFO - 09/24/25 20:33:00 - 2:10:35 - Skipping line due to error: Expected 11 elements, got 10
INFO - 09/24/25 20:33:00 - 2:10:35 - Skipping line due to error: setting an array element with a sequence. The requested array has an inhomogeneous shape after 1 dimensions. The detected shape was (11,) + inhomogeneous part.
INFO - 09/24/25 20:33:00 - 2:10:35 - Skipping line due to error: setting an array element with a sequence. The requested array has an inhomogeneous shape after 1 dimensions. The detected shape was (11,) + inhomogeneous part.
INFO - 09/24/25 20:33:00 - 2:10:35 - Skipping line due to error: setting an array element with a sequence. The requested array has an inhomogeneous shape after 1 dimensions. The detected shape was (11,) + inhomogeneous part.
INFO - 09/24/25 20:33:00 - 2:10:35 - Skipping line due to error: Expected 11 elements, got 10
INFO - 09/24/25 20:33:00 - 2:10:35 - Skipping line due to error: Expected 11 elements, got 14
INFO - 09/24/25 20:33:00 - 2:10:35 - Skipping line due to error: setting an array element with a sequence. The requested array has an inhomogeneous shape after 1 dimensions. The detected shape was (11,) + inhomogeneous part.
INFO - 09/24/25 20:33:00 - 2:10:35 - Skipping line due to error: setting an array element with a sequence. The requested array has an inhomogeneous shape after 1 dimensions. The detected shape was (11,) + inhomogeneous part.
INFO - 09/24/25 20:33:00 - 2:10:35 - Skipping line due to error: Expected 11 elements, got 10
INFO - 09/24/25 20:33:00 - 2:10:35 - Skipping line due to error: Expected 11 elements, got 10
INFO - 09/24/25 20:33:00 - 2:10:35 - Skipping line due to error: Expected 11 elements, got 10
INFO - 09/24/25 20:33:00 - 2:10:35 - Skipping line due to error: Expected 11 elements, got 10
INFO - 09/24/25 20:33:00 - 2:10:35 - Skipping line due to error: setting an array element with a sequence. The requested array has an inhomogeneous shape after 1 dimensions. The detected shape was (11,) + inhomogeneous part.
INFO - 09/24/25 20:33:00 - 2:10:35 - Skipping line due to error: setting an array element with a sequence. The requested array has an inhomogeneous shape after 1 dimensions. The detected shape was (11,) + inhomogeneous part.
INFO - 09/24/25 20:33:00 - 2:10:35 - Skipping line due to error: setting an array element with a sequence. The requested array has an inhomogeneous shape after 1 dimensions. The detected shape was (11,) + inhomogeneous part.
INFO - 09/24/25 20:33:00 - 2:10:35 - Skipping line due to error: setting an array element with a sequence. The requested array has an inhomogeneous shape after 1 dimensions. The detected shape was (11,) + inhomogeneous part.
INFO - 09/24/25 20:33:00 - 2:10:35 - Skipping line due to error: setting an array element with a sequence. The requested array has an inhomogeneous shape after 1 dimensions. The detected shape was (11,) + inhomogeneous part.
INFO - 09/24/25 20:33:00 - 2:10:35 - Skipping line due to error: Expected 11 elements, got 13
INFO - 09/24/25 20:33:00 - 2:10:35 - Skipping line due to error: setting an array element with a sequence. The requested array has an inhomogeneous shape after 1 dimensions. The detected shape was (11,) + inhomogeneous part.
INFO - 09/24/25 20:33:00 - 2:10:35 - Skipping line due to error: setting an array element with a sequence. The requested array has an inhomogeneous shape after 1 dimensions. The detected shape was (11,) + inhomogeneous part.
INFO - 09/24/25 20:33:00 - 2:10:35 - Skipping line due to error: setting an array element with a sequence. The requested array has an inhomogeneous shape after 1 dimensions. The detected shape was (11,) + inhomogeneous part.
INFO - 09/24/25 20:33:00 - 2:10:35 - Skipping line due to error: Expected 11 elements, got 13
INFO - 09/24/25 20:33:00 - 2:10:35 - Skipping line due to error: setting an array element with a sequence. The requested array has an inhomogeneous shape after 1 dimensions. The detected shape was (11,) + inhomogeneous part.
INFO - 09/24/25 20:33:00 - 2:10:35 - Skipping line due to error: setting an array element with a sequence. The requested array has an inhomogeneous shape after 1 dimensions. The detected shape was (11,) + inhomogeneous part.
INFO - 09/24/25 20:33:00 - 2:10:35 - Skipping line due to error: setting an array element with a sequence. The requested array has an inhomogeneous shape after 1 dimensions. The detected shape was (11,) + inhomogeneous part.
INFO - 09/24/25 20:33:00 - 2:10:35 - Skipping line due to error: setting an array element with a sequence. The requested array has an inhomogeneous shape after 1 dimensions. The detected shape was (11,) + inhomogeneous part.
INFO - 09/24/25 20:33:00 - 2:10:35 - Skipping line due to error: Expected 11 elements, got 12
INFO - 09/24/25 20:33:00 - 2:10:35 - Skipping line due to error: setting an array element with a sequence. The requested array has an inhomogeneous shape after 1 dimensions. The detected shape was (11,) + inhomogeneous part.
INFO - 09/24/25 20:33:00 - 2:10:35 - Skipping line due to error: Expected 11 elements, got 12
INFO - 09/24/25 20:33:00 - 2:10:35 - Skipping line due to error: setting an array element with a sequence. The requested array has an inhomogeneous shape after 1 dimensions. The detected shape was (11,) + inhomogeneous part.
INFO - 09/24/25 20:33:00 - 2:10:35 - Skipping line due to error: setting an array element with a sequence. The requested array has an inhomogeneous shape after 1 dimensions. The detected shape was (11,) + inhomogeneous part.
INFO - 09/24/25 20:33:00 - 2:10:35 - Skipping line due to error: setting an array element with a sequence. The requested array has an inhomogeneous shape after 1 dimensions. The detected shape was (11,) + inhomogeneous part.
INFO - 09/24/25 20:33:00 - 2:10:35 - Skipping line due to error: Expected 11 elements, got 12
INFO - 09/24/25 20:33:00 - 2:10:35 - Skipping line due to error: Expected 11 elements, got 9
INFO - 09/24/25 20:33:00 - 2:10:35 - Skipping line due to error: Expected 11 elements, got 10
INFO - 09/24/25 20:33:00 - 2:10:35 - Skipping line due to error: Expected 11 elements, got 10
INFO - 09/24/25 20:33:00 - 2:10:35 - Skipping line due to error: Expected 11 elements, got 10
INFO - 09/24/25 20:33:00 - 2:10:35 - Skipping line due to error: Expected 11 elements, got 10
INFO - 09/24/25 20:33:00 - 2:10:35 - Skipping line due to error: Expected 11 elements, got 12
INFO - 09/24/25 20:33:00 - 2:10:35 - Skipping line due to error: Expected 11 elements, got 10
INFO - 09/24/25 20:33:00 - 2:10:35 - Skipping line due to error: setting an array element with a sequence. The requested array has an inhomogeneous shape after 1 dimensions. The detected shape was (11,) + inhomogeneous part.
INFO - 09/24/25 20:33:00 - 2:10:35 - Skipping line due to error: setting an array element with a sequence. The requested array has an inhomogeneous shape after 1 dimensions. The detected shape was (11,) + inhomogeneous part.
INFO - 09/24/25 20:33:00 - 2:10:35 - Skipping line due to error: Expected 11 elements, got 10
INFO - 09/24/25 20:33:00 - 2:10:35 - Skipping line due to error: setting an array element with a sequence. The requested array has an inhomogeneous shape after 1 dimensions. The detected shape was (11,) + inhomogeneous part.
INFO - 09/24/25 20:33:00 - 2:10:35 - Skipping line due to error: Expected 11 elements, got 12
INFO - 09/24/25 20:33:00 - 2:10:35 - Skipping line due to error: Expected 11 elements, got 14
INFO - 09/24/25 20:33:00 - 2:10:35 - Skipping line due to error: setting an array element with a sequence. The requested array has an inhomogeneous shape after 1 dimensions. The detected shape was (11,) + inhomogeneous part.
INFO - 09/24/25 20:33:00 - 2:10:35 - Skipping line due to error: Expected 11 elements, got 12
INFO - 09/24/25 20:33:00 - 2:10:35 - Skipping line due to error: setting an array element with a sequence. The requested array has an inhomogeneous shape after 1 dimensions. The detected shape was (11,) + inhomogeneous part.
INFO - 09/24/25 20:33:00 - 2:10:35 - Skipping line due to error: setting an array element with a sequence. The requested array has an inhomogeneous shape after 1 dimensions. The detected shape was (11,) + inhomogeneous part.
INFO - 09/24/25 20:33:00 - 2:10:35 - Skipping line due to error: setting an array element with a sequence. The requested array has an inhomogeneous shape after 1 dimensions. The detected shape was (11,) + inhomogeneous part.
INFO - 09/24/25 20:33:00 - 2:10:35 - Skipping line due to error: setting an array element with a sequence. The requested array has an inhomogeneous shape after 1 dimensions. The detected shape was (11,) + inhomogeneous part.
INFO - 09/24/25 20:33:00 - 2:10:35 - Skipping line due to error: Expected 11 elements, got 10
INFO - 09/24/25 20:33:00 - 2:10:35 - Skipping line due to error: Expected 11 elements, got 10
INFO - 09/24/25 20:33:00 - 2:10:35 - Skipping line due to error: Expected 11 elements, got 9
INFO - 09/24/25 20:33:00 - 2:10:35 - Skipping line due to error: setting an array element with a sequence. The requested array has an inhomogeneous shape after 1 dimensions. The detected shape was (11,) + inhomogeneous part.
INFO - 09/24/25 20:33:00 - 2:10:35 - Skipping line due to error: setting an array element with a sequence. The requested array has an inhomogeneous shape after 1 dimensions. The detected shape was (11,) + inhomogeneous part.
INFO - 09/24/25 20:33:00 - 2:10:35 - Skipping line due to error: Expected 11 elements, got 12
INFO - 09/24/25 20:33:00 - 2:10:35 - Skipping line due to error: setting an array element with a sequence. The requested array has an inhomogeneous shape after 1 dimensions. The detected shape was (11,) + inhomogeneous part.
INFO - 09/24/25 20:33:00 - 2:10:35 - Skipping line due to error: Expected 11 elements, got 10
INFO - 09/24/25 20:33:00 - 2:10:35 - Skipping line due to error: Expected 11 elements, got 10
INFO - 09/24/25 20:33:00 - 2:10:35 - Skipping line due to error: Expected 11 elements, got 10
INFO - 09/24/25 20:33:00 - 2:10:35 - Skipping line due to error: setting an array element with a sequence. The requested array has an inhomogeneous shape after 1 dimensions. The detected shape was (11,) + inhomogeneous part.
INFO - 09/24/25 20:33:00 - 2:10:35 - Skipping line due to error: setting an array element with a sequence. The requested array has an inhomogeneous shape after 1 dimensions. The detected shape was (11,) + inhomogeneous part.
INFO - 09/24/25 20:33:00 - 2:10:35 - Skipping line due to error: Expected 11 elements, got 9
INFO - 09/24/25 20:33:00 - 2:10:35 - Skipping line due to error: Expected 11 elements, got 12
INFO - 09/24/25 20:33:00 - 2:10:35 - Skipping line due to error: Expected 11 elements, got 13
INFO - 09/24/25 20:33:00 - 2:10:35 - Skipping line due to error: setting an array element with a sequence. The requested array has an inhomogeneous shape after 1 dimensions. The detected shape was (11,) + inhomogeneous part.
INFO - 09/24/25 20:33:00 - 2:10:35 - Skipping line due to error: setting an array element with a sequence. The requested array has an inhomogeneous shape after 1 dimensions. The detected shape was (11,) + inhomogeneous part.
INFO - 09/24/25 20:33:00 - 2:10:35 - Skipping line due to error: setting an array element with a sequence. The requested array has an inhomogeneous shape after 1 dimensions. The detected shape was (11,) + inhomogeneous part.
INFO - 09/24/25 20:33:00 - 2:10:35 - Skipping line due to error: setting an array element with a sequence. The requested array has an inhomogeneous shape after 1 dimensions. The detected shape was (11,) + inhomogeneous part.
INFO - 09/24/25 20:33:00 - 2:10:35 - Skipping line due to error: setting an array element with a sequence. The requested array has an inhomogeneous shape after 1 dimensions. The detected shape was (11,) + inhomogeneous part.
INFO - 09/24/25 20:33:00 - 2:10:35 - Skipping line due to error: setting an array element with a sequence. The requested array has an inhomogeneous shape after 1 dimensions. The detected shape was (11,) + inhomogeneous part.
INFO - 09/24/25 20:33:00 - 2:10:35 - Skipping line due to error: setting an array element with a sequence. The requested array has an inhomogeneous shape after 1 dimensions. The detected shape was (11,) + inhomogeneous part.
INFO - 09/24/25 20:33:00 - 2:10:35 - Skipping line due to error: setting an array element with a sequence. The requested array has an inhomogeneous shape after 1 dimensions. The detected shape was (11,) + inhomogeneous part.
INFO - 09/24/25 20:33:00 - 2:10:35 - Skipping line due to error: Expected 11 elements, got 12
INFO - 09/24/25 20:33:00 - 2:10:35 - Skipping line due to error: Expected 11 elements, got 10
INFO - 09/24/25 20:33:00 - 2:10:35 - Skipping line due to error: setting an array element with a sequence. The requested array has an inhomogeneous shape after 1 dimensions. The detected shape was (11,) + inhomogeneous part.
INFO - 09/24/25 20:33:00 - 2:10:35 - Skipping line due to error: setting an array element with a sequence. The requested array has an inhomogeneous shape after 1 dimensions. The detected shape was (11,) + inhomogeneous part.
INFO - 09/24/25 20:33:00 - 2:10:35 - Skipping line due to error: setting an array element with a sequence. The requested array has an inhomogeneous shape after 1 dimensions. The detected shape was (11,) + inhomogeneous part.
INFO - 09/24/25 20:33:00 - 2:10:35 - Skipping line due to error: Expected 11 elements, got 9
INFO - 09/24/25 20:33:00 - 2:10:35 - Skipping line due to error: setting an array element with a sequence. The requested array has an inhomogeneous shape after 1 dimensions. The detected shape was (11,) + inhomogeneous part.
INFO - 09/24/25 20:33:00 - 2:10:35 - Skipping line due to error: setting an array element with a sequence. The requested array has an inhomogeneous shape after 1 dimensions. The detected shape was (11,) + inhomogeneous part.
INFO - 09/24/25 20:33:00 - 2:10:35 - Skipping line due to error: setting an array element with a sequence. The requested array has an inhomogeneous shape after 1 dimensions. The detected shape was (11,) + inhomogeneous part.
INFO - 09/24/25 20:33:00 - 2:10:35 - Skipping line due to error: Expected 11 elements, got 10
INFO - 09/24/25 20:33:00 - 2:10:35 - Skipping line due to error: setting an array element with a sequence. The requested array has an inhomogeneous shape after 1 dimensions. The detected shape was (11,) + inhomogeneous part.
INFO - 09/24/25 20:33:00 - 2:10:35 - Skipping line due to error: setting an array element with a sequence. The requested array has an inhomogeneous shape after 1 dimensions. The detected shape was (11,) + inhomogeneous part.
INFO - 09/24/25 20:33:00 - 2:10:35 - Skipping line due to error: Expected 11 elements, got 9
INFO - 09/24/25 20:33:00 - 2:10:35 - Skipping line due to error: setting an array element with a sequence. The requested array has an inhomogeneous shape after 1 dimensions. The detected shape was (11,) + inhomogeneous part.
INFO - 09/24/25 20:33:00 - 2:10:35 - Skipping line due to error: Expected 11 elements, got 13
INFO - 09/24/25 20:33:00 - 2:10:35 - Skipping line due to error: setting an array element with a sequence. The requested array has an inhomogeneous shape after 1 dimensions. The detected shape was (11,) + inhomogeneous part.
INFO - 09/24/25 20:33:00 - 2:10:35 - Skipping line due to error: setting an array element with a sequence. The requested array has an inhomogeneous shape after 1 dimensions. The detected shape was (11,) + inhomogeneous part.
INFO - 09/24/25 20:33:00 - 2:10:35 - Skipping line due to error: setting an array element with a sequence. The requested array has an inhomogeneous shape after 1 dimensions. The detected shape was (11,) + inhomogeneous part.
INFO - 09/24/25 20:33:00 - 2:10:35 - Skipping line due to error: setting an array element with a sequence. The requested array has an inhomogeneous shape after 1 dimensions. The detected shape was (11,) + inhomogeneous part.
INFO - 09/24/25 20:33:00 - 2:10:35 - Skipping line due to error: Expected 11 elements, got 9
INFO - 09/24/25 20:33:00 - 2:10:35 - Skipping line due to error: Expected 11 elements, got 12
INFO - 09/24/25 20:33:00 - 2:10:35 - Skipping line due to error: setting an array element with a sequence. The requested array has an inhomogeneous shape after 1 dimensions. The detected shape was (11,) + inhomogeneous part.
INFO - 09/24/25 20:33:00 - 2:10:35 - Skipping line due to error: Expected 11 elements, got 13
INFO - 09/24/25 20:33:00 - 2:10:35 - Skipping line due to error: setting an array element with a sequence. The requested array has an inhomogeneous shape after 1 dimensions. The detected shape was (11,) + inhomogeneous part.
INFO - 09/24/25 20:33:00 - 2:10:35 - Skipping line due to error: setting an array element with a sequence. The requested array has an inhomogeneous shape after 1 dimensions. The detected shape was (11,) + inhomogeneous part.
INFO - 09/24/25 20:33:00 - 2:10:35 - Skipping line due to error: Expected 11 elements, got 10
INFO - 09/24/25 20:33:00 - 2:10:35 - Skipping line due to error: setting an array element with a sequence. The requested array has an inhomogeneous shape after 1 dimensions. The detected shape was (11,) + inhomogeneous part.
INFO - 09/24/25 20:33:00 - 2:10:35 - Skipping line due to error: Expected 11 elements, got 12
INFO - 09/24/25 20:33:00 - 2:10:35 - Skipping line due to error: setting an array element with a sequence. The requested array has an inhomogeneous shape after 1 dimensions. The detected shape was (11,) + inhomogeneous part.
INFO - 09/24/25 20:33:00 - 2:10:35 - Skipping line due to error: setting an array element with a sequence. The requested array has an inhomogeneous shape after 1 dimensions. The detected shape was (11,) + inhomogeneous part.
INFO - 09/24/25 20:33:00 - 2:10:35 - Skipping line due to error: setting an array element with a sequence. The requested array has an inhomogeneous shape after 1 dimensions. The detected shape was (11,) + inhomogeneous part.
INFO - 09/24/25 20:33:00 - 2:10:35 - Skipping line due to error: Expected 11 elements, got 9
INFO - 09/24/25 20:33:00 - 2:10:35 - Skipping line due to error: Expected 11 elements, got 10
INFO - 09/24/25 20:33:00 - 2:10:35 - Skipping line due to error: Expected 11 elements, got 12
INFO - 09/24/25 20:33:00 - 2:10:35 - Skipping line due to error: setting an array element with a sequence. The requested array has an inhomogeneous shape after 1 dimensions. The detected shape was (11,) + inhomogeneous part.
INFO - 09/24/25 20:33:00 - 2:10:35 - Skipping line due to error: Expected 11 elements, got 12
INFO - 09/24/25 20:33:00 - 2:10:35 - Skipping line due to error: Expected 11 elements, got 2
INFO - 09/24/25 20:33:00 - 2:10:35 - Skipping line due to error: setting an array element with a sequence. The requested array has an inhomogeneous shape after 1 dimensions. The detected shape was (11,) + inhomogeneous part.
INFO - 09/24/25 20:33:00 - 2:10:35 - Skipping line due to error: setting an array element with a sequence. The requested array has an inhomogeneous shape after 1 dimensions. The detected shape was (11,) + inhomogeneous part.
INFO - 09/24/25 20:33:00 - 2:10:35 - Skipping line due to error: Expected 11 elements, got 10
INFO - 09/24/25 20:33:00 - 2:10:35 - Skipping line due to error: Expected 11 elements, got 9
INFO - 09/24/25 20:33:00 - 2:10:35 - Skipping line due to error: setting an array element with a sequence. The requested array has an inhomogeneous shape after 1 dimensions. The detected shape was (11,) + inhomogeneous part.
INFO - 09/24/25 20:33:00 - 2:10:35 - Skipping line due to error: setting an array element with a sequence. The requested array has an inhomogeneous shape after 1 dimensions. The detected shape was (11,) + inhomogeneous part.
INFO - 09/24/25 20:33:00 - 2:10:35 - Skipping line due to error: setting an array element with a sequence. The requested array has an inhomogeneous shape after 1 dimensions. The detected shape was (11,) + inhomogeneous part.
INFO - 09/24/25 20:33:00 - 2:10:35 - Skipping line due to error: setting an array element with a sequence. The requested array has an inhomogeneous shape after 1 dimensions. The detected shape was (11,) + inhomogeneous part.
INFO - 09/24/25 20:33:00 - 2:10:35 - Skipping line due to error: setting an array element with a sequence. The requested array has an inhomogeneous shape after 1 dimensions. The detected shape was (11,) + inhomogeneous part.
INFO - 09/24/25 20:33:00 - 2:10:35 - Skipping line due to error: Expected 11 elements, got 9
INFO - 09/24/25 20:33:00 - 2:10:35 - Skipping line due to error: Expected 11 elements, got 12
INFO - 09/24/25 20:33:00 - 2:10:35 - Skipping line due to error: setting an array element with a sequence. The requested array has an inhomogeneous shape after 1 dimensions. The detected shape was (11,) + inhomogeneous part.
INFO - 09/24/25 20:33:00 - 2:10:35 - Skipping line due to error: setting an array element with a sequence. The requested array has an inhomogeneous shape after 1 dimensions. The detected shape was (11,) + inhomogeneous part.
INFO - 09/24/25 20:33:00 - 2:10:35 - Skipping line due to error: setting an array element with a sequence. The requested array has an inhomogeneous shape after 1 dimensions. The detected shape was (11,) + inhomogeneous part.
INFO - 09/24/25 20:33:00 - 2:10:35 - Skipping line due to error: Expected 11 elements, got 12
INFO - 09/24/25 20:33:00 - 2:10:35 - Skipping line due to error: Expected 11 elements, got 10
INFO - 09/24/25 20:33:00 - 2:10:35 - Skipping line due to error: Expected 11 elements, got 8
INFO - 09/24/25 20:33:00 - 2:10:35 - Skipping line due to error: Expected 11 elements, got 13
INFO - 09/24/25 20:33:00 - 2:10:35 - Skipping line due to error: setting an array element with a sequence. The requested array has an inhomogeneous shape after 1 dimensions. The detected shape was (11,) + inhomogeneous part.
INFO - 09/24/25 20:33:00 - 2:10:35 - Skipping line due to error: setting an array element with a sequence. The requested array has an inhomogeneous shape after 1 dimensions. The detected shape was (11,) + inhomogeneous part.
INFO - 09/24/25 20:33:00 - 2:10:35 - Skipping line due to error: setting an array element with a sequence. The requested array has an inhomogeneous shape after 1 dimensions. The detected shape was (11,) + inhomogeneous part.
INFO - 09/24/25 20:33:00 - 2:10:35 - Skipping line due to error: Expected 11 elements, got 10
INFO - 09/24/25 20:33:00 - 2:10:35 - Skipping line due to error: Expected 11 elements, got 10
INFO - 09/24/25 20:33:00 - 2:10:35 - Skipping line due to error: setting an array element with a sequence. The requested array has an inhomogeneous shape after 1 dimensions. The detected shape was (11,) + inhomogeneous part.
INFO - 09/24/25 20:33:00 - 2:10:35 - Skipping line due to error: Expected 11 elements, got 12
INFO - 09/24/25 20:33:00 - 2:10:35 - Skipping line due to error: setting an array element with a sequence. The requested array has an inhomogeneous shape after 1 dimensions. The detected shape was (11,) + inhomogeneous part.
INFO - 09/24/25 20:33:00 - 2:10:35 - Skipping line due to error: Expected 11 elements, got 10
INFO - 09/24/25 20:33:00 - 2:10:35 - Skipping line due to error: Expected 11 elements, got 10
INFO - 09/24/25 20:33:00 - 2:10:35 - Skipping line due to error: Expected 11 elements, got 10
INFO - 09/24/25 20:33:00 - 2:10:35 - Skipping line due to error: Expected 11 elements, got 10
INFO - 09/24/25 20:33:00 - 2:10:35 - Skipping line due to error: setting an array element with a sequence. The requested array has an inhomogeneous shape after 1 dimensions. The detected shape was (11,) + inhomogeneous part.
INFO - 09/24/25 20:33:00 - 2:10:35 - Skipping line due to error: Expected 11 elements, got 10
INFO - 09/24/25 20:33:00 - 2:10:35 - Skipping line due to error: setting an array element with a sequence. The requested array has an inhomogeneous shape after 1 dimensions. The detected shape was (11,) + inhomogeneous part.
INFO - 09/24/25 20:33:00 - 2:10:35 - Skipping line due to error: Expected 11 elements, got 9
INFO - 09/24/25 20:33:00 - 2:10:35 - Skipping line due to error: Expected 11 elements, got 10
INFO - 09/24/25 20:33:00 - 2:10:35 - Skipping line due to error: Expected 11 elements, got 10
INFO - 09/24/25 20:33:00 - 2:10:35 - Skipping line due to error: Expected 11 elements, got 10
INFO - 09/24/25 20:33:00 - 2:10:35 - Skipping line due to error: Expected 11 elements, got 12
INFO - 09/24/25 20:33:00 - 2:10:35 - Skipping line due to error: setting an array element with a sequence. The requested array has an inhomogeneous shape after 1 dimensions. The detected shape was (11,) + inhomogeneous part.
INFO - 09/24/25 20:33:00 - 2:10:35 - Skipping line due to error: setting an array element with a sequence. The requested array has an inhomogeneous shape after 1 dimensions. The detected shape was (11,) + inhomogeneous part.
INFO - 09/24/25 20:33:00 - 2:10:35 - Skipping line due to error: setting an array element with a sequence. The requested array has an inhomogeneous shape after 1 dimensions. The detected shape was (11,) + inhomogeneous part.
INFO - 09/24/25 20:33:00 - 2:10:35 - Skipping line due to error: Expected 11 elements, got 12
INFO - 09/24/25 20:33:00 - 2:10:35 - Skipping line due to error: setting an array element with a sequence. The requested array has an inhomogeneous shape after 1 dimensions. The detected shape was (11,) + inhomogeneous part.
INFO - 09/24/25 20:33:00 - 2:10:35 - Skipping line due to error: setting an array element with a sequence. The requested array has an inhomogeneous shape after 1 dimensions. The detected shape was (11,) + inhomogeneous part.
INFO - 09/24/25 20:33:00 - 2:10:35 - Skipping line due to error: setting an array element with a sequence. The requested array has an inhomogeneous shape after 1 dimensions. The detected shape was (11,) + inhomogeneous part.
INFO - 09/24/25 20:33:00 - 2:10:35 - Skipping line due to error: Expected 11 elements, got 12
INFO - 09/24/25 20:33:00 - 2:10:35 - Skipping line due to error: Expected 11 elements, got 10
INFO - 09/24/25 20:33:00 - 2:10:35 - Skipping line due to error: Expected 11 elements, got 9
INFO - 09/24/25 20:33:00 - 2:10:35 - Skipping line due to error: setting an array element with a sequence. The requested array has an inhomogeneous shape after 1 dimensions. The detected shape was (11,) + inhomogeneous part.
INFO - 09/24/25 20:33:00 - 2:10:35 - Skipping line due to error: Expected 11 elements, got 4
INFO - 09/24/25 20:33:00 - 2:10:35 - Skipping line due to error: setting an array element with a sequence. The requested array has an inhomogeneous shape after 1 dimensions. The detected shape was (11,) + inhomogeneous part.
INFO - 09/24/25 20:33:00 - 2:10:35 - Skipping line due to error: setting an array element with a sequence. The requested array has an inhomogeneous shape after 1 dimensions. The detected shape was (11,) + inhomogeneous part.
INFO - 09/24/25 20:33:00 - 2:10:35 - Skipping line due to error: setting an array element with a sequence. The requested array has an inhomogeneous shape after 1 dimensions. The detected shape was (11,) + inhomogeneous part.
INFO - 09/24/25 20:33:00 - 2:10:35 - Skipping line due to error: setting an array element with a sequence. The requested array has an inhomogeneous shape after 1 dimensions. The detected shape was (11,) + inhomogeneous part.
INFO - 09/24/25 20:33:00 - 2:10:35 - Skipping line due to error: setting an array element with a sequence. The requested array has an inhomogeneous shape after 1 dimensions. The detected shape was (11,) + inhomogeneous part.
INFO - 09/24/25 20:33:00 - 2:10:35 - Skipping line due to error: Expected 11 elements, got 12
INFO - 09/24/25 20:33:00 - 2:10:35 - Skipping line due to error: setting an array element with a sequence. The requested array has an inhomogeneous shape after 1 dimensions. The detected shape was (11,) + inhomogeneous part.
INFO - 09/24/25 20:33:00 - 2:10:35 - Skipping line due to error: Expected 11 elements, got 2
INFO - 09/24/25 20:33:00 - 2:10:35 - Skipping line due to error: setting an array element with a sequence. The requested array has an inhomogeneous shape after 1 dimensions. The detected shape was (11,) + inhomogeneous part.
INFO - 09/24/25 20:33:00 - 2:10:35 - Skipping line due to error: setting an array element with a sequence. The requested array has an inhomogeneous shape after 1 dimensions. The detected shape was (11,) + inhomogeneous part.
INFO - 09/24/25 20:33:00 - 2:10:35 - Skipping line due to error: Expected 11 elements, got 12
INFO - 09/24/25 20:33:00 - 2:10:35 - Skipping line due to error: setting an array element with a sequence. The requested array has an inhomogeneous shape after 1 dimensions. The detected shape was (11,) + inhomogeneous part.
INFO - 09/24/25 20:33:00 - 2:10:35 - Skipping line due to error: setting an array element with a sequence. The requested array has an inhomogeneous shape after 1 dimensions. The detected shape was (11,) + inhomogeneous part.
INFO - 09/24/25 20:33:00 - 2:10:35 - Skipping line due to error: Expected 11 elements, got 10
INFO - 09/24/25 20:33:00 - 2:10:35 - Skipping line due to error: Expected 11 elements, got 12
INFO - 09/24/25 20:33:00 - 2:10:35 - Skipping line due to error: Expected 11 elements, got 9
INFO - 09/24/25 20:33:00 - 2:10:35 - Skipping line due to error: setting an array element with a sequence. The requested array has an inhomogeneous shape after 1 dimensions. The detected shape was (11,) + inhomogeneous part.
INFO - 09/24/25 20:33:00 - 2:10:35 - Skipping line due to error: setting an array element with a sequence. The requested array has an inhomogeneous shape after 1 dimensions. The detected shape was (11,) + inhomogeneous part.
INFO - 09/24/25 20:33:00 - 2:10:35 - Skipping line due to error: setting an array element with a sequence. The requested array has an inhomogeneous shape after 1 dimensions. The detected shape was (11,) + inhomogeneous part.
INFO - 09/24/25 20:33:00 - 2:10:35 - Skipping line due to error: Expected 11 elements, got 12
INFO - 09/24/25 20:33:00 - 2:10:35 - Skipping line due to error: Expected 11 elements, got 10
INFO - 09/24/25 20:33:00 - 2:10:35 - Skipping line due to error: Expected 11 elements, got 12
INFO - 09/24/25 20:33:00 - 2:10:35 - Skipping line due to error: Expected 11 elements, got 10
INFO - 09/24/25 20:33:00 - 2:10:35 - Skipping line due to error: Expected 11 elements, got 13
INFO - 09/24/25 20:33:00 - 2:10:35 - Skipping line due to error: Expected 11 elements, got 10
INFO - 09/24/25 20:33:00 - 2:10:35 - Skipping line due to error: setting an array element with a sequence. The requested array has an inhomogeneous shape after 1 dimensions. The detected shape was (11,) + inhomogeneous part.
INFO - 09/24/25 20:33:00 - 2:10:35 - Skipping line due to error: Expected 11 elements, got 10
INFO - 09/24/25 20:33:00 - 2:10:35 - Skipping line due to error: Expected 11 elements, got 10
INFO - 09/24/25 20:33:00 - 2:10:35 - Skipping line due to error: Expected 11 elements, got 10
INFO - 09/24/25 20:33:00 - 2:10:35 - Skipping line due to error: Expected 11 elements, got 9
INFO - 09/24/25 20:33:00 - 2:10:35 - Skipping line due to error: setting an array element with a sequence. The requested array has an inhomogeneous shape after 1 dimensions. The detected shape was (11,) + inhomogeneous part.
INFO - 09/24/25 20:33:00 - 2:10:35 - Skipping line due to error: setting an array element with a sequence. The requested array has an inhomogeneous shape after 1 dimensions. The detected shape was (11,) + inhomogeneous part.
INFO - 09/24/25 20:33:00 - 2:10:35 - Skipping line due to error: setting an array element with a sequence. The requested array has an inhomogeneous shape after 1 dimensions. The detected shape was (11,) + inhomogeneous part.
INFO - 09/24/25 20:33:00 - 2:10:35 - Skipping line due to error: Expected 11 elements, got 10
INFO - 09/24/25 20:33:00 - 2:10:35 - Skipping line due to error: setting an array element with a sequence. The requested array has an inhomogeneous shape after 1 dimensions. The detected shape was (11,) + inhomogeneous part.
INFO - 09/24/25 20:33:00 - 2:10:35 - Skipping line due to error: setting an array element with a sequence. The requested array has an inhomogeneous shape after 1 dimensions. The detected shape was (11,) + inhomogeneous part.
INFO - 09/24/25 20:33:00 - 2:10:35 - Skipping line due to error: setting an array element with a sequence. The requested array has an inhomogeneous shape after 1 dimensions. The detected shape was (11,) + inhomogeneous part.
INFO - 09/24/25 20:33:00 - 2:10:35 - Skipping line due to error: Expected 11 elements, got 10
INFO - 09/24/25 20:33:00 - 2:10:35 - Skipping line due to error: setting an array element with a sequence. The requested array has an inhomogeneous shape after 1 dimensions. The detected shape was (11,) + inhomogeneous part.
INFO - 09/24/25 20:33:00 - 2:10:35 - Skipping line due to error: setting an array element with a sequence. The requested array has an inhomogeneous shape after 1 dimensions. The detected shape was (11,) + inhomogeneous part.
INFO - 09/24/25 20:33:00 - 2:10:35 - Skipping line due to error: Expected 11 elements, got 12
INFO - 09/24/25 20:33:00 - 2:10:35 - Skipping line due to error: setting an array element with a sequence. The requested array has an inhomogeneous shape after 1 dimensions. The detected shape was (11,) + inhomogeneous part.
INFO - 09/24/25 20:33:00 - 2:10:35 - Skipping line due to error: Expected 11 elements, got 12
INFO - 09/24/25 20:33:00 - 2:10:35 - Skipping line due to error: setting an array element with a sequence. The requested array has an inhomogeneous shape after 1 dimensions. The detected shape was (11,) + inhomogeneous part.
INFO - 09/24/25 20:33:00 - 2:10:35 - Skipping line due to error: setting an array element with a sequence. The requested array has an inhomogeneous shape after 1 dimensions. The detected shape was (11,) + inhomogeneous part.
INFO - 09/24/25 20:33:00 - 2:10:35 - Skipping line due to error: setting an array element with a sequence. The requested array has an inhomogeneous shape after 1 dimensions. The detected shape was (11,) + inhomogeneous part.
INFO - 09/24/25 20:33:00 - 2:10:35 - Skipping line due to error: setting an array element with a sequence. The requested array has an inhomogeneous shape after 1 dimensions. The detected shape was (11,) + inhomogeneous part.
INFO - 09/24/25 20:33:00 - 2:10:35 - Skipping line due to error: Expected 11 elements, got 10
INFO - 09/24/25 20:33:00 - 2:10:35 - Skipping line due to error: Expected 11 elements, got 12
INFO - 09/24/25 20:33:00 - 2:10:35 - Skipping line due to error: setting an array element with a sequence. The requested array has an inhomogeneous shape after 1 dimensions. The detected shape was (11,) + inhomogeneous part.
INFO - 09/24/25 20:33:00 - 2:10:35 - Skipping line due to error: setting an array element with a sequence. The requested array has an inhomogeneous shape after 1 dimensions. The detected shape was (11,) + inhomogeneous part.
INFO - 09/24/25 20:33:00 - 2:10:35 - Skipping line due to error: setting an array element with a sequence. The requested array has an inhomogeneous shape after 1 dimensions. The detected shape was (11,) + inhomogeneous part.
INFO - 09/24/25 20:33:00 - 2:10:35 - Skipping line due to error: Expected 11 elements, got 9
INFO - 09/24/25 20:33:00 - 2:10:35 - Skipping line due to error: Expected 11 elements, got 10
INFO - 09/24/25 20:33:00 - 2:10:35 - Skipping line due to error: Expected 11 elements, got 12
INFO - 09/24/25 20:33:00 - 2:10:35 - Skipping line due to error: setting an array element with a sequence. The requested array has an inhomogeneous shape after 1 dimensions. The detected shape was (11,) + inhomogeneous part.
INFO - 09/24/25 20:33:00 - 2:10:35 - Skipping line due to error: setting an array element with a sequence. The requested array has an inhomogeneous shape after 1 dimensions. The detected shape was (11,) + inhomogeneous part.
INFO - 09/24/25 20:33:00 - 2:10:35 - Skipping line due to error: Expected 11 elements, got 9
INFO - 09/24/25 20:33:00 - 2:10:35 - Skipping line due to error: setting an array element with a sequence. The requested array has an inhomogeneous shape after 1 dimensions. The detected shape was (11,) + inhomogeneous part.
INFO - 09/24/25 20:33:00 - 2:10:35 - Skipping line due to error: setting an array element with a sequence. The requested array has an inhomogeneous shape after 1 dimensions. The detected shape was (11,) + inhomogeneous part.
INFO - 09/24/25 20:33:00 - 2:10:35 - Skipping line due to error: setting an array element with a sequence. The requested array has an inhomogeneous shape after 1 dimensions. The detected shape was (11,) + inhomogeneous part.
INFO - 09/24/25 20:33:00 - 2:10:35 - Skipping line due to error: Expected 11 elements, got 12
INFO - 09/24/25 20:33:00 - 2:10:35 - Skipping line due to error: setting an array element with a sequence. The requested array has an inhomogeneous shape after 1 dimensions. The detected shape was (11,) + inhomogeneous part.
INFO - 09/24/25 20:33:00 - 2:10:35 - Skipping line due to error: Expected 11 elements, got 10
INFO - 09/24/25 20:33:00 - 2:10:35 - Skipping line due to error: setting an array element with a sequence. The requested array has an inhomogeneous shape after 1 dimensions. The detected shape was (11,) + inhomogeneous part.
INFO - 09/24/25 20:33:00 - 2:10:35 - Skipping line due to error: Expected 11 elements, got 10
INFO - 09/24/25 20:33:00 - 2:10:35 - Skipping line due to error: Expected 11 elements, got 10
INFO - 09/24/25 20:33:00 - 2:10:35 - Skipping line due to error: setting an array element with a sequence. The requested array has an inhomogeneous shape after 1 dimensions. The detected shape was (11,) + inhomogeneous part.
INFO - 09/24/25 20:33:00 - 2:10:35 - Skipping line due to error: setting an array element with a sequence. The requested array has an inhomogeneous shape after 1 dimensions. The detected shape was (11,) + inhomogeneous part.
INFO - 09/24/25 20:33:00 - 2:10:35 - Skipping line due to error: setting an array element with a sequence. The requested array has an inhomogeneous shape after 1 dimensions. The detected shape was (11,) + inhomogeneous part.
INFO - 09/24/25 20:33:00 - 2:10:35 - Skipping line due to error: setting an array element with a sequence. The requested array has an inhomogeneous shape after 1 dimensions. The detected shape was (11,) + inhomogeneous part.
INFO - 09/24/25 20:33:00 - 2:10:35 - Skipping line due to error: setting an array element with a sequence. The requested array has an inhomogeneous shape after 1 dimensions. The detected shape was (11,) + inhomogeneous part.
INFO - 09/24/25 20:33:00 - 2:10:35 - Skipping line due to error: Expected 11 elements, got 10
INFO - 09/24/25 20:33:00 - 2:10:35 - Skipping line due to error: setting an array element with a sequence. The requested array has an inhomogeneous shape after 1 dimensions. The detected shape was (11,) + inhomogeneous part.
INFO - 09/24/25 20:33:00 - 2:10:35 - Skipping line due to error: Expected 11 elements, got 10
INFO - 09/24/25 20:33:00 - 2:10:35 - Skipping line due to error: Expected 11 elements, got 12
INFO - 09/24/25 20:33:00 - 2:10:35 - Skipping line due to error: setting an array element with a sequence. The requested array has an inhomogeneous shape after 1 dimensions. The detected shape was (11,) + inhomogeneous part.
INFO - 09/24/25 20:33:00 - 2:10:35 - Skipping line due to error: setting an array element with a sequence. The requested array has an inhomogeneous shape after 1 dimensions. The detected shape was (11,) + inhomogeneous part.
INFO - 09/24/25 20:33:00 - 2:10:35 - Skipping line due to error: setting an array element with a sequence. The requested array has an inhomogeneous shape after 1 dimensions. The detected shape was (11,) + inhomogeneous part.
INFO - 09/24/25 20:33:00 - 2:10:35 - Skipping line due to error: setting an array element with a sequence. The requested array has an inhomogeneous shape after 1 dimensions. The detected shape was (11,) + inhomogeneous part.
INFO - 09/24/25 20:33:00 - 2:10:35 - Skipping line due to error: setting an array element with a sequence. The requested array has an inhomogeneous shape after 1 dimensions. The detected shape was (11,) + inhomogeneous part.
INFO - 09/24/25 20:33:00 - 2:10:35 - Skipping line due to error: Expected 11 elements, got 10
INFO - 09/24/25 20:33:00 - 2:10:35 - Skipping line due to error: Expected 11 elements, got 12
INFO - 09/24/25 20:33:00 - 2:10:35 - Skipping line due to error: setting an array element with a sequence. The requested array has an inhomogeneous shape after 1 dimensions. The detected shape was (11,) + inhomogeneous part.
INFO - 09/24/25 20:33:00 - 2:10:35 - Skipping line due to error: Expected 11 elements, got 10
INFO - 09/24/25 20:33:00 - 2:10:35 - Skipping line due to error: Expected 11 elements, got 12
INFO - 09/24/25 20:33:00 - 2:10:35 - Skipping line due to error: Expected 11 elements, got 12
INFO - 09/24/25 20:33:00 - 2:10:35 - Skipping line due to error: Expected 11 elements, got 12
INFO - 09/24/25 20:33:00 - 2:10:35 - Skipping line due to error: setting an array element with a sequence. The requested array has an inhomogeneous shape after 1 dimensions. The detected shape was (11,) + inhomogeneous part.
INFO - 09/24/25 20:33:00 - 2:10:35 - Skipping line due to error: setting an array element with a sequence. The requested array has an inhomogeneous shape after 1 dimensions. The detected shape was (11,) + inhomogeneous part.
INFO - 09/24/25 20:33:00 - 2:10:35 - Skipping line due to error: setting an array element with a sequence. The requested array has an inhomogeneous shape after 1 dimensions. The detected shape was (11,) + inhomogeneous part.
INFO - 09/24/25 20:33:00 - 2:10:35 - Skipping line due to error: Expected 11 elements, got 8
INFO - 09/24/25 20:33:00 - 2:10:35 - Skipping line due to error: Expected 11 elements, got 12
INFO - 09/24/25 20:33:00 - 2:10:35 - Skipping line due to error: Expected 11 elements, got 10
INFO - 09/24/25 20:33:00 - 2:10:35 - Skipping line due to error: setting an array element with a sequence. The requested array has an inhomogeneous shape after 1 dimensions. The detected shape was (11,) + inhomogeneous part.
INFO - 09/24/25 20:33:00 - 2:10:35 - Skipping line due to error: Expected 11 elements, got 20
INFO - 09/24/25 20:33:00 - 2:10:35 - Skipping line due to error: setting an array element with a sequence. The requested array has an inhomogeneous shape after 1 dimensions. The detected shape was (11,) + inhomogeneous part.
INFO - 09/24/25 20:33:00 - 2:10:35 - Skipping line due to error: setting an array element with a sequence. The requested array has an inhomogeneous shape after 1 dimensions. The detected shape was (11,) + inhomogeneous part.
INFO - 09/24/25 20:33:00 - 2:10:35 - Skipping line due to error: Expected 11 elements, got 10
INFO - 09/24/25 20:33:00 - 2:10:35 - Skipping line due to error: Expected 11 elements, got 13
INFO - 09/24/25 20:33:00 - 2:10:35 - Skipping line due to error: Expected 11 elements, got 10
INFO - 09/24/25 20:33:00 - 2:10:35 - Skipping line due to error: Expected 11 elements, got 8
INFO - 09/24/25 20:33:00 - 2:10:35 - Skipping line due to error: Expected 11 elements, got 12
INFO - 09/24/25 20:33:00 - 2:10:35 - Skipping line due to error: setting an array element with a sequence. The requested array has an inhomogeneous shape after 1 dimensions. The detected shape was (11,) + inhomogeneous part.
INFO - 09/24/25 20:33:00 - 2:10:35 - Skipping line due to error: Expected 11 elements, got 13
INFO - 09/24/25 20:33:00 - 2:10:35 - Skipping line due to error: Expected 11 elements, got 10
INFO - 09/24/25 20:33:00 - 2:10:35 - Skipping line due to error: setting an array element with a sequence. The requested array has an inhomogeneous shape after 1 dimensions. The detected shape was (11,) + inhomogeneous part.
INFO - 09/24/25 20:33:00 - 2:10:35 - Skipping line due to error: setting an array element with a sequence. The requested array has an inhomogeneous shape after 1 dimensions. The detected shape was (11,) + inhomogeneous part.
INFO - 09/24/25 20:33:00 - 2:10:35 - Skipping line due to error: setting an array element with a sequence. The requested array has an inhomogeneous shape after 1 dimensions. The detected shape was (11,) + inhomogeneous part.
INFO - 09/24/25 20:33:00 - 2:10:35 - Skipping line due to error: Expected 11 elements, got 12
INFO - 09/24/25 20:33:00 - 2:10:35 - Skipping line due to error: setting an array element with a sequence. The requested array has an inhomogeneous shape after 1 dimensions. The detected shape was (11,) + inhomogeneous part.
INFO - 09/24/25 20:33:00 - 2:10:35 - Skipping line due to error: setting an array element with a sequence. The requested array has an inhomogeneous shape after 1 dimensions. The detected shape was (11,) + inhomogeneous part.
INFO - 09/24/25 20:33:00 - 2:10:35 - Skipping line due to error: setting an array element with a sequence. The requested array has an inhomogeneous shape after 1 dimensions. The detected shape was (11,) + inhomogeneous part.
INFO - 09/24/25 20:33:00 - 2:10:35 - Skipping line due to error: Expected 11 elements, got 10
INFO - 09/24/25 20:33:00 - 2:10:35 - Skipping line due to error: Expected 11 elements, got 12
INFO - 09/24/25 20:33:00 - 2:10:35 - Skipping line due to error: Expected 11 elements, got 10
INFO - 09/24/25 20:33:00 - 2:10:35 - Skipping line due to error: Expected 11 elements, got 10
INFO - 09/24/25 20:33:01 - 2:10:35 - Skipping line due to error: setting an array element with a sequence. The requested array has an inhomogeneous shape after 1 dimensions. The detected shape was (11,) + inhomogeneous part.
INFO - 09/24/25 20:33:01 - 2:10:35 - Skipping line due to error: setting an array element with a sequence. The requested array has an inhomogeneous shape after 1 dimensions. The detected shape was (11,) + inhomogeneous part.
INFO - 09/24/25 20:33:01 - 2:10:35 - Skipping line due to error: setting an array element with a sequence. The requested array has an inhomogeneous shape after 1 dimensions. The detected shape was (11,) + inhomogeneous part.
INFO - 09/24/25 20:33:01 - 2:10:35 - Skipping line due to error: setting an array element with a sequence. The requested array has an inhomogeneous shape after 1 dimensions. The detected shape was (11,) + inhomogeneous part.
INFO - 09/24/25 20:33:01 - 2:10:35 - Skipping line due to error: setting an array element with a sequence. The requested array has an inhomogeneous shape after 1 dimensions. The detected shape was (11,) + inhomogeneous part.
INFO - 09/24/25 20:33:01 - 2:10:35 - Skipping line due to error: Expected 11 elements, got 9
INFO - 09/24/25 20:33:01 - 2:10:35 - Skipping line due to error: Expected 11 elements, got 10
INFO - 09/24/25 20:33:01 - 2:10:35 - Skipping line due to error: setting an array element with a sequence. The requested array has an inhomogeneous shape after 1 dimensions. The detected shape was (11,) + inhomogeneous part.
INFO - 09/24/25 20:33:01 - 2:10:35 - Skipping line due to error: setting an array element with a sequence. The requested array has an inhomogeneous shape after 1 dimensions. The detected shape was (11,) + inhomogeneous part.
INFO - 09/24/25 20:33:01 - 2:10:35 - Skipping line due to error: Expected 11 elements, got 12
INFO - 09/24/25 20:33:01 - 2:10:35 - Skipping line due to error: Expected 11 elements, got 10
INFO - 09/24/25 20:33:01 - 2:10:35 - Skipping line due to error: setting an array element with a sequence. The requested array has an inhomogeneous shape after 1 dimensions. The detected shape was (11,) + inhomogeneous part.
INFO - 09/24/25 20:33:01 - 2:10:35 - Skipping line due to error: setting an array element with a sequence. The requested array has an inhomogeneous shape after 1 dimensions. The detected shape was (11,) + inhomogeneous part.
INFO - 09/24/25 20:33:01 - 2:10:35 - Skipping line due to error: Expected 11 elements, got 9
INFO - 09/24/25 20:33:01 - 2:10:35 - Skipping line due to error: setting an array element with a sequence. The requested array has an inhomogeneous shape after 1 dimensions. The detected shape was (11,) + inhomogeneous part.
INFO - 09/24/25 20:33:01 - 2:10:35 - Skipping line due to error: Expected 11 elements, got 12
INFO - 09/24/25 20:33:01 - 2:10:35 - Skipping line due to error: Expected 11 elements, got 3
INFO - 09/24/25 20:33:01 - 2:10:35 - Skipping line due to error: setting an array element with a sequence. The requested array has an inhomogeneous shape after 1 dimensions. The detected shape was (11,) + inhomogeneous part.
INFO - 09/24/25 20:33:01 - 2:10:35 - Skipping line due to error: setting an array element with a sequence. The requested array has an inhomogeneous shape after 1 dimensions. The detected shape was (11,) + inhomogeneous part.
INFO - 09/24/25 20:33:01 - 2:10:35 - Skipping line due to error: Expected 11 elements, got 12
INFO - 09/24/25 20:33:01 - 2:10:35 - Skipping line due to error: setting an array element with a sequence. The requested array has an inhomogeneous shape after 1 dimensions. The detected shape was (11,) + inhomogeneous part.
INFO - 09/24/25 20:33:01 - 2:10:35 - Skipping line due to error: setting an array element with a sequence. The requested array has an inhomogeneous shape after 1 dimensions. The detected shape was (11,) + inhomogeneous part.
INFO - 09/24/25 20:33:01 - 2:10:35 - Skipping line due to error: setting an array element with a sequence. The requested array has an inhomogeneous shape after 1 dimensions. The detected shape was (11,) + inhomogeneous part.
INFO - 09/24/25 20:33:01 - 2:10:35 - Skipping line due to error: setting an array element with a sequence. The requested array has an inhomogeneous shape after 1 dimensions. The detected shape was (11,) + inhomogeneous part.
INFO - 09/24/25 20:33:01 - 2:10:35 - Skipping line due to error: Expected 11 elements, got 10
INFO - 09/24/25 20:33:01 - 2:10:35 - Skipping line due to error: Expected 11 elements, got 12
INFO - 09/24/25 20:33:01 - 2:10:35 - Skipping line due to error: Expected 11 elements, got 9
INFO - 09/24/25 20:33:01 - 2:10:35 - Skipping line due to error: Expected 11 elements, got 10
INFO - 09/24/25 20:33:01 - 2:10:35 - Skipping line due to error: setting an array element with a sequence. The requested array has an inhomogeneous shape after 1 dimensions. The detected shape was (11,) + inhomogeneous part.
INFO - 09/24/25 20:33:01 - 2:10:35 - Skipping line due to error: Expected 11 elements, got 12
INFO - 09/24/25 20:33:01 - 2:10:35 - Skipping line due to error: setting an array element with a sequence. The requested array has an inhomogeneous shape after 1 dimensions. The detected shape was (11,) + inhomogeneous part.
INFO - 09/24/25 20:33:01 - 2:10:35 - Skipping line due to error: setting an array element with a sequence. The requested array has an inhomogeneous shape after 1 dimensions. The detected shape was (11,) + inhomogeneous part.
INFO - 09/24/25 20:33:01 - 2:10:35 - Skipping line due to error: setting an array element with a sequence. The requested array has an inhomogeneous shape after 1 dimensions. The detected shape was (11,) + inhomogeneous part.
INFO - 09/24/25 20:33:01 - 2:10:35 - Skipping line due to error: setting an array element with a sequence. The requested array has an inhomogeneous shape after 1 dimensions. The detected shape was (11,) + inhomogeneous part.
INFO - 09/24/25 20:33:01 - 2:10:35 - Skipping line due to error: Expected 11 elements, got 12
INFO - 09/24/25 20:33:01 - 2:10:35 - Skipping line due to error: setting an array element with a sequence. The requested array has an inhomogeneous shape after 1 dimensions. The detected shape was (11,) + inhomogeneous part.
INFO - 09/24/25 20:33:01 - 2:10:35 - Skipping line due to error: setting an array element with a sequence. The requested array has an inhomogeneous shape after 1 dimensions. The detected shape was (11,) + inhomogeneous part.
INFO - 09/24/25 20:33:01 - 2:10:35 - Skipping line due to error: setting an array element with a sequence. The requested array has an inhomogeneous shape after 1 dimensions. The detected shape was (11,) + inhomogeneous part.
INFO - 09/24/25 20:33:01 - 2:10:35 - Skipping line due to error: setting an array element with a sequence. The requested array has an inhomogeneous shape after 1 dimensions. The detected shape was (11,) + inhomogeneous part.
INFO - 09/24/25 20:33:01 - 2:10:35 - Skipping line due to error: setting an array element with a sequence. The requested array has an inhomogeneous shape after 1 dimensions. The detected shape was (11,) + inhomogeneous part.
INFO - 09/24/25 20:33:01 - 2:10:35 - Skipping line due to error: setting an array element with a sequence. The requested array has an inhomogeneous shape after 1 dimensions. The detected shape was (11,) + inhomogeneous part.
INFO - 09/24/25 20:33:01 - 2:10:35 - Skipping line due to error: setting an array element with a sequence. The requested array has an inhomogeneous shape after 1 dimensions. The detected shape was (11,) + inhomogeneous part.
INFO - 09/24/25 20:33:01 - 2:10:35 - Skipping line due to error: setting an array element with a sequence. The requested array has an inhomogeneous shape after 1 dimensions. The detected shape was (11,) + inhomogeneous part.
INFO - 09/24/25 20:33:01 - 2:10:35 - Skipping line due to error: Expected 11 elements, got 10
INFO - 09/24/25 20:33:01 - 2:10:35 - Skipping line due to error: Expected 11 elements, got 10
INFO - 09/24/25 20:33:01 - 2:10:35 - Skipping line due to error: Expected 11 elements, got 8
INFO - 09/24/25 20:33:01 - 2:10:35 - Skipping line due to error: Expected 11 elements, got 9
INFO - 09/24/25 20:33:01 - 2:10:35 - Skipping line due to error: setting an array element with a sequence. The requested array has an inhomogeneous shape after 1 dimensions. The detected shape was (11,) + inhomogeneous part.
INFO - 09/24/25 20:33:01 - 2:10:35 - Skipping line due to error: Expected 11 elements, got 10
INFO - 09/24/25 20:33:01 - 2:10:35 - Skipping line due to error: Expected 11 elements, got 5
INFO - 09/24/25 20:33:01 - 2:10:35 - Skipping line due to error: Expected 11 elements, got 10
INFO - 09/24/25 20:33:01 - 2:10:35 - Skipping line due to error: setting an array element with a sequence. The requested array has an inhomogeneous shape after 1 dimensions. The detected shape was (11,) + inhomogeneous part.
INFO - 09/24/25 20:33:01 - 2:10:35 - Skipping line due to error: Expected 11 elements, got 9
INFO - 09/24/25 20:33:01 - 2:10:35 - Skipping line due to error: Expected 11 elements, got 12
INFO - 09/24/25 20:33:01 - 2:10:35 - Skipping line due to error: setting an array element with a sequence. The requested array has an inhomogeneous shape after 1 dimensions. The detected shape was (11,) + inhomogeneous part.
INFO - 09/24/25 20:33:01 - 2:10:35 - Skipping line due to error: Expected 11 elements, got 10
INFO - 09/24/25 20:33:01 - 2:10:35 - Skipping line due to error: Expected 11 elements, got 9
INFO - 09/24/25 20:33:01 - 2:10:35 - Skipping line due to error: Expected 11 elements, got 12
INFO - 09/24/25 20:33:01 - 2:10:35 - Skipping line due to error: setting an array element with a sequence. The requested array has an inhomogeneous shape after 1 dimensions. The detected shape was (11,) + inhomogeneous part.
INFO - 09/24/25 20:33:01 - 2:10:35 - Skipping line due to error: Expected 11 elements, got 12
INFO - 09/24/25 20:33:01 - 2:10:35 - Skipping line due to error: Expected 11 elements, got 10
INFO - 09/24/25 20:33:01 - 2:10:35 - Skipping line due to error: Expected 11 elements, got 12
INFO - 09/24/25 20:33:01 - 2:10:35 - Skipping line due to error: setting an array element with a sequence. The requested array has an inhomogeneous shape after 1 dimensions. The detected shape was (11,) + inhomogeneous part.
INFO - 09/24/25 20:33:01 - 2:10:35 - Skipping line due to error: Expected 11 elements, got 10
INFO - 09/24/25 20:33:01 - 2:10:35 - Skipping line due to error: Expected 11 elements, got 10
INFO - 09/24/25 20:33:01 - 2:10:35 - Skipping line due to error: Expected 11 elements, got 10
INFO - 09/24/25 20:33:01 - 2:10:35 - Skipping line due to error: setting an array element with a sequence. The requested array has an inhomogeneous shape after 1 dimensions. The detected shape was (11,) + inhomogeneous part.
INFO - 09/24/25 20:33:01 - 2:10:35 - Skipping line due to error: Expected 11 elements, got 10
INFO - 09/24/25 20:33:01 - 2:10:35 - Skipping line due to error: Expected 11 elements, got 12
INFO - 09/24/25 20:33:01 - 2:10:35 - Skipping line due to error: setting an array element with a sequence. The requested array has an inhomogeneous shape after 1 dimensions. The detected shape was (11,) + inhomogeneous part.
INFO - 09/24/25 20:33:01 - 2:10:35 - Skipping line due to error: Expected 11 elements, got 10
INFO - 09/24/25 20:33:01 - 2:10:35 - Skipping line due to error: Expected 11 elements, got 12
INFO - 09/24/25 20:33:01 - 2:10:35 - Skipping line due to error: setting an array element with a sequence. The requested array has an inhomogeneous shape after 1 dimensions. The detected shape was (11,) + inhomogeneous part.
INFO - 09/24/25 20:33:01 - 2:10:35 - Skipping line due to error: setting an array element with a sequence. The requested array has an inhomogeneous shape after 1 dimensions. The detected shape was (11,) + inhomogeneous part.
INFO - 09/24/25 20:33:01 - 2:10:35 - Skipping line due to error: Expected 11 elements, got 8
INFO - 09/24/25 20:33:01 - 2:10:35 - Skipping line due to error: Expected 11 elements, got 12
INFO - 09/24/25 20:33:01 - 2:10:35 - Skipping line due to error: Expected 11 elements, got 12
INFO - 09/24/25 20:33:01 - 2:10:35 - Skipping line due to error: setting an array element with a sequence. The requested array has an inhomogeneous shape after 1 dimensions. The detected shape was (11,) + inhomogeneous part.
INFO - 09/24/25 20:33:01 - 2:10:35 - Skipping line due to error: setting an array element with a sequence. The requested array has an inhomogeneous shape after 1 dimensions. The detected shape was (11,) + inhomogeneous part.
INFO - 09/24/25 20:33:01 - 2:10:35 - Skipping line due to error: setting an array element with a sequence. The requested array has an inhomogeneous shape after 1 dimensions. The detected shape was (11,) + inhomogeneous part.
INFO - 09/24/25 20:33:01 - 2:10:35 - Skipping line due to error: setting an array element with a sequence. The requested array has an inhomogeneous shape after 1 dimensions. The detected shape was (11,) + inhomogeneous part.
INFO - 09/24/25 20:33:01 - 2:10:35 - Skipping line due to error: setting an array element with a sequence. The requested array has an inhomogeneous shape after 1 dimensions. The detected shape was (11,) + inhomogeneous part.
INFO - 09/24/25 20:33:01 - 2:10:35 - Skipping line due to error: Expected 11 elements, got 13
INFO - 09/24/25 20:33:01 - 2:10:35 - Skipping line due to error: Expected 11 elements, got 12
INFO - 09/24/25 20:33:01 - 2:10:35 - Skipping line due to error: Expected 11 elements, got 7
INFO - 09/24/25 20:33:01 - 2:10:35 - Skipping line due to error: Expected 11 elements, got 12
INFO - 09/24/25 20:33:01 - 2:10:35 - Skipping line due to error: setting an array element with a sequence. The requested array has an inhomogeneous shape after 1 dimensions. The detected shape was (11,) + inhomogeneous part.
INFO - 09/24/25 20:33:01 - 2:10:35 - Skipping line due to error: setting an array element with a sequence. The requested array has an inhomogeneous shape after 1 dimensions. The detected shape was (11,) + inhomogeneous part.
INFO - 09/24/25 20:33:01 - 2:10:35 - Skipping line due to error: setting an array element with a sequence. The requested array has an inhomogeneous shape after 1 dimensions. The detected shape was (11,) + inhomogeneous part.
INFO - 09/24/25 20:33:01 - 2:10:35 - Skipping line due to error: Expected 11 elements, got 12
INFO - 09/24/25 20:33:01 - 2:10:35 - Skipping line due to error: Expected 11 elements, got 12
INFO - 09/24/25 20:33:01 - 2:10:35 - Skipping line due to error: Expected 11 elements, got 10
INFO - 09/24/25 20:33:01 - 2:10:35 - Skipping line due to error: setting an array element with a sequence. The requested array has an inhomogeneous shape after 1 dimensions. The detected shape was (11,) + inhomogeneous part.
INFO - 09/24/25 20:33:01 - 2:10:35 - Skipping line due to error: Expected 11 elements, got 10
INFO - 09/24/25 20:33:01 - 2:10:35 - Skipping line due to error: Expected 11 elements, got 10
INFO - 09/24/25 20:33:01 - 2:10:35 - Skipping line due to error: setting an array element with a sequence. The requested array has an inhomogeneous shape after 1 dimensions. The detected shape was (11,) + inhomogeneous part.
INFO - 09/24/25 20:33:01 - 2:10:35 - Skipping line due to error: setting an array element with a sequence. The requested array has an inhomogeneous shape after 1 dimensions. The detected shape was (11,) + inhomogeneous part.
INFO - 09/24/25 20:33:01 - 2:10:35 - Skipping line due to error: Expected 11 elements, got 10
INFO - 09/24/25 20:33:01 - 2:10:35 - Skipping line due to error: setting an array element with a sequence. The requested array has an inhomogeneous shape after 1 dimensions. The detected shape was (11,) + inhomogeneous part.
INFO - 09/24/25 20:33:01 - 2:10:35 - Skipping line due to error: setting an array element with a sequence. The requested array has an inhomogeneous shape after 1 dimensions. The detected shape was (11,) + inhomogeneous part.
INFO - 09/24/25 20:33:01 - 2:10:35 - Skipping line due to error: Expected 11 elements, got 10
INFO - 09/24/25 20:33:01 - 2:10:35 - Skipping line due to error: Expected 11 elements, got 10
INFO - 09/24/25 20:33:01 - 2:10:35 - Skipping line due to error: Expected 11 elements, got 9
INFO - 09/24/25 20:33:01 - 2:10:35 - Skipping line due to error: Expected 11 elements, got 10
INFO - 09/24/25 20:33:01 - 2:10:35 - Skipping line due to error: Expected 11 elements, got 10
INFO - 09/24/25 20:33:01 - 2:10:35 - Skipping line due to error: setting an array element with a sequence. The requested array has an inhomogeneous shape after 1 dimensions. The detected shape was (11,) + inhomogeneous part.
INFO - 09/24/25 20:33:01 - 2:10:35 - Skipping line due to error: Expected 11 elements, got 10
INFO - 09/24/25 20:33:01 - 2:10:35 - Skipping line due to error: setting an array element with a sequence. The requested array has an inhomogeneous shape after 1 dimensions. The detected shape was (11,) + inhomogeneous part.
INFO - 09/24/25 20:33:01 - 2:10:35 - Skipping line due to error: Expected 11 elements, got 10
INFO - 09/24/25 20:33:01 - 2:10:35 - Skipping line due to error: setting an array element with a sequence. The requested array has an inhomogeneous shape after 1 dimensions. The detected shape was (11,) + inhomogeneous part.
INFO - 09/24/25 20:33:01 - 2:10:35 - Skipping line due to error: Expected 11 elements, got 10
INFO - 09/24/25 20:33:01 - 2:10:35 - Skipping line due to error: Expected 11 elements, got 9
INFO - 09/24/25 20:33:01 - 2:10:35 - Skipping line due to error: setting an array element with a sequence. The requested array has an inhomogeneous shape after 1 dimensions. The detected shape was (11,) + inhomogeneous part.
INFO - 09/24/25 20:33:01 - 2:10:35 - Skipping line due to error: Expected 11 elements, got 10
INFO - 09/24/25 20:33:01 - 2:10:35 - Skipping line due to error: Expected 11 elements, got 12
INFO - 09/24/25 20:33:01 - 2:10:35 - Skipping line due to error: Expected 11 elements, got 12
INFO - 09/24/25 20:33:01 - 2:10:35 - Skipping line due to error: Expected 11 elements, got 10
INFO - 09/24/25 20:33:01 - 2:10:35 - Skipping line due to error: setting an array element with a sequence. The requested array has an inhomogeneous shape after 1 dimensions. The detected shape was (11,) + inhomogeneous part.
INFO - 09/24/25 20:33:01 - 2:10:35 - Skipping line due to error: Expected 11 elements, got 6
INFO - 09/24/25 20:33:01 - 2:10:35 - Skipping line due to error: setting an array element with a sequence. The requested array has an inhomogeneous shape after 1 dimensions. The detected shape was (11,) + inhomogeneous part.
INFO - 09/24/25 20:33:01 - 2:10:35 - Skipping line due to error: Expected 11 elements, got 10
INFO - 09/24/25 20:33:01 - 2:10:35 - Skipping line due to error: Expected 11 elements, got 10
INFO - 09/24/25 20:33:01 - 2:10:35 - Skipping line due to error: Expected 11 elements, got 13
INFO - 09/24/25 20:33:01 - 2:10:35 - Skipping line due to error: setting an array element with a sequence. The requested array has an inhomogeneous shape after 1 dimensions. The detected shape was (11,) + inhomogeneous part.
INFO - 09/24/25 20:33:01 - 2:10:35 - Skipping line due to error: Expected 11 elements, got 12
INFO - 09/24/25 20:33:01 - 2:10:35 - Skipping line due to error: setting an array element with a sequence. The requested array has an inhomogeneous shape after 1 dimensions. The detected shape was (11,) + inhomogeneous part.
INFO - 09/24/25 20:33:01 - 2:10:35 - Skipping line due to error: setting an array element with a sequence. The requested array has an inhomogeneous shape after 1 dimensions. The detected shape was (11,) + inhomogeneous part.
INFO - 09/24/25 20:33:01 - 2:10:35 - Skipping line due to error: Expected 11 elements, got 9
INFO - 09/24/25 20:33:01 - 2:10:35 - Skipping line due to error: setting an array element with a sequence. The requested array has an inhomogeneous shape after 1 dimensions. The detected shape was (11,) + inhomogeneous part.
INFO - 09/24/25 20:33:01 - 2:10:35 - Skipping line due to error: Expected 11 elements, got 10
INFO - 09/24/25 20:33:01 - 2:10:35 - Skipping line due to error: Expected 11 elements, got 3
INFO - 09/24/25 20:33:01 - 2:10:35 - Skipping line due to error: Expected 11 elements, got 10
INFO - 09/24/25 20:33:01 - 2:10:35 - Skipping line due to error: Expected 11 elements, got 10
INFO - 09/24/25 20:33:01 - 2:10:35 - Skipping line due to error: setting an array element with a sequence. The requested array has an inhomogeneous shape after 1 dimensions. The detected shape was (11,) + inhomogeneous part.
INFO - 09/24/25 20:33:01 - 2:10:35 - Skipping line due to error: Expected 11 elements, got 13
INFO - 09/24/25 20:33:01 - 2:10:35 - Skipping line due to error: setting an array element with a sequence. The requested array has an inhomogeneous shape after 1 dimensions. The detected shape was (11,) + inhomogeneous part.
INFO - 09/24/25 20:33:01 - 2:10:35 - Skipping line due to error: setting an array element with a sequence. The requested array has an inhomogeneous shape after 1 dimensions. The detected shape was (11,) + inhomogeneous part.
INFO - 09/24/25 20:33:01 - 2:10:35 - Skipping line due to error: setting an array element with a sequence. The requested array has an inhomogeneous shape after 1 dimensions. The detected shape was (11,) + inhomogeneous part.
INFO - 09/24/25 20:33:01 - 2:10:35 - Skipping line due to error: setting an array element with a sequence. The requested array has an inhomogeneous shape after 1 dimensions. The detected shape was (11,) + inhomogeneous part.
INFO - 09/24/25 20:33:01 - 2:10:35 - Skipping line due to error: setting an array element with a sequence. The requested array has an inhomogeneous shape after 1 dimensions. The detected shape was (11,) + inhomogeneous part.
INFO - 09/24/25 20:33:06 - 2:10:40 - distribution of scores(all rounds)
INFO - 09/24/25 20:33:06 - 2:10:40 - Score:891.0, Count:1
                                     
INFO - 09/24/25 20:33:06 - 2:10:40 - Score:816.0, Count:2
                                     
INFO - 09/24/25 20:33:06 - 2:10:40 - Score:807.0, Count:1
                                     
INFO - 09/24/25 20:33:06 - 2:10:40 - Score:805.0, Count:1
                                     
INFO - 09/24/25 20:33:06 - 2:10:40 - Score:801.0, Count:1
                                     
INFO - 09/24/25 20:33:06 - 2:10:40 - Score:800.0, Count:1
                                     
INFO - 09/24/25 20:33:06 - 2:10:40 - Score:798.0, Count:3
                                     
INFO - 09/24/25 20:33:06 - 2:10:40 - Score:793.0, Count:1
                                     
INFO - 09/24/25 20:33:06 - 2:10:40 - Score:780.0, Count:1
                                     
INFO - 09/24/25 20:33:06 - 2:10:40 - Score:776.0, Count:1
                                     
INFO - 09/24/25 20:33:06 - 2:10:40 - Score:774.0, Count:1
                                     
INFO - 09/24/25 20:33:06 - 2:10:40 - Score:769.0, Count:1
                                     
INFO - 09/24/25 20:33:06 - 2:10:40 - Score:654.0, Count:0
                                     
INFO - 09/24/25 20:33:06 - 2:10:40 - Score:576.0, Count:0
                                     
INFO - 09/24/25 20:33:06 - 2:10:40 - Score:434.0, Count:0
                                     
INFO - 09/24/25 20:33:06 - 2:10:40 - tokenizing
INFO - 09/24/25 20:33:06 - 2:10:40 - Loading tokenizer from /home/yuebi/Project/dim11_run/dim11_run_23/7787/tokenizer_data/tokenizer.json...
INFO - 09/24/25 20:33:06 - 2:10:40 - 0 / 15
INFO - 09/24/25 20:33:06 - 2:10:40 - number of examples in the dataset: 15
INFO - 09/24/25 20:33:06 - 2:10:40 - max word length: 66
INFO - 09/24/25 20:33:06 - 2:10:40 - number of unique characters in the vocabulary: 15
INFO - 09/24/25 20:33:06 - 2:10:40 - vocabulary:
INFO - 09/24/25 20:33:06 - 2:10:40 - ['V0', 'V1', 'V2', 'V3', 'V4', 'V5', 'V6', 'V7', 'V8', 'V9', 'V10', 'V11', 'V12', 'V13', 'V14']
INFO - 09/24/25 20:33:06 - 2:10:40 - split up the dataset into 14 training examples and 1 test examples
INFO - 09/24/25 20:33:06 - 2:10:40 - ============ Start of generation 7 ============
INFO - 09/24/25 20:33:06 - 2:10:40 - Memory allocated:  41.64MB, reserved: 1854.00MB
INFO - 09/24/25 20:33:06 - 2:10:40 - training
INFO - 09/24/25 20:33:06 - 2:10:40 - step 0 | loss 6.2915 | step time 99.34ms
INFO - 09/24/25 20:33:15 - 2:10:50 - step 100 | loss 0.0559 | step time 92.60ms
INFO - 09/24/25 20:33:25 - 2:10:59 - step 200 | loss 0.0508 | step time 92.57ms
INFO - 09/24/25 20:33:34 - 2:11:08 - step 300 | loss 0.0481 | step time 92.46ms
INFO - 09/24/25 20:33:43 - 2:11:17 - step 400 | loss 0.0473 | step time 92.61ms
INFO - 09/24/25 20:33:52 - 2:11:27 - step 500 | loss 0.0471 | step time 92.51ms
INFO - 09/24/25 20:33:52 - 2:11:27 - step 500 train loss: 0.046949103474617004 test loss: 6.548655986785889
INFO - 09/24/25 20:33:52 - 2:11:27 - test loss 6.548655986785889 is the best so far, saving model to /home/yuebi/Project/dim11_run/dim11_run_23/7787/model.pt
INFO - 09/24/25 20:34:02 - 2:11:36 - step 600 | loss 0.0447 | step time 92.58ms
INFO - 09/24/25 20:34:11 - 2:11:45 - step 700 | loss 0.0456 | step time 92.41ms
INFO - 09/24/25 20:34:20 - 2:11:55 - step 800 | loss 0.0466 | step time 92.48ms
INFO - 09/24/25 20:34:29 - 2:12:04 - step 900 | loss 0.0472 | step time 92.61ms
INFO - 09/24/25 20:34:39 - 2:12:13 - Memory allocated:  41.64MB, reserved: 1854.00MB
INFO - 09/24/25 20:34:39 - 2:12:13 - generating
INFO - 09/24/25 20:54:33 - 2:32:07 - distribution of sample lengths: average: 178.8695 max: 417
INFO - 09/24/25 20:54:33 - 2:32:07 - printed 30000 samples
INFO - 09/24/25 20:54:33 - 2:32:07 - decoding
INFO - 09/24/25 20:54:33 - 2:32:08 - Decoding complete. Check the output in /home/yuebi/Project/dim11_run/dim11_run_23/7787/transformer-output-decoded.txt
INFO - 09/24/25 20:54:33 - 2:32:08 - Memory allocated:  41.64MB, reserved: 1854.00MB
INFO - 09/24/25 20:54:33 - 2:32:08 - ============ End of generation 7 ============
INFO - 09/24/25 20:54:33 - 2:32:08 - launching search.jl
INFO - 09/24/25 20:54:33 - 2:32:08 - JULIA_NUM_THREADS is set to 1
INFO - 09/24/25 20:54:33 - 2:32:08 - Skipping line due to error: setting an array element with a sequence. The requested array has an inhomogeneous shape after 1 dimensions. The detected shape was (11,) + inhomogeneous part.
INFO - 09/24/25 20:54:33 - 2:32:08 - Skipping line due to error: setting an array element with a sequence. The requested array has an inhomogeneous shape after 1 dimensions. The detected shape was (11,) + inhomogeneous part.
INFO - 09/24/25 20:54:33 - 2:32:08 - Skipping line due to error: Expected 11 elements, got 10
INFO - 09/24/25 20:54:33 - 2:32:08 - Skipping line due to error: Expected 11 elements, got 12
INFO - 09/24/25 20:54:33 - 2:32:08 - Skipping line due to error: Expected 11 elements, got 9
INFO - 09/24/25 20:54:33 - 2:32:08 - Skipping line due to error: setting an array element with a sequence. The requested array has an inhomogeneous shape after 1 dimensions. The detected shape was (11,) + inhomogeneous part.
INFO - 09/24/25 20:54:33 - 2:32:08 - Skipping line due to error: Expected 11 elements, got 10
INFO - 09/24/25 20:54:33 - 2:32:08 - Skipping line due to error: setting an array element with a sequence. The requested array has an inhomogeneous shape after 1 dimensions. The detected shape was (11,) + inhomogeneous part.
INFO - 09/24/25 20:54:33 - 2:32:08 - Skipping line due to error: setting an array element with a sequence. The requested array has an inhomogeneous shape after 1 dimensions. The detected shape was (11,) + inhomogeneous part.
INFO - 09/24/25 20:54:33 - 2:32:08 - Skipping line due to error: Expected 11 elements, got 10
INFO - 09/24/25 20:54:33 - 2:32:08 - Skipping line due to error: setting an array element with a sequence. The requested array has an inhomogeneous shape after 1 dimensions. The detected shape was (11,) + inhomogeneous part.
INFO - 09/24/25 20:54:33 - 2:32:08 - Skipping line due to error: setting an array element with a sequence. The requested array has an inhomogeneous shape after 1 dimensions. The detected shape was (11,) + inhomogeneous part.
INFO - 09/24/25 20:54:33 - 2:32:08 - Skipping line due to error: setting an array element with a sequence. The requested array has an inhomogeneous shape after 1 dimensions. The detected shape was (11,) + inhomogeneous part.
INFO - 09/24/25 20:54:33 - 2:32:08 - Skipping line due to error: setting an array element with a sequence. The requested array has an inhomogeneous shape after 1 dimensions. The detected shape was (11,) + inhomogeneous part.
INFO - 09/24/25 20:54:33 - 2:32:08 - Skipping line due to error: setting an array element with a sequence. The requested array has an inhomogeneous shape after 1 dimensions. The detected shape was (11,) + inhomogeneous part.
INFO - 09/24/25 20:54:33 - 2:32:08 - Skipping line due to error: Expected 11 elements, got 9
INFO - 09/24/25 20:54:33 - 2:32:08 - Skipping line due to error: Expected 11 elements, got 12
INFO - 09/24/25 20:54:33 - 2:32:08 - Skipping line due to error: Expected 11 elements, got 10
INFO - 09/24/25 20:54:33 - 2:32:08 - Skipping line due to error: setting an array element with a sequence. The requested array has an inhomogeneous shape after 1 dimensions. The detected shape was (11,) + inhomogeneous part.
INFO - 09/24/25 20:54:33 - 2:32:08 - Skipping line due to error: Expected 11 elements, got 12
INFO - 09/24/25 20:54:33 - 2:32:08 - Skipping line due to error: Expected 11 elements, got 12
INFO - 09/24/25 20:54:33 - 2:32:08 - Skipping line due to error: setting an array element with a sequence. The requested array has an inhomogeneous shape after 1 dimensions. The detected shape was (11,) + inhomogeneous part.
INFO - 09/24/25 20:54:33 - 2:32:08 - Skipping line due to error: Expected 11 elements, got 12
INFO - 09/24/25 20:54:33 - 2:32:08 - Skipping line due to error: setting an array element with a sequence. The requested array has an inhomogeneous shape after 1 dimensions. The detected shape was (11,) + inhomogeneous part.
INFO - 09/24/25 20:54:33 - 2:32:08 - Skipping line due to error: setting an array element with a sequence. The requested array has an inhomogeneous shape after 1 dimensions. The detected shape was (11,) + inhomogeneous part.
INFO - 09/24/25 20:54:33 - 2:32:08 - Skipping line due to error: setting an array element with a sequence. The requested array has an inhomogeneous shape after 1 dimensions. The detected shape was (11,) + inhomogeneous part.
INFO - 09/24/25 20:54:33 - 2:32:08 - Skipping line due to error: Expected 11 elements, got 5
INFO - 09/24/25 20:54:33 - 2:32:08 - Skipping line due to error: Expected 11 elements, got 10
INFO - 09/24/25 20:54:33 - 2:32:08 - Skipping line due to error: Expected 11 elements, got 6
INFO - 09/24/25 20:54:33 - 2:32:08 - Skipping line due to error: Expected 11 elements, got 10
INFO - 09/24/25 20:54:33 - 2:32:08 - Skipping line due to error: Expected 11 elements, got 6
INFO - 09/24/25 20:54:33 - 2:32:08 - Skipping line due to error: Expected 11 elements, got 10
INFO - 09/24/25 20:54:33 - 2:32:08 - Skipping line due to error: Expected 11 elements, got 12
INFO - 09/24/25 20:54:33 - 2:32:08 - Skipping line due to error: setting an array element with a sequence. The requested array has an inhomogeneous shape after 1 dimensions. The detected shape was (11,) + inhomogeneous part.
INFO - 09/24/25 20:54:33 - 2:32:08 - Skipping line due to error: setting an array element with a sequence. The requested array has an inhomogeneous shape after 1 dimensions. The detected shape was (11,) + inhomogeneous part.
INFO - 09/24/25 20:54:33 - 2:32:08 - Skipping line due to error: Expected 11 elements, got 10
INFO - 09/24/25 20:54:33 - 2:32:08 - Skipping line due to error: Expected 11 elements, got 9
INFO - 09/24/25 20:54:33 - 2:32:08 - Skipping line due to error: setting an array element with a sequence. The requested array has an inhomogeneous shape after 1 dimensions. The detected shape was (11,) + inhomogeneous part.
INFO - 09/24/25 20:54:33 - 2:32:08 - Skipping line due to error: Expected 11 elements, got 2
INFO - 09/24/25 20:54:33 - 2:32:08 - Skipping line due to error: Expected 11 elements, got 10
INFO - 09/24/25 20:54:33 - 2:32:08 - Skipping line due to error: setting an array element with a sequence. The requested array has an inhomogeneous shape after 1 dimensions. The detected shape was (11,) + inhomogeneous part.
INFO - 09/24/25 20:54:33 - 2:32:08 - Skipping line due to error: setting an array element with a sequence. The requested array has an inhomogeneous shape after 1 dimensions. The detected shape was (11,) + inhomogeneous part.
INFO - 09/24/25 20:54:33 - 2:32:08 - Skipping line due to error: Expected 11 elements, got 17
INFO - 09/24/25 20:54:33 - 2:32:08 - Skipping line due to error: setting an array element with a sequence. The requested array has an inhomogeneous shape after 1 dimensions. The detected shape was (11,) + inhomogeneous part.
INFO - 09/24/25 20:54:33 - 2:32:08 - Skipping line due to error: setting an array element with a sequence. The requested array has an inhomogeneous shape after 1 dimensions. The detected shape was (11,) + inhomogeneous part.
INFO - 09/24/25 20:54:33 - 2:32:08 - Skipping line due to error: setting an array element with a sequence. The requested array has an inhomogeneous shape after 1 dimensions. The detected shape was (11,) + inhomogeneous part.
INFO - 09/24/25 20:54:33 - 2:32:08 - Skipping line due to error: Expected 11 elements, got 6
INFO - 09/24/25 20:54:33 - 2:32:08 - Skipping line due to error: Expected 11 elements, got 9
INFO - 09/24/25 20:54:33 - 2:32:08 - Skipping line due to error: Expected 11 elements, got 10
INFO - 09/24/25 20:54:33 - 2:32:08 - Skipping line due to error: setting an array element with a sequence. The requested array has an inhomogeneous shape after 1 dimensions. The detected shape was (11,) + inhomogeneous part.
INFO - 09/24/25 20:54:33 - 2:32:08 - Skipping line due to error: setting an array element with a sequence. The requested array has an inhomogeneous shape after 1 dimensions. The detected shape was (11,) + inhomogeneous part.
INFO - 09/24/25 20:54:33 - 2:32:08 - Skipping line due to error: Expected 11 elements, got 10
INFO - 09/24/25 20:54:33 - 2:32:08 - Skipping line due to error: Expected 11 elements, got 10
INFO - 09/24/25 20:54:33 - 2:32:08 - Skipping line due to error: Expected 11 elements, got 2
INFO - 09/24/25 20:54:33 - 2:32:08 - Skipping line due to error: setting an array element with a sequence. The requested array has an inhomogeneous shape after 1 dimensions. The detected shape was (11,) + inhomogeneous part.
INFO - 09/24/25 20:54:33 - 2:32:08 - Skipping line due to error: Expected 11 elements, got 9
INFO - 09/24/25 20:54:33 - 2:32:08 - Skipping line due to error: setting an array element with a sequence. The requested array has an inhomogeneous shape after 1 dimensions. The detected shape was (11,) + inhomogeneous part.
INFO - 09/24/25 20:54:33 - 2:32:08 - Skipping line due to error: setting an array element with a sequence. The requested array has an inhomogeneous shape after 1 dimensions. The detected shape was (11,) + inhomogeneous part.
INFO - 09/24/25 20:54:33 - 2:32:08 - Skipping line due to error: Expected 11 elements, got 10
INFO - 09/24/25 20:54:33 - 2:32:08 - Skipping line due to error: Expected 11 elements, got 10
INFO - 09/24/25 20:54:33 - 2:32:08 - Skipping line due to error: Expected 11 elements, got 12
INFO - 09/24/25 20:54:33 - 2:32:08 - Skipping line due to error: setting an array element with a sequence. The requested array has an inhomogeneous shape after 1 dimensions. The detected shape was (11,) + inhomogeneous part.
INFO - 09/24/25 20:54:33 - 2:32:08 - Skipping line due to error: setting an array element with a sequence. The requested array has an inhomogeneous shape after 1 dimensions. The detected shape was (11,) + inhomogeneous part.
INFO - 09/24/25 20:54:33 - 2:32:08 - Skipping line due to error: Expected 11 elements, got 10
INFO - 09/24/25 20:54:33 - 2:32:08 - Skipping line due to error: Expected 11 elements, got 10
INFO - 09/24/25 20:54:33 - 2:32:08 - Skipping line due to error: Expected 11 elements, got 14
INFO - 09/24/25 20:54:33 - 2:32:08 - Skipping line due to error: setting an array element with a sequence. The requested array has an inhomogeneous shape after 1 dimensions. The detected shape was (11,) + inhomogeneous part.
INFO - 09/24/25 20:54:33 - 2:32:08 - Skipping line due to error: Expected 11 elements, got 10
INFO - 09/24/25 20:54:33 - 2:32:08 - Skipping line due to error: setting an array element with a sequence. The requested array has an inhomogeneous shape after 1 dimensions. The detected shape was (11,) + inhomogeneous part.
INFO - 09/24/25 20:54:33 - 2:32:08 - Skipping line due to error: setting an array element with a sequence. The requested array has an inhomogeneous shape after 1 dimensions. The detected shape was (11,) + inhomogeneous part.
INFO - 09/24/25 20:54:33 - 2:32:08 - Skipping line due to error: Expected 11 elements, got 10
INFO - 09/24/25 20:54:33 - 2:32:08 - Skipping line due to error: Expected 11 elements, got 12
INFO - 09/24/25 20:54:33 - 2:32:08 - Skipping line due to error: setting an array element with a sequence. The requested array has an inhomogeneous shape after 1 dimensions. The detected shape was (11,) + inhomogeneous part.
INFO - 09/24/25 20:54:33 - 2:32:08 - Skipping line due to error: Expected 11 elements, got 12
INFO - 09/24/25 20:54:33 - 2:32:08 - Skipping line due to error: Expected 11 elements, got 21
INFO - 09/24/25 20:54:33 - 2:32:08 - Skipping line due to error: setting an array element with a sequence. The requested array has an inhomogeneous shape after 1 dimensions. The detected shape was (11,) + inhomogeneous part.
INFO - 09/24/25 20:54:33 - 2:32:08 - Skipping line due to error: Expected 11 elements, got 10
INFO - 09/24/25 20:54:33 - 2:32:08 - Skipping line due to error: setting an array element with a sequence. The requested array has an inhomogeneous shape after 1 dimensions. The detected shape was (11,) + inhomogeneous part.
INFO - 09/24/25 20:54:33 - 2:32:08 - Skipping line due to error: setting an array element with a sequence. The requested array has an inhomogeneous shape after 1 dimensions. The detected shape was (11,) + inhomogeneous part.
INFO - 09/24/25 20:54:33 - 2:32:08 - Skipping line due to error: Expected 11 elements, got 12
INFO - 09/24/25 20:54:33 - 2:32:08 - Skipping line due to error: setting an array element with a sequence. The requested array has an inhomogeneous shape after 1 dimensions. The detected shape was (11,) + inhomogeneous part.
INFO - 09/24/25 20:54:33 - 2:32:08 - Skipping line due to error: setting an array element with a sequence. The requested array has an inhomogeneous shape after 1 dimensions. The detected shape was (11,) + inhomogeneous part.
INFO - 09/24/25 20:54:33 - 2:32:08 - Skipping line due to error: Expected 11 elements, got 13
INFO - 09/24/25 20:54:33 - 2:32:08 - Skipping line due to error: Expected 11 elements, got 12
INFO - 09/24/25 20:54:33 - 2:32:08 - Skipping line due to error: Expected 11 elements, got 12
INFO - 09/24/25 20:54:33 - 2:32:08 - Skipping line due to error: setting an array element with a sequence. The requested array has an inhomogeneous shape after 1 dimensions. The detected shape was (11,) + inhomogeneous part.
INFO - 09/24/25 20:54:33 - 2:32:08 - Skipping line due to error: Expected 11 elements, got 4
INFO - 09/24/25 20:54:33 - 2:32:08 - Skipping line due to error: Expected 11 elements, got 12
INFO - 09/24/25 20:54:33 - 2:32:08 - Skipping line due to error: Expected 11 elements, got 12
INFO - 09/24/25 20:54:33 - 2:32:08 - Skipping line due to error: setting an array element with a sequence. The requested array has an inhomogeneous shape after 1 dimensions. The detected shape was (11,) + inhomogeneous part.
INFO - 09/24/25 20:54:33 - 2:32:08 - Skipping line due to error: Expected 11 elements, got 10
INFO - 09/24/25 20:54:33 - 2:32:08 - Skipping line due to error: Expected 11 elements, got 8
INFO - 09/24/25 20:54:33 - 2:32:08 - Skipping line due to error: Expected 11 elements, got 10
INFO - 09/24/25 20:54:33 - 2:32:08 - Skipping line due to error: setting an array element with a sequence. The requested array has an inhomogeneous shape after 1 dimensions. The detected shape was (11,) + inhomogeneous part.
INFO - 09/24/25 20:54:33 - 2:32:08 - Skipping line due to error: setting an array element with a sequence. The requested array has an inhomogeneous shape after 1 dimensions. The detected shape was (11,) + inhomogeneous part.
INFO - 09/24/25 20:54:33 - 2:32:08 - Skipping line due to error: Expected 11 elements, got 12
INFO - 09/24/25 20:54:33 - 2:32:08 - Skipping line due to error: Expected 11 elements, got 10
INFO - 09/24/25 20:54:33 - 2:32:08 - Skipping line due to error: Expected 11 elements, got 10
INFO - 09/24/25 20:54:33 - 2:32:08 - Skipping line due to error: Expected 11 elements, got 9
INFO - 09/24/25 20:54:33 - 2:32:08 - Skipping line due to error: Expected 11 elements, got 10
INFO - 09/24/25 20:54:33 - 2:32:08 - Skipping line due to error: setting an array element with a sequence. The requested array has an inhomogeneous shape after 1 dimensions. The detected shape was (11,) + inhomogeneous part.
INFO - 09/24/25 20:54:33 - 2:32:08 - Skipping line due to error: setting an array element with a sequence. The requested array has an inhomogeneous shape after 1 dimensions. The detected shape was (11,) + inhomogeneous part.
INFO - 09/24/25 20:54:33 - 2:32:08 - Skipping line due to error: setting an array element with a sequence. The requested array has an inhomogeneous shape after 1 dimensions. The detected shape was (11,) + inhomogeneous part.
INFO - 09/24/25 20:54:33 - 2:32:08 - Skipping line due to error: setting an array element with a sequence. The requested array has an inhomogeneous shape after 1 dimensions. The detected shape was (11,) + inhomogeneous part.
INFO - 09/24/25 20:54:33 - 2:32:08 - Skipping line due to error: Expected 11 elements, got 12
INFO - 09/24/25 20:54:33 - 2:32:08 - Skipping line due to error: Expected 11 elements, got 10
INFO - 09/24/25 20:54:33 - 2:32:08 - Skipping line due to error: Expected 11 elements, got 10
INFO - 09/24/25 20:54:33 - 2:32:08 - Skipping line due to error: setting an array element with a sequence. The requested array has an inhomogeneous shape after 1 dimensions. The detected shape was (11,) + inhomogeneous part.
INFO - 09/24/25 20:54:33 - 2:32:08 - Skipping line due to error: Expected 11 elements, got 12
INFO - 09/24/25 20:54:33 - 2:32:08 - Skipping line due to error: Expected 11 elements, got 2
INFO - 09/24/25 20:54:33 - 2:32:08 - Skipping line due to error: setting an array element with a sequence. The requested array has an inhomogeneous shape after 1 dimensions. The detected shape was (11,) + inhomogeneous part.
INFO - 09/24/25 20:54:33 - 2:32:08 - Skipping line due to error: Expected 11 elements, got 10
INFO - 09/24/25 20:54:33 - 2:32:08 - Skipping line due to error: Expected 11 elements, got 9
INFO - 09/24/25 20:54:33 - 2:32:08 - Skipping line due to error: Expected 11 elements, got 9
INFO - 09/24/25 20:54:33 - 2:32:08 - Skipping line due to error: Expected 11 elements, got 12
INFO - 09/24/25 20:54:33 - 2:32:08 - Skipping line due to error: Expected 11 elements, got 8
INFO - 09/24/25 20:54:33 - 2:32:08 - Skipping line due to error: Expected 11 elements, got 20
INFO - 09/24/25 20:54:33 - 2:32:08 - Skipping line due to error: setting an array element with a sequence. The requested array has an inhomogeneous shape after 1 dimensions. The detected shape was (11,) + inhomogeneous part.
INFO - 09/24/25 20:54:33 - 2:32:08 - Skipping line due to error: Expected 11 elements, got 12
INFO - 09/24/25 20:54:33 - 2:32:08 - Skipping line due to error: setting an array element with a sequence. The requested array has an inhomogeneous shape after 1 dimensions. The detected shape was (11,) + inhomogeneous part.
INFO - 09/24/25 20:54:33 - 2:32:08 - Skipping line due to error: setting an array element with a sequence. The requested array has an inhomogeneous shape after 1 dimensions. The detected shape was (11,) + inhomogeneous part.
INFO - 09/24/25 20:54:33 - 2:32:08 - Skipping line due to error: Expected 11 elements, got 10
INFO - 09/24/25 20:54:33 - 2:32:08 - Skipping line due to error: Expected 11 elements, got 10
INFO - 09/24/25 20:54:33 - 2:32:08 - Skipping line due to error: Expected 11 elements, got 10
INFO - 09/24/25 20:54:33 - 2:32:08 - Skipping line due to error: Expected 11 elements, got 14
INFO - 09/24/25 20:54:33 - 2:32:08 - Skipping line due to error: setting an array element with a sequence. The requested array has an inhomogeneous shape after 1 dimensions. The detected shape was (11,) + inhomogeneous part.
INFO - 09/24/25 20:54:33 - 2:32:08 - Skipping line due to error: setting an array element with a sequence. The requested array has an inhomogeneous shape after 1 dimensions. The detected shape was (11,) + inhomogeneous part.
INFO - 09/24/25 20:54:33 - 2:32:08 - Skipping line due to error: setting an array element with a sequence. The requested array has an inhomogeneous shape after 1 dimensions. The detected shape was (11,) + inhomogeneous part.
INFO - 09/24/25 20:54:33 - 2:32:08 - Skipping line due to error: setting an array element with a sequence. The requested array has an inhomogeneous shape after 1 dimensions. The detected shape was (11,) + inhomogeneous part.
INFO - 09/24/25 20:54:33 - 2:32:08 - Skipping line due to error: Expected 11 elements, got 12
INFO - 09/24/25 20:54:33 - 2:32:08 - Skipping line due to error: setting an array element with a sequence. The requested array has an inhomogeneous shape after 1 dimensions. The detected shape was (11,) + inhomogeneous part.
INFO - 09/24/25 20:54:33 - 2:32:08 - Skipping line due to error: Expected 11 elements, got 12
INFO - 09/24/25 20:54:33 - 2:32:08 - Skipping line due to error: setting an array element with a sequence. The requested array has an inhomogeneous shape after 1 dimensions. The detected shape was (11,) + inhomogeneous part.
INFO - 09/24/25 20:54:33 - 2:32:08 - Skipping line due to error: Expected 11 elements, got 10
INFO - 09/24/25 20:54:33 - 2:32:08 - Skipping line due to error: setting an array element with a sequence. The requested array has an inhomogeneous shape after 1 dimensions. The detected shape was (11,) + inhomogeneous part.
INFO - 09/24/25 20:54:33 - 2:32:08 - Skipping line due to error: Expected 11 elements, got 12
INFO - 09/24/25 20:54:33 - 2:32:08 - Skipping line due to error: Expected 11 elements, got 10
INFO - 09/24/25 20:54:33 - 2:32:08 - Skipping line due to error: Expected 11 elements, got 10
INFO - 09/24/25 20:54:33 - 2:32:08 - Skipping line due to error: setting an array element with a sequence. The requested array has an inhomogeneous shape after 1 dimensions. The detected shape was (11,) + inhomogeneous part.
INFO - 09/24/25 20:54:33 - 2:32:08 - Skipping line due to error: setting an array element with a sequence. The requested array has an inhomogeneous shape after 1 dimensions. The detected shape was (11,) + inhomogeneous part.
INFO - 09/24/25 20:54:33 - 2:32:08 - Skipping line due to error: Expected 11 elements, got 10
INFO - 09/24/25 20:54:33 - 2:32:08 - Skipping line due to error: Expected 11 elements, got 10
INFO - 09/24/25 20:54:33 - 2:32:08 - Skipping line due to error: setting an array element with a sequence. The requested array has an inhomogeneous shape after 1 dimensions. The detected shape was (11,) + inhomogeneous part.
INFO - 09/24/25 20:54:33 - 2:32:08 - Skipping line due to error: Expected 11 elements, got 12
INFO - 09/24/25 20:54:33 - 2:32:08 - Skipping line due to error: Expected 11 elements, got 13
INFO - 09/24/25 20:54:33 - 2:32:08 - Skipping line due to error: Expected 11 elements, got 2
INFO - 09/24/25 20:54:33 - 2:32:08 - Skipping line due to error: setting an array element with a sequence. The requested array has an inhomogeneous shape after 1 dimensions. The detected shape was (11,) + inhomogeneous part.
INFO - 09/24/25 20:54:33 - 2:32:08 - Skipping line due to error: setting an array element with a sequence. The requested array has an inhomogeneous shape after 1 dimensions. The detected shape was (11,) + inhomogeneous part.
INFO - 09/24/25 20:54:33 - 2:32:08 - Skipping line due to error: Expected 11 elements, got 8
INFO - 09/24/25 20:54:33 - 2:32:08 - Skipping line due to error: setting an array element with a sequence. The requested array has an inhomogeneous shape after 1 dimensions. The detected shape was (11,) + inhomogeneous part.
INFO - 09/24/25 20:54:33 - 2:32:08 - Skipping line due to error: Expected 11 elements, got 9
INFO - 09/24/25 20:54:33 - 2:32:08 - Skipping line due to error: Expected 11 elements, got 12
INFO - 09/24/25 20:54:33 - 2:32:08 - Skipping line due to error: Expected 11 elements, got 9
INFO - 09/24/25 20:54:33 - 2:32:08 - Skipping line due to error: setting an array element with a sequence. The requested array has an inhomogeneous shape after 1 dimensions. The detected shape was (11,) + inhomogeneous part.
INFO - 09/24/25 20:54:33 - 2:32:08 - Skipping line due to error: Expected 11 elements, got 2
INFO - 09/24/25 20:54:33 - 2:32:08 - Skipping line due to error: Expected 11 elements, got 13
INFO - 09/24/25 20:54:33 - 2:32:08 - Skipping line due to error: Expected 11 elements, got 10
INFO - 09/24/25 20:54:33 - 2:32:08 - Skipping line due to error: Expected 11 elements, got 10
INFO - 09/24/25 20:54:33 - 2:32:08 - Skipping line due to error: setting an array element with a sequence. The requested array has an inhomogeneous shape after 1 dimensions. The detected shape was (11,) + inhomogeneous part.
INFO - 09/24/25 20:54:33 - 2:32:08 - Skipping line due to error: setting an array element with a sequence. The requested array has an inhomogeneous shape after 1 dimensions. The detected shape was (11,) + inhomogeneous part.
INFO - 09/24/25 20:54:33 - 2:32:08 - Skipping line due to error: setting an array element with a sequence. The requested array has an inhomogeneous shape after 1 dimensions. The detected shape was (11,) + inhomogeneous part.
INFO - 09/24/25 20:54:33 - 2:32:08 - Skipping line due to error: Expected 11 elements, got 21
INFO - 09/24/25 20:54:33 - 2:32:08 - Skipping line due to error: Expected 11 elements, got 12
INFO - 09/24/25 20:54:33 - 2:32:08 - Skipping line due to error: setting an array element with a sequence. The requested array has an inhomogeneous shape after 1 dimensions. The detected shape was (11,) + inhomogeneous part.
INFO - 09/24/25 20:54:33 - 2:32:08 - Skipping line due to error: Expected 11 elements, got 12
INFO - 09/24/25 20:54:33 - 2:32:08 - Skipping line due to error: setting an array element with a sequence. The requested array has an inhomogeneous shape after 1 dimensions. The detected shape was (11,) + inhomogeneous part.
INFO - 09/24/25 20:54:33 - 2:32:08 - Skipping line due to error: Expected 11 elements, got 10
INFO - 09/24/25 20:54:33 - 2:32:08 - Skipping line due to error: Expected 11 elements, got 10
INFO - 09/24/25 20:54:33 - 2:32:08 - Skipping line due to error: Expected 11 elements, got 10
INFO - 09/24/25 20:54:33 - 2:32:08 - Skipping line due to error: setting an array element with a sequence. The requested array has an inhomogeneous shape after 1 dimensions. The detected shape was (11,) + inhomogeneous part.
INFO - 09/24/25 20:54:33 - 2:32:08 - Skipping line due to error: Expected 11 elements, got 12
INFO - 09/24/25 20:54:33 - 2:32:08 - Skipping line due to error: Expected 11 elements, got 5
INFO - 09/24/25 20:54:33 - 2:32:08 - Skipping line due to error: Expected 11 elements, got 12
INFO - 09/24/25 20:54:33 - 2:32:08 - Skipping line due to error: setting an array element with a sequence. The requested array has an inhomogeneous shape after 1 dimensions. The detected shape was (11,) + inhomogeneous part.
INFO - 09/24/25 20:54:33 - 2:32:08 - Skipping line due to error: Expected 11 elements, got 19
INFO - 09/24/25 20:54:33 - 2:32:08 - Skipping line due to error: setting an array element with a sequence. The requested array has an inhomogeneous shape after 1 dimensions. The detected shape was (11,) + inhomogeneous part.
INFO - 09/24/25 20:54:33 - 2:32:08 - Skipping line due to error: Expected 11 elements, got 10
INFO - 09/24/25 20:54:33 - 2:32:08 - Skipping line due to error: setting an array element with a sequence. The requested array has an inhomogeneous shape after 1 dimensions. The detected shape was (11,) + inhomogeneous part.
INFO - 09/24/25 20:54:33 - 2:32:08 - Skipping line due to error: Expected 11 elements, got 17
INFO - 09/24/25 20:54:33 - 2:32:08 - Skipping line due to error: Expected 11 elements, got 12
INFO - 09/24/25 20:54:33 - 2:32:08 - Skipping line due to error: setting an array element with a sequence. The requested array has an inhomogeneous shape after 1 dimensions. The detected shape was (11,) + inhomogeneous part.
INFO - 09/24/25 20:54:33 - 2:32:08 - Skipping line due to error: Expected 11 elements, got 13
INFO - 09/24/25 20:54:33 - 2:32:08 - Skipping line due to error: setting an array element with a sequence. The requested array has an inhomogeneous shape after 1 dimensions. The detected shape was (11,) + inhomogeneous part.
INFO - 09/24/25 20:54:33 - 2:32:08 - Skipping line due to error: setting an array element with a sequence. The requested array has an inhomogeneous shape after 1 dimensions. The detected shape was (11,) + inhomogeneous part.
INFO - 09/24/25 20:54:33 - 2:32:08 - Skipping line due to error: setting an array element with a sequence. The requested array has an inhomogeneous shape after 1 dimensions. The detected shape was (11,) + inhomogeneous part.
INFO - 09/24/25 20:54:33 - 2:32:08 - Skipping line due to error: Expected 11 elements, got 8
INFO - 09/24/25 20:54:33 - 2:32:08 - Skipping line due to error: Expected 11 elements, got 8
INFO - 09/24/25 20:54:33 - 2:32:08 - Skipping line due to error: setting an array element with a sequence. The requested array has an inhomogeneous shape after 1 dimensions. The detected shape was (11,) + inhomogeneous part.
INFO - 09/24/25 20:54:33 - 2:32:08 - Skipping line due to error: Expected 11 elements, got 12
INFO - 09/24/25 20:54:33 - 2:32:08 - Skipping line due to error: setting an array element with a sequence. The requested array has an inhomogeneous shape after 1 dimensions. The detected shape was (11,) + inhomogeneous part.
INFO - 09/24/25 20:54:33 - 2:32:08 - Skipping line due to error: Expected 11 elements, got 17
INFO - 09/24/25 20:54:33 - 2:32:08 - Skipping line due to error: Expected 11 elements, got 9
INFO - 09/24/25 20:54:33 - 2:32:08 - Skipping line due to error: Expected 11 elements, got 12
INFO - 09/24/25 20:54:33 - 2:32:08 - Skipping line due to error: Expected 11 elements, got 12
INFO - 09/24/25 20:54:33 - 2:32:08 - Skipping line due to error: setting an array element with a sequence. The requested array has an inhomogeneous shape after 1 dimensions. The detected shape was (11,) + inhomogeneous part.
INFO - 09/24/25 20:54:33 - 2:32:08 - Skipping line due to error: setting an array element with a sequence. The requested array has an inhomogeneous shape after 1 dimensions. The detected shape was (11,) + inhomogeneous part.
INFO - 09/24/25 20:54:33 - 2:32:08 - Skipping line due to error: Expected 11 elements, got 12
INFO - 09/24/25 20:54:33 - 2:32:08 - Skipping line due to error: Expected 11 elements, got 10
INFO - 09/24/25 20:54:33 - 2:32:08 - Skipping line due to error: setting an array element with a sequence. The requested array has an inhomogeneous shape after 1 dimensions. The detected shape was (11,) + inhomogeneous part.
INFO - 09/24/25 20:54:33 - 2:32:08 - Skipping line due to error: Expected 11 elements, got 10
INFO - 09/24/25 20:54:33 - 2:32:08 - Skipping line due to error: setting an array element with a sequence. The requested array has an inhomogeneous shape after 1 dimensions. The detected shape was (11,) + inhomogeneous part.
INFO - 09/24/25 20:54:33 - 2:32:08 - Skipping line due to error: Expected 11 elements, got 12
INFO - 09/24/25 20:54:33 - 2:32:08 - Skipping line due to error: Expected 11 elements, got 12
INFO - 09/24/25 20:54:33 - 2:32:08 - Skipping line due to error: setting an array element with a sequence. The requested array has an inhomogeneous shape after 1 dimensions. The detected shape was (11,) + inhomogeneous part.
INFO - 09/24/25 20:54:33 - 2:32:08 - Skipping line due to error: Expected 11 elements, got 12
INFO - 09/24/25 20:54:33 - 2:32:08 - Skipping line due to error: setting an array element with a sequence. The requested array has an inhomogeneous shape after 1 dimensions. The detected shape was (11,) + inhomogeneous part.
INFO - 09/24/25 20:54:33 - 2:32:08 - Skipping line due to error: setting an array element with a sequence. The requested array has an inhomogeneous shape after 1 dimensions. The detected shape was (11,) + inhomogeneous part.
INFO - 09/24/25 20:54:33 - 2:32:08 - Skipping line due to error: Expected 11 elements, got 10
INFO - 09/24/25 20:54:33 - 2:32:08 - Skipping line due to error: Expected 11 elements, got 10
INFO - 09/24/25 20:54:33 - 2:32:08 - Skipping line due to error: Expected 11 elements, got 10
INFO - 09/24/25 20:54:33 - 2:32:08 - Skipping line due to error: setting an array element with a sequence. The requested array has an inhomogeneous shape after 1 dimensions. The detected shape was (11,) + inhomogeneous part.
INFO - 09/24/25 20:54:33 - 2:32:08 - Skipping line due to error: Expected 11 elements, got 10
INFO - 09/24/25 20:54:33 - 2:32:08 - Skipping line due to error: Expected 11 elements, got 20
INFO - 09/24/25 20:54:33 - 2:32:08 - Skipping line due to error: setting an array element with a sequence. The requested array has an inhomogeneous shape after 1 dimensions. The detected shape was (11,) + inhomogeneous part.
INFO - 09/24/25 20:54:33 - 2:32:08 - Skipping line due to error: Expected 11 elements, got 10
INFO - 09/24/25 20:54:33 - 2:32:08 - Skipping line due to error: setting an array element with a sequence. The requested array has an inhomogeneous shape after 1 dimensions. The detected shape was (11,) + inhomogeneous part.
INFO - 09/24/25 20:54:33 - 2:32:08 - Skipping line due to error: Expected 11 elements, got 2
INFO - 09/24/25 20:54:33 - 2:32:08 - Skipping line due to error: setting an array element with a sequence. The requested array has an inhomogeneous shape after 1 dimensions. The detected shape was (11,) + inhomogeneous part.
INFO - 09/24/25 20:54:33 - 2:32:08 - Skipping line due to error: Expected 11 elements, got 2
INFO - 09/24/25 20:54:33 - 2:32:08 - Skipping line due to error: setting an array element with a sequence. The requested array has an inhomogeneous shape after 1 dimensions. The detected shape was (11,) + inhomogeneous part.
INFO - 09/24/25 20:54:33 - 2:32:08 - Skipping line due to error: Expected 11 elements, got 17
INFO - 09/24/25 20:54:33 - 2:32:08 - Skipping line due to error: Expected 11 elements, got 10
INFO - 09/24/25 20:54:33 - 2:32:08 - Skipping line due to error: setting an array element with a sequence. The requested array has an inhomogeneous shape after 1 dimensions. The detected shape was (11,) + inhomogeneous part.
INFO - 09/24/25 20:54:33 - 2:32:08 - Skipping line due to error: setting an array element with a sequence. The requested array has an inhomogeneous shape after 1 dimensions. The detected shape was (11,) + inhomogeneous part.
INFO - 09/24/25 20:54:33 - 2:32:08 - Skipping line due to error: Expected 11 elements, got 9
INFO - 09/24/25 20:54:33 - 2:32:08 - Skipping line due to error: setting an array element with a sequence. The requested array has an inhomogeneous shape after 1 dimensions. The detected shape was (11,) + inhomogeneous part.
INFO - 09/24/25 20:54:33 - 2:32:08 - Skipping line due to error: setting an array element with a sequence. The requested array has an inhomogeneous shape after 1 dimensions. The detected shape was (11,) + inhomogeneous part.
INFO - 09/24/25 20:54:33 - 2:32:08 - Skipping line due to error: setting an array element with a sequence. The requested array has an inhomogeneous shape after 1 dimensions. The detected shape was (11,) + inhomogeneous part.
INFO - 09/24/25 20:54:33 - 2:32:08 - Skipping line due to error: Expected 11 elements, got 10
INFO - 09/24/25 20:54:33 - 2:32:08 - Skipping line due to error: Expected 11 elements, got 14
INFO - 09/24/25 20:54:33 - 2:32:08 - Skipping line due to error: setting an array element with a sequence. The requested array has an inhomogeneous shape after 1 dimensions. The detected shape was (11,) + inhomogeneous part.
INFO - 09/24/25 20:54:33 - 2:32:08 - Skipping line due to error: setting an array element with a sequence. The requested array has an inhomogeneous shape after 1 dimensions. The detected shape was (11,) + inhomogeneous part.
INFO - 09/24/25 20:54:33 - 2:32:08 - Skipping line due to error: setting an array element with a sequence. The requested array has an inhomogeneous shape after 1 dimensions. The detected shape was (11,) + inhomogeneous part.
INFO - 09/24/25 20:54:33 - 2:32:08 - Skipping line due to error: Expected 11 elements, got 12
INFO - 09/24/25 20:54:33 - 2:32:08 - Skipping line due to error: Expected 11 elements, got 4
INFO - 09/24/25 20:54:33 - 2:32:08 - Skipping line due to error: Expected 11 elements, got 19
INFO - 09/24/25 20:54:33 - 2:32:08 - Skipping line due to error: Expected 11 elements, got 9
INFO - 09/24/25 20:54:33 - 2:32:08 - Skipping line due to error: setting an array element with a sequence. The requested array has an inhomogeneous shape after 1 dimensions. The detected shape was (11,) + inhomogeneous part.
INFO - 09/24/25 20:54:33 - 2:32:08 - Skipping line due to error: setting an array element with a sequence. The requested array has an inhomogeneous shape after 1 dimensions. The detected shape was (11,) + inhomogeneous part.
INFO - 09/24/25 20:54:33 - 2:32:08 - Skipping line due to error: Expected 11 elements, got 12
INFO - 09/24/25 20:54:33 - 2:32:08 - Skipping line due to error: Expected 11 elements, got 12
INFO - 09/24/25 20:54:33 - 2:32:08 - Skipping line due to error: setting an array element with a sequence. The requested array has an inhomogeneous shape after 1 dimensions. The detected shape was (11,) + inhomogeneous part.
INFO - 09/24/25 20:54:33 - 2:32:08 - Skipping line due to error: setting an array element with a sequence. The requested array has an inhomogeneous shape after 1 dimensions. The detected shape was (11,) + inhomogeneous part.
INFO - 09/24/25 20:54:33 - 2:32:08 - Skipping line due to error: Expected 11 elements, got 12
INFO - 09/24/25 20:54:33 - 2:32:08 - Skipping line due to error: Expected 11 elements, got 7
INFO - 09/24/25 20:54:33 - 2:32:08 - Skipping line due to error: Expected 11 elements, got 2
INFO - 09/24/25 20:54:33 - 2:32:08 - Skipping line due to error: Expected 11 elements, got 6
INFO - 09/24/25 20:54:33 - 2:32:08 - Skipping line due to error: setting an array element with a sequence. The requested array has an inhomogeneous shape after 1 dimensions. The detected shape was (11,) + inhomogeneous part.
INFO - 09/24/25 20:54:33 - 2:32:08 - Skipping line due to error: Expected 11 elements, got 13
INFO - 09/24/25 20:54:33 - 2:32:08 - Skipping line due to error: Expected 11 elements, got 9
INFO - 09/24/25 20:54:33 - 2:32:08 - Skipping line due to error: setting an array element with a sequence. The requested array has an inhomogeneous shape after 1 dimensions. The detected shape was (11,) + inhomogeneous part.
INFO - 09/24/25 20:54:33 - 2:32:08 - Skipping line due to error: Expected 11 elements, got 8
INFO - 09/24/25 20:54:33 - 2:32:08 - Skipping line due to error: setting an array element with a sequence. The requested array has an inhomogeneous shape after 1 dimensions. The detected shape was (11,) + inhomogeneous part.
INFO - 09/24/25 20:54:33 - 2:32:08 - Skipping line due to error: setting an array element with a sequence. The requested array has an inhomogeneous shape after 1 dimensions. The detected shape was (11,) + inhomogeneous part.
INFO - 09/24/25 20:54:33 - 2:32:08 - Skipping line due to error: setting an array element with a sequence. The requested array has an inhomogeneous shape after 1 dimensions. The detected shape was (11,) + inhomogeneous part.
INFO - 09/24/25 20:54:33 - 2:32:08 - Skipping line due to error: Expected 11 elements, got 6
INFO - 09/24/25 20:54:33 - 2:32:08 - Skipping line due to error: Expected 11 elements, got 14
INFO - 09/24/25 20:54:33 - 2:32:08 - Skipping line due to error: setting an array element with a sequence. The requested array has an inhomogeneous shape after 1 dimensions. The detected shape was (11,) + inhomogeneous part.
INFO - 09/24/25 20:54:33 - 2:32:08 - Skipping line due to error: setting an array element with a sequence. The requested array has an inhomogeneous shape after 1 dimensions. The detected shape was (11,) + inhomogeneous part.
INFO - 09/24/25 20:54:33 - 2:32:08 - Skipping line due to error: Expected 11 elements, got 10
INFO - 09/24/25 20:54:33 - 2:32:08 - Skipping line due to error: setting an array element with a sequence. The requested array has an inhomogeneous shape after 1 dimensions. The detected shape was (11,) + inhomogeneous part.
INFO - 09/24/25 20:54:33 - 2:32:08 - Skipping line due to error: Expected 11 elements, got 23
INFO - 09/24/25 20:54:33 - 2:32:08 - Skipping line due to error: Expected 11 elements, got 10
INFO - 09/24/25 20:54:33 - 2:32:08 - Skipping line due to error: setting an array element with a sequence. The requested array has an inhomogeneous shape after 1 dimensions. The detected shape was (11,) + inhomogeneous part.
INFO - 09/24/25 20:54:33 - 2:32:08 - Skipping line due to error: Expected 11 elements, got 13
INFO - 09/24/25 20:54:33 - 2:32:08 - Skipping line due to error: setting an array element with a sequence. The requested array has an inhomogeneous shape after 1 dimensions. The detected shape was (11,) + inhomogeneous part.
INFO - 09/24/25 20:54:33 - 2:32:08 - Skipping line due to error: setting an array element with a sequence. The requested array has an inhomogeneous shape after 1 dimensions. The detected shape was (11,) + inhomogeneous part.
INFO - 09/24/25 20:54:33 - 2:32:08 - Skipping line due to error: Expected 11 elements, got 10
INFO - 09/24/25 20:54:33 - 2:32:08 - Skipping line due to error: Expected 11 elements, got 10
INFO - 09/24/25 20:54:33 - 2:32:08 - Skipping line due to error: Expected 11 elements, got 13
INFO - 09/24/25 20:54:33 - 2:32:08 - Skipping line due to error: Expected 11 elements, got 9
INFO - 09/24/25 20:54:33 - 2:32:08 - Skipping line due to error: Expected 11 elements, got 10
INFO - 09/24/25 20:54:33 - 2:32:08 - Skipping line due to error: setting an array element with a sequence. The requested array has an inhomogeneous shape after 1 dimensions. The detected shape was (11,) + inhomogeneous part.
INFO - 09/24/25 20:54:33 - 2:32:08 - Skipping line due to error: setting an array element with a sequence. The requested array has an inhomogeneous shape after 1 dimensions. The detected shape was (11,) + inhomogeneous part.
INFO - 09/24/25 20:54:33 - 2:32:08 - Skipping line due to error: Expected 11 elements, got 18
INFO - 09/24/25 20:54:33 - 2:32:08 - Skipping line due to error: setting an array element with a sequence. The requested array has an inhomogeneous shape after 1 dimensions. The detected shape was (11,) + inhomogeneous part.
INFO - 09/24/25 20:54:33 - 2:32:08 - Skipping line due to error: Expected 11 elements, got 10
INFO - 09/24/25 20:54:33 - 2:32:08 - Skipping line due to error: setting an array element with a sequence. The requested array has an inhomogeneous shape after 1 dimensions. The detected shape was (11,) + inhomogeneous part.
INFO - 09/24/25 20:54:33 - 2:32:08 - Skipping line due to error: Expected 11 elements, got 12
INFO - 09/24/25 20:54:33 - 2:32:08 - Skipping line due to error: Expected 11 elements, got 9
INFO - 09/24/25 20:54:33 - 2:32:08 - Skipping line due to error: Expected 11 elements, got 12
INFO - 09/24/25 20:54:33 - 2:32:08 - Skipping line due to error: setting an array element with a sequence. The requested array has an inhomogeneous shape after 1 dimensions. The detected shape was (11,) + inhomogeneous part.
INFO - 09/24/25 20:54:33 - 2:32:08 - Skipping line due to error: setting an array element with a sequence. The requested array has an inhomogeneous shape after 1 dimensions. The detected shape was (11,) + inhomogeneous part.
INFO - 09/24/25 20:54:33 - 2:32:08 - Skipping line due to error: Expected 11 elements, got 12
INFO - 09/24/25 20:54:33 - 2:32:08 - Skipping line due to error: Expected 11 elements, got 13
INFO - 09/24/25 20:54:33 - 2:32:08 - Skipping line due to error: Expected 11 elements, got 18
INFO - 09/24/25 20:54:33 - 2:32:08 - Skipping line due to error: setting an array element with a sequence. The requested array has an inhomogeneous shape after 1 dimensions. The detected shape was (11,) + inhomogeneous part.
INFO - 09/24/25 20:54:33 - 2:32:08 - Skipping line due to error: Expected 11 elements, got 10
INFO - 09/24/25 20:54:33 - 2:32:08 - Skipping line due to error: Expected 11 elements, got 12
INFO - 09/24/25 20:54:33 - 2:32:08 - Skipping line due to error: setting an array element with a sequence. The requested array has an inhomogeneous shape after 1 dimensions. The detected shape was (11,) + inhomogeneous part.
INFO - 09/24/25 20:54:33 - 2:32:08 - Skipping line due to error: Expected 11 elements, got 10
INFO - 09/24/25 20:54:33 - 2:32:08 - Skipping line due to error: Expected 11 elements, got 12
INFO - 09/24/25 20:54:33 - 2:32:08 - Skipping line due to error: setting an array element with a sequence. The requested array has an inhomogeneous shape after 1 dimensions. The detected shape was (11,) + inhomogeneous part.
INFO - 09/24/25 20:54:33 - 2:32:08 - Skipping line due to error: setting an array element with a sequence. The requested array has an inhomogeneous shape after 1 dimensions. The detected shape was (11,) + inhomogeneous part.
INFO - 09/24/25 20:54:33 - 2:32:08 - Skipping line due to error: Expected 11 elements, got 20
INFO - 09/24/25 20:54:33 - 2:32:08 - Skipping line due to error: Expected 11 elements, got 17
INFO - 09/24/25 20:54:34 - 2:32:08 - Skipping line due to error: Expected 11 elements, got 21
INFO - 09/24/25 20:54:34 - 2:32:08 - Skipping line due to error: Expected 11 elements, got 9
INFO - 09/24/25 20:54:34 - 2:32:08 - Skipping line due to error: Expected 11 elements, got 12
INFO - 09/24/25 20:54:34 - 2:32:08 - Skipping line due to error: setting an array element with a sequence. The requested array has an inhomogeneous shape after 1 dimensions. The detected shape was (11,) + inhomogeneous part.
INFO - 09/24/25 20:54:34 - 2:32:08 - Skipping line due to error: setting an array element with a sequence. The requested array has an inhomogeneous shape after 1 dimensions. The detected shape was (11,) + inhomogeneous part.
INFO - 09/24/25 20:54:34 - 2:32:08 - Skipping line due to error: Expected 11 elements, got 12
INFO - 09/24/25 20:54:34 - 2:32:08 - Skipping line due to error: setting an array element with a sequence. The requested array has an inhomogeneous shape after 1 dimensions. The detected shape was (11,) + inhomogeneous part.
INFO - 09/24/25 20:54:34 - 2:32:08 - Skipping line due to error: Expected 11 elements, got 10
INFO - 09/24/25 20:54:34 - 2:32:08 - Skipping line due to error: Expected 11 elements, got 18
INFO - 09/24/25 20:54:34 - 2:32:08 - Skipping line due to error: setting an array element with a sequence. The requested array has an inhomogeneous shape after 1 dimensions. The detected shape was (11,) + inhomogeneous part.
INFO - 09/24/25 20:54:34 - 2:32:08 - Skipping line due to error: Expected 11 elements, got 12
INFO - 09/24/25 20:54:34 - 2:32:08 - Skipping line due to error: setting an array element with a sequence. The requested array has an inhomogeneous shape after 1 dimensions. The detected shape was (11,) + inhomogeneous part.
INFO - 09/24/25 20:54:34 - 2:32:08 - Skipping line due to error: setting an array element with a sequence. The requested array has an inhomogeneous shape after 1 dimensions. The detected shape was (11,) + inhomogeneous part.
INFO - 09/24/25 20:54:34 - 2:32:08 - Skipping line due to error: Expected 11 elements, got 10
INFO - 09/24/25 20:54:34 - 2:32:08 - Skipping line due to error: Expected 11 elements, got 12
INFO - 09/24/25 20:54:34 - 2:32:08 - Skipping line due to error: Expected 11 elements, got 10
INFO - 09/24/25 20:54:34 - 2:32:08 - Skipping line due to error: setting an array element with a sequence. The requested array has an inhomogeneous shape after 1 dimensions. The detected shape was (11,) + inhomogeneous part.
INFO - 09/24/25 20:54:34 - 2:32:08 - Skipping line due to error: Expected 11 elements, got 22
INFO - 09/24/25 20:54:34 - 2:32:08 - Skipping line due to error: Expected 11 elements, got 20
INFO - 09/24/25 20:54:34 - 2:32:08 - Skipping line due to error: setting an array element with a sequence. The requested array has an inhomogeneous shape after 1 dimensions. The detected shape was (11,) + inhomogeneous part.
INFO - 09/24/25 20:54:34 - 2:32:08 - Skipping line due to error: Expected 11 elements, got 10
INFO - 09/24/25 20:54:34 - 2:32:08 - Skipping line due to error: Expected 11 elements, got 10
INFO - 09/24/25 20:54:34 - 2:32:08 - Skipping line due to error: setting an array element with a sequence. The requested array has an inhomogeneous shape after 1 dimensions. The detected shape was (11,) + inhomogeneous part.
INFO - 09/24/25 20:54:34 - 2:32:08 - Skipping line due to error: setting an array element with a sequence. The requested array has an inhomogeneous shape after 1 dimensions. The detected shape was (11,) + inhomogeneous part.
INFO - 09/24/25 20:54:34 - 2:32:08 - Skipping line due to error: setting an array element with a sequence. The requested array has an inhomogeneous shape after 1 dimensions. The detected shape was (11,) + inhomogeneous part.
INFO - 09/24/25 20:54:34 - 2:32:08 - Skipping line due to error: setting an array element with a sequence. The requested array has an inhomogeneous shape after 1 dimensions. The detected shape was (11,) + inhomogeneous part.
INFO - 09/24/25 20:54:34 - 2:32:08 - Skipping line due to error: setting an array element with a sequence. The requested array has an inhomogeneous shape after 1 dimensions. The detected shape was (11,) + inhomogeneous part.
INFO - 09/24/25 20:54:34 - 2:32:08 - Skipping line due to error: Expected 11 elements, got 10
INFO - 09/24/25 20:54:34 - 2:32:08 - Skipping line due to error: setting an array element with a sequence. The requested array has an inhomogeneous shape after 1 dimensions. The detected shape was (11,) + inhomogeneous part.
INFO - 09/24/25 20:54:34 - 2:32:08 - Skipping line due to error: Expected 11 elements, got 10
INFO - 09/24/25 20:54:34 - 2:32:08 - Skipping line due to error: setting an array element with a sequence. The requested array has an inhomogeneous shape after 1 dimensions. The detected shape was (11,) + inhomogeneous part.
INFO - 09/24/25 20:54:34 - 2:32:08 - Skipping line due to error: setting an array element with a sequence. The requested array has an inhomogeneous shape after 1 dimensions. The detected shape was (11,) + inhomogeneous part.
INFO - 09/24/25 20:54:34 - 2:32:08 - Skipping line due to error: Expected 11 elements, got 6
INFO - 09/24/25 20:54:34 - 2:32:08 - Skipping line due to error: Expected 11 elements, got 20
INFO - 09/24/25 20:54:34 - 2:32:08 - Skipping line due to error: setting an array element with a sequence. The requested array has an inhomogeneous shape after 1 dimensions. The detected shape was (11,) + inhomogeneous part.
INFO - 09/24/25 20:54:34 - 2:32:08 - Skipping line due to error: Expected 11 elements, got 13
INFO - 09/24/25 20:54:34 - 2:32:08 - Skipping line due to error: Expected 11 elements, got 10
INFO - 09/24/25 20:54:34 - 2:32:08 - Skipping line due to error: setting an array element with a sequence. The requested array has an inhomogeneous shape after 1 dimensions. The detected shape was (11,) + inhomogeneous part.
INFO - 09/24/25 20:54:34 - 2:32:08 - Skipping line due to error: Expected 11 elements, got 10
INFO - 09/24/25 20:54:34 - 2:32:08 - Skipping line due to error: setting an array element with a sequence. The requested array has an inhomogeneous shape after 1 dimensions. The detected shape was (11,) + inhomogeneous part.
INFO - 09/24/25 20:54:34 - 2:32:08 - Skipping line due to error: setting an array element with a sequence. The requested array has an inhomogeneous shape after 1 dimensions. The detected shape was (11,) + inhomogeneous part.
INFO - 09/24/25 20:54:34 - 2:32:08 - Skipping line due to error: setting an array element with a sequence. The requested array has an inhomogeneous shape after 1 dimensions. The detected shape was (11,) + inhomogeneous part.
INFO - 09/24/25 20:54:34 - 2:32:08 - Skipping line due to error: setting an array element with a sequence. The requested array has an inhomogeneous shape after 1 dimensions. The detected shape was (11,) + inhomogeneous part.
INFO - 09/24/25 20:54:34 - 2:32:08 - Skipping line due to error: setting an array element with a sequence. The requested array has an inhomogeneous shape after 1 dimensions. The detected shape was (11,) + inhomogeneous part.
INFO - 09/24/25 20:54:34 - 2:32:08 - Skipping line due to error: Expected 11 elements, got 21
INFO - 09/24/25 20:54:34 - 2:32:08 - Skipping line due to error: setting an array element with a sequence. The requested array has an inhomogeneous shape after 1 dimensions. The detected shape was (11,) + inhomogeneous part.
INFO - 09/24/25 20:54:34 - 2:32:08 - Skipping line due to error: Expected 11 elements, got 12
INFO - 09/24/25 20:54:34 - 2:32:08 - Skipping line due to error: setting an array element with a sequence. The requested array has an inhomogeneous shape after 1 dimensions. The detected shape was (11,) + inhomogeneous part.
INFO - 09/24/25 20:54:34 - 2:32:08 - Skipping line due to error: Expected 11 elements, got 9
INFO - 09/24/25 20:54:34 - 2:32:08 - Skipping line due to error: Expected 11 elements, got 13
INFO - 09/24/25 20:54:34 - 2:32:08 - Skipping line due to error: Expected 11 elements, got 12
INFO - 09/24/25 20:54:34 - 2:32:08 - Skipping line due to error: setting an array element with a sequence. The requested array has an inhomogeneous shape after 1 dimensions. The detected shape was (11,) + inhomogeneous part.
INFO - 09/24/25 20:54:34 - 2:32:08 - Skipping line due to error: setting an array element with a sequence. The requested array has an inhomogeneous shape after 1 dimensions. The detected shape was (11,) + inhomogeneous part.
INFO - 09/24/25 20:54:34 - 2:32:08 - Skipping line due to error: Expected 11 elements, got 10
INFO - 09/24/25 20:54:34 - 2:32:08 - Skipping line due to error: Expected 11 elements, got 13
INFO - 09/24/25 20:54:34 - 2:32:08 - Skipping line due to error: Expected 11 elements, got 10
INFO - 09/24/25 20:54:34 - 2:32:08 - Skipping line due to error: setting an array element with a sequence. The requested array has an inhomogeneous shape after 1 dimensions. The detected shape was (11,) + inhomogeneous part.
INFO - 09/24/25 20:54:34 - 2:32:08 - Skipping line due to error: Expected 11 elements, got 12
INFO - 09/24/25 20:54:34 - 2:32:08 - Skipping line due to error: setting an array element with a sequence. The requested array has an inhomogeneous shape after 1 dimensions. The detected shape was (11,) + inhomogeneous part.
INFO - 09/24/25 20:54:34 - 2:32:08 - Skipping line due to error: setting an array element with a sequence. The requested array has an inhomogeneous shape after 1 dimensions. The detected shape was (11,) + inhomogeneous part.
INFO - 09/24/25 20:54:34 - 2:32:08 - Skipping line due to error: setting an array element with a sequence. The requested array has an inhomogeneous shape after 1 dimensions. The detected shape was (11,) + inhomogeneous part.
INFO - 09/24/25 20:54:34 - 2:32:08 - Skipping line due to error: setting an array element with a sequence. The requested array has an inhomogeneous shape after 1 dimensions. The detected shape was (11,) + inhomogeneous part.
INFO - 09/24/25 20:54:34 - 2:32:08 - Skipping line due to error: setting an array element with a sequence. The requested array has an inhomogeneous shape after 1 dimensions. The detected shape was (11,) + inhomogeneous part.
INFO - 09/24/25 20:54:34 - 2:32:08 - Skipping line due to error: Expected 11 elements, got 23
INFO - 09/24/25 20:54:34 - 2:32:08 - Skipping line due to error: Expected 11 elements, got 10
INFO - 09/24/25 20:54:34 - 2:32:08 - Skipping line due to error: setting an array element with a sequence. The requested array has an inhomogeneous shape after 1 dimensions. The detected shape was (11,) + inhomogeneous part.
INFO - 09/24/25 20:54:34 - 2:32:08 - Skipping line due to error: Expected 11 elements, got 4
INFO - 09/24/25 20:54:34 - 2:32:08 - Skipping line due to error: setting an array element with a sequence. The requested array has an inhomogeneous shape after 1 dimensions. The detected shape was (11,) + inhomogeneous part.
INFO - 09/24/25 20:54:34 - 2:32:08 - Skipping line due to error: setting an array element with a sequence. The requested array has an inhomogeneous shape after 1 dimensions. The detected shape was (11,) + inhomogeneous part.
INFO - 09/24/25 20:54:34 - 2:32:08 - Skipping line due to error: Expected 11 elements, got 14
INFO - 09/24/25 20:54:34 - 2:32:08 - Skipping line due to error: Expected 11 elements, got 10
INFO - 09/24/25 20:54:34 - 2:32:08 - Skipping line due to error: Expected 11 elements, got 9
INFO - 09/24/25 20:54:34 - 2:32:08 - Skipping line due to error: setting an array element with a sequence. The requested array has an inhomogeneous shape after 1 dimensions. The detected shape was (11,) + inhomogeneous part.
INFO - 09/24/25 20:54:34 - 2:32:08 - Skipping line due to error: setting an array element with a sequence. The requested array has an inhomogeneous shape after 1 dimensions. The detected shape was (11,) + inhomogeneous part.
INFO - 09/24/25 20:54:34 - 2:32:08 - Skipping line due to error: setting an array element with a sequence. The requested array has an inhomogeneous shape after 1 dimensions. The detected shape was (11,) + inhomogeneous part.
INFO - 09/24/25 20:54:34 - 2:32:08 - Skipping line due to error: setting an array element with a sequence. The requested array has an inhomogeneous shape after 1 dimensions. The detected shape was (11,) + inhomogeneous part.
INFO - 09/24/25 20:54:34 - 2:32:08 - Skipping line due to error: Expected 11 elements, got 12
INFO - 09/24/25 20:54:34 - 2:32:08 - Skipping line due to error: Expected 11 elements, got 12
INFO - 09/24/25 20:54:34 - 2:32:08 - Skipping line due to error: setting an array element with a sequence. The requested array has an inhomogeneous shape after 1 dimensions. The detected shape was (11,) + inhomogeneous part.
INFO - 09/24/25 20:54:34 - 2:32:08 - Skipping line due to error: Expected 11 elements, got 2
INFO - 09/24/25 20:54:34 - 2:32:08 - Skipping line due to error: setting an array element with a sequence. The requested array has an inhomogeneous shape after 1 dimensions. The detected shape was (11,) + inhomogeneous part.
INFO - 09/24/25 20:54:34 - 2:32:08 - Skipping line due to error: Expected 11 elements, got 7
INFO - 09/24/25 20:54:34 - 2:32:08 - Skipping line due to error: Expected 11 elements, got 12
INFO - 09/24/25 20:54:34 - 2:32:08 - Skipping line due to error: setting an array element with a sequence. The requested array has an inhomogeneous shape after 1 dimensions. The detected shape was (11,) + inhomogeneous part.
INFO - 09/24/25 20:54:34 - 2:32:08 - Skipping line due to error: setting an array element with a sequence. The requested array has an inhomogeneous shape after 1 dimensions. The detected shape was (11,) + inhomogeneous part.
INFO - 09/24/25 20:54:34 - 2:32:08 - Skipping line due to error: setting an array element with a sequence. The requested array has an inhomogeneous shape after 1 dimensions. The detected shape was (11,) + inhomogeneous part.
INFO - 09/24/25 20:54:34 - 2:32:08 - Skipping line due to error: Expected 11 elements, got 9
INFO - 09/24/25 20:54:34 - 2:32:08 - Skipping line due to error: Expected 11 elements, got 10
INFO - 09/24/25 20:54:34 - 2:32:08 - Skipping line due to error: Expected 11 elements, got 10
INFO - 09/24/25 20:54:34 - 2:32:08 - Skipping line due to error: setting an array element with a sequence. The requested array has an inhomogeneous shape after 1 dimensions. The detected shape was (11,) + inhomogeneous part.
INFO - 09/24/25 20:54:34 - 2:32:08 - Skipping line due to error: Expected 11 elements, got 4
INFO - 09/24/25 20:54:34 - 2:32:08 - Skipping line due to error: Expected 11 elements, got 10
INFO - 09/24/25 20:54:34 - 2:32:08 - Skipping line due to error: Expected 11 elements, got 12
INFO - 09/24/25 20:54:34 - 2:32:08 - Skipping line due to error: setting an array element with a sequence. The requested array has an inhomogeneous shape after 1 dimensions. The detected shape was (11,) + inhomogeneous part.
INFO - 09/24/25 20:54:34 - 2:32:08 - Skipping line due to error: setting an array element with a sequence. The requested array has an inhomogeneous shape after 1 dimensions. The detected shape was (11,) + inhomogeneous part.
INFO - 09/24/25 20:54:34 - 2:32:08 - Skipping line due to error: setting an array element with a sequence. The requested array has an inhomogeneous shape after 1 dimensions. The detected shape was (11,) + inhomogeneous part.
INFO - 09/24/25 20:54:34 - 2:32:08 - Skipping line due to error: Expected 11 elements, got 9
INFO - 09/24/25 20:54:34 - 2:32:08 - Skipping line due to error: Expected 11 elements, got 12
INFO - 09/24/25 20:54:34 - 2:32:08 - Skipping line due to error: setting an array element with a sequence. The requested array has an inhomogeneous shape after 1 dimensions. The detected shape was (11,) + inhomogeneous part.
INFO - 09/24/25 20:54:34 - 2:32:08 - Skipping line due to error: Expected 11 elements, got 12
INFO - 09/24/25 20:54:34 - 2:32:08 - Skipping line due to error: Expected 11 elements, got 2
INFO - 09/24/25 20:54:34 - 2:32:08 - Skipping line due to error: Expected 11 elements, got 12
INFO - 09/24/25 20:54:34 - 2:32:08 - Skipping line due to error: Expected 11 elements, got 15
INFO - 09/24/25 20:54:34 - 2:32:08 - Skipping line due to error: Expected 11 elements, got 10
INFO - 09/24/25 20:54:34 - 2:32:08 - Skipping line due to error: Expected 11 elements, got 12
INFO - 09/24/25 20:54:34 - 2:32:08 - Skipping line due to error: setting an array element with a sequence. The requested array has an inhomogeneous shape after 1 dimensions. The detected shape was (11,) + inhomogeneous part.
INFO - 09/24/25 20:54:34 - 2:32:08 - Skipping line due to error: Expected 11 elements, got 12
INFO - 09/24/25 20:54:34 - 2:32:08 - Skipping line due to error: Expected 11 elements, got 10
INFO - 09/24/25 20:54:34 - 2:32:08 - Skipping line due to error: Expected 11 elements, got 10
INFO - 09/24/25 20:54:34 - 2:32:08 - Skipping line due to error: setting an array element with a sequence. The requested array has an inhomogeneous shape after 1 dimensions. The detected shape was (11,) + inhomogeneous part.
INFO - 09/24/25 20:54:34 - 2:32:08 - Skipping line due to error: Expected 11 elements, got 12
INFO - 09/24/25 20:54:34 - 2:32:08 - Skipping line due to error: Expected 11 elements, got 12
INFO - 09/24/25 20:54:34 - 2:32:08 - Skipping line due to error: setting an array element with a sequence. The requested array has an inhomogeneous shape after 1 dimensions. The detected shape was (11,) + inhomogeneous part.
INFO - 09/24/25 20:54:34 - 2:32:08 - Skipping line due to error: Expected 11 elements, got 10
INFO - 09/24/25 20:54:34 - 2:32:08 - Skipping line due to error: Expected 11 elements, got 10
INFO - 09/24/25 20:54:34 - 2:32:08 - Skipping line due to error: setting an array element with a sequence. The requested array has an inhomogeneous shape after 1 dimensions. The detected shape was (11,) + inhomogeneous part.
INFO - 09/24/25 20:54:34 - 2:32:08 - Skipping line due to error: setting an array element with a sequence. The requested array has an inhomogeneous shape after 1 dimensions. The detected shape was (11,) + inhomogeneous part.
INFO - 09/24/25 20:54:34 - 2:32:08 - Skipping line due to error: setting an array element with a sequence. The requested array has an inhomogeneous shape after 1 dimensions. The detected shape was (11,) + inhomogeneous part.
INFO - 09/24/25 20:54:34 - 2:32:08 - Skipping line due to error: Expected 11 elements, got 19
INFO - 09/24/25 20:54:34 - 2:32:08 - Skipping line due to error: Expected 11 elements, got 12
INFO - 09/24/25 20:54:34 - 2:32:08 - Skipping line due to error: setting an array element with a sequence. The requested array has an inhomogeneous shape after 1 dimensions. The detected shape was (11,) + inhomogeneous part.
INFO - 09/24/25 20:54:34 - 2:32:08 - Skipping line due to error: setting an array element with a sequence. The requested array has an inhomogeneous shape after 1 dimensions. The detected shape was (11,) + inhomogeneous part.
INFO - 09/24/25 20:54:34 - 2:32:08 - Skipping line due to error: setting an array element with a sequence. The requested array has an inhomogeneous shape after 1 dimensions. The detected shape was (11,) + inhomogeneous part.
INFO - 09/24/25 20:54:34 - 2:32:08 - Skipping line due to error: setting an array element with a sequence. The requested array has an inhomogeneous shape after 1 dimensions. The detected shape was (11,) + inhomogeneous part.
INFO - 09/24/25 20:54:34 - 2:32:08 - Skipping line due to error: setting an array element with a sequence. The requested array has an inhomogeneous shape after 1 dimensions. The detected shape was (11,) + inhomogeneous part.
INFO - 09/24/25 20:54:34 - 2:32:08 - Skipping line due to error: setting an array element with a sequence. The requested array has an inhomogeneous shape after 1 dimensions. The detected shape was (11,) + inhomogeneous part.
INFO - 09/24/25 20:54:34 - 2:32:08 - Skipping line due to error: Expected 11 elements, got 10
INFO - 09/24/25 20:54:34 - 2:32:08 - Skipping line due to error: Expected 11 elements, got 10
INFO - 09/24/25 20:54:34 - 2:32:08 - Skipping line due to error: setting an array element with a sequence. The requested array has an inhomogeneous shape after 1 dimensions. The detected shape was (11,) + inhomogeneous part.
INFO - 09/24/25 20:54:34 - 2:32:08 - Skipping line due to error: setting an array element with a sequence. The requested array has an inhomogeneous shape after 1 dimensions. The detected shape was (11,) + inhomogeneous part.
INFO - 09/24/25 20:54:34 - 2:32:08 - Skipping line due to error: Expected 11 elements, got 12
INFO - 09/24/25 20:54:34 - 2:32:08 - Skipping line due to error: Expected 11 elements, got 8
INFO - 09/24/25 20:54:34 - 2:32:08 - Skipping line due to error: Expected 11 elements, got 12
INFO - 09/24/25 20:54:34 - 2:32:08 - Skipping line due to error: setting an array element with a sequence. The requested array has an inhomogeneous shape after 1 dimensions. The detected shape was (11,) + inhomogeneous part.
INFO - 09/24/25 20:54:34 - 2:32:08 - Skipping line due to error: Expected 11 elements, got 12
INFO - 09/24/25 20:54:34 - 2:32:08 - Skipping line due to error: setting an array element with a sequence. The requested array has an inhomogeneous shape after 1 dimensions. The detected shape was (11,) + inhomogeneous part.
INFO - 09/24/25 20:54:34 - 2:32:08 - Skipping line due to error: setting an array element with a sequence. The requested array has an inhomogeneous shape after 1 dimensions. The detected shape was (11,) + inhomogeneous part.
INFO - 09/24/25 20:54:34 - 2:32:08 - Skipping line due to error: setting an array element with a sequence. The requested array has an inhomogeneous shape after 1 dimensions. The detected shape was (11,) + inhomogeneous part.
INFO - 09/24/25 20:54:34 - 2:32:08 - Skipping line due to error: Expected 11 elements, got 12
INFO - 09/24/25 20:54:34 - 2:32:08 - Skipping line due to error: setting an array element with a sequence. The requested array has an inhomogeneous shape after 1 dimensions. The detected shape was (11,) + inhomogeneous part.
INFO - 09/24/25 20:54:34 - 2:32:08 - Skipping line due to error: setting an array element with a sequence. The requested array has an inhomogeneous shape after 1 dimensions. The detected shape was (11,) + inhomogeneous part.
INFO - 09/24/25 20:54:34 - 2:32:08 - Skipping line due to error: setting an array element with a sequence. The requested array has an inhomogeneous shape after 1 dimensions. The detected shape was (11,) + inhomogeneous part.
INFO - 09/24/25 20:54:34 - 2:32:08 - Skipping line due to error: Expected 11 elements, got 10
INFO - 09/24/25 20:54:34 - 2:32:08 - Skipping line due to error: setting an array element with a sequence. The requested array has an inhomogeneous shape after 1 dimensions. The detected shape was (11,) + inhomogeneous part.
INFO - 09/24/25 20:54:34 - 2:32:08 - Skipping line due to error: Expected 11 elements, got 13
INFO - 09/24/25 20:54:34 - 2:32:08 - Skipping line due to error: setting an array element with a sequence. The requested array has an inhomogeneous shape after 1 dimensions. The detected shape was (11,) + inhomogeneous part.
INFO - 09/24/25 20:54:34 - 2:32:08 - Skipping line due to error: setting an array element with a sequence. The requested array has an inhomogeneous shape after 1 dimensions. The detected shape was (11,) + inhomogeneous part.
INFO - 09/24/25 20:54:34 - 2:32:08 - Skipping line due to error: setting an array element with a sequence. The requested array has an inhomogeneous shape after 1 dimensions. The detected shape was (11,) + inhomogeneous part.
INFO - 09/24/25 20:54:34 - 2:32:08 - Skipping line due to error: setting an array element with a sequence. The requested array has an inhomogeneous shape after 1 dimensions. The detected shape was (11,) + inhomogeneous part.
INFO - 09/24/25 20:54:34 - 2:32:08 - Skipping line due to error: Expected 11 elements, got 14
INFO - 09/24/25 20:54:34 - 2:32:08 - Skipping line due to error: setting an array element with a sequence. The requested array has an inhomogeneous shape after 1 dimensions. The detected shape was (11,) + inhomogeneous part.
INFO - 09/24/25 20:54:34 - 2:32:08 - Skipping line due to error: Expected 11 elements, got 8
INFO - 09/24/25 20:54:34 - 2:32:08 - Skipping line due to error: Expected 11 elements, got 2
INFO - 09/24/25 20:54:34 - 2:32:08 - Skipping line due to error: setting an array element with a sequence. The requested array has an inhomogeneous shape after 1 dimensions. The detected shape was (11,) + inhomogeneous part.
INFO - 09/24/25 20:54:34 - 2:32:08 - Skipping line due to error: Expected 11 elements, got 12
INFO - 09/24/25 20:54:34 - 2:32:08 - Skipping line due to error: Expected 11 elements, got 12
INFO - 09/24/25 20:54:34 - 2:32:08 - Skipping line due to error: Expected 11 elements, got 10
INFO - 09/24/25 20:54:34 - 2:32:08 - Skipping line due to error: Expected 11 elements, got 13
INFO - 09/24/25 20:54:34 - 2:32:08 - Skipping line due to error: Expected 11 elements, got 20
INFO - 09/24/25 20:54:34 - 2:32:08 - Skipping line due to error: setting an array element with a sequence. The requested array has an inhomogeneous shape after 1 dimensions. The detected shape was (11,) + inhomogeneous part.
INFO - 09/24/25 20:54:34 - 2:32:08 - Skipping line due to error: Expected 11 elements, got 12
INFO - 09/24/25 20:54:34 - 2:32:08 - Skipping line due to error: Expected 11 elements, got 9
INFO - 09/24/25 20:54:34 - 2:32:08 - Skipping line due to error: setting an array element with a sequence. The requested array has an inhomogeneous shape after 1 dimensions. The detected shape was (11,) + inhomogeneous part.
INFO - 09/24/25 20:54:34 - 2:32:08 - Skipping line due to error: Expected 11 elements, got 2
INFO - 09/24/25 20:54:34 - 2:32:08 - Skipping line due to error: setting an array element with a sequence. The requested array has an inhomogeneous shape after 1 dimensions. The detected shape was (11,) + inhomogeneous part.
INFO - 09/24/25 20:54:34 - 2:32:08 - Skipping line due to error: setting an array element with a sequence. The requested array has an inhomogeneous shape after 1 dimensions. The detected shape was (11,) + inhomogeneous part.
INFO - 09/24/25 20:54:34 - 2:32:08 - Skipping line due to error: setting an array element with a sequence. The requested array has an inhomogeneous shape after 1 dimensions. The detected shape was (11,) + inhomogeneous part.
INFO - 09/24/25 20:54:34 - 2:32:08 - Skipping line due to error: Expected 11 elements, got 9
INFO - 09/24/25 20:54:34 - 2:32:08 - Skipping line due to error: setting an array element with a sequence. The requested array has an inhomogeneous shape after 1 dimensions. The detected shape was (11,) + inhomogeneous part.
INFO - 09/24/25 20:54:34 - 2:32:08 - Skipping line due to error: setting an array element with a sequence. The requested array has an inhomogeneous shape after 1 dimensions. The detected shape was (11,) + inhomogeneous part.
INFO - 09/24/25 20:54:34 - 2:32:08 - Skipping line due to error: Expected 11 elements, got 10
INFO - 09/24/25 20:54:34 - 2:32:08 - Skipping line due to error: Expected 11 elements, got 8
INFO - 09/24/25 20:54:34 - 2:32:08 - Skipping line due to error: Expected 11 elements, got 2
INFO - 09/24/25 20:54:34 - 2:32:08 - Skipping line due to error: Expected 11 elements, got 9
INFO - 09/24/25 20:54:34 - 2:32:08 - Skipping line due to error: Expected 11 elements, got 10
INFO - 09/24/25 20:54:34 - 2:32:08 - Skipping line due to error: Expected 11 elements, got 10
INFO - 09/24/25 20:54:34 - 2:32:08 - Skipping line due to error: Expected 11 elements, got 2
INFO - 09/24/25 20:54:34 - 2:32:08 - Skipping line due to error: Expected 11 elements, got 10
INFO - 09/24/25 20:54:34 - 2:32:08 - Skipping line due to error: setting an array element with a sequence. The requested array has an inhomogeneous shape after 1 dimensions. The detected shape was (11,) + inhomogeneous part.
INFO - 09/24/25 20:54:34 - 2:32:08 - Skipping line due to error: setting an array element with a sequence. The requested array has an inhomogeneous shape after 1 dimensions. The detected shape was (11,) + inhomogeneous part.
INFO - 09/24/25 20:54:34 - 2:32:08 - Skipping line due to error: setting an array element with a sequence. The requested array has an inhomogeneous shape after 1 dimensions. The detected shape was (11,) + inhomogeneous part.
INFO - 09/24/25 20:54:34 - 2:32:08 - Skipping line due to error: setting an array element with a sequence. The requested array has an inhomogeneous shape after 1 dimensions. The detected shape was (11,) + inhomogeneous part.
INFO - 09/24/25 20:54:34 - 2:32:08 - Skipping line due to error: setting an array element with a sequence. The requested array has an inhomogeneous shape after 1 dimensions. The detected shape was (11,) + inhomogeneous part.
INFO - 09/24/25 20:54:34 - 2:32:08 - Skipping line due to error: Expected 11 elements, got 12
INFO - 09/24/25 20:54:34 - 2:32:08 - Skipping line due to error: Expected 11 elements, got 14
INFO - 09/24/25 20:54:34 - 2:32:08 - Skipping line due to error: setting an array element with a sequence. The requested array has an inhomogeneous shape after 1 dimensions. The detected shape was (11,) + inhomogeneous part.
INFO - 09/24/25 20:54:34 - 2:32:08 - Skipping line due to error: Expected 11 elements, got 10
INFO - 09/24/25 20:54:34 - 2:32:08 - Skipping line due to error: setting an array element with a sequence. The requested array has an inhomogeneous shape after 1 dimensions. The detected shape was (11,) + inhomogeneous part.
INFO - 09/24/25 20:54:34 - 2:32:08 - Skipping line due to error: Expected 11 elements, got 4
INFO - 09/24/25 20:54:34 - 2:32:08 - Skipping line due to error: Expected 11 elements, got 12
INFO - 09/24/25 20:54:34 - 2:32:08 - Skipping line due to error: Expected 11 elements, got 10
INFO - 09/24/25 20:54:34 - 2:32:08 - Skipping line due to error: Expected 11 elements, got 9
INFO - 09/24/25 20:54:34 - 2:32:08 - Skipping line due to error: setting an array element with a sequence. The requested array has an inhomogeneous shape after 1 dimensions. The detected shape was (11,) + inhomogeneous part.
INFO - 09/24/25 20:54:34 - 2:32:08 - Skipping line due to error: setting an array element with a sequence. The requested array has an inhomogeneous shape after 1 dimensions. The detected shape was (11,) + inhomogeneous part.
INFO - 09/24/25 20:54:34 - 2:32:08 - Skipping line due to error: Expected 11 elements, got 2
INFO - 09/24/25 20:54:34 - 2:32:08 - Skipping line due to error: Expected 11 elements, got 10
INFO - 09/24/25 20:54:34 - 2:32:08 - Skipping line due to error: Expected 11 elements, got 12
INFO - 09/24/25 20:54:34 - 2:32:08 - Skipping line due to error: Expected 11 elements, got 6
INFO - 09/24/25 20:54:34 - 2:32:08 - Skipping line due to error: setting an array element with a sequence. The requested array has an inhomogeneous shape after 1 dimensions. The detected shape was (11,) + inhomogeneous part.
INFO - 09/24/25 20:54:34 - 2:32:08 - Skipping line due to error: setting an array element with a sequence. The requested array has an inhomogeneous shape after 1 dimensions. The detected shape was (11,) + inhomogeneous part.
INFO - 09/24/25 20:54:34 - 2:32:08 - Skipping line due to error: setting an array element with a sequence. The requested array has an inhomogeneous shape after 1 dimensions. The detected shape was (11,) + inhomogeneous part.
INFO - 09/24/25 20:54:34 - 2:32:08 - Skipping line due to error: setting an array element with a sequence. The requested array has an inhomogeneous shape after 1 dimensions. The detected shape was (11,) + inhomogeneous part.
INFO - 09/24/25 20:54:34 - 2:32:08 - Skipping line due to error: Expected 11 elements, got 10
INFO - 09/24/25 20:54:34 - 2:32:08 - Skipping line due to error: setting an array element with a sequence. The requested array has an inhomogeneous shape after 1 dimensions. The detected shape was (11,) + inhomogeneous part.
INFO - 09/24/25 20:54:34 - 2:32:08 - Skipping line due to error: Expected 11 elements, got 10
INFO - 09/24/25 20:54:34 - 2:32:08 - Skipping line due to error: setting an array element with a sequence. The requested array has an inhomogeneous shape after 1 dimensions. The detected shape was (11,) + inhomogeneous part.
INFO - 09/24/25 20:54:34 - 2:32:08 - Skipping line due to error: Expected 11 elements, got 12
INFO - 09/24/25 20:54:34 - 2:32:08 - Skipping line due to error: setting an array element with a sequence. The requested array has an inhomogeneous shape after 1 dimensions. The detected shape was (11,) + inhomogeneous part.
INFO - 09/24/25 20:54:34 - 2:32:08 - Skipping line due to error: Expected 11 elements, got 12
INFO - 09/24/25 20:54:34 - 2:32:08 - Skipping line due to error: Expected 11 elements, got 21
INFO - 09/24/25 20:54:34 - 2:32:08 - Skipping line due to error: Expected 11 elements, got 10
INFO - 09/24/25 20:54:34 - 2:32:08 - Skipping line due to error: Expected 11 elements, got 10
INFO - 09/24/25 20:54:34 - 2:32:08 - Skipping line due to error: setting an array element with a sequence. The requested array has an inhomogeneous shape after 1 dimensions. The detected shape was (11,) + inhomogeneous part.
INFO - 09/24/25 20:54:34 - 2:32:08 - Skipping line due to error: Expected 11 elements, got 10
INFO - 09/24/25 20:54:34 - 2:32:08 - Skipping line due to error: setting an array element with a sequence. The requested array has an inhomogeneous shape after 1 dimensions. The detected shape was (11,) + inhomogeneous part.
INFO - 09/24/25 20:54:34 - 2:32:08 - Skipping line due to error: Expected 11 elements, got 9
INFO - 09/24/25 20:54:34 - 2:32:08 - Skipping line due to error: Expected 11 elements, got 9
INFO - 09/24/25 20:54:34 - 2:32:08 - Skipping line due to error: setting an array element with a sequence. The requested array has an inhomogeneous shape after 1 dimensions. The detected shape was (11,) + inhomogeneous part.
INFO - 09/24/25 20:54:34 - 2:32:08 - Skipping line due to error: setting an array element with a sequence. The requested array has an inhomogeneous shape after 1 dimensions. The detected shape was (11,) + inhomogeneous part.
INFO - 09/24/25 20:54:34 - 2:32:08 - Skipping line due to error: Expected 11 elements, got 12
INFO - 09/24/25 20:54:34 - 2:32:08 - Skipping line due to error: Expected 11 elements, got 1
INFO - 09/24/25 20:54:34 - 2:32:08 - Skipping line due to error: Expected 11 elements, got 2
INFO - 09/24/25 20:54:34 - 2:32:08 - Skipping line due to error: Expected 11 elements, got 19
INFO - 09/24/25 20:54:34 - 2:32:08 - Skipping line due to error: Expected 11 elements, got 12
INFO - 09/24/25 20:54:34 - 2:32:08 - Skipping line due to error: setting an array element with a sequence. The requested array has an inhomogeneous shape after 1 dimensions. The detected shape was (11,) + inhomogeneous part.
INFO - 09/24/25 20:54:34 - 2:32:08 - Skipping line due to error: Expected 11 elements, got 13
INFO - 09/24/25 20:54:34 - 2:32:08 - Skipping line due to error: Expected 11 elements, got 9
INFO - 09/24/25 20:54:34 - 2:32:08 - Skipping line due to error: Expected 11 elements, got 22
INFO - 09/24/25 20:54:34 - 2:32:08 - Skipping line due to error: Expected 11 elements, got 10
INFO - 09/24/25 20:54:34 - 2:32:08 - Skipping line due to error: Expected 11 elements, got 9
INFO - 09/24/25 20:54:34 - 2:32:08 - Skipping line due to error: Expected 11 elements, got 10
INFO - 09/24/25 20:54:34 - 2:32:08 - Skipping line due to error: Expected 11 elements, got 9
INFO - 09/24/25 20:54:34 - 2:32:08 - Skipping line due to error: setting an array element with a sequence. The requested array has an inhomogeneous shape after 1 dimensions. The detected shape was (11,) + inhomogeneous part.
INFO - 09/24/25 20:54:34 - 2:32:08 - Skipping line due to error: Expected 11 elements, got 8
INFO - 09/24/25 20:54:34 - 2:32:08 - Skipping line due to error: Expected 11 elements, got 9
INFO - 09/24/25 20:54:34 - 2:32:08 - Skipping line due to error: Expected 11 elements, got 2
INFO - 09/24/25 20:54:34 - 2:32:08 - Skipping line due to error: setting an array element with a sequence. The requested array has an inhomogeneous shape after 1 dimensions. The detected shape was (11,) + inhomogeneous part.
INFO - 09/24/25 20:54:34 - 2:32:08 - Skipping line due to error: setting an array element with a sequence. The requested array has an inhomogeneous shape after 1 dimensions. The detected shape was (11,) + inhomogeneous part.
INFO - 09/24/25 20:54:34 - 2:32:08 - Skipping line due to error: setting an array element with a sequence. The requested array has an inhomogeneous shape after 1 dimensions. The detected shape was (11,) + inhomogeneous part.
INFO - 09/24/25 20:54:34 - 2:32:08 - Skipping line due to error: setting an array element with a sequence. The requested array has an inhomogeneous shape after 1 dimensions. The detected shape was (11,) + inhomogeneous part.
INFO - 09/24/25 20:54:34 - 2:32:08 - Skipping line due to error: Expected 11 elements, got 8
INFO - 09/24/25 20:54:34 - 2:32:08 - Skipping line due to error: setting an array element with a sequence. The requested array has an inhomogeneous shape after 1 dimensions. The detected shape was (11,) + inhomogeneous part.
INFO - 09/24/25 20:54:34 - 2:32:08 - Skipping line due to error: Expected 11 elements, got 2
INFO - 09/24/25 20:54:34 - 2:32:08 - Skipping line due to error: Expected 11 elements, got 6
INFO - 09/24/25 20:54:34 - 2:32:08 - Skipping line due to error: Expected 11 elements, got 3
INFO - 09/24/25 20:54:34 - 2:32:08 - Skipping line due to error: setting an array element with a sequence. The requested array has an inhomogeneous shape after 1 dimensions. The detected shape was (11,) + inhomogeneous part.
INFO - 09/24/25 20:54:34 - 2:32:08 - Skipping line due to error: setting an array element with a sequence. The requested array has an inhomogeneous shape after 1 dimensions. The detected shape was (11,) + inhomogeneous part.
INFO - 09/24/25 20:54:34 - 2:32:08 - Skipping line due to error: Expected 11 elements, got 4
INFO - 09/24/25 20:54:34 - 2:32:08 - Skipping line due to error: setting an array element with a sequence. The requested array has an inhomogeneous shape after 1 dimensions. The detected shape was (11,) + inhomogeneous part.
INFO - 09/24/25 20:54:34 - 2:32:08 - Skipping line due to error: setting an array element with a sequence. The requested array has an inhomogeneous shape after 1 dimensions. The detected shape was (11,) + inhomogeneous part.
INFO - 09/24/25 20:54:34 - 2:32:08 - Skipping line due to error: setting an array element with a sequence. The requested array has an inhomogeneous shape after 1 dimensions. The detected shape was (11,) + inhomogeneous part.
INFO - 09/24/25 20:54:34 - 2:32:08 - Skipping line due to error: Expected 11 elements, got 10
INFO - 09/24/25 20:54:34 - 2:32:08 - Skipping line due to error: setting an array element with a sequence. The requested array has an inhomogeneous shape after 1 dimensions. The detected shape was (11,) + inhomogeneous part.
INFO - 09/24/25 20:54:34 - 2:32:08 - Skipping line due to error: setting an array element with a sequence. The requested array has an inhomogeneous shape after 1 dimensions. The detected shape was (11,) + inhomogeneous part.
INFO - 09/24/25 20:54:34 - 2:32:08 - Skipping line due to error: Expected 11 elements, got 12
INFO - 09/24/25 20:54:34 - 2:32:08 - Skipping line due to error: setting an array element with a sequence. The requested array has an inhomogeneous shape after 1 dimensions. The detected shape was (11,) + inhomogeneous part.
INFO - 09/24/25 20:54:34 - 2:32:08 - Skipping line due to error: Expected 11 elements, got 23
INFO - 09/24/25 20:54:34 - 2:32:08 - Skipping line due to error: Expected 11 elements, got 10
INFO - 09/24/25 20:54:34 - 2:32:08 - Skipping line due to error: setting an array element with a sequence. The requested array has an inhomogeneous shape after 1 dimensions. The detected shape was (11,) + inhomogeneous part.
INFO - 09/24/25 20:54:34 - 2:32:08 - Skipping line due to error: setting an array element with a sequence. The requested array has an inhomogeneous shape after 1 dimensions. The detected shape was (11,) + inhomogeneous part.
INFO - 09/24/25 20:54:34 - 2:32:08 - Skipping line due to error: Expected 11 elements, got 10
INFO - 09/24/25 20:54:34 - 2:32:08 - Skipping line due to error: Expected 11 elements, got 10
INFO - 09/24/25 20:54:34 - 2:32:08 - Skipping line due to error: setting an array element with a sequence. The requested array has an inhomogeneous shape after 1 dimensions. The detected shape was (11,) + inhomogeneous part.
INFO - 09/24/25 20:54:39 - 2:32:13 - distribution of scores(all rounds)
INFO - 09/24/25 20:54:39 - 2:32:13 - Score:891.0, Count:1
                                     
INFO - 09/24/25 20:54:39 - 2:32:13 - Score:816.0, Count:2
                                     
INFO - 09/24/25 20:54:39 - 2:32:13 - Score:807.0, Count:1
                                     
INFO - 09/24/25 20:54:39 - 2:32:13 - Score:805.0, Count:1
                                     
INFO - 09/24/25 20:54:39 - 2:32:13 - Score:801.0, Count:1
                                     
INFO - 09/24/25 20:54:39 - 2:32:13 - Score:800.0, Count:1
                                     
INFO - 09/24/25 20:54:39 - 2:32:13 - Score:798.0, Count:3
                                     
INFO - 09/24/25 20:54:39 - 2:32:13 - Score:793.0, Count:1
                                     
INFO - 09/24/25 20:54:39 - 2:32:13 - Score:780.0, Count:1
                                     
INFO - 09/24/25 20:54:39 - 2:32:13 - Score:776.0, Count:1
                                     
INFO - 09/24/25 20:54:39 - 2:32:13 - Score:774.0, Count:1
                                     
INFO - 09/24/25 20:54:39 - 2:32:13 - Score:769.0, Count:1
                                     
INFO - 09/24/25 20:54:39 - 2:32:13 - Score:654.0, Count:0
                                     
INFO - 09/24/25 20:54:39 - 2:32:13 - Score:576.0, Count:0
                                     
INFO - 09/24/25 20:54:39 - 2:32:13 - Score:434.0, Count:0
                                     
INFO - 09/24/25 20:54:39 - 2:32:13 - tokenizing
INFO - 09/24/25 20:54:39 - 2:32:13 - Loading tokenizer from /home/yuebi/Project/dim11_run/dim11_run_23/7787/tokenizer_data/tokenizer.json...
INFO - 09/24/25 20:54:39 - 2:32:13 - 0 / 15
INFO - 09/24/25 20:54:39 - 2:32:13 - number of examples in the dataset: 15
INFO - 09/24/25 20:54:39 - 2:32:13 - max word length: 66
INFO - 09/24/25 20:54:39 - 2:32:13 - number of unique characters in the vocabulary: 15
INFO - 09/24/25 20:54:39 - 2:32:13 - vocabulary:
INFO - 09/24/25 20:54:39 - 2:32:13 - ['V0', 'V1', 'V2', 'V3', 'V4', 'V5', 'V6', 'V7', 'V8', 'V9', 'V10', 'V11', 'V12', 'V13', 'V14']
INFO - 09/24/25 20:54:39 - 2:32:13 - split up the dataset into 14 training examples and 1 test examples
INFO - 09/24/25 20:54:39 - 2:32:13 - ============ Start of generation 8 ============
INFO - 09/24/25 20:54:39 - 2:32:13 - Memory allocated:  41.64MB, reserved: 1854.00MB
INFO - 09/24/25 20:54:39 - 2:32:13 - training
INFO - 09/24/25 20:54:39 - 2:32:13 - step 0 | loss 6.0696 | step time 98.55ms
INFO - 09/24/25 20:54:48 - 2:32:23 - step 100 | loss 0.0506 | step time 92.40ms
INFO - 09/24/25 20:54:58 - 2:32:32 - step 200 | loss 0.0445 | step time 92.66ms
INFO - 09/24/25 20:55:07 - 2:32:41 - step 300 | loss 0.0466 | step time 92.39ms
INFO - 09/24/25 20:55:16 - 2:32:50 - step 400 | loss 0.0474 | step time 92.40ms
INFO - 09/24/25 20:55:25 - 2:33:00 - step 500 | loss 0.0452 | step time 92.52ms
INFO - 09/24/25 20:55:25 - 2:33:00 - step 500 train loss: 0.04585843160748482 test loss: 5.777113914489746
INFO - 09/24/25 20:55:25 - 2:33:00 - test loss 5.777113914489746 is the best so far, saving model to /home/yuebi/Project/dim11_run/dim11_run_23/7787/model.pt
INFO - 09/24/25 20:55:35 - 2:33:09 - step 600 | loss 0.0465 | step time 92.66ms
INFO - 09/24/25 20:55:44 - 2:33:18 - step 700 | loss 0.0450 | step time 94.67ms
INFO - 09/24/25 20:55:53 - 2:33:28 - step 800 | loss 0.0447 | step time 92.62ms
INFO - 09/24/25 20:56:02 - 2:33:37 - step 900 | loss 0.0454 | step time 92.39ms
INFO - 09/24/25 20:56:12 - 2:33:46 - Memory allocated:  41.64MB, reserved: 1854.00MB
INFO - 09/24/25 20:56:12 - 2:33:46 - generating
INFO - 09/24/25 21:16:06 - 2:53:40 - distribution of sample lengths: average: 182.61226666666667 max: 412
INFO - 09/24/25 21:16:06 - 2:53:40 - printed 30000 samples
INFO - 09/24/25 21:16:06 - 2:53:40 - decoding
INFO - 09/24/25 21:16:06 - 2:53:41 - Decoding complete. Check the output in /home/yuebi/Project/dim11_run/dim11_run_23/7787/transformer-output-decoded.txt
INFO - 09/24/25 21:16:06 - 2:53:41 - Memory allocated:  41.64MB, reserved: 1854.00MB
INFO - 09/24/25 21:16:06 - 2:53:41 - ============ End of generation 8 ============
INFO - 09/24/25 21:16:06 - 2:53:41 - launching search.jl
INFO - 09/24/25 21:16:06 - 2:53:41 - JULIA_NUM_THREADS is set to 1
INFO - 09/24/25 21:16:06 - 2:53:41 - Skipping line due to error: setting an array element with a sequence. The requested array has an inhomogeneous shape after 1 dimensions. The detected shape was (11,) + inhomogeneous part.
INFO - 09/24/25 21:16:06 - 2:53:41 - Skipping line due to error: setting an array element with a sequence. The requested array has an inhomogeneous shape after 1 dimensions. The detected shape was (11,) + inhomogeneous part.
INFO - 09/24/25 21:16:06 - 2:53:41 - Skipping line due to error: Expected 11 elements, got 18
INFO - 09/24/25 21:16:06 - 2:53:41 - Skipping line due to error: Expected 11 elements, got 12
INFO - 09/24/25 21:16:06 - 2:53:41 - Skipping line due to error: Expected 11 elements, got 3
INFO - 09/24/25 21:16:06 - 2:53:41 - Skipping line due to error: setting an array element with a sequence. The requested array has an inhomogeneous shape after 1 dimensions. The detected shape was (11,) + inhomogeneous part.
INFO - 09/24/25 21:16:06 - 2:53:41 - Skipping line due to error: setting an array element with a sequence. The requested array has an inhomogeneous shape after 1 dimensions. The detected shape was (11,) + inhomogeneous part.
INFO - 09/24/25 21:16:06 - 2:53:41 - Skipping line due to error: setting an array element with a sequence. The requested array has an inhomogeneous shape after 1 dimensions. The detected shape was (11,) + inhomogeneous part.
INFO - 09/24/25 21:16:06 - 2:53:41 - Skipping line due to error: setting an array element with a sequence. The requested array has an inhomogeneous shape after 1 dimensions. The detected shape was (11,) + inhomogeneous part.
INFO - 09/24/25 21:16:06 - 2:53:41 - Skipping line due to error: setting an array element with a sequence. The requested array has an inhomogeneous shape after 1 dimensions. The detected shape was (11,) + inhomogeneous part.
INFO - 09/24/25 21:16:06 - 2:53:41 - Skipping line due to error: Expected 11 elements, got 10
INFO - 09/24/25 21:16:06 - 2:53:41 - Skipping line due to error: Expected 11 elements, got 10
INFO - 09/24/25 21:16:06 - 2:53:41 - Skipping line due to error: setting an array element with a sequence. The requested array has an inhomogeneous shape after 1 dimensions. The detected shape was (11,) + inhomogeneous part.
INFO - 09/24/25 21:16:06 - 2:53:41 - Skipping line due to error: Expected 11 elements, got 12
INFO - 09/24/25 21:16:06 - 2:53:41 - Skipping line due to error: Expected 11 elements, got 12
INFO - 09/24/25 21:16:06 - 2:53:41 - Skipping line due to error: Expected 11 elements, got 7
INFO - 09/24/25 21:16:06 - 2:53:41 - Skipping line due to error: Expected 11 elements, got 13
INFO - 09/24/25 21:16:06 - 2:53:41 - Skipping line due to error: Expected 11 elements, got 12
INFO - 09/24/25 21:16:06 - 2:53:41 - Skipping line due to error: Expected 11 elements, got 13
INFO - 09/24/25 21:16:06 - 2:53:41 - Skipping line due to error: setting an array element with a sequence. The requested array has an inhomogeneous shape after 1 dimensions. The detected shape was (11,) + inhomogeneous part.
INFO - 09/24/25 21:16:06 - 2:53:41 - Skipping line due to error: setting an array element with a sequence. The requested array has an inhomogeneous shape after 1 dimensions. The detected shape was (11,) + inhomogeneous part.
INFO - 09/24/25 21:16:06 - 2:53:41 - Skipping line due to error: Expected 11 elements, got 10
INFO - 09/24/25 21:16:06 - 2:53:41 - Skipping line due to error: Expected 11 elements, got 12
INFO - 09/24/25 21:16:06 - 2:53:41 - Skipping line due to error: Expected 11 elements, got 12
INFO - 09/24/25 21:16:06 - 2:53:41 - Skipping line due to error: Expected 11 elements, got 12
INFO - 09/24/25 21:16:06 - 2:53:41 - Skipping line due to error: Expected 11 elements, got 10
INFO - 09/24/25 21:16:06 - 2:53:41 - Skipping line due to error: Expected 11 elements, got 12
INFO - 09/24/25 21:16:06 - 2:53:41 - Skipping line due to error: setting an array element with a sequence. The requested array has an inhomogeneous shape after 1 dimensions. The detected shape was (11,) + inhomogeneous part.
INFO - 09/24/25 21:16:06 - 2:53:41 - Skipping line due to error: Expected 11 elements, got 18
INFO - 09/24/25 21:16:06 - 2:53:41 - Skipping line due to error: Expected 11 elements, got 13
INFO - 09/24/25 21:16:06 - 2:53:41 - Skipping line due to error: Expected 11 elements, got 10
INFO - 09/24/25 21:16:06 - 2:53:41 - Skipping line due to error: Expected 11 elements, got 9
INFO - 09/24/25 21:16:06 - 2:53:41 - Skipping line due to error: setting an array element with a sequence. The requested array has an inhomogeneous shape after 1 dimensions. The detected shape was (11,) + inhomogeneous part.
INFO - 09/24/25 21:16:06 - 2:53:41 - Skipping line due to error: setting an array element with a sequence. The requested array has an inhomogeneous shape after 1 dimensions. The detected shape was (11,) + inhomogeneous part.
INFO - 09/24/25 21:16:06 - 2:53:41 - Skipping line due to error: Expected 11 elements, got 10
INFO - 09/24/25 21:16:06 - 2:53:41 - Skipping line due to error: Expected 11 elements, got 15
INFO - 09/24/25 21:16:06 - 2:53:41 - Skipping line due to error: Expected 11 elements, got 12
INFO - 09/24/25 21:16:06 - 2:53:41 - Skipping line due to error: setting an array element with a sequence. The requested array has an inhomogeneous shape after 1 dimensions. The detected shape was (11,) + inhomogeneous part.
INFO - 09/24/25 21:16:06 - 2:53:41 - Skipping line due to error: setting an array element with a sequence. The requested array has an inhomogeneous shape after 1 dimensions. The detected shape was (11,) + inhomogeneous part.
INFO - 09/24/25 21:16:06 - 2:53:41 - Skipping line due to error: Expected 11 elements, got 13
INFO - 09/24/25 21:16:06 - 2:53:41 - Skipping line due to error: Expected 11 elements, got 12
INFO - 09/24/25 21:16:06 - 2:53:41 - Skipping line due to error: setting an array element with a sequence. The requested array has an inhomogeneous shape after 1 dimensions. The detected shape was (11,) + inhomogeneous part.
INFO - 09/24/25 21:16:06 - 2:53:41 - Skipping line due to error: setting an array element with a sequence. The requested array has an inhomogeneous shape after 1 dimensions. The detected shape was (11,) + inhomogeneous part.
INFO - 09/24/25 21:16:06 - 2:53:41 - Skipping line due to error: setting an array element with a sequence. The requested array has an inhomogeneous shape after 1 dimensions. The detected shape was (11,) + inhomogeneous part.
INFO - 09/24/25 21:16:06 - 2:53:41 - Skipping line due to error: Expected 11 elements, got 4
INFO - 09/24/25 21:16:06 - 2:53:41 - Skipping line due to error: Expected 11 elements, got 13
INFO - 09/24/25 21:16:06 - 2:53:41 - Skipping line due to error: setting an array element with a sequence. The requested array has an inhomogeneous shape after 1 dimensions. The detected shape was (11,) + inhomogeneous part.
INFO - 09/24/25 21:16:06 - 2:53:41 - Skipping line due to error: setting an array element with a sequence. The requested array has an inhomogeneous shape after 1 dimensions. The detected shape was (11,) + inhomogeneous part.
INFO - 09/24/25 21:16:06 - 2:53:41 - Skipping line due to error: Expected 11 elements, got 14
INFO - 09/24/25 21:16:06 - 2:53:41 - Skipping line due to error: Expected 11 elements, got 15
INFO - 09/24/25 21:16:06 - 2:53:41 - Skipping line due to error: Expected 11 elements, got 12
INFO - 09/24/25 21:16:06 - 2:53:41 - Skipping line due to error: setting an array element with a sequence. The requested array has an inhomogeneous shape after 1 dimensions. The detected shape was (11,) + inhomogeneous part.
INFO - 09/24/25 21:16:06 - 2:53:41 - Skipping line due to error: setting an array element with a sequence. The requested array has an inhomogeneous shape after 1 dimensions. The detected shape was (11,) + inhomogeneous part.
INFO - 09/24/25 21:16:06 - 2:53:41 - Skipping line due to error: setting an array element with a sequence. The requested array has an inhomogeneous shape after 1 dimensions. The detected shape was (11,) + inhomogeneous part.
INFO - 09/24/25 21:16:06 - 2:53:41 - Skipping line due to error: Expected 11 elements, got 12
INFO - 09/24/25 21:16:06 - 2:53:41 - Skipping line due to error: Expected 11 elements, got 12
INFO - 09/24/25 21:16:06 - 2:53:41 - Skipping line due to error: setting an array element with a sequence. The requested array has an inhomogeneous shape after 1 dimensions. The detected shape was (11,) + inhomogeneous part.
INFO - 09/24/25 21:16:06 - 2:53:41 - Skipping line due to error: Expected 11 elements, got 12
INFO - 09/24/25 21:16:06 - 2:53:41 - Skipping line due to error: setting an array element with a sequence. The requested array has an inhomogeneous shape after 1 dimensions. The detected shape was (11,) + inhomogeneous part.
INFO - 09/24/25 21:16:06 - 2:53:41 - Skipping line due to error: Expected 11 elements, got 12
INFO - 09/24/25 21:16:06 - 2:53:41 - Skipping line due to error: Expected 11 elements, got 20
INFO - 09/24/25 21:16:06 - 2:53:41 - Skipping line due to error: Expected 11 elements, got 10
INFO - 09/24/25 21:16:06 - 2:53:41 - Skipping line due to error: setting an array element with a sequence. The requested array has an inhomogeneous shape after 1 dimensions. The detected shape was (11,) + inhomogeneous part.
INFO - 09/24/25 21:16:06 - 2:53:41 - Skipping line due to error: setting an array element with a sequence. The requested array has an inhomogeneous shape after 1 dimensions. The detected shape was (11,) + inhomogeneous part.
INFO - 09/24/25 21:16:06 - 2:53:41 - Skipping line due to error: setting an array element with a sequence. The requested array has an inhomogeneous shape after 1 dimensions. The detected shape was (11,) + inhomogeneous part.
INFO - 09/24/25 21:16:06 - 2:53:41 - Skipping line due to error: Expected 11 elements, got 12
INFO - 09/24/25 21:16:06 - 2:53:41 - Skipping line due to error: Expected 11 elements, got 9
INFO - 09/24/25 21:16:06 - 2:53:41 - Skipping line due to error: Expected 11 elements, got 10
INFO - 09/24/25 21:16:06 - 2:53:41 - Skipping line due to error: Expected 11 elements, got 13
INFO - 09/24/25 21:16:06 - 2:53:41 - Skipping line due to error: setting an array element with a sequence. The requested array has an inhomogeneous shape after 1 dimensions. The detected shape was (11,) + inhomogeneous part.
INFO - 09/24/25 21:16:06 - 2:53:41 - Skipping line due to error: Expected 11 elements, got 10
INFO - 09/24/25 21:16:06 - 2:53:41 - Skipping line due to error: Expected 11 elements, got 12
INFO - 09/24/25 21:16:06 - 2:53:41 - Skipping line due to error: Expected 11 elements, got 10
INFO - 09/24/25 21:16:06 - 2:53:41 - Skipping line due to error: Expected 11 elements, got 13
INFO - 09/24/25 21:16:06 - 2:53:41 - Skipping line due to error: Expected 11 elements, got 13
INFO - 09/24/25 21:16:06 - 2:53:41 - Skipping line due to error: setting an array element with a sequence. The requested array has an inhomogeneous shape after 1 dimensions. The detected shape was (11,) + inhomogeneous part.
INFO - 09/24/25 21:16:06 - 2:53:41 - Skipping line due to error: Expected 11 elements, got 10
INFO - 09/24/25 21:16:06 - 2:53:41 - Skipping line due to error: Expected 11 elements, got 12
INFO - 09/24/25 21:16:06 - 2:53:41 - Skipping line due to error: setting an array element with a sequence. The requested array has an inhomogeneous shape after 1 dimensions. The detected shape was (11,) + inhomogeneous part.
INFO - 09/24/25 21:16:06 - 2:53:41 - Skipping line due to error: Expected 11 elements, got 12
INFO - 09/24/25 21:16:06 - 2:53:41 - Skipping line due to error: Expected 11 elements, got 8
INFO - 09/24/25 21:16:06 - 2:53:41 - Skipping line due to error: Expected 11 elements, got 12
INFO - 09/24/25 21:16:06 - 2:53:41 - Skipping line due to error: Expected 11 elements, got 12
INFO - 09/24/25 21:16:06 - 2:53:41 - Skipping line due to error: Expected 11 elements, got 3
INFO - 09/24/25 21:16:06 - 2:53:41 - Skipping line due to error: setting an array element with a sequence. The requested array has an inhomogeneous shape after 1 dimensions. The detected shape was (11,) + inhomogeneous part.
INFO - 09/24/25 21:16:06 - 2:53:41 - Skipping line due to error: Expected 11 elements, got 14
INFO - 09/24/25 21:16:06 - 2:53:41 - Skipping line due to error: setting an array element with a sequence. The requested array has an inhomogeneous shape after 1 dimensions. The detected shape was (11,) + inhomogeneous part.
INFO - 09/24/25 21:16:06 - 2:53:41 - Skipping line due to error: Expected 11 elements, got 20
INFO - 09/24/25 21:16:06 - 2:53:41 - Skipping line due to error: setting an array element with a sequence. The requested array has an inhomogeneous shape after 1 dimensions. The detected shape was (11,) + inhomogeneous part.
INFO - 09/24/25 21:16:06 - 2:53:41 - Skipping line due to error: setting an array element with a sequence. The requested array has an inhomogeneous shape after 1 dimensions. The detected shape was (11,) + inhomogeneous part.
INFO - 09/24/25 21:16:06 - 2:53:41 - Skipping line due to error: Expected 11 elements, got 12
INFO - 09/24/25 21:16:06 - 2:53:41 - Skipping line due to error: Expected 11 elements, got 12
INFO - 09/24/25 21:16:06 - 2:53:41 - Skipping line due to error: Expected 11 elements, got 24
INFO - 09/24/25 21:16:06 - 2:53:41 - Skipping line due to error: Expected 11 elements, got 10
INFO - 09/24/25 21:16:06 - 2:53:41 - Skipping line due to error: Expected 11 elements, got 12
INFO - 09/24/25 21:16:06 - 2:53:41 - Skipping line due to error: Expected 11 elements, got 12
INFO - 09/24/25 21:16:06 - 2:53:41 - Skipping line due to error: setting an array element with a sequence. The requested array has an inhomogeneous shape after 1 dimensions. The detected shape was (11,) + inhomogeneous part.
INFO - 09/24/25 21:16:06 - 2:53:41 - Skipping line due to error: Expected 11 elements, got 12
INFO - 09/24/25 21:16:06 - 2:53:41 - Skipping line due to error: setting an array element with a sequence. The requested array has an inhomogeneous shape after 1 dimensions. The detected shape was (11,) + inhomogeneous part.
INFO - 09/24/25 21:16:06 - 2:53:41 - Skipping line due to error: Expected 11 elements, got 13
INFO - 09/24/25 21:16:06 - 2:53:41 - Skipping line due to error: Expected 11 elements, got 20
INFO - 09/24/25 21:16:06 - 2:53:41 - Skipping line due to error: Expected 11 elements, got 12
INFO - 09/24/25 21:16:06 - 2:53:41 - Skipping line due to error: Expected 11 elements, got 14
INFO - 09/24/25 21:16:06 - 2:53:41 - Skipping line due to error: Expected 11 elements, got 9
INFO - 09/24/25 21:16:06 - 2:53:41 - Skipping line due to error: Expected 11 elements, got 13
INFO - 09/24/25 21:16:06 - 2:53:41 - Skipping line due to error: Expected 11 elements, got 12
INFO - 09/24/25 21:16:06 - 2:53:41 - Skipping line due to error: setting an array element with a sequence. The requested array has an inhomogeneous shape after 1 dimensions. The detected shape was (11,) + inhomogeneous part.
INFO - 09/24/25 21:16:06 - 2:53:41 - Skipping line due to error: setting an array element with a sequence. The requested array has an inhomogeneous shape after 1 dimensions. The detected shape was (11,) + inhomogeneous part.
INFO - 09/24/25 21:16:06 - 2:53:41 - Skipping line due to error: setting an array element with a sequence. The requested array has an inhomogeneous shape after 1 dimensions. The detected shape was (11,) + inhomogeneous part.
INFO - 09/24/25 21:16:06 - 2:53:41 - Skipping line due to error: Expected 11 elements, got 17
INFO - 09/24/25 21:16:06 - 2:53:41 - Skipping line due to error: Expected 11 elements, got 12
INFO - 09/24/25 21:16:06 - 2:53:41 - Skipping line due to error: setting an array element with a sequence. The requested array has an inhomogeneous shape after 1 dimensions. The detected shape was (11,) + inhomogeneous part.
INFO - 09/24/25 21:16:06 - 2:53:41 - Skipping line due to error: Expected 11 elements, got 12
INFO - 09/24/25 21:16:06 - 2:53:41 - Skipping line due to error: Expected 11 elements, got 10
INFO - 09/24/25 21:16:06 - 2:53:41 - Skipping line due to error: setting an array element with a sequence. The requested array has an inhomogeneous shape after 1 dimensions. The detected shape was (11,) + inhomogeneous part.
INFO - 09/24/25 21:16:06 - 2:53:41 - Skipping line due to error: Expected 11 elements, got 9
INFO - 09/24/25 21:16:06 - 2:53:41 - Skipping line due to error: Expected 11 elements, got 12
INFO - 09/24/25 21:16:06 - 2:53:41 - Skipping line due to error: setting an array element with a sequence. The requested array has an inhomogeneous shape after 1 dimensions. The detected shape was (11,) + inhomogeneous part.
INFO - 09/24/25 21:16:06 - 2:53:41 - Skipping line due to error: Expected 11 elements, got 12
INFO - 09/24/25 21:16:06 - 2:53:41 - Skipping line due to error: setting an array element with a sequence. The requested array has an inhomogeneous shape after 1 dimensions. The detected shape was (11,) + inhomogeneous part.
INFO - 09/24/25 21:16:06 - 2:53:41 - Skipping line due to error: setting an array element with a sequence. The requested array has an inhomogeneous shape after 1 dimensions. The detected shape was (11,) + inhomogeneous part.
INFO - 09/24/25 21:16:06 - 2:53:41 - Skipping line due to error: Expected 11 elements, got 5
INFO - 09/24/25 21:16:06 - 2:53:41 - Skipping line due to error: Expected 11 elements, got 15
INFO - 09/24/25 21:16:06 - 2:53:41 - Skipping line due to error: setting an array element with a sequence. The requested array has an inhomogeneous shape after 1 dimensions. The detected shape was (11,) + inhomogeneous part.
INFO - 09/24/25 21:16:06 - 2:53:41 - Skipping line due to error: Expected 11 elements, got 12
INFO - 09/24/25 21:16:06 - 2:53:41 - Skipping line due to error: Expected 11 elements, got 13
INFO - 09/24/25 21:16:06 - 2:53:41 - Skipping line due to error: Expected 11 elements, got 12
INFO - 09/24/25 21:16:06 - 2:53:41 - Skipping line due to error: setting an array element with a sequence. The requested array has an inhomogeneous shape after 1 dimensions. The detected shape was (11,) + inhomogeneous part.
INFO - 09/24/25 21:16:06 - 2:53:41 - Skipping line due to error: setting an array element with a sequence. The requested array has an inhomogeneous shape after 1 dimensions. The detected shape was (11,) + inhomogeneous part.
INFO - 09/24/25 21:16:06 - 2:53:41 - Skipping line due to error: Expected 11 elements, got 15
INFO - 09/24/25 21:16:06 - 2:53:41 - Skipping line due to error: setting an array element with a sequence. The requested array has an inhomogeneous shape after 1 dimensions. The detected shape was (11,) + inhomogeneous part.
INFO - 09/24/25 21:16:06 - 2:53:41 - Skipping line due to error: Expected 11 elements, got 10
INFO - 09/24/25 21:16:06 - 2:53:41 - Skipping line due to error: Expected 11 elements, got 9
INFO - 09/24/25 21:16:06 - 2:53:41 - Skipping line due to error: Expected 11 elements, got 12
INFO - 09/24/25 21:16:06 - 2:53:41 - Skipping line due to error: Expected 11 elements, got 12
INFO - 09/24/25 21:16:06 - 2:53:41 - Skipping line due to error: setting an array element with a sequence. The requested array has an inhomogeneous shape after 1 dimensions. The detected shape was (11,) + inhomogeneous part.
INFO - 09/24/25 21:16:06 - 2:53:41 - Skipping line due to error: setting an array element with a sequence. The requested array has an inhomogeneous shape after 1 dimensions. The detected shape was (11,) + inhomogeneous part.
INFO - 09/24/25 21:16:06 - 2:53:41 - Skipping line due to error: Expected 11 elements, got 12
INFO - 09/24/25 21:16:06 - 2:53:41 - Skipping line due to error: Expected 11 elements, got 9
INFO - 09/24/25 21:16:06 - 2:53:41 - Skipping line due to error: setting an array element with a sequence. The requested array has an inhomogeneous shape after 1 dimensions. The detected shape was (11,) + inhomogeneous part.
INFO - 09/24/25 21:16:06 - 2:53:41 - Skipping line due to error: Expected 11 elements, got 8
INFO - 09/24/25 21:16:06 - 2:53:41 - Skipping line due to error: Expected 11 elements, got 5
INFO - 09/24/25 21:16:06 - 2:53:41 - Skipping line due to error: Expected 11 elements, got 10
INFO - 09/24/25 21:16:06 - 2:53:41 - Skipping line due to error: Expected 11 elements, got 12
INFO - 09/24/25 21:16:06 - 2:53:41 - Skipping line due to error: Expected 11 elements, got 5
INFO - 09/24/25 21:16:06 - 2:53:41 - Skipping line due to error: Expected 11 elements, got 16
INFO - 09/24/25 21:16:06 - 2:53:41 - Skipping line due to error: Expected 11 elements, got 3
INFO - 09/24/25 21:16:06 - 2:53:41 - Skipping line due to error: Expected 11 elements, got 12
INFO - 09/24/25 21:16:06 - 2:53:41 - Skipping line due to error: Expected 11 elements, got 12
INFO - 09/24/25 21:16:06 - 2:53:41 - Skipping line due to error: Expected 11 elements, got 12
INFO - 09/24/25 21:16:06 - 2:53:41 - Skipping line due to error: setting an array element with a sequence. The requested array has an inhomogeneous shape after 1 dimensions. The detected shape was (11,) + inhomogeneous part.
INFO - 09/24/25 21:16:06 - 2:53:41 - Skipping line due to error: setting an array element with a sequence. The requested array has an inhomogeneous shape after 1 dimensions. The detected shape was (11,) + inhomogeneous part.
INFO - 09/24/25 21:16:06 - 2:53:41 - Skipping line due to error: Expected 11 elements, got 12
INFO - 09/24/25 21:16:06 - 2:53:41 - Skipping line due to error: setting an array element with a sequence. The requested array has an inhomogeneous shape after 1 dimensions. The detected shape was (11,) + inhomogeneous part.
INFO - 09/24/25 21:16:06 - 2:53:41 - Skipping line due to error: Expected 11 elements, got 12
INFO - 09/24/25 21:16:06 - 2:53:41 - Skipping line due to error: Expected 11 elements, got 13
INFO - 09/24/25 21:16:06 - 2:53:41 - Skipping line due to error: Expected 11 elements, got 10
INFO - 09/24/25 21:16:06 - 2:53:41 - Skipping line due to error: Expected 11 elements, got 12
INFO - 09/24/25 21:16:06 - 2:53:41 - Skipping line due to error: setting an array element with a sequence. The requested array has an inhomogeneous shape after 1 dimensions. The detected shape was (11,) + inhomogeneous part.
INFO - 09/24/25 21:16:06 - 2:53:41 - Skipping line due to error: setting an array element with a sequence. The requested array has an inhomogeneous shape after 1 dimensions. The detected shape was (11,) + inhomogeneous part.
INFO - 09/24/25 21:16:06 - 2:53:41 - Skipping line due to error: setting an array element with a sequence. The requested array has an inhomogeneous shape after 1 dimensions. The detected shape was (11,) + inhomogeneous part.
INFO - 09/24/25 21:16:06 - 2:53:41 - Skipping line due to error: Expected 11 elements, got 12
INFO - 09/24/25 21:16:06 - 2:53:41 - Skipping line due to error: Expected 11 elements, got 12
INFO - 09/24/25 21:16:06 - 2:53:41 - Skipping line due to error: Expected 11 elements, got 5
INFO - 09/24/25 21:16:06 - 2:53:41 - Skipping line due to error: setting an array element with a sequence. The requested array has an inhomogeneous shape after 1 dimensions. The detected shape was (11,) + inhomogeneous part.
INFO - 09/24/25 21:16:06 - 2:53:41 - Skipping line due to error: Expected 11 elements, got 9
INFO - 09/24/25 21:16:06 - 2:53:41 - Skipping line due to error: Expected 11 elements, got 10
INFO - 09/24/25 21:16:06 - 2:53:41 - Skipping line due to error: setting an array element with a sequence. The requested array has an inhomogeneous shape after 1 dimensions. The detected shape was (11,) + inhomogeneous part.
INFO - 09/24/25 21:16:06 - 2:53:41 - Skipping line due to error: setting an array element with a sequence. The requested array has an inhomogeneous shape after 1 dimensions. The detected shape was (11,) + inhomogeneous part.
INFO - 09/24/25 21:16:06 - 2:53:41 - Skipping line due to error: setting an array element with a sequence. The requested array has an inhomogeneous shape after 1 dimensions. The detected shape was (11,) + inhomogeneous part.
INFO - 09/24/25 21:16:06 - 2:53:41 - Skipping line due to error: Expected 11 elements, got 10
INFO - 09/24/25 21:16:06 - 2:53:41 - Skipping line due to error: Expected 11 elements, got 10
INFO - 09/24/25 21:16:06 - 2:53:41 - Skipping line due to error: setting an array element with a sequence. The requested array has an inhomogeneous shape after 1 dimensions. The detected shape was (11,) + inhomogeneous part.
INFO - 09/24/25 21:16:06 - 2:53:41 - Skipping line due to error: Expected 11 elements, got 12
INFO - 09/24/25 21:16:06 - 2:53:41 - Skipping line due to error: setting an array element with a sequence. The requested array has an inhomogeneous shape after 1 dimensions. The detected shape was (11,) + inhomogeneous part.
INFO - 09/24/25 21:16:06 - 2:53:41 - Skipping line due to error: Expected 11 elements, got 14
INFO - 09/24/25 21:16:06 - 2:53:41 - Skipping line due to error: Expected 11 elements, got 13
INFO - 09/24/25 21:16:06 - 2:53:41 - Skipping line due to error: setting an array element with a sequence. The requested array has an inhomogeneous shape after 1 dimensions. The detected shape was (11,) + inhomogeneous part.
INFO - 09/24/25 21:16:06 - 2:53:41 - Skipping line due to error: Expected 11 elements, got 10
INFO - 09/24/25 21:16:06 - 2:53:41 - Skipping line due to error: Expected 11 elements, got 14
INFO - 09/24/25 21:16:06 - 2:53:41 - Skipping line due to error: setting an array element with a sequence. The requested array has an inhomogeneous shape after 1 dimensions. The detected shape was (11,) + inhomogeneous part.
INFO - 09/24/25 21:16:06 - 2:53:41 - Skipping line due to error: Expected 11 elements, got 12
INFO - 09/24/25 21:16:06 - 2:53:41 - Skipping line due to error: Expected 11 elements, got 12
INFO - 09/24/25 21:16:06 - 2:53:41 - Skipping line due to error: Expected 11 elements, got 10
INFO - 09/24/25 21:16:06 - 2:53:41 - Skipping line due to error: Expected 11 elements, got 12
INFO - 09/24/25 21:16:06 - 2:53:41 - Skipping line due to error: setting an array element with a sequence. The requested array has an inhomogeneous shape after 1 dimensions. The detected shape was (11,) + inhomogeneous part.
INFO - 09/24/25 21:16:06 - 2:53:41 - Skipping line due to error: setting an array element with a sequence. The requested array has an inhomogeneous shape after 1 dimensions. The detected shape was (11,) + inhomogeneous part.
INFO - 09/24/25 21:16:06 - 2:53:41 - Skipping line due to error: setting an array element with a sequence. The requested array has an inhomogeneous shape after 1 dimensions. The detected shape was (11,) + inhomogeneous part.
INFO - 09/24/25 21:16:06 - 2:53:41 - Skipping line due to error: Expected 11 elements, got 12
INFO - 09/24/25 21:16:06 - 2:53:41 - Skipping line due to error: Expected 11 elements, got 12
INFO - 09/24/25 21:16:06 - 2:53:41 - Skipping line due to error: setting an array element with a sequence. The requested array has an inhomogeneous shape after 1 dimensions. The detected shape was (11,) + inhomogeneous part.
INFO - 09/24/25 21:16:06 - 2:53:41 - Skipping line due to error: Expected 11 elements, got 12
INFO - 09/24/25 21:16:06 - 2:53:41 - Skipping line due to error: setting an array element with a sequence. The requested array has an inhomogeneous shape after 1 dimensions. The detected shape was (11,) + inhomogeneous part.
INFO - 09/24/25 21:16:06 - 2:53:41 - Skipping line due to error: setting an array element with a sequence. The requested array has an inhomogeneous shape after 1 dimensions. The detected shape was (11,) + inhomogeneous part.
INFO - 09/24/25 21:16:06 - 2:53:41 - Skipping line due to error: Expected 11 elements, got 10
INFO - 09/24/25 21:16:06 - 2:53:41 - Skipping line due to error: Expected 11 elements, got 12
INFO - 09/24/25 21:16:06 - 2:53:41 - Skipping line due to error: Expected 11 elements, got 10
INFO - 09/24/25 21:16:06 - 2:53:41 - Skipping line due to error: Expected 11 elements, got 13
INFO - 09/24/25 21:16:06 - 2:53:41 - Skipping line due to error: setting an array element with a sequence. The requested array has an inhomogeneous shape after 1 dimensions. The detected shape was (11,) + inhomogeneous part.
INFO - 09/24/25 21:16:06 - 2:53:41 - Skipping line due to error: Expected 11 elements, got 12
INFO - 09/24/25 21:16:06 - 2:53:41 - Skipping line due to error: Expected 11 elements, got 12
INFO - 09/24/25 21:16:06 - 2:53:41 - Skipping line due to error: setting an array element with a sequence. The requested array has an inhomogeneous shape after 1 dimensions. The detected shape was (11,) + inhomogeneous part.
INFO - 09/24/25 21:16:06 - 2:53:41 - Skipping line due to error: Expected 11 elements, got 12
INFO - 09/24/25 21:16:06 - 2:53:41 - Skipping line due to error: setting an array element with a sequence. The requested array has an inhomogeneous shape after 1 dimensions. The detected shape was (11,) + inhomogeneous part.
INFO - 09/24/25 21:16:06 - 2:53:41 - Skipping line due to error: Expected 11 elements, got 12
INFO - 09/24/25 21:16:06 - 2:53:41 - Skipping line due to error: setting an array element with a sequence. The requested array has an inhomogeneous shape after 1 dimensions. The detected shape was (11,) + inhomogeneous part.
INFO - 09/24/25 21:16:06 - 2:53:41 - Skipping line due to error: Expected 11 elements, got 10
INFO - 09/24/25 21:16:06 - 2:53:41 - Skipping line due to error: Expected 11 elements, got 10
INFO - 09/24/25 21:16:06 - 2:53:41 - Skipping line due to error: Expected 11 elements, got 12
INFO - 09/24/25 21:16:06 - 2:53:41 - Skipping line due to error: Expected 11 elements, got 9
INFO - 09/24/25 21:16:06 - 2:53:41 - Skipping line due to error: Expected 11 elements, got 21
INFO - 09/24/25 21:16:06 - 2:53:41 - Skipping line due to error: Expected 11 elements, got 12
INFO - 09/24/25 21:16:06 - 2:53:41 - Skipping line due to error: Expected 11 elements, got 10
INFO - 09/24/25 21:16:06 - 2:53:41 - Skipping line due to error: setting an array element with a sequence. The requested array has an inhomogeneous shape after 1 dimensions. The detected shape was (11,) + inhomogeneous part.
INFO - 09/24/25 21:16:06 - 2:53:41 - Skipping line due to error: setting an array element with a sequence. The requested array has an inhomogeneous shape after 1 dimensions. The detected shape was (11,) + inhomogeneous part.
INFO - 09/24/25 21:16:06 - 2:53:41 - Skipping line due to error: Expected 11 elements, got 9
INFO - 09/24/25 21:16:06 - 2:53:41 - Skipping line due to error: Expected 11 elements, got 10
INFO - 09/24/25 21:16:06 - 2:53:41 - Skipping line due to error: Expected 11 elements, got 10
INFO - 09/24/25 21:16:06 - 2:53:41 - Skipping line due to error: Expected 11 elements, got 12
INFO - 09/24/25 21:16:06 - 2:53:41 - Skipping line due to error: setting an array element with a sequence. The requested array has an inhomogeneous shape after 1 dimensions. The detected shape was (11,) + inhomogeneous part.
INFO - 09/24/25 21:16:06 - 2:53:41 - Skipping line due to error: setting an array element with a sequence. The requested array has an inhomogeneous shape after 1 dimensions. The detected shape was (11,) + inhomogeneous part.
INFO - 09/24/25 21:16:06 - 2:53:41 - Skipping line due to error: Expected 11 elements, got 12
INFO - 09/24/25 21:16:06 - 2:53:41 - Skipping line due to error: Expected 11 elements, got 9
INFO - 09/24/25 21:16:06 - 2:53:41 - Skipping line due to error: setting an array element with a sequence. The requested array has an inhomogeneous shape after 1 dimensions. The detected shape was (11,) + inhomogeneous part.
INFO - 09/24/25 21:16:06 - 2:53:41 - Skipping line due to error: Expected 11 elements, got 10
INFO - 09/24/25 21:16:06 - 2:53:41 - Skipping line due to error: Expected 11 elements, got 12
INFO - 09/24/25 21:16:06 - 2:53:41 - Skipping line due to error: Expected 11 elements, got 12
INFO - 09/24/25 21:16:06 - 2:53:41 - Skipping line due to error: Expected 11 elements, got 12
INFO - 09/24/25 21:16:06 - 2:53:41 - Skipping line due to error: setting an array element with a sequence. The requested array has an inhomogeneous shape after 1 dimensions. The detected shape was (11,) + inhomogeneous part.
INFO - 09/24/25 21:16:06 - 2:53:41 - Skipping line due to error: setting an array element with a sequence. The requested array has an inhomogeneous shape after 1 dimensions. The detected shape was (11,) + inhomogeneous part.
INFO - 09/24/25 21:16:06 - 2:53:41 - Skipping line due to error: Expected 11 elements, got 12
INFO - 09/24/25 21:16:06 - 2:53:41 - Skipping line due to error: setting an array element with a sequence. The requested array has an inhomogeneous shape after 1 dimensions. The detected shape was (11,) + inhomogeneous part.
INFO - 09/24/25 21:16:06 - 2:53:41 - Skipping line due to error: Expected 11 elements, got 10
INFO - 09/24/25 21:16:06 - 2:53:41 - Skipping line due to error: Expected 11 elements, got 12
INFO - 09/24/25 21:16:06 - 2:53:41 - Skipping line due to error: setting an array element with a sequence. The requested array has an inhomogeneous shape after 1 dimensions. The detected shape was (11,) + inhomogeneous part.
INFO - 09/24/25 21:16:06 - 2:53:41 - Skipping line due to error: Expected 11 elements, got 21
INFO - 09/24/25 21:16:06 - 2:53:41 - Skipping line due to error: Expected 11 elements, got 5
INFO - 09/24/25 21:16:06 - 2:53:41 - Skipping line due to error: setting an array element with a sequence. The requested array has an inhomogeneous shape after 1 dimensions. The detected shape was (11,) + inhomogeneous part.
INFO - 09/24/25 21:16:06 - 2:53:41 - Skipping line due to error: setting an array element with a sequence. The requested array has an inhomogeneous shape after 1 dimensions. The detected shape was (11,) + inhomogeneous part.
INFO - 09/24/25 21:16:06 - 2:53:41 - Skipping line due to error: Expected 11 elements, got 12
INFO - 09/24/25 21:16:06 - 2:53:41 - Skipping line due to error: setting an array element with a sequence. The requested array has an inhomogeneous shape after 1 dimensions. The detected shape was (11,) + inhomogeneous part.
INFO - 09/24/25 21:16:06 - 2:53:41 - Skipping line due to error: setting an array element with a sequence. The requested array has an inhomogeneous shape after 1 dimensions. The detected shape was (11,) + inhomogeneous part.
INFO - 09/24/25 21:16:06 - 2:53:41 - Skipping line due to error: setting an array element with a sequence. The requested array has an inhomogeneous shape after 1 dimensions. The detected shape was (11,) + inhomogeneous part.
INFO - 09/24/25 21:16:06 - 2:53:41 - Skipping line due to error: Expected 11 elements, got 10
INFO - 09/24/25 21:16:06 - 2:53:41 - Skipping line due to error: Expected 11 elements, got 10
INFO - 09/24/25 21:16:06 - 2:53:41 - Skipping line due to error: setting an array element with a sequence. The requested array has an inhomogeneous shape after 1 dimensions. The detected shape was (11,) + inhomogeneous part.
INFO - 09/24/25 21:16:06 - 2:53:41 - Skipping line due to error: Expected 11 elements, got 10
INFO - 09/24/25 21:16:06 - 2:53:41 - Skipping line due to error: Expected 11 elements, got 12
INFO - 09/24/25 21:16:06 - 2:53:41 - Skipping line due to error: setting an array element with a sequence. The requested array has an inhomogeneous shape after 1 dimensions. The detected shape was (11,) + inhomogeneous part.
INFO - 09/24/25 21:16:06 - 2:53:41 - Skipping line due to error: Expected 11 elements, got 12
INFO - 09/24/25 21:16:06 - 2:53:41 - Skipping line due to error: setting an array element with a sequence. The requested array has an inhomogeneous shape after 1 dimensions. The detected shape was (11,) + inhomogeneous part.
INFO - 09/24/25 21:16:06 - 2:53:41 - Skipping line due to error: Expected 11 elements, got 10
INFO - 09/24/25 21:16:06 - 2:53:41 - Skipping line due to error: setting an array element with a sequence. The requested array has an inhomogeneous shape after 1 dimensions. The detected shape was (11,) + inhomogeneous part.
INFO - 09/24/25 21:16:06 - 2:53:41 - Skipping line due to error: Expected 11 elements, got 12
INFO - 09/24/25 21:16:06 - 2:53:41 - Skipping line due to error: Expected 11 elements, got 10
INFO - 09/24/25 21:16:06 - 2:53:41 - Skipping line due to error: setting an array element with a sequence. The requested array has an inhomogeneous shape after 1 dimensions. The detected shape was (11,) + inhomogeneous part.
INFO - 09/24/25 21:16:06 - 2:53:41 - Skipping line due to error: setting an array element with a sequence. The requested array has an inhomogeneous shape after 1 dimensions. The detected shape was (11,) + inhomogeneous part.
INFO - 09/24/25 21:16:06 - 2:53:41 - Skipping line due to error: Expected 11 elements, got 12
INFO - 09/24/25 21:16:06 - 2:53:41 - Skipping line due to error: setting an array element with a sequence. The requested array has an inhomogeneous shape after 1 dimensions. The detected shape was (11,) + inhomogeneous part.
INFO - 09/24/25 21:16:06 - 2:53:41 - Skipping line due to error: setting an array element with a sequence. The requested array has an inhomogeneous shape after 1 dimensions. The detected shape was (11,) + inhomogeneous part.
INFO - 09/24/25 21:16:06 - 2:53:41 - Skipping line due to error: setting an array element with a sequence. The requested array has an inhomogeneous shape after 1 dimensions. The detected shape was (11,) + inhomogeneous part.
INFO - 09/24/25 21:16:06 - 2:53:41 - Skipping line due to error: Expected 11 elements, got 10
INFO - 09/24/25 21:16:06 - 2:53:41 - Skipping line due to error: setting an array element with a sequence. The requested array has an inhomogeneous shape after 1 dimensions. The detected shape was (11,) + inhomogeneous part.
INFO - 09/24/25 21:16:06 - 2:53:41 - Skipping line due to error: setting an array element with a sequence. The requested array has an inhomogeneous shape after 1 dimensions. The detected shape was (11,) + inhomogeneous part.
INFO - 09/24/25 21:16:06 - 2:53:41 - Skipping line due to error: setting an array element with a sequence. The requested array has an inhomogeneous shape after 1 dimensions. The detected shape was (11,) + inhomogeneous part.
INFO - 09/24/25 21:16:06 - 2:53:41 - Skipping line due to error: Expected 11 elements, got 10
INFO - 09/24/25 21:16:06 - 2:53:41 - Skipping line due to error: Expected 11 elements, got 12
INFO - 09/24/25 21:16:06 - 2:53:41 - Skipping line due to error: setting an array element with a sequence. The requested array has an inhomogeneous shape after 1 dimensions. The detected shape was (11,) + inhomogeneous part.
INFO - 09/24/25 21:16:06 - 2:53:41 - Skipping line due to error: setting an array element with a sequence. The requested array has an inhomogeneous shape after 1 dimensions. The detected shape was (11,) + inhomogeneous part.
INFO - 09/24/25 21:16:06 - 2:53:41 - Skipping line due to error: setting an array element with a sequence. The requested array has an inhomogeneous shape after 1 dimensions. The detected shape was (11,) + inhomogeneous part.
INFO - 09/24/25 21:16:06 - 2:53:41 - Skipping line due to error: setting an array element with a sequence. The requested array has an inhomogeneous shape after 1 dimensions. The detected shape was (11,) + inhomogeneous part.
INFO - 09/24/25 21:16:06 - 2:53:41 - Skipping line due to error: Expected 11 elements, got 10
INFO - 09/24/25 21:16:06 - 2:53:41 - Skipping line due to error: setting an array element with a sequence. The requested array has an inhomogeneous shape after 1 dimensions. The detected shape was (11,) + inhomogeneous part.
INFO - 09/24/25 21:16:06 - 2:53:41 - Skipping line due to error: Expected 11 elements, got 10
INFO - 09/24/25 21:16:06 - 2:53:41 - Skipping line due to error: Expected 11 elements, got 1
INFO - 09/24/25 21:16:06 - 2:53:41 - Skipping line due to error: setting an array element with a sequence. The requested array has an inhomogeneous shape after 1 dimensions. The detected shape was (11,) + inhomogeneous part.
INFO - 09/24/25 21:16:06 - 2:53:41 - Skipping line due to error: setting an array element with a sequence. The requested array has an inhomogeneous shape after 1 dimensions. The detected shape was (11,) + inhomogeneous part.
INFO - 09/24/25 21:16:06 - 2:53:41 - Skipping line due to error: setting an array element with a sequence. The requested array has an inhomogeneous shape after 1 dimensions. The detected shape was (11,) + inhomogeneous part.
INFO - 09/24/25 21:16:06 - 2:53:41 - Skipping line due to error: setting an array element with a sequence. The requested array has an inhomogeneous shape after 1 dimensions. The detected shape was (11,) + inhomogeneous part.
INFO - 09/24/25 21:16:06 - 2:53:41 - Skipping line due to error: Expected 11 elements, got 12
INFO - 09/24/25 21:16:06 - 2:53:41 - Skipping line due to error: setting an array element with a sequence. The requested array has an inhomogeneous shape after 1 dimensions. The detected shape was (11,) + inhomogeneous part.
INFO - 09/24/25 21:16:06 - 2:53:41 - Skipping line due to error: Expected 11 elements, got 21
INFO - 09/24/25 21:16:06 - 2:53:41 - Skipping line due to error: setting an array element with a sequence. The requested array has an inhomogeneous shape after 1 dimensions. The detected shape was (11,) + inhomogeneous part.
INFO - 09/24/25 21:16:06 - 2:53:41 - Skipping line due to error: Expected 11 elements, got 10
INFO - 09/24/25 21:16:06 - 2:53:41 - Skipping line due to error: Expected 11 elements, got 10
INFO - 09/24/25 21:16:06 - 2:53:41 - Skipping line due to error: Expected 11 elements, got 9
INFO - 09/24/25 21:16:06 - 2:53:41 - Skipping line due to error: Expected 11 elements, got 17
INFO - 09/24/25 21:16:06 - 2:53:41 - Skipping line due to error: Expected 11 elements, got 12
INFO - 09/24/25 21:16:06 - 2:53:41 - Skipping line due to error: setting an array element with a sequence. The requested array has an inhomogeneous shape after 1 dimensions. The detected shape was (11,) + inhomogeneous part.
INFO - 09/24/25 21:16:06 - 2:53:41 - Skipping line due to error: Expected 11 elements, got 10
INFO - 09/24/25 21:16:06 - 2:53:41 - Skipping line due to error: setting an array element with a sequence. The requested array has an inhomogeneous shape after 1 dimensions. The detected shape was (11,) + inhomogeneous part.
INFO - 09/24/25 21:16:06 - 2:53:41 - Skipping line due to error: Expected 11 elements, got 15
INFO - 09/24/25 21:16:06 - 2:53:41 - Skipping line due to error: Expected 11 elements, got 10
INFO - 09/24/25 21:16:06 - 2:53:41 - Skipping line due to error: setting an array element with a sequence. The requested array has an inhomogeneous shape after 1 dimensions. The detected shape was (11,) + inhomogeneous part.
INFO - 09/24/25 21:16:06 - 2:53:41 - Skipping line due to error: setting an array element with a sequence. The requested array has an inhomogeneous shape after 1 dimensions. The detected shape was (11,) + inhomogeneous part.
INFO - 09/24/25 21:16:06 - 2:53:41 - Skipping line due to error: setting an array element with a sequence. The requested array has an inhomogeneous shape after 1 dimensions. The detected shape was (11,) + inhomogeneous part.
INFO - 09/24/25 21:16:06 - 2:53:41 - Skipping line due to error: setting an array element with a sequence. The requested array has an inhomogeneous shape after 1 dimensions. The detected shape was (11,) + inhomogeneous part.
INFO - 09/24/25 21:16:06 - 2:53:41 - Skipping line due to error: setting an array element with a sequence. The requested array has an inhomogeneous shape after 1 dimensions. The detected shape was (11,) + inhomogeneous part.
INFO - 09/24/25 21:16:06 - 2:53:41 - Skipping line due to error: setting an array element with a sequence. The requested array has an inhomogeneous shape after 1 dimensions. The detected shape was (11,) + inhomogeneous part.
INFO - 09/24/25 21:16:06 - 2:53:41 - Skipping line due to error: setting an array element with a sequence. The requested array has an inhomogeneous shape after 1 dimensions. The detected shape was (11,) + inhomogeneous part.
INFO - 09/24/25 21:16:06 - 2:53:41 - Skipping line due to error: Expected 11 elements, got 5
INFO - 09/24/25 21:16:06 - 2:53:41 - Skipping line due to error: setting an array element with a sequence. The requested array has an inhomogeneous shape after 1 dimensions. The detected shape was (11,) + inhomogeneous part.
INFO - 09/24/25 21:16:06 - 2:53:41 - Skipping line due to error: setting an array element with a sequence. The requested array has an inhomogeneous shape after 1 dimensions. The detected shape was (11,) + inhomogeneous part.
INFO - 09/24/25 21:16:06 - 2:53:41 - Skipping line due to error: Expected 11 elements, got 10
INFO - 09/24/25 21:16:06 - 2:53:41 - Skipping line due to error: Expected 11 elements, got 4
INFO - 09/24/25 21:16:06 - 2:53:41 - Skipping line due to error: Expected 11 elements, got 10
INFO - 09/24/25 21:16:06 - 2:53:41 - Skipping line due to error: Expected 11 elements, got 13
INFO - 09/24/25 21:16:06 - 2:53:41 - Skipping line due to error: setting an array element with a sequence. The requested array has an inhomogeneous shape after 1 dimensions. The detected shape was (11,) + inhomogeneous part.
INFO - 09/24/25 21:16:06 - 2:53:41 - Skipping line due to error: setting an array element with a sequence. The requested array has an inhomogeneous shape after 1 dimensions. The detected shape was (11,) + inhomogeneous part.
INFO - 09/24/25 21:16:06 - 2:53:41 - Skipping line due to error: Expected 11 elements, got 12
INFO - 09/24/25 21:16:06 - 2:53:41 - Skipping line due to error: Expected 11 elements, got 13
INFO - 09/24/25 21:16:06 - 2:53:41 - Skipping line due to error: setting an array element with a sequence. The requested array has an inhomogeneous shape after 1 dimensions. The detected shape was (11,) + inhomogeneous part.
INFO - 09/24/25 21:16:06 - 2:53:41 - Skipping line due to error: setting an array element with a sequence. The requested array has an inhomogeneous shape after 1 dimensions. The detected shape was (11,) + inhomogeneous part.
INFO - 09/24/25 21:16:06 - 2:53:41 - Skipping line due to error: setting an array element with a sequence. The requested array has an inhomogeneous shape after 1 dimensions. The detected shape was (11,) + inhomogeneous part.
INFO - 09/24/25 21:16:06 - 2:53:41 - Skipping line due to error: setting an array element with a sequence. The requested array has an inhomogeneous shape after 1 dimensions. The detected shape was (11,) + inhomogeneous part.
INFO - 09/24/25 21:16:06 - 2:53:41 - Skipping line due to error: Expected 11 elements, got 10
INFO - 09/24/25 21:16:06 - 2:53:41 - Skipping line due to error: Expected 11 elements, got 10
INFO - 09/24/25 21:16:06 - 2:53:41 - Skipping line due to error: setting an array element with a sequence. The requested array has an inhomogeneous shape after 1 dimensions. The detected shape was (11,) + inhomogeneous part.
INFO - 09/24/25 21:16:06 - 2:53:41 - Skipping line due to error: Expected 11 elements, got 9
INFO - 09/24/25 21:16:06 - 2:53:41 - Skipping line due to error: Expected 11 elements, got 12
INFO - 09/24/25 21:16:06 - 2:53:41 - Skipping line due to error: setting an array element with a sequence. The requested array has an inhomogeneous shape after 1 dimensions. The detected shape was (11,) + inhomogeneous part.
INFO - 09/24/25 21:16:06 - 2:53:41 - Skipping line due to error: setting an array element with a sequence. The requested array has an inhomogeneous shape after 1 dimensions. The detected shape was (11,) + inhomogeneous part.
INFO - 09/24/25 21:16:06 - 2:53:41 - Skipping line due to error: Expected 11 elements, got 10
INFO - 09/24/25 21:16:06 - 2:53:41 - Skipping line due to error: setting an array element with a sequence. The requested array has an inhomogeneous shape after 1 dimensions. The detected shape was (11,) + inhomogeneous part.
INFO - 09/24/25 21:16:06 - 2:53:41 - Skipping line due to error: setting an array element with a sequence. The requested array has an inhomogeneous shape after 1 dimensions. The detected shape was (11,) + inhomogeneous part.
INFO - 09/24/25 21:16:06 - 2:53:41 - Skipping line due to error: setting an array element with a sequence. The requested array has an inhomogeneous shape after 1 dimensions. The detected shape was (11,) + inhomogeneous part.
INFO - 09/24/25 21:16:06 - 2:53:41 - Skipping line due to error: setting an array element with a sequence. The requested array has an inhomogeneous shape after 1 dimensions. The detected shape was (11,) + inhomogeneous part.
INFO - 09/24/25 21:16:06 - 2:53:41 - Skipping line due to error: Expected 11 elements, got 10
INFO - 09/24/25 21:16:07 - 2:53:41 - Skipping line due to error: Expected 11 elements, got 9
INFO - 09/24/25 21:16:07 - 2:53:41 - Skipping line due to error: setting an array element with a sequence. The requested array has an inhomogeneous shape after 1 dimensions. The detected shape was (11,) + inhomogeneous part.
INFO - 09/24/25 21:16:07 - 2:53:41 - Skipping line due to error: setting an array element with a sequence. The requested array has an inhomogeneous shape after 1 dimensions. The detected shape was (11,) + inhomogeneous part.
INFO - 09/24/25 21:16:07 - 2:53:41 - Skipping line due to error: Expected 11 elements, got 21
INFO - 09/24/25 21:16:07 - 2:53:41 - Skipping line due to error: Expected 11 elements, got 10
INFO - 09/24/25 21:16:07 - 2:53:41 - Skipping line due to error: Expected 11 elements, got 12
INFO - 09/24/25 21:16:07 - 2:53:41 - Skipping line due to error: Expected 11 elements, got 10
INFO - 09/24/25 21:16:07 - 2:53:41 - Skipping line due to error: setting an array element with a sequence. The requested array has an inhomogeneous shape after 1 dimensions. The detected shape was (11,) + inhomogeneous part.
INFO - 09/24/25 21:16:07 - 2:53:41 - Skipping line due to error: setting an array element with a sequence. The requested array has an inhomogeneous shape after 1 dimensions. The detected shape was (11,) + inhomogeneous part.
INFO - 09/24/25 21:16:07 - 2:53:41 - Skipping line due to error: setting an array element with a sequence. The requested array has an inhomogeneous shape after 1 dimensions. The detected shape was (11,) + inhomogeneous part.
INFO - 09/24/25 21:16:07 - 2:53:41 - Skipping line due to error: setting an array element with a sequence. The requested array has an inhomogeneous shape after 1 dimensions. The detected shape was (11,) + inhomogeneous part.
INFO - 09/24/25 21:16:07 - 2:53:41 - Skipping line due to error: Expected 11 elements, got 12
INFO - 09/24/25 21:16:07 - 2:53:41 - Skipping line due to error: Expected 11 elements, got 9
INFO - 09/24/25 21:16:07 - 2:53:41 - Skipping line due to error: Expected 11 elements, got 12
INFO - 09/24/25 21:16:07 - 2:53:41 - Skipping line due to error: Expected 11 elements, got 12
INFO - 09/24/25 21:16:07 - 2:53:41 - Skipping line due to error: Expected 11 elements, got 9
INFO - 09/24/25 21:16:07 - 2:53:41 - Skipping line due to error: setting an array element with a sequence. The requested array has an inhomogeneous shape after 1 dimensions. The detected shape was (11,) + inhomogeneous part.
INFO - 09/24/25 21:16:07 - 2:53:41 - Skipping line due to error: Expected 11 elements, got 10
INFO - 09/24/25 21:16:07 - 2:53:41 - Skipping line due to error: Expected 11 elements, got 22
INFO - 09/24/25 21:16:07 - 2:53:41 - Skipping line due to error: setting an array element with a sequence. The requested array has an inhomogeneous shape after 1 dimensions. The detected shape was (11,) + inhomogeneous part.
INFO - 09/24/25 21:16:07 - 2:53:41 - Skipping line due to error: Expected 11 elements, got 13
INFO - 09/24/25 21:16:07 - 2:53:41 - Skipping line due to error: Expected 11 elements, got 9
INFO - 09/24/25 21:16:07 - 2:53:41 - Skipping line due to error: setting an array element with a sequence. The requested array has an inhomogeneous shape after 1 dimensions. The detected shape was (11,) + inhomogeneous part.
INFO - 09/24/25 21:16:07 - 2:53:41 - Skipping line due to error: setting an array element with a sequence. The requested array has an inhomogeneous shape after 1 dimensions. The detected shape was (11,) + inhomogeneous part.
INFO - 09/24/25 21:16:07 - 2:53:41 - Skipping line due to error: Expected 11 elements, got 13
INFO - 09/24/25 21:16:07 - 2:53:41 - Skipping line due to error: Expected 11 elements, got 10
INFO - 09/24/25 21:16:07 - 2:53:41 - Skipping line due to error: Expected 11 elements, got 12
INFO - 09/24/25 21:16:07 - 2:53:41 - Skipping line due to error: Expected 11 elements, got 13
INFO - 09/24/25 21:16:07 - 2:53:41 - Skipping line due to error: Expected 11 elements, got 13
INFO - 09/24/25 21:16:07 - 2:53:41 - Skipping line due to error: Expected 11 elements, got 14
INFO - 09/24/25 21:16:07 - 2:53:41 - Skipping line due to error: setting an array element with a sequence. The requested array has an inhomogeneous shape after 1 dimensions. The detected shape was (11,) + inhomogeneous part.
INFO - 09/24/25 21:16:07 - 2:53:41 - Skipping line due to error: Expected 11 elements, got 10
INFO - 09/24/25 21:16:07 - 2:53:41 - Skipping line due to error: Expected 11 elements, got 13
INFO - 09/24/25 21:16:07 - 2:53:41 - Skipping line due to error: Expected 11 elements, got 10
INFO - 09/24/25 21:16:07 - 2:53:41 - Skipping line due to error: Expected 11 elements, got 13
INFO - 09/24/25 21:16:07 - 2:53:41 - Skipping line due to error: Expected 11 elements, got 10
INFO - 09/24/25 21:16:07 - 2:53:41 - Skipping line due to error: Expected 11 elements, got 10
INFO - 09/24/25 21:16:07 - 2:53:41 - Skipping line due to error: Expected 11 elements, got 10
INFO - 09/24/25 21:16:07 - 2:53:41 - Skipping line due to error: Expected 11 elements, got 9
INFO - 09/24/25 21:16:07 - 2:53:41 - Skipping line due to error: Expected 11 elements, got 12
INFO - 09/24/25 21:16:07 - 2:53:41 - Skipping line due to error: Expected 11 elements, got 12
INFO - 09/24/25 21:16:07 - 2:53:41 - Skipping line due to error: setting an array element with a sequence. The requested array has an inhomogeneous shape after 1 dimensions. The detected shape was (11,) + inhomogeneous part.
INFO - 09/24/25 21:16:07 - 2:53:41 - Skipping line due to error: Expected 11 elements, got 10
INFO - 09/24/25 21:16:07 - 2:53:41 - Skipping line due to error: Expected 11 elements, got 10
INFO - 09/24/25 21:16:07 - 2:53:41 - Skipping line due to error: setting an array element with a sequence. The requested array has an inhomogeneous shape after 1 dimensions. The detected shape was (11,) + inhomogeneous part.
INFO - 09/24/25 21:16:07 - 2:53:41 - Skipping line due to error: Expected 11 elements, got 13
INFO - 09/24/25 21:16:07 - 2:53:41 - Skipping line due to error: setting an array element with a sequence. The requested array has an inhomogeneous shape after 1 dimensions. The detected shape was (11,) + inhomogeneous part.
INFO - 09/24/25 21:16:07 - 2:53:41 - Skipping line due to error: setting an array element with a sequence. The requested array has an inhomogeneous shape after 1 dimensions. The detected shape was (11,) + inhomogeneous part.
INFO - 09/24/25 21:16:07 - 2:53:41 - Skipping line due to error: Expected 11 elements, got 10
INFO - 09/24/25 21:16:07 - 2:53:41 - Skipping line due to error: setting an array element with a sequence. The requested array has an inhomogeneous shape after 1 dimensions. The detected shape was (11,) + inhomogeneous part.
INFO - 09/24/25 21:16:07 - 2:53:41 - Skipping line due to error: setting an array element with a sequence. The requested array has an inhomogeneous shape after 1 dimensions. The detected shape was (11,) + inhomogeneous part.
INFO - 09/24/25 21:16:07 - 2:53:41 - Skipping line due to error: setting an array element with a sequence. The requested array has an inhomogeneous shape after 1 dimensions. The detected shape was (11,) + inhomogeneous part.
INFO - 09/24/25 21:16:07 - 2:53:41 - Skipping line due to error: setting an array element with a sequence. The requested array has an inhomogeneous shape after 1 dimensions. The detected shape was (11,) + inhomogeneous part.
INFO - 09/24/25 21:16:07 - 2:53:41 - Skipping line due to error: Expected 11 elements, got 10
INFO - 09/24/25 21:16:07 - 2:53:41 - Skipping line due to error: Expected 11 elements, got 10
INFO - 09/24/25 21:16:07 - 2:53:41 - Skipping line due to error: setting an array element with a sequence. The requested array has an inhomogeneous shape after 1 dimensions. The detected shape was (11,) + inhomogeneous part.
INFO - 09/24/25 21:16:07 - 2:53:41 - Skipping line due to error: Expected 11 elements, got 13
INFO - 09/24/25 21:16:07 - 2:53:41 - Skipping line due to error: Expected 11 elements, got 5
INFO - 09/24/25 21:16:07 - 2:53:41 - Skipping line due to error: setting an array element with a sequence. The requested array has an inhomogeneous shape after 1 dimensions. The detected shape was (11,) + inhomogeneous part.
INFO - 09/24/25 21:16:07 - 2:53:41 - Skipping line due to error: setting an array element with a sequence. The requested array has an inhomogeneous shape after 1 dimensions. The detected shape was (11,) + inhomogeneous part.
INFO - 09/24/25 21:16:07 - 2:53:41 - Skipping line due to error: Expected 11 elements, got 4
INFO - 09/24/25 21:16:07 - 2:53:41 - Skipping line due to error: setting an array element with a sequence. The requested array has an inhomogeneous shape after 1 dimensions. The detected shape was (11,) + inhomogeneous part.
INFO - 09/24/25 21:16:07 - 2:53:41 - Skipping line due to error: setting an array element with a sequence. The requested array has an inhomogeneous shape after 1 dimensions. The detected shape was (11,) + inhomogeneous part.
INFO - 09/24/25 21:16:07 - 2:53:41 - Skipping line due to error: Expected 11 elements, got 10
INFO - 09/24/25 21:16:07 - 2:53:41 - Skipping line due to error: setting an array element with a sequence. The requested array has an inhomogeneous shape after 1 dimensions. The detected shape was (11,) + inhomogeneous part.
INFO - 09/24/25 21:16:07 - 2:53:41 - Skipping line due to error: setting an array element with a sequence. The requested array has an inhomogeneous shape after 1 dimensions. The detected shape was (11,) + inhomogeneous part.
INFO - 09/24/25 21:16:07 - 2:53:41 - Skipping line due to error: setting an array element with a sequence. The requested array has an inhomogeneous shape after 1 dimensions. The detected shape was (11,) + inhomogeneous part.
INFO - 09/24/25 21:16:07 - 2:53:41 - Skipping line due to error: Expected 11 elements, got 12
INFO - 09/24/25 21:16:07 - 2:53:41 - Skipping line due to error: Expected 11 elements, got 14
INFO - 09/24/25 21:16:07 - 2:53:41 - Skipping line due to error: Expected 11 elements, got 12
INFO - 09/24/25 21:16:07 - 2:53:41 - Skipping line due to error: Expected 11 elements, got 10
INFO - 09/24/25 21:16:07 - 2:53:41 - Skipping line due to error: setting an array element with a sequence. The requested array has an inhomogeneous shape after 1 dimensions. The detected shape was (11,) + inhomogeneous part.
INFO - 09/24/25 21:16:07 - 2:53:41 - Skipping line due to error: Expected 11 elements, got 10
INFO - 09/24/25 21:16:07 - 2:53:41 - Skipping line due to error: Expected 11 elements, got 12
INFO - 09/24/25 21:16:07 - 2:53:41 - Skipping line due to error: Expected 11 elements, got 12
INFO - 09/24/25 21:16:07 - 2:53:41 - Skipping line due to error: Expected 11 elements, got 9
INFO - 09/24/25 21:16:07 - 2:53:41 - Skipping line due to error: Expected 11 elements, got 12
INFO - 09/24/25 21:16:07 - 2:53:41 - Skipping line due to error: Expected 11 elements, got 10
INFO - 09/24/25 21:16:07 - 2:53:41 - Skipping line due to error: Expected 11 elements, got 12
INFO - 09/24/25 21:16:07 - 2:53:41 - Skipping line due to error: Expected 11 elements, got 12
INFO - 09/24/25 21:16:07 - 2:53:41 - Skipping line due to error: setting an array element with a sequence. The requested array has an inhomogeneous shape after 1 dimensions. The detected shape was (11,) + inhomogeneous part.
INFO - 09/24/25 21:16:07 - 2:53:41 - Skipping line due to error: setting an array element with a sequence. The requested array has an inhomogeneous shape after 1 dimensions. The detected shape was (11,) + inhomogeneous part.
INFO - 09/24/25 21:16:07 - 2:53:41 - Skipping line due to error: Expected 11 elements, got 22
INFO - 09/24/25 21:16:07 - 2:53:41 - Skipping line due to error: setting an array element with a sequence. The requested array has an inhomogeneous shape after 1 dimensions. The detected shape was (11,) + inhomogeneous part.
INFO - 09/24/25 21:16:07 - 2:53:41 - Skipping line due to error: Expected 11 elements, got 6
INFO - 09/24/25 21:16:07 - 2:53:41 - Skipping line due to error: setting an array element with a sequence. The requested array has an inhomogeneous shape after 1 dimensions. The detected shape was (11,) + inhomogeneous part.
INFO - 09/24/25 21:16:07 - 2:53:41 - Skipping line due to error: setting an array element with a sequence. The requested array has an inhomogeneous shape after 1 dimensions. The detected shape was (11,) + inhomogeneous part.
INFO - 09/24/25 21:16:07 - 2:53:41 - Skipping line due to error: setting an array element with a sequence. The requested array has an inhomogeneous shape after 1 dimensions. The detected shape was (11,) + inhomogeneous part.
INFO - 09/24/25 21:16:07 - 2:53:41 - Skipping line due to error: setting an array element with a sequence. The requested array has an inhomogeneous shape after 1 dimensions. The detected shape was (11,) + inhomogeneous part.
INFO - 09/24/25 21:16:07 - 2:53:41 - Skipping line due to error: setting an array element with a sequence. The requested array has an inhomogeneous shape after 1 dimensions. The detected shape was (11,) + inhomogeneous part.
INFO - 09/24/25 21:16:07 - 2:53:41 - Skipping line due to error: setting an array element with a sequence. The requested array has an inhomogeneous shape after 1 dimensions. The detected shape was (11,) + inhomogeneous part.
INFO - 09/24/25 21:16:07 - 2:53:41 - Skipping line due to error: Expected 11 elements, got 12
INFO - 09/24/25 21:16:07 - 2:53:41 - Skipping line due to error: Expected 11 elements, got 10
INFO - 09/24/25 21:16:07 - 2:53:41 - Skipping line due to error: Expected 11 elements, got 10
INFO - 09/24/25 21:16:07 - 2:53:41 - Skipping line due to error: setting an array element with a sequence. The requested array has an inhomogeneous shape after 1 dimensions. The detected shape was (11,) + inhomogeneous part.
INFO - 09/24/25 21:16:07 - 2:53:41 - Skipping line due to error: Expected 11 elements, got 14
INFO - 09/24/25 21:16:07 - 2:53:41 - Skipping line due to error: Expected 11 elements, got 1
INFO - 09/24/25 21:16:07 - 2:53:41 - Skipping line due to error: Expected 11 elements, got 12
INFO - 09/24/25 21:16:07 - 2:53:41 - Skipping line due to error: setting an array element with a sequence. The requested array has an inhomogeneous shape after 1 dimensions. The detected shape was (11,) + inhomogeneous part.
INFO - 09/24/25 21:16:07 - 2:53:41 - Skipping line due to error: Expected 11 elements, got 12
INFO - 09/24/25 21:16:07 - 2:53:41 - Skipping line due to error: setting an array element with a sequence. The requested array has an inhomogeneous shape after 1 dimensions. The detected shape was (11,) + inhomogeneous part.
INFO - 09/24/25 21:16:07 - 2:53:41 - Skipping line due to error: setting an array element with a sequence. The requested array has an inhomogeneous shape after 1 dimensions. The detected shape was (11,) + inhomogeneous part.
INFO - 09/24/25 21:16:07 - 2:53:41 - Skipping line due to error: Expected 11 elements, got 14
INFO - 09/24/25 21:16:07 - 2:53:41 - Skipping line due to error: setting an array element with a sequence. The requested array has an inhomogeneous shape after 1 dimensions. The detected shape was (11,) + inhomogeneous part.
INFO - 09/24/25 21:16:07 - 2:53:41 - Skipping line due to error: setting an array element with a sequence. The requested array has an inhomogeneous shape after 1 dimensions. The detected shape was (11,) + inhomogeneous part.
INFO - 09/24/25 21:16:07 - 2:53:41 - Skipping line due to error: setting an array element with a sequence. The requested array has an inhomogeneous shape after 1 dimensions. The detected shape was (11,) + inhomogeneous part.
INFO - 09/24/25 21:16:07 - 2:53:41 - Skipping line due to error: setting an array element with a sequence. The requested array has an inhomogeneous shape after 1 dimensions. The detected shape was (11,) + inhomogeneous part.
INFO - 09/24/25 21:16:07 - 2:53:41 - Skipping line due to error: setting an array element with a sequence. The requested array has an inhomogeneous shape after 1 dimensions. The detected shape was (11,) + inhomogeneous part.
INFO - 09/24/25 21:16:07 - 2:53:41 - Skipping line due to error: setting an array element with a sequence. The requested array has an inhomogeneous shape after 1 dimensions. The detected shape was (11,) + inhomogeneous part.
INFO - 09/24/25 21:16:07 - 2:53:41 - Skipping line due to error: Expected 11 elements, got 10
INFO - 09/24/25 21:16:07 - 2:53:41 - Skipping line due to error: Expected 11 elements, got 10
INFO - 09/24/25 21:16:07 - 2:53:41 - Skipping line due to error: Expected 11 elements, got 12
INFO - 09/24/25 21:16:07 - 2:53:41 - Skipping line due to error: Expected 11 elements, got 10
INFO - 09/24/25 21:16:07 - 2:53:41 - Skipping line due to error: setting an array element with a sequence. The requested array has an inhomogeneous shape after 1 dimensions. The detected shape was (11,) + inhomogeneous part.
INFO - 09/24/25 21:16:07 - 2:53:41 - Skipping line due to error: Expected 11 elements, got 12
INFO - 09/24/25 21:16:07 - 2:53:41 - Skipping line due to error: Expected 11 elements, got 23
INFO - 09/24/25 21:16:07 - 2:53:41 - Skipping line due to error: Expected 11 elements, got 22
INFO - 09/24/25 21:16:07 - 2:53:41 - Skipping line due to error: Expected 11 elements, got 12
INFO - 09/24/25 21:16:07 - 2:53:41 - Skipping line due to error: setting an array element with a sequence. The requested array has an inhomogeneous shape after 1 dimensions. The detected shape was (11,) + inhomogeneous part.
INFO - 09/24/25 21:16:07 - 2:53:41 - Skipping line due to error: setting an array element with a sequence. The requested array has an inhomogeneous shape after 1 dimensions. The detected shape was (11,) + inhomogeneous part.
INFO - 09/24/25 21:16:07 - 2:53:41 - Skipping line due to error: Expected 11 elements, got 9
INFO - 09/24/25 21:16:07 - 2:53:41 - Skipping line due to error: Expected 11 elements, got 12
INFO - 09/24/25 21:16:07 - 2:53:41 - Skipping line due to error: Expected 11 elements, got 3
INFO - 09/24/25 21:16:07 - 2:53:41 - Skipping line due to error: setting an array element with a sequence. The requested array has an inhomogeneous shape after 1 dimensions. The detected shape was (11,) + inhomogeneous part.
INFO - 09/24/25 21:16:07 - 2:53:41 - Skipping line due to error: setting an array element with a sequence. The requested array has an inhomogeneous shape after 1 dimensions. The detected shape was (11,) + inhomogeneous part.
INFO - 09/24/25 21:16:07 - 2:53:41 - Skipping line due to error: Expected 11 elements, got 13
INFO - 09/24/25 21:16:07 - 2:53:41 - Skipping line due to error: setting an array element with a sequence. The requested array has an inhomogeneous shape after 1 dimensions. The detected shape was (11,) + inhomogeneous part.
INFO - 09/24/25 21:16:07 - 2:53:41 - Skipping line due to error: Expected 11 elements, got 12
INFO - 09/24/25 21:16:07 - 2:53:41 - Skipping line due to error: Expected 11 elements, got 10
INFO - 09/24/25 21:16:07 - 2:53:41 - Skipping line due to error: setting an array element with a sequence. The requested array has an inhomogeneous shape after 1 dimensions. The detected shape was (11,) + inhomogeneous part.
INFO - 09/24/25 21:16:07 - 2:53:41 - Skipping line due to error: setting an array element with a sequence. The requested array has an inhomogeneous shape after 1 dimensions. The detected shape was (11,) + inhomogeneous part.
INFO - 09/24/25 21:16:07 - 2:53:41 - Skipping line due to error: Expected 11 elements, got 12
INFO - 09/24/25 21:16:07 - 2:53:41 - Skipping line due to error: Expected 11 elements, got 14
INFO - 09/24/25 21:16:07 - 2:53:41 - Skipping line due to error: Expected 11 elements, got 14
INFO - 09/24/25 21:16:07 - 2:53:41 - Skipping line due to error: Expected 11 elements, got 10
INFO - 09/24/25 21:16:07 - 2:53:41 - Skipping line due to error: Expected 11 elements, got 12
INFO - 09/24/25 21:16:07 - 2:53:41 - Skipping line due to error: Expected 11 elements, got 10
INFO - 09/24/25 21:16:07 - 2:53:41 - Skipping line due to error: setting an array element with a sequence. The requested array has an inhomogeneous shape after 1 dimensions. The detected shape was (11,) + inhomogeneous part.
INFO - 09/24/25 21:16:07 - 2:53:41 - Skipping line due to error: Expected 11 elements, got 12
INFO - 09/24/25 21:16:07 - 2:53:41 - Skipping line due to error: Expected 11 elements, got 10
INFO - 09/24/25 21:16:07 - 2:53:41 - Skipping line due to error: Expected 11 elements, got 5
INFO - 09/24/25 21:16:07 - 2:53:41 - Skipping line due to error: setting an array element with a sequence. The requested array has an inhomogeneous shape after 1 dimensions. The detected shape was (11,) + inhomogeneous part.
INFO - 09/24/25 21:16:07 - 2:53:41 - Skipping line due to error: Expected 11 elements, got 9
INFO - 09/24/25 21:16:07 - 2:53:41 - Skipping line due to error: setting an array element with a sequence. The requested array has an inhomogeneous shape after 1 dimensions. The detected shape was (11,) + inhomogeneous part.
INFO - 09/24/25 21:16:07 - 2:53:41 - Skipping line due to error: Expected 11 elements, got 13
INFO - 09/24/25 21:16:07 - 2:53:41 - Skipping line due to error: Expected 11 elements, got 13
INFO - 09/24/25 21:16:07 - 2:53:41 - Skipping line due to error: Expected 11 elements, got 13
INFO - 09/24/25 21:16:07 - 2:53:41 - Skipping line due to error: Expected 11 elements, got 13
INFO - 09/24/25 21:16:07 - 2:53:41 - Skipping line due to error: setting an array element with a sequence. The requested array has an inhomogeneous shape after 1 dimensions. The detected shape was (11,) + inhomogeneous part.
INFO - 09/24/25 21:16:07 - 2:53:41 - Skipping line due to error: Expected 11 elements, got 13
INFO - 09/24/25 21:16:07 - 2:53:41 - Skipping line due to error: setting an array element with a sequence. The requested array has an inhomogeneous shape after 1 dimensions. The detected shape was (11,) + inhomogeneous part.
INFO - 09/24/25 21:16:07 - 2:53:41 - Skipping line due to error: setting an array element with a sequence. The requested array has an inhomogeneous shape after 1 dimensions. The detected shape was (11,) + inhomogeneous part.
INFO - 09/24/25 21:16:07 - 2:53:41 - Skipping line due to error: setting an array element with a sequence. The requested array has an inhomogeneous shape after 1 dimensions. The detected shape was (11,) + inhomogeneous part.
INFO - 09/24/25 21:16:07 - 2:53:41 - Skipping line due to error: Expected 11 elements, got 20
INFO - 09/24/25 21:16:07 - 2:53:41 - Skipping line due to error: setting an array element with a sequence. The requested array has an inhomogeneous shape after 1 dimensions. The detected shape was (11,) + inhomogeneous part.
INFO - 09/24/25 21:16:07 - 2:53:41 - Skipping line due to error: setting an array element with a sequence. The requested array has an inhomogeneous shape after 1 dimensions. The detected shape was (11,) + inhomogeneous part.
INFO - 09/24/25 21:16:07 - 2:53:41 - Skipping line due to error: setting an array element with a sequence. The requested array has an inhomogeneous shape after 1 dimensions. The detected shape was (11,) + inhomogeneous part.
INFO - 09/24/25 21:16:07 - 2:53:41 - Skipping line due to error: Expected 11 elements, got 10
INFO - 09/24/25 21:16:07 - 2:53:41 - Skipping line due to error: setting an array element with a sequence. The requested array has an inhomogeneous shape after 1 dimensions. The detected shape was (11,) + inhomogeneous part.
INFO - 09/24/25 21:16:07 - 2:53:41 - Skipping line due to error: Expected 11 elements, got 12
INFO - 09/24/25 21:16:07 - 2:53:41 - Skipping line due to error: setting an array element with a sequence. The requested array has an inhomogeneous shape after 1 dimensions. The detected shape was (11,) + inhomogeneous part.
INFO - 09/24/25 21:16:07 - 2:53:41 - Skipping line due to error: setting an array element with a sequence. The requested array has an inhomogeneous shape after 1 dimensions. The detected shape was (11,) + inhomogeneous part.
INFO - 09/24/25 21:16:07 - 2:53:41 - Skipping line due to error: Expected 11 elements, got 9
INFO - 09/24/25 21:16:07 - 2:53:41 - Skipping line due to error: setting an array element with a sequence. The requested array has an inhomogeneous shape after 1 dimensions. The detected shape was (11,) + inhomogeneous part.
INFO - 09/24/25 21:16:07 - 2:53:41 - Skipping line due to error: setting an array element with a sequence. The requested array has an inhomogeneous shape after 1 dimensions. The detected shape was (11,) + inhomogeneous part.
INFO - 09/24/25 21:16:07 - 2:53:41 - Skipping line due to error: Expected 11 elements, got 14
INFO - 09/24/25 21:16:07 - 2:53:41 - Skipping line due to error: Expected 11 elements, got 19
INFO - 09/24/25 21:16:07 - 2:53:41 - Skipping line due to error: Expected 11 elements, got 13
INFO - 09/24/25 21:16:07 - 2:53:41 - Skipping line due to error: Expected 11 elements, got 13
INFO - 09/24/25 21:16:07 - 2:53:41 - Skipping line due to error: Expected 11 elements, got 14
INFO - 09/24/25 21:16:07 - 2:53:41 - Skipping line due to error: setting an array element with a sequence. The requested array has an inhomogeneous shape after 1 dimensions. The detected shape was (11,) + inhomogeneous part.
INFO - 09/24/25 21:16:07 - 2:53:41 - Skipping line due to error: setting an array element with a sequence. The requested array has an inhomogeneous shape after 1 dimensions. The detected shape was (11,) + inhomogeneous part.
INFO - 09/24/25 21:16:07 - 2:53:41 - Skipping line due to error: Expected 11 elements, got 10
INFO - 09/24/25 21:16:07 - 2:53:41 - Skipping line due to error: setting an array element with a sequence. The requested array has an inhomogeneous shape after 1 dimensions. The detected shape was (11,) + inhomogeneous part.
INFO - 09/24/25 21:16:07 - 2:53:41 - Skipping line due to error: Expected 11 elements, got 12
INFO - 09/24/25 21:16:07 - 2:53:41 - Skipping line due to error: setting an array element with a sequence. The requested array has an inhomogeneous shape after 1 dimensions. The detected shape was (11,) + inhomogeneous part.
INFO - 09/24/25 21:16:07 - 2:53:41 - Skipping line due to error: setting an array element with a sequence. The requested array has an inhomogeneous shape after 1 dimensions. The detected shape was (11,) + inhomogeneous part.
INFO - 09/24/25 21:16:07 - 2:53:41 - Skipping line due to error: Expected 11 elements, got 9
INFO - 09/24/25 21:16:07 - 2:53:41 - Skipping line due to error: setting an array element with a sequence. The requested array has an inhomogeneous shape after 1 dimensions. The detected shape was (11,) + inhomogeneous part.
INFO - 09/24/25 21:16:07 - 2:53:41 - Skipping line due to error: Expected 11 elements, got 8
INFO - 09/24/25 21:16:07 - 2:53:41 - Skipping line due to error: setting an array element with a sequence. The requested array has an inhomogeneous shape after 1 dimensions. The detected shape was (11,) + inhomogeneous part.
INFO - 09/24/25 21:16:07 - 2:53:41 - Skipping line due to error: Expected 11 elements, got 9
INFO - 09/24/25 21:16:07 - 2:53:41 - Skipping line due to error: setting an array element with a sequence. The requested array has an inhomogeneous shape after 1 dimensions. The detected shape was (11,) + inhomogeneous part.
INFO - 09/24/25 21:16:07 - 2:53:41 - Skipping line due to error: setting an array element with a sequence. The requested array has an inhomogeneous shape after 1 dimensions. The detected shape was (11,) + inhomogeneous part.
INFO - 09/24/25 21:16:07 - 2:53:41 - Skipping line due to error: Expected 11 elements, got 10
INFO - 09/24/25 21:16:07 - 2:53:41 - Skipping line due to error: Expected 11 elements, got 6
INFO - 09/24/25 21:16:07 - 2:53:41 - Skipping line due to error: Expected 11 elements, got 10
INFO - 09/24/25 21:16:07 - 2:53:41 - Skipping line due to error: Expected 11 elements, got 13
INFO - 09/24/25 21:16:07 - 2:53:41 - Skipping line due to error: setting an array element with a sequence. The requested array has an inhomogeneous shape after 1 dimensions. The detected shape was (11,) + inhomogeneous part.
INFO - 09/24/25 21:16:07 - 2:53:41 - Skipping line due to error: Expected 11 elements, got 13
INFO - 09/24/25 21:16:07 - 2:53:41 - Skipping line due to error: setting an array element with a sequence. The requested array has an inhomogeneous shape after 1 dimensions. The detected shape was (11,) + inhomogeneous part.
INFO - 09/24/25 21:16:07 - 2:53:41 - Skipping line due to error: setting an array element with a sequence. The requested array has an inhomogeneous shape after 1 dimensions. The detected shape was (11,) + inhomogeneous part.
INFO - 09/24/25 21:16:07 - 2:53:41 - Skipping line due to error: Expected 11 elements, got 10
INFO - 09/24/25 21:16:07 - 2:53:41 - Skipping line due to error: Expected 11 elements, got 23
INFO - 09/24/25 21:16:07 - 2:53:41 - Skipping line due to error: Expected 11 elements, got 12
INFO - 09/24/25 21:16:07 - 2:53:41 - Skipping line due to error: Expected 11 elements, got 5
INFO - 09/24/25 21:16:07 - 2:53:41 - Skipping line due to error: Expected 11 elements, got 10
INFO - 09/24/25 21:16:07 - 2:53:41 - Skipping line due to error: Expected 11 elements, got 10
INFO - 09/24/25 21:16:07 - 2:53:41 - Skipping line due to error: Expected 11 elements, got 13
INFO - 09/24/25 21:16:07 - 2:53:41 - Skipping line due to error: Expected 11 elements, got 10
INFO - 09/24/25 21:16:07 - 2:53:41 - Skipping line due to error: setting an array element with a sequence. The requested array has an inhomogeneous shape after 1 dimensions. The detected shape was (11,) + inhomogeneous part.
INFO - 09/24/25 21:16:07 - 2:53:41 - Skipping line due to error: Expected 11 elements, got 12
INFO - 09/24/25 21:16:07 - 2:53:41 - Skipping line due to error: setting an array element with a sequence. The requested array has an inhomogeneous shape after 1 dimensions. The detected shape was (11,) + inhomogeneous part.
INFO - 09/24/25 21:16:07 - 2:53:41 - Skipping line due to error: Expected 11 elements, got 12
INFO - 09/24/25 21:16:07 - 2:53:41 - Skipping line due to error: setting an array element with a sequence. The requested array has an inhomogeneous shape after 1 dimensions. The detected shape was (11,) + inhomogeneous part.
INFO - 09/24/25 21:16:07 - 2:53:41 - Skipping line due to error: Expected 11 elements, got 10
INFO - 09/24/25 21:16:07 - 2:53:41 - Skipping line due to error: setting an array element with a sequence. The requested array has an inhomogeneous shape after 1 dimensions. The detected shape was (11,) + inhomogeneous part.
INFO - 09/24/25 21:16:07 - 2:53:41 - Skipping line due to error: setting an array element with a sequence. The requested array has an inhomogeneous shape after 1 dimensions. The detected shape was (11,) + inhomogeneous part.
INFO - 09/24/25 21:16:07 - 2:53:41 - Skipping line due to error: setting an array element with a sequence. The requested array has an inhomogeneous shape after 1 dimensions. The detected shape was (11,) + inhomogeneous part.
INFO - 09/24/25 21:16:07 - 2:53:41 - Skipping line due to error: setting an array element with a sequence. The requested array has an inhomogeneous shape after 1 dimensions. The detected shape was (11,) + inhomogeneous part.
INFO - 09/24/25 21:16:07 - 2:53:41 - Skipping line due to error: setting an array element with a sequence. The requested array has an inhomogeneous shape after 1 dimensions. The detected shape was (11,) + inhomogeneous part.
INFO - 09/24/25 21:16:07 - 2:53:41 - Skipping line due to error: setting an array element with a sequence. The requested array has an inhomogeneous shape after 1 dimensions. The detected shape was (11,) + inhomogeneous part.
INFO - 09/24/25 21:16:07 - 2:53:41 - Skipping line due to error: Expected 11 elements, got 12
INFO - 09/24/25 21:16:07 - 2:53:41 - Skipping line due to error: Expected 11 elements, got 12
INFO - 09/24/25 21:16:07 - 2:53:41 - Skipping line due to error: setting an array element with a sequence. The requested array has an inhomogeneous shape after 1 dimensions. The detected shape was (11,) + inhomogeneous part.
INFO - 09/24/25 21:16:07 - 2:53:41 - Skipping line due to error: Expected 11 elements, got 12
INFO - 09/24/25 21:16:07 - 2:53:41 - Skipping line due to error: Expected 11 elements, got 12
INFO - 09/24/25 21:16:07 - 2:53:41 - Skipping line due to error: setting an array element with a sequence. The requested array has an inhomogeneous shape after 1 dimensions. The detected shape was (11,) + inhomogeneous part.
INFO - 09/24/25 21:16:07 - 2:53:41 - Skipping line due to error: setting an array element with a sequence. The requested array has an inhomogeneous shape after 1 dimensions. The detected shape was (11,) + inhomogeneous part.
INFO - 09/24/25 21:16:07 - 2:53:41 - Skipping line due to error: Expected 11 elements, got 13
INFO - 09/24/25 21:16:07 - 2:53:41 - Skipping line due to error: setting an array element with a sequence. The requested array has an inhomogeneous shape after 1 dimensions. The detected shape was (11,) + inhomogeneous part.
INFO - 09/24/25 21:16:07 - 2:53:41 - Skipping line due to error: Expected 11 elements, got 10
INFO - 09/24/25 21:16:07 - 2:53:41 - Skipping line due to error: setting an array element with a sequence. The requested array has an inhomogeneous shape after 1 dimensions. The detected shape was (11,) + inhomogeneous part.
INFO - 09/24/25 21:16:07 - 2:53:41 - Skipping line due to error: setting an array element with a sequence. The requested array has an inhomogeneous shape after 1 dimensions. The detected shape was (11,) + inhomogeneous part.
INFO - 09/24/25 21:16:07 - 2:53:41 - Skipping line due to error: setting an array element with a sequence. The requested array has an inhomogeneous shape after 1 dimensions. The detected shape was (11,) + inhomogeneous part.
INFO - 09/24/25 21:16:07 - 2:53:41 - Skipping line due to error: setting an array element with a sequence. The requested array has an inhomogeneous shape after 1 dimensions. The detected shape was (11,) + inhomogeneous part.
INFO - 09/24/25 21:16:07 - 2:53:41 - Skipping line due to error: setting an array element with a sequence. The requested array has an inhomogeneous shape after 1 dimensions. The detected shape was (11,) + inhomogeneous part.
INFO - 09/24/25 21:16:07 - 2:53:41 - Skipping line due to error: Expected 11 elements, got 10
INFO - 09/24/25 21:16:07 - 2:53:41 - Skipping line due to error: setting an array element with a sequence. The requested array has an inhomogeneous shape after 1 dimensions. The detected shape was (11,) + inhomogeneous part.
INFO - 09/24/25 21:16:07 - 2:53:41 - Skipping line due to error: Expected 11 elements, got 20
INFO - 09/24/25 21:16:07 - 2:53:41 - Skipping line due to error: setting an array element with a sequence. The requested array has an inhomogeneous shape after 1 dimensions. The detected shape was (11,) + inhomogeneous part.
INFO - 09/24/25 21:16:07 - 2:53:41 - Skipping line due to error: Expected 11 elements, got 10
INFO - 09/24/25 21:16:07 - 2:53:41 - Skipping line due to error: Expected 11 elements, got 10
INFO - 09/24/25 21:16:07 - 2:53:41 - Skipping line due to error: Expected 11 elements, got 9
INFO - 09/24/25 21:16:07 - 2:53:41 - Skipping line due to error: Expected 11 elements, got 12
INFO - 09/24/25 21:16:07 - 2:53:41 - Skipping line due to error: Expected 11 elements, got 9
INFO - 09/24/25 21:16:07 - 2:53:41 - Skipping line due to error: Expected 11 elements, got 12
INFO - 09/24/25 21:16:07 - 2:53:41 - Skipping line due to error: Expected 11 elements, got 10
INFO - 09/24/25 21:16:07 - 2:53:41 - Skipping line due to error: Expected 11 elements, got 12
INFO - 09/24/25 21:16:07 - 2:53:41 - Skipping line due to error: Expected 11 elements, got 12
INFO - 09/24/25 21:16:07 - 2:53:41 - Skipping line due to error: setting an array element with a sequence. The requested array has an inhomogeneous shape after 1 dimensions. The detected shape was (11,) + inhomogeneous part.
INFO - 09/24/25 21:16:07 - 2:53:41 - Skipping line due to error: setting an array element with a sequence. The requested array has an inhomogeneous shape after 1 dimensions. The detected shape was (11,) + inhomogeneous part.
INFO - 09/24/25 21:16:07 - 2:53:41 - Skipping line due to error: Expected 11 elements, got 13
INFO - 09/24/25 21:16:07 - 2:53:41 - Skipping line due to error: Expected 11 elements, got 6
INFO - 09/24/25 21:16:07 - 2:53:41 - Skipping line due to error: Expected 11 elements, got 12
INFO - 09/24/25 21:16:07 - 2:53:41 - Skipping line due to error: setting an array element with a sequence. The requested array has an inhomogeneous shape after 1 dimensions. The detected shape was (11,) + inhomogeneous part.
INFO - 09/24/25 21:16:07 - 2:53:41 - Skipping line due to error: setting an array element with a sequence. The requested array has an inhomogeneous shape after 1 dimensions. The detected shape was (11,) + inhomogeneous part.
INFO - 09/24/25 21:16:07 - 2:53:41 - Skipping line due to error: setting an array element with a sequence. The requested array has an inhomogeneous shape after 1 dimensions. The detected shape was (11,) + inhomogeneous part.
INFO - 09/24/25 21:16:07 - 2:53:41 - Skipping line due to error: Expected 11 elements, got 12
INFO - 09/24/25 21:16:07 - 2:53:41 - Skipping line due to error: Expected 11 elements, got 10
INFO - 09/24/25 21:16:07 - 2:53:41 - Skipping line due to error: Expected 11 elements, got 10
INFO - 09/24/25 21:16:07 - 2:53:41 - Skipping line due to error: Expected 11 elements, got 12
INFO - 09/24/25 21:16:07 - 2:53:41 - Skipping line due to error: Expected 11 elements, got 12
INFO - 09/24/25 21:16:07 - 2:53:41 - Skipping line due to error: Expected 11 elements, got 12
INFO - 09/24/25 21:16:07 - 2:53:41 - Skipping line due to error: Expected 11 elements, got 12
INFO - 09/24/25 21:16:07 - 2:53:41 - Skipping line due to error: setting an array element with a sequence. The requested array has an inhomogeneous shape after 1 dimensions. The detected shape was (11,) + inhomogeneous part.
INFO - 09/24/25 21:16:07 - 2:53:41 - Skipping line due to error: Expected 11 elements, got 10
INFO - 09/24/25 21:16:07 - 2:53:41 - Skipping line due to error: setting an array element with a sequence. The requested array has an inhomogeneous shape after 1 dimensions. The detected shape was (11,) + inhomogeneous part.
INFO - 09/24/25 21:16:07 - 2:53:41 - Skipping line due to error: setting an array element with a sequence. The requested array has an inhomogeneous shape after 1 dimensions. The detected shape was (11,) + inhomogeneous part.
INFO - 09/24/25 21:16:07 - 2:53:41 - Skipping line due to error: Expected 11 elements, got 12
INFO - 09/24/25 21:16:07 - 2:53:41 - Skipping line due to error: Expected 11 elements, got 19
INFO - 09/24/25 21:16:07 - 2:53:41 - Skipping line due to error: setting an array element with a sequence. The requested array has an inhomogeneous shape after 1 dimensions. The detected shape was (11,) + inhomogeneous part.
INFO - 09/24/25 21:16:07 - 2:53:41 - Skipping line due to error: Expected 11 elements, got 14
INFO - 09/24/25 21:16:07 - 2:53:41 - Skipping line due to error: setting an array element with a sequence. The requested array has an inhomogeneous shape after 1 dimensions. The detected shape was (11,) + inhomogeneous part.
INFO - 09/24/25 21:16:07 - 2:53:41 - Skipping line due to error: setting an array element with a sequence. The requested array has an inhomogeneous shape after 1 dimensions. The detected shape was (11,) + inhomogeneous part.
INFO - 09/24/25 21:16:07 - 2:53:41 - Skipping line due to error: setting an array element with a sequence. The requested array has an inhomogeneous shape after 1 dimensions. The detected shape was (11,) + inhomogeneous part.
INFO - 09/24/25 21:16:07 - 2:53:41 - Skipping line due to error: Expected 11 elements, got 9
INFO - 09/24/25 21:16:07 - 2:53:41 - Skipping line due to error: setting an array element with a sequence. The requested array has an inhomogeneous shape after 1 dimensions. The detected shape was (11,) + inhomogeneous part.
INFO - 09/24/25 21:16:07 - 2:53:41 - Skipping line due to error: setting an array element with a sequence. The requested array has an inhomogeneous shape after 1 dimensions. The detected shape was (11,) + inhomogeneous part.
INFO - 09/24/25 21:16:07 - 2:53:41 - Skipping line due to error: setting an array element with a sequence. The requested array has an inhomogeneous shape after 1 dimensions. The detected shape was (11,) + inhomogeneous part.
INFO - 09/24/25 21:16:07 - 2:53:41 - Skipping line due to error: setting an array element with a sequence. The requested array has an inhomogeneous shape after 1 dimensions. The detected shape was (11,) + inhomogeneous part.
INFO - 09/24/25 21:16:07 - 2:53:41 - Skipping line due to error: setting an array element with a sequence. The requested array has an inhomogeneous shape after 1 dimensions. The detected shape was (11,) + inhomogeneous part.
INFO - 09/24/25 21:16:07 - 2:53:41 - Skipping line due to error: Expected 11 elements, got 9
INFO - 09/24/25 21:16:07 - 2:53:41 - Skipping line due to error: Expected 11 elements, got 12
INFO - 09/24/25 21:16:07 - 2:53:41 - Skipping line due to error: Expected 11 elements, got 10
INFO - 09/24/25 21:16:07 - 2:53:41 - Skipping line due to error: setting an array element with a sequence. The requested array has an inhomogeneous shape after 1 dimensions. The detected shape was (11,) + inhomogeneous part.
INFO - 09/24/25 21:16:07 - 2:53:41 - Skipping line due to error: setting an array element with a sequence. The requested array has an inhomogeneous shape after 1 dimensions. The detected shape was (11,) + inhomogeneous part.
INFO - 09/24/25 21:16:07 - 2:53:41 - Skipping line due to error: setting an array element with a sequence. The requested array has an inhomogeneous shape after 1 dimensions. The detected shape was (11,) + inhomogeneous part.
INFO - 09/24/25 21:16:07 - 2:53:41 - Skipping line due to error: Expected 11 elements, got 10
INFO - 09/24/25 21:16:07 - 2:53:41 - Skipping line due to error: Expected 11 elements, got 13
INFO - 09/24/25 21:16:07 - 2:53:41 - Skipping line due to error: setting an array element with a sequence. The requested array has an inhomogeneous shape after 1 dimensions. The detected shape was (11,) + inhomogeneous part.
INFO - 09/24/25 21:16:07 - 2:53:41 - Skipping line due to error: Expected 11 elements, got 10
INFO - 09/24/25 21:16:07 - 2:53:41 - Skipping line due to error: Expected 11 elements, got 14
INFO - 09/24/25 21:16:07 - 2:53:41 - Skipping line due to error: setting an array element with a sequence. The requested array has an inhomogeneous shape after 1 dimensions. The detected shape was (11,) + inhomogeneous part.
INFO - 09/24/25 21:16:07 - 2:53:41 - Skipping line due to error: Expected 11 elements, got 12
INFO - 09/24/25 21:16:07 - 2:53:41 - Skipping line due to error: setting an array element with a sequence. The requested array has an inhomogeneous shape after 1 dimensions. The detected shape was (11,) + inhomogeneous part.
INFO - 09/24/25 21:16:07 - 2:53:41 - Skipping line due to error: setting an array element with a sequence. The requested array has an inhomogeneous shape after 1 dimensions. The detected shape was (11,) + inhomogeneous part.
INFO - 09/24/25 21:16:07 - 2:53:41 - Skipping line due to error: Expected 11 elements, got 14
INFO - 09/24/25 21:16:07 - 2:53:41 - Skipping line due to error: Expected 11 elements, got 6
INFO - 09/24/25 21:16:12 - 2:53:46 - distribution of scores(all rounds)
INFO - 09/24/25 21:16:12 - 2:53:46 - Score:891.0, Count:1
                                     
INFO - 09/24/25 21:16:12 - 2:53:46 - Score:816.0, Count:2
                                     
INFO - 09/24/25 21:16:12 - 2:53:46 - Score:807.0, Count:1
                                     
INFO - 09/24/25 21:16:12 - 2:53:46 - Score:805.0, Count:1
                                     
INFO - 09/24/25 21:16:12 - 2:53:46 - Score:801.0, Count:1
                                     
INFO - 09/24/25 21:16:12 - 2:53:46 - Score:800.0, Count:1
                                     
INFO - 09/24/25 21:16:12 - 2:53:46 - Score:798.0, Count:3
                                     
INFO - 09/24/25 21:16:12 - 2:53:46 - Score:793.0, Count:1
                                     
INFO - 09/24/25 21:16:12 - 2:53:46 - Score:780.0, Count:1
                                     
INFO - 09/24/25 21:16:12 - 2:53:46 - Score:776.0, Count:1
                                     
INFO - 09/24/25 21:16:12 - 2:53:46 - Score:774.0, Count:1
                                     
INFO - 09/24/25 21:16:12 - 2:53:46 - Score:769.0, Count:1
                                     
INFO - 09/24/25 21:16:12 - 2:53:46 - Score:654.0, Count:0
                                     
INFO - 09/24/25 21:16:12 - 2:53:46 - Score:576.0, Count:0
                                     
INFO - 09/24/25 21:16:12 - 2:53:46 - Score:447.0, Count:0
                                     
INFO - 09/24/25 21:16:12 - 2:53:46 - tokenizing
INFO - 09/24/25 21:16:12 - 2:53:46 - Loading tokenizer from /home/yuebi/Project/dim11_run/dim11_run_23/7787/tokenizer_data/tokenizer.json...
INFO - 09/24/25 21:16:12 - 2:53:46 - 0 / 15
INFO - 09/24/25 21:16:12 - 2:53:46 - number of examples in the dataset: 15
INFO - 09/24/25 21:16:12 - 2:53:46 - max word length: 61
INFO - 09/24/25 21:16:12 - 2:53:46 - number of unique characters in the vocabulary: 15
INFO - 09/24/25 21:16:12 - 2:53:46 - vocabulary:
INFO - 09/24/25 21:16:12 - 2:53:46 - ['V0', 'V1', 'V2', 'V3', 'V4', 'V5', 'V6', 'V7', 'V8', 'V9', 'V10', 'V11', 'V12', 'V13', 'V14']
INFO - 09/24/25 21:16:12 - 2:53:46 - split up the dataset into 14 training examples and 1 test examples
INFO - 09/24/25 21:16:12 - 2:53:46 - ============ Start of generation 9 ============
INFO - 09/24/25 21:16:12 - 2:53:46 - Memory allocated:  41.64MB, reserved: 1854.00MB
INFO - 09/24/25 21:16:12 - 2:53:46 - training
INFO - 09/24/25 21:16:12 - 2:53:46 - step 0 | loss 6.1868 | step time 98.59ms
INFO - 09/24/25 21:16:21 - 2:53:56 - step 100 | loss 0.0478 | step time 92.45ms
INFO - 09/24/25 21:16:31 - 2:54:05 - step 200 | loss 0.0469 | step time 93.61ms
INFO - 09/24/25 21:16:40 - 2:54:14 - step 300 | loss 0.0474 | step time 92.54ms
INFO - 09/24/25 21:16:49 - 2:54:24 - step 400 | loss 0.0465 | step time 92.47ms
INFO - 09/24/25 21:16:58 - 2:54:33 - step 500 | loss 0.0448 | step time 92.57ms
INFO - 09/24/25 21:16:58 - 2:54:33 - step 500 train loss: 0.04588282108306885 test loss: 5.486352443695068
INFO - 09/24/25 21:16:58 - 2:54:33 - test loss 5.486352443695068 is the best so far, saving model to /home/yuebi/Project/dim11_run/dim11_run_23/7787/model.pt
INFO - 09/24/25 21:17:08 - 2:54:42 - step 600 | loss 0.0995 | step time 92.59ms
INFO - 09/24/25 21:17:17 - 2:54:51 - step 700 | loss 0.0466 | step time 92.49ms
INFO - 09/24/25 21:17:26 - 2:55:01 - step 800 | loss 0.0462 | step time 92.62ms
INFO - 09/24/25 21:17:36 - 2:55:10 - step 900 | loss 0.0466 | step time 92.38ms
INFO - 09/24/25 21:17:45 - 2:55:19 - Memory allocated:  41.64MB, reserved: 1854.00MB
INFO - 09/24/25 21:17:45 - 2:55:19 - generating
INFO - 09/24/25 21:37:39 - 3:15:13 - distribution of sample lengths: average: 179.65433333333334 max: 406
INFO - 09/24/25 21:37:39 - 3:15:13 - printed 30000 samples
INFO - 09/24/25 21:37:39 - 3:15:13 - decoding
INFO - 09/24/25 21:37:39 - 3:15:14 - Decoding complete. Check the output in /home/yuebi/Project/dim11_run/dim11_run_23/7787/transformer-output-decoded.txt
INFO - 09/24/25 21:37:39 - 3:15:14 - Memory allocated:  41.64MB, reserved: 1854.00MB
INFO - 09/24/25 21:37:39 - 3:15:14 - ============ End of generation 9 ============
INFO - 09/24/25 21:37:39 - 3:15:14 - launching search.jl
INFO - 09/24/25 21:37:39 - 3:15:14 - JULIA_NUM_THREADS is set to 1
INFO - 09/24/25 21:37:39 - 3:15:14 - Skipping line due to error: setting an array element with a sequence. The requested array has an inhomogeneous shape after 1 dimensions. The detected shape was (11,) + inhomogeneous part.
INFO - 09/24/25 21:37:39 - 3:15:14 - Skipping line due to error: setting an array element with a sequence. The requested array has an inhomogeneous shape after 1 dimensions. The detected shape was (11,) + inhomogeneous part.
INFO - 09/24/25 21:37:39 - 3:15:14 - Skipping line due to error: setting an array element with a sequence. The requested array has an inhomogeneous shape after 1 dimensions. The detected shape was (11,) + inhomogeneous part.
INFO - 09/24/25 21:37:39 - 3:15:14 - Skipping line due to error: Expected 11 elements, got 12
INFO - 09/24/25 21:37:39 - 3:15:14 - Skipping line due to error: setting an array element with a sequence. The requested array has an inhomogeneous shape after 1 dimensions. The detected shape was (11,) + inhomogeneous part.
INFO - 09/24/25 21:37:39 - 3:15:14 - Skipping line due to error: Expected 11 elements, got 10
INFO - 09/24/25 21:37:39 - 3:15:14 - Skipping line due to error: Expected 11 elements, got 13
INFO - 09/24/25 21:37:39 - 3:15:14 - Skipping line due to error: setting an array element with a sequence. The requested array has an inhomogeneous shape after 1 dimensions. The detected shape was (11,) + inhomogeneous part.
INFO - 09/24/25 21:37:39 - 3:15:14 - Skipping line due to error: Expected 11 elements, got 9
INFO - 09/24/25 21:37:39 - 3:15:14 - Skipping line due to error: setting an array element with a sequence. The requested array has an inhomogeneous shape after 1 dimensions. The detected shape was (11,) + inhomogeneous part.
INFO - 09/24/25 21:37:39 - 3:15:14 - Skipping line due to error: Expected 11 elements, got 10
INFO - 09/24/25 21:37:39 - 3:15:14 - Skipping line due to error: Expected 11 elements, got 12
INFO - 09/24/25 21:37:39 - 3:15:14 - Skipping line due to error: setting an array element with a sequence. The requested array has an inhomogeneous shape after 1 dimensions. The detected shape was (11,) + inhomogeneous part.
INFO - 09/24/25 21:37:39 - 3:15:14 - Skipping line due to error: Expected 11 elements, got 12
INFO - 09/24/25 21:37:39 - 3:15:14 - Skipping line due to error: setting an array element with a sequence. The requested array has an inhomogeneous shape after 1 dimensions. The detected shape was (11,) + inhomogeneous part.
INFO - 09/24/25 21:37:39 - 3:15:14 - Skipping line due to error: Expected 11 elements, got 10
INFO - 09/24/25 21:37:39 - 3:15:14 - Skipping line due to error: Expected 11 elements, got 13
INFO - 09/24/25 21:37:39 - 3:15:14 - Skipping line due to error: Expected 11 elements, got 2
INFO - 09/24/25 21:37:39 - 3:15:14 - Skipping line due to error: setting an array element with a sequence. The requested array has an inhomogeneous shape after 1 dimensions. The detected shape was (11,) + inhomogeneous part.
INFO - 09/24/25 21:37:39 - 3:15:14 - Skipping line due to error: Expected 11 elements, got 13
INFO - 09/24/25 21:37:39 - 3:15:14 - Skipping line due to error: setting an array element with a sequence. The requested array has an inhomogeneous shape after 1 dimensions. The detected shape was (11,) + inhomogeneous part.
INFO - 09/24/25 21:37:39 - 3:15:14 - Skipping line due to error: Expected 11 elements, got 9
INFO - 09/24/25 21:37:39 - 3:15:14 - Skipping line due to error: Expected 11 elements, got 10
INFO - 09/24/25 21:37:39 - 3:15:14 - Skipping line due to error: Expected 11 elements, got 12
INFO - 09/24/25 21:37:39 - 3:15:14 - Skipping line due to error: Expected 11 elements, got 13
INFO - 09/24/25 21:37:39 - 3:15:14 - Skipping line due to error: setting an array element with a sequence. The requested array has an inhomogeneous shape after 1 dimensions. The detected shape was (11,) + inhomogeneous part.
INFO - 09/24/25 21:37:39 - 3:15:14 - Skipping line due to error: Expected 11 elements, got 14
INFO - 09/24/25 21:37:39 - 3:15:14 - Skipping line due to error: Expected 11 elements, got 12
INFO - 09/24/25 21:37:39 - 3:15:14 - Skipping line due to error: setting an array element with a sequence. The requested array has an inhomogeneous shape after 1 dimensions. The detected shape was (11,) + inhomogeneous part.
INFO - 09/24/25 21:37:39 - 3:15:14 - Skipping line due to error: setting an array element with a sequence. The requested array has an inhomogeneous shape after 1 dimensions. The detected shape was (11,) + inhomogeneous part.
INFO - 09/24/25 21:37:39 - 3:15:14 - Skipping line due to error: Expected 11 elements, got 10
INFO - 09/24/25 21:37:39 - 3:15:14 - Skipping line due to error: Expected 11 elements, got 10
INFO - 09/24/25 21:37:39 - 3:15:14 - Skipping line due to error: Expected 11 elements, got 13
INFO - 09/24/25 21:37:39 - 3:15:14 - Skipping line due to error: setting an array element with a sequence. The requested array has an inhomogeneous shape after 1 dimensions. The detected shape was (11,) + inhomogeneous part.
INFO - 09/24/25 21:37:39 - 3:15:14 - Skipping line due to error: Expected 11 elements, got 10
INFO - 09/24/25 21:37:39 - 3:15:14 - Skipping line due to error: setting an array element with a sequence. The requested array has an inhomogeneous shape after 1 dimensions. The detected shape was (11,) + inhomogeneous part.
INFO - 09/24/25 21:37:39 - 3:15:14 - Skipping line due to error: Expected 11 elements, got 12
INFO - 09/24/25 21:37:39 - 3:15:14 - Skipping line due to error: Expected 11 elements, got 12
INFO - 09/24/25 21:37:39 - 3:15:14 - Skipping line due to error: Expected 11 elements, got 10
INFO - 09/24/25 21:37:39 - 3:15:14 - Skipping line due to error: Expected 11 elements, got 3
INFO - 09/24/25 21:37:39 - 3:15:14 - Skipping line due to error: Expected 11 elements, got 9
INFO - 09/24/25 21:37:39 - 3:15:14 - Skipping line due to error: Expected 11 elements, got 12
INFO - 09/24/25 21:37:39 - 3:15:14 - Skipping line due to error: setting an array element with a sequence. The requested array has an inhomogeneous shape after 1 dimensions. The detected shape was (11,) + inhomogeneous part.
INFO - 09/24/25 21:37:39 - 3:15:14 - Skipping line due to error: Expected 11 elements, got 12
INFO - 09/24/25 21:37:39 - 3:15:14 - Skipping line due to error: Expected 11 elements, got 12
INFO - 09/24/25 21:37:39 - 3:15:14 - Skipping line due to error: setting an array element with a sequence. The requested array has an inhomogeneous shape after 1 dimensions. The detected shape was (11,) + inhomogeneous part.
INFO - 09/24/25 21:37:39 - 3:15:14 - Skipping line due to error: setting an array element with a sequence. The requested array has an inhomogeneous shape after 1 dimensions. The detected shape was (11,) + inhomogeneous part.
INFO - 09/24/25 21:37:39 - 3:15:14 - Skipping line due to error: setting an array element with a sequence. The requested array has an inhomogeneous shape after 1 dimensions. The detected shape was (11,) + inhomogeneous part.
INFO - 09/24/25 21:37:39 - 3:15:14 - Skipping line due to error: Expected 11 elements, got 12
INFO - 09/24/25 21:37:39 - 3:15:14 - Skipping line due to error: Expected 11 elements, got 9
INFO - 09/24/25 21:37:39 - 3:15:14 - Skipping line due to error: Expected 11 elements, got 3
INFO - 09/24/25 21:37:39 - 3:15:14 - Skipping line due to error: Expected 11 elements, got 10
INFO - 09/24/25 21:37:39 - 3:15:14 - Skipping line due to error: Expected 11 elements, got 12
INFO - 09/24/25 21:37:39 - 3:15:14 - Skipping line due to error: Expected 11 elements, got 12
INFO - 09/24/25 21:37:39 - 3:15:14 - Skipping line due to error: setting an array element with a sequence. The requested array has an inhomogeneous shape after 1 dimensions. The detected shape was (11,) + inhomogeneous part.
INFO - 09/24/25 21:37:39 - 3:15:14 - Skipping line due to error: Expected 11 elements, got 10
INFO - 09/24/25 21:37:39 - 3:15:14 - Skipping line due to error: setting an array element with a sequence. The requested array has an inhomogeneous shape after 1 dimensions. The detected shape was (11,) + inhomogeneous part.
INFO - 09/24/25 21:37:39 - 3:15:14 - Skipping line due to error: setting an array element with a sequence. The requested array has an inhomogeneous shape after 1 dimensions. The detected shape was (11,) + inhomogeneous part.
INFO - 09/24/25 21:37:39 - 3:15:14 - Skipping line due to error: Expected 11 elements, got 12
INFO - 09/24/25 21:37:39 - 3:15:14 - Skipping line due to error: setting an array element with a sequence. The requested array has an inhomogeneous shape after 1 dimensions. The detected shape was (11,) + inhomogeneous part.
INFO - 09/24/25 21:37:39 - 3:15:14 - Skipping line due to error: Expected 11 elements, got 12
INFO - 09/24/25 21:37:39 - 3:15:14 - Skipping line due to error: setting an array element with a sequence. The requested array has an inhomogeneous shape after 1 dimensions. The detected shape was (11,) + inhomogeneous part.
INFO - 09/24/25 21:37:39 - 3:15:14 - Skipping line due to error: Expected 11 elements, got 10
INFO - 09/24/25 21:37:39 - 3:15:14 - Skipping line due to error: Expected 11 elements, got 10
INFO - 09/24/25 21:37:39 - 3:15:14 - Skipping line due to error: Expected 11 elements, got 13
INFO - 09/24/25 21:37:39 - 3:15:14 - Skipping line due to error: Expected 11 elements, got 10
INFO - 09/24/25 21:37:39 - 3:15:14 - Skipping line due to error: setting an array element with a sequence. The requested array has an inhomogeneous shape after 1 dimensions. The detected shape was (11,) + inhomogeneous part.
INFO - 09/24/25 21:37:39 - 3:15:14 - Skipping line due to error: Expected 11 elements, got 10
INFO - 09/24/25 21:37:39 - 3:15:14 - Skipping line due to error: Expected 11 elements, got 12
INFO - 09/24/25 21:37:39 - 3:15:14 - Skipping line due to error: setting an array element with a sequence. The requested array has an inhomogeneous shape after 1 dimensions. The detected shape was (11,) + inhomogeneous part.
INFO - 09/24/25 21:37:39 - 3:15:14 - Skipping line due to error: Expected 11 elements, got 13
INFO - 09/24/25 21:37:39 - 3:15:14 - Skipping line due to error: setting an array element with a sequence. The requested array has an inhomogeneous shape after 1 dimensions. The detected shape was (11,) + inhomogeneous part.
INFO - 09/24/25 21:37:39 - 3:15:14 - Skipping line due to error: Expected 11 elements, got 10
INFO - 09/24/25 21:37:39 - 3:15:14 - Skipping line due to error: setting an array element with a sequence. The requested array has an inhomogeneous shape after 1 dimensions. The detected shape was (11,) + inhomogeneous part.
INFO - 09/24/25 21:37:39 - 3:15:14 - Skipping line due to error: Expected 11 elements, got 9
INFO - 09/24/25 21:37:39 - 3:15:14 - Skipping line due to error: setting an array element with a sequence. The requested array has an inhomogeneous shape after 1 dimensions. The detected shape was (11,) + inhomogeneous part.
INFO - 09/24/25 21:37:39 - 3:15:14 - Skipping line due to error: Expected 11 elements, got 18
INFO - 09/24/25 21:37:39 - 3:15:14 - Skipping line due to error: setting an array element with a sequence. The requested array has an inhomogeneous shape after 1 dimensions. The detected shape was (11,) + inhomogeneous part.
INFO - 09/24/25 21:37:39 - 3:15:14 - Skipping line due to error: Expected 11 elements, got 10
INFO - 09/24/25 21:37:39 - 3:15:14 - Skipping line due to error: Expected 11 elements, got 10
INFO - 09/24/25 21:37:39 - 3:15:14 - Skipping line due to error: Expected 11 elements, got 13
INFO - 09/24/25 21:37:39 - 3:15:14 - Skipping line due to error: Expected 11 elements, got 10
INFO - 09/24/25 21:37:39 - 3:15:14 - Skipping line due to error: setting an array element with a sequence. The requested array has an inhomogeneous shape after 1 dimensions. The detected shape was (11,) + inhomogeneous part.
INFO - 09/24/25 21:37:39 - 3:15:14 - Skipping line due to error: Expected 11 elements, got 9
INFO - 09/24/25 21:37:39 - 3:15:14 - Skipping line due to error: setting an array element with a sequence. The requested array has an inhomogeneous shape after 1 dimensions. The detected shape was (11,) + inhomogeneous part.
INFO - 09/24/25 21:37:40 - 3:15:14 - Skipping line due to error: Expected 11 elements, got 12
INFO - 09/24/25 21:37:40 - 3:15:14 - Skipping line due to error: setting an array element with a sequence. The requested array has an inhomogeneous shape after 1 dimensions. The detected shape was (11,) + inhomogeneous part.
INFO - 09/24/25 21:37:40 - 3:15:14 - Skipping line due to error: Expected 11 elements, got 16
INFO - 09/24/25 21:37:40 - 3:15:14 - Skipping line due to error: setting an array element with a sequence. The requested array has an inhomogeneous shape after 1 dimensions. The detected shape was (11,) + inhomogeneous part.
INFO - 09/24/25 21:37:40 - 3:15:14 - Skipping line due to error: Expected 11 elements, got 12
INFO - 09/24/25 21:37:40 - 3:15:14 - Skipping line due to error: setting an array element with a sequence. The requested array has an inhomogeneous shape after 1 dimensions. The detected shape was (11,) + inhomogeneous part.
INFO - 09/24/25 21:37:40 - 3:15:14 - Skipping line due to error: Expected 11 elements, got 13
INFO - 09/24/25 21:37:40 - 3:15:14 - Skipping line due to error: setting an array element with a sequence. The requested array has an inhomogeneous shape after 1 dimensions. The detected shape was (11,) + inhomogeneous part.
INFO - 09/24/25 21:37:40 - 3:15:14 - Skipping line due to error: Expected 11 elements, got 10
INFO - 09/24/25 21:37:40 - 3:15:14 - Skipping line due to error: Expected 11 elements, got 12
INFO - 09/24/25 21:37:40 - 3:15:14 - Skipping line due to error: setting an array element with a sequence. The requested array has an inhomogeneous shape after 1 dimensions. The detected shape was (11,) + inhomogeneous part.
INFO - 09/24/25 21:37:40 - 3:15:14 - Skipping line due to error: setting an array element with a sequence. The requested array has an inhomogeneous shape after 1 dimensions. The detected shape was (11,) + inhomogeneous part.
INFO - 09/24/25 21:37:40 - 3:15:14 - Skipping line due to error: setting an array element with a sequence. The requested array has an inhomogeneous shape after 1 dimensions. The detected shape was (11,) + inhomogeneous part.
INFO - 09/24/25 21:37:40 - 3:15:14 - Skipping line due to error: setting an array element with a sequence. The requested array has an inhomogeneous shape after 1 dimensions. The detected shape was (11,) + inhomogeneous part.
INFO - 09/24/25 21:37:40 - 3:15:14 - Skipping line due to error: Expected 11 elements, got 13
INFO - 09/24/25 21:37:40 - 3:15:14 - Skipping line due to error: Expected 11 elements, got 9
INFO - 09/24/25 21:37:40 - 3:15:14 - Skipping line due to error: Expected 11 elements, got 22
INFO - 09/24/25 21:37:40 - 3:15:14 - Skipping line due to error: Expected 11 elements, got 10
INFO - 09/24/25 21:37:40 - 3:15:14 - Skipping line due to error: Expected 11 elements, got 13
INFO - 09/24/25 21:37:40 - 3:15:14 - Skipping line due to error: Expected 11 elements, got 19
INFO - 09/24/25 21:37:40 - 3:15:14 - Skipping line due to error: setting an array element with a sequence. The requested array has an inhomogeneous shape after 1 dimensions. The detected shape was (11,) + inhomogeneous part.
INFO - 09/24/25 21:37:40 - 3:15:14 - Skipping line due to error: setting an array element with a sequence. The requested array has an inhomogeneous shape after 1 dimensions. The detected shape was (11,) + inhomogeneous part.
INFO - 09/24/25 21:37:40 - 3:15:14 - Skipping line due to error: setting an array element with a sequence. The requested array has an inhomogeneous shape after 1 dimensions. The detected shape was (11,) + inhomogeneous part.
INFO - 09/24/25 21:37:40 - 3:15:14 - Skipping line due to error: Expected 11 elements, got 10
INFO - 09/24/25 21:37:40 - 3:15:14 - Skipping line due to error: setting an array element with a sequence. The requested array has an inhomogeneous shape after 1 dimensions. The detected shape was (11,) + inhomogeneous part.
INFO - 09/24/25 21:37:40 - 3:15:14 - Skipping line due to error: setting an array element with a sequence. The requested array has an inhomogeneous shape after 1 dimensions. The detected shape was (11,) + inhomogeneous part.
INFO - 09/24/25 21:37:40 - 3:15:14 - Skipping line due to error: Expected 11 elements, got 12
INFO - 09/24/25 21:37:40 - 3:15:14 - Skipping line due to error: Expected 11 elements, got 10
INFO - 09/24/25 21:37:40 - 3:15:14 - Skipping line due to error: Expected 11 elements, got 12
INFO - 09/24/25 21:37:40 - 3:15:14 - Skipping line due to error: Expected 11 elements, got 13
INFO - 09/24/25 21:37:40 - 3:15:14 - Skipping line due to error: setting an array element with a sequence. The requested array has an inhomogeneous shape after 1 dimensions. The detected shape was (11,) + inhomogeneous part.
INFO - 09/24/25 21:37:40 - 3:15:14 - Skipping line due to error: Expected 11 elements, got 2
INFO - 09/24/25 21:37:40 - 3:15:14 - Skipping line due to error: Expected 11 elements, got 12
INFO - 09/24/25 21:37:40 - 3:15:14 - Skipping line due to error: Expected 11 elements, got 10
INFO - 09/24/25 21:37:40 - 3:15:14 - Skipping line due to error: Expected 11 elements, got 12
INFO - 09/24/25 21:37:40 - 3:15:14 - Skipping line due to error: setting an array element with a sequence. The requested array has an inhomogeneous shape after 1 dimensions. The detected shape was (11,) + inhomogeneous part.
INFO - 09/24/25 21:37:40 - 3:15:14 - Skipping line due to error: Expected 11 elements, got 10
INFO - 09/24/25 21:37:40 - 3:15:14 - Skipping line due to error: Expected 11 elements, got 13
INFO - 09/24/25 21:37:40 - 3:15:14 - Skipping line due to error: Expected 11 elements, got 10
INFO - 09/24/25 21:37:40 - 3:15:14 - Skipping line due to error: Expected 11 elements, got 12
INFO - 09/24/25 21:37:40 - 3:15:14 - Skipping line due to error: setting an array element with a sequence. The requested array has an inhomogeneous shape after 1 dimensions. The detected shape was (11,) + inhomogeneous part.
INFO - 09/24/25 21:37:40 - 3:15:14 - Skipping line due to error: Expected 11 elements, got 10
INFO - 09/24/25 21:37:40 - 3:15:14 - Skipping line due to error: Expected 11 elements, got 2
INFO - 09/24/25 21:37:40 - 3:15:14 - Skipping line due to error: Expected 11 elements, got 10
INFO - 09/24/25 21:37:40 - 3:15:14 - Skipping line due to error: Expected 11 elements, got 13
INFO - 09/24/25 21:37:40 - 3:15:14 - Skipping line due to error: setting an array element with a sequence. The requested array has an inhomogeneous shape after 1 dimensions. The detected shape was (11,) + inhomogeneous part.
INFO - 09/24/25 21:37:40 - 3:15:14 - Skipping line due to error: setting an array element with a sequence. The requested array has an inhomogeneous shape after 1 dimensions. The detected shape was (11,) + inhomogeneous part.
INFO - 09/24/25 21:37:40 - 3:15:14 - Skipping line due to error: Expected 11 elements, got 14
INFO - 09/24/25 21:37:40 - 3:15:14 - Skipping line due to error: Expected 11 elements, got 10
INFO - 09/24/25 21:37:40 - 3:15:14 - Skipping line due to error: Expected 11 elements, got 10
INFO - 09/24/25 21:37:40 - 3:15:14 - Skipping line due to error: setting an array element with a sequence. The requested array has an inhomogeneous shape after 1 dimensions. The detected shape was (11,) + inhomogeneous part.
INFO - 09/24/25 21:37:40 - 3:15:14 - Skipping line due to error: Expected 11 elements, got 10
INFO - 09/24/25 21:37:40 - 3:15:14 - Skipping line due to error: Expected 11 elements, got 1
INFO - 09/24/25 21:37:40 - 3:15:14 - Skipping line due to error: setting an array element with a sequence. The requested array has an inhomogeneous shape after 1 dimensions. The detected shape was (11,) + inhomogeneous part.
INFO - 09/24/25 21:37:40 - 3:15:14 - Skipping line due to error: setting an array element with a sequence. The requested array has an inhomogeneous shape after 1 dimensions. The detected shape was (11,) + inhomogeneous part.
INFO - 09/24/25 21:37:40 - 3:15:14 - Skipping line due to error: setting an array element with a sequence. The requested array has an inhomogeneous shape after 1 dimensions. The detected shape was (11,) + inhomogeneous part.
INFO - 09/24/25 21:37:40 - 3:15:14 - Skipping line due to error: setting an array element with a sequence. The requested array has an inhomogeneous shape after 1 dimensions. The detected shape was (11,) + inhomogeneous part.
INFO - 09/24/25 21:37:40 - 3:15:14 - Skipping line due to error: setting an array element with a sequence. The requested array has an inhomogeneous shape after 1 dimensions. The detected shape was (11,) + inhomogeneous part.
INFO - 09/24/25 21:37:40 - 3:15:14 - Skipping line due to error: setting an array element with a sequence. The requested array has an inhomogeneous shape after 1 dimensions. The detected shape was (11,) + inhomogeneous part.
INFO - 09/24/25 21:37:40 - 3:15:14 - Skipping line due to error: Expected 11 elements, got 12
INFO - 09/24/25 21:37:40 - 3:15:14 - Skipping line due to error: Expected 11 elements, got 12
INFO - 09/24/25 21:37:40 - 3:15:14 - Skipping line due to error: Expected 11 elements, got 9
INFO - 09/24/25 21:37:40 - 3:15:14 - Skipping line due to error: Expected 11 elements, got 13
INFO - 09/24/25 21:37:40 - 3:15:14 - Skipping line due to error: Expected 11 elements, got 12
INFO - 09/24/25 21:37:40 - 3:15:14 - Skipping line due to error: Expected 11 elements, got 19
INFO - 09/24/25 21:37:40 - 3:15:14 - Skipping line due to error: Expected 11 elements, got 12
INFO - 09/24/25 21:37:40 - 3:15:14 - Skipping line due to error: setting an array element with a sequence. The requested array has an inhomogeneous shape after 1 dimensions. The detected shape was (11,) + inhomogeneous part.
INFO - 09/24/25 21:37:40 - 3:15:14 - Skipping line due to error: Expected 11 elements, got 12
INFO - 09/24/25 21:37:40 - 3:15:14 - Skipping line due to error: setting an array element with a sequence. The requested array has an inhomogeneous shape after 1 dimensions. The detected shape was (11,) + inhomogeneous part.
INFO - 09/24/25 21:37:40 - 3:15:14 - Skipping line due to error: Expected 11 elements, got 10
INFO - 09/24/25 21:37:40 - 3:15:14 - Skipping line due to error: Expected 11 elements, got 15
INFO - 09/24/25 21:37:40 - 3:15:14 - Skipping line due to error: Expected 11 elements, got 12
INFO - 09/24/25 21:37:40 - 3:15:14 - Skipping line due to error: setting an array element with a sequence. The requested array has an inhomogeneous shape after 1 dimensions. The detected shape was (11,) + inhomogeneous part.
INFO - 09/24/25 21:37:40 - 3:15:14 - Skipping line due to error: Expected 11 elements, got 12
INFO - 09/24/25 21:37:40 - 3:15:14 - Skipping line due to error: setting an array element with a sequence. The requested array has an inhomogeneous shape after 1 dimensions. The detected shape was (11,) + inhomogeneous part.
INFO - 09/24/25 21:37:40 - 3:15:14 - Skipping line due to error: setting an array element with a sequence. The requested array has an inhomogeneous shape after 1 dimensions. The detected shape was (11,) + inhomogeneous part.
INFO - 09/24/25 21:37:40 - 3:15:14 - Skipping line due to error: Expected 11 elements, got 12
INFO - 09/24/25 21:37:40 - 3:15:14 - Skipping line due to error: Expected 11 elements, got 10
INFO - 09/24/25 21:37:40 - 3:15:14 - Skipping line due to error: setting an array element with a sequence. The requested array has an inhomogeneous shape after 1 dimensions. The detected shape was (11,) + inhomogeneous part.
INFO - 09/24/25 21:37:40 - 3:15:14 - Skipping line due to error: Expected 11 elements, got 14
INFO - 09/24/25 21:37:40 - 3:15:14 - Skipping line due to error: Expected 11 elements, got 12
INFO - 09/24/25 21:37:40 - 3:15:14 - Skipping line due to error: setting an array element with a sequence. The requested array has an inhomogeneous shape after 1 dimensions. The detected shape was (11,) + inhomogeneous part.
INFO - 09/24/25 21:37:40 - 3:15:14 - Skipping line due to error: setting an array element with a sequence. The requested array has an inhomogeneous shape after 1 dimensions. The detected shape was (11,) + inhomogeneous part.
INFO - 09/24/25 21:37:40 - 3:15:14 - Skipping line due to error: setting an array element with a sequence. The requested array has an inhomogeneous shape after 1 dimensions. The detected shape was (11,) + inhomogeneous part.
INFO - 09/24/25 21:37:40 - 3:15:14 - Skipping line due to error: Expected 11 elements, got 12
INFO - 09/24/25 21:37:40 - 3:15:14 - Skipping line due to error: Expected 11 elements, got 8
INFO - 09/24/25 21:37:40 - 3:15:14 - Skipping line due to error: setting an array element with a sequence. The requested array has an inhomogeneous shape after 1 dimensions. The detected shape was (11,) + inhomogeneous part.
INFO - 09/24/25 21:37:40 - 3:15:14 - Skipping line due to error: Expected 11 elements, got 12
INFO - 09/24/25 21:37:40 - 3:15:14 - Skipping line due to error: setting an array element with a sequence. The requested array has an inhomogeneous shape after 1 dimensions. The detected shape was (11,) + inhomogeneous part.
INFO - 09/24/25 21:37:40 - 3:15:14 - Skipping line due to error: Expected 11 elements, got 10
INFO - 09/24/25 21:37:40 - 3:15:14 - Skipping line due to error: setting an array element with a sequence. The requested array has an inhomogeneous shape after 1 dimensions. The detected shape was (11,) + inhomogeneous part.
INFO - 09/24/25 21:37:40 - 3:15:14 - Skipping line due to error: Expected 11 elements, got 8
INFO - 09/24/25 21:37:40 - 3:15:14 - Skipping line due to error: Expected 11 elements, got 2
INFO - 09/24/25 21:37:40 - 3:15:14 - Skipping line due to error: Expected 11 elements, got 9
INFO - 09/24/25 21:37:40 - 3:15:14 - Skipping line due to error: Expected 11 elements, got 12
INFO - 09/24/25 21:37:40 - 3:15:14 - Skipping line due to error: setting an array element with a sequence. The requested array has an inhomogeneous shape after 1 dimensions. The detected shape was (11,) + inhomogeneous part.
INFO - 09/24/25 21:37:40 - 3:15:14 - Skipping line due to error: Expected 11 elements, got 10
INFO - 09/24/25 21:37:40 - 3:15:14 - Skipping line due to error: Expected 11 elements, got 13
INFO - 09/24/25 21:37:40 - 3:15:14 - Skipping line due to error: setting an array element with a sequence. The requested array has an inhomogeneous shape after 1 dimensions. The detected shape was (11,) + inhomogeneous part.
INFO - 09/24/25 21:37:40 - 3:15:14 - Skipping line due to error: Expected 11 elements, got 12
INFO - 09/24/25 21:37:40 - 3:15:14 - Skipping line due to error: setting an array element with a sequence. The requested array has an inhomogeneous shape after 1 dimensions. The detected shape was (11,) + inhomogeneous part.
INFO - 09/24/25 21:37:40 - 3:15:14 - Skipping line due to error: setting an array element with a sequence. The requested array has an inhomogeneous shape after 1 dimensions. The detected shape was (11,) + inhomogeneous part.
INFO - 09/24/25 21:37:40 - 3:15:14 - Skipping line due to error: Expected 11 elements, got 10
INFO - 09/24/25 21:37:40 - 3:15:14 - Skipping line due to error: Expected 11 elements, got 12
INFO - 09/24/25 21:37:40 - 3:15:14 - Skipping line due to error: Expected 11 elements, got 12
INFO - 09/24/25 21:37:40 - 3:15:14 - Skipping line due to error: setting an array element with a sequence. The requested array has an inhomogeneous shape after 1 dimensions. The detected shape was (11,) + inhomogeneous part.
INFO - 09/24/25 21:37:40 - 3:15:14 - Skipping line due to error: setting an array element with a sequence. The requested array has an inhomogeneous shape after 1 dimensions. The detected shape was (11,) + inhomogeneous part.
INFO - 09/24/25 21:37:40 - 3:15:14 - Skipping line due to error: setting an array element with a sequence. The requested array has an inhomogeneous shape after 1 dimensions. The detected shape was (11,) + inhomogeneous part.
INFO - 09/24/25 21:37:40 - 3:15:14 - Skipping line due to error: setting an array element with a sequence. The requested array has an inhomogeneous shape after 1 dimensions. The detected shape was (11,) + inhomogeneous part.
INFO - 09/24/25 21:37:40 - 3:15:14 - Skipping line due to error: setting an array element with a sequence. The requested array has an inhomogeneous shape after 1 dimensions. The detected shape was (11,) + inhomogeneous part.
INFO - 09/24/25 21:37:40 - 3:15:14 - Skipping line due to error: Expected 11 elements, got 10
INFO - 09/24/25 21:37:40 - 3:15:14 - Skipping line due to error: setting an array element with a sequence. The requested array has an inhomogeneous shape after 1 dimensions. The detected shape was (11,) + inhomogeneous part.
INFO - 09/24/25 21:37:40 - 3:15:14 - Skipping line due to error: setting an array element with a sequence. The requested array has an inhomogeneous shape after 1 dimensions. The detected shape was (11,) + inhomogeneous part.
INFO - 09/24/25 21:37:40 - 3:15:14 - Skipping line due to error: Expected 11 elements, got 10
INFO - 09/24/25 21:37:40 - 3:15:14 - Skipping line due to error: Expected 11 elements, got 10
INFO - 09/24/25 21:37:40 - 3:15:14 - Skipping line due to error: Expected 11 elements, got 10
INFO - 09/24/25 21:37:40 - 3:15:14 - Skipping line due to error: setting an array element with a sequence. The requested array has an inhomogeneous shape after 1 dimensions. The detected shape was (11,) + inhomogeneous part.
INFO - 09/24/25 21:37:40 - 3:15:14 - Skipping line due to error: Expected 11 elements, got 12
INFO - 09/24/25 21:37:40 - 3:15:14 - Skipping line due to error: Expected 11 elements, got 12
INFO - 09/24/25 21:37:40 - 3:15:14 - Skipping line due to error: Expected 11 elements, got 12
INFO - 09/24/25 21:37:40 - 3:15:14 - Skipping line due to error: setting an array element with a sequence. The requested array has an inhomogeneous shape after 1 dimensions. The detected shape was (11,) + inhomogeneous part.
INFO - 09/24/25 21:37:40 - 3:15:14 - Skipping line due to error: setting an array element with a sequence. The requested array has an inhomogeneous shape after 1 dimensions. The detected shape was (11,) + inhomogeneous part.
INFO - 09/24/25 21:37:40 - 3:15:14 - Skipping line due to error: setting an array element with a sequence. The requested array has an inhomogeneous shape after 1 dimensions. The detected shape was (11,) + inhomogeneous part.
INFO - 09/24/25 21:37:40 - 3:15:14 - Skipping line due to error: Expected 11 elements, got 2
INFO - 09/24/25 21:37:40 - 3:15:14 - Skipping line due to error: Expected 11 elements, got 4
INFO - 09/24/25 21:37:40 - 3:15:14 - Skipping line due to error: setting an array element with a sequence. The requested array has an inhomogeneous shape after 1 dimensions. The detected shape was (11,) + inhomogeneous part.
INFO - 09/24/25 21:37:40 - 3:15:14 - Skipping line due to error: Expected 11 elements, got 6
INFO - 09/24/25 21:37:40 - 3:15:14 - Skipping line due to error: setting an array element with a sequence. The requested array has an inhomogeneous shape after 1 dimensions. The detected shape was (11,) + inhomogeneous part.
INFO - 09/24/25 21:37:40 - 3:15:14 - Skipping line due to error: setting an array element with a sequence. The requested array has an inhomogeneous shape after 1 dimensions. The detected shape was (11,) + inhomogeneous part.
INFO - 09/24/25 21:37:40 - 3:15:14 - Skipping line due to error: Expected 11 elements, got 12
INFO - 09/24/25 21:37:40 - 3:15:14 - Skipping line due to error: Expected 11 elements, got 10
INFO - 09/24/25 21:37:40 - 3:15:14 - Skipping line due to error: Expected 11 elements, got 10
INFO - 09/24/25 21:37:40 - 3:15:14 - Skipping line due to error: Expected 11 elements, got 9
INFO - 09/24/25 21:37:40 - 3:15:14 - Skipping line due to error: setting an array element with a sequence. The requested array has an inhomogeneous shape after 1 dimensions. The detected shape was (11,) + inhomogeneous part.
INFO - 09/24/25 21:37:40 - 3:15:14 - Skipping line due to error: Expected 11 elements, got 10
INFO - 09/24/25 21:37:40 - 3:15:14 - Skipping line due to error: setting an array element with a sequence. The requested array has an inhomogeneous shape after 1 dimensions. The detected shape was (11,) + inhomogeneous part.
INFO - 09/24/25 21:37:40 - 3:15:14 - Skipping line due to error: Expected 11 elements, got 12
INFO - 09/24/25 21:37:40 - 3:15:14 - Skipping line due to error: Expected 11 elements, got 10
INFO - 09/24/25 21:37:40 - 3:15:14 - Skipping line due to error: Expected 11 elements, got 10
INFO - 09/24/25 21:37:40 - 3:15:14 - Skipping line due to error: setting an array element with a sequence. The requested array has an inhomogeneous shape after 1 dimensions. The detected shape was (11,) + inhomogeneous part.
INFO - 09/24/25 21:37:40 - 3:15:14 - Skipping line due to error: setting an array element with a sequence. The requested array has an inhomogeneous shape after 1 dimensions. The detected shape was (11,) + inhomogeneous part.
INFO - 09/24/25 21:37:40 - 3:15:14 - Skipping line due to error: setting an array element with a sequence. The requested array has an inhomogeneous shape after 1 dimensions. The detected shape was (11,) + inhomogeneous part.
INFO - 09/24/25 21:37:40 - 3:15:14 - Skipping line due to error: Expected 11 elements, got 9
INFO - 09/24/25 21:37:40 - 3:15:14 - Skipping line due to error: setting an array element with a sequence. The requested array has an inhomogeneous shape after 1 dimensions. The detected shape was (11,) + inhomogeneous part.
INFO - 09/24/25 21:37:40 - 3:15:14 - Skipping line due to error: setting an array element with a sequence. The requested array has an inhomogeneous shape after 1 dimensions. The detected shape was (11,) + inhomogeneous part.
INFO - 09/24/25 21:37:40 - 3:15:14 - Skipping line due to error: setting an array element with a sequence. The requested array has an inhomogeneous shape after 1 dimensions. The detected shape was (11,) + inhomogeneous part.
INFO - 09/24/25 21:37:40 - 3:15:14 - Skipping line due to error: setting an array element with a sequence. The requested array has an inhomogeneous shape after 1 dimensions. The detected shape was (11,) + inhomogeneous part.
INFO - 09/24/25 21:37:40 - 3:15:14 - Skipping line due to error: Expected 11 elements, got 10
INFO - 09/24/25 21:37:40 - 3:15:14 - Skipping line due to error: Expected 11 elements, got 10
INFO - 09/24/25 21:37:45 - 3:15:19 - distribution of scores(all rounds)
INFO - 09/24/25 21:37:45 - 3:15:19 - Score:891.0, Count:1
                                     
INFO - 09/24/25 21:37:45 - 3:15:19 - Score:816.0, Count:2
                                     
INFO - 09/24/25 21:37:45 - 3:15:19 - Score:807.0, Count:1
                                     
INFO - 09/24/25 21:37:45 - 3:15:19 - Score:805.0, Count:1
                                     
INFO - 09/24/25 21:37:45 - 3:15:19 - Score:801.0, Count:1
                                     
INFO - 09/24/25 21:37:45 - 3:15:19 - Score:800.0, Count:1
                                     
INFO - 09/24/25 21:37:45 - 3:15:19 - Score:798.0, Count:3
                                     
INFO - 09/24/25 21:37:45 - 3:15:19 - Score:793.0, Count:1
                                     
INFO - 09/24/25 21:37:45 - 3:15:19 - Score:780.0, Count:1
                                     
INFO - 09/24/25 21:37:45 - 3:15:19 - Score:776.0, Count:1
                                     
INFO - 09/24/25 21:37:45 - 3:15:19 - Score:774.0, Count:1
                                     
INFO - 09/24/25 21:37:45 - 3:15:19 - Score:769.0, Count:1
                                     
INFO - 09/24/25 21:37:45 - 3:15:19 - Score:654.0, Count:0
                                     
INFO - 09/24/25 21:37:45 - 3:15:19 - Score:578.0, Count:0
                                     
INFO - 09/24/25 21:37:45 - 3:15:19 - tokenizing
INFO - 09/24/25 21:37:45 - 3:15:19 - Loading tokenizer from /home/yuebi/Project/dim11_run/dim11_run_23/7787/tokenizer_data/tokenizer.json...
INFO - 09/24/25 21:37:45 - 3:15:19 - 0 / 15
INFO - 09/24/25 21:37:45 - 3:15:19 - number of examples in the dataset: 15
INFO - 09/24/25 21:37:45 - 3:15:19 - max word length: 66
INFO - 09/24/25 21:37:45 - 3:15:19 - number of unique characters in the vocabulary: 15
INFO - 09/24/25 21:37:45 - 3:15:19 - vocabulary:
INFO - 09/24/25 21:37:45 - 3:15:19 - ['V0', 'V1', 'V2', 'V3', 'V4', 'V5', 'V6', 'V7', 'V8', 'V9', 'V10', 'V11', 'V12', 'V13', 'V14']
INFO - 09/24/25 21:37:45 - 3:15:19 - split up the dataset into 14 training examples and 1 test examples
INFO - 09/24/25 21:37:45 - 3:15:19 - ============ Start of generation 10 ============
INFO - 09/24/25 21:37:45 - 3:15:19 - Memory allocated:  41.64MB, reserved: 1854.00MB
INFO - 09/24/25 21:37:45 - 3:15:19 - training
INFO - 09/24/25 21:37:45 - 3:15:20 - step 0 | loss 6.5968 | step time 98.63ms
INFO - 09/24/25 21:37:54 - 3:15:29 - step 100 | loss 0.0532 | step time 92.50ms
INFO - 09/24/25 21:38:04 - 3:15:38 - step 200 | loss 0.0483 | step time 92.52ms
INFO - 09/24/25 21:38:13 - 3:15:47 - step 300 | loss 0.0459 | step time 92.62ms
INFO - 09/24/25 21:38:22 - 3:15:57 - step 400 | loss 0.0444 | step time 92.38ms
INFO - 09/24/25 21:38:32 - 3:16:06 - step 500 | loss 0.0448 | step time 92.82ms
INFO - 09/24/25 21:38:32 - 3:16:06 - step 500 train loss: 0.0461990125477314 test loss: 5.266578674316406
INFO - 09/24/25 21:38:32 - 3:16:06 - test loss 5.266578674316406 is the best so far, saving model to /home/yuebi/Project/dim11_run/dim11_run_23/7787/model.pt
INFO - 09/24/25 21:38:41 - 3:16:15 - step 600 | loss 0.0448 | step time 92.54ms
INFO - 09/24/25 21:38:50 - 3:16:24 - step 700 | loss 0.0463 | step time 92.58ms
INFO - 09/24/25 21:38:59 - 3:16:34 - step 800 | loss 0.0469 | step time 92.86ms
INFO - 09/24/25 21:39:09 - 3:16:43 - step 900 | loss 0.0461 | step time 92.69ms
INFO - 09/24/25 21:39:18 - 3:16:52 - Memory allocated:  41.64MB, reserved: 1854.00MB
INFO - 09/24/25 21:39:18 - 3:16:52 - generating
INFO - 09/24/25 21:59:12 - 3:36:46 - distribution of sample lengths: average: 179.37356666666668 max: 414
INFO - 09/24/25 21:59:12 - 3:36:46 - printed 30000 samples
INFO - 09/24/25 21:59:12 - 3:36:46 - decoding
INFO - 09/24/25 21:59:12 - 3:36:47 - Decoding complete. Check the output in /home/yuebi/Project/dim11_run/dim11_run_23/7787/transformer-output-decoded.txt
INFO - 09/24/25 21:59:12 - 3:36:47 - Memory allocated:  41.64MB, reserved: 1854.00MB
INFO - 09/24/25 21:59:12 - 3:36:47 - ============ End of generation 10 ============
INFO - 09/24/25 21:59:12 - 3:36:47 - launching search.jl
INFO - 09/24/25 21:59:12 - 3:36:47 - JULIA_NUM_THREADS is set to 1
INFO - 09/24/25 21:59:12 - 3:36:47 - Skipping line due to error: Expected 11 elements, got 10
INFO - 09/24/25 21:59:12 - 3:36:47 - Skipping line due to error: Expected 11 elements, got 10
INFO - 09/24/25 21:59:12 - 3:36:47 - Skipping line due to error: setting an array element with a sequence. The requested array has an inhomogeneous shape after 1 dimensions. The detected shape was (11,) + inhomogeneous part.
INFO - 09/24/25 21:59:12 - 3:36:47 - Skipping line due to error: Expected 11 elements, got 9
INFO - 09/24/25 21:59:12 - 3:36:47 - Skipping line due to error: Expected 11 elements, got 12
INFO - 09/24/25 21:59:12 - 3:36:47 - Skipping line due to error: Expected 11 elements, got 13
INFO - 09/24/25 21:59:12 - 3:36:47 - Skipping line due to error: Expected 11 elements, got 9
INFO - 09/24/25 21:59:12 - 3:36:47 - Skipping line due to error: Expected 11 elements, got 2
INFO - 09/24/25 21:59:12 - 3:36:47 - Skipping line due to error: Expected 11 elements, got 13
INFO - 09/24/25 21:59:12 - 3:36:47 - Skipping line due to error: Expected 11 elements, got 12
INFO - 09/24/25 21:59:12 - 3:36:47 - Skipping line due to error: setting an array element with a sequence. The requested array has an inhomogeneous shape after 1 dimensions. The detected shape was (11,) + inhomogeneous part.
INFO - 09/24/25 21:59:12 - 3:36:47 - Skipping line due to error: Expected 11 elements, got 10
INFO - 09/24/25 21:59:12 - 3:36:47 - Skipping line due to error: Expected 11 elements, got 2
INFO - 09/24/25 21:59:12 - 3:36:47 - Skipping line due to error: Expected 11 elements, got 9
INFO - 09/24/25 21:59:12 - 3:36:47 - Skipping line due to error: Expected 11 elements, got 12
INFO - 09/24/25 21:59:12 - 3:36:47 - Skipping line due to error: setting an array element with a sequence. The requested array has an inhomogeneous shape after 1 dimensions. The detected shape was (11,) + inhomogeneous part.
INFO - 09/24/25 21:59:12 - 3:36:47 - Skipping line due to error: Expected 11 elements, got 12
INFO - 09/24/25 21:59:12 - 3:36:47 - Skipping line due to error: Expected 11 elements, got 9
INFO - 09/24/25 21:59:12 - 3:36:47 - Skipping line due to error: Expected 11 elements, got 19
INFO - 09/24/25 21:59:12 - 3:36:47 - Skipping line due to error: Expected 11 elements, got 10
INFO - 09/24/25 21:59:12 - 3:36:47 - Skipping line due to error: Expected 11 elements, got 9
INFO - 09/24/25 21:59:12 - 3:36:47 - Skipping line due to error: Expected 11 elements, got 10
INFO - 09/24/25 21:59:13 - 3:36:47 - Skipping line due to error: Expected 11 elements, got 9
INFO - 09/24/25 21:59:13 - 3:36:47 - Skipping line due to error: Expected 11 elements, got 13
INFO - 09/24/25 21:59:13 - 3:36:47 - Skipping line due to error: Expected 11 elements, got 13
INFO - 09/24/25 21:59:13 - 3:36:47 - Skipping line due to error: Expected 11 elements, got 12
INFO - 09/24/25 21:59:13 - 3:36:47 - Skipping line due to error: setting an array element with a sequence. The requested array has an inhomogeneous shape after 1 dimensions. The detected shape was (11,) + inhomogeneous part.
INFO - 09/24/25 21:59:13 - 3:36:47 - Skipping line due to error: Expected 11 elements, got 12
INFO - 09/24/25 21:59:13 - 3:36:47 - Skipping line due to error: setting an array element with a sequence. The requested array has an inhomogeneous shape after 1 dimensions. The detected shape was (11,) + inhomogeneous part.
INFO - 09/24/25 21:59:13 - 3:36:47 - Skipping line due to error: Expected 11 elements, got 12
INFO - 09/24/25 21:59:13 - 3:36:47 - Skipping line due to error: Expected 11 elements, got 21
INFO - 09/24/25 21:59:13 - 3:36:47 - Skipping line due to error: setting an array element with a sequence. The requested array has an inhomogeneous shape after 1 dimensions. The detected shape was (11,) + inhomogeneous part.
INFO - 09/24/25 21:59:13 - 3:36:47 - Skipping line due to error: Expected 11 elements, got 10
INFO - 09/24/25 21:59:13 - 3:36:47 - Skipping line due to error: Expected 11 elements, got 12
INFO - 09/24/25 21:59:13 - 3:36:47 - Skipping line due to error: Expected 11 elements, got 10
INFO - 09/24/25 21:59:13 - 3:36:47 - Skipping line due to error: Expected 11 elements, got 10
INFO - 09/24/25 21:59:13 - 3:36:47 - Skipping line due to error: Expected 11 elements, got 9
INFO - 09/24/25 21:59:13 - 3:36:47 - Skipping line due to error: Expected 11 elements, got 9
INFO - 09/24/25 21:59:13 - 3:36:47 - Skipping line due to error: setting an array element with a sequence. The requested array has an inhomogeneous shape after 1 dimensions. The detected shape was (11,) + inhomogeneous part.
INFO - 09/24/25 21:59:13 - 3:36:47 - Skipping line due to error: setting an array element with a sequence. The requested array has an inhomogeneous shape after 1 dimensions. The detected shape was (11,) + inhomogeneous part.
INFO - 09/24/25 21:59:13 - 3:36:47 - Skipping line due to error: Expected 11 elements, got 13
INFO - 09/24/25 21:59:13 - 3:36:47 - Skipping line due to error: Expected 11 elements, got 10
INFO - 09/24/25 21:59:13 - 3:36:47 - Skipping line due to error: setting an array element with a sequence. The requested array has an inhomogeneous shape after 1 dimensions. The detected shape was (11,) + inhomogeneous part.
INFO - 09/24/25 21:59:13 - 3:36:47 - Skipping line due to error: Expected 11 elements, got 1
INFO - 09/24/25 21:59:13 - 3:36:47 - Skipping line due to error: Expected 11 elements, got 12
INFO - 09/24/25 21:59:13 - 3:36:47 - Skipping line due to error: Expected 11 elements, got 12
INFO - 09/24/25 21:59:13 - 3:36:47 - Skipping line due to error: Expected 11 elements, got 9
INFO - 09/24/25 21:59:13 - 3:36:47 - Skipping line due to error: Expected 11 elements, got 10
INFO - 09/24/25 21:59:13 - 3:36:47 - Skipping line due to error: setting an array element with a sequence. The requested array has an inhomogeneous shape after 1 dimensions. The detected shape was (11,) + inhomogeneous part.
INFO - 09/24/25 21:59:13 - 3:36:47 - Skipping line due to error: setting an array element with a sequence. The requested array has an inhomogeneous shape after 1 dimensions. The detected shape was (11,) + inhomogeneous part.
INFO - 09/24/25 21:59:13 - 3:36:47 - Skipping line due to error: setting an array element with a sequence. The requested array has an inhomogeneous shape after 1 dimensions. The detected shape was (11,) + inhomogeneous part.
INFO - 09/24/25 21:59:13 - 3:36:47 - Skipping line due to error: setting an array element with a sequence. The requested array has an inhomogeneous shape after 1 dimensions. The detected shape was (11,) + inhomogeneous part.
INFO - 09/24/25 21:59:13 - 3:36:47 - Skipping line due to error: setting an array element with a sequence. The requested array has an inhomogeneous shape after 1 dimensions. The detected shape was (11,) + inhomogeneous part.
INFO - 09/24/25 21:59:13 - 3:36:47 - Skipping line due to error: Expected 11 elements, got 12
INFO - 09/24/25 21:59:13 - 3:36:47 - Skipping line due to error: Expected 11 elements, got 13
INFO - 09/24/25 21:59:13 - 3:36:47 - Skipping line due to error: Expected 11 elements, got 12
INFO - 09/24/25 21:59:13 - 3:36:47 - Skipping line due to error: Expected 11 elements, got 12
INFO - 09/24/25 21:59:13 - 3:36:47 - Skipping line due to error: Expected 11 elements, got 13
INFO - 09/24/25 21:59:13 - 3:36:47 - Skipping line due to error: setting an array element with a sequence. The requested array has an inhomogeneous shape after 1 dimensions. The detected shape was (11,) + inhomogeneous part.
INFO - 09/24/25 21:59:13 - 3:36:47 - Skipping line due to error: setting an array element with a sequence. The requested array has an inhomogeneous shape after 1 dimensions. The detected shape was (11,) + inhomogeneous part.
INFO - 09/24/25 21:59:13 - 3:36:47 - Skipping line due to error: Expected 11 elements, got 12
INFO - 09/24/25 21:59:13 - 3:36:47 - Skipping line due to error: Expected 11 elements, got 13
INFO - 09/24/25 21:59:13 - 3:36:47 - Skipping line due to error: Expected 11 elements, got 12
INFO - 09/24/25 21:59:13 - 3:36:47 - Skipping line due to error: Expected 11 elements, got 9
INFO - 09/24/25 21:59:13 - 3:36:47 - Skipping line due to error: setting an array element with a sequence. The requested array has an inhomogeneous shape after 1 dimensions. The detected shape was (11,) + inhomogeneous part.
INFO - 09/24/25 21:59:13 - 3:36:47 - Skipping line due to error: Expected 11 elements, got 12
INFO - 09/24/25 21:59:13 - 3:36:47 - Skipping line due to error: setting an array element with a sequence. The requested array has an inhomogeneous shape after 1 dimensions. The detected shape was (11,) + inhomogeneous part.
INFO - 09/24/25 21:59:13 - 3:36:47 - Skipping line due to error: setting an array element with a sequence. The requested array has an inhomogeneous shape after 1 dimensions. The detected shape was (11,) + inhomogeneous part.
INFO - 09/24/25 21:59:13 - 3:36:47 - Skipping line due to error: setting an array element with a sequence. The requested array has an inhomogeneous shape after 1 dimensions. The detected shape was (11,) + inhomogeneous part.
INFO - 09/24/25 21:59:13 - 3:36:47 - Skipping line due to error: Expected 11 elements, got 10
INFO - 09/24/25 21:59:13 - 3:36:47 - Skipping line due to error: Expected 11 elements, got 12
INFO - 09/24/25 21:59:13 - 3:36:47 - Skipping line due to error: Expected 11 elements, got 12
INFO - 09/24/25 21:59:13 - 3:36:47 - Skipping line due to error: setting an array element with a sequence. The requested array has an inhomogeneous shape after 1 dimensions. The detected shape was (11,) + inhomogeneous part.
INFO - 09/24/25 21:59:13 - 3:36:47 - Skipping line due to error: Expected 11 elements, got 14
INFO - 09/24/25 21:59:13 - 3:36:47 - Skipping line due to error: Expected 11 elements, got 24
INFO - 09/24/25 21:59:13 - 3:36:47 - Skipping line due to error: setting an array element with a sequence. The requested array has an inhomogeneous shape after 1 dimensions. The detected shape was (11,) + inhomogeneous part.
INFO - 09/24/25 21:59:13 - 3:36:47 - Skipping line due to error: setting an array element with a sequence. The requested array has an inhomogeneous shape after 1 dimensions. The detected shape was (11,) + inhomogeneous part.
INFO - 09/24/25 21:59:13 - 3:36:47 - Skipping line due to error: Expected 11 elements, got 9
INFO - 09/24/25 21:59:13 - 3:36:47 - Skipping line due to error: Expected 11 elements, got 10
INFO - 09/24/25 21:59:13 - 3:36:47 - Skipping line due to error: setting an array element with a sequence. The requested array has an inhomogeneous shape after 1 dimensions. The detected shape was (11,) + inhomogeneous part.
INFO - 09/24/25 21:59:13 - 3:36:47 - Skipping line due to error: Expected 11 elements, got 12
INFO - 09/24/25 21:59:13 - 3:36:47 - Skipping line due to error: Expected 11 elements, got 13
INFO - 09/24/25 21:59:13 - 3:36:47 - Skipping line due to error: Expected 11 elements, got 13
INFO - 09/24/25 21:59:13 - 3:36:47 - Skipping line due to error: setting an array element with a sequence. The requested array has an inhomogeneous shape after 1 dimensions. The detected shape was (11,) + inhomogeneous part.
INFO - 09/24/25 21:59:13 - 3:36:47 - Skipping line due to error: Expected 11 elements, got 12
INFO - 09/24/25 21:59:13 - 3:36:47 - Skipping line due to error: Expected 11 elements, got 9
INFO - 09/24/25 21:59:13 - 3:36:47 - Skipping line due to error: Expected 11 elements, got 9
INFO - 09/24/25 21:59:13 - 3:36:47 - Skipping line due to error: Expected 11 elements, got 13
INFO - 09/24/25 21:59:13 - 3:36:47 - Skipping line due to error: Expected 11 elements, got 12
INFO - 09/24/25 21:59:13 - 3:36:47 - Skipping line due to error: Expected 11 elements, got 13
INFO - 09/24/25 21:59:13 - 3:36:47 - Skipping line due to error: setting an array element with a sequence. The requested array has an inhomogeneous shape after 1 dimensions. The detected shape was (11,) + inhomogeneous part.
INFO - 09/24/25 21:59:13 - 3:36:47 - Skipping line due to error: Expected 11 elements, got 22
INFO - 09/24/25 21:59:13 - 3:36:47 - Skipping line due to error: Expected 11 elements, got 12
INFO - 09/24/25 21:59:13 - 3:36:47 - Skipping line due to error: Expected 11 elements, got 12
INFO - 09/24/25 21:59:13 - 3:36:47 - Skipping line due to error: Expected 11 elements, got 9
INFO - 09/24/25 21:59:13 - 3:36:47 - Skipping line due to error: Expected 11 elements, got 13
INFO - 09/24/25 21:59:13 - 3:36:47 - Skipping line due to error: setting an array element with a sequence. The requested array has an inhomogeneous shape after 1 dimensions. The detected shape was (11,) + inhomogeneous part.
INFO - 09/24/25 21:59:13 - 3:36:47 - Skipping line due to error: setting an array element with a sequence. The requested array has an inhomogeneous shape after 1 dimensions. The detected shape was (11,) + inhomogeneous part.
INFO - 09/24/25 21:59:13 - 3:36:47 - Skipping line due to error: setting an array element with a sequence. The requested array has an inhomogeneous shape after 1 dimensions. The detected shape was (11,) + inhomogeneous part.
INFO - 09/24/25 21:59:13 - 3:36:47 - Skipping line due to error: Expected 11 elements, got 12
INFO - 09/24/25 21:59:13 - 3:36:47 - Skipping line due to error: Expected 11 elements, got 12
INFO - 09/24/25 21:59:13 - 3:36:47 - Skipping line due to error: setting an array element with a sequence. The requested array has an inhomogeneous shape after 1 dimensions. The detected shape was (11,) + inhomogeneous part.
INFO - 09/24/25 21:59:13 - 3:36:47 - Skipping line due to error: Expected 11 elements, got 12
INFO - 09/24/25 21:59:13 - 3:36:47 - Skipping line due to error: setting an array element with a sequence. The requested array has an inhomogeneous shape after 1 dimensions. The detected shape was (11,) + inhomogeneous part.
INFO - 09/24/25 21:59:13 - 3:36:47 - Skipping line due to error: Expected 11 elements, got 12
INFO - 09/24/25 21:59:13 - 3:36:47 - Skipping line due to error: Expected 11 elements, got 12
INFO - 09/24/25 21:59:13 - 3:36:47 - Skipping line due to error: Expected 11 elements, got 14
INFO - 09/24/25 21:59:13 - 3:36:47 - Skipping line due to error: Expected 11 elements, got 4
INFO - 09/24/25 21:59:13 - 3:36:47 - Skipping line due to error: setting an array element with a sequence. The requested array has an inhomogeneous shape after 1 dimensions. The detected shape was (11,) + inhomogeneous part.
INFO - 09/24/25 21:59:13 - 3:36:47 - Skipping line due to error: Expected 11 elements, got 10
INFO - 09/24/25 21:59:13 - 3:36:47 - Skipping line due to error: setting an array element with a sequence. The requested array has an inhomogeneous shape after 1 dimensions. The detected shape was (11,) + inhomogeneous part.
INFO - 09/24/25 21:59:13 - 3:36:47 - Skipping line due to error: Expected 11 elements, got 13
INFO - 09/24/25 21:59:13 - 3:36:47 - Skipping line due to error: Expected 11 elements, got 13
INFO - 09/24/25 21:59:13 - 3:36:47 - Skipping line due to error: Expected 11 elements, got 13
INFO - 09/24/25 21:59:13 - 3:36:47 - Skipping line due to error: Expected 11 elements, got 10
INFO - 09/24/25 21:59:13 - 3:36:47 - Skipping line due to error: setting an array element with a sequence. The requested array has an inhomogeneous shape after 1 dimensions. The detected shape was (11,) + inhomogeneous part.
INFO - 09/24/25 21:59:13 - 3:36:47 - Skipping line due to error: Expected 11 elements, got 20
INFO - 09/24/25 21:59:13 - 3:36:47 - Skipping line due to error: Expected 11 elements, got 12
INFO - 09/24/25 21:59:13 - 3:36:47 - Skipping line due to error: Expected 11 elements, got 12
INFO - 09/24/25 21:59:13 - 3:36:47 - Skipping line due to error: Expected 11 elements, got 12
INFO - 09/24/25 21:59:13 - 3:36:47 - Skipping line due to error: setting an array element with a sequence. The requested array has an inhomogeneous shape after 1 dimensions. The detected shape was (11,) + inhomogeneous part.
INFO - 09/24/25 21:59:13 - 3:36:47 - Skipping line due to error: setting an array element with a sequence. The requested array has an inhomogeneous shape after 1 dimensions. The detected shape was (11,) + inhomogeneous part.
INFO - 09/24/25 21:59:13 - 3:36:47 - Skipping line due to error: setting an array element with a sequence. The requested array has an inhomogeneous shape after 1 dimensions. The detected shape was (11,) + inhomogeneous part.
INFO - 09/24/25 21:59:13 - 3:36:47 - Skipping line due to error: Expected 11 elements, got 3
INFO - 09/24/25 21:59:13 - 3:36:47 - Skipping line due to error: Expected 11 elements, got 12
INFO - 09/24/25 21:59:13 - 3:36:47 - Skipping line due to error: Expected 11 elements, got 13
INFO - 09/24/25 21:59:13 - 3:36:47 - Skipping line due to error: Expected 11 elements, got 10
INFO - 09/24/25 21:59:13 - 3:36:47 - Skipping line due to error: Expected 11 elements, got 13
INFO - 09/24/25 21:59:13 - 3:36:47 - Skipping line due to error: Expected 11 elements, got 9
INFO - 09/24/25 21:59:13 - 3:36:47 - Skipping line due to error: Expected 11 elements, got 13
INFO - 09/24/25 21:59:13 - 3:36:47 - Skipping line due to error: Expected 11 elements, got 13
INFO - 09/24/25 21:59:13 - 3:36:47 - Skipping line due to error: setting an array element with a sequence. The requested array has an inhomogeneous shape after 1 dimensions. The detected shape was (11,) + inhomogeneous part.
INFO - 09/24/25 21:59:13 - 3:36:47 - Skipping line due to error: setting an array element with a sequence. The requested array has an inhomogeneous shape after 1 dimensions. The detected shape was (11,) + inhomogeneous part.
INFO - 09/24/25 21:59:13 - 3:36:47 - Skipping line due to error: setting an array element with a sequence. The requested array has an inhomogeneous shape after 1 dimensions. The detected shape was (11,) + inhomogeneous part.
INFO - 09/24/25 21:59:13 - 3:36:47 - Skipping line due to error: setting an array element with a sequence. The requested array has an inhomogeneous shape after 1 dimensions. The detected shape was (11,) + inhomogeneous part.
INFO - 09/24/25 21:59:13 - 3:36:47 - Skipping line due to error: Expected 11 elements, got 10
INFO - 09/24/25 21:59:13 - 3:36:47 - Skipping line due to error: setting an array element with a sequence. The requested array has an inhomogeneous shape after 1 dimensions. The detected shape was (11,) + inhomogeneous part.
INFO - 09/24/25 21:59:13 - 3:36:47 - Skipping line due to error: Expected 11 elements, got 10
INFO - 09/24/25 21:59:13 - 3:36:47 - Skipping line due to error: Expected 11 elements, got 13
INFO - 09/24/25 21:59:13 - 3:36:47 - Skipping line due to error: setting an array element with a sequence. The requested array has an inhomogeneous shape after 1 dimensions. The detected shape was (11,) + inhomogeneous part.
INFO - 09/24/25 21:59:13 - 3:36:47 - Skipping line due to error: Expected 11 elements, got 15
INFO - 09/24/25 21:59:13 - 3:36:47 - Skipping line due to error: setting an array element with a sequence. The requested array has an inhomogeneous shape after 1 dimensions. The detected shape was (11,) + inhomogeneous part.
INFO - 09/24/25 21:59:13 - 3:36:47 - Skipping line due to error: Expected 11 elements, got 13
INFO - 09/24/25 21:59:13 - 3:36:47 - Skipping line due to error: Expected 11 elements, got 12
INFO - 09/24/25 21:59:13 - 3:36:47 - Skipping line due to error: setting an array element with a sequence. The requested array has an inhomogeneous shape after 1 dimensions. The detected shape was (11,) + inhomogeneous part.
INFO - 09/24/25 21:59:13 - 3:36:47 - Skipping line due to error: setting an array element with a sequence. The requested array has an inhomogeneous shape after 1 dimensions. The detected shape was (11,) + inhomogeneous part.
INFO - 09/24/25 21:59:13 - 3:36:47 - Skipping line due to error: setting an array element with a sequence. The requested array has an inhomogeneous shape after 1 dimensions. The detected shape was (11,) + inhomogeneous part.
INFO - 09/24/25 21:59:13 - 3:36:47 - Skipping line due to error: setting an array element with a sequence. The requested array has an inhomogeneous shape after 1 dimensions. The detected shape was (11,) + inhomogeneous part.
INFO - 09/24/25 21:59:13 - 3:36:47 - Skipping line due to error: setting an array element with a sequence. The requested array has an inhomogeneous shape after 1 dimensions. The detected shape was (11,) + inhomogeneous part.
INFO - 09/24/25 21:59:13 - 3:36:47 - Skipping line due to error: Expected 11 elements, got 12
INFO - 09/24/25 21:59:13 - 3:36:47 - Skipping line due to error: Expected 11 elements, got 12
INFO - 09/24/25 21:59:13 - 3:36:47 - Skipping line due to error: Expected 11 elements, got 10
INFO - 09/24/25 21:59:13 - 3:36:47 - Skipping line due to error: Expected 11 elements, got 10
INFO - 09/24/25 21:59:13 - 3:36:47 - Skipping line due to error: Expected 11 elements, got 13
INFO - 09/24/25 21:59:13 - 3:36:47 - Skipping line due to error: Expected 11 elements, got 12
INFO - 09/24/25 21:59:13 - 3:36:47 - Skipping line due to error: Expected 11 elements, got 12
INFO - 09/24/25 21:59:13 - 3:36:47 - Skipping line due to error: Expected 11 elements, got 9
INFO - 09/24/25 21:59:13 - 3:36:47 - Skipping line due to error: Expected 11 elements, got 9
INFO - 09/24/25 21:59:13 - 3:36:47 - Skipping line due to error: Expected 11 elements, got 12
INFO - 09/24/25 21:59:13 - 3:36:47 - Skipping line due to error: Expected 11 elements, got 13
INFO - 09/24/25 21:59:13 - 3:36:47 - Skipping line due to error: Expected 11 elements, got 10
INFO - 09/24/25 21:59:13 - 3:36:47 - Skipping line due to error: setting an array element with a sequence. The requested array has an inhomogeneous shape after 1 dimensions. The detected shape was (11,) + inhomogeneous part.
INFO - 09/24/25 21:59:13 - 3:36:47 - Skipping line due to error: setting an array element with a sequence. The requested array has an inhomogeneous shape after 1 dimensions. The detected shape was (11,) + inhomogeneous part.
INFO - 09/24/25 21:59:13 - 3:36:47 - Skipping line due to error: Expected 11 elements, got 10
INFO - 09/24/25 21:59:13 - 3:36:47 - Skipping line due to error: setting an array element with a sequence. The requested array has an inhomogeneous shape after 1 dimensions. The detected shape was (11,) + inhomogeneous part.
INFO - 09/24/25 21:59:13 - 3:36:47 - Skipping line due to error: setting an array element with a sequence. The requested array has an inhomogeneous shape after 1 dimensions. The detected shape was (11,) + inhomogeneous part.
INFO - 09/24/25 21:59:13 - 3:36:47 - Skipping line due to error: Expected 11 elements, got 9
INFO - 09/24/25 21:59:13 - 3:36:47 - Skipping line due to error: Expected 11 elements, got 9
INFO - 09/24/25 21:59:13 - 3:36:47 - Skipping line due to error: Expected 11 elements, got 10
INFO - 09/24/25 21:59:13 - 3:36:47 - Skipping line due to error: Expected 11 elements, got 12
INFO - 09/24/25 21:59:13 - 3:36:47 - Skipping line due to error: setting an array element with a sequence. The requested array has an inhomogeneous shape after 1 dimensions. The detected shape was (11,) + inhomogeneous part.
INFO - 09/24/25 21:59:13 - 3:36:47 - Skipping line due to error: Expected 11 elements, got 10
INFO - 09/24/25 21:59:13 - 3:36:47 - Skipping line due to error: Expected 11 elements, got 20
INFO - 09/24/25 21:59:13 - 3:36:47 - Skipping line due to error: Expected 11 elements, got 10
INFO - 09/24/25 21:59:13 - 3:36:47 - Skipping line due to error: Expected 11 elements, got 12
INFO - 09/24/25 21:59:13 - 3:36:47 - Skipping line due to error: setting an array element with a sequence. The requested array has an inhomogeneous shape after 1 dimensions. The detected shape was (11,) + inhomogeneous part.
INFO - 09/24/25 21:59:13 - 3:36:47 - Skipping line due to error: Expected 11 elements, got 12
INFO - 09/24/25 21:59:13 - 3:36:47 - Skipping line due to error: setting an array element with a sequence. The requested array has an inhomogeneous shape after 1 dimensions. The detected shape was (11,) + inhomogeneous part.
INFO - 09/24/25 21:59:13 - 3:36:47 - Skipping line due to error: setting an array element with a sequence. The requested array has an inhomogeneous shape after 1 dimensions. The detected shape was (11,) + inhomogeneous part.
INFO - 09/24/25 21:59:13 - 3:36:47 - Skipping line due to error: Expected 11 elements, got 23
INFO - 09/24/25 21:59:13 - 3:36:47 - Skipping line due to error: Expected 11 elements, got 9
INFO - 09/24/25 21:59:13 - 3:36:47 - Skipping line due to error: Expected 11 elements, got 12
INFO - 09/24/25 21:59:13 - 3:36:47 - Skipping line due to error: Expected 11 elements, got 12
INFO - 09/24/25 21:59:13 - 3:36:47 - Skipping line due to error: setting an array element with a sequence. The requested array has an inhomogeneous shape after 1 dimensions. The detected shape was (11,) + inhomogeneous part.
INFO - 09/24/25 21:59:13 - 3:36:47 - Skipping line due to error: Expected 11 elements, got 9
INFO - 09/24/25 21:59:13 - 3:36:47 - Skipping line due to error: Expected 11 elements, got 10
INFO - 09/24/25 21:59:13 - 3:36:47 - Skipping line due to error: setting an array element with a sequence. The requested array has an inhomogeneous shape after 1 dimensions. The detected shape was (11,) + inhomogeneous part.
INFO - 09/24/25 21:59:13 - 3:36:47 - Skipping line due to error: Expected 11 elements, got 12
INFO - 09/24/25 21:59:13 - 3:36:47 - Skipping line due to error: setting an array element with a sequence. The requested array has an inhomogeneous shape after 1 dimensions. The detected shape was (11,) + inhomogeneous part.
INFO - 09/24/25 21:59:13 - 3:36:47 - Skipping line due to error: Expected 11 elements, got 13
INFO - 09/24/25 21:59:13 - 3:36:47 - Skipping line due to error: setting an array element with a sequence. The requested array has an inhomogeneous shape after 1 dimensions. The detected shape was (11,) + inhomogeneous part.
INFO - 09/24/25 21:59:13 - 3:36:47 - Skipping line due to error: setting an array element with a sequence. The requested array has an inhomogeneous shape after 1 dimensions. The detected shape was (11,) + inhomogeneous part.
INFO - 09/24/25 21:59:13 - 3:36:47 - Skipping line due to error: Expected 11 elements, got 12
INFO - 09/24/25 21:59:13 - 3:36:47 - Skipping line due to error: Expected 11 elements, got 12
INFO - 09/24/25 21:59:13 - 3:36:47 - Skipping line due to error: Expected 11 elements, got 13
INFO - 09/24/25 21:59:13 - 3:36:47 - Skipping line due to error: setting an array element with a sequence. The requested array has an inhomogeneous shape after 1 dimensions. The detected shape was (11,) + inhomogeneous part.
INFO - 09/24/25 21:59:13 - 3:36:47 - Skipping line due to error: Expected 11 elements, got 10
INFO - 09/24/25 21:59:13 - 3:36:47 - Skipping line due to error: Expected 11 elements, got 14
INFO - 09/24/25 21:59:13 - 3:36:47 - Skipping line due to error: Expected 11 elements, got 9
INFO - 09/24/25 21:59:13 - 3:36:47 - Skipping line due to error: Expected 11 elements, got 10
INFO - 09/24/25 21:59:13 - 3:36:47 - Skipping line due to error: setting an array element with a sequence. The requested array has an inhomogeneous shape after 1 dimensions. The detected shape was (11,) + inhomogeneous part.
INFO - 09/24/25 21:59:13 - 3:36:47 - Skipping line due to error: Expected 11 elements, got 13
INFO - 09/24/25 21:59:13 - 3:36:47 - Skipping line due to error: Expected 11 elements, got 15
INFO - 09/24/25 21:59:13 - 3:36:47 - Skipping line due to error: setting an array element with a sequence. The requested array has an inhomogeneous shape after 1 dimensions. The detected shape was (11,) + inhomogeneous part.
INFO - 09/24/25 21:59:13 - 3:36:47 - Skipping line due to error: setting an array element with a sequence. The requested array has an inhomogeneous shape after 1 dimensions. The detected shape was (11,) + inhomogeneous part.
INFO - 09/24/25 21:59:13 - 3:36:47 - Skipping line due to error: Expected 11 elements, got 9
INFO - 09/24/25 21:59:13 - 3:36:47 - Skipping line due to error: setting an array element with a sequence. The requested array has an inhomogeneous shape after 1 dimensions. The detected shape was (11,) + inhomogeneous part.
INFO - 09/24/25 21:59:13 - 3:36:47 - Skipping line due to error: setting an array element with a sequence. The requested array has an inhomogeneous shape after 1 dimensions. The detected shape was (11,) + inhomogeneous part.
INFO - 09/24/25 21:59:13 - 3:36:47 - Skipping line due to error: Expected 11 elements, got 24
INFO - 09/24/25 21:59:13 - 3:36:47 - Skipping line due to error: Expected 11 elements, got 12
INFO - 09/24/25 21:59:13 - 3:36:47 - Skipping line due to error: setting an array element with a sequence. The requested array has an inhomogeneous shape after 1 dimensions. The detected shape was (11,) + inhomogeneous part.
INFO - 09/24/25 21:59:13 - 3:36:47 - Skipping line due to error: Expected 11 elements, got 15
INFO - 09/24/25 21:59:13 - 3:36:47 - Skipping line due to error: Expected 11 elements, got 19
INFO - 09/24/25 21:59:13 - 3:36:47 - Skipping line due to error: Expected 11 elements, got 12
INFO - 09/24/25 21:59:13 - 3:36:47 - Skipping line due to error: Expected 11 elements, got 10
INFO - 09/24/25 21:59:13 - 3:36:47 - Skipping line due to error: Expected 11 elements, got 12
INFO - 09/24/25 21:59:13 - 3:36:47 - Skipping line due to error: Expected 11 elements, got 12
INFO - 09/24/25 21:59:13 - 3:36:47 - Skipping line due to error: setting an array element with a sequence. The requested array has an inhomogeneous shape after 1 dimensions. The detected shape was (11,) + inhomogeneous part.
INFO - 09/24/25 21:59:13 - 3:36:47 - Skipping line due to error: Expected 11 elements, got 10
INFO - 09/24/25 21:59:13 - 3:36:47 - Skipping line due to error: setting an array element with a sequence. The requested array has an inhomogeneous shape after 1 dimensions. The detected shape was (11,) + inhomogeneous part.
INFO - 09/24/25 21:59:13 - 3:36:47 - Skipping line due to error: setting an array element with a sequence. The requested array has an inhomogeneous shape after 1 dimensions. The detected shape was (11,) + inhomogeneous part.
INFO - 09/24/25 21:59:13 - 3:36:47 - Skipping line due to error: Expected 11 elements, got 16
INFO - 09/24/25 21:59:13 - 3:36:47 - Skipping line due to error: Expected 11 elements, got 14
INFO - 09/24/25 21:59:13 - 3:36:47 - Skipping line due to error: Expected 11 elements, got 9
INFO - 09/24/25 21:59:13 - 3:36:47 - Skipping line due to error: setting an array element with a sequence. The requested array has an inhomogeneous shape after 1 dimensions. The detected shape was (11,) + inhomogeneous part.
INFO - 09/24/25 21:59:13 - 3:36:47 - Skipping line due to error: setting an array element with a sequence. The requested array has an inhomogeneous shape after 1 dimensions. The detected shape was (11,) + inhomogeneous part.
INFO - 09/24/25 21:59:13 - 3:36:47 - Skipping line due to error: Expected 11 elements, got 10
INFO - 09/24/25 21:59:13 - 3:36:47 - Skipping line due to error: setting an array element with a sequence. The requested array has an inhomogeneous shape after 1 dimensions. The detected shape was (11,) + inhomogeneous part.
INFO - 09/24/25 21:59:13 - 3:36:47 - Skipping line due to error: setting an array element with a sequence. The requested array has an inhomogeneous shape after 1 dimensions. The detected shape was (11,) + inhomogeneous part.
INFO - 09/24/25 21:59:13 - 3:36:47 - Skipping line due to error: setting an array element with a sequence. The requested array has an inhomogeneous shape after 1 dimensions. The detected shape was (11,) + inhomogeneous part.
INFO - 09/24/25 21:59:13 - 3:36:47 - Skipping line due to error: setting an array element with a sequence. The requested array has an inhomogeneous shape after 1 dimensions. The detected shape was (11,) + inhomogeneous part.
INFO - 09/24/25 21:59:13 - 3:36:47 - Skipping line due to error: Expected 11 elements, got 10
INFO - 09/24/25 21:59:13 - 3:36:47 - Skipping line due to error: setting an array element with a sequence. The requested array has an inhomogeneous shape after 1 dimensions. The detected shape was (11,) + inhomogeneous part.
INFO - 09/24/25 21:59:13 - 3:36:47 - Skipping line due to error: setting an array element with a sequence. The requested array has an inhomogeneous shape after 1 dimensions. The detected shape was (11,) + inhomogeneous part.
INFO - 09/24/25 21:59:13 - 3:36:47 - Skipping line due to error: setting an array element with a sequence. The requested array has an inhomogeneous shape after 1 dimensions. The detected shape was (11,) + inhomogeneous part.
INFO - 09/24/25 21:59:13 - 3:36:47 - Skipping line due to error: Expected 11 elements, got 14
INFO - 09/24/25 21:59:13 - 3:36:47 - Skipping line due to error: Expected 11 elements, got 15
INFO - 09/24/25 21:59:13 - 3:36:47 - Skipping line due to error: setting an array element with a sequence. The requested array has an inhomogeneous shape after 1 dimensions. The detected shape was (11,) + inhomogeneous part.
INFO - 09/24/25 21:59:13 - 3:36:47 - Skipping line due to error: setting an array element with a sequence. The requested array has an inhomogeneous shape after 1 dimensions. The detected shape was (11,) + inhomogeneous part.
INFO - 09/24/25 21:59:13 - 3:36:47 - Skipping line due to error: setting an array element with a sequence. The requested array has an inhomogeneous shape after 1 dimensions. The detected shape was (11,) + inhomogeneous part.
INFO - 09/24/25 21:59:13 - 3:36:47 - Skipping line due to error: setting an array element with a sequence. The requested array has an inhomogeneous shape after 1 dimensions. The detected shape was (11,) + inhomogeneous part.
INFO - 09/24/25 21:59:13 - 3:36:47 - Skipping line due to error: Expected 11 elements, got 13
INFO - 09/24/25 21:59:13 - 3:36:47 - Skipping line due to error: setting an array element with a sequence. The requested array has an inhomogeneous shape after 1 dimensions. The detected shape was (11,) + inhomogeneous part.
INFO - 09/24/25 21:59:13 - 3:36:47 - Skipping line due to error: setting an array element with a sequence. The requested array has an inhomogeneous shape after 1 dimensions. The detected shape was (11,) + inhomogeneous part.
INFO - 09/24/25 21:59:13 - 3:36:47 - Skipping line due to error: Expected 11 elements, got 10
INFO - 09/24/25 21:59:13 - 3:36:47 - Skipping line due to error: Expected 11 elements, got 10
INFO - 09/24/25 21:59:13 - 3:36:47 - Skipping line due to error: setting an array element with a sequence. The requested array has an inhomogeneous shape after 1 dimensions. The detected shape was (11,) + inhomogeneous part.
INFO - 09/24/25 21:59:13 - 3:36:47 - Skipping line due to error: Expected 11 elements, got 10
INFO - 09/24/25 21:59:13 - 3:36:47 - Skipping line due to error: setting an array element with a sequence. The requested array has an inhomogeneous shape after 1 dimensions. The detected shape was (11,) + inhomogeneous part.
INFO - 09/24/25 21:59:13 - 3:36:47 - Skipping line due to error: setting an array element with a sequence. The requested array has an inhomogeneous shape after 1 dimensions. The detected shape was (11,) + inhomogeneous part.
INFO - 09/24/25 21:59:13 - 3:36:47 - Skipping line due to error: Expected 11 elements, got 12
INFO - 09/24/25 21:59:13 - 3:36:47 - Skipping line due to error: setting an array element with a sequence. The requested array has an inhomogeneous shape after 1 dimensions. The detected shape was (11,) + inhomogeneous part.
INFO - 09/24/25 21:59:13 - 3:36:47 - Skipping line due to error: Expected 11 elements, got 16
INFO - 09/24/25 21:59:13 - 3:36:47 - Skipping line due to error: Expected 11 elements, got 12
INFO - 09/24/25 21:59:13 - 3:36:47 - Skipping line due to error: Expected 11 elements, got 9
INFO - 09/24/25 21:59:13 - 3:36:47 - Skipping line due to error: Expected 11 elements, got 13
INFO - 09/24/25 21:59:13 - 3:36:47 - Skipping line due to error: Expected 11 elements, got 9
INFO - 09/24/25 21:59:13 - 3:36:47 - Skipping line due to error: Expected 11 elements, got 13
INFO - 09/24/25 21:59:13 - 3:36:47 - Skipping line due to error: Expected 11 elements, got 10
INFO - 09/24/25 21:59:13 - 3:36:47 - Skipping line due to error: Expected 11 elements, got 12
INFO - 09/24/25 21:59:13 - 3:36:47 - Skipping line due to error: Expected 11 elements, got 12
INFO - 09/24/25 21:59:13 - 3:36:47 - Skipping line due to error: setting an array element with a sequence. The requested array has an inhomogeneous shape after 1 dimensions. The detected shape was (11,) + inhomogeneous part.
INFO - 09/24/25 21:59:13 - 3:36:47 - Skipping line due to error: Expected 11 elements, got 13
INFO - 09/24/25 21:59:13 - 3:36:47 - Skipping line due to error: setting an array element with a sequence. The requested array has an inhomogeneous shape after 1 dimensions. The detected shape was (11,) + inhomogeneous part.
INFO - 09/24/25 21:59:13 - 3:36:47 - Skipping line due to error: Expected 11 elements, got 12
INFO - 09/24/25 21:59:18 - 3:36:52 - distribution of scores(all rounds)
INFO - 09/24/25 21:59:18 - 3:36:52 - Score:891.0, Count:1
                                     
INFO - 09/24/25 21:59:18 - 3:36:52 - Score:816.0, Count:2
                                     
INFO - 09/24/25 21:59:18 - 3:36:52 - Score:807.0, Count:1
                                     
INFO - 09/24/25 21:59:18 - 3:36:52 - Score:805.0, Count:1
                                     
INFO - 09/24/25 21:59:18 - 3:36:52 - Score:801.0, Count:1
                                     
INFO - 09/24/25 21:59:18 - 3:36:52 - Score:800.0, Count:1
                                     
INFO - 09/24/25 21:59:18 - 3:36:52 - Score:798.0, Count:3
                                     
INFO - 09/24/25 21:59:18 - 3:36:52 - Score:793.0, Count:1
                                     
INFO - 09/24/25 21:59:18 - 3:36:52 - Score:780.0, Count:1
                                     
INFO - 09/24/25 21:59:18 - 3:36:52 - Score:776.0, Count:1
                                     
INFO - 09/24/25 21:59:18 - 3:36:52 - Score:774.0, Count:1
                                     
INFO - 09/24/25 21:59:18 - 3:36:52 - Score:769.0, Count:1
                                     
INFO - 09/24/25 21:59:18 - 3:36:52 - Score:654.0, Count:0
                                     
INFO - 09/24/25 21:59:18 - 3:36:52 - Score:578.0, Count:0
                                     
INFO - 09/24/25 21:59:18 - 3:36:52 - Score:540.0, Count:0
                                     
INFO - 09/24/25 21:59:18 - 3:36:52 - tokenizing
INFO - 09/24/25 21:59:18 - 3:36:52 - Loading tokenizer from /home/yuebi/Project/dim11_run/dim11_run_23/7787/tokenizer_data/tokenizer.json...
INFO - 09/24/25 21:59:18 - 3:36:52 - 0 / 15
INFO - 09/24/25 21:59:18 - 3:36:52 - number of examples in the dataset: 15
INFO - 09/24/25 21:59:18 - 3:36:52 - max word length: 61
INFO - 09/24/25 21:59:18 - 3:36:52 - number of unique characters in the vocabulary: 15
INFO - 09/24/25 21:59:18 - 3:36:52 - vocabulary:
INFO - 09/24/25 21:59:18 - 3:36:52 - ['V0', 'V1', 'V2', 'V3', 'V4', 'V5', 'V6', 'V7', 'V8', 'V9', 'V10', 'V11', 'V12', 'V13', 'V14']
INFO - 09/24/25 21:59:18 - 3:36:52 - split up the dataset into 14 training examples and 1 test examples
INFO - 09/24/25 21:59:18 - 3:36:52 - ============ Start of generation 11 ============
INFO - 09/24/25 21:59:18 - 3:36:52 - Memory allocated:  41.64MB, reserved: 1854.00MB
INFO - 09/24/25 21:59:18 - 3:36:52 - training
INFO - 09/24/25 21:59:18 - 3:36:53 - step 0 | loss 6.4540 | step time 98.97ms
INFO - 09/24/25 21:59:28 - 3:37:02 - step 100 | loss 0.0734 | step time 93.80ms
INFO - 09/24/25 21:59:37 - 3:37:11 - step 200 | loss 0.0505 | step time 92.77ms
INFO - 09/24/25 21:59:46 - 3:37:21 - step 300 | loss 0.0475 | step time 92.59ms
INFO - 09/24/25 21:59:55 - 3:37:30 - step 400 | loss 0.0477 | step time 92.39ms
INFO - 09/24/25 22:00:05 - 3:37:39 - step 500 | loss 0.0465 | step time 92.62ms
INFO - 09/24/25 22:00:05 - 3:37:39 - step 500 train loss: 0.0471692718565464 test loss: 5.976987838745117
INFO - 09/24/25 22:00:05 - 3:37:39 - test loss 5.976987838745117 is the best so far, saving model to /home/yuebi/Project/dim11_run/dim11_run_23/7787/model.pt
INFO - 09/24/25 22:00:14 - 3:37:48 - step 600 | loss 0.0482 | step time 92.70ms
INFO - 09/24/25 22:00:23 - 3:37:58 - step 700 | loss 0.0479 | step time 92.66ms
INFO - 09/24/25 22:00:33 - 3:38:07 - step 800 | loss 0.0471 | step time 92.53ms
INFO - 09/24/25 22:00:42 - 3:38:16 - step 900 | loss 0.0469 | step time 92.53ms
INFO - 09/24/25 22:00:51 - 3:38:25 - Memory allocated:  41.64MB, reserved: 1854.00MB
INFO - 09/24/25 22:00:51 - 3:38:25 - generating
INFO - 09/24/25 22:20:45 - 3:58:20 - distribution of sample lengths: average: 177.02526666666665 max: 413
INFO - 09/24/25 22:20:45 - 3:58:20 - printed 30000 samples
INFO - 09/24/25 22:20:45 - 3:58:20 - decoding
INFO - 09/24/25 22:20:46 - 3:58:20 - Decoding complete. Check the output in /home/yuebi/Project/dim11_run/dim11_run_23/7787/transformer-output-decoded.txt
INFO - 09/24/25 22:20:46 - 3:58:20 - Memory allocated:  41.64MB, reserved: 1854.00MB
INFO - 09/24/25 22:20:46 - 3:58:20 - ============ End of generation 11 ============
INFO - 09/24/25 22:20:46 - 3:58:20 - launching search.jl
INFO - 09/24/25 22:20:46 - 3:58:20 - JULIA_NUM_THREADS is set to 1
INFO - 09/24/25 22:20:46 - 3:58:20 - Skipping line due to error: Expected 11 elements, got 12
INFO - 09/24/25 22:20:46 - 3:58:20 - Skipping line due to error: setting an array element with a sequence. The requested array has an inhomogeneous shape after 1 dimensions. The detected shape was (11,) + inhomogeneous part.
INFO - 09/24/25 22:20:46 - 3:58:20 - Skipping line due to error: Expected 11 elements, got 10
INFO - 09/24/25 22:20:46 - 3:58:20 - Skipping line due to error: Expected 11 elements, got 12
INFO - 09/24/25 22:20:46 - 3:58:20 - Skipping line due to error: Expected 11 elements, got 10
INFO - 09/24/25 22:20:46 - 3:58:20 - Skipping line due to error: Expected 11 elements, got 10
INFO - 09/24/25 22:20:46 - 3:58:20 - Skipping line due to error: Expected 11 elements, got 12
INFO - 09/24/25 22:20:46 - 3:58:20 - Skipping line due to error: setting an array element with a sequence. The requested array has an inhomogeneous shape after 1 dimensions. The detected shape was (11,) + inhomogeneous part.
INFO - 09/24/25 22:20:46 - 3:58:20 - Skipping line due to error: setting an array element with a sequence. The requested array has an inhomogeneous shape after 1 dimensions. The detected shape was (11,) + inhomogeneous part.
INFO - 09/24/25 22:20:46 - 3:58:20 - Skipping line due to error: setting an array element with a sequence. The requested array has an inhomogeneous shape after 1 dimensions. The detected shape was (11,) + inhomogeneous part.
INFO - 09/24/25 22:20:46 - 3:58:20 - Skipping line due to error: setting an array element with a sequence. The requested array has an inhomogeneous shape after 1 dimensions. The detected shape was (11,) + inhomogeneous part.
INFO - 09/24/25 22:20:46 - 3:58:20 - Skipping line due to error: Expected 11 elements, got 10
INFO - 09/24/25 22:20:46 - 3:58:20 - Skipping line due to error: Expected 11 elements, got 12
INFO - 09/24/25 22:20:46 - 3:58:20 - Skipping line due to error: Expected 11 elements, got 13
INFO - 09/24/25 22:20:46 - 3:58:20 - Skipping line due to error: setting an array element with a sequence. The requested array has an inhomogeneous shape after 1 dimensions. The detected shape was (11,) + inhomogeneous part.
INFO - 09/24/25 22:20:46 - 3:58:20 - Skipping line due to error: Expected 11 elements, got 9
INFO - 09/24/25 22:20:46 - 3:58:20 - Skipping line due to error: Expected 11 elements, got 13
INFO - 09/24/25 22:20:46 - 3:58:20 - Skipping line due to error: setting an array element with a sequence. The requested array has an inhomogeneous shape after 1 dimensions. The detected shape was (11,) + inhomogeneous part.
INFO - 09/24/25 22:20:46 - 3:58:20 - Skipping line due to error: Expected 11 elements, got 13
INFO - 09/24/25 22:20:46 - 3:58:20 - Skipping line due to error: Expected 11 elements, got 9
INFO - 09/24/25 22:20:46 - 3:58:20 - Skipping line due to error: Expected 11 elements, got 12
INFO - 09/24/25 22:20:46 - 3:58:20 - Skipping line due to error: setting an array element with a sequence. The requested array has an inhomogeneous shape after 1 dimensions. The detected shape was (11,) + inhomogeneous part.
INFO - 09/24/25 22:20:46 - 3:58:20 - Skipping line due to error: setting an array element with a sequence. The requested array has an inhomogeneous shape after 1 dimensions. The detected shape was (11,) + inhomogeneous part.
INFO - 09/24/25 22:20:46 - 3:58:20 - Skipping line due to error: setting an array element with a sequence. The requested array has an inhomogeneous shape after 1 dimensions. The detected shape was (11,) + inhomogeneous part.
INFO - 09/24/25 22:20:46 - 3:58:20 - Skipping line due to error: Expected 11 elements, got 10
INFO - 09/24/25 22:20:46 - 3:58:20 - Skipping line due to error: setting an array element with a sequence. The requested array has an inhomogeneous shape after 1 dimensions. The detected shape was (11,) + inhomogeneous part.
INFO - 09/24/25 22:20:46 - 3:58:20 - Skipping line due to error: Expected 11 elements, got 9
INFO - 09/24/25 22:20:46 - 3:58:20 - Skipping line due to error: Expected 11 elements, got 12
INFO - 09/24/25 22:20:46 - 3:58:20 - Skipping line due to error: Expected 11 elements, got 10
INFO - 09/24/25 22:20:46 - 3:58:20 - Skipping line due to error: Expected 11 elements, got 8
INFO - 09/24/25 22:20:46 - 3:58:20 - Skipping line due to error: Expected 11 elements, got 10
INFO - 09/24/25 22:20:46 - 3:58:20 - Skipping line due to error: Expected 11 elements, got 12
INFO - 09/24/25 22:20:46 - 3:58:20 - Skipping line due to error: Expected 11 elements, got 9
INFO - 09/24/25 22:20:46 - 3:58:20 - Skipping line due to error: setting an array element with a sequence. The requested array has an inhomogeneous shape after 1 dimensions. The detected shape was (11,) + inhomogeneous part.
INFO - 09/24/25 22:20:46 - 3:58:20 - Skipping line due to error: setting an array element with a sequence. The requested array has an inhomogeneous shape after 1 dimensions. The detected shape was (11,) + inhomogeneous part.
INFO - 09/24/25 22:20:46 - 3:58:20 - Skipping line due to error: Expected 11 elements, got 9
INFO - 09/24/25 22:20:46 - 3:58:20 - Skipping line due to error: setting an array element with a sequence. The requested array has an inhomogeneous shape after 1 dimensions. The detected shape was (11,) + inhomogeneous part.
INFO - 09/24/25 22:20:46 - 3:58:20 - Skipping line due to error: setting an array element with a sequence. The requested array has an inhomogeneous shape after 1 dimensions. The detected shape was (11,) + inhomogeneous part.
INFO - 09/24/25 22:20:46 - 3:58:20 - Skipping line due to error: Expected 11 elements, got 10
INFO - 09/24/25 22:20:46 - 3:58:20 - Skipping line due to error: Expected 11 elements, got 10
INFO - 09/24/25 22:20:46 - 3:58:20 - Skipping line due to error: setting an array element with a sequence. The requested array has an inhomogeneous shape after 1 dimensions. The detected shape was (11,) + inhomogeneous part.
INFO - 09/24/25 22:20:46 - 3:58:20 - Skipping line due to error: setting an array element with a sequence. The requested array has an inhomogeneous shape after 1 dimensions. The detected shape was (11,) + inhomogeneous part.
INFO - 09/24/25 22:20:46 - 3:58:20 - Skipping line due to error: Expected 11 elements, got 13
INFO - 09/24/25 22:20:46 - 3:58:20 - Skipping line due to error: Expected 11 elements, got 9
INFO - 09/24/25 22:20:46 - 3:58:20 - Skipping line due to error: setting an array element with a sequence. The requested array has an inhomogeneous shape after 1 dimensions. The detected shape was (11,) + inhomogeneous part.
INFO - 09/24/25 22:20:46 - 3:58:20 - Skipping line due to error: setting an array element with a sequence. The requested array has an inhomogeneous shape after 1 dimensions. The detected shape was (11,) + inhomogeneous part.
INFO - 09/24/25 22:20:46 - 3:58:20 - Skipping line due to error: Expected 11 elements, got 10
INFO - 09/24/25 22:20:46 - 3:58:20 - Skipping line due to error: setting an array element with a sequence. The requested array has an inhomogeneous shape after 1 dimensions. The detected shape was (11,) + inhomogeneous part.
INFO - 09/24/25 22:20:46 - 3:58:20 - Skipping line due to error: setting an array element with a sequence. The requested array has an inhomogeneous shape after 1 dimensions. The detected shape was (11,) + inhomogeneous part.
INFO - 09/24/25 22:20:46 - 3:58:20 - Skipping line due to error: setting an array element with a sequence. The requested array has an inhomogeneous shape after 1 dimensions. The detected shape was (11,) + inhomogeneous part.
INFO - 09/24/25 22:20:46 - 3:58:20 - Skipping line due to error: Expected 11 elements, got 12
INFO - 09/24/25 22:20:46 - 3:58:20 - Skipping line due to error: Expected 11 elements, got 12
INFO - 09/24/25 22:20:46 - 3:58:20 - Skipping line due to error: setting an array element with a sequence. The requested array has an inhomogeneous shape after 1 dimensions. The detected shape was (11,) + inhomogeneous part.
INFO - 09/24/25 22:20:46 - 3:58:20 - Skipping line due to error: Expected 11 elements, got 12
INFO - 09/24/25 22:20:46 - 3:58:20 - Skipping line due to error: Expected 11 elements, got 1
INFO - 09/24/25 22:20:46 - 3:58:20 - Skipping line due to error: setting an array element with a sequence. The requested array has an inhomogeneous shape after 1 dimensions. The detected shape was (11,) + inhomogeneous part.
INFO - 09/24/25 22:20:46 - 3:58:20 - Skipping line due to error: Expected 11 elements, got 10
INFO - 09/24/25 22:20:46 - 3:58:20 - Skipping line due to error: Expected 11 elements, got 17
INFO - 09/24/25 22:20:46 - 3:58:20 - Skipping line due to error: Expected 11 elements, got 12
INFO - 09/24/25 22:20:46 - 3:58:20 - Skipping line due to error: Expected 11 elements, got 12
INFO - 09/24/25 22:20:46 - 3:58:20 - Skipping line due to error: setting an array element with a sequence. The requested array has an inhomogeneous shape after 1 dimensions. The detected shape was (11,) + inhomogeneous part.
INFO - 09/24/25 22:20:46 - 3:58:20 - Skipping line due to error: setting an array element with a sequence. The requested array has an inhomogeneous shape after 1 dimensions. The detected shape was (11,) + inhomogeneous part.
INFO - 09/24/25 22:20:46 - 3:58:20 - Skipping line due to error: setting an array element with a sequence. The requested array has an inhomogeneous shape after 1 dimensions. The detected shape was (11,) + inhomogeneous part.
INFO - 09/24/25 22:20:46 - 3:58:20 - Skipping line due to error: setting an array element with a sequence. The requested array has an inhomogeneous shape after 1 dimensions. The detected shape was (11,) + inhomogeneous part.
INFO - 09/24/25 22:20:46 - 3:58:20 - Skipping line due to error: setting an array element with a sequence. The requested array has an inhomogeneous shape after 1 dimensions. The detected shape was (11,) + inhomogeneous part.
INFO - 09/24/25 22:20:46 - 3:58:20 - Skipping line due to error: Expected 11 elements, got 10
INFO - 09/24/25 22:20:46 - 3:58:20 - Skipping line due to error: Expected 11 elements, got 12
INFO - 09/24/25 22:20:46 - 3:58:20 - Skipping line due to error: Expected 11 elements, got 9
INFO - 09/24/25 22:20:46 - 3:58:20 - Skipping line due to error: Expected 11 elements, got 12
INFO - 09/24/25 22:20:46 - 3:58:20 - Skipping line due to error: setting an array element with a sequence. The requested array has an inhomogeneous shape after 1 dimensions. The detected shape was (11,) + inhomogeneous part.
INFO - 09/24/25 22:20:46 - 3:58:20 - Skipping line due to error: Expected 11 elements, got 10
INFO - 09/24/25 22:20:46 - 3:58:20 - Skipping line due to error: setting an array element with a sequence. The requested array has an inhomogeneous shape after 1 dimensions. The detected shape was (11,) + inhomogeneous part.
INFO - 09/24/25 22:20:46 - 3:58:20 - Skipping line due to error: Expected 11 elements, got 12
INFO - 09/24/25 22:20:46 - 3:58:20 - Skipping line due to error: Expected 11 elements, got 9
INFO - 09/24/25 22:20:46 - 3:58:20 - Skipping line due to error: setting an array element with a sequence. The requested array has an inhomogeneous shape after 1 dimensions. The detected shape was (11,) + inhomogeneous part.
INFO - 09/24/25 22:20:46 - 3:58:20 - Skipping line due to error: Expected 11 elements, got 10
INFO - 09/24/25 22:20:46 - 3:58:20 - Skipping line due to error: Expected 11 elements, got 19
INFO - 09/24/25 22:20:46 - 3:58:20 - Skipping line due to error: setting an array element with a sequence. The requested array has an inhomogeneous shape after 1 dimensions. The detected shape was (11,) + inhomogeneous part.
INFO - 09/24/25 22:20:46 - 3:58:20 - Skipping line due to error: Expected 11 elements, got 12
INFO - 09/24/25 22:20:46 - 3:58:20 - Skipping line due to error: setting an array element with a sequence. The requested array has an inhomogeneous shape after 1 dimensions. The detected shape was (11,) + inhomogeneous part.
INFO - 09/24/25 22:20:46 - 3:58:20 - Skipping line due to error: setting an array element with a sequence. The requested array has an inhomogeneous shape after 1 dimensions. The detected shape was (11,) + inhomogeneous part.
INFO - 09/24/25 22:20:46 - 3:58:20 - Skipping line due to error: setting an array element with a sequence. The requested array has an inhomogeneous shape after 1 dimensions. The detected shape was (11,) + inhomogeneous part.
INFO - 09/24/25 22:20:46 - 3:58:20 - Skipping line due to error: Expected 11 elements, got 3
INFO - 09/24/25 22:20:46 - 3:58:20 - Skipping line due to error: setting an array element with a sequence. The requested array has an inhomogeneous shape after 1 dimensions. The detected shape was (11,) + inhomogeneous part.
INFO - 09/24/25 22:20:46 - 3:58:20 - Skipping line due to error: setting an array element with a sequence. The requested array has an inhomogeneous shape after 1 dimensions. The detected shape was (11,) + inhomogeneous part.
INFO - 09/24/25 22:20:46 - 3:58:20 - Skipping line due to error: Expected 11 elements, got 7
INFO - 09/24/25 22:20:46 - 3:58:20 - Skipping line due to error: setting an array element with a sequence. The requested array has an inhomogeneous shape after 1 dimensions. The detected shape was (11,) + inhomogeneous part.
INFO - 09/24/25 22:20:46 - 3:58:20 - Skipping line due to error: Expected 11 elements, got 1
INFO - 09/24/25 22:20:46 - 3:58:20 - Skipping line due to error: Expected 11 elements, got 12
INFO - 09/24/25 22:20:46 - 3:58:20 - Skipping line due to error: setting an array element with a sequence. The requested array has an inhomogeneous shape after 1 dimensions. The detected shape was (11,) + inhomogeneous part.
INFO - 09/24/25 22:20:46 - 3:58:20 - Skipping line due to error: setting an array element with a sequence. The requested array has an inhomogeneous shape after 1 dimensions. The detected shape was (11,) + inhomogeneous part.
INFO - 09/24/25 22:20:46 - 3:58:20 - Skipping line due to error: Expected 11 elements, got 10
INFO - 09/24/25 22:20:46 - 3:58:20 - Skipping line due to error: Expected 11 elements, got 13
INFO - 09/24/25 22:20:46 - 3:58:20 - Skipping line due to error: Expected 11 elements, got 10
INFO - 09/24/25 22:20:46 - 3:58:20 - Skipping line due to error: setting an array element with a sequence. The requested array has an inhomogeneous shape after 1 dimensions. The detected shape was (11,) + inhomogeneous part.
INFO - 09/24/25 22:20:46 - 3:58:20 - Skipping line due to error: setting an array element with a sequence. The requested array has an inhomogeneous shape after 1 dimensions. The detected shape was (11,) + inhomogeneous part.
INFO - 09/24/25 22:20:46 - 3:58:20 - Skipping line due to error: Expected 11 elements, got 12
INFO - 09/24/25 22:20:46 - 3:58:20 - Skipping line due to error: setting an array element with a sequence. The requested array has an inhomogeneous shape after 1 dimensions. The detected shape was (11,) + inhomogeneous part.
INFO - 09/24/25 22:20:46 - 3:58:20 - Skipping line due to error: setting an array element with a sequence. The requested array has an inhomogeneous shape after 1 dimensions. The detected shape was (11,) + inhomogeneous part.
INFO - 09/24/25 22:20:46 - 3:58:20 - Skipping line due to error: Expected 11 elements, got 9
INFO - 09/24/25 22:20:46 - 3:58:20 - Skipping line due to error: Expected 11 elements, got 12
INFO - 09/24/25 22:20:46 - 3:58:20 - Skipping line due to error: setting an array element with a sequence. The requested array has an inhomogeneous shape after 1 dimensions. The detected shape was (11,) + inhomogeneous part.
INFO - 09/24/25 22:20:46 - 3:58:20 - Skipping line due to error: Expected 11 elements, got 10
INFO - 09/24/25 22:20:46 - 3:58:20 - Skipping line due to error: setting an array element with a sequence. The requested array has an inhomogeneous shape after 1 dimensions. The detected shape was (11,) + inhomogeneous part.
INFO - 09/24/25 22:20:46 - 3:58:20 - Skipping line due to error: Expected 11 elements, got 13
INFO - 09/24/25 22:20:46 - 3:58:20 - Skipping line due to error: setting an array element with a sequence. The requested array has an inhomogeneous shape after 1 dimensions. The detected shape was (11,) + inhomogeneous part.
INFO - 09/24/25 22:20:46 - 3:58:20 - Skipping line due to error: Expected 11 elements, got 9
INFO - 09/24/25 22:20:46 - 3:58:20 - Skipping line due to error: setting an array element with a sequence. The requested array has an inhomogeneous shape after 1 dimensions. The detected shape was (11,) + inhomogeneous part.
INFO - 09/24/25 22:20:46 - 3:58:20 - Skipping line due to error: Expected 11 elements, got 10
INFO - 09/24/25 22:20:46 - 3:58:20 - Skipping line due to error: setting an array element with a sequence. The requested array has an inhomogeneous shape after 1 dimensions. The detected shape was (11,) + inhomogeneous part.
INFO - 09/24/25 22:20:46 - 3:58:20 - Skipping line due to error: setting an array element with a sequence. The requested array has an inhomogeneous shape after 1 dimensions. The detected shape was (11,) + inhomogeneous part.
INFO - 09/24/25 22:20:46 - 3:58:20 - Skipping line due to error: Expected 11 elements, got 10
INFO - 09/24/25 22:20:46 - 3:58:20 - Skipping line due to error: setting an array element with a sequence. The requested array has an inhomogeneous shape after 1 dimensions. The detected shape was (11,) + inhomogeneous part.
INFO - 09/24/25 22:20:46 - 3:58:20 - Skipping line due to error: Expected 11 elements, got 13
INFO - 09/24/25 22:20:46 - 3:58:20 - Skipping line due to error: setting an array element with a sequence. The requested array has an inhomogeneous shape after 1 dimensions. The detected shape was (11,) + inhomogeneous part.
INFO - 09/24/25 22:20:46 - 3:58:20 - Skipping line due to error: setting an array element with a sequence. The requested array has an inhomogeneous shape after 1 dimensions. The detected shape was (11,) + inhomogeneous part.
INFO - 09/24/25 22:20:46 - 3:58:20 - Skipping line due to error: setting an array element with a sequence. The requested array has an inhomogeneous shape after 1 dimensions. The detected shape was (11,) + inhomogeneous part.
INFO - 09/24/25 22:20:46 - 3:58:20 - Skipping line due to error: Expected 11 elements, got 9
INFO - 09/24/25 22:20:46 - 3:58:20 - Skipping line due to error: setting an array element with a sequence. The requested array has an inhomogeneous shape after 1 dimensions. The detected shape was (11,) + inhomogeneous part.
INFO - 09/24/25 22:20:46 - 3:58:20 - Skipping line due to error: setting an array element with a sequence. The requested array has an inhomogeneous shape after 1 dimensions. The detected shape was (11,) + inhomogeneous part.
INFO - 09/24/25 22:20:46 - 3:58:20 - Skipping line due to error: setting an array element with a sequence. The requested array has an inhomogeneous shape after 1 dimensions. The detected shape was (11,) + inhomogeneous part.
INFO - 09/24/25 22:20:46 - 3:58:20 - Skipping line due to error: setting an array element with a sequence. The requested array has an inhomogeneous shape after 1 dimensions. The detected shape was (11,) + inhomogeneous part.
INFO - 09/24/25 22:20:46 - 3:58:20 - Skipping line due to error: setting an array element with a sequence. The requested array has an inhomogeneous shape after 1 dimensions. The detected shape was (11,) + inhomogeneous part.
INFO - 09/24/25 22:20:46 - 3:58:20 - Skipping line due to error: Expected 11 elements, got 8
INFO - 09/24/25 22:20:46 - 3:58:20 - Skipping line due to error: setting an array element with a sequence. The requested array has an inhomogeneous shape after 1 dimensions. The detected shape was (11,) + inhomogeneous part.
INFO - 09/24/25 22:20:46 - 3:58:20 - Skipping line due to error: Expected 11 elements, got 10
INFO - 09/24/25 22:20:46 - 3:58:20 - Skipping line due to error: setting an array element with a sequence. The requested array has an inhomogeneous shape after 1 dimensions. The detected shape was (11,) + inhomogeneous part.
INFO - 09/24/25 22:20:46 - 3:58:20 - Skipping line due to error: setting an array element with a sequence. The requested array has an inhomogeneous shape after 1 dimensions. The detected shape was (11,) + inhomogeneous part.
INFO - 09/24/25 22:20:46 - 3:58:20 - Skipping line due to error: Expected 11 elements, got 12
INFO - 09/24/25 22:20:46 - 3:58:20 - Skipping line due to error: setting an array element with a sequence. The requested array has an inhomogeneous shape after 1 dimensions. The detected shape was (11,) + inhomogeneous part.
INFO - 09/24/25 22:20:46 - 3:58:20 - Skipping line due to error: setting an array element with a sequence. The requested array has an inhomogeneous shape after 1 dimensions. The detected shape was (11,) + inhomogeneous part.
INFO - 09/24/25 22:20:46 - 3:58:20 - Skipping line due to error: setting an array element with a sequence. The requested array has an inhomogeneous shape after 1 dimensions. The detected shape was (11,) + inhomogeneous part.
INFO - 09/24/25 22:20:46 - 3:58:20 - Skipping line due to error: setting an array element with a sequence. The requested array has an inhomogeneous shape after 1 dimensions. The detected shape was (11,) + inhomogeneous part.
INFO - 09/24/25 22:20:46 - 3:58:20 - Skipping line due to error: Expected 11 elements, got 15
INFO - 09/24/25 22:20:46 - 3:58:20 - Skipping line due to error: setting an array element with a sequence. The requested array has an inhomogeneous shape after 1 dimensions. The detected shape was (11,) + inhomogeneous part.
INFO - 09/24/25 22:20:46 - 3:58:20 - Skipping line due to error: setting an array element with a sequence. The requested array has an inhomogeneous shape after 1 dimensions. The detected shape was (11,) + inhomogeneous part.
INFO - 09/24/25 22:20:46 - 3:58:20 - Skipping line due to error: Expected 11 elements, got 10
INFO - 09/24/25 22:20:46 - 3:58:20 - Skipping line due to error: Expected 11 elements, got 12
INFO - 09/24/25 22:20:46 - 3:58:20 - Skipping line due to error: Expected 11 elements, got 10
INFO - 09/24/25 22:20:46 - 3:58:20 - Skipping line due to error: setting an array element with a sequence. The requested array has an inhomogeneous shape after 1 dimensions. The detected shape was (11,) + inhomogeneous part.
INFO - 09/24/25 22:20:46 - 3:58:20 - Skipping line due to error: Expected 11 elements, got 10
INFO - 09/24/25 22:20:46 - 3:58:20 - Skipping line due to error: Expected 11 elements, got 12
INFO - 09/24/25 22:20:46 - 3:58:20 - Skipping line due to error: setting an array element with a sequence. The requested array has an inhomogeneous shape after 1 dimensions. The detected shape was (11,) + inhomogeneous part.
INFO - 09/24/25 22:20:46 - 3:58:20 - Skipping line due to error: setting an array element with a sequence. The requested array has an inhomogeneous shape after 1 dimensions. The detected shape was (11,) + inhomogeneous part.
INFO - 09/24/25 22:20:46 - 3:58:20 - Skipping line due to error: Expected 11 elements, got 12
INFO - 09/24/25 22:20:46 - 3:58:20 - Skipping line due to error: Expected 11 elements, got 12
INFO - 09/24/25 22:20:46 - 3:58:20 - Skipping line due to error: setting an array element with a sequence. The requested array has an inhomogeneous shape after 1 dimensions. The detected shape was (11,) + inhomogeneous part.
INFO - 09/24/25 22:20:46 - 3:58:20 - Skipping line due to error: Expected 11 elements, got 9
INFO - 09/24/25 22:20:46 - 3:58:20 - Skipping line due to error: Expected 11 elements, got 13
INFO - 09/24/25 22:20:46 - 3:58:20 - Skipping line due to error: Expected 11 elements, got 10
INFO - 09/24/25 22:20:46 - 3:58:20 - Skipping line due to error: Expected 11 elements, got 9
INFO - 09/24/25 22:20:46 - 3:58:20 - Skipping line due to error: Expected 11 elements, got 14
INFO - 09/24/25 22:20:46 - 3:58:20 - Skipping line due to error: Expected 11 elements, got 10
INFO - 09/24/25 22:20:46 - 3:58:20 - Skipping line due to error: Expected 11 elements, got 10
INFO - 09/24/25 22:20:46 - 3:58:20 - Skipping line due to error: setting an array element with a sequence. The requested array has an inhomogeneous shape after 1 dimensions. The detected shape was (11,) + inhomogeneous part.
INFO - 09/24/25 22:20:46 - 3:58:20 - Skipping line due to error: Expected 11 elements, got 9
INFO - 09/24/25 22:20:46 - 3:58:20 - Skipping line due to error: Expected 11 elements, got 10
INFO - 09/24/25 22:20:46 - 3:58:20 - Skipping line due to error: setting an array element with a sequence. The requested array has an inhomogeneous shape after 1 dimensions. The detected shape was (11,) + inhomogeneous part.
INFO - 09/24/25 22:20:46 - 3:58:20 - Skipping line due to error: Expected 11 elements, got 10
INFO - 09/24/25 22:20:46 - 3:58:20 - Skipping line due to error: setting an array element with a sequence. The requested array has an inhomogeneous shape after 1 dimensions. The detected shape was (11,) + inhomogeneous part.
INFO - 09/24/25 22:20:46 - 3:58:20 - Skipping line due to error: Expected 11 elements, got 3
INFO - 09/24/25 22:20:46 - 3:58:20 - Skipping line due to error: setting an array element with a sequence. The requested array has an inhomogeneous shape after 1 dimensions. The detected shape was (11,) + inhomogeneous part.
INFO - 09/24/25 22:20:46 - 3:58:20 - Skipping line due to error: setting an array element with a sequence. The requested array has an inhomogeneous shape after 1 dimensions. The detected shape was (11,) + inhomogeneous part.
INFO - 09/24/25 22:20:46 - 3:58:20 - Skipping line due to error: setting an array element with a sequence. The requested array has an inhomogeneous shape after 1 dimensions. The detected shape was (11,) + inhomogeneous part.
INFO - 09/24/25 22:20:46 - 3:58:20 - Skipping line due to error: Expected 11 elements, got 2
INFO - 09/24/25 22:20:46 - 3:58:20 - Skipping line due to error: Expected 11 elements, got 13
INFO - 09/24/25 22:20:46 - 3:58:20 - Skipping line due to error: Expected 11 elements, got 10
INFO - 09/24/25 22:20:46 - 3:58:20 - Skipping line due to error: setting an array element with a sequence. The requested array has an inhomogeneous shape after 1 dimensions. The detected shape was (11,) + inhomogeneous part.
INFO - 09/24/25 22:20:46 - 3:58:20 - Skipping line due to error: setting an array element with a sequence. The requested array has an inhomogeneous shape after 1 dimensions. The detected shape was (11,) + inhomogeneous part.
INFO - 09/24/25 22:20:46 - 3:58:20 - Skipping line due to error: Expected 11 elements, got 8
INFO - 09/24/25 22:20:46 - 3:58:20 - Skipping line due to error: setting an array element with a sequence. The requested array has an inhomogeneous shape after 1 dimensions. The detected shape was (11,) + inhomogeneous part.
INFO - 09/24/25 22:20:46 - 3:58:20 - Skipping line due to error: setting an array element with a sequence. The requested array has an inhomogeneous shape after 1 dimensions. The detected shape was (11,) + inhomogeneous part.
INFO - 09/24/25 22:20:46 - 3:58:20 - Skipping line due to error: Expected 11 elements, got 1
INFO - 09/24/25 22:20:46 - 3:58:20 - Skipping line due to error: Expected 11 elements, got 10
INFO - 09/24/25 22:20:46 - 3:58:20 - Skipping line due to error: Expected 11 elements, got 12
INFO - 09/24/25 22:20:46 - 3:58:20 - Skipping line due to error: Expected 11 elements, got 12
INFO - 09/24/25 22:20:46 - 3:58:20 - Skipping line due to error: Expected 11 elements, got 10
INFO - 09/24/25 22:20:46 - 3:58:20 - Skipping line due to error: setting an array element with a sequence. The requested array has an inhomogeneous shape after 1 dimensions. The detected shape was (11,) + inhomogeneous part.
INFO - 09/24/25 22:20:46 - 3:58:20 - Skipping line due to error: Expected 11 elements, got 10
INFO - 09/24/25 22:20:46 - 3:58:20 - Skipping line due to error: Expected 11 elements, got 12
INFO - 09/24/25 22:20:46 - 3:58:20 - Skipping line due to error: Expected 11 elements, got 12
INFO - 09/24/25 22:20:46 - 3:58:20 - Skipping line due to error: Expected 11 elements, got 9
INFO - 09/24/25 22:20:46 - 3:58:20 - Skipping line due to error: setting an array element with a sequence. The requested array has an inhomogeneous shape after 1 dimensions. The detected shape was (11,) + inhomogeneous part.
INFO - 09/24/25 22:20:46 - 3:58:20 - Skipping line due to error: Expected 11 elements, got 12
INFO - 09/24/25 22:20:46 - 3:58:20 - Skipping line due to error: setting an array element with a sequence. The requested array has an inhomogeneous shape after 1 dimensions. The detected shape was (11,) + inhomogeneous part.
INFO - 09/24/25 22:20:46 - 3:58:20 - Skipping line due to error: Expected 11 elements, got 12
INFO - 09/24/25 22:20:46 - 3:58:20 - Skipping line due to error: setting an array element with a sequence. The requested array has an inhomogeneous shape after 1 dimensions. The detected shape was (11,) + inhomogeneous part.
INFO - 09/24/25 22:20:46 - 3:58:20 - Skipping line due to error: Expected 11 elements, got 10
INFO - 09/24/25 22:20:46 - 3:58:20 - Skipping line due to error: setting an array element with a sequence. The requested array has an inhomogeneous shape after 1 dimensions. The detected shape was (11,) + inhomogeneous part.
INFO - 09/24/25 22:20:46 - 3:58:20 - Skipping line due to error: setting an array element with a sequence. The requested array has an inhomogeneous shape after 1 dimensions. The detected shape was (11,) + inhomogeneous part.
INFO - 09/24/25 22:20:46 - 3:58:20 - Skipping line due to error: setting an array element with a sequence. The requested array has an inhomogeneous shape after 1 dimensions. The detected shape was (11,) + inhomogeneous part.
INFO - 09/24/25 22:20:46 - 3:58:20 - Skipping line due to error: Expected 11 elements, got 12
INFO - 09/24/25 22:20:46 - 3:58:20 - Skipping line due to error: Expected 11 elements, got 12
INFO - 09/24/25 22:20:46 - 3:58:20 - Skipping line due to error: setting an array element with a sequence. The requested array has an inhomogeneous shape after 1 dimensions. The detected shape was (11,) + inhomogeneous part.
INFO - 09/24/25 22:20:46 - 3:58:20 - Skipping line due to error: setting an array element with a sequence. The requested array has an inhomogeneous shape after 1 dimensions. The detected shape was (11,) + inhomogeneous part.
INFO - 09/24/25 22:20:46 - 3:58:20 - Skipping line due to error: Expected 11 elements, got 12
INFO - 09/24/25 22:20:46 - 3:58:20 - Skipping line due to error: Expected 11 elements, got 10
INFO - 09/24/25 22:20:46 - 3:58:20 - Skipping line due to error: Expected 11 elements, got 10
INFO - 09/24/25 22:20:46 - 3:58:20 - Skipping line due to error: Expected 11 elements, got 13
INFO - 09/24/25 22:20:46 - 3:58:20 - Skipping line due to error: Expected 11 elements, got 2
INFO - 09/24/25 22:20:46 - 3:58:20 - Skipping line due to error: Expected 11 elements, got 12
INFO - 09/24/25 22:20:46 - 3:58:20 - Skipping line due to error: Expected 11 elements, got 12
INFO - 09/24/25 22:20:46 - 3:58:20 - Skipping line due to error: Expected 11 elements, got 10
INFO - 09/24/25 22:20:46 - 3:58:20 - Skipping line due to error: Expected 11 elements, got 12
INFO - 09/24/25 22:20:46 - 3:58:20 - Skipping line due to error: Expected 11 elements, got 3
INFO - 09/24/25 22:20:46 - 3:58:20 - Skipping line due to error: setting an array element with a sequence. The requested array has an inhomogeneous shape after 1 dimensions. The detected shape was (11,) + inhomogeneous part.
INFO - 09/24/25 22:20:46 - 3:58:20 - Skipping line due to error: setting an array element with a sequence. The requested array has an inhomogeneous shape after 1 dimensions. The detected shape was (11,) + inhomogeneous part.
INFO - 09/24/25 22:20:46 - 3:58:20 - Skipping line due to error: Expected 11 elements, got 10
INFO - 09/24/25 22:20:46 - 3:58:20 - Skipping line due to error: setting an array element with a sequence. The requested array has an inhomogeneous shape after 1 dimensions. The detected shape was (11,) + inhomogeneous part.
INFO - 09/24/25 22:20:46 - 3:58:20 - Skipping line due to error: setting an array element with a sequence. The requested array has an inhomogeneous shape after 1 dimensions. The detected shape was (11,) + inhomogeneous part.
INFO - 09/24/25 22:20:46 - 3:58:20 - Skipping line due to error: setting an array element with a sequence. The requested array has an inhomogeneous shape after 1 dimensions. The detected shape was (11,) + inhomogeneous part.
INFO - 09/24/25 22:20:46 - 3:58:20 - Skipping line due to error: setting an array element with a sequence. The requested array has an inhomogeneous shape after 1 dimensions. The detected shape was (11,) + inhomogeneous part.
INFO - 09/24/25 22:20:46 - 3:58:20 - Skipping line due to error: Expected 11 elements, got 13
INFO - 09/24/25 22:20:46 - 3:58:20 - Skipping line due to error: setting an array element with a sequence. The requested array has an inhomogeneous shape after 1 dimensions. The detected shape was (11,) + inhomogeneous part.
INFO - 09/24/25 22:20:46 - 3:58:20 - Skipping line due to error: Expected 11 elements, got 10
INFO - 09/24/25 22:20:46 - 3:58:20 - Skipping line due to error: setting an array element with a sequence. The requested array has an inhomogeneous shape after 1 dimensions. The detected shape was (11,) + inhomogeneous part.
INFO - 09/24/25 22:20:46 - 3:58:20 - Skipping line due to error: Expected 11 elements, got 10
INFO - 09/24/25 22:20:46 - 3:58:20 - Skipping line due to error: Expected 11 elements, got 21
INFO - 09/24/25 22:20:46 - 3:58:20 - Skipping line due to error: Expected 11 elements, got 12
INFO - 09/24/25 22:20:46 - 3:58:20 - Skipping line due to error: Expected 11 elements, got 13
INFO - 09/24/25 22:20:46 - 3:58:20 - Skipping line due to error: setting an array element with a sequence. The requested array has an inhomogeneous shape after 1 dimensions. The detected shape was (11,) + inhomogeneous part.
INFO - 09/24/25 22:20:46 - 3:58:20 - Skipping line due to error: setting an array element with a sequence. The requested array has an inhomogeneous shape after 1 dimensions. The detected shape was (11,) + inhomogeneous part.
INFO - 09/24/25 22:20:46 - 3:58:20 - Skipping line due to error: setting an array element with a sequence. The requested array has an inhomogeneous shape after 1 dimensions. The detected shape was (11,) + inhomogeneous part.
INFO - 09/24/25 22:20:46 - 3:58:20 - Skipping line due to error: Expected 11 elements, got 13
INFO - 09/24/25 22:20:46 - 3:58:20 - Skipping line due to error: setting an array element with a sequence. The requested array has an inhomogeneous shape after 1 dimensions. The detected shape was (11,) + inhomogeneous part.
INFO - 09/24/25 22:20:46 - 3:58:20 - Skipping line due to error: setting an array element with a sequence. The requested array has an inhomogeneous shape after 1 dimensions. The detected shape was (11,) + inhomogeneous part.
INFO - 09/24/25 22:20:46 - 3:58:20 - Skipping line due to error: setting an array element with a sequence. The requested array has an inhomogeneous shape after 1 dimensions. The detected shape was (11,) + inhomogeneous part.
INFO - 09/24/25 22:20:46 - 3:58:20 - Skipping line due to error: Expected 11 elements, got 12
INFO - 09/24/25 22:20:46 - 3:58:20 - Skipping line due to error: setting an array element with a sequence. The requested array has an inhomogeneous shape after 1 dimensions. The detected shape was (11,) + inhomogeneous part.
INFO - 09/24/25 22:20:46 - 3:58:20 - Skipping line due to error: Expected 11 elements, got 10
INFO - 09/24/25 22:20:46 - 3:58:20 - Skipping line due to error: setting an array element with a sequence. The requested array has an inhomogeneous shape after 1 dimensions. The detected shape was (11,) + inhomogeneous part.
INFO - 09/24/25 22:20:46 - 3:58:20 - Skipping line due to error: Expected 11 elements, got 12
INFO - 09/24/25 22:20:46 - 3:58:20 - Skipping line due to error: Expected 11 elements, got 7
INFO - 09/24/25 22:20:46 - 3:58:20 - Skipping line due to error: Expected 11 elements, got 12
INFO - 09/24/25 22:20:46 - 3:58:20 - Skipping line due to error: Expected 11 elements, got 9
INFO - 09/24/25 22:20:46 - 3:58:20 - Skipping line due to error: Expected 11 elements, got 12
INFO - 09/24/25 22:20:46 - 3:58:20 - Skipping line due to error: Expected 11 elements, got 12
INFO - 09/24/25 22:20:46 - 3:58:20 - Skipping line due to error: Expected 11 elements, got 10
INFO - 09/24/25 22:20:46 - 3:58:20 - Skipping line due to error: Expected 11 elements, got 12
INFO - 09/24/25 22:20:46 - 3:58:20 - Skipping line due to error: setting an array element with a sequence. The requested array has an inhomogeneous shape after 1 dimensions. The detected shape was (11,) + inhomogeneous part.
INFO - 09/24/25 22:20:46 - 3:58:20 - Skipping line due to error: setting an array element with a sequence. The requested array has an inhomogeneous shape after 1 dimensions. The detected shape was (11,) + inhomogeneous part.
INFO - 09/24/25 22:20:46 - 3:58:20 - Skipping line due to error: setting an array element with a sequence. The requested array has an inhomogeneous shape after 1 dimensions. The detected shape was (11,) + inhomogeneous part.
INFO - 09/24/25 22:20:46 - 3:58:20 - Skipping line due to error: setting an array element with a sequence. The requested array has an inhomogeneous shape after 1 dimensions. The detected shape was (11,) + inhomogeneous part.
INFO - 09/24/25 22:20:46 - 3:58:20 - Skipping line due to error: Expected 11 elements, got 9
INFO - 09/24/25 22:20:46 - 3:58:20 - Skipping line due to error: Expected 11 elements, got 10
INFO - 09/24/25 22:20:46 - 3:58:20 - Skipping line due to error: Expected 11 elements, got 9
INFO - 09/24/25 22:20:46 - 3:58:20 - Skipping line due to error: Expected 11 elements, got 10
INFO - 09/24/25 22:20:46 - 3:58:20 - Skipping line due to error: setting an array element with a sequence. The requested array has an inhomogeneous shape after 1 dimensions. The detected shape was (11,) + inhomogeneous part.
INFO - 09/24/25 22:20:46 - 3:58:20 - Skipping line due to error: Expected 11 elements, got 10
INFO - 09/24/25 22:20:46 - 3:58:20 - Skipping line due to error: setting an array element with a sequence. The requested array has an inhomogeneous shape after 1 dimensions. The detected shape was (11,) + inhomogeneous part.
INFO - 09/24/25 22:20:46 - 3:58:20 - Skipping line due to error: Expected 11 elements, got 10
INFO - 09/24/25 22:20:46 - 3:58:20 - Skipping line due to error: Expected 11 elements, got 10
INFO - 09/24/25 22:20:46 - 3:58:20 - Skipping line due to error: setting an array element with a sequence. The requested array has an inhomogeneous shape after 1 dimensions. The detected shape was (11,) + inhomogeneous part.
INFO - 09/24/25 22:20:46 - 3:58:20 - Skipping line due to error: Expected 11 elements, got 9
INFO - 09/24/25 22:20:46 - 3:58:20 - Skipping line due to error: Expected 11 elements, got 12
INFO - 09/24/25 22:20:46 - 3:58:20 - Skipping line due to error: setting an array element with a sequence. The requested array has an inhomogeneous shape after 1 dimensions. The detected shape was (11,) + inhomogeneous part.
INFO - 09/24/25 22:20:46 - 3:58:20 - Skipping line due to error: setting an array element with a sequence. The requested array has an inhomogeneous shape after 1 dimensions. The detected shape was (11,) + inhomogeneous part.
INFO - 09/24/25 22:20:46 - 3:58:20 - Skipping line due to error: setting an array element with a sequence. The requested array has an inhomogeneous shape after 1 dimensions. The detected shape was (11,) + inhomogeneous part.
INFO - 09/24/25 22:20:46 - 3:58:20 - Skipping line due to error: Expected 11 elements, got 22
INFO - 09/24/25 22:20:46 - 3:58:20 - Skipping line due to error: setting an array element with a sequence. The requested array has an inhomogeneous shape after 1 dimensions. The detected shape was (11,) + inhomogeneous part.
INFO - 09/24/25 22:20:46 - 3:58:20 - Skipping line due to error: setting an array element with a sequence. The requested array has an inhomogeneous shape after 1 dimensions. The detected shape was (11,) + inhomogeneous part.
INFO - 09/24/25 22:20:46 - 3:58:20 - Skipping line due to error: setting an array element with a sequence. The requested array has an inhomogeneous shape after 1 dimensions. The detected shape was (11,) + inhomogeneous part.
INFO - 09/24/25 22:20:46 - 3:58:20 - Skipping line due to error: setting an array element with a sequence. The requested array has an inhomogeneous shape after 1 dimensions. The detected shape was (11,) + inhomogeneous part.
INFO - 09/24/25 22:20:46 - 3:58:20 - Skipping line due to error: Expected 11 elements, got 10
INFO - 09/24/25 22:20:46 - 3:58:20 - Skipping line due to error: setting an array element with a sequence. The requested array has an inhomogeneous shape after 1 dimensions. The detected shape was (11,) + inhomogeneous part.
INFO - 09/24/25 22:20:46 - 3:58:20 - Skipping line due to error: setting an array element with a sequence. The requested array has an inhomogeneous shape after 1 dimensions. The detected shape was (11,) + inhomogeneous part.
INFO - 09/24/25 22:20:46 - 3:58:20 - Skipping line due to error: Expected 11 elements, got 14
INFO - 09/24/25 22:20:46 - 3:58:20 - Skipping line due to error: setting an array element with a sequence. The requested array has an inhomogeneous shape after 1 dimensions. The detected shape was (11,) + inhomogeneous part.
INFO - 09/24/25 22:20:46 - 3:58:20 - Skipping line due to error: setting an array element with a sequence. The requested array has an inhomogeneous shape after 1 dimensions. The detected shape was (11,) + inhomogeneous part.
INFO - 09/24/25 22:20:46 - 3:58:20 - Skipping line due to error: Expected 11 elements, got 12
INFO - 09/24/25 22:20:46 - 3:58:20 - Skipping line due to error: Expected 11 elements, got 12
INFO - 09/24/25 22:20:46 - 3:58:20 - Skipping line due to error: setting an array element with a sequence. The requested array has an inhomogeneous shape after 1 dimensions. The detected shape was (11,) + inhomogeneous part.
INFO - 09/24/25 22:20:46 - 3:58:20 - Skipping line due to error: setting an array element with a sequence. The requested array has an inhomogeneous shape after 1 dimensions. The detected shape was (11,) + inhomogeneous part.
INFO - 09/24/25 22:20:46 - 3:58:20 - Skipping line due to error: Expected 11 elements, got 10
INFO - 09/24/25 22:20:46 - 3:58:20 - Skipping line due to error: setting an array element with a sequence. The requested array has an inhomogeneous shape after 1 dimensions. The detected shape was (11,) + inhomogeneous part.
INFO - 09/24/25 22:20:46 - 3:58:20 - Skipping line due to error: Expected 11 elements, got 10
INFO - 09/24/25 22:20:46 - 3:58:20 - Skipping line due to error: Expected 11 elements, got 12
INFO - 09/24/25 22:20:46 - 3:58:20 - Skipping line due to error: Expected 11 elements, got 20
INFO - 09/24/25 22:20:46 - 3:58:20 - Skipping line due to error: setting an array element with a sequence. The requested array has an inhomogeneous shape after 1 dimensions. The detected shape was (11,) + inhomogeneous part.
INFO - 09/24/25 22:20:46 - 3:58:20 - Skipping line due to error: Expected 11 elements, got 10
INFO - 09/24/25 22:20:46 - 3:58:20 - Skipping line due to error: Expected 11 elements, got 13
INFO - 09/24/25 22:20:46 - 3:58:20 - Skipping line due to error: setting an array element with a sequence. The requested array has an inhomogeneous shape after 1 dimensions. The detected shape was (11,) + inhomogeneous part.
INFO - 09/24/25 22:20:46 - 3:58:20 - Skipping line due to error: setting an array element with a sequence. The requested array has an inhomogeneous shape after 1 dimensions. The detected shape was (11,) + inhomogeneous part.
INFO - 09/24/25 22:20:46 - 3:58:20 - Skipping line due to error: Expected 11 elements, got 9
INFO - 09/24/25 22:20:46 - 3:58:20 - Skipping line due to error: Expected 11 elements, got 1
INFO - 09/24/25 22:20:46 - 3:58:20 - Skipping line due to error: Expected 11 elements, got 10
INFO - 09/24/25 22:20:46 - 3:58:20 - Skipping line due to error: setting an array element with a sequence. The requested array has an inhomogeneous shape after 1 dimensions. The detected shape was (11,) + inhomogeneous part.
INFO - 09/24/25 22:20:46 - 3:58:20 - Skipping line due to error: setting an array element with a sequence. The requested array has an inhomogeneous shape after 1 dimensions. The detected shape was (11,) + inhomogeneous part.
INFO - 09/24/25 22:20:46 - 3:58:20 - Skipping line due to error: setting an array element with a sequence. The requested array has an inhomogeneous shape after 1 dimensions. The detected shape was (11,) + inhomogeneous part.
INFO - 09/24/25 22:20:46 - 3:58:20 - Skipping line due to error: Expected 11 elements, got 10
INFO - 09/24/25 22:20:46 - 3:58:20 - Skipping line due to error: setting an array element with a sequence. The requested array has an inhomogeneous shape after 1 dimensions. The detected shape was (11,) + inhomogeneous part.
INFO - 09/24/25 22:20:46 - 3:58:20 - Skipping line due to error: Expected 11 elements, got 10
INFO - 09/24/25 22:20:46 - 3:58:20 - Skipping line due to error: Expected 11 elements, got 12
INFO - 09/24/25 22:20:46 - 3:58:20 - Skipping line due to error: setting an array element with a sequence. The requested array has an inhomogeneous shape after 1 dimensions. The detected shape was (11,) + inhomogeneous part.
INFO - 09/24/25 22:20:46 - 3:58:20 - Skipping line due to error: Expected 11 elements, got 13
INFO - 09/24/25 22:20:46 - 3:58:20 - Skipping line due to error: Expected 11 elements, got 10
INFO - 09/24/25 22:20:46 - 3:58:20 - Skipping line due to error: setting an array element with a sequence. The requested array has an inhomogeneous shape after 1 dimensions. The detected shape was (11,) + inhomogeneous part.
INFO - 09/24/25 22:20:46 - 3:58:20 - Skipping line due to error: setting an array element with a sequence. The requested array has an inhomogeneous shape after 1 dimensions. The detected shape was (11,) + inhomogeneous part.
INFO - 09/24/25 22:20:46 - 3:58:20 - Skipping line due to error: setting an array element with a sequence. The requested array has an inhomogeneous shape after 1 dimensions. The detected shape was (11,) + inhomogeneous part.
INFO - 09/24/25 22:20:46 - 3:58:20 - Skipping line due to error: Expected 11 elements, got 8
INFO - 09/24/25 22:20:46 - 3:58:20 - Skipping line due to error: Expected 11 elements, got 7
INFO - 09/24/25 22:20:46 - 3:58:20 - Skipping line due to error: setting an array element with a sequence. The requested array has an inhomogeneous shape after 1 dimensions. The detected shape was (11,) + inhomogeneous part.
INFO - 09/24/25 22:20:46 - 3:58:20 - Skipping line due to error: setting an array element with a sequence. The requested array has an inhomogeneous shape after 1 dimensions. The detected shape was (11,) + inhomogeneous part.
INFO - 09/24/25 22:20:46 - 3:58:20 - Skipping line due to error: Expected 11 elements, got 22
INFO - 09/24/25 22:20:46 - 3:58:20 - Skipping line due to error: setting an array element with a sequence. The requested array has an inhomogeneous shape after 1 dimensions. The detected shape was (11,) + inhomogeneous part.
INFO - 09/24/25 22:20:46 - 3:58:20 - Skipping line due to error: setting an array element with a sequence. The requested array has an inhomogeneous shape after 1 dimensions. The detected shape was (11,) + inhomogeneous part.
INFO - 09/24/25 22:20:46 - 3:58:20 - Skipping line due to error: Expected 11 elements, got 10
INFO - 09/24/25 22:20:46 - 3:58:20 - Skipping line due to error: Expected 11 elements, got 12
INFO - 09/24/25 22:20:46 - 3:58:20 - Skipping line due to error: setting an array element with a sequence. The requested array has an inhomogeneous shape after 1 dimensions. The detected shape was (11,) + inhomogeneous part.
INFO - 09/24/25 22:20:46 - 3:58:20 - Skipping line due to error: Expected 11 elements, got 13
INFO - 09/24/25 22:20:46 - 3:58:20 - Skipping line due to error: Expected 11 elements, got 12
INFO - 09/24/25 22:20:46 - 3:58:20 - Skipping line due to error: Expected 11 elements, got 13
INFO - 09/24/25 22:20:46 - 3:58:20 - Skipping line due to error: setting an array element with a sequence. The requested array has an inhomogeneous shape after 1 dimensions. The detected shape was (11,) + inhomogeneous part.
INFO - 09/24/25 22:20:46 - 3:58:20 - Skipping line due to error: Expected 11 elements, got 10
INFO - 09/24/25 22:20:46 - 3:58:20 - Skipping line due to error: setting an array element with a sequence. The requested array has an inhomogeneous shape after 1 dimensions. The detected shape was (11,) + inhomogeneous part.
INFO - 09/24/25 22:20:46 - 3:58:20 - Skipping line due to error: Expected 11 elements, got 12
INFO - 09/24/25 22:20:46 - 3:58:20 - Skipping line due to error: Expected 11 elements, got 10
INFO - 09/24/25 22:20:46 - 3:58:20 - Skipping line due to error: setting an array element with a sequence. The requested array has an inhomogeneous shape after 1 dimensions. The detected shape was (11,) + inhomogeneous part.
INFO - 09/24/25 22:20:46 - 3:58:20 - Skipping line due to error: Expected 11 elements, got 21
INFO - 09/24/25 22:20:46 - 3:58:20 - Skipping line due to error: Expected 11 elements, got 10
INFO - 09/24/25 22:20:46 - 3:58:20 - Skipping line due to error: Expected 11 elements, got 9
INFO - 09/24/25 22:20:46 - 3:58:20 - Skipping line due to error: setting an array element with a sequence. The requested array has an inhomogeneous shape after 1 dimensions. The detected shape was (11,) + inhomogeneous part.
INFO - 09/24/25 22:20:46 - 3:58:20 - Skipping line due to error: setting an array element with a sequence. The requested array has an inhomogeneous shape after 1 dimensions. The detected shape was (11,) + inhomogeneous part.
INFO - 09/24/25 22:20:46 - 3:58:20 - Skipping line due to error: setting an array element with a sequence. The requested array has an inhomogeneous shape after 1 dimensions. The detected shape was (11,) + inhomogeneous part.
INFO - 09/24/25 22:20:46 - 3:58:20 - Skipping line due to error: setting an array element with a sequence. The requested array has an inhomogeneous shape after 1 dimensions. The detected shape was (11,) + inhomogeneous part.
INFO - 09/24/25 22:20:46 - 3:58:20 - Skipping line due to error: setting an array element with a sequence. The requested array has an inhomogeneous shape after 1 dimensions. The detected shape was (11,) + inhomogeneous part.
INFO - 09/24/25 22:20:46 - 3:58:20 - Skipping line due to error: setting an array element with a sequence. The requested array has an inhomogeneous shape after 1 dimensions. The detected shape was (11,) + inhomogeneous part.
INFO - 09/24/25 22:20:46 - 3:58:20 - Skipping line due to error: setting an array element with a sequence. The requested array has an inhomogeneous shape after 1 dimensions. The detected shape was (11,) + inhomogeneous part.
INFO - 09/24/25 22:20:46 - 3:58:20 - Skipping line due to error: setting an array element with a sequence. The requested array has an inhomogeneous shape after 1 dimensions. The detected shape was (11,) + inhomogeneous part.
INFO - 09/24/25 22:20:46 - 3:58:20 - Skipping line due to error: Expected 11 elements, got 12
INFO - 09/24/25 22:20:46 - 3:58:20 - Skipping line due to error: Expected 11 elements, got 9
INFO - 09/24/25 22:20:46 - 3:58:20 - Skipping line due to error: Expected 11 elements, got 10
INFO - 09/24/25 22:20:46 - 3:58:20 - Skipping line due to error: Expected 11 elements, got 12
INFO - 09/24/25 22:20:46 - 3:58:20 - Skipping line due to error: setting an array element with a sequence. The requested array has an inhomogeneous shape after 1 dimensions. The detected shape was (11,) + inhomogeneous part.
INFO - 09/24/25 22:20:46 - 3:58:20 - Skipping line due to error: setting an array element with a sequence. The requested array has an inhomogeneous shape after 1 dimensions. The detected shape was (11,) + inhomogeneous part.
INFO - 09/24/25 22:20:46 - 3:58:20 - Skipping line due to error: Expected 11 elements, got 12
INFO - 09/24/25 22:20:46 - 3:58:20 - Skipping line due to error: setting an array element with a sequence. The requested array has an inhomogeneous shape after 1 dimensions. The detected shape was (11,) + inhomogeneous part.
INFO - 09/24/25 22:20:46 - 3:58:20 - Skipping line due to error: Expected 11 elements, got 9
INFO - 09/24/25 22:20:46 - 3:58:20 - Skipping line due to error: Expected 11 elements, got 10
INFO - 09/24/25 22:20:46 - 3:58:20 - Skipping line due to error: setting an array element with a sequence. The requested array has an inhomogeneous shape after 1 dimensions. The detected shape was (11,) + inhomogeneous part.
INFO - 09/24/25 22:20:46 - 3:58:20 - Skipping line due to error: Expected 11 elements, got 12
INFO - 09/24/25 22:20:46 - 3:58:20 - Skipping line due to error: Expected 11 elements, got 10
INFO - 09/24/25 22:20:46 - 3:58:20 - Skipping line due to error: Expected 11 elements, got 10
INFO - 09/24/25 22:20:46 - 3:58:20 - Skipping line due to error: setting an array element with a sequence. The requested array has an inhomogeneous shape after 1 dimensions. The detected shape was (11,) + inhomogeneous part.
INFO - 09/24/25 22:20:46 - 3:58:20 - Skipping line due to error: Expected 11 elements, got 9
INFO - 09/24/25 22:20:46 - 3:58:20 - Skipping line due to error: Expected 11 elements, got 14
INFO - 09/24/25 22:20:46 - 3:58:20 - Skipping line due to error: Expected 11 elements, got 10
INFO - 09/24/25 22:20:46 - 3:58:20 - Skipping line due to error: Expected 11 elements, got 12
INFO - 09/24/25 22:20:46 - 3:58:20 - Skipping line due to error: Expected 11 elements, got 12
INFO - 09/24/25 22:20:46 - 3:58:20 - Skipping line due to error: Expected 11 elements, got 13
INFO - 09/24/25 22:20:46 - 3:58:20 - Skipping line due to error: Expected 11 elements, got 12
INFO - 09/24/25 22:20:46 - 3:58:20 - Skipping line due to error: setting an array element with a sequence. The requested array has an inhomogeneous shape after 1 dimensions. The detected shape was (11,) + inhomogeneous part.
INFO - 09/24/25 22:20:46 - 3:58:20 - Skipping line due to error: setting an array element with a sequence. The requested array has an inhomogeneous shape after 1 dimensions. The detected shape was (11,) + inhomogeneous part.
INFO - 09/24/25 22:20:46 - 3:58:20 - Skipping line due to error: setting an array element with a sequence. The requested array has an inhomogeneous shape after 1 dimensions. The detected shape was (11,) + inhomogeneous part.
INFO - 09/24/25 22:20:46 - 3:58:20 - Skipping line due to error: Expected 11 elements, got 9
INFO - 09/24/25 22:20:46 - 3:58:20 - Skipping line due to error: Expected 11 elements, got 12
INFO - 09/24/25 22:20:46 - 3:58:20 - Skipping line due to error: setting an array element with a sequence. The requested array has an inhomogeneous shape after 1 dimensions. The detected shape was (11,) + inhomogeneous part.
INFO - 09/24/25 22:20:46 - 3:58:20 - Skipping line due to error: Expected 11 elements, got 10
INFO - 09/24/25 22:20:46 - 3:58:20 - Skipping line due to error: Expected 11 elements, got 12
INFO - 09/24/25 22:20:46 - 3:58:20 - Skipping line due to error: setting an array element with a sequence. The requested array has an inhomogeneous shape after 1 dimensions. The detected shape was (11,) + inhomogeneous part.
INFO - 09/24/25 22:20:46 - 3:58:20 - Skipping line due to error: Expected 11 elements, got 10
INFO - 09/24/25 22:20:46 - 3:58:20 - Skipping line due to error: Expected 11 elements, got 22
INFO - 09/24/25 22:20:46 - 3:58:20 - Skipping line due to error: Expected 11 elements, got 12
INFO - 09/24/25 22:20:46 - 3:58:20 - Skipping line due to error: Expected 11 elements, got 12
INFO - 09/24/25 22:20:46 - 3:58:20 - Skipping line due to error: Expected 11 elements, got 9
INFO - 09/24/25 22:20:46 - 3:58:20 - Skipping line due to error: Expected 11 elements, got 10
INFO - 09/24/25 22:20:46 - 3:58:20 - Skipping line due to error: Expected 11 elements, got 10
INFO - 09/24/25 22:20:46 - 3:58:20 - Skipping line due to error: Expected 11 elements, got 9
INFO - 09/24/25 22:20:46 - 3:58:20 - Skipping line due to error: Expected 11 elements, got 9
INFO - 09/24/25 22:20:46 - 3:58:20 - Skipping line due to error: Expected 11 elements, got 10
INFO - 09/24/25 22:20:46 - 3:58:20 - Skipping line due to error: setting an array element with a sequence. The requested array has an inhomogeneous shape after 1 dimensions. The detected shape was (11,) + inhomogeneous part.
INFO - 09/24/25 22:20:46 - 3:58:20 - Skipping line due to error: setting an array element with a sequence. The requested array has an inhomogeneous shape after 1 dimensions. The detected shape was (11,) + inhomogeneous part.
INFO - 09/24/25 22:20:46 - 3:58:20 - Skipping line due to error: Expected 11 elements, got 8
INFO - 09/24/25 22:20:46 - 3:58:20 - Skipping line due to error: Expected 11 elements, got 12
INFO - 09/24/25 22:20:46 - 3:58:20 - Skipping line due to error: Expected 11 elements, got 9
INFO - 09/24/25 22:20:46 - 3:58:20 - Skipping line due to error: Expected 11 elements, got 10
INFO - 09/24/25 22:20:46 - 3:58:20 - Skipping line due to error: Expected 11 elements, got 14
INFO - 09/24/25 22:20:46 - 3:58:20 - Skipping line due to error: Expected 11 elements, got 8
INFO - 09/24/25 22:20:46 - 3:58:20 - Skipping line due to error: setting an array element with a sequence. The requested array has an inhomogeneous shape after 1 dimensions. The detected shape was (11,) + inhomogeneous part.
INFO - 09/24/25 22:20:46 - 3:58:20 - Skipping line due to error: Expected 11 elements, got 8
INFO - 09/24/25 22:20:46 - 3:58:20 - Skipping line due to error: Expected 11 elements, got 9
INFO - 09/24/25 22:20:46 - 3:58:20 - Skipping line due to error: setting an array element with a sequence. The requested array has an inhomogeneous shape after 1 dimensions. The detected shape was (11,) + inhomogeneous part.
INFO - 09/24/25 22:20:46 - 3:58:20 - Skipping line due to error: setting an array element with a sequence. The requested array has an inhomogeneous shape after 1 dimensions. The detected shape was (11,) + inhomogeneous part.
INFO - 09/24/25 22:20:46 - 3:58:20 - Skipping line due to error: setting an array element with a sequence. The requested array has an inhomogeneous shape after 1 dimensions. The detected shape was (11,) + inhomogeneous part.
INFO - 09/24/25 22:20:46 - 3:58:20 - Skipping line due to error: Expected 11 elements, got 10
INFO - 09/24/25 22:20:46 - 3:58:20 - Skipping line due to error: setting an array element with a sequence. The requested array has an inhomogeneous shape after 1 dimensions. The detected shape was (11,) + inhomogeneous part.
INFO - 09/24/25 22:20:46 - 3:58:20 - Skipping line due to error: Expected 11 elements, got 10
INFO - 09/24/25 22:20:46 - 3:58:20 - Skipping line due to error: Expected 11 elements, got 1
INFO - 09/24/25 22:20:46 - 3:58:20 - Skipping line due to error: setting an array element with a sequence. The requested array has an inhomogeneous shape after 1 dimensions. The detected shape was (11,) + inhomogeneous part.
INFO - 09/24/25 22:20:46 - 3:58:20 - Skipping line due to error: Expected 11 elements, got 1
INFO - 09/24/25 22:20:46 - 3:58:20 - Skipping line due to error: Expected 11 elements, got 9
INFO - 09/24/25 22:20:46 - 3:58:20 - Skipping line due to error: Expected 11 elements, got 10
INFO - 09/24/25 22:20:46 - 3:58:20 - Skipping line due to error: Expected 11 elements, got 12
INFO - 09/24/25 22:20:46 - 3:58:20 - Skipping line due to error: Expected 11 elements, got 10
INFO - 09/24/25 22:20:46 - 3:58:20 - Skipping line due to error: setting an array element with a sequence. The requested array has an inhomogeneous shape after 1 dimensions. The detected shape was (11,) + inhomogeneous part.
INFO - 09/24/25 22:20:46 - 3:58:20 - Skipping line due to error: Expected 11 elements, got 12
INFO - 09/24/25 22:20:46 - 3:58:20 - Skipping line due to error: Expected 11 elements, got 10
INFO - 09/24/25 22:20:46 - 3:58:20 - Skipping line due to error: setting an array element with a sequence. The requested array has an inhomogeneous shape after 1 dimensions. The detected shape was (11,) + inhomogeneous part.
INFO - 09/24/25 22:20:46 - 3:58:20 - Skipping line due to error: Expected 11 elements, got 12
INFO - 09/24/25 22:20:46 - 3:58:20 - Skipping line due to error: Expected 11 elements, got 1
INFO - 09/24/25 22:20:46 - 3:58:20 - Skipping line due to error: setting an array element with a sequence. The requested array has an inhomogeneous shape after 1 dimensions. The detected shape was (11,) + inhomogeneous part.
INFO - 09/24/25 22:20:46 - 3:58:20 - Skipping line due to error: Expected 11 elements, got 12
INFO - 09/24/25 22:20:46 - 3:58:20 - Skipping line due to error: Expected 11 elements, got 12
INFO - 09/24/25 22:20:46 - 3:58:20 - Skipping line due to error: setting an array element with a sequence. The requested array has an inhomogeneous shape after 1 dimensions. The detected shape was (11,) + inhomogeneous part.
INFO - 09/24/25 22:20:46 - 3:58:20 - Skipping line due to error: Expected 11 elements, got 12
INFO - 09/24/25 22:20:46 - 3:58:20 - Skipping line due to error: Expected 11 elements, got 12
INFO - 09/24/25 22:20:46 - 3:58:20 - Skipping line due to error: Expected 11 elements, got 10
INFO - 09/24/25 22:20:46 - 3:58:20 - Skipping line due to error: Expected 11 elements, got 12
INFO - 09/24/25 22:20:46 - 3:58:20 - Skipping line due to error: Expected 11 elements, got 10
INFO - 09/24/25 22:20:46 - 3:58:20 - Skipping line due to error: setting an array element with a sequence. The requested array has an inhomogeneous shape after 1 dimensions. The detected shape was (11,) + inhomogeneous part.
INFO - 09/24/25 22:20:46 - 3:58:20 - Skipping line due to error: Expected 11 elements, got 9
INFO - 09/24/25 22:20:46 - 3:58:20 - Skipping line due to error: setting an array element with a sequence. The requested array has an inhomogeneous shape after 1 dimensions. The detected shape was (11,) + inhomogeneous part.
INFO - 09/24/25 22:20:46 - 3:58:20 - Skipping line due to error: Expected 11 elements, got 10
INFO - 09/24/25 22:20:46 - 3:58:20 - Skipping line due to error: Expected 11 elements, got 10
INFO - 09/24/25 22:20:46 - 3:58:20 - Skipping line due to error: setting an array element with a sequence. The requested array has an inhomogeneous shape after 1 dimensions. The detected shape was (11,) + inhomogeneous part.
INFO - 09/24/25 22:20:46 - 3:58:20 - Skipping line due to error: setting an array element with a sequence. The requested array has an inhomogeneous shape after 1 dimensions. The detected shape was (11,) + inhomogeneous part.
INFO - 09/24/25 22:20:46 - 3:58:20 - Skipping line due to error: Expected 11 elements, got 1
INFO - 09/24/25 22:20:46 - 3:58:21 - Skipping line due to error: Expected 11 elements, got 8
INFO - 09/24/25 22:20:46 - 3:58:21 - Skipping line due to error: Expected 11 elements, got 9
INFO - 09/24/25 22:20:46 - 3:58:21 - Skipping line due to error: Expected 11 elements, got 12
INFO - 09/24/25 22:20:46 - 3:58:21 - Skipping line due to error: Expected 11 elements, got 9
INFO - 09/24/25 22:20:46 - 3:58:21 - Skipping line due to error: setting an array element with a sequence. The requested array has an inhomogeneous shape after 1 dimensions. The detected shape was (11,) + inhomogeneous part.
INFO - 09/24/25 22:20:46 - 3:58:21 - Skipping line due to error: Expected 11 elements, got 12
INFO - 09/24/25 22:20:46 - 3:58:21 - Skipping line due to error: Expected 11 elements, got 10
INFO - 09/24/25 22:20:46 - 3:58:21 - Skipping line due to error: setting an array element with a sequence. The requested array has an inhomogeneous shape after 1 dimensions. The detected shape was (11,) + inhomogeneous part.
INFO - 09/24/25 22:20:46 - 3:58:21 - Skipping line due to error: Expected 11 elements, got 12
INFO - 09/24/25 22:20:46 - 3:58:21 - Skipping line due to error: setting an array element with a sequence. The requested array has an inhomogeneous shape after 1 dimensions. The detected shape was (11,) + inhomogeneous part.
INFO - 09/24/25 22:20:46 - 3:58:21 - Skipping line due to error: Expected 11 elements, got 8
INFO - 09/24/25 22:20:46 - 3:58:21 - Skipping line due to error: setting an array element with a sequence. The requested array has an inhomogeneous shape after 1 dimensions. The detected shape was (11,) + inhomogeneous part.
INFO - 09/24/25 22:20:46 - 3:58:21 - Skipping line due to error: Expected 11 elements, got 9
INFO - 09/24/25 22:20:46 - 3:58:21 - Skipping line due to error: setting an array element with a sequence. The requested array has an inhomogeneous shape after 1 dimensions. The detected shape was (11,) + inhomogeneous part.
INFO - 09/24/25 22:20:46 - 3:58:21 - Skipping line due to error: Expected 11 elements, got 10
INFO - 09/24/25 22:20:46 - 3:58:21 - Skipping line due to error: setting an array element with a sequence. The requested array has an inhomogeneous shape after 1 dimensions. The detected shape was (11,) + inhomogeneous part.
INFO - 09/24/25 22:20:46 - 3:58:21 - Skipping line due to error: Expected 11 elements, got 10
INFO - 09/24/25 22:20:46 - 3:58:21 - Skipping line due to error: setting an array element with a sequence. The requested array has an inhomogeneous shape after 1 dimensions. The detected shape was (11,) + inhomogeneous part.
INFO - 09/24/25 22:20:46 - 3:58:21 - Skipping line due to error: Expected 11 elements, got 9
INFO - 09/24/25 22:20:46 - 3:58:21 - Skipping line due to error: Expected 11 elements, got 12
INFO - 09/24/25 22:20:46 - 3:58:21 - Skipping line due to error: setting an array element with a sequence. The requested array has an inhomogeneous shape after 1 dimensions. The detected shape was (11,) + inhomogeneous part.
INFO - 09/24/25 22:20:46 - 3:58:21 - Skipping line due to error: Expected 11 elements, got 9
INFO - 09/24/25 22:20:46 - 3:58:21 - Skipping line due to error: Expected 11 elements, got 13
INFO - 09/24/25 22:20:46 - 3:58:21 - Skipping line due to error: Expected 11 elements, got 10
INFO - 09/24/25 22:20:46 - 3:58:21 - Skipping line due to error: Expected 11 elements, got 14
INFO - 09/24/25 22:20:46 - 3:58:21 - Skipping line due to error: Expected 11 elements, got 9
INFO - 09/24/25 22:20:46 - 3:58:21 - Skipping line due to error: setting an array element with a sequence. The requested array has an inhomogeneous shape after 1 dimensions. The detected shape was (11,) + inhomogeneous part.
INFO - 09/24/25 22:20:46 - 3:58:21 - Skipping line due to error: Expected 11 elements, got 7
INFO - 09/24/25 22:20:46 - 3:58:21 - Skipping line due to error: Expected 11 elements, got 10
INFO - 09/24/25 22:20:51 - 3:58:26 - distribution of scores(all rounds)
INFO - 09/24/25 22:20:51 - 3:58:26 - Score:891.0, Count:1
                                     
INFO - 09/24/25 22:20:51 - 3:58:26 - Score:816.0, Count:2
                                     
INFO - 09/24/25 22:20:51 - 3:58:26 - Score:807.0, Count:1
                                     
INFO - 09/24/25 22:20:51 - 3:58:26 - Score:805.0, Count:1
                                     
INFO - 09/24/25 22:20:51 - 3:58:26 - Score:801.0, Count:1
                                     
INFO - 09/24/25 22:20:51 - 3:58:26 - Score:800.0, Count:1
                                     
INFO - 09/24/25 22:20:51 - 3:58:26 - Score:798.0, Count:3
                                     
INFO - 09/24/25 22:20:51 - 3:58:26 - Score:793.0, Count:1
                                     
INFO - 09/24/25 22:20:51 - 3:58:26 - Score:780.0, Count:1
                                     
INFO - 09/24/25 22:20:51 - 3:58:26 - Score:776.0, Count:1
                                     
INFO - 09/24/25 22:20:51 - 3:58:26 - Score:774.0, Count:1
                                     
INFO - 09/24/25 22:20:51 - 3:58:26 - Score:769.0, Count:1
                                     
INFO - 09/24/25 22:20:51 - 3:58:26 - Score:700.0, Count:0
                                     
INFO - 09/24/25 22:20:51 - 3:58:26 - tokenizing
INFO - 09/24/25 22:20:51 - 3:58:26 - Loading tokenizer from /home/yuebi/Project/dim11_run/dim11_run_23/7787/tokenizer_data/tokenizer.json...
INFO - 09/24/25 22:20:51 - 3:58:26 - 0 / 15
INFO - 09/24/25 22:20:51 - 3:58:26 - number of examples in the dataset: 15
INFO - 09/24/25 22:20:51 - 3:58:26 - max word length: 67
INFO - 09/24/25 22:20:51 - 3:58:26 - number of unique characters in the vocabulary: 15
INFO - 09/24/25 22:20:51 - 3:58:26 - vocabulary:
INFO - 09/24/25 22:20:51 - 3:58:26 - ['V0', 'V1', 'V2', 'V3', 'V4', 'V5', 'V6', 'V7', 'V8', 'V9', 'V10', 'V11', 'V12', 'V13', 'V14']
INFO - 09/24/25 22:20:51 - 3:58:26 - split up the dataset into 14 training examples and 1 test examples
INFO - 09/24/25 22:20:51 - 3:58:26 - ============ Start of generation 12 ============
INFO - 09/24/25 22:20:51 - 3:58:26 - Memory allocated:  41.64MB, reserved: 1854.00MB
INFO - 09/24/25 22:20:51 - 3:58:26 - training
INFO - 09/24/25 22:20:52 - 3:58:26 - step 0 | loss 5.9120 | step time 98.68ms
INFO - 09/24/25 22:21:01 - 3:58:35 - step 100 | loss 0.0604 | step time 92.72ms
INFO - 09/24/25 22:21:10 - 3:58:44 - step 200 | loss 0.0470 | step time 92.68ms
INFO - 09/24/25 22:21:19 - 3:58:54 - step 300 | loss 0.0448 | step time 92.58ms
INFO - 09/24/25 22:21:29 - 3:59:03 - step 400 | loss 0.0457 | step time 93.83ms
INFO - 09/24/25 22:21:38 - 3:59:12 - step 500 | loss 0.0450 | step time 92.77ms
INFO - 09/24/25 22:21:38 - 3:59:12 - step 500 train loss: 0.044672802090644836 test loss: 6.174442768096924
INFO - 09/24/25 22:21:38 - 3:59:12 - test loss 6.174442768096924 is the best so far, saving model to /home/yuebi/Project/dim11_run/dim11_run_23/7787/model.pt
INFO - 09/24/25 22:21:47 - 3:59:22 - step 600 | loss 0.0445 | step time 92.61ms
INFO - 09/24/25 22:21:56 - 3:59:31 - step 700 | loss 0.0445 | step time 92.53ms
INFO - 09/24/25 22:22:06 - 3:59:40 - step 800 | loss 0.0444 | step time 92.71ms
INFO - 09/24/25 22:22:15 - 3:59:49 - step 900 | loss 0.0457 | step time 92.82ms
INFO - 09/24/25 22:22:24 - 3:59:58 - Memory allocated:  41.64MB, reserved: 1854.00MB
INFO - 09/24/25 22:22:24 - 3:59:58 - generating
